2026-10-10 15:29:49.550 | INFO     | __main__:main:175 - Setting profiler artifacts folder to /localdev/smarton/gstt2-t469/tmp/t484/prof-s
2026-10-10 15:29:49.550 | INFO     | __main__:main:336 - Using port 8086
2026-10-10 15:29:49.550 | INFO     | tracy:run_report_setup:88 - Verifying tracy profiling tools
2026-10-10 15:29:49.554 | INFO     | tracy:run_report_setup:108 - Capture command: ('/localdev/smarton/tt-metal/build/tools/profiler/bin/capture-release -o /localdev/smarton/gstt2-t469/tmp/t484/prof-s/.logs/tracy_profile_log_host.tracy -f -p 8086',)
Connecting to 127.0.0.1:8086...2026-10-10 15:29:49.559 | INFO     | __main__:main:400 - Test process started
2026-10-10 15:29:50.147 | INFO     | __main__:main:175 - Setting profiler artifacts folder to /localdev/smarton/gstt2-t469/tmp/t484/prof-s
[eth] card p100a: worker dispatch (ETH default is p150 only)
[run] warmup (hero='hero', 1024x1024, scene=bicycle)
2026-10-10 15:29:51.760 | info     |             UMD | Creating TopologyDiscovery for architecture: blackhole (topology_discovery.cpp:75)
2026-10-10 15:29:51.760 | info     |             UMD | Starting topology discovery. (topology_discovery.cpp:92)
2026-10-10 15:29:51.763 | warning  |             UMD | Low power mode is disabled while UMD holds open file descriptors. The device will return to low power mode once all file descriptors are closed. (topology_discovery.cpp:140)
2026-10-10 15:29:51.763 | info     |             UMD | Established firmware bundle version: 19.12.0 (topology_discovery.cpp:544)
2026-10-10 15:29:51.763 | info     |             UMD | Firmware bundle version 19.12.0 on the system is newer than the latest fully tested version 19.5.0 for blackhole architecture. Newest features may not be supported. (topology_discovery.cpp:570)
2026-10-10 15:29:51.763 | info     |             UMD | Completed topology discovery. (topology_discovery.cpp:96)
2026-10-10 15:29:51.764 | info     |          Device | Opening user mode device driver (tt_cluster.cpp:225)
2026-10-10 15:29:51.765 | info     |             UMD | Cluster constructor started. (cluster.cpp:317)
2026-10-10 15:29:51.765 | info     |             UMD | Creating TopologyDiscovery for architecture: blackhole (topology_discovery.cpp:75)
2026-10-10 15:29:51.765 | info     |             UMD | Starting topology discovery. (topology_discovery.cpp:92)
2026-10-10 15:29:51.768 | warning  |             UMD | Low power mode is disabled while UMD holds open file descriptors. The device will return to low power mode once all file descriptors are closed. (topology_discovery.cpp:140)
2026-10-10 15:29:51.769 | info     |             UMD | Established firmware bundle version: 19.12.0 (topology_discovery.cpp:544)
2026-10-10 15:29:51.769 | info     |             UMD | Firmware bundle version 19.12.0 on the system is newer than the latest fully tested version 19.5.0 for blackhole architecture. Newest features may not be supported. (topology_discovery.cpp:570)
2026-10-10 15:29:51.769 | info     |             UMD | Completed topology discovery. (topology_discovery.cpp:96)
2026-10-10 15:29:51.769 | info     |             UMD | Harvesting masks for Chip 0: Tensix: 0x280 DRAM: 0x20 ETH: 0x3fff PCIe: 0x2 L2CPU: 0x0 (cluster.cpp:262)
2026-10-10 15:29:51.769 | info     |             UMD | Initializing iommu for sysmem (size: 0x40000000). (silicon_sysmem_manager.cpp:334)
2026-10-10 15:29:51.769 | info     |             UMD | Allocating sysmem for IOMMU (size: 0x40000000). (silicon_sysmem_manager.cpp:340)
2026-10-10 15:29:51.809 | info     |             UMD | Opening local chip ids/PCIe ids: {0}/[0] and remote chip ids {} (cluster.cpp:153)
2026-10-10 15:29:51.809 | info     |             UMD | IOMMU: enabled (cluster.cpp:133)
2026-10-10 15:29:51.809 | info     |             UMD | KMD version: 2.9.0 (cluster.cpp:136)
2026-10-10 15:29:51.809 | info     |             UMD | Cluster constructor completed. (cluster.cpp:409)
2026-10-10 15:29:51.809 | info     |             UMD | Starting devices in cluster (cluster.cpp:1044)
2026-10-10 15:29:51.810 | info     |             UMD | Mapped sysmem without hugepages to IOVA 0x80000000; NOC address 0x1000000000000000 (silicon_sysmem_manager.cpp:391)
2026-10-10 15:29:51.810 | info     |             UMD | Starting devices in cluster completed. (cluster.cpp:1052)
2026-10-10 15:29:52.294 | info     |     Distributed | Using auto discovery to generate mesh graph. (metal_env.cpp:332)
2026-10-10 15:29:52.294 | info     |     Distributed | Constructing control plane using auto-discovery (no mesh graph descriptor). (metal_env.cpp:394)
2026-10-10 15:29:52.294 | info     |             UMD | Creating TopologyDiscovery for architecture: blackhole (topology_discovery.cpp:75)
2026-10-10 15:29:52.294 | info     |             UMD | Starting topology discovery. (topology_discovery.cpp:92)
2026-10-10 15:29:52.295 | warning  |             UMD | Low power mode is disabled while UMD holds open file descriptors. The device will return to low power mode once all file descriptors are closed. (topology_discovery.cpp:140)
2026-10-10 15:29:52.296 | info     |             UMD | Established firmware bundle version: 19.12.0 (topology_discovery.cpp:544)
2026-10-10 15:29:52.296 | info     |             UMD | Firmware bundle version 19.12.0 on the system is newer than the latest fully tested version 19.5.0 for blackhole architecture. Newest features may not be supported. (topology_discovery.cpp:570)
2026-10-10 15:29:52.296 | info     |             UMD | Completed topology discovery. (topology_discovery.cpp:96)
2026-10-10 15:29:52.297 | warning  |          Always | Unknown motherboard 'X670E GAMING PLUS WIFI (MS-7E16)' for chip_id=0 (bus_id=0x1) — defaulting tray_id to 0. Add this motherboard and its bus IDs to mobo_to_bus_ids in physical_system_discovery.cpp. (physical_system_discovery.cpp:56)
2026-10-10 15:29:52.297 | info     |          Fabric | TopologyMapper: Logical Multi-Mesh Adjacency Map: (topology_mapper.cpp:1474)
2026-10-10 15:29:52.297 | info     |          Fabric |
=== Logical Mesh-Level Graph Adjacency Map ===
Total nodes: 1
Degree histogram: {0:1}
 (topology_solver.tpp:94)
2026-10-10 15:29:52.297 | info     |          Fabric |
=== Logical Mesh 0 Internal Graph Adjacency Map ===
Total nodes: 1
Degree histogram: {0:1}
 (topology_solver.tpp:94)
2026-10-10 15:29:52.297 | info     |          Fabric | TopologyMapper: Physical Multi-Mesh Adjacency Map: (topology_mapper.cpp:1485)
2026-10-10 15:29:52.297 | info     |          Fabric |
=== Physical Mesh-Level Graph Adjacency Map ===
Total nodes: 1
Degree histogram: {0:1}
 (topology_solver.tpp:94)
2026-10-10 15:29:52.297 | info     |          Fabric |
=== Physical Mesh 0 Internal Graph Adjacency Map ===
Total nodes: 1
Degree histogram: {0:1}
 (topology_solver.tpp:94)
2026-10-10 15:29:52.297 | info     |          Fabric | Starting multi-mesh mapping: 1 logical mesh(es) to 1 physical mesh(es) (topology_mapper_utils.cpp:1465)
2026-10-10 15:29:52.297 | info     |          Fabric | Multi-mesh mapping attempt 1/2: Trying inter-mesh mapping (topology_mapper_utils.cpp:1506)
2026-10-10 15:29:52.297 | info     |          Fabric | Attempt 1: Inter-mesh mapping succeeded, found 1 mesh pair(s) (topology_mapper_utils.cpp:1535)
2026-10-10 15:29:52.297 | info     |          Fabric | Attempt 1: Mapping 1 mesh pair(s) (topology_mapper_utils.cpp:1547)
2026-10-10 15:29:52.297 | info     |          Fabric | Attempt 1: Mapping mesh 0 -> 0 (topology_mapper_utils.cpp:1549)
2026-10-10 15:29:52.297 | info     |          Fabric | Multi-mesh mapping succeeded after 1 attempt(s): 1 mesh pair(s) mapped (topology_mapper_utils.cpp:1682)
2026-10-10 15:29:52.332 | info     |           Metal | Profiler started on device 0 (profiler_initializer.cpp:49)
2026-10-10 15:29:52.387 | info     |           Metal | ShmResourceTracker: removed stale shm '/tt_d2h_1069617_1625540808_0' (shm_resource_tracker.cpp:265)
2026-10-10 15:29:52.387 | info     |           Metal | ShmResourceTracker: removed stale manifest '/dev/shm/tt_socket_manifest_1069617' (shm_resource_tracker.cpp:275)
2026-10-10 15:29:52.387 | info     |           Metal | ShmResourceTracker: removed orphaned shm '/tt_device_198001_memory' (shm_resource_tracker.cpp:282)
2026-10-10 15:29:52.968 | info     |           Metal | [Real-time profiler] Device 0 sync complete: 100 samples, frequency=1.349982 GHz, device_time_at_sync=5226300733812 cycles (realtime_profiler_manager.cpp:1075)
[DEV] dispatch worker (worker), command queues 2, compute grid 11x10
[gsplat_tt::sort] bucket tile stride 512 pages, 7 DRAM banks
[JIT_WARMUP] ideal-path contexts compiled in 1225.0 ms
[gsplat_tt::pfwc] rec32 on: 32 B blend records, 2 per page
[TA] K2 fold=1 (enabled 1 dual 1 screen tiles 1024 speed split 1)
[SORT] ONELAUNCH early=1 why=0 (tiles 1024 row_pages 64 cores 110)
[SORT] ONELAUNCH v2 OL_PB=8 OL_RING=8 OL_WIN_PAGES=1024 OL_MAT_SELECT=0 OL_BREC_BULK=1 OL_EMIT_TOWN=1 cb_bytes/mover=567680 shared=22400
[SORT] ONELAUNCH k2_fold=1 early=1 cq1=1 (enqueued behind the K2; cores 110 row_pages 64 tiles 1024)
[SUBCHUNK] tiles_split=86 total_subchunks=1113 max_subchunks_per_tile=3 payload_pages=45770
[SORT] stage=ONELAUNCH P=2895629 P_kept=2895629 num_tiles=1024 max_tile_n=22979 onelaunch=0.21 layout=0.05 pub_host=0.15 total=0.44ms
OUT_RING new pinned slot (slots=1 grows=0 replaced=0)
MATBLEND_PROGRAM fz=1 zerocopy=1 pinned=1 frame=0
2026-10-10 15:29:54.316 | info     |           Metal | Device kernel duration perf summary (device=0): count=1, min=65789153ns, avg=65789153.0ns, max=65789153ns (profiler_analysis.cpp:645)
2026-10-10 15:29:54.316 | info     |           Metal | Device kernel duration perf histogram (device=0): (buckets=10, bucket_size=100ns, range=[65789100..65790100), underflow(<65789100ns)=0, overflow(>=65790100ns)=0) (profiler_analysis.cpp:682)
2026-10-10 15:29:54.316 | info     |           Metal |   [    65789100 ..     65789200) |########################################|        1 (profiler_analysis.cpp:700)
2026-10-10 15:29:54.316 | info     |           Metal |   [    65789200 ..     65789300) |                                        |        0 (profiler_analysis.cpp:700)
2026-10-10 15:29:54.316 | info     |           Metal |   [    65789300 ..     65789400) |                                        |        0 (profiler_analysis.cpp:700)
2026-10-10 15:29:54.316 | info     |           Metal |   [    65789400 ..     65789500) |                                        |        0 (profiler_analysis.cpp:700)
2026-10-10 15:29:54.316 | info     |           Metal |   [    65789500 ..     65789600) |                                        |        0 (profiler_analysis.cpp:700)
2026-10-10 15:29:54.316 | info     |           Metal |   [    65789600 ..     65789700) |                                        |        0 (profiler_analysis.cpp:700)
2026-10-10 15:29:54.316 | info     |           Metal |   [    65789700 ..     65789800) |                                        |        0 (profiler_analysis.cpp:700)
2026-10-10 15:29:54.316 | info     |           Metal |   [    65789800 ..     65789900) |                                        |        0 (profiler_analysis.cpp:700)
2026-10-10 15:29:54.316 | info     |           Metal |   [    65789900 ..     65790000) |                                        |        0 (profiler_analysis.cpp:700)
2026-10-10 15:29:54.316 | info     |           Metal |   [    65790000 ..     65790100) |                                        |        0 (profiler_analysis.cpp:700)
[run] timing 30 views (warmup excluded)
[SUBCHUNK] tiles_split=86 total_subchunks=1113 max_subchunks_per_tile=3 payload_pages=45770
[SORT] stage=ONELAUNCH P=2895629 P_kept=2895629 num_tiles=1024 max_tile_n=22979 onelaunch=0.58 layout=0.04 pub_host=0.15 total=0.78ms
OUT_RING new pinned slot (slots=2 grows=1 replaced=0)
2026-10-10 15:29:54.351 | info     |           Metal | Device kernel duration perf summary (device=0): count=1, min=11817267ns, avg=11817267.0ns, max=11817267ns (profiler_analysis.cpp:645)
2026-10-10 15:29:54.351 | info     |           Metal | Device kernel duration perf histogram (device=0): (buckets=10, bucket_size=100ns, range=[11817200..11818200), underflow(<11817200ns)=0, overflow(>=11818200ns)=0) (profiler_analysis.cpp:682)
2026-10-10 15:29:54.351 | info     |           Metal |   [    11817200 ..     11817300) |########################################|        1 (profiler_analysis.cpp:700)
2026-10-10 15:29:54.351 | info     |           Metal |   [    11817300 ..     11817400) |                                        |        0 (profiler_analysis.cpp:700)
2026-10-10 15:29:54.351 | info     |           Metal |   [    11817400 ..     11817500) |                                        |        0 (profiler_analysis.cpp:700)
2026-10-10 15:29:54.351 | info     |           Metal |   [    11817500 ..     11817600) |                                        |        0 (profiler_analysis.cpp:700)
2026-10-10 15:29:54.351 | info     |           Metal |   [    11817600 ..     11817700) |                                        |        0 (profiler_analysis.cpp:700)
2026-10-10 15:29:54.351 | info     |           Metal |   [    11817700 ..     11817800) |                                        |        0 (profiler_analysis.cpp:700)
2026-10-10 15:29:54.351 | info     |           Metal |   [    11817800 ..     11817900) |                                        |        0 (profiler_analysis.cpp:700)
2026-10-10 15:29:54.351 | info     |           Metal |   [    11817900 ..     11818000) |                                        |        0 (profiler_analysis.cpp:700)
2026-10-10 15:29:54.351 | info     |           Metal |   [    11818000 ..     11818100) |                                        |        0 (profiler_analysis.cpp:700)
2026-10-10 15:29:54.351 | info     |           Metal |   [    11818100 ..     11818200) |                                        |        0 (profiler_analysis.cpp:700)
[SUBCHUNK] tiles_split=64 total_subchunks=1090 max_subchunks_per_tile=3 payload_pages=33181
[SORT] stage=ONELAUNCH P=2090575 P_kept=2090575 num_tiles=1024 max_tile_n=19171 onelaunch=0.20 layout=0.05 pub_host=0.15 total=0.40ms
OUT_RING new pinned slot (slots=3 grows=2 replaced=0)
2026-10-10 15:29:54.383 | info     |           Metal | Device kernel duration perf summary (device=0): count=1, min=8088110ns, avg=8088110.0ns, max=8088110ns (profiler_analysis.cpp:645)
2026-10-10 15:29:54.383 | info     |           Metal | Device kernel duration perf histogram (device=0): (buckets=10, bucket_size=100ns, range=[8088100..8089100), underflow(<8088100ns)=0, overflow(>=8089100ns)=0) (profiler_analysis.cpp:682)
2026-10-10 15:29:54.383 | info     |           Metal |   [     8088100 ..      8088200) |########################################|        1 (profiler_analysis.cpp:700)
2026-10-10 15:29:54.383 | info     |           Metal |   [     8088200 ..      8088300) |                                        |        0 (profiler_analysis.cpp:700)
2026-10-10 15:29:54.383 | info     |           Metal |   [     8088300 ..      8088400) |                                        |        0 (profiler_analysis.cpp:700)
2026-10-10 15:29:54.383 | info     |           Metal |   [     8088400 ..      8088500) |                                        |        0 (profiler_analysis.cpp:700)
2026-10-10 15:29:54.383 | info     |           Metal |   [     8088500 ..      8088600) |                                        |        0 (profiler_analysis.cpp:700)
2026-10-10 15:29:54.383 | info     |           Metal |   [     8088600 ..      8088700) |                                        |        0 (profiler_analysis.cpp:700)
2026-10-10 15:29:54.383 | info     |           Metal |   [     8088700 ..      8088800) |                                        |        0 (profiler_analysis.cpp:700)
2026-10-10 15:29:54.383 | info     |           Metal |   [     8088800 ..      8088900) |                                        |        0 (profiler_analysis.cpp:700)
2026-10-10 15:29:54.383 | info     |           Metal |   [     8088900 ..      8089000) |                                        |        0 (profiler_analysis.cpp:700)
2026-10-10 15:29:54.383 | info     |           Metal |   [     8089000 ..      8089100) |                                        |        0 (profiler_analysis.cpp:700)
[SUBCHUNK] tiles_split=63 total_subchunks=1090 max_subchunks_per_tile=3 payload_pages=34324
[SORT] stage=ONELAUNCH P=2164042 P_kept=2164042 num_tiles=1024 max_tile_n=18956 onelaunch=0.59 layout=0.05 pub_host=0.15 total=0.79ms
OUT_RING new pinned slot (slots=4 grows=3 replaced=0)
2026-10-10 15:29:54.412 | info     |           Metal | Device kernel duration perf summary (device=0): count=1, min=8373141ns, avg=8373141.0ns, max=8373141ns (profiler_analysis.cpp:645)
2026-10-10 15:29:54.412 | info     |           Metal | Device kernel duration perf histogram (device=0): (buckets=10, bucket_size=100ns, range=[8373100..8374100), underflow(<8373100ns)=0, overflow(>=8374100ns)=0) (profiler_analysis.cpp:682)
2026-10-10 15:29:54.412 | info     |           Metal |   [     8373100 ..      8373200) |########################################|        1 (profiler_analysis.cpp:700)
2026-10-10 15:29:54.412 | info     |           Metal |   [     8373200 ..      8373300) |                                        |        0 (profiler_analysis.cpp:700)
2026-10-10 15:29:54.412 | info     |           Metal |   [     8373300 ..      8373400) |                                        |        0 (profiler_analysis.cpp:700)
2026-10-10 15:29:54.412 | info     |           Metal |   [     8373400 ..      8373500) |                                        |        0 (profiler_analysis.cpp:700)
2026-10-10 15:29:54.412 | info     |           Metal |   [     8373500 ..      8373600) |                                        |        0 (profiler_analysis.cpp:700)
2026-10-10 15:29:54.412 | info     |           Metal |   [     8373600 ..      8373700) |                                        |        0 (profiler_analysis.cpp:700)
2026-10-10 15:29:54.412 | info     |           Metal |   [     8373700 ..      8373800) |                                        |        0 (profiler_analysis.cpp:700)
2026-10-10 15:29:54.412 | info     |           Metal |   [     8373800 ..      8373900) |                                        |        0 (profiler_analysis.cpp:700)
2026-10-10 15:29:54.412 | info     |           Metal |   [     8373900 ..      8374000) |                                        |        0 (profiler_analysis.cpp:700)
2026-10-10 15:29:54.412 | info     |           Metal |   [     8374000 ..      8374100) |                                        |        0 (profiler_analysis.cpp:700)
[SUBCHUNK] tiles_split=66 total_subchunks=1093 max_subchunks_per_tile=3 payload_pages=35760
[SORT] stage=ONELAUNCH P=2255766 P_kept=2255766 num_tiles=1024 max_tile_n=18906 onelaunch=0.62 layout=0.05 pub_host=0.14 total=0.81ms
OUT_RING new pinned slot (slots=4 grows=4 replaced=0)
2026-10-10 15:29:54.440 | info     |           Metal | Device kernel duration perf summary (device=0): count=1, min=8603187ns, avg=8603187.0ns, max=8603187ns (profiler_analysis.cpp:645)
2026-10-10 15:29:54.440 | info     |           Metal | Device kernel duration perf histogram (device=0): (buckets=10, bucket_size=100ns, range=[8603100..8604100), underflow(<8603100ns)=0, overflow(>=8604100ns)=0) (profiler_analysis.cpp:682)
2026-10-10 15:29:54.440 | info     |           Metal |   [     8603100 ..      8603200) |########################################|        1 (profiler_analysis.cpp:700)
2026-10-10 15:29:54.440 | info     |           Metal |   [     8603200 ..      8603300) |                                        |        0 (profiler_analysis.cpp:700)
2026-10-10 15:29:54.440 | info     |           Metal |   [     8603300 ..      8603400) |                                        |        0 (profiler_analysis.cpp:700)
2026-10-10 15:29:54.440 | info     |           Metal |   [     8603400 ..      8603500) |                                        |        0 (profiler_analysis.cpp:700)
2026-10-10 15:29:54.440 | info     |           Metal |   [     8603500 ..      8603600) |                                        |        0 (profiler_analysis.cpp:700)
2026-10-10 15:29:54.440 | info     |           Metal |   [     8603600 ..      8603700) |                                        |        0 (profiler_analysis.cpp:700)
2026-10-10 15:29:54.440 | info     |           Metal |   [     8603700 ..      8603800) |                                        |        0 (profiler_analysis.cpp:700)
2026-10-10 15:29:54.440 | info     |           Metal |   [     8603800 ..      8603900) |                                        |        0 (profiler_analysis.cpp:700)
2026-10-10 15:29:54.440 | info     |           Metal |   [     8603900 ..      8604000) |                                        |        0 (profiler_analysis.cpp:700)
2026-10-10 15:29:54.440 | info     |           Metal |   [     8604000 ..      8604100) |                                        |        0 (profiler_analysis.cpp:700)
[SUBCHUNK] tiles_split=62 total_subchunks=1090 max_subchunks_per_tile=3 payload_pages=37612
[SORT] stage=ONELAUNCH P=2374790 P_kept=2374790 num_tiles=1024 max_tile_n=17834 onelaunch=0.64 layout=0.04 pub_host=0.15 total=0.84ms
OUT_RING new pinned slot (slots=4 grows=4 replaced=1)
2026-10-10 15:29:54.470 | info     |           Metal | Device kernel duration perf summary (device=0): count=1, min=8878623ns, avg=8878623.0ns, max=8878623ns (profiler_analysis.cpp:645)
2026-10-10 15:29:54.470 | info     |           Metal | Device kernel duration perf histogram (device=0): (buckets=10, bucket_size=100ns, range=[8878600..8879600), underflow(<8878600ns)=0, overflow(>=8879600ns)=0) (profiler_analysis.cpp:682)
2026-10-10 15:29:54.470 | info     |           Metal |   [     8878600 ..      8878700) |########################################|        1 (profiler_analysis.cpp:700)
2026-10-10 15:29:54.470 | info     |           Metal |   [     8878700 ..      8878800) |                                        |        0 (profiler_analysis.cpp:700)
2026-10-10 15:29:54.470 | info     |           Metal |   [     8878800 ..      8878900) |                                        |        0 (profiler_analysis.cpp:700)
2026-10-10 15:29:54.470 | info     |           Metal |   [     8878900 ..      8879000) |                                        |        0 (profiler_analysis.cpp:700)
2026-10-10 15:29:54.470 | info     |           Metal |   [     8879000 ..      8879100) |                                        |        0 (profiler_analysis.cpp:700)
2026-10-10 15:29:54.470 | info     |           Metal |   [     8879100 ..      8879200) |                                        |        0 (profiler_analysis.cpp:700)
2026-10-10 15:29:54.470 | info     |           Metal |   [     8879200 ..      8879300) |                                        |        0 (profiler_analysis.cpp:700)
2026-10-10 15:29:54.470 | info     |           Metal |   [     8879300 ..      8879400) |                                        |        0 (profiler_analysis.cpp:700)
2026-10-10 15:29:54.470 | info     |           Metal |   [     8879400 ..      8879500) |                                        |        0 (profiler_analysis.cpp:700)
2026-10-10 15:29:54.470 | info     |           Metal |   [     8879500 ..      8879600) |                                        |        0 (profiler_analysis.cpp:700)
[SUBCHUNK] tiles_split=68 total_subchunks=1096 max_subchunks_per_tile=3 payload_pages=39937
[SORT] stage=ONELAUNCH P=2523377 P_kept=2523377 num_tiles=1024 max_tile_n=20034 onelaunch=0.60 layout=0.05 pub_host=0.15 total=0.80ms
OUT_RING new pinned slot (slots=4 grows=4 replaced=2)
2026-10-10 15:29:54.500 | info     |           Metal | Device kernel duration perf summary (device=0): count=1, min=9226459ns, avg=9226459.0ns, max=9226459ns (profiler_analysis.cpp:645)
2026-10-10 15:29:54.500 | info     |           Metal | Device kernel duration perf histogram (device=0): (buckets=10, bucket_size=100ns, range=[9226400..9227400), underflow(<9226400ns)=0, overflow(>=9227400ns)=0) (profiler_analysis.cpp:682)
2026-10-10 15:29:54.500 | info     |           Metal |   [     9226400 ..      9226500) |########################################|        1 (profiler_analysis.cpp:700)
2026-10-10 15:29:54.500 | info     |           Metal |   [     9226500 ..      9226600) |                                        |        0 (profiler_analysis.cpp:700)
2026-10-10 15:29:54.500 | info     |           Metal |   [     9226600 ..      9226700) |                                        |        0 (profiler_analysis.cpp:700)
2026-10-10 15:29:54.500 | info     |           Metal |   [     9226700 ..      9226800) |                                        |        0 (profiler_analysis.cpp:700)
2026-10-10 15:29:54.500 | info     |           Metal |   [     9226800 ..      9226900) |                                        |        0 (profiler_analysis.cpp:700)
2026-10-10 15:29:54.500 | info     |           Metal |   [     9226900 ..      9227000) |                                        |        0 (profiler_analysis.cpp:700)
2026-10-10 15:29:54.500 | info     |           Metal |   [     9227000 ..      9227100) |                                        |        0 (profiler_analysis.cpp:700)
2026-10-10 15:29:54.500 | info     |           Metal |   [     9227100 ..      9227200) |                                        |        0 (profiler_analysis.cpp:700)
2026-10-10 15:29:54.500 | info     |           Metal |   [     9227200 ..      9227300) |                                        |        0 (profiler_analysis.cpp:700)
2026-10-10 15:29:54.500 | info     |           Metal |   [     9227300 ..      9227400) |                                        |        0 (profiler_analysis.cpp:700)
[SUBCHUNK] tiles_split=70 total_subchunks=1097 max_subchunks_per_tile=3 payload_pages=43036
[SORT] stage=ONELAUNCH P=2722282 P_kept=2722282 num_tiles=1024 max_tile_n=22369 onelaunch=0.60 layout=0.04 pub_host=0.15 total=0.79ms
OUT_RING new pinned slot (slots=4 grows=4 replaced=3)
2026-10-10 15:29:54.530 | info     |           Metal | Device kernel duration perf summary (device=0): count=1, min=9689556ns, avg=9689556.0ns, max=9689556ns (profiler_analysis.cpp:645)
2026-10-10 15:29:54.530 | info     |           Metal | Device kernel duration perf histogram (device=0): (buckets=10, bucket_size=100ns, range=[9689500..9690500), underflow(<9689500ns)=0, overflow(>=9690500ns)=0) (profiler_analysis.cpp:682)
2026-10-10 15:29:54.530 | info     |           Metal |   [     9689500 ..      9689600) |########################################|        1 (profiler_analysis.cpp:700)
2026-10-10 15:29:54.530 | info     |           Metal |   [     9689600 ..      9689700) |                                        |        0 (profiler_analysis.cpp:700)
2026-10-10 15:29:54.530 | info     |           Metal |   [     9689700 ..      9689800) |                                        |        0 (profiler_analysis.cpp:700)
2026-10-10 15:29:54.530 | info     |           Metal |   [     9689800 ..      9689900) |                                        |        0 (profiler_analysis.cpp:700)
2026-10-10 15:29:54.530 | info     |           Metal |   [     9689900 ..      9690000) |                                        |        0 (profiler_analysis.cpp:700)
2026-10-10 15:29:54.530 | info     |           Metal |   [     9690000 ..      9690100) |                                        |        0 (profiler_analysis.cpp:700)
2026-10-10 15:29:54.530 | info     |           Metal |   [     9690100 ..      9690200) |                                        |        0 (profiler_analysis.cpp:700)
2026-10-10 15:29:54.530 | info     |           Metal |   [     9690200 ..      9690300) |                                        |        0 (profiler_analysis.cpp:700)
2026-10-10 15:29:54.530 | info     |           Metal |   [     9690300 ..      9690400) |                                        |        0 (profiler_analysis.cpp:700)
2026-10-10 15:29:54.530 | info     |           Metal |   [     9690400 ..      9690500) |                                        |        0 (profiler_analysis.cpp:700)
[SUBCHUNK] tiles_split=75 total_subchunks=1104 max_subchunks_per_tile=3 payload_pages=45752
[SORT] stage=ONELAUNCH P=2895762 P_kept=2895762 num_tiles=1024 max_tile_n=21267 onelaunch=0.66 layout=0.04 pub_host=0.15 total=0.85ms
OUT_RING new pinned slot (slots=4 grows=4 replaced=4)
2026-10-10 15:29:54.560 | info     |           Metal | Device kernel duration perf summary (device=0): count=1, min=10244336ns, avg=10244336.0ns, max=10244336ns (profiler_analysis.cpp:645)
2026-10-10 15:29:54.560 | info     |           Metal | Device kernel duration perf histogram (device=0): (buckets=10, bucket_size=100ns, range=[10244300..10245300), underflow(<10244300ns)=0, overflow(>=10245300ns)=0) (profiler_analysis.cpp:682)
2026-10-10 15:29:54.560 | info     |           Metal |   [    10244300 ..     10244400) |########################################|        1 (profiler_analysis.cpp:700)
2026-10-10 15:29:54.560 | info     |           Metal |   [    10244400 ..     10244500) |                                        |        0 (profiler_analysis.cpp:700)
2026-10-10 15:29:54.560 | info     |           Metal |   [    10244500 ..     10244600) |                                        |        0 (profiler_analysis.cpp:700)
2026-10-10 15:29:54.560 | info     |           Metal |   [    10244600 ..     10244700) |                                        |        0 (profiler_analysis.cpp:700)
2026-10-10 15:29:54.560 | info     |           Metal |   [    10244700 ..     10244800) |                                        |        0 (profiler_analysis.cpp:700)
2026-10-10 15:29:54.560 | info     |           Metal |   [    10244800 ..     10244900) |                                        |        0 (profiler_analysis.cpp:700)
2026-10-10 15:29:54.560 | info     |           Metal |   [    10244900 ..     10245000) |                                        |        0 (profiler_analysis.cpp:700)
2026-10-10 15:29:54.560 | info     |           Metal |   [    10245000 ..     10245100) |                                        |        0 (profiler_analysis.cpp:700)
2026-10-10 15:29:54.560 | info     |           Metal |   [    10245100 ..     10245200) |                                        |        0 (profiler_analysis.cpp:700)
2026-10-10 15:29:54.560 | info     |           Metal |   [    10245200 ..     10245300) |                                        |        0 (profiler_analysis.cpp:700)
[SUBCHUNK] tiles_split=81 total_subchunks=1109 max_subchunks_per_tile=3 payload_pages=48611
[SORT] stage=ONELAUNCH P=3078956 P_kept=3078956 num_tiles=1024 max_tile_n=21032 onelaunch=0.62 layout=0.05 pub_host=0.15 total=0.83ms
OUT_RING new pinned slot (slots=4 grows=4 replaced=5)
2026-10-10 15:29:54.592 | info     |           Metal | Device kernel duration perf summary (device=0): count=1, min=10730347ns, avg=10730347.0ns, max=10730347ns (profiler_analysis.cpp:645)
2026-10-10 15:29:54.592 | info     |           Metal | Device kernel duration perf histogram (device=0): (buckets=10, bucket_size=100ns, range=[10730300..10731300), underflow(<10730300ns)=0, overflow(>=10731300ns)=0) (profiler_analysis.cpp:682)
2026-10-10 15:29:54.592 | info     |           Metal |   [    10730300 ..     10730400) |########################################|        1 (profiler_analysis.cpp:700)
2026-10-10 15:29:54.592 | info     |           Metal |   [    10730400 ..     10730500) |                                        |        0 (profiler_analysis.cpp:700)
2026-10-10 15:29:54.592 | info     |           Metal |   [    10730500 ..     10730600) |                                        |        0 (profiler_analysis.cpp:700)
2026-10-10 15:29:54.592 | info     |           Metal |   [    10730600 ..     10730700) |                                        |        0 (profiler_analysis.cpp:700)
2026-10-10 15:29:54.592 | info     |           Metal |   [    10730700 ..     10730800) |                                        |        0 (profiler_analysis.cpp:700)
2026-10-10 15:29:54.592 | info     |           Metal |   [    10730800 ..     10730900) |                                        |        0 (profiler_analysis.cpp:700)
2026-10-10 15:29:54.592 | info     |           Metal |   [    10730900 ..     10731000) |                                        |        0 (profiler_analysis.cpp:700)
2026-10-10 15:29:54.592 | info     |           Metal |   [    10731000 ..     10731100) |                                        |        0 (profiler_analysis.cpp:700)
2026-10-10 15:29:54.592 | info     |           Metal |   [    10731100 ..     10731200) |                                        |        0 (profiler_analysis.cpp:700)
2026-10-10 15:29:54.592 | info     |           Metal |   [    10731200 ..     10731300) |                                        |        0 (profiler_analysis.cpp:700)
[SUBCHUNK] tiles_split=85 total_subchunks=1114 max_subchunks_per_tile=3 payload_pages=49703
[SORT] stage=ONELAUNCH P=3149841 P_kept=3149841 num_tiles=1024 max_tile_n=19047 onelaunch=0.63 layout=0.05 pub_host=0.16 total=0.84ms
OUT_RING new pinned slot (slots=4 grows=4 replaced=6)
2026-10-10 15:29:54.624 | info     |           Metal | Device kernel duration perf summary (device=0): count=1, min=10933838ns, avg=10933838.0ns, max=10933838ns (profiler_analysis.cpp:645)
2026-10-10 15:29:54.624 | info     |           Metal | Device kernel duration perf histogram (device=0): (buckets=10, bucket_size=100ns, range=[10933800..10934800), underflow(<10933800ns)=0, overflow(>=10934800ns)=0) (profiler_analysis.cpp:682)
2026-10-10 15:29:54.624 | info     |           Metal |   [    10933800 ..     10933900) |########################################|        1 (profiler_analysis.cpp:700)
2026-10-10 15:29:54.624 | info     |           Metal |   [    10933900 ..     10934000) |                                        |        0 (profiler_analysis.cpp:700)
2026-10-10 15:29:54.624 | info     |           Metal |   [    10934000 ..     10934100) |                                        |        0 (profiler_analysis.cpp:700)
2026-10-10 15:29:54.624 | info     |           Metal |   [    10934100 ..     10934200) |                                        |        0 (profiler_analysis.cpp:700)
2026-10-10 15:29:54.624 | info     |           Metal |   [    10934200 ..     10934300) |                                        |        0 (profiler_analysis.cpp:700)
2026-10-10 15:29:54.624 | info     |           Metal |   [    10934300 ..     10934400) |                                        |        0 (profiler_analysis.cpp:700)
2026-10-10 15:29:54.624 | info     |           Metal |   [    10934400 ..     10934500) |                                        |        0 (profiler_analysis.cpp:700)
2026-10-10 15:29:54.624 | info     |           Metal |   [    10934500 ..     10934600) |                                        |        0 (profiler_analysis.cpp:700)
2026-10-10 15:29:54.624 | info     |           Metal |   [    10934600 ..     10934700) |                                        |        0 (profiler_analysis.cpp:700)
2026-10-10 15:29:54.624 | info     |           Metal |   [    10934700 ..     10934800) |                                        |        0 (profiler_analysis.cpp:700)
[SUBCHUNK] tiles_split=84 total_subchunks=1113 max_subchunks_per_tile=3 payload_pages=50216
[SORT] stage=ONELAUNCH P=3181780 P_kept=3181780 num_tiles=1024 max_tile_n=19358 onelaunch=0.64 layout=0.05 pub_host=0.16 total=0.84ms
OUT_RING new pinned slot (slots=4 grows=4 replaced=7)
2026-10-10 15:29:54.655 | info     |           Metal | Device kernel duration perf summary (device=0): count=1, min=10981753ns, avg=10981753.0ns, max=10981753ns (profiler_analysis.cpp:645)
2026-10-10 15:29:54.655 | info     |           Metal | Device kernel duration perf histogram (device=0): (buckets=10, bucket_size=100ns, range=[10981700..10982700), underflow(<10981700ns)=0, overflow(>=10982700ns)=0) (profiler_analysis.cpp:682)
2026-10-10 15:29:54.655 | info     |           Metal |   [    10981700 ..     10981800) |########################################|        1 (profiler_analysis.cpp:700)
2026-10-10 15:29:54.655 | info     |           Metal |   [    10981800 ..     10981900) |                                        |        0 (profiler_analysis.cpp:700)
2026-10-10 15:29:54.655 | info     |           Metal |   [    10981900 ..     10982000) |                                        |        0 (profiler_analysis.cpp:700)
2026-10-10 15:29:54.655 | info     |           Metal |   [    10982000 ..     10982100) |                                        |        0 (profiler_analysis.cpp:700)
2026-10-10 15:29:54.655 | info     |           Metal |   [    10982100 ..     10982200) |                                        |        0 (profiler_analysis.cpp:700)
2026-10-10 15:29:54.655 | info     |           Metal |   [    10982200 ..     10982300) |                                        |        0 (profiler_analysis.cpp:700)
2026-10-10 15:29:54.655 | info     |           Metal |   [    10982300 ..     10982400) |                                        |        0 (profiler_analysis.cpp:700)
2026-10-10 15:29:54.655 | info     |           Metal |   [    10982400 ..     10982500) |                                        |        0 (profiler_analysis.cpp:700)
2026-10-10 15:29:54.655 | info     |           Metal |   [    10982500 ..     10982600) |                                        |        0 (profiler_analysis.cpp:700)
2026-10-10 15:29:54.655 | info     |           Metal |   [    10982600 ..     10982700) |                                        |        0 (profiler_analysis.cpp:700)
[SUBCHUNK] tiles_split=81 total_subchunks=1109 max_subchunks_per_tile=3 payload_pages=50327
[SORT] stage=ONELAUNCH P=3188467 P_kept=3188467 num_tiles=1024 max_tile_n=19519 onelaunch=0.63 layout=0.05 pub_host=0.16 total=0.84ms
OUT_RING new pinned slot (slots=4 grows=4 replaced=8)
2026-10-10 15:29:54.687 | info     |           Metal | Device kernel duration perf summary (device=0): count=1, min=10931419ns, avg=10931419.0ns, max=10931419ns (profiler_analysis.cpp:645)
2026-10-10 15:29:54.687 | info     |           Metal | Device kernel duration perf histogram (device=0): (buckets=10, bucket_size=100ns, range=[10931400..10932400), underflow(<10931400ns)=0, overflow(>=10932400ns)=0) (profiler_analysis.cpp:682)
2026-10-10 15:29:54.687 | info     |           Metal |   [    10931400 ..     10931500) |########################################|        1 (profiler_analysis.cpp:700)
2026-10-10 15:29:54.687 | info     |           Metal |   [    10931500 ..     10931600) |                                        |        0 (profiler_analysis.cpp:700)
2026-10-10 15:29:54.687 | info     |           Metal |   [    10931600 ..     10931700) |                                        |        0 (profiler_analysis.cpp:700)
2026-10-10 15:29:54.687 | info     |           Metal |   [    10931700 ..     10931800) |                                        |        0 (profiler_analysis.cpp:700)
2026-10-10 15:29:54.687 | info     |           Metal |   [    10931800 ..     10931900) |                                        |        0 (profiler_analysis.cpp:700)
2026-10-10 15:29:54.687 | info     |           Metal |   [    10931900 ..     10932000) |                                        |        0 (profiler_analysis.cpp:700)
2026-10-10 15:29:54.687 | info     |           Metal |   [    10932000 ..     10932100) |                                        |        0 (profiler_analysis.cpp:700)
2026-10-10 15:29:54.687 | info     |           Metal |   [    10932100 ..     10932200) |                                        |        0 (profiler_analysis.cpp:700)
2026-10-10 15:29:54.687 | info     |           Metal |   [    10932200 ..     10932300) |                                        |        0 (profiler_analysis.cpp:700)
2026-10-10 15:29:54.687 | info     |           Metal |   [    10932300 ..     10932400) |                                        |        0 (profiler_analysis.cpp:700)
[SUBCHUNK] tiles_split=82 total_subchunks=1111 max_subchunks_per_tile=3 payload_pages=49049
[SORT] stage=ONELAUNCH P=3106694 P_kept=3106694 num_tiles=1024 max_tile_n=20025 onelaunch=0.57 layout=0.04 pub_host=0.15 total=0.77ms
OUT_RING new pinned slot (slots=4 grows=4 replaced=9)
2026-10-10 15:29:54.718 | info     |           Metal | Device kernel duration perf summary (device=0): count=1, min=10745916ns, avg=10745916.0ns, max=10745916ns (profiler_analysis.cpp:645)
2026-10-10 15:29:54.718 | info     |           Metal | Device kernel duration perf histogram (device=0): (buckets=10, bucket_size=100ns, range=[10745900..10746900), underflow(<10745900ns)=0, overflow(>=10746900ns)=0) (profiler_analysis.cpp:682)
2026-10-10 15:29:54.718 | info     |           Metal |   [    10745900 ..     10746000) |########################################|        1 (profiler_analysis.cpp:700)
2026-10-10 15:29:54.718 | info     |           Metal |   [    10746000 ..     10746100) |                                        |        0 (profiler_analysis.cpp:700)
2026-10-10 15:29:54.718 | info     |           Metal |   [    10746100 ..     10746200) |                                        |        0 (profiler_analysis.cpp:700)
2026-10-10 15:29:54.718 | info     |           Metal |   [    10746200 ..     10746300) |                                        |        0 (profiler_analysis.cpp:700)
2026-10-10 15:29:54.718 | info     |           Metal |   [    10746300 ..     10746400) |                                        |        0 (profiler_analysis.cpp:700)
2026-10-10 15:29:54.718 | info     |           Metal |   [    10746400 ..     10746500) |                                        |        0 (profiler_analysis.cpp:700)
2026-10-10 15:29:54.718 | info     |           Metal |   [    10746500 ..     10746600) |                                        |        0 (profiler_analysis.cpp:700)
2026-10-10 15:29:54.718 | info     |           Metal |   [    10746600 ..     10746700) |                                        |        0 (profiler_analysis.cpp:700)
2026-10-10 15:29:54.718 | info     |           Metal |   [    10746700 ..     10746800) |                                        |        0 (profiler_analysis.cpp:700)
2026-10-10 15:29:54.718 | info     |           Metal |   [    10746800 ..     10746900) |                                        |        0 (profiler_analysis.cpp:700)
[SUBCHUNK] tiles_split=81 total_subchunks=1108 max_subchunks_per_tile=3 payload_pages=47132
[SORT] stage=ONELAUNCH P=2984152 P_kept=2984152 num_tiles=1024 max_tile_n=20390 onelaunch=0.62 layout=0.05 pub_host=0.15 total=0.81ms
OUT_RING new pinned slot (slots=4 grows=4 replaced=10)
2026-10-10 15:29:54.749 | info     |           Metal | Device kernel duration perf summary (device=0): count=1, min=10359616ns, avg=10359616.0ns, max=10359616ns (profiler_analysis.cpp:645)
2026-10-10 15:29:54.749 | info     |           Metal | Device kernel duration perf histogram (device=0): (buckets=10, bucket_size=100ns, range=[10359600..10360600), underflow(<10359600ns)=0, overflow(>=10360600ns)=0) (profiler_analysis.cpp:682)
2026-10-10 15:29:54.749 | info     |           Metal |   [    10359600 ..     10359700) |########################################|        1 (profiler_analysis.cpp:700)
2026-10-10 15:29:54.749 | info     |           Metal |   [    10359700 ..     10359800) |                                        |        0 (profiler_analysis.cpp:700)
2026-10-10 15:29:54.749 | info     |           Metal |   [    10359800 ..     10359900) |                                        |        0 (profiler_analysis.cpp:700)
2026-10-10 15:29:54.749 | info     |           Metal |   [    10359900 ..     10360000) |                                        |        0 (profiler_analysis.cpp:700)
2026-10-10 15:29:54.749 | info     |           Metal |   [    10360000 ..     10360100) |                                        |        0 (profiler_analysis.cpp:700)
2026-10-10 15:29:54.749 | info     |           Metal |   [    10360100 ..     10360200) |                                        |        0 (profiler_analysis.cpp:700)
2026-10-10 15:29:54.749 | info     |           Metal |   [    10360200 ..     10360300) |                                        |        0 (profiler_analysis.cpp:700)
2026-10-10 15:29:54.749 | info     |           Metal |   [    10360300 ..     10360400) |                                        |        0 (profiler_analysis.cpp:700)
2026-10-10 15:29:54.749 | info     |           Metal |   [    10360400 ..     10360500) |                                        |        0 (profiler_analysis.cpp:700)
2026-10-10 15:29:54.749 | info     |           Metal |   [    10360500 ..     10360600) |                                        |        0 (profiler_analysis.cpp:700)
[SUBCHUNK] tiles_split=79 total_subchunks=1106 max_subchunks_per_tile=3 payload_pages=45617
[SORT] stage=ONELAUNCH P=2887843 P_kept=2887843 num_tiles=1024 max_tile_n=20927 onelaunch=0.59 layout=0.05 pub_host=0.15 total=0.79ms
OUT_RING new pinned slot (slots=4 grows=4 replaced=11)
2026-10-10 15:29:54.780 | info     |           Metal | Device kernel duration perf summary (device=0): count=1, min=10128616ns, avg=10128616.0ns, max=10128616ns (profiler_analysis.cpp:645)
2026-10-10 15:29:54.780 | info     |           Metal | Device kernel duration perf histogram (device=0): (buckets=10, bucket_size=100ns, range=[10128600..10129600), underflow(<10128600ns)=0, overflow(>=10129600ns)=0) (profiler_analysis.cpp:682)
2026-10-10 15:29:54.780 | info     |           Metal |   [    10128600 ..     10128700) |########################################|        1 (profiler_analysis.cpp:700)
2026-10-10 15:29:54.780 | info     |           Metal |   [    10128700 ..     10128800) |                                        |        0 (profiler_analysis.cpp:700)
2026-10-10 15:29:54.780 | info     |           Metal |   [    10128800 ..     10128900) |                                        |        0 (profiler_analysis.cpp:700)
2026-10-10 15:29:54.780 | info     |           Metal |   [    10128900 ..     10129000) |                                        |        0 (profiler_analysis.cpp:700)
2026-10-10 15:29:54.780 | info     |           Metal |   [    10129000 ..     10129100) |                                        |        0 (profiler_analysis.cpp:700)
2026-10-10 15:29:54.780 | info     |           Metal |   [    10129100 ..     10129200) |                                        |        0 (profiler_analysis.cpp:700)
2026-10-10 15:29:54.780 | info     |           Metal |   [    10129200 ..     10129300) |                                        |        0 (profiler_analysis.cpp:700)
2026-10-10 15:29:54.780 | info     |           Metal |   [    10129300 ..     10129400) |                                        |        0 (profiler_analysis.cpp:700)
2026-10-10 15:29:54.780 | info     |           Metal |   [    10129400 ..     10129500) |                                        |        0 (profiler_analysis.cpp:700)
2026-10-10 15:29:54.780 | info     |           Metal |   [    10129500 ..     10129600) |                                        |        0 (profiler_analysis.cpp:700)
[SUBCHUNK] tiles_split=75 total_subchunks=1101 max_subchunks_per_tile=3 payload_pages=44556
[SORT] stage=ONELAUNCH P=2818980 P_kept=2818980 num_tiles=1024 max_tile_n=21145 onelaunch=0.58 layout=0.05 pub_host=0.15 total=0.78ms
OUT_RING new pinned slot (slots=4 grows=4 replaced=12)
2026-10-10 15:29:54.811 | info     |           Metal | Device kernel duration perf summary (device=0): count=1, min=9867194ns, avg=9867194.0ns, max=9867194ns (profiler_analysis.cpp:645)
2026-10-10 15:29:54.811 | info     |           Metal | Device kernel duration perf histogram (device=0): (buckets=10, bucket_size=100ns, range=[9867100..9868100), underflow(<9867100ns)=0, overflow(>=9868100ns)=0) (profiler_analysis.cpp:682)
2026-10-10 15:29:54.811 | info     |           Metal |   [     9867100 ..      9867200) |########################################|        1 (profiler_analysis.cpp:700)
2026-10-10 15:29:54.811 | info     |           Metal |   [     9867200 ..      9867300) |                                        |        0 (profiler_analysis.cpp:700)
2026-10-10 15:29:54.811 | info     |           Metal |   [     9867300 ..      9867400) |                                        |        0 (profiler_analysis.cpp:700)
2026-10-10 15:29:54.811 | info     |           Metal |   [     9867400 ..      9867500) |                                        |        0 (profiler_analysis.cpp:700)
2026-10-10 15:29:54.811 | info     |           Metal |   [     9867500 ..      9867600) |                                        |        0 (profiler_analysis.cpp:700)
2026-10-10 15:29:54.811 | info     |           Metal |   [     9867600 ..      9867700) |                                        |        0 (profiler_analysis.cpp:700)
2026-10-10 15:29:54.811 | info     |           Metal |   [     9867700 ..      9867800) |                                        |        0 (profiler_analysis.cpp:700)
2026-10-10 15:29:54.811 | info     |           Metal |   [     9867800 ..      9867900) |                                        |        0 (profiler_analysis.cpp:700)
2026-10-10 15:29:54.811 | info     |           Metal |   [     9867900 ..      9868000) |                                        |        0 (profiler_analysis.cpp:700)
2026-10-10 15:29:54.811 | info     |           Metal |   [     9868000 ..      9868100) |                                        |        0 (profiler_analysis.cpp:700)
[SUBCHUNK] tiles_split=75 total_subchunks=1101 max_subchunks_per_tile=3 payload_pages=43664
[SORT] stage=ONELAUNCH P=2762186 P_kept=2762186 num_tiles=1024 max_tile_n=19314 onelaunch=0.61 layout=0.04 pub_host=0.14 total=0.80ms
OUT_RING new pinned slot (slots=4 grows=4 replaced=13)
2026-10-10 15:29:54.841 | info     |           Metal | Device kernel duration perf summary (device=0): count=1, min=9672593ns, avg=9672593.0ns, max=9672593ns (profiler_analysis.cpp:645)
2026-10-10 15:29:54.841 | info     |           Metal | Device kernel duration perf histogram (device=0): (buckets=10, bucket_size=100ns, range=[9672500..9673500), underflow(<9672500ns)=0, overflow(>=9673500ns)=0) (profiler_analysis.cpp:682)
2026-10-10 15:29:54.841 | info     |           Metal |   [     9672500 ..      9672600) |########################################|        1 (profiler_analysis.cpp:700)
2026-10-10 15:29:54.841 | info     |           Metal |   [     9672600 ..      9672700) |                                        |        0 (profiler_analysis.cpp:700)
2026-10-10 15:29:54.841 | info     |           Metal |   [     9672700 ..      9672800) |                                        |        0 (profiler_analysis.cpp:700)
2026-10-10 15:29:54.841 | info     |           Metal |   [     9672800 ..      9672900) |                                        |        0 (profiler_analysis.cpp:700)
2026-10-10 15:29:54.841 | info     |           Metal |   [     9672900 ..      9673000) |                                        |        0 (profiler_analysis.cpp:700)
2026-10-10 15:29:54.841 | info     |           Metal |   [     9673000 ..      9673100) |                                        |        0 (profiler_analysis.cpp:700)
2026-10-10 15:29:54.841 | info     |           Metal |   [     9673100 ..      9673200) |                                        |        0 (profiler_analysis.cpp:700)
2026-10-10 15:29:54.841 | info     |           Metal |   [     9673200 ..      9673300) |                                        |        0 (profiler_analysis.cpp:700)
2026-10-10 15:29:54.841 | info     |           Metal |   [     9673300 ..      9673400) |                                        |        0 (profiler_analysis.cpp:700)
2026-10-10 15:29:54.841 | info     |           Metal |   [     9673400 ..      9673500) |                                        |        0 (profiler_analysis.cpp:700)
[SUBCHUNK] tiles_split=80 total_subchunks=1106 max_subchunks_per_tile=3 payload_pages=42989
[SORT] stage=ONELAUNCH P=2719305 P_kept=2719305 num_tiles=1024 max_tile_n=19744 onelaunch=0.61 layout=0.04 pub_host=0.14 total=0.80ms
OUT_RING new pinned slot (slots=4 grows=4 replaced=14)
2026-10-10 15:29:54.871 | info     |           Metal | Device kernel duration perf summary (device=0): count=1, min=9599927ns, avg=9599927.0ns, max=9599927ns (profiler_analysis.cpp:645)
2026-10-10 15:29:54.871 | info     |           Metal | Device kernel duration perf histogram (device=0): (buckets=10, bucket_size=100ns, range=[9599900..9600900), underflow(<9599900ns)=0, overflow(>=9600900ns)=0) (profiler_analysis.cpp:682)
2026-10-10 15:29:54.871 | info     |           Metal |   [     9599900 ..      9600000) |########################################|        1 (profiler_analysis.cpp:700)
2026-10-10 15:29:54.871 | info     |           Metal |   [     9600000 ..      9600100) |                                        |        0 (profiler_analysis.cpp:700)
2026-10-10 15:29:54.871 | info     |           Metal |   [     9600100 ..      9600200) |                                        |        0 (profiler_analysis.cpp:700)
2026-10-10 15:29:54.871 | info     |           Metal |   [     9600200 ..      9600300) |                                        |        0 (profiler_analysis.cpp:700)
2026-10-10 15:29:54.871 | info     |           Metal |   [     9600300 ..      9600400) |                                        |        0 (profiler_analysis.cpp:700)
2026-10-10 15:29:54.871 | info     |           Metal |   [     9600400 ..      9600500) |                                        |        0 (profiler_analysis.cpp:700)
2026-10-10 15:29:54.871 | info     |           Metal |   [     9600500 ..      9600600) |                                        |        0 (profiler_analysis.cpp:700)
2026-10-10 15:29:54.871 | info     |           Metal |   [     9600600 ..      9600700) |                                        |        0 (profiler_analysis.cpp:700)
2026-10-10 15:29:54.871 | info     |           Metal |   [     9600700 ..      9600800) |                                        |        0 (profiler_analysis.cpp:700)
2026-10-10 15:29:54.871 | info     |           Metal |   [     9600800 ..      9600900) |                                        |        0 (profiler_analysis.cpp:700)
[SUBCHUNK] tiles_split=79 total_subchunks=1105 max_subchunks_per_tile=3 payload_pages=42964
[SORT] stage=ONELAUNCH P=2717542 P_kept=2717542 num_tiles=1024 max_tile_n=18173 onelaunch=0.56 layout=0.04 pub_host=0.15 total=0.75ms
OUT_RING new pinned slot (slots=4 grows=4 replaced=15)
2026-10-10 15:29:54.901 | info     |           Metal | Device kernel duration perf summary (device=0): count=1, min=9622316ns, avg=9622316.0ns, max=9622316ns (profiler_analysis.cpp:645)
2026-10-10 15:29:54.901 | info     |           Metal | Device kernel duration perf histogram (device=0): (buckets=10, bucket_size=100ns, range=[9622300..9623300), underflow(<9622300ns)=0, overflow(>=9623300ns)=0) (profiler_analysis.cpp:682)
2026-10-10 15:29:54.901 | info     |           Metal |   [     9622300 ..      9622400) |########################################|        1 (profiler_analysis.cpp:700)
2026-10-10 15:29:54.901 | info     |           Metal |   [     9622400 ..      9622500) |                                        |        0 (profiler_analysis.cpp:700)
2026-10-10 15:29:54.901 | info     |           Metal |   [     9622500 ..      9622600) |                                        |        0 (profiler_analysis.cpp:700)
2026-10-10 15:29:54.901 | info     |           Metal |   [     9622600 ..      9622700) |                                        |        0 (profiler_analysis.cpp:700)
2026-10-10 15:29:54.901 | info     |           Metal |   [     9622700 ..      9622800) |                                        |        0 (profiler_analysis.cpp:700)
2026-10-10 15:29:54.901 | info     |           Metal |   [     9622800 ..      9622900) |                                        |        0 (profiler_analysis.cpp:700)
2026-10-10 15:29:54.901 | info     |           Metal |   [     9622900 ..      9623000) |                                        |        0 (profiler_analysis.cpp:700)
2026-10-10 15:29:54.901 | info     |           Metal |   [     9623000 ..      9623100) |                                        |        0 (profiler_analysis.cpp:700)
2026-10-10 15:29:54.901 | info     |           Metal |   [     9623100 ..      9623200) |                                        |        0 (profiler_analysis.cpp:700)
2026-10-10 15:29:54.901 | info     |           Metal |   [     9623200 ..      9623300) |                                        |        0 (profiler_analysis.cpp:700)
[SUBCHUNK] tiles_split=82 total_subchunks=1110 max_subchunks_per_tile=3 payload_pages=43226
[SORT] stage=ONELAUNCH P=2733748 P_kept=2733748 num_tiles=1024 max_tile_n=18007 onelaunch=0.59 layout=0.05 pub_host=0.14 total=0.79ms
OUT_RING new pinned slot (slots=4 grows=4 replaced=16)
2026-10-10 15:29:54.930 | info     |           Metal | Device kernel duration perf summary (device=0): count=1, min=9627538ns, avg=9627538.0ns, max=9627538ns (profiler_analysis.cpp:645)
2026-10-10 15:29:54.930 | info     |           Metal | Device kernel duration perf histogram (device=0): (buckets=10, bucket_size=100ns, range=[9627500..9628500), underflow(<9627500ns)=0, overflow(>=9628500ns)=0) (profiler_analysis.cpp:682)
2026-10-10 15:29:54.930 | info     |           Metal |   [     9627500 ..      9627600) |########################################|        1 (profiler_analysis.cpp:700)
2026-10-10 15:29:54.930 | info     |           Metal |   [     9627600 ..      9627700) |                                        |        0 (profiler_analysis.cpp:700)
2026-10-10 15:29:54.930 | info     |           Metal |   [     9627700 ..      9627800) |                                        |        0 (profiler_analysis.cpp:700)
2026-10-10 15:29:54.930 | info     |           Metal |   [     9627800 ..      9627900) |                                        |        0 (profiler_analysis.cpp:700)
2026-10-10 15:29:54.930 | info     |           Metal |   [     9627900 ..      9628000) |                                        |        0 (profiler_analysis.cpp:700)
2026-10-10 15:29:54.930 | info     |           Metal |   [     9628000 ..      9628100) |                                        |        0 (profiler_analysis.cpp:700)
2026-10-10 15:29:54.930 | info     |           Metal |   [     9628100 ..      9628200) |                                        |        0 (profiler_analysis.cpp:700)
2026-10-10 15:29:54.930 | info     |           Metal |   [     9628200 ..      9628300) |                                        |        0 (profiler_analysis.cpp:700)
2026-10-10 15:29:54.930 | info     |           Metal |   [     9628300 ..      9628400) |                                        |        0 (profiler_analysis.cpp:700)
2026-10-10 15:29:54.930 | info     |           Metal |   [     9628400 ..      9628500) |                                        |        0 (profiler_analysis.cpp:700)
[SUBCHUNK] tiles_split=78 total_subchunks=1105 max_subchunks_per_tile=3 payload_pages=43149
[SORT] stage=ONELAUNCH P=2729054 P_kept=2729054 num_tiles=1024 max_tile_n=18629 onelaunch=0.62 layout=0.04 pub_host=0.14 total=0.81ms
OUT_RING new pinned slot (slots=4 grows=4 replaced=17)
2026-10-10 15:29:54.960 | info     |           Metal | Device kernel duration perf summary (device=0): count=1, min=9579676ns, avg=9579676.0ns, max=9579676ns (profiler_analysis.cpp:645)
2026-10-10 15:29:54.960 | info     |           Metal | Device kernel duration perf histogram (device=0): (buckets=10, bucket_size=100ns, range=[9579600..9580600), underflow(<9579600ns)=0, overflow(>=9580600ns)=0) (profiler_analysis.cpp:682)
2026-10-10 15:29:54.960 | info     |           Metal |   [     9579600 ..      9579700) |########################################|        1 (profiler_analysis.cpp:700)
2026-10-10 15:29:54.960 | info     |           Metal |   [     9579700 ..      9579800) |                                        |        0 (profiler_analysis.cpp:700)
2026-10-10 15:29:54.960 | info     |           Metal |   [     9579800 ..      9579900) |                                        |        0 (profiler_analysis.cpp:700)
2026-10-10 15:29:54.960 | info     |           Metal |   [     9579900 ..      9580000) |                                        |        0 (profiler_analysis.cpp:700)
2026-10-10 15:29:54.960 | info     |           Metal |   [     9580000 ..      9580100) |                                        |        0 (profiler_analysis.cpp:700)
2026-10-10 15:29:54.960 | info     |           Metal |   [     9580100 ..      9580200) |                                        |        0 (profiler_analysis.cpp:700)
2026-10-10 15:29:54.960 | info     |           Metal |   [     9580200 ..      9580300) |                                        |        0 (profiler_analysis.cpp:700)
2026-10-10 15:29:54.960 | info     |           Metal |   [     9580300 ..      9580400) |                                        |        0 (profiler_analysis.cpp:700)
2026-10-10 15:29:54.960 | info     |           Metal |   [     9580400 ..      9580500) |                                        |        0 (profiler_analysis.cpp:700)
2026-10-10 15:29:54.960 | info     |           Metal |   [     9580500 ..      9580600) |                                        |        0 (profiler_analysis.cpp:700)
[SUBCHUNK] tiles_split=85 total_subchunks=1112 max_subchunks_per_tile=3 payload_pages=42920
[SORT] stage=ONELAUNCH P=2713776 P_kept=2713776 num_tiles=1024 max_tile_n=18369 onelaunch=0.65 layout=0.05 pub_host=0.15 total=0.85ms
OUT_RING new pinned slot (slots=4 grows=4 replaced=18)
2026-10-10 15:29:54.991 | info     |           Metal | Device kernel duration perf summary (device=0): count=1, min=9562679ns, avg=9562679.0ns, max=9562679ns (profiler_analysis.cpp:645)
2026-10-10 15:29:54.991 | info     |           Metal | Device kernel duration perf histogram (device=0): (buckets=10, bucket_size=100ns, range=[9562600..9563600), underflow(<9562600ns)=0, overflow(>=9563600ns)=0) (profiler_analysis.cpp:682)
2026-10-10 15:29:54.991 | info     |           Metal |   [     9562600 ..      9562700) |########################################|        1 (profiler_analysis.cpp:700)
2026-10-10 15:29:54.991 | info     |           Metal |   [     9562700 ..      9562800) |                                        |        0 (profiler_analysis.cpp:700)
2026-10-10 15:29:54.991 | info     |           Metal |   [     9562800 ..      9562900) |                                        |        0 (profiler_analysis.cpp:700)
2026-10-10 15:29:54.991 | info     |           Metal |   [     9562900 ..      9563000) |                                        |        0 (profiler_analysis.cpp:700)
2026-10-10 15:29:54.991 | info     |           Metal |   [     9563000 ..      9563100) |                                        |        0 (profiler_analysis.cpp:700)
2026-10-10 15:29:54.991 | info     |           Metal |   [     9563100 ..      9563200) |                                        |        0 (profiler_analysis.cpp:700)
2026-10-10 15:29:54.991 | info     |           Metal |   [     9563200 ..      9563300) |                                        |        0 (profiler_analysis.cpp:700)
2026-10-10 15:29:54.991 | info     |           Metal |   [     9563300 ..      9563400) |                                        |        0 (profiler_analysis.cpp:700)
2026-10-10 15:29:54.991 | info     |           Metal |   [     9563400 ..      9563500) |                                        |        0 (profiler_analysis.cpp:700)
2026-10-10 15:29:54.991 | info     |           Metal |   [     9563500 ..      9563600) |                                        |        0 (profiler_analysis.cpp:700)
[SUBCHUNK] tiles_split=82 total_subchunks=1109 max_subchunks_per_tile=3 payload_pages=42444
[SORT] stage=ONELAUNCH P=2684908 P_kept=2684908 num_tiles=1024 max_tile_n=22330 onelaunch=0.62 layout=0.05 pub_host=0.15 total=0.81ms
OUT_RING new pinned slot (slots=4 grows=4 replaced=19)
2026-10-10 15:29:55.021 | info     |           Metal | Device kernel duration perf summary (device=0): count=1, min=9476873ns, avg=9476873.0ns, max=9476873ns (profiler_analysis.cpp:645)
2026-10-10 15:29:55.021 | info     |           Metal | Device kernel duration perf histogram (device=0): (buckets=10, bucket_size=100ns, range=[9476800..9477800), underflow(<9476800ns)=0, overflow(>=9477800ns)=0) (profiler_analysis.cpp:682)
2026-10-10 15:29:55.021 | info     |           Metal |   [     9476800 ..      9476900) |########################################|        1 (profiler_analysis.cpp:700)
2026-10-10 15:29:55.021 | info     |           Metal |   [     9476900 ..      9477000) |                                        |        0 (profiler_analysis.cpp:700)
2026-10-10 15:29:55.021 | info     |           Metal |   [     9477000 ..      9477100) |                                        |        0 (profiler_analysis.cpp:700)
2026-10-10 15:29:55.021 | info     |           Metal |   [     9477100 ..      9477200) |                                        |        0 (profiler_analysis.cpp:700)
2026-10-10 15:29:55.021 | info     |           Metal |   [     9477200 ..      9477300) |                                        |        0 (profiler_analysis.cpp:700)
2026-10-10 15:29:55.021 | info     |           Metal |   [     9477300 ..      9477400) |                                        |        0 (profiler_analysis.cpp:700)
2026-10-10 15:29:55.021 | info     |           Metal |   [     9477400 ..      9477500) |                                        |        0 (profiler_analysis.cpp:700)
2026-10-10 15:29:55.021 | info     |           Metal |   [     9477500 ..      9477600) |                                        |        0 (profiler_analysis.cpp:700)
2026-10-10 15:29:55.021 | info     |           Metal |   [     9477600 ..      9477700) |                                        |        0 (profiler_analysis.cpp:700)
2026-10-10 15:29:55.021 | info     |           Metal |   [     9477700 ..      9477800) |                                        |        0 (profiler_analysis.cpp:700)
[SUBCHUNK] tiles_split=84 total_subchunks=1111 max_subchunks_per_tile=3 payload_pages=41219
[SORT] stage=ONELAUNCH P=2605190 P_kept=2605190 num_tiles=1024 max_tile_n=18553 onelaunch=0.63 layout=0.05 pub_host=0.15 total=0.83ms
OUT_RING new pinned slot (slots=4 grows=4 replaced=20)
2026-10-10 15:29:55.050 | info     |           Metal | Device kernel duration perf summary (device=0): count=1, min=9196353ns, avg=9196353.0ns, max=9196353ns (profiler_analysis.cpp:645)
2026-10-10 15:29:55.050 | info     |           Metal | Device kernel duration perf histogram (device=0): (buckets=10, bucket_size=100ns, range=[9196300..9197300), underflow(<9196300ns)=0, overflow(>=9197300ns)=0) (profiler_analysis.cpp:682)
2026-10-10 15:29:55.050 | info     |           Metal |   [     9196300 ..      9196400) |########################################|        1 (profiler_analysis.cpp:700)
2026-10-10 15:29:55.050 | info     |           Metal |   [     9196400 ..      9196500) |                                        |        0 (profiler_analysis.cpp:700)
2026-10-10 15:29:55.050 | info     |           Metal |   [     9196500 ..      9196600) |                                        |        0 (profiler_analysis.cpp:700)
2026-10-10 15:29:55.050 | info     |           Metal |   [     9196600 ..      9196700) |                                        |        0 (profiler_analysis.cpp:700)
2026-10-10 15:29:55.050 | info     |           Metal |   [     9196700 ..      9196800) |                                        |        0 (profiler_analysis.cpp:700)
2026-10-10 15:29:55.050 | info     |           Metal |   [     9196800 ..      9196900) |                                        |        0 (profiler_analysis.cpp:700)
2026-10-10 15:29:55.050 | info     |           Metal |   [     9196900 ..      9197000) |                                        |        0 (profiler_analysis.cpp:700)
2026-10-10 15:29:55.050 | info     |           Metal |   [     9197000 ..      9197100) |                                        |        0 (profiler_analysis.cpp:700)
2026-10-10 15:29:55.050 | info     |           Metal |   [     9197100 ..      9197200) |                                        |        0 (profiler_analysis.cpp:700)
2026-10-10 15:29:55.050 | info     |           Metal |   [     9197200 ..      9197300) |                                        |        0 (profiler_analysis.cpp:700)
[SUBCHUNK] tiles_split=79 total_subchunks=1105 max_subchunks_per_tile=3 payload_pages=39602
[SORT] stage=ONELAUNCH P=2502433 P_kept=2502433 num_tiles=1024 max_tile_n=20113 onelaunch=0.58 layout=0.04 pub_host=0.15 total=0.77ms
OUT_RING new pinned slot (slots=4 grows=4 replaced=21)
2026-10-10 15:29:55.080 | info     |           Metal | Device kernel duration perf summary (device=0): count=1, min=8943699ns, avg=8943699.0ns, max=8943699ns (profiler_analysis.cpp:645)
2026-10-10 15:29:55.080 | info     |           Metal | Device kernel duration perf histogram (device=0): (buckets=10, bucket_size=100ns, range=[8943600..8944600), underflow(<8943600ns)=0, overflow(>=8944600ns)=0) (profiler_analysis.cpp:682)
2026-10-10 15:29:55.080 | info     |           Metal |   [     8943600 ..      8943700) |########################################|        1 (profiler_analysis.cpp:700)
2026-10-10 15:29:55.080 | info     |           Metal |   [     8943700 ..      8943800) |                                        |        0 (profiler_analysis.cpp:700)
2026-10-10 15:29:55.080 | info     |           Metal |   [     8943800 ..      8943900) |                                        |        0 (profiler_analysis.cpp:700)
2026-10-10 15:29:55.080 | info     |           Metal |   [     8943900 ..      8944000) |                                        |        0 (profiler_analysis.cpp:700)
2026-10-10 15:29:55.080 | info     |           Metal |   [     8944000 ..      8944100) |                                        |        0 (profiler_analysis.cpp:700)
2026-10-10 15:29:55.080 | info     |           Metal |   [     8944100 ..      8944200) |                                        |        0 (profiler_analysis.cpp:700)
2026-10-10 15:29:55.080 | info     |           Metal |   [     8944200 ..      8944300) |                                        |        0 (profiler_analysis.cpp:700)
2026-10-10 15:29:55.080 | info     |           Metal |   [     8944300 ..      8944400) |                                        |        0 (profiler_analysis.cpp:700)
2026-10-10 15:29:55.080 | info     |           Metal |   [     8944400 ..      8944500) |                                        |        0 (profiler_analysis.cpp:700)
2026-10-10 15:29:55.080 | info     |           Metal |   [     8944500 ..      8944600) |                                        |        0 (profiler_analysis.cpp:700)
[SUBCHUNK] tiles_split=74 total_subchunks=1101 max_subchunks_per_tile=3 payload_pages=36821
[SORT] stage=ONELAUNCH P=2324571 P_kept=2324571 num_tiles=1024 max_tile_n=18871 onelaunch=0.63 layout=0.04 pub_host=0.14 total=0.82ms
OUT_RING new pinned slot (slots=4 grows=4 replaced=22)
2026-10-10 15:29:55.108 | info     |           Metal | Device kernel duration perf summary (device=0): count=1, min=8623417ns, avg=8623417.0ns, max=8623417ns (profiler_analysis.cpp:645)
2026-10-10 15:29:55.108 | info     |           Metal | Device kernel duration perf histogram (device=0): (buckets=10, bucket_size=100ns, range=[8623400..8624400), underflow(<8623400ns)=0, overflow(>=8624400ns)=0) (profiler_analysis.cpp:682)
2026-10-10 15:29:55.108 | info     |           Metal |   [     8623400 ..      8623500) |########################################|        1 (profiler_analysis.cpp:700)
2026-10-10 15:29:55.108 | info     |           Metal |   [     8623500 ..      8623600) |                                        |        0 (profiler_analysis.cpp:700)
2026-10-10 15:29:55.108 | info     |           Metal |   [     8623600 ..      8623700) |                                        |        0 (profiler_analysis.cpp:700)
2026-10-10 15:29:55.108 | info     |           Metal |   [     8623700 ..      8623800) |                                        |        0 (profiler_analysis.cpp:700)
2026-10-10 15:29:55.108 | info     |           Metal |   [     8623800 ..      8623900) |                                        |        0 (profiler_analysis.cpp:700)
2026-10-10 15:29:55.108 | info     |           Metal |   [     8623900 ..      8624000) |                                        |        0 (profiler_analysis.cpp:700)
2026-10-10 15:29:55.108 | info     |           Metal |   [     8624000 ..      8624100) |                                        |        0 (profiler_analysis.cpp:700)
2026-10-10 15:29:55.108 | info     |           Metal |   [     8624100 ..      8624200) |                                        |        0 (profiler_analysis.cpp:700)
2026-10-10 15:29:55.108 | info     |           Metal |   [     8624200 ..      8624300) |                                        |        0 (profiler_analysis.cpp:700)
2026-10-10 15:29:55.108 | info     |           Metal |   [     8624300 ..      8624400) |                                        |        0 (profiler_analysis.cpp:700)
[SUBCHUNK] tiles_split=67 total_subchunks=1094 max_subchunks_per_tile=3 payload_pages=34703
[SORT] stage=ONELAUNCH P=2188463 P_kept=2188463 num_tiles=1024 max_tile_n=21416 onelaunch=0.58 layout=0.04 pub_host=0.15 total=0.78ms
OUT_RING new pinned slot (slots=4 grows=4 replaced=23)
2026-10-10 15:29:55.138 | info     |           Metal | Device kernel duration perf summary (device=0): count=1, min=8376881ns, avg=8376881.0ns, max=8376881ns (profiler_analysis.cpp:645)
2026-10-10 15:29:55.138 | info     |           Metal | Device kernel duration perf histogram (device=0): (buckets=10, bucket_size=100ns, range=[8376800..8377800), underflow(<8376800ns)=0, overflow(>=8377800ns)=0) (profiler_analysis.cpp:682)
2026-10-10 15:29:55.138 | info     |           Metal |   [     8376800 ..      8376900) |########################################|        1 (profiler_analysis.cpp:700)
2026-10-10 15:29:55.138 | info     |           Metal |   [     8376900 ..      8377000) |                                        |        0 (profiler_analysis.cpp:700)
2026-10-10 15:29:55.138 | info     |           Metal |   [     8377000 ..      8377100) |                                        |        0 (profiler_analysis.cpp:700)
2026-10-10 15:29:55.138 | info     |           Metal |   [     8377100 ..      8377200) |                                        |        0 (profiler_analysis.cpp:700)
2026-10-10 15:29:55.138 | info     |           Metal |   [     8377200 ..      8377300) |                                        |        0 (profiler_analysis.cpp:700)
2026-10-10 15:29:55.138 | info     |           Metal |   [     8377300 ..      8377400) |                                        |        0 (profiler_analysis.cpp:700)
2026-10-10 15:29:55.138 | info     |           Metal |   [     8377400 ..      8377500) |                                        |        0 (profiler_analysis.cpp:700)
2026-10-10 15:29:55.138 | info     |           Metal |   [     8377500 ..      8377600) |                                        |        0 (profiler_analysis.cpp:700)
2026-10-10 15:29:55.138 | info     |           Metal |   [     8377600 ..      8377700) |                                        |        0 (profiler_analysis.cpp:700)
2026-10-10 15:29:55.138 | info     |           Metal |   [     8377700 ..      8377800) |                                        |        0 (profiler_analysis.cpp:700)
[SUBCHUNK] tiles_split=65 total_subchunks=1092 max_subchunks_per_tile=3 payload_pages=33321
[SORT] stage=ONELAUNCH P=2100242 P_kept=2100242 num_tiles=1024 max_tile_n=21340 onelaunch=0.61 layout=0.05 pub_host=0.15 total=0.80ms
OUT_RING new pinned slot (slots=4 grows=4 replaced=24)
2026-10-10 15:29:55.167 | info     |           Metal | Device kernel duration perf summary (device=0): count=1, min=8268361ns, avg=8268361.0ns, max=8268361ns (profiler_analysis.cpp:645)
2026-10-10 15:29:55.167 | info     |           Metal | Device kernel duration perf histogram (device=0): (buckets=10, bucket_size=100ns, range=[8268300..8269300), underflow(<8268300ns)=0, overflow(>=8269300ns)=0) (profiler_analysis.cpp:682)
2026-10-10 15:29:55.167 | info     |           Metal |   [     8268300 ..      8268400) |########################################|        1 (profiler_analysis.cpp:700)
2026-10-10 15:29:55.167 | info     |           Metal |   [     8268400 ..      8268500) |                                        |        0 (profiler_analysis.cpp:700)
2026-10-10 15:29:55.167 | info     |           Metal |   [     8268500 ..      8268600) |                                        |        0 (profiler_analysis.cpp:700)
2026-10-10 15:29:55.167 | info     |           Metal |   [     8268600 ..      8268700) |                                        |        0 (profiler_analysis.cpp:700)
2026-10-10 15:29:55.167 | info     |           Metal |   [     8268700 ..      8268800) |                                        |        0 (profiler_analysis.cpp:700)
2026-10-10 15:29:55.167 | info     |           Metal |   [     8268800 ..      8268900) |                                        |        0 (profiler_analysis.cpp:700)
2026-10-10 15:29:55.167 | info     |           Metal |   [     8268900 ..      8269000) |                                        |        0 (profiler_analysis.cpp:700)
2026-10-10 15:29:55.167 | info     |           Metal |   [     8269000 ..      8269100) |                                        |        0 (profiler_analysis.cpp:700)
2026-10-10 15:29:55.167 | info     |           Metal |   [     8269100 ..      8269200) |                                        |        0 (profiler_analysis.cpp:700)
2026-10-10 15:29:55.167 | info     |           Metal |   [     8269200 ..      8269300) |                                        |        0 (profiler_analysis.cpp:700)
[SUBCHUNK] tiles_split=65 total_subchunks=1092 max_subchunks_per_tile=3 payload_pages=32586
[SORT] stage=ONELAUNCH P=2052961 P_kept=2052961 num_tiles=1024 max_tile_n=21713 onelaunch=0.62 layout=0.05 pub_host=0.14 total=0.81ms
OUT_RING new pinned slot (slots=4 grows=4 replaced=25)
2026-10-10 15:29:55.195 | info     |           Metal | Device kernel duration perf summary (device=0): count=1, min=8215359ns, avg=8215359.0ns, max=8215359ns (profiler_analysis.cpp:645)
2026-10-10 15:29:55.195 | info     |           Metal | Device kernel duration perf histogram (device=0): (buckets=10, bucket_size=100ns, range=[8215300..8216300), underflow(<8215300ns)=0, overflow(>=8216300ns)=0) (profiler_analysis.cpp:682)
2026-10-10 15:29:55.195 | info     |           Metal |   [     8215300 ..      8215400) |########################################|        1 (profiler_analysis.cpp:700)
2026-10-10 15:29:55.195 | info     |           Metal |   [     8215400 ..      8215500) |                                        |        0 (profiler_analysis.cpp:700)
2026-10-10 15:29:55.195 | info     |           Metal |   [     8215500 ..      8215600) |                                        |        0 (profiler_analysis.cpp:700)
2026-10-10 15:29:55.195 | info     |           Metal |   [     8215600 ..      8215700) |                                        |        0 (profiler_analysis.cpp:700)
2026-10-10 15:29:55.195 | info     |           Metal |   [     8215700 ..      8215800) |                                        |        0 (profiler_analysis.cpp:700)
2026-10-10 15:29:55.195 | info     |           Metal |   [     8215800 ..      8215900) |                                        |        0 (profiler_analysis.cpp:700)
2026-10-10 15:29:55.195 | info     |           Metal |   [     8215900 ..      8216000) |                                        |        0 (profiler_analysis.cpp:700)
2026-10-10 15:29:55.195 | info     |           Metal |   [     8216000 ..      8216100) |                                        |        0 (profiler_analysis.cpp:700)
2026-10-10 15:29:55.195 | info     |           Metal |   [     8216100 ..      8216200) |                                        |        0 (profiler_analysis.cpp:700)
2026-10-10 15:29:55.195 | info     |           Metal |   [     8216200 ..      8216300) |                                        |        0 (profiler_analysis.cpp:700)
[SUBCHUNK] tiles_split=60 total_subchunks=1087 max_subchunks_per_tile=3 payload_pages=32524
[SORT] stage=ONELAUNCH P=2050213 P_kept=2050213 num_tiles=1024 max_tile_n=20666 onelaunch=0.59 layout=0.05 pub_host=0.14 total=0.78ms
OUT_RING new pinned slot (slots=4 grows=4 replaced=26)
2026-10-10 15:29:55.223 | info     |           Metal | Device kernel duration perf summary (device=0): count=1, min=8372194ns, avg=8372194.0ns, max=8372194ns (profiler_analysis.cpp:645)
2026-10-10 15:29:55.223 | info     |           Metal | Device kernel duration perf histogram (device=0): (buckets=10, bucket_size=100ns, range=[8372100..8373100), underflow(<8372100ns)=0, overflow(>=8373100ns)=0) (profiler_analysis.cpp:682)
2026-10-10 15:29:55.223 | info     |           Metal |   [     8372100 ..      8372200) |########################################|        1 (profiler_analysis.cpp:700)
2026-10-10 15:29:55.223 | info     |           Metal |   [     8372200 ..      8372300) |                                        |        0 (profiler_analysis.cpp:700)
2026-10-10 15:29:55.223 | info     |           Metal |   [     8372300 ..      8372400) |                                        |        0 (profiler_analysis.cpp:700)
2026-10-10 15:29:55.223 | info     |           Metal |   [     8372400 ..      8372500) |                                        |        0 (profiler_analysis.cpp:700)
2026-10-10 15:29:55.223 | info     |           Metal |   [     8372500 ..      8372600) |                                        |        0 (profiler_analysis.cpp:700)
2026-10-10 15:29:55.223 | info     |           Metal |   [     8372600 ..      8372700) |                                        |        0 (profiler_analysis.cpp:700)
2026-10-10 15:29:55.223 | info     |           Metal |   [     8372700 ..      8372800) |                                        |        0 (profiler_analysis.cpp:700)
2026-10-10 15:29:55.223 | info     |           Metal |   [     8372800 ..      8372900) |                                        |        0 (profiler_analysis.cpp:700)
2026-10-10 15:29:55.223 | info     |           Metal |   [     8372900 ..      8373000) |                                        |        0 (profiler_analysis.cpp:700)
2026-10-10 15:29:55.223 | info     |           Metal |   [     8373000 ..      8373100) |                                        |        0 (profiler_analysis.cpp:700)
B2B_STAGES pass=0 views=30 gap_ms=0.00 t_end=1791646195.233 period=30.215 render=30.215 py_resid=0.099 head=0.004 project=0.849 tile_assign=0.005 sort=1.321 blend_setup=0.000 mat=0.000 cull=0.000 blend=5.574 d2h=0.004 assemble=0.000 tail=22.280 xview=0.075 view_total=30.116 sort_pread=0.002 sort_bin_count=0.000 sort_bin_hist_d2h=0.000 sort_bin_layout=0.046 sort_upload=0.000 sort_bin_emit=0.595 sort_kernel=0.000 sort_d2h=0.000 sort_compact=0.000 sort_publish_host=0.148 sort_publish_wait=0.000 sort_mat=0.034 project_cov3d=0.000 project_pfwc_setup=0.006 project_pfwc_rtargs=0.054 project_pfwc_chunkcull=0.000 project_pfwc_enqueue=0.019 project_pfwc_finish=0.000 project_gather_setup=0.003 project_gather_rtargs=0.000 project_gather_enqueue=0.000 project_gather_wait=0.841 project_gather_result=0.000 tile_assign_setup=0.004 tile_assign_rtargs=0.000 tile_assign_enqueue=0.000 tile_assign_scan_finish=0.000 tile_assign_p_d2h=0.000 tile_assign_k2_finish=0.000 tile_assign_publish=0.001
[run] B2B pass 0 (check): 906.5 ms for 30 views = 30.215 ms/frame
[SUBCHUNK] tiles_split=86 total_subchunks=1113 max_subchunks_per_tile=3 payload_pages=45770
[SORT] stage=ONELAUNCH P=2895629 P_kept=2895629 num_tiles=1024 max_tile_n=22979 onelaunch=0.24 layout=0.05 pub_host=0.16 total=0.46ms
2026-10-10 15:29:55.347 | info     |           Metal | Device kernel duration perf summary (device=0): count=1, min=9974836ns, avg=9974836.0ns, max=9974836ns (profiler_analysis.cpp:645)
2026-10-10 15:29:55.348 | info     |           Metal | Device kernel duration perf histogram (device=0): (buckets=10, bucket_size=100ns, range=[9974800..9975800), underflow(<9974800ns)=0, overflow(>=9975800ns)=0) (profiler_analysis.cpp:682)
2026-10-10 15:29:55.348 | info     |           Metal |   [     9974800 ..      9974900) |########################################|        1 (profiler_analysis.cpp:700)
2026-10-10 15:29:55.348 | info     |           Metal |   [     9974900 ..      9975000) |                                        |        0 (profiler_analysis.cpp:700)
2026-10-10 15:29:55.348 | info     |           Metal |   [     9975000 ..      9975100) |                                        |        0 (profiler_analysis.cpp:700)
2026-10-10 15:29:55.348 | info     |           Metal |   [     9975100 ..      9975200) |                                        |        0 (profiler_analysis.cpp:700)
2026-10-10 15:29:55.348 | info     |           Metal |   [     9975200 ..      9975300) |                                        |        0 (profiler_analysis.cpp:700)
2026-10-10 15:29:55.348 | info     |           Metal |   [     9975300 ..      9975400) |                                        |        0 (profiler_analysis.cpp:700)
2026-10-10 15:29:55.348 | info     |           Metal |   [     9975400 ..      9975500) |                                        |        0 (profiler_analysis.cpp:700)
2026-10-10 15:29:55.348 | info     |           Metal |   [     9975500 ..      9975600) |                                        |        0 (profiler_analysis.cpp:700)
2026-10-10 15:29:55.348 | info     |           Metal |   [     9975600 ..      9975700) |                                        |        0 (profiler_analysis.cpp:700)
2026-10-10 15:29:55.348 | info     |           Metal |   [     9975700 ..      9975800) |                                        |        0 (profiler_analysis.cpp:700)
[SUBCHUNK] tiles_split=64 total_subchunks=1090 max_subchunks_per_tile=3 payload_pages=33181
[SORT] stage=ONELAUNCH P=2090575 P_kept=2090575 num_tiles=1024 max_tile_n=19171 onelaunch=0.23 layout=0.04 pub_host=0.15 total=0.43ms
2026-10-10 15:29:55.376 | info     |           Metal | Device kernel duration perf summary (device=0): count=1, min=8108722ns, avg=8108722.0ns, max=8108722ns (profiler_analysis.cpp:645)
2026-10-10 15:29:55.376 | info     |           Metal | Device kernel duration perf histogram (device=0): (buckets=10, bucket_size=100ns, range=[8108700..8109700), underflow(<8108700ns)=0, overflow(>=8109700ns)=0) (profiler_analysis.cpp:682)
2026-10-10 15:29:55.376 | info     |           Metal |   [     8108700 ..      8108800) |########################################|        1 (profiler_analysis.cpp:700)
2026-10-10 15:29:55.376 | info     |           Metal |   [     8108800 ..      8108900) |                                        |        0 (profiler_analysis.cpp:700)
2026-10-10 15:29:55.376 | info     |           Metal |   [     8108900 ..      8109000) |                                        |        0 (profiler_analysis.cpp:700)
2026-10-10 15:29:55.376 | info     |           Metal |   [     8109000 ..      8109100) |                                        |        0 (profiler_analysis.cpp:700)
2026-10-10 15:29:55.376 | info     |           Metal |   [     8109100 ..      8109200) |                                        |        0 (profiler_analysis.cpp:700)
2026-10-10 15:29:55.376 | info     |           Metal |   [     8109200 ..      8109300) |                                        |        0 (profiler_analysis.cpp:700)
2026-10-10 15:29:55.376 | info     |           Metal |   [     8109300 ..      8109400) |                                        |        0 (profiler_analysis.cpp:700)
2026-10-10 15:29:55.376 | info     |           Metal |   [     8109400 ..      8109500) |                                        |        0 (profiler_analysis.cpp:700)
2026-10-10 15:29:55.376 | info     |           Metal |   [     8109500 ..      8109600) |                                        |        0 (profiler_analysis.cpp:700)
2026-10-10 15:29:55.376 | info     |           Metal |   [     8109600 ..      8109700) |                                        |        0 (profiler_analysis.cpp:700)
[SUBCHUNK] tiles_split=63 total_subchunks=1090 max_subchunks_per_tile=3 payload_pages=34324
[SORT] stage=ONELAUNCH P=2164042 P_kept=2164042 num_tiles=1024 max_tile_n=18956 onelaunch=0.23 layout=0.04 pub_host=0.15 total=0.43ms
2026-10-10 15:29:55.404 | info     |           Metal | Device kernel duration perf summary (device=0): count=1, min=8313073ns, avg=8313073.0ns, max=8313073ns (profiler_analysis.cpp:645)
2026-10-10 15:29:55.404 | info     |           Metal | Device kernel duration perf histogram (device=0): (buckets=10, bucket_size=100ns, range=[8313000..8314000), underflow(<8313000ns)=0, overflow(>=8314000ns)=0) (profiler_analysis.cpp:682)
2026-10-10 15:29:55.404 | info     |           Metal |   [     8313000 ..      8313100) |########################################|        1 (profiler_analysis.cpp:700)
2026-10-10 15:29:55.404 | info     |           Metal |   [     8313100 ..      8313200) |                                        |        0 (profiler_analysis.cpp:700)
2026-10-10 15:29:55.404 | info     |           Metal |   [     8313200 ..      8313300) |                                        |        0 (profiler_analysis.cpp:700)
2026-10-10 15:29:55.404 | info     |           Metal |   [     8313300 ..      8313400) |                                        |        0 (profiler_analysis.cpp:700)
2026-10-10 15:29:55.404 | info     |           Metal |   [     8313400 ..      8313500) |                                        |        0 (profiler_analysis.cpp:700)
2026-10-10 15:29:55.404 | info     |           Metal |   [     8313500 ..      8313600) |                                        |        0 (profiler_analysis.cpp:700)
2026-10-10 15:29:55.404 | info     |           Metal |   [     8313600 ..      8313700) |                                        |        0 (profiler_analysis.cpp:700)
2026-10-10 15:29:55.404 | info     |           Metal |   [     8313700 ..      8313800) |                                        |        0 (profiler_analysis.cpp:700)
2026-10-10 15:29:55.404 | info     |           Metal |   [     8313800 ..      8313900) |                                        |        0 (profiler_analysis.cpp:700)
2026-10-10 15:29:55.404 | info     |           Metal |   [     8313900 ..      8314000) |                                        |        0 (profiler_analysis.cpp:700)
[SUBCHUNK] tiles_split=66 total_subchunks=1093 max_subchunks_per_tile=3 payload_pages=35760
[SORT] stage=ONELAUNCH P=2255766 P_kept=2255766 num_tiles=1024 max_tile_n=18906 onelaunch=0.23 layout=0.04 pub_host=0.15 total=0.42ms
OUT_RING new pinned slot (slots=4 grows=4 replaced=27)
2026-10-10 15:29:55.432 | info     |           Metal | Device kernel duration perf summary (device=0): count=1, min=8529275ns, avg=8529275.0ns, max=8529275ns (profiler_analysis.cpp:645)
2026-10-10 15:29:55.432 | info     |           Metal | Device kernel duration perf histogram (device=0): (buckets=10, bucket_size=100ns, range=[8529200..8530200), underflow(<8529200ns)=0, overflow(>=8530200ns)=0) (profiler_analysis.cpp:682)
2026-10-10 15:29:55.432 | info     |           Metal |   [     8529200 ..      8529300) |########################################|        1 (profiler_analysis.cpp:700)
2026-10-10 15:29:55.432 | info     |           Metal |   [     8529300 ..      8529400) |                                        |        0 (profiler_analysis.cpp:700)
2026-10-10 15:29:55.432 | info     |           Metal |   [     8529400 ..      8529500) |                                        |        0 (profiler_analysis.cpp:700)
2026-10-10 15:29:55.432 | info     |           Metal |   [     8529500 ..      8529600) |                                        |        0 (profiler_analysis.cpp:700)
2026-10-10 15:29:55.432 | info     |           Metal |   [     8529600 ..      8529700) |                                        |        0 (profiler_analysis.cpp:700)
2026-10-10 15:29:55.433 | info     |           Metal |   [     8529700 ..      8529800) |                                        |        0 (profiler_analysis.cpp:700)
2026-10-10 15:29:55.433 | info     |           Metal |   [     8529800 ..      8529900) |                                        |        0 (profiler_analysis.cpp:700)
2026-10-10 15:29:55.433 | info     |           Metal |   [     8529900 ..      8530000) |                                        |        0 (profiler_analysis.cpp:700)
2026-10-10 15:29:55.433 | info     |           Metal |   [     8530000 ..      8530100) |                                        |        0 (profiler_analysis.cpp:700)
2026-10-10 15:29:55.433 | info     |           Metal |   [     8530100 ..      8530200) |                                        |        0 (profiler_analysis.cpp:700)
[SUBCHUNK] tiles_split=62 total_subchunks=1090 max_subchunks_per_tile=3 payload_pages=37612
[SORT] stage=ONELAUNCH P=2374790 P_kept=2374790 num_tiles=1024 max_tile_n=17834 onelaunch=0.24 layout=0.04 pub_host=0.15 total=0.43ms
OUT_RING new pinned slot (slots=4 grows=4 replaced=28)
2026-10-10 15:29:55.461 | info     |           Metal | Device kernel duration perf summary (device=0): count=1, min=8830055ns, avg=8830055.0ns, max=8830055ns (profiler_analysis.cpp:645)
2026-10-10 15:29:55.461 | info     |           Metal | Device kernel duration perf histogram (device=0): (buckets=10, bucket_size=100ns, range=[8830000..8831000), underflow(<8830000ns)=0, overflow(>=8831000ns)=0) (profiler_analysis.cpp:682)
2026-10-10 15:29:55.461 | info     |           Metal |   [     8830000 ..      8830100) |########################################|        1 (profiler_analysis.cpp:700)
2026-10-10 15:29:55.461 | info     |           Metal |   [     8830100 ..      8830200) |                                        |        0 (profiler_analysis.cpp:700)
2026-10-10 15:29:55.461 | info     |           Metal |   [     8830200 ..      8830300) |                                        |        0 (profiler_analysis.cpp:700)
2026-10-10 15:29:55.461 | info     |           Metal |   [     8830300 ..      8830400) |                                        |        0 (profiler_analysis.cpp:700)
2026-10-10 15:29:55.461 | info     |           Metal |   [     8830400 ..      8830500) |                                        |        0 (profiler_analysis.cpp:700)
2026-10-10 15:29:55.461 | info     |           Metal |   [     8830500 ..      8830600) |                                        |        0 (profiler_analysis.cpp:700)
2026-10-10 15:29:55.461 | info     |           Metal |   [     8830600 ..      8830700) |                                        |        0 (profiler_analysis.cpp:700)
2026-10-10 15:29:55.461 | info     |           Metal |   [     8830700 ..      8830800) |                                        |        0 (profiler_analysis.cpp:700)
2026-10-10 15:29:55.461 | info     |           Metal |   [     8830800 ..      8830900) |                                        |        0 (profiler_analysis.cpp:700)
2026-10-10 15:29:55.461 | info     |           Metal |   [     8830900 ..      8831000) |                                        |        0 (profiler_analysis.cpp:700)
[SUBCHUNK] tiles_split=68 total_subchunks=1096 max_subchunks_per_tile=3 payload_pages=39937
[SORT] stage=ONELAUNCH P=2523377 P_kept=2523377 num_tiles=1024 max_tile_n=20034 onelaunch=0.22 layout=0.04 pub_host=0.15 total=0.42ms
OUT_RING new pinned slot (slots=4 grows=4 replaced=29)
2026-10-10 15:29:55.491 | info     |           Metal | Device kernel duration perf summary (device=0): count=1, min=9218279ns, avg=9218279.0ns, max=9218279ns (profiler_analysis.cpp:645)
2026-10-10 15:29:55.491 | info     |           Metal | Device kernel duration perf histogram (device=0): (buckets=10, bucket_size=100ns, range=[9218200..9219200), underflow(<9218200ns)=0, overflow(>=9219200ns)=0) (profiler_analysis.cpp:682)
2026-10-10 15:29:55.491 | info     |           Metal |   [     9218200 ..      9218300) |########################################|        1 (profiler_analysis.cpp:700)
2026-10-10 15:29:55.491 | info     |           Metal |   [     9218300 ..      9218400) |                                        |        0 (profiler_analysis.cpp:700)
2026-10-10 15:29:55.491 | info     |           Metal |   [     9218400 ..      9218500) |                                        |        0 (profiler_analysis.cpp:700)
2026-10-10 15:29:55.491 | info     |           Metal |   [     9218500 ..      9218600) |                                        |        0 (profiler_analysis.cpp:700)
2026-10-10 15:29:55.491 | info     |           Metal |   [     9218600 ..      9218700) |                                        |        0 (profiler_analysis.cpp:700)
2026-10-10 15:29:55.491 | info     |           Metal |   [     9218700 ..      9218800) |                                        |        0 (profiler_analysis.cpp:700)
2026-10-10 15:29:55.491 | info     |           Metal |   [     9218800 ..      9218900) |                                        |        0 (profiler_analysis.cpp:700)
2026-10-10 15:29:55.491 | info     |           Metal |   [     9218900 ..      9219000) |                                        |        0 (profiler_analysis.cpp:700)
2026-10-10 15:29:55.491 | info     |           Metal |   [     9219000 ..      9219100) |                                        |        0 (profiler_analysis.cpp:700)
2026-10-10 15:29:55.491 | info     |           Metal |   [     9219100 ..      9219200) |                                        |        0 (profiler_analysis.cpp:700)
[SUBCHUNK] tiles_split=70 total_subchunks=1097 max_subchunks_per_tile=3 payload_pages=43036
[SORT] stage=ONELAUNCH P=2722282 P_kept=2722282 num_tiles=1024 max_tile_n=22369 onelaunch=0.24 layout=0.04 pub_host=0.14 total=0.43ms
OUT_RING new pinned slot (slots=4 grows=4 replaced=30)
2026-10-10 15:29:55.521 | info     |           Metal | Device kernel duration perf summary (device=0): count=1, min=9697987ns, avg=9697987.0ns, max=9697987ns (profiler_analysis.cpp:645)
2026-10-10 15:29:55.521 | info     |           Metal | Device kernel duration perf histogram (device=0): (buckets=10, bucket_size=100ns, range=[9697900..9698900), underflow(<9697900ns)=0, overflow(>=9698900ns)=0) (profiler_analysis.cpp:682)
2026-10-10 15:29:55.521 | info     |           Metal |   [     9697900 ..      9698000) |########################################|        1 (profiler_analysis.cpp:700)
2026-10-10 15:29:55.521 | info     |           Metal |   [     9698000 ..      9698100) |                                        |        0 (profiler_analysis.cpp:700)
2026-10-10 15:29:55.521 | info     |           Metal |   [     9698100 ..      9698200) |                                        |        0 (profiler_analysis.cpp:700)
2026-10-10 15:29:55.521 | info     |           Metal |   [     9698200 ..      9698300) |                                        |        0 (profiler_analysis.cpp:700)
2026-10-10 15:29:55.521 | info     |           Metal |   [     9698300 ..      9698400) |                                        |        0 (profiler_analysis.cpp:700)
2026-10-10 15:29:55.521 | info     |           Metal |   [     9698400 ..      9698500) |                                        |        0 (profiler_analysis.cpp:700)
2026-10-10 15:29:55.521 | info     |           Metal |   [     9698500 ..      9698600) |                                        |        0 (profiler_analysis.cpp:700)
2026-10-10 15:29:55.521 | info     |           Metal |   [     9698600 ..      9698700) |                                        |        0 (profiler_analysis.cpp:700)
2026-10-10 15:29:55.521 | info     |           Metal |   [     9698700 ..      9698800) |                                        |        0 (profiler_analysis.cpp:700)
2026-10-10 15:29:55.521 | info     |           Metal |   [     9698800 ..      9698900) |                                        |        0 (profiler_analysis.cpp:700)
[SUBCHUNK] tiles_split=75 total_subchunks=1104 max_subchunks_per_tile=3 payload_pages=45752
[SORT] stage=ONELAUNCH P=2895762 P_kept=2895762 num_tiles=1024 max_tile_n=21267 onelaunch=0.23 layout=0.04 pub_host=0.15 total=0.43ms
OUT_RING new pinned slot (slots=4 grows=4 replaced=31)
2026-10-10 15:29:55.552 | info     |           Metal | Device kernel duration perf summary (device=0): count=1, min=10329414ns, avg=10329414.0ns, max=10329414ns (profiler_analysis.cpp:645)
2026-10-10 15:29:55.552 | info     |           Metal | Device kernel duration perf histogram (device=0): (buckets=10, bucket_size=100ns, range=[10329400..10330400), underflow(<10329400ns)=0, overflow(>=10330400ns)=0) (profiler_analysis.cpp:682)
2026-10-10 15:29:55.552 | info     |           Metal |   [    10329400 ..     10329500) |########################################|        1 (profiler_analysis.cpp:700)
2026-10-10 15:29:55.552 | info     |           Metal |   [    10329500 ..     10329600) |                                        |        0 (profiler_analysis.cpp:700)
2026-10-10 15:29:55.552 | info     |           Metal |   [    10329600 ..     10329700) |                                        |        0 (profiler_analysis.cpp:700)
2026-10-10 15:29:55.552 | info     |           Metal |   [    10329700 ..     10329800) |                                        |        0 (profiler_analysis.cpp:700)
2026-10-10 15:29:55.552 | info     |           Metal |   [    10329800 ..     10329900) |                                        |        0 (profiler_analysis.cpp:700)
2026-10-10 15:29:55.552 | info     |           Metal |   [    10329900 ..     10330000) |                                        |        0 (profiler_analysis.cpp:700)
2026-10-10 15:29:55.552 | info     |           Metal |   [    10330000 ..     10330100) |                                        |        0 (profiler_analysis.cpp:700)
2026-10-10 15:29:55.552 | info     |           Metal |   [    10330100 ..     10330200) |                                        |        0 (profiler_analysis.cpp:700)
2026-10-10 15:29:55.552 | info     |           Metal |   [    10330200 ..     10330300) |                                        |        0 (profiler_analysis.cpp:700)
2026-10-10 15:29:55.552 | info     |           Metal |   [    10330300 ..     10330400) |                                        |        0 (profiler_analysis.cpp:700)
[SUBCHUNK] tiles_split=81 total_subchunks=1109 max_subchunks_per_tile=3 payload_pages=48611
[SORT] stage=ONELAUNCH P=3078956 P_kept=3078956 num_tiles=1024 max_tile_n=21032 onelaunch=0.23 layout=0.04 pub_host=0.14 total=0.42ms
OUT_RING new pinned slot (slots=4 grows=4 replaced=32)
2026-10-10 15:29:55.583 | info     |           Metal | Device kernel duration perf summary (device=0): count=1, min=10706745ns, avg=10706745.0ns, max=10706745ns (profiler_analysis.cpp:645)
2026-10-10 15:29:55.583 | info     |           Metal | Device kernel duration perf histogram (device=0): (buckets=10, bucket_size=100ns, range=[10706700..10707700), underflow(<10706700ns)=0, overflow(>=10707700ns)=0) (profiler_analysis.cpp:682)
2026-10-10 15:29:55.583 | info     |           Metal |   [    10706700 ..     10706800) |########################################|        1 (profiler_analysis.cpp:700)
2026-10-10 15:29:55.583 | info     |           Metal |   [    10706800 ..     10706900) |                                        |        0 (profiler_analysis.cpp:700)
2026-10-10 15:29:55.583 | info     |           Metal |   [    10706900 ..     10707000) |                                        |        0 (profiler_analysis.cpp:700)
2026-10-10 15:29:55.583 | info     |           Metal |   [    10707000 ..     10707100) |                                        |        0 (profiler_analysis.cpp:700)
2026-10-10 15:29:55.583 | info     |           Metal |   [    10707100 ..     10707200) |                                        |        0 (profiler_analysis.cpp:700)
2026-10-10 15:29:55.583 | info     |           Metal |   [    10707200 ..     10707300) |                                        |        0 (profiler_analysis.cpp:700)
2026-10-10 15:29:55.583 | info     |           Metal |   [    10707300 ..     10707400) |                                        |        0 (profiler_analysis.cpp:700)
2026-10-10 15:29:55.583 | info     |           Metal |   [    10707400 ..     10707500) |                                        |        0 (profiler_analysis.cpp:700)
2026-10-10 15:29:55.583 | info     |           Metal |   [    10707500 ..     10707600) |                                        |        0 (profiler_analysis.cpp:700)
2026-10-10 15:29:55.583 | info     |           Metal |   [    10707600 ..     10707700) |                                        |        0 (profiler_analysis.cpp:700)
[SUBCHUNK] tiles_split=85 total_subchunks=1114 max_subchunks_per_tile=3 payload_pages=49703
[SORT] stage=ONELAUNCH P=3149841 P_kept=3149841 num_tiles=1024 max_tile_n=19047 onelaunch=0.23 layout=0.04 pub_host=0.15 total=0.42ms
OUT_RING new pinned slot (slots=4 grows=4 replaced=33)
2026-10-10 15:29:55.614 | info     |           Metal | Device kernel duration perf summary (device=0): count=1, min=11015463ns, avg=11015463.0ns, max=11015463ns (profiler_analysis.cpp:645)
2026-10-10 15:29:55.614 | info     |           Metal | Device kernel duration perf histogram (device=0): (buckets=10, bucket_size=100ns, range=[11015400..11016400), underflow(<11015400ns)=0, overflow(>=11016400ns)=0) (profiler_analysis.cpp:682)
2026-10-10 15:29:55.614 | info     |           Metal |   [    11015400 ..     11015500) |########################################|        1 (profiler_analysis.cpp:700)
2026-10-10 15:29:55.614 | info     |           Metal |   [    11015500 ..     11015600) |                                        |        0 (profiler_analysis.cpp:700)
2026-10-10 15:29:55.614 | info     |           Metal |   [    11015600 ..     11015700) |                                        |        0 (profiler_analysis.cpp:700)
2026-10-10 15:29:55.614 | info     |           Metal |   [    11015700 ..     11015800) |                                        |        0 (profiler_analysis.cpp:700)
2026-10-10 15:29:55.614 | info     |           Metal |   [    11015800 ..     11015900) |                                        |        0 (profiler_analysis.cpp:700)
2026-10-10 15:29:55.614 | info     |           Metal |   [    11015900 ..     11016000) |                                        |        0 (profiler_analysis.cpp:700)
2026-10-10 15:29:55.614 | info     |           Metal |   [    11016000 ..     11016100) |                                        |        0 (profiler_analysis.cpp:700)
2026-10-10 15:29:55.614 | info     |           Metal |   [    11016100 ..     11016200) |                                        |        0 (profiler_analysis.cpp:700)
2026-10-10 15:29:55.614 | info     |           Metal |   [    11016200 ..     11016300) |                                        |        0 (profiler_analysis.cpp:700)
2026-10-10 15:29:55.614 | info     |           Metal |   [    11016300 ..     11016400) |                                        |        0 (profiler_analysis.cpp:700)
[SUBCHUNK] tiles_split=84 total_subchunks=1113 max_subchunks_per_tile=3 payload_pages=50216
[SORT] stage=ONELAUNCH P=3181780 P_kept=3181780 num_tiles=1024 max_tile_n=19358 onelaunch=0.20 layout=0.05 pub_host=0.15 total=0.39ms
OUT_RING new pinned slot (slots=4 grows=4 replaced=34)
2026-10-10 15:29:55.645 | info     |           Metal | Device kernel duration perf summary (device=0): count=1, min=10988352ns, avg=10988352.0ns, max=10988352ns (profiler_analysis.cpp:645)
2026-10-10 15:29:55.645 | info     |           Metal | Device kernel duration perf histogram (device=0): (buckets=10, bucket_size=100ns, range=[10988300..10989300), underflow(<10988300ns)=0, overflow(>=10989300ns)=0) (profiler_analysis.cpp:682)
2026-10-10 15:29:55.645 | info     |           Metal |   [    10988300 ..     10988400) |########################################|        1 (profiler_analysis.cpp:700)
2026-10-10 15:29:55.645 | info     |           Metal |   [    10988400 ..     10988500) |                                        |        0 (profiler_analysis.cpp:700)
2026-10-10 15:29:55.645 | info     |           Metal |   [    10988500 ..     10988600) |                                        |        0 (profiler_analysis.cpp:700)
2026-10-10 15:29:55.645 | info     |           Metal |   [    10988600 ..     10988700) |                                        |        0 (profiler_analysis.cpp:700)
2026-10-10 15:29:55.645 | info     |           Metal |   [    10988700 ..     10988800) |                                        |        0 (profiler_analysis.cpp:700)
2026-10-10 15:29:55.645 | info     |           Metal |   [    10988800 ..     10988900) |                                        |        0 (profiler_analysis.cpp:700)
2026-10-10 15:29:55.645 | info     |           Metal |   [    10988900 ..     10989000) |                                        |        0 (profiler_analysis.cpp:700)
2026-10-10 15:29:55.645 | info     |           Metal |   [    10989000 ..     10989100) |                                        |        0 (profiler_analysis.cpp:700)
2026-10-10 15:29:55.645 | info     |           Metal |   [    10989100 ..     10989200) |                                        |        0 (profiler_analysis.cpp:700)
2026-10-10 15:29:55.645 | info     |           Metal |   [    10989200 ..     10989300) |                                        |        0 (profiler_analysis.cpp:700)
[SUBCHUNK] tiles_split=81 total_subchunks=1109 max_subchunks_per_tile=3 payload_pages=50327
[SORT] stage=ONELAUNCH P=3188467 P_kept=3188467 num_tiles=1024 max_tile_n=19519 onelaunch=0.24 layout=0.05 pub_host=0.15 total=0.44ms
OUT_RING new pinned slot (slots=4 grows=4 replaced=35)
2026-10-10 15:29:55.676 | info     |           Metal | Device kernel duration perf summary (device=0): count=1, min=10964081ns, avg=10964081.0ns, max=10964081ns (profiler_analysis.cpp:645)
2026-10-10 15:29:55.676 | info     |           Metal | Device kernel duration perf histogram (device=0): (buckets=10, bucket_size=100ns, range=[10964000..10965000), underflow(<10964000ns)=0, overflow(>=10965000ns)=0) (profiler_analysis.cpp:682)
2026-10-10 15:29:55.676 | info     |           Metal |   [    10964000 ..     10964100) |########################################|        1 (profiler_analysis.cpp:700)
2026-10-10 15:29:55.676 | info     |           Metal |   [    10964100 ..     10964200) |                                        |        0 (profiler_analysis.cpp:700)
2026-10-10 15:29:55.676 | info     |           Metal |   [    10964200 ..     10964300) |                                        |        0 (profiler_analysis.cpp:700)
2026-10-10 15:29:55.676 | info     |           Metal |   [    10964300 ..     10964400) |                                        |        0 (profiler_analysis.cpp:700)
2026-10-10 15:29:55.676 | info     |           Metal |   [    10964400 ..     10964500) |                                        |        0 (profiler_analysis.cpp:700)
2026-10-10 15:29:55.676 | info     |           Metal |   [    10964500 ..     10964600) |                                        |        0 (profiler_analysis.cpp:700)
2026-10-10 15:29:55.676 | info     |           Metal |   [    10964600 ..     10964700) |                                        |        0 (profiler_analysis.cpp:700)
2026-10-10 15:29:55.676 | info     |           Metal |   [    10964700 ..     10964800) |                                        |        0 (profiler_analysis.cpp:700)
2026-10-10 15:29:55.676 | info     |           Metal |   [    10964800 ..     10964900) |                                        |        0 (profiler_analysis.cpp:700)
2026-10-10 15:29:55.676 | info     |           Metal |   [    10964900 ..     10965000) |                                        |        0 (profiler_analysis.cpp:700)
[SUBCHUNK] tiles_split=82 total_subchunks=1111 max_subchunks_per_tile=3 payload_pages=49049
[SORT] stage=ONELAUNCH P=3106694 P_kept=3106694 num_tiles=1024 max_tile_n=20025 onelaunch=0.20 layout=0.04 pub_host=0.15 total=0.40ms
OUT_RING new pinned slot (slots=4 grows=4 replaced=36)
2026-10-10 15:29:55.707 | info     |           Metal | Device kernel duration perf summary (device=0): count=1, min=10681461ns, avg=10681461.0ns, max=10681461ns (profiler_analysis.cpp:645)
2026-10-10 15:29:55.707 | info     |           Metal | Device kernel duration perf histogram (device=0): (buckets=10, bucket_size=100ns, range=[10681400..10682400), underflow(<10681400ns)=0, overflow(>=10682400ns)=0) (profiler_analysis.cpp:682)
2026-10-10 15:29:55.707 | info     |           Metal |   [    10681400 ..     10681500) |########################################|        1 (profiler_analysis.cpp:700)
2026-10-10 15:29:55.707 | info     |           Metal |   [    10681500 ..     10681600) |                                        |        0 (profiler_analysis.cpp:700)
2026-10-10 15:29:55.707 | info     |           Metal |   [    10681600 ..     10681700) |                                        |        0 (profiler_analysis.cpp:700)
2026-10-10 15:29:55.707 | info     |           Metal |   [    10681700 ..     10681800) |                                        |        0 (profiler_analysis.cpp:700)
2026-10-10 15:29:55.707 | info     |           Metal |   [    10681800 ..     10681900) |                                        |        0 (profiler_analysis.cpp:700)
2026-10-10 15:29:55.707 | info     |           Metal |   [    10681900 ..     10682000) |                                        |        0 (profiler_analysis.cpp:700)
2026-10-10 15:29:55.707 | info     |           Metal |   [    10682000 ..     10682100) |                                        |        0 (profiler_analysis.cpp:700)
2026-10-10 15:29:55.707 | info     |           Metal |   [    10682100 ..     10682200) |                                        |        0 (profiler_analysis.cpp:700)
2026-10-10 15:29:55.707 | info     |           Metal |   [    10682200 ..     10682300) |                                        |        0 (profiler_analysis.cpp:700)
2026-10-10 15:29:55.707 | info     |           Metal |   [    10682300 ..     10682400) |                                        |        0 (profiler_analysis.cpp:700)
[SUBCHUNK] tiles_split=81 total_subchunks=1108 max_subchunks_per_tile=3 payload_pages=47132
[SORT] stage=ONELAUNCH P=2984152 P_kept=2984152 num_tiles=1024 max_tile_n=20390 onelaunch=0.22 layout=0.04 pub_host=0.15 total=0.41ms
OUT_RING new pinned slot (slots=4 grows=4 replaced=37)
2026-10-10 15:29:55.738 | info     |           Metal | Device kernel duration perf summary (device=0): count=1, min=10376144ns, avg=10376144.0ns, max=10376144ns (profiler_analysis.cpp:645)
2026-10-10 15:29:55.738 | info     |           Metal | Device kernel duration perf histogram (device=0): (buckets=10, bucket_size=100ns, range=[10376100..10377100), underflow(<10376100ns)=0, overflow(>=10377100ns)=0) (profiler_analysis.cpp:682)
2026-10-10 15:29:55.738 | info     |           Metal |   [    10376100 ..     10376200) |########################################|        1 (profiler_analysis.cpp:700)
2026-10-10 15:29:55.738 | info     |           Metal |   [    10376200 ..     10376300) |                                        |        0 (profiler_analysis.cpp:700)
2026-10-10 15:29:55.738 | info     |           Metal |   [    10376300 ..     10376400) |                                        |        0 (profiler_analysis.cpp:700)
2026-10-10 15:29:55.738 | info     |           Metal |   [    10376400 ..     10376500) |                                        |        0 (profiler_analysis.cpp:700)
2026-10-10 15:29:55.738 | info     |           Metal |   [    10376500 ..     10376600) |                                        |        0 (profiler_analysis.cpp:700)
2026-10-10 15:29:55.738 | info     |           Metal |   [    10376600 ..     10376700) |                                        |        0 (profiler_analysis.cpp:700)
2026-10-10 15:29:55.738 | info     |           Metal |   [    10376700 ..     10376800) |                                        |        0 (profiler_analysis.cpp:700)
2026-10-10 15:29:55.738 | info     |           Metal |   [    10376800 ..     10376900) |                                        |        0 (profiler_analysis.cpp:700)
2026-10-10 15:29:55.738 | info     |           Metal |   [    10376900 ..     10377000) |                                        |        0 (profiler_analysis.cpp:700)
2026-10-10 15:29:55.738 | info     |           Metal |   [    10377000 ..     10377100) |                                        |        0 (profiler_analysis.cpp:700)
[SUBCHUNK] tiles_split=79 total_subchunks=1106 max_subchunks_per_tile=3 payload_pages=45617
[SORT] stage=ONELAUNCH P=2887843 P_kept=2887843 num_tiles=1024 max_tile_n=20927 onelaunch=0.20 layout=0.04 pub_host=0.15 total=0.40ms
OUT_RING new pinned slot (slots=4 grows=4 replaced=38)
2026-10-10 15:29:55.772 | info     |           Metal | Device kernel duration perf summary (device=0): count=1, min=10106581ns, avg=10106581.0ns, max=10106581ns (profiler_analysis.cpp:645)
2026-10-10 15:29:55.772 | info     |           Metal | Device kernel duration perf histogram (device=0): (buckets=10, bucket_size=100ns, range=[10106500..10107500), underflow(<10106500ns)=0, overflow(>=10107500ns)=0) (profiler_analysis.cpp:682)
2026-10-10 15:29:55.772 | info     |           Metal |   [    10106500 ..     10106600) |########################################|        1 (profiler_analysis.cpp:700)
2026-10-10 15:29:55.772 | info     |           Metal |   [    10106600 ..     10106700) |                                        |        0 (profiler_analysis.cpp:700)
2026-10-10 15:29:55.772 | info     |           Metal |   [    10106700 ..     10106800) |                                        |        0 (profiler_analysis.cpp:700)
2026-10-10 15:29:55.772 | info     |           Metal |   [    10106800 ..     10106900) |                                        |        0 (profiler_analysis.cpp:700)
2026-10-10 15:29:55.772 | info     |           Metal |   [    10106900 ..     10107000) |                                        |        0 (profiler_analysis.cpp:700)
2026-10-10 15:29:55.772 | info     |           Metal |   [    10107000 ..     10107100) |                                        |        0 (profiler_analysis.cpp:700)
2026-10-10 15:29:55.772 | info     |           Metal |   [    10107100 ..     10107200) |                                        |        0 (profiler_analysis.cpp:700)
2026-10-10 15:29:55.772 | info     |           Metal |   [    10107200 ..     10107300) |                                        |        0 (profiler_analysis.cpp:700)
2026-10-10 15:29:55.772 | info     |           Metal |   [    10107300 ..     10107400) |                                        |        0 (profiler_analysis.cpp:700)
2026-10-10 15:29:55.772 | info     |           Metal |   [    10107400 ..     10107500) |                                        |        0 (profiler_analysis.cpp:700)
[SUBCHUNK] tiles_split=75 total_subchunks=1101 max_subchunks_per_tile=3 payload_pages=44556
[SORT] stage=ONELAUNCH P=2818980 P_kept=2818980 num_tiles=1024 max_tile_n=21145 onelaunch=0.25 layout=0.05 pub_host=0.15 total=0.45ms
OUT_RING new pinned slot (slots=4 grows=4 replaced=39)
2026-10-10 15:29:55.811 | info     |           Metal | Device kernel duration perf summary (device=0): count=1, min=9854288ns, avg=9854288.0ns, max=9854288ns (profiler_analysis.cpp:645)
2026-10-10 15:29:55.811 | info     |           Metal | Device kernel duration perf histogram (device=0): (buckets=10, bucket_size=100ns, range=[9854200..9855200), underflow(<9854200ns)=0, overflow(>=9855200ns)=0) (profiler_analysis.cpp:682)
2026-10-10 15:29:55.811 | info     |           Metal |   [     9854200 ..      9854300) |########################################|        1 (profiler_analysis.cpp:700)
2026-10-10 15:29:55.811 | info     |           Metal |   [     9854300 ..      9854400) |                                        |        0 (profiler_analysis.cpp:700)
2026-10-10 15:29:55.811 | info     |           Metal |   [     9854400 ..      9854500) |                                        |        0 (profiler_analysis.cpp:700)
2026-10-10 15:29:55.811 | info     |           Metal |   [     9854500 ..      9854600) |                                        |        0 (profiler_analysis.cpp:700)
2026-10-10 15:29:55.811 | info     |           Metal |   [     9854600 ..      9854700) |                                        |        0 (profiler_analysis.cpp:700)
2026-10-10 15:29:55.811 | info     |           Metal |   [     9854700 ..      9854800) |                                        |        0 (profiler_analysis.cpp:700)
2026-10-10 15:29:55.811 | info     |           Metal |   [     9854800 ..      9854900) |                                        |        0 (profiler_analysis.cpp:700)
2026-10-10 15:29:55.811 | info     |           Metal |   [     9854900 ..      9855000) |                                        |        0 (profiler_analysis.cpp:700)
2026-10-10 15:29:55.811 | info     |           Metal |   [     9855000 ..      9855100) |                                        |        0 (profiler_analysis.cpp:700)
2026-10-10 15:29:55.811 | info     |           Metal |   [     9855100 ..      9855200) |                                        |        0 (profiler_analysis.cpp:700)
[SUBCHUNK] tiles_split=75 total_subchunks=1101 max_subchunks_per_tile=3 payload_pages=43664
[SORT] stage=ONELAUNCH P=2762186 P_kept=2762186 num_tiles=1024 max_tile_n=19314 onelaunch=0.22 layout=0.04 pub_host=0.15 total=0.42ms
OUT_RING new pinned slot (slots=4 grows=4 replaced=40)
2026-10-10 15:29:55.840 | info     |           Metal | Device kernel duration perf summary (device=0): count=1, min=9665378ns, avg=9665378.0ns, max=9665378ns (profiler_analysis.cpp:645)
2026-10-10 15:29:55.840 | info     |           Metal | Device kernel duration perf histogram (device=0): (buckets=10, bucket_size=100ns, range=[9665300..9666300), underflow(<9665300ns)=0, overflow(>=9666300ns)=0) (profiler_analysis.cpp:682)
2026-10-10 15:29:55.840 | info     |           Metal |   [     9665300 ..      9665400) |########################################|        1 (profiler_analysis.cpp:700)
2026-10-10 15:29:55.840 | info     |           Metal |   [     9665400 ..      9665500) |                                        |        0 (profiler_analysis.cpp:700)
2026-10-10 15:29:55.840 | info     |           Metal |   [     9665500 ..      9665600) |                                        |        0 (profiler_analysis.cpp:700)
2026-10-10 15:29:55.840 | info     |           Metal |   [     9665600 ..      9665700) |                                        |        0 (profiler_analysis.cpp:700)
2026-10-10 15:29:55.840 | info     |           Metal |   [     9665700 ..      9665800) |                                        |        0 (profiler_analysis.cpp:700)
2026-10-10 15:29:55.840 | info     |           Metal |   [     9665800 ..      9665900) |                                        |        0 (profiler_analysis.cpp:700)
2026-10-10 15:29:55.840 | info     |           Metal |   [     9665900 ..      9666000) |                                        |        0 (profiler_analysis.cpp:700)
2026-10-10 15:29:55.840 | info     |           Metal |   [     9666000 ..      9666100) |                                        |        0 (profiler_analysis.cpp:700)
2026-10-10 15:29:55.840 | info     |           Metal |   [     9666100 ..      9666200) |                                        |        0 (profiler_analysis.cpp:700)
2026-10-10 15:29:55.840 | info     |           Metal |   [     9666200 ..      9666300) |                                        |        0 (profiler_analysis.cpp:700)
[SUBCHUNK] tiles_split=80 total_subchunks=1106 max_subchunks_per_tile=3 payload_pages=42989
[SORT] stage=ONELAUNCH P=2719305 P_kept=2719305 num_tiles=1024 max_tile_n=19744 onelaunch=0.24 layout=0.04 pub_host=0.15 total=0.44ms
OUT_RING new pinned slot (slots=4 grows=4 replaced=41)
2026-10-10 15:29:55.871 | info     |           Metal | Device kernel duration perf summary (device=0): count=1, min=9620939ns, avg=9620939.0ns, max=9620939ns (profiler_analysis.cpp:645)
2026-10-10 15:29:55.871 | info     |           Metal | Device kernel duration perf histogram (device=0): (buckets=10, bucket_size=100ns, range=[9620900..9621900), underflow(<9620900ns)=0, overflow(>=9621900ns)=0) (profiler_analysis.cpp:682)
2026-10-10 15:29:55.871 | info     |           Metal |   [     9620900 ..      9621000) |########################################|        1 (profiler_analysis.cpp:700)
2026-10-10 15:29:55.871 | info     |           Metal |   [     9621000 ..      9621100) |                                        |        0 (profiler_analysis.cpp:700)
2026-10-10 15:29:55.871 | info     |           Metal |   [     9621100 ..      9621200) |                                        |        0 (profiler_analysis.cpp:700)
2026-10-10 15:29:55.871 | info     |           Metal |   [     9621200 ..      9621300) |                                        |        0 (profiler_analysis.cpp:700)
2026-10-10 15:29:55.871 | info     |           Metal |   [     9621300 ..      9621400) |                                        |        0 (profiler_analysis.cpp:700)
2026-10-10 15:29:55.871 | info     |           Metal |   [     9621400 ..      9621500) |                                        |        0 (profiler_analysis.cpp:700)
2026-10-10 15:29:55.871 | info     |           Metal |   [     9621500 ..      9621600) |                                        |        0 (profiler_analysis.cpp:700)
2026-10-10 15:29:55.871 | info     |           Metal |   [     9621600 ..      9621700) |                                        |        0 (profiler_analysis.cpp:700)
2026-10-10 15:29:55.871 | info     |           Metal |   [     9621700 ..      9621800) |                                        |        0 (profiler_analysis.cpp:700)
2026-10-10 15:29:55.871 | info     |           Metal |   [     9621800 ..      9621900) |                                        |        0 (profiler_analysis.cpp:700)
[SUBCHUNK] tiles_split=79 total_subchunks=1105 max_subchunks_per_tile=3 payload_pages=42964
[SORT] stage=ONELAUNCH P=2717542 P_kept=2717542 num_tiles=1024 max_tile_n=18173 onelaunch=0.32 layout=0.05 pub_host=0.16 total=0.53ms
OUT_RING new pinned slot (slots=4 grows=4 replaced=42)
2026-10-10 15:29:55.902 | info     |           Metal | Device kernel duration perf summary (device=0): count=1, min=9741892ns, avg=9741892.0ns, max=9741892ns (profiler_analysis.cpp:645)
2026-10-10 15:29:55.902 | info     |           Metal | Device kernel duration perf histogram (device=0): (buckets=10, bucket_size=100ns, range=[9741800..9742800), underflow(<9741800ns)=0, overflow(>=9742800ns)=0) (profiler_analysis.cpp:682)
2026-10-10 15:29:55.903 | info     |           Metal |   [     9741800 ..      9741900) |########################################|        1 (profiler_analysis.cpp:700)
2026-10-10 15:29:55.903 | info     |           Metal |   [     9741900 ..      9742000) |                                        |        0 (profiler_analysis.cpp:700)
2026-10-10 15:29:55.903 | info     |           Metal |   [     9742000 ..      9742100) |                                        |        0 (profiler_analysis.cpp:700)
2026-10-10 15:29:55.903 | info     |           Metal |   [     9742100 ..      9742200) |                                        |        0 (profiler_analysis.cpp:700)
2026-10-10 15:29:55.903 | info     |           Metal |   [     9742200 ..      9742300) |                                        |        0 (profiler_analysis.cpp:700)
2026-10-10 15:29:55.903 | info     |           Metal |   [     9742300 ..      9742400) |                                        |        0 (profiler_analysis.cpp:700)
2026-10-10 15:29:55.903 | info     |           Metal |   [     9742400 ..      9742500) |                                        |        0 (profiler_analysis.cpp:700)
2026-10-10 15:29:55.903 | info     |           Metal |   [     9742500 ..      9742600) |                                        |        0 (profiler_analysis.cpp:700)
2026-10-10 15:29:55.903 | info     |           Metal |   [     9742600 ..      9742700) |                                        |        0 (profiler_analysis.cpp:700)
2026-10-10 15:29:55.903 | info     |           Metal |   [     9742700 ..      9742800) |                                        |        0 (profiler_analysis.cpp:700)
[SUBCHUNK] tiles_split=82 total_subchunks=1110 max_subchunks_per_tile=3 payload_pages=43226
[SORT] stage=ONELAUNCH P=2733748 P_kept=2733748 num_tiles=1024 max_tile_n=18007 onelaunch=0.25 layout=0.05 pub_host=0.15 total=0.45ms
OUT_RING new pinned slot (slots=4 grows=4 replaced=43)
2026-10-10 15:29:55.932 | info     |           Metal | Device kernel duration perf summary (device=0): count=1, min=9682120ns, avg=9682120.0ns, max=9682120ns (profiler_analysis.cpp:645)
2026-10-10 15:29:55.932 | info     |           Metal | Device kernel duration perf histogram (device=0): (buckets=10, bucket_size=100ns, range=[9682100..9683100), underflow(<9682100ns)=0, overflow(>=9683100ns)=0) (profiler_analysis.cpp:682)
2026-10-10 15:29:55.932 | info     |           Metal |   [     9682100 ..      9682200) |########################################|        1 (profiler_analysis.cpp:700)
2026-10-10 15:29:55.932 | info     |           Metal |   [     9682200 ..      9682300) |                                        |        0 (profiler_analysis.cpp:700)
2026-10-10 15:29:55.932 | info     |           Metal |   [     9682300 ..      9682400) |                                        |        0 (profiler_analysis.cpp:700)
2026-10-10 15:29:55.932 | info     |           Metal |   [     9682400 ..      9682500) |                                        |        0 (profiler_analysis.cpp:700)
2026-10-10 15:29:55.932 | info     |           Metal |   [     9682500 ..      9682600) |                                        |        0 (profiler_analysis.cpp:700)
2026-10-10 15:29:55.932 | info     |           Metal |   [     9682600 ..      9682700) |                                        |        0 (profiler_analysis.cpp:700)
2026-10-10 15:29:55.932 | info     |           Metal |   [     9682700 ..      9682800) |                                        |        0 (profiler_analysis.cpp:700)
2026-10-10 15:29:55.932 | info     |           Metal |   [     9682800 ..      9682900) |                                        |        0 (profiler_analysis.cpp:700)
2026-10-10 15:29:55.932 | info     |           Metal |   [     9682900 ..      9683000) |                                        |        0 (profiler_analysis.cpp:700)
2026-10-10 15:29:55.932 | info     |           Metal |   [     9683000 ..      9683100) |                                        |        0 (profiler_analysis.cpp:700)
[SUBCHUNK] tiles_split=78 total_subchunks=1105 max_subchunks_per_tile=3 payload_pages=43149
[SORT] stage=ONELAUNCH P=2729054 P_kept=2729054 num_tiles=1024 max_tile_n=18629 onelaunch=0.24 layout=0.04 pub_host=0.15 total=0.44ms
OUT_RING new pinned slot (slots=4 grows=4 replaced=44)
2026-10-10 15:29:55.962 | info     |           Metal | Device kernel duration perf summary (device=0): count=1, min=9666908ns, avg=9666908.0ns, max=9666908ns (profiler_analysis.cpp:645)
2026-10-10 15:29:55.962 | info     |           Metal | Device kernel duration perf histogram (device=0): (buckets=10, bucket_size=100ns, range=[9666900..9667900), underflow(<9666900ns)=0, overflow(>=9667900ns)=0) (profiler_analysis.cpp:682)
2026-10-10 15:29:55.962 | info     |           Metal |   [     9666900 ..      9667000) |########################################|        1 (profiler_analysis.cpp:700)
2026-10-10 15:29:55.962 | info     |           Metal |   [     9667000 ..      9667100) |                                        |        0 (profiler_analysis.cpp:700)
2026-10-10 15:29:55.962 | info     |           Metal |   [     9667100 ..      9667200) |                                        |        0 (profiler_analysis.cpp:700)
2026-10-10 15:29:55.962 | info     |           Metal |   [     9667200 ..      9667300) |                                        |        0 (profiler_analysis.cpp:700)
2026-10-10 15:29:55.962 | info     |           Metal |   [     9667300 ..      9667400) |                                        |        0 (profiler_analysis.cpp:700)
2026-10-10 15:29:55.962 | info     |           Metal |   [     9667400 ..      9667500) |                                        |        0 (profiler_analysis.cpp:700)
2026-10-10 15:29:55.962 | info     |           Metal |   [     9667500 ..      9667600) |                                        |        0 (profiler_analysis.cpp:700)
2026-10-10 15:29:55.962 | info     |           Metal |   [     9667600 ..      9667700) |                                        |        0 (profiler_analysis.cpp:700)
2026-10-10 15:29:55.962 | info     |           Metal |   [     9667700 ..      9667800) |                                        |        0 (profiler_analysis.cpp:700)
2026-10-10 15:29:55.962 | info     |           Metal |   [     9667800 ..      9667900) |                                        |        0 (profiler_analysis.cpp:700)
[SUBCHUNK] tiles_split=85 total_subchunks=1112 max_subchunks_per_tile=3 payload_pages=42920
[SORT] stage=ONELAUNCH P=2713776 P_kept=2713776 num_tiles=1024 max_tile_n=18369 onelaunch=0.25 layout=0.05 pub_host=0.15 total=0.45ms
OUT_RING new pinned slot (slots=4 grows=4 replaced=45)
2026-10-10 15:29:55.992 | info     |           Metal | Device kernel duration perf summary (device=0): count=1, min=9604296ns, avg=9604296.0ns, max=9604296ns (profiler_analysis.cpp:645)
2026-10-10 15:29:55.992 | info     |           Metal | Device kernel duration perf histogram (device=0): (buckets=10, bucket_size=100ns, range=[9604200..9605200), underflow(<9604200ns)=0, overflow(>=9605200ns)=0) (profiler_analysis.cpp:682)
2026-10-10 15:29:55.992 | info     |           Metal |   [     9604200 ..      9604300) |########################################|        1 (profiler_analysis.cpp:700)
2026-10-10 15:29:55.992 | info     |           Metal |   [     9604300 ..      9604400) |                                        |        0 (profiler_analysis.cpp:700)
2026-10-10 15:29:55.992 | info     |           Metal |   [     9604400 ..      9604500) |                                        |        0 (profiler_analysis.cpp:700)
2026-10-10 15:29:55.992 | info     |           Metal |   [     9604500 ..      9604600) |                                        |        0 (profiler_analysis.cpp:700)
2026-10-10 15:29:55.992 | info     |           Metal |   [     9604600 ..      9604700) |                                        |        0 (profiler_analysis.cpp:700)
2026-10-10 15:29:55.992 | info     |           Metal |   [     9604700 ..      9604800) |                                        |        0 (profiler_analysis.cpp:700)
2026-10-10 15:29:55.992 | info     |           Metal |   [     9604800 ..      9604900) |                                        |        0 (profiler_analysis.cpp:700)
2026-10-10 15:29:55.992 | info     |           Metal |   [     9604900 ..      9605000) |                                        |        0 (profiler_analysis.cpp:700)
2026-10-10 15:29:55.992 | info     |           Metal |   [     9605000 ..      9605100) |                                        |        0 (profiler_analysis.cpp:700)
2026-10-10 15:29:55.992 | info     |           Metal |   [     9605100 ..      9605200) |                                        |        0 (profiler_analysis.cpp:700)
[SUBCHUNK] tiles_split=82 total_subchunks=1109 max_subchunks_per_tile=3 payload_pages=42444
[SORT] stage=ONELAUNCH P=2684908 P_kept=2684908 num_tiles=1024 max_tile_n=22330 onelaunch=0.24 layout=0.04 pub_host=0.15 total=0.44ms
OUT_RING new pinned slot (slots=4 grows=4 replaced=46)
2026-10-10 15:29:56.023 | info     |           Metal | Device kernel duration perf summary (device=0): count=1, min=9485081ns, avg=9485081.0ns, max=9485081ns (profiler_analysis.cpp:645)
2026-10-10 15:29:56.023 | info     |           Metal | Device kernel duration perf histogram (device=0): (buckets=10, bucket_size=100ns, range=[9485000..9486000), underflow(<9485000ns)=0, overflow(>=9486000ns)=0) (profiler_analysis.cpp:682)
2026-10-10 15:29:56.023 | info     |           Metal |   [     9485000 ..      9485100) |########################################|        1 (profiler_analysis.cpp:700)
2026-10-10 15:29:56.023 | info     |           Metal |   [     9485100 ..      9485200) |                                        |        0 (profiler_analysis.cpp:700)
2026-10-10 15:29:56.023 | info     |           Metal |   [     9485200 ..      9485300) |                                        |        0 (profiler_analysis.cpp:700)
2026-10-10 15:29:56.023 | info     |           Metal |   [     9485300 ..      9485400) |                                        |        0 (profiler_analysis.cpp:700)
2026-10-10 15:29:56.023 | info     |           Metal |   [     9485400 ..      9485500) |                                        |        0 (profiler_analysis.cpp:700)
2026-10-10 15:29:56.023 | info     |           Metal |   [     9485500 ..      9485600) |                                        |        0 (profiler_analysis.cpp:700)
2026-10-10 15:29:56.023 | info     |           Metal |   [     9485600 ..      9485700) |                                        |        0 (profiler_analysis.cpp:700)
2026-10-10 15:29:56.023 | info     |           Metal |   [     9485700 ..      9485800) |                                        |        0 (profiler_analysis.cpp:700)
2026-10-10 15:29:56.023 | info     |           Metal |   [     9485800 ..      9485900) |                                        |        0 (profiler_analysis.cpp:700)
2026-10-10 15:29:56.023 | info     |           Metal |   [     9485900 ..      9486000) |                                        |        0 (profiler_analysis.cpp:700)
[SUBCHUNK] tiles_split=84 total_subchunks=1111 max_subchunks_per_tile=3 payload_pages=41219
[SORT] stage=ONELAUNCH P=2605190 P_kept=2605190 num_tiles=1024 max_tile_n=18553 onelaunch=0.25 layout=0.05 pub_host=0.16 total=0.46ms
OUT_RING new pinned slot (slots=4 grows=4 replaced=47)
2026-10-10 15:29:56.054 | info     |           Metal | Device kernel duration perf summary (device=0): count=1, min=9216465ns, avg=9216465.0ns, max=9216465ns (profiler_analysis.cpp:645)
2026-10-10 15:29:56.054 | info     |           Metal | Device kernel duration perf histogram (device=0): (buckets=10, bucket_size=100ns, range=[9216400..9217400), underflow(<9216400ns)=0, overflow(>=9217400ns)=0) (profiler_analysis.cpp:682)
2026-10-10 15:29:56.054 | info     |           Metal |   [     9216400 ..      9216500) |########################################|        1 (profiler_analysis.cpp:700)
2026-10-10 15:29:56.054 | info     |           Metal |   [     9216500 ..      9216600) |                                        |        0 (profiler_analysis.cpp:700)
2026-10-10 15:29:56.054 | info     |           Metal |   [     9216600 ..      9216700) |                                        |        0 (profiler_analysis.cpp:700)
2026-10-10 15:29:56.054 | info     |           Metal |   [     9216700 ..      9216800) |                                        |        0 (profiler_analysis.cpp:700)
2026-10-10 15:29:56.054 | info     |           Metal |   [     9216800 ..      9216900) |                                        |        0 (profiler_analysis.cpp:700)
2026-10-10 15:29:56.054 | info     |           Metal |   [     9216900 ..      9217000) |                                        |        0 (profiler_analysis.cpp:700)
2026-10-10 15:29:56.054 | info     |           Metal |   [     9217000 ..      9217100) |                                        |        0 (profiler_analysis.cpp:700)
2026-10-10 15:29:56.054 | info     |           Metal |   [     9217100 ..      9217200) |                                        |        0 (profiler_analysis.cpp:700)
2026-10-10 15:29:56.054 | info     |           Metal |   [     9217200 ..      9217300) |                                        |        0 (profiler_analysis.cpp:700)
2026-10-10 15:29:56.054 | info     |           Metal |   [     9217300 ..      9217400) |                                        |        0 (profiler_analysis.cpp:700)
[SUBCHUNK] tiles_split=79 total_subchunks=1105 max_subchunks_per_tile=3 payload_pages=39602
[SORT] stage=ONELAUNCH P=2502433 P_kept=2502433 num_tiles=1024 max_tile_n=20113 onelaunch=0.41 layout=0.06 pub_host=0.23 total=0.70ms
OUT_RING new pinned slot (slots=4 grows=4 replaced=48)
2026-10-10 15:29:56.083 | info     |           Metal | Device kernel duration perf summary (device=0): count=1, min=9358002ns, avg=9358002.0ns, max=9358002ns (profiler_analysis.cpp:645)
2026-10-10 15:29:56.083 | info     |           Metal | Device kernel duration perf histogram (device=0): (buckets=10, bucket_size=100ns, range=[9358000..9359000), underflow(<9358000ns)=0, overflow(>=9359000ns)=0) (profiler_analysis.cpp:682)
2026-10-10 15:29:56.083 | info     |           Metal |   [     9358000 ..      9358100) |########################################|        1 (profiler_analysis.cpp:700)
2026-10-10 15:29:56.083 | info     |           Metal |   [     9358100 ..      9358200) |                                        |        0 (profiler_analysis.cpp:700)
2026-10-10 15:29:56.083 | info     |           Metal |   [     9358200 ..      9358300) |                                        |        0 (profiler_analysis.cpp:700)
2026-10-10 15:29:56.083 | info     |           Metal |   [     9358300 ..      9358400) |                                        |        0 (profiler_analysis.cpp:700)
2026-10-10 15:29:56.083 | info     |           Metal |   [     9358400 ..      9358500) |                                        |        0 (profiler_analysis.cpp:700)
2026-10-10 15:29:56.083 | info     |           Metal |   [     9358500 ..      9358600) |                                        |        0 (profiler_analysis.cpp:700)
2026-10-10 15:29:56.083 | info     |           Metal |   [     9358600 ..      9358700) |                                        |        0 (profiler_analysis.cpp:700)
2026-10-10 15:29:56.083 | info     |           Metal |   [     9358700 ..      9358800) |                                        |        0 (profiler_analysis.cpp:700)
2026-10-10 15:29:56.083 | info     |           Metal |   [     9358800 ..      9358900) |                                        |        0 (profiler_analysis.cpp:700)
2026-10-10 15:29:56.083 | info     |           Metal |   [     9358900 ..      9359000) |                                        |        0 (profiler_analysis.cpp:700)
[SUBCHUNK] tiles_split=74 total_subchunks=1101 max_subchunks_per_tile=3 payload_pages=36821
[SORT] stage=ONELAUNCH P=2324571 P_kept=2324571 num_tiles=1024 max_tile_n=18871 onelaunch=0.21 layout=0.04 pub_host=0.15 total=0.40ms
OUT_RING new pinned slot (slots=4 grows=4 replaced=49)
2026-10-10 15:29:56.113 | info     |           Metal | Device kernel duration perf summary (device=0): count=1, min=8574711ns, avg=8574711.0ns, max=8574711ns (profiler_analysis.cpp:645)
2026-10-10 15:29:56.113 | info     |           Metal | Device kernel duration perf histogram (device=0): (buckets=10, bucket_size=100ns, range=[8574700..8575700), underflow(<8574700ns)=0, overflow(>=8575700ns)=0) (profiler_analysis.cpp:682)
2026-10-10 15:29:56.113 | info     |           Metal |   [     8574700 ..      8574800) |########################################|        1 (profiler_analysis.cpp:700)
2026-10-10 15:29:56.113 | info     |           Metal |   [     8574800 ..      8574900) |                                        |        0 (profiler_analysis.cpp:700)
2026-10-10 15:29:56.113 | info     |           Metal |   [     8574900 ..      8575000) |                                        |        0 (profiler_analysis.cpp:700)
2026-10-10 15:29:56.113 | info     |           Metal |   [     8575000 ..      8575100) |                                        |        0 (profiler_analysis.cpp:700)
2026-10-10 15:29:56.113 | info     |           Metal |   [     8575100 ..      8575200) |                                        |        0 (profiler_analysis.cpp:700)
2026-10-10 15:29:56.113 | info     |           Metal |   [     8575200 ..      8575300) |                                        |        0 (profiler_analysis.cpp:700)
2026-10-10 15:29:56.113 | info     |           Metal |   [     8575300 ..      8575400) |                                        |        0 (profiler_analysis.cpp:700)
2026-10-10 15:29:56.113 | info     |           Metal |   [     8575400 ..      8575500) |                                        |        0 (profiler_analysis.cpp:700)
2026-10-10 15:29:56.113 | info     |           Metal |   [     8575500 ..      8575600) |                                        |        0 (profiler_analysis.cpp:700)
2026-10-10 15:29:56.113 | info     |           Metal |   [     8575600 ..      8575700) |                                        |        0 (profiler_analysis.cpp:700)
[SUBCHUNK] tiles_split=67 total_subchunks=1094 max_subchunks_per_tile=3 payload_pages=34703
[SORT] stage=ONELAUNCH P=2188463 P_kept=2188463 num_tiles=1024 max_tile_n=21416 onelaunch=0.24 layout=0.05 pub_host=0.16 total=0.45ms
OUT_RING new pinned slot (slots=4 grows=4 replaced=50)
2026-10-10 15:29:56.142 | info     |           Metal | Device kernel duration perf summary (device=0): count=1, min=8415188ns, avg=8415188.0ns, max=8415188ns (profiler_analysis.cpp:645)
2026-10-10 15:29:56.142 | info     |           Metal | Device kernel duration perf histogram (device=0): (buckets=10, bucket_size=100ns, range=[8415100..8416100), underflow(<8415100ns)=0, overflow(>=8416100ns)=0) (profiler_analysis.cpp:682)
2026-10-10 15:29:56.142 | info     |           Metal |   [     8415100 ..      8415200) |########################################|        1 (profiler_analysis.cpp:700)
2026-10-10 15:29:56.142 | info     |           Metal |   [     8415200 ..      8415300) |                                        |        0 (profiler_analysis.cpp:700)
2026-10-10 15:29:56.142 | info     |           Metal |   [     8415300 ..      8415400) |                                        |        0 (profiler_analysis.cpp:700)
2026-10-10 15:29:56.142 | info     |           Metal |   [     8415400 ..      8415500) |                                        |        0 (profiler_analysis.cpp:700)
2026-10-10 15:29:56.142 | info     |           Metal |   [     8415500 ..      8415600) |                                        |        0 (profiler_analysis.cpp:700)
2026-10-10 15:29:56.142 | info     |           Metal |   [     8415600 ..      8415700) |                                        |        0 (profiler_analysis.cpp:700)
2026-10-10 15:29:56.142 | info     |           Metal |   [     8415700 ..      8415800) |                                        |        0 (profiler_analysis.cpp:700)
2026-10-10 15:29:56.142 | info     |           Metal |   [     8415800 ..      8415900) |                                        |        0 (profiler_analysis.cpp:700)
2026-10-10 15:29:56.142 | info     |           Metal |   [     8415900 ..      8416000) |                                        |        0 (profiler_analysis.cpp:700)
2026-10-10 15:29:56.142 | info     |           Metal |   [     8416000 ..      8416100) |                                        |        0 (profiler_analysis.cpp:700)
[SUBCHUNK] tiles_split=65 total_subchunks=1092 max_subchunks_per_tile=3 payload_pages=33321
[SORT] stage=ONELAUNCH P=2100242 P_kept=2100242 num_tiles=1024 max_tile_n=21340 onelaunch=0.23 layout=0.04 pub_host=0.15 total=0.43ms
OUT_RING new pinned slot (slots=4 grows=4 replaced=51)
2026-10-10 15:29:56.171 | info     |           Metal | Device kernel duration perf summary (device=0): count=1, min=8231514ns, avg=8231514.0ns, max=8231514ns (profiler_analysis.cpp:645)
2026-10-10 15:29:56.171 | info     |           Metal | Device kernel duration perf histogram (device=0): (buckets=10, bucket_size=100ns, range=[8231500..8232500), underflow(<8231500ns)=0, overflow(>=8232500ns)=0) (profiler_analysis.cpp:682)
2026-10-10 15:29:56.171 | info     |           Metal |   [     8231500 ..      8231600) |########################################|        1 (profiler_analysis.cpp:700)
2026-10-10 15:29:56.171 | info     |           Metal |   [     8231600 ..      8231700) |                                        |        0 (profiler_analysis.cpp:700)
2026-10-10 15:29:56.171 | info     |           Metal |   [     8231700 ..      8231800) |                                        |        0 (profiler_analysis.cpp:700)
2026-10-10 15:29:56.171 | info     |           Metal |   [     8231800 ..      8231900) |                                        |        0 (profiler_analysis.cpp:700)
2026-10-10 15:29:56.171 | info     |           Metal |   [     8231900 ..      8232000) |                                        |        0 (profiler_analysis.cpp:700)
2026-10-10 15:29:56.171 | info     |           Metal |   [     8232000 ..      8232100) |                                        |        0 (profiler_analysis.cpp:700)
2026-10-10 15:29:56.171 | info     |           Metal |   [     8232100 ..      8232200) |                                        |        0 (profiler_analysis.cpp:700)
2026-10-10 15:29:56.171 | info     |           Metal |   [     8232200 ..      8232300) |                                        |        0 (profiler_analysis.cpp:700)
2026-10-10 15:29:56.171 | info     |           Metal |   [     8232300 ..      8232400) |                                        |        0 (profiler_analysis.cpp:700)
2026-10-10 15:29:56.171 | info     |           Metal |   [     8232400 ..      8232500) |                                        |        0 (profiler_analysis.cpp:700)
[SUBCHUNK] tiles_split=65 total_subchunks=1092 max_subchunks_per_tile=3 payload_pages=32586
[SORT] stage=ONELAUNCH P=2052961 P_kept=2052961 num_tiles=1024 max_tile_n=21713 onelaunch=0.25 layout=0.06 pub_host=0.18 total=0.49ms
OUT_RING new pinned slot (slots=4 grows=4 replaced=52)
2026-10-10 15:29:56.200 | info     |           Metal | Device kernel duration perf summary (device=0): count=1, min=8233454ns, avg=8233454.0ns, max=8233454ns (profiler_analysis.cpp:645)
2026-10-10 15:29:56.200 | info     |           Metal | Device kernel duration perf histogram (device=0): (buckets=10, bucket_size=100ns, range=[8233400..8234400), underflow(<8233400ns)=0, overflow(>=8234400ns)=0) (profiler_analysis.cpp:682)
2026-10-10 15:29:56.200 | info     |           Metal |   [     8233400 ..      8233500) |########################################|        1 (profiler_analysis.cpp:700)
2026-10-10 15:29:56.200 | info     |           Metal |   [     8233500 ..      8233600) |                                        |        0 (profiler_analysis.cpp:700)
2026-10-10 15:29:56.200 | info     |           Metal |   [     8233600 ..      8233700) |                                        |        0 (profiler_analysis.cpp:700)
2026-10-10 15:29:56.200 | info     |           Metal |   [     8233700 ..      8233800) |                                        |        0 (profiler_analysis.cpp:700)
2026-10-10 15:29:56.200 | info     |           Metal |   [     8233800 ..      8233900) |                                        |        0 (profiler_analysis.cpp:700)
2026-10-10 15:29:56.200 | info     |           Metal |   [     8233900 ..      8234000) |                                        |        0 (profiler_analysis.cpp:700)
2026-10-10 15:29:56.200 | info     |           Metal |   [     8234000 ..      8234100) |                                        |        0 (profiler_analysis.cpp:700)
2026-10-10 15:29:56.200 | info     |           Metal |   [     8234100 ..      8234200) |                                        |        0 (profiler_analysis.cpp:700)
2026-10-10 15:29:56.200 | info     |           Metal |   [     8234200 ..      8234300) |                                        |        0 (profiler_analysis.cpp:700)
2026-10-10 15:29:56.200 | info     |           Metal |   [     8234300 ..      8234400) |                                        |        0 (profiler_analysis.cpp:700)
[SUBCHUNK] tiles_split=60 total_subchunks=1087 max_subchunks_per_tile=3 payload_pages=32524
[SORT] stage=ONELAUNCH P=2050213 P_kept=2050213 num_tiles=1024 max_tile_n=20666 onelaunch=0.23 layout=0.05 pub_host=0.15 total=0.43ms
OUT_RING new pinned slot (slots=4 grows=4 replaced=53)
2026-10-10 15:29:56.225 | info     |           Metal | Device kernel duration perf summary (device=0): count=1, min=6463056ns, avg=6463056.0ns, max=6463056ns (profiler_analysis.cpp:645)
2026-10-10 15:29:56.225 | info     |           Metal | Device kernel duration perf histogram (device=0): (buckets=10, bucket_size=100ns, range=[6463000..6464000), underflow(<6463000ns)=0, overflow(>=6464000ns)=0) (profiler_analysis.cpp:682)
2026-10-10 15:29:56.225 | info     |           Metal |   [     6463000 ..      6463100) |########################################|        1 (profiler_analysis.cpp:700)
2026-10-10 15:29:56.225 | info     |           Metal |   [     6463100 ..      6463200) |                                        |        0 (profiler_analysis.cpp:700)
2026-10-10 15:29:56.225 | info     |           Metal |   [     6463200 ..      6463300) |                                        |        0 (profiler_analysis.cpp:700)
2026-10-10 15:29:56.225 | info     |           Metal |   [     6463300 ..      6463400) |                                        |        0 (profiler_analysis.cpp:700)
2026-10-10 15:29:56.225 | info     |           Metal |   [     6463400 ..      6463500) |                                        |        0 (profiler_analysis.cpp:700)
2026-10-10 15:29:56.225 | info     |           Metal |   [     6463500 ..      6463600) |                                        |        0 (profiler_analysis.cpp:700)
2026-10-10 15:29:56.225 | info     |           Metal |   [     6463600 ..      6463700) |                                        |        0 (profiler_analysis.cpp:700)
2026-10-10 15:29:56.225 | info     |           Metal |   [     6463700 ..      6463800) |                                        |        0 (profiler_analysis.cpp:700)
2026-10-10 15:29:56.225 | info     |           Metal |   [     6463800 ..      6463900) |                                        |        0 (profiler_analysis.cpp:700)
2026-10-10 15:29:56.225 | info     |           Metal |   [     6463900 ..      6464000) |                                        |        0 (profiler_analysis.cpp:700)
B2B_STAGES pass=1 views=30 gap_ms=0.00 t_end=1791646196.232 period=30.191 render=30.191 py_resid=0.088 head=0.004 project=0.786 tile_assign=0.003 sort=1.223 blend_setup=0.000 mat=0.000 cull=0.000 blend=5.697 d2h=0.004 assemble=0.000 tail=22.311 xview=0.073 view_total=30.104 sort_pread=0.002 sort_bin_count=0.000 sort_bin_hist_d2h=0.000 sort_bin_layout=0.046 sort_upload=0.000 sort_bin_emit=0.240 sort_kernel=0.000 sort_d2h=0.000 sort_compact=0.000 sort_publish_host=0.155 sort_publish_wait=0.000 sort_mat=0.035 project_cov3d=0.000 project_pfwc_setup=0.009 project_pfwc_rtargs=0.047 project_pfwc_chunkcull=0.000 project_pfwc_enqueue=0.015 project_pfwc_finish=0.000 project_gather_setup=0.002 project_gather_rtargs=0.000 project_gather_enqueue=0.000 project_gather_wait=0.783 project_gather_result=0.000 tile_assign_setup=0.002 tile_assign_rtargs=0.000 tile_assign_enqueue=0.000 tile_assign_scan_finish=0.000 tile_assign_p_d2h=0.000 tile_assign_k2_finish=0.000 tile_assign_publish=0.001
[run] B2B pass 1: 905.7 ms for 30 views = 30.191 ms/frame
B2B scene=bicycle n_views=30 passes=1 warmup=0 drop=no ms_frame=30.191 fps=33.12 ms_frame_median=30.191 pass_ms_frame=30.191 check_pass_ms_frame=30.215 raw_md5=5a438f5a gap_ms=0.00 render_ms_frame=30.191 xview_hits=59 xview_misses=0 identical_across_passes=yes out=/localdev/smarton/gstt2-t469/tmp/t484-s
TTW_TIMING b2b_ms_frame=30.191
TTW_TIMING b2b_ms_frame_median=30.191

Queue delay: 16 ns
Timer resolution: 0 ns

Frames: 2
Time span: 5.8 s
Zones: 1,858,213
Elapsed time: 5 s
Saving trace... done!
Trace size 17.17 MB (24.08% ratio)
2026-10-10 15:29:57.890 | INFO     | tracy:generate_report:154 - Host side ops time report generated at /localdev/smarton/gstt2-t469/tmp/t484/prof-s/.logs/tracy_ops_times.csv
2026-10-10 15:29:57.921 | INFO     | tracy:generate_report:165 - Host side ops data report generated at /localdev/smarton/gstt2-t469/tmp/t484/prof-s/.logs/tracy_ops_data.csv
2026-10-10 15:29:57.921 | INFO     | tracy.process_ops_logs:import_tracy_op_logs:255 - Importing ops logs
/localdev/smarton/tt-metal/tools/tracy/process_ops_logs.py:360: DtypeWarning: Columns (3) have mixed types. Specify dtype option on import or set low_memory=False.
  df = pd.read_csv(tracyOpTimesLog)
2026-10-10 15:30:00.611 | INFO     | tracy.process_ops_logs:get_device_data_generate_report:1014 - Copying runtime artifacts
2026-10-10 15:30:00.781 | INFO     | tracy.process_ops_logs:get_device_data_generate_report:1020 - Getting device only ops data
2026-10-10 15:30:07.244 | INFO     | tracy.process_device_log:core_to_device_timeseries:416 - Importing Data For Device Number : 0
2026-10-10 15:30:17.250 | INFO     | tracy.process_ops_logs:get_device_data_generate_report:1032 - Generating device op report ...
2026-10-10 15:30:17.303 | INFO     | tracy.process_ops_logs:get_device_data_generate_report:1210 - Device only OPs csv generated at: /localdev/smarton/gstt2-t469/tmp/t484/prof-s/reports/2026_10_10_15_30_00/ops_perf_results_2026_10_10_15_30_00.csv
2026-10-10 15:30:17.307 | INFO     | tracy.process_ops_logs:get_device_data_generate_report:1219 - Device only per core op to op times csv generated at: /localdev/smarton/gstt2-t469/tmp/t484/prof-s/reports/2026_10_10_15_30_00/per_core_op_to_op_times_2026_10_10_15_30_00.csv
