2026-10-10 15:30:31.409 | INFO     | __main__:main:175 - Setting profiler artifacts folder to /localdev/smarton/gstt2-t469/tmp/t484/prof-sr
2026-10-10 15:30:31.410 | INFO     | __main__:main:336 - Using port 8086
2026-10-10 15:30:31.410 | INFO     | tracy:run_report_setup:88 - Verifying tracy profiling tools
2026-10-10 15:30:31.414 | INFO     | tracy:run_report_setup:108 - Capture command: ('/localdev/smarton/tt-metal/build/tools/profiler/bin/capture-release -o /localdev/smarton/gstt2-t469/tmp/t484/prof-sr/.logs/tracy_profile_log_host.tracy -f -p 8086',)
Connecting to 127.0.0.1:8086...2026-10-10 15:30:31.419 | INFO     | __main__:main:400 - Test process started
2026-10-10 15:30:31.998 | INFO     | __main__:main:175 - Setting profiler artifacts folder to /localdev/smarton/gstt2-t469/tmp/t484/prof-sr
[eth] card p100a: worker dispatch (ETH default is p150 only)
[run] warmup (hero='hero', 1024x1024, scene=bicycle)
2026-10-10 15:30:33.574 | info     |             UMD | Creating TopologyDiscovery for architecture: blackhole (topology_discovery.cpp:75)
2026-10-10 15:30:33.574 | info     |             UMD | Starting topology discovery. (topology_discovery.cpp:92)
2026-10-10 15:30:33.577 | warning  |             UMD | Low power mode is disabled while UMD holds open file descriptors. The device will return to low power mode once all file descriptors are closed. (topology_discovery.cpp:140)
2026-10-10 15:30:33.577 | info     |             UMD | Established firmware bundle version: 19.12.0 (topology_discovery.cpp:544)
2026-10-10 15:30:33.577 | info     |             UMD | Firmware bundle version 19.12.0 on the system is newer than the latest fully tested version 19.5.0 for blackhole architecture. Newest features may not be supported. (topology_discovery.cpp:570)
2026-10-10 15:30:33.577 | info     |             UMD | Completed topology discovery. (topology_discovery.cpp:96)
2026-10-10 15:30:33.578 | info     |          Device | Opening user mode device driver (tt_cluster.cpp:225)
2026-10-10 15:30:33.578 | info     |             UMD | Cluster constructor started. (cluster.cpp:317)
2026-10-10 15:30:33.578 | info     |             UMD | Creating TopologyDiscovery for architecture: blackhole (topology_discovery.cpp:75)
2026-10-10 15:30:33.578 | info     |             UMD | Starting topology discovery. (topology_discovery.cpp:92)
2026-10-10 15:30:33.581 | warning  |             UMD | Low power mode is disabled while UMD holds open file descriptors. The device will return to low power mode once all file descriptors are closed. (topology_discovery.cpp:140)
2026-10-10 15:30:33.581 | info     |             UMD | Established firmware bundle version: 19.12.0 (topology_discovery.cpp:544)
2026-10-10 15:30:33.581 | info     |             UMD | Firmware bundle version 19.12.0 on the system is newer than the latest fully tested version 19.5.0 for blackhole architecture. Newest features may not be supported. (topology_discovery.cpp:570)
2026-10-10 15:30:33.581 | info     |             UMD | Completed topology discovery. (topology_discovery.cpp:96)
2026-10-10 15:30:33.581 | info     |             UMD | Harvesting masks for Chip 0: Tensix: 0x280 DRAM: 0x20 ETH: 0x3fff PCIe: 0x2 L2CPU: 0x0 (cluster.cpp:262)
2026-10-10 15:30:33.582 | info     |             UMD | Initializing iommu for sysmem (size: 0x40000000). (silicon_sysmem_manager.cpp:334)
2026-10-10 15:30:33.582 | info     |             UMD | Allocating sysmem for IOMMU (size: 0x40000000). (silicon_sysmem_manager.cpp:340)
2026-10-10 15:30:33.621 | info     |             UMD | Opening local chip ids/PCIe ids: {0}/[0] and remote chip ids {} (cluster.cpp:153)
2026-10-10 15:30:33.621 | info     |             UMD | IOMMU: enabled (cluster.cpp:133)
2026-10-10 15:30:33.621 | info     |             UMD | KMD version: 2.9.0 (cluster.cpp:136)
2026-10-10 15:30:33.621 | info     |             UMD | Cluster constructor completed. (cluster.cpp:409)
2026-10-10 15:30:33.622 | info     |             UMD | Starting devices in cluster (cluster.cpp:1044)
2026-10-10 15:30:33.622 | info     |             UMD | Mapped sysmem without hugepages to IOVA 0x80000000; NOC address 0x1000000000000000 (silicon_sysmem_manager.cpp:391)
2026-10-10 15:30:33.623 | info     |             UMD | Starting devices in cluster completed. (cluster.cpp:1052)
2026-10-10 15:30:34.110 | info     |     Distributed | Using auto discovery to generate mesh graph. (metal_env.cpp:332)
2026-10-10 15:30:34.110 | info     |     Distributed | Constructing control plane using auto-discovery (no mesh graph descriptor). (metal_env.cpp:394)
2026-10-10 15:30:34.110 | info     |             UMD | Creating TopologyDiscovery for architecture: blackhole (topology_discovery.cpp:75)
2026-10-10 15:30:34.110 | info     |             UMD | Starting topology discovery. (topology_discovery.cpp:92)
2026-10-10 15:30:34.111 | warning  |             UMD | Low power mode is disabled while UMD holds open file descriptors. The device will return to low power mode once all file descriptors are closed. (topology_discovery.cpp:140)
2026-10-10 15:30:34.112 | info     |             UMD | Established firmware bundle version: 19.12.0 (topology_discovery.cpp:544)
2026-10-10 15:30:34.112 | info     |             UMD | Firmware bundle version 19.12.0 on the system is newer than the latest fully tested version 19.5.0 for blackhole architecture. Newest features may not be supported. (topology_discovery.cpp:570)
2026-10-10 15:30:34.112 | info     |             UMD | Completed topology discovery. (topology_discovery.cpp:96)
2026-10-10 15:30:34.113 | warning  |          Always | Unknown motherboard 'X670E GAMING PLUS WIFI (MS-7E16)' for chip_id=0 (bus_id=0x1) — defaulting tray_id to 0. Add this motherboard and its bus IDs to mobo_to_bus_ids in physical_system_discovery.cpp. (physical_system_discovery.cpp:56)
2026-10-10 15:30:34.113 | info     |          Fabric | TopologyMapper: Logical Multi-Mesh Adjacency Map: (topology_mapper.cpp:1474)
2026-10-10 15:30:34.113 | info     |          Fabric |
=== Logical Mesh-Level Graph Adjacency Map ===
Total nodes: 1
Degree histogram: {0:1}
 (topology_solver.tpp:94)
2026-10-10 15:30:34.113 | info     |          Fabric |
=== Logical Mesh 0 Internal Graph Adjacency Map ===
Total nodes: 1
Degree histogram: {0:1}
 (topology_solver.tpp:94)
2026-10-10 15:30:34.113 | info     |          Fabric | TopologyMapper: Physical Multi-Mesh Adjacency Map: (topology_mapper.cpp:1485)
2026-10-10 15:30:34.113 | info     |          Fabric |
=== Physical Mesh-Level Graph Adjacency Map ===
Total nodes: 1
Degree histogram: {0:1}
 (topology_solver.tpp:94)
2026-10-10 15:30:34.113 | info     |          Fabric |
=== Physical Mesh 0 Internal Graph Adjacency Map ===
Total nodes: 1
Degree histogram: {0:1}
 (topology_solver.tpp:94)
2026-10-10 15:30:34.113 | info     |          Fabric | Starting multi-mesh mapping: 1 logical mesh(es) to 1 physical mesh(es) (topology_mapper_utils.cpp:1465)
2026-10-10 15:30:34.113 | info     |          Fabric | Multi-mesh mapping attempt 1/2: Trying inter-mesh mapping (topology_mapper_utils.cpp:1506)
2026-10-10 15:30:34.113 | info     |          Fabric | Attempt 1: Inter-mesh mapping succeeded, found 1 mesh pair(s) (topology_mapper_utils.cpp:1535)
2026-10-10 15:30:34.113 | info     |          Fabric | Attempt 1: Mapping 1 mesh pair(s) (topology_mapper_utils.cpp:1547)
2026-10-10 15:30:34.113 | info     |          Fabric | Attempt 1: Mapping mesh 0 -> 0 (topology_mapper_utils.cpp:1549)
2026-10-10 15:30:34.113 | info     |          Fabric | Multi-mesh mapping succeeded after 1 attempt(s): 1 mesh pair(s) mapped (topology_mapper_utils.cpp:1682)
2026-10-10 15:30:34.148 | info     |           Metal | Profiler started on device 0 (profiler_initializer.cpp:49)
2026-10-10 15:30:34.201 | info     |           Metal | ShmResourceTracker: removed stale shm '/tt_d2h_1069977_1459022449_0' (shm_resource_tracker.cpp:265)
2026-10-10 15:30:34.201 | info     |           Metal | ShmResourceTracker: removed stale manifest '/dev/shm/tt_socket_manifest_1069977' (shm_resource_tracker.cpp:275)
2026-10-10 15:30:34.201 | info     |           Metal | ShmResourceTracker: removed orphaned shm '/tt_device_198001_memory' (shm_resource_tracker.cpp:282)
2026-10-10 15:30:34.783 | info     |           Metal | [Real-time profiler] Device 0 sync complete: 100 samples, frequency=1.349982 GHz, device_time_at_sync=5232969118868 cycles (realtime_profiler_manager.cpp:1075)
[DEV] dispatch worker (worker), command queues 2, compute grid 11x10
[gsplat_tt::sort] bucket tile stride 512 pages, 7 DRAM banks
[JIT_WARMUP] ideal-path contexts compiled in 1226.3 ms
[gsplat_tt::pfwc] rec32 on: 32 B blend records, 2 per page
[TA] K2 fold=1 (enabled 1 dual 1 screen tiles 1024 speed split 1)
[SORT] ONELAUNCH early=1 why=0 (tiles 1024 row_pages 64 cores 110)
[SORT] ONELAUNCH v2 OL_PB=8 OL_RING=8 OL_WIN_PAGES=1024 OL_MAT_SELECT=0 OL_BREC_BULK=1 OL_EMIT_TOWN=1 cb_bytes/mover=567680 shared=22400
[SORT] ONELAUNCH k2_fold=1 early=1 cq1=1 (enqueued behind the K2; cores 110 row_pages 64 tiles 1024)
[SUBCHUNK] tiles_split=86 total_subchunks=1113 max_subchunks_per_tile=3 payload_pages=45770
[SORT] stage=ONELAUNCH P=2895629 P_kept=2895629 num_tiles=1024 max_tile_n=22979 onelaunch=0.18 layout=0.06 pub_host=0.15 total=0.43ms
OUT_RING new pinned slot (slots=1 grows=0 replaced=0)
MATBLEND_PROGRAM fz=1 zerocopy=1 pinned=1 frame=0
2026-10-10 15:30:36.129 | info     |           Metal | Device kernel duration perf summary (device=0): count=1, min=66019986ns, avg=66019986.0ns, max=66019986ns (profiler_analysis.cpp:645)
2026-10-10 15:30:36.129 | info     |           Metal | Device kernel duration perf histogram (device=0): (buckets=10, bucket_size=100ns, range=[66019900..66020900), underflow(<66019900ns)=0, overflow(>=66020900ns)=0) (profiler_analysis.cpp:682)
2026-10-10 15:30:36.129 | info     |           Metal |   [    66019900 ..     66020000) |########################################|        1 (profiler_analysis.cpp:700)
2026-10-10 15:30:36.129 | info     |           Metal |   [    66020000 ..     66020100) |                                        |        0 (profiler_analysis.cpp:700)
2026-10-10 15:30:36.129 | info     |           Metal |   [    66020100 ..     66020200) |                                        |        0 (profiler_analysis.cpp:700)
2026-10-10 15:30:36.129 | info     |           Metal |   [    66020200 ..     66020300) |                                        |        0 (profiler_analysis.cpp:700)
2026-10-10 15:30:36.129 | info     |           Metal |   [    66020300 ..     66020400) |                                        |        0 (profiler_analysis.cpp:700)
2026-10-10 15:30:36.129 | info     |           Metal |   [    66020400 ..     66020500) |                                        |        0 (profiler_analysis.cpp:700)
2026-10-10 15:30:36.129 | info     |           Metal |   [    66020500 ..     66020600) |                                        |        0 (profiler_analysis.cpp:700)
2026-10-10 15:30:36.129 | info     |           Metal |   [    66020600 ..     66020700) |                                        |        0 (profiler_analysis.cpp:700)
2026-10-10 15:30:36.129 | info     |           Metal |   [    66020700 ..     66020800) |                                        |        0 (profiler_analysis.cpp:700)
2026-10-10 15:30:36.129 | info     |           Metal |   [    66020800 ..     66020900) |                                        |        0 (profiler_analysis.cpp:700)
[run] timing 30 views (warmup excluded)
[SUBCHUNK] tiles_split=86 total_subchunks=1113 max_subchunks_per_tile=3 payload_pages=45770
[SORT] stage=ONELAUNCH P=2895629 P_kept=2895629 num_tiles=1024 max_tile_n=22979 onelaunch=0.23 layout=0.05 pub_host=0.15 total=0.43ms
OUT_RING new pinned slot (slots=2 grows=1 replaced=0)
2026-10-10 15:30:36.163 | info     |           Metal | Device kernel duration perf summary (device=0): count=1, min=11718589ns, avg=11718589.0ns, max=11718589ns (profiler_analysis.cpp:645)
2026-10-10 15:30:36.164 | info     |           Metal | Device kernel duration perf histogram (device=0): (buckets=10, bucket_size=100ns, range=[11718500..11719500), underflow(<11718500ns)=0, overflow(>=11719500ns)=0) (profiler_analysis.cpp:682)
2026-10-10 15:30:36.164 | info     |           Metal |   [    11718500 ..     11718600) |########################################|        1 (profiler_analysis.cpp:700)
2026-10-10 15:30:36.164 | info     |           Metal |   [    11718600 ..     11718700) |                                        |        0 (profiler_analysis.cpp:700)
2026-10-10 15:30:36.164 | info     |           Metal |   [    11718700 ..     11718800) |                                        |        0 (profiler_analysis.cpp:700)
2026-10-10 15:30:36.164 | info     |           Metal |   [    11718800 ..     11718900) |                                        |        0 (profiler_analysis.cpp:700)
2026-10-10 15:30:36.164 | info     |           Metal |   [    11718900 ..     11719000) |                                        |        0 (profiler_analysis.cpp:700)
2026-10-10 15:30:36.164 | info     |           Metal |   [    11719000 ..     11719100) |                                        |        0 (profiler_analysis.cpp:700)
2026-10-10 15:30:36.164 | info     |           Metal |   [    11719100 ..     11719200) |                                        |        0 (profiler_analysis.cpp:700)
2026-10-10 15:30:36.164 | info     |           Metal |   [    11719200 ..     11719300) |                                        |        0 (profiler_analysis.cpp:700)
2026-10-10 15:30:36.164 | info     |           Metal |   [    11719300 ..     11719400) |                                        |        0 (profiler_analysis.cpp:700)
2026-10-10 15:30:36.164 | info     |           Metal |   [    11719400 ..     11719500) |                                        |        0 (profiler_analysis.cpp:700)
[SUBCHUNK] tiles_split=64 total_subchunks=1090 max_subchunks_per_tile=3 payload_pages=33181
[SORT] stage=ONELAUNCH P=2090575 P_kept=2090575 num_tiles=1024 max_tile_n=19171 onelaunch=0.21 layout=0.05 pub_host=0.15 total=0.40ms
OUT_RING new pinned slot (slots=3 grows=2 replaced=0)
2026-10-10 15:30:36.195 | info     |           Metal | Device kernel duration perf summary (device=0): count=1, min=8112053ns, avg=8112053.0ns, max=8112053ns (profiler_analysis.cpp:645)
2026-10-10 15:30:36.195 | info     |           Metal | Device kernel duration perf histogram (device=0): (buckets=10, bucket_size=100ns, range=[8112000..8113000), underflow(<8112000ns)=0, overflow(>=8113000ns)=0) (profiler_analysis.cpp:682)
2026-10-10 15:30:36.195 | info     |           Metal |   [     8112000 ..      8112100) |########################################|        1 (profiler_analysis.cpp:700)
2026-10-10 15:30:36.195 | info     |           Metal |   [     8112100 ..      8112200) |                                        |        0 (profiler_analysis.cpp:700)
2026-10-10 15:30:36.195 | info     |           Metal |   [     8112200 ..      8112300) |                                        |        0 (profiler_analysis.cpp:700)
2026-10-10 15:30:36.195 | info     |           Metal |   [     8112300 ..      8112400) |                                        |        0 (profiler_analysis.cpp:700)
2026-10-10 15:30:36.195 | info     |           Metal |   [     8112400 ..      8112500) |                                        |        0 (profiler_analysis.cpp:700)
2026-10-10 15:30:36.195 | info     |           Metal |   [     8112500 ..      8112600) |                                        |        0 (profiler_analysis.cpp:700)
2026-10-10 15:30:36.195 | info     |           Metal |   [     8112600 ..      8112700) |                                        |        0 (profiler_analysis.cpp:700)
2026-10-10 15:30:36.195 | info     |           Metal |   [     8112700 ..      8112800) |                                        |        0 (profiler_analysis.cpp:700)
2026-10-10 15:30:36.195 | info     |           Metal |   [     8112800 ..      8112900) |                                        |        0 (profiler_analysis.cpp:700)
2026-10-10 15:30:36.195 | info     |           Metal |   [     8112900 ..      8113000) |                                        |        0 (profiler_analysis.cpp:700)
[SUBCHUNK] tiles_split=63 total_subchunks=1090 max_subchunks_per_tile=3 payload_pages=34324
[SORT] stage=ONELAUNCH P=2164042 P_kept=2164042 num_tiles=1024 max_tile_n=18956 onelaunch=0.19 layout=0.05 pub_host=0.15 total=0.39ms
OUT_RING new pinned slot (slots=4 grows=3 replaced=0)
2026-10-10 15:30:36.224 | info     |           Metal | Device kernel duration perf summary (device=0): count=1, min=8287517ns, avg=8287517.0ns, max=8287517ns (profiler_analysis.cpp:645)
2026-10-10 15:30:36.224 | info     |           Metal | Device kernel duration perf histogram (device=0): (buckets=10, bucket_size=100ns, range=[8287500..8288500), underflow(<8287500ns)=0, overflow(>=8288500ns)=0) (profiler_analysis.cpp:682)
2026-10-10 15:30:36.224 | info     |           Metal |   [     8287500 ..      8287600) |########################################|        1 (profiler_analysis.cpp:700)
2026-10-10 15:30:36.224 | info     |           Metal |   [     8287600 ..      8287700) |                                        |        0 (profiler_analysis.cpp:700)
2026-10-10 15:30:36.224 | info     |           Metal |   [     8287700 ..      8287800) |                                        |        0 (profiler_analysis.cpp:700)
2026-10-10 15:30:36.224 | info     |           Metal |   [     8287800 ..      8287900) |                                        |        0 (profiler_analysis.cpp:700)
2026-10-10 15:30:36.224 | info     |           Metal |   [     8287900 ..      8288000) |                                        |        0 (profiler_analysis.cpp:700)
2026-10-10 15:30:36.224 | info     |           Metal |   [     8288000 ..      8288100) |                                        |        0 (profiler_analysis.cpp:700)
2026-10-10 15:30:36.224 | info     |           Metal |   [     8288100 ..      8288200) |                                        |        0 (profiler_analysis.cpp:700)
2026-10-10 15:30:36.224 | info     |           Metal |   [     8288200 ..      8288300) |                                        |        0 (profiler_analysis.cpp:700)
2026-10-10 15:30:36.224 | info     |           Metal |   [     8288300 ..      8288400) |                                        |        0 (profiler_analysis.cpp:700)
2026-10-10 15:30:36.224 | info     |           Metal |   [     8288400 ..      8288500) |                                        |        0 (profiler_analysis.cpp:700)
[SUBCHUNK] tiles_split=66 total_subchunks=1093 max_subchunks_per_tile=3 payload_pages=35760
[SORT] stage=ONELAUNCH P=2255766 P_kept=2255766 num_tiles=1024 max_tile_n=18906 onelaunch=0.23 layout=0.05 pub_host=0.15 total=0.43ms
OUT_RING new pinned slot (slots=4 grows=4 replaced=0)
2026-10-10 15:30:36.253 | info     |           Metal | Device kernel duration perf summary (device=0): count=1, min=8533943ns, avg=8533943.0ns, max=8533943ns (profiler_analysis.cpp:645)
2026-10-10 15:30:36.253 | info     |           Metal | Device kernel duration perf histogram (device=0): (buckets=10, bucket_size=100ns, range=[8533900..8534900), underflow(<8533900ns)=0, overflow(>=8534900ns)=0) (profiler_analysis.cpp:682)
2026-10-10 15:30:36.253 | info     |           Metal |   [     8533900 ..      8534000) |########################################|        1 (profiler_analysis.cpp:700)
2026-10-10 15:30:36.253 | info     |           Metal |   [     8534000 ..      8534100) |                                        |        0 (profiler_analysis.cpp:700)
2026-10-10 15:30:36.253 | info     |           Metal |   [     8534100 ..      8534200) |                                        |        0 (profiler_analysis.cpp:700)
2026-10-10 15:30:36.253 | info     |           Metal |   [     8534200 ..      8534300) |                                        |        0 (profiler_analysis.cpp:700)
2026-10-10 15:30:36.253 | info     |           Metal |   [     8534300 ..      8534400) |                                        |        0 (profiler_analysis.cpp:700)
2026-10-10 15:30:36.253 | info     |           Metal |   [     8534400 ..      8534500) |                                        |        0 (profiler_analysis.cpp:700)
2026-10-10 15:30:36.253 | info     |           Metal |   [     8534500 ..      8534600) |                                        |        0 (profiler_analysis.cpp:700)
2026-10-10 15:30:36.253 | info     |           Metal |   [     8534600 ..      8534700) |                                        |        0 (profiler_analysis.cpp:700)
2026-10-10 15:30:36.253 | info     |           Metal |   [     8534700 ..      8534800) |                                        |        0 (profiler_analysis.cpp:700)
2026-10-10 15:30:36.253 | info     |           Metal |   [     8534800 ..      8534900) |                                        |        0 (profiler_analysis.cpp:700)
[SUBCHUNK] tiles_split=62 total_subchunks=1090 max_subchunks_per_tile=3 payload_pages=37612
[SORT] stage=ONELAUNCH P=2374790 P_kept=2374790 num_tiles=1024 max_tile_n=17834 onelaunch=0.25 layout=0.05 pub_host=0.15 total=0.45ms
OUT_RING new pinned slot (slots=4 grows=4 replaced=1)
2026-10-10 15:30:36.282 | info     |           Metal | Device kernel duration perf summary (device=0): count=1, min=8806976ns, avg=8806976.0ns, max=8806976ns (profiler_analysis.cpp:645)
2026-10-10 15:30:36.282 | info     |           Metal | Device kernel duration perf histogram (device=0): (buckets=10, bucket_size=100ns, range=[8806900..8807900), underflow(<8806900ns)=0, overflow(>=8807900ns)=0) (profiler_analysis.cpp:682)
2026-10-10 15:30:36.282 | info     |           Metal |   [     8806900 ..      8807000) |########################################|        1 (profiler_analysis.cpp:700)
2026-10-10 15:30:36.282 | info     |           Metal |   [     8807000 ..      8807100) |                                        |        0 (profiler_analysis.cpp:700)
2026-10-10 15:30:36.282 | info     |           Metal |   [     8807100 ..      8807200) |                                        |        0 (profiler_analysis.cpp:700)
2026-10-10 15:30:36.282 | info     |           Metal |   [     8807200 ..      8807300) |                                        |        0 (profiler_analysis.cpp:700)
2026-10-10 15:30:36.282 | info     |           Metal |   [     8807300 ..      8807400) |                                        |        0 (profiler_analysis.cpp:700)
2026-10-10 15:30:36.282 | info     |           Metal |   [     8807400 ..      8807500) |                                        |        0 (profiler_analysis.cpp:700)
2026-10-10 15:30:36.282 | info     |           Metal |   [     8807500 ..      8807600) |                                        |        0 (profiler_analysis.cpp:700)
2026-10-10 15:30:36.282 | info     |           Metal |   [     8807600 ..      8807700) |                                        |        0 (profiler_analysis.cpp:700)
2026-10-10 15:30:36.282 | info     |           Metal |   [     8807700 ..      8807800) |                                        |        0 (profiler_analysis.cpp:700)
2026-10-10 15:30:36.282 | info     |           Metal |   [     8807800 ..      8807900) |                                        |        0 (profiler_analysis.cpp:700)
[SUBCHUNK] tiles_split=68 total_subchunks=1096 max_subchunks_per_tile=3 payload_pages=39937
[SORT] stage=ONELAUNCH P=2523377 P_kept=2523377 num_tiles=1024 max_tile_n=20034 onelaunch=0.25 layout=0.05 pub_host=0.15 total=0.45ms
OUT_RING new pinned slot (slots=4 grows=4 replaced=2)
2026-10-10 15:30:36.311 | info     |           Metal | Device kernel duration perf summary (device=0): count=1, min=9195998ns, avg=9195998.0ns, max=9195998ns (profiler_analysis.cpp:645)
2026-10-10 15:30:36.311 | info     |           Metal | Device kernel duration perf histogram (device=0): (buckets=10, bucket_size=100ns, range=[9195900..9196900), underflow(<9195900ns)=0, overflow(>=9196900ns)=0) (profiler_analysis.cpp:682)
2026-10-10 15:30:36.311 | info     |           Metal |   [     9195900 ..      9196000) |########################################|        1 (profiler_analysis.cpp:700)
2026-10-10 15:30:36.311 | info     |           Metal |   [     9196000 ..      9196100) |                                        |        0 (profiler_analysis.cpp:700)
2026-10-10 15:30:36.311 | info     |           Metal |   [     9196100 ..      9196200) |                                        |        0 (profiler_analysis.cpp:700)
2026-10-10 15:30:36.311 | info     |           Metal |   [     9196200 ..      9196300) |                                        |        0 (profiler_analysis.cpp:700)
2026-10-10 15:30:36.311 | info     |           Metal |   [     9196300 ..      9196400) |                                        |        0 (profiler_analysis.cpp:700)
2026-10-10 15:30:36.311 | info     |           Metal |   [     9196400 ..      9196500) |                                        |        0 (profiler_analysis.cpp:700)
2026-10-10 15:30:36.311 | info     |           Metal |   [     9196500 ..      9196600) |                                        |        0 (profiler_analysis.cpp:700)
2026-10-10 15:30:36.311 | info     |           Metal |   [     9196600 ..      9196700) |                                        |        0 (profiler_analysis.cpp:700)
2026-10-10 15:30:36.311 | info     |           Metal |   [     9196700 ..      9196800) |                                        |        0 (profiler_analysis.cpp:700)
2026-10-10 15:30:36.311 | info     |           Metal |   [     9196800 ..      9196900) |                                        |        0 (profiler_analysis.cpp:700)
[SUBCHUNK] tiles_split=70 total_subchunks=1097 max_subchunks_per_tile=3 payload_pages=43036
[SORT] stage=ONELAUNCH P=2722282 P_kept=2722282 num_tiles=1024 max_tile_n=22369 onelaunch=0.26 layout=0.05 pub_host=0.20 total=0.53ms
OUT_RING new pinned slot (slots=4 grows=4 replaced=3)
2026-10-10 15:30:36.341 | info     |           Metal | Device kernel duration perf summary (device=0): count=1, min=9747795ns, avg=9747795.0ns, max=9747795ns (profiler_analysis.cpp:645)
2026-10-10 15:30:36.341 | info     |           Metal | Device kernel duration perf histogram (device=0): (buckets=10, bucket_size=100ns, range=[9747700..9748700), underflow(<9747700ns)=0, overflow(>=9748700ns)=0) (profiler_analysis.cpp:682)
2026-10-10 15:30:36.341 | info     |           Metal |   [     9747700 ..      9747800) |########################################|        1 (profiler_analysis.cpp:700)
2026-10-10 15:30:36.341 | info     |           Metal |   [     9747800 ..      9747900) |                                        |        0 (profiler_analysis.cpp:700)
2026-10-10 15:30:36.341 | info     |           Metal |   [     9747900 ..      9748000) |                                        |        0 (profiler_analysis.cpp:700)
2026-10-10 15:30:36.341 | info     |           Metal |   [     9748000 ..      9748100) |                                        |        0 (profiler_analysis.cpp:700)
2026-10-10 15:30:36.341 | info     |           Metal |   [     9748100 ..      9748200) |                                        |        0 (profiler_analysis.cpp:700)
2026-10-10 15:30:36.341 | info     |           Metal |   [     9748200 ..      9748300) |                                        |        0 (profiler_analysis.cpp:700)
2026-10-10 15:30:36.341 | info     |           Metal |   [     9748300 ..      9748400) |                                        |        0 (profiler_analysis.cpp:700)
2026-10-10 15:30:36.341 | info     |           Metal |   [     9748400 ..      9748500) |                                        |        0 (profiler_analysis.cpp:700)
2026-10-10 15:30:36.341 | info     |           Metal |   [     9748500 ..      9748600) |                                        |        0 (profiler_analysis.cpp:700)
2026-10-10 15:30:36.341 | info     |           Metal |   [     9748600 ..      9748700) |                                        |        0 (profiler_analysis.cpp:700)
[SUBCHUNK] tiles_split=75 total_subchunks=1104 max_subchunks_per_tile=3 payload_pages=45752
[SORT] stage=ONELAUNCH P=2895762 P_kept=2895762 num_tiles=1024 max_tile_n=21267 onelaunch=0.29 layout=0.05 pub_host=0.23 total=0.57ms
OUT_RING new pinned slot (slots=4 grows=4 replaced=4)
2026-10-10 15:30:36.375 | info     |           Metal | Device kernel duration perf summary (device=0): count=1, min=10186570ns, avg=10186570.0ns, max=10186570ns (profiler_analysis.cpp:645)
2026-10-10 15:30:36.375 | info     |           Metal | Device kernel duration perf histogram (device=0): (buckets=10, bucket_size=100ns, range=[10186500..10187500), underflow(<10186500ns)=0, overflow(>=10187500ns)=0) (profiler_analysis.cpp:682)
2026-10-10 15:30:36.375 | info     |           Metal |   [    10186500 ..     10186600) |########################################|        1 (profiler_analysis.cpp:700)
2026-10-10 15:30:36.375 | info     |           Metal |   [    10186600 ..     10186700) |                                        |        0 (profiler_analysis.cpp:700)
2026-10-10 15:30:36.375 | info     |           Metal |   [    10186700 ..     10186800) |                                        |        0 (profiler_analysis.cpp:700)
2026-10-10 15:30:36.375 | info     |           Metal |   [    10186800 ..     10186900) |                                        |        0 (profiler_analysis.cpp:700)
2026-10-10 15:30:36.375 | info     |           Metal |   [    10186900 ..     10187000) |                                        |        0 (profiler_analysis.cpp:700)
2026-10-10 15:30:36.375 | info     |           Metal |   [    10187000 ..     10187100) |                                        |        0 (profiler_analysis.cpp:700)
2026-10-10 15:30:36.375 | info     |           Metal |   [    10187100 ..     10187200) |                                        |        0 (profiler_analysis.cpp:700)
2026-10-10 15:30:36.375 | info     |           Metal |   [    10187200 ..     10187300) |                                        |        0 (profiler_analysis.cpp:700)
2026-10-10 15:30:36.375 | info     |           Metal |   [    10187300 ..     10187400) |                                        |        0 (profiler_analysis.cpp:700)
2026-10-10 15:30:36.375 | info     |           Metal |   [    10187400 ..     10187500) |                                        |        0 (profiler_analysis.cpp:700)
[SUBCHUNK] tiles_split=81 total_subchunks=1109 max_subchunks_per_tile=3 payload_pages=48611
[SORT] stage=ONELAUNCH P=3078956 P_kept=3078956 num_tiles=1024 max_tile_n=21032 onelaunch=0.28 layout=0.05 pub_host=0.15 total=0.49ms
OUT_RING new pinned slot (slots=4 grows=4 replaced=5)
2026-10-10 15:30:36.406 | info     |           Metal | Device kernel duration perf summary (device=0): count=1, min=10593366ns, avg=10593366.0ns, max=10593366ns (profiler_analysis.cpp:645)
2026-10-10 15:30:36.406 | info     |           Metal | Device kernel duration perf histogram (device=0): (buckets=10, bucket_size=100ns, range=[10593300..10594300), underflow(<10593300ns)=0, overflow(>=10594300ns)=0) (profiler_analysis.cpp:682)
2026-10-10 15:30:36.406 | info     |           Metal |   [    10593300 ..     10593400) |########################################|        1 (profiler_analysis.cpp:700)
2026-10-10 15:30:36.406 | info     |           Metal |   [    10593400 ..     10593500) |                                        |        0 (profiler_analysis.cpp:700)
2026-10-10 15:30:36.406 | info     |           Metal |   [    10593500 ..     10593600) |                                        |        0 (profiler_analysis.cpp:700)
2026-10-10 15:30:36.406 | info     |           Metal |   [    10593600 ..     10593700) |                                        |        0 (profiler_analysis.cpp:700)
2026-10-10 15:30:36.406 | info     |           Metal |   [    10593700 ..     10593800) |                                        |        0 (profiler_analysis.cpp:700)
2026-10-10 15:30:36.406 | info     |           Metal |   [    10593800 ..     10593900) |                                        |        0 (profiler_analysis.cpp:700)
2026-10-10 15:30:36.406 | info     |           Metal |   [    10593900 ..     10594000) |                                        |        0 (profiler_analysis.cpp:700)
2026-10-10 15:30:36.406 | info     |           Metal |   [    10594000 ..     10594100) |                                        |        0 (profiler_analysis.cpp:700)
2026-10-10 15:30:36.406 | info     |           Metal |   [    10594100 ..     10594200) |                                        |        0 (profiler_analysis.cpp:700)
2026-10-10 15:30:36.406 | info     |           Metal |   [    10594200 ..     10594300) |                                        |        0 (profiler_analysis.cpp:700)
[SUBCHUNK] tiles_split=85 total_subchunks=1114 max_subchunks_per_tile=3 payload_pages=49703
[SORT] stage=ONELAUNCH P=3149841 P_kept=3149841 num_tiles=1024 max_tile_n=19047 onelaunch=0.27 layout=0.05 pub_host=0.16 total=0.48ms
OUT_RING new pinned slot (slots=4 grows=4 replaced=6)
2026-10-10 15:30:36.438 | info     |           Metal | Device kernel duration perf summary (device=0): count=1, min=10860373ns, avg=10860373.0ns, max=10860373ns (profiler_analysis.cpp:645)
2026-10-10 15:30:36.438 | info     |           Metal | Device kernel duration perf histogram (device=0): (buckets=10, bucket_size=100ns, range=[10860300..10861300), underflow(<10860300ns)=0, overflow(>=10861300ns)=0) (profiler_analysis.cpp:682)
2026-10-10 15:30:36.438 | info     |           Metal |   [    10860300 ..     10860400) |########################################|        1 (profiler_analysis.cpp:700)
2026-10-10 15:30:36.438 | info     |           Metal |   [    10860400 ..     10860500) |                                        |        0 (profiler_analysis.cpp:700)
2026-10-10 15:30:36.438 | info     |           Metal |   [    10860500 ..     10860600) |                                        |        0 (profiler_analysis.cpp:700)
2026-10-10 15:30:36.438 | info     |           Metal |   [    10860600 ..     10860700) |                                        |        0 (profiler_analysis.cpp:700)
2026-10-10 15:30:36.438 | info     |           Metal |   [    10860700 ..     10860800) |                                        |        0 (profiler_analysis.cpp:700)
2026-10-10 15:30:36.438 | info     |           Metal |   [    10860800 ..     10860900) |                                        |        0 (profiler_analysis.cpp:700)
2026-10-10 15:30:36.438 | info     |           Metal |   [    10860900 ..     10861000) |                                        |        0 (profiler_analysis.cpp:700)
2026-10-10 15:30:36.438 | info     |           Metal |   [    10861000 ..     10861100) |                                        |        0 (profiler_analysis.cpp:700)
2026-10-10 15:30:36.438 | info     |           Metal |   [    10861100 ..     10861200) |                                        |        0 (profiler_analysis.cpp:700)
2026-10-10 15:30:36.438 | info     |           Metal |   [    10861200 ..     10861300) |                                        |        0 (profiler_analysis.cpp:700)
[SUBCHUNK] tiles_split=84 total_subchunks=1113 max_subchunks_per_tile=3 payload_pages=50216
[SORT] stage=ONELAUNCH P=3181780 P_kept=3181780 num_tiles=1024 max_tile_n=19358 onelaunch=0.26 layout=0.05 pub_host=0.16 total=0.47ms
OUT_RING new pinned slot (slots=4 grows=4 replaced=7)
2026-10-10 15:30:36.469 | info     |           Metal | Device kernel duration perf summary (device=0): count=1, min=10883687ns, avg=10883687.0ns, max=10883687ns (profiler_analysis.cpp:645)
2026-10-10 15:30:36.469 | info     |           Metal | Device kernel duration perf histogram (device=0): (buckets=10, bucket_size=100ns, range=[10883600..10884600), underflow(<10883600ns)=0, overflow(>=10884600ns)=0) (profiler_analysis.cpp:682)
2026-10-10 15:30:36.469 | info     |           Metal |   [    10883600 ..     10883700) |########################################|        1 (profiler_analysis.cpp:700)
2026-10-10 15:30:36.469 | info     |           Metal |   [    10883700 ..     10883800) |                                        |        0 (profiler_analysis.cpp:700)
2026-10-10 15:30:36.469 | info     |           Metal |   [    10883800 ..     10883900) |                                        |        0 (profiler_analysis.cpp:700)
2026-10-10 15:30:36.469 | info     |           Metal |   [    10883900 ..     10884000) |                                        |        0 (profiler_analysis.cpp:700)
2026-10-10 15:30:36.469 | info     |           Metal |   [    10884000 ..     10884100) |                                        |        0 (profiler_analysis.cpp:700)
2026-10-10 15:30:36.469 | info     |           Metal |   [    10884100 ..     10884200) |                                        |        0 (profiler_analysis.cpp:700)
2026-10-10 15:30:36.469 | info     |           Metal |   [    10884200 ..     10884300) |                                        |        0 (profiler_analysis.cpp:700)
2026-10-10 15:30:36.469 | info     |           Metal |   [    10884300 ..     10884400) |                                        |        0 (profiler_analysis.cpp:700)
2026-10-10 15:30:36.469 | info     |           Metal |   [    10884400 ..     10884500) |                                        |        0 (profiler_analysis.cpp:700)
2026-10-10 15:30:36.469 | info     |           Metal |   [    10884500 ..     10884600) |                                        |        0 (profiler_analysis.cpp:700)
[SUBCHUNK] tiles_split=81 total_subchunks=1109 max_subchunks_per_tile=3 payload_pages=50327
[SORT] stage=ONELAUNCH P=3188467 P_kept=3188467 num_tiles=1024 max_tile_n=19519 onelaunch=0.25 layout=0.05 pub_host=0.16 total=0.46ms
OUT_RING new pinned slot (slots=4 grows=4 replaced=8)
2026-10-10 15:30:36.500 | info     |           Metal | Device kernel duration perf summary (device=0): count=1, min=10820910ns, avg=10820910.0ns, max=10820910ns (profiler_analysis.cpp:645)
2026-10-10 15:30:36.500 | info     |           Metal | Device kernel duration perf histogram (device=0): (buckets=10, bucket_size=100ns, range=[10820900..10821900), underflow(<10820900ns)=0, overflow(>=10821900ns)=0) (profiler_analysis.cpp:682)
2026-10-10 15:30:36.500 | info     |           Metal |   [    10820900 ..     10821000) |########################################|        1 (profiler_analysis.cpp:700)
2026-10-10 15:30:36.500 | info     |           Metal |   [    10821000 ..     10821100) |                                        |        0 (profiler_analysis.cpp:700)
2026-10-10 15:30:36.500 | info     |           Metal |   [    10821100 ..     10821200) |                                        |        0 (profiler_analysis.cpp:700)
2026-10-10 15:30:36.500 | info     |           Metal |   [    10821200 ..     10821300) |                                        |        0 (profiler_analysis.cpp:700)
2026-10-10 15:30:36.500 | info     |           Metal |   [    10821300 ..     10821400) |                                        |        0 (profiler_analysis.cpp:700)
2026-10-10 15:30:36.500 | info     |           Metal |   [    10821400 ..     10821500) |                                        |        0 (profiler_analysis.cpp:700)
2026-10-10 15:30:36.500 | info     |           Metal |   [    10821500 ..     10821600) |                                        |        0 (profiler_analysis.cpp:700)
2026-10-10 15:30:36.500 | info     |           Metal |   [    10821600 ..     10821700) |                                        |        0 (profiler_analysis.cpp:700)
2026-10-10 15:30:36.500 | info     |           Metal |   [    10821700 ..     10821800) |                                        |        0 (profiler_analysis.cpp:700)
2026-10-10 15:30:36.500 | info     |           Metal |   [    10821800 ..     10821900) |                                        |        0 (profiler_analysis.cpp:700)
[SUBCHUNK] tiles_split=82 total_subchunks=1111 max_subchunks_per_tile=3 payload_pages=49049
[SORT] stage=ONELAUNCH P=3106694 P_kept=3106694 num_tiles=1024 max_tile_n=20025 onelaunch=0.24 layout=0.04 pub_host=0.15 total=0.43ms
OUT_RING new pinned slot (slots=4 grows=4 replaced=9)
2026-10-10 15:30:36.531 | info     |           Metal | Device kernel duration perf summary (device=0): count=1, min=10597026ns, avg=10597026.0ns, max=10597026ns (profiler_analysis.cpp:645)
2026-10-10 15:30:36.531 | info     |           Metal | Device kernel duration perf histogram (device=0): (buckets=10, bucket_size=100ns, range=[10597000..10598000), underflow(<10597000ns)=0, overflow(>=10598000ns)=0) (profiler_analysis.cpp:682)
2026-10-10 15:30:36.531 | info     |           Metal |   [    10597000 ..     10597100) |########################################|        1 (profiler_analysis.cpp:700)
2026-10-10 15:30:36.531 | info     |           Metal |   [    10597100 ..     10597200) |                                        |        0 (profiler_analysis.cpp:700)
2026-10-10 15:30:36.531 | info     |           Metal |   [    10597200 ..     10597300) |                                        |        0 (profiler_analysis.cpp:700)
2026-10-10 15:30:36.531 | info     |           Metal |   [    10597300 ..     10597400) |                                        |        0 (profiler_analysis.cpp:700)
2026-10-10 15:30:36.531 | info     |           Metal |   [    10597400 ..     10597500) |                                        |        0 (profiler_analysis.cpp:700)
2026-10-10 15:30:36.531 | info     |           Metal |   [    10597500 ..     10597600) |                                        |        0 (profiler_analysis.cpp:700)
2026-10-10 15:30:36.531 | info     |           Metal |   [    10597600 ..     10597700) |                                        |        0 (profiler_analysis.cpp:700)
2026-10-10 15:30:36.531 | info     |           Metal |   [    10597700 ..     10597800) |                                        |        0 (profiler_analysis.cpp:700)
2026-10-10 15:30:36.531 | info     |           Metal |   [    10597800 ..     10597900) |                                        |        0 (profiler_analysis.cpp:700)
2026-10-10 15:30:36.531 | info     |           Metal |   [    10597900 ..     10598000) |                                        |        0 (profiler_analysis.cpp:700)
[SUBCHUNK] tiles_split=81 total_subchunks=1108 max_subchunks_per_tile=3 payload_pages=47132
[SORT] stage=ONELAUNCH P=2984152 P_kept=2984152 num_tiles=1024 max_tile_n=20390 onelaunch=0.22 layout=0.05 pub_host=0.15 total=0.41ms
OUT_RING new pinned slot (slots=4 grows=4 replaced=10)
2026-10-10 15:30:36.561 | info     |           Metal | Device kernel duration perf summary (device=0): count=1, min=10280965ns, avg=10280965.0ns, max=10280965ns (profiler_analysis.cpp:645)
2026-10-10 15:30:36.561 | info     |           Metal | Device kernel duration perf histogram (device=0): (buckets=10, bucket_size=100ns, range=[10280900..10281900), underflow(<10280900ns)=0, overflow(>=10281900ns)=0) (profiler_analysis.cpp:682)
2026-10-10 15:30:36.561 | info     |           Metal |   [    10280900 ..     10281000) |########################################|        1 (profiler_analysis.cpp:700)
2026-10-10 15:30:36.561 | info     |           Metal |   [    10281000 ..     10281100) |                                        |        0 (profiler_analysis.cpp:700)
2026-10-10 15:30:36.561 | info     |           Metal |   [    10281100 ..     10281200) |                                        |        0 (profiler_analysis.cpp:700)
2026-10-10 15:30:36.561 | info     |           Metal |   [    10281200 ..     10281300) |                                        |        0 (profiler_analysis.cpp:700)
2026-10-10 15:30:36.561 | info     |           Metal |   [    10281300 ..     10281400) |                                        |        0 (profiler_analysis.cpp:700)
2026-10-10 15:30:36.561 | info     |           Metal |   [    10281400 ..     10281500) |                                        |        0 (profiler_analysis.cpp:700)
2026-10-10 15:30:36.561 | info     |           Metal |   [    10281500 ..     10281600) |                                        |        0 (profiler_analysis.cpp:700)
2026-10-10 15:30:36.561 | info     |           Metal |   [    10281600 ..     10281700) |                                        |        0 (profiler_analysis.cpp:700)
2026-10-10 15:30:36.561 | info     |           Metal |   [    10281700 ..     10281800) |                                        |        0 (profiler_analysis.cpp:700)
2026-10-10 15:30:36.561 | info     |           Metal |   [    10281800 ..     10281900) |                                        |        0 (profiler_analysis.cpp:700)
[SUBCHUNK] tiles_split=79 total_subchunks=1106 max_subchunks_per_tile=3 payload_pages=45617
[SORT] stage=ONELAUNCH P=2887843 P_kept=2887843 num_tiles=1024 max_tile_n=20927 onelaunch=0.25 layout=0.04 pub_host=0.16 total=0.45ms
OUT_RING new pinned slot (slots=4 grows=4 replaced=11)
2026-10-10 15:30:36.592 | info     |           Metal | Device kernel duration perf summary (device=0): count=1, min=10014176ns, avg=10014176.0ns, max=10014176ns (profiler_analysis.cpp:645)
2026-10-10 15:30:36.592 | info     |           Metal | Device kernel duration perf histogram (device=0): (buckets=10, bucket_size=100ns, range=[10014100..10015100), underflow(<10014100ns)=0, overflow(>=10015100ns)=0) (profiler_analysis.cpp:682)
2026-10-10 15:30:36.592 | info     |           Metal |   [    10014100 ..     10014200) |########################################|        1 (profiler_analysis.cpp:700)
2026-10-10 15:30:36.592 | info     |           Metal |   [    10014200 ..     10014300) |                                        |        0 (profiler_analysis.cpp:700)
2026-10-10 15:30:36.592 | info     |           Metal |   [    10014300 ..     10014400) |                                        |        0 (profiler_analysis.cpp:700)
2026-10-10 15:30:36.592 | info     |           Metal |   [    10014400 ..     10014500) |                                        |        0 (profiler_analysis.cpp:700)
2026-10-10 15:30:36.592 | info     |           Metal |   [    10014500 ..     10014600) |                                        |        0 (profiler_analysis.cpp:700)
2026-10-10 15:30:36.592 | info     |           Metal |   [    10014600 ..     10014700) |                                        |        0 (profiler_analysis.cpp:700)
2026-10-10 15:30:36.592 | info     |           Metal |   [    10014700 ..     10014800) |                                        |        0 (profiler_analysis.cpp:700)
2026-10-10 15:30:36.592 | info     |           Metal |   [    10014800 ..     10014900) |                                        |        0 (profiler_analysis.cpp:700)
2026-10-10 15:30:36.592 | info     |           Metal |   [    10014900 ..     10015000) |                                        |        0 (profiler_analysis.cpp:700)
2026-10-10 15:30:36.592 | info     |           Metal |   [    10015000 ..     10015100) |                                        |        0 (profiler_analysis.cpp:700)
[SUBCHUNK] tiles_split=75 total_subchunks=1101 max_subchunks_per_tile=3 payload_pages=44556
[SORT] stage=ONELAUNCH P=2818980 P_kept=2818980 num_tiles=1024 max_tile_n=21145 onelaunch=0.26 layout=0.05 pub_host=0.15 total=0.46ms
OUT_RING new pinned slot (slots=4 grows=4 replaced=12)
2026-10-10 15:30:36.622 | info     |           Metal | Device kernel duration perf summary (device=0): count=1, min=9787173ns, avg=9787173.0ns, max=9787173ns (profiler_analysis.cpp:645)
2026-10-10 15:30:36.622 | info     |           Metal | Device kernel duration perf histogram (device=0): (buckets=10, bucket_size=100ns, range=[9787100..9788100), underflow(<9787100ns)=0, overflow(>=9788100ns)=0) (profiler_analysis.cpp:682)
2026-10-10 15:30:36.622 | info     |           Metal |   [     9787100 ..      9787200) |########################################|        1 (profiler_analysis.cpp:700)
2026-10-10 15:30:36.622 | info     |           Metal |   [     9787200 ..      9787300) |                                        |        0 (profiler_analysis.cpp:700)
2026-10-10 15:30:36.622 | info     |           Metal |   [     9787300 ..      9787400) |                                        |        0 (profiler_analysis.cpp:700)
2026-10-10 15:30:36.622 | info     |           Metal |   [     9787400 ..      9787500) |                                        |        0 (profiler_analysis.cpp:700)
2026-10-10 15:30:36.622 | info     |           Metal |   [     9787500 ..      9787600) |                                        |        0 (profiler_analysis.cpp:700)
2026-10-10 15:30:36.622 | info     |           Metal |   [     9787600 ..      9787700) |                                        |        0 (profiler_analysis.cpp:700)
2026-10-10 15:30:36.622 | info     |           Metal |   [     9787700 ..      9787800) |                                        |        0 (profiler_analysis.cpp:700)
2026-10-10 15:30:36.622 | info     |           Metal |   [     9787800 ..      9787900) |                                        |        0 (profiler_analysis.cpp:700)
2026-10-10 15:30:36.622 | info     |           Metal |   [     9787900 ..      9788000) |                                        |        0 (profiler_analysis.cpp:700)
2026-10-10 15:30:36.622 | info     |           Metal |   [     9788000 ..      9788100) |                                        |        0 (profiler_analysis.cpp:700)
[SUBCHUNK] tiles_split=75 total_subchunks=1101 max_subchunks_per_tile=3 payload_pages=43664
[SORT] stage=ONELAUNCH P=2762186 P_kept=2762186 num_tiles=1024 max_tile_n=19314 onelaunch=0.26 layout=0.04 pub_host=0.15 total=0.45ms
OUT_RING new pinned slot (slots=4 grows=4 replaced=13)
2026-10-10 15:30:36.655 | info     |           Metal | Device kernel duration perf summary (device=0): count=1, min=9607756ns, avg=9607756.0ns, max=9607756ns (profiler_analysis.cpp:645)
2026-10-10 15:30:36.655 | info     |           Metal | Device kernel duration perf histogram (device=0): (buckets=10, bucket_size=100ns, range=[9607700..9608700), underflow(<9607700ns)=0, overflow(>=9608700ns)=0) (profiler_analysis.cpp:682)
2026-10-10 15:30:36.655 | info     |           Metal |   [     9607700 ..      9607800) |########################################|        1 (profiler_analysis.cpp:700)
2026-10-10 15:30:36.655 | info     |           Metal |   [     9607800 ..      9607900) |                                        |        0 (profiler_analysis.cpp:700)
2026-10-10 15:30:36.655 | info     |           Metal |   [     9607900 ..      9608000) |                                        |        0 (profiler_analysis.cpp:700)
2026-10-10 15:30:36.655 | info     |           Metal |   [     9608000 ..      9608100) |                                        |        0 (profiler_analysis.cpp:700)
2026-10-10 15:30:36.655 | info     |           Metal |   [     9608100 ..      9608200) |                                        |        0 (profiler_analysis.cpp:700)
2026-10-10 15:30:36.655 | info     |           Metal |   [     9608200 ..      9608300) |                                        |        0 (profiler_analysis.cpp:700)
2026-10-10 15:30:36.655 | info     |           Metal |   [     9608300 ..      9608400) |                                        |        0 (profiler_analysis.cpp:700)
2026-10-10 15:30:36.655 | info     |           Metal |   [     9608400 ..      9608500) |                                        |        0 (profiler_analysis.cpp:700)
2026-10-10 15:30:36.655 | info     |           Metal |   [     9608500 ..      9608600) |                                        |        0 (profiler_analysis.cpp:700)
2026-10-10 15:30:36.655 | info     |           Metal |   [     9608600 ..      9608700) |                                        |        0 (profiler_analysis.cpp:700)
[SUBCHUNK] tiles_split=80 total_subchunks=1106 max_subchunks_per_tile=3 payload_pages=42989
[SORT] stage=ONELAUNCH P=2719305 P_kept=2719305 num_tiles=1024 max_tile_n=19744 onelaunch=0.25 layout=0.04 pub_host=0.15 total=0.44ms
OUT_RING new pinned slot (slots=4 grows=4 replaced=14)
2026-10-10 15:30:36.684 | info     |           Metal | Device kernel duration perf summary (device=0): count=1, min=9501062ns, avg=9501062.0ns, max=9501062ns (profiler_analysis.cpp:645)
2026-10-10 15:30:36.684 | info     |           Metal | Device kernel duration perf histogram (device=0): (buckets=10, bucket_size=100ns, range=[9501000..9502000), underflow(<9501000ns)=0, overflow(>=9502000ns)=0) (profiler_analysis.cpp:682)
2026-10-10 15:30:36.684 | info     |           Metal |   [     9501000 ..      9501100) |########################################|        1 (profiler_analysis.cpp:700)
2026-10-10 15:30:36.684 | info     |           Metal |   [     9501100 ..      9501200) |                                        |        0 (profiler_analysis.cpp:700)
2026-10-10 15:30:36.684 | info     |           Metal |   [     9501200 ..      9501300) |                                        |        0 (profiler_analysis.cpp:700)
2026-10-10 15:30:36.684 | info     |           Metal |   [     9501300 ..      9501400) |                                        |        0 (profiler_analysis.cpp:700)
2026-10-10 15:30:36.684 | info     |           Metal |   [     9501400 ..      9501500) |                                        |        0 (profiler_analysis.cpp:700)
2026-10-10 15:30:36.684 | info     |           Metal |   [     9501500 ..      9501600) |                                        |        0 (profiler_analysis.cpp:700)
2026-10-10 15:30:36.684 | info     |           Metal |   [     9501600 ..      9501700) |                                        |        0 (profiler_analysis.cpp:700)
2026-10-10 15:30:36.684 | info     |           Metal |   [     9501700 ..      9501800) |                                        |        0 (profiler_analysis.cpp:700)
2026-10-10 15:30:36.684 | info     |           Metal |   [     9501800 ..      9501900) |                                        |        0 (profiler_analysis.cpp:700)
2026-10-10 15:30:36.684 | info     |           Metal |   [     9501900 ..      9502000) |                                        |        0 (profiler_analysis.cpp:700)
[SUBCHUNK] tiles_split=79 total_subchunks=1105 max_subchunks_per_tile=3 payload_pages=42964
[SORT] stage=ONELAUNCH P=2717542 P_kept=2717542 num_tiles=1024 max_tile_n=18173 onelaunch=0.24 layout=0.05 pub_host=0.14 total=0.44ms
OUT_RING new pinned slot (slots=4 grows=4 replaced=15)
2026-10-10 15:30:36.714 | info     |           Metal | Device kernel duration perf summary (device=0): count=1, min=9539527ns, avg=9539527.0ns, max=9539527ns (profiler_analysis.cpp:645)
2026-10-10 15:30:36.714 | info     |           Metal | Device kernel duration perf histogram (device=0): (buckets=10, bucket_size=100ns, range=[9539500..9540500), underflow(<9539500ns)=0, overflow(>=9540500ns)=0) (profiler_analysis.cpp:682)
2026-10-10 15:30:36.714 | info     |           Metal |   [     9539500 ..      9539600) |########################################|        1 (profiler_analysis.cpp:700)
2026-10-10 15:30:36.714 | info     |           Metal |   [     9539600 ..      9539700) |                                        |        0 (profiler_analysis.cpp:700)
2026-10-10 15:30:36.714 | info     |           Metal |   [     9539700 ..      9539800) |                                        |        0 (profiler_analysis.cpp:700)
2026-10-10 15:30:36.714 | info     |           Metal |   [     9539800 ..      9539900) |                                        |        0 (profiler_analysis.cpp:700)
2026-10-10 15:30:36.714 | info     |           Metal |   [     9539900 ..      9540000) |                                        |        0 (profiler_analysis.cpp:700)
2026-10-10 15:30:36.714 | info     |           Metal |   [     9540000 ..      9540100) |                                        |        0 (profiler_analysis.cpp:700)
2026-10-10 15:30:36.714 | info     |           Metal |   [     9540100 ..      9540200) |                                        |        0 (profiler_analysis.cpp:700)
2026-10-10 15:30:36.714 | info     |           Metal |   [     9540200 ..      9540300) |                                        |        0 (profiler_analysis.cpp:700)
2026-10-10 15:30:36.714 | info     |           Metal |   [     9540300 ..      9540400) |                                        |        0 (profiler_analysis.cpp:700)
2026-10-10 15:30:36.714 | info     |           Metal |   [     9540400 ..      9540500) |                                        |        0 (profiler_analysis.cpp:700)
[SUBCHUNK] tiles_split=82 total_subchunks=1110 max_subchunks_per_tile=3 payload_pages=43226
[SORT] stage=ONELAUNCH P=2733748 P_kept=2733748 num_tiles=1024 max_tile_n=18007 onelaunch=0.26 layout=0.05 pub_host=0.15 total=0.47ms
OUT_RING new pinned slot (slots=4 grows=4 replaced=16)
2026-10-10 15:30:36.744 | info     |           Metal | Device kernel duration perf summary (device=0): count=1, min=9616506ns, avg=9616506.0ns, max=9616506ns (profiler_analysis.cpp:645)
2026-10-10 15:30:36.744 | info     |           Metal | Device kernel duration perf histogram (device=0): (buckets=10, bucket_size=100ns, range=[9616500..9617500), underflow(<9616500ns)=0, overflow(>=9617500ns)=0) (profiler_analysis.cpp:682)
2026-10-10 15:30:36.744 | info     |           Metal |   [     9616500 ..      9616600) |########################################|        1 (profiler_analysis.cpp:700)
2026-10-10 15:30:36.744 | info     |           Metal |   [     9616600 ..      9616700) |                                        |        0 (profiler_analysis.cpp:700)
2026-10-10 15:30:36.744 | info     |           Metal |   [     9616700 ..      9616800) |                                        |        0 (profiler_analysis.cpp:700)
2026-10-10 15:30:36.744 | info     |           Metal |   [     9616800 ..      9616900) |                                        |        0 (profiler_analysis.cpp:700)
2026-10-10 15:30:36.744 | info     |           Metal |   [     9616900 ..      9617000) |                                        |        0 (profiler_analysis.cpp:700)
2026-10-10 15:30:36.744 | info     |           Metal |   [     9617000 ..      9617100) |                                        |        0 (profiler_analysis.cpp:700)
2026-10-10 15:30:36.744 | info     |           Metal |   [     9617100 ..      9617200) |                                        |        0 (profiler_analysis.cpp:700)
2026-10-10 15:30:36.744 | info     |           Metal |   [     9617200 ..      9617300) |                                        |        0 (profiler_analysis.cpp:700)
2026-10-10 15:30:36.744 | info     |           Metal |   [     9617300 ..      9617400) |                                        |        0 (profiler_analysis.cpp:700)
2026-10-10 15:30:36.744 | info     |           Metal |   [     9617400 ..      9617500) |                                        |        0 (profiler_analysis.cpp:700)
[SUBCHUNK] tiles_split=78 total_subchunks=1105 max_subchunks_per_tile=3 payload_pages=43149
[SORT] stage=ONELAUNCH P=2729054 P_kept=2729054 num_tiles=1024 max_tile_n=18629 onelaunch=0.23 layout=0.05 pub_host=0.15 total=0.43ms
OUT_RING new pinned slot (slots=4 grows=4 replaced=17)
2026-10-10 15:30:36.774 | info     |           Metal | Device kernel duration perf summary (device=0): count=1, min=9565804ns, avg=9565804.0ns, max=9565804ns (profiler_analysis.cpp:645)
2026-10-10 15:30:36.774 | info     |           Metal | Device kernel duration perf histogram (device=0): (buckets=10, bucket_size=100ns, range=[9565800..9566800), underflow(<9565800ns)=0, overflow(>=9566800ns)=0) (profiler_analysis.cpp:682)
2026-10-10 15:30:36.774 | info     |           Metal |   [     9565800 ..      9565900) |########################################|        1 (profiler_analysis.cpp:700)
2026-10-10 15:30:36.774 | info     |           Metal |   [     9565900 ..      9566000) |                                        |        0 (profiler_analysis.cpp:700)
2026-10-10 15:30:36.774 | info     |           Metal |   [     9566000 ..      9566100) |                                        |        0 (profiler_analysis.cpp:700)
2026-10-10 15:30:36.774 | info     |           Metal |   [     9566100 ..      9566200) |                                        |        0 (profiler_analysis.cpp:700)
2026-10-10 15:30:36.774 | info     |           Metal |   [     9566200 ..      9566300) |                                        |        0 (profiler_analysis.cpp:700)
2026-10-10 15:30:36.774 | info     |           Metal |   [     9566300 ..      9566400) |                                        |        0 (profiler_analysis.cpp:700)
2026-10-10 15:30:36.774 | info     |           Metal |   [     9566400 ..      9566500) |                                        |        0 (profiler_analysis.cpp:700)
2026-10-10 15:30:36.774 | info     |           Metal |   [     9566500 ..      9566600) |                                        |        0 (profiler_analysis.cpp:700)
2026-10-10 15:30:36.774 | info     |           Metal |   [     9566600 ..      9566700) |                                        |        0 (profiler_analysis.cpp:700)
2026-10-10 15:30:36.774 | info     |           Metal |   [     9566700 ..      9566800) |                                        |        0 (profiler_analysis.cpp:700)
[SUBCHUNK] tiles_split=85 total_subchunks=1112 max_subchunks_per_tile=3 payload_pages=42920
[SORT] stage=ONELAUNCH P=2713776 P_kept=2713776 num_tiles=1024 max_tile_n=18369 onelaunch=0.25 layout=0.05 pub_host=0.15 total=0.45ms
OUT_RING new pinned slot (slots=4 grows=4 replaced=18)
2026-10-10 15:30:36.804 | info     |           Metal | Device kernel duration perf summary (device=0): count=1, min=9498833ns, avg=9498833.0ns, max=9498833ns (profiler_analysis.cpp:645)
2026-10-10 15:30:36.804 | info     |           Metal | Device kernel duration perf histogram (device=0): (buckets=10, bucket_size=100ns, range=[9498800..9499800), underflow(<9498800ns)=0, overflow(>=9499800ns)=0) (profiler_analysis.cpp:682)
2026-10-10 15:30:36.804 | info     |           Metal |   [     9498800 ..      9498900) |########################################|        1 (profiler_analysis.cpp:700)
2026-10-10 15:30:36.804 | info     |           Metal |   [     9498900 ..      9499000) |                                        |        0 (profiler_analysis.cpp:700)
2026-10-10 15:30:36.804 | info     |           Metal |   [     9499000 ..      9499100) |                                        |        0 (profiler_analysis.cpp:700)
2026-10-10 15:30:36.804 | info     |           Metal |   [     9499100 ..      9499200) |                                        |        0 (profiler_analysis.cpp:700)
2026-10-10 15:30:36.804 | info     |           Metal |   [     9499200 ..      9499300) |                                        |        0 (profiler_analysis.cpp:700)
2026-10-10 15:30:36.804 | info     |           Metal |   [     9499300 ..      9499400) |                                        |        0 (profiler_analysis.cpp:700)
2026-10-10 15:30:36.804 | info     |           Metal |   [     9499400 ..      9499500) |                                        |        0 (profiler_analysis.cpp:700)
2026-10-10 15:30:36.804 | info     |           Metal |   [     9499500 ..      9499600) |                                        |        0 (profiler_analysis.cpp:700)
2026-10-10 15:30:36.804 | info     |           Metal |   [     9499600 ..      9499700) |                                        |        0 (profiler_analysis.cpp:700)
2026-10-10 15:30:36.804 | info     |           Metal |   [     9499700 ..      9499800) |                                        |        0 (profiler_analysis.cpp:700)
[SUBCHUNK] tiles_split=82 total_subchunks=1109 max_subchunks_per_tile=3 payload_pages=42444
[SORT] stage=ONELAUNCH P=2684908 P_kept=2684908 num_tiles=1024 max_tile_n=22330 onelaunch=0.24 layout=0.04 pub_host=0.15 total=0.44ms
OUT_RING new pinned slot (slots=4 grows=4 replaced=19)
2026-10-10 15:30:36.833 | info     |           Metal | Device kernel duration perf summary (device=0): count=1, min=9437233ns, avg=9437233.0ns, max=9437233ns (profiler_analysis.cpp:645)
2026-10-10 15:30:36.833 | info     |           Metal | Device kernel duration perf histogram (device=0): (buckets=10, bucket_size=100ns, range=[9437200..9438200), underflow(<9437200ns)=0, overflow(>=9438200ns)=0) (profiler_analysis.cpp:682)
2026-10-10 15:30:36.833 | info     |           Metal |   [     9437200 ..      9437300) |########################################|        1 (profiler_analysis.cpp:700)
2026-10-10 15:30:36.833 | info     |           Metal |   [     9437300 ..      9437400) |                                        |        0 (profiler_analysis.cpp:700)
2026-10-10 15:30:36.833 | info     |           Metal |   [     9437400 ..      9437500) |                                        |        0 (profiler_analysis.cpp:700)
2026-10-10 15:30:36.833 | info     |           Metal |   [     9437500 ..      9437600) |                                        |        0 (profiler_analysis.cpp:700)
2026-10-10 15:30:36.833 | info     |           Metal |   [     9437600 ..      9437700) |                                        |        0 (profiler_analysis.cpp:700)
2026-10-10 15:30:36.833 | info     |           Metal |   [     9437700 ..      9437800) |                                        |        0 (profiler_analysis.cpp:700)
2026-10-10 15:30:36.833 | info     |           Metal |   [     9437800 ..      9437900) |                                        |        0 (profiler_analysis.cpp:700)
2026-10-10 15:30:36.833 | info     |           Metal |   [     9437900 ..      9438000) |                                        |        0 (profiler_analysis.cpp:700)
2026-10-10 15:30:36.833 | info     |           Metal |   [     9438000 ..      9438100) |                                        |        0 (profiler_analysis.cpp:700)
2026-10-10 15:30:36.833 | info     |           Metal |   [     9438100 ..      9438200) |                                        |        0 (profiler_analysis.cpp:700)
[SUBCHUNK] tiles_split=84 total_subchunks=1111 max_subchunks_per_tile=3 payload_pages=41219
[SORT] stage=ONELAUNCH P=2605190 P_kept=2605190 num_tiles=1024 max_tile_n=18553 onelaunch=0.60 layout=0.04 pub_host=0.14 total=0.79ms
OUT_RING new pinned slot (slots=4 grows=4 replaced=20)
2026-10-10 15:30:36.862 | info     |           Metal | Device kernel duration perf summary (device=0): count=1, min=9169318ns, avg=9169318.0ns, max=9169318ns (profiler_analysis.cpp:645)
2026-10-10 15:30:36.862 | info     |           Metal | Device kernel duration perf histogram (device=0): (buckets=10, bucket_size=100ns, range=[9169300..9170300), underflow(<9169300ns)=0, overflow(>=9170300ns)=0) (profiler_analysis.cpp:682)
2026-10-10 15:30:36.862 | info     |           Metal |   [     9169300 ..      9169400) |########################################|        1 (profiler_analysis.cpp:700)
2026-10-10 15:30:36.862 | info     |           Metal |   [     9169400 ..      9169500) |                                        |        0 (profiler_analysis.cpp:700)
2026-10-10 15:30:36.862 | info     |           Metal |   [     9169500 ..      9169600) |                                        |        0 (profiler_analysis.cpp:700)
2026-10-10 15:30:36.862 | info     |           Metal |   [     9169600 ..      9169700) |                                        |        0 (profiler_analysis.cpp:700)
2026-10-10 15:30:36.862 | info     |           Metal |   [     9169700 ..      9169800) |                                        |        0 (profiler_analysis.cpp:700)
2026-10-10 15:30:36.862 | info     |           Metal |   [     9169800 ..      9169900) |                                        |        0 (profiler_analysis.cpp:700)
2026-10-10 15:30:36.862 | info     |           Metal |   [     9169900 ..      9170000) |                                        |        0 (profiler_analysis.cpp:700)
2026-10-10 15:30:36.862 | info     |           Metal |   [     9170000 ..      9170100) |                                        |        0 (profiler_analysis.cpp:700)
2026-10-10 15:30:36.862 | info     |           Metal |   [     9170100 ..      9170200) |                                        |        0 (profiler_analysis.cpp:700)
2026-10-10 15:30:36.862 | info     |           Metal |   [     9170200 ..      9170300) |                                        |        0 (profiler_analysis.cpp:700)
[SUBCHUNK] tiles_split=79 total_subchunks=1105 max_subchunks_per_tile=3 payload_pages=39602
[SORT] stage=ONELAUNCH P=2502433 P_kept=2502433 num_tiles=1024 max_tile_n=20113 onelaunch=0.60 layout=0.04 pub_host=0.15 total=0.80ms
OUT_RING new pinned slot (slots=4 grows=4 replaced=21)
2026-10-10 15:30:36.893 | info     |           Metal | Device kernel duration perf summary (device=0): count=1, min=8910199ns, avg=8910199.0ns, max=8910199ns (profiler_analysis.cpp:645)
2026-10-10 15:30:36.893 | info     |           Metal | Device kernel duration perf histogram (device=0): (buckets=10, bucket_size=100ns, range=[8910100..8911100), underflow(<8910100ns)=0, overflow(>=8911100ns)=0) (profiler_analysis.cpp:682)
2026-10-10 15:30:36.893 | info     |           Metal |   [     8910100 ..      8910200) |########################################|        1 (profiler_analysis.cpp:700)
2026-10-10 15:30:36.893 | info     |           Metal |   [     8910200 ..      8910300) |                                        |        0 (profiler_analysis.cpp:700)
2026-10-10 15:30:36.893 | info     |           Metal |   [     8910300 ..      8910400) |                                        |        0 (profiler_analysis.cpp:700)
2026-10-10 15:30:36.893 | info     |           Metal |   [     8910400 ..      8910500) |                                        |        0 (profiler_analysis.cpp:700)
2026-10-10 15:30:36.893 | info     |           Metal |   [     8910500 ..      8910600) |                                        |        0 (profiler_analysis.cpp:700)
2026-10-10 15:30:36.893 | info     |           Metal |   [     8910600 ..      8910700) |                                        |        0 (profiler_analysis.cpp:700)
2026-10-10 15:30:36.893 | info     |           Metal |   [     8910700 ..      8910800) |                                        |        0 (profiler_analysis.cpp:700)
2026-10-10 15:30:36.893 | info     |           Metal |   [     8910800 ..      8910900) |                                        |        0 (profiler_analysis.cpp:700)
2026-10-10 15:30:36.893 | info     |           Metal |   [     8910900 ..      8911000) |                                        |        0 (profiler_analysis.cpp:700)
2026-10-10 15:30:36.893 | info     |           Metal |   [     8911000 ..      8911100) |                                        |        0 (profiler_analysis.cpp:700)
[SUBCHUNK] tiles_split=74 total_subchunks=1101 max_subchunks_per_tile=3 payload_pages=36821
[SORT] stage=ONELAUNCH P=2324571 P_kept=2324571 num_tiles=1024 max_tile_n=18871 onelaunch=0.60 layout=0.05 pub_host=0.15 total=0.80ms
OUT_RING new pinned slot (slots=4 grows=4 replaced=22)
2026-10-10 15:30:36.922 | info     |           Metal | Device kernel duration perf summary (device=0): count=1, min=8578576ns, avg=8578576.0ns, max=8578576ns (profiler_analysis.cpp:645)
2026-10-10 15:30:36.922 | info     |           Metal | Device kernel duration perf histogram (device=0): (buckets=10, bucket_size=100ns, range=[8578500..8579500), underflow(<8578500ns)=0, overflow(>=8579500ns)=0) (profiler_analysis.cpp:682)
2026-10-10 15:30:36.922 | info     |           Metal |   [     8578500 ..      8578600) |########################################|        1 (profiler_analysis.cpp:700)
2026-10-10 15:30:36.922 | info     |           Metal |   [     8578600 ..      8578700) |                                        |        0 (profiler_analysis.cpp:700)
2026-10-10 15:30:36.922 | info     |           Metal |   [     8578700 ..      8578800) |                                        |        0 (profiler_analysis.cpp:700)
2026-10-10 15:30:36.922 | info     |           Metal |   [     8578800 ..      8578900) |                                        |        0 (profiler_analysis.cpp:700)
2026-10-10 15:30:36.922 | info     |           Metal |   [     8578900 ..      8579000) |                                        |        0 (profiler_analysis.cpp:700)
2026-10-10 15:30:36.922 | info     |           Metal |   [     8579000 ..      8579100) |                                        |        0 (profiler_analysis.cpp:700)
2026-10-10 15:30:36.922 | info     |           Metal |   [     8579100 ..      8579200) |                                        |        0 (profiler_analysis.cpp:700)
2026-10-10 15:30:36.922 | info     |           Metal |   [     8579200 ..      8579300) |                                        |        0 (profiler_analysis.cpp:700)
2026-10-10 15:30:36.922 | info     |           Metal |   [     8579300 ..      8579400) |                                        |        0 (profiler_analysis.cpp:700)
2026-10-10 15:30:36.922 | info     |           Metal |   [     8579400 ..      8579500) |                                        |        0 (profiler_analysis.cpp:700)
[SUBCHUNK] tiles_split=67 total_subchunks=1094 max_subchunks_per_tile=3 payload_pages=34703
[SORT] stage=ONELAUNCH P=2188463 P_kept=2188463 num_tiles=1024 max_tile_n=21416 onelaunch=0.57 layout=0.05 pub_host=0.16 total=0.78ms
OUT_RING new pinned slot (slots=4 grows=4 replaced=23)
2026-10-10 15:30:36.950 | info     |           Metal | Device kernel duration perf summary (device=0): count=1, min=8344015ns, avg=8344015.0ns, max=8344015ns (profiler_analysis.cpp:645)
2026-10-10 15:30:36.950 | info     |           Metal | Device kernel duration perf histogram (device=0): (buckets=10, bucket_size=100ns, range=[8344000..8345000), underflow(<8344000ns)=0, overflow(>=8345000ns)=0) (profiler_analysis.cpp:682)
2026-10-10 15:30:36.950 | info     |           Metal |   [     8344000 ..      8344100) |########################################|        1 (profiler_analysis.cpp:700)
2026-10-10 15:30:36.950 | info     |           Metal |   [     8344100 ..      8344200) |                                        |        0 (profiler_analysis.cpp:700)
2026-10-10 15:30:36.950 | info     |           Metal |   [     8344200 ..      8344300) |                                        |        0 (profiler_analysis.cpp:700)
2026-10-10 15:30:36.950 | info     |           Metal |   [     8344300 ..      8344400) |                                        |        0 (profiler_analysis.cpp:700)
2026-10-10 15:30:36.950 | info     |           Metal |   [     8344400 ..      8344500) |                                        |        0 (profiler_analysis.cpp:700)
2026-10-10 15:30:36.950 | info     |           Metal |   [     8344500 ..      8344600) |                                        |        0 (profiler_analysis.cpp:700)
2026-10-10 15:30:36.950 | info     |           Metal |   [     8344600 ..      8344700) |                                        |        0 (profiler_analysis.cpp:700)
2026-10-10 15:30:36.950 | info     |           Metal |   [     8344700 ..      8344800) |                                        |        0 (profiler_analysis.cpp:700)
2026-10-10 15:30:36.950 | info     |           Metal |   [     8344800 ..      8344900) |                                        |        0 (profiler_analysis.cpp:700)
2026-10-10 15:30:36.950 | info     |           Metal |   [     8344900 ..      8345000) |                                        |        0 (profiler_analysis.cpp:700)
[SUBCHUNK] tiles_split=65 total_subchunks=1092 max_subchunks_per_tile=3 payload_pages=33321
[SORT] stage=ONELAUNCH P=2100242 P_kept=2100242 num_tiles=1024 max_tile_n=21340 onelaunch=0.59 layout=0.05 pub_host=0.15 total=0.78ms
OUT_RING new pinned slot (slots=4 grows=4 replaced=24)
2026-10-10 15:30:36.978 | info     |           Metal | Device kernel duration perf summary (device=0): count=1, min=8216331ns, avg=8216331.0ns, max=8216331ns (profiler_analysis.cpp:645)
2026-10-10 15:30:36.978 | info     |           Metal | Device kernel duration perf histogram (device=0): (buckets=10, bucket_size=100ns, range=[8216300..8217300), underflow(<8216300ns)=0, overflow(>=8217300ns)=0) (profiler_analysis.cpp:682)
2026-10-10 15:30:36.978 | info     |           Metal |   [     8216300 ..      8216400) |########################################|        1 (profiler_analysis.cpp:700)
2026-10-10 15:30:36.978 | info     |           Metal |   [     8216400 ..      8216500) |                                        |        0 (profiler_analysis.cpp:700)
2026-10-10 15:30:36.978 | info     |           Metal |   [     8216500 ..      8216600) |                                        |        0 (profiler_analysis.cpp:700)
2026-10-10 15:30:36.978 | info     |           Metal |   [     8216600 ..      8216700) |                                        |        0 (profiler_analysis.cpp:700)
2026-10-10 15:30:36.978 | info     |           Metal |   [     8216700 ..      8216800) |                                        |        0 (profiler_analysis.cpp:700)
2026-10-10 15:30:36.978 | info     |           Metal |   [     8216800 ..      8216900) |                                        |        0 (profiler_analysis.cpp:700)
2026-10-10 15:30:36.978 | info     |           Metal |   [     8216900 ..      8217000) |                                        |        0 (profiler_analysis.cpp:700)
2026-10-10 15:30:36.978 | info     |           Metal |   [     8217000 ..      8217100) |                                        |        0 (profiler_analysis.cpp:700)
2026-10-10 15:30:36.978 | info     |           Metal |   [     8217100 ..      8217200) |                                        |        0 (profiler_analysis.cpp:700)
2026-10-10 15:30:36.978 | info     |           Metal |   [     8217200 ..      8217300) |                                        |        0 (profiler_analysis.cpp:700)
[SUBCHUNK] tiles_split=65 total_subchunks=1092 max_subchunks_per_tile=3 payload_pages=32586
[SORT] stage=ONELAUNCH P=2052961 P_kept=2052961 num_tiles=1024 max_tile_n=21713 onelaunch=0.59 layout=0.05 pub_host=0.14 total=0.78ms
OUT_RING new pinned slot (slots=4 grows=4 replaced=25)
2026-10-10 15:30:37.006 | info     |           Metal | Device kernel duration perf summary (device=0): count=1, min=8130944ns, avg=8130944.0ns, max=8130944ns (profiler_analysis.cpp:645)
2026-10-10 15:30:37.006 | info     |           Metal | Device kernel duration perf histogram (device=0): (buckets=10, bucket_size=100ns, range=[8130900..8131900), underflow(<8130900ns)=0, overflow(>=8131900ns)=0) (profiler_analysis.cpp:682)
2026-10-10 15:30:37.006 | info     |           Metal |   [     8130900 ..      8131000) |########################################|        1 (profiler_analysis.cpp:700)
2026-10-10 15:30:37.006 | info     |           Metal |   [     8131000 ..      8131100) |                                        |        0 (profiler_analysis.cpp:700)
2026-10-10 15:30:37.006 | info     |           Metal |   [     8131100 ..      8131200) |                                        |        0 (profiler_analysis.cpp:700)
2026-10-10 15:30:37.006 | info     |           Metal |   [     8131200 ..      8131300) |                                        |        0 (profiler_analysis.cpp:700)
2026-10-10 15:30:37.006 | info     |           Metal |   [     8131300 ..      8131400) |                                        |        0 (profiler_analysis.cpp:700)
2026-10-10 15:30:37.006 | info     |           Metal |   [     8131400 ..      8131500) |                                        |        0 (profiler_analysis.cpp:700)
2026-10-10 15:30:37.006 | info     |           Metal |   [     8131500 ..      8131600) |                                        |        0 (profiler_analysis.cpp:700)
2026-10-10 15:30:37.006 | info     |           Metal |   [     8131600 ..      8131700) |                                        |        0 (profiler_analysis.cpp:700)
2026-10-10 15:30:37.006 | info     |           Metal |   [     8131700 ..      8131800) |                                        |        0 (profiler_analysis.cpp:700)
2026-10-10 15:30:37.006 | info     |           Metal |   [     8131800 ..      8131900) |                                        |        0 (profiler_analysis.cpp:700)
[SUBCHUNK] tiles_split=60 total_subchunks=1087 max_subchunks_per_tile=3 payload_pages=32524
[SORT] stage=ONELAUNCH P=2050213 P_kept=2050213 num_tiles=1024 max_tile_n=20666 onelaunch=0.61 layout=0.05 pub_host=0.14 total=0.80ms
OUT_RING new pinned slot (slots=4 grows=4 replaced=26)
2026-10-10 15:30:37.035 | info     |           Metal | Device kernel duration perf summary (device=0): count=1, min=8254930ns, avg=8254930.0ns, max=8254930ns (profiler_analysis.cpp:645)
2026-10-10 15:30:37.035 | info     |           Metal | Device kernel duration perf histogram (device=0): (buckets=10, bucket_size=100ns, range=[8254900..8255900), underflow(<8254900ns)=0, overflow(>=8255900ns)=0) (profiler_analysis.cpp:682)
2026-10-10 15:30:37.035 | info     |           Metal |   [     8254900 ..      8255000) |########################################|        1 (profiler_analysis.cpp:700)
2026-10-10 15:30:37.035 | info     |           Metal |   [     8255000 ..      8255100) |                                        |        0 (profiler_analysis.cpp:700)
2026-10-10 15:30:37.035 | info     |           Metal |   [     8255100 ..      8255200) |                                        |        0 (profiler_analysis.cpp:700)
2026-10-10 15:30:37.035 | info     |           Metal |   [     8255200 ..      8255300) |                                        |        0 (profiler_analysis.cpp:700)
2026-10-10 15:30:37.035 | info     |           Metal |   [     8255300 ..      8255400) |                                        |        0 (profiler_analysis.cpp:700)
2026-10-10 15:30:37.035 | info     |           Metal |   [     8255400 ..      8255500) |                                        |        0 (profiler_analysis.cpp:700)
2026-10-10 15:30:37.035 | info     |           Metal |   [     8255500 ..      8255600) |                                        |        0 (profiler_analysis.cpp:700)
2026-10-10 15:30:37.035 | info     |           Metal |   [     8255600 ..      8255700) |                                        |        0 (profiler_analysis.cpp:700)
2026-10-10 15:30:37.035 | info     |           Metal |   [     8255700 ..      8255800) |                                        |        0 (profiler_analysis.cpp:700)
2026-10-10 15:30:37.035 | info     |           Metal |   [     8255800 ..      8255900) |                                        |        0 (profiler_analysis.cpp:700)
B2B_STAGES pass=0 views=30 gap_ms=0.00 t_end=1791646237.044 period=30.150 render=30.150 py_resid=0.099 head=0.004 project=0.840 tile_assign=0.006 sort=0.820 blend_setup=0.000 mat=0.000 cull=0.000 blend=6.070 d2h=0.004 assemble=0.000 tail=22.227 xview=0.078 view_total=30.051 sort_pread=0.002 sort_bin_count=0.000 sort_bin_hist_d2h=0.000 sort_bin_layout=0.046 sort_upload=0.000 sort_bin_emit=0.328 sort_kernel=0.000 sort_d2h=0.000 sort_compact=0.000 sort_publish_host=0.154 sort_publish_wait=0.000 sort_mat=0.034 project_cov3d=0.000 project_pfwc_setup=0.007 project_pfwc_rtargs=0.055 project_pfwc_chunkcull=0.000 project_pfwc_enqueue=0.020 project_pfwc_finish=0.000 project_gather_setup=0.003 project_gather_rtargs=0.000 project_gather_enqueue=0.000 project_gather_wait=0.832 project_gather_result=0.000 tile_assign_setup=0.004 tile_assign_rtargs=0.000 tile_assign_enqueue=0.000 tile_assign_scan_finish=0.000 tile_assign_p_d2h=0.000 tile_assign_k2_finish=0.000 tile_assign_publish=0.001
[run] B2B pass 0 (check): 904.5 ms for 30 views = 30.150 ms/frame
[SUBCHUNK] tiles_split=86 total_subchunks=1113 max_subchunks_per_tile=3 payload_pages=45770
[SORT] stage=ONELAUNCH P=2895629 P_kept=2895629 num_tiles=1024 max_tile_n=22979 onelaunch=0.24 layout=0.05 pub_host=0.16 total=0.45ms
2026-10-10 15:30:37.160 | info     |           Metal | Device kernel duration perf summary (device=0): count=1, min=9979709ns, avg=9979709.0ns, max=9979709ns (profiler_analysis.cpp:645)
2026-10-10 15:30:37.160 | info     |           Metal | Device kernel duration perf histogram (device=0): (buckets=10, bucket_size=100ns, range=[9979700..9980700), underflow(<9979700ns)=0, overflow(>=9980700ns)=0) (profiler_analysis.cpp:682)
2026-10-10 15:30:37.160 | info     |           Metal |   [     9979700 ..      9979800) |########################################|        1 (profiler_analysis.cpp:700)
2026-10-10 15:30:37.160 | info     |           Metal |   [     9979800 ..      9979900) |                                        |        0 (profiler_analysis.cpp:700)
2026-10-10 15:30:37.160 | info     |           Metal |   [     9979900 ..      9980000) |                                        |        0 (profiler_analysis.cpp:700)
2026-10-10 15:30:37.160 | info     |           Metal |   [     9980000 ..      9980100) |                                        |        0 (profiler_analysis.cpp:700)
2026-10-10 15:30:37.160 | info     |           Metal |   [     9980100 ..      9980200) |                                        |        0 (profiler_analysis.cpp:700)
2026-10-10 15:30:37.160 | info     |           Metal |   [     9980200 ..      9980300) |                                        |        0 (profiler_analysis.cpp:700)
2026-10-10 15:30:37.160 | info     |           Metal |   [     9980300 ..      9980400) |                                        |        0 (profiler_analysis.cpp:700)
2026-10-10 15:30:37.160 | info     |           Metal |   [     9980400 ..      9980500) |                                        |        0 (profiler_analysis.cpp:700)
2026-10-10 15:30:37.160 | info     |           Metal |   [     9980500 ..      9980600) |                                        |        0 (profiler_analysis.cpp:700)
2026-10-10 15:30:37.160 | info     |           Metal |   [     9980600 ..      9980700) |                                        |        0 (profiler_analysis.cpp:700)
[SUBCHUNK] tiles_split=64 total_subchunks=1090 max_subchunks_per_tile=3 payload_pages=33181
[SORT] stage=ONELAUNCH P=2090575 P_kept=2090575 num_tiles=1024 max_tile_n=19171 onelaunch=0.22 layout=0.05 pub_host=0.15 total=0.41ms
2026-10-10 15:30:37.188 | info     |           Metal | Device kernel duration perf summary (device=0): count=1, min=8116271ns, avg=8116271.0ns, max=8116271ns (profiler_analysis.cpp:645)
2026-10-10 15:30:37.188 | info     |           Metal | Device kernel duration perf histogram (device=0): (buckets=10, bucket_size=100ns, range=[8116200..8117200), underflow(<8116200ns)=0, overflow(>=8117200ns)=0) (profiler_analysis.cpp:682)
2026-10-10 15:30:37.188 | info     |           Metal |   [     8116200 ..      8116300) |########################################|        1 (profiler_analysis.cpp:700)
2026-10-10 15:30:37.188 | info     |           Metal |   [     8116300 ..      8116400) |                                        |        0 (profiler_analysis.cpp:700)
2026-10-10 15:30:37.188 | info     |           Metal |   [     8116400 ..      8116500) |                                        |        0 (profiler_analysis.cpp:700)
2026-10-10 15:30:37.188 | info     |           Metal |   [     8116500 ..      8116600) |                                        |        0 (profiler_analysis.cpp:700)
2026-10-10 15:30:37.188 | info     |           Metal |   [     8116600 ..      8116700) |                                        |        0 (profiler_analysis.cpp:700)
2026-10-10 15:30:37.188 | info     |           Metal |   [     8116700 ..      8116800) |                                        |        0 (profiler_analysis.cpp:700)
2026-10-10 15:30:37.188 | info     |           Metal |   [     8116800 ..      8116900) |                                        |        0 (profiler_analysis.cpp:700)
2026-10-10 15:30:37.188 | info     |           Metal |   [     8116900 ..      8117000) |                                        |        0 (profiler_analysis.cpp:700)
2026-10-10 15:30:37.188 | info     |           Metal |   [     8117000 ..      8117100) |                                        |        0 (profiler_analysis.cpp:700)
2026-10-10 15:30:37.188 | info     |           Metal |   [     8117100 ..      8117200) |                                        |        0 (profiler_analysis.cpp:700)
[SUBCHUNK] tiles_split=63 total_subchunks=1090 max_subchunks_per_tile=3 payload_pages=34324
[SORT] stage=ONELAUNCH P=2164042 P_kept=2164042 num_tiles=1024 max_tile_n=18956 onelaunch=0.25 layout=0.04 pub_host=0.15 total=0.45ms
2026-10-10 15:30:37.216 | info     |           Metal | Device kernel duration perf summary (device=0): count=1, min=8293576ns, avg=8293576.0ns, max=8293576ns (profiler_analysis.cpp:645)
2026-10-10 15:30:37.216 | info     |           Metal | Device kernel duration perf histogram (device=0): (buckets=10, bucket_size=100ns, range=[8293500..8294500), underflow(<8293500ns)=0, overflow(>=8294500ns)=0) (profiler_analysis.cpp:682)
2026-10-10 15:30:37.216 | info     |           Metal |   [     8293500 ..      8293600) |########################################|        1 (profiler_analysis.cpp:700)
2026-10-10 15:30:37.216 | info     |           Metal |   [     8293600 ..      8293700) |                                        |        0 (profiler_analysis.cpp:700)
2026-10-10 15:30:37.216 | info     |           Metal |   [     8293700 ..      8293800) |                                        |        0 (profiler_analysis.cpp:700)
2026-10-10 15:30:37.216 | info     |           Metal |   [     8293800 ..      8293900) |                                        |        0 (profiler_analysis.cpp:700)
2026-10-10 15:30:37.216 | info     |           Metal |   [     8293900 ..      8294000) |                                        |        0 (profiler_analysis.cpp:700)
2026-10-10 15:30:37.216 | info     |           Metal |   [     8294000 ..      8294100) |                                        |        0 (profiler_analysis.cpp:700)
2026-10-10 15:30:37.216 | info     |           Metal |   [     8294100 ..      8294200) |                                        |        0 (profiler_analysis.cpp:700)
2026-10-10 15:30:37.216 | info     |           Metal |   [     8294200 ..      8294300) |                                        |        0 (profiler_analysis.cpp:700)
2026-10-10 15:30:37.216 | info     |           Metal |   [     8294300 ..      8294400) |                                        |        0 (profiler_analysis.cpp:700)
2026-10-10 15:30:37.216 | info     |           Metal |   [     8294400 ..      8294500) |                                        |        0 (profiler_analysis.cpp:700)
[SUBCHUNK] tiles_split=66 total_subchunks=1093 max_subchunks_per_tile=3 payload_pages=35760
[SORT] stage=ONELAUNCH P=2255766 P_kept=2255766 num_tiles=1024 max_tile_n=18906 onelaunch=0.22 layout=0.05 pub_host=0.16 total=0.42ms
OUT_RING new pinned slot (slots=4 grows=4 replaced=27)
2026-10-10 15:30:37.246 | info     |           Metal | Device kernel duration perf summary (device=0): count=1, min=8537742ns, avg=8537742.0ns, max=8537742ns (profiler_analysis.cpp:645)
2026-10-10 15:30:37.246 | info     |           Metal | Device kernel duration perf histogram (device=0): (buckets=10, bucket_size=100ns, range=[8537700..8538700), underflow(<8537700ns)=0, overflow(>=8538700ns)=0) (profiler_analysis.cpp:682)
2026-10-10 15:30:37.246 | info     |           Metal |   [     8537700 ..      8537800) |########################################|        1 (profiler_analysis.cpp:700)
2026-10-10 15:30:37.246 | info     |           Metal |   [     8537800 ..      8537900) |                                        |        0 (profiler_analysis.cpp:700)
2026-10-10 15:30:37.246 | info     |           Metal |   [     8537900 ..      8538000) |                                        |        0 (profiler_analysis.cpp:700)
2026-10-10 15:30:37.246 | info     |           Metal |   [     8538000 ..      8538100) |                                        |        0 (profiler_analysis.cpp:700)
2026-10-10 15:30:37.246 | info     |           Metal |   [     8538100 ..      8538200) |                                        |        0 (profiler_analysis.cpp:700)
2026-10-10 15:30:37.246 | info     |           Metal |   [     8538200 ..      8538300) |                                        |        0 (profiler_analysis.cpp:700)
2026-10-10 15:30:37.246 | info     |           Metal |   [     8538300 ..      8538400) |                                        |        0 (profiler_analysis.cpp:700)
2026-10-10 15:30:37.246 | info     |           Metal |   [     8538400 ..      8538500) |                                        |        0 (profiler_analysis.cpp:700)
2026-10-10 15:30:37.246 | info     |           Metal |   [     8538500 ..      8538600) |                                        |        0 (profiler_analysis.cpp:700)
2026-10-10 15:30:37.246 | info     |           Metal |   [     8538600 ..      8538700) |                                        |        0 (profiler_analysis.cpp:700)
[SUBCHUNK] tiles_split=62 total_subchunks=1090 max_subchunks_per_tile=3 payload_pages=37612
[SORT] stage=ONELAUNCH P=2374790 P_kept=2374790 num_tiles=1024 max_tile_n=17834 onelaunch=0.25 layout=0.05 pub_host=0.15 total=0.45ms
OUT_RING new pinned slot (slots=4 grows=4 replaced=28)
2026-10-10 15:30:37.275 | info     |           Metal | Device kernel duration perf summary (device=0): count=1, min=8811016ns, avg=8811016.0ns, max=8811016ns (profiler_analysis.cpp:645)
2026-10-10 15:30:37.275 | info     |           Metal | Device kernel duration perf histogram (device=0): (buckets=10, bucket_size=100ns, range=[8811000..8812000), underflow(<8811000ns)=0, overflow(>=8812000ns)=0) (profiler_analysis.cpp:682)
2026-10-10 15:30:37.275 | info     |           Metal |   [     8811000 ..      8811100) |########################################|        1 (profiler_analysis.cpp:700)
2026-10-10 15:30:37.275 | info     |           Metal |   [     8811100 ..      8811200) |                                        |        0 (profiler_analysis.cpp:700)
2026-10-10 15:30:37.275 | info     |           Metal |   [     8811200 ..      8811300) |                                        |        0 (profiler_analysis.cpp:700)
2026-10-10 15:30:37.275 | info     |           Metal |   [     8811300 ..      8811400) |                                        |        0 (profiler_analysis.cpp:700)
2026-10-10 15:30:37.275 | info     |           Metal |   [     8811400 ..      8811500) |                                        |        0 (profiler_analysis.cpp:700)
2026-10-10 15:30:37.275 | info     |           Metal |   [     8811500 ..      8811600) |                                        |        0 (profiler_analysis.cpp:700)
2026-10-10 15:30:37.275 | info     |           Metal |   [     8811600 ..      8811700) |                                        |        0 (profiler_analysis.cpp:700)
2026-10-10 15:30:37.275 | info     |           Metal |   [     8811700 ..      8811800) |                                        |        0 (profiler_analysis.cpp:700)
2026-10-10 15:30:37.275 | info     |           Metal |   [     8811800 ..      8811900) |                                        |        0 (profiler_analysis.cpp:700)
2026-10-10 15:30:37.275 | info     |           Metal |   [     8811900 ..      8812000) |                                        |        0 (profiler_analysis.cpp:700)
[SUBCHUNK] tiles_split=68 total_subchunks=1096 max_subchunks_per_tile=3 payload_pages=39937
[SORT] stage=ONELAUNCH P=2523377 P_kept=2523377 num_tiles=1024 max_tile_n=20034 onelaunch=0.23 layout=0.05 pub_host=0.15 total=0.43ms
OUT_RING new pinned slot (slots=4 grows=4 replaced=29)
2026-10-10 15:30:37.305 | info     |           Metal | Device kernel duration perf summary (device=0): count=1, min=9189873ns, avg=9189873.0ns, max=9189873ns (profiler_analysis.cpp:645)
2026-10-10 15:30:37.305 | info     |           Metal | Device kernel duration perf histogram (device=0): (buckets=10, bucket_size=100ns, range=[9189800..9190800), underflow(<9189800ns)=0, overflow(>=9190800ns)=0) (profiler_analysis.cpp:682)
2026-10-10 15:30:37.305 | info     |           Metal |   [     9189800 ..      9189900) |########################################|        1 (profiler_analysis.cpp:700)
2026-10-10 15:30:37.305 | info     |           Metal |   [     9189900 ..      9190000) |                                        |        0 (profiler_analysis.cpp:700)
2026-10-10 15:30:37.305 | info     |           Metal |   [     9190000 ..      9190100) |                                        |        0 (profiler_analysis.cpp:700)
2026-10-10 15:30:37.305 | info     |           Metal |   [     9190100 ..      9190200) |                                        |        0 (profiler_analysis.cpp:700)
2026-10-10 15:30:37.305 | info     |           Metal |   [     9190200 ..      9190300) |                                        |        0 (profiler_analysis.cpp:700)
2026-10-10 15:30:37.305 | info     |           Metal |   [     9190300 ..      9190400) |                                        |        0 (profiler_analysis.cpp:700)
2026-10-10 15:30:37.305 | info     |           Metal |   [     9190400 ..      9190500) |                                        |        0 (profiler_analysis.cpp:700)
2026-10-10 15:30:37.305 | info     |           Metal |   [     9190500 ..      9190600) |                                        |        0 (profiler_analysis.cpp:700)
2026-10-10 15:30:37.305 | info     |           Metal |   [     9190600 ..      9190700) |                                        |        0 (profiler_analysis.cpp:700)
2026-10-10 15:30:37.305 | info     |           Metal |   [     9190700 ..      9190800) |                                        |        0 (profiler_analysis.cpp:700)
[SUBCHUNK] tiles_split=70 total_subchunks=1097 max_subchunks_per_tile=3 payload_pages=43036
[SORT] stage=ONELAUNCH P=2722282 P_kept=2722282 num_tiles=1024 max_tile_n=22369 onelaunch=0.25 layout=0.05 pub_host=0.15 total=0.45ms
OUT_RING new pinned slot (slots=4 grows=4 replaced=30)
2026-10-10 15:30:37.336 | info     |           Metal | Device kernel duration perf summary (device=0): count=1, min=9672013ns, avg=9672013.0ns, max=9672013ns (profiler_analysis.cpp:645)
2026-10-10 15:30:37.336 | info     |           Metal | Device kernel duration perf histogram (device=0): (buckets=10, bucket_size=100ns, range=[9672000..9673000), underflow(<9672000ns)=0, overflow(>=9673000ns)=0) (profiler_analysis.cpp:682)
2026-10-10 15:30:37.336 | info     |           Metal |   [     9672000 ..      9672100) |########################################|        1 (profiler_analysis.cpp:700)
2026-10-10 15:30:37.336 | info     |           Metal |   [     9672100 ..      9672200) |                                        |        0 (profiler_analysis.cpp:700)
2026-10-10 15:30:37.336 | info     |           Metal |   [     9672200 ..      9672300) |                                        |        0 (profiler_analysis.cpp:700)
2026-10-10 15:30:37.336 | info     |           Metal |   [     9672300 ..      9672400) |                                        |        0 (profiler_analysis.cpp:700)
2026-10-10 15:30:37.336 | info     |           Metal |   [     9672400 ..      9672500) |                                        |        0 (profiler_analysis.cpp:700)
2026-10-10 15:30:37.336 | info     |           Metal |   [     9672500 ..      9672600) |                                        |        0 (profiler_analysis.cpp:700)
2026-10-10 15:30:37.336 | info     |           Metal |   [     9672600 ..      9672700) |                                        |        0 (profiler_analysis.cpp:700)
2026-10-10 15:30:37.336 | info     |           Metal |   [     9672700 ..      9672800) |                                        |        0 (profiler_analysis.cpp:700)
2026-10-10 15:30:37.336 | info     |           Metal |   [     9672800 ..      9672900) |                                        |        0 (profiler_analysis.cpp:700)
2026-10-10 15:30:37.336 | info     |           Metal |   [     9672900 ..      9673000) |                                        |        0 (profiler_analysis.cpp:700)
[SUBCHUNK] tiles_split=75 total_subchunks=1104 max_subchunks_per_tile=3 payload_pages=45752
[SORT] stage=ONELAUNCH P=2895762 P_kept=2895762 num_tiles=1024 max_tile_n=21267 onelaunch=0.23 layout=0.05 pub_host=0.15 total=0.43ms
OUT_RING new pinned slot (slots=4 grows=4 replaced=31)
2026-10-10 15:30:37.369 | info     |           Metal | Device kernel duration perf summary (device=0): count=1, min=10171750ns, avg=10171750.0ns, max=10171750ns (profiler_analysis.cpp:645)
2026-10-10 15:30:37.369 | info     |           Metal | Device kernel duration perf histogram (device=0): (buckets=10, bucket_size=100ns, range=[10171700..10172700), underflow(<10171700ns)=0, overflow(>=10172700ns)=0) (profiler_analysis.cpp:682)
2026-10-10 15:30:37.369 | info     |           Metal |   [    10171700 ..     10171800) |########################################|        1 (profiler_analysis.cpp:700)
2026-10-10 15:30:37.369 | info     |           Metal |   [    10171800 ..     10171900) |                                        |        0 (profiler_analysis.cpp:700)
2026-10-10 15:30:37.369 | info     |           Metal |   [    10171900 ..     10172000) |                                        |        0 (profiler_analysis.cpp:700)
2026-10-10 15:30:37.369 | info     |           Metal |   [    10172000 ..     10172100) |                                        |        0 (profiler_analysis.cpp:700)
2026-10-10 15:30:37.369 | info     |           Metal |   [    10172100 ..     10172200) |                                        |        0 (profiler_analysis.cpp:700)
2026-10-10 15:30:37.369 | info     |           Metal |   [    10172200 ..     10172300) |                                        |        0 (profiler_analysis.cpp:700)
2026-10-10 15:30:37.369 | info     |           Metal |   [    10172300 ..     10172400) |                                        |        0 (profiler_analysis.cpp:700)
2026-10-10 15:30:37.369 | info     |           Metal |   [    10172400 ..     10172500) |                                        |        0 (profiler_analysis.cpp:700)
2026-10-10 15:30:37.369 | info     |           Metal |   [    10172500 ..     10172600) |                                        |        0 (profiler_analysis.cpp:700)
2026-10-10 15:30:37.369 | info     |           Metal |   [    10172600 ..     10172700) |                                        |        0 (profiler_analysis.cpp:700)
[SUBCHUNK] tiles_split=81 total_subchunks=1109 max_subchunks_per_tile=3 payload_pages=48611
[SORT] stage=ONELAUNCH P=3078956 P_kept=3078956 num_tiles=1024 max_tile_n=21032 onelaunch=0.23 layout=0.05 pub_host=0.15 total=0.43ms
OUT_RING new pinned slot (slots=4 grows=4 replaced=32)
2026-10-10 15:30:37.400 | info     |           Metal | Device kernel duration perf summary (device=0): count=1, min=10543279ns, avg=10543279.0ns, max=10543279ns (profiler_analysis.cpp:645)
2026-10-10 15:30:37.400 | info     |           Metal | Device kernel duration perf histogram (device=0): (buckets=10, bucket_size=100ns, range=[10543200..10544200), underflow(<10543200ns)=0, overflow(>=10544200ns)=0) (profiler_analysis.cpp:682)
2026-10-10 15:30:37.400 | info     |           Metal |   [    10543200 ..     10543300) |########################################|        1 (profiler_analysis.cpp:700)
2026-10-10 15:30:37.400 | info     |           Metal |   [    10543300 ..     10543400) |                                        |        0 (profiler_analysis.cpp:700)
2026-10-10 15:30:37.400 | info     |           Metal |   [    10543400 ..     10543500) |                                        |        0 (profiler_analysis.cpp:700)
2026-10-10 15:30:37.400 | info     |           Metal |   [    10543500 ..     10543600) |                                        |        0 (profiler_analysis.cpp:700)
2026-10-10 15:30:37.400 | info     |           Metal |   [    10543600 ..     10543700) |                                        |        0 (profiler_analysis.cpp:700)
2026-10-10 15:30:37.400 | info     |           Metal |   [    10543700 ..     10543800) |                                        |        0 (profiler_analysis.cpp:700)
2026-10-10 15:30:37.400 | info     |           Metal |   [    10543800 ..     10543900) |                                        |        0 (profiler_analysis.cpp:700)
2026-10-10 15:30:37.400 | info     |           Metal |   [    10543900 ..     10544000) |                                        |        0 (profiler_analysis.cpp:700)
2026-10-10 15:30:37.400 | info     |           Metal |   [    10544000 ..     10544100) |                                        |        0 (profiler_analysis.cpp:700)
2026-10-10 15:30:37.400 | info     |           Metal |   [    10544100 ..     10544200) |                                        |        0 (profiler_analysis.cpp:700)
[SUBCHUNK] tiles_split=85 total_subchunks=1114 max_subchunks_per_tile=3 payload_pages=49703
[SORT] stage=ONELAUNCH P=3149841 P_kept=3149841 num_tiles=1024 max_tile_n=19047 onelaunch=0.22 layout=0.05 pub_host=0.15 total=0.43ms
OUT_RING new pinned slot (slots=4 grows=4 replaced=33)
2026-10-10 15:30:37.432 | info     |           Metal | Device kernel duration perf summary (device=0): count=1, min=10851910ns, avg=10851910.0ns, max=10851910ns (profiler_analysis.cpp:645)
2026-10-10 15:30:37.432 | info     |           Metal | Device kernel duration perf histogram (device=0): (buckets=10, bucket_size=100ns, range=[10851900..10852900), underflow(<10851900ns)=0, overflow(>=10852900ns)=0) (profiler_analysis.cpp:682)
2026-10-10 15:30:37.432 | info     |           Metal |   [    10851900 ..     10852000) |########################################|        1 (profiler_analysis.cpp:700)
2026-10-10 15:30:37.432 | info     |           Metal |   [    10852000 ..     10852100) |                                        |        0 (profiler_analysis.cpp:700)
2026-10-10 15:30:37.432 | info     |           Metal |   [    10852100 ..     10852200) |                                        |        0 (profiler_analysis.cpp:700)
2026-10-10 15:30:37.432 | info     |           Metal |   [    10852200 ..     10852300) |                                        |        0 (profiler_analysis.cpp:700)
2026-10-10 15:30:37.432 | info     |           Metal |   [    10852300 ..     10852400) |                                        |        0 (profiler_analysis.cpp:700)
2026-10-10 15:30:37.432 | info     |           Metal |   [    10852400 ..     10852500) |                                        |        0 (profiler_analysis.cpp:700)
2026-10-10 15:30:37.432 | info     |           Metal |   [    10852500 ..     10852600) |                                        |        0 (profiler_analysis.cpp:700)
2026-10-10 15:30:37.432 | info     |           Metal |   [    10852600 ..     10852700) |                                        |        0 (profiler_analysis.cpp:700)
2026-10-10 15:30:37.432 | info     |           Metal |   [    10852700 ..     10852800) |                                        |        0 (profiler_analysis.cpp:700)
2026-10-10 15:30:37.432 | info     |           Metal |   [    10852800 ..     10852900) |                                        |        0 (profiler_analysis.cpp:700)
[SUBCHUNK] tiles_split=84 total_subchunks=1113 max_subchunks_per_tile=3 payload_pages=50216
[SORT] stage=ONELAUNCH P=3181780 P_kept=3181780 num_tiles=1024 max_tile_n=19358 onelaunch=0.22 layout=0.05 pub_host=0.15 total=0.42ms
OUT_RING new pinned slot (slots=4 grows=4 replaced=34)
2026-10-10 15:30:37.463 | info     |           Metal | Device kernel duration perf summary (device=0): count=1, min=10931876ns, avg=10931876.0ns, max=10931876ns (profiler_analysis.cpp:645)
2026-10-10 15:30:37.463 | info     |           Metal | Device kernel duration perf histogram (device=0): (buckets=10, bucket_size=100ns, range=[10931800..10932800), underflow(<10931800ns)=0, overflow(>=10932800ns)=0) (profiler_analysis.cpp:682)
2026-10-10 15:30:37.463 | info     |           Metal |   [    10931800 ..     10931900) |########################################|        1 (profiler_analysis.cpp:700)
2026-10-10 15:30:37.463 | info     |           Metal |   [    10931900 ..     10932000) |                                        |        0 (profiler_analysis.cpp:700)
2026-10-10 15:30:37.463 | info     |           Metal |   [    10932000 ..     10932100) |                                        |        0 (profiler_analysis.cpp:700)
2026-10-10 15:30:37.463 | info     |           Metal |   [    10932100 ..     10932200) |                                        |        0 (profiler_analysis.cpp:700)
2026-10-10 15:30:37.463 | info     |           Metal |   [    10932200 ..     10932300) |                                        |        0 (profiler_analysis.cpp:700)
2026-10-10 15:30:37.463 | info     |           Metal |   [    10932300 ..     10932400) |                                        |        0 (profiler_analysis.cpp:700)
2026-10-10 15:30:37.463 | info     |           Metal |   [    10932400 ..     10932500) |                                        |        0 (profiler_analysis.cpp:700)
2026-10-10 15:30:37.463 | info     |           Metal |   [    10932500 ..     10932600) |                                        |        0 (profiler_analysis.cpp:700)
2026-10-10 15:30:37.463 | info     |           Metal |   [    10932600 ..     10932700) |                                        |        0 (profiler_analysis.cpp:700)
2026-10-10 15:30:37.463 | info     |           Metal |   [    10932700 ..     10932800) |                                        |        0 (profiler_analysis.cpp:700)
[SUBCHUNK] tiles_split=81 total_subchunks=1109 max_subchunks_per_tile=3 payload_pages=50327
[SORT] stage=ONELAUNCH P=3188467 P_kept=3188467 num_tiles=1024 max_tile_n=19519 onelaunch=0.24 layout=0.05 pub_host=0.15 total=0.44ms
OUT_RING new pinned slot (slots=4 grows=4 replaced=35)
2026-10-10 15:30:37.495 | info     |           Metal | Device kernel duration perf summary (device=0): count=1, min=10782001ns, avg=10782001.0ns, max=10782001ns (profiler_analysis.cpp:645)
2026-10-10 15:30:37.495 | info     |           Metal | Device kernel duration perf histogram (device=0): (buckets=10, bucket_size=100ns, range=[10782000..10783000), underflow(<10782000ns)=0, overflow(>=10783000ns)=0) (profiler_analysis.cpp:682)
2026-10-10 15:30:37.495 | info     |           Metal |   [    10782000 ..     10782100) |########################################|        1 (profiler_analysis.cpp:700)
2026-10-10 15:30:37.495 | info     |           Metal |   [    10782100 ..     10782200) |                                        |        0 (profiler_analysis.cpp:700)
2026-10-10 15:30:37.495 | info     |           Metal |   [    10782200 ..     10782300) |                                        |        0 (profiler_analysis.cpp:700)
2026-10-10 15:30:37.495 | info     |           Metal |   [    10782300 ..     10782400) |                                        |        0 (profiler_analysis.cpp:700)
2026-10-10 15:30:37.495 | info     |           Metal |   [    10782400 ..     10782500) |                                        |        0 (profiler_analysis.cpp:700)
2026-10-10 15:30:37.495 | info     |           Metal |   [    10782500 ..     10782600) |                                        |        0 (profiler_analysis.cpp:700)
2026-10-10 15:30:37.495 | info     |           Metal |   [    10782600 ..     10782700) |                                        |        0 (profiler_analysis.cpp:700)
2026-10-10 15:30:37.495 | info     |           Metal |   [    10782700 ..     10782800) |                                        |        0 (profiler_analysis.cpp:700)
2026-10-10 15:30:37.495 | info     |           Metal |   [    10782800 ..     10782900) |                                        |        0 (profiler_analysis.cpp:700)
2026-10-10 15:30:37.495 | info     |           Metal |   [    10782900 ..     10783000) |                                        |        0 (profiler_analysis.cpp:700)
[SUBCHUNK] tiles_split=82 total_subchunks=1111 max_subchunks_per_tile=3 payload_pages=49049
[SORT] stage=ONELAUNCH P=3106694 P_kept=3106694 num_tiles=1024 max_tile_n=20025 onelaunch=0.20 layout=0.04 pub_host=0.15 total=0.40ms
OUT_RING new pinned slot (slots=4 grows=4 replaced=36)
2026-10-10 15:30:37.527 | info     |           Metal | Device kernel duration perf summary (device=0): count=1, min=10594690ns, avg=10594690.0ns, max=10594690ns (profiler_analysis.cpp:645)
2026-10-10 15:30:37.527 | info     |           Metal | Device kernel duration perf histogram (device=0): (buckets=10, bucket_size=100ns, range=[10594600..10595600), underflow(<10594600ns)=0, overflow(>=10595600ns)=0) (profiler_analysis.cpp:682)
2026-10-10 15:30:37.527 | info     |           Metal |   [    10594600 ..     10594700) |########################################|        1 (profiler_analysis.cpp:700)
2026-10-10 15:30:37.527 | info     |           Metal |   [    10594700 ..     10594800) |                                        |        0 (profiler_analysis.cpp:700)
2026-10-10 15:30:37.527 | info     |           Metal |   [    10594800 ..     10594900) |                                        |        0 (profiler_analysis.cpp:700)
2026-10-10 15:30:37.527 | info     |           Metal |   [    10594900 ..     10595000) |                                        |        0 (profiler_analysis.cpp:700)
2026-10-10 15:30:37.527 | info     |           Metal |   [    10595000 ..     10595100) |                                        |        0 (profiler_analysis.cpp:700)
2026-10-10 15:30:37.527 | info     |           Metal |   [    10595100 ..     10595200) |                                        |        0 (profiler_analysis.cpp:700)
2026-10-10 15:30:37.527 | info     |           Metal |   [    10595200 ..     10595300) |                                        |        0 (profiler_analysis.cpp:700)
2026-10-10 15:30:37.527 | info     |           Metal |   [    10595300 ..     10595400) |                                        |        0 (profiler_analysis.cpp:700)
2026-10-10 15:30:37.527 | info     |           Metal |   [    10595400 ..     10595500) |                                        |        0 (profiler_analysis.cpp:700)
2026-10-10 15:30:37.527 | info     |           Metal |   [    10595500 ..     10595600) |                                        |        0 (profiler_analysis.cpp:700)
[SUBCHUNK] tiles_split=81 total_subchunks=1108 max_subchunks_per_tile=3 payload_pages=47132
[SORT] stage=ONELAUNCH P=2984152 P_kept=2984152 num_tiles=1024 max_tile_n=20390 onelaunch=0.24 layout=0.05 pub_host=0.15 total=0.44ms
OUT_RING new pinned slot (slots=4 grows=4 replaced=37)
2026-10-10 15:30:37.558 | info     |           Metal | Device kernel duration perf summary (device=0): count=1, min=10269224ns, avg=10269224.0ns, max=10269224ns (profiler_analysis.cpp:645)
2026-10-10 15:30:37.558 | info     |           Metal | Device kernel duration perf histogram (device=0): (buckets=10, bucket_size=100ns, range=[10269200..10270200), underflow(<10269200ns)=0, overflow(>=10270200ns)=0) (profiler_analysis.cpp:682)
2026-10-10 15:30:37.558 | info     |           Metal |   [    10269200 ..     10269300) |########################################|        1 (profiler_analysis.cpp:700)
2026-10-10 15:30:37.558 | info     |           Metal |   [    10269300 ..     10269400) |                                        |        0 (profiler_analysis.cpp:700)
2026-10-10 15:30:37.558 | info     |           Metal |   [    10269400 ..     10269500) |                                        |        0 (profiler_analysis.cpp:700)
2026-10-10 15:30:37.558 | info     |           Metal |   [    10269500 ..     10269600) |                                        |        0 (profiler_analysis.cpp:700)
2026-10-10 15:30:37.558 | info     |           Metal |   [    10269600 ..     10269700) |                                        |        0 (profiler_analysis.cpp:700)
2026-10-10 15:30:37.558 | info     |           Metal |   [    10269700 ..     10269800) |                                        |        0 (profiler_analysis.cpp:700)
2026-10-10 15:30:37.558 | info     |           Metal |   [    10269800 ..     10269900) |                                        |        0 (profiler_analysis.cpp:700)
2026-10-10 15:30:37.558 | info     |           Metal |   [    10269900 ..     10270000) |                                        |        0 (profiler_analysis.cpp:700)
2026-10-10 15:30:37.558 | info     |           Metal |   [    10270000 ..     10270100) |                                        |        0 (profiler_analysis.cpp:700)
2026-10-10 15:30:37.558 | info     |           Metal |   [    10270100 ..     10270200) |                                        |        0 (profiler_analysis.cpp:700)
[SUBCHUNK] tiles_split=79 total_subchunks=1106 max_subchunks_per_tile=3 payload_pages=45617
[SORT] stage=ONELAUNCH P=2887843 P_kept=2887843 num_tiles=1024 max_tile_n=20927 onelaunch=0.24 layout=0.05 pub_host=0.15 total=0.45ms
OUT_RING new pinned slot (slots=4 grows=4 replaced=38)
2026-10-10 15:30:37.589 | info     |           Metal | Device kernel duration perf summary (device=0): count=1, min=10042141ns, avg=10042141.0ns, max=10042141ns (profiler_analysis.cpp:645)
2026-10-10 15:30:37.589 | info     |           Metal | Device kernel duration perf histogram (device=0): (buckets=10, bucket_size=100ns, range=[10042100..10043100), underflow(<10042100ns)=0, overflow(>=10043100ns)=0) (profiler_analysis.cpp:682)
2026-10-10 15:30:37.589 | info     |           Metal |   [    10042100 ..     10042200) |########################################|        1 (profiler_analysis.cpp:700)
2026-10-10 15:30:37.589 | info     |           Metal |   [    10042200 ..     10042300) |                                        |        0 (profiler_analysis.cpp:700)
2026-10-10 15:30:37.590 | info     |           Metal |   [    10042300 ..     10042400) |                                        |        0 (profiler_analysis.cpp:700)
2026-10-10 15:30:37.590 | info     |           Metal |   [    10042400 ..     10042500) |                                        |        0 (profiler_analysis.cpp:700)
2026-10-10 15:30:37.590 | info     |           Metal |   [    10042500 ..     10042600) |                                        |        0 (profiler_analysis.cpp:700)
2026-10-10 15:30:37.590 | info     |           Metal |   [    10042600 ..     10042700) |                                        |        0 (profiler_analysis.cpp:700)
2026-10-10 15:30:37.590 | info     |           Metal |   [    10042700 ..     10042800) |                                        |        0 (profiler_analysis.cpp:700)
2026-10-10 15:30:37.590 | info     |           Metal |   [    10042800 ..     10042900) |                                        |        0 (profiler_analysis.cpp:700)
2026-10-10 15:30:37.590 | info     |           Metal |   [    10042900 ..     10043000) |                                        |        0 (profiler_analysis.cpp:700)
2026-10-10 15:30:37.590 | info     |           Metal |   [    10043000 ..     10043100) |                                        |        0 (profiler_analysis.cpp:700)
[SUBCHUNK] tiles_split=75 total_subchunks=1101 max_subchunks_per_tile=3 payload_pages=44556
[SORT] stage=ONELAUNCH P=2818980 P_kept=2818980 num_tiles=1024 max_tile_n=21145 onelaunch=0.25 layout=0.05 pub_host=0.15 total=0.45ms
OUT_RING new pinned slot (slots=4 grows=4 replaced=39)
2026-10-10 15:30:37.620 | info     |           Metal | Device kernel duration perf summary (device=0): count=1, min=9801129ns, avg=9801129.0ns, max=9801129ns (profiler_analysis.cpp:645)
2026-10-10 15:30:37.620 | info     |           Metal | Device kernel duration perf histogram (device=0): (buckets=10, bucket_size=100ns, range=[9801100..9802100), underflow(<9801100ns)=0, overflow(>=9802100ns)=0) (profiler_analysis.cpp:682)
2026-10-10 15:30:37.620 | info     |           Metal |   [     9801100 ..      9801200) |########################################|        1 (profiler_analysis.cpp:700)
2026-10-10 15:30:37.620 | info     |           Metal |   [     9801200 ..      9801300) |                                        |        0 (profiler_analysis.cpp:700)
2026-10-10 15:30:37.620 | info     |           Metal |   [     9801300 ..      9801400) |                                        |        0 (profiler_analysis.cpp:700)
2026-10-10 15:30:37.620 | info     |           Metal |   [     9801400 ..      9801500) |                                        |        0 (profiler_analysis.cpp:700)
2026-10-10 15:30:37.620 | info     |           Metal |   [     9801500 ..      9801600) |                                        |        0 (profiler_analysis.cpp:700)
2026-10-10 15:30:37.620 | info     |           Metal |   [     9801600 ..      9801700) |                                        |        0 (profiler_analysis.cpp:700)
2026-10-10 15:30:37.620 | info     |           Metal |   [     9801700 ..      9801800) |                                        |        0 (profiler_analysis.cpp:700)
2026-10-10 15:30:37.620 | info     |           Metal |   [     9801800 ..      9801900) |                                        |        0 (profiler_analysis.cpp:700)
2026-10-10 15:30:37.620 | info     |           Metal |   [     9801900 ..      9802000) |                                        |        0 (profiler_analysis.cpp:700)
2026-10-10 15:30:37.620 | info     |           Metal |   [     9802000 ..      9802100) |                                        |        0 (profiler_analysis.cpp:700)
[SUBCHUNK] tiles_split=75 total_subchunks=1101 max_subchunks_per_tile=3 payload_pages=43664
[SORT] stage=ONELAUNCH P=2762186 P_kept=2762186 num_tiles=1024 max_tile_n=19314 onelaunch=0.24 layout=0.05 pub_host=0.16 total=0.45ms
OUT_RING new pinned slot (slots=4 grows=4 replaced=40)
2026-10-10 15:30:37.651 | info     |           Metal | Device kernel duration perf summary (device=0): count=1, min=9600486ns, avg=9600486.0ns, max=9600486ns (profiler_analysis.cpp:645)
2026-10-10 15:30:37.651 | info     |           Metal | Device kernel duration perf histogram (device=0): (buckets=10, bucket_size=100ns, range=[9600400..9601400), underflow(<9600400ns)=0, overflow(>=9601400ns)=0) (profiler_analysis.cpp:682)
2026-10-10 15:30:37.651 | info     |           Metal |   [     9600400 ..      9600500) |########################################|        1 (profiler_analysis.cpp:700)
2026-10-10 15:30:37.651 | info     |           Metal |   [     9600500 ..      9600600) |                                        |        0 (profiler_analysis.cpp:700)
2026-10-10 15:30:37.651 | info     |           Metal |   [     9600600 ..      9600700) |                                        |        0 (profiler_analysis.cpp:700)
2026-10-10 15:30:37.651 | info     |           Metal |   [     9600700 ..      9600800) |                                        |        0 (profiler_analysis.cpp:700)
2026-10-10 15:30:37.651 | info     |           Metal |   [     9600800 ..      9600900) |                                        |        0 (profiler_analysis.cpp:700)
2026-10-10 15:30:37.651 | info     |           Metal |   [     9600900 ..      9601000) |                                        |        0 (profiler_analysis.cpp:700)
2026-10-10 15:30:37.651 | info     |           Metal |   [     9601000 ..      9601100) |                                        |        0 (profiler_analysis.cpp:700)
2026-10-10 15:30:37.651 | info     |           Metal |   [     9601100 ..      9601200) |                                        |        0 (profiler_analysis.cpp:700)
2026-10-10 15:30:37.651 | info     |           Metal |   [     9601200 ..      9601300) |                                        |        0 (profiler_analysis.cpp:700)
2026-10-10 15:30:37.651 | info     |           Metal |   [     9601300 ..      9601400) |                                        |        0 (profiler_analysis.cpp:700)
[SUBCHUNK] tiles_split=80 total_subchunks=1106 max_subchunks_per_tile=3 payload_pages=42989
[SORT] stage=ONELAUNCH P=2719305 P_kept=2719305 num_tiles=1024 max_tile_n=19744 onelaunch=0.25 layout=0.04 pub_host=0.15 total=0.45ms
OUT_RING new pinned slot (slots=4 grows=4 replaced=41)
2026-10-10 15:30:37.681 | info     |           Metal | Device kernel duration perf summary (device=0): count=1, min=9517921ns, avg=9517921.0ns, max=9517921ns (profiler_analysis.cpp:645)
2026-10-10 15:30:37.681 | info     |           Metal | Device kernel duration perf histogram (device=0): (buckets=10, bucket_size=100ns, range=[9517900..9518900), underflow(<9517900ns)=0, overflow(>=9518900ns)=0) (profiler_analysis.cpp:682)
2026-10-10 15:30:37.681 | info     |           Metal |   [     9517900 ..      9518000) |########################################|        1 (profiler_analysis.cpp:700)
2026-10-10 15:30:37.681 | info     |           Metal |   [     9518000 ..      9518100) |                                        |        0 (profiler_analysis.cpp:700)
2026-10-10 15:30:37.681 | info     |           Metal |   [     9518100 ..      9518200) |                                        |        0 (profiler_analysis.cpp:700)
2026-10-10 15:30:37.681 | info     |           Metal |   [     9518200 ..      9518300) |                                        |        0 (profiler_analysis.cpp:700)
2026-10-10 15:30:37.681 | info     |           Metal |   [     9518300 ..      9518400) |                                        |        0 (profiler_analysis.cpp:700)
2026-10-10 15:30:37.681 | info     |           Metal |   [     9518400 ..      9518500) |                                        |        0 (profiler_analysis.cpp:700)
2026-10-10 15:30:37.681 | info     |           Metal |   [     9518500 ..      9518600) |                                        |        0 (profiler_analysis.cpp:700)
2026-10-10 15:30:37.681 | info     |           Metal |   [     9518600 ..      9518700) |                                        |        0 (profiler_analysis.cpp:700)
2026-10-10 15:30:37.681 | info     |           Metal |   [     9518700 ..      9518800) |                                        |        0 (profiler_analysis.cpp:700)
2026-10-10 15:30:37.681 | info     |           Metal |   [     9518800 ..      9518900) |                                        |        0 (profiler_analysis.cpp:700)
[SUBCHUNK] tiles_split=79 total_subchunks=1105 max_subchunks_per_tile=3 payload_pages=42964
[SORT] stage=ONELAUNCH P=2717542 P_kept=2717542 num_tiles=1024 max_tile_n=18173 onelaunch=0.24 layout=0.05 pub_host=0.16 total=0.45ms
OUT_RING new pinned slot (slots=4 grows=4 replaced=42)
2026-10-10 15:30:37.712 | info     |           Metal | Device kernel duration perf summary (device=0): count=1, min=9552265ns, avg=9552265.0ns, max=9552265ns (profiler_analysis.cpp:645)
2026-10-10 15:30:37.712 | info     |           Metal | Device kernel duration perf histogram (device=0): (buckets=10, bucket_size=100ns, range=[9552200..9553200), underflow(<9552200ns)=0, overflow(>=9553200ns)=0) (profiler_analysis.cpp:682)
2026-10-10 15:30:37.712 | info     |           Metal |   [     9552200 ..      9552300) |########################################|        1 (profiler_analysis.cpp:700)
2026-10-10 15:30:37.712 | info     |           Metal |   [     9552300 ..      9552400) |                                        |        0 (profiler_analysis.cpp:700)
2026-10-10 15:30:37.712 | info     |           Metal |   [     9552400 ..      9552500) |                                        |        0 (profiler_analysis.cpp:700)
2026-10-10 15:30:37.712 | info     |           Metal |   [     9552500 ..      9552600) |                                        |        0 (profiler_analysis.cpp:700)
2026-10-10 15:30:37.712 | info     |           Metal |   [     9552600 ..      9552700) |                                        |        0 (profiler_analysis.cpp:700)
2026-10-10 15:30:37.712 | info     |           Metal |   [     9552700 ..      9552800) |                                        |        0 (profiler_analysis.cpp:700)
2026-10-10 15:30:37.712 | info     |           Metal |   [     9552800 ..      9552900) |                                        |        0 (profiler_analysis.cpp:700)
2026-10-10 15:30:37.712 | info     |           Metal |   [     9552900 ..      9553000) |                                        |        0 (profiler_analysis.cpp:700)
2026-10-10 15:30:37.712 | info     |           Metal |   [     9553000 ..      9553100) |                                        |        0 (profiler_analysis.cpp:700)
2026-10-10 15:30:37.712 | info     |           Metal |   [     9553100 ..      9553200) |                                        |        0 (profiler_analysis.cpp:700)
[SUBCHUNK] tiles_split=82 total_subchunks=1110 max_subchunks_per_tile=3 payload_pages=43226
[SORT] stage=ONELAUNCH P=2733748 P_kept=2733748 num_tiles=1024 max_tile_n=18007 onelaunch=0.23 layout=0.05 pub_host=0.16 total=0.44ms
OUT_RING new pinned slot (slots=4 grows=4 replaced=43)
2026-10-10 15:30:37.743 | info     |           Metal | Device kernel duration perf summary (device=0): count=1, min=9595379ns, avg=9595379.0ns, max=9595379ns (profiler_analysis.cpp:645)
2026-10-10 15:30:37.743 | info     |           Metal | Device kernel duration perf histogram (device=0): (buckets=10, bucket_size=100ns, range=[9595300..9596300), underflow(<9595300ns)=0, overflow(>=9596300ns)=0) (profiler_analysis.cpp:682)
2026-10-10 15:30:37.743 | info     |           Metal |   [     9595300 ..      9595400) |########################################|        1 (profiler_analysis.cpp:700)
2026-10-10 15:30:37.743 | info     |           Metal |   [     9595400 ..      9595500) |                                        |        0 (profiler_analysis.cpp:700)
2026-10-10 15:30:37.743 | info     |           Metal |   [     9595500 ..      9595600) |                                        |        0 (profiler_analysis.cpp:700)
2026-10-10 15:30:37.743 | info     |           Metal |   [     9595600 ..      9595700) |                                        |        0 (profiler_analysis.cpp:700)
2026-10-10 15:30:37.743 | info     |           Metal |   [     9595700 ..      9595800) |                                        |        0 (profiler_analysis.cpp:700)
2026-10-10 15:30:37.743 | info     |           Metal |   [     9595800 ..      9595900) |                                        |        0 (profiler_analysis.cpp:700)
2026-10-10 15:30:37.743 | info     |           Metal |   [     9595900 ..      9596000) |                                        |        0 (profiler_analysis.cpp:700)
2026-10-10 15:30:37.743 | info     |           Metal |   [     9596000 ..      9596100) |                                        |        0 (profiler_analysis.cpp:700)
2026-10-10 15:30:37.743 | info     |           Metal |   [     9596100 ..      9596200) |                                        |        0 (profiler_analysis.cpp:700)
2026-10-10 15:30:37.743 | info     |           Metal |   [     9596200 ..      9596300) |                                        |        0 (profiler_analysis.cpp:700)
[SUBCHUNK] tiles_split=78 total_subchunks=1105 max_subchunks_per_tile=3 payload_pages=43149
[SORT] stage=ONELAUNCH P=2729054 P_kept=2729054 num_tiles=1024 max_tile_n=18629 onelaunch=0.23 layout=0.05 pub_host=0.16 total=0.44ms
OUT_RING new pinned slot (slots=4 grows=4 replaced=44)
2026-10-10 15:30:37.774 | info     |           Metal | Device kernel duration perf summary (device=0): count=1, min=9599424ns, avg=9599424.0ns, max=9599424ns (profiler_analysis.cpp:645)
2026-10-10 15:30:37.774 | info     |           Metal | Device kernel duration perf histogram (device=0): (buckets=10, bucket_size=100ns, range=[9599400..9600400), underflow(<9599400ns)=0, overflow(>=9600400ns)=0) (profiler_analysis.cpp:682)
2026-10-10 15:30:37.774 | info     |           Metal |   [     9599400 ..      9599500) |########################################|        1 (profiler_analysis.cpp:700)
2026-10-10 15:30:37.774 | info     |           Metal |   [     9599500 ..      9599600) |                                        |        0 (profiler_analysis.cpp:700)
2026-10-10 15:30:37.774 | info     |           Metal |   [     9599600 ..      9599700) |                                        |        0 (profiler_analysis.cpp:700)
2026-10-10 15:30:37.774 | info     |           Metal |   [     9599700 ..      9599800) |                                        |        0 (profiler_analysis.cpp:700)
2026-10-10 15:30:37.774 | info     |           Metal |   [     9599800 ..      9599900) |                                        |        0 (profiler_analysis.cpp:700)
2026-10-10 15:30:37.774 | info     |           Metal |   [     9599900 ..      9600000) |                                        |        0 (profiler_analysis.cpp:700)
2026-10-10 15:30:37.774 | info     |           Metal |   [     9600000 ..      9600100) |                                        |        0 (profiler_analysis.cpp:700)
2026-10-10 15:30:37.774 | info     |           Metal |   [     9600100 ..      9600200) |                                        |        0 (profiler_analysis.cpp:700)
2026-10-10 15:30:37.774 | info     |           Metal |   [     9600200 ..      9600300) |                                        |        0 (profiler_analysis.cpp:700)
2026-10-10 15:30:37.774 | info     |           Metal |   [     9600300 ..      9600400) |                                        |        0 (profiler_analysis.cpp:700)
[SUBCHUNK] tiles_split=85 total_subchunks=1112 max_subchunks_per_tile=3 payload_pages=42920
[SORT] stage=ONELAUNCH P=2713776 P_kept=2713776 num_tiles=1024 max_tile_n=18369 onelaunch=0.27 layout=0.05 pub_host=0.15 total=0.48ms
OUT_RING new pinned slot (slots=4 grows=4 replaced=45)
2026-10-10 15:30:37.804 | info     |           Metal | Device kernel duration perf summary (device=0): count=1, min=9594019ns, avg=9594019.0ns, max=9594019ns (profiler_analysis.cpp:645)
2026-10-10 15:30:37.804 | info     |           Metal | Device kernel duration perf histogram (device=0): (buckets=10, bucket_size=100ns, range=[9594000..9595000), underflow(<9594000ns)=0, overflow(>=9595000ns)=0) (profiler_analysis.cpp:682)
2026-10-10 15:30:37.804 | info     |           Metal |   [     9594000 ..      9594100) |########################################|        1 (profiler_analysis.cpp:700)
2026-10-10 15:30:37.804 | info     |           Metal |   [     9594100 ..      9594200) |                                        |        0 (profiler_analysis.cpp:700)
2026-10-10 15:30:37.804 | info     |           Metal |   [     9594200 ..      9594300) |                                        |        0 (profiler_analysis.cpp:700)
2026-10-10 15:30:37.804 | info     |           Metal |   [     9594300 ..      9594400) |                                        |        0 (profiler_analysis.cpp:700)
2026-10-10 15:30:37.804 | info     |           Metal |   [     9594400 ..      9594500) |                                        |        0 (profiler_analysis.cpp:700)
2026-10-10 15:30:37.804 | info     |           Metal |   [     9594500 ..      9594600) |                                        |        0 (profiler_analysis.cpp:700)
2026-10-10 15:30:37.804 | info     |           Metal |   [     9594600 ..      9594700) |                                        |        0 (profiler_analysis.cpp:700)
2026-10-10 15:30:37.804 | info     |           Metal |   [     9594700 ..      9594800) |                                        |        0 (profiler_analysis.cpp:700)
2026-10-10 15:30:37.804 | info     |           Metal |   [     9594800 ..      9594900) |                                        |        0 (profiler_analysis.cpp:700)
2026-10-10 15:30:37.804 | info     |           Metal |   [     9594900 ..      9595000) |                                        |        0 (profiler_analysis.cpp:700)
[SUBCHUNK] tiles_split=82 total_subchunks=1109 max_subchunks_per_tile=3 payload_pages=42444
[SORT] stage=ONELAUNCH P=2684908 P_kept=2684908 num_tiles=1024 max_tile_n=22330 onelaunch=0.24 layout=0.05 pub_host=0.15 total=0.44ms
OUT_RING new pinned slot (slots=4 grows=4 replaced=46)
2026-10-10 15:30:37.836 | info     |           Metal | Device kernel duration perf summary (device=0): count=1, min=9452493ns, avg=9452493.0ns, max=9452493ns (profiler_analysis.cpp:645)
2026-10-10 15:30:37.836 | info     |           Metal | Device kernel duration perf histogram (device=0): (buckets=10, bucket_size=100ns, range=[9452400..9453400), underflow(<9452400ns)=0, overflow(>=9453400ns)=0) (profiler_analysis.cpp:682)
2026-10-10 15:30:37.836 | info     |           Metal |   [     9452400 ..      9452500) |########################################|        1 (profiler_analysis.cpp:700)
2026-10-10 15:30:37.836 | info     |           Metal |   [     9452500 ..      9452600) |                                        |        0 (profiler_analysis.cpp:700)
2026-10-10 15:30:37.836 | info     |           Metal |   [     9452600 ..      9452700) |                                        |        0 (profiler_analysis.cpp:700)
2026-10-10 15:30:37.836 | info     |           Metal |   [     9452700 ..      9452800) |                                        |        0 (profiler_analysis.cpp:700)
2026-10-10 15:30:37.836 | info     |           Metal |   [     9452800 ..      9452900) |                                        |        0 (profiler_analysis.cpp:700)
2026-10-10 15:30:37.836 | info     |           Metal |   [     9452900 ..      9453000) |                                        |        0 (profiler_analysis.cpp:700)
2026-10-10 15:30:37.836 | info     |           Metal |   [     9453000 ..      9453100) |                                        |        0 (profiler_analysis.cpp:700)
2026-10-10 15:30:37.836 | info     |           Metal |   [     9453100 ..      9453200) |                                        |        0 (profiler_analysis.cpp:700)
2026-10-10 15:30:37.836 | info     |           Metal |   [     9453200 ..      9453300) |                                        |        0 (profiler_analysis.cpp:700)
2026-10-10 15:30:37.836 | info     |           Metal |   [     9453300 ..      9453400) |                                        |        0 (profiler_analysis.cpp:700)
[SUBCHUNK] tiles_split=84 total_subchunks=1111 max_subchunks_per_tile=3 payload_pages=41219
[SORT] stage=ONELAUNCH P=2605190 P_kept=2605190 num_tiles=1024 max_tile_n=18553 onelaunch=0.26 layout=0.05 pub_host=0.16 total=0.47ms
OUT_RING new pinned slot (slots=4 grows=4 replaced=47)
2026-10-10 15:30:37.867 | info     |           Metal | Device kernel duration perf summary (device=0): count=1, min=9261361ns, avg=9261361.0ns, max=9261361ns (profiler_analysis.cpp:645)
2026-10-10 15:30:37.867 | info     |           Metal | Device kernel duration perf histogram (device=0): (buckets=10, bucket_size=100ns, range=[9261300..9262300), underflow(<9261300ns)=0, overflow(>=9262300ns)=0) (profiler_analysis.cpp:682)
2026-10-10 15:30:37.867 | info     |           Metal |   [     9261300 ..      9261400) |########################################|        1 (profiler_analysis.cpp:700)
2026-10-10 15:30:37.867 | info     |           Metal |   [     9261400 ..      9261500) |                                        |        0 (profiler_analysis.cpp:700)
2026-10-10 15:30:37.867 | info     |           Metal |   [     9261500 ..      9261600) |                                        |        0 (profiler_analysis.cpp:700)
2026-10-10 15:30:37.867 | info     |           Metal |   [     9261600 ..      9261700) |                                        |        0 (profiler_analysis.cpp:700)
2026-10-10 15:30:37.867 | info     |           Metal |   [     9261700 ..      9261800) |                                        |        0 (profiler_analysis.cpp:700)
2026-10-10 15:30:37.867 | info     |           Metal |   [     9261800 ..      9261900) |                                        |        0 (profiler_analysis.cpp:700)
2026-10-10 15:30:37.867 | info     |           Metal |   [     9261900 ..      9262000) |                                        |        0 (profiler_analysis.cpp:700)
2026-10-10 15:30:37.867 | info     |           Metal |   [     9262000 ..      9262100) |                                        |        0 (profiler_analysis.cpp:700)
2026-10-10 15:30:37.867 | info     |           Metal |   [     9262100 ..      9262200) |                                        |        0 (profiler_analysis.cpp:700)
2026-10-10 15:30:37.867 | info     |           Metal |   [     9262200 ..      9262300) |                                        |        0 (profiler_analysis.cpp:700)
[SUBCHUNK] tiles_split=79 total_subchunks=1105 max_subchunks_per_tile=3 payload_pages=39602
[SORT] stage=ONELAUNCH P=2502433 P_kept=2502433 num_tiles=1024 max_tile_n=20113 onelaunch=0.26 layout=0.05 pub_host=0.16 total=0.47ms
OUT_RING new pinned slot (slots=4 grows=4 replaced=48)
2026-10-10 15:30:37.897 | info     |           Metal | Device kernel duration perf summary (device=0): count=1, min=9046266ns, avg=9046266.0ns, max=9046266ns (profiler_analysis.cpp:645)
2026-10-10 15:30:37.897 | info     |           Metal | Device kernel duration perf histogram (device=0): (buckets=10, bucket_size=100ns, range=[9046200..9047200), underflow(<9046200ns)=0, overflow(>=9047200ns)=0) (profiler_analysis.cpp:682)
2026-10-10 15:30:37.897 | info     |           Metal |   [     9046200 ..      9046300) |########################################|        1 (profiler_analysis.cpp:700)
2026-10-10 15:30:37.897 | info     |           Metal |   [     9046300 ..      9046400) |                                        |        0 (profiler_analysis.cpp:700)
2026-10-10 15:30:37.897 | info     |           Metal |   [     9046400 ..      9046500) |                                        |        0 (profiler_analysis.cpp:700)
2026-10-10 15:30:37.897 | info     |           Metal |   [     9046500 ..      9046600) |                                        |        0 (profiler_analysis.cpp:700)
2026-10-10 15:30:37.897 | info     |           Metal |   [     9046600 ..      9046700) |                                        |        0 (profiler_analysis.cpp:700)
2026-10-10 15:30:37.897 | info     |           Metal |   [     9046700 ..      9046800) |                                        |        0 (profiler_analysis.cpp:700)
2026-10-10 15:30:37.897 | info     |           Metal |   [     9046800 ..      9046900) |                                        |        0 (profiler_analysis.cpp:700)
2026-10-10 15:30:37.897 | info     |           Metal |   [     9046900 ..      9047000) |                                        |        0 (profiler_analysis.cpp:700)
2026-10-10 15:30:37.897 | info     |           Metal |   [     9047000 ..      9047100) |                                        |        0 (profiler_analysis.cpp:700)
2026-10-10 15:30:37.897 | info     |           Metal |   [     9047100 ..      9047200) |                                        |        0 (profiler_analysis.cpp:700)
[SUBCHUNK] tiles_split=74 total_subchunks=1101 max_subchunks_per_tile=3 payload_pages=36821
[SORT] stage=ONELAUNCH P=2324571 P_kept=2324571 num_tiles=1024 max_tile_n=18871 onelaunch=0.25 layout=0.05 pub_host=0.15 total=0.45ms
OUT_RING new pinned slot (slots=4 grows=4 replaced=49)
2026-10-10 15:30:37.927 | info     |           Metal | Device kernel duration perf summary (device=0): count=1, min=8752030ns, avg=8752030.0ns, max=8752030ns (profiler_analysis.cpp:645)
2026-10-10 15:30:37.927 | info     |           Metal | Device kernel duration perf histogram (device=0): (buckets=10, bucket_size=100ns, range=[8752000..8753000), underflow(<8752000ns)=0, overflow(>=8753000ns)=0) (profiler_analysis.cpp:682)
2026-10-10 15:30:37.927 | info     |           Metal |   [     8752000 ..      8752100) |########################################|        1 (profiler_analysis.cpp:700)
2026-10-10 15:30:37.927 | info     |           Metal |   [     8752100 ..      8752200) |                                        |        0 (profiler_analysis.cpp:700)
2026-10-10 15:30:37.927 | info     |           Metal |   [     8752200 ..      8752300) |                                        |        0 (profiler_analysis.cpp:700)
2026-10-10 15:30:37.927 | info     |           Metal |   [     8752300 ..      8752400) |                                        |        0 (profiler_analysis.cpp:700)
2026-10-10 15:30:37.927 | info     |           Metal |   [     8752400 ..      8752500) |                                        |        0 (profiler_analysis.cpp:700)
2026-10-10 15:30:37.927 | info     |           Metal |   [     8752500 ..      8752600) |                                        |        0 (profiler_analysis.cpp:700)
2026-10-10 15:30:37.927 | info     |           Metal |   [     8752600 ..      8752700) |                                        |        0 (profiler_analysis.cpp:700)
2026-10-10 15:30:37.927 | info     |           Metal |   [     8752700 ..      8752800) |                                        |        0 (profiler_analysis.cpp:700)
2026-10-10 15:30:37.927 | info     |           Metal |   [     8752800 ..      8752900) |                                        |        0 (profiler_analysis.cpp:700)
2026-10-10 15:30:37.927 | info     |           Metal |   [     8752900 ..      8753000) |                                        |        0 (profiler_analysis.cpp:700)
[SUBCHUNK] tiles_split=67 total_subchunks=1094 max_subchunks_per_tile=3 payload_pages=34703
[SORT] stage=ONELAUNCH P=2188463 P_kept=2188463 num_tiles=1024 max_tile_n=21416 onelaunch=0.26 layout=0.05 pub_host=0.15 total=0.46ms
OUT_RING new pinned slot (slots=4 grows=4 replaced=50)
2026-10-10 15:30:37.956 | info     |           Metal | Device kernel duration perf summary (device=0): count=1, min=8527482ns, avg=8527482.0ns, max=8527482ns (profiler_analysis.cpp:645)
2026-10-10 15:30:37.956 | info     |           Metal | Device kernel duration perf histogram (device=0): (buckets=10, bucket_size=100ns, range=[8527400..8528400), underflow(<8527400ns)=0, overflow(>=8528400ns)=0) (profiler_analysis.cpp:682)
2026-10-10 15:30:37.956 | info     |           Metal |   [     8527400 ..      8527500) |########################################|        1 (profiler_analysis.cpp:700)
2026-10-10 15:30:37.956 | info     |           Metal |   [     8527500 ..      8527600) |                                        |        0 (profiler_analysis.cpp:700)
2026-10-10 15:30:37.956 | info     |           Metal |   [     8527600 ..      8527700) |                                        |        0 (profiler_analysis.cpp:700)
2026-10-10 15:30:37.956 | info     |           Metal |   [     8527700 ..      8527800) |                                        |        0 (profiler_analysis.cpp:700)
2026-10-10 15:30:37.956 | info     |           Metal |   [     8527800 ..      8527900) |                                        |        0 (profiler_analysis.cpp:700)
2026-10-10 15:30:37.956 | info     |           Metal |   [     8527900 ..      8528000) |                                        |        0 (profiler_analysis.cpp:700)
2026-10-10 15:30:37.956 | info     |           Metal |   [     8528000 ..      8528100) |                                        |        0 (profiler_analysis.cpp:700)
2026-10-10 15:30:37.956 | info     |           Metal |   [     8528100 ..      8528200) |                                        |        0 (profiler_analysis.cpp:700)
2026-10-10 15:30:37.956 | info     |           Metal |   [     8528200 ..      8528300) |                                        |        0 (profiler_analysis.cpp:700)
2026-10-10 15:30:37.956 | info     |           Metal |   [     8528300 ..      8528400) |                                        |        0 (profiler_analysis.cpp:700)
[SUBCHUNK] tiles_split=65 total_subchunks=1092 max_subchunks_per_tile=3 payload_pages=33321
[SORT] stage=ONELAUNCH P=2100242 P_kept=2100242 num_tiles=1024 max_tile_n=21340 onelaunch=0.21 layout=0.05 pub_host=0.15 total=0.41ms
OUT_RING new pinned slot (slots=4 grows=4 replaced=51)
2026-10-10 15:30:37.986 | info     |           Metal | Device kernel duration perf summary (device=0): count=1, min=8380587ns, avg=8380587.0ns, max=8380587ns (profiler_analysis.cpp:645)
2026-10-10 15:30:37.986 | info     |           Metal | Device kernel duration perf histogram (device=0): (buckets=10, bucket_size=100ns, range=[8380500..8381500), underflow(<8380500ns)=0, overflow(>=8381500ns)=0) (profiler_analysis.cpp:682)
2026-10-10 15:30:37.986 | info     |           Metal |   [     8380500 ..      8380600) |########################################|        1 (profiler_analysis.cpp:700)
2026-10-10 15:30:37.986 | info     |           Metal |   [     8380600 ..      8380700) |                                        |        0 (profiler_analysis.cpp:700)
2026-10-10 15:30:37.986 | info     |           Metal |   [     8380700 ..      8380800) |                                        |        0 (profiler_analysis.cpp:700)
2026-10-10 15:30:37.986 | info     |           Metal |   [     8380800 ..      8380900) |                                        |        0 (profiler_analysis.cpp:700)
2026-10-10 15:30:37.986 | info     |           Metal |   [     8380900 ..      8381000) |                                        |        0 (profiler_analysis.cpp:700)
2026-10-10 15:30:37.986 | info     |           Metal |   [     8381000 ..      8381100) |                                        |        0 (profiler_analysis.cpp:700)
2026-10-10 15:30:37.986 | info     |           Metal |   [     8381100 ..      8381200) |                                        |        0 (profiler_analysis.cpp:700)
2026-10-10 15:30:37.986 | info     |           Metal |   [     8381200 ..      8381300) |                                        |        0 (profiler_analysis.cpp:700)
2026-10-10 15:30:37.986 | info     |           Metal |   [     8381300 ..      8381400) |                                        |        0 (profiler_analysis.cpp:700)
2026-10-10 15:30:37.986 | info     |           Metal |   [     8381400 ..      8381500) |                                        |        0 (profiler_analysis.cpp:700)
[SUBCHUNK] tiles_split=65 total_subchunks=1092 max_subchunks_per_tile=3 payload_pages=32586
[SORT] stage=ONELAUNCH P=2052961 P_kept=2052961 num_tiles=1024 max_tile_n=21713 onelaunch=0.26 layout=0.05 pub_host=0.16 total=0.47ms
OUT_RING new pinned slot (slots=4 grows=4 replaced=52)
2026-10-10 15:30:38.015 | info     |           Metal | Device kernel duration perf summary (device=0): count=1, min=8378045ns, avg=8378045.0ns, max=8378045ns (profiler_analysis.cpp:645)
2026-10-10 15:30:38.015 | info     |           Metal | Device kernel duration perf histogram (device=0): (buckets=10, bucket_size=100ns, range=[8378000..8379000), underflow(<8378000ns)=0, overflow(>=8379000ns)=0) (profiler_analysis.cpp:682)
2026-10-10 15:30:38.015 | info     |           Metal |   [     8378000 ..      8378100) |########################################|        1 (profiler_analysis.cpp:700)
2026-10-10 15:30:38.015 | info     |           Metal |   [     8378100 ..      8378200) |                                        |        0 (profiler_analysis.cpp:700)
2026-10-10 15:30:38.015 | info     |           Metal |   [     8378200 ..      8378300) |                                        |        0 (profiler_analysis.cpp:700)
2026-10-10 15:30:38.015 | info     |           Metal |   [     8378300 ..      8378400) |                                        |        0 (profiler_analysis.cpp:700)
2026-10-10 15:30:38.015 | info     |           Metal |   [     8378400 ..      8378500) |                                        |        0 (profiler_analysis.cpp:700)
2026-10-10 15:30:38.015 | info     |           Metal |   [     8378500 ..      8378600) |                                        |        0 (profiler_analysis.cpp:700)
2026-10-10 15:30:38.015 | info     |           Metal |   [     8378600 ..      8378700) |                                        |        0 (profiler_analysis.cpp:700)
2026-10-10 15:30:38.015 | info     |           Metal |   [     8378700 ..      8378800) |                                        |        0 (profiler_analysis.cpp:700)
2026-10-10 15:30:38.015 | info     |           Metal |   [     8378800 ..      8378900) |                                        |        0 (profiler_analysis.cpp:700)
2026-10-10 15:30:38.015 | info     |           Metal |   [     8378900 ..      8379000) |                                        |        0 (profiler_analysis.cpp:700)
[SUBCHUNK] tiles_split=60 total_subchunks=1087 max_subchunks_per_tile=3 payload_pages=32524
[SORT] stage=ONELAUNCH P=2050213 P_kept=2050213 num_tiles=1024 max_tile_n=20666 onelaunch=0.23 layout=0.05 pub_host=0.15 total=0.43ms
OUT_RING new pinned slot (slots=4 grows=4 replaced=53)
2026-10-10 15:30:38.040 | info     |           Metal | Device kernel duration perf summary (device=0): count=1, min=6603900ns, avg=6603900.0ns, max=6603900ns (profiler_analysis.cpp:645)
2026-10-10 15:30:38.040 | info     |           Metal | Device kernel duration perf histogram (device=0): (buckets=10, bucket_size=100ns, range=[6603900..6604900), underflow(<6603900ns)=0, overflow(>=6604900ns)=0) (profiler_analysis.cpp:682)
2026-10-10 15:30:38.040 | info     |           Metal |   [     6603900 ..      6604000) |########################################|        1 (profiler_analysis.cpp:700)
2026-10-10 15:30:38.040 | info     |           Metal |   [     6604000 ..      6604100) |                                        |        0 (profiler_analysis.cpp:700)
2026-10-10 15:30:38.040 | info     |           Metal |   [     6604100 ..      6604200) |                                        |        0 (profiler_analysis.cpp:700)
2026-10-10 15:30:38.040 | info     |           Metal |   [     6604200 ..      6604300) |                                        |        0 (profiler_analysis.cpp:700)
2026-10-10 15:30:38.040 | info     |           Metal |   [     6604300 ..      6604400) |                                        |        0 (profiler_analysis.cpp:700)
2026-10-10 15:30:38.040 | info     |           Metal |   [     6604400 ..      6604500) |                                        |        0 (profiler_analysis.cpp:700)
2026-10-10 15:30:38.040 | info     |           Metal |   [     6604500 ..      6604600) |                                        |        0 (profiler_analysis.cpp:700)
2026-10-10 15:30:38.040 | info     |           Metal |   [     6604600 ..      6604700) |                                        |        0 (profiler_analysis.cpp:700)
2026-10-10 15:30:38.040 | info     |           Metal |   [     6604700 ..      6604800) |                                        |        0 (profiler_analysis.cpp:700)
2026-10-10 15:30:38.040 | info     |           Metal |   [     6604800 ..      6604900) |                                        |        0 (profiler_analysis.cpp:700)
B2B_STAGES pass=1 views=30 gap_ms=0.00 t_end=1791646238.046 period=30.287 render=30.287 py_resid=0.104 head=0.005 project=0.793 tile_assign=0.004 sort=1.224 blend_setup=0.000 mat=0.000 cull=0.000 blend=5.713 d2h=0.004 assemble=0.000 tail=22.362 xview=0.075 view_total=30.182 sort_pread=0.002 sort_bin_count=0.000 sort_bin_hist_d2h=0.000 sort_bin_layout=0.047 sort_upload=0.000 sort_bin_emit=0.239 sort_kernel=0.000 sort_d2h=0.000 sort_compact=0.000 sort_publish_host=0.153 sort_publish_wait=0.000 sort_mat=0.034 project_cov3d=0.000 project_pfwc_setup=0.011 project_pfwc_rtargs=0.047 project_pfwc_chunkcull=0.000 project_pfwc_enqueue=0.016 project_pfwc_finish=0.000 project_gather_setup=0.003 project_gather_rtargs=0.000 project_gather_enqueue=0.000 project_gather_wait=0.789 project_gather_result=0.000 tile_assign_setup=0.002 tile_assign_rtargs=0.000 tile_assign_enqueue=0.000 tile_assign_scan_finish=0.000 tile_assign_p_d2h=0.000 tile_assign_k2_finish=0.000 tile_assign_publish=0.001
[run] B2B pass 1: 908.6 ms for 30 views = 30.287 ms/frame
B2B scene=bicycle n_views=30 passes=1 warmup=0 drop=no ms_frame=30.287 fps=33.02 ms_frame_median=30.287 pass_ms_frame=30.287 check_pass_ms_frame=30.150 raw_md5=5a438f5a gap_ms=0.00 render_ms_frame=30.287 xview_hits=59 xview_misses=0 identical_across_passes=yes out=/localdev/smarton/gstt2-t469/tmp/t484-sr
TTW_TIMING b2b_ms_frame=30.287
TTW_TIMING b2b_ms_frame_median=30.287

Queue delay: 15 ns
Timer resolution: 0 ns

Frames: 2
Time span: 5.82 s
Zones: 1,858,213
Elapsed time: 5.1 s
Saving trace... done!
Trace size 17.74 MB (24.88% ratio)
2026-10-10 15:30:39.813 | INFO     | tracy:generate_report:154 - Host side ops time report generated at /localdev/smarton/gstt2-t469/tmp/t484/prof-sr/.logs/tracy_ops_times.csv
2026-10-10 15:30:39.843 | INFO     | tracy:generate_report:165 - Host side ops data report generated at /localdev/smarton/gstt2-t469/tmp/t484/prof-sr/.logs/tracy_ops_data.csv
2026-10-10 15:30:39.843 | INFO     | tracy.process_ops_logs:import_tracy_op_logs:255 - Importing ops logs
/localdev/smarton/tt-metal/tools/tracy/process_ops_logs.py:360: DtypeWarning: Columns (3) have mixed types. Specify dtype option on import or set low_memory=False.
  df = pd.read_csv(tracyOpTimesLog)
2026-10-10 15:30:42.224 | INFO     | tracy.process_ops_logs:get_device_data_generate_report:1014 - Copying runtime artifacts
2026-10-10 15:30:42.385 | INFO     | tracy.process_ops_logs:get_device_data_generate_report:1020 - Getting device only ops data
2026-10-10 15:30:49.247 | INFO     | tracy.process_device_log:core_to_device_timeseries:416 - Importing Data For Device Number : 0
2026-10-10 15:30:59.434 | INFO     | tracy.process_ops_logs:get_device_data_generate_report:1032 - Generating device op report ...
2026-10-10 15:30:59.489 | INFO     | tracy.process_ops_logs:get_device_data_generate_report:1210 - Device only OPs csv generated at: /localdev/smarton/gstt2-t469/tmp/t484/prof-sr/reports/2026_10_10_15_30_42/ops_perf_results_2026_10_10_15_30_42.csv
2026-10-10 15:30:59.493 | INFO     | tracy.process_ops_logs:get_device_data_generate_report:1219 - Device only per core op to op times csv generated at: /localdev/smarton/gstt2-t469/tmp/t484/prof-sr/reports/2026_10_10_15_30_42/per_core_op_to_op_times_2026_10_10_15_30_42.csv
