[eth] card p100a: worker dispatch (ETH default is p150 only)
[run] b2b keep mode: GSPLAT_TT_OUT_ZEROCOPY_SLOTS=32
[run] warmup (hero='hero', 1024x1024, scene=bicycle)
2026-10-10 16:36:45.022 | info     |             UMD | Creating TopologyDiscovery for architecture: blackhole (topology_discovery.cpp:75)
2026-10-10 16:36:45.022 | info     |             UMD | Starting topology discovery. (topology_discovery.cpp:92)
2026-10-10 16:36:45.024 | warning  |             UMD | Low power mode is disabled while UMD holds open file descriptors. The device will return to low power mode once all file descriptors are closed. (topology_discovery.cpp:140)
2026-10-10 16:36:45.025 | info     |             UMD | Established firmware bundle version: 19.12.0 (topology_discovery.cpp:544)
2026-10-10 16:36:45.025 | info     |             UMD | Firmware bundle version 19.12.0 on the system is newer than the latest fully tested version 19.5.0 for blackhole architecture. Newest features may not be supported. (topology_discovery.cpp:570)
2026-10-10 16:36:45.025 | info     |             UMD | Completed topology discovery. (topology_discovery.cpp:96)
2026-10-10 16:36:45.026 | info     |          Device | Opening user mode device driver (tt_cluster.cpp:225)
2026-10-10 16:36:45.026 | info     |             UMD | Cluster constructor started. (cluster.cpp:317)
2026-10-10 16:36:45.026 | info     |             UMD | Creating TopologyDiscovery for architecture: blackhole (topology_discovery.cpp:75)
2026-10-10 16:36:45.026 | info     |             UMD | Starting topology discovery. (topology_discovery.cpp:92)
2026-10-10 16:36:45.028 | warning  |             UMD | Low power mode is disabled while UMD holds open file descriptors. The device will return to low power mode once all file descriptors are closed. (topology_discovery.cpp:140)
2026-10-10 16:36:45.029 | info     |             UMD | Established firmware bundle version: 19.12.0 (topology_discovery.cpp:544)
2026-10-10 16:36:45.029 | info     |             UMD | Firmware bundle version 19.12.0 on the system is newer than the latest fully tested version 19.5.0 for blackhole architecture. Newest features may not be supported. (topology_discovery.cpp:570)
2026-10-10 16:36:45.029 | info     |             UMD | Completed topology discovery. (topology_discovery.cpp:96)
2026-10-10 16:36:45.029 | info     |             UMD | Harvesting masks for Chip 0: Tensix: 0x280 DRAM: 0x20 ETH: 0x3fff PCIe: 0x2 L2CPU: 0x0 (cluster.cpp:262)
2026-10-10 16:36:45.029 | info     |             UMD | Initializing iommu for sysmem (size: 0x40000000). (silicon_sysmem_manager.cpp:334)
2026-10-10 16:36:45.029 | info     |             UMD | Allocating sysmem for IOMMU (size: 0x40000000). (silicon_sysmem_manager.cpp:340)
2026-10-10 16:36:45.068 | info     |             UMD | Opening local chip ids/PCIe ids: {0}/[0] and remote chip ids {} (cluster.cpp:153)
2026-10-10 16:36:45.068 | info     |             UMD | IOMMU: enabled (cluster.cpp:133)
2026-10-10 16:36:45.068 | info     |             UMD | KMD version: 2.9.0 (cluster.cpp:136)
2026-10-10 16:36:45.068 | info     |             UMD | Cluster constructor completed. (cluster.cpp:409)
2026-10-10 16:36:45.069 | info     |             UMD | Starting devices in cluster (cluster.cpp:1044)
2026-10-10 16:36:45.069 | info     |             UMD | Mapped sysmem without hugepages to IOVA 0x80000000; NOC address 0x1000000000000000 (silicon_sysmem_manager.cpp:391)
2026-10-10 16:36:45.070 | info     |             UMD | Starting devices in cluster completed. (cluster.cpp:1052)
2026-10-10 16:36:45.554 | info     |     Distributed | Using auto discovery to generate mesh graph. (metal_env.cpp:332)
2026-10-10 16:36:45.554 | info     |     Distributed | Constructing control plane using auto-discovery (no mesh graph descriptor). (metal_env.cpp:394)
2026-10-10 16:36:45.554 | info     |             UMD | Creating TopologyDiscovery for architecture: blackhole (topology_discovery.cpp:75)
2026-10-10 16:36:45.554 | info     |             UMD | Starting topology discovery. (topology_discovery.cpp:92)
2026-10-10 16:36:45.555 | warning  |             UMD | Low power mode is disabled while UMD holds open file descriptors. The device will return to low power mode once all file descriptors are closed. (topology_discovery.cpp:140)
2026-10-10 16:36:45.556 | info     |             UMD | Established firmware bundle version: 19.12.0 (topology_discovery.cpp:544)
2026-10-10 16:36:45.556 | info     |             UMD | Firmware bundle version 19.12.0 on the system is newer than the latest fully tested version 19.5.0 for blackhole architecture. Newest features may not be supported. (topology_discovery.cpp:570)
2026-10-10 16:36:45.556 | info     |             UMD | Completed topology discovery. (topology_discovery.cpp:96)
2026-10-10 16:36:45.557 | warning  |          Always | Unknown motherboard 'X670E GAMING PLUS WIFI (MS-7E16)' for chip_id=0 (bus_id=0x1) — defaulting tray_id to 0. Add this motherboard and its bus IDs to mobo_to_bus_ids in physical_system_discovery.cpp. (physical_system_discovery.cpp:56)
2026-10-10 16:36:45.557 | info     |          Fabric | TopologyMapper: Logical Multi-Mesh Adjacency Map: (topology_mapper.cpp:1474)
2026-10-10 16:36:45.557 | info     |          Fabric |
=== Logical Mesh-Level Graph Adjacency Map ===
Total nodes: 1
Degree histogram: {0:1}
 (topology_solver.tpp:94)
2026-10-10 16:36:45.557 | info     |          Fabric |
=== Logical Mesh 0 Internal Graph Adjacency Map ===
Total nodes: 1
Degree histogram: {0:1}
 (topology_solver.tpp:94)
2026-10-10 16:36:45.557 | info     |          Fabric | TopologyMapper: Physical Multi-Mesh Adjacency Map: (topology_mapper.cpp:1485)
2026-10-10 16:36:45.557 | info     |          Fabric |
=== Physical Mesh-Level Graph Adjacency Map ===
Total nodes: 1
Degree histogram: {0:1}
 (topology_solver.tpp:94)
2026-10-10 16:36:45.557 | info     |          Fabric |
=== Physical Mesh 0 Internal Graph Adjacency Map ===
Total nodes: 1
Degree histogram: {0:1}
 (topology_solver.tpp:94)
2026-10-10 16:36:45.557 | info     |          Fabric | Starting multi-mesh mapping: 1 logical mesh(es) to 1 physical mesh(es) (topology_mapper_utils.cpp:1465)
2026-10-10 16:36:45.557 | info     |          Fabric | Multi-mesh mapping attempt 1/2: Trying inter-mesh mapping (topology_mapper_utils.cpp:1506)
2026-10-10 16:36:45.557 | info     |          Fabric | Attempt 1: Inter-mesh mapping succeeded, found 1 mesh pair(s) (topology_mapper_utils.cpp:1535)
2026-10-10 16:36:45.557 | info     |          Fabric | Attempt 1: Mapping 1 mesh pair(s) (topology_mapper_utils.cpp:1547)
2026-10-10 16:36:45.557 | info     |          Fabric | Attempt 1: Mapping mesh 0 -> 0 (topology_mapper_utils.cpp:1549)
2026-10-10 16:36:45.557 | info     |          Fabric | Multi-mesh mapping succeeded after 1 attempt(s): 1 mesh pair(s) mapped (topology_mapper_utils.cpp:1682)
2026-10-10 16:36:45.561 | info     |    BuildKernels | Using pre-compiled firmware from: /localdev/smarton/tt-metal/tt_metal/pre-compiled/5481144561508939120/ (build_env_manager.cpp:257)
2026-10-10 16:36:45.607 | info     |           Metal | ShmResourceTracker: removed stale shm '/tt_d2h_1094472_3584769081_0' (shm_resource_tracker.cpp:265)
2026-10-10 16:36:45.607 | info     |           Metal | ShmResourceTracker: removed stale manifest '/dev/shm/tt_socket_manifest_1094472' (shm_resource_tracker.cpp:275)
2026-10-10 16:36:45.607 | info     |           Metal | ShmResourceTracker: removed orphaned shm '/tt_device_198001_memory' (shm_resource_tracker.cpp:282)
2026-10-10 16:36:46.185 | info     |           Metal | [Real-time profiler] Device 0 sync complete: 100 samples, frequency=1.349981 GHz, device_time_at_sync=6152854240941 cycles (realtime_profiler_manager.cpp:1075)
[DEV] dispatch worker (worker), command queues 2, compute grid 11x10
[gsplat_tt::sort] bucket tile stride 512 pages, 7 DRAM banks
[JIT_WARMUP] ideal-path contexts compiled in 1179.9 ms
[gsplat_tt::pfwc] rec32 on: 32 B blend records, 2 per page
[TA] K2 fold=1 (enabled 1 dual 1 screen tiles 1024 speed split 1)
[SORT] ONELAUNCH early=1 why=0 (tiles 1024 row_pages 64 cores 110)
[SORT] ONELAUNCH v2 OL_PB=8 OL_RING=8 OL_RING_DEPTH=8 OL_WIN_PAGES=1024 OL_MAT_SELECT=0 OL_BREC_BULK=1 OL_EMIT_TOWN=1 cb_bytes/mover=567680 shared=22400
[SORT] ONELAUNCH k2_fold=1 early=1 cq1=1 (enqueued behind the K2; cores 110 row_pages 64 tiles 1024)
[SUBCHUNK] tiles_split=86 total_subchunks=1113 max_subchunks_per_tile=3 payload_pages=45770
[SORT] stage=ONELAUNCH P=2895629 P_kept=2895629 num_tiles=1024 max_tile_n=22979 onelaunch=0.21 layout=0.05 pub_host=0.16 total=0.44ms
OUT_RING new pinned slot (slots=1 grows=0 replaced=0)
MATBLEND_PROGRAM fz=1 zerocopy=1 pinned=1 frame=0
[run] timing 30 views (warmup excluded)
[SUBCHUNK] tiles_split=86 total_subchunks=1113 max_subchunks_per_tile=3 payload_pages=45770
[SORT] stage=ONELAUNCH P=2895629 P_kept=2895629 num_tiles=1024 max_tile_n=22979 onelaunch=0.19 layout=0.04 pub_host=0.15 total=0.39ms
OUT_RING new pinned slot (slots=2 grows=1 replaced=0)
[SUBCHUNK] tiles_split=64 total_subchunks=1090 max_subchunks_per_tile=3 payload_pages=33181
[SORT] stage=ONELAUNCH P=2090575 P_kept=2090575 num_tiles=1024 max_tile_n=19171 onelaunch=0.20 layout=0.04 pub_host=0.16 total=0.40ms
OUT_RING new pinned slot (slots=3 grows=2 replaced=0)
[SUBCHUNK] tiles_split=63 total_subchunks=1090 max_subchunks_per_tile=3 payload_pages=34324
[SORT] stage=ONELAUNCH P=2164042 P_kept=2164042 num_tiles=1024 max_tile_n=18956 onelaunch=0.19 layout=0.04 pub_host=0.15 total=0.38ms
OUT_RING new pinned slot (slots=4 grows=3 replaced=0)
[SUBCHUNK] tiles_split=66 total_subchunks=1093 max_subchunks_per_tile=3 payload_pages=35760
[SORT] stage=ONELAUNCH P=2255766 P_kept=2255766 num_tiles=1024 max_tile_n=18906 onelaunch=0.17 layout=0.04 pub_host=0.15 total=0.37ms
OUT_RING new pinned slot (slots=5 grows=4 replaced=0)
[SUBCHUNK] tiles_split=62 total_subchunks=1090 max_subchunks_per_tile=3 payload_pages=37612
[SORT] stage=ONELAUNCH P=2374790 P_kept=2374790 num_tiles=1024 max_tile_n=17834 onelaunch=0.17 layout=0.04 pub_host=0.16 total=0.37ms
OUT_RING new pinned slot (slots=6 grows=5 replaced=0)
[SUBCHUNK] tiles_split=68 total_subchunks=1096 max_subchunks_per_tile=3 payload_pages=39937
[SORT] stage=ONELAUNCH P=2523377 P_kept=2523377 num_tiles=1024 max_tile_n=20034 onelaunch=0.17 layout=0.04 pub_host=0.15 total=0.36ms
OUT_RING new pinned slot (slots=7 grows=6 replaced=0)
[SUBCHUNK] tiles_split=70 total_subchunks=1097 max_subchunks_per_tile=3 payload_pages=43036
[SORT] stage=ONELAUNCH P=2722282 P_kept=2722282 num_tiles=1024 max_tile_n=22369 onelaunch=0.17 layout=0.04 pub_host=0.15 total=0.36ms
OUT_RING new pinned slot (slots=8 grows=7 replaced=0)
[SUBCHUNK] tiles_split=75 total_subchunks=1104 max_subchunks_per_tile=3 payload_pages=45752
[SORT] stage=ONELAUNCH P=2895762 P_kept=2895762 num_tiles=1024 max_tile_n=21267 onelaunch=0.18 layout=0.04 pub_host=0.15 total=0.37ms
OUT_RING new pinned slot (slots=9 grows=8 replaced=0)
[SUBCHUNK] tiles_split=81 total_subchunks=1109 max_subchunks_per_tile=3 payload_pages=48611
[SORT] stage=ONELAUNCH P=3078956 P_kept=3078956 num_tiles=1024 max_tile_n=21032 onelaunch=0.37 layout=0.04 pub_host=0.16 total=0.57ms
OUT_RING new pinned slot (slots=10 grows=9 replaced=0)
[SUBCHUNK] tiles_split=85 total_subchunks=1114 max_subchunks_per_tile=3 payload_pages=49703
[SORT] stage=ONELAUNCH P=3149841 P_kept=3149841 num_tiles=1024 max_tile_n=19047 onelaunch=0.36 layout=0.04 pub_host=0.16 total=0.57ms
OUT_RING new pinned slot (slots=11 grows=10 replaced=0)
[SUBCHUNK] tiles_split=84 total_subchunks=1113 max_subchunks_per_tile=3 payload_pages=50216
[SORT] stage=ONELAUNCH P=3181780 P_kept=3181780 num_tiles=1024 max_tile_n=19358 onelaunch=0.35 layout=0.04 pub_host=0.15 total=0.55ms
OUT_RING new pinned slot (slots=12 grows=11 replaced=0)
[SUBCHUNK] tiles_split=81 total_subchunks=1109 max_subchunks_per_tile=3 payload_pages=50327
[SORT] stage=ONELAUNCH P=3188467 P_kept=3188467 num_tiles=1024 max_tile_n=19519 onelaunch=0.36 layout=0.04 pub_host=0.16 total=0.57ms
OUT_RING new pinned slot (slots=13 grows=12 replaced=0)
[SUBCHUNK] tiles_split=82 total_subchunks=1111 max_subchunks_per_tile=3 payload_pages=49049
[SORT] stage=ONELAUNCH P=3106694 P_kept=3106694 num_tiles=1024 max_tile_n=20025 onelaunch=0.38 layout=0.04 pub_host=0.15 total=0.58ms
OUT_RING new pinned slot (slots=14 grows=13 replaced=0)
[SUBCHUNK] tiles_split=81 total_subchunks=1108 max_subchunks_per_tile=3 payload_pages=47132
[SORT] stage=ONELAUNCH P=2984152 P_kept=2984152 num_tiles=1024 max_tile_n=20390 onelaunch=0.36 layout=0.04 pub_host=0.15 total=0.55ms
OUT_RING new pinned slot (slots=15 grows=14 replaced=0)
[SUBCHUNK] tiles_split=79 total_subchunks=1106 max_subchunks_per_tile=3 payload_pages=45617
[SORT] stage=ONELAUNCH P=2887843 P_kept=2887843 num_tiles=1024 max_tile_n=20927 onelaunch=0.35 layout=0.04 pub_host=0.15 total=0.54ms
OUT_RING new pinned slot (slots=16 grows=15 replaced=0)
[SUBCHUNK] tiles_split=75 total_subchunks=1101 max_subchunks_per_tile=3 payload_pages=44556
[SORT] stage=ONELAUNCH P=2818980 P_kept=2818980 num_tiles=1024 max_tile_n=21145 onelaunch=0.35 layout=0.04 pub_host=0.15 total=0.54ms
OUT_RING new pinned slot (slots=17 grows=16 replaced=0)
[SUBCHUNK] tiles_split=75 total_subchunks=1101 max_subchunks_per_tile=3 payload_pages=43664
[SORT] stage=ONELAUNCH P=2762186 P_kept=2762186 num_tiles=1024 max_tile_n=19314 onelaunch=0.36 layout=0.04 pub_host=0.16 total=0.56ms
OUT_RING new pinned slot (slots=18 grows=17 replaced=0)
[SUBCHUNK] tiles_split=80 total_subchunks=1106 max_subchunks_per_tile=3 payload_pages=42989
[SORT] stage=ONELAUNCH P=2719305 P_kept=2719305 num_tiles=1024 max_tile_n=19744 onelaunch=0.36 layout=0.04 pub_host=0.15 total=0.55ms
OUT_RING new pinned slot (slots=19 grows=18 replaced=0)
[SUBCHUNK] tiles_split=79 total_subchunks=1105 max_subchunks_per_tile=3 payload_pages=42964
[SORT] stage=ONELAUNCH P=2717542 P_kept=2717542 num_tiles=1024 max_tile_n=18173 onelaunch=0.35 layout=0.04 pub_host=0.15 total=0.54ms
OUT_RING new pinned slot (slots=20 grows=19 replaced=0)
[SUBCHUNK] tiles_split=82 total_subchunks=1110 max_subchunks_per_tile=3 payload_pages=43226
[SORT] stage=ONELAUNCH P=2733748 P_kept=2733748 num_tiles=1024 max_tile_n=18007 onelaunch=0.37 layout=0.04 pub_host=0.15 total=0.57ms
OUT_RING new pinned slot (slots=21 grows=20 replaced=0)
[SUBCHUNK] tiles_split=78 total_subchunks=1105 max_subchunks_per_tile=3 payload_pages=43149
[SORT] stage=ONELAUNCH P=2729054 P_kept=2729054 num_tiles=1024 max_tile_n=18629 onelaunch=0.36 layout=0.04 pub_host=0.15 total=0.55ms
OUT_RING new pinned slot (slots=22 grows=21 replaced=0)
[SUBCHUNK] tiles_split=85 total_subchunks=1112 max_subchunks_per_tile=3 payload_pages=42920
[SORT] stage=ONELAUNCH P=2713776 P_kept=2713776 num_tiles=1024 max_tile_n=18369 onelaunch=0.36 layout=0.04 pub_host=0.15 total=0.55ms
OUT_RING new pinned slot (slots=23 grows=22 replaced=0)
[SUBCHUNK] tiles_split=82 total_subchunks=1109 max_subchunks_per_tile=3 payload_pages=42444
[SORT] stage=ONELAUNCH P=2684908 P_kept=2684908 num_tiles=1024 max_tile_n=22330 onelaunch=0.36 layout=0.04 pub_host=0.15 total=0.55ms
OUT_RING new pinned slot (slots=24 grows=23 replaced=0)
[SUBCHUNK] tiles_split=84 total_subchunks=1111 max_subchunks_per_tile=3 payload_pages=41219
[SORT] stage=ONELAUNCH P=2605190 P_kept=2605190 num_tiles=1024 max_tile_n=18553 onelaunch=0.36 layout=0.04 pub_host=0.15 total=0.55ms
OUT_RING new pinned slot (slots=25 grows=24 replaced=0)
[SUBCHUNK] tiles_split=79 total_subchunks=1105 max_subchunks_per_tile=3 payload_pages=39602
[SORT] stage=ONELAUNCH P=2502433 P_kept=2502433 num_tiles=1024 max_tile_n=20113 onelaunch=0.35 layout=0.04 pub_host=0.15 total=0.55ms
OUT_RING new pinned slot (slots=26 grows=25 replaced=0)
[SUBCHUNK] tiles_split=74 total_subchunks=1101 max_subchunks_per_tile=3 payload_pages=36821
[SORT] stage=ONELAUNCH P=2324571 P_kept=2324571 num_tiles=1024 max_tile_n=18871 onelaunch=0.36 layout=0.04 pub_host=0.15 total=0.55ms
OUT_RING new pinned slot (slots=27 grows=26 replaced=0)
[SUBCHUNK] tiles_split=67 total_subchunks=1094 max_subchunks_per_tile=3 payload_pages=34703
[SORT] stage=ONELAUNCH P=2188463 P_kept=2188463 num_tiles=1024 max_tile_n=21416 onelaunch=0.36 layout=0.04 pub_host=0.15 total=0.55ms
OUT_RING new pinned slot (slots=28 grows=27 replaced=0)
[SUBCHUNK] tiles_split=65 total_subchunks=1092 max_subchunks_per_tile=3 payload_pages=33321
[SORT] stage=ONELAUNCH P=2100242 P_kept=2100242 num_tiles=1024 max_tile_n=21340 onelaunch=0.35 layout=0.04 pub_host=0.16 total=0.55ms
OUT_RING new pinned slot (slots=29 grows=28 replaced=0)
[SUBCHUNK] tiles_split=65 total_subchunks=1092 max_subchunks_per_tile=3 payload_pages=32586
[SORT] stage=ONELAUNCH P=2052961 P_kept=2052961 num_tiles=1024 max_tile_n=21713 onelaunch=0.35 layout=0.04 pub_host=0.15 total=0.54ms
OUT_RING new pinned slot (slots=30 grows=29 replaced=0)
[SUBCHUNK] tiles_split=60 total_subchunks=1087 max_subchunks_per_tile=3 payload_pages=32524
[SORT] stage=ONELAUNCH P=2050213 P_kept=2050213 num_tiles=1024 max_tile_n=20666 onelaunch=0.35 layout=0.04 pub_host=0.15 total=0.54ms
OUT_RING new pinned slot (slots=31 grows=30 replaced=0)
B2B_STAGES pass=0 views=30 gap_ms=0.00 period=9.454 render=9.454 py_resid=0.032 project=2.473 sort=1.019 blend=5.877 d2h=0.004 tail=0.003 xview=0.042 view_total=9.423 project_pfwc_rtargs=0.033 project_pfwc_enqueue=0.009 project_gather_wait=2.469 sort_bin_count=0.000 sort_bin_hist_d2h=0.000 sort_bin_layout=0.040 sort_bin_emit=0.311 sort_publish_host=0.153 sort_publish_wait=0.000 sort_mat=0.033 sort_pre=0.001 sort_log=0.004 sort_cont_prep=0.444 sort_cont_rtargs=0.030 sort_cont_other=0.001
[run] B2B pass 0 (check): 283.6 ms for 30 views = 9.454 ms/frame
[SUBCHUNK] tiles_split=86 total_subchunks=1113 max_subchunks_per_tile=3 payload_pages=45770
[SORT] stage=ONELAUNCH P=2895629 P_kept=2895629 num_tiles=1024 max_tile_n=22979 onelaunch=0.18 layout=0.05 pub_host=0.16 total=0.39ms
[SUBCHUNK] tiles_split=64 total_subchunks=1090 max_subchunks_per_tile=3 payload_pages=33181
[SORT] stage=ONELAUNCH P=2090575 P_kept=2090575 num_tiles=1024 max_tile_n=19171 onelaunch=0.18 layout=0.04 pub_host=0.15 total=0.37ms
[SUBCHUNK] tiles_split=63 total_subchunks=1090 max_subchunks_per_tile=3 payload_pages=34324
[SORT] stage=ONELAUNCH P=2164042 P_kept=2164042 num_tiles=1024 max_tile_n=18956 onelaunch=0.17 layout=0.04 pub_host=0.15 total=0.36ms
[SUBCHUNK] tiles_split=66 total_subchunks=1093 max_subchunks_per_tile=3 payload_pages=35760
[SORT] stage=ONELAUNCH P=2255766 P_kept=2255766 num_tiles=1024 max_tile_n=18906 onelaunch=0.17 layout=0.04 pub_host=0.15 total=0.36ms
[SUBCHUNK] tiles_split=62 total_subchunks=1090 max_subchunks_per_tile=3 payload_pages=37612
[SORT] stage=ONELAUNCH P=2374790 P_kept=2374790 num_tiles=1024 max_tile_n=17834 onelaunch=0.17 layout=0.04 pub_host=0.15 total=0.37ms
[SUBCHUNK] tiles_split=68 total_subchunks=1096 max_subchunks_per_tile=3 payload_pages=39937
[SORT] stage=ONELAUNCH P=2523377 P_kept=2523377 num_tiles=1024 max_tile_n=20034 onelaunch=0.16 layout=0.04 pub_host=0.16 total=0.36ms
[SUBCHUNK] tiles_split=70 total_subchunks=1097 max_subchunks_per_tile=3 payload_pages=43036
[SORT] stage=ONELAUNCH P=2722282 P_kept=2722282 num_tiles=1024 max_tile_n=22369 onelaunch=0.17 layout=0.04 pub_host=0.16 total=0.36ms
[SUBCHUNK] tiles_split=75 total_subchunks=1104 max_subchunks_per_tile=3 payload_pages=45752
[SORT] stage=ONELAUNCH P=2895762 P_kept=2895762 num_tiles=1024 max_tile_n=21267 onelaunch=0.17 layout=0.04 pub_host=0.15 total=0.36ms
[SUBCHUNK] tiles_split=81 total_subchunks=1109 max_subchunks_per_tile=3 payload_pages=48611
[SORT] stage=ONELAUNCH P=3078956 P_kept=3078956 num_tiles=1024 max_tile_n=21032 onelaunch=0.17 layout=0.04 pub_host=0.15 total=0.37ms
[SUBCHUNK] tiles_split=85 total_subchunks=1114 max_subchunks_per_tile=3 payload_pages=49703
[SORT] stage=ONELAUNCH P=3149841 P_kept=3149841 num_tiles=1024 max_tile_n=19047 onelaunch=0.17 layout=0.04 pub_host=0.15 total=0.36ms
[SUBCHUNK] tiles_split=84 total_subchunks=1113 max_subchunks_per_tile=3 payload_pages=50216
[SORT] stage=ONELAUNCH P=3181780 P_kept=3181780 num_tiles=1024 max_tile_n=19358 onelaunch=0.17 layout=0.04 pub_host=0.15 total=0.36ms
[SUBCHUNK] tiles_split=81 total_subchunks=1109 max_subchunks_per_tile=3 payload_pages=50327
[SORT] stage=ONELAUNCH P=3188467 P_kept=3188467 num_tiles=1024 max_tile_n=19519 onelaunch=0.24 layout=0.05 pub_host=0.15 total=0.45ms
[SUBCHUNK] tiles_split=82 total_subchunks=1111 max_subchunks_per_tile=3 payload_pages=49049
[SORT] stage=ONELAUNCH P=3106694 P_kept=3106694 num_tiles=1024 max_tile_n=20025 onelaunch=0.17 layout=0.04 pub_host=0.15 total=0.37ms
[SUBCHUNK] tiles_split=81 total_subchunks=1108 max_subchunks_per_tile=3 payload_pages=47132
[SORT] stage=ONELAUNCH P=2984152 P_kept=2984152 num_tiles=1024 max_tile_n=20390 onelaunch=0.17 layout=0.04 pub_host=0.15 total=0.36ms
[SUBCHUNK] tiles_split=79 total_subchunks=1106 max_subchunks_per_tile=3 payload_pages=45617
[SORT] stage=ONELAUNCH P=2887843 P_kept=2887843 num_tiles=1024 max_tile_n=20927 onelaunch=0.17 layout=0.04 pub_host=0.15 total=0.36ms
[SUBCHUNK] tiles_split=75 total_subchunks=1101 max_subchunks_per_tile=3 payload_pages=44556
[SORT] stage=ONELAUNCH P=2818980 P_kept=2818980 num_tiles=1024 max_tile_n=21145 onelaunch=0.17 layout=0.04 pub_host=0.16 total=0.37ms
[SUBCHUNK] tiles_split=75 total_subchunks=1101 max_subchunks_per_tile=3 payload_pages=43664
[SORT] stage=ONELAUNCH P=2762186 P_kept=2762186 num_tiles=1024 max_tile_n=19314 onelaunch=0.17 layout=0.04 pub_host=0.16 total=0.36ms
[SUBCHUNK] tiles_split=80 total_subchunks=1106 max_subchunks_per_tile=3 payload_pages=42989
[SORT] stage=ONELAUNCH P=2719305 P_kept=2719305 num_tiles=1024 max_tile_n=19744 onelaunch=0.17 layout=0.04 pub_host=0.15 total=0.36ms
[SUBCHUNK] tiles_split=79 total_subchunks=1105 max_subchunks_per_tile=3 payload_pages=42964
[SORT] stage=ONELAUNCH P=2717542 P_kept=2717542 num_tiles=1024 max_tile_n=18173 onelaunch=0.17 layout=0.04 pub_host=0.15 total=0.36ms
[SUBCHUNK] tiles_split=82 total_subchunks=1110 max_subchunks_per_tile=3 payload_pages=43226
[SORT] stage=ONELAUNCH P=2733748 P_kept=2733748 num_tiles=1024 max_tile_n=18007 onelaunch=0.17 layout=0.04 pub_host=0.15 total=0.36ms
[SUBCHUNK] tiles_split=78 total_subchunks=1105 max_subchunks_per_tile=3 payload_pages=43149
[SORT] stage=ONELAUNCH P=2729054 P_kept=2729054 num_tiles=1024 max_tile_n=18629 onelaunch=0.17 layout=0.04 pub_host=0.15 total=0.36ms
[SUBCHUNK] tiles_split=85 total_subchunks=1112 max_subchunks_per_tile=3 payload_pages=42920
[SORT] stage=ONELAUNCH P=2713776 P_kept=2713776 num_tiles=1024 max_tile_n=18369 onelaunch=0.23 layout=0.06 pub_host=0.20 total=0.49ms
[SUBCHUNK] tiles_split=82 total_subchunks=1109 max_subchunks_per_tile=3 payload_pages=42444
[SORT] stage=ONELAUNCH P=2684908 P_kept=2684908 num_tiles=1024 max_tile_n=22330 onelaunch=0.17 layout=0.04 pub_host=0.15 total=0.36ms
[SUBCHUNK] tiles_split=84 total_subchunks=1111 max_subchunks_per_tile=3 payload_pages=41219
[SORT] stage=ONELAUNCH P=2605190 P_kept=2605190 num_tiles=1024 max_tile_n=18553 onelaunch=0.17 layout=0.04 pub_host=0.15 total=0.36ms
[SUBCHUNK] tiles_split=79 total_subchunks=1105 max_subchunks_per_tile=3 payload_pages=39602
[SORT] stage=ONELAUNCH P=2502433 P_kept=2502433 num_tiles=1024 max_tile_n=20113 onelaunch=0.17 layout=0.04 pub_host=0.16 total=0.37ms
[SUBCHUNK] tiles_split=74 total_subchunks=1101 max_subchunks_per_tile=3 payload_pages=36821
[SORT] stage=ONELAUNCH P=2324571 P_kept=2324571 num_tiles=1024 max_tile_n=18871 onelaunch=0.17 layout=0.04 pub_host=0.15 total=0.36ms
[SUBCHUNK] tiles_split=67 total_subchunks=1094 max_subchunks_per_tile=3 payload_pages=34703
[SORT] stage=ONELAUNCH P=2188463 P_kept=2188463 num_tiles=1024 max_tile_n=21416 onelaunch=0.16 layout=0.04 pub_host=0.15 total=0.36ms
[SUBCHUNK] tiles_split=65 total_subchunks=1092 max_subchunks_per_tile=3 payload_pages=33321
[SORT] stage=ONELAUNCH P=2100242 P_kept=2100242 num_tiles=1024 max_tile_n=21340 onelaunch=0.17 layout=0.04 pub_host=0.15 total=0.36ms
[SUBCHUNK] tiles_split=65 total_subchunks=1092 max_subchunks_per_tile=3 payload_pages=32586
[SORT] stage=ONELAUNCH P=2052961 P_kept=2052961 num_tiles=1024 max_tile_n=21713 onelaunch=0.17 layout=0.04 pub_host=0.15 total=0.36ms
OUT_RING new pinned slot (slots=32 grows=31 replaced=0)
[SUBCHUNK] tiles_split=60 total_subchunks=1087 max_subchunks_per_tile=3 payload_pages=32524
[SORT] stage=ONELAUNCH P=2050213 P_kept=2050213 num_tiles=1024 max_tile_n=20666 onelaunch=0.51 layout=0.04 pub_host=0.15 total=0.71ms
OUT_RING new pinned slot (slots=32 grows=32 replaced=0)
B2B_STAGES pass=1 views=30 gap_ms=0.00 period=9.410 render=9.410 py_resid=0.033 project=2.416 sort=0.478 blend=6.431 d2h=0.003 tail=0.003 xview=0.043 view_total=9.377 project_pfwc_rtargs=0.032 project_pfwc_enqueue=0.009 project_gather_wait=2.414 sort_bin_count=0.000 sort_bin_hist_d2h=0.000 sort_bin_layout=0.042 sort_bin_emit=0.184 sort_publish_host=0.155 sort_publish_wait=0.000 sort_mat=0.033 sort_pre=0.001 sort_log=0.004 sort_cont_prep=0.027 sort_cont_rtargs=0.029 sort_cont_other=0.001
[run] B2B pass 1 (warm-up): 282.3 ms for 30 views = 9.410 ms/frame
[SUBCHUNK] tiles_split=86 total_subchunks=1113 max_subchunks_per_tile=3 payload_pages=45770
[SORT] stage=ONELAUNCH P=2895629 P_kept=2895629 num_tiles=1024 max_tile_n=22979 onelaunch=0.18 layout=0.05 pub_host=0.17 total=0.40ms
[SUBCHUNK] tiles_split=64 total_subchunks=1090 max_subchunks_per_tile=3 payload_pages=33181
[SORT] stage=ONELAUNCH P=2090575 P_kept=2090575 num_tiles=1024 max_tile_n=19171 onelaunch=0.23 layout=0.06 pub_host=0.23 total=0.52ms
[SUBCHUNK] tiles_split=63 total_subchunks=1090 max_subchunks_per_tile=3 payload_pages=34324
[SORT] stage=ONELAUNCH P=2164042 P_kept=2164042 num_tiles=1024 max_tile_n=18956 onelaunch=0.23 layout=0.06 pub_host=0.23 total=0.52ms
[SUBCHUNK] tiles_split=66 total_subchunks=1093 max_subchunks_per_tile=3 payload_pages=35760
[SORT] stage=ONELAUNCH P=2255766 P_kept=2255766 num_tiles=1024 max_tile_n=18906 onelaunch=0.23 layout=0.06 pub_host=0.19 total=0.48ms
[SUBCHUNK] tiles_split=62 total_subchunks=1090 max_subchunks_per_tile=3 payload_pages=37612
[SORT] stage=ONELAUNCH P=2374790 P_kept=2374790 num_tiles=1024 max_tile_n=17834 onelaunch=0.17 layout=0.04 pub_host=0.15 total=0.37ms
[SUBCHUNK] tiles_split=68 total_subchunks=1096 max_subchunks_per_tile=3 payload_pages=39937
[SORT] stage=ONELAUNCH P=2523377 P_kept=2523377 num_tiles=1024 max_tile_n=20034 onelaunch=0.17 layout=0.04 pub_host=0.15 total=0.36ms
[SUBCHUNK] tiles_split=70 total_subchunks=1097 max_subchunks_per_tile=3 payload_pages=43036
[SORT] stage=ONELAUNCH P=2722282 P_kept=2722282 num_tiles=1024 max_tile_n=22369 onelaunch=0.23 layout=0.06 pub_host=0.23 total=0.52ms
[SUBCHUNK] tiles_split=75 total_subchunks=1104 max_subchunks_per_tile=3 payload_pages=45752
[SORT] stage=ONELAUNCH P=2895762 P_kept=2895762 num_tiles=1024 max_tile_n=21267 onelaunch=0.24 layout=0.06 pub_host=0.23 total=0.52ms
[SUBCHUNK] tiles_split=81 total_subchunks=1109 max_subchunks_per_tile=3 payload_pages=48611
[SORT] stage=ONELAUNCH P=3078956 P_kept=3078956 num_tiles=1024 max_tile_n=21032 onelaunch=0.23 layout=0.06 pub_host=0.22 total=0.51ms
[SUBCHUNK] tiles_split=85 total_subchunks=1114 max_subchunks_per_tile=3 payload_pages=49703
[SORT] stage=ONELAUNCH P=3149841 P_kept=3149841 num_tiles=1024 max_tile_n=19047 onelaunch=0.17 layout=0.04 pub_host=0.15 total=0.36ms
[SUBCHUNK] tiles_split=84 total_subchunks=1113 max_subchunks_per_tile=3 payload_pages=50216
[SORT] stage=ONELAUNCH P=3181780 P_kept=3181780 num_tiles=1024 max_tile_n=19358 onelaunch=0.24 layout=0.06 pub_host=0.23 total=0.53ms
[SUBCHUNK] tiles_split=81 total_subchunks=1109 max_subchunks_per_tile=3 payload_pages=50327
[SORT] stage=ONELAUNCH P=3188467 P_kept=3188467 num_tiles=1024 max_tile_n=19519 onelaunch=0.23 layout=0.06 pub_host=0.23 total=0.52ms
[SUBCHUNK] tiles_split=82 total_subchunks=1111 max_subchunks_per_tile=3 payload_pages=49049
[SORT] stage=ONELAUNCH P=3106694 P_kept=3106694 num_tiles=1024 max_tile_n=20025 onelaunch=0.23 layout=0.06 pub_host=0.23 total=0.53ms
[SUBCHUNK] tiles_split=81 total_subchunks=1108 max_subchunks_per_tile=3 payload_pages=47132
[SORT] stage=ONELAUNCH P=2984152 P_kept=2984152 num_tiles=1024 max_tile_n=20390 onelaunch=0.22 layout=0.04 pub_host=0.15 total=0.41ms
[SUBCHUNK] tiles_split=79 total_subchunks=1106 max_subchunks_per_tile=3 payload_pages=45617
[SORT] stage=ONELAUNCH P=2887843 P_kept=2887843 num_tiles=1024 max_tile_n=20927 onelaunch=0.23 layout=0.06 pub_host=0.23 total=0.52ms
[SUBCHUNK] tiles_split=75 total_subchunks=1101 max_subchunks_per_tile=3 payload_pages=44556
[SORT] stage=ONELAUNCH P=2818980 P_kept=2818980 num_tiles=1024 max_tile_n=21145 onelaunch=0.17 layout=0.04 pub_host=0.16 total=0.37ms
[SUBCHUNK] tiles_split=75 total_subchunks=1101 max_subchunks_per_tile=3 payload_pages=43664
[SORT] stage=ONELAUNCH P=2762186 P_kept=2762186 num_tiles=1024 max_tile_n=19314 onelaunch=0.24 layout=0.06 pub_host=0.23 total=0.53ms
[SUBCHUNK] tiles_split=80 total_subchunks=1106 max_subchunks_per_tile=3 payload_pages=42989
[SORT] stage=ONELAUNCH P=2719305 P_kept=2719305 num_tiles=1024 max_tile_n=19744 onelaunch=0.24 layout=0.05 pub_host=0.15 total=0.45ms
[SUBCHUNK] tiles_split=79 total_subchunks=1105 max_subchunks_per_tile=3 payload_pages=42964
[SORT] stage=ONELAUNCH P=2717542 P_kept=2717542 num_tiles=1024 max_tile_n=18173 onelaunch=0.23 layout=0.06 pub_host=0.23 total=0.52ms
[SUBCHUNK] tiles_split=82 total_subchunks=1110 max_subchunks_per_tile=3 payload_pages=43226
[SORT] stage=ONELAUNCH P=2733748 P_kept=2733748 num_tiles=1024 max_tile_n=18007 onelaunch=0.23 layout=0.06 pub_host=0.24 total=0.54ms
[SUBCHUNK] tiles_split=78 total_subchunks=1105 max_subchunks_per_tile=3 payload_pages=43149
[SORT] stage=ONELAUNCH P=2729054 P_kept=2729054 num_tiles=1024 max_tile_n=18629 onelaunch=0.17 layout=0.04 pub_host=0.15 total=0.37ms
[SUBCHUNK] tiles_split=85 total_subchunks=1112 max_subchunks_per_tile=3 payload_pages=42920
[SORT] stage=ONELAUNCH P=2713776 P_kept=2713776 num_tiles=1024 max_tile_n=18369 onelaunch=0.23 layout=0.06 pub_host=0.23 total=0.52ms
[SUBCHUNK] tiles_split=82 total_subchunks=1109 max_subchunks_per_tile=3 payload_pages=42444
[SORT] stage=ONELAUNCH P=2684908 P_kept=2684908 num_tiles=1024 max_tile_n=22330 onelaunch=0.23 layout=0.04 pub_host=0.16 total=0.43ms
[SUBCHUNK] tiles_split=84 total_subchunks=1111 max_subchunks_per_tile=3 payload_pages=41219
[SORT] stage=ONELAUNCH P=2605190 P_kept=2605190 num_tiles=1024 max_tile_n=18553 onelaunch=0.23 layout=0.06 pub_host=0.23 total=0.52ms
[SUBCHUNK] tiles_split=79 total_subchunks=1105 max_subchunks_per_tile=3 payload_pages=39602
[SORT] stage=ONELAUNCH P=2502433 P_kept=2502433 num_tiles=1024 max_tile_n=20113 onelaunch=0.23 layout=0.06 pub_host=0.23 total=0.52ms
[SUBCHUNK] tiles_split=74 total_subchunks=1101 max_subchunks_per_tile=3 payload_pages=36821
[SORT] stage=ONELAUNCH P=2324571 P_kept=2324571 num_tiles=1024 max_tile_n=18871 onelaunch=0.23 layout=0.06 pub_host=0.23 total=0.52ms
[SUBCHUNK] tiles_split=67 total_subchunks=1094 max_subchunks_per_tile=3 payload_pages=34703
[SORT] stage=ONELAUNCH P=2188463 P_kept=2188463 num_tiles=1024 max_tile_n=21416 onelaunch=0.23 layout=0.04 pub_host=0.16 total=0.43ms
[SUBCHUNK] tiles_split=65 total_subchunks=1092 max_subchunks_per_tile=3 payload_pages=33321
[SORT] stage=ONELAUNCH P=2100242 P_kept=2100242 num_tiles=1024 max_tile_n=21340 onelaunch=0.17 layout=0.04 pub_host=0.16 total=0.37ms
[SUBCHUNK] tiles_split=65 total_subchunks=1092 max_subchunks_per_tile=3 payload_pages=32586
[SORT] stage=ONELAUNCH P=2052961 P_kept=2052961 num_tiles=1024 max_tile_n=21713 onelaunch=0.17 layout=0.04 pub_host=0.15 total=0.37ms
[SUBCHUNK] tiles_split=60 total_subchunks=1087 max_subchunks_per_tile=3 payload_pages=32524
[SORT] stage=ONELAUNCH P=2050213 P_kept=2050213 num_tiles=1024 max_tile_n=20666 onelaunch=0.17 layout=0.04 pub_host=0.15 total=0.37ms
B2B_STAGES pass=2 views=30 gap_ms=0.00 period=9.414 render=9.414 py_resid=0.036 project=2.427 sort=0.552 blend=6.336 d2h=0.004 tail=0.003 xview=0.051 view_total=9.378 project_pfwc_rtargs=0.038 project_pfwc_enqueue=0.010 project_gather_wait=2.426 sort_bin_count=0.000 sort_bin_hist_d2h=0.000 sort_bin_layout=0.052 sort_bin_emit=0.213 sort_publish_host=0.196 sort_publish_wait=0.000 sort_mat=0.040 sort_pre=0.001 sort_log=0.005 sort_cont_prep=0.006 sort_cont_rtargs=0.035 sort_cont_other=0.001
[run] B2B pass 2: 282.4 ms for 30 views = 9.414 ms/frame
[SUBCHUNK] tiles_split=86 total_subchunks=1113 max_subchunks_per_tile=3 payload_pages=45770
[SORT] stage=ONELAUNCH P=2895629 P_kept=2895629 num_tiles=1024 max_tile_n=22979 onelaunch=0.18 layout=0.05 pub_host=0.17 total=0.40ms
[SUBCHUNK] tiles_split=64 total_subchunks=1090 max_subchunks_per_tile=3 payload_pages=33181
[SORT] stage=ONELAUNCH P=2090575 P_kept=2090575 num_tiles=1024 max_tile_n=19171 onelaunch=0.23 layout=0.06 pub_host=0.22 total=0.51ms
[SUBCHUNK] tiles_split=63 total_subchunks=1090 max_subchunks_per_tile=3 payload_pages=34324
[SORT] stage=ONELAUNCH P=2164042 P_kept=2164042 num_tiles=1024 max_tile_n=18956 onelaunch=0.23 layout=0.06 pub_host=0.22 total=0.51ms
[SUBCHUNK] tiles_split=66 total_subchunks=1093 max_subchunks_per_tile=3 payload_pages=35760
[SORT] stage=ONELAUNCH P=2255766 P_kept=2255766 num_tiles=1024 max_tile_n=18906 onelaunch=0.21 layout=0.04 pub_host=0.16 total=0.41ms
[SUBCHUNK] tiles_split=62 total_subchunks=1090 max_subchunks_per_tile=3 payload_pages=37612
[SORT] stage=ONELAUNCH P=2374790 P_kept=2374790 num_tiles=1024 max_tile_n=17834 onelaunch=0.17 layout=0.04 pub_host=0.16 total=0.37ms
[SUBCHUNK] tiles_split=68 total_subchunks=1096 max_subchunks_per_tile=3 payload_pages=39937
[SORT] stage=ONELAUNCH P=2523377 P_kept=2523377 num_tiles=1024 max_tile_n=20034 onelaunch=0.23 layout=0.06 pub_host=0.23 total=0.52ms
[SUBCHUNK] tiles_split=70 total_subchunks=1097 max_subchunks_per_tile=3 payload_pages=43036
[SORT] stage=ONELAUNCH P=2722282 P_kept=2722282 num_tiles=1024 max_tile_n=22369 onelaunch=0.23 layout=0.06 pub_host=0.22 total=0.51ms
[SUBCHUNK] tiles_split=75 total_subchunks=1104 max_subchunks_per_tile=3 payload_pages=45752
[SORT] stage=ONELAUNCH P=2895762 P_kept=2895762 num_tiles=1024 max_tile_n=21267 onelaunch=0.17 layout=0.04 pub_host=0.16 total=0.37ms
[SUBCHUNK] tiles_split=81 total_subchunks=1109 max_subchunks_per_tile=3 payload_pages=48611
[SORT] stage=ONELAUNCH P=3078956 P_kept=3078956 num_tiles=1024 max_tile_n=21032 onelaunch=0.23 layout=0.06 pub_host=0.18 total=0.47ms
[SUBCHUNK] tiles_split=85 total_subchunks=1114 max_subchunks_per_tile=3 payload_pages=49703
[SORT] stage=ONELAUNCH P=3149841 P_kept=3149841 num_tiles=1024 max_tile_n=19047 onelaunch=0.23 layout=0.06 pub_host=0.23 total=0.52ms
[SUBCHUNK] tiles_split=84 total_subchunks=1113 max_subchunks_per_tile=3 payload_pages=50216
[SORT] stage=ONELAUNCH P=3181780 P_kept=3181780 num_tiles=1024 max_tile_n=19358 onelaunch=0.17 layout=0.04 pub_host=0.15 total=0.36ms
[SUBCHUNK] tiles_split=81 total_subchunks=1109 max_subchunks_per_tile=3 payload_pages=50327
[SORT] stage=ONELAUNCH P=3188467 P_kept=3188467 num_tiles=1024 max_tile_n=19519 onelaunch=0.24 layout=0.06 pub_host=0.23 total=0.53ms
[SUBCHUNK] tiles_split=82 total_subchunks=1111 max_subchunks_per_tile=3 payload_pages=49049
[SORT] stage=ONELAUNCH P=3106694 P_kept=3106694 num_tiles=1024 max_tile_n=20025 onelaunch=0.23 layout=0.06 pub_host=0.23 total=0.52ms
[SUBCHUNK] tiles_split=81 total_subchunks=1108 max_subchunks_per_tile=3 payload_pages=47132
[SORT] stage=ONELAUNCH P=2984152 P_kept=2984152 num_tiles=1024 max_tile_n=20390 onelaunch=0.17 layout=0.06 pub_host=0.23 total=0.46ms
[SUBCHUNK] tiles_split=79 total_subchunks=1106 max_subchunks_per_tile=3 payload_pages=45617
[SORT] stage=ONELAUNCH P=2887843 P_kept=2887843 num_tiles=1024 max_tile_n=20927 onelaunch=0.24 layout=0.06 pub_host=0.23 total=0.52ms
[SUBCHUNK] tiles_split=75 total_subchunks=1101 max_subchunks_per_tile=3 payload_pages=44556
[SORT] stage=ONELAUNCH P=2818980 P_kept=2818980 num_tiles=1024 max_tile_n=21145 onelaunch=0.23 layout=0.06 pub_host=0.23 total=0.52ms
[SUBCHUNK] tiles_split=75 total_subchunks=1101 max_subchunks_per_tile=3 payload_pages=43664
[SORT] stage=ONELAUNCH P=2762186 P_kept=2762186 num_tiles=1024 max_tile_n=19314 onelaunch=0.23 layout=0.06 pub_host=0.24 total=0.52ms
[SUBCHUNK] tiles_split=80 total_subchunks=1106 max_subchunks_per_tile=3 payload_pages=42989
[SORT] stage=ONELAUNCH P=2719305 P_kept=2719305 num_tiles=1024 max_tile_n=19744 onelaunch=0.17 layout=0.04 pub_host=0.15 total=0.36ms
[SUBCHUNK] tiles_split=79 total_subchunks=1105 max_subchunks_per_tile=3 payload_pages=42964
[SORT] stage=ONELAUNCH P=2717542 P_kept=2717542 num_tiles=1024 max_tile_n=18173 onelaunch=0.23 layout=0.06 pub_host=0.23 total=0.51ms
[SUBCHUNK] tiles_split=82 total_subchunks=1110 max_subchunks_per_tile=3 payload_pages=43226
[SORT] stage=ONELAUNCH P=2733748 P_kept=2733748 num_tiles=1024 max_tile_n=18007 onelaunch=0.21 layout=0.04 pub_host=0.16 total=0.41ms
[SUBCHUNK] tiles_split=78 total_subchunks=1105 max_subchunks_per_tile=3 payload_pages=43149
[SORT] stage=ONELAUNCH P=2729054 P_kept=2729054 num_tiles=1024 max_tile_n=18629 onelaunch=0.23 layout=0.06 pub_host=0.23 total=0.52ms
[SUBCHUNK] tiles_split=85 total_subchunks=1112 max_subchunks_per_tile=3 payload_pages=42920
[SORT] stage=ONELAUNCH P=2713776 P_kept=2713776 num_tiles=1024 max_tile_n=18369 onelaunch=0.23 layout=0.09 pub_host=0.23 total=0.55ms
[SUBCHUNK] tiles_split=82 total_subchunks=1109 max_subchunks_per_tile=3 payload_pages=42444
[SORT] stage=ONELAUNCH P=2684908 P_kept=2684908 num_tiles=1024 max_tile_n=22330 onelaunch=0.17 layout=0.04 pub_host=0.15 total=0.36ms
[SUBCHUNK] tiles_split=84 total_subchunks=1111 max_subchunks_per_tile=3 payload_pages=41219
[SORT] stage=ONELAUNCH P=2605190 P_kept=2605190 num_tiles=1024 max_tile_n=18553 onelaunch=0.22 layout=0.06 pub_host=0.22 total=0.51ms
[SUBCHUNK] tiles_split=79 total_subchunks=1105 max_subchunks_per_tile=3 payload_pages=39602
[SORT] stage=ONELAUNCH P=2502433 P_kept=2502433 num_tiles=1024 max_tile_n=20113 onelaunch=0.23 layout=0.06 pub_host=0.23 total=0.52ms
[SUBCHUNK] tiles_split=74 total_subchunks=1101 max_subchunks_per_tile=3 payload_pages=36821
[SORT] stage=ONELAUNCH P=2324571 P_kept=2324571 num_tiles=1024 max_tile_n=18871 onelaunch=0.16 layout=0.04 pub_host=0.15 total=0.36ms
[SUBCHUNK] tiles_split=67 total_subchunks=1094 max_subchunks_per_tile=3 payload_pages=34703
[SORT] stage=ONELAUNCH P=2188463 P_kept=2188463 num_tiles=1024 max_tile_n=21416 onelaunch=0.17 layout=0.04 pub_host=0.16 total=0.36ms
[SUBCHUNK] tiles_split=65 total_subchunks=1092 max_subchunks_per_tile=3 payload_pages=33321
[SORT] stage=ONELAUNCH P=2100242 P_kept=2100242 num_tiles=1024 max_tile_n=21340 onelaunch=0.18 layout=0.06 pub_host=0.23 total=0.48ms
[SUBCHUNK] tiles_split=65 total_subchunks=1092 max_subchunks_per_tile=3 payload_pages=32586
[SORT] stage=ONELAUNCH P=2052961 P_kept=2052961 num_tiles=1024 max_tile_n=21713 onelaunch=0.22 layout=0.06 pub_host=0.23 total=0.51ms
[SUBCHUNK] tiles_split=60 total_subchunks=1087 max_subchunks_per_tile=3 payload_pages=32524
[SORT] stage=ONELAUNCH P=2050213 P_kept=2050213 num_tiles=1024 max_tile_n=20666 onelaunch=0.20 layout=0.06 pub_host=0.23 total=0.49ms
B2B_STAGES pass=3 views=30 gap_ms=0.00 period=9.404 render=9.404 py_resid=0.036 project=2.426 sort=0.556 blend=6.322 d2h=0.004 tail=0.003 xview=0.052 view_total=9.368 project_pfwc_rtargs=0.039 project_pfwc_enqueue=0.010 project_gather_wait=2.424 sort_bin_count=0.000 sort_bin_hist_d2h=0.000 sort_bin_layout=0.054 sort_bin_emit=0.206 sort_publish_host=0.202 sort_publish_wait=0.000 sort_mat=0.041 sort_pre=0.001 sort_log=0.005 sort_cont_prep=0.006 sort_cont_rtargs=0.036 sort_cont_other=0.001
[run] B2B pass 3: 282.1 ms for 30 views = 9.404 ms/frame
[SUBCHUNK] tiles_split=86 total_subchunks=1113 max_subchunks_per_tile=3 payload_pages=45770
[SORT] stage=ONELAUNCH P=2895629 P_kept=2895629 num_tiles=1024 max_tile_n=22979 onelaunch=0.18 layout=0.05 pub_host=0.17 total=0.40ms
[SUBCHUNK] tiles_split=64 total_subchunks=1090 max_subchunks_per_tile=3 payload_pages=33181
[SORT] stage=ONELAUNCH P=2090575 P_kept=2090575 num_tiles=1024 max_tile_n=19171 onelaunch=0.17 layout=0.04 pub_host=0.15 total=0.36ms
[SUBCHUNK] tiles_split=63 total_subchunks=1090 max_subchunks_per_tile=3 payload_pages=34324
[SORT] stage=ONELAUNCH P=2164042 P_kept=2164042 num_tiles=1024 max_tile_n=18956 onelaunch=0.17 layout=0.04 pub_host=0.16 total=0.36ms
[SUBCHUNK] tiles_split=66 total_subchunks=1093 max_subchunks_per_tile=3 payload_pages=35760
[SORT] stage=ONELAUNCH P=2255766 P_kept=2255766 num_tiles=1024 max_tile_n=18906 onelaunch=0.17 layout=0.04 pub_host=0.16 total=0.37ms
[SUBCHUNK] tiles_split=62 total_subchunks=1090 max_subchunks_per_tile=3 payload_pages=37612
[SORT] stage=ONELAUNCH P=2374790 P_kept=2374790 num_tiles=1024 max_tile_n=17834 onelaunch=0.21 layout=0.06 pub_host=0.23 total=0.51ms
[SUBCHUNK] tiles_split=68 total_subchunks=1096 max_subchunks_per_tile=3 payload_pages=39937
[SORT] stage=ONELAUNCH P=2523377 P_kept=2523377 num_tiles=1024 max_tile_n=20034 onelaunch=0.23 layout=0.06 pub_host=0.24 total=0.53ms
[SUBCHUNK] tiles_split=70 total_subchunks=1097 max_subchunks_per_tile=3 payload_pages=43036
[SORT] stage=ONELAUNCH P=2722282 P_kept=2722282 num_tiles=1024 max_tile_n=22369 onelaunch=0.23 layout=0.06 pub_host=0.23 total=0.52ms
[SUBCHUNK] tiles_split=75 total_subchunks=1104 max_subchunks_per_tile=3 payload_pages=45752
[SORT] stage=ONELAUNCH P=2895762 P_kept=2895762 num_tiles=1024 max_tile_n=21267 onelaunch=0.18 layout=0.06 pub_host=0.23 total=0.47ms
[SUBCHUNK] tiles_split=81 total_subchunks=1109 max_subchunks_per_tile=3 payload_pages=48611
[SORT] stage=ONELAUNCH P=3078956 P_kept=3078956 num_tiles=1024 max_tile_n=21032 onelaunch=0.24 layout=0.06 pub_host=0.23 total=0.53ms
[SUBCHUNK] tiles_split=85 total_subchunks=1114 max_subchunks_per_tile=3 payload_pages=49703
[SORT] stage=ONELAUNCH P=3149841 P_kept=3149841 num_tiles=1024 max_tile_n=19047 onelaunch=0.23 layout=0.06 pub_host=0.23 total=0.52ms
[SUBCHUNK] tiles_split=84 total_subchunks=1113 max_subchunks_per_tile=3 payload_pages=50216
[SORT] stage=ONELAUNCH P=3181780 P_kept=3181780 num_tiles=1024 max_tile_n=19358 onelaunch=0.20 layout=0.06 pub_host=0.23 total=0.49ms
[SUBCHUNK] tiles_split=81 total_subchunks=1109 max_subchunks_per_tile=3 payload_pages=50327
[SORT] stage=ONELAUNCH P=3188467 P_kept=3188467 num_tiles=1024 max_tile_n=19519 onelaunch=0.21 layout=0.04 pub_host=0.15 total=0.41ms
[SUBCHUNK] tiles_split=82 total_subchunks=1111 max_subchunks_per_tile=3 payload_pages=49049
[SORT] stage=ONELAUNCH P=3106694 P_kept=3106694 num_tiles=1024 max_tile_n=20025 onelaunch=0.23 layout=0.04 pub_host=0.16 total=0.43ms
[SUBCHUNK] tiles_split=81 total_subchunks=1108 max_subchunks_per_tile=3 payload_pages=47132
[SORT] stage=ONELAUNCH P=2984152 P_kept=2984152 num_tiles=1024 max_tile_n=20390 onelaunch=0.17 layout=0.04 pub_host=0.16 total=0.36ms
[SUBCHUNK] tiles_split=79 total_subchunks=1106 max_subchunks_per_tile=3 payload_pages=45617
[SORT] stage=ONELAUNCH P=2887843 P_kept=2887843 num_tiles=1024 max_tile_n=20927 onelaunch=0.17 layout=0.04 pub_host=0.16 total=0.37ms
[SUBCHUNK] tiles_split=75 total_subchunks=1101 max_subchunks_per_tile=3 payload_pages=44556
[SORT] stage=ONELAUNCH P=2818980 P_kept=2818980 num_tiles=1024 max_tile_n=21145 onelaunch=0.19 layout=0.06 pub_host=0.23 total=0.48ms
[SUBCHUNK] tiles_split=75 total_subchunks=1101 max_subchunks_per_tile=3 payload_pages=43664
[SORT] stage=ONELAUNCH P=2762186 P_kept=2762186 num_tiles=1024 max_tile_n=19314 onelaunch=0.17 layout=0.04 pub_host=0.16 total=0.37ms
[SUBCHUNK] tiles_split=80 total_subchunks=1106 max_subchunks_per_tile=3 payload_pages=42989
[SORT] stage=ONELAUNCH P=2719305 P_kept=2719305 num_tiles=1024 max_tile_n=19744 onelaunch=0.23 layout=0.06 pub_host=0.23 total=0.52ms
[SUBCHUNK] tiles_split=79 total_subchunks=1105 max_subchunks_per_tile=3 payload_pages=42964
[SORT] stage=ONELAUNCH P=2717542 P_kept=2717542 num_tiles=1024 max_tile_n=18173 onelaunch=0.23 layout=0.06 pub_host=0.24 total=0.53ms
[SUBCHUNK] tiles_split=82 total_subchunks=1110 max_subchunks_per_tile=3 payload_pages=43226
[SORT] stage=ONELAUNCH P=2733748 P_kept=2733748 num_tiles=1024 max_tile_n=18007 onelaunch=0.17 layout=0.04 pub_host=0.16 total=0.37ms
[SUBCHUNK] tiles_split=78 total_subchunks=1105 max_subchunks_per_tile=3 payload_pages=43149
[SORT] stage=ONELAUNCH P=2729054 P_kept=2729054 num_tiles=1024 max_tile_n=18629 onelaunch=0.23 layout=0.06 pub_host=0.23 total=0.53ms
[SUBCHUNK] tiles_split=85 total_subchunks=1112 max_subchunks_per_tile=3 payload_pages=42920
[SORT] stage=ONELAUNCH P=2713776 P_kept=2713776 num_tiles=1024 max_tile_n=18369 onelaunch=0.20 layout=0.04 pub_host=0.15 total=0.40ms
[SUBCHUNK] tiles_split=82 total_subchunks=1109 max_subchunks_per_tile=3 payload_pages=42444
[SORT] stage=ONELAUNCH P=2684908 P_kept=2684908 num_tiles=1024 max_tile_n=22330 onelaunch=0.23 layout=0.06 pub_host=0.23 total=0.52ms
[SUBCHUNK] tiles_split=84 total_subchunks=1111 max_subchunks_per_tile=3 payload_pages=41219
[SORT] stage=ONELAUNCH P=2605190 P_kept=2605190 num_tiles=1024 max_tile_n=18553 onelaunch=0.22 layout=0.04 pub_host=0.15 total=0.42ms
[SUBCHUNK] tiles_split=79 total_subchunks=1105 max_subchunks_per_tile=3 payload_pages=39602
[SORT] stage=ONELAUNCH P=2502433 P_kept=2502433 num_tiles=1024 max_tile_n=20113 onelaunch=0.18 layout=0.04 pub_host=0.16 total=0.38ms
[SUBCHUNK] tiles_split=74 total_subchunks=1101 max_subchunks_per_tile=3 payload_pages=36821
[SORT] stage=ONELAUNCH P=2324571 P_kept=2324571 num_tiles=1024 max_tile_n=18871 onelaunch=0.19 layout=0.06 pub_host=0.23 total=0.48ms
[SUBCHUNK] tiles_split=67 total_subchunks=1094 max_subchunks_per_tile=3 payload_pages=34703
[SORT] stage=ONELAUNCH P=2188463 P_kept=2188463 num_tiles=1024 max_tile_n=21416 onelaunch=0.23 layout=0.06 pub_host=0.23 total=0.52ms
[SUBCHUNK] tiles_split=65 total_subchunks=1092 max_subchunks_per_tile=3 payload_pages=33321
[SORT] stage=ONELAUNCH P=2100242 P_kept=2100242 num_tiles=1024 max_tile_n=21340 onelaunch=0.23 layout=0.06 pub_host=0.19 total=0.48ms
[SUBCHUNK] tiles_split=65 total_subchunks=1092 max_subchunks_per_tile=3 payload_pages=32586
[SORT] stage=ONELAUNCH P=2052961 P_kept=2052961 num_tiles=1024 max_tile_n=21713 onelaunch=0.23 layout=0.06 pub_host=0.16 total=0.44ms
[SUBCHUNK] tiles_split=60 total_subchunks=1087 max_subchunks_per_tile=3 payload_pages=32524
[SORT] stage=ONELAUNCH P=2050213 P_kept=2050213 num_tiles=1024 max_tile_n=20666 onelaunch=0.22 layout=0.06 pub_host=0.16 total=0.45ms
B2B_STAGES pass=4 views=30 gap_ms=0.00 period=9.407 render=9.407 py_resid=0.036 project=2.425 sort=0.540 blend=6.343 d2h=0.004 tail=0.003 xview=0.051 view_total=9.371 project_pfwc_rtargs=0.038 project_pfwc_enqueue=0.010 project_gather_wait=2.423 sort_bin_count=0.000 sort_bin_hist_d2h=0.000 sort_bin_layout=0.052 sort_bin_emit=0.203 sort_publish_host=0.192 sort_publish_wait=0.000 sort_mat=0.041 sort_pre=0.001 sort_log=0.005 sort_cont_prep=0.006 sort_cont_rtargs=0.035 sort_cont_other=0.001
[run] B2B pass 4: 282.2 ms for 30 views = 9.407 ms/frame
[SUBCHUNK] tiles_split=86 total_subchunks=1113 max_subchunks_per_tile=3 payload_pages=45770
[SORT] stage=ONELAUNCH P=2895629 P_kept=2895629 num_tiles=1024 max_tile_n=22979 onelaunch=0.18 layout=0.05 pub_host=0.17 total=0.40ms
[SUBCHUNK] tiles_split=64 total_subchunks=1090 max_subchunks_per_tile=3 payload_pages=33181
[SORT] stage=ONELAUNCH P=2090575 P_kept=2090575 num_tiles=1024 max_tile_n=19171 onelaunch=0.23 layout=0.06 pub_host=0.23 total=0.52ms
[SUBCHUNK] tiles_split=63 total_subchunks=1090 max_subchunks_per_tile=3 payload_pages=34324
[SORT] stage=ONELAUNCH P=2164042 P_kept=2164042 num_tiles=1024 max_tile_n=18956 onelaunch=0.23 layout=0.06 pub_host=0.23 total=0.52ms
[SUBCHUNK] tiles_split=66 total_subchunks=1093 max_subchunks_per_tile=3 payload_pages=35760
[SORT] stage=ONELAUNCH P=2255766 P_kept=2255766 num_tiles=1024 max_tile_n=18906 onelaunch=0.23 layout=0.06 pub_host=0.21 total=0.50ms
[SUBCHUNK] tiles_split=62 total_subchunks=1090 max_subchunks_per_tile=3 payload_pages=37612
[SORT] stage=ONELAUNCH P=2374790 P_kept=2374790 num_tiles=1024 max_tile_n=17834 onelaunch=0.23 layout=0.06 pub_host=0.23 total=0.53ms
[SUBCHUNK] tiles_split=68 total_subchunks=1096 max_subchunks_per_tile=3 payload_pages=39937
[SORT] stage=ONELAUNCH P=2523377 P_kept=2523377 num_tiles=1024 max_tile_n=20034 onelaunch=0.18 layout=0.04 pub_host=0.15 total=0.37ms
[SUBCHUNK] tiles_split=70 total_subchunks=1097 max_subchunks_per_tile=3 payload_pages=43036
[SORT] stage=ONELAUNCH P=2722282 P_kept=2722282 num_tiles=1024 max_tile_n=22369 onelaunch=0.17 layout=0.04 pub_host=0.15 total=0.36ms
[SUBCHUNK] tiles_split=75 total_subchunks=1104 max_subchunks_per_tile=3 payload_pages=45752
[SORT] stage=ONELAUNCH P=2895762 P_kept=2895762 num_tiles=1024 max_tile_n=21267 onelaunch=0.23 layout=0.06 pub_host=0.24 total=0.53ms
[SUBCHUNK] tiles_split=81 total_subchunks=1109 max_subchunks_per_tile=3 payload_pages=48611
[SORT] stage=ONELAUNCH P=3078956 P_kept=3078956 num_tiles=1024 max_tile_n=21032 onelaunch=0.17 layout=0.04 pub_host=0.16 total=0.37ms
[SUBCHUNK] tiles_split=85 total_subchunks=1114 max_subchunks_per_tile=3 payload_pages=49703
[SORT] stage=ONELAUNCH P=3149841 P_kept=3149841 num_tiles=1024 max_tile_n=19047 onelaunch=0.17 layout=0.04 pub_host=0.16 total=0.37ms
[SUBCHUNK] tiles_split=84 total_subchunks=1113 max_subchunks_per_tile=3 payload_pages=50216
[SORT] stage=ONELAUNCH P=3181780 P_kept=3181780 num_tiles=1024 max_tile_n=19358 onelaunch=0.22 layout=0.06 pub_host=0.23 total=0.51ms
[SUBCHUNK] tiles_split=81 total_subchunks=1109 max_subchunks_per_tile=3 payload_pages=50327
[SORT] stage=ONELAUNCH P=3188467 P_kept=3188467 num_tiles=1024 max_tile_n=19519 onelaunch=0.22 layout=0.06 pub_host=0.23 total=0.51ms
[SUBCHUNK] tiles_split=82 total_subchunks=1111 max_subchunks_per_tile=3 payload_pages=49049
[SORT] stage=ONELAUNCH P=3106694 P_kept=3106694 num_tiles=1024 max_tile_n=20025 onelaunch=0.21 layout=0.04 pub_host=0.15 total=0.41ms
[SUBCHUNK] tiles_split=81 total_subchunks=1108 max_subchunks_per_tile=3 payload_pages=47132
[SORT] stage=ONELAUNCH P=2984152 P_kept=2984152 num_tiles=1024 max_tile_n=20390 onelaunch=0.23 layout=0.06 pub_host=0.21 total=0.51ms
[SUBCHUNK] tiles_split=79 total_subchunks=1106 max_subchunks_per_tile=3 payload_pages=45617
[SORT] stage=ONELAUNCH P=2887843 P_kept=2887843 num_tiles=1024 max_tile_n=20927 onelaunch=0.17 layout=0.06 pub_host=0.23 total=0.46ms
[SUBCHUNK] tiles_split=75 total_subchunks=1101 max_subchunks_per_tile=3 payload_pages=44556
[SORT] stage=ONELAUNCH P=2818980 P_kept=2818980 num_tiles=1024 max_tile_n=21145 onelaunch=0.23 layout=0.06 pub_host=0.24 total=0.53ms
[SUBCHUNK] tiles_split=75 total_subchunks=1101 max_subchunks_per_tile=3 payload_pages=43664
[SORT] stage=ONELAUNCH P=2762186 P_kept=2762186 num_tiles=1024 max_tile_n=19314 onelaunch=0.17 layout=0.06 pub_host=0.23 total=0.46ms
[SUBCHUNK] tiles_split=80 total_subchunks=1106 max_subchunks_per_tile=3 payload_pages=42989
[SORT] stage=ONELAUNCH P=2719305 P_kept=2719305 num_tiles=1024 max_tile_n=19744 onelaunch=0.23 layout=0.06 pub_host=0.23 total=0.52ms
[SUBCHUNK] tiles_split=79 total_subchunks=1105 max_subchunks_per_tile=3 payload_pages=42964
[SORT] stage=ONELAUNCH P=2717542 P_kept=2717542 num_tiles=1024 max_tile_n=18173 onelaunch=0.17 layout=0.04 pub_host=0.15 total=0.36ms
[SUBCHUNK] tiles_split=82 total_subchunks=1110 max_subchunks_per_tile=3 payload_pages=43226
[SORT] stage=ONELAUNCH P=2733748 P_kept=2733748 num_tiles=1024 max_tile_n=18007 onelaunch=0.23 layout=0.06 pub_host=0.15 total=0.44ms
[SUBCHUNK] tiles_split=78 total_subchunks=1105 max_subchunks_per_tile=3 payload_pages=43149
[SORT] stage=ONELAUNCH P=2729054 P_kept=2729054 num_tiles=1024 max_tile_n=18629 onelaunch=0.23 layout=0.06 pub_host=0.23 total=0.52ms
[SUBCHUNK] tiles_split=85 total_subchunks=1112 max_subchunks_per_tile=3 payload_pages=42920
[SORT] stage=ONELAUNCH P=2713776 P_kept=2713776 num_tiles=1024 max_tile_n=18369 onelaunch=0.22 layout=0.06 pub_host=0.23 total=0.51ms
[SUBCHUNK] tiles_split=82 total_subchunks=1109 max_subchunks_per_tile=3 payload_pages=42444
[SORT] stage=ONELAUNCH P=2684908 P_kept=2684908 num_tiles=1024 max_tile_n=22330 onelaunch=0.17 layout=0.04 pub_host=0.16 total=0.37ms
[SUBCHUNK] tiles_split=84 total_subchunks=1111 max_subchunks_per_tile=3 payload_pages=41219
[SORT] stage=ONELAUNCH P=2605190 P_kept=2605190 num_tiles=1024 max_tile_n=18553 onelaunch=0.18 layout=0.04 pub_host=0.15 total=0.38ms
[SUBCHUNK] tiles_split=79 total_subchunks=1105 max_subchunks_per_tile=3 payload_pages=39602
[SORT] stage=ONELAUNCH P=2502433 P_kept=2502433 num_tiles=1024 max_tile_n=20113 onelaunch=0.23 layout=0.06 pub_host=0.23 total=0.52ms
[SUBCHUNK] tiles_split=74 total_subchunks=1101 max_subchunks_per_tile=3 payload_pages=36821
[SORT] stage=ONELAUNCH P=2324571 P_kept=2324571 num_tiles=1024 max_tile_n=18871 onelaunch=0.22 layout=0.06 pub_host=0.22 total=0.50ms
[SUBCHUNK] tiles_split=67 total_subchunks=1094 max_subchunks_per_tile=3 payload_pages=34703
[SORT] stage=ONELAUNCH P=2188463 P_kept=2188463 num_tiles=1024 max_tile_n=21416 onelaunch=0.23 layout=0.06 pub_host=0.22 total=0.51ms
[SUBCHUNK] tiles_split=65 total_subchunks=1092 max_subchunks_per_tile=3 payload_pages=33321
[SORT] stage=ONELAUNCH P=2100242 P_kept=2100242 num_tiles=1024 max_tile_n=21340 onelaunch=0.22 layout=0.05 pub_host=0.15 total=0.43ms
[SUBCHUNK] tiles_split=65 total_subchunks=1092 max_subchunks_per_tile=3 payload_pages=32586
[SORT] stage=ONELAUNCH P=2052961 P_kept=2052961 num_tiles=1024 max_tile_n=21713 onelaunch=0.22 layout=0.06 pub_host=0.22 total=0.50ms
[SUBCHUNK] tiles_split=60 total_subchunks=1087 max_subchunks_per_tile=3 payload_pages=32524
[SORT] stage=ONELAUNCH P=2050213 P_kept=2050213 num_tiles=1024 max_tile_n=20666 onelaunch=0.16 layout=0.05 pub_host=0.22 total=0.44ms
B2B_STAGES pass=5 views=30 gap_ms=0.00 period=9.408 render=9.408 py_resid=0.036 project=2.425 sort=0.552 blend=6.332 d2h=0.004 tail=0.003 xview=0.052 view_total=9.372 project_pfwc_rtargs=0.039 project_pfwc_enqueue=0.010 project_gather_wait=2.423 sort_bin_count=0.000 sort_bin_hist_d2h=0.000 sort_bin_layout=0.054 sort_bin_emit=0.205 sort_publish_host=0.201 sort_publish_wait=0.000 sort_mat=0.040 sort_pre=0.001 sort_log=0.005 sort_cont_prep=0.006 sort_cont_rtargs=0.036 sort_cont_other=0.001
[run] B2B pass 5: 282.2 ms for 30 views = 9.408 ms/frame
[SUBCHUNK] tiles_split=86 total_subchunks=1113 max_subchunks_per_tile=3 payload_pages=45770
[SORT] stage=ONELAUNCH P=2895629 P_kept=2895629 num_tiles=1024 max_tile_n=22979 onelaunch=0.18 layout=0.05 pub_host=0.17 total=0.40ms
[SUBCHUNK] tiles_split=64 total_subchunks=1090 max_subchunks_per_tile=3 payload_pages=33181
[SORT] stage=ONELAUNCH P=2090575 P_kept=2090575 num_tiles=1024 max_tile_n=19171 onelaunch=0.23 layout=0.06 pub_host=0.23 total=0.52ms
[SUBCHUNK] tiles_split=63 total_subchunks=1090 max_subchunks_per_tile=3 payload_pages=34324
[SORT] stage=ONELAUNCH P=2164042 P_kept=2164042 num_tiles=1024 max_tile_n=18956 onelaunch=0.23 layout=0.06 pub_host=0.22 total=0.51ms
[SUBCHUNK] tiles_split=66 total_subchunks=1093 max_subchunks_per_tile=3 payload_pages=35760
[SORT] stage=ONELAUNCH P=2255766 P_kept=2255766 num_tiles=1024 max_tile_n=18906 onelaunch=0.23 layout=0.06 pub_host=0.24 total=0.52ms
[SUBCHUNK] tiles_split=62 total_subchunks=1090 max_subchunks_per_tile=3 payload_pages=37612
[SORT] stage=ONELAUNCH P=2374790 P_kept=2374790 num_tiles=1024 max_tile_n=17834 onelaunch=0.22 layout=0.06 pub_host=0.23 total=0.51ms
[SUBCHUNK] tiles_split=68 total_subchunks=1096 max_subchunks_per_tile=3 payload_pages=39937
[SORT] stage=ONELAUNCH P=2523377 P_kept=2523377 num_tiles=1024 max_tile_n=20034 onelaunch=0.17 layout=0.04 pub_host=0.16 total=0.37ms
[SUBCHUNK] tiles_split=70 total_subchunks=1097 max_subchunks_per_tile=3 payload_pages=43036
[SORT] stage=ONELAUNCH P=2722282 P_kept=2722282 num_tiles=1024 max_tile_n=22369 onelaunch=0.23 layout=0.06 pub_host=0.20 total=0.49ms
[SUBCHUNK] tiles_split=75 total_subchunks=1104 max_subchunks_per_tile=3 payload_pages=45752
[SORT] stage=ONELAUNCH P=2895762 P_kept=2895762 num_tiles=1024 max_tile_n=21267 onelaunch=0.24 layout=0.06 pub_host=0.23 total=0.53ms
[SUBCHUNK] tiles_split=81 total_subchunks=1109 max_subchunks_per_tile=3 payload_pages=48611
[SORT] stage=ONELAUNCH P=3078956 P_kept=3078956 num_tiles=1024 max_tile_n=21032 onelaunch=0.23 layout=0.06 pub_host=0.18 total=0.48ms
[SUBCHUNK] tiles_split=85 total_subchunks=1114 max_subchunks_per_tile=3 payload_pages=49703
[SORT] stage=ONELAUNCH P=3149841 P_kept=3149841 num_tiles=1024 max_tile_n=19047 onelaunch=0.17 layout=0.04 pub_host=0.15 total=0.37ms
[SUBCHUNK] tiles_split=84 total_subchunks=1113 max_subchunks_per_tile=3 payload_pages=50216
[SORT] stage=ONELAUNCH P=3181780 P_kept=3181780 num_tiles=1024 max_tile_n=19358 onelaunch=0.24 layout=0.06 pub_host=0.23 total=0.53ms
[SUBCHUNK] tiles_split=81 total_subchunks=1109 max_subchunks_per_tile=3 payload_pages=50327
[SORT] stage=ONELAUNCH P=3188467 P_kept=3188467 num_tiles=1024 max_tile_n=19519 onelaunch=0.23 layout=0.06 pub_host=0.23 total=0.52ms
[SUBCHUNK] tiles_split=82 total_subchunks=1111 max_subchunks_per_tile=3 payload_pages=49049
[SORT] stage=ONELAUNCH P=3106694 P_kept=3106694 num_tiles=1024 max_tile_n=20025 onelaunch=0.23 layout=0.06 pub_host=0.23 total=0.52ms
[SUBCHUNK] tiles_split=81 total_subchunks=1108 max_subchunks_per_tile=3 payload_pages=47132
[SORT] stage=ONELAUNCH P=2984152 P_kept=2984152 num_tiles=1024 max_tile_n=20390 onelaunch=0.19 layout=0.04 pub_host=0.15 total=0.39ms
[SUBCHUNK] tiles_split=79 total_subchunks=1106 max_subchunks_per_tile=3 payload_pages=45617
[SORT] stage=ONELAUNCH P=2887843 P_kept=2887843 num_tiles=1024 max_tile_n=20927 onelaunch=0.23 layout=0.06 pub_host=0.23 total=0.53ms
[SUBCHUNK] tiles_split=75 total_subchunks=1101 max_subchunks_per_tile=3 payload_pages=44556
[SORT] stage=ONELAUNCH P=2818980 P_kept=2818980 num_tiles=1024 max_tile_n=21145 onelaunch=0.17 layout=0.04 pub_host=0.16 total=0.37ms
[SUBCHUNK] tiles_split=75 total_subchunks=1101 max_subchunks_per_tile=3 payload_pages=43664
[SORT] stage=ONELAUNCH P=2762186 P_kept=2762186 num_tiles=1024 max_tile_n=19314 onelaunch=0.22 layout=0.06 pub_host=0.23 total=0.51ms
[SUBCHUNK] tiles_split=80 total_subchunks=1106 max_subchunks_per_tile=3 payload_pages=42989
[SORT] stage=ONELAUNCH P=2719305 P_kept=2719305 num_tiles=1024 max_tile_n=19744 onelaunch=0.20 layout=0.04 pub_host=0.15 total=0.40ms
[SUBCHUNK] tiles_split=79 total_subchunks=1105 max_subchunks_per_tile=3 payload_pages=42964
[SORT] stage=ONELAUNCH P=2717542 P_kept=2717542 num_tiles=1024 max_tile_n=18173 onelaunch=0.23 layout=0.06 pub_host=0.23 total=0.52ms
[SUBCHUNK] tiles_split=82 total_subchunks=1110 max_subchunks_per_tile=3 payload_pages=43226
[SORT] stage=ONELAUNCH P=2733748 P_kept=2733748 num_tiles=1024 max_tile_n=18007 onelaunch=0.23 layout=0.06 pub_host=0.24 total=0.53ms
[SUBCHUNK] tiles_split=78 total_subchunks=1105 max_subchunks_per_tile=3 payload_pages=43149
[SORT] stage=ONELAUNCH P=2729054 P_kept=2729054 num_tiles=1024 max_tile_n=18629 onelaunch=0.17 layout=0.04 pub_host=0.15 total=0.36ms
[SUBCHUNK] tiles_split=85 total_subchunks=1112 max_subchunks_per_tile=3 payload_pages=42920
[SORT] stage=ONELAUNCH P=2713776 P_kept=2713776 num_tiles=1024 max_tile_n=18369 onelaunch=0.23 layout=0.06 pub_host=0.23 total=0.52ms
[SUBCHUNK] tiles_split=82 total_subchunks=1109 max_subchunks_per_tile=3 payload_pages=42444
[SORT] stage=ONELAUNCH P=2684908 P_kept=2684908 num_tiles=1024 max_tile_n=22330 onelaunch=0.22 layout=0.04 pub_host=0.16 total=0.42ms
[SUBCHUNK] tiles_split=84 total_subchunks=1111 max_subchunks_per_tile=3 payload_pages=41219
[SORT] stage=ONELAUNCH P=2605190 P_kept=2605190 num_tiles=1024 max_tile_n=18553 onelaunch=0.23 layout=0.06 pub_host=0.22 total=0.51ms
[SUBCHUNK] tiles_split=79 total_subchunks=1105 max_subchunks_per_tile=3 payload_pages=39602
[SORT] stage=ONELAUNCH P=2502433 P_kept=2502433 num_tiles=1024 max_tile_n=20113 onelaunch=0.23 layout=0.06 pub_host=0.23 total=0.52ms
[SUBCHUNK] tiles_split=74 total_subchunks=1101 max_subchunks_per_tile=3 payload_pages=36821
[SORT] stage=ONELAUNCH P=2324571 P_kept=2324571 num_tiles=1024 max_tile_n=18871 onelaunch=0.23 layout=0.06 pub_host=0.23 total=0.52ms
[SUBCHUNK] tiles_split=67 total_subchunks=1094 max_subchunks_per_tile=3 payload_pages=34703
[SORT] stage=ONELAUNCH P=2188463 P_kept=2188463 num_tiles=1024 max_tile_n=21416 onelaunch=0.17 layout=0.04 pub_host=0.16 total=0.37ms
[SUBCHUNK] tiles_split=65 total_subchunks=1092 max_subchunks_per_tile=3 payload_pages=33321
[SORT] stage=ONELAUNCH P=2100242 P_kept=2100242 num_tiles=1024 max_tile_n=21340 onelaunch=0.17 layout=0.04 pub_host=0.15 total=0.36ms
[SUBCHUNK] tiles_split=65 total_subchunks=1092 max_subchunks_per_tile=3 payload_pages=32586
[SORT] stage=ONELAUNCH P=2052961 P_kept=2052961 num_tiles=1024 max_tile_n=21713 onelaunch=0.17 layout=0.04 pub_host=0.15 total=0.36ms
[SUBCHUNK] tiles_split=60 total_subchunks=1087 max_subchunks_per_tile=3 payload_pages=32524
[SORT] stage=ONELAUNCH P=2050213 P_kept=2050213 num_tiles=1024 max_tile_n=20666 onelaunch=0.17 layout=0.04 pub_host=0.15 total=0.36ms
B2B_STAGES pass=6 views=30 gap_ms=0.00 period=9.413 render=9.413 py_resid=0.036 project=2.424 sort=0.550 blend=6.342 d2h=0.004 tail=0.003 xview=0.049 view_total=9.377 project_pfwc_rtargs=0.037 project_pfwc_enqueue=0.009 project_gather_wait=2.422 sort_bin_count=0.000 sort_bin_hist_d2h=0.000 sort_bin_layout=0.052 sort_bin_emit=0.209 sort_publish_host=0.198 sort_publish_wait=0.000 sort_mat=0.041 sort_pre=0.001 sort_log=0.005 sort_cont_prep=0.006 sort_cont_rtargs=0.035 sort_cont_other=0.001
[run] B2B pass 6: 282.4 ms for 30 views = 9.413 ms/frame
[SUBCHUNK] tiles_split=86 total_subchunks=1113 max_subchunks_per_tile=3 payload_pages=45770
[SORT] stage=ONELAUNCH P=2895629 P_kept=2895629 num_tiles=1024 max_tile_n=22979 onelaunch=0.18 layout=0.05 pub_host=0.17 total=0.40ms
[SUBCHUNK] tiles_split=64 total_subchunks=1090 max_subchunks_per_tile=3 payload_pages=33181
[SORT] stage=ONELAUNCH P=2090575 P_kept=2090575 num_tiles=1024 max_tile_n=19171 onelaunch=0.22 layout=0.06 pub_host=0.23 total=0.51ms
[SUBCHUNK] tiles_split=63 total_subchunks=1090 max_subchunks_per_tile=3 payload_pages=34324
[SORT] stage=ONELAUNCH P=2164042 P_kept=2164042 num_tiles=1024 max_tile_n=18956 onelaunch=0.17 layout=0.04 pub_host=0.16 total=0.37ms
[SUBCHUNK] tiles_split=66 total_subchunks=1093 max_subchunks_per_tile=3 payload_pages=35760
[SORT] stage=ONELAUNCH P=2255766 P_kept=2255766 num_tiles=1024 max_tile_n=18906 onelaunch=0.20 layout=0.04 pub_host=0.16 total=0.40ms
[SUBCHUNK] tiles_split=62 total_subchunks=1090 max_subchunks_per_tile=3 payload_pages=37612
[SORT] stage=ONELAUNCH P=2374790 P_kept=2374790 num_tiles=1024 max_tile_n=17834 onelaunch=0.17 layout=0.04 pub_host=0.16 total=0.37ms
[SUBCHUNK] tiles_split=68 total_subchunks=1096 max_subchunks_per_tile=3 payload_pages=39937
[SORT] stage=ONELAUNCH P=2523377 P_kept=2523377 num_tiles=1024 max_tile_n=20034 onelaunch=0.23 layout=0.06 pub_host=0.23 total=0.53ms
[SUBCHUNK] tiles_split=70 total_subchunks=1097 max_subchunks_per_tile=3 payload_pages=43036
[SORT] stage=ONELAUNCH P=2722282 P_kept=2722282 num_tiles=1024 max_tile_n=22369 onelaunch=0.23 layout=0.06 pub_host=0.21 total=0.50ms
[SUBCHUNK] tiles_split=75 total_subchunks=1104 max_subchunks_per_tile=3 payload_pages=45752
[SORT] stage=ONELAUNCH P=2895762 P_kept=2895762 num_tiles=1024 max_tile_n=21267 onelaunch=0.17 layout=0.04 pub_host=0.15 total=0.36ms
[SUBCHUNK] tiles_split=81 total_subchunks=1109 max_subchunks_per_tile=3 payload_pages=48611
[SORT] stage=ONELAUNCH P=3078956 P_kept=3078956 num_tiles=1024 max_tile_n=21032 onelaunch=0.23 layout=0.06 pub_host=0.18 total=0.47ms
[SUBCHUNK] tiles_split=85 total_subchunks=1114 max_subchunks_per_tile=3 payload_pages=49703
[SORT] stage=ONELAUNCH P=3149841 P_kept=3149841 num_tiles=1024 max_tile_n=19047 onelaunch=0.17 layout=0.04 pub_host=0.16 total=0.38ms
[SUBCHUNK] tiles_split=84 total_subchunks=1113 max_subchunks_per_tile=3 payload_pages=50216
[SORT] stage=ONELAUNCH P=3181780 P_kept=3181780 num_tiles=1024 max_tile_n=19358 onelaunch=0.17 layout=0.04 pub_host=0.15 total=0.36ms
[SUBCHUNK] tiles_split=81 total_subchunks=1109 max_subchunks_per_tile=3 payload_pages=50327
[SORT] stage=ONELAUNCH P=3188467 P_kept=3188467 num_tiles=1024 max_tile_n=19519 onelaunch=0.23 layout=0.06 pub_host=0.22 total=0.51ms
[SUBCHUNK] tiles_split=82 total_subchunks=1111 max_subchunks_per_tile=3 payload_pages=49049
[SORT] stage=ONELAUNCH P=3106694 P_kept=3106694 num_tiles=1024 max_tile_n=20025 onelaunch=0.22 layout=0.06 pub_host=0.23 total=0.51ms
[SUBCHUNK] tiles_split=81 total_subchunks=1108 max_subchunks_per_tile=3 payload_pages=47132
[SORT] stage=ONELAUNCH P=2984152 P_kept=2984152 num_tiles=1024 max_tile_n=20390 onelaunch=0.17 layout=0.04 pub_host=0.15 total=0.36ms
[SUBCHUNK] tiles_split=79 total_subchunks=1106 max_subchunks_per_tile=3 payload_pages=45617
[SORT] stage=ONELAUNCH P=2887843 P_kept=2887843 num_tiles=1024 max_tile_n=20927 onelaunch=0.16 layout=0.04 pub_host=0.15 total=0.36ms
[SUBCHUNK] tiles_split=75 total_subchunks=1101 max_subchunks_per_tile=3 payload_pages=44556
[SORT] stage=ONELAUNCH P=2818980 P_kept=2818980 num_tiles=1024 max_tile_n=21145 onelaunch=0.17 layout=0.04 pub_host=0.15 total=0.36ms
[SUBCHUNK] tiles_split=75 total_subchunks=1101 max_subchunks_per_tile=3 payload_pages=43664
[SORT] stage=ONELAUNCH P=2762186 P_kept=2762186 num_tiles=1024 max_tile_n=19314 onelaunch=0.23 layout=0.06 pub_host=0.24 total=0.53ms
[SUBCHUNK] tiles_split=80 total_subchunks=1106 max_subchunks_per_tile=3 payload_pages=42989
[SORT] stage=ONELAUNCH P=2719305 P_kept=2719305 num_tiles=1024 max_tile_n=19744 onelaunch=0.17 layout=0.04 pub_host=0.16 total=0.36ms
[SUBCHUNK] tiles_split=79 total_subchunks=1105 max_subchunks_per_tile=3 payload_pages=42964
[SORT] stage=ONELAUNCH P=2717542 P_kept=2717542 num_tiles=1024 max_tile_n=18173 onelaunch=0.16 layout=0.04 pub_host=0.15 total=0.36ms
[SUBCHUNK] tiles_split=82 total_subchunks=1110 max_subchunks_per_tile=3 payload_pages=43226
[SORT] stage=ONELAUNCH P=2733748 P_kept=2733748 num_tiles=1024 max_tile_n=18007 onelaunch=0.20 layout=0.04 pub_host=0.15 total=0.39ms
[SUBCHUNK] tiles_split=78 total_subchunks=1105 max_subchunks_per_tile=3 payload_pages=43149
[SORT] stage=ONELAUNCH P=2729054 P_kept=2729054 num_tiles=1024 max_tile_n=18629 onelaunch=0.22 layout=0.06 pub_host=0.22 total=0.50ms
[SUBCHUNK] tiles_split=85 total_subchunks=1112 max_subchunks_per_tile=3 payload_pages=42920
[SORT] stage=ONELAUNCH P=2713776 P_kept=2713776 num_tiles=1024 max_tile_n=18369 onelaunch=0.23 layout=0.06 pub_host=0.22 total=0.51ms
[SUBCHUNK] tiles_split=82 total_subchunks=1109 max_subchunks_per_tile=3 payload_pages=42444
[SORT] stage=ONELAUNCH P=2684908 P_kept=2684908 num_tiles=1024 max_tile_n=22330 onelaunch=0.17 layout=0.04 pub_host=0.16 total=0.36ms
[SUBCHUNK] tiles_split=84 total_subchunks=1111 max_subchunks_per_tile=3 payload_pages=41219
[SORT] stage=ONELAUNCH P=2605190 P_kept=2605190 num_tiles=1024 max_tile_n=18553 onelaunch=0.17 layout=0.04 pub_host=0.15 total=0.36ms
[SUBCHUNK] tiles_split=79 total_subchunks=1105 max_subchunks_per_tile=3 payload_pages=39602
[SORT] stage=ONELAUNCH P=2502433 P_kept=2502433 num_tiles=1024 max_tile_n=20113 onelaunch=0.23 layout=0.06 pub_host=0.23 total=0.52ms
[SUBCHUNK] tiles_split=74 total_subchunks=1101 max_subchunks_per_tile=3 payload_pages=36821
[SORT] stage=ONELAUNCH P=2324571 P_kept=2324571 num_tiles=1024 max_tile_n=18871 onelaunch=0.16 layout=0.04 pub_host=0.15 total=0.36ms
[SUBCHUNK] tiles_split=67 total_subchunks=1094 max_subchunks_per_tile=3 payload_pages=34703
[SORT] stage=ONELAUNCH P=2188463 P_kept=2188463 num_tiles=1024 max_tile_n=21416 onelaunch=0.22 layout=0.06 pub_host=0.17 total=0.45ms
[SUBCHUNK] tiles_split=65 total_subchunks=1092 max_subchunks_per_tile=3 payload_pages=33321
[SORT] stage=ONELAUNCH P=2100242 P_kept=2100242 num_tiles=1024 max_tile_n=21340 onelaunch=0.20 layout=0.06 pub_host=0.23 total=0.49ms
[SUBCHUNK] tiles_split=65 total_subchunks=1092 max_subchunks_per_tile=3 payload_pages=32586
[SORT] stage=ONELAUNCH P=2052961 P_kept=2052961 num_tiles=1024 max_tile_n=21713 onelaunch=0.17 layout=0.04 pub_host=0.15 total=0.36ms
[SUBCHUNK] tiles_split=60 total_subchunks=1087 max_subchunks_per_tile=3 payload_pages=32524
[SORT] stage=ONELAUNCH P=2050213 P_kept=2050213 num_tiles=1024 max_tile_n=20666 onelaunch=0.21 layout=0.06 pub_host=0.22 total=0.50ms
B2B_STAGES pass=7 views=30 gap_ms=0.00 period=9.404 render=9.404 py_resid=0.034 project=2.419 sort=0.510 blend=6.381 d2h=0.004 tail=0.003 xview=0.048 view_total=9.370 project_pfwc_rtargs=0.036 project_pfwc_enqueue=0.009 project_gather_wait=2.418 sort_bin_count=0.000 sort_bin_hist_d2h=0.000 sort_bin_layout=0.049 sort_bin_emit=0.194 sort_publish_host=0.183 sort_publish_wait=0.000 sort_mat=0.039 sort_pre=0.001 sort_log=0.004 sort_cont_prep=0.005 sort_cont_rtargs=0.033 sort_cont_other=0.001
[run] B2B pass 7: 282.1 ms for 30 views = 9.404 ms/frame
[SUBCHUNK] tiles_split=86 total_subchunks=1113 max_subchunks_per_tile=3 payload_pages=45770
[SORT] stage=ONELAUNCH P=2895629 P_kept=2895629 num_tiles=1024 max_tile_n=22979 onelaunch=0.17 layout=0.05 pub_host=0.17 total=0.39ms
[SUBCHUNK] tiles_split=64 total_subchunks=1090 max_subchunks_per_tile=3 payload_pages=33181
[SORT] stage=ONELAUNCH P=2090575 P_kept=2090575 num_tiles=1024 max_tile_n=19171 onelaunch=0.17 layout=0.04 pub_host=0.15 total=0.36ms
[SUBCHUNK] tiles_split=63 total_subchunks=1090 max_subchunks_per_tile=3 payload_pages=34324
[SORT] stage=ONELAUNCH P=2164042 P_kept=2164042 num_tiles=1024 max_tile_n=18956 onelaunch=0.16 layout=0.04 pub_host=0.15 total=0.36ms
[SUBCHUNK] tiles_split=66 total_subchunks=1093 max_subchunks_per_tile=3 payload_pages=35760
[SORT] stage=ONELAUNCH P=2255766 P_kept=2255766 num_tiles=1024 max_tile_n=18906 onelaunch=0.17 layout=0.04 pub_host=0.16 total=0.37ms
[SUBCHUNK] tiles_split=62 total_subchunks=1090 max_subchunks_per_tile=3 payload_pages=37612
[SORT] stage=ONELAUNCH P=2374790 P_kept=2374790 num_tiles=1024 max_tile_n=17834 onelaunch=0.17 layout=0.04 pub_host=0.16 total=0.37ms
[SUBCHUNK] tiles_split=68 total_subchunks=1096 max_subchunks_per_tile=3 payload_pages=39937
[SORT] stage=ONELAUNCH P=2523377 P_kept=2523377 num_tiles=1024 max_tile_n=20034 onelaunch=0.17 layout=0.04 pub_host=0.16 total=0.36ms
[SUBCHUNK] tiles_split=70 total_subchunks=1097 max_subchunks_per_tile=3 payload_pages=43036
[SORT] stage=ONELAUNCH P=2722282 P_kept=2722282 num_tiles=1024 max_tile_n=22369 onelaunch=0.22 layout=0.06 pub_host=0.23 total=0.51ms
[SUBCHUNK] tiles_split=75 total_subchunks=1104 max_subchunks_per_tile=3 payload_pages=45752
[SORT] stage=ONELAUNCH P=2895762 P_kept=2895762 num_tiles=1024 max_tile_n=21267 onelaunch=0.22 layout=0.06 pub_host=0.23 total=0.51ms
[SUBCHUNK] tiles_split=81 total_subchunks=1109 max_subchunks_per_tile=3 payload_pages=48611
[SORT] stage=ONELAUNCH P=3078956 P_kept=3078956 num_tiles=1024 max_tile_n=21032 onelaunch=0.22 layout=0.06 pub_host=0.22 total=0.50ms
[SUBCHUNK] tiles_split=85 total_subchunks=1114 max_subchunks_per_tile=3 payload_pages=49703
[SORT] stage=ONELAUNCH P=3149841 P_kept=3149841 num_tiles=1024 max_tile_n=19047 onelaunch=0.22 layout=0.06 pub_host=0.23 total=0.51ms
[SUBCHUNK] tiles_split=84 total_subchunks=1113 max_subchunks_per_tile=3 payload_pages=50216
[SORT] stage=ONELAUNCH P=3181780 P_kept=3181780 num_tiles=1024 max_tile_n=19358 onelaunch=0.17 layout=0.04 pub_host=0.15 total=0.36ms
[SUBCHUNK] tiles_split=81 total_subchunks=1109 max_subchunks_per_tile=3 payload_pages=50327
[SORT] stage=ONELAUNCH P=3188467 P_kept=3188467 num_tiles=1024 max_tile_n=19519 onelaunch=0.17 layout=0.04 pub_host=0.15 total=0.36ms
[SUBCHUNK] tiles_split=82 total_subchunks=1111 max_subchunks_per_tile=3 payload_pages=49049
[SORT] stage=ONELAUNCH P=3106694 P_kept=3106694 num_tiles=1024 max_tile_n=20025 onelaunch=0.22 layout=0.07 pub_host=0.23 total=0.52ms
[SUBCHUNK] tiles_split=81 total_subchunks=1108 max_subchunks_per_tile=3 payload_pages=47132
[SORT] stage=ONELAUNCH P=2984152 P_kept=2984152 num_tiles=1024 max_tile_n=20390 onelaunch=0.17 layout=0.04 pub_host=0.16 total=0.37ms
[SUBCHUNK] tiles_split=79 total_subchunks=1106 max_subchunks_per_tile=3 payload_pages=45617
[SORT] stage=ONELAUNCH P=2887843 P_kept=2887843 num_tiles=1024 max_tile_n=20927 onelaunch=0.17 layout=0.04 pub_host=0.16 total=0.37ms
[SUBCHUNK] tiles_split=75 total_subchunks=1101 max_subchunks_per_tile=3 payload_pages=44556
[SORT] stage=ONELAUNCH P=2818980 P_kept=2818980 num_tiles=1024 max_tile_n=21145 onelaunch=0.22 layout=0.06 pub_host=0.23 total=0.51ms
[SUBCHUNK] tiles_split=75 total_subchunks=1101 max_subchunks_per_tile=3 payload_pages=43664
[SORT] stage=ONELAUNCH P=2762186 P_kept=2762186 num_tiles=1024 max_tile_n=19314 onelaunch=0.17 layout=0.04 pub_host=0.15 total=0.37ms
[SUBCHUNK] tiles_split=80 total_subchunks=1106 max_subchunks_per_tile=3 payload_pages=42989
[SORT] stage=ONELAUNCH P=2719305 P_kept=2719305 num_tiles=1024 max_tile_n=19744 onelaunch=0.17 layout=0.04 pub_host=0.15 total=0.36ms
[SUBCHUNK] tiles_split=79 total_subchunks=1105 max_subchunks_per_tile=3 payload_pages=42964
[SORT] stage=ONELAUNCH P=2717542 P_kept=2717542 num_tiles=1024 max_tile_n=18173 onelaunch=0.17 layout=0.04 pub_host=0.16 total=0.37ms
[SUBCHUNK] tiles_split=82 total_subchunks=1110 max_subchunks_per_tile=3 payload_pages=43226
[SORT] stage=ONELAUNCH P=2733748 P_kept=2733748 num_tiles=1024 max_tile_n=18007 onelaunch=0.17 layout=0.04 pub_host=0.15 total=0.36ms
[SUBCHUNK] tiles_split=78 total_subchunks=1105 max_subchunks_per_tile=3 payload_pages=43149
[SORT] stage=ONELAUNCH P=2729054 P_kept=2729054 num_tiles=1024 max_tile_n=18629 onelaunch=0.17 layout=0.04 pub_host=0.16 total=0.36ms
[SUBCHUNK] tiles_split=85 total_subchunks=1112 max_subchunks_per_tile=3 payload_pages=42920
[SORT] stage=ONELAUNCH P=2713776 P_kept=2713776 num_tiles=1024 max_tile_n=18369 onelaunch=0.17 layout=0.04 pub_host=0.15 total=0.36ms
[SUBCHUNK] tiles_split=82 total_subchunks=1109 max_subchunks_per_tile=3 payload_pages=42444
[SORT] stage=ONELAUNCH P=2684908 P_kept=2684908 num_tiles=1024 max_tile_n=22330 onelaunch=0.17 layout=0.04 pub_host=0.15 total=0.36ms
[SUBCHUNK] tiles_split=84 total_subchunks=1111 max_subchunks_per_tile=3 payload_pages=41219
[SORT] stage=ONELAUNCH P=2605190 P_kept=2605190 num_tiles=1024 max_tile_n=18553 onelaunch=0.22 layout=0.06 pub_host=0.23 total=0.51ms
[SUBCHUNK] tiles_split=79 total_subchunks=1105 max_subchunks_per_tile=3 payload_pages=39602
[SORT] stage=ONELAUNCH P=2502433 P_kept=2502433 num_tiles=1024 max_tile_n=20113 onelaunch=0.16 layout=0.04 pub_host=0.15 total=0.36ms
[SUBCHUNK] tiles_split=74 total_subchunks=1101 max_subchunks_per_tile=3 payload_pages=36821
[SORT] stage=ONELAUNCH P=2324571 P_kept=2324571 num_tiles=1024 max_tile_n=18871 onelaunch=0.22 layout=0.06 pub_host=0.23 total=0.52ms
[SUBCHUNK] tiles_split=67 total_subchunks=1094 max_subchunks_per_tile=3 payload_pages=34703
[SORT] stage=ONELAUNCH P=2188463 P_kept=2188463 num_tiles=1024 max_tile_n=21416 onelaunch=0.16 layout=0.04 pub_host=0.15 total=0.36ms
[SUBCHUNK] tiles_split=65 total_subchunks=1092 max_subchunks_per_tile=3 payload_pages=33321
[SORT] stage=ONELAUNCH P=2100242 P_kept=2100242 num_tiles=1024 max_tile_n=21340 onelaunch=0.22 layout=0.06 pub_host=0.23 total=0.51ms
[SUBCHUNK] tiles_split=65 total_subchunks=1092 max_subchunks_per_tile=3 payload_pages=32586
[SORT] stage=ONELAUNCH P=2052961 P_kept=2052961 num_tiles=1024 max_tile_n=21713 onelaunch=0.22 layout=0.06 pub_host=0.23 total=0.51ms
[SUBCHUNK] tiles_split=60 total_subchunks=1087 max_subchunks_per_tile=3 payload_pages=32524
[SORT] stage=ONELAUNCH P=2050213 P_kept=2050213 num_tiles=1024 max_tile_n=20666 onelaunch=0.17 layout=0.04 pub_host=0.15 total=0.36ms
B2B_STAGES pass=8 views=30 gap_ms=0.00 period=9.405 render=9.405 py_resid=0.033 project=2.415 sort=0.496 blend=6.402 d2h=0.004 tail=0.003 xview=0.048 view_total=9.372 project_pfwc_rtargs=0.036 project_pfwc_enqueue=0.010 project_gather_wait=2.414 sort_bin_count=0.000 sort_bin_hist_d2h=0.000 sort_bin_layout=0.047 sort_bin_emit=0.185 sort_publish_host=0.179 sort_publish_wait=0.000 sort_mat=0.038 sort_pre=0.001 sort_log=0.004 sort_cont_prep=0.005 sort_cont_rtargs=0.033 sort_cont_other=0.001
[run] B2B pass 8: 282.2 ms for 30 views = 9.405 ms/frame
[SUBCHUNK] tiles_split=86 total_subchunks=1113 max_subchunks_per_tile=3 payload_pages=45770
[SORT] stage=ONELAUNCH P=2895629 P_kept=2895629 num_tiles=1024 max_tile_n=22979 onelaunch=0.22 layout=0.05 pub_host=0.17 total=0.45ms
[SUBCHUNK] tiles_split=64 total_subchunks=1090 max_subchunks_per_tile=3 payload_pages=33181
[SORT] stage=ONELAUNCH P=2090575 P_kept=2090575 num_tiles=1024 max_tile_n=19171 onelaunch=0.24 layout=0.06 pub_host=0.23 total=0.54ms
[SUBCHUNK] tiles_split=63 total_subchunks=1090 max_subchunks_per_tile=3 payload_pages=34324
[SORT] stage=ONELAUNCH P=2164042 P_kept=2164042 num_tiles=1024 max_tile_n=18956 onelaunch=0.17 layout=0.04 pub_host=0.16 total=0.37ms
[SUBCHUNK] tiles_split=66 total_subchunks=1093 max_subchunks_per_tile=3 payload_pages=35760
[SORT] stage=ONELAUNCH P=2255766 P_kept=2255766 num_tiles=1024 max_tile_n=18906 onelaunch=0.17 layout=0.04 pub_host=0.16 total=0.37ms
[SUBCHUNK] tiles_split=62 total_subchunks=1090 max_subchunks_per_tile=3 payload_pages=37612
[SORT] stage=ONELAUNCH P=2374790 P_kept=2374790 num_tiles=1024 max_tile_n=17834 onelaunch=0.16 layout=0.04 pub_host=0.16 total=0.36ms
[SUBCHUNK] tiles_split=68 total_subchunks=1096 max_subchunks_per_tile=3 payload_pages=39937
[SORT] stage=ONELAUNCH P=2523377 P_kept=2523377 num_tiles=1024 max_tile_n=20034 onelaunch=0.23 layout=0.06 pub_host=0.23 total=0.52ms
[SUBCHUNK] tiles_split=70 total_subchunks=1097 max_subchunks_per_tile=3 payload_pages=43036
[SORT] stage=ONELAUNCH P=2722282 P_kept=2722282 num_tiles=1024 max_tile_n=22369 onelaunch=0.16 layout=0.04 pub_host=0.15 total=0.36ms
[SUBCHUNK] tiles_split=75 total_subchunks=1104 max_subchunks_per_tile=3 payload_pages=45752
[SORT] stage=ONELAUNCH P=2895762 P_kept=2895762 num_tiles=1024 max_tile_n=21267 onelaunch=0.16 layout=0.04 pub_host=0.15 total=0.36ms
[SUBCHUNK] tiles_split=81 total_subchunks=1109 max_subchunks_per_tile=3 payload_pages=48611
[SORT] stage=ONELAUNCH P=3078956 P_kept=3078956 num_tiles=1024 max_tile_n=21032 onelaunch=0.17 layout=0.04 pub_host=0.15 total=0.37ms
[SUBCHUNK] tiles_split=85 total_subchunks=1114 max_subchunks_per_tile=3 payload_pages=49703
[SORT] stage=ONELAUNCH P=3149841 P_kept=3149841 num_tiles=1024 max_tile_n=19047 onelaunch=0.23 layout=0.06 pub_host=0.23 total=0.52ms
[SUBCHUNK] tiles_split=84 total_subchunks=1113 max_subchunks_per_tile=3 payload_pages=50216
[SORT] stage=ONELAUNCH P=3181780 P_kept=3181780 num_tiles=1024 max_tile_n=19358 onelaunch=0.22 layout=0.06 pub_host=0.23 total=0.51ms
[SUBCHUNK] tiles_split=81 total_subchunks=1109 max_subchunks_per_tile=3 payload_pages=50327
[SORT] stage=ONELAUNCH P=3188467 P_kept=3188467 num_tiles=1024 max_tile_n=19519 onelaunch=0.22 layout=0.06 pub_host=0.23 total=0.51ms
[SUBCHUNK] tiles_split=82 total_subchunks=1111 max_subchunks_per_tile=3 payload_pages=49049
[SORT] stage=ONELAUNCH P=3106694 P_kept=3106694 num_tiles=1024 max_tile_n=20025 onelaunch=0.17 layout=0.04 pub_host=0.15 total=0.37ms
[SUBCHUNK] tiles_split=81 total_subchunks=1108 max_subchunks_per_tile=3 payload_pages=47132
[SORT] stage=ONELAUNCH P=2984152 P_kept=2984152 num_tiles=1024 max_tile_n=20390 onelaunch=0.22 layout=0.06 pub_host=0.15 total=0.43ms
[SUBCHUNK] tiles_split=79 total_subchunks=1106 max_subchunks_per_tile=3 payload_pages=45617
[SORT] stage=ONELAUNCH P=2887843 P_kept=2887843 num_tiles=1024 max_tile_n=20927 onelaunch=0.22 layout=0.06 pub_host=0.23 total=0.51ms
[SUBCHUNK] tiles_split=75 total_subchunks=1101 max_subchunks_per_tile=3 payload_pages=44556
[SORT] stage=ONELAUNCH P=2818980 P_kept=2818980 num_tiles=1024 max_tile_n=21145 onelaunch=0.17 layout=0.04 pub_host=0.15 total=0.37ms
[SUBCHUNK] tiles_split=75 total_subchunks=1101 max_subchunks_per_tile=3 payload_pages=43664
[SORT] stage=ONELAUNCH P=2762186 P_kept=2762186 num_tiles=1024 max_tile_n=19314 onelaunch=0.17 layout=0.04 pub_host=0.16 total=0.37ms
[SUBCHUNK] tiles_split=80 total_subchunks=1106 max_subchunks_per_tile=3 payload_pages=42989
[SORT] stage=ONELAUNCH P=2719305 P_kept=2719305 num_tiles=1024 max_tile_n=19744 onelaunch=0.17 layout=0.04 pub_host=0.15 total=0.36ms
[SUBCHUNK] tiles_split=79 total_subchunks=1105 max_subchunks_per_tile=3 payload_pages=42964
[SORT] stage=ONELAUNCH P=2717542 P_kept=2717542 num_tiles=1024 max_tile_n=18173 onelaunch=0.17 layout=0.04 pub_host=0.15 total=0.36ms
[SUBCHUNK] tiles_split=82 total_subchunks=1110 max_subchunks_per_tile=3 payload_pages=43226
[SORT] stage=ONELAUNCH P=2733748 P_kept=2733748 num_tiles=1024 max_tile_n=18007 onelaunch=0.23 layout=0.06 pub_host=0.23 total=0.51ms
[SUBCHUNK] tiles_split=78 total_subchunks=1105 max_subchunks_per_tile=3 payload_pages=43149
[SORT] stage=ONELAUNCH P=2729054 P_kept=2729054 num_tiles=1024 max_tile_n=18629 onelaunch=0.22 layout=0.06 pub_host=0.22 total=0.50ms
[SUBCHUNK] tiles_split=85 total_subchunks=1112 max_subchunks_per_tile=3 payload_pages=42920
[SORT] stage=ONELAUNCH P=2713776 P_kept=2713776 num_tiles=1024 max_tile_n=18369 onelaunch=0.17 layout=0.04 pub_host=0.15 total=0.36ms
[SUBCHUNK] tiles_split=82 total_subchunks=1109 max_subchunks_per_tile=3 payload_pages=42444
[SORT] stage=ONELAUNCH P=2684908 P_kept=2684908 num_tiles=1024 max_tile_n=22330 onelaunch=0.17 layout=0.04 pub_host=0.15 total=0.36ms
[SUBCHUNK] tiles_split=84 total_subchunks=1111 max_subchunks_per_tile=3 payload_pages=41219
[SORT] stage=ONELAUNCH P=2605190 P_kept=2605190 num_tiles=1024 max_tile_n=18553 onelaunch=0.17 layout=0.04 pub_host=0.15 total=0.36ms
[SUBCHUNK] tiles_split=79 total_subchunks=1105 max_subchunks_per_tile=3 payload_pages=39602
[SORT] stage=ONELAUNCH P=2502433 P_kept=2502433 num_tiles=1024 max_tile_n=20113 onelaunch=0.17 layout=0.04 pub_host=0.15 total=0.36ms
[SUBCHUNK] tiles_split=74 total_subchunks=1101 max_subchunks_per_tile=3 payload_pages=36821
[SORT] stage=ONELAUNCH P=2324571 P_kept=2324571 num_tiles=1024 max_tile_n=18871 onelaunch=0.17 layout=0.04 pub_host=0.15 total=0.36ms
[SUBCHUNK] tiles_split=67 total_subchunks=1094 max_subchunks_per_tile=3 payload_pages=34703
[SORT] stage=ONELAUNCH P=2188463 P_kept=2188463 num_tiles=1024 max_tile_n=21416 onelaunch=0.22 layout=0.05 pub_host=0.15 total=0.43ms
[SUBCHUNK] tiles_split=65 total_subchunks=1092 max_subchunks_per_tile=3 payload_pages=33321
[SORT] stage=ONELAUNCH P=2100242 P_kept=2100242 num_tiles=1024 max_tile_n=21340 onelaunch=0.21 layout=0.06 pub_host=0.24 total=0.51ms
[SUBCHUNK] tiles_split=65 total_subchunks=1092 max_subchunks_per_tile=3 payload_pages=32586
[SORT] stage=ONELAUNCH P=2052961 P_kept=2052961 num_tiles=1024 max_tile_n=21713 onelaunch=0.16 layout=0.04 pub_host=0.16 total=0.36ms
[SUBCHUNK] tiles_split=60 total_subchunks=1087 max_subchunks_per_tile=3 payload_pages=32524
[SORT] stage=ONELAUNCH P=2050213 P_kept=2050213 num_tiles=1024 max_tile_n=20666 onelaunch=0.22 layout=0.06 pub_host=0.23 total=0.51ms
B2B_STAGES pass=9 views=30 gap_ms=0.00 period=9.409 render=9.409 py_resid=0.035 project=2.419 sort=0.504 blend=6.390 d2h=0.004 tail=0.003 xview=0.050 view_total=9.374 project_pfwc_rtargs=0.037 project_pfwc_enqueue=0.010 project_gather_wait=2.417 sort_bin_count=0.000 sort_bin_hist_d2h=0.000 sort_bin_layout=0.048 sort_bin_emit=0.191 sort_publish_host=0.179 sort_publish_wait=0.000 sort_mat=0.038 sort_pre=0.001 sort_log=0.004 sort_cont_prep=0.005 sort_cont_rtargs=0.033 sort_cont_other=0.001
[run] B2B pass 9: 282.3 ms for 30 views = 9.409 ms/frame
[SUBCHUNK] tiles_split=86 total_subchunks=1113 max_subchunks_per_tile=3 payload_pages=45770
[SORT] stage=ONELAUNCH P=2895629 P_kept=2895629 num_tiles=1024 max_tile_n=22979 onelaunch=0.20 layout=0.04 pub_host=0.16 total=0.41ms
[SUBCHUNK] tiles_split=64 total_subchunks=1090 max_subchunks_per_tile=3 payload_pages=33181
[SORT] stage=ONELAUNCH P=2090575 P_kept=2090575 num_tiles=1024 max_tile_n=19171 onelaunch=0.17 layout=0.04 pub_host=0.15 total=0.37ms
[SUBCHUNK] tiles_split=63 total_subchunks=1090 max_subchunks_per_tile=3 payload_pages=34324
[SORT] stage=ONELAUNCH P=2164042 P_kept=2164042 num_tiles=1024 max_tile_n=18956 onelaunch=0.17 layout=0.04 pub_host=0.16 total=0.37ms
[SUBCHUNK] tiles_split=66 total_subchunks=1093 max_subchunks_per_tile=3 payload_pages=35760
[SORT] stage=ONELAUNCH P=2255766 P_kept=2255766 num_tiles=1024 max_tile_n=18906 onelaunch=0.17 layout=0.04 pub_host=0.15 total=0.36ms
[SUBCHUNK] tiles_split=62 total_subchunks=1090 max_subchunks_per_tile=3 payload_pages=37612
[SORT] stage=ONELAUNCH P=2374790 P_kept=2374790 num_tiles=1024 max_tile_n=17834 onelaunch=0.17 layout=0.04 pub_host=0.16 total=0.37ms
[SUBCHUNK] tiles_split=68 total_subchunks=1096 max_subchunks_per_tile=3 payload_pages=39937
[SORT] stage=ONELAUNCH P=2523377 P_kept=2523377 num_tiles=1024 max_tile_n=20034 onelaunch=0.17 layout=0.04 pub_host=0.16 total=0.37ms
[SUBCHUNK] tiles_split=70 total_subchunks=1097 max_subchunks_per_tile=3 payload_pages=43036
[SORT] stage=ONELAUNCH P=2722282 P_kept=2722282 num_tiles=1024 max_tile_n=22369 onelaunch=0.17 layout=0.04 pub_host=0.15 total=0.37ms
[SUBCHUNK] tiles_split=75 total_subchunks=1104 max_subchunks_per_tile=3 payload_pages=45752
[SORT] stage=ONELAUNCH P=2895762 P_kept=2895762 num_tiles=1024 max_tile_n=21267 onelaunch=0.17 layout=0.04 pub_host=0.15 total=0.37ms
[SUBCHUNK] tiles_split=81 total_subchunks=1109 max_subchunks_per_tile=3 payload_pages=48611
[SORT] stage=ONELAUNCH P=3078956 P_kept=3078956 num_tiles=1024 max_tile_n=21032 onelaunch=0.17 layout=0.04 pub_host=0.15 total=0.37ms
[SUBCHUNK] tiles_split=85 total_subchunks=1114 max_subchunks_per_tile=3 payload_pages=49703
[SORT] stage=ONELAUNCH P=3149841 P_kept=3149841 num_tiles=1024 max_tile_n=19047 onelaunch=0.17 layout=0.04 pub_host=0.16 total=0.37ms
[SUBCHUNK] tiles_split=84 total_subchunks=1113 max_subchunks_per_tile=3 payload_pages=50216
[SORT] stage=ONELAUNCH P=3181780 P_kept=3181780 num_tiles=1024 max_tile_n=19358 onelaunch=0.18 layout=0.04 pub_host=0.16 total=0.38ms
[SUBCHUNK] tiles_split=81 total_subchunks=1109 max_subchunks_per_tile=3 payload_pages=50327
[SORT] stage=ONELAUNCH P=3188467 P_kept=3188467 num_tiles=1024 max_tile_n=19519 onelaunch=0.17 layout=0.04 pub_host=0.15 total=0.37ms
[SUBCHUNK] tiles_split=82 total_subchunks=1111 max_subchunks_per_tile=3 payload_pages=49049
[SORT] stage=ONELAUNCH P=3106694 P_kept=3106694 num_tiles=1024 max_tile_n=20025 onelaunch=0.18 layout=0.04 pub_host=0.15 total=0.37ms
[SUBCHUNK] tiles_split=81 total_subchunks=1108 max_subchunks_per_tile=3 payload_pages=47132
[SORT] stage=ONELAUNCH P=2984152 P_kept=2984152 num_tiles=1024 max_tile_n=20390 onelaunch=0.17 layout=0.04 pub_host=0.15 total=0.37ms
[SUBCHUNK] tiles_split=79 total_subchunks=1106 max_subchunks_per_tile=3 payload_pages=45617
[SORT] stage=ONELAUNCH P=2887843 P_kept=2887843 num_tiles=1024 max_tile_n=20927 onelaunch=0.17 layout=0.04 pub_host=0.15 total=0.37ms
[SUBCHUNK] tiles_split=75 total_subchunks=1101 max_subchunks_per_tile=3 payload_pages=44556
[SORT] stage=ONELAUNCH P=2818980 P_kept=2818980 num_tiles=1024 max_tile_n=21145 onelaunch=0.17 layout=0.04 pub_host=0.16 total=0.37ms
[SUBCHUNK] tiles_split=75 total_subchunks=1101 max_subchunks_per_tile=3 payload_pages=43664
[SORT] stage=ONELAUNCH P=2762186 P_kept=2762186 num_tiles=1024 max_tile_n=19314 onelaunch=0.17 layout=0.04 pub_host=0.16 total=0.37ms
[SUBCHUNK] tiles_split=80 total_subchunks=1106 max_subchunks_per_tile=3 payload_pages=42989
[SORT] stage=ONELAUNCH P=2719305 P_kept=2719305 num_tiles=1024 max_tile_n=19744 onelaunch=0.21 layout=0.04 pub_host=0.16 total=0.41ms
[SUBCHUNK] tiles_split=79 total_subchunks=1105 max_subchunks_per_tile=3 payload_pages=42964
[SORT] stage=ONELAUNCH P=2717542 P_kept=2717542 num_tiles=1024 max_tile_n=18173 onelaunch=0.24 layout=0.05 pub_host=0.17 total=0.47ms
[SUBCHUNK] tiles_split=82 total_subchunks=1110 max_subchunks_per_tile=3 payload_pages=43226
[SORT] stage=ONELAUNCH P=2733748 P_kept=2733748 num_tiles=1024 max_tile_n=18007 onelaunch=0.20 layout=0.04 pub_host=0.17 total=0.41ms
[SUBCHUNK] tiles_split=78 total_subchunks=1105 max_subchunks_per_tile=3 payload_pages=43149
[SORT] stage=ONELAUNCH P=2729054 P_kept=2729054 num_tiles=1024 max_tile_n=18629 onelaunch=0.18 layout=0.04 pub_host=0.16 total=0.38ms
[SUBCHUNK] tiles_split=85 total_subchunks=1112 max_subchunks_per_tile=3 payload_pages=42920
[SORT] stage=ONELAUNCH P=2713776 P_kept=2713776 num_tiles=1024 max_tile_n=18369 onelaunch=0.17 layout=0.04 pub_host=0.16 total=0.37ms
[SUBCHUNK] tiles_split=82 total_subchunks=1109 max_subchunks_per_tile=3 payload_pages=42444
[SORT] stage=ONELAUNCH P=2684908 P_kept=2684908 num_tiles=1024 max_tile_n=22330 onelaunch=0.18 layout=0.04 pub_host=0.16 total=0.37ms
[SUBCHUNK] tiles_split=84 total_subchunks=1111 max_subchunks_per_tile=3 payload_pages=41219
[SORT] stage=ONELAUNCH P=2605190 P_kept=2605190 num_tiles=1024 max_tile_n=18553 onelaunch=0.17 layout=0.04 pub_host=0.15 total=0.37ms
[SUBCHUNK] tiles_split=79 total_subchunks=1105 max_subchunks_per_tile=3 payload_pages=39602
[SORT] stage=ONELAUNCH P=2502433 P_kept=2502433 num_tiles=1024 max_tile_n=20113 onelaunch=0.17 layout=0.04 pub_host=0.16 total=0.37ms
[SUBCHUNK] tiles_split=74 total_subchunks=1101 max_subchunks_per_tile=3 payload_pages=36821
[SORT] stage=ONELAUNCH P=2324571 P_kept=2324571 num_tiles=1024 max_tile_n=18871 onelaunch=0.17 layout=0.04 pub_host=0.15 total=0.37ms
[SUBCHUNK] tiles_split=67 total_subchunks=1094 max_subchunks_per_tile=3 payload_pages=34703
[SORT] stage=ONELAUNCH P=2188463 P_kept=2188463 num_tiles=1024 max_tile_n=21416 onelaunch=0.17 layout=0.04 pub_host=0.16 total=0.37ms
[SUBCHUNK] tiles_split=65 total_subchunks=1092 max_subchunks_per_tile=3 payload_pages=33321
[SORT] stage=ONELAUNCH P=2100242 P_kept=2100242 num_tiles=1024 max_tile_n=21340 onelaunch=0.17 layout=0.04 pub_host=0.16 total=0.37ms
[SUBCHUNK] tiles_split=65 total_subchunks=1092 max_subchunks_per_tile=3 payload_pages=32586
[SORT] stage=ONELAUNCH P=2052961 P_kept=2052961 num_tiles=1024 max_tile_n=21713 onelaunch=0.17 layout=0.04 pub_host=0.15 total=0.37ms
[SUBCHUNK] tiles_split=60 total_subchunks=1087 max_subchunks_per_tile=3 payload_pages=32524
[SORT] stage=ONELAUNCH P=2050213 P_kept=2050213 num_tiles=1024 max_tile_n=20666 onelaunch=0.17 layout=0.04 pub_host=0.15 total=0.37ms
B2B_STAGES pass=10 views=30 gap_ms=0.00 period=9.409 render=9.409 py_resid=0.038 project=2.411 sort=0.453 blend=6.453 d2h=0.003 tail=0.003 xview=0.043 view_total=9.371 project_pfwc_rtargs=0.032 project_pfwc_enqueue=0.009 project_gather_wait=2.409 sort_bin_count=0.000 sort_bin_hist_d2h=0.000 sort_bin_layout=0.041 sort_bin_emit=0.178 sort_publish_host=0.156 sort_publish_wait=0.000 sort_mat=0.035 sort_pre=0.001 sort_log=0.004 sort_cont_prep=0.005 sort_cont_rtargs=0.030 sort_cont_other=0.001
[run] B2B pass 10: 282.3 ms for 30 views = 9.409 ms/frame
[SUBCHUNK] tiles_split=86 total_subchunks=1113 max_subchunks_per_tile=3 payload_pages=45770
[SORT] stage=ONELAUNCH P=2895629 P_kept=2895629 num_tiles=1024 max_tile_n=22979 onelaunch=0.22 layout=0.05 pub_host=0.17 total=0.43ms
[SUBCHUNK] tiles_split=64 total_subchunks=1090 max_subchunks_per_tile=3 payload_pages=33181
[SORT] stage=ONELAUNCH P=2090575 P_kept=2090575 num_tiles=1024 max_tile_n=19171 onelaunch=0.18 layout=0.04 pub_host=0.16 total=0.39ms
[SUBCHUNK] tiles_split=63 total_subchunks=1090 max_subchunks_per_tile=3 payload_pages=34324
[SORT] stage=ONELAUNCH P=2164042 P_kept=2164042 num_tiles=1024 max_tile_n=18956 onelaunch=0.18 layout=0.04 pub_host=0.16 total=0.38ms
[SUBCHUNK] tiles_split=66 total_subchunks=1093 max_subchunks_per_tile=3 payload_pages=35760
[SORT] stage=ONELAUNCH P=2255766 P_kept=2255766 num_tiles=1024 max_tile_n=18906 onelaunch=0.17 layout=0.04 pub_host=0.16 total=0.37ms
[SUBCHUNK] tiles_split=62 total_subchunks=1090 max_subchunks_per_tile=3 payload_pages=37612
[SORT] stage=ONELAUNCH P=2374790 P_kept=2374790 num_tiles=1024 max_tile_n=17834 onelaunch=0.17 layout=0.04 pub_host=0.16 total=0.37ms
[SUBCHUNK] tiles_split=68 total_subchunks=1096 max_subchunks_per_tile=3 payload_pages=39937
[SORT] stage=ONELAUNCH P=2523377 P_kept=2523377 num_tiles=1024 max_tile_n=20034 onelaunch=0.17 layout=0.04 pub_host=0.16 total=0.37ms
[SUBCHUNK] tiles_split=70 total_subchunks=1097 max_subchunks_per_tile=3 payload_pages=43036
[SORT] stage=ONELAUNCH P=2722282 P_kept=2722282 num_tiles=1024 max_tile_n=22369 onelaunch=0.17 layout=0.04 pub_host=0.15 total=0.37ms
[SUBCHUNK] tiles_split=75 total_subchunks=1104 max_subchunks_per_tile=3 payload_pages=45752
[SORT] stage=ONELAUNCH P=2895762 P_kept=2895762 num_tiles=1024 max_tile_n=21267 onelaunch=0.18 layout=0.04 pub_host=0.15 total=0.38ms
[SUBCHUNK] tiles_split=81 total_subchunks=1109 max_subchunks_per_tile=3 payload_pages=48611
[SORT] stage=ONELAUNCH P=3078956 P_kept=3078956 num_tiles=1024 max_tile_n=21032 onelaunch=0.18 layout=0.04 pub_host=0.15 total=0.37ms
[SUBCHUNK] tiles_split=85 total_subchunks=1114 max_subchunks_per_tile=3 payload_pages=49703
[SORT] stage=ONELAUNCH P=3149841 P_kept=3149841 num_tiles=1024 max_tile_n=19047 onelaunch=0.17 layout=0.04 pub_host=0.15 total=0.37ms
[SUBCHUNK] tiles_split=84 total_subchunks=1113 max_subchunks_per_tile=3 payload_pages=50216
[SORT] stage=ONELAUNCH P=3181780 P_kept=3181780 num_tiles=1024 max_tile_n=19358 onelaunch=0.17 layout=0.04 pub_host=0.15 total=0.37ms
[SUBCHUNK] tiles_split=81 total_subchunks=1109 max_subchunks_per_tile=3 payload_pages=50327
[SORT] stage=ONELAUNCH P=3188467 P_kept=3188467 num_tiles=1024 max_tile_n=19519 onelaunch=0.17 layout=0.04 pub_host=0.15 total=0.37ms
[SUBCHUNK] tiles_split=82 total_subchunks=1111 max_subchunks_per_tile=3 payload_pages=49049
[SORT] stage=ONELAUNCH P=3106694 P_kept=3106694 num_tiles=1024 max_tile_n=20025 onelaunch=0.18 layout=0.04 pub_host=0.15 total=0.37ms
[SUBCHUNK] tiles_split=81 total_subchunks=1108 max_subchunks_per_tile=3 payload_pages=47132
[SORT] stage=ONELAUNCH P=2984152 P_kept=2984152 num_tiles=1024 max_tile_n=20390 onelaunch=0.17 layout=0.04 pub_host=0.16 total=0.37ms
[SUBCHUNK] tiles_split=79 total_subchunks=1106 max_subchunks_per_tile=3 payload_pages=45617
[SORT] stage=ONELAUNCH P=2887843 P_kept=2887843 num_tiles=1024 max_tile_n=20927 onelaunch=0.17 layout=0.04 pub_host=0.16 total=0.37ms
[SUBCHUNK] tiles_split=75 total_subchunks=1101 max_subchunks_per_tile=3 payload_pages=44556
[SORT] stage=ONELAUNCH P=2818980 P_kept=2818980 num_tiles=1024 max_tile_n=21145 onelaunch=0.17 layout=0.04 pub_host=0.16 total=0.37ms
[SUBCHUNK] tiles_split=75 total_subchunks=1101 max_subchunks_per_tile=3 payload_pages=43664
[SORT] stage=ONELAUNCH P=2762186 P_kept=2762186 num_tiles=1024 max_tile_n=19314 onelaunch=0.17 layout=0.04 pub_host=0.16 total=0.37ms
[SUBCHUNK] tiles_split=80 total_subchunks=1106 max_subchunks_per_tile=3 payload_pages=42989
[SORT] stage=ONELAUNCH P=2719305 P_kept=2719305 num_tiles=1024 max_tile_n=19744 onelaunch=0.17 layout=0.04 pub_host=0.16 total=0.37ms
[SUBCHUNK] tiles_split=79 total_subchunks=1105 max_subchunks_per_tile=3 payload_pages=42964
[SORT] stage=ONELAUNCH P=2717542 P_kept=2717542 num_tiles=1024 max_tile_n=18173 onelaunch=0.17 layout=0.04 pub_host=0.16 total=0.37ms
[SUBCHUNK] tiles_split=82 total_subchunks=1110 max_subchunks_per_tile=3 payload_pages=43226
[SORT] stage=ONELAUNCH P=2733748 P_kept=2733748 num_tiles=1024 max_tile_n=18007 onelaunch=0.17 layout=0.04 pub_host=0.15 total=0.37ms
[SUBCHUNK] tiles_split=78 total_subchunks=1105 max_subchunks_per_tile=3 payload_pages=43149
[SORT] stage=ONELAUNCH P=2729054 P_kept=2729054 num_tiles=1024 max_tile_n=18629 onelaunch=0.17 layout=0.04 pub_host=0.15 total=0.36ms
[SUBCHUNK] tiles_split=85 total_subchunks=1112 max_subchunks_per_tile=3 payload_pages=42920
[SORT] stage=ONELAUNCH P=2713776 P_kept=2713776 num_tiles=1024 max_tile_n=18369 onelaunch=0.17 layout=0.04 pub_host=0.15 total=0.37ms
[SUBCHUNK] tiles_split=82 total_subchunks=1109 max_subchunks_per_tile=3 payload_pages=42444
[SORT] stage=ONELAUNCH P=2684908 P_kept=2684908 num_tiles=1024 max_tile_n=22330 onelaunch=0.17 layout=0.04 pub_host=0.15 total=0.37ms
[SUBCHUNK] tiles_split=84 total_subchunks=1111 max_subchunks_per_tile=3 payload_pages=41219
[SORT] stage=ONELAUNCH P=2605190 P_kept=2605190 num_tiles=1024 max_tile_n=18553 onelaunch=0.17 layout=0.04 pub_host=0.15 total=0.36ms
[SUBCHUNK] tiles_split=79 total_subchunks=1105 max_subchunks_per_tile=3 payload_pages=39602
[SORT] stage=ONELAUNCH P=2502433 P_kept=2502433 num_tiles=1024 max_tile_n=20113 onelaunch=0.17 layout=0.04 pub_host=0.16 total=0.37ms
[SUBCHUNK] tiles_split=74 total_subchunks=1101 max_subchunks_per_tile=3 payload_pages=36821
[SORT] stage=ONELAUNCH P=2324571 P_kept=2324571 num_tiles=1024 max_tile_n=18871 onelaunch=0.17 layout=0.04 pub_host=0.15 total=0.36ms
[SUBCHUNK] tiles_split=67 total_subchunks=1094 max_subchunks_per_tile=3 payload_pages=34703
[SORT] stage=ONELAUNCH P=2188463 P_kept=2188463 num_tiles=1024 max_tile_n=21416 onelaunch=0.17 layout=0.04 pub_host=0.16 total=0.37ms
[SUBCHUNK] tiles_split=65 total_subchunks=1092 max_subchunks_per_tile=3 payload_pages=33321
[SORT] stage=ONELAUNCH P=2100242 P_kept=2100242 num_tiles=1024 max_tile_n=21340 onelaunch=0.17 layout=0.04 pub_host=0.15 total=0.37ms
[SUBCHUNK] tiles_split=65 total_subchunks=1092 max_subchunks_per_tile=3 payload_pages=32586
[SORT] stage=ONELAUNCH P=2052961 P_kept=2052961 num_tiles=1024 max_tile_n=21713 onelaunch=0.17 layout=0.04 pub_host=0.15 total=0.36ms
[SUBCHUNK] tiles_split=60 total_subchunks=1087 max_subchunks_per_tile=3 payload_pages=32524
[SORT] stage=ONELAUNCH P=2050213 P_kept=2050213 num_tiles=1024 max_tile_n=20666 onelaunch=0.17 layout=0.04 pub_host=0.15 total=0.37ms
B2B_STAGES pass=11 views=30 gap_ms=0.00 period=9.402 render=9.402 py_resid=0.032 project=2.415 sort=0.447 blend=6.454 d2h=0.003 tail=0.003 xview=0.043 view_total=9.370 project_pfwc_rtargs=0.033 project_pfwc_enqueue=0.009 project_gather_wait=2.414 sort_bin_count=0.000 sort_bin_hist_d2h=0.000 sort_bin_layout=0.041 sort_bin_emit=0.173 sort_publish_host=0.156 sort_publish_wait=0.000 sort_mat=0.036 sort_pre=0.001 sort_log=0.004 sort_cont_prep=0.005 sort_cont_rtargs=0.030 sort_cont_other=0.001
[run] B2B pass 11: 282.1 ms for 30 views = 9.402 ms/frame
[SUBCHUNK] tiles_split=86 total_subchunks=1113 max_subchunks_per_tile=3 payload_pages=45770
[SORT] stage=ONELAUNCH P=2895629 P_kept=2895629 num_tiles=1024 max_tile_n=22979 onelaunch=0.17 layout=0.04 pub_host=0.15 total=0.37ms
[SUBCHUNK] tiles_split=64 total_subchunks=1090 max_subchunks_per_tile=3 payload_pages=33181
[SORT] stage=ONELAUNCH P=2090575 P_kept=2090575 num_tiles=1024 max_tile_n=19171 onelaunch=0.17 layout=0.04 pub_host=0.15 total=0.37ms
[SUBCHUNK] tiles_split=63 total_subchunks=1090 max_subchunks_per_tile=3 payload_pages=34324
[SORT] stage=ONELAUNCH P=2164042 P_kept=2164042 num_tiles=1024 max_tile_n=18956 onelaunch=0.17 layout=0.04 pub_host=0.16 total=0.37ms
[SUBCHUNK] tiles_split=66 total_subchunks=1093 max_subchunks_per_tile=3 payload_pages=35760
[SORT] stage=ONELAUNCH P=2255766 P_kept=2255766 num_tiles=1024 max_tile_n=18906 onelaunch=0.17 layout=0.04 pub_host=0.15 total=0.37ms
[SUBCHUNK] tiles_split=62 total_subchunks=1090 max_subchunks_per_tile=3 payload_pages=37612
[SORT] stage=ONELAUNCH P=2374790 P_kept=2374790 num_tiles=1024 max_tile_n=17834 onelaunch=0.17 layout=0.04 pub_host=0.16 total=0.37ms
[SUBCHUNK] tiles_split=68 total_subchunks=1096 max_subchunks_per_tile=3 payload_pages=39937
[SORT] stage=ONELAUNCH P=2523377 P_kept=2523377 num_tiles=1024 max_tile_n=20034 onelaunch=0.17 layout=0.04 pub_host=0.16 total=0.37ms
[SUBCHUNK] tiles_split=70 total_subchunks=1097 max_subchunks_per_tile=3 payload_pages=43036
[SORT] stage=ONELAUNCH P=2722282 P_kept=2722282 num_tiles=1024 max_tile_n=22369 onelaunch=0.17 layout=0.05 pub_host=0.15 total=0.37ms
[SUBCHUNK] tiles_split=75 total_subchunks=1104 max_subchunks_per_tile=3 payload_pages=45752
[SORT] stage=ONELAUNCH P=2895762 P_kept=2895762 num_tiles=1024 max_tile_n=21267 onelaunch=0.18 layout=0.04 pub_host=0.15 total=0.37ms
[SUBCHUNK] tiles_split=81 total_subchunks=1109 max_subchunks_per_tile=3 payload_pages=48611
[SORT] stage=ONELAUNCH P=3078956 P_kept=3078956 num_tiles=1024 max_tile_n=21032 onelaunch=0.18 layout=0.04 pub_host=0.15 total=0.38ms
[SUBCHUNK] tiles_split=85 total_subchunks=1114 max_subchunks_per_tile=3 payload_pages=49703
[SORT] stage=ONELAUNCH P=3149841 P_kept=3149841 num_tiles=1024 max_tile_n=19047 onelaunch=0.17 layout=0.04 pub_host=0.16 total=0.37ms
[SUBCHUNK] tiles_split=84 total_subchunks=1113 max_subchunks_per_tile=3 payload_pages=50216
[SORT] stage=ONELAUNCH P=3181780 P_kept=3181780 num_tiles=1024 max_tile_n=19358 onelaunch=0.17 layout=0.04 pub_host=0.15 total=0.37ms
[SUBCHUNK] tiles_split=81 total_subchunks=1109 max_subchunks_per_tile=3 payload_pages=50327
[SORT] stage=ONELAUNCH P=3188467 P_kept=3188467 num_tiles=1024 max_tile_n=19519 onelaunch=0.17 layout=0.04 pub_host=0.15 total=0.37ms
[SUBCHUNK] tiles_split=82 total_subchunks=1111 max_subchunks_per_tile=3 payload_pages=49049
[SORT] stage=ONELAUNCH P=3106694 P_kept=3106694 num_tiles=1024 max_tile_n=20025 onelaunch=0.17 layout=0.04 pub_host=0.16 total=0.37ms
[SUBCHUNK] tiles_split=81 total_subchunks=1108 max_subchunks_per_tile=3 payload_pages=47132
[SORT] stage=ONELAUNCH P=2984152 P_kept=2984152 num_tiles=1024 max_tile_n=20390 onelaunch=0.17 layout=0.04 pub_host=0.15 total=0.37ms
[SUBCHUNK] tiles_split=79 total_subchunks=1106 max_subchunks_per_tile=3 payload_pages=45617
[SORT] stage=ONELAUNCH P=2887843 P_kept=2887843 num_tiles=1024 max_tile_n=20927 onelaunch=0.17 layout=0.04 pub_host=0.15 total=0.37ms
[SUBCHUNK] tiles_split=75 total_subchunks=1101 max_subchunks_per_tile=3 payload_pages=44556
[SORT] stage=ONELAUNCH P=2818980 P_kept=2818980 num_tiles=1024 max_tile_n=21145 onelaunch=0.17 layout=0.04 pub_host=0.16 total=0.37ms
[SUBCHUNK] tiles_split=75 total_subchunks=1101 max_subchunks_per_tile=3 payload_pages=43664
[SORT] stage=ONELAUNCH P=2762186 P_kept=2762186 num_tiles=1024 max_tile_n=19314 onelaunch=0.17 layout=0.04 pub_host=0.16 total=0.37ms
[SUBCHUNK] tiles_split=80 total_subchunks=1106 max_subchunks_per_tile=3 payload_pages=42989
[SORT] stage=ONELAUNCH P=2719305 P_kept=2719305 num_tiles=1024 max_tile_n=19744 onelaunch=0.17 layout=0.04 pub_host=0.16 total=0.37ms
[SUBCHUNK] tiles_split=79 total_subchunks=1105 max_subchunks_per_tile=3 payload_pages=42964
[SORT] stage=ONELAUNCH P=2717542 P_kept=2717542 num_tiles=1024 max_tile_n=18173 onelaunch=0.17 layout=0.04 pub_host=0.16 total=0.37ms
[SUBCHUNK] tiles_split=82 total_subchunks=1110 max_subchunks_per_tile=3 payload_pages=43226
[SORT] stage=ONELAUNCH P=2733748 P_kept=2733748 num_tiles=1024 max_tile_n=18007 onelaunch=0.17 layout=0.04 pub_host=0.15 total=0.37ms
[SUBCHUNK] tiles_split=78 total_subchunks=1105 max_subchunks_per_tile=3 payload_pages=43149
[SORT] stage=ONELAUNCH P=2729054 P_kept=2729054 num_tiles=1024 max_tile_n=18629 onelaunch=0.17 layout=0.04 pub_host=0.15 total=0.37ms
[SUBCHUNK] tiles_split=85 total_subchunks=1112 max_subchunks_per_tile=3 payload_pages=42920
[SORT] stage=ONELAUNCH P=2713776 P_kept=2713776 num_tiles=1024 max_tile_n=18369 onelaunch=0.17 layout=0.04 pub_host=0.15 total=0.37ms
[SUBCHUNK] tiles_split=82 total_subchunks=1109 max_subchunks_per_tile=3 payload_pages=42444
[SORT] stage=ONELAUNCH P=2684908 P_kept=2684908 num_tiles=1024 max_tile_n=22330 onelaunch=0.17 layout=0.04 pub_host=0.15 total=0.37ms
[SUBCHUNK] tiles_split=84 total_subchunks=1111 max_subchunks_per_tile=3 payload_pages=41219
[SORT] stage=ONELAUNCH P=2605190 P_kept=2605190 num_tiles=1024 max_tile_n=18553 onelaunch=0.17 layout=0.04 pub_host=0.15 total=0.36ms
[SUBCHUNK] tiles_split=79 total_subchunks=1105 max_subchunks_per_tile=3 payload_pages=39602
[SORT] stage=ONELAUNCH P=2502433 P_kept=2502433 num_tiles=1024 max_tile_n=20113 onelaunch=0.17 layout=0.04 pub_host=0.16 total=0.37ms
[SUBCHUNK] tiles_split=74 total_subchunks=1101 max_subchunks_per_tile=3 payload_pages=36821
[SORT] stage=ONELAUNCH P=2324571 P_kept=2324571 num_tiles=1024 max_tile_n=18871 onelaunch=0.17 layout=0.04 pub_host=0.15 total=0.36ms
[SUBCHUNK] tiles_split=67 total_subchunks=1094 max_subchunks_per_tile=3 payload_pages=34703
[SORT] stage=ONELAUNCH P=2188463 P_kept=2188463 num_tiles=1024 max_tile_n=21416 onelaunch=0.17 layout=0.04 pub_host=0.16 total=0.37ms
[SUBCHUNK] tiles_split=65 total_subchunks=1092 max_subchunks_per_tile=3 payload_pages=33321
[SORT] stage=ONELAUNCH P=2100242 P_kept=2100242 num_tiles=1024 max_tile_n=21340 onelaunch=0.17 layout=0.05 pub_host=0.15 total=0.37ms
[SUBCHUNK] tiles_split=65 total_subchunks=1092 max_subchunks_per_tile=3 payload_pages=32586
[SORT] stage=ONELAUNCH P=2052961 P_kept=2052961 num_tiles=1024 max_tile_n=21713 onelaunch=0.17 layout=0.04 pub_host=0.15 total=0.37ms
[SUBCHUNK] tiles_split=60 total_subchunks=1087 max_subchunks_per_tile=3 payload_pages=32524
[SORT] stage=ONELAUNCH P=2050213 P_kept=2050213 num_tiles=1024 max_tile_n=20666 onelaunch=0.17 layout=0.04 pub_host=0.15 total=0.37ms
B2B_STAGES pass=12 views=30 gap_ms=0.00 period=9.395 render=9.395 py_resid=0.030 project=2.414 sort=0.443 blend=6.454 d2h=0.003 tail=0.003 xview=0.042 view_total=9.364 project_pfwc_rtargs=0.032 project_pfwc_enqueue=0.008 project_gather_wait=2.413 sort_bin_count=0.000 sort_bin_hist_d2h=0.000 sort_bin_layout=0.041 sort_bin_emit=0.171 sort_publish_host=0.155 sort_publish_wait=0.000 sort_mat=0.036 sort_pre=0.001 sort_log=0.004 sort_cont_prep=0.005 sort_cont_rtargs=0.029 sort_cont_other=0.001
[run] B2B pass 12: 281.8 ms for 30 views = 9.395 ms/frame
[SUBCHUNK] tiles_split=86 total_subchunks=1113 max_subchunks_per_tile=3 payload_pages=45770
[SORT] stage=ONELAUNCH P=2895629 P_kept=2895629 num_tiles=1024 max_tile_n=22979 onelaunch=0.17 layout=0.05 pub_host=0.17 total=0.40ms
[SUBCHUNK] tiles_split=64 total_subchunks=1090 max_subchunks_per_tile=3 payload_pages=33181
[SORT] stage=ONELAUNCH P=2090575 P_kept=2090575 num_tiles=1024 max_tile_n=19171 onelaunch=0.17 layout=0.04 pub_host=0.16 total=0.37ms
[SUBCHUNK] tiles_split=63 total_subchunks=1090 max_subchunks_per_tile=3 payload_pages=34324
[SORT] stage=ONELAUNCH P=2164042 P_kept=2164042 num_tiles=1024 max_tile_n=18956 onelaunch=0.17 layout=0.04 pub_host=0.16 total=0.37ms
[SUBCHUNK] tiles_split=66 total_subchunks=1093 max_subchunks_per_tile=3 payload_pages=35760
[SORT] stage=ONELAUNCH P=2255766 P_kept=2255766 num_tiles=1024 max_tile_n=18906 onelaunch=0.17 layout=0.04 pub_host=0.15 total=0.37ms
[SUBCHUNK] tiles_split=62 total_subchunks=1090 max_subchunks_per_tile=3 payload_pages=37612
[SORT] stage=ONELAUNCH P=2374790 P_kept=2374790 num_tiles=1024 max_tile_n=17834 onelaunch=0.17 layout=0.04 pub_host=0.16 total=0.37ms
[SUBCHUNK] tiles_split=68 total_subchunks=1096 max_subchunks_per_tile=3 payload_pages=39937
[SORT] stage=ONELAUNCH P=2523377 P_kept=2523377 num_tiles=1024 max_tile_n=20034 onelaunch=0.17 layout=0.04 pub_host=0.16 total=0.37ms
[SUBCHUNK] tiles_split=70 total_subchunks=1097 max_subchunks_per_tile=3 payload_pages=43036
[SORT] stage=ONELAUNCH P=2722282 P_kept=2722282 num_tiles=1024 max_tile_n=22369 onelaunch=0.17 layout=0.04 pub_host=0.15 total=0.37ms
[SUBCHUNK] tiles_split=75 total_subchunks=1104 max_subchunks_per_tile=3 payload_pages=45752
[SORT] stage=ONELAUNCH P=2895762 P_kept=2895762 num_tiles=1024 max_tile_n=21267 onelaunch=0.17 layout=0.04 pub_host=0.15 total=0.37ms
[SUBCHUNK] tiles_split=81 total_subchunks=1109 max_subchunks_per_tile=3 payload_pages=48611
[SORT] stage=ONELAUNCH P=3078956 P_kept=3078956 num_tiles=1024 max_tile_n=21032 onelaunch=0.18 layout=0.04 pub_host=0.15 total=0.37ms
[SUBCHUNK] tiles_split=85 total_subchunks=1114 max_subchunks_per_tile=3 payload_pages=49703
[SORT] stage=ONELAUNCH P=3149841 P_kept=3149841 num_tiles=1024 max_tile_n=19047 onelaunch=0.17 layout=0.04 pub_host=0.15 total=0.37ms
[SUBCHUNK] tiles_split=84 total_subchunks=1113 max_subchunks_per_tile=3 payload_pages=50216
[SORT] stage=ONELAUNCH P=3181780 P_kept=3181780 num_tiles=1024 max_tile_n=19358 onelaunch=0.17 layout=0.04 pub_host=0.15 total=0.37ms
[SUBCHUNK] tiles_split=81 total_subchunks=1109 max_subchunks_per_tile=3 payload_pages=50327
[SORT] stage=ONELAUNCH P=3188467 P_kept=3188467 num_tiles=1024 max_tile_n=19519 onelaunch=0.17 layout=0.04 pub_host=0.15 total=0.37ms
[SUBCHUNK] tiles_split=82 total_subchunks=1111 max_subchunks_per_tile=3 payload_pages=49049
[SORT] stage=ONELAUNCH P=3106694 P_kept=3106694 num_tiles=1024 max_tile_n=20025 onelaunch=0.17 layout=0.04 pub_host=0.15 total=0.37ms
[SUBCHUNK] tiles_split=81 total_subchunks=1108 max_subchunks_per_tile=3 payload_pages=47132
[SORT] stage=ONELAUNCH P=2984152 P_kept=2984152 num_tiles=1024 max_tile_n=20390 onelaunch=0.17 layout=0.04 pub_host=0.15 total=0.37ms
[SUBCHUNK] tiles_split=79 total_subchunks=1106 max_subchunks_per_tile=3 payload_pages=45617
[SORT] stage=ONELAUNCH P=2887843 P_kept=2887843 num_tiles=1024 max_tile_n=20927 onelaunch=0.17 layout=0.04 pub_host=0.15 total=0.37ms
[SUBCHUNK] tiles_split=75 total_subchunks=1101 max_subchunks_per_tile=3 payload_pages=44556
[SORT] stage=ONELAUNCH P=2818980 P_kept=2818980 num_tiles=1024 max_tile_n=21145 onelaunch=0.17 layout=0.04 pub_host=0.16 total=0.37ms
[SUBCHUNK] tiles_split=75 total_subchunks=1101 max_subchunks_per_tile=3 payload_pages=43664
[SORT] stage=ONELAUNCH P=2762186 P_kept=2762186 num_tiles=1024 max_tile_n=19314 onelaunch=0.17 layout=0.04 pub_host=0.16 total=0.37ms
[SUBCHUNK] tiles_split=80 total_subchunks=1106 max_subchunks_per_tile=3 payload_pages=42989
[SORT] stage=ONELAUNCH P=2719305 P_kept=2719305 num_tiles=1024 max_tile_n=19744 onelaunch=0.17 layout=0.04 pub_host=0.15 total=0.37ms
[SUBCHUNK] tiles_split=79 total_subchunks=1105 max_subchunks_per_tile=3 payload_pages=42964
[SORT] stage=ONELAUNCH P=2717542 P_kept=2717542 num_tiles=1024 max_tile_n=18173 onelaunch=0.17 layout=0.04 pub_host=0.16 total=0.37ms
[SUBCHUNK] tiles_split=82 total_subchunks=1110 max_subchunks_per_tile=3 payload_pages=43226
[SORT] stage=ONELAUNCH P=2733748 P_kept=2733748 num_tiles=1024 max_tile_n=18007 onelaunch=0.17 layout=0.04 pub_host=0.15 total=0.37ms
[SUBCHUNK] tiles_split=78 total_subchunks=1105 max_subchunks_per_tile=3 payload_pages=43149
[SORT] stage=ONELAUNCH P=2729054 P_kept=2729054 num_tiles=1024 max_tile_n=18629 onelaunch=0.17 layout=0.04 pub_host=0.15 total=0.36ms
[SUBCHUNK] tiles_split=85 total_subchunks=1112 max_subchunks_per_tile=3 payload_pages=42920
[SORT] stage=ONELAUNCH P=2713776 P_kept=2713776 num_tiles=1024 max_tile_n=18369 onelaunch=0.17 layout=0.04 pub_host=0.15 total=0.37ms
[SUBCHUNK] tiles_split=82 total_subchunks=1109 max_subchunks_per_tile=3 payload_pages=42444
[SORT] stage=ONELAUNCH P=2684908 P_kept=2684908 num_tiles=1024 max_tile_n=22330 onelaunch=0.17 layout=0.04 pub_host=0.15 total=0.37ms
[SUBCHUNK] tiles_split=84 total_subchunks=1111 max_subchunks_per_tile=3 payload_pages=41219
[SORT] stage=ONELAUNCH P=2605190 P_kept=2605190 num_tiles=1024 max_tile_n=18553 onelaunch=0.17 layout=0.04 pub_host=0.15 total=0.36ms
[SUBCHUNK] tiles_split=79 total_subchunks=1105 max_subchunks_per_tile=3 payload_pages=39602
[SORT] stage=ONELAUNCH P=2502433 P_kept=2502433 num_tiles=1024 max_tile_n=20113 onelaunch=0.17 layout=0.04 pub_host=0.16 total=0.37ms
[SUBCHUNK] tiles_split=74 total_subchunks=1101 max_subchunks_per_tile=3 payload_pages=36821
[SORT] stage=ONELAUNCH P=2324571 P_kept=2324571 num_tiles=1024 max_tile_n=18871 onelaunch=0.17 layout=0.04 pub_host=0.15 total=0.36ms
[SUBCHUNK] tiles_split=67 total_subchunks=1094 max_subchunks_per_tile=3 payload_pages=34703
[SORT] stage=ONELAUNCH P=2188463 P_kept=2188463 num_tiles=1024 max_tile_n=21416 onelaunch=0.17 layout=0.04 pub_host=0.16 total=0.37ms
[SUBCHUNK] tiles_split=65 total_subchunks=1092 max_subchunks_per_tile=3 payload_pages=33321
[SORT] stage=ONELAUNCH P=2100242 P_kept=2100242 num_tiles=1024 max_tile_n=21340 onelaunch=0.17 layout=0.04 pub_host=0.16 total=0.36ms
[SUBCHUNK] tiles_split=65 total_subchunks=1092 max_subchunks_per_tile=3 payload_pages=32586
[SORT] stage=ONELAUNCH P=2052961 P_kept=2052961 num_tiles=1024 max_tile_n=21713 onelaunch=0.17 layout=0.04 pub_host=0.15 total=0.36ms
[SUBCHUNK] tiles_split=60 total_subchunks=1087 max_subchunks_per_tile=3 payload_pages=32524
[SORT] stage=ONELAUNCH P=2050213 P_kept=2050213 num_tiles=1024 max_tile_n=20666 onelaunch=0.17 layout=0.04 pub_host=0.15 total=0.36ms
B2B_STAGES pass=13 views=30 gap_ms=0.00 period=9.409 render=9.409 py_resid=0.032 project=2.420 sort=0.443 blend=6.460 d2h=0.003 tail=0.003 xview=0.043 view_total=9.377 project_pfwc_rtargs=0.032 project_pfwc_enqueue=0.009 project_gather_wait=2.419 sort_bin_count=0.000 sort_bin_hist_d2h=0.000 sort_bin_layout=0.041 sort_bin_emit=0.170 sort_publish_host=0.155 sort_publish_wait=0.000 sort_mat=0.035 sort_pre=0.001 sort_log=0.004 sort_cont_prep=0.005 sort_cont_rtargs=0.029 sort_cont_other=0.001
[run] B2B pass 13: 282.3 ms for 30 views = 9.409 ms/frame
[SUBCHUNK] tiles_split=86 total_subchunks=1113 max_subchunks_per_tile=3 payload_pages=45770
[SORT] stage=ONELAUNCH P=2895629 P_kept=2895629 num_tiles=1024 max_tile_n=22979 onelaunch=0.21 layout=0.05 pub_host=0.17 total=0.44ms
[SUBCHUNK] tiles_split=64 total_subchunks=1090 max_subchunks_per_tile=3 payload_pages=33181
[SORT] stage=ONELAUNCH P=2090575 P_kept=2090575 num_tiles=1024 max_tile_n=19171 onelaunch=0.17 layout=0.04 pub_host=0.15 total=0.36ms
[SUBCHUNK] tiles_split=63 total_subchunks=1090 max_subchunks_per_tile=3 payload_pages=34324
[SORT] stage=ONELAUNCH P=2164042 P_kept=2164042 num_tiles=1024 max_tile_n=18956 onelaunch=0.17 layout=0.04 pub_host=0.16 total=0.37ms
[SUBCHUNK] tiles_split=66 total_subchunks=1093 max_subchunks_per_tile=3 payload_pages=35760
[SORT] stage=ONELAUNCH P=2255766 P_kept=2255766 num_tiles=1024 max_tile_n=18906 onelaunch=0.17 layout=0.04 pub_host=0.15 total=0.36ms
[SUBCHUNK] tiles_split=62 total_subchunks=1090 max_subchunks_per_tile=3 payload_pages=37612
[SORT] stage=ONELAUNCH P=2374790 P_kept=2374790 num_tiles=1024 max_tile_n=17834 onelaunch=0.17 layout=0.04 pub_host=0.15 total=0.37ms
[SUBCHUNK] tiles_split=68 total_subchunks=1096 max_subchunks_per_tile=3 payload_pages=39937
[SORT] stage=ONELAUNCH P=2523377 P_kept=2523377 num_tiles=1024 max_tile_n=20034 onelaunch=0.17 layout=0.04 pub_host=0.16 total=0.37ms
[SUBCHUNK] tiles_split=70 total_subchunks=1097 max_subchunks_per_tile=3 payload_pages=43036
[SORT] stage=ONELAUNCH P=2722282 P_kept=2722282 num_tiles=1024 max_tile_n=22369 onelaunch=0.17 layout=0.04 pub_host=0.15 total=0.37ms
[SUBCHUNK] tiles_split=75 total_subchunks=1104 max_subchunks_per_tile=3 payload_pages=45752
[SORT] stage=ONELAUNCH P=2895762 P_kept=2895762 num_tiles=1024 max_tile_n=21267 onelaunch=0.17 layout=0.04 pub_host=0.16 total=0.37ms
[SUBCHUNK] tiles_split=81 total_subchunks=1109 max_subchunks_per_tile=3 payload_pages=48611
[SORT] stage=ONELAUNCH P=3078956 P_kept=3078956 num_tiles=1024 max_tile_n=21032 onelaunch=0.18 layout=0.04 pub_host=0.15 total=0.37ms
[SUBCHUNK] tiles_split=85 total_subchunks=1114 max_subchunks_per_tile=3 payload_pages=49703
[SORT] stage=ONELAUNCH P=3149841 P_kept=3149841 num_tiles=1024 max_tile_n=19047 onelaunch=0.17 layout=0.04 pub_host=0.15 total=0.37ms
[SUBCHUNK] tiles_split=84 total_subchunks=1113 max_subchunks_per_tile=3 payload_pages=50216
[SORT] stage=ONELAUNCH P=3181780 P_kept=3181780 num_tiles=1024 max_tile_n=19358 onelaunch=0.17 layout=0.04 pub_host=0.20 total=0.41ms
[SUBCHUNK] tiles_split=81 total_subchunks=1109 max_subchunks_per_tile=3 payload_pages=50327
[SORT] stage=ONELAUNCH P=3188467 P_kept=3188467 num_tiles=1024 max_tile_n=19519 onelaunch=0.18 layout=0.04 pub_host=0.15 total=0.37ms
[SUBCHUNK] tiles_split=82 total_subchunks=1111 max_subchunks_per_tile=3 payload_pages=49049
[SORT] stage=ONELAUNCH P=3106694 P_kept=3106694 num_tiles=1024 max_tile_n=20025 onelaunch=0.17 layout=0.04 pub_host=0.16 total=0.38ms
[SUBCHUNK] tiles_split=81 total_subchunks=1108 max_subchunks_per_tile=3 payload_pages=47132
[SORT] stage=ONELAUNCH P=2984152 P_kept=2984152 num_tiles=1024 max_tile_n=20390 onelaunch=0.17 layout=0.04 pub_host=0.15 total=0.37ms
[SUBCHUNK] tiles_split=79 total_subchunks=1106 max_subchunks_per_tile=3 payload_pages=45617
[SORT] stage=ONELAUNCH P=2887843 P_kept=2887843 num_tiles=1024 max_tile_n=20927 onelaunch=0.17 layout=0.04 pub_host=0.16 total=0.37ms
[SUBCHUNK] tiles_split=75 total_subchunks=1101 max_subchunks_per_tile=3 payload_pages=44556
[SORT] stage=ONELAUNCH P=2818980 P_kept=2818980 num_tiles=1024 max_tile_n=21145 onelaunch=0.17 layout=0.04 pub_host=0.16 total=0.37ms
[SUBCHUNK] tiles_split=75 total_subchunks=1101 max_subchunks_per_tile=3 payload_pages=43664
[SORT] stage=ONELAUNCH P=2762186 P_kept=2762186 num_tiles=1024 max_tile_n=19314 onelaunch=0.17 layout=0.04 pub_host=0.16 total=0.37ms
[SUBCHUNK] tiles_split=80 total_subchunks=1106 max_subchunks_per_tile=3 payload_pages=42989
[SORT] stage=ONELAUNCH P=2719305 P_kept=2719305 num_tiles=1024 max_tile_n=19744 onelaunch=0.17 layout=0.04 pub_host=0.16 total=0.37ms
[SUBCHUNK] tiles_split=79 total_subchunks=1105 max_subchunks_per_tile=3 payload_pages=42964
[SORT] stage=ONELAUNCH P=2717542 P_kept=2717542 num_tiles=1024 max_tile_n=18173 onelaunch=0.17 layout=0.04 pub_host=0.16 total=0.37ms
[SUBCHUNK] tiles_split=82 total_subchunks=1110 max_subchunks_per_tile=3 payload_pages=43226
[SORT] stage=ONELAUNCH P=2733748 P_kept=2733748 num_tiles=1024 max_tile_n=18007 onelaunch=0.17 layout=0.04 pub_host=0.15 total=0.37ms
[SUBCHUNK] tiles_split=78 total_subchunks=1105 max_subchunks_per_tile=3 payload_pages=43149
[SORT] stage=ONELAUNCH P=2729054 P_kept=2729054 num_tiles=1024 max_tile_n=18629 onelaunch=0.17 layout=0.04 pub_host=0.15 total=0.36ms
[SUBCHUNK] tiles_split=85 total_subchunks=1112 max_subchunks_per_tile=3 payload_pages=42920
[SORT] stage=ONELAUNCH P=2713776 P_kept=2713776 num_tiles=1024 max_tile_n=18369 onelaunch=0.17 layout=0.04 pub_host=0.15 total=0.37ms
[SUBCHUNK] tiles_split=82 total_subchunks=1109 max_subchunks_per_tile=3 payload_pages=42444
[SORT] stage=ONELAUNCH P=2684908 P_kept=2684908 num_tiles=1024 max_tile_n=22330 onelaunch=0.17 layout=0.04 pub_host=0.15 total=0.37ms
[SUBCHUNK] tiles_split=84 total_subchunks=1111 max_subchunks_per_tile=3 payload_pages=41219
[SORT] stage=ONELAUNCH P=2605190 P_kept=2605190 num_tiles=1024 max_tile_n=18553 onelaunch=0.17 layout=0.04 pub_host=0.15 total=0.37ms
[SUBCHUNK] tiles_split=79 total_subchunks=1105 max_subchunks_per_tile=3 payload_pages=39602
[SORT] stage=ONELAUNCH P=2502433 P_kept=2502433 num_tiles=1024 max_tile_n=20113 onelaunch=0.17 layout=0.04 pub_host=0.16 total=0.37ms
[SUBCHUNK] tiles_split=74 total_subchunks=1101 max_subchunks_per_tile=3 payload_pages=36821
[SORT] stage=ONELAUNCH P=2324571 P_kept=2324571 num_tiles=1024 max_tile_n=18871 onelaunch=0.17 layout=0.04 pub_host=0.17 total=0.37ms
[SUBCHUNK] tiles_split=67 total_subchunks=1094 max_subchunks_per_tile=3 payload_pages=34703
[SORT] stage=ONELAUNCH P=2188463 P_kept=2188463 num_tiles=1024 max_tile_n=21416 onelaunch=0.17 layout=0.04 pub_host=0.16 total=0.37ms
[SUBCHUNK] tiles_split=65 total_subchunks=1092 max_subchunks_per_tile=3 payload_pages=33321
[SORT] stage=ONELAUNCH P=2100242 P_kept=2100242 num_tiles=1024 max_tile_n=21340 onelaunch=0.17 layout=0.04 pub_host=0.16 total=0.37ms
[SUBCHUNK] tiles_split=65 total_subchunks=1092 max_subchunks_per_tile=3 payload_pages=32586
[SORT] stage=ONELAUNCH P=2052961 P_kept=2052961 num_tiles=1024 max_tile_n=21713 onelaunch=0.17 layout=0.04 pub_host=0.15 total=0.37ms
[SUBCHUNK] tiles_split=60 total_subchunks=1087 max_subchunks_per_tile=3 payload_pages=32524
[SORT] stage=ONELAUNCH P=2050213 P_kept=2050213 num_tiles=1024 max_tile_n=20666 onelaunch=0.17 layout=0.04 pub_host=0.16 total=0.37ms
B2B_STAGES pass=14 views=30 gap_ms=0.00 period=9.407 render=9.407 py_resid=0.033 project=2.423 sort=0.447 blend=6.450 d2h=0.003 tail=0.003 xview=0.043 view_total=9.373 project_pfwc_rtargs=0.032 project_pfwc_enqueue=0.009 project_gather_wait=2.421 sort_bin_count=0.000 sort_bin_hist_d2h=0.000 sort_bin_layout=0.041 sort_bin_emit=0.172 sort_publish_host=0.157 sort_publish_wait=0.000 sort_mat=0.036 sort_pre=0.001 sort_log=0.004 sort_cont_prep=0.005 sort_cont_rtargs=0.029 sort_cont_other=0.001
[run] B2B pass 14: 282.2 ms for 30 views = 9.407 ms/frame
[SUBCHUNK] tiles_split=86 total_subchunks=1113 max_subchunks_per_tile=3 payload_pages=45770
[SORT] stage=ONELAUNCH P=2895629 P_kept=2895629 num_tiles=1024 max_tile_n=22979 onelaunch=0.19 layout=0.05 pub_host=0.18 total=0.42ms
[SUBCHUNK] tiles_split=64 total_subchunks=1090 max_subchunks_per_tile=3 payload_pages=33181
[SORT] stage=ONELAUNCH P=2090575 P_kept=2090575 num_tiles=1024 max_tile_n=19171 onelaunch=0.23 layout=0.06 pub_host=0.23 total=0.53ms
[SUBCHUNK] tiles_split=63 total_subchunks=1090 max_subchunks_per_tile=3 payload_pages=34324
[SORT] stage=ONELAUNCH P=2164042 P_kept=2164042 num_tiles=1024 max_tile_n=18956 onelaunch=0.23 layout=0.06 pub_host=0.23 total=0.52ms
[SUBCHUNK] tiles_split=66 total_subchunks=1093 max_subchunks_per_tile=3 payload_pages=35760
[SORT] stage=ONELAUNCH P=2255766 P_kept=2255766 num_tiles=1024 max_tile_n=18906 onelaunch=0.23 layout=0.06 pub_host=0.18 total=0.47ms
[SUBCHUNK] tiles_split=62 total_subchunks=1090 max_subchunks_per_tile=3 payload_pages=37612
[SORT] stage=ONELAUNCH P=2374790 P_kept=2374790 num_tiles=1024 max_tile_n=17834 onelaunch=0.17 layout=0.04 pub_host=0.16 total=0.37ms
[SUBCHUNK] tiles_split=68 total_subchunks=1096 max_subchunks_per_tile=3 payload_pages=39937
[SORT] stage=ONELAUNCH P=2523377 P_kept=2523377 num_tiles=1024 max_tile_n=20034 onelaunch=0.23 layout=0.06 pub_host=0.24 total=0.53ms
[SUBCHUNK] tiles_split=70 total_subchunks=1097 max_subchunks_per_tile=3 payload_pages=43036
[SORT] stage=ONELAUNCH P=2722282 P_kept=2722282 num_tiles=1024 max_tile_n=22369 onelaunch=0.23 layout=0.06 pub_host=0.23 total=0.52ms
[SUBCHUNK] tiles_split=75 total_subchunks=1104 max_subchunks_per_tile=3 payload_pages=45752
[SORT] stage=ONELAUNCH P=2895762 P_kept=2895762 num_tiles=1024 max_tile_n=21267 onelaunch=0.17 layout=0.04 pub_host=0.15 total=0.37ms
[SUBCHUNK] tiles_split=81 total_subchunks=1109 max_subchunks_per_tile=3 payload_pages=48611
[SORT] stage=ONELAUNCH P=3078956 P_kept=3078956 num_tiles=1024 max_tile_n=21032 onelaunch=0.23 layout=0.06 pub_host=0.23 total=0.52ms
[SUBCHUNK] tiles_split=85 total_subchunks=1114 max_subchunks_per_tile=3 payload_pages=49703
[SORT] stage=ONELAUNCH P=3149841 P_kept=3149841 num_tiles=1024 max_tile_n=19047 onelaunch=0.23 layout=0.06 pub_host=0.23 total=0.53ms
[SUBCHUNK] tiles_split=84 total_subchunks=1113 max_subchunks_per_tile=3 payload_pages=50216
[SORT] stage=ONELAUNCH P=3181780 P_kept=3181780 num_tiles=1024 max_tile_n=19358 onelaunch=0.18 layout=0.04 pub_host=0.15 total=0.38ms
[SUBCHUNK] tiles_split=81 total_subchunks=1109 max_subchunks_per_tile=3 payload_pages=50327
[SORT] stage=ONELAUNCH P=3188467 P_kept=3188467 num_tiles=1024 max_tile_n=19519 onelaunch=0.23 layout=0.06 pub_host=0.23 total=0.52ms
[SUBCHUNK] tiles_split=82 total_subchunks=1111 max_subchunks_per_tile=3 payload_pages=49049
[SORT] stage=ONELAUNCH P=3106694 P_kept=3106694 num_tiles=1024 max_tile_n=20025 onelaunch=0.23 layout=0.05 pub_host=0.16 total=0.44ms
[SUBCHUNK] tiles_split=81 total_subchunks=1108 max_subchunks_per_tile=3 payload_pages=47132
[SORT] stage=ONELAUNCH P=2984152 P_kept=2984152 num_tiles=1024 max_tile_n=20390 onelaunch=0.17 layout=0.04 pub_host=0.15 total=0.36ms
[SUBCHUNK] tiles_split=79 total_subchunks=1106 max_subchunks_per_tile=3 payload_pages=45617
[SORT] stage=ONELAUNCH P=2887843 P_kept=2887843 num_tiles=1024 max_tile_n=20927 onelaunch=0.23 layout=0.05 pub_host=0.16 total=0.44ms
[SUBCHUNK] tiles_split=75 total_subchunks=1101 max_subchunks_per_tile=3 payload_pages=44556
[SORT] stage=ONELAUNCH P=2818980 P_kept=2818980 num_tiles=1024 max_tile_n=21145 onelaunch=0.17 layout=0.05 pub_host=0.23 total=0.45ms
[SUBCHUNK] tiles_split=75 total_subchunks=1101 max_subchunks_per_tile=3 payload_pages=43664
[SORT] stage=ONELAUNCH P=2762186 P_kept=2762186 num_tiles=1024 max_tile_n=19314 onelaunch=0.23 layout=0.06 pub_host=0.17 total=0.46ms
[SUBCHUNK] tiles_split=80 total_subchunks=1106 max_subchunks_per_tile=3 payload_pages=42989
[SORT] stage=ONELAUNCH P=2719305 P_kept=2719305 num_tiles=1024 max_tile_n=19744 onelaunch=0.17 layout=0.04 pub_host=0.15 total=0.36ms
[SUBCHUNK] tiles_split=79 total_subchunks=1105 max_subchunks_per_tile=3 payload_pages=42964
[SORT] stage=ONELAUNCH P=2717542 P_kept=2717542 num_tiles=1024 max_tile_n=18173 onelaunch=0.23 layout=0.06 pub_host=0.23 total=0.52ms
[SUBCHUNK] tiles_split=82 total_subchunks=1110 max_subchunks_per_tile=3 payload_pages=43226
[SORT] stage=ONELAUNCH P=2733748 P_kept=2733748 num_tiles=1024 max_tile_n=18007 onelaunch=0.23 layout=0.06 pub_host=0.20 total=0.49ms
[SUBCHUNK] tiles_split=78 total_subchunks=1105 max_subchunks_per_tile=3 payload_pages=43149
[SORT] stage=ONELAUNCH P=2729054 P_kept=2729054 num_tiles=1024 max_tile_n=18629 onelaunch=0.23 layout=0.06 pub_host=0.23 total=0.52ms
[SUBCHUNK] tiles_split=85 total_subchunks=1112 max_subchunks_per_tile=3 payload_pages=42920
[SORT] stage=ONELAUNCH P=2713776 P_kept=2713776 num_tiles=1024 max_tile_n=18369 onelaunch=0.23 layout=0.06 pub_host=0.23 total=0.52ms
[SUBCHUNK] tiles_split=82 total_subchunks=1109 max_subchunks_per_tile=3 payload_pages=42444
[SORT] stage=ONELAUNCH P=2684908 P_kept=2684908 num_tiles=1024 max_tile_n=22330 onelaunch=0.17 layout=0.04 pub_host=0.15 total=0.36ms
[SUBCHUNK] tiles_split=84 total_subchunks=1111 max_subchunks_per_tile=3 payload_pages=41219
[SORT] stage=ONELAUNCH P=2605190 P_kept=2605190 num_tiles=1024 max_tile_n=18553 onelaunch=0.17 layout=0.04 pub_host=0.15 total=0.36ms
[SUBCHUNK] tiles_split=79 total_subchunks=1105 max_subchunks_per_tile=3 payload_pages=39602
[SORT] stage=ONELAUNCH P=2502433 P_kept=2502433 num_tiles=1024 max_tile_n=20113 onelaunch=0.23 layout=0.06 pub_host=0.23 total=0.52ms
[SUBCHUNK] tiles_split=74 total_subchunks=1101 max_subchunks_per_tile=3 payload_pages=36821
[SORT] stage=ONELAUNCH P=2324571 P_kept=2324571 num_tiles=1024 max_tile_n=18871 onelaunch=0.20 layout=0.04 pub_host=0.15 total=0.39ms
[SUBCHUNK] tiles_split=67 total_subchunks=1094 max_subchunks_per_tile=3 payload_pages=34703
[SORT] stage=ONELAUNCH P=2188463 P_kept=2188463 num_tiles=1024 max_tile_n=21416 onelaunch=0.17 layout=0.04 pub_host=0.16 total=0.36ms
[SUBCHUNK] tiles_split=65 total_subchunks=1092 max_subchunks_per_tile=3 payload_pages=33321
[SORT] stage=ONELAUNCH P=2100242 P_kept=2100242 num_tiles=1024 max_tile_n=21340 onelaunch=0.17 layout=0.04 pub_host=0.16 total=0.37ms
[SUBCHUNK] tiles_split=65 total_subchunks=1092 max_subchunks_per_tile=3 payload_pages=32586
[SORT] stage=ONELAUNCH P=2052961 P_kept=2052961 num_tiles=1024 max_tile_n=21713 onelaunch=0.17 layout=0.04 pub_host=0.15 total=0.36ms
[SUBCHUNK] tiles_split=60 total_subchunks=1087 max_subchunks_per_tile=3 payload_pages=32524
[SORT] stage=ONELAUNCH P=2050213 P_kept=2050213 num_tiles=1024 max_tile_n=20666 onelaunch=0.17 layout=0.04 pub_host=0.15 total=0.36ms
B2B_STAGES pass=15 views=30 gap_ms=0.00 period=9.399 render=9.399 py_resid=0.036 project=2.422 sort=0.534 blend=6.344 d2h=0.004 tail=0.003 xview=0.050 view_total=9.362 project_pfwc_rtargs=0.038 project_pfwc_enqueue=0.010 project_gather_wait=2.421 sort_bin_count=0.000 sort_bin_hist_d2h=0.000 sort_bin_layout=0.051 sort_bin_emit=0.203 sort_publish_host=0.189 sort_publish_wait=0.000 sort_mat=0.041 sort_pre=0.001 sort_log=0.005 sort_cont_prep=0.006 sort_cont_rtargs=0.034 sort_cont_other=0.001
[run] B2B pass 15: 282.0 ms for 30 views = 9.399 ms/frame
[SUBCHUNK] tiles_split=86 total_subchunks=1113 max_subchunks_per_tile=3 payload_pages=45770
[SORT] stage=ONELAUNCH P=2895629 P_kept=2895629 num_tiles=1024 max_tile_n=22979 onelaunch=0.18 layout=0.05 pub_host=0.17 total=0.41ms
[SUBCHUNK] tiles_split=64 total_subchunks=1090 max_subchunks_per_tile=3 payload_pages=33181
[SORT] stage=ONELAUNCH P=2090575 P_kept=2090575 num_tiles=1024 max_tile_n=19171 onelaunch=0.17 layout=0.04 pub_host=0.16 total=0.37ms
[SUBCHUNK] tiles_split=63 total_subchunks=1090 max_subchunks_per_tile=3 payload_pages=34324
[SORT] stage=ONELAUNCH P=2164042 P_kept=2164042 num_tiles=1024 max_tile_n=18956 onelaunch=0.16 layout=0.04 pub_host=0.15 total=0.36ms
[SUBCHUNK] tiles_split=66 total_subchunks=1093 max_subchunks_per_tile=3 payload_pages=35760
[SORT] stage=ONELAUNCH P=2255766 P_kept=2255766 num_tiles=1024 max_tile_n=18906 onelaunch=0.17 layout=0.04 pub_host=0.15 total=0.36ms
[SUBCHUNK] tiles_split=62 total_subchunks=1090 max_subchunks_per_tile=3 payload_pages=37612
[SORT] stage=ONELAUNCH P=2374790 P_kept=2374790 num_tiles=1024 max_tile_n=17834 onelaunch=0.23 layout=0.06 pub_host=0.23 total=0.53ms
[SUBCHUNK] tiles_split=68 total_subchunks=1096 max_subchunks_per_tile=3 payload_pages=39937
[SORT] stage=ONELAUNCH P=2523377 P_kept=2523377 num_tiles=1024 max_tile_n=20034 onelaunch=0.23 layout=0.06 pub_host=0.23 total=0.53ms
[SUBCHUNK] tiles_split=70 total_subchunks=1097 max_subchunks_per_tile=3 payload_pages=43036
[SORT] stage=ONELAUNCH P=2722282 P_kept=2722282 num_tiles=1024 max_tile_n=22369 onelaunch=0.24 layout=0.06 pub_host=0.23 total=0.53ms
[SUBCHUNK] tiles_split=75 total_subchunks=1104 max_subchunks_per_tile=3 payload_pages=45752
[SORT] stage=ONELAUNCH P=2895762 P_kept=2895762 num_tiles=1024 max_tile_n=21267 onelaunch=0.23 layout=0.06 pub_host=0.23 total=0.52ms
[SUBCHUNK] tiles_split=81 total_subchunks=1109 max_subchunks_per_tile=3 payload_pages=48611
[SORT] stage=ONELAUNCH P=3078956 P_kept=3078956 num_tiles=1024 max_tile_n=21032 onelaunch=0.23 layout=0.06 pub_host=0.23 total=0.52ms
[SUBCHUNK] tiles_split=85 total_subchunks=1114 max_subchunks_per_tile=3 payload_pages=49703
[SORT] stage=ONELAUNCH P=3149841 P_kept=3149841 num_tiles=1024 max_tile_n=19047 onelaunch=0.23 layout=0.06 pub_host=0.23 total=0.53ms
[SUBCHUNK] tiles_split=84 total_subchunks=1113 max_subchunks_per_tile=3 payload_pages=50216
[SORT] stage=ONELAUNCH P=3181780 P_kept=3181780 num_tiles=1024 max_tile_n=19358 onelaunch=0.22 layout=0.06 pub_host=0.23 total=0.51ms
[SUBCHUNK] tiles_split=81 total_subchunks=1109 max_subchunks_per_tile=3 payload_pages=50327
[SORT] stage=ONELAUNCH P=3188467 P_kept=3188467 num_tiles=1024 max_tile_n=19519 onelaunch=0.21 layout=0.04 pub_host=0.19 total=0.45ms
[SUBCHUNK] tiles_split=82 total_subchunks=1111 max_subchunks_per_tile=3 payload_pages=49049
[SORT] stage=ONELAUNCH P=3106694 P_kept=3106694 num_tiles=1024 max_tile_n=20025 onelaunch=0.29 layout=0.09 pub_host=0.29 total=0.67ms
[SUBCHUNK] tiles_split=81 total_subchunks=1108 max_subchunks_per_tile=3 payload_pages=47132
[SORT] stage=ONELAUNCH P=2984152 P_kept=2984152 num_tiles=1024 max_tile_n=20390 onelaunch=0.29 layout=0.08 pub_host=0.21 total=0.58ms
[SUBCHUNK] tiles_split=79 total_subchunks=1106 max_subchunks_per_tile=3 payload_pages=45617
[SORT] stage=ONELAUNCH P=2887843 P_kept=2887843 num_tiles=1024 max_tile_n=20927 onelaunch=0.23 layout=0.05 pub_host=0.18 total=0.45ms
[SUBCHUNK] tiles_split=75 total_subchunks=1101 max_subchunks_per_tile=3 payload_pages=44556
[SORT] stage=ONELAUNCH P=2818980 P_kept=2818980 num_tiles=1024 max_tile_n=21145 onelaunch=0.28 layout=0.08 pub_host=0.30 total=0.66ms
[SUBCHUNK] tiles_split=75 total_subchunks=1101 max_subchunks_per_tile=3 payload_pages=43664
[SORT] stage=ONELAUNCH P=2762186 P_kept=2762186 num_tiles=1024 max_tile_n=19314 onelaunch=0.26 layout=0.05 pub_host=0.17 total=0.48ms
[SUBCHUNK] tiles_split=80 total_subchunks=1106 max_subchunks_per_tile=3 payload_pages=42989
[SORT] stage=ONELAUNCH P=2719305 P_kept=2719305 num_tiles=1024 max_tile_n=19744 onelaunch=0.27 layout=0.08 pub_host=0.27 total=0.61ms
[SUBCHUNK] tiles_split=79 total_subchunks=1105 max_subchunks_per_tile=3 payload_pages=42964
[SORT] stage=ONELAUNCH P=2717542 P_kept=2717542 num_tiles=1024 max_tile_n=18173 onelaunch=0.28 layout=0.08 pub_host=0.31 total=0.68ms
[SUBCHUNK] tiles_split=82 total_subchunks=1110 max_subchunks_per_tile=3 payload_pages=43226
[SORT] stage=ONELAUNCH P=2733748 P_kept=2733748 num_tiles=1024 max_tile_n=18007 onelaunch=0.21 layout=0.05 pub_host=0.18 total=0.44ms
[SUBCHUNK] tiles_split=78 total_subchunks=1105 max_subchunks_per_tile=3 payload_pages=43149
[SORT] stage=ONELAUNCH P=2729054 P_kept=2729054 num_tiles=1024 max_tile_n=18629 onelaunch=0.29 layout=0.08 pub_host=0.29 total=0.66ms
[SUBCHUNK] tiles_split=85 total_subchunks=1112 max_subchunks_per_tile=3 payload_pages=42920
[SORT] stage=ONELAUNCH P=2713776 P_kept=2713776 num_tiles=1024 max_tile_n=18369 onelaunch=0.21 layout=0.05 pub_host=0.19 total=0.46ms
[SUBCHUNK] tiles_split=82 total_subchunks=1109 max_subchunks_per_tile=3 payload_pages=42444
[SORT] stage=ONELAUNCH P=2684908 P_kept=2684908 num_tiles=1024 max_tile_n=22330 onelaunch=0.30 layout=0.07 pub_host=0.25 total=0.62ms
[SUBCHUNK] tiles_split=84 total_subchunks=1111 max_subchunks_per_tile=3 payload_pages=41219
[SORT] stage=ONELAUNCH P=2605190 P_kept=2605190 num_tiles=1024 max_tile_n=18553 onelaunch=0.29 layout=0.08 pub_host=0.29 total=0.67ms
[SUBCHUNK] tiles_split=79 total_subchunks=1105 max_subchunks_per_tile=3 payload_pages=39602
[SORT] stage=ONELAUNCH P=2502433 P_kept=2502433 num_tiles=1024 max_tile_n=20113 onelaunch=0.20 layout=0.05 pub_host=0.19 total=0.44ms
[SUBCHUNK] tiles_split=74 total_subchunks=1101 max_subchunks_per_tile=3 payload_pages=36821
[SORT] stage=ONELAUNCH P=2324571 P_kept=2324571 num_tiles=1024 max_tile_n=18871 onelaunch=0.29 layout=0.07 pub_host=0.27 total=0.64ms
[SUBCHUNK] tiles_split=67 total_subchunks=1094 max_subchunks_per_tile=3 payload_pages=34703
[SORT] stage=ONELAUNCH P=2188463 P_kept=2188463 num_tiles=1024 max_tile_n=21416 onelaunch=0.29 layout=0.08 pub_host=0.21 total=0.59ms
[SUBCHUNK] tiles_split=65 total_subchunks=1092 max_subchunks_per_tile=3 payload_pages=33321
[SORT] stage=ONELAUNCH P=2100242 P_kept=2100242 num_tiles=1024 max_tile_n=21340 onelaunch=0.29 layout=0.08 pub_host=0.29 total=0.67ms
[SUBCHUNK] tiles_split=65 total_subchunks=1092 max_subchunks_per_tile=3 payload_pages=32586
[SORT] stage=ONELAUNCH P=2052961 P_kept=2052961 num_tiles=1024 max_tile_n=21713 onelaunch=0.27 layout=0.08 pub_host=0.29 total=0.65ms
[SUBCHUNK] tiles_split=60 total_subchunks=1087 max_subchunks_per_tile=3 payload_pages=32524
[SORT] stage=ONELAUNCH P=2050213 P_kept=2050213 num_tiles=1024 max_tile_n=20666 onelaunch=0.21 layout=0.05 pub_host=0.18 total=0.44ms
B2B_STAGES pass=16 views=30 gap_ms=0.00 period=9.412 render=9.412 py_resid=0.042 project=2.411 sort=0.633 blend=6.251 d2h=0.004 tail=0.003 xview=0.059 view_total=9.369 project_pfwc_rtargs=0.044 project_pfwc_enqueue=0.012 project_gather_wait=2.410 sort_bin_count=0.000 sort_bin_hist_d2h=0.000 sort_bin_layout=0.062 sort_bin_emit=0.242 sort_publish_host=0.227 sort_publish_wait=0.000 sort_mat=0.045 sort_pre=0.001 sort_log=0.005 sort_cont_prep=0.006 sort_cont_rtargs=0.041 sort_cont_other=0.001
[run] B2B pass 16: 282.4 ms for 30 views = 9.412 ms/frame
[SUBCHUNK] tiles_split=86 total_subchunks=1113 max_subchunks_per_tile=3 payload_pages=45770
[SORT] stage=ONELAUNCH P=2895629 P_kept=2895629 num_tiles=1024 max_tile_n=22979 onelaunch=0.20 layout=0.05 pub_host=0.17 total=0.43ms
[SUBCHUNK] tiles_split=64 total_subchunks=1090 max_subchunks_per_tile=3 payload_pages=33181
[SORT] stage=ONELAUNCH P=2090575 P_kept=2090575 num_tiles=1024 max_tile_n=19171 onelaunch=0.24 layout=0.06 pub_host=0.23 total=0.53ms
[SUBCHUNK] tiles_split=63 total_subchunks=1090 max_subchunks_per_tile=3 payload_pages=34324
[SORT] stage=ONELAUNCH P=2164042 P_kept=2164042 num_tiles=1024 max_tile_n=18956 onelaunch=0.23 layout=0.06 pub_host=0.23 total=0.52ms
[SUBCHUNK] tiles_split=66 total_subchunks=1093 max_subchunks_per_tile=3 payload_pages=35760
[SORT] stage=ONELAUNCH P=2255766 P_kept=2255766 num_tiles=1024 max_tile_n=18906 onelaunch=0.17 layout=0.04 pub_host=0.16 total=0.36ms
[SUBCHUNK] tiles_split=62 total_subchunks=1090 max_subchunks_per_tile=3 payload_pages=37612
[SORT] stage=ONELAUNCH P=2374790 P_kept=2374790 num_tiles=1024 max_tile_n=17834 onelaunch=0.16 layout=0.04 pub_host=0.15 total=0.36ms
[SUBCHUNK] tiles_split=68 total_subchunks=1096 max_subchunks_per_tile=3 payload_pages=39937
[SORT] stage=ONELAUNCH P=2523377 P_kept=2523377 num_tiles=1024 max_tile_n=20034 onelaunch=0.19 layout=0.06 pub_host=0.24 total=0.49ms
[SUBCHUNK] tiles_split=70 total_subchunks=1097 max_subchunks_per_tile=3 payload_pages=43036
[SORT] stage=ONELAUNCH P=2722282 P_kept=2722282 num_tiles=1024 max_tile_n=22369 onelaunch=0.23 layout=0.06 pub_host=0.23 total=0.52ms
[SUBCHUNK] tiles_split=75 total_subchunks=1104 max_subchunks_per_tile=3 payload_pages=45752
[SORT] stage=ONELAUNCH P=2895762 P_kept=2895762 num_tiles=1024 max_tile_n=21267 onelaunch=0.21 layout=0.04 pub_host=0.16 total=0.40ms
[SUBCHUNK] tiles_split=81 total_subchunks=1109 max_subchunks_per_tile=3 payload_pages=48611
[SORT] stage=ONELAUNCH P=3078956 P_kept=3078956 num_tiles=1024 max_tile_n=21032 onelaunch=0.23 layout=0.06 pub_host=0.22 total=0.51ms
[SUBCHUNK] tiles_split=85 total_subchunks=1114 max_subchunks_per_tile=3 payload_pages=49703
[SORT] stage=ONELAUNCH P=3149841 P_kept=3149841 num_tiles=1024 max_tile_n=19047 onelaunch=0.21 layout=0.06 pub_host=0.23 total=0.50ms
[SUBCHUNK] tiles_split=84 total_subchunks=1113 max_subchunks_per_tile=3 payload_pages=50216
[SORT] stage=ONELAUNCH P=3181780 P_kept=3181780 num_tiles=1024 max_tile_n=19358 onelaunch=0.21 layout=0.05 pub_host=0.19 total=0.45ms
[SUBCHUNK] tiles_split=81 total_subchunks=1109 max_subchunks_per_tile=3 payload_pages=50327
[SORT] stage=ONELAUNCH P=3188467 P_kept=3188467 num_tiles=1024 max_tile_n=19519 onelaunch=0.23 layout=0.06 pub_host=0.23 total=0.52ms
[SUBCHUNK] tiles_split=82 total_subchunks=1111 max_subchunks_per_tile=3 payload_pages=49049
[SORT] stage=ONELAUNCH P=3106694 P_kept=3106694 num_tiles=1024 max_tile_n=20025 onelaunch=0.23 layout=0.05 pub_host=0.15 total=0.44ms
[SUBCHUNK] tiles_split=81 total_subchunks=1108 max_subchunks_per_tile=3 payload_pages=47132
[SORT] stage=ONELAUNCH P=2984152 P_kept=2984152 num_tiles=1024 max_tile_n=20390 onelaunch=0.17 layout=0.04 pub_host=0.15 total=0.36ms
[SUBCHUNK] tiles_split=79 total_subchunks=1106 max_subchunks_per_tile=3 payload_pages=45617
[SORT] stage=ONELAUNCH P=2887843 P_kept=2887843 num_tiles=1024 max_tile_n=20927 onelaunch=0.23 layout=0.06 pub_host=0.16 total=0.46ms
[SUBCHUNK] tiles_split=75 total_subchunks=1101 max_subchunks_per_tile=3 payload_pages=44556
[SORT] stage=ONELAUNCH P=2818980 P_kept=2818980 num_tiles=1024 max_tile_n=21145 onelaunch=0.17 layout=0.04 pub_host=0.16 total=0.37ms
[SUBCHUNK] tiles_split=75 total_subchunks=1101 max_subchunks_per_tile=3 payload_pages=43664
[SORT] stage=ONELAUNCH P=2762186 P_kept=2762186 num_tiles=1024 max_tile_n=19314 onelaunch=0.22 layout=0.06 pub_host=0.20 total=0.48ms
[SUBCHUNK] tiles_split=80 total_subchunks=1106 max_subchunks_per_tile=3 payload_pages=42989
[SORT] stage=ONELAUNCH P=2719305 P_kept=2719305 num_tiles=1024 max_tile_n=19744 onelaunch=0.17 layout=0.04 pub_host=0.15 total=0.36ms
[SUBCHUNK] tiles_split=79 total_subchunks=1105 max_subchunks_per_tile=3 payload_pages=42964
[SORT] stage=ONELAUNCH P=2717542 P_kept=2717542 num_tiles=1024 max_tile_n=18173 onelaunch=0.23 layout=0.06 pub_host=0.24 total=0.53ms
[SUBCHUNK] tiles_split=82 total_subchunks=1110 max_subchunks_per_tile=3 payload_pages=43226
[SORT] stage=ONELAUNCH P=2733748 P_kept=2733748 num_tiles=1024 max_tile_n=18007 onelaunch=0.23 layout=0.06 pub_host=0.23 total=0.51ms
[SUBCHUNK] tiles_split=78 total_subchunks=1105 max_subchunks_per_tile=3 payload_pages=43149
[SORT] stage=ONELAUNCH P=2729054 P_kept=2729054 num_tiles=1024 max_tile_n=18629 onelaunch=0.23 layout=0.06 pub_host=0.23 total=0.52ms
[SUBCHUNK] tiles_split=85 total_subchunks=1112 max_subchunks_per_tile=3 payload_pages=42920
[SORT] stage=ONELAUNCH P=2713776 P_kept=2713776 num_tiles=1024 max_tile_n=18369 onelaunch=0.24 layout=0.05 pub_host=0.15 total=0.45ms
[SUBCHUNK] tiles_split=82 total_subchunks=1109 max_subchunks_per_tile=3 payload_pages=42444
[SORT] stage=ONELAUNCH P=2684908 P_kept=2684908 num_tiles=1024 max_tile_n=22330 onelaunch=0.17 layout=0.04 pub_host=0.15 total=0.36ms
[SUBCHUNK] tiles_split=84 total_subchunks=1111 max_subchunks_per_tile=3 payload_pages=41219
[SORT] stage=ONELAUNCH P=2605190 P_kept=2605190 num_tiles=1024 max_tile_n=18553 onelaunch=0.23 layout=0.06 pub_host=0.17 total=0.46ms
[SUBCHUNK] tiles_split=79 total_subchunks=1105 max_subchunks_per_tile=3 payload_pages=39602
[SORT] stage=ONELAUNCH P=2502433 P_kept=2502433 num_tiles=1024 max_tile_n=20113 onelaunch=0.23 layout=0.06 pub_host=0.26 total=0.55ms
[SUBCHUNK] tiles_split=74 total_subchunks=1101 max_subchunks_per_tile=3 payload_pages=36821
[SORT] stage=ONELAUNCH P=2324571 P_kept=2324571 num_tiles=1024 max_tile_n=18871 onelaunch=0.23 layout=0.05 pub_host=0.15 total=0.43ms
[SUBCHUNK] tiles_split=67 total_subchunks=1094 max_subchunks_per_tile=3 payload_pages=34703
[SORT] stage=ONELAUNCH P=2188463 P_kept=2188463 num_tiles=1024 max_tile_n=21416 onelaunch=0.16 layout=0.04 pub_host=0.16 total=0.36ms
[SUBCHUNK] tiles_split=65 total_subchunks=1092 max_subchunks_per_tile=3 payload_pages=33321
[SORT] stage=ONELAUNCH P=2100242 P_kept=2100242 num_tiles=1024 max_tile_n=21340 onelaunch=0.17 layout=0.04 pub_host=0.16 total=0.37ms
[SUBCHUNK] tiles_split=65 total_subchunks=1092 max_subchunks_per_tile=3 payload_pages=32586
[SORT] stage=ONELAUNCH P=2052961 P_kept=2052961 num_tiles=1024 max_tile_n=21713 onelaunch=0.17 layout=0.04 pub_host=0.15 total=0.36ms
[SUBCHUNK] tiles_split=60 total_subchunks=1087 max_subchunks_per_tile=3 payload_pages=32524
[SORT] stage=ONELAUNCH P=2050213 P_kept=2050213 num_tiles=1024 max_tile_n=20666 onelaunch=0.16 layout=0.04 pub_host=0.15 total=0.36ms
B2B_STAGES pass=17 views=30 gap_ms=0.00 period=9.403 render=9.403 py_resid=0.036 project=2.427 sort=0.529 blend=6.349 d2h=0.004 tail=0.003 xview=0.050 view_total=9.367 project_pfwc_rtargs=0.037 project_pfwc_enqueue=0.010 project_gather_wait=2.425 sort_bin_count=0.000 sort_bin_hist_d2h=0.000 sort_bin_layout=0.051 sort_bin_emit=0.204 sort_publish_host=0.186 sort_publish_wait=0.000 sort_mat=0.039 sort_pre=0.001 sort_log=0.005 sort_cont_prep=0.006 sort_cont_rtargs=0.033 sort_cont_other=0.001
[run] B2B pass 17: 282.1 ms for 30 views = 9.403 ms/frame
[SUBCHUNK] tiles_split=86 total_subchunks=1113 max_subchunks_per_tile=3 payload_pages=45770
[SORT] stage=ONELAUNCH P=2895629 P_kept=2895629 num_tiles=1024 max_tile_n=22979 onelaunch=0.18 layout=0.05 pub_host=0.18 total=0.41ms
[SUBCHUNK] tiles_split=64 total_subchunks=1090 max_subchunks_per_tile=3 payload_pages=33181
[SORT] stage=ONELAUNCH P=2090575 P_kept=2090575 num_tiles=1024 max_tile_n=19171 onelaunch=0.17 layout=0.04 pub_host=0.16 total=0.37ms
[SUBCHUNK] tiles_split=63 total_subchunks=1090 max_subchunks_per_tile=3 payload_pages=34324
[SORT] stage=ONELAUNCH P=2164042 P_kept=2164042 num_tiles=1024 max_tile_n=18956 onelaunch=0.16 layout=0.04 pub_host=0.15 total=0.36ms
[SUBCHUNK] tiles_split=66 total_subchunks=1093 max_subchunks_per_tile=3 payload_pages=35760
[SORT] stage=ONELAUNCH P=2255766 P_kept=2255766 num_tiles=1024 max_tile_n=18906 onelaunch=0.22 layout=0.06 pub_host=0.23 total=0.51ms
[SUBCHUNK] tiles_split=62 total_subchunks=1090 max_subchunks_per_tile=3 payload_pages=37612
[SORT] stage=ONELAUNCH P=2374790 P_kept=2374790 num_tiles=1024 max_tile_n=17834 onelaunch=0.23 layout=0.06 pub_host=0.21 total=0.50ms
[SUBCHUNK] tiles_split=68 total_subchunks=1096 max_subchunks_per_tile=3 payload_pages=39937
[SORT] stage=ONELAUNCH P=2523377 P_kept=2523377 num_tiles=1024 max_tile_n=20034 onelaunch=0.23 layout=0.06 pub_host=0.24 total=0.53ms
[SUBCHUNK] tiles_split=70 total_subchunks=1097 max_subchunks_per_tile=3 payload_pages=43036
[SORT] stage=ONELAUNCH P=2722282 P_kept=2722282 num_tiles=1024 max_tile_n=22369 onelaunch=0.23 layout=0.06 pub_host=0.19 total=0.48ms
[SUBCHUNK] tiles_split=75 total_subchunks=1104 max_subchunks_per_tile=3 payload_pages=45752
[SORT] stage=ONELAUNCH P=2895762 P_kept=2895762 num_tiles=1024 max_tile_n=21267 onelaunch=0.35 layout=0.06 pub_host=0.24 total=0.65ms
[SUBCHUNK] tiles_split=81 total_subchunks=1109 max_subchunks_per_tile=3 payload_pages=48611
[SORT] stage=ONELAUNCH P=3078956 P_kept=3078956 num_tiles=1024 max_tile_n=21032 onelaunch=0.28 layout=0.07 pub_host=0.20 total=0.56ms
[SUBCHUNK] tiles_split=85 total_subchunks=1114 max_subchunks_per_tile=3 payload_pages=49703
[SORT] stage=ONELAUNCH P=3149841 P_kept=3149841 num_tiles=1024 max_tile_n=19047 onelaunch=0.18 layout=0.05 pub_host=0.16 total=0.40ms
[SUBCHUNK] tiles_split=84 total_subchunks=1113 max_subchunks_per_tile=3 payload_pages=50216
[SORT] stage=ONELAUNCH P=3181780 P_kept=3181780 num_tiles=1024 max_tile_n=19358 onelaunch=0.23 layout=0.06 pub_host=0.23 total=0.53ms
[SUBCHUNK] tiles_split=81 total_subchunks=1109 max_subchunks_per_tile=3 payload_pages=50327
[SORT] stage=ONELAUNCH P=3188467 P_kept=3188467 num_tiles=1024 max_tile_n=19519 onelaunch=0.17 layout=0.04 pub_host=0.15 total=0.36ms
[SUBCHUNK] tiles_split=82 total_subchunks=1111 max_subchunks_per_tile=3 payload_pages=49049
[SORT] stage=ONELAUNCH P=3106694 P_kept=3106694 num_tiles=1024 max_tile_n=20025 onelaunch=0.24 layout=0.06 pub_host=0.23 total=0.53ms
[SUBCHUNK] tiles_split=81 total_subchunks=1108 max_subchunks_per_tile=3 payload_pages=47132
[SORT] stage=ONELAUNCH P=2984152 P_kept=2984152 num_tiles=1024 max_tile_n=20390 onelaunch=0.24 layout=0.06 pub_host=0.24 total=0.54ms
[SUBCHUNK] tiles_split=79 total_subchunks=1106 max_subchunks_per_tile=3 payload_pages=45617
[SORT] stage=ONELAUNCH P=2887843 P_kept=2887843 num_tiles=1024 max_tile_n=20927 onelaunch=0.17 layout=0.04 pub_host=0.16 total=0.37ms
[SUBCHUNK] tiles_split=75 total_subchunks=1101 max_subchunks_per_tile=3 payload_pages=44556
[SORT] stage=ONELAUNCH P=2818980 P_kept=2818980 num_tiles=1024 max_tile_n=21145 onelaunch=0.23 layout=0.06 pub_host=0.23 total=0.52ms
[SUBCHUNK] tiles_split=75 total_subchunks=1101 max_subchunks_per_tile=3 payload_pages=43664
[SORT] stage=ONELAUNCH P=2762186 P_kept=2762186 num_tiles=1024 max_tile_n=19314 onelaunch=0.17 layout=0.04 pub_host=0.15 total=0.36ms
[SUBCHUNK] tiles_split=80 total_subchunks=1106 max_subchunks_per_tile=3 payload_pages=42989
[SORT] stage=ONELAUNCH P=2719305 P_kept=2719305 num_tiles=1024 max_tile_n=19744 onelaunch=0.23 layout=0.06 pub_host=0.16 total=0.45ms
[SUBCHUNK] tiles_split=79 total_subchunks=1105 max_subchunks_per_tile=3 payload_pages=42964
[SORT] stage=ONELAUNCH P=2717542 P_kept=2717542 num_tiles=1024 max_tile_n=18173 onelaunch=0.23 layout=0.06 pub_host=0.23 total=0.52ms
[SUBCHUNK] tiles_split=82 total_subchunks=1110 max_subchunks_per_tile=3 payload_pages=43226
[SORT] stage=ONELAUNCH P=2733748 P_kept=2733748 num_tiles=1024 max_tile_n=18007 onelaunch=0.19 layout=0.06 pub_host=0.23 total=0.48ms
[SUBCHUNK] tiles_split=78 total_subchunks=1105 max_subchunks_per_tile=3 payload_pages=43149
[SORT] stage=ONELAUNCH P=2729054 P_kept=2729054 num_tiles=1024 max_tile_n=18629 onelaunch=0.22 layout=0.06 pub_host=0.22 total=0.50ms
[SUBCHUNK] tiles_split=85 total_subchunks=1112 max_subchunks_per_tile=3 payload_pages=42920
[SORT] stage=ONELAUNCH P=2713776 P_kept=2713776 num_tiles=1024 max_tile_n=18369 onelaunch=0.17 layout=0.04 pub_host=0.16 total=0.36ms
[SUBCHUNK] tiles_split=82 total_subchunks=1109 max_subchunks_per_tile=3 payload_pages=42444
[SORT] stage=ONELAUNCH P=2684908 P_kept=2684908 num_tiles=1024 max_tile_n=22330 onelaunch=0.23 layout=0.06 pub_host=0.18 total=0.47ms
[SUBCHUNK] tiles_split=84 total_subchunks=1111 max_subchunks_per_tile=3 payload_pages=41219
[SORT] stage=ONELAUNCH P=2605190 P_kept=2605190 num_tiles=1024 max_tile_n=18553 onelaunch=0.23 layout=0.06 pub_host=0.23 total=0.52ms
[SUBCHUNK] tiles_split=79 total_subchunks=1105 max_subchunks_per_tile=3 payload_pages=39602
[SORT] stage=ONELAUNCH P=2502433 P_kept=2502433 num_tiles=1024 max_tile_n=20113 onelaunch=0.17 layout=0.04 pub_host=0.16 total=0.37ms
[SUBCHUNK] tiles_split=74 total_subchunks=1101 max_subchunks_per_tile=3 payload_pages=36821
[SORT] stage=ONELAUNCH P=2324571 P_kept=2324571 num_tiles=1024 max_tile_n=18871 onelaunch=0.23 layout=0.06 pub_host=0.23 total=0.52ms
[SUBCHUNK] tiles_split=67 total_subchunks=1094 max_subchunks_per_tile=3 payload_pages=34703
[SORT] stage=ONELAUNCH P=2188463 P_kept=2188463 num_tiles=1024 max_tile_n=21416 onelaunch=0.23 layout=0.06 pub_host=0.16 total=0.44ms
[SUBCHUNK] tiles_split=65 total_subchunks=1092 max_subchunks_per_tile=3 payload_pages=33321
[SORT] stage=ONELAUNCH P=2100242 P_kept=2100242 num_tiles=1024 max_tile_n=21340 onelaunch=0.21 layout=0.06 pub_host=0.23 total=0.51ms
[SUBCHUNK] tiles_split=65 total_subchunks=1092 max_subchunks_per_tile=3 payload_pages=32586
[SORT] stage=ONELAUNCH P=2052961 P_kept=2052961 num_tiles=1024 max_tile_n=21713 onelaunch=0.22 layout=0.06 pub_host=0.22 total=0.51ms
[SUBCHUNK] tiles_split=60 total_subchunks=1087 max_subchunks_per_tile=3 payload_pages=32524
[SORT] stage=ONELAUNCH P=2050213 P_kept=2050213 num_tiles=1024 max_tile_n=20666 onelaunch=0.22 layout=0.06 pub_host=0.23 total=0.50ms
B2B_STAGES pass=18 views=30 gap_ms=0.00 period=9.398 render=9.398 py_resid=0.041 project=2.418 sort=0.561 blend=6.313 d2h=0.004 tail=0.003 xview=0.052 view_total=9.357 project_pfwc_rtargs=0.039 project_pfwc_enqueue=0.010 project_gather_wait=2.416 sort_bin_count=0.000 sort_bin_hist_d2h=0.000 sort_bin_layout=0.055 sort_bin_emit=0.215 sort_publish_host=0.199 sort_publish_wait=0.000 sort_mat=0.040 sort_pre=0.001 sort_log=0.005 sort_cont_prep=0.006 sort_cont_rtargs=0.035 sort_cont_other=0.001
[run] B2B pass 18: 281.9 ms for 30 views = 9.398 ms/frame
[SUBCHUNK] tiles_split=86 total_subchunks=1113 max_subchunks_per_tile=3 payload_pages=45770
[SORT] stage=ONELAUNCH P=2895629 P_kept=2895629 num_tiles=1024 max_tile_n=22979 onelaunch=0.18 layout=0.05 pub_host=0.17 total=0.40ms
[SUBCHUNK] tiles_split=64 total_subchunks=1090 max_subchunks_per_tile=3 payload_pages=33181
[SORT] stage=ONELAUNCH P=2090575 P_kept=2090575 num_tiles=1024 max_tile_n=19171 onelaunch=0.21 layout=0.06 pub_host=0.22 total=0.49ms
[SUBCHUNK] tiles_split=63 total_subchunks=1090 max_subchunks_per_tile=3 payload_pages=34324
[SORT] stage=ONELAUNCH P=2164042 P_kept=2164042 num_tiles=1024 max_tile_n=18956 onelaunch=0.22 layout=0.06 pub_host=0.23 total=0.50ms
[SUBCHUNK] tiles_split=66 total_subchunks=1093 max_subchunks_per_tile=3 payload_pages=35760
[SORT] stage=ONELAUNCH P=2255766 P_kept=2255766 num_tiles=1024 max_tile_n=18906 onelaunch=0.22 layout=0.06 pub_host=0.22 total=0.50ms
[SUBCHUNK] tiles_split=62 total_subchunks=1090 max_subchunks_per_tile=3 payload_pages=37612
[SORT] stage=ONELAUNCH P=2374790 P_kept=2374790 num_tiles=1024 max_tile_n=17834 onelaunch=0.23 layout=0.06 pub_host=0.23 total=0.52ms
[SUBCHUNK] tiles_split=68 total_subchunks=1096 max_subchunks_per_tile=3 payload_pages=39937
[SORT] stage=ONELAUNCH P=2523377 P_kept=2523377 num_tiles=1024 max_tile_n=20034 onelaunch=0.21 layout=0.04 pub_host=0.16 total=0.41ms
[SUBCHUNK] tiles_split=70 total_subchunks=1097 max_subchunks_per_tile=3 payload_pages=43036
[SORT] stage=ONELAUNCH P=2722282 P_kept=2722282 num_tiles=1024 max_tile_n=22369 onelaunch=0.23 layout=0.06 pub_host=0.23 total=0.52ms
[SUBCHUNK] tiles_split=75 total_subchunks=1104 max_subchunks_per_tile=3 payload_pages=45752
[SORT] stage=ONELAUNCH P=2895762 P_kept=2895762 num_tiles=1024 max_tile_n=21267 onelaunch=0.23 layout=0.06 pub_host=0.24 total=0.53ms
[SUBCHUNK] tiles_split=81 total_subchunks=1109 max_subchunks_per_tile=3 payload_pages=48611
[SORT] stage=ONELAUNCH P=3078956 P_kept=3078956 num_tiles=1024 max_tile_n=21032 onelaunch=0.17 layout=0.04 pub_host=0.15 total=0.36ms
[SUBCHUNK] tiles_split=85 total_subchunks=1114 max_subchunks_per_tile=3 payload_pages=49703
[SORT] stage=ONELAUNCH P=3149841 P_kept=3149841 num_tiles=1024 max_tile_n=19047 onelaunch=0.20 layout=0.04 pub_host=0.16 total=0.40ms
[SUBCHUNK] tiles_split=84 total_subchunks=1113 max_subchunks_per_tile=3 payload_pages=50216
[SORT] stage=ONELAUNCH P=3181780 P_kept=3181780 num_tiles=1024 max_tile_n=19358 onelaunch=0.24 layout=0.06 pub_host=0.24 total=0.54ms
[SUBCHUNK] tiles_split=81 total_subchunks=1109 max_subchunks_per_tile=3 payload_pages=50327
[SORT] stage=ONELAUNCH P=3188467 P_kept=3188467 num_tiles=1024 max_tile_n=19519 onelaunch=0.23 layout=0.06 pub_host=0.23 total=0.52ms
[SUBCHUNK] tiles_split=82 total_subchunks=1111 max_subchunks_per_tile=3 payload_pages=49049
[SORT] stage=ONELAUNCH P=3106694 P_kept=3106694 num_tiles=1024 max_tile_n=20025 onelaunch=0.17 layout=0.04 pub_host=0.16 total=0.37ms
[SUBCHUNK] tiles_split=81 total_subchunks=1108 max_subchunks_per_tile=3 payload_pages=47132
[SORT] stage=ONELAUNCH P=2984152 P_kept=2984152 num_tiles=1024 max_tile_n=20390 onelaunch=0.23 layout=0.06 pub_host=0.23 total=0.52ms
[SUBCHUNK] tiles_split=79 total_subchunks=1106 max_subchunks_per_tile=3 payload_pages=45617
[SORT] stage=ONELAUNCH P=2887843 P_kept=2887843 num_tiles=1024 max_tile_n=20927 onelaunch=0.23 layout=0.06 pub_host=0.17 total=0.46ms
[SUBCHUNK] tiles_split=75 total_subchunks=1101 max_subchunks_per_tile=3 payload_pages=44556
[SORT] stage=ONELAUNCH P=2818980 P_kept=2818980 num_tiles=1024 max_tile_n=21145 onelaunch=0.23 layout=0.04 pub_host=0.16 total=0.43ms
[SUBCHUNK] tiles_split=75 total_subchunks=1101 max_subchunks_per_tile=3 payload_pages=43664
[SORT] stage=ONELAUNCH P=2762186 P_kept=2762186 num_tiles=1024 max_tile_n=19314 onelaunch=0.23 layout=0.06 pub_host=0.19 total=0.48ms
[SUBCHUNK] tiles_split=80 total_subchunks=1106 max_subchunks_per_tile=3 payload_pages=42989
[SORT] stage=ONELAUNCH P=2719305 P_kept=2719305 num_tiles=1024 max_tile_n=19744 onelaunch=0.23 layout=0.06 pub_host=0.23 total=0.52ms
[SUBCHUNK] tiles_split=79 total_subchunks=1105 max_subchunks_per_tile=3 payload_pages=42964
[SORT] stage=ONELAUNCH P=2717542 P_kept=2717542 num_tiles=1024 max_tile_n=18173 onelaunch=0.17 layout=0.06 pub_host=0.23 total=0.47ms
[SUBCHUNK] tiles_split=82 total_subchunks=1110 max_subchunks_per_tile=3 payload_pages=43226
[SORT] stage=ONELAUNCH P=2733748 P_kept=2733748 num_tiles=1024 max_tile_n=18007 onelaunch=0.23 layout=0.06 pub_host=0.23 total=0.52ms
[SUBCHUNK] tiles_split=78 total_subchunks=1105 max_subchunks_per_tile=3 payload_pages=43149
[SORT] stage=ONELAUNCH P=2729054 P_kept=2729054 num_tiles=1024 max_tile_n=18629 onelaunch=0.17 layout=0.04 pub_host=0.15 total=0.36ms
[SUBCHUNK] tiles_split=85 total_subchunks=1112 max_subchunks_per_tile=3 payload_pages=42920
[SORT] stage=ONELAUNCH P=2713776 P_kept=2713776 num_tiles=1024 max_tile_n=18369 onelaunch=0.23 layout=0.04 pub_host=0.16 total=0.44ms
[SUBCHUNK] tiles_split=82 total_subchunks=1109 max_subchunks_per_tile=3 payload_pages=42444
[SORT] stage=ONELAUNCH P=2684908 P_kept=2684908 num_tiles=1024 max_tile_n=22330 onelaunch=0.23 layout=0.06 pub_host=0.23 total=0.52ms
[SUBCHUNK] tiles_split=84 total_subchunks=1111 max_subchunks_per_tile=3 payload_pages=41219
[SORT] stage=ONELAUNCH P=2605190 P_kept=2605190 num_tiles=1024 max_tile_n=18553 onelaunch=0.17 layout=0.04 pub_host=0.15 total=0.36ms
[SUBCHUNK] tiles_split=79 total_subchunks=1105 max_subchunks_per_tile=3 payload_pages=39602
[SORT] stage=ONELAUNCH P=2502433 P_kept=2502433 num_tiles=1024 max_tile_n=20113 onelaunch=0.23 layout=0.06 pub_host=0.23 total=0.52ms
[SUBCHUNK] tiles_split=74 total_subchunks=1101 max_subchunks_per_tile=3 payload_pages=36821
[SORT] stage=ONELAUNCH P=2324571 P_kept=2324571 num_tiles=1024 max_tile_n=18871 onelaunch=0.23 layout=0.06 pub_host=0.24 total=0.53ms
[SUBCHUNK] tiles_split=67 total_subchunks=1094 max_subchunks_per_tile=3 payload_pages=34703
[SORT] stage=ONELAUNCH P=2188463 P_kept=2188463 num_tiles=1024 max_tile_n=21416 onelaunch=0.23 layout=0.06 pub_host=0.23 total=0.53ms
[SUBCHUNK] tiles_split=65 total_subchunks=1092 max_subchunks_per_tile=3 payload_pages=33321
[SORT] stage=ONELAUNCH P=2100242 P_kept=2100242 num_tiles=1024 max_tile_n=21340 onelaunch=0.23 layout=0.06 pub_host=0.20 total=0.50ms
[SUBCHUNK] tiles_split=65 total_subchunks=1092 max_subchunks_per_tile=3 payload_pages=32586
[SORT] stage=ONELAUNCH P=2052961 P_kept=2052961 num_tiles=1024 max_tile_n=21713 onelaunch=0.23 layout=0.06 pub_host=0.18 total=0.47ms
[SUBCHUNK] tiles_split=60 total_subchunks=1087 max_subchunks_per_tile=3 payload_pages=32524
[SORT] stage=ONELAUNCH P=2050213 P_kept=2050213 num_tiles=1024 max_tile_n=20666 onelaunch=0.23 layout=0.06 pub_host=0.19 total=0.48ms
B2B_STAGES pass=19 views=30 gap_ms=0.00 period=9.404 render=9.404 py_resid=0.036 project=2.425 sort=0.562 blend=6.317 d2h=0.004 tail=0.003 xview=0.051 view_total=9.368 project_pfwc_rtargs=0.038 project_pfwc_enqueue=0.010 project_gather_wait=2.424 sort_bin_count=0.000 sort_bin_hist_d2h=0.000 sort_bin_layout=0.054 sort_bin_emit=0.215 sort_publish_host=0.201 sort_publish_wait=0.000 sort_mat=0.041 sort_pre=0.001 sort_log=0.005 sort_cont_prep=0.006 sort_cont_rtargs=0.035 sort_cont_other=0.001
[run] B2B pass 19: 282.1 ms for 30 views = 9.404 ms/frame
[SUBCHUNK] tiles_split=86 total_subchunks=1113 max_subchunks_per_tile=3 payload_pages=45770
[SORT] stage=ONELAUNCH P=2895629 P_kept=2895629 num_tiles=1024 max_tile_n=22979 onelaunch=0.18 layout=0.05 pub_host=0.17 total=0.41ms
[SUBCHUNK] tiles_split=64 total_subchunks=1090 max_subchunks_per_tile=3 payload_pages=33181
[SORT] stage=ONELAUNCH P=2090575 P_kept=2090575 num_tiles=1024 max_tile_n=19171 onelaunch=0.23 layout=0.06 pub_host=0.23 total=0.52ms
[SUBCHUNK] tiles_split=63 total_subchunks=1090 max_subchunks_per_tile=3 payload_pages=34324
[SORT] stage=ONELAUNCH P=2164042 P_kept=2164042 num_tiles=1024 max_tile_n=18956 onelaunch=0.23 layout=0.06 pub_host=0.23 total=0.52ms
[SUBCHUNK] tiles_split=66 total_subchunks=1093 max_subchunks_per_tile=3 payload_pages=35760
[SORT] stage=ONELAUNCH P=2255766 P_kept=2255766 num_tiles=1024 max_tile_n=18906 onelaunch=0.23 layout=0.06 pub_host=0.17 total=0.46ms
[SUBCHUNK] tiles_split=62 total_subchunks=1090 max_subchunks_per_tile=3 payload_pages=37612
[SORT] stage=ONELAUNCH P=2374790 P_kept=2374790 num_tiles=1024 max_tile_n=17834 onelaunch=0.17 layout=0.04 pub_host=0.16 total=0.37ms
[SUBCHUNK] tiles_split=68 total_subchunks=1096 max_subchunks_per_tile=3 payload_pages=39937
[SORT] stage=ONELAUNCH P=2523377 P_kept=2523377 num_tiles=1024 max_tile_n=20034 onelaunch=0.23 layout=0.06 pub_host=0.24 total=0.53ms
[SUBCHUNK] tiles_split=70 total_subchunks=1097 max_subchunks_per_tile=3 payload_pages=43036
[SORT] stage=ONELAUNCH P=2722282 P_kept=2722282 num_tiles=1024 max_tile_n=22369 onelaunch=0.23 layout=0.06 pub_host=0.23 total=0.52ms
[SUBCHUNK] tiles_split=75 total_subchunks=1104 max_subchunks_per_tile=3 payload_pages=45752
[SORT] stage=ONELAUNCH P=2895762 P_kept=2895762 num_tiles=1024 max_tile_n=21267 onelaunch=0.17 layout=0.04 pub_host=0.15 total=0.37ms
[SUBCHUNK] tiles_split=81 total_subchunks=1109 max_subchunks_per_tile=3 payload_pages=48611
[SORT] stage=ONELAUNCH P=3078956 P_kept=3078956 num_tiles=1024 max_tile_n=21032 onelaunch=0.23 layout=0.06 pub_host=0.23 total=0.52ms
[SUBCHUNK] tiles_split=85 total_subchunks=1114 max_subchunks_per_tile=3 payload_pages=49703
[SORT] stage=ONELAUNCH P=3149841 P_kept=3149841 num_tiles=1024 max_tile_n=19047 onelaunch=0.23 layout=0.06 pub_host=0.23 total=0.53ms
[SUBCHUNK] tiles_split=84 total_subchunks=1113 max_subchunks_per_tile=3 payload_pages=50216
[SORT] stage=ONELAUNCH P=3181780 P_kept=3181780 num_tiles=1024 max_tile_n=19358 onelaunch=0.17 layout=0.04 pub_host=0.15 total=0.37ms
[SUBCHUNK] tiles_split=81 total_subchunks=1109 max_subchunks_per_tile=3 payload_pages=50327
[SORT] stage=ONELAUNCH P=3188467 P_kept=3188467 num_tiles=1024 max_tile_n=19519 onelaunch=0.23 layout=0.06 pub_host=0.23 total=0.52ms
[SUBCHUNK] tiles_split=82 total_subchunks=1111 max_subchunks_per_tile=3 payload_pages=49049
[SORT] stage=ONELAUNCH P=3106694 P_kept=3106694 num_tiles=1024 max_tile_n=20025 onelaunch=0.23 layout=0.06 pub_host=0.23 total=0.53ms
[SUBCHUNK] tiles_split=81 total_subchunks=1108 max_subchunks_per_tile=3 payload_pages=47132
[SORT] stage=ONELAUNCH P=2984152 P_kept=2984152 num_tiles=1024 max_tile_n=20390 onelaunch=0.17 layout=0.04 pub_host=0.16 total=0.37ms
[SUBCHUNK] tiles_split=79 total_subchunks=1106 max_subchunks_per_tile=3 payload_pages=45617
[SORT] stage=ONELAUNCH P=2887843 P_kept=2887843 num_tiles=1024 max_tile_n=20927 onelaunch=0.24 layout=0.06 pub_host=0.23 total=0.53ms
[SUBCHUNK] tiles_split=75 total_subchunks=1101 max_subchunks_per_tile=3 payload_pages=44556
[SORT] stage=ONELAUNCH P=2818980 P_kept=2818980 num_tiles=1024 max_tile_n=21145 onelaunch=0.23 layout=0.06 pub_host=0.23 total=0.52ms
[SUBCHUNK] tiles_split=75 total_subchunks=1101 max_subchunks_per_tile=3 payload_pages=43664
[SORT] stage=ONELAUNCH P=2762186 P_kept=2762186 num_tiles=1024 max_tile_n=19314 onelaunch=0.24 layout=0.06 pub_host=0.23 total=0.53ms
[SUBCHUNK] tiles_split=80 total_subchunks=1106 max_subchunks_per_tile=3 payload_pages=42989
[SORT] stage=ONELAUNCH P=2719305 P_kept=2719305 num_tiles=1024 max_tile_n=19744 onelaunch=0.17 layout=0.04 pub_host=0.16 total=0.37ms
[SUBCHUNK] tiles_split=79 total_subchunks=1105 max_subchunks_per_tile=3 payload_pages=42964
[SORT] stage=ONELAUNCH P=2717542 P_kept=2717542 num_tiles=1024 max_tile_n=18173 onelaunch=0.23 layout=0.06 pub_host=0.23 total=0.52ms
[SUBCHUNK] tiles_split=82 total_subchunks=1110 max_subchunks_per_tile=3 payload_pages=43226
[SORT] stage=ONELAUNCH P=2733748 P_kept=2733748 num_tiles=1024 max_tile_n=18007 onelaunch=0.19 layout=0.04 pub_host=0.15 total=0.39ms
[SUBCHUNK] tiles_split=78 total_subchunks=1105 max_subchunks_per_tile=3 payload_pages=43149
[SORT] stage=ONELAUNCH P=2729054 P_kept=2729054 num_tiles=1024 max_tile_n=18629 onelaunch=0.23 layout=0.06 pub_host=0.20 total=0.50ms
[SUBCHUNK] tiles_split=85 total_subchunks=1112 max_subchunks_per_tile=3 payload_pages=42920
[SORT] stage=ONELAUNCH P=2713776 P_kept=2713776 num_tiles=1024 max_tile_n=18369 onelaunch=0.24 layout=0.06 pub_host=0.23 total=0.53ms
[SUBCHUNK] tiles_split=82 total_subchunks=1109 max_subchunks_per_tile=3 payload_pages=42444
[SORT] stage=ONELAUNCH P=2684908 P_kept=2684908 num_tiles=1024 max_tile_n=22330 onelaunch=0.17 layout=0.04 pub_host=0.15 total=0.37ms
[SUBCHUNK] tiles_split=84 total_subchunks=1111 max_subchunks_per_tile=3 payload_pages=41219
[SORT] stage=ONELAUNCH P=2605190 P_kept=2605190 num_tiles=1024 max_tile_n=18553 onelaunch=0.23 layout=0.06 pub_host=0.23 total=0.51ms
[SUBCHUNK] tiles_split=79 total_subchunks=1105 max_subchunks_per_tile=3 payload_pages=39602
[SORT] stage=ONELAUNCH P=2502433 P_kept=2502433 num_tiles=1024 max_tile_n=20113 onelaunch=0.23 layout=0.06 pub_host=0.23 total=0.52ms
[SUBCHUNK] tiles_split=74 total_subchunks=1101 max_subchunks_per_tile=3 payload_pages=36821
[SORT] stage=ONELAUNCH P=2324571 P_kept=2324571 num_tiles=1024 max_tile_n=18871 onelaunch=0.17 layout=0.04 pub_host=0.15 total=0.36ms
[SUBCHUNK] tiles_split=67 total_subchunks=1094 max_subchunks_per_tile=3 payload_pages=34703
[SORT] stage=ONELAUNCH P=2188463 P_kept=2188463 num_tiles=1024 max_tile_n=21416 onelaunch=0.17 layout=0.04 pub_host=0.16 total=0.38ms
[SUBCHUNK] tiles_split=65 total_subchunks=1092 max_subchunks_per_tile=3 payload_pages=33321
[SORT] stage=ONELAUNCH P=2100242 P_kept=2100242 num_tiles=1024 max_tile_n=21340 onelaunch=0.19 layout=0.06 pub_host=0.23 total=0.49ms
[SUBCHUNK] tiles_split=65 total_subchunks=1092 max_subchunks_per_tile=3 payload_pages=32586
[SORT] stage=ONELAUNCH P=2052961 P_kept=2052961 num_tiles=1024 max_tile_n=21713 onelaunch=0.22 layout=0.06 pub_host=0.23 total=0.51ms
[SUBCHUNK] tiles_split=60 total_subchunks=1087 max_subchunks_per_tile=3 payload_pages=32524
[SORT] stage=ONELAUNCH P=2050213 P_kept=2050213 num_tiles=1024 max_tile_n=20666 onelaunch=0.22 layout=0.06 pub_host=0.23 total=0.51ms
B2B_STAGES pass=20 views=30 gap_ms=0.00 period=9.410 render=9.410 py_resid=0.037 project=2.426 sort=0.560 blend=6.321 d2h=0.004 tail=0.003 xview=0.053 view_total=9.373 project_pfwc_rtargs=0.040 project_pfwc_enqueue=0.010 project_gather_wait=2.425 sort_bin_count=0.000 sort_bin_hist_d2h=0.000 sort_bin_layout=0.054 sort_bin_emit=0.209 sort_publish_host=0.203 sort_publish_wait=0.000 sort_mat=0.041 sort_pre=0.001 sort_log=0.005 sort_cont_prep=0.006 sort_cont_rtargs=0.037 sort_cont_other=0.001
[run] B2B pass 20: 282.3 ms for 30 views = 9.410 ms/frame
[SUBCHUNK] tiles_split=86 total_subchunks=1113 max_subchunks_per_tile=3 payload_pages=45770
[SORT] stage=ONELAUNCH P=2895629 P_kept=2895629 num_tiles=1024 max_tile_n=22979 onelaunch=0.19 layout=0.06 pub_host=0.18 total=0.43ms
[SUBCHUNK] tiles_split=64 total_subchunks=1090 max_subchunks_per_tile=3 payload_pages=33181
[SORT] stage=ONELAUNCH P=2090575 P_kept=2090575 num_tiles=1024 max_tile_n=19171 onelaunch=0.17 layout=0.04 pub_host=0.15 total=0.36ms
[SUBCHUNK] tiles_split=63 total_subchunks=1090 max_subchunks_per_tile=3 payload_pages=34324
[SORT] stage=ONELAUNCH P=2164042 P_kept=2164042 num_tiles=1024 max_tile_n=18956 onelaunch=0.16 layout=0.04 pub_host=0.16 total=0.37ms
[SUBCHUNK] tiles_split=66 total_subchunks=1093 max_subchunks_per_tile=3 payload_pages=35760
[SORT] stage=ONELAUNCH P=2255766 P_kept=2255766 num_tiles=1024 max_tile_n=18906 onelaunch=0.23 layout=0.06 pub_host=0.23 total=0.52ms
[SUBCHUNK] tiles_split=62 total_subchunks=1090 max_subchunks_per_tile=3 payload_pages=37612
[SORT] stage=ONELAUNCH P=2374790 P_kept=2374790 num_tiles=1024 max_tile_n=17834 onelaunch=0.23 layout=0.06 pub_host=0.19 total=0.49ms
[SUBCHUNK] tiles_split=68 total_subchunks=1096 max_subchunks_per_tile=3 payload_pages=39937
[SORT] stage=ONELAUNCH P=2523377 P_kept=2523377 num_tiles=1024 max_tile_n=20034 onelaunch=0.22 layout=0.06 pub_host=0.23 total=0.51ms
[SUBCHUNK] tiles_split=70 total_subchunks=1097 max_subchunks_per_tile=3 payload_pages=43036
[SORT] stage=ONELAUNCH P=2722282 P_kept=2722282 num_tiles=1024 max_tile_n=22369 onelaunch=0.23 layout=0.05 pub_host=0.15 total=0.43ms
[SUBCHUNK] tiles_split=75 total_subchunks=1104 max_subchunks_per_tile=3 payload_pages=45752
[SORT] stage=ONELAUNCH P=2895762 P_kept=2895762 num_tiles=1024 max_tile_n=21267 onelaunch=0.23 layout=0.06 pub_host=0.22 total=0.52ms
[SUBCHUNK] tiles_split=81 total_subchunks=1109 max_subchunks_per_tile=3 payload_pages=48611
[SORT] stage=ONELAUNCH P=3078956 P_kept=3078956 num_tiles=1024 max_tile_n=21032 onelaunch=0.21 layout=0.04 pub_host=0.15 total=0.41ms
[SUBCHUNK] tiles_split=85 total_subchunks=1114 max_subchunks_per_tile=3 payload_pages=49703
[SORT] stage=ONELAUNCH P=3149841 P_kept=3149841 num_tiles=1024 max_tile_n=19047 onelaunch=0.23 layout=0.06 pub_host=0.22 total=0.51ms
[SUBCHUNK] tiles_split=84 total_subchunks=1113 max_subchunks_per_tile=3 payload_pages=50216
[SORT] stage=ONELAUNCH P=3181780 P_kept=3181780 num_tiles=1024 max_tile_n=19358 onelaunch=0.23 layout=0.06 pub_host=0.23 total=0.53ms
[SUBCHUNK] tiles_split=81 total_subchunks=1109 max_subchunks_per_tile=3 payload_pages=50327
[SORT] stage=ONELAUNCH P=3188467 P_kept=3188467 num_tiles=1024 max_tile_n=19519 onelaunch=0.17 layout=0.04 pub_host=0.15 total=0.37ms
[SUBCHUNK] tiles_split=82 total_subchunks=1111 max_subchunks_per_tile=3 payload_pages=49049
[SORT] stage=ONELAUNCH P=3106694 P_kept=3106694 num_tiles=1024 max_tile_n=20025 onelaunch=0.23 layout=0.06 pub_host=0.23 total=0.53ms
[SUBCHUNK] tiles_split=81 total_subchunks=1108 max_subchunks_per_tile=3 payload_pages=47132
[SORT] stage=ONELAUNCH P=2984152 P_kept=2984152 num_tiles=1024 max_tile_n=20390 onelaunch=0.23 layout=0.06 pub_host=0.23 total=0.52ms
[SUBCHUNK] tiles_split=79 total_subchunks=1106 max_subchunks_per_tile=3 payload_pages=45617
[SORT] stage=ONELAUNCH P=2887843 P_kept=2887843 num_tiles=1024 max_tile_n=20927 onelaunch=0.17 layout=0.04 pub_host=0.15 total=0.36ms
[SUBCHUNK] tiles_split=75 total_subchunks=1101 max_subchunks_per_tile=3 payload_pages=44556
[SORT] stage=ONELAUNCH P=2818980 P_kept=2818980 num_tiles=1024 max_tile_n=21145 onelaunch=0.23 layout=0.06 pub_host=0.24 total=0.53ms
[SUBCHUNK] tiles_split=75 total_subchunks=1101 max_subchunks_per_tile=3 payload_pages=43664
[SORT] stage=ONELAUNCH P=2762186 P_kept=2762186 num_tiles=1024 max_tile_n=19314 onelaunch=0.17 layout=0.04 pub_host=0.16 total=0.37ms
[SUBCHUNK] tiles_split=80 total_subchunks=1106 max_subchunks_per_tile=3 payload_pages=42989
[SORT] stage=ONELAUNCH P=2719305 P_kept=2719305 num_tiles=1024 max_tile_n=19744 onelaunch=0.22 layout=0.06 pub_host=0.23 total=0.51ms
[SUBCHUNK] tiles_split=79 total_subchunks=1105 max_subchunks_per_tile=3 payload_pages=42964
[SORT] stage=ONELAUNCH P=2717542 P_kept=2717542 num_tiles=1024 max_tile_n=18173 onelaunch=0.23 layout=0.06 pub_host=0.21 total=0.50ms
[SUBCHUNK] tiles_split=82 total_subchunks=1110 max_subchunks_per_tile=3 payload_pages=43226
[SORT] stage=ONELAUNCH P=2733748 P_kept=2733748 num_tiles=1024 max_tile_n=18007 onelaunch=0.23 layout=0.06 pub_host=0.23 total=0.52ms
[SUBCHUNK] tiles_split=78 total_subchunks=1105 max_subchunks_per_tile=3 payload_pages=43149
[SORT] stage=ONELAUNCH P=2729054 P_kept=2729054 num_tiles=1024 max_tile_n=18629 onelaunch=0.23 layout=0.05 pub_host=0.16 total=0.44ms
[SUBCHUNK] tiles_split=85 total_subchunks=1112 max_subchunks_per_tile=3 payload_pages=42920
[SORT] stage=ONELAUNCH P=2713776 P_kept=2713776 num_tiles=1024 max_tile_n=18369 onelaunch=0.17 layout=0.04 pub_host=0.15 total=0.36ms
[SUBCHUNK] tiles_split=82 total_subchunks=1109 max_subchunks_per_tile=3 payload_pages=42444
[SORT] stage=ONELAUNCH P=2684908 P_kept=2684908 num_tiles=1024 max_tile_n=22330 onelaunch=0.23 layout=0.06 pub_host=0.23 total=0.52ms
[SUBCHUNK] tiles_split=84 total_subchunks=1111 max_subchunks_per_tile=3 payload_pages=41219
[SORT] stage=ONELAUNCH P=2605190 P_kept=2605190 num_tiles=1024 max_tile_n=18553 onelaunch=0.23 layout=0.06 pub_host=0.23 total=0.52ms
[SUBCHUNK] tiles_split=79 total_subchunks=1105 max_subchunks_per_tile=3 payload_pages=39602
[SORT] stage=ONELAUNCH P=2502433 P_kept=2502433 num_tiles=1024 max_tile_n=20113 onelaunch=0.17 layout=0.04 pub_host=0.16 total=0.36ms
[SUBCHUNK] tiles_split=74 total_subchunks=1101 max_subchunks_per_tile=3 payload_pages=36821
[SORT] stage=ONELAUNCH P=2324571 P_kept=2324571 num_tiles=1024 max_tile_n=18871 onelaunch=0.23 layout=0.06 pub_host=0.23 total=0.52ms
[SUBCHUNK] tiles_split=67 total_subchunks=1094 max_subchunks_per_tile=3 payload_pages=34703
[SORT] stage=ONELAUNCH P=2188463 P_kept=2188463 num_tiles=1024 max_tile_n=21416 onelaunch=0.22 layout=0.06 pub_host=0.23 total=0.51ms
[SUBCHUNK] tiles_split=65 total_subchunks=1092 max_subchunks_per_tile=3 payload_pages=33321
[SORT] stage=ONELAUNCH P=2100242 P_kept=2100242 num_tiles=1024 max_tile_n=21340 onelaunch=0.22 layout=0.06 pub_host=0.23 total=0.51ms
[SUBCHUNK] tiles_split=65 total_subchunks=1092 max_subchunks_per_tile=3 payload_pages=32586
[SORT] stage=ONELAUNCH P=2052961 P_kept=2052961 num_tiles=1024 max_tile_n=21713 onelaunch=0.22 layout=0.06 pub_host=0.23 total=0.51ms
[SUBCHUNK] tiles_split=60 total_subchunks=1087 max_subchunks_per_tile=3 payload_pages=32524
[SORT] stage=ONELAUNCH P=2050213 P_kept=2050213 num_tiles=1024 max_tile_n=20666 onelaunch=0.22 layout=0.06 pub_host=0.23 total=0.51ms
B2B_STAGES pass=21 views=30 gap_ms=0.00 period=9.405 render=9.405 py_resid=0.035 project=2.425 sort=0.557 blend=6.328 d2h=0.004 tail=0.003 xview=0.047 view_total=9.370 project_pfwc_rtargs=0.035 project_pfwc_enqueue=0.009 project_gather_wait=2.424 sort_bin_count=0.000 sort_bin_hist_d2h=0.000 sort_bin_layout=0.054 sort_bin_emit=0.212 sort_publish_host=0.201 sort_publish_wait=0.000 sort_mat=0.042 sort_pre=0.001 sort_log=0.005 sort_cont_prep=0.006 sort_cont_rtargs=0.034 sort_cont_other=0.001
[run] B2B pass 21: 282.2 ms for 30 views = 9.405 ms/frame
B2B scene=bicycle n_views=30 passes=20 warmup=1 drop=no ms_frame=9.406 fps=106.32 ms_frame_median=9.406 pass_ms_frame=9.414,9.404,9.407,9.408,9.413,9.404,9.405,9.409,9.409,9.402,9.395,9.409,9.407,9.399,9.412,9.403,9.398,9.404,9.410,9.405 check_pass_ms_frame=9.454 raw_md5=5a438f5a gap_ms=0.00 render_ms_frame=9.406 xview_hits=659 xview_misses=0 identical_across_passes=yes out=/localdev/smarton/gstt2-t469/tmp/t490-r4-b2b-off
TTW_TIMING b2b_ms_frame=9.406
TTW_TIMING b2b_ms_frame_median=9.406
