
trisc1.elf:     file format elf32-littleriscv


Disassembly of section .text:

00007130 <_start>:
    7130:	f1010113          	addi	sp,sp,-240
    7134:	0e112623          	sw	ra,236(sp)
    7138:	0f212023          	sw	s2,224(sp)
    713c:	0d312e23          	sw	s3,220(sp)
    7140:	0d412c23          	sw	s4,216(sp)
    7144:	0d812423          	sw	s8,200(sp)

00007148 <.LBB94807>:
    7148:	ffb007b7          	lui	a5,0xffb00
    714c:	ffb00737          	lui	a4,0xffb00

00007150 <.LM10283>:
    7150:	03478793          	addi	a5,a5,52 # ffb00034 <_ZN12_GLOBAL__N_1L13g_blend_chainE+0xc>

00007154 <.LM10284>:
    7154:	12870713          	addi	a4,a4,296 # ffb00128 <__ldm_bss_end>
    7158:	00f76e63          	bltu	a4,a5,7174 <.L199>

0000715c <.L200>:
    715c:	fe07ae23          	sw	zero,-4(a5)

00007160 <.LM10286>:
    7160:	fe07ac23          	sw	zero,-8(a5)

00007164 <.LM10287>:
    7164:	fe07aa23          	sw	zero,-12(a5)

00007168 <.LM10288>:
    7168:	fe07a823          	sw	zero,-16(a5)

0000716c <.LM10289>:
    716c:	01078793          	addi	a5,a5,16

00007170 <.LM10290>:
    7170:	fef776e3          	bgeu	a4,a5,715c <.L200>

00007174 <.L199>:
    7174:	ff878693          	addi	a3,a5,-8

00007178 <.LM10292>:
    7178:	5ed760e3          	bltu	a4,a3,7f58 <.L259>

0000717c <.LM10293>:
    717c:	fe07aa23          	sw	zero,-12(a5)

00007180 <.LM10294>:
    7180:	fe07a823          	sw	zero,-16(a5)

00007184 <.L201>:
    7184:	ffc78693          	addi	a3,a5,-4

00007188 <.LM10296>:
    7188:	00d76463          	bltu	a4,a3,7190 <.L202>

0000718c <.LM10297>:
    718c:	fe07ac23          	sw	zero,-8(a5)

00007190 <.L202>:
    7190:	0000f737          	lui	a4,0xf
    7194:	54470713          	addi	a4,a4,1348 # f544 <__kernel_data_lma>
    7198:	83018793          	addi	a5,gp,-2000 # ffb00020 <_ZN12_GLOBAL__N_1L13g_blend_t_epsE>
    719c:	06f70a63          	beq	a4,a5,7210 <.L204>

000071a0 <.LM10299>:
    71a0:	ffb00637          	lui	a2,0xffb00
    71a4:	02460613          	addi	a2,a2,36 # ffb00024 <_ZN12_GLOBAL__N_1L18g_pixel_floor_bitsE>
    71a8:	40f60633          	sub	a2,a2,a5

000071ac <.LBB94812>:
    71ac:	00800593          	li	a1,8

000071b0 <.LBE94812>:
    71b0:	40265693          	srai	a3,a2,0x2

000071b4 <.LBB94816>:
    71b4:	04c5d063          	bge	a1,a2,71f4 <.L205>
    71b8:	00200613          	li	a2,2

000071bc <.L206>:
    71bc:	00072883          	lw	a7,0(a4)
    71c0:	00472803          	lw	a6,4(a4)
    71c4:	00872503          	lw	a0,8(a4)

000071c8 <.LM10305>:
    71c8:	00078593          	mv	a1,a5
    71cc:	00070793          	mv	a5,a4
    71d0:	00c78793          	addi	a5,a5,12
    71d4:	00c58593          	addi	a1,a1,12
    71d8:	ffd68693          	addi	a3,a3,-3
    71dc:	00078713          	mv	a4,a5
    71e0:	00058793          	mv	a5,a1

000071e4 <.LM10306>:
    71e4:	ff15aa23          	sw	a7,-12(a1)
    71e8:	ff05ac23          	sw	a6,-8(a1)
    71ec:	fea5ae23          	sw	a0,-4(a1)

000071f0 <.LBE94814>:
    71f0:	fcd646e3          	blt	a2,a3,71bc <.L206>

000071f4 <.L205>:
    71f4:	00d05e63          	blez	a3,7210 <.L204>

000071f8 <.LM10309>:
    71f8:	00072583          	lw	a1,0(a4)

000071fc <.LM10310>:
    71fc:	00200613          	li	a2,2

00007200 <.LM10311>:
    7200:	00b7a023          	sw	a1,0(a5)

00007204 <.LM10312>:
    7204:	00c69663          	bne	a3,a2,7210 <.L204>

00007208 <.LM10313>:
    7208:	00472703          	lw	a4,4(a4)
    720c:	00e7a223          	sw	a4,4(a5)

00007210 <.L204>:
    7210:	42002783          	lw	a5,1056(zero) # 420 <.LLST104>

00007214 <.LM10320>:
    7214:	08000713          	li	a4,128
    7218:	00279793          	slli	a5,a5,0x2

0000721c <.LM10322>:
    721c:	3f37c683          	lbu	a3,1011(a5)
    7220:	06078793          	addi	a5,a5,96

00007224 <.LM10323>:
    7224:	00e68863          	beq	a3,a4,7234 <.L211>

00007228 <.L208>:
    7228:	0ff0000f          	fence

0000722c <.LBE94821>:
    722c:	3937c683          	lbu	a3,915(a5)

00007230 <.LM10329>:
    7230:	fee69ce3          	bne	a3,a4,7228 <.L208>

00007234 <.L211>:
    7234:	c8340002          	ttsetc16	13,0

00007238 <.LM10342>:
    7238:	c8740002          	ttsetc16	29,0

0000723c <.LM10344>:
    723c:	c8c00002          	ttsetc16	48,0

00007240 <.LBE94826>:
    7240:	40610000          	ttzeroacc	3,0,0,1,0

00007244 <.LBB94828>:
    7244:	8201a783          	lw	a5,-2016(gp) # ffb00010 <rta_l1_base>

00007248 <.LBE94833>:
    7248:	0007a703          	lw	a4,0(a5)

0000724c <.LBE94831>:
    724c:	00070463          	beqz	a4,7254 <.L210>

00007250 <.LM10361>:
    7250:	82e1a823          	sw	a4,-2000(gp) # ffb00020 <_ZN12_GLOBAL__N_1L13g_blend_t_epsE>

00007254 <.L210>:
    7254:	0047a703          	lw	a4,4(a5)

00007258 <.LBB94836>:
    7258:	ffec17b7          	lui	a5,0xffec1

0000725c <.LBE94836>:
    725c:	82e1aa23          	sw	a4,-1996(gp) # ffb00024 <_ZN12_GLOBAL__N_1L18g_pixel_floor_bitsE>

00007260 <.LBB94841>:
    7260:	0007a783          	lw	a5,0(a5) # ffec1000 <__instrn_buffer+0x81000>

00007264 <.LBE94841>:
    7264:	0007ac03          	lw	s8,0(a5)

00007268 <.LBB94844>:
    7268:	c83c0002          	ttsetc16	15,0

0000726c <.LM10402>:
    726c:	c87c0002          	ttsetc16	31,0

00007270 <.LM10404>:
    7270:	c8c80002          	ttsetc16	50,0

00007274 <.LBB94853>:
    7274:	c8300006          	ttsetc16	12,1

00007278 <.LM10410>:
    7278:	c8700006          	ttsetc16	28,1

0000727c <.LM10412>:
    727c:	c8bc0002          	ttsetc16	47,0

00007280 <.LBB94855>:
    7280:	c8380022          	ttsetc16	14,8

00007284 <.LM10418>:
    7284:	c8780022          	ttsetc16	30,8

00007288 <.LM10420>:
    7288:	c8c40002          	ttsetc16	49,0

0000728c <.LBB94857>:
    728c:	ffe806b7          	lui	a3,0xffe80
    7290:	00868613          	addi	a2,a3,8 # ffe80008 <__instrn_buffer+0x40008>
    7294:	00000793          	li	a5,0

00007298 <.LM10426>:
    7298:	00f62023          	sw	a5,0(a2)
    729c:	00062783          	lw	a5,0(a2)
    72a0:	00f07033          	and	zero,zero,a5

000072a4 <.LBE94863>:
    72a4:	ffb807b7          	lui	a5,0xffb80
    72a8:	00400613          	li	a2,4
    72ac:	00c7a023          	sw	a2,0(a5) # ffb80000 <__global_pointer$+0x7f810>

000072b0 <.LM10429>:
    72b0:	00200613          	li	a2,2
    72b4:	00c7a223          	sw	a2,4(a5)

000072b8 <.LM10430>:
    72b8:	020005b7          	lui	a1,0x2000

000072bc <.LM10431>:
    72bc:	37c00637          	lui	a2,0x37c00

000072c0 <.LM10432>:
    72c0:	00b7a423          	sw	a1,8(a5)

000072c4 <.LM10433>:
    72c4:	00360613          	addi	a2,a2,3 # 37c00003 <__device_print_strings_info_end+0x31700003>
    72c8:	00c7a623          	sw	a2,12(a5)

000072cc <.LM10434>:
    72cc:	00b7a823          	sw	a1,16(a5)

000072d0 <.LM10435>:
    72d0:	28008637          	lui	a2,0x28008
    72d4:	00c7aa23          	sw	a2,20(a5)

000072d8 <.LM10436>:
    72d8:	00b7ac23          	sw	a1,24(a5)

000072dc <.LM10437>:
    72dc:	00c7ae23          	sw	a2,28(a5)

000072e0 <.LM10438>:
    72e0:	02c7a023          	sw	a2,32(a5)

000072e4 <.LBE94857>:
    72e4:	c81c0002          	ttsetc16	7,0

000072e8 <.LBB94866>:
    72e8:	dc00003c          	ttsetrwc	0,0,0,0,0,15

000072ec <.LBB94868>:
    72ec:	00000793          	li	a5,0
    72f0:	00468713          	addi	a4,a3,4
    72f4:	00f72023          	sw	a5,0(a4)
    72f8:	00072783          	lw	a5,0(a4)
    72fc:	00f07033          	and	zero,zero,a5

00007300 <.L212>:
    7300:	0246a783          	lw	a5,36(a3)

00007304 <.LBE94875>:
    7304:	0ff7f793          	zext.b	a5,a5
    7308:	fe079ce3          	bnez	a5,7300 <.L212>

0000730c <.LM10459>:
    730c:	8c400022          	ttseminit	1,0,2

00007310 <.LBB94877>:
    7310:	8001a823          	sw	zero,-2032(gp) # ffb00000 <_ZN7ckernel14dest_offset_idE>

00007314 <.LBB94879>:
    7314:	c8040002          	ttsetc16	1,0

00007318 <.LBB94881>:
    7318:	ffe40737          	lui	a4,0xffe40
    731c:	b30807b7          	lui	a5,0xb3080
    7320:	00070993          	mv	s3,a4
    7324:	0dc78793          	addi	a5,a5,220 # b30800dc <__device_print_strings_info_end+0xacb800dc>
    7328:	00f9a023          	sw	a5,0(s3)

0000732c <.LBE94885>:
    732c:	89000042          	ttstallwait	128,16

00007330 <.LBB94888>:
    7330:	b68007b7          	lui	a5,0xb6800
    7334:	00178793          	addi	a5,a5,1 # b6800001 <__device_print_strings_info_end+0xb0300001>
    7338:	00f9a023          	sw	a5,0(s3)

0000733c <.LBB94891>:
    733c:	b62027b7          	lui	a5,0xb6202
    7340:	00178793          	addi	a5,a5,1 # b6202001 <__device_print_strings_info_end+0xafd02001>
    7344:	00f9a023          	sw	a5,0(s3)

00007348 <.LBB94894>:
    7348:	b64047b7          	lui	a5,0xb6404
    734c:	00178793          	addi	a5,a5,1 # b6404001 <__device_print_strings_info_end+0xaff04001>
    7350:	00f9a023          	sw	a5,0(s3)

00007354 <.LBB94897>:
    7354:	440003c6          	sfpconfig	15,0,1

00007358 <.LBB94902>:
    7358:	c84c0002          	ttsetc16	19,0

0000735c <.LM10486>:
    735c:	c88c0002          	ttsetc16	35,0

00007360 <.LM10488>:
    7360:	c8d80002          	ttsetc16	54,0

00007364 <.LBB94905>:
    7364:	dc00003c          	ttsetrwc	0,0,0,0,0,15

00007368 <.LBB94907>:
    7368:	00008637          	lui	a2,0x8

0000736c <.LBB94911>:
    736c:	000086b7          	lui	a3,0x8

00007370 <.LBB94913>:
    7370:	00008737          	lui	a4,0x8

00007374 <.LBE94909>:
    7374:	83818913          	addi	s2,gp,-1992 # ffb00028 <_ZN12_GLOBAL__N_1L13g_blend_chainE>

00007378 <.LBB95660>:
    7378:	f6460613          	addi	a2,a2,-156 # 7f64 <_ZN12_GLOBAL__N_1L16blend_chain_bodyILm0ELm1EEEvmPKNS_15BlendChainEntryE>

0000737c <.LBB95653>:
    737c:	17068693          	addi	a3,a3,368 # 8170 <_ZN12_GLOBAL__N_1L16blend_chain_bodyILm0ELm2EEEvmPKNS_15BlendChainEntryE>

00007380 <.LBB95645>:
    7380:	37c70713          	addi	a4,a4,892 # 837c <_ZN12_GLOBAL__N_1L16blend_chain_bodyILm0ELm3EEEvmPKNS_15BlendChainEntryE>

00007384 <.LBB94915>:
    7384:	00008337          	lui	t1,0x8

00007388 <.LBB94919>:
    7388:	000098b7          	lui	a7,0x9

0000738c <.LBB94921>:
    738c:	00009837          	lui	a6,0x9

00007390 <.LBB94923>:
    7390:	000097b7          	lui	a5,0x9

00007394 <.LBE94919>:
    7394:	6f830313          	addi	t1,t1,1784 # 86f8 <_ZN12_GLOBAL__N_1L16blend_chain_bodyILm1ELm1EEEvmPKNS_15BlendChainEntryE>

00007398 <.LBB95624>:
    7398:	90488893          	addi	a7,a7,-1788 # 8904 <_ZN12_GLOBAL__N_1L16blend_chain_bodyILm1ELm2EEEvmPKNS_15BlendChainEntryE>

0000739c <.LBB95614>:
    739c:	b1080813          	addi	a6,a6,-1264 # 8b10 <_ZN12_GLOBAL__N_1L16blend_chain_bodyILm1ELm3EEEvmPKNS_15BlendChainEntryE>

000073a0 <.LBB95594>:
    73a0:	e8c78793          	addi	a5,a5,-372 # 8e8c <_ZN12_GLOBAL__N_1L16blend_chain_bodyILm2ELm1EEEvmPKNS_15BlendChainEntryE>

000073a4 <.LBE94915>:
    73a4:	00c92223          	sw	a2,4(s2)

000073a8 <.LBB95654>:
    73a8:	00d92423          	sw	a3,8(s2)

000073ac <.LBB95646>:
    73ac:	00e92623          	sw	a4,12(s2)

000073b0 <.LBB94927>:
    73b0:	00009537          	lui	a0,0x9

000073b4 <.LBB94929>:
    73b4:	000095b7          	lui	a1,0x9

000073b8 <.LBB94931>:
    73b8:	00009637          	lui	a2,0x9

000073bc <.LBB94935>:
    73bc:	0000a6b7          	lui	a3,0xa

000073c0 <.LBB94937>:
    73c0:	0000a737          	lui	a4,0xa

000073c4 <.LBE94929>:
    73c4:	09850513          	addi	a0,a0,152 # 9098 <_ZN12_GLOBAL__N_1L16blend_chain_bodyILm2ELm2EEEvmPKNS_15BlendChainEntryE>

000073c8 <.LBB95578>:
    73c8:	2a458593          	addi	a1,a1,676 # 92a4 <_ZN12_GLOBAL__N_1L16blend_chain_bodyILm2ELm3EEEvmPKNS_15BlendChainEntryE>

000073cc <.LBB95558>:
    73cc:	62060613          	addi	a2,a2,1568 # 9620 <_ZN12_GLOBAL__N_1L16blend_chain_bodyILm3ELm1EEEvmPKNS_15BlendChainEntryE>

000073d0 <.LBB95548>:
    73d0:	82c68693          	addi	a3,a3,-2004 # 982c <_ZN12_GLOBAL__N_1L16blend_chain_bodyILm3ELm2EEEvmPKNS_15BlendChainEntryE>

000073d4 <.LBB95538>:
    73d4:	a3870713          	addi	a4,a4,-1480 # 9a38 <_ZN12_GLOBAL__N_1L16blend_chain_bodyILm3ELm3EEEvmPKNS_15BlendChainEntryE>

000073d8 <.LBE94927>:
    73d8:	00692a23          	sw	t1,20(s2)

000073dc <.LBB95626>:
    73dc:	01192c23          	sw	a7,24(s2)

000073e0 <.LBB95616>:
    73e0:	01092e23          	sw	a6,28(s2)

000073e4 <.LBB95596>:
    73e4:	02f92223          	sw	a5,36(s2)

000073e8 <.LBB94939>:
    73e8:	0000a337          	lui	t1,0xa

000073ec <.LBB94943>:
    73ec:	0000a8b7          	lui	a7,0xa

000073f0 <.LBB94945>:
    73f0:	0000a837          	lui	a6,0xa

000073f4 <.LBB94947>:
    73f4:	0000a7b7          	lui	a5,0xa

000073f8 <.LBE94943>:
    73f8:	db430313          	addi	t1,t1,-588 # 9db4 <_ZN12_GLOBAL__N_1L16blend_chain_bodyILm4ELm1EEEvmPKNS_15BlendChainEntryE>

000073fc <.LBB95516>:
    73fc:	fc088893          	addi	a7,a7,-64 # 9fc0 <_ZN12_GLOBAL__N_1L16blend_chain_bodyILm4ELm2EEEvmPKNS_15BlendChainEntryE>

00007400 <.LBB95506>:
    7400:	1cc80813          	addi	a6,a6,460 # a1cc <_ZN12_GLOBAL__N_1L16blend_chain_bodyILm4ELm3EEEvmPKNS_15BlendChainEntryE>

00007404 <.LBB95486>:
    7404:	54878793          	addi	a5,a5,1352 # a548 <_ZN12_GLOBAL__N_1L16blend_chain_bodyILm5ELm1EEEvmPKNS_15BlendChainEntryE>

00007408 <.LBE94939>:
    7408:	02a92423          	sw	a0,40(s2)

0000740c <.LBB95580>:
    740c:	02b92623          	sw	a1,44(s2)

00007410 <.LBB95560>:
    7410:	02c92a23          	sw	a2,52(s2)

00007414 <.LBB95550>:
    7414:	02d92c23          	sw	a3,56(s2)

00007418 <.LBB95540>:
    7418:	02e92e23          	sw	a4,60(s2)

0000741c <.LBB94951>:
    741c:	0000a537          	lui	a0,0xa

00007420 <.LBB94953>:
    7420:	0000b5b7          	lui	a1,0xb

00007424 <.LBB94955>:
    7424:	0000b637          	lui	a2,0xb

00007428 <.LBB94959>:
    7428:	0000b6b7          	lui	a3,0xb

0000742c <.LBB94961>:
    742c:	0000b737          	lui	a4,0xb

00007430 <.LBE94953>:
    7430:	75450513          	addi	a0,a0,1876 # a754 <_ZN12_GLOBAL__N_1L16blend_chain_bodyILm5ELm2EEEvmPKNS_15BlendChainEntryE>

00007434 <.LBB95470>:
    7434:	96058593          	addi	a1,a1,-1696 # a960 <_ZN12_GLOBAL__N_1L16blend_chain_bodyILm5ELm3EEEvmPKNS_15BlendChainEntryE>

00007438 <.LBB95450>:
    7438:	cdc60613          	addi	a2,a2,-804 # acdc <_ZN12_GLOBAL__N_1L16blend_chain_bodyILm6ELm1EEEvmPKNS_15BlendChainEntryE>

0000743c <.LBB95440>:
    743c:	ee868693          	addi	a3,a3,-280 # aee8 <_ZN12_GLOBAL__N_1L16blend_chain_bodyILm6ELm2EEEvmPKNS_15BlendChainEntryE>

00007440 <.LBB95430>:
    7440:	0f470713          	addi	a4,a4,244 # b0f4 <_ZN12_GLOBAL__N_1L16blend_chain_bodyILm6ELm3EEEvmPKNS_15BlendChainEntryE>

00007444 <.LBE94951>:
    7444:	04692223          	sw	t1,68(s2)

00007448 <.LBB95518>:
    7448:	05192423          	sw	a7,72(s2)

0000744c <.LBB95508>:
    744c:	05092623          	sw	a6,76(s2)

00007450 <.LBB95488>:
    7450:	04f92a23          	sw	a5,84(s2)

00007454 <.LBB94963>:
    7454:	0000b337          	lui	t1,0xb

00007458 <.LBB94967>:
    7458:	0000b8b7          	lui	a7,0xb

0000745c <.LBB94969>:
    745c:	0000c837          	lui	a6,0xc

00007460 <.LBE94963>:
    7460:	000087b7          	lui	a5,0x8
    7464:	f6078793          	addi	a5,a5,-160 # 7f60 <_ZN12_GLOBAL__N_1L15blend_chain_endEmPKNS_15BlendChainEntryE>

00007468 <.LBB95416>:
    7468:	47030313          	addi	t1,t1,1136 # b470 <_ZN12_GLOBAL__N_1L16blend_chain_bodyILm7ELm1EEEvmPKNS_15BlendChainEntryE>

0000746c <.LBB95409>:
    746c:	67c88893          	addi	a7,a7,1660 # b67c <_ZN12_GLOBAL__N_1L16blend_chain_bodyILm7ELm2EEEvmPKNS_15BlendChainEntryE>

00007470 <.LBB95401>:
    7470:	88880813          	addi	a6,a6,-1912 # b888 <_ZN12_GLOBAL__N_1L16blend_chain_bodyILm7ELm3EEEvmPKNS_15BlendChainEntryE>

00007474 <.LBE95401>:
    7474:	04a92c23          	sw	a0,88(s2)

00007478 <.LBB95473>:
    7478:	04b92e23          	sw	a1,92(s2)

0000747c <.LBB95453>:
    747c:	06c92223          	sw	a2,100(s2)

00007480 <.LBB95443>:
    7480:	06d92423          	sw	a3,104(s2)

00007484 <.LBB95433>:
    7484:	06e92623          	sw	a4,108(s2)

00007488 <.LBB94971>:
    7488:	0000c537          	lui	a0,0xc

0000748c <.LBB94975>:
    748c:	0000c5b7          	lui	a1,0xc

00007490 <.LBB94977>:
    7490:	0000c637          	lui	a2,0xc

00007494 <.LBB94979>:
    7494:	0000c6b7          	lui	a3,0xc

00007498 <.LBB94983>:
    7498:	0000c737          	lui	a4,0xc

0000749c <.LBE94971>:
    749c:	06692a23          	sw	t1,116(s2)

000074a0 <.LBB95411>:
    74a0:	07192c23          	sw	a7,120(s2)

000074a4 <.LBB95403>:
    74a4:	07092e23          	sw	a6,124(s2)

000074a8 <.LBE95403>:
    74a8:	00f92023          	sw	a5,0(s2)

000074ac <.LBB95640>:
    74ac:	00f92823          	sw	a5,16(s2)

000074b0 <.LBB95608>:
    74b0:	02f92023          	sw	a5,32(s2)

000074b4 <.LBB95572>:
    74b4:	02f92823          	sw	a5,48(s2)

000074b8 <.LBB95532>:
    74b8:	04f92023          	sw	a5,64(s2)

000074bc <.LBB95500>:
    74bc:	04f92823          	sw	a5,80(s2)

000074c0 <.LBB95464>:
    74c0:	06f92023          	sw	a5,96(s2)

000074c4 <.LBB95424>:
    74c4:	06f92823          	sw	a5,112(s2)

000074c8 <.LBB95393>:
    74c8:	c0450513          	addi	a0,a0,-1020 # bc04 <_ZN12_GLOBAL__N_1L16blend_chain_bodyILm8ELm1EEEvmPKNS_15BlendChainEntryE>

000074cc <.LBB95388>:
    74cc:	e1058593          	addi	a1,a1,-496 # be10 <_ZN12_GLOBAL__N_1L16blend_chain_bodyILm8ELm2EEEvmPKNS_15BlendChainEntryE>

000074d0 <.LBB95382>:
    74d0:	01c60613          	addi	a2,a2,28 # c01c <_ZN12_GLOBAL__N_1L16blend_chain_bodyILm8ELm3EEEvmPKNS_15BlendChainEntryE>

000074d4 <.LBB95366>:
    74d4:	39868693          	addi	a3,a3,920 # c398 <_ZN12_GLOBAL__N_1L16blend_chain_bodyILm9ELm1EEEvmPKNS_15BlendChainEntryE>

000074d8 <.LBB95356>:
    74d8:	5a470713          	addi	a4,a4,1444 # c5a4 <_ZN12_GLOBAL__N_1L16blend_chain_bodyILm9ELm2EEEvmPKNS_15BlendChainEntryE>

000074dc <.LBE95356>:
    74dc:	08f92023          	sw	a5,128(s2)

000074e0 <.LBB94985>:
    74e0:	0000d337          	lui	t1,0xd

000074e4 <.LBB94991>:
    74e4:	0000d8b7          	lui	a7,0xd

000074e8 <.LBE94985>:
    74e8:	08f92823          	sw	a5,144(s2)

000074ec <.LBB95336>:
    74ec:	0af92023          	sw	a5,160(s2)

000074f0 <.LBB94993>:
    74f0:	0af92823          	sw	a5,176(s2)

000074f4 <.LBB94997>:
    74f4:	0cf92023          	sw	a5,192(s2)

000074f8 <.LBB95005>:
    74f8:	0cf92823          	sw	a5,208(s2)

000074fc <.LBB95013>:
    74fc:	0ef92023          	sw	a5,224(s2)

00007500 <.LBB95021>:
    7500:	0ef92823          	sw	a5,240(s2)

00007504 <.LBE94995>:
    7504:	0000d837          	lui	a6,0xd

00007508 <.LBE94993>:
    7508:	08a92223          	sw	a0,132(s2)

0000750c <.LBB95390>:
    750c:	08b92423          	sw	a1,136(s2)

00007510 <.LBB95261>:
    7510:	0000d537          	lui	a0,0xd

00007514 <.LBB95245>:
    7514:	0000d5b7          	lui	a1,0xd

00007518 <.LBE95245>:
    7518:	08c92623          	sw	a2,140(s2)

0000751c <.LBB95370>:
    751c:	08d92a23          	sw	a3,148(s2)

00007520 <.LBB95229>:
    7520:	0000d637          	lui	a2,0xd

00007524 <.LBB95197>:
    7524:	0000e6b7          	lui	a3,0xe

00007528 <.LBE95197>:
    7528:	08e92c23          	sw	a4,152(s2)

0000752c <.LBB95165>:
    752c:	0000e7b7          	lui	a5,0xe

00007530 <.LBE95165>:
    7530:	0000e737          	lui	a4,0xe

00007534 <.LBE95181>:
    7534:	b2c30313          	addi	t1,t1,-1236 # cb2c <_ZN12_GLOBAL__N_1L16blend_chain_bodyILm10ELm1EEEvmPKNS_15BlendChainEntryE>

00007538 <.LBB95311>:
    7538:	d3888893          	addi	a7,a7,-712 # cd38 <_ZN12_GLOBAL__N_1L16blend_chain_bodyILm10ELm2EEEvmPKNS_15BlendChainEntryE>

0000753c <.LBB95295>:
    753c:	f4480813          	addi	a6,a6,-188 # cf44 <_ZN12_GLOBAL__N_1L16blend_chain_bodyILm10ELm3EEEvmPKNS_15BlendChainEntryE>

00007540 <.LBB95264>:
    7540:	2c050513          	addi	a0,a0,704 # d2c0 <_ZN12_GLOBAL__N_1L16blend_chain_bodyILm11ELm1EEEvmPKNS_15BlendChainEntryE>

00007544 <.LBB95248>:
    7544:	4cc58593          	addi	a1,a1,1228 # d4cc <_ZN12_GLOBAL__N_1L16blend_chain_bodyILm11ELm2EEEvmPKNS_15BlendChainEntryE>

00007548 <.LBB95231>:
    7548:	6d860613          	addi	a2,a2,1752 # d6d8 <_ZN12_GLOBAL__N_1L16blend_chain_bodyILm11ELm3EEEvmPKNS_15BlendChainEntryE>

0000754c <.LBB95199>:
    754c:	a5468693          	addi	a3,a3,-1452 # da54 <_ZN12_GLOBAL__N_1L16blend_chain_bodyILm12ELm1EEEvmPKNS_15BlendChainEntryE>

00007550 <.LBB95182>:
    7550:	c6070713          	addi	a4,a4,-928 # dc60 <_ZN12_GLOBAL__N_1L16blend_chain_bodyILm12ELm2EEEvmPKNS_15BlendChainEntryE>

00007554 <.LBB95166>:
    7554:	e6c78793          	addi	a5,a5,-404 # de6c <_ZN12_GLOBAL__N_1L16blend_chain_bodyILm12ELm3EEEvmPKNS_15BlendChainEntryE>

00007558 <.LBE95166>:
    7558:	0000ce37          	lui	t3,0xc

0000755c <.LBB95326>:
    755c:	0a692223          	sw	t1,164(s2)

00007560 <.LBB95312>:
    7560:	0b192423          	sw	a7,168(s2)

00007564 <.LBB95136>:
    7564:	0000e337          	lui	t1,0xe

00007568 <.LBB95122>:
    7568:	0000e8b7          	lui	a7,0xe

0000756c <.LBE95122>:
    756c:	0b092623          	sw	a6,172(s2)

00007570 <.LBB95266>:
    7570:	0aa92a23          	sw	a0,180(s2)

00007574 <.LBB95109>:
    7574:	0000e837          	lui	a6,0xe

00007578 <.LBB95085>:
    7578:	0000f537          	lui	a0,0xf

0000757c <.LBE95085>:
    757c:	0ab92c23          	sw	a1,184(s2)

00007580 <.LBB95234>:
    7580:	0ac92e23          	sw	a2,188(s2)

00007584 <.LBB95074>:
    7584:	0000f5b7          	lui	a1,0xf

00007588 <.LBB95064>:
    7588:	0000f637          	lui	a2,0xf

0000758c <.LBE95064>:
    758c:	0cd92223          	sw	a3,196(s2)

00007590 <.LBB95186>:
    7590:	0ce92423          	sw	a4,200(s2)

00007594 <.LBB95029>:
    7594:	0000f6b7          	lui	a3,0xf

00007598 <.LBB95031>:
    7598:	0000f737          	lui	a4,0xf

0000759c <.LBE95029>:
    759c:	0cf92623          	sw	a5,204(s2)

000075a0 <.LBB95033>:
    75a0:	0000f7b7          	lui	a5,0xf

000075a4 <.LBE95033>:
    75a4:	7b0e0e13          	addi	t3,t3,1968 # c7b0 <_ZN12_GLOBAL__N_1L16blend_chain_bodyILm9ELm3EEEvmPKNS_15BlendChainEntryE>

000075a8 <.LBB95141>:
    75a8:	1e830313          	addi	t1,t1,488 # e1e8 <_ZN12_GLOBAL__N_1L16blend_chain_bodyILm13ELm1EEEvmPKNS_15BlendChainEntryE.lto_priv.0>

000075ac <.LBB95127>:
    75ac:	3f488893          	addi	a7,a7,1012 # e3f4 <_ZN12_GLOBAL__N_1L16blend_chain_bodyILm13ELm2EEEvmPKNS_15BlendChainEntryE.lto_priv.0>

000075b0 <.LBB95113>:
    75b0:	60080813          	addi	a6,a6,1536 # e600 <_ZN12_GLOBAL__N_1L16blend_chain_bodyILm13ELm3EEEvmPKNS_15BlendChainEntryE.lto_priv.0>

000075b4 <.LBB95089>:
    75b4:	97c50513          	addi	a0,a0,-1668 # e97c <_ZN12_GLOBAL__N_1L16blend_chain_bodyILm14ELm1EEEvmPKNS_15BlendChainEntryE.lto_priv.0>

000075b8 <.LBB95077>:
    75b8:	b7458593          	addi	a1,a1,-1164 # eb74 <_ZN12_GLOBAL__N_1L16blend_chain_bodyILm14ELm2EEEvmPKNS_15BlendChainEntryE.lto_priv.0>

000075bc <.LBB95067>:
    75bc:	d6c60613          	addi	a2,a2,-660 # ed6c <_ZN12_GLOBAL__N_1L16blend_chain_bodyILm14ELm3EEEvmPKNS_15BlendChainEntryE.lto_priv.0>

000075c0 <.LBB95049>:
    75c0:	0d468693          	addi	a3,a3,212 # f0d4 <_ZN12_GLOBAL__N_1L16blend_chain_bodyILm15ELm1EEEvmPKNS_15BlendChainEntryE.lto_priv.0>

000075c4 <.LBB95043>:
    75c4:	1c870713          	addi	a4,a4,456 # f1c8 <_ZN12_GLOBAL__N_1L16blend_chain_bodyILm15ELm2EEEvmPKNS_15BlendChainEntryE.lto_priv.0>

000075c8 <.LBB95037>:
    75c8:	2bc78793          	addi	a5,a5,700 # f2bc <_ZN12_GLOBAL__N_1L16blend_chain_bodyILm15ELm3EEEvmPKNS_15BlendChainEntryE.lto_priv.0>

000075cc <.LBE95037>:
    75cc:	09c92e23          	sw	t3,156(s2)

000075d0 <.LBB95142>:
    75d0:	0c692a23          	sw	t1,212(s2)

000075d4 <.LBB95128>:
    75d4:	0d192c23          	sw	a7,216(s2)

000075d8 <.LBB95114>:
    75d8:	0d092e23          	sw	a6,220(s2)

000075dc <.LBB95090>:
    75dc:	0ea92223          	sw	a0,228(s2)

000075e0 <.LBB95078>:
    75e0:	0eb92423          	sw	a1,232(s2)

000075e4 <.LBB95068>:
    75e4:	0ec92623          	sw	a2,236(s2)

000075e8 <.LBB95050>:
    75e8:	0ed92a23          	sw	a3,244(s2)

000075ec <.LBB95044>:
    75ec:	0ee92c23          	sw	a4,248(s2)

000075f0 <.LBB95038>:
    75f0:	0ef92e23          	sw	a5,252(s2)

000075f4 <.LBE94907>:
    75f4:	1c0c0063          	beqz	s8,77b4 <.L272>

000075f8 <.LM10593>:
    75f8:	0d512a23          	sw	s5,212(sp)

000075fc <.LM10596>:
    75fc:	001c0793          	addi	a5,s8,1

00007600 <.LBB95663>:
    7600:	7f800ab7          	lui	s5,0x7f800
    7604:	0e912223          	sw	s1,228(sp)
    7608:	0d612823          	sw	s6,208(sp)
    760c:	0d712623          	sw	s7,204(sp)
    7610:	0d912223          	sw	s9,196(sp)
    7614:	0e812423          	sw	s0,232(sp)
    7618:	0da12023          	sw	s10,192(sp)
    761c:	0bb12e23          	sw	s11,188(sp)

00007620 <.LBE95663>:
    7620:	0017bb93          	seqz	s7,a5

00007624 <.LBB95676>:
    7624:	001a8b13          	addi	s6,s5,1 # 7f800001 <__device_print_strings_info_end+0x79300001>

00007628 <.LBE95676>:
    7628:	00000c93          	li	s9,0
    762c:	000c0493          	mv	s1,s8

00007630 <.L257>:
    7630:	fff00c13          	li	s8,-1
    7634:	00000313          	li	t1,0
    7638:	118484e3          	beq	s1,s8,7f40 <.L308>

0000763c <.L214>:
    763c:	ffe80437          	lui	s0,0xffe80
    7640:	00912e23          	sw	s1,28(sp)
    7644:	03712023          	sw	s7,32(sp)
    7648:	03912223          	sw	s9,36(sp)

0000764c <.L256>:
    764c:	ffec17b7          	lui	a5,0xffec1
    7650:	0007a783          	lw	a5,0(a5) # ffec1000 <__instrn_buffer+0x81000>

00007654 <.LBE96199>:
    7654:	0007ad83          	lw	s11,0(a5)

00007658 <.LM10624>:
    7658:	0047a783          	lw	a5,4(a5)

0000765c <.LBE96198>:
    765c:	0027f713          	andi	a4,a5,2

00007660 <.LM10630>:
    7660:	0017f693          	andi	a3,a5,1

00007664 <.LM10631>:
    7664:	16070863          	beqz	a4,77d4 <.L216>

00007668 <.L227>:
    7668:	100d8263          	beqz	s11,776c <.L217>

0000766c <.LBB96042>:
    766c:	8101a783          	lw	a5,-2032(gp) # ffb00000 <_ZN7ckernel14dest_offset_idE>

00007670 <.LBE96053>:
    7670:	b2010737          	lui	a4,0xb2010

00007674 <.LBB96057>:
    7674:	00f037b3          	snez	a5,a5
    7678:	00979793          	slli	a5,a5,0x9

0000767c <.LBE96057>:
    767c:	00e787b3          	add	a5,a5,a4

00007680 <.LBB96047>:
    7680:	ffec1737          	lui	a4,0xffec1
    7684:	00072483          	lw	s1,0(a4) # ffec1000 <__instrn_buffer+0x81000>

00007688 <.LBB96058>:
    7688:	00f9a023          	sw	a5,0(s3)

0000768c <.LBE96060>:
    768c:	8a000042          	ttstallwait	256,16

00007690 <.LBB96064>:
    7690:	8341a783          	lw	a5,-1996(gp) # ffb00024 <_ZN12_GLOBAL__N_1L18g_pixel_floor_bitsE>

00007694 <.LBB96066>:
    7694:	71020637          	lui	a2,0x71020
    7698:	0807c733          	zext.h	a4,a5
    769c:	00c70733          	add	a4,a4,a2
    76a0:	00e9a023          	sw	a4,0(s3)
    76a4:	0107d793          	srli	a5,a5,0x10

000076a8 <.LM10681>:
    76a8:	71080737          	lui	a4,0x71080
    76ac:	00e787b3          	add	a5,a5,a4
    76b0:	00f9a023          	sw	a5,0(s3)

000076b4 <.LBB96071>:
    76b4:	c8038631          	sfpstore	L0,396,0,7

000076b8 <.LBB96078>:
    76b8:	c4080201          	sfploadi	L0,128,2
    76bc:	c420de01          	sfploadi	L0,14208,8

000076c0 <.LBB96084>:
    76c0:	c8038651          	sfpstore	L0,404,0,7

000076c4 <.LBB96091>:
    76c4:	c40aa8ed          	sfploadi	L0,-21957,2
    76c8:	c420fee1          	sfploadi	L0,16312,8

000076cc <.LBB96097>:
    76cc:	44000302          	sfpconfig	12,0,0

000076d0 <.LBB96100>:
    76d0:	c40a9061          	sfploadi	L0,-23528,2
    76d4:	c4209eb1          	sfploadi	L0,10156,8

000076d8 <.LBB96105>:
    76d8:	44000342          	sfpconfig	13,0,0

000076dc <.LBB96108>:
    76dc:	c4096b69          	sfploadi	L0,23258,2
    76e0:	c420cea1          	sfploadi	L0,13224,8

000076e4 <.LBB96113>:
    76e4:	44000382          	sfpconfig	14,0,0

000076e8 <.LBB96116>:
    76e8:	c408e215          	sfploadi	L0,14469,2
    76ec:	c420fe01          	sfploadi	L0,16256,8

000076f0 <.LBB96121>:
    76f0:	c8038659          	sfpstore	L0,406,0,7

000076f4 <.LBB96128>:
    76f4:	c409c291          	sfploadi	L0,28836,2
    76f8:	c420fdf5          	sfploadi	L0,16253,8

000076fc <.LBB96133>:
    76fc:	c8038661          	sfpstore	L0,408,0,7

00007700 <.LBB96141>:
    7700:	00030d13          	mv	s10,t1

00007704 <.LBB95829>:
    7704:	710807b7          	lui	a5,0x71080
    7708:	00f12623          	sw	a5,12(sp)

0000770c <.LBB95850>:
    770c:	710207b7          	lui	a5,0x71020

00007710 <.LBE95829>:
    7710:	00000c93          	li	s9,0

00007714 <.LBB95841>:
    7714:	71020bb7          	lui	s7,0x71020

00007718 <.LBB95858>:
    7718:	00f12823          	sw	a5,16(sp)
    771c:	00d12a23          	sw	a3,20(sp)
    7720:	00612c23          	sw	t1,24(sp)

00007724 <.L255>:
    7724:	000d0663          	beqz	s10,7730 <.L228>

00007728 <.LM10792>:
    7728:	1ffd7693          	andi	a3,s10,511

0000772c <.LM10793>:
    772c:	52068a63          	beqz	a3,7c60 <.L309>

00007730 <.L228>:
    7730:	005c9793          	slli	a5,s9,0x5
    7734:	009787b3          	add	a5,a5,s1

00007738 <.LBE96028>:
    7738:	00c7a503          	lw	a0,12(a5) # 7102000c <__device_print_strings_info_end+0x6ab2000c>

0000773c <.LM10797>:
    773c:	001d0d13          	addi	s10,s10,1

00007740 <.LBB96031>:
    7740:	00ac7533          	and	a0,s8,a0

00007744 <.LM10804>:
    7744:	3a051463          	bnez	a0,7aec <.L310>

00007748 <.L254>:
    7748:	001c8c93          	addi	s9,s9,1

0000774c <.LM10807>:
    774c:	fd9d9ce3          	bne	s11,s9,7724 <.L255>
    7750:	01812303          	lw	t1,24(sp)
    7754:	01412683          	lw	a3,20(sp)
    7758:	01b30333          	add	t1,t1,s11

0000775c <.LBB96150>:
    775c:	dc000010          	ttsetrwc	0,0,0,0,0,4

00007760 <.LBB96153>:
    7760:	ffec17b7          	lui	a5,0xffec1

00007764 <.LBE96153>:
    7764:	001d8d93          	addi	s11,s11,1

00007768 <.LBB96156>:
    7768:	01b7a023          	sw	s11,0(a5) # ffec1000 <__instrn_buffer+0x81000>

0000776c <.L217>:
    776c:	ee0680e3          	beqz	a3,764c <.L256>

00007770 <.LBB96204>:
    7770:	01c12483          	lw	s1,28(sp)
    7774:	02012b83          	lw	s7,32(sp)
    7778:	02412c83          	lw	s9,36(sp)
    777c:	88042042          	ttstallwait	2,2064

00007780 <.LM10839>:
    7780:	90000022          	ttsempost	2

00007784 <.LBE96204>:
    7784:	001c8c93          	addi	s9,s9,1

00007788 <.LM10857>:
    7788:	009cb7b3          	sltu	a5,s9,s1

0000778c <.LM10859>:
    778c:	00fbe7b3          	or	a5,s7,a5
    7790:	ea0790e3          	bnez	a5,7630 <.L257>

00007794 <.L307>:
    7794:	0e812403          	lw	s0,232(sp)
    7798:	0e412483          	lw	s1,228(sp)
    779c:	0d412a83          	lw	s5,212(sp)
    77a0:	0d012b03          	lw	s6,208(sp)
    77a4:	0cc12b83          	lw	s7,204(sp)
    77a8:	0c412c83          	lw	s9,196(sp)

000077ac <.LM10861>:
    77ac:	0c012d03          	lw	s10,192(sp)
    77b0:	0bc12d83          	lw	s11,188(sp)

000077b4 <.L272>:
    77b4:	0ec12083          	lw	ra,236(sp)
    77b8:	0e012903          	lw	s2,224(sp)
    77bc:	0dc12983          	lw	s3,220(sp)
    77c0:	0d812a03          	lw	s4,216(sp)
    77c4:	0c812c03          	lw	s8,200(sp)
    77c8:	00000513          	li	a0,0
    77cc:	0f010113          	addi	sp,sp,240
    77d0:	00008067          	ret

000077d4 <.L216>:
    77d4:	9a84002a          	ttsemwait	322,2,2

000077d8 <.LBB96215>:
    77d8:	8101a783          	lw	a5,-2032(gp) # ffb00000 <_ZN7ckernel14dest_offset_idE>

000077dc <.LBE96223>:
    77dc:	b2010737          	lui	a4,0xb2010

000077e0 <.LBB96226>:
    77e0:	00f037b3          	snez	a5,a5
    77e4:	00979793          	slli	a5,a5,0x9

000077e8 <.LBE96226>:
    77e8:	00e787b3          	add	a5,a5,a4
    77ec:	00f9a023          	sw	a5,0(s3)

000077f0 <.LBE96221>:
    77f0:	8a000042          	ttstallwait	256,16

000077f4 <.LBB96228>:
    77f4:	00400793          	li	a5,4

000077f8 <.L219>:
    77f8:	1000010c          	ttreplay	0,4,1,1
    77fc:	ca438001          	sfpstore	L9,0,0,7

00007800 <.LBB96243>:
    7800:	e0020000          	ttincrwc	0,2,0,0

00007804 <.LBB96239>:
    7804:	ca438001          	sfpstore	L9,0,0,7

00007808 <.LBB96249>:
    7808:	e0020000          	ttincrwc	0,2,0,0

0000780c <.LM10906>:
    780c:	10000100          	ttreplay	0,4,0,0

00007810 <.LM10907>:
    7810:	10000100          	ttreplay	0,4,0,0

00007814 <.LM10908>:
    7814:	10000100          	ttreplay	0,4,0,0

00007818 <.LBB96250>:
    7818:	dc480010          	ttsetrwc	0,4,8,0,0,4

0000781c <.LBB96253>:
    781c:	dc480010          	ttsetrwc	0,4,8,0,0,4

00007820 <.LBE96250>:
    7820:	fff78793          	addi	a5,a5,-1
    7824:	fc079ae3          	bnez	a5,77f8 <.L219>

00007828 <.LBB96257>:
    7828:	dc000010          	ttsetrwc	0,0,0,0,0,4

0000782c <.LBB96260>:
    782c:	8101a783          	lw	a5,-2032(gp) # ffb00000 <_ZN7ckernel14dest_offset_idE>

00007830 <.LBE96268>:
    7830:	b2010737          	lui	a4,0xb2010

00007834 <.LBB96272>:
    7834:	00f037b3          	snez	a5,a5

00007838 <.LBE96272>:
    7838:	04070713          	addi	a4,a4,64 # b2010040 <__device_print_strings_info_end+0xabb10040>

0000783c <.LBB96273>:
    783c:	00979793          	slli	a5,a5,0x9

00007840 <.LBE96273>:
    7840:	00e787b3          	add	a5,a5,a4
    7844:	00f9a023          	sw	a5,0(s3)

00007848 <.LBE96266>:
    7848:	8a000042          	ttstallwait	256,16

0000784c <.LBB96275>:
    784c:	00400793          	li	a5,4

00007850 <.L220>:
    7850:	1000010c          	ttreplay	0,4,1,1
    7854:	ca438001          	sfpstore	L9,0,0,7

00007858 <.LBB96290>:
    7858:	e0020000          	ttincrwc	0,2,0,0

0000785c <.LBB96286>:
    785c:	ca438001          	sfpstore	L9,0,0,7

00007860 <.LBB96296>:
    7860:	e0020000          	ttincrwc	0,2,0,0

00007864 <.LM10955>:
    7864:	10000100          	ttreplay	0,4,0,0

00007868 <.LM10956>:
    7868:	10000100          	ttreplay	0,4,0,0

0000786c <.LM10957>:
    786c:	10000100          	ttreplay	0,4,0,0

00007870 <.LBB96297>:
    7870:	dc480010          	ttsetrwc	0,4,8,0,0,4

00007874 <.LBB96300>:
    7874:	dc480010          	ttsetrwc	0,4,8,0,0,4

00007878 <.LBE96297>:
    7878:	fff78793          	addi	a5,a5,-1
    787c:	fc079ae3          	bnez	a5,7850 <.L220>

00007880 <.LBB96304>:
    7880:	dc000010          	ttsetrwc	0,0,0,0,0,4

00007884 <.LBB96307>:
    7884:	8101a783          	lw	a5,-2032(gp) # ffb00000 <_ZN7ckernel14dest_offset_idE>

00007888 <.LBE96315>:
    7888:	b2010737          	lui	a4,0xb2010

0000788c <.LBB96319>:
    788c:	00f037b3          	snez	a5,a5

00007890 <.LBE96319>:
    7890:	08070713          	addi	a4,a4,128 # b2010080 <__device_print_strings_info_end+0xabb10080>

00007894 <.LBB96320>:
    7894:	00979793          	slli	a5,a5,0x9

00007898 <.LBE96320>:
    7898:	00e787b3          	add	a5,a5,a4
    789c:	00f9a023          	sw	a5,0(s3)

000078a0 <.LBE96313>:
    78a0:	8a000042          	ttstallwait	256,16

000078a4 <.LBB96322>:
    78a4:	00400793          	li	a5,4

000078a8 <.L221>:
    78a8:	1000010c          	ttreplay	0,4,1,1
    78ac:	ca438001          	sfpstore	L9,0,0,7

000078b0 <.LBB96337>:
    78b0:	e0020000          	ttincrwc	0,2,0,0

000078b4 <.LBB96333>:
    78b4:	ca438001          	sfpstore	L9,0,0,7

000078b8 <.LBB96343>:
    78b8:	e0020000          	ttincrwc	0,2,0,0

000078bc <.LM11004>:
    78bc:	10000100          	ttreplay	0,4,0,0

000078c0 <.LM11005>:
    78c0:	10000100          	ttreplay	0,4,0,0

000078c4 <.LM11006>:
    78c4:	10000100          	ttreplay	0,4,0,0

000078c8 <.LBB96344>:
    78c8:	dc480010          	ttsetrwc	0,4,8,0,0,4

000078cc <.LBB96347>:
    78cc:	dc480010          	ttsetrwc	0,4,8,0,0,4

000078d0 <.LBE96344>:
    78d0:	fff78793          	addi	a5,a5,-1
    78d4:	fc079ae3          	bnez	a5,78a8 <.L221>

000078d8 <.LBB96351>:
    78d8:	dc000010          	ttsetrwc	0,0,0,0,0,4

000078dc <.LBB96354>:
    78dc:	8101a783          	lw	a5,-2032(gp) # ffb00000 <_ZN7ckernel14dest_offset_idE>

000078e0 <.LBE96362>:
    78e0:	b2010737          	lui	a4,0xb2010

000078e4 <.LBB96366>:
    78e4:	00f037b3          	snez	a5,a5

000078e8 <.LBE96366>:
    78e8:	0c070713          	addi	a4,a4,192 # b20100c0 <__device_print_strings_info_end+0xabb100c0>

000078ec <.LBB96367>:
    78ec:	00979793          	slli	a5,a5,0x9

000078f0 <.LBE96367>:
    78f0:	00e787b3          	add	a5,a5,a4
    78f4:	00f9a023          	sw	a5,0(s3)

000078f8 <.LBE96360>:
    78f8:	8a000042          	ttstallwait	256,16

000078fc <.LBB96369>:
    78fc:	00400793          	li	a5,4

00007900 <.L222>:
    7900:	1000010c          	ttreplay	0,4,1,1
    7904:	ca838001          	sfpstore	L10,0,0,7

00007908 <.LBB96384>:
    7908:	e0020000          	ttincrwc	0,2,0,0

0000790c <.LBB96380>:
    790c:	ca838001          	sfpstore	L10,0,0,7

00007910 <.LBB96390>:
    7910:	e0020000          	ttincrwc	0,2,0,0

00007914 <.LM11053>:
    7914:	10000100          	ttreplay	0,4,0,0

00007918 <.LM11054>:
    7918:	10000100          	ttreplay	0,4,0,0

0000791c <.LM11055>:
    791c:	10000100          	ttreplay	0,4,0,0

00007920 <.LBB96391>:
    7920:	dc480010          	ttsetrwc	0,4,8,0,0,4

00007924 <.LBB96394>:
    7924:	dc480010          	ttsetrwc	0,4,8,0,0,4

00007928 <.LBE96391>:
    7928:	fff78793          	addi	a5,a5,-1
    792c:	fc079ae3          	bnez	a5,7900 <.L222>

00007930 <.LBB96398>:
    7930:	dc000010          	ttsetrwc	0,0,0,0,0,4

00007934 <.LBB96184>:
    7934:	c83c0002          	ttsetc16	15,0

00007938 <.LM11083>:
    7938:	c87c0002          	ttsetc16	31,0

0000793c <.LM11085>:
    793c:	c8c80002          	ttsetc16	50,0

00007940 <.LBB96187>:
    7940:	c8300006          	ttsetc16	12,1

00007944 <.LM11091>:
    7944:	c8700006          	ttsetc16	28,1

00007948 <.LM11093>:
    7948:	c8bc0002          	ttsetc16	47,0

0000794c <.LBB96189>:
    794c:	c8380022          	ttsetc16	14,8

00007950 <.LM11099>:
    7950:	c8780022          	ttsetc16	30,8

00007954 <.LM11101>:
    7954:	c8c40002          	ttsetc16	49,0

00007958 <.LBB96178>:
    7958:	ffe80737          	lui	a4,0xffe80
    795c:	00870713          	addi	a4,a4,8 # ffe80008 <__instrn_buffer+0x40008>
    7960:	00f72023          	sw	a5,0(a4)
    7964:	00072783          	lw	a5,0(a4)
    7968:	00f07033          	and	zero,zero,a5

0000796c <.LBE96178>:
    796c:	ffb807b7          	lui	a5,0xffb80
    7970:	00400713          	li	a4,4
    7974:	00e7a023          	sw	a4,0(a5) # ffb80000 <__global_pointer$+0x7f810>

00007978 <.LM11109>:
    7978:	00200713          	li	a4,2
    797c:	00e7a223          	sw	a4,4(a5)

00007980 <.LM11110>:
    7980:	02000637          	lui	a2,0x2000

00007984 <.LM11111>:
    7984:	37c00737          	lui	a4,0x37c00

00007988 <.LM11112>:
    7988:	00c7a423          	sw	a2,8(a5)

0000798c <.LM11113>:
    798c:	00370713          	addi	a4,a4,3 # 37c00003 <__device_print_strings_info_end+0x31700003>
    7990:	00e7a623          	sw	a4,12(a5)

00007994 <.LM11114>:
    7994:	00c7a823          	sw	a2,16(a5)

00007998 <.LM11115>:
    7998:	28008737          	lui	a4,0x28008
    799c:	00e7aa23          	sw	a4,20(a5)

000079a0 <.LM11116>:
    79a0:	00c7ac23          	sw	a2,24(a5)

000079a4 <.LM11117>:
    79a4:	00e7ae23          	sw	a4,28(a5)

000079a8 <.LM11118>:
    79a8:	02e7a023          	sw	a4,32(a5)

000079ac <.LBE96191>:
    79ac:	c81c0002          	ttsetc16	7,0

000079b0 <.LBB96192>:
    79b0:	dc00003c          	ttsetrwc	0,0,0,0,0,15

000079b4 <.LBB96402>:
    79b4:	9804080a          	ttsemwait	2,128,2

000079b8 <.LBB96412>:
    79b8:	88042042          	ttstallwait	2,2064

000079bc <.LM11134>:
    79bc:	90000802          	ttsempost	128

000079c0 <.L223>:
    79c0:	03c42783          	lw	a5,60(s0) # ffe8003c <__instrn_buffer+0x4003c>

000079c4 <.LBE96414>:
    79c4:	0ff7f793          	zext.b	a5,a5
    79c8:	fe078ce3          	beqz	a5,79c0 <.L223>

000079cc <.LBB96416>:
    79cc:	00100793          	li	a5,1
    79d0:	02f42e23          	sw	a5,60(s0)

000079d4 <.LBB96418>:
    79d4:	8101a783          	lw	a5,-2032(gp) # ffb00000 <_ZN7ckernel14dest_offset_idE>

000079d8 <.LBB96423>:
    79d8:	ffec1737          	lui	a4,0xffec1

000079dc <.LBB96426>:
    79dc:	00f037b3          	snez	a5,a5
    79e0:	00979793          	slli	a5,a5,0x9

000079e4 <.LBE96426>:
    79e4:	10078793          	addi	a5,a5,256

000079e8 <.LBB96427>:
    79e8:	00f72023          	sw	a5,0(a4) # ffec1000 <__instrn_buffer+0x81000>

000079ec <.LBB96428>:
    79ec:	98040046          	ttsemwait	2,4,1

000079f0 <.LBB96431>:
    79f0:	88042042          	ttstallwait	2,2064

000079f4 <.LM11150>:
    79f4:	94000042          	ttsemget	4

000079f8 <.LM11151>:
    79f8:	100ec7b7          	lui	a5,0x100ec

000079fc <.LBB96433>:
    79fc:	00478713          	addi	a4,a5,4 # 100ec004 <__device_print_strings_info_end+0x9bec004>

00007a00 <.L224>:
    7a00:	00f9a023          	sw	a5,0(s3)

00007a04 <.LM11154>:
    7a04:	00178793          	addi	a5,a5,1

00007a08 <.LM11155>:
    7a08:	fee79ce3          	bne	a5,a4,7a00 <.L224>

00007a0c <.LBB96434>:
    7a0c:	c83c0002          	ttsetc16	15,0

00007a10 <.LM11168>:
    7a10:	c87c0002          	ttsetc16	31,0

00007a14 <.LM11170>:
    7a14:	c8c80002          	ttsetc16	50,0

00007a18 <.LBB96442>:
    7a18:	c8300006          	ttsetc16	12,1

00007a1c <.LM11176>:
    7a1c:	c8700006          	ttsetc16	28,1

00007a20 <.LM11178>:
    7a20:	c8bc0002          	ttsetc16	47,0

00007a24 <.LBB96444>:
    7a24:	c8380022          	ttsetc16	14,8

00007a28 <.LM11184>:
    7a28:	c8780022          	ttsetc16	30,8

00007a2c <.LM11186>:
    7a2c:	c8c40002          	ttsetc16	49,0

00007a30 <.LBB96446>:
    7a30:	ffe80637          	lui	a2,0xffe80
    7a34:	00000713          	li	a4,0
    7a38:	00860613          	addi	a2,a2,8 # ffe80008 <__instrn_buffer+0x40008>
    7a3c:	00e62023          	sw	a4,0(a2)
    7a40:	00062703          	lw	a4,0(a2)
    7a44:	00e07033          	and	zero,zero,a4

00007a48 <.LBE96452>:
    7a48:	ffb80737          	lui	a4,0xffb80
    7a4c:	00400613          	li	a2,4
    7a50:	00c72023          	sw	a2,0(a4) # ffb80000 <__global_pointer$+0x7f810>

00007a54 <.LM11194>:
    7a54:	00200613          	li	a2,2
    7a58:	00c72223          	sw	a2,4(a4)

00007a5c <.LM11195>:
    7a5c:	020005b7          	lui	a1,0x2000

00007a60 <.LM11196>:
    7a60:	37c00637          	lui	a2,0x37c00

00007a64 <.LM11197>:
    7a64:	00b72423          	sw	a1,8(a4)

00007a68 <.LM11198>:
    7a68:	00360613          	addi	a2,a2,3 # 37c00003 <__device_print_strings_info_end+0x31700003>
    7a6c:	00c72623          	sw	a2,12(a4)

00007a70 <.LM11199>:
    7a70:	00b72823          	sw	a1,16(a4)

00007a74 <.LM11200>:
    7a74:	28008637          	lui	a2,0x28008
    7a78:	00c72a23          	sw	a2,20(a4)

00007a7c <.LM11201>:
    7a7c:	00b72c23          	sw	a1,24(a4)

00007a80 <.LM11202>:
    7a80:	00c72e23          	sw	a2,28(a4)

00007a84 <.LM11203>:
    7a84:	02c72023          	sw	a2,32(a4)

00007a88 <.LBE96446>:
    7a88:	c81c0002          	ttsetc16	7,0

00007a8c <.LBB96455>:
    7a8c:	dc00003c          	ttsetrwc	0,0,0,0,0,15

00007a90 <.LBB96457>:
    7a90:	9804080a          	ttsemwait	2,128,2

00007a94 <.LBB96467>:
    7a94:	88042042          	ttstallwait	2,2064

00007a98 <.LM11219>:
    7a98:	90000802          	ttsempost	128

00007a9c <.L225>:
    7a9c:	03c42703          	lw	a4,60(s0)

00007aa0 <.LBE96469>:
    7aa0:	0ff77713          	zext.b	a4,a4
    7aa4:	fe070ce3          	beqz	a4,7a9c <.L225>

00007aa8 <.LBB96471>:
    7aa8:	00100713          	li	a4,1
    7aac:	02e42e23          	sw	a4,60(s0)

00007ab0 <.LBB96473>:
    7ab0:	8101a703          	lw	a4,-2032(gp) # ffb00000 <_ZN7ckernel14dest_offset_idE>

00007ab4 <.LBB96478>:
    7ab4:	ffec1637          	lui	a2,0xffec1

00007ab8 <.LBB96481>:
    7ab8:	00e03733          	snez	a4,a4
    7abc:	00971713          	slli	a4,a4,0x9

00007ac0 <.LBE96481>:
    7ac0:	14070713          	addi	a4,a4,320

00007ac4 <.LBB96482>:
    7ac4:	00e62023          	sw	a4,0(a2) # ffec1000 <__instrn_buffer+0x81000>

00007ac8 <.LBB96483>:
    7ac8:	98040046          	ttsemwait	2,4,1

00007acc <.LBB96486>:
    7acc:	88042042          	ttstallwait	2,2064

00007ad0 <.LM11235>:
    7ad0:	94000042          	ttsemget	4

00007ad4 <.LBB96488>:
    7ad4:	100ec737          	lui	a4,0x100ec
    7ad8:	00870713          	addi	a4,a4,8 # 100ec008 <__device_print_strings_info_end+0x9bec008>

00007adc <.L226>:
    7adc:	00f9a023          	sw	a5,0(s3)

00007ae0 <.LM11239>:
    7ae0:	00178793          	addi	a5,a5,1

00007ae4 <.LM11240>:
    7ae4:	fee79ce3          	bne	a5,a4,7adc <.L226>
    7ae8:	b81ff06f          	j	7668 <.L227>

00007aec <.L310>:
    7aec:	60151713          	ctz	a4,a0
    7af0:	01e77713          	andi	a4,a4,30

00007af4 <.LM11245>:
    7af4:	00e556b3          	srl	a3,a0,a4

00007af8 <.LM11246>:
    7af8:	0036f693          	andi	a3,a3,3

00007afc <.LBE96019>:
    7afc:	0107a303          	lw	t1,16(a5)

00007b00 <.LM11248>:
    7b00:	20d72733          	sh1add	a4,a4,a3
    7b04:	21274733          	sh2add	a4,a4,s2

00007b08 <.LM11249>:
    7b08:	0187a683          	lw	a3,24(a5)

00007b0c <.LM11250>:
    7b0c:	00072603          	lw	a2,0(a4)

00007b10 <.LBB95842>:
    7b10:	08034e33          	zext.h	t3,t1

00007b14 <.LBE95842>:
    7b14:	01c7a703          	lw	a4,28(a5)

00007b18 <.LBB96023>:
    7b18:	0007a883          	lw	a7,0(a5)
    7b1c:	0047a803          	lw	a6,4(a5)
    7b20:	0087a583          	lw	a1,8(a5)
    7b24:	0147a783          	lw	a5,20(a5)

00007b28 <.LBB95835>:
    7b28:	017e0e33          	add	t3,t3,s7
    7b2c:	01c9a023          	sw	t3,0(s3)
    7b30:	00c12e03          	lw	t3,12(sp)
    7b34:	01035313          	srli	t1,t1,0x10

00007b38 <.LM11273>:
    7b38:	01c30333          	add	t1,t1,t3
    7b3c:	0069a023          	sw	t1,0(s3)

00007b40 <.LBB95837>:
    7b40:	c8038601          	sfpstore	L0,384,0,7

00007b44 <.LBB95853>:
    7b44:	01012e03          	lw	t3,16(sp)
    7b48:	0807c333          	zext.h	t1,a5
    7b4c:	01c30333          	add	t1,t1,t3
    7b50:	0069a023          	sw	t1,0(s3)
    7b54:	0107d793          	srli	a5,a5,0x10

00007b58 <.LM11290>:
    7b58:	71080337          	lui	t1,0x71080
    7b5c:	006787b3          	add	a5,a5,t1
    7b60:	00f9a023          	sw	a5,0(s3)

00007b64 <.LBB95855>:
    7b64:	c8038609          	sfpstore	L0,386,0,7

00007b68 <.LBB95871>:
    7b68:	0808c7b3          	zext.h	a5,a7
    7b6c:	71020337          	lui	t1,0x71020
    7b70:	006787b3          	add	a5,a5,t1
    7b74:	00f9a023          	sw	a5,0(s3)
    7b78:	0108d893          	srli	a7,a7,0x10

00007b7c <.LM11307>:
    7b7c:	710807b7          	lui	a5,0x71080
    7b80:	00f888b3          	add	a7,a7,a5
    7b84:	0119a023          	sw	a7,0(s3)

00007b88 <.LBB95876>:
    7b88:	c8038611          	sfpstore	L0,388,0,7

00007b8c <.LBB95883>:
    7b8c:	080847b3          	zext.h	a5,a6
    7b90:	710208b7          	lui	a7,0x71020
    7b94:	011787b3          	add	a5,a5,a7
    7b98:	00f9a023          	sw	a5,0(s3)
    7b9c:	01085813          	srli	a6,a6,0x10

00007ba0 <.LM11324>:
    7ba0:	710807b7          	lui	a5,0x71080
    7ba4:	00f80833          	add	a6,a6,a5
    7ba8:	0109a023          	sw	a6,0(s3)

00007bac <.LBB95888>:
    7bac:	c8038619          	sfpstore	L0,390,0,7

00007bb0 <.LBB95895>:
    7bb0:	0805c7b3          	zext.h	a5,a1
    7bb4:	71020837          	lui	a6,0x71020
    7bb8:	010787b3          	add	a5,a5,a6
    7bbc:	00f9a023          	sw	a5,0(s3)
    7bc0:	0105d593          	srli	a1,a1,0x10

00007bc4 <.LM11341>:
    7bc4:	710807b7          	lui	a5,0x71080
    7bc8:	00f585b3          	add	a1,a1,a5
    7bcc:	00b9a023          	sw	a1,0(s3)

00007bd0 <.LBB95900>:
    7bd0:	c8038621          	sfpstore	L0,392,0,7

00007bd4 <.LBE95895>:
    7bd4:	0806c7b3          	zext.h	a5,a3

00007bd8 <.LBB95907>:
    7bd8:	710205b7          	lui	a1,0x71020
    7bdc:	00b787b3          	add	a5,a5,a1

00007be0 <.LM11355>:
    7be0:	00f9a023          	sw	a5,0(s3)

00007be4 <.LBB95910>:
    7be4:	40000002          	sfpcast	L0,L0,0

00007be8 <.LBB95913>:
    7be8:	c0438651          	sfpload	L1,404,0,7

00007bec <.LBB95921>:
    7bec:	18006402          	sfpmul	L0,L0,L1,L9,0

00007bf0 <.LBB95926>:
    7bf0:	c8038629          	sfpstore	L0,394,0,7

00007bf4 <.LBE95928>:
    7bf4:	0106d693          	srli	a3,a3,0x10

00007bf8 <.LBB95934>:
    7bf8:	710207b7          	lui	a5,0x71020
    7bfc:	00f686b3          	add	a3,a3,a5

00007c00 <.LM11392>:
    7c00:	00d9a023          	sw	a3,0(s3)

00007c04 <.LBB95937>:
    7c04:	40000002          	sfpcast	L0,L0,0

00007c08 <.LBB95940>:
    7c08:	c0438651          	sfpload	L1,404,0,7

00007c0c <.LBB95948>:
    7c0c:	18006402          	sfpmul	L0,L0,L1,L9,0

00007c10 <.LBB95953>:
    7c10:	c8038639          	sfpstore	L0,398,0,7

00007c14 <.LBE95955>:
    7c14:	080747b3          	zext.h	a5,a4

00007c18 <.LBB95961>:
    7c18:	710206b7          	lui	a3,0x71020
    7c1c:	00d787b3          	add	a5,a5,a3

00007c20 <.LM11429>:
    7c20:	00f9a023          	sw	a5,0(s3)

00007c24 <.LBB95964>:
    7c24:	40000002          	sfpcast	L0,L0,0

00007c28 <.LBB95967>:
    7c28:	c0438651          	sfpload	L1,404,0,7

00007c2c <.LBB95975>:
    7c2c:	18006402          	sfpmul	L0,L0,L1,L9,0

00007c30 <.LBB95980>:
    7c30:	c8038641          	sfpstore	L0,400,0,7

00007c34 <.LBE95982>:
    7c34:	01075713          	srli	a4,a4,0x10

00007c38 <.LBB95988>:
    7c38:	710207b7          	lui	a5,0x71020
    7c3c:	00f70733          	add	a4,a4,a5

00007c40 <.LM11466>:
    7c40:	00e9a023          	sw	a4,0(s3)

00007c44 <.LBB95991>:
    7c44:	40000002          	sfpcast	L0,L0,0

00007c48 <.LBB95994>:
    7c48:	c0438651          	sfpload	L1,404,0,7

00007c4c <.LBB96002>:
    7c4c:	18006402          	sfpmul	L0,L0,L1,L9,0

00007c50 <.LBB96007>:
    7c50:	c8038649          	sfpstore	L0,402,0,7

00007c54 <.LBE96009>:
    7c54:	00090593          	mv	a1,s2
    7c58:	000600e7          	jalr	a2

00007c5c <.LBE96026>:
    7c5c:	aedff06f          	j	7748 <.L254>

00007c60 <.L309>:
    7c60:	dc000010          	ttsetrwc	0,0,0,0,0,4

00007c64 <.LBB95781>:
    7c64:	88042042          	ttstallwait	2,2064

00007c68 <.LM11519>:
    7c68:	90000022          	ttsempost	2

00007c6c <.LBB95787>:
    7c6c:	9a84002a          	ttsemwait	322,2,2

00007c70 <.LBB95792>:
    7c70:	ffec17b7          	lui	a5,0xffec1
    7c74:	0007ac03          	lw	s8,0(a5) # ffec1000 <__instrn_buffer+0x81000>

00007c78 <.LBB95768>:
    7c78:	0ff0000f          	fence

00007c7c <.LBE95768>:
    7c7c:	8301a803          	lw	a6,-2000(gp) # ffb00020 <_ZN12_GLOBAL__N_1L13g_blend_t_epsE>

00007c80 <.LBB95770>:
    7c80:	fff80793          	addi	a5,a6,-1 # 7101ffff <__device_print_strings_info_end+0x6ab1ffff>

00007c84 <.LM11560>:
    7c84:	1157f863          	bgeu	a5,s5,7d94 <.L311>

00007c88 <.LM11561>:
    7c88:	000107b7          	lui	a5,0x10
    7c8c:	fff78793          	addi	a5,a5,-1 # ffff <.LVUS6996+0x3>
    7c90:	00f80833          	add	a6,a6,a5

00007c94 <.LM11563>:
    7c94:	000082b7          	lui	t0,0x8

00007c98 <.LM11564>:
    7c98:	01085813          	srli	a6,a6,0x10

00007c9c <.LM11565>:
    7c9c:	f8028293          	addi	t0,t0,-128 # 7f80 <.LM14>
    7ca0:	080c0713          	addi	a4,s8,128
    7ca4:	410282b3          	sub	t0,t0,a6

00007ca8 <.LBB95748>:
    7ca8:	00000693          	li	a3,0

00007cac <.LM11571>:
    7cac:	00000c13          	li	s8,0

00007cb0 <.LBB95759>:
    7cb0:	02000313          	li	t1,32

00007cb4 <.L253>:
    7cb4:	f8070613          	addi	a2,a4,-128

00007cb8 <.LBE95750>:
    7cb8:	00000793          	li	a5,0

00007cbc <.LM11579>:
    7cbc:	00000893          	li	a7,0

00007cc0 <.L252>:
    7cc0:	00062f03          	lw	t5,0(a2)

00007cc4 <.LM11583>:
    7cc4:	00462503          	lw	a0,4(a2)

00007cc8 <.LM11584>:
    7cc8:	00862e03          	lw	t3,8(a2)

00007ccc <.LM11585>:
    7ccc:	080f4eb3          	zext.h	t4,t5

00007cd0 <.LM11586>:
    7cd0:	01055593          	srli	a1,a0,0x10

00007cd4 <.LM11587>:
    7cd4:	08054533          	zext.h	a0,a0

00007cd8 <.LM11588>:
    7cd8:	080e4fb3          	zext.h	t6,t3

00007cdc <.LM11589>:
    7cdc:	010e5e13          	srli	t3,t3,0x10

00007ce0 <.LM11590>:
    7ce0:	410e0e33          	sub	t3,t3,a6

00007ce4 <.LM11591>:
    7ce4:	410585b3          	sub	a1,a1,a6

00007ce8 <.LM11592>:
    7ce8:	0bc5d5b3          	minu	a1,a1,t3

00007cec <.LM11593>:
    7cec:	00c62e03          	lw	t3,12(a2)

00007cf0 <.LM11594>:
    7cf0:	410e8eb3          	sub	t4,t4,a6

00007cf4 <.LM11596>:
    7cf4:	41050533          	sub	a0,a0,a6

00007cf8 <.LM11597>:
    7cf8:	410f8fb3          	sub	t6,t6,a6

00007cfc <.LM11598>:
    7cfc:	010f5f13          	srli	t5,t5,0x10

00007d00 <.LM11599>:
    7d00:	0bf55533          	minu	a0,a0,t6
    7d04:	0bd55533          	minu	a0,a0,t4

00007d08 <.LM11600>:
    7d08:	010e5e93          	srli	t4,t3,0x10

00007d0c <.LM11601>:
    7d0c:	080e4e33          	zext.h	t3,t3

00007d10 <.LM11602>:
    7d10:	410f0f33          	sub	t5,t5,a6

00007d14 <.LM11603>:
    7d14:	410e0e33          	sub	t3,t3,a6

00007d18 <.LM11604>:
    7d18:	0be5d5b3          	minu	a1,a1,t5

00007d1c <.LM11605>:
    7d1c:	410e8eb3          	sub	t4,t4,a6

00007d20 <.LM11606>:
    7d20:	0bc55533          	minu	a0,a0,t3

00007d24 <.LM11607>:
    7d24:	0bd5d5b3          	minu	a1,a1,t4

00007d28 <.LM11608>:
    7d28:	00a2b533          	sltu	a0,t0,a0

00007d2c <.LM11609>:
    7d2c:	00b2b5b3          	sltu	a1,t0,a1
    7d30:	0015b593          	seqz	a1,a1

00007d34 <.LM11610>:
    7d34:	00153513          	seqz	a0,a0

00007d38 <.LM11611>:
    7d38:	00a8e8b3          	or	a7,a7,a0

00007d3c <.LM11612>:
    7d3c:	00b7e7b3          	or	a5,a5,a1

00007d40 <.LBB95753>:
    7d40:	00f8f5b3          	and	a1,a7,a5

00007d44 <.LBE95753>:
    7d44:	01060613          	addi	a2,a2,16

00007d48 <.LBB95754>:
    7d48:	04059263          	bnez	a1,7d8c <.L263>

00007d4c <.LBE95754>:
    7d4c:	f6e61ae3          	bne	a2,a4,7cc0 <.L252>

00007d50 <.LBE95755>:
    7d50:	00179793          	slli	a5,a5,0x1

00007d54 <.LM11622>:
    7d54:	0117e7b3          	or	a5,a5,a7

00007d58 <.L251>:
    7d58:	00d797b3          	sll	a5,a5,a3

00007d5c <.LBE95749>:
    7d5c:	00268693          	addi	a3,a3,2 # 71020002 <__device_print_strings_info_end+0x6ab20002>

00007d60 <.LBB95757>:
    7d60:	00fc6c33          	or	s8,s8,a5

00007d64 <.LBE95757>:
    7d64:	08070713          	addi	a4,a4,128

00007d68 <.LM11630>:
    7d68:	f46696e3          	bne	a3,t1,7cb4 <.L253>

00007d6c <.L250>:
    7d6c:	8101a783          	lw	a5,-2032(gp) # ffb00000 <_ZN7ckernel14dest_offset_idE>

00007d70 <.LBE95801>:
    7d70:	b2010737          	lui	a4,0xb2010

00007d74 <.LBB95808>:
    7d74:	00f037b3          	snez	a5,a5
    7d78:	00979793          	slli	a5,a5,0x9

00007d7c <.LBE95808>:
    7d7c:	00e787b3          	add	a5,a5,a4
    7d80:	00f9a023          	sw	a5,0(s3)

00007d84 <.LBE95799>:
    7d84:	8a000042          	ttstallwait	256,16

00007d88 <.LBB96035>:
    7d88:	9a9ff06f          	j	7730 <.L228>

00007d8c <.L263>:
    7d8c:	00300793          	li	a5,3

00007d90 <.LM11650>:
    7d90:	fc9ff06f          	j	7d58 <.L251>

00007d94 <.L311>:
    7d94:	00000593          	li	a1,0
    7d98:	03010513          	addi	a0,sp,48
    7d9c:	08000613          	li	a2,128
    7da0:	03012623          	sw	a6,44(sp)
    7da4:	02d12423          	sw	a3,40(sp)
    7da8:	6c0070ef          	jal	f468 <memset>

00007dac <.LBB95685>:
    7dac:	02812683          	lw	a3,40(sp)
    7db0:	02c12803          	lw	a6,44(sp)

00007db4 <.LBB95686>:
    7db4:	00050793          	mv	a5,a0

00007db8 <.LBB95687>:
    7db8:	00000593          	li	a1,0

00007dbc <.LBB95680>:
    7dbc:	ffff0337          	lui	t1,0xffff0

00007dc0 <.LBE95680>:
    7dc0:	40000893          	li	a7,1024

00007dc4 <.L236>:
    7dc4:	0015d713          	srli	a4,a1,0x1

00007dc8 <.LM11661>:
    7dc8:	0055d513          	srli	a0,a1,0x5

00007dcc <.LM11662>:
    7dcc:	21874733          	sh2add	a4,a4,s8
    7dd0:	00072703          	lw	a4,0(a4) # b2010000 <__device_print_strings_info_end+0xabb10000>

00007dd4 <.LM11663>:
    7dd4:	00156613          	ori	a2,a0,1

00007dd8 <.LM11667>:
    7dd8:	0015fe13          	andi	t3,a1,1

00007ddc <.LM11668>:
    7ddc:	20f64633          	sh2add	a2,a2,a5

00007de0 <.LM11669>:
    7de0:	ffe57513          	andi	a0,a0,-2

00007de4 <.LM11670>:
    7de4:	20f54533          	sh2add	a0,a0,a5

00007de8 <.LM11671>:
    7de8:	0a0e0c63          	beqz	t3,7ea0 <.L230>

00007dec <.LM11672>:
    7dec:	00062503          	lw	a0,0(a2)

00007df0 <.LM11673>:
    7df0:	00677733          	and	a4,a4,t1

00007df4 <.LM11674>:
    7df4:	00e53533          	sltu	a0,a0,a4

00007df8 <.LM11678>:
    7df8:	01673e33          	sltu	t3,a4,s6
    7dfc:	01c57533          	and	a0,a0,t3
    7e00:	0c051063          	bnez	a0,7ec0 <.L312>

00007e04 <.L232>:
    7e04:	00158593          	addi	a1,a1,1 # 71020001 <__device_print_strings_info_end+0x6ab20001>

00007e08 <.LM11680>:
    7e08:	fb159ee3          	bne	a1,a7,7dc4 <.L236>

00007e0c <.LBB95688>:
    7e0c:	80000e37          	lui	t3,0x80000
    7e10:	fffe0713          	addi	a4,t3,-1 # 7fffffff <__device_print_strings_info_end+0x79afffff>

00007e14 <.LM11682>:
    7e14:	00e87733          	and	a4,a6,a4
    7e18:	00000c13          	li	s8,0

00007e1c <.LM11683>:
    7e1c:	f4eae8e3          	bltu	s5,a4,7d6c <.L250>

00007e20 <.LBB95695>:
    7e20:	01c86e33          	or	t3,a6,t3
    7e24:	0a085863          	bgez	a6,7ed4 <.L302>

00007e28 <.LM11685>:
    7e28:	fff84e13          	not	t3,a6
    7e2c:	0a085463          	bgez	a6,7ed4 <.L302>

00007e30 <.LBB95710>:
    7e30:	80000537          	lui	a0,0x80000
    7e34:	fff50513          	addi	a0,a0,-1 # 7fffffff <__device_print_strings_info_end+0x79afffff>

00007e38 <.LBE95688>:
    7e38:	00000c13          	li	s8,0

00007e3c <.LBB95742>:
    7e3c:	00100313          	li	t1,1

00007e40 <.LM11689>:
    7e40:	02000893          	li	a7,32

00007e44 <.L249>:
    7e44:	0007a703          	lw	a4,0(a5)

00007e48 <.LBB95700>:
    7e48:	00d315b3          	sll	a1,t1,a3

00007e4c <.LBB95720>:
    7e4c:	00a77633          	and	a2,a4,a0

00007e50 <.LBE95720>:
    7e50:	00caee63          	bltu	s5,a2,7e6c <.L244>

00007e54 <.LM11712>:
    7e54:	01076633          	or	a2,a4,a6

00007e58 <.LM11713>:
    7e58:	00161e93          	slli	t4,a2,0x1
    7e5c:	000e8663          	beqz	t4,7e68 <.L246>

00007e60 <.LM11714>:
    7e60:	01c70633          	add	a2,a4,t3

00007e64 <.LBB95706>:
    7e64:	02074a63          	bltz	a4,7e98 <.L313>

00007e68 <.L246>:
    7e68:	00bc6c33          	or	s8,s8,a1

00007e6c <.L244>:
    7e6c:	00168693          	addi	a3,a3,1

00007e70 <.LM11718>:
    7e70:	00478793          	addi	a5,a5,4
    7e74:	fd1698e3          	bne	a3,a7,7e44 <.L249>

00007e78 <.LBB95809>:
    7e78:	8101a783          	lw	a5,-2032(gp) # ffb00000 <_ZN7ckernel14dest_offset_idE>

00007e7c <.LBE95809>:
    7e7c:	b2010737          	lui	a4,0xb2010

00007e80 <.LBB95810>:
    7e80:	00f037b3          	snez	a5,a5
    7e84:	00979793          	slli	a5,a5,0x9

00007e88 <.LBE95810>:
    7e88:	00e787b3          	add	a5,a5,a4
    7e8c:	00f9a023          	sw	a5,0(s3)

00007e90 <.LBE95815>:
    7e90:	8a000042          	ttstallwait	256,16

00007e94 <.LBE95820>:
    7e94:	89dff06f          	j	7730 <.L228>

00007e98 <.L313>:
    7e98:	fce678e3          	bgeu	a2,a4,7e68 <.L246>
    7e9c:	fd1ff06f          	j	7e6c <.L244>

00007ea0 <.L230>:
    7ea0:	00052603          	lw	a2,0(a0)
    7ea4:	01071713          	slli	a4,a4,0x10

00007ea8 <.LM11739>:
    7ea8:	00e63633          	sltu	a2,a2,a4

00007eac <.LM11743>:
    7eac:	01673e33          	sltu	t3,a4,s6
    7eb0:	01c67633          	and	a2,a2,t3
    7eb4:	00061a63          	bnez	a2,7ec8 <.L314>

00007eb8 <.LBE95682>:
    7eb8:	00158593          	addi	a1,a1,1

00007ebc <.LM11745>:
    7ebc:	f09ff06f          	j	7dc4 <.L236>

00007ec0 <.L312>:
    7ec0:	00e62023          	sw	a4,0(a2)
    7ec4:	f41ff06f          	j	7e04 <.L232>

00007ec8 <.L314>:
    7ec8:	00e52023          	sw	a4,0(a0)

00007ecc <.LBE95683>:
    7ecc:	00158593          	addi	a1,a1,1

00007ed0 <.LM11752>:
    7ed0:	ef5ff06f          	j	7dc4 <.L236>

00007ed4 <.L302>:
    7ed4:	80000fb7          	lui	t6,0x80000
    7ed8:	ffff8893          	addi	a7,t6,-1 # 7fffffff <__device_print_strings_info_end+0x79afffff>

00007edc <.LBE95722>:
    7edc:	00000c13          	li	s8,0

00007ee0 <.LBB95745>:
    7ee0:	00100513          	li	a0,1

00007ee4 <.LM11757>:
    7ee4:	02000593          	li	a1,32

00007ee8 <.L243>:
    7ee8:	0007a703          	lw	a4,0(a5)

00007eec <.LBB95707>:
    7eec:	00d51333          	sll	t1,a0,a3

00007ef0 <.LBB95726>:
    7ef0:	01177633          	and	a2,a4,a7

00007ef4 <.LBE95726>:
    7ef4:	02cae063          	bltu	s5,a2,7f14 <.L241>

00007ef8 <.LM11780>:
    7ef8:	01076633          	or	a2,a4,a6

00007efc <.LM11781>:
    7efc:	00161e93          	slli	t4,a2,0x1
    7f00:	000e8863          	beqz	t4,7f10 <.L242>

00007f04 <.LBB95709>:
    7f04:	01f76633          	or	a2,a4,t6

00007f08 <.LM11783>:
    7f08:	00074663          	bltz	a4,7f14 <.L241>

00007f0c <.LBE95709>:
    7f0c:	01c66463          	bltu	a2,t3,7f14 <.L241>

00007f10 <.L242>:
    7f10:	006c6c33          	or	s8,s8,t1

00007f14 <.L241>:
    7f14:	00168693          	addi	a3,a3,1

00007f18 <.LM11787>:
    7f18:	00478793          	addi	a5,a5,4
    7f1c:	fcb696e3          	bne	a3,a1,7ee8 <.L243>

00007f20 <.LBB95811>:
    7f20:	8101a783          	lw	a5,-2032(gp) # ffb00000 <_ZN7ckernel14dest_offset_idE>

00007f24 <.LBE95811>:
    7f24:	b2010737          	lui	a4,0xb2010

00007f28 <.LBB95812>:
    7f28:	00f037b3          	snez	a5,a5
    7f2c:	00979793          	slli	a5,a5,0x9

00007f30 <.LBE95812>:
    7f30:	00e787b3          	add	a5,a5,a4
    7f34:	00f9a023          	sw	a5,0(s3)

00007f38 <.LBE95816>:
    7f38:	8a000042          	ttstallwait	256,16

00007f3c <.LBE95822>:
    7f3c:	ff4ff06f          	j	7730 <.L228>

00007f40 <.L308>:
    7f40:	ffec17b7          	lui	a5,0xffec1
    7f44:	0007a783          	lw	a5,0(a5) # ffec1000 <__instrn_buffer+0x81000>

00007f48 <.LBE96493>:
    7f48:	0047a783          	lw	a5,4(a5)

00007f4c <.LM11818>:
    7f4c:	0087f313          	andi	t1,a5,8

00007f50 <.LM11820>:
    7f50:	ee030663          	beqz	t1,763c <.L214>
    7f54:	841ff06f          	j	7794 <.L307>

00007f58 <.L259>:
    7f58:	00068793          	mv	a5,a3
    7f5c:	a28ff06f          	j	7184 <.L201>

00007f60 <_ZN12_GLOBAL__N_1L15blend_chain_endEmPKNS_15BlendChainEntryE>:
    7f60:	00008067          	ret

00007f64 <_ZN12_GLOBAL__N_1L16blend_chain_bodyILm0ELm1EEEvmPKNS_15BlendChainEntryE>:
    7f64:	00255713          	srli	a4,a0,0x2

00007f68 <.LM5>:
    7f68:	10070a63          	beqz	a4,807c <.L7>

00007f6c <.LBB1436>:
    7f6c:	60171793          	ctz	a5,a4
    7f70:	01e7f793          	andi	a5,a5,30

00007f74 <.LM10>:
    7f74:	00f75733          	srl	a4,a4,a5

00007f78 <.LM12>:
    7f78:	00377713          	andi	a4,a4,3

00007f7c <.LBE1436>:
    7f7c:	20e7a7b3          	sh1add	a5,a5,a4

00007f80 <.LM14>:
    7f80:	20b7c7b3          	sh2add	a5,a5,a1
    7f84:	0107a783          	lw	a5,16(a5)

00007f88 <.LBB1438>:
    7f88:	c0838401          	sfpload	L2,256,0,7

00007f8c <.LBB1447>:
    7f8c:	c0438501          	sfpload	L1,320,0,7

00007f90 <.LBB1453>:
    7f90:	c1038611          	sfpload	L4,388,0,7

00007f94 <.LBB1459>:
    7f94:	c0c38619          	sfpload	L3,390,0,7

00007f98 <.LBB1465>:
    7f98:	c0038621          	sfpload	L0,392,0,7

00007f9c <.LBB1471>:
    7f9c:	c1838601          	sfpload	L6,384,0,7

00007fa0 <.LBB1477>:
    7fa0:	c1438609          	sfpload	L5,386,0,7

00007fa4 <.LBB1483>:
    7fa4:	1428988a          	sfpadd	L2,L10,L2,L6,2

00007fa8 <.LBB1486>:
    7fa8:	1428544a          	sfpadd	L1,L10,L1,L5,2

00007fac <.LBB1489>:
    7fac:	1808a542          	sfpmul	L5,L2,L2,L9,0

00007fb0 <.LBB1492>:
    7fb0:	18116502          	sfpmul	L4,L4,L5,L9,0

00007fb4 <.LBB1495>:
    7fb4:	18086482          	sfpmul	L2,L2,L1,L9,0

00007fb8 <.LBB1498>:
    7fb8:	100c9082          	sfpmad	L2,L3,L2,L4,0

00007fbc <.LBB1501>:
    7fbc:	18046442          	sfpmul	L1,L1,L1,L9,0

00007fc0 <.LBB1504>:
    7fc0:	10004802          	sfpmad	L0,L0,L1,L2,0
    7fc4:	3c000002          	sfpnop

00007fc8 <.LBB1507>:
    7fc8:	48002406          	sfpswap	L0,L9,1
    7fcc:	3c000002          	sfpnop

00007fd0 <.LBB1509>:
    7fd0:	18032402          	sfpmul	L0,L0,L12,L9,0

00007fd4 <.LBB1514>:
    7fd4:	d50bf801          	sfpaddi	L0,17150,0
    7fd8:	3c000002          	sfpnop

00007fdc <.LBB1517>:
    7fdc:	48000246          	sfpswap	L9,L0,1
    7fe0:	3c000002          	sfpnop

00007fe4 <.LBB1519>:
    7fe4:	dc000041          	sfpexexp	L1,L0,0

00007fe8 <.LBB1523>:
    7fe8:	e0000001          	sfpexman	L0,L0,0

00007fec <.LBB1525>:
    7fec:	e8000401          	sfpshft	L0,L1,0x000,0

00007ff0 <.LBB1527>:
    7ff0:	dc000045          	sfpexexp	L1,L0,1

00007ff4 <.LBB1529>:
    7ff4:	e0000005          	sfpexman	L0,L0,1

00007ff8 <.LBB1531>:
    7ff8:	40000002          	sfpcast	L0,L0,0

00007ffc <.LBB1533>:
    7ffc:	10037882          	sfpmad	L2,L0,L13,L14,0

00008000 <.LBB1536>:
    8000:	c0c38659          	sfpload	L3,406,0,7

00008004 <.LBB1542>:
    8004:	10008c02          	sfpmad	L0,L0,L2,L3,0

00008008 <.LBB1545>:
    8008:	08000042          	sfpsetexp	L1,L0,0x000,0

0000800c <.LBB1547>:
    800c:	c0038629          	sfpload	L0,394,0,7

00008010 <.LBB1553>:
    8010:	18006402          	sfpmul	L0,L0,L1,L9,0

00008014 <.LBB1556>:
    8014:	c0438661          	sfpload	L1,408,0,7

00008018 <.LBB1562>:
    8018:	48000406          	sfpswap	L0,L1,1
    801c:	3c000002          	sfpnop

00008020 <.LBB1564>:
    8020:	c0438631          	sfpload	L1,396,0,7

00008024 <.LBB1571>:
    8024:	1006c042          	sfpmad	L1,L1,L11,L0,0
    8028:	ec000401          	sfpsetcc	L1,0x000,0

0000802c <.LBB1575>:
    802c:	f0002401          	sfpmov	L0,L9,0

00008030 <.LBB1578>:
    8030:	2800c02a          	sfpencc	0x003,10

00008034 <.LBB1581>:
    8034:	c0838301          	sfpload	L2,192,0,7

00008038 <.LBB1587>:
    8038:	1800a442          	sfpmul	L1,L0,L2,L9,0

0000803c <.LBB1590>:
    803c:	c1038001          	sfpload	L4,0,0,7

00008040 <.LBB1596>:
    8040:	c0c38639          	sfpload	L3,398,0,7

00008044 <.LBB1602>:
    8044:	1004d0c2          	sfpmad	L3,L1,L3,L4,0

00008048 <.LBB1605>:
    8048:	c8c38001          	sfpstore	L3,0,0,7

0000804c <.LBB1611>:
    804c:	c1038101          	sfpload	L4,64,0,7

00008050 <.LBB1617>:
    8050:	c0c38641          	sfpload	L3,400,0,7

00008054 <.LBB1623>:
    8054:	1004d0c2          	sfpmad	L3,L1,L3,L4,0

00008058 <.LBB1626>:
    8058:	c8c38101          	sfpstore	L3,64,0,7

0000805c <.LBB1632>:
    805c:	c1038201          	sfpload	L4,128,0,7

00008060 <.LBB1638>:
    8060:	c0c38649          	sfpload	L3,402,0,7

00008064 <.LBB1644>:
    8064:	1004d042          	sfpmad	L1,L1,L3,L4,0

00008068 <.LBB1647>:
    8068:	c8438201          	sfpstore	L1,128,0,7

0000806c <.LBB1653>:
    806c:	142a800a          	sfpadd	L0,L10,L10,L0,2

00008070 <.LBB1656>:
    8070:	18082402          	sfpmul	L0,L2,L0,L9,0

00008074 <.LBB1659>:
    8074:	c8038301          	sfpstore	L0,192,0,7

00008078 <.LBE1438>:
    8078:	00078067          	jr	a5

0000807c <.L7>:
    807c:	c0838401          	sfpload	L2,256,0,7

00008080 <.LBB1674>:
    8080:	c0438501          	sfpload	L1,320,0,7

00008084 <.LBB1680>:
    8084:	c1038611          	sfpload	L4,388,0,7

00008088 <.LBB1686>:
    8088:	c0c38619          	sfpload	L3,390,0,7

0000808c <.LBB1692>:
    808c:	c0038621          	sfpload	L0,392,0,7

00008090 <.LBB1698>:
    8090:	c1838601          	sfpload	L6,384,0,7

00008094 <.LBB1704>:
    8094:	c1438609          	sfpload	L5,386,0,7

00008098 <.LBB1710>:
    8098:	1428988a          	sfpadd	L2,L10,L2,L6,2

0000809c <.LBB1713>:
    809c:	1428544a          	sfpadd	L1,L10,L1,L5,2

000080a0 <.LBB1716>:
    80a0:	1808a542          	sfpmul	L5,L2,L2,L9,0

000080a4 <.LBB1719>:
    80a4:	18116502          	sfpmul	L4,L4,L5,L9,0

000080a8 <.LBB1722>:
    80a8:	18086482          	sfpmul	L2,L2,L1,L9,0

000080ac <.LBB1725>:
    80ac:	100c9082          	sfpmad	L2,L3,L2,L4,0

000080b0 <.LBB1728>:
    80b0:	18046442          	sfpmul	L1,L1,L1,L9,0

000080b4 <.LBB1731>:
    80b4:	10004802          	sfpmad	L0,L0,L1,L2,0
    80b8:	3c000002          	sfpnop

000080bc <.LBB1734>:
    80bc:	48002406          	sfpswap	L0,L9,1
    80c0:	3c000002          	sfpnop

000080c4 <.LBB1736>:
    80c4:	18032402          	sfpmul	L0,L0,L12,L9,0

000080c8 <.LBB1741>:
    80c8:	d50bf801          	sfpaddi	L0,17150,0
    80cc:	3c000002          	sfpnop

000080d0 <.LBB1744>:
    80d0:	48000246          	sfpswap	L9,L0,1
    80d4:	3c000002          	sfpnop

000080d8 <.LBB1746>:
    80d8:	dc000041          	sfpexexp	L1,L0,0

000080dc <.LBB1750>:
    80dc:	e0000001          	sfpexman	L0,L0,0

000080e0 <.LBB1752>:
    80e0:	e8000401          	sfpshft	L0,L1,0x000,0

000080e4 <.LBB1754>:
    80e4:	dc000045          	sfpexexp	L1,L0,1

000080e8 <.LBB1756>:
    80e8:	e0000005          	sfpexman	L0,L0,1

000080ec <.LBB1758>:
    80ec:	40000002          	sfpcast	L0,L0,0

000080f0 <.LBB1760>:
    80f0:	10037882          	sfpmad	L2,L0,L13,L14,0

000080f4 <.LBB1763>:
    80f4:	c0c38659          	sfpload	L3,406,0,7

000080f8 <.LBB1769>:
    80f8:	10008c02          	sfpmad	L0,L0,L2,L3,0

000080fc <.LBB1772>:
    80fc:	08000042          	sfpsetexp	L1,L0,0x000,0

00008100 <.LBB1774>:
    8100:	c0038629          	sfpload	L0,394,0,7

00008104 <.LBB1780>:
    8104:	18006402          	sfpmul	L0,L0,L1,L9,0

00008108 <.LBB1783>:
    8108:	c0438661          	sfpload	L1,408,0,7

0000810c <.LBB1789>:
    810c:	48000406          	sfpswap	L0,L1,1
    8110:	3c000002          	sfpnop

00008114 <.LBB1791>:
    8114:	c0438631          	sfpload	L1,396,0,7

00008118 <.LBB1798>:
    8118:	1006c042          	sfpmad	L1,L1,L11,L0,0
    811c:	ec000401          	sfpsetcc	L1,0x000,0

00008120 <.LBB1802>:
    8120:	f0002401          	sfpmov	L0,L9,0

00008124 <.LBB1805>:
    8124:	2800c02a          	sfpencc	0x003,10

00008128 <.LBB1808>:
    8128:	c0838301          	sfpload	L2,192,0,7

0000812c <.LBB1814>:
    812c:	1800a442          	sfpmul	L1,L0,L2,L9,0

00008130 <.LBB1817>:
    8130:	c1038001          	sfpload	L4,0,0,7

00008134 <.LBB1823>:
    8134:	c0c38639          	sfpload	L3,398,0,7

00008138 <.LBB1829>:
    8138:	1004d0c2          	sfpmad	L3,L1,L3,L4,0

0000813c <.LBB1832>:
    813c:	c8c38001          	sfpstore	L3,0,0,7

00008140 <.LBB1838>:
    8140:	c1038101          	sfpload	L4,64,0,7

00008144 <.LBB1844>:
    8144:	c0c38641          	sfpload	L3,400,0,7

00008148 <.LBB1850>:
    8148:	1004d0c2          	sfpmad	L3,L1,L3,L4,0

0000814c <.LBB1853>:
    814c:	c8c38101          	sfpstore	L3,64,0,7

00008150 <.LBB1859>:
    8150:	c1038201          	sfpload	L4,128,0,7

00008154 <.LBB1865>:
    8154:	c0c38649          	sfpload	L3,402,0,7

00008158 <.LBB1871>:
    8158:	1004d042          	sfpmad	L1,L1,L3,L4,0

0000815c <.LBB1874>:
    815c:	c8438201          	sfpstore	L1,128,0,7

00008160 <.LBB1880>:
    8160:	142a800a          	sfpadd	L0,L10,L10,L0,2

00008164 <.LBB1883>:
    8164:	18082402          	sfpmul	L0,L2,L0,L9,0

00008168 <.LBB1886>:
    8168:	c8038301          	sfpstore	L0,192,0,7

0000816c <.LBE1435>:
    816c:	00008067          	ret

00008170 <_ZN12_GLOBAL__N_1L16blend_chain_bodyILm0ELm2EEEvmPKNS_15BlendChainEntryE>:
    8170:	00255713          	srli	a4,a0,0x2

00008174 <.LM215>:
    8174:	10070a63          	beqz	a4,8288 <.L12>

00008178 <.LBB3326>:
    8178:	60171793          	ctz	a5,a4
    817c:	01e7f793          	andi	a5,a5,30

00008180 <.LM220>:
    8180:	00f75733          	srl	a4,a4,a5

00008184 <.LM222>:
    8184:	00377713          	andi	a4,a4,3

00008188 <.LBE3326>:
    8188:	20e7a7b3          	sh1add	a5,a5,a4

0000818c <.LM224>:
    818c:	20b7c7b3          	sh2add	a5,a5,a1
    8190:	0107a783          	lw	a5,16(a5)

00008194 <.LBB3328>:
    8194:	c0838409          	sfpload	L2,258,0,7

00008198 <.LBB3337>:
    8198:	c0438509          	sfpload	L1,322,0,7

0000819c <.LBB3343>:
    819c:	c1038611          	sfpload	L4,388,0,7

000081a0 <.LBB3349>:
    81a0:	c0c38619          	sfpload	L3,390,0,7

000081a4 <.LBB3355>:
    81a4:	c0038621          	sfpload	L0,392,0,7

000081a8 <.LBB3361>:
    81a8:	c1838601          	sfpload	L6,384,0,7

000081ac <.LBB3367>:
    81ac:	c1438609          	sfpload	L5,386,0,7

000081b0 <.LBB3373>:
    81b0:	1428988a          	sfpadd	L2,L10,L2,L6,2

000081b4 <.LBB3376>:
    81b4:	1428544a          	sfpadd	L1,L10,L1,L5,2

000081b8 <.LBB3379>:
    81b8:	1808a542          	sfpmul	L5,L2,L2,L9,0

000081bc <.LBB3382>:
    81bc:	18116502          	sfpmul	L4,L4,L5,L9,0

000081c0 <.LBB3385>:
    81c0:	18086482          	sfpmul	L2,L2,L1,L9,0

000081c4 <.LBB3388>:
    81c4:	100c9082          	sfpmad	L2,L3,L2,L4,0

000081c8 <.LBB3391>:
    81c8:	18046442          	sfpmul	L1,L1,L1,L9,0

000081cc <.LBB3394>:
    81cc:	10004802          	sfpmad	L0,L0,L1,L2,0
    81d0:	3c000002          	sfpnop

000081d4 <.LBB3397>:
    81d4:	48002406          	sfpswap	L0,L9,1
    81d8:	3c000002          	sfpnop

000081dc <.LBB3399>:
    81dc:	18032402          	sfpmul	L0,L0,L12,L9,0

000081e0 <.LBB3404>:
    81e0:	d50bf801          	sfpaddi	L0,17150,0
    81e4:	3c000002          	sfpnop

000081e8 <.LBB3407>:
    81e8:	48000246          	sfpswap	L9,L0,1
    81ec:	3c000002          	sfpnop

000081f0 <.LBB3409>:
    81f0:	dc000041          	sfpexexp	L1,L0,0

000081f4 <.LBB3413>:
    81f4:	e0000001          	sfpexman	L0,L0,0

000081f8 <.LBB3415>:
    81f8:	e8000401          	sfpshft	L0,L1,0x000,0

000081fc <.LBB3417>:
    81fc:	dc000045          	sfpexexp	L1,L0,1

00008200 <.LBB3419>:
    8200:	e0000005          	sfpexman	L0,L0,1

00008204 <.LBB3421>:
    8204:	40000002          	sfpcast	L0,L0,0

00008208 <.LBB3423>:
    8208:	10037882          	sfpmad	L2,L0,L13,L14,0

0000820c <.LBB3426>:
    820c:	c0c38659          	sfpload	L3,406,0,7

00008210 <.LBB3432>:
    8210:	10008c02          	sfpmad	L0,L0,L2,L3,0

00008214 <.LBB3435>:
    8214:	08000042          	sfpsetexp	L1,L0,0x000,0

00008218 <.LBB3437>:
    8218:	c0038629          	sfpload	L0,394,0,7

0000821c <.LBB3443>:
    821c:	18006402          	sfpmul	L0,L0,L1,L9,0

00008220 <.LBB3446>:
    8220:	c0438661          	sfpload	L1,408,0,7

00008224 <.LBB3452>:
    8224:	48000406          	sfpswap	L0,L1,1
    8228:	3c000002          	sfpnop

0000822c <.LBB3454>:
    822c:	c0438631          	sfpload	L1,396,0,7

00008230 <.LBB3461>:
    8230:	1006c042          	sfpmad	L1,L1,L11,L0,0
    8234:	ec000401          	sfpsetcc	L1,0x000,0

00008238 <.LBB3465>:
    8238:	f0002401          	sfpmov	L0,L9,0

0000823c <.LBB3468>:
    823c:	2800c02a          	sfpencc	0x003,10

00008240 <.LBB3471>:
    8240:	c0838309          	sfpload	L2,194,0,7

00008244 <.LBB3477>:
    8244:	1800a442          	sfpmul	L1,L0,L2,L9,0

00008248 <.LBB3480>:
    8248:	c1038009          	sfpload	L4,2,0,7

0000824c <.LBB3486>:
    824c:	c0c38639          	sfpload	L3,398,0,7

00008250 <.LBB3492>:
    8250:	1004d0c2          	sfpmad	L3,L1,L3,L4,0

00008254 <.LBB3495>:
    8254:	c8c38009          	sfpstore	L3,2,0,7

00008258 <.LBB3501>:
    8258:	c1038109          	sfpload	L4,66,0,7

0000825c <.LBB3507>:
    825c:	c0c38641          	sfpload	L3,400,0,7

00008260 <.LBB3513>:
    8260:	1004d0c2          	sfpmad	L3,L1,L3,L4,0

00008264 <.LBB3516>:
    8264:	c8c38109          	sfpstore	L3,66,0,7

00008268 <.LBB3522>:
    8268:	c1038209          	sfpload	L4,130,0,7

0000826c <.LBB3528>:
    826c:	c0c38649          	sfpload	L3,402,0,7

00008270 <.LBB3534>:
    8270:	1004d042          	sfpmad	L1,L1,L3,L4,0

00008274 <.LBB3537>:
    8274:	c8438209          	sfpstore	L1,130,0,7

00008278 <.LBB3543>:
    8278:	142a800a          	sfpadd	L0,L10,L10,L0,2

0000827c <.LBB3546>:
    827c:	18082402          	sfpmul	L0,L2,L0,L9,0

00008280 <.LBB3549>:
    8280:	c8038309          	sfpstore	L0,194,0,7

00008284 <.LBE3328>:
    8284:	00078067          	jr	a5

00008288 <.L12>:
    8288:	c0838409          	sfpload	L2,258,0,7

0000828c <.LBB3564>:
    828c:	c0438509          	sfpload	L1,322,0,7

00008290 <.LBB3570>:
    8290:	c1038611          	sfpload	L4,388,0,7

00008294 <.LBB3576>:
    8294:	c0c38619          	sfpload	L3,390,0,7

00008298 <.LBB3582>:
    8298:	c0038621          	sfpload	L0,392,0,7

0000829c <.LBB3588>:
    829c:	c1838601          	sfpload	L6,384,0,7

000082a0 <.LBB3594>:
    82a0:	c1438609          	sfpload	L5,386,0,7

000082a4 <.LBB3600>:
    82a4:	1428988a          	sfpadd	L2,L10,L2,L6,2

000082a8 <.LBB3603>:
    82a8:	1428544a          	sfpadd	L1,L10,L1,L5,2

000082ac <.LBB3606>:
    82ac:	1808a542          	sfpmul	L5,L2,L2,L9,0

000082b0 <.LBB3609>:
    82b0:	18116502          	sfpmul	L4,L4,L5,L9,0

000082b4 <.LBB3612>:
    82b4:	18086482          	sfpmul	L2,L2,L1,L9,0

000082b8 <.LBB3615>:
    82b8:	100c9082          	sfpmad	L2,L3,L2,L4,0

000082bc <.LBB3618>:
    82bc:	18046442          	sfpmul	L1,L1,L1,L9,0

000082c0 <.LBB3621>:
    82c0:	10004802          	sfpmad	L0,L0,L1,L2,0
    82c4:	3c000002          	sfpnop

000082c8 <.LBB3624>:
    82c8:	48002406          	sfpswap	L0,L9,1
    82cc:	3c000002          	sfpnop

000082d0 <.LBB3626>:
    82d0:	18032402          	sfpmul	L0,L0,L12,L9,0

000082d4 <.LBB3631>:
    82d4:	d50bf801          	sfpaddi	L0,17150,0
    82d8:	3c000002          	sfpnop

000082dc <.LBB3634>:
    82dc:	48000246          	sfpswap	L9,L0,1
    82e0:	3c000002          	sfpnop

000082e4 <.LBB3636>:
    82e4:	dc000041          	sfpexexp	L1,L0,0

000082e8 <.LBB3640>:
    82e8:	e0000001          	sfpexman	L0,L0,0

000082ec <.LBB3642>:
    82ec:	e8000401          	sfpshft	L0,L1,0x000,0

000082f0 <.LBB3644>:
    82f0:	dc000045          	sfpexexp	L1,L0,1

000082f4 <.LBB3646>:
    82f4:	e0000005          	sfpexman	L0,L0,1

000082f8 <.LBB3648>:
    82f8:	40000002          	sfpcast	L0,L0,0

000082fc <.LBB3650>:
    82fc:	10037882          	sfpmad	L2,L0,L13,L14,0

00008300 <.LBB3653>:
    8300:	c0c38659          	sfpload	L3,406,0,7

00008304 <.LBB3659>:
    8304:	10008c02          	sfpmad	L0,L0,L2,L3,0

00008308 <.LBB3662>:
    8308:	08000042          	sfpsetexp	L1,L0,0x000,0

0000830c <.LBB3664>:
    830c:	c0038629          	sfpload	L0,394,0,7

00008310 <.LBB3670>:
    8310:	18006402          	sfpmul	L0,L0,L1,L9,0

00008314 <.LBB3673>:
    8314:	c0438661          	sfpload	L1,408,0,7

00008318 <.LBB3679>:
    8318:	48000406          	sfpswap	L0,L1,1
    831c:	3c000002          	sfpnop

00008320 <.LBB3681>:
    8320:	c0438631          	sfpload	L1,396,0,7

00008324 <.LBB3688>:
    8324:	1006c042          	sfpmad	L1,L1,L11,L0,0
    8328:	ec000401          	sfpsetcc	L1,0x000,0

0000832c <.LBB3692>:
    832c:	f0002401          	sfpmov	L0,L9,0

00008330 <.LBB3695>:
    8330:	2800c02a          	sfpencc	0x003,10

00008334 <.LBB3698>:
    8334:	c0838309          	sfpload	L2,194,0,7

00008338 <.LBB3704>:
    8338:	1800a442          	sfpmul	L1,L0,L2,L9,0

0000833c <.LBB3707>:
    833c:	c1038009          	sfpload	L4,2,0,7

00008340 <.LBB3713>:
    8340:	c0c38639          	sfpload	L3,398,0,7

00008344 <.LBB3719>:
    8344:	1004d0c2          	sfpmad	L3,L1,L3,L4,0

00008348 <.LBB3722>:
    8348:	c8c38009          	sfpstore	L3,2,0,7

0000834c <.LBB3728>:
    834c:	c1038109          	sfpload	L4,66,0,7

00008350 <.LBB3734>:
    8350:	c0c38641          	sfpload	L3,400,0,7

00008354 <.LBB3740>:
    8354:	1004d0c2          	sfpmad	L3,L1,L3,L4,0

00008358 <.LBB3743>:
    8358:	c8c38109          	sfpstore	L3,66,0,7

0000835c <.LBB3749>:
    835c:	c1038209          	sfpload	L4,130,0,7

00008360 <.LBB3755>:
    8360:	c0c38649          	sfpload	L3,402,0,7

00008364 <.LBB3761>:
    8364:	1004d042          	sfpmad	L1,L1,L3,L4,0

00008368 <.LBB3764>:
    8368:	c8438209          	sfpstore	L1,130,0,7

0000836c <.LBB3770>:
    836c:	142a800a          	sfpadd	L0,L10,L10,L0,2

00008370 <.LBB3773>:
    8370:	18082402          	sfpmul	L0,L2,L0,L9,0

00008374 <.LBB3776>:
    8374:	c8038309          	sfpstore	L0,194,0,7

00008378 <.LBE3325>:
    8378:	00008067          	ret

0000837c <_ZN12_GLOBAL__N_1L16blend_chain_bodyILm0ELm3EEEvmPKNS_15BlendChainEntryE>:
    837c:	00255713          	srli	a4,a0,0x2

00008380 <.LM425>:
    8380:	1c070663          	beqz	a4,854c <.L17>

00008384 <.LBB6422>:
    8384:	60171793          	ctz	a5,a4
    8388:	01e7f793          	andi	a5,a5,30

0000838c <.LM430>:
    838c:	00f75733          	srl	a4,a4,a5

00008390 <.LM432>:
    8390:	00377713          	andi	a4,a4,3

00008394 <.LBE6422>:
    8394:	20e7a7b3          	sh1add	a5,a5,a4

00008398 <.LM434>:
    8398:	20b7c7b3          	sh2add	a5,a5,a1
    839c:	0107a783          	lw	a5,16(a5)

000083a0 <.LBB6424>:
    83a0:	c0038601          	sfpload	L0,384,0,7

000083a4 <.LBB6433>:
    83a4:	c1038609          	sfpload	L4,386,0,7

000083a8 <.LBB6439>:
    83a8:	c0838401          	sfpload	L2,256,0,7

000083ac <.LBB6445>:
    83ac:	1428808a          	sfpadd	L2,L10,L2,L0,2

000083b0 <.LBB6448>:
    83b0:	c0438409          	sfpload	L1,258,0,7

000083b4 <.LBB6454>:
    83b4:	1428404a          	sfpadd	L1,L10,L1,L0,2

000083b8 <.LBB6457>:
    83b8:	c0038501          	sfpload	L0,320,0,7

000083bc <.LBB6463>:
    83bc:	1428100a          	sfpadd	L0,L10,L0,L4,2

000083c0 <.LBB6466>:
    83c0:	c0c38509          	sfpload	L3,322,0,7

000083c4 <.LBB6472>:
    83c4:	1428d0ca          	sfpadd	L3,L10,L3,L4,2

000083c8 <.LBB6475>:
    83c8:	c1438611          	sfpload	L5,388,0,7

000083cc <.LBB6481>:
    83cc:	1808a582          	sfpmul	L6,L2,L2,L9,0

000083d0 <.LBB6484>:
    83d0:	1815a582          	sfpmul	L6,L5,L6,L9,0

000083d4 <.LBB6487>:
    83d4:	18046502          	sfpmul	L4,L1,L1,L9,0

000083d8 <.LBB6490>:
    83d8:	18152542          	sfpmul	L5,L5,L4,L9,0

000083dc <.LBB6493>:
    83dc:	c1038619          	sfpload	L4,390,0,7

000083e0 <.LBB6499>:
    83e0:	18082482          	sfpmul	L2,L2,L0,L9,0

000083e4 <.LBB6502>:
    83e4:	10109882          	sfpmad	L2,L4,L2,L6,0

000083e8 <.LBB6505>:
    83e8:	1804e442          	sfpmul	L1,L1,L3,L9,0

000083ec <.LBB6508>:
    83ec:	10105502          	sfpmad	L4,L4,L1,L5,0

000083f0 <.LBB6511>:
    83f0:	c0438621          	sfpload	L1,392,0,7

000083f4 <.LBB6517>:
    83f4:	18002402          	sfpmul	L0,L0,L0,L9,0

000083f8 <.LBB6520>:
    83f8:	10040802          	sfpmad	L0,L1,L0,L2,0

000083fc <.LBB6523>:
    83fc:	180ce4c2          	sfpmul	L3,L3,L3,L9,0

00008400 <.LBB6526>:
    8400:	1004d042          	sfpmad	L1,L1,L3,L4,0

00008404 <.LBB6529>:
    8404:	48002406          	sfpswap	L0,L9,1
    8408:	3c000002          	sfpnop

0000840c <.LBB6531>:
    840c:	48002446          	sfpswap	L1,L9,1
    8410:	3c000002          	sfpnop

00008414 <.LBB6533>:
    8414:	18032402          	sfpmul	L0,L0,L12,L9,0

00008418 <.LBB6538>:
    8418:	d50bf801          	sfpaddi	L0,17150,0
    841c:	3c000002          	sfpnop

00008420 <.LBB6541>:
    8420:	48000246          	sfpswap	L9,L0,1
    8424:	3c000002          	sfpnop

00008428 <.LBB6543>:
    8428:	dc000081          	sfpexexp	L2,L0,0

0000842c <.LBB6547>:
    842c:	e0000001          	sfpexman	L0,L0,0

00008430 <.LBB6549>:
    8430:	e8000801          	sfpshft	L0,L2,0x000,0

00008434 <.LBB6551>:
    8434:	dc000085          	sfpexexp	L2,L0,1

00008438 <.LBB6553>:
    8438:	1000014c          	ttreplay	0,5,1,1
    843c:	e0000005          	sfpexman	L0,L0,1

00008440 <.LBB6555>:
    8440:	40000002          	sfpcast	L0,L0,0

00008444 <.LBB6557>:
    8444:	100378c2          	sfpmad	L3,L0,L13,L14,0

00008448 <.LBB6560>:
    8448:	c1038659          	sfpload	L4,406,0,7

0000844c <.LBB6566>:
    844c:	1000d002          	sfpmad	L0,L0,L3,L4,0

00008450 <.LBB6569>:
    8450:	08000082          	sfpsetexp	L2,L0,0x000,0

00008454 <.LBB6571>:
    8454:	18072442          	sfpmul	L1,L1,L12,L9,0

00008458 <.LBB6576>:
    8458:	d50bf841          	sfpaddi	L1,17150,0
    845c:	3c000002          	sfpnop

00008460 <.LBB6579>:
    8460:	48000646          	sfpswap	L9,L1,1
    8464:	3c000002          	sfpnop

00008468 <.LBB6581>:
    8468:	dc0004c1          	sfpexexp	L3,L1,0

0000846c <.LBB6585>:
    846c:	e0000401          	sfpexman	L0,L1,0

00008470 <.LBB6587>:
    8470:	e8000c01          	sfpshft	L0,L3,0x000,0

00008474 <.LBB6589>:
    8474:	dc000045          	sfpexexp	L1,L0,1

00008478 <.LBB6591>:
    8478:	10000140          	ttreplay	0,5,0,0

0000847c <.LBB6594>:
    847c:	08000042          	sfpsetexp	L1,L0,0x000,0

00008480 <.LBB6596>:
    8480:	c0038629          	sfpload	L0,394,0,7

00008484 <.LBB6602>:
    8484:	1800a482          	sfpmul	L2,L0,L2,L9,0

00008488 <.LBB6605>:
    8488:	18006402          	sfpmul	L0,L0,L1,L9,0

0000848c <.LBB6608>:
    848c:	c0c38661          	sfpload	L3,408,0,7

00008490 <.LBB6614>:
    8490:	c0438661          	sfpload	L1,408,0,7

00008494 <.LBB6620>:
    8494:	48000c86          	sfpswap	L2,L3,1
    8498:	3c000002          	sfpnop

0000849c <.LBB6622>:
    849c:	48000406          	sfpswap	L0,L1,1
    84a0:	3c000002          	sfpnop

000084a4 <.LBB6624>:
    84a4:	c0438631          	sfpload	L1,396,0,7

000084a8 <.LBB6631>:
    84a8:	1006c842          	sfpmad	L1,L1,L11,L2,0
    84ac:	ec000401          	sfpsetcc	L1,0x000,0

000084b0 <.LBB6635>:
    84b0:	f0002481          	sfpmov	L2,L9,0

000084b4 <.LBB6638>:
    84b4:	2800c02a          	sfpencc	0x003,10

000084b8 <.LBB6641>:
    84b8:	c0438631          	sfpload	L1,396,0,7

000084bc <.LBB6648>:
    84bc:	1006c042          	sfpmad	L1,L1,L11,L0,0
    84c0:	ec000401          	sfpsetcc	L1,0x000,0

000084c4 <.LBB6652>:
    84c4:	f0002401          	sfpmov	L0,L9,0

000084c8 <.LBB6655>:
    84c8:	2800c02a          	sfpencc	0x003,10

000084cc <.LBB6658>:
    84cc:	c1438301          	sfpload	L5,192,0,7

000084d0 <.LBB6664>:
    84d0:	c1038309          	sfpload	L4,194,0,7

000084d4 <.LBB6670>:
    84d4:	180964c2          	sfpmul	L3,L2,L5,L9,0

000084d8 <.LBB6673>:
    84d8:	18012442          	sfpmul	L1,L0,L4,L9,0

000084dc <.LBB6676>:
    84dc:	c1838639          	sfpload	L6,398,0,7

000084e0 <.LBB6682>:
    84e0:	c1c38001          	sfpload	L7,0,0,7

000084e4 <.LBB6688>:
    84e4:	100d9dc2          	sfpmad	L7,L3,L6,L7,0

000084e8 <.LBB6691>:
    84e8:	c9c38001          	sfpstore	L7,0,0,7

000084ec <.LBB6697>:
    84ec:	c1c38009          	sfpload	L7,2,0,7

000084f0 <.LBB6703>:
    84f0:	10059d82          	sfpmad	L6,L1,L6,L7,0

000084f4 <.LBB6706>:
    84f4:	c9838009          	sfpstore	L6,2,0,7

000084f8 <.LBB6712>:
    84f8:	c1838641          	sfpload	L6,400,0,7

000084fc <.LBB6718>:
    84fc:	c1c38101          	sfpload	L7,64,0,7

00008500 <.LBB6724>:
    8500:	100d9dc2          	sfpmad	L7,L3,L6,L7,0

00008504 <.LBB6727>:
    8504:	c9c38101          	sfpstore	L7,64,0,7

00008508 <.LBB6733>:
    8508:	c1c38109          	sfpload	L7,66,0,7

0000850c <.LBB6739>:
    850c:	10059d82          	sfpmad	L6,L1,L6,L7,0

00008510 <.LBB6742>:
    8510:	c9838109          	sfpstore	L6,66,0,7

00008514 <.LBB6748>:
    8514:	c1838649          	sfpload	L6,402,0,7

00008518 <.LBB6754>:
    8518:	c1c38201          	sfpload	L7,128,0,7

0000851c <.LBB6760>:
    851c:	100d9cc2          	sfpmad	L3,L3,L6,L7,0

00008520 <.LBB6763>:
    8520:	c8c38201          	sfpstore	L3,128,0,7

00008524 <.LBB6769>:
    8524:	c0c38209          	sfpload	L3,130,0,7

00008528 <.LBB6775>:
    8528:	10058c42          	sfpmad	L1,L1,L6,L3,0

0000852c <.LBB6778>:
    852c:	c8438209          	sfpstore	L1,130,0,7

00008530 <.LBB6784>:
    8530:	142a888a          	sfpadd	L2,L10,L10,L2,2

00008534 <.LBB6787>:
    8534:	1814a542          	sfpmul	L5,L5,L2,L9,0

00008538 <.LBB6790>:
    8538:	c9438301          	sfpstore	L5,192,0,7

0000853c <.LBB6796>:
    853c:	142a800a          	sfpadd	L0,L10,L10,L0,2

00008540 <.LBB6799>:
    8540:	18102402          	sfpmul	L0,L4,L0,L9,0

00008544 <.LBB6802>:
    8544:	c8038309          	sfpstore	L0,194,0,7

00008548 <.LBE6424>:
    8548:	00078067          	jr	a5

0000854c <.L17>:
    854c:	c0038601          	sfpload	L0,384,0,7

00008550 <.LBB6817>:
    8550:	c1038609          	sfpload	L4,386,0,7

00008554 <.LBB6823>:
    8554:	c0838401          	sfpload	L2,256,0,7

00008558 <.LBB6829>:
    8558:	1428808a          	sfpadd	L2,L10,L2,L0,2

0000855c <.LBB6832>:
    855c:	c0438409          	sfpload	L1,258,0,7

00008560 <.LBB6838>:
    8560:	1428404a          	sfpadd	L1,L10,L1,L0,2

00008564 <.LBB6841>:
    8564:	c0038501          	sfpload	L0,320,0,7

00008568 <.LBB6847>:
    8568:	1428100a          	sfpadd	L0,L10,L0,L4,2

0000856c <.LBB6850>:
    856c:	c0c38509          	sfpload	L3,322,0,7

00008570 <.LBB6856>:
    8570:	1428d0ca          	sfpadd	L3,L10,L3,L4,2

00008574 <.LBB6859>:
    8574:	c1438611          	sfpload	L5,388,0,7

00008578 <.LBB6865>:
    8578:	1808a582          	sfpmul	L6,L2,L2,L9,0

0000857c <.LBB6868>:
    857c:	1815a582          	sfpmul	L6,L5,L6,L9,0

00008580 <.LBB6871>:
    8580:	18046502          	sfpmul	L4,L1,L1,L9,0

00008584 <.LBB6874>:
    8584:	18152542          	sfpmul	L5,L5,L4,L9,0

00008588 <.LBB6877>:
    8588:	c1038619          	sfpload	L4,390,0,7

0000858c <.LBB6883>:
    858c:	18082482          	sfpmul	L2,L2,L0,L9,0

00008590 <.LBB6886>:
    8590:	10109882          	sfpmad	L2,L4,L2,L6,0

00008594 <.LBB6889>:
    8594:	1804e442          	sfpmul	L1,L1,L3,L9,0

00008598 <.LBB6892>:
    8598:	10105502          	sfpmad	L4,L4,L1,L5,0

0000859c <.LBB6895>:
    859c:	c0438621          	sfpload	L1,392,0,7

000085a0 <.LBB6901>:
    85a0:	18002402          	sfpmul	L0,L0,L0,L9,0

000085a4 <.LBB6904>:
    85a4:	10040802          	sfpmad	L0,L1,L0,L2,0

000085a8 <.LBB6907>:
    85a8:	180ce4c2          	sfpmul	L3,L3,L3,L9,0

000085ac <.LBB6910>:
    85ac:	1004d042          	sfpmad	L1,L1,L3,L4,0

000085b0 <.LBB6913>:
    85b0:	48002406          	sfpswap	L0,L9,1
    85b4:	3c000002          	sfpnop

000085b8 <.LBB6915>:
    85b8:	48002446          	sfpswap	L1,L9,1
    85bc:	3c000002          	sfpnop

000085c0 <.LBB6917>:
    85c0:	18032402          	sfpmul	L0,L0,L12,L9,0

000085c4 <.LBB6922>:
    85c4:	d50bf801          	sfpaddi	L0,17150,0
    85c8:	3c000002          	sfpnop

000085cc <.LBB6925>:
    85cc:	48000246          	sfpswap	L9,L0,1
    85d0:	3c000002          	sfpnop

000085d4 <.LBB6927>:
    85d4:	dc000081          	sfpexexp	L2,L0,0

000085d8 <.LBB6931>:
    85d8:	e0000001          	sfpexman	L0,L0,0

000085dc <.LBB6933>:
    85dc:	e8000801          	sfpshft	L0,L2,0x000,0

000085e0 <.LBB6935>:
    85e0:	dc000085          	sfpexexp	L2,L0,1

000085e4 <.LBB6937>:
    85e4:	1000014c          	ttreplay	0,5,1,1
    85e8:	e0000005          	sfpexman	L0,L0,1

000085ec <.LBB6939>:
    85ec:	40000002          	sfpcast	L0,L0,0

000085f0 <.LBB6941>:
    85f0:	100378c2          	sfpmad	L3,L0,L13,L14,0

000085f4 <.LBB6944>:
    85f4:	c1038659          	sfpload	L4,406,0,7

000085f8 <.LBB6950>:
    85f8:	1000d002          	sfpmad	L0,L0,L3,L4,0

000085fc <.LBB6953>:
    85fc:	08000082          	sfpsetexp	L2,L0,0x000,0

00008600 <.LBB6955>:
    8600:	18072442          	sfpmul	L1,L1,L12,L9,0

00008604 <.LBB6960>:
    8604:	d50bf841          	sfpaddi	L1,17150,0
    8608:	3c000002          	sfpnop

0000860c <.LBB6963>:
    860c:	48000646          	sfpswap	L9,L1,1
    8610:	3c000002          	sfpnop

00008614 <.LBB6965>:
    8614:	dc0004c1          	sfpexexp	L3,L1,0

00008618 <.LBB6969>:
    8618:	e0000401          	sfpexman	L0,L1,0

0000861c <.LBB6971>:
    861c:	e8000c01          	sfpshft	L0,L3,0x000,0

00008620 <.LBB6973>:
    8620:	dc000045          	sfpexexp	L1,L0,1

00008624 <.LBB6975>:
    8624:	10000140          	ttreplay	0,5,0,0

00008628 <.LBB6978>:
    8628:	08000042          	sfpsetexp	L1,L0,0x000,0

0000862c <.LBB6980>:
    862c:	c0038629          	sfpload	L0,394,0,7

00008630 <.LBB6986>:
    8630:	1800a482          	sfpmul	L2,L0,L2,L9,0

00008634 <.LBB6989>:
    8634:	18006402          	sfpmul	L0,L0,L1,L9,0

00008638 <.LBB6992>:
    8638:	c0c38661          	sfpload	L3,408,0,7

0000863c <.LBB6998>:
    863c:	c0438661          	sfpload	L1,408,0,7

00008640 <.LBB7004>:
    8640:	48000c86          	sfpswap	L2,L3,1
    8644:	3c000002          	sfpnop

00008648 <.LBB7006>:
    8648:	48000406          	sfpswap	L0,L1,1
    864c:	3c000002          	sfpnop

00008650 <.LBB7008>:
    8650:	c0438631          	sfpload	L1,396,0,7

00008654 <.LBB7015>:
    8654:	1006c842          	sfpmad	L1,L1,L11,L2,0
    8658:	ec000401          	sfpsetcc	L1,0x000,0

0000865c <.LBB7019>:
    865c:	f0002481          	sfpmov	L2,L9,0

00008660 <.LBB7022>:
    8660:	2800c02a          	sfpencc	0x003,10

00008664 <.LBB7025>:
    8664:	c0438631          	sfpload	L1,396,0,7

00008668 <.LBB7032>:
    8668:	1006c042          	sfpmad	L1,L1,L11,L0,0
    866c:	ec000401          	sfpsetcc	L1,0x000,0

00008670 <.LBB7036>:
    8670:	f0002401          	sfpmov	L0,L9,0

00008674 <.LBB7039>:
    8674:	2800c02a          	sfpencc	0x003,10

00008678 <.LBB7042>:
    8678:	c1438301          	sfpload	L5,192,0,7

0000867c <.LBB7048>:
    867c:	c1038309          	sfpload	L4,194,0,7

00008680 <.LBB7054>:
    8680:	180964c2          	sfpmul	L3,L2,L5,L9,0

00008684 <.LBB7057>:
    8684:	18012442          	sfpmul	L1,L0,L4,L9,0

00008688 <.LBB7060>:
    8688:	c1838639          	sfpload	L6,398,0,7

0000868c <.LBB7066>:
    868c:	c1c38001          	sfpload	L7,0,0,7

00008690 <.LBB7072>:
    8690:	100d9dc2          	sfpmad	L7,L3,L6,L7,0

00008694 <.LBB7075>:
    8694:	c9c38001          	sfpstore	L7,0,0,7

00008698 <.LBB7081>:
    8698:	c1c38009          	sfpload	L7,2,0,7

0000869c <.LBB7087>:
    869c:	10059d82          	sfpmad	L6,L1,L6,L7,0

000086a0 <.LBB7090>:
    86a0:	c9838009          	sfpstore	L6,2,0,7

000086a4 <.LBB7096>:
    86a4:	c1838641          	sfpload	L6,400,0,7

000086a8 <.LBB7102>:
    86a8:	c1c38101          	sfpload	L7,64,0,7

000086ac <.LBB7108>:
    86ac:	100d9dc2          	sfpmad	L7,L3,L6,L7,0

000086b0 <.LBB7111>:
    86b0:	c9c38101          	sfpstore	L7,64,0,7

000086b4 <.LBB7117>:
    86b4:	c1c38109          	sfpload	L7,66,0,7

000086b8 <.LBB7123>:
    86b8:	10059d82          	sfpmad	L6,L1,L6,L7,0

000086bc <.LBB7126>:
    86bc:	c9838109          	sfpstore	L6,66,0,7

000086c0 <.LBB7132>:
    86c0:	c1838649          	sfpload	L6,402,0,7

000086c4 <.LBB7138>:
    86c4:	c1c38201          	sfpload	L7,128,0,7

000086c8 <.LBB7144>:
    86c8:	100d9cc2          	sfpmad	L3,L3,L6,L7,0

000086cc <.LBB7147>:
    86cc:	c8c38201          	sfpstore	L3,128,0,7

000086d0 <.LBB7153>:
    86d0:	c0c38209          	sfpload	L3,130,0,7

000086d4 <.LBB7159>:
    86d4:	10058c42          	sfpmad	L1,L1,L6,L3,0

000086d8 <.LBB7162>:
    86d8:	c8438209          	sfpstore	L1,130,0,7

000086dc <.LBB7168>:
    86dc:	142a888a          	sfpadd	L2,L10,L10,L2,2

000086e0 <.LBB7171>:
    86e0:	1814a542          	sfpmul	L5,L5,L2,L9,0

000086e4 <.LBB7174>:
    86e4:	c9438301          	sfpstore	L5,192,0,7

000086e8 <.LBB7180>:
    86e8:	142a800a          	sfpadd	L0,L10,L10,L0,2

000086ec <.LBB7183>:
    86ec:	18102402          	sfpmul	L0,L4,L0,L9,0

000086f0 <.LBB7186>:
    86f0:	c8038309          	sfpstore	L0,194,0,7

000086f4 <.LBE6421>:
    86f4:	00008067          	ret

000086f8 <_ZN12_GLOBAL__N_1L16blend_chain_bodyILm1ELm1EEEvmPKNS_15BlendChainEntryE>:
    86f8:	00455713          	srli	a4,a0,0x4

000086fc <.LM795>:
    86fc:	10070a63          	beqz	a4,8810 <.L22>

00008700 <.LBB8626>:
    8700:	60171793          	ctz	a5,a4
    8704:	01e7f793          	andi	a5,a5,30

00008708 <.LM800>:
    8708:	00f75733          	srl	a4,a4,a5

0000870c <.LM802>:
    870c:	00377713          	andi	a4,a4,3

00008710 <.LBE8626>:
    8710:	20e7a7b3          	sh1add	a5,a5,a4

00008714 <.LM804>:
    8714:	20b7c7b3          	sh2add	a5,a5,a1
    8718:	0207a783          	lw	a5,32(a5)

0000871c <.LBB8628>:
    871c:	c0838411          	sfpload	L2,260,0,7

00008720 <.LBB8637>:
    8720:	c0438511          	sfpload	L1,324,0,7

00008724 <.LBB8643>:
    8724:	c1038611          	sfpload	L4,388,0,7

00008728 <.LBB8649>:
    8728:	c0c38619          	sfpload	L3,390,0,7

0000872c <.LBB8655>:
    872c:	c0038621          	sfpload	L0,392,0,7

00008730 <.LBB8661>:
    8730:	c1838601          	sfpload	L6,384,0,7

00008734 <.LBB8667>:
    8734:	c1438609          	sfpload	L5,386,0,7

00008738 <.LBB8673>:
    8738:	1428988a          	sfpadd	L2,L10,L2,L6,2

0000873c <.LBB8676>:
    873c:	1428544a          	sfpadd	L1,L10,L1,L5,2

00008740 <.LBB8679>:
    8740:	1808a542          	sfpmul	L5,L2,L2,L9,0

00008744 <.LBB8682>:
    8744:	18116502          	sfpmul	L4,L4,L5,L9,0

00008748 <.LBB8685>:
    8748:	18086482          	sfpmul	L2,L2,L1,L9,0

0000874c <.LBB8688>:
    874c:	100c9082          	sfpmad	L2,L3,L2,L4,0

00008750 <.LBB8691>:
    8750:	18046442          	sfpmul	L1,L1,L1,L9,0

00008754 <.LBB8694>:
    8754:	10004802          	sfpmad	L0,L0,L1,L2,0
    8758:	3c000002          	sfpnop

0000875c <.LBB8697>:
    875c:	48002406          	sfpswap	L0,L9,1
    8760:	3c000002          	sfpnop

00008764 <.LBB8699>:
    8764:	18032402          	sfpmul	L0,L0,L12,L9,0

00008768 <.LBB8704>:
    8768:	d50bf801          	sfpaddi	L0,17150,0
    876c:	3c000002          	sfpnop

00008770 <.LBB8707>:
    8770:	48000246          	sfpswap	L9,L0,1
    8774:	3c000002          	sfpnop

00008778 <.LBB8709>:
    8778:	dc000041          	sfpexexp	L1,L0,0

0000877c <.LBB8713>:
    877c:	e0000001          	sfpexman	L0,L0,0

00008780 <.LBB8715>:
    8780:	e8000401          	sfpshft	L0,L1,0x000,0

00008784 <.LBB8717>:
    8784:	dc000045          	sfpexexp	L1,L0,1

00008788 <.LBB8719>:
    8788:	e0000005          	sfpexman	L0,L0,1

0000878c <.LBB8721>:
    878c:	40000002          	sfpcast	L0,L0,0

00008790 <.LBB8723>:
    8790:	10037882          	sfpmad	L2,L0,L13,L14,0

00008794 <.LBB8726>:
    8794:	c0c38659          	sfpload	L3,406,0,7

00008798 <.LBB8732>:
    8798:	10008c02          	sfpmad	L0,L0,L2,L3,0

0000879c <.LBB8735>:
    879c:	08000042          	sfpsetexp	L1,L0,0x000,0

000087a0 <.LBB8737>:
    87a0:	c0038629          	sfpload	L0,394,0,7

000087a4 <.LBB8743>:
    87a4:	18006402          	sfpmul	L0,L0,L1,L9,0

000087a8 <.LBB8746>:
    87a8:	c0438661          	sfpload	L1,408,0,7

000087ac <.LBB8752>:
    87ac:	48000406          	sfpswap	L0,L1,1
    87b0:	3c000002          	sfpnop

000087b4 <.LBB8754>:
    87b4:	c0438631          	sfpload	L1,396,0,7

000087b8 <.LBB8761>:
    87b8:	1006c042          	sfpmad	L1,L1,L11,L0,0
    87bc:	ec000401          	sfpsetcc	L1,0x000,0

000087c0 <.LBB8765>:
    87c0:	f0002401          	sfpmov	L0,L9,0

000087c4 <.LBB8768>:
    87c4:	2800c02a          	sfpencc	0x003,10

000087c8 <.LBB8771>:
    87c8:	c0838311          	sfpload	L2,196,0,7

000087cc <.LBB8777>:
    87cc:	1800a442          	sfpmul	L1,L0,L2,L9,0

000087d0 <.LBB8780>:
    87d0:	c1038011          	sfpload	L4,4,0,7

000087d4 <.LBB8786>:
    87d4:	c0c38639          	sfpload	L3,398,0,7

000087d8 <.LBB8792>:
    87d8:	1004d0c2          	sfpmad	L3,L1,L3,L4,0

000087dc <.LBB8795>:
    87dc:	c8c38011          	sfpstore	L3,4,0,7

000087e0 <.LBB8801>:
    87e0:	c1038111          	sfpload	L4,68,0,7

000087e4 <.LBB8807>:
    87e4:	c0c38641          	sfpload	L3,400,0,7

000087e8 <.LBB8813>:
    87e8:	1004d0c2          	sfpmad	L3,L1,L3,L4,0

000087ec <.LBB8816>:
    87ec:	c8c38111          	sfpstore	L3,68,0,7

000087f0 <.LBB8822>:
    87f0:	c1038211          	sfpload	L4,132,0,7

000087f4 <.LBB8828>:
    87f4:	c0c38649          	sfpload	L3,402,0,7

000087f8 <.LBB8834>:
    87f8:	1004d042          	sfpmad	L1,L1,L3,L4,0

000087fc <.LBB8837>:
    87fc:	c8438211          	sfpstore	L1,132,0,7

00008800 <.LBB8843>:
    8800:	142a800a          	sfpadd	L0,L10,L10,L0,2

00008804 <.LBB8846>:
    8804:	18082402          	sfpmul	L0,L2,L0,L9,0

00008808 <.LBB8849>:
    8808:	c8038311          	sfpstore	L0,196,0,7

0000880c <.LBE8628>:
    880c:	00078067          	jr	a5

00008810 <.L22>:
    8810:	c0838411          	sfpload	L2,260,0,7

00008814 <.LBB8864>:
    8814:	c0438511          	sfpload	L1,324,0,7

00008818 <.LBB8870>:
    8818:	c1038611          	sfpload	L4,388,0,7

0000881c <.LBB8876>:
    881c:	c0c38619          	sfpload	L3,390,0,7

00008820 <.LBB8882>:
    8820:	c0038621          	sfpload	L0,392,0,7

00008824 <.LBB8888>:
    8824:	c1838601          	sfpload	L6,384,0,7

00008828 <.LBB8894>:
    8828:	c1438609          	sfpload	L5,386,0,7

0000882c <.LBB8900>:
    882c:	1428988a          	sfpadd	L2,L10,L2,L6,2

00008830 <.LBB8903>:
    8830:	1428544a          	sfpadd	L1,L10,L1,L5,2

00008834 <.LBB8906>:
    8834:	1808a542          	sfpmul	L5,L2,L2,L9,0

00008838 <.LBB8909>:
    8838:	18116502          	sfpmul	L4,L4,L5,L9,0

0000883c <.LBB8912>:
    883c:	18086482          	sfpmul	L2,L2,L1,L9,0

00008840 <.LBB8915>:
    8840:	100c9082          	sfpmad	L2,L3,L2,L4,0

00008844 <.LBB8918>:
    8844:	18046442          	sfpmul	L1,L1,L1,L9,0

00008848 <.LBB8921>:
    8848:	10004802          	sfpmad	L0,L0,L1,L2,0
    884c:	3c000002          	sfpnop

00008850 <.LBB8924>:
    8850:	48002406          	sfpswap	L0,L9,1
    8854:	3c000002          	sfpnop

00008858 <.LBB8926>:
    8858:	18032402          	sfpmul	L0,L0,L12,L9,0

0000885c <.LBB8931>:
    885c:	d50bf801          	sfpaddi	L0,17150,0
    8860:	3c000002          	sfpnop

00008864 <.LBB8934>:
    8864:	48000246          	sfpswap	L9,L0,1
    8868:	3c000002          	sfpnop

0000886c <.LBB8936>:
    886c:	dc000041          	sfpexexp	L1,L0,0

00008870 <.LBB8940>:
    8870:	e0000001          	sfpexman	L0,L0,0

00008874 <.LBB8942>:
    8874:	e8000401          	sfpshft	L0,L1,0x000,0

00008878 <.LBB8944>:
    8878:	dc000045          	sfpexexp	L1,L0,1

0000887c <.LBB8946>:
    887c:	e0000005          	sfpexman	L0,L0,1

00008880 <.LBB8948>:
    8880:	40000002          	sfpcast	L0,L0,0

00008884 <.LBB8950>:
    8884:	10037882          	sfpmad	L2,L0,L13,L14,0

00008888 <.LBB8953>:
    8888:	c0c38659          	sfpload	L3,406,0,7

0000888c <.LBB8959>:
    888c:	10008c02          	sfpmad	L0,L0,L2,L3,0

00008890 <.LBB8962>:
    8890:	08000042          	sfpsetexp	L1,L0,0x000,0

00008894 <.LBB8964>:
    8894:	c0038629          	sfpload	L0,394,0,7

00008898 <.LBB8970>:
    8898:	18006402          	sfpmul	L0,L0,L1,L9,0

0000889c <.LBB8973>:
    889c:	c0438661          	sfpload	L1,408,0,7

000088a0 <.LBB8979>:
    88a0:	48000406          	sfpswap	L0,L1,1
    88a4:	3c000002          	sfpnop

000088a8 <.LBB8981>:
    88a8:	c0438631          	sfpload	L1,396,0,7

000088ac <.LBB8988>:
    88ac:	1006c042          	sfpmad	L1,L1,L11,L0,0
    88b0:	ec000401          	sfpsetcc	L1,0x000,0

000088b4 <.LBB8992>:
    88b4:	f0002401          	sfpmov	L0,L9,0

000088b8 <.LBB8995>:
    88b8:	2800c02a          	sfpencc	0x003,10

000088bc <.LBB8998>:
    88bc:	c0838311          	sfpload	L2,196,0,7

000088c0 <.LBB9004>:
    88c0:	1800a442          	sfpmul	L1,L0,L2,L9,0

000088c4 <.LBB9007>:
    88c4:	c1038011          	sfpload	L4,4,0,7

000088c8 <.LBB9013>:
    88c8:	c0c38639          	sfpload	L3,398,0,7

000088cc <.LBB9019>:
    88cc:	1004d0c2          	sfpmad	L3,L1,L3,L4,0

000088d0 <.LBB9022>:
    88d0:	c8c38011          	sfpstore	L3,4,0,7

000088d4 <.LBB9028>:
    88d4:	c1038111          	sfpload	L4,68,0,7

000088d8 <.LBB9034>:
    88d8:	c0c38641          	sfpload	L3,400,0,7

000088dc <.LBB9040>:
    88dc:	1004d0c2          	sfpmad	L3,L1,L3,L4,0

000088e0 <.LBB9043>:
    88e0:	c8c38111          	sfpstore	L3,68,0,7

000088e4 <.LBB9049>:
    88e4:	c1038211          	sfpload	L4,132,0,7

000088e8 <.LBB9055>:
    88e8:	c0c38649          	sfpload	L3,402,0,7

000088ec <.LBB9061>:
    88ec:	1004d042          	sfpmad	L1,L1,L3,L4,0

000088f0 <.LBB9064>:
    88f0:	c8438211          	sfpstore	L1,132,0,7

000088f4 <.LBB9070>:
    88f4:	142a800a          	sfpadd	L0,L10,L10,L0,2

000088f8 <.LBB9073>:
    88f8:	18082402          	sfpmul	L0,L2,L0,L9,0

000088fc <.LBB9076>:
    88fc:	c8038311          	sfpstore	L0,196,0,7

00008900 <.LBE8625>:
    8900:	00008067          	ret

00008904 <_ZN12_GLOBAL__N_1L16blend_chain_bodyILm1ELm2EEEvmPKNS_15BlendChainEntryE>:
    8904:	00455713          	srli	a4,a0,0x4

00008908 <.LM1005>:
    8908:	10070a63          	beqz	a4,8a1c <.L27>

0000890c <.LBB10516>:
    890c:	60171793          	ctz	a5,a4
    8910:	01e7f793          	andi	a5,a5,30

00008914 <.LM1010>:
    8914:	00f75733          	srl	a4,a4,a5

00008918 <.LM1012>:
    8918:	00377713          	andi	a4,a4,3

0000891c <.LBE10516>:
    891c:	20e7a7b3          	sh1add	a5,a5,a4

00008920 <.LM1014>:
    8920:	20b7c7b3          	sh2add	a5,a5,a1
    8924:	0207a783          	lw	a5,32(a5)

00008928 <.LBB10518>:
    8928:	c0838419          	sfpload	L2,262,0,7

0000892c <.LBB10527>:
    892c:	c0438519          	sfpload	L1,326,0,7

00008930 <.LBB10533>:
    8930:	c1038611          	sfpload	L4,388,0,7

00008934 <.LBB10539>:
    8934:	c0c38619          	sfpload	L3,390,0,7

00008938 <.LBB10545>:
    8938:	c0038621          	sfpload	L0,392,0,7

0000893c <.LBB10551>:
    893c:	c1838601          	sfpload	L6,384,0,7

00008940 <.LBB10557>:
    8940:	c1438609          	sfpload	L5,386,0,7

00008944 <.LBB10563>:
    8944:	1428988a          	sfpadd	L2,L10,L2,L6,2

00008948 <.LBB10566>:
    8948:	1428544a          	sfpadd	L1,L10,L1,L5,2

0000894c <.LBB10569>:
    894c:	1808a542          	sfpmul	L5,L2,L2,L9,0

00008950 <.LBB10572>:
    8950:	18116502          	sfpmul	L4,L4,L5,L9,0

00008954 <.LBB10575>:
    8954:	18086482          	sfpmul	L2,L2,L1,L9,0

00008958 <.LBB10578>:
    8958:	100c9082          	sfpmad	L2,L3,L2,L4,0

0000895c <.LBB10581>:
    895c:	18046442          	sfpmul	L1,L1,L1,L9,0

00008960 <.LBB10584>:
    8960:	10004802          	sfpmad	L0,L0,L1,L2,0
    8964:	3c000002          	sfpnop

00008968 <.LBB10587>:
    8968:	48002406          	sfpswap	L0,L9,1
    896c:	3c000002          	sfpnop

00008970 <.LBB10589>:
    8970:	18032402          	sfpmul	L0,L0,L12,L9,0

00008974 <.LBB10594>:
    8974:	d50bf801          	sfpaddi	L0,17150,0
    8978:	3c000002          	sfpnop

0000897c <.LBB10597>:
    897c:	48000246          	sfpswap	L9,L0,1
    8980:	3c000002          	sfpnop

00008984 <.LBB10599>:
    8984:	dc000041          	sfpexexp	L1,L0,0

00008988 <.LBB10603>:
    8988:	e0000001          	sfpexman	L0,L0,0

0000898c <.LBB10605>:
    898c:	e8000401          	sfpshft	L0,L1,0x000,0

00008990 <.LBB10607>:
    8990:	dc000045          	sfpexexp	L1,L0,1

00008994 <.LBB10609>:
    8994:	e0000005          	sfpexman	L0,L0,1

00008998 <.LBB10611>:
    8998:	40000002          	sfpcast	L0,L0,0

0000899c <.LBB10613>:
    899c:	10037882          	sfpmad	L2,L0,L13,L14,0

000089a0 <.LBB10616>:
    89a0:	c0c38659          	sfpload	L3,406,0,7

000089a4 <.LBB10622>:
    89a4:	10008c02          	sfpmad	L0,L0,L2,L3,0

000089a8 <.LBB10625>:
    89a8:	08000042          	sfpsetexp	L1,L0,0x000,0

000089ac <.LBB10627>:
    89ac:	c0038629          	sfpload	L0,394,0,7

000089b0 <.LBB10633>:
    89b0:	18006402          	sfpmul	L0,L0,L1,L9,0

000089b4 <.LBB10636>:
    89b4:	c0438661          	sfpload	L1,408,0,7

000089b8 <.LBB10642>:
    89b8:	48000406          	sfpswap	L0,L1,1
    89bc:	3c000002          	sfpnop

000089c0 <.LBB10644>:
    89c0:	c0438631          	sfpload	L1,396,0,7

000089c4 <.LBB10651>:
    89c4:	1006c042          	sfpmad	L1,L1,L11,L0,0
    89c8:	ec000401          	sfpsetcc	L1,0x000,0

000089cc <.LBB10655>:
    89cc:	f0002401          	sfpmov	L0,L9,0

000089d0 <.LBB10658>:
    89d0:	2800c02a          	sfpencc	0x003,10

000089d4 <.LBB10661>:
    89d4:	c0838319          	sfpload	L2,198,0,7

000089d8 <.LBB10667>:
    89d8:	1800a442          	sfpmul	L1,L0,L2,L9,0

000089dc <.LBB10670>:
    89dc:	c1038019          	sfpload	L4,6,0,7

000089e0 <.LBB10676>:
    89e0:	c0c38639          	sfpload	L3,398,0,7

000089e4 <.LBB10682>:
    89e4:	1004d0c2          	sfpmad	L3,L1,L3,L4,0

000089e8 <.LBB10685>:
    89e8:	c8c38019          	sfpstore	L3,6,0,7

000089ec <.LBB10691>:
    89ec:	c1038119          	sfpload	L4,70,0,7

000089f0 <.LBB10697>:
    89f0:	c0c38641          	sfpload	L3,400,0,7

000089f4 <.LBB10703>:
    89f4:	1004d0c2          	sfpmad	L3,L1,L3,L4,0

000089f8 <.LBB10706>:
    89f8:	c8c38119          	sfpstore	L3,70,0,7

000089fc <.LBB10712>:
    89fc:	c1038219          	sfpload	L4,134,0,7

00008a00 <.LBB10718>:
    8a00:	c0c38649          	sfpload	L3,402,0,7

00008a04 <.LBB10724>:
    8a04:	1004d042          	sfpmad	L1,L1,L3,L4,0

00008a08 <.LBB10727>:
    8a08:	c8438219          	sfpstore	L1,134,0,7

00008a0c <.LBB10733>:
    8a0c:	142a800a          	sfpadd	L0,L10,L10,L0,2

00008a10 <.LBB10736>:
    8a10:	18082402          	sfpmul	L0,L2,L0,L9,0

00008a14 <.LBB10739>:
    8a14:	c8038319          	sfpstore	L0,198,0,7

00008a18 <.LBE10518>:
    8a18:	00078067          	jr	a5

00008a1c <.L27>:
    8a1c:	c0838419          	sfpload	L2,262,0,7

00008a20 <.LBB10754>:
    8a20:	c0438519          	sfpload	L1,326,0,7

00008a24 <.LBB10760>:
    8a24:	c1038611          	sfpload	L4,388,0,7

00008a28 <.LBB10766>:
    8a28:	c0c38619          	sfpload	L3,390,0,7

00008a2c <.LBB10772>:
    8a2c:	c0038621          	sfpload	L0,392,0,7

00008a30 <.LBB10778>:
    8a30:	c1838601          	sfpload	L6,384,0,7

00008a34 <.LBB10784>:
    8a34:	c1438609          	sfpload	L5,386,0,7

00008a38 <.LBB10790>:
    8a38:	1428988a          	sfpadd	L2,L10,L2,L6,2

00008a3c <.LBB10793>:
    8a3c:	1428544a          	sfpadd	L1,L10,L1,L5,2

00008a40 <.LBB10796>:
    8a40:	1808a542          	sfpmul	L5,L2,L2,L9,0

00008a44 <.LBB10799>:
    8a44:	18116502          	sfpmul	L4,L4,L5,L9,0

00008a48 <.LBB10802>:
    8a48:	18086482          	sfpmul	L2,L2,L1,L9,0

00008a4c <.LBB10805>:
    8a4c:	100c9082          	sfpmad	L2,L3,L2,L4,0

00008a50 <.LBB10808>:
    8a50:	18046442          	sfpmul	L1,L1,L1,L9,0

00008a54 <.LBB10811>:
    8a54:	10004802          	sfpmad	L0,L0,L1,L2,0
    8a58:	3c000002          	sfpnop

00008a5c <.LBB10814>:
    8a5c:	48002406          	sfpswap	L0,L9,1
    8a60:	3c000002          	sfpnop

00008a64 <.LBB10816>:
    8a64:	18032402          	sfpmul	L0,L0,L12,L9,0

00008a68 <.LBB10821>:
    8a68:	d50bf801          	sfpaddi	L0,17150,0
    8a6c:	3c000002          	sfpnop

00008a70 <.LBB10824>:
    8a70:	48000246          	sfpswap	L9,L0,1
    8a74:	3c000002          	sfpnop

00008a78 <.LBB10826>:
    8a78:	dc000041          	sfpexexp	L1,L0,0

00008a7c <.LBB10830>:
    8a7c:	e0000001          	sfpexman	L0,L0,0

00008a80 <.LBB10832>:
    8a80:	e8000401          	sfpshft	L0,L1,0x000,0

00008a84 <.LBB10834>:
    8a84:	dc000045          	sfpexexp	L1,L0,1

00008a88 <.LBB10836>:
    8a88:	e0000005          	sfpexman	L0,L0,1

00008a8c <.LBB10838>:
    8a8c:	40000002          	sfpcast	L0,L0,0

00008a90 <.LBB10840>:
    8a90:	10037882          	sfpmad	L2,L0,L13,L14,0

00008a94 <.LBB10843>:
    8a94:	c0c38659          	sfpload	L3,406,0,7

00008a98 <.LBB10849>:
    8a98:	10008c02          	sfpmad	L0,L0,L2,L3,0

00008a9c <.LBB10852>:
    8a9c:	08000042          	sfpsetexp	L1,L0,0x000,0

00008aa0 <.LBB10854>:
    8aa0:	c0038629          	sfpload	L0,394,0,7

00008aa4 <.LBB10860>:
    8aa4:	18006402          	sfpmul	L0,L0,L1,L9,0

00008aa8 <.LBB10863>:
    8aa8:	c0438661          	sfpload	L1,408,0,7

00008aac <.LBB10869>:
    8aac:	48000406          	sfpswap	L0,L1,1
    8ab0:	3c000002          	sfpnop

00008ab4 <.LBB10871>:
    8ab4:	c0438631          	sfpload	L1,396,0,7

00008ab8 <.LBB10878>:
    8ab8:	1006c042          	sfpmad	L1,L1,L11,L0,0
    8abc:	ec000401          	sfpsetcc	L1,0x000,0

00008ac0 <.LBB10882>:
    8ac0:	f0002401          	sfpmov	L0,L9,0

00008ac4 <.LBB10885>:
    8ac4:	2800c02a          	sfpencc	0x003,10

00008ac8 <.LBB10888>:
    8ac8:	c0838319          	sfpload	L2,198,0,7

00008acc <.LBB10894>:
    8acc:	1800a442          	sfpmul	L1,L0,L2,L9,0

00008ad0 <.LBB10897>:
    8ad0:	c1038019          	sfpload	L4,6,0,7

00008ad4 <.LBB10903>:
    8ad4:	c0c38639          	sfpload	L3,398,0,7

00008ad8 <.LBB10909>:
    8ad8:	1004d0c2          	sfpmad	L3,L1,L3,L4,0

00008adc <.LBB10912>:
    8adc:	c8c38019          	sfpstore	L3,6,0,7

00008ae0 <.LBB10918>:
    8ae0:	c1038119          	sfpload	L4,70,0,7

00008ae4 <.LBB10924>:
    8ae4:	c0c38641          	sfpload	L3,400,0,7

00008ae8 <.LBB10930>:
    8ae8:	1004d0c2          	sfpmad	L3,L1,L3,L4,0

00008aec <.LBB10933>:
    8aec:	c8c38119          	sfpstore	L3,70,0,7

00008af0 <.LBB10939>:
    8af0:	c1038219          	sfpload	L4,134,0,7

00008af4 <.LBB10945>:
    8af4:	c0c38649          	sfpload	L3,402,0,7

00008af8 <.LBB10951>:
    8af8:	1004d042          	sfpmad	L1,L1,L3,L4,0

00008afc <.LBB10954>:
    8afc:	c8438219          	sfpstore	L1,134,0,7

00008b00 <.LBB10960>:
    8b00:	142a800a          	sfpadd	L0,L10,L10,L0,2

00008b04 <.LBB10963>:
    8b04:	18082402          	sfpmul	L0,L2,L0,L9,0

00008b08 <.LBB10966>:
    8b08:	c8038319          	sfpstore	L0,198,0,7

00008b0c <.LBE10515>:
    8b0c:	00008067          	ret

00008b10 <_ZN12_GLOBAL__N_1L16blend_chain_bodyILm1ELm3EEEvmPKNS_15BlendChainEntryE>:
    8b10:	00455713          	srli	a4,a0,0x4

00008b14 <.LM1215>:
    8b14:	1c070663          	beqz	a4,8ce0 <.L32>

00008b18 <.LBB13612>:
    8b18:	60171793          	ctz	a5,a4
    8b1c:	01e7f793          	andi	a5,a5,30

00008b20 <.LM1220>:
    8b20:	00f75733          	srl	a4,a4,a5

00008b24 <.LM1222>:
    8b24:	00377713          	andi	a4,a4,3

00008b28 <.LBE13612>:
    8b28:	20e7a7b3          	sh1add	a5,a5,a4

00008b2c <.LM1224>:
    8b2c:	20b7c7b3          	sh2add	a5,a5,a1
    8b30:	0207a783          	lw	a5,32(a5)

00008b34 <.LBB13614>:
    8b34:	c0038601          	sfpload	L0,384,0,7

00008b38 <.LBB13623>:
    8b38:	c1038609          	sfpload	L4,386,0,7

00008b3c <.LBB13629>:
    8b3c:	c0838411          	sfpload	L2,260,0,7

00008b40 <.LBB13635>:
    8b40:	1428808a          	sfpadd	L2,L10,L2,L0,2

00008b44 <.LBB13638>:
    8b44:	c0438419          	sfpload	L1,262,0,7

00008b48 <.LBB13644>:
    8b48:	1428404a          	sfpadd	L1,L10,L1,L0,2

00008b4c <.LBB13647>:
    8b4c:	c0038511          	sfpload	L0,324,0,7

00008b50 <.LBB13653>:
    8b50:	1428100a          	sfpadd	L0,L10,L0,L4,2

00008b54 <.LBB13656>:
    8b54:	c0c38519          	sfpload	L3,326,0,7

00008b58 <.LBB13662>:
    8b58:	1428d0ca          	sfpadd	L3,L10,L3,L4,2

00008b5c <.LBB13665>:
    8b5c:	c1438611          	sfpload	L5,388,0,7

00008b60 <.LBB13671>:
    8b60:	1808a582          	sfpmul	L6,L2,L2,L9,0

00008b64 <.LBB13674>:
    8b64:	1815a582          	sfpmul	L6,L5,L6,L9,0

00008b68 <.LBB13677>:
    8b68:	18046502          	sfpmul	L4,L1,L1,L9,0

00008b6c <.LBB13680>:
    8b6c:	18152542          	sfpmul	L5,L5,L4,L9,0

00008b70 <.LBB13683>:
    8b70:	c1038619          	sfpload	L4,390,0,7

00008b74 <.LBB13689>:
    8b74:	18082482          	sfpmul	L2,L2,L0,L9,0

00008b78 <.LBB13692>:
    8b78:	10109882          	sfpmad	L2,L4,L2,L6,0

00008b7c <.LBB13695>:
    8b7c:	1804e442          	sfpmul	L1,L1,L3,L9,0

00008b80 <.LBB13698>:
    8b80:	10105502          	sfpmad	L4,L4,L1,L5,0

00008b84 <.LBB13701>:
    8b84:	c0438621          	sfpload	L1,392,0,7

00008b88 <.LBB13707>:
    8b88:	18002402          	sfpmul	L0,L0,L0,L9,0

00008b8c <.LBB13710>:
    8b8c:	10040802          	sfpmad	L0,L1,L0,L2,0

00008b90 <.LBB13713>:
    8b90:	180ce4c2          	sfpmul	L3,L3,L3,L9,0

00008b94 <.LBB13716>:
    8b94:	1004d042          	sfpmad	L1,L1,L3,L4,0

00008b98 <.LBB13719>:
    8b98:	48002406          	sfpswap	L0,L9,1
    8b9c:	3c000002          	sfpnop

00008ba0 <.LBB13721>:
    8ba0:	48002446          	sfpswap	L1,L9,1
    8ba4:	3c000002          	sfpnop

00008ba8 <.LBB13723>:
    8ba8:	18032402          	sfpmul	L0,L0,L12,L9,0

00008bac <.LBB13728>:
    8bac:	d50bf801          	sfpaddi	L0,17150,0
    8bb0:	3c000002          	sfpnop

00008bb4 <.LBB13731>:
    8bb4:	48000246          	sfpswap	L9,L0,1
    8bb8:	3c000002          	sfpnop

00008bbc <.LBB13733>:
    8bbc:	dc000081          	sfpexexp	L2,L0,0

00008bc0 <.LBB13737>:
    8bc0:	e0000001          	sfpexman	L0,L0,0

00008bc4 <.LBB13739>:
    8bc4:	e8000801          	sfpshft	L0,L2,0x000,0

00008bc8 <.LBB13741>:
    8bc8:	dc000085          	sfpexexp	L2,L0,1

00008bcc <.LBB13743>:
    8bcc:	1000014c          	ttreplay	0,5,1,1
    8bd0:	e0000005          	sfpexman	L0,L0,1

00008bd4 <.LBB13745>:
    8bd4:	40000002          	sfpcast	L0,L0,0

00008bd8 <.LBB13747>:
    8bd8:	100378c2          	sfpmad	L3,L0,L13,L14,0

00008bdc <.LBB13750>:
    8bdc:	c1038659          	sfpload	L4,406,0,7

00008be0 <.LBB13756>:
    8be0:	1000d002          	sfpmad	L0,L0,L3,L4,0

00008be4 <.LBB13759>:
    8be4:	08000082          	sfpsetexp	L2,L0,0x000,0

00008be8 <.LBB13761>:
    8be8:	18072442          	sfpmul	L1,L1,L12,L9,0

00008bec <.LBB13766>:
    8bec:	d50bf841          	sfpaddi	L1,17150,0
    8bf0:	3c000002          	sfpnop

00008bf4 <.LBB13769>:
    8bf4:	48000646          	sfpswap	L9,L1,1
    8bf8:	3c000002          	sfpnop

00008bfc <.LBB13771>:
    8bfc:	dc0004c1          	sfpexexp	L3,L1,0

00008c00 <.LBB13775>:
    8c00:	e0000401          	sfpexman	L0,L1,0

00008c04 <.LBB13777>:
    8c04:	e8000c01          	sfpshft	L0,L3,0x000,0

00008c08 <.LBB13779>:
    8c08:	dc000045          	sfpexexp	L1,L0,1

00008c0c <.LBB13781>:
    8c0c:	10000140          	ttreplay	0,5,0,0

00008c10 <.LBB13784>:
    8c10:	08000042          	sfpsetexp	L1,L0,0x000,0

00008c14 <.LBB13786>:
    8c14:	c0038629          	sfpload	L0,394,0,7

00008c18 <.LBB13792>:
    8c18:	1800a482          	sfpmul	L2,L0,L2,L9,0

00008c1c <.LBB13795>:
    8c1c:	18006402          	sfpmul	L0,L0,L1,L9,0

00008c20 <.LBB13798>:
    8c20:	c0c38661          	sfpload	L3,408,0,7

00008c24 <.LBB13804>:
    8c24:	c0438661          	sfpload	L1,408,0,7

00008c28 <.LBB13810>:
    8c28:	48000c86          	sfpswap	L2,L3,1
    8c2c:	3c000002          	sfpnop

00008c30 <.LBB13812>:
    8c30:	48000406          	sfpswap	L0,L1,1
    8c34:	3c000002          	sfpnop

00008c38 <.LBB13814>:
    8c38:	c0438631          	sfpload	L1,396,0,7

00008c3c <.LBB13821>:
    8c3c:	1006c842          	sfpmad	L1,L1,L11,L2,0
    8c40:	ec000401          	sfpsetcc	L1,0x000,0

00008c44 <.LBB13825>:
    8c44:	f0002481          	sfpmov	L2,L9,0

00008c48 <.LBB13828>:
    8c48:	2800c02a          	sfpencc	0x003,10

00008c4c <.LBB13831>:
    8c4c:	c0438631          	sfpload	L1,396,0,7

00008c50 <.LBB13838>:
    8c50:	1006c042          	sfpmad	L1,L1,L11,L0,0
    8c54:	ec000401          	sfpsetcc	L1,0x000,0

00008c58 <.LBB13842>:
    8c58:	f0002401          	sfpmov	L0,L9,0

00008c5c <.LBB13845>:
    8c5c:	2800c02a          	sfpencc	0x003,10

00008c60 <.LBB13848>:
    8c60:	c1438311          	sfpload	L5,196,0,7

00008c64 <.LBB13854>:
    8c64:	c1038319          	sfpload	L4,198,0,7

00008c68 <.LBB13860>:
    8c68:	180964c2          	sfpmul	L3,L2,L5,L9,0

00008c6c <.LBB13863>:
    8c6c:	18012442          	sfpmul	L1,L0,L4,L9,0

00008c70 <.LBB13866>:
    8c70:	c1838639          	sfpload	L6,398,0,7

00008c74 <.LBB13872>:
    8c74:	c1c38011          	sfpload	L7,4,0,7

00008c78 <.LBB13878>:
    8c78:	100d9dc2          	sfpmad	L7,L3,L6,L7,0

00008c7c <.LBB13881>:
    8c7c:	c9c38011          	sfpstore	L7,4,0,7

00008c80 <.LBB13887>:
    8c80:	c1c38019          	sfpload	L7,6,0,7

00008c84 <.LBB13893>:
    8c84:	10059d82          	sfpmad	L6,L1,L6,L7,0

00008c88 <.LBB13896>:
    8c88:	c9838019          	sfpstore	L6,6,0,7

00008c8c <.LBB13902>:
    8c8c:	c1838641          	sfpload	L6,400,0,7

00008c90 <.LBB13908>:
    8c90:	c1c38111          	sfpload	L7,68,0,7

00008c94 <.LBB13914>:
    8c94:	100d9dc2          	sfpmad	L7,L3,L6,L7,0

00008c98 <.LBB13917>:
    8c98:	c9c38111          	sfpstore	L7,68,0,7

00008c9c <.LBB13923>:
    8c9c:	c1c38119          	sfpload	L7,70,0,7

00008ca0 <.LBB13929>:
    8ca0:	10059d82          	sfpmad	L6,L1,L6,L7,0

00008ca4 <.LBB13932>:
    8ca4:	c9838119          	sfpstore	L6,70,0,7

00008ca8 <.LBB13938>:
    8ca8:	c1838649          	sfpload	L6,402,0,7

00008cac <.LBB13944>:
    8cac:	c1c38211          	sfpload	L7,132,0,7

00008cb0 <.LBB13950>:
    8cb0:	100d9cc2          	sfpmad	L3,L3,L6,L7,0

00008cb4 <.LBB13953>:
    8cb4:	c8c38211          	sfpstore	L3,132,0,7

00008cb8 <.LBB13959>:
    8cb8:	c0c38219          	sfpload	L3,134,0,7

00008cbc <.LBB13965>:
    8cbc:	10058c42          	sfpmad	L1,L1,L6,L3,0

00008cc0 <.LBB13968>:
    8cc0:	c8438219          	sfpstore	L1,134,0,7

00008cc4 <.LBB13974>:
    8cc4:	142a888a          	sfpadd	L2,L10,L10,L2,2

00008cc8 <.LBB13977>:
    8cc8:	1814a542          	sfpmul	L5,L5,L2,L9,0

00008ccc <.LBB13980>:
    8ccc:	c9438311          	sfpstore	L5,196,0,7

00008cd0 <.LBB13986>:
    8cd0:	142a800a          	sfpadd	L0,L10,L10,L0,2

00008cd4 <.LBB13989>:
    8cd4:	18102402          	sfpmul	L0,L4,L0,L9,0

00008cd8 <.LBB13992>:
    8cd8:	c8038319          	sfpstore	L0,198,0,7

00008cdc <.LBE13614>:
    8cdc:	00078067          	jr	a5

00008ce0 <.L32>:
    8ce0:	c0038601          	sfpload	L0,384,0,7

00008ce4 <.LBB14007>:
    8ce4:	c1038609          	sfpload	L4,386,0,7

00008ce8 <.LBB14013>:
    8ce8:	c0838411          	sfpload	L2,260,0,7

00008cec <.LBB14019>:
    8cec:	1428808a          	sfpadd	L2,L10,L2,L0,2

00008cf0 <.LBB14022>:
    8cf0:	c0438419          	sfpload	L1,262,0,7

00008cf4 <.LBB14028>:
    8cf4:	1428404a          	sfpadd	L1,L10,L1,L0,2

00008cf8 <.LBB14031>:
    8cf8:	c0038511          	sfpload	L0,324,0,7

00008cfc <.LBB14037>:
    8cfc:	1428100a          	sfpadd	L0,L10,L0,L4,2

00008d00 <.LBB14040>:
    8d00:	c0c38519          	sfpload	L3,326,0,7

00008d04 <.LBB14046>:
    8d04:	1428d0ca          	sfpadd	L3,L10,L3,L4,2

00008d08 <.LBB14049>:
    8d08:	c1438611          	sfpload	L5,388,0,7

00008d0c <.LBB14055>:
    8d0c:	1808a582          	sfpmul	L6,L2,L2,L9,0

00008d10 <.LBB14058>:
    8d10:	1815a582          	sfpmul	L6,L5,L6,L9,0

00008d14 <.LBB14061>:
    8d14:	18046502          	sfpmul	L4,L1,L1,L9,0

00008d18 <.LBB14064>:
    8d18:	18152542          	sfpmul	L5,L5,L4,L9,0

00008d1c <.LBB14067>:
    8d1c:	c1038619          	sfpload	L4,390,0,7

00008d20 <.LBB14073>:
    8d20:	18082482          	sfpmul	L2,L2,L0,L9,0

00008d24 <.LBB14076>:
    8d24:	10109882          	sfpmad	L2,L4,L2,L6,0

00008d28 <.LBB14079>:
    8d28:	1804e442          	sfpmul	L1,L1,L3,L9,0

00008d2c <.LBB14082>:
    8d2c:	10105502          	sfpmad	L4,L4,L1,L5,0

00008d30 <.LBB14085>:
    8d30:	c0438621          	sfpload	L1,392,0,7

00008d34 <.LBB14091>:
    8d34:	18002402          	sfpmul	L0,L0,L0,L9,0

00008d38 <.LBB14094>:
    8d38:	10040802          	sfpmad	L0,L1,L0,L2,0

00008d3c <.LBB14097>:
    8d3c:	180ce4c2          	sfpmul	L3,L3,L3,L9,0

00008d40 <.LBB14100>:
    8d40:	1004d042          	sfpmad	L1,L1,L3,L4,0

00008d44 <.LBB14103>:
    8d44:	48002406          	sfpswap	L0,L9,1
    8d48:	3c000002          	sfpnop

00008d4c <.LBB14105>:
    8d4c:	48002446          	sfpswap	L1,L9,1
    8d50:	3c000002          	sfpnop

00008d54 <.LBB14107>:
    8d54:	18032402          	sfpmul	L0,L0,L12,L9,0

00008d58 <.LBB14112>:
    8d58:	d50bf801          	sfpaddi	L0,17150,0
    8d5c:	3c000002          	sfpnop

00008d60 <.LBB14115>:
    8d60:	48000246          	sfpswap	L9,L0,1
    8d64:	3c000002          	sfpnop

00008d68 <.LBB14117>:
    8d68:	dc000081          	sfpexexp	L2,L0,0

00008d6c <.LBB14121>:
    8d6c:	e0000001          	sfpexman	L0,L0,0

00008d70 <.LBB14123>:
    8d70:	e8000801          	sfpshft	L0,L2,0x000,0

00008d74 <.LBB14125>:
    8d74:	dc000085          	sfpexexp	L2,L0,1

00008d78 <.LBB14127>:
    8d78:	1000014c          	ttreplay	0,5,1,1
    8d7c:	e0000005          	sfpexman	L0,L0,1

00008d80 <.LBB14129>:
    8d80:	40000002          	sfpcast	L0,L0,0

00008d84 <.LBB14131>:
    8d84:	100378c2          	sfpmad	L3,L0,L13,L14,0

00008d88 <.LBB14134>:
    8d88:	c1038659          	sfpload	L4,406,0,7

00008d8c <.LBB14140>:
    8d8c:	1000d002          	sfpmad	L0,L0,L3,L4,0

00008d90 <.LBB14143>:
    8d90:	08000082          	sfpsetexp	L2,L0,0x000,0

00008d94 <.LBB14145>:
    8d94:	18072442          	sfpmul	L1,L1,L12,L9,0

00008d98 <.LBB14150>:
    8d98:	d50bf841          	sfpaddi	L1,17150,0
    8d9c:	3c000002          	sfpnop

00008da0 <.LBB14153>:
    8da0:	48000646          	sfpswap	L9,L1,1
    8da4:	3c000002          	sfpnop

00008da8 <.LBB14155>:
    8da8:	dc0004c1          	sfpexexp	L3,L1,0

00008dac <.LBB14159>:
    8dac:	e0000401          	sfpexman	L0,L1,0

00008db0 <.LBB14161>:
    8db0:	e8000c01          	sfpshft	L0,L3,0x000,0

00008db4 <.LBB14163>:
    8db4:	dc000045          	sfpexexp	L1,L0,1

00008db8 <.LBB14165>:
    8db8:	10000140          	ttreplay	0,5,0,0

00008dbc <.LBB14168>:
    8dbc:	08000042          	sfpsetexp	L1,L0,0x000,0

00008dc0 <.LBB14170>:
    8dc0:	c0038629          	sfpload	L0,394,0,7

00008dc4 <.LBB14176>:
    8dc4:	1800a482          	sfpmul	L2,L0,L2,L9,0

00008dc8 <.LBB14179>:
    8dc8:	18006402          	sfpmul	L0,L0,L1,L9,0

00008dcc <.LBB14182>:
    8dcc:	c0c38661          	sfpload	L3,408,0,7

00008dd0 <.LBB14188>:
    8dd0:	c0438661          	sfpload	L1,408,0,7

00008dd4 <.LBB14194>:
    8dd4:	48000c86          	sfpswap	L2,L3,1
    8dd8:	3c000002          	sfpnop

00008ddc <.LBB14196>:
    8ddc:	48000406          	sfpswap	L0,L1,1
    8de0:	3c000002          	sfpnop

00008de4 <.LBB14198>:
    8de4:	c0438631          	sfpload	L1,396,0,7

00008de8 <.LBB14205>:
    8de8:	1006c842          	sfpmad	L1,L1,L11,L2,0
    8dec:	ec000401          	sfpsetcc	L1,0x000,0

00008df0 <.LBB14209>:
    8df0:	f0002481          	sfpmov	L2,L9,0

00008df4 <.LBB14212>:
    8df4:	2800c02a          	sfpencc	0x003,10

00008df8 <.LBB14215>:
    8df8:	c0438631          	sfpload	L1,396,0,7

00008dfc <.LBB14222>:
    8dfc:	1006c042          	sfpmad	L1,L1,L11,L0,0
    8e00:	ec000401          	sfpsetcc	L1,0x000,0

00008e04 <.LBB14226>:
    8e04:	f0002401          	sfpmov	L0,L9,0

00008e08 <.LBB14229>:
    8e08:	2800c02a          	sfpencc	0x003,10

00008e0c <.LBB14232>:
    8e0c:	c1438311          	sfpload	L5,196,0,7

00008e10 <.LBB14238>:
    8e10:	c1038319          	sfpload	L4,198,0,7

00008e14 <.LBB14244>:
    8e14:	180964c2          	sfpmul	L3,L2,L5,L9,0

00008e18 <.LBB14247>:
    8e18:	18012442          	sfpmul	L1,L0,L4,L9,0

00008e1c <.LBB14250>:
    8e1c:	c1838639          	sfpload	L6,398,0,7

00008e20 <.LBB14256>:
    8e20:	c1c38011          	sfpload	L7,4,0,7

00008e24 <.LBB14262>:
    8e24:	100d9dc2          	sfpmad	L7,L3,L6,L7,0

00008e28 <.LBB14265>:
    8e28:	c9c38011          	sfpstore	L7,4,0,7

00008e2c <.LBB14271>:
    8e2c:	c1c38019          	sfpload	L7,6,0,7

00008e30 <.LBB14277>:
    8e30:	10059d82          	sfpmad	L6,L1,L6,L7,0

00008e34 <.LBB14280>:
    8e34:	c9838019          	sfpstore	L6,6,0,7

00008e38 <.LBB14286>:
    8e38:	c1838641          	sfpload	L6,400,0,7

00008e3c <.LBB14292>:
    8e3c:	c1c38111          	sfpload	L7,68,0,7

00008e40 <.LBB14298>:
    8e40:	100d9dc2          	sfpmad	L7,L3,L6,L7,0

00008e44 <.LBB14301>:
    8e44:	c9c38111          	sfpstore	L7,68,0,7

00008e48 <.LBB14307>:
    8e48:	c1c38119          	sfpload	L7,70,0,7

00008e4c <.LBB14313>:
    8e4c:	10059d82          	sfpmad	L6,L1,L6,L7,0

00008e50 <.LBB14316>:
    8e50:	c9838119          	sfpstore	L6,70,0,7

00008e54 <.LBB14322>:
    8e54:	c1838649          	sfpload	L6,402,0,7

00008e58 <.LBB14328>:
    8e58:	c1c38211          	sfpload	L7,132,0,7

00008e5c <.LBB14334>:
    8e5c:	100d9cc2          	sfpmad	L3,L3,L6,L7,0

00008e60 <.LBB14337>:
    8e60:	c8c38211          	sfpstore	L3,132,0,7

00008e64 <.LBB14343>:
    8e64:	c0c38219          	sfpload	L3,134,0,7

00008e68 <.LBB14349>:
    8e68:	10058c42          	sfpmad	L1,L1,L6,L3,0

00008e6c <.LBB14352>:
    8e6c:	c8438219          	sfpstore	L1,134,0,7

00008e70 <.LBB14358>:
    8e70:	142a888a          	sfpadd	L2,L10,L10,L2,2

00008e74 <.LBB14361>:
    8e74:	1814a542          	sfpmul	L5,L5,L2,L9,0

00008e78 <.LBB14364>:
    8e78:	c9438311          	sfpstore	L5,196,0,7

00008e7c <.LBB14370>:
    8e7c:	142a800a          	sfpadd	L0,L10,L10,L0,2

00008e80 <.LBB14373>:
    8e80:	18102402          	sfpmul	L0,L4,L0,L9,0

00008e84 <.LBB14376>:
    8e84:	c8038319          	sfpstore	L0,198,0,7

00008e88 <.LBE13611>:
    8e88:	00008067          	ret

00008e8c <_ZN12_GLOBAL__N_1L16blend_chain_bodyILm2ELm1EEEvmPKNS_15BlendChainEntryE>:
    8e8c:	00655713          	srli	a4,a0,0x6

00008e90 <.LM1585>:
    8e90:	10070a63          	beqz	a4,8fa4 <.L37>

00008e94 <.LBB15816>:
    8e94:	60171793          	ctz	a5,a4
    8e98:	01e7f793          	andi	a5,a5,30

00008e9c <.LM1590>:
    8e9c:	00f75733          	srl	a4,a4,a5

00008ea0 <.LM1592>:
    8ea0:	00377713          	andi	a4,a4,3

00008ea4 <.LBE15816>:
    8ea4:	20e7a7b3          	sh1add	a5,a5,a4

00008ea8 <.LM1594>:
    8ea8:	20b7c7b3          	sh2add	a5,a5,a1
    8eac:	0307a783          	lw	a5,48(a5)

00008eb0 <.LBB15818>:
    8eb0:	c0838421          	sfpload	L2,264,0,7

00008eb4 <.LBB15827>:
    8eb4:	c0438521          	sfpload	L1,328,0,7

00008eb8 <.LBB15833>:
    8eb8:	c1038611          	sfpload	L4,388,0,7

00008ebc <.LBB15839>:
    8ebc:	c0c38619          	sfpload	L3,390,0,7

00008ec0 <.LBB15845>:
    8ec0:	c0038621          	sfpload	L0,392,0,7

00008ec4 <.LBB15851>:
    8ec4:	c1838601          	sfpload	L6,384,0,7

00008ec8 <.LBB15857>:
    8ec8:	c1438609          	sfpload	L5,386,0,7

00008ecc <.LBB15863>:
    8ecc:	1428988a          	sfpadd	L2,L10,L2,L6,2

00008ed0 <.LBB15866>:
    8ed0:	1428544a          	sfpadd	L1,L10,L1,L5,2

00008ed4 <.LBB15869>:
    8ed4:	1808a542          	sfpmul	L5,L2,L2,L9,0

00008ed8 <.LBB15872>:
    8ed8:	18116502          	sfpmul	L4,L4,L5,L9,0

00008edc <.LBB15875>:
    8edc:	18086482          	sfpmul	L2,L2,L1,L9,0

00008ee0 <.LBB15878>:
    8ee0:	100c9082          	sfpmad	L2,L3,L2,L4,0

00008ee4 <.LBB15881>:
    8ee4:	18046442          	sfpmul	L1,L1,L1,L9,0

00008ee8 <.LBB15884>:
    8ee8:	10004802          	sfpmad	L0,L0,L1,L2,0
    8eec:	3c000002          	sfpnop

00008ef0 <.LBB15887>:
    8ef0:	48002406          	sfpswap	L0,L9,1
    8ef4:	3c000002          	sfpnop

00008ef8 <.LBB15889>:
    8ef8:	18032402          	sfpmul	L0,L0,L12,L9,0

00008efc <.LBB15894>:
    8efc:	d50bf801          	sfpaddi	L0,17150,0
    8f00:	3c000002          	sfpnop

00008f04 <.LBB15897>:
    8f04:	48000246          	sfpswap	L9,L0,1
    8f08:	3c000002          	sfpnop

00008f0c <.LBB15899>:
    8f0c:	dc000041          	sfpexexp	L1,L0,0

00008f10 <.LBB15903>:
    8f10:	e0000001          	sfpexman	L0,L0,0

00008f14 <.LBB15905>:
    8f14:	e8000401          	sfpshft	L0,L1,0x000,0

00008f18 <.LBB15907>:
    8f18:	dc000045          	sfpexexp	L1,L0,1

00008f1c <.LBB15909>:
    8f1c:	e0000005          	sfpexman	L0,L0,1

00008f20 <.LBB15911>:
    8f20:	40000002          	sfpcast	L0,L0,0

00008f24 <.LBB15913>:
    8f24:	10037882          	sfpmad	L2,L0,L13,L14,0

00008f28 <.LBB15916>:
    8f28:	c0c38659          	sfpload	L3,406,0,7

00008f2c <.LBB15922>:
    8f2c:	10008c02          	sfpmad	L0,L0,L2,L3,0

00008f30 <.LBB15925>:
    8f30:	08000042          	sfpsetexp	L1,L0,0x000,0

00008f34 <.LBB15927>:
    8f34:	c0038629          	sfpload	L0,394,0,7

00008f38 <.LBB15933>:
    8f38:	18006402          	sfpmul	L0,L0,L1,L9,0

00008f3c <.LBB15936>:
    8f3c:	c0438661          	sfpload	L1,408,0,7

00008f40 <.LBB15942>:
    8f40:	48000406          	sfpswap	L0,L1,1
    8f44:	3c000002          	sfpnop

00008f48 <.LBB15944>:
    8f48:	c0438631          	sfpload	L1,396,0,7

00008f4c <.LBB15951>:
    8f4c:	1006c042          	sfpmad	L1,L1,L11,L0,0
    8f50:	ec000401          	sfpsetcc	L1,0x000,0

00008f54 <.LBB15955>:
    8f54:	f0002401          	sfpmov	L0,L9,0

00008f58 <.LBB15958>:
    8f58:	2800c02a          	sfpencc	0x003,10

00008f5c <.LBB15961>:
    8f5c:	c0838321          	sfpload	L2,200,0,7

00008f60 <.LBB15967>:
    8f60:	1800a442          	sfpmul	L1,L0,L2,L9,0

00008f64 <.LBB15970>:
    8f64:	c1038021          	sfpload	L4,8,0,7

00008f68 <.LBB15976>:
    8f68:	c0c38639          	sfpload	L3,398,0,7

00008f6c <.LBB15982>:
    8f6c:	1004d0c2          	sfpmad	L3,L1,L3,L4,0

00008f70 <.LBB15985>:
    8f70:	c8c38021          	sfpstore	L3,8,0,7

00008f74 <.LBB15991>:
    8f74:	c1038121          	sfpload	L4,72,0,7

00008f78 <.LBB15997>:
    8f78:	c0c38641          	sfpload	L3,400,0,7

00008f7c <.LBB16003>:
    8f7c:	1004d0c2          	sfpmad	L3,L1,L3,L4,0

00008f80 <.LBB16006>:
    8f80:	c8c38121          	sfpstore	L3,72,0,7

00008f84 <.LBB16012>:
    8f84:	c1038221          	sfpload	L4,136,0,7

00008f88 <.LBB16018>:
    8f88:	c0c38649          	sfpload	L3,402,0,7

00008f8c <.LBB16024>:
    8f8c:	1004d042          	sfpmad	L1,L1,L3,L4,0

00008f90 <.LBB16027>:
    8f90:	c8438221          	sfpstore	L1,136,0,7

00008f94 <.LBB16033>:
    8f94:	142a800a          	sfpadd	L0,L10,L10,L0,2

00008f98 <.LBB16036>:
    8f98:	18082402          	sfpmul	L0,L2,L0,L9,0

00008f9c <.LBB16039>:
    8f9c:	c8038321          	sfpstore	L0,200,0,7

00008fa0 <.LBE15818>:
    8fa0:	00078067          	jr	a5

00008fa4 <.L37>:
    8fa4:	c0838421          	sfpload	L2,264,0,7

00008fa8 <.LBB16054>:
    8fa8:	c0438521          	sfpload	L1,328,0,7

00008fac <.LBB16060>:
    8fac:	c1038611          	sfpload	L4,388,0,7

00008fb0 <.LBB16066>:
    8fb0:	c0c38619          	sfpload	L3,390,0,7

00008fb4 <.LBB16072>:
    8fb4:	c0038621          	sfpload	L0,392,0,7

00008fb8 <.LBB16078>:
    8fb8:	c1838601          	sfpload	L6,384,0,7

00008fbc <.LBB16084>:
    8fbc:	c1438609          	sfpload	L5,386,0,7

00008fc0 <.LBB16090>:
    8fc0:	1428988a          	sfpadd	L2,L10,L2,L6,2

00008fc4 <.LBB16093>:
    8fc4:	1428544a          	sfpadd	L1,L10,L1,L5,2

00008fc8 <.LBB16096>:
    8fc8:	1808a542          	sfpmul	L5,L2,L2,L9,0

00008fcc <.LBB16099>:
    8fcc:	18116502          	sfpmul	L4,L4,L5,L9,0

00008fd0 <.LBB16102>:
    8fd0:	18086482          	sfpmul	L2,L2,L1,L9,0

00008fd4 <.LBB16105>:
    8fd4:	100c9082          	sfpmad	L2,L3,L2,L4,0

00008fd8 <.LBB16108>:
    8fd8:	18046442          	sfpmul	L1,L1,L1,L9,0

00008fdc <.LBB16111>:
    8fdc:	10004802          	sfpmad	L0,L0,L1,L2,0
    8fe0:	3c000002          	sfpnop

00008fe4 <.LBB16114>:
    8fe4:	48002406          	sfpswap	L0,L9,1
    8fe8:	3c000002          	sfpnop

00008fec <.LBB16116>:
    8fec:	18032402          	sfpmul	L0,L0,L12,L9,0

00008ff0 <.LBB16121>:
    8ff0:	d50bf801          	sfpaddi	L0,17150,0
    8ff4:	3c000002          	sfpnop

00008ff8 <.LBB16124>:
    8ff8:	48000246          	sfpswap	L9,L0,1
    8ffc:	3c000002          	sfpnop

00009000 <.LBB16126>:
    9000:	dc000041          	sfpexexp	L1,L0,0

00009004 <.LBB16130>:
    9004:	e0000001          	sfpexman	L0,L0,0

00009008 <.LBB16132>:
    9008:	e8000401          	sfpshft	L0,L1,0x000,0

0000900c <.LBB16134>:
    900c:	dc000045          	sfpexexp	L1,L0,1

00009010 <.LBB16136>:
    9010:	e0000005          	sfpexman	L0,L0,1

00009014 <.LBB16138>:
    9014:	40000002          	sfpcast	L0,L0,0

00009018 <.LBB16140>:
    9018:	10037882          	sfpmad	L2,L0,L13,L14,0

0000901c <.LBB16143>:
    901c:	c0c38659          	sfpload	L3,406,0,7

00009020 <.LBB16149>:
    9020:	10008c02          	sfpmad	L0,L0,L2,L3,0

00009024 <.LBB16152>:
    9024:	08000042          	sfpsetexp	L1,L0,0x000,0

00009028 <.LBB16154>:
    9028:	c0038629          	sfpload	L0,394,0,7

0000902c <.LBB16160>:
    902c:	18006402          	sfpmul	L0,L0,L1,L9,0

00009030 <.LBB16163>:
    9030:	c0438661          	sfpload	L1,408,0,7

00009034 <.LBB16169>:
    9034:	48000406          	sfpswap	L0,L1,1
    9038:	3c000002          	sfpnop

0000903c <.LBB16171>:
    903c:	c0438631          	sfpload	L1,396,0,7

00009040 <.LBB16178>:
    9040:	1006c042          	sfpmad	L1,L1,L11,L0,0
    9044:	ec000401          	sfpsetcc	L1,0x000,0

00009048 <.LBB16182>:
    9048:	f0002401          	sfpmov	L0,L9,0

0000904c <.LBB16185>:
    904c:	2800c02a          	sfpencc	0x003,10

00009050 <.LBB16188>:
    9050:	c0838321          	sfpload	L2,200,0,7

00009054 <.LBB16194>:
    9054:	1800a442          	sfpmul	L1,L0,L2,L9,0

00009058 <.LBB16197>:
    9058:	c1038021          	sfpload	L4,8,0,7

0000905c <.LBB16203>:
    905c:	c0c38639          	sfpload	L3,398,0,7

00009060 <.LBB16209>:
    9060:	1004d0c2          	sfpmad	L3,L1,L3,L4,0

00009064 <.LBB16212>:
    9064:	c8c38021          	sfpstore	L3,8,0,7

00009068 <.LBB16218>:
    9068:	c1038121          	sfpload	L4,72,0,7

0000906c <.LBB16224>:
    906c:	c0c38641          	sfpload	L3,400,0,7

00009070 <.LBB16230>:
    9070:	1004d0c2          	sfpmad	L3,L1,L3,L4,0

00009074 <.LBB16233>:
    9074:	c8c38121          	sfpstore	L3,72,0,7

00009078 <.LBB16239>:
    9078:	c1038221          	sfpload	L4,136,0,7

0000907c <.LBB16245>:
    907c:	c0c38649          	sfpload	L3,402,0,7

00009080 <.LBB16251>:
    9080:	1004d042          	sfpmad	L1,L1,L3,L4,0

00009084 <.LBB16254>:
    9084:	c8438221          	sfpstore	L1,136,0,7

00009088 <.LBB16260>:
    9088:	142a800a          	sfpadd	L0,L10,L10,L0,2

0000908c <.LBB16263>:
    908c:	18082402          	sfpmul	L0,L2,L0,L9,0

00009090 <.LBB16266>:
    9090:	c8038321          	sfpstore	L0,200,0,7

00009094 <.LBE15815>:
    9094:	00008067          	ret

00009098 <_ZN12_GLOBAL__N_1L16blend_chain_bodyILm2ELm2EEEvmPKNS_15BlendChainEntryE>:
    9098:	00655713          	srli	a4,a0,0x6

0000909c <.LM1795>:
    909c:	10070a63          	beqz	a4,91b0 <.L42>

000090a0 <.LBB17706>:
    90a0:	60171793          	ctz	a5,a4
    90a4:	01e7f793          	andi	a5,a5,30

000090a8 <.LM1800>:
    90a8:	00f75733          	srl	a4,a4,a5

000090ac <.LM1802>:
    90ac:	00377713          	andi	a4,a4,3

000090b0 <.LBE17706>:
    90b0:	20e7a7b3          	sh1add	a5,a5,a4

000090b4 <.LM1804>:
    90b4:	20b7c7b3          	sh2add	a5,a5,a1
    90b8:	0307a783          	lw	a5,48(a5)

000090bc <.LBB17708>:
    90bc:	c0838429          	sfpload	L2,266,0,7

000090c0 <.LBB17717>:
    90c0:	c0438529          	sfpload	L1,330,0,7

000090c4 <.LBB17723>:
    90c4:	c1038611          	sfpload	L4,388,0,7

000090c8 <.LBB17729>:
    90c8:	c0c38619          	sfpload	L3,390,0,7

000090cc <.LBB17735>:
    90cc:	c0038621          	sfpload	L0,392,0,7

000090d0 <.LBB17741>:
    90d0:	c1838601          	sfpload	L6,384,0,7

000090d4 <.LBB17747>:
    90d4:	c1438609          	sfpload	L5,386,0,7

000090d8 <.LBB17753>:
    90d8:	1428988a          	sfpadd	L2,L10,L2,L6,2

000090dc <.LBB17756>:
    90dc:	1428544a          	sfpadd	L1,L10,L1,L5,2

000090e0 <.LBB17759>:
    90e0:	1808a542          	sfpmul	L5,L2,L2,L9,0

000090e4 <.LBB17762>:
    90e4:	18116502          	sfpmul	L4,L4,L5,L9,0

000090e8 <.LBB17765>:
    90e8:	18086482          	sfpmul	L2,L2,L1,L9,0

000090ec <.LBB17768>:
    90ec:	100c9082          	sfpmad	L2,L3,L2,L4,0

000090f0 <.LBB17771>:
    90f0:	18046442          	sfpmul	L1,L1,L1,L9,0

000090f4 <.LBB17774>:
    90f4:	10004802          	sfpmad	L0,L0,L1,L2,0
    90f8:	3c000002          	sfpnop

000090fc <.LBB17777>:
    90fc:	48002406          	sfpswap	L0,L9,1
    9100:	3c000002          	sfpnop

00009104 <.LBB17779>:
    9104:	18032402          	sfpmul	L0,L0,L12,L9,0

00009108 <.LBB17784>:
    9108:	d50bf801          	sfpaddi	L0,17150,0
    910c:	3c000002          	sfpnop

00009110 <.LBB17787>:
    9110:	48000246          	sfpswap	L9,L0,1
    9114:	3c000002          	sfpnop

00009118 <.LBB17789>:
    9118:	dc000041          	sfpexexp	L1,L0,0

0000911c <.LBB17793>:
    911c:	e0000001          	sfpexman	L0,L0,0

00009120 <.LBB17795>:
    9120:	e8000401          	sfpshft	L0,L1,0x000,0

00009124 <.LBB17797>:
    9124:	dc000045          	sfpexexp	L1,L0,1

00009128 <.LBB17799>:
    9128:	e0000005          	sfpexman	L0,L0,1

0000912c <.LBB17801>:
    912c:	40000002          	sfpcast	L0,L0,0

00009130 <.LBB17803>:
    9130:	10037882          	sfpmad	L2,L0,L13,L14,0

00009134 <.LBB17806>:
    9134:	c0c38659          	sfpload	L3,406,0,7

00009138 <.LBB17812>:
    9138:	10008c02          	sfpmad	L0,L0,L2,L3,0

0000913c <.LBB17815>:
    913c:	08000042          	sfpsetexp	L1,L0,0x000,0

00009140 <.LBB17817>:
    9140:	c0038629          	sfpload	L0,394,0,7

00009144 <.LBB17823>:
    9144:	18006402          	sfpmul	L0,L0,L1,L9,0

00009148 <.LBB17826>:
    9148:	c0438661          	sfpload	L1,408,0,7

0000914c <.LBB17832>:
    914c:	48000406          	sfpswap	L0,L1,1
    9150:	3c000002          	sfpnop

00009154 <.LBB17834>:
    9154:	c0438631          	sfpload	L1,396,0,7

00009158 <.LBB17841>:
    9158:	1006c042          	sfpmad	L1,L1,L11,L0,0
    915c:	ec000401          	sfpsetcc	L1,0x000,0

00009160 <.LBB17845>:
    9160:	f0002401          	sfpmov	L0,L9,0

00009164 <.LBB17848>:
    9164:	2800c02a          	sfpencc	0x003,10

00009168 <.LBB17851>:
    9168:	c0838329          	sfpload	L2,202,0,7

0000916c <.LBB17857>:
    916c:	1800a442          	sfpmul	L1,L0,L2,L9,0

00009170 <.LBB17860>:
    9170:	c1038029          	sfpload	L4,10,0,7

00009174 <.LBB17866>:
    9174:	c0c38639          	sfpload	L3,398,0,7

00009178 <.LBB17872>:
    9178:	1004d0c2          	sfpmad	L3,L1,L3,L4,0

0000917c <.LBB17875>:
    917c:	c8c38029          	sfpstore	L3,10,0,7

00009180 <.LBB17881>:
    9180:	c1038129          	sfpload	L4,74,0,7

00009184 <.LBB17887>:
    9184:	c0c38641          	sfpload	L3,400,0,7

00009188 <.LBB17893>:
    9188:	1004d0c2          	sfpmad	L3,L1,L3,L4,0

0000918c <.LBB17896>:
    918c:	c8c38129          	sfpstore	L3,74,0,7

00009190 <.LBB17902>:
    9190:	c1038229          	sfpload	L4,138,0,7

00009194 <.LBB17908>:
    9194:	c0c38649          	sfpload	L3,402,0,7

00009198 <.LBB17914>:
    9198:	1004d042          	sfpmad	L1,L1,L3,L4,0

0000919c <.LBB17917>:
    919c:	c8438229          	sfpstore	L1,138,0,7

000091a0 <.LBB17923>:
    91a0:	142a800a          	sfpadd	L0,L10,L10,L0,2

000091a4 <.LBB17926>:
    91a4:	18082402          	sfpmul	L0,L2,L0,L9,0

000091a8 <.LBB17929>:
    91a8:	c8038329          	sfpstore	L0,202,0,7

000091ac <.LBE17708>:
    91ac:	00078067          	jr	a5

000091b0 <.L42>:
    91b0:	c0838429          	sfpload	L2,266,0,7

000091b4 <.LBB17944>:
    91b4:	c0438529          	sfpload	L1,330,0,7

000091b8 <.LBB17950>:
    91b8:	c1038611          	sfpload	L4,388,0,7

000091bc <.LBB17956>:
    91bc:	c0c38619          	sfpload	L3,390,0,7

000091c0 <.LBB17962>:
    91c0:	c0038621          	sfpload	L0,392,0,7

000091c4 <.LBB17968>:
    91c4:	c1838601          	sfpload	L6,384,0,7

000091c8 <.LBB17974>:
    91c8:	c1438609          	sfpload	L5,386,0,7

000091cc <.LBB17980>:
    91cc:	1428988a          	sfpadd	L2,L10,L2,L6,2

000091d0 <.LBB17983>:
    91d0:	1428544a          	sfpadd	L1,L10,L1,L5,2

000091d4 <.LBB17986>:
    91d4:	1808a542          	sfpmul	L5,L2,L2,L9,0

000091d8 <.LBB17989>:
    91d8:	18116502          	sfpmul	L4,L4,L5,L9,0

000091dc <.LBB17992>:
    91dc:	18086482          	sfpmul	L2,L2,L1,L9,0

000091e0 <.LBB17995>:
    91e0:	100c9082          	sfpmad	L2,L3,L2,L4,0

000091e4 <.LBB17998>:
    91e4:	18046442          	sfpmul	L1,L1,L1,L9,0

000091e8 <.LBB18001>:
    91e8:	10004802          	sfpmad	L0,L0,L1,L2,0
    91ec:	3c000002          	sfpnop

000091f0 <.LBB18004>:
    91f0:	48002406          	sfpswap	L0,L9,1
    91f4:	3c000002          	sfpnop

000091f8 <.LBB18006>:
    91f8:	18032402          	sfpmul	L0,L0,L12,L9,0

000091fc <.LBB18011>:
    91fc:	d50bf801          	sfpaddi	L0,17150,0
    9200:	3c000002          	sfpnop

00009204 <.LBB18014>:
    9204:	48000246          	sfpswap	L9,L0,1
    9208:	3c000002          	sfpnop

0000920c <.LBB18016>:
    920c:	dc000041          	sfpexexp	L1,L0,0

00009210 <.LBB18020>:
    9210:	e0000001          	sfpexman	L0,L0,0

00009214 <.LBB18022>:
    9214:	e8000401          	sfpshft	L0,L1,0x000,0

00009218 <.LBB18024>:
    9218:	dc000045          	sfpexexp	L1,L0,1

0000921c <.LBB18026>:
    921c:	e0000005          	sfpexman	L0,L0,1

00009220 <.LBB18028>:
    9220:	40000002          	sfpcast	L0,L0,0

00009224 <.LBB18030>:
    9224:	10037882          	sfpmad	L2,L0,L13,L14,0

00009228 <.LBB18033>:
    9228:	c0c38659          	sfpload	L3,406,0,7

0000922c <.LBB18039>:
    922c:	10008c02          	sfpmad	L0,L0,L2,L3,0

00009230 <.LBB18042>:
    9230:	08000042          	sfpsetexp	L1,L0,0x000,0

00009234 <.LBB18044>:
    9234:	c0038629          	sfpload	L0,394,0,7

00009238 <.LBB18050>:
    9238:	18006402          	sfpmul	L0,L0,L1,L9,0

0000923c <.LBB18053>:
    923c:	c0438661          	sfpload	L1,408,0,7

00009240 <.LBB18059>:
    9240:	48000406          	sfpswap	L0,L1,1
    9244:	3c000002          	sfpnop

00009248 <.LBB18061>:
    9248:	c0438631          	sfpload	L1,396,0,7

0000924c <.LBB18068>:
    924c:	1006c042          	sfpmad	L1,L1,L11,L0,0
    9250:	ec000401          	sfpsetcc	L1,0x000,0

00009254 <.LBB18072>:
    9254:	f0002401          	sfpmov	L0,L9,0

00009258 <.LBB18075>:
    9258:	2800c02a          	sfpencc	0x003,10

0000925c <.LBB18078>:
    925c:	c0838329          	sfpload	L2,202,0,7

00009260 <.LBB18084>:
    9260:	1800a442          	sfpmul	L1,L0,L2,L9,0

00009264 <.LBB18087>:
    9264:	c1038029          	sfpload	L4,10,0,7

00009268 <.LBB18093>:
    9268:	c0c38639          	sfpload	L3,398,0,7

0000926c <.LBB18099>:
    926c:	1004d0c2          	sfpmad	L3,L1,L3,L4,0

00009270 <.LBB18102>:
    9270:	c8c38029          	sfpstore	L3,10,0,7

00009274 <.LBB18108>:
    9274:	c1038129          	sfpload	L4,74,0,7

00009278 <.LBB18114>:
    9278:	c0c38641          	sfpload	L3,400,0,7

0000927c <.LBB18120>:
    927c:	1004d0c2          	sfpmad	L3,L1,L3,L4,0

00009280 <.LBB18123>:
    9280:	c8c38129          	sfpstore	L3,74,0,7

00009284 <.LBB18129>:
    9284:	c1038229          	sfpload	L4,138,0,7

00009288 <.LBB18135>:
    9288:	c0c38649          	sfpload	L3,402,0,7

0000928c <.LBB18141>:
    928c:	1004d042          	sfpmad	L1,L1,L3,L4,0

00009290 <.LBB18144>:
    9290:	c8438229          	sfpstore	L1,138,0,7

00009294 <.LBB18150>:
    9294:	142a800a          	sfpadd	L0,L10,L10,L0,2

00009298 <.LBB18153>:
    9298:	18082402          	sfpmul	L0,L2,L0,L9,0

0000929c <.LBB18156>:
    929c:	c8038329          	sfpstore	L0,202,0,7

000092a0 <.LBE17705>:
    92a0:	00008067          	ret

000092a4 <_ZN12_GLOBAL__N_1L16blend_chain_bodyILm2ELm3EEEvmPKNS_15BlendChainEntryE>:
    92a4:	00655713          	srli	a4,a0,0x6

000092a8 <.LM2005>:
    92a8:	1c070663          	beqz	a4,9474 <.L47>

000092ac <.LBB20802>:
    92ac:	60171793          	ctz	a5,a4
    92b0:	01e7f793          	andi	a5,a5,30

000092b4 <.LM2010>:
    92b4:	00f75733          	srl	a4,a4,a5

000092b8 <.LM2012>:
    92b8:	00377713          	andi	a4,a4,3

000092bc <.LBE20802>:
    92bc:	20e7a7b3          	sh1add	a5,a5,a4

000092c0 <.LM2014>:
    92c0:	20b7c7b3          	sh2add	a5,a5,a1
    92c4:	0307a783          	lw	a5,48(a5)

000092c8 <.LBB20804>:
    92c8:	c0038601          	sfpload	L0,384,0,7

000092cc <.LBB20813>:
    92cc:	c1038609          	sfpload	L4,386,0,7

000092d0 <.LBB20819>:
    92d0:	c0838421          	sfpload	L2,264,0,7

000092d4 <.LBB20825>:
    92d4:	1428808a          	sfpadd	L2,L10,L2,L0,2

000092d8 <.LBB20828>:
    92d8:	c0438429          	sfpload	L1,266,0,7

000092dc <.LBB20834>:
    92dc:	1428404a          	sfpadd	L1,L10,L1,L0,2

000092e0 <.LBB20837>:
    92e0:	c0038521          	sfpload	L0,328,0,7

000092e4 <.LBB20843>:
    92e4:	1428100a          	sfpadd	L0,L10,L0,L4,2

000092e8 <.LBB20846>:
    92e8:	c0c38529          	sfpload	L3,330,0,7

000092ec <.LBB20852>:
    92ec:	1428d0ca          	sfpadd	L3,L10,L3,L4,2

000092f0 <.LBB20855>:
    92f0:	c1438611          	sfpload	L5,388,0,7

000092f4 <.LBB20861>:
    92f4:	1808a582          	sfpmul	L6,L2,L2,L9,0

000092f8 <.LBB20864>:
    92f8:	1815a582          	sfpmul	L6,L5,L6,L9,0

000092fc <.LBB20867>:
    92fc:	18046502          	sfpmul	L4,L1,L1,L9,0

00009300 <.LBB20870>:
    9300:	18152542          	sfpmul	L5,L5,L4,L9,0

00009304 <.LBB20873>:
    9304:	c1038619          	sfpload	L4,390,0,7

00009308 <.LBB20879>:
    9308:	18082482          	sfpmul	L2,L2,L0,L9,0

0000930c <.LBB20882>:
    930c:	10109882          	sfpmad	L2,L4,L2,L6,0

00009310 <.LBB20885>:
    9310:	1804e442          	sfpmul	L1,L1,L3,L9,0

00009314 <.LBB20888>:
    9314:	10105502          	sfpmad	L4,L4,L1,L5,0

00009318 <.LBB20891>:
    9318:	c0438621          	sfpload	L1,392,0,7

0000931c <.LBB20897>:
    931c:	18002402          	sfpmul	L0,L0,L0,L9,0

00009320 <.LBB20900>:
    9320:	10040802          	sfpmad	L0,L1,L0,L2,0

00009324 <.LBB20903>:
    9324:	180ce4c2          	sfpmul	L3,L3,L3,L9,0

00009328 <.LBB20906>:
    9328:	1004d042          	sfpmad	L1,L1,L3,L4,0

0000932c <.LBB20909>:
    932c:	48002406          	sfpswap	L0,L9,1
    9330:	3c000002          	sfpnop

00009334 <.LBB20911>:
    9334:	48002446          	sfpswap	L1,L9,1
    9338:	3c000002          	sfpnop

0000933c <.LBB20913>:
    933c:	18032402          	sfpmul	L0,L0,L12,L9,0

00009340 <.LBB20918>:
    9340:	d50bf801          	sfpaddi	L0,17150,0
    9344:	3c000002          	sfpnop

00009348 <.LBB20921>:
    9348:	48000246          	sfpswap	L9,L0,1
    934c:	3c000002          	sfpnop

00009350 <.LBB20923>:
    9350:	dc000081          	sfpexexp	L2,L0,0

00009354 <.LBB20927>:
    9354:	e0000001          	sfpexman	L0,L0,0

00009358 <.LBB20929>:
    9358:	e8000801          	sfpshft	L0,L2,0x000,0

0000935c <.LBB20931>:
    935c:	dc000085          	sfpexexp	L2,L0,1

00009360 <.LBB20933>:
    9360:	1000014c          	ttreplay	0,5,1,1
    9364:	e0000005          	sfpexman	L0,L0,1

00009368 <.LBB20935>:
    9368:	40000002          	sfpcast	L0,L0,0

0000936c <.LBB20937>:
    936c:	100378c2          	sfpmad	L3,L0,L13,L14,0

00009370 <.LBB20940>:
    9370:	c1038659          	sfpload	L4,406,0,7

00009374 <.LBB20946>:
    9374:	1000d002          	sfpmad	L0,L0,L3,L4,0

00009378 <.LBB20949>:
    9378:	08000082          	sfpsetexp	L2,L0,0x000,0

0000937c <.LBB20951>:
    937c:	18072442          	sfpmul	L1,L1,L12,L9,0

00009380 <.LBB20956>:
    9380:	d50bf841          	sfpaddi	L1,17150,0
    9384:	3c000002          	sfpnop

00009388 <.LBB20959>:
    9388:	48000646          	sfpswap	L9,L1,1
    938c:	3c000002          	sfpnop

00009390 <.LBB20961>:
    9390:	dc0004c1          	sfpexexp	L3,L1,0

00009394 <.LBB20965>:
    9394:	e0000401          	sfpexman	L0,L1,0

00009398 <.LBB20967>:
    9398:	e8000c01          	sfpshft	L0,L3,0x000,0

0000939c <.LBB20969>:
    939c:	dc000045          	sfpexexp	L1,L0,1

000093a0 <.LBB20971>:
    93a0:	10000140          	ttreplay	0,5,0,0

000093a4 <.LBB20974>:
    93a4:	08000042          	sfpsetexp	L1,L0,0x000,0

000093a8 <.LBB20976>:
    93a8:	c0038629          	sfpload	L0,394,0,7

000093ac <.LBB20982>:
    93ac:	1800a482          	sfpmul	L2,L0,L2,L9,0

000093b0 <.LBB20985>:
    93b0:	18006402          	sfpmul	L0,L0,L1,L9,0

000093b4 <.LBB20988>:
    93b4:	c0c38661          	sfpload	L3,408,0,7

000093b8 <.LBB20994>:
    93b8:	c0438661          	sfpload	L1,408,0,7

000093bc <.LBB21000>:
    93bc:	48000c86          	sfpswap	L2,L3,1
    93c0:	3c000002          	sfpnop

000093c4 <.LBB21002>:
    93c4:	48000406          	sfpswap	L0,L1,1
    93c8:	3c000002          	sfpnop

000093cc <.LBB21004>:
    93cc:	c0438631          	sfpload	L1,396,0,7

000093d0 <.LBB21011>:
    93d0:	1006c842          	sfpmad	L1,L1,L11,L2,0
    93d4:	ec000401          	sfpsetcc	L1,0x000,0

000093d8 <.LBB21015>:
    93d8:	f0002481          	sfpmov	L2,L9,0

000093dc <.LBB21018>:
    93dc:	2800c02a          	sfpencc	0x003,10

000093e0 <.LBB21021>:
    93e0:	c0438631          	sfpload	L1,396,0,7

000093e4 <.LBB21028>:
    93e4:	1006c042          	sfpmad	L1,L1,L11,L0,0
    93e8:	ec000401          	sfpsetcc	L1,0x000,0

000093ec <.LBB21032>:
    93ec:	f0002401          	sfpmov	L0,L9,0

000093f0 <.LBB21035>:
    93f0:	2800c02a          	sfpencc	0x003,10

000093f4 <.LBB21038>:
    93f4:	c1438321          	sfpload	L5,200,0,7

000093f8 <.LBB21044>:
    93f8:	c1038329          	sfpload	L4,202,0,7

000093fc <.LBB21050>:
    93fc:	180964c2          	sfpmul	L3,L2,L5,L9,0

00009400 <.LBB21053>:
    9400:	18012442          	sfpmul	L1,L0,L4,L9,0

00009404 <.LBB21056>:
    9404:	c1838639          	sfpload	L6,398,0,7

00009408 <.LBB21062>:
    9408:	c1c38021          	sfpload	L7,8,0,7

0000940c <.LBB21068>:
    940c:	100d9dc2          	sfpmad	L7,L3,L6,L7,0

00009410 <.LBB21071>:
    9410:	c9c38021          	sfpstore	L7,8,0,7

00009414 <.LBB21077>:
    9414:	c1c38029          	sfpload	L7,10,0,7

00009418 <.LBB21083>:
    9418:	10059d82          	sfpmad	L6,L1,L6,L7,0

0000941c <.LBB21086>:
    941c:	c9838029          	sfpstore	L6,10,0,7

00009420 <.LBB21092>:
    9420:	c1838641          	sfpload	L6,400,0,7

00009424 <.LBB21098>:
    9424:	c1c38121          	sfpload	L7,72,0,7

00009428 <.LBB21104>:
    9428:	100d9dc2          	sfpmad	L7,L3,L6,L7,0

0000942c <.LBB21107>:
    942c:	c9c38121          	sfpstore	L7,72,0,7

00009430 <.LBB21113>:
    9430:	c1c38129          	sfpload	L7,74,0,7

00009434 <.LBB21119>:
    9434:	10059d82          	sfpmad	L6,L1,L6,L7,0

00009438 <.LBB21122>:
    9438:	c9838129          	sfpstore	L6,74,0,7

0000943c <.LBB21128>:
    943c:	c1838649          	sfpload	L6,402,0,7

00009440 <.LBB21134>:
    9440:	c1c38221          	sfpload	L7,136,0,7

00009444 <.LBB21140>:
    9444:	100d9cc2          	sfpmad	L3,L3,L6,L7,0

00009448 <.LBB21143>:
    9448:	c8c38221          	sfpstore	L3,136,0,7

0000944c <.LBB21149>:
    944c:	c0c38229          	sfpload	L3,138,0,7

00009450 <.LBB21155>:
    9450:	10058c42          	sfpmad	L1,L1,L6,L3,0

00009454 <.LBB21158>:
    9454:	c8438229          	sfpstore	L1,138,0,7

00009458 <.LBB21164>:
    9458:	142a888a          	sfpadd	L2,L10,L10,L2,2

0000945c <.LBB21167>:
    945c:	1814a542          	sfpmul	L5,L5,L2,L9,0

00009460 <.LBB21170>:
    9460:	c9438321          	sfpstore	L5,200,0,7

00009464 <.LBB21176>:
    9464:	142a800a          	sfpadd	L0,L10,L10,L0,2

00009468 <.LBB21179>:
    9468:	18102402          	sfpmul	L0,L4,L0,L9,0

0000946c <.LBB21182>:
    946c:	c8038329          	sfpstore	L0,202,0,7

00009470 <.LBE20804>:
    9470:	00078067          	jr	a5

00009474 <.L47>:
    9474:	c0038601          	sfpload	L0,384,0,7

00009478 <.LBB21197>:
    9478:	c1038609          	sfpload	L4,386,0,7

0000947c <.LBB21203>:
    947c:	c0838421          	sfpload	L2,264,0,7

00009480 <.LBB21209>:
    9480:	1428808a          	sfpadd	L2,L10,L2,L0,2

00009484 <.LBB21212>:
    9484:	c0438429          	sfpload	L1,266,0,7

00009488 <.LBB21218>:
    9488:	1428404a          	sfpadd	L1,L10,L1,L0,2

0000948c <.LBB21221>:
    948c:	c0038521          	sfpload	L0,328,0,7

00009490 <.LBB21227>:
    9490:	1428100a          	sfpadd	L0,L10,L0,L4,2

00009494 <.LBB21230>:
    9494:	c0c38529          	sfpload	L3,330,0,7

00009498 <.LBB21236>:
    9498:	1428d0ca          	sfpadd	L3,L10,L3,L4,2

0000949c <.LBB21239>:
    949c:	c1438611          	sfpload	L5,388,0,7

000094a0 <.LBB21245>:
    94a0:	1808a582          	sfpmul	L6,L2,L2,L9,0

000094a4 <.LBB21248>:
    94a4:	1815a582          	sfpmul	L6,L5,L6,L9,0

000094a8 <.LBB21251>:
    94a8:	18046502          	sfpmul	L4,L1,L1,L9,0

000094ac <.LBB21254>:
    94ac:	18152542          	sfpmul	L5,L5,L4,L9,0

000094b0 <.LBB21257>:
    94b0:	c1038619          	sfpload	L4,390,0,7

000094b4 <.LBB21263>:
    94b4:	18082482          	sfpmul	L2,L2,L0,L9,0

000094b8 <.LBB21266>:
    94b8:	10109882          	sfpmad	L2,L4,L2,L6,0

000094bc <.LBB21269>:
    94bc:	1804e442          	sfpmul	L1,L1,L3,L9,0

000094c0 <.LBB21272>:
    94c0:	10105502          	sfpmad	L4,L4,L1,L5,0

000094c4 <.LBB21275>:
    94c4:	c0438621          	sfpload	L1,392,0,7

000094c8 <.LBB21281>:
    94c8:	18002402          	sfpmul	L0,L0,L0,L9,0

000094cc <.LBB21284>:
    94cc:	10040802          	sfpmad	L0,L1,L0,L2,0

000094d0 <.LBB21287>:
    94d0:	180ce4c2          	sfpmul	L3,L3,L3,L9,0

000094d4 <.LBB21290>:
    94d4:	1004d042          	sfpmad	L1,L1,L3,L4,0

000094d8 <.LBB21293>:
    94d8:	48002406          	sfpswap	L0,L9,1
    94dc:	3c000002          	sfpnop

000094e0 <.LBB21295>:
    94e0:	48002446          	sfpswap	L1,L9,1
    94e4:	3c000002          	sfpnop

000094e8 <.LBB21297>:
    94e8:	18032402          	sfpmul	L0,L0,L12,L9,0

000094ec <.LBB21302>:
    94ec:	d50bf801          	sfpaddi	L0,17150,0
    94f0:	3c000002          	sfpnop

000094f4 <.LBB21305>:
    94f4:	48000246          	sfpswap	L9,L0,1
    94f8:	3c000002          	sfpnop

000094fc <.LBB21307>:
    94fc:	dc000081          	sfpexexp	L2,L0,0

00009500 <.LBB21311>:
    9500:	e0000001          	sfpexman	L0,L0,0

00009504 <.LBB21313>:
    9504:	e8000801          	sfpshft	L0,L2,0x000,0

00009508 <.LBB21315>:
    9508:	dc000085          	sfpexexp	L2,L0,1

0000950c <.LBB21317>:
    950c:	1000014c          	ttreplay	0,5,1,1
    9510:	e0000005          	sfpexman	L0,L0,1

00009514 <.LBB21319>:
    9514:	40000002          	sfpcast	L0,L0,0

00009518 <.LBB21321>:
    9518:	100378c2          	sfpmad	L3,L0,L13,L14,0

0000951c <.LBB21324>:
    951c:	c1038659          	sfpload	L4,406,0,7

00009520 <.LBB21330>:
    9520:	1000d002          	sfpmad	L0,L0,L3,L4,0

00009524 <.LBB21333>:
    9524:	08000082          	sfpsetexp	L2,L0,0x000,0

00009528 <.LBB21335>:
    9528:	18072442          	sfpmul	L1,L1,L12,L9,0

0000952c <.LBB21340>:
    952c:	d50bf841          	sfpaddi	L1,17150,0
    9530:	3c000002          	sfpnop

00009534 <.LBB21343>:
    9534:	48000646          	sfpswap	L9,L1,1
    9538:	3c000002          	sfpnop

0000953c <.LBB21345>:
    953c:	dc0004c1          	sfpexexp	L3,L1,0

00009540 <.LBB21349>:
    9540:	e0000401          	sfpexman	L0,L1,0

00009544 <.LBB21351>:
    9544:	e8000c01          	sfpshft	L0,L3,0x000,0

00009548 <.LBB21353>:
    9548:	dc000045          	sfpexexp	L1,L0,1

0000954c <.LBB21355>:
    954c:	10000140          	ttreplay	0,5,0,0

00009550 <.LBB21358>:
    9550:	08000042          	sfpsetexp	L1,L0,0x000,0

00009554 <.LBB21360>:
    9554:	c0038629          	sfpload	L0,394,0,7

00009558 <.LBB21366>:
    9558:	1800a482          	sfpmul	L2,L0,L2,L9,0

0000955c <.LBB21369>:
    955c:	18006402          	sfpmul	L0,L0,L1,L9,0

00009560 <.LBB21372>:
    9560:	c0c38661          	sfpload	L3,408,0,7

00009564 <.LBB21378>:
    9564:	c0438661          	sfpload	L1,408,0,7

00009568 <.LBB21384>:
    9568:	48000c86          	sfpswap	L2,L3,1
    956c:	3c000002          	sfpnop

00009570 <.LBB21386>:
    9570:	48000406          	sfpswap	L0,L1,1
    9574:	3c000002          	sfpnop

00009578 <.LBB21388>:
    9578:	c0438631          	sfpload	L1,396,0,7

0000957c <.LBB21395>:
    957c:	1006c842          	sfpmad	L1,L1,L11,L2,0
    9580:	ec000401          	sfpsetcc	L1,0x000,0

00009584 <.LBB21399>:
    9584:	f0002481          	sfpmov	L2,L9,0

00009588 <.LBB21402>:
    9588:	2800c02a          	sfpencc	0x003,10

0000958c <.LBB21405>:
    958c:	c0438631          	sfpload	L1,396,0,7

00009590 <.LBB21412>:
    9590:	1006c042          	sfpmad	L1,L1,L11,L0,0
    9594:	ec000401          	sfpsetcc	L1,0x000,0

00009598 <.LBB21416>:
    9598:	f0002401          	sfpmov	L0,L9,0

0000959c <.LBB21419>:
    959c:	2800c02a          	sfpencc	0x003,10

000095a0 <.LBB21422>:
    95a0:	c1438321          	sfpload	L5,200,0,7

000095a4 <.LBB21428>:
    95a4:	c1038329          	sfpload	L4,202,0,7

000095a8 <.LBB21434>:
    95a8:	180964c2          	sfpmul	L3,L2,L5,L9,0

000095ac <.LBB21437>:
    95ac:	18012442          	sfpmul	L1,L0,L4,L9,0

000095b0 <.LBB21440>:
    95b0:	c1838639          	sfpload	L6,398,0,7

000095b4 <.LBB21446>:
    95b4:	c1c38021          	sfpload	L7,8,0,7

000095b8 <.LBB21452>:
    95b8:	100d9dc2          	sfpmad	L7,L3,L6,L7,0

000095bc <.LBB21455>:
    95bc:	c9c38021          	sfpstore	L7,8,0,7

000095c0 <.LBB21461>:
    95c0:	c1c38029          	sfpload	L7,10,0,7

000095c4 <.LBB21467>:
    95c4:	10059d82          	sfpmad	L6,L1,L6,L7,0

000095c8 <.LBB21470>:
    95c8:	c9838029          	sfpstore	L6,10,0,7

000095cc <.LBB21476>:
    95cc:	c1838641          	sfpload	L6,400,0,7

000095d0 <.LBB21482>:
    95d0:	c1c38121          	sfpload	L7,72,0,7

000095d4 <.LBB21488>:
    95d4:	100d9dc2          	sfpmad	L7,L3,L6,L7,0

000095d8 <.LBB21491>:
    95d8:	c9c38121          	sfpstore	L7,72,0,7

000095dc <.LBB21497>:
    95dc:	c1c38129          	sfpload	L7,74,0,7

000095e0 <.LBB21503>:
    95e0:	10059d82          	sfpmad	L6,L1,L6,L7,0

000095e4 <.LBB21506>:
    95e4:	c9838129          	sfpstore	L6,74,0,7

000095e8 <.LBB21512>:
    95e8:	c1838649          	sfpload	L6,402,0,7

000095ec <.LBB21518>:
    95ec:	c1c38221          	sfpload	L7,136,0,7

000095f0 <.LBB21524>:
    95f0:	100d9cc2          	sfpmad	L3,L3,L6,L7,0

000095f4 <.LBB21527>:
    95f4:	c8c38221          	sfpstore	L3,136,0,7

000095f8 <.LBB21533>:
    95f8:	c0c38229          	sfpload	L3,138,0,7

000095fc <.LBB21539>:
    95fc:	10058c42          	sfpmad	L1,L1,L6,L3,0

00009600 <.LBB21542>:
    9600:	c8438229          	sfpstore	L1,138,0,7

00009604 <.LBB21548>:
    9604:	142a888a          	sfpadd	L2,L10,L10,L2,2

00009608 <.LBB21551>:
    9608:	1814a542          	sfpmul	L5,L5,L2,L9,0

0000960c <.LBB21554>:
    960c:	c9438321          	sfpstore	L5,200,0,7

00009610 <.LBB21560>:
    9610:	142a800a          	sfpadd	L0,L10,L10,L0,2

00009614 <.LBB21563>:
    9614:	18102402          	sfpmul	L0,L4,L0,L9,0

00009618 <.LBB21566>:
    9618:	c8038329          	sfpstore	L0,202,0,7

0000961c <.LBE20801>:
    961c:	00008067          	ret

00009620 <_ZN12_GLOBAL__N_1L16blend_chain_bodyILm3ELm1EEEvmPKNS_15BlendChainEntryE>:
    9620:	00855713          	srli	a4,a0,0x8

00009624 <.LM2375>:
    9624:	10070a63          	beqz	a4,9738 <.L52>

00009628 <.LBB23006>:
    9628:	60171793          	ctz	a5,a4
    962c:	01e7f793          	andi	a5,a5,30

00009630 <.LM2380>:
    9630:	00f75733          	srl	a4,a4,a5

00009634 <.LM2382>:
    9634:	00377713          	andi	a4,a4,3

00009638 <.LBE23006>:
    9638:	20e7a7b3          	sh1add	a5,a5,a4

0000963c <.LM2384>:
    963c:	20b7c7b3          	sh2add	a5,a5,a1
    9640:	0407a783          	lw	a5,64(a5)

00009644 <.LBB23008>:
    9644:	c0838431          	sfpload	L2,268,0,7

00009648 <.LBB23017>:
    9648:	c0438531          	sfpload	L1,332,0,7

0000964c <.LBB23023>:
    964c:	c1038611          	sfpload	L4,388,0,7

00009650 <.LBB23029>:
    9650:	c0c38619          	sfpload	L3,390,0,7

00009654 <.LBB23035>:
    9654:	c0038621          	sfpload	L0,392,0,7

00009658 <.LBB23041>:
    9658:	c1838601          	sfpload	L6,384,0,7

0000965c <.LBB23047>:
    965c:	c1438609          	sfpload	L5,386,0,7

00009660 <.LBB23053>:
    9660:	1428988a          	sfpadd	L2,L10,L2,L6,2

00009664 <.LBB23056>:
    9664:	1428544a          	sfpadd	L1,L10,L1,L5,2

00009668 <.LBB23059>:
    9668:	1808a542          	sfpmul	L5,L2,L2,L9,0

0000966c <.LBB23062>:
    966c:	18116502          	sfpmul	L4,L4,L5,L9,0

00009670 <.LBB23065>:
    9670:	18086482          	sfpmul	L2,L2,L1,L9,0

00009674 <.LBB23068>:
    9674:	100c9082          	sfpmad	L2,L3,L2,L4,0

00009678 <.LBB23071>:
    9678:	18046442          	sfpmul	L1,L1,L1,L9,0

0000967c <.LBB23074>:
    967c:	10004802          	sfpmad	L0,L0,L1,L2,0
    9680:	3c000002          	sfpnop

00009684 <.LBB23077>:
    9684:	48002406          	sfpswap	L0,L9,1
    9688:	3c000002          	sfpnop

0000968c <.LBB23079>:
    968c:	18032402          	sfpmul	L0,L0,L12,L9,0

00009690 <.LBB23084>:
    9690:	d50bf801          	sfpaddi	L0,17150,0
    9694:	3c000002          	sfpnop

00009698 <.LBB23087>:
    9698:	48000246          	sfpswap	L9,L0,1
    969c:	3c000002          	sfpnop

000096a0 <.LBB23089>:
    96a0:	dc000041          	sfpexexp	L1,L0,0

000096a4 <.LBB23093>:
    96a4:	e0000001          	sfpexman	L0,L0,0

000096a8 <.LBB23095>:
    96a8:	e8000401          	sfpshft	L0,L1,0x000,0

000096ac <.LBB23097>:
    96ac:	dc000045          	sfpexexp	L1,L0,1

000096b0 <.LBB23099>:
    96b0:	e0000005          	sfpexman	L0,L0,1

000096b4 <.LBB23101>:
    96b4:	40000002          	sfpcast	L0,L0,0

000096b8 <.LBB23103>:
    96b8:	10037882          	sfpmad	L2,L0,L13,L14,0

000096bc <.LBB23106>:
    96bc:	c0c38659          	sfpload	L3,406,0,7

000096c0 <.LBB23112>:
    96c0:	10008c02          	sfpmad	L0,L0,L2,L3,0

000096c4 <.LBB23115>:
    96c4:	08000042          	sfpsetexp	L1,L0,0x000,0

000096c8 <.LBB23117>:
    96c8:	c0038629          	sfpload	L0,394,0,7

000096cc <.LBB23123>:
    96cc:	18006402          	sfpmul	L0,L0,L1,L9,0

000096d0 <.LBB23126>:
    96d0:	c0438661          	sfpload	L1,408,0,7

000096d4 <.LBB23132>:
    96d4:	48000406          	sfpswap	L0,L1,1
    96d8:	3c000002          	sfpnop

000096dc <.LBB23134>:
    96dc:	c0438631          	sfpload	L1,396,0,7

000096e0 <.LBB23141>:
    96e0:	1006c042          	sfpmad	L1,L1,L11,L0,0
    96e4:	ec000401          	sfpsetcc	L1,0x000,0

000096e8 <.LBB23145>:
    96e8:	f0002401          	sfpmov	L0,L9,0

000096ec <.LBB23148>:
    96ec:	2800c02a          	sfpencc	0x003,10

000096f0 <.LBB23151>:
    96f0:	c0838331          	sfpload	L2,204,0,7

000096f4 <.LBB23157>:
    96f4:	1800a442          	sfpmul	L1,L0,L2,L9,0

000096f8 <.LBB23160>:
    96f8:	c1038031          	sfpload	L4,12,0,7

000096fc <.LBB23166>:
    96fc:	c0c38639          	sfpload	L3,398,0,7

00009700 <.LBB23172>:
    9700:	1004d0c2          	sfpmad	L3,L1,L3,L4,0

00009704 <.LBB23175>:
    9704:	c8c38031          	sfpstore	L3,12,0,7

00009708 <.LBB23181>:
    9708:	c1038131          	sfpload	L4,76,0,7

0000970c <.LBB23187>:
    970c:	c0c38641          	sfpload	L3,400,0,7

00009710 <.LBB23193>:
    9710:	1004d0c2          	sfpmad	L3,L1,L3,L4,0

00009714 <.LBB23196>:
    9714:	c8c38131          	sfpstore	L3,76,0,7

00009718 <.LBB23202>:
    9718:	c1038231          	sfpload	L4,140,0,7

0000971c <.LBB23208>:
    971c:	c0c38649          	sfpload	L3,402,0,7

00009720 <.LBB23214>:
    9720:	1004d042          	sfpmad	L1,L1,L3,L4,0

00009724 <.LBB23217>:
    9724:	c8438231          	sfpstore	L1,140,0,7

00009728 <.LBB23223>:
    9728:	142a800a          	sfpadd	L0,L10,L10,L0,2

0000972c <.LBB23226>:
    972c:	18082402          	sfpmul	L0,L2,L0,L9,0

00009730 <.LBB23229>:
    9730:	c8038331          	sfpstore	L0,204,0,7

00009734 <.LBE23008>:
    9734:	00078067          	jr	a5

00009738 <.L52>:
    9738:	c0838431          	sfpload	L2,268,0,7

0000973c <.LBB23244>:
    973c:	c0438531          	sfpload	L1,332,0,7

00009740 <.LBB23250>:
    9740:	c1038611          	sfpload	L4,388,0,7

00009744 <.LBB23256>:
    9744:	c0c38619          	sfpload	L3,390,0,7

00009748 <.LBB23262>:
    9748:	c0038621          	sfpload	L0,392,0,7

0000974c <.LBB23268>:
    974c:	c1838601          	sfpload	L6,384,0,7

00009750 <.LBB23274>:
    9750:	c1438609          	sfpload	L5,386,0,7

00009754 <.LBB23280>:
    9754:	1428988a          	sfpadd	L2,L10,L2,L6,2

00009758 <.LBB23283>:
    9758:	1428544a          	sfpadd	L1,L10,L1,L5,2

0000975c <.LBB23286>:
    975c:	1808a542          	sfpmul	L5,L2,L2,L9,0

00009760 <.LBB23289>:
    9760:	18116502          	sfpmul	L4,L4,L5,L9,0

00009764 <.LBB23292>:
    9764:	18086482          	sfpmul	L2,L2,L1,L9,0

00009768 <.LBB23295>:
    9768:	100c9082          	sfpmad	L2,L3,L2,L4,0

0000976c <.LBB23298>:
    976c:	18046442          	sfpmul	L1,L1,L1,L9,0

00009770 <.LBB23301>:
    9770:	10004802          	sfpmad	L0,L0,L1,L2,0
    9774:	3c000002          	sfpnop

00009778 <.LBB23304>:
    9778:	48002406          	sfpswap	L0,L9,1
    977c:	3c000002          	sfpnop

00009780 <.LBB23306>:
    9780:	18032402          	sfpmul	L0,L0,L12,L9,0

00009784 <.LBB23311>:
    9784:	d50bf801          	sfpaddi	L0,17150,0
    9788:	3c000002          	sfpnop

0000978c <.LBB23314>:
    978c:	48000246          	sfpswap	L9,L0,1
    9790:	3c000002          	sfpnop

00009794 <.LBB23316>:
    9794:	dc000041          	sfpexexp	L1,L0,0

00009798 <.LBB23320>:
    9798:	e0000001          	sfpexman	L0,L0,0

0000979c <.LBB23322>:
    979c:	e8000401          	sfpshft	L0,L1,0x000,0

000097a0 <.LBB23324>:
    97a0:	dc000045          	sfpexexp	L1,L0,1

000097a4 <.LBB23326>:
    97a4:	e0000005          	sfpexman	L0,L0,1

000097a8 <.LBB23328>:
    97a8:	40000002          	sfpcast	L0,L0,0

000097ac <.LBB23330>:
    97ac:	10037882          	sfpmad	L2,L0,L13,L14,0

000097b0 <.LBB23333>:
    97b0:	c0c38659          	sfpload	L3,406,0,7

000097b4 <.LBB23339>:
    97b4:	10008c02          	sfpmad	L0,L0,L2,L3,0

000097b8 <.LBB23342>:
    97b8:	08000042          	sfpsetexp	L1,L0,0x000,0

000097bc <.LBB23344>:
    97bc:	c0038629          	sfpload	L0,394,0,7

000097c0 <.LBB23350>:
    97c0:	18006402          	sfpmul	L0,L0,L1,L9,0

000097c4 <.LBB23353>:
    97c4:	c0438661          	sfpload	L1,408,0,7

000097c8 <.LBB23359>:
    97c8:	48000406          	sfpswap	L0,L1,1
    97cc:	3c000002          	sfpnop

000097d0 <.LBB23361>:
    97d0:	c0438631          	sfpload	L1,396,0,7

000097d4 <.LBB23368>:
    97d4:	1006c042          	sfpmad	L1,L1,L11,L0,0
    97d8:	ec000401          	sfpsetcc	L1,0x000,0

000097dc <.LBB23372>:
    97dc:	f0002401          	sfpmov	L0,L9,0

000097e0 <.LBB23375>:
    97e0:	2800c02a          	sfpencc	0x003,10

000097e4 <.LBB23378>:
    97e4:	c0838331          	sfpload	L2,204,0,7

000097e8 <.LBB23384>:
    97e8:	1800a442          	sfpmul	L1,L0,L2,L9,0

000097ec <.LBB23387>:
    97ec:	c1038031          	sfpload	L4,12,0,7

000097f0 <.LBB23393>:
    97f0:	c0c38639          	sfpload	L3,398,0,7

000097f4 <.LBB23399>:
    97f4:	1004d0c2          	sfpmad	L3,L1,L3,L4,0

000097f8 <.LBB23402>:
    97f8:	c8c38031          	sfpstore	L3,12,0,7

000097fc <.LBB23408>:
    97fc:	c1038131          	sfpload	L4,76,0,7

00009800 <.LBB23414>:
    9800:	c0c38641          	sfpload	L3,400,0,7

00009804 <.LBB23420>:
    9804:	1004d0c2          	sfpmad	L3,L1,L3,L4,0

00009808 <.LBB23423>:
    9808:	c8c38131          	sfpstore	L3,76,0,7

0000980c <.LBB23429>:
    980c:	c1038231          	sfpload	L4,140,0,7

00009810 <.LBB23435>:
    9810:	c0c38649          	sfpload	L3,402,0,7

00009814 <.LBB23441>:
    9814:	1004d042          	sfpmad	L1,L1,L3,L4,0

00009818 <.LBB23444>:
    9818:	c8438231          	sfpstore	L1,140,0,7

0000981c <.LBB23450>:
    981c:	142a800a          	sfpadd	L0,L10,L10,L0,2

00009820 <.LBB23453>:
    9820:	18082402          	sfpmul	L0,L2,L0,L9,0

00009824 <.LBB23456>:
    9824:	c8038331          	sfpstore	L0,204,0,7

00009828 <.LBE23005>:
    9828:	00008067          	ret

0000982c <_ZN12_GLOBAL__N_1L16blend_chain_bodyILm3ELm2EEEvmPKNS_15BlendChainEntryE>:
    982c:	00855713          	srli	a4,a0,0x8

00009830 <.LM2585>:
    9830:	10070a63          	beqz	a4,9944 <.L57>

00009834 <.LBB24896>:
    9834:	60171793          	ctz	a5,a4
    9838:	01e7f793          	andi	a5,a5,30

0000983c <.LM2590>:
    983c:	00f75733          	srl	a4,a4,a5

00009840 <.LM2592>:
    9840:	00377713          	andi	a4,a4,3

00009844 <.LBE24896>:
    9844:	20e7a7b3          	sh1add	a5,a5,a4

00009848 <.LM2594>:
    9848:	20b7c7b3          	sh2add	a5,a5,a1
    984c:	0407a783          	lw	a5,64(a5)

00009850 <.LBB24898>:
    9850:	c0838439          	sfpload	L2,270,0,7

00009854 <.LBB24907>:
    9854:	c0438539          	sfpload	L1,334,0,7

00009858 <.LBB24913>:
    9858:	c1038611          	sfpload	L4,388,0,7

0000985c <.LBB24919>:
    985c:	c0c38619          	sfpload	L3,390,0,7

00009860 <.LBB24925>:
    9860:	c0038621          	sfpload	L0,392,0,7

00009864 <.LBB24931>:
    9864:	c1838601          	sfpload	L6,384,0,7

00009868 <.LBB24937>:
    9868:	c1438609          	sfpload	L5,386,0,7

0000986c <.LBB24943>:
    986c:	1428988a          	sfpadd	L2,L10,L2,L6,2

00009870 <.LBB24946>:
    9870:	1428544a          	sfpadd	L1,L10,L1,L5,2

00009874 <.LBB24949>:
    9874:	1808a542          	sfpmul	L5,L2,L2,L9,0

00009878 <.LBB24952>:
    9878:	18116502          	sfpmul	L4,L4,L5,L9,0

0000987c <.LBB24955>:
    987c:	18086482          	sfpmul	L2,L2,L1,L9,0

00009880 <.LBB24958>:
    9880:	100c9082          	sfpmad	L2,L3,L2,L4,0

00009884 <.LBB24961>:
    9884:	18046442          	sfpmul	L1,L1,L1,L9,0

00009888 <.LBB24964>:
    9888:	10004802          	sfpmad	L0,L0,L1,L2,0
    988c:	3c000002          	sfpnop

00009890 <.LBB24967>:
    9890:	48002406          	sfpswap	L0,L9,1
    9894:	3c000002          	sfpnop

00009898 <.LBB24969>:
    9898:	18032402          	sfpmul	L0,L0,L12,L9,0

0000989c <.LBB24974>:
    989c:	d50bf801          	sfpaddi	L0,17150,0
    98a0:	3c000002          	sfpnop

000098a4 <.LBB24977>:
    98a4:	48000246          	sfpswap	L9,L0,1
    98a8:	3c000002          	sfpnop

000098ac <.LBB24979>:
    98ac:	dc000041          	sfpexexp	L1,L0,0

000098b0 <.LBB24983>:
    98b0:	e0000001          	sfpexman	L0,L0,0

000098b4 <.LBB24985>:
    98b4:	e8000401          	sfpshft	L0,L1,0x000,0

000098b8 <.LBB24987>:
    98b8:	dc000045          	sfpexexp	L1,L0,1

000098bc <.LBB24989>:
    98bc:	e0000005          	sfpexman	L0,L0,1

000098c0 <.LBB24991>:
    98c0:	40000002          	sfpcast	L0,L0,0

000098c4 <.LBB24993>:
    98c4:	10037882          	sfpmad	L2,L0,L13,L14,0

000098c8 <.LBB24996>:
    98c8:	c0c38659          	sfpload	L3,406,0,7

000098cc <.LBB25002>:
    98cc:	10008c02          	sfpmad	L0,L0,L2,L3,0

000098d0 <.LBB25005>:
    98d0:	08000042          	sfpsetexp	L1,L0,0x000,0

000098d4 <.LBB25007>:
    98d4:	c0038629          	sfpload	L0,394,0,7

000098d8 <.LBB25013>:
    98d8:	18006402          	sfpmul	L0,L0,L1,L9,0

000098dc <.LBB25016>:
    98dc:	c0438661          	sfpload	L1,408,0,7

000098e0 <.LBB25022>:
    98e0:	48000406          	sfpswap	L0,L1,1
    98e4:	3c000002          	sfpnop

000098e8 <.LBB25024>:
    98e8:	c0438631          	sfpload	L1,396,0,7

000098ec <.LBB25031>:
    98ec:	1006c042          	sfpmad	L1,L1,L11,L0,0
    98f0:	ec000401          	sfpsetcc	L1,0x000,0

000098f4 <.LBB25035>:
    98f4:	f0002401          	sfpmov	L0,L9,0

000098f8 <.LBB25038>:
    98f8:	2800c02a          	sfpencc	0x003,10

000098fc <.LBB25041>:
    98fc:	c0838339          	sfpload	L2,206,0,7

00009900 <.LBB25047>:
    9900:	1800a442          	sfpmul	L1,L0,L2,L9,0

00009904 <.LBB25050>:
    9904:	c1038039          	sfpload	L4,14,0,7

00009908 <.LBB25056>:
    9908:	c0c38639          	sfpload	L3,398,0,7

0000990c <.LBB25062>:
    990c:	1004d0c2          	sfpmad	L3,L1,L3,L4,0

00009910 <.LBB25065>:
    9910:	c8c38039          	sfpstore	L3,14,0,7

00009914 <.LBB25071>:
    9914:	c1038139          	sfpload	L4,78,0,7

00009918 <.LBB25077>:
    9918:	c0c38641          	sfpload	L3,400,0,7

0000991c <.LBB25083>:
    991c:	1004d0c2          	sfpmad	L3,L1,L3,L4,0

00009920 <.LBB25086>:
    9920:	c8c38139          	sfpstore	L3,78,0,7

00009924 <.LBB25092>:
    9924:	c1038239          	sfpload	L4,142,0,7

00009928 <.LBB25098>:
    9928:	c0c38649          	sfpload	L3,402,0,7

0000992c <.LBB25104>:
    992c:	1004d042          	sfpmad	L1,L1,L3,L4,0

00009930 <.LBB25107>:
    9930:	c8438239          	sfpstore	L1,142,0,7

00009934 <.LBB25113>:
    9934:	142a800a          	sfpadd	L0,L10,L10,L0,2

00009938 <.LBB25116>:
    9938:	18082402          	sfpmul	L0,L2,L0,L9,0

0000993c <.LBB25119>:
    993c:	c8038339          	sfpstore	L0,206,0,7

00009940 <.LBE24898>:
    9940:	00078067          	jr	a5

00009944 <.L57>:
    9944:	c0838439          	sfpload	L2,270,0,7

00009948 <.LBB25134>:
    9948:	c0438539          	sfpload	L1,334,0,7

0000994c <.LBB25140>:
    994c:	c1038611          	sfpload	L4,388,0,7

00009950 <.LBB25146>:
    9950:	c0c38619          	sfpload	L3,390,0,7

00009954 <.LBB25152>:
    9954:	c0038621          	sfpload	L0,392,0,7

00009958 <.LBB25158>:
    9958:	c1838601          	sfpload	L6,384,0,7

0000995c <.LBB25164>:
    995c:	c1438609          	sfpload	L5,386,0,7

00009960 <.LBB25170>:
    9960:	1428988a          	sfpadd	L2,L10,L2,L6,2

00009964 <.LBB25173>:
    9964:	1428544a          	sfpadd	L1,L10,L1,L5,2

00009968 <.LBB25176>:
    9968:	1808a542          	sfpmul	L5,L2,L2,L9,0

0000996c <.LBB25179>:
    996c:	18116502          	sfpmul	L4,L4,L5,L9,0

00009970 <.LBB25182>:
    9970:	18086482          	sfpmul	L2,L2,L1,L9,0

00009974 <.LBB25185>:
    9974:	100c9082          	sfpmad	L2,L3,L2,L4,0

00009978 <.LBB25188>:
    9978:	18046442          	sfpmul	L1,L1,L1,L9,0

0000997c <.LBB25191>:
    997c:	10004802          	sfpmad	L0,L0,L1,L2,0
    9980:	3c000002          	sfpnop

00009984 <.LBB25194>:
    9984:	48002406          	sfpswap	L0,L9,1
    9988:	3c000002          	sfpnop

0000998c <.LBB25196>:
    998c:	18032402          	sfpmul	L0,L0,L12,L9,0

00009990 <.LBB25201>:
    9990:	d50bf801          	sfpaddi	L0,17150,0
    9994:	3c000002          	sfpnop

00009998 <.LBB25204>:
    9998:	48000246          	sfpswap	L9,L0,1
    999c:	3c000002          	sfpnop

000099a0 <.LBB25206>:
    99a0:	dc000041          	sfpexexp	L1,L0,0

000099a4 <.LBB25210>:
    99a4:	e0000001          	sfpexman	L0,L0,0

000099a8 <.LBB25212>:
    99a8:	e8000401          	sfpshft	L0,L1,0x000,0

000099ac <.LBB25214>:
    99ac:	dc000045          	sfpexexp	L1,L0,1

000099b0 <.LBB25216>:
    99b0:	e0000005          	sfpexman	L0,L0,1

000099b4 <.LBB25218>:
    99b4:	40000002          	sfpcast	L0,L0,0

000099b8 <.LBB25220>:
    99b8:	10037882          	sfpmad	L2,L0,L13,L14,0

000099bc <.LBB25223>:
    99bc:	c0c38659          	sfpload	L3,406,0,7

000099c0 <.LBB25229>:
    99c0:	10008c02          	sfpmad	L0,L0,L2,L3,0

000099c4 <.LBB25232>:
    99c4:	08000042          	sfpsetexp	L1,L0,0x000,0

000099c8 <.LBB25234>:
    99c8:	c0038629          	sfpload	L0,394,0,7

000099cc <.LBB25240>:
    99cc:	18006402          	sfpmul	L0,L0,L1,L9,0

000099d0 <.LBB25243>:
    99d0:	c0438661          	sfpload	L1,408,0,7

000099d4 <.LBB25249>:
    99d4:	48000406          	sfpswap	L0,L1,1
    99d8:	3c000002          	sfpnop

000099dc <.LBB25251>:
    99dc:	c0438631          	sfpload	L1,396,0,7

000099e0 <.LBB25258>:
    99e0:	1006c042          	sfpmad	L1,L1,L11,L0,0
    99e4:	ec000401          	sfpsetcc	L1,0x000,0

000099e8 <.LBB25262>:
    99e8:	f0002401          	sfpmov	L0,L9,0

000099ec <.LBB25265>:
    99ec:	2800c02a          	sfpencc	0x003,10

000099f0 <.LBB25268>:
    99f0:	c0838339          	sfpload	L2,206,0,7

000099f4 <.LBB25274>:
    99f4:	1800a442          	sfpmul	L1,L0,L2,L9,0

000099f8 <.LBB25277>:
    99f8:	c1038039          	sfpload	L4,14,0,7

000099fc <.LBB25283>:
    99fc:	c0c38639          	sfpload	L3,398,0,7

00009a00 <.LBB25289>:
    9a00:	1004d0c2          	sfpmad	L3,L1,L3,L4,0

00009a04 <.LBB25292>:
    9a04:	c8c38039          	sfpstore	L3,14,0,7

00009a08 <.LBB25298>:
    9a08:	c1038139          	sfpload	L4,78,0,7

00009a0c <.LBB25304>:
    9a0c:	c0c38641          	sfpload	L3,400,0,7

00009a10 <.LBB25310>:
    9a10:	1004d0c2          	sfpmad	L3,L1,L3,L4,0

00009a14 <.LBB25313>:
    9a14:	c8c38139          	sfpstore	L3,78,0,7

00009a18 <.LBB25319>:
    9a18:	c1038239          	sfpload	L4,142,0,7

00009a1c <.LBB25325>:
    9a1c:	c0c38649          	sfpload	L3,402,0,7

00009a20 <.LBB25331>:
    9a20:	1004d042          	sfpmad	L1,L1,L3,L4,0

00009a24 <.LBB25334>:
    9a24:	c8438239          	sfpstore	L1,142,0,7

00009a28 <.LBB25340>:
    9a28:	142a800a          	sfpadd	L0,L10,L10,L0,2

00009a2c <.LBB25343>:
    9a2c:	18082402          	sfpmul	L0,L2,L0,L9,0

00009a30 <.LBB25346>:
    9a30:	c8038339          	sfpstore	L0,206,0,7

00009a34 <.LBE24895>:
    9a34:	00008067          	ret

00009a38 <_ZN12_GLOBAL__N_1L16blend_chain_bodyILm3ELm3EEEvmPKNS_15BlendChainEntryE>:
    9a38:	00855713          	srli	a4,a0,0x8

00009a3c <.LM2795>:
    9a3c:	1c070663          	beqz	a4,9c08 <.L62>

00009a40 <.LBB27992>:
    9a40:	60171793          	ctz	a5,a4
    9a44:	01e7f793          	andi	a5,a5,30

00009a48 <.LM2800>:
    9a48:	00f75733          	srl	a4,a4,a5

00009a4c <.LM2802>:
    9a4c:	00377713          	andi	a4,a4,3

00009a50 <.LBE27992>:
    9a50:	20e7a7b3          	sh1add	a5,a5,a4

00009a54 <.LM2804>:
    9a54:	20b7c7b3          	sh2add	a5,a5,a1
    9a58:	0407a783          	lw	a5,64(a5)

00009a5c <.LBB27994>:
    9a5c:	c0038601          	sfpload	L0,384,0,7

00009a60 <.LBB28003>:
    9a60:	c1038609          	sfpload	L4,386,0,7

00009a64 <.LBB28009>:
    9a64:	c0838431          	sfpload	L2,268,0,7

00009a68 <.LBB28015>:
    9a68:	1428808a          	sfpadd	L2,L10,L2,L0,2

00009a6c <.LBB28018>:
    9a6c:	c0438439          	sfpload	L1,270,0,7

00009a70 <.LBB28024>:
    9a70:	1428404a          	sfpadd	L1,L10,L1,L0,2

00009a74 <.LBB28027>:
    9a74:	c0038531          	sfpload	L0,332,0,7

00009a78 <.LBB28033>:
    9a78:	1428100a          	sfpadd	L0,L10,L0,L4,2

00009a7c <.LBB28036>:
    9a7c:	c0c38539          	sfpload	L3,334,0,7

00009a80 <.LBB28042>:
    9a80:	1428d0ca          	sfpadd	L3,L10,L3,L4,2

00009a84 <.LBB28045>:
    9a84:	c1438611          	sfpload	L5,388,0,7

00009a88 <.LBB28051>:
    9a88:	1808a582          	sfpmul	L6,L2,L2,L9,0

00009a8c <.LBB28054>:
    9a8c:	1815a582          	sfpmul	L6,L5,L6,L9,0

00009a90 <.LBB28057>:
    9a90:	18046502          	sfpmul	L4,L1,L1,L9,0

00009a94 <.LBB28060>:
    9a94:	18152542          	sfpmul	L5,L5,L4,L9,0

00009a98 <.LBB28063>:
    9a98:	c1038619          	sfpload	L4,390,0,7

00009a9c <.LBB28069>:
    9a9c:	18082482          	sfpmul	L2,L2,L0,L9,0

00009aa0 <.LBB28072>:
    9aa0:	10109882          	sfpmad	L2,L4,L2,L6,0

00009aa4 <.LBB28075>:
    9aa4:	1804e442          	sfpmul	L1,L1,L3,L9,0

00009aa8 <.LBB28078>:
    9aa8:	10105502          	sfpmad	L4,L4,L1,L5,0

00009aac <.LBB28081>:
    9aac:	c0438621          	sfpload	L1,392,0,7

00009ab0 <.LBB28087>:
    9ab0:	18002402          	sfpmul	L0,L0,L0,L9,0

00009ab4 <.LBB28090>:
    9ab4:	10040802          	sfpmad	L0,L1,L0,L2,0

00009ab8 <.LBB28093>:
    9ab8:	180ce4c2          	sfpmul	L3,L3,L3,L9,0

00009abc <.LBB28096>:
    9abc:	1004d042          	sfpmad	L1,L1,L3,L4,0

00009ac0 <.LBB28099>:
    9ac0:	48002406          	sfpswap	L0,L9,1
    9ac4:	3c000002          	sfpnop

00009ac8 <.LBB28101>:
    9ac8:	48002446          	sfpswap	L1,L9,1
    9acc:	3c000002          	sfpnop

00009ad0 <.LBB28103>:
    9ad0:	18032402          	sfpmul	L0,L0,L12,L9,0

00009ad4 <.LBB28108>:
    9ad4:	d50bf801          	sfpaddi	L0,17150,0
    9ad8:	3c000002          	sfpnop

00009adc <.LBB28111>:
    9adc:	48000246          	sfpswap	L9,L0,1
    9ae0:	3c000002          	sfpnop

00009ae4 <.LBB28113>:
    9ae4:	dc000081          	sfpexexp	L2,L0,0

00009ae8 <.LBB28117>:
    9ae8:	e0000001          	sfpexman	L0,L0,0

00009aec <.LBB28119>:
    9aec:	e8000801          	sfpshft	L0,L2,0x000,0

00009af0 <.LBB28121>:
    9af0:	dc000085          	sfpexexp	L2,L0,1

00009af4 <.LBB28123>:
    9af4:	1000014c          	ttreplay	0,5,1,1
    9af8:	e0000005          	sfpexman	L0,L0,1

00009afc <.LBB28125>:
    9afc:	40000002          	sfpcast	L0,L0,0

00009b00 <.LBB28127>:
    9b00:	100378c2          	sfpmad	L3,L0,L13,L14,0

00009b04 <.LBB28130>:
    9b04:	c1038659          	sfpload	L4,406,0,7

00009b08 <.LBB28136>:
    9b08:	1000d002          	sfpmad	L0,L0,L3,L4,0

00009b0c <.LBB28139>:
    9b0c:	08000082          	sfpsetexp	L2,L0,0x000,0

00009b10 <.LBB28141>:
    9b10:	18072442          	sfpmul	L1,L1,L12,L9,0

00009b14 <.LBB28146>:
    9b14:	d50bf841          	sfpaddi	L1,17150,0
    9b18:	3c000002          	sfpnop

00009b1c <.LBB28149>:
    9b1c:	48000646          	sfpswap	L9,L1,1
    9b20:	3c000002          	sfpnop

00009b24 <.LBB28151>:
    9b24:	dc0004c1          	sfpexexp	L3,L1,0

00009b28 <.LBB28155>:
    9b28:	e0000401          	sfpexman	L0,L1,0

00009b2c <.LBB28157>:
    9b2c:	e8000c01          	sfpshft	L0,L3,0x000,0

00009b30 <.LBB28159>:
    9b30:	dc000045          	sfpexexp	L1,L0,1

00009b34 <.LBB28161>:
    9b34:	10000140          	ttreplay	0,5,0,0

00009b38 <.LBB28164>:
    9b38:	08000042          	sfpsetexp	L1,L0,0x000,0

00009b3c <.LBB28166>:
    9b3c:	c0038629          	sfpload	L0,394,0,7

00009b40 <.LBB28172>:
    9b40:	1800a482          	sfpmul	L2,L0,L2,L9,0

00009b44 <.LBB28175>:
    9b44:	18006402          	sfpmul	L0,L0,L1,L9,0

00009b48 <.LBB28178>:
    9b48:	c0c38661          	sfpload	L3,408,0,7

00009b4c <.LBB28184>:
    9b4c:	c0438661          	sfpload	L1,408,0,7

00009b50 <.LBB28190>:
    9b50:	48000c86          	sfpswap	L2,L3,1
    9b54:	3c000002          	sfpnop

00009b58 <.LBB28192>:
    9b58:	48000406          	sfpswap	L0,L1,1
    9b5c:	3c000002          	sfpnop

00009b60 <.LBB28194>:
    9b60:	c0438631          	sfpload	L1,396,0,7

00009b64 <.LBB28201>:
    9b64:	1006c842          	sfpmad	L1,L1,L11,L2,0
    9b68:	ec000401          	sfpsetcc	L1,0x000,0

00009b6c <.LBB28205>:
    9b6c:	f0002481          	sfpmov	L2,L9,0

00009b70 <.LBB28208>:
    9b70:	2800c02a          	sfpencc	0x003,10

00009b74 <.LBB28211>:
    9b74:	c0438631          	sfpload	L1,396,0,7

00009b78 <.LBB28218>:
    9b78:	1006c042          	sfpmad	L1,L1,L11,L0,0
    9b7c:	ec000401          	sfpsetcc	L1,0x000,0

00009b80 <.LBB28222>:
    9b80:	f0002401          	sfpmov	L0,L9,0

00009b84 <.LBB28225>:
    9b84:	2800c02a          	sfpencc	0x003,10

00009b88 <.LBB28228>:
    9b88:	c1438331          	sfpload	L5,204,0,7

00009b8c <.LBB28234>:
    9b8c:	c1038339          	sfpload	L4,206,0,7

00009b90 <.LBB28240>:
    9b90:	180964c2          	sfpmul	L3,L2,L5,L9,0

00009b94 <.LBB28243>:
    9b94:	18012442          	sfpmul	L1,L0,L4,L9,0

00009b98 <.LBB28246>:
    9b98:	c1838639          	sfpload	L6,398,0,7

00009b9c <.LBB28252>:
    9b9c:	c1c38031          	sfpload	L7,12,0,7

00009ba0 <.LBB28258>:
    9ba0:	100d9dc2          	sfpmad	L7,L3,L6,L7,0

00009ba4 <.LBB28261>:
    9ba4:	c9c38031          	sfpstore	L7,12,0,7

00009ba8 <.LBB28267>:
    9ba8:	c1c38039          	sfpload	L7,14,0,7

00009bac <.LBB28273>:
    9bac:	10059d82          	sfpmad	L6,L1,L6,L7,0

00009bb0 <.LBB28276>:
    9bb0:	c9838039          	sfpstore	L6,14,0,7

00009bb4 <.LBB28282>:
    9bb4:	c1838641          	sfpload	L6,400,0,7

00009bb8 <.LBB28288>:
    9bb8:	c1c38131          	sfpload	L7,76,0,7

00009bbc <.LBB28294>:
    9bbc:	100d9dc2          	sfpmad	L7,L3,L6,L7,0

00009bc0 <.LBB28297>:
    9bc0:	c9c38131          	sfpstore	L7,76,0,7

00009bc4 <.LBB28303>:
    9bc4:	c1c38139          	sfpload	L7,78,0,7

00009bc8 <.LBB28309>:
    9bc8:	10059d82          	sfpmad	L6,L1,L6,L7,0

00009bcc <.LBB28312>:
    9bcc:	c9838139          	sfpstore	L6,78,0,7

00009bd0 <.LBB28318>:
    9bd0:	c1838649          	sfpload	L6,402,0,7

00009bd4 <.LBB28324>:
    9bd4:	c1c38231          	sfpload	L7,140,0,7

00009bd8 <.LBB28330>:
    9bd8:	100d9cc2          	sfpmad	L3,L3,L6,L7,0

00009bdc <.LBB28333>:
    9bdc:	c8c38231          	sfpstore	L3,140,0,7

00009be0 <.LBB28339>:
    9be0:	c0c38239          	sfpload	L3,142,0,7

00009be4 <.LBB28345>:
    9be4:	10058c42          	sfpmad	L1,L1,L6,L3,0

00009be8 <.LBB28348>:
    9be8:	c8438239          	sfpstore	L1,142,0,7

00009bec <.LBB28354>:
    9bec:	142a888a          	sfpadd	L2,L10,L10,L2,2

00009bf0 <.LBB28357>:
    9bf0:	1814a542          	sfpmul	L5,L5,L2,L9,0

00009bf4 <.LBB28360>:
    9bf4:	c9438331          	sfpstore	L5,204,0,7

00009bf8 <.LBB28366>:
    9bf8:	142a800a          	sfpadd	L0,L10,L10,L0,2

00009bfc <.LBB28369>:
    9bfc:	18102402          	sfpmul	L0,L4,L0,L9,0

00009c00 <.LBB28372>:
    9c00:	c8038339          	sfpstore	L0,206,0,7

00009c04 <.LBE27994>:
    9c04:	00078067          	jr	a5

00009c08 <.L62>:
    9c08:	c0038601          	sfpload	L0,384,0,7

00009c0c <.LBB28387>:
    9c0c:	c1038609          	sfpload	L4,386,0,7

00009c10 <.LBB28393>:
    9c10:	c0838431          	sfpload	L2,268,0,7

00009c14 <.LBB28399>:
    9c14:	1428808a          	sfpadd	L2,L10,L2,L0,2

00009c18 <.LBB28402>:
    9c18:	c0438439          	sfpload	L1,270,0,7

00009c1c <.LBB28408>:
    9c1c:	1428404a          	sfpadd	L1,L10,L1,L0,2

00009c20 <.LBB28411>:
    9c20:	c0038531          	sfpload	L0,332,0,7

00009c24 <.LBB28417>:
    9c24:	1428100a          	sfpadd	L0,L10,L0,L4,2

00009c28 <.LBB28420>:
    9c28:	c0c38539          	sfpload	L3,334,0,7

00009c2c <.LBB28426>:
    9c2c:	1428d0ca          	sfpadd	L3,L10,L3,L4,2

00009c30 <.LBB28429>:
    9c30:	c1438611          	sfpload	L5,388,0,7

00009c34 <.LBB28435>:
    9c34:	1808a582          	sfpmul	L6,L2,L2,L9,0

00009c38 <.LBB28438>:
    9c38:	1815a582          	sfpmul	L6,L5,L6,L9,0

00009c3c <.LBB28441>:
    9c3c:	18046502          	sfpmul	L4,L1,L1,L9,0

00009c40 <.LBB28444>:
    9c40:	18152542          	sfpmul	L5,L5,L4,L9,0

00009c44 <.LBB28447>:
    9c44:	c1038619          	sfpload	L4,390,0,7

00009c48 <.LBB28453>:
    9c48:	18082482          	sfpmul	L2,L2,L0,L9,0

00009c4c <.LBB28456>:
    9c4c:	10109882          	sfpmad	L2,L4,L2,L6,0

00009c50 <.LBB28459>:
    9c50:	1804e442          	sfpmul	L1,L1,L3,L9,0

00009c54 <.LBB28462>:
    9c54:	10105502          	sfpmad	L4,L4,L1,L5,0

00009c58 <.LBB28465>:
    9c58:	c0438621          	sfpload	L1,392,0,7

00009c5c <.LBB28471>:
    9c5c:	18002402          	sfpmul	L0,L0,L0,L9,0

00009c60 <.LBB28474>:
    9c60:	10040802          	sfpmad	L0,L1,L0,L2,0

00009c64 <.LBB28477>:
    9c64:	180ce4c2          	sfpmul	L3,L3,L3,L9,0

00009c68 <.LBB28480>:
    9c68:	1004d042          	sfpmad	L1,L1,L3,L4,0

00009c6c <.LBB28483>:
    9c6c:	48002406          	sfpswap	L0,L9,1
    9c70:	3c000002          	sfpnop

00009c74 <.LBB28485>:
    9c74:	48002446          	sfpswap	L1,L9,1
    9c78:	3c000002          	sfpnop

00009c7c <.LBB28487>:
    9c7c:	18032402          	sfpmul	L0,L0,L12,L9,0

00009c80 <.LBB28492>:
    9c80:	d50bf801          	sfpaddi	L0,17150,0
    9c84:	3c000002          	sfpnop

00009c88 <.LBB28495>:
    9c88:	48000246          	sfpswap	L9,L0,1
    9c8c:	3c000002          	sfpnop

00009c90 <.LBB28497>:
    9c90:	dc000081          	sfpexexp	L2,L0,0

00009c94 <.LBB28501>:
    9c94:	e0000001          	sfpexman	L0,L0,0

00009c98 <.LBB28503>:
    9c98:	e8000801          	sfpshft	L0,L2,0x000,0

00009c9c <.LBB28505>:
    9c9c:	dc000085          	sfpexexp	L2,L0,1

00009ca0 <.LBB28507>:
    9ca0:	1000014c          	ttreplay	0,5,1,1
    9ca4:	e0000005          	sfpexman	L0,L0,1

00009ca8 <.LBB28509>:
    9ca8:	40000002          	sfpcast	L0,L0,0

00009cac <.LBB28511>:
    9cac:	100378c2          	sfpmad	L3,L0,L13,L14,0

00009cb0 <.LBB28514>:
    9cb0:	c1038659          	sfpload	L4,406,0,7

00009cb4 <.LBB28520>:
    9cb4:	1000d002          	sfpmad	L0,L0,L3,L4,0

00009cb8 <.LBB28523>:
    9cb8:	08000082          	sfpsetexp	L2,L0,0x000,0

00009cbc <.LBB28525>:
    9cbc:	18072442          	sfpmul	L1,L1,L12,L9,0

00009cc0 <.LBB28530>:
    9cc0:	d50bf841          	sfpaddi	L1,17150,0
    9cc4:	3c000002          	sfpnop

00009cc8 <.LBB28533>:
    9cc8:	48000646          	sfpswap	L9,L1,1
    9ccc:	3c000002          	sfpnop

00009cd0 <.LBB28535>:
    9cd0:	dc0004c1          	sfpexexp	L3,L1,0

00009cd4 <.LBB28539>:
    9cd4:	e0000401          	sfpexman	L0,L1,0

00009cd8 <.LBB28541>:
    9cd8:	e8000c01          	sfpshft	L0,L3,0x000,0

00009cdc <.LBB28543>:
    9cdc:	dc000045          	sfpexexp	L1,L0,1

00009ce0 <.LBB28545>:
    9ce0:	10000140          	ttreplay	0,5,0,0

00009ce4 <.LBB28548>:
    9ce4:	08000042          	sfpsetexp	L1,L0,0x000,0

00009ce8 <.LBB28550>:
    9ce8:	c0038629          	sfpload	L0,394,0,7

00009cec <.LBB28556>:
    9cec:	1800a482          	sfpmul	L2,L0,L2,L9,0

00009cf0 <.LBB28559>:
    9cf0:	18006402          	sfpmul	L0,L0,L1,L9,0

00009cf4 <.LBB28562>:
    9cf4:	c0c38661          	sfpload	L3,408,0,7

00009cf8 <.LBB28568>:
    9cf8:	c0438661          	sfpload	L1,408,0,7

00009cfc <.LBB28574>:
    9cfc:	48000c86          	sfpswap	L2,L3,1
    9d00:	3c000002          	sfpnop

00009d04 <.LBB28576>:
    9d04:	48000406          	sfpswap	L0,L1,1
    9d08:	3c000002          	sfpnop

00009d0c <.LBB28578>:
    9d0c:	c0438631          	sfpload	L1,396,0,7

00009d10 <.LBB28585>:
    9d10:	1006c842          	sfpmad	L1,L1,L11,L2,0
    9d14:	ec000401          	sfpsetcc	L1,0x000,0

00009d18 <.LBB28589>:
    9d18:	f0002481          	sfpmov	L2,L9,0

00009d1c <.LBB28592>:
    9d1c:	2800c02a          	sfpencc	0x003,10

00009d20 <.LBB28595>:
    9d20:	c0438631          	sfpload	L1,396,0,7

00009d24 <.LBB28602>:
    9d24:	1006c042          	sfpmad	L1,L1,L11,L0,0
    9d28:	ec000401          	sfpsetcc	L1,0x000,0

00009d2c <.LBB28606>:
    9d2c:	f0002401          	sfpmov	L0,L9,0

00009d30 <.LBB28609>:
    9d30:	2800c02a          	sfpencc	0x003,10

00009d34 <.LBB28612>:
    9d34:	c1438331          	sfpload	L5,204,0,7

00009d38 <.LBB28618>:
    9d38:	c1038339          	sfpload	L4,206,0,7

00009d3c <.LBB28624>:
    9d3c:	180964c2          	sfpmul	L3,L2,L5,L9,0

00009d40 <.LBB28627>:
    9d40:	18012442          	sfpmul	L1,L0,L4,L9,0

00009d44 <.LBB28630>:
    9d44:	c1838639          	sfpload	L6,398,0,7

00009d48 <.LBB28636>:
    9d48:	c1c38031          	sfpload	L7,12,0,7

00009d4c <.LBB28642>:
    9d4c:	100d9dc2          	sfpmad	L7,L3,L6,L7,0

00009d50 <.LBB28645>:
    9d50:	c9c38031          	sfpstore	L7,12,0,7

00009d54 <.LBB28651>:
    9d54:	c1c38039          	sfpload	L7,14,0,7

00009d58 <.LBB28657>:
    9d58:	10059d82          	sfpmad	L6,L1,L6,L7,0

00009d5c <.LBB28660>:
    9d5c:	c9838039          	sfpstore	L6,14,0,7

00009d60 <.LBB28666>:
    9d60:	c1838641          	sfpload	L6,400,0,7

00009d64 <.LBB28672>:
    9d64:	c1c38131          	sfpload	L7,76,0,7

00009d68 <.LBB28678>:
    9d68:	100d9dc2          	sfpmad	L7,L3,L6,L7,0

00009d6c <.LBB28681>:
    9d6c:	c9c38131          	sfpstore	L7,76,0,7

00009d70 <.LBB28687>:
    9d70:	c1c38139          	sfpload	L7,78,0,7

00009d74 <.LBB28693>:
    9d74:	10059d82          	sfpmad	L6,L1,L6,L7,0

00009d78 <.LBB28696>:
    9d78:	c9838139          	sfpstore	L6,78,0,7

00009d7c <.LBB28702>:
    9d7c:	c1838649          	sfpload	L6,402,0,7

00009d80 <.LBB28708>:
    9d80:	c1c38231          	sfpload	L7,140,0,7

00009d84 <.LBB28714>:
    9d84:	100d9cc2          	sfpmad	L3,L3,L6,L7,0

00009d88 <.LBB28717>:
    9d88:	c8c38231          	sfpstore	L3,140,0,7

00009d8c <.LBB28723>:
    9d8c:	c0c38239          	sfpload	L3,142,0,7

00009d90 <.LBB28729>:
    9d90:	10058c42          	sfpmad	L1,L1,L6,L3,0

00009d94 <.LBB28732>:
    9d94:	c8438239          	sfpstore	L1,142,0,7

00009d98 <.LBB28738>:
    9d98:	142a888a          	sfpadd	L2,L10,L10,L2,2

00009d9c <.LBB28741>:
    9d9c:	1814a542          	sfpmul	L5,L5,L2,L9,0

00009da0 <.LBB28744>:
    9da0:	c9438331          	sfpstore	L5,204,0,7

00009da4 <.LBB28750>:
    9da4:	142a800a          	sfpadd	L0,L10,L10,L0,2

00009da8 <.LBB28753>:
    9da8:	18102402          	sfpmul	L0,L4,L0,L9,0

00009dac <.LBB28756>:
    9dac:	c8038339          	sfpstore	L0,206,0,7

00009db0 <.LBE27991>:
    9db0:	00008067          	ret

00009db4 <_ZN12_GLOBAL__N_1L16blend_chain_bodyILm4ELm1EEEvmPKNS_15BlendChainEntryE>:
    9db4:	00a55713          	srli	a4,a0,0xa

00009db8 <.LM3165>:
    9db8:	10070a63          	beqz	a4,9ecc <.L67>

00009dbc <.LBB30196>:
    9dbc:	60171793          	ctz	a5,a4
    9dc0:	01e7f793          	andi	a5,a5,30

00009dc4 <.LM3170>:
    9dc4:	00f75733          	srl	a4,a4,a5

00009dc8 <.LM3172>:
    9dc8:	00377713          	andi	a4,a4,3

00009dcc <.LBE30196>:
    9dcc:	20e7a7b3          	sh1add	a5,a5,a4

00009dd0 <.LM3174>:
    9dd0:	20b7c7b3          	sh2add	a5,a5,a1
    9dd4:	0507a783          	lw	a5,80(a5)

00009dd8 <.LBB30198>:
    9dd8:	c0838441          	sfpload	L2,272,0,7

00009ddc <.LBB30207>:
    9ddc:	c0438541          	sfpload	L1,336,0,7

00009de0 <.LBB30213>:
    9de0:	c1038611          	sfpload	L4,388,0,7

00009de4 <.LBB30219>:
    9de4:	c0c38619          	sfpload	L3,390,0,7

00009de8 <.LBB30225>:
    9de8:	c0038621          	sfpload	L0,392,0,7

00009dec <.LBB30231>:
    9dec:	c1838601          	sfpload	L6,384,0,7

00009df0 <.LBB30237>:
    9df0:	c1438609          	sfpload	L5,386,0,7

00009df4 <.LBB30243>:
    9df4:	1428988a          	sfpadd	L2,L10,L2,L6,2

00009df8 <.LBB30246>:
    9df8:	1428544a          	sfpadd	L1,L10,L1,L5,2

00009dfc <.LBB30249>:
    9dfc:	1808a542          	sfpmul	L5,L2,L2,L9,0

00009e00 <.LBB30252>:
    9e00:	18116502          	sfpmul	L4,L4,L5,L9,0

00009e04 <.LBB30255>:
    9e04:	18086482          	sfpmul	L2,L2,L1,L9,0

00009e08 <.LBB30258>:
    9e08:	100c9082          	sfpmad	L2,L3,L2,L4,0

00009e0c <.LBB30261>:
    9e0c:	18046442          	sfpmul	L1,L1,L1,L9,0

00009e10 <.LBB30264>:
    9e10:	10004802          	sfpmad	L0,L0,L1,L2,0
    9e14:	3c000002          	sfpnop

00009e18 <.LBB30267>:
    9e18:	48002406          	sfpswap	L0,L9,1
    9e1c:	3c000002          	sfpnop

00009e20 <.LBB30269>:
    9e20:	18032402          	sfpmul	L0,L0,L12,L9,0

00009e24 <.LBB30274>:
    9e24:	d50bf801          	sfpaddi	L0,17150,0
    9e28:	3c000002          	sfpnop

00009e2c <.LBB30277>:
    9e2c:	48000246          	sfpswap	L9,L0,1
    9e30:	3c000002          	sfpnop

00009e34 <.LBB30279>:
    9e34:	dc000041          	sfpexexp	L1,L0,0

00009e38 <.LBB30283>:
    9e38:	e0000001          	sfpexman	L0,L0,0

00009e3c <.LBB30285>:
    9e3c:	e8000401          	sfpshft	L0,L1,0x000,0

00009e40 <.LBB30287>:
    9e40:	dc000045          	sfpexexp	L1,L0,1

00009e44 <.LBB30289>:
    9e44:	e0000005          	sfpexman	L0,L0,1

00009e48 <.LBB30291>:
    9e48:	40000002          	sfpcast	L0,L0,0

00009e4c <.LBB30293>:
    9e4c:	10037882          	sfpmad	L2,L0,L13,L14,0

00009e50 <.LBB30296>:
    9e50:	c0c38659          	sfpload	L3,406,0,7

00009e54 <.LBB30302>:
    9e54:	10008c02          	sfpmad	L0,L0,L2,L3,0

00009e58 <.LBB30305>:
    9e58:	08000042          	sfpsetexp	L1,L0,0x000,0

00009e5c <.LBB30307>:
    9e5c:	c0038629          	sfpload	L0,394,0,7

00009e60 <.LBB30313>:
    9e60:	18006402          	sfpmul	L0,L0,L1,L9,0

00009e64 <.LBB30316>:
    9e64:	c0438661          	sfpload	L1,408,0,7

00009e68 <.LBB30322>:
    9e68:	48000406          	sfpswap	L0,L1,1
    9e6c:	3c000002          	sfpnop

00009e70 <.LBB30324>:
    9e70:	c0438631          	sfpload	L1,396,0,7

00009e74 <.LBB30331>:
    9e74:	1006c042          	sfpmad	L1,L1,L11,L0,0
    9e78:	ec000401          	sfpsetcc	L1,0x000,0

00009e7c <.LBB30335>:
    9e7c:	f0002401          	sfpmov	L0,L9,0

00009e80 <.LBB30338>:
    9e80:	2800c02a          	sfpencc	0x003,10

00009e84 <.LBB30341>:
    9e84:	c0838341          	sfpload	L2,208,0,7

00009e88 <.LBB30347>:
    9e88:	1800a442          	sfpmul	L1,L0,L2,L9,0

00009e8c <.LBB30350>:
    9e8c:	c1038041          	sfpload	L4,16,0,7

00009e90 <.LBB30356>:
    9e90:	c0c38639          	sfpload	L3,398,0,7

00009e94 <.LBB30362>:
    9e94:	1004d0c2          	sfpmad	L3,L1,L3,L4,0

00009e98 <.LBB30365>:
    9e98:	c8c38041          	sfpstore	L3,16,0,7

00009e9c <.LBB30371>:
    9e9c:	c1038141          	sfpload	L4,80,0,7

00009ea0 <.LBB30377>:
    9ea0:	c0c38641          	sfpload	L3,400,0,7

00009ea4 <.LBB30383>:
    9ea4:	1004d0c2          	sfpmad	L3,L1,L3,L4,0

00009ea8 <.LBB30386>:
    9ea8:	c8c38141          	sfpstore	L3,80,0,7

00009eac <.LBB30392>:
    9eac:	c1038241          	sfpload	L4,144,0,7

00009eb0 <.LBB30398>:
    9eb0:	c0c38649          	sfpload	L3,402,0,7

00009eb4 <.LBB30404>:
    9eb4:	1004d042          	sfpmad	L1,L1,L3,L4,0

00009eb8 <.LBB30407>:
    9eb8:	c8438241          	sfpstore	L1,144,0,7

00009ebc <.LBB30413>:
    9ebc:	142a800a          	sfpadd	L0,L10,L10,L0,2

00009ec0 <.LBB30416>:
    9ec0:	18082402          	sfpmul	L0,L2,L0,L9,0

00009ec4 <.LBB30419>:
    9ec4:	c8038341          	sfpstore	L0,208,0,7

00009ec8 <.LBE30198>:
    9ec8:	00078067          	jr	a5

00009ecc <.L67>:
    9ecc:	c0838441          	sfpload	L2,272,0,7

00009ed0 <.LBB30434>:
    9ed0:	c0438541          	sfpload	L1,336,0,7

00009ed4 <.LBB30440>:
    9ed4:	c1038611          	sfpload	L4,388,0,7

00009ed8 <.LBB30446>:
    9ed8:	c0c38619          	sfpload	L3,390,0,7

00009edc <.LBB30452>:
    9edc:	c0038621          	sfpload	L0,392,0,7

00009ee0 <.LBB30458>:
    9ee0:	c1838601          	sfpload	L6,384,0,7

00009ee4 <.LBB30464>:
    9ee4:	c1438609          	sfpload	L5,386,0,7

00009ee8 <.LBB30470>:
    9ee8:	1428988a          	sfpadd	L2,L10,L2,L6,2

00009eec <.LBB30473>:
    9eec:	1428544a          	sfpadd	L1,L10,L1,L5,2

00009ef0 <.LBB30476>:
    9ef0:	1808a542          	sfpmul	L5,L2,L2,L9,0

00009ef4 <.LBB30479>:
    9ef4:	18116502          	sfpmul	L4,L4,L5,L9,0

00009ef8 <.LBB30482>:
    9ef8:	18086482          	sfpmul	L2,L2,L1,L9,0

00009efc <.LBB30485>:
    9efc:	100c9082          	sfpmad	L2,L3,L2,L4,0

00009f00 <.LBB30488>:
    9f00:	18046442          	sfpmul	L1,L1,L1,L9,0

00009f04 <.LBB30491>:
    9f04:	10004802          	sfpmad	L0,L0,L1,L2,0
    9f08:	3c000002          	sfpnop

00009f0c <.LBB30494>:
    9f0c:	48002406          	sfpswap	L0,L9,1
    9f10:	3c000002          	sfpnop

00009f14 <.LBB30496>:
    9f14:	18032402          	sfpmul	L0,L0,L12,L9,0

00009f18 <.LBB30501>:
    9f18:	d50bf801          	sfpaddi	L0,17150,0
    9f1c:	3c000002          	sfpnop

00009f20 <.LBB30504>:
    9f20:	48000246          	sfpswap	L9,L0,1
    9f24:	3c000002          	sfpnop

00009f28 <.LBB30506>:
    9f28:	dc000041          	sfpexexp	L1,L0,0

00009f2c <.LBB30510>:
    9f2c:	e0000001          	sfpexman	L0,L0,0

00009f30 <.LBB30512>:
    9f30:	e8000401          	sfpshft	L0,L1,0x000,0

00009f34 <.LBB30514>:
    9f34:	dc000045          	sfpexexp	L1,L0,1

00009f38 <.LBB30516>:
    9f38:	e0000005          	sfpexman	L0,L0,1

00009f3c <.LBB30518>:
    9f3c:	40000002          	sfpcast	L0,L0,0

00009f40 <.LBB30520>:
    9f40:	10037882          	sfpmad	L2,L0,L13,L14,0

00009f44 <.LBB30523>:
    9f44:	c0c38659          	sfpload	L3,406,0,7

00009f48 <.LBB30529>:
    9f48:	10008c02          	sfpmad	L0,L0,L2,L3,0

00009f4c <.LBB30532>:
    9f4c:	08000042          	sfpsetexp	L1,L0,0x000,0

00009f50 <.LBB30534>:
    9f50:	c0038629          	sfpload	L0,394,0,7

00009f54 <.LBB30540>:
    9f54:	18006402          	sfpmul	L0,L0,L1,L9,0

00009f58 <.LBB30543>:
    9f58:	c0438661          	sfpload	L1,408,0,7

00009f5c <.LBB30549>:
    9f5c:	48000406          	sfpswap	L0,L1,1
    9f60:	3c000002          	sfpnop

00009f64 <.LBB30551>:
    9f64:	c0438631          	sfpload	L1,396,0,7

00009f68 <.LBB30558>:
    9f68:	1006c042          	sfpmad	L1,L1,L11,L0,0
    9f6c:	ec000401          	sfpsetcc	L1,0x000,0

00009f70 <.LBB30562>:
    9f70:	f0002401          	sfpmov	L0,L9,0

00009f74 <.LBB30565>:
    9f74:	2800c02a          	sfpencc	0x003,10

00009f78 <.LBB30568>:
    9f78:	c0838341          	sfpload	L2,208,0,7

00009f7c <.LBB30574>:
    9f7c:	1800a442          	sfpmul	L1,L0,L2,L9,0

00009f80 <.LBB30577>:
    9f80:	c1038041          	sfpload	L4,16,0,7

00009f84 <.LBB30583>:
    9f84:	c0c38639          	sfpload	L3,398,0,7

00009f88 <.LBB30589>:
    9f88:	1004d0c2          	sfpmad	L3,L1,L3,L4,0

00009f8c <.LBB30592>:
    9f8c:	c8c38041          	sfpstore	L3,16,0,7

00009f90 <.LBB30598>:
    9f90:	c1038141          	sfpload	L4,80,0,7

00009f94 <.LBB30604>:
    9f94:	c0c38641          	sfpload	L3,400,0,7

00009f98 <.LBB30610>:
    9f98:	1004d0c2          	sfpmad	L3,L1,L3,L4,0

00009f9c <.LBB30613>:
    9f9c:	c8c38141          	sfpstore	L3,80,0,7

00009fa0 <.LBB30619>:
    9fa0:	c1038241          	sfpload	L4,144,0,7

00009fa4 <.LBB30625>:
    9fa4:	c0c38649          	sfpload	L3,402,0,7

00009fa8 <.LBB30631>:
    9fa8:	1004d042          	sfpmad	L1,L1,L3,L4,0

00009fac <.LBB30634>:
    9fac:	c8438241          	sfpstore	L1,144,0,7

00009fb0 <.LBB30640>:
    9fb0:	142a800a          	sfpadd	L0,L10,L10,L0,2

00009fb4 <.LBB30643>:
    9fb4:	18082402          	sfpmul	L0,L2,L0,L9,0

00009fb8 <.LBB30646>:
    9fb8:	c8038341          	sfpstore	L0,208,0,7

00009fbc <.LBE30195>:
    9fbc:	00008067          	ret

00009fc0 <_ZN12_GLOBAL__N_1L16blend_chain_bodyILm4ELm2EEEvmPKNS_15BlendChainEntryE>:
    9fc0:	00a55713          	srli	a4,a0,0xa

00009fc4 <.LM3375>:
    9fc4:	10070a63          	beqz	a4,a0d8 <.L72>

00009fc8 <.LBB32086>:
    9fc8:	60171793          	ctz	a5,a4
    9fcc:	01e7f793          	andi	a5,a5,30

00009fd0 <.LM3380>:
    9fd0:	00f75733          	srl	a4,a4,a5

00009fd4 <.LM3382>:
    9fd4:	00377713          	andi	a4,a4,3

00009fd8 <.LBE32086>:
    9fd8:	20e7a7b3          	sh1add	a5,a5,a4

00009fdc <.LM3384>:
    9fdc:	20b7c7b3          	sh2add	a5,a5,a1
    9fe0:	0507a783          	lw	a5,80(a5)

00009fe4 <.LBB32088>:
    9fe4:	c0838449          	sfpload	L2,274,0,7

00009fe8 <.LBB32097>:
    9fe8:	c0438549          	sfpload	L1,338,0,7

00009fec <.LBB32103>:
    9fec:	c1038611          	sfpload	L4,388,0,7

00009ff0 <.LBB32109>:
    9ff0:	c0c38619          	sfpload	L3,390,0,7

00009ff4 <.LBB32115>:
    9ff4:	c0038621          	sfpload	L0,392,0,7

00009ff8 <.LBB32121>:
    9ff8:	c1838601          	sfpload	L6,384,0,7

00009ffc <.LBB32127>:
    9ffc:	c1438609          	sfpload	L5,386,0,7

0000a000 <.LBB32133>:
    a000:	1428988a          	sfpadd	L2,L10,L2,L6,2

0000a004 <.LBB32136>:
    a004:	1428544a          	sfpadd	L1,L10,L1,L5,2

0000a008 <.LBB32139>:
    a008:	1808a542          	sfpmul	L5,L2,L2,L9,0

0000a00c <.LBB32142>:
    a00c:	18116502          	sfpmul	L4,L4,L5,L9,0

0000a010 <.LBB32145>:
    a010:	18086482          	sfpmul	L2,L2,L1,L9,0

0000a014 <.LBB32148>:
    a014:	100c9082          	sfpmad	L2,L3,L2,L4,0

0000a018 <.LBB32151>:
    a018:	18046442          	sfpmul	L1,L1,L1,L9,0

0000a01c <.LBB32154>:
    a01c:	10004802          	sfpmad	L0,L0,L1,L2,0
    a020:	3c000002          	sfpnop

0000a024 <.LBB32157>:
    a024:	48002406          	sfpswap	L0,L9,1
    a028:	3c000002          	sfpnop

0000a02c <.LBB32159>:
    a02c:	18032402          	sfpmul	L0,L0,L12,L9,0

0000a030 <.LBB32164>:
    a030:	d50bf801          	sfpaddi	L0,17150,0
    a034:	3c000002          	sfpnop

0000a038 <.LBB32167>:
    a038:	48000246          	sfpswap	L9,L0,1
    a03c:	3c000002          	sfpnop

0000a040 <.LBB32169>:
    a040:	dc000041          	sfpexexp	L1,L0,0

0000a044 <.LBB32173>:
    a044:	e0000001          	sfpexman	L0,L0,0

0000a048 <.LBB32175>:
    a048:	e8000401          	sfpshft	L0,L1,0x000,0

0000a04c <.LBB32177>:
    a04c:	dc000045          	sfpexexp	L1,L0,1

0000a050 <.LBB32179>:
    a050:	e0000005          	sfpexman	L0,L0,1

0000a054 <.LBB32181>:
    a054:	40000002          	sfpcast	L0,L0,0

0000a058 <.LBB32183>:
    a058:	10037882          	sfpmad	L2,L0,L13,L14,0

0000a05c <.LBB32186>:
    a05c:	c0c38659          	sfpload	L3,406,0,7

0000a060 <.LBB32192>:
    a060:	10008c02          	sfpmad	L0,L0,L2,L3,0

0000a064 <.LBB32195>:
    a064:	08000042          	sfpsetexp	L1,L0,0x000,0

0000a068 <.LBB32197>:
    a068:	c0038629          	sfpload	L0,394,0,7

0000a06c <.LBB32203>:
    a06c:	18006402          	sfpmul	L0,L0,L1,L9,0

0000a070 <.LBB32206>:
    a070:	c0438661          	sfpload	L1,408,0,7

0000a074 <.LBB32212>:
    a074:	48000406          	sfpswap	L0,L1,1
    a078:	3c000002          	sfpnop

0000a07c <.LBB32214>:
    a07c:	c0438631          	sfpload	L1,396,0,7

0000a080 <.LBB32221>:
    a080:	1006c042          	sfpmad	L1,L1,L11,L0,0
    a084:	ec000401          	sfpsetcc	L1,0x000,0

0000a088 <.LBB32225>:
    a088:	f0002401          	sfpmov	L0,L9,0

0000a08c <.LBB32228>:
    a08c:	2800c02a          	sfpencc	0x003,10

0000a090 <.LBB32231>:
    a090:	c0838349          	sfpload	L2,210,0,7

0000a094 <.LBB32237>:
    a094:	1800a442          	sfpmul	L1,L0,L2,L9,0

0000a098 <.LBB32240>:
    a098:	c1038049          	sfpload	L4,18,0,7

0000a09c <.LBB32246>:
    a09c:	c0c38639          	sfpload	L3,398,0,7

0000a0a0 <.LBB32252>:
    a0a0:	1004d0c2          	sfpmad	L3,L1,L3,L4,0

0000a0a4 <.LBB32255>:
    a0a4:	c8c38049          	sfpstore	L3,18,0,7

0000a0a8 <.LBB32261>:
    a0a8:	c1038149          	sfpload	L4,82,0,7

0000a0ac <.LBB32267>:
    a0ac:	c0c38641          	sfpload	L3,400,0,7

0000a0b0 <.LBB32273>:
    a0b0:	1004d0c2          	sfpmad	L3,L1,L3,L4,0

0000a0b4 <.LBB32276>:
    a0b4:	c8c38149          	sfpstore	L3,82,0,7

0000a0b8 <.LBB32282>:
    a0b8:	c1038249          	sfpload	L4,146,0,7

0000a0bc <.LBB32288>:
    a0bc:	c0c38649          	sfpload	L3,402,0,7

0000a0c0 <.LBB32294>:
    a0c0:	1004d042          	sfpmad	L1,L1,L3,L4,0

0000a0c4 <.LBB32297>:
    a0c4:	c8438249          	sfpstore	L1,146,0,7

0000a0c8 <.LBB32303>:
    a0c8:	142a800a          	sfpadd	L0,L10,L10,L0,2

0000a0cc <.LBB32306>:
    a0cc:	18082402          	sfpmul	L0,L2,L0,L9,0

0000a0d0 <.LBB32309>:
    a0d0:	c8038349          	sfpstore	L0,210,0,7

0000a0d4 <.LBE32088>:
    a0d4:	00078067          	jr	a5

0000a0d8 <.L72>:
    a0d8:	c0838449          	sfpload	L2,274,0,7

0000a0dc <.LBB32324>:
    a0dc:	c0438549          	sfpload	L1,338,0,7

0000a0e0 <.LBB32330>:
    a0e0:	c1038611          	sfpload	L4,388,0,7

0000a0e4 <.LBB32336>:
    a0e4:	c0c38619          	sfpload	L3,390,0,7

0000a0e8 <.LBB32342>:
    a0e8:	c0038621          	sfpload	L0,392,0,7

0000a0ec <.LBB32348>:
    a0ec:	c1838601          	sfpload	L6,384,0,7

0000a0f0 <.LBB32354>:
    a0f0:	c1438609          	sfpload	L5,386,0,7

0000a0f4 <.LBB32360>:
    a0f4:	1428988a          	sfpadd	L2,L10,L2,L6,2

0000a0f8 <.LBB32363>:
    a0f8:	1428544a          	sfpadd	L1,L10,L1,L5,2

0000a0fc <.LBB32366>:
    a0fc:	1808a542          	sfpmul	L5,L2,L2,L9,0

0000a100 <.LBB32369>:
    a100:	18116502          	sfpmul	L4,L4,L5,L9,0

0000a104 <.LBB32372>:
    a104:	18086482          	sfpmul	L2,L2,L1,L9,0

0000a108 <.LBB32375>:
    a108:	100c9082          	sfpmad	L2,L3,L2,L4,0

0000a10c <.LBB32378>:
    a10c:	18046442          	sfpmul	L1,L1,L1,L9,0

0000a110 <.LBB32381>:
    a110:	10004802          	sfpmad	L0,L0,L1,L2,0
    a114:	3c000002          	sfpnop

0000a118 <.LBB32384>:
    a118:	48002406          	sfpswap	L0,L9,1
    a11c:	3c000002          	sfpnop

0000a120 <.LBB32386>:
    a120:	18032402          	sfpmul	L0,L0,L12,L9,0

0000a124 <.LBB32391>:
    a124:	d50bf801          	sfpaddi	L0,17150,0
    a128:	3c000002          	sfpnop

0000a12c <.LBB32394>:
    a12c:	48000246          	sfpswap	L9,L0,1
    a130:	3c000002          	sfpnop

0000a134 <.LBB32396>:
    a134:	dc000041          	sfpexexp	L1,L0,0

0000a138 <.LBB32400>:
    a138:	e0000001          	sfpexman	L0,L0,0

0000a13c <.LBB32402>:
    a13c:	e8000401          	sfpshft	L0,L1,0x000,0

0000a140 <.LBB32404>:
    a140:	dc000045          	sfpexexp	L1,L0,1

0000a144 <.LBB32406>:
    a144:	e0000005          	sfpexman	L0,L0,1

0000a148 <.LBB32408>:
    a148:	40000002          	sfpcast	L0,L0,0

0000a14c <.LBB32410>:
    a14c:	10037882          	sfpmad	L2,L0,L13,L14,0

0000a150 <.LBB32413>:
    a150:	c0c38659          	sfpload	L3,406,0,7

0000a154 <.LBB32419>:
    a154:	10008c02          	sfpmad	L0,L0,L2,L3,0

0000a158 <.LBB32422>:
    a158:	08000042          	sfpsetexp	L1,L0,0x000,0

0000a15c <.LBB32424>:
    a15c:	c0038629          	sfpload	L0,394,0,7

0000a160 <.LBB32430>:
    a160:	18006402          	sfpmul	L0,L0,L1,L9,0

0000a164 <.LBB32433>:
    a164:	c0438661          	sfpload	L1,408,0,7

0000a168 <.LBB32439>:
    a168:	48000406          	sfpswap	L0,L1,1
    a16c:	3c000002          	sfpnop

0000a170 <.LBB32441>:
    a170:	c0438631          	sfpload	L1,396,0,7

0000a174 <.LBB32448>:
    a174:	1006c042          	sfpmad	L1,L1,L11,L0,0
    a178:	ec000401          	sfpsetcc	L1,0x000,0

0000a17c <.LBB32452>:
    a17c:	f0002401          	sfpmov	L0,L9,0

0000a180 <.LBB32455>:
    a180:	2800c02a          	sfpencc	0x003,10

0000a184 <.LBB32458>:
    a184:	c0838349          	sfpload	L2,210,0,7

0000a188 <.LBB32464>:
    a188:	1800a442          	sfpmul	L1,L0,L2,L9,0

0000a18c <.LBB32467>:
    a18c:	c1038049          	sfpload	L4,18,0,7

0000a190 <.LBB32473>:
    a190:	c0c38639          	sfpload	L3,398,0,7

0000a194 <.LBB32479>:
    a194:	1004d0c2          	sfpmad	L3,L1,L3,L4,0

0000a198 <.LBB32482>:
    a198:	c8c38049          	sfpstore	L3,18,0,7

0000a19c <.LBB32488>:
    a19c:	c1038149          	sfpload	L4,82,0,7

0000a1a0 <.LBB32494>:
    a1a0:	c0c38641          	sfpload	L3,400,0,7

0000a1a4 <.LBB32500>:
    a1a4:	1004d0c2          	sfpmad	L3,L1,L3,L4,0

0000a1a8 <.LBB32503>:
    a1a8:	c8c38149          	sfpstore	L3,82,0,7

0000a1ac <.LBB32509>:
    a1ac:	c1038249          	sfpload	L4,146,0,7

0000a1b0 <.LBB32515>:
    a1b0:	c0c38649          	sfpload	L3,402,0,7

0000a1b4 <.LBB32521>:
    a1b4:	1004d042          	sfpmad	L1,L1,L3,L4,0

0000a1b8 <.LBB32524>:
    a1b8:	c8438249          	sfpstore	L1,146,0,7

0000a1bc <.LBB32530>:
    a1bc:	142a800a          	sfpadd	L0,L10,L10,L0,2

0000a1c0 <.LBB32533>:
    a1c0:	18082402          	sfpmul	L0,L2,L0,L9,0

0000a1c4 <.LBB32536>:
    a1c4:	c8038349          	sfpstore	L0,210,0,7

0000a1c8 <.LBE32085>:
    a1c8:	00008067          	ret

0000a1cc <_ZN12_GLOBAL__N_1L16blend_chain_bodyILm4ELm3EEEvmPKNS_15BlendChainEntryE>:
    a1cc:	00a55713          	srli	a4,a0,0xa

0000a1d0 <.LM3585>:
    a1d0:	1c070663          	beqz	a4,a39c <.L77>

0000a1d4 <.LBB35182>:
    a1d4:	60171793          	ctz	a5,a4
    a1d8:	01e7f793          	andi	a5,a5,30

0000a1dc <.LM3590>:
    a1dc:	00f75733          	srl	a4,a4,a5

0000a1e0 <.LM3592>:
    a1e0:	00377713          	andi	a4,a4,3

0000a1e4 <.LBE35182>:
    a1e4:	20e7a7b3          	sh1add	a5,a5,a4

0000a1e8 <.LM3594>:
    a1e8:	20b7c7b3          	sh2add	a5,a5,a1
    a1ec:	0507a783          	lw	a5,80(a5)

0000a1f0 <.LBB35184>:
    a1f0:	c0038601          	sfpload	L0,384,0,7

0000a1f4 <.LBB35193>:
    a1f4:	c1038609          	sfpload	L4,386,0,7

0000a1f8 <.LBB35199>:
    a1f8:	c0838441          	sfpload	L2,272,0,7

0000a1fc <.LBB35205>:
    a1fc:	1428808a          	sfpadd	L2,L10,L2,L0,2

0000a200 <.LBB35208>:
    a200:	c0438449          	sfpload	L1,274,0,7

0000a204 <.LBB35214>:
    a204:	1428404a          	sfpadd	L1,L10,L1,L0,2

0000a208 <.LBB35217>:
    a208:	c0038541          	sfpload	L0,336,0,7

0000a20c <.LBB35223>:
    a20c:	1428100a          	sfpadd	L0,L10,L0,L4,2

0000a210 <.LBB35226>:
    a210:	c0c38549          	sfpload	L3,338,0,7

0000a214 <.LBB35232>:
    a214:	1428d0ca          	sfpadd	L3,L10,L3,L4,2

0000a218 <.LBB35235>:
    a218:	c1438611          	sfpload	L5,388,0,7

0000a21c <.LBB35241>:
    a21c:	1808a582          	sfpmul	L6,L2,L2,L9,0

0000a220 <.LBB35244>:
    a220:	1815a582          	sfpmul	L6,L5,L6,L9,0

0000a224 <.LBB35247>:
    a224:	18046502          	sfpmul	L4,L1,L1,L9,0

0000a228 <.LBB35250>:
    a228:	18152542          	sfpmul	L5,L5,L4,L9,0

0000a22c <.LBB35253>:
    a22c:	c1038619          	sfpload	L4,390,0,7

0000a230 <.LBB35259>:
    a230:	18082482          	sfpmul	L2,L2,L0,L9,0

0000a234 <.LBB35262>:
    a234:	10109882          	sfpmad	L2,L4,L2,L6,0

0000a238 <.LBB35265>:
    a238:	1804e442          	sfpmul	L1,L1,L3,L9,0

0000a23c <.LBB35268>:
    a23c:	10105502          	sfpmad	L4,L4,L1,L5,0

0000a240 <.LBB35271>:
    a240:	c0438621          	sfpload	L1,392,0,7

0000a244 <.LBB35277>:
    a244:	18002402          	sfpmul	L0,L0,L0,L9,0

0000a248 <.LBB35280>:
    a248:	10040802          	sfpmad	L0,L1,L0,L2,0

0000a24c <.LBB35283>:
    a24c:	180ce4c2          	sfpmul	L3,L3,L3,L9,0

0000a250 <.LBB35286>:
    a250:	1004d042          	sfpmad	L1,L1,L3,L4,0

0000a254 <.LBB35289>:
    a254:	48002406          	sfpswap	L0,L9,1
    a258:	3c000002          	sfpnop

0000a25c <.LBB35291>:
    a25c:	48002446          	sfpswap	L1,L9,1
    a260:	3c000002          	sfpnop

0000a264 <.LBB35293>:
    a264:	18032402          	sfpmul	L0,L0,L12,L9,0

0000a268 <.LBB35298>:
    a268:	d50bf801          	sfpaddi	L0,17150,0
    a26c:	3c000002          	sfpnop

0000a270 <.LBB35301>:
    a270:	48000246          	sfpswap	L9,L0,1
    a274:	3c000002          	sfpnop

0000a278 <.LBB35303>:
    a278:	dc000081          	sfpexexp	L2,L0,0

0000a27c <.LBB35307>:
    a27c:	e0000001          	sfpexman	L0,L0,0

0000a280 <.LBB35309>:
    a280:	e8000801          	sfpshft	L0,L2,0x000,0

0000a284 <.LBB35311>:
    a284:	dc000085          	sfpexexp	L2,L0,1

0000a288 <.LBB35313>:
    a288:	1000014c          	ttreplay	0,5,1,1
    a28c:	e0000005          	sfpexman	L0,L0,1

0000a290 <.LBB35315>:
    a290:	40000002          	sfpcast	L0,L0,0

0000a294 <.LBB35317>:
    a294:	100378c2          	sfpmad	L3,L0,L13,L14,0

0000a298 <.LBB35320>:
    a298:	c1038659          	sfpload	L4,406,0,7

0000a29c <.LBB35326>:
    a29c:	1000d002          	sfpmad	L0,L0,L3,L4,0

0000a2a0 <.LBB35329>:
    a2a0:	08000082          	sfpsetexp	L2,L0,0x000,0

0000a2a4 <.LBB35331>:
    a2a4:	18072442          	sfpmul	L1,L1,L12,L9,0

0000a2a8 <.LBB35336>:
    a2a8:	d50bf841          	sfpaddi	L1,17150,0
    a2ac:	3c000002          	sfpnop

0000a2b0 <.LBB35339>:
    a2b0:	48000646          	sfpswap	L9,L1,1
    a2b4:	3c000002          	sfpnop

0000a2b8 <.LBB35341>:
    a2b8:	dc0004c1          	sfpexexp	L3,L1,0

0000a2bc <.LBB35345>:
    a2bc:	e0000401          	sfpexman	L0,L1,0

0000a2c0 <.LBB35347>:
    a2c0:	e8000c01          	sfpshft	L0,L3,0x000,0

0000a2c4 <.LBB35349>:
    a2c4:	dc000045          	sfpexexp	L1,L0,1

0000a2c8 <.LBB35351>:
    a2c8:	10000140          	ttreplay	0,5,0,0

0000a2cc <.LBB35354>:
    a2cc:	08000042          	sfpsetexp	L1,L0,0x000,0

0000a2d0 <.LBB35356>:
    a2d0:	c0038629          	sfpload	L0,394,0,7

0000a2d4 <.LBB35362>:
    a2d4:	1800a482          	sfpmul	L2,L0,L2,L9,0

0000a2d8 <.LBB35365>:
    a2d8:	18006402          	sfpmul	L0,L0,L1,L9,0

0000a2dc <.LBB35368>:
    a2dc:	c0c38661          	sfpload	L3,408,0,7

0000a2e0 <.LBB35374>:
    a2e0:	c0438661          	sfpload	L1,408,0,7

0000a2e4 <.LBB35380>:
    a2e4:	48000c86          	sfpswap	L2,L3,1
    a2e8:	3c000002          	sfpnop

0000a2ec <.LBB35382>:
    a2ec:	48000406          	sfpswap	L0,L1,1
    a2f0:	3c000002          	sfpnop

0000a2f4 <.LBB35384>:
    a2f4:	c0438631          	sfpload	L1,396,0,7

0000a2f8 <.LBB35391>:
    a2f8:	1006c842          	sfpmad	L1,L1,L11,L2,0
    a2fc:	ec000401          	sfpsetcc	L1,0x000,0

0000a300 <.LBB35395>:
    a300:	f0002481          	sfpmov	L2,L9,0

0000a304 <.LBB35398>:
    a304:	2800c02a          	sfpencc	0x003,10

0000a308 <.LBB35401>:
    a308:	c0438631          	sfpload	L1,396,0,7

0000a30c <.LBB35408>:
    a30c:	1006c042          	sfpmad	L1,L1,L11,L0,0
    a310:	ec000401          	sfpsetcc	L1,0x000,0

0000a314 <.LBB35412>:
    a314:	f0002401          	sfpmov	L0,L9,0

0000a318 <.LBB35415>:
    a318:	2800c02a          	sfpencc	0x003,10

0000a31c <.LBB35418>:
    a31c:	c1438341          	sfpload	L5,208,0,7

0000a320 <.LBB35424>:
    a320:	c1038349          	sfpload	L4,210,0,7

0000a324 <.LBB35430>:
    a324:	180964c2          	sfpmul	L3,L2,L5,L9,0

0000a328 <.LBB35433>:
    a328:	18012442          	sfpmul	L1,L0,L4,L9,0

0000a32c <.LBB35436>:
    a32c:	c1838639          	sfpload	L6,398,0,7

0000a330 <.LBB35442>:
    a330:	c1c38041          	sfpload	L7,16,0,7

0000a334 <.LBB35448>:
    a334:	100d9dc2          	sfpmad	L7,L3,L6,L7,0

0000a338 <.LBB35451>:
    a338:	c9c38041          	sfpstore	L7,16,0,7

0000a33c <.LBB35457>:
    a33c:	c1c38049          	sfpload	L7,18,0,7

0000a340 <.LBB35463>:
    a340:	10059d82          	sfpmad	L6,L1,L6,L7,0

0000a344 <.LBB35466>:
    a344:	c9838049          	sfpstore	L6,18,0,7

0000a348 <.LBB35472>:
    a348:	c1838641          	sfpload	L6,400,0,7

0000a34c <.LBB35478>:
    a34c:	c1c38141          	sfpload	L7,80,0,7

0000a350 <.LBB35484>:
    a350:	100d9dc2          	sfpmad	L7,L3,L6,L7,0

0000a354 <.LBB35487>:
    a354:	c9c38141          	sfpstore	L7,80,0,7

0000a358 <.LBB35493>:
    a358:	c1c38149          	sfpload	L7,82,0,7

0000a35c <.LBB35499>:
    a35c:	10059d82          	sfpmad	L6,L1,L6,L7,0

0000a360 <.LBB35502>:
    a360:	c9838149          	sfpstore	L6,82,0,7

0000a364 <.LBB35508>:
    a364:	c1838649          	sfpload	L6,402,0,7

0000a368 <.LBB35514>:
    a368:	c1c38241          	sfpload	L7,144,0,7

0000a36c <.LBB35520>:
    a36c:	100d9cc2          	sfpmad	L3,L3,L6,L7,0

0000a370 <.LBB35523>:
    a370:	c8c38241          	sfpstore	L3,144,0,7

0000a374 <.LBB35529>:
    a374:	c0c38249          	sfpload	L3,146,0,7

0000a378 <.LBB35535>:
    a378:	10058c42          	sfpmad	L1,L1,L6,L3,0

0000a37c <.LBB35538>:
    a37c:	c8438249          	sfpstore	L1,146,0,7

0000a380 <.LBB35544>:
    a380:	142a888a          	sfpadd	L2,L10,L10,L2,2

0000a384 <.LBB35547>:
    a384:	1814a542          	sfpmul	L5,L5,L2,L9,0

0000a388 <.LBB35550>:
    a388:	c9438341          	sfpstore	L5,208,0,7

0000a38c <.LBB35556>:
    a38c:	142a800a          	sfpadd	L0,L10,L10,L0,2

0000a390 <.LBB35559>:
    a390:	18102402          	sfpmul	L0,L4,L0,L9,0

0000a394 <.LBB35562>:
    a394:	c8038349          	sfpstore	L0,210,0,7

0000a398 <.LBE35184>:
    a398:	00078067          	jr	a5

0000a39c <.L77>:
    a39c:	c0038601          	sfpload	L0,384,0,7

0000a3a0 <.LBB35577>:
    a3a0:	c1038609          	sfpload	L4,386,0,7

0000a3a4 <.LBB35583>:
    a3a4:	c0838441          	sfpload	L2,272,0,7

0000a3a8 <.LBB35589>:
    a3a8:	1428808a          	sfpadd	L2,L10,L2,L0,2

0000a3ac <.LBB35592>:
    a3ac:	c0438449          	sfpload	L1,274,0,7

0000a3b0 <.LBB35598>:
    a3b0:	1428404a          	sfpadd	L1,L10,L1,L0,2

0000a3b4 <.LBB35601>:
    a3b4:	c0038541          	sfpload	L0,336,0,7

0000a3b8 <.LBB35607>:
    a3b8:	1428100a          	sfpadd	L0,L10,L0,L4,2

0000a3bc <.LBB35610>:
    a3bc:	c0c38549          	sfpload	L3,338,0,7

0000a3c0 <.LBB35616>:
    a3c0:	1428d0ca          	sfpadd	L3,L10,L3,L4,2

0000a3c4 <.LBB35619>:
    a3c4:	c1438611          	sfpload	L5,388,0,7

0000a3c8 <.LBB35625>:
    a3c8:	1808a582          	sfpmul	L6,L2,L2,L9,0

0000a3cc <.LBB35628>:
    a3cc:	1815a582          	sfpmul	L6,L5,L6,L9,0

0000a3d0 <.LBB35631>:
    a3d0:	18046502          	sfpmul	L4,L1,L1,L9,0

0000a3d4 <.LBB35634>:
    a3d4:	18152542          	sfpmul	L5,L5,L4,L9,0

0000a3d8 <.LBB35637>:
    a3d8:	c1038619          	sfpload	L4,390,0,7

0000a3dc <.LBB35643>:
    a3dc:	18082482          	sfpmul	L2,L2,L0,L9,0

0000a3e0 <.LBB35646>:
    a3e0:	10109882          	sfpmad	L2,L4,L2,L6,0

0000a3e4 <.LBB35649>:
    a3e4:	1804e442          	sfpmul	L1,L1,L3,L9,0

0000a3e8 <.LBB35652>:
    a3e8:	10105502          	sfpmad	L4,L4,L1,L5,0

0000a3ec <.LBB35655>:
    a3ec:	c0438621          	sfpload	L1,392,0,7

0000a3f0 <.LBB35661>:
    a3f0:	18002402          	sfpmul	L0,L0,L0,L9,0

0000a3f4 <.LBB35664>:
    a3f4:	10040802          	sfpmad	L0,L1,L0,L2,0

0000a3f8 <.LBB35667>:
    a3f8:	180ce4c2          	sfpmul	L3,L3,L3,L9,0

0000a3fc <.LBB35670>:
    a3fc:	1004d042          	sfpmad	L1,L1,L3,L4,0

0000a400 <.LBB35673>:
    a400:	48002406          	sfpswap	L0,L9,1
    a404:	3c000002          	sfpnop

0000a408 <.LBB35675>:
    a408:	48002446          	sfpswap	L1,L9,1
    a40c:	3c000002          	sfpnop

0000a410 <.LBB35677>:
    a410:	18032402          	sfpmul	L0,L0,L12,L9,0

0000a414 <.LBB35682>:
    a414:	d50bf801          	sfpaddi	L0,17150,0
    a418:	3c000002          	sfpnop

0000a41c <.LBB35685>:
    a41c:	48000246          	sfpswap	L9,L0,1
    a420:	3c000002          	sfpnop

0000a424 <.LBB35687>:
    a424:	dc000081          	sfpexexp	L2,L0,0

0000a428 <.LBB35691>:
    a428:	e0000001          	sfpexman	L0,L0,0

0000a42c <.LBB35693>:
    a42c:	e8000801          	sfpshft	L0,L2,0x000,0

0000a430 <.LBB35695>:
    a430:	dc000085          	sfpexexp	L2,L0,1

0000a434 <.LBB35697>:
    a434:	1000014c          	ttreplay	0,5,1,1
    a438:	e0000005          	sfpexman	L0,L0,1

0000a43c <.LBB35699>:
    a43c:	40000002          	sfpcast	L0,L0,0

0000a440 <.LBB35701>:
    a440:	100378c2          	sfpmad	L3,L0,L13,L14,0

0000a444 <.LBB35704>:
    a444:	c1038659          	sfpload	L4,406,0,7

0000a448 <.LBB35710>:
    a448:	1000d002          	sfpmad	L0,L0,L3,L4,0

0000a44c <.LBB35713>:
    a44c:	08000082          	sfpsetexp	L2,L0,0x000,0

0000a450 <.LBB35715>:
    a450:	18072442          	sfpmul	L1,L1,L12,L9,0

0000a454 <.LBB35720>:
    a454:	d50bf841          	sfpaddi	L1,17150,0
    a458:	3c000002          	sfpnop

0000a45c <.LBB35723>:
    a45c:	48000646          	sfpswap	L9,L1,1
    a460:	3c000002          	sfpnop

0000a464 <.LBB35725>:
    a464:	dc0004c1          	sfpexexp	L3,L1,0

0000a468 <.LBB35729>:
    a468:	e0000401          	sfpexman	L0,L1,0

0000a46c <.LBB35731>:
    a46c:	e8000c01          	sfpshft	L0,L3,0x000,0

0000a470 <.LBB35733>:
    a470:	dc000045          	sfpexexp	L1,L0,1

0000a474 <.LBB35735>:
    a474:	10000140          	ttreplay	0,5,0,0

0000a478 <.LBB35738>:
    a478:	08000042          	sfpsetexp	L1,L0,0x000,0

0000a47c <.LBB35740>:
    a47c:	c0038629          	sfpload	L0,394,0,7

0000a480 <.LBB35746>:
    a480:	1800a482          	sfpmul	L2,L0,L2,L9,0

0000a484 <.LBB35749>:
    a484:	18006402          	sfpmul	L0,L0,L1,L9,0

0000a488 <.LBB35752>:
    a488:	c0c38661          	sfpload	L3,408,0,7

0000a48c <.LBB35758>:
    a48c:	c0438661          	sfpload	L1,408,0,7

0000a490 <.LBB35764>:
    a490:	48000c86          	sfpswap	L2,L3,1
    a494:	3c000002          	sfpnop

0000a498 <.LBB35766>:
    a498:	48000406          	sfpswap	L0,L1,1
    a49c:	3c000002          	sfpnop

0000a4a0 <.LBB35768>:
    a4a0:	c0438631          	sfpload	L1,396,0,7

0000a4a4 <.LBB35775>:
    a4a4:	1006c842          	sfpmad	L1,L1,L11,L2,0
    a4a8:	ec000401          	sfpsetcc	L1,0x000,0

0000a4ac <.LBB35779>:
    a4ac:	f0002481          	sfpmov	L2,L9,0

0000a4b0 <.LBB35782>:
    a4b0:	2800c02a          	sfpencc	0x003,10

0000a4b4 <.LBB35785>:
    a4b4:	c0438631          	sfpload	L1,396,0,7

0000a4b8 <.LBB35792>:
    a4b8:	1006c042          	sfpmad	L1,L1,L11,L0,0
    a4bc:	ec000401          	sfpsetcc	L1,0x000,0

0000a4c0 <.LBB35796>:
    a4c0:	f0002401          	sfpmov	L0,L9,0

0000a4c4 <.LBB35799>:
    a4c4:	2800c02a          	sfpencc	0x003,10

0000a4c8 <.LBB35802>:
    a4c8:	c1438341          	sfpload	L5,208,0,7

0000a4cc <.LBB35808>:
    a4cc:	c1038349          	sfpload	L4,210,0,7

0000a4d0 <.LBB35814>:
    a4d0:	180964c2          	sfpmul	L3,L2,L5,L9,0

0000a4d4 <.LBB35817>:
    a4d4:	18012442          	sfpmul	L1,L0,L4,L9,0

0000a4d8 <.LBB35820>:
    a4d8:	c1838639          	sfpload	L6,398,0,7

0000a4dc <.LBB35826>:
    a4dc:	c1c38041          	sfpload	L7,16,0,7

0000a4e0 <.LBB35832>:
    a4e0:	100d9dc2          	sfpmad	L7,L3,L6,L7,0

0000a4e4 <.LBB35835>:
    a4e4:	c9c38041          	sfpstore	L7,16,0,7

0000a4e8 <.LBB35841>:
    a4e8:	c1c38049          	sfpload	L7,18,0,7

0000a4ec <.LBB35847>:
    a4ec:	10059d82          	sfpmad	L6,L1,L6,L7,0

0000a4f0 <.LBB35850>:
    a4f0:	c9838049          	sfpstore	L6,18,0,7

0000a4f4 <.LBB35856>:
    a4f4:	c1838641          	sfpload	L6,400,0,7

0000a4f8 <.LBB35862>:
    a4f8:	c1c38141          	sfpload	L7,80,0,7

0000a4fc <.LBB35868>:
    a4fc:	100d9dc2          	sfpmad	L7,L3,L6,L7,0

0000a500 <.LBB35871>:
    a500:	c9c38141          	sfpstore	L7,80,0,7

0000a504 <.LBB35877>:
    a504:	c1c38149          	sfpload	L7,82,0,7

0000a508 <.LBB35883>:
    a508:	10059d82          	sfpmad	L6,L1,L6,L7,0

0000a50c <.LBB35886>:
    a50c:	c9838149          	sfpstore	L6,82,0,7

0000a510 <.LBB35892>:
    a510:	c1838649          	sfpload	L6,402,0,7

0000a514 <.LBB35898>:
    a514:	c1c38241          	sfpload	L7,144,0,7

0000a518 <.LBB35904>:
    a518:	100d9cc2          	sfpmad	L3,L3,L6,L7,0

0000a51c <.LBB35907>:
    a51c:	c8c38241          	sfpstore	L3,144,0,7

0000a520 <.LBB35913>:
    a520:	c0c38249          	sfpload	L3,146,0,7

0000a524 <.LBB35919>:
    a524:	10058c42          	sfpmad	L1,L1,L6,L3,0

0000a528 <.LBB35922>:
    a528:	c8438249          	sfpstore	L1,146,0,7

0000a52c <.LBB35928>:
    a52c:	142a888a          	sfpadd	L2,L10,L10,L2,2

0000a530 <.LBB35931>:
    a530:	1814a542          	sfpmul	L5,L5,L2,L9,0

0000a534 <.LBB35934>:
    a534:	c9438341          	sfpstore	L5,208,0,7

0000a538 <.LBB35940>:
    a538:	142a800a          	sfpadd	L0,L10,L10,L0,2

0000a53c <.LBB35943>:
    a53c:	18102402          	sfpmul	L0,L4,L0,L9,0

0000a540 <.LBB35946>:
    a540:	c8038349          	sfpstore	L0,210,0,7

0000a544 <.LBE35181>:
    a544:	00008067          	ret

0000a548 <_ZN12_GLOBAL__N_1L16blend_chain_bodyILm5ELm1EEEvmPKNS_15BlendChainEntryE>:
    a548:	00c55713          	srli	a4,a0,0xc

0000a54c <.LM3955>:
    a54c:	10070a63          	beqz	a4,a660 <.L82>

0000a550 <.LBB37386>:
    a550:	60171793          	ctz	a5,a4
    a554:	01e7f793          	andi	a5,a5,30

0000a558 <.LM3960>:
    a558:	00f75733          	srl	a4,a4,a5

0000a55c <.LM3962>:
    a55c:	00377713          	andi	a4,a4,3

0000a560 <.LBE37386>:
    a560:	20e7a7b3          	sh1add	a5,a5,a4

0000a564 <.LM3964>:
    a564:	20b7c7b3          	sh2add	a5,a5,a1
    a568:	0607a783          	lw	a5,96(a5)

0000a56c <.LBB37388>:
    a56c:	c0838451          	sfpload	L2,276,0,7

0000a570 <.LBB37397>:
    a570:	c0438551          	sfpload	L1,340,0,7

0000a574 <.LBB37403>:
    a574:	c1038611          	sfpload	L4,388,0,7

0000a578 <.LBB37409>:
    a578:	c0c38619          	sfpload	L3,390,0,7

0000a57c <.LBB37415>:
    a57c:	c0038621          	sfpload	L0,392,0,7

0000a580 <.LBB37421>:
    a580:	c1838601          	sfpload	L6,384,0,7

0000a584 <.LBB37427>:
    a584:	c1438609          	sfpload	L5,386,0,7

0000a588 <.LBB37433>:
    a588:	1428988a          	sfpadd	L2,L10,L2,L6,2

0000a58c <.LBB37436>:
    a58c:	1428544a          	sfpadd	L1,L10,L1,L5,2

0000a590 <.LBB37439>:
    a590:	1808a542          	sfpmul	L5,L2,L2,L9,0

0000a594 <.LBB37442>:
    a594:	18116502          	sfpmul	L4,L4,L5,L9,0

0000a598 <.LBB37445>:
    a598:	18086482          	sfpmul	L2,L2,L1,L9,0

0000a59c <.LBB37448>:
    a59c:	100c9082          	sfpmad	L2,L3,L2,L4,0

0000a5a0 <.LBB37451>:
    a5a0:	18046442          	sfpmul	L1,L1,L1,L9,0

0000a5a4 <.LBB37454>:
    a5a4:	10004802          	sfpmad	L0,L0,L1,L2,0
    a5a8:	3c000002          	sfpnop

0000a5ac <.LBB37457>:
    a5ac:	48002406          	sfpswap	L0,L9,1
    a5b0:	3c000002          	sfpnop

0000a5b4 <.LBB37459>:
    a5b4:	18032402          	sfpmul	L0,L0,L12,L9,0

0000a5b8 <.LBB37464>:
    a5b8:	d50bf801          	sfpaddi	L0,17150,0
    a5bc:	3c000002          	sfpnop

0000a5c0 <.LBB37467>:
    a5c0:	48000246          	sfpswap	L9,L0,1
    a5c4:	3c000002          	sfpnop

0000a5c8 <.LBB37469>:
    a5c8:	dc000041          	sfpexexp	L1,L0,0

0000a5cc <.LBB37473>:
    a5cc:	e0000001          	sfpexman	L0,L0,0

0000a5d0 <.LBB37475>:
    a5d0:	e8000401          	sfpshft	L0,L1,0x000,0

0000a5d4 <.LBB37477>:
    a5d4:	dc000045          	sfpexexp	L1,L0,1

0000a5d8 <.LBB37479>:
    a5d8:	e0000005          	sfpexman	L0,L0,1

0000a5dc <.LBB37481>:
    a5dc:	40000002          	sfpcast	L0,L0,0

0000a5e0 <.LBB37483>:
    a5e0:	10037882          	sfpmad	L2,L0,L13,L14,0

0000a5e4 <.LBB37486>:
    a5e4:	c0c38659          	sfpload	L3,406,0,7

0000a5e8 <.LBB37492>:
    a5e8:	10008c02          	sfpmad	L0,L0,L2,L3,0

0000a5ec <.LBB37495>:
    a5ec:	08000042          	sfpsetexp	L1,L0,0x000,0

0000a5f0 <.LBB37497>:
    a5f0:	c0038629          	sfpload	L0,394,0,7

0000a5f4 <.LBB37503>:
    a5f4:	18006402          	sfpmul	L0,L0,L1,L9,0

0000a5f8 <.LBB37506>:
    a5f8:	c0438661          	sfpload	L1,408,0,7

0000a5fc <.LBB37512>:
    a5fc:	48000406          	sfpswap	L0,L1,1
    a600:	3c000002          	sfpnop

0000a604 <.LBB37514>:
    a604:	c0438631          	sfpload	L1,396,0,7

0000a608 <.LBB37521>:
    a608:	1006c042          	sfpmad	L1,L1,L11,L0,0
    a60c:	ec000401          	sfpsetcc	L1,0x000,0

0000a610 <.LBB37525>:
    a610:	f0002401          	sfpmov	L0,L9,0

0000a614 <.LBB37528>:
    a614:	2800c02a          	sfpencc	0x003,10

0000a618 <.LBB37531>:
    a618:	c0838351          	sfpload	L2,212,0,7

0000a61c <.LBB37537>:
    a61c:	1800a442          	sfpmul	L1,L0,L2,L9,0

0000a620 <.LBB37540>:
    a620:	c1038051          	sfpload	L4,20,0,7

0000a624 <.LBB37546>:
    a624:	c0c38639          	sfpload	L3,398,0,7

0000a628 <.LBB37552>:
    a628:	1004d0c2          	sfpmad	L3,L1,L3,L4,0

0000a62c <.LBB37555>:
    a62c:	c8c38051          	sfpstore	L3,20,0,7

0000a630 <.LBB37561>:
    a630:	c1038151          	sfpload	L4,84,0,7

0000a634 <.LBB37567>:
    a634:	c0c38641          	sfpload	L3,400,0,7

0000a638 <.LBB37573>:
    a638:	1004d0c2          	sfpmad	L3,L1,L3,L4,0

0000a63c <.LBB37576>:
    a63c:	c8c38151          	sfpstore	L3,84,0,7

0000a640 <.LBB37582>:
    a640:	c1038251          	sfpload	L4,148,0,7

0000a644 <.LBB37588>:
    a644:	c0c38649          	sfpload	L3,402,0,7

0000a648 <.LBB37594>:
    a648:	1004d042          	sfpmad	L1,L1,L3,L4,0

0000a64c <.LBB37597>:
    a64c:	c8438251          	sfpstore	L1,148,0,7

0000a650 <.LBB37603>:
    a650:	142a800a          	sfpadd	L0,L10,L10,L0,2

0000a654 <.LBB37606>:
    a654:	18082402          	sfpmul	L0,L2,L0,L9,0

0000a658 <.LBB37609>:
    a658:	c8038351          	sfpstore	L0,212,0,7

0000a65c <.LBE37388>:
    a65c:	00078067          	jr	a5

0000a660 <.L82>:
    a660:	c0838451          	sfpload	L2,276,0,7

0000a664 <.LBB37624>:
    a664:	c0438551          	sfpload	L1,340,0,7

0000a668 <.LBB37630>:
    a668:	c1038611          	sfpload	L4,388,0,7

0000a66c <.LBB37636>:
    a66c:	c0c38619          	sfpload	L3,390,0,7

0000a670 <.LBB37642>:
    a670:	c0038621          	sfpload	L0,392,0,7

0000a674 <.LBB37648>:
    a674:	c1838601          	sfpload	L6,384,0,7

0000a678 <.LBB37654>:
    a678:	c1438609          	sfpload	L5,386,0,7

0000a67c <.LBB37660>:
    a67c:	1428988a          	sfpadd	L2,L10,L2,L6,2

0000a680 <.LBB37663>:
    a680:	1428544a          	sfpadd	L1,L10,L1,L5,2

0000a684 <.LBB37666>:
    a684:	1808a542          	sfpmul	L5,L2,L2,L9,0

0000a688 <.LBB37669>:
    a688:	18116502          	sfpmul	L4,L4,L5,L9,0

0000a68c <.LBB37672>:
    a68c:	18086482          	sfpmul	L2,L2,L1,L9,0

0000a690 <.LBB37675>:
    a690:	100c9082          	sfpmad	L2,L3,L2,L4,0

0000a694 <.LBB37678>:
    a694:	18046442          	sfpmul	L1,L1,L1,L9,0

0000a698 <.LBB37681>:
    a698:	10004802          	sfpmad	L0,L0,L1,L2,0
    a69c:	3c000002          	sfpnop

0000a6a0 <.LBB37684>:
    a6a0:	48002406          	sfpswap	L0,L9,1
    a6a4:	3c000002          	sfpnop

0000a6a8 <.LBB37686>:
    a6a8:	18032402          	sfpmul	L0,L0,L12,L9,0

0000a6ac <.LBB37691>:
    a6ac:	d50bf801          	sfpaddi	L0,17150,0
    a6b0:	3c000002          	sfpnop

0000a6b4 <.LBB37694>:
    a6b4:	48000246          	sfpswap	L9,L0,1
    a6b8:	3c000002          	sfpnop

0000a6bc <.LBB37696>:
    a6bc:	dc000041          	sfpexexp	L1,L0,0

0000a6c0 <.LBB37700>:
    a6c0:	e0000001          	sfpexman	L0,L0,0

0000a6c4 <.LBB37702>:
    a6c4:	e8000401          	sfpshft	L0,L1,0x000,0

0000a6c8 <.LBB37704>:
    a6c8:	dc000045          	sfpexexp	L1,L0,1

0000a6cc <.LBB37706>:
    a6cc:	e0000005          	sfpexman	L0,L0,1

0000a6d0 <.LBB37708>:
    a6d0:	40000002          	sfpcast	L0,L0,0

0000a6d4 <.LBB37710>:
    a6d4:	10037882          	sfpmad	L2,L0,L13,L14,0

0000a6d8 <.LBB37713>:
    a6d8:	c0c38659          	sfpload	L3,406,0,7

0000a6dc <.LBB37719>:
    a6dc:	10008c02          	sfpmad	L0,L0,L2,L3,0

0000a6e0 <.LBB37722>:
    a6e0:	08000042          	sfpsetexp	L1,L0,0x000,0

0000a6e4 <.LBB37724>:
    a6e4:	c0038629          	sfpload	L0,394,0,7

0000a6e8 <.LBB37730>:
    a6e8:	18006402          	sfpmul	L0,L0,L1,L9,0

0000a6ec <.LBB37733>:
    a6ec:	c0438661          	sfpload	L1,408,0,7

0000a6f0 <.LBB37739>:
    a6f0:	48000406          	sfpswap	L0,L1,1
    a6f4:	3c000002          	sfpnop

0000a6f8 <.LBB37741>:
    a6f8:	c0438631          	sfpload	L1,396,0,7

0000a6fc <.LBB37748>:
    a6fc:	1006c042          	sfpmad	L1,L1,L11,L0,0
    a700:	ec000401          	sfpsetcc	L1,0x000,0

0000a704 <.LBB37752>:
    a704:	f0002401          	sfpmov	L0,L9,0

0000a708 <.LBB37755>:
    a708:	2800c02a          	sfpencc	0x003,10

0000a70c <.LBB37758>:
    a70c:	c0838351          	sfpload	L2,212,0,7

0000a710 <.LBB37764>:
    a710:	1800a442          	sfpmul	L1,L0,L2,L9,0

0000a714 <.LBB37767>:
    a714:	c1038051          	sfpload	L4,20,0,7

0000a718 <.LBB37773>:
    a718:	c0c38639          	sfpload	L3,398,0,7

0000a71c <.LBB37779>:
    a71c:	1004d0c2          	sfpmad	L3,L1,L3,L4,0

0000a720 <.LBB37782>:
    a720:	c8c38051          	sfpstore	L3,20,0,7

0000a724 <.LBB37788>:
    a724:	c1038151          	sfpload	L4,84,0,7

0000a728 <.LBB37794>:
    a728:	c0c38641          	sfpload	L3,400,0,7

0000a72c <.LBB37800>:
    a72c:	1004d0c2          	sfpmad	L3,L1,L3,L4,0

0000a730 <.LBB37803>:
    a730:	c8c38151          	sfpstore	L3,84,0,7

0000a734 <.LBB37809>:
    a734:	c1038251          	sfpload	L4,148,0,7

0000a738 <.LBB37815>:
    a738:	c0c38649          	sfpload	L3,402,0,7

0000a73c <.LBB37821>:
    a73c:	1004d042          	sfpmad	L1,L1,L3,L4,0

0000a740 <.LBB37824>:
    a740:	c8438251          	sfpstore	L1,148,0,7

0000a744 <.LBB37830>:
    a744:	142a800a          	sfpadd	L0,L10,L10,L0,2

0000a748 <.LBB37833>:
    a748:	18082402          	sfpmul	L0,L2,L0,L9,0

0000a74c <.LBB37836>:
    a74c:	c8038351          	sfpstore	L0,212,0,7

0000a750 <.LBE37385>:
    a750:	00008067          	ret

0000a754 <_ZN12_GLOBAL__N_1L16blend_chain_bodyILm5ELm2EEEvmPKNS_15BlendChainEntryE>:
    a754:	00c55713          	srli	a4,a0,0xc

0000a758 <.LM4165>:
    a758:	10070a63          	beqz	a4,a86c <.L87>

0000a75c <.LBB39276>:
    a75c:	60171793          	ctz	a5,a4
    a760:	01e7f793          	andi	a5,a5,30

0000a764 <.LM4170>:
    a764:	00f75733          	srl	a4,a4,a5

0000a768 <.LM4172>:
    a768:	00377713          	andi	a4,a4,3

0000a76c <.LBE39276>:
    a76c:	20e7a7b3          	sh1add	a5,a5,a4

0000a770 <.LM4174>:
    a770:	20b7c7b3          	sh2add	a5,a5,a1
    a774:	0607a783          	lw	a5,96(a5)

0000a778 <.LBB39278>:
    a778:	c0838459          	sfpload	L2,278,0,7

0000a77c <.LBB39287>:
    a77c:	c0438559          	sfpload	L1,342,0,7

0000a780 <.LBB39293>:
    a780:	c1038611          	sfpload	L4,388,0,7

0000a784 <.LBB39299>:
    a784:	c0c38619          	sfpload	L3,390,0,7

0000a788 <.LBB39305>:
    a788:	c0038621          	sfpload	L0,392,0,7

0000a78c <.LBB39311>:
    a78c:	c1838601          	sfpload	L6,384,0,7

0000a790 <.LBB39317>:
    a790:	c1438609          	sfpload	L5,386,0,7

0000a794 <.LBB39323>:
    a794:	1428988a          	sfpadd	L2,L10,L2,L6,2

0000a798 <.LBB39326>:
    a798:	1428544a          	sfpadd	L1,L10,L1,L5,2

0000a79c <.LBB39329>:
    a79c:	1808a542          	sfpmul	L5,L2,L2,L9,0

0000a7a0 <.LBB39332>:
    a7a0:	18116502          	sfpmul	L4,L4,L5,L9,0

0000a7a4 <.LBB39335>:
    a7a4:	18086482          	sfpmul	L2,L2,L1,L9,0

0000a7a8 <.LBB39338>:
    a7a8:	100c9082          	sfpmad	L2,L3,L2,L4,0

0000a7ac <.LBB39341>:
    a7ac:	18046442          	sfpmul	L1,L1,L1,L9,0

0000a7b0 <.LBB39344>:
    a7b0:	10004802          	sfpmad	L0,L0,L1,L2,0
    a7b4:	3c000002          	sfpnop

0000a7b8 <.LBB39347>:
    a7b8:	48002406          	sfpswap	L0,L9,1
    a7bc:	3c000002          	sfpnop

0000a7c0 <.LBB39349>:
    a7c0:	18032402          	sfpmul	L0,L0,L12,L9,0

0000a7c4 <.LBB39354>:
    a7c4:	d50bf801          	sfpaddi	L0,17150,0
    a7c8:	3c000002          	sfpnop

0000a7cc <.LBB39357>:
    a7cc:	48000246          	sfpswap	L9,L0,1
    a7d0:	3c000002          	sfpnop

0000a7d4 <.LBB39359>:
    a7d4:	dc000041          	sfpexexp	L1,L0,0

0000a7d8 <.LBB39363>:
    a7d8:	e0000001          	sfpexman	L0,L0,0

0000a7dc <.LBB39365>:
    a7dc:	e8000401          	sfpshft	L0,L1,0x000,0

0000a7e0 <.LBB39367>:
    a7e0:	dc000045          	sfpexexp	L1,L0,1

0000a7e4 <.LBB39369>:
    a7e4:	e0000005          	sfpexman	L0,L0,1

0000a7e8 <.LBB39371>:
    a7e8:	40000002          	sfpcast	L0,L0,0

0000a7ec <.LBB39373>:
    a7ec:	10037882          	sfpmad	L2,L0,L13,L14,0

0000a7f0 <.LBB39376>:
    a7f0:	c0c38659          	sfpload	L3,406,0,7

0000a7f4 <.LBB39382>:
    a7f4:	10008c02          	sfpmad	L0,L0,L2,L3,0

0000a7f8 <.LBB39385>:
    a7f8:	08000042          	sfpsetexp	L1,L0,0x000,0

0000a7fc <.LBB39387>:
    a7fc:	c0038629          	sfpload	L0,394,0,7

0000a800 <.LBB39393>:
    a800:	18006402          	sfpmul	L0,L0,L1,L9,0

0000a804 <.LBB39396>:
    a804:	c0438661          	sfpload	L1,408,0,7

0000a808 <.LBB39402>:
    a808:	48000406          	sfpswap	L0,L1,1
    a80c:	3c000002          	sfpnop

0000a810 <.LBB39404>:
    a810:	c0438631          	sfpload	L1,396,0,7

0000a814 <.LBB39411>:
    a814:	1006c042          	sfpmad	L1,L1,L11,L0,0
    a818:	ec000401          	sfpsetcc	L1,0x000,0

0000a81c <.LBB39415>:
    a81c:	f0002401          	sfpmov	L0,L9,0

0000a820 <.LBB39418>:
    a820:	2800c02a          	sfpencc	0x003,10

0000a824 <.LBB39421>:
    a824:	c0838359          	sfpload	L2,214,0,7

0000a828 <.LBB39427>:
    a828:	1800a442          	sfpmul	L1,L0,L2,L9,0

0000a82c <.LBB39430>:
    a82c:	c1038059          	sfpload	L4,22,0,7

0000a830 <.LBB39436>:
    a830:	c0c38639          	sfpload	L3,398,0,7

0000a834 <.LBB39442>:
    a834:	1004d0c2          	sfpmad	L3,L1,L3,L4,0

0000a838 <.LBB39445>:
    a838:	c8c38059          	sfpstore	L3,22,0,7

0000a83c <.LBB39451>:
    a83c:	c1038159          	sfpload	L4,86,0,7

0000a840 <.LBB39457>:
    a840:	c0c38641          	sfpload	L3,400,0,7

0000a844 <.LBB39463>:
    a844:	1004d0c2          	sfpmad	L3,L1,L3,L4,0

0000a848 <.LBB39466>:
    a848:	c8c38159          	sfpstore	L3,86,0,7

0000a84c <.LBB39472>:
    a84c:	c1038259          	sfpload	L4,150,0,7

0000a850 <.LBB39478>:
    a850:	c0c38649          	sfpload	L3,402,0,7

0000a854 <.LBB39484>:
    a854:	1004d042          	sfpmad	L1,L1,L3,L4,0

0000a858 <.LBB39487>:
    a858:	c8438259          	sfpstore	L1,150,0,7

0000a85c <.LBB39493>:
    a85c:	142a800a          	sfpadd	L0,L10,L10,L0,2

0000a860 <.LBB39496>:
    a860:	18082402          	sfpmul	L0,L2,L0,L9,0

0000a864 <.LBB39499>:
    a864:	c8038359          	sfpstore	L0,214,0,7

0000a868 <.LBE39278>:
    a868:	00078067          	jr	a5

0000a86c <.L87>:
    a86c:	c0838459          	sfpload	L2,278,0,7

0000a870 <.LBB39514>:
    a870:	c0438559          	sfpload	L1,342,0,7

0000a874 <.LBB39520>:
    a874:	c1038611          	sfpload	L4,388,0,7

0000a878 <.LBB39526>:
    a878:	c0c38619          	sfpload	L3,390,0,7

0000a87c <.LBB39532>:
    a87c:	c0038621          	sfpload	L0,392,0,7

0000a880 <.LBB39538>:
    a880:	c1838601          	sfpload	L6,384,0,7

0000a884 <.LBB39544>:
    a884:	c1438609          	sfpload	L5,386,0,7

0000a888 <.LBB39550>:
    a888:	1428988a          	sfpadd	L2,L10,L2,L6,2

0000a88c <.LBB39553>:
    a88c:	1428544a          	sfpadd	L1,L10,L1,L5,2

0000a890 <.LBB39556>:
    a890:	1808a542          	sfpmul	L5,L2,L2,L9,0

0000a894 <.LBB39559>:
    a894:	18116502          	sfpmul	L4,L4,L5,L9,0

0000a898 <.LBB39562>:
    a898:	18086482          	sfpmul	L2,L2,L1,L9,0

0000a89c <.LBB39565>:
    a89c:	100c9082          	sfpmad	L2,L3,L2,L4,0

0000a8a0 <.LBB39568>:
    a8a0:	18046442          	sfpmul	L1,L1,L1,L9,0

0000a8a4 <.LBB39571>:
    a8a4:	10004802          	sfpmad	L0,L0,L1,L2,0
    a8a8:	3c000002          	sfpnop

0000a8ac <.LBB39574>:
    a8ac:	48002406          	sfpswap	L0,L9,1
    a8b0:	3c000002          	sfpnop

0000a8b4 <.LBB39576>:
    a8b4:	18032402          	sfpmul	L0,L0,L12,L9,0

0000a8b8 <.LBB39581>:
    a8b8:	d50bf801          	sfpaddi	L0,17150,0
    a8bc:	3c000002          	sfpnop

0000a8c0 <.LBB39584>:
    a8c0:	48000246          	sfpswap	L9,L0,1
    a8c4:	3c000002          	sfpnop

0000a8c8 <.LBB39586>:
    a8c8:	dc000041          	sfpexexp	L1,L0,0

0000a8cc <.LBB39590>:
    a8cc:	e0000001          	sfpexman	L0,L0,0

0000a8d0 <.LBB39592>:
    a8d0:	e8000401          	sfpshft	L0,L1,0x000,0

0000a8d4 <.LBB39594>:
    a8d4:	dc000045          	sfpexexp	L1,L0,1

0000a8d8 <.LBB39596>:
    a8d8:	e0000005          	sfpexman	L0,L0,1

0000a8dc <.LBB39598>:
    a8dc:	40000002          	sfpcast	L0,L0,0

0000a8e0 <.LBB39600>:
    a8e0:	10037882          	sfpmad	L2,L0,L13,L14,0

0000a8e4 <.LBB39603>:
    a8e4:	c0c38659          	sfpload	L3,406,0,7

0000a8e8 <.LBB39609>:
    a8e8:	10008c02          	sfpmad	L0,L0,L2,L3,0

0000a8ec <.LBB39612>:
    a8ec:	08000042          	sfpsetexp	L1,L0,0x000,0

0000a8f0 <.LBB39614>:
    a8f0:	c0038629          	sfpload	L0,394,0,7

0000a8f4 <.LBB39620>:
    a8f4:	18006402          	sfpmul	L0,L0,L1,L9,0

0000a8f8 <.LBB39623>:
    a8f8:	c0438661          	sfpload	L1,408,0,7

0000a8fc <.LBB39629>:
    a8fc:	48000406          	sfpswap	L0,L1,1
    a900:	3c000002          	sfpnop

0000a904 <.LBB39631>:
    a904:	c0438631          	sfpload	L1,396,0,7

0000a908 <.LBB39638>:
    a908:	1006c042          	sfpmad	L1,L1,L11,L0,0
    a90c:	ec000401          	sfpsetcc	L1,0x000,0

0000a910 <.LBB39642>:
    a910:	f0002401          	sfpmov	L0,L9,0

0000a914 <.LBB39645>:
    a914:	2800c02a          	sfpencc	0x003,10

0000a918 <.LBB39648>:
    a918:	c0838359          	sfpload	L2,214,0,7

0000a91c <.LBB39654>:
    a91c:	1800a442          	sfpmul	L1,L0,L2,L9,0

0000a920 <.LBB39657>:
    a920:	c1038059          	sfpload	L4,22,0,7

0000a924 <.LBB39663>:
    a924:	c0c38639          	sfpload	L3,398,0,7

0000a928 <.LBB39669>:
    a928:	1004d0c2          	sfpmad	L3,L1,L3,L4,0

0000a92c <.LBB39672>:
    a92c:	c8c38059          	sfpstore	L3,22,0,7

0000a930 <.LBB39678>:
    a930:	c1038159          	sfpload	L4,86,0,7

0000a934 <.LBB39684>:
    a934:	c0c38641          	sfpload	L3,400,0,7

0000a938 <.LBB39690>:
    a938:	1004d0c2          	sfpmad	L3,L1,L3,L4,0

0000a93c <.LBB39693>:
    a93c:	c8c38159          	sfpstore	L3,86,0,7

0000a940 <.LBB39699>:
    a940:	c1038259          	sfpload	L4,150,0,7

0000a944 <.LBB39705>:
    a944:	c0c38649          	sfpload	L3,402,0,7

0000a948 <.LBB39711>:
    a948:	1004d042          	sfpmad	L1,L1,L3,L4,0

0000a94c <.LBB39714>:
    a94c:	c8438259          	sfpstore	L1,150,0,7

0000a950 <.LBB39720>:
    a950:	142a800a          	sfpadd	L0,L10,L10,L0,2

0000a954 <.LBB39723>:
    a954:	18082402          	sfpmul	L0,L2,L0,L9,0

0000a958 <.LBB39726>:
    a958:	c8038359          	sfpstore	L0,214,0,7

0000a95c <.LBE39275>:
    a95c:	00008067          	ret

0000a960 <_ZN12_GLOBAL__N_1L16blend_chain_bodyILm5ELm3EEEvmPKNS_15BlendChainEntryE>:
    a960:	00c55713          	srli	a4,a0,0xc

0000a964 <.LM4375>:
    a964:	1c070663          	beqz	a4,ab30 <.L92>

0000a968 <.LBB42372>:
    a968:	60171793          	ctz	a5,a4
    a96c:	01e7f793          	andi	a5,a5,30

0000a970 <.LM4380>:
    a970:	00f75733          	srl	a4,a4,a5

0000a974 <.LM4382>:
    a974:	00377713          	andi	a4,a4,3

0000a978 <.LBE42372>:
    a978:	20e7a7b3          	sh1add	a5,a5,a4

0000a97c <.LM4384>:
    a97c:	20b7c7b3          	sh2add	a5,a5,a1
    a980:	0607a783          	lw	a5,96(a5)

0000a984 <.LBB42374>:
    a984:	c0038601          	sfpload	L0,384,0,7

0000a988 <.LBB42383>:
    a988:	c1038609          	sfpload	L4,386,0,7

0000a98c <.LBB42389>:
    a98c:	c0838451          	sfpload	L2,276,0,7

0000a990 <.LBB42395>:
    a990:	1428808a          	sfpadd	L2,L10,L2,L0,2

0000a994 <.LBB42398>:
    a994:	c0438459          	sfpload	L1,278,0,7

0000a998 <.LBB42404>:
    a998:	1428404a          	sfpadd	L1,L10,L1,L0,2

0000a99c <.LBB42407>:
    a99c:	c0038551          	sfpload	L0,340,0,7

0000a9a0 <.LBB42413>:
    a9a0:	1428100a          	sfpadd	L0,L10,L0,L4,2

0000a9a4 <.LBB42416>:
    a9a4:	c0c38559          	sfpload	L3,342,0,7

0000a9a8 <.LBB42422>:
    a9a8:	1428d0ca          	sfpadd	L3,L10,L3,L4,2

0000a9ac <.LBB42425>:
    a9ac:	c1438611          	sfpload	L5,388,0,7

0000a9b0 <.LBB42431>:
    a9b0:	1808a582          	sfpmul	L6,L2,L2,L9,0

0000a9b4 <.LBB42434>:
    a9b4:	1815a582          	sfpmul	L6,L5,L6,L9,0

0000a9b8 <.LBB42437>:
    a9b8:	18046502          	sfpmul	L4,L1,L1,L9,0

0000a9bc <.LBB42440>:
    a9bc:	18152542          	sfpmul	L5,L5,L4,L9,0

0000a9c0 <.LBB42443>:
    a9c0:	c1038619          	sfpload	L4,390,0,7

0000a9c4 <.LBB42449>:
    a9c4:	18082482          	sfpmul	L2,L2,L0,L9,0

0000a9c8 <.LBB42452>:
    a9c8:	10109882          	sfpmad	L2,L4,L2,L6,0

0000a9cc <.LBB42455>:
    a9cc:	1804e442          	sfpmul	L1,L1,L3,L9,0

0000a9d0 <.LBB42458>:
    a9d0:	10105502          	sfpmad	L4,L4,L1,L5,0

0000a9d4 <.LBB42461>:
    a9d4:	c0438621          	sfpload	L1,392,0,7

0000a9d8 <.LBB42467>:
    a9d8:	18002402          	sfpmul	L0,L0,L0,L9,0

0000a9dc <.LBB42470>:
    a9dc:	10040802          	sfpmad	L0,L1,L0,L2,0

0000a9e0 <.LBB42473>:
    a9e0:	180ce4c2          	sfpmul	L3,L3,L3,L9,0

0000a9e4 <.LBB42476>:
    a9e4:	1004d042          	sfpmad	L1,L1,L3,L4,0

0000a9e8 <.LBB42479>:
    a9e8:	48002406          	sfpswap	L0,L9,1
    a9ec:	3c000002          	sfpnop

0000a9f0 <.LBB42481>:
    a9f0:	48002446          	sfpswap	L1,L9,1
    a9f4:	3c000002          	sfpnop

0000a9f8 <.LBB42483>:
    a9f8:	18032402          	sfpmul	L0,L0,L12,L9,0

0000a9fc <.LBB42488>:
    a9fc:	d50bf801          	sfpaddi	L0,17150,0
    aa00:	3c000002          	sfpnop

0000aa04 <.LBB42491>:
    aa04:	48000246          	sfpswap	L9,L0,1
    aa08:	3c000002          	sfpnop

0000aa0c <.LBB42493>:
    aa0c:	dc000081          	sfpexexp	L2,L0,0

0000aa10 <.LBB42497>:
    aa10:	e0000001          	sfpexman	L0,L0,0

0000aa14 <.LBB42499>:
    aa14:	e8000801          	sfpshft	L0,L2,0x000,0

0000aa18 <.LBB42501>:
    aa18:	dc000085          	sfpexexp	L2,L0,1

0000aa1c <.LBB42503>:
    aa1c:	1000014c          	ttreplay	0,5,1,1
    aa20:	e0000005          	sfpexman	L0,L0,1

0000aa24 <.LBB42505>:
    aa24:	40000002          	sfpcast	L0,L0,0

0000aa28 <.LBB42507>:
    aa28:	100378c2          	sfpmad	L3,L0,L13,L14,0

0000aa2c <.LBB42510>:
    aa2c:	c1038659          	sfpload	L4,406,0,7

0000aa30 <.LBB42516>:
    aa30:	1000d002          	sfpmad	L0,L0,L3,L4,0

0000aa34 <.LBB42519>:
    aa34:	08000082          	sfpsetexp	L2,L0,0x000,0

0000aa38 <.LBB42521>:
    aa38:	18072442          	sfpmul	L1,L1,L12,L9,0

0000aa3c <.LBB42526>:
    aa3c:	d50bf841          	sfpaddi	L1,17150,0
    aa40:	3c000002          	sfpnop

0000aa44 <.LBB42529>:
    aa44:	48000646          	sfpswap	L9,L1,1
    aa48:	3c000002          	sfpnop

0000aa4c <.LBB42531>:
    aa4c:	dc0004c1          	sfpexexp	L3,L1,0

0000aa50 <.LBB42535>:
    aa50:	e0000401          	sfpexman	L0,L1,0

0000aa54 <.LBB42537>:
    aa54:	e8000c01          	sfpshft	L0,L3,0x000,0

0000aa58 <.LBB42539>:
    aa58:	dc000045          	sfpexexp	L1,L0,1

0000aa5c <.LBB42541>:
    aa5c:	10000140          	ttreplay	0,5,0,0

0000aa60 <.LBB42544>:
    aa60:	08000042          	sfpsetexp	L1,L0,0x000,0

0000aa64 <.LBB42546>:
    aa64:	c0038629          	sfpload	L0,394,0,7

0000aa68 <.LBB42552>:
    aa68:	1800a482          	sfpmul	L2,L0,L2,L9,0

0000aa6c <.LBB42555>:
    aa6c:	18006402          	sfpmul	L0,L0,L1,L9,0

0000aa70 <.LBB42558>:
    aa70:	c0c38661          	sfpload	L3,408,0,7

0000aa74 <.LBB42564>:
    aa74:	c0438661          	sfpload	L1,408,0,7

0000aa78 <.LBB42570>:
    aa78:	48000c86          	sfpswap	L2,L3,1
    aa7c:	3c000002          	sfpnop

0000aa80 <.LBB42572>:
    aa80:	48000406          	sfpswap	L0,L1,1
    aa84:	3c000002          	sfpnop

0000aa88 <.LBB42574>:
    aa88:	c0438631          	sfpload	L1,396,0,7

0000aa8c <.LBB42581>:
    aa8c:	1006c842          	sfpmad	L1,L1,L11,L2,0
    aa90:	ec000401          	sfpsetcc	L1,0x000,0

0000aa94 <.LBB42585>:
    aa94:	f0002481          	sfpmov	L2,L9,0

0000aa98 <.LBB42588>:
    aa98:	2800c02a          	sfpencc	0x003,10

0000aa9c <.LBB42591>:
    aa9c:	c0438631          	sfpload	L1,396,0,7

0000aaa0 <.LBB42598>:
    aaa0:	1006c042          	sfpmad	L1,L1,L11,L0,0
    aaa4:	ec000401          	sfpsetcc	L1,0x000,0

0000aaa8 <.LBB42602>:
    aaa8:	f0002401          	sfpmov	L0,L9,0

0000aaac <.LBB42605>:
    aaac:	2800c02a          	sfpencc	0x003,10

0000aab0 <.LBB42608>:
    aab0:	c1438351          	sfpload	L5,212,0,7

0000aab4 <.LBB42614>:
    aab4:	c1038359          	sfpload	L4,214,0,7

0000aab8 <.LBB42620>:
    aab8:	180964c2          	sfpmul	L3,L2,L5,L9,0

0000aabc <.LBB42623>:
    aabc:	18012442          	sfpmul	L1,L0,L4,L9,0

0000aac0 <.LBB42626>:
    aac0:	c1838639          	sfpload	L6,398,0,7

0000aac4 <.LBB42632>:
    aac4:	c1c38051          	sfpload	L7,20,0,7

0000aac8 <.LBB42638>:
    aac8:	100d9dc2          	sfpmad	L7,L3,L6,L7,0

0000aacc <.LBB42641>:
    aacc:	c9c38051          	sfpstore	L7,20,0,7

0000aad0 <.LBB42647>:
    aad0:	c1c38059          	sfpload	L7,22,0,7

0000aad4 <.LBB42653>:
    aad4:	10059d82          	sfpmad	L6,L1,L6,L7,0

0000aad8 <.LBB42656>:
    aad8:	c9838059          	sfpstore	L6,22,0,7

0000aadc <.LBB42662>:
    aadc:	c1838641          	sfpload	L6,400,0,7

0000aae0 <.LBB42668>:
    aae0:	c1c38151          	sfpload	L7,84,0,7

0000aae4 <.LBB42674>:
    aae4:	100d9dc2          	sfpmad	L7,L3,L6,L7,0

0000aae8 <.LBB42677>:
    aae8:	c9c38151          	sfpstore	L7,84,0,7

0000aaec <.LBB42683>:
    aaec:	c1c38159          	sfpload	L7,86,0,7

0000aaf0 <.LBB42689>:
    aaf0:	10059d82          	sfpmad	L6,L1,L6,L7,0

0000aaf4 <.LBB42692>:
    aaf4:	c9838159          	sfpstore	L6,86,0,7

0000aaf8 <.LBB42698>:
    aaf8:	c1838649          	sfpload	L6,402,0,7

0000aafc <.LBB42704>:
    aafc:	c1c38251          	sfpload	L7,148,0,7

0000ab00 <.LBB42710>:
    ab00:	100d9cc2          	sfpmad	L3,L3,L6,L7,0

0000ab04 <.LBB42713>:
    ab04:	c8c38251          	sfpstore	L3,148,0,7

0000ab08 <.LBB42719>:
    ab08:	c0c38259          	sfpload	L3,150,0,7

0000ab0c <.LBB42725>:
    ab0c:	10058c42          	sfpmad	L1,L1,L6,L3,0

0000ab10 <.LBB42728>:
    ab10:	c8438259          	sfpstore	L1,150,0,7

0000ab14 <.LBB42734>:
    ab14:	142a888a          	sfpadd	L2,L10,L10,L2,2

0000ab18 <.LBB42737>:
    ab18:	1814a542          	sfpmul	L5,L5,L2,L9,0

0000ab1c <.LBB42740>:
    ab1c:	c9438351          	sfpstore	L5,212,0,7

0000ab20 <.LBB42746>:
    ab20:	142a800a          	sfpadd	L0,L10,L10,L0,2

0000ab24 <.LBB42749>:
    ab24:	18102402          	sfpmul	L0,L4,L0,L9,0

0000ab28 <.LBB42752>:
    ab28:	c8038359          	sfpstore	L0,214,0,7

0000ab2c <.LBE42374>:
    ab2c:	00078067          	jr	a5

0000ab30 <.L92>:
    ab30:	c0038601          	sfpload	L0,384,0,7

0000ab34 <.LBB42767>:
    ab34:	c1038609          	sfpload	L4,386,0,7

0000ab38 <.LBB42773>:
    ab38:	c0838451          	sfpload	L2,276,0,7

0000ab3c <.LBB42779>:
    ab3c:	1428808a          	sfpadd	L2,L10,L2,L0,2

0000ab40 <.LBB42782>:
    ab40:	c0438459          	sfpload	L1,278,0,7

0000ab44 <.LBB42788>:
    ab44:	1428404a          	sfpadd	L1,L10,L1,L0,2

0000ab48 <.LBB42791>:
    ab48:	c0038551          	sfpload	L0,340,0,7

0000ab4c <.LBB42797>:
    ab4c:	1428100a          	sfpadd	L0,L10,L0,L4,2

0000ab50 <.LBB42800>:
    ab50:	c0c38559          	sfpload	L3,342,0,7

0000ab54 <.LBB42806>:
    ab54:	1428d0ca          	sfpadd	L3,L10,L3,L4,2

0000ab58 <.LBB42809>:
    ab58:	c1438611          	sfpload	L5,388,0,7

0000ab5c <.LBB42815>:
    ab5c:	1808a582          	sfpmul	L6,L2,L2,L9,0

0000ab60 <.LBB42818>:
    ab60:	1815a582          	sfpmul	L6,L5,L6,L9,0

0000ab64 <.LBB42821>:
    ab64:	18046502          	sfpmul	L4,L1,L1,L9,0

0000ab68 <.LBB42824>:
    ab68:	18152542          	sfpmul	L5,L5,L4,L9,0

0000ab6c <.LBB42827>:
    ab6c:	c1038619          	sfpload	L4,390,0,7

0000ab70 <.LBB42833>:
    ab70:	18082482          	sfpmul	L2,L2,L0,L9,0

0000ab74 <.LBB42836>:
    ab74:	10109882          	sfpmad	L2,L4,L2,L6,0

0000ab78 <.LBB42839>:
    ab78:	1804e442          	sfpmul	L1,L1,L3,L9,0

0000ab7c <.LBB42842>:
    ab7c:	10105502          	sfpmad	L4,L4,L1,L5,0

0000ab80 <.LBB42845>:
    ab80:	c0438621          	sfpload	L1,392,0,7

0000ab84 <.LBB42851>:
    ab84:	18002402          	sfpmul	L0,L0,L0,L9,0

0000ab88 <.LBB42854>:
    ab88:	10040802          	sfpmad	L0,L1,L0,L2,0

0000ab8c <.LBB42857>:
    ab8c:	180ce4c2          	sfpmul	L3,L3,L3,L9,0

0000ab90 <.LBB42860>:
    ab90:	1004d042          	sfpmad	L1,L1,L3,L4,0

0000ab94 <.LBB42863>:
    ab94:	48002406          	sfpswap	L0,L9,1
    ab98:	3c000002          	sfpnop

0000ab9c <.LBB42865>:
    ab9c:	48002446          	sfpswap	L1,L9,1
    aba0:	3c000002          	sfpnop

0000aba4 <.LBB42867>:
    aba4:	18032402          	sfpmul	L0,L0,L12,L9,0

0000aba8 <.LBB42872>:
    aba8:	d50bf801          	sfpaddi	L0,17150,0
    abac:	3c000002          	sfpnop

0000abb0 <.LBB42875>:
    abb0:	48000246          	sfpswap	L9,L0,1
    abb4:	3c000002          	sfpnop

0000abb8 <.LBB42877>:
    abb8:	dc000081          	sfpexexp	L2,L0,0

0000abbc <.LBB42881>:
    abbc:	e0000001          	sfpexman	L0,L0,0

0000abc0 <.LBB42883>:
    abc0:	e8000801          	sfpshft	L0,L2,0x000,0

0000abc4 <.LBB42885>:
    abc4:	dc000085          	sfpexexp	L2,L0,1

0000abc8 <.LBB42887>:
    abc8:	1000014c          	ttreplay	0,5,1,1
    abcc:	e0000005          	sfpexman	L0,L0,1

0000abd0 <.LBB42889>:
    abd0:	40000002          	sfpcast	L0,L0,0

0000abd4 <.LBB42891>:
    abd4:	100378c2          	sfpmad	L3,L0,L13,L14,0

0000abd8 <.LBB42894>:
    abd8:	c1038659          	sfpload	L4,406,0,7

0000abdc <.LBB42900>:
    abdc:	1000d002          	sfpmad	L0,L0,L3,L4,0

0000abe0 <.LBB42903>:
    abe0:	08000082          	sfpsetexp	L2,L0,0x000,0

0000abe4 <.LBB42905>:
    abe4:	18072442          	sfpmul	L1,L1,L12,L9,0

0000abe8 <.LBB42910>:
    abe8:	d50bf841          	sfpaddi	L1,17150,0
    abec:	3c000002          	sfpnop

0000abf0 <.LBB42913>:
    abf0:	48000646          	sfpswap	L9,L1,1
    abf4:	3c000002          	sfpnop

0000abf8 <.LBB42915>:
    abf8:	dc0004c1          	sfpexexp	L3,L1,0

0000abfc <.LBB42919>:
    abfc:	e0000401          	sfpexman	L0,L1,0

0000ac00 <.LBB42921>:
    ac00:	e8000c01          	sfpshft	L0,L3,0x000,0

0000ac04 <.LBB42923>:
    ac04:	dc000045          	sfpexexp	L1,L0,1

0000ac08 <.LBB42925>:
    ac08:	10000140          	ttreplay	0,5,0,0

0000ac0c <.LBB42928>:
    ac0c:	08000042          	sfpsetexp	L1,L0,0x000,0

0000ac10 <.LBB42930>:
    ac10:	c0038629          	sfpload	L0,394,0,7

0000ac14 <.LBB42936>:
    ac14:	1800a482          	sfpmul	L2,L0,L2,L9,0

0000ac18 <.LBB42939>:
    ac18:	18006402          	sfpmul	L0,L0,L1,L9,0

0000ac1c <.LBB42942>:
    ac1c:	c0c38661          	sfpload	L3,408,0,7

0000ac20 <.LBB42948>:
    ac20:	c0438661          	sfpload	L1,408,0,7

0000ac24 <.LBB42954>:
    ac24:	48000c86          	sfpswap	L2,L3,1
    ac28:	3c000002          	sfpnop

0000ac2c <.LBB42956>:
    ac2c:	48000406          	sfpswap	L0,L1,1
    ac30:	3c000002          	sfpnop

0000ac34 <.LBB42958>:
    ac34:	c0438631          	sfpload	L1,396,0,7

0000ac38 <.LBB42965>:
    ac38:	1006c842          	sfpmad	L1,L1,L11,L2,0
    ac3c:	ec000401          	sfpsetcc	L1,0x000,0

0000ac40 <.LBB42969>:
    ac40:	f0002481          	sfpmov	L2,L9,0

0000ac44 <.LBB42972>:
    ac44:	2800c02a          	sfpencc	0x003,10

0000ac48 <.LBB42975>:
    ac48:	c0438631          	sfpload	L1,396,0,7

0000ac4c <.LBB42982>:
    ac4c:	1006c042          	sfpmad	L1,L1,L11,L0,0
    ac50:	ec000401          	sfpsetcc	L1,0x000,0

0000ac54 <.LBB42986>:
    ac54:	f0002401          	sfpmov	L0,L9,0

0000ac58 <.LBB42989>:
    ac58:	2800c02a          	sfpencc	0x003,10

0000ac5c <.LBB42992>:
    ac5c:	c1438351          	sfpload	L5,212,0,7

0000ac60 <.LBB42998>:
    ac60:	c1038359          	sfpload	L4,214,0,7

0000ac64 <.LBB43004>:
    ac64:	180964c2          	sfpmul	L3,L2,L5,L9,0

0000ac68 <.LBB43007>:
    ac68:	18012442          	sfpmul	L1,L0,L4,L9,0

0000ac6c <.LBB43010>:
    ac6c:	c1838639          	sfpload	L6,398,0,7

0000ac70 <.LBB43016>:
    ac70:	c1c38051          	sfpload	L7,20,0,7

0000ac74 <.LBB43022>:
    ac74:	100d9dc2          	sfpmad	L7,L3,L6,L7,0

0000ac78 <.LBB43025>:
    ac78:	c9c38051          	sfpstore	L7,20,0,7

0000ac7c <.LBB43031>:
    ac7c:	c1c38059          	sfpload	L7,22,0,7

0000ac80 <.LBB43037>:
    ac80:	10059d82          	sfpmad	L6,L1,L6,L7,0

0000ac84 <.LBB43040>:
    ac84:	c9838059          	sfpstore	L6,22,0,7

0000ac88 <.LBB43046>:
    ac88:	c1838641          	sfpload	L6,400,0,7

0000ac8c <.LBB43052>:
    ac8c:	c1c38151          	sfpload	L7,84,0,7

0000ac90 <.LBB43058>:
    ac90:	100d9dc2          	sfpmad	L7,L3,L6,L7,0

0000ac94 <.LBB43061>:
    ac94:	c9c38151          	sfpstore	L7,84,0,7

0000ac98 <.LBB43067>:
    ac98:	c1c38159          	sfpload	L7,86,0,7

0000ac9c <.LBB43073>:
    ac9c:	10059d82          	sfpmad	L6,L1,L6,L7,0

0000aca0 <.LBB43076>:
    aca0:	c9838159          	sfpstore	L6,86,0,7

0000aca4 <.LBB43082>:
    aca4:	c1838649          	sfpload	L6,402,0,7

0000aca8 <.LBB43088>:
    aca8:	c1c38251          	sfpload	L7,148,0,7

0000acac <.LBB43094>:
    acac:	100d9cc2          	sfpmad	L3,L3,L6,L7,0

0000acb0 <.LBB43097>:
    acb0:	c8c38251          	sfpstore	L3,148,0,7

0000acb4 <.LBB43103>:
    acb4:	c0c38259          	sfpload	L3,150,0,7

0000acb8 <.LBB43109>:
    acb8:	10058c42          	sfpmad	L1,L1,L6,L3,0

0000acbc <.LBB43112>:
    acbc:	c8438259          	sfpstore	L1,150,0,7

0000acc0 <.LBB43118>:
    acc0:	142a888a          	sfpadd	L2,L10,L10,L2,2

0000acc4 <.LBB43121>:
    acc4:	1814a542          	sfpmul	L5,L5,L2,L9,0

0000acc8 <.LBB43124>:
    acc8:	c9438351          	sfpstore	L5,212,0,7

0000accc <.LBB43130>:
    accc:	142a800a          	sfpadd	L0,L10,L10,L0,2

0000acd0 <.LBB43133>:
    acd0:	18102402          	sfpmul	L0,L4,L0,L9,0

0000acd4 <.LBB43136>:
    acd4:	c8038359          	sfpstore	L0,214,0,7

0000acd8 <.LBE42371>:
    acd8:	00008067          	ret

0000acdc <_ZN12_GLOBAL__N_1L16blend_chain_bodyILm6ELm1EEEvmPKNS_15BlendChainEntryE>:
    acdc:	00e55713          	srli	a4,a0,0xe

0000ace0 <.LM4745>:
    ace0:	10070a63          	beqz	a4,adf4 <.L97>

0000ace4 <.LBB44576>:
    ace4:	60171793          	ctz	a5,a4
    ace8:	01e7f793          	andi	a5,a5,30

0000acec <.LM4750>:
    acec:	00f75733          	srl	a4,a4,a5

0000acf0 <.LM4752>:
    acf0:	00377713          	andi	a4,a4,3

0000acf4 <.LBE44576>:
    acf4:	20e7a7b3          	sh1add	a5,a5,a4

0000acf8 <.LM4754>:
    acf8:	20b7c7b3          	sh2add	a5,a5,a1
    acfc:	0707a783          	lw	a5,112(a5)

0000ad00 <.LBB44578>:
    ad00:	c0838461          	sfpload	L2,280,0,7

0000ad04 <.LBB44587>:
    ad04:	c0438561          	sfpload	L1,344,0,7

0000ad08 <.LBB44593>:
    ad08:	c1038611          	sfpload	L4,388,0,7

0000ad0c <.LBB44599>:
    ad0c:	c0c38619          	sfpload	L3,390,0,7

0000ad10 <.LBB44605>:
    ad10:	c0038621          	sfpload	L0,392,0,7

0000ad14 <.LBB44611>:
    ad14:	c1838601          	sfpload	L6,384,0,7

0000ad18 <.LBB44617>:
    ad18:	c1438609          	sfpload	L5,386,0,7

0000ad1c <.LBB44623>:
    ad1c:	1428988a          	sfpadd	L2,L10,L2,L6,2

0000ad20 <.LBB44626>:
    ad20:	1428544a          	sfpadd	L1,L10,L1,L5,2

0000ad24 <.LBB44629>:
    ad24:	1808a542          	sfpmul	L5,L2,L2,L9,0

0000ad28 <.LBB44632>:
    ad28:	18116502          	sfpmul	L4,L4,L5,L9,0

0000ad2c <.LBB44635>:
    ad2c:	18086482          	sfpmul	L2,L2,L1,L9,0

0000ad30 <.LBB44638>:
    ad30:	100c9082          	sfpmad	L2,L3,L2,L4,0

0000ad34 <.LBB44641>:
    ad34:	18046442          	sfpmul	L1,L1,L1,L9,0

0000ad38 <.LBB44644>:
    ad38:	10004802          	sfpmad	L0,L0,L1,L2,0
    ad3c:	3c000002          	sfpnop

0000ad40 <.LBB44647>:
    ad40:	48002406          	sfpswap	L0,L9,1
    ad44:	3c000002          	sfpnop

0000ad48 <.LBB44649>:
    ad48:	18032402          	sfpmul	L0,L0,L12,L9,0

0000ad4c <.LBB44654>:
    ad4c:	d50bf801          	sfpaddi	L0,17150,0
    ad50:	3c000002          	sfpnop

0000ad54 <.LBB44657>:
    ad54:	48000246          	sfpswap	L9,L0,1
    ad58:	3c000002          	sfpnop

0000ad5c <.LBB44659>:
    ad5c:	dc000041          	sfpexexp	L1,L0,0

0000ad60 <.LBB44663>:
    ad60:	e0000001          	sfpexman	L0,L0,0

0000ad64 <.LBB44665>:
    ad64:	e8000401          	sfpshft	L0,L1,0x000,0

0000ad68 <.LBB44667>:
    ad68:	dc000045          	sfpexexp	L1,L0,1

0000ad6c <.LBB44669>:
    ad6c:	e0000005          	sfpexman	L0,L0,1

0000ad70 <.LBB44671>:
    ad70:	40000002          	sfpcast	L0,L0,0

0000ad74 <.LBB44673>:
    ad74:	10037882          	sfpmad	L2,L0,L13,L14,0

0000ad78 <.LBB44676>:
    ad78:	c0c38659          	sfpload	L3,406,0,7

0000ad7c <.LBB44682>:
    ad7c:	10008c02          	sfpmad	L0,L0,L2,L3,0

0000ad80 <.LBB44685>:
    ad80:	08000042          	sfpsetexp	L1,L0,0x000,0

0000ad84 <.LBB44687>:
    ad84:	c0038629          	sfpload	L0,394,0,7

0000ad88 <.LBB44693>:
    ad88:	18006402          	sfpmul	L0,L0,L1,L9,0

0000ad8c <.LBB44696>:
    ad8c:	c0438661          	sfpload	L1,408,0,7

0000ad90 <.LBB44702>:
    ad90:	48000406          	sfpswap	L0,L1,1
    ad94:	3c000002          	sfpnop

0000ad98 <.LBB44704>:
    ad98:	c0438631          	sfpload	L1,396,0,7

0000ad9c <.LBB44711>:
    ad9c:	1006c042          	sfpmad	L1,L1,L11,L0,0
    ada0:	ec000401          	sfpsetcc	L1,0x000,0

0000ada4 <.LBB44715>:
    ada4:	f0002401          	sfpmov	L0,L9,0

0000ada8 <.LBB44718>:
    ada8:	2800c02a          	sfpencc	0x003,10

0000adac <.LBB44721>:
    adac:	c0838361          	sfpload	L2,216,0,7

0000adb0 <.LBB44727>:
    adb0:	1800a442          	sfpmul	L1,L0,L2,L9,0

0000adb4 <.LBB44730>:
    adb4:	c1038061          	sfpload	L4,24,0,7

0000adb8 <.LBB44736>:
    adb8:	c0c38639          	sfpload	L3,398,0,7

0000adbc <.LBB44742>:
    adbc:	1004d0c2          	sfpmad	L3,L1,L3,L4,0

0000adc0 <.LBB44745>:
    adc0:	c8c38061          	sfpstore	L3,24,0,7

0000adc4 <.LBB44751>:
    adc4:	c1038161          	sfpload	L4,88,0,7

0000adc8 <.LBB44757>:
    adc8:	c0c38641          	sfpload	L3,400,0,7

0000adcc <.LBB44763>:
    adcc:	1004d0c2          	sfpmad	L3,L1,L3,L4,0

0000add0 <.LBB44766>:
    add0:	c8c38161          	sfpstore	L3,88,0,7

0000add4 <.LBB44772>:
    add4:	c1038261          	sfpload	L4,152,0,7

0000add8 <.LBB44778>:
    add8:	c0c38649          	sfpload	L3,402,0,7

0000addc <.LBB44784>:
    addc:	1004d042          	sfpmad	L1,L1,L3,L4,0

0000ade0 <.LBB44787>:
    ade0:	c8438261          	sfpstore	L1,152,0,7

0000ade4 <.LBB44793>:
    ade4:	142a800a          	sfpadd	L0,L10,L10,L0,2

0000ade8 <.LBB44796>:
    ade8:	18082402          	sfpmul	L0,L2,L0,L9,0

0000adec <.LBB44799>:
    adec:	c8038361          	sfpstore	L0,216,0,7

0000adf0 <.LBE44578>:
    adf0:	00078067          	jr	a5

0000adf4 <.L97>:
    adf4:	c0838461          	sfpload	L2,280,0,7

0000adf8 <.LBB44814>:
    adf8:	c0438561          	sfpload	L1,344,0,7

0000adfc <.LBB44820>:
    adfc:	c1038611          	sfpload	L4,388,0,7

0000ae00 <.LBB44826>:
    ae00:	c0c38619          	sfpload	L3,390,0,7

0000ae04 <.LBB44832>:
    ae04:	c0038621          	sfpload	L0,392,0,7

0000ae08 <.LBB44838>:
    ae08:	c1838601          	sfpload	L6,384,0,7

0000ae0c <.LBB44844>:
    ae0c:	c1438609          	sfpload	L5,386,0,7

0000ae10 <.LBB44850>:
    ae10:	1428988a          	sfpadd	L2,L10,L2,L6,2

0000ae14 <.LBB44853>:
    ae14:	1428544a          	sfpadd	L1,L10,L1,L5,2

0000ae18 <.LBB44856>:
    ae18:	1808a542          	sfpmul	L5,L2,L2,L9,0

0000ae1c <.LBB44859>:
    ae1c:	18116502          	sfpmul	L4,L4,L5,L9,0

0000ae20 <.LBB44862>:
    ae20:	18086482          	sfpmul	L2,L2,L1,L9,0

0000ae24 <.LBB44865>:
    ae24:	100c9082          	sfpmad	L2,L3,L2,L4,0

0000ae28 <.LBB44868>:
    ae28:	18046442          	sfpmul	L1,L1,L1,L9,0

0000ae2c <.LBB44871>:
    ae2c:	10004802          	sfpmad	L0,L0,L1,L2,0
    ae30:	3c000002          	sfpnop

0000ae34 <.LBB44874>:
    ae34:	48002406          	sfpswap	L0,L9,1
    ae38:	3c000002          	sfpnop

0000ae3c <.LBB44876>:
    ae3c:	18032402          	sfpmul	L0,L0,L12,L9,0

0000ae40 <.LBB44881>:
    ae40:	d50bf801          	sfpaddi	L0,17150,0
    ae44:	3c000002          	sfpnop

0000ae48 <.LBB44884>:
    ae48:	48000246          	sfpswap	L9,L0,1
    ae4c:	3c000002          	sfpnop

0000ae50 <.LBB44886>:
    ae50:	dc000041          	sfpexexp	L1,L0,0

0000ae54 <.LBB44890>:
    ae54:	e0000001          	sfpexman	L0,L0,0

0000ae58 <.LBB44892>:
    ae58:	e8000401          	sfpshft	L0,L1,0x000,0

0000ae5c <.LBB44894>:
    ae5c:	dc000045          	sfpexexp	L1,L0,1

0000ae60 <.LBB44896>:
    ae60:	e0000005          	sfpexman	L0,L0,1

0000ae64 <.LBB44898>:
    ae64:	40000002          	sfpcast	L0,L0,0

0000ae68 <.LBB44900>:
    ae68:	10037882          	sfpmad	L2,L0,L13,L14,0

0000ae6c <.LBB44903>:
    ae6c:	c0c38659          	sfpload	L3,406,0,7

0000ae70 <.LBB44909>:
    ae70:	10008c02          	sfpmad	L0,L0,L2,L3,0

0000ae74 <.LBB44912>:
    ae74:	08000042          	sfpsetexp	L1,L0,0x000,0

0000ae78 <.LBB44914>:
    ae78:	c0038629          	sfpload	L0,394,0,7

0000ae7c <.LBB44920>:
    ae7c:	18006402          	sfpmul	L0,L0,L1,L9,0

0000ae80 <.LBB44923>:
    ae80:	c0438661          	sfpload	L1,408,0,7

0000ae84 <.LBB44929>:
    ae84:	48000406          	sfpswap	L0,L1,1
    ae88:	3c000002          	sfpnop

0000ae8c <.LBB44931>:
    ae8c:	c0438631          	sfpload	L1,396,0,7

0000ae90 <.LBB44938>:
    ae90:	1006c042          	sfpmad	L1,L1,L11,L0,0
    ae94:	ec000401          	sfpsetcc	L1,0x000,0

0000ae98 <.LBB44942>:
    ae98:	f0002401          	sfpmov	L0,L9,0

0000ae9c <.LBB44945>:
    ae9c:	2800c02a          	sfpencc	0x003,10

0000aea0 <.LBB44948>:
    aea0:	c0838361          	sfpload	L2,216,0,7

0000aea4 <.LBB44954>:
    aea4:	1800a442          	sfpmul	L1,L0,L2,L9,0

0000aea8 <.LBB44957>:
    aea8:	c1038061          	sfpload	L4,24,0,7

0000aeac <.LBB44963>:
    aeac:	c0c38639          	sfpload	L3,398,0,7

0000aeb0 <.LBB44969>:
    aeb0:	1004d0c2          	sfpmad	L3,L1,L3,L4,0

0000aeb4 <.LBB44972>:
    aeb4:	c8c38061          	sfpstore	L3,24,0,7

0000aeb8 <.LBB44978>:
    aeb8:	c1038161          	sfpload	L4,88,0,7

0000aebc <.LBB44984>:
    aebc:	c0c38641          	sfpload	L3,400,0,7

0000aec0 <.LBB44990>:
    aec0:	1004d0c2          	sfpmad	L3,L1,L3,L4,0

0000aec4 <.LBB44993>:
    aec4:	c8c38161          	sfpstore	L3,88,0,7

0000aec8 <.LBB44999>:
    aec8:	c1038261          	sfpload	L4,152,0,7

0000aecc <.LBB45005>:
    aecc:	c0c38649          	sfpload	L3,402,0,7

0000aed0 <.LBB45011>:
    aed0:	1004d042          	sfpmad	L1,L1,L3,L4,0

0000aed4 <.LBB45014>:
    aed4:	c8438261          	sfpstore	L1,152,0,7

0000aed8 <.LBB45020>:
    aed8:	142a800a          	sfpadd	L0,L10,L10,L0,2

0000aedc <.LBB45023>:
    aedc:	18082402          	sfpmul	L0,L2,L0,L9,0

0000aee0 <.LBB45026>:
    aee0:	c8038361          	sfpstore	L0,216,0,7

0000aee4 <.LBE44575>:
    aee4:	00008067          	ret

0000aee8 <_ZN12_GLOBAL__N_1L16blend_chain_bodyILm6ELm2EEEvmPKNS_15BlendChainEntryE>:
    aee8:	00e55713          	srli	a4,a0,0xe

0000aeec <.LM4955>:
    aeec:	10070a63          	beqz	a4,b000 <.L102>

0000aef0 <.LBB46466>:
    aef0:	60171793          	ctz	a5,a4
    aef4:	01e7f793          	andi	a5,a5,30

0000aef8 <.LM4960>:
    aef8:	00f75733          	srl	a4,a4,a5

0000aefc <.LM4962>:
    aefc:	00377713          	andi	a4,a4,3

0000af00 <.LBE46466>:
    af00:	20e7a7b3          	sh1add	a5,a5,a4

0000af04 <.LM4964>:
    af04:	20b7c7b3          	sh2add	a5,a5,a1
    af08:	0707a783          	lw	a5,112(a5)

0000af0c <.LBB46468>:
    af0c:	c0838469          	sfpload	L2,282,0,7

0000af10 <.LBB46477>:
    af10:	c0438569          	sfpload	L1,346,0,7

0000af14 <.LBB46483>:
    af14:	c1038611          	sfpload	L4,388,0,7

0000af18 <.LBB46489>:
    af18:	c0c38619          	sfpload	L3,390,0,7

0000af1c <.LBB46495>:
    af1c:	c0038621          	sfpload	L0,392,0,7

0000af20 <.LBB46501>:
    af20:	c1838601          	sfpload	L6,384,0,7

0000af24 <.LBB46507>:
    af24:	c1438609          	sfpload	L5,386,0,7

0000af28 <.LBB46513>:
    af28:	1428988a          	sfpadd	L2,L10,L2,L6,2

0000af2c <.LBB46516>:
    af2c:	1428544a          	sfpadd	L1,L10,L1,L5,2

0000af30 <.LBB46519>:
    af30:	1808a542          	sfpmul	L5,L2,L2,L9,0

0000af34 <.LBB46522>:
    af34:	18116502          	sfpmul	L4,L4,L5,L9,0

0000af38 <.LBB46525>:
    af38:	18086482          	sfpmul	L2,L2,L1,L9,0

0000af3c <.LBB46528>:
    af3c:	100c9082          	sfpmad	L2,L3,L2,L4,0

0000af40 <.LBB46531>:
    af40:	18046442          	sfpmul	L1,L1,L1,L9,0

0000af44 <.LBB46534>:
    af44:	10004802          	sfpmad	L0,L0,L1,L2,0
    af48:	3c000002          	sfpnop

0000af4c <.LBB46537>:
    af4c:	48002406          	sfpswap	L0,L9,1
    af50:	3c000002          	sfpnop

0000af54 <.LBB46539>:
    af54:	18032402          	sfpmul	L0,L0,L12,L9,0

0000af58 <.LBB46544>:
    af58:	d50bf801          	sfpaddi	L0,17150,0
    af5c:	3c000002          	sfpnop

0000af60 <.LBB46547>:
    af60:	48000246          	sfpswap	L9,L0,1
    af64:	3c000002          	sfpnop

0000af68 <.LBB46549>:
    af68:	dc000041          	sfpexexp	L1,L0,0

0000af6c <.LBB46553>:
    af6c:	e0000001          	sfpexman	L0,L0,0

0000af70 <.LBB46555>:
    af70:	e8000401          	sfpshft	L0,L1,0x000,0

0000af74 <.LBB46557>:
    af74:	dc000045          	sfpexexp	L1,L0,1

0000af78 <.LBB46559>:
    af78:	e0000005          	sfpexman	L0,L0,1

0000af7c <.LBB46561>:
    af7c:	40000002          	sfpcast	L0,L0,0

0000af80 <.LBB46563>:
    af80:	10037882          	sfpmad	L2,L0,L13,L14,0

0000af84 <.LBB46566>:
    af84:	c0c38659          	sfpload	L3,406,0,7

0000af88 <.LBB46572>:
    af88:	10008c02          	sfpmad	L0,L0,L2,L3,0

0000af8c <.LBB46575>:
    af8c:	08000042          	sfpsetexp	L1,L0,0x000,0

0000af90 <.LBB46577>:
    af90:	c0038629          	sfpload	L0,394,0,7

0000af94 <.LBB46583>:
    af94:	18006402          	sfpmul	L0,L0,L1,L9,0

0000af98 <.LBB46586>:
    af98:	c0438661          	sfpload	L1,408,0,7

0000af9c <.LBB46592>:
    af9c:	48000406          	sfpswap	L0,L1,1
    afa0:	3c000002          	sfpnop

0000afa4 <.LBB46594>:
    afa4:	c0438631          	sfpload	L1,396,0,7

0000afa8 <.LBB46601>:
    afa8:	1006c042          	sfpmad	L1,L1,L11,L0,0
    afac:	ec000401          	sfpsetcc	L1,0x000,0

0000afb0 <.LBB46605>:
    afb0:	f0002401          	sfpmov	L0,L9,0

0000afb4 <.LBB46608>:
    afb4:	2800c02a          	sfpencc	0x003,10

0000afb8 <.LBB46611>:
    afb8:	c0838369          	sfpload	L2,218,0,7

0000afbc <.LBB46617>:
    afbc:	1800a442          	sfpmul	L1,L0,L2,L9,0

0000afc0 <.LBB46620>:
    afc0:	c1038069          	sfpload	L4,26,0,7

0000afc4 <.LBB46626>:
    afc4:	c0c38639          	sfpload	L3,398,0,7

0000afc8 <.LBB46632>:
    afc8:	1004d0c2          	sfpmad	L3,L1,L3,L4,0

0000afcc <.LBB46635>:
    afcc:	c8c38069          	sfpstore	L3,26,0,7

0000afd0 <.LBB46641>:
    afd0:	c1038169          	sfpload	L4,90,0,7

0000afd4 <.LBB46647>:
    afd4:	c0c38641          	sfpload	L3,400,0,7

0000afd8 <.LBB46653>:
    afd8:	1004d0c2          	sfpmad	L3,L1,L3,L4,0

0000afdc <.LBB46656>:
    afdc:	c8c38169          	sfpstore	L3,90,0,7

0000afe0 <.LBB46662>:
    afe0:	c1038269          	sfpload	L4,154,0,7

0000afe4 <.LBB46668>:
    afe4:	c0c38649          	sfpload	L3,402,0,7

0000afe8 <.LBB46674>:
    afe8:	1004d042          	sfpmad	L1,L1,L3,L4,0

0000afec <.LBB46677>:
    afec:	c8438269          	sfpstore	L1,154,0,7

0000aff0 <.LBB46683>:
    aff0:	142a800a          	sfpadd	L0,L10,L10,L0,2

0000aff4 <.LBB46686>:
    aff4:	18082402          	sfpmul	L0,L2,L0,L9,0

0000aff8 <.LBB46689>:
    aff8:	c8038369          	sfpstore	L0,218,0,7

0000affc <.LBE46468>:
    affc:	00078067          	jr	a5

0000b000 <.L102>:
    b000:	c0838469          	sfpload	L2,282,0,7

0000b004 <.LBB46704>:
    b004:	c0438569          	sfpload	L1,346,0,7

0000b008 <.LBB46710>:
    b008:	c1038611          	sfpload	L4,388,0,7

0000b00c <.LBB46716>:
    b00c:	c0c38619          	sfpload	L3,390,0,7

0000b010 <.LBB46722>:
    b010:	c0038621          	sfpload	L0,392,0,7

0000b014 <.LBB46728>:
    b014:	c1838601          	sfpload	L6,384,0,7

0000b018 <.LBB46734>:
    b018:	c1438609          	sfpload	L5,386,0,7

0000b01c <.LBB46740>:
    b01c:	1428988a          	sfpadd	L2,L10,L2,L6,2

0000b020 <.LBB46743>:
    b020:	1428544a          	sfpadd	L1,L10,L1,L5,2

0000b024 <.LBB46746>:
    b024:	1808a542          	sfpmul	L5,L2,L2,L9,0

0000b028 <.LBB46749>:
    b028:	18116502          	sfpmul	L4,L4,L5,L9,0

0000b02c <.LBB46752>:
    b02c:	18086482          	sfpmul	L2,L2,L1,L9,0

0000b030 <.LBB46755>:
    b030:	100c9082          	sfpmad	L2,L3,L2,L4,0

0000b034 <.LBB46758>:
    b034:	18046442          	sfpmul	L1,L1,L1,L9,0

0000b038 <.LBB46761>:
    b038:	10004802          	sfpmad	L0,L0,L1,L2,0
    b03c:	3c000002          	sfpnop

0000b040 <.LBB46764>:
    b040:	48002406          	sfpswap	L0,L9,1
    b044:	3c000002          	sfpnop

0000b048 <.LBB46766>:
    b048:	18032402          	sfpmul	L0,L0,L12,L9,0

0000b04c <.LBB46771>:
    b04c:	d50bf801          	sfpaddi	L0,17150,0
    b050:	3c000002          	sfpnop

0000b054 <.LBB46774>:
    b054:	48000246          	sfpswap	L9,L0,1
    b058:	3c000002          	sfpnop

0000b05c <.LBB46776>:
    b05c:	dc000041          	sfpexexp	L1,L0,0

0000b060 <.LBB46780>:
    b060:	e0000001          	sfpexman	L0,L0,0

0000b064 <.LBB46782>:
    b064:	e8000401          	sfpshft	L0,L1,0x000,0

0000b068 <.LBB46784>:
    b068:	dc000045          	sfpexexp	L1,L0,1

0000b06c <.LBB46786>:
    b06c:	e0000005          	sfpexman	L0,L0,1

0000b070 <.LBB46788>:
    b070:	40000002          	sfpcast	L0,L0,0

0000b074 <.LBB46790>:
    b074:	10037882          	sfpmad	L2,L0,L13,L14,0

0000b078 <.LBB46793>:
    b078:	c0c38659          	sfpload	L3,406,0,7

0000b07c <.LBB46799>:
    b07c:	10008c02          	sfpmad	L0,L0,L2,L3,0

0000b080 <.LBB46802>:
    b080:	08000042          	sfpsetexp	L1,L0,0x000,0

0000b084 <.LBB46804>:
    b084:	c0038629          	sfpload	L0,394,0,7

0000b088 <.LBB46810>:
    b088:	18006402          	sfpmul	L0,L0,L1,L9,0

0000b08c <.LBB46813>:
    b08c:	c0438661          	sfpload	L1,408,0,7

0000b090 <.LBB46819>:
    b090:	48000406          	sfpswap	L0,L1,1
    b094:	3c000002          	sfpnop

0000b098 <.LBB46821>:
    b098:	c0438631          	sfpload	L1,396,0,7

0000b09c <.LBB46828>:
    b09c:	1006c042          	sfpmad	L1,L1,L11,L0,0
    b0a0:	ec000401          	sfpsetcc	L1,0x000,0

0000b0a4 <.LBB46832>:
    b0a4:	f0002401          	sfpmov	L0,L9,0

0000b0a8 <.LBB46835>:
    b0a8:	2800c02a          	sfpencc	0x003,10

0000b0ac <.LBB46838>:
    b0ac:	c0838369          	sfpload	L2,218,0,7

0000b0b0 <.LBB46844>:
    b0b0:	1800a442          	sfpmul	L1,L0,L2,L9,0

0000b0b4 <.LBB46847>:
    b0b4:	c1038069          	sfpload	L4,26,0,7

0000b0b8 <.LBB46853>:
    b0b8:	c0c38639          	sfpload	L3,398,0,7

0000b0bc <.LBB46859>:
    b0bc:	1004d0c2          	sfpmad	L3,L1,L3,L4,0

0000b0c0 <.LBB46862>:
    b0c0:	c8c38069          	sfpstore	L3,26,0,7

0000b0c4 <.LBB46868>:
    b0c4:	c1038169          	sfpload	L4,90,0,7

0000b0c8 <.LBB46874>:
    b0c8:	c0c38641          	sfpload	L3,400,0,7

0000b0cc <.LBB46880>:
    b0cc:	1004d0c2          	sfpmad	L3,L1,L3,L4,0

0000b0d0 <.LBB46883>:
    b0d0:	c8c38169          	sfpstore	L3,90,0,7

0000b0d4 <.LBB46889>:
    b0d4:	c1038269          	sfpload	L4,154,0,7

0000b0d8 <.LBB46895>:
    b0d8:	c0c38649          	sfpload	L3,402,0,7

0000b0dc <.LBB46901>:
    b0dc:	1004d042          	sfpmad	L1,L1,L3,L4,0

0000b0e0 <.LBB46904>:
    b0e0:	c8438269          	sfpstore	L1,154,0,7

0000b0e4 <.LBB46910>:
    b0e4:	142a800a          	sfpadd	L0,L10,L10,L0,2

0000b0e8 <.LBB46913>:
    b0e8:	18082402          	sfpmul	L0,L2,L0,L9,0

0000b0ec <.LBB46916>:
    b0ec:	c8038369          	sfpstore	L0,218,0,7

0000b0f0 <.LBE46465>:
    b0f0:	00008067          	ret

0000b0f4 <_ZN12_GLOBAL__N_1L16blend_chain_bodyILm6ELm3EEEvmPKNS_15BlendChainEntryE>:
    b0f4:	00e55713          	srli	a4,a0,0xe

0000b0f8 <.LM5165>:
    b0f8:	1c070663          	beqz	a4,b2c4 <.L107>

0000b0fc <.LBB49562>:
    b0fc:	60171793          	ctz	a5,a4
    b100:	01e7f793          	andi	a5,a5,30

0000b104 <.LM5170>:
    b104:	00f75733          	srl	a4,a4,a5

0000b108 <.LM5172>:
    b108:	00377713          	andi	a4,a4,3

0000b10c <.LBE49562>:
    b10c:	20e7a7b3          	sh1add	a5,a5,a4

0000b110 <.LM5174>:
    b110:	20b7c7b3          	sh2add	a5,a5,a1
    b114:	0707a783          	lw	a5,112(a5)

0000b118 <.LBB49564>:
    b118:	c0038601          	sfpload	L0,384,0,7

0000b11c <.LBB49573>:
    b11c:	c1038609          	sfpload	L4,386,0,7

0000b120 <.LBB49579>:
    b120:	c0838461          	sfpload	L2,280,0,7

0000b124 <.LBB49585>:
    b124:	1428808a          	sfpadd	L2,L10,L2,L0,2

0000b128 <.LBB49588>:
    b128:	c0438469          	sfpload	L1,282,0,7

0000b12c <.LBB49594>:
    b12c:	1428404a          	sfpadd	L1,L10,L1,L0,2

0000b130 <.LBB49597>:
    b130:	c0038561          	sfpload	L0,344,0,7

0000b134 <.LBB49603>:
    b134:	1428100a          	sfpadd	L0,L10,L0,L4,2

0000b138 <.LBB49606>:
    b138:	c0c38569          	sfpload	L3,346,0,7

0000b13c <.LBB49612>:
    b13c:	1428d0ca          	sfpadd	L3,L10,L3,L4,2

0000b140 <.LBB49615>:
    b140:	c1438611          	sfpload	L5,388,0,7

0000b144 <.LBB49621>:
    b144:	1808a582          	sfpmul	L6,L2,L2,L9,0

0000b148 <.LBB49624>:
    b148:	1815a582          	sfpmul	L6,L5,L6,L9,0

0000b14c <.LBB49627>:
    b14c:	18046502          	sfpmul	L4,L1,L1,L9,0

0000b150 <.LBB49630>:
    b150:	18152542          	sfpmul	L5,L5,L4,L9,0

0000b154 <.LBB49633>:
    b154:	c1038619          	sfpload	L4,390,0,7

0000b158 <.LBB49639>:
    b158:	18082482          	sfpmul	L2,L2,L0,L9,0

0000b15c <.LBB49642>:
    b15c:	10109882          	sfpmad	L2,L4,L2,L6,0

0000b160 <.LBB49645>:
    b160:	1804e442          	sfpmul	L1,L1,L3,L9,0

0000b164 <.LBB49648>:
    b164:	10105502          	sfpmad	L4,L4,L1,L5,0

0000b168 <.LBB49651>:
    b168:	c0438621          	sfpload	L1,392,0,7

0000b16c <.LBB49657>:
    b16c:	18002402          	sfpmul	L0,L0,L0,L9,0

0000b170 <.LBB49660>:
    b170:	10040802          	sfpmad	L0,L1,L0,L2,0

0000b174 <.LBB49663>:
    b174:	180ce4c2          	sfpmul	L3,L3,L3,L9,0

0000b178 <.LBB49666>:
    b178:	1004d042          	sfpmad	L1,L1,L3,L4,0

0000b17c <.LBB49669>:
    b17c:	48002406          	sfpswap	L0,L9,1
    b180:	3c000002          	sfpnop

0000b184 <.LBB49671>:
    b184:	48002446          	sfpswap	L1,L9,1
    b188:	3c000002          	sfpnop

0000b18c <.LBB49673>:
    b18c:	18032402          	sfpmul	L0,L0,L12,L9,0

0000b190 <.LBB49678>:
    b190:	d50bf801          	sfpaddi	L0,17150,0
    b194:	3c000002          	sfpnop

0000b198 <.LBB49681>:
    b198:	48000246          	sfpswap	L9,L0,1
    b19c:	3c000002          	sfpnop

0000b1a0 <.LBB49683>:
    b1a0:	dc000081          	sfpexexp	L2,L0,0

0000b1a4 <.LBB49687>:
    b1a4:	e0000001          	sfpexman	L0,L0,0

0000b1a8 <.LBB49689>:
    b1a8:	e8000801          	sfpshft	L0,L2,0x000,0

0000b1ac <.LBB49691>:
    b1ac:	dc000085          	sfpexexp	L2,L0,1

0000b1b0 <.LBB49693>:
    b1b0:	1000014c          	ttreplay	0,5,1,1
    b1b4:	e0000005          	sfpexman	L0,L0,1

0000b1b8 <.LBB49695>:
    b1b8:	40000002          	sfpcast	L0,L0,0

0000b1bc <.LBB49697>:
    b1bc:	100378c2          	sfpmad	L3,L0,L13,L14,0

0000b1c0 <.LBB49700>:
    b1c0:	c1038659          	sfpload	L4,406,0,7

0000b1c4 <.LBB49706>:
    b1c4:	1000d002          	sfpmad	L0,L0,L3,L4,0

0000b1c8 <.LBB49709>:
    b1c8:	08000082          	sfpsetexp	L2,L0,0x000,0

0000b1cc <.LBB49711>:
    b1cc:	18072442          	sfpmul	L1,L1,L12,L9,0

0000b1d0 <.LBB49716>:
    b1d0:	d50bf841          	sfpaddi	L1,17150,0
    b1d4:	3c000002          	sfpnop

0000b1d8 <.LBB49719>:
    b1d8:	48000646          	sfpswap	L9,L1,1
    b1dc:	3c000002          	sfpnop

0000b1e0 <.LBB49721>:
    b1e0:	dc0004c1          	sfpexexp	L3,L1,0

0000b1e4 <.LBB49725>:
    b1e4:	e0000401          	sfpexman	L0,L1,0

0000b1e8 <.LBB49727>:
    b1e8:	e8000c01          	sfpshft	L0,L3,0x000,0

0000b1ec <.LBB49729>:
    b1ec:	dc000045          	sfpexexp	L1,L0,1

0000b1f0 <.LBB49731>:
    b1f0:	10000140          	ttreplay	0,5,0,0

0000b1f4 <.LBB49734>:
    b1f4:	08000042          	sfpsetexp	L1,L0,0x000,0

0000b1f8 <.LBB49736>:
    b1f8:	c0038629          	sfpload	L0,394,0,7

0000b1fc <.LBB49742>:
    b1fc:	1800a482          	sfpmul	L2,L0,L2,L9,0

0000b200 <.LBB49745>:
    b200:	18006402          	sfpmul	L0,L0,L1,L9,0

0000b204 <.LBB49748>:
    b204:	c0c38661          	sfpload	L3,408,0,7

0000b208 <.LBB49754>:
    b208:	c0438661          	sfpload	L1,408,0,7

0000b20c <.LBB49760>:
    b20c:	48000c86          	sfpswap	L2,L3,1
    b210:	3c000002          	sfpnop

0000b214 <.LBB49762>:
    b214:	48000406          	sfpswap	L0,L1,1
    b218:	3c000002          	sfpnop

0000b21c <.LBB49764>:
    b21c:	c0438631          	sfpload	L1,396,0,7

0000b220 <.LBB49771>:
    b220:	1006c842          	sfpmad	L1,L1,L11,L2,0
    b224:	ec000401          	sfpsetcc	L1,0x000,0

0000b228 <.LBB49775>:
    b228:	f0002481          	sfpmov	L2,L9,0

0000b22c <.LBB49778>:
    b22c:	2800c02a          	sfpencc	0x003,10

0000b230 <.LBB49781>:
    b230:	c0438631          	sfpload	L1,396,0,7

0000b234 <.LBB49788>:
    b234:	1006c042          	sfpmad	L1,L1,L11,L0,0
    b238:	ec000401          	sfpsetcc	L1,0x000,0

0000b23c <.LBB49792>:
    b23c:	f0002401          	sfpmov	L0,L9,0

0000b240 <.LBB49795>:
    b240:	2800c02a          	sfpencc	0x003,10

0000b244 <.LBB49798>:
    b244:	c1438361          	sfpload	L5,216,0,7

0000b248 <.LBB49804>:
    b248:	c1038369          	sfpload	L4,218,0,7

0000b24c <.LBB49810>:
    b24c:	180964c2          	sfpmul	L3,L2,L5,L9,0

0000b250 <.LBB49813>:
    b250:	18012442          	sfpmul	L1,L0,L4,L9,0

0000b254 <.LBB49816>:
    b254:	c1838639          	sfpload	L6,398,0,7

0000b258 <.LBB49822>:
    b258:	c1c38061          	sfpload	L7,24,0,7

0000b25c <.LBB49828>:
    b25c:	100d9dc2          	sfpmad	L7,L3,L6,L7,0

0000b260 <.LBB49831>:
    b260:	c9c38061          	sfpstore	L7,24,0,7

0000b264 <.LBB49837>:
    b264:	c1c38069          	sfpload	L7,26,0,7

0000b268 <.LBB49843>:
    b268:	10059d82          	sfpmad	L6,L1,L6,L7,0

0000b26c <.LBB49846>:
    b26c:	c9838069          	sfpstore	L6,26,0,7

0000b270 <.LBB49852>:
    b270:	c1838641          	sfpload	L6,400,0,7

0000b274 <.LBB49858>:
    b274:	c1c38161          	sfpload	L7,88,0,7

0000b278 <.LBB49864>:
    b278:	100d9dc2          	sfpmad	L7,L3,L6,L7,0

0000b27c <.LBB49867>:
    b27c:	c9c38161          	sfpstore	L7,88,0,7

0000b280 <.LBB49873>:
    b280:	c1c38169          	sfpload	L7,90,0,7

0000b284 <.LBB49879>:
    b284:	10059d82          	sfpmad	L6,L1,L6,L7,0

0000b288 <.LBB49882>:
    b288:	c9838169          	sfpstore	L6,90,0,7

0000b28c <.LBB49888>:
    b28c:	c1838649          	sfpload	L6,402,0,7

0000b290 <.LBB49894>:
    b290:	c1c38261          	sfpload	L7,152,0,7

0000b294 <.LBB49900>:
    b294:	100d9cc2          	sfpmad	L3,L3,L6,L7,0

0000b298 <.LBB49903>:
    b298:	c8c38261          	sfpstore	L3,152,0,7

0000b29c <.LBB49909>:
    b29c:	c0c38269          	sfpload	L3,154,0,7

0000b2a0 <.LBB49915>:
    b2a0:	10058c42          	sfpmad	L1,L1,L6,L3,0

0000b2a4 <.LBB49918>:
    b2a4:	c8438269          	sfpstore	L1,154,0,7

0000b2a8 <.LBB49924>:
    b2a8:	142a888a          	sfpadd	L2,L10,L10,L2,2

0000b2ac <.LBB49927>:
    b2ac:	1814a542          	sfpmul	L5,L5,L2,L9,0

0000b2b0 <.LBB49930>:
    b2b0:	c9438361          	sfpstore	L5,216,0,7

0000b2b4 <.LBB49936>:
    b2b4:	142a800a          	sfpadd	L0,L10,L10,L0,2

0000b2b8 <.LBB49939>:
    b2b8:	18102402          	sfpmul	L0,L4,L0,L9,0

0000b2bc <.LBB49942>:
    b2bc:	c8038369          	sfpstore	L0,218,0,7

0000b2c0 <.LBE49564>:
    b2c0:	00078067          	jr	a5

0000b2c4 <.L107>:
    b2c4:	c0038601          	sfpload	L0,384,0,7

0000b2c8 <.LBB49957>:
    b2c8:	c1038609          	sfpload	L4,386,0,7

0000b2cc <.LBB49963>:
    b2cc:	c0838461          	sfpload	L2,280,0,7

0000b2d0 <.LBB49969>:
    b2d0:	1428808a          	sfpadd	L2,L10,L2,L0,2

0000b2d4 <.LBB49972>:
    b2d4:	c0438469          	sfpload	L1,282,0,7

0000b2d8 <.LBB49978>:
    b2d8:	1428404a          	sfpadd	L1,L10,L1,L0,2

0000b2dc <.LBB49981>:
    b2dc:	c0038561          	sfpload	L0,344,0,7

0000b2e0 <.LBB49987>:
    b2e0:	1428100a          	sfpadd	L0,L10,L0,L4,2

0000b2e4 <.LBB49990>:
    b2e4:	c0c38569          	sfpload	L3,346,0,7

0000b2e8 <.LBB49996>:
    b2e8:	1428d0ca          	sfpadd	L3,L10,L3,L4,2

0000b2ec <.LBB49999>:
    b2ec:	c1438611          	sfpload	L5,388,0,7

0000b2f0 <.LBB50005>:
    b2f0:	1808a582          	sfpmul	L6,L2,L2,L9,0

0000b2f4 <.LBB50008>:
    b2f4:	1815a582          	sfpmul	L6,L5,L6,L9,0

0000b2f8 <.LBB50011>:
    b2f8:	18046502          	sfpmul	L4,L1,L1,L9,0

0000b2fc <.LBB50014>:
    b2fc:	18152542          	sfpmul	L5,L5,L4,L9,0

0000b300 <.LBB50017>:
    b300:	c1038619          	sfpload	L4,390,0,7

0000b304 <.LBB50023>:
    b304:	18082482          	sfpmul	L2,L2,L0,L9,0

0000b308 <.LBB50026>:
    b308:	10109882          	sfpmad	L2,L4,L2,L6,0

0000b30c <.LBB50029>:
    b30c:	1804e442          	sfpmul	L1,L1,L3,L9,0

0000b310 <.LBB50032>:
    b310:	10105502          	sfpmad	L4,L4,L1,L5,0

0000b314 <.LBB50035>:
    b314:	c0438621          	sfpload	L1,392,0,7

0000b318 <.LBB50041>:
    b318:	18002402          	sfpmul	L0,L0,L0,L9,0

0000b31c <.LBB50044>:
    b31c:	10040802          	sfpmad	L0,L1,L0,L2,0

0000b320 <.LBB50047>:
    b320:	180ce4c2          	sfpmul	L3,L3,L3,L9,0

0000b324 <.LBB50050>:
    b324:	1004d042          	sfpmad	L1,L1,L3,L4,0

0000b328 <.LBB50053>:
    b328:	48002406          	sfpswap	L0,L9,1
    b32c:	3c000002          	sfpnop

0000b330 <.LBB50055>:
    b330:	48002446          	sfpswap	L1,L9,1
    b334:	3c000002          	sfpnop

0000b338 <.LBB50057>:
    b338:	18032402          	sfpmul	L0,L0,L12,L9,0

0000b33c <.LBB50062>:
    b33c:	d50bf801          	sfpaddi	L0,17150,0
    b340:	3c000002          	sfpnop

0000b344 <.LBB50065>:
    b344:	48000246          	sfpswap	L9,L0,1
    b348:	3c000002          	sfpnop

0000b34c <.LBB50067>:
    b34c:	dc000081          	sfpexexp	L2,L0,0

0000b350 <.LBB50071>:
    b350:	e0000001          	sfpexman	L0,L0,0

0000b354 <.LBB50073>:
    b354:	e8000801          	sfpshft	L0,L2,0x000,0

0000b358 <.LBB50075>:
    b358:	dc000085          	sfpexexp	L2,L0,1

0000b35c <.LBB50077>:
    b35c:	1000014c          	ttreplay	0,5,1,1
    b360:	e0000005          	sfpexman	L0,L0,1

0000b364 <.LBB50079>:
    b364:	40000002          	sfpcast	L0,L0,0

0000b368 <.LBB50081>:
    b368:	100378c2          	sfpmad	L3,L0,L13,L14,0

0000b36c <.LBB50084>:
    b36c:	c1038659          	sfpload	L4,406,0,7

0000b370 <.LBB50090>:
    b370:	1000d002          	sfpmad	L0,L0,L3,L4,0

0000b374 <.LBB50093>:
    b374:	08000082          	sfpsetexp	L2,L0,0x000,0

0000b378 <.LBB50095>:
    b378:	18072442          	sfpmul	L1,L1,L12,L9,0

0000b37c <.LBB50100>:
    b37c:	d50bf841          	sfpaddi	L1,17150,0
    b380:	3c000002          	sfpnop

0000b384 <.LBB50103>:
    b384:	48000646          	sfpswap	L9,L1,1
    b388:	3c000002          	sfpnop

0000b38c <.LBB50105>:
    b38c:	dc0004c1          	sfpexexp	L3,L1,0

0000b390 <.LBB50109>:
    b390:	e0000401          	sfpexman	L0,L1,0

0000b394 <.LBB50111>:
    b394:	e8000c01          	sfpshft	L0,L3,0x000,0

0000b398 <.LBB50113>:
    b398:	dc000045          	sfpexexp	L1,L0,1

0000b39c <.LBB50115>:
    b39c:	10000140          	ttreplay	0,5,0,0

0000b3a0 <.LBB50118>:
    b3a0:	08000042          	sfpsetexp	L1,L0,0x000,0

0000b3a4 <.LBB50120>:
    b3a4:	c0038629          	sfpload	L0,394,0,7

0000b3a8 <.LBB50126>:
    b3a8:	1800a482          	sfpmul	L2,L0,L2,L9,0

0000b3ac <.LBB50129>:
    b3ac:	18006402          	sfpmul	L0,L0,L1,L9,0

0000b3b0 <.LBB50132>:
    b3b0:	c0c38661          	sfpload	L3,408,0,7

0000b3b4 <.LBB50138>:
    b3b4:	c0438661          	sfpload	L1,408,0,7

0000b3b8 <.LBB50144>:
    b3b8:	48000c86          	sfpswap	L2,L3,1
    b3bc:	3c000002          	sfpnop

0000b3c0 <.LBB50146>:
    b3c0:	48000406          	sfpswap	L0,L1,1
    b3c4:	3c000002          	sfpnop

0000b3c8 <.LBB50148>:
    b3c8:	c0438631          	sfpload	L1,396,0,7

0000b3cc <.LBB50155>:
    b3cc:	1006c842          	sfpmad	L1,L1,L11,L2,0
    b3d0:	ec000401          	sfpsetcc	L1,0x000,0

0000b3d4 <.LBB50159>:
    b3d4:	f0002481          	sfpmov	L2,L9,0

0000b3d8 <.LBB50162>:
    b3d8:	2800c02a          	sfpencc	0x003,10

0000b3dc <.LBB50165>:
    b3dc:	c0438631          	sfpload	L1,396,0,7

0000b3e0 <.LBB50172>:
    b3e0:	1006c042          	sfpmad	L1,L1,L11,L0,0
    b3e4:	ec000401          	sfpsetcc	L1,0x000,0

0000b3e8 <.LBB50176>:
    b3e8:	f0002401          	sfpmov	L0,L9,0

0000b3ec <.LBB50179>:
    b3ec:	2800c02a          	sfpencc	0x003,10

0000b3f0 <.LBB50182>:
    b3f0:	c1438361          	sfpload	L5,216,0,7

0000b3f4 <.LBB50188>:
    b3f4:	c1038369          	sfpload	L4,218,0,7

0000b3f8 <.LBB50194>:
    b3f8:	180964c2          	sfpmul	L3,L2,L5,L9,0

0000b3fc <.LBB50197>:
    b3fc:	18012442          	sfpmul	L1,L0,L4,L9,0

0000b400 <.LBB50200>:
    b400:	c1838639          	sfpload	L6,398,0,7

0000b404 <.LBB50206>:
    b404:	c1c38061          	sfpload	L7,24,0,7

0000b408 <.LBB50212>:
    b408:	100d9dc2          	sfpmad	L7,L3,L6,L7,0

0000b40c <.LBB50215>:
    b40c:	c9c38061          	sfpstore	L7,24,0,7

0000b410 <.LBB50221>:
    b410:	c1c38069          	sfpload	L7,26,0,7

0000b414 <.LBB50227>:
    b414:	10059d82          	sfpmad	L6,L1,L6,L7,0

0000b418 <.LBB50230>:
    b418:	c9838069          	sfpstore	L6,26,0,7

0000b41c <.LBB50236>:
    b41c:	c1838641          	sfpload	L6,400,0,7

0000b420 <.LBB50242>:
    b420:	c1c38161          	sfpload	L7,88,0,7

0000b424 <.LBB50248>:
    b424:	100d9dc2          	sfpmad	L7,L3,L6,L7,0

0000b428 <.LBB50251>:
    b428:	c9c38161          	sfpstore	L7,88,0,7

0000b42c <.LBB50257>:
    b42c:	c1c38169          	sfpload	L7,90,0,7

0000b430 <.LBB50263>:
    b430:	10059d82          	sfpmad	L6,L1,L6,L7,0

0000b434 <.LBB50266>:
    b434:	c9838169          	sfpstore	L6,90,0,7

0000b438 <.LBB50272>:
    b438:	c1838649          	sfpload	L6,402,0,7

0000b43c <.LBB50278>:
    b43c:	c1c38261          	sfpload	L7,152,0,7

0000b440 <.LBB50284>:
    b440:	100d9cc2          	sfpmad	L3,L3,L6,L7,0

0000b444 <.LBB50287>:
    b444:	c8c38261          	sfpstore	L3,152,0,7

0000b448 <.LBB50293>:
    b448:	c0c38269          	sfpload	L3,154,0,7

0000b44c <.LBB50299>:
    b44c:	10058c42          	sfpmad	L1,L1,L6,L3,0

0000b450 <.LBB50302>:
    b450:	c8438269          	sfpstore	L1,154,0,7

0000b454 <.LBB50308>:
    b454:	142a888a          	sfpadd	L2,L10,L10,L2,2

0000b458 <.LBB50311>:
    b458:	1814a542          	sfpmul	L5,L5,L2,L9,0

0000b45c <.LBB50314>:
    b45c:	c9438361          	sfpstore	L5,216,0,7

0000b460 <.LBB50320>:
    b460:	142a800a          	sfpadd	L0,L10,L10,L0,2

0000b464 <.LBB50323>:
    b464:	18102402          	sfpmul	L0,L4,L0,L9,0

0000b468 <.LBB50326>:
    b468:	c8038369          	sfpstore	L0,218,0,7

0000b46c <.LBE49561>:
    b46c:	00008067          	ret

0000b470 <_ZN12_GLOBAL__N_1L16blend_chain_bodyILm7ELm1EEEvmPKNS_15BlendChainEntryE>:
    b470:	01055713          	srli	a4,a0,0x10

0000b474 <.LM5535>:
    b474:	10070a63          	beqz	a4,b588 <.L112>

0000b478 <.LBB51766>:
    b478:	60171793          	ctz	a5,a4
    b47c:	01e7f793          	andi	a5,a5,30

0000b480 <.LM5540>:
    b480:	00f75733          	srl	a4,a4,a5

0000b484 <.LM5542>:
    b484:	00377713          	andi	a4,a4,3

0000b488 <.LBE51766>:
    b488:	20e7a7b3          	sh1add	a5,a5,a4

0000b48c <.LM5544>:
    b48c:	20b7c7b3          	sh2add	a5,a5,a1
    b490:	0807a783          	lw	a5,128(a5)

0000b494 <.LBB51768>:
    b494:	c0838471          	sfpload	L2,284,0,7

0000b498 <.LBB51777>:
    b498:	c0438571          	sfpload	L1,348,0,7

0000b49c <.LBB51783>:
    b49c:	c1038611          	sfpload	L4,388,0,7

0000b4a0 <.LBB51789>:
    b4a0:	c0c38619          	sfpload	L3,390,0,7

0000b4a4 <.LBB51795>:
    b4a4:	c0038621          	sfpload	L0,392,0,7

0000b4a8 <.LBB51801>:
    b4a8:	c1838601          	sfpload	L6,384,0,7

0000b4ac <.LBB51807>:
    b4ac:	c1438609          	sfpload	L5,386,0,7

0000b4b0 <.LBB51813>:
    b4b0:	1428988a          	sfpadd	L2,L10,L2,L6,2

0000b4b4 <.LBB51816>:
    b4b4:	1428544a          	sfpadd	L1,L10,L1,L5,2

0000b4b8 <.LBB51819>:
    b4b8:	1808a542          	sfpmul	L5,L2,L2,L9,0

0000b4bc <.LBB51822>:
    b4bc:	18116502          	sfpmul	L4,L4,L5,L9,0

0000b4c0 <.LBB51825>:
    b4c0:	18086482          	sfpmul	L2,L2,L1,L9,0

0000b4c4 <.LBB51828>:
    b4c4:	100c9082          	sfpmad	L2,L3,L2,L4,0

0000b4c8 <.LBB51831>:
    b4c8:	18046442          	sfpmul	L1,L1,L1,L9,0

0000b4cc <.LBB51834>:
    b4cc:	10004802          	sfpmad	L0,L0,L1,L2,0
    b4d0:	3c000002          	sfpnop

0000b4d4 <.LBB51837>:
    b4d4:	48002406          	sfpswap	L0,L9,1
    b4d8:	3c000002          	sfpnop

0000b4dc <.LBB51839>:
    b4dc:	18032402          	sfpmul	L0,L0,L12,L9,0

0000b4e0 <.LBB51844>:
    b4e0:	d50bf801          	sfpaddi	L0,17150,0
    b4e4:	3c000002          	sfpnop

0000b4e8 <.LBB51847>:
    b4e8:	48000246          	sfpswap	L9,L0,1
    b4ec:	3c000002          	sfpnop

0000b4f0 <.LBB51849>:
    b4f0:	dc000041          	sfpexexp	L1,L0,0

0000b4f4 <.LBB51853>:
    b4f4:	e0000001          	sfpexman	L0,L0,0

0000b4f8 <.LBB51855>:
    b4f8:	e8000401          	sfpshft	L0,L1,0x000,0

0000b4fc <.LBB51857>:
    b4fc:	dc000045          	sfpexexp	L1,L0,1

0000b500 <.LBB51859>:
    b500:	e0000005          	sfpexman	L0,L0,1

0000b504 <.LBB51861>:
    b504:	40000002          	sfpcast	L0,L0,0

0000b508 <.LBB51863>:
    b508:	10037882          	sfpmad	L2,L0,L13,L14,0

0000b50c <.LBB51866>:
    b50c:	c0c38659          	sfpload	L3,406,0,7

0000b510 <.LBB51872>:
    b510:	10008c02          	sfpmad	L0,L0,L2,L3,0

0000b514 <.LBB51875>:
    b514:	08000042          	sfpsetexp	L1,L0,0x000,0

0000b518 <.LBB51877>:
    b518:	c0038629          	sfpload	L0,394,0,7

0000b51c <.LBB51883>:
    b51c:	18006402          	sfpmul	L0,L0,L1,L9,0

0000b520 <.LBB51886>:
    b520:	c0438661          	sfpload	L1,408,0,7

0000b524 <.LBB51892>:
    b524:	48000406          	sfpswap	L0,L1,1
    b528:	3c000002          	sfpnop

0000b52c <.LBB51894>:
    b52c:	c0438631          	sfpload	L1,396,0,7

0000b530 <.LBB51901>:
    b530:	1006c042          	sfpmad	L1,L1,L11,L0,0
    b534:	ec000401          	sfpsetcc	L1,0x000,0

0000b538 <.LBB51905>:
    b538:	f0002401          	sfpmov	L0,L9,0

0000b53c <.LBB51908>:
    b53c:	2800c02a          	sfpencc	0x003,10

0000b540 <.LBB51911>:
    b540:	c0838371          	sfpload	L2,220,0,7

0000b544 <.LBB51917>:
    b544:	1800a442          	sfpmul	L1,L0,L2,L9,0

0000b548 <.LBB51920>:
    b548:	c1038071          	sfpload	L4,28,0,7

0000b54c <.LBB51926>:
    b54c:	c0c38639          	sfpload	L3,398,0,7

0000b550 <.LBB51932>:
    b550:	1004d0c2          	sfpmad	L3,L1,L3,L4,0

0000b554 <.LBB51935>:
    b554:	c8c38071          	sfpstore	L3,28,0,7

0000b558 <.LBB51941>:
    b558:	c1038171          	sfpload	L4,92,0,7

0000b55c <.LBB51947>:
    b55c:	c0c38641          	sfpload	L3,400,0,7

0000b560 <.LBB51953>:
    b560:	1004d0c2          	sfpmad	L3,L1,L3,L4,0

0000b564 <.LBB51956>:
    b564:	c8c38171          	sfpstore	L3,92,0,7

0000b568 <.LBB51962>:
    b568:	c1038271          	sfpload	L4,156,0,7

0000b56c <.LBB51968>:
    b56c:	c0c38649          	sfpload	L3,402,0,7

0000b570 <.LBB51974>:
    b570:	1004d042          	sfpmad	L1,L1,L3,L4,0

0000b574 <.LBB51977>:
    b574:	c8438271          	sfpstore	L1,156,0,7

0000b578 <.LBB51983>:
    b578:	142a800a          	sfpadd	L0,L10,L10,L0,2

0000b57c <.LBB51986>:
    b57c:	18082402          	sfpmul	L0,L2,L0,L9,0

0000b580 <.LBB51989>:
    b580:	c8038371          	sfpstore	L0,220,0,7

0000b584 <.LBE51768>:
    b584:	00078067          	jr	a5

0000b588 <.L112>:
    b588:	c0838471          	sfpload	L2,284,0,7

0000b58c <.LBB52004>:
    b58c:	c0438571          	sfpload	L1,348,0,7

0000b590 <.LBB52010>:
    b590:	c1038611          	sfpload	L4,388,0,7

0000b594 <.LBB52016>:
    b594:	c0c38619          	sfpload	L3,390,0,7

0000b598 <.LBB52022>:
    b598:	c0038621          	sfpload	L0,392,0,7

0000b59c <.LBB52028>:
    b59c:	c1838601          	sfpload	L6,384,0,7

0000b5a0 <.LBB52034>:
    b5a0:	c1438609          	sfpload	L5,386,0,7

0000b5a4 <.LBB52040>:
    b5a4:	1428988a          	sfpadd	L2,L10,L2,L6,2

0000b5a8 <.LBB52043>:
    b5a8:	1428544a          	sfpadd	L1,L10,L1,L5,2

0000b5ac <.LBB52046>:
    b5ac:	1808a542          	sfpmul	L5,L2,L2,L9,0

0000b5b0 <.LBB52049>:
    b5b0:	18116502          	sfpmul	L4,L4,L5,L9,0

0000b5b4 <.LBB52052>:
    b5b4:	18086482          	sfpmul	L2,L2,L1,L9,0

0000b5b8 <.LBB52055>:
    b5b8:	100c9082          	sfpmad	L2,L3,L2,L4,0

0000b5bc <.LBB52058>:
    b5bc:	18046442          	sfpmul	L1,L1,L1,L9,0

0000b5c0 <.LBB52061>:
    b5c0:	10004802          	sfpmad	L0,L0,L1,L2,0
    b5c4:	3c000002          	sfpnop

0000b5c8 <.LBB52064>:
    b5c8:	48002406          	sfpswap	L0,L9,1
    b5cc:	3c000002          	sfpnop

0000b5d0 <.LBB52066>:
    b5d0:	18032402          	sfpmul	L0,L0,L12,L9,0

0000b5d4 <.LBB52071>:
    b5d4:	d50bf801          	sfpaddi	L0,17150,0
    b5d8:	3c000002          	sfpnop

0000b5dc <.LBB52074>:
    b5dc:	48000246          	sfpswap	L9,L0,1
    b5e0:	3c000002          	sfpnop

0000b5e4 <.LBB52076>:
    b5e4:	dc000041          	sfpexexp	L1,L0,0

0000b5e8 <.LBB52080>:
    b5e8:	e0000001          	sfpexman	L0,L0,0

0000b5ec <.LBB52082>:
    b5ec:	e8000401          	sfpshft	L0,L1,0x000,0

0000b5f0 <.LBB52084>:
    b5f0:	dc000045          	sfpexexp	L1,L0,1

0000b5f4 <.LBB52086>:
    b5f4:	e0000005          	sfpexman	L0,L0,1

0000b5f8 <.LBB52088>:
    b5f8:	40000002          	sfpcast	L0,L0,0

0000b5fc <.LBB52090>:
    b5fc:	10037882          	sfpmad	L2,L0,L13,L14,0

0000b600 <.LBB52093>:
    b600:	c0c38659          	sfpload	L3,406,0,7

0000b604 <.LBB52099>:
    b604:	10008c02          	sfpmad	L0,L0,L2,L3,0

0000b608 <.LBB52102>:
    b608:	08000042          	sfpsetexp	L1,L0,0x000,0

0000b60c <.LBB52104>:
    b60c:	c0038629          	sfpload	L0,394,0,7

0000b610 <.LBB52110>:
    b610:	18006402          	sfpmul	L0,L0,L1,L9,0

0000b614 <.LBB52113>:
    b614:	c0438661          	sfpload	L1,408,0,7

0000b618 <.LBB52119>:
    b618:	48000406          	sfpswap	L0,L1,1
    b61c:	3c000002          	sfpnop

0000b620 <.LBB52121>:
    b620:	c0438631          	sfpload	L1,396,0,7

0000b624 <.LBB52128>:
    b624:	1006c042          	sfpmad	L1,L1,L11,L0,0
    b628:	ec000401          	sfpsetcc	L1,0x000,0

0000b62c <.LBB52132>:
    b62c:	f0002401          	sfpmov	L0,L9,0

0000b630 <.LBB52135>:
    b630:	2800c02a          	sfpencc	0x003,10

0000b634 <.LBB52138>:
    b634:	c0838371          	sfpload	L2,220,0,7

0000b638 <.LBB52144>:
    b638:	1800a442          	sfpmul	L1,L0,L2,L9,0

0000b63c <.LBB52147>:
    b63c:	c1038071          	sfpload	L4,28,0,7

0000b640 <.LBB52153>:
    b640:	c0c38639          	sfpload	L3,398,0,7

0000b644 <.LBB52159>:
    b644:	1004d0c2          	sfpmad	L3,L1,L3,L4,0

0000b648 <.LBB52162>:
    b648:	c8c38071          	sfpstore	L3,28,0,7

0000b64c <.LBB52168>:
    b64c:	c1038171          	sfpload	L4,92,0,7

0000b650 <.LBB52174>:
    b650:	c0c38641          	sfpload	L3,400,0,7

0000b654 <.LBB52180>:
    b654:	1004d0c2          	sfpmad	L3,L1,L3,L4,0

0000b658 <.LBB52183>:
    b658:	c8c38171          	sfpstore	L3,92,0,7

0000b65c <.LBB52189>:
    b65c:	c1038271          	sfpload	L4,156,0,7

0000b660 <.LBB52195>:
    b660:	c0c38649          	sfpload	L3,402,0,7

0000b664 <.LBB52201>:
    b664:	1004d042          	sfpmad	L1,L1,L3,L4,0

0000b668 <.LBB52204>:
    b668:	c8438271          	sfpstore	L1,156,0,7

0000b66c <.LBB52210>:
    b66c:	142a800a          	sfpadd	L0,L10,L10,L0,2

0000b670 <.LBB52213>:
    b670:	18082402          	sfpmul	L0,L2,L0,L9,0

0000b674 <.LBB52216>:
    b674:	c8038371          	sfpstore	L0,220,0,7

0000b678 <.LBE51765>:
    b678:	00008067          	ret

0000b67c <_ZN12_GLOBAL__N_1L16blend_chain_bodyILm7ELm2EEEvmPKNS_15BlendChainEntryE>:
    b67c:	01055713          	srli	a4,a0,0x10

0000b680 <.LM5745>:
    b680:	10070a63          	beqz	a4,b794 <.L117>

0000b684 <.LBB53656>:
    b684:	60171793          	ctz	a5,a4
    b688:	01e7f793          	andi	a5,a5,30

0000b68c <.LM5750>:
    b68c:	00f75733          	srl	a4,a4,a5

0000b690 <.LM5752>:
    b690:	00377713          	andi	a4,a4,3

0000b694 <.LBE53656>:
    b694:	20e7a7b3          	sh1add	a5,a5,a4

0000b698 <.LM5754>:
    b698:	20b7c7b3          	sh2add	a5,a5,a1
    b69c:	0807a783          	lw	a5,128(a5)

0000b6a0 <.LBB53658>:
    b6a0:	c0838479          	sfpload	L2,286,0,7

0000b6a4 <.LBB53667>:
    b6a4:	c0438579          	sfpload	L1,350,0,7

0000b6a8 <.LBB53673>:
    b6a8:	c1038611          	sfpload	L4,388,0,7

0000b6ac <.LBB53679>:
    b6ac:	c0c38619          	sfpload	L3,390,0,7

0000b6b0 <.LBB53685>:
    b6b0:	c0038621          	sfpload	L0,392,0,7

0000b6b4 <.LBB53691>:
    b6b4:	c1838601          	sfpload	L6,384,0,7

0000b6b8 <.LBB53697>:
    b6b8:	c1438609          	sfpload	L5,386,0,7

0000b6bc <.LBB53703>:
    b6bc:	1428988a          	sfpadd	L2,L10,L2,L6,2

0000b6c0 <.LBB53706>:
    b6c0:	1428544a          	sfpadd	L1,L10,L1,L5,2

0000b6c4 <.LBB53709>:
    b6c4:	1808a542          	sfpmul	L5,L2,L2,L9,0

0000b6c8 <.LBB53712>:
    b6c8:	18116502          	sfpmul	L4,L4,L5,L9,0

0000b6cc <.LBB53715>:
    b6cc:	18086482          	sfpmul	L2,L2,L1,L9,0

0000b6d0 <.LBB53718>:
    b6d0:	100c9082          	sfpmad	L2,L3,L2,L4,0

0000b6d4 <.LBB53721>:
    b6d4:	18046442          	sfpmul	L1,L1,L1,L9,0

0000b6d8 <.LBB53724>:
    b6d8:	10004802          	sfpmad	L0,L0,L1,L2,0
    b6dc:	3c000002          	sfpnop

0000b6e0 <.LBB53727>:
    b6e0:	48002406          	sfpswap	L0,L9,1
    b6e4:	3c000002          	sfpnop

0000b6e8 <.LBB53729>:
    b6e8:	18032402          	sfpmul	L0,L0,L12,L9,0

0000b6ec <.LBB53734>:
    b6ec:	d50bf801          	sfpaddi	L0,17150,0
    b6f0:	3c000002          	sfpnop

0000b6f4 <.LBB53737>:
    b6f4:	48000246          	sfpswap	L9,L0,1
    b6f8:	3c000002          	sfpnop

0000b6fc <.LBB53739>:
    b6fc:	dc000041          	sfpexexp	L1,L0,0

0000b700 <.LBB53743>:
    b700:	e0000001          	sfpexman	L0,L0,0

0000b704 <.LBB53745>:
    b704:	e8000401          	sfpshft	L0,L1,0x000,0

0000b708 <.LBB53747>:
    b708:	dc000045          	sfpexexp	L1,L0,1

0000b70c <.LBB53749>:
    b70c:	e0000005          	sfpexman	L0,L0,1

0000b710 <.LBB53751>:
    b710:	40000002          	sfpcast	L0,L0,0

0000b714 <.LBB53753>:
    b714:	10037882          	sfpmad	L2,L0,L13,L14,0

0000b718 <.LBB53756>:
    b718:	c0c38659          	sfpload	L3,406,0,7

0000b71c <.LBB53762>:
    b71c:	10008c02          	sfpmad	L0,L0,L2,L3,0

0000b720 <.LBB53765>:
    b720:	08000042          	sfpsetexp	L1,L0,0x000,0

0000b724 <.LBB53767>:
    b724:	c0038629          	sfpload	L0,394,0,7

0000b728 <.LBB53773>:
    b728:	18006402          	sfpmul	L0,L0,L1,L9,0

0000b72c <.LBB53776>:
    b72c:	c0438661          	sfpload	L1,408,0,7

0000b730 <.LBB53782>:
    b730:	48000406          	sfpswap	L0,L1,1
    b734:	3c000002          	sfpnop

0000b738 <.LBB53784>:
    b738:	c0438631          	sfpload	L1,396,0,7

0000b73c <.LBB53791>:
    b73c:	1006c042          	sfpmad	L1,L1,L11,L0,0
    b740:	ec000401          	sfpsetcc	L1,0x000,0

0000b744 <.LBB53795>:
    b744:	f0002401          	sfpmov	L0,L9,0

0000b748 <.LBB53798>:
    b748:	2800c02a          	sfpencc	0x003,10

0000b74c <.LBB53801>:
    b74c:	c0838379          	sfpload	L2,222,0,7

0000b750 <.LBB53807>:
    b750:	1800a442          	sfpmul	L1,L0,L2,L9,0

0000b754 <.LBB53810>:
    b754:	c1038079          	sfpload	L4,30,0,7

0000b758 <.LBB53816>:
    b758:	c0c38639          	sfpload	L3,398,0,7

0000b75c <.LBB53822>:
    b75c:	1004d0c2          	sfpmad	L3,L1,L3,L4,0

0000b760 <.LBB53825>:
    b760:	c8c38079          	sfpstore	L3,30,0,7

0000b764 <.LBB53831>:
    b764:	c1038179          	sfpload	L4,94,0,7

0000b768 <.LBB53837>:
    b768:	c0c38641          	sfpload	L3,400,0,7

0000b76c <.LBB53843>:
    b76c:	1004d0c2          	sfpmad	L3,L1,L3,L4,0

0000b770 <.LBB53846>:
    b770:	c8c38179          	sfpstore	L3,94,0,7

0000b774 <.LBB53852>:
    b774:	c1038279          	sfpload	L4,158,0,7

0000b778 <.LBB53858>:
    b778:	c0c38649          	sfpload	L3,402,0,7

0000b77c <.LBB53864>:
    b77c:	1004d042          	sfpmad	L1,L1,L3,L4,0

0000b780 <.LBB53867>:
    b780:	c8438279          	sfpstore	L1,158,0,7

0000b784 <.LBB53873>:
    b784:	142a800a          	sfpadd	L0,L10,L10,L0,2

0000b788 <.LBB53876>:
    b788:	18082402          	sfpmul	L0,L2,L0,L9,0

0000b78c <.LBB53879>:
    b78c:	c8038379          	sfpstore	L0,222,0,7

0000b790 <.LBE53658>:
    b790:	00078067          	jr	a5

0000b794 <.L117>:
    b794:	c0838479          	sfpload	L2,286,0,7

0000b798 <.LBB53894>:
    b798:	c0438579          	sfpload	L1,350,0,7

0000b79c <.LBB53900>:
    b79c:	c1038611          	sfpload	L4,388,0,7

0000b7a0 <.LBB53906>:
    b7a0:	c0c38619          	sfpload	L3,390,0,7

0000b7a4 <.LBB53912>:
    b7a4:	c0038621          	sfpload	L0,392,0,7

0000b7a8 <.LBB53918>:
    b7a8:	c1838601          	sfpload	L6,384,0,7

0000b7ac <.LBB53924>:
    b7ac:	c1438609          	sfpload	L5,386,0,7

0000b7b0 <.LBB53930>:
    b7b0:	1428988a          	sfpadd	L2,L10,L2,L6,2

0000b7b4 <.LBB53933>:
    b7b4:	1428544a          	sfpadd	L1,L10,L1,L5,2

0000b7b8 <.LBB53936>:
    b7b8:	1808a542          	sfpmul	L5,L2,L2,L9,0

0000b7bc <.LBB53939>:
    b7bc:	18116502          	sfpmul	L4,L4,L5,L9,0

0000b7c0 <.LBB53942>:
    b7c0:	18086482          	sfpmul	L2,L2,L1,L9,0

0000b7c4 <.LBB53945>:
    b7c4:	100c9082          	sfpmad	L2,L3,L2,L4,0

0000b7c8 <.LBB53948>:
    b7c8:	18046442          	sfpmul	L1,L1,L1,L9,0

0000b7cc <.LBB53951>:
    b7cc:	10004802          	sfpmad	L0,L0,L1,L2,0
    b7d0:	3c000002          	sfpnop

0000b7d4 <.LBB53954>:
    b7d4:	48002406          	sfpswap	L0,L9,1
    b7d8:	3c000002          	sfpnop

0000b7dc <.LBB53956>:
    b7dc:	18032402          	sfpmul	L0,L0,L12,L9,0

0000b7e0 <.LBB53961>:
    b7e0:	d50bf801          	sfpaddi	L0,17150,0
    b7e4:	3c000002          	sfpnop

0000b7e8 <.LBB53964>:
    b7e8:	48000246          	sfpswap	L9,L0,1
    b7ec:	3c000002          	sfpnop

0000b7f0 <.LBB53966>:
    b7f0:	dc000041          	sfpexexp	L1,L0,0

0000b7f4 <.LBB53970>:
    b7f4:	e0000001          	sfpexman	L0,L0,0

0000b7f8 <.LBB53972>:
    b7f8:	e8000401          	sfpshft	L0,L1,0x000,0

0000b7fc <.LBB53974>:
    b7fc:	dc000045          	sfpexexp	L1,L0,1

0000b800 <.LBB53976>:
    b800:	e0000005          	sfpexman	L0,L0,1

0000b804 <.LBB53978>:
    b804:	40000002          	sfpcast	L0,L0,0

0000b808 <.LBB53980>:
    b808:	10037882          	sfpmad	L2,L0,L13,L14,0

0000b80c <.LBB53983>:
    b80c:	c0c38659          	sfpload	L3,406,0,7

0000b810 <.LBB53989>:
    b810:	10008c02          	sfpmad	L0,L0,L2,L3,0

0000b814 <.LBB53992>:
    b814:	08000042          	sfpsetexp	L1,L0,0x000,0

0000b818 <.LBB53994>:
    b818:	c0038629          	sfpload	L0,394,0,7

0000b81c <.LBB54000>:
    b81c:	18006402          	sfpmul	L0,L0,L1,L9,0

0000b820 <.LBB54003>:
    b820:	c0438661          	sfpload	L1,408,0,7

0000b824 <.LBB54009>:
    b824:	48000406          	sfpswap	L0,L1,1
    b828:	3c000002          	sfpnop

0000b82c <.LBB54011>:
    b82c:	c0438631          	sfpload	L1,396,0,7

0000b830 <.LBB54018>:
    b830:	1006c042          	sfpmad	L1,L1,L11,L0,0
    b834:	ec000401          	sfpsetcc	L1,0x000,0

0000b838 <.LBB54022>:
    b838:	f0002401          	sfpmov	L0,L9,0

0000b83c <.LBB54025>:
    b83c:	2800c02a          	sfpencc	0x003,10

0000b840 <.LBB54028>:
    b840:	c0838379          	sfpload	L2,222,0,7

0000b844 <.LBB54034>:
    b844:	1800a442          	sfpmul	L1,L0,L2,L9,0

0000b848 <.LBB54037>:
    b848:	c1038079          	sfpload	L4,30,0,7

0000b84c <.LBB54043>:
    b84c:	c0c38639          	sfpload	L3,398,0,7

0000b850 <.LBB54049>:
    b850:	1004d0c2          	sfpmad	L3,L1,L3,L4,0

0000b854 <.LBB54052>:
    b854:	c8c38079          	sfpstore	L3,30,0,7

0000b858 <.LBB54058>:
    b858:	c1038179          	sfpload	L4,94,0,7

0000b85c <.LBB54064>:
    b85c:	c0c38641          	sfpload	L3,400,0,7

0000b860 <.LBB54070>:
    b860:	1004d0c2          	sfpmad	L3,L1,L3,L4,0

0000b864 <.LBB54073>:
    b864:	c8c38179          	sfpstore	L3,94,0,7

0000b868 <.LBB54079>:
    b868:	c1038279          	sfpload	L4,158,0,7

0000b86c <.LBB54085>:
    b86c:	c0c38649          	sfpload	L3,402,0,7

0000b870 <.LBB54091>:
    b870:	1004d042          	sfpmad	L1,L1,L3,L4,0

0000b874 <.LBB54094>:
    b874:	c8438279          	sfpstore	L1,158,0,7

0000b878 <.LBB54100>:
    b878:	142a800a          	sfpadd	L0,L10,L10,L0,2

0000b87c <.LBB54103>:
    b87c:	18082402          	sfpmul	L0,L2,L0,L9,0

0000b880 <.LBB54106>:
    b880:	c8038379          	sfpstore	L0,222,0,7

0000b884 <.LBE53655>:
    b884:	00008067          	ret

0000b888 <_ZN12_GLOBAL__N_1L16blend_chain_bodyILm7ELm3EEEvmPKNS_15BlendChainEntryE>:
    b888:	01055713          	srli	a4,a0,0x10

0000b88c <.LM5955>:
    b88c:	1c070663          	beqz	a4,ba58 <.L122>

0000b890 <.LBB56752>:
    b890:	60171793          	ctz	a5,a4
    b894:	01e7f793          	andi	a5,a5,30

0000b898 <.LM5960>:
    b898:	00f75733          	srl	a4,a4,a5

0000b89c <.LM5962>:
    b89c:	00377713          	andi	a4,a4,3

0000b8a0 <.LBE56752>:
    b8a0:	20e7a7b3          	sh1add	a5,a5,a4

0000b8a4 <.LM5964>:
    b8a4:	20b7c7b3          	sh2add	a5,a5,a1
    b8a8:	0807a783          	lw	a5,128(a5)

0000b8ac <.LBB56754>:
    b8ac:	c0038601          	sfpload	L0,384,0,7

0000b8b0 <.LBB56763>:
    b8b0:	c1038609          	sfpload	L4,386,0,7

0000b8b4 <.LBB56769>:
    b8b4:	c0838471          	sfpload	L2,284,0,7

0000b8b8 <.LBB56775>:
    b8b8:	1428808a          	sfpadd	L2,L10,L2,L0,2

0000b8bc <.LBB56778>:
    b8bc:	c0438479          	sfpload	L1,286,0,7

0000b8c0 <.LBB56784>:
    b8c0:	1428404a          	sfpadd	L1,L10,L1,L0,2

0000b8c4 <.LBB56787>:
    b8c4:	c0038571          	sfpload	L0,348,0,7

0000b8c8 <.LBB56793>:
    b8c8:	1428100a          	sfpadd	L0,L10,L0,L4,2

0000b8cc <.LBB56796>:
    b8cc:	c0c38579          	sfpload	L3,350,0,7

0000b8d0 <.LBB56802>:
    b8d0:	1428d0ca          	sfpadd	L3,L10,L3,L4,2

0000b8d4 <.LBB56805>:
    b8d4:	c1438611          	sfpload	L5,388,0,7

0000b8d8 <.LBB56811>:
    b8d8:	1808a582          	sfpmul	L6,L2,L2,L9,0

0000b8dc <.LBB56814>:
    b8dc:	1815a582          	sfpmul	L6,L5,L6,L9,0

0000b8e0 <.LBB56817>:
    b8e0:	18046502          	sfpmul	L4,L1,L1,L9,0

0000b8e4 <.LBB56820>:
    b8e4:	18152542          	sfpmul	L5,L5,L4,L9,0

0000b8e8 <.LBB56823>:
    b8e8:	c1038619          	sfpload	L4,390,0,7

0000b8ec <.LBB56829>:
    b8ec:	18082482          	sfpmul	L2,L2,L0,L9,0

0000b8f0 <.LBB56832>:
    b8f0:	10109882          	sfpmad	L2,L4,L2,L6,0

0000b8f4 <.LBB56835>:
    b8f4:	1804e442          	sfpmul	L1,L1,L3,L9,0

0000b8f8 <.LBB56838>:
    b8f8:	10105502          	sfpmad	L4,L4,L1,L5,0

0000b8fc <.LBB56841>:
    b8fc:	c0438621          	sfpload	L1,392,0,7

0000b900 <.LBB56847>:
    b900:	18002402          	sfpmul	L0,L0,L0,L9,0

0000b904 <.LBB56850>:
    b904:	10040802          	sfpmad	L0,L1,L0,L2,0

0000b908 <.LBB56853>:
    b908:	180ce4c2          	sfpmul	L3,L3,L3,L9,0

0000b90c <.LBB56856>:
    b90c:	1004d042          	sfpmad	L1,L1,L3,L4,0

0000b910 <.LBB56859>:
    b910:	48002406          	sfpswap	L0,L9,1
    b914:	3c000002          	sfpnop

0000b918 <.LBB56861>:
    b918:	48002446          	sfpswap	L1,L9,1
    b91c:	3c000002          	sfpnop

0000b920 <.LBB56863>:
    b920:	18032402          	sfpmul	L0,L0,L12,L9,0

0000b924 <.LBB56868>:
    b924:	d50bf801          	sfpaddi	L0,17150,0
    b928:	3c000002          	sfpnop

0000b92c <.LBB56871>:
    b92c:	48000246          	sfpswap	L9,L0,1
    b930:	3c000002          	sfpnop

0000b934 <.LBB56873>:
    b934:	dc000081          	sfpexexp	L2,L0,0

0000b938 <.LBB56877>:
    b938:	e0000001          	sfpexman	L0,L0,0

0000b93c <.LBB56879>:
    b93c:	e8000801          	sfpshft	L0,L2,0x000,0

0000b940 <.LBB56881>:
    b940:	dc000085          	sfpexexp	L2,L0,1

0000b944 <.LBB56883>:
    b944:	1000014c          	ttreplay	0,5,1,1
    b948:	e0000005          	sfpexman	L0,L0,1

0000b94c <.LBB56885>:
    b94c:	40000002          	sfpcast	L0,L0,0

0000b950 <.LBB56887>:
    b950:	100378c2          	sfpmad	L3,L0,L13,L14,0

0000b954 <.LBB56890>:
    b954:	c1038659          	sfpload	L4,406,0,7

0000b958 <.LBB56896>:
    b958:	1000d002          	sfpmad	L0,L0,L3,L4,0

0000b95c <.LBB56899>:
    b95c:	08000082          	sfpsetexp	L2,L0,0x000,0

0000b960 <.LBB56901>:
    b960:	18072442          	sfpmul	L1,L1,L12,L9,0

0000b964 <.LBB56906>:
    b964:	d50bf841          	sfpaddi	L1,17150,0
    b968:	3c000002          	sfpnop

0000b96c <.LBB56909>:
    b96c:	48000646          	sfpswap	L9,L1,1
    b970:	3c000002          	sfpnop

0000b974 <.LBB56911>:
    b974:	dc0004c1          	sfpexexp	L3,L1,0

0000b978 <.LBB56915>:
    b978:	e0000401          	sfpexman	L0,L1,0

0000b97c <.LBB56917>:
    b97c:	e8000c01          	sfpshft	L0,L3,0x000,0

0000b980 <.LBB56919>:
    b980:	dc000045          	sfpexexp	L1,L0,1

0000b984 <.LBB56921>:
    b984:	10000140          	ttreplay	0,5,0,0

0000b988 <.LBB56924>:
    b988:	08000042          	sfpsetexp	L1,L0,0x000,0

0000b98c <.LBB56926>:
    b98c:	c0038629          	sfpload	L0,394,0,7

0000b990 <.LBB56932>:
    b990:	1800a482          	sfpmul	L2,L0,L2,L9,0

0000b994 <.LBB56935>:
    b994:	18006402          	sfpmul	L0,L0,L1,L9,0

0000b998 <.LBB56938>:
    b998:	c0c38661          	sfpload	L3,408,0,7

0000b99c <.LBB56944>:
    b99c:	c0438661          	sfpload	L1,408,0,7

0000b9a0 <.LBB56950>:
    b9a0:	48000c86          	sfpswap	L2,L3,1
    b9a4:	3c000002          	sfpnop

0000b9a8 <.LBB56952>:
    b9a8:	48000406          	sfpswap	L0,L1,1
    b9ac:	3c000002          	sfpnop

0000b9b0 <.LBB56954>:
    b9b0:	c0438631          	sfpload	L1,396,0,7

0000b9b4 <.LBB56961>:
    b9b4:	1006c842          	sfpmad	L1,L1,L11,L2,0
    b9b8:	ec000401          	sfpsetcc	L1,0x000,0

0000b9bc <.LBB56965>:
    b9bc:	f0002481          	sfpmov	L2,L9,0

0000b9c0 <.LBB56968>:
    b9c0:	2800c02a          	sfpencc	0x003,10

0000b9c4 <.LBB56971>:
    b9c4:	c0438631          	sfpload	L1,396,0,7

0000b9c8 <.LBB56978>:
    b9c8:	1006c042          	sfpmad	L1,L1,L11,L0,0
    b9cc:	ec000401          	sfpsetcc	L1,0x000,0

0000b9d0 <.LBB56982>:
    b9d0:	f0002401          	sfpmov	L0,L9,0

0000b9d4 <.LBB56985>:
    b9d4:	2800c02a          	sfpencc	0x003,10

0000b9d8 <.LBB56988>:
    b9d8:	c1438371          	sfpload	L5,220,0,7

0000b9dc <.LBB56994>:
    b9dc:	c1038379          	sfpload	L4,222,0,7

0000b9e0 <.LBB57000>:
    b9e0:	180964c2          	sfpmul	L3,L2,L5,L9,0

0000b9e4 <.LBB57003>:
    b9e4:	18012442          	sfpmul	L1,L0,L4,L9,0

0000b9e8 <.LBB57006>:
    b9e8:	c1838639          	sfpload	L6,398,0,7

0000b9ec <.LBB57012>:
    b9ec:	c1c38071          	sfpload	L7,28,0,7

0000b9f0 <.LBB57018>:
    b9f0:	100d9dc2          	sfpmad	L7,L3,L6,L7,0

0000b9f4 <.LBB57021>:
    b9f4:	c9c38071          	sfpstore	L7,28,0,7

0000b9f8 <.LBB57027>:
    b9f8:	c1c38079          	sfpload	L7,30,0,7

0000b9fc <.LBB57033>:
    b9fc:	10059d82          	sfpmad	L6,L1,L6,L7,0

0000ba00 <.LBB57036>:
    ba00:	c9838079          	sfpstore	L6,30,0,7

0000ba04 <.LBB57042>:
    ba04:	c1838641          	sfpload	L6,400,0,7

0000ba08 <.LBB57048>:
    ba08:	c1c38171          	sfpload	L7,92,0,7

0000ba0c <.LBB57054>:
    ba0c:	100d9dc2          	sfpmad	L7,L3,L6,L7,0

0000ba10 <.LBB57057>:
    ba10:	c9c38171          	sfpstore	L7,92,0,7

0000ba14 <.LBB57063>:
    ba14:	c1c38179          	sfpload	L7,94,0,7

0000ba18 <.LBB57069>:
    ba18:	10059d82          	sfpmad	L6,L1,L6,L7,0

0000ba1c <.LBB57072>:
    ba1c:	c9838179          	sfpstore	L6,94,0,7

0000ba20 <.LBB57078>:
    ba20:	c1838649          	sfpload	L6,402,0,7

0000ba24 <.LBB57084>:
    ba24:	c1c38271          	sfpload	L7,156,0,7

0000ba28 <.LBB57090>:
    ba28:	100d9cc2          	sfpmad	L3,L3,L6,L7,0

0000ba2c <.LBB57093>:
    ba2c:	c8c38271          	sfpstore	L3,156,0,7

0000ba30 <.LBB57099>:
    ba30:	c0c38279          	sfpload	L3,158,0,7

0000ba34 <.LBB57105>:
    ba34:	10058c42          	sfpmad	L1,L1,L6,L3,0

0000ba38 <.LBB57108>:
    ba38:	c8438279          	sfpstore	L1,158,0,7

0000ba3c <.LBB57114>:
    ba3c:	142a888a          	sfpadd	L2,L10,L10,L2,2

0000ba40 <.LBB57117>:
    ba40:	1814a542          	sfpmul	L5,L5,L2,L9,0

0000ba44 <.LBB57120>:
    ba44:	c9438371          	sfpstore	L5,220,0,7

0000ba48 <.LBB57126>:
    ba48:	142a800a          	sfpadd	L0,L10,L10,L0,2

0000ba4c <.LBB57129>:
    ba4c:	18102402          	sfpmul	L0,L4,L0,L9,0

0000ba50 <.LBB57132>:
    ba50:	c8038379          	sfpstore	L0,222,0,7

0000ba54 <.LBE56754>:
    ba54:	00078067          	jr	a5

0000ba58 <.L122>:
    ba58:	c0038601          	sfpload	L0,384,0,7

0000ba5c <.LBB57147>:
    ba5c:	c1038609          	sfpload	L4,386,0,7

0000ba60 <.LBB57153>:
    ba60:	c0838471          	sfpload	L2,284,0,7

0000ba64 <.LBB57159>:
    ba64:	1428808a          	sfpadd	L2,L10,L2,L0,2

0000ba68 <.LBB57162>:
    ba68:	c0438479          	sfpload	L1,286,0,7

0000ba6c <.LBB57168>:
    ba6c:	1428404a          	sfpadd	L1,L10,L1,L0,2

0000ba70 <.LBB57171>:
    ba70:	c0038571          	sfpload	L0,348,0,7

0000ba74 <.LBB57177>:
    ba74:	1428100a          	sfpadd	L0,L10,L0,L4,2

0000ba78 <.LBB57180>:
    ba78:	c0c38579          	sfpload	L3,350,0,7

0000ba7c <.LBB57186>:
    ba7c:	1428d0ca          	sfpadd	L3,L10,L3,L4,2

0000ba80 <.LBB57189>:
    ba80:	c1438611          	sfpload	L5,388,0,7

0000ba84 <.LBB57195>:
    ba84:	1808a582          	sfpmul	L6,L2,L2,L9,0

0000ba88 <.LBB57198>:
    ba88:	1815a582          	sfpmul	L6,L5,L6,L9,0

0000ba8c <.LBB57201>:
    ba8c:	18046502          	sfpmul	L4,L1,L1,L9,0

0000ba90 <.LBB57204>:
    ba90:	18152542          	sfpmul	L5,L5,L4,L9,0

0000ba94 <.LBB57207>:
    ba94:	c1038619          	sfpload	L4,390,0,7

0000ba98 <.LBB57213>:
    ba98:	18082482          	sfpmul	L2,L2,L0,L9,0

0000ba9c <.LBB57216>:
    ba9c:	10109882          	sfpmad	L2,L4,L2,L6,0

0000baa0 <.LBB57219>:
    baa0:	1804e442          	sfpmul	L1,L1,L3,L9,0

0000baa4 <.LBB57222>:
    baa4:	10105502          	sfpmad	L4,L4,L1,L5,0

0000baa8 <.LBB57225>:
    baa8:	c0438621          	sfpload	L1,392,0,7

0000baac <.LBB57231>:
    baac:	18002402          	sfpmul	L0,L0,L0,L9,0

0000bab0 <.LBB57234>:
    bab0:	10040802          	sfpmad	L0,L1,L0,L2,0

0000bab4 <.LBB57237>:
    bab4:	180ce4c2          	sfpmul	L3,L3,L3,L9,0

0000bab8 <.LBB57240>:
    bab8:	1004d042          	sfpmad	L1,L1,L3,L4,0

0000babc <.LBB57243>:
    babc:	48002406          	sfpswap	L0,L9,1
    bac0:	3c000002          	sfpnop

0000bac4 <.LBB57245>:
    bac4:	48002446          	sfpswap	L1,L9,1
    bac8:	3c000002          	sfpnop

0000bacc <.LBB57247>:
    bacc:	18032402          	sfpmul	L0,L0,L12,L9,0

0000bad0 <.LBB57252>:
    bad0:	d50bf801          	sfpaddi	L0,17150,0
    bad4:	3c000002          	sfpnop

0000bad8 <.LBB57255>:
    bad8:	48000246          	sfpswap	L9,L0,1
    badc:	3c000002          	sfpnop

0000bae0 <.LBB57257>:
    bae0:	dc000081          	sfpexexp	L2,L0,0

0000bae4 <.LBB57261>:
    bae4:	e0000001          	sfpexman	L0,L0,0

0000bae8 <.LBB57263>:
    bae8:	e8000801          	sfpshft	L0,L2,0x000,0

0000baec <.LBB57265>:
    baec:	dc000085          	sfpexexp	L2,L0,1

0000baf0 <.LBB57267>:
    baf0:	1000014c          	ttreplay	0,5,1,1
    baf4:	e0000005          	sfpexman	L0,L0,1

0000baf8 <.LBB57269>:
    baf8:	40000002          	sfpcast	L0,L0,0

0000bafc <.LBB57271>:
    bafc:	100378c2          	sfpmad	L3,L0,L13,L14,0

0000bb00 <.LBB57274>:
    bb00:	c1038659          	sfpload	L4,406,0,7

0000bb04 <.LBB57280>:
    bb04:	1000d002          	sfpmad	L0,L0,L3,L4,0

0000bb08 <.LBB57283>:
    bb08:	08000082          	sfpsetexp	L2,L0,0x000,0

0000bb0c <.LBB57285>:
    bb0c:	18072442          	sfpmul	L1,L1,L12,L9,0

0000bb10 <.LBB57290>:
    bb10:	d50bf841          	sfpaddi	L1,17150,0
    bb14:	3c000002          	sfpnop

0000bb18 <.LBB57293>:
    bb18:	48000646          	sfpswap	L9,L1,1
    bb1c:	3c000002          	sfpnop

0000bb20 <.LBB57295>:
    bb20:	dc0004c1          	sfpexexp	L3,L1,0

0000bb24 <.LBB57299>:
    bb24:	e0000401          	sfpexman	L0,L1,0

0000bb28 <.LBB57301>:
    bb28:	e8000c01          	sfpshft	L0,L3,0x000,0

0000bb2c <.LBB57303>:
    bb2c:	dc000045          	sfpexexp	L1,L0,1

0000bb30 <.LBB57305>:
    bb30:	10000140          	ttreplay	0,5,0,0

0000bb34 <.LBB57308>:
    bb34:	08000042          	sfpsetexp	L1,L0,0x000,0

0000bb38 <.LBB57310>:
    bb38:	c0038629          	sfpload	L0,394,0,7

0000bb3c <.LBB57316>:
    bb3c:	1800a482          	sfpmul	L2,L0,L2,L9,0

0000bb40 <.LBB57319>:
    bb40:	18006402          	sfpmul	L0,L0,L1,L9,0

0000bb44 <.LBB57322>:
    bb44:	c0c38661          	sfpload	L3,408,0,7

0000bb48 <.LBB57328>:
    bb48:	c0438661          	sfpload	L1,408,0,7

0000bb4c <.LBB57334>:
    bb4c:	48000c86          	sfpswap	L2,L3,1
    bb50:	3c000002          	sfpnop

0000bb54 <.LBB57336>:
    bb54:	48000406          	sfpswap	L0,L1,1
    bb58:	3c000002          	sfpnop

0000bb5c <.LBB57338>:
    bb5c:	c0438631          	sfpload	L1,396,0,7

0000bb60 <.LBB57345>:
    bb60:	1006c842          	sfpmad	L1,L1,L11,L2,0
    bb64:	ec000401          	sfpsetcc	L1,0x000,0

0000bb68 <.LBB57349>:
    bb68:	f0002481          	sfpmov	L2,L9,0

0000bb6c <.LBB57352>:
    bb6c:	2800c02a          	sfpencc	0x003,10

0000bb70 <.LBB57355>:
    bb70:	c0438631          	sfpload	L1,396,0,7

0000bb74 <.LBB57362>:
    bb74:	1006c042          	sfpmad	L1,L1,L11,L0,0
    bb78:	ec000401          	sfpsetcc	L1,0x000,0

0000bb7c <.LBB57366>:
    bb7c:	f0002401          	sfpmov	L0,L9,0

0000bb80 <.LBB57369>:
    bb80:	2800c02a          	sfpencc	0x003,10

0000bb84 <.LBB57372>:
    bb84:	c1438371          	sfpload	L5,220,0,7

0000bb88 <.LBB57378>:
    bb88:	c1038379          	sfpload	L4,222,0,7

0000bb8c <.LBB57384>:
    bb8c:	180964c2          	sfpmul	L3,L2,L5,L9,0

0000bb90 <.LBB57387>:
    bb90:	18012442          	sfpmul	L1,L0,L4,L9,0

0000bb94 <.LBB57390>:
    bb94:	c1838639          	sfpload	L6,398,0,7

0000bb98 <.LBB57396>:
    bb98:	c1c38071          	sfpload	L7,28,0,7

0000bb9c <.LBB57402>:
    bb9c:	100d9dc2          	sfpmad	L7,L3,L6,L7,0

0000bba0 <.LBB57405>:
    bba0:	c9c38071          	sfpstore	L7,28,0,7

0000bba4 <.LBB57411>:
    bba4:	c1c38079          	sfpload	L7,30,0,7

0000bba8 <.LBB57417>:
    bba8:	10059d82          	sfpmad	L6,L1,L6,L7,0

0000bbac <.LBB57420>:
    bbac:	c9838079          	sfpstore	L6,30,0,7

0000bbb0 <.LBB57426>:
    bbb0:	c1838641          	sfpload	L6,400,0,7

0000bbb4 <.LBB57432>:
    bbb4:	c1c38171          	sfpload	L7,92,0,7

0000bbb8 <.LBB57438>:
    bbb8:	100d9dc2          	sfpmad	L7,L3,L6,L7,0

0000bbbc <.LBB57441>:
    bbbc:	c9c38171          	sfpstore	L7,92,0,7

0000bbc0 <.LBB57447>:
    bbc0:	c1c38179          	sfpload	L7,94,0,7

0000bbc4 <.LBB57453>:
    bbc4:	10059d82          	sfpmad	L6,L1,L6,L7,0

0000bbc8 <.LBB57456>:
    bbc8:	c9838179          	sfpstore	L6,94,0,7

0000bbcc <.LBB57462>:
    bbcc:	c1838649          	sfpload	L6,402,0,7

0000bbd0 <.LBB57468>:
    bbd0:	c1c38271          	sfpload	L7,156,0,7

0000bbd4 <.LBB57474>:
    bbd4:	100d9cc2          	sfpmad	L3,L3,L6,L7,0

0000bbd8 <.LBB57477>:
    bbd8:	c8c38271          	sfpstore	L3,156,0,7

0000bbdc <.LBB57483>:
    bbdc:	c0c38279          	sfpload	L3,158,0,7

0000bbe0 <.LBB57489>:
    bbe0:	10058c42          	sfpmad	L1,L1,L6,L3,0

0000bbe4 <.LBB57492>:
    bbe4:	c8438279          	sfpstore	L1,158,0,7

0000bbe8 <.LBB57498>:
    bbe8:	142a888a          	sfpadd	L2,L10,L10,L2,2

0000bbec <.LBB57501>:
    bbec:	1814a542          	sfpmul	L5,L5,L2,L9,0

0000bbf0 <.LBB57504>:
    bbf0:	c9438371          	sfpstore	L5,220,0,7

0000bbf4 <.LBB57510>:
    bbf4:	142a800a          	sfpadd	L0,L10,L10,L0,2

0000bbf8 <.LBB57513>:
    bbf8:	18102402          	sfpmul	L0,L4,L0,L9,0

0000bbfc <.LBB57516>:
    bbfc:	c8038379          	sfpstore	L0,222,0,7

0000bc00 <.LBE56751>:
    bc00:	00008067          	ret

0000bc04 <_ZN12_GLOBAL__N_1L16blend_chain_bodyILm8ELm1EEEvmPKNS_15BlendChainEntryE>:
    bc04:	01255713          	srli	a4,a0,0x12

0000bc08 <.LM6325>:
    bc08:	10070a63          	beqz	a4,bd1c <.L127>

0000bc0c <.LBB58956>:
    bc0c:	60171793          	ctz	a5,a4
    bc10:	01e7f793          	andi	a5,a5,30

0000bc14 <.LM6330>:
    bc14:	00f75733          	srl	a4,a4,a5

0000bc18 <.LM6332>:
    bc18:	00377713          	andi	a4,a4,3

0000bc1c <.LBE58956>:
    bc1c:	20e7a7b3          	sh1add	a5,a5,a4

0000bc20 <.LM6334>:
    bc20:	20b7c7b3          	sh2add	a5,a5,a1
    bc24:	0907a783          	lw	a5,144(a5)

0000bc28 <.LBB58958>:
    bc28:	c0838481          	sfpload	L2,288,0,7

0000bc2c <.LBB58967>:
    bc2c:	c0438581          	sfpload	L1,352,0,7

0000bc30 <.LBB58973>:
    bc30:	c1038611          	sfpload	L4,388,0,7

0000bc34 <.LBB58979>:
    bc34:	c0c38619          	sfpload	L3,390,0,7

0000bc38 <.LBB58985>:
    bc38:	c0038621          	sfpload	L0,392,0,7

0000bc3c <.LBB58991>:
    bc3c:	c1838601          	sfpload	L6,384,0,7

0000bc40 <.LBB58997>:
    bc40:	c1438609          	sfpload	L5,386,0,7

0000bc44 <.LBB59003>:
    bc44:	1428988a          	sfpadd	L2,L10,L2,L6,2

0000bc48 <.LBB59006>:
    bc48:	1428544a          	sfpadd	L1,L10,L1,L5,2

0000bc4c <.LBB59009>:
    bc4c:	1808a542          	sfpmul	L5,L2,L2,L9,0

0000bc50 <.LBB59012>:
    bc50:	18116502          	sfpmul	L4,L4,L5,L9,0

0000bc54 <.LBB59015>:
    bc54:	18086482          	sfpmul	L2,L2,L1,L9,0

0000bc58 <.LBB59018>:
    bc58:	100c9082          	sfpmad	L2,L3,L2,L4,0

0000bc5c <.LBB59021>:
    bc5c:	18046442          	sfpmul	L1,L1,L1,L9,0

0000bc60 <.LBB59024>:
    bc60:	10004802          	sfpmad	L0,L0,L1,L2,0
    bc64:	3c000002          	sfpnop

0000bc68 <.LBB59027>:
    bc68:	48002406          	sfpswap	L0,L9,1
    bc6c:	3c000002          	sfpnop

0000bc70 <.LBB59029>:
    bc70:	18032402          	sfpmul	L0,L0,L12,L9,0

0000bc74 <.LBB59034>:
    bc74:	d50bf801          	sfpaddi	L0,17150,0
    bc78:	3c000002          	sfpnop

0000bc7c <.LBB59037>:
    bc7c:	48000246          	sfpswap	L9,L0,1
    bc80:	3c000002          	sfpnop

0000bc84 <.LBB59039>:
    bc84:	dc000041          	sfpexexp	L1,L0,0

0000bc88 <.LBB59043>:
    bc88:	e0000001          	sfpexman	L0,L0,0

0000bc8c <.LBB59045>:
    bc8c:	e8000401          	sfpshft	L0,L1,0x000,0

0000bc90 <.LBB59047>:
    bc90:	dc000045          	sfpexexp	L1,L0,1

0000bc94 <.LBB59049>:
    bc94:	e0000005          	sfpexman	L0,L0,1

0000bc98 <.LBB59051>:
    bc98:	40000002          	sfpcast	L0,L0,0

0000bc9c <.LBB59053>:
    bc9c:	10037882          	sfpmad	L2,L0,L13,L14,0

0000bca0 <.LBB59056>:
    bca0:	c0c38659          	sfpload	L3,406,0,7

0000bca4 <.LBB59062>:
    bca4:	10008c02          	sfpmad	L0,L0,L2,L3,0

0000bca8 <.LBB59065>:
    bca8:	08000042          	sfpsetexp	L1,L0,0x000,0

0000bcac <.LBB59067>:
    bcac:	c0038629          	sfpload	L0,394,0,7

0000bcb0 <.LBB59073>:
    bcb0:	18006402          	sfpmul	L0,L0,L1,L9,0

0000bcb4 <.LBB59076>:
    bcb4:	c0438661          	sfpload	L1,408,0,7

0000bcb8 <.LBB59082>:
    bcb8:	48000406          	sfpswap	L0,L1,1
    bcbc:	3c000002          	sfpnop

0000bcc0 <.LBB59084>:
    bcc0:	c0438631          	sfpload	L1,396,0,7

0000bcc4 <.LBB59091>:
    bcc4:	1006c042          	sfpmad	L1,L1,L11,L0,0
    bcc8:	ec000401          	sfpsetcc	L1,0x000,0

0000bccc <.LBB59095>:
    bccc:	f0002401          	sfpmov	L0,L9,0

0000bcd0 <.LBB59098>:
    bcd0:	2800c02a          	sfpencc	0x003,10

0000bcd4 <.LBB59101>:
    bcd4:	c0838381          	sfpload	L2,224,0,7

0000bcd8 <.LBB59107>:
    bcd8:	1800a442          	sfpmul	L1,L0,L2,L9,0

0000bcdc <.LBB59110>:
    bcdc:	c1038081          	sfpload	L4,32,0,7

0000bce0 <.LBB59116>:
    bce0:	c0c38639          	sfpload	L3,398,0,7

0000bce4 <.LBB59122>:
    bce4:	1004d0c2          	sfpmad	L3,L1,L3,L4,0

0000bce8 <.LBB59125>:
    bce8:	c8c38081          	sfpstore	L3,32,0,7

0000bcec <.LBB59131>:
    bcec:	c1038181          	sfpload	L4,96,0,7

0000bcf0 <.LBB59137>:
    bcf0:	c0c38641          	sfpload	L3,400,0,7

0000bcf4 <.LBB59143>:
    bcf4:	1004d0c2          	sfpmad	L3,L1,L3,L4,0

0000bcf8 <.LBB59146>:
    bcf8:	c8c38181          	sfpstore	L3,96,0,7

0000bcfc <.LBB59152>:
    bcfc:	c1038281          	sfpload	L4,160,0,7

0000bd00 <.LBB59158>:
    bd00:	c0c38649          	sfpload	L3,402,0,7

0000bd04 <.LBB59164>:
    bd04:	1004d042          	sfpmad	L1,L1,L3,L4,0

0000bd08 <.LBB59167>:
    bd08:	c8438281          	sfpstore	L1,160,0,7

0000bd0c <.LBB59173>:
    bd0c:	142a800a          	sfpadd	L0,L10,L10,L0,2

0000bd10 <.LBB59176>:
    bd10:	18082402          	sfpmul	L0,L2,L0,L9,0

0000bd14 <.LBB59179>:
    bd14:	c8038381          	sfpstore	L0,224,0,7

0000bd18 <.LBE58958>:
    bd18:	00078067          	jr	a5

0000bd1c <.L127>:
    bd1c:	c0838481          	sfpload	L2,288,0,7

0000bd20 <.LBB59194>:
    bd20:	c0438581          	sfpload	L1,352,0,7

0000bd24 <.LBB59200>:
    bd24:	c1038611          	sfpload	L4,388,0,7

0000bd28 <.LBB59206>:
    bd28:	c0c38619          	sfpload	L3,390,0,7

0000bd2c <.LBB59212>:
    bd2c:	c0038621          	sfpload	L0,392,0,7

0000bd30 <.LBB59218>:
    bd30:	c1838601          	sfpload	L6,384,0,7

0000bd34 <.LBB59224>:
    bd34:	c1438609          	sfpload	L5,386,0,7

0000bd38 <.LBB59230>:
    bd38:	1428988a          	sfpadd	L2,L10,L2,L6,2

0000bd3c <.LBB59233>:
    bd3c:	1428544a          	sfpadd	L1,L10,L1,L5,2

0000bd40 <.LBB59236>:
    bd40:	1808a542          	sfpmul	L5,L2,L2,L9,0

0000bd44 <.LBB59239>:
    bd44:	18116502          	sfpmul	L4,L4,L5,L9,0

0000bd48 <.LBB59242>:
    bd48:	18086482          	sfpmul	L2,L2,L1,L9,0

0000bd4c <.LBB59245>:
    bd4c:	100c9082          	sfpmad	L2,L3,L2,L4,0

0000bd50 <.LBB59248>:
    bd50:	18046442          	sfpmul	L1,L1,L1,L9,0

0000bd54 <.LBB59251>:
    bd54:	10004802          	sfpmad	L0,L0,L1,L2,0
    bd58:	3c000002          	sfpnop

0000bd5c <.LBB59254>:
    bd5c:	48002406          	sfpswap	L0,L9,1
    bd60:	3c000002          	sfpnop

0000bd64 <.LBB59256>:
    bd64:	18032402          	sfpmul	L0,L0,L12,L9,0

0000bd68 <.LBB59261>:
    bd68:	d50bf801          	sfpaddi	L0,17150,0
    bd6c:	3c000002          	sfpnop

0000bd70 <.LBB59264>:
    bd70:	48000246          	sfpswap	L9,L0,1
    bd74:	3c000002          	sfpnop

0000bd78 <.LBB59266>:
    bd78:	dc000041          	sfpexexp	L1,L0,0

0000bd7c <.LBB59270>:
    bd7c:	e0000001          	sfpexman	L0,L0,0

0000bd80 <.LBB59272>:
    bd80:	e8000401          	sfpshft	L0,L1,0x000,0

0000bd84 <.LBB59274>:
    bd84:	dc000045          	sfpexexp	L1,L0,1

0000bd88 <.LBB59276>:
    bd88:	e0000005          	sfpexman	L0,L0,1

0000bd8c <.LBB59278>:
    bd8c:	40000002          	sfpcast	L0,L0,0

0000bd90 <.LBB59280>:
    bd90:	10037882          	sfpmad	L2,L0,L13,L14,0

0000bd94 <.LBB59283>:
    bd94:	c0c38659          	sfpload	L3,406,0,7

0000bd98 <.LBB59289>:
    bd98:	10008c02          	sfpmad	L0,L0,L2,L3,0

0000bd9c <.LBB59292>:
    bd9c:	08000042          	sfpsetexp	L1,L0,0x000,0

0000bda0 <.LBB59294>:
    bda0:	c0038629          	sfpload	L0,394,0,7

0000bda4 <.LBB59300>:
    bda4:	18006402          	sfpmul	L0,L0,L1,L9,0

0000bda8 <.LBB59303>:
    bda8:	c0438661          	sfpload	L1,408,0,7

0000bdac <.LBB59309>:
    bdac:	48000406          	sfpswap	L0,L1,1
    bdb0:	3c000002          	sfpnop

0000bdb4 <.LBB59311>:
    bdb4:	c0438631          	sfpload	L1,396,0,7

0000bdb8 <.LBB59318>:
    bdb8:	1006c042          	sfpmad	L1,L1,L11,L0,0
    bdbc:	ec000401          	sfpsetcc	L1,0x000,0

0000bdc0 <.LBB59322>:
    bdc0:	f0002401          	sfpmov	L0,L9,0

0000bdc4 <.LBB59325>:
    bdc4:	2800c02a          	sfpencc	0x003,10

0000bdc8 <.LBB59328>:
    bdc8:	c0838381          	sfpload	L2,224,0,7

0000bdcc <.LBB59334>:
    bdcc:	1800a442          	sfpmul	L1,L0,L2,L9,0

0000bdd0 <.LBB59337>:
    bdd0:	c1038081          	sfpload	L4,32,0,7

0000bdd4 <.LBB59343>:
    bdd4:	c0c38639          	sfpload	L3,398,0,7

0000bdd8 <.LBB59349>:
    bdd8:	1004d0c2          	sfpmad	L3,L1,L3,L4,0

0000bddc <.LBB59352>:
    bddc:	c8c38081          	sfpstore	L3,32,0,7

0000bde0 <.LBB59358>:
    bde0:	c1038181          	sfpload	L4,96,0,7

0000bde4 <.LBB59364>:
    bde4:	c0c38641          	sfpload	L3,400,0,7

0000bde8 <.LBB59370>:
    bde8:	1004d0c2          	sfpmad	L3,L1,L3,L4,0

0000bdec <.LBB59373>:
    bdec:	c8c38181          	sfpstore	L3,96,0,7

0000bdf0 <.LBB59379>:
    bdf0:	c1038281          	sfpload	L4,160,0,7

0000bdf4 <.LBB59385>:
    bdf4:	c0c38649          	sfpload	L3,402,0,7

0000bdf8 <.LBB59391>:
    bdf8:	1004d042          	sfpmad	L1,L1,L3,L4,0

0000bdfc <.LBB59394>:
    bdfc:	c8438281          	sfpstore	L1,160,0,7

0000be00 <.LBB59400>:
    be00:	142a800a          	sfpadd	L0,L10,L10,L0,2

0000be04 <.LBB59403>:
    be04:	18082402          	sfpmul	L0,L2,L0,L9,0

0000be08 <.LBB59406>:
    be08:	c8038381          	sfpstore	L0,224,0,7

0000be0c <.LBE58955>:
    be0c:	00008067          	ret

0000be10 <_ZN12_GLOBAL__N_1L16blend_chain_bodyILm8ELm2EEEvmPKNS_15BlendChainEntryE>:
    be10:	01255713          	srli	a4,a0,0x12

0000be14 <.LM6535>:
    be14:	10070a63          	beqz	a4,bf28 <.L132>

0000be18 <.LBB60846>:
    be18:	60171793          	ctz	a5,a4
    be1c:	01e7f793          	andi	a5,a5,30

0000be20 <.LM6540>:
    be20:	00f75733          	srl	a4,a4,a5

0000be24 <.LM6542>:
    be24:	00377713          	andi	a4,a4,3

0000be28 <.LBE60846>:
    be28:	20e7a7b3          	sh1add	a5,a5,a4

0000be2c <.LM6544>:
    be2c:	20b7c7b3          	sh2add	a5,a5,a1
    be30:	0907a783          	lw	a5,144(a5)

0000be34 <.LBB60848>:
    be34:	c0838489          	sfpload	L2,290,0,7

0000be38 <.LBB60857>:
    be38:	c0438589          	sfpload	L1,354,0,7

0000be3c <.LBB60863>:
    be3c:	c1038611          	sfpload	L4,388,0,7

0000be40 <.LBB60869>:
    be40:	c0c38619          	sfpload	L3,390,0,7

0000be44 <.LBB60875>:
    be44:	c0038621          	sfpload	L0,392,0,7

0000be48 <.LBB60881>:
    be48:	c1838601          	sfpload	L6,384,0,7

0000be4c <.LBB60887>:
    be4c:	c1438609          	sfpload	L5,386,0,7

0000be50 <.LBB60893>:
    be50:	1428988a          	sfpadd	L2,L10,L2,L6,2

0000be54 <.LBB60896>:
    be54:	1428544a          	sfpadd	L1,L10,L1,L5,2

0000be58 <.LBB60899>:
    be58:	1808a542          	sfpmul	L5,L2,L2,L9,0

0000be5c <.LBB60902>:
    be5c:	18116502          	sfpmul	L4,L4,L5,L9,0

0000be60 <.LBB60905>:
    be60:	18086482          	sfpmul	L2,L2,L1,L9,0

0000be64 <.LBB60908>:
    be64:	100c9082          	sfpmad	L2,L3,L2,L4,0

0000be68 <.LBB60911>:
    be68:	18046442          	sfpmul	L1,L1,L1,L9,0

0000be6c <.LBB60914>:
    be6c:	10004802          	sfpmad	L0,L0,L1,L2,0
    be70:	3c000002          	sfpnop

0000be74 <.LBB60917>:
    be74:	48002406          	sfpswap	L0,L9,1
    be78:	3c000002          	sfpnop

0000be7c <.LBB60919>:
    be7c:	18032402          	sfpmul	L0,L0,L12,L9,0

0000be80 <.LBB60924>:
    be80:	d50bf801          	sfpaddi	L0,17150,0
    be84:	3c000002          	sfpnop

0000be88 <.LBB60927>:
    be88:	48000246          	sfpswap	L9,L0,1
    be8c:	3c000002          	sfpnop

0000be90 <.LBB60929>:
    be90:	dc000041          	sfpexexp	L1,L0,0

0000be94 <.LBB60933>:
    be94:	e0000001          	sfpexman	L0,L0,0

0000be98 <.LBB60935>:
    be98:	e8000401          	sfpshft	L0,L1,0x000,0

0000be9c <.LBB60937>:
    be9c:	dc000045          	sfpexexp	L1,L0,1

0000bea0 <.LBB60939>:
    bea0:	e0000005          	sfpexman	L0,L0,1

0000bea4 <.LBB60941>:
    bea4:	40000002          	sfpcast	L0,L0,0

0000bea8 <.LBB60943>:
    bea8:	10037882          	sfpmad	L2,L0,L13,L14,0

0000beac <.LBB60946>:
    beac:	c0c38659          	sfpload	L3,406,0,7

0000beb0 <.LBB60952>:
    beb0:	10008c02          	sfpmad	L0,L0,L2,L3,0

0000beb4 <.LBB60955>:
    beb4:	08000042          	sfpsetexp	L1,L0,0x000,0

0000beb8 <.LBB60957>:
    beb8:	c0038629          	sfpload	L0,394,0,7

0000bebc <.LBB60963>:
    bebc:	18006402          	sfpmul	L0,L0,L1,L9,0

0000bec0 <.LBB60966>:
    bec0:	c0438661          	sfpload	L1,408,0,7

0000bec4 <.LBB60972>:
    bec4:	48000406          	sfpswap	L0,L1,1
    bec8:	3c000002          	sfpnop

0000becc <.LBB60974>:
    becc:	c0438631          	sfpload	L1,396,0,7

0000bed0 <.LBB60981>:
    bed0:	1006c042          	sfpmad	L1,L1,L11,L0,0
    bed4:	ec000401          	sfpsetcc	L1,0x000,0

0000bed8 <.LBB60985>:
    bed8:	f0002401          	sfpmov	L0,L9,0

0000bedc <.LBB60988>:
    bedc:	2800c02a          	sfpencc	0x003,10

0000bee0 <.LBB60991>:
    bee0:	c0838389          	sfpload	L2,226,0,7

0000bee4 <.LBB60997>:
    bee4:	1800a442          	sfpmul	L1,L0,L2,L9,0

0000bee8 <.LBB61000>:
    bee8:	c1038089          	sfpload	L4,34,0,7

0000beec <.LBB61006>:
    beec:	c0c38639          	sfpload	L3,398,0,7

0000bef0 <.LBB61012>:
    bef0:	1004d0c2          	sfpmad	L3,L1,L3,L4,0

0000bef4 <.LBB61015>:
    bef4:	c8c38089          	sfpstore	L3,34,0,7

0000bef8 <.LBB61021>:
    bef8:	c1038189          	sfpload	L4,98,0,7

0000befc <.LBB61027>:
    befc:	c0c38641          	sfpload	L3,400,0,7

0000bf00 <.LBB61033>:
    bf00:	1004d0c2          	sfpmad	L3,L1,L3,L4,0

0000bf04 <.LBB61036>:
    bf04:	c8c38189          	sfpstore	L3,98,0,7

0000bf08 <.LBB61042>:
    bf08:	c1038289          	sfpload	L4,162,0,7

0000bf0c <.LBB61048>:
    bf0c:	c0c38649          	sfpload	L3,402,0,7

0000bf10 <.LBB61054>:
    bf10:	1004d042          	sfpmad	L1,L1,L3,L4,0

0000bf14 <.LBB61057>:
    bf14:	c8438289          	sfpstore	L1,162,0,7

0000bf18 <.LBB61063>:
    bf18:	142a800a          	sfpadd	L0,L10,L10,L0,2

0000bf1c <.LBB61066>:
    bf1c:	18082402          	sfpmul	L0,L2,L0,L9,0

0000bf20 <.LBB61069>:
    bf20:	c8038389          	sfpstore	L0,226,0,7

0000bf24 <.LBE60848>:
    bf24:	00078067          	jr	a5

0000bf28 <.L132>:
    bf28:	c0838489          	sfpload	L2,290,0,7

0000bf2c <.LBB61084>:
    bf2c:	c0438589          	sfpload	L1,354,0,7

0000bf30 <.LBB61090>:
    bf30:	c1038611          	sfpload	L4,388,0,7

0000bf34 <.LBB61096>:
    bf34:	c0c38619          	sfpload	L3,390,0,7

0000bf38 <.LBB61102>:
    bf38:	c0038621          	sfpload	L0,392,0,7

0000bf3c <.LBB61108>:
    bf3c:	c1838601          	sfpload	L6,384,0,7

0000bf40 <.LBB61114>:
    bf40:	c1438609          	sfpload	L5,386,0,7

0000bf44 <.LBB61120>:
    bf44:	1428988a          	sfpadd	L2,L10,L2,L6,2

0000bf48 <.LBB61123>:
    bf48:	1428544a          	sfpadd	L1,L10,L1,L5,2

0000bf4c <.LBB61126>:
    bf4c:	1808a542          	sfpmul	L5,L2,L2,L9,0

0000bf50 <.LBB61129>:
    bf50:	18116502          	sfpmul	L4,L4,L5,L9,0

0000bf54 <.LBB61132>:
    bf54:	18086482          	sfpmul	L2,L2,L1,L9,0

0000bf58 <.LBB61135>:
    bf58:	100c9082          	sfpmad	L2,L3,L2,L4,0

0000bf5c <.LBB61138>:
    bf5c:	18046442          	sfpmul	L1,L1,L1,L9,0

0000bf60 <.LBB61141>:
    bf60:	10004802          	sfpmad	L0,L0,L1,L2,0
    bf64:	3c000002          	sfpnop

0000bf68 <.LBB61144>:
    bf68:	48002406          	sfpswap	L0,L9,1
    bf6c:	3c000002          	sfpnop

0000bf70 <.LBB61146>:
    bf70:	18032402          	sfpmul	L0,L0,L12,L9,0

0000bf74 <.LBB61151>:
    bf74:	d50bf801          	sfpaddi	L0,17150,0
    bf78:	3c000002          	sfpnop

0000bf7c <.LBB61154>:
    bf7c:	48000246          	sfpswap	L9,L0,1
    bf80:	3c000002          	sfpnop

0000bf84 <.LBB61156>:
    bf84:	dc000041          	sfpexexp	L1,L0,0

0000bf88 <.LBB61160>:
    bf88:	e0000001          	sfpexman	L0,L0,0

0000bf8c <.LBB61162>:
    bf8c:	e8000401          	sfpshft	L0,L1,0x000,0

0000bf90 <.LBB61164>:
    bf90:	dc000045          	sfpexexp	L1,L0,1

0000bf94 <.LBB61166>:
    bf94:	e0000005          	sfpexman	L0,L0,1

0000bf98 <.LBB61168>:
    bf98:	40000002          	sfpcast	L0,L0,0

0000bf9c <.LBB61170>:
    bf9c:	10037882          	sfpmad	L2,L0,L13,L14,0

0000bfa0 <.LBB61173>:
    bfa0:	c0c38659          	sfpload	L3,406,0,7

0000bfa4 <.LBB61179>:
    bfa4:	10008c02          	sfpmad	L0,L0,L2,L3,0

0000bfa8 <.LBB61182>:
    bfa8:	08000042          	sfpsetexp	L1,L0,0x000,0

0000bfac <.LBB61184>:
    bfac:	c0038629          	sfpload	L0,394,0,7

0000bfb0 <.LBB61190>:
    bfb0:	18006402          	sfpmul	L0,L0,L1,L9,0

0000bfb4 <.LBB61193>:
    bfb4:	c0438661          	sfpload	L1,408,0,7

0000bfb8 <.LBB61199>:
    bfb8:	48000406          	sfpswap	L0,L1,1
    bfbc:	3c000002          	sfpnop

0000bfc0 <.LBB61201>:
    bfc0:	c0438631          	sfpload	L1,396,0,7

0000bfc4 <.LBB61208>:
    bfc4:	1006c042          	sfpmad	L1,L1,L11,L0,0
    bfc8:	ec000401          	sfpsetcc	L1,0x000,0

0000bfcc <.LBB61212>:
    bfcc:	f0002401          	sfpmov	L0,L9,0

0000bfd0 <.LBB61215>:
    bfd0:	2800c02a          	sfpencc	0x003,10

0000bfd4 <.LBB61218>:
    bfd4:	c0838389          	sfpload	L2,226,0,7

0000bfd8 <.LBB61224>:
    bfd8:	1800a442          	sfpmul	L1,L0,L2,L9,0

0000bfdc <.LBB61227>:
    bfdc:	c1038089          	sfpload	L4,34,0,7

0000bfe0 <.LBB61233>:
    bfe0:	c0c38639          	sfpload	L3,398,0,7

0000bfe4 <.LBB61239>:
    bfe4:	1004d0c2          	sfpmad	L3,L1,L3,L4,0

0000bfe8 <.LBB61242>:
    bfe8:	c8c38089          	sfpstore	L3,34,0,7

0000bfec <.LBB61248>:
    bfec:	c1038189          	sfpload	L4,98,0,7

0000bff0 <.LBB61254>:
    bff0:	c0c38641          	sfpload	L3,400,0,7

0000bff4 <.LBB61260>:
    bff4:	1004d0c2          	sfpmad	L3,L1,L3,L4,0

0000bff8 <.LBB61263>:
    bff8:	c8c38189          	sfpstore	L3,98,0,7

0000bffc <.LBB61269>:
    bffc:	c1038289          	sfpload	L4,162,0,7

0000c000 <.LBB61275>:
    c000:	c0c38649          	sfpload	L3,402,0,7

0000c004 <.LBB61281>:
    c004:	1004d042          	sfpmad	L1,L1,L3,L4,0

0000c008 <.LBB61284>:
    c008:	c8438289          	sfpstore	L1,162,0,7

0000c00c <.LBB61290>:
    c00c:	142a800a          	sfpadd	L0,L10,L10,L0,2

0000c010 <.LBB61293>:
    c010:	18082402          	sfpmul	L0,L2,L0,L9,0

0000c014 <.LBB61296>:
    c014:	c8038389          	sfpstore	L0,226,0,7

0000c018 <.LBE60845>:
    c018:	00008067          	ret

0000c01c <_ZN12_GLOBAL__N_1L16blend_chain_bodyILm8ELm3EEEvmPKNS_15BlendChainEntryE>:
    c01c:	01255713          	srli	a4,a0,0x12

0000c020 <.LM6745>:
    c020:	1c070663          	beqz	a4,c1ec <.L137>

0000c024 <.LBB63942>:
    c024:	60171793          	ctz	a5,a4
    c028:	01e7f793          	andi	a5,a5,30

0000c02c <.LM6750>:
    c02c:	00f75733          	srl	a4,a4,a5

0000c030 <.LM6752>:
    c030:	00377713          	andi	a4,a4,3

0000c034 <.LBE63942>:
    c034:	20e7a7b3          	sh1add	a5,a5,a4

0000c038 <.LM6754>:
    c038:	20b7c7b3          	sh2add	a5,a5,a1
    c03c:	0907a783          	lw	a5,144(a5)

0000c040 <.LBB63944>:
    c040:	c0038601          	sfpload	L0,384,0,7

0000c044 <.LBB63953>:
    c044:	c1038609          	sfpload	L4,386,0,7

0000c048 <.LBB63959>:
    c048:	c0838481          	sfpload	L2,288,0,7

0000c04c <.LBB63965>:
    c04c:	1428808a          	sfpadd	L2,L10,L2,L0,2

0000c050 <.LBB63968>:
    c050:	c0438489          	sfpload	L1,290,0,7

0000c054 <.LBB63974>:
    c054:	1428404a          	sfpadd	L1,L10,L1,L0,2

0000c058 <.LBB63977>:
    c058:	c0038581          	sfpload	L0,352,0,7

0000c05c <.LBB63983>:
    c05c:	1428100a          	sfpadd	L0,L10,L0,L4,2

0000c060 <.LBB63986>:
    c060:	c0c38589          	sfpload	L3,354,0,7

0000c064 <.LBB63992>:
    c064:	1428d0ca          	sfpadd	L3,L10,L3,L4,2

0000c068 <.LBB63995>:
    c068:	c1438611          	sfpload	L5,388,0,7

0000c06c <.LBB64001>:
    c06c:	1808a582          	sfpmul	L6,L2,L2,L9,0

0000c070 <.LBB64004>:
    c070:	1815a582          	sfpmul	L6,L5,L6,L9,0

0000c074 <.LBB64007>:
    c074:	18046502          	sfpmul	L4,L1,L1,L9,0

0000c078 <.LBB64010>:
    c078:	18152542          	sfpmul	L5,L5,L4,L9,0

0000c07c <.LBB64013>:
    c07c:	c1038619          	sfpload	L4,390,0,7

0000c080 <.LBB64019>:
    c080:	18082482          	sfpmul	L2,L2,L0,L9,0

0000c084 <.LBB64022>:
    c084:	10109882          	sfpmad	L2,L4,L2,L6,0

0000c088 <.LBB64025>:
    c088:	1804e442          	sfpmul	L1,L1,L3,L9,0

0000c08c <.LBB64028>:
    c08c:	10105502          	sfpmad	L4,L4,L1,L5,0

0000c090 <.LBB64031>:
    c090:	c0438621          	sfpload	L1,392,0,7

0000c094 <.LBB64037>:
    c094:	18002402          	sfpmul	L0,L0,L0,L9,0

0000c098 <.LBB64040>:
    c098:	10040802          	sfpmad	L0,L1,L0,L2,0

0000c09c <.LBB64043>:
    c09c:	180ce4c2          	sfpmul	L3,L3,L3,L9,0

0000c0a0 <.LBB64046>:
    c0a0:	1004d042          	sfpmad	L1,L1,L3,L4,0

0000c0a4 <.LBB64049>:
    c0a4:	48002406          	sfpswap	L0,L9,1
    c0a8:	3c000002          	sfpnop

0000c0ac <.LBB64051>:
    c0ac:	48002446          	sfpswap	L1,L9,1
    c0b0:	3c000002          	sfpnop

0000c0b4 <.LBB64053>:
    c0b4:	18032402          	sfpmul	L0,L0,L12,L9,0

0000c0b8 <.LBB64058>:
    c0b8:	d50bf801          	sfpaddi	L0,17150,0
    c0bc:	3c000002          	sfpnop

0000c0c0 <.LBB64061>:
    c0c0:	48000246          	sfpswap	L9,L0,1
    c0c4:	3c000002          	sfpnop

0000c0c8 <.LBB64063>:
    c0c8:	dc000081          	sfpexexp	L2,L0,0

0000c0cc <.LBB64067>:
    c0cc:	e0000001          	sfpexman	L0,L0,0

0000c0d0 <.LBB64069>:
    c0d0:	e8000801          	sfpshft	L0,L2,0x000,0

0000c0d4 <.LBB64071>:
    c0d4:	dc000085          	sfpexexp	L2,L0,1

0000c0d8 <.LBB64073>:
    c0d8:	1000014c          	ttreplay	0,5,1,1
    c0dc:	e0000005          	sfpexman	L0,L0,1

0000c0e0 <.LBB64075>:
    c0e0:	40000002          	sfpcast	L0,L0,0

0000c0e4 <.LBB64077>:
    c0e4:	100378c2          	sfpmad	L3,L0,L13,L14,0

0000c0e8 <.LBB64080>:
    c0e8:	c1038659          	sfpload	L4,406,0,7

0000c0ec <.LBB64086>:
    c0ec:	1000d002          	sfpmad	L0,L0,L3,L4,0

0000c0f0 <.LBB64089>:
    c0f0:	08000082          	sfpsetexp	L2,L0,0x000,0

0000c0f4 <.LBB64091>:
    c0f4:	18072442          	sfpmul	L1,L1,L12,L9,0

0000c0f8 <.LBB64096>:
    c0f8:	d50bf841          	sfpaddi	L1,17150,0
    c0fc:	3c000002          	sfpnop

0000c100 <.LBB64099>:
    c100:	48000646          	sfpswap	L9,L1,1
    c104:	3c000002          	sfpnop

0000c108 <.LBB64101>:
    c108:	dc0004c1          	sfpexexp	L3,L1,0

0000c10c <.LBB64105>:
    c10c:	e0000401          	sfpexman	L0,L1,0

0000c110 <.LBB64107>:
    c110:	e8000c01          	sfpshft	L0,L3,0x000,0

0000c114 <.LBB64109>:
    c114:	dc000045          	sfpexexp	L1,L0,1

0000c118 <.LBB64111>:
    c118:	10000140          	ttreplay	0,5,0,0

0000c11c <.LBB64114>:
    c11c:	08000042          	sfpsetexp	L1,L0,0x000,0

0000c120 <.LBB64116>:
    c120:	c0038629          	sfpload	L0,394,0,7

0000c124 <.LBB64122>:
    c124:	1800a482          	sfpmul	L2,L0,L2,L9,0

0000c128 <.LBB64125>:
    c128:	18006402          	sfpmul	L0,L0,L1,L9,0

0000c12c <.LBB64128>:
    c12c:	c0c38661          	sfpload	L3,408,0,7

0000c130 <.LBB64134>:
    c130:	c0438661          	sfpload	L1,408,0,7

0000c134 <.LBB64140>:
    c134:	48000c86          	sfpswap	L2,L3,1
    c138:	3c000002          	sfpnop

0000c13c <.LBB64142>:
    c13c:	48000406          	sfpswap	L0,L1,1
    c140:	3c000002          	sfpnop

0000c144 <.LBB64144>:
    c144:	c0438631          	sfpload	L1,396,0,7

0000c148 <.LBB64151>:
    c148:	1006c842          	sfpmad	L1,L1,L11,L2,0
    c14c:	ec000401          	sfpsetcc	L1,0x000,0

0000c150 <.LBB64155>:
    c150:	f0002481          	sfpmov	L2,L9,0

0000c154 <.LBB64158>:
    c154:	2800c02a          	sfpencc	0x003,10

0000c158 <.LBB64161>:
    c158:	c0438631          	sfpload	L1,396,0,7

0000c15c <.LBB64168>:
    c15c:	1006c042          	sfpmad	L1,L1,L11,L0,0
    c160:	ec000401          	sfpsetcc	L1,0x000,0

0000c164 <.LBB64172>:
    c164:	f0002401          	sfpmov	L0,L9,0

0000c168 <.LBB64175>:
    c168:	2800c02a          	sfpencc	0x003,10

0000c16c <.LBB64178>:
    c16c:	c1438381          	sfpload	L5,224,0,7

0000c170 <.LBB64184>:
    c170:	c1038389          	sfpload	L4,226,0,7

0000c174 <.LBB64190>:
    c174:	180964c2          	sfpmul	L3,L2,L5,L9,0

0000c178 <.LBB64193>:
    c178:	18012442          	sfpmul	L1,L0,L4,L9,0

0000c17c <.LBB64196>:
    c17c:	c1838639          	sfpload	L6,398,0,7

0000c180 <.LBB64202>:
    c180:	c1c38081          	sfpload	L7,32,0,7

0000c184 <.LBB64208>:
    c184:	100d9dc2          	sfpmad	L7,L3,L6,L7,0

0000c188 <.LBB64211>:
    c188:	c9c38081          	sfpstore	L7,32,0,7

0000c18c <.LBB64217>:
    c18c:	c1c38089          	sfpload	L7,34,0,7

0000c190 <.LBB64223>:
    c190:	10059d82          	sfpmad	L6,L1,L6,L7,0

0000c194 <.LBB64226>:
    c194:	c9838089          	sfpstore	L6,34,0,7

0000c198 <.LBB64232>:
    c198:	c1838641          	sfpload	L6,400,0,7

0000c19c <.LBB64238>:
    c19c:	c1c38181          	sfpload	L7,96,0,7

0000c1a0 <.LBB64244>:
    c1a0:	100d9dc2          	sfpmad	L7,L3,L6,L7,0

0000c1a4 <.LBB64247>:
    c1a4:	c9c38181          	sfpstore	L7,96,0,7

0000c1a8 <.LBB64253>:
    c1a8:	c1c38189          	sfpload	L7,98,0,7

0000c1ac <.LBB64259>:
    c1ac:	10059d82          	sfpmad	L6,L1,L6,L7,0

0000c1b0 <.LBB64262>:
    c1b0:	c9838189          	sfpstore	L6,98,0,7

0000c1b4 <.LBB64268>:
    c1b4:	c1838649          	sfpload	L6,402,0,7

0000c1b8 <.LBB64274>:
    c1b8:	c1c38281          	sfpload	L7,160,0,7

0000c1bc <.LBB64280>:
    c1bc:	100d9cc2          	sfpmad	L3,L3,L6,L7,0

0000c1c0 <.LBB64283>:
    c1c0:	c8c38281          	sfpstore	L3,160,0,7

0000c1c4 <.LBB64289>:
    c1c4:	c0c38289          	sfpload	L3,162,0,7

0000c1c8 <.LBB64295>:
    c1c8:	10058c42          	sfpmad	L1,L1,L6,L3,0

0000c1cc <.LBB64298>:
    c1cc:	c8438289          	sfpstore	L1,162,0,7

0000c1d0 <.LBB64304>:
    c1d0:	142a888a          	sfpadd	L2,L10,L10,L2,2

0000c1d4 <.LBB64307>:
    c1d4:	1814a542          	sfpmul	L5,L5,L2,L9,0

0000c1d8 <.LBB64310>:
    c1d8:	c9438381          	sfpstore	L5,224,0,7

0000c1dc <.LBB64316>:
    c1dc:	142a800a          	sfpadd	L0,L10,L10,L0,2

0000c1e0 <.LBB64319>:
    c1e0:	18102402          	sfpmul	L0,L4,L0,L9,0

0000c1e4 <.LBB64322>:
    c1e4:	c8038389          	sfpstore	L0,226,0,7

0000c1e8 <.LBE63944>:
    c1e8:	00078067          	jr	a5

0000c1ec <.L137>:
    c1ec:	c0038601          	sfpload	L0,384,0,7

0000c1f0 <.LBB64337>:
    c1f0:	c1038609          	sfpload	L4,386,0,7

0000c1f4 <.LBB64343>:
    c1f4:	c0838481          	sfpload	L2,288,0,7

0000c1f8 <.LBB64349>:
    c1f8:	1428808a          	sfpadd	L2,L10,L2,L0,2

0000c1fc <.LBB64352>:
    c1fc:	c0438489          	sfpload	L1,290,0,7

0000c200 <.LBB64358>:
    c200:	1428404a          	sfpadd	L1,L10,L1,L0,2

0000c204 <.LBB64361>:
    c204:	c0038581          	sfpload	L0,352,0,7

0000c208 <.LBB64367>:
    c208:	1428100a          	sfpadd	L0,L10,L0,L4,2

0000c20c <.LBB64370>:
    c20c:	c0c38589          	sfpload	L3,354,0,7

0000c210 <.LBB64376>:
    c210:	1428d0ca          	sfpadd	L3,L10,L3,L4,2

0000c214 <.LBB64379>:
    c214:	c1438611          	sfpload	L5,388,0,7

0000c218 <.LBB64385>:
    c218:	1808a582          	sfpmul	L6,L2,L2,L9,0

0000c21c <.LBB64388>:
    c21c:	1815a582          	sfpmul	L6,L5,L6,L9,0

0000c220 <.LBB64391>:
    c220:	18046502          	sfpmul	L4,L1,L1,L9,0

0000c224 <.LBB64394>:
    c224:	18152542          	sfpmul	L5,L5,L4,L9,0

0000c228 <.LBB64397>:
    c228:	c1038619          	sfpload	L4,390,0,7

0000c22c <.LBB64403>:
    c22c:	18082482          	sfpmul	L2,L2,L0,L9,0

0000c230 <.LBB64406>:
    c230:	10109882          	sfpmad	L2,L4,L2,L6,0

0000c234 <.LBB64409>:
    c234:	1804e442          	sfpmul	L1,L1,L3,L9,0

0000c238 <.LBB64412>:
    c238:	10105502          	sfpmad	L4,L4,L1,L5,0

0000c23c <.LBB64415>:
    c23c:	c0438621          	sfpload	L1,392,0,7

0000c240 <.LBB64421>:
    c240:	18002402          	sfpmul	L0,L0,L0,L9,0

0000c244 <.LBB64424>:
    c244:	10040802          	sfpmad	L0,L1,L0,L2,0

0000c248 <.LBB64427>:
    c248:	180ce4c2          	sfpmul	L3,L3,L3,L9,0

0000c24c <.LBB64430>:
    c24c:	1004d042          	sfpmad	L1,L1,L3,L4,0

0000c250 <.LBB64433>:
    c250:	48002406          	sfpswap	L0,L9,1
    c254:	3c000002          	sfpnop

0000c258 <.LBB64435>:
    c258:	48002446          	sfpswap	L1,L9,1
    c25c:	3c000002          	sfpnop

0000c260 <.LBB64437>:
    c260:	18032402          	sfpmul	L0,L0,L12,L9,0

0000c264 <.LBB64442>:
    c264:	d50bf801          	sfpaddi	L0,17150,0
    c268:	3c000002          	sfpnop

0000c26c <.LBB64445>:
    c26c:	48000246          	sfpswap	L9,L0,1
    c270:	3c000002          	sfpnop

0000c274 <.LBB64447>:
    c274:	dc000081          	sfpexexp	L2,L0,0

0000c278 <.LBB64451>:
    c278:	e0000001          	sfpexman	L0,L0,0

0000c27c <.LBB64453>:
    c27c:	e8000801          	sfpshft	L0,L2,0x000,0

0000c280 <.LBB64455>:
    c280:	dc000085          	sfpexexp	L2,L0,1

0000c284 <.LBB64457>:
    c284:	1000014c          	ttreplay	0,5,1,1
    c288:	e0000005          	sfpexman	L0,L0,1

0000c28c <.LBB64459>:
    c28c:	40000002          	sfpcast	L0,L0,0

0000c290 <.LBB64461>:
    c290:	100378c2          	sfpmad	L3,L0,L13,L14,0

0000c294 <.LBB64464>:
    c294:	c1038659          	sfpload	L4,406,0,7

0000c298 <.LBB64470>:
    c298:	1000d002          	sfpmad	L0,L0,L3,L4,0

0000c29c <.LBB64473>:
    c29c:	08000082          	sfpsetexp	L2,L0,0x000,0

0000c2a0 <.LBB64475>:
    c2a0:	18072442          	sfpmul	L1,L1,L12,L9,0

0000c2a4 <.LBB64480>:
    c2a4:	d50bf841          	sfpaddi	L1,17150,0
    c2a8:	3c000002          	sfpnop

0000c2ac <.LBB64483>:
    c2ac:	48000646          	sfpswap	L9,L1,1
    c2b0:	3c000002          	sfpnop

0000c2b4 <.LBB64485>:
    c2b4:	dc0004c1          	sfpexexp	L3,L1,0

0000c2b8 <.LBB64489>:
    c2b8:	e0000401          	sfpexman	L0,L1,0

0000c2bc <.LBB64491>:
    c2bc:	e8000c01          	sfpshft	L0,L3,0x000,0

0000c2c0 <.LBB64493>:
    c2c0:	dc000045          	sfpexexp	L1,L0,1

0000c2c4 <.LBB64495>:
    c2c4:	10000140          	ttreplay	0,5,0,0

0000c2c8 <.LBB64498>:
    c2c8:	08000042          	sfpsetexp	L1,L0,0x000,0

0000c2cc <.LBB64500>:
    c2cc:	c0038629          	sfpload	L0,394,0,7

0000c2d0 <.LBB64506>:
    c2d0:	1800a482          	sfpmul	L2,L0,L2,L9,0

0000c2d4 <.LBB64509>:
    c2d4:	18006402          	sfpmul	L0,L0,L1,L9,0

0000c2d8 <.LBB64512>:
    c2d8:	c0c38661          	sfpload	L3,408,0,7

0000c2dc <.LBB64518>:
    c2dc:	c0438661          	sfpload	L1,408,0,7

0000c2e0 <.LBB64524>:
    c2e0:	48000c86          	sfpswap	L2,L3,1
    c2e4:	3c000002          	sfpnop

0000c2e8 <.LBB64526>:
    c2e8:	48000406          	sfpswap	L0,L1,1
    c2ec:	3c000002          	sfpnop

0000c2f0 <.LBB64528>:
    c2f0:	c0438631          	sfpload	L1,396,0,7

0000c2f4 <.LBB64535>:
    c2f4:	1006c842          	sfpmad	L1,L1,L11,L2,0
    c2f8:	ec000401          	sfpsetcc	L1,0x000,0

0000c2fc <.LBB64539>:
    c2fc:	f0002481          	sfpmov	L2,L9,0

0000c300 <.LBB64542>:
    c300:	2800c02a          	sfpencc	0x003,10

0000c304 <.LBB64545>:
    c304:	c0438631          	sfpload	L1,396,0,7

0000c308 <.LBB64552>:
    c308:	1006c042          	sfpmad	L1,L1,L11,L0,0
    c30c:	ec000401          	sfpsetcc	L1,0x000,0

0000c310 <.LBB64556>:
    c310:	f0002401          	sfpmov	L0,L9,0

0000c314 <.LBB64559>:
    c314:	2800c02a          	sfpencc	0x003,10

0000c318 <.LBB64562>:
    c318:	c1438381          	sfpload	L5,224,0,7

0000c31c <.LBB64568>:
    c31c:	c1038389          	sfpload	L4,226,0,7

0000c320 <.LBB64574>:
    c320:	180964c2          	sfpmul	L3,L2,L5,L9,0

0000c324 <.LBB64577>:
    c324:	18012442          	sfpmul	L1,L0,L4,L9,0

0000c328 <.LBB64580>:
    c328:	c1838639          	sfpload	L6,398,0,7

0000c32c <.LBB64586>:
    c32c:	c1c38081          	sfpload	L7,32,0,7

0000c330 <.LBB64592>:
    c330:	100d9dc2          	sfpmad	L7,L3,L6,L7,0

0000c334 <.LBB64595>:
    c334:	c9c38081          	sfpstore	L7,32,0,7

0000c338 <.LBB64601>:
    c338:	c1c38089          	sfpload	L7,34,0,7

0000c33c <.LBB64607>:
    c33c:	10059d82          	sfpmad	L6,L1,L6,L7,0

0000c340 <.LBB64610>:
    c340:	c9838089          	sfpstore	L6,34,0,7

0000c344 <.LBB64616>:
    c344:	c1838641          	sfpload	L6,400,0,7

0000c348 <.LBB64622>:
    c348:	c1c38181          	sfpload	L7,96,0,7

0000c34c <.LBB64628>:
    c34c:	100d9dc2          	sfpmad	L7,L3,L6,L7,0

0000c350 <.LBB64631>:
    c350:	c9c38181          	sfpstore	L7,96,0,7

0000c354 <.LBB64637>:
    c354:	c1c38189          	sfpload	L7,98,0,7

0000c358 <.LBB64643>:
    c358:	10059d82          	sfpmad	L6,L1,L6,L7,0

0000c35c <.LBB64646>:
    c35c:	c9838189          	sfpstore	L6,98,0,7

0000c360 <.LBB64652>:
    c360:	c1838649          	sfpload	L6,402,0,7

0000c364 <.LBB64658>:
    c364:	c1c38281          	sfpload	L7,160,0,7

0000c368 <.LBB64664>:
    c368:	100d9cc2          	sfpmad	L3,L3,L6,L7,0

0000c36c <.LBB64667>:
    c36c:	c8c38281          	sfpstore	L3,160,0,7

0000c370 <.LBB64673>:
    c370:	c0c38289          	sfpload	L3,162,0,7

0000c374 <.LBB64679>:
    c374:	10058c42          	sfpmad	L1,L1,L6,L3,0

0000c378 <.LBB64682>:
    c378:	c8438289          	sfpstore	L1,162,0,7

0000c37c <.LBB64688>:
    c37c:	142a888a          	sfpadd	L2,L10,L10,L2,2

0000c380 <.LBB64691>:
    c380:	1814a542          	sfpmul	L5,L5,L2,L9,0

0000c384 <.LBB64694>:
    c384:	c9438381          	sfpstore	L5,224,0,7

0000c388 <.LBB64700>:
    c388:	142a800a          	sfpadd	L0,L10,L10,L0,2

0000c38c <.LBB64703>:
    c38c:	18102402          	sfpmul	L0,L4,L0,L9,0

0000c390 <.LBB64706>:
    c390:	c8038389          	sfpstore	L0,226,0,7

0000c394 <.LBE63941>:
    c394:	00008067          	ret

0000c398 <_ZN12_GLOBAL__N_1L16blend_chain_bodyILm9ELm1EEEvmPKNS_15BlendChainEntryE>:
    c398:	01455713          	srli	a4,a0,0x14

0000c39c <.LM7115>:
    c39c:	10070a63          	beqz	a4,c4b0 <.L142>

0000c3a0 <.LBB66146>:
    c3a0:	60171793          	ctz	a5,a4
    c3a4:	01e7f793          	andi	a5,a5,30

0000c3a8 <.LM7120>:
    c3a8:	00f75733          	srl	a4,a4,a5

0000c3ac <.LM7122>:
    c3ac:	00377713          	andi	a4,a4,3

0000c3b0 <.LBE66146>:
    c3b0:	20e7a7b3          	sh1add	a5,a5,a4

0000c3b4 <.LM7124>:
    c3b4:	20b7c7b3          	sh2add	a5,a5,a1
    c3b8:	0a07a783          	lw	a5,160(a5)

0000c3bc <.LBB66148>:
    c3bc:	c0838491          	sfpload	L2,292,0,7

0000c3c0 <.LBB66157>:
    c3c0:	c0438591          	sfpload	L1,356,0,7

0000c3c4 <.LBB66163>:
    c3c4:	c1038611          	sfpload	L4,388,0,7

0000c3c8 <.LBB66169>:
    c3c8:	c0c38619          	sfpload	L3,390,0,7

0000c3cc <.LBB66175>:
    c3cc:	c0038621          	sfpload	L0,392,0,7

0000c3d0 <.LBB66181>:
    c3d0:	c1838601          	sfpload	L6,384,0,7

0000c3d4 <.LBB66187>:
    c3d4:	c1438609          	sfpload	L5,386,0,7

0000c3d8 <.LBB66193>:
    c3d8:	1428988a          	sfpadd	L2,L10,L2,L6,2

0000c3dc <.LBB66196>:
    c3dc:	1428544a          	sfpadd	L1,L10,L1,L5,2

0000c3e0 <.LBB66199>:
    c3e0:	1808a542          	sfpmul	L5,L2,L2,L9,0

0000c3e4 <.LBB66202>:
    c3e4:	18116502          	sfpmul	L4,L4,L5,L9,0

0000c3e8 <.LBB66205>:
    c3e8:	18086482          	sfpmul	L2,L2,L1,L9,0

0000c3ec <.LBB66208>:
    c3ec:	100c9082          	sfpmad	L2,L3,L2,L4,0

0000c3f0 <.LBB66211>:
    c3f0:	18046442          	sfpmul	L1,L1,L1,L9,0

0000c3f4 <.LBB66214>:
    c3f4:	10004802          	sfpmad	L0,L0,L1,L2,0
    c3f8:	3c000002          	sfpnop

0000c3fc <.LBB66217>:
    c3fc:	48002406          	sfpswap	L0,L9,1
    c400:	3c000002          	sfpnop

0000c404 <.LBB66219>:
    c404:	18032402          	sfpmul	L0,L0,L12,L9,0

0000c408 <.LBB66224>:
    c408:	d50bf801          	sfpaddi	L0,17150,0
    c40c:	3c000002          	sfpnop

0000c410 <.LBB66227>:
    c410:	48000246          	sfpswap	L9,L0,1
    c414:	3c000002          	sfpnop

0000c418 <.LBB66229>:
    c418:	dc000041          	sfpexexp	L1,L0,0

0000c41c <.LBB66233>:
    c41c:	e0000001          	sfpexman	L0,L0,0

0000c420 <.LBB66235>:
    c420:	e8000401          	sfpshft	L0,L1,0x000,0

0000c424 <.LBB66237>:
    c424:	dc000045          	sfpexexp	L1,L0,1

0000c428 <.LBB66239>:
    c428:	e0000005          	sfpexman	L0,L0,1

0000c42c <.LBB66241>:
    c42c:	40000002          	sfpcast	L0,L0,0

0000c430 <.LBB66243>:
    c430:	10037882          	sfpmad	L2,L0,L13,L14,0

0000c434 <.LBB66246>:
    c434:	c0c38659          	sfpload	L3,406,0,7

0000c438 <.LBB66252>:
    c438:	10008c02          	sfpmad	L0,L0,L2,L3,0

0000c43c <.LBB66255>:
    c43c:	08000042          	sfpsetexp	L1,L0,0x000,0

0000c440 <.LBB66257>:
    c440:	c0038629          	sfpload	L0,394,0,7

0000c444 <.LBB66263>:
    c444:	18006402          	sfpmul	L0,L0,L1,L9,0

0000c448 <.LBB66266>:
    c448:	c0438661          	sfpload	L1,408,0,7

0000c44c <.LBB66272>:
    c44c:	48000406          	sfpswap	L0,L1,1
    c450:	3c000002          	sfpnop

0000c454 <.LBB66274>:
    c454:	c0438631          	sfpload	L1,396,0,7

0000c458 <.LBB66281>:
    c458:	1006c042          	sfpmad	L1,L1,L11,L0,0
    c45c:	ec000401          	sfpsetcc	L1,0x000,0

0000c460 <.LBB66285>:
    c460:	f0002401          	sfpmov	L0,L9,0

0000c464 <.LBB66288>:
    c464:	2800c02a          	sfpencc	0x003,10

0000c468 <.LBB66291>:
    c468:	c0838391          	sfpload	L2,228,0,7

0000c46c <.LBB66297>:
    c46c:	1800a442          	sfpmul	L1,L0,L2,L9,0

0000c470 <.LBB66300>:
    c470:	c1038091          	sfpload	L4,36,0,7

0000c474 <.LBB66306>:
    c474:	c0c38639          	sfpload	L3,398,0,7

0000c478 <.LBB66312>:
    c478:	1004d0c2          	sfpmad	L3,L1,L3,L4,0

0000c47c <.LBB66315>:
    c47c:	c8c38091          	sfpstore	L3,36,0,7

0000c480 <.LBB66321>:
    c480:	c1038191          	sfpload	L4,100,0,7

0000c484 <.LBB66327>:
    c484:	c0c38641          	sfpload	L3,400,0,7

0000c488 <.LBB66333>:
    c488:	1004d0c2          	sfpmad	L3,L1,L3,L4,0

0000c48c <.LBB66336>:
    c48c:	c8c38191          	sfpstore	L3,100,0,7

0000c490 <.LBB66342>:
    c490:	c1038291          	sfpload	L4,164,0,7

0000c494 <.LBB66348>:
    c494:	c0c38649          	sfpload	L3,402,0,7

0000c498 <.LBB66354>:
    c498:	1004d042          	sfpmad	L1,L1,L3,L4,0

0000c49c <.LBB66357>:
    c49c:	c8438291          	sfpstore	L1,164,0,7

0000c4a0 <.LBB66363>:
    c4a0:	142a800a          	sfpadd	L0,L10,L10,L0,2

0000c4a4 <.LBB66366>:
    c4a4:	18082402          	sfpmul	L0,L2,L0,L9,0

0000c4a8 <.LBB66369>:
    c4a8:	c8038391          	sfpstore	L0,228,0,7

0000c4ac <.LBE66148>:
    c4ac:	00078067          	jr	a5

0000c4b0 <.L142>:
    c4b0:	c0838491          	sfpload	L2,292,0,7

0000c4b4 <.LBB66384>:
    c4b4:	c0438591          	sfpload	L1,356,0,7

0000c4b8 <.LBB66390>:
    c4b8:	c1038611          	sfpload	L4,388,0,7

0000c4bc <.LBB66396>:
    c4bc:	c0c38619          	sfpload	L3,390,0,7

0000c4c0 <.LBB66402>:
    c4c0:	c0038621          	sfpload	L0,392,0,7

0000c4c4 <.LBB66408>:
    c4c4:	c1838601          	sfpload	L6,384,0,7

0000c4c8 <.LBB66414>:
    c4c8:	c1438609          	sfpload	L5,386,0,7

0000c4cc <.LBB66420>:
    c4cc:	1428988a          	sfpadd	L2,L10,L2,L6,2

0000c4d0 <.LBB66423>:
    c4d0:	1428544a          	sfpadd	L1,L10,L1,L5,2

0000c4d4 <.LBB66426>:
    c4d4:	1808a542          	sfpmul	L5,L2,L2,L9,0

0000c4d8 <.LBB66429>:
    c4d8:	18116502          	sfpmul	L4,L4,L5,L9,0

0000c4dc <.LBB66432>:
    c4dc:	18086482          	sfpmul	L2,L2,L1,L9,0

0000c4e0 <.LBB66435>:
    c4e0:	100c9082          	sfpmad	L2,L3,L2,L4,0

0000c4e4 <.LBB66438>:
    c4e4:	18046442          	sfpmul	L1,L1,L1,L9,0

0000c4e8 <.LBB66441>:
    c4e8:	10004802          	sfpmad	L0,L0,L1,L2,0
    c4ec:	3c000002          	sfpnop

0000c4f0 <.LBB66444>:
    c4f0:	48002406          	sfpswap	L0,L9,1
    c4f4:	3c000002          	sfpnop

0000c4f8 <.LBB66446>:
    c4f8:	18032402          	sfpmul	L0,L0,L12,L9,0

0000c4fc <.LBB66451>:
    c4fc:	d50bf801          	sfpaddi	L0,17150,0
    c500:	3c000002          	sfpnop

0000c504 <.LBB66454>:
    c504:	48000246          	sfpswap	L9,L0,1
    c508:	3c000002          	sfpnop

0000c50c <.LBB66456>:
    c50c:	dc000041          	sfpexexp	L1,L0,0

0000c510 <.LBB66460>:
    c510:	e0000001          	sfpexman	L0,L0,0

0000c514 <.LBB66462>:
    c514:	e8000401          	sfpshft	L0,L1,0x000,0

0000c518 <.LBB66464>:
    c518:	dc000045          	sfpexexp	L1,L0,1

0000c51c <.LBB66466>:
    c51c:	e0000005          	sfpexman	L0,L0,1

0000c520 <.LBB66468>:
    c520:	40000002          	sfpcast	L0,L0,0

0000c524 <.LBB66470>:
    c524:	10037882          	sfpmad	L2,L0,L13,L14,0

0000c528 <.LBB66473>:
    c528:	c0c38659          	sfpload	L3,406,0,7

0000c52c <.LBB66479>:
    c52c:	10008c02          	sfpmad	L0,L0,L2,L3,0

0000c530 <.LBB66482>:
    c530:	08000042          	sfpsetexp	L1,L0,0x000,0

0000c534 <.LBB66484>:
    c534:	c0038629          	sfpload	L0,394,0,7

0000c538 <.LBB66490>:
    c538:	18006402          	sfpmul	L0,L0,L1,L9,0

0000c53c <.LBB66493>:
    c53c:	c0438661          	sfpload	L1,408,0,7

0000c540 <.LBB66499>:
    c540:	48000406          	sfpswap	L0,L1,1
    c544:	3c000002          	sfpnop

0000c548 <.LBB66501>:
    c548:	c0438631          	sfpload	L1,396,0,7

0000c54c <.LBB66508>:
    c54c:	1006c042          	sfpmad	L1,L1,L11,L0,0
    c550:	ec000401          	sfpsetcc	L1,0x000,0

0000c554 <.LBB66512>:
    c554:	f0002401          	sfpmov	L0,L9,0

0000c558 <.LBB66515>:
    c558:	2800c02a          	sfpencc	0x003,10

0000c55c <.LBB66518>:
    c55c:	c0838391          	sfpload	L2,228,0,7

0000c560 <.LBB66524>:
    c560:	1800a442          	sfpmul	L1,L0,L2,L9,0

0000c564 <.LBB66527>:
    c564:	c1038091          	sfpload	L4,36,0,7

0000c568 <.LBB66533>:
    c568:	c0c38639          	sfpload	L3,398,0,7

0000c56c <.LBB66539>:
    c56c:	1004d0c2          	sfpmad	L3,L1,L3,L4,0

0000c570 <.LBB66542>:
    c570:	c8c38091          	sfpstore	L3,36,0,7

0000c574 <.LBB66548>:
    c574:	c1038191          	sfpload	L4,100,0,7

0000c578 <.LBB66554>:
    c578:	c0c38641          	sfpload	L3,400,0,7

0000c57c <.LBB66560>:
    c57c:	1004d0c2          	sfpmad	L3,L1,L3,L4,0

0000c580 <.LBB66563>:
    c580:	c8c38191          	sfpstore	L3,100,0,7

0000c584 <.LBB66569>:
    c584:	c1038291          	sfpload	L4,164,0,7

0000c588 <.LBB66575>:
    c588:	c0c38649          	sfpload	L3,402,0,7

0000c58c <.LBB66581>:
    c58c:	1004d042          	sfpmad	L1,L1,L3,L4,0

0000c590 <.LBB66584>:
    c590:	c8438291          	sfpstore	L1,164,0,7

0000c594 <.LBB66590>:
    c594:	142a800a          	sfpadd	L0,L10,L10,L0,2

0000c598 <.LBB66593>:
    c598:	18082402          	sfpmul	L0,L2,L0,L9,0

0000c59c <.LBB66596>:
    c59c:	c8038391          	sfpstore	L0,228,0,7

0000c5a0 <.LBE66145>:
    c5a0:	00008067          	ret

0000c5a4 <_ZN12_GLOBAL__N_1L16blend_chain_bodyILm9ELm2EEEvmPKNS_15BlendChainEntryE>:
    c5a4:	01455713          	srli	a4,a0,0x14

0000c5a8 <.LM7325>:
    c5a8:	10070a63          	beqz	a4,c6bc <.L147>

0000c5ac <.LBB68036>:
    c5ac:	60171793          	ctz	a5,a4
    c5b0:	01e7f793          	andi	a5,a5,30

0000c5b4 <.LM7330>:
    c5b4:	00f75733          	srl	a4,a4,a5

0000c5b8 <.LM7332>:
    c5b8:	00377713          	andi	a4,a4,3

0000c5bc <.LBE68036>:
    c5bc:	20e7a7b3          	sh1add	a5,a5,a4

0000c5c0 <.LM7334>:
    c5c0:	20b7c7b3          	sh2add	a5,a5,a1
    c5c4:	0a07a783          	lw	a5,160(a5)

0000c5c8 <.LBB68038>:
    c5c8:	c0838499          	sfpload	L2,294,0,7

0000c5cc <.LBB68047>:
    c5cc:	c0438599          	sfpload	L1,358,0,7

0000c5d0 <.LBB68053>:
    c5d0:	c1038611          	sfpload	L4,388,0,7

0000c5d4 <.LBB68059>:
    c5d4:	c0c38619          	sfpload	L3,390,0,7

0000c5d8 <.LBB68065>:
    c5d8:	c0038621          	sfpload	L0,392,0,7

0000c5dc <.LBB68071>:
    c5dc:	c1838601          	sfpload	L6,384,0,7

0000c5e0 <.LBB68077>:
    c5e0:	c1438609          	sfpload	L5,386,0,7

0000c5e4 <.LBB68083>:
    c5e4:	1428988a          	sfpadd	L2,L10,L2,L6,2

0000c5e8 <.LBB68086>:
    c5e8:	1428544a          	sfpadd	L1,L10,L1,L5,2

0000c5ec <.LBB68089>:
    c5ec:	1808a542          	sfpmul	L5,L2,L2,L9,0

0000c5f0 <.LBB68092>:
    c5f0:	18116502          	sfpmul	L4,L4,L5,L9,0

0000c5f4 <.LBB68095>:
    c5f4:	18086482          	sfpmul	L2,L2,L1,L9,0

0000c5f8 <.LBB68098>:
    c5f8:	100c9082          	sfpmad	L2,L3,L2,L4,0

0000c5fc <.LBB68101>:
    c5fc:	18046442          	sfpmul	L1,L1,L1,L9,0

0000c600 <.LBB68104>:
    c600:	10004802          	sfpmad	L0,L0,L1,L2,0
    c604:	3c000002          	sfpnop

0000c608 <.LBB68107>:
    c608:	48002406          	sfpswap	L0,L9,1
    c60c:	3c000002          	sfpnop

0000c610 <.LBB68109>:
    c610:	18032402          	sfpmul	L0,L0,L12,L9,0

0000c614 <.LBB68114>:
    c614:	d50bf801          	sfpaddi	L0,17150,0
    c618:	3c000002          	sfpnop

0000c61c <.LBB68117>:
    c61c:	48000246          	sfpswap	L9,L0,1
    c620:	3c000002          	sfpnop

0000c624 <.LBB68119>:
    c624:	dc000041          	sfpexexp	L1,L0,0

0000c628 <.LBB68123>:
    c628:	e0000001          	sfpexman	L0,L0,0

0000c62c <.LBB68125>:
    c62c:	e8000401          	sfpshft	L0,L1,0x000,0

0000c630 <.LBB68127>:
    c630:	dc000045          	sfpexexp	L1,L0,1

0000c634 <.LBB68129>:
    c634:	e0000005          	sfpexman	L0,L0,1

0000c638 <.LBB68131>:
    c638:	40000002          	sfpcast	L0,L0,0

0000c63c <.LBB68133>:
    c63c:	10037882          	sfpmad	L2,L0,L13,L14,0

0000c640 <.LBB68136>:
    c640:	c0c38659          	sfpload	L3,406,0,7

0000c644 <.LBB68142>:
    c644:	10008c02          	sfpmad	L0,L0,L2,L3,0

0000c648 <.LBB68145>:
    c648:	08000042          	sfpsetexp	L1,L0,0x000,0

0000c64c <.LBB68147>:
    c64c:	c0038629          	sfpload	L0,394,0,7

0000c650 <.LBB68153>:
    c650:	18006402          	sfpmul	L0,L0,L1,L9,0

0000c654 <.LBB68156>:
    c654:	c0438661          	sfpload	L1,408,0,7

0000c658 <.LBB68162>:
    c658:	48000406          	sfpswap	L0,L1,1
    c65c:	3c000002          	sfpnop

0000c660 <.LBB68164>:
    c660:	c0438631          	sfpload	L1,396,0,7

0000c664 <.LBB68171>:
    c664:	1006c042          	sfpmad	L1,L1,L11,L0,0
    c668:	ec000401          	sfpsetcc	L1,0x000,0

0000c66c <.LBB68175>:
    c66c:	f0002401          	sfpmov	L0,L9,0

0000c670 <.LBB68178>:
    c670:	2800c02a          	sfpencc	0x003,10

0000c674 <.LBB68181>:
    c674:	c0838399          	sfpload	L2,230,0,7

0000c678 <.LBB68187>:
    c678:	1800a442          	sfpmul	L1,L0,L2,L9,0

0000c67c <.LBB68190>:
    c67c:	c1038099          	sfpload	L4,38,0,7

0000c680 <.LBB68196>:
    c680:	c0c38639          	sfpload	L3,398,0,7

0000c684 <.LBB68202>:
    c684:	1004d0c2          	sfpmad	L3,L1,L3,L4,0

0000c688 <.LBB68205>:
    c688:	c8c38099          	sfpstore	L3,38,0,7

0000c68c <.LBB68211>:
    c68c:	c1038199          	sfpload	L4,102,0,7

0000c690 <.LBB68217>:
    c690:	c0c38641          	sfpload	L3,400,0,7

0000c694 <.LBB68223>:
    c694:	1004d0c2          	sfpmad	L3,L1,L3,L4,0

0000c698 <.LBB68226>:
    c698:	c8c38199          	sfpstore	L3,102,0,7

0000c69c <.LBB68232>:
    c69c:	c1038299          	sfpload	L4,166,0,7

0000c6a0 <.LBB68238>:
    c6a0:	c0c38649          	sfpload	L3,402,0,7

0000c6a4 <.LBB68244>:
    c6a4:	1004d042          	sfpmad	L1,L1,L3,L4,0

0000c6a8 <.LBB68247>:
    c6a8:	c8438299          	sfpstore	L1,166,0,7

0000c6ac <.LBB68253>:
    c6ac:	142a800a          	sfpadd	L0,L10,L10,L0,2

0000c6b0 <.LBB68256>:
    c6b0:	18082402          	sfpmul	L0,L2,L0,L9,0

0000c6b4 <.LBB68259>:
    c6b4:	c8038399          	sfpstore	L0,230,0,7

0000c6b8 <.LBE68038>:
    c6b8:	00078067          	jr	a5

0000c6bc <.L147>:
    c6bc:	c0838499          	sfpload	L2,294,0,7

0000c6c0 <.LBB68274>:
    c6c0:	c0438599          	sfpload	L1,358,0,7

0000c6c4 <.LBB68280>:
    c6c4:	c1038611          	sfpload	L4,388,0,7

0000c6c8 <.LBB68286>:
    c6c8:	c0c38619          	sfpload	L3,390,0,7

0000c6cc <.LBB68292>:
    c6cc:	c0038621          	sfpload	L0,392,0,7

0000c6d0 <.LBB68298>:
    c6d0:	c1838601          	sfpload	L6,384,0,7

0000c6d4 <.LBB68304>:
    c6d4:	c1438609          	sfpload	L5,386,0,7

0000c6d8 <.LBB68310>:
    c6d8:	1428988a          	sfpadd	L2,L10,L2,L6,2

0000c6dc <.LBB68313>:
    c6dc:	1428544a          	sfpadd	L1,L10,L1,L5,2

0000c6e0 <.LBB68316>:
    c6e0:	1808a542          	sfpmul	L5,L2,L2,L9,0

0000c6e4 <.LBB68319>:
    c6e4:	18116502          	sfpmul	L4,L4,L5,L9,0

0000c6e8 <.LBB68322>:
    c6e8:	18086482          	sfpmul	L2,L2,L1,L9,0

0000c6ec <.LBB68325>:
    c6ec:	100c9082          	sfpmad	L2,L3,L2,L4,0

0000c6f0 <.LBB68328>:
    c6f0:	18046442          	sfpmul	L1,L1,L1,L9,0

0000c6f4 <.LBB68331>:
    c6f4:	10004802          	sfpmad	L0,L0,L1,L2,0
    c6f8:	3c000002          	sfpnop

0000c6fc <.LBB68334>:
    c6fc:	48002406          	sfpswap	L0,L9,1
    c700:	3c000002          	sfpnop

0000c704 <.LBB68336>:
    c704:	18032402          	sfpmul	L0,L0,L12,L9,0

0000c708 <.LBB68341>:
    c708:	d50bf801          	sfpaddi	L0,17150,0
    c70c:	3c000002          	sfpnop

0000c710 <.LBB68344>:
    c710:	48000246          	sfpswap	L9,L0,1
    c714:	3c000002          	sfpnop

0000c718 <.LBB68346>:
    c718:	dc000041          	sfpexexp	L1,L0,0

0000c71c <.LBB68350>:
    c71c:	e0000001          	sfpexman	L0,L0,0

0000c720 <.LBB68352>:
    c720:	e8000401          	sfpshft	L0,L1,0x000,0

0000c724 <.LBB68354>:
    c724:	dc000045          	sfpexexp	L1,L0,1

0000c728 <.LBB68356>:
    c728:	e0000005          	sfpexman	L0,L0,1

0000c72c <.LBB68358>:
    c72c:	40000002          	sfpcast	L0,L0,0

0000c730 <.LBB68360>:
    c730:	10037882          	sfpmad	L2,L0,L13,L14,0

0000c734 <.LBB68363>:
    c734:	c0c38659          	sfpload	L3,406,0,7

0000c738 <.LBB68369>:
    c738:	10008c02          	sfpmad	L0,L0,L2,L3,0

0000c73c <.LBB68372>:
    c73c:	08000042          	sfpsetexp	L1,L0,0x000,0

0000c740 <.LBB68374>:
    c740:	c0038629          	sfpload	L0,394,0,7

0000c744 <.LBB68380>:
    c744:	18006402          	sfpmul	L0,L0,L1,L9,0

0000c748 <.LBB68383>:
    c748:	c0438661          	sfpload	L1,408,0,7

0000c74c <.LBB68389>:
    c74c:	48000406          	sfpswap	L0,L1,1
    c750:	3c000002          	sfpnop

0000c754 <.LBB68391>:
    c754:	c0438631          	sfpload	L1,396,0,7

0000c758 <.LBB68398>:
    c758:	1006c042          	sfpmad	L1,L1,L11,L0,0
    c75c:	ec000401          	sfpsetcc	L1,0x000,0

0000c760 <.LBB68402>:
    c760:	f0002401          	sfpmov	L0,L9,0

0000c764 <.LBB68405>:
    c764:	2800c02a          	sfpencc	0x003,10

0000c768 <.LBB68408>:
    c768:	c0838399          	sfpload	L2,230,0,7

0000c76c <.LBB68414>:
    c76c:	1800a442          	sfpmul	L1,L0,L2,L9,0

0000c770 <.LBB68417>:
    c770:	c1038099          	sfpload	L4,38,0,7

0000c774 <.LBB68423>:
    c774:	c0c38639          	sfpload	L3,398,0,7

0000c778 <.LBB68429>:
    c778:	1004d0c2          	sfpmad	L3,L1,L3,L4,0

0000c77c <.LBB68432>:
    c77c:	c8c38099          	sfpstore	L3,38,0,7

0000c780 <.LBB68438>:
    c780:	c1038199          	sfpload	L4,102,0,7

0000c784 <.LBB68444>:
    c784:	c0c38641          	sfpload	L3,400,0,7

0000c788 <.LBB68450>:
    c788:	1004d0c2          	sfpmad	L3,L1,L3,L4,0

0000c78c <.LBB68453>:
    c78c:	c8c38199          	sfpstore	L3,102,0,7

0000c790 <.LBB68459>:
    c790:	c1038299          	sfpload	L4,166,0,7

0000c794 <.LBB68465>:
    c794:	c0c38649          	sfpload	L3,402,0,7

0000c798 <.LBB68471>:
    c798:	1004d042          	sfpmad	L1,L1,L3,L4,0

0000c79c <.LBB68474>:
    c79c:	c8438299          	sfpstore	L1,166,0,7

0000c7a0 <.LBB68480>:
    c7a0:	142a800a          	sfpadd	L0,L10,L10,L0,2

0000c7a4 <.LBB68483>:
    c7a4:	18082402          	sfpmul	L0,L2,L0,L9,0

0000c7a8 <.LBB68486>:
    c7a8:	c8038399          	sfpstore	L0,230,0,7

0000c7ac <.LBE68035>:
    c7ac:	00008067          	ret

0000c7b0 <_ZN12_GLOBAL__N_1L16blend_chain_bodyILm9ELm3EEEvmPKNS_15BlendChainEntryE>:
    c7b0:	01455713          	srli	a4,a0,0x14

0000c7b4 <.LM7535>:
    c7b4:	1c070663          	beqz	a4,c980 <.L152>

0000c7b8 <.LBB71132>:
    c7b8:	60171793          	ctz	a5,a4
    c7bc:	01e7f793          	andi	a5,a5,30

0000c7c0 <.LM7540>:
    c7c0:	00f75733          	srl	a4,a4,a5

0000c7c4 <.LM7542>:
    c7c4:	00377713          	andi	a4,a4,3

0000c7c8 <.LBE71132>:
    c7c8:	20e7a7b3          	sh1add	a5,a5,a4

0000c7cc <.LM7544>:
    c7cc:	20b7c7b3          	sh2add	a5,a5,a1
    c7d0:	0a07a783          	lw	a5,160(a5)

0000c7d4 <.LBB71134>:
    c7d4:	c0038601          	sfpload	L0,384,0,7

0000c7d8 <.LBB71143>:
    c7d8:	c1038609          	sfpload	L4,386,0,7

0000c7dc <.LBB71149>:
    c7dc:	c0838491          	sfpload	L2,292,0,7

0000c7e0 <.LBB71155>:
    c7e0:	1428808a          	sfpadd	L2,L10,L2,L0,2

0000c7e4 <.LBB71158>:
    c7e4:	c0438499          	sfpload	L1,294,0,7

0000c7e8 <.LBB71164>:
    c7e8:	1428404a          	sfpadd	L1,L10,L1,L0,2

0000c7ec <.LBB71167>:
    c7ec:	c0038591          	sfpload	L0,356,0,7

0000c7f0 <.LBB71173>:
    c7f0:	1428100a          	sfpadd	L0,L10,L0,L4,2

0000c7f4 <.LBB71176>:
    c7f4:	c0c38599          	sfpload	L3,358,0,7

0000c7f8 <.LBB71182>:
    c7f8:	1428d0ca          	sfpadd	L3,L10,L3,L4,2

0000c7fc <.LBB71185>:
    c7fc:	c1438611          	sfpload	L5,388,0,7

0000c800 <.LBB71191>:
    c800:	1808a582          	sfpmul	L6,L2,L2,L9,0

0000c804 <.LBB71194>:
    c804:	1815a582          	sfpmul	L6,L5,L6,L9,0

0000c808 <.LBB71197>:
    c808:	18046502          	sfpmul	L4,L1,L1,L9,0

0000c80c <.LBB71200>:
    c80c:	18152542          	sfpmul	L5,L5,L4,L9,0

0000c810 <.LBB71203>:
    c810:	c1038619          	sfpload	L4,390,0,7

0000c814 <.LBB71209>:
    c814:	18082482          	sfpmul	L2,L2,L0,L9,0

0000c818 <.LBB71212>:
    c818:	10109882          	sfpmad	L2,L4,L2,L6,0

0000c81c <.LBB71215>:
    c81c:	1804e442          	sfpmul	L1,L1,L3,L9,0

0000c820 <.LBB71218>:
    c820:	10105502          	sfpmad	L4,L4,L1,L5,0

0000c824 <.LBB71221>:
    c824:	c0438621          	sfpload	L1,392,0,7

0000c828 <.LBB71227>:
    c828:	18002402          	sfpmul	L0,L0,L0,L9,0

0000c82c <.LBB71230>:
    c82c:	10040802          	sfpmad	L0,L1,L0,L2,0

0000c830 <.LBB71233>:
    c830:	180ce4c2          	sfpmul	L3,L3,L3,L9,0

0000c834 <.LBB71236>:
    c834:	1004d042          	sfpmad	L1,L1,L3,L4,0

0000c838 <.LBB71239>:
    c838:	48002406          	sfpswap	L0,L9,1
    c83c:	3c000002          	sfpnop

0000c840 <.LBB71241>:
    c840:	48002446          	sfpswap	L1,L9,1
    c844:	3c000002          	sfpnop

0000c848 <.LBB71243>:
    c848:	18032402          	sfpmul	L0,L0,L12,L9,0

0000c84c <.LBB71248>:
    c84c:	d50bf801          	sfpaddi	L0,17150,0
    c850:	3c000002          	sfpnop

0000c854 <.LBB71251>:
    c854:	48000246          	sfpswap	L9,L0,1
    c858:	3c000002          	sfpnop

0000c85c <.LBB71253>:
    c85c:	dc000081          	sfpexexp	L2,L0,0

0000c860 <.LBB71257>:
    c860:	e0000001          	sfpexman	L0,L0,0

0000c864 <.LBB71259>:
    c864:	e8000801          	sfpshft	L0,L2,0x000,0

0000c868 <.LBB71261>:
    c868:	dc000085          	sfpexexp	L2,L0,1

0000c86c <.LBB71263>:
    c86c:	1000014c          	ttreplay	0,5,1,1
    c870:	e0000005          	sfpexman	L0,L0,1

0000c874 <.LBB71265>:
    c874:	40000002          	sfpcast	L0,L0,0

0000c878 <.LBB71267>:
    c878:	100378c2          	sfpmad	L3,L0,L13,L14,0

0000c87c <.LBB71270>:
    c87c:	c1038659          	sfpload	L4,406,0,7

0000c880 <.LBB71276>:
    c880:	1000d002          	sfpmad	L0,L0,L3,L4,0

0000c884 <.LBB71279>:
    c884:	08000082          	sfpsetexp	L2,L0,0x000,0

0000c888 <.LBB71281>:
    c888:	18072442          	sfpmul	L1,L1,L12,L9,0

0000c88c <.LBB71286>:
    c88c:	d50bf841          	sfpaddi	L1,17150,0
    c890:	3c000002          	sfpnop

0000c894 <.LBB71289>:
    c894:	48000646          	sfpswap	L9,L1,1
    c898:	3c000002          	sfpnop

0000c89c <.LBB71291>:
    c89c:	dc0004c1          	sfpexexp	L3,L1,0

0000c8a0 <.LBB71295>:
    c8a0:	e0000401          	sfpexman	L0,L1,0

0000c8a4 <.LBB71297>:
    c8a4:	e8000c01          	sfpshft	L0,L3,0x000,0

0000c8a8 <.LBB71299>:
    c8a8:	dc000045          	sfpexexp	L1,L0,1

0000c8ac <.LBB71301>:
    c8ac:	10000140          	ttreplay	0,5,0,0

0000c8b0 <.LBB71304>:
    c8b0:	08000042          	sfpsetexp	L1,L0,0x000,0

0000c8b4 <.LBB71306>:
    c8b4:	c0038629          	sfpload	L0,394,0,7

0000c8b8 <.LBB71312>:
    c8b8:	1800a482          	sfpmul	L2,L0,L2,L9,0

0000c8bc <.LBB71315>:
    c8bc:	18006402          	sfpmul	L0,L0,L1,L9,0

0000c8c0 <.LBB71318>:
    c8c0:	c0c38661          	sfpload	L3,408,0,7

0000c8c4 <.LBB71324>:
    c8c4:	c0438661          	sfpload	L1,408,0,7

0000c8c8 <.LBB71330>:
    c8c8:	48000c86          	sfpswap	L2,L3,1
    c8cc:	3c000002          	sfpnop

0000c8d0 <.LBB71332>:
    c8d0:	48000406          	sfpswap	L0,L1,1
    c8d4:	3c000002          	sfpnop

0000c8d8 <.LBB71334>:
    c8d8:	c0438631          	sfpload	L1,396,0,7

0000c8dc <.LBB71341>:
    c8dc:	1006c842          	sfpmad	L1,L1,L11,L2,0
    c8e0:	ec000401          	sfpsetcc	L1,0x000,0

0000c8e4 <.LBB71345>:
    c8e4:	f0002481          	sfpmov	L2,L9,0

0000c8e8 <.LBB71348>:
    c8e8:	2800c02a          	sfpencc	0x003,10

0000c8ec <.LBB71351>:
    c8ec:	c0438631          	sfpload	L1,396,0,7

0000c8f0 <.LBB71358>:
    c8f0:	1006c042          	sfpmad	L1,L1,L11,L0,0
    c8f4:	ec000401          	sfpsetcc	L1,0x000,0

0000c8f8 <.LBB71362>:
    c8f8:	f0002401          	sfpmov	L0,L9,0

0000c8fc <.LBB71365>:
    c8fc:	2800c02a          	sfpencc	0x003,10

0000c900 <.LBB71368>:
    c900:	c1438391          	sfpload	L5,228,0,7

0000c904 <.LBB71374>:
    c904:	c1038399          	sfpload	L4,230,0,7

0000c908 <.LBB71380>:
    c908:	180964c2          	sfpmul	L3,L2,L5,L9,0

0000c90c <.LBB71383>:
    c90c:	18012442          	sfpmul	L1,L0,L4,L9,0

0000c910 <.LBB71386>:
    c910:	c1838639          	sfpload	L6,398,0,7

0000c914 <.LBB71392>:
    c914:	c1c38091          	sfpload	L7,36,0,7

0000c918 <.LBB71398>:
    c918:	100d9dc2          	sfpmad	L7,L3,L6,L7,0

0000c91c <.LBB71401>:
    c91c:	c9c38091          	sfpstore	L7,36,0,7

0000c920 <.LBB71407>:
    c920:	c1c38099          	sfpload	L7,38,0,7

0000c924 <.LBB71413>:
    c924:	10059d82          	sfpmad	L6,L1,L6,L7,0

0000c928 <.LBB71416>:
    c928:	c9838099          	sfpstore	L6,38,0,7

0000c92c <.LBB71422>:
    c92c:	c1838641          	sfpload	L6,400,0,7

0000c930 <.LBB71428>:
    c930:	c1c38191          	sfpload	L7,100,0,7

0000c934 <.LBB71434>:
    c934:	100d9dc2          	sfpmad	L7,L3,L6,L7,0

0000c938 <.LBB71437>:
    c938:	c9c38191          	sfpstore	L7,100,0,7

0000c93c <.LBB71443>:
    c93c:	c1c38199          	sfpload	L7,102,0,7

0000c940 <.LBB71449>:
    c940:	10059d82          	sfpmad	L6,L1,L6,L7,0

0000c944 <.LBB71452>:
    c944:	c9838199          	sfpstore	L6,102,0,7

0000c948 <.LBB71458>:
    c948:	c1838649          	sfpload	L6,402,0,7

0000c94c <.LBB71464>:
    c94c:	c1c38291          	sfpload	L7,164,0,7

0000c950 <.LBB71470>:
    c950:	100d9cc2          	sfpmad	L3,L3,L6,L7,0

0000c954 <.LBB71473>:
    c954:	c8c38291          	sfpstore	L3,164,0,7

0000c958 <.LBB71479>:
    c958:	c0c38299          	sfpload	L3,166,0,7

0000c95c <.LBB71485>:
    c95c:	10058c42          	sfpmad	L1,L1,L6,L3,0

0000c960 <.LBB71488>:
    c960:	c8438299          	sfpstore	L1,166,0,7

0000c964 <.LBB71494>:
    c964:	142a888a          	sfpadd	L2,L10,L10,L2,2

0000c968 <.LBB71497>:
    c968:	1814a542          	sfpmul	L5,L5,L2,L9,0

0000c96c <.LBB71500>:
    c96c:	c9438391          	sfpstore	L5,228,0,7

0000c970 <.LBB71506>:
    c970:	142a800a          	sfpadd	L0,L10,L10,L0,2

0000c974 <.LBB71509>:
    c974:	18102402          	sfpmul	L0,L4,L0,L9,0

0000c978 <.LBB71512>:
    c978:	c8038399          	sfpstore	L0,230,0,7

0000c97c <.LBE71134>:
    c97c:	00078067          	jr	a5

0000c980 <.L152>:
    c980:	c0038601          	sfpload	L0,384,0,7

0000c984 <.LBB71527>:
    c984:	c1038609          	sfpload	L4,386,0,7

0000c988 <.LBB71533>:
    c988:	c0838491          	sfpload	L2,292,0,7

0000c98c <.LBB71539>:
    c98c:	1428808a          	sfpadd	L2,L10,L2,L0,2

0000c990 <.LBB71542>:
    c990:	c0438499          	sfpload	L1,294,0,7

0000c994 <.LBB71548>:
    c994:	1428404a          	sfpadd	L1,L10,L1,L0,2

0000c998 <.LBB71551>:
    c998:	c0038591          	sfpload	L0,356,0,7

0000c99c <.LBB71557>:
    c99c:	1428100a          	sfpadd	L0,L10,L0,L4,2

0000c9a0 <.LBB71560>:
    c9a0:	c0c38599          	sfpload	L3,358,0,7

0000c9a4 <.LBB71566>:
    c9a4:	1428d0ca          	sfpadd	L3,L10,L3,L4,2

0000c9a8 <.LBB71569>:
    c9a8:	c1438611          	sfpload	L5,388,0,7

0000c9ac <.LBB71575>:
    c9ac:	1808a582          	sfpmul	L6,L2,L2,L9,0

0000c9b0 <.LBB71578>:
    c9b0:	1815a582          	sfpmul	L6,L5,L6,L9,0

0000c9b4 <.LBB71581>:
    c9b4:	18046502          	sfpmul	L4,L1,L1,L9,0

0000c9b8 <.LBB71584>:
    c9b8:	18152542          	sfpmul	L5,L5,L4,L9,0

0000c9bc <.LBB71587>:
    c9bc:	c1038619          	sfpload	L4,390,0,7

0000c9c0 <.LBB71593>:
    c9c0:	18082482          	sfpmul	L2,L2,L0,L9,0

0000c9c4 <.LBB71596>:
    c9c4:	10109882          	sfpmad	L2,L4,L2,L6,0

0000c9c8 <.LBB71599>:
    c9c8:	1804e442          	sfpmul	L1,L1,L3,L9,0

0000c9cc <.LBB71602>:
    c9cc:	10105502          	sfpmad	L4,L4,L1,L5,0

0000c9d0 <.LBB71605>:
    c9d0:	c0438621          	sfpload	L1,392,0,7

0000c9d4 <.LBB71611>:
    c9d4:	18002402          	sfpmul	L0,L0,L0,L9,0

0000c9d8 <.LBB71614>:
    c9d8:	10040802          	sfpmad	L0,L1,L0,L2,0

0000c9dc <.LBB71617>:
    c9dc:	180ce4c2          	sfpmul	L3,L3,L3,L9,0

0000c9e0 <.LBB71620>:
    c9e0:	1004d042          	sfpmad	L1,L1,L3,L4,0

0000c9e4 <.LBB71623>:
    c9e4:	48002406          	sfpswap	L0,L9,1
    c9e8:	3c000002          	sfpnop

0000c9ec <.LBB71625>:
    c9ec:	48002446          	sfpswap	L1,L9,1
    c9f0:	3c000002          	sfpnop

0000c9f4 <.LBB71627>:
    c9f4:	18032402          	sfpmul	L0,L0,L12,L9,0

0000c9f8 <.LBB71632>:
    c9f8:	d50bf801          	sfpaddi	L0,17150,0
    c9fc:	3c000002          	sfpnop

0000ca00 <.LBB71635>:
    ca00:	48000246          	sfpswap	L9,L0,1
    ca04:	3c000002          	sfpnop

0000ca08 <.LBB71637>:
    ca08:	dc000081          	sfpexexp	L2,L0,0

0000ca0c <.LBB71641>:
    ca0c:	e0000001          	sfpexman	L0,L0,0

0000ca10 <.LBB71643>:
    ca10:	e8000801          	sfpshft	L0,L2,0x000,0

0000ca14 <.LBB71645>:
    ca14:	dc000085          	sfpexexp	L2,L0,1

0000ca18 <.LBB71647>:
    ca18:	1000014c          	ttreplay	0,5,1,1
    ca1c:	e0000005          	sfpexman	L0,L0,1

0000ca20 <.LBB71649>:
    ca20:	40000002          	sfpcast	L0,L0,0

0000ca24 <.LBB71651>:
    ca24:	100378c2          	sfpmad	L3,L0,L13,L14,0

0000ca28 <.LBB71654>:
    ca28:	c1038659          	sfpload	L4,406,0,7

0000ca2c <.LBB71660>:
    ca2c:	1000d002          	sfpmad	L0,L0,L3,L4,0

0000ca30 <.LBB71663>:
    ca30:	08000082          	sfpsetexp	L2,L0,0x000,0

0000ca34 <.LBB71665>:
    ca34:	18072442          	sfpmul	L1,L1,L12,L9,0

0000ca38 <.LBB71670>:
    ca38:	d50bf841          	sfpaddi	L1,17150,0
    ca3c:	3c000002          	sfpnop

0000ca40 <.LBB71673>:
    ca40:	48000646          	sfpswap	L9,L1,1
    ca44:	3c000002          	sfpnop

0000ca48 <.LBB71675>:
    ca48:	dc0004c1          	sfpexexp	L3,L1,0

0000ca4c <.LBB71679>:
    ca4c:	e0000401          	sfpexman	L0,L1,0

0000ca50 <.LBB71681>:
    ca50:	e8000c01          	sfpshft	L0,L3,0x000,0

0000ca54 <.LBB71683>:
    ca54:	dc000045          	sfpexexp	L1,L0,1

0000ca58 <.LBB71685>:
    ca58:	10000140          	ttreplay	0,5,0,0

0000ca5c <.LBB71688>:
    ca5c:	08000042          	sfpsetexp	L1,L0,0x000,0

0000ca60 <.LBB71690>:
    ca60:	c0038629          	sfpload	L0,394,0,7

0000ca64 <.LBB71696>:
    ca64:	1800a482          	sfpmul	L2,L0,L2,L9,0

0000ca68 <.LBB71699>:
    ca68:	18006402          	sfpmul	L0,L0,L1,L9,0

0000ca6c <.LBB71702>:
    ca6c:	c0c38661          	sfpload	L3,408,0,7

0000ca70 <.LBB71708>:
    ca70:	c0438661          	sfpload	L1,408,0,7

0000ca74 <.LBB71714>:
    ca74:	48000c86          	sfpswap	L2,L3,1
    ca78:	3c000002          	sfpnop

0000ca7c <.LBB71716>:
    ca7c:	48000406          	sfpswap	L0,L1,1
    ca80:	3c000002          	sfpnop

0000ca84 <.LBB71718>:
    ca84:	c0438631          	sfpload	L1,396,0,7

0000ca88 <.LBB71725>:
    ca88:	1006c842          	sfpmad	L1,L1,L11,L2,0
    ca8c:	ec000401          	sfpsetcc	L1,0x000,0

0000ca90 <.LBB71729>:
    ca90:	f0002481          	sfpmov	L2,L9,0

0000ca94 <.LBB71732>:
    ca94:	2800c02a          	sfpencc	0x003,10

0000ca98 <.LBB71735>:
    ca98:	c0438631          	sfpload	L1,396,0,7

0000ca9c <.LBB71742>:
    ca9c:	1006c042          	sfpmad	L1,L1,L11,L0,0
    caa0:	ec000401          	sfpsetcc	L1,0x000,0

0000caa4 <.LBB71746>:
    caa4:	f0002401          	sfpmov	L0,L9,0

0000caa8 <.LBB71749>:
    caa8:	2800c02a          	sfpencc	0x003,10

0000caac <.LBB71752>:
    caac:	c1438391          	sfpload	L5,228,0,7

0000cab0 <.LBB71758>:
    cab0:	c1038399          	sfpload	L4,230,0,7

0000cab4 <.LBB71764>:
    cab4:	180964c2          	sfpmul	L3,L2,L5,L9,0

0000cab8 <.LBB71767>:
    cab8:	18012442          	sfpmul	L1,L0,L4,L9,0

0000cabc <.LBB71770>:
    cabc:	c1838639          	sfpload	L6,398,0,7

0000cac0 <.LBB71776>:
    cac0:	c1c38091          	sfpload	L7,36,0,7

0000cac4 <.LBB71782>:
    cac4:	100d9dc2          	sfpmad	L7,L3,L6,L7,0

0000cac8 <.LBB71785>:
    cac8:	c9c38091          	sfpstore	L7,36,0,7

0000cacc <.LBB71791>:
    cacc:	c1c38099          	sfpload	L7,38,0,7

0000cad0 <.LBB71797>:
    cad0:	10059d82          	sfpmad	L6,L1,L6,L7,0

0000cad4 <.LBB71800>:
    cad4:	c9838099          	sfpstore	L6,38,0,7

0000cad8 <.LBB71806>:
    cad8:	c1838641          	sfpload	L6,400,0,7

0000cadc <.LBB71812>:
    cadc:	c1c38191          	sfpload	L7,100,0,7

0000cae0 <.LBB71818>:
    cae0:	100d9dc2          	sfpmad	L7,L3,L6,L7,0

0000cae4 <.LBB71821>:
    cae4:	c9c38191          	sfpstore	L7,100,0,7

0000cae8 <.LBB71827>:
    cae8:	c1c38199          	sfpload	L7,102,0,7

0000caec <.LBB71833>:
    caec:	10059d82          	sfpmad	L6,L1,L6,L7,0

0000caf0 <.LBB71836>:
    caf0:	c9838199          	sfpstore	L6,102,0,7

0000caf4 <.LBB71842>:
    caf4:	c1838649          	sfpload	L6,402,0,7

0000caf8 <.LBB71848>:
    caf8:	c1c38291          	sfpload	L7,164,0,7

0000cafc <.LBB71854>:
    cafc:	100d9cc2          	sfpmad	L3,L3,L6,L7,0

0000cb00 <.LBB71857>:
    cb00:	c8c38291          	sfpstore	L3,164,0,7

0000cb04 <.LBB71863>:
    cb04:	c0c38299          	sfpload	L3,166,0,7

0000cb08 <.LBB71869>:
    cb08:	10058c42          	sfpmad	L1,L1,L6,L3,0

0000cb0c <.LBB71872>:
    cb0c:	c8438299          	sfpstore	L1,166,0,7

0000cb10 <.LBB71878>:
    cb10:	142a888a          	sfpadd	L2,L10,L10,L2,2

0000cb14 <.LBB71881>:
    cb14:	1814a542          	sfpmul	L5,L5,L2,L9,0

0000cb18 <.LBB71884>:
    cb18:	c9438391          	sfpstore	L5,228,0,7

0000cb1c <.LBB71890>:
    cb1c:	142a800a          	sfpadd	L0,L10,L10,L0,2

0000cb20 <.LBB71893>:
    cb20:	18102402          	sfpmul	L0,L4,L0,L9,0

0000cb24 <.LBB71896>:
    cb24:	c8038399          	sfpstore	L0,230,0,7

0000cb28 <.LBE71131>:
    cb28:	00008067          	ret

0000cb2c <_ZN12_GLOBAL__N_1L16blend_chain_bodyILm10ELm1EEEvmPKNS_15BlendChainEntryE>:
    cb2c:	01655713          	srli	a4,a0,0x16

0000cb30 <.LM7905>:
    cb30:	10070a63          	beqz	a4,cc44 <.L157>

0000cb34 <.LBB73336>:
    cb34:	60171793          	ctz	a5,a4
    cb38:	01e7f793          	andi	a5,a5,30

0000cb3c <.LM7910>:
    cb3c:	00f75733          	srl	a4,a4,a5

0000cb40 <.LM7912>:
    cb40:	00377713          	andi	a4,a4,3

0000cb44 <.LBE73336>:
    cb44:	20e7a7b3          	sh1add	a5,a5,a4

0000cb48 <.LM7914>:
    cb48:	20b7c7b3          	sh2add	a5,a5,a1
    cb4c:	0b07a783          	lw	a5,176(a5)

0000cb50 <.LBB73338>:
    cb50:	c08384a1          	sfpload	L2,296,0,7

0000cb54 <.LBB73347>:
    cb54:	c04385a1          	sfpload	L1,360,0,7

0000cb58 <.LBB73353>:
    cb58:	c1038611          	sfpload	L4,388,0,7

0000cb5c <.LBB73359>:
    cb5c:	c0c38619          	sfpload	L3,390,0,7

0000cb60 <.LBB73365>:
    cb60:	c0038621          	sfpload	L0,392,0,7

0000cb64 <.LBB73371>:
    cb64:	c1838601          	sfpload	L6,384,0,7

0000cb68 <.LBB73377>:
    cb68:	c1438609          	sfpload	L5,386,0,7

0000cb6c <.LBB73383>:
    cb6c:	1428988a          	sfpadd	L2,L10,L2,L6,2

0000cb70 <.LBB73386>:
    cb70:	1428544a          	sfpadd	L1,L10,L1,L5,2

0000cb74 <.LBB73389>:
    cb74:	1808a542          	sfpmul	L5,L2,L2,L9,0

0000cb78 <.LBB73392>:
    cb78:	18116502          	sfpmul	L4,L4,L5,L9,0

0000cb7c <.LBB73395>:
    cb7c:	18086482          	sfpmul	L2,L2,L1,L9,0

0000cb80 <.LBB73398>:
    cb80:	100c9082          	sfpmad	L2,L3,L2,L4,0

0000cb84 <.LBB73401>:
    cb84:	18046442          	sfpmul	L1,L1,L1,L9,0

0000cb88 <.LBB73404>:
    cb88:	10004802          	sfpmad	L0,L0,L1,L2,0
    cb8c:	3c000002          	sfpnop

0000cb90 <.LBB73407>:
    cb90:	48002406          	sfpswap	L0,L9,1
    cb94:	3c000002          	sfpnop

0000cb98 <.LBB73409>:
    cb98:	18032402          	sfpmul	L0,L0,L12,L9,0

0000cb9c <.LBB73414>:
    cb9c:	d50bf801          	sfpaddi	L0,17150,0
    cba0:	3c000002          	sfpnop

0000cba4 <.LBB73417>:
    cba4:	48000246          	sfpswap	L9,L0,1
    cba8:	3c000002          	sfpnop

0000cbac <.LBB73419>:
    cbac:	dc000041          	sfpexexp	L1,L0,0

0000cbb0 <.LBB73423>:
    cbb0:	e0000001          	sfpexman	L0,L0,0

0000cbb4 <.LBB73425>:
    cbb4:	e8000401          	sfpshft	L0,L1,0x000,0

0000cbb8 <.LBB73427>:
    cbb8:	dc000045          	sfpexexp	L1,L0,1

0000cbbc <.LBB73429>:
    cbbc:	e0000005          	sfpexman	L0,L0,1

0000cbc0 <.LBB73431>:
    cbc0:	40000002          	sfpcast	L0,L0,0

0000cbc4 <.LBB73433>:
    cbc4:	10037882          	sfpmad	L2,L0,L13,L14,0

0000cbc8 <.LBB73436>:
    cbc8:	c0c38659          	sfpload	L3,406,0,7

0000cbcc <.LBB73442>:
    cbcc:	10008c02          	sfpmad	L0,L0,L2,L3,0

0000cbd0 <.LBB73445>:
    cbd0:	08000042          	sfpsetexp	L1,L0,0x000,0

0000cbd4 <.LBB73447>:
    cbd4:	c0038629          	sfpload	L0,394,0,7

0000cbd8 <.LBB73453>:
    cbd8:	18006402          	sfpmul	L0,L0,L1,L9,0

0000cbdc <.LBB73456>:
    cbdc:	c0438661          	sfpload	L1,408,0,7

0000cbe0 <.LBB73462>:
    cbe0:	48000406          	sfpswap	L0,L1,1
    cbe4:	3c000002          	sfpnop

0000cbe8 <.LBB73464>:
    cbe8:	c0438631          	sfpload	L1,396,0,7

0000cbec <.LBB73471>:
    cbec:	1006c042          	sfpmad	L1,L1,L11,L0,0
    cbf0:	ec000401          	sfpsetcc	L1,0x000,0

0000cbf4 <.LBB73475>:
    cbf4:	f0002401          	sfpmov	L0,L9,0

0000cbf8 <.LBB73478>:
    cbf8:	2800c02a          	sfpencc	0x003,10

0000cbfc <.LBB73481>:
    cbfc:	c08383a1          	sfpload	L2,232,0,7

0000cc00 <.LBB73487>:
    cc00:	1800a442          	sfpmul	L1,L0,L2,L9,0

0000cc04 <.LBB73490>:
    cc04:	c10380a1          	sfpload	L4,40,0,7

0000cc08 <.LBB73496>:
    cc08:	c0c38639          	sfpload	L3,398,0,7

0000cc0c <.LBB73502>:
    cc0c:	1004d0c2          	sfpmad	L3,L1,L3,L4,0

0000cc10 <.LBB73505>:
    cc10:	c8c380a1          	sfpstore	L3,40,0,7

0000cc14 <.LBB73511>:
    cc14:	c10381a1          	sfpload	L4,104,0,7

0000cc18 <.LBB73517>:
    cc18:	c0c38641          	sfpload	L3,400,0,7

0000cc1c <.LBB73523>:
    cc1c:	1004d0c2          	sfpmad	L3,L1,L3,L4,0

0000cc20 <.LBB73526>:
    cc20:	c8c381a1          	sfpstore	L3,104,0,7

0000cc24 <.LBB73532>:
    cc24:	c10382a1          	sfpload	L4,168,0,7

0000cc28 <.LBB73538>:
    cc28:	c0c38649          	sfpload	L3,402,0,7

0000cc2c <.LBB73544>:
    cc2c:	1004d042          	sfpmad	L1,L1,L3,L4,0

0000cc30 <.LBB73547>:
    cc30:	c84382a1          	sfpstore	L1,168,0,7

0000cc34 <.LBB73553>:
    cc34:	142a800a          	sfpadd	L0,L10,L10,L0,2

0000cc38 <.LBB73556>:
    cc38:	18082402          	sfpmul	L0,L2,L0,L9,0

0000cc3c <.LBB73559>:
    cc3c:	c80383a1          	sfpstore	L0,232,0,7

0000cc40 <.LBE73338>:
    cc40:	00078067          	jr	a5

0000cc44 <.L157>:
    cc44:	c08384a1          	sfpload	L2,296,0,7

0000cc48 <.LBB73574>:
    cc48:	c04385a1          	sfpload	L1,360,0,7

0000cc4c <.LBB73580>:
    cc4c:	c1038611          	sfpload	L4,388,0,7

0000cc50 <.LBB73586>:
    cc50:	c0c38619          	sfpload	L3,390,0,7

0000cc54 <.LBB73592>:
    cc54:	c0038621          	sfpload	L0,392,0,7

0000cc58 <.LBB73598>:
    cc58:	c1838601          	sfpload	L6,384,0,7

0000cc5c <.LBB73604>:
    cc5c:	c1438609          	sfpload	L5,386,0,7

0000cc60 <.LBB73610>:
    cc60:	1428988a          	sfpadd	L2,L10,L2,L6,2

0000cc64 <.LBB73613>:
    cc64:	1428544a          	sfpadd	L1,L10,L1,L5,2

0000cc68 <.LBB73616>:
    cc68:	1808a542          	sfpmul	L5,L2,L2,L9,0

0000cc6c <.LBB73619>:
    cc6c:	18116502          	sfpmul	L4,L4,L5,L9,0

0000cc70 <.LBB73622>:
    cc70:	18086482          	sfpmul	L2,L2,L1,L9,0

0000cc74 <.LBB73625>:
    cc74:	100c9082          	sfpmad	L2,L3,L2,L4,0

0000cc78 <.LBB73628>:
    cc78:	18046442          	sfpmul	L1,L1,L1,L9,0

0000cc7c <.LBB73631>:
    cc7c:	10004802          	sfpmad	L0,L0,L1,L2,0
    cc80:	3c000002          	sfpnop

0000cc84 <.LBB73634>:
    cc84:	48002406          	sfpswap	L0,L9,1
    cc88:	3c000002          	sfpnop

0000cc8c <.LBB73636>:
    cc8c:	18032402          	sfpmul	L0,L0,L12,L9,0

0000cc90 <.LBB73641>:
    cc90:	d50bf801          	sfpaddi	L0,17150,0
    cc94:	3c000002          	sfpnop

0000cc98 <.LBB73644>:
    cc98:	48000246          	sfpswap	L9,L0,1
    cc9c:	3c000002          	sfpnop

0000cca0 <.LBB73646>:
    cca0:	dc000041          	sfpexexp	L1,L0,0

0000cca4 <.LBB73650>:
    cca4:	e0000001          	sfpexman	L0,L0,0

0000cca8 <.LBB73652>:
    cca8:	e8000401          	sfpshft	L0,L1,0x000,0

0000ccac <.LBB73654>:
    ccac:	dc000045          	sfpexexp	L1,L0,1

0000ccb0 <.LBB73656>:
    ccb0:	e0000005          	sfpexman	L0,L0,1

0000ccb4 <.LBB73658>:
    ccb4:	40000002          	sfpcast	L0,L0,0

0000ccb8 <.LBB73660>:
    ccb8:	10037882          	sfpmad	L2,L0,L13,L14,0

0000ccbc <.LBB73663>:
    ccbc:	c0c38659          	sfpload	L3,406,0,7

0000ccc0 <.LBB73669>:
    ccc0:	10008c02          	sfpmad	L0,L0,L2,L3,0

0000ccc4 <.LBB73672>:
    ccc4:	08000042          	sfpsetexp	L1,L0,0x000,0

0000ccc8 <.LBB73674>:
    ccc8:	c0038629          	sfpload	L0,394,0,7

0000cccc <.LBB73680>:
    cccc:	18006402          	sfpmul	L0,L0,L1,L9,0

0000ccd0 <.LBB73683>:
    ccd0:	c0438661          	sfpload	L1,408,0,7

0000ccd4 <.LBB73689>:
    ccd4:	48000406          	sfpswap	L0,L1,1
    ccd8:	3c000002          	sfpnop

0000ccdc <.LBB73691>:
    ccdc:	c0438631          	sfpload	L1,396,0,7

0000cce0 <.LBB73698>:
    cce0:	1006c042          	sfpmad	L1,L1,L11,L0,0
    cce4:	ec000401          	sfpsetcc	L1,0x000,0

0000cce8 <.LBB73702>:
    cce8:	f0002401          	sfpmov	L0,L9,0

0000ccec <.LBB73705>:
    ccec:	2800c02a          	sfpencc	0x003,10

0000ccf0 <.LBB73708>:
    ccf0:	c08383a1          	sfpload	L2,232,0,7

0000ccf4 <.LBB73714>:
    ccf4:	1800a442          	sfpmul	L1,L0,L2,L9,0

0000ccf8 <.LBB73717>:
    ccf8:	c10380a1          	sfpload	L4,40,0,7

0000ccfc <.LBB73723>:
    ccfc:	c0c38639          	sfpload	L3,398,0,7

0000cd00 <.LBB73729>:
    cd00:	1004d0c2          	sfpmad	L3,L1,L3,L4,0

0000cd04 <.LBB73732>:
    cd04:	c8c380a1          	sfpstore	L3,40,0,7

0000cd08 <.LBB73738>:
    cd08:	c10381a1          	sfpload	L4,104,0,7

0000cd0c <.LBB73744>:
    cd0c:	c0c38641          	sfpload	L3,400,0,7

0000cd10 <.LBB73750>:
    cd10:	1004d0c2          	sfpmad	L3,L1,L3,L4,0

0000cd14 <.LBB73753>:
    cd14:	c8c381a1          	sfpstore	L3,104,0,7

0000cd18 <.LBB73759>:
    cd18:	c10382a1          	sfpload	L4,168,0,7

0000cd1c <.LBB73765>:
    cd1c:	c0c38649          	sfpload	L3,402,0,7

0000cd20 <.LBB73771>:
    cd20:	1004d042          	sfpmad	L1,L1,L3,L4,0

0000cd24 <.LBB73774>:
    cd24:	c84382a1          	sfpstore	L1,168,0,7

0000cd28 <.LBB73780>:
    cd28:	142a800a          	sfpadd	L0,L10,L10,L0,2

0000cd2c <.LBB73783>:
    cd2c:	18082402          	sfpmul	L0,L2,L0,L9,0

0000cd30 <.LBB73786>:
    cd30:	c80383a1          	sfpstore	L0,232,0,7

0000cd34 <.LBE73335>:
    cd34:	00008067          	ret

0000cd38 <_ZN12_GLOBAL__N_1L16blend_chain_bodyILm10ELm2EEEvmPKNS_15BlendChainEntryE>:
    cd38:	01655713          	srli	a4,a0,0x16

0000cd3c <.LM8115>:
    cd3c:	10070a63          	beqz	a4,ce50 <.L162>

0000cd40 <.LBB75226>:
    cd40:	60171793          	ctz	a5,a4
    cd44:	01e7f793          	andi	a5,a5,30

0000cd48 <.LM8120>:
    cd48:	00f75733          	srl	a4,a4,a5

0000cd4c <.LM8122>:
    cd4c:	00377713          	andi	a4,a4,3

0000cd50 <.LBE75226>:
    cd50:	20e7a7b3          	sh1add	a5,a5,a4

0000cd54 <.LM8124>:
    cd54:	20b7c7b3          	sh2add	a5,a5,a1
    cd58:	0b07a783          	lw	a5,176(a5)

0000cd5c <.LBB75228>:
    cd5c:	c08384a9          	sfpload	L2,298,0,7

0000cd60 <.LBB75237>:
    cd60:	c04385a9          	sfpload	L1,362,0,7

0000cd64 <.LBB75243>:
    cd64:	c1038611          	sfpload	L4,388,0,7

0000cd68 <.LBB75249>:
    cd68:	c0c38619          	sfpload	L3,390,0,7

0000cd6c <.LBB75255>:
    cd6c:	c0038621          	sfpload	L0,392,0,7

0000cd70 <.LBB75261>:
    cd70:	c1838601          	sfpload	L6,384,0,7

0000cd74 <.LBB75267>:
    cd74:	c1438609          	sfpload	L5,386,0,7

0000cd78 <.LBB75273>:
    cd78:	1428988a          	sfpadd	L2,L10,L2,L6,2

0000cd7c <.LBB75276>:
    cd7c:	1428544a          	sfpadd	L1,L10,L1,L5,2

0000cd80 <.LBB75279>:
    cd80:	1808a542          	sfpmul	L5,L2,L2,L9,0

0000cd84 <.LBB75282>:
    cd84:	18116502          	sfpmul	L4,L4,L5,L9,0

0000cd88 <.LBB75285>:
    cd88:	18086482          	sfpmul	L2,L2,L1,L9,0

0000cd8c <.LBB75288>:
    cd8c:	100c9082          	sfpmad	L2,L3,L2,L4,0

0000cd90 <.LBB75291>:
    cd90:	18046442          	sfpmul	L1,L1,L1,L9,0

0000cd94 <.LBB75294>:
    cd94:	10004802          	sfpmad	L0,L0,L1,L2,0
    cd98:	3c000002          	sfpnop

0000cd9c <.LBB75297>:
    cd9c:	48002406          	sfpswap	L0,L9,1
    cda0:	3c000002          	sfpnop

0000cda4 <.LBB75299>:
    cda4:	18032402          	sfpmul	L0,L0,L12,L9,0

0000cda8 <.LBB75304>:
    cda8:	d50bf801          	sfpaddi	L0,17150,0
    cdac:	3c000002          	sfpnop

0000cdb0 <.LBB75307>:
    cdb0:	48000246          	sfpswap	L9,L0,1
    cdb4:	3c000002          	sfpnop

0000cdb8 <.LBB75309>:
    cdb8:	dc000041          	sfpexexp	L1,L0,0

0000cdbc <.LBB75313>:
    cdbc:	e0000001          	sfpexman	L0,L0,0

0000cdc0 <.LBB75315>:
    cdc0:	e8000401          	sfpshft	L0,L1,0x000,0

0000cdc4 <.LBB75317>:
    cdc4:	dc000045          	sfpexexp	L1,L0,1

0000cdc8 <.LBB75319>:
    cdc8:	e0000005          	sfpexman	L0,L0,1

0000cdcc <.LBB75321>:
    cdcc:	40000002          	sfpcast	L0,L0,0

0000cdd0 <.LBB75323>:
    cdd0:	10037882          	sfpmad	L2,L0,L13,L14,0

0000cdd4 <.LBB75326>:
    cdd4:	c0c38659          	sfpload	L3,406,0,7

0000cdd8 <.LBB75332>:
    cdd8:	10008c02          	sfpmad	L0,L0,L2,L3,0

0000cddc <.LBB75335>:
    cddc:	08000042          	sfpsetexp	L1,L0,0x000,0

0000cde0 <.LBB75337>:
    cde0:	c0038629          	sfpload	L0,394,0,7

0000cde4 <.LBB75343>:
    cde4:	18006402          	sfpmul	L0,L0,L1,L9,0

0000cde8 <.LBB75346>:
    cde8:	c0438661          	sfpload	L1,408,0,7

0000cdec <.LBB75352>:
    cdec:	48000406          	sfpswap	L0,L1,1
    cdf0:	3c000002          	sfpnop

0000cdf4 <.LBB75354>:
    cdf4:	c0438631          	sfpload	L1,396,0,7

0000cdf8 <.LBB75361>:
    cdf8:	1006c042          	sfpmad	L1,L1,L11,L0,0
    cdfc:	ec000401          	sfpsetcc	L1,0x000,0

0000ce00 <.LBB75365>:
    ce00:	f0002401          	sfpmov	L0,L9,0

0000ce04 <.LBB75368>:
    ce04:	2800c02a          	sfpencc	0x003,10

0000ce08 <.LBB75371>:
    ce08:	c08383a9          	sfpload	L2,234,0,7

0000ce0c <.LBB75377>:
    ce0c:	1800a442          	sfpmul	L1,L0,L2,L9,0

0000ce10 <.LBB75380>:
    ce10:	c10380a9          	sfpload	L4,42,0,7

0000ce14 <.LBB75386>:
    ce14:	c0c38639          	sfpload	L3,398,0,7

0000ce18 <.LBB75392>:
    ce18:	1004d0c2          	sfpmad	L3,L1,L3,L4,0

0000ce1c <.LBB75395>:
    ce1c:	c8c380a9          	sfpstore	L3,42,0,7

0000ce20 <.LBB75401>:
    ce20:	c10381a9          	sfpload	L4,106,0,7

0000ce24 <.LBB75407>:
    ce24:	c0c38641          	sfpload	L3,400,0,7

0000ce28 <.LBB75413>:
    ce28:	1004d0c2          	sfpmad	L3,L1,L3,L4,0

0000ce2c <.LBB75416>:
    ce2c:	c8c381a9          	sfpstore	L3,106,0,7

0000ce30 <.LBB75422>:
    ce30:	c10382a9          	sfpload	L4,170,0,7

0000ce34 <.LBB75428>:
    ce34:	c0c38649          	sfpload	L3,402,0,7

0000ce38 <.LBB75434>:
    ce38:	1004d042          	sfpmad	L1,L1,L3,L4,0

0000ce3c <.LBB75437>:
    ce3c:	c84382a9          	sfpstore	L1,170,0,7

0000ce40 <.LBB75443>:
    ce40:	142a800a          	sfpadd	L0,L10,L10,L0,2

0000ce44 <.LBB75446>:
    ce44:	18082402          	sfpmul	L0,L2,L0,L9,0

0000ce48 <.LBB75449>:
    ce48:	c80383a9          	sfpstore	L0,234,0,7

0000ce4c <.LBE75228>:
    ce4c:	00078067          	jr	a5

0000ce50 <.L162>:
    ce50:	c08384a9          	sfpload	L2,298,0,7

0000ce54 <.LBB75464>:
    ce54:	c04385a9          	sfpload	L1,362,0,7

0000ce58 <.LBB75470>:
    ce58:	c1038611          	sfpload	L4,388,0,7

0000ce5c <.LBB75476>:
    ce5c:	c0c38619          	sfpload	L3,390,0,7

0000ce60 <.LBB75482>:
    ce60:	c0038621          	sfpload	L0,392,0,7

0000ce64 <.LBB75488>:
    ce64:	c1838601          	sfpload	L6,384,0,7

0000ce68 <.LBB75494>:
    ce68:	c1438609          	sfpload	L5,386,0,7

0000ce6c <.LBB75500>:
    ce6c:	1428988a          	sfpadd	L2,L10,L2,L6,2

0000ce70 <.LBB75503>:
    ce70:	1428544a          	sfpadd	L1,L10,L1,L5,2

0000ce74 <.LBB75506>:
    ce74:	1808a542          	sfpmul	L5,L2,L2,L9,0

0000ce78 <.LBB75509>:
    ce78:	18116502          	sfpmul	L4,L4,L5,L9,0

0000ce7c <.LBB75512>:
    ce7c:	18086482          	sfpmul	L2,L2,L1,L9,0

0000ce80 <.LBB75515>:
    ce80:	100c9082          	sfpmad	L2,L3,L2,L4,0

0000ce84 <.LBB75518>:
    ce84:	18046442          	sfpmul	L1,L1,L1,L9,0

0000ce88 <.LBB75521>:
    ce88:	10004802          	sfpmad	L0,L0,L1,L2,0
    ce8c:	3c000002          	sfpnop

0000ce90 <.LBB75524>:
    ce90:	48002406          	sfpswap	L0,L9,1
    ce94:	3c000002          	sfpnop

0000ce98 <.LBB75526>:
    ce98:	18032402          	sfpmul	L0,L0,L12,L9,0

0000ce9c <.LBB75531>:
    ce9c:	d50bf801          	sfpaddi	L0,17150,0
    cea0:	3c000002          	sfpnop

0000cea4 <.LBB75534>:
    cea4:	48000246          	sfpswap	L9,L0,1
    cea8:	3c000002          	sfpnop

0000ceac <.LBB75536>:
    ceac:	dc000041          	sfpexexp	L1,L0,0

0000ceb0 <.LBB75540>:
    ceb0:	e0000001          	sfpexman	L0,L0,0

0000ceb4 <.LBB75542>:
    ceb4:	e8000401          	sfpshft	L0,L1,0x000,0

0000ceb8 <.LBB75544>:
    ceb8:	dc000045          	sfpexexp	L1,L0,1

0000cebc <.LBB75546>:
    cebc:	e0000005          	sfpexman	L0,L0,1

0000cec0 <.LBB75548>:
    cec0:	40000002          	sfpcast	L0,L0,0

0000cec4 <.LBB75550>:
    cec4:	10037882          	sfpmad	L2,L0,L13,L14,0

0000cec8 <.LBB75553>:
    cec8:	c0c38659          	sfpload	L3,406,0,7

0000cecc <.LBB75559>:
    cecc:	10008c02          	sfpmad	L0,L0,L2,L3,0

0000ced0 <.LBB75562>:
    ced0:	08000042          	sfpsetexp	L1,L0,0x000,0

0000ced4 <.LBB75564>:
    ced4:	c0038629          	sfpload	L0,394,0,7

0000ced8 <.LBB75570>:
    ced8:	18006402          	sfpmul	L0,L0,L1,L9,0

0000cedc <.LBB75573>:
    cedc:	c0438661          	sfpload	L1,408,0,7

0000cee0 <.LBB75579>:
    cee0:	48000406          	sfpswap	L0,L1,1
    cee4:	3c000002          	sfpnop

0000cee8 <.LBB75581>:
    cee8:	c0438631          	sfpload	L1,396,0,7

0000ceec <.LBB75588>:
    ceec:	1006c042          	sfpmad	L1,L1,L11,L0,0
    cef0:	ec000401          	sfpsetcc	L1,0x000,0

0000cef4 <.LBB75592>:
    cef4:	f0002401          	sfpmov	L0,L9,0

0000cef8 <.LBB75595>:
    cef8:	2800c02a          	sfpencc	0x003,10

0000cefc <.LBB75598>:
    cefc:	c08383a9          	sfpload	L2,234,0,7

0000cf00 <.LBB75604>:
    cf00:	1800a442          	sfpmul	L1,L0,L2,L9,0

0000cf04 <.LBB75607>:
    cf04:	c10380a9          	sfpload	L4,42,0,7

0000cf08 <.LBB75613>:
    cf08:	c0c38639          	sfpload	L3,398,0,7

0000cf0c <.LBB75619>:
    cf0c:	1004d0c2          	sfpmad	L3,L1,L3,L4,0

0000cf10 <.LBB75622>:
    cf10:	c8c380a9          	sfpstore	L3,42,0,7

0000cf14 <.LBB75628>:
    cf14:	c10381a9          	sfpload	L4,106,0,7

0000cf18 <.LBB75634>:
    cf18:	c0c38641          	sfpload	L3,400,0,7

0000cf1c <.LBB75640>:
    cf1c:	1004d0c2          	sfpmad	L3,L1,L3,L4,0

0000cf20 <.LBB75643>:
    cf20:	c8c381a9          	sfpstore	L3,106,0,7

0000cf24 <.LBB75649>:
    cf24:	c10382a9          	sfpload	L4,170,0,7

0000cf28 <.LBB75655>:
    cf28:	c0c38649          	sfpload	L3,402,0,7

0000cf2c <.LBB75661>:
    cf2c:	1004d042          	sfpmad	L1,L1,L3,L4,0

0000cf30 <.LBB75664>:
    cf30:	c84382a9          	sfpstore	L1,170,0,7

0000cf34 <.LBB75670>:
    cf34:	142a800a          	sfpadd	L0,L10,L10,L0,2

0000cf38 <.LBB75673>:
    cf38:	18082402          	sfpmul	L0,L2,L0,L9,0

0000cf3c <.LBB75676>:
    cf3c:	c80383a9          	sfpstore	L0,234,0,7

0000cf40 <.LBE75225>:
    cf40:	00008067          	ret

0000cf44 <_ZN12_GLOBAL__N_1L16blend_chain_bodyILm10ELm3EEEvmPKNS_15BlendChainEntryE>:
    cf44:	01655713          	srli	a4,a0,0x16

0000cf48 <.LM8325>:
    cf48:	1c070663          	beqz	a4,d114 <.L167>

0000cf4c <.LBB78322>:
    cf4c:	60171793          	ctz	a5,a4
    cf50:	01e7f793          	andi	a5,a5,30

0000cf54 <.LM8330>:
    cf54:	00f75733          	srl	a4,a4,a5

0000cf58 <.LM8332>:
    cf58:	00377713          	andi	a4,a4,3

0000cf5c <.LBE78322>:
    cf5c:	20e7a7b3          	sh1add	a5,a5,a4

0000cf60 <.LM8334>:
    cf60:	20b7c7b3          	sh2add	a5,a5,a1
    cf64:	0b07a783          	lw	a5,176(a5)

0000cf68 <.LBB78324>:
    cf68:	c0038601          	sfpload	L0,384,0,7

0000cf6c <.LBB78333>:
    cf6c:	c1038609          	sfpload	L4,386,0,7

0000cf70 <.LBB78339>:
    cf70:	c08384a1          	sfpload	L2,296,0,7

0000cf74 <.LBB78345>:
    cf74:	1428808a          	sfpadd	L2,L10,L2,L0,2

0000cf78 <.LBB78348>:
    cf78:	c04384a9          	sfpload	L1,298,0,7

0000cf7c <.LBB78354>:
    cf7c:	1428404a          	sfpadd	L1,L10,L1,L0,2

0000cf80 <.LBB78357>:
    cf80:	c00385a1          	sfpload	L0,360,0,7

0000cf84 <.LBB78363>:
    cf84:	1428100a          	sfpadd	L0,L10,L0,L4,2

0000cf88 <.LBB78366>:
    cf88:	c0c385a9          	sfpload	L3,362,0,7

0000cf8c <.LBB78372>:
    cf8c:	1428d0ca          	sfpadd	L3,L10,L3,L4,2

0000cf90 <.LBB78375>:
    cf90:	c1438611          	sfpload	L5,388,0,7

0000cf94 <.LBB78381>:
    cf94:	1808a582          	sfpmul	L6,L2,L2,L9,0

0000cf98 <.LBB78384>:
    cf98:	1815a582          	sfpmul	L6,L5,L6,L9,0

0000cf9c <.LBB78387>:
    cf9c:	18046502          	sfpmul	L4,L1,L1,L9,0

0000cfa0 <.LBB78390>:
    cfa0:	18152542          	sfpmul	L5,L5,L4,L9,0

0000cfa4 <.LBB78393>:
    cfa4:	c1038619          	sfpload	L4,390,0,7

0000cfa8 <.LBB78399>:
    cfa8:	18082482          	sfpmul	L2,L2,L0,L9,0

0000cfac <.LBB78402>:
    cfac:	10109882          	sfpmad	L2,L4,L2,L6,0

0000cfb0 <.LBB78405>:
    cfb0:	1804e442          	sfpmul	L1,L1,L3,L9,0

0000cfb4 <.LBB78408>:
    cfb4:	10105502          	sfpmad	L4,L4,L1,L5,0

0000cfb8 <.LBB78411>:
    cfb8:	c0438621          	sfpload	L1,392,0,7

0000cfbc <.LBB78417>:
    cfbc:	18002402          	sfpmul	L0,L0,L0,L9,0

0000cfc0 <.LBB78420>:
    cfc0:	10040802          	sfpmad	L0,L1,L0,L2,0

0000cfc4 <.LBB78423>:
    cfc4:	180ce4c2          	sfpmul	L3,L3,L3,L9,0

0000cfc8 <.LBB78426>:
    cfc8:	1004d042          	sfpmad	L1,L1,L3,L4,0

0000cfcc <.LBB78429>:
    cfcc:	48002406          	sfpswap	L0,L9,1
    cfd0:	3c000002          	sfpnop

0000cfd4 <.LBB78431>:
    cfd4:	48002446          	sfpswap	L1,L9,1
    cfd8:	3c000002          	sfpnop

0000cfdc <.LBB78433>:
    cfdc:	18032402          	sfpmul	L0,L0,L12,L9,0

0000cfe0 <.LBB78438>:
    cfe0:	d50bf801          	sfpaddi	L0,17150,0
    cfe4:	3c000002          	sfpnop

0000cfe8 <.LBB78441>:
    cfe8:	48000246          	sfpswap	L9,L0,1
    cfec:	3c000002          	sfpnop

0000cff0 <.LBB78443>:
    cff0:	dc000081          	sfpexexp	L2,L0,0

0000cff4 <.LBB78447>:
    cff4:	e0000001          	sfpexman	L0,L0,0

0000cff8 <.LBB78449>:
    cff8:	e8000801          	sfpshft	L0,L2,0x000,0

0000cffc <.LBB78451>:
    cffc:	dc000085          	sfpexexp	L2,L0,1

0000d000 <.LBB78453>:
    d000:	1000014c          	ttreplay	0,5,1,1
    d004:	e0000005          	sfpexman	L0,L0,1

0000d008 <.LBB78455>:
    d008:	40000002          	sfpcast	L0,L0,0

0000d00c <.LBB78457>:
    d00c:	100378c2          	sfpmad	L3,L0,L13,L14,0

0000d010 <.LBB78460>:
    d010:	c1038659          	sfpload	L4,406,0,7

0000d014 <.LBB78466>:
    d014:	1000d002          	sfpmad	L0,L0,L3,L4,0

0000d018 <.LBB78469>:
    d018:	08000082          	sfpsetexp	L2,L0,0x000,0

0000d01c <.LBB78471>:
    d01c:	18072442          	sfpmul	L1,L1,L12,L9,0

0000d020 <.LBB78476>:
    d020:	d50bf841          	sfpaddi	L1,17150,0
    d024:	3c000002          	sfpnop

0000d028 <.LBB78479>:
    d028:	48000646          	sfpswap	L9,L1,1
    d02c:	3c000002          	sfpnop

0000d030 <.LBB78481>:
    d030:	dc0004c1          	sfpexexp	L3,L1,0

0000d034 <.LBB78485>:
    d034:	e0000401          	sfpexman	L0,L1,0

0000d038 <.LBB78487>:
    d038:	e8000c01          	sfpshft	L0,L3,0x000,0

0000d03c <.LBB78489>:
    d03c:	dc000045          	sfpexexp	L1,L0,1

0000d040 <.LBB78491>:
    d040:	10000140          	ttreplay	0,5,0,0

0000d044 <.LBB78494>:
    d044:	08000042          	sfpsetexp	L1,L0,0x000,0

0000d048 <.LBB78496>:
    d048:	c0038629          	sfpload	L0,394,0,7

0000d04c <.LBB78502>:
    d04c:	1800a482          	sfpmul	L2,L0,L2,L9,0

0000d050 <.LBB78505>:
    d050:	18006402          	sfpmul	L0,L0,L1,L9,0

0000d054 <.LBB78508>:
    d054:	c0c38661          	sfpload	L3,408,0,7

0000d058 <.LBB78514>:
    d058:	c0438661          	sfpload	L1,408,0,7

0000d05c <.LBB78520>:
    d05c:	48000c86          	sfpswap	L2,L3,1
    d060:	3c000002          	sfpnop

0000d064 <.LBB78522>:
    d064:	48000406          	sfpswap	L0,L1,1
    d068:	3c000002          	sfpnop

0000d06c <.LBB78524>:
    d06c:	c0438631          	sfpload	L1,396,0,7

0000d070 <.LBB78531>:
    d070:	1006c842          	sfpmad	L1,L1,L11,L2,0
    d074:	ec000401          	sfpsetcc	L1,0x000,0

0000d078 <.LBB78535>:
    d078:	f0002481          	sfpmov	L2,L9,0

0000d07c <.LBB78538>:
    d07c:	2800c02a          	sfpencc	0x003,10

0000d080 <.LBB78541>:
    d080:	c0438631          	sfpload	L1,396,0,7

0000d084 <.LBB78548>:
    d084:	1006c042          	sfpmad	L1,L1,L11,L0,0
    d088:	ec000401          	sfpsetcc	L1,0x000,0

0000d08c <.LBB78552>:
    d08c:	f0002401          	sfpmov	L0,L9,0

0000d090 <.LBB78555>:
    d090:	2800c02a          	sfpencc	0x003,10

0000d094 <.LBB78558>:
    d094:	c14383a1          	sfpload	L5,232,0,7

0000d098 <.LBB78564>:
    d098:	c10383a9          	sfpload	L4,234,0,7

0000d09c <.LBB78570>:
    d09c:	180964c2          	sfpmul	L3,L2,L5,L9,0

0000d0a0 <.LBB78573>:
    d0a0:	18012442          	sfpmul	L1,L0,L4,L9,0

0000d0a4 <.LBB78576>:
    d0a4:	c1838639          	sfpload	L6,398,0,7

0000d0a8 <.LBB78582>:
    d0a8:	c1c380a1          	sfpload	L7,40,0,7

0000d0ac <.LBB78588>:
    d0ac:	100d9dc2          	sfpmad	L7,L3,L6,L7,0

0000d0b0 <.LBB78591>:
    d0b0:	c9c380a1          	sfpstore	L7,40,0,7

0000d0b4 <.LBB78597>:
    d0b4:	c1c380a9          	sfpload	L7,42,0,7

0000d0b8 <.LBB78603>:
    d0b8:	10059d82          	sfpmad	L6,L1,L6,L7,0

0000d0bc <.LBB78606>:
    d0bc:	c98380a9          	sfpstore	L6,42,0,7

0000d0c0 <.LBB78612>:
    d0c0:	c1838641          	sfpload	L6,400,0,7

0000d0c4 <.LBB78618>:
    d0c4:	c1c381a1          	sfpload	L7,104,0,7

0000d0c8 <.LBB78624>:
    d0c8:	100d9dc2          	sfpmad	L7,L3,L6,L7,0

0000d0cc <.LBB78627>:
    d0cc:	c9c381a1          	sfpstore	L7,104,0,7

0000d0d0 <.LBB78633>:
    d0d0:	c1c381a9          	sfpload	L7,106,0,7

0000d0d4 <.LBB78639>:
    d0d4:	10059d82          	sfpmad	L6,L1,L6,L7,0

0000d0d8 <.LBB78642>:
    d0d8:	c98381a9          	sfpstore	L6,106,0,7

0000d0dc <.LBB78648>:
    d0dc:	c1838649          	sfpload	L6,402,0,7

0000d0e0 <.LBB78654>:
    d0e0:	c1c382a1          	sfpload	L7,168,0,7

0000d0e4 <.LBB78660>:
    d0e4:	100d9cc2          	sfpmad	L3,L3,L6,L7,0

0000d0e8 <.LBB78663>:
    d0e8:	c8c382a1          	sfpstore	L3,168,0,7

0000d0ec <.LBB78669>:
    d0ec:	c0c382a9          	sfpload	L3,170,0,7

0000d0f0 <.LBB78675>:
    d0f0:	10058c42          	sfpmad	L1,L1,L6,L3,0

0000d0f4 <.LBB78678>:
    d0f4:	c84382a9          	sfpstore	L1,170,0,7

0000d0f8 <.LBB78684>:
    d0f8:	142a888a          	sfpadd	L2,L10,L10,L2,2

0000d0fc <.LBB78687>:
    d0fc:	1814a542          	sfpmul	L5,L5,L2,L9,0

0000d100 <.LBB78690>:
    d100:	c94383a1          	sfpstore	L5,232,0,7

0000d104 <.LBB78696>:
    d104:	142a800a          	sfpadd	L0,L10,L10,L0,2

0000d108 <.LBB78699>:
    d108:	18102402          	sfpmul	L0,L4,L0,L9,0

0000d10c <.LBB78702>:
    d10c:	c80383a9          	sfpstore	L0,234,0,7

0000d110 <.LBE78324>:
    d110:	00078067          	jr	a5

0000d114 <.L167>:
    d114:	c0038601          	sfpload	L0,384,0,7

0000d118 <.LBB78717>:
    d118:	c1038609          	sfpload	L4,386,0,7

0000d11c <.LBB78723>:
    d11c:	c08384a1          	sfpload	L2,296,0,7

0000d120 <.LBB78729>:
    d120:	1428808a          	sfpadd	L2,L10,L2,L0,2

0000d124 <.LBB78732>:
    d124:	c04384a9          	sfpload	L1,298,0,7

0000d128 <.LBB78738>:
    d128:	1428404a          	sfpadd	L1,L10,L1,L0,2

0000d12c <.LBB78741>:
    d12c:	c00385a1          	sfpload	L0,360,0,7

0000d130 <.LBB78747>:
    d130:	1428100a          	sfpadd	L0,L10,L0,L4,2

0000d134 <.LBB78750>:
    d134:	c0c385a9          	sfpload	L3,362,0,7

0000d138 <.LBB78756>:
    d138:	1428d0ca          	sfpadd	L3,L10,L3,L4,2

0000d13c <.LBB78759>:
    d13c:	c1438611          	sfpload	L5,388,0,7

0000d140 <.LBB78765>:
    d140:	1808a582          	sfpmul	L6,L2,L2,L9,0

0000d144 <.LBB78768>:
    d144:	1815a582          	sfpmul	L6,L5,L6,L9,0

0000d148 <.LBB78771>:
    d148:	18046502          	sfpmul	L4,L1,L1,L9,0

0000d14c <.LBB78774>:
    d14c:	18152542          	sfpmul	L5,L5,L4,L9,0

0000d150 <.LBB78777>:
    d150:	c1038619          	sfpload	L4,390,0,7

0000d154 <.LBB78783>:
    d154:	18082482          	sfpmul	L2,L2,L0,L9,0

0000d158 <.LBB78786>:
    d158:	10109882          	sfpmad	L2,L4,L2,L6,0

0000d15c <.LBB78789>:
    d15c:	1804e442          	sfpmul	L1,L1,L3,L9,0

0000d160 <.LBB78792>:
    d160:	10105502          	sfpmad	L4,L4,L1,L5,0

0000d164 <.LBB78795>:
    d164:	c0438621          	sfpload	L1,392,0,7

0000d168 <.LBB78801>:
    d168:	18002402          	sfpmul	L0,L0,L0,L9,0

0000d16c <.LBB78804>:
    d16c:	10040802          	sfpmad	L0,L1,L0,L2,0

0000d170 <.LBB78807>:
    d170:	180ce4c2          	sfpmul	L3,L3,L3,L9,0

0000d174 <.LBB78810>:
    d174:	1004d042          	sfpmad	L1,L1,L3,L4,0

0000d178 <.LBB78813>:
    d178:	48002406          	sfpswap	L0,L9,1
    d17c:	3c000002          	sfpnop

0000d180 <.LBB78815>:
    d180:	48002446          	sfpswap	L1,L9,1
    d184:	3c000002          	sfpnop

0000d188 <.LBB78817>:
    d188:	18032402          	sfpmul	L0,L0,L12,L9,0

0000d18c <.LBB78822>:
    d18c:	d50bf801          	sfpaddi	L0,17150,0
    d190:	3c000002          	sfpnop

0000d194 <.LBB78825>:
    d194:	48000246          	sfpswap	L9,L0,1
    d198:	3c000002          	sfpnop

0000d19c <.LBB78827>:
    d19c:	dc000081          	sfpexexp	L2,L0,0

0000d1a0 <.LBB78831>:
    d1a0:	e0000001          	sfpexman	L0,L0,0

0000d1a4 <.LBB78833>:
    d1a4:	e8000801          	sfpshft	L0,L2,0x000,0

0000d1a8 <.LBB78835>:
    d1a8:	dc000085          	sfpexexp	L2,L0,1

0000d1ac <.LBB78837>:
    d1ac:	1000014c          	ttreplay	0,5,1,1
    d1b0:	e0000005          	sfpexman	L0,L0,1

0000d1b4 <.LBB78839>:
    d1b4:	40000002          	sfpcast	L0,L0,0

0000d1b8 <.LBB78841>:
    d1b8:	100378c2          	sfpmad	L3,L0,L13,L14,0

0000d1bc <.LBB78844>:
    d1bc:	c1038659          	sfpload	L4,406,0,7

0000d1c0 <.LBB78850>:
    d1c0:	1000d002          	sfpmad	L0,L0,L3,L4,0

0000d1c4 <.LBB78853>:
    d1c4:	08000082          	sfpsetexp	L2,L0,0x000,0

0000d1c8 <.LBB78855>:
    d1c8:	18072442          	sfpmul	L1,L1,L12,L9,0

0000d1cc <.LBB78860>:
    d1cc:	d50bf841          	sfpaddi	L1,17150,0
    d1d0:	3c000002          	sfpnop

0000d1d4 <.LBB78863>:
    d1d4:	48000646          	sfpswap	L9,L1,1
    d1d8:	3c000002          	sfpnop

0000d1dc <.LBB78865>:
    d1dc:	dc0004c1          	sfpexexp	L3,L1,0

0000d1e0 <.LBB78869>:
    d1e0:	e0000401          	sfpexman	L0,L1,0

0000d1e4 <.LBB78871>:
    d1e4:	e8000c01          	sfpshft	L0,L3,0x000,0

0000d1e8 <.LBB78873>:
    d1e8:	dc000045          	sfpexexp	L1,L0,1

0000d1ec <.LBB78875>:
    d1ec:	10000140          	ttreplay	0,5,0,0

0000d1f0 <.LBB78878>:
    d1f0:	08000042          	sfpsetexp	L1,L0,0x000,0

0000d1f4 <.LBB78880>:
    d1f4:	c0038629          	sfpload	L0,394,0,7

0000d1f8 <.LBB78886>:
    d1f8:	1800a482          	sfpmul	L2,L0,L2,L9,0

0000d1fc <.LBB78889>:
    d1fc:	18006402          	sfpmul	L0,L0,L1,L9,0

0000d200 <.LBB78892>:
    d200:	c0c38661          	sfpload	L3,408,0,7

0000d204 <.LBB78898>:
    d204:	c0438661          	sfpload	L1,408,0,7

0000d208 <.LBB78904>:
    d208:	48000c86          	sfpswap	L2,L3,1
    d20c:	3c000002          	sfpnop

0000d210 <.LBB78906>:
    d210:	48000406          	sfpswap	L0,L1,1
    d214:	3c000002          	sfpnop

0000d218 <.LBB78908>:
    d218:	c0438631          	sfpload	L1,396,0,7

0000d21c <.LBB78915>:
    d21c:	1006c842          	sfpmad	L1,L1,L11,L2,0
    d220:	ec000401          	sfpsetcc	L1,0x000,0

0000d224 <.LBB78919>:
    d224:	f0002481          	sfpmov	L2,L9,0

0000d228 <.LBB78922>:
    d228:	2800c02a          	sfpencc	0x003,10

0000d22c <.LBB78925>:
    d22c:	c0438631          	sfpload	L1,396,0,7

0000d230 <.LBB78932>:
    d230:	1006c042          	sfpmad	L1,L1,L11,L0,0
    d234:	ec000401          	sfpsetcc	L1,0x000,0

0000d238 <.LBB78936>:
    d238:	f0002401          	sfpmov	L0,L9,0

0000d23c <.LBB78939>:
    d23c:	2800c02a          	sfpencc	0x003,10

0000d240 <.LBB78942>:
    d240:	c14383a1          	sfpload	L5,232,0,7

0000d244 <.LBB78948>:
    d244:	c10383a9          	sfpload	L4,234,0,7

0000d248 <.LBB78954>:
    d248:	180964c2          	sfpmul	L3,L2,L5,L9,0

0000d24c <.LBB78957>:
    d24c:	18012442          	sfpmul	L1,L0,L4,L9,0

0000d250 <.LBB78960>:
    d250:	c1838639          	sfpload	L6,398,0,7

0000d254 <.LBB78966>:
    d254:	c1c380a1          	sfpload	L7,40,0,7

0000d258 <.LBB78972>:
    d258:	100d9dc2          	sfpmad	L7,L3,L6,L7,0

0000d25c <.LBB78975>:
    d25c:	c9c380a1          	sfpstore	L7,40,0,7

0000d260 <.LBB78981>:
    d260:	c1c380a9          	sfpload	L7,42,0,7

0000d264 <.LBB78987>:
    d264:	10059d82          	sfpmad	L6,L1,L6,L7,0

0000d268 <.LBB78990>:
    d268:	c98380a9          	sfpstore	L6,42,0,7

0000d26c <.LBB78996>:
    d26c:	c1838641          	sfpload	L6,400,0,7

0000d270 <.LBB79002>:
    d270:	c1c381a1          	sfpload	L7,104,0,7

0000d274 <.LBB79008>:
    d274:	100d9dc2          	sfpmad	L7,L3,L6,L7,0

0000d278 <.LBB79011>:
    d278:	c9c381a1          	sfpstore	L7,104,0,7

0000d27c <.LBB79017>:
    d27c:	c1c381a9          	sfpload	L7,106,0,7

0000d280 <.LBB79023>:
    d280:	10059d82          	sfpmad	L6,L1,L6,L7,0

0000d284 <.LBB79026>:
    d284:	c98381a9          	sfpstore	L6,106,0,7

0000d288 <.LBB79032>:
    d288:	c1838649          	sfpload	L6,402,0,7

0000d28c <.LBB79038>:
    d28c:	c1c382a1          	sfpload	L7,168,0,7

0000d290 <.LBB79044>:
    d290:	100d9cc2          	sfpmad	L3,L3,L6,L7,0

0000d294 <.LBB79047>:
    d294:	c8c382a1          	sfpstore	L3,168,0,7

0000d298 <.LBB79053>:
    d298:	c0c382a9          	sfpload	L3,170,0,7

0000d29c <.LBB79059>:
    d29c:	10058c42          	sfpmad	L1,L1,L6,L3,0

0000d2a0 <.LBB79062>:
    d2a0:	c84382a9          	sfpstore	L1,170,0,7

0000d2a4 <.LBB79068>:
    d2a4:	142a888a          	sfpadd	L2,L10,L10,L2,2

0000d2a8 <.LBB79071>:
    d2a8:	1814a542          	sfpmul	L5,L5,L2,L9,0

0000d2ac <.LBB79074>:
    d2ac:	c94383a1          	sfpstore	L5,232,0,7

0000d2b0 <.LBB79080>:
    d2b0:	142a800a          	sfpadd	L0,L10,L10,L0,2

0000d2b4 <.LBB79083>:
    d2b4:	18102402          	sfpmul	L0,L4,L0,L9,0

0000d2b8 <.LBB79086>:
    d2b8:	c80383a9          	sfpstore	L0,234,0,7

0000d2bc <.LBE78321>:
    d2bc:	00008067          	ret

0000d2c0 <_ZN12_GLOBAL__N_1L16blend_chain_bodyILm11ELm1EEEvmPKNS_15BlendChainEntryE>:
    d2c0:	01855713          	srli	a4,a0,0x18

0000d2c4 <.LM8695>:
    d2c4:	10070a63          	beqz	a4,d3d8 <.L172>

0000d2c8 <.LBB80526>:
    d2c8:	60171793          	ctz	a5,a4
    d2cc:	01e7f793          	andi	a5,a5,30

0000d2d0 <.LM8700>:
    d2d0:	00f75733          	srl	a4,a4,a5

0000d2d4 <.LM8702>:
    d2d4:	00377713          	andi	a4,a4,3

0000d2d8 <.LBE80526>:
    d2d8:	20e7a7b3          	sh1add	a5,a5,a4

0000d2dc <.LM8704>:
    d2dc:	20b7c7b3          	sh2add	a5,a5,a1
    d2e0:	0c07a783          	lw	a5,192(a5)

0000d2e4 <.LBB80528>:
    d2e4:	c08384b1          	sfpload	L2,300,0,7

0000d2e8 <.LBB80537>:
    d2e8:	c04385b1          	sfpload	L1,364,0,7

0000d2ec <.LBB80543>:
    d2ec:	c1038611          	sfpload	L4,388,0,7

0000d2f0 <.LBB80549>:
    d2f0:	c0c38619          	sfpload	L3,390,0,7

0000d2f4 <.LBB80555>:
    d2f4:	c0038621          	sfpload	L0,392,0,7

0000d2f8 <.LBB80561>:
    d2f8:	c1838601          	sfpload	L6,384,0,7

0000d2fc <.LBB80567>:
    d2fc:	c1438609          	sfpload	L5,386,0,7

0000d300 <.LBB80573>:
    d300:	1428988a          	sfpadd	L2,L10,L2,L6,2

0000d304 <.LBB80576>:
    d304:	1428544a          	sfpadd	L1,L10,L1,L5,2

0000d308 <.LBB80579>:
    d308:	1808a542          	sfpmul	L5,L2,L2,L9,0

0000d30c <.LBB80582>:
    d30c:	18116502          	sfpmul	L4,L4,L5,L9,0

0000d310 <.LBB80585>:
    d310:	18086482          	sfpmul	L2,L2,L1,L9,0

0000d314 <.LBB80588>:
    d314:	100c9082          	sfpmad	L2,L3,L2,L4,0

0000d318 <.LBB80591>:
    d318:	18046442          	sfpmul	L1,L1,L1,L9,0

0000d31c <.LBB80594>:
    d31c:	10004802          	sfpmad	L0,L0,L1,L2,0
    d320:	3c000002          	sfpnop

0000d324 <.LBB80597>:
    d324:	48002406          	sfpswap	L0,L9,1
    d328:	3c000002          	sfpnop

0000d32c <.LBB80599>:
    d32c:	18032402          	sfpmul	L0,L0,L12,L9,0

0000d330 <.LBB80604>:
    d330:	d50bf801          	sfpaddi	L0,17150,0
    d334:	3c000002          	sfpnop

0000d338 <.LBB80607>:
    d338:	48000246          	sfpswap	L9,L0,1
    d33c:	3c000002          	sfpnop

0000d340 <.LBB80609>:
    d340:	dc000041          	sfpexexp	L1,L0,0

0000d344 <.LBB80613>:
    d344:	e0000001          	sfpexman	L0,L0,0

0000d348 <.LBB80615>:
    d348:	e8000401          	sfpshft	L0,L1,0x000,0

0000d34c <.LBB80617>:
    d34c:	dc000045          	sfpexexp	L1,L0,1

0000d350 <.LBB80619>:
    d350:	e0000005          	sfpexman	L0,L0,1

0000d354 <.LBB80621>:
    d354:	40000002          	sfpcast	L0,L0,0

0000d358 <.LBB80623>:
    d358:	10037882          	sfpmad	L2,L0,L13,L14,0

0000d35c <.LBB80626>:
    d35c:	c0c38659          	sfpload	L3,406,0,7

0000d360 <.LBB80632>:
    d360:	10008c02          	sfpmad	L0,L0,L2,L3,0

0000d364 <.LBB80635>:
    d364:	08000042          	sfpsetexp	L1,L0,0x000,0

0000d368 <.LBB80637>:
    d368:	c0038629          	sfpload	L0,394,0,7

0000d36c <.LBB80643>:
    d36c:	18006402          	sfpmul	L0,L0,L1,L9,0

0000d370 <.LBB80646>:
    d370:	c0438661          	sfpload	L1,408,0,7

0000d374 <.LBB80652>:
    d374:	48000406          	sfpswap	L0,L1,1
    d378:	3c000002          	sfpnop

0000d37c <.LBB80654>:
    d37c:	c0438631          	sfpload	L1,396,0,7

0000d380 <.LBB80661>:
    d380:	1006c042          	sfpmad	L1,L1,L11,L0,0
    d384:	ec000401          	sfpsetcc	L1,0x000,0

0000d388 <.LBB80665>:
    d388:	f0002401          	sfpmov	L0,L9,0

0000d38c <.LBB80668>:
    d38c:	2800c02a          	sfpencc	0x003,10

0000d390 <.LBB80671>:
    d390:	c08383b1          	sfpload	L2,236,0,7

0000d394 <.LBB80677>:
    d394:	1800a442          	sfpmul	L1,L0,L2,L9,0

0000d398 <.LBB80680>:
    d398:	c10380b1          	sfpload	L4,44,0,7

0000d39c <.LBB80686>:
    d39c:	c0c38639          	sfpload	L3,398,0,7

0000d3a0 <.LBB80692>:
    d3a0:	1004d0c2          	sfpmad	L3,L1,L3,L4,0

0000d3a4 <.LBB80695>:
    d3a4:	c8c380b1          	sfpstore	L3,44,0,7

0000d3a8 <.LBB80701>:
    d3a8:	c10381b1          	sfpload	L4,108,0,7

0000d3ac <.LBB80707>:
    d3ac:	c0c38641          	sfpload	L3,400,0,7

0000d3b0 <.LBB80713>:
    d3b0:	1004d0c2          	sfpmad	L3,L1,L3,L4,0

0000d3b4 <.LBB80716>:
    d3b4:	c8c381b1          	sfpstore	L3,108,0,7

0000d3b8 <.LBB80722>:
    d3b8:	c10382b1          	sfpload	L4,172,0,7

0000d3bc <.LBB80728>:
    d3bc:	c0c38649          	sfpload	L3,402,0,7

0000d3c0 <.LBB80734>:
    d3c0:	1004d042          	sfpmad	L1,L1,L3,L4,0

0000d3c4 <.LBB80737>:
    d3c4:	c84382b1          	sfpstore	L1,172,0,7

0000d3c8 <.LBB80743>:
    d3c8:	142a800a          	sfpadd	L0,L10,L10,L0,2

0000d3cc <.LBB80746>:
    d3cc:	18082402          	sfpmul	L0,L2,L0,L9,0

0000d3d0 <.LBB80749>:
    d3d0:	c80383b1          	sfpstore	L0,236,0,7

0000d3d4 <.LBE80528>:
    d3d4:	00078067          	jr	a5

0000d3d8 <.L172>:
    d3d8:	c08384b1          	sfpload	L2,300,0,7

0000d3dc <.LBB80764>:
    d3dc:	c04385b1          	sfpload	L1,364,0,7

0000d3e0 <.LBB80770>:
    d3e0:	c1038611          	sfpload	L4,388,0,7

0000d3e4 <.LBB80776>:
    d3e4:	c0c38619          	sfpload	L3,390,0,7

0000d3e8 <.LBB80782>:
    d3e8:	c0038621          	sfpload	L0,392,0,7

0000d3ec <.LBB80788>:
    d3ec:	c1838601          	sfpload	L6,384,0,7

0000d3f0 <.LBB80794>:
    d3f0:	c1438609          	sfpload	L5,386,0,7

0000d3f4 <.LBB80800>:
    d3f4:	1428988a          	sfpadd	L2,L10,L2,L6,2

0000d3f8 <.LBB80803>:
    d3f8:	1428544a          	sfpadd	L1,L10,L1,L5,2

0000d3fc <.LBB80806>:
    d3fc:	1808a542          	sfpmul	L5,L2,L2,L9,0

0000d400 <.LBB80809>:
    d400:	18116502          	sfpmul	L4,L4,L5,L9,0

0000d404 <.LBB80812>:
    d404:	18086482          	sfpmul	L2,L2,L1,L9,0

0000d408 <.LBB80815>:
    d408:	100c9082          	sfpmad	L2,L3,L2,L4,0

0000d40c <.LBB80818>:
    d40c:	18046442          	sfpmul	L1,L1,L1,L9,0

0000d410 <.LBB80821>:
    d410:	10004802          	sfpmad	L0,L0,L1,L2,0
    d414:	3c000002          	sfpnop

0000d418 <.LBB80824>:
    d418:	48002406          	sfpswap	L0,L9,1
    d41c:	3c000002          	sfpnop

0000d420 <.LBB80826>:
    d420:	18032402          	sfpmul	L0,L0,L12,L9,0

0000d424 <.LBB80831>:
    d424:	d50bf801          	sfpaddi	L0,17150,0
    d428:	3c000002          	sfpnop

0000d42c <.LBB80834>:
    d42c:	48000246          	sfpswap	L9,L0,1
    d430:	3c000002          	sfpnop

0000d434 <.LBB80836>:
    d434:	dc000041          	sfpexexp	L1,L0,0

0000d438 <.LBB80840>:
    d438:	e0000001          	sfpexman	L0,L0,0

0000d43c <.LBB80842>:
    d43c:	e8000401          	sfpshft	L0,L1,0x000,0

0000d440 <.LBB80844>:
    d440:	dc000045          	sfpexexp	L1,L0,1

0000d444 <.LBB80846>:
    d444:	e0000005          	sfpexman	L0,L0,1

0000d448 <.LBB80848>:
    d448:	40000002          	sfpcast	L0,L0,0

0000d44c <.LBB80850>:
    d44c:	10037882          	sfpmad	L2,L0,L13,L14,0

0000d450 <.LBB80853>:
    d450:	c0c38659          	sfpload	L3,406,0,7

0000d454 <.LBB80859>:
    d454:	10008c02          	sfpmad	L0,L0,L2,L3,0

0000d458 <.LBB80862>:
    d458:	08000042          	sfpsetexp	L1,L0,0x000,0

0000d45c <.LBB80864>:
    d45c:	c0038629          	sfpload	L0,394,0,7

0000d460 <.LBB80870>:
    d460:	18006402          	sfpmul	L0,L0,L1,L9,0

0000d464 <.LBB80873>:
    d464:	c0438661          	sfpload	L1,408,0,7

0000d468 <.LBB80879>:
    d468:	48000406          	sfpswap	L0,L1,1
    d46c:	3c000002          	sfpnop

0000d470 <.LBB80881>:
    d470:	c0438631          	sfpload	L1,396,0,7

0000d474 <.LBB80888>:
    d474:	1006c042          	sfpmad	L1,L1,L11,L0,0
    d478:	ec000401          	sfpsetcc	L1,0x000,0

0000d47c <.LBB80892>:
    d47c:	f0002401          	sfpmov	L0,L9,0

0000d480 <.LBB80895>:
    d480:	2800c02a          	sfpencc	0x003,10

0000d484 <.LBB80898>:
    d484:	c08383b1          	sfpload	L2,236,0,7

0000d488 <.LBB80904>:
    d488:	1800a442          	sfpmul	L1,L0,L2,L9,0

0000d48c <.LBB80907>:
    d48c:	c10380b1          	sfpload	L4,44,0,7

0000d490 <.LBB80913>:
    d490:	c0c38639          	sfpload	L3,398,0,7

0000d494 <.LBB80919>:
    d494:	1004d0c2          	sfpmad	L3,L1,L3,L4,0

0000d498 <.LBB80922>:
    d498:	c8c380b1          	sfpstore	L3,44,0,7

0000d49c <.LBB80928>:
    d49c:	c10381b1          	sfpload	L4,108,0,7

0000d4a0 <.LBB80934>:
    d4a0:	c0c38641          	sfpload	L3,400,0,7

0000d4a4 <.LBB80940>:
    d4a4:	1004d0c2          	sfpmad	L3,L1,L3,L4,0

0000d4a8 <.LBB80943>:
    d4a8:	c8c381b1          	sfpstore	L3,108,0,7

0000d4ac <.LBB80949>:
    d4ac:	c10382b1          	sfpload	L4,172,0,7

0000d4b0 <.LBB80955>:
    d4b0:	c0c38649          	sfpload	L3,402,0,7

0000d4b4 <.LBB80961>:
    d4b4:	1004d042          	sfpmad	L1,L1,L3,L4,0

0000d4b8 <.LBB80964>:
    d4b8:	c84382b1          	sfpstore	L1,172,0,7

0000d4bc <.LBB80970>:
    d4bc:	142a800a          	sfpadd	L0,L10,L10,L0,2

0000d4c0 <.LBB80973>:
    d4c0:	18082402          	sfpmul	L0,L2,L0,L9,0

0000d4c4 <.LBB80976>:
    d4c4:	c80383b1          	sfpstore	L0,236,0,7

0000d4c8 <.LBE80525>:
    d4c8:	00008067          	ret

0000d4cc <_ZN12_GLOBAL__N_1L16blend_chain_bodyILm11ELm2EEEvmPKNS_15BlendChainEntryE>:
    d4cc:	01855713          	srli	a4,a0,0x18

0000d4d0 <.LM8905>:
    d4d0:	10070a63          	beqz	a4,d5e4 <.L177>

0000d4d4 <.LBB82416>:
    d4d4:	60171793          	ctz	a5,a4
    d4d8:	01e7f793          	andi	a5,a5,30

0000d4dc <.LM8910>:
    d4dc:	00f75733          	srl	a4,a4,a5

0000d4e0 <.LM8912>:
    d4e0:	00377713          	andi	a4,a4,3

0000d4e4 <.LBE82416>:
    d4e4:	20e7a7b3          	sh1add	a5,a5,a4

0000d4e8 <.LM8914>:
    d4e8:	20b7c7b3          	sh2add	a5,a5,a1
    d4ec:	0c07a783          	lw	a5,192(a5)

0000d4f0 <.LBB82418>:
    d4f0:	c08384b9          	sfpload	L2,302,0,7

0000d4f4 <.LBB82427>:
    d4f4:	c04385b9          	sfpload	L1,366,0,7

0000d4f8 <.LBB82433>:
    d4f8:	c1038611          	sfpload	L4,388,0,7

0000d4fc <.LBB82439>:
    d4fc:	c0c38619          	sfpload	L3,390,0,7

0000d500 <.LBB82445>:
    d500:	c0038621          	sfpload	L0,392,0,7

0000d504 <.LBB82451>:
    d504:	c1838601          	sfpload	L6,384,0,7

0000d508 <.LBB82457>:
    d508:	c1438609          	sfpload	L5,386,0,7

0000d50c <.LBB82463>:
    d50c:	1428988a          	sfpadd	L2,L10,L2,L6,2

0000d510 <.LBB82466>:
    d510:	1428544a          	sfpadd	L1,L10,L1,L5,2

0000d514 <.LBB82469>:
    d514:	1808a542          	sfpmul	L5,L2,L2,L9,0

0000d518 <.LBB82472>:
    d518:	18116502          	sfpmul	L4,L4,L5,L9,0

0000d51c <.LBB82475>:
    d51c:	18086482          	sfpmul	L2,L2,L1,L9,0

0000d520 <.LBB82478>:
    d520:	100c9082          	sfpmad	L2,L3,L2,L4,0

0000d524 <.LBB82481>:
    d524:	18046442          	sfpmul	L1,L1,L1,L9,0

0000d528 <.LBB82484>:
    d528:	10004802          	sfpmad	L0,L0,L1,L2,0
    d52c:	3c000002          	sfpnop

0000d530 <.LBB82487>:
    d530:	48002406          	sfpswap	L0,L9,1
    d534:	3c000002          	sfpnop

0000d538 <.LBB82489>:
    d538:	18032402          	sfpmul	L0,L0,L12,L9,0

0000d53c <.LBB82494>:
    d53c:	d50bf801          	sfpaddi	L0,17150,0
    d540:	3c000002          	sfpnop

0000d544 <.LBB82497>:
    d544:	48000246          	sfpswap	L9,L0,1
    d548:	3c000002          	sfpnop

0000d54c <.LBB82499>:
    d54c:	dc000041          	sfpexexp	L1,L0,0

0000d550 <.LBB82503>:
    d550:	e0000001          	sfpexman	L0,L0,0

0000d554 <.LBB82505>:
    d554:	e8000401          	sfpshft	L0,L1,0x000,0

0000d558 <.LBB82507>:
    d558:	dc000045          	sfpexexp	L1,L0,1

0000d55c <.LBB82509>:
    d55c:	e0000005          	sfpexman	L0,L0,1

0000d560 <.LBB82511>:
    d560:	40000002          	sfpcast	L0,L0,0

0000d564 <.LBB82513>:
    d564:	10037882          	sfpmad	L2,L0,L13,L14,0

0000d568 <.LBB82516>:
    d568:	c0c38659          	sfpload	L3,406,0,7

0000d56c <.LBB82522>:
    d56c:	10008c02          	sfpmad	L0,L0,L2,L3,0

0000d570 <.LBB82525>:
    d570:	08000042          	sfpsetexp	L1,L0,0x000,0

0000d574 <.LBB82527>:
    d574:	c0038629          	sfpload	L0,394,0,7

0000d578 <.LBB82533>:
    d578:	18006402          	sfpmul	L0,L0,L1,L9,0

0000d57c <.LBB82536>:
    d57c:	c0438661          	sfpload	L1,408,0,7

0000d580 <.LBB82542>:
    d580:	48000406          	sfpswap	L0,L1,1
    d584:	3c000002          	sfpnop

0000d588 <.LBB82544>:
    d588:	c0438631          	sfpload	L1,396,0,7

0000d58c <.LBB82551>:
    d58c:	1006c042          	sfpmad	L1,L1,L11,L0,0
    d590:	ec000401          	sfpsetcc	L1,0x000,0

0000d594 <.LBB82555>:
    d594:	f0002401          	sfpmov	L0,L9,0

0000d598 <.LBB82558>:
    d598:	2800c02a          	sfpencc	0x003,10

0000d59c <.LBB82561>:
    d59c:	c08383b9          	sfpload	L2,238,0,7

0000d5a0 <.LBB82567>:
    d5a0:	1800a442          	sfpmul	L1,L0,L2,L9,0

0000d5a4 <.LBB82570>:
    d5a4:	c10380b9          	sfpload	L4,46,0,7

0000d5a8 <.LBB82576>:
    d5a8:	c0c38639          	sfpload	L3,398,0,7

0000d5ac <.LBB82582>:
    d5ac:	1004d0c2          	sfpmad	L3,L1,L3,L4,0

0000d5b0 <.LBB82585>:
    d5b0:	c8c380b9          	sfpstore	L3,46,0,7

0000d5b4 <.LBB82591>:
    d5b4:	c10381b9          	sfpload	L4,110,0,7

0000d5b8 <.LBB82597>:
    d5b8:	c0c38641          	sfpload	L3,400,0,7

0000d5bc <.LBB82603>:
    d5bc:	1004d0c2          	sfpmad	L3,L1,L3,L4,0

0000d5c0 <.LBB82606>:
    d5c0:	c8c381b9          	sfpstore	L3,110,0,7

0000d5c4 <.LBB82612>:
    d5c4:	c10382b9          	sfpload	L4,174,0,7

0000d5c8 <.LBB82618>:
    d5c8:	c0c38649          	sfpload	L3,402,0,7

0000d5cc <.LBB82624>:
    d5cc:	1004d042          	sfpmad	L1,L1,L3,L4,0

0000d5d0 <.LBB82627>:
    d5d0:	c84382b9          	sfpstore	L1,174,0,7

0000d5d4 <.LBB82633>:
    d5d4:	142a800a          	sfpadd	L0,L10,L10,L0,2

0000d5d8 <.LBB82636>:
    d5d8:	18082402          	sfpmul	L0,L2,L0,L9,0

0000d5dc <.LBB82639>:
    d5dc:	c80383b9          	sfpstore	L0,238,0,7

0000d5e0 <.LBE82418>:
    d5e0:	00078067          	jr	a5

0000d5e4 <.L177>:
    d5e4:	c08384b9          	sfpload	L2,302,0,7

0000d5e8 <.LBB82654>:
    d5e8:	c04385b9          	sfpload	L1,366,0,7

0000d5ec <.LBB82660>:
    d5ec:	c1038611          	sfpload	L4,388,0,7

0000d5f0 <.LBB82666>:
    d5f0:	c0c38619          	sfpload	L3,390,0,7

0000d5f4 <.LBB82672>:
    d5f4:	c0038621          	sfpload	L0,392,0,7

0000d5f8 <.LBB82678>:
    d5f8:	c1838601          	sfpload	L6,384,0,7

0000d5fc <.LBB82684>:
    d5fc:	c1438609          	sfpload	L5,386,0,7

0000d600 <.LBB82690>:
    d600:	1428988a          	sfpadd	L2,L10,L2,L6,2

0000d604 <.LBB82693>:
    d604:	1428544a          	sfpadd	L1,L10,L1,L5,2

0000d608 <.LBB82696>:
    d608:	1808a542          	sfpmul	L5,L2,L2,L9,0

0000d60c <.LBB82699>:
    d60c:	18116502          	sfpmul	L4,L4,L5,L9,0

0000d610 <.LBB82702>:
    d610:	18086482          	sfpmul	L2,L2,L1,L9,0

0000d614 <.LBB82705>:
    d614:	100c9082          	sfpmad	L2,L3,L2,L4,0

0000d618 <.LBB82708>:
    d618:	18046442          	sfpmul	L1,L1,L1,L9,0

0000d61c <.LBB82711>:
    d61c:	10004802          	sfpmad	L0,L0,L1,L2,0
    d620:	3c000002          	sfpnop

0000d624 <.LBB82714>:
    d624:	48002406          	sfpswap	L0,L9,1
    d628:	3c000002          	sfpnop

0000d62c <.LBB82716>:
    d62c:	18032402          	sfpmul	L0,L0,L12,L9,0

0000d630 <.LBB82721>:
    d630:	d50bf801          	sfpaddi	L0,17150,0
    d634:	3c000002          	sfpnop

0000d638 <.LBB82724>:
    d638:	48000246          	sfpswap	L9,L0,1
    d63c:	3c000002          	sfpnop

0000d640 <.LBB82726>:
    d640:	dc000041          	sfpexexp	L1,L0,0

0000d644 <.LBB82730>:
    d644:	e0000001          	sfpexman	L0,L0,0

0000d648 <.LBB82732>:
    d648:	e8000401          	sfpshft	L0,L1,0x000,0

0000d64c <.LBB82734>:
    d64c:	dc000045          	sfpexexp	L1,L0,1

0000d650 <.LBB82736>:
    d650:	e0000005          	sfpexman	L0,L0,1

0000d654 <.LBB82738>:
    d654:	40000002          	sfpcast	L0,L0,0

0000d658 <.LBB82740>:
    d658:	10037882          	sfpmad	L2,L0,L13,L14,0

0000d65c <.LBB82743>:
    d65c:	c0c38659          	sfpload	L3,406,0,7

0000d660 <.LBB82749>:
    d660:	10008c02          	sfpmad	L0,L0,L2,L3,0

0000d664 <.LBB82752>:
    d664:	08000042          	sfpsetexp	L1,L0,0x000,0

0000d668 <.LBB82754>:
    d668:	c0038629          	sfpload	L0,394,0,7

0000d66c <.LBB82760>:
    d66c:	18006402          	sfpmul	L0,L0,L1,L9,0

0000d670 <.LBB82763>:
    d670:	c0438661          	sfpload	L1,408,0,7

0000d674 <.LBB82769>:
    d674:	48000406          	sfpswap	L0,L1,1
    d678:	3c000002          	sfpnop

0000d67c <.LBB82771>:
    d67c:	c0438631          	sfpload	L1,396,0,7

0000d680 <.LBB82778>:
    d680:	1006c042          	sfpmad	L1,L1,L11,L0,0
    d684:	ec000401          	sfpsetcc	L1,0x000,0

0000d688 <.LBB82782>:
    d688:	f0002401          	sfpmov	L0,L9,0

0000d68c <.LBB82785>:
    d68c:	2800c02a          	sfpencc	0x003,10

0000d690 <.LBB82788>:
    d690:	c08383b9          	sfpload	L2,238,0,7

0000d694 <.LBB82794>:
    d694:	1800a442          	sfpmul	L1,L0,L2,L9,0

0000d698 <.LBB82797>:
    d698:	c10380b9          	sfpload	L4,46,0,7

0000d69c <.LBB82803>:
    d69c:	c0c38639          	sfpload	L3,398,0,7

0000d6a0 <.LBB82809>:
    d6a0:	1004d0c2          	sfpmad	L3,L1,L3,L4,0

0000d6a4 <.LBB82812>:
    d6a4:	c8c380b9          	sfpstore	L3,46,0,7

0000d6a8 <.LBB82818>:
    d6a8:	c10381b9          	sfpload	L4,110,0,7

0000d6ac <.LBB82824>:
    d6ac:	c0c38641          	sfpload	L3,400,0,7

0000d6b0 <.LBB82830>:
    d6b0:	1004d0c2          	sfpmad	L3,L1,L3,L4,0

0000d6b4 <.LBB82833>:
    d6b4:	c8c381b9          	sfpstore	L3,110,0,7

0000d6b8 <.LBB82839>:
    d6b8:	c10382b9          	sfpload	L4,174,0,7

0000d6bc <.LBB82845>:
    d6bc:	c0c38649          	sfpload	L3,402,0,7

0000d6c0 <.LBB82851>:
    d6c0:	1004d042          	sfpmad	L1,L1,L3,L4,0

0000d6c4 <.LBB82854>:
    d6c4:	c84382b9          	sfpstore	L1,174,0,7

0000d6c8 <.LBB82860>:
    d6c8:	142a800a          	sfpadd	L0,L10,L10,L0,2

0000d6cc <.LBB82863>:
    d6cc:	18082402          	sfpmul	L0,L2,L0,L9,0

0000d6d0 <.LBB82866>:
    d6d0:	c80383b9          	sfpstore	L0,238,0,7

0000d6d4 <.LBE82415>:
    d6d4:	00008067          	ret

0000d6d8 <_ZN12_GLOBAL__N_1L16blend_chain_bodyILm11ELm3EEEvmPKNS_15BlendChainEntryE>:
    d6d8:	01855713          	srli	a4,a0,0x18

0000d6dc <.LM9115>:
    d6dc:	1c070663          	beqz	a4,d8a8 <.L182>

0000d6e0 <.LBB85512>:
    d6e0:	60171793          	ctz	a5,a4
    d6e4:	01e7f793          	andi	a5,a5,30

0000d6e8 <.LM9120>:
    d6e8:	00f75733          	srl	a4,a4,a5

0000d6ec <.LM9122>:
    d6ec:	00377713          	andi	a4,a4,3

0000d6f0 <.LBE85512>:
    d6f0:	20e7a7b3          	sh1add	a5,a5,a4

0000d6f4 <.LM9124>:
    d6f4:	20b7c7b3          	sh2add	a5,a5,a1
    d6f8:	0c07a783          	lw	a5,192(a5)

0000d6fc <.LBB85514>:
    d6fc:	c0038601          	sfpload	L0,384,0,7

0000d700 <.LBB85523>:
    d700:	c1038609          	sfpload	L4,386,0,7

0000d704 <.LBB85529>:
    d704:	c08384b1          	sfpload	L2,300,0,7

0000d708 <.LBB85535>:
    d708:	1428808a          	sfpadd	L2,L10,L2,L0,2

0000d70c <.LBB85538>:
    d70c:	c04384b9          	sfpload	L1,302,0,7

0000d710 <.LBB85544>:
    d710:	1428404a          	sfpadd	L1,L10,L1,L0,2

0000d714 <.LBB85547>:
    d714:	c00385b1          	sfpload	L0,364,0,7

0000d718 <.LBB85553>:
    d718:	1428100a          	sfpadd	L0,L10,L0,L4,2

0000d71c <.LBB85556>:
    d71c:	c0c385b9          	sfpload	L3,366,0,7

0000d720 <.LBB85562>:
    d720:	1428d0ca          	sfpadd	L3,L10,L3,L4,2

0000d724 <.LBB85565>:
    d724:	c1438611          	sfpload	L5,388,0,7

0000d728 <.LBB85571>:
    d728:	1808a582          	sfpmul	L6,L2,L2,L9,0

0000d72c <.LBB85574>:
    d72c:	1815a582          	sfpmul	L6,L5,L6,L9,0

0000d730 <.LBB85577>:
    d730:	18046502          	sfpmul	L4,L1,L1,L9,0

0000d734 <.LBB85580>:
    d734:	18152542          	sfpmul	L5,L5,L4,L9,0

0000d738 <.LBB85583>:
    d738:	c1038619          	sfpload	L4,390,0,7

0000d73c <.LBB85589>:
    d73c:	18082482          	sfpmul	L2,L2,L0,L9,0

0000d740 <.LBB85592>:
    d740:	10109882          	sfpmad	L2,L4,L2,L6,0

0000d744 <.LBB85595>:
    d744:	1804e442          	sfpmul	L1,L1,L3,L9,0

0000d748 <.LBB85598>:
    d748:	10105502          	sfpmad	L4,L4,L1,L5,0

0000d74c <.LBB85601>:
    d74c:	c0438621          	sfpload	L1,392,0,7

0000d750 <.LBB85607>:
    d750:	18002402          	sfpmul	L0,L0,L0,L9,0

0000d754 <.LBB85610>:
    d754:	10040802          	sfpmad	L0,L1,L0,L2,0

0000d758 <.LBB85613>:
    d758:	180ce4c2          	sfpmul	L3,L3,L3,L9,0

0000d75c <.LBB85616>:
    d75c:	1004d042          	sfpmad	L1,L1,L3,L4,0

0000d760 <.LBB85619>:
    d760:	48002406          	sfpswap	L0,L9,1
    d764:	3c000002          	sfpnop

0000d768 <.LBB85621>:
    d768:	48002446          	sfpswap	L1,L9,1
    d76c:	3c000002          	sfpnop

0000d770 <.LBB85623>:
    d770:	18032402          	sfpmul	L0,L0,L12,L9,0

0000d774 <.LBB85628>:
    d774:	d50bf801          	sfpaddi	L0,17150,0
    d778:	3c000002          	sfpnop

0000d77c <.LBB85631>:
    d77c:	48000246          	sfpswap	L9,L0,1
    d780:	3c000002          	sfpnop

0000d784 <.LBB85633>:
    d784:	dc000081          	sfpexexp	L2,L0,0

0000d788 <.LBB85637>:
    d788:	e0000001          	sfpexman	L0,L0,0

0000d78c <.LBB85639>:
    d78c:	e8000801          	sfpshft	L0,L2,0x000,0

0000d790 <.LBB85641>:
    d790:	dc000085          	sfpexexp	L2,L0,1

0000d794 <.LBB85643>:
    d794:	1000014c          	ttreplay	0,5,1,1
    d798:	e0000005          	sfpexman	L0,L0,1

0000d79c <.LBB85645>:
    d79c:	40000002          	sfpcast	L0,L0,0

0000d7a0 <.LBB85647>:
    d7a0:	100378c2          	sfpmad	L3,L0,L13,L14,0

0000d7a4 <.LBB85650>:
    d7a4:	c1038659          	sfpload	L4,406,0,7

0000d7a8 <.LBB85656>:
    d7a8:	1000d002          	sfpmad	L0,L0,L3,L4,0

0000d7ac <.LBB85659>:
    d7ac:	08000082          	sfpsetexp	L2,L0,0x000,0

0000d7b0 <.LBB85661>:
    d7b0:	18072442          	sfpmul	L1,L1,L12,L9,0

0000d7b4 <.LBB85666>:
    d7b4:	d50bf841          	sfpaddi	L1,17150,0
    d7b8:	3c000002          	sfpnop

0000d7bc <.LBB85669>:
    d7bc:	48000646          	sfpswap	L9,L1,1
    d7c0:	3c000002          	sfpnop

0000d7c4 <.LBB85671>:
    d7c4:	dc0004c1          	sfpexexp	L3,L1,0

0000d7c8 <.LBB85675>:
    d7c8:	e0000401          	sfpexman	L0,L1,0

0000d7cc <.LBB85677>:
    d7cc:	e8000c01          	sfpshft	L0,L3,0x000,0

0000d7d0 <.LBB85679>:
    d7d0:	dc000045          	sfpexexp	L1,L0,1

0000d7d4 <.LBB85681>:
    d7d4:	10000140          	ttreplay	0,5,0,0

0000d7d8 <.LBB85684>:
    d7d8:	08000042          	sfpsetexp	L1,L0,0x000,0

0000d7dc <.LBB85686>:
    d7dc:	c0038629          	sfpload	L0,394,0,7

0000d7e0 <.LBB85692>:
    d7e0:	1800a482          	sfpmul	L2,L0,L2,L9,0

0000d7e4 <.LBB85695>:
    d7e4:	18006402          	sfpmul	L0,L0,L1,L9,0

0000d7e8 <.LBB85698>:
    d7e8:	c0c38661          	sfpload	L3,408,0,7

0000d7ec <.LBB85704>:
    d7ec:	c0438661          	sfpload	L1,408,0,7

0000d7f0 <.LBB85710>:
    d7f0:	48000c86          	sfpswap	L2,L3,1
    d7f4:	3c000002          	sfpnop

0000d7f8 <.LBB85712>:
    d7f8:	48000406          	sfpswap	L0,L1,1
    d7fc:	3c000002          	sfpnop

0000d800 <.LBB85714>:
    d800:	c0438631          	sfpload	L1,396,0,7

0000d804 <.LBB85721>:
    d804:	1006c842          	sfpmad	L1,L1,L11,L2,0
    d808:	ec000401          	sfpsetcc	L1,0x000,0

0000d80c <.LBB85725>:
    d80c:	f0002481          	sfpmov	L2,L9,0

0000d810 <.LBB85728>:
    d810:	2800c02a          	sfpencc	0x003,10

0000d814 <.LBB85731>:
    d814:	c0438631          	sfpload	L1,396,0,7

0000d818 <.LBB85738>:
    d818:	1006c042          	sfpmad	L1,L1,L11,L0,0
    d81c:	ec000401          	sfpsetcc	L1,0x000,0

0000d820 <.LBB85742>:
    d820:	f0002401          	sfpmov	L0,L9,0

0000d824 <.LBB85745>:
    d824:	2800c02a          	sfpencc	0x003,10

0000d828 <.LBB85748>:
    d828:	c14383b1          	sfpload	L5,236,0,7

0000d82c <.LBB85754>:
    d82c:	c10383b9          	sfpload	L4,238,0,7

0000d830 <.LBB85760>:
    d830:	180964c2          	sfpmul	L3,L2,L5,L9,0

0000d834 <.LBB85763>:
    d834:	18012442          	sfpmul	L1,L0,L4,L9,0

0000d838 <.LBB85766>:
    d838:	c1838639          	sfpload	L6,398,0,7

0000d83c <.LBB85772>:
    d83c:	c1c380b1          	sfpload	L7,44,0,7

0000d840 <.LBB85778>:
    d840:	100d9dc2          	sfpmad	L7,L3,L6,L7,0

0000d844 <.LBB85781>:
    d844:	c9c380b1          	sfpstore	L7,44,0,7

0000d848 <.LBB85787>:
    d848:	c1c380b9          	sfpload	L7,46,0,7

0000d84c <.LBB85793>:
    d84c:	10059d82          	sfpmad	L6,L1,L6,L7,0

0000d850 <.LBB85796>:
    d850:	c98380b9          	sfpstore	L6,46,0,7

0000d854 <.LBB85802>:
    d854:	c1838641          	sfpload	L6,400,0,7

0000d858 <.LBB85808>:
    d858:	c1c381b1          	sfpload	L7,108,0,7

0000d85c <.LBB85814>:
    d85c:	100d9dc2          	sfpmad	L7,L3,L6,L7,0

0000d860 <.LBB85817>:
    d860:	c9c381b1          	sfpstore	L7,108,0,7

0000d864 <.LBB85823>:
    d864:	c1c381b9          	sfpload	L7,110,0,7

0000d868 <.LBB85829>:
    d868:	10059d82          	sfpmad	L6,L1,L6,L7,0

0000d86c <.LBB85832>:
    d86c:	c98381b9          	sfpstore	L6,110,0,7

0000d870 <.LBB85838>:
    d870:	c1838649          	sfpload	L6,402,0,7

0000d874 <.LBB85844>:
    d874:	c1c382b1          	sfpload	L7,172,0,7

0000d878 <.LBB85850>:
    d878:	100d9cc2          	sfpmad	L3,L3,L6,L7,0

0000d87c <.LBB85853>:
    d87c:	c8c382b1          	sfpstore	L3,172,0,7

0000d880 <.LBB85859>:
    d880:	c0c382b9          	sfpload	L3,174,0,7

0000d884 <.LBB85865>:
    d884:	10058c42          	sfpmad	L1,L1,L6,L3,0

0000d888 <.LBB85868>:
    d888:	c84382b9          	sfpstore	L1,174,0,7

0000d88c <.LBB85874>:
    d88c:	142a888a          	sfpadd	L2,L10,L10,L2,2

0000d890 <.LBB85877>:
    d890:	1814a542          	sfpmul	L5,L5,L2,L9,0

0000d894 <.LBB85880>:
    d894:	c94383b1          	sfpstore	L5,236,0,7

0000d898 <.LBB85886>:
    d898:	142a800a          	sfpadd	L0,L10,L10,L0,2

0000d89c <.LBB85889>:
    d89c:	18102402          	sfpmul	L0,L4,L0,L9,0

0000d8a0 <.LBB85892>:
    d8a0:	c80383b9          	sfpstore	L0,238,0,7

0000d8a4 <.LBE85514>:
    d8a4:	00078067          	jr	a5

0000d8a8 <.L182>:
    d8a8:	c0038601          	sfpload	L0,384,0,7

0000d8ac <.LBB85907>:
    d8ac:	c1038609          	sfpload	L4,386,0,7

0000d8b0 <.LBB85913>:
    d8b0:	c08384b1          	sfpload	L2,300,0,7

0000d8b4 <.LBB85919>:
    d8b4:	1428808a          	sfpadd	L2,L10,L2,L0,2

0000d8b8 <.LBB85922>:
    d8b8:	c04384b9          	sfpload	L1,302,0,7

0000d8bc <.LBB85928>:
    d8bc:	1428404a          	sfpadd	L1,L10,L1,L0,2

0000d8c0 <.LBB85931>:
    d8c0:	c00385b1          	sfpload	L0,364,0,7

0000d8c4 <.LBB85937>:
    d8c4:	1428100a          	sfpadd	L0,L10,L0,L4,2

0000d8c8 <.LBB85940>:
    d8c8:	c0c385b9          	sfpload	L3,366,0,7

0000d8cc <.LBB85946>:
    d8cc:	1428d0ca          	sfpadd	L3,L10,L3,L4,2

0000d8d0 <.LBB85949>:
    d8d0:	c1438611          	sfpload	L5,388,0,7

0000d8d4 <.LBB85955>:
    d8d4:	1808a582          	sfpmul	L6,L2,L2,L9,0

0000d8d8 <.LBB85958>:
    d8d8:	1815a582          	sfpmul	L6,L5,L6,L9,0

0000d8dc <.LBB85961>:
    d8dc:	18046502          	sfpmul	L4,L1,L1,L9,0

0000d8e0 <.LBB85964>:
    d8e0:	18152542          	sfpmul	L5,L5,L4,L9,0

0000d8e4 <.LBB85967>:
    d8e4:	c1038619          	sfpload	L4,390,0,7

0000d8e8 <.LBB85973>:
    d8e8:	18082482          	sfpmul	L2,L2,L0,L9,0

0000d8ec <.LBB85976>:
    d8ec:	10109882          	sfpmad	L2,L4,L2,L6,0

0000d8f0 <.LBB85979>:
    d8f0:	1804e442          	sfpmul	L1,L1,L3,L9,0

0000d8f4 <.LBB85982>:
    d8f4:	10105502          	sfpmad	L4,L4,L1,L5,0

0000d8f8 <.LBB85985>:
    d8f8:	c0438621          	sfpload	L1,392,0,7

0000d8fc <.LBB85991>:
    d8fc:	18002402          	sfpmul	L0,L0,L0,L9,0

0000d900 <.LBB85994>:
    d900:	10040802          	sfpmad	L0,L1,L0,L2,0

0000d904 <.LBB85997>:
    d904:	180ce4c2          	sfpmul	L3,L3,L3,L9,0

0000d908 <.LBB86000>:
    d908:	1004d042          	sfpmad	L1,L1,L3,L4,0

0000d90c <.LBB86003>:
    d90c:	48002406          	sfpswap	L0,L9,1
    d910:	3c000002          	sfpnop

0000d914 <.LBB86005>:
    d914:	48002446          	sfpswap	L1,L9,1
    d918:	3c000002          	sfpnop

0000d91c <.LBB86007>:
    d91c:	18032402          	sfpmul	L0,L0,L12,L9,0

0000d920 <.LBB86012>:
    d920:	d50bf801          	sfpaddi	L0,17150,0
    d924:	3c000002          	sfpnop

0000d928 <.LBB86015>:
    d928:	48000246          	sfpswap	L9,L0,1
    d92c:	3c000002          	sfpnop

0000d930 <.LBB86017>:
    d930:	dc000081          	sfpexexp	L2,L0,0

0000d934 <.LBB86021>:
    d934:	e0000001          	sfpexman	L0,L0,0

0000d938 <.LBB86023>:
    d938:	e8000801          	sfpshft	L0,L2,0x000,0

0000d93c <.LBB86025>:
    d93c:	dc000085          	sfpexexp	L2,L0,1

0000d940 <.LBB86027>:
    d940:	1000014c          	ttreplay	0,5,1,1
    d944:	e0000005          	sfpexman	L0,L0,1

0000d948 <.LBB86029>:
    d948:	40000002          	sfpcast	L0,L0,0

0000d94c <.LBB86031>:
    d94c:	100378c2          	sfpmad	L3,L0,L13,L14,0

0000d950 <.LBB86034>:
    d950:	c1038659          	sfpload	L4,406,0,7

0000d954 <.LBB86040>:
    d954:	1000d002          	sfpmad	L0,L0,L3,L4,0

0000d958 <.LBB86043>:
    d958:	08000082          	sfpsetexp	L2,L0,0x000,0

0000d95c <.LBB86045>:
    d95c:	18072442          	sfpmul	L1,L1,L12,L9,0

0000d960 <.LBB86050>:
    d960:	d50bf841          	sfpaddi	L1,17150,0
    d964:	3c000002          	sfpnop

0000d968 <.LBB86053>:
    d968:	48000646          	sfpswap	L9,L1,1
    d96c:	3c000002          	sfpnop

0000d970 <.LBB86055>:
    d970:	dc0004c1          	sfpexexp	L3,L1,0

0000d974 <.LBB86059>:
    d974:	e0000401          	sfpexman	L0,L1,0

0000d978 <.LBB86061>:
    d978:	e8000c01          	sfpshft	L0,L3,0x000,0

0000d97c <.LBB86063>:
    d97c:	dc000045          	sfpexexp	L1,L0,1

0000d980 <.LBB86065>:
    d980:	10000140          	ttreplay	0,5,0,0

0000d984 <.LBB86068>:
    d984:	08000042          	sfpsetexp	L1,L0,0x000,0

0000d988 <.LBB86070>:
    d988:	c0038629          	sfpload	L0,394,0,7

0000d98c <.LBB86076>:
    d98c:	1800a482          	sfpmul	L2,L0,L2,L9,0

0000d990 <.LBB86079>:
    d990:	18006402          	sfpmul	L0,L0,L1,L9,0

0000d994 <.LBB86082>:
    d994:	c0c38661          	sfpload	L3,408,0,7

0000d998 <.LBB86088>:
    d998:	c0438661          	sfpload	L1,408,0,7

0000d99c <.LBB86094>:
    d99c:	48000c86          	sfpswap	L2,L3,1
    d9a0:	3c000002          	sfpnop

0000d9a4 <.LBB86096>:
    d9a4:	48000406          	sfpswap	L0,L1,1
    d9a8:	3c000002          	sfpnop

0000d9ac <.LBB86098>:
    d9ac:	c0438631          	sfpload	L1,396,0,7

0000d9b0 <.LBB86105>:
    d9b0:	1006c842          	sfpmad	L1,L1,L11,L2,0
    d9b4:	ec000401          	sfpsetcc	L1,0x000,0

0000d9b8 <.LBB86109>:
    d9b8:	f0002481          	sfpmov	L2,L9,0

0000d9bc <.LBB86112>:
    d9bc:	2800c02a          	sfpencc	0x003,10

0000d9c0 <.LBB86115>:
    d9c0:	c0438631          	sfpload	L1,396,0,7

0000d9c4 <.LBB86122>:
    d9c4:	1006c042          	sfpmad	L1,L1,L11,L0,0
    d9c8:	ec000401          	sfpsetcc	L1,0x000,0

0000d9cc <.LBB86126>:
    d9cc:	f0002401          	sfpmov	L0,L9,0

0000d9d0 <.LBB86129>:
    d9d0:	2800c02a          	sfpencc	0x003,10

0000d9d4 <.LBB86132>:
    d9d4:	c14383b1          	sfpload	L5,236,0,7

0000d9d8 <.LBB86138>:
    d9d8:	c10383b9          	sfpload	L4,238,0,7

0000d9dc <.LBB86144>:
    d9dc:	180964c2          	sfpmul	L3,L2,L5,L9,0

0000d9e0 <.LBB86147>:
    d9e0:	18012442          	sfpmul	L1,L0,L4,L9,0

0000d9e4 <.LBB86150>:
    d9e4:	c1838639          	sfpload	L6,398,0,7

0000d9e8 <.LBB86156>:
    d9e8:	c1c380b1          	sfpload	L7,44,0,7

0000d9ec <.LBB86162>:
    d9ec:	100d9dc2          	sfpmad	L7,L3,L6,L7,0

0000d9f0 <.LBB86165>:
    d9f0:	c9c380b1          	sfpstore	L7,44,0,7

0000d9f4 <.LBB86171>:
    d9f4:	c1c380b9          	sfpload	L7,46,0,7

0000d9f8 <.LBB86177>:
    d9f8:	10059d82          	sfpmad	L6,L1,L6,L7,0

0000d9fc <.LBB86180>:
    d9fc:	c98380b9          	sfpstore	L6,46,0,7

0000da00 <.LBB86186>:
    da00:	c1838641          	sfpload	L6,400,0,7

0000da04 <.LBB86192>:
    da04:	c1c381b1          	sfpload	L7,108,0,7

0000da08 <.LBB86198>:
    da08:	100d9dc2          	sfpmad	L7,L3,L6,L7,0

0000da0c <.LBB86201>:
    da0c:	c9c381b1          	sfpstore	L7,108,0,7

0000da10 <.LBB86207>:
    da10:	c1c381b9          	sfpload	L7,110,0,7

0000da14 <.LBB86213>:
    da14:	10059d82          	sfpmad	L6,L1,L6,L7,0

0000da18 <.LBB86216>:
    da18:	c98381b9          	sfpstore	L6,110,0,7

0000da1c <.LBB86222>:
    da1c:	c1838649          	sfpload	L6,402,0,7

0000da20 <.LBB86228>:
    da20:	c1c382b1          	sfpload	L7,172,0,7

0000da24 <.LBB86234>:
    da24:	100d9cc2          	sfpmad	L3,L3,L6,L7,0

0000da28 <.LBB86237>:
    da28:	c8c382b1          	sfpstore	L3,172,0,7

0000da2c <.LBB86243>:
    da2c:	c0c382b9          	sfpload	L3,174,0,7

0000da30 <.LBB86249>:
    da30:	10058c42          	sfpmad	L1,L1,L6,L3,0

0000da34 <.LBB86252>:
    da34:	c84382b9          	sfpstore	L1,174,0,7

0000da38 <.LBB86258>:
    da38:	142a888a          	sfpadd	L2,L10,L10,L2,2

0000da3c <.LBB86261>:
    da3c:	1814a542          	sfpmul	L5,L5,L2,L9,0

0000da40 <.LBB86264>:
    da40:	c94383b1          	sfpstore	L5,236,0,7

0000da44 <.LBB86270>:
    da44:	142a800a          	sfpadd	L0,L10,L10,L0,2

0000da48 <.LBB86273>:
    da48:	18102402          	sfpmul	L0,L4,L0,L9,0

0000da4c <.LBB86276>:
    da4c:	c80383b9          	sfpstore	L0,238,0,7

0000da50 <.LBE85511>:
    da50:	00008067          	ret

0000da54 <_ZN12_GLOBAL__N_1L16blend_chain_bodyILm12ELm1EEEvmPKNS_15BlendChainEntryE>:
    da54:	01a55713          	srli	a4,a0,0x1a

0000da58 <.LM9485>:
    da58:	10070a63          	beqz	a4,db6c <.L187>

0000da5c <.LBB87716>:
    da5c:	60171793          	ctz	a5,a4
    da60:	01e7f793          	andi	a5,a5,30

0000da64 <.LM9490>:
    da64:	00f75733          	srl	a4,a4,a5

0000da68 <.LM9492>:
    da68:	00377713          	andi	a4,a4,3

0000da6c <.LBE87716>:
    da6c:	20e7a7b3          	sh1add	a5,a5,a4

0000da70 <.LM9494>:
    da70:	20b7c7b3          	sh2add	a5,a5,a1
    da74:	0d07a783          	lw	a5,208(a5)

0000da78 <.LBB87718>:
    da78:	c08384c1          	sfpload	L2,304,0,7

0000da7c <.LBB87727>:
    da7c:	c04385c1          	sfpload	L1,368,0,7

0000da80 <.LBB87733>:
    da80:	c1038611          	sfpload	L4,388,0,7

0000da84 <.LBB87739>:
    da84:	c0c38619          	sfpload	L3,390,0,7

0000da88 <.LBB87745>:
    da88:	c0038621          	sfpload	L0,392,0,7

0000da8c <.LBB87751>:
    da8c:	c1838601          	sfpload	L6,384,0,7

0000da90 <.LBB87757>:
    da90:	c1438609          	sfpload	L5,386,0,7

0000da94 <.LBB87763>:
    da94:	1428988a          	sfpadd	L2,L10,L2,L6,2

0000da98 <.LBB87766>:
    da98:	1428544a          	sfpadd	L1,L10,L1,L5,2

0000da9c <.LBB87769>:
    da9c:	1808a542          	sfpmul	L5,L2,L2,L9,0

0000daa0 <.LBB87772>:
    daa0:	18116502          	sfpmul	L4,L4,L5,L9,0

0000daa4 <.LBB87775>:
    daa4:	18086482          	sfpmul	L2,L2,L1,L9,0

0000daa8 <.LBB87778>:
    daa8:	100c9082          	sfpmad	L2,L3,L2,L4,0

0000daac <.LBB87781>:
    daac:	18046442          	sfpmul	L1,L1,L1,L9,0

0000dab0 <.LBB87784>:
    dab0:	10004802          	sfpmad	L0,L0,L1,L2,0
    dab4:	3c000002          	sfpnop

0000dab8 <.LBB87787>:
    dab8:	48002406          	sfpswap	L0,L9,1
    dabc:	3c000002          	sfpnop

0000dac0 <.LBB87789>:
    dac0:	18032402          	sfpmul	L0,L0,L12,L9,0

0000dac4 <.LBB87794>:
    dac4:	d50bf801          	sfpaddi	L0,17150,0
    dac8:	3c000002          	sfpnop

0000dacc <.LBB87797>:
    dacc:	48000246          	sfpswap	L9,L0,1
    dad0:	3c000002          	sfpnop

0000dad4 <.LBB87799>:
    dad4:	dc000041          	sfpexexp	L1,L0,0

0000dad8 <.LBB87803>:
    dad8:	e0000001          	sfpexman	L0,L0,0

0000dadc <.LBB87805>:
    dadc:	e8000401          	sfpshft	L0,L1,0x000,0

0000dae0 <.LBB87807>:
    dae0:	dc000045          	sfpexexp	L1,L0,1

0000dae4 <.LBB87809>:
    dae4:	e0000005          	sfpexman	L0,L0,1

0000dae8 <.LBB87811>:
    dae8:	40000002          	sfpcast	L0,L0,0

0000daec <.LBB87813>:
    daec:	10037882          	sfpmad	L2,L0,L13,L14,0

0000daf0 <.LBB87816>:
    daf0:	c0c38659          	sfpload	L3,406,0,7

0000daf4 <.LBB87822>:
    daf4:	10008c02          	sfpmad	L0,L0,L2,L3,0

0000daf8 <.LBB87825>:
    daf8:	08000042          	sfpsetexp	L1,L0,0x000,0

0000dafc <.LBB87827>:
    dafc:	c0038629          	sfpload	L0,394,0,7

0000db00 <.LBB87833>:
    db00:	18006402          	sfpmul	L0,L0,L1,L9,0

0000db04 <.LBB87836>:
    db04:	c0438661          	sfpload	L1,408,0,7

0000db08 <.LBB87842>:
    db08:	48000406          	sfpswap	L0,L1,1
    db0c:	3c000002          	sfpnop

0000db10 <.LBB87844>:
    db10:	c0438631          	sfpload	L1,396,0,7

0000db14 <.LBB87851>:
    db14:	1006c042          	sfpmad	L1,L1,L11,L0,0
    db18:	ec000401          	sfpsetcc	L1,0x000,0

0000db1c <.LBB87855>:
    db1c:	f0002401          	sfpmov	L0,L9,0

0000db20 <.LBB87858>:
    db20:	2800c02a          	sfpencc	0x003,10

0000db24 <.LBB87861>:
    db24:	c08383c1          	sfpload	L2,240,0,7

0000db28 <.LBB87867>:
    db28:	1800a442          	sfpmul	L1,L0,L2,L9,0

0000db2c <.LBB87870>:
    db2c:	c10380c1          	sfpload	L4,48,0,7

0000db30 <.LBB87876>:
    db30:	c0c38639          	sfpload	L3,398,0,7

0000db34 <.LBB87882>:
    db34:	1004d0c2          	sfpmad	L3,L1,L3,L4,0

0000db38 <.LBB87885>:
    db38:	c8c380c1          	sfpstore	L3,48,0,7

0000db3c <.LBB87891>:
    db3c:	c10381c1          	sfpload	L4,112,0,7

0000db40 <.LBB87897>:
    db40:	c0c38641          	sfpload	L3,400,0,7

0000db44 <.LBB87903>:
    db44:	1004d0c2          	sfpmad	L3,L1,L3,L4,0

0000db48 <.LBB87906>:
    db48:	c8c381c1          	sfpstore	L3,112,0,7

0000db4c <.LBB87912>:
    db4c:	c10382c1          	sfpload	L4,176,0,7

0000db50 <.LBB87918>:
    db50:	c0c38649          	sfpload	L3,402,0,7

0000db54 <.LBB87924>:
    db54:	1004d042          	sfpmad	L1,L1,L3,L4,0

0000db58 <.LBB87927>:
    db58:	c84382c1          	sfpstore	L1,176,0,7

0000db5c <.LBB87933>:
    db5c:	142a800a          	sfpadd	L0,L10,L10,L0,2

0000db60 <.LBB87936>:
    db60:	18082402          	sfpmul	L0,L2,L0,L9,0

0000db64 <.LBB87939>:
    db64:	c80383c1          	sfpstore	L0,240,0,7

0000db68 <.LBE87718>:
    db68:	00078067          	jr	a5

0000db6c <.L187>:
    db6c:	c08384c1          	sfpload	L2,304,0,7

0000db70 <.LBB87954>:
    db70:	c04385c1          	sfpload	L1,368,0,7

0000db74 <.LBB87960>:
    db74:	c1038611          	sfpload	L4,388,0,7

0000db78 <.LBB87966>:
    db78:	c0c38619          	sfpload	L3,390,0,7

0000db7c <.LBB87972>:
    db7c:	c0038621          	sfpload	L0,392,0,7

0000db80 <.LBB87978>:
    db80:	c1838601          	sfpload	L6,384,0,7

0000db84 <.LBB87984>:
    db84:	c1438609          	sfpload	L5,386,0,7

0000db88 <.LBB87990>:
    db88:	1428988a          	sfpadd	L2,L10,L2,L6,2

0000db8c <.LBB87993>:
    db8c:	1428544a          	sfpadd	L1,L10,L1,L5,2

0000db90 <.LBB87996>:
    db90:	1808a542          	sfpmul	L5,L2,L2,L9,0

0000db94 <.LBB87999>:
    db94:	18116502          	sfpmul	L4,L4,L5,L9,0

0000db98 <.LBB88002>:
    db98:	18086482          	sfpmul	L2,L2,L1,L9,0

0000db9c <.LBB88005>:
    db9c:	100c9082          	sfpmad	L2,L3,L2,L4,0

0000dba0 <.LBB88008>:
    dba0:	18046442          	sfpmul	L1,L1,L1,L9,0

0000dba4 <.LBB88011>:
    dba4:	10004802          	sfpmad	L0,L0,L1,L2,0
    dba8:	3c000002          	sfpnop

0000dbac <.LBB88014>:
    dbac:	48002406          	sfpswap	L0,L9,1
    dbb0:	3c000002          	sfpnop

0000dbb4 <.LBB88016>:
    dbb4:	18032402          	sfpmul	L0,L0,L12,L9,0

0000dbb8 <.LBB88021>:
    dbb8:	d50bf801          	sfpaddi	L0,17150,0
    dbbc:	3c000002          	sfpnop

0000dbc0 <.LBB88024>:
    dbc0:	48000246          	sfpswap	L9,L0,1
    dbc4:	3c000002          	sfpnop

0000dbc8 <.LBB88026>:
    dbc8:	dc000041          	sfpexexp	L1,L0,0

0000dbcc <.LBB88030>:
    dbcc:	e0000001          	sfpexman	L0,L0,0

0000dbd0 <.LBB88032>:
    dbd0:	e8000401          	sfpshft	L0,L1,0x000,0

0000dbd4 <.LBB88034>:
    dbd4:	dc000045          	sfpexexp	L1,L0,1

0000dbd8 <.LBB88036>:
    dbd8:	e0000005          	sfpexman	L0,L0,1

0000dbdc <.LBB88038>:
    dbdc:	40000002          	sfpcast	L0,L0,0

0000dbe0 <.LBB88040>:
    dbe0:	10037882          	sfpmad	L2,L0,L13,L14,0

0000dbe4 <.LBB88043>:
    dbe4:	c0c38659          	sfpload	L3,406,0,7

0000dbe8 <.LBB88049>:
    dbe8:	10008c02          	sfpmad	L0,L0,L2,L3,0

0000dbec <.LBB88052>:
    dbec:	08000042          	sfpsetexp	L1,L0,0x000,0

0000dbf0 <.LBB88054>:
    dbf0:	c0038629          	sfpload	L0,394,0,7

0000dbf4 <.LBB88060>:
    dbf4:	18006402          	sfpmul	L0,L0,L1,L9,0

0000dbf8 <.LBB88063>:
    dbf8:	c0438661          	sfpload	L1,408,0,7

0000dbfc <.LBB88069>:
    dbfc:	48000406          	sfpswap	L0,L1,1
    dc00:	3c000002          	sfpnop

0000dc04 <.LBB88071>:
    dc04:	c0438631          	sfpload	L1,396,0,7

0000dc08 <.LBB88078>:
    dc08:	1006c042          	sfpmad	L1,L1,L11,L0,0
    dc0c:	ec000401          	sfpsetcc	L1,0x000,0

0000dc10 <.LBB88082>:
    dc10:	f0002401          	sfpmov	L0,L9,0

0000dc14 <.LBB88085>:
    dc14:	2800c02a          	sfpencc	0x003,10

0000dc18 <.LBB88088>:
    dc18:	c08383c1          	sfpload	L2,240,0,7

0000dc1c <.LBB88094>:
    dc1c:	1800a442          	sfpmul	L1,L0,L2,L9,0

0000dc20 <.LBB88097>:
    dc20:	c10380c1          	sfpload	L4,48,0,7

0000dc24 <.LBB88103>:
    dc24:	c0c38639          	sfpload	L3,398,0,7

0000dc28 <.LBB88109>:
    dc28:	1004d0c2          	sfpmad	L3,L1,L3,L4,0

0000dc2c <.LBB88112>:
    dc2c:	c8c380c1          	sfpstore	L3,48,0,7

0000dc30 <.LBB88118>:
    dc30:	c10381c1          	sfpload	L4,112,0,7

0000dc34 <.LBB88124>:
    dc34:	c0c38641          	sfpload	L3,400,0,7

0000dc38 <.LBB88130>:
    dc38:	1004d0c2          	sfpmad	L3,L1,L3,L4,0

0000dc3c <.LBB88133>:
    dc3c:	c8c381c1          	sfpstore	L3,112,0,7

0000dc40 <.LBB88139>:
    dc40:	c10382c1          	sfpload	L4,176,0,7

0000dc44 <.LBB88145>:
    dc44:	c0c38649          	sfpload	L3,402,0,7

0000dc48 <.LBB88151>:
    dc48:	1004d042          	sfpmad	L1,L1,L3,L4,0

0000dc4c <.LBB88154>:
    dc4c:	c84382c1          	sfpstore	L1,176,0,7

0000dc50 <.LBB88160>:
    dc50:	142a800a          	sfpadd	L0,L10,L10,L0,2

0000dc54 <.LBB88163>:
    dc54:	18082402          	sfpmul	L0,L2,L0,L9,0

0000dc58 <.LBB88166>:
    dc58:	c80383c1          	sfpstore	L0,240,0,7

0000dc5c <.LBE87715>:
    dc5c:	00008067          	ret

0000dc60 <_ZN12_GLOBAL__N_1L16blend_chain_bodyILm12ELm2EEEvmPKNS_15BlendChainEntryE>:
    dc60:	01a55713          	srli	a4,a0,0x1a

0000dc64 <.LM9695>:
    dc64:	10070a63          	beqz	a4,dd78 <.L192>

0000dc68 <.LBB89606>:
    dc68:	60171793          	ctz	a5,a4
    dc6c:	01e7f793          	andi	a5,a5,30

0000dc70 <.LM9700>:
    dc70:	00f75733          	srl	a4,a4,a5

0000dc74 <.LM9702>:
    dc74:	00377713          	andi	a4,a4,3

0000dc78 <.LBE89606>:
    dc78:	20e7a7b3          	sh1add	a5,a5,a4

0000dc7c <.LM9704>:
    dc7c:	20b7c7b3          	sh2add	a5,a5,a1
    dc80:	0d07a783          	lw	a5,208(a5)

0000dc84 <.LBB89608>:
    dc84:	c08384c9          	sfpload	L2,306,0,7

0000dc88 <.LBB89617>:
    dc88:	c04385c9          	sfpload	L1,370,0,7

0000dc8c <.LBB89623>:
    dc8c:	c1038611          	sfpload	L4,388,0,7

0000dc90 <.LBB89629>:
    dc90:	c0c38619          	sfpload	L3,390,0,7

0000dc94 <.LBB89635>:
    dc94:	c0038621          	sfpload	L0,392,0,7

0000dc98 <.LBB89641>:
    dc98:	c1838601          	sfpload	L6,384,0,7

0000dc9c <.LBB89647>:
    dc9c:	c1438609          	sfpload	L5,386,0,7

0000dca0 <.LBB89653>:
    dca0:	1428988a          	sfpadd	L2,L10,L2,L6,2

0000dca4 <.LBB89656>:
    dca4:	1428544a          	sfpadd	L1,L10,L1,L5,2

0000dca8 <.LBB89659>:
    dca8:	1808a542          	sfpmul	L5,L2,L2,L9,0

0000dcac <.LBB89662>:
    dcac:	18116502          	sfpmul	L4,L4,L5,L9,0

0000dcb0 <.LBB89665>:
    dcb0:	18086482          	sfpmul	L2,L2,L1,L9,0

0000dcb4 <.LBB89668>:
    dcb4:	100c9082          	sfpmad	L2,L3,L2,L4,0

0000dcb8 <.LBB89671>:
    dcb8:	18046442          	sfpmul	L1,L1,L1,L9,0

0000dcbc <.LBB89674>:
    dcbc:	10004802          	sfpmad	L0,L0,L1,L2,0
    dcc0:	3c000002          	sfpnop

0000dcc4 <.LBB89677>:
    dcc4:	48002406          	sfpswap	L0,L9,1
    dcc8:	3c000002          	sfpnop

0000dccc <.LBB89679>:
    dccc:	18032402          	sfpmul	L0,L0,L12,L9,0

0000dcd0 <.LBB89684>:
    dcd0:	d50bf801          	sfpaddi	L0,17150,0
    dcd4:	3c000002          	sfpnop

0000dcd8 <.LBB89687>:
    dcd8:	48000246          	sfpswap	L9,L0,1
    dcdc:	3c000002          	sfpnop

0000dce0 <.LBB89689>:
    dce0:	dc000041          	sfpexexp	L1,L0,0

0000dce4 <.LBB89693>:
    dce4:	e0000001          	sfpexman	L0,L0,0

0000dce8 <.LBB89695>:
    dce8:	e8000401          	sfpshft	L0,L1,0x000,0

0000dcec <.LBB89697>:
    dcec:	dc000045          	sfpexexp	L1,L0,1

0000dcf0 <.LBB89699>:
    dcf0:	e0000005          	sfpexman	L0,L0,1

0000dcf4 <.LBB89701>:
    dcf4:	40000002          	sfpcast	L0,L0,0

0000dcf8 <.LBB89703>:
    dcf8:	10037882          	sfpmad	L2,L0,L13,L14,0

0000dcfc <.LBB89706>:
    dcfc:	c0c38659          	sfpload	L3,406,0,7

0000dd00 <.LBB89712>:
    dd00:	10008c02          	sfpmad	L0,L0,L2,L3,0

0000dd04 <.LBB89715>:
    dd04:	08000042          	sfpsetexp	L1,L0,0x000,0

0000dd08 <.LBB89717>:
    dd08:	c0038629          	sfpload	L0,394,0,7

0000dd0c <.LBB89723>:
    dd0c:	18006402          	sfpmul	L0,L0,L1,L9,0

0000dd10 <.LBB89726>:
    dd10:	c0438661          	sfpload	L1,408,0,7

0000dd14 <.LBB89732>:
    dd14:	48000406          	sfpswap	L0,L1,1
    dd18:	3c000002          	sfpnop

0000dd1c <.LBB89734>:
    dd1c:	c0438631          	sfpload	L1,396,0,7

0000dd20 <.LBB89741>:
    dd20:	1006c042          	sfpmad	L1,L1,L11,L0,0
    dd24:	ec000401          	sfpsetcc	L1,0x000,0

0000dd28 <.LBB89745>:
    dd28:	f0002401          	sfpmov	L0,L9,0

0000dd2c <.LBB89748>:
    dd2c:	2800c02a          	sfpencc	0x003,10

0000dd30 <.LBB89751>:
    dd30:	c08383c9          	sfpload	L2,242,0,7

0000dd34 <.LBB89757>:
    dd34:	1800a442          	sfpmul	L1,L0,L2,L9,0

0000dd38 <.LBB89760>:
    dd38:	c10380c9          	sfpload	L4,50,0,7

0000dd3c <.LBB89766>:
    dd3c:	c0c38639          	sfpload	L3,398,0,7

0000dd40 <.LBB89772>:
    dd40:	1004d0c2          	sfpmad	L3,L1,L3,L4,0

0000dd44 <.LBB89775>:
    dd44:	c8c380c9          	sfpstore	L3,50,0,7

0000dd48 <.LBB89781>:
    dd48:	c10381c9          	sfpload	L4,114,0,7

0000dd4c <.LBB89787>:
    dd4c:	c0c38641          	sfpload	L3,400,0,7

0000dd50 <.LBB89793>:
    dd50:	1004d0c2          	sfpmad	L3,L1,L3,L4,0

0000dd54 <.LBB89796>:
    dd54:	c8c381c9          	sfpstore	L3,114,0,7

0000dd58 <.LBB89802>:
    dd58:	c10382c9          	sfpload	L4,178,0,7

0000dd5c <.LBB89808>:
    dd5c:	c0c38649          	sfpload	L3,402,0,7

0000dd60 <.LBB89814>:
    dd60:	1004d042          	sfpmad	L1,L1,L3,L4,0

0000dd64 <.LBB89817>:
    dd64:	c84382c9          	sfpstore	L1,178,0,7

0000dd68 <.LBB89823>:
    dd68:	142a800a          	sfpadd	L0,L10,L10,L0,2

0000dd6c <.LBB89826>:
    dd6c:	18082402          	sfpmul	L0,L2,L0,L9,0

0000dd70 <.LBB89829>:
    dd70:	c80383c9          	sfpstore	L0,242,0,7

0000dd74 <.LBE89608>:
    dd74:	00078067          	jr	a5

0000dd78 <.L192>:
    dd78:	c08384c9          	sfpload	L2,306,0,7

0000dd7c <.LBB89844>:
    dd7c:	c04385c9          	sfpload	L1,370,0,7

0000dd80 <.LBB89850>:
    dd80:	c1038611          	sfpload	L4,388,0,7

0000dd84 <.LBB89856>:
    dd84:	c0c38619          	sfpload	L3,390,0,7

0000dd88 <.LBB89862>:
    dd88:	c0038621          	sfpload	L0,392,0,7

0000dd8c <.LBB89868>:
    dd8c:	c1838601          	sfpload	L6,384,0,7

0000dd90 <.LBB89874>:
    dd90:	c1438609          	sfpload	L5,386,0,7

0000dd94 <.LBB89880>:
    dd94:	1428988a          	sfpadd	L2,L10,L2,L6,2

0000dd98 <.LBB89883>:
    dd98:	1428544a          	sfpadd	L1,L10,L1,L5,2

0000dd9c <.LBB89886>:
    dd9c:	1808a542          	sfpmul	L5,L2,L2,L9,0

0000dda0 <.LBB89889>:
    dda0:	18116502          	sfpmul	L4,L4,L5,L9,0

0000dda4 <.LBB89892>:
    dda4:	18086482          	sfpmul	L2,L2,L1,L9,0

0000dda8 <.LBB89895>:
    dda8:	100c9082          	sfpmad	L2,L3,L2,L4,0

0000ddac <.LBB89898>:
    ddac:	18046442          	sfpmul	L1,L1,L1,L9,0

0000ddb0 <.LBB89901>:
    ddb0:	10004802          	sfpmad	L0,L0,L1,L2,0
    ddb4:	3c000002          	sfpnop

0000ddb8 <.LBB89904>:
    ddb8:	48002406          	sfpswap	L0,L9,1
    ddbc:	3c000002          	sfpnop

0000ddc0 <.LBB89906>:
    ddc0:	18032402          	sfpmul	L0,L0,L12,L9,0

0000ddc4 <.LBB89911>:
    ddc4:	d50bf801          	sfpaddi	L0,17150,0
    ddc8:	3c000002          	sfpnop

0000ddcc <.LBB89914>:
    ddcc:	48000246          	sfpswap	L9,L0,1
    ddd0:	3c000002          	sfpnop

0000ddd4 <.LBB89916>:
    ddd4:	dc000041          	sfpexexp	L1,L0,0

0000ddd8 <.LBB89920>:
    ddd8:	e0000001          	sfpexman	L0,L0,0

0000dddc <.LBB89922>:
    dddc:	e8000401          	sfpshft	L0,L1,0x000,0

0000dde0 <.LBB89924>:
    dde0:	dc000045          	sfpexexp	L1,L0,1

0000dde4 <.LBB89926>:
    dde4:	e0000005          	sfpexman	L0,L0,1

0000dde8 <.LBB89928>:
    dde8:	40000002          	sfpcast	L0,L0,0

0000ddec <.LBB89930>:
    ddec:	10037882          	sfpmad	L2,L0,L13,L14,0

0000ddf0 <.LBB89933>:
    ddf0:	c0c38659          	sfpload	L3,406,0,7

0000ddf4 <.LBB89939>:
    ddf4:	10008c02          	sfpmad	L0,L0,L2,L3,0

0000ddf8 <.LBB89942>:
    ddf8:	08000042          	sfpsetexp	L1,L0,0x000,0

0000ddfc <.LBB89944>:
    ddfc:	c0038629          	sfpload	L0,394,0,7

0000de00 <.LBB89950>:
    de00:	18006402          	sfpmul	L0,L0,L1,L9,0

0000de04 <.LBB89953>:
    de04:	c0438661          	sfpload	L1,408,0,7

0000de08 <.LBB89959>:
    de08:	48000406          	sfpswap	L0,L1,1
    de0c:	3c000002          	sfpnop

0000de10 <.LBB89961>:
    de10:	c0438631          	sfpload	L1,396,0,7

0000de14 <.LBB89968>:
    de14:	1006c042          	sfpmad	L1,L1,L11,L0,0
    de18:	ec000401          	sfpsetcc	L1,0x000,0

0000de1c <.LBB89972>:
    de1c:	f0002401          	sfpmov	L0,L9,0

0000de20 <.LBB89975>:
    de20:	2800c02a          	sfpencc	0x003,10

0000de24 <.LBB89978>:
    de24:	c08383c9          	sfpload	L2,242,0,7

0000de28 <.LBB89984>:
    de28:	1800a442          	sfpmul	L1,L0,L2,L9,0

0000de2c <.LBB89987>:
    de2c:	c10380c9          	sfpload	L4,50,0,7

0000de30 <.LBB89993>:
    de30:	c0c38639          	sfpload	L3,398,0,7

0000de34 <.LBB89999>:
    de34:	1004d0c2          	sfpmad	L3,L1,L3,L4,0

0000de38 <.LBB90002>:
    de38:	c8c380c9          	sfpstore	L3,50,0,7

0000de3c <.LBB90008>:
    de3c:	c10381c9          	sfpload	L4,114,0,7

0000de40 <.LBB90014>:
    de40:	c0c38641          	sfpload	L3,400,0,7

0000de44 <.LBB90020>:
    de44:	1004d0c2          	sfpmad	L3,L1,L3,L4,0

0000de48 <.LBB90023>:
    de48:	c8c381c9          	sfpstore	L3,114,0,7

0000de4c <.LBB90029>:
    de4c:	c10382c9          	sfpload	L4,178,0,7

0000de50 <.LBB90035>:
    de50:	c0c38649          	sfpload	L3,402,0,7

0000de54 <.LBB90041>:
    de54:	1004d042          	sfpmad	L1,L1,L3,L4,0

0000de58 <.LBB90044>:
    de58:	c84382c9          	sfpstore	L1,178,0,7

0000de5c <.LBB90050>:
    de5c:	142a800a          	sfpadd	L0,L10,L10,L0,2

0000de60 <.LBB90053>:
    de60:	18082402          	sfpmul	L0,L2,L0,L9,0

0000de64 <.LBB90056>:
    de64:	c80383c9          	sfpstore	L0,242,0,7

0000de68 <.LBE89605>:
    de68:	00008067          	ret

0000de6c <_ZN12_GLOBAL__N_1L16blend_chain_bodyILm12ELm3EEEvmPKNS_15BlendChainEntryE>:
    de6c:	01a55713          	srli	a4,a0,0x1a

0000de70 <.LM9905>:
    de70:	1c070663          	beqz	a4,e03c <.L197>

0000de74 <.LBB92702>:
    de74:	60171793          	ctz	a5,a4
    de78:	01e7f793          	andi	a5,a5,30

0000de7c <.LM9910>:
    de7c:	00f75733          	srl	a4,a4,a5

0000de80 <.LM9912>:
    de80:	00377713          	andi	a4,a4,3

0000de84 <.LBE92702>:
    de84:	20e7a7b3          	sh1add	a5,a5,a4

0000de88 <.LM9914>:
    de88:	20b7c7b3          	sh2add	a5,a5,a1
    de8c:	0d07a783          	lw	a5,208(a5)

0000de90 <.LBB92704>:
    de90:	c0038601          	sfpload	L0,384,0,7

0000de94 <.LBB92713>:
    de94:	c1038609          	sfpload	L4,386,0,7

0000de98 <.LBB92719>:
    de98:	c08384c1          	sfpload	L2,304,0,7

0000de9c <.LBB92725>:
    de9c:	1428808a          	sfpadd	L2,L10,L2,L0,2

0000dea0 <.LBB92728>:
    dea0:	c04384c9          	sfpload	L1,306,0,7

0000dea4 <.LBB92734>:
    dea4:	1428404a          	sfpadd	L1,L10,L1,L0,2

0000dea8 <.LBB92737>:
    dea8:	c00385c1          	sfpload	L0,368,0,7

0000deac <.LBB92743>:
    deac:	1428100a          	sfpadd	L0,L10,L0,L4,2

0000deb0 <.LBB92746>:
    deb0:	c0c385c9          	sfpload	L3,370,0,7

0000deb4 <.LBB92752>:
    deb4:	1428d0ca          	sfpadd	L3,L10,L3,L4,2

0000deb8 <.LBB92755>:
    deb8:	c1438611          	sfpload	L5,388,0,7

0000debc <.LBB92761>:
    debc:	1808a582          	sfpmul	L6,L2,L2,L9,0

0000dec0 <.LBB92764>:
    dec0:	1815a582          	sfpmul	L6,L5,L6,L9,0

0000dec4 <.LBB92767>:
    dec4:	18046502          	sfpmul	L4,L1,L1,L9,0

0000dec8 <.LBB92770>:
    dec8:	18152542          	sfpmul	L5,L5,L4,L9,0

0000decc <.LBB92773>:
    decc:	c1038619          	sfpload	L4,390,0,7

0000ded0 <.LBB92779>:
    ded0:	18082482          	sfpmul	L2,L2,L0,L9,0

0000ded4 <.LBB92782>:
    ded4:	10109882          	sfpmad	L2,L4,L2,L6,0

0000ded8 <.LBB92785>:
    ded8:	1804e442          	sfpmul	L1,L1,L3,L9,0

0000dedc <.LBB92788>:
    dedc:	10105502          	sfpmad	L4,L4,L1,L5,0

0000dee0 <.LBB92791>:
    dee0:	c0438621          	sfpload	L1,392,0,7

0000dee4 <.LBB92797>:
    dee4:	18002402          	sfpmul	L0,L0,L0,L9,0

0000dee8 <.LBB92800>:
    dee8:	10040802          	sfpmad	L0,L1,L0,L2,0

0000deec <.LBB92803>:
    deec:	180ce4c2          	sfpmul	L3,L3,L3,L9,0

0000def0 <.LBB92806>:
    def0:	1004d042          	sfpmad	L1,L1,L3,L4,0

0000def4 <.LBB92809>:
    def4:	48002406          	sfpswap	L0,L9,1
    def8:	3c000002          	sfpnop

0000defc <.LBB92811>:
    defc:	48002446          	sfpswap	L1,L9,1
    df00:	3c000002          	sfpnop

0000df04 <.LBB92813>:
    df04:	18032402          	sfpmul	L0,L0,L12,L9,0

0000df08 <.LBB92818>:
    df08:	d50bf801          	sfpaddi	L0,17150,0
    df0c:	3c000002          	sfpnop

0000df10 <.LBB92821>:
    df10:	48000246          	sfpswap	L9,L0,1
    df14:	3c000002          	sfpnop

0000df18 <.LBB92823>:
    df18:	dc000081          	sfpexexp	L2,L0,0

0000df1c <.LBB92827>:
    df1c:	e0000001          	sfpexman	L0,L0,0

0000df20 <.LBB92829>:
    df20:	e8000801          	sfpshft	L0,L2,0x000,0

0000df24 <.LBB92831>:
    df24:	dc000085          	sfpexexp	L2,L0,1

0000df28 <.LBB92833>:
    df28:	1000014c          	ttreplay	0,5,1,1
    df2c:	e0000005          	sfpexman	L0,L0,1

0000df30 <.LBB92835>:
    df30:	40000002          	sfpcast	L0,L0,0

0000df34 <.LBB92837>:
    df34:	100378c2          	sfpmad	L3,L0,L13,L14,0

0000df38 <.LBB92840>:
    df38:	c1038659          	sfpload	L4,406,0,7

0000df3c <.LBB92846>:
    df3c:	1000d002          	sfpmad	L0,L0,L3,L4,0

0000df40 <.LBB92849>:
    df40:	08000082          	sfpsetexp	L2,L0,0x000,0

0000df44 <.LBB92851>:
    df44:	18072442          	sfpmul	L1,L1,L12,L9,0

0000df48 <.LBB92856>:
    df48:	d50bf841          	sfpaddi	L1,17150,0
    df4c:	3c000002          	sfpnop

0000df50 <.LBB92859>:
    df50:	48000646          	sfpswap	L9,L1,1
    df54:	3c000002          	sfpnop

0000df58 <.LBB92861>:
    df58:	dc0004c1          	sfpexexp	L3,L1,0

0000df5c <.LBB92865>:
    df5c:	e0000401          	sfpexman	L0,L1,0

0000df60 <.LBB92867>:
    df60:	e8000c01          	sfpshft	L0,L3,0x000,0

0000df64 <.LBB92869>:
    df64:	dc000045          	sfpexexp	L1,L0,1

0000df68 <.LBB92871>:
    df68:	10000140          	ttreplay	0,5,0,0

0000df6c <.LBB92874>:
    df6c:	08000042          	sfpsetexp	L1,L0,0x000,0

0000df70 <.LBB92876>:
    df70:	c0038629          	sfpload	L0,394,0,7

0000df74 <.LBB92882>:
    df74:	1800a482          	sfpmul	L2,L0,L2,L9,0

0000df78 <.LBB92885>:
    df78:	18006402          	sfpmul	L0,L0,L1,L9,0

0000df7c <.LBB92888>:
    df7c:	c0c38661          	sfpload	L3,408,0,7

0000df80 <.LBB92894>:
    df80:	c0438661          	sfpload	L1,408,0,7

0000df84 <.LBB92900>:
    df84:	48000c86          	sfpswap	L2,L3,1
    df88:	3c000002          	sfpnop

0000df8c <.LBB92902>:
    df8c:	48000406          	sfpswap	L0,L1,1
    df90:	3c000002          	sfpnop

0000df94 <.LBB92904>:
    df94:	c0438631          	sfpload	L1,396,0,7

0000df98 <.LBB92911>:
    df98:	1006c842          	sfpmad	L1,L1,L11,L2,0
    df9c:	ec000401          	sfpsetcc	L1,0x000,0

0000dfa0 <.LBB92915>:
    dfa0:	f0002481          	sfpmov	L2,L9,0

0000dfa4 <.LBB92918>:
    dfa4:	2800c02a          	sfpencc	0x003,10

0000dfa8 <.LBB92921>:
    dfa8:	c0438631          	sfpload	L1,396,0,7

0000dfac <.LBB92928>:
    dfac:	1006c042          	sfpmad	L1,L1,L11,L0,0
    dfb0:	ec000401          	sfpsetcc	L1,0x000,0

0000dfb4 <.LBB92932>:
    dfb4:	f0002401          	sfpmov	L0,L9,0

0000dfb8 <.LBB92935>:
    dfb8:	2800c02a          	sfpencc	0x003,10

0000dfbc <.LBB92938>:
    dfbc:	c14383c1          	sfpload	L5,240,0,7

0000dfc0 <.LBB92944>:
    dfc0:	c10383c9          	sfpload	L4,242,0,7

0000dfc4 <.LBB92950>:
    dfc4:	180964c2          	sfpmul	L3,L2,L5,L9,0

0000dfc8 <.LBB92953>:
    dfc8:	18012442          	sfpmul	L1,L0,L4,L9,0

0000dfcc <.LBB92956>:
    dfcc:	c1838639          	sfpload	L6,398,0,7

0000dfd0 <.LBB92962>:
    dfd0:	c1c380c1          	sfpload	L7,48,0,7

0000dfd4 <.LBB92968>:
    dfd4:	100d9dc2          	sfpmad	L7,L3,L6,L7,0

0000dfd8 <.LBB92971>:
    dfd8:	c9c380c1          	sfpstore	L7,48,0,7

0000dfdc <.LBB92977>:
    dfdc:	c1c380c9          	sfpload	L7,50,0,7

0000dfe0 <.LBB92983>:
    dfe0:	10059d82          	sfpmad	L6,L1,L6,L7,0

0000dfe4 <.LBB92986>:
    dfe4:	c98380c9          	sfpstore	L6,50,0,7

0000dfe8 <.LBB92992>:
    dfe8:	c1838641          	sfpload	L6,400,0,7

0000dfec <.LBB92998>:
    dfec:	c1c381c1          	sfpload	L7,112,0,7

0000dff0 <.LBB93004>:
    dff0:	100d9dc2          	sfpmad	L7,L3,L6,L7,0

0000dff4 <.LBB93007>:
    dff4:	c9c381c1          	sfpstore	L7,112,0,7

0000dff8 <.LBB93013>:
    dff8:	c1c381c9          	sfpload	L7,114,0,7

0000dffc <.LBB93019>:
    dffc:	10059d82          	sfpmad	L6,L1,L6,L7,0

0000e000 <.LBB93022>:
    e000:	c98381c9          	sfpstore	L6,114,0,7

0000e004 <.LBB93028>:
    e004:	c1838649          	sfpload	L6,402,0,7

0000e008 <.LBB93034>:
    e008:	c1c382c1          	sfpload	L7,176,0,7

0000e00c <.LBB93040>:
    e00c:	100d9cc2          	sfpmad	L3,L3,L6,L7,0

0000e010 <.LBB93043>:
    e010:	c8c382c1          	sfpstore	L3,176,0,7

0000e014 <.LBB93049>:
    e014:	c0c382c9          	sfpload	L3,178,0,7

0000e018 <.LBB93055>:
    e018:	10058c42          	sfpmad	L1,L1,L6,L3,0

0000e01c <.LBB93058>:
    e01c:	c84382c9          	sfpstore	L1,178,0,7

0000e020 <.LBB93064>:
    e020:	142a888a          	sfpadd	L2,L10,L10,L2,2

0000e024 <.LBB93067>:
    e024:	1814a542          	sfpmul	L5,L5,L2,L9,0

0000e028 <.LBB93070>:
    e028:	c94383c1          	sfpstore	L5,240,0,7

0000e02c <.LBB93076>:
    e02c:	142a800a          	sfpadd	L0,L10,L10,L0,2

0000e030 <.LBB93079>:
    e030:	18102402          	sfpmul	L0,L4,L0,L9,0

0000e034 <.LBB93082>:
    e034:	c80383c9          	sfpstore	L0,242,0,7

0000e038 <.LBE92704>:
    e038:	00078067          	jr	a5

0000e03c <.L197>:
    e03c:	c0038601          	sfpload	L0,384,0,7

0000e040 <.LBB93097>:
    e040:	c1038609          	sfpload	L4,386,0,7

0000e044 <.LBB93103>:
    e044:	c08384c1          	sfpload	L2,304,0,7

0000e048 <.LBB93109>:
    e048:	1428808a          	sfpadd	L2,L10,L2,L0,2

0000e04c <.LBB93112>:
    e04c:	c04384c9          	sfpload	L1,306,0,7

0000e050 <.LBB93118>:
    e050:	1428404a          	sfpadd	L1,L10,L1,L0,2

0000e054 <.LBB93121>:
    e054:	c00385c1          	sfpload	L0,368,0,7

0000e058 <.LBB93127>:
    e058:	1428100a          	sfpadd	L0,L10,L0,L4,2

0000e05c <.LBB93130>:
    e05c:	c0c385c9          	sfpload	L3,370,0,7

0000e060 <.LBB93136>:
    e060:	1428d0ca          	sfpadd	L3,L10,L3,L4,2

0000e064 <.LBB93139>:
    e064:	c1438611          	sfpload	L5,388,0,7

0000e068 <.LBB93145>:
    e068:	1808a582          	sfpmul	L6,L2,L2,L9,0

0000e06c <.LBB93148>:
    e06c:	1815a582          	sfpmul	L6,L5,L6,L9,0

0000e070 <.LBB93151>:
    e070:	18046502          	sfpmul	L4,L1,L1,L9,0

0000e074 <.LBB93154>:
    e074:	18152542          	sfpmul	L5,L5,L4,L9,0

0000e078 <.LBB93157>:
    e078:	c1038619          	sfpload	L4,390,0,7

0000e07c <.LBB93163>:
    e07c:	18082482          	sfpmul	L2,L2,L0,L9,0

0000e080 <.LBB93166>:
    e080:	10109882          	sfpmad	L2,L4,L2,L6,0

0000e084 <.LBB93169>:
    e084:	1804e442          	sfpmul	L1,L1,L3,L9,0

0000e088 <.LBB93172>:
    e088:	10105502          	sfpmad	L4,L4,L1,L5,0

0000e08c <.LBB93175>:
    e08c:	c0438621          	sfpload	L1,392,0,7

0000e090 <.LBB93181>:
    e090:	18002402          	sfpmul	L0,L0,L0,L9,0

0000e094 <.LBB93184>:
    e094:	10040802          	sfpmad	L0,L1,L0,L2,0

0000e098 <.LBB93187>:
    e098:	180ce4c2          	sfpmul	L3,L3,L3,L9,0

0000e09c <.LBB93190>:
    e09c:	1004d042          	sfpmad	L1,L1,L3,L4,0

0000e0a0 <.LBB93193>:
    e0a0:	48002406          	sfpswap	L0,L9,1
    e0a4:	3c000002          	sfpnop

0000e0a8 <.LBB93195>:
    e0a8:	48002446          	sfpswap	L1,L9,1
    e0ac:	3c000002          	sfpnop

0000e0b0 <.LBB93197>:
    e0b0:	18032402          	sfpmul	L0,L0,L12,L9,0

0000e0b4 <.LBB93202>:
    e0b4:	d50bf801          	sfpaddi	L0,17150,0
    e0b8:	3c000002          	sfpnop

0000e0bc <.LBB93205>:
    e0bc:	48000246          	sfpswap	L9,L0,1
    e0c0:	3c000002          	sfpnop

0000e0c4 <.LBB93207>:
    e0c4:	dc000081          	sfpexexp	L2,L0,0

0000e0c8 <.LBB93211>:
    e0c8:	e0000001          	sfpexman	L0,L0,0

0000e0cc <.LBB93213>:
    e0cc:	e8000801          	sfpshft	L0,L2,0x000,0

0000e0d0 <.LBB93215>:
    e0d0:	dc000085          	sfpexexp	L2,L0,1

0000e0d4 <.LBB93217>:
    e0d4:	1000014c          	ttreplay	0,5,1,1
    e0d8:	e0000005          	sfpexman	L0,L0,1

0000e0dc <.LBB93219>:
    e0dc:	40000002          	sfpcast	L0,L0,0

0000e0e0 <.LBB93221>:
    e0e0:	100378c2          	sfpmad	L3,L0,L13,L14,0

0000e0e4 <.LBB93224>:
    e0e4:	c1038659          	sfpload	L4,406,0,7

0000e0e8 <.LBB93230>:
    e0e8:	1000d002          	sfpmad	L0,L0,L3,L4,0

0000e0ec <.LBB93233>:
    e0ec:	08000082          	sfpsetexp	L2,L0,0x000,0

0000e0f0 <.LBB93235>:
    e0f0:	18072442          	sfpmul	L1,L1,L12,L9,0

0000e0f4 <.LBB93240>:
    e0f4:	d50bf841          	sfpaddi	L1,17150,0
    e0f8:	3c000002          	sfpnop

0000e0fc <.LBB93243>:
    e0fc:	48000646          	sfpswap	L9,L1,1
    e100:	3c000002          	sfpnop

0000e104 <.LBB93245>:
    e104:	dc0004c1          	sfpexexp	L3,L1,0

0000e108 <.LBB93249>:
    e108:	e0000401          	sfpexman	L0,L1,0

0000e10c <.LBB93251>:
    e10c:	e8000c01          	sfpshft	L0,L3,0x000,0

0000e110 <.LBB93253>:
    e110:	dc000045          	sfpexexp	L1,L0,1

0000e114 <.LBB93255>:
    e114:	10000140          	ttreplay	0,5,0,0

0000e118 <.LBB93258>:
    e118:	08000042          	sfpsetexp	L1,L0,0x000,0

0000e11c <.LBB93260>:
    e11c:	c0038629          	sfpload	L0,394,0,7

0000e120 <.LBB93266>:
    e120:	1800a482          	sfpmul	L2,L0,L2,L9,0

0000e124 <.LBB93269>:
    e124:	18006402          	sfpmul	L0,L0,L1,L9,0

0000e128 <.LBB93272>:
    e128:	c0c38661          	sfpload	L3,408,0,7

0000e12c <.LBB93278>:
    e12c:	c0438661          	sfpload	L1,408,0,7

0000e130 <.LBB93284>:
    e130:	48000c86          	sfpswap	L2,L3,1
    e134:	3c000002          	sfpnop

0000e138 <.LBB93286>:
    e138:	48000406          	sfpswap	L0,L1,1
    e13c:	3c000002          	sfpnop

0000e140 <.LBB93288>:
    e140:	c0438631          	sfpload	L1,396,0,7

0000e144 <.LBB93295>:
    e144:	1006c842          	sfpmad	L1,L1,L11,L2,0
    e148:	ec000401          	sfpsetcc	L1,0x000,0

0000e14c <.LBB93299>:
    e14c:	f0002481          	sfpmov	L2,L9,0

0000e150 <.LBB93302>:
    e150:	2800c02a          	sfpencc	0x003,10

0000e154 <.LBB93305>:
    e154:	c0438631          	sfpload	L1,396,0,7

0000e158 <.LBB93312>:
    e158:	1006c042          	sfpmad	L1,L1,L11,L0,0
    e15c:	ec000401          	sfpsetcc	L1,0x000,0

0000e160 <.LBB93316>:
    e160:	f0002401          	sfpmov	L0,L9,0

0000e164 <.LBB93319>:
    e164:	2800c02a          	sfpencc	0x003,10

0000e168 <.LBB93322>:
    e168:	c14383c1          	sfpload	L5,240,0,7

0000e16c <.LBB93328>:
    e16c:	c10383c9          	sfpload	L4,242,0,7

0000e170 <.LBB93334>:
    e170:	180964c2          	sfpmul	L3,L2,L5,L9,0

0000e174 <.LBB93337>:
    e174:	18012442          	sfpmul	L1,L0,L4,L9,0

0000e178 <.LBB93340>:
    e178:	c1838639          	sfpload	L6,398,0,7

0000e17c <.LBB93346>:
    e17c:	c1c380c1          	sfpload	L7,48,0,7

0000e180 <.LBB93352>:
    e180:	100d9dc2          	sfpmad	L7,L3,L6,L7,0

0000e184 <.LBB93355>:
    e184:	c9c380c1          	sfpstore	L7,48,0,7

0000e188 <.LBB93361>:
    e188:	c1c380c9          	sfpload	L7,50,0,7

0000e18c <.LBB93367>:
    e18c:	10059d82          	sfpmad	L6,L1,L6,L7,0

0000e190 <.LBB93370>:
    e190:	c98380c9          	sfpstore	L6,50,0,7

0000e194 <.LBB93376>:
    e194:	c1838641          	sfpload	L6,400,0,7

0000e198 <.LBB93382>:
    e198:	c1c381c1          	sfpload	L7,112,0,7

0000e19c <.LBB93388>:
    e19c:	100d9dc2          	sfpmad	L7,L3,L6,L7,0

0000e1a0 <.LBB93391>:
    e1a0:	c9c381c1          	sfpstore	L7,112,0,7

0000e1a4 <.LBB93397>:
    e1a4:	c1c381c9          	sfpload	L7,114,0,7

0000e1a8 <.LBB93403>:
    e1a8:	10059d82          	sfpmad	L6,L1,L6,L7,0

0000e1ac <.LBB93406>:
    e1ac:	c98381c9          	sfpstore	L6,114,0,7

0000e1b0 <.LBB93412>:
    e1b0:	c1838649          	sfpload	L6,402,0,7

0000e1b4 <.LBB93418>:
    e1b4:	c1c382c1          	sfpload	L7,176,0,7

0000e1b8 <.LBB93424>:
    e1b8:	100d9cc2          	sfpmad	L3,L3,L6,L7,0

0000e1bc <.LBB93427>:
    e1bc:	c8c382c1          	sfpstore	L3,176,0,7

0000e1c0 <.LBB93433>:
    e1c0:	c0c382c9          	sfpload	L3,178,0,7

0000e1c4 <.LBB93439>:
    e1c4:	10058c42          	sfpmad	L1,L1,L6,L3,0

0000e1c8 <.LBB93442>:
    e1c8:	c84382c9          	sfpstore	L1,178,0,7

0000e1cc <.LBB93448>:
    e1cc:	142a888a          	sfpadd	L2,L10,L10,L2,2

0000e1d0 <.LBB93451>:
    e1d0:	1814a542          	sfpmul	L5,L5,L2,L9,0

0000e1d4 <.LBB93454>:
    e1d4:	c94383c1          	sfpstore	L5,240,0,7

0000e1d8 <.LBB93460>:
    e1d8:	142a800a          	sfpadd	L0,L10,L10,L0,2

0000e1dc <.LBB93463>:
    e1dc:	18102402          	sfpmul	L0,L4,L0,L9,0

0000e1e0 <.LBB93466>:
    e1e0:	c80383c9          	sfpstore	L0,242,0,7

0000e1e4 <.LBE92701>:
    e1e4:	00008067          	ret

0000e1e8 <_ZN12_GLOBAL__N_1L16blend_chain_bodyILm13ELm1EEEvmPKNS_15BlendChainEntryE.lto_priv.0>:
    e1e8:	01c55713          	srli	a4,a0,0x1c

0000e1ec <.LM3>:
    e1ec:	10070a63          	beqz	a4,e300 <.L6>

0000e1f0 <.LBB1436>:
    e1f0:	60171793          	ctz	a5,a4
    e1f4:	01e7f793          	andi	a5,a5,30

0000e1f8 <.LM8>:
    e1f8:	00f75733          	srl	a4,a4,a5

0000e1fc <.LM10>:
    e1fc:	00377713          	andi	a4,a4,3

0000e200 <.LBE1436>:
    e200:	20e7a7b3          	sh1add	a5,a5,a4

0000e204 <.LM12>:
    e204:	20b7c7b3          	sh2add	a5,a5,a1
    e208:	0e07a783          	lw	a5,224(a5)

0000e20c <.LBB1438>:
    e20c:	c08384d1          	sfpload	L2,308,0,7

0000e210 <.LBB1447>:
    e210:	c04385d1          	sfpload	L1,372,0,7

0000e214 <.LBB1453>:
    e214:	c1038611          	sfpload	L4,388,0,7

0000e218 <.LBB1459>:
    e218:	c0c38619          	sfpload	L3,390,0,7

0000e21c <.LBB1465>:
    e21c:	c0038621          	sfpload	L0,392,0,7

0000e220 <.LBB1471>:
    e220:	c1838601          	sfpload	L6,384,0,7

0000e224 <.LBB1477>:
    e224:	c1438609          	sfpload	L5,386,0,7

0000e228 <.LBB1483>:
    e228:	1428988a          	sfpadd	L2,L10,L2,L6,2

0000e22c <.LBB1486>:
    e22c:	1428544a          	sfpadd	L1,L10,L1,L5,2

0000e230 <.LBB1489>:
    e230:	1808a542          	sfpmul	L5,L2,L2,L9,0

0000e234 <.LBB1492>:
    e234:	18116502          	sfpmul	L4,L4,L5,L9,0

0000e238 <.LBB1495>:
    e238:	18086482          	sfpmul	L2,L2,L1,L9,0

0000e23c <.LBB1498>:
    e23c:	100c9082          	sfpmad	L2,L3,L2,L4,0

0000e240 <.LBB1501>:
    e240:	18046442          	sfpmul	L1,L1,L1,L9,0

0000e244 <.LBB1504>:
    e244:	10004802          	sfpmad	L0,L0,L1,L2,0
    e248:	3c000002          	sfpnop

0000e24c <.LBB1507>:
    e24c:	48002406          	sfpswap	L0,L9,1
    e250:	3c000002          	sfpnop

0000e254 <.LBB1509>:
    e254:	18032402          	sfpmul	L0,L0,L12,L9,0

0000e258 <.LBB1514>:
    e258:	d50bf801          	sfpaddi	L0,17150,0
    e25c:	3c000002          	sfpnop

0000e260 <.LBB1517>:
    e260:	48000246          	sfpswap	L9,L0,1
    e264:	3c000002          	sfpnop

0000e268 <.LBB1519>:
    e268:	dc000041          	sfpexexp	L1,L0,0

0000e26c <.LBB1523>:
    e26c:	e0000001          	sfpexman	L0,L0,0

0000e270 <.LBB1525>:
    e270:	e8000401          	sfpshft	L0,L1,0x000,0

0000e274 <.LBB1527>:
    e274:	dc000045          	sfpexexp	L1,L0,1

0000e278 <.LBB1529>:
    e278:	e0000005          	sfpexman	L0,L0,1

0000e27c <.LBB1531>:
    e27c:	40000002          	sfpcast	L0,L0,0

0000e280 <.LBB1533>:
    e280:	10037882          	sfpmad	L2,L0,L13,L14,0

0000e284 <.LBB1536>:
    e284:	c0c38659          	sfpload	L3,406,0,7

0000e288 <.LBB1542>:
    e288:	10008c02          	sfpmad	L0,L0,L2,L3,0

0000e28c <.LBB1545>:
    e28c:	08000042          	sfpsetexp	L1,L0,0x000,0

0000e290 <.LBB1547>:
    e290:	c0038629          	sfpload	L0,394,0,7

0000e294 <.LBB1553>:
    e294:	18006402          	sfpmul	L0,L0,L1,L9,0

0000e298 <.LBB1556>:
    e298:	c0438661          	sfpload	L1,408,0,7

0000e29c <.LBB1562>:
    e29c:	48000406          	sfpswap	L0,L1,1
    e2a0:	3c000002          	sfpnop

0000e2a4 <.LBB1564>:
    e2a4:	c0438631          	sfpload	L1,396,0,7

0000e2a8 <.LBB1571>:
    e2a8:	1006c042          	sfpmad	L1,L1,L11,L0,0
    e2ac:	ec000401          	sfpsetcc	L1,0x000,0

0000e2b0 <.LBB1575>:
    e2b0:	f0002401          	sfpmov	L0,L9,0

0000e2b4 <.LBB1578>:
    e2b4:	2800c02a          	sfpencc	0x003,10

0000e2b8 <.LBB1581>:
    e2b8:	c08383d1          	sfpload	L2,244,0,7

0000e2bc <.LBB1587>:
    e2bc:	1800a442          	sfpmul	L1,L0,L2,L9,0

0000e2c0 <.LBB1590>:
    e2c0:	c10380d1          	sfpload	L4,52,0,7

0000e2c4 <.LBB1596>:
    e2c4:	c0c38639          	sfpload	L3,398,0,7

0000e2c8 <.LBB1602>:
    e2c8:	1004d0c2          	sfpmad	L3,L1,L3,L4,0

0000e2cc <.LBB1605>:
    e2cc:	c8c380d1          	sfpstore	L3,52,0,7

0000e2d0 <.LBB1611>:
    e2d0:	c10381d1          	sfpload	L4,116,0,7

0000e2d4 <.LBB1617>:
    e2d4:	c0c38641          	sfpload	L3,400,0,7

0000e2d8 <.LBB1623>:
    e2d8:	1004d0c2          	sfpmad	L3,L1,L3,L4,0

0000e2dc <.LBB1626>:
    e2dc:	c8c381d1          	sfpstore	L3,116,0,7

0000e2e0 <.LBB1632>:
    e2e0:	c10382d1          	sfpload	L4,180,0,7

0000e2e4 <.LBB1638>:
    e2e4:	c0c38649          	sfpload	L3,402,0,7

0000e2e8 <.LBB1644>:
    e2e8:	1004d042          	sfpmad	L1,L1,L3,L4,0

0000e2ec <.LBB1647>:
    e2ec:	c84382d1          	sfpstore	L1,180,0,7

0000e2f0 <.LBB1653>:
    e2f0:	142a800a          	sfpadd	L0,L10,L10,L0,2

0000e2f4 <.LBB1656>:
    e2f4:	18082402          	sfpmul	L0,L2,L0,L9,0

0000e2f8 <.LBB1659>:
    e2f8:	c80383d1          	sfpstore	L0,244,0,7

0000e2fc <.LBE1438>:
    e2fc:	00078067          	jr	a5

0000e300 <.L6>:
    e300:	c08384d1          	sfpload	L2,308,0,7

0000e304 <.LBB1674>:
    e304:	c04385d1          	sfpload	L1,372,0,7

0000e308 <.LBB1680>:
    e308:	c1038611          	sfpload	L4,388,0,7

0000e30c <.LBB1686>:
    e30c:	c0c38619          	sfpload	L3,390,0,7

0000e310 <.LBB1692>:
    e310:	c0038621          	sfpload	L0,392,0,7

0000e314 <.LBB1698>:
    e314:	c1838601          	sfpload	L6,384,0,7

0000e318 <.LBB1704>:
    e318:	c1438609          	sfpload	L5,386,0,7

0000e31c <.LBB1710>:
    e31c:	1428988a          	sfpadd	L2,L10,L2,L6,2

0000e320 <.LBB1713>:
    e320:	1428544a          	sfpadd	L1,L10,L1,L5,2

0000e324 <.LBB1716>:
    e324:	1808a542          	sfpmul	L5,L2,L2,L9,0

0000e328 <.LBB1719>:
    e328:	18116502          	sfpmul	L4,L4,L5,L9,0

0000e32c <.LBB1722>:
    e32c:	18086482          	sfpmul	L2,L2,L1,L9,0

0000e330 <.LBB1725>:
    e330:	100c9082          	sfpmad	L2,L3,L2,L4,0

0000e334 <.LBB1728>:
    e334:	18046442          	sfpmul	L1,L1,L1,L9,0

0000e338 <.LBB1731>:
    e338:	10004802          	sfpmad	L0,L0,L1,L2,0
    e33c:	3c000002          	sfpnop

0000e340 <.LBB1734>:
    e340:	48002406          	sfpswap	L0,L9,1
    e344:	3c000002          	sfpnop

0000e348 <.LBB1736>:
    e348:	18032402          	sfpmul	L0,L0,L12,L9,0

0000e34c <.LBB1741>:
    e34c:	d50bf801          	sfpaddi	L0,17150,0
    e350:	3c000002          	sfpnop

0000e354 <.LBB1744>:
    e354:	48000246          	sfpswap	L9,L0,1
    e358:	3c000002          	sfpnop

0000e35c <.LBB1746>:
    e35c:	dc000041          	sfpexexp	L1,L0,0

0000e360 <.LBB1750>:
    e360:	e0000001          	sfpexman	L0,L0,0

0000e364 <.LBB1752>:
    e364:	e8000401          	sfpshft	L0,L1,0x000,0

0000e368 <.LBB1754>:
    e368:	dc000045          	sfpexexp	L1,L0,1

0000e36c <.LBB1756>:
    e36c:	e0000005          	sfpexman	L0,L0,1

0000e370 <.LBB1758>:
    e370:	40000002          	sfpcast	L0,L0,0

0000e374 <.LBB1760>:
    e374:	10037882          	sfpmad	L2,L0,L13,L14,0

0000e378 <.LBB1763>:
    e378:	c0c38659          	sfpload	L3,406,0,7

0000e37c <.LBB1769>:
    e37c:	10008c02          	sfpmad	L0,L0,L2,L3,0

0000e380 <.LBB1772>:
    e380:	08000042          	sfpsetexp	L1,L0,0x000,0

0000e384 <.LBB1774>:
    e384:	c0038629          	sfpload	L0,394,0,7

0000e388 <.LBB1780>:
    e388:	18006402          	sfpmul	L0,L0,L1,L9,0

0000e38c <.LBB1783>:
    e38c:	c0438661          	sfpload	L1,408,0,7

0000e390 <.LBB1789>:
    e390:	48000406          	sfpswap	L0,L1,1
    e394:	3c000002          	sfpnop

0000e398 <.LBB1791>:
    e398:	c0438631          	sfpload	L1,396,0,7

0000e39c <.LBB1798>:
    e39c:	1006c042          	sfpmad	L1,L1,L11,L0,0
    e3a0:	ec000401          	sfpsetcc	L1,0x000,0

0000e3a4 <.LBB1802>:
    e3a4:	f0002401          	sfpmov	L0,L9,0

0000e3a8 <.LBB1805>:
    e3a8:	2800c02a          	sfpencc	0x003,10

0000e3ac <.LBB1808>:
    e3ac:	c08383d1          	sfpload	L2,244,0,7

0000e3b0 <.LBB1814>:
    e3b0:	1800a442          	sfpmul	L1,L0,L2,L9,0

0000e3b4 <.LBB1817>:
    e3b4:	c10380d1          	sfpload	L4,52,0,7

0000e3b8 <.LBB1823>:
    e3b8:	c0c38639          	sfpload	L3,398,0,7

0000e3bc <.LBB1829>:
    e3bc:	1004d0c2          	sfpmad	L3,L1,L3,L4,0

0000e3c0 <.LBB1832>:
    e3c0:	c8c380d1          	sfpstore	L3,52,0,7

0000e3c4 <.LBB1838>:
    e3c4:	c10381d1          	sfpload	L4,116,0,7

0000e3c8 <.LBB1844>:
    e3c8:	c0c38641          	sfpload	L3,400,0,7

0000e3cc <.LBB1850>:
    e3cc:	1004d0c2          	sfpmad	L3,L1,L3,L4,0

0000e3d0 <.LBB1853>:
    e3d0:	c8c381d1          	sfpstore	L3,116,0,7

0000e3d4 <.LBB1859>:
    e3d4:	c10382d1          	sfpload	L4,180,0,7

0000e3d8 <.LBB1865>:
    e3d8:	c0c38649          	sfpload	L3,402,0,7

0000e3dc <.LBB1871>:
    e3dc:	1004d042          	sfpmad	L1,L1,L3,L4,0

0000e3e0 <.LBB1874>:
    e3e0:	c84382d1          	sfpstore	L1,180,0,7

0000e3e4 <.LBB1880>:
    e3e4:	142a800a          	sfpadd	L0,L10,L10,L0,2

0000e3e8 <.LBB1883>:
    e3e8:	18082402          	sfpmul	L0,L2,L0,L9,0

0000e3ec <.LBB1886>:
    e3ec:	c80383d1          	sfpstore	L0,244,0,7

0000e3f0 <.LBE1435>:
    e3f0:	00008067          	ret

0000e3f4 <_ZN12_GLOBAL__N_1L16blend_chain_bodyILm13ELm2EEEvmPKNS_15BlendChainEntryE.lto_priv.0>:
    e3f4:	01c55713          	srli	a4,a0,0x1c

0000e3f8 <.LM213>:
    e3f8:	10070a63          	beqz	a4,e50c <.L11>

0000e3fc <.LBB3326>:
    e3fc:	60171793          	ctz	a5,a4
    e400:	01e7f793          	andi	a5,a5,30

0000e404 <.LM218>:
    e404:	00f75733          	srl	a4,a4,a5

0000e408 <.LM220>:
    e408:	00377713          	andi	a4,a4,3

0000e40c <.LBE3326>:
    e40c:	20e7a7b3          	sh1add	a5,a5,a4

0000e410 <.LM222>:
    e410:	20b7c7b3          	sh2add	a5,a5,a1
    e414:	0e07a783          	lw	a5,224(a5)

0000e418 <.LBB3328>:
    e418:	c08384d9          	sfpload	L2,310,0,7

0000e41c <.LBB3337>:
    e41c:	c04385d9          	sfpload	L1,374,0,7

0000e420 <.LBB3343>:
    e420:	c1038611          	sfpload	L4,388,0,7

0000e424 <.LBB3349>:
    e424:	c0c38619          	sfpload	L3,390,0,7

0000e428 <.LBB3355>:
    e428:	c0038621          	sfpload	L0,392,0,7

0000e42c <.LBB3361>:
    e42c:	c1838601          	sfpload	L6,384,0,7

0000e430 <.LBB3367>:
    e430:	c1438609          	sfpload	L5,386,0,7

0000e434 <.LBB3373>:
    e434:	1428988a          	sfpadd	L2,L10,L2,L6,2

0000e438 <.LBB3376>:
    e438:	1428544a          	sfpadd	L1,L10,L1,L5,2

0000e43c <.LBB3379>:
    e43c:	1808a542          	sfpmul	L5,L2,L2,L9,0

0000e440 <.LBB3382>:
    e440:	18116502          	sfpmul	L4,L4,L5,L9,0

0000e444 <.LBB3385>:
    e444:	18086482          	sfpmul	L2,L2,L1,L9,0

0000e448 <.LBB3388>:
    e448:	100c9082          	sfpmad	L2,L3,L2,L4,0

0000e44c <.LBB3391>:
    e44c:	18046442          	sfpmul	L1,L1,L1,L9,0

0000e450 <.LBB3394>:
    e450:	10004802          	sfpmad	L0,L0,L1,L2,0
    e454:	3c000002          	sfpnop

0000e458 <.LBB3397>:
    e458:	48002406          	sfpswap	L0,L9,1
    e45c:	3c000002          	sfpnop

0000e460 <.LBB3399>:
    e460:	18032402          	sfpmul	L0,L0,L12,L9,0

0000e464 <.LBB3404>:
    e464:	d50bf801          	sfpaddi	L0,17150,0
    e468:	3c000002          	sfpnop

0000e46c <.LBB3407>:
    e46c:	48000246          	sfpswap	L9,L0,1
    e470:	3c000002          	sfpnop

0000e474 <.LBB3409>:
    e474:	dc000041          	sfpexexp	L1,L0,0

0000e478 <.LBB3413>:
    e478:	e0000001          	sfpexman	L0,L0,0

0000e47c <.LBB3415>:
    e47c:	e8000401          	sfpshft	L0,L1,0x000,0

0000e480 <.LBB3417>:
    e480:	dc000045          	sfpexexp	L1,L0,1

0000e484 <.LBB3419>:
    e484:	e0000005          	sfpexman	L0,L0,1

0000e488 <.LBB3421>:
    e488:	40000002          	sfpcast	L0,L0,0

0000e48c <.LBB3423>:
    e48c:	10037882          	sfpmad	L2,L0,L13,L14,0

0000e490 <.LBB3426>:
    e490:	c0c38659          	sfpload	L3,406,0,7

0000e494 <.LBB3432>:
    e494:	10008c02          	sfpmad	L0,L0,L2,L3,0

0000e498 <.LBB3435>:
    e498:	08000042          	sfpsetexp	L1,L0,0x000,0

0000e49c <.LBB3437>:
    e49c:	c0038629          	sfpload	L0,394,0,7

0000e4a0 <.LBB3443>:
    e4a0:	18006402          	sfpmul	L0,L0,L1,L9,0

0000e4a4 <.LBB3446>:
    e4a4:	c0438661          	sfpload	L1,408,0,7

0000e4a8 <.LBB3452>:
    e4a8:	48000406          	sfpswap	L0,L1,1
    e4ac:	3c000002          	sfpnop

0000e4b0 <.LBB3454>:
    e4b0:	c0438631          	sfpload	L1,396,0,7

0000e4b4 <.LBB3461>:
    e4b4:	1006c042          	sfpmad	L1,L1,L11,L0,0
    e4b8:	ec000401          	sfpsetcc	L1,0x000,0

0000e4bc <.LBB3465>:
    e4bc:	f0002401          	sfpmov	L0,L9,0

0000e4c0 <.LBB3468>:
    e4c0:	2800c02a          	sfpencc	0x003,10

0000e4c4 <.LBB3471>:
    e4c4:	c08383d9          	sfpload	L2,246,0,7

0000e4c8 <.LBB3477>:
    e4c8:	1800a442          	sfpmul	L1,L0,L2,L9,0

0000e4cc <.LBB3480>:
    e4cc:	c10380d9          	sfpload	L4,54,0,7

0000e4d0 <.LBB3486>:
    e4d0:	c0c38639          	sfpload	L3,398,0,7

0000e4d4 <.LBB3492>:
    e4d4:	1004d0c2          	sfpmad	L3,L1,L3,L4,0

0000e4d8 <.LBB3495>:
    e4d8:	c8c380d9          	sfpstore	L3,54,0,7

0000e4dc <.LBB3501>:
    e4dc:	c10381d9          	sfpload	L4,118,0,7

0000e4e0 <.LBB3507>:
    e4e0:	c0c38641          	sfpload	L3,400,0,7

0000e4e4 <.LBB3513>:
    e4e4:	1004d0c2          	sfpmad	L3,L1,L3,L4,0

0000e4e8 <.LBB3516>:
    e4e8:	c8c381d9          	sfpstore	L3,118,0,7

0000e4ec <.LBB3522>:
    e4ec:	c10382d9          	sfpload	L4,182,0,7

0000e4f0 <.LBB3528>:
    e4f0:	c0c38649          	sfpload	L3,402,0,7

0000e4f4 <.LBB3534>:
    e4f4:	1004d042          	sfpmad	L1,L1,L3,L4,0

0000e4f8 <.LBB3537>:
    e4f8:	c84382d9          	sfpstore	L1,182,0,7

0000e4fc <.LBB3543>:
    e4fc:	142a800a          	sfpadd	L0,L10,L10,L0,2

0000e500 <.LBB3546>:
    e500:	18082402          	sfpmul	L0,L2,L0,L9,0

0000e504 <.LBB3549>:
    e504:	c80383d9          	sfpstore	L0,246,0,7

0000e508 <.LBE3328>:
    e508:	00078067          	jr	a5

0000e50c <.L11>:
    e50c:	c08384d9          	sfpload	L2,310,0,7

0000e510 <.LBB3564>:
    e510:	c04385d9          	sfpload	L1,374,0,7

0000e514 <.LBB3570>:
    e514:	c1038611          	sfpload	L4,388,0,7

0000e518 <.LBB3576>:
    e518:	c0c38619          	sfpload	L3,390,0,7

0000e51c <.LBB3582>:
    e51c:	c0038621          	sfpload	L0,392,0,7

0000e520 <.LBB3588>:
    e520:	c1838601          	sfpload	L6,384,0,7

0000e524 <.LBB3594>:
    e524:	c1438609          	sfpload	L5,386,0,7

0000e528 <.LBB3600>:
    e528:	1428988a          	sfpadd	L2,L10,L2,L6,2

0000e52c <.LBB3603>:
    e52c:	1428544a          	sfpadd	L1,L10,L1,L5,2

0000e530 <.LBB3606>:
    e530:	1808a542          	sfpmul	L5,L2,L2,L9,0

0000e534 <.LBB3609>:
    e534:	18116502          	sfpmul	L4,L4,L5,L9,0

0000e538 <.LBB3612>:
    e538:	18086482          	sfpmul	L2,L2,L1,L9,0

0000e53c <.LBB3615>:
    e53c:	100c9082          	sfpmad	L2,L3,L2,L4,0

0000e540 <.LBB3618>:
    e540:	18046442          	sfpmul	L1,L1,L1,L9,0

0000e544 <.LBB3621>:
    e544:	10004802          	sfpmad	L0,L0,L1,L2,0
    e548:	3c000002          	sfpnop

0000e54c <.LBB3624>:
    e54c:	48002406          	sfpswap	L0,L9,1
    e550:	3c000002          	sfpnop

0000e554 <.LBB3626>:
    e554:	18032402          	sfpmul	L0,L0,L12,L9,0

0000e558 <.LBB3631>:
    e558:	d50bf801          	sfpaddi	L0,17150,0
    e55c:	3c000002          	sfpnop

0000e560 <.LBB3634>:
    e560:	48000246          	sfpswap	L9,L0,1
    e564:	3c000002          	sfpnop

0000e568 <.LBB3636>:
    e568:	dc000041          	sfpexexp	L1,L0,0

0000e56c <.LBB3640>:
    e56c:	e0000001          	sfpexman	L0,L0,0

0000e570 <.LBB3642>:
    e570:	e8000401          	sfpshft	L0,L1,0x000,0

0000e574 <.LBB3644>:
    e574:	dc000045          	sfpexexp	L1,L0,1

0000e578 <.LBB3646>:
    e578:	e0000005          	sfpexman	L0,L0,1

0000e57c <.LBB3648>:
    e57c:	40000002          	sfpcast	L0,L0,0

0000e580 <.LBB3650>:
    e580:	10037882          	sfpmad	L2,L0,L13,L14,0

0000e584 <.LBB3653>:
    e584:	c0c38659          	sfpload	L3,406,0,7

0000e588 <.LBB3659>:
    e588:	10008c02          	sfpmad	L0,L0,L2,L3,0

0000e58c <.LBB3662>:
    e58c:	08000042          	sfpsetexp	L1,L0,0x000,0

0000e590 <.LBB3664>:
    e590:	c0038629          	sfpload	L0,394,0,7

0000e594 <.LBB3670>:
    e594:	18006402          	sfpmul	L0,L0,L1,L9,0

0000e598 <.LBB3673>:
    e598:	c0438661          	sfpload	L1,408,0,7

0000e59c <.LBB3679>:
    e59c:	48000406          	sfpswap	L0,L1,1
    e5a0:	3c000002          	sfpnop

0000e5a4 <.LBB3681>:
    e5a4:	c0438631          	sfpload	L1,396,0,7

0000e5a8 <.LBB3688>:
    e5a8:	1006c042          	sfpmad	L1,L1,L11,L0,0
    e5ac:	ec000401          	sfpsetcc	L1,0x000,0

0000e5b0 <.LBB3692>:
    e5b0:	f0002401          	sfpmov	L0,L9,0

0000e5b4 <.LBB3695>:
    e5b4:	2800c02a          	sfpencc	0x003,10

0000e5b8 <.LBB3698>:
    e5b8:	c08383d9          	sfpload	L2,246,0,7

0000e5bc <.LBB3704>:
    e5bc:	1800a442          	sfpmul	L1,L0,L2,L9,0

0000e5c0 <.LBB3707>:
    e5c0:	c10380d9          	sfpload	L4,54,0,7

0000e5c4 <.LBB3713>:
    e5c4:	c0c38639          	sfpload	L3,398,0,7

0000e5c8 <.LBB3719>:
    e5c8:	1004d0c2          	sfpmad	L3,L1,L3,L4,0

0000e5cc <.LBB3722>:
    e5cc:	c8c380d9          	sfpstore	L3,54,0,7

0000e5d0 <.LBB3728>:
    e5d0:	c10381d9          	sfpload	L4,118,0,7

0000e5d4 <.LBB3734>:
    e5d4:	c0c38641          	sfpload	L3,400,0,7

0000e5d8 <.LBB3740>:
    e5d8:	1004d0c2          	sfpmad	L3,L1,L3,L4,0

0000e5dc <.LBB3743>:
    e5dc:	c8c381d9          	sfpstore	L3,118,0,7

0000e5e0 <.LBB3749>:
    e5e0:	c10382d9          	sfpload	L4,182,0,7

0000e5e4 <.LBB3755>:
    e5e4:	c0c38649          	sfpload	L3,402,0,7

0000e5e8 <.LBB3761>:
    e5e8:	1004d042          	sfpmad	L1,L1,L3,L4,0

0000e5ec <.LBB3764>:
    e5ec:	c84382d9          	sfpstore	L1,182,0,7

0000e5f0 <.LBB3770>:
    e5f0:	142a800a          	sfpadd	L0,L10,L10,L0,2

0000e5f4 <.LBB3773>:
    e5f4:	18082402          	sfpmul	L0,L2,L0,L9,0

0000e5f8 <.LBB3776>:
    e5f8:	c80383d9          	sfpstore	L0,246,0,7

0000e5fc <.LBE3325>:
    e5fc:	00008067          	ret

0000e600 <_ZN12_GLOBAL__N_1L16blend_chain_bodyILm13ELm3EEEvmPKNS_15BlendChainEntryE.lto_priv.0>:
    e600:	01c55713          	srli	a4,a0,0x1c

0000e604 <.LM423>:
    e604:	1c070663          	beqz	a4,e7d0 <.L16>

0000e608 <.LBB6422>:
    e608:	60171793          	ctz	a5,a4
    e60c:	01e7f793          	andi	a5,a5,30

0000e610 <.LM428>:
    e610:	00f75733          	srl	a4,a4,a5

0000e614 <.LM430>:
    e614:	00377713          	andi	a4,a4,3

0000e618 <.LBE6422>:
    e618:	20e7a7b3          	sh1add	a5,a5,a4

0000e61c <.LM432>:
    e61c:	20b7c7b3          	sh2add	a5,a5,a1
    e620:	0e07a783          	lw	a5,224(a5)

0000e624 <.LBB6424>:
    e624:	c0038601          	sfpload	L0,384,0,7

0000e628 <.LBB6433>:
    e628:	c1038609          	sfpload	L4,386,0,7

0000e62c <.LBB6439>:
    e62c:	c08384d1          	sfpload	L2,308,0,7

0000e630 <.LBB6445>:
    e630:	1428808a          	sfpadd	L2,L10,L2,L0,2

0000e634 <.LBB6448>:
    e634:	c04384d9          	sfpload	L1,310,0,7

0000e638 <.LBB6454>:
    e638:	1428404a          	sfpadd	L1,L10,L1,L0,2

0000e63c <.LBB6457>:
    e63c:	c00385d1          	sfpload	L0,372,0,7

0000e640 <.LBB6463>:
    e640:	1428100a          	sfpadd	L0,L10,L0,L4,2

0000e644 <.LBB6466>:
    e644:	c0c385d9          	sfpload	L3,374,0,7

0000e648 <.LBB6472>:
    e648:	1428d0ca          	sfpadd	L3,L10,L3,L4,2

0000e64c <.LBB6475>:
    e64c:	c1438611          	sfpload	L5,388,0,7

0000e650 <.LBB6481>:
    e650:	1808a582          	sfpmul	L6,L2,L2,L9,0

0000e654 <.LBB6484>:
    e654:	1815a582          	sfpmul	L6,L5,L6,L9,0

0000e658 <.LBB6487>:
    e658:	18046502          	sfpmul	L4,L1,L1,L9,0

0000e65c <.LBB6490>:
    e65c:	18152542          	sfpmul	L5,L5,L4,L9,0

0000e660 <.LBB6493>:
    e660:	c1038619          	sfpload	L4,390,0,7

0000e664 <.LBB6499>:
    e664:	18082482          	sfpmul	L2,L2,L0,L9,0

0000e668 <.LBB6502>:
    e668:	10109882          	sfpmad	L2,L4,L2,L6,0

0000e66c <.LBB6505>:
    e66c:	1804e442          	sfpmul	L1,L1,L3,L9,0

0000e670 <.LBB6508>:
    e670:	10105502          	sfpmad	L4,L4,L1,L5,0

0000e674 <.LBB6511>:
    e674:	c0438621          	sfpload	L1,392,0,7

0000e678 <.LBB6517>:
    e678:	18002402          	sfpmul	L0,L0,L0,L9,0

0000e67c <.LBB6520>:
    e67c:	10040802          	sfpmad	L0,L1,L0,L2,0

0000e680 <.LBB6523>:
    e680:	180ce4c2          	sfpmul	L3,L3,L3,L9,0

0000e684 <.LBB6526>:
    e684:	1004d042          	sfpmad	L1,L1,L3,L4,0

0000e688 <.LBB6529>:
    e688:	48002406          	sfpswap	L0,L9,1
    e68c:	3c000002          	sfpnop

0000e690 <.LBB6531>:
    e690:	48002446          	sfpswap	L1,L9,1
    e694:	3c000002          	sfpnop

0000e698 <.LBB6533>:
    e698:	18032402          	sfpmul	L0,L0,L12,L9,0

0000e69c <.LBB6538>:
    e69c:	d50bf801          	sfpaddi	L0,17150,0
    e6a0:	3c000002          	sfpnop

0000e6a4 <.LBB6541>:
    e6a4:	48000246          	sfpswap	L9,L0,1
    e6a8:	3c000002          	sfpnop

0000e6ac <.LBB6543>:
    e6ac:	dc000081          	sfpexexp	L2,L0,0

0000e6b0 <.LBB6547>:
    e6b0:	e0000001          	sfpexman	L0,L0,0

0000e6b4 <.LBB6549>:
    e6b4:	e8000801          	sfpshft	L0,L2,0x000,0

0000e6b8 <.LBB6551>:
    e6b8:	dc000085          	sfpexexp	L2,L0,1

0000e6bc <.LBB6553>:
    e6bc:	1000014c          	ttreplay	0,5,1,1
    e6c0:	e0000005          	sfpexman	L0,L0,1

0000e6c4 <.LBB6555>:
    e6c4:	40000002          	sfpcast	L0,L0,0

0000e6c8 <.LBB6557>:
    e6c8:	100378c2          	sfpmad	L3,L0,L13,L14,0

0000e6cc <.LBB6560>:
    e6cc:	c1038659          	sfpload	L4,406,0,7

0000e6d0 <.LBB6566>:
    e6d0:	1000d002          	sfpmad	L0,L0,L3,L4,0

0000e6d4 <.LBB6569>:
    e6d4:	08000082          	sfpsetexp	L2,L0,0x000,0

0000e6d8 <.LBB6571>:
    e6d8:	18072442          	sfpmul	L1,L1,L12,L9,0

0000e6dc <.LBB6576>:
    e6dc:	d50bf841          	sfpaddi	L1,17150,0
    e6e0:	3c000002          	sfpnop

0000e6e4 <.LBB6579>:
    e6e4:	48000646          	sfpswap	L9,L1,1
    e6e8:	3c000002          	sfpnop

0000e6ec <.LBB6581>:
    e6ec:	dc0004c1          	sfpexexp	L3,L1,0

0000e6f0 <.LBB6585>:
    e6f0:	e0000401          	sfpexman	L0,L1,0

0000e6f4 <.LBB6587>:
    e6f4:	e8000c01          	sfpshft	L0,L3,0x000,0

0000e6f8 <.LBB6589>:
    e6f8:	dc000045          	sfpexexp	L1,L0,1

0000e6fc <.LBB6591>:
    e6fc:	10000140          	ttreplay	0,5,0,0

0000e700 <.LBB6594>:
    e700:	08000042          	sfpsetexp	L1,L0,0x000,0

0000e704 <.LBB6596>:
    e704:	c0038629          	sfpload	L0,394,0,7

0000e708 <.LBB6602>:
    e708:	1800a482          	sfpmul	L2,L0,L2,L9,0

0000e70c <.LBB6605>:
    e70c:	18006402          	sfpmul	L0,L0,L1,L9,0

0000e710 <.LBB6608>:
    e710:	c0c38661          	sfpload	L3,408,0,7

0000e714 <.LBB6614>:
    e714:	c0438661          	sfpload	L1,408,0,7

0000e718 <.LBB6620>:
    e718:	48000c86          	sfpswap	L2,L3,1
    e71c:	3c000002          	sfpnop

0000e720 <.LBB6622>:
    e720:	48000406          	sfpswap	L0,L1,1
    e724:	3c000002          	sfpnop

0000e728 <.LBB6624>:
    e728:	c0438631          	sfpload	L1,396,0,7

0000e72c <.LBB6631>:
    e72c:	1006c842          	sfpmad	L1,L1,L11,L2,0
    e730:	ec000401          	sfpsetcc	L1,0x000,0

0000e734 <.LBB6635>:
    e734:	f0002481          	sfpmov	L2,L9,0

0000e738 <.LBB6638>:
    e738:	2800c02a          	sfpencc	0x003,10

0000e73c <.LBB6641>:
    e73c:	c0438631          	sfpload	L1,396,0,7

0000e740 <.LBB6648>:
    e740:	1006c042          	sfpmad	L1,L1,L11,L0,0
    e744:	ec000401          	sfpsetcc	L1,0x000,0

0000e748 <.LBB6652>:
    e748:	f0002401          	sfpmov	L0,L9,0

0000e74c <.LBB6655>:
    e74c:	2800c02a          	sfpencc	0x003,10

0000e750 <.LBB6658>:
    e750:	c14383d1          	sfpload	L5,244,0,7

0000e754 <.LBB6664>:
    e754:	c10383d9          	sfpload	L4,246,0,7

0000e758 <.LBB6670>:
    e758:	180964c2          	sfpmul	L3,L2,L5,L9,0

0000e75c <.LBB6673>:
    e75c:	18012442          	sfpmul	L1,L0,L4,L9,0

0000e760 <.LBB6676>:
    e760:	c1838639          	sfpload	L6,398,0,7

0000e764 <.LBB6682>:
    e764:	c1c380d1          	sfpload	L7,52,0,7

0000e768 <.LBB6688>:
    e768:	100d9dc2          	sfpmad	L7,L3,L6,L7,0

0000e76c <.LBB6691>:
    e76c:	c9c380d1          	sfpstore	L7,52,0,7

0000e770 <.LBB6697>:
    e770:	c1c380d9          	sfpload	L7,54,0,7

0000e774 <.LBB6703>:
    e774:	10059d82          	sfpmad	L6,L1,L6,L7,0

0000e778 <.LBB6706>:
    e778:	c98380d9          	sfpstore	L6,54,0,7

0000e77c <.LBB6712>:
    e77c:	c1838641          	sfpload	L6,400,0,7

0000e780 <.LBB6718>:
    e780:	c1c381d1          	sfpload	L7,116,0,7

0000e784 <.LBB6724>:
    e784:	100d9dc2          	sfpmad	L7,L3,L6,L7,0

0000e788 <.LBB6727>:
    e788:	c9c381d1          	sfpstore	L7,116,0,7

0000e78c <.LBB6733>:
    e78c:	c1c381d9          	sfpload	L7,118,0,7

0000e790 <.LBB6739>:
    e790:	10059d82          	sfpmad	L6,L1,L6,L7,0

0000e794 <.LBB6742>:
    e794:	c98381d9          	sfpstore	L6,118,0,7

0000e798 <.LBB6748>:
    e798:	c1838649          	sfpload	L6,402,0,7

0000e79c <.LBB6754>:
    e79c:	c1c382d1          	sfpload	L7,180,0,7

0000e7a0 <.LBB6760>:
    e7a0:	100d9cc2          	sfpmad	L3,L3,L6,L7,0

0000e7a4 <.LBB6763>:
    e7a4:	c8c382d1          	sfpstore	L3,180,0,7

0000e7a8 <.LBB6769>:
    e7a8:	c0c382d9          	sfpload	L3,182,0,7

0000e7ac <.LBB6775>:
    e7ac:	10058c42          	sfpmad	L1,L1,L6,L3,0

0000e7b0 <.LBB6778>:
    e7b0:	c84382d9          	sfpstore	L1,182,0,7

0000e7b4 <.LBB6784>:
    e7b4:	142a888a          	sfpadd	L2,L10,L10,L2,2

0000e7b8 <.LBB6787>:
    e7b8:	1814a542          	sfpmul	L5,L5,L2,L9,0

0000e7bc <.LBB6790>:
    e7bc:	c94383d1          	sfpstore	L5,244,0,7

0000e7c0 <.LBB6796>:
    e7c0:	142a800a          	sfpadd	L0,L10,L10,L0,2

0000e7c4 <.LBB6799>:
    e7c4:	18102402          	sfpmul	L0,L4,L0,L9,0

0000e7c8 <.LBB6802>:
    e7c8:	c80383d9          	sfpstore	L0,246,0,7

0000e7cc <.LBE6424>:
    e7cc:	00078067          	jr	a5

0000e7d0 <.L16>:
    e7d0:	c0038601          	sfpload	L0,384,0,7

0000e7d4 <.LBB6817>:
    e7d4:	c1038609          	sfpload	L4,386,0,7

0000e7d8 <.LBB6823>:
    e7d8:	c08384d1          	sfpload	L2,308,0,7

0000e7dc <.LBB6829>:
    e7dc:	1428808a          	sfpadd	L2,L10,L2,L0,2

0000e7e0 <.LBB6832>:
    e7e0:	c04384d9          	sfpload	L1,310,0,7

0000e7e4 <.LBB6838>:
    e7e4:	1428404a          	sfpadd	L1,L10,L1,L0,2

0000e7e8 <.LBB6841>:
    e7e8:	c00385d1          	sfpload	L0,372,0,7

0000e7ec <.LBB6847>:
    e7ec:	1428100a          	sfpadd	L0,L10,L0,L4,2

0000e7f0 <.LBB6850>:
    e7f0:	c0c385d9          	sfpload	L3,374,0,7

0000e7f4 <.LBB6856>:
    e7f4:	1428d0ca          	sfpadd	L3,L10,L3,L4,2

0000e7f8 <.LBB6859>:
    e7f8:	c1438611          	sfpload	L5,388,0,7

0000e7fc <.LBB6865>:
    e7fc:	1808a582          	sfpmul	L6,L2,L2,L9,0

0000e800 <.LBB6868>:
    e800:	1815a582          	sfpmul	L6,L5,L6,L9,0

0000e804 <.LBB6871>:
    e804:	18046502          	sfpmul	L4,L1,L1,L9,0

0000e808 <.LBB6874>:
    e808:	18152542          	sfpmul	L5,L5,L4,L9,0

0000e80c <.LBB6877>:
    e80c:	c1038619          	sfpload	L4,390,0,7

0000e810 <.LBB6883>:
    e810:	18082482          	sfpmul	L2,L2,L0,L9,0

0000e814 <.LBB6886>:
    e814:	10109882          	sfpmad	L2,L4,L2,L6,0

0000e818 <.LBB6889>:
    e818:	1804e442          	sfpmul	L1,L1,L3,L9,0

0000e81c <.LBB6892>:
    e81c:	10105502          	sfpmad	L4,L4,L1,L5,0

0000e820 <.LBB6895>:
    e820:	c0438621          	sfpload	L1,392,0,7

0000e824 <.LBB6901>:
    e824:	18002402          	sfpmul	L0,L0,L0,L9,0

0000e828 <.LBB6904>:
    e828:	10040802          	sfpmad	L0,L1,L0,L2,0

0000e82c <.LBB6907>:
    e82c:	180ce4c2          	sfpmul	L3,L3,L3,L9,0

0000e830 <.LBB6910>:
    e830:	1004d042          	sfpmad	L1,L1,L3,L4,0

0000e834 <.LBB6913>:
    e834:	48002406          	sfpswap	L0,L9,1
    e838:	3c000002          	sfpnop

0000e83c <.LBB6915>:
    e83c:	48002446          	sfpswap	L1,L9,1
    e840:	3c000002          	sfpnop

0000e844 <.LBB6917>:
    e844:	18032402          	sfpmul	L0,L0,L12,L9,0

0000e848 <.LBB6922>:
    e848:	d50bf801          	sfpaddi	L0,17150,0
    e84c:	3c000002          	sfpnop

0000e850 <.LBB6925>:
    e850:	48000246          	sfpswap	L9,L0,1
    e854:	3c000002          	sfpnop

0000e858 <.LBB6927>:
    e858:	dc000081          	sfpexexp	L2,L0,0

0000e85c <.LBB6931>:
    e85c:	e0000001          	sfpexman	L0,L0,0

0000e860 <.LBB6933>:
    e860:	e8000801          	sfpshft	L0,L2,0x000,0

0000e864 <.LBB6935>:
    e864:	dc000085          	sfpexexp	L2,L0,1

0000e868 <.LBB6937>:
    e868:	1000014c          	ttreplay	0,5,1,1
    e86c:	e0000005          	sfpexman	L0,L0,1

0000e870 <.LBB6939>:
    e870:	40000002          	sfpcast	L0,L0,0

0000e874 <.LBB6941>:
    e874:	100378c2          	sfpmad	L3,L0,L13,L14,0

0000e878 <.LBB6944>:
    e878:	c1038659          	sfpload	L4,406,0,7

0000e87c <.LBB6950>:
    e87c:	1000d002          	sfpmad	L0,L0,L3,L4,0

0000e880 <.LBB6953>:
    e880:	08000082          	sfpsetexp	L2,L0,0x000,0

0000e884 <.LBB6955>:
    e884:	18072442          	sfpmul	L1,L1,L12,L9,0

0000e888 <.LBB6960>:
    e888:	d50bf841          	sfpaddi	L1,17150,0
    e88c:	3c000002          	sfpnop

0000e890 <.LBB6963>:
    e890:	48000646          	sfpswap	L9,L1,1
    e894:	3c000002          	sfpnop

0000e898 <.LBB6965>:
    e898:	dc0004c1          	sfpexexp	L3,L1,0

0000e89c <.LBB6969>:
    e89c:	e0000401          	sfpexman	L0,L1,0

0000e8a0 <.LBB6971>:
    e8a0:	e8000c01          	sfpshft	L0,L3,0x000,0

0000e8a4 <.LBB6973>:
    e8a4:	dc000045          	sfpexexp	L1,L0,1

0000e8a8 <.LBB6975>:
    e8a8:	10000140          	ttreplay	0,5,0,0

0000e8ac <.LBB6978>:
    e8ac:	08000042          	sfpsetexp	L1,L0,0x000,0

0000e8b0 <.LBB6980>:
    e8b0:	c0038629          	sfpload	L0,394,0,7

0000e8b4 <.LBB6986>:
    e8b4:	1800a482          	sfpmul	L2,L0,L2,L9,0

0000e8b8 <.LBB6989>:
    e8b8:	18006402          	sfpmul	L0,L0,L1,L9,0

0000e8bc <.LBB6992>:
    e8bc:	c0c38661          	sfpload	L3,408,0,7

0000e8c0 <.LBB6998>:
    e8c0:	c0438661          	sfpload	L1,408,0,7

0000e8c4 <.LBB7004>:
    e8c4:	48000c86          	sfpswap	L2,L3,1
    e8c8:	3c000002          	sfpnop

0000e8cc <.LBB7006>:
    e8cc:	48000406          	sfpswap	L0,L1,1
    e8d0:	3c000002          	sfpnop

0000e8d4 <.LBB7008>:
    e8d4:	c0438631          	sfpload	L1,396,0,7

0000e8d8 <.LBB7015>:
    e8d8:	1006c842          	sfpmad	L1,L1,L11,L2,0
    e8dc:	ec000401          	sfpsetcc	L1,0x000,0

0000e8e0 <.LBB7019>:
    e8e0:	f0002481          	sfpmov	L2,L9,0

0000e8e4 <.LBB7022>:
    e8e4:	2800c02a          	sfpencc	0x003,10

0000e8e8 <.LBB7025>:
    e8e8:	c0438631          	sfpload	L1,396,0,7

0000e8ec <.LBB7032>:
    e8ec:	1006c042          	sfpmad	L1,L1,L11,L0,0
    e8f0:	ec000401          	sfpsetcc	L1,0x000,0

0000e8f4 <.LBB7036>:
    e8f4:	f0002401          	sfpmov	L0,L9,0

0000e8f8 <.LBB7039>:
    e8f8:	2800c02a          	sfpencc	0x003,10

0000e8fc <.LBB7042>:
    e8fc:	c14383d1          	sfpload	L5,244,0,7

0000e900 <.LBB7048>:
    e900:	c10383d9          	sfpload	L4,246,0,7

0000e904 <.LBB7054>:
    e904:	180964c2          	sfpmul	L3,L2,L5,L9,0

0000e908 <.LBB7057>:
    e908:	18012442          	sfpmul	L1,L0,L4,L9,0

0000e90c <.LBB7060>:
    e90c:	c1838639          	sfpload	L6,398,0,7

0000e910 <.LBB7066>:
    e910:	c1c380d1          	sfpload	L7,52,0,7

0000e914 <.LBB7072>:
    e914:	100d9dc2          	sfpmad	L7,L3,L6,L7,0

0000e918 <.LBB7075>:
    e918:	c9c380d1          	sfpstore	L7,52,0,7

0000e91c <.LBB7081>:
    e91c:	c1c380d9          	sfpload	L7,54,0,7

0000e920 <.LBB7087>:
    e920:	10059d82          	sfpmad	L6,L1,L6,L7,0

0000e924 <.LBB7090>:
    e924:	c98380d9          	sfpstore	L6,54,0,7

0000e928 <.LBB7096>:
    e928:	c1838641          	sfpload	L6,400,0,7

0000e92c <.LBB7102>:
    e92c:	c1c381d1          	sfpload	L7,116,0,7

0000e930 <.LBB7108>:
    e930:	100d9dc2          	sfpmad	L7,L3,L6,L7,0

0000e934 <.LBB7111>:
    e934:	c9c381d1          	sfpstore	L7,116,0,7

0000e938 <.LBB7117>:
    e938:	c1c381d9          	sfpload	L7,118,0,7

0000e93c <.LBB7123>:
    e93c:	10059d82          	sfpmad	L6,L1,L6,L7,0

0000e940 <.LBB7126>:
    e940:	c98381d9          	sfpstore	L6,118,0,7

0000e944 <.LBB7132>:
    e944:	c1838649          	sfpload	L6,402,0,7

0000e948 <.LBB7138>:
    e948:	c1c382d1          	sfpload	L7,180,0,7

0000e94c <.LBB7144>:
    e94c:	100d9cc2          	sfpmad	L3,L3,L6,L7,0

0000e950 <.LBB7147>:
    e950:	c8c382d1          	sfpstore	L3,180,0,7

0000e954 <.LBB7153>:
    e954:	c0c382d9          	sfpload	L3,182,0,7

0000e958 <.LBB7159>:
    e958:	10058c42          	sfpmad	L1,L1,L6,L3,0

0000e95c <.LBB7162>:
    e95c:	c84382d9          	sfpstore	L1,182,0,7

0000e960 <.LBB7168>:
    e960:	142a888a          	sfpadd	L2,L10,L10,L2,2

0000e964 <.LBB7171>:
    e964:	1814a542          	sfpmul	L5,L5,L2,L9,0

0000e968 <.LBB7174>:
    e968:	c94383d1          	sfpstore	L5,244,0,7

0000e96c <.LBB7180>:
    e96c:	142a800a          	sfpadd	L0,L10,L10,L0,2

0000e970 <.LBB7183>:
    e970:	18102402          	sfpmul	L0,L4,L0,L9,0

0000e974 <.LBB7186>:
    e974:	c80383d9          	sfpstore	L0,246,0,7

0000e978 <.LBE6421>:
    e978:	00008067          	ret

0000e97c <_ZN12_GLOBAL__N_1L16blend_chain_bodyILm14ELm1EEEvmPKNS_15BlendChainEntryE.lto_priv.0>:
    e97c:	01e55793          	srli	a5,a0,0x1e

0000e980 <.LM793>:
    e980:	10078063          	beqz	a5,ea80 <.L21>

0000e984 <.LBB8626>:
    e984:	20b7c7b3          	sh2add	a5,a5,a1

0000e988 <.LM800>:
    e988:	0f07a783          	lw	a5,240(a5)

0000e98c <.LBB8628>:
    e98c:	c08384e1          	sfpload	L2,312,0,7

0000e990 <.LBB8637>:
    e990:	c04385e1          	sfpload	L1,376,0,7

0000e994 <.LBB8643>:
    e994:	c1038611          	sfpload	L4,388,0,7

0000e998 <.LBB8649>:
    e998:	c0c38619          	sfpload	L3,390,0,7

0000e99c <.LBB8655>:
    e99c:	c0038621          	sfpload	L0,392,0,7

0000e9a0 <.LBB8661>:
    e9a0:	c1838601          	sfpload	L6,384,0,7

0000e9a4 <.LBB8667>:
    e9a4:	c1438609          	sfpload	L5,386,0,7

0000e9a8 <.LBB8673>:
    e9a8:	1428988a          	sfpadd	L2,L10,L2,L6,2

0000e9ac <.LBB8676>:
    e9ac:	1428544a          	sfpadd	L1,L10,L1,L5,2

0000e9b0 <.LBB8679>:
    e9b0:	1808a542          	sfpmul	L5,L2,L2,L9,0

0000e9b4 <.LBB8682>:
    e9b4:	18116502          	sfpmul	L4,L4,L5,L9,0

0000e9b8 <.LBB8685>:
    e9b8:	18086482          	sfpmul	L2,L2,L1,L9,0

0000e9bc <.LBB8688>:
    e9bc:	100c9082          	sfpmad	L2,L3,L2,L4,0

0000e9c0 <.LBB8691>:
    e9c0:	18046442          	sfpmul	L1,L1,L1,L9,0

0000e9c4 <.LBB8694>:
    e9c4:	10004802          	sfpmad	L0,L0,L1,L2,0
    e9c8:	3c000002          	sfpnop

0000e9cc <.LBB8697>:
    e9cc:	48002406          	sfpswap	L0,L9,1
    e9d0:	3c000002          	sfpnop

0000e9d4 <.LBB8699>:
    e9d4:	18032402          	sfpmul	L0,L0,L12,L9,0

0000e9d8 <.LBB8704>:
    e9d8:	d50bf801          	sfpaddi	L0,17150,0
    e9dc:	3c000002          	sfpnop

0000e9e0 <.LBB8707>:
    e9e0:	48000246          	sfpswap	L9,L0,1
    e9e4:	3c000002          	sfpnop

0000e9e8 <.LBB8709>:
    e9e8:	dc000041          	sfpexexp	L1,L0,0

0000e9ec <.LBB8713>:
    e9ec:	e0000001          	sfpexman	L0,L0,0

0000e9f0 <.LBB8715>:
    e9f0:	e8000401          	sfpshft	L0,L1,0x000,0

0000e9f4 <.LBB8717>:
    e9f4:	dc000045          	sfpexexp	L1,L0,1

0000e9f8 <.LBB8719>:
    e9f8:	e0000005          	sfpexman	L0,L0,1

0000e9fc <.LBB8721>:
    e9fc:	40000002          	sfpcast	L0,L0,0

0000ea00 <.LBB8723>:
    ea00:	10037882          	sfpmad	L2,L0,L13,L14,0

0000ea04 <.LBB8726>:
    ea04:	c0c38659          	sfpload	L3,406,0,7

0000ea08 <.LBB8732>:
    ea08:	10008c02          	sfpmad	L0,L0,L2,L3,0

0000ea0c <.LBB8735>:
    ea0c:	08000042          	sfpsetexp	L1,L0,0x000,0

0000ea10 <.LBB8737>:
    ea10:	c0038629          	sfpload	L0,394,0,7

0000ea14 <.LBB8743>:
    ea14:	18006402          	sfpmul	L0,L0,L1,L9,0

0000ea18 <.LBB8746>:
    ea18:	c0438661          	sfpload	L1,408,0,7

0000ea1c <.LBB8752>:
    ea1c:	48000406          	sfpswap	L0,L1,1
    ea20:	3c000002          	sfpnop

0000ea24 <.LBB8754>:
    ea24:	c0438631          	sfpload	L1,396,0,7

0000ea28 <.LBB8761>:
    ea28:	1006c042          	sfpmad	L1,L1,L11,L0,0
    ea2c:	ec000401          	sfpsetcc	L1,0x000,0

0000ea30 <.LBB8765>:
    ea30:	f0002401          	sfpmov	L0,L9,0

0000ea34 <.LBB8768>:
    ea34:	2800c02a          	sfpencc	0x003,10

0000ea38 <.LBB8771>:
    ea38:	c08383e1          	sfpload	L2,248,0,7

0000ea3c <.LBB8777>:
    ea3c:	1800a442          	sfpmul	L1,L0,L2,L9,0

0000ea40 <.LBB8780>:
    ea40:	c10380e1          	sfpload	L4,56,0,7

0000ea44 <.LBB8786>:
    ea44:	c0c38639          	sfpload	L3,398,0,7

0000ea48 <.LBB8792>:
    ea48:	1004d0c2          	sfpmad	L3,L1,L3,L4,0

0000ea4c <.LBB8795>:
    ea4c:	c8c380e1          	sfpstore	L3,56,0,7

0000ea50 <.LBB8801>:
    ea50:	c10381e1          	sfpload	L4,120,0,7

0000ea54 <.LBB8807>:
    ea54:	c0c38641          	sfpload	L3,400,0,7

0000ea58 <.LBB8813>:
    ea58:	1004d0c2          	sfpmad	L3,L1,L3,L4,0

0000ea5c <.LBB8816>:
    ea5c:	c8c381e1          	sfpstore	L3,120,0,7

0000ea60 <.LBB8822>:
    ea60:	c10382e1          	sfpload	L4,184,0,7

0000ea64 <.LBB8828>:
    ea64:	c0c38649          	sfpload	L3,402,0,7

0000ea68 <.LBB8834>:
    ea68:	1004d042          	sfpmad	L1,L1,L3,L4,0

0000ea6c <.LBB8837>:
    ea6c:	c84382e1          	sfpstore	L1,184,0,7

0000ea70 <.LBB8843>:
    ea70:	142a800a          	sfpadd	L0,L10,L10,L0,2

0000ea74 <.LBB8846>:
    ea74:	18082402          	sfpmul	L0,L2,L0,L9,0

0000ea78 <.LBB8849>:
    ea78:	c80383e1          	sfpstore	L0,248,0,7

0000ea7c <.LBE8628>:
    ea7c:	00078067          	jr	a5

0000ea80 <.L21>:
    ea80:	c08384e1          	sfpload	L2,312,0,7

0000ea84 <.LBB8864>:
    ea84:	c04385e1          	sfpload	L1,376,0,7

0000ea88 <.LBB8870>:
    ea88:	c1038611          	sfpload	L4,388,0,7

0000ea8c <.LBB8876>:
    ea8c:	c0c38619          	sfpload	L3,390,0,7

0000ea90 <.LBB8882>:
    ea90:	c0038621          	sfpload	L0,392,0,7

0000ea94 <.LBB8888>:
    ea94:	c1838601          	sfpload	L6,384,0,7

0000ea98 <.LBB8894>:
    ea98:	c1438609          	sfpload	L5,386,0,7

0000ea9c <.LBB8900>:
    ea9c:	1428988a          	sfpadd	L2,L10,L2,L6,2

0000eaa0 <.LBB8903>:
    eaa0:	1428544a          	sfpadd	L1,L10,L1,L5,2

0000eaa4 <.LBB8906>:
    eaa4:	1808a542          	sfpmul	L5,L2,L2,L9,0

0000eaa8 <.LBB8909>:
    eaa8:	18116502          	sfpmul	L4,L4,L5,L9,0

0000eaac <.LBB8912>:
    eaac:	18086482          	sfpmul	L2,L2,L1,L9,0

0000eab0 <.LBB8915>:
    eab0:	100c9082          	sfpmad	L2,L3,L2,L4,0

0000eab4 <.LBB8918>:
    eab4:	18046442          	sfpmul	L1,L1,L1,L9,0

0000eab8 <.LBB8921>:
    eab8:	10004802          	sfpmad	L0,L0,L1,L2,0
    eabc:	3c000002          	sfpnop

0000eac0 <.LBB8924>:
    eac0:	48002406          	sfpswap	L0,L9,1
    eac4:	3c000002          	sfpnop

0000eac8 <.LBB8926>:
    eac8:	18032402          	sfpmul	L0,L0,L12,L9,0

0000eacc <.LBB8931>:
    eacc:	d50bf801          	sfpaddi	L0,17150,0
    ead0:	3c000002          	sfpnop

0000ead4 <.LBB8934>:
    ead4:	48000246          	sfpswap	L9,L0,1
    ead8:	3c000002          	sfpnop

0000eadc <.LBB8936>:
    eadc:	dc000041          	sfpexexp	L1,L0,0

0000eae0 <.LBB8940>:
    eae0:	e0000001          	sfpexman	L0,L0,0

0000eae4 <.LBB8942>:
    eae4:	e8000401          	sfpshft	L0,L1,0x000,0

0000eae8 <.LBB8944>:
    eae8:	dc000045          	sfpexexp	L1,L0,1

0000eaec <.LBB8946>:
    eaec:	e0000005          	sfpexman	L0,L0,1

0000eaf0 <.LBB8948>:
    eaf0:	40000002          	sfpcast	L0,L0,0

0000eaf4 <.LBB8950>:
    eaf4:	10037882          	sfpmad	L2,L0,L13,L14,0

0000eaf8 <.LBB8953>:
    eaf8:	c0c38659          	sfpload	L3,406,0,7

0000eafc <.LBB8959>:
    eafc:	10008c02          	sfpmad	L0,L0,L2,L3,0

0000eb00 <.LBB8962>:
    eb00:	08000042          	sfpsetexp	L1,L0,0x000,0

0000eb04 <.LBB8964>:
    eb04:	c0038629          	sfpload	L0,394,0,7

0000eb08 <.LBB8970>:
    eb08:	18006402          	sfpmul	L0,L0,L1,L9,0

0000eb0c <.LBB8973>:
    eb0c:	c0438661          	sfpload	L1,408,0,7

0000eb10 <.LBB8979>:
    eb10:	48000406          	sfpswap	L0,L1,1
    eb14:	3c000002          	sfpnop

0000eb18 <.LBB8981>:
    eb18:	c0438631          	sfpload	L1,396,0,7

0000eb1c <.LBB8988>:
    eb1c:	1006c042          	sfpmad	L1,L1,L11,L0,0
    eb20:	ec000401          	sfpsetcc	L1,0x000,0

0000eb24 <.LBB8992>:
    eb24:	f0002401          	sfpmov	L0,L9,0

0000eb28 <.LBB8995>:
    eb28:	2800c02a          	sfpencc	0x003,10

0000eb2c <.LBB8998>:
    eb2c:	c08383e1          	sfpload	L2,248,0,7

0000eb30 <.LBB9004>:
    eb30:	1800a442          	sfpmul	L1,L0,L2,L9,0

0000eb34 <.LBB9007>:
    eb34:	c10380e1          	sfpload	L4,56,0,7

0000eb38 <.LBB9013>:
    eb38:	c0c38639          	sfpload	L3,398,0,7

0000eb3c <.LBB9019>:
    eb3c:	1004d0c2          	sfpmad	L3,L1,L3,L4,0

0000eb40 <.LBB9022>:
    eb40:	c8c380e1          	sfpstore	L3,56,0,7

0000eb44 <.LBB9028>:
    eb44:	c10381e1          	sfpload	L4,120,0,7

0000eb48 <.LBB9034>:
    eb48:	c0c38641          	sfpload	L3,400,0,7

0000eb4c <.LBB9040>:
    eb4c:	1004d0c2          	sfpmad	L3,L1,L3,L4,0

0000eb50 <.LBB9043>:
    eb50:	c8c381e1          	sfpstore	L3,120,0,7

0000eb54 <.LBB9049>:
    eb54:	c10382e1          	sfpload	L4,184,0,7

0000eb58 <.LBB9055>:
    eb58:	c0c38649          	sfpload	L3,402,0,7

0000eb5c <.LBB9061>:
    eb5c:	1004d042          	sfpmad	L1,L1,L3,L4,0

0000eb60 <.LBB9064>:
    eb60:	c84382e1          	sfpstore	L1,184,0,7

0000eb64 <.LBB9070>:
    eb64:	142a800a          	sfpadd	L0,L10,L10,L0,2

0000eb68 <.LBB9073>:
    eb68:	18082402          	sfpmul	L0,L2,L0,L9,0

0000eb6c <.LBB9076>:
    eb6c:	c80383e1          	sfpstore	L0,248,0,7

0000eb70 <.LBE8625>:
    eb70:	00008067          	ret

0000eb74 <_ZN12_GLOBAL__N_1L16blend_chain_bodyILm14ELm2EEEvmPKNS_15BlendChainEntryE.lto_priv.0>:
    eb74:	01e55793          	srli	a5,a0,0x1e

0000eb78 <.LM1001>:
    eb78:	10078063          	beqz	a5,ec78 <.L26>

0000eb7c <.LBB10516>:
    eb7c:	20b7c7b3          	sh2add	a5,a5,a1

0000eb80 <.LM1008>:
    eb80:	0f07a783          	lw	a5,240(a5)

0000eb84 <.LBB10518>:
    eb84:	c08384e9          	sfpload	L2,314,0,7

0000eb88 <.LBB10527>:
    eb88:	c04385e9          	sfpload	L1,378,0,7

0000eb8c <.LBB10533>:
    eb8c:	c1038611          	sfpload	L4,388,0,7

0000eb90 <.LBB10539>:
    eb90:	c0c38619          	sfpload	L3,390,0,7

0000eb94 <.LBB10545>:
    eb94:	c0038621          	sfpload	L0,392,0,7

0000eb98 <.LBB10551>:
    eb98:	c1838601          	sfpload	L6,384,0,7

0000eb9c <.LBB10557>:
    eb9c:	c1438609          	sfpload	L5,386,0,7

0000eba0 <.LBB10563>:
    eba0:	1428988a          	sfpadd	L2,L10,L2,L6,2

0000eba4 <.LBB10566>:
    eba4:	1428544a          	sfpadd	L1,L10,L1,L5,2

0000eba8 <.LBB10569>:
    eba8:	1808a542          	sfpmul	L5,L2,L2,L9,0

0000ebac <.LBB10572>:
    ebac:	18116502          	sfpmul	L4,L4,L5,L9,0

0000ebb0 <.LBB10575>:
    ebb0:	18086482          	sfpmul	L2,L2,L1,L9,0

0000ebb4 <.LBB10578>:
    ebb4:	100c9082          	sfpmad	L2,L3,L2,L4,0

0000ebb8 <.LBB10581>:
    ebb8:	18046442          	sfpmul	L1,L1,L1,L9,0

0000ebbc <.LBB10584>:
    ebbc:	10004802          	sfpmad	L0,L0,L1,L2,0
    ebc0:	3c000002          	sfpnop

0000ebc4 <.LBB10587>:
    ebc4:	48002406          	sfpswap	L0,L9,1
    ebc8:	3c000002          	sfpnop

0000ebcc <.LBB10589>:
    ebcc:	18032402          	sfpmul	L0,L0,L12,L9,0

0000ebd0 <.LBB10594>:
    ebd0:	d50bf801          	sfpaddi	L0,17150,0
    ebd4:	3c000002          	sfpnop

0000ebd8 <.LBB10597>:
    ebd8:	48000246          	sfpswap	L9,L0,1
    ebdc:	3c000002          	sfpnop

0000ebe0 <.LBB10599>:
    ebe0:	dc000041          	sfpexexp	L1,L0,0

0000ebe4 <.LBB10603>:
    ebe4:	e0000001          	sfpexman	L0,L0,0

0000ebe8 <.LBB10605>:
    ebe8:	e8000401          	sfpshft	L0,L1,0x000,0

0000ebec <.LBB10607>:
    ebec:	dc000045          	sfpexexp	L1,L0,1

0000ebf0 <.LBB10609>:
    ebf0:	e0000005          	sfpexman	L0,L0,1

0000ebf4 <.LBB10611>:
    ebf4:	40000002          	sfpcast	L0,L0,0

0000ebf8 <.LBB10613>:
    ebf8:	10037882          	sfpmad	L2,L0,L13,L14,0

0000ebfc <.LBB10616>:
    ebfc:	c0c38659          	sfpload	L3,406,0,7

0000ec00 <.LBB10622>:
    ec00:	10008c02          	sfpmad	L0,L0,L2,L3,0

0000ec04 <.LBB10625>:
    ec04:	08000042          	sfpsetexp	L1,L0,0x000,0

0000ec08 <.LBB10627>:
    ec08:	c0038629          	sfpload	L0,394,0,7

0000ec0c <.LBB10633>:
    ec0c:	18006402          	sfpmul	L0,L0,L1,L9,0

0000ec10 <.LBB10636>:
    ec10:	c0438661          	sfpload	L1,408,0,7

0000ec14 <.LBB10642>:
    ec14:	48000406          	sfpswap	L0,L1,1
    ec18:	3c000002          	sfpnop

0000ec1c <.LBB10644>:
    ec1c:	c0438631          	sfpload	L1,396,0,7

0000ec20 <.LBB10651>:
    ec20:	1006c042          	sfpmad	L1,L1,L11,L0,0
    ec24:	ec000401          	sfpsetcc	L1,0x000,0

0000ec28 <.LBB10655>:
    ec28:	f0002401          	sfpmov	L0,L9,0

0000ec2c <.LBB10658>:
    ec2c:	2800c02a          	sfpencc	0x003,10

0000ec30 <.LBB10661>:
    ec30:	c08383e9          	sfpload	L2,250,0,7

0000ec34 <.LBB10667>:
    ec34:	1800a442          	sfpmul	L1,L0,L2,L9,0

0000ec38 <.LBB10670>:
    ec38:	c10380e9          	sfpload	L4,58,0,7

0000ec3c <.LBB10676>:
    ec3c:	c0c38639          	sfpload	L3,398,0,7

0000ec40 <.LBB10682>:
    ec40:	1004d0c2          	sfpmad	L3,L1,L3,L4,0

0000ec44 <.LBB10685>:
    ec44:	c8c380e9          	sfpstore	L3,58,0,7

0000ec48 <.LBB10691>:
    ec48:	c10381e9          	sfpload	L4,122,0,7

0000ec4c <.LBB10697>:
    ec4c:	c0c38641          	sfpload	L3,400,0,7

0000ec50 <.LBB10703>:
    ec50:	1004d0c2          	sfpmad	L3,L1,L3,L4,0

0000ec54 <.LBB10706>:
    ec54:	c8c381e9          	sfpstore	L3,122,0,7

0000ec58 <.LBB10712>:
    ec58:	c10382e9          	sfpload	L4,186,0,7

0000ec5c <.LBB10718>:
    ec5c:	c0c38649          	sfpload	L3,402,0,7

0000ec60 <.LBB10724>:
    ec60:	1004d042          	sfpmad	L1,L1,L3,L4,0

0000ec64 <.LBB10727>:
    ec64:	c84382e9          	sfpstore	L1,186,0,7

0000ec68 <.LBB10733>:
    ec68:	142a800a          	sfpadd	L0,L10,L10,L0,2

0000ec6c <.LBB10736>:
    ec6c:	18082402          	sfpmul	L0,L2,L0,L9,0

0000ec70 <.LBB10739>:
    ec70:	c80383e9          	sfpstore	L0,250,0,7

0000ec74 <.LBE10518>:
    ec74:	00078067          	jr	a5

0000ec78 <.L26>:
    ec78:	c08384e9          	sfpload	L2,314,0,7

0000ec7c <.LBB10754>:
    ec7c:	c04385e9          	sfpload	L1,378,0,7

0000ec80 <.LBB10760>:
    ec80:	c1038611          	sfpload	L4,388,0,7

0000ec84 <.LBB10766>:
    ec84:	c0c38619          	sfpload	L3,390,0,7

0000ec88 <.LBB10772>:
    ec88:	c0038621          	sfpload	L0,392,0,7

0000ec8c <.LBB10778>:
    ec8c:	c1838601          	sfpload	L6,384,0,7

0000ec90 <.LBB10784>:
    ec90:	c1438609          	sfpload	L5,386,0,7

0000ec94 <.LBB10790>:
    ec94:	1428988a          	sfpadd	L2,L10,L2,L6,2

0000ec98 <.LBB10793>:
    ec98:	1428544a          	sfpadd	L1,L10,L1,L5,2

0000ec9c <.LBB10796>:
    ec9c:	1808a542          	sfpmul	L5,L2,L2,L9,0

0000eca0 <.LBB10799>:
    eca0:	18116502          	sfpmul	L4,L4,L5,L9,0

0000eca4 <.LBB10802>:
    eca4:	18086482          	sfpmul	L2,L2,L1,L9,0

0000eca8 <.LBB10805>:
    eca8:	100c9082          	sfpmad	L2,L3,L2,L4,0

0000ecac <.LBB10808>:
    ecac:	18046442          	sfpmul	L1,L1,L1,L9,0

0000ecb0 <.LBB10811>:
    ecb0:	10004802          	sfpmad	L0,L0,L1,L2,0
    ecb4:	3c000002          	sfpnop

0000ecb8 <.LBB10814>:
    ecb8:	48002406          	sfpswap	L0,L9,1
    ecbc:	3c000002          	sfpnop

0000ecc0 <.LBB10816>:
    ecc0:	18032402          	sfpmul	L0,L0,L12,L9,0

0000ecc4 <.LBB10821>:
    ecc4:	d50bf801          	sfpaddi	L0,17150,0
    ecc8:	3c000002          	sfpnop

0000eccc <.LBB10824>:
    eccc:	48000246          	sfpswap	L9,L0,1
    ecd0:	3c000002          	sfpnop

0000ecd4 <.LBB10826>:
    ecd4:	dc000041          	sfpexexp	L1,L0,0

0000ecd8 <.LBB10830>:
    ecd8:	e0000001          	sfpexman	L0,L0,0

0000ecdc <.LBB10832>:
    ecdc:	e8000401          	sfpshft	L0,L1,0x000,0

0000ece0 <.LBB10834>:
    ece0:	dc000045          	sfpexexp	L1,L0,1

0000ece4 <.LBB10836>:
    ece4:	e0000005          	sfpexman	L0,L0,1

0000ece8 <.LBB10838>:
    ece8:	40000002          	sfpcast	L0,L0,0

0000ecec <.LBB10840>:
    ecec:	10037882          	sfpmad	L2,L0,L13,L14,0

0000ecf0 <.LBB10843>:
    ecf0:	c0c38659          	sfpload	L3,406,0,7

0000ecf4 <.LBB10849>:
    ecf4:	10008c02          	sfpmad	L0,L0,L2,L3,0

0000ecf8 <.LBB10852>:
    ecf8:	08000042          	sfpsetexp	L1,L0,0x000,0

0000ecfc <.LBB10854>:
    ecfc:	c0038629          	sfpload	L0,394,0,7

0000ed00 <.LBB10860>:
    ed00:	18006402          	sfpmul	L0,L0,L1,L9,0

0000ed04 <.LBB10863>:
    ed04:	c0438661          	sfpload	L1,408,0,7

0000ed08 <.LBB10869>:
    ed08:	48000406          	sfpswap	L0,L1,1
    ed0c:	3c000002          	sfpnop

0000ed10 <.LBB10871>:
    ed10:	c0438631          	sfpload	L1,396,0,7

0000ed14 <.LBB10878>:
    ed14:	1006c042          	sfpmad	L1,L1,L11,L0,0
    ed18:	ec000401          	sfpsetcc	L1,0x000,0

0000ed1c <.LBB10882>:
    ed1c:	f0002401          	sfpmov	L0,L9,0

0000ed20 <.LBB10885>:
    ed20:	2800c02a          	sfpencc	0x003,10

0000ed24 <.LBB10888>:
    ed24:	c08383e9          	sfpload	L2,250,0,7

0000ed28 <.LBB10894>:
    ed28:	1800a442          	sfpmul	L1,L0,L2,L9,0

0000ed2c <.LBB10897>:
    ed2c:	c10380e9          	sfpload	L4,58,0,7

0000ed30 <.LBB10903>:
    ed30:	c0c38639          	sfpload	L3,398,0,7

0000ed34 <.LBB10909>:
    ed34:	1004d0c2          	sfpmad	L3,L1,L3,L4,0

0000ed38 <.LBB10912>:
    ed38:	c8c380e9          	sfpstore	L3,58,0,7

0000ed3c <.LBB10918>:
    ed3c:	c10381e9          	sfpload	L4,122,0,7

0000ed40 <.LBB10924>:
    ed40:	c0c38641          	sfpload	L3,400,0,7

0000ed44 <.LBB10930>:
    ed44:	1004d0c2          	sfpmad	L3,L1,L3,L4,0

0000ed48 <.LBB10933>:
    ed48:	c8c381e9          	sfpstore	L3,122,0,7

0000ed4c <.LBB10939>:
    ed4c:	c10382e9          	sfpload	L4,186,0,7

0000ed50 <.LBB10945>:
    ed50:	c0c38649          	sfpload	L3,402,0,7

0000ed54 <.LBB10951>:
    ed54:	1004d042          	sfpmad	L1,L1,L3,L4,0

0000ed58 <.LBB10954>:
    ed58:	c84382e9          	sfpstore	L1,186,0,7

0000ed5c <.LBB10960>:
    ed5c:	142a800a          	sfpadd	L0,L10,L10,L0,2

0000ed60 <.LBB10963>:
    ed60:	18082402          	sfpmul	L0,L2,L0,L9,0

0000ed64 <.LBB10966>:
    ed64:	c80383e9          	sfpstore	L0,250,0,7

0000ed68 <.LBE10515>:
    ed68:	00008067          	ret

0000ed6c <_ZN12_GLOBAL__N_1L16blend_chain_bodyILm14ELm3EEEvmPKNS_15BlendChainEntryE.lto_priv.0>:
    ed6c:	01e55793          	srli	a5,a0,0x1e

0000ed70 <.LM1209>:
    ed70:	1a078c63          	beqz	a5,ef28 <.L31>

0000ed74 <.LBB13612>:
    ed74:	20b7c7b3          	sh2add	a5,a5,a1

0000ed78 <.LM1216>:
    ed78:	0f07a783          	lw	a5,240(a5)

0000ed7c <.LBB13614>:
    ed7c:	c0038601          	sfpload	L0,384,0,7

0000ed80 <.LBB13623>:
    ed80:	c1038609          	sfpload	L4,386,0,7

0000ed84 <.LBB13629>:
    ed84:	c08384e1          	sfpload	L2,312,0,7

0000ed88 <.LBB13635>:
    ed88:	1428808a          	sfpadd	L2,L10,L2,L0,2

0000ed8c <.LBB13638>:
    ed8c:	c04384e9          	sfpload	L1,314,0,7

0000ed90 <.LBB13644>:
    ed90:	1428404a          	sfpadd	L1,L10,L1,L0,2

0000ed94 <.LBB13647>:
    ed94:	c00385e1          	sfpload	L0,376,0,7

0000ed98 <.LBB13653>:
    ed98:	1428100a          	sfpadd	L0,L10,L0,L4,2

0000ed9c <.LBB13656>:
    ed9c:	c0c385e9          	sfpload	L3,378,0,7

0000eda0 <.LBB13662>:
    eda0:	1428d0ca          	sfpadd	L3,L10,L3,L4,2

0000eda4 <.LBB13665>:
    eda4:	c1438611          	sfpload	L5,388,0,7

0000eda8 <.LBB13671>:
    eda8:	1808a582          	sfpmul	L6,L2,L2,L9,0

0000edac <.LBB13674>:
    edac:	1815a582          	sfpmul	L6,L5,L6,L9,0

0000edb0 <.LBB13677>:
    edb0:	18046502          	sfpmul	L4,L1,L1,L9,0

0000edb4 <.LBB13680>:
    edb4:	18152542          	sfpmul	L5,L5,L4,L9,0

0000edb8 <.LBB13683>:
    edb8:	c1038619          	sfpload	L4,390,0,7

0000edbc <.LBB13689>:
    edbc:	18082482          	sfpmul	L2,L2,L0,L9,0

0000edc0 <.LBB13692>:
    edc0:	10109882          	sfpmad	L2,L4,L2,L6,0

0000edc4 <.LBB13695>:
    edc4:	1804e442          	sfpmul	L1,L1,L3,L9,0

0000edc8 <.LBB13698>:
    edc8:	10105502          	sfpmad	L4,L4,L1,L5,0

0000edcc <.LBB13701>:
    edcc:	c0438621          	sfpload	L1,392,0,7

0000edd0 <.LBB13707>:
    edd0:	18002402          	sfpmul	L0,L0,L0,L9,0

0000edd4 <.LBB13710>:
    edd4:	10040802          	sfpmad	L0,L1,L0,L2,0

0000edd8 <.LBB13713>:
    edd8:	180ce4c2          	sfpmul	L3,L3,L3,L9,0

0000eddc <.LBB13716>:
    eddc:	1004d042          	sfpmad	L1,L1,L3,L4,0

0000ede0 <.LBB13719>:
    ede0:	48002406          	sfpswap	L0,L9,1
    ede4:	3c000002          	sfpnop

0000ede8 <.LBB13721>:
    ede8:	48002446          	sfpswap	L1,L9,1
    edec:	3c000002          	sfpnop

0000edf0 <.LBB13723>:
    edf0:	18032402          	sfpmul	L0,L0,L12,L9,0

0000edf4 <.LBB13728>:
    edf4:	d50bf801          	sfpaddi	L0,17150,0
    edf8:	3c000002          	sfpnop

0000edfc <.LBB13731>:
    edfc:	48000246          	sfpswap	L9,L0,1
    ee00:	3c000002          	sfpnop

0000ee04 <.LBB13733>:
    ee04:	dc000081          	sfpexexp	L2,L0,0

0000ee08 <.LBB13737>:
    ee08:	e0000001          	sfpexman	L0,L0,0

0000ee0c <.LBB13739>:
    ee0c:	e8000801          	sfpshft	L0,L2,0x000,0

0000ee10 <.LBB13741>:
    ee10:	dc000085          	sfpexexp	L2,L0,1

0000ee14 <.LBB13743>:
    ee14:	1000014c          	ttreplay	0,5,1,1
    ee18:	e0000005          	sfpexman	L0,L0,1

0000ee1c <.LBB13745>:
    ee1c:	40000002          	sfpcast	L0,L0,0

0000ee20 <.LBB13747>:
    ee20:	100378c2          	sfpmad	L3,L0,L13,L14,0

0000ee24 <.LBB13750>:
    ee24:	c1038659          	sfpload	L4,406,0,7

0000ee28 <.LBB13756>:
    ee28:	1000d002          	sfpmad	L0,L0,L3,L4,0

0000ee2c <.LBB13759>:
    ee2c:	08000082          	sfpsetexp	L2,L0,0x000,0

0000ee30 <.LBB13761>:
    ee30:	18072442          	sfpmul	L1,L1,L12,L9,0

0000ee34 <.LBB13766>:
    ee34:	d50bf841          	sfpaddi	L1,17150,0
    ee38:	3c000002          	sfpnop

0000ee3c <.LBB13769>:
    ee3c:	48000646          	sfpswap	L9,L1,1
    ee40:	3c000002          	sfpnop

0000ee44 <.LBB13771>:
    ee44:	dc0004c1          	sfpexexp	L3,L1,0

0000ee48 <.LBB13775>:
    ee48:	e0000401          	sfpexman	L0,L1,0

0000ee4c <.LBB13777>:
    ee4c:	e8000c01          	sfpshft	L0,L3,0x000,0

0000ee50 <.LBB13779>:
    ee50:	dc000045          	sfpexexp	L1,L0,1

0000ee54 <.LBB13781>:
    ee54:	10000140          	ttreplay	0,5,0,0

0000ee58 <.LBB13784>:
    ee58:	08000042          	sfpsetexp	L1,L0,0x000,0

0000ee5c <.LBB13786>:
    ee5c:	c0038629          	sfpload	L0,394,0,7

0000ee60 <.LBB13792>:
    ee60:	1800a482          	sfpmul	L2,L0,L2,L9,0

0000ee64 <.LBB13795>:
    ee64:	18006402          	sfpmul	L0,L0,L1,L9,0

0000ee68 <.LBB13798>:
    ee68:	c0c38661          	sfpload	L3,408,0,7

0000ee6c <.LBB13804>:
    ee6c:	c0438661          	sfpload	L1,408,0,7

0000ee70 <.LBB13810>:
    ee70:	48000c86          	sfpswap	L2,L3,1
    ee74:	3c000002          	sfpnop

0000ee78 <.LBB13812>:
    ee78:	48000406          	sfpswap	L0,L1,1
    ee7c:	3c000002          	sfpnop

0000ee80 <.LBB13814>:
    ee80:	c0438631          	sfpload	L1,396,0,7

0000ee84 <.LBB13821>:
    ee84:	1006c842          	sfpmad	L1,L1,L11,L2,0
    ee88:	ec000401          	sfpsetcc	L1,0x000,0

0000ee8c <.LBB13825>:
    ee8c:	f0002481          	sfpmov	L2,L9,0

0000ee90 <.LBB13828>:
    ee90:	2800c02a          	sfpencc	0x003,10

0000ee94 <.LBB13831>:
    ee94:	c0438631          	sfpload	L1,396,0,7

0000ee98 <.LBB13838>:
    ee98:	1006c042          	sfpmad	L1,L1,L11,L0,0
    ee9c:	ec000401          	sfpsetcc	L1,0x000,0

0000eea0 <.LBB13842>:
    eea0:	f0002401          	sfpmov	L0,L9,0

0000eea4 <.LBB13845>:
    eea4:	2800c02a          	sfpencc	0x003,10

0000eea8 <.LBB13848>:
    eea8:	c14383e1          	sfpload	L5,248,0,7

0000eeac <.LBB13854>:
    eeac:	c10383e9          	sfpload	L4,250,0,7

0000eeb0 <.LBB13860>:
    eeb0:	180964c2          	sfpmul	L3,L2,L5,L9,0

0000eeb4 <.LBB13863>:
    eeb4:	18012442          	sfpmul	L1,L0,L4,L9,0

0000eeb8 <.LBB13866>:
    eeb8:	c1838639          	sfpload	L6,398,0,7

0000eebc <.LBB13872>:
    eebc:	c1c380e1          	sfpload	L7,56,0,7

0000eec0 <.LBB13878>:
    eec0:	100d9dc2          	sfpmad	L7,L3,L6,L7,0

0000eec4 <.LBB13881>:
    eec4:	c9c380e1          	sfpstore	L7,56,0,7

0000eec8 <.LBB13887>:
    eec8:	c1c380e9          	sfpload	L7,58,0,7

0000eecc <.LBB13893>:
    eecc:	10059d82          	sfpmad	L6,L1,L6,L7,0

0000eed0 <.LBB13896>:
    eed0:	c98380e9          	sfpstore	L6,58,0,7

0000eed4 <.LBB13902>:
    eed4:	c1838641          	sfpload	L6,400,0,7

0000eed8 <.LBB13908>:
    eed8:	c1c381e1          	sfpload	L7,120,0,7

0000eedc <.LBB13914>:
    eedc:	100d9dc2          	sfpmad	L7,L3,L6,L7,0

0000eee0 <.LBB13917>:
    eee0:	c9c381e1          	sfpstore	L7,120,0,7

0000eee4 <.LBB13923>:
    eee4:	c1c381e9          	sfpload	L7,122,0,7

0000eee8 <.LBB13929>:
    eee8:	10059d82          	sfpmad	L6,L1,L6,L7,0

0000eeec <.LBB13932>:
    eeec:	c98381e9          	sfpstore	L6,122,0,7

0000eef0 <.LBB13938>:
    eef0:	c1838649          	sfpload	L6,402,0,7

0000eef4 <.LBB13944>:
    eef4:	c1c382e1          	sfpload	L7,184,0,7

0000eef8 <.LBB13950>:
    eef8:	100d9cc2          	sfpmad	L3,L3,L6,L7,0

0000eefc <.LBB13953>:
    eefc:	c8c382e1          	sfpstore	L3,184,0,7

0000ef00 <.LBB13959>:
    ef00:	c0c382e9          	sfpload	L3,186,0,7

0000ef04 <.LBB13965>:
    ef04:	10058c42          	sfpmad	L1,L1,L6,L3,0

0000ef08 <.LBB13968>:
    ef08:	c84382e9          	sfpstore	L1,186,0,7

0000ef0c <.LBB13974>:
    ef0c:	142a888a          	sfpadd	L2,L10,L10,L2,2

0000ef10 <.LBB13977>:
    ef10:	1814a542          	sfpmul	L5,L5,L2,L9,0

0000ef14 <.LBB13980>:
    ef14:	c94383e1          	sfpstore	L5,248,0,7

0000ef18 <.LBB13986>:
    ef18:	142a800a          	sfpadd	L0,L10,L10,L0,2

0000ef1c <.LBB13989>:
    ef1c:	18102402          	sfpmul	L0,L4,L0,L9,0

0000ef20 <.LBB13992>:
    ef20:	c80383e9          	sfpstore	L0,250,0,7

0000ef24 <.LBE13614>:
    ef24:	00078067          	jr	a5

0000ef28 <.L31>:
    ef28:	c0038601          	sfpload	L0,384,0,7

0000ef2c <.LBB14007>:
    ef2c:	c1038609          	sfpload	L4,386,0,7

0000ef30 <.LBB14013>:
    ef30:	c08384e1          	sfpload	L2,312,0,7

0000ef34 <.LBB14019>:
    ef34:	1428808a          	sfpadd	L2,L10,L2,L0,2

0000ef38 <.LBB14022>:
    ef38:	c04384e9          	sfpload	L1,314,0,7

0000ef3c <.LBB14028>:
    ef3c:	1428404a          	sfpadd	L1,L10,L1,L0,2

0000ef40 <.LBB14031>:
    ef40:	c00385e1          	sfpload	L0,376,0,7

0000ef44 <.LBB14037>:
    ef44:	1428100a          	sfpadd	L0,L10,L0,L4,2

0000ef48 <.LBB14040>:
    ef48:	c0c385e9          	sfpload	L3,378,0,7

0000ef4c <.LBB14046>:
    ef4c:	1428d0ca          	sfpadd	L3,L10,L3,L4,2

0000ef50 <.LBB14049>:
    ef50:	c1438611          	sfpload	L5,388,0,7

0000ef54 <.LBB14055>:
    ef54:	1808a582          	sfpmul	L6,L2,L2,L9,0

0000ef58 <.LBB14058>:
    ef58:	1815a582          	sfpmul	L6,L5,L6,L9,0

0000ef5c <.LBB14061>:
    ef5c:	18046502          	sfpmul	L4,L1,L1,L9,0

0000ef60 <.LBB14064>:
    ef60:	18152542          	sfpmul	L5,L5,L4,L9,0

0000ef64 <.LBB14067>:
    ef64:	c1038619          	sfpload	L4,390,0,7

0000ef68 <.LBB14073>:
    ef68:	18082482          	sfpmul	L2,L2,L0,L9,0

0000ef6c <.LBB14076>:
    ef6c:	10109882          	sfpmad	L2,L4,L2,L6,0

0000ef70 <.LBB14079>:
    ef70:	1804e442          	sfpmul	L1,L1,L3,L9,0

0000ef74 <.LBB14082>:
    ef74:	10105502          	sfpmad	L4,L4,L1,L5,0

0000ef78 <.LBB14085>:
    ef78:	c0438621          	sfpload	L1,392,0,7

0000ef7c <.LBB14091>:
    ef7c:	18002402          	sfpmul	L0,L0,L0,L9,0

0000ef80 <.LBB14094>:
    ef80:	10040802          	sfpmad	L0,L1,L0,L2,0

0000ef84 <.LBB14097>:
    ef84:	180ce4c2          	sfpmul	L3,L3,L3,L9,0

0000ef88 <.LBB14100>:
    ef88:	1004d042          	sfpmad	L1,L1,L3,L4,0

0000ef8c <.LBB14103>:
    ef8c:	48002406          	sfpswap	L0,L9,1
    ef90:	3c000002          	sfpnop

0000ef94 <.LBB14105>:
    ef94:	48002446          	sfpswap	L1,L9,1
    ef98:	3c000002          	sfpnop

0000ef9c <.LBB14107>:
    ef9c:	18032402          	sfpmul	L0,L0,L12,L9,0

0000efa0 <.LBB14112>:
    efa0:	d50bf801          	sfpaddi	L0,17150,0
    efa4:	3c000002          	sfpnop

0000efa8 <.LBB14115>:
    efa8:	48000246          	sfpswap	L9,L0,1
    efac:	3c000002          	sfpnop

0000efb0 <.LBB14117>:
    efb0:	dc000081          	sfpexexp	L2,L0,0

0000efb4 <.LBB14121>:
    efb4:	e0000001          	sfpexman	L0,L0,0

0000efb8 <.LBB14123>:
    efb8:	e8000801          	sfpshft	L0,L2,0x000,0

0000efbc <.LBB14125>:
    efbc:	dc000085          	sfpexexp	L2,L0,1

0000efc0 <.LBB14127>:
    efc0:	1000014c          	ttreplay	0,5,1,1
    efc4:	e0000005          	sfpexman	L0,L0,1

0000efc8 <.LBB14129>:
    efc8:	40000002          	sfpcast	L0,L0,0

0000efcc <.LBB14131>:
    efcc:	100378c2          	sfpmad	L3,L0,L13,L14,0

0000efd0 <.LBB14134>:
    efd0:	c1038659          	sfpload	L4,406,0,7

0000efd4 <.LBB14140>:
    efd4:	1000d002          	sfpmad	L0,L0,L3,L4,0

0000efd8 <.LBB14143>:
    efd8:	08000082          	sfpsetexp	L2,L0,0x000,0

0000efdc <.LBB14145>:
    efdc:	18072442          	sfpmul	L1,L1,L12,L9,0

0000efe0 <.LBB14150>:
    efe0:	d50bf841          	sfpaddi	L1,17150,0
    efe4:	3c000002          	sfpnop

0000efe8 <.LBB14153>:
    efe8:	48000646          	sfpswap	L9,L1,1
    efec:	3c000002          	sfpnop

0000eff0 <.LBB14155>:
    eff0:	dc0004c1          	sfpexexp	L3,L1,0

0000eff4 <.LBB14159>:
    eff4:	e0000401          	sfpexman	L0,L1,0

0000eff8 <.LBB14161>:
    eff8:	e8000c01          	sfpshft	L0,L3,0x000,0

0000effc <.LBB14163>:
    effc:	dc000045          	sfpexexp	L1,L0,1

0000f000 <.LBB14165>:
    f000:	10000140          	ttreplay	0,5,0,0

0000f004 <.LBB14168>:
    f004:	08000042          	sfpsetexp	L1,L0,0x000,0

0000f008 <.LBB14170>:
    f008:	c0038629          	sfpload	L0,394,0,7

0000f00c <.LBB14176>:
    f00c:	1800a482          	sfpmul	L2,L0,L2,L9,0

0000f010 <.LBB14179>:
    f010:	18006402          	sfpmul	L0,L0,L1,L9,0

0000f014 <.LBB14182>:
    f014:	c0c38661          	sfpload	L3,408,0,7

0000f018 <.LBB14188>:
    f018:	c0438661          	sfpload	L1,408,0,7

0000f01c <.LBB14194>:
    f01c:	48000c86          	sfpswap	L2,L3,1
    f020:	3c000002          	sfpnop

0000f024 <.LBB14196>:
    f024:	48000406          	sfpswap	L0,L1,1
    f028:	3c000002          	sfpnop

0000f02c <.LBB14198>:
    f02c:	c0438631          	sfpload	L1,396,0,7

0000f030 <.LBB14205>:
    f030:	1006c842          	sfpmad	L1,L1,L11,L2,0
    f034:	ec000401          	sfpsetcc	L1,0x000,0

0000f038 <.LBB14209>:
    f038:	f0002481          	sfpmov	L2,L9,0

0000f03c <.LBB14212>:
    f03c:	2800c02a          	sfpencc	0x003,10

0000f040 <.LBB14215>:
    f040:	c0438631          	sfpload	L1,396,0,7

0000f044 <.LBB14222>:
    f044:	1006c042          	sfpmad	L1,L1,L11,L0,0
    f048:	ec000401          	sfpsetcc	L1,0x000,0

0000f04c <.LBB14226>:
    f04c:	f0002401          	sfpmov	L0,L9,0

0000f050 <.LBB14229>:
    f050:	2800c02a          	sfpencc	0x003,10

0000f054 <.LBB14232>:
    f054:	c14383e1          	sfpload	L5,248,0,7

0000f058 <.LBB14238>:
    f058:	c10383e9          	sfpload	L4,250,0,7

0000f05c <.LBB14244>:
    f05c:	180964c2          	sfpmul	L3,L2,L5,L9,0

0000f060 <.LBB14247>:
    f060:	18012442          	sfpmul	L1,L0,L4,L9,0

0000f064 <.LBB14250>:
    f064:	c1838639          	sfpload	L6,398,0,7

0000f068 <.LBB14256>:
    f068:	c1c380e1          	sfpload	L7,56,0,7

0000f06c <.LBB14262>:
    f06c:	100d9dc2          	sfpmad	L7,L3,L6,L7,0

0000f070 <.LBB14265>:
    f070:	c9c380e1          	sfpstore	L7,56,0,7

0000f074 <.LBB14271>:
    f074:	c1c380e9          	sfpload	L7,58,0,7

0000f078 <.LBB14277>:
    f078:	10059d82          	sfpmad	L6,L1,L6,L7,0

0000f07c <.LBB14280>:
    f07c:	c98380e9          	sfpstore	L6,58,0,7

0000f080 <.LBB14286>:
    f080:	c1838641          	sfpload	L6,400,0,7

0000f084 <.LBB14292>:
    f084:	c1c381e1          	sfpload	L7,120,0,7

0000f088 <.LBB14298>:
    f088:	100d9dc2          	sfpmad	L7,L3,L6,L7,0

0000f08c <.LBB14301>:
    f08c:	c9c381e1          	sfpstore	L7,120,0,7

0000f090 <.LBB14307>:
    f090:	c1c381e9          	sfpload	L7,122,0,7

0000f094 <.LBB14313>:
    f094:	10059d82          	sfpmad	L6,L1,L6,L7,0

0000f098 <.LBB14316>:
    f098:	c98381e9          	sfpstore	L6,122,0,7

0000f09c <.LBB14322>:
    f09c:	c1838649          	sfpload	L6,402,0,7

0000f0a0 <.LBB14328>:
    f0a0:	c1c382e1          	sfpload	L7,184,0,7

0000f0a4 <.LBB14334>:
    f0a4:	100d9cc2          	sfpmad	L3,L3,L6,L7,0

0000f0a8 <.LBB14337>:
    f0a8:	c8c382e1          	sfpstore	L3,184,0,7

0000f0ac <.LBB14343>:
    f0ac:	c0c382e9          	sfpload	L3,186,0,7

0000f0b0 <.LBB14349>:
    f0b0:	10058c42          	sfpmad	L1,L1,L6,L3,0

0000f0b4 <.LBB14352>:
    f0b4:	c84382e9          	sfpstore	L1,186,0,7

0000f0b8 <.LBB14358>:
    f0b8:	142a888a          	sfpadd	L2,L10,L10,L2,2

0000f0bc <.LBB14361>:
    f0bc:	1814a542          	sfpmul	L5,L5,L2,L9,0

0000f0c0 <.LBB14364>:
    f0c0:	c94383e1          	sfpstore	L5,248,0,7

0000f0c4 <.LBB14370>:
    f0c4:	142a800a          	sfpadd	L0,L10,L10,L0,2

0000f0c8 <.LBB14373>:
    f0c8:	18102402          	sfpmul	L0,L4,L0,L9,0

0000f0cc <.LBB14376>:
    f0cc:	c80383e9          	sfpstore	L0,250,0,7

0000f0d0 <.LBE13611>:
    f0d0:	00008067          	ret

0000f0d4 <_ZN12_GLOBAL__N_1L16blend_chain_bodyILm15ELm1EEEvmPKNS_15BlendChainEntryE.lto_priv.0>:
    f0d4:	c08384f1          	sfpload	L2,316,0,7

0000f0d8 <.LBB15343>:
    f0d8:	c04385f1          	sfpload	L1,380,0,7

0000f0dc <.LBB15349>:
    f0dc:	c1038611          	sfpload	L4,388,0,7

0000f0e0 <.LBB15355>:
    f0e0:	c0c38619          	sfpload	L3,390,0,7

0000f0e4 <.LBB15361>:
    f0e4:	c0038621          	sfpload	L0,392,0,7

0000f0e8 <.LBB15367>:
    f0e8:	c1838601          	sfpload	L6,384,0,7

0000f0ec <.LBB15373>:
    f0ec:	c1438609          	sfpload	L5,386,0,7

0000f0f0 <.LBB15379>:
    f0f0:	1428988a          	sfpadd	L2,L10,L2,L6,2

0000f0f4 <.LBB15382>:
    f0f4:	1428544a          	sfpadd	L1,L10,L1,L5,2

0000f0f8 <.LBB15385>:
    f0f8:	1808a542          	sfpmul	L5,L2,L2,L9,0

0000f0fc <.LBB15388>:
    f0fc:	18116502          	sfpmul	L4,L4,L5,L9,0

0000f100 <.LBB15391>:
    f100:	18086482          	sfpmul	L2,L2,L1,L9,0

0000f104 <.LBB15394>:
    f104:	100c9082          	sfpmad	L2,L3,L2,L4,0

0000f108 <.LBB15397>:
    f108:	18046442          	sfpmul	L1,L1,L1,L9,0

0000f10c <.LBB15400>:
    f10c:	10004802          	sfpmad	L0,L0,L1,L2,0
    f110:	3c000002          	sfpnop

0000f114 <.LBB15403>:
    f114:	48002406          	sfpswap	L0,L9,1
    f118:	3c000002          	sfpnop

0000f11c <.LBB15405>:
    f11c:	18032402          	sfpmul	L0,L0,L12,L9,0

0000f120 <.LBB15410>:
    f120:	d50bf801          	sfpaddi	L0,17150,0
    f124:	3c000002          	sfpnop

0000f128 <.LBB15413>:
    f128:	48000246          	sfpswap	L9,L0,1
    f12c:	3c000002          	sfpnop

0000f130 <.LBB15415>:
    f130:	dc000041          	sfpexexp	L1,L0,0

0000f134 <.LBB15419>:
    f134:	e0000001          	sfpexman	L0,L0,0

0000f138 <.LBB15421>:
    f138:	e8000401          	sfpshft	L0,L1,0x000,0

0000f13c <.LBB15423>:
    f13c:	dc000045          	sfpexexp	L1,L0,1

0000f140 <.LBB15425>:
    f140:	e0000005          	sfpexman	L0,L0,1

0000f144 <.LBB15427>:
    f144:	40000002          	sfpcast	L0,L0,0

0000f148 <.LBB15429>:
    f148:	10037882          	sfpmad	L2,L0,L13,L14,0

0000f14c <.LBB15432>:
    f14c:	c0c38659          	sfpload	L3,406,0,7

0000f150 <.LBB15438>:
    f150:	10008c02          	sfpmad	L0,L0,L2,L3,0

0000f154 <.LBB15441>:
    f154:	08000042          	sfpsetexp	L1,L0,0x000,0

0000f158 <.LBB15443>:
    f158:	c0038629          	sfpload	L0,394,0,7

0000f15c <.LBB15449>:
    f15c:	18006402          	sfpmul	L0,L0,L1,L9,0

0000f160 <.LBB15452>:
    f160:	c0438661          	sfpload	L1,408,0,7

0000f164 <.LBB15458>:
    f164:	48000406          	sfpswap	L0,L1,1
    f168:	3c000002          	sfpnop

0000f16c <.LBB15460>:
    f16c:	c0438631          	sfpload	L1,396,0,7

0000f170 <.LBB15467>:
    f170:	1006c042          	sfpmad	L1,L1,L11,L0,0
    f174:	ec000401          	sfpsetcc	L1,0x000,0

0000f178 <.LBB15471>:
    f178:	f0002401          	sfpmov	L0,L9,0

0000f17c <.LBB15474>:
    f17c:	2800c02a          	sfpencc	0x003,10

0000f180 <.LBB15477>:
    f180:	c08383f1          	sfpload	L2,252,0,7

0000f184 <.LBB15483>:
    f184:	1800a442          	sfpmul	L1,L0,L2,L9,0

0000f188 <.LBB15486>:
    f188:	c10380f1          	sfpload	L4,60,0,7

0000f18c <.LBB15492>:
    f18c:	c0c38639          	sfpload	L3,398,0,7

0000f190 <.LBB15498>:
    f190:	1004d0c2          	sfpmad	L3,L1,L3,L4,0

0000f194 <.LBB15501>:
    f194:	c8c380f1          	sfpstore	L3,60,0,7

0000f198 <.LBB15507>:
    f198:	c10381f1          	sfpload	L4,124,0,7

0000f19c <.LBB15513>:
    f19c:	c0c38641          	sfpload	L3,400,0,7

0000f1a0 <.LBB15519>:
    f1a0:	1004d0c2          	sfpmad	L3,L1,L3,L4,0

0000f1a4 <.LBB15522>:
    f1a4:	c8c381f1          	sfpstore	L3,124,0,7

0000f1a8 <.LBB15528>:
    f1a8:	c10382f1          	sfpload	L4,188,0,7

0000f1ac <.LBB15534>:
    f1ac:	c0c38649          	sfpload	L3,402,0,7

0000f1b0 <.LBB15540>:
    f1b0:	1004d042          	sfpmad	L1,L1,L3,L4,0

0000f1b4 <.LBB15543>:
    f1b4:	c84382f1          	sfpstore	L1,188,0,7

0000f1b8 <.LBB15549>:
    f1b8:	142a800a          	sfpadd	L0,L10,L10,L0,2

0000f1bc <.LBB15552>:
    f1bc:	18082402          	sfpmul	L0,L2,L0,L9,0

0000f1c0 <.LBB15555>:
    f1c0:	c80383f1          	sfpstore	L0,252,0,7

0000f1c4 <.LBE15334>:
    f1c4:	00008067          	ret

0000f1c8 <_ZN12_GLOBAL__N_1L16blend_chain_bodyILm15ELm2EEEvmPKNS_15BlendChainEntryE.lto_priv.0>:
    f1c8:	c08384f9          	sfpload	L2,318,0,7

0000f1cc <.LBB16522>:
    f1cc:	c04385f9          	sfpload	L1,382,0,7

0000f1d0 <.LBB16528>:
    f1d0:	c1038611          	sfpload	L4,388,0,7

0000f1d4 <.LBB16534>:
    f1d4:	c0c38619          	sfpload	L3,390,0,7

0000f1d8 <.LBB16540>:
    f1d8:	c0038621          	sfpload	L0,392,0,7

0000f1dc <.LBB16546>:
    f1dc:	c1838601          	sfpload	L6,384,0,7

0000f1e0 <.LBB16552>:
    f1e0:	c1438609          	sfpload	L5,386,0,7

0000f1e4 <.LBB16558>:
    f1e4:	1428988a          	sfpadd	L2,L10,L2,L6,2

0000f1e8 <.LBB16561>:
    f1e8:	1428544a          	sfpadd	L1,L10,L1,L5,2

0000f1ec <.LBB16564>:
    f1ec:	1808a542          	sfpmul	L5,L2,L2,L9,0

0000f1f0 <.LBB16567>:
    f1f0:	18116502          	sfpmul	L4,L4,L5,L9,0

0000f1f4 <.LBB16570>:
    f1f4:	18086482          	sfpmul	L2,L2,L1,L9,0

0000f1f8 <.LBB16573>:
    f1f8:	100c9082          	sfpmad	L2,L3,L2,L4,0

0000f1fc <.LBB16576>:
    f1fc:	18046442          	sfpmul	L1,L1,L1,L9,0

0000f200 <.LBB16579>:
    f200:	10004802          	sfpmad	L0,L0,L1,L2,0
    f204:	3c000002          	sfpnop

0000f208 <.LBB16582>:
    f208:	48002406          	sfpswap	L0,L9,1
    f20c:	3c000002          	sfpnop

0000f210 <.LBB16584>:
    f210:	18032402          	sfpmul	L0,L0,L12,L9,0

0000f214 <.LBB16589>:
    f214:	d50bf801          	sfpaddi	L0,17150,0
    f218:	3c000002          	sfpnop

0000f21c <.LBB16592>:
    f21c:	48000246          	sfpswap	L9,L0,1
    f220:	3c000002          	sfpnop

0000f224 <.LBB16594>:
    f224:	dc000041          	sfpexexp	L1,L0,0

0000f228 <.LBB16598>:
    f228:	e0000001          	sfpexman	L0,L0,0

0000f22c <.LBB16600>:
    f22c:	e8000401          	sfpshft	L0,L1,0x000,0

0000f230 <.LBB16602>:
    f230:	dc000045          	sfpexexp	L1,L0,1

0000f234 <.LBB16604>:
    f234:	e0000005          	sfpexman	L0,L0,1

0000f238 <.LBB16606>:
    f238:	40000002          	sfpcast	L0,L0,0

0000f23c <.LBB16608>:
    f23c:	10037882          	sfpmad	L2,L0,L13,L14,0

0000f240 <.LBB16611>:
    f240:	c0c38659          	sfpload	L3,406,0,7

0000f244 <.LBB16617>:
    f244:	10008c02          	sfpmad	L0,L0,L2,L3,0

0000f248 <.LBB16620>:
    f248:	08000042          	sfpsetexp	L1,L0,0x000,0

0000f24c <.LBB16622>:
    f24c:	c0038629          	sfpload	L0,394,0,7

0000f250 <.LBB16628>:
    f250:	18006402          	sfpmul	L0,L0,L1,L9,0

0000f254 <.LBB16631>:
    f254:	c0438661          	sfpload	L1,408,0,7

0000f258 <.LBB16637>:
    f258:	48000406          	sfpswap	L0,L1,1
    f25c:	3c000002          	sfpnop

0000f260 <.LBB16639>:
    f260:	c0438631          	sfpload	L1,396,0,7

0000f264 <.LBB16646>:
    f264:	1006c042          	sfpmad	L1,L1,L11,L0,0
    f268:	ec000401          	sfpsetcc	L1,0x000,0

0000f26c <.LBB16650>:
    f26c:	f0002401          	sfpmov	L0,L9,0

0000f270 <.LBB16653>:
    f270:	2800c02a          	sfpencc	0x003,10

0000f274 <.LBB16656>:
    f274:	c08383f9          	sfpload	L2,254,0,7

0000f278 <.LBB16662>:
    f278:	1800a442          	sfpmul	L1,L0,L2,L9,0

0000f27c <.LBB16665>:
    f27c:	c10380f9          	sfpload	L4,62,0,7

0000f280 <.LBB16671>:
    f280:	c0c38639          	sfpload	L3,398,0,7

0000f284 <.LBB16677>:
    f284:	1004d0c2          	sfpmad	L3,L1,L3,L4,0

0000f288 <.LBB16680>:
    f288:	c8c380f9          	sfpstore	L3,62,0,7

0000f28c <.LBB16686>:
    f28c:	c10381f9          	sfpload	L4,126,0,7

0000f290 <.LBB16692>:
    f290:	c0c38641          	sfpload	L3,400,0,7

0000f294 <.LBB16698>:
    f294:	1004d0c2          	sfpmad	L3,L1,L3,L4,0

0000f298 <.LBB16701>:
    f298:	c8c381f9          	sfpstore	L3,126,0,7

0000f29c <.LBB16707>:
    f29c:	c10382f9          	sfpload	L4,190,0,7

0000f2a0 <.LBB16713>:
    f2a0:	c0c38649          	sfpload	L3,402,0,7

0000f2a4 <.LBB16719>:
    f2a4:	1004d042          	sfpmad	L1,L1,L3,L4,0

0000f2a8 <.LBB16722>:
    f2a8:	c84382f9          	sfpstore	L1,190,0,7

0000f2ac <.LBB16728>:
    f2ac:	142a800a          	sfpadd	L0,L10,L10,L0,2

0000f2b0 <.LBB16731>:
    f2b0:	18082402          	sfpmul	L0,L2,L0,L9,0

0000f2b4 <.LBB16734>:
    f2b4:	c80383f9          	sfpstore	L0,254,0,7

0000f2b8 <.LBE16513>:
    f2b8:	00008067          	ret

0000f2bc <_ZN12_GLOBAL__N_1L16blend_chain_bodyILm15ELm3EEEvmPKNS_15BlendChainEntryE.lto_priv.0>:
    f2bc:	c0038601          	sfpload	L0,384,0,7

0000f2c0 <.LBB18505>:
    f2c0:	c1038609          	sfpload	L4,386,0,7

0000f2c4 <.LBB18511>:
    f2c4:	c08384f1          	sfpload	L2,316,0,7

0000f2c8 <.LBB18517>:
    f2c8:	1428808a          	sfpadd	L2,L10,L2,L0,2

0000f2cc <.LBB18520>:
    f2cc:	c04384f9          	sfpload	L1,318,0,7

0000f2d0 <.LBB18526>:
    f2d0:	1428404a          	sfpadd	L1,L10,L1,L0,2

0000f2d4 <.LBB18529>:
    f2d4:	c00385f1          	sfpload	L0,380,0,7

0000f2d8 <.LBB18535>:
    f2d8:	1428100a          	sfpadd	L0,L10,L0,L4,2

0000f2dc <.LBB18538>:
    f2dc:	c0c385f9          	sfpload	L3,382,0,7

0000f2e0 <.LBB18544>:
    f2e0:	1428d0ca          	sfpadd	L3,L10,L3,L4,2

0000f2e4 <.LBB18547>:
    f2e4:	c1438611          	sfpload	L5,388,0,7

0000f2e8 <.LBB18553>:
    f2e8:	1808a582          	sfpmul	L6,L2,L2,L9,0

0000f2ec <.LBB18556>:
    f2ec:	1815a582          	sfpmul	L6,L5,L6,L9,0

0000f2f0 <.LBB18559>:
    f2f0:	18046502          	sfpmul	L4,L1,L1,L9,0

0000f2f4 <.LBB18562>:
    f2f4:	18152542          	sfpmul	L5,L5,L4,L9,0

0000f2f8 <.LBB18565>:
    f2f8:	c1038619          	sfpload	L4,390,0,7

0000f2fc <.LBB18571>:
    f2fc:	18082482          	sfpmul	L2,L2,L0,L9,0

0000f300 <.LBB18574>:
    f300:	10109882          	sfpmad	L2,L4,L2,L6,0

0000f304 <.LBB18577>:
    f304:	1804e442          	sfpmul	L1,L1,L3,L9,0

0000f308 <.LBB18580>:
    f308:	10105502          	sfpmad	L4,L4,L1,L5,0

0000f30c <.LBB18583>:
    f30c:	c0438621          	sfpload	L1,392,0,7

0000f310 <.LBB18589>:
    f310:	18002402          	sfpmul	L0,L0,L0,L9,0

0000f314 <.LBB18592>:
    f314:	10040802          	sfpmad	L0,L1,L0,L2,0

0000f318 <.LBB18595>:
    f318:	180ce4c2          	sfpmul	L3,L3,L3,L9,0

0000f31c <.LBB18598>:
    f31c:	1004d042          	sfpmad	L1,L1,L3,L4,0

0000f320 <.LBB18601>:
    f320:	48002406          	sfpswap	L0,L9,1
    f324:	3c000002          	sfpnop

0000f328 <.LBB18603>:
    f328:	48002446          	sfpswap	L1,L9,1
    f32c:	3c000002          	sfpnop

0000f330 <.LBB18605>:
    f330:	18032402          	sfpmul	L0,L0,L12,L9,0

0000f334 <.LBB18610>:
    f334:	d50bf801          	sfpaddi	L0,17150,0
    f338:	3c000002          	sfpnop

0000f33c <.LBB18613>:
    f33c:	48000246          	sfpswap	L9,L0,1
    f340:	3c000002          	sfpnop

0000f344 <.LBB18615>:
    f344:	dc000081          	sfpexexp	L2,L0,0

0000f348 <.LBB18619>:
    f348:	e0000001          	sfpexman	L0,L0,0

0000f34c <.LBB18621>:
    f34c:	e8000801          	sfpshft	L0,L2,0x000,0

0000f350 <.LBB18623>:
    f350:	dc000085          	sfpexexp	L2,L0,1

0000f354 <.LBB18625>:
    f354:	1000014c          	ttreplay	0,5,1,1
    f358:	e0000005          	sfpexman	L0,L0,1

0000f35c <.LBB18627>:
    f35c:	40000002          	sfpcast	L0,L0,0

0000f360 <.LBB18629>:
    f360:	100378c2          	sfpmad	L3,L0,L13,L14,0

0000f364 <.LBB18632>:
    f364:	c1038659          	sfpload	L4,406,0,7

0000f368 <.LBB18638>:
    f368:	1000d002          	sfpmad	L0,L0,L3,L4,0

0000f36c <.LBB18641>:
    f36c:	08000082          	sfpsetexp	L2,L0,0x000,0

0000f370 <.LBB18643>:
    f370:	18072442          	sfpmul	L1,L1,L12,L9,0

0000f374 <.LBB18648>:
    f374:	d50bf841          	sfpaddi	L1,17150,0
    f378:	3c000002          	sfpnop

0000f37c <.LBB18651>:
    f37c:	48000646          	sfpswap	L9,L1,1
    f380:	3c000002          	sfpnop

0000f384 <.LBB18653>:
    f384:	dc0004c1          	sfpexexp	L3,L1,0

0000f388 <.LBB18657>:
    f388:	e0000401          	sfpexman	L0,L1,0

0000f38c <.LBB18659>:
    f38c:	e8000c01          	sfpshft	L0,L3,0x000,0

0000f390 <.LBB18661>:
    f390:	dc000045          	sfpexexp	L1,L0,1

0000f394 <.LBB18663>:
    f394:	10000140          	ttreplay	0,5,0,0

0000f398 <.LBB18666>:
    f398:	08000042          	sfpsetexp	L1,L0,0x000,0

0000f39c <.LBB18668>:
    f39c:	c0038629          	sfpload	L0,394,0,7

0000f3a0 <.LBB18674>:
    f3a0:	1800a482          	sfpmul	L2,L0,L2,L9,0

0000f3a4 <.LBB18677>:
    f3a4:	18006402          	sfpmul	L0,L0,L1,L9,0

0000f3a8 <.LBB18680>:
    f3a8:	c0c38661          	sfpload	L3,408,0,7

0000f3ac <.LBB18686>:
    f3ac:	c0438661          	sfpload	L1,408,0,7

0000f3b0 <.LBB18692>:
    f3b0:	48000c86          	sfpswap	L2,L3,1
    f3b4:	3c000002          	sfpnop

0000f3b8 <.LBB18694>:
    f3b8:	48000406          	sfpswap	L0,L1,1
    f3bc:	3c000002          	sfpnop

0000f3c0 <.LBB18696>:
    f3c0:	c0438631          	sfpload	L1,396,0,7

0000f3c4 <.LBB18703>:
    f3c4:	1006c842          	sfpmad	L1,L1,L11,L2,0
    f3c8:	ec000401          	sfpsetcc	L1,0x000,0

0000f3cc <.LBB18707>:
    f3cc:	f0002481          	sfpmov	L2,L9,0

0000f3d0 <.LBB18710>:
    f3d0:	2800c02a          	sfpencc	0x003,10

0000f3d4 <.LBB18713>:
    f3d4:	c0438631          	sfpload	L1,396,0,7

0000f3d8 <.LBB18720>:
    f3d8:	1006c042          	sfpmad	L1,L1,L11,L0,0
    f3dc:	ec000401          	sfpsetcc	L1,0x000,0

0000f3e0 <.LBB18724>:
    f3e0:	f0002401          	sfpmov	L0,L9,0

0000f3e4 <.LBB18727>:
    f3e4:	2800c02a          	sfpencc	0x003,10

0000f3e8 <.LBB18730>:
    f3e8:	c14383f1          	sfpload	L5,252,0,7

0000f3ec <.LBB18736>:
    f3ec:	c10383f9          	sfpload	L4,254,0,7

0000f3f0 <.LBB18742>:
    f3f0:	180964c2          	sfpmul	L3,L2,L5,L9,0

0000f3f4 <.LBB18745>:
    f3f4:	18012442          	sfpmul	L1,L0,L4,L9,0

0000f3f8 <.LBB18748>:
    f3f8:	c1838639          	sfpload	L6,398,0,7

0000f3fc <.LBB18754>:
    f3fc:	c1c380f1          	sfpload	L7,60,0,7

0000f400 <.LBB18760>:
    f400:	100d9dc2          	sfpmad	L7,L3,L6,L7,0

0000f404 <.LBB18763>:
    f404:	c9c380f1          	sfpstore	L7,60,0,7

0000f408 <.LBB18769>:
    f408:	c1c380f9          	sfpload	L7,62,0,7

0000f40c <.LBB18775>:
    f40c:	10059d82          	sfpmad	L6,L1,L6,L7,0

0000f410 <.LBB18778>:
    f410:	c98380f9          	sfpstore	L6,62,0,7

0000f414 <.LBB18784>:
    f414:	c1838641          	sfpload	L6,400,0,7

0000f418 <.LBB18790>:
    f418:	c1c381f1          	sfpload	L7,124,0,7

0000f41c <.LBB18796>:
    f41c:	100d9dc2          	sfpmad	L7,L3,L6,L7,0

0000f420 <.LBB18799>:
    f420:	c9c381f1          	sfpstore	L7,124,0,7

0000f424 <.LBB18805>:
    f424:	c1c381f9          	sfpload	L7,126,0,7

0000f428 <.LBB18811>:
    f428:	10059d82          	sfpmad	L6,L1,L6,L7,0

0000f42c <.LBB18814>:
    f42c:	c98381f9          	sfpstore	L6,126,0,7

0000f430 <.LBB18820>:
    f430:	c1838649          	sfpload	L6,402,0,7

0000f434 <.LBB18826>:
    f434:	c1c382f1          	sfpload	L7,188,0,7

0000f438 <.LBB18832>:
    f438:	100d9cc2          	sfpmad	L3,L3,L6,L7,0

0000f43c <.LBB18835>:
    f43c:	c8c382f1          	sfpstore	L3,188,0,7

0000f440 <.LBB18841>:
    f440:	c0c382f9          	sfpload	L3,190,0,7

0000f444 <.LBB18847>:
    f444:	10058c42          	sfpmad	L1,L1,L6,L3,0

0000f448 <.LBB18850>:
    f448:	c84382f9          	sfpstore	L1,190,0,7

0000f44c <.LBB18856>:
    f44c:	142a888a          	sfpadd	L2,L10,L10,L2,2

0000f450 <.LBB18859>:
    f450:	1814a542          	sfpmul	L5,L5,L2,L9,0

0000f454 <.LBB18862>:
    f454:	c94383f1          	sfpstore	L5,252,0,7

0000f458 <.LBB18868>:
    f458:	142a800a          	sfpadd	L0,L10,L10,L0,2

0000f45c <.LBB18871>:
    f45c:	18102402          	sfpmul	L0,L4,L0,L9,0

0000f460 <.LBB18874>:
    f460:	c80383f9          	sfpstore	L0,254,0,7

0000f464 <.LBE18496>:
    f464:	00008067          	ret

0000f468 <memset>:
    f468:	00f00313          	li	t1,15
    f46c:	00050713          	mv	a4,a0
    f470:	02c37e63          	bgeu	t1,a2,f4ac <.Ltiny>
    f474:	00f77793          	andi	a5,a4,15
    f478:	0a079063          	bnez	a5,f518 <.Lmisaligned>

0000f47c <.Laligned>:
    f47c:	08059263          	bnez	a1,f500 <.Lwordify>

0000f480 <.Lwordified>:
    f480:	ff067693          	andi	a3,a2,-16
    f484:	00f67613          	andi	a2,a2,15
    f488:	00e686b3          	add	a3,a3,a4

0000f48c <.L1^B1>:
    f48c:	00b72023          	sw	a1,0(a4) # b2010000 <__device_print_strings_info_end+0xabb10000>
    f490:	00b72223          	sw	a1,4(a4)
    f494:	00b72423          	sw	a1,8(a4)
    f498:	00b72623          	sw	a1,12(a4)
    f49c:	01070713          	addi	a4,a4,16
    f4a0:	fed766e3          	bltu	a4,a3,f48c <.L1^B1>
    f4a4:	00061463          	bnez	a2,f4ac <.Ltiny>
    f4a8:	00008067          	ret

0000f4ac <.Ltiny>:
    f4ac:	40c306b3          	sub	a3,t1,a2
    f4b0:	00269693          	slli	a3,a3,0x2

0000f4b4 <.L1^B2>:
    f4b4:	00000297          	auipc	t0,0x0
    f4b8:	005686b3          	add	a3,a3,t0

0000f4bc <.Ltable_misaligned>:
    f4bc:	00c68067          	jr	12(a3)

0000f4c0 <.Ltable>:
    f4c0:	00b70723          	sb	a1,14(a4)
    f4c4:	00b706a3          	sb	a1,13(a4)
    f4c8:	00b70623          	sb	a1,12(a4)
    f4cc:	00b705a3          	sb	a1,11(a4)
    f4d0:	00b70523          	sb	a1,10(a4)
    f4d4:	00b704a3          	sb	a1,9(a4)
    f4d8:	00b70423          	sb	a1,8(a4)
    f4dc:	00b703a3          	sb	a1,7(a4)
    f4e0:	00b70323          	sb	a1,6(a4)
    f4e4:	00b702a3          	sb	a1,5(a4)
    f4e8:	00b70223          	sb	a1,4(a4)
    f4ec:	00b701a3          	sb	a1,3(a4)
    f4f0:	00b70123          	sb	a1,2(a4)
    f4f4:	00b700a3          	sb	a1,1(a4)
    f4f8:	00b70023          	sb	a1,0(a4)
    f4fc:	00008067          	ret

0000f500 <.Lwordify>:
    f500:	0ff5f593          	zext.b	a1,a1
    f504:	00859693          	slli	a3,a1,0x8
    f508:	00d5e5b3          	or	a1,a1,a3
    f50c:	01059693          	slli	a3,a1,0x10
    f510:	00d5e5b3          	or	a1,a1,a3
    f514:	f6dff06f          	j	f480 <.Lwordified>

0000f518 <.Lmisaligned>:
    f518:	00279693          	slli	a3,a5,0x2

0000f51c <.L1^B3>:
    f51c:	00000297          	auipc	t0,0x0
    f520:	005686b3          	add	a3,a3,t0
    f524:	00008293          	mv	t0,ra
    f528:	fa0680e7          	jalr	-96(a3)
    f52c:	00028093          	mv	ra,t0
    f530:	ff078793          	addi	a5,a5,-16
    f534:	40f70733          	sub	a4,a4,a5
    f538:	00f60633          	add	a2,a2,a5
    f53c:	f6c378e3          	bgeu	t1,a2,f4ac <.Ltiny>
    f540:	f3dff06f          	j	f47c <.Laligned>
