view,core_x,core_y,jobs,mat_ms,start_ms,between_ms,between_max_ms,tail_ms,injob_idle_ms,band_ms
0,1,2,8,2.7652,0.5793,1.2094,0.9641,0.0080,0.0101,0.9479
0,1,3,8,2.1900,0.5441,0.3738,0.1471,0.0074,0.0135,1.2367
0,1,4,8,1.9422,0.5138,0.2358,0.1000,0.0165,0.0126,1.1504
0,1,5,12,1.9151,0.4923,0.2354,0.0991,0.0029,0.0128,1.1588
0,1,6,12,1.8568,0.4775,0.1860,0.0922,0.0019,0.0128,1.1655
0,1,7,13,1.8209,0.4514,0.1712,0.1076,0.0026,0.0129,1.1697
0,1,8,13,1.8027,0.4220,0.1802,0.1214,0.0031,0.0129,1.1714
0,1,9,13,1.8094,0.3955,0.2317,0.1368,0.0018,0.0128,1.1547
0,1,10,9,2.0601,0.3720,0.4905,0.2599,0.0053,0.0131,1.1654
0,1,11,8,1.8432,0.3635,0.2476,0.1836,0.0030,0.0129,1.2026
0,2,2,8,2.7778,0.5761,1.2347,0.9778,0.0080,0.0101,0.9383
0,2,3,9,2.1515,0.5332,0.3717,0.1256,0.0165,0.0132,1.2030
0,2,4,8,1.9464,0.5135,0.2593,0.1013,0.0079,0.0124,1.1403
0,2,5,11,1.8972,0.4837,0.2302,0.1025,0.0019,0.0127,1.1557
0,2,6,12,1.8582,0.4740,0.1919,0.0951,0.0019,0.0128,1.1646
0,2,7,11,1.8135,0.4486,0.1800,0.1028,0.0031,0.0125,1.1564
0,2,8,13,1.8311,0.4177,0.2159,0.1158,0.0026,0.0129,1.1689
0,2,9,13,1.8164,0.3923,0.2361,0.1327,0.0030,0.0128,1.1591
0,2,10,9,2.0624,0.3695,0.4938,0.2608,0.0054,0.0131,1.1670
0,2,11,8,1.8461,0.3652,0.2513,0.1728,0.0028,0.0130,1.2002
0,3,2,7,2.6479,0.5745,1.1822,0.9330,0.0063,0.0093,0.8659
0,3,3,8,2.0968,0.5382,0.3294,0.0960,0.0055,0.0131,1.1970
0,3,4,9,1.9471,0.5026,0.2565,0.1013,0.0119,0.0126,1.1504
0,3,5,11,1.9042,0.4808,0.2366,0.1007,0.0038,0.0127,1.1573
0,3,6,11,1.8474,0.4733,0.1890,0.0997,0.0036,0.0127,1.1559
0,3,7,11,1.8344,0.4417,0.2023,0.1150,0.0029,0.0128,1.1616
0,3,8,12,1.8310,0.4211,0.2358,0.1213,0.0032,0.0126,1.1454
0,3,9,13,1.8344,0.3965,0.2402,0.1491,0.0030,0.0130,1.1685
0,3,10,9,2.0838,0.3782,0.5093,0.2671,0.0056,0.0131,1.1639
0,3,11,8,1.8356,0.3567,0.2444,0.1721,0.0026,0.0130,1.2053
0,4,2,7,2.6433,0.5679,1.0862,0.8625,0.0080,0.0100,0.9606
0,4,3,8,2.1132,0.5320,0.3470,0.1216,0.0104,0.0131,1.1969
0,4,4,9,1.9488,0.4998,0.2691,0.1008,0.0110,0.0124,1.1436
0,4,5,11,1.9165,0.4871,0.2371,0.1035,0.0045,0.0127,1.1622
0,4,6,11,1.8936,0.4695,0.2442,0.0984,0.0016,0.0126,1.1525
0,4,7,12,1.8545,0.4381,0.2191,0.1182,0.0028,0.0129,1.1684
0,4,8,13,1.8440,0.4177,0.2382,0.1246,0.0037,0.0128,1.1586
0,4,9,13,1.8527,0.3917,0.2741,0.1450,0.0029,0.0130,1.1579
0,4,10,9,2.0871,0.3746,0.5161,0.2572,0.0057,0.0131,1.1639
0,4,11,8,1.8362,0.3593,0.2457,0.1719,0.0027,0.0129,1.2022
0,5,2,7,2.6525,0.5685,1.1070,0.8663,0.0080,0.0100,0.9483
0,5,3,8,2.1181,0.5342,0.3576,0.1238,0.0077,0.0130,1.1917
0,5,4,9,1.9558,0.4967,0.2716,0.0998,0.0159,0.0125,1.1462
0,5,5,11,1.9192,0.4775,0.2493,0.1030,0.0032,0.0127,1.1637
0,5,6,11,1.9166,0.4611,0.2687,0.1063,0.0023,0.0127,1.1587
0,5,7,12,1.9319,0.4353,0.3051,0.1164,0.0065,0.0128,1.1589
0,5,8,12,1.8896,0.4140,0.2976,0.1344,0.0031,0.0127,1.1492
0,5,9,13,1.8682,0.3891,0.2985,0.1457,0.0032,0.0129,1.1512
0,5,10,8,1.8559,0.3672,0.2490,0.1604,0.0067,0.0129,1.2063
0,5,11,8,1.8376,0.3538,0.2427,0.1733,0.0018,0.0129,1.2127
0,6,2,7,2.5654,0.5491,1.0109,0.7757,0.0080,0.0101,0.9765
0,6,3,8,2.1088,0.5228,0.3592,0.1195,0.0082,0.0129,1.1919
0,6,4,9,1.9653,0.4924,0.2780,0.0992,0.0213,0.0125,1.1483
0,6,5,10,1.9241,0.4676,0.2745,0.1045,0.0039,0.0125,1.1526
0,6,6,11,1.9225,0.4532,0.2853,0.1082,0.0054,0.0126,1.1529
0,6,7,12,1.9322,0.4311,0.3140,0.1277,0.0055,0.0128,1.1555
0,6,8,12,1.8911,0.4100,0.3029,0.1292,0.0031,0.0128,1.1493
0,6,9,13,1.8908,0.3848,0.3290,0.1531,0.0028,0.0129,1.1482
0,6,10,8,1.8956,0.3584,0.3043,0.1709,0.0055,0.0130,1.2006
0,6,11,8,1.8372,0.3510,0.2507,0.1747,0.0079,0.0129,1.2009
0,7,2,7,2.6023,0.5491,1.0579,0.8180,0.0080,0.0101,0.9665
0,7,3,8,2.0956,0.5195,0.3544,0.1217,0.0071,0.0129,1.1881
0,7,4,10,1.9892,0.4841,0.3191,0.1006,0.0056,0.0126,1.1549
0,7,5,11,1.9458,0.4697,0.2783,0.1039,0.0106,0.0126,1.1616
0,7,6,11,1.9107,0.4491,0.2687,0.1101,0.0043,0.0127,1.1630
0,7,7,11,1.9459,0.4283,0.3320,0.1293,0.0118,0.0127,1.1480
0,7,8,13,1.9693,0.4066,0.3926,0.1401,0.0083,0.0128,1.1359
0,7,9,13,1.9088,0.3766,0.3575,0.1528,0.0031,0.0129,1.1456
0,7,10,8,1.9097,0.3572,0.3238,0.1732,0.0076,0.0130,1.1943
0,7,11,8,1.8543,0.3443,0.2767,0.1742,0.0074,0.0129,1.1993
0,11,2,7,2.3794,0.5509,1.0046,0.7537,0.0042,0.0085,0.8023
0,11,3,8,2.1421,0.5145,0.3949,0.1512,0.0197,0.0128,1.1864
0,11,4,10,1.9772,0.4845,0.3145,0.1007,0.0059,0.0124,1.1467
0,11,5,10,1.9371,0.4614,0.2899,0.1054,0.0071,0.0125,1.1532
0,11,6,11,1.9081,0.4463,0.2724,0.1177,0.0044,0.0126,1.1595
0,11,7,11,1.9398,0.4240,0.3322,0.1269,0.0105,0.0127,1.1475
0,11,8,13,1.9476,0.3951,0.3847,0.1410,0.0072,0.0128,1.1349
0,11,9,13,1.9000,0.3694,0.3594,0.1660,0.0027,0.0129,1.1423
0,11,10,8,1.9321,0.3534,0.3566,0.1795,0.0141,0.0130,1.1812
0,11,11,8,1.8905,0.3386,0.3183,0.1767,0.0068,0.0130,1.1999
0,13,2,7,2.1432,0.5429,0.8202,0.5596,0.0096,0.0079,0.7545
0,13,3,8,2.0951,0.5049,0.3703,0.1151,0.0061,0.0128,1.1874
0,13,4,11,2.0334,0.4751,0.3709,0.0996,0.0020,0.0127,1.1595
0,13,5,12,2.0028,0.4651,0.3302,0.1043,0.0020,0.0128,1.1797
0,13,6,12,1.9724,0.4445,0.3201,0.1162,0.0128,0.0127,1.1694
0,13,7,11,1.9430,0.4234,0.3294,0.1268,0.0086,0.0127,1.1558
0,13,8,14,1.9924,0.3919,0.4296,0.1526,0.0053,0.0130,1.1396
0,13,9,13,1.9317,0.3689,0.3942,0.1690,0.0107,0.0129,1.1319
0,13,10,8,1.9635,0.3527,0.3833,0.1842,0.0279,0.0129,1.1730
0,13,11,9,1.9025,0.3377,0.3236,0.1765,0.0083,0.0131,1.2059
0,14,2,8,2.3311,0.5365,0.4964,0.2080,0.0079,0.0138,1.2617
0,14,3,8,2.1089,0.5082,0.3959,0.1433,0.0065,0.0128,1.1723
0,14,4,11,2.0431,0.4784,0.3755,0.1010,0.0025,0.0128,1.1607
0,14,5,11,1.9814,0.4628,0.3059,0.1039,0.0163,0.0126,1.1709
0,14,6,12,1.9844,0.4372,0.3423,0.1157,0.0076,0.0128,1.1714
0,14,7,11,1.9320,0.4167,0.3541,0.1400,0.0036,0.0125,1.1323
0,14,8,14,1.9894,0.3888,0.4303,0.1595,0.0104,0.0129,1.1336
0,14,9,12,1.9160,0.3649,0.4037,0.1764,0.0034,0.0127,1.1183
0,14,10,8,1.9806,0.3510,0.3936,0.1935,0.0395,0.0130,1.1698
0,14,11,8,1.9170,0.3395,0.3488,0.1849,0.0073,0.0130,1.1946
0,15,2,8,2.3468,0.5377,0.5077,0.2083,0.0078,0.0138,1.2650
0,15,3,8,2.0910,0.5026,0.3781,0.1369,0.0057,0.0128,1.1786
0,15,4,11,2.0068,0.4781,0.3390,0.1009,0.0068,0.0127,1.1574
0,15,5,11,1.9789,0.4604,0.3096,0.1029,0.0108,0.0127,1.1725
0,15,6,12,1.9863,0.4338,0.3557,0.1223,0.0087,0.0128,1.1625
0,15,7,13,1.9551,0.4067,0.3544,0.1353,0.0133,0.0129,1.1547
0,15,8,14,2.0026,0.3844,0.4466,0.1621,0.0051,0.0130,1.1402
0,15,9,9,2.1591,0.3671,0.6157,0.2601,0.0064,0.0131,1.1431
0,15,10,8,1.9492,0.3449,0.3777,0.1862,0.0268,0.0129,1.1730
0,15,11,9,1.9158,0.3328,0.3491,0.1858,0.0081,0.0132,1.1989
1,1,2,7,2.3691,0.5767,1.0560,0.9464,0.0080,0.0081,0.7119
1,1,3,8,1.9165,0.5267,0.3800,0.1658,0.0068,0.0110,0.9803
1,1,4,8,1.6913,0.4858,0.2773,0.1136,0.0044,0.0102,0.9029
1,1,5,8,1.5513,0.4739,0.1962,0.0739,0.0083,0.0095,0.8534
1,1,6,9,1.3955,0.4302,0.1304,0.0545,0.0053,0.0091,0.8112
1,1,7,9,1.3285,0.3875,0.1376,0.0628,0.0028,0.0088,0.7828
1,1,8,11,1.3261,0.3505,0.1721,0.0671,0.0017,0.0088,0.7841
1,1,9,11,1.2752,0.3346,0.1231,0.0627,0.0022,0.0089,0.7977
1,1,10,11,1.2236,0.3093,0.0989,0.0821,0.0024,0.0089,0.7950
1,1,11,13,1.1481,0.2919,0.0252,0.0153,0.0031,0.0090,0.8100
1,2,2,7,2.3807,0.5714,1.0720,0.9525,0.0081,0.0082,0.7125
1,2,3,8,1.8732,0.5331,0.3482,0.1471,0.0087,0.0108,0.9609
1,2,4,8,1.7131,0.4882,0.2908,0.1181,0.0084,0.0101,0.9049
1,2,5,8,1.5337,0.4639,0.2055,0.0749,0.0053,0.0095,0.8396
1,2,6,9,1.4108,0.4202,0.1533,0.0587,0.0033,0.0091,0.8158
1,2,7,9,1.3366,0.3834,0.1498,0.0652,0.0028,0.0088,0.7829
1,2,8,10,1.3267,0.3522,0.1749,0.0677,0.0018,0.0087,0.7803
1,2,9,11,1.2879,0.3266,0.1444,0.0651,0.0020,0.0089,0.7972
1,2,10,12,1.2454,0.3133,0.0982,0.0747,0.0016,0.0091,0.8140
1,2,11,13,1.1638,0.2840,0.0499,0.0165,0.0018,0.0091,0.8102
1,3,2,7,2.3861,0.5640,1.0774,0.9657,0.0080,0.0083,0.7198
1,3,3,8,1.8628,0.5216,0.3555,0.1436,0.0059,0.0107,0.9576
1,3,4,8,1.6940,0.4891,0.2804,0.1097,0.0051,0.0101,0.8986
1,3,5,8,1.5454,0.4585,0.2235,0.0765,0.0091,0.0094,0.8351
1,3,6,8,1.4056,0.4249,0.1573,0.0606,0.0060,0.0089,0.7996
1,3,7,9,1.3438,0.3793,0.1545,0.0661,0.0035,0.0088,0.7891
1,3,8,10,1.3270,0.3516,0.1684,0.0681,0.0022,0.0088,0.7872
1,3,9,12,1.2875,0.3298,0.1337,0.0676,0.0016,0.0090,0.8047
1,3,10,13,1.2402,0.3093,0.0937,0.0795,0.0017,0.0092,0.8172
1,3,11,12,1.1430,0.2886,0.0280,0.0184,0.0019,0.0089,0.8068
1,4,2,6,2.3909,0.5569,1.1107,1.0049,0.0081,0.0081,0.6988
1,4,3,8,1.8559,0.5254,0.3461,0.1421,0.0069,0.0107,0.9555
1,4,4,8,1.7087,0.4844,0.2922,0.1119,0.0051,0.0101,0.9063
1,4,5,8,1.5396,0.4516,0.2197,0.0700,0.0098,0.0094,0.8391
1,4,6,9,1.4106,0.4184,0.1603,0.0620,0.0036,0.0090,0.8100
1,4,7,9,1.3432,0.3734,0.1579,0.0663,0.0033,0.0087,0.7910
1,4,8,11,1.3400,0.3404,0.1728,0.0706,0.0024,0.0091,0.8062
1,4,9,12,1.2996,0.3168,0.1445,0.0733,0.0016,0.0092,0.8187
1,4,10,14,1.1734,0.3173,0.0112,0.0046,0.0018,0.0093,0.8247
1,4,11,12,1.1504,0.2925,0.0292,0.0250,0.0017,0.0090,0.8090
1,5,2,7,1.9597,0.5598,0.8742,0.7545,0.0044,0.0058,0.5096
1,5,3,8,1.8526,0.5133,0.3625,0.1415,0.0061,0.0107,0.9488
1,5,4,8,1.6896,0.4809,0.2888,0.1021,0.0052,0.0100,0.8944
1,5,5,8,1.5435,0.4499,0.2355,0.0686,0.0090,0.0093,0.8301
1,5,6,9,1.4242,0.4128,0.1816,0.0656,0.0050,0.0090,0.8066
1,5,7,8,1.3450,0.3705,0.1703,0.0681,0.0023,0.0086,0.7847
1,5,8,10,1.3529,0.3422,0.1903,0.0712,0.0022,0.0089,0.8004
1,5,9,12,1.3394,0.3207,0.1904,0.0747,0.0032,0.0091,0.8070
1,5,10,14,1.1604,0.3083,0.0150,0.0084,0.0026,0.0091,0.8165
1,5,11,14,1.1556,0.2786,0.0344,0.0291,0.0032,0.0093,0.8211
1,6,2,7,1.9569,0.5392,0.8933,0.7847,0.0037,0.0059,0.5087
1,6,3,8,1.8593,0.5094,0.3726,0.1384,0.0061,0.0107,0.9493
1,6,4,8,1.6896,0.4780,0.2904,0.1015,0.0046,0.0100,0.8961
1,6,5,8,1.5238,0.4366,0.2263,0.0638,0.0092,0.0093,0.8329
1,6,6,9,1.4253,0.4019,0.1998,0.0644,0.0046,0.0090,0.8007
1,6,7,10,1.3791,0.3617,0.1845,0.0685,0.0036,0.0089,0.8114
1,6,8,11,1.3533,0.3405,0.1846,0.0723,0.0025,0.0090,0.8079
1,6,9,11,1.3355,0.3167,0.1971,0.0774,0.0017,0.0090,0.8020
1,6,10,13,1.1872,0.3122,0.0429,0.0262,0.0025,0.0090,0.8117
1,6,11,14,1.1531,0.2766,0.0475,0.0373,0.0023,0.0092,0.8085
1,7,2,8,2.1293,0.5436,0.5178,0.2082,0.0075,0.0116,1.0363
1,7,3,8,1.8518,0.4992,0.3796,0.1366,0.0047,0.0106,0.9465
1,7,4,8,1.6538,0.4701,0.2786,0.0970,0.0050,0.0098,0.8801
1,7,5,8,1.5372,0.4367,0.2375,0.0636,0.0085,0.0093,0.8356
1,7,6,9,1.4259,0.3920,0.2073,0.0642,0.0052,0.0090,0.8032
1,7,7,11,1.3905,0.3613,0.2008,0.0682,0.0035,0.0089,0.8072
1,7,8,11,1.3670,0.3368,0.2010,0.0721,0.0045,0.0089,0.8068
1,7,9,12,1.3332,0.3127,0.1970,0.0804,0.0027,0.0090,0.8028
1,7,10,13,1.2015,0.3000,0.0697,0.0276,0.0019,0.0091,0.8119
1,7,11,14,1.1542,0.2782,0.0465,0.0418,0.0030,0.0091,0.8083
1,11,2,7,2.1146,0.5367,0.5279,0.2216,0.0067,0.0115,1.0195
1,11,3,8,1.8393,0.5015,0.3706,0.1324,0.0058,0.0105,0.9396
1,11,4,8,1.6544,0.4611,0.2938,0.0886,0.0044,0.0098,0.8751
1,11,5,9,1.5262,0.4315,0.2298,0.0621,0.0037,0.0093,0.8421
1,11,6,9,1.4275,0.3896,0.2138,0.0653,0.0038,0.0089,0.8023
1,11,7,10,1.3792,0.3527,0.2194,0.0677,0.0037,0.0088,0.7855
1,11,8,10,1.3513,0.3322,0.1998,0.0718,0.0025,0.0088,0.7990
1,11,9,12,1.3494,0.3099,0.2104,0.0857,0.0021,0.0092,0.8087
1,11,10,14,1.2030,0.2960,0.0647,0.0312,0.0029,0.0092,0.8212
1,11,11,14,1.1635,0.2752,0.0549,0.0383,0.0030,0.0092,0.8122
1,13,2,8,2.1452,0.5276,0.5642,0.2446,0.0063,0.0116,1.0231
1,13,3,8,1.7976,0.4946,0.3535,0.1177,0.0042,0.0104,0.9240
1,13,4,8,1.6475,0.4641,0.2918,0.0858,0.0034,0.0097,0.8685
1,13,5,9,1.5395,0.4262,0.2436,0.0627,0.0075,0.0094,0.8432
1,13,6,9,1.4344,0.3804,0.2329,0.0648,0.0050,0.0088,0.7982
1,13,7,11,1.3923,0.3561,0.2172,0.0680,0.0044,0.0089,0.7967
1,13,8,11,1.3492,0.3236,0.2011,0.0707,0.0026,0.0088,0.8040
1,13,9,12,1.3573,0.3132,0.2190,0.0895,0.0034,0.0091,0.8038
1,13,10,14,1.2206,0.2919,0.0687,0.0426,0.0023,0.0094,0.8391
1,13,11,14,1.1760,0.2649,0.0695,0.0243,0.0029,0.0092,0.8203
1,14,2,8,2.0842,0.5253,0.5172,0.1999,0.0066,0.0114,1.0116
1,14,3,8,1.7896,0.4911,0.3528,0.1145,0.0041,0.0103,0.9205
1,14,4,8,1.6147,0.4621,0.2718,0.0784,0.0045,0.0095,0.8568
1,14,5,9,1.5229,0.4108,0.2483,0.0629,0.0100,0.0092,0.8350
1,14,6,9,1.4227,0.3780,0.2292,0.0650,0.0034,0.0088,0.7942
1,14,7,11,1.3860,0.3480,0.2179,0.0677,0.0026,0.0090,0.7994
1,14,8,10,1.3442,0.3186,0.2047,0.0707,0.0019,0.0089,0.8014
1,14,9,12,1.3462,0.3059,0.2099,0.0858,0.0024,0.0091,0.8099
1,14,10,13,1.2046,0.2912,0.0736,0.0403,0.0020,0.0091,0.8197
1,14,11,14,1.1869,0.2528,0.0889,0.0286,0.0032,0.0093,0.8236
1,15,2,8,2.0266,0.5125,0.4859,0.1962,0.0059,0.0112,0.9993
1,15,3,8,1.7942,0.4858,0.3669,0.1197,0.0045,0.0102,0.9159
1,15,4,8,1.6261,0.4574,0.2890,0.0800,0.0045,0.0095,0.8557
1,15,5,8,1.4850,0.4092,0.2371,0.0632,0.0036,0.0090,0.8167
1,15,6,9,1.4060,0.3779,0.2143,0.0647,0.0060,0.0087,0.7902
1,15,7,12,1.3992,0.3448,0.2290,0.0680,0.0016,0.0090,0.8057
1,15,8,11,1.3447,0.3170,0.2020,0.0712,0.0018,0.0090,0.8060
1,15,9,11,1.3332,0.2997,0.2126,0.0941,0.0024,0.0090,0.8005
1,15,10,14,1.2292,0.2806,0.0904,0.0485,0.0024,0.0093,0.8374
1,15,11,13,1.1923,0.2549,0.0994,0.0371,0.0021,0.0092,0.8177
2,1,2,7,2.3729,0.5707,1.0279,0.8958,0.0080,0.0085,0.7490
2,1,3,7,2.0007,0.5286,0.4162,0.1786,0.0065,0.0115,1.0256
2,1,4,8,1.7387,0.5021,0.2741,0.1186,0.0049,0.0105,0.9358
2,1,5,8,1.5752,0.4724,0.1801,0.0604,0.0070,0.0100,0.8955
2,1,6,9,1.4646,0.4213,0.1604,0.0654,0.0035,0.0096,0.8601
2,1,7,9,1.3919,0.3830,0.1625,0.0673,0.0027,0.0092,0.8252
2,1,8,12,1.3899,0.3542,0.1704,0.0697,0.0031,0.0095,0.8434
2,1,9,11,1.3644,0.3364,0.1665,0.0725,0.0025,0.0094,0.8403
2,1,10,11,1.2901,0.3174,0.1119,0.0868,0.0026,0.0093,0.8395
2,1,11,14,1.2108,0.2904,0.0205,0.0142,0.0025,0.0098,0.8780
2,2,2,7,2.3805,0.5699,1.0390,0.8981,0.0080,0.0085,0.7463
2,2,3,7,2.0119,0.5315,0.4274,0.1794,0.0066,0.0114,1.0228
2,2,4,8,1.7697,0.4944,0.2916,0.1203,0.0273,0.0105,0.9350
2,2,5,8,1.6023,0.4669,0.2162,0.0736,0.0075,0.0099,0.8916
2,2,6,9,1.4932,0.4281,0.1800,0.0685,0.0063,0.0095,0.8594
2,2,7,10,1.3942,0.3819,0.1622,0.0686,0.0028,0.0093,0.8287
2,2,8,12,1.4035,0.3544,0.1873,0.0703,0.0030,0.0095,0.8401
2,2,9,11,1.3286,0.3301,0.1170,0.0678,0.0026,0.0095,0.8600
2,2,10,11,1.2828,0.3161,0.1088,0.0951,0.0029,0.0093,0.8365
2,2,11,14,1.2202,0.2923,0.0326,0.0179,0.0031,0.0097,0.8729
2,3,2,6,2.3701,0.5614,1.0480,0.9270,0.0080,0.0083,0.7358
2,3,3,8,1.9324,0.5231,0.3742,0.1561,0.0056,0.0113,1.0063
2,3,4,8,1.7311,0.4944,0.2802,0.1148,0.0057,0.0104,0.9295
2,3,5,8,1.6051,0.4653,0.2246,0.0778,0.0073,0.0098,0.8881
2,3,6,9,1.4827,0.4081,0.1858,0.0713,0.0140,0.0095,0.8555
2,3,7,10,1.3916,0.3787,0.1642,0.0722,0.0027,0.0092,0.8276
2,3,8,12,1.4281,0.3480,0.2080,0.0706,0.0075,0.0096,0.8455
2,3,9,10,1.3321,0.3312,0.1454,0.0758,0.0028,0.0092,0.8343
2,3,10,13,1.3124,0.3135,0.1279,0.0915,0.0020,0.0096,0.8499
2,3,11,13,1.2141,0.2924,0.0362,0.0249,0.0016,0.0096,0.8648
2,4,2,6,2.3822,0.5583,1.0628,0.9450,0.0081,0.0082,0.7361
2,4,3,8,1.9453,0.5251,0.3942,0.1565,0.0070,0.0111,0.9959
2,4,4,8,1.7486,0.4966,0.2900,0.1156,0.0108,0.0104,0.9299
2,4,5,8,1.5847,0.4605,0.2251,0.0764,0.0055,0.0097,0.8738
2,4,6,9,1.4642,0.4038,0.1865,0.0706,0.0052,0.0094,0.8495
2,4,7,9,1.4010,0.3799,0.1820,0.0739,0.0030,0.0091,0.8178
2,4,8,11,1.4007,0.3466,0.1950,0.0754,0.0027,0.0094,0.8377
2,4,9,11,1.3424,0.3274,0.1522,0.0803,0.0022,0.0093,0.8419
2,4,10,13,1.3244,0.3058,0.1403,0.0902,0.0022,0.0096,0.8569
2,4,11,13,1.2125,0.2883,0.0368,0.0335,0.0024,0.0097,0.8657
2,5,2,7,2.2120,0.5419,0.8817,0.7417,0.0080,0.0085,0.7630
2,5,3,8,1.9281,0.5098,0.3913,0.1532,0.0058,0.0111,0.9983
2,5,4,8,1.7725,0.4891,0.3155,0.1305,0.0133,0.0104,0.9333
2,5,5,8,1.5801,0.4377,0.2398,0.0759,0.0056,0.0097,0.8771
2,5,6,9,1.4634,0.4099,0.1859,0.0711,0.0074,0.0093,0.8416
2,5,7,11,1.4318,0.3769,0.1849,0.0728,0.0051,0.0094,0.8464
2,5,8,11,1.3951,0.3444,0.1903,0.0758,0.0028,0.0094,0.8388
2,5,9,11,1.3565,0.3253,0.1687,0.0869,0.0026,0.0093,0.8412
2,5,10,12,1.3184,0.3029,0.1402,0.0888,0.0017,0.0095,0.8547
2,5,11,14,1.2246,0.2874,0.0454,0.0389,0.0022,0.0098,0.8702
2,6,2,7,2.2238,0.5369,0.9011,0.7610,0.0080,0.0085,0.7604
2,6,3,8,1.9083,0.5052,0.3879,0.1470,0.0055,0.0110,0.9870
2,6,4,8,1.7288,0.4842,0.3000,0.1185,0.0049,0.0102,0.9187
2,6,5,9,1.5655,0.4224,0.2381,0.0693,0.0039,0.0098,0.8812
2,6,6,9,1.4687,0.3994,0.2092,0.0699,0.0041,0.0092,0.8374
2,6,7,11,1.4502,0.3729,0.2031,0.0734,0.0024,0.0094,0.8529
2,6,8,12,1.4396,0.3446,0.2093,0.0758,0.0049,0.0097,0.8615
2,6,9,12,1.3790,0.3150,0.1848,0.0868,0.0022,0.0096,0.8577
2,6,10,12,1.3373,0.3071,0.1578,0.0909,0.0025,0.0095,0.8509
2,6,11,14,1.2151,0.2846,0.0490,0.0420,0.0016,0.0096,0.8608
2,7,2,6,1.9700,0.5234,0.9100,0.7803,0.0032,0.0059,0.5214
2,7,3,8,1.9401,0.5020,0.4124,0.1560,0.0054,0.0111,0.9975
2,7,4,8,1.7396,0.4807,0.3129,0.1243,0.0049,0.0102,0.9203
2,7,5,9,1.5508,0.4196,0.2344,0.0686,0.0040,0.0097,0.8731
2,7,6,9,1.4678,0.3905,0.2203,0.0692,0.0044,0.0092,0.8338
2,7,7,10,1.4492,0.3689,0.2171,0.0724,0.0027,0.0093,0.8417
2,7,8,11,1.4230,0.3343,0.2171,0.0749,0.0049,0.0094,0.8480
2,7,9,12,1.4076,0.3150,0.2193,0.0944,0.0040,0.0095,0.8503
2,7,10,12,1.3492,0.3021,0.1764,0.1000,0.0017,0.0096,0.8498
2,7,11,14,1.2480,0.2837,0.0859,0.0448,0.0026,0.0097,0.8567
2,11,2,6,1.9083,0.5272,0.8560,0.7232,0.0039,0.0058,0.5094
2,11,3,8,1.9153,0.4985,0.3987,0.1442,0.0057,0.0110,0.9898
2,11,4,8,1.7432,0.4752,0.3190,0.1081,0.0060,0.0102,0.9221
2,11,5,9,1.5557,0.4220,0.2335,0.0682,0.0040,0.0097,0.8765
2,11,6,8,1.4604,0.3896,0.2199,0.0707,0.0031,0.0091,0.8292
2,11,7,10,1.4494,0.3633,0.2345,0.0731,0.0027,0.0091,0.8305
2,11,8,10,1.3937,0.3323,0.2038,0.0752,0.0029,0.0092,0.8362
2,11,9,12,1.4011,0.3107,0.2147,0.0966,0.0033,0.0096,0.8532
2,11,10,14,1.2881,0.3067,0.0906,0.0309,0.0019,0.0098,0.8696
2,11,11,14,1.2609,0.2768,0.0923,0.0370,0.0024,0.0098,0.8700
2,13,2,6,1.5973,0.5322,0.5806,0.4587,0.0066,0.0048,0.4682
2,13,3,8,1.9335,0.4967,0.4178,0.1510,0.0050,0.0110,0.9914
2,13,4,8,1.7543,0.4732,0.3249,0.1034,0.0159,0.0102,0.9194
2,13,5,9,1.5620,0.4211,0.2459,0.0674,0.0058,0.0097,0.8695
2,13,6,8,1.4669,0.3800,0.2354,0.0712,0.0036,0.0091,0.8294
2,13,7,12,1.4633,0.3532,0.2380,0.0728,0.0044,0.0094,0.8489
2,13,8,11,1.4231,0.3262,0.2308,0.0754,0.0026,0.0094,0.8449
2,13,9,11,1.3984,0.3150,0.2198,0.0927,0.0021,0.0094,0.8426
2,13,10,14,1.3021,0.3009,0.1009,0.0416,0.0025,0.0098,0.8784
2,13,11,14,1.2567,0.2812,0.0806,0.0369,0.0024,0.0098,0.8729
2,14,2,7,2.1639,0.5224,0.5657,0.2473,0.0067,0.0117,1.0449
2,14,3,8,1.9241,0.4939,0.4191,0.1447,0.0049,0.0109,0.9837
2,14,4,8,1.7261,0.4669,0.3279,0.1043,0.0043,0.0100,0.9065
2,14,5,9,1.5707,0.4168,0.2612,0.0686,0.0060,0.0096,0.8671
2,14,6,8,1.4636,0.3819,0.2346,0.0708,0.0039,0.0091,0.8247
2,14,7,12,1.4689,0.3488,0.2502,0.0727,0.0033,0.0094,0.8478
2,14,8,11,1.4038,0.3281,0.2151,0.0767,0.0018,0.0094,0.8400
2,14,9,11,1.4006,0.3080,0.2314,0.0993,0.0023,0.0094,0.8399
2,14,10,13,1.2754,0.2952,0.0924,0.0506,0.0030,0.0096,0.8656
2,14,11,14,1.2637,0.2688,0.0930,0.0327,0.0023,0.0099,0.8800
2,15,2,7,2.1081,0.5190,0.5313,0.2229,0.0067,0.0115,1.0273
2,15,3,8,1.9391,0.4889,0.4461,0.1491,0.0067,0.0109,0.9750
2,15,4,8,1.6720,0.4621,0.2848,0.0869,0.0045,0.0099,0.9002
2,15,5,9,1.5605,0.4157,0.2511,0.0686,0.0037,0.0096,0.8705
2,15,6,10,1.4674,0.3755,0.2231,0.0686,0.0047,0.0093,0.8454
2,15,7,12,1.4716,0.3420,0.2559,0.0732,0.0040,0.0095,0.8510
2,15,8,11,1.4064,0.3184,0.2280,0.0805,0.0023,0.0094,0.8389
2,15,9,11,1.4042,0.3061,0.2354,0.1001,0.0033,0.0095,0.8405
2,15,10,13,1.2644,0.2929,0.0933,0.0469,0.0016,0.0095,0.8576
2,15,11,14,1.2843,0.2708,0.1210,0.0363,0.0026,0.0097,0.8707
3,1,2,6,2.3745,0.5667,1.0098,0.8688,0.0080,0.0085,0.7724
3,1,3,8,2.0592,0.5185,0.4384,0.1910,0.0068,0.0119,1.0707
3,1,4,9,1.8104,0.4841,0.3043,0.1328,0.0056,0.0111,0.9936
3,1,5,8,1.5899,0.4664,0.1915,0.0672,0.0058,0.0101,0.9057
3,1,6,8,1.4783,0.4328,0.1486,0.0670,0.0031,0.0096,0.8743
3,1,7,10,1.4332,0.3955,0.1357,0.0704,0.0028,0.0097,0.8798
3,1,8,13,1.4536,0.3685,0.1661,0.0696,0.0032,0.0100,0.8961
3,1,9,12,1.4028,0.3389,0.1413,0.0864,0.0022,0.0101,0.9002
3,1,10,11,1.3326,0.3235,0.0976,0.0944,0.0027,0.0099,0.8891
3,1,11,12,1.2606,0.3135,0.0246,0.0198,0.0028,0.0098,0.9000
3,2,2,6,2.3858,0.5635,1.0269,0.8852,0.0081,0.0085,0.7700
3,2,3,8,2.0446,0.5097,0.4444,0.1904,0.0071,0.0118,1.0590
3,2,4,9,1.8294,0.4818,0.3180,0.1372,0.0057,0.0111,1.0011
3,2,5,8,1.5743,0.4600,0.1847,0.0691,0.0042,0.0100,0.9050
3,2,6,8,1.4935,0.4228,0.1775,0.0721,0.0034,0.0097,0.8702
3,2,7,10,1.4295,0.3953,0.1344,0.0706,0.0032,0.0096,0.8774
3,2,8,12,1.4610,0.3612,0.1907,0.0777,0.0031,0.0099,0.8863
3,2,9,12,1.4227,0.3377,0.1556,0.0880,0.0023,0.0101,0.9071
3,2,10,11,1.3367,0.3153,0.1095,0.1056,0.0029,0.0098,0.8894
3,2,11,13,1.2834,0.3086,0.0373,0.0198,0.0017,0.0101,0.9157
3,3,2,6,2.2975,0.5538,0.9365,0.7937,0.0080,0.0085,0.7816
3,3,3,8,1.9766,0.5129,0.3976,0.1664,0.0065,0.0115,1.0359
3,3,4,9,1.8349,0.4776,0.3306,0.1398,0.0045,0.0111,0.9992
3,3,5,8,1.5774,0.4572,0.1925,0.0708,0.0038,0.0100,0.9035
3,3,6,8,1.4967,0.4290,0.1777,0.0733,0.0047,0.0096,0.8658
3,3,7,10,1.4510,0.3930,0.1512,0.0715,0.0023,0.0098,0.8849
3,3,8,11,1.4641,0.3602,0.2088,0.0795,0.0030,0.0098,0.8726
3,3,9,11,1.4200,0.3289,0.1784,0.0915,0.0023,0.0099,0.8904
3,3,10,11,1.3400,0.3119,0.1163,0.1045,0.0024,0.0098,0.8898
3,3,11,14,1.3089,0.3067,0.0470,0.0283,0.0023,0.0103,0.9324
3,4,2,6,2.3150,0.5461,0.9626,0.8140,0.0080,0.0085,0.7807
3,4,3,8,2.0012,0.5029,0.4211,0.1704,0.0063,0.0116,1.0470
3,4,4,8,1.7952,0.4767,0.3116,0.1243,0.0043,0.0109,0.9803
3,4,5,9,1.5766,0.4434,0.2030,0.0742,0.0037,0.0100,0.9063
3,4,6,8,1.4874,0.4125,0.1845,0.0766,0.0057,0.0095,0.8654
3,4,7,11,1.5067,0.3884,0.2148,0.0775,0.0026,0.0099,0.8810
3,4,8,12,1.4764,0.3612,0.2021,0.0767,0.0029,0.0100,0.8904
3,4,9,11,1.4167,0.3309,0.1749,0.0885,0.0025,0.0098,0.8889
3,4,10,11,1.3630,0.3090,0.1402,0.1091,0.0028,0.0098,0.8912
3,4,11,13,1.2970,0.3019,0.0591,0.0339,0.0021,0.0101,0.9137
3,5,2,6,2.2698,0.5479,0.9167,0.7709,0.0080,0.0085,0.7796
3,5,3,8,2.0147,0.4999,0.4422,0.1799,0.0054,0.0115,1.0434
3,5,4,9,1.7980,0.4715,0.3158,0.1275,0.0046,0.0109,0.9838
3,5,5,9,1.5920,0.4366,0.2264,0.0739,0.0061,0.0099,0.9029
3,5,6,9,1.5094,0.4123,0.1953,0.0784,0.0047,0.0097,0.8775
3,5,7,11,1.4930,0.3841,0.1996,0.0776,0.0025,0.0099,0.8869
3,5,8,12,1.5318,0.3491,0.2724,0.0828,0.0028,0.0100,0.8875
3,5,9,11,1.4127,0.3284,0.1752,0.0908,0.0024,0.0098,0.8871
3,5,10,11,1.3711,0.3081,0.1533,0.1139,0.0020,0.0098,0.8880
3,5,11,13,1.2801,0.3014,0.0488,0.0406,0.0021,0.0100,0.9077
3,6,2,7,2.2861,0.5404,0.9190,0.7713,0.0080,0.0088,0.8007
3,6,3,8,1.9540,0.4981,0.4020,0.1544,0.0064,0.0114,1.0242
3,6,4,9,1.7381,0.4704,0.2851,0.1054,0.0060,0.0105,0.9550
3,6,5,9,1.5967,0.4425,0.2241,0.0739,0.0081,0.0099,0.9019
3,6,6,9,1.5267,0.4050,0.2240,0.0777,0.0063,0.0096,0.8722
3,6,7,11,1.5083,0.3817,0.2212,0.0790,0.0032,0.0098,0.8825
3,6,8,11,1.5354,0.3470,0.2941,0.0853,0.0029,0.0099,0.8716
3,6,9,11,1.4219,0.3229,0.1932,0.0991,0.0032,0.0098,0.8829
3,6,10,11,1.4062,0.3091,0.1923,0.1161,0.0020,0.0098,0.8833
3,6,11,13,1.2816,0.3017,0.0577,0.0479,0.0018,0.0100,0.9004
3,7,2,7,1.9657,0.5236,0.8709,0.7085,0.0042,0.0063,0.5544
3,7,3,8,1.9983,0.4942,0.4463,0.1772,0.0057,0.0114,1.0287
3,7,4,9,1.7499,0.4662,0.3091,0.1105,0.0047,0.0105,0.9485
3,7,5,9,1.6052,0.4276,0.2287,0.0750,0.0124,0.0100,0.9162
3,7,6,10,1.5607,0.3947,0.2503,0.0778,0.0024,0.0098,0.8938
3,7,7,11,1.5222,0.3775,0.2432,0.0805,0.0035,0.0098,0.8783
3,7,8,11,1.4944,0.3453,0.2302,0.0889,0.0023,0.0100,0.8965
3,7,9,12,1.4585,0.3194,0.2223,0.1024,0.0022,0.0099,0.8946
3,7,10,12,1.4048,0.3059,0.1790,0.1154,0.0017,0.0100,0.8981
3,7,11,13,1.2951,0.3009,0.0747,0.0496,0.0021,0.0100,0.8975
3,11,2,7,1.7812,0.5149,0.7325,0.5634,0.0026,0.0057,0.5197
3,11,3,8,1.9564,0.4900,0.4132,0.1539,0.0053,0.0113,1.0246
3,11,4,8,1.7254,0.4612,0.2925,0.0975,0.0046,0.0104,0.9457
3,11,5,9,1.5841,0.4299,0.2253,0.0751,0.0035,0.0100,0.9052
3,11,6,10,1.5361,0.3904,0.2371,0.0786,0.0028,0.0097,0.8864
3,11,7,11,1.5234,0.3726,0.2437,0.0797,0.0039,0.0098,0.8836
3,11,8,11,1.4723,0.3369,0.2192,0.0910,0.0025,0.0100,0.8937
3,11,9,11,1.4367,0.3110,0.2222,0.1113,0.0020,0.0098,0.8818
3,11,10,11,1.3886,0.3016,0.1769,0.1200,0.0032,0.0099,0.8872
3,11,11,12,1.3040,0.2894,0.0938,0.0402,0.0021,0.0100,0.8987
3,13,2,7,1.6865,0.5095,0.6652,0.5039,0.0032,0.0054,0.4979
3,13,3,9,1.9476,0.4851,0.4048,0.1491,0.0061,0.0114,1.0282
3,13,4,9,1.7254,0.4588,0.2824,0.0966,0.0037,0.0105,0.9589
3,13,5,9,1.5893,0.4270,0.2351,0.0743,0.0059,0.0099,0.9012
3,13,6,10,1.5468,0.3892,0.2410,0.0777,0.0026,0.0097,0.8946
3,13,7,11,1.5457,0.3701,0.2733,0.0794,0.0037,0.0097,0.8793
3,13,8,12,1.4941,0.3394,0.2275,0.0956,0.0023,0.0102,0.9045
3,13,9,12,1.4657,0.3149,0.2341,0.1137,0.0040,0.0101,0.8928
3,13,10,12,1.4444,0.2961,0.2424,0.1238,0.0030,0.0099,0.8831
3,13,11,12,1.2926,0.2912,0.0680,0.0314,0.0031,0.0100,0.9103
3,14,2,8,2.2531,0.5034,0.6263,0.2654,0.0078,0.0123,1.0902
3,14,3,9,1.9626,0.4745,0.4447,0.1586,0.0064,0.0112,1.0139
3,14,4,9,1.7023,0.4519,0.2777,0.0880,0.0048,0.0104,0.9467
3,14,5,9,1.5910,0.4236,0.2288,0.0742,0.0075,0.0099,0.9110
3,14,6,10,1.5356,0.3871,0.2404,0.0773,0.0029,0.0096,0.8860
3,14,7,11,1.5457,0.3584,0.2850,0.0788,0.0031,0.0097,0.8799
3,14,8,12,1.4899,0.3317,0.2268,0.0915,0.0024,0.0102,0.9086
3,14,9,12,1.4549,0.3077,0.2392,0.1146,0.0021,0.0100,0.8859
3,14,10,11,1.4418,0.3011,0.2455,0.1241,0.0028,0.0098,0.8727
3,14,11,12,1.2921,0.2820,0.0814,0.0314,0.0030,0.0100,0.9057
3,15,2,8,2.1886,0.4993,0.5842,0.2356,0.0062,0.0121,1.0739
3,15,3,8,1.9196,0.4671,0.4337,0.1405,0.0048,0.0110,0.9914
3,15,4,9,1.6924,0.4546,0.2850,0.0850,0.0043,0.0102,0.9278
3,15,5,9,1.5708,0.4208,0.2359,0.0743,0.0032,0.0098,0.8909
3,15,6,11,1.5567,0.3775,0.2676,0.0766,0.0030,0.0099,0.8886
3,15,7,12,1.5497,0.3581,0.2684,0.0806,0.0034,0.0100,0.8999
3,15,8,10,1.4720,0.3242,0.2497,0.1012,0.0031,0.0098,0.8754
3,15,9,12,1.4578,0.3067,0.2407,0.1158,0.0035,0.0100,0.8869
3,15,10,11,1.4478,0.2985,0.2526,0.1326,0.0029,0.0099,0.8740
3,15,11,12,1.2987,0.2774,0.0955,0.0389,0.0024,0.0098,0.9037
4,1,2,7,2.3280,0.5663,0.8849,0.7099,0.0090,0.0090,0.8494
4,1,3,7,1.5664,0.5359,0.4337,0.2496,0.0038,0.0056,0.5818
4,1,4,8,1.8860,0.5066,0.3047,0.1297,0.0050,0.0115,1.0459
4,1,5,8,1.7182,0.4750,0.2364,0.0796,0.0158,0.0107,0.9690
4,1,6,10,1.5758,0.4465,0.1556,0.0755,0.0059,0.0105,0.9468
4,1,7,11,1.5351,0.4019,0.1591,0.0778,0.0015,0.0105,0.9516
4,1,8,11,1.5751,0.3752,0.2332,0.0827,0.0035,0.0105,0.9421
4,1,9,11,1.4586,0.3552,0.1310,0.0995,0.0033,0.0105,0.9481
4,1,10,11,1.4355,0.3417,0.1201,0.1182,0.0029,0.0105,0.9497
4,1,11,11,1.4270,0.3277,0.1314,0.1274,0.0027,0.0105,0.9440
4,2,2,7,2.3489,0.5623,0.9178,0.7455,0.0100,0.0090,0.8404
4,2,3,8,2.2312,0.5276,0.5282,0.2608,0.0077,0.0126,1.1416
4,2,4,8,1.8786,0.5062,0.3038,0.1240,0.0054,0.0114,1.0399
4,2,5,9,1.7402,0.4652,0.2272,0.0806,0.0396,0.0109,0.9860
4,2,6,10,1.5672,0.4434,0.1515,0.0724,0.0058,0.0104,0.9455
4,2,7,11,1.5570,0.3990,0.1744,0.0833,0.0038,0.0106,0.9587
4,2,8,12,1.5671,0.3691,0.2127,0.0857,0.0069,0.0107,0.9570
4,2,9,11,1.4661,0.3602,0.1310,0.1066,0.0031,0.0105,0.9507
4,2,10,11,1.4339,0.3397,0.1211,0.1196,0.0030,0.0104,0.9490
4,2,11,11,1.4346,0.3230,0.1356,0.1335,0.0023,0.0106,0.9525
4,3,2,7,2.3524,0.5624,0.9171,0.7382,0.0108,0.0090,0.8436
4,3,3,8,2.2185,0.5261,0.5324,0.2628,0.0073,0.0124,1.1269
4,3,4,8,1.8665,0.5036,0.2988,0.1208,0.0051,0.0113,1.0360
4,3,5,8,1.7427,0.4703,0.2305,0.0812,0.0566,0.0106,0.9636
4,3,6,10,1.5844,0.4380,0.1796,0.0779,0.0061,0.0104,0.9397
4,3,7,11,1.5707,0.3965,0.1954,0.0849,0.0077,0.0105,0.9501
4,3,8,11,1.5714,0.3667,0.2328,0.0877,0.0075,0.0105,0.9434
4,3,9,11,1.4831,0.3565,0.1525,0.1073,0.0032,0.0105,0.9498
4,3,10,11,1.4356,0.3340,0.1252,0.1167,0.0032,0.0104,0.9523
4,3,11,11,1.4345,0.3169,0.1408,0.1385,0.0026,0.0105,0.9532
4,4,2,7,2.3185,0.5557,0.8994,0.7258,0.0081,0.0090,0.8369
4,4,3,8,2.1116,0.5195,0.4478,0.1914,0.0068,0.0123,1.1121
4,4,4,8,1.8588,0.4970,0.3134,0.1333,0.0054,0.0112,1.0199
4,4,5,8,1.6494,0.4673,0.2201,0.0795,0.0061,0.0103,0.9349
4,4,6,10,1.6073,0.4346,0.2045,0.0814,0.0100,0.0104,0.9373
4,4,7,12,1.5973,0.3863,0.2140,0.0872,0.0070,0.0108,0.9684
4,4,8,11,1.5783,0.3682,0.2405,0.0967,0.0042,0.0104,0.9442
4,4,9,12,1.5066,0.3477,0.1644,0.1016,0.0027,0.0108,0.9702
4,4,10,11,1.4542,0.3305,0.1472,0.1321,0.0026,0.0105,0.9527
4,4,11,11,1.4479,0.3156,0.1544,0.1402,0.0016,0.0106,0.9550
4,5,2,7,2.3190,0.5527,0.9029,0.7217,0.0081,0.0091,0.8369
4,5,3,8,2.0889,0.5134,0.4466,0.1793,0.0066,0.0121,1.0973
4,5,4,9,1.8984,0.4970,0.3321,0.1510,0.0051,0.0114,1.0411
4,5,5,9,1.6550,0.4607,0.2088,0.0834,0.0049,0.0105,0.9591
4,5,6,10,1.6306,0.4291,0.2415,0.0834,0.0031,0.0104,0.9359
4,5,7,12,1.6529,0.3843,0.2825,0.0872,0.0032,0.0108,0.9612
4,5,8,11,1.5471,0.3643,0.2016,0.0997,0.0040,0.0105,0.9562
4,5,9,12,1.5600,0.3446,0.2251,0.1055,0.0047,0.0107,0.9641
4,5,10,11,1.4669,0.3258,0.1654,0.1299,0.0029,0.0105,0.9517
4,5,11,13,1.3771,0.3204,0.0434,0.0388,0.0021,0.0109,0.9894
4,6,2,7,2.3303,0.5471,0.9182,0.7452,0.0082,0.0091,0.8383
4,6,3,8,2.0904,0.5164,0.4463,0.1821,0.0057,0.0121,1.0970
4,6,4,9,1.8545,0.4816,0.3128,0.1279,0.0047,0.0113,1.0321
4,6,5,8,1.6679,0.4619,0.2383,0.0834,0.0113,0.0102,0.9358
4,6,6,10,1.6296,0.4242,0.2392,0.0838,0.0029,0.0104,0.9422
4,6,7,12,1.6309,0.3788,0.2666,0.0889,0.0027,0.0107,0.9613
4,6,8,12,1.5448,0.3605,0.1839,0.1022,0.0054,0.0107,0.9733
4,6,9,12,1.5686,0.3480,0.2229,0.1088,0.0083,0.0107,0.9678
4,6,10,11,1.4692,0.3234,0.1557,0.1284,0.0026,0.0106,0.9663
4,6,11,12,1.3578,0.3134,0.0593,0.0501,0.0017,0.0106,0.9622
4,7,2,7,2.3374,0.5405,0.9296,0.7584,0.0094,0.0090,0.8395
4,7,3,8,2.1539,0.5069,0.5189,0.2348,0.0056,0.0120,1.0976
4,7,4,9,1.8251,0.4812,0.2865,0.1102,0.0051,0.0112,1.0295
4,7,5,8,1.6411,0.4538,0.2339,0.0824,0.0061,0.0101,0.9269
4,7,6,10,1.6322,0.4171,0.2450,0.0845,0.0028,0.0103,0.9466
4,7,7,11,1.6360,0.3759,0.2932,0.0892,0.0018,0.0104,0.9440
4,7,8,12,1.5600,0.3516,0.2096,0.1117,0.0039,0.0108,0.9732
4,7,9,12,1.5651,0.3359,0.2353,0.1213,0.0070,0.0107,0.9655
4,7,10,11,1.4749,0.3190,0.1749,0.1308,0.0031,0.0105,0.9567
4,7,11,12,1.3625,0.3071,0.0678,0.0608,0.0029,0.0107,0.9634
4,11,2,7,2.3203,0.5398,0.9150,0.7381,0.0081,0.0091,0.8390
4,11,3,8,2.0552,0.5102,0.4395,0.1662,0.0057,0.0118,1.0753
4,11,4,9,1.7958,0.4739,0.2883,0.1068,0.0048,0.0110,1.0062
4,11,5,10,1.6699,0.4446,0.2330,0.0814,0.0065,0.0105,0.9648
4,11,6,10,1.6287,0.4074,0.2403,0.0851,0.0024,0.0104,0.9574
4,11,7,12,1.6666,0.3718,0.3143,0.0946,0.0037,0.0107,0.9553
4,11,8,12,1.5736,0.3534,0.2349,0.1171,0.0078,0.0107,0.9560
4,11,9,11,1.5497,0.3455,0.2288,0.1139,0.0041,0.0104,0.9503
4,11,10,11,1.4791,0.3135,0.1862,0.1404,0.0027,0.0105,0.9555
4,11,11,12,1.3742,0.2991,0.0840,0.0510,0.0031,0.0106,0.9666
4,13,2,7,1.8530,0.5399,0.7126,0.5502,0.0029,0.0061,0.5852
4,13,3,8,2.0462,0.5068,0.4380,0.1629,0.0069,0.0117,1.0704
4,13,4,8,1.8067,0.4700,0.3210,0.1101,0.0047,0.0108,0.9887
4,13,5,9,1.6629,0.4410,0.2428,0.0822,0.0083,0.0103,0.9502
4,13,6,10,1.6507,0.4112,0.2596,0.0845,0.0031,0.0104,0.9559
4,13,7,11,1.6620,0.3639,0.3279,0.0979,0.0077,0.0105,0.9412
4,13,8,12,1.5752,0.3473,0.2368,0.1166,0.0080,0.0108,0.9617
4,13,9,11,1.5510,0.3415,0.2363,0.1211,0.0036,0.0105,0.9485
4,13,10,12,1.5100,0.3126,0.2103,0.1438,0.0016,0.0108,0.9638
4,13,11,12,1.3905,0.3047,0.0970,0.0517,0.0024,0.0106,0.9650
4,14,2,7,1.7958,0.5347,0.6795,0.5144,0.0022,0.0059,0.5674
4,14,3,8,2.0540,0.5041,0.4480,0.1673,0.0063,0.0117,1.0714
4,14,4,9,1.8051,0.4627,0.3213,0.1065,0.0048,0.0110,0.9938
4,14,5,9,1.6470,0.4322,0.2383,0.0816,0.0034,0.0103,0.9524
4,14,6,10,1.6469,0.3943,0.2696,0.0837,0.0045,0.0104,0.9573
4,14,7,11,1.6540,0.3675,0.3276,0.0986,0.0030,0.0105,0.9348
4,14,8,11,1.5512,0.3437,0.2269,0.1107,0.0052,0.0105,0.9544
4,14,9,11,1.5509,0.3381,0.2346,0.1281,0.0046,0.0106,0.9525
4,14,10,11,1.4931,0.3063,0.2127,0.1518,0.0021,0.0106,0.9505
4,14,11,12,1.3899,0.3002,0.0882,0.0411,0.0027,0.0107,0.9774
4,15,2,7,1.7533,0.5322,0.6466,0.4797,0.0034,0.0057,0.5596
4,15,3,8,1.9933,0.4981,0.4149,0.1472,0.0054,0.0115,1.0511
4,15,4,9,1.7965,0.4599,0.3234,0.1051,0.0048,0.0108,0.9860
4,15,5,9,1.6507,0.4354,0.2369,0.0820,0.0024,0.0104,0.9552
4,15,6,10,1.6326,0.3831,0.2742,0.0831,0.0017,0.0104,0.9527
4,15,7,11,1.6611,0.3598,0.3296,0.0993,0.0064,0.0106,0.9439
4,15,8,11,1.5670,0.3467,0.2476,0.1187,0.0088,0.0105,0.9429
4,15,9,11,1.5341,0.3265,0.2315,0.1272,0.0031,0.0106,0.9518
4,15,10,11,1.4868,0.3061,0.2166,0.1493,0.0019,0.0105,0.9409
4,15,11,12,1.4012,0.2884,0.1081,0.0471,0.0024,0.0106,0.9809
5,1,2,6,2.5061,0.5783,1.0345,0.8524,0.0081,0.0092,0.8663
5,1,3,7,1.5602,0.5356,0.3920,0.1860,0.0016,0.0058,0.6194
5,1,4,8,1.8950,0.5118,0.2836,0.1020,0.0054,0.0118,1.0700
5,1,5,8,1.7184,0.4766,0.1976,0.0878,0.0076,0.0111,1.0138
5,1,6,10,1.6717,0.4455,0.1884,0.0868,0.0040,0.0111,1.0115
5,1,7,12,1.6813,0.4184,0.2085,0.0857,0.0032,0.0114,1.0285
5,1,8,11,1.6132,0.3824,0.1922,0.1078,0.0025,0.0113,1.0134
5,1,9,11,1.5474,0.3620,0.1323,0.1262,0.0023,0.0113,1.0281
5,1,10,11,1.5331,0.3363,0.1561,0.1462,0.0031,0.0112,1.0151
5,1,11,12,1.5323,0.3248,0.1571,0.1501,0.0023,0.0114,1.0252
5,2,2,6,2.5209,0.5720,1.0528,0.8700,0.0080,0.0092,0.8691
5,2,3,8,2.1071,0.5491,0.3753,0.1845,0.0061,0.0126,1.1505
5,2,4,8,1.8960,0.5143,0.2848,0.1006,0.0073,0.0118,1.0655
5,2,5,8,1.7147,0.4761,0.2008,0.0893,0.0077,0.0110,1.0075
5,2,6,10,1.6671,0.4424,0.1862,0.0904,0.0034,0.0111,1.0127
5,2,7,11,1.6572,0.4114,0.2037,0.0891,0.0040,0.0111,1.0156
5,2,8,11,1.6234,0.3799,0.2115,0.1088,0.0029,0.0112,1.0065
5,2,9,11,1.5577,0.3572,0.1504,0.1295,0.0025,0.0112,1.0249
5,2,10,12,1.5614,0.3353,0.1728,0.1468,0.0017,0.0113,1.0288
5,2,11,11,1.5177,0.3228,0.1515,0.1508,0.0032,0.0112,1.0177
5,3,2,7,2.4500,0.5645,0.9685,0.7754,0.0080,0.0094,0.8896
5,3,3,8,2.0801,0.5488,0.3637,0.1754,0.0062,0.0124,1.1357
5,3,4,9,1.8974,0.4971,0.2787,0.0885,0.0050,0.0120,1.0922
5,3,5,9,1.7167,0.4703,0.2038,0.0902,0.0075,0.0111,1.0123
5,3,6,11,1.6960,0.4372,0.2057,0.0881,0.0038,0.0113,1.0267
5,3,7,11,1.6574,0.4028,0.2090,0.1037,0.0034,0.0112,1.0197
5,3,8,11,1.6480,0.3791,0.2433,0.1162,0.0025,0.0112,1.0007
5,3,9,11,1.5654,0.3487,0.1681,0.1227,0.0026,0.0113,1.0233
5,3,10,11,1.5297,0.3261,0.1633,0.1450,0.0020,0.0112,1.0157
5,3,11,11,1.5427,0.3234,0.1689,0.1534,0.0030,0.0112,1.0247
5,4,2,7,2.4589,0.5631,0.9840,0.7928,0.0081,0.0094,0.8846
5,4,3,8,2.0989,0.5462,0.3893,0.1776,0.0074,0.0124,1.1303
5,4,4,8,1.8906,0.4883,0.3051,0.1168,0.0071,0.0116,1.0665
5,4,5,8,1.7421,0.4649,0.2409,0.0908,0.0082,0.0110,1.0056
5,4,6,11,1.7235,0.4248,0.2380,0.0935,0.0051,0.0114,1.0327
5,4,7,11,1.6666,0.3959,0.2348,0.1093,0.0035,0.0111,1.0099
5,4,8,11,1.6867,0.3727,0.2943,0.1164,0.0045,0.0111,0.9927
5,4,9,12,1.5891,0.3514,0.1884,0.1299,0.0018,0.0113,1.0247
5,4,10,11,1.5391,0.3299,0.1606,0.1433,0.0023,0.0112,1.0236
5,4,11,11,1.5417,0.3131,0.1680,0.1553,0.0025,0.0113,1.0353
5,5,2,7,2.3053,0.5609,0.8166,0.6173,0.0080,0.0094,0.9004
5,5,3,8,2.0820,0.5368,0.3876,0.1716,0.0058,0.0123,1.1264
5,5,4,8,1.8909,0.4867,0.3037,0.1156,0.0070,0.0116,1.0699
5,5,5,9,1.7314,0.4560,0.2340,0.0916,0.0095,0.0110,1.0093
5,5,6,10,1.7248,0.4230,0.2507,0.0952,0.0091,0.0112,1.0193
5,5,7,11,1.6681,0.3928,0.2381,0.1108,0.0038,0.0111,1.0110
5,5,8,12,1.7051,0.3691,0.2979,0.1183,0.0059,0.0114,1.0095
5,5,9,11,1.5807,0.3405,0.2018,0.1419,0.0021,0.0112,1.0137
5,5,10,11,1.5504,0.3224,0.1807,0.1455,0.0023,0.0113,1.0223
5,5,11,11,1.5465,0.3165,0.1708,0.1556,0.0024,0.0113,1.0338
5,6,2,7,2.3129,0.5593,0.8378,0.6359,0.0081,0.0094,0.8885
5,6,3,8,2.0784,0.5276,0.3929,0.1711,0.0071,0.0123,1.1255
5,6,4,8,1.8879,0.4777,0.3090,0.1119,0.0056,0.0116,1.0721
5,6,5,9,1.7507,0.4481,0.2594,0.0925,0.0086,0.0110,1.0123
5,6,6,10,1.7221,0.4189,0.2555,0.0947,0.0085,0.0111,1.0168
5,6,7,11,1.6775,0.3887,0.2562,0.1135,0.0050,0.0110,1.0051
5,6,8,12,1.7311,0.3662,0.3322,0.1208,0.0051,0.0113,1.0049
5,6,9,12,1.6088,0.3407,0.2238,0.1491,0.0023,0.0113,1.0192
5,6,10,12,1.5879,0.3244,0.2015,0.1497,0.0024,0.0115,1.0364
5,6,11,11,1.5507,0.3091,0.1853,0.1673,0.0024,0.0112,1.0312
5,7,2,7,2.3165,0.5537,0.8445,0.6446,0.0080,0.0095,0.8908
5,7,3,8,2.1241,0.5131,0.4520,0.1929,0.0078,0.0123,1.1257
5,7,4,9,1.8960,0.4757,0.3147,0.1170,0.0051,0.0117,1.0766
5,7,5,9,1.7547,0.4430,0.2531,0.0916,0.0119,0.0111,1.0242
5,7,6,10,1.7254,0.4172,0.2529,0.0948,0.0077,0.0111,1.0249
5,7,7,11,1.7061,0.3836,0.2702,0.1097,0.0099,0.0112,1.0199
5,7,8,13,1.7548,0.3531,0.3474,0.1326,0.0121,0.0115,1.0192
5,7,9,11,1.6367,0.3370,0.2772,0.1528,0.0033,0.0111,0.9969
5,7,10,12,1.5884,0.3217,0.2046,0.1518,0.0023,0.0115,1.0367
5,7,11,11,1.5453,0.3111,0.1775,0.1583,0.0024,0.0113,1.0315
5,11,2,7,2.3141,0.5560,0.8404,0.6383,0.0080,0.0095,0.8902
5,11,3,8,2.0646,0.5150,0.4059,0.1638,0.0058,0.0122,1.1127
5,11,4,8,1.8578,0.4707,0.3139,0.1154,0.0045,0.0114,1.0453
5,11,5,9,1.7373,0.4389,0.2559,0.0914,0.0034,0.0110,1.0168
5,11,6,10,1.7174,0.4055,0.2530,0.0957,0.0040,0.0112,1.0322
5,11,7,11,1.7231,0.3792,0.2968,0.1107,0.0075,0.0112,1.0171
5,11,8,13,1.7344,0.3552,0.3366,0.1291,0.0055,0.0115,1.0141
5,11,9,12,1.6409,0.3324,0.2585,0.1463,0.0033,0.0114,1.0239
5,11,10,11,1.5743,0.3183,0.2129,0.1587,0.0030,0.0113,1.0174
5,11,11,11,1.5414,0.3085,0.1804,0.1608,0.0032,0.0112,1.0266
5,13,2,7,2.2077,0.5381,0.9729,0.7838,0.0046,0.0074,0.6771
5,13,3,8,2.1057,0.5094,0.4477,0.1825,0.0056,0.0122,1.1178
5,13,4,8,1.8690,0.4688,0.3288,0.1152,0.0049,0.0113,1.0431
5,13,5,10,1.7844,0.4340,0.2976,0.0907,0.0042,0.0111,1.0262
5,13,6,11,1.7407,0.4084,0.2687,0.0957,0.0039,0.0113,1.0370
5,13,7,12,1.7615,0.3731,0.3400,0.1150,0.0077,0.0115,1.0176
5,13,8,12,1.7609,0.3545,0.3766,0.1375,0.0083,0.0113,0.9989
5,13,9,12,1.6446,0.3364,0.2677,0.1497,0.0033,0.0114,1.0145
5,13,10,11,1.5859,0.3130,0.2244,0.1637,0.0026,0.0114,1.0231
5,13,11,12,1.5550,0.3026,0.1914,0.1634,0.0023,0.0114,1.0357
5,14,2,7,2.0488,0.5405,0.8518,0.6529,0.0031,0.0069,0.6394
5,14,3,8,2.1055,0.5039,0.4601,0.1872,0.0066,0.0122,1.1098
5,14,4,8,1.8709,0.4660,0.3321,0.1157,0.0046,0.0114,1.0446
5,14,5,11,1.7921,0.4313,0.2975,0.0908,0.0019,0.0113,1.0387
5,14,6,11,1.7539,0.4031,0.2990,0.1006,0.0088,0.0112,1.0203
5,14,7,13,1.7934,0.3666,0.3904,0.1321,0.0030,0.0115,1.0103
5,14,8,12,1.7475,0.3528,0.3721,0.1411,0.0047,0.0112,0.9955
5,14,9,12,1.6615,0.3334,0.2827,0.1565,0.0040,0.0115,1.0183
5,14,10,11,1.5805,0.3115,0.2243,0.1715,0.0029,0.0113,1.0190
5,14,11,11,1.5441,0.3047,0.1811,0.1598,0.0025,0.0113,1.0331
5,15,2,7,1.7113,0.5323,0.5548,0.3693,0.0077,0.0059,0.6045
5,15,3,8,2.0896,0.5010,0.4484,0.1759,0.0055,0.0122,1.1096
5,15,4,8,1.8589,0.4581,0.3397,0.1130,0.0049,0.0113,1.0329
5,15,5,10,1.7724,0.4299,0.2884,0.0906,0.0046,0.0111,1.0270
5,15,6,11,1.7371,0.3992,0.2886,0.1003,0.0080,0.0112,1.0187
5,15,7,11,1.7380,0.3704,0.3284,0.1200,0.0075,0.0112,1.0091
5,15,8,11,1.6454,0.3485,0.2692,0.1452,0.0031,0.0111,1.0021
5,15,9,12,1.6613,0.3300,0.2904,0.1570,0.0038,0.0114,1.0141
5,15,10,11,1.5758,0.3141,0.2237,0.1633,0.0025,0.0112,1.0129
5,15,11,12,1.5083,0.3020,0.1184,0.0389,0.0033,0.0116,1.0612
6,1,2,7,2.7084,0.5724,1.2019,0.9954,0.0080,0.0097,0.9061
6,1,3,8,2.0309,0.5407,0.3085,0.1185,0.0085,0.0126,1.1476
6,1,4,8,1.8770,0.5059,0.2296,0.0946,0.0075,0.0122,1.1092
6,1,5,10,1.8047,0.4782,0.2172,0.0936,0.0030,0.0119,1.0822
6,1,6,11,1.7760,0.4445,0.2051,0.0932,0.0026,0.0121,1.0996
6,1,7,11,1.7260,0.4202,0.1918,0.1095,0.0033,0.0120,1.0867
6,1,8,12,1.7245,0.3932,0.2189,0.1147,0.0031,0.0120,1.0851
6,1,9,11,1.6456,0.3759,0.1509,0.1288,0.0030,0.0120,1.0915
6,1,10,12,1.6580,0.3648,0.1572,0.1397,0.0017,0.0122,1.1096
6,1,11,8,1.7251,0.3419,0.2252,0.1589,0.0029,0.0123,1.1301
6,2,2,7,2.7115,0.5717,1.2122,1.0035,0.0081,0.0097,0.8997
6,2,3,9,2.0319,0.5361,0.2983,0.1031,0.0067,0.0127,1.1647
6,2,4,8,1.8821,0.5028,0.2452,0.0959,0.0089,0.0120,1.1008
6,2,5,9,1.8033,0.4683,0.2250,0.0976,0.0019,0.0118,1.0844
6,2,6,11,1.7951,0.4437,0.2296,0.0945,0.0028,0.0121,1.0946
6,2,7,12,1.7325,0.4188,0.1816,0.1034,0.0024,0.0122,1.1050
6,2,8,12,1.7345,0.3860,0.2363,0.1150,0.0045,0.0121,1.0834
6,2,9,11,1.6516,0.3776,0.1504,0.1288,0.0030,0.0119,1.0965
6,2,10,12,1.6617,0.3566,0.1687,0.1491,0.0016,0.0122,1.1103
6,2,11,8,1.7373,0.3470,0.2297,0.1576,0.0028,0.0123,1.1326
6,3,2,7,2.6439,0.5617,1.1491,0.9338,0.0080,0.0097,0.9051
6,3,3,9,2.0363,0.5326,0.3056,0.0963,0.0103,0.0127,1.1617
6,3,4,8,1.8674,0.5006,0.2395,0.0961,0.0048,0.0119,1.0978
6,3,5,10,1.8108,0.4606,0.2323,0.0968,0.0040,0.0119,1.0897
6,3,6,11,1.8000,0.4415,0.2374,0.0985,0.0029,0.0120,1.0938
6,3,7,11,1.7809,0.4141,0.2560,0.1076,0.0031,0.0120,1.0833
6,3,8,12,1.7630,0.3835,0.2710,0.1237,0.0045,0.0121,1.0794
6,3,9,11,1.6509,0.3746,0.1441,0.1403,0.0033,0.0120,1.1046
6,3,10,12,1.6711,0.3588,0.1655,0.1434,0.0038,0.0122,1.1182
6,3,11,8,1.7347,0.3407,0.2406,0.1643,0.0028,0.0121,1.1258
6,4,2,7,2.6479,0.5536,1.1751,0.9450,0.0081,0.0097,0.8911
6,4,3,9,2.0334,0.5303,0.3142,0.0934,0.0089,0.0126,1.1541
6,4,4,8,1.8973,0.4985,0.2738,0.0953,0.0104,0.0119,1.0901
6,4,5,10,1.8196,0.4569,0.2408,0.0965,0.0071,0.0118,1.0906
6,4,6,11,1.8012,0.4311,0.2492,0.1023,0.0032,0.0120,1.0934
6,4,7,12,1.7978,0.4095,0.2675,0.1105,0.0026,0.0122,1.0937
6,4,8,12,1.7592,0.3808,0.2765,0.1231,0.0035,0.0120,1.0741
6,4,9,11,1.6631,0.3713,0.1716,0.1408,0.0031,0.0120,1.0929
6,4,10,11,1.6531,0.3536,0.1654,0.1424,0.0027,0.0121,1.1070
6,4,11,8,1.7321,0.3368,0.2414,0.1581,0.0027,0.0122,1.1264
6,5,2,7,2.5454,0.5497,1.1761,0.9498,0.0063,0.0087,0.7955
6,5,3,9,2.0284,0.5272,0.3046,0.0925,0.0115,0.0127,1.1592
6,5,4,8,1.8925,0.4910,0.2780,0.0963,0.0131,0.0119,1.0861
6,5,5,11,1.8446,0.4518,0.2614,0.0981,0.0118,0.0119,1.0956
6,5,6,11,1.8109,0.4314,0.2458,0.1032,0.0053,0.0121,1.1040
6,5,7,11,1.7998,0.4063,0.2896,0.1203,0.0029,0.0119,1.0769
6,5,8,12,1.7726,0.3791,0.2951,0.1263,0.0050,0.0120,1.0691
6,5,9,11,1.6712,0.3680,0.1847,0.1344,0.0039,0.0119,1.0905
6,5,10,11,1.6592,0.3501,0.1796,0.1543,0.0029,0.0120,1.1023
6,5,11,8,1.7313,0.3298,0.2475,0.1631,0.0025,0.0121,1.1267
6,6,2,7,2.3873,0.5423,1.0608,0.8319,0.0055,0.0083,0.7618
6,6,3,9,2.0074,0.5232,0.3002,0.0928,0.0061,0.0125,1.1522
6,6,4,8,1.8823,0.4863,0.2784,0.0957,0.0072,0.0118,1.0861
6,6,5,11,1.8444,0.4468,0.2655,0.0972,0.0107,0.0120,1.0973
6,6,6,11,1.8165,0.4289,0.2661,0.1031,0.0046,0.0120,1.0929
6,6,7,12,1.8200,0.4013,0.2959,0.1233,0.0062,0.0122,1.0920
6,6,8,12,1.8024,0.3744,0.3333,0.1354,0.0026,0.0121,1.0675
6,6,9,11,1.7039,0.3637,0.2137,0.1389,0.0028,0.0120,1.0994
6,6,10,11,1.6669,0.3472,0.1842,0.1477,0.0030,0.0121,1.1081
6,6,11,8,1.7241,0.3317,0.2380,0.1659,0.0060,0.0121,1.1235
6,7,2,7,2.4500,0.5379,0.9488,0.7422,0.0080,0.0097,0.9353
6,7,3,9,2.0148,0.5133,0.3265,0.1123,0.0078,0.0124,1.1421
6,7,4,8,1.8682,0.4799,0.2720,0.0951,0.0054,0.0117,1.0868
6,7,5,12,1.9074,0.4421,0.3219,0.0966,0.0076,0.0122,1.1110
6,7,6,11,1.8219,0.4266,0.2841,0.1089,0.0033,0.0119,1.0840
6,7,7,11,1.8193,0.3960,0.3061,0.1252,0.0084,0.0120,1.0845
6,7,8,13,1.8486,0.3727,0.3689,0.1364,0.0039,0.0122,1.0786
6,7,9,12,1.7231,0.3592,0.2314,0.1425,0.0027,0.0122,1.1053
6,7,10,11,1.6806,0.3410,0.2050,0.1641,0.0049,0.0121,1.1052
6,7,11,8,1.7225,0.3311,0.2408,0.1657,0.0067,0.0121,1.1189
6,11,2,7,2.4556,0.5412,0.9514,0.7403,0.0080,0.0097,0.9351
6,11,3,9,2.0101,0.5090,0.3272,0.1106,0.0053,0.0124,1.1435
6,11,4,8,1.8644,0.4669,0.2775,0.0957,0.0074,0.0117,1.0886
6,11,5,10,1.8708,0.4379,0.3157,0.0962,0.0047,0.0118,1.0883
6,11,6,11,1.8108,0.4167,0.2730,0.1077,0.0037,0.0119,1.0931
6,11,7,12,1.8200,0.3917,0.3051,0.1199,0.0019,0.0122,1.0966
6,11,8,13,1.8661,0.3648,0.4006,0.1410,0.0026,0.0122,1.0737
6,11,9,12,1.7211,0.3548,0.2284,0.1432,0.0028,0.0122,1.1104
6,11,10,11,1.6983,0.3394,0.2200,0.1564,0.0026,0.0121,1.1117
6,11,11,8,1.7374,0.3265,0.2521,0.1617,0.0114,0.0121,1.1225
6,13,2,7,1.9120,0.5364,0.6673,0.4564,0.0047,0.0069,0.6898
6,13,3,9,2.0014,0.5069,0.3240,0.1087,0.0057,0.0123,1.1398
6,13,4,8,1.8644,0.4700,0.2786,0.0953,0.0072,0.0116,1.0848
6,13,5,10,1.8520,0.4347,0.3004,0.0964,0.0017,0.0118,1.0914
6,13,6,12,1.8412,0.4151,0.2890,0.1099,0.0060,0.0121,1.1068
6,13,7,11,1.8213,0.3839,0.3333,0.1285,0.0025,0.0120,1.0772
6,13,8,13,1.8694,0.3686,0.4003,0.1457,0.0024,0.0122,1.0737
6,13,9,12,1.7406,0.3579,0.2418,0.1433,0.0084,0.0122,1.1079
6,13,10,11,1.7020,0.3364,0.2435,0.1670,0.0027,0.0120,1.0950
6,13,11,8,1.7518,0.3254,0.2710,0.1690,0.0075,0.0121,1.1228
6,14,2,9,2.3105,0.5328,0.5123,0.2077,0.0077,0.0135,1.2298
6,14,3,8,1.9967,0.5022,0.3386,0.1209,0.0050,0.0121,1.1258
6,14,4,9,1.8927,0.4661,0.3041,0.0941,0.0069,0.0118,1.0916
6,14,5,10,1.8574,0.4324,0.2938,0.0966,0.0031,0.0120,1.1037
6,14,6,12,1.8729,0.4122,0.3225,0.1063,0.0053,0.0123,1.1081
6,14,7,12,1.8473,0.3861,0.3495,0.1338,0.0042,0.0121,1.0831
6,14,8,13,1.8895,0.3614,0.4206,0.1433,0.0072,0.0122,1.0758
6,14,9,11,1.7232,0.3540,0.2541,0.1539,0.0025,0.0120,1.0884
6,14,10,8,1.8305,0.3341,0.3614,0.1727,0.0084,0.0123,1.1013
6,14,11,9,1.7625,0.3226,0.2799,0.1789,0.0074,0.0122,1.1275
6,15,2,8,2.1645,0.5322,0.4327,0.1814,0.0065,0.0127,1.1668
6,15,3,9,1.9839,0.4983,0.3207,0.1021,0.0052,0.0123,1.1348
6,15,4,9,1.8843,0.4635,0.2967,0.0942,0.0043,0.0118,1.0957
6,15,5,11,1.8570,0.4300,0.2901,0.0967,0.0023,0.0121,1.1099
6,15,6,11,1.8197,0.4058,0.2991,0.1165,0.0044,0.0119,1.0863
6,15,7,12,1.8430,0.3814,0.3535,0.1331,0.0055,0.0121,1.0783
6,15,8,11,1.7753,0.3642,0.3044,0.1472,0.0044,0.0119,1.0782
6,15,9,11,1.7074,0.3516,0.2358,0.1481,0.0016,0.0120,1.0942
6,15,10,8,1.8170,0.3278,0.3492,0.1733,0.0081,0.0123,1.1065
6,15,11,8,1.7661,0.3198,0.3084,0.1758,0.0072,0.0120,1.1060
7,1,2,8,2.6629,0.5752,1.0478,0.8031,0.0080,0.0104,1.0106
7,1,3,7,2.2119,0.5395,0.8064,0.5374,0.0049,0.0082,0.8443
7,1,4,8,2.0121,0.5277,0.2554,0.1015,0.0215,0.0129,1.1811
7,1,5,10,1.9289,0.4907,0.2384,0.0964,0.0040,0.0127,1.1699
7,1,6,12,1.8462,0.4703,0.1544,0.0949,0.0024,0.0130,1.1927
7,1,7,11,1.8497,0.4429,0.1949,0.1212,0.0030,0.0129,1.1827
7,1,8,13,1.8600,0.4176,0.2162,0.1232,0.0031,0.0131,1.1965
7,1,9,12,1.8575,0.4046,0.2474,0.1389,0.0032,0.0130,1.1758
7,1,10,8,1.8732,0.3806,0.2371,0.1616,0.0032,0.0131,1.2254
7,1,11,8,1.8731,0.3665,0.2542,0.1711,0.0032,0.0132,1.2224
7,2,2,8,2.6658,0.5654,1.0737,0.8218,0.0080,0.0103,0.9976
7,2,3,7,2.1138,0.5383,0.7270,0.4695,0.0042,0.0081,0.8279
7,2,4,8,1.9712,0.5258,0.2436,0.1016,0.0083,0.0127,1.1675
7,2,5,11,1.9443,0.4883,0.2471,0.0981,0.0044,0.0129,1.1784
7,2,6,12,1.8608,0.4591,0.1780,0.1003,0.0029,0.0131,1.1944
7,2,7,11,1.8586,0.4386,0.2060,0.1153,0.0031,0.0129,1.1847
7,2,8,13,1.8713,0.4144,0.2332,0.1225,0.0036,0.0131,1.1935
7,2,9,12,1.8706,0.4025,0.2634,0.1471,0.0044,0.0130,1.1739
7,2,10,8,1.8683,0.3771,0.2315,0.1507,0.0033,0.0131,1.2296
7,2,11,8,1.8881,0.3647,0.2689,0.1833,0.0015,0.0132,1.2259
7,3,2,8,2.6034,0.5558,1.0076,0.7543,0.0080,0.0104,1.0107
7,3,3,7,1.6875,0.5348,0.4039,0.1346,0.0020,0.0069,0.7329
7,3,4,8,1.9779,0.5180,0.2495,0.1014,0.0145,0.0127,1.1699
7,3,5,11,1.9509,0.4830,0.2530,0.1012,0.0055,0.0130,1.1829
7,3,6,12,1.9024,0.4626,0.2216,0.1065,0.0027,0.0131,1.1891
7,3,7,11,1.8646,0.4368,0.2082,0.1131,0.0023,0.0130,1.1909
7,3,8,13,1.8705,0.4181,0.2321,0.1287,0.0038,0.0132,1.1900
7,3,9,13,1.8855,0.3961,0.2777,0.1405,0.0034,0.0132,1.1817
7,3,10,9,1.8723,0.3689,0.2319,0.1545,0.0028,0.0132,1.2416
7,3,11,8,1.8749,0.3526,0.2612,0.1778,0.0029,0.0132,1.2313
7,4,2,7,2.6079,0.5540,1.0365,0.7766,0.0080,0.0102,0.9884
7,4,3,8,1.6555,0.5307,0.3777,0.1054,0.0018,0.0070,0.7313
7,4,4,8,1.9966,0.5118,0.2727,0.1056,0.0211,0.0126,1.1652
7,4,5,10,1.9574,0.4785,0.2714,0.1034,0.0028,0.0129,1.1784
7,4,6,12,1.9156,0.4589,0.2418,0.1118,0.0029,0.0130,1.1856
7,4,7,12,1.9103,0.4327,0.2658,0.1265,0.0034,0.0130,1.1821
7,4,8,13,1.9151,0.4143,0.2823,0.1403,0.0020,0.0132,1.1899
7,4,9,12,1.8960,0.3924,0.3078,0.1461,0.0017,0.0130,1.1678
7,4,10,8,1.8638,0.3712,0.2405,0.1582,0.0033,0.0131,1.2221
7,4,11,8,1.8828,0.3539,0.2678,0.1786,0.0030,0.0132,1.2313
7,5,2,7,2.5700,0.5509,1.0014,0.7421,0.0080,0.0102,0.9887
7,5,3,9,2.3019,0.5299,0.4496,0.1816,0.0063,0.0140,1.2873
7,5,4,9,2.0025,0.5152,0.2589,0.1049,0.0205,0.0129,1.1817
7,5,5,12,1.9551,0.4768,0.2564,0.1053,0.0070,0.0130,1.1886
7,5,6,12,1.9787,0.4482,0.3212,0.1154,0.0049,0.0130,1.1780
7,5,7,13,1.9305,0.4295,0.2676,0.1281,0.0065,0.0132,1.2002
7,5,8,13,1.9161,0.4089,0.2957,0.1378,0.0020,0.0132,1.1829
7,5,9,13,1.9318,0.3890,0.3261,0.1523,0.0079,0.0132,1.1820
7,5,10,8,1.8960,0.3679,0.2738,0.1715,0.0055,0.0131,1.2217
7,5,11,8,1.8805,0.3523,0.2658,0.1706,0.0030,0.0132,1.2325
7,6,2,7,2.5762,0.5499,1.0211,0.7668,0.0081,0.0102,0.9763
7,6,3,9,2.2144,0.5216,0.4095,0.1517,0.0063,0.0136,1.2492
7,6,4,10,2.0186,0.5117,0.2947,0.1047,0.0092,0.0128,1.1771
7,6,5,11,1.9367,0.4699,0.2508,0.1053,0.0060,0.0128,1.1840
7,6,6,13,2.0086,0.4497,0.3309,0.1142,0.0117,0.0132,1.1898
7,6,7,12,1.9232,0.4260,0.2933,0.1292,0.0034,0.0129,1.1743
7,6,8,12,1.9356,0.4062,0.3304,0.1440,0.0078,0.0129,1.1649
7,6,9,13,1.9560,0.3828,0.3705,0.1599,0.0094,0.0131,1.1669
7,6,10,8,1.9126,0.3660,0.2908,0.1724,0.0062,0.0132,1.2223
7,6,11,8,1.9037,0.3486,0.3016,0.1834,0.0074,0.0132,1.2189
7,7,2,7,2.4390,0.5390,1.0619,0.7837,0.0046,0.0087,0.8156
7,7,3,8,2.1921,0.5253,0.4093,0.1631,0.0082,0.0132,1.2222
7,7,4,11,2.0309,0.5085,0.2970,0.1026,0.0078,0.0130,1.1915
7,7,5,12,1.9643,0.4635,0.2710,0.1041,0.0044,0.0130,1.1992
7,7,6,13,2.0104,0.4451,0.3260,0.1132,0.0136,0.0133,1.1990
7,7,7,12,1.9845,0.4201,0.3676,0.1360,0.0095,0.0130,1.1610
7,7,8,12,1.9978,0.3971,0.4181,0.1436,0.0065,0.0129,1.1499
7,7,9,14,1.9857,0.3786,0.3822,0.1587,0.0092,0.0134,1.1887
7,7,10,8,1.9649,0.3615,0.3423,0.1759,0.0229,0.0132,1.2110
7,7,11,8,1.9103,0.3441,0.3149,0.1793,0.0065,0.0132,1.2175
7,11,2,7,2.3916,0.5437,0.8215,0.5583,0.0080,0.0102,0.9974
7,11,3,9,2.1902,0.5229,0.3982,0.1424,0.0064,0.0134,1.2353
7,11,4,10,2.0122,0.5029,0.2921,0.1019,0.0089,0.0128,1.1822
7,11,5,12,1.9739,0.4596,0.2886,0.1039,0.0053,0.0129,1.1943
7,11,6,12,1.9689,0.4408,0.3019,0.1137,0.0069,0.0130,1.1928
7,11,7,12,1.9872,0.4110,0.3847,0.1417,0.0068,0.0130,1.1584
7,11,8,12,1.9240,0.3959,0.3298,0.1417,0.0040,0.0130,1.1679
7,11,9,14,1.9801,0.3805,0.3749,0.1550,0.0038,0.0134,1.1937
7,11,10,8,1.9690,0.3587,0.3466,0.1736,0.0245,0.0132,1.2121
7,11,11,8,1.9085,0.3400,0.3178,0.1825,0.0062,0.0132,1.2171
7,13,2,7,2.4137,0.5342,0.8459,0.5965,0.0081,0.0102,1.0046
7,13,3,9,2.1752,0.5199,0.3989,0.1392,0.0058,0.0133,1.2234
7,13,4,10,2.0463,0.4967,0.3359,0.1008,0.0020,0.0128,1.1855
7,13,5,11,1.9644,0.4595,0.2858,0.1048,0.0048,0.0129,1.1883
7,13,6,12,1.9943,0.4360,0.3382,0.1237,0.0075,0.0130,1.1863
7,13,7,13,1.9868,0.4093,0.3798,0.1495,0.0088,0.0130,1.1626
7,13,8,12,2.0056,0.3937,0.4221,0.1478,0.0087,0.0130,1.1549
7,13,9,11,1.8481,0.3777,0.2596,0.1716,0.0033,0.0129,1.1813
7,13,10,9,1.9939,0.3577,0.3753,0.1789,0.0241,0.0133,1.2092
7,13,11,8,1.9147,0.3435,0.3266,0.1755,0.0064,0.0132,1.2111
7,14,2,7,2.4117,0.5319,0.8429,0.5927,0.0081,0.0103,1.0077
7,14,3,8,2.1691,0.5179,0.4062,0.1548,0.0056,0.0132,1.2125
7,14,4,10,2.0648,0.4936,0.3475,0.1023,0.0085,0.0128,1.1891
7,14,5,12,2.0381,0.4564,0.3365,0.1043,0.0088,0.0131,1.2099
7,14,6,12,1.9870,0.4315,0.3332,0.1249,0.0093,0.0130,1.1867
7,14,7,12,2.0117,0.4100,0.4066,0.1497,0.0083,0.0130,1.1602
7,14,8,12,2.0158,0.3910,0.4446,0.1519,0.0085,0.0130,1.1455
7,14,9,8,1.9630,0.3749,0.3232,0.1661,0.0337,0.0130,1.2044
7,14,10,8,1.9783,0.3567,0.3679,0.1764,0.0238,0.0132,1.2027
7,14,11,8,1.9211,0.3363,0.3476,0.1843,0.0076,0.0131,1.2025
7,15,2,7,2.4120,0.5351,0.8449,0.5812,0.0081,0.0102,1.0030
7,15,3,8,2.1188,0.5151,0.3801,0.1395,0.0054,0.0129,1.1918
7,15,4,10,2.0354,0.4877,0.3343,0.1021,0.0016,0.0128,1.1855
7,15,5,11,1.9975,0.4540,0.3173,0.1078,0.0075,0.0130,1.1925
7,15,6,12,2.0102,0.4259,0.3738,0.1348,0.0038,0.0131,1.1802
7,15,7,12,2.0070,0.4092,0.3983,0.1426,0.0073,0.0131,1.1657
7,15,8,12,2.0232,0.3871,0.4548,0.1522,0.0058,0.0130,1.1491
7,15,9,8,1.9717,0.3662,0.3447,0.1682,0.0415,0.0131,1.1924
7,15,10,8,1.9893,0.3532,0.3859,0.1853,0.0284,0.0131,1.1948
7,15,11,8,1.9288,0.3325,0.3515,0.1817,0.0114,0.0131,1.2062
8,1,2,7,2.6606,0.5813,1.0058,0.7260,0.0080,0.0106,1.0438
8,1,3,8,1.6642,0.5563,0.3081,0.1099,0.0028,0.0071,0.7826
8,1,4,10,2.0800,0.5277,0.2658,0.1042,0.0028,0.0137,1.2556
8,1,5,12,2.0718,0.4959,0.2802,0.1022,0.0041,0.0139,1.2635
8,1,6,12,1.9568,0.4761,0.1877,0.0973,0.0025,0.0138,1.2627
8,1,7,13,1.9905,0.4574,0.2265,0.1166,0.0026,0.0139,1.2757
8,1,8,11,1.9493,0.4221,0.2433,0.1320,0.0031,0.0137,1.2530
8,1,9,9,2.1382,0.4022,0.4478,0.2233,0.0090,0.0139,1.2508
8,1,10,10,2.1451,0.3873,0.4840,0.2075,0.0089,0.0137,1.2368
8,1,11,9,1.9993,0.3746,0.3376,0.1814,0.0028,0.0138,1.2560
8,2,2,7,2.6691,0.5743,1.0178,0.7364,0.0081,0.0107,1.0469
8,2,3,9,2.2758,0.5595,0.3802,0.1245,0.0070,0.0142,1.2999
8,2,4,9,2.0720,0.5274,0.2804,0.1043,0.0033,0.0134,1.2334
8,2,5,11,2.0675,0.4926,0.2932,0.1066,0.0032,0.0137,1.2507
8,2,6,12,1.9576,0.4736,0.1951,0.1004,0.0026,0.0138,1.2584
8,2,7,13,2.0067,0.4489,0.2454,0.1125,0.0035,0.0140,1.2807
8,2,8,12,1.9646,0.4162,0.2600,0.1316,0.0032,0.0138,1.2573
8,2,9,9,2.1376,0.3994,0.4505,0.2245,0.0095,0.0138,1.2497
8,2,10,8,1.9362,0.3850,0.2465,0.1725,0.0026,0.0136,1.2743
8,2,11,9,1.9313,0.3752,0.2526,0.1714,0.0028,0.0137,1.2726
8,3,2,7,2.5299,0.5738,0.8836,0.5855,0.0081,0.0106,1.0426
8,3,3,8,2.2405,0.5532,0.3758,0.1299,0.0094,0.0138,1.2736
8,3,4,10,2.0945,0.5250,0.2789,0.1028,0.0059,0.0137,1.2565
8,3,5,11,2.0577,0.4825,0.2880,0.1086,0.0032,0.0137,1.2564
8,3,6,12,1.9873,0.4713,0.2194,0.1075,0.0037,0.0138,1.2650
8,3,7,13,2.0190,0.4467,0.2674,0.1164,0.0028,0.0140,1.2738
8,3,8,12,1.9746,0.4209,0.2676,0.1354,0.0032,0.0137,1.2552
8,3,9,10,2.1503,0.3953,0.4611,0.2131,0.0078,0.0140,1.2576
8,3,10,8,1.9343,0.3803,0.2460,0.1682,0.0019,0.0135,1.2782
8,3,11,9,1.9383,0.3698,0.2553,0.1736,0.0028,0.0138,1.2822
8,4,2,7,2.5332,0.5776,0.8833,0.6004,0.0080,0.0106,1.0426
8,4,3,8,2.2314,0.5511,0.3700,0.1254,0.0115,0.0138,1.2704
8,4,4,10,2.0799,0.5142,0.2784,0.1030,0.0038,0.0136,1.2558
8,4,5,11,2.0501,0.4841,0.2702,0.1091,0.0036,0.0138,1.2643
8,4,6,12,2.1132,0.4662,0.3709,0.1135,0.0039,0.0138,1.2440
8,4,7,12,1.9940,0.4498,0.2494,0.1179,0.0032,0.0138,1.2636
8,4,8,12,1.9884,0.4124,0.2864,0.1395,0.0038,0.0138,1.2578
8,4,9,9,2.1430,0.3938,0.4668,0.2287,0.0084,0.0138,1.2457
8,4,10,8,1.9466,0.3784,0.2594,0.1680,0.0026,0.0135,1.2783
8,4,11,9,1.9697,0.3650,0.2939,0.1853,0.0031,0.0137,1.2796
8,5,2,7,2.4063,0.5743,0.9068,0.6315,0.0048,0.0091,0.9017
8,5,3,9,2.2287,0.5475,0.3539,0.1094,0.0093,0.0140,1.2894
8,5,4,10,2.0982,0.5095,0.2888,0.1025,0.0128,0.0136,1.2593
8,5,5,12,2.0719,0.4796,0.2850,0.1064,0.0053,0.0138,1.2740
8,5,6,13,2.1140,0.4562,0.3674,0.1156,0.0035,0.0139,1.2586
8,5,7,13,2.0420,0.4417,0.2938,0.1227,0.0077,0.0139,1.2706
8,5,8,13,2.0270,0.4057,0.3355,0.1515,0.0022,0.0139,1.2554
8,5,9,9,2.1815,0.3901,0.5188,0.2359,0.0062,0.0138,1.2381
8,5,10,8,1.9304,0.3754,0.2500,0.1715,0.0024,0.0136,1.2750
8,5,11,8,1.9328,0.3602,0.2839,0.1791,0.0033,0.0135,1.2578
8,6,2,7,2.4108,0.5692,0.7753,0.4875,0.0080,0.0106,1.0365
8,6,3,8,2.2222,0.5428,0.3682,0.1236,0.0058,0.0138,1.2770
8,6,4,11,2.1257,0.5078,0.3123,0.1018,0.0054,0.0137,1.2724
8,6,5,11,2.0728,0.4760,0.3003,0.1061,0.0039,0.0137,1.2648
8,6,6,13,2.1012,0.4584,0.3423,0.1169,0.0068,0.0140,1.2653
8,6,7,12,2.1243,0.4338,0.4110,0.1329,0.0094,0.0137,1.2421
8,6,8,13,2.0282,0.4069,0.3413,0.1513,0.0020,0.0139,1.2498
8,6,9,9,2.1864,0.3807,0.5441,0.2291,0.0060,0.0137,1.2275
8,6,10,8,1.9561,0.3714,0.2834,0.1717,0.0028,0.0136,1.2707
8,6,11,9,1.9563,0.3592,0.2922,0.1793,0.0027,0.0137,1.2742
8,7,2,7,2.4238,0.5600,0.7987,0.5140,0.0081,0.0106,1.0351
8,7,3,9,2.2183,0.5358,0.3599,0.1015,0.0113,0.0139,1.2827
8,7,4,11,2.1310,0.5016,0.3205,0.1014,0.0031,0.0138,1.2780
8,7,5,11,2.0722,0.4708,0.3082,0.1053,0.0033,0.0136,1.2623
8,7,6,12,2.0718,0.4534,0.3261,0.1195,0.0033,0.0138,1.2611
8,7,7,13,2.1164,0.4320,0.3880,0.1296,0.0063,0.0140,1.2618
8,7,8,12,2.0606,0.4020,0.3911,0.1566,0.0029,0.0138,1.2367
8,7,9,10,2.1955,0.3776,0.5451,0.2171,0.0071,0.0139,1.2373
8,7,10,8,1.9626,0.3680,0.2987,0.1763,0.0034,0.0135,1.2650
8,7,11,9,1.9472,0.3576,0.2776,0.1796,0.0026,0.0136,1.2817
8,11,2,7,2.3786,0.5634,0.7494,0.4655,0.0080,0.0106,1.0360
8,11,3,9,2.1815,0.5342,0.3533,0.1012,0.0061,0.0136,1.2599
8,11,4,11,2.1222,0.4928,0.3221,0.1027,0.0059,0.0137,1.2738
8,11,5,12,2.0882,0.4678,0.3007,0.1050,0.0103,0.0139,1.2813
8,11,6,12,2.0681,0.4489,0.3194,0.1162,0.0025,0.0139,1.2692
8,11,7,12,2.0799,0.4283,0.3753,0.1355,0.0040,0.0138,1.2443
8,11,8,12,2.0501,0.4007,0.3836,0.1613,0.0061,0.0137,1.2318
8,11,9,9,2.1972,0.3812,0.5652,0.2390,0.0068,0.0137,1.2159
8,11,10,9,1.9847,0.3573,0.3276,0.1799,0.0028,0.0137,1.2691
8,11,11,9,1.9566,0.3523,0.2881,0.1898,0.0019,0.0138,1.2863
8,13,2,8,2.4011,0.5598,0.7632,0.4648,0.0080,0.0107,1.0481
8,13,3,9,2.1575,0.5264,0.3352,0.0988,0.0062,0.0136,1.2618
8,13,4,11,2.1255,0.4921,0.3412,0.1033,0.0029,0.0137,1.2616
8,13,5,11,2.1011,0.4658,0.3304,0.1121,0.0109,0.0137,1.2662
8,13,6,12,2.0789,0.4463,0.3346,0.1239,0.0045,0.0138,1.2655
8,13,7,11,2.0798,0.4248,0.3909,0.1381,0.0035,0.0136,1.2329
8,13,8,12,2.1020,0.3879,0.4511,0.1566,0.0111,0.0138,1.2237
8,13,9,10,2.2000,0.3786,0.5655,0.1990,0.0074,0.0138,1.2203
8,13,10,9,1.9947,0.3603,0.3401,0.1803,0.0025,0.0137,1.2636
8,13,11,8,1.9301,0.3462,0.2853,0.1863,0.0061,0.0135,1.2645
8,14,2,8,2.1449,0.5567,0.7451,0.4383,0.0041,0.0083,0.8222
8,14,3,9,2.1641,0.5232,0.3470,0.0987,0.0072,0.0137,1.2586
8,14,4,12,2.1683,0.4843,0.3917,0.1024,0.0022,0.0138,1.2620
8,14,5,13,2.1229,0.4646,0.3345,0.1073,0.0051,0.0140,1.2905
8,14,6,12,2.1006,0.4428,0.3596,0.1265,0.0105,0.0137,1.2598
8,14,7,11,2.0755,0.4228,0.3889,0.1437,0.0034,0.0136,1.2325
8,14,8,13,2.1498,0.3904,0.5014,0.1687,0.0045,0.0140,1.2251
8,14,9,9,2.1999,0.3770,0.5886,0.2224,0.0072,0.0135,1.1993
8,14,10,8,1.9762,0.3593,0.3465,0.1830,0.0032,0.0135,1.2394
8,14,11,8,1.9432,0.3473,0.3070,0.1918,0.0080,0.0135,1.2531
8,15,2,8,1.8515,0.5492,0.4890,0.2047,0.0029,0.0075,0.7954
8,15,3,8,2.1504,0.5133,0.3602,0.1013,0.0059,0.0134,1.2434
8,15,4,11,2.1495,0.4856,0.3730,0.1024,0.0032,0.0136,1.2598
8,15,5,11,2.0985,0.4603,0.3487,0.1141,0.0094,0.0137,1.2524
8,15,6,12,2.0631,0.4392,0.3294,0.1283,0.0044,0.0139,1.2622
8,15,7,12,2.0715,0.4195,0.3695,0.1434,0.0036,0.0138,1.2508
8,15,8,13,2.0602,0.3874,0.4006,0.1685,0.0025,0.0139,1.2415
8,15,9,9,2.1879,0.3735,0.5641,0.2224,0.0069,0.0136,1.2154
8,15,10,8,1.9712,0.3579,0.3516,0.1852,0.0069,0.0135,1.2270
8,15,11,8,1.9429,0.3445,0.3162,0.1946,0.0082,0.0134,1.2462
9,1,2,7,2.5265,0.5849,0.8345,0.5268,0.0080,0.0108,1.0767
9,1,3,7,1.9628,0.5578,0.5298,0.2206,0.0036,0.0081,0.8549
9,1,4,9,2.1546,0.5542,0.2859,0.1062,0.0038,0.0140,1.2817
9,1,5,11,2.1485,0.5254,0.2969,0.1042,0.0025,0.0142,1.2949
9,1,6,12,2.0196,0.4867,0.1922,0.1032,0.0021,0.0143,1.3097
9,1,7,12,2.0327,0.4546,0.2274,0.1227,0.0015,0.0143,1.3202
9,1,8,12,2.0273,0.4292,0.2493,0.1502,0.0023,0.0143,1.3173
9,1,9,13,2.0416,0.4167,0.2941,0.1473,0.0021,0.0144,1.2997
9,1,10,9,2.1722,0.3990,0.4832,0.2059,0.0112,0.0140,1.2501
9,1,11,8,2.0464,0.3851,0.3476,0.1891,0.0032,0.0139,1.2818
9,2,2,7,2.5340,0.5846,0.8537,0.5332,0.0083,0.0108,1.0651
9,2,3,8,1.9413,0.5604,0.5075,0.1734,0.0031,0.0082,0.8537
9,2,4,9,2.1567,0.5497,0.2981,0.1063,0.0045,0.0138,1.2761
9,2,5,10,2.1329,0.5173,0.3005,0.1101,0.0058,0.0140,1.2807
9,2,6,12,2.0448,0.4810,0.2259,0.1072,0.0030,0.0142,1.3060
9,2,7,13,2.0408,0.4584,0.2203,0.1187,0.0028,0.0144,1.3300
9,2,8,12,2.0102,0.4281,0.2406,0.1397,0.0029,0.0142,1.3096
9,2,9,14,2.0557,0.4115,0.2901,0.1655,0.0024,0.0146,1.3221
9,2,10,9,2.1889,0.3961,0.4964,0.2153,0.0124,0.0140,1.2555
9,2,11,8,2.0354,0.3833,0.3412,0.1826,0.0031,0.0139,1.2793
9,3,2,7,2.4968,0.5823,0.8177,0.5114,0.0080,0.0108,1.0665
9,3,3,8,1.8709,0.5594,0.4565,0.1336,0.0033,0.0080,0.8355
9,3,4,11,2.1811,0.5460,0.2918,0.1068,0.0067,0.0142,1.3075
9,3,5,10,2.1155,0.5170,0.2768,0.1081,0.0037,0.0140,1.2895
9,3,6,12,2.0623,0.4793,0.2333,0.1104,0.0020,0.0144,1.3186
9,3,7,13,2.0503,0.4557,0.2391,0.1191,0.0031,0.0144,1.3233
9,3,8,12,2.0375,0.4239,0.2779,0.1516,0.0025,0.0143,1.3042
9,3,9,9,2.2074,0.4080,0.4599,0.2154,0.0272,0.0141,1.2833
9,3,10,10,2.2044,0.3912,0.4841,0.2001,0.0285,0.0142,1.2715
9,3,11,8,1.9702,0.3770,0.2600,0.1771,0.0032,0.0139,1.3014
9,4,2,7,2.5321,0.5770,0.8575,0.5523,0.0081,0.0108,1.0672
9,4,3,8,1.6833,0.5572,0.3170,0.1067,0.0027,0.0074,0.7915
9,4,4,10,2.1730,0.5439,0.2964,0.1068,0.0087,0.0141,1.2953
9,4,5,10,2.1226,0.5099,0.2813,0.1105,0.0038,0.0141,1.2988
9,4,6,12,2.1154,0.4676,0.3259,0.1210,0.0055,0.0142,1.2877
9,4,7,12,2.0563,0.4507,0.2769,0.1237,0.0031,0.0141,1.2969
9,4,8,13,2.0958,0.4210,0.3450,0.1581,0.0030,0.0143,1.2977
9,4,9,9,2.2121,0.4038,0.4862,0.1953,0.0212,0.0141,1.2720
9,4,10,10,2.2112,0.3815,0.5066,0.1996,0.0229,0.0142,1.2712
9,4,11,9,2.0071,0.3661,0.2941,0.1916,0.0023,0.0141,1.3157
9,5,2,8,2.5292,0.5761,0.8412,0.5293,0.0082,0.0110,1.0813
9,5,3,8,2.3293,0.5601,0.3982,0.1459,0.0095,0.0144,1.3318
9,5,4,9,2.1539,0.5354,0.2893,0.1067,0.0025,0.0141,1.2981
9,5,5,11,2.1415,0.5039,0.2950,0.1107,0.0029,0.0143,1.3108
9,5,6,12,2.1320,0.4701,0.3380,0.1234,0.0036,0.0143,1.2915
9,5,7,13,2.0994,0.4414,0.3143,0.1326,0.0031,0.0143,1.3116
9,5,8,13,2.0800,0.4177,0.3187,0.1527,0.0022,0.0145,1.3121
9,5,9,10,2.2152,0.4011,0.4914,0.1874,0.0080,0.0143,1.2854
9,5,10,9,2.2008,0.3832,0.5025,0.2247,0.0254,0.0140,1.2610
9,5,11,8,1.9799,0.3685,0.2755,0.1839,0.0019,0.0139,1.3053
9,6,2,8,2.5336,0.5649,0.8587,0.5479,0.0082,0.0109,1.0795
9,6,3,9,2.3158,0.5563,0.3828,0.1194,0.0068,0.0145,1.3400
9,6,4,10,2.1660,0.5310,0.3055,0.1089,0.0030,0.0140,1.2979
9,6,5,11,2.1425,0.4988,0.3105,0.1100,0.0025,0.0142,1.3019
9,6,6,11,2.1391,0.4629,0.3659,0.1298,0.0033,0.0141,1.2784
9,6,7,13,2.1058,0.4378,0.3255,0.1364,0.0035,0.0144,1.3099
9,6,8,14,2.1043,0.4085,0.3543,0.1571,0.0039,0.0145,1.3082
9,6,9,9,2.2136,0.3970,0.5145,0.2082,0.0105,0.0140,1.2629
9,6,10,9,2.2157,0.3796,0.5461,0.2266,0.0085,0.0139,1.2528
9,6,11,8,2.0038,0.3663,0.3158,0.1996,0.0032,0.0138,1.2901
9,7,2,8,2.5201,0.5636,0.8491,0.5333,0.0080,0.0110,1.0769
9,7,3,9,2.3247,0.5545,0.4099,0.1176,0.0069,0.0145,1.3236
9,7,4,10,2.1857,0.5321,0.3157,0.1085,0.0096,0.0141,1.2994
9,7,5,12,2.1582,0.4892,0.3187,0.1103,0.0024,0.0143,1.3190
9,7,6,11,2.1637,0.4607,0.3880,0.1282,0.0021,0.0142,1.2839
9,7,7,13,2.1614,0.4341,0.4085,0.1440,0.0039,0.0143,1.2859
9,7,8,12,2.1010,0.4103,0.3765,0.1639,0.0025,0.0142,1.2829
9,7,9,9,2.2400,0.3926,0.5411,0.2108,0.0055,0.0142,1.2716
9,7,10,9,2.2369,0.3704,0.5763,0.2359,0.0059,0.0141,1.2554
9,7,11,8,1.9935,0.3616,0.2946,0.1842,0.0021,0.0139,1.3068
9,11,2,8,2.5280,0.5663,0.8470,0.5411,0.0081,0.0109,1.0841
9,11,3,9,2.3075,0.5512,0.3871,0.1101,0.0066,0.0145,1.3328
9,11,4,11,2.1792,0.5284,0.3181,0.1072,0.0031,0.0140,1.3010
9,11,5,13,2.1631,0.4876,0.3151,0.1103,0.0034,0.0145,1.3276
9,11,6,12,2.1734,0.4554,0.3804,0.1302,0.0095,0.0144,1.2989
9,11,7,13,2.1608,0.4321,0.4060,0.1468,0.0038,0.0143,1.2899
9,11,8,12,2.1151,0.4053,0.3834,0.1604,0.0070,0.0143,1.2904
9,11,9,10,2.2371,0.3962,0.5203,0.1907,0.0054,0.0143,1.2860
9,11,10,9,2.0553,0.3683,0.3451,0.1927,0.0029,0.0142,1.3100
9,11,11,8,1.9990,0.3566,0.3118,0.1926,0.0059,0.0140,1.2959
9,13,2,7,2.4017,0.5604,0.7519,0.4454,0.0080,0.0107,1.0591
9,13,3,9,2.3091,0.5490,0.3975,0.1174,0.0070,0.0143,1.3261
9,13,4,10,2.1936,0.5257,0.3306,0.1068,0.0055,0.0140,1.3030
9,13,5,12,2.1633,0.4849,0.3291,0.1100,0.0030,0.0142,1.3174
9,13,6,11,2.1447,0.4541,0.3716,0.1312,0.0028,0.0140,1.2872
9,13,7,12,2.1585,0.4177,0.4263,0.1530,0.0031,0.0142,1.2825
9,13,8,13,2.0957,0.4019,0.3674,0.1709,0.0031,0.0144,1.2942
9,13,9,9,2.2515,0.3927,0.5610,0.2053,0.0061,0.0141,1.2627
9,13,10,8,2.0372,0.3692,0.3419,0.1904,0.0067,0.0140,1.2905
9,13,11,8,1.9985,0.3575,0.3164,0.2019,0.0033,0.0137,1.2930
9,14,2,8,2.4264,0.5569,0.7558,0.4506,0.0080,0.0110,1.0831
9,14,3,9,2.2682,0.5376,0.4133,0.1041,0.0078,0.0140,1.2806
9,14,4,11,2.2151,0.5203,0.3492,0.1061,0.0030,0.0141,1.3136
9,14,5,11,2.1578,0.4792,0.3443,0.1108,0.0025,0.0141,1.3033
9,14,6,11,2.1553,0.4503,0.3797,0.1318,0.0036,0.0142,1.2928
9,14,7,12,2.1583,0.4202,0.4243,0.1575,0.0019,0.0142,1.2830
9,14,8,13,2.1819,0.3942,0.4850,0.1792,0.0065,0.0143,1.2672
9,14,9,9,2.2440,0.3879,0.5813,0.2030,0.0063,0.0140,1.2398
9,14,10,9,2.0627,0.3704,0.3589,0.1948,0.0028,0.0142,1.3015
9,14,11,9,2.0021,0.3481,0.3122,0.1939,0.0061,0.0141,1.3066
9,15,2,8,2.1802,0.5599,0.7252,0.3982,0.0144,0.0086,0.8631
9,15,3,8,2.2426,0.5378,0.3831,0.1084,0.0071,0.0139,1.2858
9,15,4,11,2.2592,0.5172,0.4125,0.1056,0.0026,0.0141,1.2979
9,15,5,11,2.1660,0.4724,0.3609,0.1184,0.0032,0.0141,1.3010
9,15,6,12,2.1627,0.4403,0.3888,0.1330,0.0029,0.0143,1.3017
9,15,7,12,2.1664,0.4181,0.4467,0.1636,0.0022,0.0142,1.2704
9,15,8,14,2.2214,0.3962,0.5127,0.1741,0.0034,0.0144,1.2800
9,15,9,9,2.2427,0.3826,0.5840,0.2099,0.0072,0.0140,1.2402
9,15,10,9,2.0635,0.3692,0.3626,0.1925,0.0021,0.0143,1.3004
9,15,11,8,2.0076,0.3518,0.3295,0.2044,0.0061,0.0139,1.2915
10,1,2,7,2.5391,0.5820,0.8590,0.5172,0.0081,0.0109,1.0677
10,1,3,8,2.0018,0.5556,0.5454,0.2129,0.0046,0.0084,0.8791
10,1,4,10,2.1451,0.5327,0.2691,0.1048,0.0029,0.0142,1.3112
10,1,5,11,2.1149,0.4952,0.2712,0.1083,0.0026,0.0144,1.3167
10,1,6,12,2.0328,0.4768,0.2002,0.1098,0.0033,0.0144,1.3234
10,1,7,11,2.0331,0.4592,0.2090,0.1280,0.0027,0.0143,1.3331
10,1,8,13,2.0448,0.4363,0.2332,0.1293,0.0034,0.0146,1.3423
10,1,9,9,2.1942,0.4127,0.4536,0.1969,0.0106,0.0143,1.2878
10,1,10,9,2.2140,0.4077,0.5077,0.2212,0.0076,0.0141,1.2619
10,1,11,8,2.0340,0.3942,0.3318,0.1652,0.0023,0.0140,1.2769
10,2,2,7,2.5554,0.5743,0.8829,0.5548,0.0085,0.0108,1.0675
10,2,3,8,1.9940,0.5469,0.5567,0.2112,0.0042,0.0084,0.8692
10,2,4,10,2.1521,0.5336,0.2771,0.1068,0.0018,0.0142,1.3104
10,2,5,11,2.1273,0.4903,0.2839,0.1098,0.0056,0.0143,1.3183
10,2,6,11,2.0232,0.4698,0.2048,0.1159,0.0036,0.0142,1.3160
10,2,7,12,2.0235,0.4570,0.1889,0.1205,0.0024,0.0145,1.3457
10,2,8,13,2.0593,0.4333,0.2564,0.1309,0.0021,0.0146,1.3379
10,2,9,9,2.1950,0.4169,0.4432,0.1879,0.0145,0.0143,1.2911
10,2,10,9,2.2147,0.4044,0.4970,0.2141,0.0115,0.0142,1.2728
10,2,11,10,2.0615,0.3815,0.3544,0.1771,0.0026,0.0142,1.2940
10,3,2,7,2.5054,0.5720,0.8389,0.5092,0.0080,0.0107,1.0643
10,3,3,8,2.0030,0.5523,0.5577,0.2184,0.0037,0.0084,0.8722
10,3,4,10,2.1641,0.5290,0.2997,0.1062,0.0021,0.0142,1.3043
10,3,5,10,2.1157,0.4903,0.2922,0.1097,0.0027,0.0141,1.3016
10,3,6,11,2.0346,0.4688,0.2135,0.1220,0.0028,0.0142,1.3205
10,3,7,12,2.0663,0.4503,0.2464,0.1193,0.0019,0.0145,1.3382
10,3,8,12,2.0585,0.4267,0.2787,0.1294,0.0027,0.0144,1.3212
10,3,9,9,2.1985,0.4109,0.4555,0.1872,0.0143,0.0142,1.2885
10,3,10,10,2.2152,0.4002,0.4893,0.2122,0.0096,0.0143,1.2869
10,3,11,9,2.0052,0.3829,0.2662,0.1774,0.0032,0.0141,1.3238
10,4,2,7,2.5273,0.5664,0.8618,0.5303,0.0080,0.0108,1.0687
10,4,3,8,1.7942,0.5485,0.4080,0.1057,0.0022,0.0078,0.8197
10,4,4,10,2.1692,0.5194,0.3092,0.1062,0.0024,0.0142,1.3093
10,4,5,10,2.1074,0.4810,0.2852,0.1093,0.0030,0.0142,1.3092
10,4,6,12,2.1422,0.4703,0.3284,0.1177,0.0029,0.0143,1.3113
10,4,7,12,2.0760,0.4457,0.2717,0.1260,0.0050,0.0144,1.3244
10,4,8,12,2.0584,0.4303,0.2757,0.1335,0.0034,0.0144,1.3197
10,4,9,9,2.1977,0.4088,0.4582,0.1907,0.0154,0.0142,1.2863
10,4,10,10,2.2309,0.3958,0.5137,0.2135,0.0105,0.0143,1.2816
10,4,11,9,1.9835,0.3809,0.2518,0.1899,0.0021,0.0141,1.3197
10,5,2,7,2.5387,0.5699,0.8611,0.5453,0.0080,0.0109,1.0773
10,5,3,9,2.3079,0.5474,0.3956,0.1093,0.0066,0.0145,1.3284
10,5,4,10,2.1929,0.5109,0.3340,0.1047,0.0066,0.0142,1.3124
10,5,5,11,2.1500,0.4797,0.3296,0.1100,0.0025,0.0142,1.3094
10,5,6,11,2.1641,0.4662,0.3723,0.1247,0.0035,0.0142,1.2931
10,5,7,12,2.0932,0.4410,0.2894,0.1382,0.0017,0.0145,1.3317
10,5,8,12,2.0769,0.4260,0.2928,0.1340,0.0043,0.0144,1.3244
10,5,9,10,2.2284,0.4038,0.5031,0.2021,0.0092,0.0143,1.2830
10,5,10,10,2.2132,0.3919,0.4937,0.2116,0.0103,0.0142,1.2882
10,5,11,10,2.0185,0.3740,0.2850,0.1833,0.0019,0.0143,1.3284
10,6,2,7,2.5531,0.5663,0.8728,0.5603,0.0083,0.0109,1.0832
10,6,3,8,2.2941,0.5449,0.4069,0.1185,0.0070,0.0142,1.3059
10,6,4,9,2.1848,0.5068,0.3287,0.1042,0.0089,0.0141,1.3113
10,6,5,11,2.1572,0.4776,0.3369,0.1100,0.0030,0.0142,1.3109
10,6,6,12,2.1694,0.4633,0.3729,0.1303,0.0038,0.0143,1.3002
10,6,7,12,2.1186,0.4377,0.3313,0.1358,0.0019,0.0144,1.3186
10,6,8,13,2.1268,0.4232,0.3388,0.1488,0.0038,0.0146,1.3313
10,6,9,10,2.2377,0.4000,0.5090,0.1869,0.0142,0.0143,1.2852
10,6,10,9,2.2413,0.3890,0.5383,0.2180,0.0113,0.0141,1.2738
10,6,11,10,2.0191,0.3660,0.2956,0.2003,0.0029,0.0142,1.3258
10,7,2,8,2.5608,0.5563,0.8884,0.5640,0.0088,0.0109,1.0848
10,7,3,9,2.2784,0.5412,0.3841,0.1016,0.0079,0.0143,1.3157
10,7,4,11,2.2201,0.5034,0.3511,0.1036,0.0052,0.0144,1.3312
10,7,5,12,2.1556,0.4729,0.3170,0.1136,0.0018,0.0144,1.3346
10,7,6,13,2.1875,0.4563,0.3842,0.1297,0.0057,0.0145,1.3120
10,7,7,13,2.1122,0.4346,0.3218,0.1402,0.0016,0.0146,1.3247
10,7,8,13,2.1365,0.4173,0.3669,0.1574,0.0028,0.0146,1.3200
10,7,9,10,2.2439,0.3973,0.5300,0.1942,0.0060,0.0143,1.2815
10,7,10,8,2.0419,0.3845,0.3187,0.1698,0.0021,0.0141,1.3076
10,7,11,10,2.0142,0.3674,0.2798,0.1836,0.0032,0.0142,1.3346
10,11,2,8,2.5717,0.5524,0.8940,0.5734,0.0083,0.0110,1.0944
10,11,3,9,2.2658,0.5378,0.3749,0.1005,0.0072,0.0143,1.3164
10,11,4,10,2.1869,0.4984,0.3406,0.1037,0.0051,0.0142,1.3136
10,11,5,11,2.1497,0.4681,0.3217,0.1170,0.0018,0.0144,1.3288
10,11,6,13,2.1743,0.4509,0.3769,0.1338,0.0030,0.0144,1.3142
10,11,7,13,2.1196,0.4315,0.3278,0.1435,0.0020,0.0146,1.3287
10,11,8,13,2.1318,0.4155,0.3601,0.1489,0.0029,0.0146,1.3237
10,11,9,10,2.2406,0.3981,0.5250,0.1880,0.0100,0.0142,1.2784
10,11,10,8,2.0387,0.3810,0.3245,0.1717,0.0021,0.0140,1.3023
10,11,11,9,2.0304,0.3624,0.3169,0.2061,0.0020,0.0142,1.3200
10,13,2,8,2.4723,0.5520,0.8041,0.4790,0.0080,0.0110,1.0854
10,13,3,9,2.2528,0.5345,0.3731,0.1018,0.0074,0.0142,1.3085
10,13,4,12,2.2088,0.4965,0.3344,0.1034,0.0034,0.0145,1.3451
10,13,5,11,2.1632,0.4677,0.3408,0.1219,0.0038,0.0143,1.3219
10,13,6,12,2.1638,0.4494,0.3733,0.1340,0.0044,0.0142,1.3075
10,13,7,12,2.1840,0.4288,0.4289,0.1499,0.0050,0.0144,1.2921
10,13,8,10,2.3879,0.4036,0.6735,0.3631,0.0057,0.0145,1.2755
10,13,9,10,2.2615,0.3888,0.5611,0.1997,0.0068,0.0143,1.2757
10,13,10,9,2.0690,0.3752,0.3449,0.1876,0.0023,0.0142,1.3175
10,13,11,10,2.0237,0.3608,0.3063,0.2003,0.0024,0.0143,1.3251
10,14,2,8,2.4967,0.5534,0.8242,0.4988,0.0080,0.0110,1.0883
10,14,3,9,2.2595,0.5318,0.4005,0.1019,0.0072,0.0140,1.2912
10,14,4,12,2.2425,0.4955,0.4007,0.1050,0.0029,0.0144,1.3140
10,14,5,11,2.1715,0.4635,0.3627,0.1256,0.0028,0.0143,1.3136
10,14,6,12,2.1643,0.4455,0.3716,0.1348,0.0031,0.0144,1.3147
10,14,7,12,2.1872,0.4240,0.4364,0.1491,0.0040,0.0144,1.2936
10,14,8,10,2.3683,0.4070,0.6457,0.3539,0.0062,0.0145,1.2799
10,14,9,9,2.2889,0.3917,0.6015,0.2120,0.0064,0.0142,1.2601
10,14,10,8,2.0504,0.3726,0.3539,0.1896,0.0025,0.0140,1.2926
10,14,11,9,2.0276,0.3583,0.3211,0.2022,0.0030,0.0141,1.3163
10,15,2,8,2.2155,0.5491,0.7832,0.4335,0.0056,0.0088,0.8597
10,15,3,8,2.2405,0.5288,0.3942,0.1026,0.0090,0.0139,1.2799
10,15,4,10,2.1820,0.4815,0.3613,0.1050,0.0048,0.0142,1.3056
10,15,5,13,2.1800,0.4568,0.3603,0.1222,0.0080,0.0144,1.3257
10,15,6,11,2.1570,0.4376,0.3861,0.1416,0.0022,0.0142,1.3021
10,15,7,13,2.1869,0.4223,0.4180,0.1425,0.0072,0.0146,1.3098
10,15,8,10,2.2823,0.4034,0.5501,0.1736,0.0066,0.0145,1.2925
10,15,9,10,2.2770,0.3835,0.5842,0.2168,0.0081,0.0143,1.2719
10,15,10,8,2.0547,0.3706,0.3662,0.1881,0.0024,0.0140,1.2865
10,15,11,10,2.0342,0.3498,0.3287,0.1988,0.0034,0.0143,1.3231
11,1,2,7,2.5561,0.5864,0.8685,0.5410,0.0080,0.0109,1.0708
11,1,3,7,1.6980,0.5681,0.3049,0.1096,0.0020,0.0073,0.8081
11,1,4,9,2.1410,0.5493,0.2758,0.1056,0.0032,0.0139,1.2839
11,1,5,11,2.1168,0.5210,0.2507,0.1044,0.0025,0.0143,1.3133
11,1,6,11,2.0171,0.4954,0.1715,0.1016,0.0022,0.0142,1.3189
11,1,7,11,2.0333,0.4633,0.2127,0.1293,0.0023,0.0143,1.3257
11,1,8,13,2.0199,0.4339,0.2328,0.1341,0.0031,0.0144,1.3209
11,1,9,9,2.2139,0.4067,0.4640,0.2318,0.0230,0.0142,1.2911
11,1,10,10,2.2041,0.3992,0.4966,0.1908,0.0057,0.0142,1.2735
11,1,11,9,1.9836,0.3782,0.2866,0.1686,0.0027,0.0140,1.2874
11,2,2,7,2.5607,0.5854,0.8626,0.5555,0.0081,0.0109,1.0821
11,2,3,8,2.2830,0.5792,0.3266,0.1022,0.0104,0.0145,1.3370
11,2,4,11,2.1689,0.5484,0.2876,0.1075,0.0047,0.0143,1.2992
11,2,5,11,2.1366,0.5190,0.2793,0.1025,0.0034,0.0143,1.3059
11,2,6,11,2.0270,0.5000,0.1861,0.1001,0.0033,0.0141,1.3089
11,2,7,11,2.0304,0.4592,0.2244,0.1283,0.0023,0.0143,1.3155
11,2,8,12,2.0357,0.4307,0.2574,0.1364,0.0035,0.0143,1.3152
11,2,9,9,2.2135,0.4044,0.4481,0.2113,0.0240,0.0143,1.3075
11,2,10,9,1.9675,0.3973,0.2208,0.1589,0.0025,0.0141,1.3180
11,2,11,10,1.9699,0.3688,0.2456,0.1748,0.0038,0.0142,1.3227
11,3,2,7,2.4388,0.5768,0.7563,0.4398,0.0080,0.0109,1.0752
11,3,3,8,2.2210,0.5715,0.3022,0.1029,0.0066,0.0142,1.3115
11,3,4,9,2.1458,0.5405,0.2801,0.1083,0.0027,0.0141,1.2936
11,3,5,11,2.1034,0.5137,0.2513,0.1043,0.0026,0.0142,1.3069
11,3,6,12,2.0457,0.4776,0.2165,0.1121,0.0021,0.0144,1.3202
11,3,7,12,2.0473,0.4553,0.2335,0.1255,0.0036,0.0144,1.3254
11,3,8,12,2.0566,0.4353,0.2811,0.1420,0.0033,0.0143,1.3079
11,3,9,9,2.2170,0.4063,0.4618,0.2019,0.0218,0.0143,1.2977
11,3,10,10,1.9911,0.3939,0.2388,0.1652,0.0026,0.0142,1.3269
11,3,11,11,1.9678,0.3726,0.2360,0.1794,0.0028,0.0144,1.3271
11,4,2,7,2.4489,0.5750,0.7753,0.4610,0.0080,0.0108,1.0682
11,4,3,8,2.1924,0.5756,0.2817,0.1025,0.0143,0.0140,1.2921
11,4,4,11,2.1636,0.5431,0.2690,0.1086,0.0030,0.0143,1.3192
11,4,5,12,2.1416,0.5077,0.2944,0.1062,0.0028,0.0143,1.3077
11,4,6,11,2.0700,0.4786,0.2367,0.1147,0.0042,0.0143,1.3214
11,4,7,12,2.0680,0.4507,0.2606,0.1243,0.0032,0.0144,1.3242
11,4,8,12,2.0566,0.4289,0.2771,0.1394,0.0021,0.0144,1.3193
11,4,9,9,2.2186,0.3955,0.4688,0.2006,0.0213,0.0143,1.3036
11,4,10,9,1.9851,0.3903,0.2350,0.1673,0.0025,0.0141,1.3283
11,4,11,10,1.9748,0.3732,0.2354,0.1761,0.0020,0.0143,1.3350
11,5,2,7,2.4086,0.5772,0.7302,0.4144,0.0081,0.0109,1.0706
11,5,3,9,2.1927,0.5667,0.2849,0.1038,0.0202,0.0140,1.2922
11,5,4,10,2.1632,0.5330,0.2927,0.1085,0.0040,0.0141,1.3046
11,5,5,11,2.1505,0.5010,0.3205,0.1084,0.0038,0.0141,1.2965
11,5,6,12,2.1004,0.4752,0.2739,0.1127,0.0032,0.0144,1.3188
11,5,7,11,2.0869,0.4418,0.3009,0.1402,0.0033,0.0143,1.3118
11,5,8,13,2.0906,0.4241,0.3152,0.1438,0.0027,0.0144,1.3191
11,5,9,9,2.2230,0.3986,0.4966,0.2067,0.0082,0.0143,1.2904
11,5,10,9,1.9947,0.3866,0.2422,0.1629,0.0028,0.0141,1.3342
11,5,11,9,1.9765,0.3618,0.2718,0.1938,0.0016,0.0140,1.3126
11,6,2,7,2.4105,0.5737,0.7340,0.4213,0.0081,0.0109,1.0723
11,6,3,10,2.2279,0.5615,0.3252,0.1028,0.0038,0.0142,1.3085
11,6,4,11,2.1755,0.5357,0.2866,0.1084,0.0069,0.0143,1.3172
11,6,5,12,2.1646,0.4915,0.3339,0.1108,0.0025,0.0143,1.3078
11,6,6,12,2.1080,0.4714,0.2852,0.1156,0.0028,0.0144,1.3193
11,6,7,11,2.0939,0.4373,0.3251,0.1357,0.0032,0.0142,1.2994
11,6,8,13,2.0866,0.4165,0.3242,0.1604,0.0040,0.0144,1.3126
11,6,9,9,2.2533,0.3887,0.5350,0.2123,0.0080,0.0144,1.2922
11,6,10,9,2.0094,0.3835,0.2839,0.1729,0.0031,0.0140,1.3101
11,6,11,9,1.9787,0.3586,0.2786,0.1845,0.0016,0.0140,1.3111
11,7,2,7,2.3968,0.5631,0.7404,0.4257,0.0080,0.0109,1.0629
11,7,3,10,2.2380,0.5556,0.3382,0.1021,0.0029,0.0142,1.3123
11,7,4,10,2.1694,0.5291,0.3085,0.1065,0.0036,0.0140,1.2994
11,7,5,11,2.1696,0.4899,0.3405,0.1100,0.0033,0.0142,1.3070
11,7,6,11,2.1572,0.4673,0.3643,0.1250,0.0019,0.0142,1.2948
11,7,7,11,2.1554,0.4336,0.4107,0.1463,0.0029,0.0141,1.2795
11,7,8,12,2.0965,0.4126,0.3608,0.1605,0.0043,0.0143,1.2897
11,7,9,9,2.2660,0.3886,0.5570,0.2082,0.0077,0.0143,1.2834
11,7,10,9,2.0175,0.3740,0.3048,0.1752,0.0026,0.0140,1.3077
11,7,11,10,1.9879,0.3571,0.2803,0.1859,0.0027,0.0141,1.3189
11,11,2,7,2.4070,0.5723,0.7403,0.4259,0.0080,0.0108,1.0639
11,11,3,10,2.2175,0.5537,0.3185,0.1027,0.0036,0.0141,1.3127
11,11,4,11,2.1863,0.5148,0.3188,0.1062,0.0052,0.0142,1.3187
11,11,5,11,2.1656,0.4816,0.3408,0.1112,0.0026,0.0142,1.3117
11,11,6,11,2.1544,0.4606,0.3649,0.1304,0.0038,0.0142,1.2960
11,11,7,12,2.1771,0.4306,0.4291,0.1485,0.0034,0.0142,1.2850
11,11,8,13,2.1218,0.4067,0.3830,0.1715,0.0035,0.0144,1.2993
11,11,9,9,2.2604,0.3902,0.5417,0.2066,0.0069,0.0144,1.2921
11,11,10,10,2.0321,0.3687,0.3143,0.1879,0.0025,0.0141,1.3180
11,11,11,10,1.9983,0.3515,0.2923,0.1887,0.0028,0.0142,1.3227
11,13,2,7,2.2323,0.5718,0.7602,0.4499,0.0054,0.0086,0.8773
11,13,3,10,2.2612,0.5440,0.3838,0.1023,0.0029,0.0141,1.3016
11,13,4,12,2.2198,0.5126,0.3423,0.1053,0.0029,0.0144,1.3328
11,13,5,11,2.1801,0.4837,0.3458,0.1104,0.0057,0.0142,1.3161
11,13,6,11,2.1607,0.4582,0.3697,0.1304,0.0024,0.0142,1.3015
11,13,7,12,2.1825,0.4272,0.4362,0.1532,0.0053,0.0143,1.2848
11,13,8,13,2.1245,0.4048,0.3771,0.1684,0.0021,0.0145,1.3111
11,13,9,9,2.2670,0.3892,0.5619,0.2027,0.0071,0.0143,1.2796
11,13,10,9,2.0107,0.3651,0.3055,0.1836,0.0047,0.0140,1.3070
11,13,11,9,2.0021,0.3503,0.3057,0.1898,0.0028,0.0141,1.3140
11,14,2,7,1.9613,0.5602,0.5542,0.2579,0.0032,0.0078,0.8278
11,14,3,10,2.2661,0.5381,0.3991,0.1047,0.0048,0.0141,1.2951
11,14,4,11,2.1855,0.5051,0.3247,0.1054,0.0050,0.0142,1.3220
11,14,5,11,2.1791,0.4820,0.3450,0.1096,0.0043,0.0142,1.3188
11,14,6,11,2.1585,0.4544,0.3646,0.1321,0.0030,0.0142,1.3074
11,14,7,12,2.1772,0.4251,0.4328,0.1564,0.0036,0.0142,1.2868
11,14,8,10,2.3766,0.4005,0.6735,0.3654,0.0065,0.0145,1.2665
11,14,9,10,2.2454,0.3874,0.5502,0.1976,0.0090,0.0142,1.2698
11,14,10,9,2.0383,0.3636,0.3364,0.1891,0.0021,0.0142,1.3072
11,14,11,10,2.0235,0.3481,0.3318,0.2004,0.0027,0.0142,1.3116
11,15,2,7,1.8325,0.5612,0.4585,0.1574,0.0031,0.0075,0.7944
11,15,3,9,2.2421,0.5344,0.3852,0.1054,0.0037,0.0140,1.2901
11,15,4,11,2.1845,0.5076,0.3161,0.1058,0.0054,0.0142,1.3264
11,15,5,11,2.1770,0.4788,0.3445,0.1089,0.0058,0.0142,1.3190
11,15,6,11,2.1544,0.4434,0.3670,0.1320,0.0037,0.0142,1.3111
11,15,7,13,2.1759,0.4204,0.4365,0.1517,0.0052,0.0144,1.2848
11,15,8,10,2.3645,0.3991,0.6637,0.3617,0.0066,0.0144,1.2658
11,15,9,10,2.2508,0.3767,0.5888,0.2004,0.0026,0.0141,1.2537
11,15,10,9,2.0140,0.3618,0.3127,0.1861,0.0036,0.0140,1.3074
11,15,11,9,2.0012,0.3463,0.3232,0.1925,0.0075,0.0140,1.2954
12,1,2,7,2.5847,0.5859,0.9132,0.6147,0.0080,0.0106,1.0556
12,1,3,7,1.9410,0.5582,0.5252,0.1979,0.0027,0.0080,0.8385
12,1,4,10,2.1310,0.5483,0.2818,0.1002,0.0039,0.0139,1.2684
12,1,5,11,2.0982,0.5210,0.2562,0.1013,0.0018,0.0141,1.2906
12,1,6,12,1.9998,0.4878,0.1897,0.1037,0.0027,0.0140,1.2912
12,1,7,11,1.9703,0.4565,0.1935,0.1208,0.0030,0.0139,1.2889
12,1,8,12,1.9957,0.4333,0.2384,0.1407,0.0024,0.0140,1.2930
12,1,9,12,1.9852,0.4153,0.2647,0.1474,0.0020,0.0140,1.2747
12,1,10,10,2.1883,0.3973,0.4936,0.2221,0.0058,0.0141,1.2627
12,1,11,9,2.0116,0.3883,0.3081,0.1574,0.0021,0.0140,1.2846
12,2,2,7,2.6005,0.5827,0.9313,0.6233,0.0080,0.0107,1.0565
12,2,3,7,1.6967,0.5593,0.3307,0.1099,0.0018,0.0073,0.7901
12,2,4,10,2.1276,0.5462,0.2885,0.1027,0.0054,0.0138,1.2592
12,2,5,11,2.0962,0.5191,0.2587,0.1044,0.0022,0.0141,1.2877
12,2,6,11,2.0020,0.4749,0.2036,0.1088,0.0022,0.0140,1.2928
12,2,7,11,2.0011,0.4554,0.2244,0.1312,0.0021,0.0140,1.2907
12,2,8,13,2.0092,0.4246,0.2620,0.1352,0.0034,0.0141,1.2905
12,2,9,12,1.9938,0.4090,0.2767,0.1594,0.0029,0.0141,1.2767
12,2,10,9,2.1846,0.3958,0.5009,0.2419,0.0140,0.0139,1.2454
12,2,11,9,2.0434,0.3834,0.3465,0.1763,0.0022,0.0140,1.2827
12,3,2,7,2.4823,0.5820,0.8174,0.4991,0.0080,0.0107,1.0528
12,3,3,7,1.6974,0.5573,0.3345,0.1053,0.0031,0.0073,0.7877
12,3,4,10,2.1134,0.5450,0.2746,0.1051,0.0037,0.0138,1.2618
12,3,5,10,2.1105,0.5168,0.2914,0.1043,0.0071,0.0138,1.2672
12,3,6,11,2.0131,0.4772,0.2196,0.1163,0.0026,0.0140,1.2852
12,3,7,11,2.0098,0.4527,0.2367,0.1333,0.0035,0.0140,1.2884
12,3,8,13,2.0307,0.4263,0.2746,0.1401,0.0049,0.0143,1.2959
12,3,9,13,2.0305,0.4070,0.3034,0.1551,0.0052,0.0141,1.2862
12,3,10,9,2.1850,0.3859,0.5072,0.2464,0.0093,0.0139,1.2540
12,3,11,9,1.9796,0.3771,0.2702,0.1829,0.0025,0.0139,1.3012
12,4,2,8,2.4836,0.5793,0.8129,0.4945,0.0080,0.0109,1.0611
12,4,3,7,1.6970,0.5547,0.3482,0.1060,0.0020,0.0073,0.7773
12,4,4,11,2.1321,0.5416,0.2918,0.1054,0.0033,0.0139,1.2671
12,4,5,11,2.1204,0.5084,0.2988,0.1091,0.0051,0.0139,1.2795
12,4,6,11,2.0952,0.4654,0.3229,0.1247,0.0028,0.0140,1.2755
12,4,7,12,2.0544,0.4493,0.2769,0.1302,0.0037,0.0142,1.2958
12,4,8,13,2.0565,0.4236,0.3090,0.1476,0.0040,0.0142,1.2913
12,4,9,13,2.0553,0.4014,0.3387,0.1607,0.0043,0.0142,1.2821
12,4,10,9,2.1874,0.3821,0.5208,0.2511,0.0079,0.0139,1.2481
12,4,11,9,1.9913,0.3735,0.2807,0.1795,0.0026,0.0140,1.3059
12,5,2,7,2.3752,0.5773,0.7089,0.3984,0.0080,0.0107,1.0590
12,5,3,8,2.2739,0.5531,0.3849,0.1317,0.0084,0.0141,1.2984
12,5,4,12,2.1569,0.5276,0.2891,0.1060,0.0091,0.0142,1.3025
12,5,5,12,2.1258,0.5071,0.2902,0.1091,0.0072,0.0141,1.2928
12,5,6,11,2.0961,0.4664,0.3312,0.1260,0.0027,0.0139,1.2674
12,5,7,11,2.0364,0.4402,0.2871,0.1326,0.0038,0.0139,1.2769
12,5,8,13,2.0517,0.4205,0.3078,0.1427,0.0031,0.0142,1.2915
12,5,9,9,2.2061,0.3977,0.4973,0.2219,0.0120,0.0141,1.2702
12,5,10,8,1.9748,0.3844,0.2545,0.1735,0.0029,0.0138,1.3046
12,5,11,9,1.9985,0.3755,0.2863,0.1906,0.0025,0.0140,1.3058
12,6,2,7,2.3900,0.5761,0.7363,0.4201,0.0081,0.0107,1.0475
12,6,3,8,2.1881,0.5497,0.3175,0.1030,0.0072,0.0138,1.2853
12,6,4,11,2.1703,0.5294,0.3223,0.1061,0.0050,0.0140,1.2850
12,6,5,12,2.1003,0.4950,0.2818,0.1107,0.0019,0.0140,1.2931
12,6,6,11,2.0997,0.4607,0.3361,0.1270,0.0020,0.0140,1.2726
12,6,7,11,2.0515,0.4380,0.2994,0.1359,0.0030,0.0140,1.2827
12,6,8,12,2.0724,0.4150,0.3508,0.1565,0.0030,0.0141,1.2751
12,6,9,10,2.2304,0.3927,0.5244,0.2186,0.0055,0.0143,1.2787
12,6,10,9,2.0112,0.3808,0.2849,0.1804,0.0028,0.0140,1.3139
12,6,11,9,1.9723,0.3624,0.2768,0.1847,0.0024,0.0139,1.3021
12,7,2,7,2.3926,0.5715,0.7471,0.4431,0.0080,0.0107,1.0441
12,7,3,9,2.1859,0.5490,0.3329,0.1036,0.0032,0.0137,1.2728
12,7,4,11,2.1787,0.5252,0.3249,0.1048,0.0033,0.0141,1.2966
12,7,5,13,2.1321,0.4902,0.2965,0.1098,0.0039,0.0142,1.3127
12,7,6,11,2.1043,0.4572,0.3298,0.1238,0.0033,0.0140,1.2857
12,7,7,11,2.1046,0.4336,0.3714,0.1406,0.0036,0.0140,1.2676
12,7,8,13,2.1018,0.4105,0.3736,0.1607,0.0022,0.0143,1.2865
12,7,9,10,2.2497,0.3825,0.5587,0.2225,0.0064,0.0143,1.2729
12,7,10,9,2.0220,0.3760,0.3155,0.1729,0.0026,0.0140,1.2993
12,7,11,9,2.0155,0.3662,0.3043,0.2007,0.0029,0.0140,1.3136
12,11,2,7,2.3979,0.5705,0.7457,0.4458,0.0081,0.0107,1.0516
12,11,3,9,2.2125,0.5452,0.3618,0.1029,0.0018,0.0138,1.2754
12,11,4,10,2.1473,0.5199,0.3084,0.1064,0.0052,0.0138,1.2856
12,11,5,12,2.1387,0.4804,0.3307,0.1091,0.0031,0.0140,1.2960
12,11,6,11,2.0967,0.4482,0.3277,0.1282,0.0031,0.0140,1.2894
12,11,7,12,2.1314,0.4317,0.3943,0.1432,0.0057,0.0140,1.2713
12,11,8,12,2.0825,0.4034,0.3745,0.1566,0.0020,0.0141,1.2740
12,11,9,10,2.2587,0.3896,0.5667,0.2204,0.0065,0.0143,1.2668
12,11,10,9,2.0110,0.3742,0.3055,0.1796,0.0022,0.0140,1.3005
12,11,11,8,1.9807,0.3608,0.2833,0.1896,0.0032,0.0138,1.3049
12,13,2,7,2.4112,0.5697,0.7575,0.4606,0.0082,0.0107,1.0538
12,13,3,9,2.2218,0.5426,0.3770,0.1018,0.0020,0.0137,1.2720
12,13,4,10,2.1618,0.5174,0.3190,0.1061,0.0043,0.0139,1.2927
12,13,5,12,2.1244,0.4843,0.3076,0.1108,0.0032,0.0140,1.3008
12,13,6,11,2.1238,0.4417,0.3742,0.1413,0.0061,0.0140,1.2734
12,13,7,12,2.1268,0.4271,0.3970,0.1439,0.0066,0.0140,1.2676
12,13,8,12,2.1646,0.4029,0.4858,0.1758,0.0019,0.0141,1.2455
12,13,9,10,2.2607,0.3895,0.5777,0.2294,0.0068,0.0142,1.2578
12,13,10,8,2.0172,0.3718,0.3310,0.1839,0.0061,0.0138,1.2797
12,13,11,9,2.0148,0.3595,0.3117,0.2014,0.0021,0.0140,1.3130
12,14,2,7,2.4350,0.5657,0.7834,0.4898,0.0080,0.0107,1.0559
12,14,3,9,2.2206,0.5400,0.3720,0.1015,0.0027,0.0138,1.2777
12,14,4,10,2.1539,0.5117,0.3192,0.1057,0.0076,0.0138,1.2874
12,14,5,12,2.1318,0.4779,0.3219,0.1147,0.0051,0.0141,1.2984
12,14,6,11,2.1098,0.4393,0.3603,0.1406,0.0057,0.0139,1.2760
12,14,7,12,2.1336,0.4296,0.4029,0.1511,0.0043,0.0140,1.2682
12,14,8,12,2.1534,0.3991,0.4677,0.1654,0.0073,0.0140,1.2506
12,14,9,10,2.2689,0.3859,0.6017,0.2197,0.0080,0.0141,1.2445
12,14,10,9,2.0264,0.3701,0.3425,0.1852,0.0080,0.0140,1.2770
12,14,11,8,1.9984,0.3498,0.3271,0.2041,0.0076,0.0138,1.2853
12,15,2,7,2.3121,0.5512,0.8985,0.5650,0.0044,0.0088,0.8399
12,15,3,10,2.1919,0.5327,0.3343,0.1032,0.0035,0.0139,1.2929
12,15,4,10,2.1617,0.5094,0.3202,0.1069,0.0081,0.0139,1.2958
12,15,5,12,2.1329,0.4704,0.3295,0.1123,0.0039,0.0140,1.3006
12,15,6,12,2.1047,0.4398,0.3511,0.1426,0.0045,0.0140,1.2809
12,15,7,12,2.1393,0.4226,0.4223,0.1581,0.0041,0.0140,1.2617
12,15,8,12,2.1532,0.3971,0.4773,0.1696,0.0076,0.0141,1.2428
12,15,9,10,2.2514,0.3842,0.5782,0.2167,0.0054,0.0141,1.2548
12,15,10,9,2.0185,0.3629,0.3428,0.1886,0.0061,0.0140,1.2778
12,15,11,9,1.9960,0.3469,0.3150,0.1952,0.0068,0.0141,1.2983
13,1,2,7,2.5952,0.5788,0.9717,0.7002,0.0080,0.0104,1.0153
13,1,3,8,2.0869,0.5707,0.2553,0.1009,0.0145,0.0133,1.2189
13,1,4,9,2.0211,0.5446,0.2507,0.1006,0.0049,0.0131,1.1943
13,1,5,10,1.9720,0.5095,0.2200,0.0961,0.0020,0.0132,1.2136
13,1,6,11,1.8946,0.4868,0.1532,0.1114,0.0032,0.0133,1.2243
13,1,7,11,1.8946,0.4675,0.1855,0.1170,0.0047,0.0132,1.2101
13,1,8,12,1.9228,0.4455,0.2310,0.1378,0.0029,0.0134,1.2162
13,1,9,12,1.9375,0.4313,0.2749,0.1506,0.0026,0.0134,1.2014
13,1,10,11,1.8568,0.4130,0.1959,0.1716,0.0021,0.0133,1.2187
13,1,11,8,1.8535,0.3921,0.2481,0.1384,0.0017,0.0129,1.1852
13,2,2,7,2.6078,0.5779,0.9847,0.7158,0.0080,0.0104,1.0158
13,2,3,8,2.0909,0.5691,0.2643,0.1022,0.0130,0.0133,1.2173
13,2,4,10,2.0277,0.5457,0.2521,0.0963,0.0020,0.0132,1.2011
13,2,5,10,1.9700,0.5109,0.2278,0.1001,0.0027,0.0131,1.2022
13,2,6,11,1.9099,0.4856,0.1697,0.1054,0.0018,0.0133,1.2258
13,2,7,12,1.9107,0.4650,0.1964,0.1213,0.0017,0.0133,1.2205
13,2,8,12,1.9219,0.4443,0.2234,0.1302,0.0029,0.0134,1.2242
13,2,9,12,1.9434,0.4263,0.2874,0.1548,0.0033,0.0133,1.1993
13,2,10,10,1.8460,0.4161,0.1950,0.1686,0.0028,0.0131,1.2055
13,2,11,8,1.8751,0.3848,0.2691,0.1597,0.0018,0.0130,1.1928
13,3,2,7,2.4094,0.5780,0.7723,0.4994,0.0080,0.0104,1.0296
13,3,3,8,2.0945,0.5651,0.2711,0.1020,0.0065,0.0133,1.2246
13,3,4,10,2.0250,0.5392,0.2558,0.1019,0.0024,0.0132,1.2009
13,3,5,10,1.9957,0.5062,0.2592,0.1049,0.0031,0.0130,1.2006
13,3,6,11,1.9221,0.4793,0.1912,0.1079,0.0023,0.0132,1.2225
13,3,7,12,1.9211,0.4585,0.2071,0.1211,0.0017,0.0133,1.2268
13,3,8,12,1.9597,0.4448,0.2708,0.1318,0.0031,0.0134,1.2138
13,3,9,12,1.9489,0.4222,0.2967,0.1524,0.0022,0.0133,1.2008
13,3,10,11,1.8589,0.4057,0.1921,0.1690,0.0021,0.0134,1.2318
13,3,11,9,1.8901,0.3819,0.2744,0.1722,0.0032,0.0131,1.2040
13,4,2,7,2.4266,0.5806,0.7930,0.5158,0.0080,0.0104,1.0235
13,4,3,8,2.1052,0.5621,0.2881,0.1020,0.0076,0.0133,1.2203
13,4,4,10,2.0254,0.5358,0.2585,0.1040,0.0048,0.0131,1.1996
13,4,5,11,2.0023,0.4986,0.2568,0.1034,0.0055,0.0132,1.2147
13,4,6,11,1.9415,0.4764,0.2112,0.1107,0.0030,0.0132,1.2240
13,4,7,12,1.9346,0.4552,0.2244,0.1232,0.0035,0.0133,1.2247
13,4,8,12,1.9621,0.4387,0.2725,0.1399,0.0036,0.0134,1.2202
13,4,9,12,1.9740,0.4110,0.3206,0.1596,0.0052,0.0134,1.2099
13,4,10,11,1.8710,0.4028,0.2084,0.1786,0.0043,0.0133,1.2285
13,4,11,9,1.8971,0.3767,0.2861,0.1773,0.0024,0.0131,1.2051
13,5,2,7,2.3728,0.5775,0.7433,0.4650,0.0080,0.0104,1.0225
13,5,3,8,2.1144,0.5581,0.3005,0.1032,0.0071,0.0132,1.2217
13,5,4,10,2.0330,0.5265,0.2665,0.1050,0.0060,0.0132,1.2069
13,5,5,11,2.0061,0.4878,0.2628,0.1095,0.0050,0.0133,1.2234
13,5,6,11,1.9455,0.4726,0.2183,0.1130,0.0025,0.0133,1.2250
13,5,7,12,1.9419,0.4495,0.2440,0.1301,0.0033,0.0133,1.2183
13,5,8,12,1.9562,0.4346,0.2761,0.1385,0.0044,0.0133,1.2140
13,5,9,12,1.9729,0.4120,0.3104,0.1675,0.0061,0.0135,1.2171
13,5,10,11,1.8616,0.3986,0.2018,0.1691,0.0030,0.0133,1.2311
13,5,11,9,1.8919,0.3749,0.2834,0.1805,0.0028,0.0131,1.2043
13,6,2,7,2.3770,0.5648,0.7669,0.4840,0.0080,0.0104,1.0158
13,6,3,8,2.1019,0.5542,0.3041,0.1028,0.0074,0.0131,1.2094
13,6,4,10,2.0309,0.5220,0.2689,0.1048,0.0036,0.0132,1.2095
13,6,5,11,2.0006,0.4887,0.2543,0.1095,0.0071,0.0134,1.2234
13,6,6,11,1.9703,0.4591,0.2652,0.1234,0.0042,0.0132,1.2148
13,6,7,12,1.9556,0.4471,0.2572,0.1316,0.0038,0.0133,1.2205
13,6,8,12,1.9783,0.4267,0.3145,0.1416,0.0045,0.0133,1.2055
13,6,9,11,1.9597,0.4093,0.3255,0.1580,0.0031,0.0133,1.1949
13,6,10,10,1.8591,0.3946,0.2045,0.1702,0.0024,0.0132,1.2306
13,6,11,9,1.8608,0.3680,0.2416,0.1913,0.0027,0.0131,1.2217
13,7,2,6,2.3143,0.5654,0.9025,0.6238,0.0044,0.0084,0.8247
13,7,3,8,2.1250,0.5476,0.3392,0.1039,0.0078,0.0130,1.2035
13,7,4,10,2.0366,0.5155,0.2820,0.1044,0.0028,0.0132,1.2094
13,7,5,11,2.0072,0.4821,0.2716,0.1123,0.0035,0.0133,1.2231
13,7,6,11,2.0331,0.4605,0.3329,0.1265,0.0057,0.0133,1.2071
13,7,7,12,1.9764,0.4436,0.2816,0.1383,0.0073,0.0133,1.2168
13,7,8,12,1.9836,0.4179,0.3239,0.1468,0.0031,0.0134,1.2115
13,7,9,12,1.9836,0.3988,0.3511,0.1604,0.0030,0.0134,1.2034
13,7,10,8,1.8976,0.3805,0.2699,0.1821,0.0025,0.0131,1.2180
13,7,11,9,1.8620,0.3694,0.2437,0.1905,0.0027,0.0131,1.2193
13,11,2,7,1.9004,0.5648,0.5385,0.2652,0.0029,0.0074,0.7790
13,11,3,8,2.0626,0.5471,0.2833,0.1051,0.0096,0.0129,1.1961
13,11,4,10,2.0466,0.5033,0.2987,0.1050,0.0076,0.0131,1.2103
13,11,5,11,2.0107,0.4777,0.2814,0.1146,0.0030,0.0133,1.2214
13,11,6,11,2.0341,0.4489,0.3518,0.1401,0.0035,0.0133,1.2031
13,11,7,12,2.0022,0.4409,0.3160,0.1481,0.0063,0.0133,1.2120
13,11,8,12,1.9813,0.4215,0.3161,0.1475,0.0062,0.0134,1.2104
13,11,9,12,1.9878,0.4049,0.3442,0.1624,0.0044,0.0133,1.2072
13,11,10,8,1.8845,0.3824,0.2541,0.1770,0.0028,0.0131,1.2185
13,11,11,9,1.8471,0.3560,0.2366,0.1895,0.0028,0.0132,1.2248
13,13,2,7,1.7774,0.5647,0.4531,0.1755,0.0028,0.0071,0.7424
13,13,3,8,2.0688,0.5442,0.2871,0.1042,0.0076,0.0130,1.2031
13,13,4,10,2.0534,0.5067,0.3072,0.1049,0.0101,0.0131,1.2027
13,13,5,11,2.0173,0.4776,0.2924,0.1189,0.0055,0.0132,1.2149
13,13,6,11,2.0559,0.4530,0.3610,0.1361,0.0089,0.0133,1.2059
13,13,7,12,2.0062,0.4398,0.3257,0.1426,0.0033,0.0133,1.2104
13,13,8,12,2.0020,0.4184,0.3419,0.1563,0.0034,0.0134,1.2111
13,13,9,12,2.0096,0.4031,0.3713,0.1644,0.0027,0.0133,1.2055
13,13,10,8,1.8851,0.3809,0.2645,0.1770,0.0026,0.0130,1.2104
13,13,11,9,1.8635,0.3551,0.2623,0.2066,0.0024,0.0131,1.2169
13,14,2,8,2.3084,0.5613,0.4485,0.1848,0.0064,0.0137,1.2640
13,14,3,9,2.1192,0.5306,0.3463,0.1025,0.0027,0.0131,1.2127
13,14,4,10,2.0556,0.4992,0.3117,0.1045,0.0095,0.0131,1.2083
13,14,5,11,2.0311,0.4750,0.3051,0.1174,0.0039,0.0133,1.2201
13,14,6,11,2.0293,0.4500,0.3429,0.1388,0.0061,0.0132,1.2032
13,14,7,12,2.0609,0.4375,0.3985,0.1446,0.0034,0.0133,1.1947
13,14,8,12,2.0054,0.4144,0.3447,0.1498,0.0055,0.0134,1.2135
13,14,9,12,2.0204,0.4005,0.3851,0.1659,0.0024,0.0134,1.2054
13,14,10,8,1.8896,0.3743,0.2728,0.1838,0.0076,0.0130,1.2081
13,14,11,8,1.8761,0.3614,0.2800,0.1895,0.0037,0.0130,1.2044
13,15,2,8,2.2887,0.5508,0.4436,0.1801,0.0072,0.0137,1.2588
13,15,3,9,2.1191,0.5339,0.3500,0.1028,0.0044,0.0131,1.2039
13,15,4,10,2.0546,0.4974,0.3097,0.1063,0.0034,0.0132,1.2173
13,15,5,11,2.0245,0.4729,0.2951,0.1179,0.0086,0.0133,1.2209
13,15,6,11,2.0290,0.4462,0.3457,0.1376,0.0052,0.0132,1.2049
13,15,7,12,2.0495,0.4357,0.3837,0.1413,0.0035,0.0133,1.1994
13,15,8,12,2.0063,0.4073,0.3615,0.1669,0.0034,0.0134,1.2070
13,15,9,10,1.8852,0.3963,0.2363,0.1725,0.0025,0.0131,1.2235
13,15,10,8,1.8858,0.3698,0.2726,0.1869,0.0064,0.0130,1.2102
13,15,11,9,1.8800,0.3567,0.2772,0.1923,0.0032,0.0131,1.2164
14,1,2,7,2.6250,0.5820,1.0315,0.7946,0.0080,0.0101,0.9827
14,1,3,8,2.0856,0.5670,0.2864,0.0981,0.0067,0.0131,1.1986
14,1,4,9,1.9434,0.5328,0.2268,0.0926,0.0039,0.0126,1.1540
14,1,5,10,1.8847,0.5066,0.1840,0.0898,0.0020,0.0127,1.1662
14,1,6,11,1.8326,0.4905,0.1316,0.0970,0.0030,0.0129,1.1814
14,1,7,11,1.8252,0.4637,0.1533,0.1085,0.0026,0.0128,1.1795
14,1,8,13,1.8449,0.4283,0.2147,0.1262,0.0026,0.0130,1.1730
14,1,9,12,1.8730,0.4164,0.2707,0.1450,0.0030,0.0129,1.1569
14,1,10,11,1.7709,0.4003,0.1715,0.1595,0.0032,0.0128,1.1698
14,1,11,8,1.8278,0.3836,0.2564,0.1443,0.0016,0.0126,1.1602
14,2,2,7,2.6410,0.5755,1.0548,0.8103,0.0080,0.0101,0.9819
14,2,3,8,2.0656,0.5650,0.2730,0.0983,0.0084,0.0130,1.1925
14,2,4,9,1.9436,0.5380,0.2245,0.0919,0.0046,0.0126,1.1506
14,2,5,10,1.9470,0.5094,0.2429,0.0948,0.0031,0.0127,1.1658
14,2,6,11,1.8362,0.4858,0.1399,0.0990,0.0030,0.0128,1.1816
14,2,7,11,1.8455,0.4584,0.1775,0.1191,0.0028,0.0128,1.1808
14,2,8,12,1.8430,0.4306,0.2173,0.1256,0.0024,0.0128,1.1667
14,2,9,12,1.8734,0.4089,0.2748,0.1479,0.0032,0.0129,1.1603
14,2,10,11,1.7821,0.3959,0.1802,0.1720,0.0022,0.0128,1.1779
14,2,11,8,1.8392,0.3810,0.2645,0.1540,0.0032,0.0127,1.1645
14,3,2,7,2.5146,0.5736,0.9301,0.6767,0.0080,0.0101,0.9822
14,3,3,8,2.0777,0.5617,0.2831,0.0988,0.0133,0.0129,1.1928
14,3,4,10,1.9659,0.5335,0.2457,0.0965,0.0052,0.0127,1.1557
14,3,5,10,1.9387,0.4955,0.2472,0.0967,0.0028,0.0127,1.1674
14,3,6,11,1.8458,0.4768,0.1645,0.0950,0.0031,0.0127,1.1756
14,3,7,11,1.8469,0.4541,0.1868,0.1097,0.0023,0.0128,1.1778
14,3,8,12,1.8627,0.4214,0.2295,0.1213,0.0027,0.0130,1.1829
14,3,9,13,1.8678,0.4055,0.2582,0.1394,0.0042,0.0130,1.1736
14,3,10,11,1.7723,0.3902,0.1725,0.1609,0.0033,0.0128,1.1803
14,3,11,8,1.8430,0.3776,0.2765,0.1574,0.0030,0.0126,1.1600
14,4,2,7,2.5215,0.5703,0.9383,0.6893,0.0080,0.0101,0.9841
14,4,3,8,2.0427,0.5563,0.2658,0.0987,0.0097,0.0129,1.1846
14,4,4,10,1.9662,0.5291,0.2468,0.0994,0.0047,0.0126,1.1598
14,4,5,10,1.9431,0.4965,0.2449,0.1013,0.0037,0.0128,1.1720
14,4,6,11,1.9313,0.4670,0.2642,0.1000,0.0018,0.0129,1.1723
14,4,7,11,1.8636,0.4449,0.2146,0.1131,0.0024,0.0128,1.1756
14,4,8,13,1.8780,0.4241,0.2405,0.1290,0.0057,0.0130,1.1813
14,4,9,12,1.8845,0.4051,0.2722,0.1495,0.0020,0.0130,1.1789
14,4,10,12,1.7958,0.3855,0.1841,0.1616,0.0019,0.0131,1.1979
14,4,11,8,1.8611,0.3743,0.2981,0.1744,0.0030,0.0126,1.1598
14,5,2,7,2.4452,0.5680,0.8664,0.5980,0.0080,0.0101,0.9820
14,5,3,8,2.0215,0.5538,0.2547,0.0986,0.0172,0.0127,1.1698
14,5,4,10,1.9722,0.5216,0.2588,0.1008,0.0068,0.0126,1.1595
14,5,5,11,1.9672,0.4932,0.2670,0.1027,0.0071,0.0129,1.1739
14,5,6,11,1.9509,0.4648,0.2938,0.1052,0.0040,0.0128,1.1623
14,5,7,12,1.8838,0.4460,0.2145,0.1152,0.0041,0.0130,1.1928
14,5,8,12,1.9026,0.4133,0.2849,0.1321,0.0107,0.0129,1.1678
14,5,9,12,1.8790,0.3977,0.2837,0.1410,0.0054,0.0129,1.1660
14,5,10,11,1.7925,0.3818,0.1935,0.1717,0.0029,0.0129,1.1882
14,5,11,8,1.8531,0.3689,0.2889,0.1722,0.0027,0.0127,1.1667
14,6,2,7,2.4570,0.5641,0.8725,0.6151,0.0080,0.0102,0.9915
14,6,3,8,2.0537,0.5487,0.3001,0.0987,0.0121,0.0127,1.1668
14,6,4,10,1.9832,0.5090,0.2741,0.1033,0.0068,0.0127,1.1672
14,6,5,11,1.9455,0.4897,0.2585,0.1033,0.0034,0.0127,1.1681
14,6,6,11,1.9398,0.4588,0.2865,0.1092,0.0017,0.0128,1.1669
14,6,7,11,1.9684,0.4399,0.3323,0.1283,0.0053,0.0129,1.1647
14,6,8,12,1.9050,0.4135,0.2943,0.1355,0.0125,0.0129,1.1587
14,6,9,12,1.9338,0.3950,0.3489,0.1412,0.0033,0.0130,1.1603
14,6,10,11,1.7822,0.3786,0.1777,0.1626,0.0031,0.0129,1.1965
14,6,11,8,1.8248,0.3637,0.2478,0.1785,0.0021,0.0127,1.1850
14,7,2,7,2.3730,0.5538,0.9894,0.7127,0.0050,0.0086,0.8071
14,7,3,8,2.0423,0.5453,0.2906,0.0988,0.0090,0.0127,1.1714
14,7,4,10,1.9753,0.5121,0.2692,0.1024,0.0056,0.0127,1.1626
14,7,5,11,1.9463,0.4831,0.2547,0.1057,0.0040,0.0128,1.1787
14,7,6,11,1.9482,0.4545,0.3014,0.1163,0.0032,0.0127,1.1633
14,7,7,11,1.9754,0.4358,0.3472,0.1299,0.0090,0.0127,1.1574
14,7,8,12,1.9333,0.4102,0.3330,0.1348,0.0030,0.0128,1.1611
14,7,9,12,1.9439,0.3916,0.3681,0.1516,0.0036,0.0129,1.1545
14,7,10,11,1.7764,0.3704,0.1795,0.1667,0.0021,0.0130,1.1979
14,7,11,8,1.8263,0.3602,0.2584,0.1743,0.0025,0.0127,1.1795
14,11,2,7,2.1195,0.5532,0.7614,0.4982,0.0041,0.0079,0.7848
14,11,3,8,2.0400,0.5319,0.3158,0.1034,0.0082,0.0126,1.1583
14,11,4,10,1.9699,0.5077,0.2686,0.1031,0.0029,0.0127,1.1650
14,11,5,11,1.9520,0.4784,0.2645,0.1072,0.0025,0.0129,1.1807
14,11,6,11,1.9443,0.4495,0.2996,0.1199,0.0027,0.0128,1.1667
14,11,7,11,1.9581,0.4349,0.3328,0.1287,0.0075,0.0127,1.1573
14,11,8,13,1.9338,0.4095,0.3283,0.1385,0.0026,0.0130,1.1671
14,11,9,12,1.9263,0.3910,0.3554,0.1585,0.0037,0.0128,1.1501
14,11,10,8,1.8416,0.3668,0.2564,0.1659,0.0059,0.0128,1.1861
14,11,11,8,1.8173,0.3559,0.2572,0.1740,0.0026,0.0126,1.1758
14,13,2,7,1.9507,0.5533,0.6164,0.3631,0.0048,0.0074,0.7612
14,13,3,8,2.0342,0.5312,0.3112,0.1038,0.0076,0.0126,1.1584
14,13,4,10,1.9902,0.4990,0.2977,0.1032,0.0061,0.0126,1.1618
14,13,5,11,1.9582,0.4783,0.2711,0.1073,0.0048,0.0129,1.1780
14,13,6,11,1.9582,0.4467,0.3007,0.1244,0.0060,0.0130,1.1788
14,13,7,12,1.9827,0.4311,0.3591,0.1367,0.0056,0.0129,1.1608
14,13,8,12,2.0088,0.4051,0.4200,0.1409,0.0063,0.0129,1.1513
14,13,9,11,1.8375,0.3904,0.2400,0.1588,0.0018,0.0128,1.1793
14,13,10,8,1.8624,0.3700,0.2702,0.1731,0.0084,0.0127,1.1875
14,13,11,8,1.8208,0.3522,0.2675,0.1830,0.0026,0.0126,1.1728
14,14,2,8,2.2718,0.5523,0.4431,0.1936,0.0060,0.0136,1.2424
14,14,3,9,2.0433,0.5298,0.3124,0.0997,0.0021,0.0127,1.1730
14,14,4,10,1.9933,0.4967,0.2790,0.1039,0.0046,0.0128,1.1872
14,14,5,11,1.9795,0.4747,0.3028,0.1061,0.0050,0.0127,1.1711
14,14,6,11,1.9597,0.4443,0.3150,0.1169,0.0037,0.0128,1.1711
14,14,7,12,1.9834,0.4277,0.3635,0.1363,0.0076,0.0129,1.1586
14,14,8,12,2.0201,0.4019,0.4400,0.1478,0.0067,0.0129,1.1454
14,14,9,11,1.8418,0.3853,0.2375,0.1646,0.0028,0.0129,1.1900
14,14,10,8,1.8447,0.3678,0.2604,0.1767,0.0065,0.0127,1.1839
14,14,11,8,1.8296,0.3468,0.2700,0.1840,0.0023,0.0127,1.1846
14,15,2,8,2.2133,0.5502,0.4126,0.1655,0.0055,0.0132,1.2176
14,15,3,10,2.0590,0.5202,0.3300,0.0987,0.0030,0.0128,1.1797
14,15,4,10,1.9833,0.4872,0.2825,0.1034,0.0077,0.0127,1.1799
14,15,5,11,1.9840,0.4725,0.3004,0.1060,0.0084,0.0128,1.1768
14,15,6,11,1.9643,0.4422,0.3217,0.1267,0.0070,0.0128,1.1673
14,15,7,13,2.0215,0.4232,0.3997,0.1375,0.0046,0.0131,1.1675
14,15,8,12,2.0147,0.3958,0.4359,0.1514,0.0051,0.0129,1.1516
14,15,9,11,1.8054,0.3787,0.2098,0.1566,0.0038,0.0129,1.1869
14,15,10,9,1.8673,0.3647,0.2850,0.1819,0.0079,0.0128,1.1834
14,15,11,8,1.8376,0.3443,0.2743,0.1855,0.0023,0.0128,1.1904
15,1,2,7,2.6240,0.5757,1.0558,0.8401,0.0081,0.0100,0.9641
15,1,3,8,1.9623,0.5621,0.2242,0.0890,0.0064,0.0125,1.1440
15,1,4,9,1.8910,0.5289,0.2166,0.0887,0.0025,0.0122,1.1179
15,1,5,10,1.8382,0.4991,0.1822,0.0868,0.0027,0.0123,1.1291
15,1,6,11,1.7817,0.4546,0.1658,0.0924,0.0019,0.0124,1.1343
15,1,7,11,1.8079,0.4399,0.1963,0.1168,0.0017,0.0126,1.1445
15,1,8,13,1.7918,0.4189,0.2001,0.1209,0.0020,0.0126,1.1452
15,1,9,12,1.8149,0.4084,0.2698,0.1375,0.0025,0.0124,1.1090
15,1,10,11,1.7107,0.3856,0.1621,0.1551,0.0032,0.0124,1.1348
15,1,11,8,1.8085,0.3658,0.2733,0.1541,0.0023,0.0124,1.1417
15,2,2,7,2.6418,0.5729,1.0797,0.8559,0.0080,0.0099,0.9609
15,2,3,8,1.9730,0.5591,0.2301,0.0927,0.0136,0.0125,1.1445
15,2,4,9,1.8855,0.5278,0.2118,0.0883,0.0037,0.0122,1.1172
15,2,5,10,1.8737,0.4952,0.2177,0.0905,0.0018,0.0124,1.1340
15,2,6,11,1.7985,0.4584,0.1807,0.0998,0.0018,0.0124,1.1325
15,2,7,11,1.7918,0.4376,0.1911,0.1135,0.0023,0.0124,1.1357
15,2,8,12,1.7912,0.4211,0.2119,0.1290,0.0031,0.0125,1.1299
15,2,9,12,1.8528,0.4044,0.2971,0.1467,0.0019,0.0126,1.1239
15,2,10,11,1.7060,0.3773,0.1612,0.1545,0.0017,0.0124,1.1405
15,2,11,8,1.8188,0.3658,0.2810,0.1510,0.0027,0.0125,1.1438
15,3,2,7,2.3659,0.5725,0.9366,0.7166,0.0046,0.0084,0.8348
15,3,3,8,2.0072,0.5652,0.2582,0.0961,0.0191,0.0124,1.1390
15,3,4,9,1.8831,0.5226,0.2132,0.0934,0.0019,0.0122,1.1204
15,3,5,10,1.8753,0.4935,0.2300,0.0958,0.0025,0.0124,1.1244
15,3,6,11,1.7911,0.4573,0.1688,0.1002,0.0026,0.0124,1.1373
15,3,7,11,1.8046,0.4342,0.2060,0.1138,0.0038,0.0124,1.1354
15,3,8,13,1.8253,0.4160,0.2501,0.1332,0.0034,0.0125,1.1307
15,3,9,11,1.7438,0.4004,0.1764,0.1539,0.0018,0.0125,1.1400
15,3,10,12,1.7328,0.3708,0.1850,0.1629,0.0022,0.0125,1.1495
15,3,11,8,1.8380,0.3605,0.3095,0.1645,0.0026,0.0124,1.1399
15,4,2,7,2.3481,0.5694,0.7768,0.5407,0.0080,0.0100,0.9734
15,4,3,8,1.9549,0.5537,0.2367,0.0940,0.0081,0.0123,1.1310
15,4,4,9,1.8781,0.5162,0.2153,0.0948,0.0026,0.0123,1.1191
15,4,5,10,1.8602,0.4789,0.2326,0.0992,0.0032,0.0123,1.1206
15,4,6,11,1.8774,0.4533,0.2739,0.1042,0.0023,0.0125,1.1228
15,4,7,11,1.8302,0.4308,0.2410,0.1250,0.0036,0.0124,1.1296
15,4,8,12,1.8218,0.4138,0.2434,0.1348,0.0029,0.0126,1.1363
15,4,9,11,1.7662,0.3946,0.2027,0.1484,0.0042,0.0123,1.1397
15,4,10,11,1.7267,0.3723,0.1816,0.1579,0.0026,0.0125,1.1449
15,4,11,8,1.8241,0.3591,0.2937,0.1554,0.0030,0.0124,1.1428
15,5,2,7,2.3563,0.5664,0.7917,0.5506,0.0081,0.0100,0.9696
15,5,3,8,1.9575,0.5505,0.2496,0.0954,0.0054,0.0123,1.1267
15,5,4,10,1.9176,0.5154,0.2445,0.0974,0.0094,0.0123,1.1231
15,5,5,11,1.8700,0.4745,0.2387,0.0993,0.0019,0.0124,1.1299
15,5,6,11,1.8930,0.4479,0.2997,0.1065,0.0030,0.0123,1.1176
15,5,7,11,1.8451,0.4325,0.2504,0.1225,0.0019,0.0125,1.1351
15,5,8,12,1.8353,0.4098,0.2595,0.1322,0.0030,0.0126,1.1375
15,5,9,11,1.7574,0.3897,0.2009,0.1485,0.0036,0.0124,1.1381
15,5,10,11,1.7243,0.3676,0.1830,0.1616,0.0024,0.0125,1.1462
15,5,11,8,1.8136,0.3488,0.2954,0.1707,0.0024,0.0125,1.1414
15,6,2,7,1.7492,0.5570,0.4740,0.2332,0.0031,0.0067,0.7014
15,6,3,8,2.0070,0.5439,0.2916,0.0968,0.0216,0.0123,1.1247
15,6,4,10,1.9188,0.5102,0.2456,0.0975,0.0109,0.0123,1.1270
15,6,5,11,1.8772,0.4703,0.2431,0.1011,0.0020,0.0124,1.1370
15,6,6,11,1.8883,0.4414,0.2942,0.1133,0.0039,0.0124,1.1235
15,6,7,11,1.8919,0.4184,0.3256,0.1317,0.0025,0.0124,1.1201
15,6,8,12,1.8431,0.4055,0.2793,0.1433,0.0031,0.0125,1.1299
15,6,9,11,1.7328,0.3854,0.1632,0.1506,0.0031,0.0124,1.1559
15,6,10,11,1.7236,0.3642,0.1804,0.1634,0.0031,0.0124,1.1507
15,6,11,8,1.7807,0.3495,0.2429,0.1789,0.0032,0.0124,1.1598
15,7,2,8,2.1405,0.5576,0.3543,0.1264,0.0065,0.0130,1.1953
15,7,3,8,1.9774,0.5392,0.2860,0.0964,0.0065,0.0122,1.1207
15,7,4,10,1.9389,0.5030,0.2766,0.0973,0.0028,0.0123,1.1315
15,7,5,11,1.8915,0.4668,0.2591,0.1009,0.0048,0.0124,1.1358
15,7,6,11,1.8810,0.4316,0.2816,0.1131,0.0037,0.0124,1.1388
15,7,7,11,1.8910,0.4200,0.3174,0.1346,0.0044,0.0124,1.1239
15,7,8,12,1.9243,0.4019,0.3728,0.1464,0.0053,0.0126,1.1191
15,7,9,11,1.7425,0.3754,0.1820,0.1494,0.0031,0.0125,1.1566
15,7,10,11,1.7329,0.3543,0.1978,0.1744,0.0025,0.0125,1.1528
15,7,11,8,1.7838,0.3454,0.2502,0.1854,0.0026,0.0124,1.1604
15,11,2,8,2.0908,0.5564,0.3252,0.1137,0.0060,0.0128,1.1768
15,11,3,8,1.9814,0.5327,0.2997,0.0965,0.0081,0.0121,1.1160
15,11,4,10,1.9721,0.4960,0.3107,0.0988,0.0052,0.0124,1.1350
15,11,5,11,1.8990,0.4605,0.2710,0.1002,0.0048,0.0124,1.1378
15,11,6,11,1.8914,0.4316,0.2850,0.1187,0.0039,0.0125,1.1454
15,11,7,12,1.9186,0.4169,0.3500,0.1322,0.0029,0.0126,1.1233
15,11,8,12,1.9386,0.3997,0.3894,0.1480,0.0033,0.0126,1.1208
15,11,9,11,1.7513,0.3800,0.1957,0.1610,0.0019,0.0124,1.1486
15,11,10,11,1.7271,0.3557,0.1966,0.1685,0.0027,0.0124,1.1470
15,11,11,8,1.7759,0.3354,0.2579,0.1824,0.0072,0.0124,1.1498
15,13,2,8,2.0790,0.5564,0.3200,0.1110,0.0060,0.0127,1.1704
15,13,3,8,1.9691,0.5296,0.2801,0.0960,0.0091,0.0122,1.1254
15,13,4,10,1.9389,0.4917,0.2655,0.0979,0.0024,0.0125,1.1541
15,13,5,11,1.8941,0.4580,0.2639,0.1008,0.0043,0.0125,1.1426
15,13,6,11,1.8822,0.4286,0.2861,0.1209,0.0019,0.0124,1.1403
15,13,7,12,1.9180,0.4146,0.3455,0.1370,0.0089,0.0126,1.1237
15,13,8,12,1.9543,0.3975,0.4118,0.1500,0.0040,0.0125,1.1155
15,13,9,11,1.7772,0.3722,0.2298,0.1593,0.0034,0.0125,1.1466
15,13,10,8,1.8073,0.3549,0.2670,0.1694,0.0086,0.0124,1.1514
15,13,11,8,1.7928,0.3406,0.2691,0.1895,0.0022,0.0125,1.1555
15,14,2,8,2.0651,0.5469,0.3219,0.1009,0.0055,0.0126,1.1650
15,14,3,9,1.9744,0.5204,0.2890,0.0959,0.0038,0.0123,1.1360
15,14,4,10,1.9581,0.4886,0.2923,0.0975,0.0018,0.0125,1.1500
15,14,5,11,1.8993,0.4499,0.2838,0.1046,0.0042,0.0124,1.1364
15,14,6,11,1.8930,0.4174,0.3087,0.1200,0.0041,0.0124,1.1378
15,14,7,12,1.9194,0.4124,0.3565,0.1440,0.0070,0.0125,1.1183
15,14,8,12,1.9538,0.3975,0.4046,0.1496,0.0041,0.0126,1.1220
15,14,9,11,1.7691,0.3725,0.2223,0.1720,0.0031,0.0124,1.1460
15,14,10,8,1.8287,0.3523,0.2899,0.1695,0.0065,0.0125,1.1543
15,14,11,8,1.7948,0.3376,0.2692,0.1895,0.0056,0.0124,1.1568
15,15,2,8,2.0461,0.5424,0.3120,0.0988,0.0061,0.0125,1.1598
15,15,3,9,1.9659,0.5158,0.2854,0.0956,0.0043,0.0123,1.1351
15,15,4,10,1.9574,0.4828,0.2999,0.0969,0.0019,0.0125,1.1475
15,15,5,12,1.9030,0.4466,0.2942,0.1076,0.0027,0.0124,1.1345
15,15,6,11,1.8921,0.4204,0.3046,0.1243,0.0043,0.0124,1.1375
15,15,7,13,1.9127,0.4096,0.3356,0.1414,0.0114,0.0126,1.1307
15,15,8,12,1.9570,0.3910,0.4188,0.1504,0.0022,0.0126,1.1194
15,15,9,11,1.7532,0.3645,0.2122,0.1608,0.0026,0.0125,1.1487
15,15,10,8,1.8225,0.3472,0.2944,0.1682,0.0082,0.0124,1.1471
15,15,11,8,1.7887,0.3359,0.2697,0.1881,0.0063,0.0124,1.1512
16,1,2,7,2.4815,0.5815,0.9273,0.7037,0.0080,0.0098,0.9445
16,1,3,8,1.9569,0.5552,0.2314,0.0912,0.0116,0.0124,1.1332
16,1,4,8,1.8212,0.5225,0.1906,0.0902,0.0024,0.0118,1.0818
16,1,5,10,1.8358,0.4871,0.2191,0.0913,0.0029,0.0121,1.1021
16,1,6,11,1.7428,0.4674,0.1430,0.0901,0.0031,0.0121,1.1048
16,1,7,12,1.7531,0.4386,0.1605,0.1072,0.0041,0.0123,1.1250
16,1,8,12,1.7578,0.4191,0.2102,0.1249,0.0045,0.0122,1.0993
16,1,9,12,1.7845,0.4020,0.2641,0.1379,0.0023,0.0123,1.0913
16,1,10,11,1.6798,0.3836,0.1578,0.1542,0.0030,0.0122,1.1108
16,1,11,8,1.7782,0.3593,0.2602,0.1478,0.0026,0.0124,1.1307
16,2,2,7,2.4881,0.5646,0.9468,0.7228,0.0080,0.0099,0.9484
16,2,3,8,1.9681,0.5502,0.2491,0.0944,0.0122,0.0123,1.1311
16,2,4,8,1.8510,0.5188,0.2181,0.0935,0.0040,0.0118,1.0859
16,2,5,10,1.8313,0.4866,0.2158,0.0911,0.0030,0.0120,1.1015
16,2,6,11,1.7644,0.4564,0.1694,0.0931,0.0034,0.0121,1.1106
16,2,7,10,1.7360,0.4316,0.1660,0.1075,0.0043,0.0120,1.1096
16,2,8,12,1.7578,0.4180,0.2065,0.1249,0.0037,0.0123,1.1047
16,2,9,12,1.7873,0.4009,0.2668,0.1394,0.0021,0.0123,1.0926
16,2,10,11,1.6807,0.3804,0.1572,0.1542,0.0025,0.0121,1.1160
16,2,11,8,1.7912,0.3624,0.2684,0.1560,0.0016,0.0124,1.1335
16,3,2,7,2.3691,0.5614,0.8242,0.5905,0.0080,0.0098,0.9553
16,3,3,8,1.9380,0.5494,0.2313,0.0923,0.0113,0.0123,1.1209
16,3,4,8,1.8445,0.5133,0.2111,0.0984,0.0041,0.0119,1.0919
16,3,5,10,1.8327,0.4846,0.2116,0.0943,0.0033,0.0121,1.1088
16,3,6,11,1.8298,0.4584,0.2428,0.0941,0.0034,0.0121,1.1007
16,3,7,11,1.7777,0.4323,0.2053,0.1178,0.0080,0.0121,1.1075
16,3,8,12,1.7633,0.4126,0.2160,0.1247,0.0036,0.0122,1.1064
16,3,9,12,1.7215,0.3934,0.1695,0.1462,0.0034,0.0123,1.1303
16,3,10,10,1.6876,0.3746,0.1667,0.1528,0.0035,0.0121,1.1183
16,3,11,8,1.7922,0.3511,0.2844,0.1725,0.0026,0.0123,1.1289
16,4,2,7,2.3857,0.5605,0.8437,0.6069,0.0080,0.0098,0.9533
16,4,3,8,1.9493,0.5436,0.2491,0.0945,0.0144,0.0122,1.1172
16,4,4,10,1.8512,0.5111,0.2063,0.0986,0.0032,0.0121,1.1060
16,4,5,10,1.8295,0.4790,0.2189,0.0975,0.0019,0.0121,1.1051
16,4,6,11,1.8260,0.4549,0.2475,0.1021,0.0031,0.0121,1.0961
16,4,7,12,1.7846,0.4234,0.2152,0.1228,0.0017,0.0123,1.1195
16,4,8,12,1.7825,0.4096,0.2357,0.1244,0.0041,0.0123,1.1084
16,4,9,11,1.6979,0.3841,0.1634,0.1481,0.0018,0.0122,1.1238
16,4,10,11,1.6972,0.3689,0.1776,0.1664,0.0017,0.0122,1.1243
16,4,11,8,1.7613,0.3535,0.2364,0.1702,0.0024,0.0122,1.1438
16,5,2,7,2.1006,0.5560,0.7544,0.5445,0.0047,0.0076,0.7700
16,5,3,8,1.9367,0.5405,0.2391,0.0950,0.0097,0.0122,1.1225
16,5,4,10,1.8926,0.5069,0.2496,0.0988,0.0076,0.0120,1.1042
16,5,5,10,1.8224,0.4749,0.2182,0.0988,0.0026,0.0121,1.1023
16,5,6,11,1.8445,0.4507,0.2586,0.1035,0.0051,0.0121,1.1056
16,5,7,12,1.8516,0.4245,0.3000,0.1214,0.0025,0.0123,1.0999
16,5,8,12,1.8074,0.4051,0.2686,0.1343,0.0025,0.0123,1.1064
16,5,9,12,1.6993,0.3779,0.1655,0.1434,0.0027,0.0123,1.1283
16,5,10,11,1.6930,0.3610,0.1805,0.1712,0.0016,0.0123,1.1251
16,5,11,7,1.7446,0.3479,0.2426,0.1717,0.0032,0.0121,1.1260
16,6,2,7,1.8388,0.5512,0.5594,0.3292,0.0041,0.0069,0.7101
16,6,3,8,1.9678,0.5367,0.2762,0.0959,0.0125,0.0122,1.1174
16,6,4,10,1.8937,0.5006,0.2591,0.1006,0.0023,0.0121,1.1069
16,6,5,11,1.8511,0.4631,0.2390,0.1029,0.0060,0.0122,1.1185
16,6,6,11,1.8371,0.4459,0.2608,0.1110,0.0028,0.0121,1.1030
16,6,7,11,1.8708,0.4213,0.3202,0.1266,0.0177,0.0121,1.0872
16,6,8,13,1.8238,0.4024,0.2851,0.1377,0.0024,0.0124,1.1090
16,6,9,11,1.7358,0.3805,0.2052,0.1528,0.0035,0.0122,1.1220
16,6,10,12,1.7003,0.3525,0.1873,0.1664,0.0031,0.0123,1.1324
16,6,11,7,1.7404,0.3444,0.2491,0.1728,0.0091,0.0120,1.1130
16,7,2,8,2.2587,0.5504,0.4477,0.2044,0.0062,0.0135,1.2266
16,7,3,8,1.9676,0.5307,0.2750,0.0954,0.0157,0.0122,1.1212
16,7,4,9,1.8834,0.4932,0.2504,0.1001,0.0146,0.0119,1.1008
16,7,5,11,1.8787,0.4648,0.2541,0.1029,0.0232,0.0122,1.1121
16,7,6,10,1.8445,0.4402,0.2762,0.1145,0.0046,0.0120,1.0992
16,7,7,11,1.8710,0.4183,0.3203,0.1289,0.0176,0.0121,1.0902
16,7,8,13,1.8512,0.3997,0.3152,0.1394,0.0049,0.0124,1.1064
16,7,9,12,1.7398,0.3751,0.2162,0.1499,0.0040,0.0122,1.1199
16,7,10,11,1.7229,0.3536,0.2153,0.1682,0.0017,0.0123,1.1276
16,7,11,7,1.7580,0.3435,0.2623,0.1825,0.0032,0.0121,1.1240
16,11,2,8,2.2177,0.5515,0.4287,0.1936,0.0071,0.0132,1.2032
16,11,3,7,1.9482,0.5202,0.2855,0.0969,0.0076,0.0120,1.1103
16,11,4,9,1.8771,0.4885,0.2563,0.1005,0.0062,0.0119,1.1016
16,11,5,11,1.8709,0.4573,0.2546,0.1031,0.0159,0.0122,1.1187
16,11,6,10,1.8445,0.4347,0.2828,0.1132,0.0034,0.0120,1.0993
16,11,7,13,1.8978,0.4139,0.3491,0.1290,0.0063,0.0124,1.1037
16,11,8,13,1.9032,0.3976,0.3794,0.1413,0.0024,0.0124,1.0989
16,11,9,11,1.7215,0.3724,0.2066,0.1504,0.0025,0.0122,1.1155
16,11,10,10,1.6999,0.3507,0.2095,0.1639,0.0021,0.0120,1.1131
16,11,11,7,1.7383,0.3339,0.2581,0.1754,0.0090,0.0121,1.1124
16,13,2,8,2.2118,0.5488,0.4320,0.1898,0.0062,0.0131,1.1977
16,13,3,7,1.9454,0.5132,0.2963,0.0967,0.0080,0.0119,1.1037
16,13,4,9,1.9102,0.4870,0.2923,0.1003,0.0042,0.0119,1.1023
16,13,5,11,1.8763,0.4537,0.2756,0.1040,0.0079,0.0121,1.1147
16,13,6,12,1.8754,0.4288,0.2917,0.1184,0.0150,0.0122,1.1152
16,13,7,13,1.9060,0.4039,0.3742,0.1346,0.0042,0.0123,1.0987
16,13,8,13,1.9197,0.3964,0.4000,0.1362,0.0022,0.0124,1.0963
16,13,9,11,1.7270,0.3767,0.2000,0.1482,0.0029,0.0122,1.1227
16,13,10,11,1.7181,0.3439,0.2238,0.1670,0.0017,0.0123,1.1238
16,13,11,7,1.7404,0.3379,0.2470,0.1721,0.0129,0.0120,1.1177
16,14,2,8,2.1053,0.5459,0.3585,0.1480,0.0057,0.0127,1.1692
16,14,3,8,1.9258,0.5104,0.2826,0.0978,0.0050,0.0119,1.1036
16,14,4,10,1.9067,0.4777,0.2830,0.1007,0.0026,0.0121,1.1188
16,14,5,11,1.8764,0.4520,0.2818,0.1057,0.0025,0.0121,1.1157
16,14,6,12,1.8652,0.4263,0.2888,0.1200,0.0105,0.0122,1.1149
16,14,7,13,1.9103,0.4054,0.3790,0.1339,0.0047,0.0123,1.0965
16,14,8,12,1.9049,0.3942,0.3904,0.1395,0.0033,0.0123,1.0923
16,14,9,11,1.7396,0.3666,0.2312,0.1634,0.0027,0.0122,1.1143
16,14,10,11,1.7119,0.3481,0.2097,0.1780,0.0035,0.0122,1.1259
16,14,11,8,1.7437,0.3356,0.2532,0.1801,0.0081,0.0121,1.1220
16,15,2,8,2.0720,0.5365,0.3501,0.1396,0.0056,0.0125,1.1544
16,15,3,8,1.9261,0.5062,0.2916,0.0972,0.0031,0.0118,1.1010
16,15,4,10,1.9257,0.4733,0.3022,0.0992,0.0056,0.0121,1.1200
16,15,5,13,1.9028,0.4504,0.2952,0.1067,0.0042,0.0123,1.1280
16,15,6,12,1.8776,0.4221,0.3106,0.1162,0.0091,0.0122,1.1112
16,15,7,12,1.8845,0.3980,0.3604,0.1381,0.0040,0.0124,1.0973
16,15,8,12,1.9277,0.3844,0.4285,0.1472,0.0023,0.0122,1.0877
16,15,9,11,1.7382,0.3621,0.2207,0.1616,0.0091,0.0122,1.1215
16,15,10,8,1.8056,0.3414,0.2980,0.1706,0.0056,0.0123,1.1353
16,15,11,8,1.7700,0.3330,0.2638,0.1895,0.0158,0.0122,1.1323
17,1,2,7,2.5021,0.5832,0.9723,0.7547,0.0080,0.0096,0.9187
17,1,3,8,1.9719,0.5653,0.2399,0.0903,0.0056,0.0124,1.1357
17,1,4,8,1.8198,0.5322,0.1877,0.0820,0.0069,0.0117,1.0692
17,1,5,9,1.7828,0.5111,0.1557,0.0915,0.0023,0.0119,1.0897
17,1,6,11,1.7303,0.4755,0.1327,0.0853,0.0037,0.0119,1.0942
17,1,7,11,1.7181,0.4489,0.1462,0.1010,0.0017,0.0120,1.0968
17,1,8,12,1.7369,0.4223,0.2093,0.1296,0.0034,0.0120,1.0777
17,1,9,13,1.7571,0.4096,0.2409,0.1315,0.0027,0.0122,1.0795
17,1,10,11,1.6715,0.3817,0.1737,0.1557,0.0031,0.0120,1.0886
17,1,11,11,1.6292,0.3639,0.1523,0.1517,0.0023,0.0120,1.0865
17,2,2,8,2.5207,0.5833,0.9792,0.7557,0.0080,0.0097,0.9303
17,2,3,8,1.9817,0.5579,0.2628,0.0927,0.0064,0.0123,1.1290
17,2,4,8,1.8347,0.5286,0.2076,0.0905,0.0035,0.0117,1.0710
17,2,5,9,1.7936,0.5056,0.1763,0.0855,0.0049,0.0118,1.0830
17,2,6,12,1.7580,0.4723,0.1531,0.0862,0.0021,0.0122,1.1060
17,2,7,12,1.7450,0.4447,0.1590,0.1044,0.0020,0.0122,1.1147
17,2,8,12,1.7357,0.4203,0.2047,0.1237,0.0034,0.0120,1.0831
17,2,9,12,1.7768,0.4043,0.2560,0.1357,0.0033,0.0122,1.0886
17,2,10,11,1.6567,0.3862,0.1457,0.1443,0.0026,0.0120,1.0978
17,2,11,8,1.7527,0.3601,0.2533,0.1583,0.0025,0.0121,1.1121
17,3,2,7,2.3078,0.5802,0.7488,0.5300,0.0081,0.0096,0.9509
17,3,3,8,1.9497,0.5531,0.2493,0.0940,0.0075,0.0122,1.1150
17,3,4,8,1.8361,0.5220,0.2185,0.0935,0.0022,0.0117,1.0695
17,3,5,9,1.8136,0.4931,0.2176,0.0938,0.0027,0.0117,1.0763
17,3,6,12,1.7609,0.4667,0.1709,0.0914,0.0026,0.0121,1.0965
17,3,7,10,1.7419,0.4356,0.1904,0.1139,0.0025,0.0119,1.0894
17,3,8,12,1.7396,0.4164,0.2002,0.1221,0.0024,0.0121,1.0963
17,3,9,11,1.7603,0.4002,0.2520,0.1360,0.0036,0.0120,1.0802
17,3,10,10,1.6594,0.3793,0.1586,0.1454,0.0034,0.0119,1.0938
17,3,11,8,1.7573,0.3509,0.2728,0.1605,0.0025,0.0121,1.1064
17,4,2,7,2.3100,0.5742,0.7641,0.5422,0.0080,0.0096,0.9440
17,4,3,7,1.9087,0.5474,0.2422,0.0928,0.0068,0.0118,1.0881
17,4,4,8,1.8258,0.5136,0.2160,0.0934,0.0025,0.0117,1.0699
17,4,5,10,1.8188,0.4962,0.2088,0.0887,0.0029,0.0118,1.0870
17,4,6,11,1.8010,0.4626,0.2162,0.0944,0.0051,0.0120,1.0929
17,4,7,11,1.7592,0.4333,0.2037,0.1178,0.0043,0.0120,1.0937
17,4,8,12,1.7802,0.4131,0.2353,0.1261,0.0056,0.0122,1.1016
17,4,9,11,1.7738,0.3966,0.2694,0.1323,0.0039,0.0119,1.0798
17,4,10,12,1.6795,0.3736,0.1714,0.1523,0.0029,0.0121,1.1072
17,4,11,7,1.7175,0.3491,0.2273,0.1666,0.0033,0.0120,1.1133
17,5,2,7,2.1549,0.5654,0.7971,0.5956,0.0039,0.0078,0.7727
17,5,3,7,1.9469,0.5436,0.2828,0.1020,0.0076,0.0119,1.0885
17,5,4,9,1.8419,0.5161,0.2232,0.0922,0.0025,0.0118,1.0762
17,5,5,10,1.8214,0.4886,0.2114,0.0978,0.0038,0.0118,1.0934
17,5,6,11,1.8047,0.4511,0.2345,0.1029,0.0037,0.0119,1.0911
17,5,7,11,1.7747,0.4357,0.2137,0.1152,0.0032,0.0121,1.0977
17,5,8,12,1.7784,0.4098,0.2536,0.1264,0.0038,0.0121,1.0869
17,5,9,11,1.7737,0.3943,0.2779,0.1466,0.0059,0.0119,1.0715
17,5,10,12,1.6721,0.3642,0.1751,0.1543,0.0030,0.0120,1.1054
17,5,11,8,1.7459,0.3473,0.2456,0.1834,0.0020,0.0121,1.1261
17,6,2,7,1.6644,0.5551,0.4329,0.2083,0.0027,0.0063,0.6609
17,6,3,7,1.9416,0.5405,0.2845,0.1012,0.0059,0.0118,1.0863
17,6,4,10,1.8616,0.5071,0.2429,0.0964,0.0029,0.0119,1.0847
17,6,5,10,1.8212,0.4854,0.2167,0.0983,0.0027,0.0119,1.0923
17,6,6,10,1.8016,0.4451,0.2429,0.1066,0.0055,0.0119,1.0840
17,6,7,12,1.8221,0.4320,0.2796,0.1072,0.0033,0.0120,1.0831
17,6,8,12,1.8230,0.4039,0.3003,0.1268,0.0020,0.0122,1.0921
17,6,9,12,1.7949,0.3878,0.2908,0.1428,0.0047,0.0121,1.0871
17,6,10,11,1.6802,0.3665,0.1871,0.1648,0.0032,0.0119,1.0993
17,6,11,9,1.7371,0.3428,0.2365,0.1739,0.0029,0.0122,1.1301
17,7,2,8,2.2593,0.5531,0.4514,0.2009,0.0063,0.0134,1.2209
17,7,3,7,1.9407,0.5355,0.2786,0.0997,0.0072,0.0118,1.0951
17,7,4,10,1.8659,0.5085,0.2340,0.0999,0.0021,0.0119,1.0968
17,7,5,11,1.8497,0.4812,0.2395,0.1020,0.0027,0.0121,1.1020
17,7,6,12,1.8171,0.4479,0.2424,0.1062,0.0044,0.0121,1.0982
17,7,7,12,1.8445,0.4276,0.3077,0.1174,0.0026,0.0121,1.0822
17,7,8,12,1.8797,0.4019,0.3674,0.1343,0.0033,0.0121,1.0826
17,7,9,12,1.8179,0.3753,0.3323,0.1570,0.0045,0.0121,1.0814
17,7,10,12,1.6959,0.3630,0.1939,0.1608,0.0033,0.0121,1.1113
17,7,11,8,1.7114,0.3352,0.2410,0.1748,0.0065,0.0120,1.1040
17,11,2,8,2.2642,0.5545,0.4564,0.2005,0.0075,0.0133,1.2182
17,11,3,7,1.9228,0.5300,0.2781,0.0970,0.0055,0.0117,1.0850
17,11,4,10,1.8613,0.5050,0.2374,0.0989,0.0028,0.0120,1.0917
17,11,5,11,1.8423,0.4724,0.2402,0.1016,0.0028,0.0120,1.1029
17,11,6,12,1.8355,0.4405,0.2708,0.1069,0.0043,0.0120,1.0957
17,11,7,13,1.8542,0.4201,0.3220,0.1220,0.0039,0.0121,1.0837
17,11,8,12,1.8807,0.3992,0.3878,0.1440,0.0043,0.0121,1.0650
17,11,9,11,1.7242,0.3814,0.2128,0.1464,0.0038,0.0120,1.1020
17,11,10,11,1.6880,0.3500,0.2148,0.1720,0.0043,0.0119,1.0946
17,11,11,8,1.7227,0.3319,0.2487,0.1777,0.0066,0.0120,1.1108
17,13,2,8,2.1729,0.5551,0.3961,0.1792,0.0065,0.0130,1.1884
17,13,3,7,1.9208,0.5279,0.2740,0.0952,0.0059,0.0117,1.0889
17,13,4,9,1.8968,0.4968,0.2832,0.0987,0.0042,0.0119,1.0884
17,13,5,11,1.8647,0.4670,0.2687,0.1023,0.0017,0.0120,1.1033
17,13,6,11,1.8436,0.4332,0.2995,0.1106,0.0031,0.0118,1.0839
17,13,7,13,1.8579,0.4119,0.3447,0.1285,0.0048,0.0120,1.0721
17,13,8,12,1.8581,0.3915,0.3689,0.1423,0.0064,0.0121,1.0671
17,13,9,12,1.7417,0.3744,0.2354,0.1532,0.0034,0.0122,1.1040
17,13,10,11,1.6773,0.3514,0.1999,0.1672,0.0031,0.0119,1.0986
17,13,11,8,1.7440,0.3340,0.2512,0.1815,0.0061,0.0121,1.1277
17,14,2,8,2.1270,0.5510,0.3810,0.1640,0.0061,0.0127,1.1627
17,14,3,8,1.9195,0.5166,0.2770,0.0949,0.0058,0.0118,1.0959
17,14,4,8,1.8847,0.4953,0.2842,0.0998,0.0056,0.0116,1.0758
17,14,5,11,1.8613,0.4664,0.2694,0.1020,0.0034,0.0119,1.0980
17,14,6,12,1.8715,0.4338,0.3121,0.1168,0.0036,0.0120,1.0979
17,14,7,13,1.8562,0.4126,0.3372,0.1298,0.0041,0.0121,1.0778
17,14,8,12,1.8726,0.3955,0.3904,0.1425,0.0032,0.0120,1.0593
17,14,9,12,1.7410,0.3768,0.2457,0.1562,0.0035,0.0120,1.0908
17,14,10,11,1.6931,0.3425,0.2250,0.1809,0.0040,0.0120,1.0974
17,14,11,8,1.7659,0.3309,0.2802,0.1907,0.0061,0.0121,1.1237
17,15,2,8,2.1053,0.5480,0.3672,0.1535,0.0063,0.0125,1.1583
17,15,3,8,1.9161,0.5140,0.2805,0.0952,0.0067,0.0117,1.0909
17,15,4,8,1.8849,0.4913,0.2814,0.0995,0.0043,0.0117,1.0840
17,15,5,11,1.8442,0.4502,0.2722,0.1007,0.0031,0.0119,1.0949
17,15,6,13,1.8739,0.4300,0.3076,0.1162,0.0037,0.0122,1.1081
17,15,7,13,1.8458,0.4091,0.3348,0.1286,0.0034,0.0120,1.0741
17,15,8,13,1.8705,0.3855,0.3855,0.1435,0.0037,0.0121,1.0716
17,15,9,11,1.7280,0.3730,0.2303,0.1522,0.0046,0.0120,1.0959
17,15,10,11,1.6856,0.3443,0.2159,0.1761,0.0021,0.0120,1.0989
17,15,11,8,1.7615,0.3295,0.2816,0.1847,0.0090,0.0120,1.1166
18,1,2,8,2.3995,0.5843,0.8344,0.6137,0.0080,0.0097,0.9529
18,1,3,8,1.9992,0.5660,0.2702,0.0927,0.0071,0.0124,1.1304
18,1,4,9,1.8460,0.5386,0.1902,0.0870,0.0062,0.0119,1.0868
18,1,5,9,1.7863,0.5092,0.1728,0.0920,0.0023,0.0117,1.0780
18,1,6,11,1.7480,0.4897,0.1377,0.0961,0.0027,0.0120,1.0936
18,1,7,11,1.7122,0.4510,0.1391,0.1053,0.0020,0.0119,1.0960
18,1,8,13,1.7342,0.4249,0.1953,0.1299,0.0023,0.0121,1.0874
18,1,9,11,1.7397,0.4143,0.2287,0.1303,0.0044,0.0120,1.0682
18,1,10,10,1.6731,0.3985,0.1720,0.1595,0.0027,0.0118,1.0759
18,1,11,10,1.6226,0.3765,0.1337,0.1331,0.0016,0.0119,1.0866
18,2,2,6,2.3997,0.5707,0.8685,0.6570,0.0080,0.0096,0.9326
18,2,3,8,1.9660,0.5642,0.2483,0.0907,0.0049,0.0124,1.1234
18,2,4,9,1.8382,0.5306,0.1927,0.0891,0.0065,0.0119,1.0842
18,2,5,10,1.8108,0.4940,0.2042,0.0909,0.0029,0.0119,1.0857
18,2,6,11,1.7413,0.4886,0.1392,0.0960,0.0032,0.0118,1.0865
18,2,7,11,1.7288,0.4502,0.1644,0.1029,0.0026,0.0118,1.0878
18,2,8,12,1.7481,0.4258,0.2073,0.1278,0.0026,0.0120,1.0884
18,2,9,13,1.7867,0.4064,0.2649,0.1455,0.0095,0.0122,1.0813
18,2,10,10,1.6592,0.3858,0.1533,0.1445,0.0031,0.0119,1.0929
18,2,11,10,1.6325,0.3745,0.1451,0.1446,0.0016,0.0120,1.0869
18,3,2,6,2.3778,0.5644,0.8562,0.6312,0.0080,0.0096,0.9294
18,3,3,8,1.9804,0.5593,0.2759,0.0926,0.0063,0.0122,1.1138
18,3,4,8,1.8143,0.5322,0.1907,0.0874,0.0061,0.0116,1.0617
18,3,5,11,1.8226,0.4996,0.2085,0.0939,0.0049,0.0119,1.0857
18,3,6,11,1.7558,0.4782,0.1564,0.0953,0.0032,0.0119,1.0940
18,3,7,11,1.7511,0.4448,0.1795,0.1029,0.0031,0.0119,1.0995
18,3,8,12,1.7566,0.4223,0.2117,0.1245,0.0040,0.0121,1.0942
18,3,9,12,1.7606,0.4075,0.2449,0.1324,0.0057,0.0120,1.0784
18,3,10,10,1.6752,0.3814,0.1690,0.1605,0.0016,0.0119,1.0988
18,3,11,10,1.6250,0.3726,0.1463,0.1450,0.0015,0.0119,1.0806
18,4,2,6,2.4016,0.5656,0.8794,0.6524,0.0080,0.0097,0.9287
18,4,3,8,2.0113,0.5559,0.3100,0.1094,0.0065,0.0123,1.1137
18,4,4,9,1.8422,0.5258,0.2110,0.0907,0.0034,0.0118,1.0781
18,4,5,10,1.8120,0.4952,0.2077,0.0988,0.0030,0.0118,1.0822
18,4,6,12,1.7516,0.4771,0.1522,0.0902,0.0033,0.0119,1.0949
18,4,7,11,1.7715,0.4416,0.2031,0.1147,0.0049,0.0119,1.0977
18,4,8,12,1.7696,0.4199,0.2292,0.1303,0.0047,0.0120,1.0915
18,4,9,13,1.7900,0.3996,0.2733,0.1377,0.0073,0.0121,1.0854
18,4,10,11,1.6677,0.3789,0.1513,0.1455,0.0032,0.0120,1.1099
18,4,11,7,1.7463,0.3684,0.2529,0.1588,0.0031,0.0119,1.0976
18,5,2,6,1.9306,0.5575,0.6523,0.4349,0.0042,0.0068,0.7028
18,5,3,8,2.0045,0.5525,0.3016,0.1068,0.0051,0.0123,1.1201
18,5,4,9,1.8571,0.5179,0.2358,0.0957,0.0049,0.0118,1.0745
18,5,5,10,1.8124,0.4924,0.2040,0.0950,0.0048,0.0119,1.0871
18,5,6,11,1.8341,0.4692,0.2545,0.1020,0.0039,0.0119,1.0826
18,5,7,11,1.8229,0.4312,0.2811,0.1109,0.0062,0.0120,1.0802
18,5,8,12,1.7898,0.4170,0.2424,0.1195,0.0174,0.0120,1.0887
18,5,9,13,1.7906,0.3966,0.2718,0.1376,0.0086,0.0121,1.0892
18,5,10,11,1.6753,0.3796,0.1592,0.1541,0.0017,0.0121,1.1103
18,5,11,7,1.7897,0.3635,0.2904,0.1686,0.0027,0.0120,1.1084
18,6,2,6,1.8695,0.5592,0.6080,0.3925,0.0038,0.0066,0.6851
18,6,3,8,1.9796,0.5393,0.2986,0.1028,0.0046,0.0121,1.1122
18,6,4,9,1.8639,0.5132,0.2509,0.0970,0.0039,0.0117,1.0721
18,6,5,11,1.8382,0.4886,0.2206,0.0982,0.0043,0.0120,1.1003
18,6,6,12,1.8437,0.4663,0.2570,0.1033,0.0051,0.0120,1.0912
18,6,7,11,1.8357,0.4332,0.2940,0.1164,0.0035,0.0120,1.0809
18,6,8,12,1.8121,0.4076,0.2953,0.1329,0.0033,0.0120,1.0817
18,6,9,12,1.8126,0.3937,0.3107,0.1389,0.0031,0.0121,1.0808
18,6,10,10,1.6807,0.3688,0.1837,0.1703,0.0016,0.0119,1.1024
18,6,11,7,1.7523,0.3553,0.2662,0.1657,0.0022,0.0120,1.1040
18,7,2,7,2.2884,0.5526,0.5023,0.2369,0.0078,0.0131,1.1986
18,7,3,8,1.9864,0.5419,0.3009,0.0993,0.0083,0.0121,1.1106
18,7,4,10,1.8884,0.5046,0.2647,0.0980,0.0034,0.0119,1.0912
18,7,5,11,1.8542,0.4782,0.2583,0.1042,0.0036,0.0120,1.0899
18,7,6,12,1.8515,0.4599,0.2615,0.1065,0.0047,0.0121,1.1010
18,7,7,11,1.8433,0.4233,0.3151,0.1252,0.0065,0.0120,1.0741
18,7,8,12,1.8807,0.4087,0.3812,0.1389,0.0047,0.0120,1.0617
18,7,9,11,1.7140,0.3884,0.2043,0.1489,0.0026,0.0120,1.0945
18,7,10,10,1.6805,0.3711,0.1855,0.1607,0.0026,0.0118,1.0973
18,7,11,7,1.7544,0.3558,0.2384,0.1759,0.0190,0.0120,1.1164
18,11,2,8,2.1954,0.5547,0.4165,0.1884,0.0068,0.0130,1.1905
18,11,3,8,1.9937,0.5359,0.3085,0.1017,0.0069,0.0121,1.1176
18,11,4,10,1.8751,0.4990,0.2750,0.1000,0.0024,0.0117,1.0750
18,11,5,12,1.8723,0.4825,0.2641,0.1039,0.0020,0.0120,1.0995
18,11,6,11,1.8432,0.4489,0.2872,0.1123,0.0031,0.0119,1.0801
18,11,7,12,1.8559,0.4237,0.3308,0.1337,0.0030,0.0120,1.0742
18,11,8,13,1.8770,0.4078,0.3699,0.1451,0.0057,0.0120,1.0696
18,11,9,11,1.7309,0.3898,0.2277,0.1519,0.0029,0.0119,1.0865
18,11,10,10,1.6990,0.3647,0.2051,0.1676,0.0024,0.0120,1.1025
18,11,11,7,1.7308,0.3508,0.2379,0.1760,0.0057,0.0120,1.1115
18,13,2,8,2.2478,0.5515,0.4686,0.2279,0.0060,0.0130,1.1946
18,13,3,8,1.9635,0.5349,0.3012,0.0954,0.0052,0.0120,1.0976
18,13,4,10,1.8644,0.4934,0.2597,0.1010,0.0043,0.0118,1.0830
18,13,5,12,1.8625,0.4779,0.2608,0.1040,0.0049,0.0120,1.0948
18,13,6,11,1.8444,0.4414,0.2878,0.1129,0.0025,0.0120,1.0883
18,13,7,12,1.8649,0.4214,0.3409,0.1300,0.0025,0.0120,1.0761
18,13,8,13,1.8710,0.4049,0.3692,0.1450,0.0030,0.0120,1.0696
18,13,9,11,1.7313,0.3879,0.2280,0.1509,0.0029,0.0119,1.0886
18,13,10,12,1.7088,0.3633,0.2088,0.1769,0.0036,0.0121,1.1086
18,13,11,7,1.7503,0.3432,0.2532,0.1785,0.0153,0.0121,1.1137
18,14,2,8,2.2635,0.5517,0.4788,0.2165,0.0071,0.0131,1.1989
18,14,3,8,1.9655,0.5263,0.3002,0.0930,0.0053,0.0120,1.1091
18,14,4,10,1.8987,0.4937,0.2982,0.1012,0.0049,0.0118,1.0780
18,14,5,12,1.8813,0.4761,0.2889,0.1040,0.0033,0.0119,1.0891
18,14,6,12,1.8782,0.4361,0.3224,0.1135,0.0057,0.0120,1.0899
18,14,7,12,1.8814,0.4193,0.3589,0.1345,0.0022,0.0121,1.0769
18,14,8,12,1.8799,0.4026,0.3856,0.1397,0.0041,0.0118,1.0635
18,14,9,12,1.7323,0.3839,0.2259,0.1567,0.0026,0.0120,1.0956
18,14,10,9,1.6859,0.3605,0.2023,0.1712,0.0035,0.0117,1.0956
18,14,11,7,1.8057,0.3398,0.2799,0.1894,0.0469,0.0121,1.1141
18,15,2,8,2.1370,0.5474,0.3950,0.1648,0.0068,0.0126,1.1616
18,15,3,8,1.9489,0.5205,0.3090,0.0936,0.0052,0.0118,1.0899
18,15,4,10,1.8982,0.4913,0.2953,0.1003,0.0072,0.0118,1.0804
18,15,5,12,1.8815,0.4717,0.2847,0.1038,0.0025,0.0120,1.0985
18,15,6,12,1.8763,0.4345,0.3303,0.1224,0.0038,0.0119,1.0835
18,15,7,12,1.8516,0.4105,0.3385,0.1314,0.0025,0.0120,1.0761
18,15,8,11,1.8658,0.3903,0.3946,0.1509,0.0044,0.0118,1.0528
18,15,9,12,1.7335,0.3817,0.2205,0.1570,0.0027,0.0121,1.1042
18,15,10,11,1.7017,0.3601,0.2053,0.1805,0.0017,0.0121,1.1103
18,15,11,8,1.8076,0.3375,0.2742,0.1810,0.0421,0.0122,1.1286
19,1,2,7,2.3976,0.5794,0.8242,0.5931,0.0080,0.0098,0.9659
19,1,3,8,1.6393,0.5424,0.3847,0.1274,0.0019,0.0066,0.6971
19,1,4,9,1.8870,0.5346,0.2030,0.0941,0.0097,0.0122,1.1147
19,1,5,11,1.8557,0.5080,0.2114,0.0924,0.0026,0.0122,1.1089
19,1,6,12,1.7967,0.4822,0.1716,0.0934,0.0031,0.0122,1.1151
19,1,7,13,1.7766,0.4604,0.1595,0.1046,0.0037,0.0124,1.1282
19,1,8,12,1.7467,0.4369,0.1644,0.1212,0.0028,0.0122,1.1179
19,1,9,11,1.7733,0.4157,0.2274,0.1326,0.0030,0.0122,1.1025
19,1,10,13,1.8226,0.3884,0.3056,0.1577,0.0031,0.0123,1.1005
19,1,11,7,1.7993,0.3707,0.2633,0.1600,0.0022,0.0124,1.1376
19,2,2,6,2.4023,0.5768,0.8451,0.6141,0.0080,0.0098,0.9522
19,2,3,9,2.2206,0.5573,0.3858,0.1518,0.0073,0.0136,1.2422
19,2,4,9,1.8872,0.5308,0.2131,0.0973,0.0114,0.0121,1.1072
19,2,5,12,1.8857,0.5001,0.2410,0.0965,0.0047,0.0123,1.1151
19,2,6,12,1.8536,0.4807,0.2233,0.0967,0.0018,0.0123,1.1227
19,2,7,11,1.7694,0.4541,0.1611,0.1133,0.0020,0.0122,1.1274
19,2,8,12,1.7646,0.4346,0.1821,0.1226,0.0028,0.0123,1.1204
19,2,9,11,1.7918,0.4080,0.2401,0.1349,0.0118,0.0122,1.1072
19,2,10,11,1.7940,0.3790,0.2963,0.1708,0.0045,0.0122,1.0896
19,2,11,7,1.7945,0.3695,0.2580,0.1615,0.0031,0.0123,1.1386
19,3,2,6,2.3764,0.5752,0.8203,0.5863,0.0081,0.0098,0.9526
19,3,3,9,2.2265,0.5513,0.3998,0.1731,0.0062,0.0136,1.2415
19,3,4,8,1.8788,0.5270,0.2207,0.0978,0.0103,0.0119,1.0962
19,3,5,11,1.8430,0.4958,0.2033,0.0964,0.0028,0.0122,1.1161
19,3,6,12,1.8567,0.4770,0.2334,0.1032,0.0021,0.0123,1.1193
19,3,7,11,1.7893,0.4524,0.1882,0.1200,0.0031,0.0122,1.1209
19,3,8,13,1.7877,0.4312,0.1897,0.1158,0.0058,0.0124,1.1360
19,3,9,12,1.7878,0.4044,0.2389,0.1372,0.0044,0.0123,1.1151
19,3,10,11,1.6858,0.3822,0.1594,0.1575,0.0025,0.0122,1.1170
19,3,11,7,1.7720,0.3645,0.2412,0.1750,0.0029,0.0123,1.1382
19,4,2,7,2.4008,0.5624,0.8565,0.6223,0.0080,0.0099,0.9536
19,4,3,9,2.1136,0.5460,0.3462,0.1216,0.0056,0.0130,1.1889
19,4,4,9,1.8881,0.5244,0.2267,0.0987,0.0112,0.0120,1.1013
19,4,5,10,1.8560,0.4911,0.2271,0.1020,0.0027,0.0121,1.1104
19,4,6,11,1.8542,0.4745,0.2380,0.1008,0.0028,0.0122,1.1141
19,4,7,11,1.7965,0.4455,0.1913,0.1049,0.0106,0.0123,1.1243
19,4,8,12,1.8119,0.4256,0.2384,0.1288,0.0060,0.0123,1.1172
19,4,9,12,1.7956,0.4073,0.2381,0.1359,0.0067,0.0124,1.1186
19,4,10,11,1.6920,0.3790,0.1668,0.1627,0.0029,0.0122,1.1186
19,4,11,7,1.7757,0.3673,0.2468,0.1818,0.0029,0.0122,1.1335
19,5,2,7,2.3371,0.5574,0.7971,0.5643,0.0081,0.0098,0.9543
19,5,3,9,2.1318,0.5390,0.3739,0.1324,0.0055,0.0130,1.1867
19,5,4,9,1.8976,0.5208,0.2390,0.1003,0.0157,0.0120,1.0976
19,5,5,10,1.8658,0.4849,0.2446,0.1053,0.0043,0.0120,1.1074
19,5,6,12,1.8565,0.4678,0.2469,0.1101,0.0031,0.0122,1.1139
19,5,7,11,1.8583,0.4426,0.2858,0.1163,0.0023,0.0122,1.1030
19,5,8,12,1.8262,0.4189,0.2643,0.1363,0.0035,0.0123,1.1146
19,5,9,13,1.8182,0.4041,0.2777,0.1384,0.0037,0.0123,1.1079
19,5,10,11,1.6971,0.3710,0.1734,0.1627,0.0021,0.0122,1.1258
19,5,11,7,1.7569,0.3556,0.2399,0.1750,0.0031,0.0121,1.1334
19,6,2,7,2.3455,0.5543,0.8131,0.5747,0.0080,0.0099,0.9499
19,6,3,9,2.0928,0.5366,0.3622,0.1180,0.0062,0.0128,1.1617
19,6,4,10,1.9084,0.5180,0.2543,0.1003,0.0059,0.0121,1.1055
19,6,5,11,1.8892,0.4770,0.2673,0.1064,0.0029,0.0122,1.1174
19,6,6,13,1.8781,0.4589,0.2604,0.1109,0.0045,0.0124,1.1295
19,6,7,12,1.8571,0.4342,0.2751,0.1200,0.0017,0.0124,1.1212
19,6,8,12,1.8481,0.4164,0.2918,0.1379,0.0021,0.0123,1.1129
19,6,9,13,1.8730,0.3987,0.3344,0.1514,0.0054,0.0124,1.1095
19,6,10,11,1.7180,0.3737,0.1892,0.1687,0.0021,0.0123,1.1282
19,6,11,7,1.7614,0.3535,0.2420,0.1751,0.0033,0.0122,1.1375
19,7,2,7,2.3574,0.5537,0.8280,0.5910,0.0081,0.0098,0.9475
19,7,3,9,2.0803,0.5234,0.3598,0.1362,0.0052,0.0126,1.1661
19,7,4,10,1.9356,0.5145,0.2779,0.1018,0.0097,0.0120,1.1089
19,7,5,10,1.9077,0.4798,0.2739,0.1060,0.0146,0.0121,1.1146
19,7,6,12,1.8774,0.4592,0.2523,0.1112,0.0033,0.0125,1.1376
19,7,7,12,1.9020,0.4331,0.3222,0.1281,0.0102,0.0123,1.1116
19,7,8,12,1.8994,0.4127,0.3553,0.1414,0.0101,0.0123,1.0966
19,7,9,13,1.8741,0.3934,0.3526,0.1557,0.0075,0.0123,1.0958
19,7,10,10,1.7331,0.3705,0.2145,0.1738,0.0036,0.0121,1.1199
19,7,11,7,1.7669,0.3506,0.2567,0.1853,0.0066,0.0122,1.1278
19,11,2,7,2.3550,0.5511,0.8284,0.5949,0.0080,0.0098,0.9472
19,11,3,8,2.0495,0.5206,0.3440,0.1109,0.0056,0.0124,1.1539
19,11,4,9,1.9349,0.5094,0.2962,0.1022,0.0095,0.0119,1.0956
19,11,5,11,1.8951,0.4716,0.2707,0.1069,0.0076,0.0121,1.1205
19,11,6,11,1.8792,0.4520,0.2851,0.1135,0.0037,0.0122,1.1140
19,11,7,12,1.8876,0.4301,0.3211,0.1312,0.0017,0.0122,1.1098
19,11,8,12,1.8919,0.4030,0.3714,0.1528,0.0054,0.0123,1.0875
19,11,9,13,1.8783,0.3952,0.3467,0.1540,0.0046,0.0125,1.1068
19,11,10,10,1.7428,0.3653,0.2311,0.1781,0.0040,0.0121,1.1176
19,11,11,8,1.7573,0.3461,0.2411,0.1792,0.0069,0.0123,1.1379
19,13,2,7,1.9456,0.5524,0.6701,0.4455,0.0082,0.0069,0.7008
19,13,3,9,2.0218,0.5206,0.3228,0.0990,0.0061,0.0124,1.1470
19,13,4,9,1.9662,0.5030,0.3310,0.1020,0.0040,0.0120,1.1036
19,13,5,11,1.9081,0.4737,0.2824,0.1060,0.0051,0.0121,1.1221
19,13,6,10,1.8786,0.4507,0.2910,0.1133,0.0059,0.0120,1.1064
19,13,7,12,1.8978,0.4291,0.3265,0.1394,0.0098,0.0123,1.1076
19,13,8,13,1.9266,0.4058,0.3916,0.1515,0.0144,0.0123,1.0900
19,13,9,13,1.8940,0.3822,0.3855,0.1662,0.0067,0.0124,1.0946
19,13,10,8,1.8799,0.3641,0.3313,0.1773,0.0139,0.0125,1.1449
19,13,11,7,1.7721,0.3373,0.2735,0.1829,0.0060,0.0122,1.1301
19,14,2,7,1.9345,0.5490,0.6663,0.4449,0.0153,0.0068,0.6902
19,14,3,8,2.0114,0.5187,0.3397,0.1056,0.0058,0.0122,1.1222
19,14,4,9,1.9359,0.4923,0.3025,0.1009,0.0038,0.0120,1.1128
19,14,5,11,1.9131,0.4737,0.2861,0.1052,0.0078,0.0122,1.1208
19,14,6,11,1.8831,0.4475,0.2908,0.1186,0.0058,0.0121,1.1146
19,14,7,12,1.9073,0.4258,0.3355,0.1335,0.0102,0.0123,1.1111
19,14,8,13,1.9334,0.4024,0.4051,0.1544,0.0101,0.0124,1.0908
19,14,9,13,1.8968,0.3865,0.3822,0.1632,0.0039,0.0124,1.0993
19,14,10,7,1.8561,0.3564,0.3286,0.1755,0.0056,0.0125,1.1397
19,14,11,7,1.8149,0.3341,0.2896,0.1800,0.0416,0.0122,1.1244
19,15,2,8,1.7617,0.5435,0.5200,0.2953,0.0025,0.0065,0.6824
19,15,3,8,1.9974,0.5140,0.3304,0.1014,0.0050,0.0121,1.1231
19,15,4,11,1.9608,0.4957,0.3194,0.1018,0.0028,0.0122,1.1183
19,15,5,12,1.9478,0.4720,0.3204,0.1088,0.0047,0.0123,1.1260
19,15,6,12,1.8970,0.4443,0.2914,0.1245,0.0081,0.0123,1.1284
19,15,7,12,1.8618,0.4178,0.3002,0.1396,0.0031,0.0123,1.1156
19,15,8,12,1.9074,0.3985,0.3806,0.1474,0.0088,0.0123,1.0943
19,15,9,13,1.9610,0.3822,0.4693,0.1657,0.0031,0.0123,1.0816
19,15,10,7,1.8639,0.3525,0.3475,0.1837,0.0058,0.0125,1.1322
19,15,11,7,1.8143,0.3315,0.2950,0.1875,0.0309,0.0123,1.1317
20,1,2,6,2.4332,0.5826,0.8868,0.6554,0.0080,0.0097,0.9359
20,1,3,8,2.1669,0.5626,0.3769,0.1600,0.0074,0.0131,1.1930
20,1,4,8,1.8482,0.5364,0.1956,0.0894,0.0077,0.0118,1.0843
20,1,5,12,1.8313,0.5206,0.1846,0.0854,0.0033,0.0122,1.0983
20,1,6,10,1.7809,0.4888,0.1754,0.0959,0.0023,0.0119,1.0902
20,1,7,13,1.7704,0.4585,0.1757,0.1041,0.0015,0.0122,1.1101
20,1,8,11,1.7337,0.4454,0.1582,0.1182,0.0020,0.0121,1.1036
20,1,9,11,1.7576,0.4209,0.2231,0.1286,0.0046,0.0121,1.0844
20,1,10,10,1.6888,0.4015,0.1707,0.1520,0.0025,0.0119,1.0899
20,1,11,7,1.7671,0.3815,0.2409,0.1406,0.0033,0.0122,1.1162
20,2,2,6,2.4375,0.5802,0.8979,0.6735,0.0081,0.0096,0.9316
20,2,3,8,2.1603,0.5602,0.3836,0.1569,0.0071,0.0130,1.1827
20,2,4,8,1.8497,0.5371,0.2020,0.0901,0.0087,0.0117,1.0781
20,2,5,12,1.8617,0.5147,0.2169,0.0907,0.0023,0.0121,1.1032
20,2,6,11,1.8326,0.4947,0.2137,0.0914,0.0025,0.0120,1.0972
20,2,7,12,1.7794,0.4615,0.1795,0.1045,0.0017,0.0122,1.1121
20,2,8,11,1.7470,0.4427,0.1641,0.1133,0.0025,0.0121,1.1133
20,2,9,11,1.7651,0.4179,0.2286,0.1364,0.0036,0.0121,1.0905
20,2,10,11,1.7061,0.3995,0.1882,0.1689,0.0034,0.0120,1.0906
20,2,11,8,1.7807,0.3864,0.2423,0.1289,0.0017,0.0123,1.1251
20,3,2,6,2.4074,0.5742,0.8713,0.6502,0.0080,0.0096,0.9340
20,3,3,9,2.1093,0.5507,0.3556,0.1268,0.0065,0.0129,1.1700
20,3,4,9,1.8572,0.5356,0.1994,0.0932,0.0086,0.0118,1.0894
20,3,5,12,1.8577,0.5126,0.2143,0.0923,0.0033,0.0121,1.1030
20,3,6,11,1.8362,0.4819,0.2265,0.0959,0.0031,0.0120,1.1002
20,3,7,11,1.8267,0.4593,0.2452,0.1036,0.0032,0.0120,1.0948
20,3,8,11,1.7501,0.4349,0.1746,0.1176,0.0021,0.0122,1.1139
20,3,9,12,1.7693,0.4081,0.2284,0.1388,0.0021,0.0122,1.1059
20,3,10,10,1.6996,0.3896,0.1871,0.1581,0.0025,0.0120,1.0961
20,3,11,8,1.7655,0.3731,0.2471,0.1372,0.0019,0.0122,1.1186
20,4,2,7,2.4136,0.5711,0.8803,0.6500,0.0081,0.0097,0.9341
20,4,3,9,2.0990,0.5478,0.3490,0.1273,0.0069,0.0128,1.1689
20,4,4,9,1.8619,0.5251,0.2148,0.0974,0.0109,0.0119,1.0869
20,4,5,12,1.8615,0.5063,0.2184,0.0973,0.0072,0.0122,1.1050
20,4,6,11,1.8426,0.4854,0.2369,0.0981,0.0028,0.0120,1.0934
20,4,7,12,1.8286,0.4559,0.2401,0.1089,0.0017,0.0122,1.1064
20,4,8,12,1.7989,0.4300,0.2259,0.1231,0.0137,0.0122,1.1047
20,4,9,12,1.7814,0.4014,0.2599,0.1440,0.0034,0.0121,1.0923
20,4,10,11,1.7147,0.3864,0.1958,0.1585,0.0033,0.0120,1.1048
20,4,11,7,1.7766,0.3707,0.2684,0.1514,0.0027,0.0120,1.1100
20,5,2,6,2.3820,0.5651,0.8578,0.6349,0.0080,0.0097,0.9312
20,5,3,8,2.1066,0.5443,0.3658,0.1374,0.0065,0.0127,1.1639
20,5,4,9,1.8660,0.5256,0.2204,0.0991,0.0116,0.0119,1.0842
20,5,5,11,1.8660,0.5084,0.2243,0.1036,0.0082,0.0121,1.1007
20,5,6,12,1.8492,0.4714,0.2543,0.1042,0.0032,0.0121,1.0961
20,5,7,12,1.8231,0.4466,0.2428,0.1185,0.0026,0.0122,1.1067
20,5,8,12,1.8037,0.4211,0.2443,0.1296,0.0069,0.0122,1.1068
20,5,9,13,1.8146,0.4029,0.2894,0.1453,0.0035,0.0122,1.0942
20,5,10,12,1.7130,0.3763,0.1918,0.1664,0.0031,0.0122,1.1172
20,5,11,8,1.7967,0.3675,0.2778,0.1607,0.0019,0.0122,1.1248
20,6,2,7,2.4097,0.5628,0.8784,0.6535,0.0080,0.0098,0.9404
20,6,3,9,2.0672,0.5401,0.3415,0.1164,0.0067,0.0126,1.1531
20,6,4,10,1.8986,0.5203,0.2576,0.0992,0.0043,0.0119,1.0921
20,6,5,11,1.8649,0.4981,0.2404,0.1045,0.0067,0.0121,1.0952
20,6,6,11,1.8527,0.4660,0.2611,0.1057,0.0044,0.0120,1.0969
20,6,7,13,1.8482,0.4420,0.2731,0.1195,0.0034,0.0122,1.1053
20,6,8,12,1.8534,0.4147,0.3174,0.1333,0.0047,0.0121,1.0921
20,6,9,12,1.8291,0.3979,0.3107,0.1426,0.0029,0.0122,1.0930
20,6,10,11,1.7054,0.3690,0.1950,0.1796,0.0028,0.0122,1.1139
20,6,11,7,1.7728,0.3583,0.2748,0.1609,0.0033,0.0120,1.1119
20,7,2,7,2.0132,0.5587,0.7106,0.5017,0.0038,0.0072,0.7255
20,7,3,9,2.0517,0.5373,0.3298,0.1078,0.0054,0.0126,1.1532
20,7,4,10,1.8968,0.5186,0.2532,0.0991,0.0075,0.0120,1.0933
20,7,5,11,1.8816,0.4901,0.2571,0.1038,0.0094,0.0120,1.1005
20,7,6,12,1.8751,0.4625,0.2663,0.1054,0.0083,0.0121,1.1134
20,7,7,13,1.8738,0.4398,0.3009,0.1249,0.0040,0.0122,1.1045
20,7,8,13,1.8753,0.4133,0.3496,0.1460,0.0074,0.0121,1.0806
20,7,9,12,1.8470,0.3867,0.3373,0.1473,0.0033,0.0123,1.0947
20,7,10,10,1.7003,0.3631,0.1938,0.1673,0.0021,0.0121,1.1168
20,7,11,7,1.7388,0.3583,0.2366,0.1771,0.0068,0.0120,1.1122
20,11,2,7,1.9405,0.5545,0.6515,0.4405,0.0037,0.0070,0.7166
20,11,3,8,2.0425,0.5322,0.3393,0.1169,0.0050,0.0124,1.1405
20,11,4,10,1.9223,0.5119,0.2941,0.1008,0.0043,0.0119,1.0877
20,11,5,11,1.8816,0.4845,0.2661,0.1030,0.0024,0.0120,1.1040
20,11,6,12,1.8863,0.4583,0.2797,0.1081,0.0105,0.0121,1.1135
20,11,7,13,1.8728,0.4372,0.2996,0.1263,0.0032,0.0122,1.1083
20,11,8,14,1.8817,0.4118,0.3425,0.1393,0.0076,0.0123,1.0951
20,11,9,10,1.7300,0.3958,0.1876,0.1516,0.0019,0.0122,1.1200
20,11,10,9,1.6946,0.3649,0.1964,0.1707,0.0033,0.0119,1.1057
20,11,11,8,1.7395,0.3485,0.2345,0.1787,0.0016,0.0122,1.1301
20,13,2,7,1.8670,0.5603,0.5998,0.3840,0.0064,0.0066,0.6871
20,13,3,9,2.0339,0.5286,0.3245,0.1027,0.0049,0.0124,1.1504
20,13,4,10,1.9242,0.5069,0.3008,0.1009,0.0025,0.0119,1.0897
20,13,5,11,1.9293,0.4811,0.3131,0.1022,0.0020,0.0121,1.1086
20,13,6,13,1.9580,0.4531,0.3533,0.1091,0.0015,0.0124,1.1251
20,13,7,12,1.8794,0.4354,0.3199,0.1334,0.0082,0.0120,1.0914
20,13,8,14,1.8853,0.4097,0.3639,0.1521,0.0029,0.0123,1.0843
20,13,9,9,1.7335,0.3933,0.2078,0.1562,0.0029,0.0119,1.1052
20,13,10,7,1.8145,0.3641,0.2957,0.1767,0.0071,0.0122,1.1224
20,13,11,7,1.7478,0.3537,0.2563,0.1948,0.0076,0.0119,1.1056
20,14,2,8,2.2791,0.5518,0.4825,0.2131,0.0066,0.0132,1.2109
20,14,3,9,2.0147,0.5273,0.3215,0.0984,0.0056,0.0123,1.1351
20,14,4,11,1.9553,0.5050,0.3243,0.1009,0.0031,0.0120,1.0985
20,14,5,10,1.9210,0.4722,0.3062,0.1034,0.0117,0.0120,1.1064
20,14,6,13,1.8933,0.4504,0.2980,0.1142,0.0041,0.0122,1.1164
20,14,7,10,1.8705,0.4329,0.3160,0.1291,0.0083,0.0119,1.0891
20,14,8,13,1.8943,0.4056,0.3741,0.1471,0.0035,0.0122,1.0866
20,14,9,9,1.7260,0.3905,0.2078,0.1517,0.0027,0.0119,1.1007
20,14,10,10,1.6993,0.3565,0.1983,0.1735,0.0017,0.0121,1.1183
20,14,11,7,1.7484,0.3515,0.2526,0.1896,0.0075,0.0120,1.1120
20,15,2,9,2.2736,0.5464,0.4908,0.2108,0.0068,0.0132,1.2023
20,15,3,8,1.9880,0.5227,0.3197,0.1008,0.0045,0.0121,1.1162
20,15,4,11,1.9516,0.5007,0.3174,0.1004,0.0029,0.0121,1.1061
20,15,5,11,1.9044,0.4753,0.2861,0.1035,0.0062,0.0121,1.1124
20,15,6,13,1.8864,0.4472,0.2926,0.1118,0.0029,0.0122,1.1194
20,15,7,11,1.8880,0.4290,0.3372,0.1390,0.0039,0.0120,1.0936
20,15,8,12,1.8695,0.3972,0.3650,0.1536,0.0066,0.0121,1.0764
20,15,9,10,1.7424,0.3793,0.2291,0.1664,0.0034,0.0120,1.1063
20,15,10,7,1.8354,0.3548,0.3341,0.1819,0.0065,0.0122,1.1147
20,15,11,7,1.7524,0.3473,0.2683,0.1835,0.0071,0.0119,1.1052
21,1,2,6,2.4105,0.5809,0.8669,0.6455,0.0080,0.0096,0.9347
21,1,3,8,2.1713,0.5564,0.3795,0.1824,0.0068,0.0130,1.2015
21,1,4,9,1.8751,0.5313,0.2127,0.0935,0.0126,0.0120,1.0941
21,1,5,8,1.8005,0.4917,0.2019,0.1006,0.0149,0.0116,1.0684
21,1,6,9,1.8072,0.4775,0.2214,0.0958,0.0109,0.0117,1.0736
21,1,7,12,1.7412,0.4637,0.1450,0.1111,0.0028,0.0121,1.1054
21,1,8,12,1.7367,0.4360,0.1812,0.1235,0.0019,0.0120,1.0934
21,1,9,13,1.7479,0.4148,0.2103,0.1327,0.0027,0.0122,1.0955
21,1,10,13,1.7548,0.3901,0.2606,0.1437,0.0023,0.0121,1.0774
21,1,11,9,1.7640,0.3589,0.2195,0.1659,0.0031,0.0125,1.1570
21,2,2,6,2.4253,0.5788,0.8855,0.6605,0.0081,0.0097,0.9329
21,2,3,7,2.0386,0.5620,0.3168,0.1322,0.0053,0.0123,1.1292
21,2,4,9,1.8814,0.5272,0.2143,0.0973,0.0173,0.0120,1.0980
21,2,5,9,1.8425,0.5000,0.2367,0.1027,0.0029,0.0117,1.0791
21,2,6,9,1.8091,0.4749,0.2153,0.0982,0.0166,0.0118,1.0784
21,2,7,12,1.7466,0.4544,0.1675,0.1018,0.0038,0.0121,1.0967
21,2,8,13,1.7370,0.4341,0.1781,0.1295,0.0023,0.0121,1.0981
21,2,9,13,1.7532,0.4180,0.2139,0.1357,0.0023,0.0121,1.0946
21,2,10,12,1.7685,0.3922,0.2780,0.1437,0.0028,0.0120,1.0713
21,2,11,8,1.7402,0.3569,0.2110,0.1622,0.0024,0.0123,1.1448
21,3,2,6,2.4244,0.5780,0.8955,0.6733,0.0080,0.0096,0.9230
21,3,3,8,2.0348,0.5589,0.3138,0.1139,0.0059,0.0123,1.1308
21,3,4,9,1.8888,0.5214,0.2323,0.1019,0.0183,0.0120,1.0925
21,3,5,11,1.8636,0.4918,0.2518,0.1042,0.0037,0.0120,1.0921
21,3,6,9,1.7893,0.4727,0.2103,0.1020,0.0038,0.0118,1.0786
21,3,7,11,1.7466,0.4514,0.1710,0.1083,0.0023,0.0119,1.0978
21,3,8,13,1.7507,0.4279,0.1959,0.1175,0.0023,0.0121,1.1002
21,3,9,13,1.7362,0.4042,0.2084,0.1365,0.0023,0.0121,1.0968
21,3,10,13,1.7701,0.3876,0.2766,0.1502,0.0030,0.0121,1.0785
21,3,11,9,1.7776,0.3567,0.2367,0.1804,0.0030,0.0124,1.1559
21,4,2,6,2.4356,0.5703,0.9212,0.6910,0.0084,0.0096,0.9161
21,4,3,8,2.0254,0.5585,0.3005,0.1094,0.0103,0.0123,1.1307
21,4,4,9,1.8909,0.5152,0.2372,0.1024,0.0205,0.0120,1.0936
21,4,5,10,1.8426,0.4849,0.2455,0.1047,0.0021,0.0119,1.0860
21,4,6,10,1.8375,0.4697,0.2531,0.1049,0.0026,0.0118,1.0878
21,4,7,10,1.8239,0.4435,0.2703,0.1149,0.0116,0.0119,1.0744
21,4,8,14,1.7723,0.4252,0.2166,0.1192,0.0030,0.0122,1.1030
21,4,9,13,1.7698,0.4038,0.2479,0.1466,0.0030,0.0121,1.0907
21,4,10,11,1.6687,0.3781,0.1666,0.1494,0.0022,0.0120,1.0975
21,4,11,9,1.7552,0.3473,0.2213,0.1652,0.0031,0.0124,1.1582
21,5,2,6,2.4481,0.5625,0.9282,0.7052,0.0080,0.0097,0.9294
21,5,3,8,2.0163,0.5531,0.2955,0.1069,0.0083,0.0124,1.1340
21,5,4,9,1.9008,0.5125,0.2451,0.1026,0.0252,0.0119,1.0938
21,5,5,10,1.8853,0.4822,0.2863,0.1048,0.0060,0.0119,1.0867
21,5,6,11,1.8512,0.4639,0.2569,0.1060,0.0047,0.0120,1.1016
21,5,7,11,1.8357,0.4404,0.2683,0.1196,0.0161,0.0120,1.0865
21,5,8,14,1.7985,0.4198,0.2495,0.1311,0.0043,0.0122,1.1006
21,5,9,13,1.7671,0.3977,0.2388,0.1385,0.0022,0.0123,1.1036
21,5,10,12,1.6852,0.3791,0.1780,0.1476,0.0027,0.0120,1.1012
21,5,11,9,1.7671,0.3489,0.2385,0.1745,0.0057,0.0124,1.1485
21,6,2,6,2.4534,0.5606,0.9385,0.7296,0.0080,0.0097,0.9264
21,6,3,8,1.9948,0.5453,0.2907,0.1038,0.0051,0.0123,1.1284
21,6,4,9,1.9060,0.5096,0.2487,0.1028,0.0326,0.0119,1.0908
21,6,5,10,1.8854,0.4768,0.2913,0.1044,0.0054,0.0118,1.0876
21,6,6,11,1.8527,0.4594,0.2565,0.1057,0.0063,0.0120,1.1062
21,6,7,10,1.8312,0.4363,0.2763,0.1221,0.0147,0.0119,1.0798
21,6,8,14,1.8248,0.4164,0.2586,0.1331,0.0239,0.0123,1.1011
21,6,9,12,1.7963,0.3912,0.2967,0.1518,0.0037,0.0121,1.0802
21,6,10,12,1.6966,0.3752,0.1958,0.1531,0.0032,0.0121,1.0981
21,6,11,9,1.7703,0.3421,0.2448,0.1705,0.0064,0.0124,1.1515
21,7,2,6,1.9950,0.5557,0.7121,0.5046,0.0042,0.0070,0.7088
21,7,3,8,1.9948,0.5442,0.2966,0.1012,0.0057,0.0122,1.1231
21,7,4,9,1.9159,0.5051,0.2850,0.1025,0.0137,0.0119,1.0878
21,7,5,11,1.9288,0.4725,0.3359,0.1055,0.0032,0.0119,1.0931
21,7,6,12,1.8978,0.4554,0.3030,0.1081,0.0081,0.0120,1.1069
21,7,7,10,1.8452,0.4342,0.2879,0.1279,0.0258,0.0118,1.0732
21,7,8,13,1.9112,0.4130,0.3957,0.1394,0.0053,0.0121,1.0728
21,7,9,14,1.8739,0.3885,0.3724,0.1601,0.0069,0.0122,1.0817
21,7,10,12,1.7155,0.3679,0.2233,0.1622,0.0032,0.0121,1.0967
21,7,11,8,1.8500,0.3435,0.3021,0.1872,0.0362,0.0124,1.1428
21,11,2,6,1.9857,0.5591,0.7118,0.4947,0.0031,0.0069,0.6977
21,11,3,7,1.9813,0.5339,0.3069,0.1134,0.0059,0.0119,1.1101
21,11,4,9,1.9142,0.4929,0.2905,0.1028,0.0192,0.0118,1.0876
21,11,5,11,1.9427,0.4683,0.3516,0.1053,0.0035,0.0119,1.0953
21,11,6,11,1.8978,0.4442,0.3337,0.1183,0.0098,0.0119,1.0862
21,11,7,11,1.8644,0.4302,0.3347,0.1269,0.0028,0.0119,1.0727
21,11,8,13,1.9194,0.4034,0.4081,0.1372,0.0047,0.0122,1.0788
21,11,9,14,1.8736,0.3862,0.3813,0.1602,0.0062,0.0122,1.0754
21,11,10,11,1.7067,0.3552,0.2283,0.1697,0.0017,0.0121,1.0970
21,11,11,8,1.8513,0.3323,0.3049,0.1748,0.0378,0.0125,1.1506
21,13,2,6,1.9832,0.5538,0.7271,0.5141,0.0039,0.0068,0.6845
21,13,3,8,1.9781,0.5334,0.2972,0.1002,0.0055,0.0120,1.1174
21,13,4,9,1.9122,0.4864,0.2872,0.1030,0.0239,0.0118,1.0906
21,13,5,11,1.9370,0.4653,0.3515,0.1046,0.0069,0.0119,1.0892
21,13,6,13,1.9385,0.4465,0.3528,0.1144,0.0072,0.0121,1.1078
21,13,7,11,1.8638,0.4278,0.3275,0.1266,0.0027,0.0118,1.0817
21,13,8,13,1.9231,0.4008,0.4074,0.1396,0.0067,0.0122,1.0837
21,13,9,12,1.9359,0.3801,0.4608,0.1654,0.0081,0.0121,1.0626
21,13,10,11,1.7130,0.3574,0.2528,0.1779,0.0022,0.0119,1.0765
21,13,11,8,1.8567,0.3364,0.3144,0.1793,0.0319,0.0125,1.1482
21,14,2,9,2.3770,0.5490,0.5568,0.2674,0.0079,0.0135,1.2354
21,14,3,9,1.9947,0.5179,0.3188,0.1116,0.0056,0.0121,1.1275
21,14,4,9,1.9180,0.4883,0.2940,0.1023,0.0124,0.0118,1.0992
21,14,5,11,1.9503,0.4568,0.3736,0.1036,0.0040,0.0119,1.0918
21,14,6,10,1.8587,0.4443,0.2946,0.1187,0.0133,0.0117,1.0827
21,14,7,12,1.8857,0.4235,0.3396,0.1278,0.0095,0.0120,1.0888
21,14,8,13,1.9250,0.4037,0.4105,0.1403,0.0031,0.0122,1.0830
21,14,9,13,1.9355,0.3826,0.4594,0.1585,0.0063,0.0121,1.0627
21,14,10,8,1.8733,0.3540,0.3411,0.1745,0.0164,0.0125,1.1362
21,14,11,8,1.8622,0.3350,0.3054,0.1756,0.0549,0.0123,1.1414
21,15,2,8,2.2651,0.5461,0.4729,0.1965,0.0063,0.0132,1.2124
21,15,3,9,1.9629,0.5069,0.3015,0.0987,0.0046,0.0122,1.1250
21,15,4,9,1.9168,0.4857,0.3011,0.1010,0.0162,0.0117,1.0898
21,15,5,10,1.9188,0.4594,0.3484,0.1063,0.0026,0.0117,1.0846
21,15,6,11,1.8728,0.4359,0.3173,0.1199,0.0049,0.0119,1.0909
21,15,7,12,1.9131,0.4145,0.3724,0.1298,0.0100,0.0121,1.0919
21,15,8,12,1.9140,0.3993,0.4106,0.1464,0.0102,0.0121,1.0695
21,15,9,13,1.9384,0.3794,0.4626,0.1645,0.0093,0.0121,1.0628
21,15,10,9,1.8684,0.3512,0.3456,0.1834,0.0124,0.0125,1.1335
21,15,11,8,1.8591,0.3333,0.2984,0.1776,0.0572,0.0124,1.1446
22,1,2,8,2.6940,0.5789,1.1995,1.0067,0.0080,0.0096,0.8880
22,1,3,8,2.1005,0.5541,0.3451,0.1418,0.0058,0.0128,1.1693
22,1,4,8,1.9011,0.5371,0.2375,0.0945,0.0114,0.0119,1.0905
22,1,5,8,1.7841,0.5129,0.2015,0.0914,0.0049,0.0114,1.0415
22,1,6,11,1.7450,0.4773,0.1771,0.0909,0.0031,0.0117,1.0639
22,1,7,12,1.7188,0.4583,0.1539,0.1028,0.0029,0.0118,1.0798
22,1,8,12,1.7022,0.4255,0.1763,0.1192,0.0031,0.0117,1.0736
22,1,9,13,1.7038,0.4074,0.2054,0.1315,0.0029,0.0118,1.0643
22,1,10,12,1.6409,0.3771,0.1621,0.1544,0.0027,0.0119,1.0751
22,1,11,9,1.7546,0.3615,0.2196,0.1677,0.0028,0.0124,1.1454
22,2,2,7,2.7015,0.5737,1.2248,1.0243,0.0081,0.0096,0.8752
22,2,3,8,2.0738,0.5571,0.3264,0.1360,0.0091,0.0126,1.1553
22,2,4,9,1.8816,0.5311,0.2252,0.0972,0.0114,0.0119,1.0898
22,2,5,9,1.7724,0.5002,0.1943,0.0945,0.0049,0.0115,1.0497
22,2,6,11,1.7705,0.4687,0.2157,0.1003,0.0025,0.0117,1.0600
22,2,7,11,1.6993,0.4496,0.1567,0.1018,0.0029,0.0116,1.0666
22,2,8,12,1.7053,0.4174,0.1939,0.1139,0.0033,0.0117,1.0672
22,2,9,13,1.6937,0.4035,0.1886,0.1278,0.0019,0.0119,1.0759
22,2,10,11,1.6266,0.3734,0.1625,0.1544,0.0019,0.0117,1.0651
22,2,11,9,1.7626,0.3532,0.2384,0.1804,0.0024,0.0123,1.1435
22,3,2,7,2.5147,0.5717,1.1297,0.9255,0.0058,0.0086,0.7899
22,3,3,9,2.0744,0.5547,0.3307,0.1262,0.0082,0.0126,1.1551
22,3,4,8,1.8645,0.5323,0.2184,0.0976,0.0077,0.0118,1.0821
22,3,5,10,1.7863,0.5065,0.1963,0.0956,0.0034,0.0115,1.0566
22,3,6,12,1.7871,0.4725,0.2163,0.0955,0.0037,0.0118,1.0710
22,3,7,11,1.7315,0.4450,0.1887,0.1093,0.0021,0.0117,1.0720
22,3,8,12,1.7169,0.4155,0.2140,0.1230,0.0022,0.0117,1.0616
22,3,9,12,1.7067,0.3923,0.2279,0.1433,0.0016,0.0118,1.0613
22,3,10,11,1.6248,0.3702,0.1636,0.1492,0.0017,0.0116,1.0658
22,3,11,8,1.7616,0.3475,0.2417,0.1837,0.0070,0.0123,1.1400
22,4,2,7,2.5434,0.5689,1.0348,0.8429,0.0080,0.0096,0.9120
22,4,3,8,2.0576,0.5542,0.3230,0.1315,0.0071,0.0125,1.1476
22,4,4,9,1.9181,0.5265,0.2769,0.0992,0.0121,0.0119,1.0783
22,4,5,10,1.7971,0.4942,0.2108,0.0996,0.0043,0.0116,1.0642
22,4,6,12,1.7848,0.4705,0.2175,0.1038,0.0032,0.0117,1.0701
22,4,7,11,1.7798,0.4318,0.2643,0.1096,0.0018,0.0117,1.0582
22,4,8,12,1.7327,0.4133,0.2318,0.1249,0.0021,0.0117,1.0618
22,4,9,14,1.7508,0.4004,0.2578,0.1394,0.0027,0.0119,1.0659
22,4,10,11,1.6322,0.3674,0.1660,0.1516,0.0015,0.0117,1.0736
22,4,11,9,1.7531,0.3530,0.2345,0.1831,0.0028,0.0123,1.1377
22,5,2,7,2.5517,0.5655,1.0529,0.8588,0.0080,0.0095,0.9057
22,5,3,9,2.0267,0.5461,0.3085,0.1135,0.0067,0.0124,1.1399
22,5,4,8,1.9199,0.5233,0.2806,0.0994,0.0149,0.0118,1.0768
22,5,5,10,1.8056,0.4811,0.2327,0.1026,0.0065,0.0115,1.0617
22,5,6,12,1.7819,0.4623,0.2223,0.0984,0.0027,0.0118,1.0709
22,5,7,11,1.7848,0.4313,0.2700,0.1148,0.0032,0.0117,1.0568
22,5,8,12,1.8092,0.4092,0.3237,0.1252,0.0049,0.0117,1.0477
22,5,9,13,1.7527,0.3908,0.2781,0.1405,0.0028,0.0118,1.0572
22,5,10,8,1.8143,0.3631,0.2814,0.1584,0.0063,0.0124,1.1380
22,5,11,8,1.7766,0.3419,0.2628,0.1791,0.0061,0.0123,1.1404
22,6,2,7,2.4953,0.5566,0.9953,0.8034,0.0080,0.0096,0.9156
22,6,3,9,2.0487,0.5389,0.3332,0.1365,0.0069,0.0124,1.1444
22,6,4,9,1.9011,0.5126,0.2718,0.0996,0.0112,0.0118,1.0812
22,6,5,10,1.8107,0.4794,0.2457,0.1023,0.0055,0.0115,1.0568
22,6,6,11,1.7791,0.4559,0.2306,0.1072,0.0020,0.0117,1.0672
22,6,7,11,1.7875,0.4280,0.2759,0.1169,0.0033,0.0117,1.0570
22,6,8,12,1.8186,0.4051,0.3337,0.1298,0.0044,0.0117,1.0516
22,6,9,13,1.7755,0.3814,0.3046,0.1388,0.0032,0.0119,1.0624
22,6,10,9,1.8553,0.3611,0.3096,0.1765,0.0144,0.0125,1.1446
22,6,11,8,1.7879,0.3442,0.2730,0.1862,0.0065,0.0123,1.1388
22,7,2,7,2.5110,0.5559,1.0150,0.8227,0.0081,0.0097,0.9121
22,7,3,8,2.0252,0.5298,0.3304,0.1375,0.0063,0.0122,1.1333
22,7,4,8,1.8809,0.5031,0.2754,0.1012,0.0142,0.0116,1.0643
22,7,5,11,1.8743,0.4753,0.3034,0.1021,0.0066,0.0116,1.0655
22,7,6,13,1.8156,0.4520,0.2487,0.1109,0.0078,0.0118,1.0830
22,7,7,11,1.7877,0.4215,0.2817,0.1238,0.0032,0.0117,1.0579
22,7,8,12,1.8204,0.3957,0.3524,0.1410,0.0038,0.0118,1.0449
22,7,9,13,1.7848,0.3779,0.3192,0.1515,0.0030,0.0120,1.0607
22,7,10,9,1.8584,0.3586,0.3310,0.1632,0.0073,0.0124,1.1360
22,7,11,8,1.8162,0.3412,0.2900,0.1782,0.0110,0.0125,1.1484
22,11,2,7,2.1763,0.5497,0.9017,0.7023,0.0045,0.0075,0.7052
22,11,3,8,2.0053,0.5320,0.3268,0.1320,0.0055,0.0120,1.1162
22,11,4,8,1.8891,0.5019,0.2811,0.1003,0.0141,0.0116,1.0682
22,11,5,11,1.8823,0.4641,0.3099,0.1021,0.0083,0.0118,1.0762
22,11,6,12,1.7965,0.4393,0.2511,0.1126,0.0052,0.0118,1.0773
22,11,7,12,1.8097,0.4128,0.3124,0.1323,0.0032,0.0118,1.0575
22,11,8,12,1.8109,0.3998,0.3351,0.1386,0.0029,0.0118,1.0495
22,11,9,12,1.8728,0.3772,0.4253,0.1536,0.0089,0.0118,1.0377
22,11,10,8,1.8637,0.3482,0.3560,0.1714,0.0071,0.0124,1.1267
22,11,11,8,1.8401,0.3319,0.3300,0.1951,0.0186,0.0124,1.1341
22,13,2,7,2.0444,0.5500,0.7904,0.5908,0.0048,0.0070,0.6849
22,13,3,8,2.0013,0.5292,0.3273,0.1290,0.0051,0.0120,1.1152
22,13,4,9,1.8807,0.4996,0.2711,0.0998,0.0132,0.0116,1.0733
22,13,5,12,1.8893,0.4685,0.3076,0.1019,0.0066,0.0118,1.0826
22,13,6,11,1.8099,0.4426,0.2735,0.1090,0.0044,0.0116,1.0660
22,13,7,11,1.8094,0.4162,0.3095,0.1326,0.0058,0.0117,1.0545
22,13,8,13,1.8204,0.3900,0.3420,0.1414,0.0053,0.0120,1.0592
22,13,9,13,1.8547,0.3726,0.4191,0.1619,0.0028,0.0118,1.0366
22,13,10,9,1.8632,0.3481,0.3490,0.1732,0.0090,0.0125,1.1315
22,13,11,9,1.8550,0.3360,0.3393,0.1878,0.0113,0.0125,1.1428
22,14,2,8,2.2448,0.5452,0.4734,0.1947,0.0072,0.0130,1.1922
22,14,3,9,2.0052,0.5270,0.3202,0.1177,0.0050,0.0121,1.1281
22,14,4,9,1.8790,0.4986,0.2662,0.0993,0.0151,0.0116,1.0755
22,14,5,11,1.8594,0.4606,0.2853,0.1023,0.0034,0.0118,1.0862
22,14,6,11,1.8266,0.4335,0.2993,0.1096,0.0028,0.0117,1.0675
22,14,7,12,1.8226,0.4139,0.3262,0.1339,0.0041,0.0117,1.0549
22,14,8,13,1.8363,0.3919,0.3568,0.1415,0.0096,0.0119,1.0542
22,14,9,14,1.8885,0.3724,0.4398,0.1666,0.0084,0.0120,1.0439
22,14,10,8,1.8893,0.3519,0.3704,0.1774,0.0205,0.0123,1.1212
22,14,11,9,1.8648,0.3333,0.3599,0.1850,0.0086,0.0125,1.1373
22,15,2,8,2.2252,0.5461,0.4664,0.1891,0.0074,0.0128,1.1788
22,15,3,9,1.9877,0.5240,0.3144,0.1130,0.0046,0.0120,1.1199
22,15,4,9,1.8571,0.4953,0.2620,0.0986,0.0060,0.0115,1.0704
22,15,5,11,1.8583,0.4646,0.2855,0.1045,0.0035,0.0117,1.0810
22,15,6,11,1.8400,0.4333,0.2971,0.1113,0.0152,0.0118,1.0708
22,15,7,12,1.8063,0.4108,0.3074,0.1332,0.0053,0.0117,1.0592
22,15,8,14,1.8209,0.3818,0.3550,0.1473,0.0059,0.0120,1.0543
22,15,9,13,1.8513,0.3685,0.4172,0.1636,0.0026,0.0119,1.0392
22,15,10,8,1.8736,0.3428,0.3777,0.1833,0.0133,0.0123,1.1145
22,15,11,9,1.8932,0.3323,0.3751,0.1873,0.0158,0.0126,1.1440
23,1,2,8,2.4089,0.5820,0.9045,0.7046,0.0080,0.0095,0.8949
23,1,3,8,2.1034,0.5473,0.3697,0.1824,0.0070,0.0127,1.1532
23,1,4,9,1.8334,0.5225,0.2115,0.0920,0.0089,0.0116,1.0665
23,1,5,9,1.7885,0.4941,0.2082,0.0974,0.0160,0.0115,1.0469
23,1,6,11,1.7082,0.4780,0.1705,0.0945,0.0030,0.0114,1.0336
23,1,7,12,1.6690,0.4397,0.1663,0.0980,0.0029,0.0114,1.0371
23,1,8,12,1.6663,0.4199,0.1759,0.1172,0.0027,0.0115,1.0446
23,1,9,13,1.6566,0.4035,0.1884,0.1226,0.0028,0.0115,1.0387
23,1,10,13,1.6706,0.3660,0.2469,0.1554,0.0028,0.0116,1.0317
23,1,11,8,1.7168,0.3520,0.2137,0.1638,0.0059,0.0122,1.1202
23,2,2,8,2.4153,0.5794,0.9130,0.7082,0.0081,0.0095,0.8954
23,2,3,9,2.0184,0.5487,0.3164,0.1192,0.0057,0.0123,1.1225
23,2,4,9,1.8377,0.5245,0.2114,0.0924,0.0110,0.0117,1.0672
23,2,5,9,1.8047,0.5013,0.2096,0.0975,0.0275,0.0113,1.0429
23,2,6,10,1.7311,0.4744,0.1994,0.0917,0.0022,0.0113,1.0321
23,2,7,12,1.7249,0.4362,0.2267,0.1053,0.0030,0.0114,1.0359
23,2,8,12,1.6738,0.4183,0.1878,0.1223,0.0031,0.0115,1.0415
23,2,9,13,1.6624,0.3952,0.2027,0.1254,0.0027,0.0116,1.0385
23,2,10,14,1.6738,0.3689,0.2492,0.1533,0.0027,0.0116,1.0297
23,2,11,9,1.7211,0.3557,0.2195,0.1681,0.0068,0.0122,1.1140
23,3,2,8,2.4057,0.5755,0.9083,0.7064,0.0080,0.0095,0.8944
23,3,3,9,1.9834,0.5457,0.2944,0.1071,0.0060,0.0122,1.1124
23,3,4,9,1.8638,0.5207,0.2310,0.0958,0.0243,0.0116,1.0638
23,3,5,9,1.7795,0.4910,0.2175,0.1005,0.0109,0.0113,1.0371
23,3,6,11,1.7267,0.4659,0.1998,0.0948,0.0026,0.0113,1.0357
23,3,7,11,1.7235,0.4354,0.2361,0.1065,0.0018,0.0113,1.0272
23,3,8,11,1.6795,0.4153,0.2063,0.1187,0.0027,0.0113,1.0325
23,3,9,12,1.6673,0.3919,0.2233,0.1368,0.0022,0.0115,1.0267
23,3,10,11,1.6059,0.3585,0.1812,0.1573,0.0018,0.0115,1.0412
23,3,11,8,1.7375,0.3488,0.2328,0.1631,0.0078,0.0122,1.1229
23,4,2,7,2.4177,0.5680,0.9362,0.7358,0.0088,0.0094,0.8855
23,4,3,8,1.9627,0.5372,0.2946,0.1118,0.0097,0.0120,1.0966
23,4,4,9,1.8797,0.5153,0.2728,0.0978,0.0087,0.0116,1.0591
23,4,5,8,1.7395,0.4828,0.2111,0.0999,0.0068,0.0111,1.0163
23,4,6,11,1.7419,0.4588,0.2099,0.0992,0.0018,0.0115,1.0481
23,4,7,11,1.7348,0.4342,0.2394,0.1103,0.0041,0.0113,1.0342
23,4,8,12,1.7031,0.4071,0.2390,0.1294,0.0026,0.0114,1.0314
23,4,9,12,1.6922,0.3833,0.2558,0.1455,0.0021,0.0116,1.0276
23,4,10,11,1.6188,0.3610,0.1950,0.1583,0.0019,0.0114,1.0378
23,4,11,9,1.7375,0.3415,0.2319,0.1637,0.0090,0.0123,1.1299
23,5,2,7,2.3089,0.5592,0.8272,0.6193,0.0081,0.0094,0.8952
23,5,3,9,1.9793,0.5360,0.3180,0.1213,0.0067,0.0119,1.0944
23,5,4,9,1.8703,0.5058,0.2658,0.0981,0.0157,0.0116,1.0593
23,5,5,9,1.7619,0.4861,0.2267,0.1012,0.0019,0.0112,1.0246
23,5,6,11,1.7593,0.4575,0.2336,0.1035,0.0019,0.0114,1.0433
23,5,7,11,1.7302,0.4213,0.2559,0.1228,0.0033,0.0113,1.0268
23,5,8,13,1.7637,0.4055,0.3121,0.1314,0.0027,0.0115,1.0202
23,5,9,13,1.7055,0.3857,0.2551,0.1331,0.0034,0.0117,1.0378
23,5,10,11,1.6246,0.3516,0.2167,0.1611,0.0016,0.0115,1.0316
23,5,11,8,1.7614,0.3426,0.2688,0.1700,0.0065,0.0122,1.1184
23,6,2,7,2.3133,0.5557,0.8456,0.6384,0.0080,0.0094,0.8848
23,6,3,9,1.9634,0.5328,0.3064,0.1182,0.0051,0.0119,1.0948
23,6,4,8,1.8771,0.5028,0.2753,0.0990,0.0118,0.0115,1.0637
23,6,5,10,1.8045,0.4814,0.2566,0.1015,0.0130,0.0113,1.0305
23,6,6,11,1.7569,0.4536,0.2350,0.1034,0.0020,0.0114,1.0434
23,6,7,11,1.7481,0.4242,0.2655,0.1244,0.0026,0.0114,1.0330
23,6,8,12,1.7731,0.4014,0.3170,0.1327,0.0025,0.0116,1.0288
23,6,9,13,1.7156,0.3813,0.2779,0.1413,0.0022,0.0116,1.0309
23,6,10,11,1.6414,0.3541,0.2283,0.1689,0.0031,0.0114,1.0328
23,6,11,9,1.8156,0.3394,0.2938,0.1750,0.0368,0.0122,1.1205
23,7,2,8,1.9874,0.5479,0.7481,0.5586,0.0048,0.0069,0.6727
23,7,3,9,1.9481,0.5277,0.2971,0.1112,0.0052,0.0118,1.0940
23,7,4,8,1.8821,0.4989,0.2801,0.0984,0.0099,0.0116,1.0695
23,7,5,11,1.8317,0.4757,0.2871,0.1020,0.0054,0.0114,1.0404
23,7,6,11,1.7724,0.4493,0.2572,0.1037,0.0023,0.0114,1.0406
23,7,7,11,1.7641,0.4191,0.2899,0.1200,0.0029,0.0113,1.0295
23,7,8,12,1.7761,0.3914,0.3228,0.1328,0.0045,0.0116,1.0339
23,7,9,13,1.8081,0.3716,0.3842,0.1474,0.0152,0.0115,1.0139
23,7,10,12,1.6392,0.3503,0.2347,0.1656,0.0025,0.0114,1.0287
23,7,11,9,1.7682,0.3324,0.2904,0.1863,0.0066,0.0121,1.1138
23,11,2,7,1.9605,0.5496,0.7250,0.5394,0.0052,0.0067,0.6671
23,11,3,9,1.9468,0.5214,0.3033,0.1092,0.0061,0.0118,1.0921
23,11,4,8,1.8753,0.4949,0.2772,0.0981,0.0129,0.0115,1.0666
23,11,5,11,1.8255,0.4749,0.2775,0.1023,0.0062,0.0114,1.0437
23,11,6,11,1.8099,0.4342,0.3022,0.1039,0.0110,0.0115,1.0394
23,11,7,11,1.7723,0.4136,0.2995,0.1287,0.0033,0.0114,1.0329
23,11,8,12,1.7999,0.3895,0.3267,0.1391,0.0201,0.0116,1.0399
23,11,9,14,1.8234,0.3729,0.4088,0.1584,0.0076,0.0115,1.0111
23,11,10,9,1.8308,0.3419,0.3508,0.1782,0.0142,0.0121,1.0989
23,11,11,8,1.7834,0.3324,0.3155,0.1822,0.0116,0.0120,1.0992
23,13,2,7,1.7100,0.5410,0.5315,0.3359,0.0031,0.0060,0.6223
23,13,3,8,1.9446,0.5101,0.3128,0.1199,0.0053,0.0118,1.0925
23,13,4,8,1.8822,0.4892,0.2982,0.0972,0.0073,0.0115,1.0639
23,13,5,11,1.8318,0.4679,0.2805,0.1000,0.0060,0.0114,1.0542
23,13,6,12,1.8414,0.4339,0.3338,0.1070,0.0041,0.0115,1.0463
23,13,7,11,1.7668,0.4122,0.2945,0.1276,0.0028,0.0114,1.0344
23,13,8,12,1.8034,0.3932,0.3384,0.1464,0.0243,0.0116,1.0244
23,13,9,14,1.8294,0.3719,0.4016,0.1563,0.0099,0.0116,1.0229
23,13,10,8,1.8391,0.3407,0.3652,0.1864,0.0151,0.0121,1.0933
23,13,11,9,1.8200,0.3329,0.3308,0.1801,0.0356,0.0120,1.0958
23,14,2,8,2.3567,0.5345,0.5994,0.2667,0.0069,0.0131,1.1888
23,14,3,8,1.9376,0.5122,0.3211,0.1262,0.0056,0.0117,1.0746
23,14,4,9,1.8909,0.4852,0.3037,0.1077,0.0053,0.0116,1.0730
23,14,5,10,1.8390,0.4603,0.2927,0.1017,0.0126,0.0114,1.0503
23,14,6,12,1.8336,0.4298,0.3221,0.1088,0.0081,0.0116,1.0503
23,14,7,11,1.7910,0.4096,0.3102,0.1288,0.0110,0.0115,1.0369
23,14,8,13,1.7873,0.3906,0.3398,0.1463,0.0100,0.0115,1.0238
23,14,9,13,1.8181,0.3606,0.4092,0.1690,0.0169,0.0115,1.0085
23,14,10,8,1.8691,0.3406,0.3707,0.1827,0.0457,0.0120,1.0874
23,14,11,8,1.8291,0.3246,0.3414,0.1777,0.0519,0.0119,1.0866
23,15,2,9,2.2017,0.5380,0.4604,0.1850,0.0061,0.0128,1.1706
23,15,3,8,1.9312,0.5084,0.3190,0.1256,0.0053,0.0117,1.0745
23,15,4,9,1.8830,0.4757,0.3122,0.1059,0.0068,0.0114,1.0650
23,15,5,10,1.8135,0.4633,0.2683,0.1017,0.0139,0.0113,1.0451
23,15,6,11,1.8107,0.4238,0.3086,0.1128,0.0216,0.0115,1.0335
23,15,7,12,1.7771,0.4077,0.3055,0.1247,0.0028,0.0115,1.0379
23,15,8,13,1.8105,0.3874,0.3577,0.1478,0.0185,0.0116,1.0235
23,15,9,12,1.8346,0.3613,0.4219,0.1677,0.0180,0.0116,1.0103
23,15,10,8,1.8765,0.3383,0.3872,0.1850,0.0293,0.0122,1.0966
23,15,11,8,1.8347,0.3234,0.3491,0.1872,0.0491,0.0120,1.0885
24,1,2,8,2.4927,0.5771,1.0449,0.8766,0.0080,0.0092,0.8439
24,1,3,9,2.0142,0.5468,0.3328,0.1637,0.0053,0.0123,1.1042
24,1,4,8,1.7866,0.5263,0.2109,0.0845,0.0045,0.0112,1.0218
24,1,5,9,1.7096,0.4903,0.1877,0.0881,0.0088,0.0109,1.0005
24,1,6,10,1.6214,0.4637,0.1703,0.0870,0.0037,0.0106,0.9621
24,1,7,11,1.6222,0.4288,0.1979,0.0950,0.0036,0.0107,0.9704
24,1,8,11,1.5762,0.4064,0.1751,0.1118,0.0019,0.0106,0.9713
24,1,9,13,1.5687,0.3810,0.1829,0.1245,0.0027,0.0110,0.9801
24,1,10,11,1.4864,0.3608,0.1330,0.1324,0.0023,0.0107,0.9687
24,1,11,9,1.6792,0.3459,0.2621,0.1544,0.0031,0.0115,1.0446
24,2,2,8,2.5079,0.5544,1.0812,0.9063,0.0080,0.0092,0.8456
24,2,3,8,1.9626,0.5433,0.3269,0.1542,0.0063,0.0118,1.0618
24,2,4,9,1.8041,0.5156,0.2346,0.0868,0.0054,0.0114,1.0253
24,2,5,9,1.7399,0.4801,0.2302,0.0931,0.0092,0.0111,0.9978
24,2,6,10,1.6229,0.4625,0.1691,0.0882,0.0029,0.0106,0.9666
24,2,7,11,1.6135,0.4265,0.1948,0.1036,0.0016,0.0107,0.9691
24,2,8,12,1.5904,0.4055,0.1840,0.1105,0.0027,0.0108,0.9765
24,2,9,13,1.5838,0.3838,0.1978,0.1208,0.0032,0.0109,0.9770
24,2,10,12,1.5128,0.3646,0.1453,0.1391,0.0026,0.0109,0.9784
24,2,11,9,1.6463,0.3492,0.2157,0.1608,0.0062,0.0116,1.0513
24,3,2,8,2.3759,0.5574,0.9453,0.7531,0.0080,0.0092,0.8464
24,3,3,8,1.9484,0.5489,0.3173,0.1450,0.0073,0.0117,1.0509
24,3,4,8,1.8036,0.5104,0.2551,0.0942,0.0046,0.0111,1.0107
24,3,5,9,1.7396,0.4778,0.2405,0.0961,0.0085,0.0109,0.9907
24,3,6,10,1.6237,0.4578,0.1691,0.0914,0.0028,0.0107,0.9726
24,3,7,12,1.6195,0.4244,0.1934,0.1026,0.0034,0.0109,0.9766
24,3,8,12,1.6318,0.3995,0.2444,0.1074,0.0035,0.0107,0.9627
24,3,9,13,1.5917,0.3807,0.2141,0.1279,0.0033,0.0109,0.9717
24,3,10,12,1.5121,0.3594,0.1543,0.1383,0.0027,0.0108,0.9740
24,3,11,8,1.6580,0.3379,0.2293,0.1569,0.0072,0.0115,1.0599
24,4,2,8,2.3867,0.5472,0.9630,0.7818,0.0080,0.0091,0.8497
24,4,3,9,1.9348,0.5352,0.3061,0.1349,0.0050,0.0117,1.0647
24,4,4,9,1.8187,0.5008,0.2717,0.0954,0.0043,0.0112,1.0191
24,4,5,8,1.7428,0.4711,0.2441,0.0976,0.0126,0.0108,0.9930
24,4,6,11,1.6492,0.4540,0.1887,0.0947,0.0026,0.0108,0.9820
24,4,7,12,1.6282,0.4224,0.2101,0.1052,0.0030,0.0108,0.9712
24,4,8,12,1.6393,0.4016,0.2501,0.1128,0.0032,0.0108,0.9625
24,4,9,13,1.6049,0.3756,0.2329,0.1269,0.0017,0.0110,0.9727
24,4,10,12,1.5108,0.3501,0.1601,0.1403,0.0017,0.0109,0.9770
24,4,11,8,1.6670,0.3426,0.2324,0.1560,0.0057,0.0116,1.0625
24,5,2,8,2.1625,0.5403,0.9341,0.7613,0.0047,0.0073,0.6686
24,5,3,9,1.9277,0.5258,0.3115,0.1337,0.0063,0.0116,1.0604
24,5,4,9,1.8257,0.5040,0.2740,0.0946,0.0057,0.0111,1.0194
24,5,5,8,1.6989,0.4696,0.2314,0.0977,0.0055,0.0106,0.9708
24,5,6,10,1.6738,0.4375,0.2449,0.1016,0.0028,0.0106,0.9671
24,5,7,12,1.6374,0.4196,0.2172,0.1076,0.0032,0.0109,0.9758
24,5,8,12,1.6477,0.3974,0.2662,0.1179,0.0038,0.0108,0.9589
24,5,9,13,1.6674,0.3715,0.3054,0.1357,0.0016,0.0109,0.9671
24,5,10,12,1.5319,0.3463,0.1828,0.1488,0.0018,0.0109,0.9792
24,5,11,8,1.6837,0.3400,0.2491,0.1696,0.0069,0.0116,1.0639
24,6,2,8,1.8893,0.5382,0.7062,0.5285,0.0033,0.0064,0.6287
24,6,3,9,1.9167,0.5247,0.3031,0.1291,0.0078,0.0116,1.0575
24,6,4,9,1.8479,0.4991,0.2959,0.1098,0.0095,0.0112,1.0206
24,6,5,8,1.7002,0.4658,0.2310,0.0969,0.0065,0.0106,0.9754
24,6,6,10,1.6760,0.4326,0.2511,0.1017,0.0023,0.0106,0.9686
24,6,7,12,1.6664,0.4144,0.2512,0.1167,0.0018,0.0108,0.9773
24,6,8,12,1.6433,0.3889,0.2626,0.1188,0.0034,0.0107,0.9668
24,6,9,13,1.6750,0.3622,0.3350,0.1424,0.0036,0.0108,0.9528
24,6,10,9,1.7491,0.3478,0.3035,0.1477,0.0081,0.0118,1.0655
24,6,11,9,1.7085,0.3290,0.2699,0.1681,0.0111,0.0117,1.0743
24,7,2,8,2.2291,0.5346,0.5140,0.2132,0.0070,0.0126,1.1474
24,7,3,9,1.9068,0.5189,0.3136,0.1306,0.0049,0.0115,1.0458
24,7,4,9,1.8388,0.4932,0.2859,0.1046,0.0077,0.0112,1.0292
24,7,5,9,1.7317,0.4581,0.2517,0.0961,0.0135,0.0107,0.9867
24,7,6,11,1.6813,0.4284,0.2462,0.1040,0.0020,0.0107,0.9830
24,7,7,12,1.6705,0.4135,0.2637,0.1215,0.0027,0.0108,0.9692
24,7,8,12,1.6696,0.3896,0.3009,0.1347,0.0032,0.0107,0.9541
24,7,9,12,1.6119,0.3600,0.2601,0.1549,0.0028,0.0108,0.9673
24,7,10,13,1.5549,0.3383,0.2157,0.1561,0.0028,0.0110,0.9762
24,7,11,9,1.7499,0.3314,0.3202,0.1754,0.0154,0.0117,1.0587
24,11,2,9,2.1747,0.5395,0.4617,0.1988,0.0069,0.0126,1.1406
24,11,3,9,1.9019,0.5146,0.3115,0.1276,0.0058,0.0114,1.0465
24,11,4,9,1.8239,0.4858,0.2855,0.1038,0.0056,0.0111,1.0243
24,11,5,8,1.7189,0.4499,0.2562,0.0969,0.0100,0.0105,0.9812
24,11,6,12,1.6953,0.4239,0.2611,0.1065,0.0036,0.0108,0.9849
24,11,7,13,1.6548,0.4112,0.2314,0.1141,0.0031,0.0109,0.9874
24,11,8,12,1.6656,0.3807,0.3039,0.1334,0.0020,0.0107,0.9577
24,11,9,11,1.6109,0.3613,0.2571,0.1497,0.0024,0.0108,0.9685
24,11,10,9,1.7771,0.3332,0.3576,0.1597,0.0060,0.0117,1.0562
24,11,11,9,1.7485,0.3275,0.3329,0.1720,0.0084,0.0116,1.0557
24,13,2,9,2.1535,0.5303,0.4689,0.1902,0.0058,0.0123,1.1230
24,13,3,9,1.8904,0.5055,0.3149,0.1253,0.0051,0.0114,1.0415
24,13,4,9,1.8178,0.4821,0.2860,0.1018,0.0051,0.0110,1.0222
24,13,5,8,1.7153,0.4546,0.2565,0.0982,0.0113,0.0104,0.9717
24,13,6,11,1.6875,0.4192,0.2573,0.1042,0.0037,0.0107,0.9856
24,13,7,11,1.7001,0.4057,0.3072,0.1221,0.0022,0.0108,0.9633
24,13,8,12,1.6591,0.3780,0.3023,0.1323,0.0020,0.0107,0.9556
24,13,9,12,1.6090,0.3599,0.2556,0.1510,0.0024,0.0108,0.9695
24,13,10,9,1.7604,0.3377,0.3313,0.1577,0.0102,0.0117,1.0573
24,13,11,8,1.7620,0.3247,0.3502,0.1772,0.0093,0.0116,1.0539
24,14,2,9,2.1507,0.5342,0.4602,0.1901,0.0069,0.0123,1.1240
24,14,3,8,1.9025,0.5024,0.3400,0.1228,0.0060,0.0113,1.0309
24,14,4,9,1.8359,0.4778,0.3182,0.1060,0.0053,0.0111,1.0119
24,14,5,8,1.7187,0.4480,0.2618,0.0980,0.0127,0.0104,0.9751
24,14,6,12,1.6926,0.4163,0.2587,0.1078,0.0041,0.0108,0.9918
24,14,7,11,1.6964,0.3965,0.3140,0.1241,0.0018,0.0108,0.9624
24,14,8,13,1.6918,0.3738,0.3221,0.1431,0.0045,0.0110,0.9695
24,14,9,12,1.6168,0.3565,0.2685,0.1527,0.0018,0.0108,0.9684
24,14,10,9,1.7753,0.3361,0.3626,0.1628,0.0071,0.0117,1.0454
24,14,11,8,1.7799,0.3172,0.3811,0.1815,0.0068,0.0117,1.0509
24,15,2,9,2.1259,0.5297,0.4450,0.1749,0.0056,0.0123,1.1201
24,15,3,9,1.8932,0.5002,0.3270,0.1187,0.0048,0.0113,1.0379
24,15,4,9,1.8195,0.4746,0.3013,0.1031,0.0057,0.0110,1.0152
24,15,5,9,1.6971,0.4498,0.2449,0.0979,0.0053,0.0105,0.9758
24,15,6,11,1.7065,0.4136,0.2910,0.1159,0.0042,0.0107,0.9758
24,15,7,11,1.6865,0.3929,0.3051,0.1202,0.0025,0.0108,0.9642
24,15,8,12,1.6832,0.3652,0.3433,0.1488,0.0030,0.0109,0.9501
24,15,9,13,1.6182,0.3532,0.2598,0.1519,0.0029,0.0109,0.9805
24,15,10,9,1.7660,0.3309,0.3568,0.1711,0.0078,0.0116,1.0467
24,15,11,9,1.7895,0.3130,0.3923,0.1806,0.0071,0.0117,1.0530
25,1,2,7,2.3830,0.5789,0.9802,0.8299,0.0081,0.0087,0.7980
25,1,3,9,2.0112,0.5294,0.3877,0.1753,0.0062,0.0118,1.0636
25,1,4,9,1.7801,0.5014,0.2603,0.0979,0.0048,0.0110,0.9910
25,1,5,9,1.6637,0.4765,0.2030,0.0780,0.0104,0.0106,0.9523
25,1,6,9,1.5430,0.4564,0.1389,0.0788,0.0064,0.0101,0.9209
25,1,7,10,1.4982,0.4160,0.1494,0.0840,0.0021,0.0100,0.9107
25,1,8,12,1.5039,0.3872,0.1850,0.0930,0.0032,0.0101,0.9084
25,1,9,12,1.4801,0.3803,0.1758,0.1187,0.0021,0.0102,0.9015
25,1,10,12,1.4262,0.3410,0.1532,0.1469,0.0028,0.0102,0.9087
25,1,11,11,1.4144,0.3296,0.1618,0.1594,0.0021,0.0102,0.9004
25,2,2,8,2.3909,0.5651,1.0015,0.8366,0.0081,0.0088,0.7982
25,2,3,9,2.0168,0.5348,0.3910,0.1761,0.0067,0.0118,1.0601
25,2,4,8,1.7801,0.5003,0.2686,0.1079,0.0061,0.0109,0.9831
25,2,5,9,1.6468,0.4740,0.2018,0.0825,0.0049,0.0105,0.9448
25,2,6,9,1.5478,0.4495,0.1594,0.0865,0.0027,0.0100,0.9162
25,2,7,11,1.5180,0.4158,0.1585,0.0895,0.0022,0.0102,0.9211
25,2,8,12,1.5118,0.3915,0.1961,0.0994,0.0031,0.0101,0.9008
25,2,9,12,1.4822,0.3664,0.1830,0.1154,0.0021,0.0102,0.9103
25,2,10,12,1.4231,0.3447,0.1439,0.1367,0.0026,0.0102,0.9114
25,2,11,11,1.4043,0.3343,0.1530,0.1508,0.0023,0.0101,0.8943
25,3,2,8,2.2648,0.5528,0.8644,0.6960,0.0080,0.0089,0.8215
25,3,3,9,2.0182,0.5315,0.3888,0.1725,0.0062,0.0119,1.0672
25,3,4,9,1.7799,0.4961,0.2639,0.0958,0.0061,0.0109,0.9913
25,3,5,9,1.6786,0.4642,0.2423,0.0844,0.0085,0.0104,0.9423
25,3,6,9,1.5495,0.4408,0.1806,0.0893,0.0044,0.0099,0.9036
25,3,7,11,1.5102,0.4090,0.1628,0.0866,0.0026,0.0101,0.9153
25,3,8,11,1.5272,0.3892,0.2125,0.1011,0.0021,0.0101,0.9034
25,3,9,12,1.5005,0.3617,0.2086,0.1256,0.0020,0.0102,0.9076
25,3,10,12,1.4209,0.3347,0.1443,0.1391,0.0025,0.0103,0.9187
25,3,11,11,1.4305,0.3293,0.1714,0.1594,0.0020,0.0102,0.9074
25,4,2,8,2.2704,0.5462,0.8878,0.7155,0.0081,0.0089,0.8103
25,4,3,9,2.0277,0.5259,0.4053,0.1761,0.0084,0.0118,1.0636
25,4,4,9,1.7799,0.4981,0.2715,0.1065,0.0071,0.0109,0.9811
25,4,5,9,1.6847,0.4661,0.2399,0.0848,0.0113,0.0104,0.9460
25,4,6,9,1.5644,0.4395,0.1901,0.0903,0.0042,0.0100,0.9104
25,4,7,11,1.5273,0.4090,0.1831,0.0897,0.0035,0.0101,0.9116
25,4,8,11,1.5339,0.3858,0.2245,0.1119,0.0023,0.0101,0.9009
25,4,9,12,1.4772,0.3586,0.1861,0.1366,0.0029,0.0102,0.9092
25,4,10,12,1.4269,0.3382,0.1582,0.1399,0.0031,0.0101,0.9071
25,4,11,12,1.4306,0.3243,0.1672,0.1563,0.0025,0.0104,0.9160
25,5,2,8,2.2717,0.5428,0.8953,0.7305,0.0080,0.0088,0.8076
25,5,3,9,1.8988,0.5256,0.3217,0.1405,0.0049,0.0114,1.0232
25,5,4,8,1.7754,0.4939,0.2781,0.1098,0.0098,0.0108,0.9714
25,5,5,9,1.6796,0.4625,0.2388,0.0876,0.0071,0.0104,0.9499
25,5,6,9,1.5699,0.4281,0.2054,0.0935,0.0033,0.0100,0.9130
25,5,7,11,1.5661,0.4052,0.2307,0.0955,0.0038,0.0101,0.9062
25,5,8,11,1.5460,0.3808,0.2461,0.1187,0.0028,0.0100,0.8961
25,5,9,12,1.5057,0.3575,0.2175,0.1292,0.0030,0.0101,0.9073
25,5,10,11,1.4395,0.3362,0.1678,0.1510,0.0021,0.0101,0.9129
25,5,11,9,1.6106,0.3202,0.2465,0.1572,0.0094,0.0111,1.0115
25,6,2,8,2.2769,0.5412,0.9074,0.7325,0.0081,0.0088,0.8023
25,6,3,9,1.8936,0.5148,0.3319,0.1364,0.0046,0.0113,1.0192
25,6,4,9,1.7815,0.4844,0.2879,0.1097,0.0052,0.0108,0.9819
25,6,5,8,1.6735,0.4602,0.2549,0.0883,0.0056,0.0103,0.9319
25,6,6,9,1.5801,0.4285,0.2175,0.0932,0.0065,0.0098,0.9077
25,6,7,11,1.5599,0.4010,0.2201,0.0951,0.0031,0.0101,0.9153
25,6,8,11,1.5694,0.3762,0.2767,0.1241,0.0022,0.0100,0.8940
25,6,9,12,1.5061,0.3521,0.2251,0.1327,0.0032,0.0101,0.9054
25,6,10,11,1.4652,0.3324,0.1988,0.1536,0.0018,0.0102,0.9119
25,6,11,9,1.6376,0.3176,0.2824,0.1694,0.0124,0.0110,1.0025
25,7,2,8,1.9684,0.5334,0.8506,0.6884,0.0037,0.0063,0.5679
25,7,3,9,1.9205,0.5160,0.3606,0.1385,0.0062,0.0112,1.0147
25,7,4,9,1.7999,0.4767,0.2992,0.1121,0.0119,0.0109,0.9897
25,7,5,8,1.6710,0.4550,0.2541,0.0898,0.0123,0.0102,0.9287
25,7,6,9,1.5942,0.4233,0.2362,0.0912,0.0036,0.0099,0.9113
25,7,7,11,1.5679,0.3955,0.2338,0.0976,0.0019,0.0101,0.9164
25,7,8,12,1.5812,0.3735,0.2841,0.1205,0.0031,0.0102,0.9000
25,7,9,12,1.5107,0.3401,0.2406,0.1441,0.0031,0.0102,0.9067
25,7,10,11,1.4521,0.3236,0.1951,0.1509,0.0020,0.0101,0.9111
25,7,11,9,1.6420,0.3159,0.2994,0.1630,0.0067,0.0110,0.9973
25,11,2,8,1.6972,0.5376,0.6043,0.4517,0.0041,0.0055,0.5403
25,11,3,9,1.9289,0.5130,0.3811,0.1396,0.0054,0.0112,1.0065
25,11,4,9,1.7971,0.4726,0.3077,0.1104,0.0110,0.0107,0.9838
25,11,5,9,1.6726,0.4515,0.2610,0.0894,0.0065,0.0102,0.9328
25,11,6,9,1.5809,0.4120,0.2349,0.0918,0.0033,0.0099,0.9108
25,11,7,11,1.5657,0.3881,0.2366,0.0982,0.0022,0.0101,0.9185
25,11,8,12,1.6193,0.3701,0.3166,0.1231,0.0074,0.0103,0.9046
25,11,9,12,1.5320,0.3413,0.2509,0.1433,0.0052,0.0103,0.9141
25,11,10,12,1.4713,0.3260,0.2140,0.1650,0.0025,0.0102,0.9083
25,11,11,9,1.6464,0.3113,0.3076,0.1580,0.0066,0.0110,0.9981
25,13,2,8,1.6681,0.5342,0.5905,0.4361,0.0057,0.0054,0.5269
25,13,3,9,1.9265,0.5076,0.3850,0.1422,0.0061,0.0111,1.0050
25,13,4,9,1.7516,0.4729,0.2839,0.0986,0.0052,0.0106,0.9680
25,13,5,8,1.6502,0.4468,0.2506,0.0890,0.0039,0.0101,0.9282
25,13,6,10,1.6021,0.4097,0.2429,0.0916,0.0054,0.0100,0.9241
25,13,7,11,1.5821,0.3840,0.2648,0.1089,0.0026,0.0100,0.9105
25,13,8,12,1.6231,0.3686,0.3375,0.1292,0.0032,0.0101,0.8935
25,13,9,12,1.5174,0.3401,0.2551,0.1511,0.0030,0.0101,0.8990
25,13,10,13,1.4716,0.3218,0.2266,0.1626,0.0032,0.0102,0.8996
25,13,11,9,1.6718,0.3095,0.3392,0.1745,0.0120,0.0110,0.9885
25,14,2,9,2.2491,0.5303,0.5721,0.2103,0.0064,0.0125,1.1145
25,14,3,9,1.9284,0.5000,0.3866,0.1407,0.0063,0.0112,1.0124
25,14,4,9,1.7386,0.4655,0.2856,0.0952,0.0049,0.0105,0.9611
25,14,5,9,1.6607,0.4438,0.2510,0.0885,0.0133,0.0102,0.9319
25,14,6,10,1.5986,0.4064,0.2563,0.0910,0.0093,0.0100,0.9064
25,14,7,11,1.5801,0.3860,0.2595,0.1092,0.0034,0.0100,0.9108
25,14,8,12,1.6225,0.3659,0.3360,0.1318,0.0016,0.0103,0.8984
25,14,9,12,1.5179,0.3395,0.2588,0.1562,0.0028,0.0101,0.8968
25,14,10,12,1.4704,0.3209,0.2320,0.1743,0.0031,0.0102,0.8940
25,14,11,9,1.6716,0.3002,0.3461,0.1653,0.0141,0.0110,0.9887
25,15,2,9,2.1359,0.5211,0.5042,0.1790,0.0060,0.0120,1.0798
25,15,3,9,1.9134,0.4954,0.3866,0.1375,0.0062,0.0110,1.0026
25,15,4,9,1.7429,0.4572,0.3028,0.0935,0.0038,0.0105,0.9575
25,15,5,9,1.6678,0.4412,0.2591,0.0887,0.0170,0.0102,0.9297
25,15,6,10,1.5836,0.4042,0.2500,0.0914,0.0023,0.0100,0.9069
25,15,7,11,1.5807,0.3840,0.2640,0.1158,0.0038,0.0101,0.9089
25,15,8,12,1.5870,0.3625,0.3050,0.1327,0.0020,0.0101,0.8969
25,15,9,12,1.5128,0.3405,0.2474,0.1520,0.0026,0.0102,0.9020
25,15,10,12,1.4646,0.3153,0.2183,0.1670,0.0025,0.0103,0.9078
25,15,11,9,1.6769,0.3036,0.3528,0.1659,0.0104,0.0111,0.9874
26,1,2,6,2.5664,0.5728,1.2306,1.1065,0.0080,0.0084,0.7378
26,1,3,8,1.9976,0.5446,0.3849,0.1757,0.0065,0.0116,1.0375
26,1,4,8,1.7660,0.5304,0.2651,0.1341,0.0134,0.0105,0.9355
26,1,5,8,1.6302,0.4752,0.2213,0.0815,0.0065,0.0101,0.9068
26,1,6,9,1.5183,0.4407,0.1744,0.0721,0.0044,0.0098,0.8790
26,1,7,10,1.4195,0.4040,0.1518,0.0715,0.0030,0.0093,0.8417
26,1,8,10,1.3882,0.3697,0.1574,0.0777,0.0023,0.0094,0.8399
26,1,9,12,1.3570,0.3537,0.1246,0.0864,0.0025,0.0096,0.8570
26,1,10,12,1.3213,0.3344,0.1166,0.1142,0.0029,0.0096,0.8481
26,1,11,13,1.3327,0.3123,0.1538,0.1417,0.0027,0.0096,0.8446
26,2,2,6,2.5703,0.5723,1.2377,1.1134,0.0080,0.0084,0.7351
26,2,3,8,1.9522,0.5450,0.3625,0.1611,0.0085,0.0113,1.0130
26,2,4,8,1.7713,0.5211,0.2823,0.1248,0.0050,0.0105,0.9412
26,2,5,8,1.6345,0.4727,0.2345,0.0896,0.0064,0.0101,0.9002
26,2,6,9,1.4986,0.4379,0.1687,0.0692,0.0043,0.0097,0.8681
26,2,7,10,1.4324,0.3961,0.1690,0.0761,0.0016,0.0094,0.8466
26,2,8,11,1.3973,0.3632,0.1656,0.0826,0.0024,0.0094,0.8474
26,2,9,11,1.3507,0.3491,0.1289,0.0921,0.0016,0.0095,0.8521
26,2,10,12,1.3219,0.3303,0.1166,0.1159,0.0028,0.0096,0.8529
26,2,11,13,1.3301,0.3125,0.1448,0.1381,0.0028,0.0097,0.8507
26,3,2,6,2.3832,0.5705,1.0344,0.8966,0.0080,0.0084,0.7529
26,3,3,8,1.9540,0.5419,0.3665,0.1603,0.0065,0.0113,1.0158
26,3,4,8,1.7461,0.5102,0.2783,0.1145,0.0058,0.0104,0.9304
26,3,5,8,1.6183,0.4667,0.2351,0.0867,0.0041,0.0100,0.8920
26,3,6,9,1.5165,0.4293,0.1925,0.0746,0.0093,0.0096,0.8663
26,3,7,10,1.4323,0.3924,0.1777,0.0789,0.0018,0.0094,0.8416
26,3,8,11,1.4432,0.3593,0.2230,0.0848,0.0041,0.0094,0.8381
26,3,9,12,1.3587,0.3466,0.1408,0.0948,0.0028,0.0096,0.8494
26,3,10,12,1.3266,0.3259,0.1281,0.1227,0.0026,0.0095,0.8509
26,3,11,13,1.3405,0.3117,0.1671,0.1469,0.0025,0.0097,0.8400
26,4,2,6,2.3933,0.5659,1.0524,0.9284,0.0083,0.0084,0.7497
26,4,3,8,1.8966,0.5306,0.3485,0.1515,0.0063,0.0110,0.9886
26,4,4,8,1.7251,0.5091,0.2702,0.1089,0.0053,0.0103,0.9193
26,4,5,8,1.6349,0.4610,0.2499,0.0862,0.0062,0.0100,0.8975
26,4,6,9,1.5066,0.4245,0.1969,0.0769,0.0040,0.0095,0.8619
26,4,7,9,1.4278,0.3888,0.1739,0.0798,0.0018,0.0094,0.8444
26,4,8,12,1.4431,0.3620,0.2138,0.0877,0.0037,0.0095,0.8446
26,4,9,12,1.3892,0.3482,0.1634,0.1002,0.0019,0.0096,0.8565
26,4,10,12,1.3287,0.3177,0.1455,0.1300,0.0031,0.0095,0.8435
26,4,11,13,1.3347,0.3075,0.1531,0.1408,0.0027,0.0097,0.8521
26,5,2,6,2.3341,0.5628,1.1456,1.0311,0.0050,0.0070,0.6064
26,5,3,8,1.8979,0.5319,0.3459,0.1440,0.0052,0.0111,0.9922
26,5,4,8,1.7203,0.5070,0.2662,0.1023,0.0040,0.0103,0.9220
26,5,5,9,1.6213,0.4511,0.2514,0.0791,0.0047,0.0099,0.8939
26,5,6,9,1.5309,0.4192,0.2244,0.0758,0.0034,0.0096,0.8645
26,5,7,10,1.4482,0.3808,0.1961,0.0813,0.0019,0.0094,0.8504
26,5,8,11,1.4467,0.3543,0.2228,0.0876,0.0039,0.0095,0.8468
26,5,9,12,1.4003,0.3396,0.1857,0.1086,0.0022,0.0095,0.8537
26,5,10,12,1.3529,0.3207,0.1625,0.1274,0.0026,0.0096,0.8480
26,5,11,12,1.3338,0.2972,0.1606,0.1481,0.0031,0.0097,0.8537
26,6,2,7,2.2527,0.5570,0.9101,0.7695,0.0080,0.0085,0.7604
26,6,3,8,1.9112,0.5225,0.3700,0.1413,0.0077,0.0110,0.9883
26,6,4,9,1.7301,0.4941,0.2766,0.1054,0.0055,0.0103,0.9327
26,6,5,9,1.6275,0.4474,0.2600,0.0808,0.0053,0.0099,0.8945
26,6,6,9,1.5298,0.4093,0.2264,0.0751,0.0036,0.0096,0.8712
26,6,7,10,1.4807,0.3754,0.2359,0.0804,0.0019,0.0094,0.8488
26,6,8,13,1.4978,0.3550,0.2531,0.0878,0.0035,0.0096,0.8672
26,6,9,13,1.4160,0.3409,0.1855,0.1099,0.0028,0.0098,0.8674
26,6,10,13,1.3754,0.3177,0.1770,0.1320,0.0030,0.0097,0.8585
26,6,11,12,1.3440,0.3004,0.1651,0.1503,0.0029,0.0096,0.8564
26,7,2,7,2.2679,0.5492,0.9326,0.7908,0.0080,0.0085,0.7608
26,7,3,8,1.9117,0.5258,0.3687,0.1410,0.0069,0.0110,0.9876
26,7,4,9,1.7451,0.4955,0.2908,0.1059,0.0067,0.0103,0.9311
26,7,5,9,1.6167,0.4421,0.2590,0.0764,0.0054,0.0098,0.8903
26,7,6,9,1.5223,0.3995,0.2359,0.0762,0.0031,0.0094,0.8644
26,7,7,10,1.4707,0.3732,0.2303,0.0801,0.0059,0.0093,0.8424
26,7,8,12,1.4979,0.3473,0.2638,0.0896,0.0040,0.0097,0.8636
26,7,9,13,1.4151,0.3360,0.1937,0.1175,0.0028,0.0097,0.8634
26,7,10,13,1.4143,0.3088,0.2266,0.1407,0.0030,0.0097,0.8567
26,7,11,13,1.2440,0.3072,0.0596,0.0584,0.0030,0.0097,0.8549
26,11,2,7,1.9510,0.5455,0.8551,0.7248,0.0045,0.0060,0.5337
26,11,3,8,1.8876,0.5239,0.3556,0.1359,0.0060,0.0109,0.9797
26,11,4,8,1.7395,0.4831,0.3005,0.1027,0.0054,0.0103,0.9294
26,11,5,9,1.6037,0.4332,0.2515,0.0772,0.0040,0.0098,0.8949
26,11,6,9,1.5244,0.4015,0.2416,0.0766,0.0043,0.0094,0.8578
26,11,7,10,1.4852,0.3678,0.2384,0.0802,0.0046,0.0094,0.8558
26,11,8,12,1.4473,0.3461,0.2101,0.0915,0.0032,0.0096,0.8687
26,11,9,13,1.4324,0.3313,0.2108,0.1124,0.0029,0.0098,0.8679
26,11,10,13,1.4236,0.3110,0.2387,0.1474,0.0032,0.0096,0.8517
26,11,11,13,1.2480,0.3082,0.0631,0.0582,0.0030,0.0096,0.8546
26,13,2,7,1.6302,0.5453,0.5868,0.4530,0.0035,0.0051,0.4845
26,13,3,8,1.8889,0.5212,0.3700,0.1301,0.0045,0.0108,0.9709
26,13,4,8,1.7341,0.4817,0.3011,0.1011,0.0040,0.0102,0.9264
26,13,5,9,1.6238,0.4370,0.2720,0.0766,0.0045,0.0098,0.8903
26,13,6,9,1.5315,0.4006,0.2488,0.0765,0.0049,0.0094,0.8581
26,13,7,10,1.4701,0.3673,0.2322,0.0804,0.0021,0.0094,0.8495
26,13,8,11,1.4464,0.3501,0.2175,0.0999,0.0036,0.0095,0.8562
26,13,9,12,1.4112,0.3361,0.1959,0.1157,0.0022,0.0096,0.8579
26,13,10,13,1.4183,0.3113,0.2386,0.1498,0.0028,0.0097,0.8465
26,13,11,14,1.2692,0.3055,0.0753,0.0451,0.0026,0.0098,0.8663
26,14,2,8,2.1915,0.5390,0.5588,0.2214,0.0073,0.0119,1.0616
26,14,3,8,1.8852,0.5195,0.3747,0.1281,0.0050,0.0107,0.9640
26,14,4,8,1.7301,0.4769,0.3186,0.0948,0.0047,0.0101,0.9092
26,14,5,8,1.6113,0.4353,0.2721,0.0752,0.0045,0.0096,0.8797
26,14,6,9,1.5228,0.3935,0.2599,0.0765,0.0029,0.0093,0.8473
26,14,7,10,1.4693,0.3630,0.2320,0.0832,0.0049,0.0094,0.8505
26,14,8,10,1.4291,0.3464,0.2110,0.0963,0.0021,0.0094,0.8507
26,14,9,12,1.4087,0.3325,0.2060,0.1234,0.0024,0.0095,0.8487
26,14,10,13,1.4097,0.3028,0.2417,0.1530,0.0030,0.0097,0.8432
26,14,11,14,1.2771,0.2943,0.0897,0.0354,0.0031,0.0098,0.8705
26,15,2,8,2.1478,0.5353,0.5315,0.2065,0.0065,0.0118,1.0501
26,15,3,8,1.8495,0.5152,0.3502,0.1228,0.0053,0.0106,0.9570
26,15,4,8,1.7080,0.4635,0.3046,0.0921,0.0047,0.0101,0.9147
26,15,5,9,1.6047,0.4334,0.2624,0.0741,0.0045,0.0097,0.8847
26,15,6,9,1.5218,0.3896,0.2648,0.0765,0.0028,0.0094,0.8455
26,15,7,11,1.4836,0.3610,0.2501,0.0928,0.0048,0.0095,0.8486
26,15,8,10,1.4258,0.3428,0.2101,0.0972,0.0021,0.0094,0.8520
26,15,9,12,1.4093,0.3241,0.2240,0.1420,0.0023,0.0095,0.8397
26,15,10,13,1.4188,0.3013,0.2561,0.1511,0.0029,0.0096,0.8395
26,15,11,14,1.2846,0.2889,0.1056,0.0374,0.0030,0.0097,0.8677
27,1,2,7,2.5475,0.5716,1.2516,1.1480,0.0081,0.0082,0.6994
27,1,3,8,1.8961,0.5451,0.3496,0.1537,0.0052,0.0109,0.9738
27,1,4,9,1.7244,0.4872,0.2870,0.1250,0.0071,0.0104,0.9219
27,1,5,8,1.6036,0.4568,0.2534,0.0906,0.0042,0.0097,0.8693
27,1,6,9,1.5167,0.4315,0.2117,0.0653,0.0059,0.0095,0.8483
27,1,7,9,1.3706,0.3857,0.1474,0.0693,0.0027,0.0091,0.8165
27,1,8,11,1.3313,0.3649,0.1418,0.0718,0.0019,0.0090,0.8049
27,1,9,12,1.3161,0.3425,0.1407,0.0877,0.0030,0.0091,0.8118
27,1,10,11,1.2692,0.3221,0.1178,0.1014,0.0022,0.0090,0.8091
27,1,11,12,1.2594,0.3059,0.1429,0.1299,0.0017,0.0091,0.7909
27,2,2,6,2.5477,0.5532,1.2843,1.1773,0.0081,0.0081,0.6854
27,2,3,8,1.8578,0.5451,0.3291,0.1428,0.0089,0.0107,0.9527
27,2,4,9,1.7181,0.4863,0.2838,0.1194,0.0070,0.0103,0.9199
27,2,5,8,1.6143,0.4393,0.2746,0.0961,0.0053,0.0098,0.8752
27,2,6,8,1.4983,0.4288,0.2077,0.0672,0.0055,0.0093,0.8377
27,2,7,9,1.3735,0.3850,0.1541,0.0686,0.0034,0.0090,0.8128
27,2,8,12,1.3652,0.3628,0.1637,0.0710,0.0029,0.0092,0.8176
27,2,9,12,1.3143,0.3329,0.1476,0.0838,0.0026,0.0092,0.8130
27,2,10,12,1.2821,0.3271,0.1219,0.0943,0.0029,0.0091,0.8121
27,2,11,12,1.2503,0.2970,0.1339,0.1208,0.0016,0.0091,0.7997
27,3,2,7,2.4729,0.5515,1.1888,1.0804,0.0080,0.0083,0.7076
27,3,3,8,1.8506,0.5366,0.3214,0.1353,0.0217,0.0106,0.9490
27,3,4,9,1.7168,0.4825,0.2900,0.1149,0.0054,0.0103,0.9178
27,3,5,8,1.6232,0.4410,0.2752,0.0916,0.0056,0.0098,0.8813
27,3,6,8,1.4917,0.4204,0.2238,0.0662,0.0047,0.0092,0.8240
27,3,7,8,1.3556,0.3888,0.1467,0.0697,0.0021,0.0089,0.8001
27,3,8,12,1.3728,0.3555,0.1846,0.0747,0.0019,0.0092,0.8123
27,3,9,12,1.3191,0.3373,0.1462,0.0799,0.0033,0.0091,0.8143
27,3,10,13,1.2964,0.3215,0.1365,0.1038,0.0026,0.0092,0.8174
27,3,11,13,1.2545,0.2939,0.1297,0.1217,0.0027,0.0092,0.8098
27,4,2,7,2.4731,0.5523,1.1980,1.0905,0.0080,0.0082,0.6980
27,4,3,8,1.8318,0.5345,0.3239,0.1333,0.0064,0.0106,0.9451
27,4,4,9,1.7096,0.4790,0.2897,0.1119,0.0056,0.0102,0.9143
27,4,5,9,1.6216,0.4390,0.2678,0.0935,0.0063,0.0099,0.8883
27,4,6,8,1.5016,0.4169,0.2332,0.0667,0.0039,0.0092,0.8289
27,4,7,9,1.3625,0.3758,0.1667,0.0732,0.0035,0.0088,0.7989
27,4,8,11,1.3823,0.3574,0.2011,0.0759,0.0025,0.0091,0.8033
27,4,9,12,1.3148,0.3298,0.1527,0.0891,0.0030,0.0091,0.8114
27,4,10,13,1.3005,0.3182,0.1474,0.0995,0.0029,0.0092,0.8138
27,4,11,13,1.2698,0.2944,0.1470,0.1355,0.0026,0.0092,0.8076
27,5,2,7,2.3038,0.5437,1.1761,1.0690,0.0057,0.0068,0.5646
27,5,3,8,1.8357,0.5232,0.3387,0.1328,0.0081,0.0105,0.9441
27,5,4,9,1.7245,0.4647,0.3227,0.1072,0.0057,0.0102,0.9106
27,5,5,8,1.6246,0.4354,0.2833,0.0879,0.0040,0.0098,0.8818
27,5,6,8,1.4998,0.4142,0.2272,0.0671,0.0048,0.0093,0.8347
27,5,7,9,1.3784,0.3727,0.1825,0.0739,0.0031,0.0088,0.8022
27,5,8,11,1.3872,0.3480,0.2116,0.0795,0.0020,0.0090,0.8075
27,5,9,12,1.3252,0.3263,0.1650,0.1012,0.0020,0.0090,0.8137
27,5,10,13,1.3436,0.3141,0.1922,0.1029,0.0030,0.0092,0.8160
27,5,11,13,1.2682,0.2936,0.1438,0.1345,0.0030,0.0092,0.8096
27,6,2,7,2.3537,0.5432,1.0640,0.9502,0.0080,0.0083,0.7216
27,6,3,8,1.8157,0.5129,0.3424,0.1268,0.0055,0.0104,0.9335
27,6,4,9,1.7043,0.4684,0.3000,0.1047,0.0040,0.0102,0.9111
27,6,5,8,1.6225,0.4338,0.2884,0.0862,0.0045,0.0097,0.8759
27,6,6,8,1.4833,0.4063,0.2233,0.0678,0.0036,0.0091,0.8314
27,6,7,9,1.3841,0.3755,0.1857,0.0744,0.0033,0.0088,0.8018
27,6,8,11,1.3727,0.3400,0.1975,0.0821,0.0020,0.0091,0.8152
27,6,9,11,1.3328,0.3284,0.1720,0.0994,0.0020,0.0090,0.8123
27,6,10,13,1.3485,0.3061,0.2101,0.1189,0.0033,0.0092,0.8106
27,6,11,13,1.2575,0.2842,0.1376,0.1280,0.0031,0.0092,0.8143
27,7,2,7,2.3536,0.5241,1.1015,0.9779,0.0080,0.0082,0.7031
27,7,3,8,1.8278,0.5048,0.3628,0.1254,0.0055,0.0104,0.9333
27,7,4,9,1.7049,0.4584,0.3202,0.0995,0.0040,0.0101,0.9018
27,7,5,9,1.6052,0.4299,0.2816,0.0772,0.0051,0.0097,0.8688
27,7,6,8,1.4881,0.3971,0.2449,0.0671,0.0041,0.0090,0.8236
27,7,7,10,1.4069,0.3662,0.2045,0.0754,0.0022,0.0090,0.8161
27,7,8,11,1.3860,0.3420,0.2087,0.0857,0.0022,0.0090,0.8151
27,7,9,12,1.3583,0.3188,0.2009,0.0987,0.0020,0.0092,0.8183
27,7,10,13,1.3553,0.2974,0.2206,0.1207,0.0017,0.0094,0.8172
27,7,11,13,1.2728,0.2863,0.1436,0.1357,0.0019,0.0093,0.8225
27,11,2,7,2.1360,0.5267,1.0687,0.9535,0.0050,0.0063,0.5229
27,11,3,9,1.8205,0.4910,0.3662,0.1223,0.0051,0.0105,0.9367
27,11,4,9,1.6997,0.4531,0.3230,0.0985,0.0052,0.0100,0.8979
27,11,5,8,1.6054,0.4269,0.2954,0.0767,0.0043,0.0096,0.8591
27,11,6,8,1.4790,0.3970,0.2422,0.0673,0.0036,0.0090,0.8178
27,11,7,11,1.4126,0.3695,0.2125,0.0755,0.0020,0.0090,0.8107
27,11,8,11,1.3819,0.3348,0.2070,0.0812,0.0036,0.0091,0.8185
27,11,9,12,1.3370,0.3267,0.1872,0.1041,0.0021,0.0091,0.8031
27,11,10,12,1.3402,0.2945,0.2271,0.1318,0.0026,0.0091,0.7979
27,11,11,14,1.2047,0.2869,0.0695,0.0354,0.0027,0.0094,0.8270
27,13,2,7,1.8262,0.5323,0.8120,0.6912,0.0037,0.0054,0.4674
27,13,3,9,1.8178,0.4864,0.3684,0.1202,0.0052,0.0104,0.9364
27,13,4,9,1.7230,0.4545,0.3402,0.0988,0.0062,0.0100,0.9017
27,13,5,9,1.5936,0.4247,0.2838,0.0748,0.0043,0.0096,0.8613
27,13,6,8,1.4871,0.3825,0.2711,0.0679,0.0035,0.0090,0.8117
27,13,7,10,1.4013,0.3662,0.2154,0.0742,0.0026,0.0089,0.7994
27,13,8,12,1.3918,0.3333,0.2114,0.0834,0.0033,0.0092,0.8254
27,13,9,11,1.3624,0.3197,0.2151,0.1043,0.0022,0.0091,0.8071
27,13,10,13,1.3381,0.2938,0.2175,0.1313,0.0027,0.0092,0.8057
27,13,11,13,1.1887,0.2806,0.0765,0.0409,0.0026,0.0091,0.8110
27,14,2,8,2.1935,0.5307,0.5950,0.2786,0.0067,0.0118,1.0368
27,14,3,9,1.8152,0.4819,0.3691,0.1173,0.0055,0.0105,0.9372
27,14,4,9,1.7026,0.4498,0.3377,0.0937,0.0042,0.0099,0.8907
27,14,5,9,1.5919,0.4161,0.2976,0.0743,0.0031,0.0096,0.8556
27,14,6,8,1.4851,0.3800,0.2769,0.0680,0.0026,0.0090,0.8073
27,14,7,11,1.4208,0.3617,0.2317,0.0752,0.0029,0.0090,0.8063
27,14,8,12,1.4008,0.3359,0.2172,0.0884,0.0037,0.0092,0.8257
27,14,9,11,1.3462,0.3239,0.2037,0.1079,0.0023,0.0090,0.7982
27,14,10,13,1.3465,0.2971,0.2322,0.1450,0.0029,0.0092,0.7960
27,14,11,13,1.2067,0.2744,0.0990,0.0339,0.0026,0.0091,0.8126
27,15,2,8,2.1505,0.5285,0.5670,0.2579,0.0066,0.0116,1.0245
27,15,3,9,1.8078,0.4738,0.3753,0.1170,0.0056,0.0104,0.9318
27,15,4,9,1.6916,0.4471,0.3325,0.0957,0.0043,0.0098,0.8876
27,15,5,8,1.5787,0.4139,0.2991,0.0733,0.0040,0.0094,0.8426
27,15,6,8,1.4740,0.3796,0.2638,0.0688,0.0039,0.0090,0.8083
27,15,7,11,1.4264,0.3591,0.2364,0.0766,0.0045,0.0091,0.8082
27,15,8,12,1.3905,0.3285,0.2253,0.0934,0.0038,0.0091,0.8148
27,15,9,11,1.3702,0.3145,0.2417,0.1207,0.0023,0.0090,0.7937
27,15,10,13,1.3429,0.2894,0.2273,0.1436,0.0022,0.0093,0.8056
27,15,11,14,1.2263,0.2640,0.1098,0.0488,0.0019,0.0093,0.8321
28,1,2,7,2.5522,0.5678,1.2807,1.1824,0.0081,0.0081,0.6791
28,1,3,8,1.8764,0.5366,0.3541,0.1521,0.0061,0.0108,0.9575
28,1,4,8,1.7018,0.4931,0.2835,0.1136,0.0064,0.0101,0.8980
28,1,5,9,1.5857,0.4540,0.2406,0.0885,0.0043,0.0098,0.8669
28,1,6,9,1.4446,0.4226,0.1747,0.0586,0.0045,0.0093,0.8243
28,1,7,9,1.3568,0.3935,0.1494,0.0607,0.0025,0.0088,0.7935
28,1,8,10,1.2963,0.3591,0.1420,0.0652,0.0026,0.0087,0.7753
28,1,9,11,1.2687,0.3373,0.1266,0.0665,0.0020,0.0089,0.7853
28,1,10,12,1.2460,0.3214,0.1108,0.0744,0.0019,0.0089,0.7941
28,1,11,14,1.1250,0.2967,0.0097,0.0044,0.0029,0.0091,0.7978
28,2,2,7,2.5773,0.5717,1.3037,1.2139,0.0081,0.0081,0.6773
28,2,3,8,1.8757,0.5411,0.3533,0.1535,0.0062,0.0107,0.9531
28,2,4,8,1.6823,0.4986,0.2678,0.1078,0.0054,0.0100,0.8900
28,2,5,9,1.5749,0.4475,0.2439,0.0883,0.0038,0.0097,0.8601
28,2,6,9,1.4513,0.4164,0.1895,0.0639,0.0033,0.0092,0.8238
28,2,7,9,1.3574,0.3853,0.1596,0.0633,0.0028,0.0088,0.7919
28,2,8,10,1.3142,0.3511,0.1627,0.0710,0.0023,0.0086,0.7810
28,2,9,11,1.2694,0.3353,0.1315,0.0648,0.0032,0.0088,0.7820
28,2,10,12,1.2327,0.3192,0.1082,0.0789,0.0027,0.0088,0.7850
28,2,11,14,1.1352,0.3017,0.0157,0.0097,0.0025,0.0091,0.7974
28,3,2,7,2.5788,0.5590,1.3261,1.2326,0.0080,0.0081,0.6692
28,3,3,8,1.8385,0.5373,0.3328,0.1378,0.0054,0.0106,0.9412
28,3,4,8,1.6810,0.4907,0.2776,0.1072,0.0054,0.0100,0.8869
28,3,5,9,1.5780,0.4440,0.2496,0.0881,0.0033,0.0097,0.8614
28,3,6,9,1.4644,0.4144,0.1965,0.0638,0.0090,0.0092,0.8259
28,3,7,9,1.3714,0.3820,0.1693,0.0670,0.0068,0.0088,0.7957
28,3,8,11,1.3215,0.3563,0.1681,0.0695,0.0031,0.0087,0.7768
28,3,9,12,1.2804,0.3327,0.1341,0.0663,0.0027,0.0089,0.7934
28,3,10,13,1.2509,0.3175,0.1100,0.0690,0.0021,0.0091,0.8034
28,3,11,13,1.1601,0.3063,0.0330,0.0166,0.0024,0.0090,0.8006
28,4,2,7,2.5853,0.5574,1.3312,1.2342,0.0081,0.0082,0.6718
28,4,3,8,1.8347,0.5207,0.3514,0.1357,0.0059,0.0104,0.9353
28,4,4,8,1.6964,0.4929,0.2860,0.1068,0.0059,0.0100,0.8911
28,4,5,9,1.5967,0.4362,0.2704,0.0881,0.0063,0.0096,0.8641
28,4,6,9,1.4641,0.4044,0.2140,0.0641,0.0090,0.0092,0.8180
28,4,7,8,1.3670,0.3754,0.1854,0.0686,0.0061,0.0086,0.7826
28,4,8,11,1.3373,0.3472,0.1844,0.0712,0.0030,0.0088,0.7851
28,4,9,12,1.3080,0.3285,0.1694,0.0697,0.0030,0.0090,0.7893
28,4,10,13,1.2518,0.3157,0.1183,0.0765,0.0031,0.0089,0.7970
28,4,11,14,1.1485,0.2984,0.0313,0.0261,0.0030,0.0091,0.7978
28,5,2,7,2.3700,0.5528,1.2331,1.1322,0.0057,0.0069,0.5645
28,5,3,8,1.8329,0.5160,0.3544,0.1348,0.0054,0.0104,0.9355
28,5,4,8,1.6697,0.4806,0.2865,0.0979,0.0050,0.0098,0.8776
28,5,5,9,1.5895,0.4333,0.2690,0.0801,0.0047,0.0096,0.8629
28,5,6,9,1.4448,0.4000,0.2148,0.0645,0.0038,0.0091,0.8077
28,5,7,9,1.3760,0.3752,0.1939,0.0685,0.0037,0.0087,0.7856
28,5,8,11,1.3440,0.3509,0.1862,0.0712,0.0024,0.0088,0.7868
28,5,9,11,1.3279,0.3206,0.1948,0.0726,0.0019,0.0088,0.7931
28,5,10,13,1.2927,0.3085,0.1723,0.0810,0.0026,0.0090,0.7915
28,5,11,13,1.1519,0.2932,0.0464,0.0319,0.0028,0.0089,0.7918
28,6,2,7,2.3653,0.5489,1.2457,1.1431,0.0063,0.0068,0.5507
28,6,3,8,1.8527,0.5056,0.3785,0.1343,0.0054,0.0105,0.9415
28,6,4,8,1.6554,0.4819,0.2780,0.0924,0.0051,0.0097,0.8705
28,6,5,9,1.5880,0.4241,0.2779,0.0802,0.0043,0.0096,0.8622
28,6,6,9,1.4578,0.4024,0.2193,0.0641,0.0083,0.0090,0.8095
28,6,7,9,1.3682,0.3702,0.1934,0.0668,0.0035,0.0087,0.7836
28,6,8,11,1.3363,0.3425,0.1833,0.0708,0.0027,0.0088,0.7901
28,6,9,12,1.3272,0.3182,0.1856,0.0741,0.0016,0.0090,0.8041
28,6,10,13,1.3024,0.3114,0.1775,0.0858,0.0029,0.0089,0.7930
28,6,11,14,1.1476,0.2911,0.0515,0.0375,0.0032,0.0089,0.7842
28,7,2,7,2.3826,0.5456,1.1225,1.0144,0.0080,0.0082,0.6898
28,7,3,8,1.8576,0.4993,0.3904,0.1343,0.0062,0.0105,0.9401
28,7,4,8,1.6502,0.4771,0.2745,0.0902,0.0038,0.0098,0.8749
28,7,5,9,1.6032,0.4245,0.2964,0.0813,0.0040,0.0097,0.8585
28,7,6,9,1.4610,0.3965,0.2202,0.0629,0.0108,0.0090,0.8152
28,7,7,9,1.3723,0.3622,0.2032,0.0662,0.0054,0.0086,0.7842
28,7,8,11,1.3587,0.3383,0.1934,0.0688,0.0023,0.0090,0.8069
28,7,9,12,1.3359,0.3212,0.1955,0.0736,0.0029,0.0088,0.7990
28,7,10,13,1.2937,0.3006,0.1696,0.0928,0.0015,0.0091,0.8040
28,7,11,14,1.1560,0.2895,0.0585,0.0451,0.0033,0.0089,0.7870
28,11,2,7,2.3860,0.5469,1.1340,1.0187,0.0080,0.0081,0.6805
28,11,3,8,1.7999,0.4955,0.3624,0.1208,0.0053,0.0102,0.9156
28,11,4,8,1.6571,0.4676,0.2906,0.0904,0.0036,0.0097,0.8753
28,11,5,9,1.5494,0.4175,0.2747,0.0671,0.0045,0.0093,0.8337
28,11,6,9,1.4544,0.3938,0.2204,0.0629,0.0053,0.0091,0.8165
28,11,7,9,1.3618,0.3665,0.1977,0.0671,0.0036,0.0085,0.7767
28,11,8,11,1.3499,0.3316,0.1975,0.0704,0.0022,0.0088,0.8010
28,11,9,12,1.3381,0.3161,0.2009,0.0748,0.0016,0.0089,0.8020
28,11,10,13,1.3019,0.3007,0.1820,0.0936,0.0028,0.0089,0.7988
28,11,11,14,1.1819,0.2894,0.0763,0.0410,0.0023,0.0090,0.7960
28,13,2,6,1.9012,0.5391,0.8871,0.7885,0.0029,0.0054,0.4612
28,13,3,8,1.7866,0.4956,0.3546,0.1166,0.0053,0.0102,0.9102
28,13,4,9,1.6694,0.4558,0.3143,0.0939,0.0050,0.0098,0.8743
28,13,5,9,1.5445,0.4094,0.2865,0.0644,0.0033,0.0092,0.8264
28,13,6,9,1.4431,0.3898,0.2273,0.0643,0.0048,0.0089,0.8031
28,13,7,9,1.3576,0.3606,0.2022,0.0675,0.0031,0.0085,0.7745
28,13,8,11,1.3580,0.3302,0.2110,0.0695,0.0025,0.0089,0.7966
28,13,9,11,1.3319,0.3203,0.1888,0.0765,0.0024,0.0089,0.8026
28,13,10,14,1.1950,0.3006,0.0667,0.0434,0.0032,0.0090,0.8065
28,13,11,14,1.1724,0.2784,0.0748,0.0277,0.0024,0.0091,0.7989
28,14,2,7,2.1699,0.5366,0.5940,0.2955,0.0062,0.0115,1.0094
28,14,3,8,1.8084,0.4911,0.3780,0.1389,0.0050,0.0102,0.9134
28,14,4,9,1.6886,0.4523,0.3278,0.0933,0.0052,0.0099,0.8831
28,14,5,9,1.5389,0.4077,0.2859,0.0672,0.0042,0.0092,0.8224
28,14,6,9,1.4444,0.3840,0.2421,0.0643,0.0039,0.0089,0.7965
28,14,7,9,1.3708,0.3616,0.2194,0.0682,0.0048,0.0085,0.7678
28,14,8,11,1.3612,0.3294,0.2108,0.0695,0.0024,0.0090,0.8007
28,14,9,12,1.3383,0.3191,0.2072,0.0736,0.0025,0.0089,0.7921
28,14,10,14,1.1930,0.3013,0.0706,0.0422,0.0030,0.0090,0.8004
28,14,11,13,1.1938,0.2806,0.0883,0.0282,0.0022,0.0091,0.8047
28,15,2,7,2.0572,0.5259,0.5210,0.2447,0.0071,0.0110,0.9805
28,15,3,8,1.8070,0.4897,0.3786,0.1336,0.0044,0.0102,0.9133
28,15,4,9,1.6736,0.4473,0.3200,0.0961,0.0037,0.0099,0.8824
28,15,5,9,1.5349,0.4105,0.2736,0.0649,0.0037,0.0092,0.8284
28,15,6,9,1.4398,0.3798,0.2481,0.0636,0.0027,0.0088,0.7914
28,15,7,10,1.3674,0.3574,0.2094,0.0682,0.0032,0.0086,0.7801
28,15,8,11,1.3452,0.3200,0.2118,0.0691,0.0023,0.0089,0.7932
28,15,9,12,1.3324,0.3163,0.2057,0.0889,0.0025,0.0088,0.7904
28,15,10,14,1.2098,0.2927,0.0814,0.0506,0.0018,0.0092,0.8157
28,15,11,12,1.2000,0.2734,0.1010,0.0320,0.0025,0.0090,0.8053
29,1,2,7,2.4812,0.5625,1.2122,1.0884,0.0080,0.0081,0.6819
29,1,3,8,1.9732,0.5337,0.4116,0.1758,0.0057,0.0113,0.9990
29,1,4,8,1.6885,0.4896,0.2717,0.1124,0.0047,0.0102,0.9016
29,1,5,9,1.5689,0.4483,0.2412,0.0923,0.0086,0.0096,0.8512
29,1,6,9,1.4462,0.4092,0.1965,0.0614,0.0034,0.0092,0.8185
29,1,7,8,1.3346,0.3641,0.1823,0.0656,0.0023,0.0086,0.7688
29,1,8,11,1.2835,0.3356,0.1514,0.0648,0.0025,0.0088,0.7766
29,1,9,12,1.2618,0.3206,0.1323,0.0666,0.0028,0.0089,0.7884
29,1,10,12,1.2380,0.3069,0.1227,0.0850,0.0023,0.0089,0.7883
29,1,11,13,1.2153,0.2918,0.1282,0.1126,0.0021,0.0089,0.7756
29,2,2,7,2.4870,0.5558,1.2231,1.0991,0.0082,0.0082,0.6832
29,2,3,8,1.9743,0.5316,0.4172,0.1746,0.0064,0.0112,0.9960
29,2,4,8,1.6498,0.4870,0.2552,0.1038,0.0053,0.0100,0.8820
29,2,5,9,1.5704,0.4422,0.2537,0.0931,0.0047,0.0095,0.8503
29,2,6,9,1.4458,0.3989,0.2027,0.0623,0.0044,0.0092,0.8214
29,2,7,8,1.3339,0.3657,0.1686,0.0655,0.0035,0.0087,0.7787
29,2,8,11,1.2994,0.3392,0.1502,0.0649,0.0019,0.0090,0.7903
29,2,9,12,1.2682,0.3241,0.1204,0.0673,0.0023,0.0090,0.8034
29,2,10,12,1.2374,0.3040,0.1163,0.0856,0.0023,0.0090,0.7968
29,2,11,14,1.1246,0.2823,0.0270,0.0168,0.0031,0.0089,0.7944
29,3,2,7,2.4145,0.5472,1.1556,1.0374,0.0081,0.0081,0.6871
29,3,3,8,1.9567,0.5227,0.4173,0.1680,0.0056,0.0111,0.9882
29,3,4,8,1.6683,0.4790,0.2804,0.1013,0.0051,0.0099,0.8835
29,3,5,9,1.5734,0.4302,0.2624,0.0817,0.0042,0.0095,0.8571
29,3,6,9,1.4432,0.3957,0.2193,0.0622,0.0033,0.0091,0.8064
29,3,7,9,1.3341,0.3547,0.1827,0.0653,0.0022,0.0087,0.7773
29,3,8,11,1.3085,0.3369,0.1620,0.0681,0.0024,0.0089,0.7896
29,3,9,12,1.2757,0.3224,0.1342,0.0706,0.0021,0.0090,0.7993
29,3,10,11,1.2311,0.3054,0.1178,0.0881,0.0025,0.0088,0.7878
29,3,11,14,1.1523,0.2930,0.0321,0.0186,0.0023,0.0092,0.8067
29,4,2,7,2.4231,0.5483,1.1581,1.0513,0.0081,0.0081,0.6921
29,4,3,8,1.9458,0.5121,0.4199,0.1638,0.0063,0.0110,0.9848
29,4,4,8,1.6755,0.4747,0.2893,0.1004,0.0045,0.0099,0.8866
29,4,5,9,1.5740,0.4297,0.2556,0.0815,0.0039,0.0097,0.8650
29,4,6,9,1.4429,0.3859,0.2214,0.0617,0.0038,0.0091,0.8133
29,4,7,9,1.3331,0.3578,0.1751,0.0652,0.0030,0.0086,0.7800
29,4,8,11,1.3097,0.3286,0.1605,0.0701,0.0024,0.0090,0.8003
29,4,9,11,1.2728,0.3198,0.1457,0.0748,0.0032,0.0087,0.7868
29,4,10,11,1.2579,0.2976,0.1567,0.0952,0.0025,0.0088,0.7837
29,4,11,13,1.1484,0.2917,0.0393,0.0257,0.0021,0.0090,0.7974
29,5,2,7,2.1907,0.5412,1.1022,0.9958,0.0048,0.0064,0.5297
29,5,3,8,1.8761,0.5047,0.3878,0.1444,0.0058,0.0107,0.9558
29,5,4,8,1.6733,0.4696,0.2881,0.1002,0.0047,0.0099,0.8906
29,5,5,9,1.5895,0.4246,0.2796,0.0815,0.0058,0.0096,0.8600
29,5,6,9,1.4300,0.3822,0.2172,0.0630,0.0026,0.0090,0.8097
29,5,7,9,1.3478,0.3487,0.1918,0.0649,0.0072,0.0087,0.7826
29,5,8,11,1.3151,0.3326,0.1637,0.0698,0.0024,0.0089,0.7986
29,5,9,12,1.3078,0.3177,0.1856,0.0811,0.0024,0.0088,0.7846
29,5,10,11,1.2628,0.2953,0.1623,0.0996,0.0025,0.0088,0.7851
29,5,11,14,1.1442,0.2831,0.0442,0.0297,0.0027,0.0090,0.7964
29,6,2,6,2.2150,0.5393,0.9498,0.8387,0.0080,0.0080,0.7014
29,6,3,8,1.8775,0.5077,0.3895,0.1435,0.0053,0.0107,0.9530
29,6,4,8,1.6929,0.4644,0.3074,0.1022,0.0059,0.0100,0.8946
29,6,5,9,1.5818,0.4163,0.2878,0.0787,0.0041,0.0095,0.8542
29,6,6,9,1.4379,0.3769,0.2332,0.0619,0.0039,0.0090,0.8056
29,6,7,9,1.3352,0.3482,0.1854,0.0656,0.0028,0.0086,0.7814
29,6,8,11,1.3342,0.3291,0.1914,0.0716,0.0025,0.0088,0.7935
29,6,9,12,1.3006,0.3152,0.1682,0.0841,0.0021,0.0090,0.7971
29,6,10,13,1.2760,0.2867,0.1736,0.1033,0.0031,0.0090,0.7948
29,6,11,14,1.1456,0.2794,0.0515,0.0376,0.0023,0.0090,0.7947
29,7,2,7,2.2316,0.5300,0.9639,0.8514,0.0080,0.0081,0.7131
29,7,3,8,1.8584,0.4969,0.3834,0.1331,0.0134,0.0105,0.9430
29,7,4,8,1.6984,0.4538,0.3370,0.1065,0.0043,0.0098,0.8832
29,7,5,9,1.5395,0.4199,0.2663,0.0647,0.0046,0.0092,0.8298
29,7,6,9,1.4565,0.3710,0.2622,0.0614,0.0048,0.0090,0.8002
29,7,7,9,1.3349,0.3448,0.1968,0.0649,0.0022,0.0085,0.7738
29,7,8,11,1.3378,0.3260,0.1977,0.0714,0.0029,0.0088,0.7936
29,7,9,11,1.3105,0.3046,0.2166,0.0939,0.0018,0.0087,0.7701
29,7,10,12,1.2868,0.2827,0.2015,0.1172,0.0019,0.0089,0.7831
29,7,11,14,1.1793,0.2820,0.0817,0.0498,0.0021,0.0092,0.7954
29,11,2,7,2.0389,0.5295,1.0016,0.8893,0.0046,0.0059,0.4914
29,11,3,7,1.8268,0.4978,0.3788,0.1307,0.0057,0.0103,0.9233
29,11,4,8,1.6702,0.4506,0.3189,0.0948,0.0044,0.0098,0.8763
29,11,5,9,1.5344,0.4159,0.2619,0.0625,0.0031,0.0093,0.8346
29,11,6,9,1.4382,0.3712,0.2460,0.0609,0.0038,0.0089,0.7991
29,11,7,10,1.3542,0.3420,0.2077,0.0651,0.0058,0.0088,0.7811
29,11,8,11,1.3255,0.3173,0.1921,0.0712,0.0026,0.0088,0.7957
29,11,9,12,1.3273,0.3061,0.2047,0.0905,0.0021,0.0090,0.7965
29,11,10,13,1.2967,0.2845,0.2061,0.1181,0.0021,0.0090,0.7863
29,11,11,14,1.1776,0.2696,0.0817,0.0343,0.0018,0.0092,0.8064
29,13,2,7,1.5896,0.5221,0.6339,0.5247,0.0039,0.0046,0.4205
29,13,3,8,1.8416,0.4886,0.3970,0.1429,0.0053,0.0103,0.9294
29,13,4,8,1.6956,0.4476,0.3418,0.1163,0.0060,0.0098,0.8801
29,13,5,9,1.5408,0.4069,0.2890,0.0710,0.0044,0.0092,0.8219
29,13,6,9,1.4510,0.3705,0.2605,0.0615,0.0047,0.0090,0.7971
29,13,7,10,1.3492,0.3347,0.2235,0.0673,0.0040,0.0087,0.7695
29,13,8,12,1.3467,0.3155,0.2059,0.0716,0.0059,0.0090,0.8017
29,13,9,11,1.3097,0.3097,0.2085,0.0959,0.0027,0.0087,0.7714
29,13,10,12,1.2803,0.2846,0.1978,0.1171,0.0027,0.0088,0.7776
29,13,11,14,1.1937,0.2695,0.1004,0.0272,0.0023,0.0091,0.8035
29,14,2,8,2.0838,0.5259,0.5306,0.2359,0.0062,0.0112,0.9980
29,14,3,8,1.8361,0.4865,0.3990,0.1495,0.0049,0.0103,0.9246
29,14,4,8,1.6699,0.4374,0.3484,0.1216,0.0046,0.0096,0.8599
29,14,5,8,1.5363,0.3996,0.2933,0.0890,0.0040,0.0091,0.8207
29,14,6,9,1.4652,0.3666,0.2730,0.0615,0.0128,0.0090,0.7946
29,14,7,10,1.3737,0.3384,0.2366,0.0675,0.0024,0.0087,0.7788
29,14,8,12,1.3379,0.3184,0.2083,0.0717,0.0032,0.0088,0.7905
29,14,9,11,1.3203,0.3080,0.2159,0.0976,0.0018,0.0088,0.7770
29,14,10,12,1.2857,0.2794,0.2169,0.1174,0.0029,0.0088,0.7692
29,14,11,14,1.1847,0.2629,0.1058,0.0276,0.0027,0.0090,0.7955
29,15,2,8,2.0687,0.5171,0.5263,0.2359,0.0068,0.0112,0.9952
29,15,3,8,1.8412,0.4811,0.4071,0.1581,0.0059,0.0103,0.9258
29,15,4,9,1.6555,0.4343,0.3324,0.1047,0.0048,0.0096,0.8644
29,15,5,9,1.5200,0.3933,0.2717,0.0693,0.0033,0.0093,0.8328
29,15,6,9,1.4471,0.3542,0.2767,0.0621,0.0041,0.0089,0.7939
29,15,7,11,1.3746,0.3344,0.2424,0.0677,0.0032,0.0087,0.7771
29,15,8,12,1.3404,0.3147,0.2194,0.0760,0.0028,0.0089,0.7858
29,15,9,10,1.2981,0.3001,0.2112,0.0957,0.0019,0.0087,0.7676
29,15,10,13,1.2918,0.2806,0.2130,0.1260,0.0030,0.0089,0.7775
29,15,11,14,1.1933,0.2552,0.1120,0.0393,0.0031,0.0090,0.8052
