
/localdev/smarton/.cache/ttmc-gstt2-t188/tt-metal-cache431005707817566179/kernels/alpha_blend_compute_mb/15508740407247128523/trisc1/trisc1.elf:     file format elf32-littleriscv


Disassembly of section .text:

00007130 <_start>:
    7130:	f1010113          	addi	sp,sp,-240
    7134:	0e112623          	sw	ra,236(sp)
    7138:	0d312e23          	sw	s3,220(sp)
    713c:	0d412c23          	sw	s4,216(sp)
    7140:	0d712623          	sw	s7,204(sp)
    7144:	0d812423          	sw	s8,200(sp)

00007148 <.LBB73148>:
    7148:	ffb007b7          	lui	a5,0xffb00
    714c:	ffb00737          	lui	a4,0xffb00

00007150 <.LM5995>:
    7150:	03478793          	addi	a5,a5,52 # ffb00034 <(anonymous namespace)::g_blend_bodies+0xc>

00007154 <.LM5996>:
    7154:	12870713          	addi	a4,a4,296 # ffb00128 <__ldm_bss_end>
    7158:	00f76e63          	bltu	a4,a5,7174 <.L51>

0000715c <.L52>:
    715c:	fe07ae23          	sw	zero,-4(a5)

00007160 <.LM5998>:
    7160:	fe07ac23          	sw	zero,-8(a5)

00007164 <.LM5999>:
    7164:	fe07aa23          	sw	zero,-12(a5)

00007168 <.LM6000>:
    7168:	fe07a823          	sw	zero,-16(a5)

0000716c <.LM6001>:
    716c:	01078793          	addi	a5,a5,16

00007170 <.LM6002>:
    7170:	fef776e3          	bgeu	a4,a5,715c <.L52>

00007174 <.L51>:
    7174:	ff878693          	addi	a3,a5,-8

00007178 <.LM6004>:
    7178:	5ed760e3          	bltu	a4,a3,7f58 <.L114>

0000717c <.LM6005>:
    717c:	fe07aa23          	sw	zero,-12(a5)

00007180 <.LM6006>:
    7180:	fe07a823          	sw	zero,-16(a5)

00007184 <.L53>:
    7184:	ffc78693          	addi	a3,a5,-4

00007188 <.LM6008>:
    7188:	00d76463          	bltu	a4,a3,7190 <.L54>

0000718c <.LM6009>:
    718c:	fe07ac23          	sw	zero,-8(a5)

00007190 <.L54>:
    7190:	0000c737          	lui	a4,0xc
    7194:	97c70713          	addi	a4,a4,-1668 # b97c <__kernel_data_lma>
    7198:	83018793          	addi	a5,gp,-2000 # ffb00020 <(anonymous namespace)::g_blend_t_eps>
    719c:	06f70a63          	beq	a4,a5,7210 <.L56>

000071a0 <.LM6011>:
    71a0:	ffb00637          	lui	a2,0xffb00
    71a4:	02460613          	addi	a2,a2,36 # ffb00024 <(anonymous namespace)::g_pixel_floor_bits>
    71a8:	40f60633          	sub	a2,a2,a5

000071ac <.LBB73153>:
    71ac:	00800593          	li	a1,8

000071b0 <.LBE73153>:
    71b0:	40265693          	srai	a3,a2,0x2

000071b4 <.LBB73157>:
    71b4:	04c5d063          	bge	a1,a2,71f4 <.L57>
    71b8:	00200613          	li	a2,2

000071bc <.L58>:
    71bc:	00072883          	lw	a7,0(a4)
    71c0:	00472803          	lw	a6,4(a4)
    71c4:	00872503          	lw	a0,8(a4)

000071c8 <.LM6017>:
    71c8:	00078593          	mv	a1,a5
    71cc:	00070793          	mv	a5,a4
    71d0:	00c78793          	addi	a5,a5,12
    71d4:	00c58593          	addi	a1,a1,12
    71d8:	ffd68693          	addi	a3,a3,-3
    71dc:	00078713          	mv	a4,a5
    71e0:	00058793          	mv	a5,a1

000071e4 <.LM6018>:
    71e4:	ff15aa23          	sw	a7,-12(a1)
    71e8:	ff05ac23          	sw	a6,-8(a1)
    71ec:	fea5ae23          	sw	a0,-4(a1)

000071f0 <.LBE73155>:
    71f0:	fcd646e3          	blt	a2,a3,71bc <.L58>

000071f4 <.L57>:
    71f4:	00d05e63          	blez	a3,7210 <.L56>

000071f8 <.LM6021>:
    71f8:	00072583          	lw	a1,0(a4)

000071fc <.LM6022>:
    71fc:	00200613          	li	a2,2

00007200 <.LM6023>:
    7200:	00b7a023          	sw	a1,0(a5)

00007204 <.LM6024>:
    7204:	00c69663          	bne	a3,a2,7210 <.L56>

00007208 <.LM6025>:
    7208:	00472703          	lw	a4,4(a4)
    720c:	00e7a223          	sw	a4,4(a5)

00007210 <.L56>:
    7210:	42002783          	lw	a5,1056(zero) # 420 <.LASF2561+0x9>

00007214 <.LM6032>:
    7214:	08000713          	li	a4,128
    7218:	00279793          	slli	a5,a5,0x2

0000721c <.LM6034>:
    721c:	3f37c683          	lbu	a3,1011(a5)
    7220:	06078793          	addi	a5,a5,96

00007224 <.LM6035>:
    7224:	00e68863          	beq	a3,a4,7234 <.L63>

00007228 <.L60>:
    7228:	0ff0000f          	fence

0000722c <.LBE73162>:
    722c:	3937c683          	lbu	a3,915(a5)

00007230 <.LM6041>:
    7230:	fee69ce3          	bne	a3,a4,7228 <.L60>

00007234 <.L63>:
    7234:	c8340002          	ttsetc16	13,0

00007238 <.LM6054>:
    7238:	c8740002          	ttsetc16	29,0

0000723c <.LM6056>:
    723c:	c8c00002          	ttsetc16	48,0

00007240 <.LBE73167>:
    7240:	40610000          	ttzeroacc	3,0,0,1,0

00007244 <.LBB73169>:
    7244:	8201a783          	lw	a5,-2016(gp) # ffb00010 <rta_l1_base>

00007248 <.LBE73174>:
    7248:	0007a703          	lw	a4,0(a5)

0000724c <.LBE73172>:
    724c:	00070463          	beqz	a4,7254 <.L62>

00007250 <.LM6073>:
    7250:	82e1a823          	sw	a4,-2000(gp) # ffb00020 <(anonymous namespace)::g_blend_t_eps>

00007254 <.L62>:
    7254:	0047a703          	lw	a4,4(a5)

00007258 <.LBB73177>:
    7258:	ffec17b7          	lui	a5,0xffec1

0000725c <.LBE73177>:
    725c:	82e1aa23          	sw	a4,-1996(gp) # ffb00024 <(anonymous namespace)::g_pixel_floor_bits>

00007260 <.LBB73182>:
    7260:	0007a783          	lw	a5,0(a5) # ffec1000 <__instrn_buffer+0x81000>

00007264 <.LBE73182>:
    7264:	0007ac03          	lw	s8,0(a5)

00007268 <.LBB73185>:
    7268:	c83c0002          	ttsetc16	15,0

0000726c <.LM6114>:
    726c:	c87c0002          	ttsetc16	31,0

00007270 <.LM6116>:
    7270:	c8c80002          	ttsetc16	50,0

00007274 <.LBB73194>:
    7274:	c8300006          	ttsetc16	12,1

00007278 <.LM6122>:
    7278:	c8700006          	ttsetc16	28,1

0000727c <.LM6124>:
    727c:	c8bc0002          	ttsetc16	47,0

00007280 <.LBB73196>:
    7280:	c8380022          	ttsetc16	14,8

00007284 <.LM6130>:
    7284:	c8780022          	ttsetc16	30,8

00007288 <.LM6132>:
    7288:	c8c40002          	ttsetc16	49,0

0000728c <.LBB73198>:
    728c:	ffe806b7          	lui	a3,0xffe80
    7290:	00868613          	addi	a2,a3,8 # ffe80008 <__instrn_buffer+0x40008>
    7294:	00000793          	li	a5,0

00007298 <.LM6138>:
    7298:	00f62023          	sw	a5,0(a2)
    729c:	00062783          	lw	a5,0(a2)
    72a0:	00f07033          	and	zero,zero,a5

000072a4 <.LBE73204>:
    72a4:	ffb807b7          	lui	a5,0xffb80
    72a8:	00400613          	li	a2,4
    72ac:	00c7a023          	sw	a2,0(a5) # ffb80000 <__global_pointer$+0x7f810>

000072b0 <.LM6141>:
    72b0:	00200613          	li	a2,2
    72b4:	00c7a223          	sw	a2,4(a5)

000072b8 <.LM6142>:
    72b8:	020005b7          	lui	a1,0x2000

000072bc <.LM6143>:
    72bc:	37c00637          	lui	a2,0x37c00

000072c0 <.LM6144>:
    72c0:	00b7a423          	sw	a1,8(a5)

000072c4 <.LM6145>:
    72c4:	00360613          	addi	a2,a2,3 # 37c00003 <__device_print_strings_info_end+0x31700003>
    72c8:	00c7a623          	sw	a2,12(a5)

000072cc <.LM6146>:
    72cc:	00b7a823          	sw	a1,16(a5)

000072d0 <.LM6147>:
    72d0:	28008637          	lui	a2,0x28008
    72d4:	00c7aa23          	sw	a2,20(a5)

000072d8 <.LM6148>:
    72d8:	00b7ac23          	sw	a1,24(a5)

000072dc <.LM6149>:
    72dc:	00c7ae23          	sw	a2,28(a5)

000072e0 <.LM6150>:
    72e0:	02c7a023          	sw	a2,32(a5)

000072e4 <.LBE73198>:
    72e4:	c81c0002          	ttsetc16	7,0

000072e8 <.LBB73207>:
    72e8:	dc00003c          	ttsetrwc	0,0,0,0,0,15

000072ec <.LBB73209>:
    72ec:	00000793          	li	a5,0
    72f0:	00468713          	addi	a4,a3,4
    72f4:	00f72023          	sw	a5,0(a4)
    72f8:	00072783          	lw	a5,0(a4)
    72fc:	00f07033          	and	zero,zero,a5

00007300 <.L64>:
    7300:	0246a783          	lw	a5,36(a3)

00007304 <.LBE73216>:
    7304:	0ff7f793          	zext.b	a5,a5
    7308:	fe079ce3          	bnez	a5,7300 <.L64>

0000730c <.LM6171>:
    730c:	8c400022          	ttseminit	1,0,2

00007310 <.LBB73218>:
    7310:	8001a823          	sw	zero,-2032(gp) # ffb00000 <ckernel::dest_offset_id>

00007314 <.LBB73220>:
    7314:	c8040002          	ttsetc16	1,0

00007318 <.LBB73222>:
    7318:	ffe40737          	lui	a4,0xffe40
    731c:	b30807b7          	lui	a5,0xb3080
    7320:	00070993          	mv	s3,a4
    7324:	0dc78793          	addi	a5,a5,220 # b30800dc <__device_print_strings_info_end+0xacb800dc>
    7328:	00f9a023          	sw	a5,0(s3)

0000732c <.LBE73226>:
    732c:	89000042          	ttstallwait	128,16

00007330 <.LBB73229>:
    7330:	b68007b7          	lui	a5,0xb6800
    7334:	00178793          	addi	a5,a5,1 # b6800001 <__device_print_strings_info_end+0xb0300001>
    7338:	00f9a023          	sw	a5,0(s3)

0000733c <.LBB73232>:
    733c:	b62027b7          	lui	a5,0xb6202
    7340:	00178793          	addi	a5,a5,1 # b6202001 <__device_print_strings_info_end+0xafd02001>
    7344:	00f9a023          	sw	a5,0(s3)

00007348 <.LBB73235>:
    7348:	b64047b7          	lui	a5,0xb6404
    734c:	00178793          	addi	a5,a5,1 # b6404001 <__device_print_strings_info_end+0xaff04001>
    7350:	00f9a023          	sw	a5,0(s3)

00007354 <.LBB73238>:
    7354:	440003c6          	sfpconfig	15,0,1

00007358 <.LBB73243>:
    7358:	c84c0002          	ttsetc16	19,0

0000735c <.LM6198>:
    735c:	c88c0002          	ttsetc16	35,0

00007360 <.LM6200>:
    7360:	c8d80002          	ttsetc16	54,0

00007364 <.LBB73246>:
    7364:	dc00003c          	ttsetrwc	0,0,0,0,0,15

00007368 <.LBB73248>:
    7368:	000086b7          	lui	a3,0x8

0000736c <.LBB73251>:
    736c:	00008737          	lui	a4,0x8

00007370 <.LBB73253>:
    7370:	000087b7          	lui	a5,0x8

00007374 <.LBE73251>:
    7374:	83818a13          	addi	s4,gp,-1992 # ffb00028 <(anonymous namespace)::g_blend_bodies>
    7378:	f6068693          	addi	a3,a3,-160 # 7f60 <void (anonymous namespace)::blend_pair_body<0ul, 1ul>()>

0000737c <.LBB73656>:
    737c:	05470713          	addi	a4,a4,84 # 8054 <void (anonymous namespace)::blend_pair_body<0ul, 2ul>()>

00007380 <.LBB73652>:
    7380:	14878793          	addi	a5,a5,328 # 8148 <void (anonymous namespace)::blend_pair_body<0ul, 3ul>()>

00007384 <.LBB73255>:
    7384:	00008337          	lui	t1,0x8

00007388 <.LBB73258>:
    7388:	000088b7          	lui	a7,0x8

0000738c <.LBE73258>:
    738c:	2f430313          	addi	t1,t1,756 # 82f4 <void (anonymous namespace)::blend_pair_body<1ul, 1ul>()>

00007390 <.LBB73644>:
    7390:	3e888893          	addi	a7,a7,1000 # 83e8 <void (anonymous namespace)::blend_pair_body<1ul, 2ul>()>

00007394 <.LBE73255>:
    7394:	00da2223          	sw	a3,4(s4)

00007398 <.LBB73657>:
    7398:	00ea2423          	sw	a4,8(s4)

0000739c <.LBB73653>:
    739c:	00fa2623          	sw	a5,12(s4)

000073a0 <.LBB73260>:
    73a0:	00008837          	lui	a6,0x8

000073a4 <.LBB73262>:
    73a4:	00008537          	lui	a0,0x8

000073a8 <.LBB73265>:
    73a8:	000085b7          	lui	a1,0x8

000073ac <.LBB73267>:
    73ac:	00009637          	lui	a2,0x9

000073b0 <.LBB73269>:
    73b0:	000096b7          	lui	a3,0x9

000073b4 <.LBB73272>:
    73b4:	00009737          	lui	a4,0x9

000073b8 <.LBB73274>:
    73b8:	000097b7          	lui	a5,0x9

000073bc <.LBE73262>:
    73bc:	4dc80813          	addi	a6,a6,1244 # 84dc <void (anonymous namespace)::blend_pair_body<1ul, 3ul>()>

000073c0 <.LBB73636>:
    73c0:	68850513          	addi	a0,a0,1672 # 8688 <void (anonymous namespace)::blend_pair_body<2ul, 1ul>()>

000073c4 <.LBB73627>:
    73c4:	77c58593          	addi	a1,a1,1916 # 877c <void (anonymous namespace)::blend_pair_body<2ul, 2ul>()>

000073c8 <.LBB73621>:
    73c8:	87060613          	addi	a2,a2,-1936 # 8870 <void (anonymous namespace)::blend_pair_body<2ul, 3ul>()>

000073cc <.LBB73615>:
    73cc:	a1c68693          	addi	a3,a3,-1508 # 8a1c <void (anonymous namespace)::blend_pair_body<3ul, 1ul>()>

000073d0 <.LBB73606>:
    73d0:	b1070713          	addi	a4,a4,-1264 # 8b10 <void (anonymous namespace)::blend_pair_body<3ul, 2ul>()>

000073d4 <.LBB73600>:
    73d4:	c0478793          	addi	a5,a5,-1020 # 8c04 <void (anonymous namespace)::blend_pair_body<3ul, 3ul>()>

000073d8 <.LBE73260>:
    73d8:	006a2a23          	sw	t1,20(s4)

000073dc <.LBB73646>:
    73dc:	011a2c23          	sw	a7,24(s4)

000073e0 <.LBB73276>:
    73e0:	00009337          	lui	t1,0x9

000073e4 <.LBB73279>:
    73e4:	000098b7          	lui	a7,0x9

000073e8 <.LBE73279>:
    73e8:	db030313          	addi	t1,t1,-592 # 8db0 <void (anonymous namespace)::blend_pair_body<4ul, 1ul>()>

000073ec <.LBB73591>:
    73ec:	ea488893          	addi	a7,a7,-348 # 8ea4 <void (anonymous namespace)::blend_pair_body<4ul, 2ul>()>

000073f0 <.LBE73276>:
    73f0:	010a2e23          	sw	a6,28(s4)

000073f4 <.LBB73638>:
    73f4:	02aa2223          	sw	a0,36(s4)

000073f8 <.LBB73629>:
    73f8:	02ba2423          	sw	a1,40(s4)

000073fc <.LBB73623>:
    73fc:	02ca2623          	sw	a2,44(s4)

00007400 <.LBB73617>:
    7400:	02da2a23          	sw	a3,52(s4)

00007404 <.LBB73608>:
    7404:	02ea2c23          	sw	a4,56(s4)

00007408 <.LBB73602>:
    7408:	02fa2e23          	sw	a5,60(s4)

0000740c <.LBB73281>:
    740c:	00009837          	lui	a6,0x9

00007410 <.LBB73283>:
    7410:	00009537          	lui	a0,0x9

00007414 <.LBB73286>:
    7414:	000095b7          	lui	a1,0x9

00007418 <.LBB73288>:
    7418:	00009637          	lui	a2,0x9

0000741c <.LBB73290>:
    741c:	000096b7          	lui	a3,0x9

00007420 <.LBB73293>:
    7420:	00009737          	lui	a4,0x9

00007424 <.LBB73295>:
    7424:	000097b7          	lui	a5,0x9

00007428 <.LBE73283>:
    7428:	f9880813          	addi	a6,a6,-104 # 8f98 <void (anonymous namespace)::blend_pair_body<4ul, 3ul>()>

0000742c <.LBB73583>:
    742c:	14450513          	addi	a0,a0,324 # 9144 <void (anonymous namespace)::blend_pair_body<5ul, 1ul>()>

00007430 <.LBB73574>:
    7430:	23858593          	addi	a1,a1,568 # 9238 <void (anonymous namespace)::blend_pair_body<5ul, 2ul>()>

00007434 <.LBB73568>:
    7434:	32c60613          	addi	a2,a2,812 # 932c <void (anonymous namespace)::blend_pair_body<5ul, 3ul>()>

00007438 <.LBB73562>:
    7438:	4d868693          	addi	a3,a3,1240 # 94d8 <void (anonymous namespace)::blend_pair_body<6ul, 1ul>()>

0000743c <.LBB73553>:
    743c:	5cc70713          	addi	a4,a4,1484 # 95cc <void (anonymous namespace)::blend_pair_body<6ul, 2ul>()>

00007440 <.LBB73547>:
    7440:	6c078793          	addi	a5,a5,1728 # 96c0 <void (anonymous namespace)::blend_pair_body<6ul, 3ul>()>

00007444 <.LBE73281>:
    7444:	046a2223          	sw	t1,68(s4)

00007448 <.LBB73593>:
    7448:	051a2423          	sw	a7,72(s4)

0000744c <.LBB73297>:
    744c:	0000a337          	lui	t1,0xa

00007450 <.LBB73300>:
    7450:	0000a8b7          	lui	a7,0xa

00007454 <.LBE73300>:
    7454:	86c30313          	addi	t1,t1,-1940 # 986c <void (anonymous namespace)::blend_pair_body<7ul, 1ul>()>

00007458 <.LBB73538>:
    7458:	96088893          	addi	a7,a7,-1696 # 9960 <void (anonymous namespace)::blend_pair_body<7ul, 2ul>()>

0000745c <.LBE73297>:
    745c:	050a2623          	sw	a6,76(s4)

00007460 <.LBB73585>:
    7460:	04aa2a23          	sw	a0,84(s4)

00007464 <.LBB73576>:
    7464:	04ba2c23          	sw	a1,88(s4)

00007468 <.LBB73570>:
    7468:	04ca2e23          	sw	a2,92(s4)

0000746c <.LBB73564>:
    746c:	06da2223          	sw	a3,100(s4)

00007470 <.LBB73555>:
    7470:	06ea2423          	sw	a4,104(s4)

00007474 <.LBB73549>:
    7474:	06fa2623          	sw	a5,108(s4)

00007478 <.LBB73302>:
    7478:	0000a837          	lui	a6,0xa

0000747c <.LBB73304>:
    747c:	0000a537          	lui	a0,0xa

00007480 <.LBB73307>:
    7480:	0000a5b7          	lui	a1,0xa

00007484 <.LBB73309>:
    7484:	0000a637          	lui	a2,0xa

00007488 <.LBB73311>:
    7488:	0000a6b7          	lui	a3,0xa

0000748c <.LBB73314>:
    748c:	0000a737          	lui	a4,0xa

00007490 <.LBB73316>:
    7490:	0000a7b7          	lui	a5,0xa

00007494 <.LBE73304>:
    7494:	a5480813          	addi	a6,a6,-1452 # 9a54 <void (anonymous namespace)::blend_pair_body<7ul, 3ul>()>

00007498 <.LBB73530>:
    7498:	c0050513          	addi	a0,a0,-1024 # 9c00 <void (anonymous namespace)::blend_pair_body<8ul, 1ul>()>

0000749c <.LBB73521>:
    749c:	cf458593          	addi	a1,a1,-780 # 9cf4 <void (anonymous namespace)::blend_pair_body<8ul, 2ul>()>

000074a0 <.LBB73515>:
    74a0:	de860613          	addi	a2,a2,-536 # 9de8 <void (anonymous namespace)::blend_pair_body<8ul, 3ul>()>

000074a4 <.LBB73509>:
    74a4:	f9468693          	addi	a3,a3,-108 # 9f94 <void (anonymous namespace)::blend_pair_body<9ul, 1ul>()>

000074a8 <.LBB73500>:
    74a8:	08870713          	addi	a4,a4,136 # a088 <void (anonymous namespace)::blend_pair_body<9ul, 2ul>()>

000074ac <.LBB73494>:
    74ac:	17c78793          	addi	a5,a5,380 # a17c <void (anonymous namespace)::blend_pair_body<9ul, 3ul>()>

000074b0 <.LBE73302>:
    74b0:	066a2a23          	sw	t1,116(s4)

000074b4 <.LBB73540>:
    74b4:	071a2c23          	sw	a7,120(s4)

000074b8 <.LBB73318>:
    74b8:	0000a337          	lui	t1,0xa

000074bc <.LBB73321>:
    74bc:	0000a8b7          	lui	a7,0xa

000074c0 <.LBE73321>:
    74c0:	32830313          	addi	t1,t1,808 # a328 <void (anonymous namespace)::blend_pair_body<10ul, 1ul>()>

000074c4 <.LBB73485>:
    74c4:	41c88893          	addi	a7,a7,1052 # a41c <void (anonymous namespace)::blend_pair_body<10ul, 2ul>()>

000074c8 <.LBE73318>:
    74c8:	070a2e23          	sw	a6,124(s4)

000074cc <.LBB73532>:
    74cc:	08aa2223          	sw	a0,132(s4)

000074d0 <.LBB73523>:
    74d0:	08ba2423          	sw	a1,136(s4)

000074d4 <.LBB73517>:
    74d4:	08ca2623          	sw	a2,140(s4)

000074d8 <.LBB73511>:
    74d8:	08da2a23          	sw	a3,148(s4)

000074dc <.LBB73502>:
    74dc:	08ea2c23          	sw	a4,152(s4)

000074e0 <.LBB73496>:
    74e0:	08fa2e23          	sw	a5,156(s4)

000074e4 <.LBB73323>:
    74e4:	0000a837          	lui	a6,0xa

000074e8 <.LBB73325>:
    74e8:	0000a537          	lui	a0,0xa

000074ec <.LBB73328>:
    74ec:	0000a5b7          	lui	a1,0xa

000074f0 <.LBB73330>:
    74f0:	0000b637          	lui	a2,0xb

000074f4 <.LBB73332>:
    74f4:	0000b6b7          	lui	a3,0xb

000074f8 <.LBB73335>:
    74f8:	0000b737          	lui	a4,0xb

000074fc <.LBB73337>:
    74fc:	0000b7b7          	lui	a5,0xb

00007500 <.LBE73323>:
    7500:	0a6a2223          	sw	t1,164(s4)

00007504 <.LBB73487>:
    7504:	0b1a2423          	sw	a7,168(s4)

00007508 <.LBB73481>:
    7508:	51080813          	addi	a6,a6,1296 # a510 <void (anonymous namespace)::blend_pair_body<10ul, 3ul>()>

0000750c <.LBB73478>:
    750c:	6bc50513          	addi	a0,a0,1724 # a6bc <void (anonymous namespace)::blend_pair_body<11ul, 1ul>()>

00007510 <.LBB73471>:
    7510:	7b058593          	addi	a1,a1,1968 # a7b0 <void (anonymous namespace)::blend_pair_body<11ul, 2ul>()>

00007514 <.LBB73465>:
    7514:	8a460613          	addi	a2,a2,-1884 # a8a4 <void (anonymous namespace)::blend_pair_body<11ul, 3ul>()>

00007518 <.LBB73458>:
    7518:	a5068693          	addi	a3,a3,-1456 # aa50 <void (anonymous namespace)::blend_pair_body<12ul, 1ul>()>

0000751c <.LBB73446>:
    751c:	b4470713          	addi	a4,a4,-1212 # ab44 <void (anonymous namespace)::blend_pair_body<12ul, 2ul>()>

00007520 <.LBB73437>:
    7520:	c3878793          	addi	a5,a5,-968 # ac38 <void (anonymous namespace)::blend_pair_body<12ul, 3ul>()>

00007524 <.LBE73437>:
    7524:	0b0a2623          	sw	a6,172(s4)

00007528 <.LBB73339>:
    7528:	0000b337          	lui	t1,0xb

0000752c <.LBB73342>:
    752c:	0000b8b7          	lui	a7,0xb

00007530 <.LBB73344>:
    7530:	0000b837          	lui	a6,0xb

00007534 <.LBE73339>:
    7534:	0aaa2a23          	sw	a0,180(s4)

00007538 <.LBB73473>:
    7538:	0aba2c23          	sw	a1,184(s4)

0000753c <.LBB73346>:
    753c:	0000b537          	lui	a0,0xb

00007540 <.LBB73349>:
    7540:	0000b5b7          	lui	a1,0xb

00007544 <.LBE73346>:
    7544:	0aca2e23          	sw	a2,188(s4)

00007548 <.LBB73461>:
    7548:	0cda2223          	sw	a3,196(s4)

0000754c <.LBB73351>:
    754c:	0000b637          	lui	a2,0xb

00007550 <.LBB73353>:
    7550:	0000b6b7          	lui	a3,0xb

00007554 <.LBE73351>:
    7554:	0cea2423          	sw	a4,200(s4)

00007558 <.LBB73441>:
    7558:	0cfa2623          	sw	a5,204(s4)

0000755c <.LBB73356>:
    755c:	0000b737          	lui	a4,0xb

00007560 <.LBB73358>:
    7560:	0000b7b7          	lui	a5,0xb

00007564 <.LBE73356>:
    7564:	de430313          	addi	t1,t1,-540 # ade4 <void (anonymous namespace)::blend_pair_body<13ul, 1ul>()>

00007568 <.LBB73421>:
    7568:	ed888893          	addi	a7,a7,-296 # aed8 <void (anonymous namespace)::blend_pair_body<13ul, 2ul>()>

0000756c <.LBB73411>:
    756c:	fcc80813          	addi	a6,a6,-52 # afcc <void (anonymous namespace)::blend_pair_body<13ul, 3ul>()>

00007570 <.LBB73401>:
    7570:	17850513          	addi	a0,a0,376 # b178 <void (anonymous namespace)::blend_pair_body<14ul, 1ul>()>

00007574 <.LBB73389>:
    7574:	26c58593          	addi	a1,a1,620 # b26c <void (anonymous namespace)::blend_pair_body<14ul, 2ul>()>

00007578 <.LBB73381>:
    7578:	36060613          	addi	a2,a2,864 # b360 <void (anonymous namespace)::blend_pair_body<14ul, 3ul>()>

0000757c <.LBB73375>:
    757c:	50c68693          	addi	a3,a3,1292 # b50c <void (anonymous namespace)::blend_pair_body<15ul, 1ul>()>

00007580 <.LBB73366>:
    7580:	60070713          	addi	a4,a4,1536 # b600 <void (anonymous namespace)::blend_pair_body<15ul, 2ul>()>

00007584 <.LBB73362>:
    7584:	6f478793          	addi	a5,a5,1780 # b6f4 <void (anonymous namespace)::blend_pair_body<15ul, 3ul>()>

00007588 <.LBE73362>:
    7588:	0c6a2a23          	sw	t1,212(s4)

0000758c <.LBB73422>:
    758c:	0d1a2c23          	sw	a7,216(s4)

00007590 <.LBB73412>:
    7590:	0d0a2e23          	sw	a6,220(s4)

00007594 <.LBB73402>:
    7594:	0eaa2223          	sw	a0,228(s4)

00007598 <.LBB73390>:
    7598:	0eba2423          	sw	a1,232(s4)

0000759c <.LBB73382>:
    759c:	0eca2623          	sw	a2,236(s4)

000075a0 <.LBB73376>:
    75a0:	0eda2a23          	sw	a3,244(s4)

000075a4 <.LBB73367>:
    75a4:	0eea2c23          	sw	a4,248(s4)

000075a8 <.LBB73363>:
    75a8:	0efa2e23          	sw	a5,252(s4)

000075ac <.LBE73248>:
    75ac:	1c0c0863          	beqz	s8,777c <.L126>

000075b0 <.LM6320>:
    75b0:	001c0793          	addi	a5,s8,1
    75b4:	0f212023          	sw	s2,224(sp)
    75b8:	0d612823          	sw	s6,208(sp)
    75bc:	0017b913          	seqz	s2,a5

000075c0 <.LBB73658>:
    75c0:	7f800b37          	lui	s6,0x7f800
    75c4:	0d512a23          	sw	s5,212(sp)

000075c8 <.LBE73659>:
    75c8:	03212623          	sw	s2,44(sp)
    75cc:	0e812423          	sw	s0,232(sp)
    75d0:	0e912223          	sw	s1,228(sp)
    75d4:	0d912223          	sw	s9,196(sp)
    75d8:	0da12023          	sw	s10,192(sp)
    75dc:	0bb12e23          	sw	s11,188(sp)

000075e0 <.LBB73671>:
    75e0:	001b0a93          	addi	s5,s6,1 # 7f800001 <__device_print_strings_info_end+0x79300001>

000075e4 <.LBE73671>:
    75e4:	00000913          	li	s2,0

000075e8 <.L112>:
    75e8:	fff00393          	li	t2,-1
    75ec:	00000713          	li	a4,0
    75f0:	147c08e3          	beq	s8,t2,7f40 <.L163>

000075f4 <.L66>:
    75f4:	ffe80437          	lui	s0,0xffe80
    75f8:	03812223          	sw	s8,36(sp)
    75fc:	03212423          	sw	s2,40(sp)
    7600:	00070d93          	mv	s11,a4
    7604:	00038493          	mv	s1,t2

00007608 <.L111>:
    7608:	ffec17b7          	lui	a5,0xffec1
    760c:	0007a783          	lw	a5,0(a5) # ffec1000 <__instrn_buffer+0x81000>

00007610 <.LBE74197>:
    7610:	0007ad03          	lw	s10,0(a5)

00007614 <.LM6351>:
    7614:	0047a783          	lw	a5,4(a5)

00007618 <.LBE74196>:
    7618:	0027f693          	andi	a3,a5,2

0000761c <.LM6357>:
    761c:	0017f713          	andi	a4,a5,1

00007620 <.LM6358>:
    7620:	16068e63          	beqz	a3,779c <.L68>

00007624 <.L79>:
    7624:	100d0863          	beqz	s10,7734 <.L69>

00007628 <.LBB74040>:
    7628:	8101a783          	lw	a5,-2032(gp) # ffb00000 <ckernel::dest_offset_id>

0000762c <.LBE74051>:
    762c:	b20106b7          	lui	a3,0xb2010

00007630 <.LBB74055>:
    7630:	00f037b3          	snez	a5,a5
    7634:	00979793          	slli	a5,a5,0x9

00007638 <.LBE74055>:
    7638:	00d787b3          	add	a5,a5,a3

0000763c <.LBB74045>:
    763c:	ffec16b7          	lui	a3,0xffec1
    7640:	0006af83          	lw	t6,0(a3) # ffec1000 <__instrn_buffer+0x81000>

00007644 <.LBB74056>:
    7644:	00f9a023          	sw	a5,0(s3)

00007648 <.LBE74058>:
    7648:	8a000042          	ttstallwait	256,16

0000764c <.LBB74062>:
    764c:	8341a783          	lw	a5,-1996(gp) # ffb00024 <(anonymous namespace)::g_pixel_floor_bits>

00007650 <.LBB74064>:
    7650:	71020637          	lui	a2,0x71020
    7654:	0807c6b3          	zext.h	a3,a5
    7658:	00c686b3          	add	a3,a3,a2
    765c:	00d9a023          	sw	a3,0(s3)
    7660:	0107d793          	srli	a5,a5,0x10

00007664 <.LM6405>:
    7664:	710806b7          	lui	a3,0x71080
    7668:	00d787b3          	add	a5,a5,a3
    766c:	00f9a023          	sw	a5,0(s3)

00007670 <.LBB74069>:
    7670:	c8038631          	sfpstore	L0,396,0,7

00007674 <.LBB74076>:
    7674:	c4080201          	sfploadi	L0,128,2
    7678:	c420de01          	sfploadi	L0,14208,8

0000767c <.LBB74082>:
    767c:	c8038651          	sfpstore	L0,404,0,7

00007680 <.LBB74089>:
    7680:	c40aa8ed          	sfploadi	L0,-21957,2
    7684:	c420fee1          	sfploadi	L0,16312,8

00007688 <.LBB74095>:
    7688:	44000302          	sfpconfig	12,0,0

0000768c <.LBB74098>:
    768c:	c40a9061          	sfploadi	L0,-23528,2
    7690:	c4209eb1          	sfploadi	L0,10156,8

00007694 <.LBB74103>:
    7694:	44000342          	sfpconfig	13,0,0

00007698 <.LBB74106>:
    7698:	c4096b69          	sfploadi	L0,23258,2
    769c:	c420cea1          	sfploadi	L0,13224,8

000076a0 <.LBB74111>:
    76a0:	44000382          	sfpconfig	14,0,0

000076a4 <.LBB74114>:
    76a4:	c408e215          	sfploadi	L0,14469,2
    76a8:	c420fe01          	sfploadi	L0,16256,8

000076ac <.LBB74119>:
    76ac:	c8038659          	sfpstore	L0,406,0,7

000076b0 <.LBB74126>:
    76b0:	c409c291          	sfploadi	L0,28836,2
    76b4:	c420fdf5          	sfploadi	L0,16253,8

000076b8 <.LBB74131>:
    76b8:	c8038661          	sfpstore	L0,408,0,7

000076bc <.LBB74139>:
    76bc:	000d8c93          	mv	s9,s11

000076c0 <.LBB73823>:
    76c0:	710207b7          	lui	a5,0x71020
    76c4:	00f12823          	sw	a5,16(sp)
    76c8:	710807b7          	lui	a5,0x71080
    76cc:	00f12a23          	sw	a5,20(sp)

000076d0 <.LBB73844>:
    76d0:	710207b7          	lui	a5,0x71020

000076d4 <.LBE73823>:
    76d4:	00000c13          	li	s8,0

000076d8 <.LBB73852>:
    76d8:	00f12c23          	sw	a5,24(sp)
    76dc:	000d0913          	mv	s2,s10
    76e0:	00e12e23          	sw	a4,28(sp)
    76e4:	03b12023          	sw	s11,32(sp)
    76e8:	000f8e13          	mv	t3,t6

000076ec <.L107>:
    76ec:	000c8663          	beqz	s9,76f8 <.L80>

000076f0 <.LM6515>:
    76f0:	1ffcfd13          	andi	s10,s9,511

000076f4 <.LM6516>:
    76f4:	3c0d0063          	beqz	s10,7ab4 <.L164>

000076f8 <.L80>:
    76f8:	005c1713          	slli	a4,s8,0x5
    76fc:	01c70733          	add	a4,a4,t3

00007700 <.LBE74023>:
    7700:	00c72783          	lw	a5,12(a4)

00007704 <.LM6520>:
    7704:	001c8c93          	addi	s9,s9,1

00007708 <.LBB74028>:
    7708:	00f4fdb3          	and	s11,s1,a5

0000770c <.LM6527>:
    770c:	4e0d9463          	bnez	s11,7bf4 <.L106>

00007710 <.L110>:
    7710:	001c0c13          	addi	s8,s8,1

00007714 <.LM6530>:
    7714:	fd891ce3          	bne	s2,s8,76ec <.L107>

00007718 <.LM6531>:
    7718:	02012d83          	lw	s11,32(sp)
    771c:	01c12703          	lw	a4,28(sp)
    7720:	012d8db3          	add	s11,s11,s2

00007724 <.LBB74148>:
    7724:	dc000010          	ttsetrwc	0,0,0,0,0,4

00007728 <.LBB74151>:
    7728:	ffec17b7          	lui	a5,0xffec1

0000772c <.LBE74151>:
    772c:	00190d13          	addi	s10,s2,1

00007730 <.LBB74154>:
    7730:	01a7a023          	sw	s10,0(a5) # ffec1000 <__instrn_buffer+0x81000>

00007734 <.L69>:
    7734:	ec070ae3          	beqz	a4,7608 <.L111>

00007738 <.LBB74202>:
    7738:	02412c03          	lw	s8,36(sp)
    773c:	02812903          	lw	s2,40(sp)
    7740:	88042042          	ttstallwait	2,2064

00007744 <.LM6559>:
    7744:	90000022          	ttsempost	2

00007748 <.LBE74202>:
    7748:	02c12703          	lw	a4,44(sp)

0000774c <.LM6577>:
    774c:	00190913          	addi	s2,s2,1

00007750 <.LM6578>:
    7750:	018937b3          	sltu	a5,s2,s8

00007754 <.LM6580>:
    7754:	00f767b3          	or	a5,a4,a5
    7758:	e80798e3          	bnez	a5,75e8 <.L112>

0000775c <.L162>:
    775c:	0e812403          	lw	s0,232(sp)
    7760:	0e412483          	lw	s1,228(sp)
    7764:	0e012903          	lw	s2,224(sp)

00007768 <.LM6582>:
    7768:	0d412a83          	lw	s5,212(sp)
    776c:	0d012b03          	lw	s6,208(sp)
    7770:	0c412c83          	lw	s9,196(sp)
    7774:	0c012d03          	lw	s10,192(sp)
    7778:	0bc12d83          	lw	s11,188(sp)

0000777c <.L126>:
    777c:	0ec12083          	lw	ra,236(sp)
    7780:	0dc12983          	lw	s3,220(sp)
    7784:	0d812a03          	lw	s4,216(sp)
    7788:	0cc12b83          	lw	s7,204(sp)
    778c:	0c812c03          	lw	s8,200(sp)
    7790:	00000513          	li	a0,0
    7794:	0f010113          	addi	sp,sp,240
    7798:	00008067          	ret

0000779c <.L68>:
    779c:	9a84002a          	ttsemwait	322,2,2

000077a0 <.LBB74213>:
    77a0:	8101a783          	lw	a5,-2032(gp) # ffb00000 <ckernel::dest_offset_id>

000077a4 <.LBE74221>:
    77a4:	b20106b7          	lui	a3,0xb2010

000077a8 <.LBB74224>:
    77a8:	00f037b3          	snez	a5,a5
    77ac:	00979793          	slli	a5,a5,0x9

000077b0 <.LBE74224>:
    77b0:	00d787b3          	add	a5,a5,a3
    77b4:	00f9a023          	sw	a5,0(s3)

000077b8 <.LBE74219>:
    77b8:	8a000042          	ttstallwait	256,16

000077bc <.LBB74226>:
    77bc:	00400793          	li	a5,4

000077c0 <.L71>:
    77c0:	1000010c          	ttreplay	0,4,1,1
    77c4:	ca438001          	sfpstore	L9,0,0,7

000077c8 <.LBB74241>:
    77c8:	e0020000          	ttincrwc	0,2,0,0

000077cc <.LBB74237>:
    77cc:	ca438001          	sfpstore	L9,0,0,7

000077d0 <.LBB74247>:
    77d0:	e0020000          	ttincrwc	0,2,0,0

000077d4 <.LM6626>:
    77d4:	10000100          	ttreplay	0,4,0,0

000077d8 <.LM6627>:
    77d8:	10000100          	ttreplay	0,4,0,0

000077dc <.LM6628>:
    77dc:	10000100          	ttreplay	0,4,0,0

000077e0 <.LBB74248>:
    77e0:	dc480010          	ttsetrwc	0,4,8,0,0,4

000077e4 <.LBB74251>:
    77e4:	dc480010          	ttsetrwc	0,4,8,0,0,4

000077e8 <.LBE74248>:
    77e8:	fff78793          	addi	a5,a5,-1
    77ec:	fc079ae3          	bnez	a5,77c0 <.L71>

000077f0 <.LBB74255>:
    77f0:	dc000010          	ttsetrwc	0,0,0,0,0,4

000077f4 <.LBB74258>:
    77f4:	8101a783          	lw	a5,-2032(gp) # ffb00000 <ckernel::dest_offset_id>

000077f8 <.LBE74266>:
    77f8:	b20106b7          	lui	a3,0xb2010

000077fc <.LBB74270>:
    77fc:	00f037b3          	snez	a5,a5

00007800 <.LBE74270>:
    7800:	04068693          	addi	a3,a3,64 # b2010040 <__device_print_strings_info_end+0xabb10040>

00007804 <.LBB74271>:
    7804:	00979793          	slli	a5,a5,0x9

00007808 <.LBE74271>:
    7808:	00d787b3          	add	a5,a5,a3
    780c:	00f9a023          	sw	a5,0(s3)

00007810 <.LBE74264>:
    7810:	8a000042          	ttstallwait	256,16

00007814 <.LBB74273>:
    7814:	00400793          	li	a5,4

00007818 <.L72>:
    7818:	1000010c          	ttreplay	0,4,1,1
    781c:	ca438001          	sfpstore	L9,0,0,7

00007820 <.LBB74288>:
    7820:	e0020000          	ttincrwc	0,2,0,0

00007824 <.LBB74284>:
    7824:	ca438001          	sfpstore	L9,0,0,7

00007828 <.LBB74294>:
    7828:	e0020000          	ttincrwc	0,2,0,0

0000782c <.LM6675>:
    782c:	10000100          	ttreplay	0,4,0,0

00007830 <.LM6676>:
    7830:	10000100          	ttreplay	0,4,0,0

00007834 <.LM6677>:
    7834:	10000100          	ttreplay	0,4,0,0

00007838 <.LBB74295>:
    7838:	dc480010          	ttsetrwc	0,4,8,0,0,4

0000783c <.LBB74298>:
    783c:	dc480010          	ttsetrwc	0,4,8,0,0,4

00007840 <.LBE74295>:
    7840:	fff78793          	addi	a5,a5,-1
    7844:	fc079ae3          	bnez	a5,7818 <.L72>

00007848 <.LBB74302>:
    7848:	dc000010          	ttsetrwc	0,0,0,0,0,4

0000784c <.LBB74305>:
    784c:	8101a783          	lw	a5,-2032(gp) # ffb00000 <ckernel::dest_offset_id>

00007850 <.LBE74313>:
    7850:	b20106b7          	lui	a3,0xb2010

00007854 <.LBB74317>:
    7854:	00f037b3          	snez	a5,a5

00007858 <.LBE74317>:
    7858:	08068693          	addi	a3,a3,128 # b2010080 <__device_print_strings_info_end+0xabb10080>

0000785c <.LBB74318>:
    785c:	00979793          	slli	a5,a5,0x9

00007860 <.LBE74318>:
    7860:	00d787b3          	add	a5,a5,a3
    7864:	00f9a023          	sw	a5,0(s3)

00007868 <.LBE74311>:
    7868:	8a000042          	ttstallwait	256,16

0000786c <.LBB74320>:
    786c:	00400793          	li	a5,4

00007870 <.L73>:
    7870:	1000010c          	ttreplay	0,4,1,1
    7874:	ca438001          	sfpstore	L9,0,0,7

00007878 <.LBB74335>:
    7878:	e0020000          	ttincrwc	0,2,0,0

0000787c <.LBB74331>:
    787c:	ca438001          	sfpstore	L9,0,0,7

00007880 <.LBB74341>:
    7880:	e0020000          	ttincrwc	0,2,0,0

00007884 <.LM6724>:
    7884:	10000100          	ttreplay	0,4,0,0

00007888 <.LM6725>:
    7888:	10000100          	ttreplay	0,4,0,0

0000788c <.LM6726>:
    788c:	10000100          	ttreplay	0,4,0,0

00007890 <.LBB74342>:
    7890:	dc480010          	ttsetrwc	0,4,8,0,0,4

00007894 <.LBB74345>:
    7894:	dc480010          	ttsetrwc	0,4,8,0,0,4

00007898 <.LBE74342>:
    7898:	fff78793          	addi	a5,a5,-1
    789c:	fc079ae3          	bnez	a5,7870 <.L73>

000078a0 <.LBB74349>:
    78a0:	dc000010          	ttsetrwc	0,0,0,0,0,4

000078a4 <.LBB74352>:
    78a4:	8101a783          	lw	a5,-2032(gp) # ffb00000 <ckernel::dest_offset_id>

000078a8 <.LBE74360>:
    78a8:	b20106b7          	lui	a3,0xb2010

000078ac <.LBB74364>:
    78ac:	00f037b3          	snez	a5,a5

000078b0 <.LBE74364>:
    78b0:	0c068693          	addi	a3,a3,192 # b20100c0 <__device_print_strings_info_end+0xabb100c0>

000078b4 <.LBB74365>:
    78b4:	00979793          	slli	a5,a5,0x9

000078b8 <.LBE74365>:
    78b8:	00d787b3          	add	a5,a5,a3
    78bc:	00f9a023          	sw	a5,0(s3)

000078c0 <.LBE74358>:
    78c0:	8a000042          	ttstallwait	256,16

000078c4 <.LBB74367>:
    78c4:	00400793          	li	a5,4

000078c8 <.L74>:
    78c8:	1000010c          	ttreplay	0,4,1,1
    78cc:	ca838001          	sfpstore	L10,0,0,7

000078d0 <.LBB74382>:
    78d0:	e0020000          	ttincrwc	0,2,0,0

000078d4 <.LBB74378>:
    78d4:	ca838001          	sfpstore	L10,0,0,7

000078d8 <.LBB74388>:
    78d8:	e0020000          	ttincrwc	0,2,0,0

000078dc <.LM6773>:
    78dc:	10000100          	ttreplay	0,4,0,0

000078e0 <.LM6774>:
    78e0:	10000100          	ttreplay	0,4,0,0

000078e4 <.LM6775>:
    78e4:	10000100          	ttreplay	0,4,0,0

000078e8 <.LBB74389>:
    78e8:	dc480010          	ttsetrwc	0,4,8,0,0,4

000078ec <.LBB74392>:
    78ec:	dc480010          	ttsetrwc	0,4,8,0,0,4

000078f0 <.LBE74389>:
    78f0:	fff78793          	addi	a5,a5,-1
    78f4:	fc079ae3          	bnez	a5,78c8 <.L74>

000078f8 <.LBB74396>:
    78f8:	dc000010          	ttsetrwc	0,0,0,0,0,4

000078fc <.LBB74182>:
    78fc:	c83c0002          	ttsetc16	15,0

00007900 <.LM6803>:
    7900:	c87c0002          	ttsetc16	31,0

00007904 <.LM6805>:
    7904:	c8c80002          	ttsetc16	50,0

00007908 <.LBB74185>:
    7908:	c8300006          	ttsetc16	12,1

0000790c <.LM6811>:
    790c:	c8700006          	ttsetc16	28,1

00007910 <.LM6813>:
    7910:	c8bc0002          	ttsetc16	47,0

00007914 <.LBB74187>:
    7914:	c8380022          	ttsetc16	14,8

00007918 <.LM6819>:
    7918:	c8780022          	ttsetc16	30,8

0000791c <.LM6821>:
    791c:	c8c40002          	ttsetc16	49,0

00007920 <.LBB74176>:
    7920:	ffe806b7          	lui	a3,0xffe80
    7924:	00868693          	addi	a3,a3,8 # ffe80008 <__instrn_buffer+0x40008>
    7928:	00f6a023          	sw	a5,0(a3)
    792c:	0006a783          	lw	a5,0(a3)
    7930:	00f07033          	and	zero,zero,a5

00007934 <.LBE74176>:
    7934:	ffb807b7          	lui	a5,0xffb80
    7938:	00400693          	li	a3,4
    793c:	00d7a023          	sw	a3,0(a5) # ffb80000 <__global_pointer$+0x7f810>

00007940 <.LM6829>:
    7940:	00200693          	li	a3,2
    7944:	00d7a223          	sw	a3,4(a5)

00007948 <.LM6830>:
    7948:	02000637          	lui	a2,0x2000

0000794c <.LM6831>:
    794c:	37c006b7          	lui	a3,0x37c00

00007950 <.LM6832>:
    7950:	00c7a423          	sw	a2,8(a5)

00007954 <.LM6833>:
    7954:	00368693          	addi	a3,a3,3 # 37c00003 <__device_print_strings_info_end+0x31700003>
    7958:	00d7a623          	sw	a3,12(a5)

0000795c <.LM6834>:
    795c:	00c7a823          	sw	a2,16(a5)

00007960 <.LM6835>:
    7960:	280086b7          	lui	a3,0x28008
    7964:	00d7aa23          	sw	a3,20(a5)

00007968 <.LM6836>:
    7968:	00c7ac23          	sw	a2,24(a5)

0000796c <.LM6837>:
    796c:	00d7ae23          	sw	a3,28(a5)

00007970 <.LM6838>:
    7970:	02d7a023          	sw	a3,32(a5)

00007974 <.LBE74189>:
    7974:	c81c0002          	ttsetc16	7,0

00007978 <.LBB74190>:
    7978:	dc00003c          	ttsetrwc	0,0,0,0,0,15

0000797c <.LBB74400>:
    797c:	9804080a          	ttsemwait	2,128,2

00007980 <.LBB74410>:
    7980:	88042042          	ttstallwait	2,2064

00007984 <.LM6854>:
    7984:	90000802          	ttsempost	128

00007988 <.L75>:
    7988:	03c42783          	lw	a5,60(s0) # ffe8003c <__instrn_buffer+0x4003c>

0000798c <.LBE74412>:
    798c:	0ff7f793          	zext.b	a5,a5
    7990:	fe078ce3          	beqz	a5,7988 <.L75>

00007994 <.LBB74414>:
    7994:	00100793          	li	a5,1
    7998:	02f42e23          	sw	a5,60(s0)

0000799c <.LBB74416>:
    799c:	8101a783          	lw	a5,-2032(gp) # ffb00000 <ckernel::dest_offset_id>

000079a0 <.LBB74421>:
    79a0:	ffec16b7          	lui	a3,0xffec1

000079a4 <.LBB74424>:
    79a4:	00f037b3          	snez	a5,a5
    79a8:	00979793          	slli	a5,a5,0x9

000079ac <.LBE74424>:
    79ac:	10078793          	addi	a5,a5,256

000079b0 <.LBB74425>:
    79b0:	00f6a023          	sw	a5,0(a3) # ffec1000 <__instrn_buffer+0x81000>

000079b4 <.LBB74426>:
    79b4:	98040046          	ttsemwait	2,4,1

000079b8 <.LBB74429>:
    79b8:	88042042          	ttstallwait	2,2064

000079bc <.LM6870>:
    79bc:	94000042          	ttsemget	4

000079c0 <.LM6871>:
    79c0:	100ec7b7          	lui	a5,0x100ec

000079c4 <.LBB74431>:
    79c4:	00478693          	addi	a3,a5,4 # 100ec004 <__device_print_strings_info_end+0x9bec004>

000079c8 <.L76>:
    79c8:	00f9a023          	sw	a5,0(s3)

000079cc <.LM6874>:
    79cc:	00178793          	addi	a5,a5,1

000079d0 <.LM6875>:
    79d0:	fed79ce3          	bne	a5,a3,79c8 <.L76>

000079d4 <.LBB74432>:
    79d4:	c83c0002          	ttsetc16	15,0

000079d8 <.LM6888>:
    79d8:	c87c0002          	ttsetc16	31,0

000079dc <.LM6890>:
    79dc:	c8c80002          	ttsetc16	50,0

000079e0 <.LBB74440>:
    79e0:	c8300006          	ttsetc16	12,1

000079e4 <.LM6896>:
    79e4:	c8700006          	ttsetc16	28,1

000079e8 <.LM6898>:
    79e8:	c8bc0002          	ttsetc16	47,0

000079ec <.LBB74442>:
    79ec:	c8380022          	ttsetc16	14,8

000079f0 <.LM6904>:
    79f0:	c8780022          	ttsetc16	30,8

000079f4 <.LM6906>:
    79f4:	c8c40002          	ttsetc16	49,0

000079f8 <.LBB74444>:
    79f8:	ffe80637          	lui	a2,0xffe80
    79fc:	00000693          	li	a3,0
    7a00:	00860613          	addi	a2,a2,8 # ffe80008 <__instrn_buffer+0x40008>
    7a04:	00d62023          	sw	a3,0(a2)
    7a08:	00062683          	lw	a3,0(a2)
    7a0c:	00d07033          	and	zero,zero,a3

00007a10 <.LBE74450>:
    7a10:	ffb806b7          	lui	a3,0xffb80
    7a14:	00400613          	li	a2,4
    7a18:	00c6a023          	sw	a2,0(a3) # ffb80000 <__global_pointer$+0x7f810>

00007a1c <.LM6914>:
    7a1c:	00200613          	li	a2,2
    7a20:	00c6a223          	sw	a2,4(a3)

00007a24 <.LM6915>:
    7a24:	020005b7          	lui	a1,0x2000

00007a28 <.LM6916>:
    7a28:	37c00637          	lui	a2,0x37c00

00007a2c <.LM6917>:
    7a2c:	00b6a423          	sw	a1,8(a3)

00007a30 <.LM6918>:
    7a30:	00360613          	addi	a2,a2,3 # 37c00003 <__device_print_strings_info_end+0x31700003>
    7a34:	00c6a623          	sw	a2,12(a3)

00007a38 <.LM6919>:
    7a38:	00b6a823          	sw	a1,16(a3)

00007a3c <.LM6920>:
    7a3c:	28008637          	lui	a2,0x28008
    7a40:	00c6aa23          	sw	a2,20(a3)

00007a44 <.LM6921>:
    7a44:	00b6ac23          	sw	a1,24(a3)

00007a48 <.LM6922>:
    7a48:	00c6ae23          	sw	a2,28(a3)

00007a4c <.LM6923>:
    7a4c:	02c6a023          	sw	a2,32(a3)

00007a50 <.LBE74444>:
    7a50:	c81c0002          	ttsetc16	7,0

00007a54 <.LBB74453>:
    7a54:	dc00003c          	ttsetrwc	0,0,0,0,0,15

00007a58 <.LBB74455>:
    7a58:	9804080a          	ttsemwait	2,128,2

00007a5c <.LBB74465>:
    7a5c:	88042042          	ttstallwait	2,2064

00007a60 <.LM6939>:
    7a60:	90000802          	ttsempost	128

00007a64 <.L77>:
    7a64:	03c42683          	lw	a3,60(s0)

00007a68 <.LBE74467>:
    7a68:	0ff6f693          	zext.b	a3,a3
    7a6c:	fe068ce3          	beqz	a3,7a64 <.L77>

00007a70 <.LBB74469>:
    7a70:	00100693          	li	a3,1
    7a74:	02d42e23          	sw	a3,60(s0)

00007a78 <.LBB74471>:
    7a78:	8101a683          	lw	a3,-2032(gp) # ffb00000 <ckernel::dest_offset_id>

00007a7c <.LBB74476>:
    7a7c:	ffec1637          	lui	a2,0xffec1

00007a80 <.LBB74479>:
    7a80:	00d036b3          	snez	a3,a3
    7a84:	00969693          	slli	a3,a3,0x9

00007a88 <.LBE74479>:
    7a88:	14068693          	addi	a3,a3,320

00007a8c <.LBB74480>:
    7a8c:	00d62023          	sw	a3,0(a2) # ffec1000 <__instrn_buffer+0x81000>

00007a90 <.LBB74481>:
    7a90:	98040046          	ttsemwait	2,4,1

00007a94 <.LBB74484>:
    7a94:	88042042          	ttstallwait	2,2064

00007a98 <.LM6955>:
    7a98:	94000042          	ttsemget	4

00007a9c <.LBB74486>:
    7a9c:	100ec6b7          	lui	a3,0x100ec
    7aa0:	00868693          	addi	a3,a3,8 # 100ec008 <__device_print_strings_info_end+0x9bec008>

00007aa4 <.L78>:
    7aa4:	00f9a023          	sw	a5,0(s3)

00007aa8 <.LM6959>:
    7aa8:	00178793          	addi	a5,a5,1

00007aac <.LM6960>:
    7aac:	fed79ce3          	bne	a5,a3,7aa4 <.L78>
    7ab0:	b75ff06f          	j	7624 <.L79>

00007ab4 <.L164>:
    7ab4:	dc000010          	ttsetrwc	0,0,0,0,0,4

00007ab8 <.LBB73776>:
    7ab8:	88042042          	ttstallwait	2,2064

00007abc <.LM6978>:
    7abc:	90000022          	ttsempost	2

00007ac0 <.LBB73782>:
    7ac0:	9a84002a          	ttsemwait	322,2,2

00007ac4 <.LBB73787>:
    7ac4:	ffec17b7          	lui	a5,0xffec1
    7ac8:	0007a483          	lw	s1,0(a5) # ffec1000 <__instrn_buffer+0x81000>

00007acc <.LBB73763>:
    7acc:	0ff0000f          	fence

00007ad0 <.LBE73763>:
    7ad0:	8301ad83          	lw	s11,-2000(gp) # ffb00020 <(anonymous namespace)::g_blend_t_eps>

00007ad4 <.LBB73765>:
    7ad4:	fffd8793          	addi	a5,s11,-1

00007ad8 <.LM7019>:
    7ad8:	2d67f263          	bgeu	a5,s6,7d9c <.L165>

00007adc <.LM7020>:
    7adc:	000107b7          	lui	a5,0x10
    7ae0:	fff78793          	addi	a5,a5,-1 # ffff <.LVUS7895+0x2>
    7ae4:	00fd86b3          	add	a3,s11,a5

00007ae8 <.LM7022>:
    7ae8:	000083b7          	lui	t2,0x8

00007aec <.LM7023>:
    7aec:	0106d813          	srli	a6,a3,0x10

00007af0 <.LM7024>:
    7af0:	f8038393          	addi	t2,t2,-128 # 7f80 <.LBB1000>
    7af4:	08048713          	addi	a4,s1,128
    7af8:	410383b3          	sub	t2,t2,a6

00007afc <.LBB73743>:
    7afc:	00000693          	li	a3,0

00007b00 <.LM7030>:
    7b00:	00000493          	li	s1,0

00007b04 <.LBB73754>:
    7b04:	02000313          	li	t1,32

00007b08 <.L105>:
    7b08:	f8070613          	addi	a2,a4,-128

00007b0c <.LBE73745>:
    7b0c:	00000793          	li	a5,0

00007b10 <.LM7038>:
    7b10:	00000893          	li	a7,0

00007b14 <.L104>:
    7b14:	00062f83          	lw	t6,0(a2)

00007b18 <.LM7042>:
    7b18:	00462503          	lw	a0,4(a2)

00007b1c <.LM7043>:
    7b1c:	00862e83          	lw	t4,8(a2)

00007b20 <.LM7044>:
    7b20:	080fcf33          	zext.h	t5,t6

00007b24 <.LM7045>:
    7b24:	01055593          	srli	a1,a0,0x10

00007b28 <.LM7046>:
    7b28:	08054533          	zext.h	a0,a0

00007b2c <.LM7047>:
    7b2c:	080ec2b3          	zext.h	t0,t4

00007b30 <.LM7048>:
    7b30:	010ede93          	srli	t4,t4,0x10

00007b34 <.LM7049>:
    7b34:	410e8eb3          	sub	t4,t4,a6

00007b38 <.LM7050>:
    7b38:	410585b3          	sub	a1,a1,a6

00007b3c <.LM7051>:
    7b3c:	0bd5d5b3          	minu	a1,a1,t4

00007b40 <.LM7052>:
    7b40:	00c62e83          	lw	t4,12(a2)

00007b44 <.LM7053>:
    7b44:	410f0f33          	sub	t5,t5,a6

00007b48 <.LM7055>:
    7b48:	41050533          	sub	a0,a0,a6

00007b4c <.LM7056>:
    7b4c:	410282b3          	sub	t0,t0,a6

00007b50 <.LM7057>:
    7b50:	010fdf93          	srli	t6,t6,0x10

00007b54 <.LM7058>:
    7b54:	0a555533          	minu	a0,a0,t0
    7b58:	0be55533          	minu	a0,a0,t5

00007b5c <.LM7059>:
    7b5c:	010edf13          	srli	t5,t4,0x10

00007b60 <.LM7060>:
    7b60:	080eceb3          	zext.h	t4,t4

00007b64 <.LM7061>:
    7b64:	410f8fb3          	sub	t6,t6,a6

00007b68 <.LM7062>:
    7b68:	410e8eb3          	sub	t4,t4,a6

00007b6c <.LM7063>:
    7b6c:	0bf5d5b3          	minu	a1,a1,t6

00007b70 <.LM7064>:
    7b70:	410f0f33          	sub	t5,t5,a6

00007b74 <.LM7065>:
    7b74:	0bd55533          	minu	a0,a0,t4

00007b78 <.LM7066>:
    7b78:	0be5d5b3          	minu	a1,a1,t5

00007b7c <.LM7067>:
    7b7c:	00a3b533          	sltu	a0,t2,a0

00007b80 <.LM7068>:
    7b80:	00b3b5b3          	sltu	a1,t2,a1
    7b84:	0015b593          	seqz	a1,a1

00007b88 <.LM7069>:
    7b88:	00153513          	seqz	a0,a0

00007b8c <.LM7070>:
    7b8c:	00a8e8b3          	or	a7,a7,a0

00007b90 <.LM7071>:
    7b90:	00b7e7b3          	or	a5,a5,a1

00007b94 <.LBB73748>:
    7b94:	00f8f5b3          	and	a1,a7,a5

00007b98 <.LBE73748>:
    7b98:	01060613          	addi	a2,a2,16

00007b9c <.LBB73749>:
    7b9c:	1e059c63          	bnez	a1,7d94 <.L118>

00007ba0 <.LBE73749>:
    7ba0:	f6e61ae3          	bne	a2,a4,7b14 <.L104>

00007ba4 <.LBE73750>:
    7ba4:	00179793          	slli	a5,a5,0x1

00007ba8 <.LM7081>:
    7ba8:	0117e7b3          	or	a5,a5,a7

00007bac <.L103>:
    7bac:	00d797b3          	sll	a5,a5,a3

00007bb0 <.LBE73744>:
    7bb0:	00268693          	addi	a3,a3,2

00007bb4 <.LBB73752>:
    7bb4:	00f4e4b3          	or	s1,s1,a5

00007bb8 <.LBE73752>:
    7bb8:	08070713          	addi	a4,a4,128

00007bbc <.LM7089>:
    7bbc:	f46696e3          	bne	a3,t1,7b08 <.L105>

00007bc0 <.L102>:
    7bc0:	8101a783          	lw	a5,-2032(gp) # ffb00000 <ckernel::dest_offset_id>

00007bc4 <.LBE73796>:
    7bc4:	b2010737          	lui	a4,0xb2010

00007bc8 <.LBB73803>:
    7bc8:	00f037b3          	snez	a5,a5
    7bcc:	00979793          	slli	a5,a5,0x9

00007bd0 <.LBE73803>:
    7bd0:	00e787b3          	add	a5,a5,a4
    7bd4:	00f9a023          	sw	a5,0(s3)

00007bd8 <.LBE73794>:
    7bd8:	8a000042          	ttstallwait	256,16

00007bdc <.L168>:
    7bdc:	005c1713          	slli	a4,s8,0x5
    7be0:	01c70733          	add	a4,a4,t3

00007be4 <.LBE74031>:
    7be4:	00c72783          	lw	a5,12(a4) # b201000c <__device_print_strings_info_end+0xabb1000c>

00007be8 <.LM7108>:
    7be8:	001c8c93          	addi	s9,s9,1

00007bec <.LBB74032>:
    7bec:	00f4fdb3          	and	s11,s1,a5

00007bf0 <.LM7115>:
    7bf0:	b20d80e3          	beqz	s11,7710 <.L110>

00007bf4 <.L106>:
    7bf4:	01072883          	lw	a7,16(a4)

00007bf8 <.LBB73835>:
    7bf8:	01012783          	lw	a5,16(sp)

00007bfc <.LBE73835>:
    7bfc:	01872603          	lw	a2,24(a4)

00007c00 <.LBB73836>:
    7c00:	0808c333          	zext.h	t1,a7

00007c04 <.LBE73836>:
    7c04:	01c72683          	lw	a3,28(a4)

00007c08 <.LM7123>:
    7c08:	00072803          	lw	a6,0(a4)
    7c0c:	00472503          	lw	a0,4(a4)
    7c10:	00872583          	lw	a1,8(a4)
    7c14:	01472703          	lw	a4,20(a4)

00007c18 <.LBB73829>:
    7c18:	00f30333          	add	t1,t1,a5
    7c1c:	0069a023          	sw	t1,0(s3)
    7c20:	01412783          	lw	a5,20(sp)
    7c24:	0108d893          	srli	a7,a7,0x10

00007c28 <.LM7137>:
    7c28:	00f888b3          	add	a7,a7,a5
    7c2c:	0119a023          	sw	a7,0(s3)

00007c30 <.LBB73831>:
    7c30:	c8038601          	sfpstore	L0,384,0,7

00007c34 <.LBB73847>:
    7c34:	01812783          	lw	a5,24(sp)
    7c38:	080748b3          	zext.h	a7,a4
    7c3c:	00f888b3          	add	a7,a7,a5
    7c40:	0119a023          	sw	a7,0(s3)
    7c44:	01075713          	srli	a4,a4,0x10

00007c48 <.LM7154>:
    7c48:	710808b7          	lui	a7,0x71080
    7c4c:	01170733          	add	a4,a4,a7
    7c50:	00e9a023          	sw	a4,0(s3)

00007c54 <.LBB73849>:
    7c54:	c8038609          	sfpstore	L0,386,0,7

00007c58 <.LBB73865>:
    7c58:	08084733          	zext.h	a4,a6
    7c5c:	710208b7          	lui	a7,0x71020
    7c60:	01170733          	add	a4,a4,a7
    7c64:	00e9a023          	sw	a4,0(s3)
    7c68:	01085713          	srli	a4,a6,0x10
    7c6c:	71080837          	lui	a6,0x71080

00007c70 <.LM7171>:
    7c70:	01070733          	add	a4,a4,a6
    7c74:	00e9a023          	sw	a4,0(s3)

00007c78 <.LBB73870>:
    7c78:	c8038611          	sfpstore	L0,388,0,7

00007c7c <.LBB73877>:
    7c7c:	08054733          	zext.h	a4,a0
    7c80:	71020837          	lui	a6,0x71020
    7c84:	01070733          	add	a4,a4,a6
    7c88:	00e9a023          	sw	a4,0(s3)
    7c8c:	01055713          	srli	a4,a0,0x10
    7c90:	71080537          	lui	a0,0x71080

00007c94 <.LM7188>:
    7c94:	00a70733          	add	a4,a4,a0
    7c98:	00e9a023          	sw	a4,0(s3)

00007c9c <.LBB73882>:
    7c9c:	c8038619          	sfpstore	L0,390,0,7

00007ca0 <.LBB73889>:
    7ca0:	0805c733          	zext.h	a4,a1
    7ca4:	71020537          	lui	a0,0x71020
    7ca8:	00a70733          	add	a4,a4,a0
    7cac:	00e9a023          	sw	a4,0(s3)
    7cb0:	0105d713          	srli	a4,a1,0x10
    7cb4:	710805b7          	lui	a1,0x71080

00007cb8 <.LM7205>:
    7cb8:	00b70733          	add	a4,a4,a1
    7cbc:	00e9a023          	sw	a4,0(s3)

00007cc0 <.LBB73894>:
    7cc0:	c8038621          	sfpstore	L0,392,0,7

00007cc4 <.LBE73889>:
    7cc4:	08064733          	zext.h	a4,a2

00007cc8 <.LBB73901>:
    7cc8:	710205b7          	lui	a1,0x71020
    7ccc:	00b70733          	add	a4,a4,a1

00007cd0 <.LM7219>:
    7cd0:	00e9a023          	sw	a4,0(s3)

00007cd4 <.LBB73904>:
    7cd4:	40000002          	sfpcast	L0,L0,0

00007cd8 <.LBB73907>:
    7cd8:	c0438651          	sfpload	L1,404,0,7

00007cdc <.LBB73915>:
    7cdc:	18006402          	sfpmul	L0,L0,L1,L9,0

00007ce0 <.LBB73920>:
    7ce0:	c8038629          	sfpstore	L0,394,0,7

00007ce4 <.LBE73922>:
    7ce4:	01065713          	srli	a4,a2,0x10

00007ce8 <.LBB73928>:
    7ce8:	71020637          	lui	a2,0x71020

00007cec <.LM7256>:
    7cec:	00c70733          	add	a4,a4,a2

00007cf0 <.LM7257>:
    7cf0:	00e9a023          	sw	a4,0(s3)

00007cf4 <.LBB73931>:
    7cf4:	40000002          	sfpcast	L0,L0,0

00007cf8 <.LBB73934>:
    7cf8:	c0438651          	sfpload	L1,404,0,7

00007cfc <.LBB73942>:
    7cfc:	18006402          	sfpmul	L0,L0,L1,L9,0

00007d00 <.LBB73947>:
    7d00:	c8038639          	sfpstore	L0,398,0,7

00007d04 <.LBE73949>:
    7d04:	0806c733          	zext.h	a4,a3

00007d08 <.LBB73955>:
    7d08:	71020637          	lui	a2,0x71020
    7d0c:	00c70733          	add	a4,a4,a2

00007d10 <.LM7294>:
    7d10:	00e9a023          	sw	a4,0(s3)

00007d14 <.LBB73958>:
    7d14:	40000002          	sfpcast	L0,L0,0

00007d18 <.LBB73961>:
    7d18:	c0438651          	sfpload	L1,404,0,7

00007d1c <.LBB73969>:
    7d1c:	18006402          	sfpmul	L0,L0,L1,L9,0

00007d20 <.LBB73974>:
    7d20:	c8038641          	sfpstore	L0,400,0,7

00007d24 <.LBE73976>:
    7d24:	0106d713          	srli	a4,a3,0x10

00007d28 <.LBB73982>:
    7d28:	710206b7          	lui	a3,0x71020

00007d2c <.LM7331>:
    7d2c:	00d70733          	add	a4,a4,a3

00007d30 <.LM7332>:
    7d30:	00e9a023          	sw	a4,0(s3)

00007d34 <.LBB73985>:
    7d34:	40000002          	sfpcast	L0,L0,0

00007d38 <.LBB73988>:
    7d38:	c0438651          	sfpload	L1,404,0,7

00007d3c <.LBB73996>:
    7d3c:	18006402          	sfpmul	L0,L0,L1,L9,0

00007d40 <.LBB74001>:
    7d40:	c8038649          	sfpstore	L0,402,0,7

00007d44 <.LBB74017>:
    7d44:	00912623          	sw	s1,12(sp)
    7d48:	00300d13          	li	s10,3
    7d4c:	000d8493          	mv	s1,s11

00007d50 <.LM7368>:
    7d50:	01212423          	sw	s2,8(sp)
    7d54:	000e0d93          	mv	s11,t3

00007d58 <.L109>:
    7d58:	60149793          	ctz	a5,s1

00007d5c <.LM7371>:
    7d5c:	ffe7f913          	andi	s2,a5,-2

00007d60 <.LM7372>:
    7d60:	0124d733          	srl	a4,s1,s2

00007d64 <.LM7374>:
    7d64:	00377713          	andi	a4,a4,3

00007d68 <.LM7375>:
    7d68:	20e92733          	sh1add	a4,s2,a4
    7d6c:	21474733          	sh2add	a4,a4,s4

00007d70 <.LM7376>:
    7d70:	00072703          	lw	a4,0(a4)
    7d74:	000700e7          	jalr	a4

00007d78 <.LM7377>:
    7d78:	012d17b3          	sll	a5,s10,s2

00007d7c <.LM7379>:
    7d7c:	40f4f4b3          	andn	s1,s1,a5

00007d80 <.LBE74019>:
    7d80:	fc049ce3          	bnez	s1,7d58 <.L109>
    7d84:	00812903          	lw	s2,8(sp)

00007d88 <.LM7382>:
    7d88:	00c12483          	lw	s1,12(sp)

00007d8c <.LM7383>:
    7d8c:	000d8e13          	mv	t3,s11
    7d90:	981ff06f          	j	7710 <.L110>

00007d94 <.L118>:
    7d94:	00300793          	li	a5,3

00007d98 <.LM7385>:
    7d98:	e15ff06f          	j	7bac <.L103>

00007d9c <.L165>:
    7d9c:	00000593          	li	a1,0
    7da0:	03010513          	addi	a0,sp,48
    7da4:	08000613          	li	a2,128
    7da8:	01c12423          	sw	t3,8(sp)
    7dac:	2f5030ef          	jal	b8a0 <memset>

00007db0 <.LBB73680>:
    7db0:	00812e03          	lw	t3,8(sp)

00007db4 <.LBB73681>:
    7db4:	00050793          	mv	a5,a0

00007db8 <.LBB73682>:
    7db8:	00000593          	li	a1,0

00007dbc <.LBB73675>:
    7dbc:	ffff08b7          	lui	a7,0xffff0

00007dc0 <.LBE73675>:
    7dc0:	40000813          	li	a6,1024

00007dc4 <.L88>:
    7dc4:	0015d713          	srli	a4,a1,0x1

00007dc8 <.LM7395>:
    7dc8:	0055d613          	srli	a2,a1,0x5

00007dcc <.LM7396>:
    7dcc:	20974733          	sh2add	a4,a4,s1
    7dd0:	00072703          	lw	a4,0(a4)

00007dd4 <.LM7397>:
    7dd4:	00166693          	ori	a3,a2,1

00007dd8 <.LM7401>:
    7dd8:	0015f513          	andi	a0,a1,1

00007ddc <.LM7402>:
    7ddc:	20f6c6b3          	sh2add	a3,a3,a5

00007de0 <.LM7403>:
    7de0:	ffe67613          	andi	a2,a2,-2

00007de4 <.LM7404>:
    7de4:	20f64633          	sh2add	a2,a2,a5

00007de8 <.LM7405>:
    7de8:	0a050c63          	beqz	a0,7ea0 <.L82>

00007dec <.LM7406>:
    7dec:	0006a603          	lw	a2,0(a3) # 71020000 <__device_print_strings_info_end+0x6ab20000>

00007df0 <.LM7407>:
    7df0:	01177733          	and	a4,a4,a7

00007df4 <.LM7408>:
    7df4:	00e63633          	sltu	a2,a2,a4

00007df8 <.LM7412>:
    7df8:	01573533          	sltu	a0,a4,s5
    7dfc:	00a67633          	and	a2,a2,a0
    7e00:	0c061063          	bnez	a2,7ec0 <.L166>

00007e04 <.L84>:
    7e04:	00158593          	addi	a1,a1,1 # 71020001 <__device_print_strings_info_end+0x6ab20001>

00007e08 <.LM7414>:
    7e08:	fb059ee3          	bne	a1,a6,7dc4 <.L88>

00007e0c <.LBB73683>:
    7e0c:	80000337          	lui	t1,0x80000
    7e10:	fff30713          	addi	a4,t1,-1 # 7fffffff <__device_print_strings_info_end+0x79afffff>

00007e14 <.LM7416>:
    7e14:	00edf733          	and	a4,s11,a4
    7e18:	00000493          	li	s1,0

00007e1c <.LM7417>:
    7e1c:	daeb62e3          	bltu	s6,a4,7bc0 <.L102>

00007e20 <.LBB73690>:
    7e20:	006de333          	or	t1,s11,t1
    7e24:	0a0dd863          	bgez	s11,7ed4 <.L155>

00007e28 <.LM7419>:
    7e28:	fffdc313          	not	t1,s11
    7e2c:	0a0dd463          	bgez	s11,7ed4 <.L155>

00007e30 <.LBB73705>:
    7e30:	80000537          	lui	a0,0x80000
    7e34:	fff50513          	addi	a0,a0,-1 # 7fffffff <__device_print_strings_info_end+0x79afffff>

00007e38 <.LBE73683>:
    7e38:	00000493          	li	s1,0

00007e3c <.LBB73737>:
    7e3c:	00100893          	li	a7,1

00007e40 <.LM7423>:
    7e40:	02000813          	li	a6,32

00007e44 <.L101>:
    7e44:	0007a703          	lw	a4,0(a5)

00007e48 <.LBB73695>:
    7e48:	01a89633          	sll	a2,a7,s10

00007e4c <.LBB73715>:
    7e4c:	00a776b3          	and	a3,a4,a0

00007e50 <.LBE73715>:
    7e50:	00db6e63          	bltu	s6,a3,7e6c <.L96>

00007e54 <.LM7446>:
    7e54:	01b766b3          	or	a3,a4,s11

00007e58 <.LM7447>:
    7e58:	00169593          	slli	a1,a3,0x1
    7e5c:	00058663          	beqz	a1,7e68 <.L98>

00007e60 <.LM7448>:
    7e60:	006706b3          	add	a3,a4,t1

00007e64 <.LBB73701>:
    7e64:	02074a63          	bltz	a4,7e98 <.L167>

00007e68 <.L98>:
    7e68:	00c4e4b3          	or	s1,s1,a2

00007e6c <.L96>:
    7e6c:	001d0d13          	addi	s10,s10,1

00007e70 <.LM7452>:
    7e70:	00478793          	addi	a5,a5,4
    7e74:	fd0d18e3          	bne	s10,a6,7e44 <.L101>

00007e78 <.LBB73804>:
    7e78:	8101a783          	lw	a5,-2032(gp) # ffb00000 <ckernel::dest_offset_id>

00007e7c <.LBE73804>:
    7e7c:	b2010737          	lui	a4,0xb2010

00007e80 <.LBB73805>:
    7e80:	00f037b3          	snez	a5,a5
    7e84:	00979793          	slli	a5,a5,0x9

00007e88 <.LBE73805>:
    7e88:	00e787b3          	add	a5,a5,a4
    7e8c:	00f9a023          	sw	a5,0(s3)

00007e90 <.LBE73810>:
    7e90:	8a000042          	ttstallwait	256,16

00007e94 <.LM7467>:
    7e94:	d49ff06f          	j	7bdc <.L168>

00007e98 <.L167>:
    7e98:	fce6f8e3          	bgeu	a3,a4,7e68 <.L98>
    7e9c:	fd1ff06f          	j	7e6c <.L96>

00007ea0 <.L82>:
    7ea0:	00062683          	lw	a3,0(a2) # 71020000 <__device_print_strings_info_end+0x6ab20000>
    7ea4:	01071713          	slli	a4,a4,0x10

00007ea8 <.LM7472>:
    7ea8:	00e6b6b3          	sltu	a3,a3,a4

00007eac <.LM7476>:
    7eac:	01573533          	sltu	a0,a4,s5
    7eb0:	00a6f6b3          	and	a3,a3,a0
    7eb4:	00069a63          	bnez	a3,7ec8 <.L169>

00007eb8 <.LBE73677>:
    7eb8:	00158593          	addi	a1,a1,1

00007ebc <.LM7478>:
    7ebc:	f09ff06f          	j	7dc4 <.L88>

00007ec0 <.L166>:
    7ec0:	00e6a023          	sw	a4,0(a3)
    7ec4:	f41ff06f          	j	7e04 <.L84>

00007ec8 <.L169>:
    7ec8:	00e62023          	sw	a4,0(a2)

00007ecc <.LBE73678>:
    7ecc:	00158593          	addi	a1,a1,1

00007ed0 <.LM7485>:
    7ed0:	ef5ff06f          	j	7dc4 <.L88>

00007ed4 <.L155>:
    7ed4:	80000f37          	lui	t5,0x80000
    7ed8:	ffff0813          	addi	a6,t5,-1 # 7fffffff <__device_print_strings_info_end+0x79afffff>

00007edc <.LBE73717>:
    7edc:	00000493          	li	s1,0

00007ee0 <.LBB73740>:
    7ee0:	00100513          	li	a0,1

00007ee4 <.LM7490>:
    7ee4:	02000593          	li	a1,32

00007ee8 <.L95>:
    7ee8:	0007a703          	lw	a4,0(a5)

00007eec <.LBB73702>:
    7eec:	01a51633          	sll	a2,a0,s10

00007ef0 <.LBB73721>:
    7ef0:	010776b3          	and	a3,a4,a6

00007ef4 <.LBE73721>:
    7ef4:	02db6063          	bltu	s6,a3,7f14 <.L93>

00007ef8 <.LM7513>:
    7ef8:	00ede6b3          	or	a3,s11,a4

00007efc <.LM7514>:
    7efc:	00169893          	slli	a7,a3,0x1
    7f00:	00088863          	beqz	a7,7f10 <.L94>

00007f04 <.LBB73704>:
    7f04:	01e766b3          	or	a3,a4,t5

00007f08 <.LM7516>:
    7f08:	00074663          	bltz	a4,7f14 <.L93>

00007f0c <.LBE73704>:
    7f0c:	0066e463          	bltu	a3,t1,7f14 <.L93>

00007f10 <.L94>:
    7f10:	00c4e4b3          	or	s1,s1,a2

00007f14 <.L93>:
    7f14:	001d0d13          	addi	s10,s10,1

00007f18 <.LM7520>:
    7f18:	00478793          	addi	a5,a5,4
    7f1c:	fcbd16e3          	bne	s10,a1,7ee8 <.L95>

00007f20 <.LBB73806>:
    7f20:	8101a783          	lw	a5,-2032(gp) # ffb00000 <ckernel::dest_offset_id>

00007f24 <.LBE73806>:
    7f24:	b2010737          	lui	a4,0xb2010

00007f28 <.LBB73807>:
    7f28:	00f037b3          	snez	a5,a5
    7f2c:	00979793          	slli	a5,a5,0x9

00007f30 <.LBE73807>:
    7f30:	00e787b3          	add	a5,a5,a4
    7f34:	00f9a023          	sw	a5,0(s3)

00007f38 <.LBE73811>:
    7f38:	8a000042          	ttstallwait	256,16

00007f3c <.LM7535>:
    7f3c:	ca1ff06f          	j	7bdc <.L168>

00007f40 <.L163>:
    7f40:	ffec17b7          	lui	a5,0xffec1
    7f44:	0007a783          	lw	a5,0(a5) # ffec1000 <__instrn_buffer+0x81000>

00007f48 <.LBE74491>:
    7f48:	0047a783          	lw	a5,4(a5)

00007f4c <.LM7549>:
    7f4c:	0087f713          	andi	a4,a5,8

00007f50 <.LM7551>:
    7f50:	ea070263          	beqz	a4,75f4 <.L66>
    7f54:	809ff06f          	j	775c <.L162>

00007f58 <.L114>:
    7f58:	00068793          	mv	a5,a3
    7f5c:	a28ff06f          	j	7184 <.L53>

00007f60 <void (anonymous namespace)::blend_pair_body<0ul, 1ul>()>:
    7f60:	c0838401          	sfpload	L2,256,0,7

00007f64 <.LBB960>:
    7f64:	c0438501          	sfpload	L1,320,0,7

00007f68 <.LBB966>:
    7f68:	c1038611          	sfpload	L4,388,0,7

00007f6c <.LBB972>:
    7f6c:	c0c38619          	sfpload	L3,390,0,7

00007f70 <.LBB978>:
    7f70:	c0038621          	sfpload	L0,392,0,7

00007f74 <.LBB984>:
    7f74:	c1838601          	sfpload	L6,384,0,7

00007f78 <.LBB990>:
    7f78:	c1438609          	sfpload	L5,386,0,7

00007f7c <.LBB996>:
    7f7c:	1428988a          	sfpadd	L2,L10,L2,L6,2

00007f80 <.LBB1000>:
    7f80:	1428544a          	sfpadd	L1,L10,L1,L5,2

00007f84 <.LBB1002>:
    7f84:	1808a542          	sfpmul	L5,L2,L2,L9,0

00007f88 <.LBB1005>:
    7f88:	18116502          	sfpmul	L4,L4,L5,L9,0

00007f8c <.LBB1008>:
    7f8c:	18086482          	sfpmul	L2,L2,L1,L9,0

00007f90 <.LBB1011>:
    7f90:	100c9082          	sfpmad	L2,L3,L2,L4,0

00007f94 <.LBB1014>:
    7f94:	18046442          	sfpmul	L1,L1,L1,L9,0

00007f98 <.LBB1017>:
    7f98:	10004802          	sfpmad	L0,L0,L1,L2,0
    7f9c:	3c000002          	sfpnop

00007fa0 <.LBB1020>:
    7fa0:	48002406          	sfpswap	L0,L9,1
    7fa4:	3c000002          	sfpnop

00007fa8 <.LBB1022>:
    7fa8:	18032402          	sfpmul	L0,L0,L12,L9,0

00007fac <.LBB1027>:
    7fac:	d50bf801          	sfpaddi	L0,17150,0
    7fb0:	3c000002          	sfpnop

00007fb4 <.LBB1030>:
    7fb4:	48000246          	sfpswap	L9,L0,1
    7fb8:	3c000002          	sfpnop

00007fbc <.LBB1032>:
    7fbc:	dc000041          	sfpexexp	L1,L0,0

00007fc0 <.LBB1036>:
    7fc0:	e0000001          	sfpexman	L0,L0,0

00007fc4 <.LBB1038>:
    7fc4:	e8000401          	sfpshft	L0,L1,0x000,0

00007fc8 <.LBB1040>:
    7fc8:	dc000045          	sfpexexp	L1,L0,1

00007fcc <.LBB1042>:
    7fcc:	e0000005          	sfpexman	L0,L0,1

00007fd0 <.LBB1044>:
    7fd0:	40000002          	sfpcast	L0,L0,0

00007fd4 <.LBB1046>:
    7fd4:	10037882          	sfpmad	L2,L0,L13,L14,0

00007fd8 <.LBB1049>:
    7fd8:	c0c38659          	sfpload	L3,406,0,7

00007fdc <.LBB1055>:
    7fdc:	10008c02          	sfpmad	L0,L0,L2,L3,0

00007fe0 <.LBB1058>:
    7fe0:	08000042          	sfpsetexp	L1,L0,0x000,0

00007fe4 <.LBB1060>:
    7fe4:	c0038629          	sfpload	L0,394,0,7

00007fe8 <.LBB1066>:
    7fe8:	18006402          	sfpmul	L0,L0,L1,L9,0

00007fec <.LBB1069>:
    7fec:	c0438661          	sfpload	L1,408,0,7

00007ff0 <.LBB1075>:
    7ff0:	48000406          	sfpswap	L0,L1,1
    7ff4:	3c000002          	sfpnop

00007ff8 <.LBB1077>:
    7ff8:	c0438631          	sfpload	L1,396,0,7

00007ffc <.LBB1084>:
    7ffc:	1006c042          	sfpmad	L1,L1,L11,L0,0
    8000:	ec000401          	sfpsetcc	L1,0x000,0

00008004 <.LBB1088>:
    8004:	f0002401          	sfpmov	L0,L9,0

00008008 <.LBB1091>:
    8008:	2800c02a          	sfpencc	0x003,10

0000800c <.LBB1094>:
    800c:	c0838301          	sfpload	L2,192,0,7

00008010 <.LBB1100>:
    8010:	1800a442          	sfpmul	L1,L0,L2,L9,0

00008014 <.LBB1103>:
    8014:	c1038001          	sfpload	L4,0,0,7

00008018 <.LBB1109>:
    8018:	c0c38639          	sfpload	L3,398,0,7

0000801c <.LBB1115>:
    801c:	1004d0c2          	sfpmad	L3,L1,L3,L4,0

00008020 <.LBB1118>:
    8020:	c8c38001          	sfpstore	L3,0,0,7

00008024 <.LBB1124>:
    8024:	c1038101          	sfpload	L4,64,0,7

00008028 <.LBB1130>:
    8028:	c0c38641          	sfpload	L3,400,0,7

0000802c <.LBB1136>:
    802c:	1004d0c2          	sfpmad	L3,L1,L3,L4,0

00008030 <.LBB1139>:
    8030:	c8c38101          	sfpstore	L3,64,0,7

00008034 <.LBB1145>:
    8034:	c1038201          	sfpload	L4,128,0,7

00008038 <.LBB1151>:
    8038:	c0c38649          	sfpload	L3,402,0,7

0000803c <.LBB1157>:
    803c:	1004d042          	sfpmad	L1,L1,L3,L4,0

00008040 <.LBB1160>:
    8040:	c8438201          	sfpstore	L1,128,0,7

00008044 <.LBB1166>:
    8044:	142a800a          	sfpadd	L0,L10,L10,L0,2

00008048 <.LBB1169>:
    8048:	18082402          	sfpmul	L0,L2,L0,L9,0

0000804c <.LBB1172>:
    804c:	c8038301          	sfpstore	L0,192,0,7

00008050 <.LBE1172>:
    8050:	00008067          	ret

00008054 <void (anonymous namespace)::blend_pair_body<0ul, 2ul>()>:
    8054:	c0838409          	sfpload	L2,258,0,7

00008058 <.LBB2136>:
    8058:	c0438509          	sfpload	L1,322,0,7

0000805c <.LBB2142>:
    805c:	c1038611          	sfpload	L4,388,0,7

00008060 <.LBB2148>:
    8060:	c0c38619          	sfpload	L3,390,0,7

00008064 <.LBB2154>:
    8064:	c0038621          	sfpload	L0,392,0,7

00008068 <.LBB2160>:
    8068:	c1838601          	sfpload	L6,384,0,7

0000806c <.LBB2166>:
    806c:	c1438609          	sfpload	L5,386,0,7

00008070 <.LBB2172>:
    8070:	1428988a          	sfpadd	L2,L10,L2,L6,2

00008074 <.LBB2175>:
    8074:	1428544a          	sfpadd	L1,L10,L1,L5,2

00008078 <.LBB2178>:
    8078:	1808a542          	sfpmul	L5,L2,L2,L9,0

0000807c <.LBB2181>:
    807c:	18116502          	sfpmul	L4,L4,L5,L9,0

00008080 <.LBB2184>:
    8080:	18086482          	sfpmul	L2,L2,L1,L9,0

00008084 <.LBB2187>:
    8084:	100c9082          	sfpmad	L2,L3,L2,L4,0

00008088 <.LBB2190>:
    8088:	18046442          	sfpmul	L1,L1,L1,L9,0

0000808c <.LBB2193>:
    808c:	10004802          	sfpmad	L0,L0,L1,L2,0
    8090:	3c000002          	sfpnop

00008094 <.LBB2196>:
    8094:	48002406          	sfpswap	L0,L9,1
    8098:	3c000002          	sfpnop

0000809c <.LBB2198>:
    809c:	18032402          	sfpmul	L0,L0,L12,L9,0

000080a0 <.LBB2203>:
    80a0:	d50bf801          	sfpaddi	L0,17150,0
    80a4:	3c000002          	sfpnop

000080a8 <.LBB2206>:
    80a8:	48000246          	sfpswap	L9,L0,1
    80ac:	3c000002          	sfpnop

000080b0 <.LBB2208>:
    80b0:	dc000041          	sfpexexp	L1,L0,0

000080b4 <.LBB2212>:
    80b4:	e0000001          	sfpexman	L0,L0,0

000080b8 <.LBB2214>:
    80b8:	e8000401          	sfpshft	L0,L1,0x000,0

000080bc <.LBB2216>:
    80bc:	dc000045          	sfpexexp	L1,L0,1

000080c0 <.LBB2218>:
    80c0:	e0000005          	sfpexman	L0,L0,1

000080c4 <.LBB2220>:
    80c4:	40000002          	sfpcast	L0,L0,0

000080c8 <.LBB2222>:
    80c8:	10037882          	sfpmad	L2,L0,L13,L14,0

000080cc <.LBB2225>:
    80cc:	c0c38659          	sfpload	L3,406,0,7

000080d0 <.LBB2231>:
    80d0:	10008c02          	sfpmad	L0,L0,L2,L3,0

000080d4 <.LBB2234>:
    80d4:	08000042          	sfpsetexp	L1,L0,0x000,0

000080d8 <.LBB2236>:
    80d8:	c0038629          	sfpload	L0,394,0,7

000080dc <.LBB2242>:
    80dc:	18006402          	sfpmul	L0,L0,L1,L9,0

000080e0 <.LBB2245>:
    80e0:	c0438661          	sfpload	L1,408,0,7

000080e4 <.LBB2251>:
    80e4:	48000406          	sfpswap	L0,L1,1
    80e8:	3c000002          	sfpnop

000080ec <.LBB2253>:
    80ec:	c0438631          	sfpload	L1,396,0,7

000080f0 <.LBB2260>:
    80f0:	1006c042          	sfpmad	L1,L1,L11,L0,0
    80f4:	ec000401          	sfpsetcc	L1,0x000,0

000080f8 <.LBB2264>:
    80f8:	f0002401          	sfpmov	L0,L9,0

000080fc <.LBB2267>:
    80fc:	2800c02a          	sfpencc	0x003,10

00008100 <.LBB2270>:
    8100:	c0838309          	sfpload	L2,194,0,7

00008104 <.LBB2276>:
    8104:	1800a442          	sfpmul	L1,L0,L2,L9,0

00008108 <.LBB2279>:
    8108:	c1038009          	sfpload	L4,2,0,7

0000810c <.LBB2285>:
    810c:	c0c38639          	sfpload	L3,398,0,7

00008110 <.LBB2291>:
    8110:	1004d0c2          	sfpmad	L3,L1,L3,L4,0

00008114 <.LBB2294>:
    8114:	c8c38009          	sfpstore	L3,2,0,7

00008118 <.LBB2300>:
    8118:	c1038109          	sfpload	L4,66,0,7

0000811c <.LBB2306>:
    811c:	c0c38641          	sfpload	L3,400,0,7

00008120 <.LBB2312>:
    8120:	1004d0c2          	sfpmad	L3,L1,L3,L4,0

00008124 <.LBB2315>:
    8124:	c8c38109          	sfpstore	L3,66,0,7

00008128 <.LBB2321>:
    8128:	c1038209          	sfpload	L4,130,0,7

0000812c <.LBB2327>:
    812c:	c0c38649          	sfpload	L3,402,0,7

00008130 <.LBB2333>:
    8130:	1004d042          	sfpmad	L1,L1,L3,L4,0

00008134 <.LBB2336>:
    8134:	c8438209          	sfpstore	L1,130,0,7

00008138 <.LBB2342>:
    8138:	142a800a          	sfpadd	L0,L10,L10,L0,2

0000813c <.LBB2345>:
    813c:	18082402          	sfpmul	L0,L2,L0,L9,0

00008140 <.LBB2348>:
    8140:	c8038309          	sfpstore	L0,194,0,7

00008144 <.LBE2128>:
    8144:	00008067          	ret

00008148 <void (anonymous namespace)::blend_pair_body<0ul, 3ul>()>:
    8148:	c0038601          	sfpload	L0,384,0,7

0000814c <.LBB4116>:
    814c:	c1038609          	sfpload	L4,386,0,7

00008150 <.LBB4122>:
    8150:	c0838401          	sfpload	L2,256,0,7

00008154 <.LBB4128>:
    8154:	1428808a          	sfpadd	L2,L10,L2,L0,2

00008158 <.LBB4131>:
    8158:	c0438409          	sfpload	L1,258,0,7

0000815c <.LBB4137>:
    815c:	1428404a          	sfpadd	L1,L10,L1,L0,2

00008160 <.LBB4140>:
    8160:	c0038501          	sfpload	L0,320,0,7

00008164 <.LBB4146>:
    8164:	1428100a          	sfpadd	L0,L10,L0,L4,2

00008168 <.LBB4149>:
    8168:	c0c38509          	sfpload	L3,322,0,7

0000816c <.LBB4155>:
    816c:	1428d0ca          	sfpadd	L3,L10,L3,L4,2

00008170 <.LBB4158>:
    8170:	c1438611          	sfpload	L5,388,0,7

00008174 <.LBB4164>:
    8174:	1808a582          	sfpmul	L6,L2,L2,L9,0

00008178 <.LBB4167>:
    8178:	1815a582          	sfpmul	L6,L5,L6,L9,0

0000817c <.LBB4170>:
    817c:	18046502          	sfpmul	L4,L1,L1,L9,0

00008180 <.LBB4173>:
    8180:	18152542          	sfpmul	L5,L5,L4,L9,0

00008184 <.LBB4176>:
    8184:	c1038619          	sfpload	L4,390,0,7

00008188 <.LBB4182>:
    8188:	18082482          	sfpmul	L2,L2,L0,L9,0

0000818c <.LBB4185>:
    818c:	10109882          	sfpmad	L2,L4,L2,L6,0

00008190 <.LBB4188>:
    8190:	1804e442          	sfpmul	L1,L1,L3,L9,0

00008194 <.LBB4191>:
    8194:	10105502          	sfpmad	L4,L4,L1,L5,0

00008198 <.LBB4194>:
    8198:	c0438621          	sfpload	L1,392,0,7

0000819c <.LBB4200>:
    819c:	18002402          	sfpmul	L0,L0,L0,L9,0

000081a0 <.LBB4203>:
    81a0:	10040802          	sfpmad	L0,L1,L0,L2,0

000081a4 <.LBB4206>:
    81a4:	180ce4c2          	sfpmul	L3,L3,L3,L9,0

000081a8 <.LBB4209>:
    81a8:	1004d042          	sfpmad	L1,L1,L3,L4,0

000081ac <.LBB4212>:
    81ac:	48002406          	sfpswap	L0,L9,1
    81b0:	3c000002          	sfpnop

000081b4 <.LBB4214>:
    81b4:	48002446          	sfpswap	L1,L9,1
    81b8:	3c000002          	sfpnop

000081bc <.LBB4216>:
    81bc:	18032402          	sfpmul	L0,L0,L12,L9,0

000081c0 <.LBB4221>:
    81c0:	d50bf801          	sfpaddi	L0,17150,0
    81c4:	3c000002          	sfpnop

000081c8 <.LBB4224>:
    81c8:	48000246          	sfpswap	L9,L0,1
    81cc:	3c000002          	sfpnop

000081d0 <.LBB4226>:
    81d0:	dc000081          	sfpexexp	L2,L0,0

000081d4 <.LBB4230>:
    81d4:	e0000001          	sfpexman	L0,L0,0

000081d8 <.LBB4232>:
    81d8:	e8000801          	sfpshft	L0,L2,0x000,0

000081dc <.LBB4234>:
    81dc:	dc000085          	sfpexexp	L2,L0,1

000081e0 <.LBB4236>:
    81e0:	1000014c          	ttreplay	0,5,1,1
    81e4:	e0000005          	sfpexman	L0,L0,1

000081e8 <.LBB4238>:
    81e8:	40000002          	sfpcast	L0,L0,0

000081ec <.LBB4240>:
    81ec:	100378c2          	sfpmad	L3,L0,L13,L14,0

000081f0 <.LBB4243>:
    81f0:	c1038659          	sfpload	L4,406,0,7

000081f4 <.LBB4249>:
    81f4:	1000d002          	sfpmad	L0,L0,L3,L4,0

000081f8 <.LBB4252>:
    81f8:	08000082          	sfpsetexp	L2,L0,0x000,0

000081fc <.LBB4254>:
    81fc:	18072442          	sfpmul	L1,L1,L12,L9,0

00008200 <.LBB4259>:
    8200:	d50bf841          	sfpaddi	L1,17150,0
    8204:	3c000002          	sfpnop

00008208 <.LBB4262>:
    8208:	48000646          	sfpswap	L9,L1,1
    820c:	3c000002          	sfpnop

00008210 <.LBB4264>:
    8210:	dc0004c1          	sfpexexp	L3,L1,0

00008214 <.LBB4268>:
    8214:	e0000401          	sfpexman	L0,L1,0

00008218 <.LBB4270>:
    8218:	e8000c01          	sfpshft	L0,L3,0x000,0

0000821c <.LBB4272>:
    821c:	dc000045          	sfpexexp	L1,L0,1

00008220 <.LBB4274>:
    8220:	10000140          	ttreplay	0,5,0,0

00008224 <.LBB4277>:
    8224:	08000042          	sfpsetexp	L1,L0,0x000,0

00008228 <.LBB4279>:
    8228:	c0038629          	sfpload	L0,394,0,7

0000822c <.LBB4285>:
    822c:	1800a482          	sfpmul	L2,L0,L2,L9,0

00008230 <.LBB4288>:
    8230:	18006402          	sfpmul	L0,L0,L1,L9,0

00008234 <.LBB4291>:
    8234:	c0c38661          	sfpload	L3,408,0,7

00008238 <.LBB4297>:
    8238:	c0438661          	sfpload	L1,408,0,7

0000823c <.LBB4303>:
    823c:	48000c86          	sfpswap	L2,L3,1
    8240:	3c000002          	sfpnop

00008244 <.LBB4305>:
    8244:	48000406          	sfpswap	L0,L1,1
    8248:	3c000002          	sfpnop

0000824c <.LBB4307>:
    824c:	c0438631          	sfpload	L1,396,0,7

00008250 <.LBB4314>:
    8250:	1006c842          	sfpmad	L1,L1,L11,L2,0
    8254:	ec000401          	sfpsetcc	L1,0x000,0

00008258 <.LBB4318>:
    8258:	f0002481          	sfpmov	L2,L9,0

0000825c <.LBB4321>:
    825c:	2800c02a          	sfpencc	0x003,10

00008260 <.LBB4324>:
    8260:	c0438631          	sfpload	L1,396,0,7

00008264 <.LBB4331>:
    8264:	1006c042          	sfpmad	L1,L1,L11,L0,0
    8268:	ec000401          	sfpsetcc	L1,0x000,0

0000826c <.LBB4335>:
    826c:	f0002401          	sfpmov	L0,L9,0

00008270 <.LBB4338>:
    8270:	2800c02a          	sfpencc	0x003,10

00008274 <.LBB4341>:
    8274:	c1438301          	sfpload	L5,192,0,7

00008278 <.LBB4347>:
    8278:	c1038309          	sfpload	L4,194,0,7

0000827c <.LBB4353>:
    827c:	180964c2          	sfpmul	L3,L2,L5,L9,0

00008280 <.LBB4356>:
    8280:	18012442          	sfpmul	L1,L0,L4,L9,0

00008284 <.LBB4359>:
    8284:	c1838639          	sfpload	L6,398,0,7

00008288 <.LBB4365>:
    8288:	c1c38001          	sfpload	L7,0,0,7

0000828c <.LBB4371>:
    828c:	100d9dc2          	sfpmad	L7,L3,L6,L7,0

00008290 <.LBB4374>:
    8290:	c9c38001          	sfpstore	L7,0,0,7

00008294 <.LBB4380>:
    8294:	c1c38009          	sfpload	L7,2,0,7

00008298 <.LBB4386>:
    8298:	10059d82          	sfpmad	L6,L1,L6,L7,0

0000829c <.LBB4389>:
    829c:	c9838009          	sfpstore	L6,2,0,7

000082a0 <.LBB4395>:
    82a0:	c1838641          	sfpload	L6,400,0,7

000082a4 <.LBB4401>:
    82a4:	c1c38101          	sfpload	L7,64,0,7

000082a8 <.LBB4407>:
    82a8:	100d9dc2          	sfpmad	L7,L3,L6,L7,0

000082ac <.LBB4410>:
    82ac:	c9c38101          	sfpstore	L7,64,0,7

000082b0 <.LBB4416>:
    82b0:	c1c38109          	sfpload	L7,66,0,7

000082b4 <.LBB4422>:
    82b4:	10059d82          	sfpmad	L6,L1,L6,L7,0

000082b8 <.LBB4425>:
    82b8:	c9838109          	sfpstore	L6,66,0,7

000082bc <.LBB4431>:
    82bc:	c1838649          	sfpload	L6,402,0,7

000082c0 <.LBB4437>:
    82c0:	c1c38201          	sfpload	L7,128,0,7

000082c4 <.LBB4443>:
    82c4:	100d9cc2          	sfpmad	L3,L3,L6,L7,0

000082c8 <.LBB4446>:
    82c8:	c8c38201          	sfpstore	L3,128,0,7

000082cc <.LBB4452>:
    82cc:	c0c38209          	sfpload	L3,130,0,7

000082d0 <.LBB4458>:
    82d0:	10058c42          	sfpmad	L1,L1,L6,L3,0

000082d4 <.LBB4461>:
    82d4:	c8438209          	sfpstore	L1,130,0,7

000082d8 <.LBB4467>:
    82d8:	142a888a          	sfpadd	L2,L10,L10,L2,2

000082dc <.LBB4470>:
    82dc:	1814a542          	sfpmul	L5,L5,L2,L9,0

000082e0 <.LBB4473>:
    82e0:	c9438301          	sfpstore	L5,192,0,7

000082e4 <.LBB4479>:
    82e4:	142a800a          	sfpadd	L0,L10,L10,L0,2

000082e8 <.LBB4482>:
    82e8:	18102402          	sfpmul	L0,L4,L0,L9,0

000082ec <.LBB4485>:
    82ec:	c8038309          	sfpstore	L0,194,0,7

000082f0 <.LBE4108>:
    82f0:	00008067          	ret

000082f4 <void (anonymous namespace)::blend_pair_body<1ul, 1ul>()>:
    82f4:	c0838411          	sfpload	L2,260,0,7

000082f8 <.LBB5449>:
    82f8:	c0438511          	sfpload	L1,324,0,7

000082fc <.LBB5455>:
    82fc:	c1038611          	sfpload	L4,388,0,7

00008300 <.LBB5461>:
    8300:	c0c38619          	sfpload	L3,390,0,7

00008304 <.LBB5467>:
    8304:	c0038621          	sfpload	L0,392,0,7

00008308 <.LBB5473>:
    8308:	c1838601          	sfpload	L6,384,0,7

0000830c <.LBB5479>:
    830c:	c1438609          	sfpload	L5,386,0,7

00008310 <.LBB5485>:
    8310:	1428988a          	sfpadd	L2,L10,L2,L6,2

00008314 <.LBB5488>:
    8314:	1428544a          	sfpadd	L1,L10,L1,L5,2

00008318 <.LBB5491>:
    8318:	1808a542          	sfpmul	L5,L2,L2,L9,0

0000831c <.LBB5494>:
    831c:	18116502          	sfpmul	L4,L4,L5,L9,0

00008320 <.LBB5497>:
    8320:	18086482          	sfpmul	L2,L2,L1,L9,0

00008324 <.LBB5500>:
    8324:	100c9082          	sfpmad	L2,L3,L2,L4,0

00008328 <.LBB5503>:
    8328:	18046442          	sfpmul	L1,L1,L1,L9,0

0000832c <.LBB5506>:
    832c:	10004802          	sfpmad	L0,L0,L1,L2,0
    8330:	3c000002          	sfpnop

00008334 <.LBB5509>:
    8334:	48002406          	sfpswap	L0,L9,1
    8338:	3c000002          	sfpnop

0000833c <.LBB5511>:
    833c:	18032402          	sfpmul	L0,L0,L12,L9,0

00008340 <.LBB5516>:
    8340:	d50bf801          	sfpaddi	L0,17150,0
    8344:	3c000002          	sfpnop

00008348 <.LBB5519>:
    8348:	48000246          	sfpswap	L9,L0,1
    834c:	3c000002          	sfpnop

00008350 <.LBB5521>:
    8350:	dc000041          	sfpexexp	L1,L0,0

00008354 <.LBB5525>:
    8354:	e0000001          	sfpexman	L0,L0,0

00008358 <.LBB5527>:
    8358:	e8000401          	sfpshft	L0,L1,0x000,0

0000835c <.LBB5529>:
    835c:	dc000045          	sfpexexp	L1,L0,1

00008360 <.LBB5531>:
    8360:	e0000005          	sfpexman	L0,L0,1

00008364 <.LBB5533>:
    8364:	40000002          	sfpcast	L0,L0,0

00008368 <.LBB5535>:
    8368:	10037882          	sfpmad	L2,L0,L13,L14,0

0000836c <.LBB5538>:
    836c:	c0c38659          	sfpload	L3,406,0,7

00008370 <.LBB5544>:
    8370:	10008c02          	sfpmad	L0,L0,L2,L3,0

00008374 <.LBB5547>:
    8374:	08000042          	sfpsetexp	L1,L0,0x000,0

00008378 <.LBB5549>:
    8378:	c0038629          	sfpload	L0,394,0,7

0000837c <.LBB5555>:
    837c:	18006402          	sfpmul	L0,L0,L1,L9,0

00008380 <.LBB5558>:
    8380:	c0438661          	sfpload	L1,408,0,7

00008384 <.LBB5564>:
    8384:	48000406          	sfpswap	L0,L1,1
    8388:	3c000002          	sfpnop

0000838c <.LBB5566>:
    838c:	c0438631          	sfpload	L1,396,0,7

00008390 <.LBB5573>:
    8390:	1006c042          	sfpmad	L1,L1,L11,L0,0
    8394:	ec000401          	sfpsetcc	L1,0x000,0

00008398 <.LBB5577>:
    8398:	f0002401          	sfpmov	L0,L9,0

0000839c <.LBB5580>:
    839c:	2800c02a          	sfpencc	0x003,10

000083a0 <.LBB5583>:
    83a0:	c0838311          	sfpload	L2,196,0,7

000083a4 <.LBB5589>:
    83a4:	1800a442          	sfpmul	L1,L0,L2,L9,0

000083a8 <.LBB5592>:
    83a8:	c1038011          	sfpload	L4,4,0,7

000083ac <.LBB5598>:
    83ac:	c0c38639          	sfpload	L3,398,0,7

000083b0 <.LBB5604>:
    83b0:	1004d0c2          	sfpmad	L3,L1,L3,L4,0

000083b4 <.LBB5607>:
    83b4:	c8c38011          	sfpstore	L3,4,0,7

000083b8 <.LBB5613>:
    83b8:	c1038111          	sfpload	L4,68,0,7

000083bc <.LBB5619>:
    83bc:	c0c38641          	sfpload	L3,400,0,7

000083c0 <.LBB5625>:
    83c0:	1004d0c2          	sfpmad	L3,L1,L3,L4,0

000083c4 <.LBB5628>:
    83c4:	c8c38111          	sfpstore	L3,68,0,7

000083c8 <.LBB5634>:
    83c8:	c1038211          	sfpload	L4,132,0,7

000083cc <.LBB5640>:
    83cc:	c0c38649          	sfpload	L3,402,0,7

000083d0 <.LBB5646>:
    83d0:	1004d042          	sfpmad	L1,L1,L3,L4,0

000083d4 <.LBB5649>:
    83d4:	c8438211          	sfpstore	L1,132,0,7

000083d8 <.LBB5655>:
    83d8:	142a800a          	sfpadd	L0,L10,L10,L0,2

000083dc <.LBB5658>:
    83dc:	18082402          	sfpmul	L0,L2,L0,L9,0

000083e0 <.LBB5661>:
    83e0:	c8038311          	sfpstore	L0,196,0,7

000083e4 <.LBE5441>:
    83e4:	00008067          	ret

000083e8 <void (anonymous namespace)::blend_pair_body<1ul, 2ul>()>:
    83e8:	c0838419          	sfpload	L2,262,0,7

000083ec <.LBB6625>:
    83ec:	c0438519          	sfpload	L1,326,0,7

000083f0 <.LBB6631>:
    83f0:	c1038611          	sfpload	L4,388,0,7

000083f4 <.LBB6637>:
    83f4:	c0c38619          	sfpload	L3,390,0,7

000083f8 <.LBB6643>:
    83f8:	c0038621          	sfpload	L0,392,0,7

000083fc <.LBB6649>:
    83fc:	c1838601          	sfpload	L6,384,0,7

00008400 <.LBB6655>:
    8400:	c1438609          	sfpload	L5,386,0,7

00008404 <.LBB6661>:
    8404:	1428988a          	sfpadd	L2,L10,L2,L6,2

00008408 <.LBB6664>:
    8408:	1428544a          	sfpadd	L1,L10,L1,L5,2

0000840c <.LBB6667>:
    840c:	1808a542          	sfpmul	L5,L2,L2,L9,0

00008410 <.LBB6670>:
    8410:	18116502          	sfpmul	L4,L4,L5,L9,0

00008414 <.LBB6673>:
    8414:	18086482          	sfpmul	L2,L2,L1,L9,0

00008418 <.LBB6676>:
    8418:	100c9082          	sfpmad	L2,L3,L2,L4,0

0000841c <.LBB6679>:
    841c:	18046442          	sfpmul	L1,L1,L1,L9,0

00008420 <.LBB6682>:
    8420:	10004802          	sfpmad	L0,L0,L1,L2,0
    8424:	3c000002          	sfpnop

00008428 <.LBB6685>:
    8428:	48002406          	sfpswap	L0,L9,1
    842c:	3c000002          	sfpnop

00008430 <.LBB6687>:
    8430:	18032402          	sfpmul	L0,L0,L12,L9,0

00008434 <.LBB6692>:
    8434:	d50bf801          	sfpaddi	L0,17150,0
    8438:	3c000002          	sfpnop

0000843c <.LBB6695>:
    843c:	48000246          	sfpswap	L9,L0,1
    8440:	3c000002          	sfpnop

00008444 <.LBB6697>:
    8444:	dc000041          	sfpexexp	L1,L0,0

00008448 <.LBB6701>:
    8448:	e0000001          	sfpexman	L0,L0,0

0000844c <.LBB6703>:
    844c:	e8000401          	sfpshft	L0,L1,0x000,0

00008450 <.LBB6705>:
    8450:	dc000045          	sfpexexp	L1,L0,1

00008454 <.LBB6707>:
    8454:	e0000005          	sfpexman	L0,L0,1

00008458 <.LBB6709>:
    8458:	40000002          	sfpcast	L0,L0,0

0000845c <.LBB6711>:
    845c:	10037882          	sfpmad	L2,L0,L13,L14,0

00008460 <.LBB6714>:
    8460:	c0c38659          	sfpload	L3,406,0,7

00008464 <.LBB6720>:
    8464:	10008c02          	sfpmad	L0,L0,L2,L3,0

00008468 <.LBB6723>:
    8468:	08000042          	sfpsetexp	L1,L0,0x000,0

0000846c <.LBB6725>:
    846c:	c0038629          	sfpload	L0,394,0,7

00008470 <.LBB6731>:
    8470:	18006402          	sfpmul	L0,L0,L1,L9,0

00008474 <.LBB6734>:
    8474:	c0438661          	sfpload	L1,408,0,7

00008478 <.LBB6740>:
    8478:	48000406          	sfpswap	L0,L1,1
    847c:	3c000002          	sfpnop

00008480 <.LBB6742>:
    8480:	c0438631          	sfpload	L1,396,0,7

00008484 <.LBB6749>:
    8484:	1006c042          	sfpmad	L1,L1,L11,L0,0
    8488:	ec000401          	sfpsetcc	L1,0x000,0

0000848c <.LBB6753>:
    848c:	f0002401          	sfpmov	L0,L9,0

00008490 <.LBB6756>:
    8490:	2800c02a          	sfpencc	0x003,10

00008494 <.LBB6759>:
    8494:	c0838319          	sfpload	L2,198,0,7

00008498 <.LBB6765>:
    8498:	1800a442          	sfpmul	L1,L0,L2,L9,0

0000849c <.LBB6768>:
    849c:	c1038019          	sfpload	L4,6,0,7

000084a0 <.LBB6774>:
    84a0:	c0c38639          	sfpload	L3,398,0,7

000084a4 <.LBB6780>:
    84a4:	1004d0c2          	sfpmad	L3,L1,L3,L4,0

000084a8 <.LBB6783>:
    84a8:	c8c38019          	sfpstore	L3,6,0,7

000084ac <.LBB6789>:
    84ac:	c1038119          	sfpload	L4,70,0,7

000084b0 <.LBB6795>:
    84b0:	c0c38641          	sfpload	L3,400,0,7

000084b4 <.LBB6801>:
    84b4:	1004d0c2          	sfpmad	L3,L1,L3,L4,0

000084b8 <.LBB6804>:
    84b8:	c8c38119          	sfpstore	L3,70,0,7

000084bc <.LBB6810>:
    84bc:	c1038219          	sfpload	L4,134,0,7

000084c0 <.LBB6816>:
    84c0:	c0c38649          	sfpload	L3,402,0,7

000084c4 <.LBB6822>:
    84c4:	1004d042          	sfpmad	L1,L1,L3,L4,0

000084c8 <.LBB6825>:
    84c8:	c8438219          	sfpstore	L1,134,0,7

000084cc <.LBB6831>:
    84cc:	142a800a          	sfpadd	L0,L10,L10,L0,2

000084d0 <.LBB6834>:
    84d0:	18082402          	sfpmul	L0,L2,L0,L9,0

000084d4 <.LBB6837>:
    84d4:	c8038319          	sfpstore	L0,198,0,7

000084d8 <.LBE6617>:
    84d8:	00008067          	ret

000084dc <void (anonymous namespace)::blend_pair_body<1ul, 3ul>()>:
    84dc:	c0038601          	sfpload	L0,384,0,7

000084e0 <.LBB8605>:
    84e0:	c1038609          	sfpload	L4,386,0,7

000084e4 <.LBB8611>:
    84e4:	c0838411          	sfpload	L2,260,0,7

000084e8 <.LBB8617>:
    84e8:	1428808a          	sfpadd	L2,L10,L2,L0,2

000084ec <.LBB8620>:
    84ec:	c0438419          	sfpload	L1,262,0,7

000084f0 <.LBB8626>:
    84f0:	1428404a          	sfpadd	L1,L10,L1,L0,2

000084f4 <.LBB8629>:
    84f4:	c0038511          	sfpload	L0,324,0,7

000084f8 <.LBB8635>:
    84f8:	1428100a          	sfpadd	L0,L10,L0,L4,2

000084fc <.LBB8638>:
    84fc:	c0c38519          	sfpload	L3,326,0,7

00008500 <.LBB8644>:
    8500:	1428d0ca          	sfpadd	L3,L10,L3,L4,2

00008504 <.LBB8647>:
    8504:	c1438611          	sfpload	L5,388,0,7

00008508 <.LBB8653>:
    8508:	1808a582          	sfpmul	L6,L2,L2,L9,0

0000850c <.LBB8656>:
    850c:	1815a582          	sfpmul	L6,L5,L6,L9,0

00008510 <.LBB8659>:
    8510:	18046502          	sfpmul	L4,L1,L1,L9,0

00008514 <.LBB8662>:
    8514:	18152542          	sfpmul	L5,L5,L4,L9,0

00008518 <.LBB8665>:
    8518:	c1038619          	sfpload	L4,390,0,7

0000851c <.LBB8671>:
    851c:	18082482          	sfpmul	L2,L2,L0,L9,0

00008520 <.LBB8674>:
    8520:	10109882          	sfpmad	L2,L4,L2,L6,0

00008524 <.LBB8677>:
    8524:	1804e442          	sfpmul	L1,L1,L3,L9,0

00008528 <.LBB8680>:
    8528:	10105502          	sfpmad	L4,L4,L1,L5,0

0000852c <.LBB8683>:
    852c:	c0438621          	sfpload	L1,392,0,7

00008530 <.LBB8689>:
    8530:	18002402          	sfpmul	L0,L0,L0,L9,0

00008534 <.LBB8692>:
    8534:	10040802          	sfpmad	L0,L1,L0,L2,0

00008538 <.LBB8695>:
    8538:	180ce4c2          	sfpmul	L3,L3,L3,L9,0

0000853c <.LBB8698>:
    853c:	1004d042          	sfpmad	L1,L1,L3,L4,0

00008540 <.LBB8701>:
    8540:	48002406          	sfpswap	L0,L9,1
    8544:	3c000002          	sfpnop

00008548 <.LBB8703>:
    8548:	48002446          	sfpswap	L1,L9,1
    854c:	3c000002          	sfpnop

00008550 <.LBB8705>:
    8550:	18032402          	sfpmul	L0,L0,L12,L9,0

00008554 <.LBB8710>:
    8554:	d50bf801          	sfpaddi	L0,17150,0
    8558:	3c000002          	sfpnop

0000855c <.LBB8713>:
    855c:	48000246          	sfpswap	L9,L0,1
    8560:	3c000002          	sfpnop

00008564 <.LBB8715>:
    8564:	dc000081          	sfpexexp	L2,L0,0

00008568 <.LBB8719>:
    8568:	e0000001          	sfpexman	L0,L0,0

0000856c <.LBB8721>:
    856c:	e8000801          	sfpshft	L0,L2,0x000,0

00008570 <.LBB8723>:
    8570:	dc000085          	sfpexexp	L2,L0,1

00008574 <.LBB8725>:
    8574:	1000014c          	ttreplay	0,5,1,1
    8578:	e0000005          	sfpexman	L0,L0,1

0000857c <.LBB8727>:
    857c:	40000002          	sfpcast	L0,L0,0

00008580 <.LBB8729>:
    8580:	100378c2          	sfpmad	L3,L0,L13,L14,0

00008584 <.LBB8732>:
    8584:	c1038659          	sfpload	L4,406,0,7

00008588 <.LBB8738>:
    8588:	1000d002          	sfpmad	L0,L0,L3,L4,0

0000858c <.LBB8741>:
    858c:	08000082          	sfpsetexp	L2,L0,0x000,0

00008590 <.LBB8743>:
    8590:	18072442          	sfpmul	L1,L1,L12,L9,0

00008594 <.LBB8748>:
    8594:	d50bf841          	sfpaddi	L1,17150,0
    8598:	3c000002          	sfpnop

0000859c <.LBB8751>:
    859c:	48000646          	sfpswap	L9,L1,1
    85a0:	3c000002          	sfpnop

000085a4 <.LBB8753>:
    85a4:	dc0004c1          	sfpexexp	L3,L1,0

000085a8 <.LBB8757>:
    85a8:	e0000401          	sfpexman	L0,L1,0

000085ac <.LBB8759>:
    85ac:	e8000c01          	sfpshft	L0,L3,0x000,0

000085b0 <.LBB8761>:
    85b0:	dc000045          	sfpexexp	L1,L0,1

000085b4 <.LBB8763>:
    85b4:	10000140          	ttreplay	0,5,0,0

000085b8 <.LBB8766>:
    85b8:	08000042          	sfpsetexp	L1,L0,0x000,0

000085bc <.LBB8768>:
    85bc:	c0038629          	sfpload	L0,394,0,7

000085c0 <.LBB8774>:
    85c0:	1800a482          	sfpmul	L2,L0,L2,L9,0

000085c4 <.LBB8777>:
    85c4:	18006402          	sfpmul	L0,L0,L1,L9,0

000085c8 <.LBB8780>:
    85c8:	c0c38661          	sfpload	L3,408,0,7

000085cc <.LBB8786>:
    85cc:	c0438661          	sfpload	L1,408,0,7

000085d0 <.LBB8792>:
    85d0:	48000c86          	sfpswap	L2,L3,1
    85d4:	3c000002          	sfpnop

000085d8 <.LBB8794>:
    85d8:	48000406          	sfpswap	L0,L1,1
    85dc:	3c000002          	sfpnop

000085e0 <.LBB8796>:
    85e0:	c0438631          	sfpload	L1,396,0,7

000085e4 <.LBB8803>:
    85e4:	1006c842          	sfpmad	L1,L1,L11,L2,0
    85e8:	ec000401          	sfpsetcc	L1,0x000,0

000085ec <.LBB8807>:
    85ec:	f0002481          	sfpmov	L2,L9,0

000085f0 <.LBB8810>:
    85f0:	2800c02a          	sfpencc	0x003,10

000085f4 <.LBB8813>:
    85f4:	c0438631          	sfpload	L1,396,0,7

000085f8 <.LBB8820>:
    85f8:	1006c042          	sfpmad	L1,L1,L11,L0,0
    85fc:	ec000401          	sfpsetcc	L1,0x000,0

00008600 <.LBB8824>:
    8600:	f0002401          	sfpmov	L0,L9,0

00008604 <.LBB8827>:
    8604:	2800c02a          	sfpencc	0x003,10

00008608 <.LBB8830>:
    8608:	c1438311          	sfpload	L5,196,0,7

0000860c <.LBB8836>:
    860c:	c1038319          	sfpload	L4,198,0,7

00008610 <.LBB8842>:
    8610:	180964c2          	sfpmul	L3,L2,L5,L9,0

00008614 <.LBB8845>:
    8614:	18012442          	sfpmul	L1,L0,L4,L9,0

00008618 <.LBB8848>:
    8618:	c1838639          	sfpload	L6,398,0,7

0000861c <.LBB8854>:
    861c:	c1c38011          	sfpload	L7,4,0,7

00008620 <.LBB8860>:
    8620:	100d9dc2          	sfpmad	L7,L3,L6,L7,0

00008624 <.LBB8863>:
    8624:	c9c38011          	sfpstore	L7,4,0,7

00008628 <.LBB8869>:
    8628:	c1c38019          	sfpload	L7,6,0,7

0000862c <.LBB8875>:
    862c:	10059d82          	sfpmad	L6,L1,L6,L7,0

00008630 <.LBB8878>:
    8630:	c9838019          	sfpstore	L6,6,0,7

00008634 <.LBB8884>:
    8634:	c1838641          	sfpload	L6,400,0,7

00008638 <.LBB8890>:
    8638:	c1c38111          	sfpload	L7,68,0,7

0000863c <.LBB8896>:
    863c:	100d9dc2          	sfpmad	L7,L3,L6,L7,0

00008640 <.LBB8899>:
    8640:	c9c38111          	sfpstore	L7,68,0,7

00008644 <.LBB8905>:
    8644:	c1c38119          	sfpload	L7,70,0,7

00008648 <.LBB8911>:
    8648:	10059d82          	sfpmad	L6,L1,L6,L7,0

0000864c <.LBB8914>:
    864c:	c9838119          	sfpstore	L6,70,0,7

00008650 <.LBB8920>:
    8650:	c1838649          	sfpload	L6,402,0,7

00008654 <.LBB8926>:
    8654:	c1c38211          	sfpload	L7,132,0,7

00008658 <.LBB8932>:
    8658:	100d9cc2          	sfpmad	L3,L3,L6,L7,0

0000865c <.LBB8935>:
    865c:	c8c38211          	sfpstore	L3,132,0,7

00008660 <.LBB8941>:
    8660:	c0c38219          	sfpload	L3,134,0,7

00008664 <.LBB8947>:
    8664:	10058c42          	sfpmad	L1,L1,L6,L3,0

00008668 <.LBB8950>:
    8668:	c8438219          	sfpstore	L1,134,0,7

0000866c <.LBB8956>:
    866c:	142a888a          	sfpadd	L2,L10,L10,L2,2

00008670 <.LBB8959>:
    8670:	1814a542          	sfpmul	L5,L5,L2,L9,0

00008674 <.LBB8962>:
    8674:	c9438311          	sfpstore	L5,196,0,7

00008678 <.LBB8968>:
    8678:	142a800a          	sfpadd	L0,L10,L10,L0,2

0000867c <.LBB8971>:
    867c:	18102402          	sfpmul	L0,L4,L0,L9,0

00008680 <.LBB8974>:
    8680:	c8038319          	sfpstore	L0,198,0,7

00008684 <.LBE8597>:
    8684:	00008067          	ret

00008688 <void (anonymous namespace)::blend_pair_body<2ul, 1ul>()>:
    8688:	c0838421          	sfpload	L2,264,0,7

0000868c <.LBB9938>:
    868c:	c0438521          	sfpload	L1,328,0,7

00008690 <.LBB9944>:
    8690:	c1038611          	sfpload	L4,388,0,7

00008694 <.LBB9950>:
    8694:	c0c38619          	sfpload	L3,390,0,7

00008698 <.LBB9956>:
    8698:	c0038621          	sfpload	L0,392,0,7

0000869c <.LBB9962>:
    869c:	c1838601          	sfpload	L6,384,0,7

000086a0 <.LBB9968>:
    86a0:	c1438609          	sfpload	L5,386,0,7

000086a4 <.LBB9974>:
    86a4:	1428988a          	sfpadd	L2,L10,L2,L6,2

000086a8 <.LBB9977>:
    86a8:	1428544a          	sfpadd	L1,L10,L1,L5,2

000086ac <.LBB9980>:
    86ac:	1808a542          	sfpmul	L5,L2,L2,L9,0

000086b0 <.LBB9983>:
    86b0:	18116502          	sfpmul	L4,L4,L5,L9,0

000086b4 <.LBB9986>:
    86b4:	18086482          	sfpmul	L2,L2,L1,L9,0

000086b8 <.LBB9989>:
    86b8:	100c9082          	sfpmad	L2,L3,L2,L4,0

000086bc <.LBB9992>:
    86bc:	18046442          	sfpmul	L1,L1,L1,L9,0

000086c0 <.LBB9995>:
    86c0:	10004802          	sfpmad	L0,L0,L1,L2,0
    86c4:	3c000002          	sfpnop

000086c8 <.LBB9998>:
    86c8:	48002406          	sfpswap	L0,L9,1
    86cc:	3c000002          	sfpnop

000086d0 <.LBB10000>:
    86d0:	18032402          	sfpmul	L0,L0,L12,L9,0

000086d4 <.LBB10005>:
    86d4:	d50bf801          	sfpaddi	L0,17150,0
    86d8:	3c000002          	sfpnop

000086dc <.LBB10008>:
    86dc:	48000246          	sfpswap	L9,L0,1
    86e0:	3c000002          	sfpnop

000086e4 <.LBB10010>:
    86e4:	dc000041          	sfpexexp	L1,L0,0

000086e8 <.LBB10014>:
    86e8:	e0000001          	sfpexman	L0,L0,0

000086ec <.LBB10016>:
    86ec:	e8000401          	sfpshft	L0,L1,0x000,0

000086f0 <.LBB10018>:
    86f0:	dc000045          	sfpexexp	L1,L0,1

000086f4 <.LBB10020>:
    86f4:	e0000005          	sfpexman	L0,L0,1

000086f8 <.LBB10022>:
    86f8:	40000002          	sfpcast	L0,L0,0

000086fc <.LBB10024>:
    86fc:	10037882          	sfpmad	L2,L0,L13,L14,0

00008700 <.LBB10027>:
    8700:	c0c38659          	sfpload	L3,406,0,7

00008704 <.LBB10033>:
    8704:	10008c02          	sfpmad	L0,L0,L2,L3,0

00008708 <.LBB10036>:
    8708:	08000042          	sfpsetexp	L1,L0,0x000,0

0000870c <.LBB10038>:
    870c:	c0038629          	sfpload	L0,394,0,7

00008710 <.LBB10044>:
    8710:	18006402          	sfpmul	L0,L0,L1,L9,0

00008714 <.LBB10047>:
    8714:	c0438661          	sfpload	L1,408,0,7

00008718 <.LBB10053>:
    8718:	48000406          	sfpswap	L0,L1,1
    871c:	3c000002          	sfpnop

00008720 <.LBB10055>:
    8720:	c0438631          	sfpload	L1,396,0,7

00008724 <.LBB10062>:
    8724:	1006c042          	sfpmad	L1,L1,L11,L0,0
    8728:	ec000401          	sfpsetcc	L1,0x000,0

0000872c <.LBB10066>:
    872c:	f0002401          	sfpmov	L0,L9,0

00008730 <.LBB10069>:
    8730:	2800c02a          	sfpencc	0x003,10

00008734 <.LBB10072>:
    8734:	c0838321          	sfpload	L2,200,0,7

00008738 <.LBB10078>:
    8738:	1800a442          	sfpmul	L1,L0,L2,L9,0

0000873c <.LBB10081>:
    873c:	c1038021          	sfpload	L4,8,0,7

00008740 <.LBB10087>:
    8740:	c0c38639          	sfpload	L3,398,0,7

00008744 <.LBB10093>:
    8744:	1004d0c2          	sfpmad	L3,L1,L3,L4,0

00008748 <.LBB10096>:
    8748:	c8c38021          	sfpstore	L3,8,0,7

0000874c <.LBB10102>:
    874c:	c1038121          	sfpload	L4,72,0,7

00008750 <.LBB10108>:
    8750:	c0c38641          	sfpload	L3,400,0,7

00008754 <.LBB10114>:
    8754:	1004d0c2          	sfpmad	L3,L1,L3,L4,0

00008758 <.LBB10117>:
    8758:	c8c38121          	sfpstore	L3,72,0,7

0000875c <.LBB10123>:
    875c:	c1038221          	sfpload	L4,136,0,7

00008760 <.LBB10129>:
    8760:	c0c38649          	sfpload	L3,402,0,7

00008764 <.LBB10135>:
    8764:	1004d042          	sfpmad	L1,L1,L3,L4,0

00008768 <.LBB10138>:
    8768:	c8438221          	sfpstore	L1,136,0,7

0000876c <.LBB10144>:
    876c:	142a800a          	sfpadd	L0,L10,L10,L0,2

00008770 <.LBB10147>:
    8770:	18082402          	sfpmul	L0,L2,L0,L9,0

00008774 <.LBB10150>:
    8774:	c8038321          	sfpstore	L0,200,0,7

00008778 <.LBE10150>:
    8778:	00008067          	ret

0000877c <void (anonymous namespace)::blend_pair_body<2ul, 2ul>()>:
    877c:	c0838429          	sfpload	L2,266,0,7

00008780 <.LBB11114>:
    8780:	c0438529          	sfpload	L1,330,0,7

00008784 <.LBB11120>:
    8784:	c1038611          	sfpload	L4,388,0,7

00008788 <.LBB11126>:
    8788:	c0c38619          	sfpload	L3,390,0,7

0000878c <.LBB11132>:
    878c:	c0038621          	sfpload	L0,392,0,7

00008790 <.LBB11138>:
    8790:	c1838601          	sfpload	L6,384,0,7

00008794 <.LBB11144>:
    8794:	c1438609          	sfpload	L5,386,0,7

00008798 <.LBB11150>:
    8798:	1428988a          	sfpadd	L2,L10,L2,L6,2

0000879c <.LBB11153>:
    879c:	1428544a          	sfpadd	L1,L10,L1,L5,2

000087a0 <.LBB11156>:
    87a0:	1808a542          	sfpmul	L5,L2,L2,L9,0

000087a4 <.LBB11159>:
    87a4:	18116502          	sfpmul	L4,L4,L5,L9,0

000087a8 <.LBB11162>:
    87a8:	18086482          	sfpmul	L2,L2,L1,L9,0

000087ac <.LBB11165>:
    87ac:	100c9082          	sfpmad	L2,L3,L2,L4,0

000087b0 <.LBB11168>:
    87b0:	18046442          	sfpmul	L1,L1,L1,L9,0

000087b4 <.LBB11171>:
    87b4:	10004802          	sfpmad	L0,L0,L1,L2,0
    87b8:	3c000002          	sfpnop

000087bc <.LBB11174>:
    87bc:	48002406          	sfpswap	L0,L9,1
    87c0:	3c000002          	sfpnop

000087c4 <.LBB11176>:
    87c4:	18032402          	sfpmul	L0,L0,L12,L9,0

000087c8 <.LBB11181>:
    87c8:	d50bf801          	sfpaddi	L0,17150,0
    87cc:	3c000002          	sfpnop

000087d0 <.LBB11184>:
    87d0:	48000246          	sfpswap	L9,L0,1
    87d4:	3c000002          	sfpnop

000087d8 <.LBB11186>:
    87d8:	dc000041          	sfpexexp	L1,L0,0

000087dc <.LBB11190>:
    87dc:	e0000001          	sfpexman	L0,L0,0

000087e0 <.LBB11192>:
    87e0:	e8000401          	sfpshft	L0,L1,0x000,0

000087e4 <.LBB11194>:
    87e4:	dc000045          	sfpexexp	L1,L0,1

000087e8 <.LBB11196>:
    87e8:	e0000005          	sfpexman	L0,L0,1

000087ec <.LBB11198>:
    87ec:	40000002          	sfpcast	L0,L0,0

000087f0 <.LBB11200>:
    87f0:	10037882          	sfpmad	L2,L0,L13,L14,0

000087f4 <.LBB11203>:
    87f4:	c0c38659          	sfpload	L3,406,0,7

000087f8 <.LBB11209>:
    87f8:	10008c02          	sfpmad	L0,L0,L2,L3,0

000087fc <.LBB11212>:
    87fc:	08000042          	sfpsetexp	L1,L0,0x000,0

00008800 <.LBB11214>:
    8800:	c0038629          	sfpload	L0,394,0,7

00008804 <.LBB11220>:
    8804:	18006402          	sfpmul	L0,L0,L1,L9,0

00008808 <.LBB11223>:
    8808:	c0438661          	sfpload	L1,408,0,7

0000880c <.LBB11229>:
    880c:	48000406          	sfpswap	L0,L1,1
    8810:	3c000002          	sfpnop

00008814 <.LBB11231>:
    8814:	c0438631          	sfpload	L1,396,0,7

00008818 <.LBB11238>:
    8818:	1006c042          	sfpmad	L1,L1,L11,L0,0
    881c:	ec000401          	sfpsetcc	L1,0x000,0

00008820 <.LBB11242>:
    8820:	f0002401          	sfpmov	L0,L9,0

00008824 <.LBB11245>:
    8824:	2800c02a          	sfpencc	0x003,10

00008828 <.LBB11248>:
    8828:	c0838329          	sfpload	L2,202,0,7

0000882c <.LBB11254>:
    882c:	1800a442          	sfpmul	L1,L0,L2,L9,0

00008830 <.LBB11257>:
    8830:	c1038029          	sfpload	L4,10,0,7

00008834 <.LBB11263>:
    8834:	c0c38639          	sfpload	L3,398,0,7

00008838 <.LBB11269>:
    8838:	1004d0c2          	sfpmad	L3,L1,L3,L4,0

0000883c <.LBB11272>:
    883c:	c8c38029          	sfpstore	L3,10,0,7

00008840 <.LBB11278>:
    8840:	c1038129          	sfpload	L4,74,0,7

00008844 <.LBB11284>:
    8844:	c0c38641          	sfpload	L3,400,0,7

00008848 <.LBB11290>:
    8848:	1004d0c2          	sfpmad	L3,L1,L3,L4,0

0000884c <.LBB11293>:
    884c:	c8c38129          	sfpstore	L3,74,0,7

00008850 <.LBB11299>:
    8850:	c1038229          	sfpload	L4,138,0,7

00008854 <.LBB11305>:
    8854:	c0c38649          	sfpload	L3,402,0,7

00008858 <.LBB11311>:
    8858:	1004d042          	sfpmad	L1,L1,L3,L4,0

0000885c <.LBB11314>:
    885c:	c8438229          	sfpstore	L1,138,0,7

00008860 <.LBB11320>:
    8860:	142a800a          	sfpadd	L0,L10,L10,L0,2

00008864 <.LBB11323>:
    8864:	18082402          	sfpmul	L0,L2,L0,L9,0

00008868 <.LBB11326>:
    8868:	c8038329          	sfpstore	L0,202,0,7

0000886c <.LBE11106>:
    886c:	00008067          	ret

00008870 <void (anonymous namespace)::blend_pair_body<2ul, 3ul>()>:
    8870:	c0038601          	sfpload	L0,384,0,7

00008874 <.LBB13094>:
    8874:	c1038609          	sfpload	L4,386,0,7

00008878 <.LBB13100>:
    8878:	c0838421          	sfpload	L2,264,0,7

0000887c <.LBB13106>:
    887c:	1428808a          	sfpadd	L2,L10,L2,L0,2

00008880 <.LBB13109>:
    8880:	c0438429          	sfpload	L1,266,0,7

00008884 <.LBB13115>:
    8884:	1428404a          	sfpadd	L1,L10,L1,L0,2

00008888 <.LBB13118>:
    8888:	c0038521          	sfpload	L0,328,0,7

0000888c <.LBB13124>:
    888c:	1428100a          	sfpadd	L0,L10,L0,L4,2

00008890 <.LBB13127>:
    8890:	c0c38529          	sfpload	L3,330,0,7

00008894 <.LBB13133>:
    8894:	1428d0ca          	sfpadd	L3,L10,L3,L4,2

00008898 <.LBB13136>:
    8898:	c1438611          	sfpload	L5,388,0,7

0000889c <.LBB13142>:
    889c:	1808a582          	sfpmul	L6,L2,L2,L9,0

000088a0 <.LBB13145>:
    88a0:	1815a582          	sfpmul	L6,L5,L6,L9,0

000088a4 <.LBB13148>:
    88a4:	18046502          	sfpmul	L4,L1,L1,L9,0

000088a8 <.LBB13151>:
    88a8:	18152542          	sfpmul	L5,L5,L4,L9,0

000088ac <.LBB13154>:
    88ac:	c1038619          	sfpload	L4,390,0,7

000088b0 <.LBB13160>:
    88b0:	18082482          	sfpmul	L2,L2,L0,L9,0

000088b4 <.LBB13163>:
    88b4:	10109882          	sfpmad	L2,L4,L2,L6,0

000088b8 <.LBB13166>:
    88b8:	1804e442          	sfpmul	L1,L1,L3,L9,0

000088bc <.LBB13169>:
    88bc:	10105502          	sfpmad	L4,L4,L1,L5,0

000088c0 <.LBB13172>:
    88c0:	c0438621          	sfpload	L1,392,0,7

000088c4 <.LBB13178>:
    88c4:	18002402          	sfpmul	L0,L0,L0,L9,0

000088c8 <.LBB13181>:
    88c8:	10040802          	sfpmad	L0,L1,L0,L2,0

000088cc <.LBB13184>:
    88cc:	180ce4c2          	sfpmul	L3,L3,L3,L9,0

000088d0 <.LBB13187>:
    88d0:	1004d042          	sfpmad	L1,L1,L3,L4,0

000088d4 <.LBB13190>:
    88d4:	48002406          	sfpswap	L0,L9,1
    88d8:	3c000002          	sfpnop

000088dc <.LBB13192>:
    88dc:	48002446          	sfpswap	L1,L9,1
    88e0:	3c000002          	sfpnop

000088e4 <.LBB13194>:
    88e4:	18032402          	sfpmul	L0,L0,L12,L9,0

000088e8 <.LBB13199>:
    88e8:	d50bf801          	sfpaddi	L0,17150,0
    88ec:	3c000002          	sfpnop

000088f0 <.LBB13202>:
    88f0:	48000246          	sfpswap	L9,L0,1
    88f4:	3c000002          	sfpnop

000088f8 <.LBB13204>:
    88f8:	dc000081          	sfpexexp	L2,L0,0

000088fc <.LBB13208>:
    88fc:	e0000001          	sfpexman	L0,L0,0

00008900 <.LBB13210>:
    8900:	e8000801          	sfpshft	L0,L2,0x000,0

00008904 <.LBB13212>:
    8904:	dc000085          	sfpexexp	L2,L0,1

00008908 <.LBB13214>:
    8908:	1000014c          	ttreplay	0,5,1,1
    890c:	e0000005          	sfpexman	L0,L0,1

00008910 <.LBB13216>:
    8910:	40000002          	sfpcast	L0,L0,0

00008914 <.LBB13218>:
    8914:	100378c2          	sfpmad	L3,L0,L13,L14,0

00008918 <.LBB13221>:
    8918:	c1038659          	sfpload	L4,406,0,7

0000891c <.LBB13227>:
    891c:	1000d002          	sfpmad	L0,L0,L3,L4,0

00008920 <.LBB13230>:
    8920:	08000082          	sfpsetexp	L2,L0,0x000,0

00008924 <.LBB13232>:
    8924:	18072442          	sfpmul	L1,L1,L12,L9,0

00008928 <.LBB13237>:
    8928:	d50bf841          	sfpaddi	L1,17150,0
    892c:	3c000002          	sfpnop

00008930 <.LBB13240>:
    8930:	48000646          	sfpswap	L9,L1,1
    8934:	3c000002          	sfpnop

00008938 <.LBB13242>:
    8938:	dc0004c1          	sfpexexp	L3,L1,0

0000893c <.LBB13246>:
    893c:	e0000401          	sfpexman	L0,L1,0

00008940 <.LBB13248>:
    8940:	e8000c01          	sfpshft	L0,L3,0x000,0

00008944 <.LBB13250>:
    8944:	dc000045          	sfpexexp	L1,L0,1

00008948 <.LBB13252>:
    8948:	10000140          	ttreplay	0,5,0,0

0000894c <.LBB13255>:
    894c:	08000042          	sfpsetexp	L1,L0,0x000,0

00008950 <.LBB13257>:
    8950:	c0038629          	sfpload	L0,394,0,7

00008954 <.LBB13263>:
    8954:	1800a482          	sfpmul	L2,L0,L2,L9,0

00008958 <.LBB13266>:
    8958:	18006402          	sfpmul	L0,L0,L1,L9,0

0000895c <.LBB13269>:
    895c:	c0c38661          	sfpload	L3,408,0,7

00008960 <.LBB13275>:
    8960:	c0438661          	sfpload	L1,408,0,7

00008964 <.LBB13281>:
    8964:	48000c86          	sfpswap	L2,L3,1
    8968:	3c000002          	sfpnop

0000896c <.LBB13283>:
    896c:	48000406          	sfpswap	L0,L1,1
    8970:	3c000002          	sfpnop

00008974 <.LBB13285>:
    8974:	c0438631          	sfpload	L1,396,0,7

00008978 <.LBB13292>:
    8978:	1006c842          	sfpmad	L1,L1,L11,L2,0
    897c:	ec000401          	sfpsetcc	L1,0x000,0

00008980 <.LBB13296>:
    8980:	f0002481          	sfpmov	L2,L9,0

00008984 <.LBB13299>:
    8984:	2800c02a          	sfpencc	0x003,10

00008988 <.LBB13302>:
    8988:	c0438631          	sfpload	L1,396,0,7

0000898c <.LBB13309>:
    898c:	1006c042          	sfpmad	L1,L1,L11,L0,0
    8990:	ec000401          	sfpsetcc	L1,0x000,0

00008994 <.LBB13313>:
    8994:	f0002401          	sfpmov	L0,L9,0

00008998 <.LBB13316>:
    8998:	2800c02a          	sfpencc	0x003,10

0000899c <.LBB13319>:
    899c:	c1438321          	sfpload	L5,200,0,7

000089a0 <.LBB13325>:
    89a0:	c1038329          	sfpload	L4,202,0,7

000089a4 <.LBB13331>:
    89a4:	180964c2          	sfpmul	L3,L2,L5,L9,0

000089a8 <.LBB13334>:
    89a8:	18012442          	sfpmul	L1,L0,L4,L9,0

000089ac <.LBB13337>:
    89ac:	c1838639          	sfpload	L6,398,0,7

000089b0 <.LBB13343>:
    89b0:	c1c38021          	sfpload	L7,8,0,7

000089b4 <.LBB13349>:
    89b4:	100d9dc2          	sfpmad	L7,L3,L6,L7,0

000089b8 <.LBB13352>:
    89b8:	c9c38021          	sfpstore	L7,8,0,7

000089bc <.LBB13358>:
    89bc:	c1c38029          	sfpload	L7,10,0,7

000089c0 <.LBB13364>:
    89c0:	10059d82          	sfpmad	L6,L1,L6,L7,0

000089c4 <.LBB13367>:
    89c4:	c9838029          	sfpstore	L6,10,0,7

000089c8 <.LBB13373>:
    89c8:	c1838641          	sfpload	L6,400,0,7

000089cc <.LBB13379>:
    89cc:	c1c38121          	sfpload	L7,72,0,7

000089d0 <.LBB13385>:
    89d0:	100d9dc2          	sfpmad	L7,L3,L6,L7,0

000089d4 <.LBB13388>:
    89d4:	c9c38121          	sfpstore	L7,72,0,7

000089d8 <.LBB13394>:
    89d8:	c1c38129          	sfpload	L7,74,0,7

000089dc <.LBB13400>:
    89dc:	10059d82          	sfpmad	L6,L1,L6,L7,0

000089e0 <.LBB13403>:
    89e0:	c9838129          	sfpstore	L6,74,0,7

000089e4 <.LBB13409>:
    89e4:	c1838649          	sfpload	L6,402,0,7

000089e8 <.LBB13415>:
    89e8:	c1c38221          	sfpload	L7,136,0,7

000089ec <.LBB13421>:
    89ec:	100d9cc2          	sfpmad	L3,L3,L6,L7,0

000089f0 <.LBB13424>:
    89f0:	c8c38221          	sfpstore	L3,136,0,7

000089f4 <.LBB13430>:
    89f4:	c0c38229          	sfpload	L3,138,0,7

000089f8 <.LBB13436>:
    89f8:	10058c42          	sfpmad	L1,L1,L6,L3,0

000089fc <.LBB13439>:
    89fc:	c8438229          	sfpstore	L1,138,0,7

00008a00 <.LBB13445>:
    8a00:	142a888a          	sfpadd	L2,L10,L10,L2,2

00008a04 <.LBB13448>:
    8a04:	1814a542          	sfpmul	L5,L5,L2,L9,0

00008a08 <.LBB13451>:
    8a08:	c9438321          	sfpstore	L5,200,0,7

00008a0c <.LBB13457>:
    8a0c:	142a800a          	sfpadd	L0,L10,L10,L0,2

00008a10 <.LBB13460>:
    8a10:	18102402          	sfpmul	L0,L4,L0,L9,0

00008a14 <.LBB13463>:
    8a14:	c8038329          	sfpstore	L0,202,0,7

00008a18 <.LBE13086>:
    8a18:	00008067          	ret

00008a1c <void (anonymous namespace)::blend_pair_body<3ul, 1ul>()>:
    8a1c:	c0838431          	sfpload	L2,268,0,7

00008a20 <.LBB14427>:
    8a20:	c0438531          	sfpload	L1,332,0,7

00008a24 <.LBB14433>:
    8a24:	c1038611          	sfpload	L4,388,0,7

00008a28 <.LBB14439>:
    8a28:	c0c38619          	sfpload	L3,390,0,7

00008a2c <.LBB14445>:
    8a2c:	c0038621          	sfpload	L0,392,0,7

00008a30 <.LBB14451>:
    8a30:	c1838601          	sfpload	L6,384,0,7

00008a34 <.LBB14457>:
    8a34:	c1438609          	sfpload	L5,386,0,7

00008a38 <.LBB14463>:
    8a38:	1428988a          	sfpadd	L2,L10,L2,L6,2

00008a3c <.LBB14466>:
    8a3c:	1428544a          	sfpadd	L1,L10,L1,L5,2

00008a40 <.LBB14469>:
    8a40:	1808a542          	sfpmul	L5,L2,L2,L9,0

00008a44 <.LBB14472>:
    8a44:	18116502          	sfpmul	L4,L4,L5,L9,0

00008a48 <.LBB14475>:
    8a48:	18086482          	sfpmul	L2,L2,L1,L9,0

00008a4c <.LBB14478>:
    8a4c:	100c9082          	sfpmad	L2,L3,L2,L4,0

00008a50 <.LBB14481>:
    8a50:	18046442          	sfpmul	L1,L1,L1,L9,0

00008a54 <.LBB14484>:
    8a54:	10004802          	sfpmad	L0,L0,L1,L2,0
    8a58:	3c000002          	sfpnop

00008a5c <.LBB14487>:
    8a5c:	48002406          	sfpswap	L0,L9,1
    8a60:	3c000002          	sfpnop

00008a64 <.LBB14489>:
    8a64:	18032402          	sfpmul	L0,L0,L12,L9,0

00008a68 <.LBB14494>:
    8a68:	d50bf801          	sfpaddi	L0,17150,0
    8a6c:	3c000002          	sfpnop

00008a70 <.LBB14497>:
    8a70:	48000246          	sfpswap	L9,L0,1
    8a74:	3c000002          	sfpnop

00008a78 <.LBB14499>:
    8a78:	dc000041          	sfpexexp	L1,L0,0

00008a7c <.LBB14503>:
    8a7c:	e0000001          	sfpexman	L0,L0,0

00008a80 <.LBB14505>:
    8a80:	e8000401          	sfpshft	L0,L1,0x000,0

00008a84 <.LBB14507>:
    8a84:	dc000045          	sfpexexp	L1,L0,1

00008a88 <.LBB14509>:
    8a88:	e0000005          	sfpexman	L0,L0,1

00008a8c <.LBB14511>:
    8a8c:	40000002          	sfpcast	L0,L0,0

00008a90 <.LBB14513>:
    8a90:	10037882          	sfpmad	L2,L0,L13,L14,0

00008a94 <.LBB14516>:
    8a94:	c0c38659          	sfpload	L3,406,0,7

00008a98 <.LBB14522>:
    8a98:	10008c02          	sfpmad	L0,L0,L2,L3,0

00008a9c <.LBB14525>:
    8a9c:	08000042          	sfpsetexp	L1,L0,0x000,0

00008aa0 <.LBB14527>:
    8aa0:	c0038629          	sfpload	L0,394,0,7

00008aa4 <.LBB14533>:
    8aa4:	18006402          	sfpmul	L0,L0,L1,L9,0

00008aa8 <.LBB14536>:
    8aa8:	c0438661          	sfpload	L1,408,0,7

00008aac <.LBB14542>:
    8aac:	48000406          	sfpswap	L0,L1,1
    8ab0:	3c000002          	sfpnop

00008ab4 <.LBB14544>:
    8ab4:	c0438631          	sfpload	L1,396,0,7

00008ab8 <.LBB14551>:
    8ab8:	1006c042          	sfpmad	L1,L1,L11,L0,0
    8abc:	ec000401          	sfpsetcc	L1,0x000,0

00008ac0 <.LBB14555>:
    8ac0:	f0002401          	sfpmov	L0,L9,0

00008ac4 <.LBB14558>:
    8ac4:	2800c02a          	sfpencc	0x003,10

00008ac8 <.LBB14561>:
    8ac8:	c0838331          	sfpload	L2,204,0,7

00008acc <.LBB14567>:
    8acc:	1800a442          	sfpmul	L1,L0,L2,L9,0

00008ad0 <.LBB14570>:
    8ad0:	c1038031          	sfpload	L4,12,0,7

00008ad4 <.LBB14576>:
    8ad4:	c0c38639          	sfpload	L3,398,0,7

00008ad8 <.LBB14582>:
    8ad8:	1004d0c2          	sfpmad	L3,L1,L3,L4,0

00008adc <.LBB14585>:
    8adc:	c8c38031          	sfpstore	L3,12,0,7

00008ae0 <.LBB14591>:
    8ae0:	c1038131          	sfpload	L4,76,0,7

00008ae4 <.LBB14597>:
    8ae4:	c0c38641          	sfpload	L3,400,0,7

00008ae8 <.LBB14603>:
    8ae8:	1004d0c2          	sfpmad	L3,L1,L3,L4,0

00008aec <.LBB14606>:
    8aec:	c8c38131          	sfpstore	L3,76,0,7

00008af0 <.LBB14612>:
    8af0:	c1038231          	sfpload	L4,140,0,7

00008af4 <.LBB14618>:
    8af4:	c0c38649          	sfpload	L3,402,0,7

00008af8 <.LBB14624>:
    8af8:	1004d042          	sfpmad	L1,L1,L3,L4,0

00008afc <.LBB14627>:
    8afc:	c8438231          	sfpstore	L1,140,0,7

00008b00 <.LBB14633>:
    8b00:	142a800a          	sfpadd	L0,L10,L10,L0,2

00008b04 <.LBB14636>:
    8b04:	18082402          	sfpmul	L0,L2,L0,L9,0

00008b08 <.LBB14639>:
    8b08:	c8038331          	sfpstore	L0,204,0,7

00008b0c <.LBE14419>:
    8b0c:	00008067          	ret

00008b10 <void (anonymous namespace)::blend_pair_body<3ul, 2ul>()>:
    8b10:	c0838439          	sfpload	L2,270,0,7

00008b14 <.LBB15603>:
    8b14:	c0438539          	sfpload	L1,334,0,7

00008b18 <.LBB15609>:
    8b18:	c1038611          	sfpload	L4,388,0,7

00008b1c <.LBB15615>:
    8b1c:	c0c38619          	sfpload	L3,390,0,7

00008b20 <.LBB15621>:
    8b20:	c0038621          	sfpload	L0,392,0,7

00008b24 <.LBB15627>:
    8b24:	c1838601          	sfpload	L6,384,0,7

00008b28 <.LBB15633>:
    8b28:	c1438609          	sfpload	L5,386,0,7

00008b2c <.LBB15639>:
    8b2c:	1428988a          	sfpadd	L2,L10,L2,L6,2

00008b30 <.LBB15642>:
    8b30:	1428544a          	sfpadd	L1,L10,L1,L5,2

00008b34 <.LBB15645>:
    8b34:	1808a542          	sfpmul	L5,L2,L2,L9,0

00008b38 <.LBB15648>:
    8b38:	18116502          	sfpmul	L4,L4,L5,L9,0

00008b3c <.LBB15651>:
    8b3c:	18086482          	sfpmul	L2,L2,L1,L9,0

00008b40 <.LBB15654>:
    8b40:	100c9082          	sfpmad	L2,L3,L2,L4,0

00008b44 <.LBB15657>:
    8b44:	18046442          	sfpmul	L1,L1,L1,L9,0

00008b48 <.LBB15660>:
    8b48:	10004802          	sfpmad	L0,L0,L1,L2,0
    8b4c:	3c000002          	sfpnop

00008b50 <.LBB15663>:
    8b50:	48002406          	sfpswap	L0,L9,1
    8b54:	3c000002          	sfpnop

00008b58 <.LBB15665>:
    8b58:	18032402          	sfpmul	L0,L0,L12,L9,0

00008b5c <.LBB15670>:
    8b5c:	d50bf801          	sfpaddi	L0,17150,0
    8b60:	3c000002          	sfpnop

00008b64 <.LBB15673>:
    8b64:	48000246          	sfpswap	L9,L0,1
    8b68:	3c000002          	sfpnop

00008b6c <.LBB15675>:
    8b6c:	dc000041          	sfpexexp	L1,L0,0

00008b70 <.LBB15679>:
    8b70:	e0000001          	sfpexman	L0,L0,0

00008b74 <.LBB15681>:
    8b74:	e8000401          	sfpshft	L0,L1,0x000,0

00008b78 <.LBB15683>:
    8b78:	dc000045          	sfpexexp	L1,L0,1

00008b7c <.LBB15685>:
    8b7c:	e0000005          	sfpexman	L0,L0,1

00008b80 <.LBB15687>:
    8b80:	40000002          	sfpcast	L0,L0,0

00008b84 <.LBB15689>:
    8b84:	10037882          	sfpmad	L2,L0,L13,L14,0

00008b88 <.LBB15692>:
    8b88:	c0c38659          	sfpload	L3,406,0,7

00008b8c <.LBB15698>:
    8b8c:	10008c02          	sfpmad	L0,L0,L2,L3,0

00008b90 <.LBB15701>:
    8b90:	08000042          	sfpsetexp	L1,L0,0x000,0

00008b94 <.LBB15703>:
    8b94:	c0038629          	sfpload	L0,394,0,7

00008b98 <.LBB15709>:
    8b98:	18006402          	sfpmul	L0,L0,L1,L9,0

00008b9c <.LBB15712>:
    8b9c:	c0438661          	sfpload	L1,408,0,7

00008ba0 <.LBB15718>:
    8ba0:	48000406          	sfpswap	L0,L1,1
    8ba4:	3c000002          	sfpnop

00008ba8 <.LBB15720>:
    8ba8:	c0438631          	sfpload	L1,396,0,7

00008bac <.LBB15727>:
    8bac:	1006c042          	sfpmad	L1,L1,L11,L0,0
    8bb0:	ec000401          	sfpsetcc	L1,0x000,0

00008bb4 <.LBB15731>:
    8bb4:	f0002401          	sfpmov	L0,L9,0

00008bb8 <.LBB15734>:
    8bb8:	2800c02a          	sfpencc	0x003,10

00008bbc <.LBB15737>:
    8bbc:	c0838339          	sfpload	L2,206,0,7

00008bc0 <.LBB15743>:
    8bc0:	1800a442          	sfpmul	L1,L0,L2,L9,0

00008bc4 <.LBB15746>:
    8bc4:	c1038039          	sfpload	L4,14,0,7

00008bc8 <.LBB15752>:
    8bc8:	c0c38639          	sfpload	L3,398,0,7

00008bcc <.LBB15758>:
    8bcc:	1004d0c2          	sfpmad	L3,L1,L3,L4,0

00008bd0 <.LBB15761>:
    8bd0:	c8c38039          	sfpstore	L3,14,0,7

00008bd4 <.LBB15767>:
    8bd4:	c1038139          	sfpload	L4,78,0,7

00008bd8 <.LBB15773>:
    8bd8:	c0c38641          	sfpload	L3,400,0,7

00008bdc <.LBB15779>:
    8bdc:	1004d0c2          	sfpmad	L3,L1,L3,L4,0

00008be0 <.LBB15782>:
    8be0:	c8c38139          	sfpstore	L3,78,0,7

00008be4 <.LBB15788>:
    8be4:	c1038239          	sfpload	L4,142,0,7

00008be8 <.LBB15794>:
    8be8:	c0c38649          	sfpload	L3,402,0,7

00008bec <.LBB15800>:
    8bec:	1004d042          	sfpmad	L1,L1,L3,L4,0

00008bf0 <.LBB15803>:
    8bf0:	c8438239          	sfpstore	L1,142,0,7

00008bf4 <.LBB15809>:
    8bf4:	142a800a          	sfpadd	L0,L10,L10,L0,2

00008bf8 <.LBB15812>:
    8bf8:	18082402          	sfpmul	L0,L2,L0,L9,0

00008bfc <.LBB15815>:
    8bfc:	c8038339          	sfpstore	L0,206,0,7

00008c00 <.LBE15595>:
    8c00:	00008067          	ret

00008c04 <void (anonymous namespace)::blend_pair_body<3ul, 3ul>()>:
    8c04:	c0038601          	sfpload	L0,384,0,7

00008c08 <.LBB17583>:
    8c08:	c1038609          	sfpload	L4,386,0,7

00008c0c <.LBB17589>:
    8c0c:	c0838431          	sfpload	L2,268,0,7

00008c10 <.LBB17595>:
    8c10:	1428808a          	sfpadd	L2,L10,L2,L0,2

00008c14 <.LBB17598>:
    8c14:	c0438439          	sfpload	L1,270,0,7

00008c18 <.LBB17604>:
    8c18:	1428404a          	sfpadd	L1,L10,L1,L0,2

00008c1c <.LBB17607>:
    8c1c:	c0038531          	sfpload	L0,332,0,7

00008c20 <.LBB17613>:
    8c20:	1428100a          	sfpadd	L0,L10,L0,L4,2

00008c24 <.LBB17616>:
    8c24:	c0c38539          	sfpload	L3,334,0,7

00008c28 <.LBB17622>:
    8c28:	1428d0ca          	sfpadd	L3,L10,L3,L4,2

00008c2c <.LBB17625>:
    8c2c:	c1438611          	sfpload	L5,388,0,7

00008c30 <.LBB17631>:
    8c30:	1808a582          	sfpmul	L6,L2,L2,L9,0

00008c34 <.LBB17634>:
    8c34:	1815a582          	sfpmul	L6,L5,L6,L9,0

00008c38 <.LBB17637>:
    8c38:	18046502          	sfpmul	L4,L1,L1,L9,0

00008c3c <.LBB17640>:
    8c3c:	18152542          	sfpmul	L5,L5,L4,L9,0

00008c40 <.LBB17643>:
    8c40:	c1038619          	sfpload	L4,390,0,7

00008c44 <.LBB17649>:
    8c44:	18082482          	sfpmul	L2,L2,L0,L9,0

00008c48 <.LBB17652>:
    8c48:	10109882          	sfpmad	L2,L4,L2,L6,0

00008c4c <.LBB17655>:
    8c4c:	1804e442          	sfpmul	L1,L1,L3,L9,0

00008c50 <.LBB17658>:
    8c50:	10105502          	sfpmad	L4,L4,L1,L5,0

00008c54 <.LBB17661>:
    8c54:	c0438621          	sfpload	L1,392,0,7

00008c58 <.LBB17667>:
    8c58:	18002402          	sfpmul	L0,L0,L0,L9,0

00008c5c <.LBB17670>:
    8c5c:	10040802          	sfpmad	L0,L1,L0,L2,0

00008c60 <.LBB17673>:
    8c60:	180ce4c2          	sfpmul	L3,L3,L3,L9,0

00008c64 <.LBB17676>:
    8c64:	1004d042          	sfpmad	L1,L1,L3,L4,0

00008c68 <.LBB17679>:
    8c68:	48002406          	sfpswap	L0,L9,1
    8c6c:	3c000002          	sfpnop

00008c70 <.LBB17681>:
    8c70:	48002446          	sfpswap	L1,L9,1
    8c74:	3c000002          	sfpnop

00008c78 <.LBB17683>:
    8c78:	18032402          	sfpmul	L0,L0,L12,L9,0

00008c7c <.LBB17688>:
    8c7c:	d50bf801          	sfpaddi	L0,17150,0
    8c80:	3c000002          	sfpnop

00008c84 <.LBB17691>:
    8c84:	48000246          	sfpswap	L9,L0,1
    8c88:	3c000002          	sfpnop

00008c8c <.LBB17693>:
    8c8c:	dc000081          	sfpexexp	L2,L0,0

00008c90 <.LBB17697>:
    8c90:	e0000001          	sfpexman	L0,L0,0

00008c94 <.LBB17699>:
    8c94:	e8000801          	sfpshft	L0,L2,0x000,0

00008c98 <.LBB17701>:
    8c98:	dc000085          	sfpexexp	L2,L0,1

00008c9c <.LBB17703>:
    8c9c:	1000014c          	ttreplay	0,5,1,1
    8ca0:	e0000005          	sfpexman	L0,L0,1

00008ca4 <.LBB17705>:
    8ca4:	40000002          	sfpcast	L0,L0,0

00008ca8 <.LBB17707>:
    8ca8:	100378c2          	sfpmad	L3,L0,L13,L14,0

00008cac <.LBB17710>:
    8cac:	c1038659          	sfpload	L4,406,0,7

00008cb0 <.LBB17716>:
    8cb0:	1000d002          	sfpmad	L0,L0,L3,L4,0

00008cb4 <.LBB17719>:
    8cb4:	08000082          	sfpsetexp	L2,L0,0x000,0

00008cb8 <.LBB17721>:
    8cb8:	18072442          	sfpmul	L1,L1,L12,L9,0

00008cbc <.LBB17726>:
    8cbc:	d50bf841          	sfpaddi	L1,17150,0
    8cc0:	3c000002          	sfpnop

00008cc4 <.LBB17729>:
    8cc4:	48000646          	sfpswap	L9,L1,1
    8cc8:	3c000002          	sfpnop

00008ccc <.LBB17731>:
    8ccc:	dc0004c1          	sfpexexp	L3,L1,0

00008cd0 <.LBB17735>:
    8cd0:	e0000401          	sfpexman	L0,L1,0

00008cd4 <.LBB17737>:
    8cd4:	e8000c01          	sfpshft	L0,L3,0x000,0

00008cd8 <.LBB17739>:
    8cd8:	dc000045          	sfpexexp	L1,L0,1

00008cdc <.LBB17741>:
    8cdc:	10000140          	ttreplay	0,5,0,0

00008ce0 <.LBB17744>:
    8ce0:	08000042          	sfpsetexp	L1,L0,0x000,0

00008ce4 <.LBB17746>:
    8ce4:	c0038629          	sfpload	L0,394,0,7

00008ce8 <.LBB17752>:
    8ce8:	1800a482          	sfpmul	L2,L0,L2,L9,0

00008cec <.LBB17755>:
    8cec:	18006402          	sfpmul	L0,L0,L1,L9,0

00008cf0 <.LBB17758>:
    8cf0:	c0c38661          	sfpload	L3,408,0,7

00008cf4 <.LBB17764>:
    8cf4:	c0438661          	sfpload	L1,408,0,7

00008cf8 <.LBB17770>:
    8cf8:	48000c86          	sfpswap	L2,L3,1
    8cfc:	3c000002          	sfpnop

00008d00 <.LBB17772>:
    8d00:	48000406          	sfpswap	L0,L1,1
    8d04:	3c000002          	sfpnop

00008d08 <.LBB17774>:
    8d08:	c0438631          	sfpload	L1,396,0,7

00008d0c <.LBB17781>:
    8d0c:	1006c842          	sfpmad	L1,L1,L11,L2,0
    8d10:	ec000401          	sfpsetcc	L1,0x000,0

00008d14 <.LBB17785>:
    8d14:	f0002481          	sfpmov	L2,L9,0

00008d18 <.LBB17788>:
    8d18:	2800c02a          	sfpencc	0x003,10

00008d1c <.LBB17791>:
    8d1c:	c0438631          	sfpload	L1,396,0,7

00008d20 <.LBB17798>:
    8d20:	1006c042          	sfpmad	L1,L1,L11,L0,0
    8d24:	ec000401          	sfpsetcc	L1,0x000,0

00008d28 <.LBB17802>:
    8d28:	f0002401          	sfpmov	L0,L9,0

00008d2c <.LBB17805>:
    8d2c:	2800c02a          	sfpencc	0x003,10

00008d30 <.LBB17808>:
    8d30:	c1438331          	sfpload	L5,204,0,7

00008d34 <.LBB17814>:
    8d34:	c1038339          	sfpload	L4,206,0,7

00008d38 <.LBB17820>:
    8d38:	180964c2          	sfpmul	L3,L2,L5,L9,0

00008d3c <.LBB17823>:
    8d3c:	18012442          	sfpmul	L1,L0,L4,L9,0

00008d40 <.LBB17826>:
    8d40:	c1838639          	sfpload	L6,398,0,7

00008d44 <.LBB17832>:
    8d44:	c1c38031          	sfpload	L7,12,0,7

00008d48 <.LBB17838>:
    8d48:	100d9dc2          	sfpmad	L7,L3,L6,L7,0

00008d4c <.LBB17841>:
    8d4c:	c9c38031          	sfpstore	L7,12,0,7

00008d50 <.LBB17847>:
    8d50:	c1c38039          	sfpload	L7,14,0,7

00008d54 <.LBB17853>:
    8d54:	10059d82          	sfpmad	L6,L1,L6,L7,0

00008d58 <.LBB17856>:
    8d58:	c9838039          	sfpstore	L6,14,0,7

00008d5c <.LBB17862>:
    8d5c:	c1838641          	sfpload	L6,400,0,7

00008d60 <.LBB17868>:
    8d60:	c1c38131          	sfpload	L7,76,0,7

00008d64 <.LBB17874>:
    8d64:	100d9dc2          	sfpmad	L7,L3,L6,L7,0

00008d68 <.LBB17877>:
    8d68:	c9c38131          	sfpstore	L7,76,0,7

00008d6c <.LBB17883>:
    8d6c:	c1c38139          	sfpload	L7,78,0,7

00008d70 <.LBB17889>:
    8d70:	10059d82          	sfpmad	L6,L1,L6,L7,0

00008d74 <.LBB17892>:
    8d74:	c9838139          	sfpstore	L6,78,0,7

00008d78 <.LBB17898>:
    8d78:	c1838649          	sfpload	L6,402,0,7

00008d7c <.LBB17904>:
    8d7c:	c1c38231          	sfpload	L7,140,0,7

00008d80 <.LBB17910>:
    8d80:	100d9cc2          	sfpmad	L3,L3,L6,L7,0

00008d84 <.LBB17913>:
    8d84:	c8c38231          	sfpstore	L3,140,0,7

00008d88 <.LBB17919>:
    8d88:	c0c38239          	sfpload	L3,142,0,7

00008d8c <.LBB17925>:
    8d8c:	10058c42          	sfpmad	L1,L1,L6,L3,0

00008d90 <.LBB17928>:
    8d90:	c8438239          	sfpstore	L1,142,0,7

00008d94 <.LBB17934>:
    8d94:	142a888a          	sfpadd	L2,L10,L10,L2,2

00008d98 <.LBB17937>:
    8d98:	1814a542          	sfpmul	L5,L5,L2,L9,0

00008d9c <.LBB17940>:
    8d9c:	c9438331          	sfpstore	L5,204,0,7

00008da0 <.LBB17946>:
    8da0:	142a800a          	sfpadd	L0,L10,L10,L0,2

00008da4 <.LBB17949>:
    8da4:	18102402          	sfpmul	L0,L4,L0,L9,0

00008da8 <.LBB17952>:
    8da8:	c8038339          	sfpstore	L0,206,0,7

00008dac <.LBE17575>:
    8dac:	00008067          	ret

00008db0 <void (anonymous namespace)::blend_pair_body<4ul, 1ul>()>:
    8db0:	c0838441          	sfpload	L2,272,0,7

00008db4 <.LBB18916>:
    8db4:	c0438541          	sfpload	L1,336,0,7

00008db8 <.LBB18922>:
    8db8:	c1038611          	sfpload	L4,388,0,7

00008dbc <.LBB18928>:
    8dbc:	c0c38619          	sfpload	L3,390,0,7

00008dc0 <.LBB18934>:
    8dc0:	c0038621          	sfpload	L0,392,0,7

00008dc4 <.LBB18940>:
    8dc4:	c1838601          	sfpload	L6,384,0,7

00008dc8 <.LBB18946>:
    8dc8:	c1438609          	sfpload	L5,386,0,7

00008dcc <.LBB18952>:
    8dcc:	1428988a          	sfpadd	L2,L10,L2,L6,2

00008dd0 <.LBB18955>:
    8dd0:	1428544a          	sfpadd	L1,L10,L1,L5,2

00008dd4 <.LBB18958>:
    8dd4:	1808a542          	sfpmul	L5,L2,L2,L9,0

00008dd8 <.LBB18961>:
    8dd8:	18116502          	sfpmul	L4,L4,L5,L9,0

00008ddc <.LBB18964>:
    8ddc:	18086482          	sfpmul	L2,L2,L1,L9,0

00008de0 <.LBB18967>:
    8de0:	100c9082          	sfpmad	L2,L3,L2,L4,0

00008de4 <.LBB18970>:
    8de4:	18046442          	sfpmul	L1,L1,L1,L9,0

00008de8 <.LBB18973>:
    8de8:	10004802          	sfpmad	L0,L0,L1,L2,0
    8dec:	3c000002          	sfpnop

00008df0 <.LBB18976>:
    8df0:	48002406          	sfpswap	L0,L9,1
    8df4:	3c000002          	sfpnop

00008df8 <.LBB18978>:
    8df8:	18032402          	sfpmul	L0,L0,L12,L9,0

00008dfc <.LBB18983>:
    8dfc:	d50bf801          	sfpaddi	L0,17150,0
    8e00:	3c000002          	sfpnop

00008e04 <.LBB18986>:
    8e04:	48000246          	sfpswap	L9,L0,1
    8e08:	3c000002          	sfpnop

00008e0c <.LBB18988>:
    8e0c:	dc000041          	sfpexexp	L1,L0,0

00008e10 <.LBB18992>:
    8e10:	e0000001          	sfpexman	L0,L0,0

00008e14 <.LBB18994>:
    8e14:	e8000401          	sfpshft	L0,L1,0x000,0

00008e18 <.LBB18996>:
    8e18:	dc000045          	sfpexexp	L1,L0,1

00008e1c <.LBB18998>:
    8e1c:	e0000005          	sfpexman	L0,L0,1

00008e20 <.LBB19000>:
    8e20:	40000002          	sfpcast	L0,L0,0

00008e24 <.LBB19002>:
    8e24:	10037882          	sfpmad	L2,L0,L13,L14,0

00008e28 <.LBB19005>:
    8e28:	c0c38659          	sfpload	L3,406,0,7

00008e2c <.LBB19011>:
    8e2c:	10008c02          	sfpmad	L0,L0,L2,L3,0

00008e30 <.LBB19014>:
    8e30:	08000042          	sfpsetexp	L1,L0,0x000,0

00008e34 <.LBB19016>:
    8e34:	c0038629          	sfpload	L0,394,0,7

00008e38 <.LBB19022>:
    8e38:	18006402          	sfpmul	L0,L0,L1,L9,0

00008e3c <.LBB19025>:
    8e3c:	c0438661          	sfpload	L1,408,0,7

00008e40 <.LBB19031>:
    8e40:	48000406          	sfpswap	L0,L1,1
    8e44:	3c000002          	sfpnop

00008e48 <.LBB19033>:
    8e48:	c0438631          	sfpload	L1,396,0,7

00008e4c <.LBB19040>:
    8e4c:	1006c042          	sfpmad	L1,L1,L11,L0,0
    8e50:	ec000401          	sfpsetcc	L1,0x000,0

00008e54 <.LBB19044>:
    8e54:	f0002401          	sfpmov	L0,L9,0

00008e58 <.LBB19047>:
    8e58:	2800c02a          	sfpencc	0x003,10

00008e5c <.LBB19050>:
    8e5c:	c0838341          	sfpload	L2,208,0,7

00008e60 <.LBB19056>:
    8e60:	1800a442          	sfpmul	L1,L0,L2,L9,0

00008e64 <.LBB19059>:
    8e64:	c1038041          	sfpload	L4,16,0,7

00008e68 <.LBB19065>:
    8e68:	c0c38639          	sfpload	L3,398,0,7

00008e6c <.LBB19071>:
    8e6c:	1004d0c2          	sfpmad	L3,L1,L3,L4,0

00008e70 <.LBB19074>:
    8e70:	c8c38041          	sfpstore	L3,16,0,7

00008e74 <.LBB19080>:
    8e74:	c1038141          	sfpload	L4,80,0,7

00008e78 <.LBB19086>:
    8e78:	c0c38641          	sfpload	L3,400,0,7

00008e7c <.LBB19092>:
    8e7c:	1004d0c2          	sfpmad	L3,L1,L3,L4,0

00008e80 <.LBB19095>:
    8e80:	c8c38141          	sfpstore	L3,80,0,7

00008e84 <.LBB19101>:
    8e84:	c1038241          	sfpload	L4,144,0,7

00008e88 <.LBB19107>:
    8e88:	c0c38649          	sfpload	L3,402,0,7

00008e8c <.LBB19113>:
    8e8c:	1004d042          	sfpmad	L1,L1,L3,L4,0

00008e90 <.LBB19116>:
    8e90:	c8438241          	sfpstore	L1,144,0,7

00008e94 <.LBB19122>:
    8e94:	142a800a          	sfpadd	L0,L10,L10,L0,2

00008e98 <.LBB19125>:
    8e98:	18082402          	sfpmul	L0,L2,L0,L9,0

00008e9c <.LBB19128>:
    8e9c:	c8038341          	sfpstore	L0,208,0,7

00008ea0 <.LBE18908>:
    8ea0:	00008067          	ret

00008ea4 <void (anonymous namespace)::blend_pair_body<4ul, 2ul>()>:
    8ea4:	c0838449          	sfpload	L2,274,0,7

00008ea8 <.LBB20092>:
    8ea8:	c0438549          	sfpload	L1,338,0,7

00008eac <.LBB20098>:
    8eac:	c1038611          	sfpload	L4,388,0,7

00008eb0 <.LBB20104>:
    8eb0:	c0c38619          	sfpload	L3,390,0,7

00008eb4 <.LBB20110>:
    8eb4:	c0038621          	sfpload	L0,392,0,7

00008eb8 <.LBB20116>:
    8eb8:	c1838601          	sfpload	L6,384,0,7

00008ebc <.LBB20122>:
    8ebc:	c1438609          	sfpload	L5,386,0,7

00008ec0 <.LBB20128>:
    8ec0:	1428988a          	sfpadd	L2,L10,L2,L6,2

00008ec4 <.LBB20131>:
    8ec4:	1428544a          	sfpadd	L1,L10,L1,L5,2

00008ec8 <.LBB20134>:
    8ec8:	1808a542          	sfpmul	L5,L2,L2,L9,0

00008ecc <.LBB20137>:
    8ecc:	18116502          	sfpmul	L4,L4,L5,L9,0

00008ed0 <.LBB20140>:
    8ed0:	18086482          	sfpmul	L2,L2,L1,L9,0

00008ed4 <.LBB20143>:
    8ed4:	100c9082          	sfpmad	L2,L3,L2,L4,0

00008ed8 <.LBB20146>:
    8ed8:	18046442          	sfpmul	L1,L1,L1,L9,0

00008edc <.LBB20149>:
    8edc:	10004802          	sfpmad	L0,L0,L1,L2,0
    8ee0:	3c000002          	sfpnop

00008ee4 <.LBB20152>:
    8ee4:	48002406          	sfpswap	L0,L9,1
    8ee8:	3c000002          	sfpnop

00008eec <.LBB20154>:
    8eec:	18032402          	sfpmul	L0,L0,L12,L9,0

00008ef0 <.LBB20159>:
    8ef0:	d50bf801          	sfpaddi	L0,17150,0
    8ef4:	3c000002          	sfpnop

00008ef8 <.LBB20162>:
    8ef8:	48000246          	sfpswap	L9,L0,1
    8efc:	3c000002          	sfpnop

00008f00 <.LBB20164>:
    8f00:	dc000041          	sfpexexp	L1,L0,0

00008f04 <.LBB20168>:
    8f04:	e0000001          	sfpexman	L0,L0,0

00008f08 <.LBB20170>:
    8f08:	e8000401          	sfpshft	L0,L1,0x000,0

00008f0c <.LBB20172>:
    8f0c:	dc000045          	sfpexexp	L1,L0,1

00008f10 <.LBB20174>:
    8f10:	e0000005          	sfpexman	L0,L0,1

00008f14 <.LBB20176>:
    8f14:	40000002          	sfpcast	L0,L0,0

00008f18 <.LBB20178>:
    8f18:	10037882          	sfpmad	L2,L0,L13,L14,0

00008f1c <.LBB20181>:
    8f1c:	c0c38659          	sfpload	L3,406,0,7

00008f20 <.LBB20187>:
    8f20:	10008c02          	sfpmad	L0,L0,L2,L3,0

00008f24 <.LBB20190>:
    8f24:	08000042          	sfpsetexp	L1,L0,0x000,0

00008f28 <.LBB20192>:
    8f28:	c0038629          	sfpload	L0,394,0,7

00008f2c <.LBB20198>:
    8f2c:	18006402          	sfpmul	L0,L0,L1,L9,0

00008f30 <.LBB20201>:
    8f30:	c0438661          	sfpload	L1,408,0,7

00008f34 <.LBB20207>:
    8f34:	48000406          	sfpswap	L0,L1,1
    8f38:	3c000002          	sfpnop

00008f3c <.LBB20209>:
    8f3c:	c0438631          	sfpload	L1,396,0,7

00008f40 <.LBB20216>:
    8f40:	1006c042          	sfpmad	L1,L1,L11,L0,0
    8f44:	ec000401          	sfpsetcc	L1,0x000,0

00008f48 <.LBB20220>:
    8f48:	f0002401          	sfpmov	L0,L9,0

00008f4c <.LBB20223>:
    8f4c:	2800c02a          	sfpencc	0x003,10

00008f50 <.LBB20226>:
    8f50:	c0838349          	sfpload	L2,210,0,7

00008f54 <.LBB20232>:
    8f54:	1800a442          	sfpmul	L1,L0,L2,L9,0

00008f58 <.LBB20235>:
    8f58:	c1038049          	sfpload	L4,18,0,7

00008f5c <.LBB20241>:
    8f5c:	c0c38639          	sfpload	L3,398,0,7

00008f60 <.LBB20247>:
    8f60:	1004d0c2          	sfpmad	L3,L1,L3,L4,0

00008f64 <.LBB20250>:
    8f64:	c8c38049          	sfpstore	L3,18,0,7

00008f68 <.LBB20256>:
    8f68:	c1038149          	sfpload	L4,82,0,7

00008f6c <.LBB20262>:
    8f6c:	c0c38641          	sfpload	L3,400,0,7

00008f70 <.LBB20268>:
    8f70:	1004d0c2          	sfpmad	L3,L1,L3,L4,0

00008f74 <.LBB20271>:
    8f74:	c8c38149          	sfpstore	L3,82,0,7

00008f78 <.LBB20277>:
    8f78:	c1038249          	sfpload	L4,146,0,7

00008f7c <.LBB20283>:
    8f7c:	c0c38649          	sfpload	L3,402,0,7

00008f80 <.LBB20289>:
    8f80:	1004d042          	sfpmad	L1,L1,L3,L4,0

00008f84 <.LBB20292>:
    8f84:	c8438249          	sfpstore	L1,146,0,7

00008f88 <.LBB20298>:
    8f88:	142a800a          	sfpadd	L0,L10,L10,L0,2

00008f8c <.LBB20301>:
    8f8c:	18082402          	sfpmul	L0,L2,L0,L9,0

00008f90 <.LBB20304>:
    8f90:	c8038349          	sfpstore	L0,210,0,7

00008f94 <.LBE20084>:
    8f94:	00008067          	ret

00008f98 <void (anonymous namespace)::blend_pair_body<4ul, 3ul>()>:
    8f98:	c0038601          	sfpload	L0,384,0,7

00008f9c <.LBB22072>:
    8f9c:	c1038609          	sfpload	L4,386,0,7

00008fa0 <.LBB22078>:
    8fa0:	c0838441          	sfpload	L2,272,0,7

00008fa4 <.LBB22084>:
    8fa4:	1428808a          	sfpadd	L2,L10,L2,L0,2

00008fa8 <.LBB22087>:
    8fa8:	c0438449          	sfpload	L1,274,0,7

00008fac <.LBB22093>:
    8fac:	1428404a          	sfpadd	L1,L10,L1,L0,2

00008fb0 <.LBB22096>:
    8fb0:	c0038541          	sfpload	L0,336,0,7

00008fb4 <.LBB22102>:
    8fb4:	1428100a          	sfpadd	L0,L10,L0,L4,2

00008fb8 <.LBB22105>:
    8fb8:	c0c38549          	sfpload	L3,338,0,7

00008fbc <.LBB22111>:
    8fbc:	1428d0ca          	sfpadd	L3,L10,L3,L4,2

00008fc0 <.LBB22114>:
    8fc0:	c1438611          	sfpload	L5,388,0,7

00008fc4 <.LBB22120>:
    8fc4:	1808a582          	sfpmul	L6,L2,L2,L9,0

00008fc8 <.LBB22123>:
    8fc8:	1815a582          	sfpmul	L6,L5,L6,L9,0

00008fcc <.LBB22126>:
    8fcc:	18046502          	sfpmul	L4,L1,L1,L9,0

00008fd0 <.LBB22129>:
    8fd0:	18152542          	sfpmul	L5,L5,L4,L9,0

00008fd4 <.LBB22132>:
    8fd4:	c1038619          	sfpload	L4,390,0,7

00008fd8 <.LBB22138>:
    8fd8:	18082482          	sfpmul	L2,L2,L0,L9,0

00008fdc <.LBB22141>:
    8fdc:	10109882          	sfpmad	L2,L4,L2,L6,0

00008fe0 <.LBB22144>:
    8fe0:	1804e442          	sfpmul	L1,L1,L3,L9,0

00008fe4 <.LBB22147>:
    8fe4:	10105502          	sfpmad	L4,L4,L1,L5,0

00008fe8 <.LBB22150>:
    8fe8:	c0438621          	sfpload	L1,392,0,7

00008fec <.LBB22156>:
    8fec:	18002402          	sfpmul	L0,L0,L0,L9,0

00008ff0 <.LBB22159>:
    8ff0:	10040802          	sfpmad	L0,L1,L0,L2,0

00008ff4 <.LBB22162>:
    8ff4:	180ce4c2          	sfpmul	L3,L3,L3,L9,0

00008ff8 <.LBB22165>:
    8ff8:	1004d042          	sfpmad	L1,L1,L3,L4,0

00008ffc <.LBB22168>:
    8ffc:	48002406          	sfpswap	L0,L9,1
    9000:	3c000002          	sfpnop

00009004 <.LBB22170>:
    9004:	48002446          	sfpswap	L1,L9,1
    9008:	3c000002          	sfpnop

0000900c <.LBB22172>:
    900c:	18032402          	sfpmul	L0,L0,L12,L9,0

00009010 <.LBB22177>:
    9010:	d50bf801          	sfpaddi	L0,17150,0
    9014:	3c000002          	sfpnop

00009018 <.LBB22180>:
    9018:	48000246          	sfpswap	L9,L0,1
    901c:	3c000002          	sfpnop

00009020 <.LBB22182>:
    9020:	dc000081          	sfpexexp	L2,L0,0

00009024 <.LBB22186>:
    9024:	e0000001          	sfpexman	L0,L0,0

00009028 <.LBB22188>:
    9028:	e8000801          	sfpshft	L0,L2,0x000,0

0000902c <.LBB22190>:
    902c:	dc000085          	sfpexexp	L2,L0,1

00009030 <.LBB22192>:
    9030:	1000014c          	ttreplay	0,5,1,1
    9034:	e0000005          	sfpexman	L0,L0,1

00009038 <.LBB22194>:
    9038:	40000002          	sfpcast	L0,L0,0

0000903c <.LBB22196>:
    903c:	100378c2          	sfpmad	L3,L0,L13,L14,0

00009040 <.LBB22199>:
    9040:	c1038659          	sfpload	L4,406,0,7

00009044 <.LBB22205>:
    9044:	1000d002          	sfpmad	L0,L0,L3,L4,0

00009048 <.LBB22208>:
    9048:	08000082          	sfpsetexp	L2,L0,0x000,0

0000904c <.LBB22210>:
    904c:	18072442          	sfpmul	L1,L1,L12,L9,0

00009050 <.LBB22215>:
    9050:	d50bf841          	sfpaddi	L1,17150,0
    9054:	3c000002          	sfpnop

00009058 <.LBB22218>:
    9058:	48000646          	sfpswap	L9,L1,1
    905c:	3c000002          	sfpnop

00009060 <.LBB22220>:
    9060:	dc0004c1          	sfpexexp	L3,L1,0

00009064 <.LBB22224>:
    9064:	e0000401          	sfpexman	L0,L1,0

00009068 <.LBB22226>:
    9068:	e8000c01          	sfpshft	L0,L3,0x000,0

0000906c <.LBB22228>:
    906c:	dc000045          	sfpexexp	L1,L0,1

00009070 <.LBB22230>:
    9070:	10000140          	ttreplay	0,5,0,0

00009074 <.LBB22233>:
    9074:	08000042          	sfpsetexp	L1,L0,0x000,0

00009078 <.LBB22235>:
    9078:	c0038629          	sfpload	L0,394,0,7

0000907c <.LBB22241>:
    907c:	1800a482          	sfpmul	L2,L0,L2,L9,0

00009080 <.LBB22244>:
    9080:	18006402          	sfpmul	L0,L0,L1,L9,0

00009084 <.LBB22247>:
    9084:	c0c38661          	sfpload	L3,408,0,7

00009088 <.LBB22253>:
    9088:	c0438661          	sfpload	L1,408,0,7

0000908c <.LBB22259>:
    908c:	48000c86          	sfpswap	L2,L3,1
    9090:	3c000002          	sfpnop

00009094 <.LBB22261>:
    9094:	48000406          	sfpswap	L0,L1,1
    9098:	3c000002          	sfpnop

0000909c <.LBB22263>:
    909c:	c0438631          	sfpload	L1,396,0,7

000090a0 <.LBB22270>:
    90a0:	1006c842          	sfpmad	L1,L1,L11,L2,0
    90a4:	ec000401          	sfpsetcc	L1,0x000,0

000090a8 <.LBB22274>:
    90a8:	f0002481          	sfpmov	L2,L9,0

000090ac <.LBB22277>:
    90ac:	2800c02a          	sfpencc	0x003,10

000090b0 <.LBB22280>:
    90b0:	c0438631          	sfpload	L1,396,0,7

000090b4 <.LBB22287>:
    90b4:	1006c042          	sfpmad	L1,L1,L11,L0,0
    90b8:	ec000401          	sfpsetcc	L1,0x000,0

000090bc <.LBB22291>:
    90bc:	f0002401          	sfpmov	L0,L9,0

000090c0 <.LBB22294>:
    90c0:	2800c02a          	sfpencc	0x003,10

000090c4 <.LBB22297>:
    90c4:	c1438341          	sfpload	L5,208,0,7

000090c8 <.LBB22303>:
    90c8:	c1038349          	sfpload	L4,210,0,7

000090cc <.LBB22309>:
    90cc:	180964c2          	sfpmul	L3,L2,L5,L9,0

000090d0 <.LBB22312>:
    90d0:	18012442          	sfpmul	L1,L0,L4,L9,0

000090d4 <.LBB22315>:
    90d4:	c1838639          	sfpload	L6,398,0,7

000090d8 <.LBB22321>:
    90d8:	c1c38041          	sfpload	L7,16,0,7

000090dc <.LBB22327>:
    90dc:	100d9dc2          	sfpmad	L7,L3,L6,L7,0

000090e0 <.LBB22330>:
    90e0:	c9c38041          	sfpstore	L7,16,0,7

000090e4 <.LBB22336>:
    90e4:	c1c38049          	sfpload	L7,18,0,7

000090e8 <.LBB22342>:
    90e8:	10059d82          	sfpmad	L6,L1,L6,L7,0

000090ec <.LBB22345>:
    90ec:	c9838049          	sfpstore	L6,18,0,7

000090f0 <.LBB22351>:
    90f0:	c1838641          	sfpload	L6,400,0,7

000090f4 <.LBB22357>:
    90f4:	c1c38141          	sfpload	L7,80,0,7

000090f8 <.LBB22363>:
    90f8:	100d9dc2          	sfpmad	L7,L3,L6,L7,0

000090fc <.LBB22366>:
    90fc:	c9c38141          	sfpstore	L7,80,0,7

00009100 <.LBB22372>:
    9100:	c1c38149          	sfpload	L7,82,0,7

00009104 <.LBB22378>:
    9104:	10059d82          	sfpmad	L6,L1,L6,L7,0

00009108 <.LBB22381>:
    9108:	c9838149          	sfpstore	L6,82,0,7

0000910c <.LBB22387>:
    910c:	c1838649          	sfpload	L6,402,0,7

00009110 <.LBB22393>:
    9110:	c1c38241          	sfpload	L7,144,0,7

00009114 <.LBB22399>:
    9114:	100d9cc2          	sfpmad	L3,L3,L6,L7,0

00009118 <.LBB22402>:
    9118:	c8c38241          	sfpstore	L3,144,0,7

0000911c <.LBB22408>:
    911c:	c0c38249          	sfpload	L3,146,0,7

00009120 <.LBB22414>:
    9120:	10058c42          	sfpmad	L1,L1,L6,L3,0

00009124 <.LBB22417>:
    9124:	c8438249          	sfpstore	L1,146,0,7

00009128 <.LBB22423>:
    9128:	142a888a          	sfpadd	L2,L10,L10,L2,2

0000912c <.LBB22426>:
    912c:	1814a542          	sfpmul	L5,L5,L2,L9,0

00009130 <.LBB22429>:
    9130:	c9438341          	sfpstore	L5,208,0,7

00009134 <.LBB22435>:
    9134:	142a800a          	sfpadd	L0,L10,L10,L0,2

00009138 <.LBB22438>:
    9138:	18102402          	sfpmul	L0,L4,L0,L9,0

0000913c <.LBB22441>:
    913c:	c8038349          	sfpstore	L0,210,0,7

00009140 <.LBE22064>:
    9140:	00008067          	ret

00009144 <void (anonymous namespace)::blend_pair_body<5ul, 1ul>()>:
    9144:	c0838451          	sfpload	L2,276,0,7

00009148 <.LBB23405>:
    9148:	c0438551          	sfpload	L1,340,0,7

0000914c <.LBB23411>:
    914c:	c1038611          	sfpload	L4,388,0,7

00009150 <.LBB23417>:
    9150:	c0c38619          	sfpload	L3,390,0,7

00009154 <.LBB23423>:
    9154:	c0038621          	sfpload	L0,392,0,7

00009158 <.LBB23429>:
    9158:	c1838601          	sfpload	L6,384,0,7

0000915c <.LBB23435>:
    915c:	c1438609          	sfpload	L5,386,0,7

00009160 <.LBB23441>:
    9160:	1428988a          	sfpadd	L2,L10,L2,L6,2

00009164 <.LBB23444>:
    9164:	1428544a          	sfpadd	L1,L10,L1,L5,2

00009168 <.LBB23447>:
    9168:	1808a542          	sfpmul	L5,L2,L2,L9,0

0000916c <.LBB23450>:
    916c:	18116502          	sfpmul	L4,L4,L5,L9,0

00009170 <.LBB23453>:
    9170:	18086482          	sfpmul	L2,L2,L1,L9,0

00009174 <.LBB23456>:
    9174:	100c9082          	sfpmad	L2,L3,L2,L4,0

00009178 <.LBB23459>:
    9178:	18046442          	sfpmul	L1,L1,L1,L9,0

0000917c <.LBB23462>:
    917c:	10004802          	sfpmad	L0,L0,L1,L2,0
    9180:	3c000002          	sfpnop

00009184 <.LBB23465>:
    9184:	48002406          	sfpswap	L0,L9,1
    9188:	3c000002          	sfpnop

0000918c <.LBB23467>:
    918c:	18032402          	sfpmul	L0,L0,L12,L9,0

00009190 <.LBB23472>:
    9190:	d50bf801          	sfpaddi	L0,17150,0
    9194:	3c000002          	sfpnop

00009198 <.LBB23475>:
    9198:	48000246          	sfpswap	L9,L0,1
    919c:	3c000002          	sfpnop

000091a0 <.LBB23477>:
    91a0:	dc000041          	sfpexexp	L1,L0,0

000091a4 <.LBB23481>:
    91a4:	e0000001          	sfpexman	L0,L0,0

000091a8 <.LBB23483>:
    91a8:	e8000401          	sfpshft	L0,L1,0x000,0

000091ac <.LBB23485>:
    91ac:	dc000045          	sfpexexp	L1,L0,1

000091b0 <.LBB23487>:
    91b0:	e0000005          	sfpexman	L0,L0,1

000091b4 <.LBB23489>:
    91b4:	40000002          	sfpcast	L0,L0,0

000091b8 <.LBB23491>:
    91b8:	10037882          	sfpmad	L2,L0,L13,L14,0

000091bc <.LBB23494>:
    91bc:	c0c38659          	sfpload	L3,406,0,7

000091c0 <.LBB23500>:
    91c0:	10008c02          	sfpmad	L0,L0,L2,L3,0

000091c4 <.LBB23503>:
    91c4:	08000042          	sfpsetexp	L1,L0,0x000,0

000091c8 <.LBB23505>:
    91c8:	c0038629          	sfpload	L0,394,0,7

000091cc <.LBB23511>:
    91cc:	18006402          	sfpmul	L0,L0,L1,L9,0

000091d0 <.LBB23514>:
    91d0:	c0438661          	sfpload	L1,408,0,7

000091d4 <.LBB23520>:
    91d4:	48000406          	sfpswap	L0,L1,1
    91d8:	3c000002          	sfpnop

000091dc <.LBB23522>:
    91dc:	c0438631          	sfpload	L1,396,0,7

000091e0 <.LBB23529>:
    91e0:	1006c042          	sfpmad	L1,L1,L11,L0,0
    91e4:	ec000401          	sfpsetcc	L1,0x000,0

000091e8 <.LBB23533>:
    91e8:	f0002401          	sfpmov	L0,L9,0

000091ec <.LBB23536>:
    91ec:	2800c02a          	sfpencc	0x003,10

000091f0 <.LBB23539>:
    91f0:	c0838351          	sfpload	L2,212,0,7

000091f4 <.LBB23545>:
    91f4:	1800a442          	sfpmul	L1,L0,L2,L9,0

000091f8 <.LBB23548>:
    91f8:	c1038051          	sfpload	L4,20,0,7

000091fc <.LBB23554>:
    91fc:	c0c38639          	sfpload	L3,398,0,7

00009200 <.LBB23560>:
    9200:	1004d0c2          	sfpmad	L3,L1,L3,L4,0

00009204 <.LBB23563>:
    9204:	c8c38051          	sfpstore	L3,20,0,7

00009208 <.LBB23569>:
    9208:	c1038151          	sfpload	L4,84,0,7

0000920c <.LBB23575>:
    920c:	c0c38641          	sfpload	L3,400,0,7

00009210 <.LBB23581>:
    9210:	1004d0c2          	sfpmad	L3,L1,L3,L4,0

00009214 <.LBB23584>:
    9214:	c8c38151          	sfpstore	L3,84,0,7

00009218 <.LBB23590>:
    9218:	c1038251          	sfpload	L4,148,0,7

0000921c <.LBB23596>:
    921c:	c0c38649          	sfpload	L3,402,0,7

00009220 <.LBB23602>:
    9220:	1004d042          	sfpmad	L1,L1,L3,L4,0

00009224 <.LBB23605>:
    9224:	c8438251          	sfpstore	L1,148,0,7

00009228 <.LBB23611>:
    9228:	142a800a          	sfpadd	L0,L10,L10,L0,2

0000922c <.LBB23614>:
    922c:	18082402          	sfpmul	L0,L2,L0,L9,0

00009230 <.LBB23617>:
    9230:	c8038351          	sfpstore	L0,212,0,7

00009234 <.LBE23397>:
    9234:	00008067          	ret

00009238 <void (anonymous namespace)::blend_pair_body<5ul, 2ul>()>:
    9238:	c0838459          	sfpload	L2,278,0,7

0000923c <.LBB24581>:
    923c:	c0438559          	sfpload	L1,342,0,7

00009240 <.LBB24587>:
    9240:	c1038611          	sfpload	L4,388,0,7

00009244 <.LBB24593>:
    9244:	c0c38619          	sfpload	L3,390,0,7

00009248 <.LBB24599>:
    9248:	c0038621          	sfpload	L0,392,0,7

0000924c <.LBB24605>:
    924c:	c1838601          	sfpload	L6,384,0,7

00009250 <.LBB24611>:
    9250:	c1438609          	sfpload	L5,386,0,7

00009254 <.LBB24617>:
    9254:	1428988a          	sfpadd	L2,L10,L2,L6,2

00009258 <.LBB24620>:
    9258:	1428544a          	sfpadd	L1,L10,L1,L5,2

0000925c <.LBB24623>:
    925c:	1808a542          	sfpmul	L5,L2,L2,L9,0

00009260 <.LBB24626>:
    9260:	18116502          	sfpmul	L4,L4,L5,L9,0

00009264 <.LBB24629>:
    9264:	18086482          	sfpmul	L2,L2,L1,L9,0

00009268 <.LBB24632>:
    9268:	100c9082          	sfpmad	L2,L3,L2,L4,0

0000926c <.LBB24635>:
    926c:	18046442          	sfpmul	L1,L1,L1,L9,0

00009270 <.LBB24638>:
    9270:	10004802          	sfpmad	L0,L0,L1,L2,0
    9274:	3c000002          	sfpnop

00009278 <.LBB24641>:
    9278:	48002406          	sfpswap	L0,L9,1
    927c:	3c000002          	sfpnop

00009280 <.LBB24643>:
    9280:	18032402          	sfpmul	L0,L0,L12,L9,0

00009284 <.LBB24648>:
    9284:	d50bf801          	sfpaddi	L0,17150,0
    9288:	3c000002          	sfpnop

0000928c <.LBB24651>:
    928c:	48000246          	sfpswap	L9,L0,1
    9290:	3c000002          	sfpnop

00009294 <.LBB24653>:
    9294:	dc000041          	sfpexexp	L1,L0,0

00009298 <.LBB24657>:
    9298:	e0000001          	sfpexman	L0,L0,0

0000929c <.LBB24659>:
    929c:	e8000401          	sfpshft	L0,L1,0x000,0

000092a0 <.LBB24661>:
    92a0:	dc000045          	sfpexexp	L1,L0,1

000092a4 <.LBB24663>:
    92a4:	e0000005          	sfpexman	L0,L0,1

000092a8 <.LBB24665>:
    92a8:	40000002          	sfpcast	L0,L0,0

000092ac <.LBB24667>:
    92ac:	10037882          	sfpmad	L2,L0,L13,L14,0

000092b0 <.LBB24670>:
    92b0:	c0c38659          	sfpload	L3,406,0,7

000092b4 <.LBB24676>:
    92b4:	10008c02          	sfpmad	L0,L0,L2,L3,0

000092b8 <.LBB24679>:
    92b8:	08000042          	sfpsetexp	L1,L0,0x000,0

000092bc <.LBB24681>:
    92bc:	c0038629          	sfpload	L0,394,0,7

000092c0 <.LBB24687>:
    92c0:	18006402          	sfpmul	L0,L0,L1,L9,0

000092c4 <.LBB24690>:
    92c4:	c0438661          	sfpload	L1,408,0,7

000092c8 <.LBB24696>:
    92c8:	48000406          	sfpswap	L0,L1,1
    92cc:	3c000002          	sfpnop

000092d0 <.LBB24698>:
    92d0:	c0438631          	sfpload	L1,396,0,7

000092d4 <.LBB24705>:
    92d4:	1006c042          	sfpmad	L1,L1,L11,L0,0
    92d8:	ec000401          	sfpsetcc	L1,0x000,0

000092dc <.LBB24709>:
    92dc:	f0002401          	sfpmov	L0,L9,0

000092e0 <.LBB24712>:
    92e0:	2800c02a          	sfpencc	0x003,10

000092e4 <.LBB24715>:
    92e4:	c0838359          	sfpload	L2,214,0,7

000092e8 <.LBB24721>:
    92e8:	1800a442          	sfpmul	L1,L0,L2,L9,0

000092ec <.LBB24724>:
    92ec:	c1038059          	sfpload	L4,22,0,7

000092f0 <.LBB24730>:
    92f0:	c0c38639          	sfpload	L3,398,0,7

000092f4 <.LBB24736>:
    92f4:	1004d0c2          	sfpmad	L3,L1,L3,L4,0

000092f8 <.LBB24739>:
    92f8:	c8c38059          	sfpstore	L3,22,0,7

000092fc <.LBB24745>:
    92fc:	c1038159          	sfpload	L4,86,0,7

00009300 <.LBB24751>:
    9300:	c0c38641          	sfpload	L3,400,0,7

00009304 <.LBB24757>:
    9304:	1004d0c2          	sfpmad	L3,L1,L3,L4,0

00009308 <.LBB24760>:
    9308:	c8c38159          	sfpstore	L3,86,0,7

0000930c <.LBB24766>:
    930c:	c1038259          	sfpload	L4,150,0,7

00009310 <.LBB24772>:
    9310:	c0c38649          	sfpload	L3,402,0,7

00009314 <.LBB24778>:
    9314:	1004d042          	sfpmad	L1,L1,L3,L4,0

00009318 <.LBB24781>:
    9318:	c8438259          	sfpstore	L1,150,0,7

0000931c <.LBB24787>:
    931c:	142a800a          	sfpadd	L0,L10,L10,L0,2

00009320 <.LBB24790>:
    9320:	18082402          	sfpmul	L0,L2,L0,L9,0

00009324 <.LBB24793>:
    9324:	c8038359          	sfpstore	L0,214,0,7

00009328 <.LBE24573>:
    9328:	00008067          	ret

0000932c <void (anonymous namespace)::blend_pair_body<5ul, 3ul>()>:
    932c:	c0038601          	sfpload	L0,384,0,7

00009330 <.LBB26561>:
    9330:	c1038609          	sfpload	L4,386,0,7

00009334 <.LBB26567>:
    9334:	c0838451          	sfpload	L2,276,0,7

00009338 <.LBB26573>:
    9338:	1428808a          	sfpadd	L2,L10,L2,L0,2

0000933c <.LBB26576>:
    933c:	c0438459          	sfpload	L1,278,0,7

00009340 <.LBB26582>:
    9340:	1428404a          	sfpadd	L1,L10,L1,L0,2

00009344 <.LBB26585>:
    9344:	c0038551          	sfpload	L0,340,0,7

00009348 <.LBB26591>:
    9348:	1428100a          	sfpadd	L0,L10,L0,L4,2

0000934c <.LBB26594>:
    934c:	c0c38559          	sfpload	L3,342,0,7

00009350 <.LBB26600>:
    9350:	1428d0ca          	sfpadd	L3,L10,L3,L4,2

00009354 <.LBB26603>:
    9354:	c1438611          	sfpload	L5,388,0,7

00009358 <.LBB26609>:
    9358:	1808a582          	sfpmul	L6,L2,L2,L9,0

0000935c <.LBB26612>:
    935c:	1815a582          	sfpmul	L6,L5,L6,L9,0

00009360 <.LBB26615>:
    9360:	18046502          	sfpmul	L4,L1,L1,L9,0

00009364 <.LBB26618>:
    9364:	18152542          	sfpmul	L5,L5,L4,L9,0

00009368 <.LBB26621>:
    9368:	c1038619          	sfpload	L4,390,0,7

0000936c <.LBB26627>:
    936c:	18082482          	sfpmul	L2,L2,L0,L9,0

00009370 <.LBB26630>:
    9370:	10109882          	sfpmad	L2,L4,L2,L6,0

00009374 <.LBB26633>:
    9374:	1804e442          	sfpmul	L1,L1,L3,L9,0

00009378 <.LBB26636>:
    9378:	10105502          	sfpmad	L4,L4,L1,L5,0

0000937c <.LBB26639>:
    937c:	c0438621          	sfpload	L1,392,0,7

00009380 <.LBB26645>:
    9380:	18002402          	sfpmul	L0,L0,L0,L9,0

00009384 <.LBB26648>:
    9384:	10040802          	sfpmad	L0,L1,L0,L2,0

00009388 <.LBB26651>:
    9388:	180ce4c2          	sfpmul	L3,L3,L3,L9,0

0000938c <.LBB26654>:
    938c:	1004d042          	sfpmad	L1,L1,L3,L4,0

00009390 <.LBB26657>:
    9390:	48002406          	sfpswap	L0,L9,1
    9394:	3c000002          	sfpnop

00009398 <.LBB26659>:
    9398:	48002446          	sfpswap	L1,L9,1
    939c:	3c000002          	sfpnop

000093a0 <.LBB26661>:
    93a0:	18032402          	sfpmul	L0,L0,L12,L9,0

000093a4 <.LBB26666>:
    93a4:	d50bf801          	sfpaddi	L0,17150,0
    93a8:	3c000002          	sfpnop

000093ac <.LBB26669>:
    93ac:	48000246          	sfpswap	L9,L0,1
    93b0:	3c000002          	sfpnop

000093b4 <.LBB26671>:
    93b4:	dc000081          	sfpexexp	L2,L0,0

000093b8 <.LBB26675>:
    93b8:	e0000001          	sfpexman	L0,L0,0

000093bc <.LBB26677>:
    93bc:	e8000801          	sfpshft	L0,L2,0x000,0

000093c0 <.LBB26679>:
    93c0:	dc000085          	sfpexexp	L2,L0,1

000093c4 <.LBB26681>:
    93c4:	1000014c          	ttreplay	0,5,1,1
    93c8:	e0000005          	sfpexman	L0,L0,1

000093cc <.LBB26683>:
    93cc:	40000002          	sfpcast	L0,L0,0

000093d0 <.LBB26685>:
    93d0:	100378c2          	sfpmad	L3,L0,L13,L14,0

000093d4 <.LBB26688>:
    93d4:	c1038659          	sfpload	L4,406,0,7

000093d8 <.LBB26694>:
    93d8:	1000d002          	sfpmad	L0,L0,L3,L4,0

000093dc <.LBB26697>:
    93dc:	08000082          	sfpsetexp	L2,L0,0x000,0

000093e0 <.LBB26699>:
    93e0:	18072442          	sfpmul	L1,L1,L12,L9,0

000093e4 <.LBB26704>:
    93e4:	d50bf841          	sfpaddi	L1,17150,0
    93e8:	3c000002          	sfpnop

000093ec <.LBB26707>:
    93ec:	48000646          	sfpswap	L9,L1,1
    93f0:	3c000002          	sfpnop

000093f4 <.LBB26709>:
    93f4:	dc0004c1          	sfpexexp	L3,L1,0

000093f8 <.LBB26713>:
    93f8:	e0000401          	sfpexman	L0,L1,0

000093fc <.LBB26715>:
    93fc:	e8000c01          	sfpshft	L0,L3,0x000,0

00009400 <.LBB26717>:
    9400:	dc000045          	sfpexexp	L1,L0,1

00009404 <.LBB26719>:
    9404:	10000140          	ttreplay	0,5,0,0

00009408 <.LBB26722>:
    9408:	08000042          	sfpsetexp	L1,L0,0x000,0

0000940c <.LBB26724>:
    940c:	c0038629          	sfpload	L0,394,0,7

00009410 <.LBB26730>:
    9410:	1800a482          	sfpmul	L2,L0,L2,L9,0

00009414 <.LBB26733>:
    9414:	18006402          	sfpmul	L0,L0,L1,L9,0

00009418 <.LBB26736>:
    9418:	c0c38661          	sfpload	L3,408,0,7

0000941c <.LBB26742>:
    941c:	c0438661          	sfpload	L1,408,0,7

00009420 <.LBB26748>:
    9420:	48000c86          	sfpswap	L2,L3,1
    9424:	3c000002          	sfpnop

00009428 <.LBB26750>:
    9428:	48000406          	sfpswap	L0,L1,1
    942c:	3c000002          	sfpnop

00009430 <.LBB26752>:
    9430:	c0438631          	sfpload	L1,396,0,7

00009434 <.LBB26759>:
    9434:	1006c842          	sfpmad	L1,L1,L11,L2,0
    9438:	ec000401          	sfpsetcc	L1,0x000,0

0000943c <.LBB26763>:
    943c:	f0002481          	sfpmov	L2,L9,0

00009440 <.LBB26766>:
    9440:	2800c02a          	sfpencc	0x003,10

00009444 <.LBB26769>:
    9444:	c0438631          	sfpload	L1,396,0,7

00009448 <.LBB26776>:
    9448:	1006c042          	sfpmad	L1,L1,L11,L0,0
    944c:	ec000401          	sfpsetcc	L1,0x000,0

00009450 <.LBB26780>:
    9450:	f0002401          	sfpmov	L0,L9,0

00009454 <.LBB26783>:
    9454:	2800c02a          	sfpencc	0x003,10

00009458 <.LBB26786>:
    9458:	c1438351          	sfpload	L5,212,0,7

0000945c <.LBB26792>:
    945c:	c1038359          	sfpload	L4,214,0,7

00009460 <.LBB26798>:
    9460:	180964c2          	sfpmul	L3,L2,L5,L9,0

00009464 <.LBB26801>:
    9464:	18012442          	sfpmul	L1,L0,L4,L9,0

00009468 <.LBB26804>:
    9468:	c1838639          	sfpload	L6,398,0,7

0000946c <.LBB26810>:
    946c:	c1c38051          	sfpload	L7,20,0,7

00009470 <.LBB26816>:
    9470:	100d9dc2          	sfpmad	L7,L3,L6,L7,0

00009474 <.LBB26819>:
    9474:	c9c38051          	sfpstore	L7,20,0,7

00009478 <.LBB26825>:
    9478:	c1c38059          	sfpload	L7,22,0,7

0000947c <.LBB26831>:
    947c:	10059d82          	sfpmad	L6,L1,L6,L7,0

00009480 <.LBB26834>:
    9480:	c9838059          	sfpstore	L6,22,0,7

00009484 <.LBB26840>:
    9484:	c1838641          	sfpload	L6,400,0,7

00009488 <.LBB26846>:
    9488:	c1c38151          	sfpload	L7,84,0,7

0000948c <.LBB26852>:
    948c:	100d9dc2          	sfpmad	L7,L3,L6,L7,0

00009490 <.LBB26855>:
    9490:	c9c38151          	sfpstore	L7,84,0,7

00009494 <.LBB26861>:
    9494:	c1c38159          	sfpload	L7,86,0,7

00009498 <.LBB26867>:
    9498:	10059d82          	sfpmad	L6,L1,L6,L7,0

0000949c <.LBB26870>:
    949c:	c9838159          	sfpstore	L6,86,0,7

000094a0 <.LBB26876>:
    94a0:	c1838649          	sfpload	L6,402,0,7

000094a4 <.LBB26882>:
    94a4:	c1c38251          	sfpload	L7,148,0,7

000094a8 <.LBB26888>:
    94a8:	100d9cc2          	sfpmad	L3,L3,L6,L7,0

000094ac <.LBB26891>:
    94ac:	c8c38251          	sfpstore	L3,148,0,7

000094b0 <.LBB26897>:
    94b0:	c0c38259          	sfpload	L3,150,0,7

000094b4 <.LBB26903>:
    94b4:	10058c42          	sfpmad	L1,L1,L6,L3,0

000094b8 <.LBB26906>:
    94b8:	c8438259          	sfpstore	L1,150,0,7

000094bc <.LBB26912>:
    94bc:	142a888a          	sfpadd	L2,L10,L10,L2,2

000094c0 <.LBB26915>:
    94c0:	1814a542          	sfpmul	L5,L5,L2,L9,0

000094c4 <.LBB26918>:
    94c4:	c9438351          	sfpstore	L5,212,0,7

000094c8 <.LBB26924>:
    94c8:	142a800a          	sfpadd	L0,L10,L10,L0,2

000094cc <.LBB26927>:
    94cc:	18102402          	sfpmul	L0,L4,L0,L9,0

000094d0 <.LBB26930>:
    94d0:	c8038359          	sfpstore	L0,214,0,7

000094d4 <.LBE26553>:
    94d4:	00008067          	ret

000094d8 <void (anonymous namespace)::blend_pair_body<6ul, 1ul>()>:
    94d8:	c0838461          	sfpload	L2,280,0,7

000094dc <.LBB27894>:
    94dc:	c0438561          	sfpload	L1,344,0,7

000094e0 <.LBB27900>:
    94e0:	c1038611          	sfpload	L4,388,0,7

000094e4 <.LBB27906>:
    94e4:	c0c38619          	sfpload	L3,390,0,7

000094e8 <.LBB27912>:
    94e8:	c0038621          	sfpload	L0,392,0,7

000094ec <.LBB27918>:
    94ec:	c1838601          	sfpload	L6,384,0,7

000094f0 <.LBB27924>:
    94f0:	c1438609          	sfpload	L5,386,0,7

000094f4 <.LBB27930>:
    94f4:	1428988a          	sfpadd	L2,L10,L2,L6,2

000094f8 <.LBB27933>:
    94f8:	1428544a          	sfpadd	L1,L10,L1,L5,2

000094fc <.LBB27936>:
    94fc:	1808a542          	sfpmul	L5,L2,L2,L9,0

00009500 <.LBB27939>:
    9500:	18116502          	sfpmul	L4,L4,L5,L9,0

00009504 <.LBB27942>:
    9504:	18086482          	sfpmul	L2,L2,L1,L9,0

00009508 <.LBB27945>:
    9508:	100c9082          	sfpmad	L2,L3,L2,L4,0

0000950c <.LBB27948>:
    950c:	18046442          	sfpmul	L1,L1,L1,L9,0

00009510 <.LBB27951>:
    9510:	10004802          	sfpmad	L0,L0,L1,L2,0
    9514:	3c000002          	sfpnop

00009518 <.LBB27954>:
    9518:	48002406          	sfpswap	L0,L9,1
    951c:	3c000002          	sfpnop

00009520 <.LBB27956>:
    9520:	18032402          	sfpmul	L0,L0,L12,L9,0

00009524 <.LBB27961>:
    9524:	d50bf801          	sfpaddi	L0,17150,0
    9528:	3c000002          	sfpnop

0000952c <.LBB27964>:
    952c:	48000246          	sfpswap	L9,L0,1
    9530:	3c000002          	sfpnop

00009534 <.LBB27966>:
    9534:	dc000041          	sfpexexp	L1,L0,0

00009538 <.LBB27970>:
    9538:	e0000001          	sfpexman	L0,L0,0

0000953c <.LBB27972>:
    953c:	e8000401          	sfpshft	L0,L1,0x000,0

00009540 <.LBB27974>:
    9540:	dc000045          	sfpexexp	L1,L0,1

00009544 <.LBB27976>:
    9544:	e0000005          	sfpexman	L0,L0,1

00009548 <.LBB27978>:
    9548:	40000002          	sfpcast	L0,L0,0

0000954c <.LBB27980>:
    954c:	10037882          	sfpmad	L2,L0,L13,L14,0

00009550 <.LBB27983>:
    9550:	c0c38659          	sfpload	L3,406,0,7

00009554 <.LBB27989>:
    9554:	10008c02          	sfpmad	L0,L0,L2,L3,0

00009558 <.LBB27992>:
    9558:	08000042          	sfpsetexp	L1,L0,0x000,0

0000955c <.LBB27994>:
    955c:	c0038629          	sfpload	L0,394,0,7

00009560 <.LBB28000>:
    9560:	18006402          	sfpmul	L0,L0,L1,L9,0

00009564 <.LBB28003>:
    9564:	c0438661          	sfpload	L1,408,0,7

00009568 <.LBB28009>:
    9568:	48000406          	sfpswap	L0,L1,1
    956c:	3c000002          	sfpnop

00009570 <.LBB28011>:
    9570:	c0438631          	sfpload	L1,396,0,7

00009574 <.LBB28018>:
    9574:	1006c042          	sfpmad	L1,L1,L11,L0,0
    9578:	ec000401          	sfpsetcc	L1,0x000,0

0000957c <.LBB28022>:
    957c:	f0002401          	sfpmov	L0,L9,0

00009580 <.LBB28025>:
    9580:	2800c02a          	sfpencc	0x003,10

00009584 <.LBB28028>:
    9584:	c0838361          	sfpload	L2,216,0,7

00009588 <.LBB28034>:
    9588:	1800a442          	sfpmul	L1,L0,L2,L9,0

0000958c <.LBB28037>:
    958c:	c1038061          	sfpload	L4,24,0,7

00009590 <.LBB28043>:
    9590:	c0c38639          	sfpload	L3,398,0,7

00009594 <.LBB28049>:
    9594:	1004d0c2          	sfpmad	L3,L1,L3,L4,0

00009598 <.LBB28052>:
    9598:	c8c38061          	sfpstore	L3,24,0,7

0000959c <.LBB28058>:
    959c:	c1038161          	sfpload	L4,88,0,7

000095a0 <.LBB28064>:
    95a0:	c0c38641          	sfpload	L3,400,0,7

000095a4 <.LBB28070>:
    95a4:	1004d0c2          	sfpmad	L3,L1,L3,L4,0

000095a8 <.LBB28073>:
    95a8:	c8c38161          	sfpstore	L3,88,0,7

000095ac <.LBB28079>:
    95ac:	c1038261          	sfpload	L4,152,0,7

000095b0 <.LBB28085>:
    95b0:	c0c38649          	sfpload	L3,402,0,7

000095b4 <.LBB28091>:
    95b4:	1004d042          	sfpmad	L1,L1,L3,L4,0

000095b8 <.LBB28094>:
    95b8:	c8438261          	sfpstore	L1,152,0,7

000095bc <.LBB28100>:
    95bc:	142a800a          	sfpadd	L0,L10,L10,L0,2

000095c0 <.LBB28103>:
    95c0:	18082402          	sfpmul	L0,L2,L0,L9,0

000095c4 <.LBB28106>:
    95c4:	c8038361          	sfpstore	L0,216,0,7

000095c8 <.LBE27886>:
    95c8:	00008067          	ret

000095cc <void (anonymous namespace)::blend_pair_body<6ul, 2ul>()>:
    95cc:	c0838469          	sfpload	L2,282,0,7

000095d0 <.LBB29070>:
    95d0:	c0438569          	sfpload	L1,346,0,7

000095d4 <.LBB29076>:
    95d4:	c1038611          	sfpload	L4,388,0,7

000095d8 <.LBB29082>:
    95d8:	c0c38619          	sfpload	L3,390,0,7

000095dc <.LBB29088>:
    95dc:	c0038621          	sfpload	L0,392,0,7

000095e0 <.LBB29094>:
    95e0:	c1838601          	sfpload	L6,384,0,7

000095e4 <.LBB29100>:
    95e4:	c1438609          	sfpload	L5,386,0,7

000095e8 <.LBB29106>:
    95e8:	1428988a          	sfpadd	L2,L10,L2,L6,2

000095ec <.LBB29109>:
    95ec:	1428544a          	sfpadd	L1,L10,L1,L5,2

000095f0 <.LBB29112>:
    95f0:	1808a542          	sfpmul	L5,L2,L2,L9,0

000095f4 <.LBB29115>:
    95f4:	18116502          	sfpmul	L4,L4,L5,L9,0

000095f8 <.LBB29118>:
    95f8:	18086482          	sfpmul	L2,L2,L1,L9,0

000095fc <.LBB29121>:
    95fc:	100c9082          	sfpmad	L2,L3,L2,L4,0

00009600 <.LBB29124>:
    9600:	18046442          	sfpmul	L1,L1,L1,L9,0

00009604 <.LBB29127>:
    9604:	10004802          	sfpmad	L0,L0,L1,L2,0
    9608:	3c000002          	sfpnop

0000960c <.LBB29130>:
    960c:	48002406          	sfpswap	L0,L9,1
    9610:	3c000002          	sfpnop

00009614 <.LBB29132>:
    9614:	18032402          	sfpmul	L0,L0,L12,L9,0

00009618 <.LBB29137>:
    9618:	d50bf801          	sfpaddi	L0,17150,0
    961c:	3c000002          	sfpnop

00009620 <.LBB29140>:
    9620:	48000246          	sfpswap	L9,L0,1
    9624:	3c000002          	sfpnop

00009628 <.LBB29142>:
    9628:	dc000041          	sfpexexp	L1,L0,0

0000962c <.LBB29146>:
    962c:	e0000001          	sfpexman	L0,L0,0

00009630 <.LBB29148>:
    9630:	e8000401          	sfpshft	L0,L1,0x000,0

00009634 <.LBB29150>:
    9634:	dc000045          	sfpexexp	L1,L0,1

00009638 <.LBB29152>:
    9638:	e0000005          	sfpexman	L0,L0,1

0000963c <.LBB29154>:
    963c:	40000002          	sfpcast	L0,L0,0

00009640 <.LBB29156>:
    9640:	10037882          	sfpmad	L2,L0,L13,L14,0

00009644 <.LBB29159>:
    9644:	c0c38659          	sfpload	L3,406,0,7

00009648 <.LBB29165>:
    9648:	10008c02          	sfpmad	L0,L0,L2,L3,0

0000964c <.LBB29168>:
    964c:	08000042          	sfpsetexp	L1,L0,0x000,0

00009650 <.LBB29170>:
    9650:	c0038629          	sfpload	L0,394,0,7

00009654 <.LBB29176>:
    9654:	18006402          	sfpmul	L0,L0,L1,L9,0

00009658 <.LBB29179>:
    9658:	c0438661          	sfpload	L1,408,0,7

0000965c <.LBB29185>:
    965c:	48000406          	sfpswap	L0,L1,1
    9660:	3c000002          	sfpnop

00009664 <.LBB29187>:
    9664:	c0438631          	sfpload	L1,396,0,7

00009668 <.LBB29194>:
    9668:	1006c042          	sfpmad	L1,L1,L11,L0,0
    966c:	ec000401          	sfpsetcc	L1,0x000,0

00009670 <.LBB29198>:
    9670:	f0002401          	sfpmov	L0,L9,0

00009674 <.LBB29201>:
    9674:	2800c02a          	sfpencc	0x003,10

00009678 <.LBB29204>:
    9678:	c0838369          	sfpload	L2,218,0,7

0000967c <.LBB29210>:
    967c:	1800a442          	sfpmul	L1,L0,L2,L9,0

00009680 <.LBB29213>:
    9680:	c1038069          	sfpload	L4,26,0,7

00009684 <.LBB29219>:
    9684:	c0c38639          	sfpload	L3,398,0,7

00009688 <.LBB29225>:
    9688:	1004d0c2          	sfpmad	L3,L1,L3,L4,0

0000968c <.LBB29228>:
    968c:	c8c38069          	sfpstore	L3,26,0,7

00009690 <.LBB29234>:
    9690:	c1038169          	sfpload	L4,90,0,7

00009694 <.LBB29240>:
    9694:	c0c38641          	sfpload	L3,400,0,7

00009698 <.LBB29246>:
    9698:	1004d0c2          	sfpmad	L3,L1,L3,L4,0

0000969c <.LBB29249>:
    969c:	c8c38169          	sfpstore	L3,90,0,7

000096a0 <.LBB29255>:
    96a0:	c1038269          	sfpload	L4,154,0,7

000096a4 <.LBB29261>:
    96a4:	c0c38649          	sfpload	L3,402,0,7

000096a8 <.LBB29267>:
    96a8:	1004d042          	sfpmad	L1,L1,L3,L4,0

000096ac <.LBB29270>:
    96ac:	c8438269          	sfpstore	L1,154,0,7

000096b0 <.LBB29276>:
    96b0:	142a800a          	sfpadd	L0,L10,L10,L0,2

000096b4 <.LBB29279>:
    96b4:	18082402          	sfpmul	L0,L2,L0,L9,0

000096b8 <.LBB29282>:
    96b8:	c8038369          	sfpstore	L0,218,0,7

000096bc <.LBE29062>:
    96bc:	00008067          	ret

000096c0 <void (anonymous namespace)::blend_pair_body<6ul, 3ul>()>:
    96c0:	c0038601          	sfpload	L0,384,0,7

000096c4 <.LBB31050>:
    96c4:	c1038609          	sfpload	L4,386,0,7

000096c8 <.LBB31056>:
    96c8:	c0838461          	sfpload	L2,280,0,7

000096cc <.LBB31062>:
    96cc:	1428808a          	sfpadd	L2,L10,L2,L0,2

000096d0 <.LBB31065>:
    96d0:	c0438469          	sfpload	L1,282,0,7

000096d4 <.LBB31071>:
    96d4:	1428404a          	sfpadd	L1,L10,L1,L0,2

000096d8 <.LBB31074>:
    96d8:	c0038561          	sfpload	L0,344,0,7

000096dc <.LBB31080>:
    96dc:	1428100a          	sfpadd	L0,L10,L0,L4,2

000096e0 <.LBB31083>:
    96e0:	c0c38569          	sfpload	L3,346,0,7

000096e4 <.LBB31089>:
    96e4:	1428d0ca          	sfpadd	L3,L10,L3,L4,2

000096e8 <.LBB31092>:
    96e8:	c1438611          	sfpload	L5,388,0,7

000096ec <.LBB31098>:
    96ec:	1808a582          	sfpmul	L6,L2,L2,L9,0

000096f0 <.LBB31101>:
    96f0:	1815a582          	sfpmul	L6,L5,L6,L9,0

000096f4 <.LBB31104>:
    96f4:	18046502          	sfpmul	L4,L1,L1,L9,0

000096f8 <.LBB31107>:
    96f8:	18152542          	sfpmul	L5,L5,L4,L9,0

000096fc <.LBB31110>:
    96fc:	c1038619          	sfpload	L4,390,0,7

00009700 <.LBB31116>:
    9700:	18082482          	sfpmul	L2,L2,L0,L9,0

00009704 <.LBB31119>:
    9704:	10109882          	sfpmad	L2,L4,L2,L6,0

00009708 <.LBB31122>:
    9708:	1804e442          	sfpmul	L1,L1,L3,L9,0

0000970c <.LBB31125>:
    970c:	10105502          	sfpmad	L4,L4,L1,L5,0

00009710 <.LBB31128>:
    9710:	c0438621          	sfpload	L1,392,0,7

00009714 <.LBB31134>:
    9714:	18002402          	sfpmul	L0,L0,L0,L9,0

00009718 <.LBB31137>:
    9718:	10040802          	sfpmad	L0,L1,L0,L2,0

0000971c <.LBB31140>:
    971c:	180ce4c2          	sfpmul	L3,L3,L3,L9,0

00009720 <.LBB31143>:
    9720:	1004d042          	sfpmad	L1,L1,L3,L4,0

00009724 <.LBB31146>:
    9724:	48002406          	sfpswap	L0,L9,1
    9728:	3c000002          	sfpnop

0000972c <.LBB31148>:
    972c:	48002446          	sfpswap	L1,L9,1
    9730:	3c000002          	sfpnop

00009734 <.LBB31150>:
    9734:	18032402          	sfpmul	L0,L0,L12,L9,0

00009738 <.LBB31155>:
    9738:	d50bf801          	sfpaddi	L0,17150,0
    973c:	3c000002          	sfpnop

00009740 <.LBB31158>:
    9740:	48000246          	sfpswap	L9,L0,1
    9744:	3c000002          	sfpnop

00009748 <.LBB31160>:
    9748:	dc000081          	sfpexexp	L2,L0,0

0000974c <.LBB31164>:
    974c:	e0000001          	sfpexman	L0,L0,0

00009750 <.LBB31166>:
    9750:	e8000801          	sfpshft	L0,L2,0x000,0

00009754 <.LBB31168>:
    9754:	dc000085          	sfpexexp	L2,L0,1

00009758 <.LBB31170>:
    9758:	1000014c          	ttreplay	0,5,1,1
    975c:	e0000005          	sfpexman	L0,L0,1

00009760 <.LBB31172>:
    9760:	40000002          	sfpcast	L0,L0,0

00009764 <.LBB31174>:
    9764:	100378c2          	sfpmad	L3,L0,L13,L14,0

00009768 <.LBB31177>:
    9768:	c1038659          	sfpload	L4,406,0,7

0000976c <.LBB31183>:
    976c:	1000d002          	sfpmad	L0,L0,L3,L4,0

00009770 <.LBB31186>:
    9770:	08000082          	sfpsetexp	L2,L0,0x000,0

00009774 <.LBB31188>:
    9774:	18072442          	sfpmul	L1,L1,L12,L9,0

00009778 <.LBB31193>:
    9778:	d50bf841          	sfpaddi	L1,17150,0
    977c:	3c000002          	sfpnop

00009780 <.LBB31196>:
    9780:	48000646          	sfpswap	L9,L1,1
    9784:	3c000002          	sfpnop

00009788 <.LBB31198>:
    9788:	dc0004c1          	sfpexexp	L3,L1,0

0000978c <.LBB31202>:
    978c:	e0000401          	sfpexman	L0,L1,0

00009790 <.LBB31204>:
    9790:	e8000c01          	sfpshft	L0,L3,0x000,0

00009794 <.LBB31206>:
    9794:	dc000045          	sfpexexp	L1,L0,1

00009798 <.LBB31208>:
    9798:	10000140          	ttreplay	0,5,0,0

0000979c <.LBB31211>:
    979c:	08000042          	sfpsetexp	L1,L0,0x000,0

000097a0 <.LBB31213>:
    97a0:	c0038629          	sfpload	L0,394,0,7

000097a4 <.LBB31219>:
    97a4:	1800a482          	sfpmul	L2,L0,L2,L9,0

000097a8 <.LBB31222>:
    97a8:	18006402          	sfpmul	L0,L0,L1,L9,0

000097ac <.LBB31225>:
    97ac:	c0c38661          	sfpload	L3,408,0,7

000097b0 <.LBB31231>:
    97b0:	c0438661          	sfpload	L1,408,0,7

000097b4 <.LBB31237>:
    97b4:	48000c86          	sfpswap	L2,L3,1
    97b8:	3c000002          	sfpnop

000097bc <.LBB31239>:
    97bc:	48000406          	sfpswap	L0,L1,1
    97c0:	3c000002          	sfpnop

000097c4 <.LBB31241>:
    97c4:	c0438631          	sfpload	L1,396,0,7

000097c8 <.LBB31248>:
    97c8:	1006c842          	sfpmad	L1,L1,L11,L2,0
    97cc:	ec000401          	sfpsetcc	L1,0x000,0

000097d0 <.LBB31252>:
    97d0:	f0002481          	sfpmov	L2,L9,0

000097d4 <.LBB31255>:
    97d4:	2800c02a          	sfpencc	0x003,10

000097d8 <.LBB31258>:
    97d8:	c0438631          	sfpload	L1,396,0,7

000097dc <.LBB31265>:
    97dc:	1006c042          	sfpmad	L1,L1,L11,L0,0
    97e0:	ec000401          	sfpsetcc	L1,0x000,0

000097e4 <.LBB31269>:
    97e4:	f0002401          	sfpmov	L0,L9,0

000097e8 <.LBB31272>:
    97e8:	2800c02a          	sfpencc	0x003,10

000097ec <.LBB31275>:
    97ec:	c1438361          	sfpload	L5,216,0,7

000097f0 <.LBB31281>:
    97f0:	c1038369          	sfpload	L4,218,0,7

000097f4 <.LBB31287>:
    97f4:	180964c2          	sfpmul	L3,L2,L5,L9,0

000097f8 <.LBB31290>:
    97f8:	18012442          	sfpmul	L1,L0,L4,L9,0

000097fc <.LBB31293>:
    97fc:	c1838639          	sfpload	L6,398,0,7

00009800 <.LBB31299>:
    9800:	c1c38061          	sfpload	L7,24,0,7

00009804 <.LBB31305>:
    9804:	100d9dc2          	sfpmad	L7,L3,L6,L7,0

00009808 <.LBB31308>:
    9808:	c9c38061          	sfpstore	L7,24,0,7

0000980c <.LBB31314>:
    980c:	c1c38069          	sfpload	L7,26,0,7

00009810 <.LBB31320>:
    9810:	10059d82          	sfpmad	L6,L1,L6,L7,0

00009814 <.LBB31323>:
    9814:	c9838069          	sfpstore	L6,26,0,7

00009818 <.LBB31329>:
    9818:	c1838641          	sfpload	L6,400,0,7

0000981c <.LBB31335>:
    981c:	c1c38161          	sfpload	L7,88,0,7

00009820 <.LBB31341>:
    9820:	100d9dc2          	sfpmad	L7,L3,L6,L7,0

00009824 <.LBB31344>:
    9824:	c9c38161          	sfpstore	L7,88,0,7

00009828 <.LBB31350>:
    9828:	c1c38169          	sfpload	L7,90,0,7

0000982c <.LBB31356>:
    982c:	10059d82          	sfpmad	L6,L1,L6,L7,0

00009830 <.LBB31359>:
    9830:	c9838169          	sfpstore	L6,90,0,7

00009834 <.LBB31365>:
    9834:	c1838649          	sfpload	L6,402,0,7

00009838 <.LBB31371>:
    9838:	c1c38261          	sfpload	L7,152,0,7

0000983c <.LBB31377>:
    983c:	100d9cc2          	sfpmad	L3,L3,L6,L7,0

00009840 <.LBB31380>:
    9840:	c8c38261          	sfpstore	L3,152,0,7

00009844 <.LBB31386>:
    9844:	c0c38269          	sfpload	L3,154,0,7

00009848 <.LBB31392>:
    9848:	10058c42          	sfpmad	L1,L1,L6,L3,0

0000984c <.LBB31395>:
    984c:	c8438269          	sfpstore	L1,154,0,7

00009850 <.LBB31401>:
    9850:	142a888a          	sfpadd	L2,L10,L10,L2,2

00009854 <.LBB31404>:
    9854:	1814a542          	sfpmul	L5,L5,L2,L9,0

00009858 <.LBB31407>:
    9858:	c9438361          	sfpstore	L5,216,0,7

0000985c <.LBB31413>:
    985c:	142a800a          	sfpadd	L0,L10,L10,L0,2

00009860 <.LBB31416>:
    9860:	18102402          	sfpmul	L0,L4,L0,L9,0

00009864 <.LBB31419>:
    9864:	c8038369          	sfpstore	L0,218,0,7

00009868 <.LBE31042>:
    9868:	00008067          	ret

0000986c <void (anonymous namespace)::blend_pair_body<7ul, 1ul>()>:
    986c:	c0838471          	sfpload	L2,284,0,7

00009870 <.LBB32383>:
    9870:	c0438571          	sfpload	L1,348,0,7

00009874 <.LBB32389>:
    9874:	c1038611          	sfpload	L4,388,0,7

00009878 <.LBB32395>:
    9878:	c0c38619          	sfpload	L3,390,0,7

0000987c <.LBB32401>:
    987c:	c0038621          	sfpload	L0,392,0,7

00009880 <.LBB32407>:
    9880:	c1838601          	sfpload	L6,384,0,7

00009884 <.LBB32413>:
    9884:	c1438609          	sfpload	L5,386,0,7

00009888 <.LBB32419>:
    9888:	1428988a          	sfpadd	L2,L10,L2,L6,2

0000988c <.LBB32422>:
    988c:	1428544a          	sfpadd	L1,L10,L1,L5,2

00009890 <.LBB32425>:
    9890:	1808a542          	sfpmul	L5,L2,L2,L9,0

00009894 <.LBB32428>:
    9894:	18116502          	sfpmul	L4,L4,L5,L9,0

00009898 <.LBB32431>:
    9898:	18086482          	sfpmul	L2,L2,L1,L9,0

0000989c <.LBB32434>:
    989c:	100c9082          	sfpmad	L2,L3,L2,L4,0

000098a0 <.LBB32437>:
    98a0:	18046442          	sfpmul	L1,L1,L1,L9,0

000098a4 <.LBB32440>:
    98a4:	10004802          	sfpmad	L0,L0,L1,L2,0
    98a8:	3c000002          	sfpnop

000098ac <.LBB32443>:
    98ac:	48002406          	sfpswap	L0,L9,1
    98b0:	3c000002          	sfpnop

000098b4 <.LBB32445>:
    98b4:	18032402          	sfpmul	L0,L0,L12,L9,0

000098b8 <.LBB32450>:
    98b8:	d50bf801          	sfpaddi	L0,17150,0
    98bc:	3c000002          	sfpnop

000098c0 <.LBB32453>:
    98c0:	48000246          	sfpswap	L9,L0,1
    98c4:	3c000002          	sfpnop

000098c8 <.LBB32455>:
    98c8:	dc000041          	sfpexexp	L1,L0,0

000098cc <.LBB32459>:
    98cc:	e0000001          	sfpexman	L0,L0,0

000098d0 <.LBB32461>:
    98d0:	e8000401          	sfpshft	L0,L1,0x000,0

000098d4 <.LBB32463>:
    98d4:	dc000045          	sfpexexp	L1,L0,1

000098d8 <.LBB32465>:
    98d8:	e0000005          	sfpexman	L0,L0,1

000098dc <.LBB32467>:
    98dc:	40000002          	sfpcast	L0,L0,0

000098e0 <.LBB32469>:
    98e0:	10037882          	sfpmad	L2,L0,L13,L14,0

000098e4 <.LBB32472>:
    98e4:	c0c38659          	sfpload	L3,406,0,7

000098e8 <.LBB32478>:
    98e8:	10008c02          	sfpmad	L0,L0,L2,L3,0

000098ec <.LBB32481>:
    98ec:	08000042          	sfpsetexp	L1,L0,0x000,0

000098f0 <.LBB32483>:
    98f0:	c0038629          	sfpload	L0,394,0,7

000098f4 <.LBB32489>:
    98f4:	18006402          	sfpmul	L0,L0,L1,L9,0

000098f8 <.LBB32492>:
    98f8:	c0438661          	sfpload	L1,408,0,7

000098fc <.LBB32498>:
    98fc:	48000406          	sfpswap	L0,L1,1
    9900:	3c000002          	sfpnop

00009904 <.LBB32500>:
    9904:	c0438631          	sfpload	L1,396,0,7

00009908 <.LBB32507>:
    9908:	1006c042          	sfpmad	L1,L1,L11,L0,0
    990c:	ec000401          	sfpsetcc	L1,0x000,0

00009910 <.LBB32511>:
    9910:	f0002401          	sfpmov	L0,L9,0

00009914 <.LBB32514>:
    9914:	2800c02a          	sfpencc	0x003,10

00009918 <.LBB32517>:
    9918:	c0838371          	sfpload	L2,220,0,7

0000991c <.LBB32523>:
    991c:	1800a442          	sfpmul	L1,L0,L2,L9,0

00009920 <.LBB32526>:
    9920:	c1038071          	sfpload	L4,28,0,7

00009924 <.LBB32532>:
    9924:	c0c38639          	sfpload	L3,398,0,7

00009928 <.LBB32538>:
    9928:	1004d0c2          	sfpmad	L3,L1,L3,L4,0

0000992c <.LBB32541>:
    992c:	c8c38071          	sfpstore	L3,28,0,7

00009930 <.LBB32547>:
    9930:	c1038171          	sfpload	L4,92,0,7

00009934 <.LBB32553>:
    9934:	c0c38641          	sfpload	L3,400,0,7

00009938 <.LBB32559>:
    9938:	1004d0c2          	sfpmad	L3,L1,L3,L4,0

0000993c <.LBB32562>:
    993c:	c8c38171          	sfpstore	L3,92,0,7

00009940 <.LBB32568>:
    9940:	c1038271          	sfpload	L4,156,0,7

00009944 <.LBB32574>:
    9944:	c0c38649          	sfpload	L3,402,0,7

00009948 <.LBB32580>:
    9948:	1004d042          	sfpmad	L1,L1,L3,L4,0

0000994c <.LBB32583>:
    994c:	c8438271          	sfpstore	L1,156,0,7

00009950 <.LBB32589>:
    9950:	142a800a          	sfpadd	L0,L10,L10,L0,2

00009954 <.LBB32592>:
    9954:	18082402          	sfpmul	L0,L2,L0,L9,0

00009958 <.LBB32595>:
    9958:	c8038371          	sfpstore	L0,220,0,7

0000995c <.LBE32375>:
    995c:	00008067          	ret

00009960 <void (anonymous namespace)::blend_pair_body<7ul, 2ul>()>:
    9960:	c0838479          	sfpload	L2,286,0,7

00009964 <.LBB33559>:
    9964:	c0438579          	sfpload	L1,350,0,7

00009968 <.LBB33565>:
    9968:	c1038611          	sfpload	L4,388,0,7

0000996c <.LBB33571>:
    996c:	c0c38619          	sfpload	L3,390,0,7

00009970 <.LBB33577>:
    9970:	c0038621          	sfpload	L0,392,0,7

00009974 <.LBB33583>:
    9974:	c1838601          	sfpload	L6,384,0,7

00009978 <.LBB33589>:
    9978:	c1438609          	sfpload	L5,386,0,7

0000997c <.LBB33595>:
    997c:	1428988a          	sfpadd	L2,L10,L2,L6,2

00009980 <.LBB33598>:
    9980:	1428544a          	sfpadd	L1,L10,L1,L5,2

00009984 <.LBB33601>:
    9984:	1808a542          	sfpmul	L5,L2,L2,L9,0

00009988 <.LBB33604>:
    9988:	18116502          	sfpmul	L4,L4,L5,L9,0

0000998c <.LBB33607>:
    998c:	18086482          	sfpmul	L2,L2,L1,L9,0

00009990 <.LBB33610>:
    9990:	100c9082          	sfpmad	L2,L3,L2,L4,0

00009994 <.LBB33613>:
    9994:	18046442          	sfpmul	L1,L1,L1,L9,0

00009998 <.LBB33616>:
    9998:	10004802          	sfpmad	L0,L0,L1,L2,0
    999c:	3c000002          	sfpnop

000099a0 <.LBB33619>:
    99a0:	48002406          	sfpswap	L0,L9,1
    99a4:	3c000002          	sfpnop

000099a8 <.LBB33621>:
    99a8:	18032402          	sfpmul	L0,L0,L12,L9,0

000099ac <.LBB33626>:
    99ac:	d50bf801          	sfpaddi	L0,17150,0
    99b0:	3c000002          	sfpnop

000099b4 <.LBB33629>:
    99b4:	48000246          	sfpswap	L9,L0,1
    99b8:	3c000002          	sfpnop

000099bc <.LBB33631>:
    99bc:	dc000041          	sfpexexp	L1,L0,0

000099c0 <.LBB33635>:
    99c0:	e0000001          	sfpexman	L0,L0,0

000099c4 <.LBB33637>:
    99c4:	e8000401          	sfpshft	L0,L1,0x000,0

000099c8 <.LBB33639>:
    99c8:	dc000045          	sfpexexp	L1,L0,1

000099cc <.LBB33641>:
    99cc:	e0000005          	sfpexman	L0,L0,1

000099d0 <.LBB33643>:
    99d0:	40000002          	sfpcast	L0,L0,0

000099d4 <.LBB33645>:
    99d4:	10037882          	sfpmad	L2,L0,L13,L14,0

000099d8 <.LBB33648>:
    99d8:	c0c38659          	sfpload	L3,406,0,7

000099dc <.LBB33654>:
    99dc:	10008c02          	sfpmad	L0,L0,L2,L3,0

000099e0 <.LBB33657>:
    99e0:	08000042          	sfpsetexp	L1,L0,0x000,0

000099e4 <.LBB33659>:
    99e4:	c0038629          	sfpload	L0,394,0,7

000099e8 <.LBB33665>:
    99e8:	18006402          	sfpmul	L0,L0,L1,L9,0

000099ec <.LBB33668>:
    99ec:	c0438661          	sfpload	L1,408,0,7

000099f0 <.LBB33674>:
    99f0:	48000406          	sfpswap	L0,L1,1
    99f4:	3c000002          	sfpnop

000099f8 <.LBB33676>:
    99f8:	c0438631          	sfpload	L1,396,0,7

000099fc <.LBB33683>:
    99fc:	1006c042          	sfpmad	L1,L1,L11,L0,0
    9a00:	ec000401          	sfpsetcc	L1,0x000,0

00009a04 <.LBB33687>:
    9a04:	f0002401          	sfpmov	L0,L9,0

00009a08 <.LBB33690>:
    9a08:	2800c02a          	sfpencc	0x003,10

00009a0c <.LBB33693>:
    9a0c:	c0838379          	sfpload	L2,222,0,7

00009a10 <.LBB33699>:
    9a10:	1800a442          	sfpmul	L1,L0,L2,L9,0

00009a14 <.LBB33702>:
    9a14:	c1038079          	sfpload	L4,30,0,7

00009a18 <.LBB33708>:
    9a18:	c0c38639          	sfpload	L3,398,0,7

00009a1c <.LBB33714>:
    9a1c:	1004d0c2          	sfpmad	L3,L1,L3,L4,0

00009a20 <.LBB33717>:
    9a20:	c8c38079          	sfpstore	L3,30,0,7

00009a24 <.LBB33723>:
    9a24:	c1038179          	sfpload	L4,94,0,7

00009a28 <.LBB33729>:
    9a28:	c0c38641          	sfpload	L3,400,0,7

00009a2c <.LBB33735>:
    9a2c:	1004d0c2          	sfpmad	L3,L1,L3,L4,0

00009a30 <.LBB33738>:
    9a30:	c8c38179          	sfpstore	L3,94,0,7

00009a34 <.LBB33744>:
    9a34:	c1038279          	sfpload	L4,158,0,7

00009a38 <.LBB33750>:
    9a38:	c0c38649          	sfpload	L3,402,0,7

00009a3c <.LBB33756>:
    9a3c:	1004d042          	sfpmad	L1,L1,L3,L4,0

00009a40 <.LBB33759>:
    9a40:	c8438279          	sfpstore	L1,158,0,7

00009a44 <.LBB33765>:
    9a44:	142a800a          	sfpadd	L0,L10,L10,L0,2

00009a48 <.LBB33768>:
    9a48:	18082402          	sfpmul	L0,L2,L0,L9,0

00009a4c <.LBB33771>:
    9a4c:	c8038379          	sfpstore	L0,222,0,7

00009a50 <.LBE33551>:
    9a50:	00008067          	ret

00009a54 <void (anonymous namespace)::blend_pair_body<7ul, 3ul>()>:
    9a54:	c0038601          	sfpload	L0,384,0,7

00009a58 <.LBB35539>:
    9a58:	c1038609          	sfpload	L4,386,0,7

00009a5c <.LBB35545>:
    9a5c:	c0838471          	sfpload	L2,284,0,7

00009a60 <.LBB35551>:
    9a60:	1428808a          	sfpadd	L2,L10,L2,L0,2

00009a64 <.LBB35554>:
    9a64:	c0438479          	sfpload	L1,286,0,7

00009a68 <.LBB35560>:
    9a68:	1428404a          	sfpadd	L1,L10,L1,L0,2

00009a6c <.LBB35563>:
    9a6c:	c0038571          	sfpload	L0,348,0,7

00009a70 <.LBB35569>:
    9a70:	1428100a          	sfpadd	L0,L10,L0,L4,2

00009a74 <.LBB35572>:
    9a74:	c0c38579          	sfpload	L3,350,0,7

00009a78 <.LBB35578>:
    9a78:	1428d0ca          	sfpadd	L3,L10,L3,L4,2

00009a7c <.LBB35581>:
    9a7c:	c1438611          	sfpload	L5,388,0,7

00009a80 <.LBB35587>:
    9a80:	1808a582          	sfpmul	L6,L2,L2,L9,0

00009a84 <.LBB35590>:
    9a84:	1815a582          	sfpmul	L6,L5,L6,L9,0

00009a88 <.LBB35593>:
    9a88:	18046502          	sfpmul	L4,L1,L1,L9,0

00009a8c <.LBB35596>:
    9a8c:	18152542          	sfpmul	L5,L5,L4,L9,0

00009a90 <.LBB35599>:
    9a90:	c1038619          	sfpload	L4,390,0,7

00009a94 <.LBB35605>:
    9a94:	18082482          	sfpmul	L2,L2,L0,L9,0

00009a98 <.LBB35608>:
    9a98:	10109882          	sfpmad	L2,L4,L2,L6,0

00009a9c <.LBB35611>:
    9a9c:	1804e442          	sfpmul	L1,L1,L3,L9,0

00009aa0 <.LBB35614>:
    9aa0:	10105502          	sfpmad	L4,L4,L1,L5,0

00009aa4 <.LBB35617>:
    9aa4:	c0438621          	sfpload	L1,392,0,7

00009aa8 <.LBB35623>:
    9aa8:	18002402          	sfpmul	L0,L0,L0,L9,0

00009aac <.LBB35626>:
    9aac:	10040802          	sfpmad	L0,L1,L0,L2,0

00009ab0 <.LBB35629>:
    9ab0:	180ce4c2          	sfpmul	L3,L3,L3,L9,0

00009ab4 <.LBB35632>:
    9ab4:	1004d042          	sfpmad	L1,L1,L3,L4,0

00009ab8 <.LBB35635>:
    9ab8:	48002406          	sfpswap	L0,L9,1
    9abc:	3c000002          	sfpnop

00009ac0 <.LBB35637>:
    9ac0:	48002446          	sfpswap	L1,L9,1
    9ac4:	3c000002          	sfpnop

00009ac8 <.LBB35639>:
    9ac8:	18032402          	sfpmul	L0,L0,L12,L9,0

00009acc <.LBB35644>:
    9acc:	d50bf801          	sfpaddi	L0,17150,0
    9ad0:	3c000002          	sfpnop

00009ad4 <.LBB35647>:
    9ad4:	48000246          	sfpswap	L9,L0,1
    9ad8:	3c000002          	sfpnop

00009adc <.LBB35649>:
    9adc:	dc000081          	sfpexexp	L2,L0,0

00009ae0 <.LBB35653>:
    9ae0:	e0000001          	sfpexman	L0,L0,0

00009ae4 <.LBB35655>:
    9ae4:	e8000801          	sfpshft	L0,L2,0x000,0

00009ae8 <.LBB35657>:
    9ae8:	dc000085          	sfpexexp	L2,L0,1

00009aec <.LBB35659>:
    9aec:	1000014c          	ttreplay	0,5,1,1
    9af0:	e0000005          	sfpexman	L0,L0,1

00009af4 <.LBB35661>:
    9af4:	40000002          	sfpcast	L0,L0,0

00009af8 <.LBB35663>:
    9af8:	100378c2          	sfpmad	L3,L0,L13,L14,0

00009afc <.LBB35666>:
    9afc:	c1038659          	sfpload	L4,406,0,7

00009b00 <.LBB35672>:
    9b00:	1000d002          	sfpmad	L0,L0,L3,L4,0

00009b04 <.LBB35675>:
    9b04:	08000082          	sfpsetexp	L2,L0,0x000,0

00009b08 <.LBB35677>:
    9b08:	18072442          	sfpmul	L1,L1,L12,L9,0

00009b0c <.LBB35682>:
    9b0c:	d50bf841          	sfpaddi	L1,17150,0
    9b10:	3c000002          	sfpnop

00009b14 <.LBB35685>:
    9b14:	48000646          	sfpswap	L9,L1,1
    9b18:	3c000002          	sfpnop

00009b1c <.LBB35687>:
    9b1c:	dc0004c1          	sfpexexp	L3,L1,0

00009b20 <.LBB35691>:
    9b20:	e0000401          	sfpexman	L0,L1,0

00009b24 <.LBB35693>:
    9b24:	e8000c01          	sfpshft	L0,L3,0x000,0

00009b28 <.LBB35695>:
    9b28:	dc000045          	sfpexexp	L1,L0,1

00009b2c <.LBB35697>:
    9b2c:	10000140          	ttreplay	0,5,0,0

00009b30 <.LBB35700>:
    9b30:	08000042          	sfpsetexp	L1,L0,0x000,0

00009b34 <.LBB35702>:
    9b34:	c0038629          	sfpload	L0,394,0,7

00009b38 <.LBB35708>:
    9b38:	1800a482          	sfpmul	L2,L0,L2,L9,0

00009b3c <.LBB35711>:
    9b3c:	18006402          	sfpmul	L0,L0,L1,L9,0

00009b40 <.LBB35714>:
    9b40:	c0c38661          	sfpload	L3,408,0,7

00009b44 <.LBB35720>:
    9b44:	c0438661          	sfpload	L1,408,0,7

00009b48 <.LBB35726>:
    9b48:	48000c86          	sfpswap	L2,L3,1
    9b4c:	3c000002          	sfpnop

00009b50 <.LBB35728>:
    9b50:	48000406          	sfpswap	L0,L1,1
    9b54:	3c000002          	sfpnop

00009b58 <.LBB35730>:
    9b58:	c0438631          	sfpload	L1,396,0,7

00009b5c <.LBB35737>:
    9b5c:	1006c842          	sfpmad	L1,L1,L11,L2,0
    9b60:	ec000401          	sfpsetcc	L1,0x000,0

00009b64 <.LBB35741>:
    9b64:	f0002481          	sfpmov	L2,L9,0

00009b68 <.LBB35744>:
    9b68:	2800c02a          	sfpencc	0x003,10

00009b6c <.LBB35747>:
    9b6c:	c0438631          	sfpload	L1,396,0,7

00009b70 <.LBB35754>:
    9b70:	1006c042          	sfpmad	L1,L1,L11,L0,0
    9b74:	ec000401          	sfpsetcc	L1,0x000,0

00009b78 <.LBB35758>:
    9b78:	f0002401          	sfpmov	L0,L9,0

00009b7c <.LBB35761>:
    9b7c:	2800c02a          	sfpencc	0x003,10

00009b80 <.LBB35764>:
    9b80:	c1438371          	sfpload	L5,220,0,7

00009b84 <.LBB35770>:
    9b84:	c1038379          	sfpload	L4,222,0,7

00009b88 <.LBB35776>:
    9b88:	180964c2          	sfpmul	L3,L2,L5,L9,0

00009b8c <.LBB35779>:
    9b8c:	18012442          	sfpmul	L1,L0,L4,L9,0

00009b90 <.LBB35782>:
    9b90:	c1838639          	sfpload	L6,398,0,7

00009b94 <.LBB35788>:
    9b94:	c1c38071          	sfpload	L7,28,0,7

00009b98 <.LBB35794>:
    9b98:	100d9dc2          	sfpmad	L7,L3,L6,L7,0

00009b9c <.LBB35797>:
    9b9c:	c9c38071          	sfpstore	L7,28,0,7

00009ba0 <.LBB35803>:
    9ba0:	c1c38079          	sfpload	L7,30,0,7

00009ba4 <.LBB35809>:
    9ba4:	10059d82          	sfpmad	L6,L1,L6,L7,0

00009ba8 <.LBB35812>:
    9ba8:	c9838079          	sfpstore	L6,30,0,7

00009bac <.LBB35818>:
    9bac:	c1838641          	sfpload	L6,400,0,7

00009bb0 <.LBB35824>:
    9bb0:	c1c38171          	sfpload	L7,92,0,7

00009bb4 <.LBB35830>:
    9bb4:	100d9dc2          	sfpmad	L7,L3,L6,L7,0

00009bb8 <.LBB35833>:
    9bb8:	c9c38171          	sfpstore	L7,92,0,7

00009bbc <.LBB35839>:
    9bbc:	c1c38179          	sfpload	L7,94,0,7

00009bc0 <.LBB35845>:
    9bc0:	10059d82          	sfpmad	L6,L1,L6,L7,0

00009bc4 <.LBB35848>:
    9bc4:	c9838179          	sfpstore	L6,94,0,7

00009bc8 <.LBB35854>:
    9bc8:	c1838649          	sfpload	L6,402,0,7

00009bcc <.LBB35860>:
    9bcc:	c1c38271          	sfpload	L7,156,0,7

00009bd0 <.LBB35866>:
    9bd0:	100d9cc2          	sfpmad	L3,L3,L6,L7,0

00009bd4 <.LBB35869>:
    9bd4:	c8c38271          	sfpstore	L3,156,0,7

00009bd8 <.LBB35875>:
    9bd8:	c0c38279          	sfpload	L3,158,0,7

00009bdc <.LBB35881>:
    9bdc:	10058c42          	sfpmad	L1,L1,L6,L3,0

00009be0 <.LBB35884>:
    9be0:	c8438279          	sfpstore	L1,158,0,7

00009be4 <.LBB35890>:
    9be4:	142a888a          	sfpadd	L2,L10,L10,L2,2

00009be8 <.LBB35893>:
    9be8:	1814a542          	sfpmul	L5,L5,L2,L9,0

00009bec <.LBB35896>:
    9bec:	c9438371          	sfpstore	L5,220,0,7

00009bf0 <.LBB35902>:
    9bf0:	142a800a          	sfpadd	L0,L10,L10,L0,2

00009bf4 <.LBB35905>:
    9bf4:	18102402          	sfpmul	L0,L4,L0,L9,0

00009bf8 <.LBB35908>:
    9bf8:	c8038379          	sfpstore	L0,222,0,7

00009bfc <.LBE35531>:
    9bfc:	00008067          	ret

00009c00 <void (anonymous namespace)::blend_pair_body<8ul, 1ul>()>:
    9c00:	c0838481          	sfpload	L2,288,0,7

00009c04 <.LBB36872>:
    9c04:	c0438581          	sfpload	L1,352,0,7

00009c08 <.LBB36878>:
    9c08:	c1038611          	sfpload	L4,388,0,7

00009c0c <.LBB36884>:
    9c0c:	c0c38619          	sfpload	L3,390,0,7

00009c10 <.LBB36890>:
    9c10:	c0038621          	sfpload	L0,392,0,7

00009c14 <.LBB36896>:
    9c14:	c1838601          	sfpload	L6,384,0,7

00009c18 <.LBB36902>:
    9c18:	c1438609          	sfpload	L5,386,0,7

00009c1c <.LBB36908>:
    9c1c:	1428988a          	sfpadd	L2,L10,L2,L6,2

00009c20 <.LBB36911>:
    9c20:	1428544a          	sfpadd	L1,L10,L1,L5,2

00009c24 <.LBB36914>:
    9c24:	1808a542          	sfpmul	L5,L2,L2,L9,0

00009c28 <.LBB36917>:
    9c28:	18116502          	sfpmul	L4,L4,L5,L9,0

00009c2c <.LBB36920>:
    9c2c:	18086482          	sfpmul	L2,L2,L1,L9,0

00009c30 <.LBB36923>:
    9c30:	100c9082          	sfpmad	L2,L3,L2,L4,0

00009c34 <.LBB36926>:
    9c34:	18046442          	sfpmul	L1,L1,L1,L9,0

00009c38 <.LBB36929>:
    9c38:	10004802          	sfpmad	L0,L0,L1,L2,0
    9c3c:	3c000002          	sfpnop

00009c40 <.LBB36932>:
    9c40:	48002406          	sfpswap	L0,L9,1
    9c44:	3c000002          	sfpnop

00009c48 <.LBB36934>:
    9c48:	18032402          	sfpmul	L0,L0,L12,L9,0

00009c4c <.LBB36939>:
    9c4c:	d50bf801          	sfpaddi	L0,17150,0
    9c50:	3c000002          	sfpnop

00009c54 <.LBB36942>:
    9c54:	48000246          	sfpswap	L9,L0,1
    9c58:	3c000002          	sfpnop

00009c5c <.LBB36944>:
    9c5c:	dc000041          	sfpexexp	L1,L0,0

00009c60 <.LBB36948>:
    9c60:	e0000001          	sfpexman	L0,L0,0

00009c64 <.LBB36950>:
    9c64:	e8000401          	sfpshft	L0,L1,0x000,0

00009c68 <.LBB36952>:
    9c68:	dc000045          	sfpexexp	L1,L0,1

00009c6c <.LBB36954>:
    9c6c:	e0000005          	sfpexman	L0,L0,1

00009c70 <.LBB36956>:
    9c70:	40000002          	sfpcast	L0,L0,0

00009c74 <.LBB36958>:
    9c74:	10037882          	sfpmad	L2,L0,L13,L14,0

00009c78 <.LBB36961>:
    9c78:	c0c38659          	sfpload	L3,406,0,7

00009c7c <.LBB36967>:
    9c7c:	10008c02          	sfpmad	L0,L0,L2,L3,0

00009c80 <.LBB36970>:
    9c80:	08000042          	sfpsetexp	L1,L0,0x000,0

00009c84 <.LBB36972>:
    9c84:	c0038629          	sfpload	L0,394,0,7

00009c88 <.LBB36978>:
    9c88:	18006402          	sfpmul	L0,L0,L1,L9,0

00009c8c <.LBB36981>:
    9c8c:	c0438661          	sfpload	L1,408,0,7

00009c90 <.LBB36987>:
    9c90:	48000406          	sfpswap	L0,L1,1
    9c94:	3c000002          	sfpnop

00009c98 <.LBB36989>:
    9c98:	c0438631          	sfpload	L1,396,0,7

00009c9c <.LBB36996>:
    9c9c:	1006c042          	sfpmad	L1,L1,L11,L0,0
    9ca0:	ec000401          	sfpsetcc	L1,0x000,0

00009ca4 <.LBB37000>:
    9ca4:	f0002401          	sfpmov	L0,L9,0

00009ca8 <.LBB37003>:
    9ca8:	2800c02a          	sfpencc	0x003,10

00009cac <.LBB37006>:
    9cac:	c0838381          	sfpload	L2,224,0,7

00009cb0 <.LBB37012>:
    9cb0:	1800a442          	sfpmul	L1,L0,L2,L9,0

00009cb4 <.LBB37015>:
    9cb4:	c1038081          	sfpload	L4,32,0,7

00009cb8 <.LBB37021>:
    9cb8:	c0c38639          	sfpload	L3,398,0,7

00009cbc <.LBB37027>:
    9cbc:	1004d0c2          	sfpmad	L3,L1,L3,L4,0

00009cc0 <.LBB37030>:
    9cc0:	c8c38081          	sfpstore	L3,32,0,7

00009cc4 <.LBB37036>:
    9cc4:	c1038181          	sfpload	L4,96,0,7

00009cc8 <.LBB37042>:
    9cc8:	c0c38641          	sfpload	L3,400,0,7

00009ccc <.LBB37048>:
    9ccc:	1004d0c2          	sfpmad	L3,L1,L3,L4,0

00009cd0 <.LBB37051>:
    9cd0:	c8c38181          	sfpstore	L3,96,0,7

00009cd4 <.LBB37057>:
    9cd4:	c1038281          	sfpload	L4,160,0,7

00009cd8 <.LBB37063>:
    9cd8:	c0c38649          	sfpload	L3,402,0,7

00009cdc <.LBB37069>:
    9cdc:	1004d042          	sfpmad	L1,L1,L3,L4,0

00009ce0 <.LBB37072>:
    9ce0:	c8438281          	sfpstore	L1,160,0,7

00009ce4 <.LBB37078>:
    9ce4:	142a800a          	sfpadd	L0,L10,L10,L0,2

00009ce8 <.LBB37081>:
    9ce8:	18082402          	sfpmul	L0,L2,L0,L9,0

00009cec <.LBB37084>:
    9cec:	c8038381          	sfpstore	L0,224,0,7

00009cf0 <.LBE36864>:
    9cf0:	00008067          	ret

00009cf4 <void (anonymous namespace)::blend_pair_body<8ul, 2ul>()>:
    9cf4:	c0838489          	sfpload	L2,290,0,7

00009cf8 <.LBB38048>:
    9cf8:	c0438589          	sfpload	L1,354,0,7

00009cfc <.LBB38054>:
    9cfc:	c1038611          	sfpload	L4,388,0,7

00009d00 <.LBB38060>:
    9d00:	c0c38619          	sfpload	L3,390,0,7

00009d04 <.LBB38066>:
    9d04:	c0038621          	sfpload	L0,392,0,7

00009d08 <.LBB38072>:
    9d08:	c1838601          	sfpload	L6,384,0,7

00009d0c <.LBB38078>:
    9d0c:	c1438609          	sfpload	L5,386,0,7

00009d10 <.LBB38084>:
    9d10:	1428988a          	sfpadd	L2,L10,L2,L6,2

00009d14 <.LBB38087>:
    9d14:	1428544a          	sfpadd	L1,L10,L1,L5,2

00009d18 <.LBB38090>:
    9d18:	1808a542          	sfpmul	L5,L2,L2,L9,0

00009d1c <.LBB38093>:
    9d1c:	18116502          	sfpmul	L4,L4,L5,L9,0

00009d20 <.LBB38096>:
    9d20:	18086482          	sfpmul	L2,L2,L1,L9,0

00009d24 <.LBB38099>:
    9d24:	100c9082          	sfpmad	L2,L3,L2,L4,0

00009d28 <.LBB38102>:
    9d28:	18046442          	sfpmul	L1,L1,L1,L9,0

00009d2c <.LBB38105>:
    9d2c:	10004802          	sfpmad	L0,L0,L1,L2,0
    9d30:	3c000002          	sfpnop

00009d34 <.LBB38108>:
    9d34:	48002406          	sfpswap	L0,L9,1
    9d38:	3c000002          	sfpnop

00009d3c <.LBB38110>:
    9d3c:	18032402          	sfpmul	L0,L0,L12,L9,0

00009d40 <.LBB38115>:
    9d40:	d50bf801          	sfpaddi	L0,17150,0
    9d44:	3c000002          	sfpnop

00009d48 <.LBB38118>:
    9d48:	48000246          	sfpswap	L9,L0,1
    9d4c:	3c000002          	sfpnop

00009d50 <.LBB38120>:
    9d50:	dc000041          	sfpexexp	L1,L0,0

00009d54 <.LBB38124>:
    9d54:	e0000001          	sfpexman	L0,L0,0

00009d58 <.LBB38126>:
    9d58:	e8000401          	sfpshft	L0,L1,0x000,0

00009d5c <.LBB38128>:
    9d5c:	dc000045          	sfpexexp	L1,L0,1

00009d60 <.LBB38130>:
    9d60:	e0000005          	sfpexman	L0,L0,1

00009d64 <.LBB38132>:
    9d64:	40000002          	sfpcast	L0,L0,0

00009d68 <.LBB38134>:
    9d68:	10037882          	sfpmad	L2,L0,L13,L14,0

00009d6c <.LBB38137>:
    9d6c:	c0c38659          	sfpload	L3,406,0,7

00009d70 <.LBB38143>:
    9d70:	10008c02          	sfpmad	L0,L0,L2,L3,0

00009d74 <.LBB38146>:
    9d74:	08000042          	sfpsetexp	L1,L0,0x000,0

00009d78 <.LBB38148>:
    9d78:	c0038629          	sfpload	L0,394,0,7

00009d7c <.LBB38154>:
    9d7c:	18006402          	sfpmul	L0,L0,L1,L9,0

00009d80 <.LBB38157>:
    9d80:	c0438661          	sfpload	L1,408,0,7

00009d84 <.LBB38163>:
    9d84:	48000406          	sfpswap	L0,L1,1
    9d88:	3c000002          	sfpnop

00009d8c <.LBB38165>:
    9d8c:	c0438631          	sfpload	L1,396,0,7

00009d90 <.LBB38172>:
    9d90:	1006c042          	sfpmad	L1,L1,L11,L0,0
    9d94:	ec000401          	sfpsetcc	L1,0x000,0

00009d98 <.LBB38176>:
    9d98:	f0002401          	sfpmov	L0,L9,0

00009d9c <.LBB38179>:
    9d9c:	2800c02a          	sfpencc	0x003,10

00009da0 <.LBB38182>:
    9da0:	c0838389          	sfpload	L2,226,0,7

00009da4 <.LBB38188>:
    9da4:	1800a442          	sfpmul	L1,L0,L2,L9,0

00009da8 <.LBB38191>:
    9da8:	c1038089          	sfpload	L4,34,0,7

00009dac <.LBB38197>:
    9dac:	c0c38639          	sfpload	L3,398,0,7

00009db0 <.LBB38203>:
    9db0:	1004d0c2          	sfpmad	L3,L1,L3,L4,0

00009db4 <.LBB38206>:
    9db4:	c8c38089          	sfpstore	L3,34,0,7

00009db8 <.LBB38212>:
    9db8:	c1038189          	sfpload	L4,98,0,7

00009dbc <.LBB38218>:
    9dbc:	c0c38641          	sfpload	L3,400,0,7

00009dc0 <.LBB38224>:
    9dc0:	1004d0c2          	sfpmad	L3,L1,L3,L4,0

00009dc4 <.LBB38227>:
    9dc4:	c8c38189          	sfpstore	L3,98,0,7

00009dc8 <.LBB38233>:
    9dc8:	c1038289          	sfpload	L4,162,0,7

00009dcc <.LBB38239>:
    9dcc:	c0c38649          	sfpload	L3,402,0,7

00009dd0 <.LBB38245>:
    9dd0:	1004d042          	sfpmad	L1,L1,L3,L4,0

00009dd4 <.LBB38248>:
    9dd4:	c8438289          	sfpstore	L1,162,0,7

00009dd8 <.LBB38254>:
    9dd8:	142a800a          	sfpadd	L0,L10,L10,L0,2

00009ddc <.LBB38257>:
    9ddc:	18082402          	sfpmul	L0,L2,L0,L9,0

00009de0 <.LBB38260>:
    9de0:	c8038389          	sfpstore	L0,226,0,7

00009de4 <.LBE38040>:
    9de4:	00008067          	ret

00009de8 <void (anonymous namespace)::blend_pair_body<8ul, 3ul>()>:
    9de8:	c0038601          	sfpload	L0,384,0,7

00009dec <.LBB40028>:
    9dec:	c1038609          	sfpload	L4,386,0,7

00009df0 <.LBB40034>:
    9df0:	c0838481          	sfpload	L2,288,0,7

00009df4 <.LBB40040>:
    9df4:	1428808a          	sfpadd	L2,L10,L2,L0,2

00009df8 <.LBB40043>:
    9df8:	c0438489          	sfpload	L1,290,0,7

00009dfc <.LBB40049>:
    9dfc:	1428404a          	sfpadd	L1,L10,L1,L0,2

00009e00 <.LBB40052>:
    9e00:	c0038581          	sfpload	L0,352,0,7

00009e04 <.LBB40058>:
    9e04:	1428100a          	sfpadd	L0,L10,L0,L4,2

00009e08 <.LBB40061>:
    9e08:	c0c38589          	sfpload	L3,354,0,7

00009e0c <.LBB40067>:
    9e0c:	1428d0ca          	sfpadd	L3,L10,L3,L4,2

00009e10 <.LBB40070>:
    9e10:	c1438611          	sfpload	L5,388,0,7

00009e14 <.LBB40076>:
    9e14:	1808a582          	sfpmul	L6,L2,L2,L9,0

00009e18 <.LBB40079>:
    9e18:	1815a582          	sfpmul	L6,L5,L6,L9,0

00009e1c <.LBB40082>:
    9e1c:	18046502          	sfpmul	L4,L1,L1,L9,0

00009e20 <.LBB40085>:
    9e20:	18152542          	sfpmul	L5,L5,L4,L9,0

00009e24 <.LBB40088>:
    9e24:	c1038619          	sfpload	L4,390,0,7

00009e28 <.LBB40094>:
    9e28:	18082482          	sfpmul	L2,L2,L0,L9,0

00009e2c <.LBB40097>:
    9e2c:	10109882          	sfpmad	L2,L4,L2,L6,0

00009e30 <.LBB40100>:
    9e30:	1804e442          	sfpmul	L1,L1,L3,L9,0

00009e34 <.LBB40103>:
    9e34:	10105502          	sfpmad	L4,L4,L1,L5,0

00009e38 <.LBB40106>:
    9e38:	c0438621          	sfpload	L1,392,0,7

00009e3c <.LBB40112>:
    9e3c:	18002402          	sfpmul	L0,L0,L0,L9,0

00009e40 <.LBB40115>:
    9e40:	10040802          	sfpmad	L0,L1,L0,L2,0

00009e44 <.LBB40118>:
    9e44:	180ce4c2          	sfpmul	L3,L3,L3,L9,0

00009e48 <.LBB40121>:
    9e48:	1004d042          	sfpmad	L1,L1,L3,L4,0

00009e4c <.LBB40124>:
    9e4c:	48002406          	sfpswap	L0,L9,1
    9e50:	3c000002          	sfpnop

00009e54 <.LBB40126>:
    9e54:	48002446          	sfpswap	L1,L9,1
    9e58:	3c000002          	sfpnop

00009e5c <.LBB40128>:
    9e5c:	18032402          	sfpmul	L0,L0,L12,L9,0

00009e60 <.LBB40133>:
    9e60:	d50bf801          	sfpaddi	L0,17150,0
    9e64:	3c000002          	sfpnop

00009e68 <.LBB40136>:
    9e68:	48000246          	sfpswap	L9,L0,1
    9e6c:	3c000002          	sfpnop

00009e70 <.LBB40138>:
    9e70:	dc000081          	sfpexexp	L2,L0,0

00009e74 <.LBB40142>:
    9e74:	e0000001          	sfpexman	L0,L0,0

00009e78 <.LBB40144>:
    9e78:	e8000801          	sfpshft	L0,L2,0x000,0

00009e7c <.LBB40146>:
    9e7c:	dc000085          	sfpexexp	L2,L0,1

00009e80 <.LBB40148>:
    9e80:	1000014c          	ttreplay	0,5,1,1
    9e84:	e0000005          	sfpexman	L0,L0,1

00009e88 <.LBB40150>:
    9e88:	40000002          	sfpcast	L0,L0,0

00009e8c <.LBB40152>:
    9e8c:	100378c2          	sfpmad	L3,L0,L13,L14,0

00009e90 <.LBB40155>:
    9e90:	c1038659          	sfpload	L4,406,0,7

00009e94 <.LBB40161>:
    9e94:	1000d002          	sfpmad	L0,L0,L3,L4,0

00009e98 <.LBB40164>:
    9e98:	08000082          	sfpsetexp	L2,L0,0x000,0

00009e9c <.LBB40166>:
    9e9c:	18072442          	sfpmul	L1,L1,L12,L9,0

00009ea0 <.LBB40171>:
    9ea0:	d50bf841          	sfpaddi	L1,17150,0
    9ea4:	3c000002          	sfpnop

00009ea8 <.LBB40174>:
    9ea8:	48000646          	sfpswap	L9,L1,1
    9eac:	3c000002          	sfpnop

00009eb0 <.LBB40176>:
    9eb0:	dc0004c1          	sfpexexp	L3,L1,0

00009eb4 <.LBB40180>:
    9eb4:	e0000401          	sfpexman	L0,L1,0

00009eb8 <.LBB40182>:
    9eb8:	e8000c01          	sfpshft	L0,L3,0x000,0

00009ebc <.LBB40184>:
    9ebc:	dc000045          	sfpexexp	L1,L0,1

00009ec0 <.LBB40186>:
    9ec0:	10000140          	ttreplay	0,5,0,0

00009ec4 <.LBB40189>:
    9ec4:	08000042          	sfpsetexp	L1,L0,0x000,0

00009ec8 <.LBB40191>:
    9ec8:	c0038629          	sfpload	L0,394,0,7

00009ecc <.LBB40197>:
    9ecc:	1800a482          	sfpmul	L2,L0,L2,L9,0

00009ed0 <.LBB40200>:
    9ed0:	18006402          	sfpmul	L0,L0,L1,L9,0

00009ed4 <.LBB40203>:
    9ed4:	c0c38661          	sfpload	L3,408,0,7

00009ed8 <.LBB40209>:
    9ed8:	c0438661          	sfpload	L1,408,0,7

00009edc <.LBB40215>:
    9edc:	48000c86          	sfpswap	L2,L3,1
    9ee0:	3c000002          	sfpnop

00009ee4 <.LBB40217>:
    9ee4:	48000406          	sfpswap	L0,L1,1
    9ee8:	3c000002          	sfpnop

00009eec <.LBB40219>:
    9eec:	c0438631          	sfpload	L1,396,0,7

00009ef0 <.LBB40226>:
    9ef0:	1006c842          	sfpmad	L1,L1,L11,L2,0
    9ef4:	ec000401          	sfpsetcc	L1,0x000,0

00009ef8 <.LBB40230>:
    9ef8:	f0002481          	sfpmov	L2,L9,0

00009efc <.LBB40233>:
    9efc:	2800c02a          	sfpencc	0x003,10

00009f00 <.LBB40236>:
    9f00:	c0438631          	sfpload	L1,396,0,7

00009f04 <.LBB40243>:
    9f04:	1006c042          	sfpmad	L1,L1,L11,L0,0
    9f08:	ec000401          	sfpsetcc	L1,0x000,0

00009f0c <.LBB40247>:
    9f0c:	f0002401          	sfpmov	L0,L9,0

00009f10 <.LBB40250>:
    9f10:	2800c02a          	sfpencc	0x003,10

00009f14 <.LBB40253>:
    9f14:	c1438381          	sfpload	L5,224,0,7

00009f18 <.LBB40259>:
    9f18:	c1038389          	sfpload	L4,226,0,7

00009f1c <.LBB40265>:
    9f1c:	180964c2          	sfpmul	L3,L2,L5,L9,0

00009f20 <.LBB40268>:
    9f20:	18012442          	sfpmul	L1,L0,L4,L9,0

00009f24 <.LBB40271>:
    9f24:	c1838639          	sfpload	L6,398,0,7

00009f28 <.LBB40277>:
    9f28:	c1c38081          	sfpload	L7,32,0,7

00009f2c <.LBB40283>:
    9f2c:	100d9dc2          	sfpmad	L7,L3,L6,L7,0

00009f30 <.LBB40286>:
    9f30:	c9c38081          	sfpstore	L7,32,0,7

00009f34 <.LBB40292>:
    9f34:	c1c38089          	sfpload	L7,34,0,7

00009f38 <.LBB40298>:
    9f38:	10059d82          	sfpmad	L6,L1,L6,L7,0

00009f3c <.LBB40301>:
    9f3c:	c9838089          	sfpstore	L6,34,0,7

00009f40 <.LBB40307>:
    9f40:	c1838641          	sfpload	L6,400,0,7

00009f44 <.LBB40313>:
    9f44:	c1c38181          	sfpload	L7,96,0,7

00009f48 <.LBB40319>:
    9f48:	100d9dc2          	sfpmad	L7,L3,L6,L7,0

00009f4c <.LBB40322>:
    9f4c:	c9c38181          	sfpstore	L7,96,0,7

00009f50 <.LBB40328>:
    9f50:	c1c38189          	sfpload	L7,98,0,7

00009f54 <.LBB40334>:
    9f54:	10059d82          	sfpmad	L6,L1,L6,L7,0

00009f58 <.LBB40337>:
    9f58:	c9838189          	sfpstore	L6,98,0,7

00009f5c <.LBB40343>:
    9f5c:	c1838649          	sfpload	L6,402,0,7

00009f60 <.LBB40349>:
    9f60:	c1c38281          	sfpload	L7,160,0,7

00009f64 <.LBB40355>:
    9f64:	100d9cc2          	sfpmad	L3,L3,L6,L7,0

00009f68 <.LBB40358>:
    9f68:	c8c38281          	sfpstore	L3,160,0,7

00009f6c <.LBB40364>:
    9f6c:	c0c38289          	sfpload	L3,162,0,7

00009f70 <.LBB40370>:
    9f70:	10058c42          	sfpmad	L1,L1,L6,L3,0

00009f74 <.LBB40373>:
    9f74:	c8438289          	sfpstore	L1,162,0,7

00009f78 <.LBB40379>:
    9f78:	142a888a          	sfpadd	L2,L10,L10,L2,2

00009f7c <.LBB40382>:
    9f7c:	1814a542          	sfpmul	L5,L5,L2,L9,0

00009f80 <.LBB40385>:
    9f80:	c9438381          	sfpstore	L5,224,0,7

00009f84 <.LBB40391>:
    9f84:	142a800a          	sfpadd	L0,L10,L10,L0,2

00009f88 <.LBB40394>:
    9f88:	18102402          	sfpmul	L0,L4,L0,L9,0

00009f8c <.LBB40397>:
    9f8c:	c8038389          	sfpstore	L0,226,0,7

00009f90 <.LBE40020>:
    9f90:	00008067          	ret

00009f94 <void (anonymous namespace)::blend_pair_body<9ul, 1ul>()>:
    9f94:	c0838491          	sfpload	L2,292,0,7

00009f98 <.LBB41361>:
    9f98:	c0438591          	sfpload	L1,356,0,7

00009f9c <.LBB41367>:
    9f9c:	c1038611          	sfpload	L4,388,0,7

00009fa0 <.LBB41373>:
    9fa0:	c0c38619          	sfpload	L3,390,0,7

00009fa4 <.LBB41379>:
    9fa4:	c0038621          	sfpload	L0,392,0,7

00009fa8 <.LBB41385>:
    9fa8:	c1838601          	sfpload	L6,384,0,7

00009fac <.LBB41391>:
    9fac:	c1438609          	sfpload	L5,386,0,7

00009fb0 <.LBB41397>:
    9fb0:	1428988a          	sfpadd	L2,L10,L2,L6,2

00009fb4 <.LBB41400>:
    9fb4:	1428544a          	sfpadd	L1,L10,L1,L5,2

00009fb8 <.LBB41403>:
    9fb8:	1808a542          	sfpmul	L5,L2,L2,L9,0

00009fbc <.LBB41406>:
    9fbc:	18116502          	sfpmul	L4,L4,L5,L9,0

00009fc0 <.LBB41409>:
    9fc0:	18086482          	sfpmul	L2,L2,L1,L9,0

00009fc4 <.LBB41412>:
    9fc4:	100c9082          	sfpmad	L2,L3,L2,L4,0

00009fc8 <.LBB41415>:
    9fc8:	18046442          	sfpmul	L1,L1,L1,L9,0

00009fcc <.LBB41418>:
    9fcc:	10004802          	sfpmad	L0,L0,L1,L2,0
    9fd0:	3c000002          	sfpnop

00009fd4 <.LBB41421>:
    9fd4:	48002406          	sfpswap	L0,L9,1
    9fd8:	3c000002          	sfpnop

00009fdc <.LBB41423>:
    9fdc:	18032402          	sfpmul	L0,L0,L12,L9,0

00009fe0 <.LBB41428>:
    9fe0:	d50bf801          	sfpaddi	L0,17150,0
    9fe4:	3c000002          	sfpnop

00009fe8 <.LBB41431>:
    9fe8:	48000246          	sfpswap	L9,L0,1
    9fec:	3c000002          	sfpnop

00009ff0 <.LBB41433>:
    9ff0:	dc000041          	sfpexexp	L1,L0,0

00009ff4 <.LBB41437>:
    9ff4:	e0000001          	sfpexman	L0,L0,0

00009ff8 <.LBB41439>:
    9ff8:	e8000401          	sfpshft	L0,L1,0x000,0

00009ffc <.LBB41441>:
    9ffc:	dc000045          	sfpexexp	L1,L0,1

0000a000 <.LBB41443>:
    a000:	e0000005          	sfpexman	L0,L0,1

0000a004 <.LBB41445>:
    a004:	40000002          	sfpcast	L0,L0,0

0000a008 <.LBB41447>:
    a008:	10037882          	sfpmad	L2,L0,L13,L14,0

0000a00c <.LBB41450>:
    a00c:	c0c38659          	sfpload	L3,406,0,7

0000a010 <.LBB41456>:
    a010:	10008c02          	sfpmad	L0,L0,L2,L3,0

0000a014 <.LBB41459>:
    a014:	08000042          	sfpsetexp	L1,L0,0x000,0

0000a018 <.LBB41461>:
    a018:	c0038629          	sfpload	L0,394,0,7

0000a01c <.LBB41467>:
    a01c:	18006402          	sfpmul	L0,L0,L1,L9,0

0000a020 <.LBB41470>:
    a020:	c0438661          	sfpload	L1,408,0,7

0000a024 <.LBB41476>:
    a024:	48000406          	sfpswap	L0,L1,1
    a028:	3c000002          	sfpnop

0000a02c <.LBB41478>:
    a02c:	c0438631          	sfpload	L1,396,0,7

0000a030 <.LBB41485>:
    a030:	1006c042          	sfpmad	L1,L1,L11,L0,0
    a034:	ec000401          	sfpsetcc	L1,0x000,0

0000a038 <.LBB41489>:
    a038:	f0002401          	sfpmov	L0,L9,0

0000a03c <.LBB41492>:
    a03c:	2800c02a          	sfpencc	0x003,10

0000a040 <.LBB41495>:
    a040:	c0838391          	sfpload	L2,228,0,7

0000a044 <.LBB41501>:
    a044:	1800a442          	sfpmul	L1,L0,L2,L9,0

0000a048 <.LBB41504>:
    a048:	c1038091          	sfpload	L4,36,0,7

0000a04c <.LBB41510>:
    a04c:	c0c38639          	sfpload	L3,398,0,7

0000a050 <.LBB41516>:
    a050:	1004d0c2          	sfpmad	L3,L1,L3,L4,0

0000a054 <.LBB41519>:
    a054:	c8c38091          	sfpstore	L3,36,0,7

0000a058 <.LBB41525>:
    a058:	c1038191          	sfpload	L4,100,0,7

0000a05c <.LBB41531>:
    a05c:	c0c38641          	sfpload	L3,400,0,7

0000a060 <.LBB41537>:
    a060:	1004d0c2          	sfpmad	L3,L1,L3,L4,0

0000a064 <.LBB41540>:
    a064:	c8c38191          	sfpstore	L3,100,0,7

0000a068 <.LBB41546>:
    a068:	c1038291          	sfpload	L4,164,0,7

0000a06c <.LBB41552>:
    a06c:	c0c38649          	sfpload	L3,402,0,7

0000a070 <.LBB41558>:
    a070:	1004d042          	sfpmad	L1,L1,L3,L4,0

0000a074 <.LBB41561>:
    a074:	c8438291          	sfpstore	L1,164,0,7

0000a078 <.LBB41567>:
    a078:	142a800a          	sfpadd	L0,L10,L10,L0,2

0000a07c <.LBB41570>:
    a07c:	18082402          	sfpmul	L0,L2,L0,L9,0

0000a080 <.LBB41573>:
    a080:	c8038391          	sfpstore	L0,228,0,7

0000a084 <.LBE41353>:
    a084:	00008067          	ret

0000a088 <void (anonymous namespace)::blend_pair_body<9ul, 2ul>()>:
    a088:	c0838499          	sfpload	L2,294,0,7

0000a08c <.LBB42537>:
    a08c:	c0438599          	sfpload	L1,358,0,7

0000a090 <.LBB42543>:
    a090:	c1038611          	sfpload	L4,388,0,7

0000a094 <.LBB42549>:
    a094:	c0c38619          	sfpload	L3,390,0,7

0000a098 <.LBB42555>:
    a098:	c0038621          	sfpload	L0,392,0,7

0000a09c <.LBB42561>:
    a09c:	c1838601          	sfpload	L6,384,0,7

0000a0a0 <.LBB42567>:
    a0a0:	c1438609          	sfpload	L5,386,0,7

0000a0a4 <.LBB42573>:
    a0a4:	1428988a          	sfpadd	L2,L10,L2,L6,2

0000a0a8 <.LBB42576>:
    a0a8:	1428544a          	sfpadd	L1,L10,L1,L5,2

0000a0ac <.LBB42579>:
    a0ac:	1808a542          	sfpmul	L5,L2,L2,L9,0

0000a0b0 <.LBB42582>:
    a0b0:	18116502          	sfpmul	L4,L4,L5,L9,0

0000a0b4 <.LBB42585>:
    a0b4:	18086482          	sfpmul	L2,L2,L1,L9,0

0000a0b8 <.LBB42588>:
    a0b8:	100c9082          	sfpmad	L2,L3,L2,L4,0

0000a0bc <.LBB42591>:
    a0bc:	18046442          	sfpmul	L1,L1,L1,L9,0

0000a0c0 <.LBB42594>:
    a0c0:	10004802          	sfpmad	L0,L0,L1,L2,0
    a0c4:	3c000002          	sfpnop

0000a0c8 <.LBB42597>:
    a0c8:	48002406          	sfpswap	L0,L9,1
    a0cc:	3c000002          	sfpnop

0000a0d0 <.LBB42599>:
    a0d0:	18032402          	sfpmul	L0,L0,L12,L9,0

0000a0d4 <.LBB42604>:
    a0d4:	d50bf801          	sfpaddi	L0,17150,0
    a0d8:	3c000002          	sfpnop

0000a0dc <.LBB42607>:
    a0dc:	48000246          	sfpswap	L9,L0,1
    a0e0:	3c000002          	sfpnop

0000a0e4 <.LBB42609>:
    a0e4:	dc000041          	sfpexexp	L1,L0,0

0000a0e8 <.LBB42613>:
    a0e8:	e0000001          	sfpexman	L0,L0,0

0000a0ec <.LBB42615>:
    a0ec:	e8000401          	sfpshft	L0,L1,0x000,0

0000a0f0 <.LBB42617>:
    a0f0:	dc000045          	sfpexexp	L1,L0,1

0000a0f4 <.LBB42619>:
    a0f4:	e0000005          	sfpexman	L0,L0,1

0000a0f8 <.LBB42621>:
    a0f8:	40000002          	sfpcast	L0,L0,0

0000a0fc <.LBB42623>:
    a0fc:	10037882          	sfpmad	L2,L0,L13,L14,0

0000a100 <.LBB42626>:
    a100:	c0c38659          	sfpload	L3,406,0,7

0000a104 <.LBB42632>:
    a104:	10008c02          	sfpmad	L0,L0,L2,L3,0

0000a108 <.LBB42635>:
    a108:	08000042          	sfpsetexp	L1,L0,0x000,0

0000a10c <.LBB42637>:
    a10c:	c0038629          	sfpload	L0,394,0,7

0000a110 <.LBB42643>:
    a110:	18006402          	sfpmul	L0,L0,L1,L9,0

0000a114 <.LBB42646>:
    a114:	c0438661          	sfpload	L1,408,0,7

0000a118 <.LBB42652>:
    a118:	48000406          	sfpswap	L0,L1,1
    a11c:	3c000002          	sfpnop

0000a120 <.LBB42654>:
    a120:	c0438631          	sfpload	L1,396,0,7

0000a124 <.LBB42661>:
    a124:	1006c042          	sfpmad	L1,L1,L11,L0,0
    a128:	ec000401          	sfpsetcc	L1,0x000,0

0000a12c <.LBB42665>:
    a12c:	f0002401          	sfpmov	L0,L9,0

0000a130 <.LBB42668>:
    a130:	2800c02a          	sfpencc	0x003,10

0000a134 <.LBB42671>:
    a134:	c0838399          	sfpload	L2,230,0,7

0000a138 <.LBB42677>:
    a138:	1800a442          	sfpmul	L1,L0,L2,L9,0

0000a13c <.LBB42680>:
    a13c:	c1038099          	sfpload	L4,38,0,7

0000a140 <.LBB42686>:
    a140:	c0c38639          	sfpload	L3,398,0,7

0000a144 <.LBB42692>:
    a144:	1004d0c2          	sfpmad	L3,L1,L3,L4,0

0000a148 <.LBB42695>:
    a148:	c8c38099          	sfpstore	L3,38,0,7

0000a14c <.LBB42701>:
    a14c:	c1038199          	sfpload	L4,102,0,7

0000a150 <.LBB42707>:
    a150:	c0c38641          	sfpload	L3,400,0,7

0000a154 <.LBB42713>:
    a154:	1004d0c2          	sfpmad	L3,L1,L3,L4,0

0000a158 <.LBB42716>:
    a158:	c8c38199          	sfpstore	L3,102,0,7

0000a15c <.LBB42722>:
    a15c:	c1038299          	sfpload	L4,166,0,7

0000a160 <.LBB42728>:
    a160:	c0c38649          	sfpload	L3,402,0,7

0000a164 <.LBB42734>:
    a164:	1004d042          	sfpmad	L1,L1,L3,L4,0

0000a168 <.LBB42737>:
    a168:	c8438299          	sfpstore	L1,166,0,7

0000a16c <.LBB42743>:
    a16c:	142a800a          	sfpadd	L0,L10,L10,L0,2

0000a170 <.LBB42746>:
    a170:	18082402          	sfpmul	L0,L2,L0,L9,0

0000a174 <.LBB42749>:
    a174:	c8038399          	sfpstore	L0,230,0,7

0000a178 <.LBE42529>:
    a178:	00008067          	ret

0000a17c <void (anonymous namespace)::blend_pair_body<9ul, 3ul>()>:
    a17c:	c0038601          	sfpload	L0,384,0,7

0000a180 <.LBB44517>:
    a180:	c1038609          	sfpload	L4,386,0,7

0000a184 <.LBB44523>:
    a184:	c0838491          	sfpload	L2,292,0,7

0000a188 <.LBB44529>:
    a188:	1428808a          	sfpadd	L2,L10,L2,L0,2

0000a18c <.LBB44532>:
    a18c:	c0438499          	sfpload	L1,294,0,7

0000a190 <.LBB44538>:
    a190:	1428404a          	sfpadd	L1,L10,L1,L0,2

0000a194 <.LBB44541>:
    a194:	c0038591          	sfpload	L0,356,0,7

0000a198 <.LBB44547>:
    a198:	1428100a          	sfpadd	L0,L10,L0,L4,2

0000a19c <.LBB44550>:
    a19c:	c0c38599          	sfpload	L3,358,0,7

0000a1a0 <.LBB44556>:
    a1a0:	1428d0ca          	sfpadd	L3,L10,L3,L4,2

0000a1a4 <.LBB44559>:
    a1a4:	c1438611          	sfpload	L5,388,0,7

0000a1a8 <.LBB44565>:
    a1a8:	1808a582          	sfpmul	L6,L2,L2,L9,0

0000a1ac <.LBB44568>:
    a1ac:	1815a582          	sfpmul	L6,L5,L6,L9,0

0000a1b0 <.LBB44571>:
    a1b0:	18046502          	sfpmul	L4,L1,L1,L9,0

0000a1b4 <.LBB44574>:
    a1b4:	18152542          	sfpmul	L5,L5,L4,L9,0

0000a1b8 <.LBB44577>:
    a1b8:	c1038619          	sfpload	L4,390,0,7

0000a1bc <.LBB44583>:
    a1bc:	18082482          	sfpmul	L2,L2,L0,L9,0

0000a1c0 <.LBB44586>:
    a1c0:	10109882          	sfpmad	L2,L4,L2,L6,0

0000a1c4 <.LBB44589>:
    a1c4:	1804e442          	sfpmul	L1,L1,L3,L9,0

0000a1c8 <.LBB44592>:
    a1c8:	10105502          	sfpmad	L4,L4,L1,L5,0

0000a1cc <.LBB44595>:
    a1cc:	c0438621          	sfpload	L1,392,0,7

0000a1d0 <.LBB44601>:
    a1d0:	18002402          	sfpmul	L0,L0,L0,L9,0

0000a1d4 <.LBB44604>:
    a1d4:	10040802          	sfpmad	L0,L1,L0,L2,0

0000a1d8 <.LBB44607>:
    a1d8:	180ce4c2          	sfpmul	L3,L3,L3,L9,0

0000a1dc <.LBB44610>:
    a1dc:	1004d042          	sfpmad	L1,L1,L3,L4,0

0000a1e0 <.LBB44613>:
    a1e0:	48002406          	sfpswap	L0,L9,1
    a1e4:	3c000002          	sfpnop

0000a1e8 <.LBB44615>:
    a1e8:	48002446          	sfpswap	L1,L9,1
    a1ec:	3c000002          	sfpnop

0000a1f0 <.LBB44617>:
    a1f0:	18032402          	sfpmul	L0,L0,L12,L9,0

0000a1f4 <.LBB44622>:
    a1f4:	d50bf801          	sfpaddi	L0,17150,0
    a1f8:	3c000002          	sfpnop

0000a1fc <.LBB44625>:
    a1fc:	48000246          	sfpswap	L9,L0,1
    a200:	3c000002          	sfpnop

0000a204 <.LBB44627>:
    a204:	dc000081          	sfpexexp	L2,L0,0

0000a208 <.LBB44631>:
    a208:	e0000001          	sfpexman	L0,L0,0

0000a20c <.LBB44633>:
    a20c:	e8000801          	sfpshft	L0,L2,0x000,0

0000a210 <.LBB44635>:
    a210:	dc000085          	sfpexexp	L2,L0,1

0000a214 <.LBB44637>:
    a214:	1000014c          	ttreplay	0,5,1,1
    a218:	e0000005          	sfpexman	L0,L0,1

0000a21c <.LBB44639>:
    a21c:	40000002          	sfpcast	L0,L0,0

0000a220 <.LBB44641>:
    a220:	100378c2          	sfpmad	L3,L0,L13,L14,0

0000a224 <.LBB44644>:
    a224:	c1038659          	sfpload	L4,406,0,7

0000a228 <.LBB44650>:
    a228:	1000d002          	sfpmad	L0,L0,L3,L4,0

0000a22c <.LBB44653>:
    a22c:	08000082          	sfpsetexp	L2,L0,0x000,0

0000a230 <.LBB44655>:
    a230:	18072442          	sfpmul	L1,L1,L12,L9,0

0000a234 <.LBB44660>:
    a234:	d50bf841          	sfpaddi	L1,17150,0
    a238:	3c000002          	sfpnop

0000a23c <.LBB44663>:
    a23c:	48000646          	sfpswap	L9,L1,1
    a240:	3c000002          	sfpnop

0000a244 <.LBB44665>:
    a244:	dc0004c1          	sfpexexp	L3,L1,0

0000a248 <.LBB44669>:
    a248:	e0000401          	sfpexman	L0,L1,0

0000a24c <.LBB44671>:
    a24c:	e8000c01          	sfpshft	L0,L3,0x000,0

0000a250 <.LBB44673>:
    a250:	dc000045          	sfpexexp	L1,L0,1

0000a254 <.LBB44675>:
    a254:	10000140          	ttreplay	0,5,0,0

0000a258 <.LBB44678>:
    a258:	08000042          	sfpsetexp	L1,L0,0x000,0

0000a25c <.LBB44680>:
    a25c:	c0038629          	sfpload	L0,394,0,7

0000a260 <.LBB44686>:
    a260:	1800a482          	sfpmul	L2,L0,L2,L9,0

0000a264 <.LBB44689>:
    a264:	18006402          	sfpmul	L0,L0,L1,L9,0

0000a268 <.LBB44692>:
    a268:	c0c38661          	sfpload	L3,408,0,7

0000a26c <.LBB44698>:
    a26c:	c0438661          	sfpload	L1,408,0,7

0000a270 <.LBB44704>:
    a270:	48000c86          	sfpswap	L2,L3,1
    a274:	3c000002          	sfpnop

0000a278 <.LBB44706>:
    a278:	48000406          	sfpswap	L0,L1,1
    a27c:	3c000002          	sfpnop

0000a280 <.LBB44708>:
    a280:	c0438631          	sfpload	L1,396,0,7

0000a284 <.LBB44715>:
    a284:	1006c842          	sfpmad	L1,L1,L11,L2,0
    a288:	ec000401          	sfpsetcc	L1,0x000,0

0000a28c <.LBB44719>:
    a28c:	f0002481          	sfpmov	L2,L9,0

0000a290 <.LBB44722>:
    a290:	2800c02a          	sfpencc	0x003,10

0000a294 <.LBB44725>:
    a294:	c0438631          	sfpload	L1,396,0,7

0000a298 <.LBB44732>:
    a298:	1006c042          	sfpmad	L1,L1,L11,L0,0
    a29c:	ec000401          	sfpsetcc	L1,0x000,0

0000a2a0 <.LBB44736>:
    a2a0:	f0002401          	sfpmov	L0,L9,0

0000a2a4 <.LBB44739>:
    a2a4:	2800c02a          	sfpencc	0x003,10

0000a2a8 <.LBB44742>:
    a2a8:	c1438391          	sfpload	L5,228,0,7

0000a2ac <.LBB44748>:
    a2ac:	c1038399          	sfpload	L4,230,0,7

0000a2b0 <.LBB44754>:
    a2b0:	180964c2          	sfpmul	L3,L2,L5,L9,0

0000a2b4 <.LBB44757>:
    a2b4:	18012442          	sfpmul	L1,L0,L4,L9,0

0000a2b8 <.LBB44760>:
    a2b8:	c1838639          	sfpload	L6,398,0,7

0000a2bc <.LBB44766>:
    a2bc:	c1c38091          	sfpload	L7,36,0,7

0000a2c0 <.LBB44772>:
    a2c0:	100d9dc2          	sfpmad	L7,L3,L6,L7,0

0000a2c4 <.LBB44775>:
    a2c4:	c9c38091          	sfpstore	L7,36,0,7

0000a2c8 <.LBB44781>:
    a2c8:	c1c38099          	sfpload	L7,38,0,7

0000a2cc <.LBB44787>:
    a2cc:	10059d82          	sfpmad	L6,L1,L6,L7,0

0000a2d0 <.LBB44790>:
    a2d0:	c9838099          	sfpstore	L6,38,0,7

0000a2d4 <.LBB44796>:
    a2d4:	c1838641          	sfpload	L6,400,0,7

0000a2d8 <.LBB44802>:
    a2d8:	c1c38191          	sfpload	L7,100,0,7

0000a2dc <.LBB44808>:
    a2dc:	100d9dc2          	sfpmad	L7,L3,L6,L7,0

0000a2e0 <.LBB44811>:
    a2e0:	c9c38191          	sfpstore	L7,100,0,7

0000a2e4 <.LBB44817>:
    a2e4:	c1c38199          	sfpload	L7,102,0,7

0000a2e8 <.LBB44823>:
    a2e8:	10059d82          	sfpmad	L6,L1,L6,L7,0

0000a2ec <.LBB44826>:
    a2ec:	c9838199          	sfpstore	L6,102,0,7

0000a2f0 <.LBB44832>:
    a2f0:	c1838649          	sfpload	L6,402,0,7

0000a2f4 <.LBB44838>:
    a2f4:	c1c38291          	sfpload	L7,164,0,7

0000a2f8 <.LBB44844>:
    a2f8:	100d9cc2          	sfpmad	L3,L3,L6,L7,0

0000a2fc <.LBB44847>:
    a2fc:	c8c38291          	sfpstore	L3,164,0,7

0000a300 <.LBB44853>:
    a300:	c0c38299          	sfpload	L3,166,0,7

0000a304 <.LBB44859>:
    a304:	10058c42          	sfpmad	L1,L1,L6,L3,0

0000a308 <.LBB44862>:
    a308:	c8438299          	sfpstore	L1,166,0,7

0000a30c <.LBB44868>:
    a30c:	142a888a          	sfpadd	L2,L10,L10,L2,2

0000a310 <.LBB44871>:
    a310:	1814a542          	sfpmul	L5,L5,L2,L9,0

0000a314 <.LBB44874>:
    a314:	c9438391          	sfpstore	L5,228,0,7

0000a318 <.LBB44880>:
    a318:	142a800a          	sfpadd	L0,L10,L10,L0,2

0000a31c <.LBB44883>:
    a31c:	18102402          	sfpmul	L0,L4,L0,L9,0

0000a320 <.LBB44886>:
    a320:	c8038399          	sfpstore	L0,230,0,7

0000a324 <.LBE44509>:
    a324:	00008067          	ret

0000a328 <void (anonymous namespace)::blend_pair_body<10ul, 1ul>()>:
    a328:	c08384a1          	sfpload	L2,296,0,7

0000a32c <.LBB45850>:
    a32c:	c04385a1          	sfpload	L1,360,0,7

0000a330 <.LBB45856>:
    a330:	c1038611          	sfpload	L4,388,0,7

0000a334 <.LBB45862>:
    a334:	c0c38619          	sfpload	L3,390,0,7

0000a338 <.LBB45868>:
    a338:	c0038621          	sfpload	L0,392,0,7

0000a33c <.LBB45874>:
    a33c:	c1838601          	sfpload	L6,384,0,7

0000a340 <.LBB45880>:
    a340:	c1438609          	sfpload	L5,386,0,7

0000a344 <.LBB45886>:
    a344:	1428988a          	sfpadd	L2,L10,L2,L6,2

0000a348 <.LBB45889>:
    a348:	1428544a          	sfpadd	L1,L10,L1,L5,2

0000a34c <.LBB45892>:
    a34c:	1808a542          	sfpmul	L5,L2,L2,L9,0

0000a350 <.LBB45895>:
    a350:	18116502          	sfpmul	L4,L4,L5,L9,0

0000a354 <.LBB45898>:
    a354:	18086482          	sfpmul	L2,L2,L1,L9,0

0000a358 <.LBB45901>:
    a358:	100c9082          	sfpmad	L2,L3,L2,L4,0

0000a35c <.LBB45904>:
    a35c:	18046442          	sfpmul	L1,L1,L1,L9,0

0000a360 <.LBB45907>:
    a360:	10004802          	sfpmad	L0,L0,L1,L2,0
    a364:	3c000002          	sfpnop

0000a368 <.LBB45910>:
    a368:	48002406          	sfpswap	L0,L9,1
    a36c:	3c000002          	sfpnop

0000a370 <.LBB45912>:
    a370:	18032402          	sfpmul	L0,L0,L12,L9,0

0000a374 <.LBB45917>:
    a374:	d50bf801          	sfpaddi	L0,17150,0
    a378:	3c000002          	sfpnop

0000a37c <.LBB45920>:
    a37c:	48000246          	sfpswap	L9,L0,1
    a380:	3c000002          	sfpnop

0000a384 <.LBB45922>:
    a384:	dc000041          	sfpexexp	L1,L0,0

0000a388 <.LBB45926>:
    a388:	e0000001          	sfpexman	L0,L0,0

0000a38c <.LBB45928>:
    a38c:	e8000401          	sfpshft	L0,L1,0x000,0

0000a390 <.LBB45930>:
    a390:	dc000045          	sfpexexp	L1,L0,1

0000a394 <.LBB45932>:
    a394:	e0000005          	sfpexman	L0,L0,1

0000a398 <.LBB45934>:
    a398:	40000002          	sfpcast	L0,L0,0

0000a39c <.LBB45936>:
    a39c:	10037882          	sfpmad	L2,L0,L13,L14,0

0000a3a0 <.LBB45939>:
    a3a0:	c0c38659          	sfpload	L3,406,0,7

0000a3a4 <.LBB45945>:
    a3a4:	10008c02          	sfpmad	L0,L0,L2,L3,0

0000a3a8 <.LBB45948>:
    a3a8:	08000042          	sfpsetexp	L1,L0,0x000,0

0000a3ac <.LBB45950>:
    a3ac:	c0038629          	sfpload	L0,394,0,7

0000a3b0 <.LBB45956>:
    a3b0:	18006402          	sfpmul	L0,L0,L1,L9,0

0000a3b4 <.LBB45959>:
    a3b4:	c0438661          	sfpload	L1,408,0,7

0000a3b8 <.LBB45965>:
    a3b8:	48000406          	sfpswap	L0,L1,1
    a3bc:	3c000002          	sfpnop

0000a3c0 <.LBB45967>:
    a3c0:	c0438631          	sfpload	L1,396,0,7

0000a3c4 <.LBB45974>:
    a3c4:	1006c042          	sfpmad	L1,L1,L11,L0,0
    a3c8:	ec000401          	sfpsetcc	L1,0x000,0

0000a3cc <.LBB45978>:
    a3cc:	f0002401          	sfpmov	L0,L9,0

0000a3d0 <.LBB45981>:
    a3d0:	2800c02a          	sfpencc	0x003,10

0000a3d4 <.LBB45984>:
    a3d4:	c08383a1          	sfpload	L2,232,0,7

0000a3d8 <.LBB45990>:
    a3d8:	1800a442          	sfpmul	L1,L0,L2,L9,0

0000a3dc <.LBB45993>:
    a3dc:	c10380a1          	sfpload	L4,40,0,7

0000a3e0 <.LBB45999>:
    a3e0:	c0c38639          	sfpload	L3,398,0,7

0000a3e4 <.LBB46005>:
    a3e4:	1004d0c2          	sfpmad	L3,L1,L3,L4,0

0000a3e8 <.LBB46008>:
    a3e8:	c8c380a1          	sfpstore	L3,40,0,7

0000a3ec <.LBB46014>:
    a3ec:	c10381a1          	sfpload	L4,104,0,7

0000a3f0 <.LBB46020>:
    a3f0:	c0c38641          	sfpload	L3,400,0,7

0000a3f4 <.LBB46026>:
    a3f4:	1004d0c2          	sfpmad	L3,L1,L3,L4,0

0000a3f8 <.LBB46029>:
    a3f8:	c8c381a1          	sfpstore	L3,104,0,7

0000a3fc <.LBB46035>:
    a3fc:	c10382a1          	sfpload	L4,168,0,7

0000a400 <.LBB46041>:
    a400:	c0c38649          	sfpload	L3,402,0,7

0000a404 <.LBB46047>:
    a404:	1004d042          	sfpmad	L1,L1,L3,L4,0

0000a408 <.LBB46050>:
    a408:	c84382a1          	sfpstore	L1,168,0,7

0000a40c <.LBB46056>:
    a40c:	142a800a          	sfpadd	L0,L10,L10,L0,2

0000a410 <.LBB46059>:
    a410:	18082402          	sfpmul	L0,L2,L0,L9,0

0000a414 <.LBB46062>:
    a414:	c80383a1          	sfpstore	L0,232,0,7

0000a418 <.LBE45842>:
    a418:	00008067          	ret

0000a41c <void (anonymous namespace)::blend_pair_body<10ul, 2ul>()>:
    a41c:	c08384a9          	sfpload	L2,298,0,7

0000a420 <.LBB47026>:
    a420:	c04385a9          	sfpload	L1,362,0,7

0000a424 <.LBB47032>:
    a424:	c1038611          	sfpload	L4,388,0,7

0000a428 <.LBB47038>:
    a428:	c0c38619          	sfpload	L3,390,0,7

0000a42c <.LBB47044>:
    a42c:	c0038621          	sfpload	L0,392,0,7

0000a430 <.LBB47050>:
    a430:	c1838601          	sfpload	L6,384,0,7

0000a434 <.LBB47056>:
    a434:	c1438609          	sfpload	L5,386,0,7

0000a438 <.LBB47062>:
    a438:	1428988a          	sfpadd	L2,L10,L2,L6,2

0000a43c <.LBB47065>:
    a43c:	1428544a          	sfpadd	L1,L10,L1,L5,2

0000a440 <.LBB47068>:
    a440:	1808a542          	sfpmul	L5,L2,L2,L9,0

0000a444 <.LBB47071>:
    a444:	18116502          	sfpmul	L4,L4,L5,L9,0

0000a448 <.LBB47074>:
    a448:	18086482          	sfpmul	L2,L2,L1,L9,0

0000a44c <.LBB47077>:
    a44c:	100c9082          	sfpmad	L2,L3,L2,L4,0

0000a450 <.LBB47080>:
    a450:	18046442          	sfpmul	L1,L1,L1,L9,0

0000a454 <.LBB47083>:
    a454:	10004802          	sfpmad	L0,L0,L1,L2,0
    a458:	3c000002          	sfpnop

0000a45c <.LBB47086>:
    a45c:	48002406          	sfpswap	L0,L9,1
    a460:	3c000002          	sfpnop

0000a464 <.LBB47088>:
    a464:	18032402          	sfpmul	L0,L0,L12,L9,0

0000a468 <.LBB47093>:
    a468:	d50bf801          	sfpaddi	L0,17150,0
    a46c:	3c000002          	sfpnop

0000a470 <.LBB47096>:
    a470:	48000246          	sfpswap	L9,L0,1
    a474:	3c000002          	sfpnop

0000a478 <.LBB47098>:
    a478:	dc000041          	sfpexexp	L1,L0,0

0000a47c <.LBB47102>:
    a47c:	e0000001          	sfpexman	L0,L0,0

0000a480 <.LBB47104>:
    a480:	e8000401          	sfpshft	L0,L1,0x000,0

0000a484 <.LBB47106>:
    a484:	dc000045          	sfpexexp	L1,L0,1

0000a488 <.LBB47108>:
    a488:	e0000005          	sfpexman	L0,L0,1

0000a48c <.LBB47110>:
    a48c:	40000002          	sfpcast	L0,L0,0

0000a490 <.LBB47112>:
    a490:	10037882          	sfpmad	L2,L0,L13,L14,0

0000a494 <.LBB47115>:
    a494:	c0c38659          	sfpload	L3,406,0,7

0000a498 <.LBB47121>:
    a498:	10008c02          	sfpmad	L0,L0,L2,L3,0

0000a49c <.LBB47124>:
    a49c:	08000042          	sfpsetexp	L1,L0,0x000,0

0000a4a0 <.LBB47126>:
    a4a0:	c0038629          	sfpload	L0,394,0,7

0000a4a4 <.LBB47132>:
    a4a4:	18006402          	sfpmul	L0,L0,L1,L9,0

0000a4a8 <.LBB47135>:
    a4a8:	c0438661          	sfpload	L1,408,0,7

0000a4ac <.LBB47141>:
    a4ac:	48000406          	sfpswap	L0,L1,1
    a4b0:	3c000002          	sfpnop

0000a4b4 <.LBB47143>:
    a4b4:	c0438631          	sfpload	L1,396,0,7

0000a4b8 <.LBB47150>:
    a4b8:	1006c042          	sfpmad	L1,L1,L11,L0,0
    a4bc:	ec000401          	sfpsetcc	L1,0x000,0

0000a4c0 <.LBB47154>:
    a4c0:	f0002401          	sfpmov	L0,L9,0

0000a4c4 <.LBB47157>:
    a4c4:	2800c02a          	sfpencc	0x003,10

0000a4c8 <.LBB47160>:
    a4c8:	c08383a9          	sfpload	L2,234,0,7

0000a4cc <.LBB47166>:
    a4cc:	1800a442          	sfpmul	L1,L0,L2,L9,0

0000a4d0 <.LBB47169>:
    a4d0:	c10380a9          	sfpload	L4,42,0,7

0000a4d4 <.LBB47175>:
    a4d4:	c0c38639          	sfpload	L3,398,0,7

0000a4d8 <.LBB47181>:
    a4d8:	1004d0c2          	sfpmad	L3,L1,L3,L4,0

0000a4dc <.LBB47184>:
    a4dc:	c8c380a9          	sfpstore	L3,42,0,7

0000a4e0 <.LBB47190>:
    a4e0:	c10381a9          	sfpload	L4,106,0,7

0000a4e4 <.LBB47196>:
    a4e4:	c0c38641          	sfpload	L3,400,0,7

0000a4e8 <.LBB47202>:
    a4e8:	1004d0c2          	sfpmad	L3,L1,L3,L4,0

0000a4ec <.LBB47205>:
    a4ec:	c8c381a9          	sfpstore	L3,106,0,7

0000a4f0 <.LBB47211>:
    a4f0:	c10382a9          	sfpload	L4,170,0,7

0000a4f4 <.LBB47217>:
    a4f4:	c0c38649          	sfpload	L3,402,0,7

0000a4f8 <.LBB47223>:
    a4f8:	1004d042          	sfpmad	L1,L1,L3,L4,0

0000a4fc <.LBB47226>:
    a4fc:	c84382a9          	sfpstore	L1,170,0,7

0000a500 <.LBB47232>:
    a500:	142a800a          	sfpadd	L0,L10,L10,L0,2

0000a504 <.LBB47235>:
    a504:	18082402          	sfpmul	L0,L2,L0,L9,0

0000a508 <.LBB47238>:
    a508:	c80383a9          	sfpstore	L0,234,0,7

0000a50c <.LBE47018>:
    a50c:	00008067          	ret

0000a510 <void (anonymous namespace)::blend_pair_body<10ul, 3ul>()>:
    a510:	c0038601          	sfpload	L0,384,0,7

0000a514 <.LBB49006>:
    a514:	c1038609          	sfpload	L4,386,0,7

0000a518 <.LBB49012>:
    a518:	c08384a1          	sfpload	L2,296,0,7

0000a51c <.LBB49018>:
    a51c:	1428808a          	sfpadd	L2,L10,L2,L0,2

0000a520 <.LBB49021>:
    a520:	c04384a9          	sfpload	L1,298,0,7

0000a524 <.LBB49027>:
    a524:	1428404a          	sfpadd	L1,L10,L1,L0,2

0000a528 <.LBB49030>:
    a528:	c00385a1          	sfpload	L0,360,0,7

0000a52c <.LBB49036>:
    a52c:	1428100a          	sfpadd	L0,L10,L0,L4,2

0000a530 <.LBB49039>:
    a530:	c0c385a9          	sfpload	L3,362,0,7

0000a534 <.LBB49045>:
    a534:	1428d0ca          	sfpadd	L3,L10,L3,L4,2

0000a538 <.LBB49048>:
    a538:	c1438611          	sfpload	L5,388,0,7

0000a53c <.LBB49054>:
    a53c:	1808a582          	sfpmul	L6,L2,L2,L9,0

0000a540 <.LBB49057>:
    a540:	1815a582          	sfpmul	L6,L5,L6,L9,0

0000a544 <.LBB49060>:
    a544:	18046502          	sfpmul	L4,L1,L1,L9,0

0000a548 <.LBB49063>:
    a548:	18152542          	sfpmul	L5,L5,L4,L9,0

0000a54c <.LBB49066>:
    a54c:	c1038619          	sfpload	L4,390,0,7

0000a550 <.LBB49072>:
    a550:	18082482          	sfpmul	L2,L2,L0,L9,0

0000a554 <.LBB49075>:
    a554:	10109882          	sfpmad	L2,L4,L2,L6,0

0000a558 <.LBB49078>:
    a558:	1804e442          	sfpmul	L1,L1,L3,L9,0

0000a55c <.LBB49081>:
    a55c:	10105502          	sfpmad	L4,L4,L1,L5,0

0000a560 <.LBB49084>:
    a560:	c0438621          	sfpload	L1,392,0,7

0000a564 <.LBB49090>:
    a564:	18002402          	sfpmul	L0,L0,L0,L9,0

0000a568 <.LBB49093>:
    a568:	10040802          	sfpmad	L0,L1,L0,L2,0

0000a56c <.LBB49096>:
    a56c:	180ce4c2          	sfpmul	L3,L3,L3,L9,0

0000a570 <.LBB49099>:
    a570:	1004d042          	sfpmad	L1,L1,L3,L4,0

0000a574 <.LBB49102>:
    a574:	48002406          	sfpswap	L0,L9,1
    a578:	3c000002          	sfpnop

0000a57c <.LBB49104>:
    a57c:	48002446          	sfpswap	L1,L9,1
    a580:	3c000002          	sfpnop

0000a584 <.LBB49106>:
    a584:	18032402          	sfpmul	L0,L0,L12,L9,0

0000a588 <.LBB49111>:
    a588:	d50bf801          	sfpaddi	L0,17150,0
    a58c:	3c000002          	sfpnop

0000a590 <.LBB49114>:
    a590:	48000246          	sfpswap	L9,L0,1
    a594:	3c000002          	sfpnop

0000a598 <.LBB49116>:
    a598:	dc000081          	sfpexexp	L2,L0,0

0000a59c <.LBB49120>:
    a59c:	e0000001          	sfpexman	L0,L0,0

0000a5a0 <.LBB49122>:
    a5a0:	e8000801          	sfpshft	L0,L2,0x000,0

0000a5a4 <.LBB49124>:
    a5a4:	dc000085          	sfpexexp	L2,L0,1

0000a5a8 <.LBB49126>:
    a5a8:	1000014c          	ttreplay	0,5,1,1
    a5ac:	e0000005          	sfpexman	L0,L0,1

0000a5b0 <.LBB49128>:
    a5b0:	40000002          	sfpcast	L0,L0,0

0000a5b4 <.LBB49130>:
    a5b4:	100378c2          	sfpmad	L3,L0,L13,L14,0

0000a5b8 <.LBB49133>:
    a5b8:	c1038659          	sfpload	L4,406,0,7

0000a5bc <.LBB49139>:
    a5bc:	1000d002          	sfpmad	L0,L0,L3,L4,0

0000a5c0 <.LBB49142>:
    a5c0:	08000082          	sfpsetexp	L2,L0,0x000,0

0000a5c4 <.LBB49144>:
    a5c4:	18072442          	sfpmul	L1,L1,L12,L9,0

0000a5c8 <.LBB49149>:
    a5c8:	d50bf841          	sfpaddi	L1,17150,0
    a5cc:	3c000002          	sfpnop

0000a5d0 <.LBB49152>:
    a5d0:	48000646          	sfpswap	L9,L1,1
    a5d4:	3c000002          	sfpnop

0000a5d8 <.LBB49154>:
    a5d8:	dc0004c1          	sfpexexp	L3,L1,0

0000a5dc <.LBB49158>:
    a5dc:	e0000401          	sfpexman	L0,L1,0

0000a5e0 <.LBB49160>:
    a5e0:	e8000c01          	sfpshft	L0,L3,0x000,0

0000a5e4 <.LBB49162>:
    a5e4:	dc000045          	sfpexexp	L1,L0,1

0000a5e8 <.LBB49164>:
    a5e8:	10000140          	ttreplay	0,5,0,0

0000a5ec <.LBB49167>:
    a5ec:	08000042          	sfpsetexp	L1,L0,0x000,0

0000a5f0 <.LBB49169>:
    a5f0:	c0038629          	sfpload	L0,394,0,7

0000a5f4 <.LBB49175>:
    a5f4:	1800a482          	sfpmul	L2,L0,L2,L9,0

0000a5f8 <.LBB49178>:
    a5f8:	18006402          	sfpmul	L0,L0,L1,L9,0

0000a5fc <.LBB49181>:
    a5fc:	c0c38661          	sfpload	L3,408,0,7

0000a600 <.LBB49187>:
    a600:	c0438661          	sfpload	L1,408,0,7

0000a604 <.LBB49193>:
    a604:	48000c86          	sfpswap	L2,L3,1
    a608:	3c000002          	sfpnop

0000a60c <.LBB49195>:
    a60c:	48000406          	sfpswap	L0,L1,1
    a610:	3c000002          	sfpnop

0000a614 <.LBB49197>:
    a614:	c0438631          	sfpload	L1,396,0,7

0000a618 <.LBB49204>:
    a618:	1006c842          	sfpmad	L1,L1,L11,L2,0
    a61c:	ec000401          	sfpsetcc	L1,0x000,0

0000a620 <.LBB49208>:
    a620:	f0002481          	sfpmov	L2,L9,0

0000a624 <.LBB49211>:
    a624:	2800c02a          	sfpencc	0x003,10

0000a628 <.LBB49214>:
    a628:	c0438631          	sfpload	L1,396,0,7

0000a62c <.LBB49221>:
    a62c:	1006c042          	sfpmad	L1,L1,L11,L0,0
    a630:	ec000401          	sfpsetcc	L1,0x000,0

0000a634 <.LBB49225>:
    a634:	f0002401          	sfpmov	L0,L9,0

0000a638 <.LBB49228>:
    a638:	2800c02a          	sfpencc	0x003,10

0000a63c <.LBB49231>:
    a63c:	c14383a1          	sfpload	L5,232,0,7

0000a640 <.LBB49237>:
    a640:	c10383a9          	sfpload	L4,234,0,7

0000a644 <.LBB49243>:
    a644:	180964c2          	sfpmul	L3,L2,L5,L9,0

0000a648 <.LBB49246>:
    a648:	18012442          	sfpmul	L1,L0,L4,L9,0

0000a64c <.LBB49249>:
    a64c:	c1838639          	sfpload	L6,398,0,7

0000a650 <.LBB49255>:
    a650:	c1c380a1          	sfpload	L7,40,0,7

0000a654 <.LBB49261>:
    a654:	100d9dc2          	sfpmad	L7,L3,L6,L7,0

0000a658 <.LBB49264>:
    a658:	c9c380a1          	sfpstore	L7,40,0,7

0000a65c <.LBB49270>:
    a65c:	c1c380a9          	sfpload	L7,42,0,7

0000a660 <.LBB49276>:
    a660:	10059d82          	sfpmad	L6,L1,L6,L7,0

0000a664 <.LBB49279>:
    a664:	c98380a9          	sfpstore	L6,42,0,7

0000a668 <.LBB49285>:
    a668:	c1838641          	sfpload	L6,400,0,7

0000a66c <.LBB49291>:
    a66c:	c1c381a1          	sfpload	L7,104,0,7

0000a670 <.LBB49297>:
    a670:	100d9dc2          	sfpmad	L7,L3,L6,L7,0

0000a674 <.LBB49300>:
    a674:	c9c381a1          	sfpstore	L7,104,0,7

0000a678 <.LBB49306>:
    a678:	c1c381a9          	sfpload	L7,106,0,7

0000a67c <.LBB49312>:
    a67c:	10059d82          	sfpmad	L6,L1,L6,L7,0

0000a680 <.LBB49315>:
    a680:	c98381a9          	sfpstore	L6,106,0,7

0000a684 <.LBB49321>:
    a684:	c1838649          	sfpload	L6,402,0,7

0000a688 <.LBB49327>:
    a688:	c1c382a1          	sfpload	L7,168,0,7

0000a68c <.LBB49333>:
    a68c:	100d9cc2          	sfpmad	L3,L3,L6,L7,0

0000a690 <.LBB49336>:
    a690:	c8c382a1          	sfpstore	L3,168,0,7

0000a694 <.LBB49342>:
    a694:	c0c382a9          	sfpload	L3,170,0,7

0000a698 <.LBB49348>:
    a698:	10058c42          	sfpmad	L1,L1,L6,L3,0

0000a69c <.LBB49351>:
    a69c:	c84382a9          	sfpstore	L1,170,0,7

0000a6a0 <.LBB49357>:
    a6a0:	142a888a          	sfpadd	L2,L10,L10,L2,2

0000a6a4 <.LBB49360>:
    a6a4:	1814a542          	sfpmul	L5,L5,L2,L9,0

0000a6a8 <.LBB49363>:
    a6a8:	c94383a1          	sfpstore	L5,232,0,7

0000a6ac <.LBB49369>:
    a6ac:	142a800a          	sfpadd	L0,L10,L10,L0,2

0000a6b0 <.LBB49372>:
    a6b0:	18102402          	sfpmul	L0,L4,L0,L9,0

0000a6b4 <.LBB49375>:
    a6b4:	c80383a9          	sfpstore	L0,234,0,7

0000a6b8 <.LBE48998>:
    a6b8:	00008067          	ret

0000a6bc <void (anonymous namespace)::blend_pair_body<11ul, 1ul>()>:
    a6bc:	c08384b1          	sfpload	L2,300,0,7

0000a6c0 <.LBB50339>:
    a6c0:	c04385b1          	sfpload	L1,364,0,7

0000a6c4 <.LBB50345>:
    a6c4:	c1038611          	sfpload	L4,388,0,7

0000a6c8 <.LBB50351>:
    a6c8:	c0c38619          	sfpload	L3,390,0,7

0000a6cc <.LBB50357>:
    a6cc:	c0038621          	sfpload	L0,392,0,7

0000a6d0 <.LBB50363>:
    a6d0:	c1838601          	sfpload	L6,384,0,7

0000a6d4 <.LBB50369>:
    a6d4:	c1438609          	sfpload	L5,386,0,7

0000a6d8 <.LBB50375>:
    a6d8:	1428988a          	sfpadd	L2,L10,L2,L6,2

0000a6dc <.LBB50378>:
    a6dc:	1428544a          	sfpadd	L1,L10,L1,L5,2

0000a6e0 <.LBB50381>:
    a6e0:	1808a542          	sfpmul	L5,L2,L2,L9,0

0000a6e4 <.LBB50384>:
    a6e4:	18116502          	sfpmul	L4,L4,L5,L9,0

0000a6e8 <.LBB50387>:
    a6e8:	18086482          	sfpmul	L2,L2,L1,L9,0

0000a6ec <.LBB50390>:
    a6ec:	100c9082          	sfpmad	L2,L3,L2,L4,0

0000a6f0 <.LBB50393>:
    a6f0:	18046442          	sfpmul	L1,L1,L1,L9,0

0000a6f4 <.LBB50396>:
    a6f4:	10004802          	sfpmad	L0,L0,L1,L2,0
    a6f8:	3c000002          	sfpnop

0000a6fc <.LBB50399>:
    a6fc:	48002406          	sfpswap	L0,L9,1
    a700:	3c000002          	sfpnop

0000a704 <.LBB50401>:
    a704:	18032402          	sfpmul	L0,L0,L12,L9,0

0000a708 <.LBB50406>:
    a708:	d50bf801          	sfpaddi	L0,17150,0
    a70c:	3c000002          	sfpnop

0000a710 <.LBB50409>:
    a710:	48000246          	sfpswap	L9,L0,1
    a714:	3c000002          	sfpnop

0000a718 <.LBB50411>:
    a718:	dc000041          	sfpexexp	L1,L0,0

0000a71c <.LBB50415>:
    a71c:	e0000001          	sfpexman	L0,L0,0

0000a720 <.LBB50417>:
    a720:	e8000401          	sfpshft	L0,L1,0x000,0

0000a724 <.LBB50419>:
    a724:	dc000045          	sfpexexp	L1,L0,1

0000a728 <.LBB50421>:
    a728:	e0000005          	sfpexman	L0,L0,1

0000a72c <.LBB50423>:
    a72c:	40000002          	sfpcast	L0,L0,0

0000a730 <.LBB50425>:
    a730:	10037882          	sfpmad	L2,L0,L13,L14,0

0000a734 <.LBB50428>:
    a734:	c0c38659          	sfpload	L3,406,0,7

0000a738 <.LBB50434>:
    a738:	10008c02          	sfpmad	L0,L0,L2,L3,0

0000a73c <.LBB50437>:
    a73c:	08000042          	sfpsetexp	L1,L0,0x000,0

0000a740 <.LBB50439>:
    a740:	c0038629          	sfpload	L0,394,0,7

0000a744 <.LBB50445>:
    a744:	18006402          	sfpmul	L0,L0,L1,L9,0

0000a748 <.LBB50448>:
    a748:	c0438661          	sfpload	L1,408,0,7

0000a74c <.LBB50454>:
    a74c:	48000406          	sfpswap	L0,L1,1
    a750:	3c000002          	sfpnop

0000a754 <.LBB50456>:
    a754:	c0438631          	sfpload	L1,396,0,7

0000a758 <.LBB50463>:
    a758:	1006c042          	sfpmad	L1,L1,L11,L0,0
    a75c:	ec000401          	sfpsetcc	L1,0x000,0

0000a760 <.LBB50467>:
    a760:	f0002401          	sfpmov	L0,L9,0

0000a764 <.LBB50470>:
    a764:	2800c02a          	sfpencc	0x003,10

0000a768 <.LBB50473>:
    a768:	c08383b1          	sfpload	L2,236,0,7

0000a76c <.LBB50479>:
    a76c:	1800a442          	sfpmul	L1,L0,L2,L9,0

0000a770 <.LBB50482>:
    a770:	c10380b1          	sfpload	L4,44,0,7

0000a774 <.LBB50488>:
    a774:	c0c38639          	sfpload	L3,398,0,7

0000a778 <.LBB50494>:
    a778:	1004d0c2          	sfpmad	L3,L1,L3,L4,0

0000a77c <.LBB50497>:
    a77c:	c8c380b1          	sfpstore	L3,44,0,7

0000a780 <.LBB50503>:
    a780:	c10381b1          	sfpload	L4,108,0,7

0000a784 <.LBB50509>:
    a784:	c0c38641          	sfpload	L3,400,0,7

0000a788 <.LBB50515>:
    a788:	1004d0c2          	sfpmad	L3,L1,L3,L4,0

0000a78c <.LBB50518>:
    a78c:	c8c381b1          	sfpstore	L3,108,0,7

0000a790 <.LBB50524>:
    a790:	c10382b1          	sfpload	L4,172,0,7

0000a794 <.LBB50530>:
    a794:	c0c38649          	sfpload	L3,402,0,7

0000a798 <.LBB50536>:
    a798:	1004d042          	sfpmad	L1,L1,L3,L4,0

0000a79c <.LBB50539>:
    a79c:	c84382b1          	sfpstore	L1,172,0,7

0000a7a0 <.LBB50545>:
    a7a0:	142a800a          	sfpadd	L0,L10,L10,L0,2

0000a7a4 <.LBB50548>:
    a7a4:	18082402          	sfpmul	L0,L2,L0,L9,0

0000a7a8 <.LBB50551>:
    a7a8:	c80383b1          	sfpstore	L0,236,0,7

0000a7ac <.LBE50331>:
    a7ac:	00008067          	ret

0000a7b0 <void (anonymous namespace)::blend_pair_body<11ul, 2ul>()>:
    a7b0:	c08384b9          	sfpload	L2,302,0,7

0000a7b4 <.LBB51515>:
    a7b4:	c04385b9          	sfpload	L1,366,0,7

0000a7b8 <.LBB51521>:
    a7b8:	c1038611          	sfpload	L4,388,0,7

0000a7bc <.LBB51527>:
    a7bc:	c0c38619          	sfpload	L3,390,0,7

0000a7c0 <.LBB51533>:
    a7c0:	c0038621          	sfpload	L0,392,0,7

0000a7c4 <.LBB51539>:
    a7c4:	c1838601          	sfpload	L6,384,0,7

0000a7c8 <.LBB51545>:
    a7c8:	c1438609          	sfpload	L5,386,0,7

0000a7cc <.LBB51551>:
    a7cc:	1428988a          	sfpadd	L2,L10,L2,L6,2

0000a7d0 <.LBB51554>:
    a7d0:	1428544a          	sfpadd	L1,L10,L1,L5,2

0000a7d4 <.LBB51557>:
    a7d4:	1808a542          	sfpmul	L5,L2,L2,L9,0

0000a7d8 <.LBB51560>:
    a7d8:	18116502          	sfpmul	L4,L4,L5,L9,0

0000a7dc <.LBB51563>:
    a7dc:	18086482          	sfpmul	L2,L2,L1,L9,0

0000a7e0 <.LBB51566>:
    a7e0:	100c9082          	sfpmad	L2,L3,L2,L4,0

0000a7e4 <.LBB51569>:
    a7e4:	18046442          	sfpmul	L1,L1,L1,L9,0

0000a7e8 <.LBB51572>:
    a7e8:	10004802          	sfpmad	L0,L0,L1,L2,0
    a7ec:	3c000002          	sfpnop

0000a7f0 <.LBB51575>:
    a7f0:	48002406          	sfpswap	L0,L9,1
    a7f4:	3c000002          	sfpnop

0000a7f8 <.LBB51577>:
    a7f8:	18032402          	sfpmul	L0,L0,L12,L9,0

0000a7fc <.LBB51582>:
    a7fc:	d50bf801          	sfpaddi	L0,17150,0
    a800:	3c000002          	sfpnop

0000a804 <.LBB51585>:
    a804:	48000246          	sfpswap	L9,L0,1
    a808:	3c000002          	sfpnop

0000a80c <.LBB51587>:
    a80c:	dc000041          	sfpexexp	L1,L0,0

0000a810 <.LBB51591>:
    a810:	e0000001          	sfpexman	L0,L0,0

0000a814 <.LBB51593>:
    a814:	e8000401          	sfpshft	L0,L1,0x000,0

0000a818 <.LBB51595>:
    a818:	dc000045          	sfpexexp	L1,L0,1

0000a81c <.LBB51597>:
    a81c:	e0000005          	sfpexman	L0,L0,1

0000a820 <.LBB51599>:
    a820:	40000002          	sfpcast	L0,L0,0

0000a824 <.LBB51601>:
    a824:	10037882          	sfpmad	L2,L0,L13,L14,0

0000a828 <.LBB51604>:
    a828:	c0c38659          	sfpload	L3,406,0,7

0000a82c <.LBB51610>:
    a82c:	10008c02          	sfpmad	L0,L0,L2,L3,0

0000a830 <.LBB51613>:
    a830:	08000042          	sfpsetexp	L1,L0,0x000,0

0000a834 <.LBB51615>:
    a834:	c0038629          	sfpload	L0,394,0,7

0000a838 <.LBB51621>:
    a838:	18006402          	sfpmul	L0,L0,L1,L9,0

0000a83c <.LBB51624>:
    a83c:	c0438661          	sfpload	L1,408,0,7

0000a840 <.LBB51630>:
    a840:	48000406          	sfpswap	L0,L1,1
    a844:	3c000002          	sfpnop

0000a848 <.LBB51632>:
    a848:	c0438631          	sfpload	L1,396,0,7

0000a84c <.LBB51639>:
    a84c:	1006c042          	sfpmad	L1,L1,L11,L0,0
    a850:	ec000401          	sfpsetcc	L1,0x000,0

0000a854 <.LBB51643>:
    a854:	f0002401          	sfpmov	L0,L9,0

0000a858 <.LBB51646>:
    a858:	2800c02a          	sfpencc	0x003,10

0000a85c <.LBB51649>:
    a85c:	c08383b9          	sfpload	L2,238,0,7

0000a860 <.LBB51655>:
    a860:	1800a442          	sfpmul	L1,L0,L2,L9,0

0000a864 <.LBB51658>:
    a864:	c10380b9          	sfpload	L4,46,0,7

0000a868 <.LBB51664>:
    a868:	c0c38639          	sfpload	L3,398,0,7

0000a86c <.LBB51670>:
    a86c:	1004d0c2          	sfpmad	L3,L1,L3,L4,0

0000a870 <.LBB51673>:
    a870:	c8c380b9          	sfpstore	L3,46,0,7

0000a874 <.LBB51679>:
    a874:	c10381b9          	sfpload	L4,110,0,7

0000a878 <.LBB51685>:
    a878:	c0c38641          	sfpload	L3,400,0,7

0000a87c <.LBB51691>:
    a87c:	1004d0c2          	sfpmad	L3,L1,L3,L4,0

0000a880 <.LBB51694>:
    a880:	c8c381b9          	sfpstore	L3,110,0,7

0000a884 <.LBB51700>:
    a884:	c10382b9          	sfpload	L4,174,0,7

0000a888 <.LBB51706>:
    a888:	c0c38649          	sfpload	L3,402,0,7

0000a88c <.LBB51712>:
    a88c:	1004d042          	sfpmad	L1,L1,L3,L4,0

0000a890 <.LBB51715>:
    a890:	c84382b9          	sfpstore	L1,174,0,7

0000a894 <.LBB51721>:
    a894:	142a800a          	sfpadd	L0,L10,L10,L0,2

0000a898 <.LBB51724>:
    a898:	18082402          	sfpmul	L0,L2,L0,L9,0

0000a89c <.LBB51727>:
    a89c:	c80383b9          	sfpstore	L0,238,0,7

0000a8a0 <.LBE51507>:
    a8a0:	00008067          	ret

0000a8a4 <void (anonymous namespace)::blend_pair_body<11ul, 3ul>()>:
    a8a4:	c0038601          	sfpload	L0,384,0,7

0000a8a8 <.LBB53495>:
    a8a8:	c1038609          	sfpload	L4,386,0,7

0000a8ac <.LBB53501>:
    a8ac:	c08384b1          	sfpload	L2,300,0,7

0000a8b0 <.LBB53507>:
    a8b0:	1428808a          	sfpadd	L2,L10,L2,L0,2

0000a8b4 <.LBB53510>:
    a8b4:	c04384b9          	sfpload	L1,302,0,7

0000a8b8 <.LBB53516>:
    a8b8:	1428404a          	sfpadd	L1,L10,L1,L0,2

0000a8bc <.LBB53519>:
    a8bc:	c00385b1          	sfpload	L0,364,0,7

0000a8c0 <.LBB53525>:
    a8c0:	1428100a          	sfpadd	L0,L10,L0,L4,2

0000a8c4 <.LBB53528>:
    a8c4:	c0c385b9          	sfpload	L3,366,0,7

0000a8c8 <.LBB53534>:
    a8c8:	1428d0ca          	sfpadd	L3,L10,L3,L4,2

0000a8cc <.LBB53537>:
    a8cc:	c1438611          	sfpload	L5,388,0,7

0000a8d0 <.LBB53543>:
    a8d0:	1808a582          	sfpmul	L6,L2,L2,L9,0

0000a8d4 <.LBB53546>:
    a8d4:	1815a582          	sfpmul	L6,L5,L6,L9,0

0000a8d8 <.LBB53549>:
    a8d8:	18046502          	sfpmul	L4,L1,L1,L9,0

0000a8dc <.LBB53552>:
    a8dc:	18152542          	sfpmul	L5,L5,L4,L9,0

0000a8e0 <.LBB53555>:
    a8e0:	c1038619          	sfpload	L4,390,0,7

0000a8e4 <.LBB53561>:
    a8e4:	18082482          	sfpmul	L2,L2,L0,L9,0

0000a8e8 <.LBB53564>:
    a8e8:	10109882          	sfpmad	L2,L4,L2,L6,0

0000a8ec <.LBB53567>:
    a8ec:	1804e442          	sfpmul	L1,L1,L3,L9,0

0000a8f0 <.LBB53570>:
    a8f0:	10105502          	sfpmad	L4,L4,L1,L5,0

0000a8f4 <.LBB53573>:
    a8f4:	c0438621          	sfpload	L1,392,0,7

0000a8f8 <.LBB53579>:
    a8f8:	18002402          	sfpmul	L0,L0,L0,L9,0

0000a8fc <.LBB53582>:
    a8fc:	10040802          	sfpmad	L0,L1,L0,L2,0

0000a900 <.LBB53585>:
    a900:	180ce4c2          	sfpmul	L3,L3,L3,L9,0

0000a904 <.LBB53588>:
    a904:	1004d042          	sfpmad	L1,L1,L3,L4,0

0000a908 <.LBB53591>:
    a908:	48002406          	sfpswap	L0,L9,1
    a90c:	3c000002          	sfpnop

0000a910 <.LBB53593>:
    a910:	48002446          	sfpswap	L1,L9,1
    a914:	3c000002          	sfpnop

0000a918 <.LBB53595>:
    a918:	18032402          	sfpmul	L0,L0,L12,L9,0

0000a91c <.LBB53600>:
    a91c:	d50bf801          	sfpaddi	L0,17150,0
    a920:	3c000002          	sfpnop

0000a924 <.LBB53603>:
    a924:	48000246          	sfpswap	L9,L0,1
    a928:	3c000002          	sfpnop

0000a92c <.LBB53605>:
    a92c:	dc000081          	sfpexexp	L2,L0,0

0000a930 <.LBB53609>:
    a930:	e0000001          	sfpexman	L0,L0,0

0000a934 <.LBB53611>:
    a934:	e8000801          	sfpshft	L0,L2,0x000,0

0000a938 <.LBB53613>:
    a938:	dc000085          	sfpexexp	L2,L0,1

0000a93c <.LBB53615>:
    a93c:	1000014c          	ttreplay	0,5,1,1
    a940:	e0000005          	sfpexman	L0,L0,1

0000a944 <.LBB53617>:
    a944:	40000002          	sfpcast	L0,L0,0

0000a948 <.LBB53619>:
    a948:	100378c2          	sfpmad	L3,L0,L13,L14,0

0000a94c <.LBB53622>:
    a94c:	c1038659          	sfpload	L4,406,0,7

0000a950 <.LBB53628>:
    a950:	1000d002          	sfpmad	L0,L0,L3,L4,0

0000a954 <.LBB53631>:
    a954:	08000082          	sfpsetexp	L2,L0,0x000,0

0000a958 <.LBB53633>:
    a958:	18072442          	sfpmul	L1,L1,L12,L9,0

0000a95c <.LBB53638>:
    a95c:	d50bf841          	sfpaddi	L1,17150,0
    a960:	3c000002          	sfpnop

0000a964 <.LBB53641>:
    a964:	48000646          	sfpswap	L9,L1,1
    a968:	3c000002          	sfpnop

0000a96c <.LBB53643>:
    a96c:	dc0004c1          	sfpexexp	L3,L1,0

0000a970 <.LBB53647>:
    a970:	e0000401          	sfpexman	L0,L1,0

0000a974 <.LBB53649>:
    a974:	e8000c01          	sfpshft	L0,L3,0x000,0

0000a978 <.LBB53651>:
    a978:	dc000045          	sfpexexp	L1,L0,1

0000a97c <.LBB53653>:
    a97c:	10000140          	ttreplay	0,5,0,0

0000a980 <.LBB53656>:
    a980:	08000042          	sfpsetexp	L1,L0,0x000,0

0000a984 <.LBB53658>:
    a984:	c0038629          	sfpload	L0,394,0,7

0000a988 <.LBB53664>:
    a988:	1800a482          	sfpmul	L2,L0,L2,L9,0

0000a98c <.LBB53667>:
    a98c:	18006402          	sfpmul	L0,L0,L1,L9,0

0000a990 <.LBB53670>:
    a990:	c0c38661          	sfpload	L3,408,0,7

0000a994 <.LBB53676>:
    a994:	c0438661          	sfpload	L1,408,0,7

0000a998 <.LBB53682>:
    a998:	48000c86          	sfpswap	L2,L3,1
    a99c:	3c000002          	sfpnop

0000a9a0 <.LBB53684>:
    a9a0:	48000406          	sfpswap	L0,L1,1
    a9a4:	3c000002          	sfpnop

0000a9a8 <.LBB53686>:
    a9a8:	c0438631          	sfpload	L1,396,0,7

0000a9ac <.LBB53693>:
    a9ac:	1006c842          	sfpmad	L1,L1,L11,L2,0
    a9b0:	ec000401          	sfpsetcc	L1,0x000,0

0000a9b4 <.LBB53697>:
    a9b4:	f0002481          	sfpmov	L2,L9,0

0000a9b8 <.LBB53700>:
    a9b8:	2800c02a          	sfpencc	0x003,10

0000a9bc <.LBB53703>:
    a9bc:	c0438631          	sfpload	L1,396,0,7

0000a9c0 <.LBB53710>:
    a9c0:	1006c042          	sfpmad	L1,L1,L11,L0,0
    a9c4:	ec000401          	sfpsetcc	L1,0x000,0

0000a9c8 <.LBB53714>:
    a9c8:	f0002401          	sfpmov	L0,L9,0

0000a9cc <.LBB53717>:
    a9cc:	2800c02a          	sfpencc	0x003,10

0000a9d0 <.LBB53720>:
    a9d0:	c14383b1          	sfpload	L5,236,0,7

0000a9d4 <.LBB53726>:
    a9d4:	c10383b9          	sfpload	L4,238,0,7

0000a9d8 <.LBB53732>:
    a9d8:	180964c2          	sfpmul	L3,L2,L5,L9,0

0000a9dc <.LBB53735>:
    a9dc:	18012442          	sfpmul	L1,L0,L4,L9,0

0000a9e0 <.LBB53738>:
    a9e0:	c1838639          	sfpload	L6,398,0,7

0000a9e4 <.LBB53744>:
    a9e4:	c1c380b1          	sfpload	L7,44,0,7

0000a9e8 <.LBB53750>:
    a9e8:	100d9dc2          	sfpmad	L7,L3,L6,L7,0

0000a9ec <.LBB53753>:
    a9ec:	c9c380b1          	sfpstore	L7,44,0,7

0000a9f0 <.LBB53759>:
    a9f0:	c1c380b9          	sfpload	L7,46,0,7

0000a9f4 <.LBB53765>:
    a9f4:	10059d82          	sfpmad	L6,L1,L6,L7,0

0000a9f8 <.LBB53768>:
    a9f8:	c98380b9          	sfpstore	L6,46,0,7

0000a9fc <.LBB53774>:
    a9fc:	c1838641          	sfpload	L6,400,0,7

0000aa00 <.LBB53780>:
    aa00:	c1c381b1          	sfpload	L7,108,0,7

0000aa04 <.LBB53786>:
    aa04:	100d9dc2          	sfpmad	L7,L3,L6,L7,0

0000aa08 <.LBB53789>:
    aa08:	c9c381b1          	sfpstore	L7,108,0,7

0000aa0c <.LBB53795>:
    aa0c:	c1c381b9          	sfpload	L7,110,0,7

0000aa10 <.LBB53801>:
    aa10:	10059d82          	sfpmad	L6,L1,L6,L7,0

0000aa14 <.LBB53804>:
    aa14:	c98381b9          	sfpstore	L6,110,0,7

0000aa18 <.LBB53810>:
    aa18:	c1838649          	sfpload	L6,402,0,7

0000aa1c <.LBB53816>:
    aa1c:	c1c382b1          	sfpload	L7,172,0,7

0000aa20 <.LBB53822>:
    aa20:	100d9cc2          	sfpmad	L3,L3,L6,L7,0

0000aa24 <.LBB53825>:
    aa24:	c8c382b1          	sfpstore	L3,172,0,7

0000aa28 <.LBB53831>:
    aa28:	c0c382b9          	sfpload	L3,174,0,7

0000aa2c <.LBB53837>:
    aa2c:	10058c42          	sfpmad	L1,L1,L6,L3,0

0000aa30 <.LBB53840>:
    aa30:	c84382b9          	sfpstore	L1,174,0,7

0000aa34 <.LBB53846>:
    aa34:	142a888a          	sfpadd	L2,L10,L10,L2,2

0000aa38 <.LBB53849>:
    aa38:	1814a542          	sfpmul	L5,L5,L2,L9,0

0000aa3c <.LBB53852>:
    aa3c:	c94383b1          	sfpstore	L5,236,0,7

0000aa40 <.LBB53858>:
    aa40:	142a800a          	sfpadd	L0,L10,L10,L0,2

0000aa44 <.LBB53861>:
    aa44:	18102402          	sfpmul	L0,L4,L0,L9,0

0000aa48 <.LBB53864>:
    aa48:	c80383b9          	sfpstore	L0,238,0,7

0000aa4c <.LBE53487>:
    aa4c:	00008067          	ret

0000aa50 <void (anonymous namespace)::blend_pair_body<12ul, 1ul>()>:
    aa50:	c08384c1          	sfpload	L2,304,0,7

0000aa54 <.LBB54828>:
    aa54:	c04385c1          	sfpload	L1,368,0,7

0000aa58 <.LBB54834>:
    aa58:	c1038611          	sfpload	L4,388,0,7

0000aa5c <.LBB54840>:
    aa5c:	c0c38619          	sfpload	L3,390,0,7

0000aa60 <.LBB54846>:
    aa60:	c0038621          	sfpload	L0,392,0,7

0000aa64 <.LBB54852>:
    aa64:	c1838601          	sfpload	L6,384,0,7

0000aa68 <.LBB54858>:
    aa68:	c1438609          	sfpload	L5,386,0,7

0000aa6c <.LBB54864>:
    aa6c:	1428988a          	sfpadd	L2,L10,L2,L6,2

0000aa70 <.LBB54867>:
    aa70:	1428544a          	sfpadd	L1,L10,L1,L5,2

0000aa74 <.LBB54870>:
    aa74:	1808a542          	sfpmul	L5,L2,L2,L9,0

0000aa78 <.LBB54873>:
    aa78:	18116502          	sfpmul	L4,L4,L5,L9,0

0000aa7c <.LBB54876>:
    aa7c:	18086482          	sfpmul	L2,L2,L1,L9,0

0000aa80 <.LBB54879>:
    aa80:	100c9082          	sfpmad	L2,L3,L2,L4,0

0000aa84 <.LBB54882>:
    aa84:	18046442          	sfpmul	L1,L1,L1,L9,0

0000aa88 <.LBB54885>:
    aa88:	10004802          	sfpmad	L0,L0,L1,L2,0
    aa8c:	3c000002          	sfpnop

0000aa90 <.LBB54888>:
    aa90:	48002406          	sfpswap	L0,L9,1
    aa94:	3c000002          	sfpnop

0000aa98 <.LBB54890>:
    aa98:	18032402          	sfpmul	L0,L0,L12,L9,0

0000aa9c <.LBB54895>:
    aa9c:	d50bf801          	sfpaddi	L0,17150,0
    aaa0:	3c000002          	sfpnop

0000aaa4 <.LBB54898>:
    aaa4:	48000246          	sfpswap	L9,L0,1
    aaa8:	3c000002          	sfpnop

0000aaac <.LBB54900>:
    aaac:	dc000041          	sfpexexp	L1,L0,0

0000aab0 <.LBB54904>:
    aab0:	e0000001          	sfpexman	L0,L0,0

0000aab4 <.LBB54906>:
    aab4:	e8000401          	sfpshft	L0,L1,0x000,0

0000aab8 <.LBB54908>:
    aab8:	dc000045          	sfpexexp	L1,L0,1

0000aabc <.LBB54910>:
    aabc:	e0000005          	sfpexman	L0,L0,1

0000aac0 <.LBB54912>:
    aac0:	40000002          	sfpcast	L0,L0,0

0000aac4 <.LBB54914>:
    aac4:	10037882          	sfpmad	L2,L0,L13,L14,0

0000aac8 <.LBB54917>:
    aac8:	c0c38659          	sfpload	L3,406,0,7

0000aacc <.LBB54923>:
    aacc:	10008c02          	sfpmad	L0,L0,L2,L3,0

0000aad0 <.LBB54926>:
    aad0:	08000042          	sfpsetexp	L1,L0,0x000,0

0000aad4 <.LBB54928>:
    aad4:	c0038629          	sfpload	L0,394,0,7

0000aad8 <.LBB54934>:
    aad8:	18006402          	sfpmul	L0,L0,L1,L9,0

0000aadc <.LBB54937>:
    aadc:	c0438661          	sfpload	L1,408,0,7

0000aae0 <.LBB54943>:
    aae0:	48000406          	sfpswap	L0,L1,1
    aae4:	3c000002          	sfpnop

0000aae8 <.LBB54945>:
    aae8:	c0438631          	sfpload	L1,396,0,7

0000aaec <.LBB54952>:
    aaec:	1006c042          	sfpmad	L1,L1,L11,L0,0
    aaf0:	ec000401          	sfpsetcc	L1,0x000,0

0000aaf4 <.LBB54956>:
    aaf4:	f0002401          	sfpmov	L0,L9,0

0000aaf8 <.LBB54959>:
    aaf8:	2800c02a          	sfpencc	0x003,10

0000aafc <.LBB54962>:
    aafc:	c08383c1          	sfpload	L2,240,0,7

0000ab00 <.LBB54968>:
    ab00:	1800a442          	sfpmul	L1,L0,L2,L9,0

0000ab04 <.LBB54971>:
    ab04:	c10380c1          	sfpload	L4,48,0,7

0000ab08 <.LBB54977>:
    ab08:	c0c38639          	sfpload	L3,398,0,7

0000ab0c <.LBB54983>:
    ab0c:	1004d0c2          	sfpmad	L3,L1,L3,L4,0

0000ab10 <.LBB54986>:
    ab10:	c8c380c1          	sfpstore	L3,48,0,7

0000ab14 <.LBB54992>:
    ab14:	c10381c1          	sfpload	L4,112,0,7

0000ab18 <.LBB54998>:
    ab18:	c0c38641          	sfpload	L3,400,0,7

0000ab1c <.LBB55004>:
    ab1c:	1004d0c2          	sfpmad	L3,L1,L3,L4,0

0000ab20 <.LBB55007>:
    ab20:	c8c381c1          	sfpstore	L3,112,0,7

0000ab24 <.LBB55013>:
    ab24:	c10382c1          	sfpload	L4,176,0,7

0000ab28 <.LBB55019>:
    ab28:	c0c38649          	sfpload	L3,402,0,7

0000ab2c <.LBB55025>:
    ab2c:	1004d042          	sfpmad	L1,L1,L3,L4,0

0000ab30 <.LBB55028>:
    ab30:	c84382c1          	sfpstore	L1,176,0,7

0000ab34 <.LBB55034>:
    ab34:	142a800a          	sfpadd	L0,L10,L10,L0,2

0000ab38 <.LBB55037>:
    ab38:	18082402          	sfpmul	L0,L2,L0,L9,0

0000ab3c <.LBB55040>:
    ab3c:	c80383c1          	sfpstore	L0,240,0,7

0000ab40 <.LBE54820>:
    ab40:	00008067          	ret

0000ab44 <void (anonymous namespace)::blend_pair_body<12ul, 2ul>()>:
    ab44:	c08384c9          	sfpload	L2,306,0,7

0000ab48 <.LBB56004>:
    ab48:	c04385c9          	sfpload	L1,370,0,7

0000ab4c <.LBB56010>:
    ab4c:	c1038611          	sfpload	L4,388,0,7

0000ab50 <.LBB56016>:
    ab50:	c0c38619          	sfpload	L3,390,0,7

0000ab54 <.LBB56022>:
    ab54:	c0038621          	sfpload	L0,392,0,7

0000ab58 <.LBB56028>:
    ab58:	c1838601          	sfpload	L6,384,0,7

0000ab5c <.LBB56034>:
    ab5c:	c1438609          	sfpload	L5,386,0,7

0000ab60 <.LBB56040>:
    ab60:	1428988a          	sfpadd	L2,L10,L2,L6,2

0000ab64 <.LBB56043>:
    ab64:	1428544a          	sfpadd	L1,L10,L1,L5,2

0000ab68 <.LBB56046>:
    ab68:	1808a542          	sfpmul	L5,L2,L2,L9,0

0000ab6c <.LBB56049>:
    ab6c:	18116502          	sfpmul	L4,L4,L5,L9,0

0000ab70 <.LBB56052>:
    ab70:	18086482          	sfpmul	L2,L2,L1,L9,0

0000ab74 <.LBB56055>:
    ab74:	100c9082          	sfpmad	L2,L3,L2,L4,0

0000ab78 <.LBB56058>:
    ab78:	18046442          	sfpmul	L1,L1,L1,L9,0

0000ab7c <.LBB56061>:
    ab7c:	10004802          	sfpmad	L0,L0,L1,L2,0
    ab80:	3c000002          	sfpnop

0000ab84 <.LBB56064>:
    ab84:	48002406          	sfpswap	L0,L9,1
    ab88:	3c000002          	sfpnop

0000ab8c <.LBB56066>:
    ab8c:	18032402          	sfpmul	L0,L0,L12,L9,0

0000ab90 <.LBB56071>:
    ab90:	d50bf801          	sfpaddi	L0,17150,0
    ab94:	3c000002          	sfpnop

0000ab98 <.LBB56074>:
    ab98:	48000246          	sfpswap	L9,L0,1
    ab9c:	3c000002          	sfpnop

0000aba0 <.LBB56076>:
    aba0:	dc000041          	sfpexexp	L1,L0,0

0000aba4 <.LBB56080>:
    aba4:	e0000001          	sfpexman	L0,L0,0

0000aba8 <.LBB56082>:
    aba8:	e8000401          	sfpshft	L0,L1,0x000,0

0000abac <.LBB56084>:
    abac:	dc000045          	sfpexexp	L1,L0,1

0000abb0 <.LBB56086>:
    abb0:	e0000005          	sfpexman	L0,L0,1

0000abb4 <.LBB56088>:
    abb4:	40000002          	sfpcast	L0,L0,0

0000abb8 <.LBB56090>:
    abb8:	10037882          	sfpmad	L2,L0,L13,L14,0

0000abbc <.LBB56093>:
    abbc:	c0c38659          	sfpload	L3,406,0,7

0000abc0 <.LBB56099>:
    abc0:	10008c02          	sfpmad	L0,L0,L2,L3,0

0000abc4 <.LBB56102>:
    abc4:	08000042          	sfpsetexp	L1,L0,0x000,0

0000abc8 <.LBB56104>:
    abc8:	c0038629          	sfpload	L0,394,0,7

0000abcc <.LBB56110>:
    abcc:	18006402          	sfpmul	L0,L0,L1,L9,0

0000abd0 <.LBB56113>:
    abd0:	c0438661          	sfpload	L1,408,0,7

0000abd4 <.LBB56119>:
    abd4:	48000406          	sfpswap	L0,L1,1
    abd8:	3c000002          	sfpnop

0000abdc <.LBB56121>:
    abdc:	c0438631          	sfpload	L1,396,0,7

0000abe0 <.LBB56128>:
    abe0:	1006c042          	sfpmad	L1,L1,L11,L0,0
    abe4:	ec000401          	sfpsetcc	L1,0x000,0

0000abe8 <.LBB56132>:
    abe8:	f0002401          	sfpmov	L0,L9,0

0000abec <.LBB56135>:
    abec:	2800c02a          	sfpencc	0x003,10

0000abf0 <.LBB56138>:
    abf0:	c08383c9          	sfpload	L2,242,0,7

0000abf4 <.LBB56144>:
    abf4:	1800a442          	sfpmul	L1,L0,L2,L9,0

0000abf8 <.LBB56147>:
    abf8:	c10380c9          	sfpload	L4,50,0,7

0000abfc <.LBB56153>:
    abfc:	c0c38639          	sfpload	L3,398,0,7

0000ac00 <.LBB56159>:
    ac00:	1004d0c2          	sfpmad	L3,L1,L3,L4,0

0000ac04 <.LBB56162>:
    ac04:	c8c380c9          	sfpstore	L3,50,0,7

0000ac08 <.LBB56168>:
    ac08:	c10381c9          	sfpload	L4,114,0,7

0000ac0c <.LBB56174>:
    ac0c:	c0c38641          	sfpload	L3,400,0,7

0000ac10 <.LBB56180>:
    ac10:	1004d0c2          	sfpmad	L3,L1,L3,L4,0

0000ac14 <.LBB56183>:
    ac14:	c8c381c9          	sfpstore	L3,114,0,7

0000ac18 <.LBB56189>:
    ac18:	c10382c9          	sfpload	L4,178,0,7

0000ac1c <.LBB56195>:
    ac1c:	c0c38649          	sfpload	L3,402,0,7

0000ac20 <.LBB56201>:
    ac20:	1004d042          	sfpmad	L1,L1,L3,L4,0

0000ac24 <.LBB56204>:
    ac24:	c84382c9          	sfpstore	L1,178,0,7

0000ac28 <.LBB56210>:
    ac28:	142a800a          	sfpadd	L0,L10,L10,L0,2

0000ac2c <.LBB56213>:
    ac2c:	18082402          	sfpmul	L0,L2,L0,L9,0

0000ac30 <.LBB56216>:
    ac30:	c80383c9          	sfpstore	L0,242,0,7

0000ac34 <.LBE55996>:
    ac34:	00008067          	ret

0000ac38 <void (anonymous namespace)::blend_pair_body<12ul, 3ul>()>:
    ac38:	c0038601          	sfpload	L0,384,0,7

0000ac3c <.LBB57984>:
    ac3c:	c1038609          	sfpload	L4,386,0,7

0000ac40 <.LBB57990>:
    ac40:	c08384c1          	sfpload	L2,304,0,7

0000ac44 <.LBB57996>:
    ac44:	1428808a          	sfpadd	L2,L10,L2,L0,2

0000ac48 <.LBB57999>:
    ac48:	c04384c9          	sfpload	L1,306,0,7

0000ac4c <.LBB58005>:
    ac4c:	1428404a          	sfpadd	L1,L10,L1,L0,2

0000ac50 <.LBB58008>:
    ac50:	c00385c1          	sfpload	L0,368,0,7

0000ac54 <.LBB58014>:
    ac54:	1428100a          	sfpadd	L0,L10,L0,L4,2

0000ac58 <.LBB58017>:
    ac58:	c0c385c9          	sfpload	L3,370,0,7

0000ac5c <.LBB58023>:
    ac5c:	1428d0ca          	sfpadd	L3,L10,L3,L4,2

0000ac60 <.LBB58026>:
    ac60:	c1438611          	sfpload	L5,388,0,7

0000ac64 <.LBB58032>:
    ac64:	1808a582          	sfpmul	L6,L2,L2,L9,0

0000ac68 <.LBB58035>:
    ac68:	1815a582          	sfpmul	L6,L5,L6,L9,0

0000ac6c <.LBB58038>:
    ac6c:	18046502          	sfpmul	L4,L1,L1,L9,0

0000ac70 <.LBB58041>:
    ac70:	18152542          	sfpmul	L5,L5,L4,L9,0

0000ac74 <.LBB58044>:
    ac74:	c1038619          	sfpload	L4,390,0,7

0000ac78 <.LBB58050>:
    ac78:	18082482          	sfpmul	L2,L2,L0,L9,0

0000ac7c <.LBB58053>:
    ac7c:	10109882          	sfpmad	L2,L4,L2,L6,0

0000ac80 <.LBB58056>:
    ac80:	1804e442          	sfpmul	L1,L1,L3,L9,0

0000ac84 <.LBB58059>:
    ac84:	10105502          	sfpmad	L4,L4,L1,L5,0

0000ac88 <.LBB58062>:
    ac88:	c0438621          	sfpload	L1,392,0,7

0000ac8c <.LBB58068>:
    ac8c:	18002402          	sfpmul	L0,L0,L0,L9,0

0000ac90 <.LBB58071>:
    ac90:	10040802          	sfpmad	L0,L1,L0,L2,0

0000ac94 <.LBB58074>:
    ac94:	180ce4c2          	sfpmul	L3,L3,L3,L9,0

0000ac98 <.LBB58077>:
    ac98:	1004d042          	sfpmad	L1,L1,L3,L4,0

0000ac9c <.LBB58080>:
    ac9c:	48002406          	sfpswap	L0,L9,1
    aca0:	3c000002          	sfpnop

0000aca4 <.LBB58082>:
    aca4:	48002446          	sfpswap	L1,L9,1
    aca8:	3c000002          	sfpnop

0000acac <.LBB58084>:
    acac:	18032402          	sfpmul	L0,L0,L12,L9,0

0000acb0 <.LBB58089>:
    acb0:	d50bf801          	sfpaddi	L0,17150,0
    acb4:	3c000002          	sfpnop

0000acb8 <.LBB58092>:
    acb8:	48000246          	sfpswap	L9,L0,1
    acbc:	3c000002          	sfpnop

0000acc0 <.LBB58094>:
    acc0:	dc000081          	sfpexexp	L2,L0,0

0000acc4 <.LBB58098>:
    acc4:	e0000001          	sfpexman	L0,L0,0

0000acc8 <.LBB58100>:
    acc8:	e8000801          	sfpshft	L0,L2,0x000,0

0000accc <.LBB58102>:
    accc:	dc000085          	sfpexexp	L2,L0,1

0000acd0 <.LBB58104>:
    acd0:	1000014c          	ttreplay	0,5,1,1
    acd4:	e0000005          	sfpexman	L0,L0,1

0000acd8 <.LBB58106>:
    acd8:	40000002          	sfpcast	L0,L0,0

0000acdc <.LBB58108>:
    acdc:	100378c2          	sfpmad	L3,L0,L13,L14,0

0000ace0 <.LBB58111>:
    ace0:	c1038659          	sfpload	L4,406,0,7

0000ace4 <.LBB58117>:
    ace4:	1000d002          	sfpmad	L0,L0,L3,L4,0

0000ace8 <.LBB58120>:
    ace8:	08000082          	sfpsetexp	L2,L0,0x000,0

0000acec <.LBB58122>:
    acec:	18072442          	sfpmul	L1,L1,L12,L9,0

0000acf0 <.LBB58127>:
    acf0:	d50bf841          	sfpaddi	L1,17150,0
    acf4:	3c000002          	sfpnop

0000acf8 <.LBB58130>:
    acf8:	48000646          	sfpswap	L9,L1,1
    acfc:	3c000002          	sfpnop

0000ad00 <.LBB58132>:
    ad00:	dc0004c1          	sfpexexp	L3,L1,0

0000ad04 <.LBB58136>:
    ad04:	e0000401          	sfpexman	L0,L1,0

0000ad08 <.LBB58138>:
    ad08:	e8000c01          	sfpshft	L0,L3,0x000,0

0000ad0c <.LBB58140>:
    ad0c:	dc000045          	sfpexexp	L1,L0,1

0000ad10 <.LBB58142>:
    ad10:	10000140          	ttreplay	0,5,0,0

0000ad14 <.LBB58145>:
    ad14:	08000042          	sfpsetexp	L1,L0,0x000,0

0000ad18 <.LBB58147>:
    ad18:	c0038629          	sfpload	L0,394,0,7

0000ad1c <.LBB58153>:
    ad1c:	1800a482          	sfpmul	L2,L0,L2,L9,0

0000ad20 <.LBB58156>:
    ad20:	18006402          	sfpmul	L0,L0,L1,L9,0

0000ad24 <.LBB58159>:
    ad24:	c0c38661          	sfpload	L3,408,0,7

0000ad28 <.LBB58165>:
    ad28:	c0438661          	sfpload	L1,408,0,7

0000ad2c <.LBB58171>:
    ad2c:	48000c86          	sfpswap	L2,L3,1
    ad30:	3c000002          	sfpnop

0000ad34 <.LBB58173>:
    ad34:	48000406          	sfpswap	L0,L1,1
    ad38:	3c000002          	sfpnop

0000ad3c <.LBB58175>:
    ad3c:	c0438631          	sfpload	L1,396,0,7

0000ad40 <.LBB58182>:
    ad40:	1006c842          	sfpmad	L1,L1,L11,L2,0
    ad44:	ec000401          	sfpsetcc	L1,0x000,0

0000ad48 <.LBB58186>:
    ad48:	f0002481          	sfpmov	L2,L9,0

0000ad4c <.LBB58189>:
    ad4c:	2800c02a          	sfpencc	0x003,10

0000ad50 <.LBB58192>:
    ad50:	c0438631          	sfpload	L1,396,0,7

0000ad54 <.LBB58199>:
    ad54:	1006c042          	sfpmad	L1,L1,L11,L0,0
    ad58:	ec000401          	sfpsetcc	L1,0x000,0

0000ad5c <.LBB58203>:
    ad5c:	f0002401          	sfpmov	L0,L9,0

0000ad60 <.LBB58206>:
    ad60:	2800c02a          	sfpencc	0x003,10

0000ad64 <.LBB58209>:
    ad64:	c14383c1          	sfpload	L5,240,0,7

0000ad68 <.LBB58215>:
    ad68:	c10383c9          	sfpload	L4,242,0,7

0000ad6c <.LBB58221>:
    ad6c:	180964c2          	sfpmul	L3,L2,L5,L9,0

0000ad70 <.LBB58224>:
    ad70:	18012442          	sfpmul	L1,L0,L4,L9,0

0000ad74 <.LBB58227>:
    ad74:	c1838639          	sfpload	L6,398,0,7

0000ad78 <.LBB58233>:
    ad78:	c1c380c1          	sfpload	L7,48,0,7

0000ad7c <.LBB58239>:
    ad7c:	100d9dc2          	sfpmad	L7,L3,L6,L7,0

0000ad80 <.LBB58242>:
    ad80:	c9c380c1          	sfpstore	L7,48,0,7

0000ad84 <.LBB58248>:
    ad84:	c1c380c9          	sfpload	L7,50,0,7

0000ad88 <.LBB58254>:
    ad88:	10059d82          	sfpmad	L6,L1,L6,L7,0

0000ad8c <.LBB58257>:
    ad8c:	c98380c9          	sfpstore	L6,50,0,7

0000ad90 <.LBB58263>:
    ad90:	c1838641          	sfpload	L6,400,0,7

0000ad94 <.LBB58269>:
    ad94:	c1c381c1          	sfpload	L7,112,0,7

0000ad98 <.LBB58275>:
    ad98:	100d9dc2          	sfpmad	L7,L3,L6,L7,0

0000ad9c <.LBB58278>:
    ad9c:	c9c381c1          	sfpstore	L7,112,0,7

0000ada0 <.LBB58284>:
    ada0:	c1c381c9          	sfpload	L7,114,0,7

0000ada4 <.LBB58290>:
    ada4:	10059d82          	sfpmad	L6,L1,L6,L7,0

0000ada8 <.LBB58293>:
    ada8:	c98381c9          	sfpstore	L6,114,0,7

0000adac <.LBB58299>:
    adac:	c1838649          	sfpload	L6,402,0,7

0000adb0 <.LBB58305>:
    adb0:	c1c382c1          	sfpload	L7,176,0,7

0000adb4 <.LBB58311>:
    adb4:	100d9cc2          	sfpmad	L3,L3,L6,L7,0

0000adb8 <.LBB58314>:
    adb8:	c8c382c1          	sfpstore	L3,176,0,7

0000adbc <.LBB58320>:
    adbc:	c0c382c9          	sfpload	L3,178,0,7

0000adc0 <.LBB58326>:
    adc0:	10058c42          	sfpmad	L1,L1,L6,L3,0

0000adc4 <.LBB58329>:
    adc4:	c84382c9          	sfpstore	L1,178,0,7

0000adc8 <.LBB58335>:
    adc8:	142a888a          	sfpadd	L2,L10,L10,L2,2

0000adcc <.LBB58338>:
    adcc:	1814a542          	sfpmul	L5,L5,L2,L9,0

0000add0 <.LBB58341>:
    add0:	c94383c1          	sfpstore	L5,240,0,7

0000add4 <.LBB58347>:
    add4:	142a800a          	sfpadd	L0,L10,L10,L0,2

0000add8 <.LBB58350>:
    add8:	18102402          	sfpmul	L0,L4,L0,L9,0

0000addc <.LBB58353>:
    addc:	c80383c9          	sfpstore	L0,242,0,7

0000ade0 <.LBE57976>:
    ade0:	00008067          	ret

0000ade4 <void (anonymous namespace)::blend_pair_body<13ul, 1ul>()>:
    ade4:	c08384d1          	sfpload	L2,308,0,7

0000ade8 <.LBB59317>:
    ade8:	c04385d1          	sfpload	L1,372,0,7

0000adec <.LBB59323>:
    adec:	c1038611          	sfpload	L4,388,0,7

0000adf0 <.LBB59329>:
    adf0:	c0c38619          	sfpload	L3,390,0,7

0000adf4 <.LBB59335>:
    adf4:	c0038621          	sfpload	L0,392,0,7

0000adf8 <.LBB59341>:
    adf8:	c1838601          	sfpload	L6,384,0,7

0000adfc <.LBB59347>:
    adfc:	c1438609          	sfpload	L5,386,0,7

0000ae00 <.LBB59353>:
    ae00:	1428988a          	sfpadd	L2,L10,L2,L6,2

0000ae04 <.LBB59356>:
    ae04:	1428544a          	sfpadd	L1,L10,L1,L5,2

0000ae08 <.LBB59359>:
    ae08:	1808a542          	sfpmul	L5,L2,L2,L9,0

0000ae0c <.LBB59362>:
    ae0c:	18116502          	sfpmul	L4,L4,L5,L9,0

0000ae10 <.LBB59365>:
    ae10:	18086482          	sfpmul	L2,L2,L1,L9,0

0000ae14 <.LBB59368>:
    ae14:	100c9082          	sfpmad	L2,L3,L2,L4,0

0000ae18 <.LBB59371>:
    ae18:	18046442          	sfpmul	L1,L1,L1,L9,0

0000ae1c <.LBB59374>:
    ae1c:	10004802          	sfpmad	L0,L0,L1,L2,0
    ae20:	3c000002          	sfpnop

0000ae24 <.LBB59377>:
    ae24:	48002406          	sfpswap	L0,L9,1
    ae28:	3c000002          	sfpnop

0000ae2c <.LBB59379>:
    ae2c:	18032402          	sfpmul	L0,L0,L12,L9,0

0000ae30 <.LBB59384>:
    ae30:	d50bf801          	sfpaddi	L0,17150,0
    ae34:	3c000002          	sfpnop

0000ae38 <.LBB59387>:
    ae38:	48000246          	sfpswap	L9,L0,1
    ae3c:	3c000002          	sfpnop

0000ae40 <.LBB59389>:
    ae40:	dc000041          	sfpexexp	L1,L0,0

0000ae44 <.LBB59393>:
    ae44:	e0000001          	sfpexman	L0,L0,0

0000ae48 <.LBB59395>:
    ae48:	e8000401          	sfpshft	L0,L1,0x000,0

0000ae4c <.LBB59397>:
    ae4c:	dc000045          	sfpexexp	L1,L0,1

0000ae50 <.LBB59399>:
    ae50:	e0000005          	sfpexman	L0,L0,1

0000ae54 <.LBB59401>:
    ae54:	40000002          	sfpcast	L0,L0,0

0000ae58 <.LBB59403>:
    ae58:	10037882          	sfpmad	L2,L0,L13,L14,0

0000ae5c <.LBB59406>:
    ae5c:	c0c38659          	sfpload	L3,406,0,7

0000ae60 <.LBB59412>:
    ae60:	10008c02          	sfpmad	L0,L0,L2,L3,0

0000ae64 <.LBB59415>:
    ae64:	08000042          	sfpsetexp	L1,L0,0x000,0

0000ae68 <.LBB59417>:
    ae68:	c0038629          	sfpload	L0,394,0,7

0000ae6c <.LBB59423>:
    ae6c:	18006402          	sfpmul	L0,L0,L1,L9,0

0000ae70 <.LBB59426>:
    ae70:	c0438661          	sfpload	L1,408,0,7

0000ae74 <.LBB59432>:
    ae74:	48000406          	sfpswap	L0,L1,1
    ae78:	3c000002          	sfpnop

0000ae7c <.LBB59434>:
    ae7c:	c0438631          	sfpload	L1,396,0,7

0000ae80 <.LBB59441>:
    ae80:	1006c042          	sfpmad	L1,L1,L11,L0,0
    ae84:	ec000401          	sfpsetcc	L1,0x000,0

0000ae88 <.LBB59445>:
    ae88:	f0002401          	sfpmov	L0,L9,0

0000ae8c <.LBB59448>:
    ae8c:	2800c02a          	sfpencc	0x003,10

0000ae90 <.LBB59451>:
    ae90:	c08383d1          	sfpload	L2,244,0,7

0000ae94 <.LBB59457>:
    ae94:	1800a442          	sfpmul	L1,L0,L2,L9,0

0000ae98 <.LBB59460>:
    ae98:	c10380d1          	sfpload	L4,52,0,7

0000ae9c <.LBB59466>:
    ae9c:	c0c38639          	sfpload	L3,398,0,7

0000aea0 <.LBB59472>:
    aea0:	1004d0c2          	sfpmad	L3,L1,L3,L4,0

0000aea4 <.LBB59475>:
    aea4:	c8c380d1          	sfpstore	L3,52,0,7

0000aea8 <.LBB59481>:
    aea8:	c10381d1          	sfpload	L4,116,0,7

0000aeac <.LBB59487>:
    aeac:	c0c38641          	sfpload	L3,400,0,7

0000aeb0 <.LBB59493>:
    aeb0:	1004d0c2          	sfpmad	L3,L1,L3,L4,0

0000aeb4 <.LBB59496>:
    aeb4:	c8c381d1          	sfpstore	L3,116,0,7

0000aeb8 <.LBB59502>:
    aeb8:	c10382d1          	sfpload	L4,180,0,7

0000aebc <.LBB59508>:
    aebc:	c0c38649          	sfpload	L3,402,0,7

0000aec0 <.LBB59514>:
    aec0:	1004d042          	sfpmad	L1,L1,L3,L4,0

0000aec4 <.LBB59517>:
    aec4:	c84382d1          	sfpstore	L1,180,0,7

0000aec8 <.LBB59523>:
    aec8:	142a800a          	sfpadd	L0,L10,L10,L0,2

0000aecc <.LBB59526>:
    aecc:	18082402          	sfpmul	L0,L2,L0,L9,0

0000aed0 <.LBB59529>:
    aed0:	c80383d1          	sfpstore	L0,244,0,7

0000aed4 <.LBE59309>:
    aed4:	00008067          	ret

0000aed8 <void (anonymous namespace)::blend_pair_body<13ul, 2ul>()>:
    aed8:	c08384d9          	sfpload	L2,310,0,7

0000aedc <.LBB60493>:
    aedc:	c04385d9          	sfpload	L1,374,0,7

0000aee0 <.LBB60499>:
    aee0:	c1038611          	sfpload	L4,388,0,7

0000aee4 <.LBB60505>:
    aee4:	c0c38619          	sfpload	L3,390,0,7

0000aee8 <.LBB60511>:
    aee8:	c0038621          	sfpload	L0,392,0,7

0000aeec <.LBB60517>:
    aeec:	c1838601          	sfpload	L6,384,0,7

0000aef0 <.LBB60523>:
    aef0:	c1438609          	sfpload	L5,386,0,7

0000aef4 <.LBB60529>:
    aef4:	1428988a          	sfpadd	L2,L10,L2,L6,2

0000aef8 <.LBB60532>:
    aef8:	1428544a          	sfpadd	L1,L10,L1,L5,2

0000aefc <.LBB60535>:
    aefc:	1808a542          	sfpmul	L5,L2,L2,L9,0

0000af00 <.LBB60538>:
    af00:	18116502          	sfpmul	L4,L4,L5,L9,0

0000af04 <.LBB60541>:
    af04:	18086482          	sfpmul	L2,L2,L1,L9,0

0000af08 <.LBB60544>:
    af08:	100c9082          	sfpmad	L2,L3,L2,L4,0

0000af0c <.LBB60547>:
    af0c:	18046442          	sfpmul	L1,L1,L1,L9,0

0000af10 <.LBB60550>:
    af10:	10004802          	sfpmad	L0,L0,L1,L2,0
    af14:	3c000002          	sfpnop

0000af18 <.LBB60553>:
    af18:	48002406          	sfpswap	L0,L9,1
    af1c:	3c000002          	sfpnop

0000af20 <.LBB60555>:
    af20:	18032402          	sfpmul	L0,L0,L12,L9,0

0000af24 <.LBB60560>:
    af24:	d50bf801          	sfpaddi	L0,17150,0
    af28:	3c000002          	sfpnop

0000af2c <.LBB60563>:
    af2c:	48000246          	sfpswap	L9,L0,1
    af30:	3c000002          	sfpnop

0000af34 <.LBB60565>:
    af34:	dc000041          	sfpexexp	L1,L0,0

0000af38 <.LBB60569>:
    af38:	e0000001          	sfpexman	L0,L0,0

0000af3c <.LBB60571>:
    af3c:	e8000401          	sfpshft	L0,L1,0x000,0

0000af40 <.LBB60573>:
    af40:	dc000045          	sfpexexp	L1,L0,1

0000af44 <.LBB60575>:
    af44:	e0000005          	sfpexman	L0,L0,1

0000af48 <.LBB60577>:
    af48:	40000002          	sfpcast	L0,L0,0

0000af4c <.LBB60579>:
    af4c:	10037882          	sfpmad	L2,L0,L13,L14,0

0000af50 <.LBB60582>:
    af50:	c0c38659          	sfpload	L3,406,0,7

0000af54 <.LBB60588>:
    af54:	10008c02          	sfpmad	L0,L0,L2,L3,0

0000af58 <.LBB60591>:
    af58:	08000042          	sfpsetexp	L1,L0,0x000,0

0000af5c <.LBB60593>:
    af5c:	c0038629          	sfpload	L0,394,0,7

0000af60 <.LBB60599>:
    af60:	18006402          	sfpmul	L0,L0,L1,L9,0

0000af64 <.LBB60602>:
    af64:	c0438661          	sfpload	L1,408,0,7

0000af68 <.LBB60608>:
    af68:	48000406          	sfpswap	L0,L1,1
    af6c:	3c000002          	sfpnop

0000af70 <.LBB60610>:
    af70:	c0438631          	sfpload	L1,396,0,7

0000af74 <.LBB60617>:
    af74:	1006c042          	sfpmad	L1,L1,L11,L0,0
    af78:	ec000401          	sfpsetcc	L1,0x000,0

0000af7c <.LBB60621>:
    af7c:	f0002401          	sfpmov	L0,L9,0

0000af80 <.LBB60624>:
    af80:	2800c02a          	sfpencc	0x003,10

0000af84 <.LBB60627>:
    af84:	c08383d9          	sfpload	L2,246,0,7

0000af88 <.LBB60633>:
    af88:	1800a442          	sfpmul	L1,L0,L2,L9,0

0000af8c <.LBB60636>:
    af8c:	c10380d9          	sfpload	L4,54,0,7

0000af90 <.LBB60642>:
    af90:	c0c38639          	sfpload	L3,398,0,7

0000af94 <.LBB60648>:
    af94:	1004d0c2          	sfpmad	L3,L1,L3,L4,0

0000af98 <.LBB60651>:
    af98:	c8c380d9          	sfpstore	L3,54,0,7

0000af9c <.LBB60657>:
    af9c:	c10381d9          	sfpload	L4,118,0,7

0000afa0 <.LBB60663>:
    afa0:	c0c38641          	sfpload	L3,400,0,7

0000afa4 <.LBB60669>:
    afa4:	1004d0c2          	sfpmad	L3,L1,L3,L4,0

0000afa8 <.LBB60672>:
    afa8:	c8c381d9          	sfpstore	L3,118,0,7

0000afac <.LBB60678>:
    afac:	c10382d9          	sfpload	L4,182,0,7

0000afb0 <.LBB60684>:
    afb0:	c0c38649          	sfpload	L3,402,0,7

0000afb4 <.LBB60690>:
    afb4:	1004d042          	sfpmad	L1,L1,L3,L4,0

0000afb8 <.LBB60693>:
    afb8:	c84382d9          	sfpstore	L1,182,0,7

0000afbc <.LBB60699>:
    afbc:	142a800a          	sfpadd	L0,L10,L10,L0,2

0000afc0 <.LBB60702>:
    afc0:	18082402          	sfpmul	L0,L2,L0,L9,0

0000afc4 <.LBB60705>:
    afc4:	c80383d9          	sfpstore	L0,246,0,7

0000afc8 <.LBE60485>:
    afc8:	00008067          	ret

0000afcc <void (anonymous namespace)::blend_pair_body<13ul, 3ul>()>:
    afcc:	c0038601          	sfpload	L0,384,0,7

0000afd0 <.LBB62473>:
    afd0:	c1038609          	sfpload	L4,386,0,7

0000afd4 <.LBB62479>:
    afd4:	c08384d1          	sfpload	L2,308,0,7

0000afd8 <.LBB62485>:
    afd8:	1428808a          	sfpadd	L2,L10,L2,L0,2

0000afdc <.LBB62488>:
    afdc:	c04384d9          	sfpload	L1,310,0,7

0000afe0 <.LBB62494>:
    afe0:	1428404a          	sfpadd	L1,L10,L1,L0,2

0000afe4 <.LBB62497>:
    afe4:	c00385d1          	sfpload	L0,372,0,7

0000afe8 <.LBB62503>:
    afe8:	1428100a          	sfpadd	L0,L10,L0,L4,2

0000afec <.LBB62506>:
    afec:	c0c385d9          	sfpload	L3,374,0,7

0000aff0 <.LBB62512>:
    aff0:	1428d0ca          	sfpadd	L3,L10,L3,L4,2

0000aff4 <.LBB62515>:
    aff4:	c1438611          	sfpload	L5,388,0,7

0000aff8 <.LBB62521>:
    aff8:	1808a582          	sfpmul	L6,L2,L2,L9,0

0000affc <.LBB62524>:
    affc:	1815a582          	sfpmul	L6,L5,L6,L9,0

0000b000 <.LBB62527>:
    b000:	18046502          	sfpmul	L4,L1,L1,L9,0

0000b004 <.LBB62530>:
    b004:	18152542          	sfpmul	L5,L5,L4,L9,0

0000b008 <.LBB62533>:
    b008:	c1038619          	sfpload	L4,390,0,7

0000b00c <.LBB62539>:
    b00c:	18082482          	sfpmul	L2,L2,L0,L9,0

0000b010 <.LBB62542>:
    b010:	10109882          	sfpmad	L2,L4,L2,L6,0

0000b014 <.LBB62545>:
    b014:	1804e442          	sfpmul	L1,L1,L3,L9,0

0000b018 <.LBB62548>:
    b018:	10105502          	sfpmad	L4,L4,L1,L5,0

0000b01c <.LBB62551>:
    b01c:	c0438621          	sfpload	L1,392,0,7

0000b020 <.LBB62557>:
    b020:	18002402          	sfpmul	L0,L0,L0,L9,0

0000b024 <.LBB62560>:
    b024:	10040802          	sfpmad	L0,L1,L0,L2,0

0000b028 <.LBB62563>:
    b028:	180ce4c2          	sfpmul	L3,L3,L3,L9,0

0000b02c <.LBB62566>:
    b02c:	1004d042          	sfpmad	L1,L1,L3,L4,0

0000b030 <.LBB62569>:
    b030:	48002406          	sfpswap	L0,L9,1
    b034:	3c000002          	sfpnop

0000b038 <.LBB62571>:
    b038:	48002446          	sfpswap	L1,L9,1
    b03c:	3c000002          	sfpnop

0000b040 <.LBB62573>:
    b040:	18032402          	sfpmul	L0,L0,L12,L9,0

0000b044 <.LBB62578>:
    b044:	d50bf801          	sfpaddi	L0,17150,0
    b048:	3c000002          	sfpnop

0000b04c <.LBB62581>:
    b04c:	48000246          	sfpswap	L9,L0,1
    b050:	3c000002          	sfpnop

0000b054 <.LBB62583>:
    b054:	dc000081          	sfpexexp	L2,L0,0

0000b058 <.LBB62587>:
    b058:	e0000001          	sfpexman	L0,L0,0

0000b05c <.LBB62589>:
    b05c:	e8000801          	sfpshft	L0,L2,0x000,0

0000b060 <.LBB62591>:
    b060:	dc000085          	sfpexexp	L2,L0,1

0000b064 <.LBB62593>:
    b064:	1000014c          	ttreplay	0,5,1,1
    b068:	e0000005          	sfpexman	L0,L0,1

0000b06c <.LBB62595>:
    b06c:	40000002          	sfpcast	L0,L0,0

0000b070 <.LBB62597>:
    b070:	100378c2          	sfpmad	L3,L0,L13,L14,0

0000b074 <.LBB62600>:
    b074:	c1038659          	sfpload	L4,406,0,7

0000b078 <.LBB62606>:
    b078:	1000d002          	sfpmad	L0,L0,L3,L4,0

0000b07c <.LBB62609>:
    b07c:	08000082          	sfpsetexp	L2,L0,0x000,0

0000b080 <.LBB62611>:
    b080:	18072442          	sfpmul	L1,L1,L12,L9,0

0000b084 <.LBB62616>:
    b084:	d50bf841          	sfpaddi	L1,17150,0
    b088:	3c000002          	sfpnop

0000b08c <.LBB62619>:
    b08c:	48000646          	sfpswap	L9,L1,1
    b090:	3c000002          	sfpnop

0000b094 <.LBB62621>:
    b094:	dc0004c1          	sfpexexp	L3,L1,0

0000b098 <.LBB62625>:
    b098:	e0000401          	sfpexman	L0,L1,0

0000b09c <.LBB62627>:
    b09c:	e8000c01          	sfpshft	L0,L3,0x000,0

0000b0a0 <.LBB62629>:
    b0a0:	dc000045          	sfpexexp	L1,L0,1

0000b0a4 <.LBB62631>:
    b0a4:	10000140          	ttreplay	0,5,0,0

0000b0a8 <.LBB62634>:
    b0a8:	08000042          	sfpsetexp	L1,L0,0x000,0

0000b0ac <.LBB62636>:
    b0ac:	c0038629          	sfpload	L0,394,0,7

0000b0b0 <.LBB62642>:
    b0b0:	1800a482          	sfpmul	L2,L0,L2,L9,0

0000b0b4 <.LBB62645>:
    b0b4:	18006402          	sfpmul	L0,L0,L1,L9,0

0000b0b8 <.LBB62648>:
    b0b8:	c0c38661          	sfpload	L3,408,0,7

0000b0bc <.LBB62654>:
    b0bc:	c0438661          	sfpload	L1,408,0,7

0000b0c0 <.LBB62660>:
    b0c0:	48000c86          	sfpswap	L2,L3,1
    b0c4:	3c000002          	sfpnop

0000b0c8 <.LBB62662>:
    b0c8:	48000406          	sfpswap	L0,L1,1
    b0cc:	3c000002          	sfpnop

0000b0d0 <.LBB62664>:
    b0d0:	c0438631          	sfpload	L1,396,0,7

0000b0d4 <.LBB62671>:
    b0d4:	1006c842          	sfpmad	L1,L1,L11,L2,0
    b0d8:	ec000401          	sfpsetcc	L1,0x000,0

0000b0dc <.LBB62675>:
    b0dc:	f0002481          	sfpmov	L2,L9,0

0000b0e0 <.LBB62678>:
    b0e0:	2800c02a          	sfpencc	0x003,10

0000b0e4 <.LBB62681>:
    b0e4:	c0438631          	sfpload	L1,396,0,7

0000b0e8 <.LBB62688>:
    b0e8:	1006c042          	sfpmad	L1,L1,L11,L0,0
    b0ec:	ec000401          	sfpsetcc	L1,0x000,0

0000b0f0 <.LBB62692>:
    b0f0:	f0002401          	sfpmov	L0,L9,0

0000b0f4 <.LBB62695>:
    b0f4:	2800c02a          	sfpencc	0x003,10

0000b0f8 <.LBB62698>:
    b0f8:	c14383d1          	sfpload	L5,244,0,7

0000b0fc <.LBB62704>:
    b0fc:	c10383d9          	sfpload	L4,246,0,7

0000b100 <.LBB62710>:
    b100:	180964c2          	sfpmul	L3,L2,L5,L9,0

0000b104 <.LBB62713>:
    b104:	18012442          	sfpmul	L1,L0,L4,L9,0

0000b108 <.LBB62716>:
    b108:	c1838639          	sfpload	L6,398,0,7

0000b10c <.LBB62722>:
    b10c:	c1c380d1          	sfpload	L7,52,0,7

0000b110 <.LBB62728>:
    b110:	100d9dc2          	sfpmad	L7,L3,L6,L7,0

0000b114 <.LBB62731>:
    b114:	c9c380d1          	sfpstore	L7,52,0,7

0000b118 <.LBB62737>:
    b118:	c1c380d9          	sfpload	L7,54,0,7

0000b11c <.LBB62743>:
    b11c:	10059d82          	sfpmad	L6,L1,L6,L7,0

0000b120 <.LBB62746>:
    b120:	c98380d9          	sfpstore	L6,54,0,7

0000b124 <.LBB62752>:
    b124:	c1838641          	sfpload	L6,400,0,7

0000b128 <.LBB62758>:
    b128:	c1c381d1          	sfpload	L7,116,0,7

0000b12c <.LBB62764>:
    b12c:	100d9dc2          	sfpmad	L7,L3,L6,L7,0

0000b130 <.LBB62767>:
    b130:	c9c381d1          	sfpstore	L7,116,0,7

0000b134 <.LBB62773>:
    b134:	c1c381d9          	sfpload	L7,118,0,7

0000b138 <.LBB62779>:
    b138:	10059d82          	sfpmad	L6,L1,L6,L7,0

0000b13c <.LBB62782>:
    b13c:	c98381d9          	sfpstore	L6,118,0,7

0000b140 <.LBB62788>:
    b140:	c1838649          	sfpload	L6,402,0,7

0000b144 <.LBB62794>:
    b144:	c1c382d1          	sfpload	L7,180,0,7

0000b148 <.LBB62800>:
    b148:	100d9cc2          	sfpmad	L3,L3,L6,L7,0

0000b14c <.LBB62803>:
    b14c:	c8c382d1          	sfpstore	L3,180,0,7

0000b150 <.LBB62809>:
    b150:	c0c382d9          	sfpload	L3,182,0,7

0000b154 <.LBB62815>:
    b154:	10058c42          	sfpmad	L1,L1,L6,L3,0

0000b158 <.LBB62818>:
    b158:	c84382d9          	sfpstore	L1,182,0,7

0000b15c <.LBB62824>:
    b15c:	142a888a          	sfpadd	L2,L10,L10,L2,2

0000b160 <.LBB62827>:
    b160:	1814a542          	sfpmul	L5,L5,L2,L9,0

0000b164 <.LBB62830>:
    b164:	c94383d1          	sfpstore	L5,244,0,7

0000b168 <.LBB62836>:
    b168:	142a800a          	sfpadd	L0,L10,L10,L0,2

0000b16c <.LBB62839>:
    b16c:	18102402          	sfpmul	L0,L4,L0,L9,0

0000b170 <.LBB62842>:
    b170:	c80383d9          	sfpstore	L0,246,0,7

0000b174 <.LBE62465>:
    b174:	00008067          	ret

0000b178 <void (anonymous namespace)::blend_pair_body<14ul, 1ul>()>:
    b178:	c08384e1          	sfpload	L2,312,0,7

0000b17c <.LBB63806>:
    b17c:	c04385e1          	sfpload	L1,376,0,7

0000b180 <.LBB63812>:
    b180:	c1038611          	sfpload	L4,388,0,7

0000b184 <.LBB63818>:
    b184:	c0c38619          	sfpload	L3,390,0,7

0000b188 <.LBB63824>:
    b188:	c0038621          	sfpload	L0,392,0,7

0000b18c <.LBB63830>:
    b18c:	c1838601          	sfpload	L6,384,0,7

0000b190 <.LBB63836>:
    b190:	c1438609          	sfpload	L5,386,0,7

0000b194 <.LBB63842>:
    b194:	1428988a          	sfpadd	L2,L10,L2,L6,2

0000b198 <.LBB63845>:
    b198:	1428544a          	sfpadd	L1,L10,L1,L5,2

0000b19c <.LBB63848>:
    b19c:	1808a542          	sfpmul	L5,L2,L2,L9,0

0000b1a0 <.LBB63851>:
    b1a0:	18116502          	sfpmul	L4,L4,L5,L9,0

0000b1a4 <.LBB63854>:
    b1a4:	18086482          	sfpmul	L2,L2,L1,L9,0

0000b1a8 <.LBB63857>:
    b1a8:	100c9082          	sfpmad	L2,L3,L2,L4,0

0000b1ac <.LBB63860>:
    b1ac:	18046442          	sfpmul	L1,L1,L1,L9,0

0000b1b0 <.LBB63863>:
    b1b0:	10004802          	sfpmad	L0,L0,L1,L2,0
    b1b4:	3c000002          	sfpnop

0000b1b8 <.LBB63866>:
    b1b8:	48002406          	sfpswap	L0,L9,1
    b1bc:	3c000002          	sfpnop

0000b1c0 <.LBB63868>:
    b1c0:	18032402          	sfpmul	L0,L0,L12,L9,0

0000b1c4 <.LBB63873>:
    b1c4:	d50bf801          	sfpaddi	L0,17150,0
    b1c8:	3c000002          	sfpnop

0000b1cc <.LBB63876>:
    b1cc:	48000246          	sfpswap	L9,L0,1
    b1d0:	3c000002          	sfpnop

0000b1d4 <.LBB63878>:
    b1d4:	dc000041          	sfpexexp	L1,L0,0

0000b1d8 <.LBB63882>:
    b1d8:	e0000001          	sfpexman	L0,L0,0

0000b1dc <.LBB63884>:
    b1dc:	e8000401          	sfpshft	L0,L1,0x000,0

0000b1e0 <.LBB63886>:
    b1e0:	dc000045          	sfpexexp	L1,L0,1

0000b1e4 <.LBB63888>:
    b1e4:	e0000005          	sfpexman	L0,L0,1

0000b1e8 <.LBB63890>:
    b1e8:	40000002          	sfpcast	L0,L0,0

0000b1ec <.LBB63892>:
    b1ec:	10037882          	sfpmad	L2,L0,L13,L14,0

0000b1f0 <.LBB63895>:
    b1f0:	c0c38659          	sfpload	L3,406,0,7

0000b1f4 <.LBB63901>:
    b1f4:	10008c02          	sfpmad	L0,L0,L2,L3,0

0000b1f8 <.LBB63904>:
    b1f8:	08000042          	sfpsetexp	L1,L0,0x000,0

0000b1fc <.LBB63906>:
    b1fc:	c0038629          	sfpload	L0,394,0,7

0000b200 <.LBB63912>:
    b200:	18006402          	sfpmul	L0,L0,L1,L9,0

0000b204 <.LBB63915>:
    b204:	c0438661          	sfpload	L1,408,0,7

0000b208 <.LBB63921>:
    b208:	48000406          	sfpswap	L0,L1,1
    b20c:	3c000002          	sfpnop

0000b210 <.LBB63923>:
    b210:	c0438631          	sfpload	L1,396,0,7

0000b214 <.LBB63930>:
    b214:	1006c042          	sfpmad	L1,L1,L11,L0,0
    b218:	ec000401          	sfpsetcc	L1,0x000,0

0000b21c <.LBB63934>:
    b21c:	f0002401          	sfpmov	L0,L9,0

0000b220 <.LBB63937>:
    b220:	2800c02a          	sfpencc	0x003,10

0000b224 <.LBB63940>:
    b224:	c08383e1          	sfpload	L2,248,0,7

0000b228 <.LBB63946>:
    b228:	1800a442          	sfpmul	L1,L0,L2,L9,0

0000b22c <.LBB63949>:
    b22c:	c10380e1          	sfpload	L4,56,0,7

0000b230 <.LBB63955>:
    b230:	c0c38639          	sfpload	L3,398,0,7

0000b234 <.LBB63961>:
    b234:	1004d0c2          	sfpmad	L3,L1,L3,L4,0

0000b238 <.LBB63964>:
    b238:	c8c380e1          	sfpstore	L3,56,0,7

0000b23c <.LBB63970>:
    b23c:	c10381e1          	sfpload	L4,120,0,7

0000b240 <.LBB63976>:
    b240:	c0c38641          	sfpload	L3,400,0,7

0000b244 <.LBB63982>:
    b244:	1004d0c2          	sfpmad	L3,L1,L3,L4,0

0000b248 <.LBB63985>:
    b248:	c8c381e1          	sfpstore	L3,120,0,7

0000b24c <.LBB63991>:
    b24c:	c10382e1          	sfpload	L4,184,0,7

0000b250 <.LBB63997>:
    b250:	c0c38649          	sfpload	L3,402,0,7

0000b254 <.LBB64003>:
    b254:	1004d042          	sfpmad	L1,L1,L3,L4,0

0000b258 <.LBB64006>:
    b258:	c84382e1          	sfpstore	L1,184,0,7

0000b25c <.LBB64012>:
    b25c:	142a800a          	sfpadd	L0,L10,L10,L0,2

0000b260 <.LBB64015>:
    b260:	18082402          	sfpmul	L0,L2,L0,L9,0

0000b264 <.LBB64018>:
    b264:	c80383e1          	sfpstore	L0,248,0,7

0000b268 <.LBE63798>:
    b268:	00008067          	ret

0000b26c <void (anonymous namespace)::blend_pair_body<14ul, 2ul>()>:
    b26c:	c08384e9          	sfpload	L2,314,0,7

0000b270 <.LBB64982>:
    b270:	c04385e9          	sfpload	L1,378,0,7

0000b274 <.LBB64988>:
    b274:	c1038611          	sfpload	L4,388,0,7

0000b278 <.LBB64994>:
    b278:	c0c38619          	sfpload	L3,390,0,7

0000b27c <.LBB65000>:
    b27c:	c0038621          	sfpload	L0,392,0,7

0000b280 <.LBB65006>:
    b280:	c1838601          	sfpload	L6,384,0,7

0000b284 <.LBB65012>:
    b284:	c1438609          	sfpload	L5,386,0,7

0000b288 <.LBB65018>:
    b288:	1428988a          	sfpadd	L2,L10,L2,L6,2

0000b28c <.LBB65021>:
    b28c:	1428544a          	sfpadd	L1,L10,L1,L5,2

0000b290 <.LBB65024>:
    b290:	1808a542          	sfpmul	L5,L2,L2,L9,0

0000b294 <.LBB65027>:
    b294:	18116502          	sfpmul	L4,L4,L5,L9,0

0000b298 <.LBB65030>:
    b298:	18086482          	sfpmul	L2,L2,L1,L9,0

0000b29c <.LBB65033>:
    b29c:	100c9082          	sfpmad	L2,L3,L2,L4,0

0000b2a0 <.LBB65036>:
    b2a0:	18046442          	sfpmul	L1,L1,L1,L9,0

0000b2a4 <.LBB65039>:
    b2a4:	10004802          	sfpmad	L0,L0,L1,L2,0
    b2a8:	3c000002          	sfpnop

0000b2ac <.LBB65042>:
    b2ac:	48002406          	sfpswap	L0,L9,1
    b2b0:	3c000002          	sfpnop

0000b2b4 <.LBB65044>:
    b2b4:	18032402          	sfpmul	L0,L0,L12,L9,0

0000b2b8 <.LBB65049>:
    b2b8:	d50bf801          	sfpaddi	L0,17150,0
    b2bc:	3c000002          	sfpnop

0000b2c0 <.LBB65052>:
    b2c0:	48000246          	sfpswap	L9,L0,1
    b2c4:	3c000002          	sfpnop

0000b2c8 <.LBB65054>:
    b2c8:	dc000041          	sfpexexp	L1,L0,0

0000b2cc <.LBB65058>:
    b2cc:	e0000001          	sfpexman	L0,L0,0

0000b2d0 <.LBB65060>:
    b2d0:	e8000401          	sfpshft	L0,L1,0x000,0

0000b2d4 <.LBB65062>:
    b2d4:	dc000045          	sfpexexp	L1,L0,1

0000b2d8 <.LBB65064>:
    b2d8:	e0000005          	sfpexman	L0,L0,1

0000b2dc <.LBB65066>:
    b2dc:	40000002          	sfpcast	L0,L0,0

0000b2e0 <.LBB65068>:
    b2e0:	10037882          	sfpmad	L2,L0,L13,L14,0

0000b2e4 <.LBB65071>:
    b2e4:	c0c38659          	sfpload	L3,406,0,7

0000b2e8 <.LBB65077>:
    b2e8:	10008c02          	sfpmad	L0,L0,L2,L3,0

0000b2ec <.LBB65080>:
    b2ec:	08000042          	sfpsetexp	L1,L0,0x000,0

0000b2f0 <.LBB65082>:
    b2f0:	c0038629          	sfpload	L0,394,0,7

0000b2f4 <.LBB65088>:
    b2f4:	18006402          	sfpmul	L0,L0,L1,L9,0

0000b2f8 <.LBB65091>:
    b2f8:	c0438661          	sfpload	L1,408,0,7

0000b2fc <.LBB65097>:
    b2fc:	48000406          	sfpswap	L0,L1,1
    b300:	3c000002          	sfpnop

0000b304 <.LBB65099>:
    b304:	c0438631          	sfpload	L1,396,0,7

0000b308 <.LBB65106>:
    b308:	1006c042          	sfpmad	L1,L1,L11,L0,0
    b30c:	ec000401          	sfpsetcc	L1,0x000,0

0000b310 <.LBB65110>:
    b310:	f0002401          	sfpmov	L0,L9,0

0000b314 <.LBB65113>:
    b314:	2800c02a          	sfpencc	0x003,10

0000b318 <.LBB65116>:
    b318:	c08383e9          	sfpload	L2,250,0,7

0000b31c <.LBB65122>:
    b31c:	1800a442          	sfpmul	L1,L0,L2,L9,0

0000b320 <.LBB65125>:
    b320:	c10380e9          	sfpload	L4,58,0,7

0000b324 <.LBB65131>:
    b324:	c0c38639          	sfpload	L3,398,0,7

0000b328 <.LBB65137>:
    b328:	1004d0c2          	sfpmad	L3,L1,L3,L4,0

0000b32c <.LBB65140>:
    b32c:	c8c380e9          	sfpstore	L3,58,0,7

0000b330 <.LBB65146>:
    b330:	c10381e9          	sfpload	L4,122,0,7

0000b334 <.LBB65152>:
    b334:	c0c38641          	sfpload	L3,400,0,7

0000b338 <.LBB65158>:
    b338:	1004d0c2          	sfpmad	L3,L1,L3,L4,0

0000b33c <.LBB65161>:
    b33c:	c8c381e9          	sfpstore	L3,122,0,7

0000b340 <.LBB65167>:
    b340:	c10382e9          	sfpload	L4,186,0,7

0000b344 <.LBB65173>:
    b344:	c0c38649          	sfpload	L3,402,0,7

0000b348 <.LBB65179>:
    b348:	1004d042          	sfpmad	L1,L1,L3,L4,0

0000b34c <.LBB65182>:
    b34c:	c84382e9          	sfpstore	L1,186,0,7

0000b350 <.LBB65188>:
    b350:	142a800a          	sfpadd	L0,L10,L10,L0,2

0000b354 <.LBB65191>:
    b354:	18082402          	sfpmul	L0,L2,L0,L9,0

0000b358 <.LBB65194>:
    b358:	c80383e9          	sfpstore	L0,250,0,7

0000b35c <.LBE64974>:
    b35c:	00008067          	ret

0000b360 <void (anonymous namespace)::blend_pair_body<14ul, 3ul>()>:
    b360:	c0038601          	sfpload	L0,384,0,7

0000b364 <.LBB66962>:
    b364:	c1038609          	sfpload	L4,386,0,7

0000b368 <.LBB66968>:
    b368:	c08384e1          	sfpload	L2,312,0,7

0000b36c <.LBB66974>:
    b36c:	1428808a          	sfpadd	L2,L10,L2,L0,2

0000b370 <.LBB66977>:
    b370:	c04384e9          	sfpload	L1,314,0,7

0000b374 <.LBB66983>:
    b374:	1428404a          	sfpadd	L1,L10,L1,L0,2

0000b378 <.LBB66986>:
    b378:	c00385e1          	sfpload	L0,376,0,7

0000b37c <.LBB66992>:
    b37c:	1428100a          	sfpadd	L0,L10,L0,L4,2

0000b380 <.LBB66995>:
    b380:	c0c385e9          	sfpload	L3,378,0,7

0000b384 <.LBB67001>:
    b384:	1428d0ca          	sfpadd	L3,L10,L3,L4,2

0000b388 <.LBB67004>:
    b388:	c1438611          	sfpload	L5,388,0,7

0000b38c <.LBB67010>:
    b38c:	1808a582          	sfpmul	L6,L2,L2,L9,0

0000b390 <.LBB67013>:
    b390:	1815a582          	sfpmul	L6,L5,L6,L9,0

0000b394 <.LBB67016>:
    b394:	18046502          	sfpmul	L4,L1,L1,L9,0

0000b398 <.LBB67019>:
    b398:	18152542          	sfpmul	L5,L5,L4,L9,0

0000b39c <.LBB67022>:
    b39c:	c1038619          	sfpload	L4,390,0,7

0000b3a0 <.LBB67028>:
    b3a0:	18082482          	sfpmul	L2,L2,L0,L9,0

0000b3a4 <.LBB67031>:
    b3a4:	10109882          	sfpmad	L2,L4,L2,L6,0

0000b3a8 <.LBB67034>:
    b3a8:	1804e442          	sfpmul	L1,L1,L3,L9,0

0000b3ac <.LBB67037>:
    b3ac:	10105502          	sfpmad	L4,L4,L1,L5,0

0000b3b0 <.LBB67040>:
    b3b0:	c0438621          	sfpload	L1,392,0,7

0000b3b4 <.LBB67046>:
    b3b4:	18002402          	sfpmul	L0,L0,L0,L9,0

0000b3b8 <.LBB67049>:
    b3b8:	10040802          	sfpmad	L0,L1,L0,L2,0

0000b3bc <.LBB67052>:
    b3bc:	180ce4c2          	sfpmul	L3,L3,L3,L9,0

0000b3c0 <.LBB67055>:
    b3c0:	1004d042          	sfpmad	L1,L1,L3,L4,0

0000b3c4 <.LBB67058>:
    b3c4:	48002406          	sfpswap	L0,L9,1
    b3c8:	3c000002          	sfpnop

0000b3cc <.LBB67060>:
    b3cc:	48002446          	sfpswap	L1,L9,1
    b3d0:	3c000002          	sfpnop

0000b3d4 <.LBB67062>:
    b3d4:	18032402          	sfpmul	L0,L0,L12,L9,0

0000b3d8 <.LBB67067>:
    b3d8:	d50bf801          	sfpaddi	L0,17150,0
    b3dc:	3c000002          	sfpnop

0000b3e0 <.LBB67070>:
    b3e0:	48000246          	sfpswap	L9,L0,1
    b3e4:	3c000002          	sfpnop

0000b3e8 <.LBB67072>:
    b3e8:	dc000081          	sfpexexp	L2,L0,0

0000b3ec <.LBB67076>:
    b3ec:	e0000001          	sfpexman	L0,L0,0

0000b3f0 <.LBB67078>:
    b3f0:	e8000801          	sfpshft	L0,L2,0x000,0

0000b3f4 <.LBB67080>:
    b3f4:	dc000085          	sfpexexp	L2,L0,1

0000b3f8 <.LBB67082>:
    b3f8:	1000014c          	ttreplay	0,5,1,1
    b3fc:	e0000005          	sfpexman	L0,L0,1

0000b400 <.LBB67084>:
    b400:	40000002          	sfpcast	L0,L0,0

0000b404 <.LBB67086>:
    b404:	100378c2          	sfpmad	L3,L0,L13,L14,0

0000b408 <.LBB67089>:
    b408:	c1038659          	sfpload	L4,406,0,7

0000b40c <.LBB67095>:
    b40c:	1000d002          	sfpmad	L0,L0,L3,L4,0

0000b410 <.LBB67098>:
    b410:	08000082          	sfpsetexp	L2,L0,0x000,0

0000b414 <.LBB67100>:
    b414:	18072442          	sfpmul	L1,L1,L12,L9,0

0000b418 <.LBB67105>:
    b418:	d50bf841          	sfpaddi	L1,17150,0
    b41c:	3c000002          	sfpnop

0000b420 <.LBB67108>:
    b420:	48000646          	sfpswap	L9,L1,1
    b424:	3c000002          	sfpnop

0000b428 <.LBB67110>:
    b428:	dc0004c1          	sfpexexp	L3,L1,0

0000b42c <.LBB67114>:
    b42c:	e0000401          	sfpexman	L0,L1,0

0000b430 <.LBB67116>:
    b430:	e8000c01          	sfpshft	L0,L3,0x000,0

0000b434 <.LBB67118>:
    b434:	dc000045          	sfpexexp	L1,L0,1

0000b438 <.LBB67120>:
    b438:	10000140          	ttreplay	0,5,0,0

0000b43c <.LBB67123>:
    b43c:	08000042          	sfpsetexp	L1,L0,0x000,0

0000b440 <.LBB67125>:
    b440:	c0038629          	sfpload	L0,394,0,7

0000b444 <.LBB67131>:
    b444:	1800a482          	sfpmul	L2,L0,L2,L9,0

0000b448 <.LBB67134>:
    b448:	18006402          	sfpmul	L0,L0,L1,L9,0

0000b44c <.LBB67137>:
    b44c:	c0c38661          	sfpload	L3,408,0,7

0000b450 <.LBB67143>:
    b450:	c0438661          	sfpload	L1,408,0,7

0000b454 <.LBB67149>:
    b454:	48000c86          	sfpswap	L2,L3,1
    b458:	3c000002          	sfpnop

0000b45c <.LBB67151>:
    b45c:	48000406          	sfpswap	L0,L1,1
    b460:	3c000002          	sfpnop

0000b464 <.LBB67153>:
    b464:	c0438631          	sfpload	L1,396,0,7

0000b468 <.LBB67160>:
    b468:	1006c842          	sfpmad	L1,L1,L11,L2,0
    b46c:	ec000401          	sfpsetcc	L1,0x000,0

0000b470 <.LBB67164>:
    b470:	f0002481          	sfpmov	L2,L9,0

0000b474 <.LBB67167>:
    b474:	2800c02a          	sfpencc	0x003,10

0000b478 <.LBB67170>:
    b478:	c0438631          	sfpload	L1,396,0,7

0000b47c <.LBB67177>:
    b47c:	1006c042          	sfpmad	L1,L1,L11,L0,0
    b480:	ec000401          	sfpsetcc	L1,0x000,0

0000b484 <.LBB67181>:
    b484:	f0002401          	sfpmov	L0,L9,0

0000b488 <.LBB67184>:
    b488:	2800c02a          	sfpencc	0x003,10

0000b48c <.LBB67187>:
    b48c:	c14383e1          	sfpload	L5,248,0,7

0000b490 <.LBB67193>:
    b490:	c10383e9          	sfpload	L4,250,0,7

0000b494 <.LBB67199>:
    b494:	180964c2          	sfpmul	L3,L2,L5,L9,0

0000b498 <.LBB67202>:
    b498:	18012442          	sfpmul	L1,L0,L4,L9,0

0000b49c <.LBB67205>:
    b49c:	c1838639          	sfpload	L6,398,0,7

0000b4a0 <.LBB67211>:
    b4a0:	c1c380e1          	sfpload	L7,56,0,7

0000b4a4 <.LBB67217>:
    b4a4:	100d9dc2          	sfpmad	L7,L3,L6,L7,0

0000b4a8 <.LBB67220>:
    b4a8:	c9c380e1          	sfpstore	L7,56,0,7

0000b4ac <.LBB67226>:
    b4ac:	c1c380e9          	sfpload	L7,58,0,7

0000b4b0 <.LBB67232>:
    b4b0:	10059d82          	sfpmad	L6,L1,L6,L7,0

0000b4b4 <.LBB67235>:
    b4b4:	c98380e9          	sfpstore	L6,58,0,7

0000b4b8 <.LBB67241>:
    b4b8:	c1838641          	sfpload	L6,400,0,7

0000b4bc <.LBB67247>:
    b4bc:	c1c381e1          	sfpload	L7,120,0,7

0000b4c0 <.LBB67253>:
    b4c0:	100d9dc2          	sfpmad	L7,L3,L6,L7,0

0000b4c4 <.LBB67256>:
    b4c4:	c9c381e1          	sfpstore	L7,120,0,7

0000b4c8 <.LBB67262>:
    b4c8:	c1c381e9          	sfpload	L7,122,0,7

0000b4cc <.LBB67268>:
    b4cc:	10059d82          	sfpmad	L6,L1,L6,L7,0

0000b4d0 <.LBB67271>:
    b4d0:	c98381e9          	sfpstore	L6,122,0,7

0000b4d4 <.LBB67277>:
    b4d4:	c1838649          	sfpload	L6,402,0,7

0000b4d8 <.LBB67283>:
    b4d8:	c1c382e1          	sfpload	L7,184,0,7

0000b4dc <.LBB67289>:
    b4dc:	100d9cc2          	sfpmad	L3,L3,L6,L7,0

0000b4e0 <.LBB67292>:
    b4e0:	c8c382e1          	sfpstore	L3,184,0,7

0000b4e4 <.LBB67298>:
    b4e4:	c0c382e9          	sfpload	L3,186,0,7

0000b4e8 <.LBB67304>:
    b4e8:	10058c42          	sfpmad	L1,L1,L6,L3,0

0000b4ec <.LBB67307>:
    b4ec:	c84382e9          	sfpstore	L1,186,0,7

0000b4f0 <.LBB67313>:
    b4f0:	142a888a          	sfpadd	L2,L10,L10,L2,2

0000b4f4 <.LBB67316>:
    b4f4:	1814a542          	sfpmul	L5,L5,L2,L9,0

0000b4f8 <.LBB67319>:
    b4f8:	c94383e1          	sfpstore	L5,248,0,7

0000b4fc <.LBB67325>:
    b4fc:	142a800a          	sfpadd	L0,L10,L10,L0,2

0000b500 <.LBB67328>:
    b500:	18102402          	sfpmul	L0,L4,L0,L9,0

0000b504 <.LBB67331>:
    b504:	c80383e9          	sfpstore	L0,250,0,7

0000b508 <.LBE66954>:
    b508:	00008067          	ret

0000b50c <void (anonymous namespace)::blend_pair_body<15ul, 1ul>()>:
    b50c:	c08384f1          	sfpload	L2,316,0,7

0000b510 <.LBB68295>:
    b510:	c04385f1          	sfpload	L1,380,0,7

0000b514 <.LBB68301>:
    b514:	c1038611          	sfpload	L4,388,0,7

0000b518 <.LBB68307>:
    b518:	c0c38619          	sfpload	L3,390,0,7

0000b51c <.LBB68313>:
    b51c:	c0038621          	sfpload	L0,392,0,7

0000b520 <.LBB68319>:
    b520:	c1838601          	sfpload	L6,384,0,7

0000b524 <.LBB68325>:
    b524:	c1438609          	sfpload	L5,386,0,7

0000b528 <.LBB68331>:
    b528:	1428988a          	sfpadd	L2,L10,L2,L6,2

0000b52c <.LBB68334>:
    b52c:	1428544a          	sfpadd	L1,L10,L1,L5,2

0000b530 <.LBB68337>:
    b530:	1808a542          	sfpmul	L5,L2,L2,L9,0

0000b534 <.LBB68340>:
    b534:	18116502          	sfpmul	L4,L4,L5,L9,0

0000b538 <.LBB68343>:
    b538:	18086482          	sfpmul	L2,L2,L1,L9,0

0000b53c <.LBB68346>:
    b53c:	100c9082          	sfpmad	L2,L3,L2,L4,0

0000b540 <.LBB68349>:
    b540:	18046442          	sfpmul	L1,L1,L1,L9,0

0000b544 <.LBB68352>:
    b544:	10004802          	sfpmad	L0,L0,L1,L2,0
    b548:	3c000002          	sfpnop

0000b54c <.LBB68355>:
    b54c:	48002406          	sfpswap	L0,L9,1
    b550:	3c000002          	sfpnop

0000b554 <.LBB68357>:
    b554:	18032402          	sfpmul	L0,L0,L12,L9,0

0000b558 <.LBB68362>:
    b558:	d50bf801          	sfpaddi	L0,17150,0
    b55c:	3c000002          	sfpnop

0000b560 <.LBB68365>:
    b560:	48000246          	sfpswap	L9,L0,1
    b564:	3c000002          	sfpnop

0000b568 <.LBB68367>:
    b568:	dc000041          	sfpexexp	L1,L0,0

0000b56c <.LBB68371>:
    b56c:	e0000001          	sfpexman	L0,L0,0

0000b570 <.LBB68373>:
    b570:	e8000401          	sfpshft	L0,L1,0x000,0

0000b574 <.LBB68375>:
    b574:	dc000045          	sfpexexp	L1,L0,1

0000b578 <.LBB68377>:
    b578:	e0000005          	sfpexman	L0,L0,1

0000b57c <.LBB68379>:
    b57c:	40000002          	sfpcast	L0,L0,0

0000b580 <.LBB68381>:
    b580:	10037882          	sfpmad	L2,L0,L13,L14,0

0000b584 <.LBB68384>:
    b584:	c0c38659          	sfpload	L3,406,0,7

0000b588 <.LBB68390>:
    b588:	10008c02          	sfpmad	L0,L0,L2,L3,0

0000b58c <.LBB68393>:
    b58c:	08000042          	sfpsetexp	L1,L0,0x000,0

0000b590 <.LBB68395>:
    b590:	c0038629          	sfpload	L0,394,0,7

0000b594 <.LBB68401>:
    b594:	18006402          	sfpmul	L0,L0,L1,L9,0

0000b598 <.LBB68404>:
    b598:	c0438661          	sfpload	L1,408,0,7

0000b59c <.LBB68410>:
    b59c:	48000406          	sfpswap	L0,L1,1
    b5a0:	3c000002          	sfpnop

0000b5a4 <.LBB68412>:
    b5a4:	c0438631          	sfpload	L1,396,0,7

0000b5a8 <.LBB68419>:
    b5a8:	1006c042          	sfpmad	L1,L1,L11,L0,0
    b5ac:	ec000401          	sfpsetcc	L1,0x000,0

0000b5b0 <.LBB68423>:
    b5b0:	f0002401          	sfpmov	L0,L9,0

0000b5b4 <.LBB68426>:
    b5b4:	2800c02a          	sfpencc	0x003,10

0000b5b8 <.LBB68429>:
    b5b8:	c08383f1          	sfpload	L2,252,0,7

0000b5bc <.LBB68435>:
    b5bc:	1800a442          	sfpmul	L1,L0,L2,L9,0

0000b5c0 <.LBB68438>:
    b5c0:	c10380f1          	sfpload	L4,60,0,7

0000b5c4 <.LBB68444>:
    b5c4:	c0c38639          	sfpload	L3,398,0,7

0000b5c8 <.LBB68450>:
    b5c8:	1004d0c2          	sfpmad	L3,L1,L3,L4,0

0000b5cc <.LBB68453>:
    b5cc:	c8c380f1          	sfpstore	L3,60,0,7

0000b5d0 <.LBB68459>:
    b5d0:	c10381f1          	sfpload	L4,124,0,7

0000b5d4 <.LBB68465>:
    b5d4:	c0c38641          	sfpload	L3,400,0,7

0000b5d8 <.LBB68471>:
    b5d8:	1004d0c2          	sfpmad	L3,L1,L3,L4,0

0000b5dc <.LBB68474>:
    b5dc:	c8c381f1          	sfpstore	L3,124,0,7

0000b5e0 <.LBB68480>:
    b5e0:	c10382f1          	sfpload	L4,188,0,7

0000b5e4 <.LBB68486>:
    b5e4:	c0c38649          	sfpload	L3,402,0,7

0000b5e8 <.LBB68492>:
    b5e8:	1004d042          	sfpmad	L1,L1,L3,L4,0

0000b5ec <.LBB68495>:
    b5ec:	c84382f1          	sfpstore	L1,188,0,7

0000b5f0 <.LBB68501>:
    b5f0:	142a800a          	sfpadd	L0,L10,L10,L0,2

0000b5f4 <.LBB68504>:
    b5f4:	18082402          	sfpmul	L0,L2,L0,L9,0

0000b5f8 <.LBB68507>:
    b5f8:	c80383f1          	sfpstore	L0,252,0,7

0000b5fc <.LBE68287>:
    b5fc:	00008067          	ret

0000b600 <void (anonymous namespace)::blend_pair_body<15ul, 2ul>()>:
    b600:	c08384f9          	sfpload	L2,318,0,7

0000b604 <.LBB69471>:
    b604:	c04385f9          	sfpload	L1,382,0,7

0000b608 <.LBB69477>:
    b608:	c1038611          	sfpload	L4,388,0,7

0000b60c <.LBB69483>:
    b60c:	c0c38619          	sfpload	L3,390,0,7

0000b610 <.LBB69489>:
    b610:	c0038621          	sfpload	L0,392,0,7

0000b614 <.LBB69495>:
    b614:	c1838601          	sfpload	L6,384,0,7

0000b618 <.LBB69501>:
    b618:	c1438609          	sfpload	L5,386,0,7

0000b61c <.LBB69507>:
    b61c:	1428988a          	sfpadd	L2,L10,L2,L6,2

0000b620 <.LBB69510>:
    b620:	1428544a          	sfpadd	L1,L10,L1,L5,2

0000b624 <.LBB69513>:
    b624:	1808a542          	sfpmul	L5,L2,L2,L9,0

0000b628 <.LBB69516>:
    b628:	18116502          	sfpmul	L4,L4,L5,L9,0

0000b62c <.LBB69519>:
    b62c:	18086482          	sfpmul	L2,L2,L1,L9,0

0000b630 <.LBB69522>:
    b630:	100c9082          	sfpmad	L2,L3,L2,L4,0

0000b634 <.LBB69525>:
    b634:	18046442          	sfpmul	L1,L1,L1,L9,0

0000b638 <.LBB69528>:
    b638:	10004802          	sfpmad	L0,L0,L1,L2,0
    b63c:	3c000002          	sfpnop

0000b640 <.LBB69531>:
    b640:	48002406          	sfpswap	L0,L9,1
    b644:	3c000002          	sfpnop

0000b648 <.LBB69533>:
    b648:	18032402          	sfpmul	L0,L0,L12,L9,0

0000b64c <.LBB69538>:
    b64c:	d50bf801          	sfpaddi	L0,17150,0
    b650:	3c000002          	sfpnop

0000b654 <.LBB69541>:
    b654:	48000246          	sfpswap	L9,L0,1
    b658:	3c000002          	sfpnop

0000b65c <.LBB69543>:
    b65c:	dc000041          	sfpexexp	L1,L0,0

0000b660 <.LBB69547>:
    b660:	e0000001          	sfpexman	L0,L0,0

0000b664 <.LBB69549>:
    b664:	e8000401          	sfpshft	L0,L1,0x000,0

0000b668 <.LBB69551>:
    b668:	dc000045          	sfpexexp	L1,L0,1

0000b66c <.LBB69553>:
    b66c:	e0000005          	sfpexman	L0,L0,1

0000b670 <.LBB69555>:
    b670:	40000002          	sfpcast	L0,L0,0

0000b674 <.LBB69557>:
    b674:	10037882          	sfpmad	L2,L0,L13,L14,0

0000b678 <.LBB69560>:
    b678:	c0c38659          	sfpload	L3,406,0,7

0000b67c <.LBB69566>:
    b67c:	10008c02          	sfpmad	L0,L0,L2,L3,0

0000b680 <.LBB69569>:
    b680:	08000042          	sfpsetexp	L1,L0,0x000,0

0000b684 <.LBB69571>:
    b684:	c0038629          	sfpload	L0,394,0,7

0000b688 <.LBB69577>:
    b688:	18006402          	sfpmul	L0,L0,L1,L9,0

0000b68c <.LBB69580>:
    b68c:	c0438661          	sfpload	L1,408,0,7

0000b690 <.LBB69586>:
    b690:	48000406          	sfpswap	L0,L1,1
    b694:	3c000002          	sfpnop

0000b698 <.LBB69588>:
    b698:	c0438631          	sfpload	L1,396,0,7

0000b69c <.LBB69595>:
    b69c:	1006c042          	sfpmad	L1,L1,L11,L0,0
    b6a0:	ec000401          	sfpsetcc	L1,0x000,0

0000b6a4 <.LBB69599>:
    b6a4:	f0002401          	sfpmov	L0,L9,0

0000b6a8 <.LBB69602>:
    b6a8:	2800c02a          	sfpencc	0x003,10

0000b6ac <.LBB69605>:
    b6ac:	c08383f9          	sfpload	L2,254,0,7

0000b6b0 <.LBB69611>:
    b6b0:	1800a442          	sfpmul	L1,L0,L2,L9,0

0000b6b4 <.LBB69614>:
    b6b4:	c10380f9          	sfpload	L4,62,0,7

0000b6b8 <.LBB69620>:
    b6b8:	c0c38639          	sfpload	L3,398,0,7

0000b6bc <.LBB69626>:
    b6bc:	1004d0c2          	sfpmad	L3,L1,L3,L4,0

0000b6c0 <.LBB69629>:
    b6c0:	c8c380f9          	sfpstore	L3,62,0,7

0000b6c4 <.LBB69635>:
    b6c4:	c10381f9          	sfpload	L4,126,0,7

0000b6c8 <.LBB69641>:
    b6c8:	c0c38641          	sfpload	L3,400,0,7

0000b6cc <.LBB69647>:
    b6cc:	1004d0c2          	sfpmad	L3,L1,L3,L4,0

0000b6d0 <.LBB69650>:
    b6d0:	c8c381f9          	sfpstore	L3,126,0,7

0000b6d4 <.LBB69656>:
    b6d4:	c10382f9          	sfpload	L4,190,0,7

0000b6d8 <.LBB69662>:
    b6d8:	c0c38649          	sfpload	L3,402,0,7

0000b6dc <.LBB69668>:
    b6dc:	1004d042          	sfpmad	L1,L1,L3,L4,0

0000b6e0 <.LBB69671>:
    b6e0:	c84382f9          	sfpstore	L1,190,0,7

0000b6e4 <.LBB69677>:
    b6e4:	142a800a          	sfpadd	L0,L10,L10,L0,2

0000b6e8 <.LBB69680>:
    b6e8:	18082402          	sfpmul	L0,L2,L0,L9,0

0000b6ec <.LBB69683>:
    b6ec:	c80383f9          	sfpstore	L0,254,0,7

0000b6f0 <.LBE69463>:
    b6f0:	00008067          	ret

0000b6f4 <void (anonymous namespace)::blend_pair_body<15ul, 3ul>()>:
    b6f4:	c0038601          	sfpload	L0,384,0,7

0000b6f8 <.LBB71451>:
    b6f8:	c1038609          	sfpload	L4,386,0,7

0000b6fc <.LBB71457>:
    b6fc:	c08384f1          	sfpload	L2,316,0,7

0000b700 <.LBB71463>:
    b700:	1428808a          	sfpadd	L2,L10,L2,L0,2

0000b704 <.LBB71466>:
    b704:	c04384f9          	sfpload	L1,318,0,7

0000b708 <.LBB71472>:
    b708:	1428404a          	sfpadd	L1,L10,L1,L0,2

0000b70c <.LBB71475>:
    b70c:	c00385f1          	sfpload	L0,380,0,7

0000b710 <.LBB71481>:
    b710:	1428100a          	sfpadd	L0,L10,L0,L4,2

0000b714 <.LBB71484>:
    b714:	c0c385f9          	sfpload	L3,382,0,7

0000b718 <.LBB71490>:
    b718:	1428d0ca          	sfpadd	L3,L10,L3,L4,2

0000b71c <.LBB71493>:
    b71c:	c1438611          	sfpload	L5,388,0,7

0000b720 <.LBB71499>:
    b720:	1808a582          	sfpmul	L6,L2,L2,L9,0

0000b724 <.LBB71502>:
    b724:	1815a582          	sfpmul	L6,L5,L6,L9,0

0000b728 <.LBB71505>:
    b728:	18046502          	sfpmul	L4,L1,L1,L9,0

0000b72c <.LBB71508>:
    b72c:	18152542          	sfpmul	L5,L5,L4,L9,0

0000b730 <.LBB71511>:
    b730:	c1038619          	sfpload	L4,390,0,7

0000b734 <.LBB71517>:
    b734:	18082482          	sfpmul	L2,L2,L0,L9,0

0000b738 <.LBB71520>:
    b738:	10109882          	sfpmad	L2,L4,L2,L6,0

0000b73c <.LBB71523>:
    b73c:	1804e442          	sfpmul	L1,L1,L3,L9,0

0000b740 <.LBB71526>:
    b740:	10105502          	sfpmad	L4,L4,L1,L5,0

0000b744 <.LBB71529>:
    b744:	c0438621          	sfpload	L1,392,0,7

0000b748 <.LBB71535>:
    b748:	18002402          	sfpmul	L0,L0,L0,L9,0

0000b74c <.LBB71538>:
    b74c:	10040802          	sfpmad	L0,L1,L0,L2,0

0000b750 <.LBB71541>:
    b750:	180ce4c2          	sfpmul	L3,L3,L3,L9,0

0000b754 <.LBB71544>:
    b754:	1004d042          	sfpmad	L1,L1,L3,L4,0

0000b758 <.LBB71547>:
    b758:	48002406          	sfpswap	L0,L9,1
    b75c:	3c000002          	sfpnop

0000b760 <.LBB71549>:
    b760:	48002446          	sfpswap	L1,L9,1
    b764:	3c000002          	sfpnop

0000b768 <.LBB71551>:
    b768:	18032402          	sfpmul	L0,L0,L12,L9,0

0000b76c <.LBB71556>:
    b76c:	d50bf801          	sfpaddi	L0,17150,0
    b770:	3c000002          	sfpnop

0000b774 <.LBB71559>:
    b774:	48000246          	sfpswap	L9,L0,1
    b778:	3c000002          	sfpnop

0000b77c <.LBB71561>:
    b77c:	dc000081          	sfpexexp	L2,L0,0

0000b780 <.LBB71565>:
    b780:	e0000001          	sfpexman	L0,L0,0

0000b784 <.LBB71567>:
    b784:	e8000801          	sfpshft	L0,L2,0x000,0

0000b788 <.LBB71569>:
    b788:	dc000085          	sfpexexp	L2,L0,1

0000b78c <.LBB71571>:
    b78c:	1000014c          	ttreplay	0,5,1,1
    b790:	e0000005          	sfpexman	L0,L0,1

0000b794 <.LBB71573>:
    b794:	40000002          	sfpcast	L0,L0,0

0000b798 <.LBB71575>:
    b798:	100378c2          	sfpmad	L3,L0,L13,L14,0

0000b79c <.LBB71578>:
    b79c:	c1038659          	sfpload	L4,406,0,7

0000b7a0 <.LBB71584>:
    b7a0:	1000d002          	sfpmad	L0,L0,L3,L4,0

0000b7a4 <.LBB71587>:
    b7a4:	08000082          	sfpsetexp	L2,L0,0x000,0

0000b7a8 <.LBB71589>:
    b7a8:	18072442          	sfpmul	L1,L1,L12,L9,0

0000b7ac <.LBB71594>:
    b7ac:	d50bf841          	sfpaddi	L1,17150,0
    b7b0:	3c000002          	sfpnop

0000b7b4 <.LBB71597>:
    b7b4:	48000646          	sfpswap	L9,L1,1
    b7b8:	3c000002          	sfpnop

0000b7bc <.LBB71599>:
    b7bc:	dc0004c1          	sfpexexp	L3,L1,0

0000b7c0 <.LBB71603>:
    b7c0:	e0000401          	sfpexman	L0,L1,0

0000b7c4 <.LBB71605>:
    b7c4:	e8000c01          	sfpshft	L0,L3,0x000,0

0000b7c8 <.LBB71607>:
    b7c8:	dc000045          	sfpexexp	L1,L0,1

0000b7cc <.LBB71609>:
    b7cc:	10000140          	ttreplay	0,5,0,0

0000b7d0 <.LBB71612>:
    b7d0:	08000042          	sfpsetexp	L1,L0,0x000,0

0000b7d4 <.LBB71614>:
    b7d4:	c0038629          	sfpload	L0,394,0,7

0000b7d8 <.LBB71620>:
    b7d8:	1800a482          	sfpmul	L2,L0,L2,L9,0

0000b7dc <.LBB71623>:
    b7dc:	18006402          	sfpmul	L0,L0,L1,L9,0

0000b7e0 <.LBB71626>:
    b7e0:	c0c38661          	sfpload	L3,408,0,7

0000b7e4 <.LBB71632>:
    b7e4:	c0438661          	sfpload	L1,408,0,7

0000b7e8 <.LBB71638>:
    b7e8:	48000c86          	sfpswap	L2,L3,1
    b7ec:	3c000002          	sfpnop

0000b7f0 <.LBB71640>:
    b7f0:	48000406          	sfpswap	L0,L1,1
    b7f4:	3c000002          	sfpnop

0000b7f8 <.LBB71642>:
    b7f8:	c0438631          	sfpload	L1,396,0,7

0000b7fc <.LBB71649>:
    b7fc:	1006c842          	sfpmad	L1,L1,L11,L2,0
    b800:	ec000401          	sfpsetcc	L1,0x000,0

0000b804 <.LBB71653>:
    b804:	f0002481          	sfpmov	L2,L9,0

0000b808 <.LBB71656>:
    b808:	2800c02a          	sfpencc	0x003,10

0000b80c <.LBB71659>:
    b80c:	c0438631          	sfpload	L1,396,0,7

0000b810 <.LBB71666>:
    b810:	1006c042          	sfpmad	L1,L1,L11,L0,0
    b814:	ec000401          	sfpsetcc	L1,0x000,0

0000b818 <.LBB71670>:
    b818:	f0002401          	sfpmov	L0,L9,0

0000b81c <.LBB71673>:
    b81c:	2800c02a          	sfpencc	0x003,10

0000b820 <.LBB71676>:
    b820:	c14383f1          	sfpload	L5,252,0,7

0000b824 <.LBB71682>:
    b824:	c10383f9          	sfpload	L4,254,0,7

0000b828 <.LBB71688>:
    b828:	180964c2          	sfpmul	L3,L2,L5,L9,0

0000b82c <.LBB71691>:
    b82c:	18012442          	sfpmul	L1,L0,L4,L9,0

0000b830 <.LBB71694>:
    b830:	c1838639          	sfpload	L6,398,0,7

0000b834 <.LBB71700>:
    b834:	c1c380f1          	sfpload	L7,60,0,7

0000b838 <.LBB71706>:
    b838:	100d9dc2          	sfpmad	L7,L3,L6,L7,0

0000b83c <.LBB71709>:
    b83c:	c9c380f1          	sfpstore	L7,60,0,7

0000b840 <.LBB71715>:
    b840:	c1c380f9          	sfpload	L7,62,0,7

0000b844 <.LBB71721>:
    b844:	10059d82          	sfpmad	L6,L1,L6,L7,0

0000b848 <.LBB71724>:
    b848:	c98380f9          	sfpstore	L6,62,0,7

0000b84c <.LBB71730>:
    b84c:	c1838641          	sfpload	L6,400,0,7

0000b850 <.LBB71736>:
    b850:	c1c381f1          	sfpload	L7,124,0,7

0000b854 <.LBB71742>:
    b854:	100d9dc2          	sfpmad	L7,L3,L6,L7,0

0000b858 <.LBB71745>:
    b858:	c9c381f1          	sfpstore	L7,124,0,7

0000b85c <.LBB71751>:
    b85c:	c1c381f9          	sfpload	L7,126,0,7

0000b860 <.LBB71757>:
    b860:	10059d82          	sfpmad	L6,L1,L6,L7,0

0000b864 <.LBB71760>:
    b864:	c98381f9          	sfpstore	L6,126,0,7

0000b868 <.LBB71766>:
    b868:	c1838649          	sfpload	L6,402,0,7

0000b86c <.LBB71772>:
    b86c:	c1c382f1          	sfpload	L7,188,0,7

0000b870 <.LBB71778>:
    b870:	100d9cc2          	sfpmad	L3,L3,L6,L7,0

0000b874 <.LBB71781>:
    b874:	c8c382f1          	sfpstore	L3,188,0,7

0000b878 <.LBB71787>:
    b878:	c0c382f9          	sfpload	L3,190,0,7

0000b87c <.LBB71793>:
    b87c:	10058c42          	sfpmad	L1,L1,L6,L3,0

0000b880 <.LBB71796>:
    b880:	c84382f9          	sfpstore	L1,190,0,7

0000b884 <.LBB71802>:
    b884:	142a888a          	sfpadd	L2,L10,L10,L2,2

0000b888 <.LBB71805>:
    b888:	1814a542          	sfpmul	L5,L5,L2,L9,0

0000b88c <.LBB71808>:
    b88c:	c94383f1          	sfpstore	L5,252,0,7

0000b890 <.LBB71814>:
    b890:	142a800a          	sfpadd	L0,L10,L10,L0,2

0000b894 <.LBB71817>:
    b894:	18102402          	sfpmul	L0,L4,L0,L9,0

0000b898 <.LBB71820>:
    b898:	c80383f9          	sfpstore	L0,254,0,7

0000b89c <.LBE71443>:
    b89c:	00008067          	ret

0000b8a0 <memset>:
    b8a0:	00f00313          	li	t1,15
    b8a4:	00050713          	mv	a4,a0
    b8a8:	02c37e63          	bgeu	t1,a2,b8e4 <.Ltiny>
    b8ac:	00f77793          	andi	a5,a4,15
    b8b0:	0a079063          	bnez	a5,b950 <.Lmisaligned>

0000b8b4 <.Laligned>:
    b8b4:	08059263          	bnez	a1,b938 <.Lwordify>

0000b8b8 <.Lwordified>:
    b8b8:	ff067693          	andi	a3,a2,-16
    b8bc:	00f67613          	andi	a2,a2,15
    b8c0:	00e686b3          	add	a3,a3,a4

0000b8c4 <.L1^B1>:
    b8c4:	00b72023          	sw	a1,0(a4) # b2010000 <__device_print_strings_info_end+0xabb10000>
    b8c8:	00b72223          	sw	a1,4(a4)
    b8cc:	00b72423          	sw	a1,8(a4)
    b8d0:	00b72623          	sw	a1,12(a4)
    b8d4:	01070713          	addi	a4,a4,16
    b8d8:	fed766e3          	bltu	a4,a3,b8c4 <.L1^B1>
    b8dc:	00061463          	bnez	a2,b8e4 <.Ltiny>
    b8e0:	00008067          	ret

0000b8e4 <.Ltiny>:
    b8e4:	40c306b3          	sub	a3,t1,a2
    b8e8:	00269693          	slli	a3,a3,0x2

0000b8ec <.L1^B2>:
    b8ec:	00000297          	auipc	t0,0x0
    b8f0:	005686b3          	add	a3,a3,t0

0000b8f4 <.Ltable_misaligned>:
    b8f4:	00c68067          	jr	12(a3)

0000b8f8 <.Ltable>:
    b8f8:	00b70723          	sb	a1,14(a4)
    b8fc:	00b706a3          	sb	a1,13(a4)
    b900:	00b70623          	sb	a1,12(a4)
    b904:	00b705a3          	sb	a1,11(a4)
    b908:	00b70523          	sb	a1,10(a4)
    b90c:	00b704a3          	sb	a1,9(a4)
    b910:	00b70423          	sb	a1,8(a4)
    b914:	00b703a3          	sb	a1,7(a4)
    b918:	00b70323          	sb	a1,6(a4)
    b91c:	00b702a3          	sb	a1,5(a4)
    b920:	00b70223          	sb	a1,4(a4)
    b924:	00b701a3          	sb	a1,3(a4)
    b928:	00b70123          	sb	a1,2(a4)
    b92c:	00b700a3          	sb	a1,1(a4)
    b930:	00b70023          	sb	a1,0(a4)
    b934:	00008067          	ret

0000b938 <.Lwordify>:
    b938:	0ff5f593          	zext.b	a1,a1
    b93c:	00859693          	slli	a3,a1,0x8
    b940:	00d5e5b3          	or	a1,a1,a3
    b944:	01059693          	slli	a3,a1,0x10
    b948:	00d5e5b3          	or	a1,a1,a3
    b94c:	f6dff06f          	j	b8b8 <.Lwordified>

0000b950 <.Lmisaligned>:
    b950:	00279693          	slli	a3,a5,0x2

0000b954 <.L1^B3>:
    b954:	00000297          	auipc	t0,0x0
    b958:	005686b3          	add	a3,a3,t0
    b95c:	00008293          	mv	t0,ra
    b960:	fa0680e7          	jalr	-96(a3)
    b964:	00028093          	mv	ra,t0
    b968:	ff078793          	addi	a5,a5,-16
    b96c:	40f70733          	sub	a4,a4,a5
    b970:	00f60633          	add	a2,a2,a5
    b974:	f6c378e3          	bgeu	t1,a2,b8e4 <.Ltiny>
    b978:	f3dff06f          	j	b8b4 <.Laligned>
