view,core_x,core_y,jobs,mat_ms,start_ms,between_ms,between_max_ms,tail_ms,injob_idle_ms,band_ms
0,1,2,8,2.9179,0.7707,1.0472,0.6461,0.0080,0.0102,1.0709
0,1,3,8,2.7768,0.7814,0.5932,0.1922,0.0074,0.0136,1.3668
0,1,4,8,2.4646,0.7450,0.3958,0.1499,0.0088,0.0126,1.2891
0,1,5,12,2.4234,0.7204,0.3834,0.1640,0.0022,0.0128,1.2915
0,1,6,12,2.3601,0.7037,0.3259,0.1689,0.0018,0.0128,1.3029
0,1,7,13,2.3406,0.6760,0.3376,0.1976,0.0025,0.0128,1.2987
0,1,8,13,2.3531,0.6335,0.3799,0.2336,0.0031,0.0129,1.3107
0,1,9,13,2.3703,0.5974,0.4565,0.2439,0.0017,0.0128,1.2889
0,1,10,9,2.6798,0.5563,0.7742,0.3962,0.0087,0.0132,1.3135
0,1,11,8,2.3965,0.5529,0.4608,0.2655,0.0067,0.0130,1.3494
0,2,2,8,2.9239,0.7673,1.0662,0.6493,0.0080,0.0101,1.0616
0,2,3,9,2.6920,0.7776,0.5370,0.1379,0.0093,0.0132,1.3412
0,2,4,8,2.4878,0.7581,0.4209,0.1581,0.0154,0.0124,1.2677
0,2,5,11,2.4011,0.7188,0.3604,0.1602,0.0017,0.0127,1.2943
0,2,6,12,2.3669,0.7062,0.3276,0.1680,0.0043,0.0128,1.3030
0,2,7,11,2.3325,0.6714,0.3427,0.2007,0.0031,0.0125,1.2899
0,2,8,13,2.3560,0.6209,0.3973,0.2270,0.0025,0.0129,1.3094
0,2,9,13,2.3438,0.5769,0.4374,0.2398,0.0030,0.0128,1.3004
0,2,10,9,2.6498,0.5439,0.7552,0.3938,0.0054,0.0131,1.3184
0,2,11,8,2.4033,0.5473,0.4683,0.2618,0.0069,0.0130,1.3542
0,3,2,7,2.7966,0.7656,1.0061,0.5998,0.0063,0.0093,0.9994
0,3,3,8,2.6909,0.7845,0.5410,0.1389,0.0110,0.0130,1.3274
0,3,4,9,2.4701,0.7429,0.4177,0.1640,0.0103,0.0126,1.2734
0,3,5,11,2.4186,0.7134,0.3783,0.1697,0.0020,0.0128,1.2989
0,3,6,11,2.3374,0.6983,0.3125,0.1756,0.0018,0.0126,1.2991
0,3,7,11,2.3354,0.6469,0.3590,0.2082,0.0028,0.0128,1.3008
0,3,8,12,2.3380,0.6075,0.4105,0.2234,0.0029,0.0126,1.2917
0,3,9,13,2.3492,0.5683,0.4415,0.2468,0.0029,0.0130,1.3103
0,3,10,9,2.6604,0.5314,0.7757,0.3986,0.0074,0.0131,1.3188
0,3,11,8,2.3957,0.5277,0.4694,0.2632,0.0026,0.0130,1.3693
0,4,2,7,2.7923,0.7585,0.9299,0.5374,0.0080,0.0101,1.0750
0,4,3,8,2.6798,0.7779,0.5344,0.1439,0.0124,0.0131,1.3282
0,4,4,9,2.4643,0.7341,0.4293,0.1665,0.0088,0.0125,1.2663
0,4,5,11,2.4232,0.7039,0.3829,0.1698,0.0030,0.0127,1.3076
0,4,6,11,2.3480,0.6750,0.3416,0.1793,0.0016,0.0127,1.3041
0,4,7,12,2.3346,0.6239,0.3690,0.2093,0.0027,0.0129,1.3131
0,4,8,13,2.3546,0.5896,0.4319,0.2186,0.0030,0.0128,1.3041
0,4,9,13,2.3738,0.5517,0.4758,0.2449,0.0029,0.0130,1.3171
0,4,10,9,2.6493,0.5134,0.7701,0.3923,0.0057,0.0131,1.3331
0,4,11,8,2.3828,0.5222,0.4699,0.2660,0.0066,0.0130,1.3573
0,5,2,7,2.7920,0.7511,0.9432,0.5411,0.0080,0.0101,1.0689
0,5,3,8,2.6809,0.7543,0.5692,0.1560,0.0095,0.0130,1.3212
0,5,4,9,2.4643,0.7015,0.4602,0.1672,0.0119,0.0126,1.2651
0,5,5,11,2.4004,0.6696,0.3868,0.1758,0.0028,0.0127,1.3154
0,5,6,11,2.4117,0.6484,0.4306,0.1849,0.0034,0.0128,1.3033
0,5,7,12,2.3596,0.6030,0.4064,0.2071,0.0029,0.0128,1.3214
0,5,8,12,2.3809,0.5732,0.4788,0.2232,0.0034,0.0128,1.2996
0,5,9,13,2.3816,0.5347,0.5104,0.2428,0.0039,0.0129,1.3066
0,5,10,8,2.4599,0.5117,0.5101,0.2676,0.0109,0.0130,1.4002
0,5,11,8,2.3962,0.5044,0.5039,0.2938,0.0068,0.0130,1.3542
0,6,2,7,2.6848,0.7207,0.8486,0.4188,0.0164,0.0101,1.0781
0,6,3,8,2.6597,0.7344,0.5673,0.1489,0.0066,0.0130,1.3248
0,6,4,9,2.4562,0.6811,0.4793,0.1738,0.0069,0.0125,1.2633
0,6,5,10,2.4028,0.6427,0.4408,0.1935,0.0028,0.0126,1.2907
0,6,6,11,2.4352,0.6205,0.4823,0.1984,0.0056,0.0127,1.3010
0,6,7,12,2.3874,0.5921,0.4446,0.2231,0.0029,0.0129,1.3219
0,6,8,12,2.3970,0.5607,0.5006,0.2244,0.0031,0.0127,1.3068
0,6,9,13,2.4256,0.5302,0.5662,0.2476,0.0028,0.0129,1.3005
0,6,10,8,2.4964,0.5019,0.5617,0.2695,0.0119,0.0131,1.3939
0,6,11,8,2.4221,0.4991,0.4816,0.2932,0.0070,0.0130,1.4074
0,7,2,7,2.6838,0.7160,0.8594,0.4320,0.0160,0.0102,1.0714
0,7,3,8,2.6545,0.7057,0.5990,0.1606,0.0065,0.0129,1.3166
0,7,4,10,2.5170,0.6569,0.5607,0.1813,0.0029,0.0126,1.2709
0,7,5,11,2.4236,0.6302,0.4609,0.1942,0.0029,0.0127,1.3038
0,7,6,11,2.4634,0.6112,0.5096,0.2092,0.0059,0.0127,1.3107
0,7,7,11,2.4877,0.5823,0.5849,0.2290,0.0060,0.0128,1.2885
0,7,8,13,2.4465,0.5651,0.5384,0.2355,0.0079,0.0128,1.3093
0,7,9,13,2.4636,0.5309,0.6032,0.2593,0.0040,0.0129,1.2994
0,7,10,8,2.5167,0.5058,0.5924,0.2849,0.0083,0.0130,1.3832
0,7,11,8,2.4483,0.4830,0.5139,0.2880,0.0161,0.0129,1.4086
0,11,2,7,2.4978,0.7173,0.8172,0.3839,0.0111,0.0086,0.9345
0,11,3,8,2.6574,0.6896,0.6080,0.1599,0.0065,0.0129,1.3266
0,11,4,10,2.5016,0.6444,0.5607,0.1852,0.0033,0.0124,1.2679
0,11,5,10,2.4257,0.6242,0.4829,0.1987,0.0032,0.0125,1.2898
0,11,6,11,2.4467,0.6089,0.5038,0.2200,0.0067,0.0127,1.3017
0,11,7,11,2.4949,0.5817,0.5930,0.2266,0.0066,0.0127,1.2877
0,11,8,13,2.4471,0.5486,0.5698,0.2467,0.0026,0.0128,1.3002
0,11,9,13,2.4628,0.5206,0.6157,0.2795,0.0041,0.0129,1.2962
0,11,10,8,2.5346,0.5030,0.6212,0.2881,0.0122,0.0130,1.3712
0,11,11,8,2.4978,0.4864,0.5574,0.2853,0.0190,0.0131,1.4081
0,13,2,7,2.2504,0.7070,0.6653,0.1919,0.0039,0.0079,0.8583
0,13,3,8,2.6567,0.6766,0.6296,0.1672,0.0058,0.0129,1.3182
0,13,4,11,2.5184,0.6396,0.5672,0.1896,0.0023,0.0127,1.2834
0,13,5,12,2.4800,0.6281,0.5025,0.2074,0.0031,0.0129,1.3203
0,13,6,12,2.5194,0.6089,0.5715,0.2233,0.0024,0.0128,1.3107
0,13,7,11,2.5159,0.5855,0.6066,0.2345,0.0040,0.0127,1.2938
0,13,8,14,2.5135,0.5501,0.6242,0.2590,0.0027,0.0130,1.3103
0,13,9,13,2.4875,0.5267,0.6400,0.2790,0.0046,0.0129,1.2902
0,13,10,8,2.5640,0.5054,0.6495,0.2937,0.0071,0.0130,1.3755
0,13,11,9,2.5174,0.4826,0.5818,0.2915,0.0073,0.0131,1.4189
0,14,2,8,2.9591,0.7255,0.8034,0.2084,0.0079,0.0138,1.3938
0,14,3,8,2.6403,0.6825,0.6228,0.1644,0.0050,0.0128,1.3036
0,14,4,11,2.5426,0.6488,0.5834,0.1911,0.0025,0.0128,1.2822
0,14,5,11,2.4774,0.6299,0.5036,0.2065,0.0060,0.0126,1.3121
0,14,6,12,2.5198,0.6042,0.5705,0.2246,0.0024,0.0128,1.3167
0,14,7,11,2.5166,0.5790,0.6355,0.2507,0.0041,0.0126,1.2725
0,14,8,14,2.5077,0.5513,0.6236,0.2681,0.0044,0.0129,1.3024
0,14,9,12,2.4940,0.5247,0.6699,0.2873,0.0078,0.0127,1.2658
0,14,10,8,2.5588,0.5040,0.6522,0.2993,0.0055,0.0130,1.3702
0,14,11,8,2.5445,0.4882,0.6122,0.3003,0.0063,0.0130,1.4111
0,15,2,8,2.9652,0.7295,0.8024,0.2092,0.0078,0.0139,1.3968
0,15,3,8,2.6296,0.6778,0.6110,0.1648,0.0056,0.0128,1.3087
0,15,4,11,2.5372,0.6475,0.5877,0.1982,0.0029,0.0127,1.2734
0,15,5,11,2.4870,0.6271,0.5123,0.2083,0.0072,0.0127,1.3145
0,15,6,12,2.5125,0.6024,0.5710,0.2290,0.0018,0.0128,1.3114
0,15,7,13,2.5459,0.5749,0.6429,0.2447,0.0016,0.0129,1.3004
0,15,8,14,2.5145,0.5462,0.6359,0.2714,0.0029,0.0131,1.3032
0,15,9,9,2.7687,0.5260,0.9102,0.3931,0.0051,0.0131,1.3005
0,15,10,8,2.5560,0.4971,0.6492,0.2952,0.0069,0.0130,1.3761
0,15,11,9,2.5582,0.4849,0.6280,0.3090,0.0066,0.0131,1.4118
1,1,2,7,2.5145,0.7679,0.9073,0.7502,0.0080,0.0082,0.8146
1,1,3,8,2.4422,0.7672,0.5746,0.2406,0.0067,0.0111,1.0708
1,1,4,8,2.1456,0.7101,0.4104,0.1226,0.0043,0.0102,0.9999
1,1,5,8,1.9405,0.6967,0.2926,0.0759,0.0063,0.0095,0.9255
1,1,6,9,1.7717,0.6366,0.2144,0.0657,0.0040,0.0091,0.8982
1,1,7,9,1.6854,0.5866,0.2182,0.0691,0.0028,0.0088,0.8604
1,1,8,11,1.6628,0.5292,0.2461,0.0903,0.0024,0.0089,0.8674
1,1,9,11,1.6273,0.5013,0.2173,0.1111,0.0022,0.0089,0.8887
1,1,10,11,1.5377,0.4585,0.1590,0.1482,0.0025,0.0089,0.9000
1,1,11,13,1.5237,0.4253,0.0989,0.0697,0.0017,0.0091,0.9798
1,2,2,7,2.5203,0.7626,0.9269,0.7525,0.0080,0.0082,0.8058
1,2,3,8,2.3730,0.7712,0.5254,0.2018,0.0057,0.0109,1.0484
1,2,4,8,2.1755,0.7179,0.4294,0.1320,0.0056,0.0102,1.0017
1,2,5,8,1.9509,0.6944,0.3053,0.0757,0.0076,0.0095,0.9240
1,2,6,9,1.7840,0.6275,0.2321,0.0623,0.0035,0.0091,0.9026
1,2,7,9,1.6786,0.5715,0.2218,0.0738,0.0027,0.0088,0.8651
1,2,8,10,1.6713,0.5134,0.2816,0.0912,0.0018,0.0088,0.8571
1,2,9,11,1.6173,0.4762,0.2328,0.1118,0.0020,0.0089,0.8883
1,2,10,12,1.5639,0.4539,0.1740,0.1488,0.0016,0.0091,0.9163
1,2,11,13,1.5585,0.4221,0.1380,0.0773,0.0018,0.0091,0.9786
1,3,2,7,2.5204,0.7531,0.9353,0.7746,0.0080,0.0083,0.8069
1,3,3,8,2.3621,0.7743,0.5157,0.2004,0.0053,0.0108,1.0446
1,3,4,8,2.1724,0.7233,0.4294,0.1267,0.0043,0.0102,0.9945
1,3,5,8,1.9413,0.6774,0.3189,0.0747,0.0042,0.0094,0.9214
1,3,6,8,1.7580,0.6285,0.2268,0.0671,0.0033,0.0089,0.8812
1,3,7,9,1.6780,0.5496,0.2339,0.0772,0.0022,0.0089,0.8748
1,3,8,10,1.6705,0.5044,0.2702,0.0961,0.0022,0.0089,0.8761
1,3,9,12,1.6279,0.4713,0.2320,0.1167,0.0015,0.0090,0.9051
1,3,10,13,1.5775,0.4375,0.1922,0.1556,0.0017,0.0092,0.9279
1,3,11,12,1.5215,0.4194,0.1101,0.0672,0.0019,0.0090,0.9721
1,4,2,6,2.5223,0.7448,0.9717,0.8140,0.0084,0.0081,0.7806
1,4,3,8,2.3715,0.7842,0.5129,0.2047,0.0061,0.0107,1.0461
1,4,4,8,2.1715,0.7108,0.4365,0.1393,0.0038,0.0102,0.9995
1,4,5,8,1.9200,0.6630,0.3067,0.0685,0.0046,0.0094,0.9264
1,4,6,9,1.7666,0.6059,0.2425,0.0678,0.0044,0.0090,0.8958
1,4,7,9,1.6750,0.5269,0.2415,0.0806,0.0033,0.0088,0.8855
1,4,8,11,1.6775,0.4801,0.2682,0.1001,0.0024,0.0090,0.9087
1,4,9,12,1.6336,0.4390,0.2410,0.1235,0.0016,0.0092,0.9335
1,4,10,14,1.5463,0.4306,0.1197,0.0371,0.0018,0.0093,0.9757
1,4,11,12,1.5149,0.4121,0.1086,0.0718,0.0017,0.0091,0.9744
1,5,2,7,2.0720,0.7408,0.7192,0.5487,0.0045,0.0059,0.5955
1,5,3,8,2.3287,0.7447,0.5165,0.2069,0.0061,0.0107,1.0391
1,5,4,8,2.1195,0.6921,0.4143,0.1349,0.0051,0.0100,0.9875
1,5,5,8,1.9087,0.6282,0.3314,0.0726,0.0054,0.0093,0.9246
1,5,6,9,1.7731,0.5840,0.2741,0.0668,0.0030,0.0090,0.8937
1,5,7,8,1.6770,0.5083,0.2777,0.0881,0.0022,0.0086,0.8712
1,5,8,10,1.6817,0.4676,0.2853,0.1126,0.0022,0.0089,0.9088
1,5,9,12,1.6412,0.4410,0.2616,0.1359,0.0032,0.0091,0.9174
1,5,10,14,1.5426,0.4252,0.1363,0.0495,0.0026,0.0091,0.9604
1,5,11,14,1.5221,0.3925,0.1135,0.0712,0.0033,0.0093,0.9944
1,6,2,7,2.0576,0.7117,0.7292,0.5811,0.0037,0.0060,0.6010
1,6,3,8,2.3294,0.7204,0.5384,0.2278,0.0061,0.0107,1.0424
1,6,4,8,2.1471,0.6707,0.4625,0.1513,0.0047,0.0100,0.9886
1,6,5,8,1.9083,0.6078,0.3374,0.0911,0.0078,0.0093,0.9362
1,6,6,9,1.7789,0.5474,0.3029,0.0655,0.0049,0.0090,0.9052
1,6,7,10,1.7174,0.4931,0.3016,0.0936,0.0025,0.0089,0.9020
1,6,8,11,1.7064,0.4640,0.3101,0.1192,0.0024,0.0090,0.9118
1,6,9,11,1.6409,0.4354,0.2721,0.1406,0.0017,0.0090,0.9137
1,6,10,13,1.5572,0.4256,0.1755,0.0583,0.0025,0.0091,0.9356
1,6,11,14,1.5295,0.3820,0.1546,0.0811,0.0024,0.0092,0.9722
1,7,2,8,2.6946,0.7528,0.7631,0.4273,0.0074,0.0117,1.1472
1,7,3,8,2.3141,0.6965,0.5442,0.2360,0.0046,0.0106,1.0467
1,7,4,8,2.0621,0.6524,0.4099,0.1443,0.0046,0.0098,0.9749
1,7,5,8,1.9248,0.5915,0.3770,0.1181,0.0029,0.0093,0.9342
1,7,6,9,1.7928,0.5319,0.3356,0.0695,0.0057,0.0090,0.9012
1,7,7,11,1.7342,0.4954,0.3234,0.0945,0.0025,0.0089,0.8948
1,7,8,11,1.7139,0.4656,0.3181,0.1239,0.0028,0.0089,0.9094
1,7,9,12,1.6653,0.4386,0.2928,0.1456,0.0028,0.0090,0.9131
1,7,10,13,1.5743,0.4243,0.1800,0.0523,0.0018,0.0092,0.9500
1,7,11,14,1.5305,0.3822,0.1587,0.0924,0.0030,0.0092,0.9684
1,11,2,7,2.6709,0.7357,0.7773,0.4313,0.0066,0.0115,1.1271
1,11,3,8,2.3120,0.6880,0.5512,0.2450,0.0058,0.0106,1.0450
1,11,4,8,2.0703,0.6367,0.4396,0.1591,0.0038,0.0098,0.9702
1,11,5,9,1.9222,0.5869,0.3715,0.1059,0.0038,0.0094,0.9408
1,11,6,9,1.8040,0.5310,0.3517,0.0753,0.0038,0.0089,0.8992
1,11,7,10,1.7373,0.4882,0.3462,0.1026,0.0026,0.0088,0.8824
1,11,8,10,1.7119,0.4616,0.3315,0.1246,0.0025,0.0089,0.8986
1,11,9,12,1.6848,0.4381,0.3018,0.1536,0.0021,0.0091,0.9246
1,11,10,14,1.5843,0.4207,0.1921,0.0568,0.0030,0.0092,0.9503
1,11,11,14,1.5449,0.3767,0.1858,0.1083,0.0029,0.0092,0.9612
1,13,2,8,2.6902,0.7154,0.8060,0.4417,0.0063,0.0116,1.1384
1,13,3,8,2.2700,0.6695,0.5401,0.2432,0.0043,0.0104,1.0345
1,13,4,8,2.0606,0.6320,0.4415,0.1612,0.0034,0.0097,0.9637
1,13,5,9,1.9375,0.5787,0.3887,0.1141,0.0074,0.0094,0.9435
1,13,6,9,1.8192,0.5236,0.3719,0.0869,0.0033,0.0089,0.9023
1,13,7,11,1.7570,0.4928,0.3500,0.1026,0.0027,0.0089,0.8934
1,13,8,11,1.7224,0.4597,0.3455,0.1308,0.0034,0.0089,0.8960
1,13,9,12,1.7064,0.4404,0.3195,0.1606,0.0023,0.0091,0.9261
1,13,10,14,1.6095,0.4191,0.2041,0.0510,0.0023,0.0095,0.9653
1,13,11,14,1.5582,0.3681,0.2076,0.1044,0.0029,0.0092,0.9613
1,14,2,8,2.6335,0.7064,0.7732,0.4136,0.0066,0.0114,1.1237
1,14,3,8,2.2577,0.6589,0.5403,0.2450,0.0041,0.0104,1.0328
1,14,4,8,2.0289,0.6247,0.4288,0.1539,0.0046,0.0095,0.9513
1,14,5,9,1.9220,0.5614,0.3930,0.1201,0.0048,0.0093,0.9437
1,14,6,9,1.8083,0.5241,0.3633,0.0818,0.0024,0.0089,0.9005
1,14,7,11,1.7643,0.4885,0.3598,0.1060,0.0030,0.0090,0.8948
1,14,8,10,1.7195,0.4581,0.3463,0.1325,0.0019,0.0089,0.8953
1,14,9,12,1.7103,0.4355,0.3258,0.1599,0.0024,0.0091,0.9284
1,14,10,13,1.5847,0.4170,0.2028,0.0550,0.0019,0.0091,0.9448
1,14,11,14,1.5796,0.3677,0.2298,0.1083,0.0032,0.0093,0.9605
1,15,2,8,2.5546,0.6869,0.7312,0.3963,0.0059,0.0113,1.1071
1,15,3,8,2.2443,0.6476,0.5391,0.2471,0.0046,0.0103,1.0316
1,15,4,8,2.0324,0.6176,0.4326,0.1650,0.0046,0.0095,0.9579
1,15,5,8,1.8757,0.5609,0.3753,0.1150,0.0036,0.0090,0.9174
1,15,6,9,1.7790,0.5214,0.3436,0.0786,0.0049,0.0087,0.8913
1,15,7,12,1.7807,0.4860,0.3716,0.1060,0.0032,0.0090,0.9016
1,15,8,11,1.7217,0.4562,0.3372,0.1310,0.0021,0.0090,0.9081
1,15,9,11,1.6915,0.4302,0.3333,0.1681,0.0024,0.0090,0.9074
1,15,10,14,1.6181,0.4078,0.2311,0.0596,0.0023,0.0093,0.9583
1,15,11,13,1.5899,0.3687,0.2517,0.1055,0.0019,0.0092,0.9493
2,1,2,7,2.5125,0.7640,0.8618,0.6741,0.0080,0.0085,0.8611
2,1,3,7,2.5589,0.7707,0.6281,0.2715,0.0065,0.0115,1.1295
2,1,4,8,2.2055,0.7307,0.4111,0.1205,0.0046,0.0106,1.0373
2,1,5,8,2.0016,0.6959,0.3010,0.0826,0.0083,0.0100,0.9759
2,1,6,9,1.8681,0.6272,0.2654,0.0773,0.0027,0.0096,0.9532
2,1,7,9,1.7588,0.5808,0.2398,0.0899,0.0027,0.0092,0.9172
2,1,8,12,1.7465,0.5268,0.2648,0.1066,0.0059,0.0096,0.9298
2,1,9,11,1.6863,0.4999,0.2280,0.1270,0.0027,0.0094,0.9368
2,1,10,11,1.6394,0.4677,0.2038,0.1613,0.0026,0.0094,0.9466
2,1,11,14,1.6358,0.4316,0.1272,0.0823,0.0024,0.0098,1.0550
2,2,2,7,2.5186,0.7604,0.8778,0.6776,0.0081,0.0085,0.8549
2,2,3,7,2.5572,0.7797,0.6229,0.2659,0.0065,0.0115,1.1239
2,2,4,8,2.2151,0.7364,0.4134,0.1164,0.0070,0.0105,1.0367
2,2,5,8,2.0212,0.7025,0.3192,0.0855,0.0047,0.0099,0.9742
2,2,6,9,1.8859,0.6254,0.2789,0.0773,0.0064,0.0096,0.9560
2,2,7,10,1.7544,0.5696,0.2400,0.0900,0.0027,0.0093,0.9236
2,2,8,12,1.7540,0.5174,0.2824,0.1087,0.0027,0.0095,0.9325
2,2,9,11,1.6893,0.4836,0.2159,0.1256,0.0025,0.0095,0.9681
2,2,10,11,1.6124,0.4567,0.1885,0.1633,0.0029,0.0093,0.9457
2,2,11,14,1.6310,0.4315,0.1286,0.0777,0.0031,0.0098,1.0483
2,3,2,6,2.4961,0.7490,0.8727,0.7211,0.0080,0.0083,0.8494
2,3,3,8,2.4689,0.7810,0.5543,0.1991,0.0055,0.0113,1.1045
2,3,4,8,2.2147,0.7420,0.4097,0.1143,0.0071,0.0105,1.0344
2,3,5,8,1.9877,0.6916,0.2977,0.0777,0.0043,0.0099,0.9736
2,3,6,9,1.8628,0.5980,0.2888,0.0817,0.0048,0.0095,0.9521
2,3,7,10,1.7490,0.5553,0.2464,0.0954,0.0028,0.0092,0.9261
2,3,8,12,1.7659,0.5022,0.2972,0.1102,0.0027,0.0096,0.9446
2,3,9,10,1.6957,0.4732,0.2613,0.1315,0.0029,0.0092,0.9395
2,3,10,13,1.6564,0.4447,0.2216,0.1630,0.0019,0.0096,0.9692
2,3,11,13,1.6239,0.4291,0.1322,0.0832,0.0016,0.0097,1.0419
2,4,2,6,2.5135,0.7448,0.8963,0.7444,0.0080,0.0083,0.8473
2,4,3,8,2.4589,0.7676,0.5639,0.2077,0.0057,0.0112,1.0987
2,4,4,8,2.2024,0.7307,0.4134,0.1131,0.0049,0.0104,1.0319
2,4,5,8,1.9817,0.6704,0.3166,0.0761,0.0043,0.0098,0.9703
2,4,6,9,1.8455,0.5838,0.2898,0.0834,0.0058,0.0095,0.9473
2,4,7,9,1.7539,0.5405,0.2728,0.1006,0.0029,0.0091,0.9194
2,4,8,11,1.7202,0.4784,0.2788,0.1203,0.0030,0.0094,0.9411
2,4,9,11,1.6762,0.4506,0.2336,0.1407,0.0029,0.0094,0.9704
2,4,10,13,1.6656,0.4272,0.2397,0.1605,0.0022,0.0096,0.9774
2,4,11,13,1.5858,0.4062,0.1075,0.0832,0.0028,0.0097,1.0500
2,5,2,7,2.3464,0.7163,0.7137,0.5335,0.0081,0.0085,0.8909
2,5,3,8,2.4500,0.7315,0.5822,0.2393,0.0058,0.0112,1.1075
2,5,4,8,2.1954,0.7009,0.4330,0.1126,0.0056,0.0104,1.0345
2,5,5,8,2.0042,0.6226,0.3708,0.0891,0.0061,0.0097,0.9845
2,5,6,9,1.8221,0.5671,0.2899,0.0830,0.0075,0.0093,0.9389
2,5,7,11,1.7889,0.5215,0.2955,0.1064,0.0028,0.0094,0.9501
2,5,8,11,1.7633,0.4676,0.3254,0.1272,0.0027,0.0094,0.9489
2,5,9,11,1.6949,0.4444,0.2544,0.1501,0.0030,0.0094,0.9743
2,5,10,12,1.6845,0.4256,0.2553,0.1631,0.0016,0.0095,0.9828
2,5,11,14,1.6066,0.4065,0.1294,0.0845,0.0022,0.0098,1.0491
2,6,2,7,2.3473,0.7064,0.7274,0.5419,0.0080,0.0085,0.8879
2,6,3,8,2.4172,0.7152,0.5765,0.2343,0.0055,0.0110,1.0973
2,6,4,8,2.1484,0.6797,0.4237,0.1144,0.0049,0.0102,1.0191
2,6,5,9,1.9855,0.5804,0.3919,0.0837,0.0043,0.0098,0.9888
2,6,6,9,1.8254,0.5449,0.3278,0.0881,0.0050,0.0092,0.9288
2,6,7,11,1.8198,0.5049,0.3330,0.1144,0.0128,0.0094,0.9503
2,6,8,12,1.8203,0.4692,0.3380,0.1270,0.0144,0.0097,0.9795
2,6,9,12,1.7396,0.4370,0.2927,0.1564,0.0026,0.0097,0.9881
2,6,10,12,1.7032,0.4300,0.2679,0.1621,0.0026,0.0096,0.9838
2,6,11,14,1.5987,0.3942,0.1594,0.0915,0.0016,0.0096,1.0243
2,7,2,6,2.0532,0.6869,0.7310,0.5591,0.0033,0.0060,0.6200
2,7,3,8,2.4319,0.6892,0.5999,0.2536,0.0052,0.0111,1.1144
2,7,4,8,2.1564,0.6608,0.4521,0.1378,0.0044,0.0102,1.0181
2,7,5,9,1.9512,0.5684,0.3791,0.0772,0.0039,0.0097,0.9799
2,7,6,9,1.8452,0.5312,0.3511,0.0932,0.0114,0.0092,0.9326
2,7,7,10,1.8212,0.5020,0.3545,0.1143,0.0034,0.0093,0.9424
2,7,8,11,1.7976,0.4620,0.3573,0.1355,0.0025,0.0094,0.9572
2,7,9,12,1.7619,0.4427,0.3224,0.1720,0.0030,0.0095,0.9746
2,7,10,12,1.7299,0.4298,0.2901,0.1738,0.0018,0.0096,0.9892
2,7,11,14,1.6287,0.3932,0.1964,0.1051,0.0026,0.0097,1.0174
2,11,2,6,2.0174,0.6910,0.6997,0.5222,0.0057,0.0058,0.6092
2,11,3,8,2.4286,0.6757,0.6161,0.2665,0.0057,0.0110,1.1084
2,11,4,8,2.1792,0.6508,0.4723,0.1567,0.0044,0.0102,1.0306
2,11,5,9,1.9660,0.5675,0.3935,0.0772,0.0039,0.0097,0.9813
2,11,6,8,1.8465,0.5289,0.3678,0.0967,0.0036,0.0091,0.9273
2,11,7,10,1.8194,0.4965,0.3781,0.1190,0.0032,0.0092,0.9230
2,11,8,10,1.7799,0.4637,0.3532,0.1422,0.0029,0.0092,0.9416
2,11,9,12,1.7642,0.4399,0.3222,0.1729,0.0032,0.0096,0.9797
2,11,10,14,1.6781,0.4348,0.2174,0.0646,0.0019,0.0098,1.0046
2,11,11,14,1.6373,0.3859,0.2159,0.1213,0.0024,0.0098,1.0136
2,13,2,6,1.6960,0.6951,0.4169,0.2386,0.0018,0.0048,0.5725
2,13,3,8,2.4429,0.6626,0.6389,0.2912,0.0066,0.0110,1.1121
2,13,4,8,2.1827,0.6369,0.4827,0.1706,0.0042,0.0102,1.0380
2,13,5,9,1.9769,0.5694,0.4065,0.0813,0.0042,0.0096,0.9769
2,13,6,8,1.8680,0.5273,0.3915,0.1033,0.0024,0.0091,0.9280
2,13,7,12,1.8569,0.4905,0.4132,0.1267,0.0049,0.0094,0.9292
2,13,8,11,1.8037,0.4644,0.3652,0.1448,0.0019,0.0094,0.9535
2,13,9,11,1.7863,0.4468,0.3536,0.1736,0.0021,0.0094,0.9649
2,13,10,14,1.6928,0.4304,0.2268,0.0562,0.0025,0.0098,1.0137
2,13,11,14,1.6445,0.3900,0.2156,0.1236,0.0024,0.0099,1.0170
2,14,2,7,2.7130,0.6992,0.8251,0.4536,0.0066,0.0118,1.1574
2,14,3,8,2.4319,0.6569,0.6464,0.2911,0.0048,0.0110,1.1012
2,14,4,8,2.1679,0.6281,0.4826,0.1765,0.0044,0.0101,1.0318
2,14,5,9,1.9881,0.5655,0.4184,0.0986,0.0040,0.0096,0.9805
2,14,6,8,1.8661,0.5283,0.3934,0.1049,0.0036,0.0091,0.9222
2,14,7,12,1.8634,0.4901,0.4243,0.1314,0.0034,0.0094,0.9265
2,14,8,11,1.7990,0.4665,0.3644,0.1495,0.0018,0.0094,0.9476
2,14,9,11,1.7841,0.4403,0.3643,0.1806,0.0023,0.0094,0.9583
2,14,10,13,1.6803,0.4262,0.2385,0.0580,0.0030,0.0096,0.9935
2,14,11,14,1.6716,0.3920,0.2333,0.1088,0.0022,0.0099,1.0245
2,15,2,7,2.6467,0.6929,0.7820,0.4176,0.0067,0.0115,1.1408
2,15,3,8,2.4261,0.6541,0.6508,0.2835,0.0063,0.0109,1.0924
2,15,4,8,2.1083,0.6231,0.4469,0.1538,0.0044,0.0099,1.0136
2,15,5,9,1.9848,0.5657,0.4105,0.0955,0.0041,0.0096,0.9848
2,15,6,10,1.8666,0.5223,0.3721,0.1037,0.0027,0.0093,0.9506
2,15,7,12,1.8836,0.4848,0.4351,0.1348,0.0056,0.0095,0.9394
2,15,8,11,1.7962,0.4593,0.3636,0.1506,0.0025,0.0095,0.9521
2,15,9,11,1.7823,0.4369,0.3596,0.1808,0.0026,0.0095,0.9640
2,15,10,13,1.6799,0.4203,0.2561,0.0623,0.0015,0.0095,0.9830
2,15,11,14,1.6840,0.3893,0.2605,0.1058,0.0025,0.0097,1.0124
3,1,2,6,2.5257,0.7573,0.8370,0.6463,0.0080,0.0086,0.9055
3,1,3,8,2.6450,0.7549,0.6624,0.2515,0.0067,0.0120,1.1958
3,1,4,9,2.3058,0.7051,0.4689,0.1324,0.0056,0.0111,1.1031
3,1,5,8,2.0091,0.6849,0.2911,0.0814,0.0052,0.0101,1.0072
3,1,6,8,1.8842,0.6421,0.2552,0.0856,0.0036,0.0096,0.9638
3,1,7,10,1.8305,0.5971,0.2408,0.1067,0.0028,0.0098,0.9701
3,1,8,13,1.8660,0.5492,0.3061,0.1253,0.0025,0.0101,0.9882
3,1,9,12,1.7638,0.5105,0.2207,0.1620,0.0021,0.0101,1.0104
3,1,10,11,1.7166,0.4781,0.2058,0.1769,0.0027,0.0099,1.0101
3,1,11,12,1.7019,0.4555,0.1239,0.0906,0.0031,0.0099,1.0995
3,2,2,6,2.5347,0.7530,0.8574,0.6750,0.0080,0.0085,0.8987
3,2,3,8,2.6038,0.7469,0.6428,0.2458,0.0070,0.0118,1.1823
3,2,4,9,2.3266,0.7122,0.4780,0.1325,0.0057,0.0111,1.1076
3,2,5,8,2.0026,0.6803,0.2936,0.0798,0.0050,0.0100,1.0032
3,2,6,8,1.8811,0.6311,0.2577,0.0924,0.0033,0.0097,0.9696
3,2,7,10,1.8311,0.5897,0.2473,0.1068,0.0032,0.0097,0.9712
3,2,8,12,1.8444,0.5383,0.3058,0.1259,0.0031,0.0099,0.9773
3,2,9,12,1.7647,0.4906,0.2391,0.1622,0.0019,0.0101,1.0130
3,2,10,11,1.7072,0.4602,0.2138,0.1767,0.0028,0.0098,1.0107
3,2,11,13,1.7269,0.4472,0.1496,0.0906,0.0017,0.0101,1.1083
3,3,2,6,2.4507,0.7381,0.7696,0.5797,0.0080,0.0086,0.9172
3,3,3,8,2.5362,0.7516,0.5976,0.2069,0.0064,0.0116,1.1564
3,3,4,9,2.3357,0.6995,0.4993,0.1326,0.0045,0.0112,1.1094
3,3,5,8,2.0031,0.6819,0.2935,0.0834,0.0037,0.0100,1.0035
3,3,6,8,1.8674,0.6169,0.2618,0.0964,0.0039,0.0096,0.9654
3,3,7,10,1.8248,0.5717,0.2493,0.1074,0.0022,0.0098,0.9819
3,3,8,11,1.8420,0.5222,0.3220,0.1300,0.0047,0.0098,0.9733
3,3,9,11,1.7660,0.4747,0.2586,0.1608,0.0023,0.0099,1.0106
3,3,10,11,1.7134,0.4453,0.2224,0.1822,0.0024,0.0098,1.0237
3,3,11,14,1.7359,0.4459,0.1517,0.0849,0.0024,0.0103,1.1154
3,4,2,6,2.4549,0.7268,0.7937,0.6058,0.0080,0.0086,0.9087
3,4,3,8,2.5542,0.7342,0.6165,0.2384,0.0064,0.0117,1.1732
3,4,4,8,2.2916,0.6925,0.4857,0.1242,0.0042,0.0109,1.0868
3,4,5,9,1.9767,0.6412,0.2973,0.0839,0.0037,0.0101,1.0140
3,4,6,8,1.8610,0.5961,0.2716,0.1013,0.0041,0.0096,0.9700
3,4,7,11,1.8643,0.5554,0.2982,0.1117,0.0022,0.0099,0.9885
3,4,8,12,1.8456,0.5035,0.3273,0.1318,0.0030,0.0100,0.9916
3,4,9,11,1.7617,0.4583,0.2676,0.1588,0.0024,0.0099,1.0138
3,4,10,11,1.7236,0.4307,0.2458,0.1801,0.0026,0.0099,1.0247
3,4,11,13,1.7089,0.4295,0.1494,0.0857,0.0021,0.0101,1.1079
3,5,2,6,2.4140,0.7212,0.7532,0.5547,0.0080,0.0086,0.9138
3,5,3,8,2.5410,0.7094,0.6306,0.2425,0.0054,0.0116,1.1713
3,5,4,9,2.2497,0.6690,0.4600,0.1157,0.0046,0.0109,1.0936
3,5,5,9,1.9725,0.6235,0.3208,0.0824,0.0030,0.0099,1.0048
3,5,6,9,1.8792,0.5718,0.2995,0.1049,0.0025,0.0097,0.9859
3,5,7,11,1.8943,0.5335,0.3407,0.1192,0.0031,0.0099,0.9973
3,5,8,12,1.8769,0.4782,0.3762,0.1439,0.0032,0.0101,0.9992
3,5,9,11,1.8104,0.4522,0.3197,0.1593,0.0031,0.0098,1.0157
3,5,10,11,1.7414,0.4314,0.2569,0.1857,0.0020,0.0099,1.0314
3,5,11,13,1.6756,0.4163,0.1338,0.0908,0.0032,0.0100,1.1024
3,6,2,7,2.4164,0.7072,0.7547,0.5469,0.0080,0.0088,0.9284
3,6,3,8,2.4834,0.6900,0.6081,0.2268,0.0064,0.0114,1.1556
3,6,4,9,2.1906,0.6529,0.4474,0.1048,0.0053,0.0105,1.0634
3,6,5,9,1.9849,0.6074,0.3446,0.0824,0.0049,0.0099,1.0075
3,6,6,9,1.8920,0.5518,0.3345,0.1164,0.0036,0.0096,0.9825
3,6,7,11,1.8990,0.5240,0.3583,0.1223,0.0026,0.0099,0.9944
3,6,8,11,1.8864,0.4741,0.4111,0.1580,0.0032,0.0099,0.9781
3,6,9,11,1.8295,0.4456,0.3487,0.1708,0.0031,0.0098,1.0123
3,6,10,11,1.7807,0.4306,0.2935,0.1902,0.0020,0.0098,1.0349
3,6,11,13,1.6725,0.4137,0.1550,0.1013,0.0029,0.0101,1.0807
3,7,2,7,2.0619,0.6854,0.6928,0.4793,0.0042,0.0063,0.6669
3,7,3,8,2.4972,0.6731,0.6354,0.2500,0.0057,0.0114,1.1595
3,7,4,9,2.1756,0.6351,0.4487,0.1113,0.0050,0.0105,1.0650
3,7,5,9,2.0015,0.5772,0.3827,0.0976,0.0055,0.0100,1.0156
3,7,6,10,1.9279,0.5303,0.3887,0.1255,0.0024,0.0097,0.9865
3,7,7,11,1.9159,0.5138,0.3914,0.1348,0.0035,0.0098,0.9876
3,7,8,11,1.8641,0.4763,0.3446,0.1686,0.0022,0.0100,1.0209
3,7,9,12,1.8780,0.4467,0.3826,0.1811,0.0024,0.0100,1.0263
3,7,10,12,1.8115,0.4355,0.3046,0.1964,0.0022,0.0101,1.0491
3,7,11,13,1.6898,0.4146,0.1939,0.1037,0.0022,0.0100,1.0591
3,11,2,7,1.8826,0.6718,0.5624,0.3377,0.0026,0.0057,0.6344
3,11,3,8,2.4814,0.6588,0.6386,0.2563,0.0053,0.0114,1.1554
3,11,4,8,2.1704,0.6242,0.4580,0.1200,0.0045,0.0105,1.0618
3,11,5,9,1.9726,0.5793,0.3620,0.0980,0.0032,0.0100,1.0077
3,11,6,10,1.9197,0.5309,0.3809,0.1254,0.0024,0.0097,0.9857
3,11,7,11,1.9194,0.5105,0.3957,0.1371,0.0028,0.0098,0.9910
3,11,8,11,1.8455,0.4734,0.3275,0.1693,0.0049,0.0100,1.0196
3,11,9,11,1.8533,0.4426,0.3757,0.1910,0.0030,0.0098,1.0123
3,11,10,11,1.7847,0.4320,0.2911,0.1999,0.0030,0.0099,1.0389
3,11,11,12,1.6995,0.4025,0.2330,0.1274,0.0021,0.0100,1.0420
3,13,2,7,1.7856,0.6667,0.4924,0.2733,0.0033,0.0054,0.6125
3,13,3,9,2.4662,0.6461,0.6352,0.2421,0.0061,0.0114,1.1552
3,13,4,9,2.1672,0.6160,0.4457,0.1127,0.0037,0.0106,1.0799
3,13,5,9,1.9980,0.5789,0.3858,0.0975,0.0042,0.0099,1.0087
3,13,6,10,1.9396,0.5315,0.3939,0.1207,0.0024,0.0097,0.9919
3,13,7,11,1.9374,0.5117,0.4164,0.1360,0.0028,0.0097,0.9872
3,13,8,12,1.8838,0.4767,0.3486,0.1726,0.0019,0.0102,1.0361
3,13,9,12,1.8914,0.4479,0.3940,0.1927,0.0035,0.0101,1.0257
3,13,10,12,1.8068,0.4261,0.3070,0.2048,0.0059,0.0099,1.0481
3,13,11,12,1.7091,0.4021,0.2264,0.1227,0.0031,0.0100,1.0575
3,14,2,8,2.8312,0.6841,0.9087,0.4684,0.0078,0.0124,1.2049
3,14,3,9,2.4586,0.6377,0.6576,0.2644,0.0061,0.0113,1.1336
3,14,4,9,2.1593,0.6117,0.4473,0.1214,0.0043,0.0105,1.0744
3,14,5,9,2.0019,0.5759,0.3901,0.1029,0.0044,0.0099,1.0111
3,14,6,10,1.9351,0.5332,0.3957,0.1265,0.0026,0.0096,0.9840
3,14,7,11,1.9588,0.5052,0.4436,0.1402,0.0030,0.0098,0.9872
3,14,8,12,1.8951,0.4771,0.3597,0.1736,0.0033,0.0102,1.0345
3,14,9,12,1.9016,0.4405,0.4219,0.1949,0.0025,0.0101,1.0165
3,14,10,11,1.7882,0.4290,0.3000,0.1994,0.0029,0.0098,1.0365
3,14,11,12,1.7179,0.4025,0.2407,0.1093,0.0030,0.0100,1.0517
3,15,2,8,2.7509,0.6791,0.8499,0.4267,0.0062,0.0121,1.1904
3,15,3,8,2.4082,0.6317,0.6326,0.2526,0.0048,0.0110,1.1161
3,15,4,9,2.1314,0.6144,0.4441,0.1098,0.0042,0.0102,1.0477
3,15,5,9,1.9846,0.5734,0.3908,0.1036,0.0033,0.0098,0.9969
3,15,6,11,1.9596,0.5270,0.4171,0.1326,0.0020,0.0099,0.9935
3,15,7,12,1.9756,0.5017,0.4432,0.1516,0.0031,0.0100,1.0073
3,15,8,10,1.8564,0.4668,0.3715,0.1839,0.0029,0.0098,0.9953
3,15,9,12,1.9032,0.4383,0.4179,0.1931,0.0041,0.0100,1.0227
3,15,10,11,1.7880,0.4248,0.2995,0.2055,0.0028,0.0099,1.0411
3,15,11,12,1.7370,0.4028,0.2703,0.1136,0.0025,0.0099,1.0416
4,1,2,7,2.4774,0.7524,0.7031,0.4811,0.0090,0.0090,0.9943
4,1,3,7,1.7295,0.7129,0.2859,0.0843,0.0021,0.0056,0.7173
4,1,4,8,2.3956,0.7370,0.4646,0.1440,0.0050,0.0115,1.1651
4,1,5,8,2.1684,0.7039,0.3482,0.0955,0.0044,0.0108,1.0897
4,1,6,10,1.9870,0.6611,0.2549,0.1034,0.0022,0.0105,1.0475
4,1,7,11,1.9668,0.6078,0.2750,0.1299,0.0015,0.0105,1.0612
4,1,8,11,1.9569,0.5629,0.3237,0.1623,0.0024,0.0105,1.0467
4,1,9,11,1.8619,0.5366,0.2302,0.1851,0.0032,0.0105,1.0709
4,1,10,11,1.8662,0.5066,0.2562,0.2102,0.0030,0.0105,1.0794
4,1,11,11,1.8357,0.4947,0.2251,0.1918,0.0026,0.0106,1.0920
4,2,2,7,2.4891,0.7505,0.7259,0.5016,0.0080,0.0090,0.9860
4,2,3,8,2.7896,0.7768,0.6976,0.2534,0.0077,0.0127,1.2812
4,2,4,8,2.3749,0.7452,0.4482,0.1383,0.0049,0.0114,1.1528
4,2,5,9,2.1612,0.6940,0.3375,0.0963,0.0045,0.0109,1.1029
4,2,6,10,1.9863,0.6626,0.2550,0.1009,0.0025,0.0105,1.0449
4,2,7,11,1.9732,0.5977,0.2817,0.1360,0.0021,0.0106,1.0703
4,2,8,12,1.9666,0.5499,0.3134,0.1601,0.0064,0.0107,1.0754
4,2,9,11,1.8448,0.5254,0.2216,0.1861,0.0031,0.0105,1.0735
4,2,10,11,1.8435,0.4954,0.2443,0.2107,0.0037,0.0104,1.0791
4,2,11,11,1.8275,0.4836,0.2225,0.1930,0.0023,0.0106,1.0978
4,3,2,7,2.4628,0.7484,0.6994,0.4679,0.0087,0.0090,0.9877
4,3,3,8,2.7554,0.7709,0.6843,0.2438,0.0073,0.0125,1.2666
4,3,4,8,2.3597,0.7474,0.4358,0.1344,0.0051,0.0114,1.1480
4,3,5,8,2.1423,0.6917,0.3449,0.0979,0.0040,0.0107,1.0798
4,3,6,10,1.9870,0.6458,0.2774,0.1094,0.0027,0.0104,1.0399
4,3,7,11,1.9590,0.5755,0.2925,0.1373,0.0024,0.0105,1.0673
4,3,8,11,1.9526,0.5327,0.3383,0.1620,0.0022,0.0105,1.0582
4,3,9,11,1.8764,0.5129,0.2579,0.1847,0.0032,0.0105,1.0813
4,3,10,11,1.8430,0.4734,0.2518,0.2147,0.0033,0.0104,1.0936
4,3,11,11,1.8060,0.4651,0.2201,0.1942,0.0026,0.0105,1.0971
4,4,2,7,2.4635,0.7399,0.7173,0.4874,0.0081,0.0090,0.9795
4,4,3,8,2.7114,0.7573,0.6647,0.2386,0.0068,0.0123,1.2568
4,4,4,8,2.3577,0.7311,0.4526,0.1296,0.0054,0.0113,1.1454
4,4,5,8,2.0535,0.6742,0.3029,0.0958,0.0058,0.0104,1.0495
4,4,6,10,1.9895,0.6235,0.2965,0.1135,0.0032,0.0105,1.0451
4,4,7,12,1.9887,0.5488,0.3331,0.1461,0.0023,0.0108,1.0826
4,4,8,11,2.0197,0.5107,0.4362,0.1744,0.0030,0.0105,1.0486
4,4,9,12,1.8958,0.4862,0.2777,0.1847,0.0027,0.0108,1.1076
4,4,10,11,1.8469,0.4605,0.2568,0.2091,0.0028,0.0105,1.1056
4,4,11,11,1.8186,0.4497,0.2385,0.2077,0.0025,0.0106,1.1066
4,5,2,7,2.4461,0.7291,0.7107,0.4752,0.0080,0.0091,0.9796
4,5,3,8,2.6537,0.7326,0.6494,0.2238,0.0066,0.0122,1.2397
4,5,4,9,2.3326,0.7037,0.4475,0.1259,0.0050,0.0114,1.1530
4,5,5,9,2.0723,0.6504,0.3238,0.1020,0.0046,0.0106,1.0719
4,5,6,10,2.0038,0.5998,0.3225,0.1207,0.0051,0.0104,1.0552
4,5,7,12,1.9936,0.5252,0.3634,0.1616,0.0030,0.0108,1.0803
4,5,8,11,1.9530,0.5038,0.3327,0.1746,0.0023,0.0106,1.0929
4,5,9,12,1.9042,0.4792,0.2886,0.1799,0.0019,0.0107,1.1132
4,5,10,11,1.8765,0.4498,0.2974,0.2185,0.0029,0.0105,1.1052
4,5,11,13,1.8002,0.4421,0.1401,0.0953,0.0017,0.0109,1.1946
4,6,2,7,2.4476,0.7150,0.7332,0.4976,0.0080,0.0091,0.9727
4,6,3,8,2.6335,0.7182,0.6417,0.2290,0.0057,0.0121,1.2426
4,6,4,9,2.3416,0.6696,0.4947,0.1283,0.0047,0.0114,1.1491
4,6,5,8,2.0714,0.6366,0.3530,0.1048,0.0043,0.0103,1.0565
4,6,6,10,2.0235,0.5779,0.3591,0.1256,0.0032,0.0104,1.0624
4,6,7,12,2.0112,0.5138,0.4004,0.1756,0.0033,0.0107,1.0722
4,6,8,12,1.9551,0.4956,0.3166,0.1793,0.0024,0.0108,1.1187
4,6,9,12,1.9412,0.4794,0.3167,0.1899,0.0019,0.0107,1.1218
4,6,10,11,1.8901,0.4522,0.2911,0.2223,0.0027,0.0106,1.1228
4,6,11,12,1.7992,0.4358,0.1864,0.1082,0.0016,0.0106,1.1541
4,7,2,7,2.4196,0.7063,0.7140,0.4838,0.0081,0.0091,0.9725
4,7,3,8,2.6568,0.6921,0.6890,0.2591,0.0055,0.0121,1.2448
4,7,4,9,2.2978,0.6546,0.4747,0.1182,0.0051,0.0112,1.1400
4,7,5,8,2.0420,0.6147,0.3684,0.1100,0.0045,0.0101,1.0337
4,7,6,10,2.0280,0.5648,0.3758,0.1357,0.0030,0.0103,1.0637
4,7,7,11,2.0435,0.5154,0.4500,0.1779,0.0018,0.0105,1.0551
4,7,8,12,1.9860,0.4929,0.3477,0.1974,0.0025,0.0109,1.1211
4,7,9,12,2.0240,0.4769,0.4094,0.1998,0.0036,0.0107,1.1125
4,7,10,11,1.9134,0.4538,0.3170,0.2181,0.0029,0.0106,1.1185
4,7,11,12,1.8180,0.4250,0.2285,0.1264,0.0042,0.0107,1.1388
4,11,2,7,2.4207,0.7046,0.7185,0.4809,0.0080,0.0091,0.9708
4,11,3,8,2.6097,0.6853,0.6673,0.2408,0.0063,0.0119,1.2262
4,11,4,9,2.2645,0.6400,0.4728,0.1075,0.0049,0.0111,1.1240
4,11,5,10,2.0808,0.6015,0.3723,0.1105,0.0025,0.0106,1.0833
4,11,6,10,2.0511,0.5600,0.3914,0.1345,0.0033,0.0104,1.0751
4,11,7,12,2.0747,0.5095,0.4751,0.1847,0.0020,0.0107,1.0665
4,11,8,12,1.9754,0.4947,0.3475,0.1986,0.0034,0.0107,1.1081
4,11,9,11,1.9416,0.4867,0.3229,0.1914,0.0030,0.0105,1.1080
4,11,10,11,1.9072,0.4485,0.2986,0.2254,0.0025,0.0105,1.1362
4,11,11,12,1.8183,0.4160,0.2551,0.1444,0.0031,0.0106,1.1229
4,13,2,7,1.9590,0.7048,0.5325,0.2938,0.0029,0.0062,0.7064
4,13,3,8,2.5944,0.6771,0.6770,0.2518,0.0069,0.0118,1.2092
4,13,4,8,2.2651,0.6290,0.4964,0.1067,0.0041,0.0109,1.1129
4,13,5,9,2.0712,0.5999,0.3843,0.1203,0.0032,0.0103,1.0626
4,13,6,10,2.0724,0.5636,0.4139,0.1431,0.0039,0.0105,1.0699
4,13,7,11,2.0670,0.5091,0.4738,0.1855,0.0019,0.0105,1.0610
4,13,8,12,1.9989,0.4935,0.3661,0.2024,0.0035,0.0108,1.1141
4,13,9,11,2.0056,0.4854,0.3967,0.2009,0.0038,0.0105,1.0986
4,13,10,12,1.9480,0.4470,0.3375,0.2303,0.0018,0.0108,1.1400
4,13,11,12,1.8435,0.4210,0.2715,0.1475,0.0076,0.0106,1.1221
4,14,2,7,1.8956,0.7003,0.4907,0.2441,0.0024,0.0059,0.6903
4,14,3,8,2.5929,0.6761,0.6785,0.2670,0.0063,0.0117,1.2077
4,14,4,9,2.2717,0.6232,0.4972,0.1042,0.0040,0.0110,1.1247
4,14,5,9,2.0781,0.5928,0.4048,0.1229,0.0031,0.0103,1.0562
4,14,6,10,2.0709,0.5472,0.4352,0.1525,0.0037,0.0105,1.0636
4,14,7,11,2.0811,0.5133,0.4766,0.1848,0.0032,0.0105,1.0668
4,14,8,11,2.0031,0.4924,0.3843,0.2023,0.0061,0.0105,1.0990
4,14,9,11,1.9671,0.4832,0.3474,0.2094,0.0045,0.0106,1.1107
4,14,10,11,1.9275,0.4397,0.3438,0.2366,0.0022,0.0106,1.1205
4,14,11,12,1.8634,0.4264,0.2753,0.1347,0.0028,0.0107,1.1375
4,15,2,7,1.8435,0.6957,0.4507,0.2051,0.0057,0.0058,0.6799
4,15,3,8,2.5233,0.6673,0.6274,0.2249,0.0054,0.0116,1.1990
4,15,4,9,2.2667,0.6207,0.5014,0.1074,0.0048,0.0109,1.1173
4,15,5,9,2.0680,0.5943,0.3889,0.1221,0.0017,0.0104,1.0618
4,15,6,10,2.0630,0.5390,0.4436,0.1594,0.0018,0.0105,1.0574
4,15,7,11,2.0828,0.5094,0.4916,0.1914,0.0039,0.0106,1.0564
4,15,8,11,2.0035,0.4931,0.3878,0.2079,0.0059,0.0105,1.0955
4,15,9,11,2.0072,0.4690,0.4130,0.2108,0.0045,0.0106,1.0993
4,15,10,11,1.9200,0.4376,0.3419,0.2325,0.0019,0.0105,1.1174
4,15,11,12,1.8742,0.4184,0.2988,0.1126,0.0024,0.0107,1.1331
5,1,2,6,2.6755,0.7694,0.8623,0.6099,0.0081,0.0092,1.0165
5,1,3,7,1.7553,0.7140,0.2735,0.1075,0.0029,0.0058,0.7532
5,1,4,8,2.3986,0.7474,0.4329,0.1409,0.0080,0.0118,1.1859
5,1,5,8,2.1888,0.7010,0.3328,0.1312,0.0053,0.0112,1.1269
5,1,6,10,2.1045,0.6586,0.2927,0.1376,0.0042,0.0112,1.1262
5,1,7,12,2.0968,0.6154,0.3158,0.1632,0.0018,0.0114,1.1409
5,1,8,11,2.0922,0.5730,0.3626,0.2008,0.0027,0.0113,1.1312
5,1,9,11,1.9724,0.5398,0.2386,0.2143,0.0024,0.0113,1.1687
5,1,10,11,1.9870,0.4996,0.2937,0.2405,0.0031,0.0112,1.1681
5,1,11,12,1.9530,0.4959,0.2418,0.2180,0.0027,0.0115,1.1895
5,2,2,6,2.6781,0.7621,0.8794,0.6204,0.0081,0.0093,1.0093
5,2,3,8,2.6924,0.8050,0.5803,0.1893,0.0060,0.0127,1.2750
5,2,4,8,2.4063,0.7583,0.4358,0.1355,0.0058,0.0117,1.1821
5,2,5,8,2.1842,0.7042,0.3314,0.1314,0.0040,0.0111,1.1218
5,2,6,10,2.1103,0.6558,0.2959,0.1465,0.0035,0.0111,1.1327
5,2,7,11,2.0755,0.6157,0.3099,0.1625,0.0028,0.0112,1.1246
5,2,8,11,2.0915,0.5581,0.3780,0.1947,0.0031,0.0112,1.1297
5,2,9,11,1.9669,0.5202,0.2414,0.2206,0.0025,0.0113,1.1801
5,2,10,12,2.0064,0.4834,0.3087,0.2425,0.0017,0.0113,1.1898
5,2,11,11,1.9370,0.4908,0.2395,0.2145,0.0031,0.0113,1.1810
5,3,2,7,2.6116,0.7527,0.7963,0.5389,0.0080,0.0095,1.0349
5,3,3,8,2.6531,0.8096,0.5491,0.1778,0.0062,0.0125,1.2625
5,3,4,9,2.4178,0.7369,0.4397,0.1254,0.0056,0.0120,1.2111
5,3,5,9,2.1880,0.6959,0.3331,0.1320,0.0015,0.0112,1.1346
5,3,6,11,2.1298,0.6379,0.3207,0.1440,0.0020,0.0114,1.1463
5,3,7,11,2.1098,0.5813,0.3688,0.1743,0.0029,0.0112,1.1341
5,3,8,11,2.0793,0.5411,0.3885,0.1952,0.0025,0.0112,1.1247
5,3,9,11,1.9853,0.5012,0.2833,0.2146,0.0026,0.0113,1.1754
5,3,10,11,1.9841,0.4674,0.3034,0.2497,0.0020,0.0112,1.1888
5,3,11,11,1.9467,0.4745,0.2640,0.2303,0.0028,0.0113,1.1826
5,4,2,7,2.6197,0.7485,0.8201,0.5416,0.0081,0.0094,1.0235
5,4,3,8,2.6587,0.7963,0.5687,0.1763,0.0068,0.0124,1.2609
5,4,4,8,2.3892,0.7104,0.4688,0.1352,0.0072,0.0116,1.1788
5,4,5,8,2.1837,0.6646,0.3667,0.1363,0.0040,0.0111,1.1261
5,4,6,11,2.1338,0.6068,0.3410,0.1546,0.0022,0.0114,1.1607
5,4,7,11,2.1215,0.5620,0.4023,0.1862,0.0038,0.0111,1.1309
5,4,8,11,2.0960,0.5177,0.4176,0.1973,0.0024,0.0112,1.1358
5,4,9,12,2.0083,0.4862,0.3077,0.2224,0.0018,0.0113,1.1898
5,4,10,11,1.9826,0.4579,0.2991,0.2477,0.0023,0.0112,1.2006
5,4,11,11,1.9654,0.4559,0.2813,0.2501,0.0028,0.0113,1.2025
5,5,2,7,2.4535,0.7395,0.6448,0.3811,0.0080,0.0095,1.0415
5,5,3,8,2.6386,0.7700,0.5802,0.1712,0.0084,0.0124,1.2540
5,5,4,8,2.3744,0.6787,0.4904,0.1308,0.0056,0.0116,1.1757
5,5,5,9,2.1591,0.6372,0.3701,0.1473,0.0049,0.0110,1.1244
5,5,6,10,2.1292,0.5927,0.3678,0.1673,0.0027,0.0112,1.1432
5,5,7,11,2.1091,0.5372,0.4103,0.1939,0.0029,0.0111,1.1362
5,5,8,12,2.1578,0.5052,0.4970,0.2049,0.0030,0.0114,1.1296
5,5,9,11,1.9982,0.4727,0.3163,0.2281,0.0021,0.0112,1.1845
5,5,10,11,1.9886,0.4478,0.3115,0.2482,0.0023,0.0113,1.2041
5,5,11,11,1.9766,0.4516,0.2933,0.2699,0.0030,0.0113,1.2058
5,6,2,7,2.4547,0.7323,0.6610,0.3896,0.0081,0.0094,1.0339
5,6,3,8,2.6388,0.7356,0.6079,0.1719,0.0088,0.0123,1.2607
5,6,4,8,2.3779,0.6588,0.5081,0.1357,0.0074,0.0116,1.1796
5,6,5,9,2.1802,0.6129,0.4100,0.1580,0.0027,0.0110,1.1324
5,6,6,10,2.1381,0.5679,0.4074,0.1815,0.0037,0.0111,1.1365
5,6,7,11,2.1324,0.5258,0.4531,0.2081,0.0033,0.0111,1.1277
5,6,8,12,2.1535,0.5016,0.4867,0.2092,0.0030,0.0113,1.1394
5,6,9,12,2.0448,0.4724,0.3541,0.2365,0.0022,0.0114,1.1932
5,6,10,12,2.0295,0.4560,0.3332,0.2478,0.0021,0.0115,1.2150
5,6,11,11,2.0065,0.4369,0.3359,0.2638,0.0025,0.0112,1.2084
5,7,2,7,2.4326,0.7221,0.6485,0.3858,0.0080,0.0095,1.0344
5,7,3,8,2.6563,0.7008,0.6363,0.1768,0.0068,0.0124,1.2869
5,7,4,9,2.3725,0.6382,0.5100,0.1348,0.0056,0.0117,1.1946
5,7,5,9,2.1946,0.5914,0.4336,0.1645,0.0062,0.0111,1.1406
5,7,6,10,2.1734,0.5631,0.4422,0.1863,0.0025,0.0112,1.1432
5,7,7,11,2.1701,0.5223,0.4838,0.2120,0.0032,0.0112,1.1381
5,7,8,13,2.2254,0.4954,0.5565,0.2207,0.0047,0.0115,1.1457
5,7,9,11,2.0586,0.4747,0.3836,0.2425,0.0036,0.0111,1.1743
5,7,10,12,2.0572,0.4596,0.3538,0.2550,0.0063,0.0115,1.2143
5,7,11,11,2.0120,0.4343,0.3331,0.2553,0.0024,0.0113,1.2194
5,11,2,7,2.4473,0.7246,0.6599,0.3936,0.0081,0.0095,1.0352
5,11,3,8,2.6134,0.6929,0.6199,0.1690,0.0058,0.0122,1.2692
5,11,4,8,2.3393,0.6300,0.5125,0.1371,0.0045,0.0114,1.1688
5,11,5,9,2.1885,0.5901,0.4420,0.1639,0.0032,0.0110,1.1307
5,11,6,10,2.1693,0.5563,0.4370,0.1913,0.0027,0.0112,1.1506
5,11,7,11,2.1941,0.5203,0.5093,0.2139,0.0057,0.0113,1.1359
5,11,8,13,2.2307,0.4968,0.5687,0.2242,0.0040,0.0115,1.1380
5,11,9,12,2.0728,0.4720,0.3721,0.2460,0.0060,0.0114,1.1997
5,11,10,11,2.0353,0.4562,0.3491,0.2537,0.0030,0.0113,1.2042
5,11,11,11,2.0224,0.4331,0.3553,0.2749,0.0032,0.0112,1.2082
5,13,2,7,2.3143,0.7063,0.7825,0.4845,0.0045,0.0074,0.8058
5,13,3,8,2.6262,0.6796,0.6403,0.1886,0.0056,0.0123,1.2754
5,13,4,8,2.3557,0.6277,0.5319,0.1434,0.0044,0.0114,1.1680
5,13,5,10,2.2302,0.5896,0.4777,0.1676,0.0038,0.0111,1.1366
5,13,6,11,2.1966,0.5609,0.4577,0.1943,0.0039,0.0113,1.1515
5,13,7,12,2.2015,0.5241,0.5054,0.2162,0.0032,0.0116,1.1455
5,13,8,12,2.2393,0.5006,0.5958,0.2312,0.0040,0.0113,1.1161
5,13,9,12,2.0879,0.4781,0.3929,0.2520,0.0048,0.0114,1.1892
5,13,10,11,2.0572,0.4489,0.3659,0.2651,0.0057,0.0114,1.2137
5,13,11,12,2.0461,0.4334,0.3573,0.2603,0.0022,0.0114,1.2301
5,14,2,7,2.1537,0.7065,0.6614,0.3548,0.0033,0.0070,0.7684
5,14,3,8,2.6192,0.6783,0.6537,0.1883,0.0065,0.0122,1.2555
5,14,4,8,2.3741,0.6311,0.5482,0.1449,0.0051,0.0114,1.1662
5,14,5,11,2.2472,0.5889,0.4768,0.1627,0.0029,0.0113,1.1557
5,14,6,11,2.2234,0.5588,0.5054,0.1972,0.0034,0.0112,1.1331
5,14,7,13,2.2087,0.5219,0.5218,0.2285,0.0031,0.0115,1.1386
5,14,8,12,2.2478,0.5030,0.6018,0.2341,0.0035,0.0113,1.1168
5,14,9,12,2.0901,0.4773,0.3910,0.2492,0.0037,0.0115,1.1949
5,14,10,11,2.0452,0.4465,0.3674,0.2702,0.0030,0.0113,1.2055
5,14,11,11,2.0398,0.4414,0.3521,0.2590,0.0025,0.0113,1.2210
5,15,2,7,1.8273,0.6983,0.3965,0.1208,0.0018,0.0059,0.7188
5,15,3,8,2.6214,0.6772,0.6547,0.1896,0.0059,0.0122,1.2584
5,15,4,8,2.3551,0.6278,0.5400,0.1461,0.0052,0.0114,1.1587
5,15,5,10,2.2262,0.5877,0.4737,0.1697,0.0037,0.0111,1.1385
5,15,6,11,2.2121,0.5561,0.4940,0.1964,0.0037,0.0112,1.1360
5,15,7,11,2.2172,0.5221,0.5470,0.2232,0.0029,0.0113,1.1223
5,15,8,11,2.1270,0.4970,0.4474,0.2406,0.0033,0.0112,1.1565
5,15,9,12,2.0908,0.4714,0.3971,0.2514,0.0033,0.0114,1.1961
5,15,10,11,2.0465,0.4480,0.3701,0.2676,0.0025,0.0112,1.2032
5,15,11,12,2.0125,0.4385,0.3198,0.1304,0.0025,0.0116,1.2285
6,1,2,7,2.8454,0.7621,1.0302,0.6824,0.0080,0.0098,1.0249
6,1,3,8,2.5734,0.7882,0.4832,0.1615,0.0067,0.0125,1.2695
6,1,4,8,2.4239,0.7420,0.4145,0.1393,0.0068,0.0121,1.2358
6,1,5,10,2.2769,0.7001,0.3330,0.1475,0.0040,0.0120,1.2153
6,1,6,11,2.2492,0.6558,0.3320,0.1648,0.0033,0.0120,1.2338
6,1,7,11,2.2087,0.6271,0.3368,0.1865,0.0036,0.0120,1.2170
6,1,8,12,2.2290,0.5867,0.4004,0.2082,0.0036,0.0120,1.2140
6,1,9,11,2.1379,0.5680,0.2871,0.2280,0.0030,0.0120,1.2556
6,1,10,12,2.1581,0.5417,0.3079,0.2452,0.0018,0.0122,1.2822
6,1,11,8,2.2697,0.5240,0.4398,0.2388,0.0028,0.0123,1.2778
6,2,2,7,2.8459,0.7615,1.0365,0.6920,0.0080,0.0098,1.0197
6,2,3,9,2.5940,0.7908,0.4755,0.1352,0.0063,0.0127,1.2954
6,2,4,8,2.4043,0.7362,0.4110,0.1400,0.0089,0.0120,1.2236
6,2,5,9,2.2786,0.6929,0.3405,0.1526,0.0040,0.0119,1.2171
6,2,6,11,2.2701,0.6575,0.3619,0.1699,0.0029,0.0121,1.2234
6,2,7,12,2.2366,0.6266,0.3367,0.1882,0.0092,0.0122,1.2395
6,2,8,12,2.2194,0.5649,0.4165,0.2176,0.0037,0.0121,1.2098
6,2,9,11,2.1308,0.5549,0.2874,0.2293,0.0030,0.0120,1.2613
6,2,10,12,2.1486,0.5250,0.3158,0.2565,0.0016,0.0122,1.2816
6,2,11,8,2.2700,0.5338,0.4275,0.2372,0.0028,0.0123,1.2806
6,3,2,7,2.7753,0.7477,0.9762,0.6155,0.0080,0.0098,1.0233
6,3,3,9,2.5800,0.7838,0.4704,0.1274,0.0061,0.0128,1.2933
6,3,4,8,2.4088,0.7451,0.4078,0.1408,0.0089,0.0120,1.2226
6,3,5,10,2.2912,0.6791,0.3623,0.1574,0.0037,0.0120,1.2219
6,3,6,11,2.2701,0.6440,0.3733,0.1744,0.0029,0.0121,1.2253
6,3,7,11,2.2187,0.6007,0.3631,0.1874,0.0034,0.0120,1.2272
6,3,8,12,2.2229,0.5526,0.4246,0.2160,0.0069,0.0121,1.2143
6,3,9,11,2.1155,0.5413,0.2740,0.2311,0.0034,0.0120,1.2724
6,3,10,12,2.1493,0.5185,0.3145,0.2500,0.0024,0.0123,1.2893
6,3,11,8,2.2492,0.5159,0.4290,0.2382,0.0028,0.0122,1.2765
6,4,2,7,2.7815,0.7345,1.0085,0.6226,0.0080,0.0098,1.0103
6,4,3,9,2.5749,0.7801,0.4798,0.1266,0.0065,0.0127,1.2827
6,4,4,8,2.3992,0.7372,0.4069,0.1408,0.0090,0.0120,1.2217
6,4,5,10,2.2985,0.6553,0.3933,0.1642,0.0054,0.0120,1.2202
6,4,6,11,2.2721,0.6177,0.3945,0.1741,0.0032,0.0121,1.2322
6,4,7,12,2.2387,0.5879,0.3717,0.1872,0.0065,0.0122,1.2481
6,4,8,12,2.2390,0.5394,0.4595,0.2130,0.0043,0.0121,1.2115
6,4,9,11,2.1155,0.5186,0.2950,0.2276,0.0031,0.0120,1.2745
6,4,10,11,2.1354,0.4974,0.3123,0.2516,0.0027,0.0121,1.2986
6,4,11,8,2.2526,0.4967,0.4511,0.2466,0.0027,0.0122,1.2771
6,5,2,7,2.6826,0.7260,1.0019,0.6328,0.0063,0.0087,0.9304
6,5,3,9,2.5673,0.7534,0.4963,0.1438,0.0050,0.0127,1.2867
6,5,4,8,2.3753,0.7052,0.4256,0.1515,0.0073,0.0119,1.2130
6,5,5,11,2.3126,0.6296,0.4353,0.1755,0.0042,0.0121,1.2190
6,5,6,11,2.2622,0.6000,0.3920,0.1847,0.0037,0.0121,1.2420
6,5,7,11,2.2936,0.5633,0.4871,0.2012,0.0040,0.0120,1.2148
6,5,8,12,2.2534,0.5192,0.4988,0.2120,0.0035,0.0120,1.2077
6,5,9,11,2.1367,0.5081,0.3311,0.2347,0.0032,0.0120,1.2701
6,5,10,11,2.1318,0.4849,0.3162,0.2467,0.0030,0.0120,1.3035
6,5,11,8,2.2429,0.4731,0.4667,0.2620,0.0035,0.0122,1.2747
6,6,2,7,2.5157,0.7094,0.8870,0.5090,0.0055,0.0083,0.8968
6,6,3,9,2.5407,0.7312,0.4968,0.1394,0.0059,0.0126,1.2810
6,6,4,8,2.3475,0.6743,0.4318,0.1558,0.0041,0.0118,1.2131
6,6,5,11,2.3185,0.6090,0.4555,0.1825,0.0024,0.0121,1.2271
6,6,6,11,2.2672,0.5845,0.4217,0.1972,0.0018,0.0120,1.2348
6,6,7,12,2.3167,0.5432,0.5157,0.2165,0.0027,0.0122,1.2304
6,6,8,12,2.2756,0.5113,0.5228,0.2179,0.0037,0.0122,1.2133
6,6,9,11,2.1795,0.5042,0.3639,0.2372,0.0036,0.0121,1.2834
6,6,10,11,2.1500,0.4836,0.3196,0.2600,0.0027,0.0121,1.3195
6,6,11,8,2.2688,0.4674,0.4595,0.2873,0.0059,0.0122,1.3107
6,7,2,7,2.5574,0.7022,0.7904,0.4188,0.0080,0.0098,1.0366
6,7,3,9,2.5182,0.7040,0.5197,0.1413,0.0066,0.0124,1.2625
6,7,4,8,2.3641,0.6484,0.4779,0.1638,0.0052,0.0118,1.2085
6,7,5,12,2.3732,0.5925,0.5136,0.1883,0.0027,0.0123,1.2398
6,7,6,11,2.2907,0.5733,0.4648,0.2060,0.0070,0.0119,1.2214
6,7,7,11,2.3094,0.5395,0.5269,0.2281,0.0040,0.0120,1.2146
6,7,8,13,2.3200,0.5162,0.5402,0.2309,0.0025,0.0122,1.2366
6,7,9,12,2.2203,0.5049,0.3921,0.2399,0.0104,0.0122,1.2884
6,7,10,11,2.1587,0.4831,0.3312,0.2614,0.0031,0.0120,1.3170
6,7,11,8,2.2748,0.4634,0.4716,0.2898,0.0074,0.0121,1.3073
6,11,2,7,2.5638,0.7056,0.7938,0.4198,0.0081,0.0098,1.0362
6,11,3,9,2.5149,0.6865,0.5313,0.1423,0.0058,0.0124,1.2659
6,11,4,8,2.3691,0.6268,0.5111,0.1696,0.0048,0.0117,1.2023
6,11,5,10,2.2984,0.5900,0.4584,0.1892,0.0045,0.0119,1.2213
6,11,6,11,2.3045,0.5662,0.4880,0.2097,0.0029,0.0120,1.2231
6,11,7,12,2.3308,0.5356,0.5393,0.2267,0.0017,0.0122,1.2295
6,11,8,13,2.3484,0.5099,0.5812,0.2387,0.0024,0.0122,1.2303
6,11,9,12,2.2212,0.5028,0.3811,0.2430,0.0120,0.0122,1.3007
6,11,10,11,2.1760,0.4809,0.3482,0.2541,0.0026,0.0121,1.3196
6,11,11,8,2.2933,0.4621,0.4830,0.2703,0.0122,0.0121,1.3109
6,13,2,7,2.0287,0.6994,0.5226,0.1492,0.0028,0.0069,0.7901
6,13,3,9,2.5205,0.6744,0.5468,0.1423,0.0057,0.0123,1.2681
6,13,4,8,2.3675,0.6274,0.5129,0.1715,0.0051,0.0117,1.1980
6,13,5,10,2.3395,0.5885,0.5050,0.1947,0.0016,0.0118,1.2205
6,13,6,12,2.3475,0.5698,0.5134,0.2134,0.0019,0.0122,1.2378
6,13,7,11,2.3534,0.5372,0.5794,0.2366,0.0025,0.0120,1.2099
6,13,8,13,2.3682,0.5172,0.5916,0.2440,0.0023,0.0122,1.2327
6,13,9,12,2.2276,0.5077,0.4037,0.2421,0.0030,0.0123,1.2885
6,13,10,11,2.1935,0.4820,0.3720,0.2670,0.0029,0.0121,1.3120
6,13,11,8,2.3081,0.4598,0.4977,0.2734,0.0079,0.0122,1.3175
6,14,2,9,2.9233,0.7175,0.8039,0.2286,0.0077,0.0135,1.3658
6,14,3,8,2.5030,0.6712,0.5519,0.1442,0.0050,0.0121,1.2496
6,14,4,9,2.3885,0.6289,0.5249,0.1710,0.0034,0.0118,1.2072
6,14,5,10,2.3457,0.5922,0.5000,0.1953,0.0018,0.0120,1.2275
6,14,6,12,2.3579,0.5705,0.5118,0.2101,0.0036,0.0123,1.2471
6,14,7,12,2.3837,0.5381,0.6012,0.2372,0.0029,0.0121,1.2169
6,14,8,13,2.3785,0.5150,0.6008,0.2415,0.0030,0.0123,1.2351
6,14,9,11,2.2193,0.5063,0.4131,0.2488,0.0031,0.0120,1.2726
6,14,10,8,2.4088,0.4769,0.6022,0.2710,0.0096,0.0123,1.2947
6,14,11,9,2.3281,0.4633,0.5025,0.2757,0.0066,0.0123,1.3302
6,15,2,8,2.7249,0.7090,0.6553,0.1728,0.0065,0.0128,1.3278
6,15,3,9,2.4952,0.6666,0.5402,0.1442,0.0052,0.0123,1.2577
6,15,4,9,2.3912,0.6268,0.5243,0.1706,0.0055,0.0118,1.2103
6,15,5,11,2.3521,0.5902,0.5005,0.1995,0.0023,0.0122,1.2347
6,15,6,11,2.3333,0.5631,0.5323,0.2215,0.0018,0.0120,1.2118
6,15,7,12,2.3713,0.5330,0.6017,0.2382,0.0039,0.0121,1.2081
6,15,8,11,2.2454,0.5154,0.4287,0.2405,0.0034,0.0120,1.2737
6,15,9,11,2.2083,0.5029,0.3960,0.2454,0.0022,0.0120,1.2830
6,15,10,8,2.3995,0.4696,0.6063,0.2754,0.0068,0.0123,1.2913
6,15,11,8,2.3330,0.4639,0.5350,0.2784,0.0056,0.0120,1.3039
7,1,2,8,2.8147,0.7649,0.9028,0.4766,0.0080,0.0104,1.1176
7,1,3,7,2.3564,0.7175,0.6874,0.1940,0.0049,0.0082,0.9298
7,1,4,8,2.5470,0.7678,0.4224,0.1519,0.0127,0.0129,1.3172
7,1,5,10,2.4499,0.7304,0.3747,0.1620,0.0049,0.0127,1.3139
7,1,6,12,2.3806,0.6943,0.3189,0.1852,0.0020,0.0131,1.3390
7,1,7,11,2.3805,0.6621,0.3706,0.2134,0.0030,0.0129,1.3187
7,1,8,13,2.4045,0.6342,0.3928,0.2340,0.0031,0.0132,1.3478
7,1,9,12,2.4189,0.6014,0.4676,0.2463,0.0031,0.0130,1.3204
7,1,10,8,2.4081,0.5714,0.3980,0.2658,0.0063,0.0132,1.4051
7,1,11,8,2.4503,0.5595,0.4796,0.2558,0.0087,0.0132,1.3750
7,2,2,8,2.8141,0.7499,0.9347,0.4710,0.0080,0.0104,1.1000
7,2,3,7,2.2663,0.7153,0.6133,0.1972,0.0042,0.0081,0.9171
7,2,4,8,2.5076,0.7710,0.3915,0.1529,0.0109,0.0128,1.3078
7,2,5,11,2.4576,0.7224,0.3766,0.1729,0.0053,0.0130,1.3271
7,2,6,12,2.4078,0.6935,0.3388,0.1880,0.0029,0.0131,1.3462
7,2,7,11,2.3861,0.6596,0.3731,0.2130,0.0034,0.0129,1.3238
7,2,8,13,2.3980,0.6178,0.4004,0.2339,0.0030,0.0132,1.3502
7,2,9,12,2.4135,0.5882,0.4777,0.2536,0.0022,0.0130,1.3189
7,2,10,8,2.4152,0.5492,0.4218,0.2703,0.0059,0.0131,1.4115
7,2,11,8,2.4489,0.5485,0.4854,0.2615,0.0085,0.0132,1.3790
7,3,2,8,2.7493,0.7392,0.8781,0.3963,0.0080,0.0104,1.1026
7,3,3,7,1.9886,0.7106,0.4255,0.1628,0.0021,0.0069,0.8364
7,3,4,8,2.5165,0.7677,0.4105,0.1558,0.0051,0.0128,1.3068
7,3,5,11,2.4651,0.7224,0.3765,0.1698,0.0050,0.0131,1.3346
7,3,6,12,2.4152,0.6808,0.3715,0.1883,0.0028,0.0131,1.3336
7,3,7,11,2.3897,0.6428,0.3849,0.2093,0.0019,0.0129,1.3338
7,3,8,13,2.3930,0.6023,0.4109,0.2309,0.0019,0.0132,1.3514
7,3,9,13,2.4423,0.5670,0.5124,0.2624,0.0031,0.0132,1.3330
7,3,10,9,2.4278,0.5293,0.4251,0.2675,0.0100,0.0133,1.4360
7,3,11,8,2.4549,0.5226,0.5148,0.2786,0.0029,0.0133,1.3873
7,4,2,7,2.7482,0.7346,0.9041,0.4256,0.0082,0.0102,1.0802
7,4,3,8,2.0016,0.7032,0.4557,0.1656,0.0020,0.0069,0.8266
7,4,4,8,2.5146,0.7535,0.4267,0.1633,0.0073,0.0126,1.3012
7,4,5,10,2.4367,0.6899,0.3872,0.1732,0.0018,0.0129,1.3314
7,4,6,12,2.4119,0.6608,0.3872,0.1883,0.0026,0.0131,1.3349
7,4,7,12,2.4156,0.6232,0.4261,0.2107,0.0029,0.0130,1.3371
7,4,8,13,2.4125,0.5835,0.4502,0.2282,0.0019,0.0132,1.3503
7,4,9,12,2.4125,0.5501,0.5093,0.2500,0.0019,0.0130,1.3249
7,4,10,8,2.4372,0.5175,0.4721,0.2691,0.0073,0.0131,1.4132
7,4,11,8,2.4481,0.5116,0.5281,0.2895,0.0091,0.0132,1.3719
7,5,2,7,2.7009,0.7255,0.8596,0.3898,0.0080,0.0102,1.0867
7,5,3,9,2.9039,0.7488,0.6891,0.2023,0.0063,0.0141,1.4306
7,5,4,9,2.5606,0.7322,0.4707,0.1668,0.0188,0.0129,1.3126
7,5,5,12,2.4580,0.6718,0.4101,0.1824,0.0061,0.0130,1.3435
7,5,6,12,2.4385,0.6366,0.4321,0.1931,0.0027,0.0130,1.3408
7,5,7,13,2.4380,0.5966,0.4458,0.2163,0.0027,0.0132,1.3663
7,5,8,13,2.4363,0.5688,0.4898,0.2350,0.0020,0.0132,1.3491
7,5,9,13,2.4669,0.5372,0.5399,0.2552,0.0096,0.0132,1.3536
7,5,10,8,2.4925,0.5088,0.5229,0.2709,0.0160,0.0131,1.4178
7,5,11,8,2.4670,0.5014,0.5030,0.2898,0.0167,0.0132,1.4184
7,6,2,7,2.7024,0.7189,0.8776,0.4007,0.0080,0.0102,1.0769
7,6,3,9,2.7863,0.7284,0.6276,0.1729,0.0063,0.0137,1.3959
7,6,4,10,2.5016,0.7183,0.4317,0.1613,0.0057,0.0128,1.3195
7,6,5,11,2.4378,0.6481,0.4247,0.1944,0.0032,0.0129,1.3356
7,6,6,13,2.4717,0.6177,0.4494,0.2013,0.0111,0.0132,1.3668
7,6,7,12,2.4440,0.5874,0.4919,0.2208,0.0031,0.0129,1.3355
7,6,8,12,2.4507,0.5549,0.5382,0.2352,0.0046,0.0129,1.3269
7,6,9,13,2.4872,0.5282,0.5891,0.2543,0.0064,0.0131,1.3370
7,6,10,8,2.5247,0.5121,0.5468,0.2740,0.0084,0.0132,1.4301
7,6,11,8,2.4863,0.4882,0.5324,0.2895,0.0143,0.0132,1.4241
7,7,2,7,2.5662,0.7052,0.8791,0.3949,0.0158,0.0087,0.9481
7,7,3,8,2.7554,0.7122,0.6444,0.1766,0.0070,0.0133,1.3643
7,7,4,11,2.5542,0.6956,0.4984,0.1716,0.0086,0.0130,1.3252
7,7,5,12,2.4633,0.6282,0.4561,0.2061,0.0048,0.0130,1.3478
7,7,6,13,2.5453,0.6019,0.5523,0.2113,0.0062,0.0133,1.3579
7,7,7,12,2.4714,0.5748,0.5179,0.2268,0.0099,0.0130,1.3425
7,7,8,12,2.4911,0.5528,0.5801,0.2463,0.0048,0.0130,1.3271
7,7,9,14,2.5392,0.5338,0.6163,0.2619,0.0034,0.0134,1.3587
7,7,10,8,2.5976,0.5111,0.6076,0.2946,0.0263,0.0132,1.4256
7,7,11,8,2.5027,0.4835,0.5557,0.2939,0.0100,0.0133,1.4259
7,11,2,7,2.5307,0.7070,0.7034,0.2368,0.0118,0.0102,1.0874
7,11,3,9,2.7456,0.6992,0.6313,0.1723,0.0062,0.0135,1.3809
7,11,4,10,2.5469,0.6768,0.5168,0.1755,0.0034,0.0129,1.3240
7,11,5,12,2.4714,0.6203,0.4817,0.2018,0.0032,0.0130,1.3399
7,11,6,12,2.5111,0.5994,0.5335,0.2146,0.0043,0.0131,1.3472
7,11,7,12,2.4924,0.5708,0.5553,0.2338,0.0041,0.0130,1.3359
7,11,8,12,2.4814,0.5533,0.5670,0.2389,0.0041,0.0130,1.3307
7,11,9,14,2.5390,0.5346,0.6072,0.2566,0.0030,0.0135,1.3670
7,11,10,8,2.5999,0.5117,0.6154,0.2852,0.0212,0.0132,1.4245
7,11,11,8,2.5250,0.4777,0.5874,0.2933,0.0090,0.0133,1.4233
7,13,2,7,2.5316,0.6970,0.7243,0.2504,0.0128,0.0102,1.0765
7,13,3,9,2.7318,0.6909,0.6425,0.1694,0.0058,0.0134,1.3652
7,13,4,10,2.5359,0.6676,0.5097,0.1770,0.0025,0.0129,1.3300
7,13,5,11,2.4884,0.6222,0.5047,0.2142,0.0052,0.0130,1.3299
7,13,6,12,2.5453,0.6023,0.5749,0.2282,0.0049,0.0131,1.3367
7,13,7,13,2.5699,0.5697,0.6522,0.2433,0.0052,0.0131,1.3162
7,13,8,12,2.5179,0.5539,0.6040,0.2532,0.0037,0.0130,1.3299
7,13,9,11,2.3889,0.5337,0.4371,0.2706,0.0033,0.0130,1.3886
7,13,10,9,2.6104,0.5128,0.6318,0.2878,0.0072,0.0134,1.4315
7,13,11,8,2.5396,0.4834,0.5977,0.2913,0.0072,0.0132,1.4239
7,14,2,7,2.5284,0.6968,0.7182,0.2509,0.0145,0.0103,1.0778
7,14,3,8,2.7445,0.6977,0.6626,0.1680,0.0056,0.0132,1.3514
7,14,4,10,2.5582,0.6672,0.5238,0.1761,0.0074,0.0129,1.3336
7,14,5,12,2.5428,0.6218,0.5396,0.2124,0.0039,0.0132,1.3507
7,14,6,12,2.5528,0.5994,0.5861,0.2352,0.0033,0.0131,1.3375
7,14,7,12,2.5115,0.5735,0.5745,0.2495,0.0021,0.0131,1.3351
7,14,8,12,2.5332,0.5533,0.6185,0.2594,0.0069,0.0130,1.3282
7,14,9,8,2.5491,0.5352,0.5864,0.2724,0.0114,0.0131,1.3889
7,14,10,8,2.6038,0.5105,0.6418,0.2889,0.0086,0.0132,1.4159
7,14,11,8,2.5668,0.4830,0.6244,0.3017,0.0192,0.0132,1.4129
7,15,2,7,2.5373,0.6974,0.7307,0.2449,0.0164,0.0102,1.0717
7,15,3,8,2.6544,0.6924,0.6059,0.1674,0.0054,0.0129,1.3241
7,15,4,10,2.5371,0.6590,0.5150,0.1880,0.0027,0.0129,1.3343
7,15,5,11,2.5062,0.6187,0.5228,0.2150,0.0037,0.0131,1.3347
7,15,6,12,2.5695,0.5915,0.6157,0.2380,0.0031,0.0131,1.3327
7,15,7,12,2.5143,0.5720,0.5728,0.2434,0.0020,0.0131,1.3411
7,15,8,12,2.5335,0.5493,0.6202,0.2538,0.0023,0.0131,1.3353
7,15,9,8,2.5623,0.5246,0.6177,0.2784,0.0181,0.0131,1.3752
7,15,10,8,2.6046,0.5064,0.6529,0.2920,0.0093,0.0132,1.4085
7,15,11,8,2.5697,0.4834,0.6307,0.3018,0.0114,0.0132,1.4168
8,1,2,7,2.8383,0.7755,0.8713,0.3693,0.0139,0.0106,1.1556
8,1,3,8,2.1186,0.7375,0.5068,0.1593,0.0026,0.0071,0.8572
8,1,4,10,2.6384,0.7646,0.4439,0.1611,0.0026,0.0138,1.3991
8,1,5,12,2.6288,0.7263,0.4419,0.1772,0.0048,0.0139,1.4275
8,1,6,12,2.5297,0.7030,0.3670,0.1851,0.0033,0.0138,1.4284
8,1,7,13,2.5416,0.6815,0.3928,0.2057,0.0026,0.0140,1.4364
8,1,8,11,2.5192,0.6329,0.4430,0.2391,0.0030,0.0137,1.4125
8,1,9,9,2.7751,0.6023,0.7282,0.3559,0.0059,0.0139,1.4101
8,1,10,10,2.7436,0.5751,0.7500,0.3353,0.0061,0.0138,1.3842
8,1,11,9,2.5449,0.5775,0.4994,0.2491,0.0029,0.0138,1.4370
8,2,2,7,2.8374,0.7663,0.8907,0.3793,0.0137,0.0107,1.1445
8,2,3,9,2.8727,0.8122,0.5833,0.1575,0.0070,0.0143,1.4412
8,2,4,9,2.6183,0.7681,0.4363,0.1617,0.0041,0.0135,1.3822
8,2,5,11,2.6402,0.7386,0.4547,0.1843,0.0038,0.0137,1.4152
8,2,6,12,2.5318,0.7050,0.3684,0.1859,0.0029,0.0138,1.4275
8,2,7,13,2.5636,0.6780,0.4128,0.2077,0.0033,0.0140,1.4411
8,2,8,12,2.5315,0.6216,0.4483,0.2327,0.0032,0.0138,1.4304
8,2,9,9,2.7555,0.5864,0.7231,0.3575,0.0089,0.0139,1.4085
8,2,10,8,2.4673,0.5603,0.4010,0.2813,0.0062,0.0136,1.4718
8,2,11,9,2.5526,0.5662,0.5201,0.2569,0.0029,0.0137,1.4355
8,3,2,7,2.6924,0.7656,0.7441,0.2577,0.0080,0.0106,1.1527
8,3,3,8,2.8191,0.8125,0.5519,0.1554,0.0101,0.0139,1.4159
8,3,4,10,2.6702,0.7714,0.4641,0.1643,0.0029,0.0137,1.4038
8,3,5,11,2.6105,0.7135,0.4480,0.1842,0.0024,0.0138,1.4186
8,3,6,12,2.5484,0.6904,0.3924,0.1883,0.0034,0.0138,1.4343
8,3,7,13,2.5597,0.6550,0.4330,0.2058,0.0029,0.0140,1.4405
8,3,8,12,2.5214,0.6035,0.4590,0.2347,0.0031,0.0137,1.4279
8,3,9,10,2.7561,0.5648,0.7249,0.3454,0.0090,0.0140,1.4287
8,3,10,8,2.4714,0.5420,0.4183,0.2854,0.0063,0.0136,1.4770
8,3,11,9,2.5496,0.5478,0.5239,0.2682,0.0029,0.0139,1.4466
8,4,2,7,2.7080,0.7679,0.7612,0.2672,0.0084,0.0106,1.1485
8,4,3,8,2.7972,0.8044,0.5472,0.1568,0.0063,0.0138,1.4107
8,4,4,10,2.6496,0.7513,0.4685,0.1749,0.0030,0.0137,1.3990
8,4,5,11,2.5932,0.7038,0.4297,0.1943,0.0040,0.0138,1.4277
8,4,6,12,2.5628,0.6715,0.4229,0.1902,0.0032,0.0138,1.4371
8,4,7,12,2.5404,0.6457,0.4361,0.2076,0.0044,0.0138,1.4262
8,4,8,12,2.5423,0.5793,0.5009,0.2390,0.0035,0.0138,1.4303
8,4,9,9,2.7551,0.5567,0.7386,0.3675,0.0095,0.0138,1.4219
8,4,10,8,2.4997,0.5272,0.4515,0.2811,0.0068,0.0136,1.4862
8,4,11,9,2.5513,0.5258,0.5521,0.2900,0.0031,0.0138,1.4422
8,5,2,7,2.5514,0.7588,0.7665,0.2450,0.0060,0.0091,1.0015
8,5,3,9,2.8013,0.7805,0.5642,0.1586,0.0059,0.0140,1.4219
8,5,4,10,2.6389,0.7195,0.4850,0.1770,0.0039,0.0137,1.4025
8,5,5,12,2.6018,0.6733,0.4584,0.1943,0.0029,0.0139,1.4388
8,5,6,13,2.5930,0.6396,0.4625,0.2038,0.0045,0.0139,1.4582
8,5,7,13,2.5809,0.6136,0.4875,0.2107,0.0030,0.0140,1.4487
8,5,8,13,2.5803,0.5579,0.5590,0.2450,0.0038,0.0140,1.4313
8,5,9,9,2.7705,0.5366,0.7719,0.3704,0.0097,0.0138,1.4238
8,5,10,8,2.5283,0.5203,0.4789,0.2879,0.0058,0.0136,1.4954
8,5,11,8,2.4785,0.5133,0.4666,0.3037,0.0065,0.0135,1.4640
8,6,2,7,2.5638,0.7441,0.6289,0.1648,0.0081,0.0106,1.1608
8,6,3,8,2.7974,0.7592,0.5924,0.1597,0.0058,0.0139,1.4116
8,6,4,11,2.6572,0.6983,0.5071,0.1774,0.0031,0.0138,1.4207
8,6,5,11,2.5974,0.6504,0.4882,0.2077,0.0044,0.0137,1.4264
8,6,6,13,2.6708,0.6241,0.5851,0.2129,0.0031,0.0140,1.4302
8,6,7,12,2.6103,0.5938,0.5622,0.2306,0.0029,0.0138,1.4236
8,6,8,13,2.5971,0.5559,0.5766,0.2524,0.0034,0.0139,1.4328
8,6,9,9,2.7949,0.5319,0.8231,0.3684,0.0065,0.0138,1.4052
8,6,10,8,2.5577,0.5171,0.5133,0.2817,0.0080,0.0136,1.4914
8,6,11,9,2.5057,0.5033,0.4840,0.2980,0.0065,0.0137,1.4834
8,7,2,7,2.5697,0.7322,0.6624,0.1734,0.0102,0.0106,1.1430
8,7,3,9,2.8266,0.7273,0.6369,0.1614,0.0070,0.0139,1.4265
8,7,4,11,2.6893,0.6773,0.5724,0.1821,0.0030,0.0138,1.4085
8,7,5,11,2.6098,0.6319,0.5287,0.2143,0.0047,0.0137,1.4167
8,7,6,12,2.6630,0.6128,0.5926,0.2274,0.0027,0.0138,1.4268
8,7,7,13,2.6522,0.5908,0.5829,0.2365,0.0049,0.0140,1.4453
8,7,8,12,2.6323,0.5586,0.6234,0.2601,0.0060,0.0138,1.4164
8,7,9,10,2.8212,0.5335,0.8390,0.3521,0.0086,0.0140,1.4116
8,7,10,8,2.5945,0.5224,0.5536,0.2912,0.0122,0.0136,1.4783
8,7,11,9,2.5455,0.5022,0.5131,0.3075,0.0070,0.0137,1.4952
8,11,2,7,2.5264,0.7344,0.6071,0.1601,0.0080,0.0106,1.1549
8,11,3,9,2.7370,0.7231,0.5842,0.1631,0.0063,0.0137,1.3956
8,11,4,11,2.6718,0.6589,0.5728,0.1885,0.0033,0.0137,1.4090
8,11,5,12,2.6198,0.6292,0.5221,0.2200,0.0037,0.0139,1.4365
8,11,6,12,2.6587,0.6119,0.5788,0.2244,0.0027,0.0139,1.4371
8,11,7,12,2.6209,0.5873,0.5727,0.2435,0.0033,0.0138,1.4297
8,11,8,12,2.6409,0.5580,0.6358,0.2636,0.0030,0.0137,1.4163
8,11,9,9,2.8200,0.5343,0.8603,0.3678,0.0086,0.0137,1.3885
8,11,10,9,2.5985,0.5146,0.5748,0.2919,0.0100,0.0138,1.4708
8,11,11,9,2.5516,0.4954,0.5111,0.2973,0.0069,0.0138,1.5096
8,13,2,8,2.5446,0.7314,0.6266,0.1667,0.0087,0.0107,1.1558
8,13,3,9,2.7294,0.7015,0.5940,0.1678,0.0067,0.0136,1.3992
8,13,4,11,2.7097,0.6585,0.6227,0.1995,0.0021,0.0137,1.3988
8,13,5,11,2.6330,0.6319,0.5483,0.2261,0.0041,0.0137,1.4208
8,13,6,12,2.6849,0.6133,0.6113,0.2380,0.0029,0.0138,1.4292
8,13,7,11,2.6891,0.5865,0.6814,0.2542,0.0030,0.0136,1.3903
8,13,8,12,2.6534,0.5501,0.6463,0.2689,0.0033,0.0139,1.4257
8,13,9,10,2.8298,0.5354,0.8678,0.3164,0.0090,0.0138,1.3893
8,13,10,9,2.6151,0.5199,0.5921,0.2942,0.0092,0.0137,1.4658
8,13,11,8,2.5594,0.4947,0.5347,0.3000,0.0073,0.0136,1.4945
8,14,2,8,2.2737,0.7277,0.6060,0.1987,0.0040,0.0083,0.9192
8,14,3,9,2.7408,0.7038,0.6026,0.1705,0.0059,0.0137,1.4004
8,14,4,12,2.7226,0.6618,0.6309,0.2035,0.0034,0.0138,1.3985
8,14,5,13,2.6661,0.6347,0.5575,0.2194,0.0028,0.0140,1.4426
8,14,6,12,2.6880,0.6135,0.6187,0.2416,0.0029,0.0138,1.4249
8,14,7,11,2.7089,0.5904,0.6964,0.2580,0.0025,0.0136,1.3917
8,14,8,13,2.6920,0.5535,0.6754,0.2754,0.0024,0.0140,1.4323
8,14,9,9,2.8192,0.5369,0.8649,0.3610,0.0091,0.0135,1.3805
8,14,10,8,2.6259,0.5136,0.6334,0.3055,0.0110,0.0135,1.4401
8,14,11,8,2.5721,0.5004,0.5521,0.3028,0.0091,0.0135,1.4828
8,15,2,8,2.1050,0.7172,0.5264,0.1870,0.0024,0.0075,0.8439
8,15,3,8,2.7249,0.6926,0.6230,0.1725,0.0064,0.0135,1.3754
8,15,4,11,2.6987,0.6598,0.6078,0.1985,0.0028,0.0136,1.4006
8,15,5,11,2.6470,0.6306,0.5761,0.2241,0.0035,0.0137,1.4089
8,15,6,12,2.6743,0.6099,0.6044,0.2401,0.0033,0.0138,1.4286
8,15,7,12,2.7091,0.5874,0.6792,0.2615,0.0025,0.0139,1.4117
8,15,8,13,2.6881,0.5508,0.6847,0.2767,0.0024,0.0139,1.4221
8,15,9,9,2.8196,0.5310,0.8668,0.3623,0.0088,0.0136,1.3849
8,15,10,8,2.6132,0.5130,0.6205,0.2963,0.0096,0.0136,1.4424
8,15,11,8,2.5730,0.4985,0.5663,0.3074,0.0095,0.0135,1.4710
9,1,2,7,2.7142,0.7766,0.6888,0.1849,0.0169,0.0108,1.2094
9,1,3,7,2.2071,0.7419,0.4808,0.1730,0.0032,0.0082,0.9645
9,1,4,9,2.7241,0.8046,0.4517,0.1614,0.0051,0.0140,1.4340
9,1,5,11,2.7306,0.7719,0.4627,0.1787,0.0064,0.0143,1.4606
9,1,6,12,2.6046,0.7254,0.3554,0.1937,0.0018,0.0143,1.4930
9,1,7,12,2.6325,0.6873,0.4323,0.2253,0.0016,0.0143,1.4824
9,1,8,12,2.6245,0.6459,0.4413,0.2490,0.0024,0.0144,1.5058
9,1,9,13,2.6692,0.6191,0.5435,0.2637,0.0021,0.0144,1.4754
9,1,10,9,2.8092,0.5927,0.7844,0.3119,0.0068,0.0140,1.3966
9,1,11,8,2.5955,0.5915,0.5097,0.2639,0.0032,0.0141,1.4623
9,2,2,7,2.7263,0.7762,0.7149,0.1915,0.0202,0.0109,1.1926
9,2,3,8,2.2210,0.7435,0.5033,0.1790,0.0020,0.0082,0.9556
9,2,4,9,2.7270,0.8125,0.4542,0.1676,0.0040,0.0139,1.4275
9,2,5,10,2.7170,0.7681,0.4625,0.1785,0.0091,0.0141,1.4483
9,2,6,12,2.6262,0.7173,0.3840,0.1944,0.0030,0.0142,1.4930
9,2,7,13,2.6460,0.6827,0.4264,0.2311,0.0029,0.0144,1.5050
9,2,8,12,2.6171,0.6300,0.4560,0.2480,0.0024,0.0142,1.5000
9,2,9,14,2.6625,0.6056,0.5264,0.2737,0.0027,0.0147,1.4981
9,2,10,9,2.8079,0.5763,0.7938,0.3242,0.0068,0.0140,1.4024
9,2,11,8,2.5824,0.5762,0.5161,0.2641,0.0031,0.0140,1.4584
9,3,2,7,2.6872,0.7733,0.6908,0.1769,0.0138,0.0108,1.1869
9,3,3,8,2.2158,0.7430,0.5121,0.1760,0.0026,0.0080,0.9420
9,3,4,11,2.7680,0.8079,0.4687,0.1669,0.0038,0.0143,1.4584
9,3,5,10,2.6949,0.7729,0.4253,0.1810,0.0076,0.0140,1.4603
9,3,6,12,2.6297,0.6993,0.3950,0.1955,0.0025,0.0144,1.5037
9,3,7,13,2.6358,0.6704,0.4317,0.2237,0.0034,0.0144,1.5012
9,3,8,12,2.6203,0.6069,0.4782,0.2568,0.0024,0.0143,1.5037
9,3,9,9,2.7966,0.5821,0.7316,0.3290,0.0058,0.0142,1.4481
9,3,10,10,2.8068,0.5577,0.7799,0.3112,0.0070,0.0142,1.4330
9,3,11,8,2.5792,0.5677,0.5220,0.2667,0.0032,0.0140,1.4578
9,4,2,7,2.7130,0.7672,0.7200,0.1963,0.0247,0.0108,1.1787
9,4,3,8,2.1768,0.7395,0.5443,0.1683,0.0028,0.0074,0.8753
9,4,4,10,2.7334,0.7981,0.4491,0.1657,0.0101,0.0141,1.4471
9,4,5,10,2.6803,0.7353,0.4380,0.1814,0.0045,0.0142,1.4735
9,4,6,12,2.6357,0.6769,0.4251,0.2112,0.0033,0.0142,1.5015
9,4,7,12,2.6267,0.6504,0.4734,0.2291,0.0033,0.0141,1.4709
9,4,8,13,2.6619,0.5986,0.5285,0.2461,0.0040,0.0143,1.5017
9,4,9,9,2.7966,0.5706,0.7329,0.2991,0.0058,0.0141,1.4583
9,4,10,10,2.8037,0.5388,0.7809,0.3098,0.0070,0.0142,1.4477
9,4,11,9,2.6144,0.5430,0.5616,0.2892,0.0022,0.0142,1.4787
9,5,2,8,2.6710,0.7589,0.6912,0.1781,0.0083,0.0110,1.1899
9,5,3,8,2.9555,0.7950,0.6491,0.1662,0.0072,0.0144,1.4742
9,5,4,9,2.7413,0.7738,0.4810,0.1690,0.0060,0.0141,1.4513
9,5,5,11,2.6987,0.7119,0.4738,0.1917,0.0037,0.0143,1.4801
9,5,6,12,2.6464,0.6555,0.4576,0.2117,0.0023,0.0143,1.5021
9,5,7,13,2.6459,0.6139,0.4970,0.2293,0.0047,0.0144,1.5012
9,5,8,13,2.6660,0.5735,0.5539,0.2520,0.0035,0.0145,1.5058
9,5,9,10,2.8217,0.5561,0.7565,0.2894,0.0076,0.0144,1.4719
9,5,10,9,2.8028,0.5356,0.7896,0.3479,0.0068,0.0140,1.4418
9,5,11,8,2.5931,0.5308,0.5599,0.3103,0.0019,0.0139,1.4720
9,6,2,8,2.6865,0.7393,0.7351,0.1784,0.0168,0.0109,1.1728
9,6,3,9,2.9169,0.7733,0.6225,0.1621,0.0067,0.0146,1.4847
9,6,4,10,2.7263,0.7413,0.4992,0.1808,0.0063,0.0141,1.4508
9,6,5,11,2.6870,0.6954,0.4787,0.1964,0.0038,0.0142,1.4800
9,6,6,11,2.7388,0.6340,0.6124,0.2285,0.0101,0.0141,1.4536
9,6,7,13,2.6681,0.5978,0.5338,0.2406,0.0032,0.0143,1.5042
9,6,8,14,2.7095,0.5614,0.6019,0.2626,0.0079,0.0146,1.5087
9,6,9,9,2.8283,0.5463,0.8057,0.3272,0.0098,0.0140,1.4376
9,6,10,9,2.8203,0.5294,0.8103,0.3445,0.0082,0.0140,1.4435
9,6,11,8,2.5639,0.5212,0.5022,0.3239,0.0072,0.0138,1.5049
9,7,2,8,2.6391,0.7354,0.7089,0.1828,0.0081,0.0110,1.1642
9,7,3,9,2.9456,0.7528,0.6745,0.1707,0.0067,0.0145,1.4819
9,7,4,10,2.7618,0.7238,0.5560,0.1826,0.0072,0.0141,1.4459
9,7,5,12,2.7207,0.6667,0.5314,0.2126,0.0026,0.0143,1.4909
9,7,6,11,2.6687,0.6252,0.5303,0.2221,0.0019,0.0142,1.4824
9,7,7,13,2.6894,0.5967,0.5575,0.2452,0.0034,0.0143,1.5028
9,7,8,12,2.7074,0.5681,0.6269,0.2669,0.0065,0.0143,1.4771
9,7,9,9,2.8605,0.5505,0.8352,0.3327,0.0057,0.0142,1.4399
9,7,10,9,2.8753,0.5294,0.8673,0.3652,0.0058,0.0141,1.4437
9,7,11,8,2.5953,0.5086,0.5225,0.3045,0.0073,0.0140,1.5282
9,11,2,8,2.6510,0.7370,0.7134,0.1843,0.0088,0.0110,1.1693
9,11,3,9,2.9436,0.7404,0.6713,0.1656,0.0066,0.0145,1.4956
9,11,4,11,2.8013,0.7100,0.6069,0.1887,0.0030,0.0141,1.4528
9,11,5,13,2.7421,0.6567,0.5484,0.2171,0.0044,0.0145,1.5031
9,11,6,12,2.6973,0.6234,0.5422,0.2343,0.0048,0.0144,1.4978
9,11,7,13,2.7094,0.5930,0.5791,0.2527,0.0039,0.0144,1.5043
9,11,8,12,2.7263,0.5625,0.6433,0.2689,0.0068,0.0143,1.4846
9,11,9,10,2.8602,0.5534,0.8063,0.3233,0.0055,0.0143,1.4657
9,11,10,9,2.7029,0.5309,0.5928,0.3144,0.0095,0.0142,1.5402
9,11,11,8,2.6163,0.5070,0.5431,0.3081,0.0059,0.0140,1.5314
9,13,2,7,2.5528,0.7312,0.6281,0.1693,0.0080,0.0108,1.1632
9,13,3,9,2.9269,0.7320,0.6739,0.1667,0.0070,0.0144,1.4842
9,13,4,10,2.7975,0.7022,0.6157,0.1912,0.0016,0.0141,1.4494
9,13,5,12,2.7489,0.6579,0.5669,0.2172,0.0049,0.0143,1.4901
9,13,6,11,2.7137,0.6236,0.5788,0.2357,0.0074,0.0141,1.4751
9,13,7,12,2.7446,0.5834,0.6397,0.2681,0.0048,0.0142,1.4878
9,13,8,13,2.7402,0.5644,0.6499,0.2870,0.0119,0.0144,1.4849
9,13,9,9,2.8861,0.5555,0.8651,0.3213,0.0062,0.0141,1.4302
9,13,10,8,2.7205,0.5310,0.6154,0.3091,0.0181,0.0141,1.5272
9,13,11,8,2.6229,0.5103,0.5613,0.3085,0.0074,0.0139,1.5153
9,14,2,8,2.5740,0.7298,0.6414,0.1752,0.0080,0.0110,1.1720
9,14,3,9,2.8494,0.7258,0.6494,0.1845,0.0072,0.0141,1.4384
9,14,4,11,2.8272,0.7004,0.6357,0.1953,0.0031,0.0142,1.4592
9,14,5,11,2.7523,0.6526,0.5943,0.2245,0.0061,0.0141,1.4706
9,14,6,11,2.7921,0.6231,0.6753,0.2420,0.0025,0.0142,1.4622
9,14,7,12,2.7530,0.5858,0.6429,0.2723,0.0037,0.0142,1.4917
9,14,8,13,2.7580,0.5638,0.6828,0.2889,0.0044,0.0143,1.4779
9,14,9,9,2.8736,0.5534,0.8699,0.3108,0.0062,0.0140,1.4154
9,14,10,9,2.7269,0.5304,0.6163,0.3119,0.0193,0.0142,1.5317
9,14,11,9,2.6581,0.5074,0.5788,0.3157,0.0076,0.0142,1.5352
9,15,2,8,2.2955,0.7323,0.6010,0.2043,0.0044,0.0087,0.9403
9,15,3,8,2.8462,0.7228,0.6491,0.1770,0.0074,0.0140,1.4378
9,15,4,11,2.8403,0.6983,0.6522,0.1993,0.0058,0.0142,1.4551
9,15,5,11,2.7525,0.6445,0.6067,0.2302,0.0044,0.0141,1.4681
9,15,6,12,2.8117,0.6163,0.6935,0.2422,0.0029,0.0144,1.4699
9,15,7,12,2.7519,0.5850,0.6442,0.2712,0.0068,0.0143,1.4867
9,15,8,14,2.7921,0.5643,0.7001,0.2839,0.0027,0.0145,1.4957
9,15,9,9,2.8689,0.5507,0.8656,0.3220,0.0075,0.0140,1.4164
9,15,10,9,2.7276,0.5295,0.6224,0.3109,0.0173,0.0143,1.5289
9,15,11,8,2.6787,0.5114,0.6128,0.3283,0.0085,0.0140,1.5172
10,1,2,7,2.7347,0.7732,0.7306,0.1859,0.0144,0.0109,1.1939
10,1,3,8,2.2703,0.7365,0.5408,0.1914,0.0028,0.0084,0.9731
10,1,4,10,2.7426,0.7733,0.4791,0.1686,0.0032,0.0143,1.4579
10,1,5,11,2.6918,0.7237,0.4408,0.1926,0.0049,0.0144,1.4930
10,1,6,12,2.6535,0.7049,0.4060,0.2036,0.0031,0.0144,1.5102
10,1,7,11,2.6669,0.6800,0.4512,0.2316,0.0026,0.0143,1.5039
10,1,8,13,2.6745,0.6583,0.4553,0.2468,0.0045,0.0146,1.5266
10,1,9,9,2.8364,0.6244,0.7211,0.2940,0.0081,0.0144,1.4533
10,1,10,9,2.8647,0.6095,0.7967,0.3268,0.0118,0.0141,1.4176
10,1,11,8,2.5963,0.5937,0.5148,0.2530,0.0023,0.0140,1.4567
10,2,2,7,2.7621,0.7610,0.7750,0.2120,0.0339,0.0108,1.1699
10,2,3,8,2.2676,0.7285,0.5710,0.1938,0.0032,0.0084,0.9478
10,2,4,10,2.7948,0.7841,0.5258,0.1782,0.0018,0.0143,1.4540
10,2,5,11,2.7123,0.7325,0.4507,0.2005,0.0029,0.0143,1.4970
10,2,6,11,2.6658,0.7097,0.4245,0.2074,0.0040,0.0142,1.4986
10,2,7,12,2.6604,0.6791,0.4225,0.2254,0.0028,0.0145,1.5264
10,2,8,13,2.6574,0.6396,0.4479,0.2394,0.0019,0.0147,1.5382
10,2,9,9,2.8195,0.6128,0.7194,0.2943,0.0053,0.0143,1.4525
10,2,10,9,2.8521,0.5910,0.7932,0.3264,0.0102,0.0142,1.4283
10,2,11,10,2.6101,0.5847,0.5136,0.2485,0.0026,0.0143,1.4800
10,3,2,7,2.7199,0.7611,0.7482,0.1895,0.0155,0.0107,1.1727
10,3,3,8,2.2574,0.7318,0.5599,0.1879,0.0029,0.0084,0.9458
10,3,4,10,2.7905,0.7867,0.5193,0.1803,0.0024,0.0142,1.4530
10,3,5,10,2.6991,0.7235,0.4615,0.1914,0.0048,0.0142,1.4803
10,3,6,11,2.6532,0.6975,0.4156,0.2141,0.0028,0.0143,1.5082
10,3,7,12,2.6662,0.6586,0.4614,0.2224,0.0023,0.0145,1.5146
10,3,8,12,2.6410,0.6184,0.4671,0.2328,0.0024,0.0144,1.5239
10,3,9,9,2.8115,0.5901,0.7300,0.2956,0.0063,0.0143,1.4557
10,3,10,10,2.8436,0.5728,0.7805,0.3261,0.0073,0.0143,1.4536
10,3,11,9,2.6185,0.5704,0.5406,0.2536,0.0032,0.0141,1.4753
10,4,2,7,2.7248,0.7537,0.7693,0.1927,0.0186,0.0109,1.1608
10,4,3,8,2.1964,0.7237,0.5420,0.1821,0.0029,0.0078,0.9120
10,4,4,10,2.7940,0.7520,0.5570,0.1892,0.0019,0.0143,1.4537
10,4,5,10,2.6940,0.7013,0.4705,0.2018,0.0085,0.0142,1.4847
10,4,6,12,2.6891,0.6845,0.4488,0.2017,0.0060,0.0144,1.5207
10,4,7,12,2.6632,0.6362,0.4915,0.2238,0.0025,0.0144,1.5039
10,4,8,12,2.6663,0.6117,0.5062,0.2425,0.0027,0.0144,1.5165
10,4,9,9,2.8134,0.5749,0.7410,0.3027,0.0068,0.0142,1.4615
10,4,10,10,2.8558,0.5604,0.8013,0.3291,0.0073,0.0143,1.4574
10,4,11,9,2.5897,0.5570,0.5286,0.2548,0.0021,0.0141,1.4731
10,5,2,7,2.7276,0.7504,0.7742,0.1981,0.0184,0.0109,1.1622
10,5,3,9,2.9028,0.7771,0.6125,0.1715,0.0075,0.0145,1.4761
10,5,4,10,2.7757,0.7239,0.5677,0.1934,0.0033,0.0142,1.4515
10,5,5,11,2.7214,0.6777,0.5270,0.2103,0.0033,0.0143,1.4843
10,5,6,11,2.6699,0.6549,0.4863,0.2132,0.0029,0.0143,1.4969
10,5,7,12,2.6753,0.6145,0.5098,0.2261,0.0017,0.0145,1.5199
10,5,8,12,2.6701,0.5853,0.5388,0.2321,0.0025,0.0145,1.5142
10,5,9,10,2.8374,0.5599,0.7557,0.3060,0.0086,0.0143,1.4837
10,5,10,10,2.8401,0.5452,0.7850,0.3309,0.0102,0.0142,1.4703
10,5,11,10,2.6238,0.5427,0.5635,0.2770,0.0019,0.0144,1.4864
10,6,2,7,2.7354,0.7390,0.7964,0.2124,0.0264,0.0109,1.1512
10,6,3,8,2.8834,0.7527,0.6270,0.1749,0.0188,0.0142,1.4559
10,6,4,9,2.8214,0.6943,0.6498,0.1959,0.0020,0.0142,1.4461
10,6,5,11,2.7202,0.6531,0.5386,0.2171,0.0076,0.0142,1.4920
10,6,6,12,2.6959,0.6347,0.5182,0.2185,0.0027,0.0143,1.5112
10,6,7,12,2.6999,0.5985,0.5542,0.2318,0.0021,0.0144,1.5158
10,6,8,13,2.7280,0.5770,0.5848,0.2502,0.0071,0.0147,1.5295
10,6,9,10,2.8505,0.5503,0.7913,0.3020,0.0084,0.0144,1.4711
10,6,10,9,2.8472,0.5420,0.7995,0.3339,0.0112,0.0142,1.4652
10,6,11,10,2.6235,0.5183,0.5930,0.3071,0.0029,0.0143,1.4802
10,7,2,8,2.7009,0.7266,0.7829,0.1879,0.0167,0.0110,1.1521
10,7,3,9,2.8707,0.7328,0.6231,0.1688,0.0145,0.0144,1.4708
10,7,4,11,2.8177,0.6759,0.6403,0.2020,0.0025,0.0144,1.4695
10,7,5,12,2.7280,0.6331,0.5547,0.2276,0.0053,0.0145,1.5056
10,7,6,13,2.7346,0.6165,0.5665,0.2282,0.0052,0.0145,1.5171
10,7,7,13,2.7280,0.5914,0.5790,0.2369,0.0054,0.0146,1.5226
10,7,8,13,2.7526,0.5777,0.6199,0.2566,0.0066,0.0146,1.5188
10,7,9,10,2.8859,0.5549,0.8214,0.3090,0.0168,0.0143,1.4634
10,7,10,8,2.6751,0.5447,0.5667,0.2783,0.0078,0.0141,1.5266
10,7,11,10,2.6139,0.5220,0.5031,0.3092,0.0028,0.0143,1.5568
10,11,2,8,2.7279,0.7212,0.8059,0.2188,0.0208,0.0111,1.1572
10,11,3,9,2.8587,0.7224,0.6225,0.1657,0.0083,0.0144,1.4760
10,11,4,10,2.8129,0.6630,0.6607,0.2057,0.0019,0.0143,1.4581
10,11,5,11,2.7247,0.6290,0.5611,0.2308,0.0056,0.0144,1.4995
10,11,6,13,2.7338,0.6137,0.5761,0.2351,0.0052,0.0145,1.5096
10,11,7,13,2.7276,0.5906,0.5790,0.2413,0.0045,0.0146,1.5239
10,11,8,13,2.7762,0.5793,0.6404,0.2589,0.0050,0.0146,1.5220
10,11,9,10,2.8781,0.5591,0.8140,0.3003,0.0144,0.0143,1.4613
10,11,10,8,2.6699,0.5437,0.5632,0.2809,0.0064,0.0141,1.5273
10,11,11,9,2.6142,0.5079,0.5291,0.3124,0.0017,0.0142,1.5461
10,13,2,8,2.6192,0.7215,0.7085,0.1867,0.0080,0.0111,1.1583
10,13,3,9,2.8438,0.7109,0.6334,0.1766,0.0074,0.0142,1.4628
10,13,4,12,2.8293,0.6660,0.6526,0.2046,0.0036,0.0145,1.4775
10,13,5,11,2.7390,0.6338,0.5934,0.2366,0.0048,0.0144,1.4778
10,13,6,12,2.8205,0.6145,0.6902,0.2411,0.0035,0.0143,1.4832
10,13,7,12,2.7605,0.5942,0.6227,0.2529,0.0084,0.0144,1.5060
10,13,8,10,2.9576,0.5705,0.8573,0.3114,0.0057,0.0146,1.4940
10,13,9,10,2.9049,0.5564,0.8576,0.3217,0.0068,0.0143,1.4547
10,13,10,9,2.7015,0.5406,0.5884,0.2978,0.0119,0.0143,1.5312
10,13,11,10,2.6460,0.5142,0.5436,0.3130,0.0031,0.0143,1.5557
10,14,2,8,2.6189,0.7215,0.7177,0.1880,0.0081,0.0111,1.1488
10,14,3,9,2.8822,0.7166,0.6794,0.1750,0.0134,0.0141,1.4438
10,14,4,12,2.8305,0.6709,0.6603,0.2103,0.0034,0.0144,1.4667
10,14,5,11,2.7611,0.6359,0.6188,0.2426,0.0093,0.0143,1.4680
10,14,6,12,2.8245,0.6146,0.6882,0.2486,0.0023,0.0144,1.4901
10,14,7,12,2.7758,0.5916,0.6425,0.2602,0.0049,0.0144,1.5075
10,14,8,10,2.9712,0.5739,0.8770,0.3170,0.0062,0.0145,1.4843
10,14,9,9,2.9275,0.5605,0.8886,0.3242,0.0060,0.0143,1.4429
10,14,10,8,2.7175,0.5352,0.6290,0.3079,0.0145,0.0140,1.5097
10,14,11,9,2.6701,0.5135,0.5805,0.3170,0.0030,0.0142,1.5437
10,15,2,8,2.3356,0.7172,0.6450,0.1921,0.0037,0.0088,0.9517
10,15,3,8,2.8257,0.7134,0.6467,0.1769,0.0066,0.0140,1.4305
10,15,4,10,2.8363,0.6608,0.7083,0.2153,0.0039,0.0142,1.4343
10,15,5,13,2.7758,0.6297,0.6152,0.2410,0.0033,0.0145,1.4982
10,15,6,11,2.8250,0.6067,0.7123,0.2542,0.0024,0.0143,1.4744
10,15,7,13,2.7969,0.5910,0.6566,0.2570,0.0018,0.0146,1.5179
10,15,8,10,2.9370,0.5723,0.8605,0.2859,0.0071,0.0145,1.4673
10,15,9,10,2.9303,0.5554,0.8830,0.3370,0.0061,0.0144,1.4564
10,15,10,8,2.7161,0.5317,0.6282,0.3061,0.0172,0.0140,1.5098
10,15,11,10,2.6954,0.5099,0.5975,0.3201,0.0080,0.0143,1.5506
11,1,2,7,2.7515,0.7804,0.7452,0.2049,0.0093,0.0109,1.1941
11,1,3,7,2.1683,0.7579,0.5128,0.1620,0.0022,0.0074,0.8804
11,1,4,9,2.7238,0.8065,0.4458,0.1642,0.0033,0.0140,1.4395
11,1,5,11,2.6907,0.7659,0.4015,0.1722,0.0032,0.0144,1.4910
11,1,6,11,2.6135,0.7376,0.3520,0.1824,0.0022,0.0143,1.4925
11,1,7,11,2.6430,0.6947,0.4307,0.2242,0.0023,0.0143,1.4859
11,1,8,13,2.6308,0.6493,0.4402,0.2418,0.0031,0.0144,1.5090
11,1,9,9,2.8458,0.6150,0.7281,0.3404,0.0121,0.0142,1.4613
11,1,10,10,2.7341,0.5933,0.6870,0.2840,0.0027,0.0142,1.4219
11,1,11,9,2.5518,0.5770,0.4716,0.2489,0.0027,0.0140,1.4718
11,2,2,7,2.7596,0.7774,0.7541,0.2223,0.0110,0.0110,1.1945
11,2,3,8,2.9314,0.8494,0.5571,0.1603,0.0068,0.0146,1.4880
11,2,4,11,2.7601,0.8087,0.4585,0.1660,0.0053,0.0143,1.4582
11,2,5,11,2.6791,0.7710,0.3806,0.1668,0.0026,0.0143,1.4959
11,2,6,11,2.6247,0.7394,0.3683,0.1872,0.0031,0.0141,1.4852
11,2,7,11,2.6421,0.6813,0.4513,0.2242,0.0030,0.0143,1.4774
11,2,8,12,2.6348,0.6423,0.4590,0.2465,0.0041,0.0143,1.5004
11,2,9,9,2.8278,0.5952,0.7163,0.3124,0.0114,0.0144,1.4753
11,2,10,9,2.5469,0.5807,0.3991,0.2809,0.0029,0.0141,1.5352
11,2,11,10,2.5847,0.5543,0.5018,0.2630,0.0031,0.0144,1.4962
11,3,2,7,2.6279,0.7695,0.6272,0.1672,0.0081,0.0109,1.2006
11,3,3,8,2.8747,0.8409,0.5375,0.1480,0.0067,0.0143,1.4600
11,3,4,9,2.7330,0.8073,0.4293,0.1698,0.0026,0.0141,1.4647
11,3,5,11,2.6776,0.7593,0.3937,0.1700,0.0026,0.0142,1.4931
11,3,6,12,2.6234,0.7033,0.3820,0.2012,0.0025,0.0144,1.5064
11,3,7,12,2.6370,0.6630,0.4499,0.2140,0.0023,0.0144,1.4925
11,3,8,12,2.6418,0.6235,0.4751,0.2473,0.0041,0.0143,1.5101
11,3,9,9,2.8415,0.5785,0.7449,0.3082,0.0087,0.0143,1.4798
11,3,10,10,2.5550,0.5650,0.4031,0.2841,0.0025,0.0142,1.5551
11,3,11,11,2.5858,0.5509,0.4925,0.2678,0.0030,0.0145,1.5099
11,4,2,7,2.6338,0.7652,0.6456,0.1730,0.0083,0.0108,1.1922
11,4,3,8,2.7867,0.8470,0.4597,0.1508,0.0060,0.0141,1.4446
11,4,4,11,2.7540,0.7960,0.4346,0.1684,0.0029,0.0143,1.4913
11,4,5,12,2.6656,0.7349,0.3979,0.1806,0.0022,0.0143,1.5015
11,4,6,11,2.6488,0.6991,0.4152,0.1968,0.0074,0.0143,1.4981
11,4,7,12,2.6388,0.6397,0.4694,0.2201,0.0028,0.0144,1.4976
11,4,8,12,2.6646,0.6090,0.5006,0.2517,0.0108,0.0144,1.5151
11,4,9,9,2.8340,0.5524,0.7451,0.3273,0.0129,0.0143,1.4941
11,4,10,9,2.5595,0.5530,0.4255,0.2872,0.0036,0.0143,1.5484
11,4,11,10,2.5698,0.5369,0.4941,0.2749,0.0027,0.0143,1.5069
11,5,2,7,2.5812,0.7604,0.5848,0.1637,0.0084,0.0109,1.2049
11,5,3,9,2.8062,0.8118,0.5219,0.1558,0.0070,0.0141,1.4367
11,5,4,10,2.7434,0.7608,0.4836,0.1759,0.0038,0.0142,1.4663
11,5,5,11,2.7074,0.7052,0.4960,0.1847,0.0030,0.0142,1.4743
11,5,6,12,2.6710,0.6697,0.4737,0.2019,0.0046,0.0144,1.4937
11,5,7,11,2.6647,0.6128,0.5180,0.2315,0.0076,0.0143,1.4972
11,5,8,13,2.7011,0.5831,0.5690,0.2578,0.0048,0.0144,1.5149
11,5,9,9,2.8526,0.5516,0.7817,0.3293,0.0086,0.0143,1.4812
11,5,10,9,2.5714,0.5372,0.4438,0.2798,0.0037,0.0142,1.5576
11,5,11,9,2.5439,0.5096,0.4806,0.3079,0.0032,0.0140,1.5217
11,6,2,7,2.5849,0.7489,0.6046,0.1682,0.0088,0.0109,1.2000
11,6,3,10,2.8123,0.7845,0.5409,0.1528,0.0028,0.0142,1.4551
11,6,4,11,2.7597,0.7499,0.4932,0.1793,0.0057,0.0143,1.4818
11,6,5,12,2.7339,0.6804,0.5306,0.1972,0.0020,0.0143,1.4917
11,6,6,12,2.7007,0.6465,0.5137,0.2084,0.0051,0.0144,1.5062
11,6,7,11,2.6807,0.6010,0.5552,0.2338,0.0076,0.0142,1.4880
11,6,8,13,2.6904,0.5685,0.5873,0.2631,0.0068,0.0144,1.4985
11,6,9,9,2.8785,0.5381,0.8355,0.3426,0.0066,0.0144,1.4687
11,6,10,9,2.6021,0.5327,0.4972,0.2764,0.0026,0.0140,1.5407
11,6,11,9,2.5515,0.5012,0.4857,0.3056,0.0034,0.0141,1.5325
11,7,2,7,2.5573,0.7389,0.5976,0.1691,0.0087,0.0109,1.1898
11,7,3,10,2.8042,0.7648,0.5518,0.1616,0.0028,0.0142,1.4558
11,7,4,10,2.7389,0.7192,0.5287,0.1849,0.0033,0.0140,1.4590
11,7,5,11,2.7408,0.6620,0.5597,0.2085,0.0033,0.0142,1.4867
11,7,6,11,2.6959,0.6329,0.5430,0.2198,0.0042,0.0142,1.4868
11,7,7,11,2.6981,0.5922,0.5841,0.2484,0.0044,0.0141,1.4885
11,7,8,12,2.7167,0.5717,0.6385,0.2709,0.0033,0.0143,1.4741
11,7,9,9,2.8996,0.5439,0.8618,0.3342,0.0069,0.0143,1.4576
11,7,10,9,2.6367,0.5316,0.5371,0.2870,0.0033,0.0140,1.5361
11,7,11,10,2.5752,0.4984,0.4974,0.3051,0.0016,0.0142,1.5484
11,11,2,7,2.5605,0.7445,0.5950,0.1666,0.0080,0.0109,1.1905
11,11,3,10,2.8103,0.7525,0.5626,0.1625,0.0029,0.0142,1.4635
11,11,4,11,2.7461,0.6960,0.5435,0.1908,0.0024,0.0143,1.4750
11,11,5,11,2.7330,0.6526,0.5568,0.2069,0.0021,0.0143,1.4924
11,11,6,11,2.7163,0.6284,0.5712,0.2288,0.0048,0.0142,1.4831
11,11,7,12,2.7166,0.5900,0.5990,0.2488,0.0028,0.0143,1.4958
11,11,8,13,2.7340,0.5666,0.6397,0.2720,0.0034,0.0145,1.4949
11,11,9,9,2.8979,0.5464,0.8461,0.3381,0.0055,0.0144,1.4703
11,11,10,10,2.6444,0.5255,0.5374,0.2908,0.0024,0.0141,1.5501
11,11,11,10,2.5943,0.4941,0.5119,0.3037,0.0036,0.0142,1.5555
11,13,2,7,2.3635,0.7452,0.6305,0.1902,0.0049,0.0086,0.9651
11,13,3,10,2.8209,0.7235,0.6072,0.1639,0.0030,0.0142,1.4584
11,13,4,12,2.8204,0.6853,0.6274,0.1959,0.0040,0.0144,1.4746
11,13,5,11,2.7504,0.6558,0.5686,0.2171,0.0021,0.0142,1.4950
11,13,6,11,2.8015,0.6308,0.6677,0.2377,0.0023,0.0142,1.4716
11,13,7,12,2.7547,0.5935,0.6352,0.2609,0.0030,0.0143,1.4939
11,13,8,13,2.7642,0.5679,0.6612,0.2829,0.0022,0.0145,1.5035
11,13,9,9,2.9144,0.5480,0.8737,0.3312,0.0053,0.0144,1.4578
11,13,10,9,2.6803,0.5258,0.5814,0.3107,0.0067,0.0140,1.5377
11,13,11,9,2.6579,0.4997,0.5716,0.3171,0.0036,0.0142,1.5537
11,14,2,7,2.1715,0.7332,0.5376,0.1875,0.0026,0.0078,0.8822
11,14,3,10,2.8275,0.7203,0.6221,0.1731,0.0045,0.0142,1.4519
11,14,4,11,2.7996,0.6860,0.6095,0.1961,0.0030,0.0142,1.4722
11,14,5,11,2.7663,0.6566,0.5852,0.2212,0.0036,0.0143,1.4917
11,14,6,11,2.8115,0.6294,0.6719,0.2413,0.0030,0.0143,1.4781
11,14,7,12,2.7673,0.5909,0.6569,0.2691,0.0035,0.0143,1.4869
11,14,8,10,2.9519,0.5671,0.8792,0.3236,0.0065,0.0145,1.4693
11,14,9,10,2.8827,0.5498,0.8517,0.3169,0.0060,0.0142,1.4461
11,14,10,9,2.6807,0.5233,0.5716,0.3015,0.0073,0.0142,1.5493
11,14,11,10,2.6930,0.5001,0.6186,0.3180,0.0037,0.0142,1.5413
11,15,2,7,2.1570,0.7335,0.5531,0.1834,0.0021,0.0075,0.8532
11,15,3,9,2.8171,0.7172,0.6369,0.1771,0.0029,0.0140,1.4315
11,15,4,11,2.7409,0.6862,0.5290,0.1949,0.0035,0.0142,1.4931
11,15,5,11,2.7639,0.6518,0.5843,0.2200,0.0035,0.0143,1.4951
11,15,6,11,2.8121,0.6159,0.6834,0.2472,0.0033,0.0143,1.4803
11,15,7,13,2.7581,0.5885,0.6459,0.2673,0.0030,0.0144,1.4917
11,15,8,10,2.9468,0.5661,0.8788,0.3211,0.0065,0.0144,1.4659
11,15,9,10,2.8818,0.5429,0.8733,0.3070,0.0021,0.0141,1.4345
11,15,10,9,2.6728,0.5202,0.5789,0.3009,0.0066,0.0140,1.5382
11,15,11,9,2.6751,0.5022,0.6038,0.3171,0.0190,0.0141,1.5208
12,1,2,7,2.7648,0.7799,0.7823,0.2728,0.0081,0.0107,1.1723
12,1,3,7,2.1920,0.7409,0.4764,0.1700,0.0030,0.0080,0.9553
12,1,4,10,2.6679,0.8033,0.3896,0.1602,0.0042,0.0140,1.4423
12,1,5,11,2.6487,0.7674,0.3955,0.1652,0.0021,0.0142,1.4549
12,1,6,12,2.5763,0.7198,0.3563,0.1922,0.0032,0.0141,1.4684
12,1,7,11,2.5720,0.6818,0.4043,0.2175,0.0043,0.0139,1.4533
12,1,8,12,2.5823,0.6547,0.4145,0.2407,0.0042,0.0141,1.4804
12,1,9,12,2.6172,0.6182,0.5206,0.2729,0.0025,0.0140,1.4475
12,1,10,10,2.8248,0.6001,0.7741,0.3323,0.0064,0.0141,1.4152
12,1,11,9,2.5859,0.5895,0.4968,0.2428,0.0021,0.0140,1.4690
12,2,2,7,2.7642,0.7727,0.8040,0.2660,0.0107,0.0107,1.1547
12,2,3,7,2.1607,0.7400,0.5166,0.1563,0.0031,0.0073,0.8863
12,2,4,10,2.6670,0.7991,0.4007,0.1671,0.0038,0.0138,1.4349
12,2,5,11,2.6616,0.7703,0.4064,0.1695,0.0035,0.0140,1.4528
12,2,6,11,2.5858,0.7086,0.3763,0.2009,0.0029,0.0140,1.4697
12,2,7,11,2.6066,0.6745,0.4454,0.2225,0.0047,0.0140,1.4537
12,2,8,13,2.6100,0.6289,0.4679,0.2440,0.0054,0.0141,1.4793
12,2,9,12,2.5964,0.5960,0.5187,0.2721,0.0030,0.0140,1.4504
12,2,10,9,2.8045,0.5751,0.7962,0.3692,0.0067,0.0139,1.3979
12,2,11,9,2.6005,0.5737,0.5272,0.2597,0.0022,0.0141,1.4687
12,3,2,7,2.6578,0.7708,0.6798,0.1685,0.0111,0.0107,1.1738
12,3,3,7,2.1577,0.7391,0.5159,0.1612,0.0032,0.0073,0.8848
12,3,4,10,2.6805,0.8047,0.4014,0.1589,0.0050,0.0139,1.4411
12,3,5,10,2.6263,0.7638,0.3836,0.1737,0.0029,0.0138,1.4479
12,3,6,11,2.5940,0.7028,0.3953,0.2069,0.0037,0.0140,1.4638
12,3,7,11,2.5716,0.6562,0.4224,0.2184,0.0038,0.0140,1.4607
12,3,8,13,2.6168,0.6162,0.4845,0.2469,0.0029,0.0142,1.4844
12,3,9,13,2.6427,0.5840,0.5540,0.2751,0.0048,0.0142,1.4712
12,3,10,9,2.8216,0.5568,0.8094,0.3805,0.0067,0.0140,1.4199
12,3,11,9,2.5928,0.5576,0.5384,0.2609,0.0025,0.0141,1.4657
12,4,2,8,2.6878,0.7689,0.6946,0.1653,0.0240,0.0109,1.1779
12,4,3,7,2.1456,0.7327,0.5161,0.1642,0.0031,0.0073,0.8788
12,4,4,11,2.7135,0.8028,0.4364,0.1594,0.0028,0.0139,1.4430
12,4,5,11,2.6656,0.7379,0.4474,0.1766,0.0041,0.0140,1.4477
12,4,6,11,2.5906,0.6637,0.4194,0.2158,0.0032,0.0141,1.4758
12,4,7,12,2.6348,0.6452,0.4868,0.2221,0.0037,0.0142,1.4702
12,4,8,13,2.6263,0.5952,0.5209,0.2443,0.0037,0.0142,1.4778
12,4,9,13,2.6574,0.5638,0.5822,0.2717,0.0027,0.0143,1.4799
12,4,10,9,2.8026,0.5343,0.8074,0.3884,0.0067,0.0139,1.4256
12,4,11,9,2.6055,0.5441,0.5596,0.2803,0.0027,0.0141,1.4703
12,5,2,7,2.5580,0.7605,0.5739,0.1516,0.0081,0.0108,1.1931
12,5,3,8,2.8497,0.7910,0.5854,0.1599,0.0065,0.0141,1.4380
12,5,4,12,2.7169,0.7658,0.4533,0.1597,0.0032,0.0143,1.4656
12,5,5,12,2.6600,0.7090,0.4553,0.1828,0.0043,0.0141,1.4627
12,5,6,11,2.6063,0.6545,0.4481,0.2199,0.0057,0.0140,1.4696
12,5,7,11,2.6121,0.6191,0.4986,0.2284,0.0077,0.0139,1.4584
12,5,8,13,2.6441,0.5784,0.5548,0.2568,0.0044,0.0142,1.4777
12,5,9,9,2.8228,0.5502,0.7832,0.3519,0.0069,0.0141,1.4534
12,5,10,8,2.5909,0.5341,0.4900,0.2878,0.0123,0.0139,1.5260
12,5,11,9,2.6142,0.5256,0.5816,0.3095,0.0026,0.0141,1.4758
12,6,2,7,2.5554,0.7514,0.5931,0.1520,0.0081,0.0107,1.1808
12,6,3,8,2.7688,0.7706,0.5401,0.1612,0.0077,0.0139,1.4217
12,6,4,11,2.7169,0.7445,0.4998,0.1704,0.0034,0.0141,1.4402
12,6,5,12,2.6518,0.6870,0.4637,0.2007,0.0033,0.0141,1.4692
12,6,6,11,2.6689,0.6231,0.5660,0.2366,0.0055,0.0140,1.4458
12,6,7,11,2.6390,0.6027,0.5418,0.2387,0.0031,0.0140,1.4629
12,6,8,12,2.6516,0.5683,0.5935,0.2680,0.0034,0.0141,1.4578
12,6,9,10,2.8678,0.5441,0.8317,0.3580,0.0053,0.0143,1.4574
12,6,10,9,2.6277,0.5305,0.5262,0.2878,0.0113,0.0141,1.5309
12,6,11,9,2.5499,0.5119,0.4855,0.3067,0.0068,0.0139,1.5169
12,7,2,7,2.5591,0.7421,0.6176,0.1579,0.0082,0.0107,1.1691
12,7,3,9,2.7478,0.7554,0.5459,0.1616,0.0031,0.0138,1.4153
12,7,4,11,2.7306,0.7174,0.5308,0.1774,0.0040,0.0141,1.4494
12,7,5,13,2.6981,0.6621,0.5147,0.2111,0.0031,0.0143,1.4892
12,7,6,11,2.6799,0.6164,0.5727,0.2386,0.0049,0.0140,1.4575
12,7,7,11,2.6593,0.5983,0.5692,0.2464,0.0030,0.0140,1.4603
12,7,8,13,2.7034,0.5686,0.6271,0.2724,0.0027,0.0143,1.4760
12,7,9,10,2.8941,0.5424,0.8672,0.3504,0.0063,0.0143,1.4488
12,7,10,9,2.6647,0.5360,0.5757,0.2903,0.0106,0.0140,1.5134
12,7,11,9,2.5978,0.5125,0.5027,0.3085,0.0228,0.0141,1.5309
12,11,2,7,2.5645,0.7417,0.6173,0.1601,0.0084,0.0108,1.1748
12,11,3,9,2.7441,0.7434,0.5411,0.1593,0.0020,0.0138,1.4294
12,11,4,10,2.7184,0.7013,0.5435,0.1825,0.0029,0.0139,1.4422
12,11,5,12,2.6887,0.6508,0.5387,0.2163,0.0031,0.0141,1.4674
12,11,6,11,2.7090,0.6126,0.6050,0.2476,0.0038,0.0140,1.4590
12,11,7,12,2.6919,0.5966,0.5901,0.2525,0.0045,0.0140,1.4723
12,11,8,12,2.7069,0.5640,0.6527,0.2693,0.0027,0.0141,1.4588
12,11,9,10,2.8786,0.5460,0.8502,0.3405,0.0065,0.0143,1.4466
12,11,10,9,2.6527,0.5335,0.5555,0.2937,0.0086,0.0139,1.5261
12,11,11,8,2.6169,0.5068,0.5448,0.3202,0.0077,0.0139,1.5292
12,13,2,7,2.5677,0.7404,0.6363,0.1628,0.0088,0.0107,1.1601
12,13,3,9,2.7599,0.7272,0.5893,0.1695,0.0028,0.0138,1.4126
12,13,4,10,2.7464,0.6917,0.5742,0.1881,0.0023,0.0140,1.4495
12,13,5,12,2.6944,0.6552,0.5404,0.2190,0.0019,0.0141,1.4681
12,13,6,11,2.7184,0.6131,0.6205,0.2586,0.0032,0.0140,1.4530
12,13,7,12,2.7058,0.5982,0.6099,0.2538,0.0045,0.0140,1.4648
12,13,8,12,2.7287,0.5642,0.6770,0.2852,0.0029,0.0141,1.4559
12,13,9,10,2.9032,0.5524,0.8731,0.3510,0.0075,0.0141,1.4412
12,13,10,8,2.6669,0.5373,0.5737,0.2989,0.0093,0.0139,1.5177
12,13,11,9,2.6214,0.5109,0.5385,0.3074,0.0088,0.0140,1.5344
12,14,2,7,2.5747,0.7365,0.6569,0.1715,0.0085,0.0107,1.1507
12,14,3,9,2.7568,0.7212,0.5758,0.1681,0.0039,0.0138,1.4277
12,14,4,10,2.7551,0.6889,0.5985,0.1906,0.0052,0.0139,1.4345
12,14,5,12,2.7100,0.6511,0.5560,0.2218,0.0030,0.0141,1.4711
12,14,6,11,2.7200,0.6151,0.6298,0.2599,0.0039,0.0140,1.4426
12,14,7,12,2.7145,0.5987,0.6145,0.2620,0.0032,0.0141,1.4697
12,14,8,12,2.7383,0.5656,0.6845,0.2842,0.0060,0.0141,1.4535
12,14,9,10,2.9137,0.5501,0.8965,0.3403,0.0070,0.0142,1.4310
12,14,10,9,2.6874,0.5319,0.5951,0.3035,0.0144,0.0141,1.5169
12,14,11,8,2.6494,0.5079,0.5853,0.3161,0.0078,0.0139,1.5195
12,15,2,7,2.4291,0.7212,0.7328,0.1922,0.0044,0.0088,0.9526
12,15,3,10,2.7760,0.7112,0.5853,0.1751,0.0073,0.0139,1.4438
12,15,4,10,2.7116,0.6869,0.5364,0.1918,0.0021,0.0139,1.4577
12,15,5,12,2.7174,0.6418,0.5819,0.2257,0.0033,0.0141,1.4617
12,15,6,12,2.7451,0.6134,0.6440,0.2632,0.0031,0.0141,1.4560
12,15,7,12,2.7735,0.5893,0.7186,0.2693,0.0064,0.0140,1.4306
12,15,8,12,2.7301,0.5637,0.6839,0.2864,0.0047,0.0141,1.4493
12,15,9,10,2.8990,0.5488,0.8823,0.3437,0.0054,0.0141,1.4335
12,15,10,9,2.6882,0.5214,0.5982,0.3056,0.0186,0.0140,1.5210
12,15,11,9,2.6558,0.5060,0.5849,0.3157,0.0083,0.0141,1.5273
13,1,2,7,2.7655,0.7710,0.8278,0.3615,0.0080,0.0104,1.1372
13,1,3,8,2.6499,0.8271,0.4260,0.1377,0.0090,0.0133,1.3605
13,1,4,9,2.5165,0.7945,0.3501,0.1453,0.0032,0.0131,1.3419
13,1,5,10,2.5071,0.7518,0.3697,0.1544,0.0019,0.0133,1.3567
13,1,6,11,2.4572,0.7157,0.3455,0.2101,0.0024,0.0133,1.3666
13,1,7,11,2.4661,0.7048,0.3827,0.2329,0.0032,0.0132,1.3487
13,1,8,12,2.4822,0.6715,0.4146,0.2375,0.0053,0.0134,1.3635
13,1,9,12,2.5239,0.6468,0.5003,0.2701,0.0023,0.0135,1.3473
13,1,10,11,2.3820,0.6250,0.3107,0.2644,0.0027,0.0133,1.4166
13,1,11,8,2.3839,0.5919,0.3919,0.2145,0.0017,0.0130,1.3718
13,2,2,7,2.7772,0.7680,0.8542,0.3698,0.0080,0.0104,1.1254
13,2,3,8,2.6511,0.8285,0.4258,0.1386,0.0077,0.0133,1.3616
13,2,4,10,2.5418,0.7966,0.3644,0.1455,0.0033,0.0132,1.3507
13,2,5,10,2.5041,0.7534,0.3712,0.1696,0.0037,0.0131,1.3491
13,2,6,11,2.4602,0.7208,0.3503,0.2120,0.0019,0.0133,1.3603
13,2,7,12,2.4753,0.6989,0.3794,0.2254,0.0024,0.0133,1.3677
13,2,8,12,2.4788,0.6627,0.4188,0.2388,0.0044,0.0135,1.3656
13,2,9,12,2.5290,0.6331,0.5189,0.2642,0.0047,0.0133,1.3452
13,2,10,10,2.3612,0.6061,0.3211,0.2650,0.0028,0.0131,1.4045
13,2,11,8,2.3929,0.5780,0.4083,0.2290,0.0019,0.0130,1.3781
13,3,2,7,2.6017,0.7674,0.6310,0.2009,0.0222,0.0104,1.1595
13,3,3,8,2.6681,0.8405,0.4229,0.1385,0.0082,0.0134,1.3686
13,3,4,10,2.5695,0.8059,0.3774,0.1505,0.0035,0.0132,1.3558
13,3,5,10,2.5352,0.7565,0.3937,0.1747,0.0095,0.0130,1.3489
13,3,6,11,2.4687,0.7073,0.3684,0.2113,0.0038,0.0132,1.3623
13,3,7,12,2.4618,0.6817,0.3778,0.2279,0.0018,0.0133,1.3734
13,3,8,12,2.5169,0.6467,0.4824,0.2424,0.0037,0.0135,1.3568
13,3,9,12,2.5226,0.6149,0.5377,0.2801,0.0020,0.0133,1.3411
13,3,10,11,2.3768,0.5859,0.3286,0.2872,0.0028,0.0134,1.4323
13,3,11,9,2.3948,0.5683,0.4088,0.2258,0.0032,0.0131,1.3877
13,4,2,7,2.6059,0.7712,0.6479,0.2142,0.0135,0.0104,1.1518
13,4,3,8,2.6765,0.8403,0.4386,0.1399,0.0083,0.0133,1.3619
13,4,4,10,2.5666,0.7929,0.3858,0.1507,0.0032,0.0131,1.3579
13,4,5,11,2.5162,0.7261,0.3923,0.1777,0.0042,0.0133,1.3667
13,4,6,11,2.4699,0.6950,0.3761,0.2073,0.0028,0.0133,1.3690
13,4,7,12,2.4520,0.6575,0.3866,0.2295,0.0021,0.0133,1.3789
13,4,8,12,2.5139,0.6285,0.4893,0.2488,0.0027,0.0134,1.3663
13,4,9,12,2.5167,0.5919,0.5343,0.2645,0.0034,0.0135,1.3597
13,4,10,11,2.3680,0.5711,0.3264,0.2868,0.0028,0.0133,1.4407
13,4,11,9,2.3929,0.5500,0.4348,0.2416,0.0024,0.0132,1.3788
13,5,2,7,2.5582,0.7616,0.5884,0.1580,0.0339,0.0104,1.1528
13,5,3,8,2.6861,0.8075,0.4884,0.1493,0.0055,0.0133,1.3578
13,5,4,10,2.5498,0.7596,0.3890,0.1610,0.0123,0.0132,1.3619
13,5,5,11,2.5322,0.7015,0.4174,0.1825,0.0067,0.0134,1.3795
13,5,6,11,2.4815,0.6685,0.4106,0.2025,0.0037,0.0133,1.3718
13,5,7,12,2.4721,0.6345,0.4369,0.2404,0.0033,0.0133,1.3704
13,5,8,12,2.5046,0.6101,0.4854,0.2486,0.0057,0.0133,1.3764
13,5,9,12,2.5129,0.5751,0.5315,0.2685,0.0037,0.0135,1.3753
13,5,10,11,2.4025,0.5597,0.3789,0.2926,0.0027,0.0133,1.4342
13,5,11,9,2.3887,0.5351,0.4395,0.2502,0.0028,0.0132,1.3846
13,6,2,7,2.5785,0.7421,0.6230,0.1690,0.0500,0.0104,1.1418
13,6,3,8,2.6561,0.7923,0.4828,0.1470,0.0058,0.0131,1.3483
13,6,4,10,2.5654,0.7324,0.4192,0.1638,0.0236,0.0132,1.3632
13,6,5,11,2.5223,0.6777,0.4264,0.1929,0.0044,0.0134,1.3866
13,6,6,11,2.5179,0.6416,0.4619,0.2115,0.0039,0.0132,1.3837
13,6,7,12,2.4924,0.6158,0.4574,0.2268,0.0063,0.0133,1.3860
13,6,8,12,2.5180,0.5908,0.5246,0.2468,0.0033,0.0134,1.3723
13,6,9,11,2.5217,0.5658,0.5618,0.2675,0.0046,0.0133,1.3625
13,6,10,10,2.3929,0.5487,0.3756,0.2891,0.0025,0.0132,1.4391
13,6,11,9,2.4003,0.5221,0.4629,0.2694,0.0027,0.0132,1.3857
13,7,2,6,2.4309,0.7378,0.7501,0.2337,0.0044,0.0085,0.9212
13,7,3,8,2.6420,0.7643,0.4959,0.1566,0.0085,0.0131,1.3466
13,7,4,10,2.5594,0.7084,0.4617,0.1744,0.0056,0.0132,1.3566
13,7,5,11,2.5229,0.6528,0.4505,0.2162,0.0034,0.0133,1.3892
13,7,6,11,2.5287,0.6269,0.4802,0.2154,0.0058,0.0133,1.3889
13,7,7,12,2.5229,0.6105,0.4986,0.2443,0.0017,0.0133,1.3850
13,7,8,12,2.5502,0.5815,0.5617,0.2498,0.0101,0.0134,1.3696
13,7,9,12,2.5669,0.5616,0.5916,0.2689,0.0039,0.0134,1.3827
13,7,10,8,2.4630,0.5418,0.4660,0.2875,0.0052,0.0131,1.4227
13,7,11,9,2.4183,0.5201,0.4742,0.2871,0.0027,0.0131,1.3945
13,11,2,7,2.0826,0.7345,0.4663,0.1635,0.0026,0.0075,0.8641
13,11,3,8,2.6185,0.7544,0.4902,0.1588,0.0118,0.0130,1.3357
13,11,4,10,2.5569,0.6869,0.4739,0.1830,0.0102,0.0131,1.3590
13,11,5,11,2.5463,0.6456,0.4855,0.2119,0.0067,0.0133,1.3813
13,11,6,11,2.5371,0.6167,0.5121,0.2274,0.0058,0.0133,1.3756
13,11,7,12,2.5227,0.6035,0.5009,0.2352,0.0048,0.0133,1.3865
13,11,8,12,2.5531,0.5870,0.5645,0.2579,0.0050,0.0134,1.3695
13,11,9,12,2.5608,0.5703,0.5571,0.2722,0.0050,0.0133,1.4013
13,11,10,8,2.4496,0.5438,0.4486,0.2897,0.0056,0.0131,1.4245
13,11,11,9,2.4149,0.5051,0.4829,0.2909,0.0028,0.0133,1.3971
13,13,2,7,2.0510,0.7351,0.4627,0.1617,0.0021,0.0071,0.8368
13,13,3,8,2.6121,0.7356,0.4990,0.1614,0.0075,0.0130,1.3432
13,13,4,10,2.5552,0.6809,0.4814,0.1840,0.0055,0.0131,1.3605
13,13,5,11,2.5622,0.6453,0.5047,0.2221,0.0065,0.0133,1.3787
13,13,6,11,2.6176,0.6189,0.6055,0.2318,0.0053,0.0134,1.3608
13,13,7,12,2.5476,0.6111,0.5178,0.2403,0.0039,0.0133,1.3878
13,13,8,12,2.5647,0.5846,0.5729,0.2618,0.0042,0.0134,1.3758
13,13,9,12,2.6012,0.5686,0.5962,0.2768,0.0057,0.0133,1.4036
13,13,10,8,2.4786,0.5500,0.4792,0.2947,0.0063,0.0130,1.4164
13,13,11,9,2.4253,0.5086,0.4951,0.2853,0.0024,0.0132,1.3924
13,14,2,8,2.8960,0.7477,0.6903,0.1935,0.0064,0.0138,1.4226
13,14,3,9,2.6468,0.7115,0.5475,0.1704,0.0034,0.0132,1.3574
13,14,4,10,2.5652,0.6700,0.5046,0.1881,0.0034,0.0132,1.3603
13,14,5,11,2.5953,0.6458,0.5385,0.2178,0.0034,0.0133,1.3805
13,14,6,11,2.6031,0.6208,0.5923,0.2317,0.0030,0.0133,1.3599
13,14,7,12,2.5658,0.6081,0.5439,0.2461,0.0039,0.0134,1.3828
13,14,8,12,2.5785,0.5834,0.5778,0.2611,0.0067,0.0134,1.3834
13,14,9,12,2.6043,0.5704,0.6134,0.2757,0.0024,0.0134,1.3909
13,14,10,8,2.5025,0.5450,0.4913,0.2997,0.0183,0.0130,1.4210
13,14,11,8,2.4655,0.5180,0.5414,0.2986,0.0018,0.0130,1.3773
13,15,2,8,2.8756,0.7386,0.6837,0.1889,0.0072,0.0138,1.4177
13,15,3,9,2.6464,0.7125,0.5537,0.1715,0.0047,0.0130,1.3490
13,15,4,10,2.5720,0.6687,0.5013,0.1965,0.0031,0.0132,1.3719
13,15,5,11,2.5931,0.6463,0.5349,0.2202,0.0042,0.0133,1.3807
13,15,6,11,2.6168,0.6199,0.6011,0.2352,0.0069,0.0132,1.3619
13,15,7,12,2.5830,0.6078,0.5557,0.2464,0.0068,0.0134,1.3856
13,15,8,12,2.5772,0.5816,0.5803,0.2688,0.0064,0.0134,1.3817
13,15,9,10,2.4349,0.5622,0.3913,0.2929,0.0024,0.0132,1.4521
13,15,10,8,2.5026,0.5345,0.4943,0.3041,0.0192,0.0130,1.4276
13,15,11,9,2.4758,0.5165,0.5259,0.3092,0.0039,0.0132,1.4025
14,1,2,7,2.7946,0.7737,0.8942,0.4726,0.0081,0.0101,1.0978
14,1,3,8,2.6672,0.8284,0.4610,0.1249,0.0067,0.0132,1.3440
14,1,4,9,2.4293,0.7796,0.3249,0.1348,0.0054,0.0126,1.2936
14,1,5,10,2.4063,0.7441,0.3309,0.1584,0.0020,0.0127,1.3034
14,1,6,11,2.3724,0.7251,0.2983,0.1785,0.0028,0.0129,1.3203
14,1,7,11,2.3636,0.6871,0.3422,0.2085,0.0025,0.0129,1.3058
14,1,8,13,2.3868,0.6458,0.3984,0.2308,0.0033,0.0130,1.3132
14,1,9,12,2.4240,0.6273,0.4740,0.2470,0.0033,0.0129,1.2932
14,1,10,11,2.2850,0.5938,0.3028,0.2522,0.0019,0.0128,1.3604
14,1,11,8,2.3468,0.5874,0.4030,0.2078,0.0016,0.0127,1.3288
14,2,2,7,2.7951,0.7649,0.9209,0.4710,0.0080,0.0101,1.0804
14,2,3,8,2.6343,0.8226,0.4426,0.1260,0.0063,0.0130,1.3359
14,2,4,9,2.4484,0.7856,0.3401,0.1382,0.0051,0.0126,1.2918
14,2,5,10,2.4356,0.7422,0.3631,0.1589,0.0030,0.0127,1.3012
14,2,6,11,2.3748,0.7201,0.3070,0.1797,0.0030,0.0128,1.3189
14,2,7,11,2.3772,0.6828,0.3605,0.2073,0.0026,0.0128,1.3052
14,2,8,12,2.3926,0.6385,0.4196,0.2388,0.0042,0.0128,1.3043
14,2,9,12,2.4161,0.6052,0.4811,0.2451,0.0049,0.0130,1.2988
14,2,10,11,2.2775,0.5793,0.3016,0.2594,0.0030,0.0128,1.3677
14,2,11,8,2.3499,0.5731,0.4167,0.2180,0.0031,0.0128,1.3309
14,3,2,7,2.6836,0.7614,0.7853,0.3607,0.0080,0.0101,1.1080
14,3,3,8,2.6378,0.8267,0.4434,0.1283,0.0067,0.0130,1.3345
14,3,4,10,2.4733,0.7967,0.3503,0.1358,0.0024,0.0127,1.2979
14,3,5,10,2.4359,0.7363,0.3610,0.1593,0.0047,0.0128,1.3078
14,3,6,11,2.3845,0.7117,0.3279,0.1859,0.0038,0.0128,1.3153
14,3,7,11,2.3798,0.6656,0.3766,0.2167,0.0022,0.0128,1.3094
14,3,8,12,2.3876,0.6137,0.4136,0.2270,0.0031,0.0130,1.3309
14,3,9,13,2.4180,0.5873,0.4783,0.2452,0.0049,0.0130,1.3211
14,3,10,11,2.2992,0.5623,0.3410,0.2761,0.0033,0.0128,1.3666
14,3,11,8,2.3361,0.5573,0.4266,0.2202,0.0030,0.0126,1.3233
14,4,2,7,2.6839,0.7579,0.7940,0.3701,0.0080,0.0101,1.1032
14,4,3,8,2.6126,0.8338,0.4283,0.1315,0.0055,0.0129,1.3184
14,4,4,10,2.4716,0.7822,0.3530,0.1424,0.0049,0.0127,1.3056
14,4,5,10,2.4489,0.7313,0.3667,0.1627,0.0068,0.0128,1.3180
14,4,6,11,2.3799,0.6804,0.3415,0.1770,0.0019,0.0129,1.3300
14,4,7,11,2.3723,0.6423,0.3884,0.2073,0.0025,0.0128,1.3131
14,4,8,13,2.3948,0.6029,0.4263,0.2305,0.0040,0.0131,1.3351
14,4,9,12,2.4179,0.5784,0.4826,0.2541,0.0030,0.0131,1.3274
14,4,10,12,2.3127,0.5428,0.3558,0.2814,0.0017,0.0131,1.3859
14,4,11,8,2.3496,0.5511,0.4481,0.2301,0.0030,0.0126,1.3216
14,5,2,7,2.6016,0.7495,0.7241,0.2960,0.0080,0.0101,1.0991
14,5,3,8,2.5711,0.8143,0.4210,0.1298,0.0061,0.0128,1.3035
14,5,4,10,2.4606,0.7522,0.3682,0.1458,0.0066,0.0127,1.3076
14,5,5,11,2.4360,0.6983,0.3888,0.1610,0.0026,0.0128,1.3203
14,5,6,11,2.3845,0.6573,0.3766,0.1873,0.0026,0.0128,1.3221
14,5,7,12,2.3986,0.6252,0.4043,0.2119,0.0031,0.0131,1.3396
14,5,8,12,2.4077,0.5765,0.4783,0.2294,0.0044,0.0129,1.3224
14,5,9,12,2.4106,0.5592,0.4890,0.2430,0.0072,0.0129,1.3290
14,5,10,11,2.3170,0.5380,0.3641,0.2789,0.0027,0.0129,1.3862
14,5,11,8,2.3401,0.5293,0.4517,0.2423,0.0026,0.0127,1.3306
14,6,2,7,2.6013,0.7370,0.7387,0.2926,0.0080,0.0102,1.0965
14,6,3,8,2.5499,0.7891,0.4159,0.1324,0.0093,0.0127,1.3097
14,6,4,10,2.4734,0.7186,0.4133,0.1604,0.0033,0.0128,1.3122
14,6,5,11,2.4365,0.6804,0.3992,0.1660,0.0034,0.0128,1.3276
14,6,6,11,2.4114,0.6334,0.4124,0.1983,0.0048,0.0128,1.3349
14,6,7,11,2.4363,0.6085,0.4581,0.2187,0.0112,0.0129,1.3324
14,6,8,12,2.4180,0.5700,0.5017,0.2328,0.0054,0.0129,1.3148
14,6,9,12,2.4489,0.5489,0.5496,0.2364,0.0064,0.0130,1.3177
14,6,10,11,2.3218,0.5309,0.3630,0.2755,0.0035,0.0130,1.3981
14,6,11,8,2.3660,0.5183,0.4785,0.2612,0.0021,0.0127,1.3410
14,7,2,7,2.4979,0.7227,0.8123,0.3461,0.0094,0.0087,0.9357
14,7,3,8,2.5394,0.7664,0.4234,0.1391,0.0068,0.0128,1.3169
14,7,4,10,2.4580,0.7075,0.3981,0.1595,0.0056,0.0127,1.3208
14,7,5,11,2.4444,0.6533,0.4185,0.1904,0.0092,0.0128,1.3372
14,7,6,11,2.5048,0.6225,0.5409,0.2054,0.0054,0.0128,1.3101
14,7,7,11,2.4489,0.5935,0.4945,0.2236,0.0051,0.0128,1.3299
14,7,8,12,2.4726,0.5710,0.5514,0.2379,0.0075,0.0129,1.3166
14,7,9,12,2.4955,0.5496,0.6026,0.2551,0.0078,0.0129,1.3093
14,7,10,11,2.3138,0.5277,0.3448,0.2757,0.0021,0.0130,1.4128
14,7,11,8,2.3734,0.5084,0.4932,0.2877,0.0024,0.0128,1.3432
14,11,2,7,2.2307,0.7205,0.6029,0.1603,0.0042,0.0079,0.8869
14,11,3,8,2.5187,0.7341,0.4557,0.1484,0.0063,0.0126,1.2966
14,11,4,10,2.4577,0.6973,0.4050,0.1598,0.0050,0.0127,1.3245
14,11,5,11,2.4618,0.6554,0.4432,0.1888,0.0040,0.0128,1.3330
14,11,6,11,2.5051,0.6142,0.5429,0.2126,0.0026,0.0128,1.3194
14,11,7,11,2.4443,0.5937,0.4883,0.2271,0.0057,0.0127,1.3307
14,11,8,13,2.4895,0.5664,0.5617,0.2383,0.0048,0.0131,1.3303
14,11,9,12,2.4732,0.5481,0.5794,0.2524,0.0052,0.0129,1.3144
14,11,10,8,2.4321,0.5287,0.4670,0.2751,0.0102,0.0128,1.3996
14,11,11,8,2.3464,0.5025,0.4781,0.2694,0.0026,0.0127,1.3372
14,13,2,7,2.0740,0.7221,0.4839,0.1537,0.0036,0.0074,0.8494
14,13,3,8,2.5247,0.7190,0.4809,0.1500,0.0051,0.0126,1.2943
14,13,4,10,2.4730,0.6715,0.4610,0.1753,0.0049,0.0126,1.3097
14,13,5,11,2.4621,0.6467,0.4507,0.1918,0.0030,0.0128,1.3356
14,13,6,11,2.5192,0.6151,0.5475,0.2242,0.0026,0.0129,1.3276
14,13,7,12,2.4801,0.5948,0.5211,0.2351,0.0022,0.0130,1.3358
14,13,8,12,2.4885,0.5711,0.5643,0.2377,0.0027,0.0129,1.3243
14,13,9,11,2.3441,0.5508,0.3735,0.2582,0.0018,0.0128,1.3920
14,13,10,8,2.4616,0.5337,0.4863,0.2826,0.0163,0.0128,1.3988
14,13,11,8,2.3929,0.4992,0.5217,0.3043,0.0026,0.0127,1.3434
14,14,2,8,2.9026,0.7338,0.7252,0.2192,0.0060,0.0136,1.4094
14,14,3,9,2.5509,0.7087,0.5029,0.1535,0.0024,0.0128,1.3110
14,14,4,10,2.4811,0.6688,0.4421,0.1745,0.0042,0.0128,1.3399
14,14,5,11,2.5095,0.6461,0.5024,0.2041,0.0026,0.0127,1.3325
14,14,6,11,2.5261,0.6148,0.5665,0.2191,0.0040,0.0128,1.3149
14,14,7,12,2.4950,0.5926,0.5383,0.2375,0.0043,0.0130,1.3337
14,14,8,12,2.5210,0.5670,0.5996,0.2429,0.0025,0.0130,1.3256
14,14,9,11,2.3493,0.5485,0.3620,0.2666,0.0024,0.0130,1.4101
14,14,10,8,2.4681,0.5305,0.5000,0.2929,0.0199,0.0127,1.3915
14,14,11,8,2.4231,0.5023,0.4942,0.3023,0.0203,0.0128,1.3798
14,15,2,8,2.7741,0.7302,0.6412,0.1738,0.0055,0.0133,1.3698
14,15,3,10,2.5531,0.6973,0.5070,0.1525,0.0035,0.0129,1.3192
14,15,4,10,2.5002,0.6585,0.4829,0.1864,0.0024,0.0128,1.3304
14,15,5,11,2.5151,0.6454,0.5039,0.2022,0.0030,0.0128,1.3367
14,15,6,11,2.5244,0.6112,0.5682,0.2268,0.0031,0.0129,1.3158
14,15,7,13,2.5359,0.5896,0.5715,0.2377,0.0016,0.0131,1.3468
14,15,8,12,2.5152,0.5621,0.5991,0.2536,0.0027,0.0130,1.3250
14,15,9,11,2.3310,0.5431,0.3489,0.2618,0.0036,0.0129,1.4094
14,15,10,9,2.4618,0.5271,0.4905,0.2870,0.0173,0.0129,1.4006
14,15,11,8,2.4248,0.4992,0.5060,0.3038,0.0088,0.0128,1.3843
15,1,2,7,2.7875,0.7682,0.9035,0.5381,0.0080,0.0100,1.0871
15,1,3,8,2.5309,0.8179,0.4085,0.1185,0.0059,0.0126,1.2727
15,1,4,9,2.3694,0.7692,0.3160,0.1318,0.0036,0.0123,1.2553
15,1,5,10,2.3550,0.7318,0.3371,0.1401,0.0037,0.0124,1.2573
15,1,6,11,2.2858,0.6778,0.3093,0.1720,0.0019,0.0124,1.2717
15,1,7,11,2.3068,0.6520,0.3611,0.2120,0.0018,0.0126,1.2664
15,1,8,13,2.3183,0.6312,0.3848,0.2239,0.0024,0.0127,1.2744
15,1,9,12,2.3782,0.6150,0.4925,0.2531,0.0028,0.0125,1.2426
15,1,10,11,2.2018,0.5746,0.2865,0.2465,0.0032,0.0124,1.3124
15,1,11,8,2.3118,0.5617,0.4192,0.2179,0.0023,0.0125,1.3029
15,2,2,7,2.7892,0.7629,0.9216,0.5430,0.0081,0.0099,1.0761
15,2,3,8,2.5253,0.8130,0.4045,0.1236,0.0050,0.0126,1.2770
15,2,4,9,2.3777,0.7753,0.3192,0.1402,0.0022,0.0123,1.2557
15,2,5,10,2.3625,0.7344,0.3306,0.1429,0.0045,0.0124,1.2679
15,2,6,11,2.3114,0.6861,0.3289,0.1844,0.0021,0.0124,1.2691
15,2,7,11,2.3153,0.6503,0.3713,0.2164,0.0026,0.0124,1.2659
15,2,8,12,2.3088,0.6252,0.3945,0.2332,0.0031,0.0125,1.2607
15,2,9,12,2.3826,0.5970,0.4938,0.2502,0.0035,0.0126,1.2628
15,2,10,11,2.2041,0.5562,0.2943,0.2585,0.0016,0.0125,1.3266
15,2,11,8,2.3077,0.5588,0.4069,0.2099,0.0026,0.0126,1.3137
15,3,2,7,2.5067,0.7617,0.7744,0.3909,0.0053,0.0085,0.9480
15,3,3,8,2.5366,0.8166,0.4194,0.1201,0.0059,0.0125,1.2689
15,3,4,9,2.3862,0.7737,0.3280,0.1323,0.0042,0.0123,1.2551
15,3,5,10,2.3699,0.7400,0.3392,0.1439,0.0048,0.0123,1.2606
15,3,6,11,2.3193,0.6776,0.3346,0.1863,0.0027,0.0124,1.2793
15,3,7,11,2.3138,0.6430,0.3735,0.2187,0.0032,0.0124,1.2690
15,3,8,13,2.3154,0.6049,0.4169,0.2372,0.0030,0.0125,1.2655
15,3,9,11,2.2277,0.5836,0.3118,0.2558,0.0018,0.0125,1.3053
15,3,10,12,2.2068,0.5353,0.3052,0.2675,0.0031,0.0126,1.3378
15,3,11,8,2.2964,0.5388,0.4181,0.2154,0.0026,0.0125,1.3112
15,4,2,7,2.5139,0.7554,0.6211,0.2665,0.0081,0.0100,1.1086
15,4,3,8,2.4744,0.8189,0.3507,0.1206,0.0144,0.0124,1.2648
15,4,4,9,2.3921,0.7642,0.3430,0.1338,0.0027,0.0123,1.2569
15,4,5,10,2.3378,0.6916,0.3540,0.1552,0.0068,0.0123,1.2604
15,4,6,11,2.3149,0.6528,0.3522,0.1845,0.0024,0.0125,1.2822
15,4,7,11,2.3016,0.6227,0.3812,0.2062,0.0038,0.0124,1.2688
15,4,8,12,2.3211,0.5929,0.4175,0.2438,0.0027,0.0126,1.2825
15,4,9,11,2.2372,0.5610,0.3355,0.2527,0.0034,0.0123,1.3122
15,4,10,11,2.2346,0.5246,0.3525,0.2734,0.0027,0.0124,1.3296
15,4,11,8,2.2828,0.5352,0.4095,0.2116,0.0064,0.0125,1.3063
15,5,2,7,2.5207,0.7478,0.6422,0.2784,0.0081,0.0100,1.1020
15,5,3,8,2.4529,0.8015,0.3605,0.1185,0.0051,0.0123,1.2602
15,5,4,10,2.4007,0.7463,0.3637,0.1354,0.0028,0.0123,1.2625
15,5,5,11,2.3398,0.6693,0.3644,0.1595,0.0035,0.0124,1.2774
15,5,6,11,2.3403,0.6270,0.3995,0.1888,0.0036,0.0123,1.2852
15,5,7,11,2.3159,0.5985,0.4040,0.2129,0.0024,0.0125,1.2858
15,5,8,12,2.3420,0.5727,0.4570,0.2362,0.0043,0.0126,1.2826
15,5,9,11,2.2294,0.5442,0.3340,0.2549,0.0025,0.0124,1.3234
15,5,10,11,2.2324,0.5104,0.3512,0.2702,0.0023,0.0125,1.3431
15,5,11,8,2.2909,0.5099,0.4439,0.2418,0.0062,0.0125,1.3055
15,6,2,7,1.9332,0.7282,0.3775,0.1317,0.0027,0.0067,0.8112
15,6,3,8,2.4813,0.7824,0.4011,0.1252,0.0110,0.0123,1.2614
15,6,4,10,2.4081,0.7265,0.3852,0.1419,0.0034,0.0124,1.2677
15,6,5,11,2.3453,0.6495,0.3802,0.1748,0.0022,0.0124,1.2882
15,6,6,11,2.4075,0.6030,0.5099,0.2002,0.0034,0.0124,1.2659
15,6,7,11,2.3455,0.5720,0.4552,0.2195,0.0038,0.0125,1.2893
15,6,8,12,2.3412,0.5572,0.4727,0.2369,0.0042,0.0125,1.2817
15,6,9,11,2.2176,0.5336,0.3048,0.2515,0.0031,0.0125,1.3507
15,6,10,11,2.2219,0.5047,0.3344,0.2709,0.0030,0.0124,1.3544
15,6,11,8,2.3016,0.4971,0.4631,0.2593,0.0068,0.0124,1.3088
15,7,2,8,2.6907,0.7757,0.5597,0.1698,0.0064,0.0130,1.3216
15,7,3,8,2.4529,0.7505,0.4044,0.1301,0.0061,0.0122,1.2671
15,7,4,10,2.4244,0.6936,0.4326,0.1502,0.0028,0.0124,1.2702
15,7,5,11,2.3706,0.6286,0.4303,0.1843,0.0079,0.0124,1.2785
15,7,6,11,2.3945,0.5831,0.5043,0.2108,0.0043,0.0125,1.2773
15,7,7,11,2.4199,0.5690,0.5590,0.2321,0.0034,0.0125,1.2632
15,7,8,12,2.3920,0.5572,0.5174,0.2473,0.0037,0.0126,1.2882
15,7,9,11,2.2436,0.5281,0.3261,0.2614,0.0030,0.0125,1.3611
15,7,10,11,2.2575,0.5068,0.3485,0.2720,0.0034,0.0125,1.3734
15,7,11,8,2.3198,0.4894,0.4830,0.2837,0.0088,0.0124,1.3127
15,11,2,8,2.6232,0.7754,0.5039,0.1487,0.0060,0.0128,1.3114
15,11,3,8,2.4615,0.7410,0.4287,0.1346,0.0089,0.0122,1.2580
15,11,4,10,2.4533,0.6760,0.4703,0.1585,0.0023,0.0124,1.2793
15,11,5,11,2.3709,0.6229,0.4402,0.1864,0.0021,0.0124,1.2804
15,11,6,11,2.3986,0.5826,0.4993,0.2174,0.0040,0.0125,1.2872
15,11,7,12,2.3823,0.5696,0.4922,0.2238,0.0030,0.0126,1.2920
15,11,8,12,2.3948,0.5571,0.5216,0.2468,0.0045,0.0126,1.2860
15,11,9,11,2.2367,0.5362,0.3173,0.2577,0.0023,0.0124,1.3557
15,11,10,11,2.2578,0.5075,0.3587,0.2762,0.0035,0.0124,1.3628
15,11,11,8,2.3190,0.4817,0.4961,0.2932,0.0081,0.0125,1.3073
15,13,2,8,2.6229,0.7583,0.5316,0.1544,0.0061,0.0128,1.3004
15,13,3,8,2.4755,0.7223,0.4575,0.1384,0.0109,0.0123,1.2598
15,13,4,10,2.4367,0.6611,0.4541,0.1614,0.0016,0.0125,1.2945
15,13,5,11,2.3910,0.6201,0.4599,0.1925,0.0036,0.0125,1.2821
15,13,6,11,2.4244,0.5857,0.5287,0.2240,0.0019,0.0125,1.2826
15,13,7,12,2.4597,0.5720,0.5939,0.2347,0.0024,0.0126,1.2657
15,13,8,12,2.4287,0.5597,0.5560,0.2524,0.0026,0.0126,1.2849
15,13,9,11,2.2757,0.5332,0.3556,0.2701,0.0025,0.0124,1.3592
15,13,10,8,2.3999,0.5079,0.5106,0.2794,0.0080,0.0124,1.3479
15,13,11,8,2.3440,0.4830,0.4786,0.2964,0.0121,0.0125,1.3443
15,14,2,8,2.5876,0.7353,0.5276,0.1469,0.0054,0.0126,1.2929
15,14,3,9,2.4556,0.7003,0.4610,0.1449,0.0033,0.0123,1.2660
15,14,4,10,2.4393,0.6569,0.4530,0.1626,0.0017,0.0125,1.3023
15,14,5,11,2.4026,0.6115,0.4890,0.2060,0.0030,0.0124,1.2739
15,14,6,11,2.4419,0.5796,0.5556,0.2327,0.0032,0.0124,1.2783
15,14,7,12,2.4665,0.5730,0.6040,0.2419,0.0042,0.0125,1.2599
15,14,8,12,2.4481,0.5577,0.5736,0.2490,0.0035,0.0126,1.2877
15,14,9,11,2.2665,0.5333,0.3516,0.2728,0.0033,0.0125,1.3531
15,14,10,8,2.4367,0.5095,0.5367,0.2802,0.0066,0.0125,1.3579
15,14,11,8,2.3779,0.4851,0.4966,0.2921,0.0061,0.0125,1.3642
15,15,2,8,2.5797,0.7272,0.5351,0.1455,0.0061,0.0126,1.2851
15,15,3,9,2.4584,0.6910,0.4742,0.1465,0.0025,0.0123,1.2657
15,15,4,10,2.4596,0.6514,0.4857,0.1610,0.0024,0.0125,1.2949
15,15,5,12,2.4080,0.6071,0.4984,0.2096,0.0027,0.0125,1.2744
15,15,6,11,2.4426,0.5789,0.5576,0.2344,0.0033,0.0125,1.2775
15,15,7,13,2.4582,0.5701,0.5822,0.2432,0.0016,0.0126,1.2788
15,15,8,12,2.4529,0.5555,0.5763,0.2521,0.0027,0.0127,1.2928
15,15,9,11,2.2659,0.5267,0.3554,0.2717,0.0018,0.0125,1.3568
15,15,10,8,2.4266,0.5031,0.5447,0.2866,0.0067,0.0125,1.3462
15,15,11,8,2.3828,0.4874,0.5048,0.2987,0.0065,0.0125,1.3581
16,1,2,7,2.6556,0.7737,0.7491,0.4442,0.0080,0.0098,1.1044
16,1,3,8,2.4945,0.8042,0.3973,0.1162,0.0055,0.0125,1.2619
16,1,4,8,2.3088,0.7565,0.3155,0.1305,0.0036,0.0118,1.2089
16,1,5,10,2.3097,0.7156,0.3376,0.1480,0.0030,0.0121,1.2288
16,1,6,11,2.2425,0.6879,0.2976,0.1841,0.0028,0.0121,1.2296
16,1,7,12,2.2627,0.6537,0.3393,0.2027,0.0025,0.0123,1.2423
16,1,8,12,2.2850,0.6278,0.4068,0.2349,0.0047,0.0122,1.2211
16,1,9,12,2.3263,0.6028,0.4740,0.2479,0.0042,0.0123,1.2204
16,1,10,11,2.1809,0.5712,0.2946,0.2519,0.0019,0.0122,1.2886
16,1,11,8,2.2609,0.5502,0.3878,0.2169,0.0026,0.0124,1.2948
16,2,2,7,2.6560,0.7532,0.7898,0.4455,0.0080,0.0099,1.0845
16,2,3,8,2.5026,0.8139,0.3980,0.1173,0.0057,0.0124,1.2596
16,2,4,8,2.3225,0.7551,0.3226,0.1346,0.0054,0.0119,1.2150
16,2,5,10,2.3069,0.7217,0.3297,0.1520,0.0053,0.0121,1.2256
16,2,6,11,2.2530,0.6821,0.3040,0.1742,0.0033,0.0121,1.2391
16,2,7,10,2.2449,0.6466,0.3473,0.2030,0.0024,0.0120,1.2240
16,2,8,12,2.2683,0.6198,0.3920,0.2253,0.0049,0.0123,1.2268
16,2,9,12,2.3085,0.5862,0.4760,0.2498,0.0034,0.0123,1.2180
16,2,10,11,2.1795,0.5542,0.3051,0.2701,0.0023,0.0122,1.2933
16,2,11,8,2.2812,0.5480,0.4189,0.2252,0.0055,0.0124,1.2832
16,3,2,7,2.5453,0.7471,0.6857,0.3248,0.0080,0.0098,1.0841
16,3,3,8,2.4813,0.8079,0.3949,0.1191,0.0056,0.0123,1.2476
16,3,4,8,2.3390,0.7664,0.3234,0.1405,0.0047,0.0119,1.2202
16,3,5,10,2.3175,0.7180,0.3303,0.1521,0.0031,0.0121,1.2414
16,3,6,11,2.2571,0.6821,0.3047,0.1712,0.0033,0.0121,1.2426
16,3,7,11,2.2652,0.6315,0.3736,0.2110,0.0047,0.0121,1.2308
16,3,8,12,2.2624,0.5976,0.4099,0.2268,0.0041,0.0122,1.2262
16,3,9,12,2.1943,0.5672,0.3178,0.2468,0.0030,0.0123,1.2814
16,3,10,10,2.1771,0.5396,0.3191,0.2737,0.0035,0.0122,1.2904
16,3,11,8,2.2595,0.5230,0.4165,0.2421,0.0027,0.0123,1.2920
16,4,2,7,2.5482,0.7444,0.6948,0.3322,0.0080,0.0099,1.0806
16,4,3,8,2.4773,0.8034,0.3955,0.1214,0.0061,0.0122,1.2471
16,4,4,10,2.3632,0.7616,0.3345,0.1407,0.0060,0.0122,1.2362
16,4,5,10,2.3149,0.7048,0.3437,0.1559,0.0039,0.0121,1.2379
16,4,6,11,2.2508,0.6571,0.3232,0.1765,0.0034,0.0121,1.2428
16,4,7,12,2.2717,0.6063,0.3875,0.2030,0.0022,0.0123,1.2509
16,4,8,12,2.2752,0.5870,0.4189,0.2251,0.0053,0.0123,1.2392
16,4,9,11,2.1709,0.5425,0.3144,0.2532,0.0018,0.0122,1.2874
16,4,10,11,2.1793,0.5186,0.3237,0.2826,0.0017,0.0122,1.3105
16,4,11,8,2.2601,0.5081,0.4278,0.2476,0.0024,0.0123,1.2967
16,5,2,7,2.2360,0.7330,0.6115,0.2256,0.0047,0.0076,0.8713
16,5,3,8,2.4566,0.7861,0.3898,0.1215,0.0047,0.0123,1.2510
16,5,4,10,2.3467,0.7343,0.3480,0.1444,0.0034,0.0121,1.2363
16,5,5,10,2.2886,0.6779,0.3436,0.1640,0.0053,0.0121,1.2373
16,5,6,11,2.3278,0.6428,0.4156,0.1822,0.0040,0.0122,1.2407
16,5,7,12,2.2965,0.5930,0.4162,0.2080,0.0042,0.0123,1.2582
16,5,8,12,2.2998,0.5685,0.4585,0.2253,0.0044,0.0123,1.2435
16,5,9,12,2.1656,0.5305,0.2883,0.2466,0.0027,0.0123,1.3192
16,5,10,11,2.1640,0.5024,0.3220,0.2713,0.0016,0.0122,1.3132
16,5,11,7,2.2495,0.4984,0.4519,0.2531,0.0067,0.0121,1.2673
16,6,2,7,1.9814,0.7223,0.4200,0.1343,0.0035,0.0069,0.8218
16,6,3,8,2.4415,0.7728,0.3878,0.1260,0.0050,0.0122,1.2510
16,6,4,10,2.3490,0.7073,0.3740,0.1523,0.0018,0.0121,1.2413
16,6,5,11,2.3188,0.6421,0.3830,0.1760,0.0033,0.0122,1.2655
16,6,6,11,2.3226,0.6110,0.4402,0.1944,0.0064,0.0121,1.2404
16,6,7,11,2.2968,0.5764,0.4460,0.2116,0.0053,0.0121,1.2447
16,6,8,13,2.3162,0.5548,0.4784,0.2325,0.0027,0.0124,1.2554
16,6,9,11,2.1858,0.5222,0.3348,0.2473,0.0024,0.0122,1.3016
16,6,10,12,2.1927,0.4940,0.3306,0.2697,0.0031,0.0123,1.3400
16,6,11,7,2.2605,0.4919,0.4606,0.2628,0.0112,0.0121,1.2717
16,7,2,8,2.8605,0.7546,0.6795,0.2019,0.0061,0.0135,1.3923
16,7,3,8,2.4481,0.7369,0.4246,0.1281,0.0049,0.0122,1.2570
16,7,4,9,2.3482,0.6794,0.3999,0.1624,0.0032,0.0119,1.2412
16,7,5,11,2.3348,0.6315,0.4190,0.1883,0.0035,0.0122,1.2560
16,7,6,10,2.3468,0.5955,0.4886,0.2116,0.0031,0.0121,1.2350
16,7,7,11,2.3854,0.5724,0.5601,0.2167,0.0032,0.0122,1.2251
16,7,8,13,2.3670,0.5513,0.5318,0.2339,0.0049,0.0124,1.2541
16,7,9,12,2.2415,0.5243,0.3762,0.2599,0.0032,0.0122,1.3131
16,7,10,11,2.2142,0.5013,0.3475,0.2738,0.0015,0.0122,1.3391
16,7,11,7,2.2710,0.4828,0.4779,0.2742,0.0127,0.0121,1.2727
16,11,2,8,2.7843,0.7607,0.6380,0.1914,0.0071,0.0132,1.3511
16,11,3,7,2.4321,0.7177,0.4529,0.1408,0.0056,0.0120,1.2315
16,11,4,9,2.3521,0.6749,0.4118,0.1649,0.0029,0.0120,1.2380
16,11,5,11,2.3435,0.6165,0.4416,0.1940,0.0033,0.0122,1.2574
16,11,6,10,2.3464,0.5901,0.4877,0.2187,0.0035,0.0121,1.2405
16,11,7,13,2.3994,0.5658,0.5576,0.2209,0.0066,0.0124,1.2444
16,11,8,13,2.3639,0.5515,0.5276,0.2302,0.0022,0.0124,1.2576
16,11,9,11,2.2107,0.5244,0.3534,0.2520,0.0018,0.0122,1.3064
16,11,10,10,2.1919,0.4998,0.3406,0.2713,0.0021,0.0120,1.3250
16,11,11,7,2.2745,0.4793,0.4846,0.2801,0.0139,0.0121,1.2719
16,13,2,8,2.7755,0.7429,0.6377,0.1826,0.0062,0.0131,1.3612
16,13,3,7,2.4353,0.6963,0.4845,0.1503,0.0055,0.0119,1.2247
16,13,4,9,2.3849,0.6577,0.4550,0.1710,0.0039,0.0120,1.2441
16,13,5,11,2.3492,0.6146,0.4584,0.2048,0.0029,0.0122,1.2485
16,13,6,12,2.3816,0.5867,0.5077,0.2270,0.0021,0.0123,1.2602
16,13,7,13,2.3870,0.5637,0.5420,0.2360,0.0028,0.0124,1.2536
16,13,8,13,2.3863,0.5550,0.5444,0.2286,0.0021,0.0124,1.2599
16,13,9,11,2.2232,0.5295,0.3478,0.2487,0.0029,0.0122,1.3182
16,13,10,11,2.2175,0.4963,0.3563,0.2812,0.0018,0.0123,1.3383
16,13,11,7,2.2885,0.4808,0.4677,0.2853,0.0106,0.0121,1.3045
16,14,2,8,2.6377,0.7318,0.5703,0.1579,0.0057,0.0127,1.3037
16,14,3,8,2.4150,0.6852,0.4723,0.1533,0.0058,0.0119,1.2274
16,14,4,10,2.3899,0.6460,0.4552,0.1787,0.0026,0.0122,1.2615
16,14,5,11,2.3707,0.6143,0.4775,0.2079,0.0020,0.0122,1.2522
16,14,6,12,2.3717,0.5861,0.4928,0.2252,0.0029,0.0123,1.2650
16,14,7,13,2.3871,0.5648,0.5406,0.2299,0.0028,0.0123,1.2541
16,14,8,12,2.3916,0.5547,0.5573,0.2396,0.0022,0.0124,1.2524
16,14,9,11,2.2457,0.5251,0.3824,0.2680,0.0018,0.0122,1.3118
16,14,10,11,2.2053,0.5010,0.3282,0.2763,0.0030,0.0123,1.3484
16,14,11,8,2.3077,0.4809,0.4673,0.2957,0.0126,0.0121,1.3223
16,15,2,8,2.5936,0.7198,0.5552,0.1471,0.0056,0.0125,1.2868
16,15,3,8,2.4086,0.6781,0.4730,0.1532,0.0047,0.0119,1.2286
16,15,4,10,2.3925,0.6379,0.4769,0.1827,0.0027,0.0122,1.2504
16,15,5,13,2.3884,0.6122,0.4822,0.2093,0.0033,0.0124,1.2657
16,15,6,12,2.3736,0.5827,0.5052,0.2203,0.0031,0.0122,1.2578
16,15,7,12,2.4266,0.5574,0.6099,0.2400,0.0016,0.0124,1.2326
16,15,8,12,2.3995,0.5427,0.5739,0.2466,0.0061,0.0122,1.2521
16,15,9,11,2.2401,0.5179,0.3730,0.2654,0.0027,0.0122,1.3219
16,15,10,8,2.4039,0.4934,0.5435,0.2793,0.0068,0.0124,1.3348
16,15,11,8,2.3310,0.4807,0.4839,0.2945,0.0099,0.0123,1.3312
17,1,2,7,2.6777,0.7757,0.7987,0.4956,0.0080,0.0096,1.0754
17,1,3,8,2.5096,0.8197,0.3978,0.1096,0.0051,0.0125,1.2613
17,1,4,8,2.2744,0.7725,0.2766,0.1220,0.0113,0.0117,1.1898
17,1,5,9,2.2827,0.7455,0.3098,0.1440,0.0022,0.0119,1.2010
17,1,6,11,2.2136,0.7026,0.2768,0.1644,0.0032,0.0119,1.2070
17,1,7,11,2.2145,0.6657,0.3123,0.1988,0.0016,0.0121,1.2105
17,1,8,12,2.2342,0.6384,0.3717,0.2210,0.0034,0.0120,1.1965
17,1,9,13,2.2882,0.6128,0.4525,0.2407,0.0021,0.0122,1.1962
17,1,10,11,2.1651,0.5754,0.3157,0.2594,0.0031,0.0120,1.2467
17,1,11,11,2.0717,0.5523,0.2243,0.2156,0.0022,0.0121,1.2684
17,2,2,8,2.6917,0.7767,0.8087,0.4918,0.0081,0.0098,1.0781
17,2,3,8,2.5312,0.8226,0.4191,0.1122,0.0064,0.0124,1.2577
17,2,4,8,2.2990,0.7708,0.3066,0.1290,0.0039,0.0118,1.1937
17,2,5,9,2.2920,0.7488,0.3185,0.1413,0.0031,0.0118,1.1974
17,2,6,12,2.2395,0.7028,0.2834,0.1659,0.0015,0.0122,1.2273
17,2,7,12,2.2292,0.6657,0.3104,0.2008,0.0018,0.0122,1.2266
17,2,8,12,2.2206,0.6218,0.3631,0.2235,0.0032,0.0120,1.2083
17,2,9,12,2.2910,0.5964,0.4574,0.2493,0.0020,0.0122,1.2106
17,2,10,11,2.1527,0.5691,0.2949,0.2571,0.0023,0.0120,1.2622
17,2,11,8,2.2384,0.5474,0.3881,0.2222,0.0025,0.0122,1.2753
17,3,2,7,2.4665,0.7694,0.5618,0.2888,0.0080,0.0097,1.1072
17,3,3,8,2.4852,0.8200,0.3876,0.1188,0.0048,0.0122,1.2479
17,3,4,8,2.3075,0.7723,0.3149,0.1288,0.0056,0.0118,1.1908
17,3,5,9,2.2767,0.7389,0.3127,0.1405,0.0040,0.0118,1.1970
17,3,6,12,2.2283,0.6942,0.2866,0.1652,0.0027,0.0121,1.2205
17,3,7,10,2.2148,0.6499,0.3324,0.1991,0.0025,0.0119,1.2059
17,3,8,12,2.2346,0.6072,0.3817,0.2318,0.0026,0.0121,1.2187
17,3,9,11,2.2544,0.5793,0.4375,0.2408,0.0083,0.0120,1.2050
17,3,10,10,2.1266,0.5439,0.2951,0.2568,0.0034,0.0119,1.2601
17,3,11,8,2.2054,0.5274,0.3910,0.2186,0.0056,0.0121,1.2564
17,4,2,7,2.4745,0.7625,0.5922,0.3044,0.0080,0.0096,1.0918
17,4,3,7,2.4576,0.8178,0.3960,0.1201,0.0061,0.0119,1.2133
17,4,4,8,2.3155,0.7612,0.3276,0.1341,0.0072,0.0117,1.1955
17,4,5,10,2.2805,0.7338,0.3076,0.1415,0.0049,0.0119,1.2100
17,4,6,11,2.2396,0.6759,0.3144,0.1685,0.0034,0.0120,1.2218
17,4,7,11,2.2244,0.6314,0.3459,0.2008,0.0029,0.0120,1.2199
17,4,8,12,2.2312,0.5882,0.3790,0.2179,0.0025,0.0122,1.2368
17,4,9,11,2.2562,0.5606,0.4482,0.2355,0.0045,0.0120,1.2186
17,4,10,12,2.1593,0.5268,0.3300,0.2643,0.0030,0.0121,1.2749
17,4,11,7,2.2112,0.5111,0.4184,0.2381,0.0063,0.0120,1.2509
17,5,2,7,2.2922,0.7462,0.6365,0.2938,0.0060,0.0078,0.8875
17,5,3,7,2.4292,0.7929,0.3808,0.1180,0.0056,0.0119,1.2256
17,5,4,9,2.3220,0.7505,0.3421,0.1311,0.0041,0.0118,1.2013
17,5,5,10,2.2609,0.6980,0.3102,0.1490,0.0040,0.0119,1.2246
17,5,6,11,2.2827,0.6477,0.3838,0.1739,0.0044,0.0120,1.2225
17,5,7,11,2.2493,0.6203,0.3707,0.2007,0.0066,0.0121,1.2274
17,5,8,12,2.2735,0.5763,0.4469,0.2285,0.0033,0.0121,1.2225
17,5,9,11,2.2584,0.5474,0.4618,0.2412,0.0051,0.0119,1.2200
17,5,10,12,2.1520,0.5095,0.3263,0.2601,0.0030,0.0120,1.2888
17,5,11,8,2.2270,0.4958,0.4183,0.2484,0.0083,0.0122,1.2797
17,6,2,7,1.8597,0.7286,0.3293,0.1126,0.0018,0.0063,0.7874
17,6,3,7,2.4090,0.7709,0.3841,0.1229,0.0059,0.0119,1.2239
17,6,4,10,2.3221,0.7216,0.3599,0.1345,0.0032,0.0119,1.2132
17,6,5,10,2.2829,0.6793,0.3365,0.1524,0.0063,0.0120,1.2364
17,6,6,10,2.2892,0.6180,0.4277,0.1878,0.0044,0.0119,1.2150
17,6,7,12,2.2552,0.5949,0.3927,0.1964,0.0075,0.0121,1.2360
17,6,8,12,2.2920,0.5582,0.4667,0.2195,0.0030,0.0122,1.2394
17,6,9,12,2.2825,0.5342,0.4797,0.2478,0.0060,0.0121,1.2380
17,6,10,11,2.1545,0.5090,0.3263,0.2586,0.0032,0.0120,1.2919
17,6,11,9,2.2317,0.4870,0.4354,0.2585,0.0059,0.0122,1.2784
17,7,2,8,2.8471,0.7622,0.6695,0.2009,0.0062,0.0135,1.3809
17,7,3,7,2.4246,0.7564,0.4168,0.1261,0.0058,0.0119,1.2214
17,7,4,10,2.3355,0.7064,0.3634,0.1428,0.0045,0.0120,1.2367
17,7,5,11,2.3163,0.6577,0.3744,0.1594,0.0070,0.0121,1.2527
17,7,6,12,2.3364,0.6083,0.4696,0.1986,0.0033,0.0121,1.2306
17,7,7,12,2.3075,0.5904,0.4427,0.2014,0.0078,0.0121,1.2421
17,7,8,12,2.3213,0.5547,0.4937,0.2229,0.0033,0.0122,1.2451
17,7,9,12,2.3279,0.5291,0.5335,0.2503,0.0025,0.0121,1.2382
17,7,10,12,2.1835,0.5124,0.3323,0.2646,0.0028,0.0121,1.3115
17,7,11,8,2.2338,0.4743,0.4799,0.2818,0.0060,0.0120,1.2489
17,11,2,8,2.8472,0.7588,0.6722,0.1983,0.0075,0.0134,1.3806
17,11,3,7,2.4050,0.7308,0.4309,0.1319,0.0056,0.0118,1.2136
17,11,4,10,2.3357,0.6982,0.3750,0.1472,0.0045,0.0120,1.2333
17,11,5,11,2.2963,0.6428,0.3769,0.1710,0.0057,0.0120,1.2465
17,11,6,12,2.3268,0.5975,0.4728,0.1979,0.0031,0.0121,1.2289
17,11,7,13,2.2977,0.5759,0.4534,0.2050,0.0039,0.0121,1.2400
17,11,8,12,2.3405,0.5548,0.5333,0.2376,0.0041,0.0121,1.2238
17,11,9,11,2.1877,0.5323,0.3467,0.2455,0.0034,0.0120,1.2811
17,11,10,11,2.1669,0.5018,0.3367,0.2741,0.0031,0.0120,1.3011
17,11,11,8,2.2616,0.4703,0.4929,0.2895,0.0185,0.0121,1.2553
17,13,2,8,2.7603,0.7501,0.6343,0.1880,0.0065,0.0130,1.3426
17,13,3,7,2.3954,0.7186,0.4343,0.1370,0.0058,0.0118,1.2127
17,13,4,9,2.3559,0.6740,0.4234,0.1543,0.0020,0.0119,1.2324
17,13,5,11,2.3331,0.6319,0.4306,0.1875,0.0024,0.0120,1.2439
17,13,6,11,2.3428,0.6002,0.4936,0.2118,0.0051,0.0118,1.2199
17,13,7,13,2.3293,0.5752,0.5011,0.2162,0.0036,0.0121,1.2251
17,13,8,12,2.3443,0.5528,0.5386,0.2399,0.0054,0.0121,1.2232
17,13,9,12,2.2370,0.5323,0.3880,0.2571,0.0040,0.0122,1.2882
17,13,10,11,2.1758,0.5041,0.3504,0.2751,0.0036,0.0119,1.2933
17,13,11,8,2.2874,0.4737,0.4615,0.2860,0.0068,0.0122,1.3205
17,14,2,8,2.6724,0.7381,0.5913,0.1650,0.0061,0.0127,1.3106
17,14,3,8,2.4149,0.6941,0.4714,0.1391,0.0056,0.0119,1.2193
17,14,4,8,2.3466,0.6704,0.4281,0.1616,0.0037,0.0117,1.2206
17,14,5,11,2.3246,0.6315,0.4254,0.1891,0.0045,0.0120,1.2389
17,14,6,12,2.3726,0.5974,0.5170,0.2201,0.0030,0.0121,1.2307
17,14,7,13,2.3802,0.5729,0.5665,0.2203,0.0021,0.0122,1.2141
17,14,8,12,2.3510,0.5546,0.5574,0.2441,0.0022,0.0120,1.2126
17,14,9,12,2.2276,0.5338,0.3853,0.2553,0.0038,0.0120,1.2803
17,14,10,11,2.1836,0.4941,0.3670,0.2816,0.0031,0.0120,1.2951
17,14,11,8,2.3248,0.4752,0.4931,0.2904,0.0109,0.0122,1.3204
17,15,2,8,2.6484,0.7333,0.5890,0.1628,0.0063,0.0125,1.2936
17,15,3,8,2.3995,0.6931,0.4627,0.1435,0.0055,0.0118,1.2139
17,15,4,8,2.3525,0.6665,0.4319,0.1644,0.0041,0.0117,1.2263
17,15,5,11,2.3236,0.6165,0.4519,0.1920,0.0038,0.0119,1.2273
17,15,6,13,2.3683,0.5960,0.5010,0.2211,0.0052,0.0122,1.2413
17,15,7,13,2.3819,0.5715,0.5744,0.2210,0.0039,0.0121,1.2076
17,15,8,13,2.3578,0.5470,0.5564,0.2399,0.0028,0.0121,1.2273
17,15,9,11,2.2138,0.5298,0.3706,0.2523,0.0033,0.0120,1.2858
17,15,10,11,2.1779,0.4974,0.3443,0.2816,0.0019,0.0120,1.3100
17,15,11,8,2.3265,0.4760,0.4986,0.2877,0.0085,0.0121,1.3186
18,1,2,8,2.5703,0.7762,0.6608,0.3698,0.0083,0.0097,1.1049
18,1,3,8,2.5362,0.8306,0.4158,0.1198,0.0065,0.0125,1.2581
18,1,4,9,2.3295,0.7806,0.3174,0.1244,0.0077,0.0119,1.1993
18,1,5,9,2.2579,0.7466,0.2967,0.1460,0.0036,0.0118,1.1869
18,1,6,11,2.2244,0.7210,0.2712,0.1719,0.0037,0.0120,1.2043
18,1,7,11,2.2130,0.6785,0.2980,0.2036,0.0020,0.0120,1.2104
18,1,8,13,2.2279,0.6393,0.3534,0.2213,0.0022,0.0121,1.2088
18,1,9,11,2.2553,0.6170,0.4207,0.2361,0.0063,0.0119,1.1870
18,1,10,10,2.1437,0.5989,0.2733,0.2535,0.0020,0.0119,1.2454
18,1,11,10,2.0667,0.5716,0.2092,0.1977,0.0016,0.0119,1.2601
18,2,2,6,2.5621,0.7596,0.6958,0.3872,0.0080,0.0096,1.0786
18,2,3,8,2.5025,0.8209,0.4034,0.1098,0.0051,0.0124,1.2476
18,2,4,9,2.3308,0.7767,0.3265,0.1273,0.0053,0.0119,1.1976
18,2,5,10,2.2815,0.7413,0.3069,0.1454,0.0021,0.0119,1.2069
18,2,6,11,2.2297,0.7287,0.2673,0.1783,0.0032,0.0118,1.2068
18,2,7,11,2.2197,0.6744,0.3148,0.2003,0.0033,0.0118,1.2033
18,2,8,12,2.2283,0.6314,0.3649,0.2265,0.0022,0.0120,1.2056
18,2,9,13,2.2869,0.6032,0.4535,0.2547,0.0057,0.0122,1.1999
18,2,10,10,2.1317,0.5696,0.2811,0.2581,0.0035,0.0119,1.2533
18,2,11,10,2.0593,0.5566,0.2137,0.2034,0.0017,0.0120,1.2630
18,3,2,6,2.5474,0.7512,0.7031,0.3616,0.0080,0.0096,1.0650
18,3,3,8,2.5060,0.8182,0.4110,0.1113,0.0064,0.0123,1.2454
18,3,4,8,2.2927,0.7835,0.3034,0.1220,0.0060,0.0117,1.1760
18,3,5,11,2.2868,0.7397,0.3154,0.1456,0.0035,0.0119,1.2041
18,3,6,11,2.2267,0.7126,0.2689,0.1652,0.0037,0.0120,1.2174
18,3,7,11,2.2284,0.6524,0.3370,0.1997,0.0017,0.0119,1.2131
18,3,8,12,2.2094,0.6152,0.3430,0.2173,0.0024,0.0121,1.2244
18,3,9,12,2.2494,0.5885,0.4288,0.2409,0.0047,0.0120,1.2031
18,3,10,10,2.1200,0.5530,0.2791,0.2625,0.0036,0.0120,1.2600
18,3,11,10,2.0455,0.5453,0.2144,0.2070,0.0015,0.0119,1.2601
18,4,2,6,2.5501,0.7487,0.7123,0.3668,0.0081,0.0097,1.0609
18,4,3,8,2.5223,0.8196,0.4168,0.1099,0.0063,0.0124,1.2543
18,4,4,9,2.3112,0.7788,0.3141,0.1216,0.0027,0.0118,1.1912
18,4,5,10,2.2715,0.7299,0.3095,0.1472,0.0024,0.0119,1.2057
18,4,6,12,2.2272,0.6970,0.2911,0.1792,0.0028,0.0119,1.2124
18,4,7,11,2.2125,0.6361,0.3328,0.2000,0.0016,0.0119,1.2179
18,4,8,12,2.2335,0.5962,0.3897,0.2223,0.0036,0.0121,1.2197
18,4,9,13,2.2740,0.5650,0.4642,0.2460,0.0028,0.0121,1.2176
18,4,10,11,2.1300,0.5363,0.2817,0.2589,0.0031,0.0120,1.2843
18,4,11,7,2.2152,0.5362,0.4004,0.2189,0.0053,0.0120,1.2488
18,5,2,6,2.0523,0.7358,0.4728,0.1245,0.0042,0.0068,0.8256
18,5,3,8,2.5276,0.8025,0.4365,0.1345,0.0050,0.0123,1.2579
18,5,4,9,2.3257,0.7560,0.3446,0.1334,0.0030,0.0118,1.1977
18,5,5,10,2.2552,0.7099,0.2992,0.1454,0.0038,0.0119,1.2180
18,5,6,11,2.2312,0.6680,0.3201,0.1774,0.0028,0.0119,1.2163
18,5,7,11,2.2335,0.6072,0.3697,0.2014,0.0043,0.0120,1.2281
18,5,8,12,2.2396,0.5787,0.4067,0.2135,0.0046,0.0121,1.2253
18,5,9,13,2.2746,0.5527,0.4590,0.2427,0.0029,0.0121,1.2353
18,5,10,11,2.1309,0.5303,0.2864,0.2624,0.0017,0.0121,1.2881
18,5,11,7,2.2484,0.5195,0.4283,0.2321,0.0138,0.0121,1.2618
18,6,2,6,2.0003,0.7301,0.4410,0.1240,0.0025,0.0066,0.8133
18,6,3,8,2.4845,0.7698,0.4397,0.1279,0.0046,0.0122,1.2454
18,6,4,9,2.3100,0.7252,0.3615,0.1374,0.0030,0.0118,1.1961
18,6,5,11,2.2889,0.6832,0.3389,0.1573,0.0044,0.0121,1.2379
18,6,6,12,2.3107,0.6487,0.4167,0.1760,0.0029,0.0121,1.2182
18,6,7,11,2.2719,0.5939,0.4163,0.2069,0.0030,0.0120,1.2344
18,6,8,12,2.2727,0.5655,0.4517,0.2244,0.0031,0.0121,1.2281
18,6,9,12,2.3104,0.5489,0.5062,0.2500,0.0036,0.0121,1.2273
18,6,10,10,2.1378,0.5157,0.3108,0.2721,0.0017,0.0119,1.2855
18,6,11,7,2.2546,0.5061,0.4449,0.2442,0.0160,0.0120,1.2629
18,7,2,7,2.8470,0.7651,0.6868,0.2036,0.0077,0.0131,1.3597
18,7,3,8,2.4869,0.7518,0.4600,0.1276,0.0075,0.0121,1.2428
18,7,4,10,2.3413,0.6975,0.3980,0.1473,0.0050,0.0120,1.2165
18,7,5,11,2.3001,0.6541,0.3857,0.1703,0.0028,0.0120,1.2331
18,7,6,12,2.3103,0.6272,0.4223,0.1863,0.0028,0.0121,1.2335
18,7,7,11,2.2813,0.5800,0.4408,0.2197,0.0039,0.0120,1.2324
18,7,8,12,2.3065,0.5629,0.4835,0.2319,0.0071,0.0120,1.2288
18,7,9,11,2.1919,0.5436,0.3461,0.2546,0.0027,0.0120,1.2753
18,7,10,10,2.1398,0.5237,0.2980,0.2666,0.0027,0.0119,1.2914
18,7,11,7,2.2678,0.5029,0.4633,0.2502,0.0087,0.0121,1.2679
18,11,2,8,2.7898,0.7645,0.6421,0.1884,0.0067,0.0130,1.3496
18,11,3,8,2.4779,0.7374,0.4647,0.1359,0.0059,0.0121,1.2450
18,11,4,10,2.3391,0.6889,0.4224,0.1541,0.0029,0.0118,1.2010
18,11,5,12,2.3049,0.6515,0.3824,0.1786,0.0020,0.0121,1.2444
18,11,6,11,2.3179,0.6124,0.4630,0.2022,0.0037,0.0119,1.2145
18,11,7,12,2.3026,0.5774,0.4622,0.2286,0.0039,0.0121,1.2348
18,11,8,13,2.3249,0.5631,0.5002,0.2334,0.0044,0.0121,1.2328
18,11,9,11,2.1932,0.5434,0.3508,0.2516,0.0027,0.0119,1.2722
18,11,10,10,2.1672,0.5177,0.3207,0.2722,0.0023,0.0120,1.3021
18,11,11,7,2.2736,0.4933,0.4849,0.2626,0.0063,0.0121,1.2643
18,13,2,8,2.8011,0.7426,0.6605,0.1889,0.0060,0.0131,1.3645
18,13,3,8,2.4516,0.7249,0.4689,0.1285,0.0052,0.0120,1.2279
18,13,4,10,2.3366,0.6702,0.4125,0.1591,0.0045,0.0119,1.2251
18,13,5,12,2.3162,0.6445,0.4042,0.1797,0.0026,0.0120,1.2406
18,13,6,11,2.3384,0.6044,0.4859,0.2148,0.0039,0.0120,1.2199
18,13,7,12,2.3692,0.5816,0.5493,0.2232,0.0021,0.0120,1.2117
18,13,8,13,2.3415,0.5663,0.5191,0.2457,0.0035,0.0120,1.2284
18,13,9,11,2.2044,0.5483,0.3527,0.2545,0.0029,0.0119,1.2765
18,13,10,12,2.2008,0.5212,0.3485,0.2788,0.0034,0.0121,1.3031
18,13,11,7,2.2932,0.4900,0.4975,0.2806,0.0108,0.0121,1.2699
18,14,2,8,2.8129,0.7336,0.6795,0.1894,0.0071,0.0131,1.3656
18,14,3,8,2.4674,0.7061,0.4978,0.1286,0.0052,0.0120,1.2336
18,14,4,10,2.3624,0.6644,0.4553,0.1654,0.0028,0.0118,1.2161
18,14,5,12,2.3279,0.6451,0.4237,0.1916,0.0022,0.0120,1.2327
18,14,6,12,2.3497,0.6012,0.4976,0.2180,0.0030,0.0120,1.2236
18,14,7,12,2.3795,0.5843,0.5595,0.2307,0.0021,0.0121,1.2091
18,14,8,12,2.3400,0.5645,0.5196,0.2368,0.0043,0.0119,1.2276
18,14,9,12,2.2246,0.5458,0.3667,0.2680,0.0026,0.0120,1.2852
18,14,10,9,2.1815,0.5219,0.3402,0.2736,0.0035,0.0118,1.2919
18,14,11,7,2.3228,0.4956,0.4993,0.2968,0.0075,0.0121,1.2951
18,15,2,8,2.6926,0.7297,0.6124,0.1691,0.0069,0.0126,1.3171
18,15,3,8,2.4294,0.7000,0.4878,0.1286,0.0052,0.0118,1.2118
18,15,4,10,2.3590,0.6615,0.4492,0.1634,0.0043,0.0118,1.2201
18,15,5,12,2.3326,0.6437,0.4239,0.1930,0.0024,0.0120,1.2383
18,15,6,12,2.3607,0.5982,0.5195,0.2291,0.0034,0.0120,1.2154
18,15,7,12,2.3758,0.5782,0.5585,0.2274,0.0034,0.0120,1.2115
18,15,8,11,2.3444,0.5570,0.5464,0.2462,0.0059,0.0118,1.2111
18,15,9,12,2.2220,0.5439,0.3628,0.2585,0.0026,0.0121,1.2883
18,15,10,11,2.2164,0.5203,0.3625,0.2786,0.0016,0.0121,1.3077
18,15,11,8,2.3488,0.4942,0.5041,0.2964,0.0095,0.0122,1.3155
19,1,2,7,2.5695,0.7714,0.6569,0.3331,0.0085,0.0099,1.1123
19,1,3,8,1.9152,0.7225,0.3598,0.1282,0.0018,0.0066,0.8179
19,1,4,9,2.3859,0.7776,0.3496,0.1381,0.0081,0.0123,1.2254
19,1,5,11,2.3187,0.7428,0.3137,0.1524,0.0033,0.0123,1.2340
19,1,6,12,2.2923,0.7176,0.3110,0.1713,0.0032,0.0122,1.2360
19,1,7,13,2.3003,0.6962,0.3310,0.2134,0.0022,0.0123,1.2461
19,1,8,12,2.2596,0.6593,0.3333,0.2251,0.0026,0.0122,1.2397
19,1,9,11,2.2965,0.6235,0.4310,0.2439,0.0028,0.0123,1.2144
19,1,10,13,2.3497,0.5853,0.5125,0.2732,0.0050,0.0123,1.2219
19,1,11,7,2.3131,0.5707,0.4193,0.2359,0.0095,0.0124,1.2879
19,2,2,6,2.5695,0.7663,0.6839,0.3528,0.0084,0.0098,1.0905
19,2,3,9,2.8312,0.8061,0.6265,0.2029,0.0073,0.0136,1.3634
19,2,4,9,2.3892,0.7757,0.3512,0.1387,0.0072,0.0122,1.2299
19,2,5,12,2.3600,0.7435,0.3550,0.1554,0.0032,0.0123,1.2335
19,2,6,12,2.3500,0.7234,0.3545,0.1696,0.0034,0.0123,1.2438
19,2,7,11,2.2785,0.6773,0.3347,0.2069,0.0030,0.0122,1.2387
19,2,8,12,2.2610,0.6419,0.3420,0.2262,0.0028,0.0123,1.2495
19,2,9,11,2.2822,0.6033,0.4329,0.2420,0.0032,0.0122,1.2180
19,2,10,11,2.2912,0.5580,0.4856,0.2744,0.0042,0.0122,1.2186
19,2,11,7,2.2947,0.5657,0.4112,0.2336,0.0067,0.0124,1.2857
19,3,2,6,2.5510,0.7640,0.6730,0.3251,0.0080,0.0098,1.0856
19,3,3,9,2.8437,0.8092,0.6422,0.2015,0.0062,0.0136,1.3582
19,3,4,8,2.3720,0.7803,0.3490,0.1423,0.0058,0.0120,1.2125
19,3,5,11,2.3343,0.7336,0.3232,0.1602,0.0041,0.0123,1.2484
19,3,6,12,2.3352,0.7012,0.3627,0.1776,0.0025,0.0123,1.2439
19,3,7,11,2.2669,0.6657,0.3389,0.2055,0.0022,0.0122,1.2353
19,3,8,13,2.2763,0.6194,0.3707,0.2271,0.0017,0.0125,1.2593
19,3,9,12,2.2768,0.5837,0.4318,0.2439,0.0026,0.0124,1.2338
19,3,10,11,2.1752,0.5439,0.3206,0.2827,0.0025,0.0122,1.2835
19,3,11,7,2.2833,0.5344,0.4363,0.2557,0.0064,0.0123,1.2807
19,4,2,7,2.5533,0.7481,0.6950,0.3346,0.0081,0.0099,1.0817
19,4,3,9,2.6956,0.8102,0.5287,0.1627,0.0056,0.0130,1.3246
19,4,4,9,2.3898,0.7824,0.3468,0.1396,0.0068,0.0120,1.2289
19,4,5,10,2.3181,0.7206,0.3226,0.1643,0.0032,0.0122,1.2468
19,4,6,11,2.3039,0.6807,0.3525,0.1774,0.0039,0.0122,1.2422
19,4,7,11,2.2704,0.6385,0.3577,0.1949,0.0022,0.0123,1.2472
19,4,8,12,2.2795,0.6000,0.4022,0.2270,0.0021,0.0122,1.2505
19,4,9,12,2.2880,0.5732,0.4332,0.2488,0.0029,0.0124,1.2537
19,4,10,11,2.1679,0.5278,0.3075,0.2743,0.0030,0.0122,1.3048
19,4,11,7,2.2695,0.5339,0.4244,0.2440,0.0069,0.0123,1.2789
19,5,2,7,2.5039,0.7359,0.6467,0.3095,0.0081,0.0099,1.0927
19,5,3,9,2.6746,0.7731,0.5673,0.1709,0.0055,0.0130,1.3014
19,5,4,9,2.3787,0.7484,0.3720,0.1466,0.0052,0.0120,1.2282
19,5,5,10,2.3105,0.6871,0.3457,0.1746,0.0027,0.0121,1.2504
19,5,6,12,2.3234,0.6594,0.3869,0.1883,0.0038,0.0123,1.2485
19,5,7,11,2.2916,0.6190,0.3949,0.2058,0.0029,0.0122,1.2501
19,5,8,12,2.3021,0.5819,0.4276,0.2373,0.0031,0.0123,1.2647
19,5,9,13,2.3057,0.5604,0.4637,0.2415,0.0035,0.0123,1.2535
19,5,10,11,2.1769,0.5198,0.3060,0.2754,0.0021,0.0122,1.3242
19,5,11,7,2.2703,0.5120,0.4449,0.2604,0.0072,0.0122,1.2809
19,6,2,7,2.5043,0.7257,0.6680,0.3145,0.0080,0.0099,1.0821
19,6,3,9,2.6013,0.7529,0.5208,0.1391,0.0062,0.0128,1.2952
19,6,4,10,2.3815,0.7346,0.3818,0.1464,0.0036,0.0122,1.2367
19,6,5,11,2.3362,0.6676,0.3811,0.1789,0.0026,0.0122,1.2600
19,6,6,13,2.3304,0.6328,0.3966,0.1972,0.0034,0.0124,1.2725
19,6,7,12,2.3681,0.5965,0.4864,0.2053,0.0025,0.0124,1.2576
19,6,8,12,2.3342,0.5734,0.4715,0.2427,0.0023,0.0123,1.2621
19,6,9,13,2.3530,0.5504,0.5100,0.2447,0.0041,0.0124,1.2634
19,6,10,11,2.1861,0.5228,0.3029,0.2708,0.0020,0.0123,1.3334
19,6,11,7,2.2901,0.5040,0.4694,0.2823,0.0086,0.0122,1.2831
19,7,2,7,2.5011,0.7211,0.6791,0.3197,0.0080,0.0099,1.0724
19,7,3,9,2.6143,0.7242,0.5664,0.1553,0.0052,0.0127,1.2924
19,7,4,10,2.4303,0.7111,0.4535,0.1601,0.0028,0.0121,1.2383
19,7,5,10,2.3509,0.6525,0.4210,0.1926,0.0023,0.0121,1.2505
19,7,6,12,2.3502,0.6221,0.4200,0.2084,0.0037,0.0125,1.2792
19,7,7,12,2.3988,0.5914,0.5308,0.2192,0.0038,0.0123,1.2477
19,7,8,12,2.3618,0.5723,0.4984,0.2432,0.0051,0.0123,1.2613
19,7,9,13,2.3862,0.5519,0.5511,0.2603,0.0035,0.0123,1.2550
19,7,10,10,2.2108,0.5235,0.3421,0.2781,0.0035,0.0121,1.3171
19,7,11,7,2.2930,0.4956,0.4774,0.2796,0.0081,0.0122,1.2868
19,11,2,7,2.5027,0.7212,0.6844,0.3200,0.0080,0.0099,1.0687
19,11,3,8,2.5671,0.7105,0.5484,0.1502,0.0067,0.0124,1.2758
19,11,4,9,2.4334,0.6963,0.4848,0.1667,0.0053,0.0120,1.2227
19,11,5,11,2.3535,0.6378,0.4332,0.1929,0.0027,0.0122,1.2551
19,11,6,11,2.3506,0.6135,0.4564,0.2153,0.0022,0.0122,1.2538
19,11,7,12,2.4027,0.5911,0.5346,0.2257,0.0036,0.0123,1.2484
19,11,8,12,2.3712,0.5646,0.5223,0.2515,0.0036,0.0123,1.2559
19,11,9,13,2.3941,0.5546,0.5545,0.2628,0.0027,0.0125,1.2571
19,11,10,10,2.2220,0.5228,0.3502,0.2860,0.0034,0.0121,1.3210
19,11,11,8,2.3199,0.4872,0.4960,0.3060,0.0073,0.0123,1.3041
19,13,2,7,2.0550,0.7195,0.5092,0.1466,0.0036,0.0070,0.8086
19,13,3,9,2.5488,0.6956,0.5504,0.1475,0.0060,0.0124,1.2713
19,13,4,9,2.4186,0.6735,0.4787,0.1750,0.0024,0.0120,1.2397
19,13,5,11,2.3769,0.6437,0.4543,0.2021,0.0032,0.0122,1.2509
19,13,6,10,2.3764,0.6169,0.4884,0.2234,0.0035,0.0121,1.2431
19,13,7,12,2.4143,0.5922,0.5477,0.2429,0.0037,0.0123,1.2458
19,13,8,13,2.3936,0.5719,0.5316,0.2513,0.0059,0.0124,1.2595
19,13,9,13,2.4216,0.5458,0.5926,0.2720,0.0043,0.0124,1.2538
19,13,10,8,2.4699,0.5231,0.5854,0.2953,0.0057,0.0126,1.3296
19,13,11,7,2.3383,0.4827,0.5037,0.2985,0.0072,0.0123,1.3196
19,14,2,7,2.0152,0.7166,0.4818,0.1534,0.0024,0.0069,0.8005
19,14,3,8,2.5279,0.6944,0.5554,0.1531,0.0067,0.0122,1.2461
19,14,4,9,2.4373,0.6701,0.4969,0.1823,0.0030,0.0120,1.2426
19,14,5,11,2.3957,0.6419,0.4686,0.1997,0.0026,0.0122,1.2577
19,14,6,11,2.3945,0.6165,0.4957,0.2291,0.0048,0.0121,1.2528
19,14,7,12,2.4243,0.5919,0.5585,0.2421,0.0023,0.0123,1.2466
19,14,8,13,2.4172,0.5692,0.5571,0.2555,0.0022,0.0125,1.2638
19,14,9,13,2.4229,0.5493,0.5898,0.2690,0.0019,0.0124,1.2569
19,14,10,7,2.4529,0.5112,0.5940,0.2867,0.0059,0.0125,1.3158
19,14,11,7,2.3666,0.4881,0.5259,0.2927,0.0110,0.0122,1.3164
19,15,2,8,1.9016,0.7087,0.4011,0.1608,0.0017,0.0066,0.7770
19,15,3,8,2.5079,0.6929,0.5366,0.1548,0.0062,0.0122,1.2471
19,15,4,11,2.4483,0.6676,0.4958,0.1793,0.0042,0.0122,1.2558
19,15,5,12,2.4072,0.6413,0.4739,0.2054,0.0039,0.0123,1.2630
19,15,6,12,2.3925,0.6144,0.4725,0.2274,0.0041,0.0124,1.2764
19,15,7,12,2.4177,0.5856,0.5522,0.2491,0.0029,0.0124,1.2520
19,15,8,12,2.3875,0.5632,0.5397,0.2516,0.0024,0.0124,1.2572
19,15,9,13,2.4176,0.5442,0.5870,0.2692,0.0032,0.0123,1.2584
19,15,10,7,2.4582,0.5062,0.6044,0.2951,0.0056,0.0125,1.3161
19,15,11,7,2.3826,0.4849,0.5436,0.3012,0.0066,0.0123,1.3222
20,1,2,6,2.5952,0.7741,0.7094,0.3752,0.0081,0.0097,1.0835
20,1,3,8,2.7288,0.8106,0.5599,0.1923,0.0074,0.0132,1.3236
20,1,4,8,2.3211,0.7811,0.3100,0.1212,0.0084,0.0119,1.1971
20,1,5,12,2.3270,0.7652,0.3224,0.1404,0.0045,0.0122,1.2103
20,1,6,10,2.2926,0.7201,0.3403,0.1619,0.0041,0.0120,1.2036
20,1,7,13,2.2372,0.6883,0.2950,0.1881,0.0015,0.0123,1.2279
20,1,8,11,2.2411,0.6716,0.3203,0.2222,0.0019,0.0120,1.2227
20,1,9,11,2.2890,0.6314,0.4271,0.2381,0.0045,0.0121,1.2015
20,1,10,10,2.1356,0.5999,0.2565,0.2378,0.0031,0.0119,1.2518
20,1,11,7,2.2703,0.5783,0.3814,0.2015,0.0090,0.0122,1.2762
20,2,2,6,2.6096,0.7685,0.7336,0.4066,0.0103,0.0096,1.0771
20,2,3,8,2.7124,0.8197,0.5481,0.1851,0.0071,0.0130,1.3105
20,2,4,8,2.3331,0.7914,0.3194,0.1269,0.0088,0.0118,1.1894
20,2,5,12,2.3377,0.7694,0.3232,0.1432,0.0019,0.0122,1.2185
20,2,6,11,2.3037,0.7243,0.3412,0.1621,0.0026,0.0121,1.2111
20,2,7,12,2.2542,0.6904,0.3021,0.1920,0.0027,0.0122,1.2343
20,2,8,11,2.2455,0.6596,0.3323,0.2175,0.0019,0.0120,1.2273
20,2,9,11,2.2714,0.6163,0.4236,0.2367,0.0033,0.0122,1.2035
20,2,10,11,2.1215,0.5869,0.2486,0.2347,0.0021,0.0120,1.2596
20,2,11,8,2.2596,0.5653,0.3705,0.1961,0.0070,0.0123,1.2913
20,3,2,6,2.5741,0.7623,0.7111,0.3692,0.0080,0.0096,1.0727
20,3,3,9,2.6647,0.8067,0.5201,0.1676,0.0064,0.0130,1.3049
20,3,4,9,2.3424,0.7871,0.3203,0.1312,0.0110,0.0119,1.1994
20,3,5,12,2.3350,0.7694,0.3113,0.1446,0.0045,0.0122,1.2249
20,3,6,11,2.3061,0.7112,0.3469,0.1596,0.0029,0.0121,1.2206
20,3,7,11,2.2445,0.6791,0.3100,0.1872,0.0034,0.0121,1.2276
20,3,8,11,2.2310,0.6321,0.3325,0.2211,0.0020,0.0122,1.2399
20,3,9,12,2.2608,0.5967,0.4130,0.2409,0.0024,0.0123,1.2240
20,3,10,10,2.1358,0.5698,0.2747,0.2565,0.0034,0.0119,1.2636
20,3,11,8,2.2513,0.5560,0.3798,0.1981,0.0101,0.0122,1.2803
20,4,2,7,2.5919,0.7599,0.7231,0.3840,0.0080,0.0097,1.0806
20,4,3,9,2.6807,0.8153,0.5368,0.1701,0.0069,0.0129,1.2957
20,4,4,9,2.3524,0.7814,0.3289,0.1310,0.0139,0.0119,1.2039
20,4,5,12,2.3363,0.7503,0.3293,0.1463,0.0053,0.0123,1.2265
20,4,6,11,2.2981,0.6908,0.3644,0.1699,0.0021,0.0120,1.2165
20,4,7,12,2.2506,0.6535,0.3303,0.1964,0.0019,0.0121,1.2405
20,4,8,12,2.2527,0.6166,0.3763,0.2190,0.0024,0.0122,1.2329
20,4,9,12,2.2529,0.5705,0.4248,0.2533,0.0026,0.0122,1.2304
20,4,10,11,2.1377,0.5437,0.2851,0.2670,0.0035,0.0120,1.2811
20,4,11,7,2.2509,0.5451,0.4065,0.2108,0.0090,0.0121,1.2655
20,5,2,6,2.5451,0.7478,0.7109,0.3580,0.0080,0.0097,1.0582
20,5,3,8,2.6466,0.7904,0.5402,0.1667,0.0065,0.0127,1.2828
20,5,4,9,2.3449,0.7689,0.3329,0.1358,0.0115,0.0119,1.2071
20,5,5,11,2.3100,0.7266,0.3283,0.1545,0.0029,0.0121,1.2274
20,5,6,12,2.3041,0.6639,0.3898,0.1768,0.0022,0.0121,1.2238
20,5,7,12,2.2962,0.6259,0.4055,0.2058,0.0025,0.0122,1.2377
20,5,8,12,2.2773,0.5921,0.4071,0.2252,0.0053,0.0122,1.2483
20,5,9,13,2.3133,0.5672,0.4856,0.2547,0.0029,0.0122,1.2330
20,5,10,12,2.2175,0.5330,0.3654,0.2965,0.0028,0.0122,1.2916
20,5,11,8,2.2722,0.5272,0.4214,0.2310,0.0123,0.0123,1.2859
20,6,2,7,2.5447,0.7354,0.7081,0.3665,0.0080,0.0098,1.0729
20,6,3,9,2.5947,0.7665,0.5160,0.1513,0.0067,0.0126,1.2799
20,6,4,10,2.3714,0.7422,0.3784,0.1399,0.0034,0.0120,1.2229
20,6,5,11,2.3219,0.6929,0.3744,0.1619,0.0026,0.0121,1.2275
20,6,6,11,2.3124,0.6434,0.4099,0.1882,0.0026,0.0120,1.2321
20,6,7,13,2.3482,0.6033,0.4773,0.2149,0.0047,0.0123,1.2382
20,6,8,12,2.2938,0.5703,0.4440,0.2331,0.0028,0.0122,1.2523
20,6,9,12,2.3208,0.5540,0.4989,0.2476,0.0046,0.0122,1.2387
20,6,10,11,2.1879,0.5186,0.3406,0.2855,0.0021,0.0122,1.3020
20,6,11,7,2.2397,0.5067,0.4339,0.2327,0.0056,0.0120,1.2685
20,7,2,7,2.1380,0.7285,0.5545,0.1958,0.0037,0.0073,0.8366
20,7,3,9,2.5646,0.7398,0.5188,0.1498,0.0057,0.0126,1.2740
20,7,4,10,2.3639,0.7161,0.3863,0.1441,0.0124,0.0120,1.2245
20,7,5,11,2.3421,0.6637,0.4226,0.1805,0.0041,0.0121,1.2271
20,7,6,12,2.3357,0.6253,0.4249,0.2005,0.0051,0.0121,1.2559
20,7,7,13,2.3692,0.5982,0.5023,0.2190,0.0055,0.0123,1.2385
20,7,8,13,2.3310,0.5737,0.4878,0.2443,0.0036,0.0122,1.2415
20,7,9,12,2.3597,0.5455,0.5400,0.2562,0.0106,0.0123,1.2387
20,7,10,10,2.2028,0.5209,0.3406,0.2829,0.0020,0.0121,1.3147
20,7,11,7,2.2611,0.5092,0.4517,0.2448,0.0062,0.0121,1.2689
20,11,2,7,2.0645,0.7265,0.4885,0.1409,0.0029,0.0070,0.8324
20,11,3,8,2.5486,0.7266,0.5282,0.1463,0.0050,0.0124,1.2631
20,11,4,10,2.3904,0.6985,0.4408,0.1530,0.0038,0.0120,1.2232
20,11,5,11,2.3535,0.6538,0.4341,0.1840,0.0089,0.0121,1.2322
20,11,6,12,2.3523,0.6170,0.4419,0.2008,0.0114,0.0121,1.2572
20,11,7,13,2.3707,0.5979,0.5000,0.2247,0.0046,0.0122,1.2435
20,11,8,14,2.3449,0.5697,0.4949,0.2424,0.0036,0.0123,1.2519
20,11,9,10,2.2029,0.5532,0.3064,0.2583,0.0019,0.0122,1.3167
20,11,10,9,2.2074,0.5223,0.3561,0.2860,0.0033,0.0120,1.3011
20,11,11,8,2.2752,0.4938,0.4603,0.2613,0.0101,0.0122,1.2859
20,13,2,7,1.9863,0.7299,0.4319,0.1260,0.0036,0.0067,0.8075
20,13,3,9,2.5564,0.7128,0.5429,0.1430,0.0055,0.0124,1.2696
20,13,4,10,2.3862,0.6866,0.4449,0.1591,0.0026,0.0120,1.2280
20,13,5,11,2.4049,0.6497,0.4857,0.1828,0.0020,0.0121,1.2431
20,13,6,13,2.3801,0.6186,0.4760,0.2109,0.0021,0.0124,1.2583
20,13,7,12,2.3805,0.5986,0.5236,0.2418,0.0032,0.0122,1.2304
20,13,8,14,2.3661,0.5721,0.5202,0.2490,0.0038,0.0123,1.2454
20,13,9,9,2.2042,0.5588,0.3204,0.2554,0.0029,0.0119,1.2979
20,13,10,7,2.3943,0.5251,0.5301,0.2901,0.0070,0.0122,1.3067
20,13,11,7,2.2884,0.5007,0.4911,0.2781,0.0083,0.0120,1.2633
20,14,2,8,2.8669,0.7386,0.7235,0.1977,0.0065,0.0133,1.3709
20,14,3,9,2.5411,0.7039,0.5443,0.1443,0.0057,0.0123,1.2619
20,14,4,11,2.4161,0.6785,0.4711,0.1639,0.0046,0.0120,1.2376
20,14,5,10,2.4122,0.6460,0.4980,0.1925,0.0030,0.0120,1.2410
20,14,6,13,2.3801,0.6188,0.4831,0.2201,0.0034,0.0122,1.2500
20,14,7,10,2.3711,0.6015,0.5122,0.2350,0.0049,0.0120,1.2281
20,14,8,13,2.4412,0.5720,0.6168,0.2505,0.0030,0.0123,1.2248
20,14,9,9,2.2055,0.5565,0.3311,0.2576,0.0027,0.0119,1.2910
20,14,10,10,2.1994,0.5155,0.3416,0.2904,0.0025,0.0121,1.3152
20,14,11,7,2.2975,0.5020,0.4928,0.2792,0.0081,0.0120,1.2697
20,15,2,9,2.8444,0.7297,0.7265,0.1946,0.0068,0.0133,1.3539
20,15,3,8,2.4885,0.6999,0.5209,0.1518,0.0045,0.0121,1.2382
20,15,4,11,2.4153,0.6768,0.4682,0.1673,0.0035,0.0120,1.2424
20,15,5,11,2.4141,0.6459,0.4961,0.1904,0.0021,0.0121,1.2456
20,15,6,13,2.3787,0.6184,0.4774,0.2200,0.0027,0.0122,1.2554
20,15,7,11,2.3861,0.5988,0.5248,0.2386,0.0033,0.0121,1.2348
20,15,8,12,2.4281,0.5645,0.6247,0.2551,0.0031,0.0122,1.2111
20,15,9,10,2.2186,0.5460,0.3396,0.2672,0.0027,0.0120,1.3060
20,15,10,7,2.4174,0.5145,0.5640,0.2952,0.0056,0.0122,1.3079
20,15,11,7,2.3174,0.5053,0.5176,0.2970,0.0080,0.0119,1.2619
21,1,2,6,2.5831,0.7721,0.6948,0.3959,0.0080,0.0096,1.0881
21,1,3,8,2.7458,0.8080,0.5682,0.1926,0.0068,0.0131,1.3357
21,1,4,9,2.3698,0.7685,0.3470,0.1472,0.0138,0.0120,1.2161
21,1,5,8,2.2792,0.7300,0.3304,0.1635,0.0066,0.0117,1.1884
21,1,6,9,2.2737,0.7021,0.3567,0.1821,0.0027,0.0117,1.1881
21,1,7,12,2.2498,0.6971,0.3130,0.2042,0.0031,0.0121,1.2124
21,1,8,12,2.2408,0.6581,0.3457,0.2187,0.0020,0.0120,1.2108
21,1,9,13,2.2606,0.6273,0.3953,0.2330,0.0021,0.0122,1.2113
21,1,10,13,2.2995,0.5842,0.4964,0.2656,0.0032,0.0121,1.1912
21,1,11,9,2.3169,0.5464,0.4351,0.2802,0.0030,0.0125,1.3067
21,2,2,6,2.5940,0.7691,0.7144,0.3981,0.0080,0.0097,1.0824
21,2,3,7,2.5587,0.8205,0.4444,0.1322,0.0052,0.0124,1.2631
21,2,4,9,2.3808,0.7682,0.3592,0.1532,0.0127,0.0120,1.2158
21,2,5,9,2.2941,0.7255,0.3385,0.1630,0.0048,0.0118,1.2012
21,2,6,9,2.2730,0.7057,0.3417,0.1731,0.0030,0.0118,1.1986
21,2,7,12,2.2348,0.6769,0.3145,0.1952,0.0025,0.0121,1.2167
21,2,8,13,2.2154,0.6416,0.3287,0.2233,0.0021,0.0121,1.2185
21,2,9,13,2.2461,0.6137,0.3970,0.2354,0.0021,0.0121,1.2090
21,2,10,12,2.2753,0.5738,0.4835,0.2576,0.0022,0.0120,1.1916
21,2,11,8,2.2804,0.5378,0.4134,0.2633,0.0070,0.0124,1.2966
21,3,2,6,2.5960,0.7698,0.7259,0.4100,0.0081,0.0096,1.0722
21,3,3,8,2.5420,0.8214,0.4243,0.1295,0.0061,0.0124,1.2650
21,3,4,9,2.3793,0.7686,0.3608,0.1532,0.0116,0.0120,1.2134
21,3,5,11,2.3181,0.7345,0.3388,0.1679,0.0028,0.0120,1.2177
21,3,6,9,2.2673,0.6921,0.3467,0.1848,0.0027,0.0118,1.2016
21,3,7,11,2.2306,0.6602,0.3301,0.2003,0.0020,0.0119,1.2142
21,3,8,13,2.2143,0.6184,0.3438,0.2197,0.0023,0.0121,1.2254
21,3,9,13,2.2242,0.5899,0.3936,0.2411,0.0022,0.0121,1.2138
21,3,10,13,2.2705,0.5536,0.4865,0.2650,0.0023,0.0121,1.2036
21,3,11,9,2.2989,0.5269,0.4391,0.2761,0.0058,0.0126,1.3016
21,4,2,6,2.6084,0.7558,0.7607,0.4244,0.0114,0.0096,1.0606
21,4,3,8,2.5316,0.8181,0.4150,0.1306,0.0064,0.0124,1.2669
21,4,4,9,2.3717,0.7675,0.3544,0.1546,0.0086,0.0120,1.2167
21,4,5,10,2.3136,0.7029,0.3748,0.1769,0.0025,0.0119,1.2091
21,4,6,10,2.2812,0.6713,0.3671,0.1792,0.0020,0.0119,1.2165
21,4,7,10,2.2230,0.6403,0.3434,0.1969,0.0039,0.0119,1.2112
21,4,8,14,2.2431,0.6093,0.3764,0.2198,0.0030,0.0122,1.2300
21,4,9,13,2.2470,0.5686,0.4270,0.2537,0.0022,0.0121,1.2247
21,4,10,11,2.1535,0.5299,0.3243,0.2622,0.0023,0.0120,1.2727
21,4,11,9,2.3122,0.5022,0.4444,0.2967,0.0114,0.0125,1.3287
21,5,2,6,2.6087,0.7403,0.7756,0.4293,0.0112,0.0098,1.0613
21,5,3,8,2.5310,0.8004,0.4271,0.1342,0.0049,0.0124,1.2731
21,5,4,9,2.3552,0.7324,0.3737,0.1600,0.0042,0.0120,1.2204
21,5,5,10,2.3149,0.6740,0.4038,0.1792,0.0032,0.0119,1.2095
21,5,6,11,2.2797,0.6503,0.3746,0.1941,0.0027,0.0121,1.2275
21,5,7,11,2.2446,0.6147,0.3739,0.2051,0.0023,0.0120,1.2294
21,5,8,14,2.2671,0.5801,0.4271,0.2219,0.0032,0.0122,1.2323
21,5,9,13,2.2697,0.5547,0.4467,0.2458,0.0017,0.0123,1.2418
21,5,10,12,2.1740,0.5310,0.3257,0.2633,0.0027,0.0120,1.2902
21,5,11,9,2.3226,0.4994,0.4598,0.2943,0.0055,0.0125,1.3324
21,6,2,6,2.6017,0.7315,0.7910,0.4503,0.0081,0.0097,1.0510
21,6,3,8,2.5169,0.7817,0.4450,0.1369,0.0047,0.0124,1.2603
21,6,4,9,2.3553,0.7116,0.3992,0.1655,0.0051,0.0120,1.2150
21,6,5,10,2.3260,0.6565,0.4386,0.1964,0.0035,0.0119,1.2031
21,6,6,11,2.2895,0.6269,0.3981,0.2046,0.0028,0.0120,1.2372
21,6,7,10,2.3183,0.5973,0.4880,0.2133,0.0022,0.0119,1.2065
21,6,8,14,2.2962,0.5712,0.4532,0.2307,0.0065,0.0123,1.2406
21,6,9,12,2.2878,0.5380,0.4964,0.2481,0.0045,0.0121,1.2245
21,6,10,12,2.1770,0.5204,0.3447,0.2642,0.0032,0.0121,1.2843
21,6,11,9,2.3487,0.4803,0.4963,0.2850,0.0061,0.0124,1.3406
21,7,2,6,2.0993,0.7264,0.5337,0.1655,0.0036,0.0070,0.8214
21,7,3,8,2.4983,0.7554,0.4533,0.1475,0.0049,0.0122,1.2593
21,7,4,9,2.3873,0.6893,0.4391,0.1742,0.0176,0.0119,1.2174
21,7,5,11,2.3531,0.6366,0.4786,0.2050,0.0032,0.0119,1.2104
21,7,6,12,2.3231,0.6158,0.4443,0.2183,0.0018,0.0121,1.2368
21,7,7,10,2.3246,0.5912,0.4986,0.2256,0.0026,0.0118,1.2080
21,7,8,13,2.2951,0.5697,0.4654,0.2321,0.0066,0.0121,1.2290
21,7,9,14,2.3466,0.5440,0.5476,0.2596,0.0031,0.0122,1.2274
21,7,10,12,2.1942,0.5207,0.3639,0.2745,0.0031,0.0121,1.2820
21,7,11,8,2.4084,0.4810,0.5537,0.2883,0.0116,0.0124,1.3366
21,11,2,6,2.0921,0.7296,0.5333,0.1662,0.0030,0.0069,0.8122
21,11,3,7,2.4851,0.7336,0.4844,0.1500,0.0059,0.0120,1.2362
21,11,4,9,2.3898,0.6659,0.4697,0.1847,0.0142,0.0119,1.2158
21,11,5,11,2.3623,0.6278,0.4863,0.2051,0.0076,0.0120,1.2163
21,11,6,11,2.3386,0.6082,0.4871,0.2321,0.0035,0.0119,1.2155
21,11,7,11,2.3491,0.5925,0.5237,0.2236,0.0024,0.0119,1.2063
21,11,8,13,2.3244,0.5651,0.5003,0.2330,0.0027,0.0122,1.2318
21,11,9,14,2.3491,0.5406,0.5607,0.2606,0.0024,0.0122,1.2210
21,11,10,11,2.1856,0.5102,0.3580,0.2786,0.0016,0.0121,1.2912
21,11,11,8,2.4146,0.4738,0.5671,0.2890,0.0071,0.0125,1.3405
21,13,2,6,2.0882,0.7228,0.5517,0.1774,0.0039,0.0068,0.7960
21,13,3,8,2.4872,0.7209,0.4924,0.1567,0.0055,0.0120,1.2435
21,13,4,9,2.3905,0.6539,0.4851,0.1840,0.0085,0.0118,1.2186
21,13,5,11,2.4071,0.6294,0.5346,0.2036,0.0057,0.0119,1.2134
21,13,6,13,2.3624,0.6132,0.4814,0.2218,0.0039,0.0121,1.2394
21,13,7,11,2.3624,0.5914,0.5291,0.2253,0.0032,0.0119,1.2146
21,13,8,13,2.3627,0.5674,0.5231,0.2428,0.0065,0.0123,1.2412
21,13,9,12,2.3670,0.5429,0.5699,0.2649,0.0023,0.0121,1.2275
21,13,10,11,2.1772,0.5119,0.3633,0.2834,0.0022,0.0119,1.2757
21,13,11,8,2.4227,0.4777,0.5732,0.2969,0.0065,0.0125,1.3393
21,14,2,9,2.9389,0.7352,0.7871,0.2464,0.0079,0.0135,1.3805
21,14,3,9,2.5031,0.6906,0.5359,0.1638,0.0056,0.0121,1.2458
21,14,4,9,2.4136,0.6578,0.5107,0.1894,0.0053,0.0119,1.2158
21,14,5,11,2.4157,0.6268,0.5566,0.2115,0.0032,0.0119,1.2053
21,14,6,10,2.3548,0.6137,0.5056,0.2270,0.0023,0.0118,1.2092
21,14,7,12,2.3874,0.5888,0.5477,0.2322,0.0080,0.0120,1.2185
21,14,8,13,2.3493,0.5706,0.5096,0.2351,0.0020,0.0123,1.2425
21,14,9,13,2.3876,0.5421,0.5949,0.2648,0.0050,0.0121,1.2212
21,14,10,8,2.4634,0.5059,0.6214,0.2908,0.0051,0.0125,1.3051
21,14,11,8,2.4234,0.4815,0.5763,0.3036,0.0063,0.0124,1.3339
21,15,2,8,2.8742,0.7318,0.7390,0.2259,0.0063,0.0132,1.3696
21,15,3,9,2.4823,0.6798,0.5318,0.1680,0.0046,0.0122,1.2411
21,15,4,9,2.4089,0.6541,0.5065,0.1886,0.0101,0.0117,1.2142
21,15,5,10,2.3847,0.6274,0.5269,0.2122,0.0056,0.0118,1.2009
21,15,6,11,2.3498,0.6066,0.4942,0.2249,0.0023,0.0119,1.2225
21,15,7,12,2.3891,0.5827,0.5558,0.2341,0.0022,0.0122,1.2239
21,15,8,12,2.3424,0.5681,0.5168,0.2427,0.0046,0.0121,1.2284
21,15,9,13,2.3861,0.5413,0.5932,0.2694,0.0065,0.0122,1.2206
21,15,10,9,2.4615,0.5035,0.6234,0.2959,0.0056,0.0125,1.3031
21,15,11,8,2.4293,0.4824,0.5747,0.2979,0.0058,0.0125,1.3406
22,1,2,8,2.8375,0.7728,1.0189,0.7162,0.0080,0.0097,1.0179
22,1,3,8,2.6641,0.8157,0.5165,0.1808,0.0058,0.0128,1.2997
22,1,4,8,2.4196,0.7834,0.3963,0.1288,0.0061,0.0120,1.2097
22,1,5,8,2.2317,0.7467,0.3026,0.1414,0.0069,0.0114,1.1521
22,1,6,11,2.2348,0.7107,0.3262,0.1696,0.0020,0.0117,1.1720
22,1,7,12,2.2002,0.6714,0.3143,0.1975,0.0030,0.0118,1.1876
22,1,8,12,2.1741,0.6392,0.3204,0.2098,0.0031,0.0117,1.1877
22,1,9,13,2.1874,0.6070,0.3760,0.2292,0.0029,0.0118,1.1775
22,1,10,12,2.1013,0.5638,0.2909,0.2528,0.0027,0.0119,1.2199
22,1,11,9,2.2960,0.5496,0.4311,0.2565,0.0060,0.0125,1.2838
22,2,2,7,2.8419,0.7648,1.0523,0.7276,0.0080,0.0096,0.9971
22,2,3,8,2.6310,0.8145,0.5016,0.1785,0.0061,0.0126,1.2828
22,2,4,9,2.3747,0.7830,0.3520,0.1309,0.0050,0.0119,1.2102
22,2,5,9,2.2426,0.7406,0.3054,0.1474,0.0054,0.0116,1.1675
22,2,6,11,2.2387,0.7072,0.3251,0.1610,0.0024,0.0117,1.1802
22,2,7,11,2.1842,0.6702,0.3145,0.1962,0.0028,0.0117,1.1731
22,2,8,12,2.1625,0.6181,0.3313,0.2123,0.0032,0.0117,1.1863
22,2,9,13,2.1654,0.5935,0.3541,0.2322,0.0019,0.0119,1.1920
22,2,10,11,2.0938,0.5464,0.3064,0.2645,0.0020,0.0117,1.2152
22,2,11,9,2.2950,0.5310,0.4485,0.2713,0.0061,0.0124,1.2842
22,3,2,7,2.6565,0.7606,0.9580,0.6350,0.0057,0.0086,0.9144
22,3,3,9,2.6260,0.8175,0.4956,0.1690,0.0065,0.0126,1.2804
22,3,4,8,2.4010,0.7937,0.3778,0.1352,0.0056,0.0118,1.1996
22,3,5,10,2.2532,0.7358,0.3154,0.1520,0.0032,0.0116,1.1750
22,3,6,12,2.2543,0.6999,0.3396,0.1652,0.0031,0.0118,1.1877
22,3,7,11,2.1796,0.6502,0.3198,0.1995,0.0021,0.0117,1.1838
22,3,8,12,2.1639,0.5987,0.3530,0.2200,0.0022,0.0118,1.1864
22,3,9,12,2.1598,0.5633,0.3835,0.2384,0.0016,0.0118,1.1876
22,3,10,11,2.0895,0.5270,0.3095,0.2653,0.0016,0.0117,1.2277
22,3,11,8,2.2941,0.5181,0.4590,0.2794,0.0069,0.0124,1.2848
22,4,2,7,2.6907,0.7572,0.8744,0.5617,0.0080,0.0096,1.0313
22,4,3,8,2.6211,0.8153,0.4960,0.1697,0.0068,0.0125,1.2772
22,4,4,9,2.3972,0.7752,0.3879,0.1410,0.0053,0.0119,1.2046
22,4,5,10,2.2482,0.7157,0.3237,0.1501,0.0020,0.0117,1.1830
22,4,6,12,2.2332,0.6727,0.3468,0.1728,0.0032,0.0118,1.1866
22,4,7,11,2.1909,0.6233,0.3478,0.1952,0.0019,0.0117,1.1943
22,4,8,12,2.1968,0.5866,0.3922,0.2240,0.0026,0.0117,1.1918
22,4,9,14,2.1965,0.5528,0.4137,0.2362,0.0037,0.0119,1.2023
22,4,10,11,2.0914,0.5113,0.3102,0.2642,0.0016,0.0117,1.2445
22,4,11,9,2.2869,0.5049,0.4637,0.2769,0.0066,0.0123,1.2860
22,5,2,7,2.6893,0.7469,0.8915,0.5651,0.0080,0.0096,1.0231
22,5,3,9,2.5602,0.7845,0.4797,0.1550,0.0067,0.0124,1.2634
22,5,4,8,2.3819,0.7506,0.3949,0.1440,0.0043,0.0118,1.2079
22,5,5,10,2.2664,0.6854,0.3672,0.1696,0.0029,0.0116,1.1872
22,5,6,12,2.2396,0.6488,0.3725,0.1765,0.0027,0.0119,1.1917
22,5,7,11,2.1941,0.6006,0.3673,0.1999,0.0035,0.0117,1.1993
22,5,8,12,2.2128,0.5611,0.4201,0.2262,0.0092,0.0118,1.1989
22,5,9,13,2.2297,0.5384,0.4694,0.2512,0.0039,0.0119,1.1942
22,5,10,8,2.3818,0.5068,0.5179,0.2613,0.0064,0.0124,1.3249
22,5,11,8,2.3218,0.4827,0.4900,0.2883,0.0074,0.0123,1.3164
22,6,2,7,2.6260,0.7330,0.8338,0.5122,0.0081,0.0097,1.0312
22,6,3,9,2.5664,0.7623,0.5090,0.1548,0.0064,0.0124,1.2628
22,6,4,9,2.3638,0.7202,0.4053,0.1530,0.0077,0.0118,1.2067
22,6,5,10,2.2709,0.6583,0.4034,0.1793,0.0040,0.0116,1.1816
22,6,6,11,2.2210,0.6250,0.3690,0.1889,0.0021,0.0117,1.2011
22,6,7,11,2.2588,0.5854,0.4599,0.2063,0.0032,0.0117,1.1866
22,6,8,12,2.2346,0.5517,0.4510,0.2340,0.0022,0.0118,1.2059
22,6,9,13,2.2596,0.5288,0.4998,0.2416,0.0031,0.0119,1.2039
22,6,10,9,2.4154,0.5053,0.5569,0.2681,0.0052,0.0125,1.3221
22,6,11,8,2.3605,0.4855,0.5235,0.3025,0.0087,0.0123,1.3176
22,7,2,7,2.6257,0.7264,0.8358,0.5249,0.0081,0.0097,1.0354
22,7,3,8,2.5331,0.7311,0.5108,0.1462,0.0051,0.0123,1.2606
22,7,4,8,2.3448,0.6899,0.4298,0.1587,0.0069,0.0116,1.1945
22,7,5,11,2.3091,0.6390,0.4506,0.1871,0.0049,0.0117,1.1910
22,7,6,13,2.2764,0.6138,0.4190,0.1974,0.0030,0.0119,1.2166
22,7,7,11,2.2830,0.5742,0.4942,0.2207,0.0037,0.0117,1.1871
22,7,8,12,2.3342,0.5515,0.5826,0.2400,0.0024,0.0118,1.1740
22,7,9,13,2.2923,0.5285,0.5345,0.2497,0.0030,0.0119,1.2022
22,7,10,9,2.4441,0.5057,0.6016,0.2729,0.0053,0.0124,1.3062
22,7,11,8,2.3823,0.4754,0.5474,0.2921,0.0064,0.0125,1.3269
22,11,2,7,2.2892,0.7197,0.7114,0.3795,0.0049,0.0075,0.8380
22,11,3,8,2.5027,0.7291,0.5014,0.1406,0.0053,0.0121,1.2419
22,11,4,8,2.3471,0.6860,0.4381,0.1601,0.0052,0.0116,1.1938
22,11,5,11,2.3256,0.6288,0.4636,0.1853,0.0047,0.0118,1.2048
22,11,6,12,2.2739,0.6071,0.4277,0.2089,0.0029,0.0118,1.2123
22,11,7,12,2.3061,0.5739,0.5181,0.2281,0.0030,0.0118,1.1873
22,11,8,12,2.3116,0.5581,0.5462,0.2353,0.0038,0.0118,1.1796
22,11,9,12,2.2823,0.5269,0.5404,0.2550,0.0037,0.0118,1.1875
22,11,10,8,2.4430,0.5001,0.6117,0.2761,0.0054,0.0125,1.3000
22,11,11,8,2.4058,0.4706,0.5882,0.2925,0.0059,0.0124,1.3156
22,13,2,7,2.1561,0.7176,0.6143,0.2678,0.0045,0.0070,0.8054
22,13,3,8,2.5096,0.7157,0.5305,0.1401,0.0051,0.0121,1.2335
22,13,4,9,2.3530,0.6733,0.4556,0.1636,0.0055,0.0116,1.1951
22,13,5,12,2.3384,0.6325,0.4713,0.1945,0.0042,0.0118,1.2067
22,13,6,11,2.2987,0.6073,0.4722,0.2093,0.0017,0.0117,1.1938
22,13,7,11,2.3029,0.5768,0.5147,0.2333,0.0031,0.0117,1.1846
22,13,8,13,2.3458,0.5525,0.5784,0.2447,0.0030,0.0120,1.1878
22,13,9,13,2.3017,0.5272,0.5554,0.2655,0.0033,0.0119,1.1920
22,13,10,9,2.4706,0.4996,0.6369,0.2804,0.0065,0.0125,1.3017
22,13,11,9,2.4424,0.4756,0.6039,0.2899,0.0068,0.0126,1.3304
22,14,2,8,2.8478,0.7332,0.7299,0.2421,0.0071,0.0130,1.3506
22,14,3,9,2.5254,0.7043,0.5381,0.1372,0.0052,0.0122,1.2525
22,14,4,9,2.3511,0.6721,0.4629,0.1668,0.0045,0.0115,1.1875
22,14,5,11,2.3509,0.6298,0.4804,0.1950,0.0024,0.0118,1.2142
22,14,6,11,2.3171,0.6025,0.4958,0.2142,0.0019,0.0117,1.1931
22,14,7,12,2.3277,0.5805,0.5319,0.2353,0.0036,0.0117,1.1880
22,14,8,13,2.3591,0.5547,0.5895,0.2461,0.0048,0.0120,1.1859
22,14,9,14,2.3144,0.5286,0.5582,0.2719,0.0038,0.0120,1.1997
22,14,10,8,2.4765,0.5033,0.6495,0.2892,0.0070,0.0124,1.2915
22,14,11,9,2.4738,0.4782,0.6447,0.3005,0.0059,0.0126,1.3189
22,15,2,8,2.8219,0.7302,0.7182,0.2244,0.0073,0.0129,1.3391
22,15,3,9,2.5063,0.6998,0.5319,0.1435,0.0046,0.0121,1.2448
22,15,4,9,2.3469,0.6681,0.4529,0.1600,0.0052,0.0116,1.1973
22,15,5,11,2.3286,0.6340,0.4559,0.1992,0.0045,0.0117,1.2107
22,15,6,11,2.3119,0.6023,0.4865,0.2129,0.0018,0.0118,1.1974
22,15,7,12,2.3234,0.5754,0.5318,0.2359,0.0044,0.0118,1.1878
22,15,8,14,2.3727,0.5465,0.6124,0.2511,0.0028,0.0120,1.1868
22,15,9,13,2.3237,0.5268,0.5764,0.2733,0.0040,0.0119,1.1926
22,15,10,8,2.4614,0.4929,0.6513,0.2932,0.0071,0.0123,1.2847
22,15,11,9,2.4998,0.4794,0.6633,0.3044,0.0062,0.0127,1.3249
23,1,2,8,2.5821,0.7758,0.7156,0.4680,0.0080,0.0095,1.0631
23,1,3,8,2.6782,0.7985,0.5476,0.1826,0.0070,0.0127,1.2988
23,1,4,9,2.3431,0.7660,0.3642,0.1343,0.0066,0.0117,1.1827
23,1,5,9,2.2603,0.7320,0.3379,0.1514,0.0074,0.0115,1.1595
23,1,6,11,2.1896,0.7059,0.3195,0.1558,0.0039,0.0114,1.1371
23,1,7,12,2.1314,0.6559,0.3009,0.1882,0.0028,0.0114,1.1489
23,1,8,12,2.1349,0.6352,0.3229,0.2053,0.0028,0.0115,1.1509
23,1,9,13,2.1295,0.6011,0.3492,0.2380,0.0029,0.0115,1.1532
23,1,10,13,2.1495,0.5480,0.4296,0.2681,0.0029,0.0116,1.1457
23,1,11,8,2.2936,0.5428,0.4564,0.2696,0.0068,0.0123,1.2625
23,2,2,8,2.5866,0.7705,0.7238,0.4744,0.0081,0.0095,1.0645
23,2,3,9,2.5587,0.8094,0.4692,0.1593,0.0057,0.0124,1.2488
23,2,4,9,2.3454,0.7647,0.3680,0.1325,0.0068,0.0118,1.1822
23,2,5,9,2.2599,0.7295,0.3409,0.1534,0.0091,0.0114,1.1570
23,2,6,10,2.1846,0.7149,0.3094,0.1609,0.0021,0.0113,1.1352
23,2,7,12,2.1300,0.6515,0.3037,0.1889,0.0032,0.0114,1.1487
23,2,8,12,2.1226,0.6184,0.3295,0.2127,0.0031,0.0115,1.1486
23,2,9,13,2.1124,0.5766,0.3510,0.2371,0.0027,0.0116,1.1588
23,2,10,14,2.1290,0.5371,0.4200,0.2674,0.0026,0.0116,1.1458
23,2,11,9,2.2860,0.5376,0.4530,0.2560,0.0089,0.0122,1.2616
23,3,2,8,2.5651,0.7651,0.7133,0.4677,0.0080,0.0095,1.0591
23,3,3,9,2.5155,0.8098,0.4404,0.1512,0.0051,0.0122,1.2351
23,3,4,9,2.3677,0.7672,0.3717,0.1373,0.0182,0.0117,1.1869
23,3,5,9,2.2423,0.7372,0.3267,0.1509,0.0046,0.0114,1.1505
23,3,6,11,2.1861,0.6969,0.3217,0.1657,0.0027,0.0114,1.1417
23,3,7,11,2.1305,0.6354,0.3219,0.1910,0.0018,0.0114,1.1486
23,3,8,11,2.1003,0.6049,0.3228,0.2045,0.0024,0.0113,1.1473
23,3,9,12,2.1043,0.5586,0.3701,0.2319,0.0022,0.0115,1.1502
23,3,10,11,2.0363,0.5106,0.3055,0.2631,0.0018,0.0115,1.1952
23,3,11,8,2.2801,0.5154,0.4749,0.2731,0.0070,0.0122,1.2578
23,4,2,7,2.5798,0.7558,0.7622,0.4831,0.0080,0.0094,1.0343
23,4,3,8,2.5019,0.8018,0.4508,0.1505,0.0059,0.0120,1.2184
23,4,4,9,2.3393,0.7613,0.3598,0.1389,0.0047,0.0117,1.1899
23,4,5,8,2.1859,0.7044,0.3241,0.1508,0.0050,0.0111,1.1294
23,4,6,11,2.1789,0.6645,0.3344,0.1641,0.0017,0.0115,1.1549
23,4,7,11,2.1465,0.6156,0.3362,0.1919,0.0064,0.0115,1.1652
23,4,8,12,2.1326,0.5735,0.3744,0.2176,0.0026,0.0115,1.1591
23,4,9,12,2.1199,0.5362,0.4020,0.2347,0.0020,0.0116,1.1563
23,4,10,11,2.0441,0.5005,0.3116,0.2617,0.0018,0.0114,1.2071
23,4,11,9,2.2815,0.4935,0.4629,0.2839,0.0066,0.0123,1.2931
23,5,2,7,2.4623,0.7362,0.6549,0.3809,0.0100,0.0094,1.0418
23,5,3,9,2.4846,0.7735,0.4608,0.1423,0.0060,0.0119,1.2199
23,5,4,9,2.3378,0.7262,0.3919,0.1468,0.0055,0.0116,1.1905
23,5,5,9,2.1891,0.6895,0.3312,0.1545,0.0020,0.0112,1.1433
23,5,6,11,2.1820,0.6502,0.3390,0.1705,0.0018,0.0115,1.1678
23,5,7,11,2.1911,0.5859,0.4267,0.2079,0.0033,0.0113,1.1522
23,5,8,13,2.1464,0.5572,0.3981,0.2182,0.0044,0.0116,1.1635
23,5,9,13,2.1400,0.5313,0.4149,0.2281,0.0037,0.0117,1.1666
23,5,10,11,2.0542,0.4891,0.3400,0.2654,0.0016,0.0115,1.2004
23,5,11,8,2.3063,0.4814,0.5040,0.2859,0.0065,0.0122,1.2895
23,6,2,7,2.4602,0.7260,0.6744,0.3943,0.0094,0.0094,1.0310
23,6,3,9,2.4488,0.7493,0.4488,0.1364,0.0047,0.0120,1.2214
23,6,4,8,2.3393,0.7033,0.4201,0.1520,0.0052,0.0116,1.1871
23,6,5,10,2.2394,0.6721,0.3805,0.1632,0.0023,0.0113,1.1618
23,6,6,11,2.2032,0.6264,0.3879,0.1837,0.0026,0.0115,1.1630
23,6,7,11,2.2032,0.5783,0.4426,0.2173,0.0019,0.0114,1.1572
23,6,8,12,2.1857,0.5473,0.4399,0.2299,0.0018,0.0117,1.1733
23,6,9,13,2.1750,0.5271,0.4605,0.2425,0.0020,0.0116,1.1621
23,6,10,11,2.0579,0.4935,0.3403,0.2632,0.0030,0.0114,1.1979
23,6,11,9,2.3465,0.4808,0.5357,0.2968,0.0075,0.0123,1.2974
23,7,2,8,2.0976,0.7147,0.5720,0.2590,0.0044,0.0069,0.7927
23,7,3,9,2.4353,0.7352,0.4551,0.1339,0.0052,0.0119,1.2154
23,7,4,8,2.3394,0.6831,0.4511,0.1608,0.0044,0.0115,1.1766
23,7,5,11,2.2410,0.6462,0.4009,0.1781,0.0019,0.0114,1.1692
23,7,6,11,2.2137,0.6083,0.4203,0.1996,0.0023,0.0115,1.1596
23,7,7,11,2.2198,0.5716,0.4688,0.2200,0.0028,0.0114,1.1537
23,7,8,12,2.2765,0.5472,0.5508,0.2342,0.0022,0.0117,1.1527
23,7,9,13,2.2073,0.5233,0.5012,0.2461,0.0020,0.0115,1.1576
23,7,10,12,2.0995,0.4955,0.3826,0.2775,0.0032,0.0114,1.1952
23,7,11,9,2.3169,0.4681,0.5300,0.2880,0.0062,0.0122,1.2878
23,11,2,7,2.0457,0.7170,0.5293,0.2212,0.0028,0.0067,0.7829
23,11,3,9,2.4313,0.7158,0.4712,0.1383,0.0065,0.0118,1.2134
23,11,4,8,2.3339,0.6697,0.4573,0.1593,0.0047,0.0115,1.1783
23,11,5,11,2.2481,0.6452,0.3965,0.1729,0.0022,0.0115,1.1812
23,11,6,11,2.2263,0.5942,0.4487,0.2068,0.0022,0.0115,1.1580
23,11,7,11,2.2255,0.5665,0.4763,0.2274,0.0027,0.0114,1.1568
23,11,8,12,2.2574,0.5461,0.5201,0.2355,0.0021,0.0117,1.1655
23,11,9,14,2.2223,0.5238,0.5139,0.2542,0.0036,0.0116,1.1579
23,11,10,9,2.4024,0.4914,0.6091,0.2884,0.0051,0.0122,1.2717
23,11,11,8,2.3415,0.4711,0.5616,0.2906,0.0071,0.0120,1.2767
23,13,2,7,1.8437,0.7061,0.3843,0.1582,0.0031,0.0061,0.7380
23,13,3,8,2.4377,0.6882,0.5078,0.1367,0.0059,0.0118,1.2112
23,13,4,8,2.3445,0.6552,0.4873,0.1636,0.0055,0.0115,1.1728
23,13,5,11,2.2728,0.6345,0.4330,0.1841,0.0036,0.0115,1.1784
23,13,6,12,2.2515,0.5959,0.4648,0.2108,0.0038,0.0115,1.1636
23,13,7,11,2.2516,0.5692,0.4970,0.2374,0.0042,0.0114,1.1580
23,13,8,12,2.2907,0.5477,0.5675,0.2519,0.0032,0.0116,1.1488
23,13,9,14,2.2517,0.5255,0.5311,0.2683,0.0039,0.0117,1.1679
23,13,10,8,2.4141,0.4897,0.6388,0.2887,0.0058,0.0122,1.2547
23,13,11,9,2.3541,0.4694,0.5685,0.2865,0.0101,0.0121,1.2811
23,14,2,8,2.8879,0.7230,0.8022,0.3050,0.0069,0.0131,1.3287
23,14,3,8,2.4414,0.6851,0.5225,0.1484,0.0056,0.0117,1.2040
23,14,4,9,2.3728,0.6532,0.4944,0.1631,0.0088,0.0116,1.1924
23,14,5,10,2.2868,0.6315,0.4511,0.1918,0.0041,0.0115,1.1768
23,14,6,12,2.2679,0.5933,0.4717,0.2128,0.0059,0.0115,1.1736
23,14,7,11,2.2597,0.5700,0.5003,0.2385,0.0027,0.0115,1.1634
23,14,8,13,2.3013,0.5488,0.5730,0.2506,0.0046,0.0116,1.1516
23,14,9,13,2.2438,0.5151,0.5529,0.2740,0.0029,0.0115,1.1497
23,14,10,8,2.4221,0.4898,0.6485,0.2920,0.0072,0.0121,1.2515
23,14,11,8,2.3729,0.4713,0.5945,0.2906,0.0147,0.0120,1.2676
23,15,2,9,2.7801,0.7204,0.6985,0.2428,0.0061,0.0129,1.3280
23,15,3,8,2.4530,0.6816,0.5348,0.1505,0.0071,0.0117,1.2054
23,15,4,9,2.3719,0.6477,0.5135,0.1780,0.0092,0.0115,1.1780
23,15,5,10,2.2900,0.6316,0.4606,0.1854,0.0033,0.0114,1.1714
23,15,6,11,2.2386,0.5856,0.4716,0.2201,0.0028,0.0115,1.1554
23,15,7,12,2.2703,0.5690,0.5101,0.2340,0.0021,0.0116,1.1657
23,15,8,13,2.3094,0.5461,0.5868,0.2494,0.0030,0.0116,1.1500
23,15,9,12,2.2535,0.5155,0.5659,0.2787,0.0022,0.0116,1.1466
23,15,10,8,2.4462,0.4874,0.6671,0.2913,0.0057,0.0122,1.2610
23,15,11,8,2.3966,0.4690,0.6329,0.3063,0.0061,0.0120,1.2637
24,1,2,8,2.6601,0.7693,0.8701,0.6637,0.0080,0.0092,0.9937
24,1,3,9,2.5668,0.7910,0.5120,0.1738,0.0053,0.0123,1.2329
24,1,4,8,2.2659,0.7506,0.3590,0.1175,0.0042,0.0112,1.1289
24,1,5,9,2.1793,0.7198,0.3214,0.1341,0.0059,0.0110,1.1103
24,1,6,10,2.0436,0.6873,0.2647,0.1514,0.0029,0.0107,1.0671
24,1,7,11,2.0455,0.6452,0.3061,0.1752,0.0018,0.0108,1.0706
24,1,8,11,2.0005,0.6092,0.2961,0.1969,0.0020,0.0106,1.0719
24,1,9,13,2.0089,0.5706,0.3345,0.2286,0.0027,0.0110,1.0791
24,1,10,11,1.9038,0.5387,0.2507,0.2351,0.0023,0.0107,1.0906
24,1,11,9,2.1702,0.5300,0.4348,0.2257,0.0104,0.0116,1.1711
24,2,2,8,2.6455,0.7390,0.9125,0.6816,0.0080,0.0092,0.9672
24,2,3,8,2.5018,0.8021,0.4690,0.1551,0.0063,0.0118,1.1998
24,2,4,9,2.2895,0.7536,0.3534,0.1170,0.0089,0.0114,1.1505
24,2,5,9,2.2025,0.7129,0.3395,0.1407,0.0052,0.0111,1.1222
24,2,6,10,2.0496,0.6968,0.2559,0.1515,0.0022,0.0107,1.0730
24,2,7,11,2.0475,0.6408,0.3123,0.1848,0.0017,0.0108,1.0707
24,2,8,12,2.0066,0.5959,0.3058,0.2026,0.0026,0.0108,1.0806
24,2,9,13,1.9966,0.5592,0.3366,0.2160,0.0031,0.0109,1.0757
24,2,10,12,1.9247,0.5345,0.2641,0.2372,0.0034,0.0109,1.1009
24,2,11,9,2.1722,0.5223,0.4414,0.2316,0.0065,0.0117,1.1782
24,3,2,8,2.5373,0.7397,0.7775,0.5388,0.0080,0.0092,0.9932
24,3,3,8,2.4664,0.8050,0.4435,0.1468,0.0060,0.0117,1.1877
24,3,4,8,2.2819,0.7551,0.3731,0.1248,0.0049,0.0112,1.1257
24,3,5,9,2.1968,0.7054,0.3494,0.1479,0.0039,0.0109,1.1157
24,3,6,10,2.0484,0.6712,0.2777,0.1549,0.0021,0.0107,1.0758
24,3,7,12,2.0269,0.6177,0.3045,0.1817,0.0024,0.0109,1.0803
24,3,8,12,2.0061,0.5750,0.3224,0.1945,0.0028,0.0108,1.0844
24,3,9,13,2.0082,0.5427,0.3626,0.2255,0.0032,0.0109,1.0779
24,3,10,12,1.9278,0.5128,0.2853,0.2434,0.0023,0.0108,1.1056
24,3,11,8,2.1718,0.5032,0.4564,0.2421,0.0096,0.0116,1.1790
24,4,2,8,2.5399,0.7279,0.8011,0.5452,0.0080,0.0092,0.9840
24,4,3,9,2.4542,0.8014,0.4328,0.1436,0.0049,0.0117,1.1911
24,4,4,9,2.2826,0.7416,0.3801,0.1326,0.0043,0.0112,1.1336
24,4,5,8,2.1916,0.6908,0.3612,0.1547,0.0049,0.0109,1.1128
24,4,6,11,2.0607,0.6501,0.2976,0.1597,0.0034,0.0108,1.0876
24,4,7,12,2.0311,0.6006,0.3227,0.1845,0.0027,0.0108,1.0834
24,4,8,12,2.0240,0.5702,0.3396,0.1989,0.0027,0.0109,1.0899
24,4,9,13,2.0359,0.5284,0.3908,0.2229,0.0017,0.0110,1.0930
24,4,10,12,1.9261,0.4898,0.2908,0.2479,0.0033,0.0108,1.1205
24,4,11,8,2.1879,0.5006,0.4705,0.2454,0.0096,0.0116,1.1836
24,5,2,8,2.2756,0.7118,0.7624,0.4961,0.0041,0.0073,0.7825
24,5,3,9,2.4420,0.7692,0.4553,0.1425,0.0057,0.0116,1.1878
24,5,4,9,2.2815,0.7218,0.3891,0.1311,0.0057,0.0112,1.1419
24,5,5,8,2.1135,0.6642,0.3270,0.1482,0.0058,0.0106,1.0950
24,5,6,10,2.0970,0.6052,0.3886,0.1864,0.0034,0.0107,1.0783
24,5,7,12,2.0414,0.5823,0.3393,0.1875,0.0014,0.0109,1.0965
24,5,8,12,2.0745,0.5519,0.4238,0.2045,0.0031,0.0108,1.0739
24,5,9,13,2.0568,0.5111,0.4266,0.2278,0.0023,0.0110,1.0950
24,5,10,12,1.9266,0.4797,0.2879,0.2399,0.0046,0.0109,1.1325
24,5,11,8,2.2042,0.4851,0.5008,0.2721,0.0069,0.0116,1.1877
24,6,2,8,2.0059,0.7037,0.5355,0.2776,0.0032,0.0064,0.7505
24,6,3,9,2.4013,0.7405,0.4468,0.1329,0.0064,0.0116,1.1835
24,6,4,9,2.2890,0.7000,0.4158,0.1358,0.0087,0.0112,1.1416
24,6,5,8,2.1322,0.6420,0.3664,0.1616,0.0044,0.0106,1.0976
24,6,6,10,2.0890,0.5867,0.3941,0.1960,0.0039,0.0106,1.0830
24,6,7,12,2.0746,0.5694,0.3856,0.2044,0.0016,0.0109,1.0961
24,6,8,12,2.0748,0.5368,0.4284,0.2063,0.0031,0.0108,1.0848
24,6,9,13,2.0789,0.5021,0.4730,0.2345,0.0032,0.0108,1.0791
24,6,10,9,2.3025,0.4836,0.5613,0.2480,0.0130,0.0118,1.2203
24,6,11,9,2.2371,0.4645,0.5126,0.2691,0.0056,0.0118,1.2300
24,7,2,8,2.7993,0.7300,0.7287,0.3024,0.0069,0.0127,1.3075
24,7,3,9,2.3998,0.7162,0.4779,0.1310,0.0050,0.0115,1.1771
24,7,4,9,2.3067,0.6735,0.4518,0.1429,0.0103,0.0113,1.1478
24,7,5,9,2.1492,0.6209,0.3992,0.1682,0.0043,0.0107,1.1025
24,7,6,11,2.1205,0.5781,0.4222,0.2042,0.0021,0.0108,1.0963
24,7,7,12,2.0856,0.5603,0.4069,0.2139,0.0037,0.0108,1.0928
24,7,8,12,2.0973,0.5406,0.4473,0.2214,0.0052,0.0108,1.0825
24,7,9,12,2.0537,0.5047,0.4213,0.2453,0.0032,0.0108,1.1027
24,7,10,13,1.9728,0.4848,0.3293,0.2537,0.0028,0.0110,1.1340
24,7,11,9,2.2528,0.4693,0.5376,0.2746,0.0061,0.0118,1.2155
24,11,2,9,2.7623,0.7314,0.6956,0.2668,0.0069,0.0126,1.3020
24,11,3,9,2.3968,0.7088,0.4837,0.1295,0.0047,0.0115,1.1759
24,11,4,9,2.2784,0.6576,0.4463,0.1431,0.0057,0.0111,1.1457
24,11,5,8,2.1408,0.6090,0.4171,0.1738,0.0046,0.0106,1.0885
24,11,6,12,2.1396,0.5744,0.4401,0.2076,0.0025,0.0108,1.1007
24,11,7,13,2.0944,0.5633,0.3982,0.2099,0.0031,0.0110,1.1077
24,11,8,12,2.1096,0.5274,0.4796,0.2316,0.0018,0.0108,1.0792
24,11,9,11,2.0040,0.5064,0.3576,0.2442,0.0025,0.0108,1.1158
24,11,10,9,2.3379,0.4792,0.6249,0.2621,0.0055,0.0118,1.2040
24,11,11,9,2.2721,0.4623,0.5676,0.2664,0.0064,0.0117,1.2115
24,13,2,9,2.7125,0.7153,0.6837,0.2695,0.0058,0.0124,1.2822
24,13,3,9,2.3937,0.6796,0.5125,0.1279,0.0051,0.0114,1.1731
24,13,4,9,2.2916,0.6429,0.4740,0.1578,0.0062,0.0111,1.1458
24,13,5,8,2.1434,0.6173,0.4196,0.1768,0.0049,0.0104,1.0799
24,13,6,11,2.1450,0.5729,0.4527,0.2130,0.0025,0.0108,1.0952
24,13,7,11,2.1285,0.5582,0.4594,0.2241,0.0017,0.0108,1.0874
24,13,8,12,2.1220,0.5306,0.4899,0.2323,0.0026,0.0107,1.0773
24,13,9,12,2.0685,0.5095,0.4299,0.2515,0.0025,0.0108,1.1048
24,13,10,9,2.3340,0.4852,0.6117,0.2680,0.0061,0.0117,1.2069
24,13,11,8,2.3088,0.4619,0.5949,0.2753,0.0116,0.0117,1.2164
24,14,2,9,2.7078,0.7124,0.6893,0.2907,0.0069,0.0124,1.2734
24,14,3,8,2.3959,0.6723,0.5316,0.1372,0.0054,0.0113,1.1634
24,14,4,9,2.3103,0.6441,0.4938,0.1546,0.0073,0.0111,1.1421
24,14,5,8,2.1609,0.6121,0.4314,0.1745,0.0068,0.0104,1.0891
24,14,6,12,2.1580,0.5752,0.4465,0.2142,0.0060,0.0109,1.1085
24,14,7,11,2.1481,0.5565,0.4814,0.2269,0.0023,0.0108,1.0859
24,14,8,13,2.1521,0.5301,0.5070,0.2481,0.0028,0.0110,1.0901
24,14,9,12,2.0918,0.5090,0.4487,0.2524,0.0030,0.0109,1.1090
24,14,10,9,2.3372,0.4799,0.6251,0.2592,0.0070,0.0118,1.2010
24,14,11,8,2.3557,0.4628,0.6494,0.3007,0.0066,0.0117,1.2127
24,15,2,9,2.6934,0.7085,0.6877,0.2778,0.0056,0.0124,1.2657
24,15,3,9,2.3818,0.6697,0.5162,0.1344,0.0047,0.0114,1.1676
24,15,4,9,2.3031,0.6397,0.4891,0.1622,0.0121,0.0111,1.1394
24,15,5,9,2.1437,0.6121,0.4233,0.1832,0.0046,0.0105,1.0821
24,15,6,11,2.1599,0.5736,0.4683,0.2205,0.0031,0.0108,1.0930
24,15,7,11,2.1699,0.5531,0.5080,0.2245,0.0019,0.0108,1.0853
24,15,8,12,2.1371,0.5250,0.5175,0.2472,0.0024,0.0108,1.0704
24,15,9,13,2.0842,0.5070,0.4331,0.2537,0.0031,0.0110,1.1189
24,15,10,9,2.3343,0.4739,0.6233,0.2684,0.0071,0.0117,1.2059
24,15,11,9,2.3728,0.4549,0.6804,0.3098,0.0066,0.0117,1.2068
25,1,2,7,2.5391,0.7726,0.7937,0.6089,0.0080,0.0087,0.9467
25,1,3,9,2.5649,0.7801,0.5704,0.1805,0.0063,0.0119,1.1832
25,1,4,9,2.2472,0.7326,0.3870,0.1238,0.0054,0.0110,1.0995
25,1,5,9,2.1059,0.6992,0.3202,0.1035,0.0067,0.0106,1.0584
25,1,6,9,1.9844,0.6756,0.2675,0.1238,0.0073,0.0102,1.0136
25,1,7,10,1.8967,0.6230,0.2516,0.1502,0.0021,0.0101,0.9997
25,1,8,12,1.9306,0.5827,0.3291,0.1753,0.0032,0.0101,0.9951
25,1,9,12,1.9024,0.5707,0.3164,0.2220,0.0021,0.0102,0.9929
25,1,10,12,1.8146,0.5139,0.2633,0.2417,0.0032,0.0102,1.0136
25,1,11,11,1.7784,0.5033,0.2264,0.2223,0.0021,0.0103,1.0261
25,2,2,8,2.5439,0.7530,0.8285,0.6274,0.0080,0.0088,0.9361
25,2,3,9,2.5586,0.7800,0.5676,0.1829,0.0067,0.0118,1.1796
25,2,4,8,2.2512,0.7363,0.3915,0.1196,0.0066,0.0109,1.0941
25,2,5,9,2.1097,0.7077,0.3249,0.1026,0.0065,0.0105,1.0493
25,2,6,9,1.9743,0.6696,0.2661,0.1287,0.0063,0.0101,1.0120
25,2,7,11,1.9057,0.6174,0.2562,0.1505,0.0022,0.0102,1.0094
25,2,8,12,1.8795,0.5762,0.2835,0.1816,0.0031,0.0101,0.9966
25,2,9,12,1.8765,0.5390,0.3093,0.2122,0.0020,0.0102,1.0058
25,2,10,12,1.8209,0.5012,0.2768,0.2397,0.0026,0.0102,1.0199
25,2,11,11,1.7718,0.5071,0.2246,0.2192,0.0023,0.0102,1.0174
25,3,2,8,2.4203,0.7349,0.6966,0.4895,0.0109,0.0089,0.9597
25,3,3,9,2.5659,0.7818,0.5628,0.1870,0.0062,0.0119,1.1902
25,3,4,9,2.2622,0.7348,0.3952,0.1231,0.0052,0.0110,1.1042
25,3,5,9,2.1136,0.6975,0.3353,0.1088,0.0082,0.0105,1.0514
25,3,6,9,1.9484,0.6487,0.2715,0.1357,0.0045,0.0099,1.0038
25,3,7,11,1.9005,0.6009,0.2692,0.1490,0.0026,0.0101,1.0074
25,3,8,11,1.9303,0.5563,0.3549,0.1804,0.0018,0.0101,0.9969
25,3,9,12,1.8917,0.5176,0.3358,0.2097,0.0020,0.0103,1.0159
25,3,10,12,1.8089,0.4805,0.2581,0.2390,0.0101,0.0103,1.0396
25,3,11,11,1.7682,0.4855,0.2325,0.2275,0.0022,0.0102,1.0275
25,4,2,8,2.4299,0.7256,0.7211,0.5118,0.0152,0.0089,0.9497
25,4,3,9,2.5641,0.7677,0.5692,0.1980,0.0064,0.0119,1.1961
25,4,4,9,2.2361,0.7326,0.3840,0.1143,0.0069,0.0108,1.0902
25,4,5,9,2.1009,0.6828,0.3387,0.1118,0.0064,0.0104,1.0515
25,4,6,9,1.9647,0.6301,0.2933,0.1345,0.0047,0.0100,1.0161
25,4,7,11,1.9140,0.5843,0.2931,0.1597,0.0027,0.0102,1.0133
25,4,8,11,1.9397,0.5394,0.3727,0.1863,0.0034,0.0101,1.0038
25,4,9,12,1.8517,0.5077,0.2885,0.2183,0.0029,0.0102,1.0324
25,4,10,12,1.8131,0.4694,0.2721,0.2381,0.0111,0.0101,1.0403
25,4,11,12,1.7798,0.4737,0.2445,0.2347,0.0025,0.0103,1.0385
25,5,2,8,2.4126,0.7151,0.7287,0.5160,0.0089,0.0088,0.9417
25,5,3,9,2.4095,0.7572,0.4777,0.1399,0.0059,0.0114,1.1449
25,5,4,8,2.2273,0.7078,0.3995,0.1117,0.0047,0.0108,1.0929
25,5,5,9,2.0906,0.6510,0.3542,0.1213,0.0037,0.0105,1.0601
25,5,6,9,1.9644,0.5991,0.3155,0.1526,0.0035,0.0100,1.0259
25,5,7,11,1.9264,0.5597,0.3272,0.1669,0.0054,0.0100,1.0139
25,5,8,11,1.9405,0.5218,0.3894,0.2019,0.0024,0.0101,1.0065
25,5,9,12,1.8622,0.4910,0.3136,0.2206,0.0029,0.0102,1.0344
25,5,10,11,1.8294,0.4671,0.2902,0.2392,0.0021,0.0102,1.0497
25,5,11,9,2.0937,0.4621,0.4719,0.2532,0.0055,0.0111,1.1315
25,6,2,8,2.4163,0.7072,0.7475,0.5251,0.0093,0.0088,0.9341
25,6,3,9,2.3944,0.7248,0.5012,0.1521,0.0046,0.0113,1.1405
25,6,4,9,2.2426,0.6739,0.4356,0.1173,0.0047,0.0109,1.1058
25,6,5,8,2.1077,0.6319,0.3919,0.1303,0.0077,0.0103,1.0550
25,6,6,9,1.9661,0.5881,0.3432,0.1555,0.0049,0.0099,1.0097
25,6,7,11,1.9558,0.5457,0.3607,0.1768,0.0058,0.0101,1.0235
25,6,8,11,1.9564,0.5155,0.4103,0.2068,0.0043,0.0101,1.0060
25,6,9,12,1.9082,0.4878,0.3679,0.2249,0.0032,0.0102,1.0288
25,6,10,11,1.8618,0.4630,0.3279,0.2512,0.0017,0.0102,1.0489
25,6,11,9,2.1087,0.4520,0.4839,0.2697,0.0077,0.0111,1.1425
25,7,2,8,2.0760,0.6969,0.6758,0.4444,0.0041,0.0064,0.6864
25,7,3,9,2.4061,0.7094,0.5236,0.1772,0.0062,0.0112,1.1439
25,7,4,9,2.2598,0.6487,0.4772,0.1199,0.0055,0.0109,1.1059
25,7,5,8,2.0947,0.6168,0.4034,0.1376,0.0035,0.0102,1.0500
25,7,6,9,1.9871,0.5709,0.3787,0.1620,0.0055,0.0099,1.0117
25,7,7,11,1.9657,0.5407,0.3813,0.1913,0.0031,0.0101,1.0204
25,7,8,12,2.0018,0.5154,0.4491,0.2115,0.0060,0.0102,1.0108
25,7,9,12,1.9175,0.4836,0.3773,0.2423,0.0031,0.0102,1.0329
25,7,10,11,1.8630,0.4632,0.3192,0.2512,0.0021,0.0101,1.0581
25,7,11,9,2.1365,0.4420,0.5224,0.2689,0.0091,0.0111,1.1404
25,11,2,8,1.8121,0.6995,0.4346,0.2151,0.0085,0.0055,0.6584
25,11,3,9,2.4045,0.6948,0.5325,0.1894,0.0049,0.0112,1.1492
25,11,4,9,2.2591,0.6363,0.4878,0.1361,0.0073,0.0108,1.1054
25,11,5,9,2.0981,0.6094,0.4100,0.1415,0.0053,0.0102,1.0525
25,11,6,9,1.9904,0.5596,0.4005,0.1761,0.0040,0.0099,1.0058
25,11,7,11,1.9763,0.5350,0.3904,0.1931,0.0023,0.0101,1.0285
25,11,8,12,2.0007,0.5152,0.4411,0.2157,0.0054,0.0103,1.0184
25,11,9,12,1.9582,0.4823,0.4099,0.2428,0.0038,0.0103,1.0415
25,11,10,12,1.8676,0.4643,0.3226,0.2614,0.0026,0.0102,1.0577
25,11,11,9,2.1594,0.4369,0.5567,0.2602,0.0066,0.0111,1.1363
25,13,2,8,1.7820,0.6960,0.4313,0.2025,0.0026,0.0054,0.6414
25,13,3,9,2.4150,0.6816,0.5509,0.2064,0.0061,0.0112,1.1535
25,13,4,9,2.2232,0.6309,0.4769,0.1234,0.0053,0.0106,1.0881
25,13,5,8,2.0862,0.6041,0.4112,0.1494,0.0033,0.0102,1.0465
25,13,6,10,2.0213,0.5604,0.4175,0.1761,0.0026,0.0101,1.0202
25,13,7,11,2.0081,0.5358,0.4279,0.2061,0.0025,0.0101,1.0215
25,13,8,12,2.0253,0.5193,0.4742,0.2259,0.0041,0.0102,1.0072
25,13,9,12,1.9412,0.4867,0.3975,0.2467,0.0033,0.0101,1.0333
25,13,10,13,1.8882,0.4609,0.3525,0.2655,0.0031,0.0102,1.0513
25,13,11,9,2.1784,0.4395,0.5797,0.2684,0.0066,0.0110,1.1302
25,14,2,9,2.8284,0.7114,0.8477,0.4192,0.0064,0.0125,1.2368
25,14,3,9,2.4348,0.6658,0.5731,0.2297,0.0087,0.0113,1.1638
25,14,4,9,2.2215,0.6264,0.4846,0.1198,0.0050,0.0106,1.0837
25,14,5,9,2.1028,0.6046,0.4190,0.1488,0.0049,0.0102,1.0534
25,14,6,10,2.0206,0.5599,0.4243,0.1775,0.0019,0.0100,1.0141
25,14,7,11,2.0148,0.5383,0.4294,0.2061,0.0024,0.0101,1.0243
25,14,8,12,2.0351,0.5176,0.4749,0.2278,0.0034,0.0103,1.0185
25,14,9,12,1.9428,0.4839,0.4072,0.2517,0.0027,0.0101,1.0286
25,14,10,12,1.8784,0.4568,0.3516,0.2722,0.0030,0.0102,1.0464
25,14,11,9,2.2141,0.4354,0.6220,0.2728,0.0068,0.0110,1.1274
25,15,2,9,2.6874,0.6984,0.7462,0.3443,0.0060,0.0121,1.2115
25,15,3,9,2.4007,0.6625,0.5576,0.2152,0.0059,0.0111,1.1518
25,15,4,9,2.2128,0.6216,0.4837,0.1251,0.0038,0.0106,1.0819
25,15,5,9,2.0980,0.6033,0.4192,0.1463,0.0051,0.0102,1.0494
25,15,6,10,2.0191,0.5582,0.4219,0.1826,0.0020,0.0100,1.0164
25,15,7,11,2.0151,0.5366,0.4341,0.2112,0.0024,0.0101,1.0216
25,15,8,12,2.0296,0.5150,0.4798,0.2298,0.0018,0.0103,1.0125
25,15,9,12,1.9431,0.4850,0.3966,0.2495,0.0035,0.0102,1.0376
25,15,10,12,1.8658,0.4522,0.3311,0.2661,0.0024,0.0103,1.0594
25,15,11,9,2.2172,0.4374,0.6206,0.2720,0.0068,0.0111,1.1298
26,1,2,6,2.6800,0.7643,1.0575,0.9228,0.0080,0.0084,0.8329
26,1,3,8,2.5624,0.8023,0.5849,0.2500,0.0065,0.0116,1.1444
26,1,4,8,2.2153,0.7727,0.3789,0.1203,0.0050,0.0106,1.0370
26,1,5,8,2.0615,0.7051,0.3274,0.0922,0.0062,0.0101,1.0018
26,1,6,9,1.9263,0.6543,0.2660,0.0821,0.0044,0.0098,0.9817
26,1,7,10,1.7956,0.6084,0.2385,0.1044,0.0029,0.0093,0.9269
26,1,8,10,1.7614,0.5588,0.2579,0.1334,0.0023,0.0094,0.9234
26,1,9,12,1.7204,0.5272,0.2224,0.1715,0.0024,0.0096,0.9493
26,1,10,12,1.6964,0.5046,0.2211,0.2081,0.0020,0.0096,0.9495
26,1,11,13,1.7124,0.4790,0.2572,0.2258,0.0027,0.0097,0.9542
26,2,2,6,2.6817,0.7612,1.0683,0.9282,0.0080,0.0085,0.8267
26,2,3,8,2.4980,0.8086,0.5417,0.2088,0.0067,0.0113,1.1177
26,2,4,8,2.2388,0.7769,0.3910,0.1199,0.0048,0.0106,1.0444
26,2,5,8,2.0651,0.7029,0.3346,0.0906,0.0039,0.0101,1.0027
26,2,6,9,1.8947,0.6519,0.2523,0.0838,0.0037,0.0097,0.9671
26,2,7,10,1.8020,0.5871,0.2619,0.1127,0.0016,0.0094,0.9327
26,2,8,11,1.7635,0.5387,0.2593,0.1391,0.0024,0.0094,0.9440
26,2,9,11,1.6946,0.5127,0.2154,0.1719,0.0015,0.0095,0.9461
26,2,10,12,1.6930,0.4778,0.2348,0.2177,0.0020,0.0097,0.9591
26,2,11,13,1.7168,0.4692,0.2649,0.2297,0.0031,0.0097,0.9602
26,3,2,6,2.5278,0.7602,0.8651,0.7271,0.0080,0.0084,0.8770
26,3,3,8,2.4953,0.7896,0.5514,0.2210,0.0062,0.0114,1.1244
26,3,4,8,2.2047,0.7617,0.3808,0.1135,0.0062,0.0105,1.0345
26,3,5,8,2.0588,0.6894,0.3406,0.0885,0.0099,0.0100,0.9984
26,3,6,9,1.8934,0.6276,0.2718,0.0905,0.0043,0.0096,0.9701
26,3,7,10,1.7922,0.5734,0.2630,0.1170,0.0018,0.0094,0.9353
26,3,8,11,1.7744,0.5135,0.3037,0.1471,0.0028,0.0094,0.9354
26,3,9,12,1.7039,0.4942,0.2290,0.1749,0.0029,0.0096,0.9589
26,3,10,12,1.6795,0.4599,0.2314,0.2126,0.0023,0.0096,0.9668
26,3,11,13,1.6818,0.4574,0.2460,0.2186,0.0026,0.0097,0.9565
26,4,2,6,2.5308,0.7548,0.8841,0.7418,0.0080,0.0084,0.8666
26,4,3,8,2.4170,0.7848,0.5024,0.1867,0.0059,0.0111,1.1008
26,4,4,8,2.1746,0.7606,0.3638,0.1057,0.0070,0.0104,1.0217
26,4,5,8,2.0626,0.6628,0.3601,0.0865,0.0126,0.0100,1.0067
26,4,6,9,1.8937,0.6095,0.2983,0.0983,0.0036,0.0096,0.9630
26,4,7,9,1.7874,0.5470,0.2717,0.1220,0.0018,0.0093,0.9481
26,4,8,12,1.7981,0.5012,0.3346,0.1618,0.0020,0.0095,0.9411
26,4,9,12,1.7451,0.4812,0.2691,0.1774,0.0017,0.0096,0.9737
26,4,10,12,1.6907,0.4412,0.2545,0.2172,0.0021,0.0095,0.9739
26,4,11,13,1.6831,0.4428,0.2507,0.2325,0.0026,0.0097,0.9675
26,5,2,6,2.4333,0.7462,0.9663,0.8296,0.0059,0.0070,0.7005
26,5,3,8,2.4169,0.7651,0.5194,0.2007,0.0050,0.0111,1.1043
26,5,4,8,2.1641,0.7294,0.3751,0.1109,0.0040,0.0104,1.0341
26,5,5,9,2.0275,0.6394,0.3598,0.0827,0.0045,0.0100,1.0033
26,5,6,9,1.8896,0.5763,0.3306,0.1047,0.0033,0.0095,0.9597
26,5,7,10,1.8282,0.5237,0.3350,0.1313,0.0015,0.0094,0.9489
26,5,8,11,1.8082,0.4844,0.3536,0.1626,0.0020,0.0095,0.9494
26,5,9,12,1.7490,0.4721,0.2767,0.1795,0.0021,0.0096,0.9789
26,5,10,12,1.7136,0.4462,0.2637,0.2180,0.0020,0.0095,0.9827
26,5,11,12,1.7091,0.4225,0.2884,0.2470,0.0031,0.0097,0.9758
26,6,2,7,2.3834,0.7293,0.7242,0.5673,0.0081,0.0085,0.9044
26,6,3,8,2.4098,0.7397,0.5437,0.2179,0.0057,0.0110,1.0979
26,6,4,9,2.1639,0.6994,0.3884,0.1172,0.0053,0.0104,1.0495
26,6,5,9,2.0326,0.6094,0.3912,0.1021,0.0038,0.0099,1.0076
26,6,6,9,1.9153,0.5566,0.3643,0.1061,0.0101,0.0095,0.9647
26,6,7,10,1.8277,0.5068,0.3518,0.1435,0.0017,0.0094,0.9484
26,6,8,13,1.8681,0.4859,0.3908,0.1698,0.0024,0.0097,0.9696
26,6,9,13,1.7742,0.4720,0.2842,0.1857,0.0039,0.0098,0.9944
26,6,10,13,1.7552,0.4431,0.2972,0.2211,0.0030,0.0097,0.9926
26,6,11,12,1.7114,0.4243,0.2874,0.2472,0.0029,0.0096,0.9776
26,7,2,7,2.3814,0.7173,0.7454,0.5867,0.0080,0.0085,0.8931
26,7,3,8,2.4298,0.7285,0.5682,0.2336,0.0066,0.0110,1.1035
26,7,4,9,2.1804,0.6902,0.4180,0.1408,0.0057,0.0103,1.0450
26,7,5,9,2.0453,0.5980,0.4195,0.1166,0.0066,0.0098,1.0010
26,7,6,9,1.9265,0.5419,0.3974,0.1127,0.0035,0.0095,0.9644
26,7,7,10,1.8481,0.5088,0.3776,0.1463,0.0025,0.0093,0.9404
26,7,8,12,1.8809,0.4869,0.4127,0.1764,0.0040,0.0097,0.9582
26,7,9,13,1.7932,0.4717,0.3121,0.1951,0.0029,0.0097,0.9871
26,7,10,13,1.8090,0.4429,0.3524,0.2340,0.0029,0.0098,0.9912
26,7,11,13,1.6184,0.4262,0.1505,0.1176,0.0021,0.0097,1.0204
26,11,2,7,2.0581,0.7132,0.6748,0.5147,0.0151,0.0061,0.6429
26,11,3,8,2.4113,0.7205,0.5672,0.2336,0.0061,0.0109,1.0948
26,11,4,8,2.1752,0.6593,0.4508,0.1633,0.0057,0.0103,1.0381
26,11,5,9,2.0282,0.5850,0.4125,0.1137,0.0041,0.0099,1.0063
26,11,6,9,1.9297,0.5450,0.3981,0.1168,0.0051,0.0094,0.9623
26,11,7,10,1.8553,0.5032,0.3885,0.1539,0.0041,0.0094,0.9404
26,11,8,12,1.8278,0.4874,0.3393,0.1807,0.0031,0.0096,0.9789
26,11,9,13,1.8100,0.4689,0.3210,0.1931,0.0029,0.0098,0.9975
26,11,10,13,1.8105,0.4444,0.3613,0.2356,0.0031,0.0097,0.9824
26,11,11,13,1.6349,0.4240,0.1857,0.1294,0.0024,0.0096,1.0036
26,13,2,7,1.7463,0.7129,0.4160,0.2563,0.0029,0.0051,0.6044
26,13,3,8,2.4046,0.7063,0.5767,0.2414,0.0044,0.0109,1.0945
26,13,4,8,2.1895,0.6484,0.4689,0.1795,0.0081,0.0102,1.0431
26,13,5,9,2.0459,0.5897,0.4269,0.1227,0.0050,0.0099,1.0042
26,13,6,9,1.9478,0.5499,0.4103,0.1188,0.0066,0.0094,0.9618
26,13,7,10,1.8608,0.5095,0.3925,0.1514,0.0021,0.0094,0.9375
26,13,8,11,1.8353,0.4920,0.3474,0.1822,0.0036,0.0095,0.9734
26,13,9,12,1.7990,0.4733,0.3231,0.1998,0.0022,0.0096,0.9810
26,13,10,13,1.8062,0.4432,0.3602,0.2412,0.0027,0.0097,0.9807
26,13,11,14,1.6570,0.4219,0.2058,0.1376,0.0025,0.0098,1.0072
26,14,2,8,2.7496,0.7210,0.8100,0.4486,0.0073,0.0120,1.1861
26,14,3,8,2.4012,0.7023,0.5806,0.2535,0.0048,0.0107,1.0913
26,14,4,8,2.1785,0.6393,0.4723,0.1864,0.0059,0.0101,1.0402
26,14,5,8,2.0373,0.5930,0.4274,0.1309,0.0050,0.0097,0.9921
26,14,6,9,1.9311,0.5489,0.4013,0.1188,0.0045,0.0094,0.9572
26,14,7,10,1.8718,0.5102,0.4060,0.1601,0.0025,0.0094,0.9340
26,14,8,10,1.8232,0.4905,0.3461,0.1857,0.0020,0.0094,0.9656
26,14,9,12,1.8069,0.4701,0.3434,0.2163,0.0021,0.0096,0.9720
26,14,10,13,1.8006,0.4359,0.3697,0.2419,0.0029,0.0097,0.9727
26,14,11,14,1.6805,0.4221,0.2212,0.1320,0.0032,0.0098,1.0143
26,15,2,8,2.6937,0.7134,0.7737,0.4253,0.0064,0.0118,1.1754
26,15,3,8,2.3320,0.6937,0.5312,0.2407,0.0053,0.0106,1.0799
26,15,4,8,2.1641,0.6308,0.4663,0.1769,0.0047,0.0101,1.0414
26,15,5,9,2.0325,0.5902,0.4207,0.1237,0.0046,0.0097,0.9969
26,15,6,9,1.9293,0.5453,0.4043,0.1255,0.0039,0.0094,0.9565
26,15,7,11,1.8841,0.5097,0.4105,0.1713,0.0035,0.0095,0.9412
26,15,8,10,1.8275,0.4891,0.3535,0.1864,0.0021,0.0094,0.9639
26,15,9,12,1.7922,0.4612,0.3407,0.2269,0.0021,0.0096,0.9689
26,15,10,13,1.8158,0.4335,0.3924,0.2434,0.0030,0.0096,0.9677
26,15,11,14,1.6943,0.4199,0.2488,0.1217,0.0031,0.0097,1.0033
27,1,2,7,2.6592,0.7609,1.0828,0.9497,0.0080,0.0082,0.7905
27,1,3,8,2.4046,0.7977,0.5126,0.2049,0.0052,0.0110,1.0666
27,1,4,9,2.1819,0.7078,0.4214,0.1167,0.0074,0.0105,1.0238
27,1,5,8,2.0378,0.6657,0.3733,0.0896,0.0061,0.0098,0.9726
27,1,6,9,1.9070,0.6426,0.2993,0.0662,0.0049,0.0095,0.9406
27,1,7,9,1.7466,0.5845,0.2323,0.0854,0.0026,0.0091,0.9087
27,1,8,11,1.6935,0.5504,0.2447,0.1095,0.0019,0.0090,0.8784
27,1,9,12,1.6739,0.5113,0.2476,0.1530,0.0030,0.0092,0.8937
27,1,10,11,1.5854,0.4829,0.1889,0.1736,0.0023,0.0090,0.8935
27,1,11,12,1.6160,0.4661,0.2420,0.2131,0.0023,0.0091,0.8876
27,2,2,6,2.6495,0.7411,1.1107,0.9666,0.0080,0.0082,0.7728
27,2,3,8,2.3202,0.7906,0.4582,0.1694,0.0054,0.0107,1.0436
27,2,4,9,2.1747,0.7125,0.4125,0.1175,0.0057,0.0104,1.0227
27,2,5,8,2.0416,0.6544,0.3830,0.0907,0.0070,0.0098,0.9769
27,2,6,8,1.8913,0.6368,0.3043,0.0658,0.0050,0.0093,0.9261
27,2,7,9,1.7319,0.5719,0.2301,0.0836,0.0034,0.0091,0.9082
27,2,8,12,1.6929,0.5321,0.2433,0.1136,0.0029,0.0092,0.8962
27,2,9,12,1.6643,0.4882,0.2470,0.1490,0.0026,0.0092,0.9081
27,2,10,12,1.5930,0.4668,0.1994,0.1744,0.0026,0.0091,0.9062
27,2,11,12,1.6029,0.4454,0.2373,0.2111,0.0025,0.0091,0.8995
27,3,2,7,2.5797,0.7376,1.0186,0.8711,0.0080,0.0083,0.7985
27,3,3,8,2.3288,0.8034,0.4562,0.1653,0.0062,0.0107,1.0407
27,3,4,9,2.1916,0.7192,0.4308,0.1212,0.0051,0.0103,1.0150
27,3,5,8,2.0436,0.6428,0.3978,0.0997,0.0059,0.0098,0.9767
27,3,6,8,1.8745,0.6107,0.3159,0.0696,0.0048,0.0093,0.9242
27,3,7,8,1.6897,0.5612,0.2217,0.0877,0.0021,0.0089,0.8870
27,3,8,12,1.6956,0.5098,0.2659,0.1148,0.0019,0.0091,0.8996
27,3,9,12,1.6550,0.4764,0.2467,0.1508,0.0033,0.0091,0.9103
27,3,10,13,1.6211,0.4578,0.2205,0.1759,0.0026,0.0093,0.9220
27,3,11,13,1.6047,0.4308,0.2412,0.2129,0.0027,0.0093,0.9116
27,4,2,7,2.5799,0.7355,1.0287,0.8809,0.0080,0.0083,0.7905
27,4,3,8,2.3146,0.8008,0.4477,0.1648,0.0058,0.0106,1.0382
27,4,4,9,2.1682,0.6986,0.4308,0.1294,0.0063,0.0103,1.0112
27,4,5,9,2.0511,0.6256,0.4126,0.1077,0.0076,0.0099,0.9850
27,4,6,8,1.8675,0.5909,0.3260,0.0678,0.0034,0.0092,0.9283
27,4,7,9,1.7052,0.5303,0.2570,0.0996,0.0032,0.0089,0.8967
27,4,8,11,1.7230,0.4989,0.3181,0.1279,0.0019,0.0091,0.8862
27,4,9,12,1.6500,0.4555,0.2496,0.1558,0.0030,0.0091,0.9237
27,4,10,13,1.6317,0.4399,0.2458,0.1768,0.0028,0.0092,0.9251
27,4,11,13,1.6041,0.4213,0.2530,0.2183,0.0026,0.0092,0.9088
27,5,2,7,2.4008,0.7223,0.9997,0.8524,0.0056,0.0069,0.6592
27,5,3,8,2.3196,0.7618,0.4895,0.2060,0.0055,0.0106,1.0412
27,5,4,9,2.1714,0.6690,0.4664,0.1538,0.0078,0.0102,1.0070
27,5,5,8,2.0422,0.6105,0.4284,0.1294,0.0065,0.0098,0.9765
27,5,6,8,1.8814,0.5716,0.3489,0.0722,0.0040,0.0093,0.9377
27,5,7,9,1.7219,0.5150,0.2949,0.1126,0.0030,0.0088,0.8909
27,5,8,11,1.7279,0.4774,0.3310,0.1402,0.0020,0.0091,0.8997
27,5,9,12,1.6550,0.4494,0.2576,0.1635,0.0020,0.0091,0.9278
27,5,10,13,1.6815,0.4316,0.2953,0.1796,0.0030,0.0092,0.9332
27,5,11,13,1.5954,0.4075,0.2395,0.2175,0.0030,0.0093,0.9271
27,6,2,7,2.4438,0.7120,0.8887,0.7295,0.0080,0.0082,0.8180
27,6,3,8,2.2756,0.7208,0.4980,0.2117,0.0055,0.0105,1.0298
27,6,4,9,2.1448,0.6499,0.4574,0.1495,0.0040,0.0102,1.0125
27,6,5,8,2.0465,0.5875,0.4487,0.1530,0.0047,0.0097,0.9856
27,6,6,8,1.8662,0.5466,0.3657,0.0858,0.0036,0.0092,0.9314
27,6,7,9,1.7294,0.5064,0.3140,0.1136,0.0025,0.0088,0.8884
27,6,8,11,1.7301,0.4704,0.3255,0.1598,0.0020,0.0091,0.9140
27,6,9,11,1.6781,0.4561,0.2813,0.1695,0.0020,0.0091,0.9204
27,6,10,13,1.7040,0.4289,0.3254,0.1986,0.0032,0.0092,0.9280
27,6,11,13,1.5982,0.4002,0.2410,0.2160,0.0031,0.0092,0.9356
27,7,2,7,2.4377,0.6882,0.9194,0.7656,0.0080,0.0083,0.8050
27,7,3,8,2.2834,0.6972,0.5232,0.2321,0.0046,0.0105,1.0369
27,7,4,9,2.1517,0.6257,0.4845,0.1832,0.0040,0.0101,1.0166
27,7,5,9,2.0278,0.5758,0.4368,0.1501,0.0091,0.0097,0.9863
27,7,6,8,1.8773,0.5378,0.3922,0.1020,0.0047,0.0091,0.9241
27,7,7,10,1.7674,0.5033,0.3400,0.1298,0.0018,0.0090,0.9040
27,7,8,11,1.7547,0.4735,0.3418,0.1640,0.0020,0.0090,0.9196
27,7,9,12,1.7078,0.4525,0.3053,0.1752,0.0020,0.0092,0.9297
27,7,10,13,1.7319,0.4275,0.3470,0.2019,0.0018,0.0094,0.9369
27,7,11,13,1.6147,0.3978,0.2455,0.2210,0.0018,0.0094,0.9510
27,11,2,7,2.2234,0.6907,0.8913,0.7407,0.0049,0.0063,0.6237
27,11,3,9,2.2878,0.6727,0.5393,0.2352,0.0051,0.0105,1.0489
27,11,4,9,2.1459,0.6130,0.4885,0.1992,0.0053,0.0101,1.0182
27,11,5,8,2.0214,0.5751,0.4439,0.1561,0.0054,0.0096,0.9771
27,11,6,8,1.8701,0.5394,0.3891,0.0932,0.0036,0.0090,0.9194
27,11,7,11,1.7703,0.5069,0.3399,0.1269,0.0018,0.0090,0.9034
27,11,8,11,1.7526,0.4692,0.3445,0.1622,0.0023,0.0091,0.9186
27,11,9,12,1.7013,0.4566,0.3047,0.1763,0.0021,0.0091,0.9196
27,11,10,12,1.7105,0.4234,0.3484,0.2097,0.0026,0.0092,0.9176
27,11,11,14,1.5682,0.3977,0.1904,0.1169,0.0027,0.0094,0.9589
27,13,2,7,1.9150,0.6949,0.6414,0.4780,0.0038,0.0054,0.5640
27,13,3,9,2.2851,0.6514,0.5566,0.2480,0.0051,0.0105,1.0503
27,13,4,9,2.1698,0.6079,0.5088,0.2234,0.0072,0.0100,1.0251
27,13,5,9,2.0182,0.5743,0.4332,0.1601,0.0045,0.0096,0.9865
27,13,6,8,1.8839,0.5326,0.4109,0.1112,0.0034,0.0090,0.9185
27,13,7,10,1.7762,0.5070,0.3511,0.1256,0.0024,0.0089,0.8977
27,13,8,12,1.7659,0.4741,0.3622,0.1638,0.0026,0.0092,0.9085
27,13,9,11,1.7208,0.4562,0.3222,0.1840,0.0021,0.0091,0.9220
27,13,10,13,1.7075,0.4201,0.3418,0.2169,0.0027,0.0092,0.9245
27,13,11,13,1.5585,0.3936,0.2009,0.1270,0.0025,0.0091,0.9435
27,14,2,8,2.7428,0.7098,0.8535,0.4975,0.0066,0.0118,1.1481
27,14,3,9,2.2862,0.6435,0.5614,0.2492,0.0055,0.0105,1.0540
27,14,4,9,2.1563,0.6046,0.5156,0.2080,0.0061,0.0099,1.0097
27,14,5,9,2.0148,0.5711,0.4403,0.1611,0.0033,0.0096,0.9804
27,14,6,8,1.8773,0.5329,0.4104,0.1093,0.0031,0.0090,0.9124
27,14,7,11,1.7962,0.5052,0.3622,0.1287,0.0025,0.0090,0.9080
27,14,8,12,1.7842,0.4778,0.3595,0.1646,0.0037,0.0092,0.9250
27,14,9,11,1.7171,0.4580,0.3272,0.1864,0.0023,0.0090,0.9115
27,14,10,13,1.7165,0.4222,0.3503,0.2251,0.0028,0.0092,0.9227
27,14,11,13,1.5850,0.3962,0.2265,0.1158,0.0026,0.0091,0.9415
27,15,2,8,2.6898,0.7067,0.8128,0.4682,0.0065,0.0116,1.1394
27,15,3,9,2.2908,0.6342,0.5854,0.2609,0.0056,0.0105,1.0441
27,15,4,9,2.1381,0.6022,0.5034,0.2038,0.0041,0.0099,1.0081
27,15,5,8,1.9999,0.5685,0.4425,0.1639,0.0040,0.0094,0.9654
27,15,6,8,1.8576,0.5287,0.3938,0.1016,0.0039,0.0090,0.9127
27,15,7,11,1.8131,0.5023,0.3866,0.1381,0.0016,0.0091,0.9043
27,15,8,12,1.7743,0.4701,0.3683,0.1741,0.0031,0.0092,0.9147
27,15,9,11,1.7126,0.4496,0.3349,0.1974,0.0023,0.0090,0.9078
27,15,10,13,1.7131,0.4150,0.3540,0.2269,0.0022,0.0093,0.9233
27,15,11,14,1.6224,0.3874,0.2498,0.1026,0.0019,0.0094,0.9647
28,1,2,7,2.6717,0.7601,1.1309,0.9917,0.0080,0.0081,0.7561
28,1,3,8,2.3848,0.7969,0.5153,0.2220,0.0061,0.0108,1.0443
28,1,4,8,2.1541,0.7296,0.4089,0.1295,0.0051,0.0102,0.9894
28,1,5,9,2.0056,0.6761,0.3465,0.0864,0.0039,0.0098,0.9589
28,1,6,9,1.8240,0.6332,0.2673,0.0615,0.0028,0.0093,0.9017
28,1,7,9,1.7215,0.5856,0.2347,0.0692,0.0027,0.0089,0.8805
28,1,8,10,1.6534,0.5440,0.2272,0.0909,0.0021,0.0087,0.8626
28,1,9,11,1.6108,0.5078,0.2142,0.1021,0.0019,0.0089,0.8690
28,1,10,12,1.5611,0.4807,0.1765,0.1352,0.0019,0.0090,0.8843
28,1,11,14,1.5155,0.4357,0.0872,0.0613,0.0029,0.0091,0.9716
28,2,2,7,2.6806,0.7633,1.1411,1.0103,0.0081,0.0081,0.7514
28,2,3,8,2.3740,0.7962,0.5094,0.2175,0.0062,0.0107,1.0401
28,2,4,8,2.1258,0.7345,0.3864,0.1199,0.0053,0.0101,0.9786
28,2,5,9,1.9945,0.6626,0.3504,0.0839,0.0040,0.0097,0.9574
28,2,6,9,1.8355,0.6202,0.2856,0.0626,0.0036,0.0092,0.9072
28,2,7,9,1.7175,0.5731,0.2395,0.0714,0.0049,0.0088,0.8824
28,2,8,10,1.6445,0.5156,0.2403,0.0980,0.0023,0.0087,0.8688
28,2,9,11,1.5941,0.4878,0.2147,0.1006,0.0030,0.0088,0.8709
28,2,10,12,1.5345,0.4686,0.1760,0.1418,0.0023,0.0088,0.8701
28,2,11,14,1.5491,0.4557,0.1089,0.0708,0.0030,0.0090,0.9636
28,3,2,7,2.6851,0.7480,1.1650,1.0352,0.0080,0.0081,0.7474
28,3,3,8,2.3295,0.8049,0.4684,0.1950,0.0054,0.0106,1.0287
28,3,4,8,2.1338,0.7289,0.4009,0.1298,0.0050,0.0100,0.9784
28,3,5,9,1.9976,0.6554,0.3597,0.0855,0.0034,0.0097,0.9592
28,3,6,9,1.8350,0.6131,0.2876,0.0625,0.0048,0.0092,0.9108
28,3,7,9,1.7081,0.5574,0.2434,0.0737,0.0024,0.0089,0.8874
28,3,8,11,1.6531,0.5054,0.2611,0.0997,0.0031,0.0087,0.8661
28,3,9,12,1.6143,0.4792,0.2199,0.1027,0.0027,0.0089,0.8946
28,3,10,13,1.5712,0.4544,0.1960,0.1378,0.0022,0.0091,0.9007
28,3,11,13,1.5346,0.4396,0.1113,0.0772,0.0024,0.0090,0.9634
28,4,2,7,2.6885,0.7433,1.1628,1.0253,0.0082,0.0083,0.7574
28,4,3,8,2.3323,0.7852,0.4952,0.2083,0.0059,0.0105,1.0244
28,4,4,8,2.1451,0.7257,0.4086,0.1438,0.0057,0.0100,0.9846
28,4,5,9,1.9991,0.6310,0.3867,0.0994,0.0050,0.0097,0.9564
28,4,6,9,1.8260,0.5805,0.3032,0.0626,0.0035,0.0092,0.9200
28,4,7,8,1.6949,0.5309,0.2740,0.0826,0.0036,0.0086,0.8686
28,4,8,11,1.6724,0.4880,0.2830,0.1025,0.0029,0.0088,0.8812
28,4,9,12,1.6253,0.4564,0.2507,0.1117,0.0029,0.0090,0.8974
28,4,10,13,1.5816,0.4441,0.2205,0.1493,0.0031,0.0089,0.8963
28,4,11,14,1.5094,0.4194,0.1090,0.0735,0.0030,0.0091,0.9600
28,5,2,7,2.4747,0.7321,1.0670,0.9307,0.0057,0.0069,0.6557
28,5,3,8,2.3259,0.7556,0.5147,0.2372,0.0054,0.0105,1.0286
28,5,4,8,2.0928,0.6990,0.4015,0.1355,0.0060,0.0098,0.9661
28,5,5,9,1.9952,0.6130,0.3985,0.1195,0.0050,0.0097,0.9589
28,5,6,9,1.8064,0.5654,0.3083,0.0628,0.0052,0.0091,0.9089
28,5,7,9,1.7150,0.5143,0.3008,0.0857,0.0033,0.0087,0.8787
28,5,8,11,1.6883,0.4808,0.3103,0.1085,0.0025,0.0089,0.8772
28,5,9,11,1.6682,0.4412,0.3207,0.1223,0.0019,0.0089,0.8869
28,5,10,13,1.5820,0.4280,0.2277,0.1464,0.0027,0.0090,0.9059
28,5,11,13,1.5034,0.4104,0.1218,0.0785,0.0028,0.0090,0.9506
28,6,2,7,2.4633,0.7216,1.0784,0.9500,0.0062,0.0068,0.6432
28,6,3,8,2.3270,0.7192,0.5464,0.2456,0.0051,0.0106,1.0342
28,6,4,8,2.0744,0.6812,0.4068,0.1357,0.0052,0.0097,0.9612
28,6,5,9,2.0061,0.5831,0.4313,0.1508,0.0057,0.0097,0.9663
28,6,6,9,1.8142,0.5444,0.3378,0.0867,0.0034,0.0090,0.9101
28,6,7,9,1.7101,0.5013,0.3139,0.0901,0.0022,0.0087,0.8749
28,6,8,11,1.6775,0.4700,0.2975,0.1118,0.0026,0.0089,0.8899
28,6,9,12,1.6769,0.4444,0.3104,0.1333,0.0016,0.0090,0.9029
28,6,10,13,1.6399,0.4346,0.2739,0.1475,0.0028,0.0090,0.9107
28,6,11,14,1.4996,0.4015,0.1298,0.0856,0.0032,0.0089,0.9475
28,7,2,7,2.4761,0.7146,0.9500,0.8170,0.0080,0.0082,0.7866
28,7,3,8,2.3362,0.6900,0.5722,0.2734,0.0066,0.0105,1.0456
28,7,4,8,2.0791,0.6566,0.4314,0.1669,0.0038,0.0098,0.9670
28,7,5,9,2.0234,0.5701,0.4505,0.1646,0.0065,0.0097,0.9764
28,7,6,9,1.8280,0.5388,0.3563,0.0894,0.0035,0.0091,0.9109
28,7,7,9,1.7336,0.4987,0.3368,0.0938,0.0033,0.0086,0.8772
28,7,8,11,1.7056,0.4670,0.3260,0.1138,0.0022,0.0090,0.8923
28,7,9,12,1.7072,0.4492,0.3384,0.1354,0.0028,0.0088,0.8991
28,7,10,13,1.6613,0.4307,0.2859,0.1632,0.0015,0.0091,0.9251
28,7,11,14,1.5050,0.4005,0.1487,0.1030,0.0032,0.0089,0.9349
28,11,2,7,2.4761,0.7171,0.9601,0.8105,0.0080,0.0082,0.7740
28,11,3,8,2.2566,0.6873,0.5243,0.2395,0.0062,0.0103,1.0173
28,11,4,8,2.0809,0.6373,0.4472,0.1909,0.0035,0.0098,0.9725
28,11,5,9,1.9338,0.5613,0.4091,0.1355,0.0037,0.0093,0.9405
28,11,6,9,1.8284,0.5371,0.3574,0.0874,0.0027,0.0091,0.9126
28,11,7,9,1.7196,0.5017,0.3251,0.0937,0.0051,0.0086,0.8701
28,11,8,11,1.7127,0.4657,0.3343,0.1200,0.0023,0.0088,0.8927
28,11,9,12,1.7047,0.4472,0.3383,0.1384,0.0016,0.0089,0.8997
28,11,10,13,1.6624,0.4301,0.2954,0.1622,0.0028,0.0089,0.9163
28,11,11,14,1.5044,0.3986,0.1487,0.1057,0.0023,0.0090,0.9370
28,13,2,6,1.9860,0.7047,0.7182,0.5839,0.0030,0.0054,0.5492
28,13,3,8,2.2574,0.6713,0.5379,0.2592,0.0053,0.0103,1.0216
28,13,4,9,2.0989,0.6112,0.4736,0.1917,0.0054,0.0099,0.9886
28,13,5,9,1.9394,0.5604,0.4129,0.1410,0.0033,0.0093,0.9437
28,13,6,9,1.8232,0.5359,0.3613,0.0903,0.0038,0.0089,0.9041
28,13,7,9,1.7335,0.5038,0.3421,0.0984,0.0031,0.0085,0.8671
28,13,8,11,1.7232,0.4657,0.3683,0.1256,0.0022,0.0089,0.8690
28,13,9,11,1.6966,0.4558,0.3159,0.1456,0.0025,0.0089,0.9046
28,13,10,14,1.5793,0.4349,0.1957,0.0508,0.0032,0.0091,0.9275
28,13,11,14,1.5173,0.3908,0.1767,0.1151,0.0025,0.0091,0.9294
28,14,2,7,2.7090,0.7188,0.8416,0.5093,0.0062,0.0115,1.1186
28,14,3,8,2.2670,0.6576,0.5567,0.2792,0.0050,0.0102,1.0264
28,14,4,9,2.1173,0.6113,0.4812,0.2023,0.0052,0.0099,0.9991
28,14,5,9,1.9431,0.5593,0.4197,0.1444,0.0040,0.0092,0.9411
28,14,6,9,1.8330,0.5309,0.3752,0.0906,0.0043,0.0089,0.9043
28,14,7,9,1.7392,0.5057,0.3532,0.1044,0.0025,0.0085,0.8605
28,14,8,11,1.7296,0.4679,0.3643,0.1251,0.0023,0.0089,0.8770
28,14,9,12,1.6875,0.4556,0.3182,0.1412,0.0026,0.0089,0.8936
28,14,10,14,1.5755,0.4326,0.1994,0.0539,0.0029,0.0090,0.9227
28,14,11,13,1.5601,0.3980,0.2108,0.1185,0.0022,0.0091,0.9312
28,15,2,7,2.5791,0.7052,0.7516,0.4412,0.0070,0.0111,1.0925
28,15,3,8,2.2638,0.6553,0.5586,0.2723,0.0044,0.0102,1.0242
28,15,4,9,2.1039,0.6043,0.4781,0.2056,0.0035,0.0099,0.9976
28,15,5,9,1.9409,0.5589,0.4123,0.1444,0.0034,0.0093,0.9475
28,15,6,9,1.8262,0.5248,0.3817,0.1156,0.0027,0.0088,0.8988
28,15,7,10,1.7500,0.5009,0.3538,0.1047,0.0039,0.0086,0.8740
28,15,8,11,1.7117,0.4622,0.3625,0.1289,0.0023,0.0089,0.8667
28,15,9,12,1.6925,0.4508,0.3271,0.1608,0.0026,0.0088,0.8941
28,15,10,14,1.5808,0.4249,0.2024,0.0568,0.0018,0.0092,0.9333
28,15,11,12,1.5877,0.3994,0.2414,0.1135,0.0024,0.0090,0.9266
29,1,2,7,2.5957,0.7510,1.0531,0.8796,0.0080,0.0082,0.7667
29,1,3,8,2.5161,0.7761,0.6203,0.2924,0.0057,0.0113,1.0904
29,1,4,8,2.1517,0.7201,0.4085,0.1250,0.0046,0.0102,0.9976
29,1,5,9,1.9784,0.6584,0.3489,0.0828,0.0077,0.0097,0.9436
29,1,6,9,1.8203,0.6060,0.2884,0.0653,0.0031,0.0092,0.9039
29,1,7,8,1.6796,0.5466,0.2536,0.0895,0.0021,0.0086,0.8598
29,1,8,11,1.6290,0.5022,0.2427,0.1079,0.0015,0.0088,0.8652
29,1,9,12,1.6153,0.4833,0.2349,0.1189,0.0028,0.0090,0.8764
29,1,10,12,1.5582,0.4601,0.1909,0.1633,0.0023,0.0089,0.8873
29,1,11,13,1.5718,0.4415,0.2318,0.1891,0.0021,0.0089,0.8787
29,2,2,7,2.5976,0.7403,1.0689,0.8965,0.0080,0.0082,0.7634
29,2,3,8,2.5131,0.7870,0.6092,0.2808,0.0064,0.0112,1.0875
29,2,4,8,2.1030,0.7206,0.3824,0.1080,0.0053,0.0100,0.9742
29,2,5,9,1.9884,0.6623,0.3558,0.0825,0.0044,0.0096,0.9462
29,2,6,9,1.8269,0.5901,0.3052,0.0706,0.0045,0.0092,0.9083
29,2,7,8,1.6726,0.5376,0.2438,0.0934,0.0034,0.0087,0.8700
29,2,8,11,1.6211,0.4960,0.2180,0.1037,0.0019,0.0090,0.8872
29,2,9,12,1.6087,0.4700,0.2304,0.1252,0.0022,0.0090,0.8880
29,2,10,12,1.5486,0.4402,0.1926,0.1600,0.0023,0.0090,0.8956
29,2,11,14,1.5189,0.4185,0.1141,0.0757,0.0032,0.0089,0.9655
29,3,2,7,2.5265,0.7324,0.9961,0.8337,0.0080,0.0081,0.7734
29,3,3,8,2.4949,0.7818,0.6044,0.2797,0.0056,0.0112,1.0799
29,3,4,8,2.1104,0.7100,0.3993,0.1187,0.0051,0.0099,0.9754
29,3,5,9,1.9891,0.6344,0.3809,0.1018,0.0042,0.0096,0.9500
29,3,6,9,1.8179,0.5697,0.3187,0.0631,0.0035,0.0091,0.9075
29,3,7,9,1.6747,0.5134,0.2699,0.0997,0.0022,0.0087,0.8715
29,3,8,11,1.6356,0.4785,0.2476,0.1060,0.0024,0.0089,0.8896
29,3,9,12,1.6117,0.4610,0.2312,0.1277,0.0022,0.0090,0.8994
29,3,10,11,1.5479,0.4282,0.2113,0.1589,0.0024,0.0088,0.8885
29,3,11,14,1.5328,0.4169,0.1146,0.0748,0.0023,0.0092,0.9808
29,4,2,7,2.5304,0.7325,0.9958,0.8500,0.0081,0.0082,0.7772
29,4,3,8,2.4951,0.7478,0.6300,0.2967,0.0063,0.0111,1.0878
29,4,4,8,2.1074,0.6937,0.4124,0.1330,0.0045,0.0099,0.9763
29,4,5,9,1.9977,0.6207,0.3943,0.0997,0.0051,0.0097,0.9578
29,4,6,9,1.8141,0.5499,0.3340,0.0711,0.0049,0.0091,0.9066
29,4,7,9,1.6768,0.5013,0.2847,0.0961,0.0030,0.0087,0.8705
29,4,8,11,1.6379,0.4568,0.2539,0.1169,0.0023,0.0090,0.9070
29,4,9,11,1.5962,0.4393,0.2434,0.1321,0.0032,0.0087,0.8928
29,4,10,11,1.5925,0.4116,0.2682,0.1701,0.0025,0.0088,0.8927
29,4,11,13,1.5245,0.4083,0.1284,0.0814,0.0020,0.0090,0.9679
29,5,2,7,2.2797,0.7180,0.9326,0.7868,0.0048,0.0064,0.6112
29,5,3,8,2.3786,0.7232,0.5704,0.2650,0.0058,0.0107,1.0568
29,5,4,8,2.1092,0.6678,0.4329,0.1571,0.0044,0.0099,0.9835
29,5,5,9,2.0016,0.5894,0.4296,0.1364,0.0063,0.0096,0.9567
29,5,6,9,1.7941,0.5283,0.3354,0.0663,0.0026,0.0090,0.9093
29,5,7,9,1.6832,0.4716,0.3269,0.1121,0.0029,0.0087,0.8641
29,5,8,11,1.6440,0.4537,0.2672,0.1209,0.0023,0.0090,0.9029
29,5,9,12,1.6032,0.4350,0.2554,0.1398,0.0023,0.0088,0.8929
29,5,10,11,1.6023,0.4085,0.2754,0.1667,0.0025,0.0089,0.8982
29,5,11,14,1.5044,0.4016,0.1181,0.0758,0.0027,0.0090,0.9641
29,6,2,6,2.3306,0.7077,0.7828,0.6414,0.0082,0.0080,0.8153
29,6,3,8,2.3719,0.7092,0.5802,0.2776,0.0053,0.0107,1.0549
29,6,4,8,2.1172,0.6474,0.4545,0.1767,0.0044,0.0100,0.9903
29,6,5,9,1.9997,0.5670,0.4449,0.1535,0.0046,0.0095,0.9638
29,6,6,9,1.8125,0.5089,0.3764,0.0790,0.0058,0.0090,0.9030
29,6,7,9,1.6805,0.4698,0.3240,0.1051,0.0026,0.0086,0.8665
29,6,8,11,1.6701,0.4480,0.3075,0.1208,0.0024,0.0089,0.8943
29,6,9,12,1.6324,0.4354,0.2686,0.1466,0.0021,0.0090,0.9082
29,6,10,13,1.6300,0.4030,0.2878,0.1764,0.0031,0.0090,0.9182
29,6,11,14,1.5090,0.3873,0.1421,0.0846,0.0023,0.0090,0.9595
29,7,2,7,2.3351,0.6943,0.7980,0.6500,0.0104,0.0082,0.8155
29,7,3,8,2.3335,0.6889,0.5645,0.2721,0.0087,0.0106,1.0497
29,7,4,8,2.1214,0.6227,0.4818,0.2049,0.0058,0.0099,0.9906
29,7,5,9,1.9330,0.5684,0.4121,0.1270,0.0045,0.0092,0.9291
29,7,6,9,1.8308,0.5023,0.3969,0.0835,0.0031,0.0090,0.9100
29,7,7,9,1.6982,0.4704,0.3507,0.1059,0.0021,0.0086,0.8575
29,7,8,11,1.6855,0.4506,0.3237,0.1336,0.0025,0.0089,0.8910
29,7,9,11,1.6372,0.4301,0.3027,0.1676,0.0020,0.0087,0.8850
29,7,10,12,1.6532,0.4050,0.3258,0.1909,0.0020,0.0089,0.9028
29,7,11,14,1.5299,0.3852,0.1775,0.1071,0.0021,0.0091,0.9470
29,11,2,7,2.1263,0.6945,0.8339,0.6895,0.0068,0.0059,0.5792
29,11,3,7,2.3043,0.6831,0.5637,0.2831,0.0057,0.0103,1.0304
29,11,4,8,2.1036,0.6083,0.4822,0.2118,0.0046,0.0098,0.9883
29,11,5,9,1.9279,0.5602,0.4068,0.1277,0.0031,0.0093,0.9385
29,11,6,9,1.8268,0.5042,0.4002,0.0967,0.0041,0.0089,0.9000
29,11,7,10,1.7161,0.4698,0.3549,0.1080,0.0024,0.0088,0.8711
29,11,8,11,1.6872,0.4457,0.3321,0.1384,0.0026,0.0088,0.8891
29,11,9,12,1.6669,0.4320,0.3025,0.1637,0.0021,0.0090,0.9124
29,11,10,13,1.6628,0.4079,0.3281,0.1930,0.0021,0.0090,0.9069
29,11,11,14,1.5275,0.3764,0.1895,0.1164,0.0018,0.0092,0.9415
29,13,2,7,1.6888,0.6856,0.4730,0.3215,0.0018,0.0046,0.5193
29,13,3,8,2.3170,0.6564,0.5912,0.2968,0.0054,0.0104,1.0425
29,13,4,8,2.1351,0.6007,0.5122,0.2346,0.0068,0.0098,0.9950
29,13,5,9,1.9453,0.5552,0.4222,0.1529,0.0053,0.0092,0.9438
29,13,6,9,1.8326,0.5114,0.3936,0.1000,0.0047,0.0089,0.9046
29,13,7,10,1.7159,0.4735,0.3664,0.1126,0.0024,0.0087,0.8560
29,13,8,12,1.7161,0.4519,0.3540,0.1388,0.0019,0.0090,0.8901
29,13,9,11,1.6508,0.4397,0.3072,0.1706,0.0027,0.0087,0.8838
29,13,10,12,1.6414,0.4055,0.3230,0.1932,0.0027,0.0088,0.8925
29,13,11,14,1.5466,0.3785,0.2135,0.1095,0.0023,0.0090,0.9344
29,14,2,8,2.6226,0.7040,0.7815,0.4569,0.0062,0.0113,1.1077
29,14,3,8,2.3218,0.6474,0.6123,0.3144,0.0048,0.0103,1.0360
29,14,4,8,2.0870,0.5951,0.4878,0.2228,0.0044,0.0096,0.9801
29,14,5,8,1.9509,0.5515,0.4385,0.1743,0.0044,0.0091,0.9377
29,14,6,9,1.8367,0.5112,0.4037,0.0990,0.0043,0.0090,0.8993
29,14,7,10,1.7524,0.4762,0.3959,0.1195,0.0023,0.0087,0.8603
29,14,8,12,1.7149,0.4560,0.3545,0.1417,0.0033,0.0088,0.8833
29,14,9,11,1.6594,0.4385,0.3119,0.1741,0.0018,0.0088,0.8894
29,14,10,12,1.6419,0.4006,0.3343,0.1950,0.0028,0.0088,0.8866
29,14,11,14,1.5487,0.3815,0.2232,0.1129,0.0027,0.0089,0.9237
29,15,2,8,2.6072,0.6925,0.7864,0.4490,0.0069,0.0113,1.0978
29,15,3,8,2.3161,0.6445,0.6075,0.3146,0.0059,0.0103,1.0367
29,15,4,9,2.0807,0.5875,0.4857,0.2148,0.0047,0.0096,0.9829
29,15,5,9,1.9323,0.5438,0.4164,0.1550,0.0033,0.0093,0.9496
29,15,6,9,1.8425,0.5007,0.4251,0.1129,0.0059,0.0089,0.8925
29,15,7,11,1.7437,0.4726,0.3914,0.1224,0.0025,0.0088,0.8595
29,15,8,12,1.7041,0.4509,0.3526,0.1421,0.0025,0.0089,0.8803
29,15,9,10,1.6450,0.4305,0.3185,0.1725,0.0019,0.0087,0.8767
29,15,10,13,1.6555,0.4000,0.3407,0.2033,0.0027,0.0090,0.8944
29,15,11,14,1.5605,0.3715,0.2356,0.1002,0.0031,0.0090,0.9325
