================ BUILD ID ================
  cpp : #145 sha=1776c0a bin=0238ddd423242a41 fix(profiler): static-literal DeviceZoneScopedN names in gather_visible_scatter+sort_bin (runtime ternary broke profiler JIT build)
  data: #1 sha=b703f70 sync tracy-041 capture script
=========================================
host=yyzo-bh-03  tag=capture-ttw043-30v  timeout=1200s  worry=600s  ts=2026-06-02T17:01:16-0700
cmd: TTW_ITER_DIR=ttw-043 bash opt/profiler/capture_tracy.sh ttw-043
-----------------------------------------
BUILD-ID VERIFY OK: cpp#145 bin=0238ddd423242a41 matches the built+stamped artifact
[capture_tracy] iter=ttw-043 VIEWS=30 (FULL 30-view render) -> /localdev/smarton/gstt2/opt/profiler/ttw-043/render.tracy
[capture_tracy] flags: TILE_BUCKET=1 BUCKET_FIT=8192 L1_RECORD=1 FUSED_TILE=0 SFPU_CULL=1
[capture_tracy] CMD: python3 -m tracy -r -p -v --dump-device-data-mid-run -o /localdev/smarton/gstt2/opt/profiler/wrap_out_ttw-043 opt/profiler/_render_inner.sh
Connecting to 127.0.0.1:8086...2026-06-03 00:01:17.595 | INFO     | __main__:main:175 - Setting profiler artifacts folder to /localdev/smarton/gstt2/opt/profiler/wrap_out_ttw-043
2026-06-03 00:01:17.596 | INFO     | __main__:main:336 - Using port 8086
2026-06-03 00:01:17.596 | INFO     | tracy:run_report_setup:88 - Verifying tracy profiling tools
2026-06-03 00:01:17.602 | INFO     | tracy:run_report_setup:108 - Capture command: ('/localdev/smarton/tt-metal/build/tools/profiler/bin/capture-release -o /localdev/smarton/gstt2/opt/profiler/wrap_out_ttw-043/.logs/tracy_profile_log_host.tracy -f -p 8086',)
2026-06-03 00:01:17.605 | INFO     | __main__:main:400 - Test process started
[render-inner] python3 scripts/a003_verify.py --backend tt --views 30 (MID_RUN_DUMP=1 DEVICE_PROFILER=1 GSPLAT_TT_PROFILE=1 TRACY_PORT=8086)
2026-06-03 00:01:17.995 | INFO     | __main__:main:175 - Setting profiler artifacts folder to /localdev/smarton/gstt2/opt/profiler/wrap_out_ttw-043
2026-06-03 00:01:20.377 | info     |             UMD | Creating TopologyDiscovery for architecture: blackhole (topology_discovery.cpp:75)
2026-06-03 00:01:20.377 | info     |             UMD | Starting topology discovery. (topology_discovery.cpp:92)
2026-06-03 00:01:20.377 | warning  |             UMD | Low power mode is disabled while UMD holds open file descriptors. The device will return to low power mode once all file descriptors are closed. (topology_discovery.cpp:143)
2026-06-03 00:01:20.377 | warning  |             UMD | KMD version 2.4.1 does not support power state management. (pci_device.cpp:1067)
2026-06-03 00:01:20.377 | info     |             UMD | Established firmware bundle version: 18.12.1 (topology_discovery.cpp:544)
2026-06-03 00:01:20.377 | info     |             UMD | Completed topology discovery. (topology_discovery.cpp:96)
2026-06-03 00:01:20.378 | info     |          Device | Opening user mode device driver (tt_cluster.cpp:225)
2026-06-03 00:01:20.378 | info     |             UMD | Cluster constructor started. (cluster.cpp:317)
2026-06-03 00:01:20.378 | info     |             UMD | Creating TopologyDiscovery for architecture: blackhole (topology_discovery.cpp:75)
2026-06-03 00:01:20.378 | info     |             UMD | Starting topology discovery. (topology_discovery.cpp:92)
2026-06-03 00:01:20.378 | warning  |             UMD | Low power mode is disabled while UMD holds open file descriptors. The device will return to low power mode once all file descriptors are closed. (topology_discovery.cpp:143)
2026-06-03 00:01:20.378 | warning  |             UMD | KMD version 2.4.1 does not support power state management. (pci_device.cpp:1067)
2026-06-03 00:01:20.378 | info     |             UMD | Established firmware bundle version: 18.12.1 (topology_discovery.cpp:544)
2026-06-03 00:01:20.378 | info     |             UMD | Completed topology discovery. (topology_discovery.cpp:96)
2026-06-03 00:01:20.378 | info     |             UMD | Harvesting masks for Chip 0: Tensix: 0xc0 DRAM: 0x8 ETH: 0x3fff PCIe: 0x2 L2CPU: 0x0 (cluster.cpp:270)
2026-06-03 00:01:20.378 | info     |             UMD | Initializing iommu for sysmem (size: 0x40000000). (silicon_sysmem_manager.cpp:334)
2026-06-03 00:01:20.378 | info     |             UMD | Allocating sysmem for IOMMU (size: 0x40000000). (silicon_sysmem_manager.cpp:340)
2026-06-03 00:01:20.420 | warning  |             UMD | KMD version 2.4.1 does not support power state management. (pci_device.cpp:1067)
2026-06-03 00:01:20.420 | info     |             UMD | Opening local chip ids/PCIe ids: {0}/[0] and remote chip ids {} (cluster.cpp:159)
2026-06-03 00:01:20.420 | info     |             UMD | IOMMU: enabled (cluster.cpp:133)
2026-06-03 00:01:20.420 | info     |             UMD | KMD version: 2.4.1 (cluster.cpp:136)
2026-06-03 00:01:20.420 | info     |             UMD | Cluster constructor completed. (cluster.cpp:409)
2026-06-03 00:01:20.422 | info     |             UMD | Starting devices in cluster (cluster.cpp:1044)
2026-06-03 00:01:20.422 | info     |             UMD | Mapped sysmem without hugepages to IOVA 0x80000000; NOC address 0x1000000000000000 (silicon_sysmem_manager.cpp:391)
2026-06-03 00:01:20.423 | info     |             UMD | Starting devices in cluster completed. (cluster.cpp:1052)
2026-06-03 00:01:20.942 | info     |     Distributed | Using auto discovery to generate mesh graph. (metal_env.cpp:332)
2026-06-03 00:01:20.942 | info     |     Distributed | Constructing control plane using auto-discovery (no mesh graph descriptor). (metal_env.cpp:394)
2026-06-03 00:01:20.942 | info     |             UMD | Creating TopologyDiscovery for architecture: blackhole (topology_discovery.cpp:75)
2026-06-03 00:01:20.942 | info     |             UMD | Starting topology discovery. (topology_discovery.cpp:92)
2026-06-03 00:01:20.943 | warning  |             UMD | Low power mode is disabled while UMD holds open file descriptors. The device will return to low power mode once all file descriptors are closed. (topology_discovery.cpp:143)
2026-06-03 00:01:20.943 | warning  |             UMD | KMD version 2.4.1 does not support power state management. (pci_device.cpp:1067)
2026-06-03 00:01:20.943 | info     |             UMD | Established firmware bundle version: 18.12.1 (topology_discovery.cpp:544)
2026-06-03 00:01:20.943 | info     |             UMD | Completed topology discovery. (topology_discovery.cpp:96)
2026-06-03 00:01:20.943 | warning  |          Always | Unknown motherboard 'X670E GAMING PLUS WIFI (MS-7E16)' for chip_id=0 (bus_id=0x1) — defaulting tray_id to 0. Add this motherboard and its bus IDs to mobo_to_bus_ids in physical_system_discovery.cpp. (physical_system_discovery.cpp:62)
2026-06-03 00:01:20.943 | info     |          Fabric | TopologyMapper: Logical Multi-Mesh Adjacency Map: (topology_mapper.cpp:1474)
2026-06-03 00:01:20.943 | info     |          Fabric | 
=== Logical Mesh-Level Graph Adjacency Map ===
Total nodes: 1
Degree histogram: {0:1}
 (topology_solver.tpp:94)
2026-06-03 00:01:20.943 | info     |          Fabric | 
=== Logical Mesh 0 Internal Graph Adjacency Map ===
Total nodes: 1
Degree histogram: {0:1}
 (topology_solver.tpp:94)
2026-06-03 00:01:20.943 | info     |          Fabric | TopologyMapper: Physical Multi-Mesh Adjacency Map: (topology_mapper.cpp:1485)
2026-06-03 00:01:20.943 | info     |          Fabric | 
=== Physical Mesh-Level Graph Adjacency Map ===
Total nodes: 1
Degree histogram: {0:1}
 (topology_solver.tpp:94)
2026-06-03 00:01:20.943 | info     |          Fabric | 
=== Physical Mesh 0 Internal Graph Adjacency Map ===
Total nodes: 1
Degree histogram: {0:1}
 (topology_solver.tpp:94)
2026-06-03 00:01:20.943 | info     |          Fabric | Starting multi-mesh mapping: 1 logical mesh(es) to 1 physical mesh(es) (topology_mapper_utils.cpp:1469)
2026-06-03 00:01:20.943 | info     |          Fabric | Multi-mesh mapping attempt 1/2: Trying inter-mesh mapping (topology_mapper_utils.cpp:1510)
2026-06-03 00:01:20.943 | info     |          Fabric | Attempt 1: Inter-mesh mapping succeeded, found 1 mesh pair(s) (topology_mapper_utils.cpp:1539)
2026-06-03 00:01:20.943 | info     |          Fabric | Attempt 1: Mapping 1 mesh pair(s) (topology_mapper_utils.cpp:1547)
2026-06-03 00:01:20.943 | info     |          Fabric | Attempt 1: Mapping mesh 0 -> 0 (topology_mapper_utils.cpp:1554)
2026-06-03 00:01:20.943 | info     |          Fabric | Multi-mesh mapping succeeded after 1 attempt(s): 1 mesh pair(s) mapped (topology_mapper_utils.cpp:1686)
2026-06-03 00:01:21.041 | info     |           Metal | Profiler started on device 0 (profiler_initializer.cpp:49)
2026-06-03 00:01:21.184 | info     |           Metal | ShmResourceTracker: removed stale shm '/tt_d2h_331729_3056194684_0' (shm_resource_tracker.cpp:265)
2026-06-03 00:01:21.184 | info     |           Metal | ShmResourceTracker: removed stale manifest '/dev/shm/tt_socket_manifest_331729' (shm_resource_tracker.cpp:275)
2026-06-03 00:01:21.184 | info     |           Metal | ShmResourceTracker: removed orphaned shm '/tt_device_7490744194894819707_memory' (shm_resource_tracker.cpp:282)
2026-06-03 00:01:21.770 | info     |           Metal | [Real-time profiler] Device 0 sync complete: 100 samples, frequency=1.349982 GHz, device_time_at_sync=123263917289067 cycles (realtime_profiler_manager.cpp:1082)
[JIT_WARMUP] ideal-path contexts compiled in 0.5 ms
[SORT] stage=RP P=3369033 P_kept=3369033 num_tiles=1024 max_tile_n=26496 bin=44.60 up=0.02 kernel=2.84 d2h=0.00 compact=0.00 publish=2.89 total=50.45ms
[CULL_SPLIT] pipelined (no separate Finish; cull device exec folded under the blend host-setup window; candidates=3369033)
[BLEND_SPLIT] upload+exec=0.0 readback=175.1 total=175.1 ms (resident, one Finish)
[BLEND_ADDR] cull_masks=0x12aa1280 out=0x12c7a340(sz=0x600000) tile_ids=0x54d3ec0 xramp=0x12c78340 yramp=0x12c79340 payload=0x0(sz=0x0)
2026-06-03 00:01:23.651 | info     |           Metal | Device kernel duration perf summary (device=0): count=1, min=498935578ns, avg=498935578.0ns, max=498935578ns (profiler_analysis.cpp:652)
2026-06-03 00:01:23.651 | info     |           Metal | Device kernel duration perf histogram (device=0): (buckets=10, bucket_size=100ns, range=[498935500..498936500), underflow(<498935500ns)=0, overflow(>=498936500ns)=0) (profiler_analysis.cpp:695)
2026-06-03 00:01:23.651 | info     |           Metal |   [   498935500 ..    498935600) |########################################|        1 (profiler_analysis.cpp:700)
2026-06-03 00:01:23.651 | info     |           Metal |   [   498935600 ..    498935700) |                                        |        0 (profiler_analysis.cpp:700)
2026-06-03 00:01:23.651 | info     |           Metal |   [   498935700 ..    498935800) |                                        |        0 (profiler_analysis.cpp:700)
2026-06-03 00:01:23.651 | info     |           Metal |   [   498935800 ..    498935900) |                                        |        0 (profiler_analysis.cpp:700)
2026-06-03 00:01:23.651 | info     |           Metal |   [   498935900 ..    498936000) |                                        |        0 (profiler_analysis.cpp:700)
2026-06-03 00:01:23.651 | info     |           Metal |   [   498936000 ..    498936100) |                                        |        0 (profiler_analysis.cpp:700)
2026-06-03 00:01:23.651 | info     |           Metal |   [   498936100 ..    498936200) |                                        |        0 (profiler_analysis.cpp:700)
2026-06-03 00:01:23.651 | info     |           Metal |   [   498936200 ..    498936300) |                                        |        0 (profiler_analysis.cpp:700)
2026-06-03 00:01:23.651 | info     |           Metal |   [   498936300 ..    498936400) |                                        |        0 (profiler_analysis.cpp:700)
2026-06-03 00:01:23.651 | info     |           Metal |   [   498936400 ..    498936500) |                                        |        0 (profiler_analysis.cpp:700)
[SORT] stage=RP P=3369033 P_kept=3369033 num_tiles=1024 max_tile_n=26496 bin=42.59 up=0.02 kernel=0.03 d2h=0.00 compact=0.00 publish=0.02 total=42.78ms
[CULL_SPLIT] pipelined (no separate Finish; cull device exec folded under the blend host-setup window; candidates=3369033)
[BLEND_SPLIT] upload+exec=0.0 readback=183.9 total=183.9 ms (resident, one Finish)
[BLEND_ADDR] cull_masks=0x12aa1280 out=0x12c7a340(sz=0x600000) tile_ids=0x54d3ec0 xramp=0x12c78340 yramp=0x12c79340 payload=0x0(sz=0x0)
2026-06-03 00:01:24.109 | info     |           Metal | Device kernel duration perf summary (device=0): count=1, min=404278247ns, avg=404278247.0ns, max=404278247ns (profiler_analysis.cpp:652)
2026-06-03 00:01:24.109 | info     |           Metal | Device kernel duration perf histogram (device=0): (buckets=10, bucket_size=100ns, range=[404278200..404279200), underflow(<404278200ns)=0, overflow(>=404279200ns)=0) (profiler_analysis.cpp:695)
2026-06-03 00:01:24.109 | info     |           Metal |   [   404278200 ..    404278300) |########################################|        1 (profiler_analysis.cpp:700)
2026-06-03 00:01:24.109 | info     |           Metal |   [   404278300 ..    404278400) |                                        |        0 (profiler_analysis.cpp:700)
2026-06-03 00:01:24.109 | info     |           Metal |   [   404278400 ..    404278500) |                                        |        0 (profiler_analysis.cpp:700)
2026-06-03 00:01:24.109 | info     |           Metal |   [   404278500 ..    404278600) |                                        |        0 (profiler_analysis.cpp:700)
2026-06-03 00:01:24.109 | info     |           Metal |   [   404278600 ..    404278700) |                                        |        0 (profiler_analysis.cpp:700)
2026-06-03 00:01:24.109 | info     |           Metal |   [   404278700 ..    404278800) |                                        |        0 (profiler_analysis.cpp:700)
2026-06-03 00:01:24.109 | info     |           Metal |   [   404278800 ..    404278900) |                                        |        0 (profiler_analysis.cpp:700)
2026-06-03 00:01:24.109 | info     |           Metal |   [   404278900 ..    404279000) |                                        |        0 (profiler_analysis.cpp:700)
2026-06-03 00:01:24.109 | info     |           Metal |   [   404279000 ..    404279100) |                                        |        0 (profiler_analysis.cpp:700)
2026-06-03 00:01:24.109 | info     |           Metal |   [   404279100 ..    404279200) |                                        |        0 (profiler_analysis.cpp:700)
[SORT] stage=RP P=2774729 P_kept=2774729 num_tiles=1024 max_tile_n=25136 bin=34.78 up=0.02 kernel=0.02 d2h=0.00 compact=0.00 publish=0.03 total=34.93ms
[CULL_SPLIT] pipelined (no separate Finish; cull device exec folded under the blend host-setup window; candidates=2774729)
[BLEND_SPLIT] upload+exec=0.0 readback=161.4 total=161.4 ms (resident, one Finish)
[BLEND_ADDR] cull_masks=0x12aa1280 out=0x12c7a340(sz=0x600000) tile_ids=0x54d3ec0 xramp=0x12c78340 yramp=0x12c79340 payload=0x0(sz=0x0)
2026-06-03 00:01:24.443 | info     |           Metal | Device kernel duration perf summary (device=0): count=1, min=265867583ns, avg=265867583.0ns, max=265867583ns (profiler_analysis.cpp:652)
2026-06-03 00:01:24.443 | info     |           Metal | Device kernel duration perf histogram (device=0): (buckets=10, bucket_size=100ns, range=[265867500..265868500), underflow(<265867500ns)=0, overflow(>=265868500ns)=0) (profiler_analysis.cpp:695)
2026-06-03 00:01:24.443 | info     |           Metal |   [   265867500 ..    265867600) |########################################|        1 (profiler_analysis.cpp:700)
2026-06-03 00:01:24.443 | info     |           Metal |   [   265867600 ..    265867700) |                                        |        0 (profiler_analysis.cpp:700)
2026-06-03 00:01:24.443 | info     |           Metal |   [   265867700 ..    265867800) |                                        |        0 (profiler_analysis.cpp:700)
2026-06-03 00:01:24.443 | info     |           Metal |   [   265867800 ..    265867900) |                                        |        0 (profiler_analysis.cpp:700)
2026-06-03 00:01:24.443 | info     |           Metal |   [   265867900 ..    265868000) |                                        |        0 (profiler_analysis.cpp:700)
2026-06-03 00:01:24.443 | info     |           Metal |   [   265868000 ..    265868100) |                                        |        0 (profiler_analysis.cpp:700)
2026-06-03 00:01:24.443 | info     |           Metal |   [   265868100 ..    265868200) |                                        |        0 (profiler_analysis.cpp:700)
2026-06-03 00:01:24.443 | info     |           Metal |   [   265868200 ..    265868300) |                                        |        0 (profiler_analysis.cpp:700)
2026-06-03 00:01:24.443 | info     |           Metal |   [   265868300 ..    265868400) |                                        |        0 (profiler_analysis.cpp:700)
2026-06-03 00:01:24.443 | info     |           Metal |   [   265868400 ..    265868500) |                                        |        0 (profiler_analysis.cpp:700)
[SORT] stage=RP P=3235251 P_kept=3235251 num_tiles=1024 max_tile_n=22592 bin=40.50 up=0.02 kernel=0.07 d2h=0.00 compact=0.00 publish=0.04 total=40.72ms
[CULL_SPLIT] pipelined (no separate Finish; cull device exec folded under the blend host-setup window; candidates=3235251)
2026-06-03 00:01:24.744 | info     |           Metal | Device kernel duration perf summary (device=0): count=1, min=276203755ns, avg=276203755.0ns, max=276203755ns (profiler_analysis.cpp:652)
2026-06-03 00:01:24.744 | info     |           Metal | Device kernel duration perf histogram (device=0): (buckets=10, bucket_size=100ns, range=[276203700..276204700), underflow(<276203700ns)=0, overflow(>=276204700ns)=0) (profiler_analysis.cpp:695)
2026-06-03 00:01:24.744 | info     |           Metal |   [   276203700 ..    276203800) |########################################|        1 (profiler_analysis.cpp:700)
2026-06-03 00:01:24.744 | info     |           Metal |   [   276203800 ..    276203900) |                                        |        0 (profiler_analysis.cpp:700)
2026-06-03 00:01:24.744 | info     |           Metal |   [   276203900 ..    276204000) |                                        |        0 (profiler_analysis.cpp:700)
2026-06-03 00:01:24.744 | info     |           Metal |   [   276204000 ..    276204100) |                                        |        0 (profiler_analysis.cpp:700)
2026-06-03 00:01:24.744 | info     |           Metal |   [   276204100 ..    276204200) |                                        |        0 (profiler_analysis.cpp:700)
2026-06-03 00:01:24.744 | info     |           Metal |   [   276204200 ..    276204300) |                                        |        0 (profiler_analysis.cpp:700)
2026-06-03 00:01:24.744 | info     |           Metal |   [   276204300 ..    276204400) |                                        |        0 (profiler_analysis.cpp:700)
2026-06-03 00:01:24.744 | info     |           Metal |   [   276204400 ..    276204500) |                                        |        0 (profiler_analysis.cpp:700)
2026-06-03 00:01:24.744 | info     |           Metal |   [   276204500 ..    276204600) |                                        |        0 (profiler_analysis.cpp:700)
2026-06-03 00:01:24.744 | info     |           Metal |   [   276204600 ..    276204700) |                                        |        0 (profiler_analysis.cpp:700)
[BLEND_SPLIT] upload+exec=0.0 readback=170.0 total=170.0 ms (resident, one Finish)
[BLEND_ADDR] cull_masks=0x12aa1280 out=0x12c7a340(sz=0x600000) tile_ids=0x54d3ec0 xramp=0x12c78340 yramp=0x12c79340 payload=0x0(sz=0x0)
[SORT] stage=RP P=1753355 P_kept=1753355 num_tiles=1024 max_tile_n=21360 bin=25.60 up=0.02 kernel=0.02 d2h=0.00 compact=0.00 publish=0.02 total=25.78ms
[CULL_SPLIT] pipelined (no separate Finish; cull device exec folded under the blend host-setup window; candidates=1753355)
2026-06-03 00:01:25.015 | info     |           Metal | Device kernel duration perf summary (device=0): count=1, min=248438419ns, avg=248438419.0ns, max=248438419ns (profiler_analysis.cpp:652)
2026-06-03 00:01:25.015 | info     |           Metal | Device kernel duration perf histogram (device=0): (buckets=10, bucket_size=100ns, range=[248438400..248439400), underflow(<248438400ns)=0, overflow(>=248439400ns)=0) (profiler_analysis.cpp:695)
2026-06-03 00:01:25.015 | info     |           Metal |   [   248438400 ..    248438500) |########################################|        1 (profiler_analysis.cpp:700)
2026-06-03 00:01:25.015 | info     |           Metal |   [   248438500 ..    248438600) |                                        |        0 (profiler_analysis.cpp:700)
2026-06-03 00:01:25.015 | info     |           Metal |   [   248438600 ..    248438700) |                                        |        0 (profiler_analysis.cpp:700)
2026-06-03 00:01:25.015 | info     |           Metal |   [   248438700 ..    248438800) |                                        |        0 (profiler_analysis.cpp:700)
2026-06-03 00:01:25.015 | info     |           Metal |   [   248438800 ..    248438900) |                                        |        0 (profiler_analysis.cpp:700)
2026-06-03 00:01:25.015 | info     |           Metal |   [   248438900 ..    248439000) |                                        |        0 (profiler_analysis.cpp:700)
2026-06-03 00:01:25.015 | info     |           Metal |   [   248439000 ..    248439100) |                                        |        0 (profiler_analysis.cpp:700)
2026-06-03 00:01:25.015 | info     |           Metal |   [   248439100 ..    248439200) |                                        |        0 (profiler_analysis.cpp:700)
2026-06-03 00:01:25.015 | info     |           Metal |   [   248439200 ..    248439300) |                                        |        0 (profiler_analysis.cpp:700)
2026-06-03 00:01:25.015 | info     |           Metal |   [   248439300 ..    248439400) |                                        |        0 (profiler_analysis.cpp:700)
[BLEND_SPLIT] upload+exec=0.0 readback=127.0 total=127.0 ms (resident, one Finish)
[BLEND_ADDR] cull_masks=0x12aa1280 out=0x12c7a340(sz=0x600000) tile_ids=0x54d3ec0 xramp=0x12c78340 yramp=0x12c79340 payload=0x0(sz=0x0)
[SORT] stage=RP P=934247 P_kept=934247 num_tiles=1024 max_tile_n=5248 bin=14.59 up=0.02 kernel=0.02 d2h=0.00 compact=0.00 publish=0.02 total=14.73ms
[CULL_SPLIT] pipelined (no separate Finish; cull device exec folded under the blend host-setup window; candidates=934247)
[BLEND_SPLIT] upload+exec=0.0 readback=41.6 total=41.6 ms (resident, one Finish)
[BLEND_ADDR] cull_masks=0x12aa1280 out=0x12c7a340(sz=0x600000) tile_ids=0x54d3ec0 xramp=0x12c78340 yramp=0x12c79340 payload=0x0(sz=0x0)
2026-06-03 00:01:25.135 | info     |           Metal | Device kernel duration perf summary (device=0): count=1, min=93561380ns, avg=93561380.0ns, max=93561380ns (profiler_analysis.cpp:652)
2026-06-03 00:01:25.135 | info     |           Metal | Device kernel duration perf histogram (device=0): (buckets=10, bucket_size=100ns, range=[93561300..93562300), underflow(<93561300ns)=0, overflow(>=93562300ns)=0) (profiler_analysis.cpp:695)
2026-06-03 00:01:25.135 | info     |           Metal |   [    93561300 ..     93561400) |########################################|        1 (profiler_analysis.cpp:700)
2026-06-03 00:01:25.135 | info     |           Metal |   [    93561400 ..     93561500) |                                        |        0 (profiler_analysis.cpp:700)
2026-06-03 00:01:25.135 | info     |           Metal |   [    93561500 ..     93561600) |                                        |        0 (profiler_analysis.cpp:700)
2026-06-03 00:01:25.135 | info     |           Metal |   [    93561600 ..     93561700) |                                        |        0 (profiler_analysis.cpp:700)
2026-06-03 00:01:25.135 | info     |           Metal |   [    93561700 ..     93561800) |                                        |        0 (profiler_analysis.cpp:700)
2026-06-03 00:01:25.135 | info     |           Metal |   [    93561800 ..     93561900) |                                        |        0 (profiler_analysis.cpp:700)
2026-06-03 00:01:25.135 | info     |           Metal |   [    93561900 ..     93562000) |                                        |        0 (profiler_analysis.cpp:700)
2026-06-03 00:01:25.135 | info     |           Metal |   [    93562000 ..     93562100) |                                        |        0 (profiler_analysis.cpp:700)
2026-06-03 00:01:25.135 | info     |           Metal |   [    93562100 ..     93562200) |                                        |        0 (profiler_analysis.cpp:700)
2026-06-03 00:01:25.135 | info     |           Metal |   [    93562200 ..     93562300) |                                        |        0 (profiler_analysis.cpp:700)
[SORT] stage=RP P=1124461 P_kept=1124461 num_tiles=1024 max_tile_n=6544 bin=16.58 up=0.02 kernel=0.03 d2h=0.00 compact=0.00 publish=0.02 total=16.72ms
[CULL_SPLIT] pipelined (no separate Finish; cull device exec folded under the blend host-setup window; candidates=1124461)
2026-06-03 00:01:25.262 | info     |           Metal | Device kernel duration perf summary (device=0): count=1, min=101635810ns, avg=101635810.0ns, max=101635810ns (profiler_analysis.cpp:652)
2026-06-03 00:01:25.262 | info     |           Metal | Device kernel duration perf histogram (device=0): (buckets=10, bucket_size=100ns, range=[101635800..101636800), underflow(<101635800ns)=0, overflow(>=101636800ns)=0) (profiler_analysis.cpp:695)
2026-06-03 00:01:25.262 | info     |           Metal |   [   101635800 ..    101635900) |########################################|        1 (profiler_analysis.cpp:700)
2026-06-03 00:01:25.262 | info     |           Metal |   [   101635900 ..    101636000) |                                        |        0 (profiler_analysis.cpp:700)
2026-06-03 00:01:25.262 | info     |           Metal |   [   101636000 ..    101636100) |                                        |        0 (profiler_analysis.cpp:700)
2026-06-03 00:01:25.262 | info     |           Metal |   [   101636100 ..    101636200) |                                        |        0 (profiler_analysis.cpp:700)
2026-06-03 00:01:25.262 | info     |           Metal |   [   101636200 ..    101636300) |                                        |        0 (profiler_analysis.cpp:700)
2026-06-03 00:01:25.262 | info     |           Metal |   [   101636300 ..    101636400) |                                        |        0 (profiler_analysis.cpp:700)
2026-06-03 00:01:25.262 | info     |           Metal |   [   101636400 ..    101636500) |                                        |        0 (profiler_analysis.cpp:700)
2026-06-03 00:01:25.262 | info     |           Metal |   [   101636500 ..    101636600) |                                        |        0 (profiler_analysis.cpp:700)
2026-06-03 00:01:25.262 | info     |           Metal |   [   101636600 ..    101636700) |                                        |        0 (profiler_analysis.cpp:700)
2026-06-03 00:01:25.262 | info     |           Metal |   [   101636700 ..    101636800) |                                        |        0 (profiler_analysis.cpp:700)
[BLEND_SPLIT] upload+exec=0.0 readback=47.5 total=47.5 ms (resident, one Finish)
[BLEND_ADDR] cull_masks=0x12aa1280 out=0x12c7a340(sz=0x600000) tile_ids=0x54d3ec0 xramp=0x12c78340 yramp=0x12c79340 payload=0x0(sz=0x0)
[SORT] stage=RP P=835298 P_kept=835298 num_tiles=1024 max_tile_n=5536 bin=12.84 up=0.02 kernel=0.03 d2h=0.00 compact=0.00 publish=0.03 total=13.01ms
[CULL_SPLIT] pipelined (no separate Finish; cull device exec folded under the blend host-setup window; candidates=835298)
[BLEND_SPLIT] upload+exec=0.0 readback=38.2 total=38.2 ms (resident, one Finish)
[BLEND_ADDR] cull_masks=0x12aa1280 out=0x12c7a340(sz=0x600000) tile_ids=0x54d3ec0 xramp=0x12c78340 yramp=0x12c79340 payload=0x0(sz=0x0)
2026-06-03 00:01:25.390 | info     |           Metal | Device kernel duration perf summary (device=0): count=1, min=88748686ns, avg=88748686.0ns, max=88748686ns (profiler_analysis.cpp:652)
2026-06-03 00:01:25.390 | info     |           Metal | Device kernel duration perf histogram (device=0): (buckets=10, bucket_size=100ns, range=[88748600..88749600), underflow(<88748600ns)=0, overflow(>=88749600ns)=0) (profiler_analysis.cpp:695)
2026-06-03 00:01:25.390 | info     |           Metal |   [    88748600 ..     88748700) |########################################|        1 (profiler_analysis.cpp:700)
2026-06-03 00:01:25.390 | info     |           Metal |   [    88748700 ..     88748800) |                                        |        0 (profiler_analysis.cpp:700)
2026-06-03 00:01:25.390 | info     |           Metal |   [    88748800 ..     88748900) |                                        |        0 (profiler_analysis.cpp:700)
2026-06-03 00:01:25.390 | info     |           Metal |   [    88748900 ..     88749000) |                                        |        0 (profiler_analysis.cpp:700)
2026-06-03 00:01:25.390 | info     |           Metal |   [    88749000 ..     88749100) |                                        |        0 (profiler_analysis.cpp:700)
2026-06-03 00:01:25.390 | info     |           Metal |   [    88749100 ..     88749200) |                                        |        0 (profiler_analysis.cpp:700)
2026-06-03 00:01:25.390 | info     |           Metal |   [    88749200 ..     88749300) |                                        |        0 (profiler_analysis.cpp:700)
2026-06-03 00:01:25.390 | info     |           Metal |   [    88749300 ..     88749400) |                                        |        0 (profiler_analysis.cpp:700)
2026-06-03 00:01:25.390 | info     |           Metal |   [    88749400 ..     88749500) |                                        |        0 (profiler_analysis.cpp:700)
2026-06-03 00:01:25.390 | info     |           Metal |   [    88749500 ..     88749600) |                                        |        0 (profiler_analysis.cpp:700)
[SORT] stage=RP P=1067596 P_kept=1067596 num_tiles=1024 max_tile_n=5104 bin=15.11 up=0.02 kernel=0.03 d2h=0.00 compact=0.00 publish=0.03 total=15.34ms
[CULL_SPLIT] pipelined (no separate Finish; cull device exec folded under the blend host-setup window; candidates=1067596)
[BLEND_SPLIT] upload+exec=0.0 readback=43.8 total=43.8 ms (resident, one Finish)
[BLEND_ADDR] cull_masks=0x12aa1280 out=0x12c7a340(sz=0x600000) tile_ids=0x54d3ec0 xramp=0x12c78340 yramp=0x12c79340 payload=0x0(sz=0x0)
2026-06-03 00:01:25.522 | info     |           Metal | Device kernel duration perf summary (device=0): count=1, min=105376483ns, avg=105376483.0ns, max=105376483ns (profiler_analysis.cpp:652)
2026-06-03 00:01:25.522 | info     |           Metal | Device kernel duration perf histogram (device=0): (buckets=10, bucket_size=100ns, range=[105376400..105377400), underflow(<105376400ns)=0, overflow(>=105377400ns)=0) (profiler_analysis.cpp:695)
2026-06-03 00:01:25.522 | info     |           Metal |   [   105376400 ..    105376500) |########################################|        1 (profiler_analysis.cpp:700)
2026-06-03 00:01:25.522 | info     |           Metal |   [   105376500 ..    105376600) |                                        |        0 (profiler_analysis.cpp:700)
2026-06-03 00:01:25.522 | info     |           Metal |   [   105376600 ..    105376700) |                                        |        0 (profiler_analysis.cpp:700)
2026-06-03 00:01:25.522 | info     |           Metal |   [   105376700 ..    105376800) |                                        |        0 (profiler_analysis.cpp:700)
2026-06-03 00:01:25.522 | info     |           Metal |   [   105376800 ..    105376900) |                                        |        0 (profiler_analysis.cpp:700)
2026-06-03 00:01:25.522 | info     |           Metal |   [   105376900 ..    105377000) |                                        |        0 (profiler_analysis.cpp:700)
2026-06-03 00:01:25.522 | info     |           Metal |   [   105377000 ..    105377100) |                                        |        0 (profiler_analysis.cpp:700)
2026-06-03 00:01:25.522 | info     |           Metal |   [   105377100 ..    105377200) |                                        |        0 (profiler_analysis.cpp:700)
2026-06-03 00:01:25.522 | info     |           Metal |   [   105377200 ..    105377300) |                                        |        0 (profiler_analysis.cpp:700)
2026-06-03 00:01:25.522 | info     |           Metal |   [   105377300 ..    105377400) |                                        |        0 (profiler_analysis.cpp:700)
[SORT] stage=RP P=1024763 P_kept=1024763 num_tiles=1024 max_tile_n=4672 bin=14.54 up=0.02 kernel=0.04 d2h=0.00 compact=0.00 publish=0.02 total=14.73ms
[CULL_SPLIT] pipelined (no separate Finish; cull device exec folded under the blend host-setup window; candidates=1024763)
[BLEND_SPLIT] upload+exec=0.0 readback=42.5 total=42.5 ms (resident, one Finish)
[BLEND_ADDR] cull_masks=0x12aa1280 out=0x12c7a340(sz=0x600000) tile_ids=0x54d3ec0 xramp=0x12c78340 yramp=0x12c79340 payload=0x0(sz=0x0)
2026-06-03 00:01:25.660 | info     |           Metal | Device kernel duration perf summary (device=0): count=1, min=112860278ns, avg=112860278.0ns, max=112860278ns (profiler_analysis.cpp:652)
2026-06-03 00:01:25.660 | info     |           Metal | Device kernel duration perf histogram (device=0): (buckets=10, bucket_size=100ns, range=[112860200..112861200), underflow(<112860200ns)=0, overflow(>=112861200ns)=0) (profiler_analysis.cpp:695)
2026-06-03 00:01:25.660 | info     |           Metal |   [   112860200 ..    112860300) |########################################|        1 (profiler_analysis.cpp:700)
2026-06-03 00:01:25.660 | info     |           Metal |   [   112860300 ..    112860400) |                                        |        0 (profiler_analysis.cpp:700)
2026-06-03 00:01:25.660 | info     |           Metal |   [   112860400 ..    112860500) |                                        |        0 (profiler_analysis.cpp:700)
2026-06-03 00:01:25.660 | info     |           Metal |   [   112860500 ..    112860600) |                                        |        0 (profiler_analysis.cpp:700)
2026-06-03 00:01:25.660 | info     |           Metal |   [   112860600 ..    112860700) |                                        |        0 (profiler_analysis.cpp:700)
2026-06-03 00:01:25.660 | info     |           Metal |   [   112860700 ..    112860800) |                                        |        0 (profiler_analysis.cpp:700)
2026-06-03 00:01:25.660 | info     |           Metal |   [   112860800 ..    112860900) |                                        |        0 (profiler_analysis.cpp:700)
2026-06-03 00:01:25.660 | info     |           Metal |   [   112860900 ..    112861000) |                                        |        0 (profiler_analysis.cpp:700)
2026-06-03 00:01:25.660 | info     |           Metal |   [   112861000 ..    112861100) |                                        |        0 (profiler_analysis.cpp:700)
2026-06-03 00:01:25.660 | info     |           Metal |   [   112861100 ..    112861200) |                                        |        0 (profiler_analysis.cpp:700)
[SORT] stage=RP P=779787 P_kept=779787 num_tiles=1024 max_tile_n=3616 bin=13.25 up=0.02 kernel=0.03 d2h=0.00 compact=0.00 publish=0.03 total=13.41ms
[CULL_SPLIT] pipelined (no separate Finish; cull device exec folded under the blend host-setup window; candidates=779787)
2026-06-03 00:01:25.775 | info     |           Metal | Device kernel duration perf summary (device=0): count=1, min=90780341ns, avg=90780341.0ns, max=90780341ns (profiler_analysis.cpp:652)
2026-06-03 00:01:25.775 | info     |           Metal | Device kernel duration perf histogram (device=0): (buckets=10, bucket_size=100ns, range=[90780300..90781300), underflow(<90780300ns)=0, overflow(>=90781300ns)=0) (profiler_analysis.cpp:695)
2026-06-03 00:01:25.775 | info     |           Metal |   [    90780300 ..     90780400) |########################################|        1 (profiler_analysis.cpp:700)
2026-06-03 00:01:25.775 | info     |           Metal |   [    90780400 ..     90780500) |                                        |        0 (profiler_analysis.cpp:700)
2026-06-03 00:01:25.775 | info     |           Metal |   [    90780500 ..     90780600) |                                        |        0 (profiler_analysis.cpp:700)
2026-06-03 00:01:25.775 | info     |           Metal |   [    90780600 ..     90780700) |                                        |        0 (profiler_analysis.cpp:700)
2026-06-03 00:01:25.775 | info     |           Metal |   [    90780700 ..     90780800) |                                        |        0 (profiler_analysis.cpp:700)
2026-06-03 00:01:25.775 | info     |           Metal |   [    90780800 ..     90780900) |                                        |        0 (profiler_analysis.cpp:700)
2026-06-03 00:01:25.775 | info     |           Metal |   [    90780900 ..     90781000) |                                        |        0 (profiler_analysis.cpp:700)
2026-06-03 00:01:25.775 | info     |           Metal |   [    90781000 ..     90781100) |                                        |        0 (profiler_analysis.cpp:700)
2026-06-03 00:01:25.775 | info     |           Metal |   [    90781100 ..     90781200) |                                        |        0 (profiler_analysis.cpp:700)
2026-06-03 00:01:25.775 | info     |           Metal |   [    90781200 ..     90781300) |                                        |        0 (profiler_analysis.cpp:700)
[BLEND_SPLIT] upload+exec=0.0 readback=34.2 total=34.2 ms (resident, one Finish)
[BLEND_ADDR] cull_masks=0x12aa1280 out=0x12c7a340(sz=0x600000) tile_ids=0x54d3ec0 xramp=0x12c78340 yramp=0x12c79340 payload=0x0(sz=0x0)
[SORT] stage=RP P=402318 P_kept=402318 num_tiles=1024 max_tile_n=2704 bin=7.79 up=0.02 kernel=0.02 d2h=0.00 compact=0.00 publish=0.02 total=7.92ms
[CULL_SPLIT] pipelined (no separate Finish; cull device exec folded under the blend host-setup window; candidates=402318)
2026-06-03 00:01:25.857 | info     |           Metal | Device kernel duration perf summary (device=0): count=1, min=57922498ns, avg=57922498.0ns, max=57922498ns (profiler_analysis.cpp:652)
2026-06-03 00:01:25.857 | info     |           Metal | Device kernel duration perf histogram (device=0): (buckets=10, bucket_size=100ns, range=[57922400..57923400), underflow(<57922400ns)=0, overflow(>=57923400ns)=0) (profiler_analysis.cpp:695)
2026-06-03 00:01:25.857 | info     |           Metal |   [    57922400 ..     57922500) |########################################|        1 (profiler_analysis.cpp:700)
2026-06-03 00:01:25.857 | info     |           Metal |   [    57922500 ..     57922600) |                                        |        0 (profiler_analysis.cpp:700)
2026-06-03 00:01:25.857 | info     |           Metal |   [    57922600 ..     57922700) |                                        |        0 (profiler_analysis.cpp:700)
2026-06-03 00:01:25.857 | info     |           Metal |   [    57922700 ..     57922800) |                                        |        0 (profiler_analysis.cpp:700)
2026-06-03 00:01:25.857 | info     |           Metal |   [    57922800 ..     57922900) |                                        |        0 (profiler_analysis.cpp:700)
2026-06-03 00:01:25.857 | info     |           Metal |   [    57922900 ..     57923000) |                                        |        0 (profiler_analysis.cpp:700)
2026-06-03 00:01:25.857 | info     |           Metal |   [    57923000 ..     57923100) |                                        |        0 (profiler_analysis.cpp:700)
2026-06-03 00:01:25.857 | info     |           Metal |   [    57923100 ..     57923200) |                                        |        0 (profiler_analysis.cpp:700)
2026-06-03 00:01:25.857 | info     |           Metal |   [    57923200 ..     57923300) |                                        |        0 (profiler_analysis.cpp:700)
2026-06-03 00:01:25.857 | info     |           Metal |   [    57923300 ..     57923400) |                                        |        0 (profiler_analysis.cpp:700)
[BLEND_SPLIT] upload+exec=0.0 readback=21.3 total=21.3 ms (resident, one Finish)
[BLEND_ADDR] cull_masks=0x12aa1280 out=0x12c7a340(sz=0x600000) tile_ids=0x54d3ec0 xramp=0x12c78340 yramp=0x12c79340 payload=0x0(sz=0x0)
[SORT] stage=RP P=638458 P_kept=638458 num_tiles=1024 max_tile_n=3360 bin=11.23 up=0.02 kernel=0.03 d2h=0.00 compact=0.00 publish=0.03 total=11.41ms
[CULL_SPLIT] pipelined (no separate Finish; cull device exec folded under the blend host-setup window; candidates=638458)
[BLEND_SPLIT] upload+exec=0.0 readback=34.9 total=34.9 ms (resident, one Finish)
[BLEND_ADDR] cull_masks=0x12aa1280 out=0x12c7a340(sz=0x600000) tile_ids=0x54d3ec0 xramp=0x12c78340 yramp=0x12c79340 payload=0x0(sz=0x0)
2026-06-03 00:01:25.967 | info     |           Metal | Device kernel duration perf summary (device=0): count=1, min=81140673ns, avg=81140673.0ns, max=81140673ns (profiler_analysis.cpp:652)
2026-06-03 00:01:25.967 | info     |           Metal | Device kernel duration perf histogram (device=0): (buckets=10, bucket_size=100ns, range=[81140600..81141600), underflow(<81140600ns)=0, overflow(>=81141600ns)=0) (profiler_analysis.cpp:695)
2026-06-03 00:01:25.967 | info     |           Metal |   [    81140600 ..     81140700) |########################################|        1 (profiler_analysis.cpp:700)
2026-06-03 00:01:25.967 | info     |           Metal |   [    81140700 ..     81140800) |                                        |        0 (profiler_analysis.cpp:700)
2026-06-03 00:01:25.967 | info     |           Metal |   [    81140800 ..     81140900) |                                        |        0 (profiler_analysis.cpp:700)
2026-06-03 00:01:25.967 | info     |           Metal |   [    81140900 ..     81141000) |                                        |        0 (profiler_analysis.cpp:700)
2026-06-03 00:01:25.967 | info     |           Metal |   [    81141000 ..     81141100) |                                        |        0 (profiler_analysis.cpp:700)
2026-06-03 00:01:25.967 | info     |           Metal |   [    81141100 ..     81141200) |                                        |        0 (profiler_analysis.cpp:700)
2026-06-03 00:01:25.967 | info     |           Metal |   [    81141200 ..     81141300) |                                        |        0 (profiler_analysis.cpp:700)
2026-06-03 00:01:25.967 | info     |           Metal |   [    81141300 ..     81141400) |                                        |        0 (profiler_analysis.cpp:700)
2026-06-03 00:01:25.967 | info     |           Metal |   [    81141400 ..     81141500) |                                        |        0 (profiler_analysis.cpp:700)
2026-06-03 00:01:25.967 | info     |           Metal |   [    81141500 ..     81141600) |                                        |        0 (profiler_analysis.cpp:700)
[SORT] stage=RP P=486800 P_kept=486800 num_tiles=1024 max_tile_n=3952 bin=10.45 up=0.02 kernel=0.03 d2h=0.00 compact=0.00 publish=0.02 total=10.63ms
[CULL_SPLIT] pipelined (no separate Finish; cull device exec folded under the blend host-setup window; candidates=486800)
[BLEND_SPLIT] upload+exec=0.0 readback=25.7 total=25.7 ms (resident, one Finish)
[BLEND_ADDR] cull_masks=0x12aa1280 out=0x12c7a340(sz=0x600000) tile_ids=0x54d3ec0 xramp=0x12c78340 yramp=0x12c79340 payload=0x0(sz=0x0)
2026-06-03 00:01:26.089 | info     |           Metal | Device kernel duration perf summary (device=0): count=1, min=80531336ns, avg=80531336.0ns, max=80531336ns (profiler_analysis.cpp:652)
2026-06-03 00:01:26.089 | info     |           Metal | Device kernel duration perf histogram (device=0): (buckets=10, bucket_size=100ns, range=[80531300..80532300), underflow(<80531300ns)=0, overflow(>=80532300ns)=0) (profiler_analysis.cpp:695)
2026-06-03 00:01:26.089 | info     |           Metal |   [    80531300 ..     80531400) |########################################|        1 (profiler_analysis.cpp:700)
2026-06-03 00:01:26.089 | info     |           Metal |   [    80531400 ..     80531500) |                                        |        0 (profiler_analysis.cpp:700)
2026-06-03 00:01:26.089 | info     |           Metal |   [    80531500 ..     80531600) |                                        |        0 (profiler_analysis.cpp:700)
2026-06-03 00:01:26.089 | info     |           Metal |   [    80531600 ..     80531700) |                                        |        0 (profiler_analysis.cpp:700)
2026-06-03 00:01:26.089 | info     |           Metal |   [    80531700 ..     80531800) |                                        |        0 (profiler_analysis.cpp:700)
2026-06-03 00:01:26.089 | info     |           Metal |   [    80531800 ..     80531900) |                                        |        0 (profiler_analysis.cpp:700)
2026-06-03 00:01:26.089 | info     |           Metal |   [    80531900 ..     80532000) |                                        |        0 (profiler_analysis.cpp:700)
2026-06-03 00:01:26.089 | info     |           Metal |   [    80532000 ..     80532100) |                                        |        0 (profiler_analysis.cpp:700)
2026-06-03 00:01:26.089 | info     |           Metal |   [    80532100 ..     80532200) |                                        |        0 (profiler_analysis.cpp:700)
2026-06-03 00:01:26.089 | info     |           Metal |   [    80532200 ..     80532300) |                                        |        0 (profiler_analysis.cpp:700)
[SORT] stage=RP P=602411 P_kept=602411 num_tiles=1024 max_tile_n=4432 bin=10.13 up=0.02 kernel=0.02 d2h=0.00 compact=0.00 publish=0.02 total=10.31ms
[CULL_SPLIT] pipelined (no separate Finish; cull device exec folded under the blend host-setup window; candidates=602411)
[BLEND_SPLIT] upload+exec=0.0 readback=29.6 total=29.6 ms (resident, one Finish)
[BLEND_ADDR] cull_masks=0x12aa1280 out=0x12c7a340(sz=0x600000) tile_ids=0x54d3ec0 xramp=0x12c78340 yramp=0x12c79340 payload=0x0(sz=0x0)
2026-06-03 00:01:26.205 | info     |           Metal | Device kernel duration perf summary (device=0): count=1, min=79610280ns, avg=79610280.0ns, max=79610280ns (profiler_analysis.cpp:652)
2026-06-03 00:01:26.205 | info     |           Metal | Device kernel duration perf histogram (device=0): (buckets=10, bucket_size=100ns, range=[79610200..79611200), underflow(<79610200ns)=0, overflow(>=79611200ns)=0) (profiler_analysis.cpp:695)
2026-06-03 00:01:26.205 | info     |           Metal |   [    79610200 ..     79610300) |########################################|        1 (profiler_analysis.cpp:700)
2026-06-03 00:01:26.205 | info     |           Metal |   [    79610300 ..     79610400) |                                        |        0 (profiler_analysis.cpp:700)
2026-06-03 00:01:26.205 | info     |           Metal |   [    79610400 ..     79610500) |                                        |        0 (profiler_analysis.cpp:700)
2026-06-03 00:01:26.205 | info     |           Metal |   [    79610500 ..     79610600) |                                        |        0 (profiler_analysis.cpp:700)
2026-06-03 00:01:26.205 | info     |           Metal |   [    79610600 ..     79610700) |                                        |        0 (profiler_analysis.cpp:700)
2026-06-03 00:01:26.205 | info     |           Metal |   [    79610700 ..     79610800) |                                        |        0 (profiler_analysis.cpp:700)
2026-06-03 00:01:26.205 | info     |           Metal |   [    79610800 ..     79610900) |                                        |        0 (profiler_analysis.cpp:700)
2026-06-03 00:01:26.205 | info     |           Metal |   [    79610900 ..     79611000) |                                        |        0 (profiler_analysis.cpp:700)
2026-06-03 00:01:26.205 | info     |           Metal |   [    79611000 ..     79611100) |                                        |        0 (profiler_analysis.cpp:700)
2026-06-03 00:01:26.205 | info     |           Metal |   [    79611100 ..     79611200) |                                        |        0 (profiler_analysis.cpp:700)
[SORT] stage=RP P=629297 P_kept=629297 num_tiles=1024 max_tile_n=4928 bin=10.50 up=0.02 kernel=0.02 d2h=0.00 compact=0.00 publish=0.02 total=10.69ms
[CULL_SPLIT] pipelined (no separate Finish; cull device exec folded under the blend host-setup window; candidates=629297)
[BLEND_SPLIT] upload+exec=0.0 readback=30.0 total=30.0 ms (resident, one Finish)
[BLEND_ADDR] cull_masks=0x12aa1280 out=0x12c7a340(sz=0x600000) tile_ids=0x54d3ec0 xramp=0x12c78340 yramp=0x12c79340 payload=0x0(sz=0x0)
2026-06-03 00:01:26.311 | info     |           Metal | Device kernel duration perf summary (device=0): count=1, min=79814006ns, avg=79814006.0ns, max=79814006ns (profiler_analysis.cpp:652)
2026-06-03 00:01:26.311 | info     |           Metal | Device kernel duration perf histogram (device=0): (buckets=10, bucket_size=100ns, range=[79814000..79815000), underflow(<79814000ns)=0, overflow(>=79815000ns)=0) (profiler_analysis.cpp:695)
2026-06-03 00:01:26.311 | info     |           Metal |   [    79814000 ..     79814100) |########################################|        1 (profiler_analysis.cpp:700)
2026-06-03 00:01:26.311 | info     |           Metal |   [    79814100 ..     79814200) |                                        |        0 (profiler_analysis.cpp:700)
2026-06-03 00:01:26.311 | info     |           Metal |   [    79814200 ..     79814300) |                                        |        0 (profiler_analysis.cpp:700)
2026-06-03 00:01:26.311 | info     |           Metal |   [    79814300 ..     79814400) |                                        |        0 (profiler_analysis.cpp:700)
2026-06-03 00:01:26.311 | info     |           Metal |   [    79814400 ..     79814500) |                                        |        0 (profiler_analysis.cpp:700)
2026-06-03 00:01:26.311 | info     |           Metal |   [    79814500 ..     79814600) |                                        |        0 (profiler_analysis.cpp:700)
2026-06-03 00:01:26.311 | info     |           Metal |   [    79814600 ..     79814700) |                                        |        0 (profiler_analysis.cpp:700)
2026-06-03 00:01:26.311 | info     |           Metal |   [    79814700 ..     79814800) |                                        |        0 (profiler_analysis.cpp:700)
2026-06-03 00:01:26.311 | info     |           Metal |   [    79814800 ..     79814900) |                                        |        0 (profiler_analysis.cpp:700)
2026-06-03 00:01:26.311 | info     |           Metal |   [    79814900 ..     79815000) |                                        |        0 (profiler_analysis.cpp:700)
2026-06-03 00:01:26.410 | info     |           Metal | Device kernel duration perf summary (device=0): count=1, min=73583783ns, avg=73583783.0ns, max=73583783ns (profiler_analysis.cpp:652)
2026-06-03 00:01:26.410 | info     |           Metal | Device kernel duration perf histogram (device=0): (buckets=10, bucket_size=100ns, range=[73583700..73584700), underflow(<73583700ns)=0, overflow(>=73584700ns)=0) (profiler_analysis.cpp:695)
2026-06-03 00:01:26.410 | info     |           Metal |   [    73583700 ..     73583800) |########################################|        1 (profiler_analysis.cpp:700)
2026-06-03 00:01:26.410 | info     |           Metal |   [    73583800 ..     73583900) |                                        |        0 (profiler_analysis.cpp:700)
2026-06-03 00:01:26.410 | info     |           Metal |   [    73583900 ..     73584000) |                                        |        0 (profiler_analysis.cpp:700)
2026-06-03 00:01:26.410 | info     |           Metal |   [    73584000 ..     73584100) |                                        |        0 (profiler_analysis.cpp:700)
2026-06-03 00:01:26.410 | info     |           Metal |   [    73584100 ..     73584200) |                                        |        0 (profiler_analysis.cpp:700)
2026-06-03 00:01:26.410 | info     |           Metal |   [    73584200 ..     73584300) |                                        |        0 (profiler_analysis.cpp:700)
2026-06-03 00:01:26.410 | info     |           Metal |   [    73584300 ..     73584400) |                                        |        0 (profiler_analysis.cpp:700)
2026-06-03 00:01:26.410 | info     |           Metal |   [    73584400 ..     73584500) |                                        |        0 (profiler_analysis.cpp:700)
2026-06-03 00:01:26.410 | info     |           Metal |   [    73584500 ..     73584600) |                                        |        0 (profiler_analysis.cpp:700)
2026-06-03 00:01:26.410 | info     |           Metal |   [    73584600 ..     73584700) |                                        |        0 (profiler_analysis.cpp:700)
[SORT] stage=RP P=574474 P_kept=574474 num_tiles=1024 max_tile_n=4784 bin=11.23 up=0.02 kernel=0.03 d2h=0.00 compact=0.00 publish=0.02 total=11.40ms
[CULL_SPLIT] pipelined (no separate Finish; cull device exec folded under the blend host-setup window; candidates=574474)
[BLEND_SPLIT] upload+exec=0.0 readback=28.4 total=28.4 ms (resident, one Finish)
[BLEND_ADDR] cull_masks=0x12aa1280 out=0x12c7a340(sz=0x600000) tile_ids=0x54d3ec0 xramp=0x12c78340 yramp=0x12c79340 payload=0x0(sz=0x0)
2026-06-03 00:01:26.511 | info     |           Metal | Device kernel duration perf summary (device=0): count=1, min=76000583ns, avg=76000583.0ns, max=76000583ns (profiler_analysis.cpp:652)
2026-06-03 00:01:26.511 | info     |           Metal | Device kernel duration perf histogram (device=0): (buckets=10, bucket_size=100ns, range=[76000500..76001500), underflow(<76000500ns)=0, overflow(>=76001500ns)=0) (profiler_analysis.cpp:695)
2026-06-03 00:01:26.511 | info     |           Metal |   [    76000500 ..     76000600) |########################################|        1 (profiler_analysis.cpp:700)
2026-06-03 00:01:26.511 | info     |           Metal |   [    76000600 ..     76000700) |                                        |        0 (profiler_analysis.cpp:700)
2026-06-03 00:01:26.511 | info     |           Metal |   [    76000700 ..     76000800) |                                        |        0 (profiler_analysis.cpp:700)
2026-06-03 00:01:26.511 | info     |           Metal |   [    76000800 ..     76000900) |                                        |        0 (profiler_analysis.cpp:700)
2026-06-03 00:01:26.511 | info     |           Metal |   [    76000900 ..     76001000) |                                        |        0 (profiler_analysis.cpp:700)
2026-06-03 00:01:26.511 | info     |           Metal |   [    76001000 ..     76001100) |                                        |        0 (profiler_analysis.cpp:700)
2026-06-03 00:01:26.511 | info     |           Metal |   [    76001100 ..     76001200) |                                        |        0 (profiler_analysis.cpp:700)
2026-06-03 00:01:26.511 | info     |           Metal |   [    76001200 ..     76001300) |                                        |        0 (profiler_analysis.cpp:700)
2026-06-03 00:01:26.511 | info     |           Metal |   [    76001300 ..     76001400) |                                        |        0 (profiler_analysis.cpp:700)
2026-06-03 00:01:26.511 | info     |           Metal |   [    76001400 ..     76001500) |                                        |        0 (profiler_analysis.cpp:700)
[SORT] stage=RP P=508814 P_kept=508814 num_tiles=1024 max_tile_n=4560 bin=10.55 up=0.02 kernel=0.02 d2h=0.00 compact=0.00 publish=0.02 total=10.71ms
[CULL_SPLIT] pipelined (no separate Finish; cull device exec folded under the blend host-setup window; candidates=508814)
[BLEND_SPLIT] upload+exec=0.0 readback=26.4 total=26.4 ms (resident, one Finish)
[BLEND_ADDR] cull_masks=0x12aa1280 out=0x12c7a340(sz=0x600000) tile_ids=0x54d3ec0 xramp=0x12c78340 yramp=0x12c79340 payload=0x0(sz=0x0)
2026-06-03 00:01:26.604 | info     |           Metal | Device kernel duration perf summary (device=0): count=1, min=68281786ns, avg=68281786.0ns, max=68281786ns (profiler_analysis.cpp:652)
2026-06-03 00:01:26.604 | info     |           Metal | Device kernel duration perf histogram (device=0): (buckets=10, bucket_size=100ns, range=[68281700..68282700), underflow(<68281700ns)=0, overflow(>=68282700ns)=0) (profiler_analysis.cpp:695)
2026-06-03 00:01:26.604 | info     |           Metal |   [    68281700 ..     68281800) |########################################|        1 (profiler_analysis.cpp:700)
2026-06-03 00:01:26.604 | info     |           Metal |   [    68281800 ..     68281900) |                                        |        0 (profiler_analysis.cpp:700)
2026-06-03 00:01:26.604 | info     |           Metal |   [    68281900 ..     68282000) |                                        |        0 (profiler_analysis.cpp:700)
2026-06-03 00:01:26.604 | info     |           Metal |   [    68282000 ..     68282100) |                                        |        0 (profiler_analysis.cpp:700)
2026-06-03 00:01:26.604 | info     |           Metal |   [    68282100 ..     68282200) |                                        |        0 (profiler_analysis.cpp:700)
2026-06-03 00:01:26.604 | info     |           Metal |   [    68282200 ..     68282300) |                                        |        0 (profiler_analysis.cpp:700)
2026-06-03 00:01:26.604 | info     |           Metal |   [    68282300 ..     68282400) |                                        |        0 (profiler_analysis.cpp:700)
2026-06-03 00:01:26.604 | info     |           Metal |   [    68282400 ..     68282500) |                                        |        0 (profiler_analysis.cpp:700)
2026-06-03 00:01:26.604 | info     |           Metal |   [    68282500 ..     68282600) |                                        |        0 (profiler_analysis.cpp:700)
2026-06-03 00:01:26.604 | info     |           Metal |   [    68282600 ..     68282700) |                                        |        0 (profiler_analysis.cpp:700)
[SORT] stage=RP P=414994 P_kept=414994 num_tiles=1024 max_tile_n=3520 bin=9.46 up=0.02 kernel=0.02 d2h=0.00 compact=0.00 publish=0.02 total=9.61ms
[CULL_SPLIT] pipelined (no separate Finish; cull device exec folded under the blend host-setup window; candidates=414994)
[BLEND_SPLIT] upload+exec=0.0 readback=23.2 total=23.2 ms (resident, one Finish)
[BLEND_ADDR] cull_masks=0x12aa1280 out=0x12c7a340(sz=0x600000) tile_ids=0x54d3ec0 xramp=0x12c78340 yramp=0x12c79340 payload=0x0(sz=0x0)
[SORT] stage=RP P=245802 P_kept=245802 num_tiles=1024 max_tile_n=2704 bin=7.56 up=0.02 kernel=0.02 d2h=0.00 compact=0.00 publish=0.02 total=7.71ms
[CULL_SPLIT] pipelined (no separate Finish; cull device exec folded under the blend host-setup window; candidates=245802)
[BLEND_SPLIT] upload+exec=0.0 readback=17.9 total=17.9 ms (resident, one Finish)
[BLEND_ADDR] cull_masks=0x12aa1280 out=0x12c7a340(sz=0x600000) tile_ids=0x54d3ec0 xramp=0x12c78340 yramp=0x12c79340 payload=0x0(sz=0x0)
2026-06-03 00:01:26.685 | info     |           Metal | Device kernel duration perf summary (device=0): count=1, min=54688253ns, avg=54688253.0ns, max=54688253ns (profiler_analysis.cpp:652)
2026-06-03 00:01:26.685 | info     |           Metal | Device kernel duration perf histogram (device=0): (buckets=10, bucket_size=100ns, range=[54688200..54689200), underflow(<54688200ns)=0, overflow(>=54689200ns)=0) (profiler_analysis.cpp:695)
2026-06-03 00:01:26.685 | info     |           Metal |   [    54688200 ..     54688300) |########################################|        1 (profiler_analysis.cpp:700)
2026-06-03 00:01:26.685 | info     |           Metal |   [    54688300 ..     54688400) |                                        |        0 (profiler_analysis.cpp:700)
2026-06-03 00:01:26.685 | info     |           Metal |   [    54688400 ..     54688500) |                                        |        0 (profiler_analysis.cpp:700)
2026-06-03 00:01:26.685 | info     |           Metal |   [    54688500 ..     54688600) |                                        |        0 (profiler_analysis.cpp:700)
2026-06-03 00:01:26.685 | info     |           Metal |   [    54688600 ..     54688700) |                                        |        0 (profiler_analysis.cpp:700)
2026-06-03 00:01:26.685 | info     |           Metal |   [    54688700 ..     54688800) |                                        |        0 (profiler_analysis.cpp:700)
2026-06-03 00:01:26.685 | info     |           Metal |   [    54688800 ..     54688900) |                                        |        0 (profiler_analysis.cpp:700)
2026-06-03 00:01:26.685 | info     |           Metal |   [    54688900 ..     54689000) |                                        |        0 (profiler_analysis.cpp:700)
2026-06-03 00:01:26.685 | info     |           Metal |   [    54689000 ..     54689100) |                                        |        0 (profiler_analysis.cpp:700)
2026-06-03 00:01:26.685 | info     |           Metal |   [    54689100 ..     54689200) |                                        |        0 (profiler_analysis.cpp:700)
[SORT] stage=RP P=162380 P_kept=162380 num_tiles=1024 max_tile_n=1744 bin=6.88 up=0.02 kernel=0.03 d2h=0.00 compact=0.00 publish=0.02 total=7.05ms
[CULL_SPLIT] pipelined (no separate Finish; cull device exec folded under the blend host-setup window; candidates=162380)
[BLEND_SPLIT] upload+exec=0.0 readback=14.5 total=14.5 ms (resident, one Finish)
[BLEND_ADDR] cull_masks=0x12aa1280 out=0x12c7a340(sz=0x600000) tile_ids=0x54d3ec0 xramp=0x12c78340 yramp=0x12c79340 payload=0x0(sz=0x0)
2026-06-03 00:01:26.768 | info     |           Metal | Device kernel duration perf summary (device=0): count=1, min=51216158ns, avg=51216158.0ns, max=51216158ns (profiler_analysis.cpp:652)
2026-06-03 00:01:26.768 | info     |           Metal | Device kernel duration perf histogram (device=0): (buckets=10, bucket_size=100ns, range=[51216100..51217100), underflow(<51216100ns)=0, overflow(>=51217100ns)=0) (profiler_analysis.cpp:695)
2026-06-03 00:01:26.768 | info     |           Metal |   [    51216100 ..     51216200) |########################################|        1 (profiler_analysis.cpp:700)
2026-06-03 00:01:26.768 | info     |           Metal |   [    51216200 ..     51216300) |                                        |        0 (profiler_analysis.cpp:700)
2026-06-03 00:01:26.768 | info     |           Metal |   [    51216300 ..     51216400) |                                        |        0 (profiler_analysis.cpp:700)
2026-06-03 00:01:26.768 | info     |           Metal |   [    51216400 ..     51216500) |                                        |        0 (profiler_analysis.cpp:700)
2026-06-03 00:01:26.768 | info     |           Metal |   [    51216500 ..     51216600) |                                        |        0 (profiler_analysis.cpp:700)
2026-06-03 00:01:26.768 | info     |           Metal |   [    51216600 ..     51216700) |                                        |        0 (profiler_analysis.cpp:700)
2026-06-03 00:01:26.768 | info     |           Metal |   [    51216700 ..     51216800) |                                        |        0 (profiler_analysis.cpp:700)
2026-06-03 00:01:26.768 | info     |           Metal |   [    51216800 ..     51216900) |                                        |        0 (profiler_analysis.cpp:700)
2026-06-03 00:01:26.768 | info     |           Metal |   [    51216900 ..     51217000) |                                        |        0 (profiler_analysis.cpp:700)
2026-06-03 00:01:26.768 | info     |           Metal |   [    51217000 ..     51217100) |                                        |        0 (profiler_analysis.cpp:700)
[SORT] stage=RP P=588050 P_kept=588050 num_tiles=1024 max_tile_n=4864 bin=11.27 up=0.02 kernel=0.02 d2h=0.00 compact=0.00 publish=0.02 total=11.45ms
[CULL_SPLIT] pipelined (no separate Finish; cull device exec folded under the blend host-setup window; candidates=588050)
[BLEND_SPLIT] upload+exec=0.0 readback=28.7 total=28.7 ms (resident, one Finish)
[BLEND_ADDR] cull_masks=0x12aa1280 out=0x12c7a340(sz=0x600000) tile_ids=0x54d3ec0 xramp=0x12c78340 yramp=0x12c79340 payload=0x0(sz=0x0)
2026-06-03 00:01:26.877 | info     |           Metal | Device kernel duration perf summary (device=0): count=1, min=78394459ns, avg=78394459.0ns, max=78394459ns (profiler_analysis.cpp:652)
2026-06-03 00:01:26.877 | info     |           Metal | Device kernel duration perf histogram (device=0): (buckets=10, bucket_size=100ns, range=[78394400..78395400), underflow(<78394400ns)=0, overflow(>=78395400ns)=0) (profiler_analysis.cpp:695)
2026-06-03 00:01:26.877 | info     |           Metal |   [    78394400 ..     78394500) |########################################|        1 (profiler_analysis.cpp:700)
2026-06-03 00:01:26.877 | info     |           Metal |   [    78394500 ..     78394600) |                                        |        0 (profiler_analysis.cpp:700)
2026-06-03 00:01:26.877 | info     |           Metal |   [    78394600 ..     78394700) |                                        |        0 (profiler_analysis.cpp:700)
2026-06-03 00:01:26.877 | info     |           Metal |   [    78394700 ..     78394800) |                                        |        0 (profiler_analysis.cpp:700)
2026-06-03 00:01:26.877 | info     |           Metal |   [    78394800 ..     78394900) |                                        |        0 (profiler_analysis.cpp:700)
2026-06-03 00:01:26.877 | info     |           Metal |   [    78394900 ..     78395000) |                                        |        0 (profiler_analysis.cpp:700)
2026-06-03 00:01:26.877 | info     |           Metal |   [    78395000 ..     78395100) |                                        |        0 (profiler_analysis.cpp:700)
2026-06-03 00:01:26.877 | info     |           Metal |   [    78395100 ..     78395200) |                                        |        0 (profiler_analysis.cpp:700)
2026-06-03 00:01:26.877 | info     |           Metal |   [    78395200 ..     78395300) |                                        |        0 (profiler_analysis.cpp:700)
2026-06-03 00:01:26.877 | info     |           Metal |   [    78395300 ..     78395400) |                                        |        0 (profiler_analysis.cpp:700)
[SORT] stage=RP P=854460 P_kept=854460 num_tiles=1024 max_tile_n=5152 bin=12.91 up=0.02 kernel=0.02 d2h=0.00 compact=0.00 publish=0.02 total=13.06ms
[CULL_SPLIT] pipelined (no separate Finish; cull device exec folded under the blend host-setup window; candidates=854460)
2026-06-03 00:01:26.994 | info     |           Metal | Device kernel duration perf summary (device=0): count=1, min=90710784ns, avg=90710784.0ns, max=90710784ns (profiler_analysis.cpp:652)
2026-06-03 00:01:26.994 | info     |           Metal | Device kernel duration perf histogram (device=0): (buckets=10, bucket_size=100ns, range=[90710700..90711700), underflow(<90710700ns)=0, overflow(>=90711700ns)=0) (profiler_analysis.cpp:695)
2026-06-03 00:01:26.994 | info     |           Metal |   [    90710700 ..     90710800) |########################################|        1 (profiler_analysis.cpp:700)
2026-06-03 00:01:26.994 | info     |           Metal |   [    90710800 ..     90710900) |                                        |        0 (profiler_analysis.cpp:700)
2026-06-03 00:01:26.994 | info     |           Metal |   [    90710900 ..     90711000) |                                        |        0 (profiler_analysis.cpp:700)
2026-06-03 00:01:26.994 | info     |           Metal |   [    90711000 ..     90711100) |                                        |        0 (profiler_analysis.cpp:700)
2026-06-03 00:01:26.994 | info     |           Metal |   [    90711100 ..     90711200) |                                        |        0 (profiler_analysis.cpp:700)
2026-06-03 00:01:26.994 | info     |           Metal |   [    90711200 ..     90711300) |                                        |        0 (profiler_analysis.cpp:700)
2026-06-03 00:01:26.994 | info     |           Metal |   [    90711300 ..     90711400) |                                        |        0 (profiler_analysis.cpp:700)
2026-06-03 00:01:26.994 | info     |           Metal |   [    90711400 ..     90711500) |                                        |        0 (profiler_analysis.cpp:700)
2026-06-03 00:01:26.994 | info     |           Metal |   [    90711500 ..     90711600) |                                        |        0 (profiler_analysis.cpp:700)
2026-06-03 00:01:26.994 | info     |           Metal |   [    90711600 ..     90711700) |                                        |        0 (profiler_analysis.cpp:700)
[BLEND_SPLIT] upload+exec=0.0 readback=38.1 total=38.1 ms (resident, one Finish)
[BLEND_ADDR] cull_masks=0x12aa1280 out=0x12c7a340(sz=0x600000) tile_ids=0x54d3ec0 xramp=0x12c78340 yramp=0x12c79340 payload=0x0(sz=0x0)
[SORT] stage=RP P=840033 P_kept=840033 num_tiles=1024 max_tile_n=4704 bin=14.09 up=0.02 kernel=0.03 d2h=0.00 compact=0.00 publish=0.03 total=14.24ms
[CULL_SPLIT] pipelined (no separate Finish; cull device exec folded under the blend host-setup window; candidates=840033)
[BLEND_SPLIT] upload+exec=0.0 readback=36.8 total=36.8 ms (resident, one Finish)
[BLEND_ADDR] cull_masks=0x12aa1280 out=0x12c7a340(sz=0x600000) tile_ids=0x54d3ec0 xramp=0x12c78340 yramp=0x12c79340 payload=0x0(sz=0x0)
2026-06-03 00:01:27.097 | info     |           Metal | Device kernel duration perf summary (device=0): count=1, min=79688521ns, avg=79688521.0ns, max=79688521ns (profiler_analysis.cpp:652)
2026-06-03 00:01:27.097 | info     |           Metal | Device kernel duration perf histogram (device=0): (buckets=10, bucket_size=100ns, range=[79688500..79689500), underflow(<79688500ns)=0, overflow(>=79689500ns)=0) (profiler_analysis.cpp:695)
2026-06-03 00:01:27.097 | info     |           Metal |   [    79688500 ..     79688600) |########################################|        1 (profiler_analysis.cpp:700)
2026-06-03 00:01:27.097 | info     |           Metal |   [    79688600 ..     79688700) |                                        |        0 (profiler_analysis.cpp:700)
2026-06-03 00:01:27.097 | info     |           Metal |   [    79688700 ..     79688800) |                                        |        0 (profiler_analysis.cpp:700)
2026-06-03 00:01:27.097 | info     |           Metal |   [    79688800 ..     79688900) |                                        |        0 (profiler_analysis.cpp:700)
2026-06-03 00:01:27.097 | info     |           Metal |   [    79688900 ..     79689000) |                                        |        0 (profiler_analysis.cpp:700)
2026-06-03 00:01:27.097 | info     |           Metal |   [    79689000 ..     79689100) |                                        |        0 (profiler_analysis.cpp:700)
2026-06-03 00:01:27.097 | info     |           Metal |   [    79689100 ..     79689200) |                                        |        0 (profiler_analysis.cpp:700)
2026-06-03 00:01:27.097 | info     |           Metal |   [    79689200 ..     79689300) |                                        |        0 (profiler_analysis.cpp:700)
2026-06-03 00:01:27.097 | info     |           Metal |   [    79689300 ..     79689400) |                                        |        0 (profiler_analysis.cpp:700)
2026-06-03 00:01:27.097 | info     |           Metal |   [    79689400 ..     79689500) |                                        |        0 (profiler_analysis.cpp:700)
[SORT] stage=RP P=1077452 P_kept=1077452 num_tiles=1024 max_tile_n=5408 bin=15.75 up=0.02 kernel=0.04 d2h=0.00 compact=0.00 publish=0.03 total=15.97ms
[CULL_SPLIT] pipelined (no separate Finish; cull device exec folded under the blend host-setup window; candidates=1077452)
[BLEND_SPLIT] upload+exec=0.0 readback=46.0 total=46.0 ms (resident, one Finish)
[BLEND_ADDR] cull_masks=0x12aa1280 out=0x12c7a340(sz=0x600000) tile_ids=0x54d3ec0 xramp=0x12c78340 yramp=0x12c79340 payload=0x0(sz=0x0)
2026-06-03 00:01:27.277 | info     |           Metal | Device kernel duration perf summary (device=0): count=1, min=154992196ns, avg=154992196.0ns, max=154992196ns (profiler_analysis.cpp:652)
2026-06-03 00:01:27.277 | info     |           Metal | Device kernel duration perf histogram (device=0): (buckets=10, bucket_size=100ns, range=[154992100..154993100), underflow(<154992100ns)=0, overflow(>=154993100ns)=0) (profiler_analysis.cpp:695)
2026-06-03 00:01:27.277 | info     |           Metal |   [   154992100 ..    154992200) |########################################|        1 (profiler_analysis.cpp:700)
2026-06-03 00:01:27.277 | info     |           Metal |   [   154992200 ..    154992300) |                                        |        0 (profiler_analysis.cpp:700)
2026-06-03 00:01:27.277 | info     |           Metal |   [   154992300 ..    154992400) |                                        |        0 (profiler_analysis.cpp:700)
2026-06-03 00:01:27.277 | info     |           Metal |   [   154992400 ..    154992500) |                                        |        0 (profiler_analysis.cpp:700)
2026-06-03 00:01:27.277 | info     |           Metal |   [   154992500 ..    154992600) |                                        |        0 (profiler_analysis.cpp:700)
2026-06-03 00:01:27.277 | info     |           Metal |   [   154992600 ..    154992700) |                                        |        0 (profiler_analysis.cpp:700)
2026-06-03 00:01:27.277 | info     |           Metal |   [   154992700 ..    154992800) |                                        |        0 (profiler_analysis.cpp:700)
2026-06-03 00:01:27.277 | info     |           Metal |   [   154992800 ..    154992900) |                                        |        0 (profiler_analysis.cpp:700)
2026-06-03 00:01:27.277 | info     |           Metal |   [   154992900 ..    154993000) |                                        |        0 (profiler_analysis.cpp:700)
2026-06-03 00:01:27.277 | info     |           Metal |   [   154993000 ..    154993100) |                                        |        0 (profiler_analysis.cpp:700)
[SORT] stage=RP P=1175882 P_kept=1175882 num_tiles=1024 max_tile_n=5312 bin=17.60 up=0.02 kernel=0.03 d2h=0.00 compact=0.00 publish=0.02 total=17.78ms
[CULL_SPLIT] pipelined (no separate Finish; cull device exec folded under the blend host-setup window; candidates=1175882)
[BLEND_SPLIT] upload+exec=0.0 readback=49.1 total=49.1 ms (resident, one Finish)
[BLEND_ADDR] cull_masks=0x12aa1280 out=0x12c7a340(sz=0x600000) tile_ids=0x54d3ec0 xramp=0x12c78340 yramp=0x12c79340 payload=0x0(sz=0x0)
2026-06-03 00:01:27.481 | info     |           Metal | Device kernel duration perf summary (device=0): count=1, min=162781574ns, avg=162781574.0ns, max=162781574ns (profiler_analysis.cpp:652)
2026-06-03 00:01:27.481 | info     |           Metal | Device kernel duration perf histogram (device=0): (buckets=10, bucket_size=100ns, range=[162781500..162782500), underflow(<162781500ns)=0, overflow(>=162782500ns)=0) (profiler_analysis.cpp:695)
2026-06-03 00:01:27.481 | info     |           Metal |   [   162781500 ..    162781600) |########################################|        1 (profiler_analysis.cpp:700)
2026-06-03 00:01:27.481 | info     |           Metal |   [   162781600 ..    162781700) |                                        |        0 (profiler_analysis.cpp:700)
2026-06-03 00:01:27.481 | info     |           Metal |   [   162781700 ..    162781800) |                                        |        0 (profiler_analysis.cpp:700)
2026-06-03 00:01:27.481 | info     |           Metal |   [   162781800 ..    162781900) |                                        |        0 (profiler_analysis.cpp:700)
2026-06-03 00:01:27.481 | info     |           Metal |   [   162781900 ..    162782000) |                                        |        0 (profiler_analysis.cpp:700)
2026-06-03 00:01:27.481 | info     |           Metal |   [   162782000 ..    162782100) |                                        |        0 (profiler_analysis.cpp:700)
2026-06-03 00:01:27.481 | info     |           Metal |   [   162782100 ..    162782200) |                                        |        0 (profiler_analysis.cpp:700)
2026-06-03 00:01:27.481 | info     |           Metal |   [   162782200 ..    162782300) |                                        |        0 (profiler_analysis.cpp:700)
2026-06-03 00:01:27.481 | info     |           Metal |   [   162782300 ..    162782400) |                                        |        0 (profiler_analysis.cpp:700)
2026-06-03 00:01:27.481 | info     |           Metal |   [   162782400 ..    162782500) |                                        |        0 (profiler_analysis.cpp:700)
[SORT] stage=RP P=662931 P_kept=662931 num_tiles=1024 max_tile_n=5184 bin=12.03 up=0.02 kernel=0.02 d2h=0.00 compact=0.00 publish=0.02 total=12.16ms
[CULL_SPLIT] pipelined (no separate Finish; cull device exec folded under the blend host-setup window; candidates=662931)
[BLEND_SPLIT] upload+exec=0.0 readback=31.9 total=31.9 ms (resident, one Finish)
[BLEND_ADDR] cull_masks=0x12aa1280 out=0x12c7a340(sz=0x600000) tile_ids=0x54d3ec0 xramp=0x12c78340 yramp=0x12c79340 payload=0x0(sz=0x0)
2026-06-03 00:01:27.587 | info     |           Metal | Device kernel duration perf summary (device=0): count=1, min=80193960ns, avg=80193960.0ns, max=80193960ns (profiler_analysis.cpp:652)
2026-06-03 00:01:27.587 | info     |           Metal | Device kernel duration perf histogram (device=0): (buckets=10, bucket_size=100ns, range=[80193900..80194900), underflow(<80193900ns)=0, overflow(>=80194900ns)=0) (profiler_analysis.cpp:695)
2026-06-03 00:01:27.587 | info     |           Metal |   [    80193900 ..     80194000) |########################################|        1 (profiler_analysis.cpp:700)
2026-06-03 00:01:27.587 | info     |           Metal |   [    80194000 ..     80194100) |                                        |        0 (profiler_analysis.cpp:700)
2026-06-03 00:01:27.587 | info     |           Metal |   [    80194100 ..     80194200) |                                        |        0 (profiler_analysis.cpp:700)
2026-06-03 00:01:27.587 | info     |           Metal |   [    80194200 ..     80194300) |                                        |        0 (profiler_analysis.cpp:700)
2026-06-03 00:01:27.587 | info     |           Metal |   [    80194300 ..     80194400) |                                        |        0 (profiler_analysis.cpp:700)
2026-06-03 00:01:27.587 | info     |           Metal |   [    80194400 ..     80194500) |                                        |        0 (profiler_analysis.cpp:700)
2026-06-03 00:01:27.587 | info     |           Metal |   [    80194500 ..     80194600) |                                        |        0 (profiler_analysis.cpp:700)
2026-06-03 00:01:27.587 | info     |           Metal |   [    80194600 ..     80194700) |                                        |        0 (profiler_analysis.cpp:700)
2026-06-03 00:01:27.587 | info     |           Metal |   [    80194700 ..     80194800) |                                        |        0 (profiler_analysis.cpp:700)
2026-06-03 00:01:27.587 | info     |           Metal |   [    80194800 ..     80194900) |                                        |        0 (profiler_analysis.cpp:700)
[SORT] stage=RP P=1298085 P_kept=1298085 num_tiles=1024 max_tile_n=18608 bin=17.92 up=0.02 kernel=0.03 d2h=0.00 compact=0.00 publish=0.02 total=18.09ms
[CULL_SPLIT] pipelined (no separate Finish; cull device exec folded under the blend host-setup window; candidates=1298085)
[BLEND_SPLIT] upload+exec=0.0 readback=111.1 total=111.1 ms (resident, one Finish)
[BLEND_ADDR] cull_masks=0x12aa1280 out=0x12c7a340(sz=0x600000) tile_ids=0x54d3ec0 xramp=0x12c78340 yramp=0x12c79340 payload=0x0(sz=0x0)
2026-06-03 00:01:27.822 | info     |           Metal | Device kernel duration perf summary (device=0): count=1, min=195238205ns, avg=195238205.0ns, max=195238205ns (profiler_analysis.cpp:652)
2026-06-03 00:01:27.822 | info     |           Metal | Device kernel duration perf histogram (device=0): (buckets=10, bucket_size=100ns, range=[195238200..195239200), underflow(<195238200ns)=0, overflow(>=195239200ns)=0) (profiler_analysis.cpp:695)
2026-06-03 00:01:27.822 | info     |           Metal |   [   195238200 ..    195238300) |########################################|        1 (profiler_analysis.cpp:700)
2026-06-03 00:01:27.822 | info     |           Metal |   [   195238300 ..    195238400) |                                        |        0 (profiler_analysis.cpp:700)
2026-06-03 00:01:27.822 | info     |           Metal |   [   195238400 ..    195238500) |                                        |        0 (profiler_analysis.cpp:700)
2026-06-03 00:01:27.822 | info     |           Metal |   [   195238500 ..    195238600) |                                        |        0 (profiler_analysis.cpp:700)
2026-06-03 00:01:27.822 | info     |           Metal |   [   195238600 ..    195238700) |                                        |        0 (profiler_analysis.cpp:700)
2026-06-03 00:01:27.822 | info     |           Metal |   [   195238700 ..    195238800) |                                        |        0 (profiler_analysis.cpp:700)
2026-06-03 00:01:27.822 | info     |           Metal |   [   195238800 ..    195238900) |                                        |        0 (profiler_analysis.cpp:700)
2026-06-03 00:01:27.822 | info     |           Metal |   [   195238900 ..    195239000) |                                        |        0 (profiler_analysis.cpp:700)
2026-06-03 00:01:27.822 | info     |           Metal |   [   195239000 ..    195239100) |                                        |        0 (profiler_analysis.cpp:700)
2026-06-03 00:01:27.822 | info     |           Metal |   [   195239100 ..    195239200) |                                        |        0 (profiler_analysis.cpp:700)
[SORT] stage=RP P=262468 P_kept=262468 num_tiles=1024 max_tile_n=4464 bin=7.18 up=0.02 kernel=0.02 d2h=0.00 compact=0.00 publish=0.03 total=7.34ms
[CULL_SPLIT] pipelined (no separate Finish; cull device exec folded under the blend host-setup window; candidates=262468)
2026-06-03 00:01:27.917 | info     |           Metal | Device kernel duration perf summary (device=0): count=1, min=68744296ns, avg=68744296.0ns, max=68744296ns (profiler_analysis.cpp:652)
2026-06-03 00:01:27.917 | info     |           Metal | Device kernel duration perf histogram (device=0): (buckets=10, bucket_size=100ns, range=[68744200..68745200), underflow(<68744200ns)=0, overflow(>=68745200ns)=0) (profiler_analysis.cpp:695)
2026-06-03 00:01:27.917 | info     |           Metal |   [    68744200 ..     68744300) |########################################|        1 (profiler_analysis.cpp:700)
2026-06-03 00:01:27.917 | info     |           Metal |   [    68744300 ..     68744400) |                                        |        0 (profiler_analysis.cpp:700)
2026-06-03 00:01:27.917 | info     |           Metal |   [    68744400 ..     68744500) |                                        |        0 (profiler_analysis.cpp:700)
2026-06-03 00:01:27.917 | info     |           Metal |   [    68744500 ..     68744600) |                                        |        0 (profiler_analysis.cpp:700)
2026-06-03 00:01:27.917 | info     |           Metal |   [    68744600 ..     68744700) |                                        |        0 (profiler_analysis.cpp:700)
2026-06-03 00:01:27.917 | info     |           Metal |   [    68744700 ..     68744800) |                                        |        0 (profiler_analysis.cpp:700)
2026-06-03 00:01:27.917 | info     |           Metal |   [    68744800 ..     68744900) |                                        |        0 (profiler_analysis.cpp:700)
2026-06-03 00:01:27.917 | info     |           Metal |   [    68744900 ..     68745000) |                                        |        0 (profiler_analysis.cpp:700)
2026-06-03 00:01:27.917 | info     |           Metal |   [    68745000 ..     68745100) |                                        |        0 (profiler_analysis.cpp:700)
2026-06-03 00:01:27.917 | info     |           Metal |   [    68745100 ..     68745200) |                                        |        0 (profiler_analysis.cpp:700)
[BLEND_SPLIT] upload+exec=0.0 readback=22.7 total=22.7 ms (resident, one Finish)
[BLEND_ADDR] cull_masks=0x12aa1280 out=0x12c7a340(sz=0x600000) tile_ids=0x54d3ec0 xramp=0x12c78340 yramp=0x12c79340 payload=0x0(sz=0x0)
[SORT] stage=RP P=107247 P_kept=107247 num_tiles=1024 max_tile_n=1664 bin=4.36 up=0.02 kernel=0.02 d2h=0.00 compact=0.00 publish=0.02 total=4.50ms
[CULL_SPLIT] pipelined (no separate Finish; cull device exec folded under the blend host-setup window; candidates=107247)
[BLEND_SPLIT] upload+exec=0.0 readback=8.8 total=8.8 ms (resident, one Finish)
[BLEND_ADDR] cull_masks=0x12aa1280 out=0x12c7a340(sz=0x600000) tile_ids=0x54d3ec0 xramp=0x12c78340 yramp=0x12c79340 payload=0x0(sz=0x0)
2026-06-03 00:01:27.987 | info     |           Metal | Device kernel duration perf summary (device=0): count=1, min=45309060ns, avg=45309060.0ns, max=45309060ns (profiler_analysis.cpp:652)
2026-06-03 00:01:27.987 | info     |           Metal | Device kernel duration perf histogram (device=0): (buckets=10, bucket_size=100ns, range=[45309000..45310000), underflow(<45309000ns)=0, overflow(>=45310000ns)=0) (profiler_analysis.cpp:695)
2026-06-03 00:01:27.987 | info     |           Metal |   [    45309000 ..     45309100) |########################################|        1 (profiler_analysis.cpp:700)
2026-06-03 00:01:27.987 | info     |           Metal |   [    45309100 ..     45309200) |                                        |        0 (profiler_analysis.cpp:700)
2026-06-03 00:01:27.987 | info     |           Metal |   [    45309200 ..     45309300) |                                        |        0 (profiler_analysis.cpp:700)
2026-06-03 00:01:27.987 | info     |           Metal |   [    45309300 ..     45309400) |                                        |        0 (profiler_analysis.cpp:700)
2026-06-03 00:01:27.987 | info     |           Metal |   [    45309400 ..     45309500) |                                        |        0 (profiler_analysis.cpp:700)
2026-06-03 00:01:27.987 | info     |           Metal |   [    45309500 ..     45309600) |                                        |        0 (profiler_analysis.cpp:700)
2026-06-03 00:01:27.987 | info     |           Metal |   [    45309600 ..     45309700) |                                        |        0 (profiler_analysis.cpp:700)
2026-06-03 00:01:27.987 | info     |           Metal |   [    45309700 ..     45309800) |                                        |        0 (profiler_analysis.cpp:700)
2026-06-03 00:01:27.987 | info     |           Metal |   [    45309800 ..     45309900) |                                        |        0 (profiler_analysis.cpp:700)
2026-06-03 00:01:27.987 | info     |           Metal |   [    45309900 ..     45310000) |                                        |        0 (profiler_analysis.cpp:700)
[SORT] stage=RP P=742945 P_kept=742945 num_tiles=1024 max_tile_n=4720 bin=12.96 up=0.02 kernel=0.02 d2h=0.00 compact=0.00 publish=0.02 total=13.09ms
[CULL_SPLIT] pipelined (no separate Finish; cull device exec folded under the blend host-setup window; candidates=742945)
[BLEND_SPLIT] upload+exec=0.0 readback=34.3 total=34.3 ms (resident, one Finish)
[BLEND_ADDR] cull_masks=0x12aa1280 out=0x12c7a340(sz=0x600000) tile_ids=0x54d3ec0 xramp=0x12c78340 yramp=0x12c79340 payload=0x0(sz=0x0)
2026-06-03 00:01:28.103 | info     |           Metal | Device kernel duration perf summary (device=0): count=1, min=91036105ns, avg=91036105.0ns, max=91036105ns (profiler_analysis.cpp:652)
2026-06-03 00:01:28.103 | info     |           Metal | Device kernel duration perf histogram (device=0): (buckets=10, bucket_size=100ns, range=[91036100..91037100), underflow(<91036100ns)=0, overflow(>=91037100ns)=0) (profiler_analysis.cpp:695)
2026-06-03 00:01:28.103 | info     |           Metal |   [    91036100 ..     91036200) |########################################|        1 (profiler_analysis.cpp:700)
2026-06-03 00:01:28.103 | info     |           Metal |   [    91036200 ..     91036300) |                                        |        0 (profiler_analysis.cpp:700)
2026-06-03 00:01:28.103 | info     |           Metal |   [    91036300 ..     91036400) |                                        |        0 (profiler_analysis.cpp:700)
2026-06-03 00:01:28.103 | info     |           Metal |   [    91036400 ..     91036500) |                                        |        0 (profiler_analysis.cpp:700)
2026-06-03 00:01:28.103 | info     |           Metal |   [    91036500 ..     91036600) |                                        |        0 (profiler_analysis.cpp:700)
2026-06-03 00:01:28.103 | info     |           Metal |   [    91036600 ..     91036700) |                                        |        0 (profiler_analysis.cpp:700)
2026-06-03 00:01:28.103 | info     |           Metal |   [    91036700 ..     91036800) |                                        |        0 (profiler_analysis.cpp:700)
2026-06-03 00:01:28.103 | info     |           Metal |   [    91036800 ..     91036900) |                                        |        0 (profiler_analysis.cpp:700)
2026-06-03 00:01:28.103 | info     |           Metal |   [    91036900 ..     91037000) |                                        |        0 (profiler_analysis.cpp:700)
2026-06-03 00:01:28.103 | info     |           Metal |   [    91037000 ..     91037100) |                                        |        0 (profiler_analysis.cpp:700)
[SORT] stage=RP P=3369033 P_kept=3369033 num_tiles=1024 max_tile_n=26496 bin=42.48 up=0.02 kernel=0.04 d2h=7.13 compact=0.00 publish=0.03 total=60.77ms
2026-06-03 00:01:28.972 | info     |           Metal | Device kernel duration perf summary (device=0): count=1, min=366049550ns, avg=366049550.0ns, max=366049550ns (profiler_analysis.cpp:652)
2026-06-03 00:01:28.972 | info     |           Metal | Device kernel duration perf histogram (device=0): (buckets=10, bucket_size=100ns, range=[366049500..366050500), underflow(<366049500ns)=0, overflow(>=366050500ns)=0) (profiler_analysis.cpp:695)
2026-06-03 00:01:28.972 | info     |           Metal |   [   366049500 ..    366049600) |########################################|        1 (profiler_analysis.cpp:700)
2026-06-03 00:01:28.972 | info     |           Metal |   [   366049600 ..    366049700) |                                        |        0 (profiler_analysis.cpp:700)
2026-06-03 00:01:28.972 | info     |           Metal |   [   366049700 ..    366049800) |                                        |        0 (profiler_analysis.cpp:700)
2026-06-03 00:01:28.972 | info     |           Metal |   [   366049800 ..    366049900) |                                        |        0 (profiler_analysis.cpp:700)
2026-06-03 00:01:28.972 | info     |           Metal |   [   366049900 ..    366050000) |                                        |        0 (profiler_analysis.cpp:700)
2026-06-03 00:01:28.972 | info     |           Metal |   [   366050000 ..    366050100) |                                        |        0 (profiler_analysis.cpp:700)
2026-06-03 00:01:28.972 | info     |           Metal |   [   366050100 ..    366050200) |                                        |        0 (profiler_analysis.cpp:700)
2026-06-03 00:01:28.972 | info     |           Metal |   [   366050200 ..    366050300) |                                        |        0 (profiler_analysis.cpp:700)
2026-06-03 00:01:28.972 | info     |           Metal |   [   366050300 ..    366050400) |                                        |        0 (profiler_analysis.cpp:700)
2026-06-03 00:01:28.972 | info     |           Metal |   [   366050400 ..    366050500) |                                        |        0 (profiler_analysis.cpp:700)
[SORT] stage=RP P=3369033 P_kept=3369033 num_tiles=1024 max_tile_n=26496 bin=42.29 up=0.02 kernel=0.03 d2h=7.13 compact=0.00 publish=0.03 total=60.45ms
2026-06-03 00:01:29.494 | info     |           Metal | Device kernel duration perf summary (device=0): count=1, min=370297347ns, avg=370297347.0ns, max=370297347ns (profiler_analysis.cpp:652)
2026-06-03 00:01:29.494 | info     |           Metal | Device kernel duration perf histogram (device=0): (buckets=10, bucket_size=100ns, range=[370297300..370298300), underflow(<370297300ns)=0, overflow(>=370298300ns)=0) (profiler_analysis.cpp:695)
2026-06-03 00:01:29.494 | info     |           Metal |   [   370297300 ..    370297400) |########################################|        1 (profiler_analysis.cpp:700)
2026-06-03 00:01:29.494 | info     |           Metal |   [   370297400 ..    370297500) |                                        |        0 (profiler_analysis.cpp:700)
2026-06-03 00:01:29.494 | info     |           Metal |   [   370297500 ..    370297600) |                                        |        0 (profiler_analysis.cpp:700)
2026-06-03 00:01:29.494 | info     |           Metal |   [   370297600 ..    370297700) |                                        |        0 (profiler_analysis.cpp:700)
2026-06-03 00:01:29.494 | info     |           Metal |   [   370297700 ..    370297800) |                                        |        0 (profiler_analysis.cpp:700)
2026-06-03 00:01:29.494 | info     |           Metal |   [   370297800 ..    370297900) |                                        |        0 (profiler_analysis.cpp:700)
2026-06-03 00:01:29.494 | info     |           Metal |   [   370297900 ..    370298000) |                                        |        0 (profiler_analysis.cpp:700)
2026-06-03 00:01:29.494 | info     |           Metal |   [   370298000 ..    370298100) |                                        |        0 (profiler_analysis.cpp:700)
2026-06-03 00:01:29.494 | info     |           Metal |   [   370298100 ..    370298200) |                                        |        0 (profiler_analysis.cpp:700)
2026-06-03 00:01:29.494 | info     |           Metal |   [   370298200 ..    370298300) |                                        |        0 (profiler_analysis.cpp:700)
[SORT] stage=RP P=2774729 P_kept=2774729 num_tiles=1024 max_tile_n=25136 bin=34.80 up=0.02 kernel=0.02 d2h=7.16 compact=0.00 publish=0.02 total=51.50ms
2026-06-03 00:01:29.972 | info     |           Metal | Device kernel duration perf summary (device=0): count=1, min=348859689ns, avg=348859689.0ns, max=348859689ns (profiler_analysis.cpp:652)
2026-06-03 00:01:29.972 | info     |           Metal | Device kernel duration perf histogram (device=0): (buckets=10, bucket_size=100ns, range=[348859600..348860600), underflow(<348859600ns)=0, overflow(>=348860600ns)=0) (profiler_analysis.cpp:695)
2026-06-03 00:01:29.972 | info     |           Metal |   [   348859600 ..    348859700) |########################################|        1 (profiler_analysis.cpp:700)
2026-06-03 00:01:29.972 | info     |           Metal |   [   348859700 ..    348859800) |                                        |        0 (profiler_analysis.cpp:700)
2026-06-03 00:01:29.972 | info     |           Metal |   [   348859800 ..    348859900) |                                        |        0 (profiler_analysis.cpp:700)
2026-06-03 00:01:29.972 | info     |           Metal |   [   348859900 ..    348860000) |                                        |        0 (profiler_analysis.cpp:700)
2026-06-03 00:01:29.972 | info     |           Metal |   [   348860000 ..    348860100) |                                        |        0 (profiler_analysis.cpp:700)
2026-06-03 00:01:29.972 | info     |           Metal |   [   348860100 ..    348860200) |                                        |        0 (profiler_analysis.cpp:700)
2026-06-03 00:01:29.972 | info     |           Metal |   [   348860200 ..    348860300) |                                        |        0 (profiler_analysis.cpp:700)
2026-06-03 00:01:29.972 | info     |           Metal |   [   348860300 ..    348860400) |                                        |        0 (profiler_analysis.cpp:700)
2026-06-03 00:01:29.972 | info     |           Metal |   [   348860400 ..    348860500) |                                        |        0 (profiler_analysis.cpp:700)
2026-06-03 00:01:29.972 | info     |           Metal |   [   348860500 ..    348860600) |                                        |        0 (profiler_analysis.cpp:700)
[SORT] stage=RP P=3235251 P_kept=3235251 num_tiles=1024 max_tile_n=22592 bin=40.82 up=0.02 kernel=0.03 d2h=7.13 compact=0.00 publish=0.03 total=58.60ms
2026-06-03 00:01:30.480 | info     |           Metal | Device kernel duration perf summary (device=0): count=1, min=363283996ns, avg=363283996.0ns, max=363283996ns (profiler_analysis.cpp:652)
2026-06-03 00:01:30.480 | info     |           Metal | Device kernel duration perf histogram (device=0): (buckets=10, bucket_size=100ns, range=[363283900..363284900), underflow(<363283900ns)=0, overflow(>=363284900ns)=0) (profiler_analysis.cpp:695)
2026-06-03 00:01:30.480 | info     |           Metal |   [   363283900 ..    363284000) |########################################|        1 (profiler_analysis.cpp:700)
2026-06-03 00:01:30.480 | info     |           Metal |   [   363284000 ..    363284100) |                                        |        0 (profiler_analysis.cpp:700)
2026-06-03 00:01:30.480 | info     |           Metal |   [   363284100 ..    363284200) |                                        |        0 (profiler_analysis.cpp:700)
2026-06-03 00:01:30.480 | info     |           Metal |   [   363284200 ..    363284300) |                                        |        0 (profiler_analysis.cpp:700)
2026-06-03 00:01:30.480 | info     |           Metal |   [   363284300 ..    363284400) |                                        |        0 (profiler_analysis.cpp:700)
2026-06-03 00:01:30.480 | info     |           Metal |   [   363284400 ..    363284500) |                                        |        0 (profiler_analysis.cpp:700)
2026-06-03 00:01:30.480 | info     |           Metal |   [   363284500 ..    363284600) |                                        |        0 (profiler_analysis.cpp:700)
2026-06-03 00:01:30.480 | info     |           Metal |   [   363284600 ..    363284700) |                                        |        0 (profiler_analysis.cpp:700)
2026-06-03 00:01:30.480 | info     |           Metal |   [   363284700 ..    363284800) |                                        |        0 (profiler_analysis.cpp:700)
2026-06-03 00:01:30.480 | info     |           Metal |   [   363284800 ..    363284900) |                                        |        0 (profiler_analysis.cpp:700)
[SORT] stage=RP P=1753355 P_kept=1753355 num_tiles=1024 max_tile_n=21360 bin=24.12 up=0.02 kernel=0.03 d2h=7.13 compact=0.00 publish=0.02 total=37.86ms
2026-06-03 00:01:30.885 | info     |           Metal | Device kernel duration perf summary (device=0): count=1, min=310032426ns, avg=310032426.0ns, max=310032426ns (profiler_analysis.cpp:652)
2026-06-03 00:01:30.885 | info     |           Metal | Device kernel duration perf histogram (device=0): (buckets=10, bucket_size=100ns, range=[310032400..310033400), underflow(<310032400ns)=0, overflow(>=310033400ns)=0) (profiler_analysis.cpp:695)
2026-06-03 00:01:30.885 | info     |           Metal |   [   310032400 ..    310032500) |########################################|        1 (profiler_analysis.cpp:700)
2026-06-03 00:01:30.885 | info     |           Metal |   [   310032500 ..    310032600) |                                        |        0 (profiler_analysis.cpp:700)
2026-06-03 00:01:30.885 | info     |           Metal |   [   310032600 ..    310032700) |                                        |        0 (profiler_analysis.cpp:700)
2026-06-03 00:01:30.885 | info     |           Metal |   [   310032700 ..    310032800) |                                        |        0 (profiler_analysis.cpp:700)
2026-06-03 00:01:30.885 | info     |           Metal |   [   310032800 ..    310032900) |                                        |        0 (profiler_analysis.cpp:700)
2026-06-03 00:01:30.885 | info     |           Metal |   [   310032900 ..    310033000) |                                        |        0 (profiler_analysis.cpp:700)
2026-06-03 00:01:30.885 | info     |           Metal |   [   310033000 ..    310033100) |                                        |        0 (profiler_analysis.cpp:700)
2026-06-03 00:01:30.885 | info     |           Metal |   [   310033100 ..    310033200) |                                        |        0 (profiler_analysis.cpp:700)
2026-06-03 00:01:30.885 | info     |           Metal |   [   310033200 ..    310033300) |                                        |        0 (profiler_analysis.cpp:700)
2026-06-03 00:01:30.885 | info     |           Metal |   [   310033300 ..    310033400) |                                        |        0 (profiler_analysis.cpp:700)
[SORT] stage=RP P=934247 P_kept=934247 num_tiles=1024 max_tile_n=5248 bin=13.63 up=0.02 kernel=0.02 d2h=7.13 compact=0.00 publish=0.02 total=25.08ms
2026-06-03 00:01:31.232 | info     |           Metal | Device kernel duration perf summary (device=0): count=1, min=280382659ns, avg=280382659.0ns, max=280382659ns (profiler_analysis.cpp:652)
2026-06-03 00:01:31.232 | info     |           Metal | Device kernel duration perf histogram (device=0): (buckets=10, bucket_size=100ns, range=[280382600..280383600), underflow(<280382600ns)=0, overflow(>=280383600ns)=0) (profiler_analysis.cpp:695)
2026-06-03 00:01:31.232 | info     |           Metal |   [   280382600 ..    280382700) |########################################|        1 (profiler_analysis.cpp:700)
2026-06-03 00:01:31.232 | info     |           Metal |   [   280382700 ..    280382800) |                                        |        0 (profiler_analysis.cpp:700)
2026-06-03 00:01:31.232 | info     |           Metal |   [   280382800 ..    280382900) |                                        |        0 (profiler_analysis.cpp:700)
2026-06-03 00:01:31.232 | info     |           Metal |   [   280382900 ..    280383000) |                                        |        0 (profiler_analysis.cpp:700)
2026-06-03 00:01:31.232 | info     |           Metal |   [   280383000 ..    280383100) |                                        |        0 (profiler_analysis.cpp:700)
2026-06-03 00:01:31.232 | info     |           Metal |   [   280383100 ..    280383200) |                                        |        0 (profiler_analysis.cpp:700)
2026-06-03 00:01:31.232 | info     |           Metal |   [   280383200 ..    280383300) |                                        |        0 (profiler_analysis.cpp:700)
2026-06-03 00:01:31.232 | info     |           Metal |   [   280383300 ..    280383400) |                                        |        0 (profiler_analysis.cpp:700)
2026-06-03 00:01:31.232 | info     |           Metal |   [   280383400 ..    280383500) |                                        |        0 (profiler_analysis.cpp:700)
2026-06-03 00:01:31.232 | info     |           Metal |   [   280383500 ..    280383600) |                                        |        0 (profiler_analysis.cpp:700)
[SORT] stage=RP P=1124461 P_kept=1124461 num_tiles=1024 max_tile_n=6544 bin=15.77 up=0.02 kernel=0.02 d2h=7.12 compact=0.00 publish=0.02 total=27.59ms
2026-06-03 00:01:31.592 | info     |           Metal | Device kernel duration perf summary (device=0): count=1, min=288081994ns, avg=288081994.0ns, max=288081994ns (profiler_analysis.cpp:652)
2026-06-03 00:01:31.592 | info     |           Metal | Device kernel duration perf histogram (device=0): (buckets=10, bucket_size=100ns, range=[288081900..288082900), underflow(<288081900ns)=0, overflow(>=288082900ns)=0) (profiler_analysis.cpp:695)
2026-06-03 00:01:31.592 | info     |           Metal |   [   288081900 ..    288082000) |########################################|        1 (profiler_analysis.cpp:700)
2026-06-03 00:01:31.592 | info     |           Metal |   [   288082000 ..    288082100) |                                        |        0 (profiler_analysis.cpp:700)
2026-06-03 00:01:31.592 | info     |           Metal |   [   288082100 ..    288082200) |                                        |        0 (profiler_analysis.cpp:700)
2026-06-03 00:01:31.592 | info     |           Metal |   [   288082200 ..    288082300) |                                        |        0 (profiler_analysis.cpp:700)
2026-06-03 00:01:31.592 | info     |           Metal |   [   288082300 ..    288082400) |                                        |        0 (profiler_analysis.cpp:700)
2026-06-03 00:01:31.592 | info     |           Metal |   [   288082400 ..    288082500) |                                        |        0 (profiler_analysis.cpp:700)
2026-06-03 00:01:31.592 | info     |           Metal |   [   288082500 ..    288082600) |                                        |        0 (profiler_analysis.cpp:700)
2026-06-03 00:01:31.592 | info     |           Metal |   [   288082600 ..    288082700) |                                        |        0 (profiler_analysis.cpp:700)
2026-06-03 00:01:31.592 | info     |           Metal |   [   288082700 ..    288082800) |                                        |        0 (profiler_analysis.cpp:700)
2026-06-03 00:01:31.592 | info     |           Metal |   [   288082800 ..    288082900) |                                        |        0 (profiler_analysis.cpp:700)
2026-06-03 00:01:31.932 | info     |           Metal | Device kernel duration perf summary (device=0): count=1, min=277822139ns, avg=277822139.0ns, max=277822139ns (profiler_analysis.cpp:652)
2026-06-03 00:01:31.933 | info     |           Metal | Device kernel duration perf histogram (device=0): (buckets=10, bucket_size=100ns, range=[277822100..277823100), underflow(<277822100ns)=0, overflow(>=277823100ns)=0) (profiler_analysis.cpp:695)
2026-06-03 00:01:31.933 | info     |           Metal |   [   277822100 ..    277822200) |########################################|        1 (profiler_analysis.cpp:700)
2026-06-03 00:01:31.933 | info     |           Metal |   [   277822200 ..    277822300) |                                        |        0 (profiler_analysis.cpp:700)
2026-06-03 00:01:31.933 | info     |           Metal |   [   277822300 ..    277822400) |                                        |        0 (profiler_analysis.cpp:700)
2026-06-03 00:01:31.933 | info     |           Metal |   [   277822400 ..    277822500) |                                        |        0 (profiler_analysis.cpp:700)
2026-06-03 00:01:31.933 | info     |           Metal |   [   277822500 ..    277822600) |                                        |        0 (profiler_analysis.cpp:700)
2026-06-03 00:01:31.933 | info     |           Metal |   [   277822600 ..    277822700) |                                        |        0 (profiler_analysis.cpp:700)
2026-06-03 00:01:31.933 | info     |           Metal |   [   277822700 ..    277822800) |                                        |        0 (profiler_analysis.cpp:700)
2026-06-03 00:01:31.933 | info     |           Metal |   [   277822800 ..    277822900) |                                        |        0 (profiler_analysis.cpp:700)
2026-06-03 00:01:31.933 | info     |           Metal |   [   277822900 ..    277823000) |                                        |        0 (profiler_analysis.cpp:700)
2026-06-03 00:01:31.933 | info     |           Metal |   [   277823000 ..    277823100) |                                        |        0 (profiler_analysis.cpp:700)
[SORT] stage=RP P=835298 P_kept=835298 num_tiles=1024 max_tile_n=5536 bin=13.75 up=0.02 kernel=0.02 d2h=7.13 compact=0.00 publish=0.02 total=24.94ms
[SORT] stage=RP P=1067596 P_kept=1067596 num_tiles=1024 max_tile_n=5104 bin=15.11 up=0.02 kernel=0.03 d2h=7.13 compact=0.00 publish=0.02 total=26.75ms
2026-06-03 00:01:32.288 | info     |           Metal | Device kernel duration perf summary (device=0): count=1, min=282539830ns, avg=282539830.0ns, max=282539830ns (profiler_analysis.cpp:652)
2026-06-03 00:01:32.288 | info     |           Metal | Device kernel duration perf histogram (device=0): (buckets=10, bucket_size=100ns, range=[282539800..282540800), underflow(<282539800ns)=0, overflow(>=282540800ns)=0) (profiler_analysis.cpp:695)
2026-06-03 00:01:32.288 | info     |           Metal |   [   282539800 ..    282539900) |########################################|        1 (profiler_analysis.cpp:700)
2026-06-03 00:01:32.288 | info     |           Metal |   [   282539900 ..    282540000) |                                        |        0 (profiler_analysis.cpp:700)
2026-06-03 00:01:32.288 | info     |           Metal |   [   282540000 ..    282540100) |                                        |        0 (profiler_analysis.cpp:700)
2026-06-03 00:01:32.288 | info     |           Metal |   [   282540100 ..    282540200) |                                        |        0 (profiler_analysis.cpp:700)
2026-06-03 00:01:32.288 | info     |           Metal |   [   282540200 ..    282540300) |                                        |        0 (profiler_analysis.cpp:700)
2026-06-03 00:01:32.288 | info     |           Metal |   [   282540300 ..    282540400) |                                        |        0 (profiler_analysis.cpp:700)
2026-06-03 00:01:32.288 | info     |           Metal |   [   282540400 ..    282540500) |                                        |        0 (profiler_analysis.cpp:700)
2026-06-03 00:01:32.288 | info     |           Metal |   [   282540500 ..    282540600) |                                        |        0 (profiler_analysis.cpp:700)
2026-06-03 00:01:32.288 | info     |           Metal |   [   282540600 ..    282540700) |                                        |        0 (profiler_analysis.cpp:700)
2026-06-03 00:01:32.288 | info     |           Metal |   [   282540700 ..    282540800) |                                        |        0 (profiler_analysis.cpp:700)
2026-06-03 00:01:32.639 | info     |           Metal | Device kernel duration perf summary (device=0): count=1, min=282653048ns, avg=282653048.0ns, max=282653048ns (profiler_analysis.cpp:652)
2026-06-03 00:01:32.639 | info     |           Metal | Device kernel duration perf histogram (device=0): (buckets=10, bucket_size=100ns, range=[282653000..282654000), underflow(<282653000ns)=0, overflow(>=282654000ns)=0) (profiler_analysis.cpp:695)
2026-06-03 00:01:32.639 | info     |           Metal |   [   282653000 ..    282653100) |########################################|        1 (profiler_analysis.cpp:700)
2026-06-03 00:01:32.639 | info     |           Metal |   [   282653100 ..    282653200) |                                        |        0 (profiler_analysis.cpp:700)
2026-06-03 00:01:32.639 | info     |           Metal |   [   282653200 ..    282653300) |                                        |        0 (profiler_analysis.cpp:700)
2026-06-03 00:01:32.639 | info     |           Metal |   [   282653300 ..    282653400) |                                        |        0 (profiler_analysis.cpp:700)
2026-06-03 00:01:32.639 | info     |           Metal |   [   282653400 ..    282653500) |                                        |        0 (profiler_analysis.cpp:700)
2026-06-03 00:01:32.639 | info     |           Metal |   [   282653500 ..    282653600) |                                        |        0 (profiler_analysis.cpp:700)
2026-06-03 00:01:32.639 | info     |           Metal |   [   282653600 ..    282653700) |                                        |        0 (profiler_analysis.cpp:700)
2026-06-03 00:01:32.639 | info     |           Metal |   [   282653700 ..    282653800) |                                        |        0 (profiler_analysis.cpp:700)
2026-06-03 00:01:32.639 | info     |           Metal |   [   282653800 ..    282653900) |                                        |        0 (profiler_analysis.cpp:700)
2026-06-03 00:01:32.639 | info     |           Metal |   [   282653900 ..    282654000) |                                        |        0 (profiler_analysis.cpp:700)
[SORT] stage=RP P=1024763 P_kept=1024763 num_tiles=1024 max_tile_n=4672 bin=15.21 up=0.02 kernel=0.02 d2h=7.13 compact=0.00 publish=0.02 total=26.96ms
[SORT] stage=RP P=779787 P_kept=779787 num_tiles=1024 max_tile_n=3616 bin=11.93 up=0.02 kernel=0.02 d2h=7.13 compact=0.00 publish=0.03 total=23.11ms
2026-06-03 00:01:32.971 | info     |           Metal | Device kernel duration perf summary (device=0): count=1, min=272351793ns, avg=272351793.0ns, max=272351793ns (profiler_analysis.cpp:652)
2026-06-03 00:01:32.971 | info     |           Metal | Device kernel duration perf histogram (device=0): (buckets=10, bucket_size=100ns, range=[272351700..272352700), underflow(<272351700ns)=0, overflow(>=272352700ns)=0) (profiler_analysis.cpp:695)
2026-06-03 00:01:32.971 | info     |           Metal |   [   272351700 ..    272351800) |########################################|        1 (profiler_analysis.cpp:700)
2026-06-03 00:01:32.971 | info     |           Metal |   [   272351800 ..    272351900) |                                        |        0 (profiler_analysis.cpp:700)
2026-06-03 00:01:32.971 | info     |           Metal |   [   272351900 ..    272352000) |                                        |        0 (profiler_analysis.cpp:700)
2026-06-03 00:01:32.971 | info     |           Metal |   [   272352000 ..    272352100) |                                        |        0 (profiler_analysis.cpp:700)
2026-06-03 00:01:32.971 | info     |           Metal |   [   272352100 ..    272352200) |                                        |        0 (profiler_analysis.cpp:700)
2026-06-03 00:01:32.971 | info     |           Metal |   [   272352200 ..    272352300) |                                        |        0 (profiler_analysis.cpp:700)
2026-06-03 00:01:32.971 | info     |           Metal |   [   272352300 ..    272352400) |                                        |        0 (profiler_analysis.cpp:700)
2026-06-03 00:01:32.971 | info     |           Metal |   [   272352400 ..    272352500) |                                        |        0 (profiler_analysis.cpp:700)
2026-06-03 00:01:32.971 | info     |           Metal |   [   272352500 ..    272352600) |                                        |        0 (profiler_analysis.cpp:700)
2026-06-03 00:01:32.971 | info     |           Metal |   [   272352600 ..    272352700) |                                        |        0 (profiler_analysis.cpp:700)
[SORT] stage=RP P=402318 P_kept=402318 num_tiles=1024 max_tile_n=2704 bin=9.01 up=0.02 kernel=0.03 d2h=7.13 compact=0.00 publish=0.02 total=19.28ms
2026-06-03 00:01:33.282 | info     |           Metal | Device kernel duration perf summary (device=0): count=1, min=261585975ns, avg=261585975.0ns, max=261585975ns (profiler_analysis.cpp:652)
2026-06-03 00:01:33.282 | info     |           Metal | Device kernel duration perf histogram (device=0): (buckets=10, bucket_size=100ns, range=[261585900..261586900), underflow(<261585900ns)=0, overflow(>=261586900ns)=0) (profiler_analysis.cpp:695)
2026-06-03 00:01:33.282 | info     |           Metal |   [   261585900 ..    261586000) |########################################|        1 (profiler_analysis.cpp:700)
2026-06-03 00:01:33.282 | info     |           Metal |   [   261586000 ..    261586100) |                                        |        0 (profiler_analysis.cpp:700)
2026-06-03 00:01:33.282 | info     |           Metal |   [   261586100 ..    261586200) |                                        |        0 (profiler_analysis.cpp:700)
2026-06-03 00:01:33.282 | info     |           Metal |   [   261586200 ..    261586300) |                                        |        0 (profiler_analysis.cpp:700)
2026-06-03 00:01:33.282 | info     |           Metal |   [   261586300 ..    261586400) |                                        |        0 (profiler_analysis.cpp:700)
2026-06-03 00:01:33.282 | info     |           Metal |   [   261586400 ..    261586500) |                                        |        0 (profiler_analysis.cpp:700)
2026-06-03 00:01:33.282 | info     |           Metal |   [   261586500 ..    261586600) |                                        |        0 (profiler_analysis.cpp:700)
2026-06-03 00:01:33.282 | info     |           Metal |   [   261586600 ..    261586700) |                                        |        0 (profiler_analysis.cpp:700)
2026-06-03 00:01:33.282 | info     |           Metal |   [   261586700 ..    261586800) |                                        |        0 (profiler_analysis.cpp:700)
2026-06-03 00:01:33.282 | info     |           Metal |   [   261586800 ..    261586900) |                                        |        0 (profiler_analysis.cpp:700)
[SORT] stage=RP P=638458 P_kept=638458 num_tiles=1024 max_tile_n=3360 bin=11.57 up=0.02 kernel=0.02 d2h=7.13 compact=0.00 publish=0.02 total=22.45ms
2026-06-03 00:01:33.605 | info     |           Metal | Device kernel duration perf summary (device=0): count=1, min=268320997ns, avg=268320997.0ns, max=268320997ns (profiler_analysis.cpp:652)
2026-06-03 00:01:33.605 | info     |           Metal | Device kernel duration perf histogram (device=0): (buckets=10, bucket_size=100ns, range=[268320900..268321900), underflow(<268320900ns)=0, overflow(>=268321900ns)=0) (profiler_analysis.cpp:695)
2026-06-03 00:01:33.605 | info     |           Metal |   [   268320900 ..    268321000) |########################################|        1 (profiler_analysis.cpp:700)
2026-06-03 00:01:33.605 | info     |           Metal |   [   268321000 ..    268321100) |                                        |        0 (profiler_analysis.cpp:700)
2026-06-03 00:01:33.605 | info     |           Metal |   [   268321100 ..    268321200) |                                        |        0 (profiler_analysis.cpp:700)
2026-06-03 00:01:33.605 | info     |           Metal |   [   268321200 ..    268321300) |                                        |        0 (profiler_analysis.cpp:700)
2026-06-03 00:01:33.605 | info     |           Metal |   [   268321300 ..    268321400) |                                        |        0 (profiler_analysis.cpp:700)
2026-06-03 00:01:33.605 | info     |           Metal |   [   268321400 ..    268321500) |                                        |        0 (profiler_analysis.cpp:700)
2026-06-03 00:01:33.605 | info     |           Metal |   [   268321500 ..    268321600) |                                        |        0 (profiler_analysis.cpp:700)
2026-06-03 00:01:33.605 | info     |           Metal |   [   268321600 ..    268321700) |                                        |        0 (profiler_analysis.cpp:700)
2026-06-03 00:01:33.605 | info     |           Metal |   [   268321700 ..    268321800) |                                        |        0 (profiler_analysis.cpp:700)
2026-06-03 00:01:33.605 | info     |           Metal |   [   268321800 ..    268321900) |                                        |        0 (profiler_analysis.cpp:700)
[SORT] stage=RP P=486800 P_kept=486800 num_tiles=1024 max_tile_n=3952 bin=9.91 up=0.02 kernel=0.02 d2h=7.13 compact=0.00 publish=0.02 total=20.49ms
2026-06-03 00:01:33.921 | info     |           Metal | Device kernel duration perf summary (device=0): count=1, min=263945915ns, avg=263945915.0ns, max=263945915ns (profiler_analysis.cpp:652)
2026-06-03 00:01:33.921 | info     |           Metal | Device kernel duration perf histogram (device=0): (buckets=10, bucket_size=100ns, range=[263945900..263946900), underflow(<263945900ns)=0, overflow(>=263946900ns)=0) (profiler_analysis.cpp:695)
2026-06-03 00:01:33.921 | info     |           Metal |   [   263945900 ..    263946000) |########################################|        1 (profiler_analysis.cpp:700)
2026-06-03 00:01:33.921 | info     |           Metal |   [   263946000 ..    263946100) |                                        |        0 (profiler_analysis.cpp:700)
2026-06-03 00:01:33.921 | info     |           Metal |   [   263946100 ..    263946200) |                                        |        0 (profiler_analysis.cpp:700)
2026-06-03 00:01:33.921 | info     |           Metal |   [   263946200 ..    263946300) |                                        |        0 (profiler_analysis.cpp:700)
2026-06-03 00:01:33.921 | info     |           Metal |   [   263946300 ..    263946400) |                                        |        0 (profiler_analysis.cpp:700)
2026-06-03 00:01:33.921 | info     |           Metal |   [   263946400 ..    263946500) |                                        |        0 (profiler_analysis.cpp:700)
2026-06-03 00:01:33.921 | info     |           Metal |   [   263946500 ..    263946600) |                                        |        0 (profiler_analysis.cpp:700)
2026-06-03 00:01:33.921 | info     |           Metal |   [   263946600 ..    263946700) |                                        |        0 (profiler_analysis.cpp:700)
2026-06-03 00:01:33.921 | info     |           Metal |   [   263946700 ..    263946800) |                                        |        0 (profiler_analysis.cpp:700)
2026-06-03 00:01:33.921 | info     |           Metal |   [   263946800 ..    263946900) |                                        |        0 (profiler_analysis.cpp:700)
[SORT] stage=RP P=602411 P_kept=602411 num_tiles=1024 max_tile_n=4432 bin=10.05 up=0.02 kernel=0.03 d2h=7.14 compact=0.00 publish=0.02 total=20.93ms
2026-06-03 00:01:34.246 | info     |           Metal | Device kernel duration perf summary (device=0): count=1, min=267457816ns, avg=267457816.0ns, max=267457816ns (profiler_analysis.cpp:652)
2026-06-03 00:01:34.246 | info     |           Metal | Device kernel duration perf histogram (device=0): (buckets=10, bucket_size=100ns, range=[267457800..267458800), underflow(<267457800ns)=0, overflow(>=267458800ns)=0) (profiler_analysis.cpp:695)
2026-06-03 00:01:34.246 | info     |           Metal |   [   267457800 ..    267457900) |########################################|        1 (profiler_analysis.cpp:700)
2026-06-03 00:01:34.246 | info     |           Metal |   [   267457900 ..    267458000) |                                        |        0 (profiler_analysis.cpp:700)
2026-06-03 00:01:34.246 | info     |           Metal |   [   267458000 ..    267458100) |                                        |        0 (profiler_analysis.cpp:700)
2026-06-03 00:01:34.246 | info     |           Metal |   [   267458100 ..    267458200) |                                        |        0 (profiler_analysis.cpp:700)
2026-06-03 00:01:34.246 | info     |           Metal |   [   267458200 ..    267458300) |                                        |        0 (profiler_analysis.cpp:700)
2026-06-03 00:01:34.246 | info     |           Metal |   [   267458300 ..    267458400) |                                        |        0 (profiler_analysis.cpp:700)
2026-06-03 00:01:34.246 | info     |           Metal |   [   267458400 ..    267458500) |                                        |        0 (profiler_analysis.cpp:700)
2026-06-03 00:01:34.246 | info     |           Metal |   [   267458500 ..    267458600) |                                        |        0 (profiler_analysis.cpp:700)
2026-06-03 00:01:34.246 | info     |           Metal |   [   267458600 ..    267458700) |                                        |        0 (profiler_analysis.cpp:700)
2026-06-03 00:01:34.246 | info     |           Metal |   [   267458700 ..    267458800) |                                        |        0 (profiler_analysis.cpp:700)
2026-06-03 00:01:34.573 | info     |           Metal | Device kernel duration perf summary (device=0): count=1, min=269339970ns, avg=269339970.0ns, max=269339970ns (profiler_analysis.cpp:652)
2026-06-03 00:01:34.573 | info     |           Metal | Device kernel duration perf histogram (device=0): (buckets=10, bucket_size=100ns, range=[269339900..269340900), underflow(<269339900ns)=0, overflow(>=269340900ns)=0) (profiler_analysis.cpp:695)
2026-06-03 00:01:34.573 | info     |           Metal |   [   269339900 ..    269340000) |########################################|        1 (profiler_analysis.cpp:700)
2026-06-03 00:01:34.573 | info     |           Metal |   [   269340000 ..    269340100) |                                        |        0 (profiler_analysis.cpp:700)
2026-06-03 00:01:34.573 | info     |           Metal |   [   269340100 ..    269340200) |                                        |        0 (profiler_analysis.cpp:700)
2026-06-03 00:01:34.573 | info     |           Metal |   [   269340200 ..    269340300) |                                        |        0 (profiler_analysis.cpp:700)
2026-06-03 00:01:34.573 | info     |           Metal |   [   269340300 ..    269340400) |                                        |        0 (profiler_analysis.cpp:700)
2026-06-03 00:01:34.573 | info     |           Metal |   [   269340400 ..    269340500) |                                        |        0 (profiler_analysis.cpp:700)
2026-06-03 00:01:34.573 | info     |           Metal |   [   269340500 ..    269340600) |                                        |        0 (profiler_analysis.cpp:700)
2026-06-03 00:01:34.573 | info     |           Metal |   [   269340600 ..    269340700) |                                        |        0 (profiler_analysis.cpp:700)
2026-06-03 00:01:34.573 | info     |           Metal |   [   269340700 ..    269340800) |                                        |        0 (profiler_analysis.cpp:700)
2026-06-03 00:01:34.573 | info     |           Metal |   [   269340800 ..    269340900) |                                        |        0 (profiler_analysis.cpp:700)
[SORT] stage=RP P=629297 P_kept=629297 num_tiles=1024 max_tile_n=4928 bin=11.66 up=0.02 kernel=0.03 d2h=7.12 compact=0.00 publish=0.02 total=22.56ms
2026-06-03 00:01:34.894 | info     |           Metal | Device kernel duration perf summary (device=0): count=1, min=265864521ns, avg=265864521.0ns, max=265864521ns (profiler_analysis.cpp:652)
2026-06-03 00:01:34.894 | info     |           Metal | Device kernel duration perf histogram (device=0): (buckets=10, bucket_size=100ns, range=[265864500..265865500), underflow(<265864500ns)=0, overflow(>=265865500ns)=0) (profiler_analysis.cpp:695)
2026-06-03 00:01:34.894 | info     |           Metal |   [   265864500 ..    265864600) |########################################|        1 (profiler_analysis.cpp:700)
2026-06-03 00:01:34.894 | info     |           Metal |   [   265864600 ..    265864700) |                                        |        0 (profiler_analysis.cpp:700)
2026-06-03 00:01:34.894 | info     |           Metal |   [   265864700 ..    265864800) |                                        |        0 (profiler_analysis.cpp:700)
2026-06-03 00:01:34.894 | info     |           Metal |   [   265864800 ..    265864900) |                                        |        0 (profiler_analysis.cpp:700)
2026-06-03 00:01:34.894 | info     |           Metal |   [   265864900 ..    265865000) |                                        |        0 (profiler_analysis.cpp:700)
2026-06-03 00:01:34.894 | info     |           Metal |   [   265865000 ..    265865100) |                                        |        0 (profiler_analysis.cpp:700)
2026-06-03 00:01:34.894 | info     |           Metal |   [   265865100 ..    265865200) |                                        |        0 (profiler_analysis.cpp:700)
2026-06-03 00:01:34.894 | info     |           Metal |   [   265865200 ..    265865300) |                                        |        0 (profiler_analysis.cpp:700)
2026-06-03 00:01:34.894 | info     |           Metal |   [   265865300 ..    265865400) |                                        |        0 (profiler_analysis.cpp:700)
2026-06-03 00:01:34.894 | info     |           Metal |   [   265865400 ..    265865500) |                                        |        0 (profiler_analysis.cpp:700)
[SORT] stage=RP P=574474 P_kept=574474 num_tiles=1024 max_tile_n=4784 bin=10.84 up=0.02 kernel=0.02 d2h=7.13 compact=0.00 publish=0.02 total=21.62ms
2026-06-03 00:01:35.212 | info     |           Metal | Device kernel duration perf summary (device=0): count=1, min=265581416ns, avg=265581416.0ns, max=265581416ns (profiler_analysis.cpp:652)
2026-06-03 00:01:35.212 | info     |           Metal | Device kernel duration perf histogram (device=0): (buckets=10, bucket_size=100ns, range=[265581400..265582400), underflow(<265581400ns)=0, overflow(>=265582400ns)=0) (profiler_analysis.cpp:695)
2026-06-03 00:01:35.212 | info     |           Metal |   [   265581400 ..    265581500) |########################################|        1 (profiler_analysis.cpp:700)
2026-06-03 00:01:35.212 | info     |           Metal |   [   265581500 ..    265581600) |                                        |        0 (profiler_analysis.cpp:700)
2026-06-03 00:01:35.212 | info     |           Metal |   [   265581600 ..    265581700) |                                        |        0 (profiler_analysis.cpp:700)
2026-06-03 00:01:35.212 | info     |           Metal |   [   265581700 ..    265581800) |                                        |        0 (profiler_analysis.cpp:700)
2026-06-03 00:01:35.212 | info     |           Metal |   [   265581800 ..    265581900) |                                        |        0 (profiler_analysis.cpp:700)
2026-06-03 00:01:35.212 | info     |           Metal |   [   265581900 ..    265582000) |                                        |        0 (profiler_analysis.cpp:700)
2026-06-03 00:01:35.212 | info     |           Metal |   [   265582000 ..    265582100) |                                        |        0 (profiler_analysis.cpp:700)
2026-06-03 00:01:35.212 | info     |           Metal |   [   265582100 ..    265582200) |                                        |        0 (profiler_analysis.cpp:700)
2026-06-03 00:01:35.212 | info     |           Metal |   [   265582200 ..    265582300) |                                        |        0 (profiler_analysis.cpp:700)
2026-06-03 00:01:35.212 | info     |           Metal |   [   265582300 ..    265582400) |                                        |        0 (profiler_analysis.cpp:700)
[SORT] stage=RP P=508814 P_kept=508814 num_tiles=1024 max_tile_n=4560 bin=10.27 up=0.02 kernel=0.02 d2h=7.13 compact=0.00 publish=0.02 total=20.91ms
2026-06-03 00:01:35.523 | info     |           Metal | Device kernel duration perf summary (device=0): count=1, min=262260625ns, avg=262260625.0ns, max=262260625ns (profiler_analysis.cpp:652)
2026-06-03 00:01:35.523 | info     |           Metal | Device kernel duration perf histogram (device=0): (buckets=10, bucket_size=100ns, range=[262260600..262261600), underflow(<262260600ns)=0, overflow(>=262261600ns)=0) (profiler_analysis.cpp:695)
2026-06-03 00:01:35.523 | info     |           Metal |   [   262260600 ..    262260700) |########################################|        1 (profiler_analysis.cpp:700)
2026-06-03 00:01:35.523 | info     |           Metal |   [   262260700 ..    262260800) |                                        |        0 (profiler_analysis.cpp:700)
2026-06-03 00:01:35.523 | info     |           Metal |   [   262260800 ..    262260900) |                                        |        0 (profiler_analysis.cpp:700)
2026-06-03 00:01:35.523 | info     |           Metal |   [   262260900 ..    262261000) |                                        |        0 (profiler_analysis.cpp:700)
2026-06-03 00:01:35.523 | info     |           Metal |   [   262261000 ..    262261100) |                                        |        0 (profiler_analysis.cpp:700)
2026-06-03 00:01:35.523 | info     |           Metal |   [   262261100 ..    262261200) |                                        |        0 (profiler_analysis.cpp:700)
2026-06-03 00:01:35.523 | info     |           Metal |   [   262261200 ..    262261300) |                                        |        0 (profiler_analysis.cpp:700)
2026-06-03 00:01:35.523 | info     |           Metal |   [   262261300 ..    262261400) |                                        |        0 (profiler_analysis.cpp:700)
2026-06-03 00:01:35.523 | info     |           Metal |   [   262261400 ..    262261500) |                                        |        0 (profiler_analysis.cpp:700)
2026-06-03 00:01:35.523 | info     |           Metal |   [   262261500 ..    262261600) |                                        |        0 (profiler_analysis.cpp:700)
[SORT] stage=RP P=414994 P_kept=414994 num_tiles=1024 max_tile_n=3520 bin=9.32 up=0.02 kernel=0.02 d2h=7.13 compact=0.00 publish=0.02 total=19.74ms
2026-06-03 00:01:35.826 | info     |           Metal | Device kernel duration perf summary (device=0): count=1, min=256410816ns, avg=256410816.0ns, max=256410816ns (profiler_analysis.cpp:652)
2026-06-03 00:01:35.826 | info     |           Metal | Device kernel duration perf histogram (device=0): (buckets=10, bucket_size=100ns, range=[256410800..256411800), underflow(<256410800ns)=0, overflow(>=256411800ns)=0) (profiler_analysis.cpp:695)
2026-06-03 00:01:35.826 | info     |           Metal |   [   256410800 ..    256410900) |########################################|        1 (profiler_analysis.cpp:700)
2026-06-03 00:01:35.826 | info     |           Metal |   [   256410900 ..    256411000) |                                        |        0 (profiler_analysis.cpp:700)
2026-06-03 00:01:35.826 | info     |           Metal |   [   256411000 ..    256411100) |                                        |        0 (profiler_analysis.cpp:700)
2026-06-03 00:01:35.826 | info     |           Metal |   [   256411100 ..    256411200) |                                        |        0 (profiler_analysis.cpp:700)
2026-06-03 00:01:35.826 | info     |           Metal |   [   256411200 ..    256411300) |                                        |        0 (profiler_analysis.cpp:700)
2026-06-03 00:01:35.826 | info     |           Metal |   [   256411300 ..    256411400) |                                        |        0 (profiler_analysis.cpp:700)
2026-06-03 00:01:35.826 | info     |           Metal |   [   256411400 ..    256411500) |                                        |        0 (profiler_analysis.cpp:700)
2026-06-03 00:01:35.826 | info     |           Metal |   [   256411500 ..    256411600) |                                        |        0 (profiler_analysis.cpp:700)
2026-06-03 00:01:35.826 | info     |           Metal |   [   256411600 ..    256411700) |                                        |        0 (profiler_analysis.cpp:700)
2026-06-03 00:01:35.826 | info     |           Metal |   [   256411700 ..    256411800) |                                        |        0 (profiler_analysis.cpp:700)
[SORT] stage=RP P=245802 P_kept=245802 num_tiles=1024 max_tile_n=2704 bin=7.20 up=0.02 kernel=0.02 d2h=7.14 compact=0.00 publish=0.02 total=17.24ms
2026-06-03 00:01:36.121 | info     |           Metal | Device kernel duration perf summary (device=0): count=1, min=253191961ns, avg=253191961.0ns, max=253191961ns (profiler_analysis.cpp:652)
2026-06-03 00:01:36.121 | info     |           Metal | Device kernel duration perf histogram (device=0): (buckets=10, bucket_size=100ns, range=[253191900..253192900), underflow(<253191900ns)=0, overflow(>=253192900ns)=0) (profiler_analysis.cpp:695)
2026-06-03 00:01:36.121 | info     |           Metal |   [   253191900 ..    253192000) |########################################|        1 (profiler_analysis.cpp:700)
2026-06-03 00:01:36.121 | info     |           Metal |   [   253192000 ..    253192100) |                                        |        0 (profiler_analysis.cpp:700)
2026-06-03 00:01:36.121 | info     |           Metal |   [   253192100 ..    253192200) |                                        |        0 (profiler_analysis.cpp:700)
2026-06-03 00:01:36.121 | info     |           Metal |   [   253192200 ..    253192300) |                                        |        0 (profiler_analysis.cpp:700)
2026-06-03 00:01:36.121 | info     |           Metal |   [   253192300 ..    253192400) |                                        |        0 (profiler_analysis.cpp:700)
2026-06-03 00:01:36.121 | info     |           Metal |   [   253192400 ..    253192500) |                                        |        0 (profiler_analysis.cpp:700)
2026-06-03 00:01:36.121 | info     |           Metal |   [   253192500 ..    253192600) |                                        |        0 (profiler_analysis.cpp:700)
2026-06-03 00:01:36.121 | info     |           Metal |   [   253192600 ..    253192700) |                                        |        0 (profiler_analysis.cpp:700)
2026-06-03 00:01:36.121 | info     |           Metal |   [   253192700 ..    253192800) |                                        |        0 (profiler_analysis.cpp:700)
2026-06-03 00:01:36.121 | info     |           Metal |   [   253192800 ..    253192900) |                                        |        0 (profiler_analysis.cpp:700)
[SORT] stage=RP P=162380 P_kept=162380 num_tiles=1024 max_tile_n=1744 bin=6.41 up=0.02 kernel=0.02 d2h=7.12 compact=0.00 publish=0.02 total=16.13ms
2026-06-03 00:01:36.446 | info     |           Metal | Device kernel duration perf summary (device=0): count=1, min=267888745ns, avg=267888745.0ns, max=267888745ns (profiler_analysis.cpp:652)
2026-06-03 00:01:36.446 | info     |           Metal | Device kernel duration perf histogram (device=0): (buckets=10, bucket_size=100ns, range=[267888700..267889700), underflow(<267888700ns)=0, overflow(>=267889700ns)=0) (profiler_analysis.cpp:695)
2026-06-03 00:01:36.446 | info     |           Metal |   [   267888700 ..    267888800) |########################################|        1 (profiler_analysis.cpp:700)
2026-06-03 00:01:36.446 | info     |           Metal |   [   267888800 ..    267888900) |                                        |        0 (profiler_analysis.cpp:700)
2026-06-03 00:01:36.446 | info     |           Metal |   [   267888900 ..    267889000) |                                        |        0 (profiler_analysis.cpp:700)
2026-06-03 00:01:36.446 | info     |           Metal |   [   267889000 ..    267889100) |                                        |        0 (profiler_analysis.cpp:700)
2026-06-03 00:01:36.446 | info     |           Metal |   [   267889100 ..    267889200) |                                        |        0 (profiler_analysis.cpp:700)
2026-06-03 00:01:36.446 | info     |           Metal |   [   267889200 ..    267889300) |                                        |        0 (profiler_analysis.cpp:700)
2026-06-03 00:01:36.446 | info     |           Metal |   [   267889300 ..    267889400) |                                        |        0 (profiler_analysis.cpp:700)
2026-06-03 00:01:36.446 | info     |           Metal |   [   267889400 ..    267889500) |                                        |        0 (profiler_analysis.cpp:700)
2026-06-03 00:01:36.446 | info     |           Metal |   [   267889500 ..    267889600) |                                        |        0 (profiler_analysis.cpp:700)
2026-06-03 00:01:36.446 | info     |           Metal |   [   267889600 ..    267889700) |                                        |        0 (profiler_analysis.cpp:700)
[SORT] stage=RP P=588050 P_kept=588050 num_tiles=1024 max_tile_n=4864 bin=11.30 up=0.02 kernel=0.02 d2h=7.14 compact=0.00 publish=0.02 total=22.12ms
[SORT] stage=RP P=854460 P_kept=854460 num_tiles=1024 max_tile_n=5152 bin=14.26 up=0.02 kernel=0.02 d2h=7.17 compact=0.00 publish=0.02 total=25.74ms
2026-06-03 00:01:36.787 | info     |           Metal | Device kernel duration perf summary (device=0): count=1, min=276019368ns, avg=276019368.0ns, max=276019368ns (profiler_analysis.cpp:652)
2026-06-03 00:01:36.787 | info     |           Metal | Device kernel duration perf histogram (device=0): (buckets=10, bucket_size=100ns, range=[276019300..276020300), underflow(<276019300ns)=0, overflow(>=276020300ns)=0) (profiler_analysis.cpp:695)
2026-06-03 00:01:36.787 | info     |           Metal |   [   276019300 ..    276019400) |########################################|        1 (profiler_analysis.cpp:700)
2026-06-03 00:01:36.787 | info     |           Metal |   [   276019400 ..    276019500) |                                        |        0 (profiler_analysis.cpp:700)
2026-06-03 00:01:36.787 | info     |           Metal |   [   276019500 ..    276019600) |                                        |        0 (profiler_analysis.cpp:700)
2026-06-03 00:01:36.787 | info     |           Metal |   [   276019600 ..    276019700) |                                        |        0 (profiler_analysis.cpp:700)
2026-06-03 00:01:36.787 | info     |           Metal |   [   276019700 ..    276019800) |                                        |        0 (profiler_analysis.cpp:700)
2026-06-03 00:01:36.787 | info     |           Metal |   [   276019800 ..    276019900) |                                        |        0 (profiler_analysis.cpp:700)
2026-06-03 00:01:36.787 | info     |           Metal |   [   276019900 ..    276020000) |                                        |        0 (profiler_analysis.cpp:700)
2026-06-03 00:01:36.787 | info     |           Metal |   [   276020000 ..    276020100) |                                        |        0 (profiler_analysis.cpp:700)
2026-06-03 00:01:36.787 | info     |           Metal |   [   276020100 ..    276020200) |                                        |        0 (profiler_analysis.cpp:700)
2026-06-03 00:01:36.787 | info     |           Metal |   [   276020200 ..    276020300) |                                        |        0 (profiler_analysis.cpp:700)
[SORT] stage=RP P=840033 P_kept=840033 num_tiles=1024 max_tile_n=4704 bin=13.90 up=0.02 kernel=0.02 d2h=7.14 compact=0.00 publish=0.02 total=25.29ms
2026-06-03 00:01:37.127 | info     |           Metal | Device kernel duration perf summary (device=0): count=1, min=276758197ns, avg=276758197.0ns, max=276758197ns (profiler_analysis.cpp:652)
2026-06-03 00:01:37.127 | info     |           Metal | Device kernel duration perf histogram (device=0): (buckets=10, bucket_size=100ns, range=[276758100..276759100), underflow(<276758100ns)=0, overflow(>=276759100ns)=0) (profiler_analysis.cpp:695)
2026-06-03 00:01:37.127 | info     |           Metal |   [   276758100 ..    276758200) |########################################|        1 (profiler_analysis.cpp:700)
2026-06-03 00:01:37.127 | info     |           Metal |   [   276758200 ..    276758300) |                                        |        0 (profiler_analysis.cpp:700)
2026-06-03 00:01:37.127 | info     |           Metal |   [   276758300 ..    276758400) |                                        |        0 (profiler_analysis.cpp:700)
2026-06-03 00:01:37.127 | info     |           Metal |   [   276758400 ..    276758500) |                                        |        0 (profiler_analysis.cpp:700)
2026-06-03 00:01:37.127 | info     |           Metal |   [   276758500 ..    276758600) |                                        |        0 (profiler_analysis.cpp:700)
2026-06-03 00:01:37.127 | info     |           Metal |   [   276758600 ..    276758700) |                                        |        0 (profiler_analysis.cpp:700)
2026-06-03 00:01:37.127 | info     |           Metal |   [   276758700 ..    276758800) |                                        |        0 (profiler_analysis.cpp:700)
2026-06-03 00:01:37.127 | info     |           Metal |   [   276758800 ..    276758900) |                                        |        0 (profiler_analysis.cpp:700)
2026-06-03 00:01:37.127 | info     |           Metal |   [   276758900 ..    276759000) |                                        |        0 (profiler_analysis.cpp:700)
2026-06-03 00:01:37.127 | info     |           Metal |   [   276759000 ..    276759100) |                                        |        0 (profiler_analysis.cpp:700)
2026-06-03 00:01:37.484 | info     |           Metal | Device kernel duration perf summary (device=0): count=1, min=283648992ns, avg=283648992.0ns, max=283648992ns (profiler_analysis.cpp:652)
2026-06-03 00:01:37.484 | info     |           Metal | Device kernel duration perf histogram (device=0): (buckets=10, bucket_size=100ns, range=[283648900..283649900), underflow(<283648900ns)=0, overflow(>=283649900ns)=0) (profiler_analysis.cpp:695)
2026-06-03 00:01:37.484 | info     |           Metal |   [   283648900 ..    283649000) |########################################|        1 (profiler_analysis.cpp:700)
2026-06-03 00:01:37.484 | info     |           Metal |   [   283649000 ..    283649100) |                                        |        0 (profiler_analysis.cpp:700)
2026-06-03 00:01:37.484 | info     |           Metal |   [   283649100 ..    283649200) |                                        |        0 (profiler_analysis.cpp:700)
2026-06-03 00:01:37.484 | info     |           Metal |   [   283649200 ..    283649300) |                                        |        0 (profiler_analysis.cpp:700)
2026-06-03 00:01:37.484 | info     |           Metal |   [   283649300 ..    283649400) |                                        |        0 (profiler_analysis.cpp:700)
2026-06-03 00:01:37.484 | info     |           Metal |   [   283649400 ..    283649500) |                                        |        0 (profiler_analysis.cpp:700)
2026-06-03 00:01:37.484 | info     |           Metal |   [   283649500 ..    283649600) |                                        |        0 (profiler_analysis.cpp:700)
2026-06-03 00:01:37.484 | info     |           Metal |   [   283649600 ..    283649700) |                                        |        0 (profiler_analysis.cpp:700)
2026-06-03 00:01:37.484 | info     |           Metal |   [   283649700 ..    283649800) |                                        |        0 (profiler_analysis.cpp:700)
2026-06-03 00:01:37.484 | info     |           Metal |   [   283649800 ..    283649900) |                                        |        0 (profiler_analysis.cpp:700)
[SORT] stage=RP P=1077452 P_kept=1077452 num_tiles=1024 max_tile_n=5408 bin=16.26 up=0.02 kernel=0.02 d2h=7.12 compact=0.00 publish=0.02 total=28.11ms
[SORT] stage=RP P=1175882 P_kept=1175882 num_tiles=1024 max_tile_n=5312 bin=17.05 up=0.02 kernel=0.03 d2h=7.13 compact=0.00 publish=0.02 total=29.10ms
2026-06-03 00:01:37.858 | info     |           Metal | Device kernel duration perf summary (device=0): count=1, min=289944386ns, avg=289944386.0ns, max=289944386ns (profiler_analysis.cpp:652)
2026-06-03 00:01:37.858 | info     |           Metal | Device kernel duration perf histogram (device=0): (buckets=10, bucket_size=100ns, range=[289944300..289945300), underflow(<289944300ns)=0, overflow(>=289945300ns)=0) (profiler_analysis.cpp:695)
2026-06-03 00:01:37.858 | info     |           Metal |   [   289944300 ..    289944400) |########################################|        1 (profiler_analysis.cpp:700)
2026-06-03 00:01:37.858 | info     |           Metal |   [   289944400 ..    289944500) |                                        |        0 (profiler_analysis.cpp:700)
2026-06-03 00:01:37.858 | info     |           Metal |   [   289944500 ..    289944600) |                                        |        0 (profiler_analysis.cpp:700)
2026-06-03 00:01:37.858 | info     |           Metal |   [   289944600 ..    289944700) |                                        |        0 (profiler_analysis.cpp:700)
2026-06-03 00:01:37.858 | info     |           Metal |   [   289944700 ..    289944800) |                                        |        0 (profiler_analysis.cpp:700)
2026-06-03 00:01:37.858 | info     |           Metal |   [   289944800 ..    289944900) |                                        |        0 (profiler_analysis.cpp:700)
2026-06-03 00:01:37.858 | info     |           Metal |   [   289944900 ..    289945000) |                                        |        0 (profiler_analysis.cpp:700)
2026-06-03 00:01:37.858 | info     |           Metal |   [   289945000 ..    289945100) |                                        |        0 (profiler_analysis.cpp:700)
2026-06-03 00:01:37.858 | info     |           Metal |   [   289945100 ..    289945200) |                                        |        0 (profiler_analysis.cpp:700)
2026-06-03 00:01:37.858 | info     |           Metal |   [   289945200 ..    289945300) |                                        |        0 (profiler_analysis.cpp:700)
2026-06-03 00:01:38.189 | info     |           Metal | Device kernel duration perf summary (device=0): count=1, min=272444363ns, avg=272444363.0ns, max=272444363ns (profiler_analysis.cpp:652)
2026-06-03 00:01:38.189 | info     |           Metal | Device kernel duration perf histogram (device=0): (buckets=10, bucket_size=100ns, range=[272444300..272445300), underflow(<272444300ns)=0, overflow(>=272445300ns)=0) (profiler_analysis.cpp:695)
2026-06-03 00:01:38.189 | info     |           Metal |   [   272444300 ..    272444400) |########################################|        1 (profiler_analysis.cpp:700)
2026-06-03 00:01:38.189 | info     |           Metal |   [   272444400 ..    272444500) |                                        |        0 (profiler_analysis.cpp:700)
2026-06-03 00:01:38.189 | info     |           Metal |   [   272444500 ..    272444600) |                                        |        0 (profiler_analysis.cpp:700)
2026-06-03 00:01:38.189 | info     |           Metal |   [   272444600 ..    272444700) |                                        |        0 (profiler_analysis.cpp:700)
2026-06-03 00:01:38.189 | info     |           Metal |   [   272444700 ..    272444800) |                                        |        0 (profiler_analysis.cpp:700)
2026-06-03 00:01:38.189 | info     |           Metal |   [   272444800 ..    272444900) |                                        |        0 (profiler_analysis.cpp:700)
2026-06-03 00:01:38.189 | info     |           Metal |   [   272444900 ..    272445000) |                                        |        0 (profiler_analysis.cpp:700)
2026-06-03 00:01:38.189 | info     |           Metal |   [   272445000 ..    272445100) |                                        |        0 (profiler_analysis.cpp:700)
2026-06-03 00:01:38.189 | info     |           Metal |   [   272445100 ..    272445200) |                                        |        0 (profiler_analysis.cpp:700)
2026-06-03 00:01:38.189 | info     |           Metal |   [   272445200 ..    272445300) |                                        |        0 (profiler_analysis.cpp:700)
[SORT] stage=RP P=662931 P_kept=662931 num_tiles=1024 max_tile_n=5184 bin=12.00 up=0.02 kernel=0.02 d2h=7.13 compact=0.00 publish=0.02 total=23.00ms
[SORT] stage=RP P=1298085 P_kept=1298085 num_tiles=1024 max_tile_n=18608 bin=18.91 up=0.02 kernel=0.03 d2h=7.14 compact=0.00 publish=0.03 total=31.70ms
2026-06-03 00:01:38.569 | info     |           Metal | Device kernel duration perf summary (device=0): count=1, min=295725343ns, avg=295725343.0ns, max=295725343ns (profiler_analysis.cpp:652)
2026-06-03 00:01:38.569 | info     |           Metal | Device kernel duration perf histogram (device=0): (buckets=10, bucket_size=100ns, range=[295725300..295726300), underflow(<295725300ns)=0, overflow(>=295726300ns)=0) (profiler_analysis.cpp:695)
2026-06-03 00:01:38.569 | info     |           Metal |   [   295725300 ..    295725400) |########################################|        1 (profiler_analysis.cpp:700)
2026-06-03 00:01:38.569 | info     |           Metal |   [   295725400 ..    295725500) |                                        |        0 (profiler_analysis.cpp:700)
2026-06-03 00:01:38.569 | info     |           Metal |   [   295725500 ..    295725600) |                                        |        0 (profiler_analysis.cpp:700)
2026-06-03 00:01:38.569 | info     |           Metal |   [   295725600 ..    295725700) |                                        |        0 (profiler_analysis.cpp:700)
2026-06-03 00:01:38.569 | info     |           Metal |   [   295725700 ..    295725800) |                                        |        0 (profiler_analysis.cpp:700)
2026-06-03 00:01:38.569 | info     |           Metal |   [   295725800 ..    295725900) |                                        |        0 (profiler_analysis.cpp:700)
2026-06-03 00:01:38.569 | info     |           Metal |   [   295725900 ..    295726000) |                                        |        0 (profiler_analysis.cpp:700)
2026-06-03 00:01:38.569 | info     |           Metal |   [   295726000 ..    295726100) |                                        |        0 (profiler_analysis.cpp:700)
2026-06-03 00:01:38.569 | info     |           Metal |   [   295726100 ..    295726200) |                                        |        0 (profiler_analysis.cpp:700)
2026-06-03 00:01:38.569 | info     |           Metal |   [   295726200 ..    295726300) |                                        |        0 (profiler_analysis.cpp:700)
2026-06-03 00:01:38.878 | info     |           Metal | Device kernel duration perf summary (device=0): count=1, min=262193299ns, avg=262193299.0ns, max=262193299ns (profiler_analysis.cpp:652)
2026-06-03 00:01:38.878 | info     |           Metal | Device kernel duration perf histogram (device=0): (buckets=10, bucket_size=100ns, range=[262193200..262194200), underflow(<262193200ns)=0, overflow(>=262194200ns)=0) (profiler_analysis.cpp:695)
2026-06-03 00:01:38.878 | info     |           Metal |   [   262193200 ..    262193300) |########################################|        1 (profiler_analysis.cpp:700)
2026-06-03 00:01:38.878 | info     |           Metal |   [   262193300 ..    262193400) |                                        |        0 (profiler_analysis.cpp:700)
2026-06-03 00:01:38.878 | info     |           Metal |   [   262193400 ..    262193500) |                                        |        0 (profiler_analysis.cpp:700)
2026-06-03 00:01:38.878 | info     |           Metal |   [   262193500 ..    262193600) |                                        |        0 (profiler_analysis.cpp:700)
2026-06-03 00:01:38.878 | info     |           Metal |   [   262193600 ..    262193700) |                                        |        0 (profiler_analysis.cpp:700)
2026-06-03 00:01:38.878 | info     |           Metal |   [   262193700 ..    262193800) |                                        |        0 (profiler_analysis.cpp:700)
2026-06-03 00:01:38.878 | info     |           Metal |   [   262193800 ..    262193900) |                                        |        0 (profiler_analysis.cpp:700)
2026-06-03 00:01:38.878 | info     |           Metal |   [   262193900 ..    262194000) |                                        |        0 (profiler_analysis.cpp:700)
2026-06-03 00:01:38.878 | info     |           Metal |   [   262194000 ..    262194100) |                                        |        0 (profiler_analysis.cpp:700)
2026-06-03 00:01:38.878 | info     |           Metal |   [   262194100 ..    262194200) |                                        |        0 (profiler_analysis.cpp:700)
[SORT] stage=RP P=262468 P_kept=262468 num_tiles=1024 max_tile_n=4464 bin=7.34 up=0.02 kernel=0.02 d2h=7.17 compact=0.00 publish=0.02 total=16.94ms
2026-06-03 00:01:39.165 | info     |           Metal | Device kernel duration perf summary (device=0): count=1, min=247521660ns, avg=247521660.0ns, max=247521660ns (profiler_analysis.cpp:652)
2026-06-03 00:01:39.165 | info     |           Metal | Device kernel duration perf histogram (device=0): (buckets=10, bucket_size=100ns, range=[247521600..247522600), underflow(<247521600ns)=0, overflow(>=247522600ns)=0) (profiler_analysis.cpp:695)
2026-06-03 00:01:39.165 | info     |           Metal |   [   247521600 ..    247521700) |########################################|        1 (profiler_analysis.cpp:700)
2026-06-03 00:01:39.165 | info     |           Metal |   [   247521700 ..    247521800) |                                        |        0 (profiler_analysis.cpp:700)
2026-06-03 00:01:39.165 | info     |           Metal |   [   247521800 ..    247521900) |                                        |        0 (profiler_analysis.cpp:700)
2026-06-03 00:01:39.165 | info     |           Metal |   [   247521900 ..    247522000) |                                        |        0 (profiler_analysis.cpp:700)
2026-06-03 00:01:39.165 | info     |           Metal |   [   247522000 ..    247522100) |                                        |        0 (profiler_analysis.cpp:700)
2026-06-03 00:01:39.165 | info     |           Metal |   [   247522100 ..    247522200) |                                        |        0 (profiler_analysis.cpp:700)
2026-06-03 00:01:39.165 | info     |           Metal |   [   247522200 ..    247522300) |                                        |        0 (profiler_analysis.cpp:700)
2026-06-03 00:01:39.165 | info     |           Metal |   [   247522300 ..    247522400) |                                        |        0 (profiler_analysis.cpp:700)
2026-06-03 00:01:39.165 | info     |           Metal |   [   247522400 ..    247522500) |                                        |        0 (profiler_analysis.cpp:700)
2026-06-03 00:01:39.165 | info     |           Metal |   [   247522500 ..    247522600) |                                        |        0 (profiler_analysis.cpp:700)
[SORT] stage=RP P=107247 P_kept=107247 num_tiles=1024 max_tile_n=1664 bin=5.98 up=0.02 kernel=0.02 d2h=7.13 compact=0.00 publish=0.02 total=15.30ms
2026-06-03 00:01:39.498 | info     |           Metal | Device kernel duration perf summary (device=0): count=1, min=274219059ns, avg=274219059.0ns, max=274219059ns (profiler_analysis.cpp:652)
2026-06-03 00:01:39.498 | info     |           Metal | Device kernel duration perf histogram (device=0): (buckets=10, bucket_size=100ns, range=[274219000..274220000), underflow(<274219000ns)=0, overflow(>=274220000ns)=0) (profiler_analysis.cpp:695)
2026-06-03 00:01:39.498 | info     |           Metal |   [   274219000 ..    274219100) |########################################|        1 (profiler_analysis.cpp:700)
2026-06-03 00:01:39.498 | info     |           Metal |   [   274219100 ..    274219200) |                                        |        0 (profiler_analysis.cpp:700)
2026-06-03 00:01:39.498 | info     |           Metal |   [   274219200 ..    274219300) |                                        |        0 (profiler_analysis.cpp:700)
2026-06-03 00:01:39.498 | info     |           Metal |   [   274219300 ..    274219400) |                                        |        0 (profiler_analysis.cpp:700)
2026-06-03 00:01:39.498 | info     |           Metal |   [   274219400 ..    274219500) |                                        |        0 (profiler_analysis.cpp:700)
2026-06-03 00:01:39.498 | info     |           Metal |   [   274219500 ..    274219600) |                                        |        0 (profiler_analysis.cpp:700)
2026-06-03 00:01:39.498 | info     |           Metal |   [   274219600 ..    274219700) |                                        |        0 (profiler_analysis.cpp:700)
2026-06-03 00:01:39.498 | info     |           Metal |   [   274219700 ..    274219800) |                                        |        0 (profiler_analysis.cpp:700)
2026-06-03 00:01:39.498 | info     |           Metal |   [   274219800 ..    274219900) |                                        |        0 (profiler_analysis.cpp:700)
2026-06-03 00:01:39.498 | info     |           Metal |   [   274219900 ..    274220000) |                                        |        0 (profiler_analysis.cpp:700)
[SORT] stage=RP P=742945 P_kept=742945 num_tiles=1024 max_tile_n=4720 bin=12.72 up=0.02 kernel=0.02 d2h=7.13 compact=0.00 publish=0.02 total=23.92ms
SUMMARY backend=tt blend_mode=2 views=30 hero_vs_gt=46.78dB hero_vs_ref=63.85dB min_vs_ref=56.54dB min_vs_gt=41.19dB ms/view=145.9 (proj=21.5 ta=5.1 sort=51.4 blend=0.0) shot=opt/metal-screenshots/a003-verify-20260603T000139Z/hero.png shot_diff=opt/metal-screenshots/a003-verify-20260603T000139Z/hero_diff10.png
[render-inner] a003_verify rc=0

Queue delay: 13 ns
Timer resolution: 0 ns

Frames: 2
Time span: 22.21 s
Zones: 1,579,600
Elapsed time: 22.11 s
Saving trace... done!
Trace size 16.3 MB (25.71% ratio)
2026-06-03 00:01:43.037 | INFO     | tracy:generate_report:154 - Host side ops time report generated at /localdev/smarton/gstt2/opt/profiler/wrap_out_ttw-043/.logs/tracy_ops_times.csv
2026-06-03 00:01:43.066 | INFO     | tracy:generate_report:165 - Host side ops data report generated at /localdev/smarton/gstt2/opt/profiler/wrap_out_ttw-043/.logs/tracy_ops_data.csv
2026-06-03 00:01:43.066 | INFO     | tracy.process_ops_logs:import_tracy_op_logs:255 - Importing ops logs
/localdev/smarton/tt-metal/tools/tracy/process_ops_logs.py:360: DtypeWarning: Columns (3) have mixed types. Specify dtype option on import or set low_memory=False.
  df = pd.read_csv(tracyOpTimesLog)
2026-06-03 00:01:45.249 | INFO     | tracy.process_ops_logs:get_device_data_generate_report:1014 - Copying runtime artifacts
2026-06-03 00:01:45.338 | INFO     | tracy.process_ops_logs:get_device_data_generate_report:1020 - Getting device only ops data
2026-06-03 00:01:48.843 | INFO     | tracy.process_device_log:core_to_device_timeseries:416 - Importing Data For Device Number : 0
2026-06-03 00:01:54.867 | INFO     | tracy.process_ops_logs:get_device_data_generate_report:1032 - Generating device op report ...
2026-06-03 00:01:55.004 | INFO     | tracy.process_ops_logs:get_device_data_generate_report:1210 - Device only OPs csv generated at: /localdev/smarton/gstt2/opt/profiler/wrap_out_ttw-043/reports/2026_06_03_00_01_45/ops_perf_results_2026_06_03_00_01_45.csv
2026-06-03 00:01:55.021 | INFO     | tracy.process_ops_logs:get_device_data_generate_report:1219 - Device only per core op to op times csv generated at: /localdev/smarton/gstt2/opt/profiler/wrap_out_ttw-043/reports/2026_06_03_00_01_45/per_core_op_to_op_times_2026_06_03_00_01_45.csv
[capture_tracy] wrapper exited rc=0
[capture_tracy] OK tracy: -rw-rw-r-- 1 smarton smarton 17095697 Jun  3 00:01 /localdev/smarton/gstt2/opt/profiler/ttw-043/render.tracy
[capture_tracy] device profiler CSV data rows: 1016801 (1-view baseline ~65600; ~30x => full 30-view)
[capture_tracy] per-zone-hash device marker counts (each zone repeats ~30x across views):
 177568 13133
 150164 32535
 150164 16443
 122760 49375
 122760 17277
  68324 12391
  40920 52195
  40920 44760
  20460 44740
  20460 40868
  13640 64032
  13640 61648
  13640 60078
  13640 40740
  13640 27140
  13640 24407
  13640 13365
   6820 51185
      1  timer_id
[capture_tracy] DONE rc=0 iter=ttw-043 tracy=/localdev/smarton/gstt2/opt/profiler/ttw-043/render.tracy
