================ BUILD ID ================
  cpp : #85 sha=8944006 bin=f682c784d5617fc6 diag: BUCKET_FORCE_INLINE isolate recp10-read vs RMW
  data: # sha= 
=========================================
host=yyzo-bh-03  tag=diag-maskdebug  timeout=1200s  worry=600s  ts=2026-06-01T17:50:44-0700
cmd: export TT_METAL_HOME=/localdev/smarton/tt-metal TT_METAL_RUNTIME_ROOT=/localdev/smarton/tt-metal TT_METAL_CACHE=/localdev/smarton/.cache/tt-metal-cache TT_METAL_ARCH_NAME=blackhole MESH_DEVICE=P100 TT_METAL_DPRINT_CORES=all GSPLAT_TT_BLEND_MODE=2 GSPLAT_TT_MB_KERNEL=1 GSPLAT_TT_MB_DEVCULL=1 GSPLAT_TT_DEVICE_PROJECT=1 GSPLAT_TT_RESIDENT_PROJECT=1 GSPLAT_TT_RESIDENT_GATHER=1 GSPLAT_TT_DEVICE_TILE_ASSIGN=1 GSPLAT_TT_RESIDENT_TA_IN=1 GSPLAT_TT_DEVICE_SORT=1 GSPLAT_TT_RESIDENT_PAIRS=1 GSPLAT_TT_RESIDENT_BLEND=1 GSPLAT_TT_SORT_DEVICE_PUBLISH=1 GSPLAT_TT_TA_DEVICE_SCAN=1 GSPLAT_TT_SFPU_CULL=1 GSPLAT_TT_FUSED_TILE=0 GSPLAT_TT_TILE_BUCKET=1 GSPLAT_TT_BUCKET_MASK=1 GSPLAT_TT_BUCKET_MASK_DEBUG=1 GSPLAT_TT_MB_TIMING=1; source .venv/bin/activate 2>/dev/null; .venv/bin/python3 scripts/a003_verify.py --views 1 --iter-dir loop-ttw --out opt/ttw/last.json 2>&1 | tee /tmp/ttw_dbg.log; echo '=== BSUM lines ==='; grep -E 'BSUM' /tmp/ttw_dbg.log | head -40; echo '=== SUMMARY ==='; grep '^SUMMARY' /tmp/ttw_dbg.log | tail -1
-----------------------------------------
BUILD-ID VERIFY OK: cpp#85 bin=f682c784d5617fc6 matches the built+stamped artifact
2026-06-02 00:50:46.559 | info     |             UMD | Creating TopologyDiscovery for architecture: blackhole (topology_discovery.cpp:75)
2026-06-02 00:50:46.559 | info     |             UMD | Starting topology discovery. (topology_discovery.cpp:92)
2026-06-02 00:50:46.559 | warning  |             UMD | Low power mode is disabled while UMD holds open file descriptors. The device will return to low power mode once all file descriptors are closed. (topology_discovery.cpp:143)
2026-06-02 00:50:46.559 | warning  |             UMD | KMD version 2.4.1 does not support power state management. (pci_device.cpp:1067)
2026-06-02 00:50:46.560 | info     |             UMD | Established firmware bundle version: 18.12.1 (topology_discovery.cpp:544)
2026-06-02 00:50:46.560 | info     |             UMD | Completed topology discovery. (topology_discovery.cpp:96)
2026-06-02 00:50:46.560 | info     |          Device | Opening user mode device driver (tt_cluster.cpp:225)
2026-06-02 00:50:46.560 | info     |             UMD | Cluster constructor started. (cluster.cpp:317)
2026-06-02 00:50:46.560 | info     |             UMD | Creating TopologyDiscovery for architecture: blackhole (topology_discovery.cpp:75)
2026-06-02 00:50:46.560 | info     |             UMD | Starting topology discovery. (topology_discovery.cpp:92)
2026-06-02 00:50:46.560 | warning  |             UMD | Low power mode is disabled while UMD holds open file descriptors. The device will return to low power mode once all file descriptors are closed. (topology_discovery.cpp:143)
2026-06-02 00:50:46.560 | warning  |             UMD | KMD version 2.4.1 does not support power state management. (pci_device.cpp:1067)
2026-06-02 00:50:46.560 | info     |             UMD | Established firmware bundle version: 18.12.1 (topology_discovery.cpp:544)
2026-06-02 00:50:46.560 | info     |             UMD | Completed topology discovery. (topology_discovery.cpp:96)
2026-06-02 00:50:46.560 | info     |             UMD | Harvesting masks for Chip 0: Tensix: 0xc0 DRAM: 0x8 ETH: 0x3fff PCIe: 0x2 L2CPU: 0x0 (cluster.cpp:270)
2026-06-02 00:50:46.561 | info     |             UMD | Initializing iommu for sysmem (size: 0x40000000). (silicon_sysmem_manager.cpp:334)
2026-06-02 00:50:46.561 | info     |             UMD | Allocating sysmem for IOMMU (size: 0x40000000). (silicon_sysmem_manager.cpp:340)
2026-06-02 00:50:46.600 | warning  |             UMD | KMD version 2.4.1 does not support power state management. (pci_device.cpp:1067)
2026-06-02 00:50:46.600 | info     |             UMD | Opening local chip ids/PCIe ids: {0}/[0] and remote chip ids {} (cluster.cpp:159)
2026-06-02 00:50:46.600 | info     |             UMD | IOMMU: enabled (cluster.cpp:133)
2026-06-02 00:50:46.600 | info     |             UMD | KMD version: 2.4.1 (cluster.cpp:136)
2026-06-02 00:50:46.600 | info     |             UMD | Cluster constructor completed. (cluster.cpp:409)
2026-06-02 00:50:46.602 | info     |             UMD | Starting devices in cluster (cluster.cpp:1044)
2026-06-02 00:50:46.602 | info     |             UMD | Mapped sysmem without hugepages to IOVA 0x80000000; NOC address 0x1000000000000000 (silicon_sysmem_manager.cpp:391)
2026-06-02 00:50:46.602 | info     |             UMD | Starting devices in cluster completed. (cluster.cpp:1052)
2026-06-02 00:50:47.078 | info     |     Distributed | Using auto discovery to generate mesh graph. (metal_env.cpp:332)
2026-06-02 00:50:47.078 | info     |     Distributed | Constructing control plane using auto-discovery (no mesh graph descriptor). (metal_env.cpp:394)
2026-06-02 00:50:47.078 | info     |             UMD | Creating TopologyDiscovery for architecture: blackhole (topology_discovery.cpp:75)
2026-06-02 00:50:47.078 | info     |             UMD | Starting topology discovery. (topology_discovery.cpp:92)
2026-06-02 00:50:47.078 | warning  |             UMD | Low power mode is disabled while UMD holds open file descriptors. The device will return to low power mode once all file descriptors are closed. (topology_discovery.cpp:143)
2026-06-02 00:50:47.078 | warning  |             UMD | KMD version 2.4.1 does not support power state management. (pci_device.cpp:1067)
2026-06-02 00:50:47.079 | info     |             UMD | Established firmware bundle version: 18.12.1 (topology_discovery.cpp:544)
2026-06-02 00:50:47.079 | info     |             UMD | Completed topology discovery. (topology_discovery.cpp:96)
2026-06-02 00:50:47.079 | warning  |          Always | Unknown motherboard 'X670E GAMING PLUS WIFI (MS-7E16)' for chip_id=0 (bus_id=0x1) — defaulting tray_id to 0. Add this motherboard and its bus IDs to mobo_to_bus_ids in physical_system_discovery.cpp. (physical_system_discovery.cpp:62)
2026-06-02 00:50:47.079 | info     |          Fabric | TopologyMapper: Logical Multi-Mesh Adjacency Map: (topology_mapper.cpp:1474)
2026-06-02 00:50:47.079 | info     |          Fabric | 
=== Logical Mesh-Level Graph Adjacency Map ===
Total nodes: 1
Degree histogram: {0:1}
 (topology_solver.tpp:94)
2026-06-02 00:50:47.079 | info     |          Fabric | 
=== Logical Mesh 0 Internal Graph Adjacency Map ===
Total nodes: 1
Degree histogram: {0:1}
 (topology_solver.tpp:94)
2026-06-02 00:50:47.079 | info     |          Fabric | TopologyMapper: Physical Multi-Mesh Adjacency Map: (topology_mapper.cpp:1485)
2026-06-02 00:50:47.079 | info     |          Fabric | 
=== Physical Mesh-Level Graph Adjacency Map ===
Total nodes: 1
Degree histogram: {0:1}
 (topology_solver.tpp:94)
2026-06-02 00:50:47.079 | info     |          Fabric | 
=== Physical Mesh 0 Internal Graph Adjacency Map ===
Total nodes: 1
Degree histogram: {0:1}
 (topology_solver.tpp:94)
2026-06-02 00:50:47.079 | info     |          Fabric | Starting multi-mesh mapping: 1 logical mesh(es) to 1 physical mesh(es) (topology_mapper_utils.cpp:1469)
2026-06-02 00:50:47.079 | info     |          Fabric | Multi-mesh mapping attempt 1/2: Trying inter-mesh mapping (topology_mapper_utils.cpp:1510)
2026-06-02 00:50:47.079 | info     |          Fabric | Attempt 1: Inter-mesh mapping succeeded, found 1 mesh pair(s) (topology_mapper_utils.cpp:1539)
2026-06-02 00:50:47.079 | info     |          Fabric | Attempt 1: Mapping 1 mesh pair(s) (topology_mapper_utils.cpp:1547)
2026-06-02 00:50:47.079 | info     |          Fabric | Attempt 1: Mapping mesh 0 -> 0 (topology_mapper_utils.cpp:1554)
2026-06-02 00:50:47.079 | info     |          Fabric | Multi-mesh mapping succeeded after 1 attempt(s): 1 mesh pair(s) mapped (topology_mapper_utils.cpp:1686)
2026-06-02 00:50:47.089 | warning  |           Metal | DPRINT is deprecated and will be removed in a future release. Please migrate to DEVICE_PRINT by:
  1. Replace #include "api/debug/dprint.h" with #include "api/debug/device_print.h" in your kernels
  2. Replace DPRINT << ... << ENDL() with DEVICE_PRINT("...\n", args)
  3. Set TT_METAL_DEVICE_PRINT=1 to enable the new DEVICE_PRINT system
For more information, see the DEVICE_PRINT documentation. (metal_context.cpp:249)
2026-06-02 00:50:47.162 | info     |           Metal | DPRINT enabled on device 0, all worker cores. (dprint_server.cpp:855)
2026-06-02 00:50:47.162 | info     |           Metal | DPRINT Server attached device 0 (dprint_server.cpp:950)
2026-06-02 00:50:47.312 | info     |           Metal | ShmResourceTracker: removed stale shm '/tt_d2h_37564_3352579042_0' (shm_resource_tracker.cpp:265)
2026-06-02 00:50:47.312 | info     |           Metal | ShmResourceTracker: removed stale manifest '/dev/shm/tt_socket_manifest_37564' (shm_resource_tracker.cpp:275)
2026-06-02 00:50:47.312 | info     |           Metal | ShmResourceTracker: removed orphaned shm '/tt_device_7490744194894819707_memory' (shm_resource_tracker.cpp:282)
0:11-0:BR: prefetcher_11: start
0:11-1:BR: dispatch_11: start
0:11-1:NC: dispatch_s : start
0:11-9:BR: REALTIME BRISC: kernel started
0:11-9:BR: REALTIME: sync_request detected!
0:11-9:BR: REALTIME: entering sync
0:11-9:BR: REALTIME: sync got host_time=259009292
0:11-9:BR: REALTIME: sync pushed count=1
0:11-9:BR: REALTIME: sync got host_time=283494976
0:11-9:BR: REALTIME: sync pushed count=2
0:11-9:BR: REALTIME: sync got host_time=307988979
0:11-9:BR: REALTIME: sync pushed count=3
0:11-9:BR: REALTIME: sync got host_time=332475462
0:11-9:BR: REALTIME: sync pushed count=4
0:11-9:BR: REALTIME: sync got host_time=356893372
0:11-9:BR: REALTIME: sync pushed count=5
0:11-9:BR: REALTIME: sync got host_time=381370549
0:11-9:BR: REALTIME: sync pushed count=6
0:11-9:BR: REALTIME: sync got host_time=405848478
0:11-9:BR: REALTIME: sync pushed count=7
0:11-9:BR: REALTIME: sync got host_time=430329979
0:11-9:BR: REALTIME: sync pushed count=8
0:11-9:BR: REALTIME: sync got host_time=454812138
0:11-9:BR: REALTIME: sync pushed count=9
0:11-9:BR: REALTIME: sync got host_time=479291947
0:11-9:BR: REALTIME: sync pushed count=10
0:11-9:BR: REALTIME: sync got host_time=503768560
0:11-9:BR: REALTIME: sync pushed count=11
0:11-9:BR: REALTIME: sync got host_time=528249262
0:11-9:BR: REALTIME: sync pushed count=12
0:11-9:BR: REALTIME: sync got host_time=552729682
0:11-9:BR: REALTIME: sync pushed count=13
0:11-9:BR: REALTIME: sync got host_time=577208880
0:11-9:BR: REALTIME: sync pushed count=14
0:11-9:BR: REALTIME: sync got host_time=601685446
0:11-9:BR: REALTIME: sync pushed count=15
0:11-9:BR: REALTIME: sync got host_time=626164127
0:11-9:BR: REALTIME: sync pushed count=16
0:11-9:BR: REALTIME: sync got host_time=650644077
0:11-9:BR: REALTIME: sync pushed count=17
0:11-9:BR: REALTIME: sync got host_time=675130231
0:11-9:BR: REALTIME: sync pushed count=18
0:11-9:BR: REALTIME: sync got host_time=699607878
0:11-9:BR: REALTIME: sync pushed count=19
0:11-9:BR: REALTIME: sync got host_time=724082658
0:11-9:BR: REALTIME: sync pushed count=20
0:11-9:BR: REALTIME: sync got host_time=748561574
0:11-9:BR: REALTIME: sync pushed count=21
0:11-9:BR: REALTIME: sync got host_time=773041289
0:11-9:BR: REALTIME: sync pushed count=22
0:11-9:BR: REALTIME: sync got host_time=797521004
0:11-9:BR: REALTIME: sync pushed count=23
0:11-9:BR: REALTIME: sync got host_time=821940653
0:11-9:BR: REALTIME: sync pushed count=24
0:11-9:BR: REALTIME: sync got host_time=846416937
0:11-9:BR: REALTIME: sync pushed count=25
0:11-9:BR: REALTIME: sync got host_time=870896370
0:11-9:BR: REALTIME: sync pushed count=26
0:11-9:BR: REALTIME: sync got host_time=895376649
0:11-9:BR: REALTIME: sync pushed count=27
0:11-9:BR: REALTIME: sync got host_time=919854249
0:11-9:BR: REALTIME: sync pushed count=28
0:11-9:BR: REALTIME: sync got host_time=944331567
0:11-9:BR: REALTIME: sync pushed count=29
0:11-9:BR: REALTIME: sync got host_time=968810812
0:11-9:BR: REALTIME: sync pushed count=30
0:11-9:BR: REALTIME: sync got host_time=993290057
0:11-9:BR: REALTIME: sync pushed count=31
0:11-9:BR: REALTIME: sync got host_time=1017770618
0:11-9:BR: REALTIME: sync pushed count=32
0:11-9:BR: REALTIME: sync got host_time=1042252260
0:11-9:BR: REALTIME: sync pushed count=33
0:11-9:BR: REALTIME: sync got host_time=1066729014
0:11-9:BR: REALTIME: sync pushed count=34
0:11-9:BR: REALTIME: sync got host_time=1091208588
0:11-9:BR: REALTIME: sync pushed count=35
0:11-9:BR: REALTIME: sync got host_time=1115686893
0:11-9:BR: REALTIME: sync pushed count=36
0:11-9:BR: REALTIME: sync got host_time=1140165762
0:11-9:BR: REALTIME: sync pushed count=37
0:11-9:BR: REALTIME: sync got host_time=1164644443
0:11-9:BR: REALTIME: sync pushed count=38
0:11-9:BR: REALTIME: sync got host_time=1189120586
0:11-9:BR: REALTIME: sync pushed count=39
0:11-9:BR: REALTIME: sync got host_time=1213599455
0:11-9:BR: REALTIME: sync pushed count=40
0:11-9:BR: REALTIME: sync got host_time=1238078418
0:11-9:BR: REALTIME: sync pushed count=41
0:11-9:BR: REALTIME: sync got host_time=1262556911
0:11-9:BR: REALTIME: sync pushed count=42
0:11-9:BR: REALTIME: sync got host_time=1287035733
0:11-9:BR: REALTIME: sync pushed count=43
0:11-9:BR: REALTIME: sync got host_time=1311510325
0:11-9:BR: REALTIME: sync pushed count=44
0:11-9:BR: REALTIME: sync got host_time=1335988724
0:11-9:BR: REALTIME: sync pushed count=45
0:11-9:BR: REALTIME: sync got host_time=1360469238
0:11-9:BR: REALTIME: sync pushed count=46
0:11-9:BR: REALTIME: sync got host_time=1384947684
0:11-9:BR: REALTIME: sync pushed count=47
0:11-9:BR: REALTIME: sync got host_time=1409423921
0:11-9:BR: REALTIME: sync pushed count=48
0:11-9:BR: REALTIME: sync got host_time=1433904200
0:11-9:BR: REALTIME: sync pushed count=49
0:11-9:BR: REALTIME: sync got host_time=1458383445
0:11-9:BR: REALTIME: sync pushed count=50
0:11-9:BR: REALTIME: sync got host_time=1482870727
0:11-9:BR: REALTIME: sync pushed count=51
0:11-9:BR: REALTIME: sync got host_time=1507357586
0:11-9:BR: REALTIME: sync pushed count=52
0:11-9:BR: REALTIME: sync got host_time=1531830862
0:11-9:BR: REALTIME: sync pushed count=53
0:11-9:BR: REALTIME: sync got host_time=1556306018
0:11-9:BR: REALTIME: sync pushed count=54
0:11-9:BR: REALTIME: sync got host_time=1580786015
0:11-9:BR: REALTIME: sync pushed count=55
0:11-9:BR: REALTIME: sync got host_time=1605266200
0:11-9:BR: REALTIME: sync pushed count=56
0:11-9:BR: REALTIME: sync got host_time=1629746855
0:11-9:BR: REALTIME: sync pushed count=57
0:11-9:BR: REALTIME: sync got host_time=1654095017
0:11-9:BR: REALTIME: sync pushed count=58
0:11-9:BR: REALTIME: sync got host_time=1678573463
0:11-9:BR: REALTIME: sync pushed count=59
0:11-9:BR: REALTIME: sync got host_time=1703051533
0:11-9:BR: REALTIME: sync pushed count=60
0:11-9:BR: REALTIME: sync got host_time=1727529556
0:11-9:BR: REALTIME: sync pushed count=61
0:11-9:BR: REALTIME: sync got host_time=1752010070
0:11-9:BR: REALTIME: sync pushed count=62
0:11-9:BR: REALTIME: sync got host_time=1776486636
0:11-9:BR: REALTIME: sync pushed count=63
0:11-9:BR: REALTIME: sync got host_time=1800964471
0:11-9:BR: REALTIME: sync pushed count=64
0:11-9:BR: REALTIME: sync got host_time=1825443528
0:11-9:BR: REALTIME: sync pushed count=65
0:11-9:BR: REALTIME: sync got host_time=1849921457
0:11-9:BR: REALTIME: sync pushed count=66
0:11-9:BR: REALTIME: sync got host_time=1874415131
0:11-9:BR: REALTIME: sync pushed count=67
0:11-9:BR: REALTIME: sync got host_time=1898891791
0:11-9:BR: REALTIME: sync pushed count=68
0:11-9:BR: REALTIME: sync got host_time=1923371271
0:11-9:BR: REALTIME: sync pushed count=69
0:11-9:BR: REALTIME: sync got host_time=1947848354
0:11-9:BR: REALTIME: sync pushed count=70
0:11-9:BR: REALTIME: sync got host_time=1972327458
0:11-9:BR: REALTIME: sync pushed count=71
0:11-9:BR: REALTIME: sync got host_time=1996803695
0:11-9:BR: REALTIME: sync pushed count=72
0:11-9:BR: REALTIME: sync got host_time=2021283457
0:11-9:BR: REALTIME: sync pushed count=73
0:11-9:BR: REALTIME: sync got host_time=2045762796
0:11-9:BR: REALTIME: sync pushed count=74
0:11-9:BR: REALTIME: sync got host_time=2070243639
0:11-9:BR: REALTIME: sync pushed count=75
0:11-9:BR: REALTIME: sync got host_time=2094723119
0:11-9:BR: REALTIME: sync pushed count=76
0:11-9:BR: REALTIME: sync got host_time=2119149301
0:11-9:BR: REALTIME: sync pushed count=77
0:11-9:BR: REALTIME: sync got host_time=2143628969
0:11-9:BR: REALTIME: sync pushed count=78
0:11-9:BR: REALTIME: sync got host_time=2168109201
0:11-9:BR: REALTIME: sync pushed count=79
0:11-9:BR: REALTIME: sync got host_time=2192586895
0:11-9:BR: REALTIME: sync pushed count=80
0:11-9:BR: REALTIME: sync got host_time=2217068819
0:11-9:BR: REALTIME: sync pushed count=81
0:11-9:BR: REALTIME: sync got host_time=2241557135
0:11-9:BR: REALTIME: sync pushed count=82
0:11-9:BR: REALTIME: sync got host_time=2266047284
0:11-9:BR: REALTIME: sync pushed count=83
0:11-9:BR: REALTIME: sync got host_time=2290523286
0:11-9:BR: REALTIME: sync pushed count=84
0:11-9:BR: REALTIME: sync got host_time=2314995857
0:11-9:BR: REALTIME: sync pushed count=85
0:11-9:BR: REALTIME: sync got host_time=2339467394
0:11-9:BR: REALTIME: sync pushed count=86
0:11-9:BR: REALTIME: sync got host_time=2363938696
0:11-9:BR: REALTIME: sync pushed count=87
0:11-9:BR: REALTIME: sync got host_time=2388408259
0:11-9:BR: REALTIME: sync pushed count=88
0:11-9:BR: REALTIME: sync got host_time=2412878950
0:11-9:BR: REALTIME: sync pushed count=89
0:11-9:BR: REALTIME: sync got host_time=2437350769
0:11-9:BR: REALTIME: sync pushed count=90
0:11-9:BR: REALTIME: sync got host_time=2461821883
0:11-9:BR: REALTIME: sync pushed count=91
0:11-9:BR: REALTIME: sync got host_time=2486292715
0:11-9:BR: REALTIME: sync pushed count=92
0:11-9:BR: REALTIME: sync got host_time=2510762842
0:11-9:BR: REALTIME: sync pushed count=93
0:11-9:BR: REALTIME: sync got host_time=2535233110
0:11-9:BR: REALTIME: sync pushed count=94
0:11-9:BR: REALTIME: sync got host_time=2559705822
0:11-9:BR: REALTIME: sync pushed count=95
0:11-9:BR: REALTIME: sync got host_time=2584184268
0:11-9:BR: REALTIME: sync pushed count=96
0:11-9:BR: REALTIME: sync got host_time=2608668166
0:11-9:BR: REALTIME: sync pushed count=97
0:11-9:BR: REALTIME: sync got host_time=2633141959
0:11-9:BR: REALTIME: sync pushed count=98
0:11-9:BR: REALTIME: sync got host_time=2657613966
0:11-9:BR: REALTIME: sync pushed count=99
0:11-9:BR: REALTIME: sync got host_time=2682084563
0:11-9:BR: REALTIME: sync pushed count=100
2026-06-02 00:50:47.895 | info     |           Metal | [Real-time profiler] Device 0 sync complete: 100 samples, frequency=1.349979 GHz, device_time_at_sync=10629770969750 cycles (realtime_profiler_manager.cpp:1082)
0:11-9:BR: REALTIME: sync got host_time=2706555818
0:11-9:BR: REALTIME: sync pushed count=101
0:11-9:BR: REALTIME: exiting sync, total=101
0:11-9:BR: REALTIME: sync_request detected!
0:11-9:BR: REALTIME: entering sync
0:11-9:BR: REALTIME: sync got host_time=1549556828
0:11-9:BR: REALTIME: sync pushed count=1
0:11-9:BR: REALTIME: exiting sync, total=1
0:11-9:BR: REALTIME: sync_request detected!
0:11-9:BR: REALTIME: entering sync
0:11-9:BR: REALTIME: sync got host_time=4294477260
0:11-9:BR: REALTIME: sync pushed count=1
0:11-9:BR: REALTIME: exiting sync, total=1
[BUCKET_CULL] P_kept=3369033 tiles=1024 floor=6.10352e-05 cull_disabled=0 exec=86.15ms
[SORT] stage=RP P=3369033 P_kept=3369033 num_tiles=1024 max_tile_n=26544 bin=17.83 up=0.41 kernel=9.39 d2h=0.00 compact=0.00 publish=2.99 total=116.99ms
[CULL_SPLIT] candidates=3369033 masks=12.88MB exec=90.0 ms masks_addr=0xa08ee00 end=0xad70280 base_addr=0x9eb5600
0:5-3:NC: BSUM t=346 L=5834 mism=0 big=0 minidx=4294967295 maxidx=0
0:3-0:NC: BSUM t=345 L=5585 mism=0 big=0 minidx=4294967295 maxidx=0
0:6-4:NC: BSUM t=651 L=6176 mism=0 big=0 minidx=4294967295 maxidx=0
0:7-0:NC: BSUM t=314 L=6308 mism=0 big=0 minidx=4294967295 maxidx=0
0:8-5:NC: BSUM t=602 L=7020 mism=0 big=0 minidx=4294967295 maxidx=0
0:0-4:NC: BSUM t=86 L=4279 mism=0 big=0 minidx=4294967295 maxidx=0
0:0-5:NC: BSUM t=85 L=4441 mism=0 big=0 minidx=4294967295 maxidx=0
0:4-0:NC: BSUM t=645 L=5671 mism=0 big=0 minidx=4294967295 maxidx=0
0:4-2:NC: BSUM t=379 L=5639 mism=0 big=0 minidx=4294967295 maxidx=0
0:7-3:NC: BSUM t=377 L=6382 mism=0 big=0 minidx=4294967295 maxidx=0
0:7-7:NC: BSUM t=646 L=6501 mism=0 big=0 minidx=4294967295 maxidx=0
0:4-1:NC: BSUM t=657 L=5687 mism=0 big=0 minidx=4294967295 maxidx=0
0:5-5:NC: BSUM t=335 L=5918 mism=0 big=0 minidx=4294967295 maxidx=0
0:4-3:NC: BSUM t=334 L=5740 mism=0 big=0 minidx=4294967295 maxidx=0
0:6-1:NC: BSUM t=474 L=6053 mism=0 big=0 minidx=4294967295 maxidx=0
0:7-8:NC: BSUM t=603 L=6613 mism=0 big=0 minidx=4294967295 maxidx=0
0:4-8:NC: BSUM t=366 L=5830 mism=0 big=0 minidx=4294967295 maxidx=0
0:6-9:NC: BSUM t=367 L=6337 mism=0 big=0 minidx=4294967295 maxidx=0
0:0-7:NC: BSUM t=694 L=4397 mism=0 big=0 minidx=4294967295 maxidx=0
0:3-5:NC: BSUM t=573 L=5567 mism=0 big=0 minidx=4294967295 maxidx=0
0:3-6:NC: BSUM t=333 L=5571 mism=0 big=0 minidx=4294967295 maxidx=0
0:6-3:NC: BSUM t=442 L=6081 mism=0 big=0 minidx=4294967295 maxidx=0
0:8-9:NC: BSUM t=650 L=7057 mism=0 big=0 minidx=4294967295 maxidx=0
0:0-2:NC: BSUM t=574 L=3778 mism=0 big=0 minidx=4294967295 maxidx=0
0:1-7:NC: BSUM t=652 L=5285 mism=0 big=0 minidx=4294967295 maxidx=0
0:5-7:NC: BSUM t=568 L=5947 mism=0 big=0 minidx=4294967295 maxidx=0
0:6-0:NC: BSUM t=369 L=6113 mism=0 big=0 minidx=4294967295 maxidx=0
0:9-2:NC: BSUM t=300 L=7104 mism=0 big=0 minidx=4294967295 maxidx=0
0:4-5:NC: BSUM t=702 L=5859 mism=0 big=0 minidx=4294967295 maxidx=0
0:8-0:NC: BSUM t=394 L=6698 mism=0 big=0 minidx=4294967295 maxidx=0
0:0-6:NC: BSUM t=721 L=4508 mism=0 big=0 minidx=4294967295 maxidx=0
0:1-5:NC: BSUM t=550 L=5093 mism=0 big=0 minidx=4294967295 maxidx=0
0:2-2:NC: BSUM t=368 L=5435 mism=0 big=0 minidx=4294967295 maxidx=0
0:5-2:NC: BSUM t=703 L=5861 mism=0 big=0 minidx=4294967295 maxidx=0
0:5-4:NC: BSUM t=440 L=5916 mism=0 big=0 minidx=4294967295 maxidx=0
0:5-8:NC: BSUM t=660 L=6084 mism=0 big=0 minidx=4294967295 maxidx=0
0:9-0:NC: BSUM t=378 L=7187 mism=0 big=0 minidx=4294967295 maxidx=0
0:10-2:NC: BSUM t=557 L=7616 mism=0 big=0 minidx=4294967295 maxidx=0
0:1-3:NC: BSUM t=571 L=5208 mism=0 big=0 minidx=4294967295 maxidx=0
0:1-6:NC: BSUM t=252 L=5239 mism=0 big=0 minidx=4294967295 maxidx=0
0:2-5:NC: BSUM t=643 L=5398 mism=0 big=0 minidx=4294967295 maxidx=0
0:3-2:NC: BSUM t=315 L=5604 mism=0 big=0 minidx=4294967295 maxidx=0
0:1-1:NC: BSUM t=475 L=5113 mism=0 big=0 minidx=4294967295 maxidx=0
0:3-1:NC: BSUM t=307 L=5510 mism=0 big=0 minidx=4294967295 maxidx=0
0:3-3:NC: BSUM t=408 L=5565 mism=0 big=0 minidx=4294967295 maxidx=0
0:0-1:NC: BSUM t=677 L=3037 mism=0 big=0 minidx=4294967295 maxidx=0
0:0-3:NC: BSUM t=518 L=4163 mism=0 big=0 minidx=4294967295 maxidx=0
0:0-8:NC: BSUM t=644 L=5070 mism=0 big=0 minidx=4294967295 maxidx=0
0:2-3:NC: BSUM t=253 L=5462 mism=0 big=0 minidx=4294967295 maxidx=0
0:2-9:NC: BSUM t=569 L=5532 mism=0 big=0 minidx=4294967295 maxidx=0
0:5-9:NC: BSUM t=380 L=6087 mism=0 big=0 minidx=4294967295 maxidx=0
0:7-5:NC: BSUM t=618 L=6466 mism=0 big=0 minidx=4294967295 maxidx=0
0:8-7:NC: BSUM t=441 L=6963 mism=0 big=0 minidx=4294967295 maxidx=0
0:9-4:NC: BSUM t=299 L=7408 mism=0 big=0 minidx=4294967295 maxidx=0
0:2-0:NC: BSUM t=473 L=5315 mism=0 big=0 minidx=4294967295 maxidx=0
0:3-4:NC: BSUM t=610 L=5623 mism=0 big=0 minidx=4294967295 maxidx=0
0:3-8:NC: BSUM t=393 L=5645 mism=0 big=0 minidx=4294967295 maxidx=0
0:6-8:NC: BSUM t=402 L=6283 mism=0 big=0 minidx=4294967295 maxidx=0
0:8-4:NC: BSUM t=617 L=6944 mism=0 big=0 minidx=4294967295 maxidx=0
0:1-8:NC: BSUM t=506 L=5341 mism=0 big=0 minidx=4294967295 maxidx=0
0:4-4:NC: BSUM t=659 L=5767 mism=0 big=0 minidx=4294967295 maxidx=0
0:7-6:NC: BSUM t=433 L=6623 mism=0 big=0 minidx=4294967295 maxidx=0
0:7-9:NC: BSUM t=566 L=6495 mism=0 big=0 minidx=4294967295 maxidx=0
0:8-6:NC: BSUM t=661 L=6948 mism=0 big=0 minidx=4294967295 maxidx=0
0:10-8:NC: BSUM t=601 L=8100 mism=0 big=0 minidx=4294967295 maxidx=0
0:1-9:NC: BSUM t=567 L=5361 mism=0 big=0 minidx=4294967295 maxidx=0
0:2-7:NC: BSUM t=401 L=5501 mism=0 big=0 minidx=4294967295 maxidx=0
0:4-7:NC: BSUM t=364 L=5802 mism=0 big=0 minidx=4294967295 maxidx=0
0:9-7:NC: BSUM t=332 L=7660 mism=0 big=0 minidx=4294967295 maxidx=0
0:10-9:NC: BSUM t=558 L=8091 mism=0 big=0 minidx=4294967295 maxidx=0
0:5-0:NC: BSUM t=505 L=5914 mism=1 big=0 minidx=2033 maxidx=2033
0:0-0:NC: BSUM t=38 L=2751 mism=0 big=0 minidx=4294967295 maxidx=0
0:0-9:NC: BSUM t=759 L=5045 mism=0 big=0 minidx=4294967295 maxidx=0
0:1-0:NC: BSUM t=658 L=5130 mism=0 big=0 minidx=4294967295 maxidx=0
0:2-4:NC: BSUM t=464 L=5450 mism=0 big=0 minidx=4294967295 maxidx=0
0:10-7:NC: BSUM t=647 L=7834 mism=0 big=0 minidx=4294967295 maxidx=0
0:3-7:NC: BSUM t=508 L=5639 mism=0 big=0 minidx=4294967295 maxidx=0
0:4-6:NC: BSUM t=363 L=5863 mism=0 big=0 minidx=4294967295 maxidx=0
0:10-5:NC: BSUM t=409 L=8057 mism=0 big=0 minidx=4294967295 maxidx=0
0:3-9:NC: BSUM t=519 L=5672 mism=0 big=0 minidx=4294967295 maxidx=0
0:8-3:NC: BSUM t=503 L=6853 mism=0 big=0 minidx=4294967295 maxidx=0
0:9-5:NC: BSUM t=403 L=7476 mism=0 big=0 minidx=4294967295 maxidx=0
0:2-6:NC: BSUM t=439 L=5557 mism=0 big=0 minidx=4294967295 maxidx=0
0:8-8:NC: BSUM t=444 L=7128 mism=0 big=0 minidx=4294967295 maxidx=0
0:9-8:NC: BSUM t=395 L=7557 mism=0 big=0 minidx=4294967295 maxidx=0
0:1-4:NC: BSUM t=392 L=5277 mism=0 big=0 minidx=4294967295 maxidx=0
0:2-8:NC: BSUM t=471 L=5495 mism=0 big=0 minidx=4294967295 maxidx=0
0:6-2:NC: BSUM t=428 L=6286 mism=0 big=0 minidx=4294967295 maxidx=0
0:7-4:NC: BSUM t=460 L=6438 mism=0 big=0 minidx=4294967295 maxidx=0
0:10-4:NC: BSUM t=616 L=8057 mism=0 big=0 minidx=4294967295 maxidx=0
0:6-6:NC: BSUM t=459 L=6249 mism=0 big=0 minidx=4294967295 maxidx=0
0:7-2:NC: BSUM t=427 L=6494 mism=0 big=0 minidx=4294967295 maxidx=0
0:9-9:NC: BSUM t=370 L=7651 mism=0 big=0 minidx=4294967295 maxidx=0
0:5-6:NC: BSUM t=461 L=5970 mism=0 big=0 minidx=4294967295 maxidx=0
0:6-7:NC: BSUM t=467 L=6286 mism=0 big=0 minidx=4294967295 maxidx=0
0:10-0:NC: BSUM t=551 L=7696 mism=0 big=0 minidx=4294967295 maxidx=0
0:4-9:NC: BSUM t=468 L=5951 mism=0 big=0 minidx=4294967295 maxidx=0
0:8-1:NC: BSUM t=435 L=6771 mism=0 big=0 minidx=4294967295 maxidx=0
0:8-2:NC: BSUM t=504 L=6752 mism=0 big=0 minidx=4294967295 maxidx=0
0:9-3:NC: BSUM t=472 L=7248 mism=0 big=0 minidx=4294967295 maxidx=0
0:1-2:NC: BSUM t=466 L=5168 mism=0 big=0 minidx=4294967295 maxidx=0
0:5-1:NC: BSUM t=396 L=5931 mism=0 big=0 minidx=4294967295 maxidx=0
0:6-5:NC: BSUM t=488 L=6244 mism=0 big=0 minidx=4294967295 maxidx=0
0:10-1:NC: BSUM t=425 L=7677 mism=0 big=0 minidx=4294967295 maxidx=0
0:2-1:NC: BSUM t=462 L=5427 mism=0 big=0 minidx=4294967295 maxidx=0
0:7-1:NC: BSUM t=429 L=6418 mism=0 big=0 minidx=4294967295 maxidx=0
0:9-1:NC: BSUM t=456 L=7214 mism=0 big=0 minidx=4294967295 maxidx=0
0:9-6:NC: BSUM t=457 L=7482 mism=0 big=0 minidx=4294967295 maxidx=0
0:10-3:NC: BSUM t=502 L=7850 mism=1 big=0 minidx=7781 maxidx=7781
0:10-6:NC: BSUM t=465 L=7876 mism=0 big=0 minidx=4294967295 maxidx=0
0:0-1:NC: BSUM t=234 L=2287 mism=0 big=0 minidx=4294967295 maxidx=0
0:0-2:NC: BSUM t=72 L=2796 mism=0 big=0 minidx=4294967295 maxidx=0
0:0-4:NC: BSUM t=246 L=3103 mism=0 big=0 minidx=4294967295 maxidx=0
0:0-5:NC: BSUM t=575 L=3242 mism=0 big=0 minidx=4294967295 maxidx=0
0:0-0:NC: BSUM t=765 L=1911 mism=0 big=0 minidx=4294967295 maxidx=0
0:0-3:NC: BSUM t=236 L=2976 mism=0 big=0 minidx=4294967295 maxidx=0
0:5-3:NC: BSUM t=681 L=4196 mism=0 big=0 minidx=4294967295 maxidx=0
0:3-0:NC: BSUM t=716 L=3923 mism=0 big=0 minidx=4294967295 maxidx=0
0:0-6:NC: BSUM t=191 L=3258 mism=0 big=0 minidx=4294967295 maxidx=0
0:4-8:NC: BSUM t=698 L=4118 mism=0 big=0 minidx=4294967295 maxidx=0
0:6-4:NC: BSUM t=638 L=4369 mism=0 big=0 minidx=4294967295 maxidx=0
0:0-7:NC: BSUM t=69 L=3625 mism=0 big=0 minidx=4294967295 maxidx=0
0:1-1:NC: BSUM t=683 L=3791 mism=0 big=0 minidx=4294967295 maxidx=0
0:1-5:NC: BSUM t=347 L=3720 mism=0 big=0 minidx=4294967295 maxidx=0
0:1-6:NC: BSUM t=273 L=3710 mism=0 big=0 minidx=4294967295 maxidx=0
0:1-7:NC: BSUM t=719 L=3757 mism=0 big=0 minidx=4294967295 maxidx=0
0:2-2:NC: BSUM t=700 L=3789 mism=0 big=0 minidx=4294967295 maxidx=0
0:3-3:NC: BSUM t=319 L=3991 mism=0 big=0 minidx=4294967295 maxidx=0
0:4-0:NC: BSUM t=89 L=4033 mism=0 big=0 minidx=4294967295 maxidx=0
0:4-3:NC: BSUM t=682 L=4036 mism=0 big=0 minidx=4294967295 maxidx=0
0:5-4:NC: BSUM t=445 L=4176 mism=0 big=0 minidx=4294967295 maxidx=0
0:5-5:NC: BSUM t=692 L=4285 mism=0 big=0 minidx=4294967295 maxidx=0
0:5-7:NC: BSUM t=697 L=4296 mism=0 big=0 minidx=4294967295 maxidx=0
0:7-3:NC: BSUM t=251 L=4426 mism=0 big=0 minidx=4294967295 maxidx=0
0:7-7:NC: BSUM t=298 L=4512 mism=0 big=0 minidx=4294967295 maxidx=0
0:0-8:NC: BSUM t=5 L=3586 mism=0 big=0 minidx=4294967295 maxidx=0
0:1-3:NC: BSUM t=715 L=3688 mism=0 big=0 minidx=4294967295 maxidx=0
0:1-8:NC: BSUM t=720 L=3712 mism=0 big=0 minidx=4294967295 maxidx=0
0:3-1:NC: BSUM t=119 L=3975 mism=0 big=0 minidx=4294967295 maxidx=0
0:4-1:NC: BSUM t=605 L=4132 mism=0 big=0 minidx=4294967295 maxidx=0
0:4-2:NC: BSUM t=284 L=4135 mism=0 big=0 minidx=4294967295 maxidx=0
0:7-0:NC: BSUM t=411 L=4506 mism=0 big=0 minidx=4294967295 maxidx=0
0:2-5:NC: BSUM t=285 L=3840 mism=0 big=0 minidx=4294967295 maxidx=0
0:4-5:NC: BSUM t=376 L=4092 mism=0 big=0 minidx=4294967295 maxidx=0
0:8-5:NC: BSUM t=443 L=4475 mism=0 big=0 minidx=4294967295 maxidx=0
0:0-0:NC: BSUM t=384 L=1166 mism=0 big=0 minidx=4294967295 maxidx=0
0:5-8:NC: BSUM t=570 L=4345 mism=0 big=0 minidx=4294967295 maxidx=0
0:6-1:NC: BSUM t=690 L=4414 mism=0 big=0 minidx=4294967295 maxidx=0
0:7-8:NC: BSUM t=684 L=4618 mism=0 big=0 minidx=4294967295 maxidx=0
0:8-9:NC: BSUM t=725 L=4487 mism=0 big=0 minidx=4294967295 maxidx=0
0:1-0:NC: BSUM t=121 L=3651 mism=0 big=0 minidx=4294967295 maxidx=0
0:1-9:NC: BSUM t=305 L=3814 mism=0 big=0 minidx=4294967295 maxidx=0
0:2-0:NC: BSUM t=757 L=3813 mism=0 big=0 minidx=4294967295 maxidx=0
0:2-3:NC: BSUM t=338 L=3860 mism=0 big=0 minidx=4294967295 maxidx=0
0:3-2:NC: BSUM t=70 L=3933 mism=0 big=0 minidx=4294967295 maxidx=0
0:3-4:NC: BSUM t=693 L=4024 mism=0 big=0 minidx=4294967295 maxidx=0
0:5-2:NC: BSUM t=695 L=4252 mism=0 big=0 minidx=4294967295 maxidx=0
0:3-5:NC: BSUM t=406 L=4059 mism=0 big=0 minidx=4294967295 maxidx=0
0:4-7:NC: BSUM t=84 L=4149 mism=0 big=0 minidx=4294967295 maxidx=0
0:0-9:NC: BSUM t=19 L=3682 mism=0 big=0 minidx=4294967295 maxidx=0
0:2-6:NC: BSUM t=477 L=3853 mism=0 big=0 minidx=4294967295 maxidx=0
0:2-9:NC: BSUM t=407 L=3969 mism=0 big=0 minidx=4294967295 maxidx=0
0:6-0:NC: BSUM t=641 L=4259 mism=0 big=0 minidx=4294967295 maxidx=0
0:6-3:NC: BSUM t=579 L=4386 mism=0 big=0 minidx=4294967295 maxidx=0
0:7-6:NC: BSUM t=541 L=4418 mism=0 big=0 minidx=4294967295 maxidx=0
0:8-0:NC: BSUM t=507 L=4588 mism=0 big=0 minidx=4294967295 maxidx=0
0:2-7:NC: BSUM t=761 L=3850 mism=0 big=0 minidx=4294967295 maxidx=0
0:4-4:NC: BSUM t=731 L=4187 mism=0 big=0 minidx=4294967295 maxidx=0
0:5-9:NC: BSUM t=222 L=4245 mism=0 big=0 minidx=4294967295 maxidx=0
0:0-1:NC: BSUM t=708 L=1580 mism=0 big=0 minidx=4294967295 maxidx=0
0:1-4:NC: BSUM t=282 L=3635 mism=0 big=0 minidx=4294967295 maxidx=0
0:2-4:NC: BSUM t=733 L=3882 mism=0 big=0 minidx=4294967295 maxidx=0
0:2-8:NC: BSUM t=699 L=3884 mism=0 big=0 minidx=4294967295 maxidx=0
0:3-6:NC: BSUM t=431 L=4113 mism=0 big=0 minidx=4294967295 maxidx=0
0:3-9:NC: BSUM t=730 L=4099 mism=0 big=0 minidx=4294967295 maxidx=0
0:6-9:NC: BSUM t=463 L=4399 mism=0 big=0 minidx=4294967295 maxidx=0
0:7-5:NC: BSUM t=689 L=4605 mism=0 big=0 minidx=4294967295 maxidx=0
0:8-4:NC: BSUM t=336 L=4583 mism=0 big=0 minidx=4294967295 maxidx=0
0:9-4:NC: BSUM t=722 L=4567 mism=0 big=0 minidx=4294967295 maxidx=0
0:0-2:NC: BSUM t=122 L=2023 mism=1 big=0 minidx=290 maxidx=290
0:5-0:NC: BSUM t=365 L=4188 mism=0 big=0 minidx=4294967295 maxidx=0
0:6-8:NC: BSUM t=654 L=4434 mism=0 big=0 minidx=4294967295 maxidx=0
0:7-9:NC: BSUM t=221 L=4686 mism=0 big=0 minidx=4294967295 maxidx=0
0:3-7:NC: BSUM t=400 L=4064 mism=0 big=0 minidx=4294967295 maxidx=0
0:8-3:NC: BSUM t=313 L=4665 mism=0 big=0 minidx=4294967295 maxidx=0
0:8-6:NC: BSUM t=729 L=4644 mism=0 big=0 minidx=4294967295 maxidx=0
0:9-0:NC: BSUM t=758 L=4686 mism=0 big=0 minidx=4294967295 maxidx=0
0:10-7:NC: BSUM t=687 L=4729 mism=0 big=0 minidx=4294967295 maxidx=0
0:10-2:NC: BSUM t=283 L=4987 mism=0 big=0 minidx=4294967295 maxidx=0
0:0-0:NC: BSUM t=829 L=661 mism=0 big=0 minidx=4294967295 maxidx=0
0:1-2:NC: BSUM t=254 L=3632 mism=0 big=0 minidx=4294967295 maxidx=0
0:3-8:NC: BSUM t=412 L=4085 mism=0 big=0 minidx=4294967295 maxidx=0
0:4-6:NC: BSUM t=760 L=4118 mism=0 big=0 minidx=4294967295 maxidx=0
0:9-7:NC: BSUM t=723 L=4756 mism=0 big=0 minidx=4294967295 maxidx=0
0:9-2:NC: BSUM t=438 L=4675 mism=0 big=0 minidx=4294967295 maxidx=0
0:10-8:NC: BSUM t=656 L=4805 mism=0 big=0 minidx=4294967295 maxidx=0
0:10-9:NC: BSUM t=642 L=4612 mism=0 big=0 minidx=4294967295 maxidx=0
0:0-4:NC: BSUM t=66 L=2227 mism=0 big=0 minidx=4294967295 maxidx=0
0:6-6:NC: BSUM t=348 L=4477 mism=0 big=0 minidx=4294967295 maxidx=0
0:6-7:NC: BSUM t=509 L=4415 mism=0 big=0 minidx=4294967295 maxidx=0
0:7-4:NC: BSUM t=685 L=4461 mism=0 big=0 minidx=4294967295 maxidx=0
0:8-7:NC: BSUM t=434 L=4548 mism=1 big=0 minidx=1862 maxidx=1862
0:0-5:NC: BSUM t=167 L=2471 mism=0 big=0 minidx=4294967295 maxidx=0
0:2-1:NC: BSUM t=430 L=3710 mism=0 big=0 minidx=4294967295 maxidx=0
0:4-9:NC: BSUM t=362 L=4146 mism=0 big=0 minidx=4294967295 maxidx=0
0:6-2:NC: BSUM t=655 L=4257 mism=0 big=0 minidx=4294967295 maxidx=0
0:10-4:NC: BSUM t=688 L=4577 mism=0 big=0 minidx=4294967295 maxidx=0
0:0-3:NC: BSUM t=186 L=2197 mism=0 big=0 minidx=4294967295 maxidx=0
0:5-6:NC: BSUM t=701 L=4163 mism=0 big=0 minidx=4294967295 maxidx=0
0:8-8:NC: BSUM t=432 L=4578 mism=0 big=0 minidx=4294967295 maxidx=0
0:7-2:NC: BSUM t=732 L=4432 mism=0 big=0 minidx=4294967295 maxidx=0
0:0-2:NC: BSUM t=450 L=1022 mism=0 big=0 minidx=4294967295 maxidx=0
0:5-3:NC: BSUM t=415 L=2884 mism=0 big=0 minidx=4294967295 maxidx=0
0:8-1:NC: BSUM t=250 L=4527 mism=0 big=0 minidx=4294967295 maxidx=0
0:0-0:NC: BSUM t=44 L=347 mism=0 big=0 minidx=4294967295 maxidx=0
0:9-5:NC: BSUM t=437 L=4462 mism=0 big=0 minidx=4294967295 maxidx=0
0:10-0:NC: BSUM t=724 L=4896 mism=0 big=0 minidx=4294967295 maxidx=0
0:5-1:NC: BSUM t=404 L=4165 mism=0 big=0 minidx=4294967295 maxidx=0
0:9-6:NC: BSUM t=691 L=4496 mism=0 big=0 minidx=4294967295 maxidx=0
0:9-9:NC: BSUM t=398 L=4728 mism=0 big=0 minidx=4294967295 maxidx=0
0:0-1:NC: BSUM t=577 L=1086 mism=0 big=0 minidx=4294967295 maxidx=0
0:0-6:NC: BSUM t=23 L=2595 mism=0 big=0 minidx=4294967295 maxidx=0
0:10-5:NC: BSUM t=436 L=4740 mism=0 big=0 minidx=4294967295 maxidx=0
0:0-0:NC: BSUM t=978 L=192 mism=0 big=0 minidx=4294967295 maxidx=0
0:1-3:NC: BSUM t=318 L=2637 mism=0 big=0 minidx=4294967295 maxidx=0
0:7-1:NC: BSUM t=405 L=4505 mism=0 big=0 minidx=4294967295 maxidx=0
0:0-7:NC: BSUM t=711 L=2292 mism=0 big=0 minidx=4294967295 maxidx=0
0:0-8:NC: BSUM t=231 L=2292 mism=0 big=0 minidx=4294967295 maxidx=0
0:1-5:NC: BSUM t=361 L=2613 mism=0 big=0 minidx=4294967295 maxidx=0
0:1-7:NC: BSUM t=272 L=2669 mism=0 big=0 minidx=4294967295 maxidx=0
0:1-8:NC: BSUM t=265 L=2582 mism=0 big=0 minidx=4294967295 maxidx=0
0:2-2:NC: BSUM t=54 L=2735 mism=0 big=0 minidx=4294967295 maxidx=0
0:3-0:NC: BSUM t=371 L=2783 mism=0 big=0 minidx=4294967295 maxidx=0
0:3-1:NC: BSUM t=118 L=2828 mism=0 big=0 minidx=4294967295 maxidx=0
0:4-3:NC: BSUM t=151 L=2917 mism=0 big=0 minidx=4294967295 maxidx=0
0:0-2:NC: BSUM t=739 L=524 mism=0 big=0 minidx=4294967295 maxidx=0
0:1-1:NC: BSUM t=56 L=2518 mism=0 big=0 minidx=4294967295 maxidx=0
0:1-6:NC: BSUM t=15 L=2715 mism=0 big=0 minidx=4294967295 maxidx=0
0:4-2:NC: BSUM t=349 L=2899 mism=0 big=0 minidx=4294967295 maxidx=0
0:6-4:NC: BSUM t=215 L=3159 mism=0 big=0 minidx=4294967295 maxidx=0
0:10-1:NC: BSUM t=306 L=4999 mism=0 big=0 minidx=4294967295 maxidx=0
0:0-9:NC: BSUM t=124 L=2193 mism=0 big=0 minidx=4294967295 maxidx=0
0:1-0:NC: BSUM t=55 L=2418 mism=0 big=0 minidx=4294967295 maxidx=0
0:2-6:NC: BSUM t=414 L=2734 mism=1 big=0 minidx=184 maxidx=184
0:3-3:NC: BSUM t=20 L=2826 mism=0 big=0 minidx=4294967295 maxidx=0
0:4-1:NC: BSUM t=270 L=2874 mism=0 big=0 minidx=4294967295 maxidx=0
0:9-1:NC: BSUM t=399 L=4701 mism=0 big=0 minidx=4294967295 maxidx=0
0:9-8:NC: BSUM t=487 L=4740 mism=0 big=0 minidx=4294967295 maxidx=0
0:10-6:NC: BSUM t=686 L=4744 mism=0 big=0 minidx=4294967295 maxidx=0
0:0-1:NC: BSUM t=291 L=366 mism=0 big=0 minidx=4294967295 maxidx=0
0:5-2:NC: BSUM t=350 L=3023 mism=0 big=0 minidx=4294967295 maxidx=0
0:5-7:NC: BSUM t=679 L=3009 mism=0 big=0 minidx=4294967295 maxidx=0
0:7-7:NC: BSUM t=83 L=3303 mism=0 big=0 minidx=4294967295 maxidx=0
0:8-2:NC: BSUM t=469 L=4580 mism=0 big=0 minidx=4294967295 maxidx=0
0:0-4:NC: BSUM t=311 L=1572 mism=0 big=0 minidx=4294967295 maxidx=0
0:2-5:NC: BSUM t=239 L=2826 mism=0 big=0 minidx=4294967295 maxidx=0
0:2-9:NC: BSUM t=312 L=2794 mism=0 big=0 minidx=4294967295 maxidx=0
0:4-5:NC: BSUM t=756 L=2825 mism=0 big=0 minidx=4294967295 maxidx=0
0:4-8:NC: BSUM t=101 L=3045 mism=0 big=0 minidx=4294967295 maxidx=0
0:5-4:NC: BSUM t=287 L=3000 mism=0 big=0 minidx=4294967295 maxidx=0
0:6-1:NC: BSUM t=446 L=3062 mism=0 big=0 minidx=4294967295 maxidx=0
0:7-3:NC: BSUM t=87 L=3248 mism=0 big=0 minidx=4294967295 maxidx=0
0:2-0:NC: BSUM t=240 L=2624 mism=0 big=0 minidx=4294967295 maxidx=0
0:2-3:NC: BSUM t=187 L=2799 mism=0 big=0 minidx=4294967295 maxidx=0
0:3-4:NC: BSUM t=219 L=2885 mism=0 big=0 minidx=4294967295 maxidx=0
0:10-3:NC: BSUM t=397 L=4844 mism=0 big=0 minidx=4294967295 maxidx=0
0:0-2:NC: BSUM t=927 L=247 mism=0 big=0 minidx=4294967295 maxidx=0
0:3-5:NC: BSUM t=7 L=2873 mism=0 big=0 minidx=4294967295 maxidx=0
0:4-0:NC: BSUM t=391 L=2892 mism=0 big=0 minidx=4294967295 maxidx=0
0:5-5:NC: BSUM t=14 L=3005 mism=0 big=0 minidx=4294967295 maxidx=0
0:7-0:NC: BSUM t=71 L=3214 mism=0 big=0 minidx=4294967295 maxidx=0
0:4-4:NC: BSUM t=116 L=2884 mism=0 big=0 minidx=4294967295 maxidx=0
0:5-8:NC: BSUM t=16 L=3071 mism=0 big=0 minidx=4294967295 maxidx=0
0:6-5:NC: BSUM t=455 L=4463 mism=0 big=0 minidx=4294967295 maxidx=0
0:9-3:NC: BSUM t=470 L=4759 mism=0 big=0 minidx=4294967295 maxidx=0
0:0-1:NC: BSUM t=805 L=220 mism=0 big=0 minidx=4294967295 maxidx=0
0:3-2:NC: BSUM t=360 L=2827 mism=0 big=0 minidx=4294967295 maxidx=0
0:8-9:NC: BSUM t=39 L=3189 mism=0 big=0 minidx=4294967295 maxidx=0
0:1-4:NC: BSUM t=235 L=2654 mism=0 big=0 minidx=4294967295 maxidx=0
0:1-9:NC: BSUM t=36 L=2778 mism=0 big=0 minidx=4294967295 maxidx=0
0:2-8:NC: BSUM t=762 L=2748 mism=0 big=0 minidx=4294967295 maxidx=0
0:4-7:NC: BSUM t=217 L=2974 mism=0 big=0 minidx=4294967295 maxidx=0
0:6-3:NC: BSUM t=153 L=3133 mism=0 big=0 minidx=4294967295 maxidx=0
0:7-5:NC: BSUM t=383 L=3295 mism=0 big=0 minidx=4294967295 maxidx=0
0:2-4:NC: BSUM t=640 L=2648 mism=1 big=0 minidx=1767 maxidx=1767
0:6-0:NC: BSUM t=331 L=3085 mism=0 big=0 minidx=4294967295 maxidx=0
0:0-2:NC: BSUM t=977 L=209 mism=0 big=0 minidx=4294967295 maxidx=0
0:0-3:NC: BSUM t=578 L=1660 mism=0 big=0 minidx=4294967295 maxidx=0
0:0-5:NC: BSUM t=749 L=1766 mism=0 big=0 minidx=4294967295 maxidx=0
0:2-7:NC: BSUM t=676 L=2761 mism=0 big=0 minidx=4294967295 maxidx=0
0:3-6:NC: BSUM t=190 L=2966 mism=0 big=0 minidx=4294967295 maxidx=0
0:3-9:NC: BSUM t=727 L=2969 mism=0 big=0 minidx=4294967295 maxidx=0
0:5-0:NC: BSUM t=6 L=2989 mism=0 big=0 minidx=4294967295 maxidx=0
0:8-0:NC: BSUM t=337 L=3340 mism=0 big=0 minidx=4294967295 maxidx=0
0:8-5:NC: BSUM t=735 L=3306 mism=0 big=0 minidx=4294967295 maxidx=0
0:0-1:NC: BSUM t=1007 L=116 mism=0 big=0 minidx=4294967295 maxidx=0
0:1-2:NC: BSUM t=22 L=2515 mism=0 big=0 minidx=4294967295 maxidx=0
0:7-8:NC: BSUM t=373 L=3312 mism=0 big=0 minidx=4294967295 maxidx=0
0:0-4:NC: BSUM t=451 L=922 mism=0 big=0 minidx=4294967295 maxidx=0
0:3-8:NC: BSUM t=49 L=2905 mism=0 big=0 minidx=4294967295 maxidx=0
0:5-9:NC: BSUM t=168 L=3117 mism=0 big=0 minidx=4294967295 maxidx=0
0:6-9:NC: BSUM t=248 L=3151 mism=0 big=0 minidx=4294967295 maxidx=0
0:8-6:NC: BSUM t=344 L=3410 mism=0 big=0 minidx=4294967295 maxidx=0
0:9-4:NC: BSUM t=120 L=3431 mism=0 big=0 minidx=4294967295 maxidx=0
0:5-3:NC: BSUM t=74 L=2160 mism=0 big=0 minidx=4294967295 maxidx=0
0:3-7:NC: BSUM t=37 L=2799 mism=0 big=0 minidx=4294967295 maxidx=0
0:6-8:NC: BSUM t=271 L=3124 mism=0 big=0 minidx=4294967295 maxidx=0
0:7-6:NC: BSUM t=653 L=3603 mism=0 big=0 minidx=4294967295 maxidx=0
0:4-6:NC: BSUM t=216 L=2973 mism=0 big=0 minidx=4294967295 maxidx=0
0:0-6:NC: BSUM t=262 L=1634 mism=0 big=0 minidx=4294967295 maxidx=0
0:4-9:NC: BSUM t=73 L=2933 mism=0 big=0 minidx=4294967295 maxidx=0
0:7-9:NC: BSUM t=718 L=3229 mism=0 big=0 minidx=4294967295 maxidx=0
0:8-3:NC: BSUM t=680 L=3481 mism=0 big=0 minidx=4294967295 maxidx=0
0:8-4:NC: BSUM t=102 L=3353 mism=0 big=0 minidx=4294967295 maxidx=0
0:0-7:NC: BSUM t=794 L=1604 mism=0 big=0 minidx=4294967295 maxidx=0
0:1-0:NC: BSUM t=343 L=1691 mism=0 big=0 minidx=4294967295 maxidx=0
0:1-1:NC: BSUM t=204 L=1739 mism=0 big=0 minidx=4294967295 maxidx=0
0:2-1:NC: BSUM t=209 L=2799 mism=0 big=0 minidx=4294967295 maxidx=0
0:6-6:NC: BSUM t=249 L=3165 mism=0 big=0 minidx=4294967295 maxidx=0
0:9-0:NC: BSUM t=21 L=3525 mism=0 big=0 minidx=4294967295 maxidx=0
0:10-7:NC: BSUM t=696 L=3755 mism=0 big=0 minidx=4294967295 maxidx=0
0:1-5:NC: BSUM t=188 L=1970 mism=0 big=0 minidx=4294967295 maxidx=0
0:1-6:NC: BSUM t=515 L=1770 mism=0 big=0 minidx=4294967295 maxidx=0
0:3-0:NC: BSUM t=8 L=2049 mism=0 big=0 minidx=4294967295 maxidx=0
0:9-7:NC: BSUM t=185 L=3522 mism=0 big=0 minidx=4294967295 maxidx=0
0:10-2:NC: BSUM t=678 L=3532 mism=0 big=0 minidx=4294967295 maxidx=0
0:0-4:NC: BSUM t=260 L=468 mism=0 big=0 minidx=4294967295 maxidx=0
0:0-8:NC: BSUM t=747 L=1706 mism=0 big=0 minidx=4294967295 maxidx=0
0:3-1:NC: BSUM t=140 L=2160 mism=0 big=0 minidx=4294967295 maxidx=0
0:5-6:NC: BSUM t=220 L=3100 mism=0 big=0 minidx=4294967295 maxidx=0
0:6-7:NC: BSUM t=135 L=3142 mism=0 big=0 minidx=4294967295 maxidx=0
0:0-5:NC: BSUM t=513 L=831 mism=0 big=0 minidx=4294967295 maxidx=0
0:0-9:NC: BSUM t=275 L=1815 mism=0 big=0 minidx=4294967295 maxidx=0
0:1-3:NC: BSUM t=67 L=1897 mism=0 big=0 minidx=4294967295 maxidx=0
0:1-8:NC: BSUM t=263 L=1982 mism=0 big=0 minidx=4294967295 maxidx=0
0:2-2:NC: BSUM t=158 L=1995 mism=0 big=0 minidx=4294967295 maxidx=0
0:8-1:NC: BSUM t=317 L=3295 mism=0 big=0 minidx=4294967295 maxidx=0
0:8-8:NC: BSUM t=639 L=3255 mism=0 big=0 minidx=4294967295 maxidx=0
0:10-4:NC: BSUM t=184 L=3475 mism=0 big=0 minidx=4294967295 maxidx=0
0:10-8:NC: BSUM t=242 L=3360 mism=0 big=0 minidx=4294967295 maxidx=0
0:10-9:NC: BSUM t=103 L=3361 mism=0 big=0 minidx=4294967295 maxidx=0
0:1-7:NC: BSUM t=752 L=1952 mism=0 big=0 minidx=4294967295 maxidx=0
0:5-1:NC: BSUM t=104 L=2955 mism=0 big=0 minidx=4294967295 maxidx=0
0:6-2:NC: BSUM t=423 L=3109 mism=0 big=0 minidx=4294967295 maxidx=0
0:2-0:NC: BSUM t=297 L=1950 mism=0 big=0 minidx=4294967295 maxidx=0
0:2-6:NC: BSUM t=264 L=2029 mism=0 big=0 minidx=4294967295 maxidx=0
0:2-9:NC: BSUM t=546 L=1931 mism=0 big=0 minidx=4294967295 maxidx=0
0:3-3:NC: BSUM t=330 L=2153 mism=0 big=0 minidx=4294967295 maxidx=0
0:7-2:NC: BSUM t=308 L=3297 mism=0 big=0 minidx=4294967295 maxidx=0
0:8-7:NC: BSUM t=223 L=3415 mism=0 big=0 minidx=4294967295 maxidx=0
0:0-3:NC: BSUM t=796 L=1089 mism=0 big=0 minidx=4294967295 maxidx=0
0:2-5:NC: BSUM t=211 L=2011 mism=0 big=0 minidx=4294967295 maxidx=0
0:4-3:NC: BSUM t=713 L=2184 mism=0 big=0 minidx=4294967295 maxidx=0
0:6-4:NC: BSUM t=41 L=2575 mism=0 big=0 minidx=4294967295 maxidx=0
0:7-4:NC: BSUM t=375 L=3545 mism=0 big=0 minidx=4294967295 maxidx=0
0:9-2:NC: BSUM t=374 L=3565 mism=0 big=0 minidx=4294967295 maxidx=0
0:0-4:NC: BSUM t=804 L=226 mism=0 big=0 minidx=4294967295 maxidx=0
0:2-3:NC: BSUM t=1 L=1932 mism=0 big=0 minidx=4294967295 maxidx=0
0:4-1:NC: BSUM t=58 L=2129 mism=0 big=0 minidx=4294967295 maxidx=0
0:4-2:NC: BSUM t=767 L=2079 mism=0 big=0 minidx=4294967295 maxidx=0
0:4-5:NC: BSUM t=137 L=2190 mism=0 big=0 minidx=4294967295 maxidx=0
0:4-8:NC: BSUM t=233 L=2018 mism=0 big=0 minidx=4294967295 maxidx=0
0:5-2:NC: BSUM t=791 L=2093 mism=0 big=0 minidx=4294967295 maxidx=0
0:7-3:NC: BSUM t=542 L=2410 mism=0 big=0 minidx=4294967295 maxidx=0
0:0-5:NC: BSUM t=813 L=278 mism=0 big=0 minidx=4294967295 maxidx=0
0:3-4:NC: BSUM t=763 L=2018 mism=0 big=0 minidx=4294967295 maxidx=0
0:5-7:NC: BSUM t=207 L=2256 mism=0 big=0 minidx=4294967295 maxidx=0
0:6-1:NC: BSUM t=53 L=2381 mism=0 big=0 minidx=4294967295 maxidx=0
0:0-6:NC: BSUM t=385 L=1087 mism=0 big=0 minidx=4294967295 maxidx=0
0:2-4:NC: BSUM t=351 L=1964 mism=0 big=0 minidx=4294967295 maxidx=0
0:4-0:NC: BSUM t=213 L=2092 mism=0 big=0 minidx=4294967295 maxidx=0
0:5-3:NC: BSUM t=173 L=1381 mism=0 big=0 minidx=4294967295 maxidx=0
0:5-8:NC: BSUM t=607 L=2139 mism=0 big=0 minidx=4294967295 maxidx=0
0:6-3:NC: BSUM t=382 L=2240 mism=0 big=0 minidx=4294967295 maxidx=0
0:10-0:NC: BSUM t=40 L=3591 mism=0 big=0 minidx=4294967295 maxidx=0
0:0-4:NC: BSUM t=1022 L=105 mism=0 big=0 minidx=4294967295 maxidx=0
0:1-0:NC: BSUM t=130 L=782 mism=0 big=0 minidx=4294967295 maxidx=0
0:2-8:NC: BSUM t=280 L=1971 mism=0 big=0 minidx=4294967295 maxidx=0
0:4-4:NC: BSUM t=91 L=2172 mism=0 big=0 minidx=4294967295 maxidx=0
0:5-4:NC: BSUM t=3 L=2259 mism=0 big=0 minidx=4294967295 maxidx=0
0:1-2:NC: BSUM t=278 L=1777 mism=0 big=0 minidx=4294967295 maxidx=0
0:1-9:NC: BSUM t=0 L=1888 mism=0 big=0 minidx=4294967295 maxidx=0
0:3-9:NC: BSUM t=543 L=2060 mism=0 big=0 minidx=4294967295 maxidx=0
0:5-5:NC: BSUM t=728 L=2181 mism=0 big=0 minidx=4294967295 maxidx=0
0:0-8:NC: BSUM t=82 L=988 mism=0 big=0 minidx=4294967295 maxidx=0
0:1-1:NC: BSUM t=827 L=912 mism=0 big=0 minidx=4294967295 maxidx=0
0:3-2:NC: BSUM t=754 L=2031 mism=0 big=0 minidx=4294967295 maxidx=0
0:3-5:NC: BSUM t=751 L=2126 mism=0 big=0 minidx=4294967295 maxidx=0
0:9-6:NC: BSUM t=286 L=3565 mism=0 big=0 minidx=4294967295 maxidx=0
0:0-3:NC: BSUM t=870 L=363 mism=0 big=0 minidx=4294967295 maxidx=0
0:2-7:NC: BSUM t=142 L=1927 mism=0 big=0 minidx=4294967295 maxidx=0
0:4-7:NC: BSUM t=155 L=2208 mism=0 big=0 minidx=4294967295 maxidx=0
0:7-7:NC: BSUM t=734 L=2573 mism=0 big=0 minidx=4294967295 maxidx=0
0:8-2:NC: BSUM t=478 L=3264 mism=0 big=0 minidx=4294967295 maxidx=0
0:9-9:NC: BSUM t=316 L=3728 mism=0 big=0 minidx=4294967295 maxidx=0
0:10-5:NC: BSUM t=88 L=3424 mism=0 big=0 minidx=4294967295 maxidx=0
0:0-5:NC: BSUM t=325 L=349 mism=0 big=0 minidx=4294967295 maxidx=0
0:0-7:NC: BSUM t=77 L=1152 mism=0 big=0 minidx=4294967295 maxidx=0
0:0-9:NC: BSUM t=81 L=839 mism=0 big=0 minidx=4294967295 maxidx=0
0:1-3:NC: BSUM t=482 L=1028 mism=0 big=0 minidx=4294967295 maxidx=0
0:1-4:NC: BSUM t=34 L=1988 mism=0 big=0 minidx=4294967295 maxidx=0
0:3-6:NC: BSUM t=237 L=2114 mism=0 big=0 minidx=4294967295 maxidx=0
0:7-1:NC: BSUM t=717 L=3245 mism=0 big=0 minidx=4294967295 maxidx=0
0:7-5:NC: BSUM t=106 L=2363 mism=0 big=0 minidx=4294967295 maxidx=0
0:9-5:NC: BSUM t=609 L=3518 mism=0 big=0 minidx=4294967295 maxidx=0
0:1-5:NC: BSUM t=797 L=1082 mism=0 big=0 minidx=4294967295 maxidx=0
0:7-0:NC: BSUM t=372 L=2489 mism=0 big=0 minidx=4294967295 maxidx=0
0:0-6:NC: BSUM t=258 L=476 mism=0 big=0 minidx=4294967295 maxidx=0
0:1-0:NC: BSUM t=226 L=376 mism=0 big=0 minidx=4294967295 maxidx=0
0:1-6:NC: BSUM t=59 L=1278 mism=0 big=0 minidx=4294967295 maxidx=0
0:3-1:NC: BSUM t=483 L=1193 mism=0 big=0 minidx=4294967295 maxidx=0
0:3-3:NC: BSUM t=511 L=1159 mism=0 big=0 minidx=4294967295 maxidx=0
0:6-0:NC: BSUM t=710 L=2301 mism=0 big=0 minidx=4294967295 maxidx=0
0:8-5:NC: BSUM t=51 L=2576 mism=0 big=0 minidx=4294967295 maxidx=0
0:8-6:NC: BSUM t=510 L=2372 mism=0 big=0 minidx=4294967295 maxidx=0
0:0-5:NC: BSUM t=1013 L=109 mism=0 big=0 minidx=4294967295 maxidx=0
0:5-0:NC: BSUM t=712 L=2166 mism=0 big=0 minidx=4294967295 maxidx=0
0:8-9:NC: BSUM t=199 L=2496 mism=0 big=0 minidx=4294967295 maxidx=0
0:10-6:NC: BSUM t=247 L=3455 mism=0 big=0 minidx=4294967295 maxidx=0
0:1-7:NC: BSUM t=131 L=1158 mism=0 big=0 minidx=4294967295 maxidx=0
0:2-9:NC: BSUM t=115 L=1379 mism=0 big=0 minidx=4294967295 maxidx=0
0:3-0:NC: BSUM t=783 L=1232 mism=0 big=0 minidx=4294967295 maxidx=0
0:3-8:NC: BSUM t=753 L=2035 mism=0 big=0 minidx=4294967295 maxidx=0
0:5-9:NC: BSUM t=212 L=2294 mism=0 big=0 minidx=4294967295 maxidx=0
0:6-8:NC: BSUM t=117 L=2521 mism=0 big=0 minidx=4294967295 maxidx=0
0:7-8:NC: BSUM t=189 L=2532 mism=0 big=0 minidx=4294967295 maxidx=0
0:9-8:NC: BSUM t=726 L=3630 mism=0 big=0 minidx=4294967295 maxidx=0
0:10-1:NC: BSUM t=266 L=3624 mism=0 big=0 minidx=4294967295 maxidx=0
0:0-3:NC: BSUM t=872 L=223 mism=0 big=0 minidx=4294967295 maxidx=0
0:0-7:NC: BSUM t=844 L=255 mism=0 big=0 minidx=4294967295 maxidx=0
0:0-8:NC: BSUM t=803 L=311 mism=0 big=0 minidx=4294967295 maxidx=0
0:0-9:NC: BSUM t=448 L=490 mism=0 big=0 minidx=4294967295 maxidx=0
0:1-1:NC: BSUM t=863 L=393 mism=0 big=0 minidx=4294967295 maxidx=0
0:2-6:NC: BSUM t=746 L=1028 mism=0 big=0 minidx=4294967295 maxidx=0
0:3-7:NC: BSUM t=709 L=2095 mism=0 big=0 minidx=4294967295 maxidx=0
0:5-3:NC: BSUM t=163 L=789 mism=0 big=0 minidx=4294967295 maxidx=0
0:6-9:NC: BSUM t=549 L=2460 mism=0 big=0 minidx=4294967295 maxidx=0
0:8-0:NC: BSUM t=156 L=2581 mism=0 big=0 minidx=4294967295 maxidx=0
0:9-1:NC: BSUM t=57 L=3271 mism=0 big=0 minidx=4294967295 maxidx=0
0:1-2:NC: BSUM t=449 L=901 mism=0 big=0 minidx=4294967295 maxidx=0
0:1-8:NC: BSUM t=95 L=1364 mism=0 big=0 minidx=4294967295 maxidx=0
0:2-0:NC: BSUM t=61 L=1351 mism=0 big=0 minidx=4294967295 maxidx=0
0:2-2:NC: BSUM t=62 L=1415 mism=0 big=0 minidx=4294967295 maxidx=0
0:4-9:NC: BSUM t=302 L=2188 mism=0 big=0 minidx=4294967295 maxidx=0
0:7-6:NC: BSUM t=243 L=2222 mism=0 big=0 minidx=4294967295 maxidx=0
0:9-3:NC: BSUM t=17 L=3374 mism=0 big=0 minidx=4294967295 maxidx=0
0:9-4:NC: BSUM t=238 L=2449 mism=0 big=0 minidx=4294967295 maxidx=0
0:1-5:NC: BSUM t=850 L=368 mism=0 big=0 minidx=4294967295 maxidx=0
0:2-1:NC: BSUM t=200 L=1969 mism=0 big=0 minidx=4294967295 maxidx=0
0:6-5:NC: BSUM t=359 L=3152 mism=0 big=0 minidx=4294967295 maxidx=0
0:0-3:NC: BSUM t=982 L=150 mism=0 big=0 minidx=4294967295 maxidx=0
0:0-6:NC: BSUM t=973 L=258 mism=0 big=0 minidx=4294967295 maxidx=0
0:1-0:NC: BSUM t=944 L=268 mism=0 big=0 minidx=4294967295 maxidx=0
0:1-3:NC: BSUM t=480 L=565 mism=0 big=0 minidx=4294967295 maxidx=0
0:2-3:NC: BSUM t=46 L=1289 mism=0 big=0 minidx=4294967295 maxidx=0
0:2-5:NC: BSUM t=545 L=1339 mism=0 big=0 minidx=4294967295 maxidx=0
0:5-7:NC: BSUM t=172 L=1492 mism=0 big=0 minidx=4294967295 maxidx=0
0:10-3:NC: BSUM t=241 L=3671 mism=0 big=0 minidx=4294967295 maxidx=0
0:2-8:NC: BSUM t=195 L=1204 mism=0 big=0 minidx=4294967295 maxidx=0
0:4-2:NC: BSUM t=47 L=1458 mism=0 big=0 minidx=4294967295 maxidx=0
0:4-3:NC: BSUM t=828 L=1399 mism=0 big=0 minidx=4294967295 maxidx=0
0:8-4:NC: BSUM t=208 L=2473 mism=0 big=0 minidx=4294967295 maxidx=0
0:10-7:NC: BSUM t=9 L=2324 mism=0 big=0 minidx=4294967295 maxidx=0
0:0-9:NC: BSUM t=952 L=217 mism=0 big=0 minidx=4294967295 maxidx=0
0:1-1:NC: BSUM t=840 L=229 mism=0 big=0 minidx=4294967295 maxidx=0
0:2-4:NC: BSUM t=98 L=1130 mism=0 big=0 minidx=4294967295 maxidx=0
0:3-4:NC: BSUM t=97 L=1315 mism=0 big=0 minidx=4294967295 maxidx=0
0:4-6:NC: BSUM t=766 L=2106 mism=0 big=0 minidx=4294967295 maxidx=0
0:4-8:NC: BSUM t=799 L=1407 mism=0 big=0 minidx=4294967295 maxidx=0
0:6-4:NC: BSUM t=764 L=1603 mism=0 big=0 minidx=4294967295 maxidx=0
0:9-0:NC: BSUM t=154 L=2330 mism=0 big=0 minidx=4294967295 maxidx=0
0:9-7:NC: BSUM t=267 L=2350 mism=0 big=0 minidx=4294967295 maxidx=0
0:0-7:NC: BSUM t=971 L=316 mism=0 big=0 minidx=4294967295 maxidx=0
0:0-8:NC: BSUM t=970 L=282 mism=0 big=0 minidx=4294967295 maxidx=0
0:1-0:NC: BSUM t=985 L=144 mism=0 big=0 minidx=4294967295 maxidx=0
0:1-2:NC: BSUM t=358 L=401 mism=0 big=0 minidx=4294967295 maxidx=0
0:6-7:NC: BSUM t=152 L=2580 mism=0 big=0 minidx=4294967295 maxidx=0
0:7-9:NC: BSUM t=274 L=2632 mism=0 big=0 minidx=4294967295 maxidx=0
0:10-2:NC: BSUM t=279 L=2367 mism=0 big=0 minidx=4294967295 maxidx=0
0:10-4:NC: BSUM t=214 L=2315 mism=0 big=0 minidx=4294967295 maxidx=0
0:0-6:NC: BSUM t=994 L=162 mism=0 big=0 minidx=4294967295 maxidx=0
0:1-6:NC: BSUM t=76 L=595 mism=0 big=0 minidx=4294967295 maxidx=0
0:2-7:NC: BSUM t=141 L=1238 mism=0 big=0 minidx=4294967295 maxidx=0
0:3-0:NC: BSUM t=738 L=516 mism=0 big=0 minidx=4294967295 maxidx=0
0:3-1:NC: BSUM t=43 L=837 mism=0 big=0 minidx=4294967295 maxidx=0
0:3-3:NC: BSUM t=129 L=819 mism=0 big=0 minidx=4294967295 maxidx=0
0:4-5:NC: BSUM t=798 L=1486 mism=0 big=0 minidx=4294967295 maxidx=0
0:4-7:NC: BSUM t=205 L=1288 mism=0 big=0 minidx=4294967295 maxidx=0
0:5-1:NC: BSUM t=18 L=2185 mism=0 big=0 minidx=4294967295 maxidx=0
0:5-2:NC: BSUM t=126 L=1545 mism=0 big=0 minidx=4294967295 maxidx=0
0:5-6:NC: BSUM t=792 L=2162 mism=0 big=0 minidx=4294967295 maxidx=0
0:8-3:NC: BSUM t=608 L=2326 mism=0 big=0 minidx=4294967295 maxidx=0
0:10-9:NC: BSUM t=281 L=2457 mism=0 big=0 minidx=4294967295 maxidx=0
0:1-3:NC: BSUM t=422 L=426 mism=0 big=0 minidx=4294967295 maxidx=0
0:1-5:NC: BSUM t=855 L=294 mism=0 big=0 minidx=4294967295 maxidx=0
0:1-9:NC: BSUM t=108 L=1219 mism=0 big=0 minidx=4294967295 maxidx=0
0:2-2:NC: BSUM t=802 L=392 mism=0 big=0 minidx=4294967295 maxidx=0
0:3-2:NC: BSUM t=177 L=1334 mism=0 big=0 minidx=4294967295 maxidx=0
0:3-5:NC: BSUM t=174 L=1275 mism=0 big=0 minidx=4294967295 maxidx=0
0:4-0:NC: BSUM t=29 L=1525 mism=0 big=0 minidx=4294967295 maxidx=0
0:4-1:NC: BSUM t=576 L=1508 mism=0 big=0 minidx=4294967295 maxidx=0
0:5-3:NC: BSUM t=259 L=526 mism=0 big=0 minidx=4294967295 maxidx=0
0:6-1:NC: BSUM t=96 L=1580 mism=0 big=0 minidx=4294967295 maxidx=0
0:1-1:NC: BSUM t=980 L=177 mism=0 big=0 minidx=4294967295 maxidx=0
0:1-4:NC: BSUM t=48 L=1179 mism=0 big=0 minidx=4294967295 maxidx=0
0:2-6:NC: BSUM t=194 L=716 mism=0 big=0 minidx=4294967295 maxidx=0
0:6-2:NC: BSUM t=210 L=2309 mism=0 big=0 minidx=4294967295 maxidx=0
0:6-6:NC: BSUM t=35 L=2456 mism=0 big=0 minidx=4294967295 maxidx=0
0:7-3:NC: BSUM t=268 L=1905 mism=0 big=0 minidx=4294967295 maxidx=0
0:7-7:NC: BSUM t=277 L=1554 mism=0 big=0 minidx=4294967295 maxidx=0
0:10-8:NC: BSUM t=244 L=2418 mism=0 big=0 minidx=4294967295 maxidx=0
0:0-8:NC: BSUM t=768 L=182 mism=0 big=0 minidx=4294967295 maxidx=0
0:0-9:NC: BSUM t=1005 L=211 mism=0 big=0 minidx=4294967295 maxidx=0
0:1-7:NC: BSUM t=826 L=698 mism=0 big=0 minidx=4294967295 maxidx=0
0:3-9:NC: BSUM t=94 L=1538 mism=0 big=0 minidx=4294967295 maxidx=0
0:4-4:NC: BSUM t=33 L=1530 mism=0 big=0 minidx=4294967295 maxidx=0
0:1-2:NC: BSUM t=815 L=233 mism=0 big=0 minidx=4294967295 maxidx=0
0:1-5:NC: BSUM t=1020 L=99 mism=0 big=0 minidx=4294967295 maxidx=0
0:1-8:NC: BSUM t=181 L=697 mism=0 big=0 minidx=4294967295 maxidx=0
0:2-0:NC: BSUM t=860 L=655 mism=0 big=0 minidx=4294967295 maxidx=0
0:2-3:NC: BSUM t=328 L=608 mism=0 big=0 minidx=4294967295 maxidx=0
0:2-9:NC: BSUM t=834 L=561 mism=0 big=0 minidx=4294967295 maxidx=0
0:5-4:NC: BSUM t=789 L=1615 mism=0 big=0 minidx=4294967295 maxidx=0
0:5-5:NC: BSUM t=31 L=1630 mism=0 big=0 minidx=4294967295 maxidx=0
0:5-8:NC: BSUM t=202 L=1887 mism=0 big=0 minidx=4294967295 maxidx=0
0:9-2:NC: BSUM t=276 L=2383 mism=0 big=0 minidx=4294967295 maxidx=0
0:1-6:NC: BSUM t=874 L=260 mism=0 big=0 minidx=4294967295 maxidx=0
0:2-5:NC: BSUM t=128 L=752 mism=0 big=0 minidx=4294967295 maxidx=0
0:3-1:NC: BSUM t=355 L=359 mism=0 big=0 minidx=4294967295 maxidx=0
0:8-7:NC: BSUM t=486 L=2392 mism=0 big=0 minidx=4294967295 maxidx=0
0:1-9:NC: BSUM t=453 L=483 mism=0 big=0 minidx=4294967295 maxidx=0
0:2-4:NC: BSUM t=830 L=489 mism=0 big=0 minidx=4294967295 maxidx=0
0:2-8:NC: BSUM t=705 L=514 mism=0 big=0 minidx=4294967295 maxidx=0
0:3-0:NC: BSUM t=938 L=271 mism=0 big=0 minidx=4294967295 maxidx=0
0:3-3:NC: BSUM t=809 L=312 mism=0 big=0 minidx=4294967295 maxidx=0
0:3-4:NC: BSUM t=481 L=664 mism=0 big=0 minidx=4294967295 maxidx=0
0:3-6:NC: BSUM t=230 L=1463 mism=0 big=0 minidx=4294967295 maxidx=0
0:4-2:NC: BSUM t=801 L=473 mism=0 big=0 minidx=4294967295 maxidx=0
0:4-3:NC: BSUM t=740 L=632 mism=0 big=0 minidx=4294967295 maxidx=0
0:5-3:NC: BSUM t=846 L=213 mism=0 big=0 minidx=4294967295 maxidx=0
0:6-3:NC: BSUM t=25 L=1973 mism=0 big=0 minidx=4294967295 maxidx=0
0:7-4:NC: BSUM t=203 L=2454 mism=0 big=0 minidx=4294967295 maxidx=0
0:7-5:NC: BSUM t=309 L=1817 mism=0 big=0 minidx=4294967295 maxidx=0
0:8-1:NC: BSUM t=68 L=2504 mism=0 big=0 minidx=4294967295 maxidx=0
0:8-8:NC: BSUM t=4 L=2566 mism=0 big=0 minidx=4294967295 maxidx=0
0:2-2:NC: BSUM t=998 L=259 mism=0 big=0 minidx=4294967295 maxidx=0
0:1-2:NC: BSUM t=975 L=160 mism=0 big=0 minidx=4294967295 maxidx=0
0:3-7:NC: BSUM t=10 L=1322 mism=0 big=0 minidx=4294967295 maxidx=0
0:5-0:NC: BSUM t=92 L=1570 mism=0 big=0 minidx=4294967295 maxidx=0
0:5-9:NC: BSUM t=514 L=1559 mism=0 big=0 minidx=4294967295 maxidx=0
0:6-0:NC: BSUM t=245 L=1660 mism=0 big=0 minidx=4294967295 maxidx=0
0:7-2:NC: BSUM t=134 L=2621 mism=0 big=0 minidx=4294967295 maxidx=0
0:8-6:NC: BSUM t=110 L=1657 mism=0 big=0 minidx=4294967295 maxidx=0
0:1-4:NC: BSUM t=892 L=366 mism=0 big=0 minidx=4294967295 maxidx=0
0:1-7:NC: BSUM t=906 L=274 mism=0 big=0 minidx=4294967295 maxidx=0
0:2-0:NC: BSUM t=913 L=238 mism=0 big=0 minidx=4294967295 maxidx=0
0:2-1:NC: BSUM t=340 L=1247 mism=0 big=0 minidx=4294967295 maxidx=0
0:2-6:NC: BSUM t=905 L=300 mism=0 big=0 minidx=4294967295 maxidx=0
0:2-7:NC: BSUM t=178 L=685 mism=0 big=0 minidx=4294967295 maxidx=0
0:2-9:NC: BSUM t=773 L=237 mism=0 big=0 minidx=4294967295 maxidx=0
0:4-9:NC: BSUM t=341 L=1444 mism=0 big=0 minidx=4294967295 maxidx=0
0:7-0:NC: BSUM t=517 L=1714 mism=0 big=0 minidx=4294967295 maxidx=0
0:9-9:NC: BSUM t=301 L=2274 mism=0 big=0 minidx=4294967295 maxidx=0
0:10-0:NC: BSUM t=714 L=2286 mism=0 big=0 minidx=4294967295 maxidx=0
0:1-6:NC: BSUM t=963 L=181 mism=0 big=0 minidx=4294967295 maxidx=0
0:2-3:NC: BSUM t=954 L=267 mism=0 big=0 minidx=4294967295 maxidx=0
0:3-0:NC: BSUM t=919 L=193 mism=0 big=0 minidx=4294967295 maxidx=0
0:3-1:NC: BSUM t=879 L=211 mism=0 big=0 minidx=4294967295 maxidx=0
0:3-8:NC: BSUM t=294 L=1452 mism=0 big=0 minidx=4294967295 maxidx=0
0:4-8:NC: BSUM t=107 L=749 mism=0 big=0 minidx=4294967295 maxidx=0
0:5-3:NC: BSUM t=993 L=145 mism=0 big=0 minidx=4294967295 maxidx=0
0:6-4:NC: BSUM t=182 L=1017 mism=0 big=0 minidx=4294967295 maxidx=0
0:8-5:NC: BSUM t=159 L=1739 mism=0 big=0 minidx=4294967295 maxidx=0
0:1-8:NC: BSUM t=877 L=350 mism=0 big=0 minidx=4294967295 maxidx=0
0:2-4:NC: BSUM t=852 L=244 mism=0 big=0 minidx=4294967295 maxidx=0
0:2-5:NC: BSUM t=856 L=279 mism=0 big=0 minidx=4294967295 maxidx=0
0:3-3:NC: BSUM t=976 L=201 mism=0 big=0 minidx=4294967295 maxidx=0
0:3-4:NC: BSUM t=843 L=234 mism=0 big=0 minidx=4294967295 maxidx=0
0:4-0:NC: BSUM t=823 L=700 mism=0 big=0 minidx=4294967295 maxidx=0
0:4-1:NC: BSUM t=778 L=653 mism=0 big=0 minidx=4294967295 maxidx=0
0:4-2:NC: BSUM t=853 L=289 mism=0 big=0 minidx=4294967295 maxidx=0
0:4-5:NC: BSUM t=822 L=734 mism=0 big=0 minidx=4294967295 maxidx=0
0:6-8:NC: BSUM t=232 L=1763 mism=0 big=0 minidx=4294967295 maxidx=0
0:7-1:NC: BSUM t=606 L=2438 mism=0 big=0 minidx=4294967295 maxidx=0
0:9-4:NC: BSUM t=52 L=1806 mism=0 big=0 minidx=4294967295 maxidx=0
0:1-9:NC: BSUM t=881 L=287 mism=0 big=0 minidx=4294967295 maxidx=0
0:2-6:NC: BSUM t=983 L=168 mism=0 big=0 minidx=4294967295 maxidx=0
0:3-2:NC: BSUM t=165 L=698 mism=0 big=0 minidx=4294967295 maxidx=0
0:5-2:NC: BSUM t=832 L=650 mism=0 big=0 minidx=4294967295 maxidx=0
0:7-3:NC: BSUM t=831 L=705 mism=0 big=0 minidx=4294967295 maxidx=0
0:9-5:NC: BSUM t=123 L=2246 mism=0 big=0 minidx=4294967295 maxidx=0
0:10-5:NC: BSUM t=755 L=2423 mism=0 big=0 minidx=4294967295 maxidx=0
0:2-8:NC: BSUM t=937 L=327 mism=0 big=0 minidx=4294967295 maxidx=0
0:3-5:NC: BSUM t=779 L=843 mism=0 big=0 minidx=4294967295 maxidx=0
0:4-3:NC: BSUM t=836 L=300 mism=0 big=0 minidx=4294967295 maxidx=0
0:4-4:NC: BSUM t=179 L=707 mism=0 big=0 minidx=4294967295 maxidx=0
0:5-5:NC: BSUM t=454 L=859 mism=0 big=0 minidx=4294967295 maxidx=0
0:5-7:NC: BSUM t=198 L=1288 mism=0 big=0 minidx=4294967295 maxidx=0
0:8-2:NC: BSUM t=136 L=2604 mism=0 big=0 minidx=4294967295 maxidx=0
0:1-8:NC: BSUM t=988 L=150 mism=0 big=0 minidx=4294967295 maxidx=0
0:2-2:NC: BSUM t=146 L=303 mism=0 big=0 minidx=4294967295 maxidx=0
0:2-9:NC: BSUM t=931 L=209 mism=0 big=0 minidx=4294967295 maxidx=0
0:4-7:NC: BSUM t=293 L=1017 mism=0 big=0 minidx=4294967295 maxidx=0
0:6-1:NC: BSUM t=109 L=1077 mism=0 big=0 minidx=4294967295 maxidx=0
0:7-8:NC: BSUM t=255 L=1934 mism=0 big=0 minidx=4294967295 maxidx=0
0:8-9:NC: BSUM t=100 L=1912 mism=0 big=0 minidx=4294967295 maxidx=0
0:9-3:NC: BSUM t=413 L=2284 mism=0 big=0 minidx=4294967295 maxidx=0
0:9-6:NC: BSUM t=748 L=2362 mism=0 big=0 minidx=4294967295 maxidx=0
0:2-0:NC: BSUM t=965 L=212 mism=0 big=0 minidx=4294967295 maxidx=0
0:2-4:NC: BSUM t=847 L=193 mism=0 big=0 minidx=4294967295 maxidx=0
0:2-5:NC: BSUM t=880 L=201 mism=0 big=0 minidx=4294967295 maxidx=0
0:3-9:NC: BSUM t=824 L=763 mism=0 big=0 minidx=4294967295 maxidx=0
0:4-2:NC: BSUM t=452 L=285 mism=0 big=0 minidx=4294967295 maxidx=0
0:5-1:NC: BSUM t=342 L=1438 mism=0 big=0 minidx=4294967295 maxidx=0
0:6-9:NC: BSUM t=790 L=1872 mism=0 big=0 minidx=4294967295 maxidx=0
0:7-6:NC: BSUM t=674 L=1624 mism=0 big=0 minidx=4294967295 maxidx=0
0:7-9:NC: BSUM t=138 L=1521 mism=0 big=0 minidx=4294967295 maxidx=0
0:8-0:NC: BSUM t=157 L=1922 mism=0 big=0 minidx=4294967295 maxidx=0
0:9-8:NC: BSUM t=303 L=2206 mism=0 big=0 minidx=4294967295 maxidx=0
0:1-9:NC: BSUM t=989 L=161 mism=0 big=0 minidx=4294967295 maxidx=0
0:2-1:NC: BSUM t=227 L=494 mism=0 big=0 minidx=4294967295 maxidx=0
0:4-0:NC: BSUM t=289 L=287 mism=0 big=0 minidx=4294967295 maxidx=0
0:4-6:NC: BSUM t=64 L=1557 mism=0 big=0 minidx=4294967295 maxidx=0
0:5-6:NC: BSUM t=93 L=1523 mism=0 big=0 minidx=4294967295 maxidx=0
0:6-5:NC: BSUM t=447 L=2381 mism=0 big=0 minidx=4294967295 maxidx=0
0:6-7:NC: BSUM t=310 L=1717 mism=0 big=0 minidx=4294967295 maxidx=0
0:8-3:NC: BSUM t=183 L=1615 mism=0 big=0 minidx=4294967295 maxidx=0
0:8-4:NC: BSUM t=201 L=1824 mism=0 big=0 minidx=4294967295 maxidx=0
0:9-0:NC: BSUM t=750 L=1435 mism=0 big=0 minidx=4294967295 maxidx=0
0:10-1:NC: BSUM t=218 L=2314 mism=0 big=0 minidx=4294967295 maxidx=0
0:10-8:NC: BSUM t=479 L=1557 mism=0 big=0 minidx=4294967295 maxidx=0
0:1-4:NC: BSUM t=866 L=362 mism=0 big=0 minidx=4294967295 maxidx=0
0:1-7:NC: BSUM t=144 L=386 mism=0 big=0 minidx=4294967295 maxidx=0
0:2-3:NC: BSUM t=145 L=357 mism=0 big=0 minidx=4294967295 maxidx=0
0:2-7:NC: BSUM t=867 L=369 mism=0 big=0 minidx=4294967295 maxidx=0
0:3-2:NC: BSUM t=818 L=262 mism=0 big=0 minidx=4294967295 maxidx=0
0:3-4:NC: BSUM t=920 L=255 mism=0 big=0 minidx=4294967295 maxidx=0
0:3-6:NC: BSUM t=744 L=692 mism=0 big=0 minidx=4294967295 maxidx=0
0:4-1:NC: BSUM t=164 L=326 mism=0 big=0 minidx=4294967295 maxidx=0
0:4-5:NC: BSUM t=420 L=456 mism=0 big=0 minidx=4294967295 maxidx=0
0:4-8:NC: BSUM t=862 L=398 mism=0 big=0 minidx=4294967295 maxidx=0
0:5-0:NC: BSUM t=419 L=893 mism=0 big=0 minidx=4294967295 maxidx=0
0:5-8:NC: BSUM t=197 L=993 mism=0 big=0 minidx=4294967295 maxidx=0
0:7-7:NC: BSUM t=782 L=1101 mism=0 big=0 minidx=4294967295 maxidx=0
0:9-1:NC: BSUM t=105 L=2610 mism=0 big=0 minidx=4294967295 maxidx=0
0:9-7:NC: BSUM t=27 L=1724 mism=0 big=0 minidx=4294967295 maxidx=0
0:10-6:NC: BSUM t=26 L=2291 mism=0 big=0 minidx=4294967295 maxidx=0
0:2-8:NC: BSUM t=841 L=211 mism=0 big=0 minidx=4294967295 maxidx=0
0:3-7:NC: BSUM t=743 L=677 mism=0 big=0 minidx=4294967295 maxidx=0
0:4-4:NC: BSUM t=811 L=302 mism=0 big=0 minidx=4294967295 maxidx=0
0:6-3:NC: BSUM t=833 L=670 mism=0 big=0 minidx=4294967295 maxidx=0
0:6-4:NC: BSUM t=868 L=377 mism=0 big=0 minidx=4294967295 maxidx=0
0:8-6:NC: BSUM t=329 L=902 mism=0 big=0 minidx=4294967295 maxidx=0
0:10-3:NC: BSUM t=269 L=2257 mism=0 big=0 minidx=4294967295 maxidx=0
0:10-4:NC: BSUM t=42 L=1795 mism=0 big=0 minidx=4294967295 maxidx=0
0:10-7:NC: BSUM t=169 L=1893 mism=0 big=0 minidx=4294967295 maxidx=0
0:3-5:NC: BSUM t=256 L=387 mism=0 big=0 minidx=4294967295 maxidx=0
0:3-8:NC: BSUM t=800 L=536 mism=0 big=0 minidx=4294967295 maxidx=0
0:4-3:NC: BSUM t=147 L=316 mism=0 big=0 minidx=4294967295 maxidx=0
0:4-9:NC: BSUM t=742 L=750 mism=0 big=0 minidx=4294967295 maxidx=0
0:5-2:NC: BSUM t=288 L=482 mism=0 big=0 minidx=4294967295 maxidx=0
0:5-4:NC: BSUM t=707 L=1076 mism=0 big=0 minidx=4294967295 maxidx=0
0:5-7:NC: BSUM t=925 L=241 mism=0 big=0 minidx=4294967295 maxidx=0
0:9-2:NC: BSUM t=50 L=1709 mism=0 big=0 minidx=4294967295 maxidx=0
0:10-2:NC: BSUM t=125 L=1738 mism=0 big=0 minidx=4294967295 maxidx=0
0:5-5:NC: BSUM t=11 L=399 mism=0 big=0 minidx=4294967295 maxidx=0
0:6-2:NC: BSUM t=90 L=1741 mism=0 big=0 minidx=4294967295 maxidx=0
0:7-3:NC: BSUM t=775 L=453 mism=0 big=0 minidx=4294967295 maxidx=0
0:7-5:NC: BSUM t=821 L=843 mism=0 big=0 minidx=4294967295 maxidx=0
0:2-7:NC: BSUM t=950 L=173 mism=0 big=0 minidx=4294967295 maxidx=0
0:4-7:NC: BSUM t=903 L=318 mism=0 big=0 minidx=4294967295 maxidx=0
0:4-8:NC: BSUM t=915 L=207 mism=0 big=0 minidx=4294967295 maxidx=0
0:5-9:NC: BSUM t=150 L=1206 mism=0 big=0 minidx=4294967295 maxidx=0
0:6-0:NC: BSUM t=745 L=897 mism=0 big=0 minidx=4294967295 maxidx=0
0:8-5:NC: BSUM t=484 L=947 mism=0 big=0 minidx=4294967295 maxidx=0
0:8-8:NC: BSUM t=381 L=1625 mism=0 big=0 minidx=4294967295 maxidx=0
0:1-4:NC: BSUM t=113 L=207 mism=0 big=0 minidx=4294967295 maxidx=0
0:2-1:NC: BSUM t=907 L=288 mism=0 big=0 minidx=4294967295 maxidx=0
0:3-9:NC: BSUM t=292 L=424 mism=0 big=0 minidx=4294967295 maxidx=0
0:4-0:NC: BSUM t=897 L=240 mism=0 big=0 minidx=4294967295 maxidx=0
0:4-1:NC: BSUM t=884 L=191 mism=0 big=0 minidx=4294967295 maxidx=0
0:4-5:NC: BSUM t=848 L=294 mism=0 big=0 minidx=4294967295 maxidx=0
0:5-0:NC: BSUM t=387 L=396 mism=0 big=0 minidx=4294967295 maxidx=0
0:6-1:NC: BSUM t=909 L=370 mism=0 big=0 minidx=4294967295 maxidx=0
0:9-4:NC: BSUM t=485 L=910 mism=0 big=0 minidx=4294967295 maxidx=0
0:10-9:NC: BSUM t=63 L=1845 mism=0 big=0 minidx=4294967295 maxidx=0
0:3-7:NC: BSUM t=951 L=232 mism=0 big=0 minidx=4294967295 maxidx=0
0:3-8:NC: BSUM t=323 L=244 mism=0 big=0 minidx=4294967295 maxidx=0
0:4-4:NC: BSUM t=1004 L=232 mism=0 big=0 minidx=4294967295 maxidx=0
0:6-4:NC: BSUM t=357 L=285 mism=0 big=0 minidx=4294967295 maxidx=0
0:7-4:NC: BSUM t=171 L=1556 mism=0 big=0 minidx=4294967295 maxidx=0
0:7-7:NC: BSUM t=812 L=336 mism=0 big=0 minidx=4294967295 maxidx=0
0:8-1:NC: BSUM t=32 L=1511 mism=0 big=0 minidx=4294967295 maxidx=0
0:8-9:NC: BSUM t=228 L=652 mism=0 big=0 minidx=4294967295 maxidx=0
0:3-2:NC: BSUM t=12 L=309 mism=0 big=0 minidx=4294967295 maxidx=0
0:3-5:NC: BSUM t=974 L=211 mism=0 big=0 minidx=4294967295 maxidx=0
0:5-2:NC: BSUM t=888 L=261 mism=0 big=0 minidx=4294967295 maxidx=0
0:5-8:NC: BSUM t=193 L=443 mism=0 big=0 minidx=4294967295 maxidx=0
0:6-6:NC: BSUM t=675 L=1780 mism=0 big=0 minidx=4294967295 maxidx=0
0:8-0:NC: BSUM t=417 L=798 mism=0 big=0 minidx=4294967295 maxidx=0
0:8-6:NC: BSUM t=737 L=291 mism=0 big=0 minidx=4294967295 maxidx=0
0:8-7:NC: BSUM t=28 L=1665 mism=0 big=0 minidx=4294967295 maxidx=0
0:3-6:NC: BSUM t=224 L=517 mism=0 big=0 minidx=4294967295 maxidx=0
0:4-8:NC: BSUM t=885 L=135 mism=0 big=0 minidx=4294967295 maxidx=0
0:5-5:NC: BSUM t=838 L=222 mism=0 big=0 minidx=4294967295 maxidx=0
0:5-7:NC: BSUM t=854 L=281 mism=0 big=0 minidx=4294967295 maxidx=0
0:7-0:NC: BSUM t=127 L=1197 mism=0 big=0 minidx=4294967295 maxidx=0
0:7-2:NC: BSUM t=296 L=1580 mism=0 big=0 minidx=4294967295 maxidx=0
0:7-3:NC: BSUM t=995 L=217 mism=1 big=0 minidx=34 maxidx=34
0:4-6:NC: BSUM t=320 L=774 mism=0 big=0 minidx=4294967295 maxidx=0
0:4-7:NC: BSUM t=921 L=253 mism=0 big=0 minidx=4294967295 maxidx=0
0:5-4:NC: BSUM t=354 L=537 mism=0 big=0 minidx=4294967295 maxidx=0
0:6-7:NC: BSUM t=149 L=864 mism=0 big=0 minidx=4294967295 maxidx=0
0:6-8:NC: BSUM t=133 L=1085 mism=0 big=0 minidx=4294967295 maxidx=0
0:6-9:NC: BSUM t=175 L=699 mism=0 big=0 minidx=4294967295 maxidx=0
0:7-5:NC: BSUM t=704 L=388 mism=0 big=0 minidx=4294967295 maxidx=0
0:7-8:NC: BSUM t=741 L=843 mism=0 big=0 minidx=4294967295 maxidx=0
0:9-0:NC: BSUM t=416 L=1054 mism=0 big=0 minidx=4294967295 maxidx=0
0:10-4:NC: BSUM t=353 L=731 mism=0 big=0 minidx=4294967295 maxidx=0
0:2-1:NC: BSUM t=388 L=262 mism=0 big=0 minidx=4294967295 maxidx=0
0:3-9:NC: BSUM t=942 L=245 mism=0 big=0 minidx=4294967295 maxidx=0
0:4-9:NC: BSUM t=820 L=424 mism=0 big=0 minidx=4294967295 maxidx=0
0:5-0:NC: BSUM t=912 L=221 mism=0 big=0 minidx=4294967295 maxidx=0
0:5-9:NC: BSUM t=924 L=309 mism=0 big=0 minidx=4294967295 maxidx=0
0:6-1:NC: BSUM t=816 L=360 mism=0 big=0 minidx=4294967295 maxidx=0
0:6-3:NC: BSUM t=111 L=503 mism=0 big=0 minidx=4294967295 maxidx=0
0:8-4:NC: BSUM t=326 L=820 mism=0 big=0 minidx=4294967295 maxidx=0
0:3-7:NC: BSUM t=986 L=185 mism=0 big=0 minidx=4294967295 maxidx=0
0:3-8:NC: BSUM t=806 L=207 mism=0 big=0 minidx=4294967295 maxidx=0
0:5-5:NC: BSUM t=389 L=198 mism=0 big=0 minidx=4294967295 maxidx=0
0:6-0:NC: BSUM t=160 L=433 mism=0 big=0 minidx=4294967295 maxidx=0
0:7-3:NC: BSUM t=1010 L=110 mism=0 big=0 minidx=4294967295 maxidx=0
0:7-6:NC: BSUM t=45 L=971 mism=0 big=0 minidx=4294967295 maxidx=0
0:7-7:NC: BSUM t=940 L=243 mism=0 big=0 minidx=4294967295 maxidx=0
0:8-5:NC: BSUM t=883 L=374 mism=0 big=0 minidx=4294967295 maxidx=0
0:5-1:NC: BSUM t=784 L=1042 mism=0 big=0 minidx=4294967295 maxidx=0
0:5-8:NC: BSUM t=322 L=250 mism=0 big=0 minidx=4294967295 maxidx=0
0:7-9:NC: BSUM t=795 L=1193 mism=0 big=0 minidx=4294967295 maxidx=0
0:8-6:NC: BSUM t=771 L=244 mism=0 big=0 minidx=4294967295 maxidx=0
0:9-4:NC: BSUM t=936 L=305 mism=0 big=0 minidx=4294967295 maxidx=0
0:10-0:NC: BSUM t=547 L=1914 mism=0 big=0 minidx=4294967295 maxidx=0
0:10-2:NC: BSUM t=386 L=992 mism=0 big=0 minidx=4294967295 maxidx=0
0:3-6:NC: BSUM t=948 L=220 mism=0 big=0 minidx=4294967295 maxidx=0
0:4-7:NC: BSUM t=886 L=147 mism=0 big=0 minidx=4294967295 maxidx=0
0:5-4:NC: BSUM t=842 L=215 mism=0 big=0 minidx=4294967295 maxidx=0
0:8-9:NC: BSUM t=851 L=396 mism=0 big=0 minidx=4294967295 maxidx=0
0:9-6:NC: BSUM t=206 L=1522 mism=0 big=0 minidx=4294967295 maxidx=0
0:9-9:NC: BSUM t=793 L=1799 mism=0 big=0 minidx=4294967295 maxidx=0
0:10-7:NC: BSUM t=706 L=691 mism=0 big=0 minidx=4294967295 maxidx=0
0:10-9:NC: BSUM t=418 L=790 mism=0 big=0 minidx=4294967295 maxidx=0
0:5-6:NC: BSUM t=295 L=1249 mism=0 big=0 minidx=4294967295 maxidx=0
0:7-0:NC: BSUM t=967 L=280 mism=0 big=0 minidx=4294967295 maxidx=0
0:7-5:NC: BSUM t=990 L=200 mism=0 big=0 minidx=4294967295 maxidx=0
0:7-7:NC: BSUM t=1019 L=102 mism=0 big=0 minidx=4294967295 maxidx=0
0:8-3:NC: BSUM t=672 L=979 mism=0 big=0 minidx=4294967295 maxidx=0
0:9-5:NC: BSUM t=548 L=1741 mism=0 big=0 minidx=4294967295 maxidx=0
0:9-8:NC: BSUM t=339 L=1508 mism=0 big=0 minidx=4294967295 maxidx=0
0:10-8:NC: BSUM t=99 L=1094 mism=0 big=0 minidx=4294967295 maxidx=0
0:4-9:NC: BSUM t=914 L=207 mism=0 big=0 minidx=4294967295 maxidx=0
0:5-0:NC: BSUM t=992 L=163 mism=0 big=0 minidx=4294967295 maxidx=0
0:6-7:NC: BSUM t=849 L=339 mism=0 big=0 minidx=4294967295 maxidx=0
0:8-2:NC: BSUM t=24 L=1702 mism=0 big=0 minidx=4294967295 maxidx=0
0:9-3:NC: BSUM t=544 L=1483 mism=0 big=0 minidx=4294967295 maxidx=0
0:10-4:NC: BSUM t=808 L=345 mism=0 big=0 minidx=4294967295 maxidx=0
0:4-6:NC: BSUM t=904 L=314 mism=0 big=0 minidx=4294967295 maxidx=0
0:5-8:NC: BSUM t=1006 L=157 mism=0 big=0 minidx=4294967295 maxidx=0
0:5-9:NC: BSUM t=839 L=246 mism=0 big=0 minidx=4294967295 maxidx=0
0:6-3:NC: BSUM t=871 L=244 mism=0 big=0 minidx=4294967295 maxidx=0
0:8-0:NC: BSUM t=75 L=581 mism=0 big=0 minidx=4294967295 maxidx=0
0:8-1:NC: BSUM t=352 L=991 mism=0 big=0 minidx=4294967295 maxidx=0
0:8-4:NC: BSUM t=882 L=372 mism=0 big=0 minidx=4294967295 maxidx=0
0:8-5:NC: BSUM t=356 L=296 mism=0 big=0 minidx=4294967295 maxidx=0
0:9-0:NC: BSUM t=908 L=359 mism=0 big=0 minidx=4294967295 maxidx=0
0:5-1:NC: BSUM t=321 L=358 mism=0 big=0 minidx=4294967295 maxidx=0
0:5-4:NC: BSUM t=987 L=141 mism=0 big=0 minidx=4294967295 maxidx=0
0:6-0:NC: BSUM t=996 L=245 mism=0 big=0 minidx=4294967295 maxidx=0
0:6-2:NC: BSUM t=60 L=1283 mism=0 big=0 minidx=4294967295 maxidx=0
0:6-9:NC: BSUM t=180 L=603 mism=0 big=0 minidx=4294967295 maxidx=0
0:7-1:NC: BSUM t=2 L=1977 mism=0 big=0 minidx=4294967295 maxidx=0
0:7-6:NC: BSUM t=774 L=324 mism=0 big=0 minidx=4294967295 maxidx=0
0:7-8:NC: BSUM t=161 L=598 mism=0 big=0 minidx=4294967295 maxidx=0
0:8-8:NC: BSUM t=786 L=1010 mism=0 big=0 minidx=4294967295 maxidx=0
0:9-2:NC: BSUM t=30 L=1114 mism=0 big=0 minidx=4294967295 maxidx=0
0:9-4:NC: BSUM t=955 L=230 mism=0 big=0 minidx=4294967295 maxidx=0
0:9-7:NC: BSUM t=780 L=1330 mism=0 big=0 minidx=4294967295 maxidx=0
0:10-1:NC: BSUM t=304 L=1733 mism=0 big=0 minidx=4294967295 maxidx=0
0:4-9:NC: BSUM t=421 L=191 mism=0 big=0 minidx=4294967295 maxidx=0
0:6-8:NC: BSUM t=192 L=560 mism=0 big=0 minidx=4294967295 maxidx=0
0:7-9:NC: BSUM t=1002 L=265 mism=0 big=0 minidx=4294967295 maxidx=0
0:8-9:NC: BSUM t=1003 L=230 mism=0 big=0 minidx=4294967295 maxidx=0
0:10-2:NC: BSUM t=148 L=401 mism=0 big=0 minidx=4294967295 maxidx=0
0:10-5:NC: BSUM t=166 L=1830 mism=0 big=0 minidx=4294967295 maxidx=0
0:6-5:NC: BSUM t=673 L=1593 mism=0 big=0 minidx=4294967295 maxidx=0
0:7-4:NC: BSUM t=13 L=967 mism=0 big=0 minidx=4294967295 maxidx=0
0:7-5:NC: BSUM t=80 L=230 mism=0 big=0 minidx=4294967295 maxidx=0
0:8-3:NC: BSUM t=807 L=284 mism=0 big=0 minidx=4294967295 maxidx=0
0:10-6:NC: BSUM t=170 L=1728 mism=0 big=0 minidx=4294967295 maxidx=0
0:10-9:NC: BSUM t=893 L=305 mism=0 big=0 minidx=4294967295 maxidx=0
0:5-6:NC: BSUM t=959 L=255 mism=0 big=0 minidx=4294967295 maxidx=0
0:7-0:NC: BSUM t=969 L=315 mism=0 big=0 minidx=4294967295 maxidx=0
0:10-4:NC: BSUM t=772 L=224 mism=0 big=0 minidx=4294967295 maxidx=0
0:10-7:NC: BSUM t=939 L=360 mism=0 big=0 minidx=4294967295 maxidx=0
0:6-0:NC: BSUM t=979 L=202 mism=0 big=0 minidx=4294967295 maxidx=0
0:6-6:NC: BSUM t=132 L=1050 mism=0 big=0 minidx=4294967295 maxidx=0
0:6-7:NC: BSUM t=968 L=247 mism=0 big=0 minidx=4294967295 maxidx=0
0:7-8:NC: BSUM t=916 L=195 mism=0 big=0 minidx=4294967295 maxidx=0
0:8-0:NC: BSUM t=911 L=235 mism=0 big=0 minidx=4294967295 maxidx=0
0:8-7:NC: BSUM t=788 L=1043 mism=0 big=0 minidx=4294967295 maxidx=0
0:9-1:NC: BSUM t=65 L=1743 mism=0 big=0 minidx=4294967295 maxidx=0
0:9-4:NC: BSUM t=1008 L=115 mism=0 big=0 minidx=4294967295 maxidx=0
0:10-3:NC: BSUM t=516 L=1774 mism=0 big=0 minidx=4294967295 maxidx=0
0:10-8:NC: BSUM t=865 L=356 mism=0 big=0 minidx=4294967295 maxidx=0
0:4-6:NC: BSUM t=933 L=244 mism=0 big=0 minidx=4294967295 maxidx=0
0:6-8:NC: BSUM t=991 L=207 mism=0 big=0 minidx=4294967295 maxidx=0
0:7-2:NC: BSUM t=78 L=1134 mism=0 big=0 minidx=4294967295 maxidx=0
0:7-6:NC: BSUM t=941 L=245 mism=0 big=0 minidx=4294967295 maxidx=0
0:8-4:NC: BSUM t=889 L=271 mism=0 big=0 minidx=4294967295 maxidx=0
0:8-9:NC: BSUM t=930 L=157 mism=0 big=0 minidx=4294967295 maxidx=0
0:10-0:NC: BSUM t=776 L=645 mism=0 big=0 minidx=4294967295 maxidx=0
0:5-1:NC: BSUM t=896 L=249 mism=0 big=0 minidx=4294967295 maxidx=0
0:6-9:NC: BSUM t=972 L=267 mism=0 big=0 minidx=4294967295 maxidx=0
0:8-1:NC: BSUM t=958 L=299 mism=0 big=0 minidx=4294967295 maxidx=0
0:9-7:NC: BSUM t=390 L=519 mism=0 big=0 minidx=4294967295 maxidx=0
0:10-4:NC: BSUM t=1014 L=114 mism=0 big=0 minidx=4294967295 maxidx=0
0:6-7:NC: BSUM t=1012 L=104 mism=0 big=0 minidx=4294967295 maxidx=0
0:7-8:NC: BSUM t=1011 L=98 mism=0 big=0 minidx=4294967295 maxidx=0
0:8-0:NC: BSUM t=1016 L=98 mism=0 big=0 minidx=4294967295 maxidx=0
0:8-8:NC: BSUM t=956 L=331 mism=0 big=0 minidx=4294967295 maxidx=0
0:9-0:NC: BSUM t=79 L=425 mism=0 big=0 minidx=4294967295 maxidx=0
0:9-9:NC: BSUM t=777 L=758 mism=0 big=0 minidx=4294967295 maxidx=0
0:10-9:NC: BSUM t=873 L=234 mism=0 big=0 minidx=4294967295 maxidx=0
0:4-6:NC: BSUM t=918 L=136 mism=0 big=0 minidx=4294967295 maxidx=0
0:6-2:NC: BSUM t=876 L=380 mism=0 big=0 minidx=4294967295 maxidx=0
0:7-6:NC: BSUM t=1021 L=96 mism=0 big=0 minidx=4294967295 maxidx=0
0:7-9:NC: BSUM t=902 L=306 mism=0 big=0 minidx=4294967295 maxidx=0
0:8-3:NC: BSUM t=858 L=264 mism=0 big=0 minidx=4294967295 maxidx=0
0:9-2:NC: BSUM t=869 L=361 mism=0 big=0 minidx=4294967295 maxidx=0
0:9-8:NC: BSUM t=196 L=932 mism=0 big=0 minidx=4294967295 maxidx=0
0:10-2:NC: BSUM t=898 L=272 mism=0 big=0 minidx=4294967295 maxidx=0
0:5-6:NC: BSUM t=890 L=288 mism=0 big=0 minidx=4294967295 maxidx=0
0:6-6:NC: BSUM t=895 L=280 mism=0 big=0 minidx=4294967295 maxidx=0
0:6-8:NC: BSUM t=949 L=163 mism=0 big=0 minidx=4294967295 maxidx=0
0:7-4:NC: BSUM t=1000 L=281 mism=0 big=0 minidx=4294967295 maxidx=0
0:10-7:NC: BSUM t=878 L=273 mism=0 big=0 minidx=4294967295 maxidx=0
0:5-1:NC: BSUM t=917 L=138 mism=0 big=0 minidx=4294967295 maxidx=0
0:6-9:NC: BSUM t=887 L=181 mism=0 big=0 minidx=4294967295 maxidx=0
0:8-7:NC: BSUM t=923 L=299 mism=0 big=0 minidx=4294967295 maxidx=0
0:9-5:NC: BSUM t=229 L=876 mism=0 big=0 minidx=4294967295 maxidx=0
0:7-2:NC: BSUM t=926 L=271 mism=0 big=0 minidx=4294967295 maxidx=0
0:7-9:NC: BSUM t=1017 L=93 mism=0 big=0 minidx=4294967295 maxidx=0
0:10-0:NC: BSUM t=810 L=311 mism=0 big=0 minidx=4294967295 maxidx=0
0:10-2:NC: BSUM t=961 L=127 mism=0 big=0 minidx=4294967295 maxidx=0
0:10-8:NC: BSUM t=225 L=374 mism=0 big=0 minidx=4294967295 maxidx=0
0:7-1:NC: BSUM t=825 L=814 mism=0 big=0 minidx=4294967295 maxidx=0
0:8-2:NC: BSUM t=176 L=1243 mism=0 big=0 minidx=4294967295 maxidx=0
0:9-2:NC: BSUM t=290 L=254 mism=0 big=0 minidx=4294967295 maxidx=0
0:9-3:NC: BSUM t=785 L=1099 mism=0 big=0 minidx=4294967295 maxidx=0
0:9-7:NC: BSUM t=934 L=222 mism=0 big=0 minidx=4294967295 maxidx=0
0:10-9:NC: BSUM t=943 L=206 mism=0 big=0 minidx=4294967295 maxidx=0
0:6-2:NC: BSUM t=736 L=248 mism=0 big=0 minidx=4294967295 maxidx=0
0:8-1:NC: BSUM t=901 L=300 mism=0 big=0 minidx=4294967295 maxidx=0
0:9-6:NC: BSUM t=781 L=1259 mism=0 big=0 minidx=4294967295 maxidx=0
0:10-3:NC: BSUM t=512 L=640 mism=0 big=0 minidx=4294967295 maxidx=0
0:10-1:NC: BSUM t=162 L=1213 mism=0 big=0 minidx=4294967295 maxidx=0
0:10-7:NC: BSUM t=964 L=201 mism=0 big=0 minidx=4294967295 maxidx=0
0:6-5:NC: BSUM t=327 L=1024 mism=0 big=0 minidx=4294967295 maxidx=0
0:6-6:NC: BSUM t=997 L=236 mism=0 big=0 minidx=4294967295 maxidx=0
0:7-4:NC: BSUM t=945 L=276 mism=0 big=0 minidx=4294967295 maxidx=0
0:9-8:NC: BSUM t=891 L=378 mism=0 big=0 minidx=4294967295 maxidx=0
0:10-5:NC: BSUM t=139 L=1037 mism=0 big=0 minidx=4294967295 maxidx=0
0:8-7:NC: BSUM t=819 L=260 mism=0 big=0 minidx=4294967295 maxidx=0
0:8-8:NC: BSUM t=143 L=468 mism=0 big=0 minidx=4294967295 maxidx=0
0:9-5:NC: BSUM t=935 L=276 mism=0 big=0 minidx=4294967295 maxidx=0
0:9-7:NC: BSUM t=114 L=197 mism=0 big=0 minidx=4294967295 maxidx=0
0:9-9:NC: BSUM t=835 L=418 mism=0 big=0 minidx=4294967295 maxidx=0
0:7-2:NC: BSUM t=857 L=285 mism=0 big=0 minidx=4294967295 maxidx=0
0:10-0:NC: BSUM t=932 L=236 mism=0 big=0 minidx=4294967295 maxidx=0
0:10-6:NC: BSUM t=261 L=1046 mism=0 big=0 minidx=4294967295 maxidx=0
0:6-6:NC: BSUM t=1015 L=116 mism=0 big=0 minidx=4294967295 maxidx=0
0:9-1:NC: BSUM t=787 L=1053 mism=0 big=0 minidx=4294967295 maxidx=0
0:8-2:NC: BSUM t=957 L=295 mism=0 big=0 minidx=4294967295 maxidx=0
0:9-3:NC: BSUM t=899 L=334 mism=0 big=0 minidx=4294967295 maxidx=0
0:9-6:NC: BSUM t=837 L=297 mism=0 big=0 minidx=4294967295 maxidx=0
0:7-1:NC: BSUM t=861 L=473 mism=0 big=0 minidx=4294967295 maxidx=0
0:10-0:NC: BSUM t=1018 L=106 mism=0 big=0 minidx=4294967295 maxidx=0
0:10-1:NC: BSUM t=859 L=316 mism=0 big=0 minidx=4294967295 maxidx=0
0:10-3:NC: BSUM t=894 L=320 mism=0 big=0 minidx=4294967295 maxidx=0
0:9-5:NC: BSUM t=953 L=226 mism=0 big=0 minidx=4294967295 maxidx=0
0:6-5:NC: BSUM t=1001 L=283 mism=0 big=0 minidx=4294967295 maxidx=0
0:7-4:NC: BSUM t=112 L=260 mism=0 big=0 minidx=4294967295 maxidx=0
0:9-8:NC: BSUM t=910 L=314 mism=0 big=0 minidx=4294967295 maxidx=0
0:9-9:NC: BSUM t=946 L=240 mism=0 big=0 minidx=4294967295 maxidx=0
0:10-5:NC: BSUM t=817 L=472 mism=0 big=0 minidx=4294967295 maxidx=0
0:7-1:NC: BSUM t=324 L=225 mism=0 big=0 minidx=4294967295 maxidx=0
0:9-1:NC: BSUM t=875 L=272 mism=0 big=0 minidx=4294967295 maxidx=0
0:9-3:NC: BSUM t=966 L=234 mism=0 big=0 minidx=4294967295 maxidx=0
0:9-5:NC: BSUM t=981 L=128 mism=0 big=0 minidx=4294967295 maxidx=0
0:9-6:NC: BSUM t=947 L=243 mism=0 big=0 minidx=4294967295 maxidx=0
0:10-3:NC: BSUM t=814 L=207 mism=0 big=0 minidx=4294967295 maxidx=0
0:10-6:NC: BSUM t=999 L=332 mism=0 big=0 minidx=4294967295 maxidx=0
0:8-2:NC: BSUM t=900 L=321 mism=0 big=0 minidx=4294967295 maxidx=0
0:9-8:NC: BSUM t=984 L=125 mism=0 big=0 minidx=4294967295 maxidx=0
0:9-9:NC: BSUM t=962 L=136 mism=0 big=0 minidx=4294967295 maxidx=0
0:10-1:NC: BSUM t=864 L=277 mism=0 big=0 minidx=4294967295 maxidx=0
0:10-3:NC: BSUM t=1023 L=112 mism=0 big=0 minidx=4294967295 maxidx=0
0:10-5:NC: BSUM t=845 L=215 mism=0 big=0 minidx=4294967295 maxidx=0
0:6-5:NC: BSUM t=257 L=339 mism=0 big=0 minidx=4294967295 maxidx=0
0:9-6:NC: BSUM t=928 L=155 mism=0 big=0 minidx=4294967295 maxidx=0
0:10-1:NC: BSUM t=1009 L=120 mism=0 big=0 minidx=4294967295 maxidx=0
0:10-6:NC: BSUM t=922 L=253 mism=0 big=0 minidx=4294967295 maxidx=0
0:9-1:NC: BSUM t=770 L=312 mism=0 big=0 minidx=4294967295 maxidx=0
0:9-3:NC: BSUM t=960 L=152 mism=0 big=0 minidx=4294967295 maxidx=0
0:10-5:NC: BSUM t=929 L=138 mism=0 big=0 minidx=4294967295 maxidx=0
0:10-6:NC: BSUM t=769 L=175 mism=0 big=0 minidx=4294967295 maxidx=0
[BLEND_SPLIT] upload=0.5 (attrs=0.0MB ids=0.0MB resident) exec=1226.3 readback=2.0 total=1228.8 ms
[BLEND_ADDR] cull_masks=0xa08ee00 out=0xa269ec0(sz=0x600000) tile_ids=0x54d3ec0 xramp=0xa267ec0 yramp=0xa268ec0 payload=0x0(sz=0x0)
[BLEND_DEVICE] resident_blend=1322.6 ms (host_build=0)
[BUCKET_CULL] P_kept=3369033 tiles=1024 floor=6.10352e-05 cull_disabled=0 exec=73.97ms
[SORT] stage=RP P=3369033 P_kept=3369033 num_tiles=1024 max_tile_n=26544 bin=16.84 up=0.42 kernel=7.47 d2h=0.00 compact=0.00 publish=1.31 total=100.20ms
[CULL_SPLIT] candidates=3369033 masks=12.88MB exec=80.5 ms masks_addr=0xa08ee00 end=0xad70280 base_addr=0x9eb5600
0:5-3:NC: BSUM t=346 L=5834 mism=0 big=0 minidx=4294967295 maxidx=0
0:3-0:NC: BSUM t=345 L=5585 mism=0 big=0 minidx=4294967295 maxidx=0
0:4-0:NC: BSUM t=645 L=5671 mism=0 big=0 minidx=4294967295 maxidx=0
0:6-4:NC: BSUM t=651 L=6176 mism=0 big=0 minidx=4294967295 maxidx=0
0:7-0:NC: BSUM t=314 L=6308 mism=0 big=0 minidx=4294967295 maxidx=0
0:7-3:NC: BSUM t=377 L=6382 mism=0 big=0 minidx=4294967295 maxidx=0
0:8-5:NC: BSUM t=602 L=7020 mism=0 big=0 minidx=4294967295 maxidx=0
0:0-4:NC: BSUM t=86 L=4279 mism=0 big=0 minidx=4294967295 maxidx=0
0:0-5:NC: BSUM t=85 L=4441 mism=0 big=0 minidx=4294967295 maxidx=0
0:4-2:NC: BSUM t=379 L=5639 mism=0 big=0 minidx=4294967295 maxidx=0
0:5-5:NC: BSUM t=335 L=5918 mism=0 big=0 minidx=4294967295 maxidx=0
0:7-7:NC: BSUM t=646 L=6501 mism=0 big=0 minidx=4294967295 maxidx=0
0:4-1:NC: BSUM t=657 L=5687 mism=0 big=0 minidx=4294967295 maxidx=0
0:4-3:NC: BSUM t=334 L=5740 mism=0 big=0 minidx=4294967295 maxidx=0
0:4-8:NC: BSUM t=366 L=5830 mism=0 big=0 minidx=4294967295 maxidx=0
0:6-1:NC: BSUM t=474 L=6053 mism=0 big=0 minidx=4294967295 maxidx=0
0:6-9:NC: BSUM t=367 L=6337 mism=0 big=0 minidx=4294967295 maxidx=0
0:7-8:NC: BSUM t=603 L=6613 mism=0 big=0 minidx=4294967295 maxidx=0
0:0-7:NC: BSUM t=694 L=4397 mism=0 big=0 minidx=4294967295 maxidx=0
0:3-5:NC: BSUM t=573 L=5567 mism=0 big=0 minidx=4294967295 maxidx=0
0:3-6:NC: BSUM t=333 L=5571 mism=0 big=0 minidx=4294967295 maxidx=0
0:5-7:NC: BSUM t=568 L=5947 mism=0 big=0 minidx=4294967295 maxidx=0
0:6-0:NC: BSUM t=369 L=6113 mism=0 big=0 minidx=4294967295 maxidx=0
0:6-3:NC: BSUM t=442 L=6081 mism=0 big=0 minidx=4294967295 maxidx=0
0:8-9:NC: BSUM t=650 L=7057 mism=0 big=0 minidx=4294967295 maxidx=0
0:9-2:NC: BSUM t=300 L=7104 mism=0 big=0 minidx=4294967295 maxidx=0
0:0-2:NC: BSUM t=574 L=3778 mism=0 big=0 minidx=4294967295 maxidx=0
0:1-7:NC: BSUM t=652 L=5285 mism=0 big=0 minidx=4294967295 maxidx=0
0:4-5:NC: BSUM t=702 L=5859 mism=0 big=0 minidx=4294967295 maxidx=0
0:5-4:NC: BSUM t=440 L=5916 mism=0 big=0 minidx=4294967295 maxidx=0
0:8-0:NC: BSUM t=394 L=6698 mism=0 big=0 minidx=4294967295 maxidx=0
0:9-0:NC: BSUM t=378 L=7187 mism=0 big=0 minidx=4294967295 maxidx=0
0:10-2:NC: BSUM t=557 L=7616 mism=0 big=0 minidx=4294967295 maxidx=0
0:0-6:NC: BSUM t=721 L=4508 mism=0 big=0 minidx=4294967295 maxidx=0
0:1-3:NC: BSUM t=571 L=5208 mism=0 big=0 minidx=4294967295 maxidx=0
0:1-5:NC: BSUM t=550 L=5093 mism=0 big=0 minidx=4294967295 maxidx=0
0:1-6:NC: BSUM t=252 L=5239 mism=0 big=0 minidx=4294967295 maxidx=0
0:2-2:NC: BSUM t=368 L=5435 mism=0 big=0 minidx=4294967295 maxidx=0
0:2-5:NC: BSUM t=643 L=5398 mism=0 big=0 minidx=4294967295 maxidx=0
0:3-2:NC: BSUM t=315 L=5604 mism=0 big=0 minidx=4294967295 maxidx=0
0:5-2:NC: BSUM t=703 L=5861 mism=0 big=0 minidx=4294967295 maxidx=0
0:5-8:NC: BSUM t=660 L=6084 mism=0 big=0 minidx=4294967295 maxidx=0
0:0-3:NC: BSUM t=518 L=4163 mism=0 big=0 minidx=4294967295 maxidx=0
0:0-8:NC: BSUM t=644 L=5070 mism=0 big=0 minidx=4294967295 maxidx=0
0:1-1:NC: BSUM t=475 L=5113 mism=0 big=0 minidx=4294967295 maxidx=0
0:2-9:NC: BSUM t=569 L=5532 mism=0 big=0 minidx=4294967295 maxidx=0
0:3-1:NC: BSUM t=307 L=5510 mism=0 big=0 minidx=4294967295 maxidx=0
0:3-3:NC: BSUM t=408 L=5565 mism=0 big=0 minidx=4294967295 maxidx=0
0:5-9:NC: BSUM t=380 L=6087 mism=0 big=0 minidx=4294967295 maxidx=0
0:7-5:NC: BSUM t=618 L=6466 mism=0 big=0 minidx=4294967295 maxidx=0
0:8-7:NC: BSUM t=441 L=6963 mism=0 big=0 minidx=4294967295 maxidx=0
0:9-4:NC: BSUM t=299 L=7408 mism=0 big=0 minidx=4294967295 maxidx=0
0:0-1:NC: BSUM t=677 L=3037 mism=0 big=0 minidx=4294967295 maxidx=0
0:2-0:NC: BSUM t=473 L=5315 mism=0 big=0 minidx=4294967295 maxidx=0
0:2-3:NC: BSUM t=253 L=5462 mism=0 big=0 minidx=4294967295 maxidx=0
0:3-4:NC: BSUM t=610 L=5623 mism=0 big=0 minidx=4294967295 maxidx=0
0:3-8:NC: BSUM t=393 L=5645 mism=0 big=0 minidx=4294967295 maxidx=0
0:6-8:NC: BSUM t=402 L=6283 mism=0 big=0 minidx=4294967295 maxidx=0
0:8-4:NC: BSUM t=617 L=6944 mism=0 big=0 minidx=4294967295 maxidx=0
0:1-8:NC: BSUM t=506 L=5341 mism=0 big=0 minidx=4294967295 maxidx=0
0:4-4:NC: BSUM t=659 L=5767 mism=0 big=0 minidx=4294967295 maxidx=0
0:7-6:NC: BSUM t=433 L=6623 mism=0 big=0 minidx=4294967295 maxidx=0
0:7-9:NC: BSUM t=566 L=6495 mism=0 big=0 minidx=4294967295 maxidx=0
0:10-8:NC: BSUM t=601 L=8100 mism=0 big=0 minidx=4294967295 maxidx=0
0:1-9:NC: BSUM t=567 L=5361 mism=0 big=0 minidx=4294967295 maxidx=0
0:8-6:NC: BSUM t=661 L=6948 mism=0 big=0 minidx=4294967295 maxidx=0
0:9-7:NC: BSUM t=332 L=7660 mism=0 big=0 minidx=4294967295 maxidx=0
0:10-9:NC: BSUM t=558 L=8091 mism=0 big=0 minidx=4294967295 maxidx=0
0:2-7:NC: BSUM t=401 L=5501 mism=0 big=0 minidx=4294967295 maxidx=0
0:4-7:NC: BSUM t=364 L=5802 mism=0 big=0 minidx=4294967295 maxidx=0
0:5-0:NC: BSUM t=505 L=5914 mism=1 big=0 minidx=2033 maxidx=2033
0:10-7:NC: BSUM t=647 L=7834 mism=0 big=0 minidx=4294967295 maxidx=0
0:0-0:NC: BSUM t=38 L=2751 mism=0 big=0 minidx=4294967295 maxidx=0
0:0-9:NC: BSUM t=759 L=5045 mism=0 big=0 minidx=4294967295 maxidx=0
0:1-0:NC: BSUM t=658 L=5130 mism=0 big=0 minidx=4294967295 maxidx=0
0:2-4:NC: BSUM t=464 L=5450 mism=0 big=0 minidx=4294967295 maxidx=0
0:4-6:NC: BSUM t=363 L=5863 mism=0 big=0 minidx=4294967295 maxidx=0
0:10-5:NC: BSUM t=409 L=8057 mism=0 big=0 minidx=4294967295 maxidx=0
0:3-7:NC: BSUM t=508 L=5639 mism=0 big=0 minidx=4294967295 maxidx=0
0:3-9:NC: BSUM t=519 L=5672 mism=0 big=0 minidx=4294967295 maxidx=0
0:9-5:NC: BSUM t=403 L=7476 mism=0 big=0 minidx=4294967295 maxidx=0
0:2-6:NC: BSUM t=439 L=5557 mism=0 big=0 minidx=4294967295 maxidx=0
0:8-3:NC: BSUM t=503 L=6853 mism=0 big=0 minidx=4294967295 maxidx=0
0:8-8:NC: BSUM t=444 L=7128 mism=0 big=0 minidx=4294967295 maxidx=0
0:9-8:NC: BSUM t=395 L=7557 mism=0 big=0 minidx=4294967295 maxidx=0
0:1-4:NC: BSUM t=392 L=5277 mism=0 big=0 minidx=4294967295 maxidx=0
0:2-8:NC: BSUM t=471 L=5495 mism=0 big=0 minidx=4294967295 maxidx=0
0:6-2:NC: BSUM t=428 L=6286 mism=0 big=0 minidx=4294967295 maxidx=0
0:7-4:NC: BSUM t=460 L=6438 mism=0 big=0 minidx=4294967295 maxidx=0
0:9-9:NC: BSUM t=370 L=7651 mism=0 big=0 minidx=4294967295 maxidx=0
0:10-4:NC: BSUM t=616 L=8057 mism=0 big=0 minidx=4294967295 maxidx=0
0:5-6:NC: BSUM t=461 L=5970 mism=0 big=0 minidx=4294967295 maxidx=0
0:6-6:NC: BSUM t=459 L=6249 mism=0 big=0 minidx=4294967295 maxidx=0
0:6-7:NC: BSUM t=467 L=6286 mism=0 big=0 minidx=4294967295 maxidx=0
0:7-2:NC: BSUM t=427 L=6494 mism=0 big=0 minidx=4294967295 maxidx=0
0:4-9:NC: BSUM t=468 L=5951 mism=0 big=0 minidx=4294967295 maxidx=0
0:8-1:NC: BSUM t=435 L=6771 mism=0 big=0 minidx=4294967295 maxidx=0
0:10-0:NC: BSUM t=551 L=7696 mism=0 big=0 minidx=4294967295 maxidx=0
0:5-1:NC: BSUM t=396 L=5931 mism=0 big=0 minidx=4294967295 maxidx=0
0:8-2:NC: BSUM t=504 L=6752 mism=0 big=0 minidx=4294967295 maxidx=0
0:9-3:NC: BSUM t=472 L=7248 mism=0 big=0 minidx=4294967295 maxidx=0
0:10-1:NC: BSUM t=425 L=7677 mism=0 big=0 minidx=4294967295 maxidx=0
0:1-2:NC: BSUM t=466 L=5168 mism=0 big=0 minidx=4294967295 maxidx=0
0:2-1:NC: BSUM t=462 L=5427 mism=0 big=0 minidx=4294967295 maxidx=0
0:6-5:NC: BSUM t=488 L=6244 mism=0 big=0 minidx=4294967295 maxidx=0
0:7-1:NC: BSUM t=429 L=6418 mism=0 big=0 minidx=4294967295 maxidx=0
0:9-1:NC: BSUM t=456 L=7214 mism=0 big=0 minidx=4294967295 maxidx=0
0:9-6:NC: BSUM t=457 L=7482 mism=0 big=0 minidx=4294967295 maxidx=0
0:10-3:NC: BSUM t=502 L=7850 mism=1 big=0 minidx=7781 maxidx=7781
0:10-6:NC: BSUM t=465 L=7876 mism=0 big=0 minidx=4294967295 maxidx=0
0:0-1:NC: BSUM t=234 L=2287 mism=0 big=0 minidx=4294967295 maxidx=0
0:0-2:NC: BSUM t=72 L=2796 mism=0 big=0 minidx=4294967295 maxidx=0
0:0-4:NC: BSUM t=246 L=3103 mism=0 big=0 minidx=4294967295 maxidx=0
0:0-5:NC: BSUM t=575 L=3242 mism=0 big=0 minidx=4294967295 maxidx=0
0:0-0:NC: BSUM t=765 L=1911 mism=0 big=0 minidx=4294967295 maxidx=0
0:0-3:NC: BSUM t=236 L=2976 mism=0 big=0 minidx=4294967295 maxidx=0
0:5-3:NC: BSUM t=681 L=4196 mism=0 big=0 minidx=4294967295 maxidx=0
0:3-0:NC: BSUM t=716 L=3923 mism=0 big=0 minidx=4294967295 maxidx=0
0:0-6:NC: BSUM t=191 L=3258 mism=0 big=0 minidx=4294967295 maxidx=0
0:6-4:NC: BSUM t=638 L=4369 mism=0 big=0 minidx=4294967295 maxidx=0
0:4-8:NC: BSUM t=698 L=4118 mism=0 big=0 minidx=4294967295 maxidx=0
0:1-5:NC: BSUM t=347 L=3720 mism=0 big=0 minidx=4294967295 maxidx=0
0:1-7:NC: BSUM t=719 L=3757 mism=0 big=0 minidx=4294967295 maxidx=0
0:4-0:NC: BSUM t=89 L=4033 mism=0 big=0 minidx=4294967295 maxidx=0
0:4-3:NC: BSUM t=682 L=4036 mism=0 big=0 minidx=4294967295 maxidx=0
0:5-7:NC: BSUM t=697 L=4296 mism=0 big=0 minidx=4294967295 maxidx=0
0:7-7:NC: BSUM t=298 L=4512 mism=0 big=0 minidx=4294967295 maxidx=0
0:0-7:NC: BSUM t=69 L=3625 mism=0 big=0 minidx=4294967295 maxidx=0
0:1-1:NC: BSUM t=683 L=3791 mism=0 big=0 minidx=4294967295 maxidx=0
0:1-6:NC: BSUM t=273 L=3710 mism=0 big=0 minidx=4294967295 maxidx=0
0:3-3:NC: BSUM t=319 L=3991 mism=0 big=0 minidx=4294967295 maxidx=0
0:5-4:NC: BSUM t=445 L=4176 mism=0 big=0 minidx=4294967295 maxidx=0
0:7-3:NC: BSUM t=251 L=4426 mism=0 big=0 minidx=4294967295 maxidx=0
0:0-8:NC: BSUM t=5 L=3586 mism=0 big=0 minidx=4294967295 maxidx=0
0:1-3:NC: BSUM t=715 L=3688 mism=0 big=0 minidx=4294967295 maxidx=0
0:2-2:NC: BSUM t=700 L=3789 mism=0 big=0 minidx=4294967295 maxidx=0
0:3-1:NC: BSUM t=119 L=3975 mism=0 big=0 minidx=4294967295 maxidx=0
0:4-1:NC: BSUM t=605 L=4132 mism=0 big=0 minidx=4294967295 maxidx=0
0:5-5:NC: BSUM t=692 L=4285 mism=0 big=0 minidx=4294967295 maxidx=0
0:7-0:NC: BSUM t=411 L=4506 mism=0 big=0 minidx=4294967295 maxidx=0
0:1-8:NC: BSUM t=720 L=3712 mism=0 big=0 minidx=4294967295 maxidx=0
0:2-5:NC: BSUM t=285 L=3840 mism=0 big=0 minidx=4294967295 maxidx=0
0:4-2:NC: BSUM t=284 L=4135 mism=0 big=0 minidx=4294967295 maxidx=0
0:4-5:NC: BSUM t=376 L=4092 mism=0 big=0 minidx=4294967295 maxidx=0
0:8-5:NC: BSUM t=443 L=4475 mism=0 big=0 minidx=4294967295 maxidx=0
0:0-0:NC: BSUM t=384 L=1166 mism=0 big=0 minidx=4294967295 maxidx=0
0:5-8:NC: BSUM t=570 L=4345 mism=0 big=0 minidx=4294967295 maxidx=0
0:6-1:NC: BSUM t=690 L=4414 mism=0 big=0 minidx=4294967295 maxidx=0
0:8-9:NC: BSUM t=725 L=4487 mism=0 big=0 minidx=4294967295 maxidx=0
0:1-0:NC: BSUM t=121 L=3651 mism=0 big=0 minidx=4294967295 maxidx=0
0:1-9:NC: BSUM t=305 L=3814 mism=0 big=0 minidx=4294967295 maxidx=0
0:2-3:NC: BSUM t=338 L=3860 mism=0 big=0 minidx=4294967295 maxidx=0
0:3-2:NC: BSUM t=70 L=3933 mism=0 big=0 minidx=4294967295 maxidx=0
0:3-4:NC: BSUM t=693 L=4024 mism=0 big=0 minidx=4294967295 maxidx=0
0:5-2:NC: BSUM t=695 L=4252 mism=0 big=0 minidx=4294967295 maxidx=0
0:7-8:NC: BSUM t=684 L=4618 mism=0 big=0 minidx=4294967295 maxidx=0
0:2-0:NC: BSUM t=757 L=3813 mism=0 big=0 minidx=4294967295 maxidx=0
0:3-5:NC: BSUM t=406 L=4059 mism=0 big=0 minidx=4294967295 maxidx=0
0:4-7:NC: BSUM t=84 L=4149 mism=0 big=0 minidx=4294967295 maxidx=0
0:0-9:NC: BSUM t=19 L=3682 mism=0 big=0 minidx=4294967295 maxidx=0
0:2-6:NC: BSUM t=477 L=3853 mism=0 big=0 minidx=4294967295 maxidx=0
0:2-9:NC: BSUM t=407 L=3969 mism=0 big=0 minidx=4294967295 maxidx=0
0:6-0:NC: BSUM t=641 L=4259 mism=0 big=0 minidx=4294967295 maxidx=0
0:4-4:NC: BSUM t=731 L=4187 mism=0 big=0 minidx=4294967295 maxidx=0
0:5-9:NC: BSUM t=222 L=4245 mism=0 big=0 minidx=4294967295 maxidx=0
0:6-3:NC: BSUM t=579 L=4386 mism=0 big=0 minidx=4294967295 maxidx=0
0:7-6:NC: BSUM t=541 L=4418 mism=0 big=0 minidx=4294967295 maxidx=0
0:8-0:NC: BSUM t=507 L=4588 mism=0 big=0 minidx=4294967295 maxidx=0
0:0-1:NC: BSUM t=708 L=1580 mism=0 big=0 minidx=4294967295 maxidx=0
0:1-4:NC: BSUM t=282 L=3635 mism=0 big=0 minidx=4294967295 maxidx=0
0:2-4:NC: BSUM t=733 L=3882 mism=0 big=0 minidx=4294967295 maxidx=0
0:2-7:NC: BSUM t=761 L=3850 mism=0 big=0 minidx=4294967295 maxidx=0
0:3-6:NC: BSUM t=431 L=4113 mism=0 big=0 minidx=4294967295 maxidx=0
0:3-9:NC: BSUM t=730 L=4099 mism=0 big=0 minidx=4294967295 maxidx=0
0:6-9:NC: BSUM t=463 L=4399 mism=0 big=0 minidx=4294967295 maxidx=0
0:7-5:NC: BSUM t=689 L=4605 mism=0 big=0 minidx=4294967295 maxidx=0
0:8-4:NC: BSUM t=336 L=4583 mism=0 big=0 minidx=4294967295 maxidx=0
0:9-4:NC: BSUM t=722 L=4567 mism=0 big=0 minidx=4294967295 maxidx=0
0:0-2:NC: BSUM t=122 L=2023 mism=1 big=0 minidx=290 maxidx=290
0:2-8:NC: BSUM t=699 L=3884 mism=0 big=0 minidx=4294967295 maxidx=0
0:5-0:NC: BSUM t=365 L=4188 mism=0 big=0 minidx=4294967295 maxidx=0
0:6-8:NC: BSUM t=654 L=4434 mism=0 big=0 minidx=4294967295 maxidx=0
0:7-9:NC: BSUM t=221 L=4686 mism=0 big=0 minidx=4294967295 maxidx=0
0:8-3:NC: BSUM t=313 L=4665 mism=0 big=0 minidx=4294967295 maxidx=0
0:8-6:NC: BSUM t=729 L=4644 mism=0 big=0 minidx=4294967295 maxidx=0
0:3-7:NC: BSUM t=400 L=4064 mism=0 big=0 minidx=4294967295 maxidx=0
0:9-0:NC: BSUM t=758 L=4686 mism=0 big=0 minidx=4294967295 maxidx=0
0:10-2:NC: BSUM t=283 L=4987 mism=0 big=0 minidx=4294967295 maxidx=0
0:10-7:NC: BSUM t=687 L=4729 mism=0 big=0 minidx=4294967295 maxidx=0
0:0-0:NC: BSUM t=829 L=661 mism=0 big=0 minidx=4294967295 maxidx=0
0:1-2:NC: BSUM t=254 L=3632 mism=0 big=0 minidx=4294967295 maxidx=0
0:3-8:NC: BSUM t=412 L=4085 mism=0 big=0 minidx=4294967295 maxidx=0
0:4-6:NC: BSUM t=760 L=4118 mism=0 big=0 minidx=4294967295 maxidx=0
0:9-7:NC: BSUM t=723 L=4756 mism=0 big=0 minidx=4294967295 maxidx=0
0:9-2:NC: BSUM t=438 L=4675 mism=0 big=0 minidx=4294967295 maxidx=0
0:10-8:NC: BSUM t=656 L=4805 mism=0 big=0 minidx=4294967295 maxidx=0
0:10-9:NC: BSUM t=642 L=4612 mism=0 big=0 minidx=4294967295 maxidx=0
0:0-4:NC: BSUM t=66 L=2227 mism=0 big=0 minidx=4294967295 maxidx=0
0:6-6:NC: BSUM t=348 L=4477 mism=0 big=0 minidx=4294967295 maxidx=0
0:6-7:NC: BSUM t=509 L=4415 mism=0 big=0 minidx=4294967295 maxidx=0
0:7-4:NC: BSUM t=685 L=4461 mism=0 big=0 minidx=4294967295 maxidx=0
0:8-7:NC: BSUM t=434 L=4548 mism=1 big=0 minidx=1862 maxidx=1862
0:0-5:NC: BSUM t=167 L=2471 mism=0 big=0 minidx=4294967295 maxidx=0
0:2-1:NC: BSUM t=430 L=3710 mism=0 big=0 minidx=4294967295 maxidx=0
0:4-9:NC: BSUM t=362 L=4146 mism=0 big=0 minidx=4294967295 maxidx=0
0:6-2:NC: BSUM t=655 L=4257 mism=0 big=0 minidx=4294967295 maxidx=0
0:10-4:NC: BSUM t=688 L=4577 mism=0 big=0 minidx=4294967295 maxidx=0
0:0-3:NC: BSUM t=186 L=2197 mism=0 big=0 minidx=4294967295 maxidx=0
0:5-6:NC: BSUM t=701 L=4163 mism=0 big=0 minidx=4294967295 maxidx=0
0:8-8:NC: BSUM t=432 L=4578 mism=0 big=0 minidx=4294967295 maxidx=0
0:7-2:NC: BSUM t=732 L=4432 mism=0 big=0 minidx=4294967295 maxidx=0
0:0-2:NC: BSUM t=450 L=1022 mism=0 big=0 minidx=4294967295 maxidx=0
0:5-3:NC: BSUM t=415 L=2884 mism=0 big=0 minidx=4294967295 maxidx=0
0:8-1:NC: BSUM t=250 L=4527 mism=0 big=0 minidx=4294967295 maxidx=0
0:0-0:NC: BSUM t=44 L=347 mism=0 big=0 minidx=4294967295 maxidx=0
0:9-5:NC: BSUM t=437 L=4462 mism=0 big=0 minidx=4294967295 maxidx=0
0:10-0:NC: BSUM t=724 L=4896 mism=0 big=0 minidx=4294967295 maxidx=0
0:5-1:NC: BSUM t=404 L=4165 mism=0 big=0 minidx=4294967295 maxidx=0
0:9-6:NC: BSUM t=691 L=4496 mism=0 big=0 minidx=4294967295 maxidx=0
0:9-9:NC: BSUM t=398 L=4728 mism=0 big=0 minidx=4294967295 maxidx=0
0:0-1:NC: BSUM t=577 L=1086 mism=0 big=0 minidx=4294967295 maxidx=0
0:0-6:NC: BSUM t=23 L=2595 mism=0 big=0 minidx=4294967295 maxidx=0
0:10-5:NC: BSUM t=436 L=4740 mism=0 big=0 minidx=4294967295 maxidx=0
0:0-0:NC: BSUM t=978 L=192 mism=0 big=0 minidx=4294967295 maxidx=0
0:1-3:NC: BSUM t=318 L=2637 mism=0 big=0 minidx=4294967295 maxidx=0
0:7-1:NC: BSUM t=405 L=4505 mism=0 big=0 minidx=4294967295 maxidx=0
0:0-7:NC: BSUM t=711 L=2292 mism=0 big=0 minidx=4294967295 maxidx=0
0:0-8:NC: BSUM t=231 L=2292 mism=0 big=0 minidx=4294967295 maxidx=0
0:1-5:NC: BSUM t=361 L=2613 mism=0 big=0 minidx=4294967295 maxidx=0
0:1-7:NC: BSUM t=272 L=2669 mism=0 big=0 minidx=4294967295 maxidx=0
0:1-8:NC: BSUM t=265 L=2582 mism=0 big=0 minidx=4294967295 maxidx=0
0:2-2:NC: BSUM t=54 L=2735 mism=0 big=0 minidx=4294967295 maxidx=0
0:3-0:NC: BSUM t=371 L=2783 mism=0 big=0 minidx=4294967295 maxidx=0
0:3-1:NC: BSUM t=118 L=2828 mism=0 big=0 minidx=4294967295 maxidx=0
0:4-3:NC: BSUM t=151 L=2917 mism=0 big=0 minidx=4294967295 maxidx=0
0:0-2:NC: BSUM t=739 L=524 mism=0 big=0 minidx=4294967295 maxidx=0
0:1-1:NC: BSUM t=56 L=2518 mism=0 big=0 minidx=4294967295 maxidx=0
0:1-6:NC: BSUM t=15 L=2715 mism=0 big=0 minidx=4294967295 maxidx=0
0:4-2:NC: BSUM t=349 L=2899 mism=0 big=0 minidx=4294967295 maxidx=0
0:6-4:NC: BSUM t=215 L=3159 mism=0 big=0 minidx=4294967295 maxidx=0
0:0-9:NC: BSUM t=124 L=2193 mism=0 big=0 minidx=4294967295 maxidx=0
0:1-0:NC: BSUM t=55 L=2418 mism=0 big=0 minidx=4294967295 maxidx=0
0:2-6:NC: BSUM t=414 L=2734 mism=1 big=0 minidx=184 maxidx=184
0:3-3:NC: BSUM t=20 L=2826 mism=0 big=0 minidx=4294967295 maxidx=0
0:9-8:NC: BSUM t=487 L=4740 mism=0 big=0 minidx=4294967295 maxidx=0
0:10-1:NC: BSUM t=306 L=4999 mism=0 big=0 minidx=4294967295 maxidx=0
0:10-6:NC: BSUM t=686 L=4744 mism=0 big=0 minidx=4294967295 maxidx=0
0:4-1:NC: BSUM t=270 L=2874 mism=0 big=0 minidx=4294967295 maxidx=0
0:5-2:NC: BSUM t=350 L=3023 mism=0 big=0 minidx=4294967295 maxidx=0
0:5-7:NC: BSUM t=679 L=3009 mism=0 big=0 minidx=4294967295 maxidx=0
0:7-7:NC: BSUM t=83 L=3303 mism=0 big=0 minidx=4294967295 maxidx=0
0:8-2:NC: BSUM t=469 L=4580 mism=0 big=0 minidx=4294967295 maxidx=0
0:9-1:NC: BSUM t=399 L=4701 mism=0 big=0 minidx=4294967295 maxidx=0
0:0-1:NC: BSUM t=291 L=366 mism=0 big=0 minidx=4294967295 maxidx=0
0:0-4:NC: BSUM t=311 L=1572 mism=0 big=0 minidx=4294967295 maxidx=0
0:2-5:NC: BSUM t=239 L=2826 mism=0 big=0 minidx=4294967295 maxidx=0
0:2-9:NC: BSUM t=312 L=2794 mism=0 big=0 minidx=4294967295 maxidx=0
0:4-5:NC: BSUM t=756 L=2825 mism=0 big=0 minidx=4294967295 maxidx=0
0:4-8:NC: BSUM t=101 L=3045 mism=0 big=0 minidx=4294967295 maxidx=0
0:5-4:NC: BSUM t=287 L=3000 mism=0 big=0 minidx=4294967295 maxidx=0
0:6-1:NC: BSUM t=446 L=3062 mism=0 big=0 minidx=4294967295 maxidx=0
0:7-3:NC: BSUM t=87 L=3248 mism=0 big=0 minidx=4294967295 maxidx=0
0:2-0:NC: BSUM t=240 L=2624 mism=0 big=0 minidx=4294967295 maxidx=0
0:2-3:NC: BSUM t=187 L=2799 mism=0 big=0 minidx=4294967295 maxidx=0
0:3-4:NC: BSUM t=219 L=2885 mism=0 big=0 minidx=4294967295 maxidx=0
0:10-3:NC: BSUM t=397 L=4844 mism=0 big=0 minidx=4294967295 maxidx=0
0:0-2:NC: BSUM t=927 L=247 mism=0 big=0 minidx=4294967295 maxidx=0
0:4-0:NC: BSUM t=391 L=2892 mism=0 big=0 minidx=4294967295 maxidx=0
0:5-5:NC: BSUM t=14 L=3005 mism=0 big=0 minidx=4294967295 maxidx=0
0:7-0:NC: BSUM t=71 L=3214 mism=0 big=0 minidx=4294967295 maxidx=0
0:3-5:NC: BSUM t=7 L=2873 mism=0 big=0 minidx=4294967295 maxidx=0
0:4-4:NC: BSUM t=116 L=2884 mism=0 big=0 minidx=4294967295 maxidx=0
0:5-8:NC: BSUM t=16 L=3071 mism=0 big=0 minidx=4294967295 maxidx=0
0:6-5:NC: BSUM t=455 L=4463 mism=0 big=0 minidx=4294967295 maxidx=0
0:9-3:NC: BSUM t=470 L=4759 mism=0 big=0 minidx=4294967295 maxidx=0
0:0-1:NC: BSUM t=805 L=220 mism=0 big=0 minidx=4294967295 maxidx=0
0:3-2:NC: BSUM t=360 L=2827 mism=0 big=0 minidx=4294967295 maxidx=0
0:8-9:NC: BSUM t=39 L=3189 mism=0 big=0 minidx=4294967295 maxidx=0
0:1-4:NC: BSUM t=235 L=2654 mism=0 big=0 minidx=4294967295 maxidx=0
0:1-9:NC: BSUM t=36 L=2778 mism=0 big=0 minidx=4294967295 maxidx=0
0:2-8:NC: BSUM t=762 L=2748 mism=0 big=0 minidx=4294967295 maxidx=0
0:4-7:NC: BSUM t=217 L=2974 mism=0 big=0 minidx=4294967295 maxidx=0
0:6-0:NC: BSUM t=331 L=3085 mism=0 big=0 minidx=4294967295 maxidx=0
0:6-3:NC: BSUM t=153 L=3133 mism=0 big=0 minidx=4294967295 maxidx=0
0:7-5:NC: BSUM t=383 L=3295 mism=0 big=0 minidx=4294967295 maxidx=0
0:2-4:NC: BSUM t=640 L=2648 mism=1 big=0 minidx=1767 maxidx=1767
0:0-2:NC: BSUM t=977 L=209 mism=0 big=0 minidx=4294967295 maxidx=0
0:0-3:NC: BSUM t=578 L=1660 mism=0 big=0 minidx=4294967295 maxidx=0
0:0-5:NC: BSUM t=749 L=1766 mism=0 big=0 minidx=4294967295 maxidx=0
0:2-7:NC: BSUM t=676 L=2761 mism=0 big=0 minidx=4294967295 maxidx=0
0:3-6:NC: BSUM t=190 L=2966 mism=0 big=0 minidx=4294967295 maxidx=0
0:3-9:NC: BSUM t=727 L=2969 mism=0 big=0 minidx=4294967295 maxidx=0
0:5-0:NC: BSUM t=6 L=2989 mism=0 big=0 minidx=4294967295 maxidx=0
0:8-0:NC: BSUM t=337 L=3340 mism=0 big=0 minidx=4294967295 maxidx=0
0:8-5:NC: BSUM t=735 L=3306 mism=0 big=0 minidx=4294967295 maxidx=0
0:0-1:NC: BSUM t=1007 L=116 mism=0 big=0 minidx=4294967295 maxidx=0
0:1-2:NC: BSUM t=22 L=2515 mism=0 big=0 minidx=4294967295 maxidx=0
0:7-8:NC: BSUM t=373 L=3312 mism=0 big=0 minidx=4294967295 maxidx=0
0:0-4:NC: BSUM t=451 L=922 mism=0 big=0 minidx=4294967295 maxidx=0
0:3-8:NC: BSUM t=49 L=2905 mism=0 big=0 minidx=4294967295 maxidx=0
0:5-9:NC: BSUM t=168 L=3117 mism=0 big=0 minidx=4294967295 maxidx=0
0:6-9:NC: BSUM t=248 L=3151 mism=0 big=0 minidx=4294967295 maxidx=0
0:8-6:NC: BSUM t=344 L=3410 mism=0 big=0 minidx=4294967295 maxidx=0
0:9-4:NC: BSUM t=120 L=3431 mism=0 big=0 minidx=4294967295 maxidx=0
0:5-3:NC: BSUM t=74 L=2160 mism=0 big=0 minidx=4294967295 maxidx=0
0:3-7:NC: BSUM t=37 L=2799 mism=0 big=0 minidx=4294967295 maxidx=0
0:6-8:NC: BSUM t=271 L=3124 mism=0 big=0 minidx=4294967295 maxidx=0
0:7-6:NC: BSUM t=653 L=3603 mism=0 big=0 minidx=4294967295 maxidx=0
0:4-6:NC: BSUM t=216 L=2973 mism=0 big=0 minidx=4294967295 maxidx=0
0:0-6:NC: BSUM t=262 L=1634 mism=0 big=0 minidx=4294967295 maxidx=0
0:4-9:NC: BSUM t=73 L=2933 mism=0 big=0 minidx=4294967295 maxidx=0
0:7-9:NC: BSUM t=718 L=3229 mism=0 big=0 minidx=4294967295 maxidx=0
0:8-3:NC: BSUM t=680 L=3481 mism=0 big=0 minidx=4294967295 maxidx=0
0:8-4:NC: BSUM t=102 L=3353 mism=0 big=0 minidx=4294967295 maxidx=0
0:0-7:NC: BSUM t=794 L=1604 mism=0 big=0 minidx=4294967295 maxidx=0
0:1-0:NC: BSUM t=343 L=1691 mism=0 big=0 minidx=4294967295 maxidx=0
0:1-1:NC: BSUM t=204 L=1739 mism=0 big=0 minidx=4294967295 maxidx=0
0:2-1:NC: BSUM t=209 L=2799 mism=0 big=0 minidx=4294967295 maxidx=0
0:6-6:NC: BSUM t=249 L=3165 mism=0 big=0 minidx=4294967295 maxidx=0
0:9-0:NC: BSUM t=21 L=3525 mism=0 big=0 minidx=4294967295 maxidx=0
0:1-5:NC: BSUM t=188 L=1970 mism=0 big=0 minidx=4294967295 maxidx=0
0:1-6:NC: BSUM t=515 L=1770 mism=0 big=0 minidx=4294967295 maxidx=0
0:3-0:NC: BSUM t=8 L=2049 mism=0 big=0 minidx=4294967295 maxidx=0
0:9-7:NC: BSUM t=185 L=3522 mism=0 big=0 minidx=4294967295 maxidx=0
0:10-2:NC: BSUM t=678 L=3532 mism=0 big=0 minidx=4294967295 maxidx=0
0:10-7:NC: BSUM t=696 L=3755 mism=0 big=0 minidx=4294967295 maxidx=0
0:0-4:NC: BSUM t=260 L=468 mism=0 big=0 minidx=4294967295 maxidx=0
0:0-8:NC: BSUM t=747 L=1706 mism=0 big=0 minidx=4294967295 maxidx=0
0:3-1:NC: BSUM t=140 L=2160 mism=0 big=0 minidx=4294967295 maxidx=0
0:5-6:NC: BSUM t=220 L=3100 mism=0 big=0 minidx=4294967295 maxidx=0
0:6-7:NC: BSUM t=135 L=3142 mism=0 big=0 minidx=4294967295 maxidx=0
0:10-4:NC: BSUM t=184 L=3475 mism=0 big=0 minidx=4294967295 maxidx=0
0:10-8:NC: BSUM t=242 L=3360 mism=0 big=0 minidx=4294967295 maxidx=0
0:0-5:NC: BSUM t=513 L=831 mism=0 big=0 minidx=4294967295 maxidx=0
0:0-9:NC: BSUM t=275 L=1815 mism=0 big=0 minidx=4294967295 maxidx=0
0:1-3:NC: BSUM t=67 L=1897 mism=0 big=0 minidx=4294967295 maxidx=0
0:1-8:NC: BSUM t=263 L=1982 mism=0 big=0 minidx=4294967295 maxidx=0
0:2-2:NC: BSUM t=158 L=1995 mism=0 big=0 minidx=4294967295 maxidx=0
0:8-1:NC: BSUM t=317 L=3295 mism=0 big=0 minidx=4294967295 maxidx=0
0:8-8:NC: BSUM t=639 L=3255 mism=0 big=0 minidx=4294967295 maxidx=0
0:10-9:NC: BSUM t=103 L=3361 mism=0 big=0 minidx=4294967295 maxidx=0
0:1-7:NC: BSUM t=752 L=1952 mism=0 big=0 minidx=4294967295 maxidx=0
0:5-1:NC: BSUM t=104 L=2955 mism=0 big=0 minidx=4294967295 maxidx=0
0:6-2:NC: BSUM t=423 L=3109 mism=0 big=0 minidx=4294967295 maxidx=0
0:7-2:NC: BSUM t=308 L=3297 mism=0 big=0 minidx=4294967295 maxidx=0
0:2-0:NC: BSUM t=297 L=1950 mism=0 big=0 minidx=4294967295 maxidx=0
0:2-5:NC: BSUM t=211 L=2011 mism=0 big=0 minidx=4294967295 maxidx=0
0:2-6:NC: BSUM t=264 L=2029 mism=0 big=0 minidx=4294967295 maxidx=0
0:2-9:NC: BSUM t=546 L=1931 mism=0 big=0 minidx=4294967295 maxidx=0
0:3-3:NC: BSUM t=330 L=2153 mism=0 big=0 minidx=4294967295 maxidx=0
0:8-7:NC: BSUM t=223 L=3415 mism=0 big=0 minidx=4294967295 maxidx=0
0:0-3:NC: BSUM t=796 L=1089 mism=0 big=0 minidx=4294967295 maxidx=0
0:4-3:NC: BSUM t=713 L=2184 mism=0 big=0 minidx=4294967295 maxidx=0
0:4-8:NC: BSUM t=233 L=2018 mism=0 big=0 minidx=4294967295 maxidx=0
0:6-4:NC: BSUM t=41 L=2575 mism=0 big=0 minidx=4294967295 maxidx=0
0:7-4:NC: BSUM t=375 L=3545 mism=0 big=0 minidx=4294967295 maxidx=0
0:9-2:NC: BSUM t=374 L=3565 mism=0 big=0 minidx=4294967295 maxidx=0
0:0-4:NC: BSUM t=804 L=226 mism=0 big=0 minidx=4294967295 maxidx=0
0:0-5:NC: BSUM t=813 L=278 mism=0 big=0 minidx=4294967295 maxidx=0
0:2-3:NC: BSUM t=1 L=1932 mism=0 big=0 minidx=4294967295 maxidx=0
0:3-4:NC: BSUM t=763 L=2018 mism=0 big=0 minidx=4294967295 maxidx=0
0:4-1:NC: BSUM t=58 L=2129 mism=0 big=0 minidx=4294967295 maxidx=0
0:4-2:NC: BSUM t=767 L=2079 mism=0 big=0 minidx=4294967295 maxidx=0
0:4-5:NC: BSUM t=137 L=2190 mism=0 big=0 minidx=4294967295 maxidx=0
0:5-2:NC: BSUM t=791 L=2093 mism=0 big=0 minidx=4294967295 maxidx=0
0:7-3:NC: BSUM t=542 L=2410 mism=0 big=0 minidx=4294967295 maxidx=0
0:0-6:NC: BSUM t=385 L=1087 mism=0 big=0 minidx=4294967295 maxidx=0
0:5-7:NC: BSUM t=207 L=2256 mism=0 big=0 minidx=4294967295 maxidx=0
0:6-1:NC: BSUM t=53 L=2381 mism=0 big=0 minidx=4294967295 maxidx=0
0:2-4:NC: BSUM t=351 L=1964 mism=0 big=0 minidx=4294967295 maxidx=0
0:4-0:NC: BSUM t=213 L=2092 mism=0 big=0 minidx=4294967295 maxidx=0
0:5-3:NC: BSUM t=173 L=1381 mism=0 big=0 minidx=4294967295 maxidx=0
0:5-8:NC: BSUM t=607 L=2139 mism=0 big=0 minidx=4294967295 maxidx=0
0:6-3:NC: BSUM t=382 L=2240 mism=0 big=0 minidx=4294967295 maxidx=0
0:10-0:NC: BSUM t=40 L=3591 mism=0 big=0 minidx=4294967295 maxidx=0
0:0-4:NC: BSUM t=1022 L=105 mism=0 big=0 minidx=4294967295 maxidx=0
0:1-0:NC: BSUM t=130 L=782 mism=0 big=0 minidx=4294967295 maxidx=0
0:2-8:NC: BSUM t=280 L=1971 mism=0 big=0 minidx=4294967295 maxidx=0
0:3-9:NC: BSUM t=543 L=2060 mism=0 big=0 minidx=4294967295 maxidx=0
0:4-4:NC: BSUM t=91 L=2172 mism=0 big=0 minidx=4294967295 maxidx=0
0:5-4:NC: BSUM t=3 L=2259 mism=0 big=0 minidx=4294967295 maxidx=0
0:5-5:NC: BSUM t=728 L=2181 mism=0 big=0 minidx=4294967295 maxidx=0
0:1-1:NC: BSUM t=827 L=912 mism=0 big=0 minidx=4294967295 maxidx=0
0:1-2:NC: BSUM t=278 L=1777 mism=0 big=0 minidx=4294967295 maxidx=0
0:1-9:NC: BSUM t=0 L=1888 mism=0 big=0 minidx=4294967295 maxidx=0
0:0-8:NC: BSUM t=82 L=988 mism=0 big=0 minidx=4294967295 maxidx=0
0:3-2:NC: BSUM t=754 L=2031 mism=0 big=0 minidx=4294967295 maxidx=0
0:3-5:NC: BSUM t=751 L=2126 mism=0 big=0 minidx=4294967295 maxidx=0
0:4-7:NC: BSUM t=155 L=2208 mism=0 big=0 minidx=4294967295 maxidx=0
0:7-7:NC: BSUM t=734 L=2573 mism=0 big=0 minidx=4294967295 maxidx=0
0:9-6:NC: BSUM t=286 L=3565 mism=0 big=0 minidx=4294967295 maxidx=0
0:10-5:NC: BSUM t=88 L=3424 mism=0 big=0 minidx=4294967295 maxidx=0
0:0-3:NC: BSUM t=870 L=363 mism=0 big=0 minidx=4294967295 maxidx=0
0:0-5:NC: BSUM t=325 L=349 mism=0 big=0 minidx=4294967295 maxidx=0
0:0-7:NC: BSUM t=77 L=1152 mism=0 big=0 minidx=4294967295 maxidx=0
0:0-9:NC: BSUM t=81 L=839 mism=0 big=0 minidx=4294967295 maxidx=0
0:2-7:NC: BSUM t=142 L=1927 mism=0 big=0 minidx=4294967295 maxidx=0
0:3-6:NC: BSUM t=237 L=2114 mism=0 big=0 minidx=4294967295 maxidx=0
0:8-2:NC: BSUM t=478 L=3264 mism=0 big=0 minidx=4294967295 maxidx=0
0:9-9:NC: BSUM t=316 L=3728 mism=0 big=0 minidx=4294967295 maxidx=0
0:1-3:NC: BSUM t=482 L=1028 mism=0 big=0 minidx=4294967295 maxidx=0
0:1-4:NC: BSUM t=34 L=1988 mism=0 big=0 minidx=4294967295 maxidx=0
0:7-1:NC: BSUM t=717 L=3245 mism=0 big=0 minidx=4294967295 maxidx=0
0:7-5:NC: BSUM t=106 L=2363 mism=0 big=0 minidx=4294967295 maxidx=0
0:9-5:NC: BSUM t=609 L=3518 mism=0 big=0 minidx=4294967295 maxidx=0
0:1-5:NC: BSUM t=797 L=1082 mism=0 big=0 minidx=4294967295 maxidx=0
0:1-6:NC: BSUM t=59 L=1278 mism=0 big=0 minidx=4294967295 maxidx=0
0:3-1:NC: BSUM t=483 L=1193 mism=0 big=0 minidx=4294967295 maxidx=0
0:3-3:NC: BSUM t=511 L=1159 mism=0 big=0 minidx=4294967295 maxidx=0
0:7-0:NC: BSUM t=372 L=2489 mism=0 big=0 minidx=4294967295 maxidx=0
0:8-5:NC: BSUM t=51 L=2576 mism=0 big=0 minidx=4294967295 maxidx=0
0:0-5:NC: BSUM t=1013 L=109 mism=0 big=0 minidx=4294967295 maxidx=0
0:0-6:NC: BSUM t=258 L=476 mism=0 big=0 minidx=4294967295 maxidx=0
0:1-0:NC: BSUM t=226 L=376 mism=0 big=0 minidx=4294967295 maxidx=0
0:6-0:NC: BSUM t=710 L=2301 mism=0 big=0 minidx=4294967295 maxidx=0
0:8-6:NC: BSUM t=510 L=2372 mism=0 big=0 minidx=4294967295 maxidx=0
0:3-0:NC: BSUM t=783 L=1232 mism=0 big=0 minidx=4294967295 maxidx=0
0:5-0:NC: BSUM t=712 L=2166 mism=0 big=0 minidx=4294967295 maxidx=0
0:5-9:NC: BSUM t=212 L=2294 mism=0 big=0 minidx=4294967295 maxidx=0
0:8-9:NC: BSUM t=199 L=2496 mism=0 big=0 minidx=4294967295 maxidx=0
0:9-8:NC: BSUM t=726 L=3630 mism=0 big=0 minidx=4294967295 maxidx=0
0:10-1:NC: BSUM t=266 L=3624 mism=0 big=0 minidx=4294967295 maxidx=0
0:10-6:NC: BSUM t=247 L=3455 mism=0 big=0 minidx=4294967295 maxidx=0
0:0-3:NC: BSUM t=872 L=223 mism=0 big=0 minidx=4294967295 maxidx=0
0:0-7:NC: BSUM t=844 L=255 mism=0 big=0 minidx=4294967295 maxidx=0
0:0-8:NC: BSUM t=803 L=311 mism=0 big=0 minidx=4294967295 maxidx=0
0:1-1:NC: BSUM t=863 L=393 mism=0 big=0 minidx=4294967295 maxidx=0
0:1-7:NC: BSUM t=131 L=1158 mism=0 big=0 minidx=4294967295 maxidx=0
0:2-9:NC: BSUM t=115 L=1379 mism=0 big=0 minidx=4294967295 maxidx=0
0:3-8:NC: BSUM t=753 L=2035 mism=0 big=0 minidx=4294967295 maxidx=0
0:5-3:NC: BSUM t=163 L=789 mism=0 big=0 minidx=4294967295 maxidx=0
0:6-8:NC: BSUM t=117 L=2521 mism=0 big=0 minidx=4294967295 maxidx=0
0:7-8:NC: BSUM t=189 L=2532 mism=0 big=0 minidx=4294967295 maxidx=0
0:9-1:NC: BSUM t=57 L=3271 mism=0 big=0 minidx=4294967295 maxidx=0
0:0-9:NC: BSUM t=448 L=490 mism=0 big=0 minidx=4294967295 maxidx=0
0:1-2:NC: BSUM t=449 L=901 mism=0 big=0 minidx=4294967295 maxidx=0
0:2-2:NC: BSUM t=62 L=1415 mism=0 big=0 minidx=4294967295 maxidx=0
0:2-6:NC: BSUM t=746 L=1028 mism=0 big=0 minidx=4294967295 maxidx=0
0:3-7:NC: BSUM t=709 L=2095 mism=0 big=0 minidx=4294967295 maxidx=0
0:4-9:NC: BSUM t=302 L=2188 mism=0 big=0 minidx=4294967295 maxidx=0
0:6-9:NC: BSUM t=549 L=2460 mism=0 big=0 minidx=4294967295 maxidx=0
0:8-0:NC: BSUM t=156 L=2581 mism=0 big=0 minidx=4294967295 maxidx=0
0:9-4:NC: BSUM t=238 L=2449 mism=0 big=0 minidx=4294967295 maxidx=0
0:1-8:NC: BSUM t=95 L=1364 mism=0 big=0 minidx=4294967295 maxidx=0
0:2-0:NC: BSUM t=61 L=1351 mism=0 big=0 minidx=4294967295 maxidx=0
0:2-1:NC: BSUM t=200 L=1969 mism=0 big=0 minidx=4294967295 maxidx=0
0:7-6:NC: BSUM t=243 L=2222 mism=0 big=0 minidx=4294967295 maxidx=0
0:9-3:NC: BSUM t=17 L=3374 mism=0 big=0 minidx=4294967295 maxidx=0
0:0-6:NC: BSUM t=973 L=258 mism=0 big=0 minidx=4294967295 maxidx=0
0:1-0:NC: BSUM t=944 L=268 mism=0 big=0 minidx=4294967295 maxidx=0
0:1-5:NC: BSUM t=850 L=368 mism=0 big=0 minidx=4294967295 maxidx=0
0:2-5:NC: BSUM t=545 L=1339 mism=0 big=0 minidx=4294967295 maxidx=0
0:6-5:NC: BSUM t=359 L=3152 mism=0 big=0 minidx=4294967295 maxidx=0
0:0-3:NC: BSUM t=982 L=150 mism=0 big=0 minidx=4294967295 maxidx=0
0:1-3:NC: BSUM t=480 L=565 mism=0 big=0 minidx=4294967295 maxidx=0
0:2-3:NC: BSUM t=46 L=1289 mism=0 big=0 minidx=4294967295 maxidx=0
0:4-3:NC: BSUM t=828 L=1399 mism=0 big=0 minidx=4294967295 maxidx=0
0:5-7:NC: BSUM t=172 L=1492 mism=0 big=0 minidx=4294967295 maxidx=0
0:10-3:NC: BSUM t=241 L=3671 mism=0 big=0 minidx=4294967295 maxidx=0
0:1-1:NC: BSUM t=840 L=229 mism=0 big=0 minidx=4294967295 maxidx=0
0:2-8:NC: BSUM t=195 L=1204 mism=0 big=0 minidx=4294967295 maxidx=0
0:3-4:NC: BSUM t=97 L=1315 mism=0 big=0 minidx=4294967295 maxidx=0
0:4-2:NC: BSUM t=47 L=1458 mism=0 big=0 minidx=4294967295 maxidx=0
0:4-6:NC: BSUM t=766 L=2106 mism=0 big=0 minidx=4294967295 maxidx=0
0:8-4:NC: BSUM t=208 L=2473 mism=0 big=0 minidx=4294967295 maxidx=0
0:9-0:NC: BSUM t=154 L=2330 mism=0 big=0 minidx=4294967295 maxidx=0
0:9-7:NC: BSUM t=267 L=2350 mism=0 big=0 minidx=4294967295 maxidx=0
0:10-7:NC: BSUM t=9 L=2324 mism=0 big=0 minidx=4294967295 maxidx=0
0:0-7:NC: BSUM t=971 L=316 mism=0 big=0 minidx=4294967295 maxidx=0
0:0-8:NC: BSUM t=970 L=282 mism=0 big=0 minidx=4294967295 maxidx=0
0:0-9:NC: BSUM t=952 L=217 mism=0 big=0 minidx=4294967295 maxidx=0
0:2-4:NC: BSUM t=98 L=1130 mism=0 big=0 minidx=4294967295 maxidx=0
0:4-8:NC: BSUM t=799 L=1407 mism=0 big=0 minidx=4294967295 maxidx=0
0:6-4:NC: BSUM t=764 L=1603 mism=0 big=0 minidx=4294967295 maxidx=0
0:7-9:NC: BSUM t=274 L=2632 mism=0 big=0 minidx=4294967295 maxidx=0
0:0-6:NC: BSUM t=994 L=162 mism=0 big=0 minidx=4294967295 maxidx=0
0:1-0:NC: BSUM t=985 L=144 mism=0 big=0 minidx=4294967295 maxidx=0
0:1-2:NC: BSUM t=358 L=401 mism=0 big=0 minidx=4294967295 maxidx=0
0:1-6:NC: BSUM t=76 L=595 mism=0 big=0 minidx=4294967295 maxidx=0
0:3-1:NC: BSUM t=43 L=837 mism=0 big=0 minidx=4294967295 maxidx=0
0:4-5:NC: BSUM t=798 L=1486 mism=0 big=0 minidx=4294967295 maxidx=0
0:4-7:NC: BSUM t=205 L=1288 mism=0 big=0 minidx=4294967295 maxidx=0
0:5-2:NC: BSUM t=126 L=1545 mism=0 big=0 minidx=4294967295 maxidx=0
0:6-7:NC: BSUM t=152 L=2580 mism=0 big=0 minidx=4294967295 maxidx=0
0:10-2:NC: BSUM t=279 L=2367 mism=0 big=0 minidx=4294967295 maxidx=0
0:10-4:NC: BSUM t=214 L=2315 mism=0 big=0 minidx=4294967295 maxidx=0
0:10-9:NC: BSUM t=281 L=2457 mism=0 big=0 minidx=4294967295 maxidx=0
0:1-9:NC: BSUM t=108 L=1219 mism=0 big=0 minidx=4294967295 maxidx=0
0:2-7:NC: BSUM t=141 L=1238 mism=0 big=0 minidx=4294967295 maxidx=0
0:3-0:NC: BSUM t=738 L=516 mism=0 big=0 minidx=4294967295 maxidx=0
0:3-3:NC: BSUM t=129 L=819 mism=0 big=0 minidx=4294967295 maxidx=0
0:3-5:NC: BSUM t=174 L=1275 mism=0 big=0 minidx=4294967295 maxidx=0
0:5-1:NC: BSUM t=18 L=2185 mism=0 big=0 minidx=4294967295 maxidx=0
0:5-3:NC: BSUM t=259 L=526 mism=0 big=0 minidx=4294967295 maxidx=0
0:5-6:NC: BSUM t=792 L=2162 mism=0 big=0 minidx=4294967295 maxidx=0
0:6-1:NC: BSUM t=96 L=1580 mism=0 big=0 minidx=4294967295 maxidx=0
0:8-3:NC: BSUM t=608 L=2326 mism=0 big=0 minidx=4294967295 maxidx=0
0:1-3:NC: BSUM t=422 L=426 mism=0 big=0 minidx=4294967295 maxidx=0
0:1-4:NC: BSUM t=48 L=1179 mism=0 big=0 minidx=4294967295 maxidx=0
0:1-5:NC: BSUM t=855 L=294 mism=0 big=0 minidx=4294967295 maxidx=0
0:2-2:NC: BSUM t=802 L=392 mism=0 big=0 minidx=4294967295 maxidx=0
0:2-6:NC: BSUM t=194 L=716 mism=0 big=0 minidx=4294967295 maxidx=0
0:3-2:NC: BSUM t=177 L=1334 mism=0 big=0 minidx=4294967295 maxidx=0
0:4-0:NC: BSUM t=29 L=1525 mism=0 big=0 minidx=4294967295 maxidx=0
0:4-1:NC: BSUM t=576 L=1508 mism=0 big=0 minidx=4294967295 maxidx=0
0:6-2:NC: BSUM t=210 L=2309 mism=0 big=0 minidx=4294967295 maxidx=0
0:7-3:NC: BSUM t=268 L=1905 mism=0 big=0 minidx=4294967295 maxidx=0
0:7-7:NC: BSUM t=277 L=1554 mism=0 big=0 minidx=4294967295 maxidx=0
0:10-8:NC: BSUM t=244 L=2418 mism=0 big=0 minidx=4294967295 maxidx=0
0:0-9:NC: BSUM t=1005 L=211 mism=0 big=0 minidx=4294967295 maxidx=0
0:1-1:NC: BSUM t=980 L=177 mism=0 big=0 minidx=4294967295 maxidx=0
0:1-7:NC: BSUM t=826 L=698 mism=0 big=0 minidx=4294967295 maxidx=0
0:6-6:NC: BSUM t=35 L=2456 mism=0 big=0 minidx=4294967295 maxidx=0
0:0-8:NC: BSUM t=768 L=182 mism=0 big=0 minidx=4294967295 maxidx=0
0:1-2:NC: BSUM t=815 L=233 mism=0 big=0 minidx=4294967295 maxidx=0
0:1-5:NC: BSUM t=1020 L=99 mism=0 big=0 minidx=4294967295 maxidx=0
0:1-8:NC: BSUM t=181 L=697 mism=0 big=0 minidx=4294967295 maxidx=0
0:2-0:NC: BSUM t=860 L=655 mism=0 big=0 minidx=4294967295 maxidx=0
0:2-3:NC: BSUM t=328 L=608 mism=0 big=0 minidx=4294967295 maxidx=0
0:2-9:NC: BSUM t=834 L=561 mism=0 big=0 minidx=4294967295 maxidx=0
0:3-9:NC: BSUM t=94 L=1538 mism=0 big=0 minidx=4294967295 maxidx=0
0:4-4:NC: BSUM t=33 L=1530 mism=0 big=0 minidx=4294967295 maxidx=0
0:5-4:NC: BSUM t=789 L=1615 mism=0 big=0 minidx=4294967295 maxidx=0
0:5-5:NC: BSUM t=31 L=1630 mism=0 big=0 minidx=4294967295 maxidx=0
0:5-8:NC: BSUM t=202 L=1887 mism=0 big=0 minidx=4294967295 maxidx=0
0:9-2:NC: BSUM t=276 L=2383 mism=0 big=0 minidx=4294967295 maxidx=0
0:3-1:NC: BSUM t=355 L=359 mism=0 big=0 minidx=4294967295 maxidx=0
0:1-6:NC: BSUM t=874 L=260 mism=0 big=0 minidx=4294967295 maxidx=0
0:2-4:NC: BSUM t=830 L=489 mism=0 big=0 minidx=4294967295 maxidx=0
0:2-5:NC: BSUM t=128 L=752 mism=0 big=0 minidx=4294967295 maxidx=0
0:3-0:NC: BSUM t=938 L=271 mism=0 big=0 minidx=4294967295 maxidx=0
0:3-3:NC: BSUM t=809 L=312 mism=0 big=0 minidx=4294967295 maxidx=0
0:3-4:NC: BSUM t=481 L=664 mism=0 big=0 minidx=4294967295 maxidx=0
0:4-2:NC: BSUM t=801 L=473 mism=0 big=0 minidx=4294967295 maxidx=0
0:5-3:NC: BSUM t=846 L=213 mism=0 big=0 minidx=4294967295 maxidx=0
0:6-3:NC: BSUM t=25 L=1973 mism=0 big=0 minidx=4294967295 maxidx=0
0:7-4:NC: BSUM t=203 L=2454 mism=0 big=0 minidx=4294967295 maxidx=0
0:8-1:NC: BSUM t=68 L=2504 mism=0 big=0 minidx=4294967295 maxidx=0
0:8-7:NC: BSUM t=486 L=2392 mism=0 big=0 minidx=4294967295 maxidx=0
0:8-8:NC: BSUM t=4 L=2566 mism=0 big=0 minidx=4294967295 maxidx=0
0:1-9:NC: BSUM t=453 L=483 mism=0 big=0 minidx=4294967295 maxidx=0
0:2-8:NC: BSUM t=705 L=514 mism=0 big=0 minidx=4294967295 maxidx=0
0:3-6:NC: BSUM t=230 L=1463 mism=0 big=0 minidx=4294967295 maxidx=0
0:4-3:NC: BSUM t=740 L=632 mism=0 big=0 minidx=4294967295 maxidx=0
0:7-5:NC: BSUM t=309 L=1817 mism=0 big=0 minidx=4294967295 maxidx=0
0:1-2:NC: BSUM t=975 L=160 mism=0 big=0 minidx=4294967295 maxidx=0
0:2-2:NC: BSUM t=998 L=259 mism=0 big=0 minidx=4294967295 maxidx=0
0:3-7:NC: BSUM t=10 L=1322 mism=0 big=0 minidx=4294967295 maxidx=0
0:5-0:NC: BSUM t=92 L=1570 mism=0 big=0 minidx=4294967295 maxidx=0
0:6-0:NC: BSUM t=245 L=1660 mism=0 big=0 minidx=4294967295 maxidx=0
0:7-2:NC: BSUM t=134 L=2621 mism=0 big=0 minidx=4294967295 maxidx=0
0:8-6:NC: BSUM t=110 L=1657 mism=0 big=0 minidx=4294967295 maxidx=0
0:1-4:NC: BSUM t=892 L=366 mism=0 big=0 minidx=4294967295 maxidx=0
0:1-7:NC: BSUM t=906 L=274 mism=0 big=0 minidx=4294967295 maxidx=0
0:2-1:NC: BSUM t=340 L=1247 mism=0 big=0 minidx=4294967295 maxidx=0
0:2-6:NC: BSUM t=905 L=300 mism=0 big=0 minidx=4294967295 maxidx=0
0:2-9:NC: BSUM t=773 L=237 mism=0 big=0 minidx=4294967295 maxidx=0
0:4-9:NC: BSUM t=341 L=1444 mism=0 big=0 minidx=4294967295 maxidx=0
0:5-9:NC: BSUM t=514 L=1559 mism=0 big=0 minidx=4294967295 maxidx=0
0:7-0:NC: BSUM t=517 L=1714 mism=0 big=0 minidx=4294967295 maxidx=0
0:1-6:NC: BSUM t=963 L=181 mism=0 big=0 minidx=4294967295 maxidx=0
0:2-0:NC: BSUM t=913 L=238 mism=0 big=0 minidx=4294967295 maxidx=0
0:2-3:NC: BSUM t=954 L=267 mism=0 big=0 minidx=4294967295 maxidx=0
0:2-7:NC: BSUM t=178 L=685 mism=0 big=0 minidx=4294967295 maxidx=0
0:3-1:NC: BSUM t=879 L=211 mism=0 big=0 minidx=4294967295 maxidx=0
0:3-8:NC: BSUM t=294 L=1452 mism=0 big=0 minidx=4294967295 maxidx=0
0:4-8:NC: BSUM t=107 L=749 mism=0 big=0 minidx=4294967295 maxidx=0
0:5-3:NC: BSUM t=993 L=145 mism=0 big=0 minidx=4294967295 maxidx=0
0:6-4:NC: BSUM t=182 L=1017 mism=0 big=0 minidx=4294967295 maxidx=0
0:8-5:NC: BSUM t=159 L=1739 mism=0 big=0 minidx=4294967295 maxidx=0
0:9-9:NC: BSUM t=301 L=2274 mism=0 big=0 minidx=4294967295 maxidx=0
0:10-0:NC: BSUM t=714 L=2286 mism=0 big=0 minidx=4294967295 maxidx=0
0:1-8:NC: BSUM t=877 L=350 mism=0 big=0 minidx=4294967295 maxidx=0
0:2-4:NC: BSUM t=852 L=244 mism=0 big=0 minidx=4294967295 maxidx=0
0:2-5:NC: BSUM t=856 L=279 mism=0 big=0 minidx=4294967295 maxidx=0
0:3-0:NC: BSUM t=919 L=193 mism=0 big=0 minidx=4294967295 maxidx=0
0:3-3:NC: BSUM t=976 L=201 mism=0 big=0 minidx=4294967295 maxidx=0
0:3-4:NC: BSUM t=843 L=234 mism=0 big=0 minidx=4294967295 maxidx=0
0:4-1:NC: BSUM t=778 L=653 mism=0 big=0 minidx=4294967295 maxidx=0
0:4-5:NC: BSUM t=822 L=734 mism=0 big=0 minidx=4294967295 maxidx=0
0:7-1:NC: BSUM t=606 L=2438 mism=0 big=0 minidx=4294967295 maxidx=0
0:1-9:NC: BSUM t=881 L=287 mism=0 big=0 minidx=4294967295 maxidx=0
0:3-2:NC: BSUM t=165 L=698 mism=0 big=0 minidx=4294967295 maxidx=0
0:4-0:NC: BSUM t=823 L=700 mism=0 big=0 minidx=4294967295 maxidx=0
0:4-2:NC: BSUM t=853 L=289 mism=0 big=0 minidx=4294967295 maxidx=0
0:5-2:NC: BSUM t=832 L=650 mism=0 big=0 minidx=4294967295 maxidx=0
0:6-8:NC: BSUM t=232 L=1763 mism=0 big=0 minidx=4294967295 maxidx=0
0:7-3:NC: BSUM t=831 L=705 mism=0 big=0 minidx=4294967295 maxidx=0
0:9-4:NC: BSUM t=52 L=1806 mism=0 big=0 minidx=4294967295 maxidx=0
0:9-5:NC: BSUM t=123 L=2246 mism=0 big=0 minidx=4294967295 maxidx=0
0:2-6:NC: BSUM t=983 L=168 mism=0 big=0 minidx=4294967295 maxidx=0
0:2-8:NC: BSUM t=937 L=327 mism=0 big=0 minidx=4294967295 maxidx=0
0:3-5:NC: BSUM t=779 L=843 mism=0 big=0 minidx=4294967295 maxidx=0
0:4-3:NC: BSUM t=836 L=300 mism=0 big=0 minidx=4294967295 maxidx=0
0:4-4:NC: BSUM t=179 L=707 mism=0 big=0 minidx=4294967295 maxidx=0
0:5-5:NC: BSUM t=454 L=859 mism=0 big=0 minidx=4294967295 maxidx=0
0:8-2:NC: BSUM t=136 L=2604 mism=0 big=0 minidx=4294967295 maxidx=0
0:10-5:NC: BSUM t=755 L=2423 mism=0 big=0 minidx=4294967295 maxidx=0
0:2-2:NC: BSUM t=146 L=303 mism=0 big=0 minidx=4294967295 maxidx=0
0:2-9:NC: BSUM t=931 L=209 mism=0 big=0 minidx=4294967295 maxidx=0
0:4-7:NC: BSUM t=293 L=1017 mism=0 big=0 minidx=4294967295 maxidx=0
0:5-7:NC: BSUM t=198 L=1288 mism=0 big=0 minidx=4294967295 maxidx=0
0:6-1:NC: BSUM t=109 L=1077 mism=0 big=0 minidx=4294967295 maxidx=0
0:8-9:NC: BSUM t=100 L=1912 mism=0 big=0 minidx=4294967295 maxidx=0
0:9-3:NC: BSUM t=413 L=2284 mism=0 big=0 minidx=4294967295 maxidx=0
0:9-6:NC: BSUM t=748 L=2362 mism=0 big=0 minidx=4294967295 maxidx=0
0:1-8:NC: BSUM t=988 L=150 mism=0 big=0 minidx=4294967295 maxidx=0
0:2-0:NC: BSUM t=965 L=212 mism=0 big=0 minidx=4294967295 maxidx=0
0:2-4:NC: BSUM t=847 L=193 mism=0 big=0 minidx=4294967295 maxidx=0
0:3-9:NC: BSUM t=824 L=763 mism=0 big=0 minidx=4294967295 maxidx=0
0:4-2:NC: BSUM t=452 L=285 mism=0 big=0 minidx=4294967295 maxidx=0
0:5-1:NC: BSUM t=342 L=1438 mism=0 big=0 minidx=4294967295 maxidx=0
0:6-9:NC: BSUM t=790 L=1872 mism=0 big=0 minidx=4294967295 maxidx=0
0:7-8:NC: BSUM t=255 L=1934 mism=0 big=0 minidx=4294967295 maxidx=0
0:7-9:NC: BSUM t=138 L=1521 mism=0 big=0 minidx=4294967295 maxidx=0
0:8-0:NC: BSUM t=157 L=1922 mism=0 big=0 minidx=4294967295 maxidx=0
0:1-9:NC: BSUM t=989 L=161 mism=0 big=0 minidx=4294967295 maxidx=0
0:2-1:NC: BSUM t=227 L=494 mism=0 big=0 minidx=4294967295 maxidx=0
0:2-5:NC: BSUM t=880 L=201 mism=0 big=0 minidx=4294967295 maxidx=0
0:4-0:NC: BSUM t=289 L=287 mism=0 big=0 minidx=4294967295 maxidx=0
0:6-5:NC: BSUM t=447 L=2381 mism=0 big=0 minidx=4294967295 maxidx=0
0:6-7:NC: BSUM t=310 L=1717 mism=0 big=0 minidx=4294967295 maxidx=0
0:7-6:NC: BSUM t=674 L=1624 mism=0 big=0 minidx=4294967295 maxidx=0
0:8-4:NC: BSUM t=201 L=1824 mism=0 big=0 minidx=4294967295 maxidx=0
0:9-0:NC: BSUM t=750 L=1435 mism=0 big=0 minidx=4294967295 maxidx=0
0:9-8:NC: BSUM t=303 L=2206 mism=0 big=0 minidx=4294967295 maxidx=0
0:10-1:NC: BSUM t=218 L=2314 mism=0 big=0 minidx=4294967295 maxidx=0
0:10-8:NC: BSUM t=479 L=1557 mism=0 big=0 minidx=4294967295 maxidx=0
0:1-4:NC: BSUM t=866 L=362 mism=0 big=0 minidx=4294967295 maxidx=0
0:1-7:NC: BSUM t=144 L=386 mism=0 big=0 minidx=4294967295 maxidx=0
0:3-2:NC: BSUM t=818 L=262 mism=0 big=0 minidx=4294967295 maxidx=0
0:3-4:NC: BSUM t=920 L=255 mism=0 big=0 minidx=4294967295 maxidx=0
0:3-6:NC: BSUM t=744 L=692 mism=0 big=0 minidx=4294967295 maxidx=0
0:4-5:NC: BSUM t=420 L=456 mism=0 big=0 minidx=4294967295 maxidx=0
0:4-6:NC: BSUM t=64 L=1557 mism=0 big=0 minidx=4294967295 maxidx=0
0:4-8:NC: BSUM t=862 L=398 mism=0 big=0 minidx=4294967295 maxidx=0
0:5-0:NC: BSUM t=419 L=893 mism=0 big=0 minidx=4294967295 maxidx=0
0:5-6:NC: BSUM t=93 L=1523 mism=0 big=0 minidx=4294967295 maxidx=0
0:5-8:NC: BSUM t=197 L=993 mism=0 big=0 minidx=4294967295 maxidx=0
0:7-7:NC: BSUM t=782 L=1101 mism=0 big=0 minidx=4294967295 maxidx=0
0:8-3:NC: BSUM t=183 L=1615 mism=0 big=0 minidx=4294967295 maxidx=0
0:9-7:NC: BSUM t=27 L=1724 mism=0 big=0 minidx=4294967295 maxidx=0
0:2-3:NC: BSUM t=145 L=357 mism=0 big=0 minidx=4294967295 maxidx=0
0:2-7:NC: BSUM t=867 L=369 mism=0 big=0 minidx=4294967295 maxidx=0
0:2-8:NC: BSUM t=841 L=211 mism=0 big=0 minidx=4294967295 maxidx=0
0:3-7:NC: BSUM t=743 L=677 mism=0 big=0 minidx=4294967295 maxidx=0
0:4-1:NC: BSUM t=164 L=326 mism=0 big=0 minidx=4294967295 maxidx=0
0:4-4:NC: BSUM t=811 L=302 mism=0 big=0 minidx=4294967295 maxidx=0
0:6-3:NC: BSUM t=833 L=670 mism=0 big=0 minidx=4294967295 maxidx=0
0:6-4:NC: BSUM t=868 L=377 mism=0 big=0 minidx=4294967295 maxidx=0
0:8-6:NC: BSUM t=329 L=902 mism=0 big=0 minidx=4294967295 maxidx=0
0:9-1:NC: BSUM t=105 L=2610 mism=0 big=0 minidx=4294967295 maxidx=0
0:10-3:NC: BSUM t=269 L=2257 mism=0 big=0 minidx=4294967295 maxidx=0
0:10-4:NC: BSUM t=42 L=1795 mism=0 big=0 minidx=4294967295 maxidx=0
0:10-6:NC: BSUM t=26 L=2291 mism=0 big=0 minidx=4294967295 maxidx=0
0:3-5:NC: BSUM t=256 L=387 mism=0 big=0 minidx=4294967295 maxidx=0
0:3-8:NC: BSUM t=800 L=536 mism=0 big=0 minidx=4294967295 maxidx=0
0:4-9:NC: BSUM t=742 L=750 mism=0 big=0 minidx=4294967295 maxidx=0
0:5-2:NC: BSUM t=288 L=482 mism=0 big=0 minidx=4294967295 maxidx=0
0:5-7:NC: BSUM t=925 L=241 mism=0 big=0 minidx=4294967295 maxidx=0
0:7-5:NC: BSUM t=821 L=843 mism=0 big=0 minidx=4294967295 maxidx=0
0:10-2:NC: BSUM t=125 L=1738 mism=0 big=0 minidx=4294967295 maxidx=0
0:10-7:NC: BSUM t=169 L=1893 mism=0 big=0 minidx=4294967295 maxidx=0
0:4-3:NC: BSUM t=147 L=316 mism=0 big=0 minidx=4294967295 maxidx=0
0:5-4:NC: BSUM t=707 L=1076 mism=0 big=0 minidx=4294967295 maxidx=0
0:5-5:NC: BSUM t=11 L=399 mism=0 big=0 minidx=4294967295 maxidx=0
0:6-2:NC: BSUM t=90 L=1741 mism=0 big=0 minidx=4294967295 maxidx=0
0:7-3:NC: BSUM t=775 L=453 mism=0 big=0 minidx=4294967295 maxidx=0
0:9-2:NC: BSUM t=50 L=1709 mism=0 big=0 minidx=4294967295 maxidx=0
0:4-7:NC: BSUM t=903 L=318 mism=0 big=0 minidx=4294967295 maxidx=0
0:4-8:NC: BSUM t=915 L=207 mism=0 big=0 minidx=4294967295 maxidx=0
0:5-9:NC: BSUM t=150 L=1206 mism=0 big=0 minidx=4294967295 maxidx=0
0:6-0:NC: BSUM t=745 L=897 mism=0 big=0 minidx=4294967295 maxidx=0
0:6-1:NC: BSUM t=909 L=370 mism=0 big=0 minidx=4294967295 maxidx=0
0:8-5:NC: BSUM t=484 L=947 mism=0 big=0 minidx=4294967295 maxidx=0
0:8-8:NC: BSUM t=381 L=1625 mism=0 big=0 minidx=4294967295 maxidx=0
0:1-4:NC: BSUM t=113 L=207 mism=0 big=0 minidx=4294967295 maxidx=0
0:2-1:NC: BSUM t=907 L=288 mism=0 big=0 minidx=4294967295 maxidx=0
0:2-7:NC: BSUM t=950 L=173 mism=0 big=0 minidx=4294967295 maxidx=0
0:3-9:NC: BSUM t=292 L=424 mism=0 big=0 minidx=4294967295 maxidx=0
0:4-0:NC: BSUM t=897 L=240 mism=0 big=0 minidx=4294967295 maxidx=0
0:4-1:NC: BSUM t=884 L=191 mism=0 big=0 minidx=4294967295 maxidx=0
0:4-5:NC: BSUM t=848 L=294 mism=0 big=0 minidx=4294967295 maxidx=0
0:5-0:NC: BSUM t=387 L=396 mism=0 big=0 minidx=4294967295 maxidx=0
0:9-4:NC: BSUM t=485 L=910 mism=0 big=0 minidx=4294967295 maxidx=0
0:10-9:NC: BSUM t=63 L=1845 mism=0 big=0 minidx=4294967295 maxidx=0
0:3-7:NC: BSUM t=951 L=232 mism=0 big=0 minidx=4294967295 maxidx=0
0:3-8:NC: BSUM t=323 L=244 mism=0 big=0 minidx=4294967295 maxidx=0
0:4-4:NC: BSUM t=1004 L=232 mism=0 big=0 minidx=4294967295 maxidx=0
0:6-4:NC: BSUM t=357 L=285 mism=0 big=0 minidx=4294967295 maxidx=0
0:7-4:NC: BSUM t=171 L=1556 mism=0 big=0 minidx=4294967295 maxidx=0
0:7-7:NC: BSUM t=812 L=336 mism=0 big=0 minidx=4294967295 maxidx=0
0:8-1:NC: BSUM t=32 L=1511 mism=0 big=0 minidx=4294967295 maxidx=0
0:8-9:NC: BSUM t=228 L=652 mism=0 big=0 minidx=4294967295 maxidx=0
0:3-2:NC: BSUM t=12 L=309 mism=0 big=0 minidx=4294967295 maxidx=0
0:3-5:NC: BSUM t=974 L=211 mism=0 big=0 minidx=4294967295 maxidx=0
0:5-2:NC: BSUM t=888 L=261 mism=0 big=0 minidx=4294967295 maxidx=0
0:5-8:NC: BSUM t=193 L=443 mism=0 big=0 minidx=4294967295 maxidx=0
0:6-6:NC: BSUM t=675 L=1780 mism=0 big=0 minidx=4294967295 maxidx=0
0:8-0:NC: BSUM t=417 L=798 mism=0 big=0 minidx=4294967295 maxidx=0
0:8-6:NC: BSUM t=737 L=291 mism=0 big=0 minidx=4294967295 maxidx=0
0:8-7:NC: BSUM t=28 L=1665 mism=0 big=0 minidx=4294967295 maxidx=0
0:3-6:NC: BSUM t=224 L=517 mism=0 big=0 minidx=4294967295 maxidx=0
0:4-8:NC: BSUM t=885 L=135 mism=0 big=0 minidx=4294967295 maxidx=0
0:5-5:NC: BSUM t=838 L=222 mism=0 big=0 minidx=4294967295 maxidx=0
0:5-7:NC: BSUM t=854 L=281 mism=0 big=0 minidx=4294967295 maxidx=0
0:7-0:NC: BSUM t=127 L=1197 mism=0 big=0 minidx=4294967295 maxidx=0
0:7-2:NC: BSUM t=296 L=1580 mism=0 big=0 minidx=4294967295 maxidx=0
0:7-3:NC: BSUM t=995 L=217 mism=1 big=0 minidx=34 maxidx=34
0:4-6:NC: BSUM t=320 L=774 mism=0 big=0 minidx=4294967295 maxidx=0
0:4-7:NC: BSUM t=921 L=253 mism=0 big=0 minidx=4294967295 maxidx=0
0:5-4:NC: BSUM t=354 L=537 mism=0 big=0 minidx=4294967295 maxidx=0
0:6-7:NC: BSUM t=149 L=864 mism=0 big=0 minidx=4294967295 maxidx=0
0:6-8:NC: BSUM t=133 L=1085 mism=0 big=0 minidx=4294967295 maxidx=0
0:6-9:NC: BSUM t=175 L=699 mism=0 big=0 minidx=4294967295 maxidx=0
0:7-5:NC: BSUM t=704 L=388 mism=0 big=0 minidx=4294967295 maxidx=0
0:7-8:NC: BSUM t=741 L=843 mism=0 big=0 minidx=4294967295 maxidx=0
0:9-0:NC: BSUM t=416 L=1054 mism=0 big=0 minidx=4294967295 maxidx=0
0:10-4:NC: BSUM t=353 L=731 mism=0 big=0 minidx=4294967295 maxidx=0
0:2-1:NC: BSUM t=388 L=262 mism=0 big=0 minidx=4294967295 maxidx=0
0:3-7:NC: BSUM t=986 L=185 mism=0 big=0 minidx=4294967295 maxidx=0
0:3-9:NC: BSUM t=942 L=245 mism=0 big=0 minidx=4294967295 maxidx=0
0:4-9:NC: BSUM t=820 L=424 mism=0 big=0 minidx=4294967295 maxidx=0
0:5-0:NC: BSUM t=912 L=221 mism=0 big=0 minidx=4294967295 maxidx=0
0:5-9:NC: BSUM t=924 L=309 mism=0 big=0 minidx=4294967295 maxidx=0
0:6-1:NC: BSUM t=816 L=360 mism=0 big=0 minidx=4294967295 maxidx=0
0:6-3:NC: BSUM t=111 L=503 mism=0 big=0 minidx=4294967295 maxidx=0
0:8-4:NC: BSUM t=326 L=820 mism=0 big=0 minidx=4294967295 maxidx=0
0:3-8:NC: BSUM t=806 L=207 mism=0 big=0 minidx=4294967295 maxidx=0
0:5-5:NC: BSUM t=389 L=198 mism=0 big=0 minidx=4294967295 maxidx=0
0:5-8:NC: BSUM t=322 L=250 mism=0 big=0 minidx=4294967295 maxidx=0
0:6-0:NC: BSUM t=160 L=433 mism=0 big=0 minidx=4294967295 maxidx=0
0:7-3:NC: BSUM t=1010 L=110 mism=0 big=0 minidx=4294967295 maxidx=0
0:7-6:NC: BSUM t=45 L=971 mism=0 big=0 minidx=4294967295 maxidx=0
0:7-7:NC: BSUM t=940 L=243 mism=0 big=0 minidx=4294967295 maxidx=0
0:8-5:NC: BSUM t=883 L=374 mism=0 big=0 minidx=4294967295 maxidx=0
0:10-2:NC: BSUM t=386 L=992 mism=0 big=0 minidx=4294967295 maxidx=0
0:5-1:NC: BSUM t=784 L=1042 mism=0 big=0 minidx=4294967295 maxidx=0
0:7-9:NC: BSUM t=795 L=1193 mism=0 big=0 minidx=4294967295 maxidx=0
0:8-6:NC: BSUM t=771 L=244 mism=0 big=0 minidx=4294967295 maxidx=0
0:9-4:NC: BSUM t=936 L=305 mism=0 big=0 minidx=4294967295 maxidx=0
0:10-0:NC: BSUM t=547 L=1914 mism=0 big=0 minidx=4294967295 maxidx=0
0:10-9:NC: BSUM t=418 L=790 mism=0 big=0 minidx=4294967295 maxidx=0
0:3-6:NC: BSUM t=948 L=220 mism=0 big=0 minidx=4294967295 maxidx=0
0:4-7:NC: BSUM t=886 L=147 mism=0 big=0 minidx=4294967295 maxidx=0
0:5-4:NC: BSUM t=842 L=215 mism=0 big=0 minidx=4294967295 maxidx=0
0:8-9:NC: BSUM t=851 L=396 mism=0 big=0 minidx=4294967295 maxidx=0
0:9-6:NC: BSUM t=206 L=1522 mism=0 big=0 minidx=4294967295 maxidx=0
0:9-9:NC: BSUM t=793 L=1799 mism=0 big=0 minidx=4294967295 maxidx=0
0:10-7:NC: BSUM t=706 L=691 mism=0 big=0 minidx=4294967295 maxidx=0
0:10-8:NC: BSUM t=99 L=1094 mism=0 big=0 minidx=4294967295 maxidx=0
0:4-9:NC: BSUM t=914 L=207 mism=0 big=0 minidx=4294967295 maxidx=0
0:5-0:NC: BSUM t=992 L=163 mism=0 big=0 minidx=4294967295 maxidx=0
0:5-6:NC: BSUM t=295 L=1249 mism=0 big=0 minidx=4294967295 maxidx=0
0:7-0:NC: BSUM t=967 L=280 mism=0 big=0 minidx=4294967295 maxidx=0
0:7-5:NC: BSUM t=990 L=200 mism=0 big=0 minidx=4294967295 maxidx=0
0:7-7:NC: BSUM t=1019 L=102 mism=0 big=0 minidx=4294967295 maxidx=0
0:8-3:NC: BSUM t=672 L=979 mism=0 big=0 minidx=4294967295 maxidx=0
0:9-3:NC: BSUM t=544 L=1483 mism=0 big=0 minidx=4294967295 maxidx=0
0:9-5:NC: BSUM t=548 L=1741 mism=0 big=0 minidx=4294967295 maxidx=0
0:9-8:NC: BSUM t=339 L=1508 mism=0 big=0 minidx=4294967295 maxidx=0
0:5-8:NC: BSUM t=1006 L=157 mism=0 big=0 minidx=4294967295 maxidx=0
0:6-7:NC: BSUM t=849 L=339 mism=0 big=0 minidx=4294967295 maxidx=0
0:8-0:NC: BSUM t=75 L=581 mism=0 big=0 minidx=4294967295 maxidx=0
0:8-2:NC: BSUM t=24 L=1702 mism=0 big=0 minidx=4294967295 maxidx=0
0:10-4:NC: BSUM t=808 L=345 mism=0 big=0 minidx=4294967295 maxidx=0
0:4-6:NC: BSUM t=904 L=314 mism=0 big=0 minidx=4294967295 maxidx=0
0:5-9:NC: BSUM t=839 L=246 mism=0 big=0 minidx=4294967295 maxidx=0
0:6-0:NC: BSUM t=996 L=245 mism=0 big=0 minidx=4294967295 maxidx=0
0:6-3:NC: BSUM t=871 L=244 mism=0 big=0 minidx=4294967295 maxidx=0
0:7-1:NC: BSUM t=2 L=1977 mism=0 big=0 minidx=4294967295 maxidx=0
0:8-1:NC: BSUM t=352 L=991 mism=0 big=0 minidx=4294967295 maxidx=0
0:8-4:NC: BSUM t=882 L=372 mism=0 big=0 minidx=4294967295 maxidx=0
0:8-5:NC: BSUM t=356 L=296 mism=0 big=0 minidx=4294967295 maxidx=0
0:9-0:NC: BSUM t=908 L=359 mism=0 big=0 minidx=4294967295 maxidx=0
0:5-1:NC: BSUM t=321 L=358 mism=0 big=0 minidx=4294967295 maxidx=0
0:5-4:NC: BSUM t=987 L=141 mism=0 big=0 minidx=4294967295 maxidx=0
0:6-2:NC: BSUM t=60 L=1283 mism=0 big=0 minidx=4294967295 maxidx=0
0:6-9:NC: BSUM t=180 L=603 mism=0 big=0 minidx=4294967295 maxidx=0
0:7-6:NC: BSUM t=774 L=324 mism=0 big=0 minidx=4294967295 maxidx=0
0:7-8:NC: BSUM t=161 L=598 mism=0 big=0 minidx=4294967295 maxidx=0
0:8-8:NC: BSUM t=786 L=1010 mism=0 big=0 minidx=4294967295 maxidx=0
0:9-2:NC: BSUM t=30 L=1114 mism=0 big=0 minidx=4294967295 maxidx=0
0:9-4:NC: BSUM t=955 L=230 mism=0 big=0 minidx=4294967295 maxidx=0
0:9-7:NC: BSUM t=780 L=1330 mism=0 big=0 minidx=4294967295 maxidx=0
0:10-1:NC: BSUM t=304 L=1733 mism=0 big=0 minidx=4294967295 maxidx=0
0:4-9:NC: BSUM t=421 L=191 mism=0 big=0 minidx=4294967295 maxidx=0
0:6-8:NC: BSUM t=192 L=560 mism=0 big=0 minidx=4294967295 maxidx=0
0:7-9:NC: BSUM t=1002 L=265 mism=0 big=0 minidx=4294967295 maxidx=0
0:8-9:NC: BSUM t=1003 L=230 mism=0 big=0 minidx=4294967295 maxidx=0
0:10-2:NC: BSUM t=148 L=401 mism=0 big=0 minidx=4294967295 maxidx=0
0:10-5:NC: BSUM t=166 L=1830 mism=0 big=0 minidx=4294967295 maxidx=0
0:6-5:NC: BSUM t=673 L=1593 mism=0 big=0 minidx=4294967295 maxidx=0
0:7-4:NC: BSUM t=13 L=967 mism=0 big=0 minidx=4294967295 maxidx=0
0:7-5:NC: BSUM t=80 L=230 mism=0 big=0 minidx=4294967295 maxidx=0
0:8-3:NC: BSUM t=807 L=284 mism=0 big=0 minidx=4294967295 maxidx=0
0:10-6:NC: BSUM t=170 L=1728 mism=0 big=0 minidx=4294967295 maxidx=0
0:10-9:NC: BSUM t=893 L=305 mism=0 big=0 minidx=4294967295 maxidx=0
0:5-6:NC: BSUM t=959 L=255 mism=0 big=0 minidx=4294967295 maxidx=0
0:7-0:NC: BSUM t=969 L=315 mism=0 big=0 minidx=4294967295 maxidx=0
0:9-4:NC: BSUM t=1008 L=115 mism=0 big=0 minidx=4294967295 maxidx=0
0:10-4:NC: BSUM t=772 L=224 mism=0 big=0 minidx=4294967295 maxidx=0
0:10-7:NC: BSUM t=939 L=360 mism=0 big=0 minidx=4294967295 maxidx=0
0:4-6:NC: BSUM t=933 L=244 mism=0 big=0 minidx=4294967295 maxidx=0
0:6-0:NC: BSUM t=979 L=202 mism=0 big=0 minidx=4294967295 maxidx=0
0:6-6:NC: BSUM t=132 L=1050 mism=0 big=0 minidx=4294967295 maxidx=0
0:6-7:NC: BSUM t=968 L=247 mism=0 big=0 minidx=4294967295 maxidx=0
0:7-2:NC: BSUM t=78 L=1134 mism=0 big=0 minidx=4294967295 maxidx=0
0:7-8:NC: BSUM t=916 L=195 mism=0 big=0 minidx=4294967295 maxidx=0
0:8-0:NC: BSUM t=911 L=235 mism=0 big=0 minidx=4294967295 maxidx=0
0:8-7:NC: BSUM t=788 L=1043 mism=0 big=0 minidx=4294967295 maxidx=0
0:9-1:NC: BSUM t=65 L=1743 mism=0 big=0 minidx=4294967295 maxidx=0
0:10-3:NC: BSUM t=516 L=1774 mism=0 big=0 minidx=4294967295 maxidx=0
0:10-8:NC: BSUM t=865 L=356 mism=0 big=0 minidx=4294967295 maxidx=0
0:6-8:NC: BSUM t=991 L=207 mism=0 big=0 minidx=4294967295 maxidx=0
0:7-6:NC: BSUM t=941 L=245 mism=0 big=0 minidx=4294967295 maxidx=0
0:8-4:NC: BSUM t=889 L=271 mism=0 big=0 minidx=4294967295 maxidx=0
0:8-9:NC: BSUM t=930 L=157 mism=0 big=0 minidx=4294967295 maxidx=0
0:10-0:NC: BSUM t=776 L=645 mism=0 big=0 minidx=4294967295 maxidx=0
0:5-1:NC: BSUM t=896 L=249 mism=0 big=0 minidx=4294967295 maxidx=0
0:6-9:NC: BSUM t=972 L=267 mism=0 big=0 minidx=4294967295 maxidx=0
0:8-1:NC: BSUM t=958 L=299 mism=0 big=0 minidx=4294967295 maxidx=0
0:8-8:NC: BSUM t=956 L=331 mism=0 big=0 minidx=4294967295 maxidx=0
0:9-7:NC: BSUM t=390 L=519 mism=0 big=0 minidx=4294967295 maxidx=0
0:10-4:NC: BSUM t=1014 L=114 mism=0 big=0 minidx=4294967295 maxidx=0
0:6-2:NC: BSUM t=876 L=380 mism=0 big=0 minidx=4294967295 maxidx=0
0:6-7:NC: BSUM t=1012 L=104 mism=0 big=0 minidx=4294967295 maxidx=0
0:7-8:NC: BSUM t=1011 L=98 mism=0 big=0 minidx=4294967295 maxidx=0
0:8-0:NC: BSUM t=1016 L=98 mism=0 big=0 minidx=4294967295 maxidx=0
0:8-3:NC: BSUM t=858 L=264 mism=0 big=0 minidx=4294967295 maxidx=0
0:9-0:NC: BSUM t=79 L=425 mism=0 big=0 minidx=4294967295 maxidx=0
0:9-2:NC: BSUM t=869 L=361 mism=0 big=0 minidx=4294967295 maxidx=0
0:9-9:NC: BSUM t=777 L=758 mism=0 big=0 minidx=4294967295 maxidx=0
0:10-2:NC: BSUM t=898 L=272 mism=0 big=0 minidx=4294967295 maxidx=0
0:10-9:NC: BSUM t=873 L=234 mism=0 big=0 minidx=4294967295 maxidx=0
0:4-6:NC: BSUM t=918 L=136 mism=0 big=0 minidx=4294967295 maxidx=0
0:5-6:NC: BSUM t=890 L=288 mism=0 big=0 minidx=4294967295 maxidx=0
0:7-4:NC: BSUM t=1000 L=281 mism=0 big=0 minidx=4294967295 maxidx=0
0:7-6:NC: BSUM t=1021 L=96 mism=0 big=0 minidx=4294967295 maxidx=0
0:7-9:NC: BSUM t=902 L=306 mism=0 big=0 minidx=4294967295 maxidx=0
0:9-8:NC: BSUM t=196 L=932 mism=0 big=0 minidx=4294967295 maxidx=0
0:10-7:NC: BSUM t=878 L=273 mism=0 big=0 minidx=4294967295 maxidx=0
0:5-1:NC: BSUM t=917 L=138 mism=0 big=0 minidx=4294967295 maxidx=0
0:6-6:NC: BSUM t=895 L=280 mism=0 big=0 minidx=4294967295 maxidx=0
0:6-8:NC: BSUM t=949 L=163 mism=0 big=0 minidx=4294967295 maxidx=0
0:9-5:NC: BSUM t=229 L=876 mism=0 big=0 minidx=4294967295 maxidx=0
0:6-9:NC: BSUM t=887 L=181 mism=0 big=0 minidx=4294967295 maxidx=0
0:7-2:NC: BSUM t=926 L=271 mism=0 big=0 minidx=4294967295 maxidx=0
0:8-7:NC: BSUM t=923 L=299 mism=0 big=0 minidx=4294967295 maxidx=0
0:10-8:NC: BSUM t=225 L=374 mism=0 big=0 minidx=4294967295 maxidx=0
0:7-1:NC: BSUM t=825 L=814 mism=0 big=0 minidx=4294967295 maxidx=0
0:7-9:NC: BSUM t=1017 L=93 mism=0 big=0 minidx=4294967295 maxidx=0
0:9-3:NC: BSUM t=785 L=1099 mism=0 big=0 minidx=4294967295 maxidx=0
0:9-7:NC: BSUM t=934 L=222 mism=0 big=0 minidx=4294967295 maxidx=0
0:10-0:NC: BSUM t=810 L=311 mism=0 big=0 minidx=4294967295 maxidx=0
0:10-2:NC: BSUM t=961 L=127 mism=0 big=0 minidx=4294967295 maxidx=0
0:6-2:NC: BSUM t=736 L=248 mism=0 big=0 minidx=4294967295 maxidx=0
0:8-1:NC: BSUM t=901 L=300 mism=0 big=0 minidx=4294967295 maxidx=0
0:8-2:NC: BSUM t=176 L=1243 mism=0 big=0 minidx=4294967295 maxidx=0
0:9-2:NC: BSUM t=290 L=254 mism=0 big=0 minidx=4294967295 maxidx=0
0:10-9:NC: BSUM t=943 L=206 mism=0 big=0 minidx=4294967295 maxidx=0
0:9-6:NC: BSUM t=781 L=1259 mism=0 big=0 minidx=4294967295 maxidx=0
0:10-1:NC: BSUM t=162 L=1213 mism=0 big=0 minidx=4294967295 maxidx=0
0:10-3:NC: BSUM t=512 L=640 mism=0 big=0 minidx=4294967295 maxidx=0
0:6-5:NC: BSUM t=327 L=1024 mism=0 big=0 minidx=4294967295 maxidx=0
0:10-5:NC: BSUM t=139 L=1037 mism=0 big=0 minidx=4294967295 maxidx=0
0:10-7:NC: BSUM t=964 L=201 mism=0 big=0 minidx=4294967295 maxidx=0
0:6-6:NC: BSUM t=997 L=236 mism=0 big=0 minidx=4294967295 maxidx=0
0:7-4:NC: BSUM t=945 L=276 mism=0 big=0 minidx=4294967295 maxidx=0
0:8-7:NC: BSUM t=819 L=260 mism=0 big=0 minidx=4294967295 maxidx=0
0:9-5:NC: BSUM t=935 L=276 mism=0 big=0 minidx=4294967295 maxidx=0
0:9-8:NC: BSUM t=891 L=378 mism=0 big=0 minidx=4294967295 maxidx=0
0:7-2:NC: BSUM t=857 L=285 mism=0 big=0 minidx=4294967295 maxidx=0
0:8-8:NC: BSUM t=143 L=468 mism=0 big=0 minidx=4294967295 maxidx=0
0:9-7:NC: BSUM t=114 L=197 mism=0 big=0 minidx=4294967295 maxidx=0
0:9-9:NC: BSUM t=835 L=418 mism=0 big=0 minidx=4294967295 maxidx=0
0:10-6:NC: BSUM t=261 L=1046 mism=0 big=0 minidx=4294967295 maxidx=0
0:10-0:NC: BSUM t=932 L=236 mism=0 big=0 minidx=4294967295 maxidx=0
0:6-6:NC: BSUM t=1015 L=116 mism=0 big=0 minidx=4294967295 maxidx=0
0:8-2:NC: BSUM t=957 L=295 mism=0 big=0 minidx=4294967295 maxidx=0
0:9-1:NC: BSUM t=787 L=1053 mism=0 big=0 minidx=4294967295 maxidx=0
0:7-1:NC: BSUM t=861 L=473 mism=0 big=0 minidx=4294967295 maxidx=0
0:9-3:NC: BSUM t=899 L=334 mism=0 big=0 minidx=4294967295 maxidx=0
0:9-6:NC: BSUM t=837 L=297 mism=0 big=0 minidx=4294967295 maxidx=0
0:10-0:NC: BSUM t=1018 L=106 mism=0 big=0 minidx=4294967295 maxidx=0
0:10-1:NC: BSUM t=859 L=316 mism=0 big=0 minidx=4294967295 maxidx=0
0:10-3:NC: BSUM t=894 L=320 mism=0 big=0 minidx=4294967295 maxidx=0
0:9-5:NC: BSUM t=953 L=226 mism=0 big=0 minidx=4294967295 maxidx=0
0:6-5:NC: BSUM t=1001 L=283 mism=0 big=0 minidx=4294967295 maxidx=0
0:7-4:NC: BSUM t=112 L=260 mism=0 big=0 minidx=4294967295 maxidx=0
0:9-9:NC: BSUM t=946 L=240 mism=0 big=0 minidx=4294967295 maxidx=0
0:10-5:NC: BSUM t=817 L=472 mism=0 big=0 minidx=4294967295 maxidx=0
0:9-8:NC: BSUM t=910 L=314 mism=0 big=0 minidx=4294967295 maxidx=0
0:7-1:NC: BSUM t=324 L=225 mism=0 big=0 minidx=4294967295 maxidx=0
0:9-1:NC: BSUM t=875 L=272 mism=0 big=0 minidx=4294967295 maxidx=0
0:10-3:NC: BSUM t=814 L=207 mism=0 big=0 minidx=4294967295 maxidx=0
0:9-5:NC: BSUM t=981 L=128 mism=0 big=0 minidx=4294967295 maxidx=0
0:9-6:NC: BSUM t=947 L=243 mism=0 big=0 minidx=4294967295 maxidx=0
0:10-6:NC: BSUM t=999 L=332 mism=0 big=0 minidx=4294967295 maxidx=0
0:9-3:NC: BSUM t=966 L=234 mism=0 big=0 minidx=4294967295 maxidx=0
0:9-8:NC: BSUM t=984 L=125 mism=0 big=0 minidx=4294967295 maxidx=0
0:9-9:NC: BSUM t=962 L=136 mism=0 big=0 minidx=4294967295 maxidx=0
0:8-2:NC: BSUM t=900 L=321 mism=0 big=0 minidx=4294967295 maxidx=0
0:10-1:NC: BSUM t=864 L=277 mism=0 big=0 minidx=4294967295 maxidx=0
0:10-3:NC: BSUM t=1023 L=112 mism=0 big=0 minidx=4294967295 maxidx=0
0:10-5:NC: BSUM t=845 L=215 mism=0 big=0 minidx=4294967295 maxidx=0
0:6-5:NC: BSUM t=257 L=339 mism=0 big=0 minidx=4294967295 maxidx=0
0:9-1:NC: BSUM t=770 L=312 mism=0 big=0 minidx=4294967295 maxidx=0
0:9-3:NC: BSUM t=960 L=152 mism=0 big=0 minidx=4294967295 maxidx=0
0:9-6:NC: BSUM t=928 L=155 mism=0 big=0 minidx=4294967295 maxidx=0
0:10-1:NC: BSUM t=1009 L=120 mism=0 big=0 minidx=4294967295 maxidx=0
0:10-5:NC: BSUM t=929 L=138 mism=0 big=0 minidx=4294967295 maxidx=0
0:10-6:NC: BSUM t=922 L=253 mism=0 big=0 minidx=4294967295 maxidx=0
[BLEND_SPLIT] upload=0.5 (attrs=0.0MB ids=0.0MB resident) exec=337.4 readback=1.8 total=339.7 ms
[BLEND_ADDR] cull_masks=0xa08ee00 out=0xa269ec0(sz=0x600000) tile_ids=0x54d3ec0 xramp=0xa267ec0 yramp=0xa268ec0 payload=0x0(sz=0x0)
0:10-6:NC: BSUM t=769 L=175 mism=0 big=0 minidx=4294967295 maxidx=0
[BLEND_DEVICE] resident_blend=423.1 ms (host_build=0)
[BUCKET_CULL] P_kept=3369033 tiles=1024 floor=6.10352e-05 cull_disabled=0 exec=73.54ms
[SORT] stage=RP P=3369033 P_kept=3369033 num_tiles=1024 max_tile_n=26544 bin=16.98 up=0.44 kernel=7.46 d2h=7.13 compact=0.00 publish=1.30 total=109.13ms
[BUCKET_CULL] P_kept=3369033 tiles=1024 floor=6.10352e-05 cull_disabled=0 exec=73.94ms
[SORT] stage=RP P=3369033 P_kept=3369033 num_tiles=1024 max_tile_n=26544 bin=17.01 up=0.44 kernel=7.45 d2h=7.12 compact=0.00 publish=1.29 total=109.47ms
SUMMARY backend=tt blend_mode=2 views=1 hero_vs_gt=46.78dB hero_vs_ref=63.85dB min_vs_ref=63.85dB min_vs_gt=46.78dB ms/view=617.8 (proj=58.6 ta=35.5 sort=100.2 blend=423.3) shot=opt/metal-screenshots/loop-ttw/hero.png
=== BSUM lines ===
0:5-3:NC: BSUM t=346 L=5834 mism=0 big=0 minidx=4294967295 maxidx=0
0:3-0:NC: BSUM t=345 L=5585 mism=0 big=0 minidx=4294967295 maxidx=0
0:6-4:NC: BSUM t=651 L=6176 mism=0 big=0 minidx=4294967295 maxidx=0
0:7-0:NC: BSUM t=314 L=6308 mism=0 big=0 minidx=4294967295 maxidx=0
0:8-5:NC: BSUM t=602 L=7020 mism=0 big=0 minidx=4294967295 maxidx=0
0:0-4:NC: BSUM t=86 L=4279 mism=0 big=0 minidx=4294967295 maxidx=0
0:0-5:NC: BSUM t=85 L=4441 mism=0 big=0 minidx=4294967295 maxidx=0
0:4-0:NC: BSUM t=645 L=5671 mism=0 big=0 minidx=4294967295 maxidx=0
0:4-2:NC: BSUM t=379 L=5639 mism=0 big=0 minidx=4294967295 maxidx=0
0:7-3:NC: BSUM t=377 L=6382 mism=0 big=0 minidx=4294967295 maxidx=0
0:7-7:NC: BSUM t=646 L=6501 mism=0 big=0 minidx=4294967295 maxidx=0
0:4-1:NC: BSUM t=657 L=5687 mism=0 big=0 minidx=4294967295 maxidx=0
0:5-5:NC: BSUM t=335 L=5918 mism=0 big=0 minidx=4294967295 maxidx=0
0:4-3:NC: BSUM t=334 L=5740 mism=0 big=0 minidx=4294967295 maxidx=0
0:6-1:NC: BSUM t=474 L=6053 mism=0 big=0 minidx=4294967295 maxidx=0
0:7-8:NC: BSUM t=603 L=6613 mism=0 big=0 minidx=4294967295 maxidx=0
0:4-8:NC: BSUM t=366 L=5830 mism=0 big=0 minidx=4294967295 maxidx=0
0:6-9:NC: BSUM t=367 L=6337 mism=0 big=0 minidx=4294967295 maxidx=0
0:0-7:NC: BSUM t=694 L=4397 mism=0 big=0 minidx=4294967295 maxidx=0
0:3-5:NC: BSUM t=573 L=5567 mism=0 big=0 minidx=4294967295 maxidx=0
0:3-6:NC: BSUM t=333 L=5571 mism=0 big=0 minidx=4294967295 maxidx=0
0:6-3:NC: BSUM t=442 L=6081 mism=0 big=0 minidx=4294967295 maxidx=0
0:8-9:NC: BSUM t=650 L=7057 mism=0 big=0 minidx=4294967295 maxidx=0
0:0-2:NC: BSUM t=574 L=3778 mism=0 big=0 minidx=4294967295 maxidx=0
0:1-7:NC: BSUM t=652 L=5285 mism=0 big=0 minidx=4294967295 maxidx=0
0:5-7:NC: BSUM t=568 L=5947 mism=0 big=0 minidx=4294967295 maxidx=0
0:6-0:NC: BSUM t=369 L=6113 mism=0 big=0 minidx=4294967295 maxidx=0
0:9-2:NC: BSUM t=300 L=7104 mism=0 big=0 minidx=4294967295 maxidx=0
0:4-5:NC: BSUM t=702 L=5859 mism=0 big=0 minidx=4294967295 maxidx=0
0:8-0:NC: BSUM t=394 L=6698 mism=0 big=0 minidx=4294967295 maxidx=0
0:0-6:NC: BSUM t=721 L=4508 mism=0 big=0 minidx=4294967295 maxidx=0
0:1-5:NC: BSUM t=550 L=5093 mism=0 big=0 minidx=4294967295 maxidx=0
0:2-2:NC: BSUM t=368 L=5435 mism=0 big=0 minidx=4294967295 maxidx=0
0:5-2:NC: BSUM t=703 L=5861 mism=0 big=0 minidx=4294967295 maxidx=0
0:5-4:NC: BSUM t=440 L=5916 mism=0 big=0 minidx=4294967295 maxidx=0
0:5-8:NC: BSUM t=660 L=6084 mism=0 big=0 minidx=4294967295 maxidx=0
0:9-0:NC: BSUM t=378 L=7187 mism=0 big=0 minidx=4294967295 maxidx=0
0:10-2:NC: BSUM t=557 L=7616 mism=0 big=0 minidx=4294967295 maxidx=0
0:1-3:NC: BSUM t=571 L=5208 mism=0 big=0 minidx=4294967295 maxidx=0
0:1-6:NC: BSUM t=252 L=5239 mism=0 big=0 minidx=4294967295 maxidx=0
=== SUMMARY ===
SUMMARY backend=tt blend_mode=2 views=1 hero_vs_gt=46.78dB hero_vs_ref=63.85dB min_vs_ref=63.85dB min_vs_gt=46.78dB ms/view=617.8 (proj=58.6 ta=35.5 sort=100.2 blend=423.3) shot=opt/metal-screenshots/loop-ttw/hero.png
