================ BUILD ID ================
  cpp : #91 sha=ed9ba50 bin=151d79e9ef8fcec4 iter29 probe+CB fence
  data: # sha= 
=========================================
host=yyzo-bh-03  tag=fix-handshake  timeout=700s  worry=600s  ts=2026-06-01T18:44:50-0700
cmd: export TT_METAL_HOME=/localdev/smarton/tt-metal TT_METAL_RUNTIME_ROOT=/localdev/smarton/tt-metal TT_METAL_CACHE=/localdev/smarton/.cache/tt-metal-cache TT_METAL_ARCH_NAME=blackhole MESH_DEVICE=P100 TT_METAL_DPRINT_CORES=all GSPLAT_TT_BLEND_MODE=2 GSPLAT_TT_MB_KERNEL=1 GSPLAT_TT_MB_DEVCULL=1 GSPLAT_TT_DEVICE_PROJECT=1 GSPLAT_TT_RESIDENT_PROJECT=1 GSPLAT_TT_RESIDENT_GATHER=1 GSPLAT_TT_DEVICE_TILE_ASSIGN=1 GSPLAT_TT_RESIDENT_TA_IN=1 GSPLAT_TT_DEVICE_SORT=1 GSPLAT_TT_RESIDENT_PAIRS=1 GSPLAT_TT_RESIDENT_BLEND=1 GSPLAT_TT_SORT_DEVICE_PUBLISH=1 GSPLAT_TT_TA_DEVICE_SCAN=1 GSPLAT_TT_SFPU_CULL=1 GSPLAT_TT_FUSED_TILE=0 GSPLAT_TT_TILE_BUCKET=1 GSPLAT_TT_BUCKET_MASK=1 GSPLAT_TT_BUCKET_AB_PROBE=1 GSPLAT_TT_BUCKET_CB_FENCE=1 GSPLAT_TT_MB_TIMING=1; source .venv/bin/activate 2>/dev/null; .venv/bin/python3 scripts/a003_verify.py --views 1 --iter-dir loop-ttw --out opt/ttw/fix.json 2>&1 | tee /tmp/ttw_fix.log; echo "=====RESULT====="; grep -oE "hero_vs_ref=[0-9.]+" /tmp/ttw_fix.log | tail -1; echo "=====SUMMARY====="; grep "^SUMMARY" /tmp/ttw_fix.log | tail -1; echo "=====ABCK====="; grep -E "ABCK" /tmp/ttw_fix.log | head -20; echo "=====ABVAL====="; grep -E "ABVAL" /tmp/ttw_fix.log | head -12
-----------------------------------------
BUILD-ID VERIFY OK: cpp#91 bin=151d79e9ef8fcec4 matches the built+stamped artifact
2026-06-02 01:44:53.073 | info     |             UMD | Creating TopologyDiscovery for architecture: blackhole (topology_discovery.cpp:75)
2026-06-02 01:44:53.073 | info     |             UMD | Starting topology discovery. (topology_discovery.cpp:92)
2026-06-02 01:44:53.073 | warning  |             UMD | Low power mode is disabled while UMD holds open file descriptors. The device will return to low power mode once all file descriptors are closed. (topology_discovery.cpp:143)
2026-06-02 01:44:53.073 | warning  |             UMD | KMD version 2.4.1 does not support power state management. (pci_device.cpp:1067)
2026-06-02 01:44:53.073 | info     |             UMD | Established firmware bundle version: 18.12.1 (topology_discovery.cpp:544)
2026-06-02 01:44:53.073 | info     |             UMD | Completed topology discovery. (topology_discovery.cpp:96)
2026-06-02 01:44:53.073 | info     |          Device | Opening user mode device driver (tt_cluster.cpp:225)
2026-06-02 01:44:53.073 | info     |             UMD | Cluster constructor started. (cluster.cpp:317)
2026-06-02 01:44:53.074 | info     |             UMD | Creating TopologyDiscovery for architecture: blackhole (topology_discovery.cpp:75)
2026-06-02 01:44:53.074 | info     |             UMD | Starting topology discovery. (topology_discovery.cpp:92)
2026-06-02 01:44:53.074 | warning  |             UMD | Low power mode is disabled while UMD holds open file descriptors. The device will return to low power mode once all file descriptors are closed. (topology_discovery.cpp:143)
2026-06-02 01:44:53.074 | warning  |             UMD | KMD version 2.4.1 does not support power state management. (pci_device.cpp:1067)
2026-06-02 01:44:53.074 | info     |             UMD | Established firmware bundle version: 18.12.1 (topology_discovery.cpp:544)
2026-06-02 01:44:53.074 | info     |             UMD | Completed topology discovery. (topology_discovery.cpp:96)
2026-06-02 01:44:53.074 | info     |             UMD | Harvesting masks for Chip 0: Tensix: 0xc0 DRAM: 0x8 ETH: 0x3fff PCIe: 0x2 L2CPU: 0x0 (cluster.cpp:270)
2026-06-02 01:44:53.074 | info     |             UMD | Initializing iommu for sysmem (size: 0x40000000). (silicon_sysmem_manager.cpp:334)
2026-06-02 01:44:53.074 | info     |             UMD | Allocating sysmem for IOMMU (size: 0x40000000). (silicon_sysmem_manager.cpp:340)
2026-06-02 01:44:53.114 | warning  |             UMD | KMD version 2.4.1 does not support power state management. (pci_device.cpp:1067)
2026-06-02 01:44:53.114 | info     |             UMD | Opening local chip ids/PCIe ids: {0}/[0] and remote chip ids {} (cluster.cpp:159)
2026-06-02 01:44:53.114 | info     |             UMD | IOMMU: enabled (cluster.cpp:133)
2026-06-02 01:44:53.114 | info     |             UMD | KMD version: 2.4.1 (cluster.cpp:136)
2026-06-02 01:44:53.114 | info     |             UMD | Cluster constructor completed. (cluster.cpp:409)
2026-06-02 01:44:53.116 | info     |             UMD | Starting devices in cluster (cluster.cpp:1044)
2026-06-02 01:44:53.117 | info     |             UMD | Mapped sysmem without hugepages to IOVA 0x80000000; NOC address 0x1000000000000000 (silicon_sysmem_manager.cpp:391)
2026-06-02 01:44:53.117 | info     |             UMD | Starting devices in cluster completed. (cluster.cpp:1052)
2026-06-02 01:44:53.614 | info     |     Distributed | Using auto discovery to generate mesh graph. (metal_env.cpp:332)
2026-06-02 01:44:53.614 | info     |     Distributed | Constructing control plane using auto-discovery (no mesh graph descriptor). (metal_env.cpp:394)
2026-06-02 01:44:53.614 | info     |             UMD | Creating TopologyDiscovery for architecture: blackhole (topology_discovery.cpp:75)
2026-06-02 01:44:53.614 | info     |             UMD | Starting topology discovery. (topology_discovery.cpp:92)
2026-06-02 01:44:53.614 | warning  |             UMD | Low power mode is disabled while UMD holds open file descriptors. The device will return to low power mode once all file descriptors are closed. (topology_discovery.cpp:143)
2026-06-02 01:44:53.614 | warning  |             UMD | KMD version 2.4.1 does not support power state management. (pci_device.cpp:1067)
2026-06-02 01:44:53.614 | info     |             UMD | Established firmware bundle version: 18.12.1 (topology_discovery.cpp:544)
2026-06-02 01:44:53.614 | info     |             UMD | Completed topology discovery. (topology_discovery.cpp:96)
2026-06-02 01:44:53.614 | warning  |          Always | Unknown motherboard 'X670E GAMING PLUS WIFI (MS-7E16)' for chip_id=0 (bus_id=0x1) — defaulting tray_id to 0. Add this motherboard and its bus IDs to mobo_to_bus_ids in physical_system_discovery.cpp. (physical_system_discovery.cpp:62)
2026-06-02 01:44:53.614 | info     |          Fabric | TopologyMapper: Logical Multi-Mesh Adjacency Map: (topology_mapper.cpp:1474)
2026-06-02 01:44:53.615 | info     |          Fabric | 
=== Logical Mesh-Level Graph Adjacency Map ===
Total nodes: 1
Degree histogram: {0:1}
 (topology_solver.tpp:94)
2026-06-02 01:44:53.615 | info     |          Fabric | 
=== Logical Mesh 0 Internal Graph Adjacency Map ===
Total nodes: 1
Degree histogram: {0:1}
 (topology_solver.tpp:94)
2026-06-02 01:44:53.615 | info     |          Fabric | TopologyMapper: Physical Multi-Mesh Adjacency Map: (topology_mapper.cpp:1485)
2026-06-02 01:44:53.615 | info     |          Fabric | 
=== Physical Mesh-Level Graph Adjacency Map ===
Total nodes: 1
Degree histogram: {0:1}
 (topology_solver.tpp:94)
2026-06-02 01:44:53.615 | info     |          Fabric | 
=== Physical Mesh 0 Internal Graph Adjacency Map ===
Total nodes: 1
Degree histogram: {0:1}
 (topology_solver.tpp:94)
2026-06-02 01:44:53.615 | info     |          Fabric | Starting multi-mesh mapping: 1 logical mesh(es) to 1 physical mesh(es) (topology_mapper_utils.cpp:1469)
2026-06-02 01:44:53.615 | info     |          Fabric | Multi-mesh mapping attempt 1/2: Trying inter-mesh mapping (topology_mapper_utils.cpp:1510)
2026-06-02 01:44:53.615 | info     |          Fabric | Attempt 1: Inter-mesh mapping succeeded, found 1 mesh pair(s) (topology_mapper_utils.cpp:1539)
2026-06-02 01:44:53.615 | info     |          Fabric | Attempt 1: Mapping 1 mesh pair(s) (topology_mapper_utils.cpp:1547)
2026-06-02 01:44:53.615 | info     |          Fabric | Attempt 1: Mapping mesh 0 -> 0 (topology_mapper_utils.cpp:1554)
2026-06-02 01:44:53.615 | info     |          Fabric | Multi-mesh mapping succeeded after 1 attempt(s): 1 mesh pair(s) mapped (topology_mapper_utils.cpp:1686)
2026-06-02 01:44:53.625 | warning  |           Metal | DPRINT is deprecated and will be removed in a future release. Please migrate to DEVICE_PRINT by:
  1. Replace #include "api/debug/dprint.h" with #include "api/debug/device_print.h" in your kernels
  2. Replace DPRINT << ... << ENDL() with DEVICE_PRINT("...\n", args)
  3. Set TT_METAL_DEVICE_PRINT=1 to enable the new DEVICE_PRINT system
For more information, see the DEVICE_PRINT documentation. (metal_context.cpp:249)
2026-06-02 01:44:53.702 | info     |           Metal | DPRINT enabled on device 0, all worker cores. (dprint_server.cpp:855)
2026-06-02 01:44:53.703 | info     |           Metal | DPRINT Server attached device 0 (dprint_server.cpp:950)
2026-06-02 01:44:53.854 | info     |           Metal | ShmResourceTracker: removed stale shm '/tt_d2h_49016_1394029944_0' (shm_resource_tracker.cpp:265)
2026-06-02 01:44:53.854 | info     |           Metal | ShmResourceTracker: removed stale manifest '/dev/shm/tt_socket_manifest_49016' (shm_resource_tracker.cpp:275)
2026-06-02 01:44:53.854 | info     |           Metal | ShmResourceTracker: removed orphaned shm '/tt_device_7490744194894819707_memory' (shm_resource_tracker.cpp:282)
0:11-0:BR: prefetcher_11: start
0:11-1:BR: dispatch_11: start
0:11-1:NC: dispatch_s : start
0:11-9:BR: REALTIME BRISC: kernel started
0:11-9:BR: REALTIME: sync_request detected!
0:11-9:BR: REALTIME: entering sync
0:11-9:BR: REALTIME: sync got host_time=259001866
0:11-9:BR: REALTIME: sync pushed count=1
0:11-9:BR: REALTIME: sync got host_time=283485435
0:11-9:BR: REALTIME: sync pushed count=2
0:11-9:BR: REALTIME: sync got host_time=307971730
0:11-9:BR: REALTIME: sync pushed count=3
0:11-9:BR: REALTIME: sync got host_time=332216492
0:11-9:BR: REALTIME: sync pushed count=4
0:11-9:BR: REALTIME: sync got host_time=356698416
0:11-9:BR: REALTIME: sync pushed count=5
0:11-9:BR: REALTIME: sync got host_time=381169013
0:11-9:BR: REALTIME: sync pushed count=6
0:11-9:BR: REALTIME: sync got host_time=405639187
0:11-9:BR: REALTIME: sync pushed count=7
0:11-9:BR: REALTIME: sync got host_time=430110019
0:11-9:BR: REALTIME: sync pushed count=8
0:11-9:BR: REALTIME: sync got host_time=454579535
0:11-9:BR: REALTIME: sync pushed count=9
0:11-9:BR: REALTIME: sync got host_time=479049897
0:11-9:BR: REALTIME: sync pushed count=10
0:11-9:BR: REALTIME: sync got host_time=503520776
0:11-9:BR: REALTIME: sync pushed count=11
0:11-9:BR: REALTIME: sync got host_time=527990433
0:11-9:BR: REALTIME: sync pushed count=12
0:11-9:BR: REALTIME: sync got host_time=552464132
0:11-9:BR: REALTIME: sync pushed count=13
0:11-9:BR: REALTIME: sync got host_time=576935998
0:11-9:BR: REALTIME: sync pushed count=14
0:11-9:BR: REALTIME: sync got host_time=601405185
0:11-9:BR: REALTIME: sync pushed count=15
0:11-9:BR: REALTIME: sync got host_time=625878367
0:11-9:BR: REALTIME: sync pushed count=16
0:11-9:BR: REALTIME: sync got host_time=650347554
0:11-9:BR: REALTIME: sync pushed count=17
0:11-9:BR: REALTIME: sync got host_time=674817634
0:11-9:BR: REALTIME: sync pushed count=18
0:11-9:BR: REALTIME: sync got host_time=699293025
0:11-9:BR: REALTIME: sync pushed count=19
0:11-9:BR: REALTIME: sync got host_time=723772505
0:11-9:BR: REALTIME: sync pushed count=20
0:11-9:BR: REALTIME: sync got host_time=748251421
0:11-9:BR: REALTIME: sync pushed count=21
0:11-9:BR: REALTIME: sync got host_time=772730243
0:11-9:BR: REALTIME: sync pushed count=22
0:11-9:BR: REALTIME: sync got host_time=797210099
0:11-9:BR: REALTIME: sync pushed count=23
0:11-9:BR: REALTIME: sync got host_time=821734229
0:11-9:BR: REALTIME: sync pushed count=24
0:11-9:BR: REALTIME: sync got host_time=846347706
0:11-9:BR: REALTIME: sync pushed count=25
0:11-9:BR: REALTIME: sync got host_time=870947741
0:11-9:BR: REALTIME: sync pushed count=26
0:11-9:BR: REALTIME: sync got host_time=895518918
0:11-9:BR: REALTIME: sync pushed count=27
0:11-9:BR: REALTIME: sync got host_time=920133711
0:11-9:BR: REALTIME: sync pushed count=28
0:11-9:BR: REALTIME: sync got host_time=944748598
0:11-9:BR: REALTIME: sync pushed count=29
0:11-9:BR: REALTIME: sync got host_time=969344967
0:11-9:BR: REALTIME: sync pushed count=30
0:11-9:BR: REALTIME: sync got host_time=993934662
0:11-9:BR: REALTIME: sync pushed count=31
0:11-9:BR: REALTIME: sync got host_time=1018553403
0:11-9:BR: REALTIME: sync pushed count=32
0:11-9:BR: REALTIME: sync got host_time=1043150618
0:11-9:BR: REALTIME: sync pushed count=33
0:11-9:BR: REALTIME: sync got host_time=1067740407
0:11-9:BR: REALTIME: sync pushed count=34
0:11-9:BR: REALTIME: sync got host_time=1092353931
0:11-9:BR: REALTIME: sync pushed count=35
0:11-9:BR: REALTIME: sync got host_time=1116949172
0:11-9:BR: REALTIME: sync pushed count=36
0:11-9:BR: REALTIME: sync got host_time=1141543943
0:11-9:BR: REALTIME: sync pushed count=37
0:11-9:BR: REALTIME: sync got host_time=1166121089
0:11-9:BR: REALTIME: sync pushed count=38
0:11-9:BR: REALTIME: sync got host_time=1190737198
0:11-9:BR: REALTIME: sync pushed count=39
0:11-9:BR: REALTIME: sync got host_time=1215352696
0:11-9:BR: REALTIME: sync pushed count=40
0:11-9:BR: REALTIME: sync got host_time=1239967489
0:11-9:BR: REALTIME: sync pushed count=41
0:11-9:BR: REALTIME: sync got host_time=1264586512
0:11-9:BR: REALTIME: sync pushed count=42
0:11-9:BR: REALTIME: sync got host_time=1289208073
0:11-9:BR: REALTIME: sync pushed count=43
0:11-9:BR: REALTIME: sync got host_time=1313825592
0:11-9:BR: REALTIME: sync pushed count=44
0:11-9:BR: REALTIME: sync got host_time=1338422995
0:11-9:BR: REALTIME: sync pushed count=45
0:11-9:BR: REALTIME: sync got host_time=1362963575
0:11-9:BR: REALTIME: sync pushed count=46
0:11-9:BR: REALTIME: sync got host_time=1387462654
0:11-9:BR: REALTIME: sync pushed count=47
0:11-9:BR: REALTIME: sync got host_time=1411910033
0:11-9:BR: REALTIME: sync pushed count=48
0:11-9:BR: REALTIME: sync got host_time=1436389090
0:11-9:BR: REALTIME: sync pushed count=49
0:11-9:BR: REALTIME: sync got host_time=1460861285
0:11-9:BR: REALTIME: sync pushed count=50
0:11-9:BR: REALTIME: sync got host_time=1485332587
0:11-9:BR: REALTIME: sync pushed count=51
0:11-9:BR: REALTIME: sync got host_time=1509801915
0:11-9:BR: REALTIME: sync pushed count=52
0:11-9:BR: REALTIME: sync got host_time=1534272042
0:11-9:BR: REALTIME: sync pushed count=53
0:11-9:BR: REALTIME: sync got host_time=1558743344
0:11-9:BR: REALTIME: sync pushed count=54
0:11-9:BR: REALTIME: sync got host_time=1583212249
0:11-9:BR: REALTIME: sync pushed count=55
0:11-9:BR: REALTIME: sync got host_time=1607683034
0:11-9:BR: REALTIME: sync pushed count=56
0:11-9:BR: REALTIME: sync got host_time=1632159600
0:11-9:BR: REALTIME: sync pushed count=57
0:11-9:BR: REALTIME: sync got host_time=1656643733
0:11-9:BR: REALTIME: sync pushed count=58
0:11-9:BR: REALTIME: sync got host_time=1681120299
0:11-9:BR: REALTIME: sync pushed count=59
0:11-9:BR: REALTIME: sync got host_time=1705596536
0:11-9:BR: REALTIME: sync pushed count=60
0:11-9:BR: REALTIME: sync got host_time=1730079400
0:11-9:BR: REALTIME: sync pushed count=61
0:11-9:BR: REALTIME: sync got host_time=1754563204
0:11-9:BR: REALTIME: sync pushed count=62
0:11-9:BR: REALTIME: sync got host_time=1779040522
0:11-9:BR: REALTIME: sync pushed count=63
0:11-9:BR: REALTIME: sync got host_time=1803522540
0:11-9:BR: REALTIME: sync pushed count=64
0:11-9:BR: REALTIME: sync got host_time=1828004793
0:11-9:BR: REALTIME: sync pushed count=65
0:11-9:BR: REALTIME: sync got host_time=1852492357
0:11-9:BR: REALTIME: sync pushed count=66
0:11-9:BR: REALTIME: sync got host_time=1877052536
0:11-9:BR: REALTIME: sync pushed count=67
0:11-9:BR: REALTIME: sync got host_time=1901616099
0:11-9:BR: REALTIME: sync pushed count=68
0:11-9:BR: REALTIME: sync got host_time=1926212844
0:11-9:BR: REALTIME: sync pushed count=69
0:11-9:BR: REALTIME: sync got host_time=1950805782
0:11-9:BR: REALTIME: sync pushed count=70
0:11-9:BR: REALTIME: sync got host_time=1975423207
0:11-9:BR: REALTIME: sync pushed count=71
0:11-9:BR: REALTIME: sync got host_time=2000036590
0:11-9:BR: REALTIME: sync pushed count=72
0:11-9:BR: REALTIME: sync got host_time=2024635403
0:11-9:BR: REALTIME: sync pushed count=73
0:11-9:BR: REALTIME: sync got host_time=2049251747
0:11-9:BR: REALTIME: sync pushed count=74
0:11-9:BR: REALTIME: sync got host_time=2073864425
0:11-9:BR: REALTIME: sync pushed count=75
0:11-9:BR: REALTIME: sync got host_time=2098458068
0:11-9:BR: REALTIME: sync pushed count=76
0:11-9:BR: REALTIME: sync got host_time=2123073284
0:11-9:BR: REALTIME: sync pushed count=77
0:11-9:BR: REALTIME: sync got host_time=2147690568
0:11-9:BR: REALTIME: sync pushed count=78
0:11-9:BR: REALTIME: sync got host_time=2172286984
0:11-9:BR: REALTIME: sync pushed count=79
0:11-9:BR: REALTIME: sync got host_time=2196879452
0:11-9:BR: REALTIME: sync pushed count=80
0:11-9:BR: REALTIME: sync got host_time=2221440289
0:11-9:BR: REALTIME: sync pushed count=81
0:11-9:BR: REALTIME: sync got host_time=2245910651
0:11-9:BR: REALTIME: sync pushed count=82
0:11-9:BR: REALTIME: sync got host_time=2270392152
0:11-9:BR: REALTIME: sync pushed count=83
0:11-9:BR: REALTIME: sync got host_time=2294877648
0:11-9:BR: REALTIME: sync pushed count=84
0:11-9:BR: REALTIME: sync got host_time=2319362909
0:11-9:BR: REALTIME: sync pushed count=85
0:11-9:BR: REALTIME: sync got host_time=2343839005
0:11-9:BR: REALTIME: sync pushed count=86
0:11-9:BR: REALTIME: sync got host_time=2368311012
0:11-9:BR: REALTIME: sync pushed count=87
0:11-9:BR: REALTIME: sync got host_time=2392786873
0:11-9:BR: REALTIME: sync pushed count=88
0:11-9:BR: REALTIME: sync got host_time=2417263580
0:11-9:BR: REALTIME: sync pushed count=89
0:11-9:BR: REALTIME: sync got host_time=2441742966
0:11-9:BR: REALTIME: sync pushed count=90
0:11-9:BR: REALTIME: sync got host_time=2466219861
0:11-9:BR: REALTIME: sync pushed count=91
0:11-9:BR: REALTIME: sync got host_time=2490689894
0:11-9:BR: REALTIME: sync pushed count=92
0:11-9:BR: REALTIME: sync got host_time=2515166789
0:11-9:BR: REALTIME: sync pushed count=93
0:11-9:BR: REALTIME: sync got host_time=2539651909
0:11-9:BR: REALTIME: sync pushed count=94
0:11-9:BR: REALTIME: sync got host_time=2564130026
0:11-9:BR: REALTIME: sync pushed count=95
0:11-9:BR: REALTIME: sync got host_time=2588600811
0:11-9:BR: REALTIME: sync pushed count=96
0:11-9:BR: REALTIME: sync got host_time=2613071596
0:11-9:BR: REALTIME: sync pushed count=97
0:11-9:BR: REALTIME: sync got host_time=2637545671
0:11-9:BR: REALTIME: sync pushed count=98
0:11-9:BR: REALTIME: sync got host_time=2662023835
0:11-9:BR: REALTIME: sync pushed count=99
0:11-9:BR: REALTIME: sync got host_time=2686501294
0:11-9:BR: REALTIME: sync pushed count=100
2026-06-02 01:44:54.438 | info     |           Metal | [Real-time profiler] Device 0 sync complete: 100 samples, frequency=1.349980 GHz, device_time_at_sync=15012541539650 cycles (realtime_profiler_manager.cpp:1082)
0:11-9:BR: REALTIME: sync got host_time=2710964230
0:11-9:BR: REALTIME: sync pushed count=101
0:11-9:BR: REALTIME: exiting sync, total=101
0:11-9:BR: REALTIME: sync_request detected!
0:11-9:BR: REALTIME: entering sync
0:11-9:BR: REALTIME: sync got host_time=1549556828
0:11-9:BR: REALTIME: sync pushed count=1
0:11-9:BR: REALTIME: exiting sync, total=1
0:11-9:BR: REALTIME: sync_request detected!
0:11-9:BR: REALTIME: entering sync
0:11-9:BR: REALTIME: sync got host_time=3114396888
0:11-9:BR: REALTIME: sync pushed count=1
0:11-9:BR: REALTIME: exiting sync, total=1
[BUCKET_CULL] P_kept=3369033 tiles=1024 floor=6.10352e-05 cull_disabled=0 exec=90.94ms
[SORT] stage=RP P=3369033 P_kept=3369033 num_tiles=1024 max_tile_n=26544 bin=18.12 up=0.42 kernel=9.40 d2h=0.00 compact=0.00 publish=3.03 total=122.11ms
[CULL_SPLIT] candidates=3369033 masks=12.88MB exec=90.3 ms masks_addr=0xa08ee00 end=0xad70280 base_addr=0x9eb5600
0:0-0:TR1: ABVAL ti=0 g=0 seq=0 chk_ok=0 r0=1185344268 r10=4294967295
0:0-0:TR1: ABVAL ti=0 g=1 seq=0 chk_ok=0 r0=1186158284 r10=0
0:0-1:TR1: ABVAL ti=0 g=0 seq=0 chk_ok=0 r0=1185344268 r10=4294967295
0:0-1:TR1: ABVAL ti=0 g=1 seq=0 chk_ok=0 r0=1186158284 r10=0
0:0-2:TR1: ABVAL ti=0 g=0 seq=0 chk_ok=0 r0=1185344268 r10=4294967295
0:0-2:TR1: ABVAL ti=0 g=1 seq=0 chk_ok=0 r0=1186158284 r10=0
0:0-3:TR1: ABVAL ti=0 g=0 seq=0 chk_ok=0 r0=1185344268 r10=4294967295
0:0-3:TR1: ABVAL ti=0 g=1 seq=0 chk_ok=0 r0=1183906997 r10=288849919
0:0-4:TR1: ABVAL ti=0 g=0 seq=0 chk_ok=0 r0=1185344268 r10=4294967283
0:0-4:TR1: ABVAL ti=0 g=1 seq=0 chk_ok=0 r0=1169335022 r10=0
0:0-5:TR1: ABVAL ti=0 g=0 seq=0 chk_ok=0 r0=1179839936 r10=0
0:0-5:TR1: ABVAL ti=0 g=1 seq=0 chk_ok=0 r0=1170913011 r10=3438215167
0:0-6:TR1: ABVAL ti=0 g=0 seq=0 chk_ok=0 r0=1170913011 r10=4294967295
0:0-6:TR1: ABVAL ti=0 g=1 seq=0 chk_ok=0 r0=1148973443 r10=4294967295
0:0-7:TR1: ABVAL ti=0 g=0 seq=0 chk_ok=0 r0=1178825243 r10=0
0:0-7:TR1: ABVAL ti=0 g=1 seq=0 chk_ok=0 r0=1179839936 r10=0
0:0-8:TR1: ABVAL ti=0 g=0 seq=0 chk_ok=0 r0=1178825243 r10=4294967295
0:0-8:TR1: ABVAL ti=0 g=1 seq=0 chk_ok=0 r0=1183906997 r10=4294967295
0:0-9:TR1: ABVAL ti=0 g=0 seq=0 chk_ok=0 r0=1178825243 r10=4294967295
0:0-9:TR1: ABVAL ti=0 g=1 seq=0 chk_ok=0 r0=1186158284 r10=0
0:1-0:TR1: ABVAL ti=0 g=0 seq=0 chk_ok=0 r0=1170913011 r10=4294967295
0:1-0:TR1: ABVAL ti=0 g=1 seq=0 chk_ok=0 r0=1148973443 r10=4294967295
0:1-1:TR1: ABVAL ti=0 g=0 seq=0 chk_ok=0 r0=1185344268 r10=4281401344
0:1-1:TR1: ABVAL ti=0 g=1 seq=0 chk_ok=0 r0=1156994112 r10=0
0:1-2:TR1: ABVAL ti=0 g=0 seq=0 chk_ok=0 r0=1178825243 r10=1048575
0:1-2:TR1: ABVAL ti=0 g=1 seq=0 chk_ok=0 r0=1186158284 r10=0
0:1-3:TR1: ABVAL ti=0 g=0 seq=0 chk_ok=0 r0=1170913011 r10=4294967295
0:1-3:TR1: ABVAL ti=0 g=1 seq=0 chk_ok=0 r0=1148973443 r10=4294967295
0:1-4:TR1: ABVAL ti=0 g=0 seq=0 chk_ok=0 r0=1156994112 r10=4294967295
0:1-4:TR1: ABVAL ti=0 g=1 seq=0 chk_ok=0 r0=1169335022 r10=0
0:1-5:TR1: ABVAL ti=0 g=0 seq=0 chk_ok=0 r0=1185344268 r10=268435456
0:1-5:TR1: ABVAL ti=0 g=1 seq=0 chk_ok=0 r0=1156994112 r10=3438211071
0:1-6:TR1: ABVAL ti=0 g=0 seq=0 chk_ok=0 r0=1179839936 r10=0
0:1-6:TR1: ABVAL ti=0 g=1 seq=0 chk_ok=0 r0=1170913011 r10=4294967295
0:1-7:TR1: ABVAL ti=0 g=0 seq=0 chk_ok=0 r0=1178825243 r10=65535
0:1-7:TR1: ABVAL ti=0 g=1 seq=0 chk_ok=0 r0=1183906997 r10=4294967295
0:1-8:TR1: ABVAL ti=0 g=0 seq=0 chk_ok=0 r0=1179839936 r10=0
0:1-8:TR1: ABVAL ti=0 g=1 seq=0 chk_ok=0 r0=1170913011 r10=4294967295
0:1-9:TR1: ABVAL ti=0 g=0 seq=0 chk_ok=0 r0=1179839936 r10=0
0:1-9:TR1: ABVAL ti=0 g=1 seq=0 chk_ok=0 r0=1170913011 r10=4294967295
0:2-0:TR1: ABVAL ti=0 g=0 seq=0 chk_ok=0 r0=1156994112 r10=4294967295
0:2-0:TR1: ABVAL ti=0 g=1 seq=0 chk_ok=0 r0=1169335022 r10=2287
0:2-1:TR1: ABVAL ti=0 g=0 seq=0 chk_ok=0 r0=1156994112 r10=4294967295
0:2-1:TR1: ABVAL ti=0 g=1 seq=0 chk_ok=0 r0=1104069185 r10=2147483648
0:2-2:TR1: ABVAL ti=0 g=0 seq=0 chk_ok=0 r0=1179839936 r10=0
0:2-2:TR1: ABVAL ti=0 g=1 seq=0 chk_ok=0 r0=1170913011 r10=4294967295
0:2-3:TR1: ABVAL ti=0 g=0 seq=0 chk_ok=0 r0=1185344268 r10=4294967088
0:2-3:TR1: ABVAL ti=0 g=1 seq=0 chk_ok=0 r0=1169335022 r10=0
0:2-4:TR1: ABVAL ti=0 g=0 seq=0 chk_ok=0 r0=1185344268 r10=4294930432
0:2-4:TR1: ABVAL ti=0 g=1 seq=0 chk_ok=0 r0=1156994112 r10=0
0:2-5:TR1: ABVAL ti=0 g=0 seq=0 chk_ok=0 r0=1178825243 r10=4294967295
0:2-5:TR1: ABVAL ti=0 g=1 seq=0 chk_ok=0 r0=1183906997 r10=4294967295
0:2-6:TR1: ABVAL ti=0 g=0 seq=0 chk_ok=0 r0=1170913011 r10=0
0:2-6:TR1: ABVAL ti=0 g=1 seq=0 chk_ok=0 r0=1157998767 r10=9236223
0:2-7:TR1: ABVAL ti=0 g=0 seq=0 chk_ok=0 r0=1170913011 r10=0
0:2-7:TR1: ABVAL ti=0 g=1 seq=0 chk_ok=0 r0=1157998767 r10=0
0:2-8:TR1: ABVAL ti=0 g=0 seq=0 chk_ok=0 r0=1156994112 r10=4294967295
0:2-8:TR1: ABVAL ti=0 g=1 seq=0 chk_ok=0 r0=1169335022 r10=585727
0:2-9:TR1: ABVAL ti=0 g=0 seq=0 chk_ok=0 r0=1178825243 r10=4294967295
0:2-9:TR1: ABVAL ti=0 g=1 seq=0 chk_ok=0 r0=1169335022 r10=143445743
0:3-0:TR1: ABVAL ti=0 g=0 seq=0 chk_ok=0 r0=1178825243 r10=16777215
0:3-0:TR1: ABVAL ti=0 g=1 seq=0 chk_ok=0 r0=1186158284 r10=0
0:3-1:TR1: ABVAL ti=0 g=0 seq=0 chk_ok=0 r0=1170913011 r10=4294967295
0:3-1:TR1: ABVAL ti=0 g=1 seq=0 chk_ok=0 r0=1148973443 r10=4294967295
0:3-2:TR1: ABVAL ti=0 g=0 seq=0 chk_ok=0 r0=1156994112 r10=4294967295
0:3-2:TR1: ABVAL ti=0 g=1 seq=0 chk_ok=0 r0=1081536852 r10=2147483648
0:3-3:TR1: ABVAL ti=0 g=0 seq=0 chk_ok=0 r0=1178825243 r10=0
0:3-3:TR1: ABVAL ti=0 g=1 seq=0 chk_ok=0 r0=1179839936 r10=307
0:3-4:TR1: ABVAL ti=0 g=0 seq=0 chk_ok=0 r0=1170913011 r10=4294967295
0:3-4:TR1: ABVAL ti=0 g=1 seq=0 chk_ok=0 r0=1157998767 r10=0
0:3-5:TR1: ABVAL ti=0 g=0 seq=0 chk_ok=0 r0=1184986653 r10=0
0:3-5:TR1: ABVAL ti=0 g=1 seq=0 chk_ok=0 r0=1185344268 r10=4294967295
0:3-6:TR1: ABVAL ti=0 g=0 seq=0 chk_ok=0 r0=1178825243 r10=4294967295
0:3-6:TR1: ABVAL ti=0 g=1 seq=0 chk_ok=0 r0=1186158284 r10=0
0:3-7:TR1: ABVAL ti=0 g=0 seq=0 chk_ok=0 r0=1170913011 r10=0
0:3-7:TR1: ABVAL ti=0 g=1 seq=0 chk_ok=0 r0=1157998767 r10=8
0:3-8:TR1: ABVAL ti=0 g=0 seq=0 chk_ok=0 r0=1178825243 r10=4294967295
0:3-8:TR1: ABVAL ti=0 g=1 seq=0 chk_ok=0 r0=1169335022 r10=0
0:3-9:TR1: ABVAL ti=0 g=0 seq=0 chk_ok=0 r0=1178825243 r10=4294967295
0:3-9:TR1: ABVAL ti=0 g=1 seq=0 chk_ok=0 r0=1179839936 r10=4294967295
0:4-0:TR1: ABVAL ti=0 g=0 seq=0 chk_ok=0 r0=1170913011 r10=0
0:4-0:TR1: ABVAL ti=0 g=1 seq=0 chk_ok=0 r0=1157998767 r10=136
0:4-1:TR1: ABVAL ti=0 g=0 seq=0 chk_ok=0 r0=1170913011 r10=0
0:4-1:TR1: ABVAL ti=0 g=1 seq=0 chk_ok=0 r0=1157998767 r10=3438215167
0:4-2:TR1: ABVAL ti=0 g=0 seq=0 chk_ok=0 r0=1178825243 r10=4294967295
0:4-2:TR1: ABVAL ti=0 g=1 seq=0 chk_ok=0 r0=1179839936 r10=4294897356
0:4-3:TR1: ABVAL ti=0 g=0 seq=0 chk_ok=0 r0=1178825243 r10=6143
0:4-3:TR1: ABVAL ti=0 g=1 seq=0 chk_ok=0 r0=1179839936 r10=4294967295
0:4-4:TR1: ABVAL ti=0 g=0 seq=0 chk_ok=0 r0=1185344268 r10=4294967295
0:4-4:TR1: ABVAL ti=0 g=1 seq=0 chk_ok=0 r0=1186158284 r10=0
0:4-5:TR1: ABVAL ti=0 g=0 seq=0 chk_ok=0 r0=1156994112 r10=4009754623
0:4-5:TR1: ABVAL ti=0 g=1 seq=0 chk_ok=0 r0=1078087685 r10=0
0:4-6:TR1: ABVAL ti=0 g=0 seq=0 chk_ok=0 r0=1178825243 r10=63
0:4-6:TR1: ABVAL ti=0 g=1 seq=0 chk_ok=0 r0=1179839936 r10=326631423
0:4-7:TR1: ABVAL ti=0 g=0 seq=0 chk_ok=0 r0=1178825243 r10=4294967295
0:4-7:TR1: ABVAL ti=0 g=1 seq=0 chk_ok=0 r0=1179839936 r10=4294967295
0:4-8:TR1: ABVAL ti=0 g=0 seq=0 chk_ok=0 r0=1184986653 r10=0
0:4-8:TR1: ABVAL ti=0 g=1 seq=0 chk_ok=0 r0=1185344268 r10=4294967295
0:4-9:TR1: ABVAL ti=0 g=0 seq=0 chk_ok=0 r0=1170913011 r10=0
0:4-9:TR1: ABVAL ti=0 g=1 seq=0 chk_ok=0 r0=1157998767 r10=3472883711
0:5-0:TR1: ABVAL ti=0 g=0 seq=0 chk_ok=0 r0=1178825243 r10=524287
0:5-0:TR1: ABVAL ti=0 g=1 seq=0 chk_ok=0 r0=1179839936 r10=4294967295
0:5-1:TR1: ABVAL ti=0 g=0 seq=0 chk_ok=0 r0=1178825243 r10=8191
0:5-1:TR1: ABVAL ti=0 g=1 seq=0 chk_ok=0 r0=1169335022 r10=0
0:5-2:TR1: ABVAL ti=0 g=0 seq=0 chk_ok=0 r0=1185344268 r10=4294967295
0:5-2:TR1: ABVAL ti=0 g=1 seq=0 chk_ok=0 r0=1186158284 r10=0
0:5-3:TR1: ABVAL ti=0 g=0 seq=0 chk_ok=0 r0=1170913011 r10=0
0:5-3:TR1: ABVAL ti=0 g=1 seq=0 chk_ok=0 r0=1157998767 r10=4294967295
0:5-4:TR1: ABVAL ti=0 g=0 seq=0 chk_ok=0 r0=1185344268 r10=4294967295
0:5-4:TR1: ABVAL ti=0 g=1 seq=0 chk_ok=0 r0=1086911499 r10=3221225472
0:5-5:TR1: ABVAL ti=0 g=0 seq=0 chk_ok=0 r0=1179839936 r10=0
0:5-5:TR1: ABVAL ti=0 g=1 seq=0 chk_ok=0 r0=1170913011 r10=4294967295
0:5-6:TR1: ABVAL ti=0 g=0 seq=0 chk_ok=0 r0=1185344268 r10=4294967295
0:5-6:TR1: ABVAL ti=0 g=1 seq=0 chk_ok=0 r0=1156994112 r10=0
0:5-7:TR1: ABVAL ti=0 g=0 seq=0 chk_ok=0 r0=1178825243 r10=1572863
0:5-7:TR1: ABVAL ti=0 g=1 seq=0 chk_ok=0 r0=1179839936 r10=1128447
0:5-8:TR1: ABVAL ti=0 g=0 seq=0 chk_ok=0 r0=1185344268 r10=4294967155
0:5-8:TR1: ABVAL ti=0 g=1 seq=0 chk_ok=0 r0=1156994112 r10=34956
0:5-9:TR1: ABVAL ti=0 g=0 seq=0 chk_ok=0 r0=1179839936 r10=0
0:5-9:TR1: ABVAL ti=0 g=1 seq=0 chk_ok=0 r0=1170913011 r10=4294967295
0:6-0:TR1: ABVAL ti=0 g=0 seq=0 chk_ok=0 r0=1178825243 r10=4294967295
0:6-0:TR1: ABVAL ti=0 g=1 seq=0 chk_ok=0 r0=1179839936 r10=4294967295
0:6-1:TR1: ABVAL ti=0 g=0 seq=0 chk_ok=0 r0=1178825243 r10=33554431
0:6-1:TR1: ABVAL ti=0 g=1 seq=0 chk_ok=0 r0=1179839936 r10=4294967295
0:6-2:TR1: ABVAL ti=0 g=0 seq=0 chk_ok=0 r0=1170913011 r10=147648511
0:6-2:TR1: ABVAL ti=0 g=1 seq=0 chk_ok=0 r0=1157998767 r10=4294967295
0:6-3:TR1: ABVAL ti=0 g=0 seq=0 chk_ok=0 r0=1178825243 r10=0
0:6-3:TR1: ABVAL ti=0 g=1 seq=0 chk_ok=0 r0=1179839936 r10=70527
0:6-4:TR1: ABVAL ti=0 g=0 seq=0 chk_ok=0 r0=1185344268 r10=4294967295
0:6-4:TR1: ABVAL ti=0 g=1 seq=0 chk_ok=0 r0=1156994112 r10=0
0:6-5:TR1: ABVAL ti=0 g=0 seq=0 chk_ok=0 r0=1178825243 r10=4294967295
0:6-5:TR1: ABVAL ti=0 g=1 seq=0 chk_ok=0 r0=1179839936 r10=4294967295
0:6-6:TR1: ABVAL ti=0 g=0 seq=0 chk_ok=0 r0=1170913011 r10=4294967295
0:6-6:TR1: ABVAL ti=0 g=1 seq=0 chk_ok=0 r0=1169666930 r10=4294967295
0:6-7:TR1: ABVAL ti=0 g=0 seq=0 chk_ok=0 r0=1170913011 r10=4294967295
0:6-7:TR1: ABVAL ti=0 g=1 seq=0 chk_ok=0 r0=1148973443 r10=4294967295
0:6-8:TR1: ABVAL ti=0 g=0 seq=0 chk_ok=0 r0=1170913011 r10=3471835135
0:6-8:TR1: ABVAL ti=0 g=1 seq=0 chk_ok=0 r0=1143165954 r10=0
0:6-9:TR1: ABVAL ti=0 g=0 seq=0 chk_ok=0 r0=1178825243 r10=1073741823
0:6-9:TR1: ABVAL ti=0 g=1 seq=0 chk_ok=0 r0=1179839936 r10=4294967295
0:7-0:TR1: ABVAL ti=0 g=0 seq=0 chk_ok=0 r0=1170913011 r10=36079
0:7-0:TR1: ABVAL ti=0 g=1 seq=0 chk_ok=0 r0=1143165954 r10=0
0:7-1:TR1: ABVAL ti=0 g=0 seq=0 chk_ok=0 r0=1178825243 r10=0
0:7-1:TR1: ABVAL ti=0 g=1 seq=0 chk_ok=0 r0=1179839936 r10=939524095
0:7-2:TR1: ABVAL ti=0 g=0 seq=0 chk_ok=0 r0=1170913011 r10=8
0:7-2:TR1: ABVAL ti=0 g=1 seq=0 chk_ok=0 r0=1157998767 r10=4294967295
0:7-3:TR1: ABVAL ti=0 g=0 seq=0 chk_ok=0 r0=1184986653 r10=0
0:7-3:TR1: ABVAL ti=0 g=1 seq=0 chk_ok=0 r0=1172341913 r10=4294407987
0:7-4:TR1: ABVAL ti=0 g=0 seq=0 chk_ok=0 r0=1184986653 r10=0
0:7-4:TR1: ABVAL ti=0 g=1 seq=0 chk_ok=0 r0=1185344268 r10=4294967294
0:7-5:TR1: ABVAL ti=0 g=0 seq=0 chk_ok=0 r0=1178825243 r10=4294966272
0:7-5:TR1: ABVAL ti=0 g=1 seq=0 chk_ok=0 r0=1183906997 r10=4294967295
0:7-6:TR1: ABVAL ti=0 g=0 seq=0 chk_ok=0 r0=1170913011 r10=4294967295
0:7-6:TR1: ABVAL ti=0 g=1 seq=0 chk_ok=0 r0=1157998767 r10=79743
0:7-7:TR1: ABVAL ti=0 g=0 seq=0 chk_ok=0 r0=1179839936 r10=0
0:7-7:TR1: ABVAL ti=0 g=1 seq=0 chk_ok=0 r0=1170913011 r10=4294967295
0:7-8:TR1: ABVAL ti=0 g=0 seq=0 chk_ok=0 r0=1170913011 r10=0
0:7-8:TR1: ABVAL ti=0 g=1 seq=0 chk_ok=0 r0=1118362278 r10=0
0:7-9:TR1: ABVAL ti=0 g=0 seq=0 chk_ok=0 r0=1178825243 r10=4294967295
0:7-9:TR1: ABVAL ti=0 g=1 seq=0 chk_ok=0 r0=1179839936 r10=4294967295
0:8-0:TR1: ABVAL ti=0 g=0 seq=0 chk_ok=0 r0=1170913011 r10=0
0:8-0:TR1: ABVAL ti=0 g=1 seq=0 chk_ok=0 r0=1143165954 r10=0
0:8-1:TR1: ABVAL ti=0 g=0 seq=0 chk_ok=0 r0=1170913011 r10=4294967295
0:8-1:TR1: ABVAL ti=0 g=1 seq=0 chk_ok=0 r0=1157707443 r10=1
0:8-2:TR1: ABVAL ti=0 g=0 seq=0 chk_ok=0 r0=1178825243 r10=255
0:8-2:TR1: ABVAL ti=0 g=1 seq=0 chk_ok=0 r0=1169335022 r10=0
0:8-3:TR1: ABVAL ti=0 g=0 seq=0 chk_ok=0 r0=1178825243 r10=0
0:8-3:TR1: ABVAL ti=0 g=1 seq=0 chk_ok=0 r0=1179839936 r10=0
0:8-4:TR1: ABVAL ti=0 g=0 seq=0 chk_ok=0 r0=1178825243 r10=0
0:8-4:TR1: ABVAL ti=0 g=1 seq=0 chk_ok=0 r0=1179839936 r10=4294967295
0:8-5:TR1: ABVAL ti=0 g=0 seq=0 chk_ok=0 r0=1170913011 r10=4294967295
0:8-5:TR1: ABVAL ti=0 g=1 seq=0 chk_ok=0 r0=1148973443 r10=4294967295
0:8-6:TR1: ABVAL ti=0 g=0 seq=0 chk_ok=0 r0=1185344268 r10=4294967295
0:8-6:TR1: ABVAL ti=0 g=1 seq=0 chk_ok=0 r0=1186158284 r10=0
0:8-7:TR1: ABVAL ti=0 g=0 seq=0 chk_ok=0 r0=1178825243 r10=4294967295
0:8-7:TR1: ABVAL ti=0 g=1 seq=0 chk_ok=0 r0=1169335022 r10=0
0:8-8:TR1: ABVAL ti=0 g=0 seq=0 chk_ok=0 r0=1178825243 r10=0
0:8-8:TR1: ABVAL ti=0 g=1 seq=0 chk_ok=0 r0=1179839936 r10=0
0:8-9:TR1: ABVAL ti=0 g=0 seq=0 chk_ok=0 r0=1178825243 r10=1073741823
0:8-9:TR1: ABVAL ti=0 g=1 seq=0 chk_ok=0 r0=1179839936 r10=2147483647
0:9-0:TR1: ABVAL ti=0 g=0 seq=0 chk_ok=0 r0=1178825243 r10=4294967295
0:9-0:TR1: ABVAL ti=0 g=1 seq=0 chk_ok=0 r0=1169335022 r10=0
0:9-1:TR1: ABVAL ti=0 g=0 seq=0 chk_ok=0 r0=1170913011 r10=4294967295
0:9-1:TR1: ABVAL ti=0 g=1 seq=0 chk_ok=0 r0=1157998767 r10=939524095
0:9-2:TR1: ABVAL ti=0 g=0 seq=0 chk_ok=0 r0=1179839936 r10=0
0:9-2:TR1: ABVAL ti=0 g=1 seq=0 chk_ok=0 r0=1170913011 r10=4294967295
0:9-3:TR1: ABVAL ti=0 g=0 seq=0 chk_ok=0 r0=1183906997 r10=4294967295
0:9-3:TR1: ABVAL ti=0 g=1 seq=0 chk_ok=0 r0=1176551982 r10=4294967295
0:9-4:TR1: ABVAL ti=0 g=0 seq=0 chk_ok=0 r0=1170913011 r10=2188
0:9-4:TR1: ABVAL ti=0 g=1 seq=0 chk_ok=0 r0=1157998767 r10=4294967295
0:9-5:TR1: ABVAL ti=0 g=0 seq=0 chk_ok=0 r0=1179839936 r10=0
0:9-5:TR1: ABVAL ti=0 g=1 seq=0 chk_ok=0 r0=1170913011 r10=2184
0:9-6:TR1: ABVAL ti=0 g=0 seq=0 chk_ok=0 r0=1178825243 r10=0
0:9-6:TR1: ABVAL ti=0 g=1 seq=0 chk_ok=0 r0=1179839936 r10=0
0:9-7:TR1: ABVAL ti=0 g=0 seq=0 chk_ok=0 r0=1179839936 r10=0
0:9-7:TR1: ABVAL ti=0 g=1 seq=0 chk_ok=0 r0=1170913011 r10=4294967295
0:9-8:TR1: ABVAL ti=0 g=0 seq=0 chk_ok=0 r0=1170913011 r10=0
0:9-8:TR1: ABVAL ti=0 g=1 seq=0 chk_ok=0 r0=1094830482 r10=2147483648
0:9-9:TR1: ABVAL ti=0 g=0 seq=0 chk_ok=0 r0=1178825243 r10=4294967295
0:9-9:TR1: ABVAL ti=0 g=1 seq=0 chk_ok=0 r0=1179839936 r10=4294967295
0:10-0:TR1: ABVAL ti=0 g=0 seq=0 chk_ok=0 r0=1186158284 r10=0
0:10-0:TR1: ABVAL ti=0 g=1 seq=0 chk_ok=0 r0=1183906997 r10=4294967295
0:10-1:TR1: ABVAL ti=0 g=0 seq=0 chk_ok=0 r0=1170913011 r10=4294967295
0:10-1:TR1: ABVAL ti=0 g=1 seq=0 chk_ok=0 r0=1157998767 r10=4294967295
0:10-2:TR1: ABVAL ti=0 g=0 seq=0 chk_ok=0 r0=1179839936 r10=0
0:10-2:TR1: ABVAL ti=0 g=1 seq=0 chk_ok=0 r0=1170913011 r10=4294967295
0:10-3:TR1: ABVAL ti=0 g=0 seq=0 chk_ok=0 r0=1170913011 r10=3438215167
0:10-3:TR1: ABVAL ti=0 g=1 seq=0 chk_ok=0 r0=1157998767 r10=4294967295
0:10-4:TR1: ABVAL ti=0 g=0 seq=0 chk_ok=0 r0=1185344268 r10=4294967295
0:10-4:TR1: ABVAL ti=0 g=1 seq=0 chk_ok=0 r0=1186158284 r10=0
0:10-5:TR1: ABVAL ti=0 g=0 seq=0 chk_ok=0 r0=1185344268 r10=4294967295
0:10-5:TR1: ABVAL ti=0 g=1 seq=0 chk_ok=0 r0=1186158284 r10=0
0:10-6:TR1: ABVAL ti=0 g=0 seq=0 chk_ok=0 r0=1185344268 r10=4294967295
0:10-6:TR1: ABVAL ti=0 g=1 seq=0 chk_ok=0 r0=1077472203 r10=0
0:10-7:TR1: ABVAL ti=0 g=0 seq=0 chk_ok=0 r0=1179839936 r10=0
0:10-7:TR1: ABVAL ti=0 g=1 seq=0 chk_ok=0 r0=1170913011 r10=4294967295
0:10-8:TR1: ABVAL ti=0 g=0 seq=0 chk_ok=0 r0=1178825243 r10=4294967295
0:10-8:TR1: ABVAL ti=0 g=1 seq=0 chk_ok=0 r0=1186158284 r10=0
0:10-9:TR1: ABVAL ti=0 g=0 seq=0 chk_ok=0 r0=1184986653 r10=0
0:10-9:TR1: ABVAL ti=0 g=1 seq=0 chk_ok=0 r0=1185344268 r10=4294967280
0:0-0:TR1: ABVAL ti=0 g=2 seq=0 chk_ok=0 r0=1112911761 r10=2281701376
0:0-0:TR1: ABVAL ti=0 g=3 seq=0 chk_ok=0 r0=1156673510 r10=3471835123
0:0-1:TR1: ABVAL ti=0 g=2 seq=0 chk_ok=0 r0=1103384346 r10=286331136
0:0-1:TR1: ABVAL ti=0 g=3 seq=0 chk_ok=0 r0=1096363829 r10=286261248
0:0-2:TR1: ABVAL ti=0 g=2 seq=0 chk_ok=0 r0=1078174431 r10=286330880
0:0-2:TR1: ABVAL ti=0 g=3 seq=0 chk_ok=0 r0=1061021729 r10=805306368
0:0-3:TR1: ABVAL ti=0 g=2 seq=0 chk_ok=0 r0=1111665820 r10=0
0:0-3:TR1: ABVAL ti=0 g=3 seq=0 chk_ok=0 r0=1114244571 r10=0
0:0-4:TR1: ABVAL ti=0 g=2 seq=0 chk_ok=0 r0=1096216657 r10=2290089984
0:0-4:TR1: ABVAL ti=0 g=3 seq=0 chk_ok=0 r0=1157896456 r10=0
0:0-5:TR1: ABVAL ti=0 g=2 seq=0 chk_ok=0 r0=1060528104 r10=858783744
0:0-5:TR1: ABVAL ti=0 g=3 seq=0 chk_ok=0 r0=1087087431 r10=1879048192
0:0-6:TR1: ABVAL ti=0 g=2 seq=0 chk_ok=0 r0=1058922676 r10=1711276032
0:0-6:TR1: ABVAL ti=0 g=3 seq=0 chk_ok=0 r0=1062181249 r10=2281701376
0:0-7:TR1: ABVAL ti=0 g=2 seq=0 chk_ok=0 r0=1078353489 r10=0
0:0-7:TR1: ABVAL ti=0 g=3 seq=0 chk_ok=0 r0=1081013707 r10=8388608
0:0-8:TR1: ABVAL ti=0 g=2 seq=0 chk_ok=0 r0=1062889543 r10=1118480
0:0-8:TR1: ABVAL ti=0 g=3 seq=0 chk_ok=0 r0=1118311653 r10=0
0:0-9:TR1: ABVAL ti=0 g=2 seq=0 chk_ok=0 r0=1137333174 r10=13369344
0:0-9:TR1: ABVAL ti=0 g=3 seq=0 chk_ok=0 r0=1136932799 r10=13369344
0:1-0:TR1: ABVAL ti=0 g=2 seq=0 chk_ok=0 r0=1081405912 r10=1677721600
0:1-0:TR1: ABVAL ti=0 g=3 seq=0 chk_ok=0 r0=1083890978 r10=1073741824
0:1-1:TR1: ABVAL ti=0 g=2 seq=0 chk_ok=0 r0=1121244146 r10=0
0:1-1:TR1: ABVAL ti=0 g=3 seq=0 chk_ok=0 r0=1126162155 r10=0
0:1-2:TR1: ABVAL ti=0 g=2 seq=0 chk_ok=0 r0=1123078484 r10=8
0:1-2:TR1: ABVAL ti=0 g=3 seq=0 chk_ok=0 r0=1125043323 r10=8
0:1-3:TR1: ABVAL ti=0 g=2 seq=0 chk_ok=0 r0=1062181249 r10=268435456
0:1-3:TR1: ABVAL ti=0 g=3 seq=0 chk_ok=0 r0=1060998500 r10=285212672
0:1-4:TR1: ABVAL ti=0 g=2 seq=0 chk_ok=0 r0=1116563962 r10=3824
0:1-4:TR1: ABVAL ti=0 g=3 seq=0 chk_ok=0 r0=1116681143 r10=3824
0:1-5:TR1: ABVAL ti=0 g=2 seq=0 chk_ok=0 r0=1118685844 r10=128
0:1-5:TR1: ABVAL ti=0 g=3 seq=0 chk_ok=0 r0=1118116025 r10=2176
0:1-6:TR1: ABVAL ti=0 g=2 seq=0 chk_ok=0 r0=1082720261 r10=559240
0:1-6:TR1: ABVAL ti=0 g=3 seq=0 chk_ok=0 r0=1067482057 r10=2290614272
0:1-7:TR1: ABVAL ti=0 g=2 seq=0 chk_ok=0 r0=1125421694 r10=0
0:1-7:TR1: ABVAL ti=0 g=3 seq=0 chk_ok=0 r0=1125119477 r10=0
0:1-8:TR1: ABVAL ti=0 g=2 seq=0 chk_ok=0 r0=1126199419 r10=2281701376
0:1-8:TR1: ABVAL ti=0 g=3 seq=0 chk_ok=0 r0=1125744170 r10=2281701376
0:1-9:TR1: ABVAL ti=0 g=2 seq=0 chk_ok=0 r0=1104582785 r10=2147483648
0:1-9:TR1: ABVAL ti=0 g=3 seq=0 chk_ok=0 r0=1106729138 r10=2147483648
0:2-0:TR1: ABVAL ti=0 g=2 seq=0 chk_ok=0 r0=1115073570 r10=30480
0:2-0:TR1: ABVAL ti=0 g=3 seq=0 chk_ok=0 r0=1117006065 r10=30480
0:2-1:TR1: ABVAL ti=0 g=2 seq=0 chk_ok=0 r0=1074573417 r10=0
0:2-1:TR1: ABVAL ti=0 g=3 seq=0 chk_ok=0 r0=1054433896 r10=1610612736
0:2-2:TR1: ABVAL ti=0 g=2 seq=0 chk_ok=0 r0=1111722456 r10=1825360008
0:2-2:TR1: ABVAL ti=0 g=3 seq=0 chk_ok=0 r0=1101613466 r10=9011
0:2-3:TR1: ABVAL ti=0 g=2 seq=0 chk_ok=0 r0=1109500520 r10=2147483648
0:2-3:TR1: ABVAL ti=0 g=3 seq=0 chk_ok=0 r0=1100578081 r10=322121728
0:2-4:TR1: ABVAL ti=0 g=2 seq=0 chk_ok=0 r0=1072360562 r10=1073741824
0:2-4:TR1: ABVAL ti=0 g=3 seq=0 chk_ok=0 r0=1051019538 r10=53477376
0:2-5:TR1: ABVAL ti=0 g=2 seq=0 chk_ok=0 r0=1125119477 r10=142606336
0:2-5:TR1: ABVAL ti=0 g=3 seq=0 chk_ok=0 r0=1124415256 r10=8912896
0:2-6:TR1: ABVAL ti=0 g=2 seq=0 chk_ok=0 r0=1124280883 r10=0
0:2-6:TR1: ABVAL ti=0 g=3 seq=0 chk_ok=0 r0=1118742353 r10=0
0:2-7:TR1: ABVAL ti=0 g=2 seq=0 chk_ok=0 r0=1116862145 r10=268435456
0:2-7:TR1: ABVAL ti=0 g=3 seq=0 chk_ok=0 r0=1176551982 r10=4294967295
0:2-8:TR1: ABVAL ti=0 g=2 seq=0 chk_ok=0 r0=1121456343 r10=2147483648
0:2-8:TR1: ABVAL ti=0 g=3 seq=0 chk_ok=0 r0=1123331018 r10=2147483648
0:2-9:TR1: ABVAL ti=0 g=2 seq=0 chk_ok=0 r0=1050351578 r10=2147483648
0:2-9:TR1: ABVAL ti=0 g=3 seq=0 chk_ok=0 r0=1052286174 r10=2290647040
0:3-0:TR1: ABVAL ti=0 g=2 seq=0 chk_ok=0 r0=1089840379 r10=0
0:3-0:TR1: ABVAL ti=0 g=3 seq=0 chk_ok=0 r0=1064518325 r10=136
0:3-1:TR1: ABVAL ti=0 g=2 seq=0 chk_ok=0 r0=1083689028 r10=286261248
0:3-1:TR1: ABVAL ti=0 g=3 seq=0 chk_ok=0 r0=1090372352 r10=0
0:3-2:TR1: ABVAL ti=0 g=2 seq=0 chk_ok=0 r0=1060076820 r10=570425344
0:3-2:TR1: ABVAL ti=0 g=3 seq=0 chk_ok=0 r0=1130740672 r10=3355443200
0:3-3:TR1: ABVAL ti=0 g=2 seq=0 chk_ok=0 r0=1092408808 r10=0
0:3-3:TR1: ABVAL ti=0 g=3 seq=0 chk_ok=0 r0=1114815396 r10=4261412864
0:3-4:TR1: ABVAL ti=0 g=2 seq=0 chk_ok=0 r0=1061565751 r10=268435456
0:3-4:TR1: ABVAL ti=0 g=3 seq=0 chk_ok=0 r0=1061397239 r10=268435456
0:3-5:TR1: ABVAL ti=0 g=2 seq=0 chk_ok=0 r0=1094203415 r10=4026531840
0:3-5:TR1: ABVAL ti=0 g=3 seq=0 chk_ok=0 r0=1067000396 r10=570425344
0:3-6:TR1: ABVAL ti=0 g=2 seq=0 chk_ok=0 r0=1137924300 r10=0
0:3-6:TR1: ABVAL ti=0 g=3 seq=0 chk_ok=0 r0=1137333174 r10=0
0:3-7:TR1: ABVAL ti=0 g=2 seq=0 chk_ok=0 r0=1114191037 r10=0
0:3-7:TR1: ABVAL ti=0 g=3 seq=0 chk_ok=0 r0=1108754105 r10=0
0:3-8:TR1: ABVAL ti=0 g=2 seq=0 chk_ok=0 r0=1097343564 r10=0
0:3-8:TR1: ABVAL ti=0 g=3 seq=0 chk_ok=0 r0=1102144152 r10=0
0:3-9:TR1: ABVAL ti=0 g=2 seq=0 chk_ok=0 r0=1109044705 r10=2281701376
0:3-9:TR1: ABVAL ti=0 g=3 seq=0 chk_ok=0 r0=1100240239 r10=143130624
0:4-0:TR1: ABVAL ti=0 g=2 seq=0 chk_ok=0 r0=1112772121 r10=314504
0:4-0:TR1: ABVAL ti=0 g=3 seq=0 chk_ok=0 r0=1115032876 r10=52360
0:4-1:TR1: ABVAL ti=0 g=2 seq=0 chk_ok=0 r0=1176551982 r10=4294967295
0:4-1:TR1: ABVAL ti=0 g=3 seq=0 chk_ok=0 r0=1127695152 r10=0
0:4-2:TR1: ABVAL ti=0 g=2 seq=0 chk_ok=0 r0=1085844588 r10=3221225472
0:4-2:TR1: ABVAL ti=0 g=3 seq=0 chk_ok=0 r0=1067164198 r10=3221225472
0:4-3:TR1: ABVAL ti=0 g=2 seq=0 chk_ok=0 r0=1057668126 r10=3427008512
0:4-3:TR1: ABVAL ti=0 g=3 seq=0 chk_ok=0 r0=1058281734 r10=3221225472
0:4-4:TR1: ABVAL ti=0 g=2 seq=0 chk_ok=0 r0=1054728896 r10=285212672
0:4-4:TR1: ABVAL ti=0 g=3 seq=0 chk_ok=0 r0=1067456116 r10=286330880
0:4-5:TR1: ABVAL ti=0 g=2 seq=0 chk_ok=0 r0=1134319945 r10=0
0:4-5:TR1: ABVAL ti=0 g=3 seq=0 chk_ok=0 r0=1065968607 r10=2281701376
0:4-6:TR1: ABVAL ti=0 g=2 seq=0 chk_ok=0 r0=1064543213 r10=285212672
0:4-6:TR1: ABVAL ti=0 g=3 seq=0 chk_ok=0 r0=1122607453 r10=0
0:4-7:TR1: ABVAL ti=0 g=2 seq=0 chk_ok=0 r0=1085882943 r10=536870912
0:4-7:TR1: ABVAL ti=0 g=3 seq=0 chk_ok=0 r0=1084131711 r10=855638016
0:4-8:TR1: ABVAL ti=0 g=2 seq=0 chk_ok=0 r0=1100926078 r10=3221225472
0:4-8:TR1: ABVAL ti=0 g=3 seq=0 chk_ok=0 r0=1074301107 r10=2147483648
0:4-9:TR1: ABVAL ti=0 g=2 seq=0 chk_ok=0 r0=1082860133 r10=2147483648
0:4-9:TR1: ABVAL ti=0 g=3 seq=0 chk_ok=0 r0=1111864389 r10=0
0:5-0:TR1: ABVAL ti=0 g=2 seq=0 chk_ok=0 r0=1124479076 r10=0
0:5-0:TR1: ABVAL ti=0 g=3 seq=0 chk_ok=0 r0=1117964272 r10=805306368
0:5-1:TR1: ABVAL ti=0 g=2 seq=0 chk_ok=0 r0=1125892332 r10=0
0:5-1:TR1: ABVAL ti=0 g=3 seq=0 chk_ok=0 r0=1091780958 r10=0
0:5-2:TR1: ABVAL ti=0 g=2 seq=0 chk_ok=0 r0=1089707520 r10=0
0:5-2:TR1: ABVAL ti=0 g=3 seq=0 chk_ok=0 r0=1089400179 r10=0
0:5-3:TR1: ABVAL ti=0 g=2 seq=0 chk_ok=0 r0=1135007401 r10=0
0:5-3:TR1: ABVAL ti=0 g=3 seq=0 chk_ok=0 r0=1139573884 r10=0
0:5-4:TR1: ABVAL ti=0 g=2 seq=0 chk_ok=0 r0=1062134254 r10=855638016
0:5-4:TR1: ABVAL ti=0 g=3 seq=0 chk_ok=0 r0=1096876779 r10=318767104
0:5-5:TR1: ABVAL ti=0 g=2 seq=0 chk_ok=0 r0=1139771017 r10=4294967295
0:5-5:TR1: ABVAL ti=0 g=3 seq=0 chk_ok=0 r0=1128767345 r10=4008636142
0:5-6:TR1: ABVAL ti=0 g=2 seq=0 chk_ok=0 r0=1101704487 r10=17891328
0:5-6:TR1: ABVAL ti=0 g=3 seq=0 chk_ok=0 r0=1086958238 r10=1145044992
0:5-7:TR1: ABVAL ti=0 g=2 seq=0 chk_ok=0 r0=1110608586 r10=268435456
0:5-7:TR1: ABVAL ti=0 g=3 seq=0 chk_ok=0 r0=1112188429 r10=268435456
0:5-8:TR1: ABVAL ti=0 g=2 seq=0 chk_ok=0 r0=1050892510 r10=805306368
0:5-8:TR1: ABVAL ti=0 g=3 seq=0 chk_ok=0 r0=1176551982 r10=4294967295
0:5-9:TR1: ABVAL ti=0 g=2 seq=0 chk_ok=0 r0=1072704190 r10=8738
0:5-9:TR1: ABVAL ti=0 g=3 seq=0 chk_ok=0 r0=1059519165 r10=273
0:6-0:TR1: ABVAL ti=0 g=2 seq=0 chk_ok=0 r0=1135857603 r10=574464
0:6-0:TR1: ABVAL ti=0 g=3 seq=0 chk_ok=0 r0=1133809400 r10=557056
0:6-1:TR1: ABVAL ti=0 g=2 seq=0 chk_ok=0 r0=1114386705 r10=2147483648
0:6-1:TR1: ABVAL ti=0 g=3 seq=0 chk_ok=0 r0=1100691297 r10=2147483648
0:6-2:TR1: ABVAL ti=0 g=2 seq=0 chk_ok=0 r0=1087816324 r10=286326784
0:6-2:TR1: ABVAL ti=0 g=3 seq=0 chk_ok=0 r0=1089318076 r10=286261248
0:6-3:TR1: ABVAL ti=0 g=2 seq=0 chk_ok=0 r0=1065190342 r10=9227468
0:6-3:TR1: ABVAL ti=0 g=3 seq=0 chk_ok=0 r0=1050744573 r10=3276
0:6-4:TR1: ABVAL ti=0 g=2 seq=0 chk_ok=0 r0=1104914107 r10=142606336
0:6-4:TR1: ABVAL ti=0 g=3 seq=0 chk_ok=0 r0=1053883182 r10=805306368
0:6-5:TR1: ABVAL ti=0 g=2 seq=0 chk_ok=0 r0=1088860455 r10=0
0:6-5:TR1: ABVAL ti=0 g=3 seq=0 chk_ok=0 r0=1084504920 r10=0
0:6-6:TR1: ABVAL ti=0 g=2 seq=0 chk_ok=0 r0=1108749816 r10=1711276032
0:6-6:TR1: ABVAL ti=0 g=3 seq=0 chk_ok=0 r0=1107778765 r10=1711276032
0:6-7:TR1: ABVAL ti=0 g=2 seq=0 chk_ok=0 r0=1066775654 r10=3288334336
0:6-7:TR1: ABVAL ti=0 g=3 seq=0 chk_ok=0 r0=1052362710 r10=1610612736
0:6-8:TR1: ABVAL ti=0 g=2 seq=0 chk_ok=0 r0=1107606332 r10=0
0:6-8:TR1: ABVAL ti=0 g=3 seq=0 chk_ok=0 r0=1081750037 r10=2147483648
0:6-9:TR1: ABVAL ti=0 g=2 seq=0 chk_ok=0 r0=1103130722 r10=0
0:6-9:TR1: ABVAL ti=0 g=3 seq=0 chk_ok=0 r0=1108563550 r10=0
0:7-0:TR1: ABVAL ti=0 g=2 seq=0 chk_ok=0 r0=1063481349 r10=1073741824
0:7-0:TR1: ABVAL ti=0 g=3 seq=0 chk_ok=0 r0=1068643252 r10=268435456
0:7-1:TR1: ABVAL ti=0 g=2 seq=0 chk_ok=0 r0=1117780662 r10=3712
0:7-1:TR1: ABVAL ti=0 g=3 seq=0 chk_ok=0 r0=1104422826 r10=32768
0:7-2:TR1: ABVAL ti=0 g=2 seq=0 chk_ok=0 r0=1087816324 r10=2281701376
0:7-2:TR1: ABVAL ti=0 g=3 seq=0 chk_ok=0 r0=1089318076 r10=2281701376
0:7-3:TR1: ABVAL ti=0 g=2 seq=0 chk_ok=0 r0=1115058417 r10=0
0:7-3:TR1: ABVAL ti=0 g=3 seq=0 chk_ok=0 r0=1146871160 r10=0
0:7-4:TR1: ABVAL ti=0 g=2 seq=0 chk_ok=0 r0=1058118299 r10=0
0:7-4:TR1: ABVAL ti=0 g=3 seq=0 chk_ok=0 r0=1158463824 r10=9335040
0:7-5:TR1: ABVAL ti=0 g=2 seq=0 chk_ok=0 r0=1117159338 r10=0
0:7-5:TR1: ABVAL ti=0 g=3 seq=0 chk_ok=0 r0=1117618359 r10=0
0:7-6:TR1: ABVAL ti=0 g=2 seq=0 chk_ok=0 r0=1069729356 r10=13056
0:7-6:TR1: ABVAL ti=0 g=3 seq=0 chk_ok=0 r0=1053298721 r10=13056
0:7-7:TR1: ABVAL ti=0 g=2 seq=0 chk_ok=0 r0=1085417941 r10=2147483648
0:7-7:TR1: ABVAL ti=0 g=3 seq=0 chk_ok=0 r0=1084738923 r10=1879048192
0:7-8:TR1: ABVAL ti=0 g=2 seq=0 chk_ok=0 r0=1077563299 r10=4508872
0:7-8:TR1: ABVAL ti=0 g=3 seq=0 chk_ok=0 r0=1089305636 r10=80529544
0:7-9:TR1: ABVAL ti=0 g=2 seq=0 chk_ok=0 r0=1070376316 r10=2252
0:7-9:TR1: ABVAL ti=0 g=3 seq=0 chk_ok=0 r0=1069043310 r10=2184
0:8-0:TR1: ABVAL ti=0 g=2 seq=0 chk_ok=0 r0=1060890724 r10=107094016
0:8-0:TR1: ABVAL ti=0 g=3 seq=0 chk_ok=0 r0=1086651855 r10=3221225472
0:8-1:TR1: ABVAL ti=0 g=2 seq=0 chk_ok=0 r0=1066687244 r10=68
0:8-1:TR1: ABVAL ti=0 g=3 seq=0 chk_ok=0 r0=1053574178 r10=1126
0:8-2:TR1: ABVAL ti=0 g=2 seq=0 chk_ok=0 r0=1089271691 r10=3435956360
0:8-2:TR1: ABVAL ti=0 g=3 seq=0 chk_ok=0 r0=1131065586 r10=2252
0:8-3:TR1: ABVAL ti=0 g=2 seq=0 chk_ok=0 r0=1115707742 r10=4092
0:8-3:TR1: ABVAL ti=0 g=3 seq=0 chk_ok=0 r0=1081695083 r10=3629056
0:8-4:TR1: ABVAL ti=0 g=2 seq=0 chk_ok=0 r0=1116280115 r10=819200
0:8-4:TR1: ABVAL ti=0 g=3 seq=0 chk_ok=0 r0=1109141101 r10=2176
0:8-5:TR1: ABVAL ti=0 g=2 seq=0 chk_ok=0 r0=1075064175 r10=268435456
0:8-5:TR1: ABVAL ti=0 g=3 seq=0 chk_ok=0 r0=1050254760 r10=805306368
0:8-6:TR1: ABVAL ti=0 g=2 seq=0 chk_ok=0 r0=1102050149 r10=2361393152
0:8-6:TR1: ABVAL ti=0 g=3 seq=0 chk_ok=0 r0=1091366798 r10=2290089984
0:8-7:TR1: ABVAL ti=0 g=2 seq=0 chk_ok=0 r0=1131065586 r10=3471769599
0:8-7:TR1: ABVAL ti=0 g=3 seq=0 chk_ok=0 r0=1050495975 r10=8947712
0:8-8:TR1: ABVAL ti=0 g=2 seq=0 chk_ok=0 r0=1075063674 r10=1114112
0:8-8:TR1: ABVAL ti=0 g=3 seq=0 chk_ok=0 r0=1058218076 r10=1118208
0:8-9:TR1: ABVAL ti=0 g=2 seq=0 chk_ok=0 r0=1104888903 r10=559240
0:8-9:TR1: ABVAL ti=0 g=3 seq=0 chk_ok=0 r0=1108059946 r10=136
0:9-0:TR1: ABVAL ti=0 g=2 seq=0 chk_ok=0 r0=1106692784 r10=0
0:9-0:TR1: ABVAL ti=0 g=3 seq=0 chk_ok=0 r0=1109705333 r10=0
0:9-1:TR1: ABVAL ti=0 g=2 seq=0 chk_ok=0 r0=1068850390 r10=268435456
0:9-1:TR1: ABVAL ti=0 g=3 seq=0 chk_ok=0 r0=1055046823 r10=268435456
0:9-2:TR1: ABVAL ti=0 g=2 seq=0 chk_ok=0 r0=1066873290 r10=136
0:9-2:TR1: ABVAL ti=0 g=3 seq=0 chk_ok=0 r0=1139771017 r10=2004877311
0:9-3:TR1: ABVAL ti=0 g=2 seq=0 chk_ok=0 r0=1081301713 r10=559232
0:9-3:TR1: ABVAL ti=0 g=3 seq=0 chk_ok=0 r0=1078573177 r10=34952
0:9-4:TR1: ABVAL ti=0 g=2 seq=0 chk_ok=0 r0=1122254739 r10=0
0:9-4:TR1: ABVAL ti=0 g=3 seq=0 chk_ok=0 r0=1123988554 r10=0
0:9-5:TR1: ABVAL ti=0 g=2 seq=0 chk_ok=0 r0=1087087431 r10=119
0:9-5:TR1: ABVAL ti=0 g=3 seq=0 chk_ok=0 r0=1078353489 r10=307
0:9-6:TR1: ABVAL ti=0 g=2 seq=0 chk_ok=0 r0=1066394286 r10=4
0:9-6:TR1: ABVAL ti=0 g=3 seq=0 chk_ok=0 r0=1067507082 r10=8
0:9-7:TR1: ABVAL ti=0 g=2 seq=0 chk_ok=0 r0=1124235862 r10=0
0:9-7:TR1: ABVAL ti=0 g=3 seq=0 chk_ok=0 r0=1128422726 r10=0
0:9-8:TR1: ABVAL ti=0 g=2 seq=0 chk_ok=0 r0=1087265936 r10=1711276032
0:9-8:TR1: ABVAL ti=0 g=3 seq=0 chk_ok=0 r0=1082499512 r10=3422552064
0:9-9:TR1: ABVAL ti=0 g=2 seq=0 chk_ok=0 r0=1122479999 r10=0
0:9-9:TR1: ABVAL ti=0 g=3 seq=0 chk_ok=0 r0=1121592057 r10=0
0:10-0:TR1: ABVAL ti=0 g=2 seq=0 chk_ok=0 r0=1095901540 r10=3288334336
0:10-0:TR1: ABVAL ti=0 g=3 seq=0 chk_ok=0 r0=1092371579 r10=2281701376
0:10-1:TR1: ABVAL ti=0 g=2 seq=0 chk_ok=0 r0=1055008524 r10=2290089984
0:10-1:TR1: ABVAL ti=0 g=3 seq=0 chk_ok=0 r0=1119307268 r10=4006397952
0:10-2:TR1: ABVAL ti=0 g=2 seq=0 chk_ok=0 r0=1080751378 r10=34816
0:10-2:TR1: ABVAL ti=0 g=3 seq=0 chk_ok=0 r0=1075518549 r10=34944
0:10-3:TR1: ABVAL ti=0 g=2 seq=0 chk_ok=0 r0=1100994506 r10=0
0:10-3:TR1: ABVAL ti=0 g=3 seq=0 chk_ok=0 r0=1089947468 r10=0
0:10-4:TR1: ABVAL ti=0 g=2 seq=0 chk_ok=0 r0=1107882038 r10=2290089984
0:10-4:TR1: ABVAL ti=0 g=3 seq=0 chk_ok=0 r0=1077124247 r10=0
0:10-5:TR1: ABVAL ti=0 g=2 seq=0 chk_ok=0 r0=1101932660 r10=0
0:10-5:TR1: ABVAL ti=0 g=3 seq=0 chk_ok=0 r0=1100126320 r10=0
0:10-6:TR1: ABVAL ti=0 g=2 seq=0 chk_ok=0 r0=1109848100 r10=3967811584
0:10-6:TR1: ABVAL ti=0 g=3 seq=0 chk_ok=0 r0=1060180236 r10=1610612736
0:10-7:TR1: ABVAL ti=0 g=2 seq=0 chk_ok=0 r0=1071527176 r10=855638016
0:10-7:TR1: ABVAL ti=0 g=3 seq=0 chk_ok=0 r0=1113168507 r10=8
0:10-8:TR1: ABVAL ti=0 g=2 seq=0 chk_ok=0 r0=1066855654 r10=36036
0:10-8:TR1: ABVAL ti=0 g=3 seq=0 chk_ok=0 r0=1052598195 r10=557056
0:10-9:TR1: ABVAL ti=0 g=2 seq=0 chk_ok=0 r0=1091778339 r10=285212672
0:10-9:TR1: ABVAL ti=0 g=3 seq=0 chk_ok=0 r0=1080047512 r10=268435456
0:0-0:TR1: ABVAL ti=0 g=4 seq=0 chk_ok=0 r0=1157896456 r10=0
0:0-0:TR1: ABVAL ti=0 g=5 seq=0 chk_ok=0 r0=1108331540 r10=0
0:0-1:TR1: ABVAL ti=0 g=4 seq=0 chk_ok=0 r0=1099849752 r10=286326784
0:0-1:TR1: ABVAL ti=0 g=5 seq=0 chk_ok=0 r0=1098889927 r10=823202065
0:0-2:TR1: ABVAL ti=0 g=4 seq=0 chk_ok=0 r0=1051615449 r10=268435456
0:0-2:TR1: ABVAL ti=0 g=5 seq=0 chk_ok=0 r0=1050777982 r10=805306368
0:0-3:TR1: ABVAL ti=0 g=4 seq=0 chk_ok=0 r0=1125049164 r10=0
0:0-3:TR1: ABVAL ti=0 g=5 seq=0 chk_ok=0 r0=1108900204 r10=0
0:0-4:TR1: ABVAL ti=0 g=4 seq=0 chk_ok=0 r0=1125892332 r10=0
0:0-4:TR1: ABVAL ti=0 g=5 seq=0 chk_ok=0 r0=1102245137 r10=0
0:0-5:TR1: ABVAL ti=0 g=4 seq=0 chk_ok=0 r0=1078353489 r10=805306368
0:0-5:TR1: ABVAL ti=0 g=5 seq=0 chk_ok=0 r0=1081013707 r10=53477376
0:0-6:TR1: ABVAL ti=0 g=4 seq=0 chk_ok=0 r0=1060998500 r10=2281701376
0:0-6:TR1: ABVAL ti=0 g=5 seq=0 chk_ok=0 r0=1067063210 r10=2147483648
0:0-7:TR1: ABVAL ti=0 g=4 seq=0 chk_ok=0 r0=1063619858 r10=2281701376
0:0-7:TR1: ABVAL ti=0 g=5 seq=0 chk_ok=0 r0=1066394286 r10=3422552064
0:0-8:TR1: ABVAL ti=0 g=4 seq=0 chk_ok=0 r0=1134933485 r10=0
0:0-8:TR1: ABVAL ti=0 g=5 seq=0 chk_ok=0 r0=1115694449 r10=0
0:0-9:TR1: ABVAL ti=0 g=4 seq=0 chk_ok=0 r0=1134733717 r10=13369344
0:0-9:TR1: ABVAL ti=0 g=5 seq=0 chk_ok=0 r0=1137108479 r10=13369344
0:1-0:TR1: ABVAL ti=0 g=4 seq=0 chk_ok=0 r0=1063475429 r10=0
0:1-0:TR1: ABVAL ti=0 g=5 seq=0 chk_ok=0 r0=1079439907 r10=3288334336
0:1-1:TR1: ABVAL ti=0 g=4 seq=0 chk_ok=0 r0=1051358654 r10=1610612736
0:1-1:TR1: ABVAL ti=0 g=5 seq=0 chk_ok=0 r0=1058543856 r10=1644167168
0:1-2:TR1: ABVAL ti=0 g=4 seq=0 chk_ok=0 r0=1125791171 r10=8
0:1-2:TR1: ABVAL ti=0 g=5 seq=0 chk_ok=0 r0=1124014475 r10=8
0:1-3:TR1: ABVAL ti=0 g=4 seq=0 chk_ok=0 r0=1067063210 r10=268435456
0:1-3:TR1: ABVAL ti=0 g=5 seq=0 chk_ok=0 r0=1061883588 r10=285212672
0:1-4:TR1: ABVAL ti=0 g=4 seq=0 chk_ok=0 r0=1118399361 r10=3824
0:1-4:TR1: ABVAL ti=0 g=5 seq=0 chk_ok=0 r0=1118136501 r10=3824
0:1-5:TR1: ABVAL ti=0 g=4 seq=0 chk_ok=0 r0=1118933972 r10=2176
0:1-5:TR1: ABVAL ti=0 g=5 seq=0 chk_ok=0 r0=1108954507 r10=2176
0:1-6:TR1: ABVAL ti=0 g=4 seq=0 chk_ok=0 r0=1093376948 r10=0
0:1-6:TR1: ABVAL ti=0 g=5 seq=0 chk_ok=0 r0=1061707534 r10=2147483648
0:1-7:TR1: ABVAL ti=0 g=4 seq=0 chk_ok=0 r0=1124415256 r10=0
0:1-7:TR1: ABVAL ti=0 g=5 seq=0 chk_ok=0 r0=1124597772 r10=0
0:1-8:TR1: ABVAL ti=0 g=4 seq=0 chk_ok=0 r0=1125446848 r10=2281701376
0:1-8:TR1: ABVAL ti=0 g=5 seq=0 chk_ok=0 r0=1127185578 r10=2348810240
0:1-9:TR1: ABVAL ti=0 g=4 seq=0 chk_ok=0 r0=1110927938 r10=2147483648
0:1-9:TR1: ABVAL ti=0 g=5 seq=0 chk_ok=0 r0=1108996114 r10=2147483648
0:2-0:TR1: ABVAL ti=0 g=4 seq=0 chk_ok=0 r0=1116563962 r10=30480
0:2-0:TR1: ABVAL ti=0 g=5 seq=0 chk_ok=0 r0=1116681143 r10=30480
0:2-1:TR1: ABVAL ti=0 g=4 seq=0 chk_ok=0 r0=1126688107 r10=1073741824
0:2-1:TR1: ABVAL ti=0 g=5 seq=0 chk_ok=0 r0=1114191037 r10=2147483648
0:2-2:TR1: ABVAL ti=0 g=4 seq=0 chk_ok=0 r0=1067062894 r10=1145044992
0:2-2:TR1: ABVAL ti=0 g=5 seq=0 chk_ok=0 r0=1072869716 r10=1711276032
0:2-3:TR1: ABVAL ti=0 g=4 seq=0 chk_ok=0 r0=1061691561 r10=0
0:2-3:TR1: ABVAL ti=0 g=5 seq=0 chk_ok=0 r0=1059661718 r10=550
0:2-4:TR1: ABVAL ti=0 g=4 seq=0 chk_ok=0 r0=1088000089 r10=3435414596
0:2-4:TR1: ABVAL ti=0 g=5 seq=0 chk_ok=0 r0=1052110267 r10=1140850688
0:2-5:TR1: ABVAL ti=0 g=4 seq=0 chk_ok=0 r0=1124597772 r10=8912896
0:2-5:TR1: ABVAL ti=0 g=5 seq=0 chk_ok=0 r0=1122084724 r10=8912896
0:2-6:TR1: ABVAL ti=0 g=4 seq=0 chk_ok=0 r0=1118824449 r10=0
0:2-6:TR1: ABVAL ti=0 g=5 seq=0 chk_ok=0 r0=1120399540 r10=0
0:2-7:TR1: ABVAL ti=0 g=4 seq=0 chk_ok=0 r0=1085012028 r10=286261248
0:2-7:TR1: ABVAL ti=0 g=5 seq=0 chk_ok=0 r0=1074573417 r10=268435456
0:2-8:TR1: ABVAL ti=0 g=4 seq=0 chk_ok=0 r0=1122543854 r10=2147483648
0:2-8:TR1: ABVAL ti=0 g=5 seq=0 chk_ok=0 r0=1123744431 r10=2147483648
0:2-9:TR1: ABVAL ti=0 g=4 seq=0 chk_ok=0 r0=1051147932 r10=8945664
0:2-9:TR1: ABVAL ti=0 g=5 seq=0 chk_ok=0 r0=1055828340 r10=13421568
0:3-0:TR1: ABVAL ti=0 g=4 seq=0 chk_ok=0 r0=1097172545 r10=0
0:3-0:TR1: ABVAL ti=0 g=5 seq=0 chk_ok=0 r0=1051085753 r10=204
0:3-1:TR1: ABVAL ti=0 g=4 seq=0 chk_ok=0 r0=1058610228 r10=8912896
0:3-1:TR1: ABVAL ti=0 g=5 seq=0 chk_ok=0 r0=1058986401 r10=2290089984
0:3-2:TR1: ABVAL ti=0 g=4 seq=0 chk_ok=0 r0=1076684466 r10=0
0:3-2:TR1: ABVAL ti=0 g=5 seq=0 chk_ok=0 r0=1134319945 r10=3967811584
0:3-3:TR1: ABVAL ti=0 g=4 seq=0 chk_ok=0 r0=1105484229 r10=0
0:3-3:TR1: ABVAL ti=0 g=5 seq=0 chk_ok=0 r0=1096021759 r10=0
0:3-4:TR1: ABVAL ti=0 g=4 seq=0 chk_ok=0 r0=1055620552 r10=1073741824
0:3-4:TR1: ABVAL ti=0 g=5 seq=0 chk_ok=0 r0=1071033600 r10=3221225472
0:3-5:TR1: ABVAL ti=0 g=4 seq=0 chk_ok=0 r0=1145026131 r10=0
0:3-5:TR1: ABVAL ti=0 g=5 seq=0 chk_ok=0 r0=1083491613 r10=1711276032
0:3-6:TR1: ABVAL ti=0 g=4 seq=0 chk_ok=0 r0=1136932799 r10=0
0:3-6:TR1: ABVAL ti=0 g=5 seq=0 chk_ok=0 r0=1134733717 r10=0
0:3-7:TR1: ABVAL ti=0 g=4 seq=0 chk_ok=0 r0=1104848040 r10=0
0:3-7:TR1: ABVAL ti=0 g=5 seq=0 chk_ok=0 r0=1106890322 r10=0
0:3-8:TR1: ABVAL ti=0 g=4 seq=0 chk_ok=0 r0=1101712935 r10=0
0:3-8:TR1: ABVAL ti=0 g=5 seq=0 chk_ok=0 r0=1108868646 r10=0
0:3-9:TR1: ABVAL ti=0 g=4 seq=0 chk_ok=0 r0=1101537778 r10=2295119872
0:3-9:TR1: ABVAL ti=0 g=5 seq=0 chk_ok=0 r0=1102568211 r10=8947904
0:4-0:TR1: ABVAL ti=0 g=4 seq=0 chk_ok=0 r0=1116351171 r10=52360
0:4-0:TR1: ABVAL ti=0 g=5 seq=0 chk_ok=0 r0=1116162498 r10=52360
0:4-1:TR1: ABVAL ti=0 g=4 seq=0 chk_ok=0 r0=1124846647 r10=0
0:4-1:TR1: ABVAL ti=0 g=5 seq=0 chk_ok=0 r0=1126274824 r10=0
0:4-2:TR1: ABVAL ti=0 g=4 seq=0 chk_ok=0 r0=1065590322 r10=3221225472
0:4-2:TR1: ABVAL ti=0 g=5 seq=0 chk_ok=0 r0=1067106366 r10=3221225472
0:4-3:TR1: ABVAL ti=0 g=4 seq=0 chk_ok=0 r0=1079616506 r10=6684672
0:4-3:TR1: ABVAL ti=0 g=5 seq=0 chk_ok=0 r0=1063607379 r10=2147483648
0:4-4:TR1: ABVAL ti=0 g=4 seq=0 chk_ok=0 r0=1058118299 r10=286261248
0:4-4:TR1: ABVAL ti=0 g=5 seq=0 chk_ok=0 r0=1052822621 r10=268435456
0:4-5:TR1: ABVAL ti=0 g=4 seq=0 chk_ok=0 r0=1126048904 r10=0
0:4-5:TR1: ABVAL ti=0 g=5 seq=0 chk_ok=0 r0=1089414715 r10=3221225472
0:4-6:TR1: ABVAL ti=0 g=4 seq=0 chk_ok=0 r0=1119716788 r10=0
0:4-6:TR1: ABVAL ti=0 g=5 seq=0 chk_ok=0 r0=1079481673 r10=268435456
0:4-7:TR1: ABVAL ti=0 g=4 seq=0 chk_ok=0 r0=1090786564 r10=805306368
0:4-7:TR1: ABVAL ti=0 g=5 seq=0 chk_ok=0 r0=1109517559 r10=268435456
0:4-8:TR1: ABVAL ti=0 g=4 seq=0 chk_ok=0 r0=1057976030 r10=3221225472
0:4-8:TR1: ABVAL ti=0 g=5 seq=0 chk_ok=0 r0=1084253379 r10=2147483648
0:4-9:TR1: ABVAL ti=0 g=4 seq=0 chk_ok=0 r0=1109635750 r10=0
0:4-9:TR1: ABVAL ti=0 g=5 seq=0 chk_ok=0 r0=1110268753 r10=0
0:5-0:TR1: ABVAL ti=0 g=4 seq=0 chk_ok=0 r0=1116280115 r10=0
0:5-0:TR1: ABVAL ti=0 g=5 seq=0 chk_ok=0 r0=1102963009 r10=3221225472
0:5-1:TR1: ABVAL ti=0 g=4 seq=0 chk_ok=0 r0=1108964651 r10=2281701376
0:5-1:TR1: ABVAL ti=0 g=5 seq=0 chk_ok=0 r0=1094205368 r10=0
0:5-2:TR1: ABVAL ti=0 g=4 seq=0 chk_ok=0 r0=1100926078 r10=0
0:5-2:TR1: ABVAL ti=0 g=5 seq=0 chk_ok=0 r0=1074101283 r10=286326784
0:5-3:TR1: ABVAL ti=0 g=4 seq=0 chk_ok=0 r0=1127509993 r10=0
0:5-3:TR1: ABVAL ti=0 g=5 seq=0 chk_ok=0 r0=1140126161 r10=0
0:5-4:TR1: ABVAL ti=0 g=4 seq=0 chk_ok=0 r0=1061003466 r10=536870912
0:5-4:TR1: ABVAL ti=0 g=5 seq=0 chk_ok=0 r0=1095705555 r10=0
0:5-5:TR1: ABVAL ti=0 g=4 seq=0 chk_ok=0 r0=1131254699 r10=641728512
0:5-5:TR1: ABVAL ti=0 g=5 seq=0 chk_ok=0 r0=1122143479 r10=0
0:5-6:TR1: ABVAL ti=0 g=4 seq=0 chk_ok=0 r0=1122962258 r10=286471782
0:5-6:TR1: ABVAL ti=0 g=5 seq=0 chk_ok=0 r0=1057667353 r10=1711276032
0:5-7:TR1: ABVAL ti=0 g=4 seq=0 chk_ok=0 r0=1109769783 r10=805306368
0:5-7:TR1: ABVAL ti=0 g=5 seq=0 chk_ok=0 r0=1076594294 r10=855638016
0:5-8:TR1: ABVAL ti=0 g=4 seq=0 chk_ok=0 r0=1055114067 r10=536870912
0:5-8:TR1: ABVAL ti=0 g=5 seq=0 chk_ok=0 r0=1060811000 r10=1610612736
0:5-9:TR1: ABVAL ti=0 g=4 seq=0 chk_ok=0 r0=1058427205 r10=273
0:5-9:TR1: ABVAL ti=0 g=5 seq=0 chk_ok=0 r0=1067791570 r10=572662306
0:6-0:TR1: ABVAL ti=0 g=4 seq=0 chk_ok=0 r0=1135325987 r10=573440
0:6-0:TR1: ABVAL ti=0 g=5 seq=0 chk_ok=0 r0=1133049553 r10=557056
0:6-1:TR1: ABVAL ti=0 g=4 seq=0 chk_ok=0 r0=1126162155 r10=1930428416
0:6-1:TR1: ABVAL ti=0 g=5 seq=0 chk_ok=0 r0=1113881801 r10=3758096384
0:6-2:TR1: ABVAL ti=0 g=4 seq=0 chk_ok=0 r0=1091261209 r10=286326784
0:6-2:TR1: ABVAL ti=0 g=5 seq=0 chk_ok=0 r0=1098783647 r10=286470144
0:6-3:TR1: ABVAL ti=0 g=4 seq=0 chk_ok=0 r0=1062172459 r10=3276
0:6-3:TR1: ABVAL ti=0 g=5 seq=0 chk_ok=0 r0=1074565045 r10=143445056
0:6-4:TR1: ABVAL ti=0 g=4 seq=0 chk_ok=0 r0=1129052261 r10=3329429504
0:6-4:TR1: ABVAL ti=0 g=5 seq=0 chk_ok=0 r0=1057011767 r10=2281701376
0:6-5:TR1: ABVAL ti=0 g=4 seq=0 chk_ok=0 r0=1088371513 r10=2147483648
0:6-5:TR1: ABVAL ti=0 g=5 seq=0 chk_ok=0 r0=1077015429 r10=0
0:6-6:TR1: ABVAL ti=0 g=4 seq=0 chk_ok=0 r0=1110267152 r10=1644167168
0:6-6:TR1: ABVAL ti=0 g=5 seq=0 chk_ok=0 r0=1105717879 r10=3292528640
0:6-7:TR1: ABVAL ti=0 g=4 seq=0 chk_ok=0 r0=1091846291 r10=1073741824
0:6-7:TR1: ABVAL ti=0 g=5 seq=0 chk_ok=0 r0=1108569844 r10=285212672
0:6-8:TR1: ABVAL ti=0 g=4 seq=0 chk_ok=0 r0=1054244476 r10=268435456
0:6-8:TR1: ABVAL ti=0 g=5 seq=0 chk_ok=0 r0=1058475964 r10=572653568
0:6-9:TR1: ABVAL ti=0 g=4 seq=0 chk_ok=0 r0=1109044705 r10=8
0:6-9:TR1: ABVAL ti=0 g=5 seq=0 chk_ok=0 r0=1100240239 r10=0
0:7-0:TR1: ABVAL ti=0 g=4 seq=0 chk_ok=0 r0=1089922028 r10=2147483648
0:7-0:TR1: ABVAL ti=0 g=5 seq=0 chk_ok=0 r0=1102721978 r10=2147483648
0:7-1:TR1: ABVAL ti=0 g=4 seq=0 chk_ok=0 r0=1124256408 r10=65024
0:7-1:TR1: ABVAL ti=0 g=5 seq=0 chk_ok=0 r0=1096764451 r10=2176
0:7-2:TR1: ABVAL ti=0 g=4 seq=0 chk_ok=0 r0=1091261209 r10=2281701376
0:7-2:TR1: ABVAL ti=0 g=5 seq=0 chk_ok=0 r0=1098783647 r10=2281701376
0:7-3:TR1: ABVAL ti=0 g=4 seq=0 chk_ok=0 r0=1083038936 r10=285212672
0:7-3:TR1: ABVAL ti=0 g=5 seq=0 chk_ok=0 r0=1070825240 r10=285212672
0:7-4:TR1: ABVAL ti=0 g=4 seq=0 chk_ok=0 r0=1050293726 r10=1178599424
0:7-4:TR1: ABVAL ti=0 g=5 seq=0 chk_ok=0 r0=1065692612 r10=2147483648
0:7-5:TR1: ABVAL ti=0 g=4 seq=0 chk_ok=0 r0=1117208005 r10=0
0:7-5:TR1: ABVAL ti=0 g=5 seq=0 chk_ok=0 r0=1117563707 r10=0
0:7-6:TR1: ABVAL ti=0 g=4 seq=0 chk_ok=0 r0=1053164563 r10=13056
0:7-6:TR1: ABVAL ti=0 g=5 seq=0 chk_ok=0 r0=1055452118 r10=13056
0:7-7:TR1: ABVAL ti=0 g=4 seq=0 chk_ok=0 r0=1073614754 r10=855638016
0:7-7:TR1: ABVAL ti=0 g=5 seq=0 chk_ok=0 r0=1067074830 r10=805306368
0:7-8:TR1: ABVAL ti=0 g=4 seq=0 chk_ok=0 r0=1055589602 r10=536870912
0:7-8:TR1: ABVAL ti=0 g=5 seq=0 chk_ok=0 r0=1082499512 r10=285212672
0:7-9:TR1: ABVAL ti=0 g=4 seq=0 chk_ok=0 r0=1067831153 r10=204
0:7-9:TR1: ABVAL ti=0 g=5 seq=0 chk_ok=0 r0=1085844588 r10=206
0:8-0:TR1: ABVAL ti=0 g=4 seq=0 chk_ok=0 r0=1057485221 r10=572522496
0:8-0:TR1: ABVAL ti=0 g=5 seq=0 chk_ok=0 r0=1056675983 r10=142606336
0:8-1:TR1: ABVAL ti=0 g=4 seq=0 chk_ok=0 r0=1063810125 r10=13421768
0:8-1:TR1: ABVAL ti=0 g=5 seq=0 chk_ok=0 r0=1050851193 r10=1145324612
0:8-2:TR1: ABVAL ti=0 g=4 seq=0 chk_ok=0 r0=1058484074 r10=572662304
0:8-2:TR1: ABVAL ti=0 g=5 seq=0 chk_ok=0 r0=1056942648 r10=1717567488
0:8-3:TR1: ABVAL ti=0 g=4 seq=0 chk_ok=0 r0=1114815396 r10=14
0:8-3:TR1: ABVAL ti=0 g=5 seq=0 chk_ok=0 r0=1105484229 r10=8
0:8-4:TR1: ABVAL ti=0 g=4 seq=0 chk_ok=0 r0=1112443602 r10=557056
0:8-4:TR1: ABVAL ti=0 g=5 seq=0 chk_ok=0 r0=1111812864 r10=524288
0:8-5:TR1: ABVAL ti=0 g=4 seq=0 chk_ok=0 r0=1069294574 r10=268435456
0:8-5:TR1: ABVAL ti=0 g=5 seq=0 chk_ok=0 r0=1054070026 r10=1140850688
0:8-6:TR1: ABVAL ti=0 g=4 seq=0 chk_ok=0 r0=1101017548 r10=0
0:8-6:TR1: ABVAL ti=0 g=5 seq=0 chk_ok=0 r0=1089707520 r10=536870912
0:8-7:TR1: ABVAL ti=0 g=4 seq=0 chk_ok=0 r0=1053292240 r10=8947848
0:8-7:TR1: ABVAL ti=0 g=5 seq=0 chk_ok=0 r0=1050896565 r10=2147483648
0:8-8:TR1: ABVAL ti=0 g=4 seq=0 chk_ok=0 r0=1083569891 r10=17891328
0:8-8:TR1: ABVAL ti=0 g=5 seq=0 chk_ok=0 r0=1086786546 r10=17895424
0:8-9:TR1: ABVAL ti=0 g=4 seq=0 chk_ok=0 r0=1089109945 r10=2290925568
0:8-9:TR1: ABVAL ti=0 g=5 seq=0 chk_ok=0 r0=1101235231 r10=8
0:9-0:TR1: ABVAL ti=0 g=4 seq=0 chk_ok=0 r0=1103199875 r10=3221225472
0:9-0:TR1: ABVAL ti=0 g=5 seq=0 chk_ok=0 r0=1099472497 r10=2147483648
0:9-1:TR1: ABVAL ti=0 g=4 seq=0 chk_ok=0 r0=1058535934 r10=268435456
0:9-1:TR1: ABVAL ti=0 g=5 seq=0 chk_ok=0 r0=1080511692 r10=285212672
0:9-2:TR1: ABVAL ti=0 g=4 seq=0 chk_ok=0 r0=1074242910 r10=1140850688
0:9-2:TR1: ABVAL ti=0 g=5 seq=0 chk_ok=0 r0=1074451475 r10=2281701376
0:9-3:TR1: ABVAL ti=0 g=4 seq=0 chk_ok=0 r0=1065316781 r10=559240
0:9-3:TR1: ABVAL ti=0 g=5 seq=0 chk_ok=0 r0=1066829368 r10=559232
0:9-4:TR1: ABVAL ti=0 g=4 seq=0 chk_ok=0 r0=1123325675 r10=8
0:9-4:TR1: ABVAL ti=0 g=5 seq=0 chk_ok=0 r0=1124917748 r10=0
0:9-5:TR1: ABVAL ti=0 g=4 seq=0 chk_ok=0 r0=1063619858 r10=1
0:9-5:TR1: ABVAL ti=0 g=5 seq=0 chk_ok=0 r0=1067507082 r10=1
0:9-6:TR1: ABVAL ti=0 g=4 seq=0 chk_ok=0 r0=1069863198 r10=8
0:9-6:TR1: ABVAL ti=0 g=5 seq=0 chk_ok=0 r0=1061636894 r10=8
0:9-7:TR1: ABVAL ti=0 g=4 seq=0 chk_ok=0 r0=1124338963 r10=0
0:9-7:TR1: ABVAL ti=0 g=5 seq=0 chk_ok=0 r0=1120193843 r10=0
0:9-8:TR1: ABVAL ti=0 g=4 seq=0 chk_ok=0 r0=1074362234 r10=3221225472
0:9-8:TR1: ABVAL ti=0 g=5 seq=0 chk_ok=0 r0=1052506605 r10=2176
0:9-9:TR1: ABVAL ti=0 g=4 seq=0 chk_ok=0 r0=1120561063 r10=0
0:9-9:TR1: ABVAL ti=0 g=5 seq=0 chk_ok=0 r0=1120948229 r10=0
0:10-0:TR1: ABVAL ti=0 g=4 seq=0 chk_ok=0 r0=1096145445 r10=3426746368
0:10-0:TR1: ABVAL ti=0 g=5 seq=0 chk_ok=0 r0=1094261345 r10=3422552064
0:10-1:TR1: ABVAL ti=0 g=4 seq=0 chk_ok=0 r0=1082874754 r10=3633152
0:10-1:TR1: ABVAL ti=0 g=5 seq=0 chk_ok=0 r0=1066390574 r10=34952
0:10-2:TR1: ABVAL ti=0 g=4 seq=0 chk_ok=0 r0=1065663557 r10=557056
0:10-2:TR1: ABVAL ti=0 g=5 seq=0 chk_ok=0 r0=1081998766 r10=34944
0:10-3:TR1: ABVAL ti=0 g=4 seq=0 chk_ok=0 r0=1102799328 r10=0
0:10-3:TR1: ABVAL ti=0 g=5 seq=0 chk_ok=0 r0=1120563566 r10=0
0:10-4:TR1: ABVAL ti=0 g=4 seq=0 chk_ok=0 r0=1068594302 r10=0
0:10-4:TR1: ABVAL ti=0 g=5 seq=0 chk_ok=0 r0=1060780535 r10=2281701376
0:10-5:TR1: ABVAL ti=0 g=4 seq=0 chk_ok=0 r0=1103157186 r10=268435456
0:10-5:TR1: ABVAL ti=0 g=5 seq=0 chk_ok=0 r0=1064832334 r10=2281701376
0:10-6:TR1: ABVAL ti=0 g=4 seq=0 chk_ok=0 r0=1098571036 r10=0
0:10-6:TR1: ABVAL ti=0 g=5 seq=0 chk_ok=0 r0=1072179694 r10=2147483648
0:10-7:TR1: ABVAL ti=0 g=4 seq=0 chk_ok=0 r0=1116613559 r10=8
0:10-7:TR1: ABVAL ti=0 g=5 seq=0 chk_ok=0 r0=1113295389 r10=12
0:10-8:TR1: ABVAL ti=0 g=4 seq=0 chk_ok=0 r0=1140745794 r10=8
0:10-8:TR1: ABVAL ti=0 g=5 seq=0 chk_ok=0 r0=1097172545 r10=34816
0:10-9:TR1: ABVAL ti=0 g=4 seq=0 chk_ok=0 r0=1110117115 r10=322052096
0:10-9:TR1: ABVAL ti=0 g=5 seq=0 chk_ok=0 r0=1109675173 r10=288563200
0:10-9:TR1: ABCK ti=0 L=8246 seqmm=8245 chkmm=8246 rows=8246
0:10-8:TR1: ABCK ti=0 L=8284 seqmm=8283 chkmm=8284 rows=8284
0:10-6:TR1: ABCK ti=0 L=8353 seqmm=8352 chkmm=8353 rows=8353
0:10-7:TR1: ABCK ti=0 L=8360 seqmm=8359 chkmm=8360 rows=8360
0:10-3:TR1: ABCK ti=0 L=8378 seqmm=8377 chkmm=8378 rows=8378
0:10-5:TR1: ABCK ti=0 L=8389 seqmm=8388 chkmm=8389 rows=8389
0:10-4:TR1: ABCK ti=0 L=8424 seqmm=8423 chkmm=8424 rows=8424
0:10-2:TR1: ABCK ti=0 L=8444 seqmm=8443 chkmm=8444 rows=8444
0:10-1:TR1: ABCK ti=0 L=8528 seqmm=8527 chkmm=8528 rows=8528
0:10-0:TR1: ABCK ti=0 L=8527 seqmm=8526 chkmm=8527 rows=8527
0:9-9:TR1: ABCK ti=0 L=8574 seqmm=8573 chkmm=8574 rows=8574
0:9-8:TR1: ABCK ti=0 L=8680 seqmm=8679 chkmm=8680 rows=8680
0:9-7:TR1: ABCK ti=0 L=8760 seqmm=8759 chkmm=8760 rows=8760
0:9-5:TR1: ABCK ti=0 L=9093 seqmm=9092 chkmm=9093 rows=9093
0:9-6:TR1: ABCK ti=0 L=9101 seqmm=9100 chkmm=9101 rows=9101
0:9-3:TR1: ABCK ti=0 L=9159 seqmm=9158 chkmm=9159 rows=9159
0:9-4:TR1: ABCK ti=0 L=9216 seqmm=9215 chkmm=9216 rows=9216
0:9-1:TR1: ABCK ti=0 L=9293 seqmm=9292 chkmm=9293 rows=9293
0:9-2:TR1: ABCK ti=0 L=9266 seqmm=9265 chkmm=9266 rows=9266
0:9-0:TR1: ABCK ti=0 L=9302 seqmm=9301 chkmm=9302 rows=9302
0:8-9:TR1: ABCK ti=0 L=9433 seqmm=9432 chkmm=9433 rows=9433
0:8-8:TR1: ABCK ti=0 L=9495 seqmm=9494 chkmm=9495 rows=9495
0:8-6:TR1: ABCK ti=0 L=9516 seqmm=9515 chkmm=9516 rows=9516
0:8-5:TR1: ABCK ti=0 L=9548 seqmm=9547 chkmm=9548 rows=9548
0:8-4:TR1: ABCK ti=0 L=9624 seqmm=9623 chkmm=9624 rows=9624
0:8-7:TR1: ABCK ti=0 L=9637 seqmm=9636 chkmm=9637 rows=9637
0:8-3:TR1: ABCK ti=0 L=9654 seqmm=9653 chkmm=9654 rows=9654
0:8-1:TR1: ABCK ti=0 L=9703 seqmm=9702 chkmm=9703 rows=9703
0:8-2:TR1: ABCK ti=0 L=9775 seqmm=9774 chkmm=9775 rows=9775
0:8-0:TR1: ABCK ti=0 L=9885 seqmm=9884 chkmm=9885 rows=9885
0:7-8:TR1: ABCK ti=0 L=9938 seqmm=9937 chkmm=9938 rows=9938
0:7-9:TR1: ABCK ti=0 L=9982 seqmm=9981 chkmm=9982 rows=9982
0:7-7:TR1: ABCK ti=0 L=9980 seqmm=9979 chkmm=9980 rows=9980
0:7-6:TR1: ABCK ti=0 L=10085 seqmm=10084 chkmm=10085 rows=10085
0:7-5:TR1: ABCK ti=0 L=10172 seqmm=10171 chkmm=10172 rows=10172
0:7-4:TR1: ABCK ti=0 L=10210 seqmm=10209 chkmm=10210 rows=10210
0:7-3:TR1: ABCK ti=0 L=10254 seqmm=10253 chkmm=10254 rows=10254
0:7-1:TR1: ABCK ti=0 L=10303 seqmm=10302 chkmm=10303 rows=10303
0:7-2:TR1: ABCK ti=0 L=10296 seqmm=10295 chkmm=10296 rows=10296
0:6-9:TR1: ABCK ti=0 L=10483 seqmm=10482 chkmm=10483 rows=10483
0:7-0:TR1: ABCK ti=0 L=10543 seqmm=10542 chkmm=10543 rows=10543
0:6-7:TR1: ABCK ti=0 L=10614 seqmm=10613 chkmm=10614 rows=10614
0:6-8:TR1: ABCK ti=0 L=10612 seqmm=10611 chkmm=10612 rows=10612
0:6-6:TR1: ABCK ti=0 L=10732 seqmm=10731 chkmm=10732 rows=10732
0:6-5:TR1: ABCK ti=0 L=10759 seqmm=10758 chkmm=10759 rows=10759
0:6-3:TR1: ABCK ti=0 L=10796 seqmm=10795 chkmm=10796 rows=10796
0:6-4:TR1: ABCK ti=0 L=10831 seqmm=10830 chkmm=10831 rows=10831
0:6-2:TR1: ABCK ti=0 L=11032 seqmm=11031 chkmm=11032 rows=11032
0:6-1:TR1: ABCK ti=0 L=11088 seqmm=11087 chkmm=11088 rows=11088
0:6-0:TR1: ABCK ti=0 L=11157 seqmm=11156 chkmm=11157 rows=11157
0:5-8:TR1: ABCK ti=0 L=11288 seqmm=11287 chkmm=11288 rows=11288
0:5-9:TR1: ABCK ti=0 L=11278 seqmm=11277 chkmm=11278 rows=11278
0:5-7:TR1: ABCK ti=0 L=11563 seqmm=11562 chkmm=11563 rows=11563
0:5-6:TR1: ABCK ti=0 L=11592 seqmm=11591 chkmm=11592 rows=11592
0:5-5:TR1: ABCK ti=0 L=11647 seqmm=11646 chkmm=11647 rows=11647
0:5-4:TR1: ABCK ti=0 L=11724 seqmm=11723 chkmm=11724 rows=11724
0:5-2:TR1: ABCK ti=0 L=11905 seqmm=11904 chkmm=11905 rows=11905
0:5-3:TR1: ABCK ti=0 L=11903 seqmm=11902 chkmm=11903 rows=11903
0:5-1:TR1: ABCK ti=0 L=11934 seqmm=11933 chkmm=11934 rows=11934
0:5-0:TR1: ABCK ti=0 L=11951 seqmm=11950 chkmm=11951 rows=11951
0:4-9:TR1: ABCK ti=0 L=12013 seqmm=12012 chkmm=12013 rows=12013
0:4-8:TR1: ABCK ti=0 L=12064 seqmm=12063 chkmm=12064 rows=12064
0:4-7:TR1: ABCK ti=0 L=12136 seqmm=12135 chkmm=12136 rows=12136
0:4-6:TR1: ABCK ti=0 L=12151 seqmm=12150 chkmm=12151 rows=12151
0:4-5:TR1: ABCK ti=0 L=12390 seqmm=12389 chkmm=12390 rows=12390
0:4-4:TR1: ABCK ti=0 L=12691 seqmm=12690 chkmm=12691 rows=12691
0:4-3:TR1: ABCK ti=0 L=12811 seqmm=12810 chkmm=12811 rows=12811
0:4-0:TR1: ABCK ti=0 L=12920 seqmm=12919 chkmm=12920 rows=12920
0:4-1:TR1: ABCK ti=0 L=12951 seqmm=12950 chkmm=12951 rows=12951
0:4-2:TR1: ABCK ti=0 L=12947 seqmm=12946 chkmm=12947 rows=12947
0:3-9:TR1: ABCK ti=0 L=12975 seqmm=12974 chkmm=12975 rows=12975
0:3-8:TR1: ABCK ti=0 L=13182 seqmm=13181 chkmm=13182 rows=13182
0:3-7:TR1: ABCK ti=0 L=13293 seqmm=13292 chkmm=13293 rows=13293
0:3-5:TR1: ABCK ti=0 L=13447 seqmm=13446 chkmm=13447 rows=13447
0:3-6:TR1: ABCK ti=0 L=13434 seqmm=13433 chkmm=13434 rows=13434
0:3-4:TR1: ABCK ti=0 L=13607 seqmm=13606 chkmm=13607 rows=13607
0:3-3:TR1: ABCK ti=0 L=13671 seqmm=13670 chkmm=13671 rows=13671
0:3-2:TR1: ABCK ti=0 L=13794 seqmm=13793 chkmm=13794 rows=13794
0:3-1:TR1: ABCK ti=0 L=13926 seqmm=13925 chkmm=13926 rows=13926
0:3-0:TR1: ABCK ti=0 L=13977 seqmm=13976 chkmm=13977 rows=13977
0:2-8:TR1: ABCK ti=0 L=14075 seqmm=14074 chkmm=14075 rows=14075
0:2-9:TR1: ABCK ti=0 L=14050 seqmm=14049 chkmm=14050 rows=14050
0:2-6:TR1: ABCK ti=0 L=14272 seqmm=14271 chkmm=14272 rows=14272
0:2-7:TR1: ABCK ti=0 L=14298 seqmm=14297 chkmm=14298 rows=14298
0:2-5:TR1: ABCK ti=0 L=14438 seqmm=14437 chkmm=14438 rows=14438
0:2-4:TR1: ABCK ti=0 L=14614 seqmm=14613 chkmm=14614 rows=14614
0:2-2:TR1: ABCK ti=0 L=14704 seqmm=14703 chkmm=14704 rows=14704
0:2-3:TR1: ABCK ti=0 L=14877 seqmm=14876 chkmm=14877 rows=14877
0:2-1:TR1: ABCK ti=0 L=15033 seqmm=15032 chkmm=15033 rows=15033
0:2-0:TR1: ABCK ti=0 L=15137 seqmm=15136 chkmm=15137 rows=15137
0:1-8:TR1: ABCK ti=0 L=15294 seqmm=15293 chkmm=15294 rows=15294
0:1-9:TR1: ABCK ti=0 L=15327 seqmm=15326 chkmm=15327 rows=15327
0:1-7:TR1: ABCK ti=0 L=15442 seqmm=15441 chkmm=15442 rows=15442
0:1-6:TR1: ABCK ti=0 L=15558 seqmm=15557 chkmm=15558 rows=15558
0:1-4:TR1: ABCK ti=0 L=15764 seqmm=15763 chkmm=15764 rows=15764
0:1-5:TR1: ABCK ti=0 L=15780 seqmm=15779 chkmm=15780 rows=15780
0:1-3:TR1: ABCK ti=0 L=15837 seqmm=15836 chkmm=15837 rows=15837
0:10-2:TR1: ABCK ti=1 L=7616 seqmm=7606 chkmm=0 rows=7616
0:10-7:TR1: ABCK ti=1 L=7834 seqmm=7825 chkmm=0 rows=7834
0:10-1:TR1: ABCK ti=1 L=7677 seqmm=7667 chkmm=0 rows=7677
0:9-9:TR1: ABCK ti=1 L=7651 seqmm=7642 chkmm=0 rows=7651
0:10-3:TR1: ABCK ti=1 L=7850 seqmm=7840 chkmm=0 rows=7850
0:9-8:TR1: ABCK ti=1 L=7557 seqmm=7548 chkmm=0 rows=7557
0:10-0:TR1: ABCK ti=1 L=7696 seqmm=7687 chkmm=0 rows=7696
0:10-6:TR1: ABCK ti=1 L=7876 seqmm=7867 chkmm=0 rows=7876
0:10-9:TR1: ABCK ti=1 L=8091 seqmm=8081 chkmm=0 rows=8091
0:9-2:TR1: ABCK ti=1 L=7104 seqmm=7095 chkmm=0 rows=7104
0:10-8:TR1: ABCK ti=1 L=8100 seqmm=8091 chkmm=0 rows=8100
0:9-3:TR1: ABCK ti=1 L=7248 seqmm=7238 chkmm=0 rows=7248
0:9-7:TR1: ABCK ti=1 L=7660 seqmm=7651 chkmm=0 rows=7660
0:8-6:TR1: ABCK ti=1 L=6948 seqmm=6932 chkmm=0 rows=6948
0:10-5:TR1: ABCK ti=1 L=8057 seqmm=8047 chkmm=0 rows=8057
0:7-9:TR1: ABCK ti=1 L=6495 seqmm=6485 chkmm=0 rows=6495
0:9-0:TR1: ABCK ti=1 L=7187 seqmm=7177 chkmm=0 rows=7187
0:10-4:TR1: ABCK ti=1 L=8057 seqmm=8048 chkmm=0 rows=8057
0:1-1:TR1: ABCK ti=0 L=16505 seqmm=16504 chkmm=16505 rows=16505
0:1-2:TR1: ABCK ti=0 L=16493 seqmm=16492 chkmm=16493 rows=16493
0:8-9:TR1: ABCK ti=1 L=7057 seqmm=7048 chkmm=0 rows=7057
0:7-7:TR1: ABCK ti=1 L=6501 seqmm=6492 chkmm=0 rows=6501
0:8-1:TR1: ABCK ti=1 L=6771 seqmm=6762 chkmm=0 rows=6771
0:8-3:TR1: ABCK ti=1 L=6853 seqmm=6843 chkmm=0 rows=6853
0:9-1:TR1: ABCK ti=1 L=7214 seqmm=7205 chkmm=0 rows=7214
0:8-2:TR1: ABCK ti=1 L=6752 seqmm=6742 chkmm=0 rows=6752
0:7-8:TR1: ABCK ti=1 L=6613 seqmm=6604 chkmm=0 rows=6613
0:8-4:TR1: ABCK ti=1 L=6944 seqmm=6935 chkmm=0 rows=6944
0:8-5:TR1: ABCK ti=1 L=7020 seqmm=7011 chkmm=0 rows=7020
0:1-0:TR1: ABCK ti=0 L=16581 seqmm=16580 chkmm=16581 rows=16581
0:8-0:TR1: ABCK ti=1 L=6698 seqmm=6689 chkmm=0 rows=6698
0:9-5:TR1: ABCK ti=1 L=7476 seqmm=7467 chkmm=0 rows=7476
0:8-7:TR1: ABCK ti=1 L=6963 seqmm=6953 chkmm=0 rows=6963
0:9-6:TR1: ABCK ti=1 L=7482 seqmm=7473 chkmm=0 rows=7482
0:8-8:TR1: ABCK ti=1 L=7128 seqmm=7118 chkmm=0 rows=7128
0:9-4:TR1: ABCK ti=1 L=7408 seqmm=7399 chkmm=0 rows=7408
0:7-3:TR1: ABCK ti=1 L=6382 seqmm=6373 chkmm=0 rows=6382
0:7-4:TR1: ABCK ti=1 L=6438 seqmm=6429 chkmm=0 rows=6438
0:7-5:TR1: ABCK ti=1 L=6466 seqmm=6457 chkmm=0 rows=6466
0:7-6:TR1: ABCK ti=1 L=6623 seqmm=6614 chkmm=0 rows=6623
0:0-9:TR1: ABCK ti=0 L=16735 seqmm=16734 chkmm=16735 rows=16735
0:7-1:TR1: ABCK ti=1 L=6418 seqmm=6408 chkmm=0 rows=6418
0:7-2:TR1: ABCK ti=1 L=6494 seqmm=6485 chkmm=0 rows=6494
0:6-9:TR1: ABCK ti=1 L=6337 seqmm=6327 chkmm=0 rows=6337
0:0-8:TR1: ABCK ti=0 L=16805 seqmm=16804 chkmm=16805 rows=16805
0:7-0:TR1: ABCK ti=1 L=6308 seqmm=6299 chkmm=0 rows=6308
0:6-3:TR1: ABCK ti=1 L=6081 seqmm=6071 chkmm=0 rows=6081
0:6-8:TR1: ABCK ti=1 L=6283 seqmm=6274 chkmm=0 rows=6283
0:6-7:TR1: ABCK ti=1 L=6286 seqmm=6277 chkmm=0 rows=6286
0:6-4:TR1: ABCK ti=1 L=6176 seqmm=6167 chkmm=0 rows=6176
0:6-6:TR1: ABCK ti=1 L=6249 seqmm=6240 chkmm=0 rows=6249
0:6-5:TR1: ABCK ti=1 L=6244 seqmm=6235 chkmm=0 rows=6244
0:6-1:TR1: ABCK ti=1 L=6053 seqmm=6043 chkmm=0 rows=6053
0:6-0:TR1: ABCK ti=1 L=6113 seqmm=6104 chkmm=0 rows=6113
0:6-2:TR1: ABCK ti=1 L=6286 seqmm=6277 chkmm=0 rows=6286
0:5-8:TR1: ABCK ti=1 L=6084 seqmm=6069 chkmm=0 rows=6084
0:5-9:TR1: ABCK ti=1 L=6087 seqmm=6077 chkmm=0 rows=6087
0:0-7:TR1: ABCK ti=0 L=17424 seqmm=17423 chkmm=17424 rows=17424
0:5-7:TR1: ABCK ti=1 L=5947 seqmm=5937 chkmm=0 rows=5947
0:0-6:TR1: ABCK ti=0 L=17577 seqmm=17576 chkmm=17577 rows=17577
0:5-5:TR1: ABCK ti=1 L=5918 seqmm=5907 chkmm=0 rows=5918
0:5-6:TR1: ABCK ti=1 L=5970 seqmm=5961 chkmm=0 rows=5970
0:5-4:TR1: ABCK ti=1 L=5916 seqmm=5906 chkmm=0 rows=5916
0:0-5:TR1: ABCK ti=0 L=17689 seqmm=17688 chkmm=17689 rows=17689
0:5-3:TR1: ABCK ti=1 L=5834 seqmm=5825 chkmm=0 rows=5834
0:5-2:TR1: ABCK ti=1 L=5861 seqmm=5851 chkmm=0 rows=5861
0:5-0:TR1: ABCK ti=1 L=5914 seqmm=5904 chkmm=0 rows=5914
0:5-1:TR1: ABCK ti=1 L=5931 seqmm=5922 chkmm=0 rows=5931
0:4-8:TR1: ABCK ti=1 L=5830 seqmm=5819 chkmm=0 rows=5830
0:4-7:TR1: ABCK ti=1 L=5802 seqmm=5793 chkmm=0 rows=5802
0:4-9:TR1: ABCK ti=1 L=5951 seqmm=5942 chkmm=0 rows=5951
0:4-6:TR1: ABCK ti=1 L=5863 seqmm=5854 chkmm=0 rows=5863
0:4-5:TR1: ABCK ti=1 L=5859 seqmm=5849 chkmm=0 rows=5859
0:0-4:TR1: ABCK ti=0 L=18270 seqmm=18269 chkmm=18270 rows=18270
0:4-4:TR1: ABCK ti=1 L=5767 seqmm=5747 chkmm=0 rows=5767
0:4-3:TR1: ABCK ti=1 L=5740 seqmm=5729 chkmm=0 rows=5740
0:0-3:TR1: ABCK ti=0 L=18585 seqmm=18584 chkmm=18585 rows=18585
0:4-0:TR1: ABCK ti=1 L=5671 seqmm=5661 chkmm=0 rows=5671
0:4-2:TR1: ABCK ti=1 L=5639 seqmm=5629 chkmm=0 rows=5639
0:4-1:TR1: ABCK ti=1 L=5687 seqmm=5674 chkmm=0 rows=5687
0:3-9:TR1: ABCK ti=1 L=5672 seqmm=5663 chkmm=0 rows=5672
0:3-8:TR1: ABCK ti=1 L=5645 seqmm=5635 chkmm=0 rows=5645
0:3-7:TR1: ABCK ti=1 L=5639 seqmm=5629 chkmm=0 rows=5639
0:3-5:TR1: ABCK ti=1 L=5567 seqmm=5557 chkmm=0 rows=5567
0:3-6:TR1: ABCK ti=1 L=5571 seqmm=5560 chkmm=0 rows=5571
0:3-4:TR1: ABCK ti=1 L=5623 seqmm=5613 chkmm=0 rows=5623
0:3-3:TR1: ABCK ti=1 L=5565 seqmm=5556 chkmm=0 rows=5565
0:3-2:TR1: ABCK ti=1 L=5604 seqmm=5595 chkmm=0 rows=5604
0:3-1:TR1: ABCK ti=1 L=5510 seqmm=5501 chkmm=0 rows=5510
0:2-8:TR1: ABCK ti=1 L=5495 seqmm=5485 chkmm=0 rows=5495
0:3-0:TR1: ABCK ti=1 L=5585 seqmm=5576 chkmm=0 rows=5585
0:2-9:TR1: ABCK ti=1 L=5532 seqmm=5522 chkmm=0 rows=5532
0:2-7:TR1: ABCK ti=1 L=5501 seqmm=5492 chkmm=0 rows=5501
0:2-5:TR1: ABCK ti=1 L=5398 seqmm=5388 chkmm=0 rows=5398
0:2-6:TR1: ABCK ti=1 L=5557 seqmm=5548 chkmm=0 rows=5557
0:2-4:TR1: ABCK ti=1 L=5450 seqmm=5441 chkmm=0 rows=5450
0:2-2:TR1: ABCK ti=1 L=5435 seqmm=5426 chkmm=0 rows=5435
0:2-3:TR1: ABCK ti=1 L=5462 seqmm=5453 chkmm=0 rows=5462
0:2-0:TR1: ABCK ti=1 L=5315 seqmm=5305 chkmm=0 rows=5315
0:2-1:TR1: ABCK ti=1 L=5427 seqmm=5418 chkmm=0 rows=5427
0:1-8:TR1: ABCK ti=1 L=5341 seqmm=5331 chkmm=0 rows=5341
0:1-9:TR1: ABCK ti=1 L=5361 seqmm=5351 chkmm=0 rows=5361
0:1-7:TR1: ABCK ti=1 L=5285 seqmm=5276 chkmm=0 rows=5285
0:1-6:TR1: ABCK ti=1 L=5239 seqmm=5230 chkmm=0 rows=5239
0:1-5:TR1: ABCK ti=1 L=5093 seqmm=5084 chkmm=0 rows=5093
0:10-7:TR1: ABCK ti=2 L=4729 seqmm=4720 chkmm=0 rows=4729
0:10-9:TR1: ABCK ti=2 L=4612 seqmm=4602 chkmm=0 rows=4612
0:8-9:TR1: ABCK ti=2 L=4487 seqmm=4478 chkmm=0 rows=4487
0:9-9:TR1: ABCK ti=2 L=4728 seqmm=4718 chkmm=0 rows=4728
0:9-8:TR1: ABCK ti=2 L=4740 seqmm=4731 chkmm=0 rows=4740
0:10-6:TR1: ABCK ti=2 L=4744 seqmm=4735 chkmm=0 rows=4744
0:7-7:TR1: ABCK ti=2 L=4512 seqmm=4503 chkmm=0 rows=4512
0:1-4:TR1: ABCK ti=1 L=5277 seqmm=5267 chkmm=0 rows=5277
0:8-5:TR1: ABCK ti=2 L=4475 seqmm=4465 chkmm=0 rows=4475
0:1-3:TR1: ABCK ti=1 L=5208 seqmm=5198 chkmm=0 rows=5208
0:8-1:TR1: ABCK ti=2 L=4527 seqmm=4518 chkmm=0 rows=4527
0:9-5:TR1: ABCK ti=2 L=4462 seqmm=4453 chkmm=0 rows=4462
0:7-3:TR1: ABCK ti=2 L=4426 seqmm=4417 chkmm=0 rows=4426
0:10-2:TR1: ABCK ti=2 L=4987 seqmm=4978 chkmm=0 rows=4987
0:10-4:TR1: ABCK ti=2 L=4577 seqmm=4567 chkmm=0 rows=4577
0:9-2:TR1: ABCK ti=2 L=4675 seqmm=4666 chkmm=0 rows=4675
0:10-3:TR1: ABCK ti=2 L=4844 seqmm=4834 chkmm=0 rows=4844
0:9-6:TR1: ABCK ti=2 L=4496 seqmm=4483 chkmm=0 rows=4496
0:8-6:TR1: ABCK ti=2 L=4644 seqmm=4635 chkmm=0 rows=4644
0:7-4:TR1: ABCK ti=2 L=4461 seqmm=4452 chkmm=0 rows=4461
0:7-6:TR1: ABCK ti=2 L=4418 seqmm=4408 chkmm=0 rows=4418
0:8-2:TR1: ABCK ti=2 L=4580 seqmm=4571 chkmm=0 rows=4580
0:8-4:TR1: ABCK ti=2 L=4583 seqmm=4572 chkmm=0 rows=4583
0:10-0:TR1: ABCK ti=2 L=4896 seqmm=4883 chkmm=0 rows=4896
0:7-9:TR1: ABCK ti=2 L=4686 seqmm=4677 chkmm=0 rows=4686
0:8-7:TR1: ABCK ti=2 L=4548 seqmm=4539 chkmm=0 rows=4548
0:7-8:TR1: ABCK ti=2 L=4618 seqmm=4609 chkmm=0 rows=4618
0:8-0:TR1: ABCK ti=2 L=4588 seqmm=4578 chkmm=0 rows=4588
0:8-3:TR1: ABCK ti=2 L=4665 seqmm=4656 chkmm=0 rows=4665
0:9-0:TR1: ABCK ti=2 L=4686 seqmm=4676 chkmm=0 rows=4686
0:9-7:TR1: ABCK ti=2 L=4756 seqmm=4743 chkmm=1 rows=4756
0:9-4:TR1: ABCK ti=2 L=4567 seqmm=4558 chkmm=0 rows=4567
0:10-5:TR1: ABCK ti=2 L=4740 seqmm=4731 chkmm=0 rows=4740
0:9-3:TR1: ABCK ti=2 L=4759 seqmm=4749 chkmm=0 rows=4759
0:10-8:TR1: ABCK ti=2 L=4805 seqmm=4794 chkmm=0 rows=4805
0:6-9:TR1: ABCK ti=2 L=4399 seqmm=4390 chkmm=0 rows=4399
0:8-8:TR1: ABCK ti=2 L=4578 seqmm=4569 chkmm=0 rows=4578
0:9-1:TR1: ABCK ti=2 L=4701 seqmm=4691 chkmm=0 rows=4701
0:10-1:TR1: ABCK ti=2 L=4999 seqmm=4990 chkmm=0 rows=4999
0:7-2:TR1: ABCK ti=2 L=4432 seqmm=4419 chkmm=0 rows=4432
0:7-5:TR1: ABCK ti=2 L=4605 seqmm=4565 chkmm=0 rows=4605
0:7-1:TR1: ABCK ti=2 L=4505 seqmm=4496 chkmm=0 rows=4505
0:6-3:TR1: ABCK ti=2 L=4386 seqmm=4375 chkmm=0 rows=4386
0:6-7:TR1: ABCK ti=2 L=4415 seqmm=4405 chkmm=0 rows=4415
0:6-8:TR1: ABCK ti=2 L=4434 seqmm=4425 chkmm=0 rows=4434
0:7-0:TR1: ABCK ti=2 L=4506 seqmm=4496 chkmm=0 rows=4506
0:6-4:TR1: ABCK ti=2 L=4369 seqmm=4360 chkmm=0 rows=4369
0:0-2:TR1: ABCK ti=0 L=21413 seqmm=21412 chkmm=21413 rows=21413
0:6-6:TR1: ABCK ti=2 L=4477 seqmm=4467 chkmm=0 rows=4477
0:6-5:TR1: ABCK ti=2 L=4463 seqmm=4452 chkmm=0 rows=4463
0:6-0:TR1: ABCK ti=2 L=4259 seqmm=4249 chkmm=0 rows=4259
0:6-1:TR1: ABCK ti=2 L=4414 seqmm=4403 chkmm=0 rows=4414
0:6-2:TR1: ABCK ti=2 L=4257 seqmm=4248 chkmm=0 rows=4257
0:1-1:TR1: ABCK ti=1 L=5113 seqmm=5103 chkmm=0 rows=5113
0:5-9:TR1: ABCK ti=2 L=4245 seqmm=4236 chkmm=0 rows=4245
0:1-2:TR1: ABCK ti=1 L=5168 seqmm=5159 chkmm=0 rows=5168
0:1-0:TR1: ABCK ti=1 L=5130 seqmm=5115 chkmm=0 rows=5130
0:5-8:TR1: ABCK ti=2 L=4345 seqmm=4335 chkmm=0 rows=4345
0:5-6:TR1: ABCK ti=2 L=4163 seqmm=4153 chkmm=0 rows=4163
0:0-9:TR1: ABCK ti=1 L=5045 seqmm=5036 chkmm=0 rows=5045
0:5-4:TR1: ABCK ti=2 L=4176 seqmm=4166 chkmm=0 rows=4176
0:0-7:TR1: ABCK ti=1 L=4397 seqmm=4377 chkmm=0 rows=4397
0:5-7:TR1: ABCK ti=2 L=4296 seqmm=4280 chkmm=1 rows=4296
0:5-5:TR1: ABCK ti=2 L=4285 seqmm=4267 chkmm=1 rows=4285
0:0-8:TR1: ABCK ti=1 L=5070 seqmm=5060 chkmm=0 rows=5070
0:5-3:TR1: ABCK ti=2 L=4196 seqmm=4187 chkmm=0 rows=4196
0:4-8:TR1: ABCK ti=2 L=4118 seqmm=4100 chkmm=0 rows=4118
0:5-2:TR1: ABCK ti=2 L=4252 seqmm=4234 chkmm=0 rows=4252
0:5-0:TR1: ABCK ti=2 L=4188 seqmm=4177 chkmm=0 rows=4188
0:5-1:TR1: ABCK ti=2 L=4165 seqmm=4156 chkmm=0 rows=4165
0:0-6:TR1: ABCK ti=1 L=4508 seqmm=4493 chkmm=0 rows=4508
0:4-7:TR1: ABCK ti=2 L=4149 seqmm=4139 chkmm=0 rows=4149
0:4-9:TR1: ABCK ti=2 L=4146 seqmm=4137 chkmm=0 rows=4146
0:0-5:TR1: ABCK ti=1 L=4441 seqmm=4431 chkmm=0 rows=4441
0:4-6:TR1: ABCK ti=2 L=4118 seqmm=4109 chkmm=0 rows=4118
0:4-5:TR1: ABCK ti=2 L=4092 seqmm=4083 chkmm=0 rows=4092
0:0-4:TR1: ABCK ti=1 L=4279 seqmm=4269 chkmm=0 rows=4279
0:4-3:TR1: ABCK ti=2 L=4036 seqmm=4027 chkmm=0 rows=4036
0:4-0:TR1: ABCK ti=2 L=4033 seqmm=4021 chkmm=0 rows=4033
0:4-4:TR1: ABCK ti=2 L=4187 seqmm=4176 chkmm=0 rows=4187
0:0-3:TR1: ABCK ti=1 L=4163 seqmm=4154 chkmm=0 rows=4163
0:4-2:TR1: ABCK ti=2 L=4135 seqmm=4126 chkmm=0 rows=4135
0:3-9:TR1: ABCK ti=2 L=4099 seqmm=4090 chkmm=0 rows=4099
0:4-1:TR1: ABCK ti=2 L=4132 seqmm=4123 chkmm=0 rows=4132
0:3-8:TR1: ABCK ti=2 L=4085 seqmm=4075 chkmm=0 rows=4085
0:3-7:TR1: ABCK ti=2 L=4064 seqmm=4055 chkmm=0 rows=4064
0:3-5:TR1: ABCK ti=2 L=4059 seqmm=4050 chkmm=0 rows=4059
0:3-6:TR1: ABCK ti=2 L=4113 seqmm=4104 chkmm=0 rows=4113
0:3-3:TR1: ABCK ti=2 L=3991 seqmm=3980 chkmm=0 rows=3991
0:3-4:TR1: ABCK ti=2 L=4024 seqmm=4014 chkmm=0 rows=4024
0:3-2:TR1: ABCK ti=2 L=3933 seqmm=3924 chkmm=0 rows=3933
0:0-1:TR1: ABCK ti=0 L=23401 seqmm=23400 chkmm=23401 rows=23401
0:3-1:TR1: ABCK ti=2 L=3975 seqmm=3965 chkmm=0 rows=3975
0:2-8:TR1: ABCK ti=2 L=3884 seqmm=3874 chkmm=0 rows=3884
0:3-0:TR1: ABCK ti=2 L=3923 seqmm=3912 chkmm=0 rows=3923
0:2-9:TR1: ABCK ti=2 L=3969 seqmm=3960 chkmm=0 rows=3969
0:2-7:TR1: ABCK ti=2 L=3850 seqmm=3841 chkmm=0 rows=3850
0:2-5:TR1: ABCK ti=2 L=3840 seqmm=3831 chkmm=1 rows=3840
0:2-6:TR1: ABCK ti=2 L=3853 seqmm=3843 chkmm=0 rows=3853
0:2-4:TR1: ABCK ti=2 L=3882 seqmm=3872 chkmm=0 rows=3882
0:2-2:TR1: ABCK ti=2 L=3789 seqmm=3779 chkmm=0 rows=3789
0:8-9:TR1: ABCK ti=3 L=3189 seqmm=3180 chkmm=0 rows=3189
0:2-1:TR1: ABCK ti=2 L=3710 seqmm=3700 chkmm=0 rows=3710
0:2-3:TR1: ABCK ti=2 L=3860 seqmm=3851 chkmm=0 rows=3860
0:2-0:TR1: ABCK ti=2 L=3813 seqmm=3804 chkmm=0 rows=3813
0:7-3:TR1: ABCK ti=3 L=3248 seqmm=3238 chkmm=0 rows=3248
0:7-7:TR1: ABCK ti=3 L=3303 seqmm=3293 chkmm=0 rows=3303
0:10-9:TR1: ABCK ti=3 L=3361 seqmm=3352 chkmm=0 rows=3361
0:8-1:TR1: ABCK ti=3 L=3295 seqmm=3285 chkmm=0 rows=3295
0:8-5:TR1: ABCK ti=3 L=3306 seqmm=3297 chkmm=0 rows=3306
0:1-8:TR1: ABCK ti=2 L=3712 seqmm=3696 chkmm=0 rows=3712
0:6-9:TR1: ABCK ti=3 L=3151 seqmm=3142 chkmm=0 rows=3151
0:7-9:TR1: ABCK ti=3 L=3229 seqmm=3219 chkmm=0 rows=3229
0:8-2:TR1: ABCK ti=3 L=3264 seqmm=3254 chkmm=0 rows=3264
0:6-3:TR1: ABCK ti=3 L=3133 seqmm=3124 chkmm=0 rows=3133
0:6-8:TR1: ABCK ti=3 L=3124 seqmm=3113 chkmm=0 rows=3124
0:10-6:TR1: ABCK ti=3 L=3455 seqmm=3446 chkmm=0 rows=3455
0:8-8:TR1: ABCK ti=3 L=3255 seqmm=3246 chkmm=0 rows=3255
0:6-7:TR1: ABCK ti=3 L=3142 seqmm=3133 chkmm=0 rows=3142
0:7-8:TR1: ABCK ti=3 L=3312 seqmm=3303 chkmm=0 rows=3312
0:1-7:TR1: ABCK ti=2 L=3757 seqmm=3747 chkmm=0 rows=3757
0:7-1:TR1: ABCK ti=3 L=3245 seqmm=3234 chkmm=0 rows=3245
0:8-4:TR1: ABCK ti=3 L=3353 seqmm=3344 chkmm=0 rows=3353
0:9-1:TR1: ABCK ti=3 L=3271 seqmm=3261 chkmm=0 rows=3271
0:8-0:TR1: ABCK ti=3 L=3340 seqmm=3331 chkmm=0 rows=3340
0:8-6:TR1: ABCK ti=3 L=3410 seqmm=3401 chkmm=0 rows=3410
0:1-9:TR1: ABCK ti=2 L=3814 seqmm=3803 chkmm=0 rows=3814
0:6-4:TR1: ABCK ti=3 L=3159 seqmm=3150 chkmm=0 rows=3159
0:7-2:TR1: ABCK ti=3 L=3297 seqmm=3288 chkmm=0 rows=3297
0:7-5:TR1: ABCK ti=3 L=3295 seqmm=3285 chkmm=0 rows=3295
0:1-6:TR1: ABCK ti=2 L=3710 seqmm=3699 chkmm=0 rows=3710
0:10-4:TR1: ABCK ti=3 L=3475 seqmm=3466 chkmm=0 rows=3475
0:7-0:TR1: ABCK ti=3 L=3214 seqmm=3205 chkmm=0 rows=3214
0:9-3:TR1: ABCK ti=3 L=3374 seqmm=3364 chkmm=0 rows=3374
0:9-5:TR1: ABCK ti=3 L=3518 seqmm=3508 chkmm=0 rows=3518
0:10-8:TR1: ABCK ti=3 L=3360 seqmm=3349 chkmm=0 rows=3360
0:8-7:TR1: ABCK ti=3 L=3415 seqmm=3406 chkmm=0 rows=3415
0:1-5:TR1: ABCK ti=2 L=3720 seqmm=3710 chkmm=0 rows=3720
0:10-2:TR1: ABCK ti=3 L=3532 seqmm=3523 chkmm=0 rows=3532
0:6-0:TR1: ABCK ti=3 L=3085 seqmm=3076 chkmm=0 rows=3085
0:6-1:TR1: ABCK ti=3 L=3062 seqmm=3052 chkmm=0 rows=3062
0:9-4:TR1: ABCK ti=3 L=3431 seqmm=3421 chkmm=0 rows=3431
0:9-8:TR1: ABCK ti=3 L=3630 seqmm=3616 chkmm=0 rows=3630
0:10-5:TR1: ABCK ti=3 L=3424 seqmm=3414 chkmm=0 rows=3424
0:6-6:TR1: ABCK ti=3 L=3165 seqmm=3156 chkmm=0 rows=3165
0:8-3:TR1: ABCK ti=3 L=3481 seqmm=3472 chkmm=0 rows=3481
0:9-2:TR1: ABCK ti=3 L=3565 seqmm=3556 chkmm=0 rows=3565
0:9-6:TR1: ABCK ti=3 L=3565 seqmm=3554 chkmm=0 rows=3565
0:6-5:TR1: ABCK ti=3 L=3152 seqmm=3142 chkmm=0 rows=3152
0:10-7:TR1: ABCK ti=3 L=3755 seqmm=3715 chkmm=0 rows=3755
0:1-4:TR1: ABCK ti=2 L=3635 seqmm=3626 chkmm=0 rows=3635
0:6-2:TR1: ABCK ti=3 L=3109 seqmm=3099 chkmm=0 rows=3109
0:7-4:TR1: ABCK ti=3 L=3545 seqmm=3536 chkmm=0 rows=3545
0:9-0:TR1: ABCK ti=3 L=3525 seqmm=3514 chkmm=0 rows=3525
0:9-7:TR1: ABCK ti=3 L=3522 seqmm=3513 chkmm=0 rows=3522
0:9-9:TR1: ABCK ti=3 L=3728 seqmm=3718 chkmm=0 rows=3728
0:1-3:TR1: ABCK ti=2 L=3688 seqmm=3677 chkmm=0 rows=3688
0:7-6:TR1: ABCK ti=3 L=3603 seqmm=3594 chkmm=0 rows=3603
0:10-0:TR1: ABCK ti=3 L=3591 seqmm=3582 chkmm=0 rows=3591
0:10-3:TR1: ABCK ti=3 L=3671 seqmm=3660 chkmm=0 rows=3671
0:5-9:TR1: ABCK ti=3 L=3117 seqmm=3108 chkmm=0 rows=3117
0:5-8:TR1: ABCK ti=3 L=3071 seqmm=3061 chkmm=0 rows=3071
0:5-3:TR1: ABCK ti=3 L=2884 seqmm=2874 chkmm=0 rows=2884
0:5-4:TR1: ABCK ti=3 L=3000 seqmm=2989 chkmm=0 rows=3000
0:5-7:TR1: ABCK ti=3 L=3009 seqmm=3000 chkmm=0 rows=3009
0:5-6:TR1: ABCK ti=3 L=3100 seqmm=3091 chkmm=0 rows=3100
0:10-1:TR1: ABCK ti=3 L=3624 seqmm=3615 chkmm=0 rows=3624
0:5-5:TR1: ABCK ti=3 L=3005 seqmm=2995 chkmm=0 rows=3005
0:5-1:TR1: ABCK ti=3 L=2955 seqmm=2946 chkmm=0 rows=2955
0:5-2:TR1: ABCK ti=3 L=3023 seqmm=3013 chkmm=0 rows=3023
0:4-8:TR1: ABCK ti=3 L=3045 seqmm=3036 chkmm=0 rows=3045
0:4-9:TR1: ABCK ti=3 L=2933 seqmm=2924 chkmm=0 rows=2933
0:5-0:TR1: ABCK ti=3 L=2989 seqmm=2980 chkmm=0 rows=2989
0:4-7:TR1: ABCK ti=3 L=2974 seqmm=2965 chkmm=0 rows=2974
0:4-6:TR1: ABCK ti=3 L=2973 seqmm=2964 chkmm=0 rows=2973
0:4-5:TR1: ABCK ti=3 L=2825 seqmm=2816 chkmm=0 rows=2825
0:0-2:TR1: ABCK ti=1 L=3778 seqmm=3768 chkmm=0 rows=3778
0:1-2:TR1: ABCK ti=2 L=3632 seqmm=3623 chkmm=0 rows=3632
0:0-6:TR1: ABCK ti=2 L=3258 seqmm=3249 chkmm=0 rows=3258
0:1-0:TR1: ABCK ti=2 L=3651 seqmm=3641 chkmm=0 rows=3651
0:0-5:TR1: ABCK ti=2 L=3242 seqmm=3232 chkmm=0 rows=3242
0:1-1:TR1: ABCK ti=2 L=3791 seqmm=3782 chkmm=0 rows=3791
0:0-7:TR1: ABCK ti=2 L=3625 seqmm=3616 chkmm=0 rows=3625
0:0-9:TR1: ABCK ti=2 L=3682 seqmm=3672 chkmm=0 rows=3682
0:0-8:TR1: ABCK ti=2 L=3586 seqmm=3577 chkmm=0 rows=3586
0:4-0:TR1: ABCK ti=3 L=2892 seqmm=2882 chkmm=0 rows=2892
0:4-3:TR1: ABCK ti=3 L=2917 seqmm=2907 chkmm=0 rows=2917
0:4-4:TR1: ABCK ti=3 L=2884 seqmm=2874 chkmm=0 rows=2884
0:4-1:TR1: ABCK ti=3 L=2874 seqmm=2863 chkmm=0 rows=2874
0:4-2:TR1: ABCK ti=3 L=2899 seqmm=2889 chkmm=0 rows=2899
0:0-4:TR1: ABCK ti=2 L=3103 seqmm=3094 chkmm=0 rows=3103
0:0-0:TR1: ABCK ti=0 L=25699 seqmm=25698 chkmm=25699 rows=25699
0:0-3:TR1: ABCK ti=2 L=2976 seqmm=2966 chkmm=0 rows=2976
0:3-9:TR1: ABCK ti=3 L=2969 seqmm=2960 chkmm=0 rows=2969
0:3-7:TR1: ABCK ti=3 L=2799 seqmm=2790 chkmm=0 rows=2799
0:3-8:TR1: ABCK ti=3 L=2905 seqmm=2895 chkmm=0 rows=2905
0:3-5:TR1: ABCK ti=3 L=2873 seqmm=2864 chkmm=0 rows=2873
0:3-3:TR1: ABCK ti=3 L=2826 seqmm=2816 chkmm=0 rows=2826
0:3-6:TR1: ABCK ti=3 L=2966 seqmm=2957 chkmm=0 rows=2966
0:3-4:TR1: ABCK ti=3 L=2885 seqmm=2876 chkmm=0 rows=2885
0:3-2:TR1: ABCK ti=3 L=2827 seqmm=2817 chkmm=0 rows=2827
0:2-8:TR1: ABCK ti=3 L=2748 seqmm=2739 chkmm=0 rows=2748
0:3-1:TR1: ABCK ti=3 L=2828 seqmm=2818 chkmm=0 rows=2828
0:3-0:TR1: ABCK ti=3 L=2783 seqmm=2774 chkmm=0 rows=2783
0:2-9:TR1: ABCK ti=3 L=2794 seqmm=2785 chkmm=0 rows=2794
0:2-6:TR1: ABCK ti=3 L=2734 seqmm=2724 chkmm=0 rows=2734
0:2-7:TR1: ABCK ti=3 L=2761 seqmm=2751 chkmm=0 rows=2761
0:0-1:TR1: ABCK ti=1 L=3037 seqmm=3027 chkmm=0 rows=3037
0:2-5:TR1: ABCK ti=3 L=2826 seqmm=2815 chkmm=0 rows=2826
0:2-4:TR1: ABCK ti=3 L=2648 seqmm=2638 chkmm=0 rows=2648
0:6-3:TR1: ABCK ti=4 L=2240 seqmm=2230 chkmm=0 rows=2240
0:8-9:TR1: ABCK ti=4 L=2496 seqmm=2487 chkmm=0 rows=2496
0:2-2:TR1: ABCK ti=3 L=2735 seqmm=2725 chkmm=0 rows=2735
0:7-3:TR1: ABCK ti=4 L=2410 seqmm=2400 chkmm=0 rows=2410
0:10-6:TR1: ABCK ti=4 L=2291 seqmm=2281 chkmm=0 rows=2291
0:10-9:TR1: ABCK ti=4 L=2457 seqmm=2448 chkmm=0 rows=2457
0:6-9:TR1: ABCK ti=4 L=2460 seqmm=2451 chkmm=0 rows=2460
0:9-5:TR1: ABCK ti=4 L=2246 seqmm=2241 chkmm=0 rows=2246
0:9-8:TR1: ABCK ti=4 L=2206 seqmm=2203 chkmm=0 rows=2206
0:8-1:TR1: ABCK ti=4 L=2504 seqmm=2503 chkmm=0 rows=2504
0:10-4:TR1: ABCK ti=4 L=2315 seqmm=2306 chkmm=0 rows=2315
0:9-3:TR1: ABCK ti=4 L=2284 seqmm=2282 chkmm=0 rows=2284
0:2-0:TR1: ABCK ti=3 L=2624 seqmm=2613 chkmm=0 rows=2624
0:8-6:TR1: ABCK ti=4 L=2372 seqmm=2370 chkmm=0 rows=2372
0:7-5:TR1: ABCK ti=4 L=2363 seqmm=2354 chkmm=0 rows=2363
0:7-7:TR1: ABCK ti=4 L=2573 seqmm=2572 chkmm=0 rows=2573
0:5-8:TR1: ABCK ti=4 L=2139 seqmm=2130 chkmm=0 rows=2139
0:8-5:TR1: ABCK ti=4 L=2576 seqmm=2566 chkmm=0 rows=2576
0:1-8:TR1: ABCK ti=3 L=2582 seqmm=2572 chkmm=0 rows=2582
0:6-0:TR1: ABCK ti=4 L=2301 seqmm=2298 chkmm=0 rows=2301
0:7-1:TR1: ABCK ti=4 L=2438 seqmm=2429 chkmm=0 rows=2438
0:7-6:TR1: ABCK ti=4 L=2222 seqmm=2220 chkmm=0 rows=2222
0:8-4:TR1: ABCK ti=4 L=2473 seqmm=2463 chkmm=0 rows=2473
0:10-2:TR1: ABCK ti=4 L=2367 seqmm=2358 chkmm=0 rows=2367
0:2-1:TR1: ABCK ti=3 L=2799 seqmm=2789 chkmm=0 rows=2799
0:5-3:TR1: ABCK ti=4 L=2160 seqmm=2159 chkmm=0 rows=2160
0:8-7:TR1: ABCK ti=4 L=2392 seqmm=2391 chkmm=0 rows=2392
0:9-9:TR1: ABCK ti=4 L=2274 seqmm=2263 chkmm=0 rows=2274
0:6-8:TR1: ABCK ti=4 L=2521 seqmm=2513 chkmm=0 rows=2521
0:8-3:TR1: ABCK ti=4 L=2326 seqmm=2324 chkmm=0 rows=2326
0:10-7:TR1: ABCK ti=4 L=2324 seqmm=2315 chkmm=0 rows=2324
0:10-8:TR1: ABCK ti=4 L=2418 seqmm=2416 chkmm=0 rows=2418
0:2-3:TR1: ABCK ti=3 L=2799 seqmm=2790 chkmm=0 rows=2799
0:6-2:TR1: ABCK ti=4 L=2309 seqmm=2301 chkmm=0 rows=2309
0:10-3:TR1: ABCK ti=4 L=2257 seqmm=2246 chkmm=0 rows=2257
0:6-1:TR1: ABCK ti=4 L=2381 seqmm=2379 chkmm=1 rows=2381
0:8-2:TR1: ABCK ti=4 L=2604 seqmm=2602 chkmm=0 rows=2604
0:5-6:TR1: ABCK ti=4 L=2162 seqmm=2161 chkmm=0 rows=2162
0:7-8:TR1: ABCK ti=4 L=2532 seqmm=2523 chkmm=0 rows=2532
0:9-6:TR1: ABCK ti=4 L=2362 seqmm=2360 chkmm=0 rows=2362
0:7-9:TR1: ABCK ti=4 L=2632 seqmm=2629 chkmm=0 rows=2632
0:9-2:TR1: ABCK ti=4 L=2383 seqmm=2374 chkmm=0 rows=2383
0:10-0:TR1: ABCK ti=4 L=2286 seqmm=2275 chkmm=0 rows=2286
0:9-0:TR1: ABCK ti=4 L=2330 seqmm=2329 chkmm=0 rows=2330
0:10-5:TR1: ABCK ti=4 L=2423 seqmm=2411 chkmm=1 rows=2423
0:5-5:TR1: ABCK ti=4 L=2181 seqmm=2180 chkmm=0 rows=2181
0:6-5:TR1: ABCK ti=4 L=2381 seqmm=2379 chkmm=0 rows=2381
0:8-8:TR1: ABCK ti=4 L=2566 seqmm=2565 chkmm=0 rows=2566
0:9-7:TR1: ABCK ti=4 L=2350 seqmm=2341 chkmm=0 rows=2350
0:4-8:TR1: ABCK ti=4 L=2018 seqmm=2016 chkmm=0 rows=2018
0:5-9:TR1: ABCK ti=4 L=2294 seqmm=2292 chkmm=0 rows=2294
0:6-7:TR1: ABCK ti=4 L=2580 seqmm=2576 chkmm=0 rows=2580
0:5-4:TR1: ABCK ti=4 L=2259 seqmm=2258 chkmm=0 rows=2259
0:7-0:TR1: ABCK ti=4 L=2489 seqmm=2486 chkmm=0 rows=2489
0:9-4:TR1: ABCK ti=4 L=2449 seqmm=2438 chkmm=0 rows=2449
0:5-7:TR1: ABCK ti=4 L=2256 seqmm=2254 chkmm=0 rows=2256
0:6-6:TR1: ABCK ti=4 L=2456 seqmm=2447 chkmm=0 rows=2456
0:8-0:TR1: ABCK ti=4 L=2581 seqmm=2572 chkmm=0 rows=2581
0:6-4:TR1: ABCK ti=4 L=2575 seqmm=2574 chkmm=0 rows=2575
0:9-1:TR1: ABCK ti=4 L=2610 seqmm=2604 chkmm=0 rows=2610
0:5-2:TR1: ABCK ti=4 L=2093 seqmm=2092 chkmm=0 rows=2093
0:1-7:TR1: ABCK ti=3 L=2669 seqmm=2658 chkmm=0 rows=2669
0:7-4:TR1: ABCK ti=4 L=2454 seqmm=2453 chkmm=0 rows=2454
0:10-1:TR1: ABCK ti=4 L=2314 seqmm=2305 chkmm=0 rows=2314
0:7-2:TR1: ABCK ti=4 L=2621 seqmm=2620 chkmm=0 rows=2621
0:1-5:TR1: ABCK ti=3 L=2613 seqmm=2603 chkmm=0 rows=2613
0:5-1:TR1: ABCK ti=4 L=2185 seqmm=2183 chkmm=0 rows=2185
0:5-0:TR1: ABCK ti=4 L=2166 seqmm=2163 chkmm=0 rows=2166
0:1-6:TR1: ABCK ti=3 L=2715 seqmm=2706 chkmm=0 rows=2715
0:4-6:TR1: ABCK ti=4 L=2106 seqmm=2105 chkmm=0 rows=2106
0:4-9:TR1: ABCK ti=4 L=2188 seqmm=2185 chkmm=0 rows=2188
0:1-9:TR1: ABCK ti=3 L=2778 seqmm=2769 chkmm=0 rows=2778
0:4-7:TR1: ABCK ti=4 L=2208 seqmm=2207 chkmm=0 rows=2208
0:1-4:TR1: ABCK ti=3 L=2654 seqmm=2645 chkmm=0 rows=2654
0:1-3:TR1: ABCK ti=3 L=2637 seqmm=2626 chkmm=0 rows=2637
0:4-5:TR1: ABCK ti=4 L=2190 seqmm=2189 chkmm=0 rows=2190
0:4-0:TR1: ABCK ti=4 L=2092 seqmm=2090 chkmm=0 rows=2092
0:0-9:TR1: ABCK ti=3 L=2193 seqmm=2184 chkmm=0 rows=2193
0:4-4:TR1: ABCK ti=4 L=2172 seqmm=2171 chkmm=0 rows=2172
0:4-3:TR1: ABCK ti=4 L=2184 seqmm=2181 chkmm=0 rows=2184
0:4-2:TR1: ABCK ti=4 L=2079 seqmm=2078 chkmm=0 rows=2079
0:0-7:TR1: ABCK ti=3 L=2292 seqmm=2289 chkmm=0 rows=2292
0:4-1:TR1: ABCK ti=4 L=2129 seqmm=2127 chkmm=0 rows=2129
0:0-8:TR1: ABCK ti=3 L=2292 seqmm=2290 chkmm=0 rows=2292
0:1-0:TR1: ABCK ti=3 L=2418 seqmm=2415 chkmm=0 rows=2418
0:3-9:TR1: ABCK ti=4 L=2060 seqmm=2058 chkmm=0 rows=2060
0:1-2:TR1: ABCK ti=3 L=2515 seqmm=2505 chkmm=0 rows=2515
0:0-5:TR1: ABCK ti=3 L=2471 seqmm=2462 chkmm=0 rows=2471
0:0-4:TR1: ABCK ti=3 L=2227 seqmm=2226 chkmm=0 rows=2227
0:3-8:TR1: ABCK ti=4 L=2035 seqmm=2034 chkmm=0 rows=2035
0:1-1:TR1: ABCK ti=3 L=2518 seqmm=2508 chkmm=0 rows=2518
0:3-7:TR1: ABCK ti=4 L=2095 seqmm=2090 chkmm=0 rows=2095
0:0-3:TR1: ABCK ti=3 L=2197 seqmm=2196 chkmm=0 rows=2197
0:0-6:TR1: ABCK ti=3 L=2595 seqmm=2593 chkmm=0 rows=2595
0:0-2:TR1: ABCK ti=2 L=2796 seqmm=2787 chkmm=0 rows=2796
0:3-5:TR1: ABCK ti=4 L=2126 seqmm=2123 chkmm=0 rows=2126
0:2-8:TR1: ABCK ti=4 L=1971 seqmm=1970 chkmm=0 rows=1971
0:3-4:TR1: ABCK ti=4 L=2018 seqmm=2015 chkmm=0 rows=2018
0:3-2:TR1: ABCK ti=4 L=2031 seqmm=2022 chkmm=0 rows=2031
0:3-3:TR1: ABCK ti=4 L=2153 seqmm=2152 chkmm=0 rows=2153
0:3-6:TR1: ABCK ti=4 L=2114 seqmm=2111 chkmm=0 rows=2114
0:2-9:TR1: ABCK ti=4 L=1931 seqmm=1930 chkmm=0 rows=1931
0:3-0:TR1: ABCK ti=4 L=2049 seqmm=2048 chkmm=0 rows=2049
0:9-8:TR1: ABCK ti=5 L=1508 seqmm=1507 chkmm=0 rows=1508
0:5-3:TR1: ABCK ti=5 L=1381 seqmm=1379 chkmm=0 rows=1381
0:9-3:TR1: ABCK ti=5 L=1483 seqmm=1482 chkmm=0 rows=1483
0:2-7:TR1: ABCK ti=4 L=1927 seqmm=1925 chkmm=0 rows=1927
0:8-1:TR1: ABCK ti=5 L=1511 seqmm=1510 chkmm=0 rows=1511
0:3-1:TR1: ABCK ti=4 L=2160 seqmm=2159 chkmm=0 rows=2160
0:2-6:TR1: ABCK ti=4 L=2029 seqmm=2027 chkmm=0 rows=2029
0:7-7:TR1: ABCK ti=5 L=1554 seqmm=1553 chkmm=0 rows=1554
0:0-0:TR1: ABCK ti=1 L=2751 seqmm=2742 chkmm=0 rows=2751
0:4-8:TR1: ABCK ti=5 L=1407 seqmm=1405 chkmm=0 rows=1407
0:9-0:TR1: ABCK ti=5 L=1435 seqmm=1433 chkmm=0 rows=1435
0:10-6:TR1: ABCK ti=5 L=1728 seqmm=1727 chkmm=0 rows=1728
0:2-5:TR1: ABCK ti=4 L=2011 seqmm=2009 chkmm=0 rows=2011
0:8-6:TR1: ABCK ti=5 L=1657 seqmm=1655 chkmm=0 rows=1657
0:5-6:TR1: ABCK ti=5 L=1523 seqmm=1522 chkmm=0 rows=1523
0:9-6:TR1: ABCK ti=5 L=1522 seqmm=1520 chkmm=0 rows=1522
0:10-8:TR1: ABCK ti=5 L=1557 seqmm=1555 chkmm=0 rows=1557
0:7-9:TR1: ABCK ti=5 L=1521 seqmm=1520 chkmm=0 rows=1521
0:2-4:TR1: ABCK ti=4 L=1964 seqmm=1961 chkmm=0 rows=1964
0:5-7:TR1: ABCK ti=5 L=1492 seqmm=1491 chkmm=0 rows=1492
0:9-5:TR1: ABCK ti=5 L=1741 seqmm=1740 chkmm=0 rows=1741
0:6-1:TR1: ABCK ti=5 L=1580 seqmm=1579 chkmm=0 rows=1580
0:7-6:TR1: ABCK ti=5 L=1624 seqmm=1622 chkmm=0 rows=1624
0:8-9:TR1: ABCK ti=5 L=1912 seqmm=1911 chkmm=0 rows=1912
0:4-7:TR1: ABCK ti=5 L=1288 seqmm=1286 chkmm=0 rows=1288
0:6-0:TR1: ABCK ti=5 L=1660 seqmm=1659 chkmm=0 rows=1660
0:8-3:TR1: ABCK ti=5 L=1615 seqmm=1614 chkmm=0 rows=1615
0:5-9:TR1: ABCK ti=5 L=1559 seqmm=1558 chkmm=0 rows=1559
0:6-3:TR1: ABCK ti=5 L=1973 seqmm=1971 chkmm=0 rows=1973
0:7-3:TR1: ABCK ti=5 L=1905 seqmm=1904 chkmm=0 rows=1905
0:10-9:TR1: ABCK ti=5 L=1845 seqmm=1844 chkmm=0 rows=1845
0:6-5:TR1: ABCK ti=5 L=1593 seqmm=1591 chkmm=0 rows=1593
0:8-7:TR1: ABCK ti=5 L=1665 seqmm=1663 chkmm=0 rows=1665
0:5-1:TR1: ABCK ti=5 L=1438 seqmm=1437 chkmm=0 rows=1438
0:10-4:TR1: ABCK ti=5 L=1795 seqmm=1794 chkmm=0 rows=1795
0:8-5:TR1: ABCK ti=5 L=1739 seqmm=1738 chkmm=0 rows=1739
0:5-2:TR1: ABCK ti=5 L=1545 seqmm=1544 chkmm=0 rows=1545
0:8-8:TR1: ABCK ti=5 L=1625 seqmm=1623 chkmm=0 rows=1625
0:4-9:TR1: ABCK ti=5 L=1444 seqmm=1443 chkmm=0 rows=1444
0:5-4:TR1: ABCK ti=5 L=1615 seqmm=1613 chkmm=0 rows=1615
0:5-5:TR1: ABCK ti=5 L=1630 seqmm=1629 chkmm=0 rows=1630
0:2-2:TR1: ABCK ti=4 L=1995 seqmm=1994 chkmm=0 rows=1995
0:6-9:TR1: ABCK ti=5 L=1872 seqmm=1870 chkmm=0 rows=1872
0:7-4:TR1: ABCK ti=5 L=1556 seqmm=1555 chkmm=0 rows=1556
0:7-5:TR1: ABCK ti=5 L=1817 seqmm=1816 chkmm=0 rows=1817
0:8-2:TR1: ABCK ti=5 L=1702 seqmm=1700 chkmm=0 rows=1702
0:10-2:TR1: ABCK ti=5 L=1738 seqmm=1737 chkmm=0 rows=1738
0:6-4:TR1: ABCK ti=5 L=1603 seqmm=1601 chkmm=0 rows=1603
0:0-1:TR1: ABCK ti=2 L=2287 seqmm=2285 chkmm=0 rows=2287
0:6-2:TR1: ABCK ti=5 L=1741 seqmm=1740 chkmm=0 rows=1741
0:9-2:TR1: ABCK ti=5 L=1709 seqmm=1707 chkmm=0 rows=1709
0:6-8:TR1: ABCK ti=5 L=1763 seqmm=1761 chkmm=0 rows=1763
0:7-2:TR1: ABCK ti=5 L=1580 seqmm=1578 chkmm=0 rows=1580
0:6-7:TR1: ABCK ti=5 L=1717 seqmm=1716 chkmm=0 rows=1717
0:9-7:TR1: ABCK ti=5 L=1724 seqmm=1722 chkmm=0 rows=1724
0:9-9:TR1: ABCK ti=5 L=1799 seqmm=1798 chkmm=0 rows=1799
0:10-3:TR1: ABCK ti=5 L=1774 seqmm=1773 chkmm=0 rows=1774
0:5-0:TR1: ABCK ti=5 L=1570 seqmm=1569 chkmm=0 rows=1570
0:7-0:TR1: ABCK ti=5 L=1714 seqmm=1713 chkmm=0 rows=1714
0:8-4:TR1: ABCK ti=5 L=1824 seqmm=1822 chkmm=0 rows=1824
0:4-6:TR1: ABCK ti=5 L=1557 seqmm=1556 chkmm=0 rows=1557
0:5-8:TR1: ABCK ti=5 L=1887 seqmm=1885 chkmm=0 rows=1887
0:2-0:TR1: ABCK ti=4 L=1950 seqmm=1948 chkmm=0 rows=1950
0:4-5:TR1: ABCK ti=5 L=1486 seqmm=1484 chkmm=0 rows=1486
0:6-6:TR1: ABCK ti=5 L=1780 seqmm=1778 chkmm=0 rows=1780
0:9-1:TR1: ABCK ti=5 L=1743 seqmm=1742 chkmm=0 rows=1743
0:9-4:TR1: ABCK ti=5 L=1806 seqmm=1804 chkmm=0 rows=1806
0:10-5:TR1: ABCK ti=5 L=1830 seqmm=1829 chkmm=0 rows=1830
0:10-1:TR1: ABCK ti=5 L=1733 seqmm=1730 chkmm=0 rows=1733
0:10-7:TR1: ABCK ti=5 L=1893 seqmm=1892 chkmm=0 rows=1893
0:7-1:TR1: ABCK ti=5 L=1977 seqmm=1976 chkmm=0 rows=1977
0:1-8:TR1: ABCK ti=4 L=1982 seqmm=1980 chkmm=0 rows=1982
0:10-0:TR1: ABCK ti=5 L=1914 seqmm=1913 chkmm=0 rows=1914
0:2-3:TR1: ABCK ti=4 L=1932 seqmm=1931 chkmm=0 rows=1932
0:7-8:TR1: ABCK ti=5 L=1934 seqmm=1931 chkmm=0 rows=1934
0:2-1:TR1: ABCK ti=4 L=1969 seqmm=1967 chkmm=0 rows=1969
0:1-6:TR1: ABCK ti=4 L=1770 seqmm=1769 chkmm=0 rows=1770
0:8-0:TR1: ABCK ti=5 L=1922 seqmm=1921 chkmm=0 rows=1922
0:1-7:TR1: ABCK ti=4 L=1952 seqmm=1937 chkmm=0 rows=1952
0:4-3:TR1: ABCK ti=5 L=1399 seqmm=1398 chkmm=0 rows=1399
0:4-0:TR1: ABCK ti=5 L=1525 seqmm=1524 chkmm=0 rows=1525
0:5-3:TR1: ABCK ti=6 L=789 seqmm=788 chkmm=0 rows=789
0:1-5:TR1: ABCK ti=4 L=1970 seqmm=1969 chkmm=0 rows=1970
0:4-2:TR1: ABCK ti=5 L=1458 seqmm=1456 chkmm=0 rows=1458
0:1-9:TR1: ABCK ti=4 L=1888 seqmm=1887 chkmm=0 rows=1888
0:3-7:TR1: ABCK ti=5 L=1322 seqmm=1321 chkmm=0 rows=1322
0:4-4:TR1: ABCK ti=5 L=1530 seqmm=1529 chkmm=0 rows=1530
0:4-8:TR1: ABCK ti=6 L=749 seqmm=748 chkmm=0 rows=749
0:8-9:TR1: ABCK ti=6 L=652 seqmm=650 chkmm=0 rows=652
0:1-3:TR1: ABCK ti=4 L=1897 seqmm=1896 chkmm=0 rows=1897
0:9-8:TR1: ABCK ti=6 L=932 seqmm=931 chkmm=0 rows=932
0:4-1:TR1: ABCK ti=5 L=1508 seqmm=1506 chkmm=0 rows=1508
0:6-3:TR1: ABCK ti=6 L=670 seqmm=669 chkmm=0 rows=670
0:5-2:TR1: ABCK ti=6 L=650 seqmm=649 chkmm=0 rows=650
0:7-3:TR1: ABCK ti=6 L=705 seqmm=704 chkmm=0 rows=705
0:1-4:TR1: ABCK ti=4 L=1988 seqmm=1987 chkmm=0 rows=1988
0:3-9:TR1: ABCK ti=5 L=1538 seqmm=1537 chkmm=0 rows=1538
0:3-8:TR1: ABCK ti=5 L=1452 seqmm=1450 chkmm=0 rows=1452
0:8-1:TR1: ABCK ti=6 L=991 seqmm=990 chkmm=0 rows=991
0:0-7:TR1: ABCK ti=4 L=1604 seqmm=1603 chkmm=0 rows=1604
0:3-5:TR1: ABCK ti=5 L=1275 seqmm=1273 chkmm=0 rows=1275
0:2-8:TR1: ABCK ti=5 L=1204 seqmm=1203 chkmm=0 rows=1204
0:3-3:TR1: ABCK ti=5 L=1159 seqmm=1157 chkmm=0 rows=1159
0:10-4:TR1: ABCK ti=6 L=731 seqmm=730 chkmm=0 rows=731
0:6-9:TR1: ABCK ti=6 L=699 seqmm=697 chkmm=0 rows=699
0:10-3:TR1: ABCK ti=6 L=640 seqmm=639 chkmm=0 rows=640
0:10-9:TR1: ABCK ti=6 L=790 seqmm=789 chkmm=0 rows=790
0:4-9:TR1: ABCK ti=6 L=750 seqmm=747 chkmm=0 rows=750
0:8-6:TR1: ABCK ti=6 L=902 seqmm=900 chkmm=0 rows=902
0:9-3:TR1: ABCK ti=6 L=1099 seqmm=1097 chkmm=0 rows=1099
0:9-5:TR1: ABCK ti=6 L=876 seqmm=874 chkmm=0 rows=876
0:0-4:TR1: ABCK ti=4 L=1572 seqmm=1571 chkmm=0 rows=1572
0:2-6:TR1: ABCK ti=5 L=1028 seqmm=1025 chkmm=0 rows=1028
0:1-0:TR1: ABCK ti=4 L=1691 seqmm=1690 chkmm=0 rows=1691
0:6-0:TR1: ABCK ti=6 L=897 seqmm=893 chkmm=0 rows=897
0:0-9:TR1: ABCK ti=4 L=1815 seqmm=1814 chkmm=0 rows=1815
0:3-4:TR1: ABCK ti=5 L=1315 seqmm=1314 chkmm=0 rows=1315
0:0-8:TR1: ABCK ti=4 L=1706 seqmm=1703 chkmm=0 rows=1706
0:3-2:TR1: ABCK ti=5 L=1334 seqmm=1332 chkmm=0 rows=1334
0:5-5:TR1: ABCK ti=6 L=859 seqmm=858 chkmm=0 rows=859
0:7-7:TR1: ABCK ti=6 L=1101 seqmm=1094 chkmm=0 rows=1101
0:9-0:TR1: ABCK ti=6 L=1054 seqmm=1053 chkmm=0 rows=1054
0:9-9:TR1: ABCK ti=6 L=758 seqmm=755 chkmm=0 rows=758
0:10-6:TR1: ABCK ti=6 L=1046 seqmm=1044 chkmm=0 rows=1046
0:7-5:TR1: ABCK ti=6 L=843 seqmm=842 chkmm=0 rows=843
0:7-6:TR1: ABCK ti=6 L=971 seqmm=969 chkmm=0 rows=971
0:3-0:TR1: ABCK ti=5 L=1232 seqmm=1231 chkmm=0 rows=1232
0:10-7:TR1: ABCK ti=6 L=691 seqmm=686 chkmm=0 rows=691
0:4-6:TR1: ABCK ti=6 L=774 seqmm=773 chkmm=0 rows=774
0:8-3:TR1: ABCK ti=6 L=979 seqmm=977 chkmm=0 rows=979
0:0-3:TR1: ABCK ti=4 L=1660 seqmm=1658 chkmm=0 rows=1660
0:2-7:TR1: ABCK ti=5 L=1238 seqmm=1236 chkmm=0 rows=1238
0:3-1:TR1: ABCK ti=5 L=1193 seqmm=1192 chkmm=0 rows=1193
0:10-0:TR1: ABCK ti=6 L=645 seqmm=642 chkmm=0 rows=645
0:0-6:TR1: ABCK ti=4 L=1634 seqmm=1632 chkmm=0 rows=1634
0:4-5:TR1: ABCK ti=6 L=734 seqmm=732 chkmm=0 rows=734
0:8-4:TR1: ABCK ti=6 L=820 seqmm=818 chkmm=0 rows=820
0:8-5:TR1: ABCK ti=6 L=947 seqmm=946 chkmm=0 rows=947
0:1-2:TR1: ABCK ti=4 L=1777 seqmm=1776 chkmm=0 rows=1777
0:4-7:TR1: ABCK ti=6 L=1017 seqmm=1016 chkmm=0 rows=1017
0:0-5:TR1: ABCK ti=4 L=1766 seqmm=1764 chkmm=0 rows=1766
0:4-8:TR1: ABCK ti=7 L=398 seqmm=397 chkmm=0 rows=398
0:6-7:TR1: ABCK ti=6 L=864 seqmm=862 chkmm=0 rows=864
0:8-9:TR1: ABCK ti=7 L=396 seqmm=394 chkmm=0 rows=396
0:10-8:TR1: ABCK ti=6 L=1094 seqmm=1093 chkmm=0 rows=1094
0:4-2:TR1: ABCK ti=6 L=473 seqmm=472 chkmm=0 rows=473
0:1-1:TR1: ABCK ti=4 L=1739 seqmm=1738 chkmm=0 rows=1739
0:8-1:TR1: ABCK ti=7 L=299 seqmm=296 chkmm=0 rows=299
0:6-1:TR1: ABCK ti=6 L=1077 seqmm=1075 chkmm=0 rows=1077
0:6-5:TR1: ABCK ti=6 L=1024 seqmm=1022 chkmm=0 rows=1024
0:7-4:TR1: ABCK ti=6 L=967 seqmm=965 chkmm=0 rows=967
0:9-8:TR1: ABCK ti=7 L=378 seqmm=377 chkmm=0 rows=378
0:5-0:TR1: ABCK ti=6 L=893 seqmm=892 chkmm=0 rows=893
0:5-3:TR1: ABCK ti=7 L=526 seqmm=524 chkmm=0 rows=526
0:8-7:TR1: ABCK ti=6 L=1043 seqmm=1041 chkmm=0 rows=1043
0:8-8:TR1: ABCK ti=6 L=1010 seqmm=1008 chkmm=0 rows=1010
0:2-4:TR1: ABCK ti=5 L=1130 seqmm=1129 chkmm=0 rows=1130
0:2-9:TR1: ABCK ti=5 L=1379 seqmm=1377 chkmm=0 rows=1379
0:3-6:TR1: ABCK ti=5 L=1463 seqmm=1461 chkmm=0 rows=1463
0:5-1:TR1: ABCK ti=6 L=1042 seqmm=1041 chkmm=0 rows=1042
0:10-2:TR1: ABCK ti=6 L=992 seqmm=991 chkmm=0 rows=992
0:4-3:TR1: ABCK ti=6 L=632 seqmm=628 chkmm=0 rows=632
0:6-4:TR1: ABCK ti=6 L=1017 seqmm=1016 chkmm=0 rows=1017
0:7-1:TR1: ABCK ti=6 L=814 seqmm=813 chkmm=0 rows=814
0:8-6:TR1: ABCK ti=7 L=291 seqmm=285 chkmm=0 rows=291
0:10-4:TR1: ABCK ti=7 L=345 seqmm=341 chkmm=0 rows=345
0:10-9:TR1: ABCK ti=7 L=305 seqmm=304 chkmm=0 rows=305
0:7-9:TR1: ABCK ti=6 L=1193 seqmm=1191 chkmm=0 rows=1193
0:9-5:TR1: ABCK ti=7 L=276 seqmm=271 chkmm=0 rows=276
0:10-3:TR1: ABCK ti=7 L=320 seqmm=319 chkmm=0 rows=320
0:5-4:TR1: ABCK ti=6 L=1076 seqmm=1071 chkmm=0 rows=1076
0:5-6:TR1: ABCK ti=6 L=1249 seqmm=1247 chkmm=0 rows=1249
0:9-4:TR1: ABCK ti=6 L=910 seqmm=909 chkmm=0 rows=910
0:5-8:TR1: ABCK ti=6 L=993 seqmm=992 chkmm=0 rows=993
0:7-3:TR1: ABCK ti=7 L=453 seqmm=450 chkmm=0 rows=453
0:7-8:TR1: ABCK ti=6 L=843 seqmm=838 chkmm=0 rows=843
0:9-3:TR1: ABCK ti=7 L=334 seqmm=333 chkmm=0 rows=334
0:9-6:TR1: ABCK ti=6 L=1259 seqmm=1256 chkmm=0 rows=1259
0:6-3:TR1: ABCK ti=7 L=503 seqmm=501 chkmm=0 rows=503
0:5-2:TR1: ABCK ti=7 L=482 seqmm=480 chkmm=0 rows=482
0:8-0:TR1: ABCK ti=6 L=798 seqmm=797 chkmm=0 rows=798
0:5-9:TR1: ABCK ti=6 L=1206 seqmm=1204 chkmm=0 rows=1206
0:6-8:TR1: ABCK ti=6 L=1085 seqmm=1084 chkmm=0 rows=1085
0:4-8:TR1: ABCK ti=8 L=207 seqmm=206 chkmm=0 rows=207
0:4-0:TR1: ABCK ti=6 L=700 seqmm=699 chkmm=0 rows=700
0:9-2:TR1: ABCK ti=6 L=1114 seqmm=1113 chkmm=0 rows=1114
0:5-7:TR1: ABCK ti=6 L=1288 seqmm=1287 chkmm=0 rows=1288
0:8-9:TR1: ABCK ti=8 L=230 seqmm=229 chkmm=0 rows=230
0:2-5:TR1: ABCK ti=5 L=1339 seqmm=1338 chkmm=0 rows=1339
0:4-9:TR1: ABCK ti=7 L=424 seqmm=423 chkmm=0 rows=424
0:8-3:TR1: ABCK ti=7 L=284 seqmm=279 chkmm=0 rows=284
0:3-8:TR1: ABCK ti=6 L=536 seqmm=535 chkmm=0 rows=536
0:5-3:TR1: ABCK ti=8 L=213 seqmm=212 chkmm=0 rows=213
0:7-2:TR1: ABCK ti=6 L=1134 seqmm=1132 chkmm=0 rows=1134
0:7-7:TR1: ABCK ti=7 L=336 seqmm=333 chkmm=0 rows=336
0:10-6:TR1: ABCK ti=7 L=332 seqmm=331 chkmm=0 rows=332
0:2-8:TR1: ABCK ti=6 L=514 seqmm=509 chkmm=0 rows=514
0:4-6:TR1: ABCK ti=7 L=314 seqmm=309 chkmm=0 rows=314
0:7-6:TR1: ABCK ti=7 L=324 seqmm=320 chkmm=0 rows=324
0:9-0:TR1: ABCK ti=7 L=359 seqmm=358 chkmm=0 rows=359
0:3-7:TR1: ABCK ti=6 L=677 seqmm=674 chkmm=0 rows=677
0:10-0:TR1: ABCK ti=7 L=311 seqmm=309 chkmm=0 rows=311
0:9-1:TR1: ABCK ti=6 L=1053 seqmm=1052 chkmm=0 rows=1053
0:10-5:TR1: ABCK ti=6 L=1037 seqmm=1036 chkmm=0 rows=1037
0:6-6:TR1: ABCK ti=6 L=1050 seqmm=1049 chkmm=0 rows=1050
0:4-1:TR1: ABCK ti=6 L=653 seqmm=651 chkmm=0 rows=653
0:4-4:TR1: ABCK ti=6 L=707 seqmm=705 chkmm=0 rows=707
0:4-7:TR1: ABCK ti=7 L=318 seqmm=314 chkmm=0 rows=318
0:6-0:TR1: ABCK ti=7 L=433 seqmm=431 chkmm=0 rows=433
0:8-1:TR1: ABCK ti=8 L=300 seqmm=286 chkmm=0 rows=300
0:10-7:TR1: ABCK ti=7 L=360 seqmm=359 chkmm=0 rows=360
0:4-2:TR1: ABCK ti=7 L=289 seqmm=288 chkmm=0 rows=289
0:5-5:TR1: ABCK ti=7 L=399 seqmm=398 chkmm=0 rows=399
0:7-5:TR1: ABCK ti=7 L=388 seqmm=383 chkmm=0 rows=388
0:8-2:TR1: ABCK ti=6 L=1243 seqmm=1241 chkmm=0 rows=1243
0:10-3:TR1: ABCK ti=8 L=207 seqmm=206 chkmm=0 rows=207
0:10-4:TR1: ABCK ti=8 L=224 seqmm=219 chkmm=0 rows=224
0:6-5:TR1: ABCK ti=7 L=283 seqmm=282 chkmm=0 rows=283
0:8-6:TR1: ABCK ti=8 L=244 seqmm=231 chkmm=0 rows=244
0:9-5:TR1: ABCK ti=8 L=226 seqmm=223 chkmm=0 rows=226
0:9-9:TR1: ABCK ti=7 L=418 seqmm=417 chkmm=0 rows=418
0:10-9:TR1: ABCK ti=8 L=234 seqmm=231 chkmm=0 rows=234
0:7-4:TR1: ABCK ti=7 L=281 seqmm=280 chkmm=0 rows=281
0:4-8:TR1: ABCK ti=9 L=135 seqmm=125 chkmm=0 rows=135
0:9-8:TR1: ABCK ti=8 L=314 seqmm=313 chkmm=0 rows=314
0:6-7:TR1: ABCK ti=7 L=339 seqmm=336 chkmm=0 rows=339
0:7-0:TR1: ABCK ti=6 L=1197 seqmm=1196 chkmm=0 rows=1197
0:8-4:TR1: ABCK ti=7 L=372 seqmm=367 chkmm=0 rows=372
0:8-5:TR1: ABCK ti=7 L=374 seqmm=371 chkmm=0 rows=374
0:8-7:TR1: ABCK ti=7 L=299 seqmm=297 chkmm=0 rows=299
0:10-8:TR1: ABCK ti=7 L=356 seqmm=355 chkmm=0 rows=356
0:7-3:TR1: ABCK ti=8 L=217 seqmm=216 chkmm=0 rows=217
0:6-2:TR1: ABCK ti=6 L=1283 seqmm=1282 chkmm=0 rows=1283
0:6-9:TR1: ABCK ti=7 L=603 seqmm=601 chkmm=0 rows=603
0:7-9:TR1: ABCK ti=7 L=265 seqmm=264 chkmm=0 rows=265
0:8-8:TR1: ABCK ti=7 L=331 seqmm=328 chkmm=0 rows=331
0:8-9:TR1: ABCK ti=9 L=157 seqmm=148 chkmm=0 rows=157
0:9-3:TR1: ABCK ti=8 L=234 seqmm=233 chkmm=0 rows=234
0:0-2:TR1: ABCK ti=3 L=2023 seqmm=2022 chkmm=0 rows=2023
0:5-3:TR1: ABCK ti=9 L=145 seqmm=136 chkmm=0 rows=145
0:6-3:TR1: ABCK ti=8 L=244 seqmm=234 chkmm=0 rows=244
0:4-3:TR1: ABCK ti=7 L=300 seqmm=296 chkmm=0 rows=300
0:6-1:TR1: ABCK ti=7 L=370 seqmm=369 chkmm=0 rows=370
0:5-1:TR1: ABCK ti=7 L=358 seqmm=356 chkmm=0 rows=358
0:5-6:TR1: ABCK ti=7 L=255 seqmm=251 chkmm=0 rows=255
0:10-3:TR1: ABCK ti=9 L=112 seqmm=100 chkmm=0 rows=112
0:4-5:TR1: ABCK ti=7 L=456 seqmm=455 chkmm=0 rows=456
0:5-2:TR1: ABCK ti=8 L=261 seqmm=252 chkmm=0 rows=261
0:10-4:TR1: ABCK ti=9 L=114 seqmm=104 chkmm=0 rows=114
0:3-0:TR1: ABCK ti=6 L=516 seqmm=512 chkmm=0 rows=516
0:4-9:TR1: ABCK ti=8 L=207 seqmm=206 chkmm=0 rows=207
0:5-0:TR1: ABCK ti=7 L=396 seqmm=395 chkmm=0 rows=396
0:9-5:TR1: ABCK ti=9 L=128 seqmm=118 chkmm=0 rows=128
0:2-2:TR1: ABCK ti=5 L=1415 seqmm=1414 chkmm=0 rows=1415
0:3-9:TR1: ABCK ti=6 L=763 seqmm=762 chkmm=0 rows=763
0:9-4:TR1: ABCK ti=7 L=305 seqmm=299 chkmm=0 rows=305
0:9-6:TR1: ABCK ti=7 L=297 seqmm=293 chkmm=0 rows=297
0:9-7:TR1: ABCK ti=6 L=1330 seqmm=1328 chkmm=0 rows=1330
0:10-1:TR1: ABCK ti=6 L=1213 seqmm=1212 chkmm=0 rows=1213
0:5-7:TR1: ABCK ti=7 L=241 seqmm=239 chkmm=0 rows=241
0:9-8:TR1: ABCK ti=9 L=125 seqmm=114 chkmm=0 rows=125
0:10-2:TR1: ABCK ti=7 L=401 seqmm=399 chkmm=0 rows=401
0:6-4:TR1: ABCK ti=7 L=377 seqmm=376 chkmm=0 rows=377
0:7-3:TR1: ABCK ti=9 L=110 seqmm=101 chkmm=0 rows=110
0:7-7:TR1: ABCK ti=8 L=243 seqmm=242 chkmm=0 rows=243
0:8-3:TR1: ABCK ti=8 L=264 seqmm=255 chkmm=0 rows=264
0:4-6:TR1: ABCK ti=8 L=244 seqmm=241 chkmm=0 rows=244
0:7-6:TR1: ABCK ti=8 L=245 seqmm=244 chkmm=0 rows=245
0:10-0:TR1: ABCK ti=8 L=236 seqmm=233 chkmm=0 rows=236
0:10-6:TR1: ABCK ti=8 L=253 seqmm=250 chkmm=0 rows=253
0:3-7:TR1: ABCK ti=7 L=232 seqmm=229 chkmm=0 rows=232
0:3-8:TR1: ABCK ti=7 L=244 seqmm=243 chkmm=0 rows=244
0:4-0:TR1: ABCK ti=7 L=287 seqmm=285 chkmm=0 rows=287
0:5-9:TR1: ABCK ti=7 L=309 seqmm=307 chkmm=0 rows=309
0:7-5:TR1: ABCK ti=8 L=200 seqmm=195 chkmm=0 rows=200
0:3-4:TR1: ABCK ti=6 L=664 seqmm=663 chkmm=0 rows=664
0:5-5:TR1: ABCK ti=8 L=222 seqmm=220 chkmm=0 rows=222
0:7-2:TR1: ABCK ti=7 L=271 seqmm=269 chkmm=0 rows=271
0:10-9:TR1: ABCK ti=9 L=206 seqmm=197 chkmm=0 rows=206
0:2-4:TR1: ABCK ti=6 L=489 seqmm=488 chkmm=0 rows=489
0:6-0:TR1: ABCK ti=8 L=245 seqmm=244 chkmm=0 rows=245
0:2-0:TR1: ABCK ti=5 L=1351 seqmm=1350 chkmm=0 rows=1351
0:2-6:TR1: ABCK ti=6 L=716 seqmm=715 chkmm=0 rows=716
0:4-7:TR1: ABCK ti=8 L=253 seqmm=250 chkmm=0 rows=253
0:9-3:TR1: ABCK ti=9 L=152 seqmm=143 chkmm=0 rows=152
0:3-3:TR1: ABCK ti=6 L=819 seqmm=818 chkmm=0 rows=819
0:9-1:TR1: ABCK ti=7 L=272 seqmm=269 chkmm=0 rows=272
0:9-9:TR1: ABCK ti=8 L=240 seqmm=239 chkmm=0 rows=240
0:2-1:TR1: ABCK ti=5 L=1247 seqmm=1246 chkmm=0 rows=1247
0:10-7:TR1: ABCK ti=8 L=273 seqmm=272 chkmm=0 rows=273
0:3-5:TR1: ABCK ti=6 L=843 seqmm=841 chkmm=0 rows=843
0:4-2:TR1: ABCK ti=8 L=285 seqmm=272 chkmm=0 rows=285
0:6-6:TR1: ABCK ti=7 L=280 seqmm=279 chkmm=0 rows=280
0:7-1:TR1: ABCK ti=7 L=473 seqmm=472 chkmm=0 rows=473
0:9-2:TR1: ABCK ti=7 L=361 seqmm=357 chkmm=0 rows=361
0:2-3:TR1: ABCK ti=5 L=1289 seqmm=1287 chkmm=0 rows=1289
0:2-8:TR1: ABCK ti=7 L=327 seqmm=325 chkmm=0 rows=327
0:3-2:TR1: ABCK ti=6 L=698 seqmm=697 chkmm=0 rows=698
0:6-7:TR1: ABCK ti=8 L=247 seqmm=246 chkmm=0 rows=247
0:7-6:TR1: ABCK ti=9 L=96 seqmm=86 chkmm=0 rows=96
0:7-7:TR1: ABCK ti=9 L=102 seqmm=91 chkmm=0 rows=102
0:7-4:TR1: ABCK ti=8 L=276 seqmm=275 chkmm=0 rows=276
0:8-7:TR1: ABCK ti=8 L=260 seqmm=250 chkmm=0 rows=260
0:10-0:TR1: ABCK ti=9 L=106 seqmm=94 chkmm=0 rows=106
0:1-5:TR1: ABCK ti=5 L=1082 seqmm=1080 chkmm=0 rows=1082
0:2-9:TR1: ABCK ti=6 L=561 seqmm=560 chkmm=0 rows=561
0:4-4:TR1: ABCK ti=7 L=302 seqmm=299 chkmm=0 rows=302
0:5-8:TR1: ABCK ti=7 L=443 seqmm=442 chkmm=0 rows=443
0:8-4:TR1: ABCK ti=8 L=271 seqmm=262 chkmm=0 rows=271
0:1-0:TR1: ABCK ti=5 L=782 seqmm=781 chkmm=0 rows=782
0:1-7:TR1: ABCK ti=5 L=1158 seqmm=1157 chkmm=0 rows=1158
0:4-9:TR1: ABCK ti=9 L=191 seqmm=179 chkmm=0 rows=191
0:8-2:TR1: ABCK ti=7 L=295 seqmm=292 chkmm=0 rows=295
0:4-1:TR1: ABCK ti=7 L=326 seqmm=325 chkmm=0 rows=326
0:4-6:TR1: ABCK ti=9 L=136 seqmm=126 chkmm=0 rows=136
0:8-5:TR1: ABCK ti=8 L=296 seqmm=287 chkmm=0 rows=296
0:1-8:TR1: ABCK ti=5 L=1364 seqmm=1363 chkmm=0 rows=1364
0:2-7:TR1: ABCK ti=6 L=685 seqmm=683 chkmm=0 rows=685
0:6-5:TR1: ABCK ti=8 L=339 seqmm=328 chkmm=0 rows=339
0:6-9:TR1: ABCK ti=8 L=267 seqmm=266 chkmm=0 rows=267
0:7-0:TR1: ABCK ti=7 L=280 seqmm=279 chkmm=0 rows=280
0:0-1:TR1: ABCK ti=3 L=1580 seqmm=1575 chkmm=0 rows=1580
0:1-3:TR1: ABCK ti=5 L=1028 seqmm=1027 chkmm=0 rows=1028
0:1-6:TR1: ABCK ti=5 L=1278 seqmm=1276 chkmm=0 rows=1278
0:5-0:TR1: ABCK ti=8 L=221 seqmm=220 chkmm=0 rows=221
0:5-1:TR1: ABCK ti=8 L=249 seqmm=248 chkmm=0 rows=249
0:5-4:TR1: ABCK ti=7 L=537 seqmm=535 chkmm=0 rows=537
0:9-0:TR1: ABCK ti=8 L=425 seqmm=415 chkmm=0 rows=425
0:10-6:TR1: ABCK ti=9 L=175 seqmm=162 chkmm=0 rows=175
0:3-7:TR1: ABCK ti=8 L=185 seqmm=174 chkmm=0 rows=185
0:0-9:TR1: ABCK ti=5 L=839 seqmm=837 chkmm=0 rows=839
0:5-6:TR1: ABCK ti=8 L=288 seqmm=279 chkmm=0 rows=288
0:7-9:TR1: ABCK ti=8 L=306 seqmm=302 chkmm=0 rows=306
0:9-4:TR1: ABCK ti=8 L=230 seqmm=228 chkmm=0 rows=230
0:3-8:TR1: ABCK ti=8 L=207 seqmm=196 chkmm=0 rows=207
0:4-7:TR1: ABCK ti=9 L=147 seqmm=137 chkmm=0 rows=147
0:6-7:TR1: ABCK ti=9 L=104 seqmm=95 chkmm=0 rows=104
0:9-6:TR1: ABCK ti=8 L=243 seqmm=242 chkmm=0 rows=243
0:9-9:TR1: ABCK ti=9 L=136 seqmm=127 chkmm=0 rows=136
0:4-3:TR1: ABCK ti=8 L=316 seqmm=306 chkmm=0 rows=316
0:4-5:TR1: ABCK ti=8 L=294 seqmm=283 chkmm=0 rows=294
0:3-0:TR1: ABCK ti=7 L=271 seqmm=270 chkmm=0 rows=271
0:10-8:TR1: ABCK ti=8 L=374 seqmm=363 chkmm=0 rows=374
0:4-0:TR1: ABCK ti=8 L=240 seqmm=231 chkmm=0 rows=240
0:5-5:TR1: ABCK ti=9 L=198 seqmm=189 chkmm=0 rows=198
0:5-9:TR1: ABCK ti=8 L=246 seqmm=236 chkmm=0 rows=246
0:7-5:TR1: ABCK ti=9 L=230 seqmm=220 chkmm=0 rows=230
0:0-0:TR1: ABCK ti=2 L=1911 seqmm=1910 chkmm=0 rows=1911
0:0-4:TR1: ABCK ti=5 L=922 seqmm=917 chkmm=0 rows=922
0:3-6:TR1: ABCK ti=6 L=692 seqmm=688 chkmm=0 rows=692
0:5-7:TR1: ABCK ti=8 L=281 seqmm=272 chkmm=0 rows=281
0:6-0:TR1: ABCK ti=9 L=202 seqmm=193 chkmm=0 rows=202
0:10-2:TR1: ABCK ti=8 L=272 seqmm=271 chkmm=0 rows=272
0:6-1:TR1: ABCK ti=8 L=360 seqmm=349 chkmm=0 rows=360
0:6-4:TR1: ABCK ti=8 L=285 seqmm=276 chkmm=0 rows=285
0:10-5:TR1: ABCK ti=7 L=472 seqmm=469 chkmm=0 rows=472
0:3-4:TR1: ABCK ti=7 L=234 seqmm=231 chkmm=0 rows=234
0:6-8:TR1: ABCK ti=7 L=560 seqmm=559 chkmm=0 rows=560
0:7-8:TR1: ABCK ti=7 L=598 seqmm=597 chkmm=0 rows=598
0:1-9:TR1: ABCK ti=5 L=1219 seqmm=1218 chkmm=0 rows=1219
0:6-2:TR1: ABCK ti=7 L=380 seqmm=378 chkmm=0 rows=380
0:7-9:TR1: ABCK ti=9 L=93 seqmm=81 chkmm=0 rows=93
0:8-0:TR1: ABCK ti=7 L=581 seqmm=580 chkmm=0 rows=581
0:10-7:TR1: ABCK ti=9 L=201 seqmm=192 chkmm=0 rows=201
0:2-8:TR1: ABCK ti=8 L=211 seqmm=200 chkmm=0 rows=211
0:3-1:TR1: ABCK ti=6 L=837 seqmm=836 chkmm=0 rows=837
0:10-1:TR1: ABCK ti=7 L=316 seqmm=315 chkmm=0 rows=316
0:2-4:TR1: ABCK ti=7 L=244 seqmm=243 chkmm=0 rows=244
0:7-1:TR1: ABCK ti=8 L=225 seqmm=216 chkmm=0 rows=225
0:7-2:TR1: ABCK ti=8 L=285 seqmm=276 chkmm=0 rows=285
0:4-1:TR1: ABCK ti=8 L=191 seqmm=181 chkmm=0 rows=191
0:5-1:TR1: ABCK ti=9 L=138 seqmm=128 chkmm=0 rows=138
0:6-6:TR1: ABCK ti=8 L=236 seqmm=235 chkmm=0 rows=236
0:9-4:TR1: ABCK ti=9 L=115 seqmm=106 chkmm=0 rows=115
0:0-5:TR1: ABCK ti=5 L=831 seqmm=830 chkmm=0 rows=831
0:9-2:TR1: ABCK ti=8 L=254 seqmm=244 chkmm=0 rows=254
0:4-4:TR1: ABCK ti=8 L=232 seqmm=223 chkmm=0 rows=232
0:5-0:TR1: ABCK ti=9 L=163 seqmm=154 chkmm=0 rows=163
0:6-9:TR1: ABCK ti=9 L=181 seqmm=171 chkmm=0 rows=181
0:8-8:TR1: ABCK ti=8 L=468 seqmm=458 chkmm=0 rows=468
0:0-8:TR1: ABCK ti=5 L=988 seqmm=986 chkmm=0 rows=988
0:2-6:TR1: ABCK ti=7 L=300 seqmm=295 chkmm=0 rows=300
0:9-1:TR1: ABCK ti=8 L=312 seqmm=299 chkmm=0 rows=312
0:2-2:TR1: ABCK ti=6 L=392 seqmm=391 chkmm=0 rows=392
0:2-9:TR1: ABCK ti=7 L=237 seqmm=230 chkmm=0 rows=237
0:3-2:TR1: ABCK ti=7 L=262 seqmm=259 chkmm=0 rows=262
0:5-8:TR1: ABCK ti=8 L=250 seqmm=248 chkmm=0 rows=250
0:9-6:TR1: ABCK ti=9 L=155 seqmm=146 chkmm=0 rows=155
0:0-7:TR1: ABCK ti=5 L=1152 seqmm=1150 chkmm=0 rows=1152
0:1-2:TR1: ABCK ti=5 L=901 seqmm=899 chkmm=0 rows=901
0:1-4:TR1: ABCK ti=5 L=1179 seqmm=1177 chkmm=0 rows=1179
0:5-4:TR1: ABCK ti=8 L=215 seqmm=212 chkmm=0 rows=215
0:7-4:TR1: ABCK ti=9 L=260 seqmm=250 chkmm=0 rows=260
0:10-2:TR1: ABCK ti=9 L=127 seqmm=118 chkmm=0 rows=127
0:3-3:TR1: ABCK ti=7 L=312 seqmm=310 chkmm=0 rows=312
0:3-0:TR1: ABCK ti=8 L=193 seqmm=181 chkmm=0 rows=193
0:3-9:TR1: ABCK ti=7 L=424 seqmm=423 chkmm=0 rows=424
0:1-1:TR1: ABCK ti=5 L=912 seqmm=911 chkmm=0 rows=912
0:6-6:TR1: ABCK ti=9 L=116 seqmm=106 chkmm=0 rows=116
0:8-2:TR1: ABCK ti=8 L=321 seqmm=311 chkmm=0 rows=321
0:7-0:TR1: ABCK ti=8 L=315 seqmm=306 chkmm=0 rows=315
0:7-8:TR1: ABCK ti=8 L=195 seqmm=191 chkmm=0 rows=195
0:6-8:TR1: ABCK ti=8 L=207 seqmm=202 chkmm=0 rows=207
0:10-5:TR1: ABCK ti=8 L=215 seqmm=213 chkmm=0 rows=215
0:3-5:TR1: ABCK ti=7 L=387 seqmm=384 chkmm=0 rows=387
0:1-5:TR1: ABCK ti=6 L=368 seqmm=365 chkmm=0 rows=368
0:2-4:TR1: ABCK ti=8 L=193 seqmm=184 chkmm=0 rows=193
0:2-5:TR1: ABCK ti=6 L=752 seqmm=751 chkmm=0 rows=752
0:9-7:TR1: ABCK ti=7 L=519 seqmm=517 chkmm=0 rows=519
0:1-0:TR1: ABCK ti=6 L=376 seqmm=373 chkmm=0 rows=376
0:2-6:TR1: ABCK ti=8 L=168 seqmm=157 chkmm=0 rows=168
0:3-4:TR1: ABCK ti=8 L=255 seqmm=244 chkmm=0 rows=255
0:6-2:TR1: ABCK ti=8 L=248 seqmm=234 chkmm=0 rows=248
0:8-0:TR1: ABCK ti=8 L=235 seqmm=234 chkmm=0 rows=235
0:5-8:TR1: ABCK ti=9 L=157 seqmm=148 chkmm=0 rows=157
0:2-7:TR1: ABCK ti=7 L=369 seqmm=368 chkmm=0 rows=369
0:5-4:TR1: ABCK ti=9 L=141 seqmm=131 chkmm=0 rows=141
0:0-3:TR1: ABCK ti=5 L=1089 seqmm=1087 chkmm=0 rows=1089
0:0-6:TR1: ABCK ti=5 L=1087 seqmm=1086 chkmm=0 rows=1087
0:2-1:TR1: ABCK ti=6 L=494 seqmm=492 chkmm=0 rows=494
0:2-9:TR1: ABCK ti=8 L=209 seqmm=200 chkmm=0 rows=209
0:7-8:TR1: ABCK ti=9 L=98 seqmm=89 chkmm=0 rows=98
0:10-1:TR1: ABCK ti=8 L=277 seqmm=276 chkmm=0 rows=277
0:0-5:TR1: ABCK ti=6 L=278 seqmm=274 chkmm=0 rows=278
0:3-3:TR1: ABCK ti=8 L=201 seqmm=192 chkmm=0 rows=201
0:8-0:TR1: ABCK ti=9 L=98 seqmm=86 chkmm=0 rows=98
0:10-5:TR1: ABCK ti=9 L=138 seqmm=129 chkmm=0 rows=138
0:0-7:TR1: ABCK ti=6 L=255 seqmm=252 chkmm=0 rows=255
0:2-2:TR1: ABCK ti=7 L=259 seqmm=258 chkmm=0 rows=259
0:3-9:TR1: ABCK ti=8 L=245 seqmm=236 chkmm=0 rows=245
0:6-8:TR1: ABCK ti=9 L=163 seqmm=153 chkmm=0 rows=163
0:0-8:TR1: ABCK ti=6 L=311 seqmm=306 chkmm=0 rows=311
0:3-2:TR1: ABCK ti=8 L=309 seqmm=300 chkmm=0 rows=309
0:3-1:TR1: ABCK ti=7 L=359 seqmm=358 chkmm=0 rows=359
0:3-5:TR1: ABCK ti=8 L=211 seqmm=202 chkmm=0 rows=211
0:0-9:TR1: ABCK ti=6 L=490 seqmm=488 chkmm=0 rows=490
0:2-7:TR1: ABCK ti=8 L=173 seqmm=163 chkmm=0 rows=173
0:10-1:TR1: ABCK ti=9 L=120 seqmm=111 chkmm=0 rows=120
0:0-4:TR1: ABCK ti=6 L=468 seqmm=466 chkmm=0 rows=468
0:2-0:TR1: ABCK ti=6 L=655 seqmm=654 chkmm=0 rows=655
0:2-3:TR1: ABCK ti=6 L=608 seqmm=606 chkmm=0 rows=608
0:9-7:TR1: ABCK ti=8 L=222 seqmm=217 chkmm=0 rows=222
0:1-3:TR1: ABCK ti=6 L=565 seqmm=563 chkmm=0 rows=565
0:1-4:TR1: ABCK ti=6 L=366 seqmm=365 chkmm=0 rows=366
0:1-2:TR1: ABCK ti=6 L=401 seqmm=399 chkmm=0 rows=401
0:1-6:TR1: ABCK ti=6 L=595 seqmm=594 chkmm=0 rows=595
0:1-9:TR1: ABCK ti=6 L=483 seqmm=478 chkmm=0 rows=483
0:1-0:TR1: ABCK ti=7 L=268 seqmm=267 chkmm=0 rows=268
0:2-5:TR1: ABCK ti=7 L=279 seqmm=278 chkmm=0 rows=279
0:3-6:TR1: ABCK ti=7 L=517 seqmm=514 chkmm=0 rows=517
0:1-5:TR1: ABCK ti=7 L=294 seqmm=293 chkmm=0 rows=294
0:1-1:TR1: ABCK ti=6 L=393 seqmm=392 chkmm=0 rows=393
0:1-7:TR1: ABCK ti=6 L=698 seqmm=697 chkmm=0 rows=698
0:1-8:TR1: ABCK ti=6 L=697 seqmm=695 chkmm=0 rows=697
0:2-1:TR1: ABCK ti=7 L=288 seqmm=287 chkmm=0 rows=288
0:1-5:TR1: ABCK ti=8 L=99 seqmm=88 chkmm=0 rows=99
0:3-1:TR1: ABCK ti=8 L=211 seqmm=202 chkmm=0 rows=211
0:0-3:TR1: ABCK ti=6 L=363 seqmm=361 chkmm=0 rows=363
0:1-0:TR1: ABCK ti=8 L=144 seqmm=133 chkmm=0 rows=144
0:0-9:TR1: ABCK ti=7 L=217 seqmm=214 chkmm=0 rows=217
0:9-7:TR1: ABCK ti=9 L=197 seqmm=187 chkmm=0 rows=197
0:0-2:TR1: ABCK ti=4 L=1022 seqmm=1020 chkmm=0 rows=1022
0:2-2:TR1: ABCK ti=8 L=303 seqmm=293 chkmm=0 rows=303
0:0-4:TR1: ABCK ti=7 L=226 seqmm=221 chkmm=0 rows=226
0:0-5:TR1: ABCK ti=7 L=349 seqmm=348 chkmm=0 rows=349
0:0-7:TR1: ABCK ti=7 L=316 seqmm=307 chkmm=0 rows=316
0:0-8:TR1: ABCK ti=7 L=282 seqmm=281 chkmm=0 rows=282
0:2-0:TR1: ABCK ti=7 L=238 seqmm=237 chkmm=0 rows=238
0:2-5:TR1: ABCK ti=8 L=201 seqmm=191 chkmm=0 rows=201
0:2-3:TR1: ABCK ti=7 L=267 seqmm=264 chkmm=0 rows=267
0:3-6:TR1: ABCK ti=8 L=220 seqmm=210 chkmm=0 rows=220
0:0-4:TR1: ABCK ti=8 L=105 seqmm=94 chkmm=0 rows=105
0:0-6:TR1: ABCK ti=6 L=476 seqmm=473 chkmm=0 rows=476
0:1-2:TR1: ABCK ti=7 L=233 seqmm=232 chkmm=0 rows=233
0:1-6:TR1: ABCK ti=7 L=260 seqmm=257 chkmm=0 rows=260
0:0-5:TR1: ABCK ti=8 L=109 seqmm=100 chkmm=0 rows=109
0:1-1:TR1: ABCK ti=7 L=229 seqmm=226 chkmm=0 rows=229
0:1-9:TR1: ABCK ti=7 L=287 seqmm=283 chkmm=0 rows=287
0:1-7:TR1: ABCK ti=7 L=274 seqmm=273 chkmm=0 rows=274
0:2-1:TR1: ABCK ti=8 L=262 seqmm=253 chkmm=0 rows=262
0:0-8:TR1: ABCK ti=8 L=182 seqmm=173 chkmm=0 rows=182
0:0-9:TR1: ABCK ti=8 L=211 seqmm=202 chkmm=0 rows=211
0:1-4:TR1: ABCK ti=7 L=362 seqmm=361 chkmm=0 rows=362
0:0-3:TR1: ABCK ti=7 L=223 seqmm=220 chkmm=0 rows=223
0:1-3:TR1: ABCK ti=7 L=426 seqmm=416 chkmm=0 rows=426
0:2-0:TR1: ABCK ti=8 L=212 seqmm=203 chkmm=0 rows=212
0:1-2:TR1: ABCK ti=8 L=160 seqmm=151 chkmm=0 rows=160
0:1-6:TR1: ABCK ti=8 L=181 seqmm=172 chkmm=0 rows=181
0:1-8:TR1: ABCK ti=7 L=350 seqmm=348 chkmm=0 rows=350
0:1-9:TR1: ABCK ti=8 L=161 seqmm=148 chkmm=0 rows=161
0:1-1:TR1: ABCK ti=8 L=177 seqmm=168 chkmm=0 rows=177
0:0-1:TR1: ABCK ti=4 L=1086 seqmm=1084 chkmm=0 rows=1086
0:0-3:TR1: ABCK ti=8 L=150 seqmm=140 chkmm=0 rows=150
0:0-6:TR1: ABCK ti=7 L=258 seqmm=257 chkmm=0 rows=258
0:1-4:TR1: ABCK ti=8 L=207 seqmm=197 chkmm=0 rows=207
0:2-3:TR1: ABCK ti=8 L=357 seqmm=347 chkmm=0 rows=357
0:1-8:TR1: ABCK ti=8 L=150 seqmm=140 chkmm=0 rows=150
0:0-0:TR1: ABCK ti=3 L=1166 seqmm=1165 chkmm=0 rows=1166
0:0-2:TR1: ABCK ti=5 L=524 seqmm=520 chkmm=0 rows=524
0:0-6:TR1: ABCK ti=8 L=162 seqmm=153 chkmm=0 rows=162
0:1-7:TR1: ABCK ti=8 L=386 seqmm=376 chkmm=0 rows=386
0:0-1:TR1: ABCK ti=5 L=366 seqmm=365 chkmm=0 rows=366
0:0-2:TR1: ABCK ti=6 L=247 seqmm=245 chkmm=0 rows=247
0:0-1:TR1: ABCK ti=6 L=220 seqmm=212 chkmm=0 rows=220
0:0-2:TR1: ABCK ti=7 L=209 seqmm=200 chkmm=0 rows=209
0:0-1:TR1: ABCK ti=7 L=116 seqmm=107 chkmm=0 rows=116
0:0-0:TR1: ABCK ti=4 L=661 seqmm=660 chkmm=0 rows=661
0:0-0:TR1: ABCK ti=5 L=347 seqmm=346 chkmm=0 rows=347
0:0-0:TR1: ABCK ti=6 L=192 seqmm=183 chkmm=0 rows=192
[BLEND_SPLIT] upload=0.5 (attrs=0.0MB ids=0.0MB resident) exec=5663.2 readback=2.7 total=5666.4 ms
[BLEND_ADDR] cull_masks=0xa08ee00 out=0xa269ec0(sz=0x600000) tile_ids=0x54d3ec0 xramp=0xa267ec0 yramp=0xa268ec0 payload=0x0(sz=0x0)
[BLEND_DEVICE] resident_blend=5760.3 ms (host_build=0)
[BUCKET_CULL] P_kept=3369033 tiles=1024 floor=6.10352e-05 cull_disabled=0 exec=74.06ms
[SORT] stage=RP P=3369033 P_kept=3369033 num_tiles=1024 max_tile_n=26544 bin=15.96 up=0.45 kernel=7.47 d2h=0.00 compact=0.00 publish=1.30 total=99.41ms
[CULL_SPLIT] candidates=3369033 masks=12.88MB exec=80.2 ms masks_addr=0xa08ee00 end=0xad70280 base_addr=0x9eb5600
0:0-1:TR1: ABVAL ti=0 g=0 seq=0 chk_ok=0 r0=1185344268 r10=4294967295
0:0-2:TR1: ABVAL ti=0 g=0 seq=0 chk_ok=0 r0=1185344268 r10=4294967295
0:0-7:TR1: ABVAL ti=0 g=0 seq=0 chk_ok=0 r0=1178825243 r10=0
0:1-3:TR1: ABVAL ti=0 g=0 seq=0 chk_ok=0 r0=1170913011 r10=4294967295
0:4-6:TR1: ABVAL ti=0 g=0 seq=0 chk_ok=0 r0=1178825243 r10=63
0:4-7:TR1: ABVAL ti=0 g=0 seq=0 chk_ok=0 r0=1178825243 r10=4294967295
0:4-8:TR1: ABVAL ti=0 g=0 seq=0 chk_ok=0 r0=1184986653 r10=0
0:4-9:TR1: ABVAL ti=0 g=0 seq=0 chk_ok=0 r0=1170913011 r10=0
0:5-0:TR1: ABVAL ti=0 g=0 seq=0 chk_ok=0 r0=1178825243 r10=524287
0:5-1:TR1: ABVAL ti=0 g=0 seq=0 chk_ok=0 r0=1178825243 r10=8191
0:5-3:TR1: ABVAL ti=0 g=0 seq=0 chk_ok=0 r0=1170913011 r10=0
0:5-4:TR1: ABVAL ti=0 g=0 seq=0 chk_ok=0 r0=1185344268 r10=4294967295
0:5-5:TR1: ABVAL ti=0 g=0 seq=0 chk_ok=0 r0=1179839936 r10=0
0:5-8:TR1: ABVAL ti=0 g=0 seq=0 chk_ok=0 r0=1185344268 r10=4294967155
0:6-0:TR1: ABVAL ti=0 g=0 seq=0 chk_ok=0 r0=1178825243 r10=4294967295
0:6-6:TR1: ABVAL ti=0 g=0 seq=0 chk_ok=0 r0=1170913011 r10=4294967295
0:6-7:TR1: ABVAL ti=0 g=0 seq=0 chk_ok=0 r0=1170913011 r10=4294967295
0:6-8:TR1: ABVAL ti=0 g=0 seq=0 chk_ok=0 r0=1170913011 r10=3471835135
0:6-9:TR1: ABVAL ti=0 g=0 seq=0 chk_ok=0 r0=1178825243 r10=1073741823
0:7-3:TR1: ABVAL ti=0 g=0 seq=0 chk_ok=0 r0=1184986653 r10=0
0:7-4:TR1: ABVAL ti=0 g=0 seq=0 chk_ok=0 r0=1184986653 r10=0
0:7-5:TR1: ABVAL ti=0 g=0 seq=0 chk_ok=0 r0=1178825243 r10=4294966272
0:7-6:TR1: ABVAL ti=0 g=0 seq=0 chk_ok=0 r0=1170913011 r10=4294967295
0:7-7:TR1: ABVAL ti=0 g=0 seq=0 chk_ok=0 r0=1179839936 r10=0
0:7-8:TR1: ABVAL ti=0 g=0 seq=0 chk_ok=0 r0=1170913011 r10=0
0:7-9:TR1: ABVAL ti=0 g=0 seq=0 chk_ok=0 r0=1178825243 r10=4294967295
0:8-0:TR1: ABVAL ti=0 g=0 seq=0 chk_ok=0 r0=1170913011 r10=0
0:8-9:TR1: ABVAL ti=0 g=0 seq=0 chk_ok=0 r0=1178825243 r10=1073741823
0:9-3:TR1: ABVAL ti=0 g=0 seq=0 chk_ok=0 r0=1183906997 r10=4294967295
0:9-4:TR1: ABVAL ti=0 g=0 seq=0 chk_ok=0 r0=1170913011 r10=2188
0:9-5:TR1: ABVAL ti=0 g=0 seq=0 chk_ok=0 r0=1179839936 r10=0
0:9-6:TR1: ABVAL ti=0 g=0 seq=0 chk_ok=0 r0=1178825243 r10=0
0:9-7:TR1: ABVAL ti=0 g=0 seq=0 chk_ok=0 r0=1179839936 r10=0
0:9-8:TR1: ABVAL ti=0 g=0 seq=0 chk_ok=0 r0=1170913011 r10=0
0:9-9:TR1: ABVAL ti=0 g=0 seq=0 chk_ok=0 r0=1178825243 r10=4294967295
0:10-0:TR1: ABVAL ti=0 g=0 seq=0 chk_ok=0 r0=1186158284 r10=0
0:10-1:TR1: ABVAL ti=0 g=0 seq=0 chk_ok=0 r0=1170913011 r10=4294967295
0:10-2:TR1: ABVAL ti=0 g=0 seq=0 chk_ok=0 r0=1179839936 r10=0
0:10-3:TR1: ABVAL ti=0 g=0 seq=0 chk_ok=0 r0=1170913011 r10=3438215167
0:10-4:TR1: ABVAL ti=0 g=0 seq=0 chk_ok=0 r0=1185344268 r10=4294967295
0:10-5:TR1: ABVAL ti=0 g=0 seq=0 chk_ok=0 r0=1185344268 r10=4294967295
0:10-6:TR1: ABVAL ti=0 g=0 seq=0 chk_ok=0 r0=1185344268 r10=4294967295
0:10-7:TR1: ABVAL ti=0 g=0 seq=0 chk_ok=0 r0=1179839936 r10=0
0:10-9:TR1: ABVAL ti=0 g=0 seq=0 chk_ok=0 r0=1184986653 r10=0
0:0-0:TR1: ABVAL ti=0 g=0 seq=0 chk_ok=0 r0=1110059070 r10=2147483648
0:0-0:TR1: ABVAL ti=0 g=1 seq=0 chk_ok=0 r0=1113846821 r10=2147483648
0:0-1:TR1: ABVAL ti=0 g=1 seq=0 chk_ok=0 r0=1096026023 r10=286261248
0:0-1:TR1: ABVAL ti=0 g=2 seq=0 chk_ok=0 r0=1103384346 r10=286331136
0:0-2:TR1: ABVAL ti=0 g=1 seq=0 chk_ok=0 r0=1158463824 r10=4076863488
0:0-2:TR1: ABVAL ti=0 g=2 seq=0 chk_ok=0 r0=1078174431 r10=286330880
0:0-3:TR1: ABVAL ti=0 g=0 seq=0 chk_ok=0 r0=1157896456 r10=0
0:0-3:TR1: ABVAL ti=0 g=1 seq=0 chk_ok=0 r0=1129957518 r10=2147483648
0:0-4:TR1: ABVAL ti=0 g=0 seq=0 chk_ok=0 r0=1156673510 r10=1929379840
0:0-4:TR1: ABVAL ti=0 g=1 seq=0 chk_ok=0 r0=1115700254 r10=0
0:0-5:TR1: ABVAL ti=0 g=0 seq=0 chk_ok=0 r0=1060220726 r10=53542912
0:0-5:TR1: ABVAL ti=0 g=1 seq=0 chk_ok=0 r0=1102150245 r10=817
0:0-6:TR1: ABVAL ti=0 g=0 seq=0 chk_ok=0 r0=1051251572 r10=2281701376
0:0-6:TR1: ABVAL ti=0 g=1 seq=0 chk_ok=0 r0=1070358278 r10=3422552064
0:0-7:TR1: ABVAL ti=0 g=1 seq=0 chk_ok=0 r0=1069239114 r10=288256
0:0-7:TR1: ABVAL ti=0 g=2 seq=0 chk_ok=0 r0=1078353489 r10=0
0:0-8:TR1: ABVAL ti=0 g=0 seq=0 chk_ok=0 r0=1114112631 r10=0
0:0-8:TR1: ABVAL ti=0 g=1 seq=0 chk_ok=0 r0=1113039876 r10=0
0:0-9:TR1: ABVAL ti=0 g=0 seq=0 chk_ok=0 r0=1133763897 r10=524288
0:0-9:TR1: ABVAL ti=0 g=1 seq=0 chk_ok=0 r0=1137924300 r10=13369344
0:1-0:TR1: ABVAL ti=0 g=0 seq=0 chk_ok=0 r0=1078831263 r10=1073741824
0:1-0:TR1: ABVAL ti=0 g=1 seq=0 chk_ok=0 r0=1067193274 r10=3221225472
0:1-1:TR1: ABVAL ti=0 g=0 seq=0 chk_ok=0 r0=1121458940 r10=0
0:1-1:TR1: ABVAL ti=0 g=1 seq=0 chk_ok=0 r0=1121533902 r10=0
0:1-2:TR1: ABVAL ti=0 g=0 seq=0 chk_ok=0 r0=1108331540 r10=3435554355
0:1-2:TR1: ABVAL ti=0 g=1 seq=0 chk_ok=0 r0=1124511435 r10=8
0:1-3:TR1: ABVAL ti=0 g=1 seq=0 chk_ok=0 r0=1090658362 r10=862348288
0:1-3:TR1: ABVAL ti=0 g=2 seq=0 chk_ok=0 r0=1062181249 r10=268435456
0:1-4:TR1: ABVAL ti=0 g=0 seq=0 chk_ok=0 r0=1115073570 r10=3824
0:1-4:TR1: ABVAL ti=0 g=1 seq=0 chk_ok=0 r0=1117006065 r10=3824
0:1-5:TR1: ABVAL ti=0 g=0 seq=0 chk_ok=0 r0=1117635634 r10=128
0:1-5:TR1: ABVAL ti=0 g=1 seq=0 chk_ok=0 r0=1117862883 r10=128
0:1-6:TR1: ABVAL ti=0 g=0 seq=0 chk_ok=0 r0=1101613466 r10=0
0:1-6:TR1: ABVAL ti=0 g=1 seq=0 chk_ok=0 r0=1055614990 r10=2290649224
0:1-7:TR1: ABVAL ti=0 g=0 seq=0 chk_ok=0 r0=1130874867 r10=0
0:1-7:TR1: ABVAL ti=0 g=1 seq=0 chk_ok=0 r0=1123591639 r10=0
0:1-8:TR1: ABVAL ti=0 g=0 seq=0 chk_ok=0 r0=1127089057 r10=2348810240
0:1-8:TR1: ABVAL ti=0 g=1 seq=0 chk_ok=0 r0=1125415581 r10=2281701376
0:1-9:TR1: ABVAL ti=0 g=0 seq=0 chk_ok=0 r0=1102983788 r10=2147483648
0:1-9:TR1: ABVAL ti=0 g=1 seq=0 chk_ok=0 r0=1102299781 r10=2147483648
0:2-0:TR1: ABVAL ti=0 g=0 seq=0 chk_ok=0 r0=1112625519 r10=30480
0:2-0:TR1: ABVAL ti=0 g=1 seq=0 chk_ok=0 r0=1115915831 r10=30480
0:2-1:TR1: ABVAL ti=0 g=0 seq=0 chk_ok=0 r0=1071009612 r10=3221225472
0:2-1:TR1: ABVAL ti=0 g=1 seq=0 chk_ok=0 r0=1085012028 r10=0
0:2-2:TR1: ABVAL ti=0 g=0 seq=0 chk_ok=0 r0=1138154590 r10=0
0:2-2:TR1: ABVAL ti=0 g=1 seq=0 chk_ok=0 r0=1075348925 r10=3435134976
0:2-3:TR1: ABVAL ti=0 g=0 seq=0 chk_ok=0 r0=1103007312 r10=3430940672
0:2-3:TR1: ABVAL ti=0 g=1 seq=0 chk_ok=0 r0=1091020888 r10=69939
0:2-4:TR1: ABVAL ti=0 g=0 seq=0 chk_ok=0 r0=1085468628 r10=823197696
0:2-4:TR1: ABVAL ti=0 g=1 seq=0 chk_ok=0 r0=1121533902 r10=0
0:2-5:TR1: ABVAL ti=0 g=0 seq=0 chk_ok=0 r0=1123591639 r10=8912896
0:2-5:TR1: ABVAL ti=0 g=1 seq=0 chk_ok=0 r0=1125421694 r10=9175040
0:2-6:TR1: ABVAL ti=0 g=0 seq=0 chk_ok=0 r0=1067773942 r10=2290614272
0:2-6:TR1: ABVAL ti=0 g=1 seq=0 chk_ok=0 r0=1058938114 r10=2290089984
0:2-7:TR1: ABVAL ti=0 g=0 seq=0 chk_ok=0 r0=1063789424 r10=1610612736
0:2-7:TR1: ABVAL ti=0 g=1 seq=0 chk_ok=0 r0=1052268039 r10=1610612736
0:2-8:TR1: ABVAL ti=0 g=0 seq=0 chk_ok=0 r0=1122379234 r10=2147483648
0:2-8:TR1: ABVAL ti=0 g=1 seq=0 chk_ok=0 r0=1123158849 r10=2147483648
0:2-9:TR1: ABVAL ti=0 g=0 seq=0 chk_ok=0 r0=1099169372 r10=0
0:2-9:TR1: ABVAL ti=0 g=1 seq=0 chk_ok=0 r0=1096278083 r10=0
0:3-0:TR1: ABVAL ti=0 g=0 seq=0 chk_ok=0 r0=1090807863 r10=136
0:3-0:TR1: ABVAL ti=0 g=1 seq=0 chk_ok=0 r0=1076746983 r10=2184
0:3-1:TR1: ABVAL ti=0 g=0 seq=0 chk_ok=0 r0=1065638196 r10=3431499904
0:3-1:TR1: ABVAL ti=0 g=1 seq=0 chk_ok=0 r0=1091846291 r10=0
0:3-2:TR1: ABVAL ti=0 g=0 seq=0 chk_ok=0 r0=1093855387 r10=285212672
0:3-2:TR1: ABVAL ti=0 g=1 seq=0 chk_ok=0 r0=1056296586 r10=2147483648
0:3-3:TR1: ABVAL ti=0 g=0 seq=0 chk_ok=0 r0=1112538902 r10=0
0:3-3:TR1: ABVAL ti=0 g=1 seq=0 chk_ok=0 r0=1115707742 r10=0
0:3-4:TR1: ABVAL ti=0 g=0 seq=0 chk_ok=0 r0=1062175195 r10=268435456
0:3-4:TR1: ABVAL ti=0 g=1 seq=0 chk_ok=0 r0=1061853778 r10=570425344
0:3-5:TR1: ABVAL ti=0 g=0 seq=0 chk_ok=0 r0=1068532634 r10=2147483648
0:3-5:TR1: ABVAL ti=0 g=1 seq=0 chk_ok=0 r0=1084917763 r10=285212672
0:3-6:TR1: ABVAL ti=0 g=0 seq=0 chk_ok=0 r0=1134933485 r10=0
0:3-6:TR1: ABVAL ti=0 g=1 seq=0 chk_ok=0 r0=1133763897 r10=0
0:3-7:TR1: ABVAL ti=0 g=0 seq=0 chk_ok=0 r0=1127695152 r10=0
0:3-7:TR1: ABVAL ti=0 g=1 seq=0 chk_ok=0 r0=1078636015 r10=286261248
0:3-8:TR1: ABVAL ti=0 g=0 seq=0 chk_ok=0 r0=1097371257 r10=0
0:3-8:TR1: ABVAL ti=0 g=1 seq=0 chk_ok=0 r0=1099426791 r10=0
0:3-9:TR1: ABVAL ti=0 g=0 seq=0 chk_ok=0 r0=1103130722 r10=2290089984
0:3-9:TR1: ABVAL ti=0 g=1 seq=0 chk_ok=0 r0=1108563550 r10=2290876416
0:4-0:TR1: ABVAL ti=0 g=0 seq=0 chk_ok=0 r0=1117437675 r10=314504
0:4-0:TR1: ABVAL ti=0 g=1 seq=0 chk_ok=0 r0=1115628449 r10=52360
0:4-1:TR1: ABVAL ti=0 g=0 seq=0 chk_ok=0 r0=1139580977 r10=0
0:4-1:TR1: ABVAL ti=0 g=1 seq=0 chk_ok=0 r0=1141390058 r10=0
0:4-2:TR1: ABVAL ti=0 g=0 seq=0 chk_ok=0 r0=1094294738 r10=3422552064
0:4-2:TR1: ABVAL ti=0 g=1 seq=0 chk_ok=0 r0=1080173485 r10=285212672
0:4-3:TR1: ABVAL ti=0 g=0 seq=0 chk_ok=0 r0=1065487128 r10=1073741824
0:4-3:TR1: ABVAL ti=0 g=1 seq=0 chk_ok=0 r0=1063782222 r10=1073741824
0:4-4:TR1: ABVAL ti=0 g=0 seq=0 chk_ok=0 r0=1093891483 r10=4026531840
0:4-4:TR1: ABVAL ti=0 g=1 seq=0 chk_ok=0 r0=1096891370 r10=3758096384
0:4-5:TR1: ABVAL ti=0 g=0 seq=0 chk_ok=0 r0=1112331828 r10=2147483648
0:4-5:TR1: ABVAL ti=0 g=1 seq=0 chk_ok=0 r0=1130740672 r10=0
0:4-6:TR1: ABVAL ti=0 g=1 seq=0 chk_ok=0 r0=1072699704 r10=65536
0:4-6:TR1: ABVAL ti=0 g=2 seq=0 chk_ok=0 r0=1064543213 r10=285212672
0:4-7:TR1: ABVAL ti=0 g=1 seq=0 chk_ok=0 r0=1098312604 r10=823132160
0:4-7:TR1: ABVAL ti=0 g=2 seq=0 chk_ok=0 r0=1085882943 r10=536870912
0:4-8:TR1: ABVAL ti=0 g=1 seq=0 chk_ok=0 r0=1078511920 r10=1073741824
0:4-8:TR1: ABVAL ti=0 g=2 seq=0 chk_ok=0 r0=1100926078 r10=3221225472
0:4-9:TR1: ABVAL ti=0 g=1 seq=0 chk_ok=0 r0=1099578591 r10=0
0:4-9:TR1: ABVAL ti=0 g=2 seq=0 chk_ok=0 r0=1082860133 r10=2147483648
0:5-0:TR1: ABVAL ti=0 g=1 seq=0 chk_ok=0 r0=1114398696 r10=1147535360
0:5-0:TR1: ABVAL ti=0 g=2 seq=0 chk_ok=0 r0=1124479076 r10=0
0:5-1:TR1: ABVAL ti=0 g=1 seq=0 chk_ok=0 r0=1096216657 r10=0
0:5-1:TR1: ABVAL ti=0 g=2 seq=0 chk_ok=0 r0=1125892332 r10=0
0:5-2:TR1: ABVAL ti=0 g=0 seq=0 chk_ok=0 r0=1078511920 r10=0
0:5-2:TR1: ABVAL ti=0 g=1 seq=0 chk_ok=0 r0=1060744129 r10=2362179584
0:5-3:TR1: ABVAL ti=0 g=1 seq=0 chk_ok=0 r0=1137672039 r10=0
0:5-3:TR1: ABVAL ti=0 g=2 seq=0 chk_ok=0 r0=1135007401 r10=0
0:5-4:TR1: ABVAL ti=0 g=1 seq=0 chk_ok=0 r0=1111270126 r10=3288334336
0:5-4:TR1: ABVAL ti=0 g=2 seq=0 chk_ok=0 r0=1062134254 r10=855638016
0:5-5:TR1: ABVAL ti=0 g=1 seq=0 chk_ok=0 r0=1062567373 r10=8
0:5-5:TR1: ABVAL ti=0 g=2 seq=0 chk_ok=0 r0=1139771017 r10=4294967295
0:5-6:TR1: ABVAL ti=0 g=0 seq=0 chk_ok=0 r0=1057303820 r10=1145044992
0:5-6:TR1: ABVAL ti=0 g=1 seq=0 chk_ok=0 r0=1092000061 r10=285212672
0:5-7:TR1: ABVAL ti=0 g=0 seq=0 chk_ok=0 r0=1176551982 r10=4294967295
0:5-7:TR1: ABVAL ti=0 g=1 seq=0 chk_ok=0 r0=1113315065 r10=822083584
0:5-8:TR1: ABVAL ti=0 g=1 seq=0 chk_ok=0 r0=1065625042 r10=822083584
0:5-8:TR1: ABVAL ti=0 g=2 seq=0 chk_ok=0 r0=1050892510 r10=805306368
0:5-9:TR1: ABVAL ti=0 g=0 seq=0 chk_ok=0 r0=1063180517 r10=35791394
0:5-9:TR1: ABVAL ti=0 g=1 seq=0 chk_ok=0 r0=1066731314 r10=140083
0:6-0:TR1: ABVAL ti=0 g=1 seq=0 chk_ok=0 r0=1133330831 r10=557056
0:6-0:TR1: ABVAL ti=0 g=2 seq=0 chk_ok=0 r0=1135857603 r10=574464
0:6-1:TR1: ABVAL ti=0 g=0 seq=0 chk_ok=0 r0=1116280115 r10=0
0:6-1:TR1: ABVAL ti=0 g=1 seq=0 chk_ok=0 r0=1119446458 r10=8947840
0:6-2:TR1: ABVAL ti=0 g=0 seq=0 chk_ok=0 r0=1070864832 r10=822083584
0:6-2:TR1: ABVAL ti=0 g=1 seq=0 chk_ok=0 r0=1050401365 r10=2281701376
0:6-3:TR1: ABVAL ti=0 g=0 seq=0 chk_ok=0 r0=1066489676 r10=143445196
0:6-3:TR1: ABVAL ti=0 g=1 seq=0 chk_ok=0 r0=1060794168 r10=143183040
0:6-4:TR1: ABVAL ti=0 g=0 seq=0 chk_ok=0 r0=1118964486 r10=2361393152
0:6-4:TR1: ABVAL ti=0 g=1 seq=0 chk_ok=0 r0=1118186403 r10=143392768
0:6-5:TR1: ABVAL ti=0 g=0 seq=0 chk_ok=0 r0=1078918131 r10=0
0:6-5:TR1: ABVAL ti=0 g=1 seq=0 chk_ok=0 r0=1067642315 r10=0
0:6-6:TR1: ABVAL ti=0 g=1 seq=0 chk_ok=0 r0=1118701155 r10=3861057536
0:6-6:TR1: ABVAL ti=0 g=2 seq=0 chk_ok=0 r0=1108749816 r10=1711276032
0:6-7:TR1: ABVAL ti=0 g=1 seq=0 chk_ok=0 r0=1057292509 r10=823132160
0:6-7:TR1: ABVAL ti=0 g=2 seq=0 chk_ok=0 r0=1066775654 r10=3288334336
0:6-8:TR1: ABVAL ti=0 g=1 seq=0 chk_ok=0 r0=1089095084 r10=2147483648
0:6-8:TR1: ABVAL ti=0 g=2 seq=0 chk_ok=0 r0=1107606332 r10=0
0:6-9:TR1: ABVAL ti=0 g=1 seq=0 chk_ok=0 r0=1057635100 r10=2147483648
0:6-9:TR1: ABVAL ti=0 g=2 seq=0 chk_ok=0 r0=1103130722 r10=0
0:7-0:TR1: ABVAL ti=0 g=0 seq=0 chk_ok=0 r0=1050409268 r10=3221225472
0:7-0:TR1: ABVAL ti=0 g=1 seq=0 chk_ok=0 r0=1052782041 r10=536870912
0:7-1:TR1: ABVAL ti=0 g=0 seq=0 chk_ok=0 r0=1109055546 r10=559104
0:7-1:TR1: ABVAL ti=0 g=1 seq=0 chk_ok=0 r0=1107211479 r10=3272
0:7-2:TR1: ABVAL ti=0 g=0 seq=0 chk_ok=0 r0=1108755184 r10=2281701376
0:7-2:TR1: ABVAL ti=0 g=1 seq=0 chk_ok=0 r0=1070864832 r10=0
0:7-3:TR1: ABVAL ti=0 g=1 seq=0 chk_ok=0 r0=1129002268 r10=0
0:7-3:TR1: ABVAL ti=0 g=2 seq=0 chk_ok=0 r0=1115058417 r10=0
0:7-4:TR1: ABVAL ti=0 g=1 seq=0 chk_ok=0 r0=1067456116 r10=2281701376
0:7-4:TR1: ABVAL ti=0 g=2 seq=0 chk_ok=0 r0=1058118299 r10=0
0:7-5:TR1: ABVAL ti=0 g=1 seq=0 chk_ok=0 r0=1117965689 r10=0
0:7-5:TR1: ABVAL ti=0 g=2 seq=0 chk_ok=0 r0=1117159338 r10=0
0:7-6:TR1: ABVAL ti=0 g=1 seq=0 chk_ok=0 r0=1058184106 r10=13056
0:7-6:TR1: ABVAL ti=0 g=2 seq=0 chk_ok=0 r0=1069729356 r10=13056
0:7-7:TR1: ABVAL ti=0 g=1 seq=0 chk_ok=0 r0=1119365492 r10=0
0:7-7:TR1: ABVAL ti=0 g=2 seq=0 chk_ok=0 r0=1085417941 r10=2147483648
0:7-8:TR1: ABVAL ti=0 g=1 seq=0 chk_ok=0 r0=1066545821 r10=1644167168
0:7-8:TR1: ABVAL ti=0 g=2 seq=0 chk_ok=0 r0=1077563299 r10=4508872
0:7-9:TR1: ABVAL ti=0 g=1 seq=0 chk_ok=0 r0=1074656478 r10=2252
0:7-9:TR1: ABVAL ti=0 g=2 seq=0 chk_ok=0 r0=1070376316 r10=2252
0:8-0:TR1: ABVAL ti=0 g=1 seq=0 chk_ok=0 r0=1050762311 r10=2147483648
0:8-0:TR1: ABVAL ti=0 g=2 seq=0 chk_ok=0 r0=1060890724 r10=107094016
0:8-1:TR1: ABVAL ti=0 g=0 seq=0 chk_ok=0 r0=1058817389 r10=107365440
0:8-1:TR1: ABVAL ti=0 g=1 seq=0 chk_ok=0 r0=1050409819 r10=1717986304
0:8-2:TR1: ABVAL ti=0 g=0 seq=0 chk_ok=0 r0=1068792372 r10=3431464960
0:8-2:TR1: ABVAL ti=0 g=1 seq=0 chk_ok=0 r0=1075143706 r10=13421772
0:8-3:TR1: ABVAL ti=0 g=0 seq=0 chk_ok=0 r0=1065332267 r10=559232
0:8-3:TR1: ABVAL ti=0 g=1 seq=0 chk_ok=0 r0=1112538902 r10=128
0:8-4:TR1: ABVAL ti=0 g=0 seq=0 chk_ok=0 r0=1117964272 r10=8
0:8-4:TR1: ABVAL ti=0 g=1 seq=0 chk_ok=0 r0=1117041185 r10=136
0:8-5:TR1: ABVAL ti=0 g=0 seq=0 chk_ok=0 r0=1050278529 r10=536870912
0:8-5:TR1: ABVAL ti=0 g=1 seq=0 chk_ok=0 r0=1054844100 r10=268435456
0:8-6:TR1: ABVAL ti=0 g=0 seq=0 chk_ok=0 r0=1099452477 r10=2290089984
0:8-6:TR1: ABVAL ti=0 g=1 seq=0 chk_ok=0 r0=1101740913 r10=2295070720
0:8-7:TR1: ABVAL ti=0 g=0 seq=0 chk_ok=0 r0=1075143706 r10=3435956352
0:8-7:TR1: ABVAL ti=0 g=1 seq=0 chk_ok=0 r0=1089271691 r10=2281701376
0:8-8:TR1: ABVAL ti=0 g=0 seq=0 chk_ok=0 r0=1063607379 r10=1
0:8-8:TR1: ABVAL ti=0 g=1 seq=0 chk_ok=0 r0=1052197124 r10=69888
0:8-9:TR1: ABVAL ti=0 g=1 seq=0 chk_ok=0 r0=1101834553 r10=8
0:8-9:TR1: ABVAL ti=0 g=2 seq=0 chk_ok=0 r0=1104888903 r10=559240
0:9-0:TR1: ABVAL ti=0 g=0 seq=0 chk_ok=0 r0=1109657692 r10=0
0:9-0:TR1: ABVAL ti=0 g=1 seq=0 chk_ok=0 r0=1127408277 r10=0
0:9-1:TR1: ABVAL ti=0 g=0 seq=0 chk_ok=0 r0=1052656350 r10=285212672
0:9-1:TR1: ABVAL ti=0 g=1 seq=0 chk_ok=0 r0=1057208174 r10=0
0:9-2:TR1: ABVAL ti=0 g=0 seq=0 chk_ok=0 r0=1101737520 r10=560128
0:9-2:TR1: ABVAL ti=0 g=1 seq=0 chk_ok=0 r0=1062567373 r10=1
0:9-3:TR1: ABVAL ti=0 g=1 seq=0 chk_ok=0 r0=1076121748 r10=2176
0:9-3:TR1: ABVAL ti=0 g=2 seq=0 chk_ok=0 r0=1081301713 r10=559232
0:9-4:TR1: ABVAL ti=0 g=1 seq=0 chk_ok=0 r0=1126393073 r10=8
0:9-4:TR1: ABVAL ti=0 g=2 seq=0 chk_ok=0 r0=1122254739 r10=0
0:9-5:TR1: ABVAL ti=0 g=1 seq=0 chk_ok=0 r0=1082996625 r10=4368
0:9-5:TR1: ABVAL ti=0 g=2 seq=0 chk_ok=0 r0=1087087431 r10=119
0:9-6:TR1: ABVAL ti=0 g=1 seq=0 chk_ok=0 r0=1063619858 r10=8
0:9-6:TR1: ABVAL ti=0 g=2 seq=0 chk_ok=0 r0=1066394286 r10=4
0:9-7:TR1: ABVAL ti=0 g=1 seq=0 chk_ok=0 r0=1124525196 r10=0
0:9-7:TR1: ABVAL ti=0 g=2 seq=0 chk_ok=0 r0=1124235862 r10=0
0:9-8:TR1: ABVAL ti=0 g=1 seq=0 chk_ok=0 r0=1058847928 r10=1610612736
0:9-8:TR1: ABVAL ti=0 g=2 seq=0 chk_ok=0 r0=1087265936 r10=1711276032
0:9-9:TR1: ABVAL ti=0 g=1 seq=0 chk_ok=0 r0=1124395702 r10=0
0:9-9:TR1: ABVAL ti=0 g=2 seq=0 chk_ok=0 r0=1122479999 r10=0
0:10-0:TR1: ABVAL ti=0 g=1 seq=0 chk_ok=0 r0=1131201641 r10=12
0:10-0:TR1: ABVAL ti=0 g=2 seq=0 chk_ok=0 r0=1095901540 r10=3288334336
0:10-1:TR1: ABVAL ti=0 g=1 seq=0 chk_ok=0 r0=1071328204 r10=2290928832
0:10-1:TR1: ABVAL ti=0 g=2 seq=0 chk_ok=0 r0=1055008524 r10=2290089984
0:10-2:TR1: ABVAL ti=0 g=1 seq=0 chk_ok=0 r0=1071643624 r10=34816
0:10-2:TR1: ABVAL ti=0 g=2 seq=0 chk_ok=0 r0=1080751378 r10=34816
0:10-3:TR1: ABVAL ti=0 g=1 seq=0 chk_ok=0 r0=1115468570 r10=0
0:10-3:TR1: ABVAL ti=0 g=2 seq=0 chk_ok=0 r0=1100994506 r10=0
0:10-4:TR1: ABVAL ti=0 g=1 seq=0 chk_ok=0 r0=1093084172 r10=0
0:10-4:TR1: ABVAL ti=0 g=2 seq=0 chk_ok=0 r0=1107882038 r10=2290089984
0:10-5:TR1: ABVAL ti=0 g=1 seq=0 chk_ok=0 r0=1107882038 r10=0
0:10-5:TR1: ABVAL ti=0 g=2 seq=0 chk_ok=0 r0=1101932660 r10=0
0:10-6:TR1: ABVAL ti=0 g=1 seq=0 chk_ok=0 r0=1094059428 r10=855638016
0:10-6:TR1: ABVAL ti=0 g=2 seq=0 chk_ok=0 r0=1109848100 r10=3967811584
0:10-7:TR1: ABVAL ti=0 g=1 seq=0 chk_ok=0 r0=1128563215 r10=15
0:10-7:TR1: ABVAL ti=0 g=2 seq=0 chk_ok=0 r0=1071527176 r10=855638016
0:10-8:TR1: ABVAL ti=0 g=0 seq=0 chk_ok=0 r0=1058701724 r10=2048
0:10-8:TR1: ABVAL ti=0 g=1 seq=0 chk_ok=0 r0=1064518325 r10=2147483648
0:10-9:TR1: ABVAL ti=0 g=1 seq=0 chk_ok=0 r0=1113641152 r10=288564736
0:10-9:TR1: ABVAL ti=0 g=2 seq=0 chk_ok=0 r0=1091778339 r10=285212672
0:0-0:TR1: ABVAL ti=0 g=2 seq=0 chk_ok=0 r0=1112911761 r10=2281701376
0:0-0:TR1: ABVAL ti=0 g=3 seq=0 chk_ok=0 r0=1156673510 r10=3471835123
0:0-1:TR1: ABVAL ti=0 g=3 seq=0 chk_ok=0 r0=1096363829 r10=286261248
0:0-1:TR1: ABVAL ti=0 g=4 seq=0 chk_ok=0 r0=1099849752 r10=286326784
0:0-2:TR1: ABVAL ti=0 g=3 seq=0 chk_ok=0 r0=1061021729 r10=805306368
0:0-2:TR1: ABVAL ti=0 g=4 seq=0 chk_ok=0 r0=1051615449 r10=268435456
0:0-3:TR1: ABVAL ti=0 g=2 seq=0 chk_ok=0 r0=1111665820 r10=0
0:0-3:TR1: ABVAL ti=0 g=3 seq=0 chk_ok=0 r0=1114244571 r10=0
0:0-4:TR1: ABVAL ti=0 g=2 seq=0 chk_ok=0 r0=1096216657 r10=2290089984
0:0-4:TR1: ABVAL ti=0 g=3 seq=0 chk_ok=0 r0=1157896456 r10=0
0:0-5:TR1: ABVAL ti=0 g=2 seq=0 chk_ok=0 r0=1060528104 r10=858783744
0:0-5:TR1: ABVAL ti=0 g=3 seq=0 chk_ok=0 r0=1087087431 r10=1879048192
0:0-6:TR1: ABVAL ti=0 g=2 seq=0 chk_ok=0 r0=1058922676 r10=1711276032
0:0-6:TR1: ABVAL ti=0 g=3 seq=0 chk_ok=0 r0=1062181249 r10=2281701376
0:0-7:TR1: ABVAL ti=0 g=3 seq=0 chk_ok=0 r0=1081013707 r10=8388608
0:0-7:TR1: ABVAL ti=0 g=4 seq=0 chk_ok=0 r0=1063619858 r10=2281701376
0:0-8:TR1: ABVAL ti=0 g=2 seq=0 chk_ok=0 r0=1062889543 r10=1118480
0:0-8:TR1: ABVAL ti=0 g=3 seq=0 chk_ok=0 r0=1118311653 r10=0
0:0-9:TR1: ABVAL ti=0 g=2 seq=0 chk_ok=0 r0=1137333174 r10=13369344
0:0-9:TR1: ABVAL ti=0 g=3 seq=0 chk_ok=0 r0=1136932799 r10=13369344
0:1-0:TR1: ABVAL ti=0 g=2 seq=0 chk_ok=0 r0=1081405912 r10=1677721600
0:1-0:TR1: ABVAL ti=0 g=3 seq=0 chk_ok=0 r0=1083890978 r10=1073741824
0:1-1:TR1: ABVAL ti=0 g=2 seq=0 chk_ok=0 r0=1121244146 r10=0
0:1-1:TR1: ABVAL ti=0 g=3 seq=0 chk_ok=0 r0=1126162155 r10=0
0:1-2:TR1: ABVAL ti=0 g=2 seq=0 chk_ok=0 r0=1123078484 r10=8
0:1-2:TR1: ABVAL ti=0 g=3 seq=0 chk_ok=0 r0=1125043323 r10=8
0:1-3:TR1: ABVAL ti=0 g=3 seq=0 chk_ok=0 r0=1060998500 r10=285212672
0:1-3:TR1: ABVAL ti=0 g=4 seq=0 chk_ok=0 r0=1067063210 r10=268435456
0:1-4:TR1: ABVAL ti=0 g=2 seq=0 chk_ok=0 r0=1116563962 r10=3824
0:1-4:TR1: ABVAL ti=0 g=3 seq=0 chk_ok=0 r0=1116681143 r10=3824
0:1-5:TR1: ABVAL ti=0 g=2 seq=0 chk_ok=0 r0=1118685844 r10=128
0:1-5:TR1: ABVAL ti=0 g=3 seq=0 chk_ok=0 r0=1118116025 r10=2176
0:1-6:TR1: ABVAL ti=0 g=2 seq=0 chk_ok=0 r0=1082720261 r10=559240
0:1-6:TR1: ABVAL ti=0 g=3 seq=0 chk_ok=0 r0=1067482057 r10=2290614272
0:1-7:TR1: ABVAL ti=0 g=2 seq=0 chk_ok=0 r0=1125421694 r10=0
0:1-7:TR1: ABVAL ti=0 g=3 seq=0 chk_ok=0 r0=1125119477 r10=0
0:1-8:TR1: ABVAL ti=0 g=2 seq=0 chk_ok=0 r0=1126199419 r10=2281701376
0:1-8:TR1: ABVAL ti=0 g=3 seq=0 chk_ok=0 r0=1125744170 r10=2281701376
0:1-9:TR1: ABVAL ti=0 g=2 seq=0 chk_ok=0 r0=1104582785 r10=2147483648
0:1-9:TR1: ABVAL ti=0 g=3 seq=0 chk_ok=0 r0=1106729138 r10=2147483648
0:2-0:TR1: ABVAL ti=0 g=2 seq=0 chk_ok=0 r0=1115073570 r10=30480
0:2-0:TR1: ABVAL ti=0 g=3 seq=0 chk_ok=0 r0=1117006065 r10=30480
0:2-1:TR1: ABVAL ti=0 g=2 seq=0 chk_ok=0 r0=1074573417 r10=0
0:2-1:TR1: ABVAL ti=0 g=3 seq=0 chk_ok=0 r0=1054433896 r10=1610612736
0:2-2:TR1: ABVAL ti=0 g=2 seq=0 chk_ok=0 r0=1111722456 r10=1825360008
0:2-2:TR1: ABVAL ti=0 g=3 seq=0 chk_ok=0 r0=1101613466 r10=9011
0:2-3:TR1: ABVAL ti=0 g=2 seq=0 chk_ok=0 r0=1109500520 r10=2147483648
0:2-3:TR1: ABVAL ti=0 g=3 seq=0 chk_ok=0 r0=1100578081 r10=322121728
0:2-4:TR1: ABVAL ti=0 g=2 seq=0 chk_ok=0 r0=1072360562 r10=1073741824
0:2-4:TR1: ABVAL ti=0 g=3 seq=0 chk_ok=0 r0=1051019538 r10=53477376
0:2-5:TR1: ABVAL ti=0 g=2 seq=0 chk_ok=0 r0=1125119477 r10=142606336
0:2-5:TR1: ABVAL ti=0 g=3 seq=0 chk_ok=0 r0=1124415256 r10=8912896
0:2-6:TR1: ABVAL ti=0 g=2 seq=0 chk_ok=0 r0=1124280883 r10=0
0:2-6:TR1: ABVAL ti=0 g=3 seq=0 chk_ok=0 r0=1118742353 r10=0
0:2-7:TR1: ABVAL ti=0 g=2 seq=0 chk_ok=0 r0=1116862145 r10=268435456
0:2-7:TR1: ABVAL ti=0 g=3 seq=0 chk_ok=0 r0=1176551982 r10=4294967295
0:2-8:TR1: ABVAL ti=0 g=2 seq=0 chk_ok=0 r0=1121456343 r10=2147483648
0:2-8:TR1: ABVAL ti=0 g=3 seq=0 chk_ok=0 r0=1123331018 r10=2147483648
0:2-9:TR1: ABVAL ti=0 g=2 seq=0 chk_ok=0 r0=1050351578 r10=2147483648
0:2-9:TR1: ABVAL ti=0 g=3 seq=0 chk_ok=0 r0=1052286174 r10=2290647040
0:3-0:TR1: ABVAL ti=0 g=2 seq=0 chk_ok=0 r0=1089840379 r10=0
0:3-0:TR1: ABVAL ti=0 g=3 seq=0 chk_ok=0 r0=1064518325 r10=136
0:3-1:TR1: ABVAL ti=0 g=2 seq=0 chk_ok=0 r0=1083689028 r10=286261248
0:3-1:TR1: ABVAL ti=0 g=3 seq=0 chk_ok=0 r0=1090372352 r10=0
0:3-2:TR1: ABVAL ti=0 g=2 seq=0 chk_ok=0 r0=1060076820 r10=570425344
0:3-2:TR1: ABVAL ti=0 g=3 seq=0 chk_ok=0 r0=1130740672 r10=3355443200
0:3-3:TR1: ABVAL ti=0 g=2 seq=0 chk_ok=0 r0=1092408808 r10=0
0:3-3:TR1: ABVAL ti=0 g=3 seq=0 chk_ok=0 r0=1114815396 r10=4261412864
0:3-4:TR1: ABVAL ti=0 g=2 seq=0 chk_ok=0 r0=1061565751 r10=268435456
0:3-4:TR1: ABVAL ti=0 g=3 seq=0 chk_ok=0 r0=1061397239 r10=268435456
0:3-5:TR1: ABVAL ti=0 g=2 seq=0 chk_ok=0 r0=1094203415 r10=4026531840
0:3-5:TR1: ABVAL ti=0 g=3 seq=0 chk_ok=0 r0=1067000396 r10=570425344
0:3-6:TR1: ABVAL ti=0 g=2 seq=0 chk_ok=0 r0=1137924300 r10=0
0:3-6:TR1: ABVAL ti=0 g=3 seq=0 chk_ok=0 r0=1137333174 r10=0
0:3-7:TR1: ABVAL ti=0 g=2 seq=0 chk_ok=0 r0=1114191037 r10=0
0:3-7:TR1: ABVAL ti=0 g=3 seq=0 chk_ok=0 r0=1108754105 r10=0
0:3-8:TR1: ABVAL ti=0 g=2 seq=0 chk_ok=0 r0=1097343564 r10=0
0:3-8:TR1: ABVAL ti=0 g=3 seq=0 chk_ok=0 r0=1102144152 r10=0
0:3-9:TR1: ABVAL ti=0 g=2 seq=0 chk_ok=0 r0=1109044705 r10=2281701376
0:3-9:TR1: ABVAL ti=0 g=3 seq=0 chk_ok=0 r0=1100240239 r10=143130624
0:4-0:TR1: ABVAL ti=0 g=2 seq=0 chk_ok=0 r0=1112772121 r10=314504
0:4-0:TR1: ABVAL ti=0 g=3 seq=0 chk_ok=0 r0=1115032876 r10=52360
0:4-1:TR1: ABVAL ti=0 g=2 seq=0 chk_ok=0 r0=1176551982 r10=4294967295
0:4-1:TR1: ABVAL ti=0 g=3 seq=0 chk_ok=0 r0=1127695152 r10=0
0:4-2:TR1: ABVAL ti=0 g=2 seq=0 chk_ok=0 r0=1085844588 r10=3221225472
0:4-2:TR1: ABVAL ti=0 g=3 seq=0 chk_ok=0 r0=1067164198 r10=3221225472
0:4-3:TR1: ABVAL ti=0 g=2 seq=0 chk_ok=0 r0=1057668126 r10=3427008512
0:4-3:TR1: ABVAL ti=0 g=3 seq=0 chk_ok=0 r0=1058281734 r10=3221225472
0:4-4:TR1: ABVAL ti=0 g=2 seq=0 chk_ok=0 r0=1054728896 r10=285212672
0:4-4:TR1: ABVAL ti=0 g=3 seq=0 chk_ok=0 r0=1067456116 r10=286330880
0:4-5:TR1: ABVAL ti=0 g=2 seq=0 chk_ok=0 r0=1134319945 r10=0
0:4-5:TR1: ABVAL ti=0 g=3 seq=0 chk_ok=0 r0=1065968607 r10=2281701376
0:4-6:TR1: ABVAL ti=0 g=3 seq=0 chk_ok=0 r0=1122607453 r10=0
0:4-6:TR1: ABVAL ti=0 g=4 seq=0 chk_ok=0 r0=1119716788 r10=0
0:4-7:TR1: ABVAL ti=0 g=3 seq=0 chk_ok=0 r0=1084131711 r10=855638016
0:4-7:TR1: ABVAL ti=0 g=4 seq=0 chk_ok=0 r0=1090786564 r10=805306368
0:4-8:TR1: ABVAL ti=0 g=3 seq=0 chk_ok=0 r0=1074301107 r10=2147483648
0:4-8:TR1: ABVAL ti=0 g=4 seq=0 chk_ok=0 r0=1057976030 r10=3221225472
0:4-9:TR1: ABVAL ti=0 g=3 seq=0 chk_ok=0 r0=1111864389 r10=0
0:4-9:TR1: ABVAL ti=0 g=4 seq=0 chk_ok=0 r0=1109635750 r10=0
0:5-0:TR1: ABVAL ti=0 g=3 seq=0 chk_ok=0 r0=1117964272 r10=805306368
0:5-0:TR1: ABVAL ti=0 g=4 seq=0 chk_ok=0 r0=1116280115 r10=0
0:5-1:TR1: ABVAL ti=0 g=3 seq=0 chk_ok=0 r0=1091780958 r10=0
0:5-1:TR1: ABVAL ti=0 g=4 seq=0 chk_ok=0 r0=1108964651 r10=2281701376
0:5-2:TR1: ABVAL ti=0 g=2 seq=0 chk_ok=0 r0=1089707520 r10=0
0:5-2:TR1: ABVAL ti=0 g=3 seq=0 chk_ok=0 r0=1089400179 r10=0
0:5-3:TR1: ABVAL ti=0 g=3 seq=0 chk_ok=0 r0=1139573884 r10=0
0:5-3:TR1: ABVAL ti=0 g=4 seq=0 chk_ok=0 r0=1127509993 r10=0
0:5-4:TR1: ABVAL ti=0 g=3 seq=0 chk_ok=0 r0=1096876779 r10=318767104
0:5-4:TR1: ABVAL ti=0 g=4 seq=0 chk_ok=0 r0=1061003466 r10=536870912
0:5-5:TR1: ABVAL ti=0 g=3 seq=0 chk_ok=0 r0=1128767345 r10=4008636142
0:5-5:TR1: ABVAL ti=0 g=4 seq=0 chk_ok=0 r0=1131254699 r10=641728512
0:5-6:TR1: ABVAL ti=0 g=2 seq=0 chk_ok=0 r0=1101704487 r10=17891328
0:5-6:TR1: ABVAL ti=0 g=3 seq=0 chk_ok=0 r0=1086958238 r10=1145044992
0:5-7:TR1: ABVAL ti=0 g=2 seq=0 chk_ok=0 r0=1110608586 r10=268435456
0:5-7:TR1: ABVAL ti=0 g=3 seq=0 chk_ok=0 r0=1112188429 r10=268435456
0:5-8:TR1: ABVAL ti=0 g=3 seq=0 chk_ok=0 r0=1176551982 r10=4294967295
0:5-8:TR1: ABVAL ti=0 g=4 seq=0 chk_ok=0 r0=1055114067 r10=536870912
0:5-9:TR1: ABVAL ti=0 g=2 seq=0 chk_ok=0 r0=1072704190 r10=8738
0:5-9:TR1: ABVAL ti=0 g=3 seq=0 chk_ok=0 r0=1059519165 r10=273
0:6-0:TR1: ABVAL ti=0 g=3 seq=0 chk_ok=0 r0=1133809400 r10=557056
0:6-0:TR1: ABVAL ti=0 g=4 seq=0 chk_ok=0 r0=1135325987 r10=573440
0:6-1:TR1: ABVAL ti=0 g=2 seq=0 chk_ok=0 r0=1114386705 r10=2147483648
0:6-1:TR1: ABVAL ti=0 g=3 seq=0 chk_ok=0 r0=1100691297 r10=2147483648
0:6-2:TR1: ABVAL ti=0 g=2 seq=0 chk_ok=0 r0=1087816324 r10=286326784
0:6-2:TR1: ABVAL ti=0 g=3 seq=0 chk_ok=0 r0=1089318076 r10=286261248
0:6-3:TR1: ABVAL ti=0 g=2 seq=0 chk_ok=0 r0=1065190342 r10=9227468
0:6-3:TR1: ABVAL ti=0 g=3 seq=0 chk_ok=0 r0=1050744573 r10=3276
0:6-4:TR1: ABVAL ti=0 g=2 seq=0 chk_ok=0 r0=1104914107 r10=142606336
0:6-4:TR1: ABVAL ti=0 g=3 seq=0 chk_ok=0 r0=1053883182 r10=805306368
0:6-5:TR1: ABVAL ti=0 g=2 seq=0 chk_ok=0 r0=1088860455 r10=0
0:6-5:TR1: ABVAL ti=0 g=3 seq=0 chk_ok=0 r0=1084504920 r10=0
0:6-6:TR1: ABVAL ti=0 g=3 seq=0 chk_ok=0 r0=1107778765 r10=1711276032
0:6-6:TR1: ABVAL ti=0 g=4 seq=0 chk_ok=0 r0=1110267152 r10=1644167168
0:6-7:TR1: ABVAL ti=0 g=3 seq=0 chk_ok=0 r0=1052362710 r10=1610612736
0:6-7:TR1: ABVAL ti=0 g=4 seq=0 chk_ok=0 r0=1091846291 r10=1073741824
0:6-8:TR1: ABVAL ti=0 g=3 seq=0 chk_ok=0 r0=1081750037 r10=2147483648
0:6-8:TR1: ABVAL ti=0 g=4 seq=0 chk_ok=0 r0=1054244476 r10=268435456
0:6-9:TR1: ABVAL ti=0 g=3 seq=0 chk_ok=0 r0=1108563550 r10=0
0:6-9:TR1: ABVAL ti=0 g=4 seq=0 chk_ok=0 r0=1109044705 r10=8
0:7-0:TR1: ABVAL ti=0 g=2 seq=0 chk_ok=0 r0=1063481349 r10=1073741824
0:7-0:TR1: ABVAL ti=0 g=3 seq=0 chk_ok=0 r0=1068643252 r10=268435456
0:7-1:TR1: ABVAL ti=0 g=2 seq=0 chk_ok=0 r0=1117780662 r10=3712
0:7-1:TR1: ABVAL ti=0 g=3 seq=0 chk_ok=0 r0=1104422826 r10=32768
0:7-2:TR1: ABVAL ti=0 g=2 seq=0 chk_ok=0 r0=1087816324 r10=2281701376
0:7-2:TR1: ABVAL ti=0 g=3 seq=0 chk_ok=0 r0=1089318076 r10=2281701376
0:7-3:TR1: ABVAL ti=0 g=3 seq=0 chk_ok=0 r0=1146871160 r10=0
0:7-3:TR1: ABVAL ti=0 g=4 seq=0 chk_ok=0 r0=1083038936 r10=285212672
0:7-4:TR1: ABVAL ti=0 g=3 seq=0 chk_ok=0 r0=1158463824 r10=9335040
0:7-4:TR1: ABVAL ti=0 g=4 seq=0 chk_ok=0 r0=1050293726 r10=1178599424
0:7-5:TR1: ABVAL ti=0 g=3 seq=0 chk_ok=0 r0=1117618359 r10=0
0:7-5:TR1: ABVAL ti=0 g=4 seq=0 chk_ok=0 r0=1117208005 r10=0
0:7-6:TR1: ABVAL ti=0 g=3 seq=0 chk_ok=0 r0=1053298721 r10=13056
0:7-6:TR1: ABVAL ti=0 g=4 seq=0 chk_ok=0 r0=1053164563 r10=13056
0:7-7:TR1: ABVAL ti=0 g=3 seq=0 chk_ok=0 r0=1084738923 r10=1879048192
0:7-7:TR1: ABVAL ti=0 g=4 seq=0 chk_ok=0 r0=1073614754 r10=855638016
0:7-8:TR1: ABVAL ti=0 g=3 seq=0 chk_ok=0 r0=1089305636 r10=80529544
0:7-8:TR1: ABVAL ti=0 g=4 seq=0 chk_ok=0 r0=1055589602 r10=536870912
0:7-9:TR1: ABVAL ti=0 g=3 seq=0 chk_ok=0 r0=1069043310 r10=2184
0:7-9:TR1: ABVAL ti=0 g=4 seq=0 chk_ok=0 r0=1067831153 r10=204
0:8-0:TR1: ABVAL ti=0 g=3 seq=0 chk_ok=0 r0=1086651855 r10=3221225472
0:8-0:TR1: ABVAL ti=0 g=4 seq=0 chk_ok=0 r0=1057485221 r10=572522496
0:8-1:TR1: ABVAL ti=0 g=2 seq=0 chk_ok=0 r0=1066687244 r10=68
0:8-1:TR1: ABVAL ti=0 g=3 seq=0 chk_ok=0 r0=1053574178 r10=1126
0:8-2:TR1: ABVAL ti=0 g=2 seq=0 chk_ok=0 r0=1089271691 r10=3435956360
0:8-2:TR1: ABVAL ti=0 g=3 seq=0 chk_ok=0 r0=1131065586 r10=2252
0:8-3:TR1: ABVAL ti=0 g=2 seq=0 chk_ok=0 r0=1115707742 r10=4092
0:8-3:TR1: ABVAL ti=0 g=3 seq=0 chk_ok=0 r0=1081695083 r10=3629056
0:8-4:TR1: ABVAL ti=0 g=2 seq=0 chk_ok=0 r0=1116280115 r10=819200
0:8-4:TR1: ABVAL ti=0 g=3 seq=0 chk_ok=0 r0=1109141101 r10=2176
0:8-5:TR1: ABVAL ti=0 g=2 seq=0 chk_ok=0 r0=1075064175 r10=268435456
0:8-5:TR1: ABVAL ti=0 g=3 seq=0 chk_ok=0 r0=1050254760 r10=805306368
0:8-6:TR1: ABVAL ti=0 g=2 seq=0 chk_ok=0 r0=1102050149 r10=2361393152
0:8-6:TR1: ABVAL ti=0 g=3 seq=0 chk_ok=0 r0=1091366798 r10=2290089984
0:8-7:TR1: ABVAL ti=0 g=2 seq=0 chk_ok=0 r0=1131065586 r10=3471769599
0:8-7:TR1: ABVAL ti=0 g=3 seq=0 chk_ok=0 r0=1050495975 r10=8947712
0:8-8:TR1: ABVAL ti=0 g=2 seq=0 chk_ok=0 r0=1075063674 r10=1114112
0:8-8:TR1: ABVAL ti=0 g=3 seq=0 chk_ok=0 r0=1058218076 r10=1118208
0:8-9:TR1: ABVAL ti=0 g=3 seq=0 chk_ok=0 r0=1108059946 r10=136
0:8-9:TR1: ABVAL ti=0 g=4 seq=0 chk_ok=0 r0=1089109945 r10=2290925568
0:9-0:TR1: ABVAL ti=0 g=2 seq=0 chk_ok=0 r0=1106692784 r10=0
0:9-0:TR1: ABVAL ti=0 g=3 seq=0 chk_ok=0 r0=1109705333 r10=0
0:9-1:TR1: ABVAL ti=0 g=2 seq=0 chk_ok=0 r0=1068850390 r10=268435456
0:9-1:TR1: ABVAL ti=0 g=3 seq=0 chk_ok=0 r0=1055046823 r10=268435456
0:9-2:TR1: ABVAL ti=0 g=2 seq=0 chk_ok=0 r0=1066873290 r10=136
0:9-2:TR1: ABVAL ti=0 g=3 seq=0 chk_ok=0 r0=1139771017 r10=2004877311
0:9-3:TR1: ABVAL ti=0 g=3 seq=0 chk_ok=0 r0=1078573177 r10=34952
0:9-3:TR1: ABVAL ti=0 g=4 seq=0 chk_ok=0 r0=1065316781 r10=559240
0:9-4:TR1: ABVAL ti=0 g=3 seq=0 chk_ok=0 r0=1123988554 r10=0
0:9-4:TR1: ABVAL ti=0 g=4 seq=0 chk_ok=0 r0=1123325675 r10=8
0:9-5:TR1: ABVAL ti=0 g=3 seq=0 chk_ok=0 r0=1078353489 r10=307
0:9-5:TR1: ABVAL ti=0 g=4 seq=0 chk_ok=0 r0=1063619858 r10=1
0:9-6:TR1: ABVAL ti=0 g=3 seq=0 chk_ok=0 r0=1067507082 r10=8
0:9-6:TR1: ABVAL ti=0 g=4 seq=0 chk_ok=0 r0=1069863198 r10=8
0:9-7:TR1: ABVAL ti=0 g=3 seq=0 chk_ok=0 r0=1128422726 r10=0
0:9-7:TR1: ABVAL ti=0 g=4 seq=0 chk_ok=0 r0=1124338963 r10=0
0:9-8:TR1: ABVAL ti=0 g=3 seq=0 chk_ok=0 r0=1082499512 r10=3422552064
0:9-8:TR1: ABVAL ti=0 g=4 seq=0 chk_ok=0 r0=1074362234 r10=3221225472
0:9-9:TR1: ABVAL ti=0 g=3 seq=0 chk_ok=0 r0=1121592057 r10=0
0:9-9:TR1: ABVAL ti=0 g=4 seq=0 chk_ok=0 r0=1120561063 r10=0
0:10-0:TR1: ABVAL ti=0 g=3 seq=0 chk_ok=0 r0=1092371579 r10=2281701376
0:10-0:TR1: ABVAL ti=0 g=4 seq=0 chk_ok=0 r0=1096145445 r10=3426746368
0:10-1:TR1: ABVAL ti=0 g=3 seq=0 chk_ok=0 r0=1119307268 r10=4006397952
0:10-1:TR1: ABVAL ti=0 g=4 seq=0 chk_ok=0 r0=1082874754 r10=3633152
0:10-2:TR1: ABVAL ti=0 g=3 seq=0 chk_ok=0 r0=1075518549 r10=34944
0:10-2:TR1: ABVAL ti=0 g=4 seq=0 chk_ok=0 r0=1065663557 r10=557056
0:10-3:TR1: ABVAL ti=0 g=3 seq=0 chk_ok=0 r0=1089947468 r10=0
0:10-3:TR1: ABVAL ti=0 g=4 seq=0 chk_ok=0 r0=1102799328 r10=0
0:10-4:TR1: ABVAL ti=0 g=3 seq=0 chk_ok=0 r0=1077124247 r10=0
0:10-4:TR1: ABVAL ti=0 g=4 seq=0 chk_ok=0 r0=1068594302 r10=0
0:10-5:TR1: ABVAL ti=0 g=3 seq=0 chk_ok=0 r0=1100126320 r10=0
0:10-5:TR1: ABVAL ti=0 g=4 seq=0 chk_ok=0 r0=1103157186 r10=268435456
0:10-6:TR1: ABVAL ti=0 g=3 seq=0 chk_ok=0 r0=1060180236 r10=1610612736
0:10-6:TR1: ABVAL ti=0 g=4 seq=0 chk_ok=0 r0=1098571036 r10=0
0:10-7:TR1: ABVAL ti=0 g=3 seq=0 chk_ok=0 r0=1113168507 r10=8
0:10-7:TR1: ABVAL ti=0 g=4 seq=0 chk_ok=0 r0=1116613559 r10=8
0:10-8:TR1: ABVAL ti=0 g=2 seq=0 chk_ok=0 r0=1066855654 r10=36036
0:10-8:TR1: ABVAL ti=0 g=3 seq=0 chk_ok=0 r0=1052598195 r10=557056
0:10-9:TR1: ABVAL ti=0 g=3 seq=0 chk_ok=0 r0=1080047512 r10=268435456
0:10-9:TR1: ABVAL ti=0 g=4 seq=0 chk_ok=0 r0=1110117115 r10=322052096
0:0-0:TR1: ABVAL ti=0 g=4 seq=0 chk_ok=0 r0=1157896456 r10=0
0:0-0:TR1: ABVAL ti=0 g=5 seq=0 chk_ok=0 r0=1108331540 r10=0
0:0-1:TR1: ABVAL ti=0 g=5 seq=0 chk_ok=0 r0=1098889927 r10=823202065
0:0-2:TR1: ABVAL ti=0 g=5 seq=0 chk_ok=0 r0=1050777982 r10=805306368
0:0-3:TR1: ABVAL ti=0 g=4 seq=0 chk_ok=0 r0=1125049164 r10=0
0:0-3:TR1: ABVAL ti=0 g=5 seq=0 chk_ok=0 r0=1108900204 r10=0
0:0-4:TR1: ABVAL ti=0 g=4 seq=0 chk_ok=0 r0=1125892332 r10=0
0:0-4:TR1: ABVAL ti=0 g=5 seq=0 chk_ok=0 r0=1102245137 r10=0
0:0-5:TR1: ABVAL ti=0 g=4 seq=0 chk_ok=0 r0=1078353489 r10=805306368
0:0-5:TR1: ABVAL ti=0 g=5 seq=0 chk_ok=0 r0=1081013707 r10=53477376
0:0-6:TR1: ABVAL ti=0 g=4 seq=0 chk_ok=0 r0=1060998500 r10=2281701376
0:0-6:TR1: ABVAL ti=0 g=5 seq=0 chk_ok=0 r0=1067063210 r10=2147483648
0:0-7:TR1: ABVAL ti=0 g=5 seq=0 chk_ok=0 r0=1066394286 r10=3422552064
0:0-8:TR1: ABVAL ti=0 g=4 seq=0 chk_ok=0 r0=1134933485 r10=0
0:0-8:TR1: ABVAL ti=0 g=5 seq=0 chk_ok=0 r0=1115694449 r10=0
0:0-9:TR1: ABVAL ti=0 g=4 seq=0 chk_ok=0 r0=1134733717 r10=13369344
0:0-9:TR1: ABVAL ti=0 g=5 seq=0 chk_ok=0 r0=1137108479 r10=13369344
0:1-0:TR1: ABVAL ti=0 g=4 seq=0 chk_ok=0 r0=1063475429 r10=0
0:1-0:TR1: ABVAL ti=0 g=5 seq=0 chk_ok=0 r0=1079439907 r10=3288334336
0:1-1:TR1: ABVAL ti=0 g=4 seq=0 chk_ok=0 r0=1051358654 r10=1610612736
0:1-1:TR1: ABVAL ti=0 g=5 seq=0 chk_ok=0 r0=1058543856 r10=1644167168
0:1-2:TR1: ABVAL ti=0 g=4 seq=0 chk_ok=0 r0=1125791171 r10=8
0:1-2:TR1: ABVAL ti=0 g=5 seq=0 chk_ok=0 r0=1124014475 r10=8
0:1-3:TR1: ABVAL ti=0 g=5 seq=0 chk_ok=0 r0=1061883588 r10=285212672
0:1-4:TR1: ABVAL ti=0 g=4 seq=0 chk_ok=0 r0=1118399361 r10=3824
0:1-4:TR1: ABVAL ti=0 g=5 seq=0 chk_ok=0 r0=1118136501 r10=3824
0:1-5:TR1: ABVAL ti=0 g=4 seq=0 chk_ok=0 r0=1118933972 r10=2176
0:1-5:TR1: ABVAL ti=0 g=5 seq=0 chk_ok=0 r0=1108954507 r10=2176
0:1-6:TR1: ABVAL ti=0 g=4 seq=0 chk_ok=0 r0=1093376948 r10=0
0:1-6:TR1: ABVAL ti=0 g=5 seq=0 chk_ok=0 r0=1061707534 r10=2147483648
0:1-7:TR1: ABVAL ti=0 g=4 seq=0 chk_ok=0 r0=1124415256 r10=0
0:1-7:TR1: ABVAL ti=0 g=5 seq=0 chk_ok=0 r0=1124597772 r10=0
0:1-8:TR1: ABVAL ti=0 g=4 seq=0 chk_ok=0 r0=1125446848 r10=2281701376
0:1-8:TR1: ABVAL ti=0 g=5 seq=0 chk_ok=0 r0=1127185578 r10=2348810240
0:1-9:TR1: ABVAL ti=0 g=4 seq=0 chk_ok=0 r0=1110927938 r10=2147483648
0:1-9:TR1: ABVAL ti=0 g=5 seq=0 chk_ok=0 r0=1108996114 r10=2147483648
0:2-0:TR1: ABVAL ti=0 g=4 seq=0 chk_ok=0 r0=1116563962 r10=30480
0:2-0:TR1: ABVAL ti=0 g=5 seq=0 chk_ok=0 r0=1116681143 r10=30480
0:2-1:TR1: ABVAL ti=0 g=4 seq=0 chk_ok=0 r0=1126688107 r10=1073741824
0:2-1:TR1: ABVAL ti=0 g=5 seq=0 chk_ok=0 r0=1114191037 r10=2147483648
0:2-2:TR1: ABVAL ti=0 g=4 seq=0 chk_ok=0 r0=1067062894 r10=1145044992
0:2-2:TR1: ABVAL ti=0 g=5 seq=0 chk_ok=0 r0=1072869716 r10=1711276032
0:2-3:TR1: ABVAL ti=0 g=4 seq=0 chk_ok=0 r0=1061691561 r10=0
0:2-3:TR1: ABVAL ti=0 g=5 seq=0 chk_ok=0 r0=1059661718 r10=550
0:2-4:TR1: ABVAL ti=0 g=4 seq=0 chk_ok=0 r0=1088000089 r10=3435414596
0:2-4:TR1: ABVAL ti=0 g=5 seq=0 chk_ok=0 r0=1052110267 r10=1140850688
0:2-5:TR1: ABVAL ti=0 g=4 seq=0 chk_ok=0 r0=1124597772 r10=8912896
0:2-5:TR1: ABVAL ti=0 g=5 seq=0 chk_ok=0 r0=1122084724 r10=8912896
0:2-6:TR1: ABVAL ti=0 g=4 seq=0 chk_ok=0 r0=1118824449 r10=0
0:2-6:TR1: ABVAL ti=0 g=5 seq=0 chk_ok=0 r0=1120399540 r10=0
0:2-7:TR1: ABVAL ti=0 g=4 seq=0 chk_ok=0 r0=1085012028 r10=286261248
0:2-7:TR1: ABVAL ti=0 g=5 seq=0 chk_ok=0 r0=1074573417 r10=268435456
0:2-8:TR1: ABVAL ti=0 g=4 seq=0 chk_ok=0 r0=1122543854 r10=2147483648
0:2-8:TR1: ABVAL ti=0 g=5 seq=0 chk_ok=0 r0=1123744431 r10=2147483648
0:2-9:TR1: ABVAL ti=0 g=4 seq=0 chk_ok=0 r0=1051147932 r10=8945664
0:2-9:TR1: ABVAL ti=0 g=5 seq=0 chk_ok=0 r0=1055828340 r10=13421568
0:3-0:TR1: ABVAL ti=0 g=4 seq=0 chk_ok=0 r0=1097172545 r10=0
0:3-0:TR1: ABVAL ti=0 g=5 seq=0 chk_ok=0 r0=1051085753 r10=204
0:3-1:TR1: ABVAL ti=0 g=4 seq=0 chk_ok=0 r0=1058610228 r10=8912896
0:3-1:TR1: ABVAL ti=0 g=5 seq=0 chk_ok=0 r0=1058986401 r10=2290089984
0:3-2:TR1: ABVAL ti=0 g=4 seq=0 chk_ok=0 r0=1076684466 r10=0
0:3-2:TR1: ABVAL ti=0 g=5 seq=0 chk_ok=0 r0=1134319945 r10=3967811584
0:3-3:TR1: ABVAL ti=0 g=4 seq=0 chk_ok=0 r0=1105484229 r10=0
0:3-3:TR1: ABVAL ti=0 g=5 seq=0 chk_ok=0 r0=1096021759 r10=0
0:3-4:TR1: ABVAL ti=0 g=4 seq=0 chk_ok=0 r0=1055620552 r10=1073741824
0:3-4:TR1: ABVAL ti=0 g=5 seq=0 chk_ok=0 r0=1071033600 r10=3221225472
0:3-5:TR1: ABVAL ti=0 g=4 seq=0 chk_ok=0 r0=1145026131 r10=0
0:3-5:TR1: ABVAL ti=0 g=5 seq=0 chk_ok=0 r0=1083491613 r10=1711276032
0:3-6:TR1: ABVAL ti=0 g=4 seq=0 chk_ok=0 r0=1136932799 r10=0
0:3-6:TR1: ABVAL ti=0 g=5 seq=0 chk_ok=0 r0=1134733717 r10=0
0:3-7:TR1: ABVAL ti=0 g=4 seq=0 chk_ok=0 r0=1104848040 r10=0
0:3-7:TR1: ABVAL ti=0 g=5 seq=0 chk_ok=0 r0=1106890322 r10=0
0:3-8:TR1: ABVAL ti=0 g=4 seq=0 chk_ok=0 r0=1101712935 r10=0
0:3-8:TR1: ABVAL ti=0 g=5 seq=0 chk_ok=0 r0=1108868646 r10=0
0:3-9:TR1: ABVAL ti=0 g=4 seq=0 chk_ok=0 r0=1101537778 r10=2295119872
0:3-9:TR1: ABVAL ti=0 g=5 seq=0 chk_ok=0 r0=1102568211 r10=8947904
0:4-0:TR1: ABVAL ti=0 g=4 seq=0 chk_ok=0 r0=1116351171 r10=52360
0:4-0:TR1: ABVAL ti=0 g=5 seq=0 chk_ok=0 r0=1116162498 r10=52360
0:4-1:TR1: ABVAL ti=0 g=4 seq=0 chk_ok=0 r0=1124846647 r10=0
0:4-1:TR1: ABVAL ti=0 g=5 seq=0 chk_ok=0 r0=1126274824 r10=0
0:4-2:TR1: ABVAL ti=0 g=4 seq=0 chk_ok=0 r0=1065590322 r10=3221225472
0:4-2:TR1: ABVAL ti=0 g=5 seq=0 chk_ok=0 r0=1067106366 r10=3221225472
0:4-3:TR1: ABVAL ti=0 g=4 seq=0 chk_ok=0 r0=1079616506 r10=6684672
0:4-3:TR1: ABVAL ti=0 g=5 seq=0 chk_ok=0 r0=1063607379 r10=2147483648
0:4-4:TR1: ABVAL ti=0 g=4 seq=0 chk_ok=0 r0=1058118299 r10=286261248
0:4-4:TR1: ABVAL ti=0 g=5 seq=0 chk_ok=0 r0=1052822621 r10=268435456
0:4-5:TR1: ABVAL ti=0 g=4 seq=0 chk_ok=0 r0=1126048904 r10=0
0:4-5:TR1: ABVAL ti=0 g=5 seq=0 chk_ok=0 r0=1089414715 r10=3221225472
0:4-6:TR1: ABVAL ti=0 g=5 seq=0 chk_ok=0 r0=1079481673 r10=268435456
0:4-7:TR1: ABVAL ti=0 g=5 seq=0 chk_ok=0 r0=1109517559 r10=268435456
0:4-8:TR1: ABVAL ti=0 g=5 seq=0 chk_ok=0 r0=1084253379 r10=2147483648
0:4-9:TR1: ABVAL ti=0 g=5 seq=0 chk_ok=0 r0=1110268753 r10=0
0:5-0:TR1: ABVAL ti=0 g=5 seq=0 chk_ok=0 r0=1102963009 r10=3221225472
0:5-1:TR1: ABVAL ti=0 g=5 seq=0 chk_ok=0 r0=1094205368 r10=0
0:5-2:TR1: ABVAL ti=0 g=4 seq=0 chk_ok=0 r0=1100926078 r10=0
0:5-2:TR1: ABVAL ti=0 g=5 seq=0 chk_ok=0 r0=1074101283 r10=286326784
0:5-3:TR1: ABVAL ti=0 g=5 seq=0 chk_ok=0 r0=1140126161 r10=0
0:5-4:TR1: ABVAL ti=0 g=5 seq=0 chk_ok=0 r0=1095705555 r10=0
0:5-5:TR1: ABVAL ti=0 g=5 seq=0 chk_ok=0 r0=1122143479 r10=0
0:5-6:TR1: ABVAL ti=0 g=4 seq=0 chk_ok=0 r0=1122962258 r10=286471782
0:5-6:TR1: ABVAL ti=0 g=5 seq=0 chk_ok=0 r0=1057667353 r10=1711276032
0:5-7:TR1: ABVAL ti=0 g=4 seq=0 chk_ok=0 r0=1109769783 r10=805306368
0:5-7:TR1: ABVAL ti=0 g=5 seq=0 chk_ok=0 r0=1076594294 r10=855638016
0:5-8:TR1: ABVAL ti=0 g=5 seq=0 chk_ok=0 r0=1060811000 r10=1610612736
0:5-9:TR1: ABVAL ti=0 g=4 seq=0 chk_ok=0 r0=1058427205 r10=273
0:5-9:TR1: ABVAL ti=0 g=5 seq=0 chk_ok=0 r0=1067791570 r10=572662306
0:6-0:TR1: ABVAL ti=0 g=5 seq=0 chk_ok=0 r0=1133049553 r10=557056
0:6-1:TR1: ABVAL ti=0 g=4 seq=0 chk_ok=0 r0=1126162155 r10=1930428416
0:6-1:TR1: ABVAL ti=0 g=5 seq=0 chk_ok=0 r0=1113881801 r10=3758096384
0:6-2:TR1: ABVAL ti=0 g=4 seq=0 chk_ok=0 r0=1091261209 r10=286326784
0:6-2:TR1: ABVAL ti=0 g=5 seq=0 chk_ok=0 r0=1098783647 r10=286470144
0:6-3:TR1: ABVAL ti=0 g=4 seq=0 chk_ok=0 r0=1062172459 r10=3276
0:6-3:TR1: ABVAL ti=0 g=5 seq=0 chk_ok=0 r0=1074565045 r10=143445056
0:6-4:TR1: ABVAL ti=0 g=4 seq=0 chk_ok=0 r0=1129052261 r10=3329429504
0:6-4:TR1: ABVAL ti=0 g=5 seq=0 chk_ok=0 r0=1057011767 r10=2281701376
0:6-5:TR1: ABVAL ti=0 g=4 seq=0 chk_ok=0 r0=1088371513 r10=2147483648
0:6-5:TR1: ABVAL ti=0 g=5 seq=0 chk_ok=0 r0=1077015429 r10=0
0:6-6:TR1: ABVAL ti=0 g=5 seq=0 chk_ok=0 r0=1105717879 r10=3292528640
0:6-7:TR1: ABVAL ti=0 g=5 seq=0 chk_ok=0 r0=1108569844 r10=285212672
0:6-8:TR1: ABVAL ti=0 g=5 seq=0 chk_ok=0 r0=1058475964 r10=572653568
0:6-9:TR1: ABVAL ti=0 g=5 seq=0 chk_ok=0 r0=1100240239 r10=0
0:7-0:TR1: ABVAL ti=0 g=4 seq=0 chk_ok=0 r0=1089922028 r10=2147483648
0:7-0:TR1: ABVAL ti=0 g=5 seq=0 chk_ok=0 r0=1102721978 r10=2147483648
0:7-1:TR1: ABVAL ti=0 g=4 seq=0 chk_ok=0 r0=1124256408 r10=65024
0:7-1:TR1: ABVAL ti=0 g=5 seq=0 chk_ok=0 r0=1096764451 r10=2176
0:7-2:TR1: ABVAL ti=0 g=4 seq=0 chk_ok=0 r0=1091261209 r10=2281701376
0:7-2:TR1: ABVAL ti=0 g=5 seq=0 chk_ok=0 r0=1098783647 r10=2281701376
0:7-3:TR1: ABVAL ti=0 g=5 seq=0 chk_ok=0 r0=1070825240 r10=285212672
0:7-4:TR1: ABVAL ti=0 g=5 seq=0 chk_ok=0 r0=1065692612 r10=2147483648
0:7-5:TR1: ABVAL ti=0 g=5 seq=0 chk_ok=0 r0=1117563707 r10=0
0:7-6:TR1: ABVAL ti=0 g=5 seq=0 chk_ok=0 r0=1055452118 r10=13056
0:7-7:TR1: ABVAL ti=0 g=5 seq=0 chk_ok=0 r0=1067074830 r10=805306368
0:7-8:TR1: ABVAL ti=0 g=5 seq=0 chk_ok=0 r0=1082499512 r10=285212672
0:7-9:TR1: ABVAL ti=0 g=5 seq=0 chk_ok=0 r0=1085844588 r10=206
0:8-0:TR1: ABVAL ti=0 g=5 seq=0 chk_ok=0 r0=1056675983 r10=142606336
0:8-1:TR1: ABVAL ti=0 g=4 seq=0 chk_ok=0 r0=1063810125 r10=13421768
0:8-1:TR1: ABVAL ti=0 g=5 seq=0 chk_ok=0 r0=1050851193 r10=1145324612
0:8-2:TR1: ABVAL ti=0 g=4 seq=0 chk_ok=0 r0=1058484074 r10=572662304
0:8-2:TR1: ABVAL ti=0 g=5 seq=0 chk_ok=0 r0=1056942648 r10=1717567488
0:8-3:TR1: ABVAL ti=0 g=4 seq=0 chk_ok=0 r0=1114815396 r10=14
0:8-3:TR1: ABVAL ti=0 g=5 seq=0 chk_ok=0 r0=1105484229 r10=8
0:8-4:TR1: ABVAL ti=0 g=4 seq=0 chk_ok=0 r0=1112443602 r10=557056
0:8-4:TR1: ABVAL ti=0 g=5 seq=0 chk_ok=0 r0=1111812864 r10=524288
0:8-5:TR1: ABVAL ti=0 g=4 seq=0 chk_ok=0 r0=1069294574 r10=268435456
0:8-5:TR1: ABVAL ti=0 g=5 seq=0 chk_ok=0 r0=1054070026 r10=1140850688
0:8-6:TR1: ABVAL ti=0 g=4 seq=0 chk_ok=0 r0=1101017548 r10=0
0:8-6:TR1: ABVAL ti=0 g=5 seq=0 chk_ok=0 r0=1089707520 r10=536870912
0:8-7:TR1: ABVAL ti=0 g=4 seq=0 chk_ok=0 r0=1053292240 r10=8947848
0:8-7:TR1: ABVAL ti=0 g=5 seq=0 chk_ok=0 r0=1050896565 r10=2147483648
0:8-8:TR1: ABVAL ti=0 g=4 seq=0 chk_ok=0 r0=1083569891 r10=17891328
0:8-8:TR1: ABVAL ti=0 g=5 seq=0 chk_ok=0 r0=1086786546 r10=17895424
0:8-9:TR1: ABVAL ti=0 g=5 seq=0 chk_ok=0 r0=1101235231 r10=8
0:9-0:TR1: ABVAL ti=0 g=4 seq=0 chk_ok=0 r0=1103199875 r10=3221225472
0:9-0:TR1: ABVAL ti=0 g=5 seq=0 chk_ok=0 r0=1099472497 r10=2147483648
0:9-1:TR1: ABVAL ti=0 g=4 seq=0 chk_ok=0 r0=1058535934 r10=268435456
0:9-1:TR1: ABVAL ti=0 g=5 seq=0 chk_ok=0 r0=1080511692 r10=285212672
0:9-2:TR1: ABVAL ti=0 g=4 seq=0 chk_ok=0 r0=1074242910 r10=1140850688
0:9-2:TR1: ABVAL ti=0 g=5 seq=0 chk_ok=0 r0=1074451475 r10=2281701376
0:9-3:TR1: ABVAL ti=0 g=5 seq=0 chk_ok=0 r0=1066829368 r10=559232
0:9-4:TR1: ABVAL ti=0 g=5 seq=0 chk_ok=0 r0=1124917748 r10=0
0:9-5:TR1: ABVAL ti=0 g=5 seq=0 chk_ok=0 r0=1067507082 r10=1
0:9-6:TR1: ABVAL ti=0 g=5 seq=0 chk_ok=0 r0=1061636894 r10=8
0:9-7:TR1: ABVAL ti=0 g=5 seq=0 chk_ok=0 r0=1120193843 r10=0
0:9-8:TR1: ABVAL ti=0 g=5 seq=0 chk_ok=0 r0=1052506605 r10=2176
0:9-9:TR1: ABVAL ti=0 g=5 seq=0 chk_ok=0 r0=1120948229 r10=0
0:10-0:TR1: ABVAL ti=0 g=5 seq=0 chk_ok=0 r0=1094261345 r10=3422552064
0:10-1:TR1: ABVAL ti=0 g=5 seq=0 chk_ok=0 r0=1066390574 r10=34952
0:10-2:TR1: ABVAL ti=0 g=5 seq=0 chk_ok=0 r0=1081998766 r10=34944
0:10-3:TR1: ABVAL ti=0 g=5 seq=0 chk_ok=0 r0=1120563566 r10=0
0:10-4:TR1: ABVAL ti=0 g=5 seq=0 chk_ok=0 r0=1060780535 r10=2281701376
0:10-5:TR1: ABVAL ti=0 g=5 seq=0 chk_ok=0 r0=1064832334 r10=2281701376
0:10-6:TR1: ABVAL ti=0 g=5 seq=0 chk_ok=0 r0=1072179694 r10=2147483648
0:10-7:TR1: ABVAL ti=0 g=5 seq=0 chk_ok=0 r0=1113295389 r10=12
0:10-8:TR1: ABVAL ti=0 g=4 seq=0 chk_ok=0 r0=1140745794 r10=8
0:10-8:TR1: ABVAL ti=0 g=5 seq=0 chk_ok=0 r0=1097172545 r10=34816
0:10-9:TR1: ABVAL ti=0 g=5 seq=0 chk_ok=0 r0=1109675173 r10=288563200
0:10-9:TR1: ABCK ti=0 L=8246 seqmm=8245 chkmm=8246 rows=8246
0:10-8:TR1: ABCK ti=0 L=8284 seqmm=8283 chkmm=8284 rows=8284
0:10-6:TR1: ABCK ti=0 L=8353 seqmm=8352 chkmm=8353 rows=8353
0:10-7:TR1: ABCK ti=0 L=8360 seqmm=8359 chkmm=8360 rows=8360
0:10-3:TR1: ABCK ti=0 L=8378 seqmm=8377 chkmm=8378 rows=8378
0:10-5:TR1: ABCK ti=0 L=8389 seqmm=8388 chkmm=8389 rows=8389
0:10-4:TR1: ABCK ti=0 L=8424 seqmm=8423 chkmm=8424 rows=8424
0:10-2:TR1: ABCK ti=0 L=8444 seqmm=8443 chkmm=8444 rows=8444
0:10-1:TR1: ABCK ti=0 L=8528 seqmm=8527 chkmm=8528 rows=8528
0:10-0:TR1: ABCK ti=0 L=8527 seqmm=8526 chkmm=8527 rows=8527
0:9-9:TR1: ABCK ti=0 L=8574 seqmm=8573 chkmm=8574 rows=8574
0:9-8:TR1: ABCK ti=0 L=8680 seqmm=8679 chkmm=8680 rows=8680
0:9-7:TR1: ABCK ti=0 L=8760 seqmm=8759 chkmm=8760 rows=8760
0:9-5:TR1: ABCK ti=0 L=9093 seqmm=9092 chkmm=9093 rows=9093
0:9-6:TR1: ABCK ti=0 L=9101 seqmm=9100 chkmm=9101 rows=9101
0:9-3:TR1: ABCK ti=0 L=9159 seqmm=9158 chkmm=9159 rows=9159
0:9-4:TR1: ABCK ti=0 L=9216 seqmm=9215 chkmm=9216 rows=9216
0:9-2:TR1: ABCK ti=0 L=9266 seqmm=9265 chkmm=9266 rows=9266
0:9-1:TR1: ABCK ti=0 L=9293 seqmm=9292 chkmm=9293 rows=9293
0:9-0:TR1: ABCK ti=0 L=9302 seqmm=9301 chkmm=9302 rows=9302
0:8-9:TR1: ABCK ti=0 L=9433 seqmm=9432 chkmm=9433 rows=9433
0:8-8:TR1: ABCK ti=0 L=9495 seqmm=9494 chkmm=9495 rows=9495
0:8-6:TR1: ABCK ti=0 L=9516 seqmm=9515 chkmm=9516 rows=9516
0:8-5:TR1: ABCK ti=0 L=9548 seqmm=9547 chkmm=9548 rows=9548
0:8-4:TR1: ABCK ti=0 L=9624 seqmm=9623 chkmm=9624 rows=9624
0:8-7:TR1: ABCK ti=0 L=9637 seqmm=9636 chkmm=9637 rows=9637
0:8-3:TR1: ABCK ti=0 L=9654 seqmm=9653 chkmm=9654 rows=9654
0:8-1:TR1: ABCK ti=0 L=9703 seqmm=9702 chkmm=9703 rows=9703
0:8-2:TR1: ABCK ti=0 L=9775 seqmm=9774 chkmm=9775 rows=9775
0:8-0:TR1: ABCK ti=0 L=9885 seqmm=9884 chkmm=9885 rows=9885
0:7-8:TR1: ABCK ti=0 L=9938 seqmm=9937 chkmm=9938 rows=9938
0:7-9:TR1: ABCK ti=0 L=9982 seqmm=9981 chkmm=9982 rows=9982
0:7-7:TR1: ABCK ti=0 L=9980 seqmm=9979 chkmm=9980 rows=9980
0:7-6:TR1: ABCK ti=0 L=10085 seqmm=10084 chkmm=10085 rows=10085
0:7-5:TR1: ABCK ti=0 L=10172 seqmm=10171 chkmm=10172 rows=10172
0:7-4:TR1: ABCK ti=0 L=10210 seqmm=10209 chkmm=10210 rows=10210
0:7-3:TR1: ABCK ti=0 L=10254 seqmm=10253 chkmm=10254 rows=10254
0:7-1:TR1: ABCK ti=0 L=10303 seqmm=10302 chkmm=10303 rows=10303
0:7-2:TR1: ABCK ti=0 L=10296 seqmm=10295 chkmm=10296 rows=10296
0:6-9:TR1: ABCK ti=0 L=10483 seqmm=10482 chkmm=10483 rows=10483
0:7-0:TR1: ABCK ti=0 L=10543 seqmm=10542 chkmm=10543 rows=10543
0:6-7:TR1: ABCK ti=0 L=10614 seqmm=10613 chkmm=10614 rows=10614
0:6-8:TR1: ABCK ti=0 L=10612 seqmm=10611 chkmm=10612 rows=10612
0:6-6:TR1: ABCK ti=0 L=10732 seqmm=10731 chkmm=10732 rows=10732
0:6-5:TR1: ABCK ti=0 L=10759 seqmm=10758 chkmm=10759 rows=10759
0:6-3:TR1: ABCK ti=0 L=10796 seqmm=10795 chkmm=10796 rows=10796
0:6-4:TR1: ABCK ti=0 L=10831 seqmm=10830 chkmm=10831 rows=10831
0:6-2:TR1: ABCK ti=0 L=11032 seqmm=11031 chkmm=11032 rows=11032
0:6-1:TR1: ABCK ti=0 L=11088 seqmm=11087 chkmm=11088 rows=11088
0:6-0:TR1: ABCK ti=0 L=11157 seqmm=11156 chkmm=11157 rows=11157
0:5-8:TR1: ABCK ti=0 L=11288 seqmm=11287 chkmm=11288 rows=11288
0:5-9:TR1: ABCK ti=0 L=11278 seqmm=11277 chkmm=11278 rows=11278
0:5-7:TR1: ABCK ti=0 L=11563 seqmm=11562 chkmm=11563 rows=11563
0:5-6:TR1: ABCK ti=0 L=11592 seqmm=11591 chkmm=11592 rows=11592
0:5-5:TR1: ABCK ti=0 L=11647 seqmm=11646 chkmm=11647 rows=11647
0:5-4:TR1: ABCK ti=0 L=11724 seqmm=11723 chkmm=11724 rows=11724
0:5-3:TR1: ABCK ti=0 L=11903 seqmm=11902 chkmm=11903 rows=11903
0:5-2:TR1: ABCK ti=0 L=11905 seqmm=11904 chkmm=11905 rows=11905
0:5-1:TR1: ABCK ti=0 L=11934 seqmm=11933 chkmm=11934 rows=11934
0:5-0:TR1: ABCK ti=0 L=11951 seqmm=11950 chkmm=11951 rows=11951
0:4-9:TR1: ABCK ti=0 L=12013 seqmm=12012 chkmm=12013 rows=12013
0:4-8:TR1: ABCK ti=0 L=12064 seqmm=12063 chkmm=12064 rows=12064
0:4-7:TR1: ABCK ti=0 L=12136 seqmm=12135 chkmm=12136 rows=12136
0:4-6:TR1: ABCK ti=0 L=12151 seqmm=12150 chkmm=12151 rows=12151
0:4-5:TR1: ABCK ti=0 L=12390 seqmm=12389 chkmm=12390 rows=12390
0:4-4:TR1: ABCK ti=0 L=12691 seqmm=12690 chkmm=12691 rows=12691
0:4-3:TR1: ABCK ti=0 L=12811 seqmm=12810 chkmm=12811 rows=12811
0:4-0:TR1: ABCK ti=0 L=12920 seqmm=12919 chkmm=12920 rows=12920
0:4-1:TR1: ABCK ti=0 L=12951 seqmm=12950 chkmm=12951 rows=12951
0:4-2:TR1: ABCK ti=0 L=12947 seqmm=12946 chkmm=12947 rows=12947
0:3-9:TR1: ABCK ti=0 L=12975 seqmm=12974 chkmm=12975 rows=12975
0:3-8:TR1: ABCK ti=0 L=13182 seqmm=13181 chkmm=13182 rows=13182
0:3-7:TR1: ABCK ti=0 L=13293 seqmm=13292 chkmm=13293 rows=13293
0:3-5:TR1: ABCK ti=0 L=13447 seqmm=13446 chkmm=13447 rows=13447
0:3-6:TR1: ABCK ti=0 L=13434 seqmm=13433 chkmm=13434 rows=13434
0:3-4:TR1: ABCK ti=0 L=13607 seqmm=13606 chkmm=13607 rows=13607
0:3-3:TR1: ABCK ti=0 L=13671 seqmm=13670 chkmm=13671 rows=13671
0:3-2:TR1: ABCK ti=0 L=13794 seqmm=13793 chkmm=13794 rows=13794
0:3-1:TR1: ABCK ti=0 L=13926 seqmm=13925 chkmm=13926 rows=13926
0:3-0:TR1: ABCK ti=0 L=13977 seqmm=13976 chkmm=13977 rows=13977
0:2-8:TR1: ABCK ti=0 L=14075 seqmm=14074 chkmm=14075 rows=14075
0:2-9:TR1: ABCK ti=0 L=14050 seqmm=14049 chkmm=14050 rows=14050
0:2-6:TR1: ABCK ti=0 L=14272 seqmm=14271 chkmm=14272 rows=14272
0:2-7:TR1: ABCK ti=0 L=14298 seqmm=14297 chkmm=14298 rows=14298
0:2-5:TR1: ABCK ti=0 L=14438 seqmm=14437 chkmm=14438 rows=14438
0:2-4:TR1: ABCK ti=0 L=14614 seqmm=14613 chkmm=14614 rows=14614
0:2-2:TR1: ABCK ti=0 L=14704 seqmm=14703 chkmm=14704 rows=14704
0:2-3:TR1: ABCK ti=0 L=14877 seqmm=14876 chkmm=14877 rows=14877
0:2-1:TR1: ABCK ti=0 L=15033 seqmm=15032 chkmm=15033 rows=15033
0:2-0:TR1: ABCK ti=0 L=15137 seqmm=15136 chkmm=15137 rows=15137
0:1-8:TR1: ABCK ti=0 L=15294 seqmm=15293 chkmm=15294 rows=15294
0:1-9:TR1: ABCK ti=0 L=15327 seqmm=15326 chkmm=15327 rows=15327
0:1-7:TR1: ABCK ti=0 L=15442 seqmm=15441 chkmm=15442 rows=15442
0:1-6:TR1: ABCK ti=0 L=15558 seqmm=15557 chkmm=15558 rows=15558
0:1-4:TR1: ABCK ti=0 L=15764 seqmm=15763 chkmm=15764 rows=15764
0:1-5:TR1: ABCK ti=0 L=15780 seqmm=15779 chkmm=15780 rows=15780
0:1-3:TR1: ABCK ti=0 L=15837 seqmm=15836 chkmm=15837 rows=15837
0:10-2:TR1: ABCK ti=1 L=7616 seqmm=7606 chkmm=0 rows=7616
0:10-7:TR1: ABCK ti=1 L=7834 seqmm=7825 chkmm=0 rows=7834
0:10-1:TR1: ABCK ti=1 L=7677 seqmm=7667 chkmm=0 rows=7677
0:10-3:TR1: ABCK ti=1 L=7850 seqmm=7840 chkmm=0 rows=7850
0:9-9:TR1: ABCK ti=1 L=7651 seqmm=7642 chkmm=0 rows=7651
0:9-8:TR1: ABCK ti=1 L=7557 seqmm=7548 chkmm=0 rows=7557
0:10-0:TR1: ABCK ti=1 L=7696 seqmm=7687 chkmm=0 rows=7696
0:10-6:TR1: ABCK ti=1 L=7876 seqmm=7867 chkmm=0 rows=7876
0:10-9:TR1: ABCK ti=1 L=8091 seqmm=8081 chkmm=0 rows=8091
0:9-2:TR1: ABCK ti=1 L=7104 seqmm=7095 chkmm=0 rows=7104
0:10-8:TR1: ABCK ti=1 L=8100 seqmm=8091 chkmm=0 rows=8100
0:9-7:TR1: ABCK ti=1 L=7660 seqmm=7651 chkmm=0 rows=7660
0:9-3:TR1: ABCK ti=1 L=7248 seqmm=7238 chkmm=0 rows=7248
0:8-6:TR1: ABCK ti=1 L=6948 seqmm=6932 chkmm=0 rows=6948
0:10-5:TR1: ABCK ti=1 L=8057 seqmm=8047 chkmm=0 rows=8057
0:7-9:TR1: ABCK ti=1 L=6495 seqmm=6485 chkmm=0 rows=6495
0:9-0:TR1: ABCK ti=1 L=7187 seqmm=7177 chkmm=0 rows=7187
0:10-4:TR1: ABCK ti=1 L=8057 seqmm=8048 chkmm=0 rows=8057
0:8-9:TR1: ABCK ti=1 L=7057 seqmm=7048 chkmm=0 rows=7057
0:1-1:TR1: ABCK ti=0 L=16505 seqmm=16504 chkmm=16505 rows=16505
0:1-2:TR1: ABCK ti=0 L=16493 seqmm=16492 chkmm=16493 rows=16493
0:7-7:TR1: ABCK ti=1 L=6501 seqmm=6492 chkmm=0 rows=6501
0:8-3:TR1: ABCK ti=1 L=6853 seqmm=6843 chkmm=0 rows=6853
0:8-1:TR1: ABCK ti=1 L=6771 seqmm=6762 chkmm=0 rows=6771
0:9-1:TR1: ABCK ti=1 L=7214 seqmm=7205 chkmm=0 rows=7214
0:7-8:TR1: ABCK ti=1 L=6613 seqmm=6604 chkmm=0 rows=6613
0:8-2:TR1: ABCK ti=1 L=6752 seqmm=6742 chkmm=0 rows=6752
0:8-4:TR1: ABCK ti=1 L=6944 seqmm=6935 chkmm=0 rows=6944
0:8-5:TR1: ABCK ti=1 L=7020 seqmm=7011 chkmm=0 rows=7020
0:8-0:TR1: ABCK ti=1 L=6698 seqmm=6689 chkmm=0 rows=6698
0:9-5:TR1: ABCK ti=1 L=7476 seqmm=7467 chkmm=0 rows=7476
0:9-6:TR1: ABCK ti=1 L=7482 seqmm=7473 chkmm=0 rows=7482
0:1-0:TR1: ABCK ti=0 L=16581 seqmm=16580 chkmm=16581 rows=16581
0:8-7:TR1: ABCK ti=1 L=6963 seqmm=6953 chkmm=0 rows=6963
0:7-3:TR1: ABCK ti=1 L=6382 seqmm=6373 chkmm=0 rows=6382
0:8-8:TR1: ABCK ti=1 L=7128 seqmm=7118 chkmm=0 rows=7128
0:9-4:TR1: ABCK ti=1 L=7408 seqmm=7399 chkmm=0 rows=7408
0:7-4:TR1: ABCK ti=1 L=6438 seqmm=6429 chkmm=0 rows=6438
0:7-5:TR1: ABCK ti=1 L=6466 seqmm=6457 chkmm=0 rows=6466
0:7-6:TR1: ABCK ti=1 L=6623 seqmm=6614 chkmm=0 rows=6623
0:7-1:TR1: ABCK ti=1 L=6418 seqmm=6408 chkmm=0 rows=6418
0:0-9:TR1: ABCK ti=0 L=16735 seqmm=16734 chkmm=16735 rows=16735
0:6-9:TR1: ABCK ti=1 L=6337 seqmm=6327 chkmm=0 rows=6337
0:7-2:TR1: ABCK ti=1 L=6494 seqmm=6485 chkmm=0 rows=6494
0:7-0:TR1: ABCK ti=1 L=6308 seqmm=6299 chkmm=0 rows=6308
0:0-8:TR1: ABCK ti=0 L=16805 seqmm=16804 chkmm=16805 rows=16805
0:6-3:TR1: ABCK ti=1 L=6081 seqmm=6071 chkmm=0 rows=6081
0:6-8:TR1: ABCK ti=1 L=6283 seqmm=6274 chkmm=0 rows=6283
0:6-7:TR1: ABCK ti=1 L=6286 seqmm=6277 chkmm=0 rows=6286
0:6-4:TR1: ABCK ti=1 L=6176 seqmm=6167 chkmm=0 rows=6176
0:6-6:TR1: ABCK ti=1 L=6249 seqmm=6240 chkmm=0 rows=6249
0:6-5:TR1: ABCK ti=1 L=6244 seqmm=6235 chkmm=0 rows=6244
0:6-1:TR1: ABCK ti=1 L=6053 seqmm=6043 chkmm=0 rows=6053
0:6-0:TR1: ABCK ti=1 L=6113 seqmm=6104 chkmm=0 rows=6113
0:6-2:TR1: ABCK ti=1 L=6286 seqmm=6277 chkmm=0 rows=6286
0:5-8:TR1: ABCK ti=1 L=6084 seqmm=6069 chkmm=0 rows=6084
0:5-9:TR1: ABCK ti=1 L=6087 seqmm=6077 chkmm=0 rows=6087
0:0-7:TR1: ABCK ti=0 L=17424 seqmm=17423 chkmm=17424 rows=17424
0:5-7:TR1: ABCK ti=1 L=5947 seqmm=5937 chkmm=0 rows=5947
0:5-6:TR1: ABCK ti=1 L=5970 seqmm=5961 chkmm=0 rows=5970
0:5-5:TR1: ABCK ti=1 L=5918 seqmm=5907 chkmm=0 rows=5918
0:0-6:TR1: ABCK ti=0 L=17577 seqmm=17576 chkmm=17577 rows=17577
0:5-4:TR1: ABCK ti=1 L=5916 seqmm=5906 chkmm=0 rows=5916
0:0-5:TR1: ABCK ti=0 L=17689 seqmm=17688 chkmm=17689 rows=17689
0:5-3:TR1: ABCK ti=1 L=5834 seqmm=5825 chkmm=0 rows=5834
0:5-2:TR1: ABCK ti=1 L=5861 seqmm=5851 chkmm=0 rows=5861
0:4-8:TR1: ABCK ti=1 L=5830 seqmm=5819 chkmm=0 rows=5830
0:5-0:TR1: ABCK ti=1 L=5914 seqmm=5904 chkmm=0 rows=5914
0:5-1:TR1: ABCK ti=1 L=5931 seqmm=5922 chkmm=0 rows=5931
0:4-7:TR1: ABCK ti=1 L=5802 seqmm=5793 chkmm=0 rows=5802
0:4-9:TR1: ABCK ti=1 L=5951 seqmm=5942 chkmm=0 rows=5951
0:4-6:TR1: ABCK ti=1 L=5863 seqmm=5854 chkmm=0 rows=5863
0:4-5:TR1: ABCK ti=1 L=5859 seqmm=5849 chkmm=0 rows=5859
0:0-4:TR1: ABCK ti=0 L=18270 seqmm=18269 chkmm=18270 rows=18270
0:4-4:TR1: ABCK ti=1 L=5767 seqmm=5747 chkmm=0 rows=5767
0:4-0:TR1: ABCK ti=1 L=5671 seqmm=5661 chkmm=0 rows=5671
0:4-3:TR1: ABCK ti=1 L=5740 seqmm=5729 chkmm=0 rows=5740
0:0-3:TR1: ABCK ti=0 L=18585 seqmm=18584 chkmm=18585 rows=18585
0:4-2:TR1: ABCK ti=1 L=5639 seqmm=5629 chkmm=0 rows=5639
0:4-1:TR1: ABCK ti=1 L=5687 seqmm=5677 chkmm=1 rows=5687
0:3-9:TR1: ABCK ti=1 L=5672 seqmm=5663 chkmm=0 rows=5672
0:3-8:TR1: ABCK ti=1 L=5645 seqmm=5635 chkmm=0 rows=5645
0:3-7:TR1: ABCK ti=1 L=5639 seqmm=5629 chkmm=0 rows=5639
0:3-5:TR1: ABCK ti=1 L=5567 seqmm=5557 chkmm=0 rows=5567
0:3-6:TR1: ABCK ti=1 L=5571 seqmm=5560 chkmm=0 rows=5571
0:3-3:TR1: ABCK ti=1 L=5565 seqmm=5556 chkmm=0 rows=5565
0:3-4:TR1: ABCK ti=1 L=5623 seqmm=5613 chkmm=0 rows=5623
0:3-2:TR1: ABCK ti=1 L=5604 seqmm=5595 chkmm=0 rows=5604
0:3-1:TR1: ABCK ti=1 L=5510 seqmm=5501 chkmm=0 rows=5510
0:2-8:TR1: ABCK ti=1 L=5495 seqmm=5485 chkmm=0 rows=5495
0:3-0:TR1: ABCK ti=1 L=5585 seqmm=5576 chkmm=0 rows=5585
0:2-9:TR1: ABCK ti=1 L=5532 seqmm=5522 chkmm=0 rows=5532
0:2-7:TR1: ABCK ti=1 L=5501 seqmm=5492 chkmm=0 rows=5501
0:2-6:TR1: ABCK ti=1 L=5557 seqmm=5548 chkmm=0 rows=5557
0:2-5:TR1: ABCK ti=1 L=5398 seqmm=5388 chkmm=0 rows=5398
0:2-4:TR1: ABCK ti=1 L=5450 seqmm=5441 chkmm=0 rows=5450
0:2-2:TR1: ABCK ti=1 L=5435 seqmm=5426 chkmm=0 rows=5435
0:2-3:TR1: ABCK ti=1 L=5462 seqmm=5453 chkmm=0 rows=5462
0:2-0:TR1: ABCK ti=1 L=5315 seqmm=5305 chkmm=0 rows=5315
0:2-1:TR1: ABCK ti=1 L=5427 seqmm=5418 chkmm=0 rows=5427
0:1-8:TR1: ABCK ti=1 L=5341 seqmm=5331 chkmm=0 rows=5341
0:1-9:TR1: ABCK ti=1 L=5361 seqmm=5351 chkmm=0 rows=5361
0:1-7:TR1: ABCK ti=1 L=5285 seqmm=5276 chkmm=0 rows=5285
0:1-6:TR1: ABCK ti=1 L=5239 seqmm=5230 chkmm=0 rows=5239
0:1-5:TR1: ABCK ti=1 L=5093 seqmm=5084 chkmm=0 rows=5093
0:10-7:TR1: ABCK ti=2 L=4729 seqmm=4720 chkmm=0 rows=4729
0:10-9:TR1: ABCK ti=2 L=4612 seqmm=4602 chkmm=0 rows=4612
0:8-9:TR1: ABCK ti=2 L=4487 seqmm=4478 chkmm=0 rows=4487
0:9-9:TR1: ABCK ti=2 L=4728 seqmm=4718 chkmm=0 rows=4728
0:9-8:TR1: ABCK ti=2 L=4740 seqmm=4731 chkmm=0 rows=4740
0:10-6:TR1: ABCK ti=2 L=4744 seqmm=4735 chkmm=0 rows=4744
0:7-7:TR1: ABCK ti=2 L=4512 seqmm=4503 chkmm=0 rows=4512
0:1-4:TR1: ABCK ti=1 L=5277 seqmm=5267 chkmm=0 rows=5277
0:9-5:TR1: ABCK ti=2 L=4462 seqmm=4453 chkmm=0 rows=4462
0:1-3:TR1: ABCK ti=1 L=5208 seqmm=5198 chkmm=0 rows=5208
0:7-3:TR1: ABCK ti=2 L=4426 seqmm=4417 chkmm=0 rows=4426
0:8-1:TR1: ABCK ti=2 L=4527 seqmm=4518 chkmm=0 rows=4527
0:8-5:TR1: ABCK ti=2 L=4475 seqmm=4465 chkmm=0 rows=4475
0:10-4:TR1: ABCK ti=2 L=4577 seqmm=4567 chkmm=0 rows=4577
0:10-2:TR1: ABCK ti=2 L=4987 seqmm=4978 chkmm=0 rows=4987
0:9-2:TR1: ABCK ti=2 L=4675 seqmm=4666 chkmm=0 rows=4675
0:9-6:TR1: ABCK ti=2 L=4496 seqmm=4483 chkmm=0 rows=4496
0:10-3:TR1: ABCK ti=2 L=4844 seqmm=4834 chkmm=0 rows=4844
0:7-4:TR1: ABCK ti=2 L=4461 seqmm=4452 chkmm=0 rows=4461
0:7-6:TR1: ABCK ti=2 L=4418 seqmm=4408 chkmm=0 rows=4418
0:8-6:TR1: ABCK ti=2 L=4644 seqmm=4635 chkmm=0 rows=4644
0:8-2:TR1: ABCK ti=2 L=4580 seqmm=4571 chkmm=0 rows=4580
0:8-4:TR1: ABCK ti=2 L=4583 seqmm=4572 chkmm=0 rows=4583
0:10-0:TR1: ABCK ti=2 L=4896 seqmm=4883 chkmm=0 rows=4896
0:7-9:TR1: ABCK ti=2 L=4686 seqmm=4677 chkmm=0 rows=4686
0:7-8:TR1: ABCK ti=2 L=4618 seqmm=4609 chkmm=0 rows=4618
0:8-0:TR1: ABCK ti=2 L=4588 seqmm=4578 chkmm=0 rows=4588
0:8-7:TR1: ABCK ti=2 L=4548 seqmm=4539 chkmm=0 rows=4548
0:8-3:TR1: ABCK ti=2 L=4665 seqmm=4656 chkmm=0 rows=4665
0:9-7:TR1: ABCK ti=2 L=4756 seqmm=4743 chkmm=1 rows=4756
0:9-0:TR1: ABCK ti=2 L=4686 seqmm=4676 chkmm=0 rows=4686
0:9-4:TR1: ABCK ti=2 L=4567 seqmm=4558 chkmm=0 rows=4567
0:10-5:TR1: ABCK ti=2 L=4740 seqmm=4731 chkmm=0 rows=4740
0:9-3:TR1: ABCK ti=2 L=4759 seqmm=4749 chkmm=0 rows=4759
0:6-9:TR1: ABCK ti=2 L=4399 seqmm=4390 chkmm=0 rows=4399
0:10-8:TR1: ABCK ti=2 L=4805 seqmm=4794 chkmm=0 rows=4805
0:8-8:TR1: ABCK ti=2 L=4578 seqmm=4569 chkmm=0 rows=4578
0:10-1:TR1: ABCK ti=2 L=4999 seqmm=4990 chkmm=0 rows=4999
0:7-5:TR1: ABCK ti=2 L=4605 seqmm=4565 chkmm=0 rows=4605
0:9-1:TR1: ABCK ti=2 L=4701 seqmm=4691 chkmm=0 rows=4701
0:7-2:TR1: ABCK ti=2 L=4432 seqmm=4420 chkmm=1 rows=4432
0:7-1:TR1: ABCK ti=2 L=4505 seqmm=4496 chkmm=0 rows=4505
0:6-3:TR1: ABCK ti=2 L=4386 seqmm=4375 chkmm=0 rows=4386
0:6-7:TR1: ABCK ti=2 L=4415 seqmm=4405 chkmm=0 rows=4415
0:6-8:TR1: ABCK ti=2 L=4434 seqmm=4425 chkmm=0 rows=4434
0:7-0:TR1: ABCK ti=2 L=4506 seqmm=4496 chkmm=0 rows=4506
0:6-4:TR1: ABCK ti=2 L=4369 seqmm=4360 chkmm=0 rows=4369
0:0-2:TR1: ABCK ti=0 L=21413 seqmm=21412 chkmm=21413 rows=21413
0:6-6:TR1: ABCK ti=2 L=4477 seqmm=4467 chkmm=0 rows=4477
0:6-5:TR1: ABCK ti=2 L=4463 seqmm=4452 chkmm=0 rows=4463
0:6-0:TR1: ABCK ti=2 L=4259 seqmm=4249 chkmm=0 rows=4259
0:6-1:TR1: ABCK ti=2 L=4414 seqmm=4403 chkmm=0 rows=4414
0:6-2:TR1: ABCK ti=2 L=4257 seqmm=4248 chkmm=0 rows=4257
0:1-1:TR1: ABCK ti=1 L=5113 seqmm=5103 chkmm=0 rows=5113
0:5-9:TR1: ABCK ti=2 L=4245 seqmm=4236 chkmm=0 rows=4245
0:1-2:TR1: ABCK ti=1 L=5168 seqmm=5159 chkmm=0 rows=5168
0:5-8:TR1: ABCK ti=2 L=4345 seqmm=4335 chkmm=0 rows=4345
0:1-0:TR1: ABCK ti=1 L=5130 seqmm=5121 chkmm=0 rows=5130
0:5-6:TR1: ABCK ti=2 L=4163 seqmm=4153 chkmm=0 rows=4163
0:0-9:TR1: ABCK ti=1 L=5045 seqmm=5036 chkmm=0 rows=5045
0:5-4:TR1: ABCK ti=2 L=4176 seqmm=4166 chkmm=0 rows=4176
0:5-7:TR1: ABCK ti=2 L=4296 seqmm=4279 chkmm=0 rows=4296
0:0-7:TR1: ABCK ti=1 L=4397 seqmm=4377 chkmm=0 rows=4397
0:5-5:TR1: ABCK ti=2 L=4285 seqmm=4267 chkmm=0 rows=4285
0:0-8:TR1: ABCK ti=1 L=5070 seqmm=5060 chkmm=0 rows=5070
0:5-3:TR1: ABCK ti=2 L=4196 seqmm=4187 chkmm=0 rows=4196
0:4-8:TR1: ABCK ti=2 L=4118 seqmm=4100 chkmm=0 rows=4118
0:5-2:TR1: ABCK ti=2 L=4252 seqmm=4234 chkmm=0 rows=4252
0:5-0:TR1: ABCK ti=2 L=4188 seqmm=4177 chkmm=0 rows=4188
0:5-1:TR1: ABCK ti=2 L=4165 seqmm=4156 chkmm=0 rows=4165
0:0-6:TR1: ABCK ti=1 L=4508 seqmm=4493 chkmm=0 rows=4508
0:4-7:TR1: ABCK ti=2 L=4149 seqmm=4139 chkmm=0 rows=4149
0:4-9:TR1: ABCK ti=2 L=4146 seqmm=4137 chkmm=0 rows=4146
0:0-5:TR1: ABCK ti=1 L=4441 seqmm=4431 chkmm=0 rows=4441
0:4-6:TR1: ABCK ti=2 L=4118 seqmm=4109 chkmm=0 rows=4118
0:4-5:TR1: ABCK ti=2 L=4092 seqmm=4083 chkmm=0 rows=4092
0:0-4:TR1: ABCK ti=1 L=4279 seqmm=4269 chkmm=0 rows=4279
0:4-3:TR1: ABCK ti=2 L=4036 seqmm=4027 chkmm=0 rows=4036
0:4-0:TR1: ABCK ti=2 L=4033 seqmm=4021 chkmm=0 rows=4033
0:4-4:TR1: ABCK ti=2 L=4187 seqmm=4176 chkmm=0 rows=4187
0:0-3:TR1: ABCK ti=1 L=4163 seqmm=4154 chkmm=0 rows=4163
0:4-2:TR1: ABCK ti=2 L=4135 seqmm=4126 chkmm=0 rows=4135
0:3-9:TR1: ABCK ti=2 L=4099 seqmm=4090 chkmm=0 rows=4099
0:4-1:TR1: ABCK ti=2 L=4132 seqmm=4123 chkmm=0 rows=4132
0:3-8:TR1: ABCK ti=2 L=4085 seqmm=4075 chkmm=0 rows=4085
0:3-7:TR1: ABCK ti=2 L=4064 seqmm=4055 chkmm=0 rows=4064
0:3-5:TR1: ABCK ti=2 L=4059 seqmm=4050 chkmm=0 rows=4059
0:3-6:TR1: ABCK ti=2 L=4113 seqmm=4104 chkmm=0 rows=4113
0:3-3:TR1: ABCK ti=2 L=3991 seqmm=3980 chkmm=0 rows=3991
0:3-4:TR1: ABCK ti=2 L=4024 seqmm=4014 chkmm=0 rows=4024
0:3-2:TR1: ABCK ti=2 L=3933 seqmm=3924 chkmm=0 rows=3933
0:0-1:TR1: ABCK ti=0 L=23401 seqmm=23400 chkmm=23401 rows=23401
0:3-1:TR1: ABCK ti=2 L=3975 seqmm=3965 chkmm=0 rows=3975
0:2-8:TR1: ABCK ti=2 L=3884 seqmm=3874 chkmm=0 rows=3884
0:3-0:TR1: ABCK ti=2 L=3923 seqmm=3912 chkmm=0 rows=3923
0:2-9:TR1: ABCK ti=2 L=3969 seqmm=3960 chkmm=0 rows=3969
0:2-7:TR1: ABCK ti=2 L=3850 seqmm=3841 chkmm=0 rows=3850
0:2-6:TR1: ABCK ti=2 L=3853 seqmm=3843 chkmm=0 rows=3853
0:2-5:TR1: ABCK ti=2 L=3840 seqmm=3831 chkmm=0 rows=3840
0:2-4:TR1: ABCK ti=2 L=3882 seqmm=3872 chkmm=0 rows=3882
0:2-2:TR1: ABCK ti=2 L=3789 seqmm=3779 chkmm=0 rows=3789
0:8-9:TR1: ABCK ti=3 L=3189 seqmm=3180 chkmm=0 rows=3189
0:2-1:TR1: ABCK ti=2 L=3710 seqmm=3700 chkmm=0 rows=3710
0:2-3:TR1: ABCK ti=2 L=3860 seqmm=3851 chkmm=0 rows=3860
0:2-0:TR1: ABCK ti=2 L=3813 seqmm=3804 chkmm=0 rows=3813
0:7-3:TR1: ABCK ti=3 L=3248 seqmm=3238 chkmm=0 rows=3248
0:7-7:TR1: ABCK ti=3 L=3303 seqmm=3293 chkmm=0 rows=3303
0:10-9:TR1: ABCK ti=3 L=3361 seqmm=3352 chkmm=0 rows=3361
0:8-1:TR1: ABCK ti=3 L=3295 seqmm=3285 chkmm=0 rows=3295
0:8-5:TR1: ABCK ti=3 L=3306 seqmm=3297 chkmm=0 rows=3306
0:1-8:TR1: ABCK ti=2 L=3712 seqmm=3696 chkmm=0 rows=3712
0:6-9:TR1: ABCK ti=3 L=3151 seqmm=3142 chkmm=0 rows=3151
0:7-9:TR1: ABCK ti=3 L=3229 seqmm=3219 chkmm=0 rows=3229
0:8-2:TR1: ABCK ti=3 L=3264 seqmm=3254 chkmm=0 rows=3264
0:6-3:TR1: ABCK ti=3 L=3133 seqmm=3124 chkmm=0 rows=3133
0:6-8:TR1: ABCK ti=3 L=3124 seqmm=3113 chkmm=0 rows=3124
0:10-6:TR1: ABCK ti=3 L=3455 seqmm=3446 chkmm=0 rows=3455
0:6-7:TR1: ABCK ti=3 L=3142 seqmm=3133 chkmm=0 rows=3142
0:8-8:TR1: ABCK ti=3 L=3255 seqmm=3246 chkmm=0 rows=3255
0:7-8:TR1: ABCK ti=3 L=3312 seqmm=3303 chkmm=0 rows=3312
0:8-4:TR1: ABCK ti=3 L=3353 seqmm=3344 chkmm=0 rows=3353
0:1-7:TR1: ABCK ti=2 L=3757 seqmm=3747 chkmm=0 rows=3757
0:7-1:TR1: ABCK ti=3 L=3245 seqmm=3234 chkmm=0 rows=3245
0:8-0:TR1: ABCK ti=3 L=3340 seqmm=3331 chkmm=0 rows=3340
0:9-1:TR1: ABCK ti=3 L=3271 seqmm=3261 chkmm=0 rows=3271
0:8-6:TR1: ABCK ti=3 L=3410 seqmm=3401 chkmm=0 rows=3410
0:1-9:TR1: ABCK ti=2 L=3814 seqmm=3803 chkmm=0 rows=3814
0:7-5:TR1: ABCK ti=3 L=3295 seqmm=3285 chkmm=0 rows=3295
0:1-6:TR1: ABCK ti=2 L=3710 seqmm=3699 chkmm=0 rows=3710
0:6-4:TR1: ABCK ti=3 L=3159 seqmm=3150 chkmm=0 rows=3159
0:7-2:TR1: ABCK ti=3 L=3297 seqmm=3288 chkmm=0 rows=3297
0:10-4:TR1: ABCK ti=3 L=3475 seqmm=3466 chkmm=0 rows=3475
0:9-3:TR1: ABCK ti=3 L=3374 seqmm=3364 chkmm=0 rows=3374
0:9-5:TR1: ABCK ti=3 L=3518 seqmm=3508 chkmm=0 rows=3518
0:10-8:TR1: ABCK ti=3 L=3360 seqmm=3349 chkmm=0 rows=3360
0:7-0:TR1: ABCK ti=3 L=3214 seqmm=3205 chkmm=0 rows=3214
0:8-7:TR1: ABCK ti=3 L=3415 seqmm=3406 chkmm=0 rows=3415
0:1-5:TR1: ABCK ti=2 L=3720 seqmm=3710 chkmm=0 rows=3720
0:10-2:TR1: ABCK ti=3 L=3532 seqmm=3523 chkmm=0 rows=3532
0:6-0:TR1: ABCK ti=3 L=3085 seqmm=3075 chkmm=0 rows=3085
0:10-5:TR1: ABCK ti=3 L=3424 seqmm=3413 chkmm=0 rows=3424
0:9-4:TR1: ABCK ti=3 L=3431 seqmm=3421 chkmm=0 rows=3431
0:9-8:TR1: ABCK ti=3 L=3630 seqmm=3616 chkmm=0 rows=3630
0:6-1:TR1: ABCK ti=3 L=3062 seqmm=3052 chkmm=0 rows=3062
0:6-6:TR1: ABCK ti=3 L=3165 seqmm=3156 chkmm=0 rows=3165
0:9-2:TR1: ABCK ti=3 L=3565 seqmm=3556 chkmm=0 rows=3565
0:8-3:TR1: ABCK ti=3 L=3481 seqmm=3472 chkmm=0 rows=3481
0:9-6:TR1: ABCK ti=3 L=3565 seqmm=3554 chkmm=0 rows=3565
0:6-5:TR1: ABCK ti=3 L=3152 seqmm=3142 chkmm=0 rows=3152
0:10-7:TR1: ABCK ti=3 L=3755 seqmm=3715 chkmm=0 rows=3755
0:7-4:TR1: ABCK ti=3 L=3545 seqmm=3536 chkmm=0 rows=3545
0:1-4:TR1: ABCK ti=2 L=3635 seqmm=3626 chkmm=0 rows=3635
0:6-2:TR1: ABCK ti=3 L=3109 seqmm=3099 chkmm=0 rows=3109
0:9-0:TR1: ABCK ti=3 L=3525 seqmm=3514 chkmm=0 rows=3525
0:9-7:TR1: ABCK ti=3 L=3522 seqmm=3513 chkmm=0 rows=3522
0:9-9:TR1: ABCK ti=3 L=3728 seqmm=3718 chkmm=0 rows=3728
0:1-3:TR1: ABCK ti=2 L=3688 seqmm=3677 chkmm=0 rows=3688
0:7-6:TR1: ABCK ti=3 L=3603 seqmm=3594 chkmm=0 rows=3603
0:10-0:TR1: ABCK ti=3 L=3591 seqmm=3582 chkmm=0 rows=3591
0:10-3:TR1: ABCK ti=3 L=3671 seqmm=3660 chkmm=0 rows=3671
0:5-8:TR1: ABCK ti=3 L=3071 seqmm=3061 chkmm=0 rows=3071
0:5-9:TR1: ABCK ti=3 L=3117 seqmm=3108 chkmm=0 rows=3117
0:5-3:TR1: ABCK ti=3 L=2884 seqmm=2874 chkmm=0 rows=2884
0:5-4:TR1: ABCK ti=3 L=3000 seqmm=2989 chkmm=0 rows=3000
0:5-7:TR1: ABCK ti=3 L=3009 seqmm=3000 chkmm=0 rows=3009
0:5-6:TR1: ABCK ti=3 L=3100 seqmm=3091 chkmm=0 rows=3100
0:10-1:TR1: ABCK ti=3 L=3624 seqmm=3615 chkmm=0 rows=3624
0:5-5:TR1: ABCK ti=3 L=3005 seqmm=2995 chkmm=0 rows=3005
0:5-1:TR1: ABCK ti=3 L=2955 seqmm=2946 chkmm=0 rows=2955
0:5-2:TR1: ABCK ti=3 L=3023 seqmm=3013 chkmm=0 rows=3023
0:4-8:TR1: ABCK ti=3 L=3045 seqmm=3036 chkmm=0 rows=3045
0:4-9:TR1: ABCK ti=3 L=2933 seqmm=2924 chkmm=0 rows=2933
0:5-0:TR1: ABCK ti=3 L=2989 seqmm=2980 chkmm=0 rows=2989
0:4-7:TR1: ABCK ti=3 L=2974 seqmm=2965 chkmm=0 rows=2974
0:4-6:TR1: ABCK ti=3 L=2973 seqmm=2964 chkmm=0 rows=2973
0:4-5:TR1: ABCK ti=3 L=2825 seqmm=2816 chkmm=0 rows=2825
0:0-2:TR1: ABCK ti=1 L=3778 seqmm=3768 chkmm=0 rows=3778
0:1-2:TR1: ABCK ti=2 L=3632 seqmm=3623 chkmm=0 rows=3632
0:0-6:TR1: ABCK ti=2 L=3258 seqmm=3249 chkmm=0 rows=3258
0:1-0:TR1: ABCK ti=2 L=3651 seqmm=3642 chkmm=1 rows=3651
0:0-5:TR1: ABCK ti=2 L=3242 seqmm=3232 chkmm=0 rows=3242
0:1-1:TR1: ABCK ti=2 L=3791 seqmm=3782 chkmm=0 rows=3791
0:0-7:TR1: ABCK ti=2 L=3625 seqmm=3616 chkmm=0 rows=3625
0:0-9:TR1: ABCK ti=2 L=3682 seqmm=3672 chkmm=0 rows=3682
0:0-8:TR1: ABCK ti=2 L=3586 seqmm=3577 chkmm=0 rows=3586
0:4-0:TR1: ABCK ti=3 L=2892 seqmm=2882 chkmm=0 rows=2892
0:4-3:TR1: ABCK ti=3 L=2917 seqmm=2907 chkmm=0 rows=2917
0:4-4:TR1: ABCK ti=3 L=2884 seqmm=2874 chkmm=0 rows=2884
0:4-2:TR1: ABCK ti=3 L=2899 seqmm=2889 chkmm=0 rows=2899
0:4-1:TR1: ABCK ti=3 L=2874 seqmm=2863 chkmm=0 rows=2874
0:0-4:TR1: ABCK ti=2 L=3103 seqmm=3094 chkmm=0 rows=3103
0:0-0:TR1: ABCK ti=0 L=25699 seqmm=25698 chkmm=25699 rows=25699
0:0-3:TR1: ABCK ti=2 L=2976 seqmm=2966 chkmm=0 rows=2976
0:3-9:TR1: ABCK ti=3 L=2969 seqmm=2960 chkmm=0 rows=2969
0:3-7:TR1: ABCK ti=3 L=2799 seqmm=2790 chkmm=0 rows=2799
0:3-8:TR1: ABCK ti=3 L=2905 seqmm=2895 chkmm=0 rows=2905
0:3-5:TR1: ABCK ti=3 L=2873 seqmm=2864 chkmm=0 rows=2873
0:3-3:TR1: ABCK ti=3 L=2826 seqmm=2816 chkmm=0 rows=2826
0:3-6:TR1: ABCK ti=3 L=2966 seqmm=2957 chkmm=0 rows=2966
0:3-4:TR1: ABCK ti=3 L=2885 seqmm=2876 chkmm=0 rows=2885
0:3-2:TR1: ABCK ti=3 L=2827 seqmm=2817 chkmm=0 rows=2827
0:2-8:TR1: ABCK ti=3 L=2748 seqmm=2739 chkmm=0 rows=2748
0:3-1:TR1: ABCK ti=3 L=2828 seqmm=2818 chkmm=0 rows=2828
0:3-0:TR1: ABCK ti=3 L=2783 seqmm=2774 chkmm=0 rows=2783
0:2-9:TR1: ABCK ti=3 L=2794 seqmm=2785 chkmm=0 rows=2794
0:2-6:TR1: ABCK ti=3 L=2734 seqmm=2724 chkmm=0 rows=2734
0:2-7:TR1: ABCK ti=3 L=2761 seqmm=2751 chkmm=0 rows=2761
0:0-1:TR1: ABCK ti=1 L=3037 seqmm=3027 chkmm=0 rows=3037
0:2-5:TR1: ABCK ti=3 L=2826 seqmm=2815 chkmm=0 rows=2826
0:2-4:TR1: ABCK ti=3 L=2648 seqmm=2638 chkmm=0 rows=2648
0:6-3:TR1: ABCK ti=4 L=2240 seqmm=2230 chkmm=0 rows=2240
0:8-9:TR1: ABCK ti=4 L=2496 seqmm=2487 chkmm=0 rows=2496
0:2-2:TR1: ABCK ti=3 L=2735 seqmm=2725 chkmm=0 rows=2735
0:7-3:TR1: ABCK ti=4 L=2410 seqmm=2400 chkmm=0 rows=2410
0:10-6:TR1: ABCK ti=4 L=2291 seqmm=2281 chkmm=0 rows=2291
0:10-9:TR1: ABCK ti=4 L=2457 seqmm=2448 chkmm=0 rows=2457
0:6-9:TR1: ABCK ti=4 L=2460 seqmm=2451 chkmm=0 rows=2460
0:9-5:TR1: ABCK ti=4 L=2246 seqmm=2241 chkmm=0 rows=2246
0:9-8:TR1: ABCK ti=4 L=2206 seqmm=2203 chkmm=0 rows=2206
0:8-1:TR1: ABCK ti=4 L=2504 seqmm=2503 chkmm=0 rows=2504
0:10-4:TR1: ABCK ti=4 L=2315 seqmm=2306 chkmm=0 rows=2315
0:9-3:TR1: ABCK ti=4 L=2284 seqmm=2282 chkmm=0 rows=2284
0:2-0:TR1: ABCK ti=3 L=2624 seqmm=2613 chkmm=0 rows=2624
0:8-6:TR1: ABCK ti=4 L=2372 seqmm=2370 chkmm=0 rows=2372
0:7-5:TR1: ABCK ti=4 L=2363 seqmm=2354 chkmm=0 rows=2363
0:7-7:TR1: ABCK ti=4 L=2573 seqmm=2572 chkmm=0 rows=2573
0:5-8:TR1: ABCK ti=4 L=2139 seqmm=2130 chkmm=0 rows=2139
0:1-8:TR1: ABCK ti=3 L=2582 seqmm=2572 chkmm=0 rows=2582
0:6-0:TR1: ABCK ti=4 L=2301 seqmm=2298 chkmm=0 rows=2301
0:7-1:TR1: ABCK ti=4 L=2438 seqmm=2429 chkmm=0 rows=2438
0:8-5:TR1: ABCK ti=4 L=2576 seqmm=2566 chkmm=0 rows=2576
0:8-4:TR1: ABCK ti=4 L=2473 seqmm=2463 chkmm=0 rows=2473
0:5-3:TR1: ABCK ti=4 L=2160 seqmm=2159 chkmm=0 rows=2160
0:7-6:TR1: ABCK ti=4 L=2222 seqmm=2220 chkmm=0 rows=2222
0:8-7:TR1: ABCK ti=4 L=2392 seqmm=2391 chkmm=0 rows=2392
0:10-2:TR1: ABCK ti=4 L=2367 seqmm=2358 chkmm=0 rows=2367
0:6-8:TR1: ABCK ti=4 L=2521 seqmm=2513 chkmm=0 rows=2521
0:8-3:TR1: ABCK ti=4 L=2326 seqmm=2324 chkmm=0 rows=2326
0:9-9:TR1: ABCK ti=4 L=2274 seqmm=2263 chkmm=0 rows=2274
0:10-7:TR1: ABCK ti=4 L=2324 seqmm=2315 chkmm=0 rows=2324
0:10-8:TR1: ABCK ti=4 L=2418 seqmm=2416 chkmm=0 rows=2418
0:2-1:TR1: ABCK ti=3 L=2799 seqmm=2789 chkmm=0 rows=2799
0:6-2:TR1: ABCK ti=4 L=2309 seqmm=2301 chkmm=0 rows=2309
0:8-2:TR1: ABCK ti=4 L=2604 seqmm=2602 chkmm=0 rows=2604
0:2-3:TR1: ABCK ti=3 L=2799 seqmm=2790 chkmm=0 rows=2799
0:5-6:TR1: ABCK ti=4 L=2162 seqmm=2161 chkmm=0 rows=2162
0:10-3:TR1: ABCK ti=4 L=2257 seqmm=2246 chkmm=0 rows=2257
0:6-1:TR1: ABCK ti=4 L=2381 seqmm=2379 chkmm=0 rows=2381
0:7-8:TR1: ABCK ti=4 L=2532 seqmm=2523 chkmm=0 rows=2532
0:9-2:TR1: ABCK ti=4 L=2383 seqmm=2374 chkmm=0 rows=2383
0:7-9:TR1: ABCK ti=4 L=2632 seqmm=2629 chkmm=0 rows=2632
0:9-6:TR1: ABCK ti=4 L=2362 seqmm=2360 chkmm=0 rows=2362
0:10-0:TR1: ABCK ti=4 L=2286 seqmm=2275 chkmm=0 rows=2286
0:6-5:TR1: ABCK ti=4 L=2381 seqmm=2379 chkmm=0 rows=2381
0:8-8:TR1: ABCK ti=4 L=2566 seqmm=2565 chkmm=0 rows=2566
0:9-0:TR1: ABCK ti=4 L=2330 seqmm=2329 chkmm=0 rows=2330
0:10-5:TR1: ABCK ti=4 L=2423 seqmm=2410 chkmm=0 rows=2423
0:6-7:TR1: ABCK ti=4 L=2580 seqmm=2576 chkmm=0 rows=2580
0:5-5:TR1: ABCK ti=4 L=2181 seqmm=2180 chkmm=0 rows=2181
0:5-9:TR1: ABCK ti=4 L=2294 seqmm=2292 chkmm=0 rows=2294
0:9-7:TR1: ABCK ti=4 L=2350 seqmm=2341 chkmm=0 rows=2350
0:4-8:TR1: ABCK ti=4 L=2018 seqmm=2016 chkmm=0 rows=2018
0:7-0:TR1: ABCK ti=4 L=2489 seqmm=2486 chkmm=0 rows=2489
0:9-4:TR1: ABCK ti=4 L=2449 seqmm=2438 chkmm=0 rows=2449
0:5-4:TR1: ABCK ti=4 L=2259 seqmm=2258 chkmm=0 rows=2259
0:5-7:TR1: ABCK ti=4 L=2256 seqmm=2254 chkmm=0 rows=2256
0:6-6:TR1: ABCK ti=4 L=2456 seqmm=2447 chkmm=0 rows=2456
0:8-0:TR1: ABCK ti=4 L=2581 seqmm=2572 chkmm=0 rows=2581
0:9-1:TR1: ABCK ti=4 L=2610 seqmm=2604 chkmm=0 rows=2610
0:5-2:TR1: ABCK ti=4 L=2093 seqmm=2092 chkmm=0 rows=2093
0:6-4:TR1: ABCK ti=4 L=2575 seqmm=2574 chkmm=0 rows=2575
0:7-4:TR1: ABCK ti=4 L=2454 seqmm=2453 chkmm=0 rows=2454
0:1-7:TR1: ABCK ti=3 L=2669 seqmm=2658 chkmm=0 rows=2669
0:7-2:TR1: ABCK ti=4 L=2621 seqmm=2620 chkmm=0 rows=2621
0:10-1:TR1: ABCK ti=4 L=2314 seqmm=2305 chkmm=0 rows=2314
0:1-5:TR1: ABCK ti=3 L=2613 seqmm=2603 chkmm=0 rows=2613
0:5-1:TR1: ABCK ti=4 L=2185 seqmm=2183 chkmm=0 rows=2185
0:5-0:TR1: ABCK ti=4 L=2166 seqmm=2163 chkmm=0 rows=2166
0:4-9:TR1: ABCK ti=4 L=2188 seqmm=2185 chkmm=0 rows=2188
0:1-6:TR1: ABCK ti=3 L=2715 seqmm=2706 chkmm=0 rows=2715
0:4-6:TR1: ABCK ti=4 L=2106 seqmm=2105 chkmm=0 rows=2106
0:4-7:TR1: ABCK ti=4 L=2208 seqmm=2207 chkmm=0 rows=2208
0:1-9:TR1: ABCK ti=3 L=2778 seqmm=2769 chkmm=0 rows=2778
0:1-4:TR1: ABCK ti=3 L=2654 seqmm=2645 chkmm=0 rows=2654
0:1-3:TR1: ABCK ti=3 L=2637 seqmm=2626 chkmm=0 rows=2637
0:4-5:TR1: ABCK ti=4 L=2190 seqmm=2189 chkmm=0 rows=2190
0:4-0:TR1: ABCK ti=4 L=2092 seqmm=2090 chkmm=0 rows=2092
0:0-9:TR1: ABCK ti=3 L=2193 seqmm=2184 chkmm=0 rows=2193
0:4-4:TR1: ABCK ti=4 L=2172 seqmm=2171 chkmm=0 rows=2172
0:4-3:TR1: ABCK ti=4 L=2184 seqmm=2181 chkmm=0 rows=2184
0:4-2:TR1: ABCK ti=4 L=2079 seqmm=2078 chkmm=0 rows=2079
0:0-7:TR1: ABCK ti=3 L=2292 seqmm=2289 chkmm=0 rows=2292
0:0-8:TR1: ABCK ti=3 L=2292 seqmm=2290 chkmm=0 rows=2292
0:1-0:TR1: ABCK ti=3 L=2418 seqmm=2415 chkmm=0 rows=2418
0:4-1:TR1: ABCK ti=4 L=2129 seqmm=2127 chkmm=0 rows=2129
0:3-9:TR1: ABCK ti=4 L=2060 seqmm=2058 chkmm=0 rows=2060
0:1-2:TR1: ABCK ti=3 L=2515 seqmm=2505 chkmm=0 rows=2515
0:0-5:TR1: ABCK ti=3 L=2471 seqmm=2462 chkmm=0 rows=2471
0:0-4:TR1: ABCK ti=3 L=2227 seqmm=2226 chkmm=0 rows=2227
0:3-7:TR1: ABCK ti=4 L=2095 seqmm=2090 chkmm=0 rows=2095
0:3-8:TR1: ABCK ti=4 L=2035 seqmm=2034 chkmm=0 rows=2035
0:1-1:TR1: ABCK ti=3 L=2518 seqmm=2508 chkmm=0 rows=2518
0:0-3:TR1: ABCK ti=3 L=2197 seqmm=2196 chkmm=0 rows=2197
0:0-6:TR1: ABCK ti=3 L=2595 seqmm=2593 chkmm=0 rows=2595
0:0-2:TR1: ABCK ti=2 L=2796 seqmm=2787 chkmm=0 rows=2796
0:3-5:TR1: ABCK ti=4 L=2126 seqmm=2123 chkmm=0 rows=2126
0:3-4:TR1: ABCK ti=4 L=2018 seqmm=2015 chkmm=0 rows=2018
0:2-8:TR1: ABCK ti=4 L=1971 seqmm=1970 chkmm=0 rows=1971
0:3-2:TR1: ABCK ti=4 L=2031 seqmm=2022 chkmm=0 rows=2031
0:3-3:TR1: ABCK ti=4 L=2153 seqmm=2152 chkmm=0 rows=2153
0:3-6:TR1: ABCK ti=4 L=2114 seqmm=2111 chkmm=0 rows=2114
0:2-9:TR1: ABCK ti=4 L=1931 seqmm=1930 chkmm=0 rows=1931
0:3-0:TR1: ABCK ti=4 L=2049 seqmm=2048 chkmm=0 rows=2049
0:5-3:TR1: ABCK ti=5 L=1381 seqmm=1379 chkmm=0 rows=1381
0:9-3:TR1: ABCK ti=5 L=1483 seqmm=1482 chkmm=0 rows=1483
0:9-8:TR1: ABCK ti=5 L=1508 seqmm=1507 chkmm=0 rows=1508
0:2-7:TR1: ABCK ti=4 L=1927 seqmm=1925 chkmm=0 rows=1927
0:8-1:TR1: ABCK ti=5 L=1511 seqmm=1510 chkmm=0 rows=1511
0:3-1:TR1: ABCK ti=4 L=2160 seqmm=2159 chkmm=0 rows=2160
0:2-6:TR1: ABCK ti=4 L=2029 seqmm=2027 chkmm=0 rows=2029
0:7-7:TR1: ABCK ti=5 L=1554 seqmm=1553 chkmm=0 rows=1554
0:0-0:TR1: ABCK ti=1 L=2751 seqmm=2742 chkmm=0 rows=2751
0:4-8:TR1: ABCK ti=5 L=1407 seqmm=1405 chkmm=0 rows=1407
0:9-0:TR1: ABCK ti=5 L=1435 seqmm=1433 chkmm=0 rows=1435
0:10-6:TR1: ABCK ti=5 L=1728 seqmm=1727 chkmm=0 rows=1728
0:2-5:TR1: ABCK ti=4 L=2011 seqmm=2009 chkmm=0 rows=2011
0:2-4:TR1: ABCK ti=4 L=1964 seqmm=1961 chkmm=0 rows=1964
0:5-6:TR1: ABCK ti=5 L=1523 seqmm=1522 chkmm=0 rows=1523
0:7-9:TR1: ABCK ti=5 L=1521 seqmm=1520 chkmm=0 rows=1521
0:9-6:TR1: ABCK ti=5 L=1522 seqmm=1520 chkmm=0 rows=1522
0:10-8:TR1: ABCK ti=5 L=1557 seqmm=1555 chkmm=0 rows=1557
0:8-6:TR1: ABCK ti=5 L=1657 seqmm=1655 chkmm=0 rows=1657
0:4-7:TR1: ABCK ti=5 L=1288 seqmm=1286 chkmm=0 rows=1288
0:5-7:TR1: ABCK ti=5 L=1492 seqmm=1491 chkmm=0 rows=1492
0:6-0:TR1: ABCK ti=5 L=1660 seqmm=1659 chkmm=0 rows=1660
0:9-5:TR1: ABCK ti=5 L=1741 seqmm=1740 chkmm=0 rows=1741
0:7-6:TR1: ABCK ti=5 L=1624 seqmm=1622 chkmm=0 rows=1624
0:8-9:TR1: ABCK ti=5 L=1912 seqmm=1911 chkmm=0 rows=1912
0:8-3:TR1: ABCK ti=5 L=1615 seqmm=1614 chkmm=0 rows=1615
0:6-1:TR1: ABCK ti=5 L=1580 seqmm=1579 chkmm=0 rows=1580
0:5-9:TR1: ABCK ti=5 L=1559 seqmm=1558 chkmm=0 rows=1559
0:6-3:TR1: ABCK ti=5 L=1973 seqmm=1971 chkmm=0 rows=1973
0:10-9:TR1: ABCK ti=5 L=1845 seqmm=1844 chkmm=0 rows=1845
0:5-1:TR1: ABCK ti=5 L=1438 seqmm=1437 chkmm=0 rows=1438
0:7-3:TR1: ABCK ti=5 L=1905 seqmm=1904 chkmm=0 rows=1905
0:6-5:TR1: ABCK ti=5 L=1593 seqmm=1591 chkmm=0 rows=1593
0:8-7:TR1: ABCK ti=5 L=1665 seqmm=1663 chkmm=0 rows=1665
0:10-4:TR1: ABCK ti=5 L=1795 seqmm=1794 chkmm=0 rows=1795
0:4-9:TR1: ABCK ti=5 L=1444 seqmm=1443 chkmm=0 rows=1444
0:2-2:TR1: ABCK ti=4 L=1995 seqmm=1994 chkmm=0 rows=1995
0:5-2:TR1: ABCK ti=5 L=1545 seqmm=1544 chkmm=0 rows=1545
0:5-4:TR1: ABCK ti=5 L=1615 seqmm=1613 chkmm=0 rows=1615
0:5-5:TR1: ABCK ti=5 L=1630 seqmm=1629 chkmm=0 rows=1630
0:7-4:TR1: ABCK ti=5 L=1556 seqmm=1555 chkmm=0 rows=1556
0:8-5:TR1: ABCK ti=5 L=1739 seqmm=1738 chkmm=0 rows=1739
0:8-8:TR1: ABCK ti=5 L=1625 seqmm=1623 chkmm=0 rows=1625
0:8-2:TR1: ABCK ti=5 L=1702 seqmm=1700 chkmm=0 rows=1702
0:10-2:TR1: ABCK ti=5 L=1738 seqmm=1737 chkmm=0 rows=1738
0:6-9:TR1: ABCK ti=5 L=1872 seqmm=1870 chkmm=0 rows=1872
0:7-5:TR1: ABCK ti=5 L=1817 seqmm=1816 chkmm=0 rows=1817
0:0-1:TR1: ABCK ti=2 L=2287 seqmm=2285 chkmm=0 rows=2287
0:6-4:TR1: ABCK ti=5 L=1603 seqmm=1601 chkmm=0 rows=1603
0:6-8:TR1: ABCK ti=5 L=1763 seqmm=1761 chkmm=0 rows=1763
0:9-2:TR1: ABCK ti=5 L=1709 seqmm=1707 chkmm=0 rows=1709
0:6-2:TR1: ABCK ti=5 L=1741 seqmm=1740 chkmm=0 rows=1741
0:7-2:TR1: ABCK ti=5 L=1580 seqmm=1578 chkmm=0 rows=1580
0:6-7:TR1: ABCK ti=5 L=1717 seqmm=1716 chkmm=0 rows=1717
0:5-0:TR1: ABCK ti=5 L=1570 seqmm=1569 chkmm=0 rows=1570
0:9-7:TR1: ABCK ti=5 L=1724 seqmm=1722 chkmm=0 rows=1724
0:9-9:TR1: ABCK ti=5 L=1799 seqmm=1798 chkmm=0 rows=1799
0:10-3:TR1: ABCK ti=5 L=1774 seqmm=1773 chkmm=0 rows=1774
0:4-6:TR1: ABCK ti=5 L=1557 seqmm=1556 chkmm=0 rows=1557
0:5-8:TR1: ABCK ti=5 L=1887 seqmm=1885 chkmm=0 rows=1887
0:7-0:TR1: ABCK ti=5 L=1714 seqmm=1713 chkmm=0 rows=1714
0:8-4:TR1: ABCK ti=5 L=1824 seqmm=1822 chkmm=0 rows=1824
0:2-0:TR1: ABCK ti=4 L=1950 seqmm=1948 chkmm=0 rows=1950
0:4-5:TR1: ABCK ti=5 L=1486 seqmm=1484 chkmm=0 rows=1486
0:9-1:TR1: ABCK ti=5 L=1743 seqmm=1742 chkmm=0 rows=1743
0:6-6:TR1: ABCK ti=5 L=1780 seqmm=1778 chkmm=0 rows=1780
0:9-4:TR1: ABCK ti=5 L=1806 seqmm=1804 chkmm=0 rows=1806
0:10-5:TR1: ABCK ti=5 L=1830 seqmm=1829 chkmm=0 rows=1830
0:10-7:TR1: ABCK ti=5 L=1893 seqmm=1892 chkmm=0 rows=1893
0:10-1:TR1: ABCK ti=5 L=1733 seqmm=1730 chkmm=0 rows=1733
0:1-8:TR1: ABCK ti=4 L=1982 seqmm=1980 chkmm=0 rows=1982
0:7-1:TR1: ABCK ti=5 L=1977 seqmm=1976 chkmm=0 rows=1977
0:2-3:TR1: ABCK ti=4 L=1932 seqmm=1931 chkmm=0 rows=1932
0:10-0:TR1: ABCK ti=5 L=1914 seqmm=1913 chkmm=0 rows=1914
0:7-8:TR1: ABCK ti=5 L=1934 seqmm=1931 chkmm=0 rows=1934
0:2-1:TR1: ABCK ti=4 L=1969 seqmm=1967 chkmm=0 rows=1969
0:1-6:TR1: ABCK ti=4 L=1770 seqmm=1769 chkmm=0 rows=1770
0:8-0:TR1: ABCK ti=5 L=1922 seqmm=1921 chkmm=0 rows=1922
0:1-7:TR1: ABCK ti=4 L=1952 seqmm=1937 chkmm=0 rows=1952
0:4-3:TR1: ABCK ti=5 L=1399 seqmm=1398 chkmm=0 rows=1399
0:4-0:TR1: ABCK ti=5 L=1525 seqmm=1524 chkmm=0 rows=1525
0:5-3:TR1: ABCK ti=6 L=789 seqmm=788 chkmm=0 rows=789
0:1-5:TR1: ABCK ti=4 L=1970 seqmm=1969 chkmm=0 rows=1970
0:1-9:TR1: ABCK ti=4 L=1888 seqmm=1887 chkmm=0 rows=1888
0:4-2:TR1: ABCK ti=5 L=1458 seqmm=1456 chkmm=0 rows=1458
0:3-7:TR1: ABCK ti=5 L=1322 seqmm=1321 chkmm=0 rows=1322
0:4-4:TR1: ABCK ti=5 L=1530 seqmm=1529 chkmm=0 rows=1530
0:4-8:TR1: ABCK ti=6 L=749 seqmm=748 chkmm=0 rows=749
0:8-9:TR1: ABCK ti=6 L=652 seqmm=650 chkmm=0 rows=652
0:1-3:TR1: ABCK ti=4 L=1897 seqmm=1896 chkmm=0 rows=1897
0:6-3:TR1: ABCK ti=6 L=670 seqmm=669 chkmm=0 rows=670
0:9-8:TR1: ABCK ti=6 L=932 seqmm=931 chkmm=0 rows=932
0:4-1:TR1: ABCK ti=5 L=1508 seqmm=1506 chkmm=0 rows=1508
0:1-4:TR1: ABCK ti=4 L=1988 seqmm=1987 chkmm=0 rows=1988
0:5-2:TR1: ABCK ti=6 L=650 seqmm=649 chkmm=0 rows=650
0:3-8:TR1: ABCK ti=5 L=1452 seqmm=1450 chkmm=0 rows=1452
0:7-3:TR1: ABCK ti=6 L=705 seqmm=704 chkmm=0 rows=705
0:0-7:TR1: ABCK ti=4 L=1604 seqmm=1603 chkmm=0 rows=1604
0:3-5:TR1: ABCK ti=5 L=1275 seqmm=1273 chkmm=0 rows=1275
0:3-9:TR1: ABCK ti=5 L=1538 seqmm=1537 chkmm=0 rows=1538
0:8-1:TR1: ABCK ti=6 L=991 seqmm=990 chkmm=0 rows=991
0:10-4:TR1: ABCK ti=6 L=731 seqmm=730 chkmm=0 rows=731
0:2-8:TR1: ABCK ti=5 L=1204 seqmm=1203 chkmm=0 rows=1204
0:3-3:TR1: ABCK ti=5 L=1159 seqmm=1157 chkmm=0 rows=1159
0:6-9:TR1: ABCK ti=6 L=699 seqmm=697 chkmm=0 rows=699
0:10-9:TR1: ABCK ti=6 L=790 seqmm=789 chkmm=0 rows=790
0:4-9:TR1: ABCK ti=6 L=750 seqmm=747 chkmm=0 rows=750
0:10-3:TR1: ABCK ti=6 L=640 seqmm=639 chkmm=0 rows=640
0:8-6:TR1: ABCK ti=6 L=902 seqmm=900 chkmm=0 rows=902
0:9-3:TR1: ABCK ti=6 L=1099 seqmm=1097 chkmm=0 rows=1099
0:9-5:TR1: ABCK ti=6 L=876 seqmm=874 chkmm=0 rows=876
0:0-4:TR1: ABCK ti=4 L=1572 seqmm=1571 chkmm=0 rows=1572
0:2-6:TR1: ABCK ti=5 L=1028 seqmm=1025 chkmm=0 rows=1028
0:3-4:TR1: ABCK ti=5 L=1315 seqmm=1314 chkmm=0 rows=1315
0:1-0:TR1: ABCK ti=4 L=1691 seqmm=1690 chkmm=0 rows=1691
0:6-0:TR1: ABCK ti=6 L=897 seqmm=893 chkmm=0 rows=897
0:0-9:TR1: ABCK ti=4 L=1815 seqmm=1814 chkmm=0 rows=1815
0:0-8:TR1: ABCK ti=4 L=1706 seqmm=1703 chkmm=0 rows=1706
0:3-2:TR1: ABCK ti=5 L=1334 seqmm=1332 chkmm=0 rows=1334
0:9-0:TR1: ABCK ti=6 L=1054 seqmm=1053 chkmm=0 rows=1054
0:10-6:TR1: ABCK ti=6 L=1046 seqmm=1044 chkmm=0 rows=1046
0:9-9:TR1: ABCK ti=6 L=758 seqmm=755 chkmm=0 rows=758
0:5-5:TR1: ABCK ti=6 L=859 seqmm=858 chkmm=0 rows=859
0:7-7:TR1: ABCK ti=6 L=1101 seqmm=1094 chkmm=0 rows=1101
0:10-7:TR1: ABCK ti=6 L=691 seqmm=686 chkmm=0 rows=691
0:3-0:TR1: ABCK ti=5 L=1232 seqmm=1231 chkmm=0 rows=1232
0:7-5:TR1: ABCK ti=6 L=843 seqmm=842 chkmm=0 rows=843
0:7-6:TR1: ABCK ti=6 L=971 seqmm=969 chkmm=0 rows=971
0:8-3:TR1: ABCK ti=6 L=979 seqmm=977 chkmm=0 rows=979
0:0-3:TR1: ABCK ti=4 L=1660 seqmm=1658 chkmm=0 rows=1660
0:4-5:TR1: ABCK ti=6 L=734 seqmm=732 chkmm=0 rows=734
0:4-6:TR1: ABCK ti=6 L=774 seqmm=773 chkmm=0 rows=774
0:10-0:TR1: ABCK ti=6 L=645 seqmm=642 chkmm=0 rows=645
0:0-6:TR1: ABCK ti=4 L=1634 seqmm=1632 chkmm=0 rows=1634
0:2-7:TR1: ABCK ti=5 L=1238 seqmm=1236 chkmm=0 rows=1238
0:3-1:TR1: ABCK ti=5 L=1193 seqmm=1192 chkmm=0 rows=1193
0:4-7:TR1: ABCK ti=6 L=1017 seqmm=1016 chkmm=0 rows=1017
0:1-2:TR1: ABCK ti=4 L=1777 seqmm=1776 chkmm=0 rows=1777
0:8-4:TR1: ABCK ti=6 L=820 seqmm=818 chkmm=0 rows=820
0:0-5:TR1: ABCK ti=4 L=1766 seqmm=1764 chkmm=0 rows=1766
0:6-7:TR1: ABCK ti=6 L=864 seqmm=862 chkmm=0 rows=864
0:8-5:TR1: ABCK ti=6 L=947 seqmm=946 chkmm=0 rows=947
0:8-9:TR1: ABCK ti=7 L=396 seqmm=394 chkmm=0 rows=396
0:10-8:TR1: ABCK ti=6 L=1094 seqmm=1093 chkmm=0 rows=1094
0:4-8:TR1: ABCK ti=7 L=398 seqmm=397 chkmm=0 rows=398
0:1-1:TR1: ABCK ti=4 L=1739 seqmm=1738 chkmm=0 rows=1739
0:4-2:TR1: ABCK ti=6 L=473 seqmm=472 chkmm=0 rows=473
0:6-5:TR1: ABCK ti=6 L=1024 seqmm=1022 chkmm=0 rows=1024
0:7-4:TR1: ABCK ti=6 L=967 seqmm=965 chkmm=0 rows=967
0:8-1:TR1: ABCK ti=7 L=299 seqmm=296 chkmm=0 rows=299
0:9-8:TR1: ABCK ti=7 L=378 seqmm=377 chkmm=0 rows=378
0:5-3:TR1: ABCK ti=7 L=526 seqmm=524 chkmm=0 rows=526
0:2-9:TR1: ABCK ti=5 L=1379 seqmm=1377 chkmm=0 rows=1379
0:5-0:TR1: ABCK ti=6 L=893 seqmm=892 chkmm=0 rows=893
0:5-1:TR1: ABCK ti=6 L=1042 seqmm=1041 chkmm=0 rows=1042
0:6-1:TR1: ABCK ti=6 L=1077 seqmm=1075 chkmm=0 rows=1077
0:8-7:TR1: ABCK ti=6 L=1043 seqmm=1041 chkmm=0 rows=1043
0:2-4:TR1: ABCK ti=5 L=1130 seqmm=1129 chkmm=0 rows=1130
0:8-8:TR1: ABCK ti=6 L=1010 seqmm=1008 chkmm=0 rows=1010
0:3-6:TR1: ABCK ti=5 L=1463 seqmm=1461 chkmm=0 rows=1463
0:10-2:TR1: ABCK ti=6 L=992 seqmm=991 chkmm=0 rows=992
0:10-4:TR1: ABCK ti=7 L=345 seqmm=341 chkmm=0 rows=345
0:10-9:TR1: ABCK ti=7 L=305 seqmm=304 chkmm=0 rows=305
0:6-4:TR1: ABCK ti=6 L=1017 seqmm=1016 chkmm=0 rows=1017
0:9-5:TR1: ABCK ti=7 L=276 seqmm=271 chkmm=0 rows=276
0:4-3:TR1: ABCK ti=6 L=632 seqmm=628 chkmm=0 rows=632
0:7-1:TR1: ABCK ti=6 L=814 seqmm=813 chkmm=0 rows=814
0:7-9:TR1: ABCK ti=6 L=1193 seqmm=1191 chkmm=0 rows=1193
0:8-6:TR1: ABCK ti=7 L=291 seqmm=285 chkmm=0 rows=291
0:10-3:TR1: ABCK ti=7 L=320 seqmm=319 chkmm=0 rows=320
0:5-4:TR1: ABCK ti=6 L=1076 seqmm=1071 chkmm=0 rows=1076
0:5-6:TR1: ABCK ti=6 L=1249 seqmm=1247 chkmm=0 rows=1249
0:9-3:TR1: ABCK ti=7 L=334 seqmm=333 chkmm=0 rows=334
0:7-3:TR1: ABCK ti=7 L=453 seqmm=450 chkmm=0 rows=453
0:7-8:TR1: ABCK ti=6 L=843 seqmm=838 chkmm=0 rows=843
0:9-4:TR1: ABCK ti=6 L=910 seqmm=909 chkmm=0 rows=910
0:5-8:TR1: ABCK ti=6 L=993 seqmm=992 chkmm=0 rows=993
0:6-3:TR1: ABCK ti=7 L=503 seqmm=501 chkmm=0 rows=503
0:5-9:TR1: ABCK ti=6 L=1206 seqmm=1204 chkmm=0 rows=1206
0:8-0:TR1: ABCK ti=6 L=798 seqmm=797 chkmm=0 rows=798
0:9-6:TR1: ABCK ti=6 L=1259 seqmm=1256 chkmm=0 rows=1259
0:4-0:TR1: ABCK ti=6 L=700 seqmm=699 chkmm=0 rows=700
0:5-2:TR1: ABCK ti=7 L=482 seqmm=480 chkmm=0 rows=482
0:6-8:TR1: ABCK ti=6 L=1085 seqmm=1084 chkmm=0 rows=1085
0:9-2:TR1: ABCK ti=6 L=1114 seqmm=1113 chkmm=0 rows=1114
0:4-8:TR1: ABCK ti=8 L=207 seqmm=206 chkmm=0 rows=207
0:4-9:TR1: ABCK ti=7 L=424 seqmm=423 chkmm=0 rows=424
0:5-7:TR1: ABCK ti=6 L=1288 seqmm=1287 chkmm=0 rows=1288
0:8-3:TR1: ABCK ti=7 L=284 seqmm=279 chkmm=0 rows=284
0:8-9:TR1: ABCK ti=8 L=230 seqmm=229 chkmm=0 rows=230
0:10-6:TR1: ABCK ti=7 L=332 seqmm=331 chkmm=0 rows=332
0:3-8:TR1: ABCK ti=6 L=536 seqmm=535 chkmm=0 rows=536
0:7-2:TR1: ABCK ti=6 L=1134 seqmm=1132 chkmm=0 rows=1134
0:2-5:TR1: ABCK ti=5 L=1339 seqmm=1338 chkmm=0 rows=1339
0:5-3:TR1: ABCK ti=8 L=213 seqmm=212 chkmm=0 rows=213
0:2-8:TR1: ABCK ti=6 L=514 seqmm=509 chkmm=0 rows=514
0:4-6:TR1: ABCK ti=7 L=314 seqmm=309 chkmm=0 rows=314
0:7-6:TR1: ABCK ti=7 L=324 seqmm=320 chkmm=0 rows=324
0:7-7:TR1: ABCK ti=7 L=336 seqmm=333 chkmm=0 rows=336
0:10-0:TR1: ABCK ti=7 L=311 seqmm=309 chkmm=0 rows=311
0:4-7:TR1: ABCK ti=7 L=318 seqmm=314 chkmm=0 rows=318
0:9-0:TR1: ABCK ti=7 L=359 seqmm=358 chkmm=0 rows=359
0:9-1:TR1: ABCK ti=6 L=1053 seqmm=1052 chkmm=0 rows=1053
0:3-7:TR1: ABCK ti=6 L=677 seqmm=674 chkmm=0 rows=677
0:6-0:TR1: ABCK ti=7 L=433 seqmm=431 chkmm=0 rows=433
0:10-5:TR1: ABCK ti=6 L=1037 seqmm=1036 chkmm=0 rows=1037
0:10-7:TR1: ABCK ti=7 L=360 seqmm=359 chkmm=0 rows=360
0:6-6:TR1: ABCK ti=6 L=1050 seqmm=1049 chkmm=0 rows=1050
0:7-4:TR1: ABCK ti=7 L=281 seqmm=280 chkmm=0 rows=281
0:8-2:TR1: ABCK ti=6 L=1243 seqmm=1241 chkmm=0 rows=1243
0:10-4:TR1: ABCK ti=8 L=224 seqmm=219 chkmm=0 rows=224
0:4-2:TR1: ABCK ti=7 L=289 seqmm=288 chkmm=0 rows=289
0:4-4:TR1: ABCK ti=6 L=707 seqmm=705 chkmm=0 rows=707
0:5-5:TR1: ABCK ti=7 L=399 seqmm=398 chkmm=0 rows=399
0:7-5:TR1: ABCK ti=7 L=388 seqmm=383 chkmm=0 rows=388
0:8-1:TR1: ABCK ti=8 L=300 seqmm=286 chkmm=0 rows=300
0:4-1:TR1: ABCK ti=6 L=653 seqmm=651 chkmm=0 rows=653
0:6-5:TR1: ABCK ti=7 L=283 seqmm=282 chkmm=0 rows=283
0:6-7:TR1: ABCK ti=7 L=339 seqmm=336 chkmm=0 rows=339
0:9-5:TR1: ABCK ti=8 L=226 seqmm=223 chkmm=0 rows=226
0:9-9:TR1: ABCK ti=7 L=418 seqmm=417 chkmm=0 rows=418
0:10-3:TR1: ABCK ti=8 L=207 seqmm=206 chkmm=0 rows=207
0:10-9:TR1: ABCK ti=8 L=234 seqmm=231 chkmm=0 rows=234
0:4-8:TR1: ABCK ti=9 L=135 seqmm=125 chkmm=0 rows=135
0:8-6:TR1: ABCK ti=8 L=244 seqmm=231 chkmm=0 rows=244
0:9-8:TR1: ABCK ti=8 L=314 seqmm=313 chkmm=0 rows=314
0:7-0:TR1: ABCK ti=6 L=1197 seqmm=1196 chkmm=0 rows=1197
0:8-4:TR1: ABCK ti=7 L=372 seqmm=367 chkmm=0 rows=372
0:8-7:TR1: ABCK ti=7 L=299 seqmm=297 chkmm=0 rows=299
0:6-9:TR1: ABCK ti=7 L=603 seqmm=601 chkmm=0 rows=603
0:7-3:TR1: ABCK ti=8 L=217 seqmm=216 chkmm=0 rows=217
0:10-8:TR1: ABCK ti=7 L=356 seqmm=355 chkmm=0 rows=356
0:7-9:TR1: ABCK ti=7 L=265 seqmm=264 chkmm=0 rows=265
0:8-5:TR1: ABCK ti=7 L=374 seqmm=371 chkmm=0 rows=374
0:9-3:TR1: ABCK ti=8 L=234 seqmm=233 chkmm=0 rows=234
0:0-2:TR1: ABCK ti=3 L=2023 seqmm=2022 chkmm=0 rows=2023
0:5-3:TR1: ABCK ti=9 L=145 seqmm=136 chkmm=0 rows=145
0:6-2:TR1: ABCK ti=6 L=1283 seqmm=1282 chkmm=0 rows=1283
0:8-9:TR1: ABCK ti=9 L=157 seqmm=148 chkmm=0 rows=157
0:5-1:TR1: ABCK ti=7 L=358 seqmm=356 chkmm=0 rows=358
0:6-3:TR1: ABCK ti=8 L=244 seqmm=234 chkmm=0 rows=244
0:8-8:TR1: ABCK ti=7 L=331 seqmm=328 chkmm=0 rows=331
0:4-3:TR1: ABCK ti=7 L=300 seqmm=296 chkmm=0 rows=300
0:5-6:TR1: ABCK ti=7 L=255 seqmm=251 chkmm=0 rows=255
0:10-4:TR1: ABCK ti=9 L=114 seqmm=104 chkmm=0 rows=114
0:4-5:TR1: ABCK ti=7 L=456 seqmm=455 chkmm=0 rows=456
0:4-9:TR1: ABCK ti=8 L=207 seqmm=206 chkmm=0 rows=207
0:6-1:TR1: ABCK ti=7 L=370 seqmm=369 chkmm=0 rows=370
0:5-0:TR1: ABCK ti=7 L=396 seqmm=395 chkmm=0 rows=396
0:5-2:TR1: ABCK ti=8 L=261 seqmm=252 chkmm=0 rows=261
0:10-3:TR1: ABCK ti=9 L=112 seqmm=100 chkmm=0 rows=112
0:3-0:TR1: ABCK ti=6 L=516 seqmm=512 chkmm=0 rows=516
0:9-4:TR1: ABCK ti=7 L=305 seqmm=299 chkmm=0 rows=305
0:9-5:TR1: ABCK ti=9 L=128 seqmm=118 chkmm=0 rows=128
0:2-2:TR1: ABCK ti=5 L=1415 seqmm=1414 chkmm=0 rows=1415
0:9-6:TR1: ABCK ti=7 L=297 seqmm=293 chkmm=0 rows=297
0:9-8:TR1: ABCK ti=9 L=125 seqmm=114 chkmm=0 rows=125
0:10-1:TR1: ABCK ti=6 L=1213 seqmm=1212 chkmm=0 rows=1213
0:10-2:TR1: ABCK ti=7 L=401 seqmm=399 chkmm=0 rows=401
0:3-9:TR1: ABCK ti=6 L=763 seqmm=762 chkmm=0 rows=763
0:5-7:TR1: ABCK ti=7 L=241 seqmm=239 chkmm=0 rows=241
0:8-3:TR1: ABCK ti=8 L=264 seqmm=255 chkmm=0 rows=264
0:9-7:TR1: ABCK ti=6 L=1330 seqmm=1328 chkmm=0 rows=1330
0:10-6:TR1: ABCK ti=8 L=253 seqmm=250 chkmm=0 rows=253
0:4-0:TR1: ABCK ti=7 L=287 seqmm=285 chkmm=0 rows=287
0:6-4:TR1: ABCK ti=7 L=377 seqmm=376 chkmm=0 rows=377
0:7-3:TR1: ABCK ti=9 L=110 seqmm=101 chkmm=0 rows=110
0:10-0:TR1: ABCK ti=8 L=236 seqmm=233 chkmm=0 rows=236
0:3-4:TR1: ABCK ti=6 L=664 seqmm=663 chkmm=0 rows=664
0:3-8:TR1: ABCK ti=7 L=244 seqmm=243 chkmm=0 rows=244
0:4-6:TR1: ABCK ti=8 L=244 seqmm=241 chkmm=0 rows=244
0:7-6:TR1: ABCK ti=8 L=245 seqmm=244 chkmm=0 rows=245
0:7-7:TR1: ABCK ti=8 L=243 seqmm=242 chkmm=0 rows=243
0:5-9:TR1: ABCK ti=7 L=309 seqmm=307 chkmm=0 rows=309
0:7-2:TR1: ABCK ti=7 L=271 seqmm=269 chkmm=0 rows=271
0:7-5:TR1: ABCK ti=8 L=200 seqmm=195 chkmm=0 rows=200
0:3-7:TR1: ABCK ti=7 L=232 seqmm=229 chkmm=0 rows=232
0:4-7:TR1: ABCK ti=8 L=253 seqmm=250 chkmm=0 rows=253
0:6-0:TR1: ABCK ti=8 L=245 seqmm=244 chkmm=0 rows=245
0:5-5:TR1: ABCK ti=8 L=222 seqmm=220 chkmm=0 rows=222
0:10-9:TR1: ABCK ti=9 L=206 seqmm=197 chkmm=0 rows=206
0:2-4:TR1: ABCK ti=6 L=489 seqmm=488 chkmm=0 rows=489
0:9-3:TR1: ABCK ti=9 L=152 seqmm=143 chkmm=0 rows=152
0:2-0:TR1: ABCK ti=5 L=1351 seqmm=1350 chkmm=0 rows=1351
0:2-6:TR1: ABCK ti=6 L=716 seqmm=715 chkmm=0 rows=716
0:3-5:TR1: ABCK ti=6 L=843 seqmm=841 chkmm=0 rows=843
0:9-1:TR1: ABCK ti=7 L=272 seqmm=269 chkmm=0 rows=272
0:10-7:TR1: ABCK ti=8 L=273 seqmm=272 chkmm=0 rows=273
0:3-3:TR1: ABCK ti=6 L=819 seqmm=818 chkmm=0 rows=819
0:6-6:TR1: ABCK ti=7 L=280 seqmm=279 chkmm=0 rows=280
0:9-9:TR1: ABCK ti=8 L=240 seqmm=239 chkmm=0 rows=240
0:2-1:TR1: ABCK ti=5 L=1247 seqmm=1246 chkmm=0 rows=1247
0:4-2:TR1: ABCK ti=8 L=285 seqmm=272 chkmm=0 rows=285
0:6-7:TR1: ABCK ti=8 L=247 seqmm=246 chkmm=0 rows=247
0:7-4:TR1: ABCK ti=8 L=276 seqmm=275 chkmm=0 rows=276
0:9-2:TR1: ABCK ti=7 L=361 seqmm=357 chkmm=0 rows=361
0:3-2:TR1: ABCK ti=6 L=698 seqmm=697 chkmm=0 rows=698
0:7-1:TR1: ABCK ti=7 L=473 seqmm=472 chkmm=0 rows=473
0:2-3:TR1: ABCK ti=5 L=1289 seqmm=1287 chkmm=0 rows=1289
0:2-8:TR1: ABCK ti=7 L=327 seqmm=325 chkmm=0 rows=327
0:7-6:TR1: ABCK ti=9 L=96 seqmm=86 chkmm=0 rows=96
0:7-7:TR1: ABCK ti=9 L=102 seqmm=91 chkmm=0 rows=102
0:8-2:TR1: ABCK ti=7 L=295 seqmm=292 chkmm=0 rows=295
0:8-7:TR1: ABCK ti=8 L=260 seqmm=250 chkmm=0 rows=260
0:10-0:TR1: ABCK ti=9 L=106 seqmm=94 chkmm=0 rows=106
0:2-9:TR1: ABCK ti=6 L=561 seqmm=560 chkmm=0 rows=561
0:4-9:TR1: ABCK ti=9 L=191 seqmm=179 chkmm=0 rows=191
0:5-8:TR1: ABCK ti=7 L=443 seqmm=442 chkmm=0 rows=443
0:8-4:TR1: ABCK ti=8 L=271 seqmm=262 chkmm=0 rows=271
0:1-5:TR1: ABCK ti=5 L=1082 seqmm=1080 chkmm=0 rows=1082
0:4-4:TR1: ABCK ti=7 L=302 seqmm=299 chkmm=0 rows=302
0:1-7:TR1: ABCK ti=5 L=1158 seqmm=1157 chkmm=0 rows=1158
0:4-6:TR1: ABCK ti=9 L=136 seqmm=126 chkmm=0 rows=136
0:1-0:TR1: ABCK ti=5 L=782 seqmm=781 chkmm=0 rows=782
0:2-7:TR1: ABCK ti=6 L=685 seqmm=683 chkmm=0 rows=685
0:6-5:TR1: ABCK ti=8 L=339 seqmm=328 chkmm=0 rows=339
0:6-9:TR1: ABCK ti=8 L=267 seqmm=266 chkmm=0 rows=267
0:7-0:TR1: ABCK ti=7 L=280 seqmm=279 chkmm=0 rows=280
0:0-1:TR1: ABCK ti=3 L=1580 seqmm=1575 chkmm=0 rows=1580
0:1-3:TR1: ABCK ti=5 L=1028 seqmm=1027 chkmm=0 rows=1028
0:1-8:TR1: ABCK ti=5 L=1364 seqmm=1363 chkmm=0 rows=1364
0:5-1:TR1: ABCK ti=8 L=249 seqmm=248 chkmm=0 rows=249
0:10-6:TR1: ABCK ti=9 L=175 seqmm=162 chkmm=0 rows=175
0:1-6:TR1: ABCK ti=5 L=1278 seqmm=1276 chkmm=0 rows=1278
0:4-1:TR1: ABCK ti=7 L=326 seqmm=325 chkmm=0 rows=326
0:5-0:TR1: ABCK ti=8 L=221 seqmm=220 chkmm=0 rows=221
0:5-4:TR1: ABCK ti=7 L=537 seqmm=535 chkmm=0 rows=537
0:8-5:TR1: ABCK ti=8 L=296 seqmm=287 chkmm=0 rows=296
0:4-7:TR1: ABCK ti=9 L=147 seqmm=137 chkmm=0 rows=147
0:6-7:TR1: ABCK ti=9 L=104 seqmm=95 chkmm=0 rows=104
0:7-9:TR1: ABCK ti=8 L=306 seqmm=302 chkmm=0 rows=306
0:9-0:TR1: ABCK ti=8 L=425 seqmm=415 chkmm=0 rows=425
0:3-7:TR1: ABCK ti=8 L=185 seqmm=174 chkmm=0 rows=185
0:3-8:TR1: ABCK ti=8 L=207 seqmm=196 chkmm=0 rows=207
0:5-6:TR1: ABCK ti=8 L=288 seqmm=279 chkmm=0 rows=288
0:9-4:TR1: ABCK ti=8 L=230 seqmm=228 chkmm=0 rows=230
0:4-5:TR1: ABCK ti=8 L=294 seqmm=283 chkmm=0 rows=294
0:9-9:TR1: ABCK ti=9 L=136 seqmm=127 chkmm=0 rows=136
0:0-9:TR1: ABCK ti=5 L=839 seqmm=837 chkmm=0 rows=839
0:9-6:TR1: ABCK ti=8 L=243 seqmm=242 chkmm=0 rows=243
0:4-0:TR1: ABCK ti=8 L=240 seqmm=231 chkmm=0 rows=240
0:4-3:TR1: ABCK ti=8 L=316 seqmm=306 chkmm=0 rows=316
0:3-0:TR1: ABCK ti=7 L=271 seqmm=270 chkmm=0 rows=271
0:5-5:TR1: ABCK ti=9 L=198 seqmm=189 chkmm=0 rows=198
0:6-0:TR1: ABCK ti=9 L=202 seqmm=193 chkmm=0 rows=202
0:10-8:TR1: ABCK ti=8 L=374 seqmm=363 chkmm=0 rows=374
0:0-0:TR1: ABCK ti=2 L=1911 seqmm=1910 chkmm=0 rows=1911
0:3-4:TR1: ABCK ti=7 L=234 seqmm=231 chkmm=0 rows=234
0:5-7:TR1: ABCK ti=8 L=281 seqmm=272 chkmm=0 rows=281
0:5-9:TR1: ABCK ti=8 L=246 seqmm=236 chkmm=0 rows=246
0:7-5:TR1: ABCK ti=9 L=230 seqmm=220 chkmm=0 rows=230
0:10-2:TR1: ABCK ti=8 L=272 seqmm=271 chkmm=0 rows=272
0:10-5:TR1: ABCK ti=7 L=472 seqmm=469 chkmm=0 rows=472
0:3-6:TR1: ABCK ti=6 L=692 seqmm=688 chkmm=0 rows=692
0:6-8:TR1: ABCK ti=7 L=560 seqmm=559 chkmm=0 rows=560
0:7-8:TR1: ABCK ti=7 L=598 seqmm=597 chkmm=0 rows=598
0:8-0:TR1: ABCK ti=7 L=581 seqmm=580 chkmm=0 rows=581
0:0-4:TR1: ABCK ti=5 L=922 seqmm=917 chkmm=0 rows=922
0:6-1:TR1: ABCK ti=8 L=360 seqmm=349 chkmm=0 rows=360
0:6-4:TR1: ABCK ti=8 L=285 seqmm=276 chkmm=0 rows=285
0:10-7:TR1: ABCK ti=9 L=201 seqmm=192 chkmm=0 rows=201
0:1-9:TR1: ABCK ti=5 L=1219 seqmm=1218 chkmm=0 rows=1219
0:6-2:TR1: ABCK ti=7 L=380 seqmm=378 chkmm=0 rows=380
0:7-9:TR1: ABCK ti=9 L=93 seqmm=81 chkmm=0 rows=93
0:10-1:TR1: ABCK ti=7 L=316 seqmm=315 chkmm=0 rows=316
0:3-1:TR1: ABCK ti=6 L=837 seqmm=836 chkmm=0 rows=837
0:5-1:TR1: ABCK ti=9 L=138 seqmm=128 chkmm=0 rows=138
0:7-2:TR1: ABCK ti=8 L=285 seqmm=276 chkmm=0 rows=285
0:2-4:TR1: ABCK ti=7 L=244 seqmm=243 chkmm=0 rows=244
0:2-8:TR1: ABCK ti=8 L=211 seqmm=200 chkmm=0 rows=211
0:6-6:TR1: ABCK ti=8 L=236 seqmm=235 chkmm=0 rows=236
0:7-1:TR1: ABCK ti=8 L=225 seqmm=216 chkmm=0 rows=225
0:9-4:TR1: ABCK ti=9 L=115 seqmm=106 chkmm=0 rows=115
0:6-9:TR1: ABCK ti=9 L=181 seqmm=171 chkmm=0 rows=181
0:9-2:TR1: ABCK ti=8 L=254 seqmm=244 chkmm=0 rows=254
0:0-5:TR1: ABCK ti=5 L=831 seqmm=830 chkmm=0 rows=831
0:5-0:TR1: ABCK ti=9 L=163 seqmm=154 chkmm=0 rows=163
0:4-1:TR1: ABCK ti=8 L=191 seqmm=181 chkmm=0 rows=191
0:4-4:TR1: ABCK ti=8 L=232 seqmm=223 chkmm=0 rows=232
0:7-4:TR1: ABCK ti=9 L=260 seqmm=250 chkmm=0 rows=260
0:2-2:TR1: ABCK ti=6 L=392 seqmm=391 chkmm=0 rows=392
0:2-6:TR1: ABCK ti=7 L=300 seqmm=295 chkmm=0 rows=300
0:2-9:TR1: ABCK ti=7 L=237 seqmm=230 chkmm=0 rows=237
0:5-8:TR1: ABCK ti=8 L=250 seqmm=248 chkmm=0 rows=250
0:8-8:TR1: ABCK ti=8 L=468 seqmm=458 chkmm=0 rows=468
0:9-1:TR1: ABCK ti=8 L=312 seqmm=299 chkmm=0 rows=312
0:0-7:TR1: ABCK ti=5 L=1152 seqmm=1150 chkmm=0 rows=1152
0:0-8:TR1: ABCK ti=5 L=988 seqmm=986 chkmm=0 rows=988
0:3-2:TR1: ABCK ti=7 L=262 seqmm=259 chkmm=0 rows=262
0:1-2:TR1: ABCK ti=5 L=901 seqmm=899 chkmm=0 rows=901
0:1-4:TR1: ABCK ti=5 L=1179 seqmm=1177 chkmm=0 rows=1179
0:5-4:TR1: ABCK ti=8 L=215 seqmm=212 chkmm=0 rows=215
0:9-6:TR1: ABCK ti=9 L=155 seqmm=146 chkmm=0 rows=155
0:10-2:TR1: ABCK ti=9 L=127 seqmm=118 chkmm=0 rows=127
0:3-3:TR1: ABCK ti=7 L=312 seqmm=310 chkmm=0 rows=312
0:3-0:TR1: ABCK ti=8 L=193 seqmm=181 chkmm=0 rows=193
0:3-9:TR1: ABCK ti=7 L=424 seqmm=423 chkmm=0 rows=424
0:8-2:TR1: ABCK ti=8 L=321 seqmm=311 chkmm=0 rows=321
0:6-6:TR1: ABCK ti=9 L=116 seqmm=106 chkmm=0 rows=116
0:1-1:TR1: ABCK ti=5 L=912 seqmm=911 chkmm=0 rows=912
0:7-0:TR1: ABCK ti=8 L=315 seqmm=306 chkmm=0 rows=315
0:7-8:TR1: ABCK ti=8 L=195 seqmm=191 chkmm=0 rows=195
0:3-5:TR1: ABCK ti=7 L=387 seqmm=384 chkmm=0 rows=387
0:6-8:TR1: ABCK ti=8 L=207 seqmm=202 chkmm=0 rows=207
0:10-5:TR1: ABCK ti=8 L=215 seqmm=213 chkmm=0 rows=215
0:2-4:TR1: ABCK ti=8 L=193 seqmm=184 chkmm=0 rows=193
0:1-5:TR1: ABCK ti=6 L=368 seqmm=365 chkmm=0 rows=368
0:3-4:TR1: ABCK ti=8 L=255 seqmm=244 chkmm=0 rows=255
0:9-7:TR1: ABCK ti=7 L=519 seqmm=517 chkmm=0 rows=519
0:2-5:TR1: ABCK ti=6 L=752 seqmm=751 chkmm=0 rows=752
0:8-0:TR1: ABCK ti=8 L=235 seqmm=234 chkmm=0 rows=235
0:1-0:TR1: ABCK ti=6 L=376 seqmm=373 chkmm=0 rows=376
0:2-6:TR1: ABCK ti=8 L=168 seqmm=157 chkmm=0 rows=168
0:6-2:TR1: ABCK ti=8 L=248 seqmm=234 chkmm=0 rows=248
0:2-7:TR1: ABCK ti=7 L=369 seqmm=368 chkmm=0 rows=369
0:5-4:TR1: ABCK ti=9 L=141 seqmm=131 chkmm=0 rows=141
0:5-8:TR1: ABCK ti=9 L=157 seqmm=148 chkmm=0 rows=157
0:7-8:TR1: ABCK ti=9 L=98 seqmm=89 chkmm=0 rows=98
0:0-3:TR1: ABCK ti=5 L=1089 seqmm=1087 chkmm=0 rows=1089
0:2-9:TR1: ABCK ti=8 L=209 seqmm=200 chkmm=0 rows=209
0:10-1:TR1: ABCK ti=8 L=277 seqmm=276 chkmm=0 rows=277
0:0-6:TR1: ABCK ti=5 L=1087 seqmm=1086 chkmm=0 rows=1087
0:2-1:TR1: ABCK ti=6 L=494 seqmm=492 chkmm=0 rows=494
0:3-3:TR1: ABCK ti=8 L=201 seqmm=192 chkmm=0 rows=201
0:8-0:TR1: ABCK ti=9 L=98 seqmm=86 chkmm=0 rows=98
0:0-5:TR1: ABCK ti=6 L=278 seqmm=274 chkmm=0 rows=278
0:10-5:TR1: ABCK ti=9 L=138 seqmm=129 chkmm=0 rows=138
0:0-7:TR1: ABCK ti=6 L=255 seqmm=252 chkmm=0 rows=255
0:2-2:TR1: ABCK ti=7 L=259 seqmm=258 chkmm=0 rows=259
0:6-8:TR1: ABCK ti=9 L=163 seqmm=153 chkmm=0 rows=163
0:3-9:TR1: ABCK ti=8 L=245 seqmm=236 chkmm=0 rows=245
0:3-5:TR1: ABCK ti=8 L=211 seqmm=202 chkmm=0 rows=211
0:3-1:TR1: ABCK ti=7 L=359 seqmm=358 chkmm=0 rows=359
0:3-2:TR1: ABCK ti=8 L=309 seqmm=300 chkmm=0 rows=309
0:0-8:TR1: ABCK ti=6 L=311 seqmm=306 chkmm=0 rows=311
0:2-7:TR1: ABCK ti=8 L=173 seqmm=163 chkmm=0 rows=173
0:10-1:TR1: ABCK ti=9 L=120 seqmm=111 chkmm=0 rows=120
0:0-9:TR1: ABCK ti=6 L=490 seqmm=488 chkmm=0 rows=490
0:2-0:TR1: ABCK ti=6 L=655 seqmm=654 chkmm=0 rows=655
0:2-3:TR1: ABCK ti=6 L=608 seqmm=606 chkmm=0 rows=608
0:9-7:TR1: ABCK ti=8 L=222 seqmm=217 chkmm=0 rows=222
0:0-4:TR1: ABCK ti=6 L=468 seqmm=466 chkmm=0 rows=468
0:1-3:TR1: ABCK ti=6 L=565 seqmm=563 chkmm=0 rows=565
0:1-4:TR1: ABCK ti=6 L=366 seqmm=365 chkmm=0 rows=366
0:1-9:TR1: ABCK ti=6 L=483 seqmm=478 chkmm=0 rows=483
0:1-6:TR1: ABCK ti=6 L=595 seqmm=594 chkmm=0 rows=595
0:1-2:TR1: ABCK ti=6 L=401 seqmm=399 chkmm=0 rows=401
0:2-5:TR1: ABCK ti=7 L=279 seqmm=278 chkmm=0 rows=279
0:3-6:TR1: ABCK ti=7 L=517 seqmm=514 chkmm=0 rows=517
0:1-0:TR1: ABCK ti=7 L=268 seqmm=267 chkmm=0 rows=268
0:1-5:TR1: ABCK ti=7 L=294 seqmm=293 chkmm=0 rows=294
0:1-7:TR1: ABCK ti=6 L=698 seqmm=697 chkmm=0 rows=698
0:1-1:TR1: ABCK ti=6 L=393 seqmm=392 chkmm=0 rows=393
0:1-8:TR1: ABCK ti=6 L=697 seqmm=695 chkmm=0 rows=697
0:3-1:TR1: ABCK ti=8 L=211 seqmm=202 chkmm=0 rows=211
0:2-1:TR1: ABCK ti=7 L=288 seqmm=287 chkmm=0 rows=288
0:1-5:TR1: ABCK ti=8 L=99 seqmm=88 chkmm=0 rows=99
0:0-3:TR1: ABCK ti=6 L=363 seqmm=361 chkmm=0 rows=363
0:0-2:TR1: ABCK ti=4 L=1022 seqmm=1020 chkmm=0 rows=1022
0:0-9:TR1: ABCK ti=7 L=217 seqmm=214 chkmm=0 rows=217
0:1-0:TR1: ABCK ti=8 L=144 seqmm=133 chkmm=0 rows=144
0:2-2:TR1: ABCK ti=8 L=303 seqmm=293 chkmm=0 rows=303
0:9-7:TR1: ABCK ti=9 L=197 seqmm=187 chkmm=0 rows=197
0:0-7:TR1: ABCK ti=7 L=316 seqmm=307 chkmm=0 rows=316
0:0-8:TR1: ABCK ti=7 L=282 seqmm=281 chkmm=0 rows=282
0:2-0:TR1: ABCK ti=7 L=238 seqmm=237 chkmm=0 rows=238
0:0-4:TR1: ABCK ti=7 L=226 seqmm=221 chkmm=0 rows=226
0:0-5:TR1: ABCK ti=7 L=349 seqmm=348 chkmm=0 rows=349
0:2-5:TR1: ABCK ti=8 L=201 seqmm=191 chkmm=0 rows=201
0:2-3:TR1: ABCK ti=7 L=267 seqmm=264 chkmm=0 rows=267
0:3-6:TR1: ABCK ti=8 L=220 seqmm=210 chkmm=0 rows=220
0:1-2:TR1: ABCK ti=7 L=233 seqmm=232 chkmm=0 rows=233
0:0-6:TR1: ABCK ti=6 L=476 seqmm=473 chkmm=0 rows=476
0:1-6:TR1: ABCK ti=7 L=260 seqmm=257 chkmm=0 rows=260
0:1-9:TR1: ABCK ti=7 L=287 seqmm=283 chkmm=0 rows=287
0:0-4:TR1: ABCK ti=8 L=105 seqmm=94 chkmm=0 rows=105
0:0-5:TR1: ABCK ti=8 L=109 seqmm=100 chkmm=0 rows=109
0:1-1:TR1: ABCK ti=7 L=229 seqmm=226 chkmm=0 rows=229
0:1-7:TR1: ABCK ti=7 L=274 seqmm=273 chkmm=0 rows=274
0:0-9:TR1: ABCK ti=8 L=211 seqmm=202 chkmm=0 rows=211
0:1-4:TR1: ABCK ti=7 L=362 seqmm=361 chkmm=0 rows=362
0:2-1:TR1: ABCK ti=8 L=262 seqmm=253 chkmm=0 rows=262
0:0-8:TR1: ABCK ti=8 L=182 seqmm=173 chkmm=0 rows=182
0:0-3:TR1: ABCK ti=7 L=223 seqmm=220 chkmm=0 rows=223
0:1-3:TR1: ABCK ti=7 L=426 seqmm=416 chkmm=0 rows=426
0:1-2:TR1: ABCK ti=8 L=160 seqmm=151 chkmm=0 rows=160
0:2-0:TR1: ABCK ti=8 L=212 seqmm=203 chkmm=0 rows=212
0:1-9:TR1: ABCK ti=8 L=161 seqmm=148 chkmm=0 rows=161
0:1-6:TR1: ABCK ti=8 L=181 seqmm=172 chkmm=0 rows=181
0:1-8:TR1: ABCK ti=7 L=350 seqmm=348 chkmm=0 rows=350
0:1-1:TR1: ABCK ti=8 L=177 seqmm=168 chkmm=0 rows=177
0:0-1:TR1: ABCK ti=4 L=1086 seqmm=1084 chkmm=0 rows=1086
0:0-3:TR1: ABCK ti=8 L=150 seqmm=140 chkmm=0 rows=150
0:0-6:TR1: ABCK ti=7 L=258 seqmm=257 chkmm=0 rows=258
0:1-4:TR1: ABCK ti=8 L=207 seqmm=197 chkmm=0 rows=207
0:2-3:TR1: ABCK ti=8 L=357 seqmm=347 chkmm=0 rows=357
0:1-8:TR1: ABCK ti=8 L=150 seqmm=140 chkmm=0 rows=150
0:0-0:TR1: ABCK ti=3 L=1166 seqmm=1165 chkmm=0 rows=1166
0:0-2:TR1: ABCK ti=5 L=524 seqmm=520 chkmm=0 rows=524
0:0-6:TR1: ABCK ti=8 L=162 seqmm=153 chkmm=0 rows=162
0:1-7:TR1: ABCK ti=8 L=386 seqmm=376 chkmm=0 rows=386
0:0-1:TR1: ABCK ti=5 L=366 seqmm=365 chkmm=0 rows=366
0:0-2:TR1: ABCK ti=6 L=247 seqmm=245 chkmm=0 rows=247
0:0-1:TR1: ABCK ti=6 L=220 seqmm=212 chkmm=0 rows=220
0:0-2:TR1: ABCK ti=7 L=209 seqmm=200 chkmm=0 rows=209
0:0-1:TR1: ABCK ti=7 L=116 seqmm=107 chkmm=0 rows=116
0:0-0:TR1: ABCK ti=4 L=661 seqmm=660 chkmm=0 rows=661
0:0-0:TR1: ABCK ti=5 L=347 seqmm=346 chkmm=0 rows=347
0:0-0:TR1: ABCK ti=6 L=192 seqmm=183 chkmm=0 rows=192
[BLEND_SPLIT] upload=0.4 (attrs=0.0MB ids=0.0MB resident) exec=3799.2 readback=2.7 total=3802.3 ms
[BLEND_ADDR] cull_masks=0xa08ee00 out=0xa269ec0(sz=0x600000) tile_ids=0x54d3ec0 xramp=0xa267ec0 yramp=0xa268ec0 payload=0x0(sz=0x0)
[BLEND_DEVICE] resident_blend=3885.6 ms (host_build=0)
[BUCKET_CULL] P_kept=3369033 tiles=1024 floor=6.10352e-05 cull_disabled=0 exec=73.88ms
[SORT] stage=RP P=3369033 P_kept=3369033 num_tiles=1024 max_tile_n=26544 bin=16.13 up=0.42 kernel=7.45 d2h=7.12 compact=0.00 publish=1.30 total=108.54ms
[BUCKET_CULL] P_kept=3369033 tiles=1024 floor=6.10352e-05 cull_disabled=0 exec=73.96ms
[SORT] stage=RP P=3369033 P_kept=3369033 num_tiles=1024 max_tile_n=26544 bin=16.06 up=0.42 kernel=7.48 d2h=7.14 compact=0.00 publish=1.32 total=108.70ms
SUMMARY backend=tt blend_mode=2 views=1 hero_vs_gt=42.57dB hero_vs_ref=44.68dB min_vs_ref=44.68dB min_vs_gt=42.57dB ms/view=4080.0 (proj=58.7 ta=35.8 sort=99.4 blend=3885.8) shot=opt/metal-screenshots/loop-ttw/hero.png
=====RESULT=====
hero_vs_ref=44.68
=====SUMMARY=====
SUMMARY backend=tt blend_mode=2 views=1 hero_vs_gt=42.57dB hero_vs_ref=44.68dB min_vs_ref=44.68dB min_vs_gt=42.57dB ms/view=4080.0 (proj=58.7 ta=35.8 sort=99.4 blend=3885.8) shot=opt/metal-screenshots/loop-ttw/hero.png
=====ABCK=====
0:10-9:TR1: ABCK ti=0 L=8246 seqmm=8245 chkmm=8246 rows=8246
0:10-8:TR1: ABCK ti=0 L=8284 seqmm=8283 chkmm=8284 rows=8284
0:10-6:TR1: ABCK ti=0 L=8353 seqmm=8352 chkmm=8353 rows=8353
0:10-7:TR1: ABCK ti=0 L=8360 seqmm=8359 chkmm=8360 rows=8360
0:10-3:TR1: ABCK ti=0 L=8378 seqmm=8377 chkmm=8378 rows=8378
0:10-5:TR1: ABCK ti=0 L=8389 seqmm=8388 chkmm=8389 rows=8389
0:10-4:TR1: ABCK ti=0 L=8424 seqmm=8423 chkmm=8424 rows=8424
0:10-2:TR1: ABCK ti=0 L=8444 seqmm=8443 chkmm=8444 rows=8444
0:10-1:TR1: ABCK ti=0 L=8528 seqmm=8527 chkmm=8528 rows=8528
0:10-0:TR1: ABCK ti=0 L=8527 seqmm=8526 chkmm=8527 rows=8527
0:9-9:TR1: ABCK ti=0 L=8574 seqmm=8573 chkmm=8574 rows=8574
0:9-8:TR1: ABCK ti=0 L=8680 seqmm=8679 chkmm=8680 rows=8680
0:9-7:TR1: ABCK ti=0 L=8760 seqmm=8759 chkmm=8760 rows=8760
0:9-5:TR1: ABCK ti=0 L=9093 seqmm=9092 chkmm=9093 rows=9093
0:9-6:TR1: ABCK ti=0 L=9101 seqmm=9100 chkmm=9101 rows=9101
0:9-3:TR1: ABCK ti=0 L=9159 seqmm=9158 chkmm=9159 rows=9159
0:9-4:TR1: ABCK ti=0 L=9216 seqmm=9215 chkmm=9216 rows=9216
0:9-1:TR1: ABCK ti=0 L=9293 seqmm=9292 chkmm=9293 rows=9293
0:9-2:TR1: ABCK ti=0 L=9266 seqmm=9265 chkmm=9266 rows=9266
0:9-0:TR1: ABCK ti=0 L=9302 seqmm=9301 chkmm=9302 rows=9302
=====ABVAL=====
0:0-0:TR1: ABVAL ti=0 g=0 seq=0 chk_ok=0 r0=1185344268 r10=4294967295
0:0-0:TR1: ABVAL ti=0 g=1 seq=0 chk_ok=0 r0=1186158284 r10=0
0:0-1:TR1: ABVAL ti=0 g=0 seq=0 chk_ok=0 r0=1185344268 r10=4294967295
0:0-1:TR1: ABVAL ti=0 g=1 seq=0 chk_ok=0 r0=1186158284 r10=0
0:0-2:TR1: ABVAL ti=0 g=0 seq=0 chk_ok=0 r0=1185344268 r10=4294967295
0:0-2:TR1: ABVAL ti=0 g=1 seq=0 chk_ok=0 r0=1186158284 r10=0
0:0-3:TR1: ABVAL ti=0 g=0 seq=0 chk_ok=0 r0=1185344268 r10=4294967295
0:0-3:TR1: ABVAL ti=0 g=1 seq=0 chk_ok=0 r0=1183906997 r10=288849919
0:0-4:TR1: ABVAL ti=0 g=0 seq=0 chk_ok=0 r0=1185344268 r10=4294967283
0:0-4:TR1: ABVAL ti=0 g=1 seq=0 chk_ok=0 r0=1169335022 r10=0
0:0-5:TR1: ABVAL ti=0 g=0 seq=0 chk_ok=0 r0=1179839936 r10=0
0:0-5:TR1: ABVAL ti=0 g=1 seq=0 chk_ok=0 r0=1170913011 r10=3438215167
