================ BUILD ID ================
  cpp : #91 sha=ed9ba50 bin=151d79e9ef8fcec4 iter29 probe+CB fence
  data: # sha= 
=========================================
host=yyzo-bh-03  tag=fix-backpressure  timeout=700s  worry=600s  ts=2026-06-01T18:57:19-0700
cmd: export TT_METAL_HOME=/localdev/smarton/tt-metal TT_METAL_RUNTIME_ROOT=/localdev/smarton/tt-metal TT_METAL_CACHE=/localdev/smarton/.cache/tt-metal-cache TT_METAL_ARCH_NAME=blackhole MESH_DEVICE=P100 TT_METAL_DPRINT_CORES=all GSPLAT_TT_BLEND_MODE=2 GSPLAT_TT_MB_KERNEL=1 GSPLAT_TT_MB_DEVCULL=1 GSPLAT_TT_DEVICE_PROJECT=1 GSPLAT_TT_RESIDENT_PROJECT=1 GSPLAT_TT_RESIDENT_GATHER=1 GSPLAT_TT_DEVICE_TILE_ASSIGN=1 GSPLAT_TT_RESIDENT_TA_IN=1 GSPLAT_TT_DEVICE_SORT=1 GSPLAT_TT_RESIDENT_PAIRS=1 GSPLAT_TT_RESIDENT_BLEND=1 GSPLAT_TT_SORT_DEVICE_PUBLISH=1 GSPLAT_TT_TA_DEVICE_SCAN=1 GSPLAT_TT_SFPU_CULL=1 GSPLAT_TT_FUSED_TILE=0 GSPLAT_TT_TILE_BUCKET=1 GSPLAT_TT_BUCKET_MASK=1 GSPLAT_TT_BUCKET_AB_PROBE=1 GSPLAT_TT_BUCKET_CB_FENCE=1 GSPLAT_TT_MB_TIMING=1; source .venv/bin/activate 2>/dev/null; .venv/bin/python3 scripts/a003_verify.py --views 1 --iter-dir loop-ttw --out opt/ttw/fix.json 2>&1 | tee /tmp/ttw_fixbp.log; echo "=====RESULT====="; grep -oE "hero_vs_ref=[0-9.]+" /tmp/ttw_fixbp.log | tail -1; echo "=====SUMMARY====="; grep "^SUMMARY" /tmp/ttw_fixbp.log | tail -1; echo "=====ABCK====="; grep -E "ABCK" /tmp/ttw_fixbp.log | head -20; echo "=====ABVAL====="; grep -E "ABVAL" /tmp/ttw_fixbp.log | head -12
-----------------------------------------
BUILD-ID VERIFY OK: cpp#91 bin=151d79e9ef8fcec4 matches the built+stamped artifact
2026-06-02 01:57:21.808 | info     |             UMD | Creating TopologyDiscovery for architecture: blackhole (topology_discovery.cpp:75)
2026-06-02 01:57:21.808 | info     |             UMD | Starting topology discovery. (topology_discovery.cpp:92)
2026-06-02 01:57:21.808 | warning  |             UMD | Low power mode is disabled while UMD holds open file descriptors. The device will return to low power mode once all file descriptors are closed. (topology_discovery.cpp:143)
2026-06-02 01:57:21.808 | warning  |             UMD | KMD version 2.4.1 does not support power state management. (pci_device.cpp:1067)
2026-06-02 01:57:21.808 | info     |             UMD | Established firmware bundle version: 18.12.1 (topology_discovery.cpp:544)
2026-06-02 01:57:21.808 | info     |             UMD | Completed topology discovery. (topology_discovery.cpp:96)
2026-06-02 01:57:21.808 | info     |          Device | Opening user mode device driver (tt_cluster.cpp:225)
2026-06-02 01:57:21.808 | info     |             UMD | Cluster constructor started. (cluster.cpp:317)
2026-06-02 01:57:21.808 | info     |             UMD | Creating TopologyDiscovery for architecture: blackhole (topology_discovery.cpp:75)
2026-06-02 01:57:21.808 | info     |             UMD | Starting topology discovery. (topology_discovery.cpp:92)
2026-06-02 01:57:21.809 | warning  |             UMD | Low power mode is disabled while UMD holds open file descriptors. The device will return to low power mode once all file descriptors are closed. (topology_discovery.cpp:143)
2026-06-02 01:57:21.809 | warning  |             UMD | KMD version 2.4.1 does not support power state management. (pci_device.cpp:1067)
2026-06-02 01:57:21.809 | info     |             UMD | Established firmware bundle version: 18.12.1 (topology_discovery.cpp:544)
2026-06-02 01:57:21.809 | info     |             UMD | Completed topology discovery. (topology_discovery.cpp:96)
2026-06-02 01:57:21.809 | info     |             UMD | Harvesting masks for Chip 0: Tensix: 0xc0 DRAM: 0x8 ETH: 0x3fff PCIe: 0x2 L2CPU: 0x0 (cluster.cpp:270)
2026-06-02 01:57:21.809 | info     |             UMD | Initializing iommu for sysmem (size: 0x40000000). (silicon_sysmem_manager.cpp:334)
2026-06-02 01:57:21.809 | info     |             UMD | Allocating sysmem for IOMMU (size: 0x40000000). (silicon_sysmem_manager.cpp:340)
2026-06-02 01:57:21.848 | warning  |             UMD | KMD version 2.4.1 does not support power state management. (pci_device.cpp:1067)
2026-06-02 01:57:21.848 | info     |             UMD | Opening local chip ids/PCIe ids: {0}/[0] and remote chip ids {} (cluster.cpp:159)
2026-06-02 01:57:21.848 | info     |             UMD | IOMMU: enabled (cluster.cpp:133)
2026-06-02 01:57:21.848 | info     |             UMD | KMD version: 2.4.1 (cluster.cpp:136)
2026-06-02 01:57:21.848 | info     |             UMD | Cluster constructor completed. (cluster.cpp:409)
2026-06-02 01:57:21.850 | info     |             UMD | Starting devices in cluster (cluster.cpp:1044)
2026-06-02 01:57:21.850 | info     |             UMD | Mapped sysmem without hugepages to IOVA 0x80000000; NOC address 0x1000000000000000 (silicon_sysmem_manager.cpp:391)
2026-06-02 01:57:21.851 | info     |             UMD | Starting devices in cluster completed. (cluster.cpp:1052)
2026-06-02 01:57:22.338 | info     |     Distributed | Using auto discovery to generate mesh graph. (metal_env.cpp:332)
2026-06-02 01:57:22.338 | info     |     Distributed | Constructing control plane using auto-discovery (no mesh graph descriptor). (metal_env.cpp:394)
2026-06-02 01:57:22.338 | info     |             UMD | Creating TopologyDiscovery for architecture: blackhole (topology_discovery.cpp:75)
2026-06-02 01:57:22.338 | info     |             UMD | Starting topology discovery. (topology_discovery.cpp:92)
2026-06-02 01:57:22.338 | warning  |             UMD | Low power mode is disabled while UMD holds open file descriptors. The device will return to low power mode once all file descriptors are closed. (topology_discovery.cpp:143)
2026-06-02 01:57:22.338 | warning  |             UMD | KMD version 2.4.1 does not support power state management. (pci_device.cpp:1067)
2026-06-02 01:57:22.339 | info     |             UMD | Established firmware bundle version: 18.12.1 (topology_discovery.cpp:544)
2026-06-02 01:57:22.339 | info     |             UMD | Completed topology discovery. (topology_discovery.cpp:96)
2026-06-02 01:57:22.339 | warning  |          Always | Unknown motherboard 'X670E GAMING PLUS WIFI (MS-7E16)' for chip_id=0 (bus_id=0x1) — defaulting tray_id to 0. Add this motherboard and its bus IDs to mobo_to_bus_ids in physical_system_discovery.cpp. (physical_system_discovery.cpp:62)
2026-06-02 01:57:22.339 | info     |          Fabric | TopologyMapper: Logical Multi-Mesh Adjacency Map: (topology_mapper.cpp:1474)
2026-06-02 01:57:22.339 | info     |          Fabric | 
=== Logical Mesh-Level Graph Adjacency Map ===
Total nodes: 1
Degree histogram: {0:1}
 (topology_solver.tpp:94)
2026-06-02 01:57:22.339 | info     |          Fabric | 
=== Logical Mesh 0 Internal Graph Adjacency Map ===
Total nodes: 1
Degree histogram: {0:1}
 (topology_solver.tpp:94)
2026-06-02 01:57:22.339 | info     |          Fabric | TopologyMapper: Physical Multi-Mesh Adjacency Map: (topology_mapper.cpp:1485)
2026-06-02 01:57:22.339 | info     |          Fabric | 
=== Physical Mesh-Level Graph Adjacency Map ===
Total nodes: 1
Degree histogram: {0:1}
 (topology_solver.tpp:94)
2026-06-02 01:57:22.339 | info     |          Fabric | 
=== Physical Mesh 0 Internal Graph Adjacency Map ===
Total nodes: 1
Degree histogram: {0:1}
 (topology_solver.tpp:94)
2026-06-02 01:57:22.339 | info     |          Fabric | Starting multi-mesh mapping: 1 logical mesh(es) to 1 physical mesh(es) (topology_mapper_utils.cpp:1469)
2026-06-02 01:57:22.339 | info     |          Fabric | Multi-mesh mapping attempt 1/2: Trying inter-mesh mapping (topology_mapper_utils.cpp:1510)
2026-06-02 01:57:22.339 | info     |          Fabric | Attempt 1: Inter-mesh mapping succeeded, found 1 mesh pair(s) (topology_mapper_utils.cpp:1539)
2026-06-02 01:57:22.339 | info     |          Fabric | Attempt 1: Mapping 1 mesh pair(s) (topology_mapper_utils.cpp:1547)
2026-06-02 01:57:22.339 | info     |          Fabric | Attempt 1: Mapping mesh 0 -> 0 (topology_mapper_utils.cpp:1554)
2026-06-02 01:57:22.339 | info     |          Fabric | Multi-mesh mapping succeeded after 1 attempt(s): 1 mesh pair(s) mapped (topology_mapper_utils.cpp:1686)
2026-06-02 01:57:22.349 | warning  |           Metal | DPRINT is deprecated and will be removed in a future release. Please migrate to DEVICE_PRINT by:
  1. Replace #include "api/debug/dprint.h" with #include "api/debug/device_print.h" in your kernels
  2. Replace DPRINT << ... << ENDL() with DEVICE_PRINT("...\n", args)
  3. Set TT_METAL_DEVICE_PRINT=1 to enable the new DEVICE_PRINT system
For more information, see the DEVICE_PRINT documentation. (metal_context.cpp:249)
2026-06-02 01:57:22.421 | info     |           Metal | DPRINT enabled on device 0, all worker cores. (dprint_server.cpp:855)
2026-06-02 01:57:22.422 | info     |           Metal | DPRINT Server attached device 0 (dprint_server.cpp:950)
2026-06-02 01:57:22.574 | info     |           Metal | ShmResourceTracker: removed stale shm '/tt_d2h_51063_1467325844_0' (shm_resource_tracker.cpp:265)
2026-06-02 01:57:22.574 | info     |           Metal | ShmResourceTracker: removed stale manifest '/dev/shm/tt_socket_manifest_51063' (shm_resource_tracker.cpp:275)
2026-06-02 01:57:22.574 | info     |           Metal | ShmResourceTracker: removed orphaned shm '/tt_device_7490744194894819707_memory' (shm_resource_tracker.cpp:282)
0:11-0:BR: prefetcher_11: start
0:11-1:BR: dispatch_11: start
0:11-1:NC: dispatch_s : start
0:11-9:BR: REALTIME BRISC: kernel started
0:11-9:BR: REALTIME: sync_request detected!
0:11-9:BR: REALTIME: entering sync
0:11-9:BR: REALTIME: sync got host_time=259007177
0:11-9:BR: REALTIME: sync pushed count=1
0:11-9:BR: REALTIME: sync got host_time=283486751
0:11-9:BR: REALTIME: sync pushed count=2
0:11-9:BR: REALTIME: sync got host_time=307977182
0:11-9:BR: REALTIME: sync pushed count=3
0:11-9:BR: REALTIME: sync got host_time=332452855
0:11-9:BR: REALTIME: sync pushed count=4
0:11-9:BR: REALTIME: sync got host_time=356930126
0:11-9:BR: REALTIME: sync pushed count=5
0:11-9:BR: REALTIME: sync got host_time=381409042
0:11-9:BR: REALTIME: sync pushed count=6
0:11-9:BR: REALTIME: sync got host_time=405885044
0:11-9:BR: REALTIME: sync pushed count=7
0:11-9:BR: REALTIME: sync got host_time=430356534
0:11-9:BR: REALTIME: sync pushed count=8
0:11-9:BR: REALTIME: sync got host_time=454830515
0:11-9:BR: REALTIME: sync pushed count=9
0:11-9:BR: REALTIME: sync got host_time=479307974
0:11-9:BR: REALTIME: sync pushed count=10
0:11-9:BR: REALTIME: sync got host_time=503784446
0:11-9:BR: REALTIME: sync pushed count=11
0:11-9:BR: REALTIME: sync got host_time=528260166
0:11-9:BR: REALTIME: sync pushed count=12
0:11-9:BR: REALTIME: sync got host_time=552733442
0:11-9:BR: REALTIME: sync pushed count=13
0:11-9:BR: REALTIME: sync got host_time=577208739
0:11-9:BR: REALTIME: sync pushed count=14
0:11-9:BR: REALTIME: sync got host_time=601685728
0:11-9:BR: REALTIME: sync pushed count=15
0:11-9:BR: REALTIME: sync got host_time=626161166
0:11-9:BR: REALTIME: sync pushed count=16
0:11-9:BR: REALTIME: sync got host_time=650637215
0:11-9:BR: REALTIME: sync pushed count=17
0:11-9:BR: REALTIME: sync got host_time=675110350
0:11-9:BR: REALTIME: sync pushed count=18
0:11-9:BR: REALTIME: sync got host_time=699586775
0:11-9:BR: REALTIME: sync pushed count=19
0:11-9:BR: REALTIME: sync got host_time=724064093
0:11-9:BR: REALTIME: sync pushed count=20
0:11-9:BR: REALTIME: sync got host_time=748540189
0:11-9:BR: REALTIME: sync pushed count=21
0:11-9:BR: REALTIME: sync got host_time=773016567
0:11-9:BR: REALTIME: sync pushed count=22
0:11-9:BR: REALTIME: sync got host_time=797488339
0:11-9:BR: REALTIME: sync pushed count=23
0:11-9:BR: REALTIME: sync got host_time=821962179
0:11-9:BR: REALTIME: sync pushed count=24
0:11-9:BR: REALTIME: sync got host_time=846440155
0:11-9:BR: REALTIME: sync pushed count=25
0:11-9:BR: REALTIME: sync got host_time=870914982
0:11-9:BR: REALTIME: sync pushed count=26
0:11-9:BR: REALTIME: sync got host_time=895387929
0:11-9:BR: REALTIME: sync pushed count=27
0:11-9:BR: REALTIME: sync got host_time=919864636
0:11-9:BR: REALTIME: sync pushed count=28
0:11-9:BR: REALTIME: sync got host_time=944339933
0:11-9:BR: REALTIME: sync pushed count=29
0:11-9:BR: REALTIME: sync got host_time=968814760
0:11-9:BR: REALTIME: sync pushed count=30
0:11-9:BR: REALTIME: sync got host_time=993292877
0:11-9:BR: REALTIME: sync pushed count=31
0:11-9:BR: REALTIME: sync got host_time=1017768785
0:11-9:BR: REALTIME: sync pushed count=32
0:11-9:BR: REALTIME: sync got host_time=1042241920
0:11-9:BR: REALTIME: sync pushed count=33
0:11-9:BR: REALTIME: sync got host_time=1066718956
0:11-9:BR: REALTIME: sync pushed count=34
0:11-9:BR: REALTIME: sync got host_time=1091193125
0:11-9:BR: REALTIME: sync pushed count=35
0:11-9:BR: REALTIME: sync got host_time=1115667529
0:11-9:BR: REALTIME: sync pushed count=36
0:11-9:BR: REALTIME: sync got host_time=1140142779
0:11-9:BR: REALTIME: sync pushed count=37
0:11-9:BR: REALTIME: sync got host_time=1164617371
0:11-9:BR: REALTIME: sync pushed count=38
0:11-9:BR: REALTIME: sync got host_time=1189094454
0:11-9:BR: REALTIME: sync pushed count=39
0:11-9:BR: REALTIME: sync got host_time=1213569187
0:11-9:BR: REALTIME: sync pushed count=40
0:11-9:BR: REALTIME: sync got host_time=1238045283
0:11-9:BR: REALTIME: sync pushed count=41
0:11-9:BR: REALTIME: sync got host_time=1262521332
0:11-9:BR: REALTIME: sync pushed count=42
0:11-9:BR: REALTIME: sync got host_time=1286992258
0:11-9:BR: REALTIME: sync pushed count=43
0:11-9:BR: REALTIME: sync got host_time=1311467085
0:11-9:BR: REALTIME: sync pushed count=44
0:11-9:BR: REALTIME: sync got host_time=1335942758
0:11-9:BR: REALTIME: sync pushed count=45
0:11-9:BR: REALTIME: sync got host_time=1360418478
0:11-9:BR: REALTIME: sync pushed count=46
0:11-9:BR: REALTIME: sync got host_time=1384896877
0:11-9:BR: REALTIME: sync pushed count=47
0:11-9:BR: REALTIME: sync got host_time=1409373725
0:11-9:BR: REALTIME: sync pushed count=48
0:11-9:BR: REALTIME: sync got host_time=1433849398
0:11-9:BR: REALTIME: sync pushed count=49
0:11-9:BR: REALTIME: sync got host_time=1458325776
0:11-9:BR: REALTIME: sync pushed count=50
0:11-9:BR: REALTIME: sync got host_time=1482799851
0:11-9:BR: REALTIME: sync pushed count=51
0:11-9:BR: REALTIME: sync got host_time=1507275148
0:11-9:BR: REALTIME: sync pushed count=52
0:11-9:BR: REALTIME: sync got host_time=1531750539
0:11-9:BR: REALTIME: sync pushed count=53
0:11-9:BR: REALTIME: sync got host_time=1556228045
0:11-9:BR: REALTIME: sync pushed count=54
0:11-9:BR: REALTIME: sync got host_time=1580703107
0:11-9:BR: REALTIME: sync pushed count=55
0:11-9:BR: REALTIME: sync got host_time=1605179062
0:11-9:BR: REALTIME: sync pushed count=56
0:11-9:BR: REALTIME: sync got host_time=1629650740
0:11-9:BR: REALTIME: sync pushed count=57
0:11-9:BR: REALTIME: sync got host_time=1654122747
0:11-9:BR: REALTIME: sync pushed count=58
0:11-9:BR: REALTIME: sync got host_time=1678594002
0:11-9:BR: REALTIME: sync pushed count=59
0:11-9:BR: REALTIME: sync got host_time=1703071743
0:11-9:BR: REALTIME: sync pushed count=60
0:11-9:BR: REALTIME: sync got host_time=1727549343
0:11-9:BR: REALTIME: sync pushed count=61
0:11-9:BR: REALTIME: sync got host_time=1752026332
0:11-9:BR: REALTIME: sync pushed count=62
0:11-9:BR: REALTIME: sync got host_time=1776505342
0:11-9:BR: REALTIME: sync pushed count=63
0:11-9:BR: REALTIME: sync got host_time=1800976597
0:11-9:BR: REALTIME: sync pushed count=64
0:11-9:BR: REALTIME: sync got host_time=1825447758
0:11-9:BR: REALTIME: sync pushed count=65
0:11-9:BR: REALTIME: sync got host_time=1849925875
0:11-9:BR: REALTIME: sync pushed count=66
0:11-9:BR: REALTIME: sync got host_time=1874416964
0:11-9:BR: REALTIME: sync pushed count=67
0:11-9:BR: REALTIME: sync got host_time=1898889253
0:11-9:BR: REALTIME: sync pushed count=68
0:11-9:BR: REALTIME: sync got host_time=1923364409
0:11-9:BR: REALTIME: sync pushed count=69
0:11-9:BR: REALTIME: sync got host_time=1947839847
0:11-9:BR: REALTIME: sync pushed count=70
0:11-9:BR: REALTIME: sync got host_time=1972315755
0:11-9:BR: REALTIME: sync pushed count=71
0:11-9:BR: REALTIME: sync got host_time=1996791146
0:11-9:BR: REALTIME: sync pushed count=72
0:11-9:BR: REALTIME: sync got host_time=2021264234
0:11-9:BR: REALTIME: sync pushed count=73
0:11-9:BR: REALTIME: sync got host_time=2045739860
0:11-9:BR: REALTIME: sync pushed count=74
0:11-9:BR: REALTIME: sync got host_time=2070215439
0:11-9:BR: REALTIME: sync pushed count=75
0:11-9:BR: REALTIME: sync got host_time=2094690172
0:11-9:BR: REALTIME: sync pushed count=76
0:11-9:BR: REALTIME: sync got host_time=2119164294
0:11-9:BR: REALTIME: sync pushed count=77
0:11-9:BR: REALTIME: sync got host_time=2143635549
0:11-9:BR: REALTIME: sync pushed count=78
0:11-9:BR: REALTIME: sync got host_time=2168106005
0:11-9:BR: REALTIME: sync pushed count=79
0:11-9:BR: REALTIME: sync got host_time=2192575897
0:11-9:BR: REALTIME: sync pushed count=80
0:11-9:BR: REALTIME: sync got host_time=2217047293
0:11-9:BR: REALTIME: sync pushed count=81
0:11-9:BR: REALTIME: sync got host_time=2241518454
0:11-9:BR: REALTIME: sync pushed count=82
0:11-9:BR: REALTIME: sync got host_time=2265989756
0:11-9:BR: REALTIME: sync pushed count=83
0:11-9:BR: REALTIME: sync got host_time=2290461293
0:11-9:BR: REALTIME: sync pushed count=84
0:11-9:BR: REALTIME: sync got host_time=2314930010
0:11-9:BR: REALTIME: sync pushed count=85
0:11-9:BR: REALTIME: sync got host_time=2339407140
0:11-9:BR: REALTIME: sync pushed count=86
0:11-9:BR: REALTIME: sync got host_time=2363879053
0:11-9:BR: REALTIME: sync pushed count=87
0:11-9:BR: REALTIME: sync got host_time=2388350731
0:11-9:BR: REALTIME: sync pushed count=88
0:11-9:BR: REALTIME: sync got host_time=2412821939
0:11-9:BR: REALTIME: sync pushed count=89
0:11-9:BR: REALTIME: sync got host_time=2437292019
0:11-9:BR: REALTIME: sync pushed count=90
0:11-9:BR: REALTIME: sync got host_time=2461760172
0:11-9:BR: REALTIME: sync pushed count=91
0:11-9:BR: REALTIME: sync got host_time=2486229876
0:11-9:BR: REALTIME: sync pushed count=92
0:11-9:BR: REALTIME: sync got host_time=2510698734
0:11-9:BR: REALTIME: sync pushed count=93
0:11-9:BR: REALTIME: sync got host_time=2535166981
0:11-9:BR: REALTIME: sync pushed count=94
0:11-9:BR: REALTIME: sync got host_time=2559635322
0:11-9:BR: REALTIME: sync pushed count=95
0:11-9:BR: REALTIME: sync got host_time=2584103475
0:11-9:BR: REALTIME: sync pushed count=96
0:11-9:BR: REALTIME: sync got host_time=2608572662
0:11-9:BR: REALTIME: sync pushed count=97
0:11-9:BR: REALTIME: sync got host_time=2633039922
0:11-9:BR: REALTIME: sync pushed count=98
0:11-9:BR: REALTIME: sync got host_time=2657513057
0:11-9:BR: REALTIME: sync pushed count=99
0:11-9:BR: REALTIME: sync got host_time=2681813561
0:11-9:BR: REALTIME: sync pushed count=100
2026-06-02 01:57:23.157 | info     |           Metal | [Real-time profiler] Device 0 sync complete: 100 samples, frequency=1.349980 GHz, device_time_at_sync=16023298519461 cycles (realtime_profiler_manager.cpp:1082)
0:11-9:BR: REALTIME: sync got host_time=2706281291
0:11-9:BR: REALTIME: sync pushed count=101
0:11-9:BR: REALTIME: exiting sync, total=101
0:11-9:BR: REALTIME: sync_request detected!
0:11-9:BR: REALTIME: entering sync
0:11-9:BR: REALTIME: sync got host_time=1549556828
0:11-9:BR: REALTIME: sync pushed count=1
0:11-9:BR: REALTIME: exiting sync, total=1
0:11-9:BR: REALTIME: sync_request detected!
0:11-9:BR: REALTIME: entering sync
0:11-9:BR: REALTIME: sync got host_time=244928412
0:11-9:BR: REALTIME: sync pushed count=1
0:11-9:BR: REALTIME: exiting sync, total=1
[BUCKET_CULL] P_kept=3369033 tiles=1024 floor=6.10352e-05 cull_disabled=0 exec=86.35ms
[SORT] stage=RP P=3369033 P_kept=3369033 num_tiles=1024 max_tile_n=26544 bin=18.17 up=0.43 kernel=9.14 d2h=0.00 compact=0.00 publish=2.85 total=117.17ms
[CULL_SPLIT] candidates=3369033 masks=12.88MB exec=90.9 ms masks_addr=0xa08ee00 end=0xad70280 base_addr=0x9eb5600
0:0-0:TR1: ABVAL ti=0 g=0 seq=0 chk_ok=0 r0=1185344268 r10=4294967295
0:0-0:TR1: ABVAL ti=0 g=1 seq=0 chk_ok=0 r0=1186158284 r10=0
0:0-1:TR1: ABVAL ti=0 g=0 seq=0 chk_ok=0 r0=1185344268 r10=4294967295
0:0-1:TR1: ABVAL ti=0 g=1 seq=0 chk_ok=0 r0=1186158284 r10=0
0:0-2:TR1: ABVAL ti=0 g=0 seq=0 chk_ok=0 r0=1185344268 r10=4294967295
0:0-2:TR1: ABVAL ti=0 g=1 seq=0 chk_ok=0 r0=1186158284 r10=0
0:0-3:TR1: ABVAL ti=0 g=0 seq=0 chk_ok=0 r0=1185344268 r10=4294967295
0:0-3:TR1: ABVAL ti=0 g=1 seq=0 chk_ok=0 r0=1183906997 r10=288849919
0:0-4:TR1: ABVAL ti=0 g=0 seq=0 chk_ok=0 r0=1185344268 r10=4294967283
0:0-4:TR1: ABVAL ti=0 g=1 seq=0 chk_ok=0 r0=1169335022 r10=0
0:0-5:TR1: ABVAL ti=0 g=0 seq=0 chk_ok=0 r0=1179839936 r10=0
0:0-5:TR1: ABVAL ti=0 g=1 seq=0 chk_ok=0 r0=1170913011 r10=3438215167
0:0-6:TR1: ABVAL ti=0 g=0 seq=0 chk_ok=0 r0=1170913011 r10=4294967295
0:0-6:TR1: ABVAL ti=0 g=1 seq=0 chk_ok=0 r0=1148973443 r10=4294967295
0:0-7:TR1: ABVAL ti=0 g=0 seq=0 chk_ok=0 r0=1178825243 r10=0
0:0-7:TR1: ABVAL ti=0 g=1 seq=0 chk_ok=0 r0=1179839936 r10=0
0:0-8:TR1: ABVAL ti=0 g=0 seq=0 chk_ok=0 r0=1178825243 r10=4294967295
0:0-8:TR1: ABVAL ti=0 g=1 seq=0 chk_ok=0 r0=1183906997 r10=4294967295
0:0-9:TR1: ABVAL ti=0 g=0 seq=0 chk_ok=0 r0=1178825243 r10=4294967295
0:0-9:TR1: ABVAL ti=0 g=1 seq=0 chk_ok=0 r0=1186158284 r10=0
0:1-0:TR1: ABVAL ti=0 g=0 seq=0 chk_ok=0 r0=1170913011 r10=4294967295
0:1-0:TR1: ABVAL ti=0 g=1 seq=0 chk_ok=0 r0=1148973443 r10=4294967295
0:1-1:TR1: ABVAL ti=0 g=0 seq=0 chk_ok=0 r0=1185344268 r10=4281401344
0:1-1:TR1: ABVAL ti=0 g=1 seq=0 chk_ok=0 r0=1156994112 r10=0
0:1-2:TR1: ABVAL ti=0 g=0 seq=0 chk_ok=0 r0=1178825243 r10=1048575
0:1-2:TR1: ABVAL ti=0 g=1 seq=0 chk_ok=0 r0=1186158284 r10=0
0:1-3:TR1: ABVAL ti=0 g=0 seq=0 chk_ok=0 r0=1170913011 r10=4294967295
0:1-3:TR1: ABVAL ti=0 g=1 seq=0 chk_ok=0 r0=1148973443 r10=4294967295
0:1-4:TR1: ABVAL ti=0 g=0 seq=0 chk_ok=0 r0=1156994112 r10=4294967295
0:1-4:TR1: ABVAL ti=0 g=1 seq=0 chk_ok=0 r0=1169335022 r10=0
0:1-5:TR1: ABVAL ti=0 g=0 seq=0 chk_ok=0 r0=1185344268 r10=268435456
0:1-5:TR1: ABVAL ti=0 g=1 seq=0 chk_ok=0 r0=1156994112 r10=3438211071
0:1-6:TR1: ABVAL ti=0 g=0 seq=0 chk_ok=0 r0=1179839936 r10=0
0:1-6:TR1: ABVAL ti=0 g=1 seq=0 chk_ok=0 r0=1170913011 r10=4294967295
0:1-7:TR1: ABVAL ti=0 g=0 seq=0 chk_ok=0 r0=1178825243 r10=65535
0:1-7:TR1: ABVAL ti=0 g=1 seq=0 chk_ok=0 r0=1183906997 r10=4294967295
0:1-8:TR1: ABVAL ti=0 g=0 seq=0 chk_ok=0 r0=1179839936 r10=0
0:1-8:TR1: ABVAL ti=0 g=1 seq=0 chk_ok=0 r0=1170913011 r10=4294967295
0:1-9:TR1: ABVAL ti=0 g=0 seq=0 chk_ok=0 r0=1179839936 r10=0
0:1-9:TR1: ABVAL ti=0 g=1 seq=0 chk_ok=0 r0=1170913011 r10=4294967295
0:2-0:TR1: ABVAL ti=0 g=0 seq=0 chk_ok=0 r0=1156994112 r10=4294967295
0:2-0:TR1: ABVAL ti=0 g=1 seq=0 chk_ok=0 r0=1169335022 r10=2287
0:2-1:TR1: ABVAL ti=0 g=0 seq=0 chk_ok=0 r0=1156994112 r10=4294967295
0:2-1:TR1: ABVAL ti=0 g=1 seq=0 chk_ok=0 r0=1104069185 r10=2147483648
0:2-2:TR1: ABVAL ti=0 g=0 seq=0 chk_ok=0 r0=1179839936 r10=0
0:2-2:TR1: ABVAL ti=0 g=1 seq=0 chk_ok=0 r0=1170913011 r10=4294967295
0:2-3:TR1: ABVAL ti=0 g=0 seq=0 chk_ok=0 r0=1185344268 r10=4294967088
0:2-3:TR1: ABVAL ti=0 g=1 seq=0 chk_ok=0 r0=1169335022 r10=0
0:2-4:TR1: ABVAL ti=0 g=0 seq=0 chk_ok=0 r0=1185344268 r10=4294930432
0:2-4:TR1: ABVAL ti=0 g=1 seq=0 chk_ok=0 r0=1156994112 r10=0
0:2-5:TR1: ABVAL ti=0 g=0 seq=0 chk_ok=0 r0=1178825243 r10=4294967295
0:2-5:TR1: ABVAL ti=0 g=1 seq=0 chk_ok=0 r0=1183906997 r10=4294967295
0:2-6:TR1: ABVAL ti=0 g=0 seq=0 chk_ok=0 r0=1170913011 r10=0
0:2-6:TR1: ABVAL ti=0 g=1 seq=0 chk_ok=0 r0=1157998767 r10=9236223
0:2-7:TR1: ABVAL ti=0 g=0 seq=0 chk_ok=0 r0=1170913011 r10=0
0:2-7:TR1: ABVAL ti=0 g=1 seq=0 chk_ok=0 r0=1157998767 r10=0
0:2-8:TR1: ABVAL ti=0 g=0 seq=0 chk_ok=0 r0=1156994112 r10=4294967295
0:2-8:TR1: ABVAL ti=0 g=1 seq=0 chk_ok=0 r0=1169335022 r10=585727
0:2-9:TR1: ABVAL ti=0 g=0 seq=0 chk_ok=0 r0=1178825243 r10=4294967295
0:2-9:TR1: ABVAL ti=0 g=1 seq=0 chk_ok=0 r0=1169335022 r10=143445743
0:3-0:TR1: ABVAL ti=0 g=0 seq=0 chk_ok=0 r0=1178825243 r10=16777215
0:3-0:TR1: ABVAL ti=0 g=1 seq=0 chk_ok=0 r0=1186158284 r10=0
0:3-1:TR1: ABVAL ti=0 g=0 seq=0 chk_ok=0 r0=1170913011 r10=4294967295
0:3-1:TR1: ABVAL ti=0 g=1 seq=0 chk_ok=0 r0=1148973443 r10=4294967295
0:3-2:TR1: ABVAL ti=0 g=0 seq=0 chk_ok=0 r0=1156994112 r10=4294967295
0:3-2:TR1: ABVAL ti=0 g=1 seq=0 chk_ok=0 r0=1081536852 r10=2147483648
0:3-3:TR1: ABVAL ti=0 g=0 seq=0 chk_ok=0 r0=1178825243 r10=0
0:3-3:TR1: ABVAL ti=0 g=1 seq=0 chk_ok=0 r0=1179839936 r10=307
0:3-4:TR1: ABVAL ti=0 g=0 seq=0 chk_ok=0 r0=1170913011 r10=4294967295
0:3-4:TR1: ABVAL ti=0 g=1 seq=0 chk_ok=0 r0=1157998767 r10=0
0:3-5:TR1: ABVAL ti=0 g=0 seq=0 chk_ok=0 r0=1184986653 r10=0
0:3-5:TR1: ABVAL ti=0 g=1 seq=0 chk_ok=0 r0=1185344268 r10=4294967295
0:3-6:TR1: ABVAL ti=0 g=0 seq=0 chk_ok=0 r0=1178825243 r10=4294967295
0:3-6:TR1: ABVAL ti=0 g=1 seq=0 chk_ok=0 r0=1186158284 r10=0
0:3-7:TR1: ABVAL ti=0 g=0 seq=0 chk_ok=0 r0=1170913011 r10=0
0:3-7:TR1: ABVAL ti=0 g=1 seq=0 chk_ok=0 r0=1157998767 r10=8
0:3-8:TR1: ABVAL ti=0 g=0 seq=0 chk_ok=0 r0=1178825243 r10=4294967295
0:3-8:TR1: ABVAL ti=0 g=1 seq=0 chk_ok=0 r0=1169335022 r10=0
0:3-9:TR1: ABVAL ti=0 g=0 seq=0 chk_ok=0 r0=1178825243 r10=4294967295
0:3-9:TR1: ABVAL ti=0 g=1 seq=0 chk_ok=0 r0=1179839936 r10=4294967295
0:4-0:TR1: ABVAL ti=0 g=0 seq=0 chk_ok=0 r0=1170913011 r10=0
0:4-0:TR1: ABVAL ti=0 g=1 seq=0 chk_ok=0 r0=1157998767 r10=136
0:4-1:TR1: ABVAL ti=0 g=0 seq=0 chk_ok=0 r0=1170913011 r10=0
0:4-1:TR1: ABVAL ti=0 g=1 seq=0 chk_ok=0 r0=1157998767 r10=3438215167
0:4-2:TR1: ABVAL ti=0 g=0 seq=0 chk_ok=0 r0=1178825243 r10=4294967295
0:4-2:TR1: ABVAL ti=0 g=1 seq=0 chk_ok=0 r0=1179839936 r10=4294897356
0:4-3:TR1: ABVAL ti=0 g=0 seq=0 chk_ok=0 r0=1178825243 r10=6143
0:4-3:TR1: ABVAL ti=0 g=1 seq=0 chk_ok=0 r0=1179839936 r10=4294967295
0:4-4:TR1: ABVAL ti=0 g=0 seq=0 chk_ok=0 r0=1185344268 r10=4294967295
0:4-4:TR1: ABVAL ti=0 g=1 seq=0 chk_ok=0 r0=1186158284 r10=0
0:4-5:TR1: ABVAL ti=0 g=0 seq=0 chk_ok=0 r0=1156994112 r10=4009754623
0:4-5:TR1: ABVAL ti=0 g=1 seq=0 chk_ok=0 r0=1078087685 r10=0
0:4-6:TR1: ABVAL ti=0 g=0 seq=0 chk_ok=0 r0=1178825243 r10=63
0:4-6:TR1: ABVAL ti=0 g=1 seq=0 chk_ok=0 r0=1179839936 r10=326631423
0:4-7:TR1: ABVAL ti=0 g=0 seq=0 chk_ok=0 r0=1178825243 r10=4294967295
0:4-7:TR1: ABVAL ti=0 g=1 seq=0 chk_ok=0 r0=1179839936 r10=4294967295
0:4-8:TR1: ABVAL ti=0 g=0 seq=0 chk_ok=0 r0=1184986653 r10=0
0:4-8:TR1: ABVAL ti=0 g=1 seq=0 chk_ok=0 r0=1185344268 r10=4294967295
0:4-9:TR1: ABVAL ti=0 g=0 seq=0 chk_ok=0 r0=1170913011 r10=0
0:4-9:TR1: ABVAL ti=0 g=1 seq=0 chk_ok=0 r0=1157998767 r10=3472883711
0:5-0:TR1: ABVAL ti=0 g=0 seq=0 chk_ok=0 r0=1178825243 r10=524287
0:5-0:TR1: ABVAL ti=0 g=1 seq=0 chk_ok=0 r0=1179839936 r10=4294967295
0:5-1:TR1: ABVAL ti=0 g=0 seq=0 chk_ok=0 r0=1178825243 r10=8191
0:5-1:TR1: ABVAL ti=0 g=1 seq=0 chk_ok=0 r0=1169335022 r10=0
0:5-2:TR1: ABVAL ti=0 g=0 seq=0 chk_ok=0 r0=1185344268 r10=4294967295
0:5-2:TR1: ABVAL ti=0 g=1 seq=0 chk_ok=0 r0=1186158284 r10=0
0:5-3:TR1: ABVAL ti=0 g=0 seq=0 chk_ok=0 r0=1170913011 r10=0
0:5-3:TR1: ABVAL ti=0 g=1 seq=0 chk_ok=0 r0=1157998767 r10=4294967295
0:5-4:TR1: ABVAL ti=0 g=0 seq=0 chk_ok=0 r0=1185344268 r10=4294967295
0:5-4:TR1: ABVAL ti=0 g=1 seq=0 chk_ok=0 r0=1086911499 r10=3221225472
0:5-5:TR1: ABVAL ti=0 g=0 seq=0 chk_ok=0 r0=1179839936 r10=0
0:5-5:TR1: ABVAL ti=0 g=1 seq=0 chk_ok=0 r0=1170913011 r10=4294967295
0:5-6:TR1: ABVAL ti=0 g=0 seq=0 chk_ok=0 r0=1185344268 r10=4294967295
0:5-6:TR1: ABVAL ti=0 g=1 seq=0 chk_ok=0 r0=1156994112 r10=0
0:5-7:TR1: ABVAL ti=0 g=0 seq=0 chk_ok=0 r0=1178825243 r10=1572863
0:5-7:TR1: ABVAL ti=0 g=1 seq=0 chk_ok=0 r0=1179839936 r10=1128447
0:5-8:TR1: ABVAL ti=0 g=0 seq=0 chk_ok=0 r0=1185344268 r10=4294967155
0:5-8:TR1: ABVAL ti=0 g=1 seq=0 chk_ok=0 r0=1156994112 r10=34956
0:5-9:TR1: ABVAL ti=0 g=0 seq=0 chk_ok=0 r0=1179839936 r10=0
0:5-9:TR1: ABVAL ti=0 g=1 seq=0 chk_ok=0 r0=1170913011 r10=4294967295
0:6-0:TR1: ABVAL ti=0 g=0 seq=0 chk_ok=0 r0=1178825243 r10=4294967295
0:6-0:TR1: ABVAL ti=0 g=1 seq=0 chk_ok=0 r0=1179839936 r10=4294967295
0:6-1:TR1: ABVAL ti=0 g=0 seq=0 chk_ok=0 r0=1178825243 r10=33554431
0:6-1:TR1: ABVAL ti=0 g=1 seq=0 chk_ok=0 r0=1179839936 r10=4294967295
0:6-2:TR1: ABVAL ti=0 g=0 seq=0 chk_ok=0 r0=1170913011 r10=147648511
0:6-2:TR1: ABVAL ti=0 g=1 seq=0 chk_ok=0 r0=1157998767 r10=4294967295
0:6-3:TR1: ABVAL ti=0 g=0 seq=0 chk_ok=0 r0=1178825243 r10=0
0:6-3:TR1: ABVAL ti=0 g=1 seq=0 chk_ok=0 r0=1179839936 r10=70527
0:6-4:TR1: ABVAL ti=0 g=0 seq=0 chk_ok=0 r0=1185344268 r10=4294967295
0:6-4:TR1: ABVAL ti=0 g=1 seq=0 chk_ok=0 r0=1156994112 r10=0
0:6-5:TR1: ABVAL ti=0 g=0 seq=0 chk_ok=0 r0=1178825243 r10=4294967295
0:6-5:TR1: ABVAL ti=0 g=1 seq=0 chk_ok=0 r0=1179839936 r10=4294967295
0:6-6:TR1: ABVAL ti=0 g=0 seq=0 chk_ok=0 r0=1170913011 r10=4294967295
0:6-6:TR1: ABVAL ti=0 g=1 seq=0 chk_ok=0 r0=1169666930 r10=4294967295
0:6-7:TR1: ABVAL ti=0 g=0 seq=0 chk_ok=0 r0=1170913011 r10=4294967295
0:6-7:TR1: ABVAL ti=0 g=1 seq=0 chk_ok=0 r0=1148973443 r10=4294967295
0:6-8:TR1: ABVAL ti=0 g=0 seq=0 chk_ok=0 r0=1170913011 r10=3471835135
0:6-8:TR1: ABVAL ti=0 g=1 seq=0 chk_ok=0 r0=1143165954 r10=0
0:6-9:TR1: ABVAL ti=0 g=0 seq=0 chk_ok=0 r0=1178825243 r10=1073741823
0:6-9:TR1: ABVAL ti=0 g=1 seq=0 chk_ok=0 r0=1179839936 r10=4294967295
0:7-0:TR1: ABVAL ti=0 g=0 seq=0 chk_ok=0 r0=1170913011 r10=36079
0:7-0:TR1: ABVAL ti=0 g=1 seq=0 chk_ok=0 r0=1143165954 r10=0
0:7-1:TR1: ABVAL ti=0 g=0 seq=0 chk_ok=0 r0=1178825243 r10=0
0:7-1:TR1: ABVAL ti=0 g=1 seq=0 chk_ok=0 r0=1179839936 r10=939524095
0:7-2:TR1: ABVAL ti=0 g=0 seq=0 chk_ok=0 r0=1170913011 r10=8
0:7-2:TR1: ABVAL ti=0 g=1 seq=0 chk_ok=0 r0=1157998767 r10=4294967295
0:7-3:TR1: ABVAL ti=0 g=0 seq=0 chk_ok=0 r0=1184986653 r10=0
0:7-3:TR1: ABVAL ti=0 g=1 seq=0 chk_ok=0 r0=1172341913 r10=4294407987
0:7-4:TR1: ABVAL ti=0 g=0 seq=0 chk_ok=0 r0=1184986653 r10=0
0:7-4:TR1: ABVAL ti=0 g=1 seq=0 chk_ok=0 r0=1185344268 r10=4294967294
0:7-5:TR1: ABVAL ti=0 g=0 seq=0 chk_ok=0 r0=1178825243 r10=4294966272
0:7-5:TR1: ABVAL ti=0 g=1 seq=0 chk_ok=0 r0=1183906997 r10=4294967295
0:7-6:TR1: ABVAL ti=0 g=0 seq=0 chk_ok=0 r0=1170913011 r10=4294967295
0:7-6:TR1: ABVAL ti=0 g=1 seq=0 chk_ok=0 r0=1157998767 r10=79743
0:7-7:TR1: ABVAL ti=0 g=0 seq=0 chk_ok=0 r0=1179839936 r10=0
0:7-7:TR1: ABVAL ti=0 g=1 seq=0 chk_ok=0 r0=1170913011 r10=4294967295
0:7-8:TR1: ABVAL ti=0 g=0 seq=0 chk_ok=0 r0=1170913011 r10=0
0:7-8:TR1: ABVAL ti=0 g=1 seq=0 chk_ok=0 r0=1118362278 r10=0
0:7-9:TR1: ABVAL ti=0 g=0 seq=0 chk_ok=0 r0=1178825243 r10=4294967295
0:7-9:TR1: ABVAL ti=0 g=1 seq=0 chk_ok=0 r0=1179839936 r10=4294967295
0:8-0:TR1: ABVAL ti=0 g=0 seq=0 chk_ok=0 r0=1170913011 r10=0
0:8-0:TR1: ABVAL ti=0 g=1 seq=0 chk_ok=0 r0=1143165954 r10=0
0:8-1:TR1: ABVAL ti=0 g=0 seq=0 chk_ok=0 r0=1170913011 r10=4294967295
0:8-1:TR1: ABVAL ti=0 g=1 seq=0 chk_ok=0 r0=1157707443 r10=1
0:8-2:TR1: ABVAL ti=0 g=0 seq=0 chk_ok=0 r0=1178825243 r10=255
0:8-2:TR1: ABVAL ti=0 g=1 seq=0 chk_ok=0 r0=1169335022 r10=0
0:8-3:TR1: ABVAL ti=0 g=0 seq=0 chk_ok=0 r0=1178825243 r10=0
0:8-3:TR1: ABVAL ti=0 g=1 seq=0 chk_ok=0 r0=1179839936 r10=0
0:8-4:TR1: ABVAL ti=0 g=0 seq=0 chk_ok=0 r0=1178825243 r10=0
0:8-4:TR1: ABVAL ti=0 g=1 seq=0 chk_ok=0 r0=1179839936 r10=4294967295
0:8-5:TR1: ABVAL ti=0 g=0 seq=0 chk_ok=0 r0=1170913011 r10=4294967295
0:8-5:TR1: ABVAL ti=0 g=1 seq=0 chk_ok=0 r0=1148973443 r10=4294967295
0:8-6:TR1: ABVAL ti=0 g=0 seq=0 chk_ok=0 r0=1185344268 r10=4294967295
0:8-6:TR1: ABVAL ti=0 g=1 seq=0 chk_ok=0 r0=1186158284 r10=0
0:8-7:TR1: ABVAL ti=0 g=0 seq=0 chk_ok=0 r0=1178825243 r10=4294967295
0:8-7:TR1: ABVAL ti=0 g=1 seq=0 chk_ok=0 r0=1169335022 r10=0
0:8-8:TR1: ABVAL ti=0 g=0 seq=0 chk_ok=0 r0=1178825243 r10=0
0:8-8:TR1: ABVAL ti=0 g=1 seq=0 chk_ok=0 r0=1179839936 r10=0
0:8-9:TR1: ABVAL ti=0 g=0 seq=0 chk_ok=0 r0=1178825243 r10=1073741823
0:8-9:TR1: ABVAL ti=0 g=1 seq=0 chk_ok=0 r0=1179839936 r10=2147483647
0:9-0:TR1: ABVAL ti=0 g=0 seq=0 chk_ok=0 r0=1178825243 r10=4294967295
0:9-0:TR1: ABVAL ti=0 g=1 seq=0 chk_ok=0 r0=1169335022 r10=0
0:9-1:TR1: ABVAL ti=0 g=0 seq=0 chk_ok=0 r0=1170913011 r10=4294967295
0:9-1:TR1: ABVAL ti=0 g=1 seq=0 chk_ok=0 r0=1157998767 r10=939524095
0:9-2:TR1: ABVAL ti=0 g=0 seq=0 chk_ok=0 r0=1179839936 r10=0
0:9-2:TR1: ABVAL ti=0 g=1 seq=0 chk_ok=0 r0=1170913011 r10=4294967295
0:9-3:TR1: ABVAL ti=0 g=0 seq=0 chk_ok=0 r0=1183906997 r10=4294967295
0:9-3:TR1: ABVAL ti=0 g=1 seq=0 chk_ok=0 r0=1176551982 r10=4294967295
0:9-4:TR1: ABVAL ti=0 g=0 seq=0 chk_ok=0 r0=1170913011 r10=2188
0:9-4:TR1: ABVAL ti=0 g=1 seq=0 chk_ok=0 r0=1157998767 r10=4294967295
0:9-5:TR1: ABVAL ti=0 g=0 seq=0 chk_ok=0 r0=1179839936 r10=0
0:9-5:TR1: ABVAL ti=0 g=1 seq=0 chk_ok=0 r0=1170913011 r10=2184
0:9-6:TR1: ABVAL ti=0 g=0 seq=0 chk_ok=0 r0=1178825243 r10=0
0:9-6:TR1: ABVAL ti=0 g=1 seq=0 chk_ok=0 r0=1179839936 r10=0
0:9-7:TR1: ABVAL ti=0 g=0 seq=0 chk_ok=0 r0=1179839936 r10=0
0:9-7:TR1: ABVAL ti=0 g=1 seq=0 chk_ok=0 r0=1170913011 r10=4294967295
0:9-8:TR1: ABVAL ti=0 g=0 seq=0 chk_ok=0 r0=1170913011 r10=0
0:9-8:TR1: ABVAL ti=0 g=1 seq=0 chk_ok=0 r0=1094830482 r10=2147483648
0:9-9:TR1: ABVAL ti=0 g=0 seq=0 chk_ok=0 r0=1178825243 r10=4294967295
0:9-9:TR1: ABVAL ti=0 g=1 seq=0 chk_ok=0 r0=1179839936 r10=4294967295
0:10-0:TR1: ABVAL ti=0 g=0 seq=0 chk_ok=0 r0=1186158284 r10=0
0:10-0:TR1: ABVAL ti=0 g=1 seq=0 chk_ok=0 r0=1183906997 r10=4294967295
0:10-1:TR1: ABVAL ti=0 g=0 seq=0 chk_ok=0 r0=1170913011 r10=4294967295
0:10-1:TR1: ABVAL ti=0 g=1 seq=0 chk_ok=0 r0=1157998767 r10=4294967295
0:10-2:TR1: ABVAL ti=0 g=0 seq=0 chk_ok=0 r0=1179839936 r10=0
0:10-2:TR1: ABVAL ti=0 g=1 seq=0 chk_ok=0 r0=1170913011 r10=4294967295
0:10-3:TR1: ABVAL ti=0 g=0 seq=0 chk_ok=0 r0=1170913011 r10=3438215167
0:10-3:TR1: ABVAL ti=0 g=1 seq=0 chk_ok=0 r0=1157998767 r10=4294967295
0:10-4:TR1: ABVAL ti=0 g=0 seq=0 chk_ok=0 r0=1185344268 r10=4294967295
0:10-4:TR1: ABVAL ti=0 g=1 seq=0 chk_ok=0 r0=1186158284 r10=0
0:10-5:TR1: ABVAL ti=0 g=0 seq=0 chk_ok=0 r0=1185344268 r10=4294967295
0:10-5:TR1: ABVAL ti=0 g=1 seq=0 chk_ok=0 r0=1186158284 r10=0
0:10-6:TR1: ABVAL ti=0 g=0 seq=0 chk_ok=0 r0=1185344268 r10=4294967295
0:10-6:TR1: ABVAL ti=0 g=1 seq=0 chk_ok=0 r0=1077472203 r10=0
0:10-7:TR1: ABVAL ti=0 g=0 seq=0 chk_ok=0 r0=1179839936 r10=0
0:10-7:TR1: ABVAL ti=0 g=1 seq=0 chk_ok=0 r0=1170913011 r10=4294967295
0:10-8:TR1: ABVAL ti=0 g=0 seq=0 chk_ok=0 r0=1178825243 r10=4294967295
0:10-8:TR1: ABVAL ti=0 g=1 seq=0 chk_ok=0 r0=1186158284 r10=0
0:10-9:TR1: ABVAL ti=0 g=0 seq=0 chk_ok=0 r0=1184986653 r10=0
0:10-9:TR1: ABVAL ti=0 g=1 seq=0 chk_ok=0 r0=1185344268 r10=4294967280
0:0-0:TR1: ABVAL ti=0 g=2 seq=0 chk_ok=0 r0=1183906997 r10=4294967295
0:0-0:TR1: ABVAL ti=0 g=3 seq=0 chk_ok=0 r0=1176551982 r10=4294967295
0:0-1:TR1: ABVAL ti=0 g=2 seq=0 chk_ok=0 r0=1183906997 r10=4294967295
0:0-1:TR1: ABVAL ti=0 g=3 seq=0 chk_ok=0 r0=1176551982 r10=4294967295
0:0-2:TR1: ABVAL ti=0 g=2 seq=0 chk_ok=0 r0=1183906997 r10=4294967295
0:0-2:TR1: ABVAL ti=0 g=3 seq=0 chk_ok=0 r0=1176551982 r10=4294967295
0:0-3:TR1: ABVAL ti=0 g=2 seq=0 chk_ok=0 r0=1176551982 r10=4294967295
0:0-3:TR1: ABVAL ti=0 g=3 seq=0 chk_ok=0 r0=1174376771 r10=20447231
0:0-4:TR1: ABVAL ti=0 g=2 seq=0 chk_ok=0 r0=1176551982 r10=4294967295
0:0-4:TR1: ABVAL ti=0 g=3 seq=0 chk_ok=0 r0=1174376771 r10=19
0:0-5:TR1: ABVAL ti=0 g=2 seq=0 chk_ok=0 r0=1141171135 r10=0
0:0-5:TR1: ABVAL ti=0 g=3 seq=0 chk_ok=0 r0=1157998767 r10=4294967295
0:0-6:TR1: ABVAL ti=0 g=2 seq=0 chk_ok=0 r0=1068364984 r10=838860800
0:0-6:TR1: ABVAL ti=0 g=3 seq=0 chk_ok=0 r0=1137312406 r10=0
0:0-7:TR1: ABVAL ti=0 g=2 seq=0 chk_ok=0 r0=1170913011 r10=8
0:0-7:TR1: ABVAL ti=0 g=3 seq=0 chk_ok=0 r0=1141171135 r10=0
0:0-8:TR1: ABVAL ti=0 g=2 seq=0 chk_ok=0 r0=1176551982 r10=4294967295
0:0-8:TR1: ABVAL ti=0 g=3 seq=0 chk_ok=0 r0=1174376771 r10=4294967295
0:0-9:TR1: ABVAL ti=0 g=2 seq=0 chk_ok=0 r0=1183906997 r10=4294967295
0:0-9:TR1: ABVAL ti=0 g=3 seq=0 chk_ok=0 r0=1176551982 r10=4294967295
0:1-0:TR1: ABVAL ti=0 g=2 seq=0 chk_ok=0 r0=1051134130 r10=2290089984
0:1-0:TR1: ABVAL ti=0 g=3 seq=0 chk_ok=0 r0=1059046356 r10=838860800
0:1-1:TR1: ABVAL ti=0 g=2 seq=0 chk_ok=0 r0=1169335022 r10=0
0:1-1:TR1: ABVAL ti=0 g=3 seq=0 chk_ok=0 r0=1176551982 r10=4294967295
0:1-2:TR1: ABVAL ti=0 g=2 seq=0 chk_ok=0 r0=1183906997 r10=4294967295
0:1-2:TR1: ABVAL ti=0 g=3 seq=0 chk_ok=0 r0=1176551982 r10=4294967295
0:1-3:TR1: ABVAL ti=0 g=2 seq=0 chk_ok=0 r0=1102730194 r10=0
0:1-3:TR1: ABVAL ti=0 g=3 seq=0 chk_ok=0 r0=1137312406 r10=0
0:1-4:TR1: ABVAL ti=0 g=2 seq=0 chk_ok=0 r0=1176551982 r10=4294967295
0:1-4:TR1: ABVAL ti=0 g=3 seq=0 chk_ok=0 r0=1131654581 r10=3435134976
0:1-5:TR1: ABVAL ti=0 g=2 seq=0 chk_ok=0 r0=1169335022 r10=0
0:1-5:TR1: ABVAL ti=0 g=3 seq=0 chk_ok=0 r0=1176551982 r10=4294967295
0:1-6:TR1: ABVAL ti=0 g=2 seq=0 chk_ok=0 r0=1157998767 r10=4294967295
0:1-6:TR1: ABVAL ti=0 g=3 seq=0 chk_ok=0 r0=1169335022 r10=4294967295
0:1-7:TR1: ABVAL ti=0 g=2 seq=0 chk_ok=0 r0=1176551982 r10=4294967295
0:1-7:TR1: ABVAL ti=0 g=3 seq=0 chk_ok=0 r0=1174376771 r10=4294967295
0:1-8:TR1: ABVAL ti=0 g=2 seq=0 chk_ok=0 r0=1141171135 r10=36079
0:1-8:TR1: ABVAL ti=0 g=3 seq=0 chk_ok=0 r0=1157998767 r10=4294967295
0:1-9:TR1: ABVAL ti=0 g=2 seq=0 chk_ok=0 r0=1141171135 r10=15728503
0:1-9:TR1: ABVAL ti=0 g=3 seq=0 chk_ok=0 r0=1157998767 r10=4294967295
0:2-0:TR1: ABVAL ti=0 g=2 seq=0 chk_ok=0 r0=1093283824 r10=52430
0:2-0:TR1: ABVAL ti=0 g=3 seq=0 chk_ok=0 r0=1086336697 r10=8
0:2-1:TR1: ABVAL ti=0 g=2 seq=0 chk_ok=0 r0=1083723079 r10=2290089984
0:2-1:TR1: ABVAL ti=0 g=3 seq=0 chk_ok=0 r0=1068324308 r10=2290089984
0:2-2:TR1: ABVAL ti=0 g=2 seq=0 chk_ok=0 r0=1157998767 r10=4294967295
0:2-2:TR1: ABVAL ti=0 g=3 seq=0 chk_ok=0 r0=1169335022 r10=4294967295
0:2-3:TR1: ABVAL ti=0 g=2 seq=0 chk_ok=0 r0=1176551982 r10=4294967295
0:2-3:TR1: ABVAL ti=0 g=3 seq=0 chk_ok=0 r0=1122962258 r10=0
0:2-4:TR1: ABVAL ti=0 g=2 seq=0 chk_ok=0 r0=1169335022 r10=0
0:2-4:TR1: ABVAL ti=0 g=3 seq=0 chk_ok=0 r0=1176551982 r10=4294967295
0:2-5:TR1: ABVAL ti=0 g=2 seq=0 chk_ok=0 r0=1176551982 r10=4294967295
0:2-5:TR1: ABVAL ti=0 g=3 seq=0 chk_ok=0 r0=1174376771 r10=4294967295
0:2-6:TR1: ABVAL ti=0 g=2 seq=0 chk_ok=0 r0=1156994112 r10=0
0:2-6:TR1: ABVAL ti=0 g=3 seq=0 chk_ok=0 r0=1099192712 r10=0
0:2-7:TR1: ABVAL ti=0 g=2 seq=0 chk_ok=0 r0=1156994112 r10=2004877311
0:2-7:TR1: ABVAL ti=0 g=3 seq=0 chk_ok=0 r0=1096336358 r10=2290089984
0:2-8:TR1: ABVAL ti=0 g=2 seq=0 chk_ok=0 r0=1086336697 r10=1
0:2-8:TR1: ABVAL ti=0 g=3 seq=0 chk_ok=0 r0=1176551982 r10=4294967295
0:2-9:TR1: ABVAL ti=0 g=2 seq=0 chk_ok=0 r0=1150842525 r10=2364469247
0:2-9:TR1: ABVAL ti=0 g=3 seq=0 chk_ok=0 r0=1176551982 r10=4294967295
0:3-0:TR1: ABVAL ti=0 g=2 seq=0 chk_ok=0 r0=1183906997 r10=4294967295
0:3-0:TR1: ABVAL ti=0 g=3 seq=0 chk_ok=0 r0=1176551982 r10=4294967295
0:3-1:TR1: ABVAL ti=0 g=2 seq=0 chk_ok=0 r0=1110346803 r10=0
0:3-1:TR1: ABVAL ti=0 g=3 seq=0 chk_ok=0 r0=1051774320 r10=3221225472
0:3-2:TR1: ABVAL ti=0 g=2 seq=0 chk_ok=0 r0=1052278782 r10=285212672
0:3-2:TR1: ABVAL ti=0 g=3 seq=0 chk_ok=0 r0=1092682955 r10=1610612736
0:3-3:TR1: ABVAL ti=0 g=2 seq=0 chk_ok=0 r0=1170913011 r10=0
0:3-3:TR1: ABVAL ti=0 g=3 seq=0 chk_ok=0 r0=1141171135 r10=0
0:3-4:TR1: ABVAL ti=0 g=2 seq=0 chk_ok=0 r0=1148973443 r10=4294967294
0:3-4:TR1: ABVAL ti=0 g=3 seq=0 chk_ok=0 r0=1051019270 r10=805306368
0:3-5:TR1: ABVAL ti=0 g=2 seq=0 chk_ok=0 r0=1186158284 r10=4294931249
0:3-5:TR1: ABVAL ti=0 g=3 seq=0 chk_ok=0 r0=1120552587 r10=0
0:3-6:TR1: ABVAL ti=0 g=2 seq=0 chk_ok=0 r0=1183906997 r10=4294967295
0:3-6:TR1: ABVAL ti=0 g=3 seq=0 chk_ok=0 r0=1176551982 r10=4294967295
0:3-7:TR1: ABVAL ti=0 g=2 seq=0 chk_ok=0 r0=1156994112 r10=273
0:3-7:TR1: ABVAL ti=0 g=3 seq=0 chk_ok=0 r0=1096336358 r10=285212672
0:3-8:TR1: ABVAL ti=0 g=2 seq=0 chk_ok=0 r0=1150842525 r10=8
0:3-8:TR1: ABVAL ti=0 g=3 seq=0 chk_ok=0 r0=1176551982 r10=4294967295
0:3-9:TR1: ABVAL ti=0 g=2 seq=0 chk_ok=0 r0=1156994112 r10=4294967295
0:3-9:TR1: ABVAL ti=0 g=3 seq=0 chk_ok=0 r0=1169335022 r10=4294967295
0:4-0:TR1: ABVAL ti=0 g=2 seq=0 chk_ok=0 r0=1156994112 r10=4294967295
0:4-0:TR1: ABVAL ti=0 g=3 seq=0 chk_ok=0 r0=1169335022 r10=149946367
0:4-1:TR1: ABVAL ti=0 g=2 seq=0 chk_ok=0 r0=1156994112 r10=859010935
0:4-1:TR1: ABVAL ti=0 g=3 seq=0 chk_ok=0 r0=1169335022 r10=2415919103
0:4-2:TR1: ABVAL ti=0 g=2 seq=0 chk_ok=0 r0=1156994112 r10=136
0:4-2:TR1: ABVAL ti=0 g=3 seq=0 chk_ok=0 r0=1169335022 r10=4294967295
0:4-3:TR1: ABVAL ti=0 g=2 seq=0 chk_ok=0 r0=1156994112 r10=4294967295
0:4-3:TR1: ABVAL ti=0 g=3 seq=0 chk_ok=0 r0=1169335022 r10=4294967295
0:4-4:TR1: ABVAL ti=0 g=2 seq=0 chk_ok=0 r0=1183906997 r10=4294967295
0:4-4:TR1: ABVAL ti=0 g=3 seq=0 chk_ok=0 r0=1176551982 r10=2295131886
0:4-5:TR1: ABVAL ti=0 g=2 seq=0 chk_ok=0 r0=1103996507 r10=0
0:4-5:TR1: ABVAL ti=0 g=3 seq=0 chk_ok=0 r0=1176551982 r10=4294967295
0:4-6:TR1: ABVAL ti=0 g=2 seq=0 chk_ok=0 r0=1156994112 r10=4294967295
0:4-6:TR1: ABVAL ti=0 g=3 seq=0 chk_ok=0 r0=1169335022 r10=4294967295
0:4-7:TR1: ABVAL ti=0 g=2 seq=0 chk_ok=0 r0=1156994112 r10=4294967295
0:4-7:TR1: ABVAL ti=0 g=3 seq=0 chk_ok=0 r0=1169335022 r10=4294967295
0:4-8:TR1: ABVAL ti=0 g=2 seq=0 chk_ok=0 r0=1186158284 r10=822083584
0:4-8:TR1: ABVAL ti=0 g=3 seq=0 chk_ok=0 r0=1183906997 r10=4294967295
0:4-9:TR1: ABVAL ti=0 g=2 seq=0 chk_ok=0 r0=1082754920 r10=0
0:4-9:TR1: ABVAL ti=0 g=3 seq=0 chk_ok=0 r0=1055042896 r10=2281701376
0:5-0:TR1: ABVAL ti=0 g=2 seq=0 chk_ok=0 r0=1156994112 r10=4294967295
0:5-0:TR1: ABVAL ti=0 g=3 seq=0 chk_ok=0 r0=1169335022 r10=4294967295
0:5-1:TR1: ABVAL ti=0 g=2 seq=0 chk_ok=0 r0=1150842525 r10=0
0:5-1:TR1: ABVAL ti=0 g=3 seq=0 chk_ok=0 r0=1176551982 r10=4294967295
0:5-2:TR1: ABVAL ti=0 g=2 seq=0 chk_ok=0 r0=1183906997 r10=4294967295
0:5-2:TR1: ABVAL ti=0 g=3 seq=0 chk_ok=0 r0=1176551982 r10=8
0:5-3:TR1: ABVAL ti=0 g=2 seq=0 chk_ok=0 r0=1156994112 r10=0
0:5-3:TR1: ABVAL ti=0 g=3 seq=0 chk_ok=0 r0=1169335022 r10=4294967295
0:5-4:TR1: ABVAL ti=0 g=2 seq=0 chk_ok=0 r0=1057269349 r10=2147483648
0:5-4:TR1: ABVAL ti=0 g=3 seq=0 chk_ok=0 r0=1176551982 r10=4294967295
0:5-5:TR1: ABVAL ti=0 g=2 seq=0 chk_ok=0 r0=1157998767 r10=4294967295
0:5-5:TR1: ABVAL ti=0 g=3 seq=0 chk_ok=0 r0=1169335022 r10=4294967295
0:5-6:TR1: ABVAL ti=0 g=2 seq=0 chk_ok=0 r0=1069983902 r10=3422552064
0:5-6:TR1: ABVAL ti=0 g=3 seq=0 chk_ok=0 r0=1065439867 r10=286330880
0:5-7:TR1: ABVAL ti=0 g=2 seq=0 chk_ok=0 r0=1170913011 r10=2362240751
0:5-7:TR1: ABVAL ti=0 g=3 seq=0 chk_ok=0 r0=1141171135 r10=2254
0:5-8:TR1: ABVAL ti=0 g=2 seq=0 chk_ok=0 r0=1058709434 r10=536870912
0:5-8:TR1: ABVAL ti=0 g=3 seq=0 chk_ok=0 r0=1072885004 r10=285212672
0:5-9:TR1: ABVAL ti=0 g=2 seq=0 chk_ok=0 r0=1139716502 r10=2013265919
0:5-9:TR1: ABVAL ti=0 g=3 seq=0 chk_ok=0 r0=1182941599 r10=4294967295
0:6-0:TR1: ABVAL ti=0 g=2 seq=0 chk_ok=0 r0=1156994112 r10=4294967295
0:6-0:TR1: ABVAL ti=0 g=3 seq=0 chk_ok=0 r0=1169335022 r10=4294967295
0:6-1:TR1: ABVAL ti=0 g=2 seq=0 chk_ok=0 r0=1156994112 r10=4294967295
0:6-1:TR1: ABVAL ti=0 g=3 seq=0 chk_ok=0 r0=1169335022 r10=4294967295
0:6-2:TR1: ABVAL ti=0 g=2 seq=0 chk_ok=0 r0=1089305636 r10=285212672
0:6-2:TR1: ABVAL ti=0 g=3 seq=0 chk_ok=0 r0=1110042358 r10=286339890
0:6-3:TR1: ABVAL ti=0 g=2 seq=0 chk_ok=0 r0=1156994112 r10=4294967295
0:6-3:TR1: ABVAL ti=0 g=3 seq=0 chk_ok=0 r0=1169335022 r10=4294967295
0:6-4:TR1: ABVAL ti=0 g=2 seq=0 chk_ok=0 r0=1086911499 r10=0
0:6-4:TR1: ABVAL ti=0 g=3 seq=0 chk_ok=0 r0=1065439867 r10=0
0:6-5:TR1: ABVAL ti=0 g=2 seq=0 chk_ok=0 r0=1156994112 r10=4294967295
0:6-5:TR1: ABVAL ti=0 g=3 seq=0 chk_ok=0 r0=1169335022 r10=4294967295
0:6-6:TR1: ABVAL ti=0 g=2 seq=0 chk_ok=0 r0=1148973443 r10=4294967295
0:6-6:TR1: ABVAL ti=0 g=3 seq=0 chk_ok=0 r0=1113582778 r10=3435423232
0:6-7:TR1: ABVAL ti=0 g=2 seq=0 chk_ok=0 r0=1110346803 r10=3427033088
0:6-7:TR1: ABVAL ti=0 g=3 seq=0 chk_ok=0 r0=1055212838 r10=536870912
0:6-8:TR1: ABVAL ti=0 g=2 seq=0 chk_ok=0 r0=1050898590 r10=3221225472
0:6-8:TR1: ABVAL ti=0 g=3 seq=0 chk_ok=0 r0=1065712086 r10=1073741824
0:6-9:TR1: ABVAL ti=0 g=2 seq=0 chk_ok=0 r0=1156994112 r10=3438210799
0:6-9:TR1: ABVAL ti=0 g=3 seq=0 chk_ok=0 r0=1169335022 r10=3472883711
0:7-0:TR1: ABVAL ti=0 g=2 seq=0 chk_ok=0 r0=1118362278 r10=857892452
0:7-0:TR1: ABVAL ti=0 g=3 seq=0 chk_ok=0 r0=1050599514 r10=3221225472
0:7-1:TR1: ABVAL ti=0 g=2 seq=0 chk_ok=0 r0=1156994112 r10=4294967295
0:7-1:TR1: ABVAL ti=0 g=3 seq=0 chk_ok=0 r0=1169335022 r10=2399141887
0:7-2:TR1: ABVAL ti=0 g=2 seq=0 chk_ok=0 r0=1077563299 r10=2147483648
0:7-2:TR1: ABVAL ti=0 g=3 seq=0 chk_ok=0 r0=1089305636 r10=2147483648
0:7-3:TR1: ABVAL ti=0 g=2 seq=0 chk_ok=0 r0=1185344268 r10=4294967295
0:7-3:TR1: ABVAL ti=0 g=3 seq=0 chk_ok=0 r0=1186158284 r10=4294967295
0:7-4:TR1: ABVAL ti=0 g=2 seq=0 chk_ok=0 r0=1186158284 r10=0
0:7-4:TR1: ABVAL ti=0 g=3 seq=0 chk_ok=0 r0=1183906997 r10=4294967295
0:7-5:TR1: ABVAL ti=0 g=2 seq=0 chk_ok=0 r0=1176551982 r10=4294967295
0:7-5:TR1: ABVAL ti=0 g=3 seq=0 chk_ok=0 r0=1174376771 r10=4294967295
0:7-6:TR1: ABVAL ti=0 g=2 seq=0 chk_ok=0 r0=1056218532 r10=13056
0:7-6:TR1: ABVAL ti=0 g=3 seq=0 chk_ok=0 r0=1052639010 r10=272
0:7-7:TR1: ABVAL ti=0 g=2 seq=0 chk_ok=0 r0=1157707443 r10=2147483648
0:7-7:TR1: ABVAL ti=0 g=3 seq=0 chk_ok=0 r0=1139716502 r10=0
0:7-8:TR1: ABVAL ti=0 g=2 seq=0 chk_ok=0 r0=1094830482 r10=268435456
0:7-8:TR1: ABVAL ti=0 g=3 seq=0 chk_ok=0 r0=1100153168 r10=0
0:7-9:TR1: ABVAL ti=0 g=2 seq=0 chk_ok=0 r0=1156994112 r10=0
0:7-9:TR1: ABVAL ti=0 g=3 seq=0 chk_ok=0 r0=1169335022 r10=36078
0:8-0:TR1: ABVAL ti=0 g=2 seq=0 chk_ok=0 r0=1118362278 r10=0
0:8-0:TR1: ABVAL ti=0 g=3 seq=0 chk_ok=0 r0=1068643252 r10=2147483648
0:8-1:TR1: ABVAL ti=0 g=2 seq=0 chk_ok=0 r0=1148973443 r10=4294967295
0:8-1:TR1: ABVAL ti=0 g=3 seq=0 chk_ok=0 r0=1182941599 r10=4294967295
0:8-2:TR1: ABVAL ti=0 g=2 seq=0 chk_ok=0 r0=1150842525 r10=0
0:8-2:TR1: ABVAL ti=0 g=3 seq=0 chk_ok=0 r0=1176551982 r10=4294967295
0:8-3:TR1: ABVAL ti=0 g=2 seq=0 chk_ok=0 r0=1170913011 r10=0
0:8-3:TR1: ABVAL ti=0 g=3 seq=0 chk_ok=0 r0=1157998767 r10=2362371823
0:8-4:TR1: ABVAL ti=0 g=2 seq=0 chk_ok=0 r0=1156994112 r10=4294967295
0:8-4:TR1: ABVAL ti=0 g=3 seq=0 chk_ok=0 r0=1169335022 r10=577279
0:8-5:TR1: ABVAL ti=0 g=2 seq=0 chk_ok=0 r0=1137312406 r10=0
0:8-5:TR1: ABVAL ti=0 g=3 seq=0 chk_ok=0 r0=1050257802 r10=1140850688
0:8-6:TR1: ABVAL ti=0 g=2 seq=0 chk_ok=0 r0=1183906997 r10=4294967295
0:8-6:TR1: ABVAL ti=0 g=3 seq=0 chk_ok=0 r0=1176551982 r10=3438215167
0:8-7:TR1: ABVAL ti=0 g=2 seq=0 chk_ok=0 r0=1150842525 r10=8
0:8-7:TR1: ABVAL ti=0 g=3 seq=0 chk_ok=0 r0=1176551982 r10=4294967295
0:8-8:TR1: ABVAL ti=0 g=2 seq=0 chk_ok=0 r0=1156994112 r10=4294967295
0:8-8:TR1: ABVAL ti=0 g=3 seq=0 chk_ok=0 r0=1169335022 r10=4294967295
0:8-9:TR1: ABVAL ti=0 g=2 seq=0 chk_ok=0 r0=1170913011 r10=0
0:8-9:TR1: ABVAL ti=0 g=3 seq=0 chk_ok=0 r0=1141171135 r10=0
0:9-0:TR1: ABVAL ti=0 g=2 seq=0 chk_ok=0 r0=1150842525 r10=0
0:9-0:TR1: ABVAL ti=0 g=3 seq=0 chk_ok=0 r0=1176551982 r10=4294967295
0:9-1:TR1: ABVAL ti=0 g=2 seq=0 chk_ok=0 r0=1050401365 r10=285212672
0:9-1:TR1: ABVAL ti=0 g=3 seq=0 chk_ok=0 r0=1055024970 r10=268435456
0:9-2:TR1: ABVAL ti=0 g=2 seq=0 chk_ok=0 r0=1157998767 r10=4294967295
0:9-2:TR1: ABVAL ti=0 g=3 seq=0 chk_ok=0 r0=1124554922 r10=0
0:9-3:TR1: ABVAL ti=0 g=2 seq=0 chk_ok=0 r0=1174376771 r10=4294967295
0:9-3:TR1: ABVAL ti=0 g=3 seq=0 chk_ok=0 r0=1109273965 r10=1726794888
0:9-4:TR1: ABVAL ti=0 g=2 seq=0 chk_ok=0 r0=1169335022 r10=4294967295
0:9-4:TR1: ABVAL ti=0 g=3 seq=0 chk_ok=0 r0=1129384857 r10=0
0:9-5:TR1: ABVAL ti=0 g=2 seq=0 chk_ok=0 r0=1157998767 r10=4294967295
0:9-5:TR1: ABVAL ti=0 g=3 seq=0 chk_ok=0 r0=1156994112 r10=273
0:9-6:TR1: ABVAL ti=0 g=2 seq=0 chk_ok=0 r0=1170913011 r10=0
0:9-6:TR1: ABVAL ti=0 g=3 seq=0 chk_ok=0 r0=1157998767 r10=4294967295
0:9-7:TR1: ABVAL ti=0 g=2 seq=0 chk_ok=0 r0=1141171135 r10=2364538879
0:9-7:TR1: ABVAL ti=0 g=3 seq=0 chk_ok=0 r0=1157998767 r10=4294967295
0:9-8:TR1: ABVAL ti=0 g=2 seq=0 chk_ok=0 r0=1098342815 r10=13529344
0:9-8:TR1: ABVAL ti=0 g=3 seq=0 chk_ok=0 r0=1064275431 r10=3221225472
0:9-9:TR1: ABVAL ti=0 g=2 seq=0 chk_ok=0 r0=1156994112 r10=4294967295
0:9-9:TR1: ABVAL ti=0 g=3 seq=0 chk_ok=0 r0=1169335022 r10=4294967295
0:10-0:TR1: ABVAL ti=0 g=2 seq=0 chk_ok=0 r0=1176551982 r10=4294967295
0:10-0:TR1: ABVAL ti=0 g=3 seq=0 chk_ok=0 r0=1174376771 r10=4294967295
0:10-1:TR1: ABVAL ti=0 g=2 seq=0 chk_ok=0 r0=1169335022 r10=67108863
0:10-1:TR1: ABVAL ti=0 g=3 seq=0 chk_ok=0 r0=1110042358 r10=536870912
0:10-2:TR1: ABVAL ti=0 g=2 seq=0 chk_ok=0 r0=1157707443 r10=4294967294
0:10-2:TR1: ABVAL ti=0 g=3 seq=0 chk_ok=0 r0=1182941599 r10=4294967295
0:10-3:TR1: ABVAL ti=0 g=2 seq=0 chk_ok=0 r0=1169335022 r10=2147483647
0:10-3:TR1: ABVAL ti=0 g=3 seq=0 chk_ok=0 r0=1110042358 r10=0
0:10-4:TR1: ABVAL ti=0 g=2 seq=0 chk_ok=0 r0=1130288548 r10=0
0:10-4:TR1: ABVAL ti=0 g=3 seq=0 chk_ok=0 r0=1113448159 r10=0
0:10-5:TR1: ABVAL ti=0 g=2 seq=0 chk_ok=0 r0=1119462288 r10=862348288
0:10-5:TR1: ABVAL ti=0 g=3 seq=0 chk_ok=0 r0=1130288548 r10=0
0:10-6:TR1: ABVAL ti=0 g=2 seq=0 chk_ok=0 r0=1176551982 r10=4294967295
0:10-6:TR1: ABVAL ti=0 g=3 seq=0 chk_ok=0 r0=1057711414 r10=2147483648
0:10-7:TR1: ABVAL ti=0 g=2 seq=0 chk_ok=0 r0=1167473666 r10=0
0:10-7:TR1: ABVAL ti=0 g=3 seq=0 chk_ok=0 r0=1157998767 r10=4294967159
0:10-8:TR1: ABVAL ti=0 g=2 seq=0 chk_ok=0 r0=1183906997 r10=4294967295
0:10-8:TR1: ABVAL ti=0 g=3 seq=0 chk_ok=0 r0=1176551982 r10=4294967295
0:10-9:TR1: ABVAL ti=0 g=2 seq=0 chk_ok=0 r0=1186158284 r10=0
0:10-9:TR1: ABVAL ti=0 g=3 seq=0 chk_ok=0 r0=1183906997 r10=4294967295
0:0-0:TR1: ABVAL ti=0 g=4 seq=0 chk_ok=0 r0=1174376771 r10=4294967295
0:0-0:TR1: ABVAL ti=0 g=5 seq=0 chk_ok=0 r0=1103767873 r10=8947848
0:0-1:TR1: ABVAL ti=0 g=4 seq=0 chk_ok=0 r0=1174376771 r10=4294967295
0:0-1:TR1: ABVAL ti=0 g=5 seq=0 chk_ok=0 r0=1088000024 r10=285212672
0:0-2:TR1: ABVAL ti=0 g=4 seq=0 chk_ok=0 r0=1174376771 r10=4294967295
0:0-2:TR1: ABVAL ti=0 g=5 seq=0 chk_ok=0 r0=1157896456 r10=0
0:0-3:TR1: ABVAL ti=0 g=4 seq=0 chk_ok=0 r0=1110059070 r10=0
0:0-3:TR1: ABVAL ti=0 g=5 seq=0 chk_ok=0 r0=1113846821 r10=0
0:0-4:TR1: ABVAL ti=0 g=4 seq=0 chk_ok=0 r0=1103007312 r10=0
0:0-4:TR1: ABVAL ti=0 g=5 seq=0 chk_ok=0 r0=1091020888 r10=8947712
0:0-5:TR1: ABVAL ti=0 g=4 seq=0 chk_ok=0 r0=1156994112 r10=286470963
0:0-5:TR1: ABVAL ti=0 g=5 seq=0 chk_ok=0 r0=1169335022 r10=4294967295
0:0-6:TR1: ABVAL ti=0 g=4 seq=0 chk_ok=0 r0=1143165954 r10=1979711488
0:0-6:TR1: ABVAL ti=0 g=5 seq=0 chk_ok=0 r0=1050423248 r10=2147483648
0:0-7:TR1: ABVAL ti=0 g=4 seq=0 chk_ok=0 r0=1157998767 r10=4294967295
0:0-7:TR1: ABVAL ti=0 g=5 seq=0 chk_ok=0 r0=1156994112 r10=4294967295
0:0-8:TR1: ABVAL ti=0 g=4 seq=0 chk_ok=0 r0=1123211350 r10=0
0:0-8:TR1: ABVAL ti=0 g=5 seq=0 chk_ok=0 r0=1124004733 r10=0
0:0-9:TR1: ABVAL ti=0 g=4 seq=0 chk_ok=0 r0=1174376771 r10=4294967295
0:0-9:TR1: ABVAL ti=0 g=5 seq=0 chk_ok=0 r0=1056286596 r10=4
0:1-0:TR1: ABVAL ti=0 g=4 seq=0 chk_ok=0 r0=1102464584 r10=3221225472
0:1-0:TR1: ABVAL ti=0 g=5 seq=0 chk_ok=0 r0=1083957471 r10=3426746368
0:1-1:TR1: ABVAL ti=0 g=4 seq=0 chk_ok=0 r0=1122962258 r10=3430940672
0:1-1:TR1: ABVAL ti=0 g=5 seq=0 chk_ok=0 r0=1174376771 r10=0
0:1-2:TR1: ABVAL ti=0 g=4 seq=0 chk_ok=0 r0=1174376771 r10=4294967295
0:1-2:TR1: ABVAL ti=0 g=5 seq=0 chk_ok=0 r0=1098889927 r10=285212672
0:1-3:TR1: ABVAL ti=0 g=4 seq=0 chk_ok=0 r0=1095497715 r10=2147483648
0:1-3:TR1: ABVAL ti=0 g=5 seq=0 chk_ok=0 r0=1090090162 r10=856752128
0:1-4:TR1: ABVAL ti=0 g=4 seq=0 chk_ok=0 r0=1106822816 r10=3824
0:1-4:TR1: ABVAL ti=0 g=5 seq=0 chk_ok=0 r0=1112625519 r10=3315
0:1-5:TR1: ABVAL ti=0 g=4 seq=0 chk_ok=0 r0=1174376771 r10=0
0:1-5:TR1: ABVAL ti=0 g=5 seq=0 chk_ok=0 r0=1117006065 r10=128
0:1-6:TR1: ABVAL ti=0 g=4 seq=0 chk_ok=0 r0=1124554922 r10=2290649224
0:1-6:TR1: ABVAL ti=0 g=5 seq=0 chk_ok=0 r0=1139716502 r10=8948940
0:1-7:TR1: ABVAL ti=0 g=4 seq=0 chk_ok=0 r0=1125049164 r10=0
0:1-7:TR1: ABVAL ti=0 g=5 seq=0 chk_ok=0 r0=1124244886 r10=0
0:1-8:TR1: ABVAL ti=0 g=4 seq=0 chk_ok=0 r0=1169335022 r10=4294967295
0:1-8:TR1: ABVAL ti=0 g=5 seq=0 chk_ok=0 r0=1111086611 r10=13402112
0:1-9:TR1: ABVAL ti=0 g=4 seq=0 chk_ok=0 r0=1169335022 r10=4294967295
0:1-9:TR1: ABVAL ti=0 g=5 seq=0 chk_ok=0 r0=1139771017 r10=2290647040
0:2-0:TR1: ABVAL ti=0 g=4 seq=0 chk_ok=0 r0=1176551982 r10=4294967295
0:2-0:TR1: ABVAL ti=0 g=5 seq=0 chk_ok=0 r0=1131654581 r10=285212672
0:2-1:TR1: ABVAL ti=0 g=4 seq=0 chk_ok=0 r0=1081536852 r10=805306368
0:2-1:TR1: ABVAL ti=0 g=5 seq=0 chk_ok=0 r0=1092682955 r10=0
0:2-2:TR1: ABVAL ti=0 g=4 seq=0 chk_ok=0 r0=1124554922 r10=2004877311
0:2-2:TR1: ABVAL ti=0 g=5 seq=0 chk_ok=0 r0=1157707443 r10=0
0:2-3:TR1: ABVAL ti=0 g=4 seq=0 chk_ok=0 r0=1174376771 r10=0
0:2-3:TR1: ABVAL ti=0 g=5 seq=0 chk_ok=0 r0=1114109095 r10=0
0:2-4:TR1: ABVAL ti=0 g=4 seq=0 chk_ok=0 r0=1122962258 r10=0
0:2-4:TR1: ABVAL ti=0 g=5 seq=0 chk_ok=0 r0=1174376771 r10=0
0:2-5:TR1: ABVAL ti=0 g=4 seq=0 chk_ok=0 r0=1124244886 r10=8912896
0:2-5:TR1: ABVAL ti=0 g=5 seq=0 chk_ok=0 r0=1123420527 r10=8912896
0:2-6:TR1: ABVAL ti=0 g=4 seq=0 chk_ok=0 r0=1100148926 r10=0
0:2-6:TR1: ABVAL ti=0 g=5 seq=0 chk_ok=0 r0=1059269272 r10=2281701376
0:2-7:TR1: ABVAL ti=0 g=4 seq=0 chk_ok=0 r0=1067110134 r10=3435970560
0:2-7:TR1: ABVAL ti=0 g=5 seq=0 chk_ok=0 r0=1104069185 r10=4261412864
0:2-8:TR1: ABVAL ti=0 g=4 seq=0 chk_ok=0 r0=1131654581 r10=0
0:2-8:TR1: ABVAL ti=0 g=5 seq=0 chk_ok=0 r0=1080887890 r10=70451
0:2-9:TR1: ABVAL ti=0 g=4 seq=0 chk_ok=0 r0=1174376771 r10=4294967295
0:2-9:TR1: ABVAL ti=0 g=5 seq=0 chk_ok=0 r0=1080173485 r10=3355443200
0:3-0:TR1: ABVAL ti=0 g=4 seq=0 chk_ok=0 r0=1174376771 r10=4294967295
0:3-0:TR1: ABVAL ti=0 g=5 seq=0 chk_ok=0 r0=1098889927 r10=2290089984
0:3-1:TR1: ABVAL ti=0 g=4 seq=0 chk_ok=0 r0=1143165954 r10=3221225472
0:3-1:TR1: ABVAL ti=0 g=5 seq=0 chk_ok=0 r0=1093392449 r10=0
0:3-2:TR1: ABVAL ti=0 g=4 seq=0 chk_ok=0 r0=1103996507 r10=1717847040
0:3-2:TR1: ABVAL ti=0 g=5 seq=0 chk_ok=0 r0=1176551982 r10=4294967295
0:3-3:TR1: ABVAL ti=0 g=4 seq=0 chk_ok=0 r0=1157998767 r10=4294967295
0:3-3:TR1: ABVAL ti=0 g=5 seq=0 chk_ok=0 r0=1156994112 r10=4294967295
0:3-4:TR1: ABVAL ti=0 g=4 seq=0 chk_ok=0 r0=1057867216 r10=2147483648
0:3-4:TR1: ABVAL ti=0 g=5 seq=0 chk_ok=0 r0=1105690256 r10=0
0:3-5:TR1: ABVAL ti=0 g=4 seq=0 chk_ok=0 r0=1183906997 r10=4294967295
0:3-5:TR1: ABVAL ti=0 g=5 seq=0 chk_ok=0 r0=1129002268 r10=0
0:3-6:TR1: ABVAL ti=0 g=4 seq=0 chk_ok=0 r0=1174376771 r10=4294967295
0:3-6:TR1: ABVAL ti=0 g=5 seq=0 chk_ok=0 r0=1056286596 r10=1145307136
0:3-7:TR1: ABVAL ti=0 g=4 seq=0 chk_ok=0 r0=1116862145 r10=0
0:3-7:TR1: ABVAL ti=0 g=5 seq=0 chk_ok=0 r0=1068060872 r10=268435456
0:3-8:TR1: ABVAL ti=0 g=4 seq=0 chk_ok=0 r0=1174376771 r10=4294967295
0:3-8:TR1: ABVAL ti=0 g=5 seq=0 chk_ok=0 r0=1131065586 r10=2290650316
0:3-9:TR1: ABVAL ti=0 g=4 seq=0 chk_ok=0 r0=1150842525 r10=4294967295
0:3-9:TR1: ABVAL ti=0 g=5 seq=0 chk_ok=0 r0=1176551982 r10=4294967295
0:4-0:TR1: ABVAL ti=0 g=4 seq=0 chk_ok=0 r0=1176551982 r10=4294967295
0:4-0:TR1: ABVAL ti=0 g=5 seq=0 chk_ok=0 r0=1083054470 r10=2147483648
0:4-1:TR1: ABVAL ti=0 g=4 seq=0 chk_ok=0 r0=1139573884 r10=0
0:4-1:TR1: ABVAL ti=0 g=5 seq=0 chk_ok=0 r0=1140126161 r10=0
0:4-2:TR1: ABVAL ti=0 g=4 seq=0 chk_ok=0 r0=1150842525 r10=4294967295
0:4-2:TR1: ABVAL ti=0 g=5 seq=0 chk_ok=0 r0=1176551982 r10=4294967295
0:4-3:TR1: ABVAL ti=0 g=4 seq=0 chk_ok=0 r0=1150842525 r10=4294967295
0:4-3:TR1: ABVAL ti=0 g=5 seq=0 chk_ok=0 r0=1062133317 r10=71303168
0:4-4:TR1: ABVAL ti=0 g=4 seq=0 chk_ok=0 r0=1174376771 r10=4294967295
0:4-4:TR1: ABVAL ti=0 g=5 seq=0 chk_ok=0 r0=1096373189 r10=0
0:4-5:TR1: ABVAL ti=0 g=4 seq=0 chk_ok=0 r0=1092285237 r10=0
0:4-5:TR1: ABVAL ti=0 g=5 seq=0 chk_ok=0 r0=1126688107 r10=0
0:4-6:TR1: ABVAL ti=0 g=4 seq=0 chk_ok=0 r0=1150842525 r10=858984720
0:4-6:TR1: ABVAL ti=0 g=5 seq=0 chk_ok=0 r0=1063607379 r10=268435456
0:4-7:TR1: ABVAL ti=0 g=4 seq=0 chk_ok=0 r0=1150842525 r10=4294967295
0:4-7:TR1: ABVAL ti=0 g=5 seq=0 chk_ok=0 r0=1176551982 r10=4294967295
0:4-8:TR1: ABVAL ti=0 g=4 seq=0 chk_ok=0 r0=1176551982 r10=0
0:4-8:TR1: ABVAL ti=0 g=5 seq=0 chk_ok=0 r0=1095772341 r10=0
0:4-9:TR1: ABVAL ti=0 g=4 seq=0 chk_ok=0 r0=1101463307 r10=0
0:4-9:TR1: ABVAL ti=0 g=5 seq=0 chk_ok=0 r0=1116142644 r10=0
0:5-0:TR1: ABVAL ti=0 g=4 seq=0 chk_ok=0 r0=1150842525 r10=4294967295
0:5-0:TR1: ABVAL ti=0 g=5 seq=0 chk_ok=0 r0=1176551982 r10=4294967295
0:5-1:TR1: ABVAL ti=0 g=4 seq=0 chk_ok=0 r0=1174376771 r10=939524095
0:5-1:TR1: ABVAL ti=0 g=5 seq=0 chk_ok=0 r0=1091020888 r10=0
0:5-2:TR1: ABVAL ti=0 g=4 seq=0 chk_ok=0 r0=1095772341 r10=1073741824
0:5-2:TR1: ABVAL ti=0 g=5 seq=0 chk_ok=0 r0=1076079187 r10=805306368
0:5-3:TR1: ABVAL ti=0 g=4 seq=0 chk_ok=0 r0=1132528109 r10=0
0:5-3:TR1: ABVAL ti=0 g=5 seq=0 chk_ok=0 r0=1135748723 r10=0
0:5-4:TR1: ABVAL ti=0 g=4 seq=0 chk_ok=0 r0=1122962258 r10=0
0:5-4:TR1: ABVAL ti=0 g=5 seq=0 chk_ok=0 r0=1080113741 r10=572522496
0:5-5:TR1: ABVAL ti=0 g=4 seq=0 chk_ok=0 r0=1124554922 r10=17
0:5-5:TR1: ABVAL ti=0 g=5 seq=0 chk_ok=0 r0=1157707443 r10=0
0:5-6:TR1: ABVAL ti=0 g=4 seq=0 chk_ok=0 r0=1058419750 r10=2147483648
0:5-6:TR1: ABVAL ti=0 g=5 seq=0 chk_ok=0 r0=1081621259 r10=1140850688
0:5-7:TR1: ABVAL ti=0 g=4 seq=0 chk_ok=0 r0=1157998767 r10=4294967295
0:5-7:TR1: ABVAL ti=0 g=5 seq=0 chk_ok=0 r0=1156994112 r10=4294967295
0:5-8:TR1: ABVAL ti=0 g=4 seq=0 chk_ok=0 r0=1078087685 r10=2290649216
0:5-8:TR1: ABVAL ti=0 g=5 seq=0 chk_ok=0 r0=1050862256 r10=268435456
0:5-9:TR1: ABVAL ti=0 g=4 seq=0 chk_ok=0 r0=1114731679 r10=2004353023
0:5-9:TR1: ABVAL ti=0 g=5 seq=0 chk_ok=0 r0=1083563122 r10=4369
0:6-0:TR1: ABVAL ti=0 g=4 seq=0 chk_ok=0 r0=1150842525 r10=4151521552
0:6-0:TR1: ABVAL ti=0 g=5 seq=0 chk_ok=0 r0=1176551982 r10=4294967295
0:6-1:TR1: ABVAL ti=0 g=4 seq=0 chk_ok=0 r0=1150842525 r10=4294967295
0:6-1:TR1: ABVAL ti=0 g=5 seq=0 chk_ok=0 r0=1176551982 r10=4294967295
0:6-2:TR1: ABVAL ti=0 g=4 seq=0 chk_ok=0 r0=1096621831 r10=286261248
0:6-2:TR1: ABVAL ti=0 g=5 seq=0 chk_ok=0 r0=1096424618 r10=286261248
0:6-3:TR1: ABVAL ti=0 g=4 seq=0 chk_ok=0 r0=1150842525 r10=4294967295
0:6-3:TR1: ABVAL ti=0 g=5 seq=0 chk_ok=0 r0=1065669598 r10=36044
0:6-4:TR1: ABVAL ti=0 g=4 seq=0 chk_ok=0 r0=1176551982 r10=4294967295
0:6-4:TR1: ABVAL ti=0 g=5 seq=0 chk_ok=0 r0=1092000061 r10=2281701376
0:6-5:TR1: ABVAL ti=0 g=4 seq=0 chk_ok=0 r0=1150842525 r10=4294967295
0:6-5:TR1: ABVAL ti=0 g=5 seq=0 chk_ok=0 r0=1176551982 r10=4294967295
0:6-6:TR1: ABVAL ti=0 g=4 seq=0 chk_ok=0 r0=1097241594 r10=1140850688
0:6-6:TR1: ABVAL ti=0 g=5 seq=0 chk_ok=0 r0=1098359347 r10=3422552064
0:6-7:TR1: ABVAL ti=0 g=4 seq=0 chk_ok=0 r0=1143165954 r10=0
0:6-7:TR1: ABVAL ti=0 g=5 seq=0 chk_ok=0 r0=1093392449 r10=2147483648
0:6-8:TR1: ABVAL ti=0 g=4 seq=0 chk_ok=0 r0=1069317346 r10=285212672
0:6-8:TR1: ABVAL ti=0 g=5 seq=0 chk_ok=0 r0=1057175648 r10=1073741824
0:6-9:TR1: ABVAL ti=0 g=4 seq=0 chk_ok=0 r0=1150842525 r10=4294967295
0:6-9:TR1: ABVAL ti=0 g=5 seq=0 chk_ok=0 r0=1176551982 r10=4294967295
0:7-0:TR1: ABVAL ti=0 g=4 seq=0 chk_ok=0 r0=1108569844 r10=0
0:7-0:TR1: ABVAL ti=0 g=5 seq=0 chk_ok=0 r0=1051369024 r10=2147483648
0:7-1:TR1: ABVAL ti=0 g=4 seq=0 chk_ok=0 r0=1150842525 r10=4026531839
0:7-1:TR1: ABVAL ti=0 g=5 seq=0 chk_ok=0 r0=1176551982 r10=4294967295
0:7-2:TR1: ABVAL ti=0 g=4 seq=0 chk_ok=0 r0=1110042358 r10=2290089984
0:7-2:TR1: ABVAL ti=0 g=5 seq=0 chk_ok=0 r0=1096621831 r10=2281701376
0:7-3:TR1: ABVAL ti=0 g=4 seq=0 chk_ok=0 r0=1101807455 r10=0
0:7-3:TR1: ABVAL ti=0 g=5 seq=0 chk_ok=0 r0=1120552587 r10=0
0:7-4:TR1: ABVAL ti=0 g=4 seq=0 chk_ok=0 r0=1176551982 r10=0
0:7-4:TR1: ABVAL ti=0 g=5 seq=0 chk_ok=0 r0=1174376771 r10=4294967295
0:7-5:TR1: ABVAL ti=0 g=4 seq=0 chk_ok=0 r0=1066039331 r10=214171648
0:7-5:TR1: ABVAL ti=0 g=5 seq=0 chk_ok=0 r0=1116514338 r10=858941028
0:7-6:TR1: ABVAL ti=0 g=4 seq=0 chk_ok=0 r0=1056254628 r10=13056
0:7-6:TR1: ABVAL ti=0 g=5 seq=0 chk_ok=0 r0=1070361940 r10=13056
0:7-7:TR1: ABVAL ti=0 g=4 seq=0 chk_ok=0 r0=1182941599 r10=4294967295
0:7-7:TR1: ABVAL ti=0 g=5 seq=0 chk_ok=0 r0=1138154590 r10=2146435072
0:7-8:TR1: ABVAL ti=0 g=4 seq=0 chk_ok=0 r0=1084113035 r10=1073741824
0:7-8:TR1: ABVAL ti=0 g=5 seq=0 chk_ok=0 r0=1114511721 r10=0
0:7-9:TR1: ABVAL ti=0 g=4 seq=0 chk_ok=0 r0=1150842525 r10=147648511
0:7-9:TR1: ABVAL ti=0 g=5 seq=0 chk_ok=0 r0=1176551982 r10=4294967295
0:8-0:TR1: ABVAL ti=0 g=4 seq=0 chk_ok=0 r0=1051640710 r10=2290089984
0:8-0:TR1: ABVAL ti=0 g=5 seq=0 chk_ok=0 r0=1059853364 r10=143130624
0:8-1:TR1: ABVAL ti=0 g=4 seq=0 chk_ok=0 r0=1119365492 r10=52428
0:8-1:TR1: ABVAL ti=0 g=5 seq=0 chk_ok=0 r0=1055513738 r10=136
0:8-2:TR1: ABVAL ti=0 g=4 seq=0 chk_ok=0 r0=1174376771 r10=4403
0:8-2:TR1: ABVAL ti=0 g=5 seq=0 chk_ok=0 r0=1091020888 r10=840957952
0:8-3:TR1: ABVAL ti=0 g=4 seq=0 chk_ok=0 r0=1156994112 r10=4294967295
0:8-3:TR1: ABVAL ti=0 g=5 seq=0 chk_ok=0 r0=1169335022 r10=4294967295
0:8-4:TR1: ABVAL ti=0 g=4 seq=0 chk_ok=0 r0=1150842525 r10=147783679
0:8-4:TR1: ABVAL ti=0 g=5 seq=0 chk_ok=0 r0=1176551982 r10=4294967295
0:8-5:TR1: ABVAL ti=0 g=4 seq=0 chk_ok=0 r0=1068497128 r10=1610612736
0:8-5:TR1: ABVAL ti=0 g=5 seq=0 chk_ok=0 r0=1063016200 r10=1711276032
0:8-6:TR1: ABVAL ti=0 g=4 seq=0 chk_ok=0 r0=1108211157 r10=3288334336
0:8-6:TR1: ABVAL ti=0 g=5 seq=0 chk_ok=0 r0=1097398988 r10=2290089984
0:8-7:TR1: ABVAL ti=0 g=4 seq=0 chk_ok=0 r0=1174376771 r10=2013265919
0:8-7:TR1: ABVAL ti=0 g=5 seq=0 chk_ok=0 r0=1080173485 r10=214748364
0:8-8:TR1: ABVAL ti=0 g=4 seq=0 chk_ok=0 r0=1150842525 r10=322122547
0:8-8:TR1: ABVAL ti=0 g=5 seq=0 chk_ok=0 r0=1073874097 r10=1114112
0:8-9:TR1: ABVAL ti=0 g=4 seq=0 chk_ok=0 r0=1157998767 r10=4294967295
0:8-9:TR1: ABVAL ti=0 g=5 seq=0 chk_ok=0 r0=1156994112 r10=4294967295
0:9-0:TR1: ABVAL ti=0 g=4 seq=0 chk_ok=0 r0=1174376771 r10=4294967295
0:9-0:TR1: ABVAL ti=0 g=5 seq=0 chk_ok=0 r0=1093086762 r10=0
0:9-1:TR1: ABVAL ti=0 g=4 seq=0 chk_ok=0 r0=1053469731 r10=570425344
0:9-1:TR1: ABVAL ti=0 g=5 seq=0 chk_ok=0 r0=1058748235 r10=268435456
0:9-2:TR1: ABVAL ti=0 g=4 seq=0 chk_ok=0 r0=1157707443 r10=0
0:9-2:TR1: ABVAL ti=0 g=5 seq=0 chk_ok=0 r0=1139716502 r10=70519
0:9-3:TR1: ABVAL ti=0 g=4 seq=0 chk_ok=0 r0=1106217294 r10=143165568
0:9-3:TR1: ABVAL ti=0 g=5 seq=0 chk_ok=0 r0=1116514338 r10=3435694208
0:9-4:TR1: ABVAL ti=0 g=4 seq=0 chk_ok=0 r0=1128715292 r10=0
0:9-4:TR1: ABVAL ti=0 g=5 seq=0 chk_ok=0 r0=1125526340 r10=0
0:9-5:TR1: ABVAL ti=0 g=4 seq=0 chk_ok=0 r0=1169335022 r10=4294967295
0:9-5:TR1: ABVAL ti=0 g=5 seq=0 chk_ok=0 r0=1087880665 r10=1
0:9-6:TR1: ABVAL ti=0 g=4 seq=0 chk_ok=0 r0=1156994112 r10=4294967295
0:9-6:TR1: ABVAL ti=0 g=5 seq=0 chk_ok=0 r0=1169335022 r10=4294967295
0:9-7:TR1: ABVAL ti=0 g=4 seq=0 chk_ok=0 r0=1156994112 r10=859273079
0:9-7:TR1: ABVAL ti=0 g=5 seq=0 chk_ok=0 r0=1169335022 r10=4294967295
0:9-8:TR1: ABVAL ti=0 g=4 seq=0 chk_ok=0 r0=1100153168 r10=536870912
0:9-8:TR1: ABVAL ti=0 g=5 seq=0 chk_ok=0 r0=1114511721 r10=1073741824
0:9-9:TR1: ABVAL ti=0 g=4 seq=0 chk_ok=0 r0=1150842525 r10=0
0:9-9:TR1: ABVAL ti=0 g=5 seq=0 chk_ok=0 r0=1176551982 r10=4294967295
0:10-0:TR1: ABVAL ti=0 g=4 seq=0 chk_ok=0 r0=1110124697 r10=559232
0:10-0:TR1: ABVAL ti=0 g=5 seq=0 chk_ok=0 r0=1097529429 r10=3288334336
0:10-1:TR1: ABVAL ti=0 g=4 seq=0 chk_ok=0 r0=1092439668 r10=3435973836
0:10-1:TR1: ABVAL ti=0 g=5 seq=0 chk_ok=0 r0=1111722456 r10=1154271368
0:10-2:TR1: ABVAL ti=0 g=4 seq=0 chk_ok=0 r0=1138154590 r10=1
0:10-2:TR1: ABVAL ti=0 g=5 seq=0 chk_ok=0 r0=1064608504 r10=8945664
0:10-3:TR1: ABVAL ti=0 g=4 seq=0 chk_ok=0 r0=1119307268 r10=0
0:10-3:TR1: ABVAL ti=0 g=5 seq=0 chk_ok=0 r0=1139771017 r10=34956
0:10-4:TR1: ABVAL ti=0 g=4 seq=0 chk_ok=0 r0=1129743904 r10=0
0:10-4:TR1: ABVAL ti=0 g=5 seq=0 chk_ok=0 r0=1113771430 r10=0
0:10-5:TR1: ABVAL ti=0 g=4 seq=0 chk_ok=0 r0=1107845522 r10=0
0:10-5:TR1: ABVAL ti=0 g=5 seq=0 chk_ok=0 r0=1127382032 r10=0
0:10-6:TR1: ABVAL ti=0 g=4 seq=0 chk_ok=0 r0=1096876779 r10=3992977408
0:10-6:TR1: ABVAL ti=0 g=5 seq=0 chk_ok=0 r0=1095046254 r10=0
0:10-7:TR1: ABVAL ti=0 g=4 seq=0 chk_ok=0 r0=1169335022 r10=0
0:10-7:TR1: ABVAL ti=0 g=5 seq=0 chk_ok=0 r0=1124554922 r10=3435659264
0:10-8:TR1: ABVAL ti=0 g=4 seq=0 chk_ok=0 r0=1174376771 r10=4294967295
0:10-8:TR1: ABVAL ti=0 g=5 seq=0 chk_ok=0 r0=1108331540 r10=143163392
0:10-9:TR1: ABVAL ti=0 g=4 seq=0 chk_ok=0 r0=1174376771 r10=4294967295
0:10-9:TR1: ABVAL ti=0 g=5 seq=0 chk_ok=0 r0=1110051824 r10=857866240
0:10-0:TR1: ABCK ti=0 L=8527 seqmm=8526 chkmm=8527 rows=8527
0:10-1:TR1: ABCK ti=0 L=8528 seqmm=8527 chkmm=8528 rows=8528
0:10-2:TR1: ABCK ti=0 L=8444 seqmm=8443 chkmm=8444 rows=8444
0:10-3:TR1: ABCK ti=0 L=8378 seqmm=8377 chkmm=8378 rows=8378
0:10-4:TR1: ABCK ti=0 L=8424 seqmm=8423 chkmm=8424 rows=8424
0:10-5:TR1: ABCK ti=0 L=8389 seqmm=8388 chkmm=8389 rows=8389
0:10-6:TR1: ABCK ti=0 L=8353 seqmm=8352 chkmm=8353 rows=8353
0:10-7:TR1: ABCK ti=0 L=8360 seqmm=8359 chkmm=8360 rows=8360
0:10-8:TR1: ABCK ti=0 L=8284 seqmm=8283 chkmm=8284 rows=8284
0:10-9:TR1: ABCK ti=0 L=8246 seqmm=8245 chkmm=8246 rows=8246
0:9-7:TR1: ABCK ti=0 L=8760 seqmm=8759 chkmm=8760 rows=8760
0:9-8:TR1: ABCK ti=0 L=8680 seqmm=8679 chkmm=8680 rows=8680
0:9-9:TR1: ABCK ti=0 L=8574 seqmm=8573 chkmm=8574 rows=8574
0:9-0:TR1: ABCK ti=0 L=9302 seqmm=9301 chkmm=9302 rows=9302
0:9-1:TR1: ABCK ti=0 L=9293 seqmm=9292 chkmm=9293 rows=9293
0:9-2:TR1: ABCK ti=0 L=9266 seqmm=9265 chkmm=9266 rows=9266
0:9-3:TR1: ABCK ti=0 L=9159 seqmm=9158 chkmm=9159 rows=9159
0:9-4:TR1: ABCK ti=0 L=9216 seqmm=9215 chkmm=9216 rows=9216
0:9-5:TR1: ABCK ti=0 L=9093 seqmm=9092 chkmm=9093 rows=9093
0:9-6:TR1: ABCK ti=0 L=9101 seqmm=9100 chkmm=9101 rows=9101
0:8-1:TR1: ABCK ti=0 L=9703 seqmm=9702 chkmm=9703 rows=9703
0:8-3:TR1: ABCK ti=0 L=9654 seqmm=9653 chkmm=9654 rows=9654
0:8-4:TR1: ABCK ti=0 L=9624 seqmm=9623 chkmm=9624 rows=9624
0:8-5:TR1: ABCK ti=0 L=9548 seqmm=9547 chkmm=9548 rows=9548
0:8-6:TR1: ABCK ti=0 L=9516 seqmm=9515 chkmm=9516 rows=9516
0:8-7:TR1: ABCK ti=0 L=9637 seqmm=9636 chkmm=9637 rows=9637
0:8-8:TR1: ABCK ti=0 L=9495 seqmm=9494 chkmm=9495 rows=9495
0:8-9:TR1: ABCK ti=0 L=9433 seqmm=9432 chkmm=9433 rows=9433
0:7-6:TR1: ABCK ti=0 L=10085 seqmm=10084 chkmm=10085 rows=10085
0:7-7:TR1: ABCK ti=0 L=9980 seqmm=9979 chkmm=9980 rows=9980
0:7-8:TR1: ABCK ti=0 L=9938 seqmm=9937 chkmm=9938 rows=9938
0:7-9:TR1: ABCK ti=0 L=9982 seqmm=9981 chkmm=9982 rows=9982
0:8-0:TR1: ABCK ti=0 L=9885 seqmm=9884 chkmm=9885 rows=9885
0:8-2:TR1: ABCK ti=0 L=9775 seqmm=9774 chkmm=9775 rows=9775
0:6-9:TR1: ABCK ti=0 L=10483 seqmm=10482 chkmm=10483 rows=10483
0:7-1:TR1: ABCK ti=0 L=10303 seqmm=10302 chkmm=10303 rows=10303
0:7-2:TR1: ABCK ti=0 L=10296 seqmm=10295 chkmm=10296 rows=10296
0:7-3:TR1: ABCK ti=0 L=10254 seqmm=10253 chkmm=10254 rows=10254
0:7-4:TR1: ABCK ti=0 L=10210 seqmm=10209 chkmm=10210 rows=10210
0:7-5:TR1: ABCK ti=0 L=10172 seqmm=10171 chkmm=10172 rows=10172
0:10-2:TR1: ABCK ti=1 L=7616 seqmm=0 chkmm=0 rows=7616
0:10-8:TR1: ABCK ti=1 L=8100 seqmm=0 chkmm=0 rows=8100
0:10-9:TR1: ABCK ti=1 L=8091 seqmm=0 chkmm=0 rows=8091
0:6-3:TR1: ABCK ti=0 L=10796 seqmm=10795 chkmm=10796 rows=10796
0:6-4:TR1: ABCK ti=0 L=10831 seqmm=10830 chkmm=10831 rows=10831
0:6-5:TR1: ABCK ti=0 L=10759 seqmm=10758 chkmm=10759 rows=10759
0:6-6:TR1: ABCK ti=0 L=10732 seqmm=10731 chkmm=10732 rows=10732
0:6-7:TR1: ABCK ti=0 L=10614 seqmm=10613 chkmm=10614 rows=10614
0:6-8:TR1: ABCK ti=0 L=10612 seqmm=10611 chkmm=10612 rows=10612
0:7-0:TR1: ABCK ti=0 L=10543 seqmm=10542 chkmm=10543 rows=10543
0:10-1:TR1: ABCK ti=1 L=7677 seqmm=0 chkmm=0 rows=7677
0:10-3:TR1: ABCK ti=1 L=7850 seqmm=0 chkmm=0 rows=7850
0:10-4:TR1: ABCK ti=1 L=8057 seqmm=0 chkmm=0 rows=8057
0:10-5:TR1: ABCK ti=1 L=8057 seqmm=0 chkmm=0 rows=8057
0:10-7:TR1: ABCK ti=1 L=7834 seqmm=0 chkmm=0 rows=7834
0:6-0:TR1: ABCK ti=0 L=11157 seqmm=11156 chkmm=11157 rows=11157
0:6-1:TR1: ABCK ti=0 L=11088 seqmm=11087 chkmm=11088 rows=11088
0:6-2:TR1: ABCK ti=0 L=11032 seqmm=11031 chkmm=11032 rows=11032
0:9-7:TR1: ABCK ti=1 L=7660 seqmm=0 chkmm=0 rows=7660
0:9-8:TR1: ABCK ti=1 L=7557 seqmm=0 chkmm=0 rows=7557
0:9-9:TR1: ABCK ti=1 L=7651 seqmm=0 chkmm=0 rows=7651
0:10-0:TR1: ABCK ti=1 L=7696 seqmm=0 chkmm=0 rows=7696
0:10-6:TR1: ABCK ti=1 L=7876 seqmm=0 chkmm=0 rows=7876
0:5-5:TR1: ABCK ti=0 L=11647 seqmm=11646 chkmm=11647 rows=11647
0:5-6:TR1: ABCK ti=0 L=11592 seqmm=11591 chkmm=11592 rows=11592
0:5-7:TR1: ABCK ti=0 L=11563 seqmm=11562 chkmm=11563 rows=11563
0:5-8:TR1: ABCK ti=0 L=11288 seqmm=11287 chkmm=11288 rows=11288
0:5-9:TR1: ABCK ti=0 L=11278 seqmm=11277 chkmm=11278 rows=11278
0:8-3:TR1: ABCK ti=1 L=6853 seqmm=0 chkmm=0 rows=6853
0:8-4:TR1: ABCK ti=1 L=6944 seqmm=0 chkmm=0 rows=6944
0:8-5:TR1: ABCK ti=1 L=7020 seqmm=0 chkmm=0 rows=7020
0:8-6:TR1: ABCK ti=1 L=6948 seqmm=0 chkmm=0 rows=6948
0:8-9:TR1: ABCK ti=1 L=7057 seqmm=0 chkmm=0 rows=7057
0:9-0:TR1: ABCK ti=1 L=7187 seqmm=0 chkmm=0 rows=7187
0:9-2:TR1: ABCK ti=1 L=7104 seqmm=0 chkmm=0 rows=7104
0:9-3:TR1: ABCK ti=1 L=7248 seqmm=0 chkmm=0 rows=7248
0:9-4:TR1: ABCK ti=1 L=7408 seqmm=0 chkmm=0 rows=7408
0:9-5:TR1: ABCK ti=1 L=7476 seqmm=0 chkmm=0 rows=7476
0:9-6:TR1: ABCK ti=1 L=7482 seqmm=0 chkmm=0 rows=7482
0:4-9:TR1: ABCK ti=0 L=12013 seqmm=12012 chkmm=12013 rows=12013
0:5-0:TR1: ABCK ti=0 L=11951 seqmm=11950 chkmm=11951 rows=11951
0:5-1:TR1: ABCK ti=0 L=11934 seqmm=11933 chkmm=11934 rows=11934
0:5-2:TR1: ABCK ti=0 L=11905 seqmm=11904 chkmm=11905 rows=11905
0:5-3:TR1: ABCK ti=0 L=11903 seqmm=11902 chkmm=11903 rows=11903
0:5-4:TR1: ABCK ti=0 L=11724 seqmm=11723 chkmm=11724 rows=11724
0:7-5:TR1: ABCK ti=1 L=6466 seqmm=0 chkmm=0 rows=6466
0:7-7:TR1: ABCK ti=1 L=6501 seqmm=0 chkmm=0 rows=6501
0:7-8:TR1: ABCK ti=1 L=6613 seqmm=0 chkmm=0 rows=6613
0:7-9:TR1: ABCK ti=1 L=6495 seqmm=0 chkmm=0 rows=6495
0:8-0:TR1: ABCK ti=1 L=6698 seqmm=0 chkmm=0 rows=6698
0:8-2:TR1: ABCK ti=1 L=6752 seqmm=0 chkmm=0 rows=6752
0:8-7:TR1: ABCK ti=1 L=6963 seqmm=0 chkmm=0 rows=6963
0:8-8:TR1: ABCK ti=1 L=7128 seqmm=0 chkmm=0 rows=7128
0:9-1:TR1: ABCK ti=1 L=7214 seqmm=0 chkmm=0 rows=7214
0:4-5:TR1: ABCK ti=0 L=12390 seqmm=12389 chkmm=12390 rows=12390
0:4-6:TR1: ABCK ti=0 L=12151 seqmm=12150 chkmm=12151 rows=12151
0:4-7:TR1: ABCK ti=0 L=12136 seqmm=12135 chkmm=12136 rows=12136
0:4-8:TR1: ABCK ti=0 L=12064 seqmm=12063 chkmm=12064 rows=12064
0:6-9:TR1: ABCK ti=1 L=6337 seqmm=0 chkmm=0 rows=6337
0:7-0:TR1: ABCK ti=1 L=6308 seqmm=0 chkmm=0 rows=6308
0:7-3:TR1: ABCK ti=1 L=6382 seqmm=0 chkmm=0 rows=6382
0:7-6:TR1: ABCK ti=1 L=6623 seqmm=0 chkmm=0 rows=6623
0:8-1:TR1: ABCK ti=1 L=6771 seqmm=0 chkmm=0 rows=6771
0:10-2:TR1: ABCK ti=2 L=4987 seqmm=0 chkmm=0 rows=4987
0:10-4:TR1: ABCK ti=2 L=4577 seqmm=0 chkmm=0 rows=4577
0:10-7:TR1: ABCK ti=2 L=4729 seqmm=0 chkmm=0 rows=4729
0:10-8:TR1: ABCK ti=2 L=4805 seqmm=0 chkmm=0 rows=4805
0:10-9:TR1: ABCK ti=2 L=4612 seqmm=0 chkmm=0 rows=4612
0:4-3:TR1: ABCK ti=0 L=12811 seqmm=12810 chkmm=12811 rows=12811
0:4-4:TR1: ABCK ti=0 L=12691 seqmm=12690 chkmm=12691 rows=12691
0:6-3:TR1: ABCK ti=1 L=6081 seqmm=0 chkmm=0 rows=6081
0:6-4:TR1: ABCK ti=1 L=6176 seqmm=0 chkmm=0 rows=6176
0:6-7:TR1: ABCK ti=1 L=6286 seqmm=0 chkmm=0 rows=6286
0:6-8:TR1: ABCK ti=1 L=6283 seqmm=0 chkmm=0 rows=6283
0:7-1:TR1: ABCK ti=1 L=6418 seqmm=0 chkmm=0 rows=6418
0:7-2:TR1: ABCK ti=1 L=6494 seqmm=0 chkmm=0 rows=6494
0:7-4:TR1: ABCK ti=1 L=6438 seqmm=0 chkmm=0 rows=6438
0:10-0:TR1: ABCK ti=2 L=4896 seqmm=0 chkmm=0 rows=4896
0:10-3:TR1: ABCK ti=2 L=4844 seqmm=0 chkmm=0 rows=4844
0:10-5:TR1: ABCK ti=2 L=4740 seqmm=0 chkmm=0 rows=4740
0:3-8:TR1: ABCK ti=0 L=13182 seqmm=13181 chkmm=13182 rows=13182
0:3-9:TR1: ABCK ti=0 L=12975 seqmm=12974 chkmm=12975 rows=12975
0:4-0:TR1: ABCK ti=0 L=12920 seqmm=12919 chkmm=12920 rows=12920
0:4-1:TR1: ABCK ti=0 L=12951 seqmm=12950 chkmm=12951 rows=12951
0:4-2:TR1: ABCK ti=0 L=12947 seqmm=12946 chkmm=12947 rows=12947
0:5-8:TR1: ABCK ti=1 L=6084 seqmm=0 chkmm=0 rows=6084
0:6-0:TR1: ABCK ti=1 L=6113 seqmm=0 chkmm=0 rows=6113
0:6-1:TR1: ABCK ti=1 L=6053 seqmm=0 chkmm=0 rows=6053
0:6-2:TR1: ABCK ti=1 L=6286 seqmm=0 chkmm=0 rows=6286
0:6-5:TR1: ABCK ti=1 L=6244 seqmm=0 chkmm=0 rows=6244
0:6-6:TR1: ABCK ti=1 L=6249 seqmm=0 chkmm=0 rows=6249
0:8-3:TR1: ABCK ti=2 L=4665 seqmm=0 chkmm=0 rows=4665
0:8-4:TR1: ABCK ti=2 L=4583 seqmm=0 chkmm=0 rows=4583
0:8-5:TR1: ABCK ti=2 L=4475 seqmm=0 chkmm=0 rows=4475
0:8-9:TR1: ABCK ti=2 L=4487 seqmm=0 chkmm=0 rows=4487
0:9-4:TR1: ABCK ti=2 L=4567 seqmm=0 chkmm=0 rows=4567
0:9-6:TR1: ABCK ti=2 L=4496 seqmm=0 chkmm=0 rows=4496
0:9-7:TR1: ABCK ti=2 L=4756 seqmm=0 chkmm=0 rows=4756
0:9-9:TR1: ABCK ti=2 L=4728 seqmm=0 chkmm=0 rows=4728
0:10-1:TR1: ABCK ti=2 L=4999 seqmm=0 chkmm=0 rows=4999
0:10-2:TR1: ABCK ti=3 L=3532 seqmm=0 chkmm=0 rows=3532
0:10-4:TR1: ABCK ti=3 L=3475 seqmm=0 chkmm=0 rows=3475
0:10-6:TR1: ABCK ti=2 L=4744 seqmm=0 chkmm=0 rows=4744
0:10-7:TR1: ABCK ti=3 L=3755 seqmm=0 chkmm=0 rows=3755
0:10-8:TR1: ABCK ti=3 L=3360 seqmm=0 chkmm=0 rows=3360
0:10-9:TR1: ABCK ti=3 L=3361 seqmm=0 chkmm=0 rows=3361
0:3-4:TR1: ABCK ti=0 L=13607 seqmm=13606 chkmm=13607 rows=13607
0:3-5:TR1: ABCK ti=0 L=13447 seqmm=13446 chkmm=13447 rows=13447
0:3-6:TR1: ABCK ti=0 L=13434 seqmm=13433 chkmm=13434 rows=13434
0:3-7:TR1: ABCK ti=0 L=13293 seqmm=13292 chkmm=13293 rows=13293
0:5-3:TR1: ABCK ti=1 L=5834 seqmm=0 chkmm=0 rows=5834
0:5-4:TR1: ABCK ti=1 L=5916 seqmm=0 chkmm=0 rows=5916
0:5-5:TR1: ABCK ti=1 L=5918 seqmm=0 chkmm=0 rows=5918
0:5-6:TR1: ABCK ti=1 L=5970 seqmm=0 chkmm=0 rows=5970
0:5-7:TR1: ABCK ti=1 L=5947 seqmm=0 chkmm=0 rows=5947
0:5-9:TR1: ABCK ti=1 L=6087 seqmm=0 chkmm=0 rows=6087
0:7-7:TR1: ABCK ti=2 L=4512 seqmm=0 chkmm=0 rows=4512
0:7-8:TR1: ABCK ti=2 L=4618 seqmm=0 chkmm=0 rows=4618
0:7-9:TR1: ABCK ti=2 L=4686 seqmm=0 chkmm=0 rows=4686
0:8-0:TR1: ABCK ti=2 L=4588 seqmm=0 chkmm=0 rows=4588
0:8-6:TR1: ABCK ti=2 L=4644 seqmm=0 chkmm=0 rows=4644
0:8-7:TR1: ABCK ti=2 L=4548 seqmm=0 chkmm=0 rows=4548
0:9-0:TR1: ABCK ti=2 L=4686 seqmm=0 chkmm=0 rows=4686
0:9-2:TR1: ABCK ti=2 L=4675 seqmm=0 chkmm=0 rows=4675
0:9-3:TR1: ABCK ti=2 L=4759 seqmm=0 chkmm=0 rows=4759
0:9-5:TR1: ABCK ti=2 L=4462 seqmm=0 chkmm=0 rows=4462
0:9-7:TR1: ABCK ti=3 L=3522 seqmm=0 chkmm=0 rows=3522
0:9-8:TR1: ABCK ti=2 L=4740 seqmm=0 chkmm=0 rows=4740
0:10-0:TR1: ABCK ti=3 L=3591 seqmm=0 chkmm=0 rows=3591
0:10-3:TR1: ABCK ti=3 L=3671 seqmm=0 chkmm=0 rows=3671
0:10-5:TR1: ABCK ti=3 L=3424 seqmm=0 chkmm=0 rows=3424
0:3-0:TR1: ABCK ti=0 L=13977 seqmm=13976 chkmm=13977 rows=13977
0:3-1:TR1: ABCK ti=0 L=13926 seqmm=13925 chkmm=13926 rows=13926
0:3-2:TR1: ABCK ti=0 L=13794 seqmm=13793 chkmm=13794 rows=13794
0:3-3:TR1: ABCK ti=0 L=13671 seqmm=13670 chkmm=13671 rows=13671
0:4-8:TR1: ABCK ti=1 L=5830 seqmm=0 chkmm=0 rows=5830
0:4-9:TR1: ABCK ti=1 L=5951 seqmm=0 chkmm=0 rows=5951
0:5-0:TR1: ABCK ti=1 L=5914 seqmm=0 chkmm=0 rows=5914
0:5-2:TR1: ABCK ti=1 L=5861 seqmm=0 chkmm=0 rows=5861
0:7-0:TR1: ABCK ti=2 L=4506 seqmm=0 chkmm=0 rows=4506
0:7-3:TR1: ABCK ti=2 L=4426 seqmm=0 chkmm=0 rows=4426
0:7-5:TR1: ABCK ti=2 L=4605 seqmm=0 chkmm=0 rows=4605
0:7-6:TR1: ABCK ti=2 L=4418 seqmm=0 chkmm=0 rows=4418
0:7-7:TR1: ABCK ti=3 L=3303 seqmm=0 chkmm=0 rows=3303
0:8-1:TR1: ABCK ti=2 L=4527 seqmm=0 chkmm=0 rows=4527
0:8-2:TR1: ABCK ti=2 L=4580 seqmm=0 chkmm=0 rows=4580
0:8-3:TR1: ABCK ti=3 L=3481 seqmm=0 chkmm=0 rows=3481
0:8-4:TR1: ABCK ti=3 L=3353 seqmm=0 chkmm=0 rows=3353
0:8-5:TR1: ABCK ti=3 L=3306 seqmm=0 chkmm=0 rows=3306
0:8-6:TR1: ABCK ti=3 L=3410 seqmm=0 chkmm=0 rows=3410
0:8-8:TR1: ABCK ti=2 L=4578 seqmm=0 chkmm=0 rows=4578
0:8-9:TR1: ABCK ti=3 L=3189 seqmm=0 chkmm=0 rows=3189
0:9-1:TR1: ABCK ti=2 L=4701 seqmm=0 chkmm=0 rows=4701
0:9-4:TR1: ABCK ti=3 L=3431 seqmm=0 chkmm=0 rows=3431
0:9-6:TR1: ABCK ti=3 L=3565 seqmm=0 chkmm=0 rows=3565
0:9-8:TR1: ABCK ti=3 L=3630 seqmm=0 chkmm=0 rows=3630
0:9-9:TR1: ABCK ti=3 L=3728 seqmm=0 chkmm=0 rows=3728
0:10-1:TR1: ABCK ti=3 L=3624 seqmm=0 chkmm=0 rows=3624
0:10-4:TR1: ABCK ti=4 L=2315 seqmm=0 chkmm=0 rows=2315
0:10-6:TR1: ABCK ti=3 L=3455 seqmm=0 chkmm=0 rows=3455
0:10-9:TR1: ABCK ti=4 L=2457 seqmm=0 chkmm=0 rows=2457
0:2-6:TR1: ABCK ti=0 L=14272 seqmm=14271 chkmm=14272 rows=14272
0:2-7:TR1: ABCK ti=0 L=14298 seqmm=14297 chkmm=14298 rows=14298
0:2-8:TR1: ABCK ti=0 L=14075 seqmm=14074 chkmm=14075 rows=14075
0:2-9:TR1: ABCK ti=0 L=14050 seqmm=14049 chkmm=14050 rows=14050
0:4-4:TR1: ABCK ti=1 L=5767 seqmm=0 chkmm=0 rows=5767
0:4-5:TR1: ABCK ti=1 L=5859 seqmm=0 chkmm=0 rows=5859
0:4-6:TR1: ABCK ti=1 L=5863 seqmm=0 chkmm=0 rows=5863
0:4-7:TR1: ABCK ti=1 L=5802 seqmm=0 chkmm=0 rows=5802
0:5-1:TR1: ABCK ti=1 L=5931 seqmm=0 chkmm=0 rows=5931
0:6-3:TR1: ABCK ti=2 L=4386 seqmm=0 chkmm=0 rows=4386
0:6-4:TR1: ABCK ti=2 L=4369 seqmm=0 chkmm=0 rows=4369
0:6-7:TR1: ABCK ti=2 L=4415 seqmm=0 chkmm=0 rows=4415
0:6-8:TR1: ABCK ti=2 L=4434 seqmm=0 chkmm=0 rows=4434
0:6-9:TR1: ABCK ti=2 L=4399 seqmm=0 chkmm=0 rows=4399
0:7-2:TR1: ABCK ti=2 L=4432 seqmm=0 chkmm=0 rows=4432
0:7-3:TR1: ABCK ti=3 L=3248 seqmm=0 chkmm=0 rows=3248
0:7-4:TR1: ABCK ti=2 L=4461 seqmm=0 chkmm=0 rows=4461
0:7-5:TR1: ABCK ti=3 L=3295 seqmm=0 chkmm=0 rows=3295
0:7-8:TR1: ABCK ti=3 L=3312 seqmm=0 chkmm=0 rows=3312
0:7-9:TR1: ABCK ti=3 L=3229 seqmm=0 chkmm=0 rows=3229
0:8-0:TR1: ABCK ti=3 L=3340 seqmm=0 chkmm=0 rows=3340
0:8-1:TR1: ABCK ti=3 L=3295 seqmm=0 chkmm=0 rows=3295
0:8-2:TR1: ABCK ti=3 L=3264 seqmm=0 chkmm=0 rows=3264
0:8-7:TR1: ABCK ti=3 L=3415 seqmm=0 chkmm=0 rows=3415
0:8-8:TR1: ABCK ti=3 L=3255 seqmm=0 chkmm=0 rows=3255
0:9-0:TR1: ABCK ti=3 L=3525 seqmm=0 chkmm=0 rows=3525
0:9-2:TR1: ABCK ti=3 L=3565 seqmm=0 chkmm=0 rows=3565
0:9-3:TR1: ABCK ti=3 L=3374 seqmm=0 chkmm=0 rows=3374
0:9-5:TR1: ABCK ti=3 L=3518 seqmm=0 chkmm=0 rows=3518
0:10-2:TR1: ABCK ti=4 L=2367 seqmm=0 chkmm=0 rows=2367
0:10-3:TR1: ABCK ti=4 L=2257 seqmm=0 chkmm=0 rows=2257
0:10-4:TR1: ABCK ti=5 L=1795 seqmm=0 chkmm=0 rows=1795
0:10-4:TR1: ABCK ti=6 L=731 seqmm=0 chkmm=0 rows=731
0:10-5:TR1: ABCK ti=4 L=2423 seqmm=0 chkmm=0 rows=2423
0:10-7:TR1: ABCK ti=4 L=2324 seqmm=0 chkmm=0 rows=2324
0:10-8:TR1: ABCK ti=4 L=2418 seqmm=0 chkmm=0 rows=2418
0:10-8:TR1: ABCK ti=5 L=1557 seqmm=0 chkmm=0 rows=1557
0:10-9:TR1: ABCK ti=5 L=1845 seqmm=0 chkmm=0 rows=1845
0:2-2:TR1: ABCK ti=0 L=14704 seqmm=14703 chkmm=14704 rows=14704
0:2-4:TR1: ABCK ti=0 L=14614 seqmm=14613 chkmm=14614 rows=14614
0:2-5:TR1: ABCK ti=0 L=14438 seqmm=14437 chkmm=14438 rows=14438
0:4-0:TR1: ABCK ti=1 L=5671 seqmm=0 chkmm=0 rows=5671
0:4-1:TR1: ABCK ti=1 L=5687 seqmm=0 chkmm=0 rows=5687
0:4-2:TR1: ABCK ti=1 L=5639 seqmm=0 chkmm=0 rows=5639
0:4-3:TR1: ABCK ti=1 L=5740 seqmm=0 chkmm=0 rows=5740
0:5-7:TR1: ABCK ti=2 L=4296 seqmm=0 chkmm=0 rows=4296
0:5-8:TR1: ABCK ti=2 L=4345 seqmm=0 chkmm=0 rows=4345
0:6-0:TR1: ABCK ti=2 L=4259 seqmm=0 chkmm=0 rows=4259
0:6-1:TR1: ABCK ti=2 L=4414 seqmm=0 chkmm=0 rows=4414
0:6-2:TR1: ABCK ti=2 L=4257 seqmm=0 chkmm=0 rows=4257
0:6-4:TR1: ABCK ti=3 L=3159 seqmm=0 chkmm=0 rows=3159
0:6-6:TR1: ABCK ti=2 L=4477 seqmm=0 chkmm=0 rows=4477
0:6-8:TR1: ABCK ti=3 L=3124 seqmm=0 chkmm=0 rows=3124
0:6-9:TR1: ABCK ti=3 L=3151 seqmm=0 chkmm=0 rows=3151
0:7-0:TR1: ABCK ti=3 L=3214 seqmm=0 chkmm=0 rows=3214
0:7-1:TR1: ABCK ti=2 L=4505 seqmm=0 chkmm=0 rows=4505
0:7-2:TR1: ABCK ti=3 L=3297 seqmm=0 chkmm=0 rows=3297
0:7-6:TR1: ABCK ti=3 L=3603 seqmm=0 chkmm=0 rows=3603
0:8-6:TR1: ABCK ti=4 L=2372 seqmm=0 chkmm=0 rows=2372
0:9-1:TR1: ABCK ti=3 L=3271 seqmm=0 chkmm=0 rows=3271
0:9-7:TR1: ABCK ti=4 L=2350 seqmm=0 chkmm=0 rows=2350
0:9-9:TR1: ABCK ti=4 L=2274 seqmm=0 chkmm=0 rows=2274
0:10-0:TR1: ABCK ti=4 L=2286 seqmm=0 chkmm=0 rows=2286
0:10-1:TR1: ABCK ti=4 L=2314 seqmm=0 chkmm=0 rows=2314
0:10-2:TR1: ABCK ti=5 L=1738 seqmm=0 chkmm=0 rows=1738
0:10-2:TR1: ABCK ti=6 L=992 seqmm=0 chkmm=0 rows=992
0:10-3:TR1: ABCK ti=5 L=1774 seqmm=0 chkmm=0 rows=1774
0:10-5:TR1: ABCK ti=5 L=1830 seqmm=0 chkmm=0 rows=1830
0:10-7:TR1: ABCK ti=5 L=1893 seqmm=0 chkmm=0 rows=1893
0:10-7:TR1: ABCK ti=6 L=691 seqmm=0 chkmm=0 rows=691
0:10-8:TR1: ABCK ti=6 L=1094 seqmm=0 chkmm=0 rows=1094
0:10-9:TR1: ABCK ti=6 L=790 seqmm=0 chkmm=0 rows=790
0:2-0:TR1: ABCK ti=0 L=15137 seqmm=15136 chkmm=15137 rows=15137
0:2-1:TR1: ABCK ti=0 L=15033 seqmm=15032 chkmm=15033 rows=15033
0:2-3:TR1: ABCK ti=0 L=14877 seqmm=14876 chkmm=14877 rows=14877
0:3-5:TR1: ABCK ti=1 L=5567 seqmm=0 chkmm=0 rows=5567
0:3-6:TR1: ABCK ti=1 L=5571 seqmm=0 chkmm=0 rows=5571
0:3-8:TR1: ABCK ti=1 L=5645 seqmm=0 chkmm=0 rows=5645
0:3-9:TR1: ABCK ti=1 L=5672 seqmm=0 chkmm=0 rows=5672
0:5-2:TR1: ABCK ti=2 L=4252 seqmm=0 chkmm=0 rows=4252
0:5-3:TR1: ABCK ti=2 L=4196 seqmm=0 chkmm=0 rows=4196
0:5-4:TR1: ABCK ti=2 L=4176 seqmm=0 chkmm=0 rows=4176
0:5-5:TR1: ABCK ti=2 L=4285 seqmm=0 chkmm=0 rows=4285
0:5-8:TR1: ABCK ti=3 L=3071 seqmm=0 chkmm=0 rows=3071
0:5-9:TR1: ABCK ti=2 L=4245 seqmm=0 chkmm=0 rows=4245
0:6-0:TR1: ABCK ti=3 L=3085 seqmm=0 chkmm=0 rows=3085
0:6-1:TR1: ABCK ti=3 L=3062 seqmm=0 chkmm=0 rows=3062
0:6-2:TR1: ABCK ti=3 L=3109 seqmm=0 chkmm=0 rows=3109
0:6-3:TR1: ABCK ti=3 L=3133 seqmm=0 chkmm=0 rows=3133
0:6-5:TR1: ABCK ti=2 L=4463 seqmm=0 chkmm=0 rows=4463
0:6-6:TR1: ABCK ti=3 L=3165 seqmm=0 chkmm=0 rows=3165
0:6-7:TR1: ABCK ti=3 L=3142 seqmm=0 chkmm=0 rows=3142
0:7-4:TR1: ABCK ti=3 L=3545 seqmm=0 chkmm=0 rows=3545
0:7-7:TR1: ABCK ti=4 L=2573 seqmm=0 chkmm=0 rows=2573
0:7-8:TR1: ABCK ti=4 L=2532 seqmm=0 chkmm=0 rows=2532
0:8-3:TR1: ABCK ti=4 L=2326 seqmm=0 chkmm=0 rows=2326
0:8-3:TR1: ABCK ti=5 L=1615 seqmm=0 chkmm=0 rows=1615
0:8-4:TR1: ABCK ti=4 L=2473 seqmm=0 chkmm=0 rows=2473
0:8-5:TR1: ABCK ti=4 L=2576 seqmm=0 chkmm=0 rows=2576
0:8-6:TR1: ABCK ti=5 L=1657 seqmm=0 chkmm=0 rows=1657
0:8-6:TR1: ABCK ti=6 L=902 seqmm=0 chkmm=0 rows=902
0:8-9:TR1: ABCK ti=4 L=2496 seqmm=0 chkmm=0 rows=2496
0:9-0:TR1: ABCK ti=4 L=2330 seqmm=0 chkmm=0 rows=2330
0:9-0:TR1: ABCK ti=5 L=1435 seqmm=0 chkmm=0 rows=1435
0:9-2:TR1: ABCK ti=4 L=2383 seqmm=0 chkmm=0 rows=2383
0:9-3:TR1: ABCK ti=4 L=2284 seqmm=0 chkmm=0 rows=2284
0:9-4:TR1: ABCK ti=4 L=2449 seqmm=0 chkmm=0 rows=2449
0:9-4:TR1: ABCK ti=5 L=1806 seqmm=0 chkmm=0 rows=1806
0:9-5:TR1: ABCK ti=4 L=2246 seqmm=0 chkmm=0 rows=2246
0:9-6:TR1: ABCK ti=4 L=2362 seqmm=0 chkmm=0 rows=2362
0:9-6:TR1: ABCK ti=5 L=1522 seqmm=0 chkmm=0 rows=1522
0:9-7:TR1: ABCK ti=5 L=1724 seqmm=0 chkmm=0 rows=1724
0:9-8:TR1: ABCK ti=4 L=2206 seqmm=0 chkmm=0 rows=2206
0:9-8:TR1: ABCK ti=5 L=1508 seqmm=0 chkmm=0 rows=1508
0:9-9:TR1: ABCK ti=5 L=1799 seqmm=0 chkmm=0 rows=1799
0:10-0:TR1: ABCK ti=5 L=1914 seqmm=0 chkmm=0 rows=1914
0:10-0:TR1: ABCK ti=6 L=645 seqmm=0 chkmm=0 rows=645
0:10-1:TR1: ABCK ti=5 L=1733 seqmm=0 chkmm=0 rows=1733
0:10-3:TR1: ABCK ti=6 L=640 seqmm=0 chkmm=0 rows=640
0:10-4:TR1: ABCK ti=7 L=345 seqmm=0 chkmm=0 rows=345
0:10-4:TR1: ABCK ti=8 L=224 seqmm=0 chkmm=0 rows=224
0:10-5:TR1: ABCK ti=6 L=1037 seqmm=0 chkmm=0 rows=1037
0:10-6:TR1: ABCK ti=4 L=2291 seqmm=0 chkmm=0 rows=2291
0:10-9:TR1: ABCK ti=7 L=305 seqmm=0 chkmm=0 rows=305
0:10-9:TR1: ABCK ti=8 L=234 seqmm=0 chkmm=0 rows=234
0:1-6:TR1: ABCK ti=0 L=15558 seqmm=15557 chkmm=15558 rows=15558
0:1-7:TR1: ABCK ti=0 L=15442 seqmm=15441 chkmm=15442 rows=15442
0:1-8:TR1: ABCK ti=0 L=15294 seqmm=15293 chkmm=15294 rows=15294
0:1-9:TR1: ABCK ti=0 L=15327 seqmm=15326 chkmm=15327 rows=15327
0:3-0:TR1: ABCK ti=1 L=5585 seqmm=0 chkmm=0 rows=5585
0:3-2:TR1: ABCK ti=1 L=5604 seqmm=0 chkmm=0 rows=5604
0:3-3:TR1: ABCK ti=1 L=5565 seqmm=0 chkmm=0 rows=5565
0:3-4:TR1: ABCK ti=1 L=5623 seqmm=0 chkmm=0 rows=5623
0:3-7:TR1: ABCK ti=1 L=5639 seqmm=0 chkmm=0 rows=5639
0:4-8:TR1: ABCK ti=2 L=4118 seqmm=0 chkmm=0 rows=4118
0:4-9:TR1: ABCK ti=2 L=4146 seqmm=0 chkmm=0 rows=4146
0:5-0:TR1: ABCK ti=2 L=4188 seqmm=0 chkmm=0 rows=4188
0:5-2:TR1: ABCK ti=3 L=3023 seqmm=0 chkmm=0 rows=3023
0:5-3:TR1: ABCK ti=3 L=2884 seqmm=0 chkmm=0 rows=2884
0:5-4:TR1: ABCK ti=3 L=3000 seqmm=0 chkmm=0 rows=3000
0:5-5:TR1: ABCK ti=3 L=3005 seqmm=0 chkmm=0 rows=3005
0:5-6:TR1: ABCK ti=2 L=4163 seqmm=0 chkmm=0 rows=4163
0:5-7:TR1: ABCK ti=3 L=3009 seqmm=0 chkmm=0 rows=3009
0:5-9:TR1: ABCK ti=3 L=3117 seqmm=0 chkmm=0 rows=3117
0:7-1:TR1: ABCK ti=3 L=3245 seqmm=0 chkmm=0 rows=3245
0:7-3:TR1: ABCK ti=4 L=2410 seqmm=0 chkmm=0 rows=2410
0:7-5:TR1: ABCK ti=4 L=2363 seqmm=0 chkmm=0 rows=2363
0:7-5:TR1: ABCK ti=5 L=1817 seqmm=0 chkmm=0 rows=1817
0:7-6:TR1: ABCK ti=4 L=2222 seqmm=0 chkmm=0 rows=2222
0:7-7:TR1: ABCK ti=5 L=1554 seqmm=0 chkmm=0 rows=1554
0:7-8:TR1: ABCK ti=5 L=1934 seqmm=0 chkmm=0 rows=1934
0:7-9:TR1: ABCK ti=4 L=2632 seqmm=0 chkmm=0 rows=2632
0:7-9:TR1: ABCK ti=5 L=1521 seqmm=0 chkmm=0 rows=1521
0:8-0:TR1: ABCK ti=4 L=2581 seqmm=0 chkmm=0 rows=2581
0:8-1:TR1: ABCK ti=4 L=2504 seqmm=0 chkmm=0 rows=2504
0:8-2:TR1: ABCK ti=4 L=2604 seqmm=0 chkmm=0 rows=2604
0:8-3:TR1: ABCK ti=6 L=979 seqmm=0 chkmm=0 rows=979
0:8-4:TR1: ABCK ti=5 L=1824 seqmm=0 chkmm=0 rows=1824
0:8-4:TR1: ABCK ti=6 L=820 seqmm=0 chkmm=0 rows=820
0:8-5:TR1: ABCK ti=5 L=1739 seqmm=0 chkmm=0 rows=1739
0:8-5:TR1: ABCK ti=6 L=947 seqmm=0 chkmm=0 rows=947
0:8-7:TR1: ABCK ti=4 L=2392 seqmm=0 chkmm=0 rows=2392
0:8-8:TR1: ABCK ti=4 L=2566 seqmm=0 chkmm=0 rows=2566
0:8-8:TR1: ABCK ti=5 L=1625 seqmm=0 chkmm=0 rows=1625
0:8-9:TR1: ABCK ti=5 L=1912 seqmm=0 chkmm=0 rows=1912
0:8-9:TR1: ABCK ti=6 L=652 seqmm=0 chkmm=0 rows=652
0:9-0:TR1: ABCK ti=6 L=1054 seqmm=0 chkmm=0 rows=1054
0:9-2:TR1: ABCK ti=5 L=1709 seqmm=0 chkmm=0 rows=1709
0:9-3:TR1: ABCK ti=5 L=1483 seqmm=0 chkmm=0 rows=1483
0:9-3:TR1: ABCK ti=6 L=1099 seqmm=0 chkmm=0 rows=1099
0:9-4:TR1: ABCK ti=6 L=910 seqmm=0 chkmm=0 rows=910
0:9-5:TR1: ABCK ti=5 L=1741 seqmm=0 chkmm=0 rows=1741
0:9-7:TR1: ABCK ti=6 L=1330 seqmm=0 chkmm=0 rows=1330
0:9-8:TR1: ABCK ti=6 L=932 seqmm=0 chkmm=0 rows=932
0:9-9:TR1: ABCK ti=6 L=758 seqmm=0 chkmm=0 rows=758
0:10-1:TR1: ABCK ti=6 L=1213 seqmm=0 chkmm=0 rows=1213
0:10-2:TR1: ABCK ti=7 L=401 seqmm=0 chkmm=0 rows=401
0:10-2:TR1: ABCK ti=8 L=272 seqmm=0 chkmm=0 rows=272
0:10-3:TR1: ABCK ti=7 L=320 seqmm=0 chkmm=0 rows=320
0:10-3:TR1: ABCK ti=8 L=207 seqmm=0 chkmm=0 rows=207
0:10-4:TR1: ABCK ti=9 L=114 seqmm=0 chkmm=0 rows=114
0:10-6:TR1: ABCK ti=5 L=1728 seqmm=0 chkmm=0 rows=1728
0:10-7:TR1: ABCK ti=7 L=360 seqmm=0 chkmm=0 rows=360
0:10-7:TR1: ABCK ti=8 L=273 seqmm=0 chkmm=0 rows=273
0:10-8:TR1: ABCK ti=7 L=356 seqmm=0 chkmm=0 rows=356
0:10-8:TR1: ABCK ti=8 L=374 seqmm=0 chkmm=0 rows=374
0:10-9:TR1: ABCK ti=9 L=206 seqmm=0 chkmm=0 rows=206
0:1-3:TR1: ABCK ti=0 L=15837 seqmm=15836 chkmm=15837 rows=15837
0:1-4:TR1: ABCK ti=0 L=15764 seqmm=15763 chkmm=15764 rows=15764
0:1-5:TR1: ABCK ti=0 L=15780 seqmm=15779 chkmm=15780 rows=15780
0:2-5:TR1: ABCK ti=1 L=5398 seqmm=0 chkmm=0 rows=5398
0:2-8:TR1: ABCK ti=1 L=5495 seqmm=0 chkmm=0 rows=5495
0:2-9:TR1: ABCK ti=1 L=5532 seqmm=0 chkmm=0 rows=5532
0:3-1:TR1: ABCK ti=1 L=5510 seqmm=0 chkmm=0 rows=5510
0:4-4:TR1: ABCK ti=2 L=4187 seqmm=0 chkmm=0 rows=4187
0:4-5:TR1: ABCK ti=2 L=4092 seqmm=0 chkmm=0 rows=4092
0:4-6:TR1: ABCK ti=2 L=4118 seqmm=0 chkmm=0 rows=4118
0:4-7:TR1: ABCK ti=2 L=4149 seqmm=0 chkmm=0 rows=4149
0:4-8:TR1: ABCK ti=3 L=3045 seqmm=0 chkmm=0 rows=3045
0:4-9:TR1: ABCK ti=3 L=2933 seqmm=0 chkmm=0 rows=2933
0:5-0:TR1: ABCK ti=3 L=2989 seqmm=0 chkmm=0 rows=2989
0:5-6:TR1: ABCK ti=3 L=3100 seqmm=0 chkmm=0 rows=3100
0:6-3:TR1: ABCK ti=4 L=2240 seqmm=0 chkmm=0 rows=2240
0:6-4:TR1: ABCK ti=4 L=2575 seqmm=0 chkmm=0 rows=2575
0:6-4:TR1: ABCK ti=5 L=1603 seqmm=0 chkmm=0 rows=1603
0:6-5:TR1: ABCK ti=3 L=3152 seqmm=0 chkmm=0 rows=3152
0:6-7:TR1: ABCK ti=4 L=2580 seqmm=0 chkmm=0 rows=2580
0:6-8:TR1: ABCK ti=4 L=2521 seqmm=0 chkmm=0 rows=2521
0:6-9:TR1: ABCK ti=4 L=2460 seqmm=0 chkmm=0 rows=2460
0:7-0:TR1: ABCK ti=4 L=2489 seqmm=0 chkmm=0 rows=2489
0:7-3:TR1: ABCK ti=5 L=1905 seqmm=0 chkmm=0 rows=1905
0:7-3:TR1: ABCK ti=6 L=705 seqmm=0 chkmm=0 rows=705
0:7-5:TR1: ABCK ti=6 L=843 seqmm=0 chkmm=0 rows=843
0:7-6:TR1: ABCK ti=5 L=1624 seqmm=0 chkmm=0 rows=1624
0:7-7:TR1: ABCK ti=6 L=1101 seqmm=0 chkmm=0 rows=1101
0:7-8:TR1: ABCK ti=6 L=843 seqmm=0 chkmm=0 rows=843
0:7-9:TR1: ABCK ti=6 L=1193 seqmm=0 chkmm=0 rows=1193
0:8-0:TR1: ABCK ti=5 L=1922 seqmm=0 chkmm=0 rows=1922
0:8-0:TR1: ABCK ti=6 L=798 seqmm=0 chkmm=0 rows=798
0:8-1:TR1: ABCK ti=5 L=1511 seqmm=0 chkmm=0 rows=1511
0:8-1:TR1: ABCK ti=6 L=991 seqmm=0 chkmm=0 rows=991
0:8-2:TR1: ABCK ti=5 L=1702 seqmm=0 chkmm=0 rows=1702
0:8-6:TR1: ABCK ti=7 L=291 seqmm=0 chkmm=0 rows=291
0:8-6:TR1: ABCK ti=8 L=244 seqmm=0 chkmm=0 rows=244
0:8-7:TR1: ABCK ti=5 L=1665 seqmm=0 chkmm=0 rows=1665
0:8-8:TR1: ABCK ti=6 L=1010 seqmm=0 chkmm=0 rows=1010
0:9-1:TR1: ABCK ti=4 L=2610 seqmm=0 chkmm=0 rows=2610
0:9-2:TR1: ABCK ti=6 L=1114 seqmm=0 chkmm=0 rows=1114
0:9-5:TR1: ABCK ti=6 L=876 seqmm=0 chkmm=0 rows=876
0:9-6:TR1: ABCK ti=6 L=1259 seqmm=0 chkmm=0 rows=1259
0:9-7:TR1: ABCK ti=7 L=519 seqmm=0 chkmm=0 rows=519
0:9-7:TR1: ABCK ti=8 L=222 seqmm=0 chkmm=0 rows=222
0:9-9:TR1: ABCK ti=7 L=418 seqmm=0 chkmm=0 rows=418
0:9-9:TR1: ABCK ti=8 L=240 seqmm=0 chkmm=0 rows=240
0:10-0:TR1: ABCK ti=7 L=311 seqmm=0 chkmm=0 rows=311
0:10-0:TR1: ABCK ti=8 L=236 seqmm=0 chkmm=0 rows=236
0:10-1:TR1: ABCK ti=7 L=316 seqmm=0 chkmm=0 rows=316
0:10-1:TR1: ABCK ti=8 L=277 seqmm=0 chkmm=0 rows=277
0:10-2:TR1: ABCK ti=9 L=127 seqmm=0 chkmm=0 rows=127
0:10-3:TR1: ABCK ti=9 L=112 seqmm=0 chkmm=0 rows=112
0:10-5:TR1: ABCK ti=7 L=472 seqmm=0 chkmm=0 rows=472
0:10-5:TR1: ABCK ti=8 L=215 seqmm=0 chkmm=0 rows=215
0:10-6:TR1: ABCK ti=6 L=1046 seqmm=0 chkmm=0 rows=1046
0:10-7:TR1: ABCK ti=9 L=201 seqmm=0 chkmm=0 rows=201
0:2-2:TR1: ABCK ti=1 L=5435 seqmm=0 chkmm=0 rows=5435
0:2-4:TR1: ABCK ti=1 L=5450 seqmm=0 chkmm=0 rows=5450
0:2-6:TR1: ABCK ti=1 L=5557 seqmm=0 chkmm=0 rows=5557
0:2-7:TR1: ABCK ti=1 L=5501 seqmm=0 chkmm=0 rows=5501
0:3-9:TR1: ABCK ti=2 L=4099 seqmm=0 chkmm=0 rows=4099
0:4-0:TR1: ABCK ti=2 L=4033 seqmm=0 chkmm=0 rows=4033
0:4-1:TR1: ABCK ti=2 L=4132 seqmm=0 chkmm=0 rows=4132
0:4-2:TR1: ABCK ti=2 L=4135 seqmm=0 chkmm=0 rows=4135
0:4-3:TR1: ABCK ti=2 L=4036 seqmm=0 chkmm=0 rows=4036
0:4-5:TR1: ABCK ti=3 L=2825 seqmm=0 chkmm=0 rows=2825
0:4-7:TR1: ABCK ti=3 L=2974 seqmm=0 chkmm=0 rows=2974
0:5-1:TR1: ABCK ti=2 L=4165 seqmm=0 chkmm=0 rows=4165
0:5-3:TR1: ABCK ti=4 L=2160 seqmm=0 chkmm=0 rows=2160
0:5-3:TR1: ABCK ti=5 L=1381 seqmm=0 chkmm=0 rows=1381
0:5-8:TR1: ABCK ti=4 L=2139 seqmm=0 chkmm=0 rows=2139
0:6-0:TR1: ABCK ti=4 L=2301 seqmm=0 chkmm=0 rows=2301
0:6-1:TR1: ABCK ti=4 L=2381 seqmm=0 chkmm=0 rows=2381
0:6-2:TR1: ABCK ti=4 L=2309 seqmm=0 chkmm=0 rows=2309
0:6-2:TR1: ABCK ti=5 L=1741 seqmm=0 chkmm=0 rows=1741
0:6-3:TR1: ABCK ti=5 L=1973 seqmm=0 chkmm=0 rows=1973
0:6-4:TR1: ABCK ti=6 L=1017 seqmm=0 chkmm=0 rows=1017
0:6-6:TR1: ABCK ti=4 L=2456 seqmm=0 chkmm=0 rows=2456
0:6-7:TR1: ABCK ti=5 L=1717 seqmm=0 chkmm=0 rows=1717
0:6-7:TR1: ABCK ti=6 L=864 seqmm=0 chkmm=0 rows=864
0:6-8:TR1: ABCK ti=5 L=1763 seqmm=0 chkmm=0 rows=1763
0:6-9:TR1: ABCK ti=5 L=1872 seqmm=0 chkmm=0 rows=1872
0:6-9:TR1: ABCK ti=6 L=699 seqmm=0 chkmm=0 rows=699
0:7-0:TR1: ABCK ti=5 L=1714 seqmm=0 chkmm=0 rows=1714
0:7-1:TR1: ABCK ti=4 L=2438 seqmm=0 chkmm=0 rows=2438
0:7-2:TR1: ABCK ti=4 L=2621 seqmm=0 chkmm=0 rows=2621
0:7-2:TR1: ABCK ti=5 L=1580 seqmm=0 chkmm=0 rows=1580
0:7-4:TR1: ABCK ti=4 L=2454 seqmm=0 chkmm=0 rows=2454
0:7-4:TR1: ABCK ti=5 L=1556 seqmm=0 chkmm=0 rows=1556
0:7-6:TR1: ABCK ti=6 L=971 seqmm=0 chkmm=0 rows=971
0:7-7:TR1: ABCK ti=7 L=336 seqmm=0 chkmm=0 rows=336
0:7-7:TR1: ABCK ti=8 L=243 seqmm=0 chkmm=0 rows=243
0:7-8:TR1: ABCK ti=7 L=598 seqmm=0 chkmm=0 rows=598
0:7-8:TR1: ABCK ti=8 L=195 seqmm=0 chkmm=0 rows=195
0:8-2:TR1: ABCK ti=6 L=1243 seqmm=0 chkmm=0 rows=1243
0:8-3:TR1: ABCK ti=7 L=284 seqmm=0 chkmm=0 rows=284
0:8-3:TR1: ABCK ti=8 L=264 seqmm=0 chkmm=0 rows=264
0:8-4:TR1: ABCK ti=7 L=372 seqmm=0 chkmm=0 rows=372
0:8-4:TR1: ABCK ti=8 L=271 seqmm=0 chkmm=0 rows=271
0:8-5:TR1: ABCK ti=7 L=374 seqmm=0 chkmm=0 rows=374
0:8-5:TR1: ABCK ti=8 L=296 seqmm=0 chkmm=0 rows=296
0:8-7:TR1: ABCK ti=6 L=1043 seqmm=0 chkmm=0 rows=1043
0:8-9:TR1: ABCK ti=7 L=396 seqmm=0 chkmm=0 rows=396
0:8-9:TR1: ABCK ti=8 L=230 seqmm=0 chkmm=0 rows=230
0:9-0:TR1: ABCK ti=7 L=359 seqmm=0 chkmm=0 rows=359
0:9-0:TR1: ABCK ti=8 L=425 seqmm=0 chkmm=0 rows=425
0:9-1:TR1: ABCK ti=5 L=1743 seqmm=0 chkmm=0 rows=1743
0:9-2:TR1: ABCK ti=7 L=361 seqmm=0 chkmm=0 rows=361
0:9-2:TR1: ABCK ti=8 L=254 seqmm=0 chkmm=0 rows=254
0:9-3:TR1: ABCK ti=7 L=334 seqmm=0 chkmm=0 rows=334
0:9-3:TR1: ABCK ti=8 L=234 seqmm=0 chkmm=0 rows=234
0:9-4:TR1: ABCK ti=7 L=305 seqmm=0 chkmm=0 rows=305
0:9-4:TR1: ABCK ti=8 L=230 seqmm=0 chkmm=0 rows=230
0:9-5:TR1: ABCK ti=7 L=276 seqmm=0 chkmm=0 rows=276
0:9-5:TR1: ABCK ti=8 L=226 seqmm=0 chkmm=0 rows=226
0:9-6:TR1: ABCK ti=7 L=297 seqmm=0 chkmm=0 rows=297
0:9-6:TR1: ABCK ti=8 L=243 seqmm=0 chkmm=0 rows=243
0:9-7:TR1: ABCK ti=9 L=197 seqmm=0 chkmm=0 rows=197
0:9-8:TR1: ABCK ti=7 L=378 seqmm=0 chkmm=0 rows=378
0:9-8:TR1: ABCK ti=8 L=314 seqmm=0 chkmm=0 rows=314
0:9-9:TR1: ABCK ti=9 L=136 seqmm=0 chkmm=0 rows=136
0:10-0:TR1: ABCK ti=9 L=106 seqmm=0 chkmm=0 rows=106
0:10-1:TR1: ABCK ti=9 L=120 seqmm=0 chkmm=0 rows=120
0:10-5:TR1: ABCK ti=9 L=138 seqmm=0 chkmm=0 rows=138
0:10-6:TR1: ABCK ti=7 L=332 seqmm=0 chkmm=0 rows=332
0:10-6:TR1: ABCK ti=8 L=253 seqmm=0 chkmm=0 rows=253
0:0-8:TR1: ABCK ti=0 L=16805 seqmm=16804 chkmm=16805 rows=16805
0:0-9:TR1: ABCK ti=0 L=16735 seqmm=16734 chkmm=16735 rows=16735
0:1-0:TR1: ABCK ti=0 L=16581 seqmm=16580 chkmm=16581 rows=16581
0:1-1:TR1: ABCK ti=0 L=16505 seqmm=16504 chkmm=16505 rows=16505
0:1-2:TR1: ABCK ti=0 L=16493 seqmm=16492 chkmm=16493 rows=16493
0:1-9:TR1: ABCK ti=1 L=5361 seqmm=0 chkmm=0 rows=5361
0:2-0:TR1: ABCK ti=1 L=5315 seqmm=0 chkmm=0 rows=5315
0:2-3:TR1: ABCK ti=1 L=5462 seqmm=0 chkmm=0 rows=5462
0:4-0:TR1: ABCK ti=3 L=2892 seqmm=0 chkmm=0 rows=2892
0:4-1:TR1: ABCK ti=3 L=2874 seqmm=0 chkmm=0 rows=2874
0:4-2:TR1: ABCK ti=3 L=2899 seqmm=0 chkmm=0 rows=2899
0:4-3:TR1: ABCK ti=3 L=2917 seqmm=0 chkmm=0 rows=2917
0:4-4:TR1: ABCK ti=3 L=2884 seqmm=0 chkmm=0 rows=2884
0:4-6:TR1: ABCK ti=3 L=2973 seqmm=0 chkmm=0 rows=2973
0:5-1:TR1: ABCK ti=3 L=2955 seqmm=0 chkmm=0 rows=2955
0:5-2:TR1: ABCK ti=4 L=2093 seqmm=0 chkmm=0 rows=2093
0:5-3:TR1: ABCK ti=6 L=789 seqmm=0 chkmm=0 rows=789
0:5-4:TR1: ABCK ti=4 L=2259 seqmm=0 chkmm=0 rows=2259
0:5-5:TR1: ABCK ti=4 L=2181 seqmm=0 chkmm=0 rows=2181
0:5-7:TR1: ABCK ti=4 L=2256 seqmm=0 chkmm=0 rows=2256
0:5-7:TR1: ABCK ti=5 L=1492 seqmm=0 chkmm=0 rows=1492
0:5-8:TR1: ABCK ti=5 L=1887 seqmm=0 chkmm=0 rows=1887
0:5-9:TR1: ABCK ti=4 L=2294 seqmm=0 chkmm=0 rows=2294
0:6-0:TR1: ABCK ti=5 L=1660 seqmm=0 chkmm=0 rows=1660
0:6-0:TR1: ABCK ti=6 L=897 seqmm=0 chkmm=0 rows=897
0:6-1:TR1: ABCK ti=5 L=1580 seqmm=0 chkmm=0 rows=1580
0:6-1:TR1: ABCK ti=6 L=1077 seqmm=0 chkmm=0 rows=1077
0:6-3:TR1: ABCK ti=6 L=670 seqmm=0 chkmm=0 rows=670
0:6-5:TR1: ABCK ti=4 L=2381 seqmm=0 chkmm=0 rows=2381
0:6-6:TR1: ABCK ti=5 L=1780 seqmm=0 chkmm=0 rows=1780
0:6-8:TR1: ABCK ti=6 L=1085 seqmm=0 chkmm=0 rows=1085
0:7-0:TR1: ABCK ti=6 L=1197 seqmm=0 chkmm=0 rows=1197
0:7-1:TR1: ABCK ti=5 L=1977 seqmm=0 chkmm=0 rows=1977
0:7-2:TR1: ABCK ti=6 L=1134 seqmm=0 chkmm=0 rows=1134
0:7-3:TR1: ABCK ti=7 L=453 seqmm=0 chkmm=0 rows=453
0:7-3:TR1: ABCK ti=8 L=217 seqmm=0 chkmm=0 rows=217
0:7-4:TR1: ABCK ti=6 L=967 seqmm=0 chkmm=0 rows=967
0:7-5:TR1: ABCK ti=7 L=388 seqmm=0 chkmm=0 rows=388
0:7-5:TR1: ABCK ti=8 L=200 seqmm=0 chkmm=0 rows=200
0:7-6:TR1: ABCK ti=7 L=324 seqmm=0 chkmm=0 rows=324
0:7-6:TR1: ABCK ti=8 L=245 seqmm=0 chkmm=0 rows=245
0:7-7:TR1: ABCK ti=9 L=102 seqmm=0 chkmm=0 rows=102
0:7-8:TR1: ABCK ti=9 L=98 seqmm=0 chkmm=0 rows=98
0:7-9:TR1: ABCK ti=7 L=265 seqmm=0 chkmm=0 rows=265
0:7-9:TR1: ABCK ti=8 L=306 seqmm=0 chkmm=0 rows=306
0:8-0:TR1: ABCK ti=7 L=581 seqmm=0 chkmm=0 rows=581
0:8-0:TR1: ABCK ti=8 L=235 seqmm=0 chkmm=0 rows=235
0:8-1:TR1: ABCK ti=7 L=299 seqmm=0 chkmm=0 rows=299
0:8-1:TR1: ABCK ti=8 L=300 seqmm=0 chkmm=0 rows=300
0:8-2:TR1: ABCK ti=7 L=295 seqmm=0 chkmm=0 rows=295
0:8-2:TR1: ABCK ti=8 L=321 seqmm=0 chkmm=0 rows=321
0:8-7:TR1: ABCK ti=7 L=299 seqmm=0 chkmm=0 rows=299
0:8-7:TR1: ABCK ti=8 L=260 seqmm=0 chkmm=0 rows=260
0:8-8:TR1: ABCK ti=7 L=331 seqmm=0 chkmm=0 rows=331
0:8-8:TR1: ABCK ti=8 L=468 seqmm=0 chkmm=0 rows=468
0:8-9:TR1: ABCK ti=9 L=157 seqmm=0 chkmm=0 rows=157
0:9-1:TR1: ABCK ti=6 L=1053 seqmm=0 chkmm=0 rows=1053
0:9-3:TR1: ABCK ti=9 L=152 seqmm=0 chkmm=0 rows=152
0:9-4:TR1: ABCK ti=9 L=115 seqmm=0 chkmm=0 rows=115
0:9-5:TR1: ABCK ti=9 L=128 seqmm=0 chkmm=0 rows=128
0:9-6:TR1: ABCK ti=9 L=155 seqmm=0 chkmm=0 rows=155
0:9-8:TR1: ABCK ti=9 L=125 seqmm=0 chkmm=0 rows=125
0:10-6:TR1: ABCK ti=9 L=175 seqmm=0 chkmm=0 rows=175
0:1-3:TR1: ABCK ti=1 L=5208 seqmm=0 chkmm=0 rows=5208
0:1-5:TR1: ABCK ti=1 L=5093 seqmm=0 chkmm=0 rows=5093
0:1-6:TR1: ABCK ti=1 L=5239 seqmm=0 chkmm=0 rows=5239
0:1-7:TR1: ABCK ti=1 L=5285 seqmm=0 chkmm=0 rows=5285
0:1-8:TR1: ABCK ti=1 L=5341 seqmm=0 chkmm=0 rows=5341
0:2-1:TR1: ABCK ti=1 L=5427 seqmm=0 chkmm=0 rows=5427
0:2-8:TR1: ABCK ti=2 L=3884 seqmm=0 chkmm=0 rows=3884
0:3-0:TR1: ABCK ti=2 L=3923 seqmm=0 chkmm=0 rows=3923
0:3-2:TR1: ABCK ti=2 L=3933 seqmm=0 chkmm=0 rows=3933
0:3-3:TR1: ABCK ti=2 L=3991 seqmm=0 chkmm=0 rows=3991
0:3-4:TR1: ABCK ti=2 L=4024 seqmm=0 chkmm=0 rows=4024
0:3-5:TR1: ABCK ti=2 L=4059 seqmm=0 chkmm=0 rows=4059
0:3-6:TR1: ABCK ti=2 L=4113 seqmm=0 chkmm=0 rows=4113
0:3-7:TR1: ABCK ti=2 L=4064 seqmm=0 chkmm=0 rows=4064
0:3-8:TR1: ABCK ti=2 L=4085 seqmm=0 chkmm=0 rows=4085
0:3-9:TR1: ABCK ti=3 L=2969 seqmm=0 chkmm=0 rows=2969
0:4-8:TR1: ABCK ti=4 L=2018 seqmm=0 chkmm=0 rows=2018
0:4-8:TR1: ABCK ti=5 L=1407 seqmm=0 chkmm=0 rows=1407
0:4-9:TR1: ABCK ti=4 L=2188 seqmm=0 chkmm=0 rows=2188
0:4-9:TR1: ABCK ti=5 L=1444 seqmm=0 chkmm=0 rows=1444
0:5-0:TR1: ABCK ti=4 L=2166 seqmm=0 chkmm=0 rows=2166
0:5-0:TR1: ABCK ti=5 L=1570 seqmm=0 chkmm=0 rows=1570
0:5-2:TR1: ABCK ti=5 L=1545 seqmm=0 chkmm=0 rows=1545
0:5-2:TR1: ABCK ti=6 L=650 seqmm=0 chkmm=0 rows=650
0:5-4:TR1: ABCK ti=5 L=1615 seqmm=0 chkmm=0 rows=1615
0:5-5:TR1: ABCK ti=5 L=1630 seqmm=0 chkmm=0 rows=1630
0:5-5:TR1: ABCK ti=6 L=859 seqmm=0 chkmm=0 rows=859
0:5-6:TR1: ABCK ti=4 L=2162 seqmm=0 chkmm=0 rows=2162
0:5-6:TR1: ABCK ti=5 L=1523 seqmm=0 chkmm=0 rows=1523
0:5-7:TR1: ABCK ti=6 L=1288 seqmm=0 chkmm=0 rows=1288
0:5-8:TR1: ABCK ti=6 L=993 seqmm=0 chkmm=0 rows=993
0:5-9:TR1: ABCK ti=5 L=1559 seqmm=0 chkmm=0 rows=1559
0:6-2:TR1: ABCK ti=6 L=1283 seqmm=0 chkmm=0 rows=1283
0:6-3:TR1: ABCK ti=7 L=503 seqmm=0 chkmm=0 rows=503
0:6-3:TR1: ABCK ti=8 L=244 seqmm=0 chkmm=0 rows=244
0:6-4:TR1: ABCK ti=7 L=377 seqmm=0 chkmm=0 rows=377
0:6-4:TR1: ABCK ti=8 L=285 seqmm=0 chkmm=0 rows=285
0:6-5:TR1: ABCK ti=5 L=1593 seqmm=0 chkmm=0 rows=1593
0:6-6:TR1: ABCK ti=6 L=1050 seqmm=0 chkmm=0 rows=1050
0:6-7:TR1: ABCK ti=7 L=339 seqmm=0 chkmm=0 rows=339
0:6-7:TR1: ABCK ti=8 L=247 seqmm=0 chkmm=0 rows=247
0:6-8:TR1: ABCK ti=7 L=560 seqmm=0 chkmm=0 rows=560
0:6-8:TR1: ABCK ti=8 L=207 seqmm=0 chkmm=0 rows=207
0:6-9:TR1: ABCK ti=7 L=603 seqmm=0 chkmm=0 rows=603
0:6-9:TR1: ABCK ti=8 L=267 seqmm=0 chkmm=0 rows=267
0:7-0:TR1: ABCK ti=7 L=280 seqmm=0 chkmm=0 rows=280
0:7-0:TR1: ABCK ti=8 L=315 seqmm=0 chkmm=0 rows=315
0:7-1:TR1: ABCK ti=6 L=814 seqmm=0 chkmm=0 rows=814
0:7-3:TR1: ABCK ti=9 L=110 seqmm=0 chkmm=0 rows=110
0:7-5:TR1: ABCK ti=9 L=230 seqmm=0 chkmm=0 rows=230
0:7-6:TR1: ABCK ti=9 L=96 seqmm=0 chkmm=0 rows=96
0:7-9:TR1: ABCK ti=9 L=93 seqmm=0 chkmm=0 rows=93
0:8-0:TR1: ABCK ti=9 L=98 seqmm=0 chkmm=0 rows=98
0:9-1:TR1: ABCK ti=7 L=272 seqmm=0 chkmm=0 rows=272
0:9-1:TR1: ABCK ti=8 L=312 seqmm=0 chkmm=0 rows=312
0:0-6:TR1: ABCK ti=0 L=17577 seqmm=17576 chkmm=17577 rows=17577
0:0-7:TR1: ABCK ti=0 L=17424 seqmm=17423 chkmm=17424 rows=17424
0:1-4:TR1: ABCK ti=1 L=5277 seqmm=0 chkmm=0 rows=5277
0:2-5:TR1: ABCK ti=2 L=3840 seqmm=0 chkmm=0 rows=3840
0:2-6:TR1: ABCK ti=2 L=3853 seqmm=0 chkmm=0 rows=3853
0:2-8:TR1: ABCK ti=3 L=2748 seqmm=0 chkmm=0 rows=2748
0:2-9:TR1: ABCK ti=2 L=3969 seqmm=0 chkmm=0 rows=3969
0:3-0:TR1: ABCK ti=3 L=2783 seqmm=0 chkmm=0 rows=2783
0:3-1:TR1: ABCK ti=2 L=3975 seqmm=0 chkmm=0 rows=3975
0:3-2:TR1: ABCK ti=3 L=2827 seqmm=0 chkmm=0 rows=2827
0:3-3:TR1: ABCK ti=3 L=2826 seqmm=0 chkmm=0 rows=2826
0:3-4:TR1: ABCK ti=3 L=2885 seqmm=0 chkmm=0 rows=2885
0:3-5:TR1: ABCK ti=3 L=2873 seqmm=0 chkmm=0 rows=2873
0:3-6:TR1: ABCK ti=3 L=2966 seqmm=0 chkmm=0 rows=2966
0:3-7:TR1: ABCK ti=3 L=2799 seqmm=0 chkmm=0 rows=2799
0:3-8:TR1: ABCK ti=3 L=2905 seqmm=0 chkmm=0 rows=2905
0:4-2:TR1: ABCK ti=4 L=2079 seqmm=0 chkmm=0 rows=2079
0:4-4:TR1: ABCK ti=4 L=2172 seqmm=0 chkmm=0 rows=2172
0:4-5:TR1: ABCK ti=4 L=2190 seqmm=0 chkmm=0 rows=2190
0:4-6:TR1: ABCK ti=4 L=2106 seqmm=0 chkmm=0 rows=2106
0:4-7:TR1: ABCK ti=4 L=2208 seqmm=0 chkmm=0 rows=2208
0:4-7:TR1: ABCK ti=5 L=1288 seqmm=0 chkmm=0 rows=1288
0:4-8:TR1: ABCK ti=6 L=749 seqmm=0 chkmm=0 rows=749
0:4-9:TR1: ABCK ti=6 L=750 seqmm=0 chkmm=0 rows=750
0:5-0:TR1: ABCK ti=6 L=893 seqmm=0 chkmm=0 rows=893
0:5-3:TR1: ABCK ti=7 L=526 seqmm=0 chkmm=0 rows=526
0:5-3:TR1: ABCK ti=8 L=213 seqmm=0 chkmm=0 rows=213
0:5-4:TR1: ABCK ti=6 L=1076 seqmm=0 chkmm=0 rows=1076
0:5-6:TR1: ABCK ti=6 L=1249 seqmm=0 chkmm=0 rows=1249
0:5-8:TR1: ABCK ti=7 L=443 seqmm=0 chkmm=0 rows=443
0:5-8:TR1: ABCK ti=8 L=250 seqmm=0 chkmm=0 rows=250
0:5-9:TR1: ABCK ti=6 L=1206 seqmm=0 chkmm=0 rows=1206
0:6-0:TR1: ABCK ti=7 L=433 seqmm=0 chkmm=0 rows=433
0:6-0:TR1: ABCK ti=8 L=245 seqmm=0 chkmm=0 rows=245
0:6-1:TR1: ABCK ti=7 L=370 seqmm=0 chkmm=0 rows=370
0:6-1:TR1: ABCK ti=8 L=360 seqmm=0 chkmm=0 rows=360
0:6-2:TR1: ABCK ti=7 L=380 seqmm=0 chkmm=0 rows=380
0:6-2:TR1: ABCK ti=8 L=248 seqmm=0 chkmm=0 rows=248
0:6-5:TR1: ABCK ti=6 L=1024 seqmm=0 chkmm=0 rows=1024
0:6-6:TR1: ABCK ti=7 L=280 seqmm=0 chkmm=0 rows=280
0:6-6:TR1: ABCK ti=8 L=236 seqmm=0 chkmm=0 rows=236
0:6-7:TR1: ABCK ti=9 L=104 seqmm=0 chkmm=0 rows=104
0:6-8:TR1: ABCK ti=9 L=163 seqmm=0 chkmm=0 rows=163
0:6-9:TR1: ABCK ti=9 L=181 seqmm=0 chkmm=0 rows=181
0:7-1:TR1: ABCK ti=7 L=473 seqmm=0 chkmm=0 rows=473
0:7-1:TR1: ABCK ti=8 L=225 seqmm=0 chkmm=0 rows=225
0:7-2:TR1: ABCK ti=7 L=271 seqmm=0 chkmm=0 rows=271
0:7-2:TR1: ABCK ti=8 L=285 seqmm=0 chkmm=0 rows=285
0:7-4:TR1: ABCK ti=7 L=281 seqmm=0 chkmm=0 rows=281
0:7-4:TR1: ABCK ti=8 L=276 seqmm=0 chkmm=0 rows=276
0:0-5:TR1: ABCK ti=0 L=17689 seqmm=17688 chkmm=17689 rows=17689
0:1-1:TR1: ABCK ti=1 L=5113 seqmm=0 chkmm=0 rows=5113
0:2-2:TR1: ABCK ti=2 L=3789 seqmm=0 chkmm=0 rows=3789
0:2-4:TR1: ABCK ti=2 L=3882 seqmm=0 chkmm=0 rows=3882
0:2-5:TR1: ABCK ti=3 L=2826 seqmm=0 chkmm=0 rows=2826
0:2-6:TR1: ABCK ti=3 L=2734 seqmm=0 chkmm=0 rows=2734
0:2-7:TR1: ABCK ti=2 L=3850 seqmm=0 chkmm=0 rows=3850
0:2-9:TR1: ABCK ti=3 L=2794 seqmm=0 chkmm=0 rows=2794
0:3-1:TR1: ABCK ti=3 L=2828 seqmm=0 chkmm=0 rows=2828
0:3-9:TR1: ABCK ti=4 L=2060 seqmm=0 chkmm=0 rows=2060
0:4-0:TR1: ABCK ti=4 L=2092 seqmm=0 chkmm=0 rows=2092
0:4-1:TR1: ABCK ti=4 L=2129 seqmm=0 chkmm=0 rows=2129
0:4-2:TR1: ABCK ti=5 L=1458 seqmm=0 chkmm=0 rows=1458
0:4-2:TR1: ABCK ti=6 L=473 seqmm=0 chkmm=0 rows=473
0:4-3:TR1: ABCK ti=4 L=2184 seqmm=0 chkmm=0 rows=2184
0:4-3:TR1: ABCK ti=5 L=1399 seqmm=0 chkmm=0 rows=1399
0:4-4:TR1: ABCK ti=5 L=1530 seqmm=0 chkmm=0 rows=1530
0:4-4:TR1: ABCK ti=6 L=707 seqmm=0 chkmm=0 rows=707
0:4-5:TR1: ABCK ti=5 L=1486 seqmm=0 chkmm=0 rows=1486
0:4-5:TR1: ABCK ti=6 L=734 seqmm=0 chkmm=0 rows=734
0:4-6:TR1: ABCK ti=5 L=1557 seqmm=0 chkmm=0 rows=1557
0:4-6:TR1: ABCK ti=6 L=774 seqmm=0 chkmm=0 rows=774
0:4-7:TR1: ABCK ti=6 L=1017 seqmm=0 chkmm=0 rows=1017
0:4-9:TR1: ABCK ti=7 L=424 seqmm=0 chkmm=0 rows=424
0:4-9:TR1: ABCK ti=8 L=207 seqmm=0 chkmm=0 rows=207
0:5-0:TR1: ABCK ti=7 L=396 seqmm=0 chkmm=0 rows=396
0:5-0:TR1: ABCK ti=8 L=221 seqmm=0 chkmm=0 rows=221
0:5-1:TR1: ABCK ti=4 L=2185 seqmm=0 chkmm=0 rows=2185
0:5-1:TR1: ABCK ti=5 L=1438 seqmm=0 chkmm=0 rows=1438
0:5-2:TR1: ABCK ti=7 L=482 seqmm=0 chkmm=0 rows=482
0:5-2:TR1: ABCK ti=8 L=261 seqmm=0 chkmm=0 rows=261
0:5-3:TR1: ABCK ti=9 L=145 seqmm=0 chkmm=0 rows=145
0:5-4:TR1: ABCK ti=7 L=537 seqmm=0 chkmm=0 rows=537
0:5-4:TR1: ABCK ti=8 L=215 seqmm=0 chkmm=0 rows=215
0:5-5:TR1: ABCK ti=7 L=399 seqmm=0 chkmm=0 rows=399
0:5-5:TR1: ABCK ti=8 L=222 seqmm=0 chkmm=0 rows=222
0:5-7:TR1: ABCK ti=7 L=241 seqmm=0 chkmm=0 rows=241
0:5-7:TR1: ABCK ti=8 L=281 seqmm=0 chkmm=0 rows=281
0:5-8:TR1: ABCK ti=9 L=157 seqmm=0 chkmm=0 rows=157
0:5-9:TR1: ABCK ti=7 L=309 seqmm=0 chkmm=0 rows=309
0:5-9:TR1: ABCK ti=8 L=246 seqmm=0 chkmm=0 rows=246
0:6-0:TR1: ABCK ti=9 L=202 seqmm=0 chkmm=0 rows=202
0:6-5:TR1: ABCK ti=7 L=283 seqmm=0 chkmm=0 rows=283
0:6-5:TR1: ABCK ti=8 L=339 seqmm=0 chkmm=0 rows=339
0:6-6:TR1: ABCK ti=9 L=116 seqmm=0 chkmm=0 rows=116
0:7-4:TR1: ABCK ti=9 L=260 seqmm=0 chkmm=0 rows=260
0:0-4:TR1: ABCK ti=0 L=18270 seqmm=18269 chkmm=18270 rows=18270
0:0-8:TR1: ABCK ti=1 L=5070 seqmm=0 chkmm=0 rows=5070
0:0-9:TR1: ABCK ti=1 L=5045 seqmm=0 chkmm=0 rows=5045
0:1-0:TR1: ABCK ti=1 L=5130 seqmm=0 chkmm=0 rows=5130
0:1-2:TR1: ABCK ti=1 L=5168 seqmm=0 chkmm=0 rows=5168
0:1-7:TR1: ABCK ti=2 L=3757 seqmm=0 chkmm=0 rows=3757
0:1-8:TR1: ABCK ti=2 L=3712 seqmm=0 chkmm=0 rows=3712
0:1-9:TR1: ABCK ti=2 L=3814 seqmm=0 chkmm=0 rows=3814
0:2-0:TR1: ABCK ti=2 L=3813 seqmm=0 chkmm=0 rows=3813
0:2-2:TR1: ABCK ti=3 L=2735 seqmm=0 chkmm=0 rows=2735
0:2-3:TR1: ABCK ti=2 L=3860 seqmm=0 chkmm=0 rows=3860
0:2-4:TR1: ABCK ti=3 L=2648 seqmm=0 chkmm=0 rows=2648
0:2-7:TR1: ABCK ti=3 L=2761 seqmm=0 chkmm=0 rows=2761
0:3-9:TR1: ABCK ti=5 L=1538 seqmm=0 chkmm=0 rows=1538
0:3-9:TR1: ABCK ti=6 L=763 seqmm=0 chkmm=0 rows=763
0:4-0:TR1: ABCK ti=5 L=1525 seqmm=0 chkmm=0 rows=1525
0:4-0:TR1: ABCK ti=6 L=700 seqmm=0 chkmm=0 rows=700
0:4-1:TR1: ABCK ti=5 L=1508 seqmm=0 chkmm=0 rows=1508
0:4-1:TR1: ABCK ti=6 L=653 seqmm=0 chkmm=0 rows=653
0:4-3:TR1: ABCK ti=6 L=632 seqmm=0 chkmm=0 rows=632
0:4-8:TR1: ABCK ti=7 L=398 seqmm=0 chkmm=0 rows=398
0:4-8:TR1: ABCK ti=8 L=207 seqmm=0 chkmm=0 rows=207
0:4-9:TR1: ABCK ti=9 L=191 seqmm=0 chkmm=0 rows=191
0:5-0:TR1: ABCK ti=9 L=163 seqmm=0 chkmm=0 rows=163
0:5-1:TR1: ABCK ti=6 L=1042 seqmm=0 chkmm=0 rows=1042
0:5-4:TR1: ABCK ti=9 L=141 seqmm=0 chkmm=0 rows=141
0:5-5:TR1: ABCK ti=9 L=198 seqmm=0 chkmm=0 rows=198
0:5-6:TR1: ABCK ti=7 L=255 seqmm=0 chkmm=0 rows=255
0:5-6:TR1: ABCK ti=8 L=288 seqmm=0 chkmm=0 rows=288
0:0-3:TR1: ABCK ti=0 L=18585 seqmm=18584 chkmm=18585 rows=18585
0:0-7:TR1: ABCK ti=1 L=4397 seqmm=0 chkmm=0 rows=4397
0:1-3:TR1: ABCK ti=2 L=3688 seqmm=0 chkmm=0 rows=3688
0:1-5:TR1: ABCK ti=2 L=3720 seqmm=0 chkmm=0 rows=3720
0:1-6:TR1: ABCK ti=2 L=3710 seqmm=0 chkmm=0 rows=3710
0:1-7:TR1: ABCK ti=3 L=2669 seqmm=0 chkmm=0 rows=2669
0:1-8:TR1: ABCK ti=3 L=2582 seqmm=0 chkmm=0 rows=2582
0:1-9:TR1: ABCK ti=3 L=2778 seqmm=0 chkmm=0 rows=2778
0:2-0:TR1: ABCK ti=3 L=2624 seqmm=0 chkmm=0 rows=2624
0:2-1:TR1: ABCK ti=2 L=3710 seqmm=0 chkmm=0 rows=3710
0:2-3:TR1: ABCK ti=3 L=2799 seqmm=0 chkmm=0 rows=2799
0:2-8:TR1: ABCK ti=4 L=1971 seqmm=0 chkmm=0 rows=1971
0:2-8:TR1: ABCK ti=5 L=1204 seqmm=0 chkmm=0 rows=1204
0:2-9:TR1: ABCK ti=4 L=1931 seqmm=0 chkmm=0 rows=1931
0:2-9:TR1: ABCK ti=5 L=1379 seqmm=0 chkmm=0 rows=1379
0:3-0:TR1: ABCK ti=4 L=2049 seqmm=0 chkmm=0 rows=2049
0:3-0:TR1: ABCK ti=5 L=1232 seqmm=0 chkmm=0 rows=1232
0:3-1:TR1: ABCK ti=4 L=2160 seqmm=0 chkmm=0 rows=2160
0:3-1:TR1: ABCK ti=5 L=1193 seqmm=0 chkmm=0 rows=1193
0:3-2:TR1: ABCK ti=4 L=2031 seqmm=0 chkmm=0 rows=2031
0:3-2:TR1: ABCK ti=5 L=1334 seqmm=0 chkmm=0 rows=1334
0:3-3:TR1: ABCK ti=4 L=2153 seqmm=0 chkmm=0 rows=2153
0:3-3:TR1: ABCK ti=5 L=1159 seqmm=0 chkmm=0 rows=1159
0:3-4:TR1: ABCK ti=4 L=2018 seqmm=0 chkmm=0 rows=2018
0:3-4:TR1: ABCK ti=5 L=1315 seqmm=0 chkmm=0 rows=1315
0:3-5:TR1: ABCK ti=4 L=2126 seqmm=0 chkmm=0 rows=2126
0:3-5:TR1: ABCK ti=5 L=1275 seqmm=0 chkmm=0 rows=1275
0:3-6:TR1: ABCK ti=4 L=2114 seqmm=0 chkmm=0 rows=2114
0:3-7:TR1: ABCK ti=4 L=2095 seqmm=0 chkmm=0 rows=2095
0:3-7:TR1: ABCK ti=5 L=1322 seqmm=0 chkmm=0 rows=1322
0:3-8:TR1: ABCK ti=4 L=2035 seqmm=0 chkmm=0 rows=2035
0:3-8:TR1: ABCK ti=5 L=1452 seqmm=0 chkmm=0 rows=1452
0:4-0:TR1: ABCK ti=7 L=287 seqmm=0 chkmm=0 rows=287
0:4-0:TR1: ABCK ti=8 L=240 seqmm=0 chkmm=0 rows=240
0:4-2:TR1: ABCK ti=7 L=289 seqmm=0 chkmm=0 rows=289
0:4-2:TR1: ABCK ti=8 L=285 seqmm=0 chkmm=0 rows=285
0:4-3:TR1: ABCK ti=7 L=300 seqmm=0 chkmm=0 rows=300
0:4-3:TR1: ABCK ti=8 L=316 seqmm=0 chkmm=0 rows=316
0:4-4:TR1: ABCK ti=7 L=302 seqmm=0 chkmm=0 rows=302
0:4-4:TR1: ABCK ti=8 L=232 seqmm=0 chkmm=0 rows=232
0:4-5:TR1: ABCK ti=7 L=456 seqmm=0 chkmm=0 rows=456
0:4-5:TR1: ABCK ti=8 L=294 seqmm=0 chkmm=0 rows=294
0:4-6:TR1: ABCK ti=7 L=314 seqmm=0 chkmm=0 rows=314
0:4-6:TR1: ABCK ti=8 L=244 seqmm=0 chkmm=0 rows=244
0:4-7:TR1: ABCK ti=7 L=318 seqmm=0 chkmm=0 rows=318
0:4-7:TR1: ABCK ti=8 L=253 seqmm=0 chkmm=0 rows=253
0:4-8:TR1: ABCK ti=9 L=135 seqmm=0 chkmm=0 rows=135
0:0-5:TR1: ABCK ti=1 L=4441 seqmm=0 chkmm=0 rows=4441
0:0-6:TR1: ABCK ti=1 L=4508 seqmm=0 chkmm=0 rows=4508
0:1-3:TR1: ABCK ti=3 L=2637 seqmm=0 chkmm=0 rows=2637
0:1-4:TR1: ABCK ti=2 L=3635 seqmm=0 chkmm=0 rows=3635
0:1-5:TR1: ABCK ti=3 L=2613 seqmm=0 chkmm=0 rows=2613
0:1-6:TR1: ABCK ti=3 L=2715 seqmm=0 chkmm=0 rows=2715
0:2-1:TR1: ABCK ti=3 L=2799 seqmm=0 chkmm=0 rows=2799
0:2-4:TR1: ABCK ti=4 L=1964 seqmm=0 chkmm=0 rows=1964
0:2-4:TR1: ABCK ti=5 L=1130 seqmm=0 chkmm=0 rows=1130
0:2-5:TR1: ABCK ti=4 L=2011 seqmm=0 chkmm=0 rows=2011
0:2-5:TR1: ABCK ti=5 L=1339 seqmm=0 chkmm=0 rows=1339
0:2-6:TR1: ABCK ti=4 L=2029 seqmm=0 chkmm=0 rows=2029
0:2-6:TR1: ABCK ti=5 L=1028 seqmm=0 chkmm=0 rows=1028
0:2-8:TR1: ABCK ti=6 L=514 seqmm=0 chkmm=0 rows=514
0:2-9:TR1: ABCK ti=6 L=561 seqmm=0 chkmm=0 rows=561
0:3-0:TR1: ABCK ti=6 L=516 seqmm=0 chkmm=0 rows=516
0:3-1:TR1: ABCK ti=6 L=837 seqmm=0 chkmm=0 rows=837
0:3-2:TR1: ABCK ti=6 L=698 seqmm=0 chkmm=0 rows=698
0:3-3:TR1: ABCK ti=6 L=819 seqmm=0 chkmm=0 rows=819
0:3-4:TR1: ABCK ti=6 L=664 seqmm=0 chkmm=0 rows=664
0:3-5:TR1: ABCK ti=6 L=843 seqmm=0 chkmm=0 rows=843
0:3-6:TR1: ABCK ti=5 L=1463 seqmm=0 chkmm=0 rows=1463
0:3-6:TR1: ABCK ti=6 L=692 seqmm=0 chkmm=0 rows=692
0:3-7:TR1: ABCK ti=6 L=677 seqmm=0 chkmm=0 rows=677
0:3-8:TR1: ABCK ti=6 L=536 seqmm=0 chkmm=0 rows=536
0:3-9:TR1: ABCK ti=7 L=424 seqmm=0 chkmm=0 rows=424
0:3-9:TR1: ABCK ti=8 L=245 seqmm=0 chkmm=0 rows=245
0:4-1:TR1: ABCK ti=7 L=326 seqmm=0 chkmm=0 rows=326
0:4-1:TR1: ABCK ti=8 L=191 seqmm=0 chkmm=0 rows=191
0:4-6:TR1: ABCK ti=9 L=136 seqmm=0 chkmm=0 rows=136
0:4-7:TR1: ABCK ti=9 L=147 seqmm=0 chkmm=0 rows=147
0:5-1:TR1: ABCK ti=7 L=358 seqmm=0 chkmm=0 rows=358
0:5-1:TR1: ABCK ti=8 L=249 seqmm=0 chkmm=0 rows=249
0:0-4:TR1: ABCK ti=1 L=4279 seqmm=0 chkmm=0 rows=4279
0:1-0:TR1: ABCK ti=2 L=3651 seqmm=0 chkmm=0 rows=3651
0:1-1:TR1: ABCK ti=2 L=3791 seqmm=0 chkmm=0 rows=3791
0:1-4:TR1: ABCK ti=3 L=2654 seqmm=0 chkmm=0 rows=2654
0:2-0:TR1: ABCK ti=4 L=1950 seqmm=0 chkmm=0 rows=1950
0:2-2:TR1: ABCK ti=4 L=1995 seqmm=0 chkmm=0 rows=1995
0:2-2:TR1: ABCK ti=5 L=1415 seqmm=0 chkmm=0 rows=1415
0:2-4:TR1: ABCK ti=6 L=489 seqmm=0 chkmm=0 rows=489
0:2-5:TR1: ABCK ti=6 L=752 seqmm=0 chkmm=0 rows=752
0:2-6:TR1: ABCK ti=6 L=716 seqmm=0 chkmm=0 rows=716
0:2-7:TR1: ABCK ti=4 L=1927 seqmm=0 chkmm=0 rows=1927
0:2-7:TR1: ABCK ti=5 L=1238 seqmm=0 chkmm=0 rows=1238
0:2-8:TR1: ABCK ti=7 L=327 seqmm=0 chkmm=0 rows=327
0:2-8:TR1: ABCK ti=8 L=211 seqmm=0 chkmm=0 rows=211
0:2-9:TR1: ABCK ti=7 L=237 seqmm=0 chkmm=0 rows=237
0:2-9:TR1: ABCK ti=8 L=209 seqmm=0 chkmm=0 rows=209
0:3-0:TR1: ABCK ti=7 L=271 seqmm=0 chkmm=0 rows=271
0:3-0:TR1: ABCK ti=8 L=193 seqmm=0 chkmm=0 rows=193
0:3-3:TR1: ABCK ti=7 L=312 seqmm=0 chkmm=0 rows=312
0:3-3:TR1: ABCK ti=8 L=201 seqmm=0 chkmm=0 rows=201
0:3-4:TR1: ABCK ti=7 L=234 seqmm=0 chkmm=0 rows=234
0:3-4:TR1: ABCK ti=8 L=255 seqmm=0 chkmm=0 rows=255
0:3-7:TR1: ABCK ti=7 L=232 seqmm=0 chkmm=0 rows=232
0:3-7:TR1: ABCK ti=8 L=185 seqmm=0 chkmm=0 rows=185
0:3-8:TR1: ABCK ti=7 L=244 seqmm=0 chkmm=0 rows=244
0:3-8:TR1: ABCK ti=8 L=207 seqmm=0 chkmm=0 rows=207
0:5-1:TR1: ABCK ti=9 L=138 seqmm=0 chkmm=0 rows=138
0:0-3:TR1: ABCK ti=1 L=4163 seqmm=0 chkmm=0 rows=4163
0:0-8:TR1: ABCK ti=2 L=3586 seqmm=0 chkmm=0 rows=3586
0:0-9:TR1: ABCK ti=2 L=3682 seqmm=0 chkmm=0 rows=3682
0:1-0:TR1: ABCK ti=3 L=2418 seqmm=0 chkmm=0 rows=2418
0:1-1:TR1: ABCK ti=3 L=2518 seqmm=0 chkmm=0 rows=2518
0:1-2:TR1: ABCK ti=2 L=3632 seqmm=0 chkmm=0 rows=3632
0:1-7:TR1: ABCK ti=4 L=1952 seqmm=0 chkmm=0 rows=1952
0:1-7:TR1: ABCK ti=5 L=1158 seqmm=0 chkmm=0 rows=1158
0:1-8:TR1: ABCK ti=4 L=1982 seqmm=0 chkmm=0 rows=1982
0:1-8:TR1: ABCK ti=5 L=1364 seqmm=0 chkmm=0 rows=1364
0:1-9:TR1: ABCK ti=4 L=1888 seqmm=0 chkmm=0 rows=1888
0:1-9:TR1: ABCK ti=5 L=1219 seqmm=0 chkmm=0 rows=1219
0:2-0:TR1: ABCK ti=5 L=1351 seqmm=0 chkmm=0 rows=1351
0:2-0:TR1: ABCK ti=6 L=655 seqmm=0 chkmm=0 rows=655
0:2-2:TR1: ABCK ti=6 L=392 seqmm=0 chkmm=0 rows=392
0:2-3:TR1: ABCK ti=4 L=1932 seqmm=0 chkmm=0 rows=1932
0:2-3:TR1: ABCK ti=5 L=1289 seqmm=0 chkmm=0 rows=1289
0:2-4:TR1: ABCK ti=7 L=244 seqmm=0 chkmm=0 rows=244
0:2-4:TR1: ABCK ti=8 L=193 seqmm=0 chkmm=0 rows=193
0:2-6:TR1: ABCK ti=7 L=300 seqmm=0 chkmm=0 rows=300
0:2-6:TR1: ABCK ti=8 L=168 seqmm=0 chkmm=0 rows=168
0:2-7:TR1: ABCK ti=6 L=685 seqmm=0 chkmm=0 rows=685
0:3-1:TR1: ABCK ti=7 L=359 seqmm=0 chkmm=0 rows=359
0:3-1:TR1: ABCK ti=8 L=211 seqmm=0 chkmm=0 rows=211
0:3-2:TR1: ABCK ti=7 L=262 seqmm=0 chkmm=0 rows=262
0:3-2:TR1: ABCK ti=8 L=309 seqmm=0 chkmm=0 rows=309
0:3-5:TR1: ABCK ti=7 L=387 seqmm=0 chkmm=0 rows=387
0:3-5:TR1: ABCK ti=8 L=211 seqmm=0 chkmm=0 rows=211
0:3-6:TR1: ABCK ti=7 L=517 seqmm=0 chkmm=0 rows=517
0:3-6:TR1: ABCK ti=8 L=220 seqmm=0 chkmm=0 rows=220
0:0-5:TR1: ABCK ti=2 L=3242 seqmm=0 chkmm=0 rows=3242
0:0-6:TR1: ABCK ti=2 L=3258 seqmm=0 chkmm=0 rows=3258
0:0-7:TR1: ABCK ti=2 L=3625 seqmm=0 chkmm=0 rows=3625
0:0-8:TR1: ABCK ti=3 L=2292 seqmm=0 chkmm=0 rows=2292
0:0-9:TR1: ABCK ti=3 L=2193 seqmm=0 chkmm=0 rows=2193
0:1-2:TR1: ABCK ti=3 L=2515 seqmm=0 chkmm=0 rows=2515
0:1-3:TR1: ABCK ti=4 L=1897 seqmm=0 chkmm=0 rows=1897
0:1-3:TR1: ABCK ti=5 L=1028 seqmm=0 chkmm=0 rows=1028
0:1-5:TR1: ABCK ti=4 L=1970 seqmm=0 chkmm=0 rows=1970
0:1-5:TR1: ABCK ti=5 L=1082 seqmm=0 chkmm=0 rows=1082
0:1-6:TR1: ABCK ti=4 L=1770 seqmm=0 chkmm=0 rows=1770
0:1-6:TR1: ABCK ti=5 L=1278 seqmm=0 chkmm=0 rows=1278
0:1-7:TR1: ABCK ti=6 L=698 seqmm=0 chkmm=0 rows=698
0:1-8:TR1: ABCK ti=6 L=697 seqmm=0 chkmm=0 rows=697
0:1-9:TR1: ABCK ti=6 L=483 seqmm=0 chkmm=0 rows=483
0:2-1:TR1: ABCK ti=4 L=1969 seqmm=0 chkmm=0 rows=1969
0:2-1:TR1: ABCK ti=5 L=1247 seqmm=0 chkmm=0 rows=1247
0:2-2:TR1: ABCK ti=7 L=259 seqmm=0 chkmm=0 rows=259
0:2-2:TR1: ABCK ti=8 L=303 seqmm=0 chkmm=0 rows=303
0:2-3:TR1: ABCK ti=6 L=608 seqmm=0 chkmm=0 rows=608
0:2-5:TR1: ABCK ti=7 L=279 seqmm=0 chkmm=0 rows=279
0:2-5:TR1: ABCK ti=8 L=201 seqmm=0 chkmm=0 rows=201
0:0-4:TR1: ABCK ti=2 L=3103 seqmm=0 chkmm=0 rows=3103
0:0-5:TR1: ABCK ti=3 L=2471 seqmm=0 chkmm=0 rows=2471
0:0-6:TR1: ABCK ti=3 L=2595 seqmm=0 chkmm=0 rows=2595
0:0-7:TR1: ABCK ti=3 L=2292 seqmm=0 chkmm=0 rows=2292
0:1-0:TR1: ABCK ti=4 L=1691 seqmm=0 chkmm=0 rows=1691
0:1-0:TR1: ABCK ti=5 L=782 seqmm=0 chkmm=0 rows=782
0:1-1:TR1: ABCK ti=4 L=1739 seqmm=0 chkmm=0 rows=1739
0:1-1:TR1: ABCK ti=5 L=912 seqmm=0 chkmm=0 rows=912
0:1-3:TR1: ABCK ti=6 L=565 seqmm=0 chkmm=0 rows=565
0:1-4:TR1: ABCK ti=4 L=1988 seqmm=0 chkmm=0 rows=1988
0:1-4:TR1: ABCK ti=5 L=1179 seqmm=0 chkmm=0 rows=1179
0:1-5:TR1: ABCK ti=6 L=368 seqmm=0 chkmm=0 rows=368
0:1-6:TR1: ABCK ti=6 L=595 seqmm=0 chkmm=0 rows=595
0:1-7:TR1: ABCK ti=7 L=274 seqmm=0 chkmm=0 rows=274
0:1-7:TR1: ABCK ti=8 L=386 seqmm=0 chkmm=0 rows=386
0:1-9:TR1: ABCK ti=7 L=287 seqmm=0 chkmm=0 rows=287
0:1-9:TR1: ABCK ti=8 L=161 seqmm=0 chkmm=0 rows=161
0:2-0:TR1: ABCK ti=7 L=238 seqmm=0 chkmm=0 rows=238
0:2-0:TR1: ABCK ti=8 L=212 seqmm=0 chkmm=0 rows=212
0:2-1:TR1: ABCK ti=6 L=494 seqmm=0 chkmm=0 rows=494
0:2-3:TR1: ABCK ti=7 L=267 seqmm=0 chkmm=0 rows=267
0:2-3:TR1: ABCK ti=8 L=357 seqmm=0 chkmm=0 rows=357
0:2-7:TR1: ABCK ti=7 L=369 seqmm=0 chkmm=0 rows=369
0:2-7:TR1: ABCK ti=8 L=173 seqmm=0 chkmm=0 rows=173
0:0-4:TR1: ABCK ti=3 L=2227 seqmm=0 chkmm=0 rows=2227
0:0-8:TR1: ABCK ti=4 L=1706 seqmm=0 chkmm=0 rows=1706
0:0-8:TR1: ABCK ti=5 L=988 seqmm=0 chkmm=0 rows=988
0:0-9:TR1: ABCK ti=4 L=1815 seqmm=0 chkmm=0 rows=1815
0:0-9:TR1: ABCK ti=5 L=839 seqmm=0 chkmm=0 rows=839
0:1-0:TR1: ABCK ti=6 L=376 seqmm=0 chkmm=0 rows=376
0:1-1:TR1: ABCK ti=6 L=393 seqmm=0 chkmm=0 rows=393
0:1-2:TR1: ABCK ti=4 L=1777 seqmm=0 chkmm=0 rows=1777
0:1-2:TR1: ABCK ti=5 L=901 seqmm=0 chkmm=0 rows=901
0:1-3:TR1: ABCK ti=7 L=426 seqmm=0 chkmm=0 rows=426
0:1-4:TR1: ABCK ti=6 L=366 seqmm=0 chkmm=0 rows=366
0:1-5:TR1: ABCK ti=7 L=294 seqmm=0 chkmm=0 rows=294
0:1-5:TR1: ABCK ti=8 L=99 seqmm=0 chkmm=0 rows=99
0:1-8:TR1: ABCK ti=7 L=350 seqmm=0 chkmm=0 rows=350
0:1-8:TR1: ABCK ti=8 L=150 seqmm=0 chkmm=0 rows=150
0:2-1:TR1: ABCK ti=7 L=288 seqmm=0 chkmm=0 rows=288
0:2-1:TR1: ABCK ti=8 L=262 seqmm=0 chkmm=0 rows=262
0:0-2:TR1: ABCK ti=0 L=21413 seqmm=21412 chkmm=21413 rows=21413
0:0-3:TR1: ABCK ti=2 L=2976 seqmm=0 chkmm=0 rows=2976
0:0-7:TR1: ABCK ti=4 L=1604 seqmm=0 chkmm=0 rows=1604
0:0-7:TR1: ABCK ti=5 L=1152 seqmm=0 chkmm=0 rows=1152
0:0-8:TR1: ABCK ti=6 L=311 seqmm=0 chkmm=0 rows=311
0:0-9:TR1: ABCK ti=6 L=490 seqmm=0 chkmm=0 rows=490
0:1-0:TR1: ABCK ti=7 L=268 seqmm=0 chkmm=0 rows=268
0:1-0:TR1: ABCK ti=8 L=144 seqmm=0 chkmm=0 rows=144
0:1-1:TR1: ABCK ti=7 L=229 seqmm=0 chkmm=0 rows=229
0:1-1:TR1: ABCK ti=8 L=177 seqmm=0 chkmm=0 rows=177
0:1-2:TR1: ABCK ti=6 L=401 seqmm=0 chkmm=0 rows=401
0:1-4:TR1: ABCK ti=7 L=362 seqmm=0 chkmm=0 rows=362
0:1-4:TR1: ABCK ti=8 L=207 seqmm=0 chkmm=0 rows=207
0:1-6:TR1: ABCK ti=7 L=260 seqmm=0 chkmm=0 rows=260
0:1-6:TR1: ABCK ti=8 L=181 seqmm=0 chkmm=0 rows=181
0:0-3:TR1: ABCK ti=3 L=2197 seqmm=0 chkmm=0 rows=2197
0:0-5:TR1: ABCK ti=4 L=1766 seqmm=0 chkmm=0 rows=1766
0:0-5:TR1: ABCK ti=5 L=831 seqmm=0 chkmm=0 rows=831
0:0-6:TR1: ABCK ti=4 L=1634 seqmm=0 chkmm=0 rows=1634
0:0-6:TR1: ABCK ti=5 L=1087 seqmm=0 chkmm=0 rows=1087
0:0-7:TR1: ABCK ti=6 L=255 seqmm=0 chkmm=0 rows=255
0:0-8:TR1: ABCK ti=7 L=282 seqmm=0 chkmm=0 rows=282
0:0-8:TR1: ABCK ti=8 L=182 seqmm=0 chkmm=0 rows=182
0:0-9:TR1: ABCK ti=7 L=217 seqmm=0 chkmm=0 rows=217
0:0-9:TR1: ABCK ti=8 L=211 seqmm=0 chkmm=0 rows=211
0:1-2:TR1: ABCK ti=7 L=233 seqmm=0 chkmm=0 rows=233
0:1-2:TR1: ABCK ti=8 L=160 seqmm=0 chkmm=0 rows=160
0:0-4:TR1: ABCK ti=4 L=1572 seqmm=0 chkmm=0 rows=1572
0:0-4:TR1: ABCK ti=5 L=922 seqmm=0 chkmm=0 rows=922
0:0-5:TR1: ABCK ti=6 L=278 seqmm=0 chkmm=0 rows=278
0:0-6:TR1: ABCK ti=6 L=476 seqmm=0 chkmm=0 rows=476
0:0-7:TR1: ABCK ti=7 L=316 seqmm=0 chkmm=0 rows=316
0:0-2:TR1: ABCK ti=1 L=3778 seqmm=0 chkmm=0 rows=3778
0:0-4:TR1: ABCK ti=6 L=468 seqmm=0 chkmm=0 rows=468
0:0-5:TR1: ABCK ti=7 L=349 seqmm=0 chkmm=0 rows=349
0:0-5:TR1: ABCK ti=8 L=109 seqmm=0 chkmm=0 rows=109
0:0-6:TR1: ABCK ti=7 L=258 seqmm=0 chkmm=0 rows=258
0:0-6:TR1: ABCK ti=8 L=162 seqmm=0 chkmm=0 rows=162
0:0-3:TR1: ABCK ti=4 L=1660 seqmm=0 chkmm=0 rows=1660
0:0-3:TR1: ABCK ti=5 L=1089 seqmm=0 chkmm=0 rows=1089
0:0-4:TR1: ABCK ti=7 L=226 seqmm=0 chkmm=0 rows=226
0:0-4:TR1: ABCK ti=8 L=105 seqmm=0 chkmm=0 rows=105
0:0-1:TR1: ABCK ti=0 L=23401 seqmm=23400 chkmm=23401 rows=23401
0:0-3:TR1: ABCK ti=6 L=363 seqmm=0 chkmm=0 rows=363
0:0-2:TR1: ABCK ti=2 L=2796 seqmm=0 chkmm=0 rows=2796
0:0-3:TR1: ABCK ti=7 L=223 seqmm=0 chkmm=0 rows=223
0:0-3:TR1: ABCK ti=8 L=150 seqmm=0 chkmm=0 rows=150
0:0-2:TR1: ABCK ti=3 L=2023 seqmm=0 chkmm=0 rows=2023
0:0-1:TR1: ABCK ti=1 L=3037 seqmm=0 chkmm=0 rows=3037
0:0-2:TR1: ABCK ti=4 L=1022 seqmm=0 chkmm=0 rows=1022
0:0-2:TR1: ABCK ti=5 L=524 seqmm=0 chkmm=0 rows=524
0:0-2:TR1: ABCK ti=6 L=247 seqmm=0 chkmm=0 rows=247
0:0-2:TR1: ABCK ti=7 L=209 seqmm=0 chkmm=0 rows=209
0:0-0:TR1: ABCK ti=0 L=25699 seqmm=25698 chkmm=25699 rows=25699
0:0-1:TR1: ABCK ti=2 L=2287 seqmm=0 chkmm=0 rows=2287
0:0-1:TR1: ABCK ti=3 L=1580 seqmm=0 chkmm=0 rows=1580
0:0-0:TR1: ABCK ti=1 L=2751 seqmm=0 chkmm=0 rows=2751
0:0-1:TR1: ABCK ti=4 L=1086 seqmm=0 chkmm=0 rows=1086
0:0-1:TR1: ABCK ti=5 L=366 seqmm=0 chkmm=0 rows=366
0:0-1:TR1: ABCK ti=6 L=220 seqmm=0 chkmm=0 rows=220
0:0-1:TR1: ABCK ti=7 L=116 seqmm=0 chkmm=0 rows=116
0:0-0:TR1: ABCK ti=2 L=1911 seqmm=0 chkmm=0 rows=1911
0:0-0:TR1: ABCK ti=3 L=1166 seqmm=0 chkmm=0 rows=1166
0:0-0:TR1: ABCK ti=4 L=661 seqmm=0 chkmm=0 rows=661
0:0-0:TR1: ABCK ti=5 L=347 seqmm=0 chkmm=0 rows=347
0:0-0:TR1: ABCK ti=6 L=192 seqmm=0 chkmm=0 rows=192
[BLEND_SPLIT] upload=0.5 (attrs=0.0MB ids=0.0MB resident) exec=2818.7 readback=2.0 total=2821.1 ms
[BLEND_ADDR] cull_masks=0xa08ee00 out=0xa269ec0(sz=0x600000) tile_ids=0x54d3ec0 xramp=0xa267ec0 yramp=0xa268ec0 payload=0x0(sz=0x0)
[BLEND_DEVICE] resident_blend=2916.1 ms (host_build=0)
[BUCKET_CULL] P_kept=3369033 tiles=1024 floor=6.10352e-05 cull_disabled=0 exec=73.98ms
[SORT] stage=RP P=3369033 P_kept=3369033 num_tiles=1024 max_tile_n=26544 bin=16.60 up=0.45 kernel=7.47 d2h=0.00 compact=0.00 publish=1.32 total=100.00ms
[CULL_SPLIT] candidates=3369033 masks=12.88MB exec=80.1 ms masks_addr=0xa08ee00 end=0xad70280 base_addr=0x9eb5600
0:0-1:TR1: ABVAL ti=0 g=0 seq=0 chk_ok=0 r0=1185344268 r10=4294967295
0:0-2:TR1: ABVAL ti=0 g=0 seq=0 chk_ok=0 r0=1185344268 r10=4294967295
0:0-7:TR1: ABVAL ti=0 g=0 seq=0 chk_ok=0 r0=1178825243 r10=0
0:1-3:TR1: ABVAL ti=0 g=0 seq=0 chk_ok=0 r0=1170913011 r10=4294967295
0:4-6:TR1: ABVAL ti=0 g=0 seq=0 chk_ok=0 r0=1178825243 r10=63
0:4-7:TR1: ABVAL ti=0 g=0 seq=0 chk_ok=0 r0=1178825243 r10=4294967295
0:4-8:TR1: ABVAL ti=0 g=0 seq=0 chk_ok=0 r0=1184986653 r10=0
0:4-9:TR1: ABVAL ti=0 g=0 seq=0 chk_ok=0 r0=1170913011 r10=0
0:5-0:TR1: ABVAL ti=0 g=0 seq=0 chk_ok=0 r0=1178825243 r10=524287
0:5-1:TR1: ABVAL ti=0 g=0 seq=0 chk_ok=0 r0=1178825243 r10=8191
0:5-3:TR1: ABVAL ti=0 g=0 seq=0 chk_ok=0 r0=1170913011 r10=0
0:5-4:TR1: ABVAL ti=0 g=0 seq=0 chk_ok=0 r0=1185344268 r10=4294967295
0:5-5:TR1: ABVAL ti=0 g=0 seq=0 chk_ok=0 r0=1179839936 r10=0
0:5-8:TR1: ABVAL ti=0 g=0 seq=0 chk_ok=0 r0=1185344268 r10=4294967155
0:6-0:TR1: ABVAL ti=0 g=0 seq=0 chk_ok=0 r0=1178825243 r10=4294967295
0:6-6:TR1: ABVAL ti=0 g=0 seq=0 chk_ok=0 r0=1170913011 r10=4294967295
0:6-7:TR1: ABVAL ti=0 g=0 seq=0 chk_ok=0 r0=1170913011 r10=4294967295
0:6-8:TR1: ABVAL ti=0 g=0 seq=0 chk_ok=0 r0=1170913011 r10=3471835135
0:6-9:TR1: ABVAL ti=0 g=0 seq=0 chk_ok=0 r0=1178825243 r10=1073741823
0:7-3:TR1: ABVAL ti=0 g=0 seq=0 chk_ok=0 r0=1184986653 r10=0
0:7-4:TR1: ABVAL ti=0 g=0 seq=0 chk_ok=0 r0=1184986653 r10=0
0:7-5:TR1: ABVAL ti=0 g=0 seq=0 chk_ok=0 r0=1178825243 r10=4294966272
0:7-6:TR1: ABVAL ti=0 g=0 seq=0 chk_ok=0 r0=1170913011 r10=4294967295
0:7-7:TR1: ABVAL ti=0 g=0 seq=0 chk_ok=0 r0=1179839936 r10=0
0:7-8:TR1: ABVAL ti=0 g=0 seq=0 chk_ok=0 r0=1170913011 r10=0
0:7-9:TR1: ABVAL ti=0 g=0 seq=0 chk_ok=0 r0=1178825243 r10=4294967295
0:8-0:TR1: ABVAL ti=0 g=0 seq=0 chk_ok=0 r0=1170913011 r10=0
0:8-9:TR1: ABVAL ti=0 g=0 seq=0 chk_ok=0 r0=1178825243 r10=1073741823
0:9-3:TR1: ABVAL ti=0 g=0 seq=0 chk_ok=0 r0=1183906997 r10=4294967295
0:9-4:TR1: ABVAL ti=0 g=0 seq=0 chk_ok=0 r0=1170913011 r10=2188
0:9-5:TR1: ABVAL ti=0 g=0 seq=0 chk_ok=0 r0=1179839936 r10=0
0:9-6:TR1: ABVAL ti=0 g=0 seq=0 chk_ok=0 r0=1178825243 r10=0
0:9-7:TR1: ABVAL ti=0 g=0 seq=0 chk_ok=0 r0=1179839936 r10=0
0:9-8:TR1: ABVAL ti=0 g=0 seq=0 chk_ok=0 r0=1170913011 r10=0
0:9-9:TR1: ABVAL ti=0 g=0 seq=0 chk_ok=0 r0=1178825243 r10=4294967295
0:10-0:TR1: ABVAL ti=0 g=0 seq=0 chk_ok=0 r0=1186158284 r10=0
0:10-1:TR1: ABVAL ti=0 g=0 seq=0 chk_ok=0 r0=1170913011 r10=4294967295
0:10-2:TR1: ABVAL ti=0 g=0 seq=0 chk_ok=0 r0=1179839936 r10=0
0:10-3:TR1: ABVAL ti=0 g=0 seq=0 chk_ok=0 r0=1170913011 r10=3438215167
0:10-4:TR1: ABVAL ti=0 g=0 seq=0 chk_ok=0 r0=1185344268 r10=4294967295
0:10-5:TR1: ABVAL ti=0 g=0 seq=0 chk_ok=0 r0=1185344268 r10=4294967295
0:10-6:TR1: ABVAL ti=0 g=0 seq=0 chk_ok=0 r0=1185344268 r10=4294967295
0:10-7:TR1: ABVAL ti=0 g=0 seq=0 chk_ok=0 r0=1179839936 r10=0
0:10-9:TR1: ABVAL ti=0 g=0 seq=0 chk_ok=0 r0=1184986653 r10=0
0:0-0:TR1: ABVAL ti=0 g=0 seq=0 chk_ok=0 r0=1185344268 r10=4294967295
0:0-0:TR1: ABVAL ti=0 g=1 seq=0 chk_ok=0 r0=1186158284 r10=0
0:0-1:TR1: ABVAL ti=0 g=1 seq=0 chk_ok=0 r0=1186158284 r10=0
0:0-1:TR1: ABVAL ti=0 g=2 seq=0 chk_ok=0 r0=1183906997 r10=4294967295
0:0-2:TR1: ABVAL ti=0 g=1 seq=0 chk_ok=0 r0=1186158284 r10=0
0:0-2:TR1: ABVAL ti=0 g=2 seq=0 chk_ok=0 r0=1183906997 r10=4294967295
0:0-3:TR1: ABVAL ti=0 g=0 seq=0 chk_ok=0 r0=1185344268 r10=4294967295
0:0-3:TR1: ABVAL ti=0 g=1 seq=0 chk_ok=0 r0=1183906997 r10=288849919
0:0-4:TR1: ABVAL ti=0 g=0 seq=0 chk_ok=0 r0=1185344268 r10=4294967283
0:0-4:TR1: ABVAL ti=0 g=1 seq=0 chk_ok=0 r0=1169335022 r10=0
0:0-5:TR1: ABVAL ti=0 g=0 seq=0 chk_ok=0 r0=1179839936 r10=0
0:0-5:TR1: ABVAL ti=0 g=1 seq=0 chk_ok=0 r0=1170913011 r10=3438215167
0:0-6:TR1: ABVAL ti=0 g=0 seq=0 chk_ok=0 r0=1170913011 r10=4294967295
0:0-6:TR1: ABVAL ti=0 g=1 seq=0 chk_ok=0 r0=1148973443 r10=4294967295
0:0-7:TR1: ABVAL ti=0 g=1 seq=0 chk_ok=0 r0=1179839936 r10=0
0:0-7:TR1: ABVAL ti=0 g=2 seq=0 chk_ok=0 r0=1170913011 r10=8
0:0-8:TR1: ABVAL ti=0 g=0 seq=0 chk_ok=0 r0=1178825243 r10=4294967295
0:0-8:TR1: ABVAL ti=0 g=1 seq=0 chk_ok=0 r0=1183906997 r10=4294967295
0:0-9:TR1: ABVAL ti=0 g=0 seq=0 chk_ok=0 r0=1178825243 r10=4294967295
0:0-9:TR1: ABVAL ti=0 g=1 seq=0 chk_ok=0 r0=1186158284 r10=0
0:1-0:TR1: ABVAL ti=0 g=0 seq=0 chk_ok=0 r0=1170913011 r10=4294967295
0:1-0:TR1: ABVAL ti=0 g=1 seq=0 chk_ok=0 r0=1148973443 r10=4294967295
0:1-1:TR1: ABVAL ti=0 g=0 seq=0 chk_ok=0 r0=1185344268 r10=4281401344
0:1-1:TR1: ABVAL ti=0 g=1 seq=0 chk_ok=0 r0=1156994112 r10=0
0:1-2:TR1: ABVAL ti=0 g=0 seq=0 chk_ok=0 r0=1178825243 r10=1048575
0:1-2:TR1: ABVAL ti=0 g=1 seq=0 chk_ok=0 r0=1186158284 r10=0
0:1-3:TR1: ABVAL ti=0 g=1 seq=0 chk_ok=0 r0=1148973443 r10=4294967295
0:1-3:TR1: ABVAL ti=0 g=2 seq=0 chk_ok=0 r0=1102730194 r10=0
0:1-4:TR1: ABVAL ti=0 g=0 seq=0 chk_ok=0 r0=1156994112 r10=4294967295
0:1-4:TR1: ABVAL ti=0 g=1 seq=0 chk_ok=0 r0=1169335022 r10=0
0:1-5:TR1: ABVAL ti=0 g=0 seq=0 chk_ok=0 r0=1185344268 r10=268435456
0:1-5:TR1: ABVAL ti=0 g=1 seq=0 chk_ok=0 r0=1156994112 r10=3438211071
0:1-6:TR1: ABVAL ti=0 g=0 seq=0 chk_ok=0 r0=1179839936 r10=0
0:1-6:TR1: ABVAL ti=0 g=1 seq=0 chk_ok=0 r0=1170913011 r10=4294967295
0:1-7:TR1: ABVAL ti=0 g=0 seq=0 chk_ok=0 r0=1178825243 r10=65535
0:1-7:TR1: ABVAL ti=0 g=1 seq=0 chk_ok=0 r0=1183906997 r10=4294967295
0:1-8:TR1: ABVAL ti=0 g=0 seq=0 chk_ok=0 r0=1179839936 r10=0
0:1-8:TR1: ABVAL ti=0 g=1 seq=0 chk_ok=0 r0=1170913011 r10=4294967295
0:1-9:TR1: ABVAL ti=0 g=0 seq=0 chk_ok=0 r0=1179839936 r10=0
0:1-9:TR1: ABVAL ti=0 g=1 seq=0 chk_ok=0 r0=1170913011 r10=4294967295
0:2-0:TR1: ABVAL ti=0 g=0 seq=0 chk_ok=0 r0=1156994112 r10=4294967295
0:2-0:TR1: ABVAL ti=0 g=1 seq=0 chk_ok=0 r0=1169335022 r10=2287
0:2-1:TR1: ABVAL ti=0 g=0 seq=0 chk_ok=0 r0=1156994112 r10=4294967295
0:2-1:TR1: ABVAL ti=0 g=1 seq=0 chk_ok=0 r0=1104069185 r10=2147483648
0:2-2:TR1: ABVAL ti=0 g=0 seq=0 chk_ok=0 r0=1179839936 r10=0
0:2-2:TR1: ABVAL ti=0 g=1 seq=0 chk_ok=0 r0=1170913011 r10=4294967295
0:2-3:TR1: ABVAL ti=0 g=0 seq=0 chk_ok=0 r0=1185344268 r10=4294967088
0:2-3:TR1: ABVAL ti=0 g=1 seq=0 chk_ok=0 r0=1169335022 r10=0
0:2-4:TR1: ABVAL ti=0 g=0 seq=0 chk_ok=0 r0=1185344268 r10=4294930432
0:2-4:TR1: ABVAL ti=0 g=1 seq=0 chk_ok=0 r0=1156994112 r10=0
0:2-5:TR1: ABVAL ti=0 g=0 seq=0 chk_ok=0 r0=1178825243 r10=4294967295
0:2-5:TR1: ABVAL ti=0 g=1 seq=0 chk_ok=0 r0=1183906997 r10=4294967295
0:2-6:TR1: ABVAL ti=0 g=0 seq=0 chk_ok=0 r0=1170913011 r10=0
0:2-6:TR1: ABVAL ti=0 g=1 seq=0 chk_ok=0 r0=1157998767 r10=9236223
0:2-7:TR1: ABVAL ti=0 g=0 seq=0 chk_ok=0 r0=1170913011 r10=0
0:2-7:TR1: ABVAL ti=0 g=1 seq=0 chk_ok=0 r0=1157998767 r10=0
0:2-8:TR1: ABVAL ti=0 g=0 seq=0 chk_ok=0 r0=1156994112 r10=4294967295
0:2-8:TR1: ABVAL ti=0 g=1 seq=0 chk_ok=0 r0=1169335022 r10=585727
0:2-9:TR1: ABVAL ti=0 g=0 seq=0 chk_ok=0 r0=1178825243 r10=4294967295
0:2-9:TR1: ABVAL ti=0 g=1 seq=0 chk_ok=0 r0=1169335022 r10=143445743
0:3-0:TR1: ABVAL ti=0 g=0 seq=0 chk_ok=0 r0=1178825243 r10=16777215
0:3-0:TR1: ABVAL ti=0 g=1 seq=0 chk_ok=0 r0=1186158284 r10=0
0:3-1:TR1: ABVAL ti=0 g=0 seq=0 chk_ok=0 r0=1170913011 r10=4294967295
0:3-1:TR1: ABVAL ti=0 g=1 seq=0 chk_ok=0 r0=1148973443 r10=4294967295
0:3-2:TR1: ABVAL ti=0 g=0 seq=0 chk_ok=0 r0=1156994112 r10=4294967295
0:3-2:TR1: ABVAL ti=0 g=1 seq=0 chk_ok=0 r0=1081536852 r10=2147483648
0:3-3:TR1: ABVAL ti=0 g=0 seq=0 chk_ok=0 r0=1178825243 r10=0
0:3-3:TR1: ABVAL ti=0 g=1 seq=0 chk_ok=0 r0=1179839936 r10=307
0:3-4:TR1: ABVAL ti=0 g=0 seq=0 chk_ok=0 r0=1170913011 r10=4294967295
0:3-4:TR1: ABVAL ti=0 g=1 seq=0 chk_ok=0 r0=1157998767 r10=0
0:3-5:TR1: ABVAL ti=0 g=0 seq=0 chk_ok=0 r0=1184986653 r10=0
0:3-5:TR1: ABVAL ti=0 g=1 seq=0 chk_ok=0 r0=1185344268 r10=4294967295
0:3-6:TR1: ABVAL ti=0 g=0 seq=0 chk_ok=0 r0=1178825243 r10=4294967295
0:3-6:TR1: ABVAL ti=0 g=1 seq=0 chk_ok=0 r0=1186158284 r10=0
0:3-7:TR1: ABVAL ti=0 g=0 seq=0 chk_ok=0 r0=1170913011 r10=0
0:3-7:TR1: ABVAL ti=0 g=1 seq=0 chk_ok=0 r0=1157998767 r10=8
0:3-8:TR1: ABVAL ti=0 g=0 seq=0 chk_ok=0 r0=1178825243 r10=4294967295
0:3-8:TR1: ABVAL ti=0 g=1 seq=0 chk_ok=0 r0=1169335022 r10=0
0:3-9:TR1: ABVAL ti=0 g=0 seq=0 chk_ok=0 r0=1178825243 r10=4294967295
0:3-9:TR1: ABVAL ti=0 g=1 seq=0 chk_ok=0 r0=1179839936 r10=4294967295
0:4-0:TR1: ABVAL ti=0 g=0 seq=0 chk_ok=0 r0=1170913011 r10=0
0:4-0:TR1: ABVAL ti=0 g=1 seq=0 chk_ok=0 r0=1157998767 r10=136
0:4-1:TR1: ABVAL ti=0 g=0 seq=0 chk_ok=0 r0=1170913011 r10=0
0:4-1:TR1: ABVAL ti=0 g=1 seq=0 chk_ok=0 r0=1157998767 r10=3438215167
0:4-2:TR1: ABVAL ti=0 g=0 seq=0 chk_ok=0 r0=1178825243 r10=4294967295
0:4-2:TR1: ABVAL ti=0 g=1 seq=0 chk_ok=0 r0=1179839936 r10=4294897356
0:4-3:TR1: ABVAL ti=0 g=0 seq=0 chk_ok=0 r0=1178825243 r10=6143
0:4-3:TR1: ABVAL ti=0 g=1 seq=0 chk_ok=0 r0=1179839936 r10=4294967295
0:4-4:TR1: ABVAL ti=0 g=0 seq=0 chk_ok=0 r0=1185344268 r10=4294967295
0:4-4:TR1: ABVAL ti=0 g=1 seq=0 chk_ok=0 r0=1186158284 r10=0
0:4-5:TR1: ABVAL ti=0 g=0 seq=0 chk_ok=0 r0=1156994112 r10=4009754623
0:4-5:TR1: ABVAL ti=0 g=1 seq=0 chk_ok=0 r0=1078087685 r10=0
0:4-6:TR1: ABVAL ti=0 g=1 seq=0 chk_ok=0 r0=1179839936 r10=326631423
0:4-6:TR1: ABVAL ti=0 g=2 seq=0 chk_ok=0 r0=1156994112 r10=4294967295
0:4-7:TR1: ABVAL ti=0 g=1 seq=0 chk_ok=0 r0=1179839936 r10=4294967295
0:4-7:TR1: ABVAL ti=0 g=2 seq=0 chk_ok=0 r0=1156994112 r10=4294967295
0:4-8:TR1: ABVAL ti=0 g=1 seq=0 chk_ok=0 r0=1185344268 r10=4294967295
0:4-8:TR1: ABVAL ti=0 g=2 seq=0 chk_ok=0 r0=1186158284 r10=822083584
0:4-9:TR1: ABVAL ti=0 g=1 seq=0 chk_ok=0 r0=1157998767 r10=3472883711
0:4-9:TR1: ABVAL ti=0 g=2 seq=0 chk_ok=0 r0=1082754920 r10=0
0:5-0:TR1: ABVAL ti=0 g=1 seq=0 chk_ok=0 r0=1179839936 r10=4294967295
0:5-0:TR1: ABVAL ti=0 g=2 seq=0 chk_ok=0 r0=1156994112 r10=4294967295
0:5-1:TR1: ABVAL ti=0 g=1 seq=0 chk_ok=0 r0=1169335022 r10=0
0:5-1:TR1: ABVAL ti=0 g=2 seq=0 chk_ok=0 r0=1150842525 r10=0
0:5-2:TR1: ABVAL ti=0 g=0 seq=0 chk_ok=0 r0=1185344268 r10=4294967295
0:5-2:TR1: ABVAL ti=0 g=1 seq=0 chk_ok=0 r0=1186158284 r10=0
0:5-3:TR1: ABVAL ti=0 g=1 seq=0 chk_ok=0 r0=1157998767 r10=4294967295
0:5-3:TR1: ABVAL ti=0 g=2 seq=0 chk_ok=0 r0=1156994112 r10=0
0:5-4:TR1: ABVAL ti=0 g=1 seq=0 chk_ok=0 r0=1086911499 r10=3221225472
0:5-4:TR1: ABVAL ti=0 g=2 seq=0 chk_ok=0 r0=1057269349 r10=2147483648
0:5-5:TR1: ABVAL ti=0 g=1 seq=0 chk_ok=0 r0=1170913011 r10=4294967295
0:5-5:TR1: ABVAL ti=0 g=2 seq=0 chk_ok=0 r0=1157998767 r10=4294967295
0:5-6:TR1: ABVAL ti=0 g=0 seq=0 chk_ok=0 r0=1185344268 r10=4294967295
0:5-6:TR1: ABVAL ti=0 g=1 seq=0 chk_ok=0 r0=1156994112 r10=0
0:5-7:TR1: ABVAL ti=0 g=0 seq=0 chk_ok=0 r0=1178825243 r10=1572863
0:5-7:TR1: ABVAL ti=0 g=1 seq=0 chk_ok=0 r0=1179839936 r10=1128447
0:5-8:TR1: ABVAL ti=0 g=1 seq=0 chk_ok=0 r0=1156994112 r10=34956
0:5-8:TR1: ABVAL ti=0 g=2 seq=0 chk_ok=0 r0=1058709434 r10=536870912
0:5-9:TR1: ABVAL ti=0 g=0 seq=0 chk_ok=0 r0=1179839936 r10=0
0:5-9:TR1: ABVAL ti=0 g=1 seq=0 chk_ok=0 r0=1170913011 r10=4294967295
0:6-0:TR1: ABVAL ti=0 g=1 seq=0 chk_ok=0 r0=1179839936 r10=4294967295
0:6-0:TR1: ABVAL ti=0 g=2 seq=0 chk_ok=0 r0=1156994112 r10=4294967295
0:6-1:TR1: ABVAL ti=0 g=0 seq=0 chk_ok=0 r0=1178825243 r10=33554431
0:6-1:TR1: ABVAL ti=0 g=1 seq=0 chk_ok=0 r0=1179839936 r10=4294967295
0:6-2:TR1: ABVAL ti=0 g=0 seq=0 chk_ok=0 r0=1170913011 r10=147648511
0:6-2:TR1: ABVAL ti=0 g=1 seq=0 chk_ok=0 r0=1157998767 r10=4294967295
0:6-3:TR1: ABVAL ti=0 g=0 seq=0 chk_ok=0 r0=1178825243 r10=0
0:6-3:TR1: ABVAL ti=0 g=1 seq=0 chk_ok=0 r0=1179839936 r10=70527
0:6-4:TR1: ABVAL ti=0 g=0 seq=0 chk_ok=0 r0=1185344268 r10=4294967295
0:6-4:TR1: ABVAL ti=0 g=1 seq=0 chk_ok=0 r0=1156994112 r10=0
0:6-5:TR1: ABVAL ti=0 g=0 seq=0 chk_ok=0 r0=1178825243 r10=4294967295
0:6-5:TR1: ABVAL ti=0 g=1 seq=0 chk_ok=0 r0=1179839936 r10=4294967295
0:6-6:TR1: ABVAL ti=0 g=1 seq=0 chk_ok=0 r0=1169666930 r10=4294967295
0:6-6:TR1: ABVAL ti=0 g=2 seq=0 chk_ok=0 r0=1148973443 r10=4294967295
0:6-7:TR1: ABVAL ti=0 g=1 seq=0 chk_ok=0 r0=1148973443 r10=4294967295
0:6-7:TR1: ABVAL ti=0 g=2 seq=0 chk_ok=0 r0=1110346803 r10=3427033088
0:6-8:TR1: ABVAL ti=0 g=1 seq=0 chk_ok=0 r0=1143165954 r10=0
0:6-8:TR1: ABVAL ti=0 g=2 seq=0 chk_ok=0 r0=1050898590 r10=3221225472
0:6-9:TR1: ABVAL ti=0 g=1 seq=0 chk_ok=0 r0=1179839936 r10=4294967295
0:6-9:TR1: ABVAL ti=0 g=2 seq=0 chk_ok=0 r0=1156994112 r10=3438210799
0:7-0:TR1: ABVAL ti=0 g=0 seq=0 chk_ok=0 r0=1170913011 r10=36079
0:7-0:TR1: ABVAL ti=0 g=1 seq=0 chk_ok=0 r0=1143165954 r10=0
0:7-1:TR1: ABVAL ti=0 g=0 seq=0 chk_ok=0 r0=1178825243 r10=0
0:7-1:TR1: ABVAL ti=0 g=1 seq=0 chk_ok=0 r0=1179839936 r10=939524095
0:7-2:TR1: ABVAL ti=0 g=0 seq=0 chk_ok=0 r0=1170913011 r10=8
0:7-2:TR1: ABVAL ti=0 g=1 seq=0 chk_ok=0 r0=1157998767 r10=4294967295
0:7-3:TR1: ABVAL ti=0 g=1 seq=0 chk_ok=0 r0=1172341913 r10=4294407987
0:7-3:TR1: ABVAL ti=0 g=2 seq=0 chk_ok=0 r0=1185344268 r10=4294967295
0:7-4:TR1: ABVAL ti=0 g=1 seq=0 chk_ok=0 r0=1185344268 r10=4294967294
0:7-4:TR1: ABVAL ti=0 g=2 seq=0 chk_ok=0 r0=1186158284 r10=0
0:7-5:TR1: ABVAL ti=0 g=1 seq=0 chk_ok=0 r0=1183906997 r10=4294967295
0:7-5:TR1: ABVAL ti=0 g=2 seq=0 chk_ok=0 r0=1176551982 r10=4294967295
0:7-6:TR1: ABVAL ti=0 g=1 seq=0 chk_ok=0 r0=1157998767 r10=79743
0:7-6:TR1: ABVAL ti=0 g=2 seq=0 chk_ok=0 r0=1056218532 r10=13056
0:7-7:TR1: ABVAL ti=0 g=1 seq=0 chk_ok=0 r0=1170913011 r10=4294967295
0:7-7:TR1: ABVAL ti=0 g=2 seq=0 chk_ok=0 r0=1157707443 r10=2147483648
0:7-8:TR1: ABVAL ti=0 g=1 seq=0 chk_ok=0 r0=1118362278 r10=0
0:7-8:TR1: ABVAL ti=0 g=2 seq=0 chk_ok=0 r0=1094830482 r10=268435456
0:7-9:TR1: ABVAL ti=0 g=1 seq=0 chk_ok=0 r0=1179839936 r10=4294967295
0:7-9:TR1: ABVAL ti=0 g=2 seq=0 chk_ok=0 r0=1156994112 r10=0
0:8-0:TR1: ABVAL ti=0 g=1 seq=0 chk_ok=0 r0=1143165954 r10=0
0:8-0:TR1: ABVAL ti=0 g=2 seq=0 chk_ok=0 r0=1118362278 r10=0
0:8-1:TR1: ABVAL ti=0 g=0 seq=0 chk_ok=0 r0=1170913011 r10=4294967295
0:8-1:TR1: ABVAL ti=0 g=1 seq=0 chk_ok=0 r0=1157707443 r10=1
0:8-2:TR1: ABVAL ti=0 g=0 seq=0 chk_ok=0 r0=1178825243 r10=255
0:8-2:TR1: ABVAL ti=0 g=1 seq=0 chk_ok=0 r0=1169335022 r10=0
0:8-3:TR1: ABVAL ti=0 g=0 seq=0 chk_ok=0 r0=1178825243 r10=0
0:8-3:TR1: ABVAL ti=0 g=1 seq=0 chk_ok=0 r0=1179839936 r10=0
0:8-4:TR1: ABVAL ti=0 g=0 seq=0 chk_ok=0 r0=1178825243 r10=0
0:8-4:TR1: ABVAL ti=0 g=1 seq=0 chk_ok=0 r0=1179839936 r10=4294967295
0:8-5:TR1: ABVAL ti=0 g=0 seq=0 chk_ok=0 r0=1170913011 r10=4294967295
0:8-5:TR1: ABVAL ti=0 g=1 seq=0 chk_ok=0 r0=1148973443 r10=4294967295
0:8-6:TR1: ABVAL ti=0 g=0 seq=0 chk_ok=0 r0=1185344268 r10=4294967295
0:8-6:TR1: ABVAL ti=0 g=1 seq=0 chk_ok=0 r0=1186158284 r10=0
0:8-7:TR1: ABVAL ti=0 g=0 seq=0 chk_ok=0 r0=1178825243 r10=4294967295
0:8-7:TR1: ABVAL ti=0 g=1 seq=0 chk_ok=0 r0=1169335022 r10=0
0:8-8:TR1: ABVAL ti=0 g=0 seq=0 chk_ok=0 r0=1178825243 r10=0
0:8-8:TR1: ABVAL ti=0 g=1 seq=0 chk_ok=0 r0=1179839936 r10=0
0:8-9:TR1: ABVAL ti=0 g=1 seq=0 chk_ok=0 r0=1179839936 r10=2147483647
0:8-9:TR1: ABVAL ti=0 g=2 seq=0 chk_ok=0 r0=1170913011 r10=0
0:9-0:TR1: ABVAL ti=0 g=0 seq=0 chk_ok=0 r0=1178825243 r10=4294967295
0:9-0:TR1: ABVAL ti=0 g=1 seq=0 chk_ok=0 r0=1169335022 r10=0
0:9-1:TR1: ABVAL ti=0 g=0 seq=0 chk_ok=0 r0=1170913011 r10=4294967295
0:9-1:TR1: ABVAL ti=0 g=1 seq=0 chk_ok=0 r0=1157998767 r10=939524095
0:9-2:TR1: ABVAL ti=0 g=0 seq=0 chk_ok=0 r0=1179839936 r10=0
0:9-2:TR1: ABVAL ti=0 g=1 seq=0 chk_ok=0 r0=1170913011 r10=4294967295
0:9-3:TR1: ABVAL ti=0 g=1 seq=0 chk_ok=0 r0=1176551982 r10=4294967295
0:9-3:TR1: ABVAL ti=0 g=2 seq=0 chk_ok=0 r0=1174376771 r10=4294967295
0:9-4:TR1: ABVAL ti=0 g=1 seq=0 chk_ok=0 r0=1157998767 r10=4294967295
0:9-4:TR1: ABVAL ti=0 g=2 seq=0 chk_ok=0 r0=1169335022 r10=4294967295
0:9-5:TR1: ABVAL ti=0 g=1 seq=0 chk_ok=0 r0=1170913011 r10=2184
0:9-5:TR1: ABVAL ti=0 g=2 seq=0 chk_ok=0 r0=1157998767 r10=4294967295
0:9-6:TR1: ABVAL ti=0 g=1 seq=0 chk_ok=0 r0=1179839936 r10=0
0:9-6:TR1: ABVAL ti=0 g=2 seq=0 chk_ok=0 r0=1170913011 r10=0
0:9-7:TR1: ABVAL ti=0 g=1 seq=0 chk_ok=0 r0=1170913011 r10=4294967295
0:9-7:TR1: ABVAL ti=0 g=2 seq=0 chk_ok=0 r0=1141171135 r10=2364538879
0:9-8:TR1: ABVAL ti=0 g=1 seq=0 chk_ok=0 r0=1094830482 r10=2147483648
0:9-8:TR1: ABVAL ti=0 g=2 seq=0 chk_ok=0 r0=1098342815 r10=13529344
0:9-9:TR1: ABVAL ti=0 g=1 seq=0 chk_ok=0 r0=1179839936 r10=4294967295
0:9-9:TR1: ABVAL ti=0 g=2 seq=0 chk_ok=0 r0=1156994112 r10=4294967295
0:10-0:TR1: ABVAL ti=0 g=1 seq=0 chk_ok=0 r0=1183906997 r10=4294967295
0:10-0:TR1: ABVAL ti=0 g=2 seq=0 chk_ok=0 r0=1176551982 r10=4294967295
0:10-1:TR1: ABVAL ti=0 g=1 seq=0 chk_ok=0 r0=1157998767 r10=4294967295
0:10-1:TR1: ABVAL ti=0 g=2 seq=0 chk_ok=0 r0=1169335022 r10=67108863
0:10-2:TR1: ABVAL ti=0 g=1 seq=0 chk_ok=0 r0=1170913011 r10=4294967295
0:10-2:TR1: ABVAL ti=0 g=2 seq=0 chk_ok=0 r0=1157707443 r10=4294967294
0:10-3:TR1: ABVAL ti=0 g=1 seq=0 chk_ok=0 r0=1157998767 r10=4294967295
0:10-3:TR1: ABVAL ti=0 g=2 seq=0 chk_ok=0 r0=1169335022 r10=2147483647
0:10-4:TR1: ABVAL ti=0 g=1 seq=0 chk_ok=0 r0=1186158284 r10=0
0:10-4:TR1: ABVAL ti=0 g=2 seq=0 chk_ok=0 r0=1130288548 r10=0
0:10-5:TR1: ABVAL ti=0 g=1 seq=0 chk_ok=0 r0=1186158284 r10=0
0:10-5:TR1: ABVAL ti=0 g=2 seq=0 chk_ok=0 r0=1119462288 r10=862348288
0:10-6:TR1: ABVAL ti=0 g=1 seq=0 chk_ok=0 r0=1077472203 r10=0
0:10-6:TR1: ABVAL ti=0 g=2 seq=0 chk_ok=0 r0=1176551982 r10=4294967295
0:10-7:TR1: ABVAL ti=0 g=1 seq=0 chk_ok=0 r0=1170913011 r10=4294967295
0:10-7:TR1: ABVAL ti=0 g=2 seq=0 chk_ok=0 r0=1167473666 r10=0
0:10-8:TR1: ABVAL ti=0 g=0 seq=0 chk_ok=0 r0=1178825243 r10=4294967295
0:10-8:TR1: ABVAL ti=0 g=1 seq=0 chk_ok=0 r0=1186158284 r10=0
0:10-9:TR1: ABVAL ti=0 g=1 seq=0 chk_ok=0 r0=1185344268 r10=4294967280
0:10-9:TR1: ABVAL ti=0 g=2 seq=0 chk_ok=0 r0=1186158284 r10=0
0:0-0:TR1: ABVAL ti=0 g=2 seq=0 chk_ok=0 r0=1183906997 r10=4294967295
0:0-0:TR1: ABVAL ti=0 g=3 seq=0 chk_ok=0 r0=1176551982 r10=4294967295
0:0-1:TR1: ABVAL ti=0 g=3 seq=0 chk_ok=0 r0=1176551982 r10=4294967295
0:0-1:TR1: ABVAL ti=0 g=4 seq=0 chk_ok=0 r0=1174376771 r10=4294967295
0:0-2:TR1: ABVAL ti=0 g=3 seq=0 chk_ok=0 r0=1176551982 r10=4294967295
0:0-2:TR1: ABVAL ti=0 g=4 seq=0 chk_ok=0 r0=1174376771 r10=4294967295
0:0-3:TR1: ABVAL ti=0 g=2 seq=0 chk_ok=0 r0=1176551982 r10=4294967295
0:0-3:TR1: ABVAL ti=0 g=3 seq=0 chk_ok=0 r0=1174376771 r10=20447231
0:0-4:TR1: ABVAL ti=0 g=2 seq=0 chk_ok=0 r0=1176551982 r10=4294967295
0:0-4:TR1: ABVAL ti=0 g=3 seq=0 chk_ok=0 r0=1174376771 r10=19
0:0-5:TR1: ABVAL ti=0 g=2 seq=0 chk_ok=0 r0=1141171135 r10=0
0:0-5:TR1: ABVAL ti=0 g=3 seq=0 chk_ok=0 r0=1157998767 r10=4294967295
0:0-6:TR1: ABVAL ti=0 g=2 seq=0 chk_ok=0 r0=1068364984 r10=838860800
0:0-6:TR1: ABVAL ti=0 g=3 seq=0 chk_ok=0 r0=1137312406 r10=0
0:0-7:TR1: ABVAL ti=0 g=3 seq=0 chk_ok=0 r0=1141171135 r10=0
0:0-7:TR1: ABVAL ti=0 g=4 seq=0 chk_ok=0 r0=1157998767 r10=4294967295
0:0-8:TR1: ABVAL ti=0 g=2 seq=0 chk_ok=0 r0=1176551982 r10=4294967295
0:0-8:TR1: ABVAL ti=0 g=3 seq=0 chk_ok=0 r0=1174376771 r10=4294967295
0:0-9:TR1: ABVAL ti=0 g=2 seq=0 chk_ok=0 r0=1183906997 r10=4294967295
0:0-9:TR1: ABVAL ti=0 g=3 seq=0 chk_ok=0 r0=1176551982 r10=4294967295
0:1-0:TR1: ABVAL ti=0 g=2 seq=0 chk_ok=0 r0=1051134130 r10=2290089984
0:1-0:TR1: ABVAL ti=0 g=3 seq=0 chk_ok=0 r0=1059046356 r10=838860800
0:1-1:TR1: ABVAL ti=0 g=2 seq=0 chk_ok=0 r0=1169335022 r10=0
0:1-1:TR1: ABVAL ti=0 g=3 seq=0 chk_ok=0 r0=1176551982 r10=4294967295
0:1-2:TR1: ABVAL ti=0 g=2 seq=0 chk_ok=0 r0=1183906997 r10=4294967295
0:1-2:TR1: ABVAL ti=0 g=3 seq=0 chk_ok=0 r0=1176551982 r10=4294967295
0:1-3:TR1: ABVAL ti=0 g=3 seq=0 chk_ok=0 r0=1137312406 r10=0
0:1-3:TR1: ABVAL ti=0 g=4 seq=0 chk_ok=0 r0=1095497715 r10=2147483648
0:1-4:TR1: ABVAL ti=0 g=2 seq=0 chk_ok=0 r0=1176551982 r10=4294967295
0:1-4:TR1: ABVAL ti=0 g=3 seq=0 chk_ok=0 r0=1131654581 r10=3435134976
0:1-5:TR1: ABVAL ti=0 g=2 seq=0 chk_ok=0 r0=1169335022 r10=0
0:1-5:TR1: ABVAL ti=0 g=3 seq=0 chk_ok=0 r0=1176551982 r10=4294967295
0:1-6:TR1: ABVAL ti=0 g=2 seq=0 chk_ok=0 r0=1157998767 r10=4294967295
0:1-6:TR1: ABVAL ti=0 g=3 seq=0 chk_ok=0 r0=1169335022 r10=4294967295
0:1-7:TR1: ABVAL ti=0 g=2 seq=0 chk_ok=0 r0=1176551982 r10=4294967295
0:1-7:TR1: ABVAL ti=0 g=3 seq=0 chk_ok=0 r0=1174376771 r10=4294967295
0:1-8:TR1: ABVAL ti=0 g=2 seq=0 chk_ok=0 r0=1141171135 r10=36079
0:1-8:TR1: ABVAL ti=0 g=3 seq=0 chk_ok=0 r0=1157998767 r10=4294967295
0:1-9:TR1: ABVAL ti=0 g=2 seq=0 chk_ok=0 r0=1141171135 r10=15728503
0:1-9:TR1: ABVAL ti=0 g=3 seq=0 chk_ok=0 r0=1157998767 r10=4294967295
0:2-0:TR1: ABVAL ti=0 g=2 seq=0 chk_ok=0 r0=1093283824 r10=52430
0:2-0:TR1: ABVAL ti=0 g=3 seq=0 chk_ok=0 r0=1086336697 r10=8
0:2-1:TR1: ABVAL ti=0 g=2 seq=0 chk_ok=0 r0=1083723079 r10=2290089984
0:2-1:TR1: ABVAL ti=0 g=3 seq=0 chk_ok=0 r0=1068324308 r10=2290089984
0:2-2:TR1: ABVAL ti=0 g=2 seq=0 chk_ok=0 r0=1157998767 r10=4294967295
0:2-2:TR1: ABVAL ti=0 g=3 seq=0 chk_ok=0 r0=1169335022 r10=4294967295
0:2-3:TR1: ABVAL ti=0 g=2 seq=0 chk_ok=0 r0=1176551982 r10=4294967295
0:2-3:TR1: ABVAL ti=0 g=3 seq=0 chk_ok=0 r0=1122962258 r10=0
0:2-4:TR1: ABVAL ti=0 g=2 seq=0 chk_ok=0 r0=1169335022 r10=0
0:2-4:TR1: ABVAL ti=0 g=3 seq=0 chk_ok=0 r0=1176551982 r10=4294967295
0:2-5:TR1: ABVAL ti=0 g=2 seq=0 chk_ok=0 r0=1176551982 r10=4294967295
0:2-5:TR1: ABVAL ti=0 g=3 seq=0 chk_ok=0 r0=1174376771 r10=4294967295
0:2-6:TR1: ABVAL ti=0 g=2 seq=0 chk_ok=0 r0=1156994112 r10=0
0:2-6:TR1: ABVAL ti=0 g=3 seq=0 chk_ok=0 r0=1099192712 r10=0
0:2-7:TR1: ABVAL ti=0 g=2 seq=0 chk_ok=0 r0=1156994112 r10=2004877311
0:2-7:TR1: ABVAL ti=0 g=3 seq=0 chk_ok=0 r0=1096336358 r10=2290089984
0:2-8:TR1: ABVAL ti=0 g=2 seq=0 chk_ok=0 r0=1086336697 r10=1
0:2-8:TR1: ABVAL ti=0 g=3 seq=0 chk_ok=0 r0=1176551982 r10=4294967295
0:2-9:TR1: ABVAL ti=0 g=2 seq=0 chk_ok=0 r0=1150842525 r10=2364469247
0:2-9:TR1: ABVAL ti=0 g=3 seq=0 chk_ok=0 r0=1176551982 r10=4294967295
0:3-0:TR1: ABVAL ti=0 g=2 seq=0 chk_ok=0 r0=1183906997 r10=4294967295
0:3-0:TR1: ABVAL ti=0 g=3 seq=0 chk_ok=0 r0=1176551982 r10=4294967295
0:3-1:TR1: ABVAL ti=0 g=2 seq=0 chk_ok=0 r0=1110346803 r10=0
0:3-1:TR1: ABVAL ti=0 g=3 seq=0 chk_ok=0 r0=1051774320 r10=3221225472
0:3-2:TR1: ABVAL ti=0 g=2 seq=0 chk_ok=0 r0=1052278782 r10=285212672
0:3-2:TR1: ABVAL ti=0 g=3 seq=0 chk_ok=0 r0=1092682955 r10=1610612736
0:3-3:TR1: ABVAL ti=0 g=2 seq=0 chk_ok=0 r0=1170913011 r10=0
0:3-3:TR1: ABVAL ti=0 g=3 seq=0 chk_ok=0 r0=1141171135 r10=0
0:3-4:TR1: ABVAL ti=0 g=2 seq=0 chk_ok=0 r0=1148973443 r10=4294967294
0:3-4:TR1: ABVAL ti=0 g=3 seq=0 chk_ok=0 r0=1051019270 r10=805306368
0:3-5:TR1: ABVAL ti=0 g=2 seq=0 chk_ok=0 r0=1186158284 r10=4294931249
0:3-5:TR1: ABVAL ti=0 g=3 seq=0 chk_ok=0 r0=1120552587 r10=0
0:3-6:TR1: ABVAL ti=0 g=2 seq=0 chk_ok=0 r0=1183906997 r10=4294967295
0:3-6:TR1: ABVAL ti=0 g=3 seq=0 chk_ok=0 r0=1176551982 r10=4294967295
0:3-7:TR1: ABVAL ti=0 g=2 seq=0 chk_ok=0 r0=1156994112 r10=273
0:3-7:TR1: ABVAL ti=0 g=3 seq=0 chk_ok=0 r0=1096336358 r10=285212672
0:3-8:TR1: ABVAL ti=0 g=2 seq=0 chk_ok=0 r0=1150842525 r10=8
0:3-8:TR1: ABVAL ti=0 g=3 seq=0 chk_ok=0 r0=1176551982 r10=4294967295
0:3-9:TR1: ABVAL ti=0 g=2 seq=0 chk_ok=0 r0=1156994112 r10=4294967295
0:3-9:TR1: ABVAL ti=0 g=3 seq=0 chk_ok=0 r0=1169335022 r10=4294967295
0:4-0:TR1: ABVAL ti=0 g=2 seq=0 chk_ok=0 r0=1156994112 r10=4294967295
0:4-0:TR1: ABVAL ti=0 g=3 seq=0 chk_ok=0 r0=1169335022 r10=149946367
0:4-1:TR1: ABVAL ti=0 g=2 seq=0 chk_ok=0 r0=1156994112 r10=859010935
0:4-1:TR1: ABVAL ti=0 g=3 seq=0 chk_ok=0 r0=1169335022 r10=2415919103
0:4-2:TR1: ABVAL ti=0 g=2 seq=0 chk_ok=0 r0=1156994112 r10=136
0:4-2:TR1: ABVAL ti=0 g=3 seq=0 chk_ok=0 r0=1169335022 r10=4294967295
0:4-3:TR1: ABVAL ti=0 g=2 seq=0 chk_ok=0 r0=1156994112 r10=4294967295
0:4-3:TR1: ABVAL ti=0 g=3 seq=0 chk_ok=0 r0=1169335022 r10=4294967295
0:4-4:TR1: ABVAL ti=0 g=2 seq=0 chk_ok=0 r0=1183906997 r10=4294967295
0:4-4:TR1: ABVAL ti=0 g=3 seq=0 chk_ok=0 r0=1176551982 r10=2295131886
0:4-5:TR1: ABVAL ti=0 g=2 seq=0 chk_ok=0 r0=1103996507 r10=0
0:4-5:TR1: ABVAL ti=0 g=3 seq=0 chk_ok=0 r0=1176551982 r10=4294967295
0:4-6:TR1: ABVAL ti=0 g=3 seq=0 chk_ok=0 r0=1169335022 r10=4294967295
0:4-6:TR1: ABVAL ti=0 g=4 seq=0 chk_ok=0 r0=1150842525 r10=858984720
0:4-7:TR1: ABVAL ti=0 g=3 seq=0 chk_ok=0 r0=1169335022 r10=4294967295
0:4-7:TR1: ABVAL ti=0 g=4 seq=0 chk_ok=0 r0=1150842525 r10=4294967295
0:4-8:TR1: ABVAL ti=0 g=3 seq=0 chk_ok=0 r0=1183906997 r10=4294967295
0:4-8:TR1: ABVAL ti=0 g=4 seq=0 chk_ok=0 r0=1176551982 r10=0
0:4-9:TR1: ABVAL ti=0 g=3 seq=0 chk_ok=0 r0=1055042896 r10=2281701376
0:4-9:TR1: ABVAL ti=0 g=4 seq=0 chk_ok=0 r0=1101463307 r10=0
0:5-0:TR1: ABVAL ti=0 g=3 seq=0 chk_ok=0 r0=1169335022 r10=4294967295
0:5-0:TR1: ABVAL ti=0 g=4 seq=0 chk_ok=0 r0=1150842525 r10=4294967295
0:5-1:TR1: ABVAL ti=0 g=3 seq=0 chk_ok=0 r0=1176551982 r10=4294967295
0:5-1:TR1: ABVAL ti=0 g=4 seq=0 chk_ok=0 r0=1174376771 r10=939524095
0:5-2:TR1: ABVAL ti=0 g=2 seq=0 chk_ok=0 r0=1183906997 r10=4294967295
0:5-2:TR1: ABVAL ti=0 g=3 seq=0 chk_ok=0 r0=1176551982 r10=8
0:5-3:TR1: ABVAL ti=0 g=3 seq=0 chk_ok=0 r0=1169335022 r10=4294967295
0:5-3:TR1: ABVAL ti=0 g=4 seq=0 chk_ok=0 r0=1132528109 r10=0
0:5-4:TR1: ABVAL ti=0 g=3 seq=0 chk_ok=0 r0=1176551982 r10=4294967295
0:5-4:TR1: ABVAL ti=0 g=4 seq=0 chk_ok=0 r0=1122962258 r10=0
0:5-5:TR1: ABVAL ti=0 g=3 seq=0 chk_ok=0 r0=1169335022 r10=4294967295
0:5-5:TR1: ABVAL ti=0 g=4 seq=0 chk_ok=0 r0=1124554922 r10=17
0:5-6:TR1: ABVAL ti=0 g=2 seq=0 chk_ok=0 r0=1069983902 r10=3422552064
0:5-6:TR1: ABVAL ti=0 g=3 seq=0 chk_ok=0 r0=1065439867 r10=286330880
0:5-7:TR1: ABVAL ti=0 g=2 seq=0 chk_ok=0 r0=1170913011 r10=2362240751
0:5-7:TR1: ABVAL ti=0 g=3 seq=0 chk_ok=0 r0=1141171135 r10=2254
0:5-8:TR1: ABVAL ti=0 g=3 seq=0 chk_ok=0 r0=1072885004 r10=285212672
0:5-8:TR1: ABVAL ti=0 g=4 seq=0 chk_ok=0 r0=1078087685 r10=2290649216
0:5-9:TR1: ABVAL ti=0 g=2 seq=0 chk_ok=0 r0=1139716502 r10=2013265919
0:5-9:TR1: ABVAL ti=0 g=3 seq=0 chk_ok=0 r0=1182941599 r10=4294967295
0:6-0:TR1: ABVAL ti=0 g=3 seq=0 chk_ok=0 r0=1169335022 r10=4294967295
0:6-0:TR1: ABVAL ti=0 g=4 seq=0 chk_ok=0 r0=1150842525 r10=4151521552
0:6-1:TR1: ABVAL ti=0 g=2 seq=0 chk_ok=0 r0=1156994112 r10=4294967295
0:6-1:TR1: ABVAL ti=0 g=3 seq=0 chk_ok=0 r0=1169335022 r10=4294967295
0:6-2:TR1: ABVAL ti=0 g=2 seq=0 chk_ok=0 r0=1089305636 r10=285212672
0:6-2:TR1: ABVAL ti=0 g=3 seq=0 chk_ok=0 r0=1110042358 r10=286339890
0:6-3:TR1: ABVAL ti=0 g=2 seq=0 chk_ok=0 r0=1156994112 r10=4294967295
0:6-3:TR1: ABVAL ti=0 g=3 seq=0 chk_ok=0 r0=1169335022 r10=4294967295
0:6-4:TR1: ABVAL ti=0 g=2 seq=0 chk_ok=0 r0=1086911499 r10=0
0:6-4:TR1: ABVAL ti=0 g=3 seq=0 chk_ok=0 r0=1065439867 r10=0
0:6-5:TR1: ABVAL ti=0 g=2 seq=0 chk_ok=0 r0=1156994112 r10=4294967295
0:6-5:TR1: ABVAL ti=0 g=3 seq=0 chk_ok=0 r0=1169335022 r10=4294967295
0:6-6:TR1: ABVAL ti=0 g=3 seq=0 chk_ok=0 r0=1113582778 r10=3435423232
0:6-6:TR1: ABVAL ti=0 g=4 seq=0 chk_ok=0 r0=1097241594 r10=1140850688
0:6-7:TR1: ABVAL ti=0 g=3 seq=0 chk_ok=0 r0=1055212838 r10=536870912
0:6-7:TR1: ABVAL ti=0 g=4 seq=0 chk_ok=0 r0=1143165954 r10=0
0:6-8:TR1: ABVAL ti=0 g=3 seq=0 chk_ok=0 r0=1065712086 r10=1073741824
0:6-8:TR1: ABVAL ti=0 g=4 seq=0 chk_ok=0 r0=1069317346 r10=285212672
0:6-9:TR1: ABVAL ti=0 g=3 seq=0 chk_ok=0 r0=1169335022 r10=3472883711
0:6-9:TR1: ABVAL ti=0 g=4 seq=0 chk_ok=0 r0=1150842525 r10=4294967295
0:7-0:TR1: ABVAL ti=0 g=2 seq=0 chk_ok=0 r0=1118362278 r10=857892452
0:7-0:TR1: ABVAL ti=0 g=3 seq=0 chk_ok=0 r0=1050599514 r10=3221225472
0:7-1:TR1: ABVAL ti=0 g=2 seq=0 chk_ok=0 r0=1156994112 r10=4294967295
0:7-1:TR1: ABVAL ti=0 g=3 seq=0 chk_ok=0 r0=1169335022 r10=2399141887
0:7-2:TR1: ABVAL ti=0 g=2 seq=0 chk_ok=0 r0=1077563299 r10=2147483648
0:7-2:TR1: ABVAL ti=0 g=3 seq=0 chk_ok=0 r0=1089305636 r10=2147483648
0:7-3:TR1: ABVAL ti=0 g=3 seq=0 chk_ok=0 r0=1186158284 r10=4294967295
0:7-3:TR1: ABVAL ti=0 g=4 seq=0 chk_ok=0 r0=1101807455 r10=0
0:7-4:TR1: ABVAL ti=0 g=3 seq=0 chk_ok=0 r0=1183906997 r10=4294967295
0:7-4:TR1: ABVAL ti=0 g=4 seq=0 chk_ok=0 r0=1176551982 r10=0
0:7-5:TR1: ABVAL ti=0 g=3 seq=0 chk_ok=0 r0=1174376771 r10=4294967295
0:7-5:TR1: ABVAL ti=0 g=4 seq=0 chk_ok=0 r0=1066039331 r10=214171648
0:7-6:TR1: ABVAL ti=0 g=3 seq=0 chk_ok=0 r0=1052639010 r10=272
0:7-6:TR1: ABVAL ti=0 g=4 seq=0 chk_ok=0 r0=1056254628 r10=13056
0:7-7:TR1: ABVAL ti=0 g=3 seq=0 chk_ok=0 r0=1139716502 r10=0
0:7-7:TR1: ABVAL ti=0 g=4 seq=0 chk_ok=0 r0=1182941599 r10=4294967295
0:7-8:TR1: ABVAL ti=0 g=3 seq=0 chk_ok=0 r0=1100153168 r10=0
0:7-8:TR1: ABVAL ti=0 g=4 seq=0 chk_ok=0 r0=1084113035 r10=1073741824
0:7-9:TR1: ABVAL ti=0 g=3 seq=0 chk_ok=0 r0=1169335022 r10=36078
0:7-9:TR1: ABVAL ti=0 g=4 seq=0 chk_ok=0 r0=1150842525 r10=147648511
0:8-0:TR1: ABVAL ti=0 g=3 seq=0 chk_ok=0 r0=1068643252 r10=2147483648
0:8-0:TR1: ABVAL ti=0 g=4 seq=0 chk_ok=0 r0=1051640710 r10=2290089984
0:8-1:TR1: ABVAL ti=0 g=2 seq=0 chk_ok=0 r0=1148973443 r10=4294967295
0:8-1:TR1: ABVAL ti=0 g=3 seq=0 chk_ok=0 r0=1182941599 r10=4294967295
0:8-2:TR1: ABVAL ti=0 g=2 seq=0 chk_ok=0 r0=1150842525 r10=0
0:8-2:TR1: ABVAL ti=0 g=3 seq=0 chk_ok=0 r0=1176551982 r10=4294967295
0:8-3:TR1: ABVAL ti=0 g=2 seq=0 chk_ok=0 r0=1170913011 r10=0
0:8-3:TR1: ABVAL ti=0 g=3 seq=0 chk_ok=0 r0=1157998767 r10=2362371823
0:8-4:TR1: ABVAL ti=0 g=2 seq=0 chk_ok=0 r0=1156994112 r10=4294967295
0:8-4:TR1: ABVAL ti=0 g=3 seq=0 chk_ok=0 r0=1169335022 r10=577279
0:8-5:TR1: ABVAL ti=0 g=2 seq=0 chk_ok=0 r0=1137312406 r10=0
0:8-5:TR1: ABVAL ti=0 g=3 seq=0 chk_ok=0 r0=1050257802 r10=1140850688
0:8-6:TR1: ABVAL ti=0 g=2 seq=0 chk_ok=0 r0=1183906997 r10=4294967295
0:8-6:TR1: ABVAL ti=0 g=3 seq=0 chk_ok=0 r0=1176551982 r10=3438215167
0:8-7:TR1: ABVAL ti=0 g=2 seq=0 chk_ok=0 r0=1150842525 r10=8
0:8-7:TR1: ABVAL ti=0 g=3 seq=0 chk_ok=0 r0=1176551982 r10=4294967295
0:8-8:TR1: ABVAL ti=0 g=2 seq=0 chk_ok=0 r0=1156994112 r10=4294967295
0:8-8:TR1: ABVAL ti=0 g=3 seq=0 chk_ok=0 r0=1169335022 r10=4294967295
0:8-9:TR1: ABVAL ti=0 g=3 seq=0 chk_ok=0 r0=1141171135 r10=0
0:8-9:TR1: ABVAL ti=0 g=4 seq=0 chk_ok=0 r0=1157998767 r10=4294967295
0:9-0:TR1: ABVAL ti=0 g=2 seq=0 chk_ok=0 r0=1150842525 r10=0
0:9-0:TR1: ABVAL ti=0 g=3 seq=0 chk_ok=0 r0=1176551982 r10=4294967295
0:9-1:TR1: ABVAL ti=0 g=2 seq=0 chk_ok=0 r0=1050401365 r10=285212672
0:9-1:TR1: ABVAL ti=0 g=3 seq=0 chk_ok=0 r0=1055024970 r10=268435456
0:9-2:TR1: ABVAL ti=0 g=2 seq=0 chk_ok=0 r0=1157998767 r10=4294967295
0:9-2:TR1: ABVAL ti=0 g=3 seq=0 chk_ok=0 r0=1124554922 r10=0
0:9-3:TR1: ABVAL ti=0 g=3 seq=0 chk_ok=0 r0=1109273965 r10=1726794888
0:9-3:TR1: ABVAL ti=0 g=4 seq=0 chk_ok=0 r0=1106217294 r10=143165568
0:9-4:TR1: ABVAL ti=0 g=3 seq=0 chk_ok=0 r0=1129384857 r10=0
0:9-4:TR1: ABVAL ti=0 g=4 seq=0 chk_ok=0 r0=1128715292 r10=0
0:9-5:TR1: ABVAL ti=0 g=3 seq=0 chk_ok=0 r0=1156994112 r10=273
0:9-5:TR1: ABVAL ti=0 g=4 seq=0 chk_ok=0 r0=1169335022 r10=4294967295
0:9-6:TR1: ABVAL ti=0 g=3 seq=0 chk_ok=0 r0=1157998767 r10=4294967295
0:9-6:TR1: ABVAL ti=0 g=4 seq=0 chk_ok=0 r0=1156994112 r10=4294967295
0:9-7:TR1: ABVAL ti=0 g=3 seq=0 chk_ok=0 r0=1157998767 r10=4294967295
0:9-7:TR1: ABVAL ti=0 g=4 seq=0 chk_ok=0 r0=1156994112 r10=859273079
0:9-8:TR1: ABVAL ti=0 g=3 seq=0 chk_ok=0 r0=1064275431 r10=3221225472
0:9-8:TR1: ABVAL ti=0 g=4 seq=0 chk_ok=0 r0=1100153168 r10=536870912
0:9-9:TR1: ABVAL ti=0 g=3 seq=0 chk_ok=0 r0=1169335022 r10=4294967295
0:9-9:TR1: ABVAL ti=0 g=4 seq=0 chk_ok=0 r0=1150842525 r10=0
0:10-0:TR1: ABVAL ti=0 g=3 seq=0 chk_ok=0 r0=1174376771 r10=4294967295
0:10-0:TR1: ABVAL ti=0 g=4 seq=0 chk_ok=0 r0=1110124697 r10=559232
0:10-1:TR1: ABVAL ti=0 g=3 seq=0 chk_ok=0 r0=1110042358 r10=536870912
0:10-1:TR1: ABVAL ti=0 g=4 seq=0 chk_ok=0 r0=1092439668 r10=3435973836
0:10-2:TR1: ABVAL ti=0 g=3 seq=0 chk_ok=0 r0=1182941599 r10=4294967295
0:10-2:TR1: ABVAL ti=0 g=4 seq=0 chk_ok=0 r0=1138154590 r10=1
0:10-3:TR1: ABVAL ti=0 g=3 seq=0 chk_ok=0 r0=1110042358 r10=0
0:10-3:TR1: ABVAL ti=0 g=4 seq=0 chk_ok=0 r0=1119307268 r10=0
0:10-4:TR1: ABVAL ti=0 g=3 seq=0 chk_ok=0 r0=1113448159 r10=0
0:10-4:TR1: ABVAL ti=0 g=4 seq=0 chk_ok=0 r0=1129743904 r10=0
0:10-5:TR1: ABVAL ti=0 g=3 seq=0 chk_ok=0 r0=1130288548 r10=0
0:10-5:TR1: ABVAL ti=0 g=4 seq=0 chk_ok=0 r0=1107845522 r10=0
0:10-6:TR1: ABVAL ti=0 g=3 seq=0 chk_ok=0 r0=1057711414 r10=2147483648
0:10-6:TR1: ABVAL ti=0 g=4 seq=0 chk_ok=0 r0=1096876779 r10=3992977408
0:10-7:TR1: ABVAL ti=0 g=3 seq=0 chk_ok=0 r0=1157998767 r10=4294967159
0:10-7:TR1: ABVAL ti=0 g=4 seq=0 chk_ok=0 r0=1169335022 r10=0
0:10-8:TR1: ABVAL ti=0 g=2 seq=0 chk_ok=0 r0=1183906997 r10=4294967295
0:10-8:TR1: ABVAL ti=0 g=3 seq=0 chk_ok=0 r0=1176551982 r10=4294967295
0:10-9:TR1: ABVAL ti=0 g=3 seq=0 chk_ok=0 r0=1183906997 r10=4294967295
0:10-9:TR1: ABVAL ti=0 g=4 seq=0 chk_ok=0 r0=1174376771 r10=4294967295
0:0-0:TR1: ABVAL ti=0 g=4 seq=0 chk_ok=0 r0=1174376771 r10=4294967295
0:0-0:TR1: ABVAL ti=0 g=5 seq=0 chk_ok=0 r0=1103767873 r10=8947848
0:0-1:TR1: ABVAL ti=0 g=5 seq=0 chk_ok=0 r0=1088000024 r10=285212672
0:0-2:TR1: ABVAL ti=0 g=5 seq=0 chk_ok=0 r0=1157896456 r10=0
0:0-3:TR1: ABVAL ti=0 g=4 seq=0 chk_ok=0 r0=1110059070 r10=0
0:0-3:TR1: ABVAL ti=0 g=5 seq=0 chk_ok=0 r0=1113846821 r10=0
0:0-4:TR1: ABVAL ti=0 g=4 seq=0 chk_ok=0 r0=1103007312 r10=0
0:0-4:TR1: ABVAL ti=0 g=5 seq=0 chk_ok=0 r0=1091020888 r10=8947712
0:0-5:TR1: ABVAL ti=0 g=4 seq=0 chk_ok=0 r0=1156994112 r10=286470963
0:0-5:TR1: ABVAL ti=0 g=5 seq=0 chk_ok=0 r0=1169335022 r10=4294967295
0:0-6:TR1: ABVAL ti=0 g=4 seq=0 chk_ok=0 r0=1143165954 r10=1979711488
0:0-6:TR1: ABVAL ti=0 g=5 seq=0 chk_ok=0 r0=1050423248 r10=2147483648
0:0-7:TR1: ABVAL ti=0 g=5 seq=0 chk_ok=0 r0=1156994112 r10=4294967295
0:0-8:TR1: ABVAL ti=0 g=4 seq=0 chk_ok=0 r0=1123211350 r10=0
0:0-8:TR1: ABVAL ti=0 g=5 seq=0 chk_ok=0 r0=1124004733 r10=0
0:0-9:TR1: ABVAL ti=0 g=4 seq=0 chk_ok=0 r0=1174376771 r10=4294967295
0:0-9:TR1: ABVAL ti=0 g=5 seq=0 chk_ok=0 r0=1056286596 r10=4
0:1-0:TR1: ABVAL ti=0 g=4 seq=0 chk_ok=0 r0=1102464584 r10=3221225472
0:1-0:TR1: ABVAL ti=0 g=5 seq=0 chk_ok=0 r0=1083957471 r10=3426746368
0:1-1:TR1: ABVAL ti=0 g=4 seq=0 chk_ok=0 r0=1122962258 r10=3430940672
0:1-1:TR1: ABVAL ti=0 g=5 seq=0 chk_ok=0 r0=1174376771 r10=0
0:1-2:TR1: ABVAL ti=0 g=4 seq=0 chk_ok=0 r0=1174376771 r10=4294967295
0:1-2:TR1: ABVAL ti=0 g=5 seq=0 chk_ok=0 r0=1098889927 r10=285212672
0:1-3:TR1: ABVAL ti=0 g=5 seq=0 chk_ok=0 r0=1090090162 r10=856752128
0:1-4:TR1: ABVAL ti=0 g=4 seq=0 chk_ok=0 r0=1106822816 r10=3824
0:1-4:TR1: ABVAL ti=0 g=5 seq=0 chk_ok=0 r0=1112625519 r10=3315
0:1-5:TR1: ABVAL ti=0 g=4 seq=0 chk_ok=0 r0=1174376771 r10=0
0:1-5:TR1: ABVAL ti=0 g=5 seq=0 chk_ok=0 r0=1117006065 r10=128
0:1-6:TR1: ABVAL ti=0 g=4 seq=0 chk_ok=0 r0=1124554922 r10=2290649224
0:1-6:TR1: ABVAL ti=0 g=5 seq=0 chk_ok=0 r0=1139716502 r10=8948940
0:1-7:TR1: ABVAL ti=0 g=4 seq=0 chk_ok=0 r0=1125049164 r10=0
0:1-7:TR1: ABVAL ti=0 g=5 seq=0 chk_ok=0 r0=1124244886 r10=0
0:1-8:TR1: ABVAL ti=0 g=4 seq=0 chk_ok=0 r0=1169335022 r10=4294967295
0:1-8:TR1: ABVAL ti=0 g=5 seq=0 chk_ok=0 r0=1111086611 r10=13402112
0:1-9:TR1: ABVAL ti=0 g=4 seq=0 chk_ok=0 r0=1169335022 r10=4294967295
0:1-9:TR1: ABVAL ti=0 g=5 seq=0 chk_ok=0 r0=1139771017 r10=2290647040
0:2-0:TR1: ABVAL ti=0 g=4 seq=0 chk_ok=0 r0=1176551982 r10=4294967295
0:2-0:TR1: ABVAL ti=0 g=5 seq=0 chk_ok=0 r0=1131654581 r10=285212672
0:2-1:TR1: ABVAL ti=0 g=4 seq=0 chk_ok=0 r0=1081536852 r10=805306368
0:2-1:TR1: ABVAL ti=0 g=5 seq=0 chk_ok=0 r0=1092682955 r10=0
0:2-2:TR1: ABVAL ti=0 g=4 seq=0 chk_ok=0 r0=1124554922 r10=2004877311
0:2-2:TR1: ABVAL ti=0 g=5 seq=0 chk_ok=0 r0=1157707443 r10=0
0:2-3:TR1: ABVAL ti=0 g=4 seq=0 chk_ok=0 r0=1174376771 r10=0
0:2-3:TR1: ABVAL ti=0 g=5 seq=0 chk_ok=0 r0=1114109095 r10=0
0:2-4:TR1: ABVAL ti=0 g=4 seq=0 chk_ok=0 r0=1122962258 r10=0
0:2-4:TR1: ABVAL ti=0 g=5 seq=0 chk_ok=0 r0=1174376771 r10=0
0:2-5:TR1: ABVAL ti=0 g=4 seq=0 chk_ok=0 r0=1124244886 r10=8912896
0:2-5:TR1: ABVAL ti=0 g=5 seq=0 chk_ok=0 r0=1123420527 r10=8912896
0:2-6:TR1: ABVAL ti=0 g=4 seq=0 chk_ok=0 r0=1100148926 r10=0
0:2-6:TR1: ABVAL ti=0 g=5 seq=0 chk_ok=0 r0=1059269272 r10=2281701376
0:2-7:TR1: ABVAL ti=0 g=4 seq=0 chk_ok=0 r0=1067110134 r10=3435970560
0:2-7:TR1: ABVAL ti=0 g=5 seq=0 chk_ok=0 r0=1104069185 r10=4261412864
0:2-8:TR1: ABVAL ti=0 g=4 seq=0 chk_ok=0 r0=1131654581 r10=0
0:2-8:TR1: ABVAL ti=0 g=5 seq=0 chk_ok=0 r0=1080887890 r10=70451
0:2-9:TR1: ABVAL ti=0 g=4 seq=0 chk_ok=0 r0=1174376771 r10=4294967295
0:2-9:TR1: ABVAL ti=0 g=5 seq=0 chk_ok=0 r0=1080173485 r10=3355443200
0:3-0:TR1: ABVAL ti=0 g=4 seq=0 chk_ok=0 r0=1174376771 r10=4294967295
0:3-0:TR1: ABVAL ti=0 g=5 seq=0 chk_ok=0 r0=1098889927 r10=2290089984
0:3-1:TR1: ABVAL ti=0 g=4 seq=0 chk_ok=0 r0=1143165954 r10=3221225472
0:3-1:TR1: ABVAL ti=0 g=5 seq=0 chk_ok=0 r0=1093392449 r10=0
0:3-2:TR1: ABVAL ti=0 g=4 seq=0 chk_ok=0 r0=1103996507 r10=1717847040
0:3-2:TR1: ABVAL ti=0 g=5 seq=0 chk_ok=0 r0=1176551982 r10=4294967295
0:3-3:TR1: ABVAL ti=0 g=4 seq=0 chk_ok=0 r0=1157998767 r10=4294967295
0:3-3:TR1: ABVAL ti=0 g=5 seq=0 chk_ok=0 r0=1156994112 r10=4294967295
0:3-4:TR1: ABVAL ti=0 g=4 seq=0 chk_ok=0 r0=1057867216 r10=2147483648
0:3-4:TR1: ABVAL ti=0 g=5 seq=0 chk_ok=0 r0=1105690256 r10=0
0:3-5:TR1: ABVAL ti=0 g=4 seq=0 chk_ok=0 r0=1183906997 r10=4294967295
0:3-5:TR1: ABVAL ti=0 g=5 seq=0 chk_ok=0 r0=1129002268 r10=0
0:3-6:TR1: ABVAL ti=0 g=4 seq=0 chk_ok=0 r0=1174376771 r10=4294967295
0:3-6:TR1: ABVAL ti=0 g=5 seq=0 chk_ok=0 r0=1056286596 r10=1145307136
0:3-7:TR1: ABVAL ti=0 g=4 seq=0 chk_ok=0 r0=1116862145 r10=0
0:3-7:TR1: ABVAL ti=0 g=5 seq=0 chk_ok=0 r0=1068060872 r10=268435456
0:3-8:TR1: ABVAL ti=0 g=4 seq=0 chk_ok=0 r0=1174376771 r10=4294967295
0:3-8:TR1: ABVAL ti=0 g=5 seq=0 chk_ok=0 r0=1131065586 r10=2290650316
0:3-9:TR1: ABVAL ti=0 g=4 seq=0 chk_ok=0 r0=1150842525 r10=4294967295
0:3-9:TR1: ABVAL ti=0 g=5 seq=0 chk_ok=0 r0=1176551982 r10=4294967295
0:4-0:TR1: ABVAL ti=0 g=4 seq=0 chk_ok=0 r0=1176551982 r10=4294967295
0:4-0:TR1: ABVAL ti=0 g=5 seq=0 chk_ok=0 r0=1083054470 r10=2147483648
0:4-1:TR1: ABVAL ti=0 g=4 seq=0 chk_ok=0 r0=1139573884 r10=0
0:4-1:TR1: ABVAL ti=0 g=5 seq=0 chk_ok=0 r0=1140126161 r10=0
0:4-2:TR1: ABVAL ti=0 g=4 seq=0 chk_ok=0 r0=1150842525 r10=4294967295
0:4-2:TR1: ABVAL ti=0 g=5 seq=0 chk_ok=0 r0=1176551982 r10=4294967295
0:4-3:TR1: ABVAL ti=0 g=4 seq=0 chk_ok=0 r0=1150842525 r10=4294967295
0:4-3:TR1: ABVAL ti=0 g=5 seq=0 chk_ok=0 r0=1062133317 r10=71303168
0:4-4:TR1: ABVAL ti=0 g=4 seq=0 chk_ok=0 r0=1174376771 r10=4294967295
0:4-4:TR1: ABVAL ti=0 g=5 seq=0 chk_ok=0 r0=1096373189 r10=0
0:4-5:TR1: ABVAL ti=0 g=4 seq=0 chk_ok=0 r0=1092285237 r10=0
0:4-5:TR1: ABVAL ti=0 g=5 seq=0 chk_ok=0 r0=1126688107 r10=0
0:4-6:TR1: ABVAL ti=0 g=5 seq=0 chk_ok=0 r0=1063607379 r10=268435456
0:4-7:TR1: ABVAL ti=0 g=5 seq=0 chk_ok=0 r0=1176551982 r10=4294967295
0:4-8:TR1: ABVAL ti=0 g=5 seq=0 chk_ok=0 r0=1095772341 r10=0
0:4-9:TR1: ABVAL ti=0 g=5 seq=0 chk_ok=0 r0=1116142644 r10=0
0:5-0:TR1: ABVAL ti=0 g=5 seq=0 chk_ok=0 r0=1176551982 r10=4294967295
0:5-1:TR1: ABVAL ti=0 g=5 seq=0 chk_ok=0 r0=1091020888 r10=0
0:5-2:TR1: ABVAL ti=0 g=4 seq=0 chk_ok=0 r0=1095772341 r10=1073741824
0:5-2:TR1: ABVAL ti=0 g=5 seq=0 chk_ok=0 r0=1076079187 r10=805306368
0:5-3:TR1: ABVAL ti=0 g=5 seq=0 chk_ok=0 r0=1135748723 r10=0
0:5-4:TR1: ABVAL ti=0 g=5 seq=0 chk_ok=0 r0=1080113741 r10=572522496
0:5-5:TR1: ABVAL ti=0 g=5 seq=0 chk_ok=0 r0=1157707443 r10=0
0:5-6:TR1: ABVAL ti=0 g=4 seq=0 chk_ok=0 r0=1058419750 r10=2147483648
0:5-6:TR1: ABVAL ti=0 g=5 seq=0 chk_ok=0 r0=1081621259 r10=1140850688
0:5-7:TR1: ABVAL ti=0 g=4 seq=0 chk_ok=0 r0=1157998767 r10=4294967295
0:5-7:TR1: ABVAL ti=0 g=5 seq=0 chk_ok=0 r0=1156994112 r10=4294967295
0:5-8:TR1: ABVAL ti=0 g=5 seq=0 chk_ok=0 r0=1050862256 r10=268435456
0:5-9:TR1: ABVAL ti=0 g=4 seq=0 chk_ok=0 r0=1114731679 r10=2004353023
0:5-9:TR1: ABVAL ti=0 g=5 seq=0 chk_ok=0 r0=1083563122 r10=4369
0:6-0:TR1: ABVAL ti=0 g=5 seq=0 chk_ok=0 r0=1176551982 r10=4294967295
0:6-1:TR1: ABVAL ti=0 g=4 seq=0 chk_ok=0 r0=1150842525 r10=4294967295
0:6-1:TR1: ABVAL ti=0 g=5 seq=0 chk_ok=0 r0=1176551982 r10=4294967295
0:6-2:TR1: ABVAL ti=0 g=4 seq=0 chk_ok=0 r0=1096621831 r10=286261248
0:6-2:TR1: ABVAL ti=0 g=5 seq=0 chk_ok=0 r0=1096424618 r10=286261248
0:6-3:TR1: ABVAL ti=0 g=4 seq=0 chk_ok=0 r0=1150842525 r10=4294967295
0:6-3:TR1: ABVAL ti=0 g=5 seq=0 chk_ok=0 r0=1065669598 r10=36044
0:6-4:TR1: ABVAL ti=0 g=4 seq=0 chk_ok=0 r0=1176551982 r10=4294967295
0:6-4:TR1: ABVAL ti=0 g=5 seq=0 chk_ok=0 r0=1092000061 r10=2281701376
0:6-5:TR1: ABVAL ti=0 g=4 seq=0 chk_ok=0 r0=1150842525 r10=4294967295
0:6-5:TR1: ABVAL ti=0 g=5 seq=0 chk_ok=0 r0=1176551982 r10=4294967295
0:6-6:TR1: ABVAL ti=0 g=5 seq=0 chk_ok=0 r0=1098359347 r10=3422552064
0:6-7:TR1: ABVAL ti=0 g=5 seq=0 chk_ok=0 r0=1093392449 r10=2147483648
0:6-8:TR1: ABVAL ti=0 g=5 seq=0 chk_ok=0 r0=1057175648 r10=1073741824
0:6-9:TR1: ABVAL ti=0 g=5 seq=0 chk_ok=0 r0=1176551982 r10=4294967295
0:7-0:TR1: ABVAL ti=0 g=4 seq=0 chk_ok=0 r0=1108569844 r10=0
0:7-0:TR1: ABVAL ti=0 g=5 seq=0 chk_ok=0 r0=1051369024 r10=2147483648
0:7-1:TR1: ABVAL ti=0 g=4 seq=0 chk_ok=0 r0=1150842525 r10=4026531839
0:7-1:TR1: ABVAL ti=0 g=5 seq=0 chk_ok=0 r0=1176551982 r10=4294967295
0:7-2:TR1: ABVAL ti=0 g=4 seq=0 chk_ok=0 r0=1110042358 r10=2290089984
0:7-2:TR1: ABVAL ti=0 g=5 seq=0 chk_ok=0 r0=1096621831 r10=2281701376
0:7-3:TR1: ABVAL ti=0 g=5 seq=0 chk_ok=0 r0=1120552587 r10=0
0:7-4:TR1: ABVAL ti=0 g=5 seq=0 chk_ok=0 r0=1174376771 r10=4294967295
0:7-5:TR1: ABVAL ti=0 g=5 seq=0 chk_ok=0 r0=1116514338 r10=858941028
0:7-6:TR1: ABVAL ti=0 g=5 seq=0 chk_ok=0 r0=1070361940 r10=13056
0:7-7:TR1: ABVAL ti=0 g=5 seq=0 chk_ok=0 r0=1138154590 r10=2146435072
0:7-8:TR1: ABVAL ti=0 g=5 seq=0 chk_ok=0 r0=1114511721 r10=0
0:7-9:TR1: ABVAL ti=0 g=5 seq=0 chk_ok=0 r0=1176551982 r10=4294967295
0:8-0:TR1: ABVAL ti=0 g=5 seq=0 chk_ok=0 r0=1059853364 r10=143130624
0:8-1:TR1: ABVAL ti=0 g=4 seq=0 chk_ok=0 r0=1119365492 r10=52428
0:8-1:TR1: ABVAL ti=0 g=5 seq=0 chk_ok=0 r0=1055513738 r10=136
0:8-2:TR1: ABVAL ti=0 g=4 seq=0 chk_ok=0 r0=1174376771 r10=4403
0:8-2:TR1: ABVAL ti=0 g=5 seq=0 chk_ok=0 r0=1091020888 r10=840957952
0:8-3:TR1: ABVAL ti=0 g=4 seq=0 chk_ok=0 r0=1156994112 r10=4294967295
0:8-3:TR1: ABVAL ti=0 g=5 seq=0 chk_ok=0 r0=1169335022 r10=4294967295
0:8-4:TR1: ABVAL ti=0 g=4 seq=0 chk_ok=0 r0=1150842525 r10=147783679
0:8-4:TR1: ABVAL ti=0 g=5 seq=0 chk_ok=0 r0=1176551982 r10=4294967295
0:8-5:TR1: ABVAL ti=0 g=4 seq=0 chk_ok=0 r0=1068497128 r10=1610612736
0:8-5:TR1: ABVAL ti=0 g=5 seq=0 chk_ok=0 r0=1063016200 r10=1711276032
0:8-6:TR1: ABVAL ti=0 g=4 seq=0 chk_ok=0 r0=1108211157 r10=3288334336
0:8-6:TR1: ABVAL ti=0 g=5 seq=0 chk_ok=0 r0=1097398988 r10=2290089984
0:8-7:TR1: ABVAL ti=0 g=4 seq=0 chk_ok=0 r0=1174376771 r10=2013265919
0:8-7:TR1: ABVAL ti=0 g=5 seq=0 chk_ok=0 r0=1080173485 r10=214748364
0:8-8:TR1: ABVAL ti=0 g=4 seq=0 chk_ok=0 r0=1150842525 r10=322122547
0:8-8:TR1: ABVAL ti=0 g=5 seq=0 chk_ok=0 r0=1073874097 r10=1114112
0:8-9:TR1: ABVAL ti=0 g=5 seq=0 chk_ok=0 r0=1156994112 r10=4294967295
0:9-0:TR1: ABVAL ti=0 g=4 seq=0 chk_ok=0 r0=1174376771 r10=4294967295
0:9-0:TR1: ABVAL ti=0 g=5 seq=0 chk_ok=0 r0=1093086762 r10=0
0:9-1:TR1: ABVAL ti=0 g=4 seq=0 chk_ok=0 r0=1053469731 r10=570425344
0:9-1:TR1: ABVAL ti=0 g=5 seq=0 chk_ok=0 r0=1058748235 r10=268435456
0:9-2:TR1: ABVAL ti=0 g=4 seq=0 chk_ok=0 r0=1157707443 r10=0
0:9-2:TR1: ABVAL ti=0 g=5 seq=0 chk_ok=0 r0=1139716502 r10=70519
0:9-3:TR1: ABVAL ti=0 g=5 seq=0 chk_ok=0 r0=1116514338 r10=3435694208
0:9-4:TR1: ABVAL ti=0 g=5 seq=0 chk_ok=0 r0=1125526340 r10=0
0:9-5:TR1: ABVAL ti=0 g=5 seq=0 chk_ok=0 r0=1087880665 r10=1
0:9-6:TR1: ABVAL ti=0 g=5 seq=0 chk_ok=0 r0=1169335022 r10=4294967295
0:9-7:TR1: ABVAL ti=0 g=5 seq=0 chk_ok=0 r0=1169335022 r10=4294967295
0:9-8:TR1: ABVAL ti=0 g=5 seq=0 chk_ok=0 r0=1114511721 r10=1073741824
0:9-9:TR1: ABVAL ti=0 g=5 seq=0 chk_ok=0 r0=1176551982 r10=4294967295
0:10-0:TR1: ABVAL ti=0 g=5 seq=0 chk_ok=0 r0=1097529429 r10=3288334336
0:10-1:TR1: ABVAL ti=0 g=5 seq=0 chk_ok=0 r0=1111722456 r10=1154271368
0:10-2:TR1: ABVAL ti=0 g=5 seq=0 chk_ok=0 r0=1064608504 r10=8945664
0:10-3:TR1: ABVAL ti=0 g=5 seq=0 chk_ok=0 r0=1139771017 r10=34956
0:10-4:TR1: ABVAL ti=0 g=5 seq=0 chk_ok=0 r0=1113771430 r10=0
0:10-5:TR1: ABVAL ti=0 g=5 seq=0 chk_ok=0 r0=1127382032 r10=0
0:10-6:TR1: ABVAL ti=0 g=5 seq=0 chk_ok=0 r0=1095046254 r10=0
0:10-7:TR1: ABVAL ti=0 g=5 seq=0 chk_ok=0 r0=1124554922 r10=3435659264
0:10-8:TR1: ABVAL ti=0 g=4 seq=0 chk_ok=0 r0=1174376771 r10=4294967295
0:10-8:TR1: ABVAL ti=0 g=5 seq=0 chk_ok=0 r0=1108331540 r10=143163392
0:10-9:TR1: ABVAL ti=0 g=5 seq=0 chk_ok=0 r0=1110051824 r10=857866240
0:10-0:TR1: ABCK ti=0 L=8527 seqmm=8526 chkmm=8527 rows=8527
0:10-1:TR1: ABCK ti=0 L=8528 seqmm=8527 chkmm=8528 rows=8528
0:10-2:TR1: ABCK ti=0 L=8444 seqmm=8443 chkmm=8444 rows=8444
0:10-3:TR1: ABCK ti=0 L=8378 seqmm=8377 chkmm=8378 rows=8378
0:10-4:TR1: ABCK ti=0 L=8424 seqmm=8423 chkmm=8424 rows=8424
0:10-5:TR1: ABCK ti=0 L=8389 seqmm=8388 chkmm=8389 rows=8389
0:10-6:TR1: ABCK ti=0 L=8353 seqmm=8352 chkmm=8353 rows=8353
0:10-7:TR1: ABCK ti=0 L=8360 seqmm=8359 chkmm=8360 rows=8360
0:10-9:TR1: ABCK ti=0 L=8246 seqmm=8245 chkmm=8246 rows=8246
0:9-7:TR1: ABCK ti=0 L=8760 seqmm=8759 chkmm=8760 rows=8760
0:9-8:TR1: ABCK ti=0 L=8680 seqmm=8679 chkmm=8680 rows=8680
0:9-9:TR1: ABCK ti=0 L=8574 seqmm=8573 chkmm=8574 rows=8574
0:10-8:TR1: ABCK ti=0 L=8284 seqmm=8283 chkmm=8284 rows=8284
0:9-3:TR1: ABCK ti=0 L=9159 seqmm=9158 chkmm=9159 rows=9159
0:9-4:TR1: ABCK ti=0 L=9216 seqmm=9215 chkmm=9216 rows=9216
0:9-5:TR1: ABCK ti=0 L=9093 seqmm=9092 chkmm=9093 rows=9093
0:9-6:TR1: ABCK ti=0 L=9101 seqmm=9100 chkmm=9101 rows=9101
0:8-9:TR1: ABCK ti=0 L=9433 seqmm=9432 chkmm=9433 rows=9433
0:9-0:TR1: ABCK ti=0 L=9302 seqmm=9301 chkmm=9302 rows=9302
0:9-1:TR1: ABCK ti=0 L=9293 seqmm=9292 chkmm=9293 rows=9293
0:9-2:TR1: ABCK ti=0 L=9266 seqmm=9265 chkmm=9266 rows=9266
0:7-6:TR1: ABCK ti=0 L=10085 seqmm=10084 chkmm=10085 rows=10085
0:7-7:TR1: ABCK ti=0 L=9980 seqmm=9979 chkmm=9980 rows=9980
0:7-8:TR1: ABCK ti=0 L=9938 seqmm=9937 chkmm=9938 rows=9938
0:7-9:TR1: ABCK ti=0 L=9982 seqmm=9981 chkmm=9982 rows=9982
0:8-0:TR1: ABCK ti=0 L=9885 seqmm=9884 chkmm=9885 rows=9885
0:8-1:TR1: ABCK ti=0 L=9703 seqmm=9702 chkmm=9703 rows=9703
0:8-3:TR1: ABCK ti=0 L=9654 seqmm=9653 chkmm=9654 rows=9654
0:8-4:TR1: ABCK ti=0 L=9624 seqmm=9623 chkmm=9624 rows=9624
0:8-5:TR1: ABCK ti=0 L=9548 seqmm=9547 chkmm=9548 rows=9548
0:8-6:TR1: ABCK ti=0 L=9516 seqmm=9515 chkmm=9516 rows=9516
0:8-7:TR1: ABCK ti=0 L=9637 seqmm=9636 chkmm=9637 rows=9637
0:8-8:TR1: ABCK ti=0 L=9495 seqmm=9494 chkmm=9495 rows=9495
0:6-9:TR1: ABCK ti=0 L=10483 seqmm=10482 chkmm=10483 rows=10483
0:7-3:TR1: ABCK ti=0 L=10254 seqmm=10253 chkmm=10254 rows=10254
0:7-4:TR1: ABCK ti=0 L=10210 seqmm=10209 chkmm=10210 rows=10210
0:7-5:TR1: ABCK ti=0 L=10172 seqmm=10171 chkmm=10172 rows=10172
0:8-2:TR1: ABCK ti=0 L=9775 seqmm=9774 chkmm=9775 rows=9775
0:10-2:TR1: ABCK ti=1 L=7616 seqmm=0 chkmm=0 rows=7616
0:10-8:TR1: ABCK ti=1 L=8100 seqmm=0 chkmm=0 rows=8100
0:10-9:TR1: ABCK ti=1 L=8091 seqmm=0 chkmm=0 rows=8091
0:6-6:TR1: ABCK ti=0 L=10732 seqmm=10731 chkmm=10732 rows=10732
0:6-7:TR1: ABCK ti=0 L=10614 seqmm=10613 chkmm=10614 rows=10614
0:6-8:TR1: ABCK ti=0 L=10612 seqmm=10611 chkmm=10612 rows=10612
0:7-1:TR1: ABCK ti=0 L=10303 seqmm=10302 chkmm=10303 rows=10303
0:7-2:TR1: ABCK ti=0 L=10296 seqmm=10295 chkmm=10296 rows=10296
0:10-0:TR1: ABCK ti=1 L=7696 seqmm=0 chkmm=0 rows=7696
0:10-1:TR1: ABCK ti=1 L=7677 seqmm=0 chkmm=0 rows=7677
0:10-3:TR1: ABCK ti=1 L=7850 seqmm=0 chkmm=0 rows=7850
0:10-4:TR1: ABCK ti=1 L=8057 seqmm=0 chkmm=0 rows=8057
0:10-5:TR1: ABCK ti=1 L=8057 seqmm=0 chkmm=0 rows=8057
0:10-7:TR1: ABCK ti=1 L=7834 seqmm=0 chkmm=0 rows=7834
0:6-0:TR1: ABCK ti=0 L=11157 seqmm=11156 chkmm=11157 rows=11157
0:6-3:TR1: ABCK ti=0 L=10796 seqmm=10795 chkmm=10796 rows=10796
0:6-4:TR1: ABCK ti=0 L=10831 seqmm=10830 chkmm=10831 rows=10831
0:6-5:TR1: ABCK ti=0 L=10759 seqmm=10758 chkmm=10759 rows=10759
0:7-0:TR1: ABCK ti=0 L=10543 seqmm=10542 chkmm=10543 rows=10543
0:9-7:TR1: ABCK ti=1 L=7660 seqmm=0 chkmm=0 rows=7660
0:9-8:TR1: ABCK ti=1 L=7557 seqmm=0 chkmm=0 rows=7557
0:9-9:TR1: ABCK ti=1 L=7651 seqmm=0 chkmm=0 rows=7651
0:10-6:TR1: ABCK ti=1 L=7876 seqmm=0 chkmm=0 rows=7876
0:5-5:TR1: ABCK ti=0 L=11647 seqmm=11646 chkmm=11647 rows=11647
0:5-8:TR1: ABCK ti=0 L=11288 seqmm=11287 chkmm=11288 rows=11288
0:6-1:TR1: ABCK ti=0 L=11088 seqmm=11087 chkmm=11088 rows=11088
0:6-2:TR1: ABCK ti=0 L=11032 seqmm=11031 chkmm=11032 rows=11032
0:8-3:TR1: ABCK ti=1 L=6853 seqmm=0 chkmm=0 rows=6853
0:8-4:TR1: ABCK ti=1 L=6944 seqmm=0 chkmm=0 rows=6944
0:8-5:TR1: ABCK ti=1 L=7020 seqmm=0 chkmm=0 rows=7020
0:8-6:TR1: ABCK ti=1 L=6948 seqmm=0 chkmm=0 rows=6948
0:8-9:TR1: ABCK ti=1 L=7057 seqmm=0 chkmm=0 rows=7057
0:9-0:TR1: ABCK ti=1 L=7187 seqmm=0 chkmm=0 rows=7187
0:9-2:TR1: ABCK ti=1 L=7104 seqmm=0 chkmm=0 rows=7104
0:9-3:TR1: ABCK ti=1 L=7248 seqmm=0 chkmm=0 rows=7248
0:9-4:TR1: ABCK ti=1 L=7408 seqmm=0 chkmm=0 rows=7408
0:9-5:TR1: ABCK ti=1 L=7476 seqmm=0 chkmm=0 rows=7476
0:9-6:TR1: ABCK ti=1 L=7482 seqmm=0 chkmm=0 rows=7482
0:4-8:TR1: ABCK ti=0 L=12064 seqmm=12063 chkmm=12064 rows=12064
0:4-9:TR1: ABCK ti=0 L=12013 seqmm=12012 chkmm=12013 rows=12013
0:5-0:TR1: ABCK ti=0 L=11951 seqmm=11950 chkmm=11951 rows=11951
0:5-1:TR1: ABCK ti=0 L=11934 seqmm=11933 chkmm=11934 rows=11934
0:5-3:TR1: ABCK ti=0 L=11903 seqmm=11902 chkmm=11903 rows=11903
0:5-4:TR1: ABCK ti=0 L=11724 seqmm=11723 chkmm=11724 rows=11724
0:5-6:TR1: ABCK ti=0 L=11592 seqmm=11591 chkmm=11592 rows=11592
0:5-7:TR1: ABCK ti=0 L=11563 seqmm=11562 chkmm=11563 rows=11563
0:5-9:TR1: ABCK ti=0 L=11278 seqmm=11277 chkmm=11278 rows=11278
0:7-3:TR1: ABCK ti=1 L=6382 seqmm=0 chkmm=0 rows=6382
0:7-5:TR1: ABCK ti=1 L=6466 seqmm=0 chkmm=0 rows=6466
0:7-7:TR1: ABCK ti=1 L=6501 seqmm=0 chkmm=0 rows=6501
0:7-8:TR1: ABCK ti=1 L=6613 seqmm=0 chkmm=0 rows=6613
0:7-9:TR1: ABCK ti=1 L=6495 seqmm=0 chkmm=0 rows=6495
0:8-0:TR1: ABCK ti=1 L=6698 seqmm=0 chkmm=0 rows=6698
0:8-2:TR1: ABCK ti=1 L=6752 seqmm=0 chkmm=0 rows=6752
0:8-7:TR1: ABCK ti=1 L=6963 seqmm=0 chkmm=0 rows=6963
0:8-8:TR1: ABCK ti=1 L=7128 seqmm=0 chkmm=0 rows=7128
0:9-1:TR1: ABCK ti=1 L=7214 seqmm=0 chkmm=0 rows=7214
0:10-2:TR1: ABCK ti=2 L=4987 seqmm=0 chkmm=0 rows=4987
0:10-4:TR1: ABCK ti=2 L=4577 seqmm=0 chkmm=0 rows=4577
0:10-7:TR1: ABCK ti=2 L=4729 seqmm=0 chkmm=0 rows=4729
0:10-9:TR1: ABCK ti=2 L=4612 seqmm=0 chkmm=0 rows=4612
0:4-6:TR1: ABCK ti=0 L=12151 seqmm=12150 chkmm=12151 rows=12151
0:4-7:TR1: ABCK ti=0 L=12136 seqmm=12135 chkmm=12136 rows=12136
0:5-2:TR1: ABCK ti=0 L=11905 seqmm=11904 chkmm=11905 rows=11905
0:6-9:TR1: ABCK ti=1 L=6337 seqmm=0 chkmm=0 rows=6337
0:7-0:TR1: ABCK ti=1 L=6308 seqmm=0 chkmm=0 rows=6308
0:7-6:TR1: ABCK ti=1 L=6623 seqmm=0 chkmm=0 rows=6623
0:8-1:TR1: ABCK ti=1 L=6771 seqmm=0 chkmm=0 rows=6771
0:10-0:TR1: ABCK ti=2 L=4896 seqmm=0 chkmm=0 rows=4896
0:10-3:TR1: ABCK ti=2 L=4844 seqmm=0 chkmm=0 rows=4844
0:10-5:TR1: ABCK ti=2 L=4740 seqmm=0 chkmm=0 rows=4740
0:10-8:TR1: ABCK ti=2 L=4805 seqmm=0 chkmm=0 rows=4805
0:4-5:TR1: ABCK ti=0 L=12390 seqmm=12389 chkmm=12390 rows=12390
0:6-3:TR1: ABCK ti=1 L=6081 seqmm=0 chkmm=0 rows=6081
0:6-4:TR1: ABCK ti=1 L=6176 seqmm=0 chkmm=0 rows=6176
0:6-7:TR1: ABCK ti=1 L=6286 seqmm=0 chkmm=0 rows=6286
0:6-8:TR1: ABCK ti=1 L=6283 seqmm=0 chkmm=0 rows=6283
0:7-1:TR1: ABCK ti=1 L=6418 seqmm=0 chkmm=0 rows=6418
0:7-2:TR1: ABCK ti=1 L=6494 seqmm=0 chkmm=0 rows=6494
0:7-4:TR1: ABCK ti=1 L=6438 seqmm=0 chkmm=0 rows=6438
0:8-9:TR1: ABCK ti=2 L=4487 seqmm=0 chkmm=0 rows=4487
0:9-4:TR1: ABCK ti=2 L=4567 seqmm=0 chkmm=0 rows=4567
0:9-6:TR1: ABCK ti=2 L=4496 seqmm=0 chkmm=0 rows=4496
0:9-7:TR1: ABCK ti=2 L=4756 seqmm=0 chkmm=0 rows=4756
0:9-9:TR1: ABCK ti=2 L=4728 seqmm=0 chkmm=0 rows=4728
0:10-1:TR1: ABCK ti=2 L=4999 seqmm=0 chkmm=0 rows=4999
0:10-6:TR1: ABCK ti=2 L=4744 seqmm=0 chkmm=0 rows=4744
0:4-3:TR1: ABCK ti=0 L=12811 seqmm=12810 chkmm=12811 rows=12811
0:4-4:TR1: ABCK ti=0 L=12691 seqmm=12690 chkmm=12691 rows=12691
0:5-8:TR1: ABCK ti=1 L=6084 seqmm=0 chkmm=0 rows=6084
0:6-0:TR1: ABCK ti=1 L=6113 seqmm=0 chkmm=0 rows=6113
0:6-1:TR1: ABCK ti=1 L=6053 seqmm=0 chkmm=0 rows=6053
0:6-2:TR1: ABCK ti=1 L=6286 seqmm=0 chkmm=0 rows=6286
0:6-5:TR1: ABCK ti=1 L=6244 seqmm=0 chkmm=0 rows=6244
0:6-6:TR1: ABCK ti=1 L=6249 seqmm=0 chkmm=0 rows=6249
0:7-5:TR1: ABCK ti=2 L=4605 seqmm=0 chkmm=0 rows=4605
0:7-7:TR1: ABCK ti=2 L=4512 seqmm=0 chkmm=0 rows=4512
0:7-8:TR1: ABCK ti=2 L=4618 seqmm=0 chkmm=0 rows=4618
0:7-9:TR1: ABCK ti=2 L=4686 seqmm=0 chkmm=0 rows=4686
0:8-0:TR1: ABCK ti=2 L=4588 seqmm=0 chkmm=0 rows=4588
0:8-3:TR1: ABCK ti=2 L=4665 seqmm=0 chkmm=0 rows=4665
0:8-4:TR1: ABCK ti=2 L=4583 seqmm=0 chkmm=0 rows=4583
0:8-5:TR1: ABCK ti=2 L=4475 seqmm=0 chkmm=0 rows=4475
0:8-6:TR1: ABCK ti=2 L=4644 seqmm=0 chkmm=0 rows=4644
0:9-0:TR1: ABCK ti=2 L=4686 seqmm=0 chkmm=0 rows=4686
0:9-2:TR1: ABCK ti=2 L=4675 seqmm=0 chkmm=0 rows=4675
0:9-3:TR1: ABCK ti=2 L=4759 seqmm=0 chkmm=0 rows=4759
0:9-5:TR1: ABCK ti=2 L=4462 seqmm=0 chkmm=0 rows=4462
0:9-8:TR1: ABCK ti=2 L=4740 seqmm=0 chkmm=0 rows=4740
0:10-2:TR1: ABCK ti=3 L=3532 seqmm=0 chkmm=0 rows=3532
0:10-4:TR1: ABCK ti=3 L=3475 seqmm=0 chkmm=0 rows=3475
0:10-5:TR1: ABCK ti=3 L=3424 seqmm=0 chkmm=0 rows=3424
0:10-7:TR1: ABCK ti=3 L=3755 seqmm=0 chkmm=0 rows=3755
0:10-8:TR1: ABCK ti=3 L=3360 seqmm=0 chkmm=0 rows=3360
0:10-9:TR1: ABCK ti=3 L=3361 seqmm=0 chkmm=0 rows=3361
0:3-8:TR1: ABCK ti=0 L=13182 seqmm=13181 chkmm=13182 rows=13182
0:3-9:TR1: ABCK ti=0 L=12975 seqmm=12974 chkmm=12975 rows=12975
0:4-0:TR1: ABCK ti=0 L=12920 seqmm=12919 chkmm=12920 rows=12920
0:4-1:TR1: ABCK ti=0 L=12951 seqmm=12950 chkmm=12951 rows=12951
0:4-2:TR1: ABCK ti=0 L=12947 seqmm=12946 chkmm=12947 rows=12947
0:5-2:TR1: ABCK ti=1 L=5861 seqmm=0 chkmm=0 rows=5861
0:5-3:TR1: ABCK ti=1 L=5834 seqmm=0 chkmm=0 rows=5834
0:5-4:TR1: ABCK ti=1 L=5916 seqmm=0 chkmm=0 rows=5916
0:5-5:TR1: ABCK ti=1 L=5918 seqmm=0 chkmm=0 rows=5918
0:5-6:TR1: ABCK ti=1 L=5970 seqmm=0 chkmm=0 rows=5970
0:5-7:TR1: ABCK ti=1 L=5947 seqmm=0 chkmm=0 rows=5947
0:5-9:TR1: ABCK ti=1 L=6087 seqmm=0 chkmm=0 rows=6087
0:7-3:TR1: ABCK ti=2 L=4426 seqmm=0 chkmm=0 rows=4426
0:7-6:TR1: ABCK ti=2 L=4418 seqmm=0 chkmm=0 rows=4418
0:8-7:TR1: ABCK ti=2 L=4548 seqmm=0 chkmm=0 rows=4548
0:8-9:TR1: ABCK ti=3 L=3189 seqmm=0 chkmm=0 rows=3189
0:9-7:TR1: ABCK ti=3 L=3522 seqmm=0 chkmm=0 rows=3522
0:10-0:TR1: ABCK ti=3 L=3591 seqmm=0 chkmm=0 rows=3591
0:10-1:TR1: ABCK ti=3 L=3624 seqmm=0 chkmm=0 rows=3624
0:10-3:TR1: ABCK ti=3 L=3671 seqmm=0 chkmm=0 rows=3671
0:3-4:TR1: ABCK ti=0 L=13607 seqmm=13606 chkmm=13607 rows=13607
0:3-5:TR1: ABCK ti=0 L=13447 seqmm=13446 chkmm=13447 rows=13447
0:3-6:TR1: ABCK ti=0 L=13434 seqmm=13433 chkmm=13434 rows=13434
0:3-7:TR1: ABCK ti=0 L=13293 seqmm=13292 chkmm=13293 rows=13293
0:4-8:TR1: ABCK ti=1 L=5830 seqmm=0 chkmm=0 rows=5830
0:4-9:TR1: ABCK ti=1 L=5951 seqmm=0 chkmm=0 rows=5951
0:5-0:TR1: ABCK ti=1 L=5914 seqmm=0 chkmm=0 rows=5914
0:6-7:TR1: ABCK ti=2 L=4415 seqmm=0 chkmm=0 rows=4415
0:6-8:TR1: ABCK ti=2 L=4434 seqmm=0 chkmm=0 rows=4434
0:6-9:TR1: ABCK ti=2 L=4399 seqmm=0 chkmm=0 rows=4399
0:7-0:TR1: ABCK ti=2 L=4506 seqmm=0 chkmm=0 rows=4506
0:7-4:TR1: ABCK ti=2 L=4461 seqmm=0 chkmm=0 rows=4461
0:7-7:TR1: ABCK ti=3 L=3303 seqmm=0 chkmm=0 rows=3303
0:8-1:TR1: ABCK ti=2 L=4527 seqmm=0 chkmm=0 rows=4527
0:8-2:TR1: ABCK ti=2 L=4580 seqmm=0 chkmm=0 rows=4580
0:8-3:TR1: ABCK ti=3 L=3481 seqmm=0 chkmm=0 rows=3481
0:8-4:TR1: ABCK ti=3 L=3353 seqmm=0 chkmm=0 rows=3353
0:8-5:TR1: ABCK ti=3 L=3306 seqmm=0 chkmm=0 rows=3306
0:8-6:TR1: ABCK ti=3 L=3410 seqmm=0 chkmm=0 rows=3410
0:8-8:TR1: ABCK ti=2 L=4578 seqmm=0 chkmm=0 rows=4578
0:9-0:TR1: ABCK ti=3 L=3525 seqmm=0 chkmm=0 rows=3525
0:9-1:TR1: ABCK ti=2 L=4701 seqmm=0 chkmm=0 rows=4701
0:9-4:TR1: ABCK ti=3 L=3431 seqmm=0 chkmm=0 rows=3431
0:9-6:TR1: ABCK ti=3 L=3565 seqmm=0 chkmm=0 rows=3565
0:9-8:TR1: ABCK ti=3 L=3630 seqmm=0 chkmm=0 rows=3630
0:9-9:TR1: ABCK ti=3 L=3728 seqmm=0 chkmm=0 rows=3728
0:10-4:TR1: ABCK ti=4 L=2315 seqmm=0 chkmm=0 rows=2315
0:10-6:TR1: ABCK ti=3 L=3455 seqmm=0 chkmm=0 rows=3455
0:10-8:TR1: ABCK ti=4 L=2418 seqmm=0 chkmm=0 rows=2418
0:10-9:TR1: ABCK ti=4 L=2457 seqmm=0 chkmm=0 rows=2457
0:3-0:TR1: ABCK ti=0 L=13977 seqmm=13976 chkmm=13977 rows=13977
0:3-1:TR1: ABCK ti=0 L=13926 seqmm=13925 chkmm=13926 rows=13926
0:3-2:TR1: ABCK ti=0 L=13794 seqmm=13793 chkmm=13794 rows=13794
0:3-3:TR1: ABCK ti=0 L=13671 seqmm=13670 chkmm=13671 rows=13671
0:4-4:TR1: ABCK ti=1 L=5767 seqmm=0 chkmm=0 rows=5767
0:4-5:TR1: ABCK ti=1 L=5859 seqmm=0 chkmm=0 rows=5859
0:4-6:TR1: ABCK ti=1 L=5863 seqmm=0 chkmm=0 rows=5863
0:4-7:TR1: ABCK ti=1 L=5802 seqmm=0 chkmm=0 rows=5802
0:5-1:TR1: ABCK ti=1 L=5931 seqmm=0 chkmm=0 rows=5931
0:5-8:TR1: ABCK ti=2 L=4345 seqmm=0 chkmm=0 rows=4345
0:6-0:TR1: ABCK ti=2 L=4259 seqmm=0 chkmm=0 rows=4259
0:6-3:TR1: ABCK ti=2 L=4386 seqmm=0 chkmm=0 rows=4386
0:6-4:TR1: ABCK ti=2 L=4369 seqmm=0 chkmm=0 rows=4369
0:6-6:TR1: ABCK ti=2 L=4477 seqmm=0 chkmm=0 rows=4477
0:7-2:TR1: ABCK ti=2 L=4432 seqmm=0 chkmm=0 rows=4432
0:7-3:TR1: ABCK ti=3 L=3248 seqmm=0 chkmm=0 rows=3248
0:7-5:TR1: ABCK ti=3 L=3295 seqmm=0 chkmm=0 rows=3295
0:7-8:TR1: ABCK ti=3 L=3312 seqmm=0 chkmm=0 rows=3312
0:7-9:TR1: ABCK ti=3 L=3229 seqmm=0 chkmm=0 rows=3229
0:8-0:TR1: ABCK ti=3 L=3340 seqmm=0 chkmm=0 rows=3340
0:8-1:TR1: ABCK ti=3 L=3295 seqmm=0 chkmm=0 rows=3295
0:8-2:TR1: ABCK ti=3 L=3264 seqmm=0 chkmm=0 rows=3264
0:8-6:TR1: ABCK ti=4 L=2372 seqmm=0 chkmm=0 rows=2372
0:8-7:TR1: ABCK ti=3 L=3415 seqmm=0 chkmm=0 rows=3415
0:8-8:TR1: ABCK ti=3 L=3255 seqmm=0 chkmm=0 rows=3255
0:9-2:TR1: ABCK ti=3 L=3565 seqmm=0 chkmm=0 rows=3565
0:9-3:TR1: ABCK ti=3 L=3374 seqmm=0 chkmm=0 rows=3374
0:9-5:TR1: ABCK ti=3 L=3518 seqmm=0 chkmm=0 rows=3518
0:10-2:TR1: ABCK ti=4 L=2367 seqmm=0 chkmm=0 rows=2367
0:10-3:TR1: ABCK ti=4 L=2257 seqmm=0 chkmm=0 rows=2257
0:10-4:TR1: ABCK ti=5 L=1795 seqmm=0 chkmm=0 rows=1795
0:10-5:TR1: ABCK ti=4 L=2423 seqmm=0 chkmm=0 rows=2423
0:10-7:TR1: ABCK ti=4 L=2324 seqmm=0 chkmm=0 rows=2324
0:10-9:TR1: ABCK ti=5 L=1845 seqmm=0 chkmm=0 rows=1845
0:2-6:TR1: ABCK ti=0 L=14272 seqmm=14271 chkmm=14272 rows=14272
0:2-7:TR1: ABCK ti=0 L=14298 seqmm=14297 chkmm=14298 rows=14298
0:2-8:TR1: ABCK ti=0 L=14075 seqmm=14074 chkmm=14075 rows=14075
0:2-9:TR1: ABCK ti=0 L=14050 seqmm=14049 chkmm=14050 rows=14050
0:4-0:TR1: ABCK ti=1 L=5671 seqmm=0 chkmm=0 rows=5671
0:4-1:TR1: ABCK ti=1 L=5687 seqmm=0 chkmm=0 rows=5687
0:4-2:TR1: ABCK ti=1 L=5639 seqmm=0 chkmm=0 rows=5639
0:4-3:TR1: ABCK ti=1 L=5740 seqmm=0 chkmm=0 rows=5740
0:5-3:TR1: ABCK ti=2 L=4196 seqmm=0 chkmm=0 rows=4196
0:5-4:TR1: ABCK ti=2 L=4176 seqmm=0 chkmm=0 rows=4176
0:5-5:TR1: ABCK ti=2 L=4285 seqmm=0 chkmm=0 rows=4285
0:5-7:TR1: ABCK ti=2 L=4296 seqmm=0 chkmm=0 rows=4296
0:6-1:TR1: ABCK ti=2 L=4414 seqmm=0 chkmm=0 rows=4414
0:6-2:TR1: ABCK ti=2 L=4257 seqmm=0 chkmm=0 rows=4257
0:6-4:TR1: ABCK ti=3 L=3159 seqmm=0 chkmm=0 rows=3159
0:6-8:TR1: ABCK ti=3 L=3124 seqmm=0 chkmm=0 rows=3124
0:6-9:TR1: ABCK ti=3 L=3151 seqmm=0 chkmm=0 rows=3151
0:7-0:TR1: ABCK ti=3 L=3214 seqmm=0 chkmm=0 rows=3214
0:7-1:TR1: ABCK ti=2 L=4505 seqmm=0 chkmm=0 rows=4505
0:7-2:TR1: ABCK ti=3 L=3297 seqmm=0 chkmm=0 rows=3297
0:7-6:TR1: ABCK ti=3 L=3603 seqmm=0 chkmm=0 rows=3603
0:8-3:TR1: ABCK ti=4 L=2326 seqmm=0 chkmm=0 rows=2326
0:8-4:TR1: ABCK ti=4 L=2473 seqmm=0 chkmm=0 rows=2473
0:8-5:TR1: ABCK ti=4 L=2576 seqmm=0 chkmm=0 rows=2576
0:9-0:TR1: ABCK ti=4 L=2330 seqmm=0 chkmm=0 rows=2330
0:9-1:TR1: ABCK ti=3 L=3271 seqmm=0 chkmm=0 rows=3271
0:9-2:TR1: ABCK ti=4 L=2383 seqmm=0 chkmm=0 rows=2383
0:9-7:TR1: ABCK ti=4 L=2350 seqmm=0 chkmm=0 rows=2350
0:9-9:TR1: ABCK ti=4 L=2274 seqmm=0 chkmm=0 rows=2274
0:10-0:TR1: ABCK ti=4 L=2286 seqmm=0 chkmm=0 rows=2286
0:10-1:TR1: ABCK ti=4 L=2314 seqmm=0 chkmm=0 rows=2314
0:10-1:TR1: ABCK ti=5 L=1733 seqmm=0 chkmm=0 rows=1733
0:10-2:TR1: ABCK ti=5 L=1738 seqmm=0 chkmm=0 rows=1738
0:10-3:TR1: ABCK ti=5 L=1774 seqmm=0 chkmm=0 rows=1774
0:10-4:TR1: ABCK ti=6 L=731 seqmm=0 chkmm=0 rows=731
0:10-4:TR1: ABCK ti=7 L=345 seqmm=0 chkmm=0 rows=345
0:10-4:TR1: ABCK ti=8 L=224 seqmm=0 chkmm=0 rows=224
0:10-5:TR1: ABCK ti=5 L=1830 seqmm=0 chkmm=0 rows=1830
0:10-7:TR1: ABCK ti=5 L=1893 seqmm=0 chkmm=0 rows=1893
0:10-8:TR1: ABCK ti=5 L=1557 seqmm=0 chkmm=0 rows=1557
0:10-8:TR1: ABCK ti=6 L=1094 seqmm=0 chkmm=0 rows=1094
0:2-2:TR1: ABCK ti=0 L=14704 seqmm=14703 chkmm=14704 rows=14704
0:2-4:TR1: ABCK ti=0 L=14614 seqmm=14613 chkmm=14614 rows=14614
0:2-5:TR1: ABCK ti=0 L=14438 seqmm=14437 chkmm=14438 rows=14438
0:3-5:TR1: ABCK ti=1 L=5567 seqmm=0 chkmm=0 rows=5567
0:3-6:TR1: ABCK ti=1 L=5571 seqmm=0 chkmm=0 rows=5571
0:3-8:TR1: ABCK ti=1 L=5645 seqmm=0 chkmm=0 rows=5645
0:3-9:TR1: ABCK ti=1 L=5672 seqmm=0 chkmm=0 rows=5672
0:4-8:TR1: ABCK ti=2 L=4118 seqmm=0 chkmm=0 rows=4118
0:4-9:TR1: ABCK ti=2 L=4146 seqmm=0 chkmm=0 rows=4146
0:5-0:TR1: ABCK ti=2 L=4188 seqmm=0 chkmm=0 rows=4188
0:5-2:TR1: ABCK ti=2 L=4252 seqmm=0 chkmm=0 rows=4252
0:5-6:TR1: ABCK ti=2 L=4163 seqmm=0 chkmm=0 rows=4163
0:5-8:TR1: ABCK ti=3 L=3071 seqmm=0 chkmm=0 rows=3071
0:5-9:TR1: ABCK ti=2 L=4245 seqmm=0 chkmm=0 rows=4245
0:6-0:TR1: ABCK ti=3 L=3085 seqmm=0 chkmm=0 rows=3085
0:6-1:TR1: ABCK ti=3 L=3062 seqmm=0 chkmm=0 rows=3062
0:6-2:TR1: ABCK ti=3 L=3109 seqmm=0 chkmm=0 rows=3109
0:6-3:TR1: ABCK ti=3 L=3133 seqmm=0 chkmm=0 rows=3133
0:6-5:TR1: ABCK ti=2 L=4463 seqmm=0 chkmm=0 rows=4463
0:6-6:TR1: ABCK ti=3 L=3165 seqmm=0 chkmm=0 rows=3165
0:6-7:TR1: ABCK ti=3 L=3142 seqmm=0 chkmm=0 rows=3142
0:7-4:TR1: ABCK ti=3 L=3545 seqmm=0 chkmm=0 rows=3545
0:7-5:TR1: ABCK ti=4 L=2363 seqmm=0 chkmm=0 rows=2363
0:7-7:TR1: ABCK ti=4 L=2573 seqmm=0 chkmm=0 rows=2573
0:7-8:TR1: ABCK ti=4 L=2532 seqmm=0 chkmm=0 rows=2532
0:8-1:TR1: ABCK ti=4 L=2504 seqmm=0 chkmm=0 rows=2504
0:8-2:TR1: ABCK ti=4 L=2604 seqmm=0 chkmm=0 rows=2604
0:8-6:TR1: ABCK ti=5 L=1657 seqmm=0 chkmm=0 rows=1657
0:8-6:TR1: ABCK ti=6 L=902 seqmm=0 chkmm=0 rows=902
0:8-7:TR1: ABCK ti=4 L=2392 seqmm=0 chkmm=0 rows=2392
0:8-8:TR1: ABCK ti=4 L=2566 seqmm=0 chkmm=0 rows=2566
0:8-9:TR1: ABCK ti=4 L=2496 seqmm=0 chkmm=0 rows=2496
0:9-3:TR1: ABCK ti=4 L=2284 seqmm=0 chkmm=0 rows=2284
0:9-4:TR1: ABCK ti=4 L=2449 seqmm=0 chkmm=0 rows=2449
0:9-4:TR1: ABCK ti=5 L=1806 seqmm=0 chkmm=0 rows=1806
0:9-5:TR1: ABCK ti=4 L=2246 seqmm=0 chkmm=0 rows=2246
0:9-6:TR1: ABCK ti=4 L=2362 seqmm=0 chkmm=0 rows=2362
0:9-6:TR1: ABCK ti=5 L=1522 seqmm=0 chkmm=0 rows=1522
0:9-7:TR1: ABCK ti=5 L=1724 seqmm=0 chkmm=0 rows=1724
0:9-8:TR1: ABCK ti=4 L=2206 seqmm=0 chkmm=0 rows=2206
0:9-8:TR1: ABCK ti=5 L=1508 seqmm=0 chkmm=0 rows=1508
0:9-9:TR1: ABCK ti=5 L=1799 seqmm=0 chkmm=0 rows=1799
0:10-0:TR1: ABCK ti=5 L=1914 seqmm=0 chkmm=0 rows=1914
0:10-2:TR1: ABCK ti=6 L=992 seqmm=0 chkmm=0 rows=992
0:10-2:TR1: ABCK ti=7 L=401 seqmm=0 chkmm=0 rows=401
0:10-4:TR1: ABCK ti=9 L=114 seqmm=0 chkmm=0 rows=114
0:10-6:TR1: ABCK ti=4 L=2291 seqmm=0 chkmm=0 rows=2291
0:10-7:TR1: ABCK ti=6 L=691 seqmm=0 chkmm=0 rows=691
0:10-7:TR1: ABCK ti=7 L=360 seqmm=0 chkmm=0 rows=360
0:10-7:TR1: ABCK ti=8 L=273 seqmm=0 chkmm=0 rows=273
0:10-9:TR1: ABCK ti=6 L=790 seqmm=0 chkmm=0 rows=790
0:10-9:TR1: ABCK ti=7 L=305 seqmm=0 chkmm=0 rows=305
0:10-9:TR1: ABCK ti=8 L=234 seqmm=0 chkmm=0 rows=234
0:2-0:TR1: ABCK ti=0 L=15137 seqmm=15136 chkmm=15137 rows=15137
0:2-1:TR1: ABCK ti=0 L=15033 seqmm=15032 chkmm=15033 rows=15033
0:2-3:TR1: ABCK ti=0 L=14877 seqmm=14876 chkmm=14877 rows=14877
0:3-0:TR1: ABCK ti=1 L=5585 seqmm=0 chkmm=0 rows=5585
0:3-2:TR1: ABCK ti=1 L=5604 seqmm=0 chkmm=0 rows=5604
0:3-3:TR1: ABCK ti=1 L=5565 seqmm=0 chkmm=0 rows=5565
0:3-4:TR1: ABCK ti=1 L=5623 seqmm=0 chkmm=0 rows=5623
0:3-7:TR1: ABCK ti=1 L=5639 seqmm=0 chkmm=0 rows=5639
0:4-6:TR1: ABCK ti=2 L=4118 seqmm=0 chkmm=0 rows=4118
0:4-7:TR1: ABCK ti=2 L=4149 seqmm=0 chkmm=0 rows=4149
0:5-2:TR1: ABCK ti=3 L=3023 seqmm=0 chkmm=0 rows=3023
0:5-3:TR1: ABCK ti=3 L=2884 seqmm=0 chkmm=0 rows=2884
0:5-4:TR1: ABCK ti=3 L=3000 seqmm=0 chkmm=0 rows=3000
0:5-5:TR1: ABCK ti=3 L=3005 seqmm=0 chkmm=0 rows=3005
0:5-7:TR1: ABCK ti=3 L=3009 seqmm=0 chkmm=0 rows=3009
0:5-9:TR1: ABCK ti=3 L=3117 seqmm=0 chkmm=0 rows=3117
0:6-3:TR1: ABCK ti=4 L=2240 seqmm=0 chkmm=0 rows=2240
0:6-4:TR1: ABCK ti=4 L=2575 seqmm=0 chkmm=0 rows=2575
0:7-0:TR1: ABCK ti=4 L=2489 seqmm=0 chkmm=0 rows=2489
0:7-1:TR1: ABCK ti=3 L=3245 seqmm=0 chkmm=0 rows=3245
0:7-3:TR1: ABCK ti=4 L=2410 seqmm=0 chkmm=0 rows=2410
0:7-5:TR1: ABCK ti=5 L=1817 seqmm=0 chkmm=0 rows=1817
0:7-6:TR1: ABCK ti=4 L=2222 seqmm=0 chkmm=0 rows=2222
0:7-7:TR1: ABCK ti=5 L=1554 seqmm=0 chkmm=0 rows=1554
0:7-8:TR1: ABCK ti=5 L=1934 seqmm=0 chkmm=0 rows=1934
0:7-9:TR1: ABCK ti=4 L=2632 seqmm=0 chkmm=0 rows=2632
0:7-9:TR1: ABCK ti=5 L=1521 seqmm=0 chkmm=0 rows=1521
0:8-0:TR1: ABCK ti=4 L=2581 seqmm=0 chkmm=0 rows=2581
0:8-3:TR1: ABCK ti=5 L=1615 seqmm=0 chkmm=0 rows=1615
0:8-3:TR1: ABCK ti=6 L=979 seqmm=0 chkmm=0 rows=979
0:8-4:TR1: ABCK ti=5 L=1824 seqmm=0 chkmm=0 rows=1824
0:8-4:TR1: ABCK ti=6 L=820 seqmm=0 chkmm=0 rows=820
0:8-5:TR1: ABCK ti=5 L=1739 seqmm=0 chkmm=0 rows=1739
0:8-5:TR1: ABCK ti=6 L=947 seqmm=0 chkmm=0 rows=947
0:8-9:TR1: ABCK ti=5 L=1912 seqmm=0 chkmm=0 rows=1912
0:9-0:TR1: ABCK ti=5 L=1435 seqmm=0 chkmm=0 rows=1435
0:9-0:TR1: ABCK ti=6 L=1054 seqmm=0 chkmm=0 rows=1054
0:9-1:TR1: ABCK ti=4 L=2610 seqmm=0 chkmm=0 rows=2610
0:9-2:TR1: ABCK ti=5 L=1709 seqmm=0 chkmm=0 rows=1709
0:9-2:TR1: ABCK ti=6 L=1114 seqmm=0 chkmm=0 rows=1114
0:9-3:TR1: ABCK ti=5 L=1483 seqmm=0 chkmm=0 rows=1483
0:9-5:TR1: ABCK ti=5 L=1741 seqmm=0 chkmm=0 rows=1741
0:10-0:TR1: ABCK ti=6 L=645 seqmm=0 chkmm=0 rows=645
0:10-0:TR1: ABCK ti=7 L=311 seqmm=0 chkmm=0 rows=311
0:10-0:TR1: ABCK ti=8 L=236 seqmm=0 chkmm=0 rows=236
0:10-1:TR1: ABCK ti=6 L=1213 seqmm=0 chkmm=0 rows=1213
0:10-1:TR1: ABCK ti=7 L=316 seqmm=0 chkmm=0 rows=316
0:10-1:TR1: ABCK ti=8 L=277 seqmm=0 chkmm=0 rows=277
0:10-2:TR1: ABCK ti=8 L=272 seqmm=0 chkmm=0 rows=272
0:10-3:TR1: ABCK ti=6 L=640 seqmm=0 chkmm=0 rows=640
0:10-3:TR1: ABCK ti=7 L=320 seqmm=0 chkmm=0 rows=320
0:10-3:TR1: ABCK ti=8 L=207 seqmm=0 chkmm=0 rows=207
0:10-5:TR1: ABCK ti=6 L=1037 seqmm=0 chkmm=0 rows=1037
0:10-5:TR1: ABCK ti=7 L=472 seqmm=0 chkmm=0 rows=472
0:10-5:TR1: ABCK ti=8 L=215 seqmm=0 chkmm=0 rows=215
0:10-6:TR1: ABCK ti=5 L=1728 seqmm=0 chkmm=0 rows=1728
0:10-8:TR1: ABCK ti=7 L=356 seqmm=0 chkmm=0 rows=356
0:10-8:TR1: ABCK ti=8 L=374 seqmm=0 chkmm=0 rows=374
0:10-9:TR1: ABCK ti=9 L=206 seqmm=0 chkmm=0 rows=206
0:1-3:TR1: ABCK ti=0 L=15837 seqmm=15836 chkmm=15837 rows=15837
0:1-6:TR1: ABCK ti=0 L=15558 seqmm=15557 chkmm=15558 rows=15558
0:1-7:TR1: ABCK ti=0 L=15442 seqmm=15441 chkmm=15442 rows=15442
0:1-8:TR1: ABCK ti=0 L=15294 seqmm=15293 chkmm=15294 rows=15294
0:1-9:TR1: ABCK ti=0 L=15327 seqmm=15326 chkmm=15327 rows=15327
0:2-5:TR1: ABCK ti=1 L=5398 seqmm=0 chkmm=0 rows=5398
0:2-8:TR1: ABCK ti=1 L=5495 seqmm=0 chkmm=0 rows=5495
0:2-9:TR1: ABCK ti=1 L=5532 seqmm=0 chkmm=0 rows=5532
0:3-1:TR1: ABCK ti=1 L=5510 seqmm=0 chkmm=0 rows=5510
0:4-4:TR1: ABCK ti=2 L=4187 seqmm=0 chkmm=0 rows=4187
0:4-5:TR1: ABCK ti=2 L=4092 seqmm=0 chkmm=0 rows=4092
0:4-8:TR1: ABCK ti=3 L=3045 seqmm=0 chkmm=0 rows=3045
0:4-9:TR1: ABCK ti=3 L=2933 seqmm=0 chkmm=0 rows=2933
0:5-0:TR1: ABCK ti=3 L=2989 seqmm=0 chkmm=0 rows=2989
0:5-1:TR1: ABCK ti=2 L=4165 seqmm=0 chkmm=0 rows=4165
0:5-6:TR1: ABCK ti=3 L=3100 seqmm=0 chkmm=0 rows=3100
0:6-1:TR1: ABCK ti=4 L=2381 seqmm=0 chkmm=0 rows=2381
0:6-2:TR1: ABCK ti=4 L=2309 seqmm=0 chkmm=0 rows=2309
0:6-5:TR1: ABCK ti=3 L=3152 seqmm=0 chkmm=0 rows=3152
0:6-7:TR1: ABCK ti=4 L=2580 seqmm=0 chkmm=0 rows=2580
0:6-8:TR1: ABCK ti=4 L=2521 seqmm=0 chkmm=0 rows=2521
0:6-8:TR1: ABCK ti=5 L=1763 seqmm=0 chkmm=0 rows=1763
0:6-9:TR1: ABCK ti=4 L=2460 seqmm=0 chkmm=0 rows=2460
0:7-1:TR1: ABCK ti=4 L=2438 seqmm=0 chkmm=0 rows=2438
0:7-2:TR1: ABCK ti=4 L=2621 seqmm=0 chkmm=0 rows=2621
0:7-3:TR1: ABCK ti=5 L=1905 seqmm=0 chkmm=0 rows=1905
0:7-6:TR1: ABCK ti=5 L=1624 seqmm=0 chkmm=0 rows=1624
0:8-0:TR1: ABCK ti=5 L=1922 seqmm=0 chkmm=0 rows=1922
0:8-6:TR1: ABCK ti=7 L=291 seqmm=0 chkmm=0 rows=291
0:8-6:TR1: ABCK ti=8 L=244 seqmm=0 chkmm=0 rows=244
0:8-7:TR1: ABCK ti=5 L=1665 seqmm=0 chkmm=0 rows=1665
0:8-7:TR1: ABCK ti=6 L=1043 seqmm=0 chkmm=0 rows=1043
0:8-9:TR1: ABCK ti=6 L=652 seqmm=0 chkmm=0 rows=652
0:8-9:TR1: ABCK ti=7 L=396 seqmm=0 chkmm=0 rows=396
0:8-9:TR1: ABCK ti=8 L=230 seqmm=0 chkmm=0 rows=230
0:9-3:TR1: ABCK ti=6 L=1099 seqmm=0 chkmm=0 rows=1099
0:9-3:TR1: ABCK ti=7 L=334 seqmm=0 chkmm=0 rows=334
0:9-3:TR1: ABCK ti=8 L=234 seqmm=0 chkmm=0 rows=234
0:9-4:TR1: ABCK ti=6 L=910 seqmm=0 chkmm=0 rows=910
0:9-4:TR1: ABCK ti=7 L=305 seqmm=0 chkmm=0 rows=305
0:9-4:TR1: ABCK ti=8 L=230 seqmm=0 chkmm=0 rows=230
0:9-7:TR1: ABCK ti=6 L=1330 seqmm=0 chkmm=0 rows=1330
0:9-7:TR1: ABCK ti=7 L=519 seqmm=0 chkmm=0 rows=519
0:9-7:TR1: ABCK ti=8 L=222 seqmm=0 chkmm=0 rows=222
0:9-8:TR1: ABCK ti=6 L=932 seqmm=0 chkmm=0 rows=932
0:9-8:TR1: ABCK ti=7 L=378 seqmm=0 chkmm=0 rows=378
0:9-8:TR1: ABCK ti=8 L=314 seqmm=0 chkmm=0 rows=314
0:9-9:TR1: ABCK ti=6 L=758 seqmm=0 chkmm=0 rows=758
0:9-9:TR1: ABCK ti=7 L=418 seqmm=0 chkmm=0 rows=418
0:9-9:TR1: ABCK ti=8 L=240 seqmm=0 chkmm=0 rows=240
0:10-0:TR1: ABCK ti=9 L=106 seqmm=0 chkmm=0 rows=106
0:10-1:TR1: ABCK ti=9 L=120 seqmm=0 chkmm=0 rows=120
0:10-2:TR1: ABCK ti=9 L=127 seqmm=0 chkmm=0 rows=127
0:10-3:TR1: ABCK ti=9 L=112 seqmm=0 chkmm=0 rows=112
0:10-5:TR1: ABCK ti=9 L=138 seqmm=0 chkmm=0 rows=138
0:10-7:TR1: ABCK ti=9 L=201 seqmm=0 chkmm=0 rows=201
0:1-4:TR1: ABCK ti=0 L=15764 seqmm=15763 chkmm=15764 rows=15764
0:1-5:TR1: ABCK ti=0 L=15780 seqmm=15779 chkmm=15780 rows=15780
0:2-2:TR1: ABCK ti=1 L=5435 seqmm=0 chkmm=0 rows=5435
0:2-4:TR1: ABCK ti=1 L=5450 seqmm=0 chkmm=0 rows=5450
0:2-6:TR1: ABCK ti=1 L=5557 seqmm=0 chkmm=0 rows=5557
0:2-7:TR1: ABCK ti=1 L=5501 seqmm=0 chkmm=0 rows=5501
0:3-9:TR1: ABCK ti=2 L=4099 seqmm=0 chkmm=0 rows=4099
0:4-0:TR1: ABCK ti=2 L=4033 seqmm=0 chkmm=0 rows=4033
0:4-1:TR1: ABCK ti=2 L=4132 seqmm=0 chkmm=0 rows=4132
0:4-2:TR1: ABCK ti=2 L=4135 seqmm=0 chkmm=0 rows=4135
0:4-3:TR1: ABCK ti=2 L=4036 seqmm=0 chkmm=0 rows=4036
0:4-5:TR1: ABCK ti=3 L=2825 seqmm=0 chkmm=0 rows=2825
0:4-6:TR1: ABCK ti=3 L=2973 seqmm=0 chkmm=0 rows=2973
0:4-7:TR1: ABCK ti=3 L=2974 seqmm=0 chkmm=0 rows=2974
0:5-2:TR1: ABCK ti=4 L=2093 seqmm=0 chkmm=0 rows=2093
0:5-3:TR1: ABCK ti=4 L=2160 seqmm=0 chkmm=0 rows=2160
0:5-3:TR1: ABCK ti=5 L=1381 seqmm=0 chkmm=0 rows=1381
0:5-6:TR1: ABCK ti=4 L=2162 seqmm=0 chkmm=0 rows=2162
0:5-7:TR1: ABCK ti=4 L=2256 seqmm=0 chkmm=0 rows=2256
0:5-8:TR1: ABCK ti=4 L=2139 seqmm=0 chkmm=0 rows=2139
0:5-9:TR1: ABCK ti=4 L=2294 seqmm=0 chkmm=0 rows=2294
0:6-0:TR1: ABCK ti=4 L=2301 seqmm=0 chkmm=0 rows=2301
0:6-4:TR1: ABCK ti=5 L=1603 seqmm=0 chkmm=0 rows=1603
0:6-4:TR1: ABCK ti=6 L=1017 seqmm=0 chkmm=0 rows=1017
0:6-5:TR1: ABCK ti=4 L=2381 seqmm=0 chkmm=0 rows=2381
0:6-6:TR1: ABCK ti=4 L=2456 seqmm=0 chkmm=0 rows=2456
0:6-7:TR1: ABCK ti=5 L=1717 seqmm=0 chkmm=0 rows=1717
0:6-9:TR1: ABCK ti=5 L=1872 seqmm=0 chkmm=0 rows=1872
0:7-3:TR1: ABCK ti=6 L=705 seqmm=0 chkmm=0 rows=705
0:7-3:TR1: ABCK ti=7 L=453 seqmm=0 chkmm=0 rows=453
0:7-3:TR1: ABCK ti=8 L=217 seqmm=0 chkmm=0 rows=217
0:7-4:TR1: ABCK ti=4 L=2454 seqmm=0 chkmm=0 rows=2454
0:7-4:TR1: ABCK ti=5 L=1556 seqmm=0 chkmm=0 rows=1556
0:7-5:TR1: ABCK ti=6 L=843 seqmm=0 chkmm=0 rows=843
0:7-5:TR1: ABCK ti=7 L=388 seqmm=0 chkmm=0 rows=388
0:7-5:TR1: ABCK ti=8 L=200 seqmm=0 chkmm=0 rows=200
0:7-7:TR1: ABCK ti=6 L=1101 seqmm=0 chkmm=0 rows=1101
0:7-7:TR1: ABCK ti=7 L=336 seqmm=0 chkmm=0 rows=336
0:7-7:TR1: ABCK ti=8 L=243 seqmm=0 chkmm=0 rows=243
0:7-8:TR1: ABCK ti=6 L=843 seqmm=0 chkmm=0 rows=843
0:7-8:TR1: ABCK ti=7 L=598 seqmm=0 chkmm=0 rows=598
0:7-8:TR1: ABCK ti=8 L=195 seqmm=0 chkmm=0 rows=195
0:7-9:TR1: ABCK ti=6 L=1193 seqmm=0 chkmm=0 rows=1193
0:7-9:TR1: ABCK ti=7 L=265 seqmm=0 chkmm=0 rows=265
0:7-9:TR1: ABCK ti=8 L=306 seqmm=0 chkmm=0 rows=306
0:8-0:TR1: ABCK ti=6 L=798 seqmm=0 chkmm=0 rows=798
0:8-0:TR1: ABCK ti=7 L=581 seqmm=0 chkmm=0 rows=581
0:8-0:TR1: ABCK ti=8 L=235 seqmm=0 chkmm=0 rows=235
0:8-1:TR1: ABCK ti=5 L=1511 seqmm=0 chkmm=0 rows=1511
0:8-1:TR1: ABCK ti=6 L=991 seqmm=0 chkmm=0 rows=991
0:8-2:TR1: ABCK ti=5 L=1702 seqmm=0 chkmm=0 rows=1702
0:8-2:TR1: ABCK ti=6 L=1243 seqmm=0 chkmm=0 rows=1243
0:8-3:TR1: ABCK ti=7 L=284 seqmm=0 chkmm=0 rows=284
0:8-3:TR1: ABCK ti=8 L=264 seqmm=0 chkmm=0 rows=264
0:8-4:TR1: ABCK ti=7 L=372 seqmm=0 chkmm=0 rows=372
0:8-4:TR1: ABCK ti=8 L=271 seqmm=0 chkmm=0 rows=271
0:8-5:TR1: ABCK ti=7 L=374 seqmm=0 chkmm=0 rows=374
0:8-5:TR1: ABCK ti=8 L=296 seqmm=0 chkmm=0 rows=296
0:8-8:TR1: ABCK ti=5 L=1625 seqmm=0 chkmm=0 rows=1625
0:8-8:TR1: ABCK ti=6 L=1010 seqmm=0 chkmm=0 rows=1010
0:8-9:TR1: ABCK ti=9 L=157 seqmm=0 chkmm=0 rows=157
0:9-0:TR1: ABCK ti=7 L=359 seqmm=0 chkmm=0 rows=359
0:9-0:TR1: ABCK ti=8 L=425 seqmm=0 chkmm=0 rows=425
0:9-1:TR1: ABCK ti=5 L=1743 seqmm=0 chkmm=0 rows=1743
0:9-1:TR1: ABCK ti=6 L=1053 seqmm=0 chkmm=0 rows=1053
0:9-2:TR1: ABCK ti=7 L=361 seqmm=0 chkmm=0 rows=361
0:9-2:TR1: ABCK ti=8 L=254 seqmm=0 chkmm=0 rows=254
0:9-4:TR1: ABCK ti=9 L=115 seqmm=0 chkmm=0 rows=115
0:9-5:TR1: ABCK ti=6 L=876 seqmm=0 chkmm=0 rows=876
0:9-5:TR1: ABCK ti=7 L=276 seqmm=0 chkmm=0 rows=276
0:9-5:TR1: ABCK ti=8 L=226 seqmm=0 chkmm=0 rows=226
0:9-6:TR1: ABCK ti=6 L=1259 seqmm=0 chkmm=0 rows=1259
0:9-6:TR1: ABCK ti=7 L=297 seqmm=0 chkmm=0 rows=297
0:9-6:TR1: ABCK ti=8 L=243 seqmm=0 chkmm=0 rows=243
0:10-6:TR1: ABCK ti=6 L=1046 seqmm=0 chkmm=0 rows=1046
0:10-6:TR1: ABCK ti=7 L=332 seqmm=0 chkmm=0 rows=332
0:10-6:TR1: ABCK ti=8 L=253 seqmm=0 chkmm=0 rows=253
0:1-9:TR1: ABCK ti=1 L=5361 seqmm=0 chkmm=0 rows=5361
0:2-0:TR1: ABCK ti=1 L=5315 seqmm=0 chkmm=0 rows=5315
0:2-3:TR1: ABCK ti=1 L=5462 seqmm=0 chkmm=0 rows=5462
0:3-9:TR1: ABCK ti=3 L=2969 seqmm=0 chkmm=0 rows=2969
0:4-0:TR1: ABCK ti=3 L=2892 seqmm=0 chkmm=0 rows=2892
0:4-1:TR1: ABCK ti=3 L=2874 seqmm=0 chkmm=0 rows=2874
0:4-2:TR1: ABCK ti=3 L=2899 seqmm=0 chkmm=0 rows=2899
0:4-3:TR1: ABCK ti=3 L=2917 seqmm=0 chkmm=0 rows=2917
0:4-4:TR1: ABCK ti=3 L=2884 seqmm=0 chkmm=0 rows=2884
0:5-1:TR1: ABCK ti=3 L=2955 seqmm=0 chkmm=0 rows=2955
0:5-4:TR1: ABCK ti=4 L=2259 seqmm=0 chkmm=0 rows=2259
0:5-4:TR1: ABCK ti=5 L=1615 seqmm=0 chkmm=0 rows=1615
0:5-5:TR1: ABCK ti=4 L=2181 seqmm=0 chkmm=0 rows=2181
0:5-8:TR1: ABCK ti=5 L=1887 seqmm=0 chkmm=0 rows=1887
0:6-0:TR1: ABCK ti=5 L=1660 seqmm=0 chkmm=0 rows=1660
0:6-1:TR1: ABCK ti=5 L=1580 seqmm=0 chkmm=0 rows=1580
0:6-1:TR1: ABCK ti=6 L=1077 seqmm=0 chkmm=0 rows=1077
0:6-2:TR1: ABCK ti=5 L=1741 seqmm=0 chkmm=0 rows=1741
0:6-2:TR1: ABCK ti=6 L=1283 seqmm=0 chkmm=0 rows=1283
0:6-3:TR1: ABCK ti=5 L=1973 seqmm=0 chkmm=0 rows=1973
0:6-3:TR1: ABCK ti=6 L=670 seqmm=0 chkmm=0 rows=670
0:6-6:TR1: ABCK ti=5 L=1780 seqmm=0 chkmm=0 rows=1780
0:6-7:TR1: ABCK ti=6 L=864 seqmm=0 chkmm=0 rows=864
0:6-7:TR1: ABCK ti=7 L=339 seqmm=0 chkmm=0 rows=339
0:6-7:TR1: ABCK ti=8 L=247 seqmm=0 chkmm=0 rows=247
0:6-8:TR1: ABCK ti=6 L=1085 seqmm=0 chkmm=0 rows=1085
0:6-8:TR1: ABCK ti=7 L=560 seqmm=0 chkmm=0 rows=560
0:6-8:TR1: ABCK ti=8 L=207 seqmm=0 chkmm=0 rows=207
0:6-9:TR1: ABCK ti=6 L=699 seqmm=0 chkmm=0 rows=699
0:6-9:TR1: ABCK ti=7 L=603 seqmm=0 chkmm=0 rows=603
0:6-9:TR1: ABCK ti=8 L=267 seqmm=0 chkmm=0 rows=267
0:7-0:TR1: ABCK ti=5 L=1714 seqmm=0 chkmm=0 rows=1714
0:7-0:TR1: ABCK ti=6 L=1197 seqmm=0 chkmm=0 rows=1197
0:7-2:TR1: ABCK ti=5 L=1580 seqmm=0 chkmm=0 rows=1580
0:7-2:TR1: ABCK ti=6 L=1134 seqmm=0 chkmm=0 rows=1134
0:7-3:TR1: ABCK ti=9 L=110 seqmm=0 chkmm=0 rows=110
0:7-6:TR1: ABCK ti=6 L=971 seqmm=0 chkmm=0 rows=971
0:7-6:TR1: ABCK ti=7 L=324 seqmm=0 chkmm=0 rows=324
0:7-6:TR1: ABCK ti=8 L=245 seqmm=0 chkmm=0 rows=245
0:7-7:TR1: ABCK ti=9 L=102 seqmm=0 chkmm=0 rows=102
0:7-8:TR1: ABCK ti=9 L=98 seqmm=0 chkmm=0 rows=98
0:7-9:TR1: ABCK ti=9 L=93 seqmm=0 chkmm=0 rows=93
0:8-7:TR1: ABCK ti=7 L=299 seqmm=0 chkmm=0 rows=299
0:8-7:TR1: ABCK ti=8 L=260 seqmm=0 chkmm=0 rows=260
0:9-3:TR1: ABCK ti=9 L=152 seqmm=0 chkmm=0 rows=152
0:9-5:TR1: ABCK ti=9 L=128 seqmm=0 chkmm=0 rows=128
0:9-6:TR1: ABCK ti=9 L=155 seqmm=0 chkmm=0 rows=155
0:9-7:TR1: ABCK ti=9 L=197 seqmm=0 chkmm=0 rows=197
0:9-8:TR1: ABCK ti=9 L=125 seqmm=0 chkmm=0 rows=125
0:9-9:TR1: ABCK ti=9 L=136 seqmm=0 chkmm=0 rows=136
0:0-8:TR1: ABCK ti=0 L=16805 seqmm=16804 chkmm=16805 rows=16805
0:0-9:TR1: ABCK ti=0 L=16735 seqmm=16734 chkmm=16735 rows=16735
0:1-0:TR1: ABCK ti=0 L=16581 seqmm=16580 chkmm=16581 rows=16581
0:1-1:TR1: ABCK ti=0 L=16505 seqmm=16504 chkmm=16505 rows=16505
0:1-2:TR1: ABCK ti=0 L=16493 seqmm=16492 chkmm=16493 rows=16493
0:1-5:TR1: ABCK ti=1 L=5093 seqmm=0 chkmm=0 rows=5093
0:1-6:TR1: ABCK ti=1 L=5239 seqmm=0 chkmm=0 rows=5239
0:1-7:TR1: ABCK ti=1 L=5285 seqmm=0 chkmm=0 rows=5285
0:1-8:TR1: ABCK ti=1 L=5341 seqmm=0 chkmm=0 rows=5341
0:2-1:TR1: ABCK ti=1 L=5427 seqmm=0 chkmm=0 rows=5427
0:2-8:TR1: ABCK ti=2 L=3884 seqmm=0 chkmm=0 rows=3884
0:3-0:TR1: ABCK ti=2 L=3923 seqmm=0 chkmm=0 rows=3923
0:3-2:TR1: ABCK ti=2 L=3933 seqmm=0 chkmm=0 rows=3933
0:3-3:TR1: ABCK ti=2 L=3991 seqmm=0 chkmm=0 rows=3991
0:3-4:TR1: ABCK ti=2 L=4024 seqmm=0 chkmm=0 rows=4024
0:3-5:TR1: ABCK ti=2 L=4059 seqmm=0 chkmm=0 rows=4059
0:3-6:TR1: ABCK ti=2 L=4113 seqmm=0 chkmm=0 rows=4113
0:3-7:TR1: ABCK ti=2 L=4064 seqmm=0 chkmm=0 rows=4064
0:3-8:TR1: ABCK ti=2 L=4085 seqmm=0 chkmm=0 rows=4085
0:4-2:TR1: ABCK ti=4 L=2079 seqmm=0 chkmm=0 rows=2079
0:4-4:TR1: ABCK ti=4 L=2172 seqmm=0 chkmm=0 rows=2172
0:4-5:TR1: ABCK ti=4 L=2190 seqmm=0 chkmm=0 rows=2190
0:4-8:TR1: ABCK ti=4 L=2018 seqmm=0 chkmm=0 rows=2018
0:4-8:TR1: ABCK ti=5 L=1407 seqmm=0 chkmm=0 rows=1407
0:4-9:TR1: ABCK ti=4 L=2188 seqmm=0 chkmm=0 rows=2188
0:4-9:TR1: ABCK ti=5 L=1444 seqmm=0 chkmm=0 rows=1444
0:5-0:TR1: ABCK ti=4 L=2166 seqmm=0 chkmm=0 rows=2166
0:5-0:TR1: ABCK ti=5 L=1570 seqmm=0 chkmm=0 rows=1570
0:5-2:TR1: ABCK ti=5 L=1545 seqmm=0 chkmm=0 rows=1545
0:5-2:TR1: ABCK ti=6 L=650 seqmm=0 chkmm=0 rows=650
0:5-3:TR1: ABCK ti=6 L=789 seqmm=0 chkmm=0 rows=789
0:5-3:TR1: ABCK ti=7 L=526 seqmm=0 chkmm=0 rows=526
0:5-3:TR1: ABCK ti=8 L=213 seqmm=0 chkmm=0 rows=213
0:5-5:TR1: ABCK ti=5 L=1630 seqmm=0 chkmm=0 rows=1630
0:5-7:TR1: ABCK ti=5 L=1492 seqmm=0 chkmm=0 rows=1492
0:5-7:TR1: ABCK ti=6 L=1288 seqmm=0 chkmm=0 rows=1288
0:6-0:TR1: ABCK ti=6 L=897 seqmm=0 chkmm=0 rows=897
0:6-0:TR1: ABCK ti=7 L=433 seqmm=0 chkmm=0 rows=433
0:6-0:TR1: ABCK ti=8 L=245 seqmm=0 chkmm=0 rows=245
0:6-4:TR1: ABCK ti=7 L=377 seqmm=0 chkmm=0 rows=377
0:6-4:TR1: ABCK ti=8 L=285 seqmm=0 chkmm=0 rows=285
0:6-7:TR1: ABCK ti=9 L=104 seqmm=0 chkmm=0 rows=104
0:7-1:TR1: ABCK ti=5 L=1977 seqmm=0 chkmm=0 rows=1977
0:7-1:TR1: ABCK ti=6 L=814 seqmm=0 chkmm=0 rows=814
0:7-4:TR1: ABCK ti=6 L=967 seqmm=0 chkmm=0 rows=967
0:7-4:TR1: ABCK ti=7 L=281 seqmm=0 chkmm=0 rows=281
0:7-4:TR1: ABCK ti=8 L=276 seqmm=0 chkmm=0 rows=276
0:7-5:TR1: ABCK ti=9 L=230 seqmm=0 chkmm=0 rows=230
0:7-6:TR1: ABCK ti=9 L=96 seqmm=0 chkmm=0 rows=96
0:8-0:TR1: ABCK ti=9 L=98 seqmm=0 chkmm=0 rows=98
0:8-1:TR1: ABCK ti=7 L=299 seqmm=0 chkmm=0 rows=299
0:8-1:TR1: ABCK ti=8 L=300 seqmm=0 chkmm=0 rows=300
0:8-2:TR1: ABCK ti=7 L=295 seqmm=0 chkmm=0 rows=295
0:8-2:TR1: ABCK ti=8 L=321 seqmm=0 chkmm=0 rows=321
0:8-8:TR1: ABCK ti=7 L=331 seqmm=0 chkmm=0 rows=331
0:8-8:TR1: ABCK ti=8 L=468 seqmm=0 chkmm=0 rows=468
0:9-1:TR1: ABCK ti=7 L=272 seqmm=0 chkmm=0 rows=272
0:9-1:TR1: ABCK ti=8 L=312 seqmm=0 chkmm=0 rows=312
0:10-6:TR1: ABCK ti=9 L=175 seqmm=0 chkmm=0 rows=175
0:0-7:TR1: ABCK ti=0 L=17424 seqmm=17423 chkmm=17424 rows=17424
0:1-3:TR1: ABCK ti=1 L=5208 seqmm=0 chkmm=0 rows=5208
0:1-4:TR1: ABCK ti=1 L=5277 seqmm=0 chkmm=0 rows=5277
0:2-5:TR1: ABCK ti=2 L=3840 seqmm=0 chkmm=0 rows=3840
0:2-6:TR1: ABCK ti=2 L=3853 seqmm=0 chkmm=0 rows=3853
0:2-8:TR1: ABCK ti=3 L=2748 seqmm=0 chkmm=0 rows=2748
0:2-9:TR1: ABCK ti=2 L=3969 seqmm=0 chkmm=0 rows=3969
0:3-0:TR1: ABCK ti=3 L=2783 seqmm=0 chkmm=0 rows=2783
0:3-1:TR1: ABCK ti=2 L=3975 seqmm=0 chkmm=0 rows=3975
0:3-2:TR1: ABCK ti=3 L=2827 seqmm=0 chkmm=0 rows=2827
0:3-3:TR1: ABCK ti=3 L=2826 seqmm=0 chkmm=0 rows=2826
0:3-4:TR1: ABCK ti=3 L=2885 seqmm=0 chkmm=0 rows=2885
0:3-5:TR1: ABCK ti=3 L=2873 seqmm=0 chkmm=0 rows=2873
0:3-6:TR1: ABCK ti=3 L=2966 seqmm=0 chkmm=0 rows=2966
0:3-7:TR1: ABCK ti=3 L=2799 seqmm=0 chkmm=0 rows=2799
0:3-8:TR1: ABCK ti=3 L=2905 seqmm=0 chkmm=0 rows=2905
0:3-9:TR1: ABCK ti=4 L=2060 seqmm=0 chkmm=0 rows=2060
0:4-0:TR1: ABCK ti=4 L=2092 seqmm=0 chkmm=0 rows=2092
0:4-1:TR1: ABCK ti=4 L=2129 seqmm=0 chkmm=0 rows=2129
0:4-3:TR1: ABCK ti=4 L=2184 seqmm=0 chkmm=0 rows=2184
0:4-6:TR1: ABCK ti=4 L=2106 seqmm=0 chkmm=0 rows=2106
0:4-7:TR1: ABCK ti=4 L=2208 seqmm=0 chkmm=0 rows=2208
0:4-7:TR1: ABCK ti=5 L=1288 seqmm=0 chkmm=0 rows=1288
0:5-1:TR1: ABCK ti=4 L=2185 seqmm=0 chkmm=0 rows=2185
0:5-5:TR1: ABCK ti=6 L=859 seqmm=0 chkmm=0 rows=859
0:5-5:TR1: ABCK ti=7 L=399 seqmm=0 chkmm=0 rows=399
0:5-5:TR1: ABCK ti=8 L=222 seqmm=0 chkmm=0 rows=222
0:5-6:TR1: ABCK ti=5 L=1523 seqmm=0 chkmm=0 rows=1523
0:5-6:TR1: ABCK ti=6 L=1249 seqmm=0 chkmm=0 rows=1249
0:5-8:TR1: ABCK ti=6 L=993 seqmm=0 chkmm=0 rows=993
0:5-8:TR1: ABCK ti=7 L=443 seqmm=0 chkmm=0 rows=443
0:5-8:TR1: ABCK ti=8 L=250 seqmm=0 chkmm=0 rows=250
0:5-9:TR1: ABCK ti=5 L=1559 seqmm=0 chkmm=0 rows=1559
0:5-9:TR1: ABCK ti=6 L=1206 seqmm=0 chkmm=0 rows=1206
0:6-1:TR1: ABCK ti=7 L=370 seqmm=0 chkmm=0 rows=370
0:6-1:TR1: ABCK ti=8 L=360 seqmm=0 chkmm=0 rows=360
0:6-2:TR1: ABCK ti=7 L=380 seqmm=0 chkmm=0 rows=380
0:6-2:TR1: ABCK ti=8 L=248 seqmm=0 chkmm=0 rows=248
0:6-3:TR1: ABCK ti=7 L=503 seqmm=0 chkmm=0 rows=503
0:6-3:TR1: ABCK ti=8 L=244 seqmm=0 chkmm=0 rows=244
0:6-5:TR1: ABCK ti=5 L=1593 seqmm=0 chkmm=0 rows=1593
0:6-5:TR1: ABCK ti=6 L=1024 seqmm=0 chkmm=0 rows=1024
0:6-6:TR1: ABCK ti=6 L=1050 seqmm=0 chkmm=0 rows=1050
0:6-6:TR1: ABCK ti=7 L=280 seqmm=0 chkmm=0 rows=280
0:6-6:TR1: ABCK ti=8 L=236 seqmm=0 chkmm=0 rows=236
0:6-8:TR1: ABCK ti=9 L=163 seqmm=0 chkmm=0 rows=163
0:6-9:TR1: ABCK ti=9 L=181 seqmm=0 chkmm=0 rows=181
0:7-0:TR1: ABCK ti=7 L=280 seqmm=0 chkmm=0 rows=280
0:7-0:TR1: ABCK ti=8 L=315 seqmm=0 chkmm=0 rows=315
0:7-2:TR1: ABCK ti=7 L=271 seqmm=0 chkmm=0 rows=271
0:7-2:TR1: ABCK ti=8 L=285 seqmm=0 chkmm=0 rows=285
0:0-6:TR1: ABCK ti=0 L=17577 seqmm=17576 chkmm=17577 rows=17577
0:1-0:TR1: ABCK ti=1 L=5130 seqmm=0 chkmm=0 rows=5130
0:1-1:TR1: ABCK ti=1 L=5113 seqmm=0 chkmm=0 rows=5113
0:2-2:TR1: ABCK ti=2 L=3789 seqmm=0 chkmm=0 rows=3789
0:2-4:TR1: ABCK ti=2 L=3882 seqmm=0 chkmm=0 rows=3882
0:2-5:TR1: ABCK ti=3 L=2826 seqmm=0 chkmm=0 rows=2826
0:2-6:TR1: ABCK ti=3 L=2734 seqmm=0 chkmm=0 rows=2734
0:2-7:TR1: ABCK ti=2 L=3850 seqmm=0 chkmm=0 rows=3850
0:2-9:TR1: ABCK ti=3 L=2794 seqmm=0 chkmm=0 rows=2794
0:3-1:TR1: ABCK ti=3 L=2828 seqmm=0 chkmm=0 rows=2828
0:4-5:TR1: ABCK ti=5 L=1486 seqmm=0 chkmm=0 rows=1486
0:4-5:TR1: ABCK ti=6 L=734 seqmm=0 chkmm=0 rows=734
0:4-6:TR1: ABCK ti=5 L=1557 seqmm=0 chkmm=0 rows=1557
0:4-8:TR1: ABCK ti=6 L=749 seqmm=0 chkmm=0 rows=749
0:4-8:TR1: ABCK ti=7 L=398 seqmm=0 chkmm=0 rows=398
0:4-8:TR1: ABCK ti=8 L=207 seqmm=0 chkmm=0 rows=207
0:4-9:TR1: ABCK ti=6 L=750 seqmm=0 chkmm=0 rows=750
0:4-9:TR1: ABCK ti=7 L=424 seqmm=0 chkmm=0 rows=424
0:4-9:TR1: ABCK ti=8 L=207 seqmm=0 chkmm=0 rows=207
0:5-0:TR1: ABCK ti=6 L=893 seqmm=0 chkmm=0 rows=893
0:5-0:TR1: ABCK ti=7 L=396 seqmm=0 chkmm=0 rows=396
0:5-0:TR1: ABCK ti=8 L=221 seqmm=0 chkmm=0 rows=221
0:5-1:TR1: ABCK ti=5 L=1438 seqmm=0 chkmm=0 rows=1438
0:5-2:TR1: ABCK ti=7 L=482 seqmm=0 chkmm=0 rows=482
0:5-2:TR1: ABCK ti=8 L=261 seqmm=0 chkmm=0 rows=261
0:5-3:TR1: ABCK ti=9 L=145 seqmm=0 chkmm=0 rows=145
0:5-4:TR1: ABCK ti=6 L=1076 seqmm=0 chkmm=0 rows=1076
0:5-4:TR1: ABCK ti=7 L=537 seqmm=0 chkmm=0 rows=537
0:5-4:TR1: ABCK ti=8 L=215 seqmm=0 chkmm=0 rows=215
0:5-5:TR1: ABCK ti=9 L=198 seqmm=0 chkmm=0 rows=198
0:5-7:TR1: ABCK ti=7 L=241 seqmm=0 chkmm=0 rows=241
0:5-7:TR1: ABCK ti=8 L=281 seqmm=0 chkmm=0 rows=281
0:5-8:TR1: ABCK ti=9 L=157 seqmm=0 chkmm=0 rows=157
0:6-0:TR1: ABCK ti=9 L=202 seqmm=0 chkmm=0 rows=202
0:6-6:TR1: ABCK ti=9 L=116 seqmm=0 chkmm=0 rows=116
0:7-1:TR1: ABCK ti=7 L=473 seqmm=0 chkmm=0 rows=473
0:7-1:TR1: ABCK ti=8 L=225 seqmm=0 chkmm=0 rows=225
0:7-4:TR1: ABCK ti=9 L=260 seqmm=0 chkmm=0 rows=260
0:0-5:TR1: ABCK ti=0 L=17689 seqmm=17688 chkmm=17689 rows=17689
0:0-8:TR1: ABCK ti=1 L=5070 seqmm=0 chkmm=0 rows=5070
0:0-9:TR1: ABCK ti=1 L=5045 seqmm=0 chkmm=0 rows=5045
0:1-2:TR1: ABCK ti=1 L=5168 seqmm=0 chkmm=0 rows=5168
0:1-3:TR1: ABCK ti=2 L=3688 seqmm=0 chkmm=0 rows=3688
0:1-7:TR1: ABCK ti=2 L=3757 seqmm=0 chkmm=0 rows=3757
0:1-8:TR1: ABCK ti=2 L=3712 seqmm=0 chkmm=0 rows=3712
0:1-9:TR1: ABCK ti=2 L=3814 seqmm=0 chkmm=0 rows=3814
0:2-0:TR1: ABCK ti=2 L=3813 seqmm=0 chkmm=0 rows=3813
0:2-2:TR1: ABCK ti=3 L=2735 seqmm=0 chkmm=0 rows=2735
0:2-3:TR1: ABCK ti=2 L=3860 seqmm=0 chkmm=0 rows=3860
0:2-4:TR1: ABCK ti=3 L=2648 seqmm=0 chkmm=0 rows=2648
0:2-7:TR1: ABCK ti=3 L=2761 seqmm=0 chkmm=0 rows=2761
0:2-8:TR1: ABCK ti=4 L=1971 seqmm=0 chkmm=0 rows=1971
0:2-9:TR1: ABCK ti=4 L=1931 seqmm=0 chkmm=0 rows=1931
0:3-0:TR1: ABCK ti=4 L=2049 seqmm=0 chkmm=0 rows=2049
0:3-1:TR1: ABCK ti=4 L=2160 seqmm=0 chkmm=0 rows=2160
0:3-2:TR1: ABCK ti=4 L=2031 seqmm=0 chkmm=0 rows=2031
0:3-3:TR1: ABCK ti=4 L=2153 seqmm=0 chkmm=0 rows=2153
0:3-4:TR1: ABCK ti=4 L=2018 seqmm=0 chkmm=0 rows=2018
0:3-5:TR1: ABCK ti=4 L=2126 seqmm=0 chkmm=0 rows=2126
0:3-6:TR1: ABCK ti=4 L=2114 seqmm=0 chkmm=0 rows=2114
0:3-7:TR1: ABCK ti=4 L=2095 seqmm=0 chkmm=0 rows=2095
0:3-8:TR1: ABCK ti=4 L=2035 seqmm=0 chkmm=0 rows=2035
0:3-9:TR1: ABCK ti=5 L=1538 seqmm=0 chkmm=0 rows=1538
0:3-9:TR1: ABCK ti=6 L=763 seqmm=0 chkmm=0 rows=763
0:4-0:TR1: ABCK ti=5 L=1525 seqmm=0 chkmm=0 rows=1525
0:4-0:TR1: ABCK ti=6 L=700 seqmm=0 chkmm=0 rows=700
0:4-1:TR1: ABCK ti=5 L=1508 seqmm=0 chkmm=0 rows=1508
0:4-1:TR1: ABCK ti=6 L=653 seqmm=0 chkmm=0 rows=653
0:4-2:TR1: ABCK ti=5 L=1458 seqmm=0 chkmm=0 rows=1458
0:4-2:TR1: ABCK ti=6 L=473 seqmm=0 chkmm=0 rows=473
0:4-3:TR1: ABCK ti=5 L=1399 seqmm=0 chkmm=0 rows=1399
0:4-3:TR1: ABCK ti=6 L=632 seqmm=0 chkmm=0 rows=632
0:4-4:TR1: ABCK ti=5 L=1530 seqmm=0 chkmm=0 rows=1530
0:4-4:TR1: ABCK ti=6 L=707 seqmm=0 chkmm=0 rows=707
0:4-6:TR1: ABCK ti=6 L=774 seqmm=0 chkmm=0 rows=774
0:4-6:TR1: ABCK ti=7 L=314 seqmm=0 chkmm=0 rows=314
0:4-6:TR1: ABCK ti=8 L=244 seqmm=0 chkmm=0 rows=244
0:4-7:TR1: ABCK ti=6 L=1017 seqmm=0 chkmm=0 rows=1017
0:4-7:TR1: ABCK ti=7 L=318 seqmm=0 chkmm=0 rows=318
0:4-7:TR1: ABCK ti=8 L=253 seqmm=0 chkmm=0 rows=253
0:4-8:TR1: ABCK ti=9 L=135 seqmm=0 chkmm=0 rows=135
0:4-9:TR1: ABCK ti=9 L=191 seqmm=0 chkmm=0 rows=191
0:5-0:TR1: ABCK ti=9 L=163 seqmm=0 chkmm=0 rows=163
0:5-1:TR1: ABCK ti=6 L=1042 seqmm=0 chkmm=0 rows=1042
0:5-1:TR1: ABCK ti=7 L=358 seqmm=0 chkmm=0 rows=358
0:5-1:TR1: ABCK ti=8 L=249 seqmm=0 chkmm=0 rows=249
0:5-4:TR1: ABCK ti=9 L=141 seqmm=0 chkmm=0 rows=141
0:5-6:TR1: ABCK ti=7 L=255 seqmm=0 chkmm=0 rows=255
0:5-6:TR1: ABCK ti=8 L=288 seqmm=0 chkmm=0 rows=288
0:5-9:TR1: ABCK ti=7 L=309 seqmm=0 chkmm=0 rows=309
0:5-9:TR1: ABCK ti=8 L=246 seqmm=0 chkmm=0 rows=246
0:6-5:TR1: ABCK ti=7 L=283 seqmm=0 chkmm=0 rows=283
0:6-5:TR1: ABCK ti=8 L=339 seqmm=0 chkmm=0 rows=339
0:0-4:TR1: ABCK ti=0 L=18270 seqmm=18269 chkmm=18270 rows=18270
0:1-5:TR1: ABCK ti=2 L=3720 seqmm=0 chkmm=0 rows=3720
0:1-6:TR1: ABCK ti=2 L=3710 seqmm=0 chkmm=0 rows=3710
0:1-7:TR1: ABCK ti=3 L=2669 seqmm=0 chkmm=0 rows=2669
0:1-8:TR1: ABCK ti=3 L=2582 seqmm=0 chkmm=0 rows=2582
0:1-9:TR1: ABCK ti=3 L=2778 seqmm=0 chkmm=0 rows=2778
0:2-0:TR1: ABCK ti=3 L=2624 seqmm=0 chkmm=0 rows=2624
0:2-1:TR1: ABCK ti=2 L=3710 seqmm=0 chkmm=0 rows=3710
0:2-3:TR1: ABCK ti=3 L=2799 seqmm=0 chkmm=0 rows=2799
0:2-4:TR1: ABCK ti=4 L=1964 seqmm=0 chkmm=0 rows=1964
0:2-5:TR1: ABCK ti=4 L=2011 seqmm=0 chkmm=0 rows=2011
0:2-6:TR1: ABCK ti=4 L=2029 seqmm=0 chkmm=0 rows=2029
0:4-0:TR1: ABCK ti=7 L=287 seqmm=0 chkmm=0 rows=287
0:4-0:TR1: ABCK ti=8 L=240 seqmm=0 chkmm=0 rows=240
0:4-1:TR1: ABCK ti=7 L=326 seqmm=0 chkmm=0 rows=326
0:4-1:TR1: ABCK ti=8 L=191 seqmm=0 chkmm=0 rows=191
0:4-2:TR1: ABCK ti=7 L=289 seqmm=0 chkmm=0 rows=289
0:4-2:TR1: ABCK ti=8 L=285 seqmm=0 chkmm=0 rows=285
0:4-3:TR1: ABCK ti=7 L=300 seqmm=0 chkmm=0 rows=300
0:4-3:TR1: ABCK ti=8 L=316 seqmm=0 chkmm=0 rows=316
0:4-4:TR1: ABCK ti=7 L=302 seqmm=0 chkmm=0 rows=302
0:4-4:TR1: ABCK ti=8 L=232 seqmm=0 chkmm=0 rows=232
0:4-5:TR1: ABCK ti=7 L=456 seqmm=0 chkmm=0 rows=456
0:4-5:TR1: ABCK ti=8 L=294 seqmm=0 chkmm=0 rows=294
0:4-6:TR1: ABCK ti=9 L=136 seqmm=0 chkmm=0 rows=136
0:0-3:TR1: ABCK ti=0 L=18585 seqmm=18584 chkmm=18585 rows=18585
0:0-5:TR1: ABCK ti=1 L=4441 seqmm=0 chkmm=0 rows=4441
0:0-6:TR1: ABCK ti=1 L=4508 seqmm=0 chkmm=0 rows=4508
0:0-7:TR1: ABCK ti=1 L=4397 seqmm=0 chkmm=0 rows=4397
0:1-3:TR1: ABCK ti=3 L=2637 seqmm=0 chkmm=0 rows=2637
0:1-4:TR1: ABCK ti=2 L=3635 seqmm=0 chkmm=0 rows=3635
0:1-5:TR1: ABCK ti=3 L=2613 seqmm=0 chkmm=0 rows=2613
0:1-6:TR1: ABCK ti=3 L=2715 seqmm=0 chkmm=0 rows=2715
0:2-0:TR1: ABCK ti=4 L=1950 seqmm=0 chkmm=0 rows=1950
0:2-1:TR1: ABCK ti=3 L=2799 seqmm=0 chkmm=0 rows=2799
0:2-2:TR1: ABCK ti=4 L=1995 seqmm=0 chkmm=0 rows=1995
0:2-6:TR1: ABCK ti=5 L=1028 seqmm=0 chkmm=0 rows=1028
0:2-6:TR1: ABCK ti=6 L=716 seqmm=0 chkmm=0 rows=716
0:2-7:TR1: ABCK ti=4 L=1927 seqmm=0 chkmm=0 rows=1927
0:2-8:TR1: ABCK ti=5 L=1204 seqmm=0 chkmm=0 rows=1204
0:2-8:TR1: ABCK ti=6 L=514 seqmm=0 chkmm=0 rows=514
0:2-9:TR1: ABCK ti=5 L=1379 seqmm=0 chkmm=0 rows=1379
0:2-9:TR1: ABCK ti=6 L=561 seqmm=0 chkmm=0 rows=561
0:3-0:TR1: ABCK ti=5 L=1232 seqmm=0 chkmm=0 rows=1232
0:3-0:TR1: ABCK ti=6 L=516 seqmm=0 chkmm=0 rows=516
0:3-1:TR1: ABCK ti=5 L=1193 seqmm=0 chkmm=0 rows=1193
0:3-1:TR1: ABCK ti=6 L=837 seqmm=0 chkmm=0 rows=837
0:3-2:TR1: ABCK ti=5 L=1334 seqmm=0 chkmm=0 rows=1334
0:3-2:TR1: ABCK ti=6 L=698 seqmm=0 chkmm=0 rows=698
0:3-3:TR1: ABCK ti=5 L=1159 seqmm=0 chkmm=0 rows=1159
0:3-3:TR1: ABCK ti=6 L=819 seqmm=0 chkmm=0 rows=819
0:3-4:TR1: ABCK ti=5 L=1315 seqmm=0 chkmm=0 rows=1315
0:3-4:TR1: ABCK ti=6 L=664 seqmm=0 chkmm=0 rows=664
0:3-5:TR1: ABCK ti=5 L=1275 seqmm=0 chkmm=0 rows=1275
0:3-5:TR1: ABCK ti=6 L=843 seqmm=0 chkmm=0 rows=843
0:3-6:TR1: ABCK ti=5 L=1463 seqmm=0 chkmm=0 rows=1463
0:3-6:TR1: ABCK ti=6 L=692 seqmm=0 chkmm=0 rows=692
0:3-7:TR1: ABCK ti=5 L=1322 seqmm=0 chkmm=0 rows=1322
0:3-7:TR1: ABCK ti=6 L=677 seqmm=0 chkmm=0 rows=677
0:3-8:TR1: ABCK ti=5 L=1452 seqmm=0 chkmm=0 rows=1452
0:3-8:TR1: ABCK ti=6 L=536 seqmm=0 chkmm=0 rows=536
0:3-9:TR1: ABCK ti=7 L=424 seqmm=0 chkmm=0 rows=424
0:3-9:TR1: ABCK ti=8 L=245 seqmm=0 chkmm=0 rows=245
0:4-7:TR1: ABCK ti=9 L=147 seqmm=0 chkmm=0 rows=147
0:5-1:TR1: ABCK ti=9 L=138 seqmm=0 chkmm=0 rows=138
0:0-4:TR1: ABCK ti=1 L=4279 seqmm=0 chkmm=0 rows=4279
0:1-0:TR1: ABCK ti=2 L=3651 seqmm=0 chkmm=0 rows=3651
0:1-1:TR1: ABCK ti=2 L=3791 seqmm=0 chkmm=0 rows=3791
0:1-4:TR1: ABCK ti=3 L=2654 seqmm=0 chkmm=0 rows=2654
0:1-7:TR1: ABCK ti=4 L=1952 seqmm=0 chkmm=0 rows=1952
0:1-8:TR1: ABCK ti=4 L=1982 seqmm=0 chkmm=0 rows=1982
0:1-9:TR1: ABCK ti=4 L=1888 seqmm=0 chkmm=0 rows=1888
0:2-3:TR1: ABCK ti=4 L=1932 seqmm=0 chkmm=0 rows=1932
0:2-4:TR1: ABCK ti=5 L=1130 seqmm=0 chkmm=0 rows=1130
0:2-4:TR1: ABCK ti=6 L=489 seqmm=0 chkmm=0 rows=489
0:2-5:TR1: ABCK ti=5 L=1339 seqmm=0 chkmm=0 rows=1339
0:2-5:TR1: ABCK ti=6 L=752 seqmm=0 chkmm=0 rows=752
0:2-6:TR1: ABCK ti=7 L=300 seqmm=0 chkmm=0 rows=300
0:2-6:TR1: ABCK ti=8 L=168 seqmm=0 chkmm=0 rows=168
0:2-8:TR1: ABCK ti=7 L=327 seqmm=0 chkmm=0 rows=327
0:2-8:TR1: ABCK ti=8 L=211 seqmm=0 chkmm=0 rows=211
0:3-0:TR1: ABCK ti=7 L=271 seqmm=0 chkmm=0 rows=271
0:3-0:TR1: ABCK ti=8 L=193 seqmm=0 chkmm=0 rows=193
0:3-2:TR1: ABCK ti=7 L=262 seqmm=0 chkmm=0 rows=262
0:3-2:TR1: ABCK ti=8 L=309 seqmm=0 chkmm=0 rows=309
0:3-3:TR1: ABCK ti=7 L=312 seqmm=0 chkmm=0 rows=312
0:3-3:TR1: ABCK ti=8 L=201 seqmm=0 chkmm=0 rows=201
0:3-4:TR1: ABCK ti=7 L=234 seqmm=0 chkmm=0 rows=234
0:3-4:TR1: ABCK ti=8 L=255 seqmm=0 chkmm=0 rows=255
0:3-7:TR1: ABCK ti=7 L=232 seqmm=0 chkmm=0 rows=232
0:3-7:TR1: ABCK ti=8 L=185 seqmm=0 chkmm=0 rows=185
0:3-8:TR1: ABCK ti=7 L=244 seqmm=0 chkmm=0 rows=244
0:3-8:TR1: ABCK ti=8 L=207 seqmm=0 chkmm=0 rows=207
0:0-3:TR1: ABCK ti=1 L=4163 seqmm=0 chkmm=0 rows=4163
0:0-7:TR1: ABCK ti=2 L=3625 seqmm=0 chkmm=0 rows=3625
0:0-8:TR1: ABCK ti=2 L=3586 seqmm=0 chkmm=0 rows=3586
0:0-9:TR1: ABCK ti=2 L=3682 seqmm=0 chkmm=0 rows=3682
0:1-0:TR1: ABCK ti=3 L=2418 seqmm=0 chkmm=0 rows=2418
0:1-1:TR1: ABCK ti=3 L=2518 seqmm=0 chkmm=0 rows=2518
0:1-2:TR1: ABCK ti=2 L=3632 seqmm=0 chkmm=0 rows=3632
0:1-5:TR1: ABCK ti=4 L=1970 seqmm=0 chkmm=0 rows=1970
0:1-6:TR1: ABCK ti=4 L=1770 seqmm=0 chkmm=0 rows=1770
0:2-1:TR1: ABCK ti=4 L=1969 seqmm=0 chkmm=0 rows=1969
0:2-2:TR1: ABCK ti=5 L=1415 seqmm=0 chkmm=0 rows=1415
0:2-2:TR1: ABCK ti=6 L=392 seqmm=0 chkmm=0 rows=392
0:2-4:TR1: ABCK ti=7 L=244 seqmm=0 chkmm=0 rows=244
0:2-4:TR1: ABCK ti=8 L=193 seqmm=0 chkmm=0 rows=193
0:2-5:TR1: ABCK ti=7 L=279 seqmm=0 chkmm=0 rows=279
0:2-5:TR1: ABCK ti=8 L=201 seqmm=0 chkmm=0 rows=201
0:2-7:TR1: ABCK ti=5 L=1238 seqmm=0 chkmm=0 rows=1238
0:2-7:TR1: ABCK ti=6 L=685 seqmm=0 chkmm=0 rows=685
0:2-9:TR1: ABCK ti=7 L=237 seqmm=0 chkmm=0 rows=237
0:2-9:TR1: ABCK ti=8 L=209 seqmm=0 chkmm=0 rows=209
0:3-1:TR1: ABCK ti=7 L=359 seqmm=0 chkmm=0 rows=359
0:3-1:TR1: ABCK ti=8 L=211 seqmm=0 chkmm=0 rows=211
0:3-5:TR1: ABCK ti=7 L=387 seqmm=0 chkmm=0 rows=387
0:3-5:TR1: ABCK ti=8 L=211 seqmm=0 chkmm=0 rows=211
0:3-6:TR1: ABCK ti=7 L=517 seqmm=0 chkmm=0 rows=517
0:3-6:TR1: ABCK ti=8 L=220 seqmm=0 chkmm=0 rows=220
0:0-5:TR1: ABCK ti=2 L=3242 seqmm=0 chkmm=0 rows=3242
0:0-6:TR1: ABCK ti=2 L=3258 seqmm=0 chkmm=0 rows=3258
0:0-8:TR1: ABCK ti=3 L=2292 seqmm=0 chkmm=0 rows=2292
0:0-9:TR1: ABCK ti=3 L=2193 seqmm=0 chkmm=0 rows=2193
0:1-0:TR1: ABCK ti=4 L=1691 seqmm=0 chkmm=0 rows=1691
0:1-1:TR1: ABCK ti=4 L=1739 seqmm=0 chkmm=0 rows=1739
0:1-2:TR1: ABCK ti=3 L=2515 seqmm=0 chkmm=0 rows=2515
0:1-3:TR1: ABCK ti=4 L=1897 seqmm=0 chkmm=0 rows=1897
0:1-3:TR1: ABCK ti=5 L=1028 seqmm=0 chkmm=0 rows=1028
0:1-4:TR1: ABCK ti=4 L=1988 seqmm=0 chkmm=0 rows=1988
0:1-7:TR1: ABCK ti=5 L=1158 seqmm=0 chkmm=0 rows=1158
0:1-7:TR1: ABCK ti=6 L=698 seqmm=0 chkmm=0 rows=698
0:1-8:TR1: ABCK ti=5 L=1364 seqmm=0 chkmm=0 rows=1364
0:1-8:TR1: ABCK ti=6 L=697 seqmm=0 chkmm=0 rows=697
0:1-9:TR1: ABCK ti=5 L=1219 seqmm=0 chkmm=0 rows=1219
0:1-9:TR1: ABCK ti=6 L=483 seqmm=0 chkmm=0 rows=483
0:2-0:TR1: ABCK ti=5 L=1351 seqmm=0 chkmm=0 rows=1351
0:2-0:TR1: ABCK ti=6 L=655 seqmm=0 chkmm=0 rows=655
0:2-2:TR1: ABCK ti=7 L=259 seqmm=0 chkmm=0 rows=259
0:2-2:TR1: ABCK ti=8 L=303 seqmm=0 chkmm=0 rows=303
0:2-3:TR1: ABCK ti=5 L=1289 seqmm=0 chkmm=0 rows=1289
0:2-3:TR1: ABCK ti=6 L=608 seqmm=0 chkmm=0 rows=608
0:0-4:TR1: ABCK ti=2 L=3103 seqmm=0 chkmm=0 rows=3103
0:0-5:TR1: ABCK ti=3 L=2471 seqmm=0 chkmm=0 rows=2471
0:0-6:TR1: ABCK ti=3 L=2595 seqmm=0 chkmm=0 rows=2595
0:0-7:TR1: ABCK ti=3 L=2292 seqmm=0 chkmm=0 rows=2292
0:0-8:TR1: ABCK ti=4 L=1706 seqmm=0 chkmm=0 rows=1706
0:0-9:TR1: ABCK ti=4 L=1815 seqmm=0 chkmm=0 rows=1815
0:1-2:TR1: ABCK ti=4 L=1777 seqmm=0 chkmm=0 rows=1777
0:1-5:TR1: ABCK ti=5 L=1082 seqmm=0 chkmm=0 rows=1082
0:1-5:TR1: ABCK ti=6 L=368 seqmm=0 chkmm=0 rows=368
0:1-6:TR1: ABCK ti=5 L=1278 seqmm=0 chkmm=0 rows=1278
0:1-6:TR1: ABCK ti=6 L=595 seqmm=0 chkmm=0 rows=595
0:1-7:TR1: ABCK ti=7 L=274 seqmm=0 chkmm=0 rows=274
0:1-7:TR1: ABCK ti=8 L=386 seqmm=0 chkmm=0 rows=386
0:1-9:TR1: ABCK ti=7 L=287 seqmm=0 chkmm=0 rows=287
0:1-9:TR1: ABCK ti=8 L=161 seqmm=0 chkmm=0 rows=161
0:2-0:TR1: ABCK ti=7 L=238 seqmm=0 chkmm=0 rows=238
0:2-0:TR1: ABCK ti=8 L=212 seqmm=0 chkmm=0 rows=212
0:2-1:TR1: ABCK ti=5 L=1247 seqmm=0 chkmm=0 rows=1247
0:2-1:TR1: ABCK ti=6 L=494 seqmm=0 chkmm=0 rows=494
0:2-3:TR1: ABCK ti=7 L=267 seqmm=0 chkmm=0 rows=267
0:2-3:TR1: ABCK ti=8 L=357 seqmm=0 chkmm=0 rows=357
0:2-7:TR1: ABCK ti=7 L=369 seqmm=0 chkmm=0 rows=369
0:2-7:TR1: ABCK ti=8 L=173 seqmm=0 chkmm=0 rows=173
0:0-4:TR1: ABCK ti=3 L=2227 seqmm=0 chkmm=0 rows=2227
0:1-0:TR1: ABCK ti=5 L=782 seqmm=0 chkmm=0 rows=782
0:1-0:TR1: ABCK ti=6 L=376 seqmm=0 chkmm=0 rows=376
0:1-1:TR1: ABCK ti=5 L=912 seqmm=0 chkmm=0 rows=912
0:1-1:TR1: ABCK ti=6 L=393 seqmm=0 chkmm=0 rows=393
0:1-3:TR1: ABCK ti=6 L=565 seqmm=0 chkmm=0 rows=565
0:1-3:TR1: ABCK ti=7 L=426 seqmm=0 chkmm=0 rows=426
0:1-4:TR1: ABCK ti=5 L=1179 seqmm=0 chkmm=0 rows=1179
0:1-4:TR1: ABCK ti=6 L=366 seqmm=0 chkmm=0 rows=366
0:1-5:TR1: ABCK ti=7 L=294 seqmm=0 chkmm=0 rows=294
0:1-5:TR1: ABCK ti=8 L=99 seqmm=0 chkmm=0 rows=99
0:1-8:TR1: ABCK ti=7 L=350 seqmm=0 chkmm=0 rows=350
0:1-8:TR1: ABCK ti=8 L=150 seqmm=0 chkmm=0 rows=150
0:2-1:TR1: ABCK ti=7 L=288 seqmm=0 chkmm=0 rows=288
0:2-1:TR1: ABCK ti=8 L=262 seqmm=0 chkmm=0 rows=262
0:0-2:TR1: ABCK ti=0 L=21413 seqmm=21412 chkmm=21413 rows=21413
0:0-3:TR1: ABCK ti=2 L=2976 seqmm=0 chkmm=0 rows=2976
0:0-5:TR1: ABCK ti=4 L=1766 seqmm=0 chkmm=0 rows=1766
0:0-6:TR1: ABCK ti=4 L=1634 seqmm=0 chkmm=0 rows=1634
0:0-7:TR1: ABCK ti=4 L=1604 seqmm=0 chkmm=0 rows=1604
0:0-7:TR1: ABCK ti=5 L=1152 seqmm=0 chkmm=0 rows=1152
0:0-8:TR1: ABCK ti=5 L=988 seqmm=0 chkmm=0 rows=988
0:0-8:TR1: ABCK ti=6 L=311 seqmm=0 chkmm=0 rows=311
0:0-9:TR1: ABCK ti=5 L=839 seqmm=0 chkmm=0 rows=839
0:0-9:TR1: ABCK ti=6 L=490 seqmm=0 chkmm=0 rows=490
0:1-0:TR1: ABCK ti=7 L=268 seqmm=0 chkmm=0 rows=268
0:1-0:TR1: ABCK ti=8 L=144 seqmm=0 chkmm=0 rows=144
0:1-1:TR1: ABCK ti=7 L=229 seqmm=0 chkmm=0 rows=229
0:1-1:TR1: ABCK ti=8 L=177 seqmm=0 chkmm=0 rows=177
0:1-2:TR1: ABCK ti=5 L=901 seqmm=0 chkmm=0 rows=901
0:1-2:TR1: ABCK ti=6 L=401 seqmm=0 chkmm=0 rows=401
0:1-6:TR1: ABCK ti=7 L=260 seqmm=0 chkmm=0 rows=260
0:1-6:TR1: ABCK ti=8 L=181 seqmm=0 chkmm=0 rows=181
0:0-3:TR1: ABCK ti=3 L=2197 seqmm=0 chkmm=0 rows=2197
0:0-4:TR1: ABCK ti=4 L=1572 seqmm=0 chkmm=0 rows=1572
0:0-8:TR1: ABCK ti=7 L=282 seqmm=0 chkmm=0 rows=282
0:0-8:TR1: ABCK ti=8 L=182 seqmm=0 chkmm=0 rows=182
0:0-9:TR1: ABCK ti=7 L=217 seqmm=0 chkmm=0 rows=217
0:0-9:TR1: ABCK ti=8 L=211 seqmm=0 chkmm=0 rows=211
0:1-2:TR1: ABCK ti=7 L=233 seqmm=0 chkmm=0 rows=233
0:1-2:TR1: ABCK ti=8 L=160 seqmm=0 chkmm=0 rows=160
0:1-4:TR1: ABCK ti=7 L=362 seqmm=0 chkmm=0 rows=362
0:1-4:TR1: ABCK ti=8 L=207 seqmm=0 chkmm=0 rows=207
0:0-4:TR1: ABCK ti=5 L=922 seqmm=0 chkmm=0 rows=922
0:0-4:TR1: ABCK ti=6 L=468 seqmm=0 chkmm=0 rows=468
0:0-5:TR1: ABCK ti=5 L=831 seqmm=0 chkmm=0 rows=831
0:0-5:TR1: ABCK ti=6 L=278 seqmm=0 chkmm=0 rows=278
0:0-6:TR1: ABCK ti=5 L=1087 seqmm=0 chkmm=0 rows=1087
0:0-6:TR1: ABCK ti=6 L=476 seqmm=0 chkmm=0 rows=476
0:0-7:TR1: ABCK ti=6 L=255 seqmm=0 chkmm=0 rows=255
0:0-7:TR1: ABCK ti=7 L=316 seqmm=0 chkmm=0 rows=316
0:0-3:TR1: ABCK ti=4 L=1660 seqmm=0 chkmm=0 rows=1660
0:0-4:TR1: ABCK ti=7 L=226 seqmm=0 chkmm=0 rows=226
0:0-4:TR1: ABCK ti=8 L=105 seqmm=0 chkmm=0 rows=105
0:0-5:TR1: ABCK ti=7 L=349 seqmm=0 chkmm=0 rows=349
0:0-5:TR1: ABCK ti=8 L=109 seqmm=0 chkmm=0 rows=109
0:0-6:TR1: ABCK ti=7 L=258 seqmm=0 chkmm=0 rows=258
0:0-6:TR1: ABCK ti=8 L=162 seqmm=0 chkmm=0 rows=162
0:0-2:TR1: ABCK ti=1 L=3778 seqmm=0 chkmm=0 rows=3778
0:0-1:TR1: ABCK ti=0 L=23401 seqmm=23400 chkmm=23401 rows=23401
0:0-2:TR1: ABCK ti=2 L=2796 seqmm=0 chkmm=0 rows=2796
0:0-3:TR1: ABCK ti=5 L=1089 seqmm=0 chkmm=0 rows=1089
0:0-3:TR1: ABCK ti=6 L=363 seqmm=0 chkmm=0 rows=363
0:0-3:TR1: ABCK ti=7 L=223 seqmm=0 chkmm=0 rows=223
0:0-3:TR1: ABCK ti=8 L=150 seqmm=0 chkmm=0 rows=150
0:0-2:TR1: ABCK ti=3 L=2023 seqmm=0 chkmm=0 rows=2023
0:0-2:TR1: ABCK ti=4 L=1022 seqmm=0 chkmm=0 rows=1022
0:0-2:TR1: ABCK ti=5 L=524 seqmm=0 chkmm=0 rows=524
0:0-1:TR1: ABCK ti=1 L=3037 seqmm=0 chkmm=0 rows=3037
0:0-2:TR1: ABCK ti=6 L=247 seqmm=0 chkmm=0 rows=247
0:0-2:TR1: ABCK ti=7 L=209 seqmm=0 chkmm=0 rows=209
0:0-1:TR1: ABCK ti=2 L=2287 seqmm=0 chkmm=0 rows=2287
0:0-1:TR1: ABCK ti=3 L=1580 seqmm=0 chkmm=0 rows=1580
0:0-0:TR1: ABCK ti=0 L=25699 seqmm=25698 chkmm=25699 rows=25699
0:0-0:TR1: ABCK ti=1 L=2751 seqmm=0 chkmm=0 rows=2751
0:0-1:TR1: ABCK ti=4 L=1086 seqmm=0 chkmm=0 rows=1086
0:0-1:TR1: ABCK ti=5 L=366 seqmm=0 chkmm=0 rows=366
0:0-1:TR1: ABCK ti=6 L=220 seqmm=0 chkmm=0 rows=220
0:0-1:TR1: ABCK ti=7 L=116 seqmm=0 chkmm=0 rows=116
0:0-0:TR1: ABCK ti=2 L=1911 seqmm=0 chkmm=0 rows=1911
0:0-0:TR1: ABCK ti=3 L=1166 seqmm=0 chkmm=0 rows=1166
0:0-0:TR1: ABCK ti=4 L=661 seqmm=0 chkmm=0 rows=661
0:0-0:TR1: ABCK ti=5 L=347 seqmm=0 chkmm=0 rows=347
0:0-0:TR1: ABCK ti=6 L=192 seqmm=0 chkmm=0 rows=192
[BLEND_SPLIT] upload=0.4 (attrs=0.0MB ids=0.0MB resident) exec=96.7 readback=2.0 total=99.1 ms
[BLEND_ADDR] cull_masks=0xa08ee00 out=0xa269ec0(sz=0x600000) tile_ids=0x54d3ec0 xramp=0xa267ec0 yramp=0xa268ec0 payload=0x0(sz=0x0)
[BLEND_DEVICE] resident_blend=183.2 ms (host_build=0)
[BUCKET_CULL] P_kept=3369033 tiles=1024 floor=6.10352e-05 cull_disabled=0 exec=73.43ms
[SORT] stage=RP P=3369033 P_kept=3369033 num_tiles=1024 max_tile_n=26544 bin=17.37 up=0.42 kernel=7.48 d2h=7.13 compact=0.00 publish=1.32 total=109.51ms
[BUCKET_CULL] P_kept=3369033 tiles=1024 floor=6.10352e-05 cull_disabled=0 exec=73.95ms
[SORT] stage=RP P=3369033 P_kept=3369033 num_tiles=1024 max_tile_n=26544 bin=16.91 up=0.44 kernel=7.46 d2h=7.13 compact=0.00 publish=1.30 total=109.43ms
SUMMARY backend=tt blend_mode=2 views=1 hero_vs_gt=46.78dB hero_vs_ref=63.85dB min_vs_ref=63.85dB min_vs_gt=46.78dB ms/view=378.5 (proj=58.7 ta=36.0 sort=100.0 blend=183.4) shot=opt/metal-screenshots/loop-ttw/hero.png
=====RESULT=====
hero_vs_ref=63.85
=====SUMMARY=====
SUMMARY backend=tt blend_mode=2 views=1 hero_vs_gt=46.78dB hero_vs_ref=63.85dB min_vs_ref=63.85dB min_vs_gt=46.78dB ms/view=378.5 (proj=58.7 ta=36.0 sort=100.0 blend=183.4) shot=opt/metal-screenshots/loop-ttw/hero.png
=====ABCK=====
0:10-0:TR1: ABCK ti=0 L=8527 seqmm=8526 chkmm=8527 rows=8527
0:10-1:TR1: ABCK ti=0 L=8528 seqmm=8527 chkmm=8528 rows=8528
0:10-2:TR1: ABCK ti=0 L=8444 seqmm=8443 chkmm=8444 rows=8444
0:10-3:TR1: ABCK ti=0 L=8378 seqmm=8377 chkmm=8378 rows=8378
0:10-4:TR1: ABCK ti=0 L=8424 seqmm=8423 chkmm=8424 rows=8424
0:10-5:TR1: ABCK ti=0 L=8389 seqmm=8388 chkmm=8389 rows=8389
0:10-6:TR1: ABCK ti=0 L=8353 seqmm=8352 chkmm=8353 rows=8353
0:10-7:TR1: ABCK ti=0 L=8360 seqmm=8359 chkmm=8360 rows=8360
0:10-8:TR1: ABCK ti=0 L=8284 seqmm=8283 chkmm=8284 rows=8284
0:10-9:TR1: ABCK ti=0 L=8246 seqmm=8245 chkmm=8246 rows=8246
0:9-7:TR1: ABCK ti=0 L=8760 seqmm=8759 chkmm=8760 rows=8760
0:9-8:TR1: ABCK ti=0 L=8680 seqmm=8679 chkmm=8680 rows=8680
0:9-9:TR1: ABCK ti=0 L=8574 seqmm=8573 chkmm=8574 rows=8574
0:9-0:TR1: ABCK ti=0 L=9302 seqmm=9301 chkmm=9302 rows=9302
0:9-1:TR1: ABCK ti=0 L=9293 seqmm=9292 chkmm=9293 rows=9293
0:9-2:TR1: ABCK ti=0 L=9266 seqmm=9265 chkmm=9266 rows=9266
0:9-3:TR1: ABCK ti=0 L=9159 seqmm=9158 chkmm=9159 rows=9159
0:9-4:TR1: ABCK ti=0 L=9216 seqmm=9215 chkmm=9216 rows=9216
0:9-5:TR1: ABCK ti=0 L=9093 seqmm=9092 chkmm=9093 rows=9093
0:9-6:TR1: ABCK ti=0 L=9101 seqmm=9100 chkmm=9101 rows=9101
=====ABVAL=====
0:0-0:TR1: ABVAL ti=0 g=0 seq=0 chk_ok=0 r0=1185344268 r10=4294967295
0:0-0:TR1: ABVAL ti=0 g=1 seq=0 chk_ok=0 r0=1186158284 r10=0
0:0-1:TR1: ABVAL ti=0 g=0 seq=0 chk_ok=0 r0=1185344268 r10=4294967295
0:0-1:TR1: ABVAL ti=0 g=1 seq=0 chk_ok=0 r0=1186158284 r10=0
0:0-2:TR1: ABVAL ti=0 g=0 seq=0 chk_ok=0 r0=1185344268 r10=4294967295
0:0-2:TR1: ABVAL ti=0 g=1 seq=0 chk_ok=0 r0=1186158284 r10=0
0:0-3:TR1: ABVAL ti=0 g=0 seq=0 chk_ok=0 r0=1185344268 r10=4294967295
0:0-3:TR1: ABVAL ti=0 g=1 seq=0 chk_ok=0 r0=1183906997 r10=288849919
0:0-4:TR1: ABVAL ti=0 g=0 seq=0 chk_ok=0 r0=1185344268 r10=4294967283
0:0-4:TR1: ABVAL ti=0 g=1 seq=0 chk_ok=0 r0=1169335022 r10=0
0:0-5:TR1: ABVAL ti=0 g=0 seq=0 chk_ok=0 r0=1179839936 r10=0
0:0-5:TR1: ABVAL ti=0 g=1 seq=0 chk_ok=0 r0=1170913011 r10=3438215167
