================ BUILD ID ================
  cpp : #141 sha=7b7966a bin=58ca522fd5ed289c M1: self-contained L1-sort proof (mono+perm), per-core final totals
  data: #1 sha=b703f70 sync tracy-041 capture script
=========================================
host=yyzo-bh-03  tag=l1probe  timeout=1200s  worry=600s  ts=2026-06-02T16:14:47-0700
cmd: export TT_METAL_HOME=/localdev/smarton/tt-metal TT_METAL_RUNTIME_ROOT=/localdev/smarton/tt-metal TT_METAL_CACHE=/localdev/smarton/.cache/tt-metal-cache TT_METAL_ARCH_NAME=blackhole MESH_DEVICE=P100 GSPLAT_TT_JIT_WARMUP=1 GSPLAT_TT_BLEND_MODE=2 GSPLAT_TT_MB_KERNEL=1 GSPLAT_TT_DEVICE_PROJECT=1 GSPLAT_TT_RESIDENT_PROJECT=1 GSPLAT_TT_RESIDENT_GATHER=1 GSPLAT_TT_DEVICE_TILE_ASSIGN=1 GSPLAT_TT_RESIDENT_TA_IN=1 GSPLAT_TT_DEVICE_SORT=1 GSPLAT_TT_RESIDENT_PAIRS=1 GSPLAT_TT_RESIDENT_BLEND=1 GSPLAT_TT_SORT_DEVICE_PUBLISH=1 GSPLAT_TT_TA_DEVICE_SCAN=1 GSPLAT_TT_PROJ_DEVICE_SCAN=1 GSPLAT_TT_SFPU_CULL=1 GSPLAT_TT_TILE_BUCKET=1 GSPLAT_TT_BUCKET_FIT=8192 GSPLAT_TT_FUSED_TILE=0 GSPLAT_TT_L1_RECORD=1 GSPLAT_TT_L1_SORT_VERIFY=1 GSPLAT_TT_MB_TIMING=1 TT_METAL_DPRINT_CORES=all; source .venv/bin/activate 2>/dev/null; .venv/bin/python3 scripts/a003_verify.py --views 1 --iter-dir ttw-042probe --out opt/ttw/last.json 2>&1 | tee /localdev/smarton/gstt2/opt/ttw/l1probe.log
-----------------------------------------
BUILD-ID VERIFY OK: cpp#141 bin=58ca522fd5ed289c matches the built+stamped artifact
2026-06-02 23:14:50.834 | info     |             UMD | Creating TopologyDiscovery for architecture: blackhole (topology_discovery.cpp:75)
2026-06-02 23:14:50.834 | info     |             UMD | Starting topology discovery. (topology_discovery.cpp:92)
2026-06-02 23:14:50.834 | warning  |             UMD | Low power mode is disabled while UMD holds open file descriptors. The device will return to low power mode once all file descriptors are closed. (topology_discovery.cpp:143)
2026-06-02 23:14:50.834 | warning  |             UMD | KMD version 2.4.1 does not support power state management. (pci_device.cpp:1067)
2026-06-02 23:14:50.834 | info     |             UMD | Established firmware bundle version: 18.12.1 (topology_discovery.cpp:544)
2026-06-02 23:14:50.834 | info     |             UMD | Completed topology discovery. (topology_discovery.cpp:96)
2026-06-02 23:14:50.837 | info     |          Device | Opening user mode device driver (tt_cluster.cpp:225)
2026-06-02 23:14:50.837 | info     |             UMD | Cluster constructor started. (cluster.cpp:317)
2026-06-02 23:14:50.837 | info     |             UMD | Creating TopologyDiscovery for architecture: blackhole (topology_discovery.cpp:75)
2026-06-02 23:14:50.837 | info     |             UMD | Starting topology discovery. (topology_discovery.cpp:92)
2026-06-02 23:14:50.837 | warning  |             UMD | Low power mode is disabled while UMD holds open file descriptors. The device will return to low power mode once all file descriptors are closed. (topology_discovery.cpp:143)
2026-06-02 23:14:50.837 | warning  |             UMD | KMD version 2.4.1 does not support power state management. (pci_device.cpp:1067)
2026-06-02 23:14:50.838 | info     |             UMD | Established firmware bundle version: 18.12.1 (topology_discovery.cpp:544)
2026-06-02 23:14:50.838 | info     |             UMD | Completed topology discovery. (topology_discovery.cpp:96)
2026-06-02 23:14:50.838 | info     |             UMD | Harvesting masks for Chip 0: Tensix: 0xc0 DRAM: 0x8 ETH: 0x3fff PCIe: 0x2 L2CPU: 0x0 (cluster.cpp:270)
2026-06-02 23:14:50.838 | info     |             UMD | Initializing iommu for sysmem (size: 0x40000000). (silicon_sysmem_manager.cpp:334)
2026-06-02 23:14:50.838 | info     |             UMD | Allocating sysmem for IOMMU (size: 0x40000000). (silicon_sysmem_manager.cpp:340)
2026-06-02 23:14:50.882 | warning  |             UMD | KMD version 2.4.1 does not support power state management. (pci_device.cpp:1067)
2026-06-02 23:14:50.882 | info     |             UMD | Opening local chip ids/PCIe ids: {0}/[0] and remote chip ids {} (cluster.cpp:159)
2026-06-02 23:14:50.882 | info     |             UMD | IOMMU: enabled (cluster.cpp:133)
2026-06-02 23:14:50.882 | info     |             UMD | KMD version: 2.4.1 (cluster.cpp:136)
2026-06-02 23:14:50.882 | info     |             UMD | Cluster constructor completed. (cluster.cpp:409)
2026-06-02 23:14:50.885 | info     |             UMD | Starting devices in cluster (cluster.cpp:1044)
2026-06-02 23:14:50.886 | info     |             UMD | Mapped sysmem without hugepages to IOVA 0x80000000; NOC address 0x1000000000000000 (silicon_sysmem_manager.cpp:391)
2026-06-02 23:14:50.886 | info     |             UMD | Starting devices in cluster completed. (cluster.cpp:1052)
2026-06-02 23:14:51.386 | info     |     Distributed | Using auto discovery to generate mesh graph. (metal_env.cpp:332)
2026-06-02 23:14:51.386 | info     |     Distributed | Constructing control plane using auto-discovery (no mesh graph descriptor). (metal_env.cpp:394)
2026-06-02 23:14:51.386 | info     |             UMD | Creating TopologyDiscovery for architecture: blackhole (topology_discovery.cpp:75)
2026-06-02 23:14:51.386 | info     |             UMD | Starting topology discovery. (topology_discovery.cpp:92)
2026-06-02 23:14:51.386 | warning  |             UMD | Low power mode is disabled while UMD holds open file descriptors. The device will return to low power mode once all file descriptors are closed. (topology_discovery.cpp:143)
2026-06-02 23:14:51.386 | warning  |             UMD | KMD version 2.4.1 does not support power state management. (pci_device.cpp:1067)
2026-06-02 23:14:51.387 | info     |             UMD | Established firmware bundle version: 18.12.1 (topology_discovery.cpp:544)
2026-06-02 23:14:51.387 | info     |             UMD | Completed topology discovery. (topology_discovery.cpp:96)
2026-06-02 23:14:51.387 | warning  |          Always | Unknown motherboard 'X670E GAMING PLUS WIFI (MS-7E16)' for chip_id=0 (bus_id=0x1) — defaulting tray_id to 0. Add this motherboard and its bus IDs to mobo_to_bus_ids in physical_system_discovery.cpp. (physical_system_discovery.cpp:62)
2026-06-02 23:14:51.387 | info     |          Fabric | TopologyMapper: Logical Multi-Mesh Adjacency Map: (topology_mapper.cpp:1474)
2026-06-02 23:14:51.387 | info     |          Fabric | 
=== Logical Mesh-Level Graph Adjacency Map ===
Total nodes: 1
Degree histogram: {0:1}
 (topology_solver.tpp:94)
2026-06-02 23:14:51.387 | info     |          Fabric | 
=== Logical Mesh 0 Internal Graph Adjacency Map ===
Total nodes: 1
Degree histogram: {0:1}
 (topology_solver.tpp:94)
2026-06-02 23:14:51.387 | info     |          Fabric | TopologyMapper: Physical Multi-Mesh Adjacency Map: (topology_mapper.cpp:1485)
2026-06-02 23:14:51.387 | info     |          Fabric | 
=== Physical Mesh-Level Graph Adjacency Map ===
Total nodes: 1
Degree histogram: {0:1}
 (topology_solver.tpp:94)
2026-06-02 23:14:51.387 | info     |          Fabric | 
=== Physical Mesh 0 Internal Graph Adjacency Map ===
Total nodes: 1
Degree histogram: {0:1}
 (topology_solver.tpp:94)
2026-06-02 23:14:51.387 | info     |          Fabric | Starting multi-mesh mapping: 1 logical mesh(es) to 1 physical mesh(es) (topology_mapper_utils.cpp:1469)
2026-06-02 23:14:51.387 | info     |          Fabric | Multi-mesh mapping attempt 1/2: Trying inter-mesh mapping (topology_mapper_utils.cpp:1510)
2026-06-02 23:14:51.387 | info     |          Fabric | Attempt 1: Inter-mesh mapping succeeded, found 1 mesh pair(s) (topology_mapper_utils.cpp:1539)
2026-06-02 23:14:51.387 | info     |          Fabric | Attempt 1: Mapping 1 mesh pair(s) (topology_mapper_utils.cpp:1547)
2026-06-02 23:14:51.387 | info     |          Fabric | Attempt 1: Mapping mesh 0 -> 0 (topology_mapper_utils.cpp:1554)
2026-06-02 23:14:51.387 | info     |          Fabric | Multi-mesh mapping succeeded after 1 attempt(s): 1 mesh pair(s) mapped (topology_mapper_utils.cpp:1686)
2026-06-02 23:14:51.399 | warning  |           Metal | DPRINT is deprecated and will be removed in a future release. Please migrate to DEVICE_PRINT by:
  1. Replace #include "api/debug/dprint.h" with #include "api/debug/device_print.h" in your kernels
  2. Replace DPRINT << ... << ENDL() with DEVICE_PRINT("...\n", args)
  3. Set TT_METAL_DEVICE_PRINT=1 to enable the new DEVICE_PRINT system
For more information, see the DEVICE_PRINT documentation. (metal_context.cpp:249)
2026-06-02 23:14:51.515 | info     |           Metal | DPRINT enabled on device 0, all worker cores. (dprint_server.cpp:855)
2026-06-02 23:14:51.516 | info     |           Metal | DPRINT Server attached device 0 (dprint_server.cpp:950)
0:11-0:BR: prefetcher_11: start
2026-06-02 23:14:51.723 | info     |           Metal | ShmResourceTracker: removed stale shm '/tt_d2h_320005_2342356268_0' (shm_resource_tracker.cpp:265)
2026-06-02 23:14:51.723 | info     |           Metal | ShmResourceTracker: removed stale manifest '/dev/shm/tt_socket_manifest_320005' (shm_resource_tracker.cpp:275)
0:11-1:BR: dispatch_11: start
2026-06-02 23:14:51.723 | info     |           Metal | ShmResourceTracker: removed orphaned shm '/tt_device_7490744194894819707_memory' (shm_resource_tracker.cpp:282)
0:11-1:NC: dispatch_s : start
0:11-9:BR: REALTIME BRISC: kernel started
0:11-9:BR: REALTIME: sync_request detected!
0:11-9:BR: REALTIME: entering sync
0:11-9:BR: REALTIME: sync got host_time=259006613
0:11-9:BR: REALTIME: sync pushed count=1
0:11-9:BR: REALTIME: sync got host_time=283499770
0:11-9:BR: REALTIME: sync pushed count=2
0:11-9:BR: REALTIME: sync got host_time=307974315
0:11-9:BR: REALTIME: sync pushed count=3
0:11-9:BR: REALTIME: sync got host_time=332240509
0:11-9:BR: REALTIME: sync pushed count=4
0:11-9:BR: REALTIME: sync got host_time=356714913
0:11-9:BR: REALTIME: sync pushed count=5
0:11-9:BR: REALTIME: sync got host_time=381187343
0:11-9:BR: REALTIME: sync pushed count=6
0:11-9:BR: REALTIME: sync got host_time=405666588
0:11-9:BR: REALTIME: sync pushed count=7
0:11-9:BR: REALTIME: sync got host_time=430152977
0:11-9:BR: REALTIME: sync pushed count=8
0:11-9:BR: REALTIME: sync got host_time=454633538
0:11-9:BR: REALTIME: sync pushed count=9
0:11-9:BR: REALTIME: sync got host_time=479107566
0:11-9:BR: REALTIME: sync pushed count=10
0:11-9:BR: REALTIME: sync got host_time=503583004
0:11-9:BR: REALTIME: sync pushed count=11
0:11-9:BR: REALTIME: sync got host_time=528059711
0:11-9:BR: REALTIME: sync pushed count=12
0:11-9:BR: REALTIME: sync got host_time=552534350
0:11-9:BR: REALTIME: sync pushed count=13
0:11-9:BR: REALTIME: sync got host_time=577010211
0:11-9:BR: REALTIME: sync pushed count=14
0:11-9:BR: REALTIME: sync got host_time=601486589
0:11-9:BR: REALTIME: sync pushed count=15
0:11-9:BR: REALTIME: sync got host_time=625961933
0:11-9:BR: REALTIME: sync pushed count=16
0:11-9:BR: REALTIME: sync got host_time=650435585
0:11-9:BR: REALTIME: sync pushed count=17
0:11-9:BR: REALTIME: sync got host_time=674920094
0:11-9:BR: REALTIME: sync pushed count=18
0:11-9:BR: REALTIME: sync got host_time=699416306
0:11-9:BR: REALTIME: sync pushed count=19
0:11-9:BR: REALTIME: sync got host_time=723907254
0:11-9:BR: REALTIME: sync pushed count=20
0:11-9:BR: REALTIME: sync got host_time=748394395
0:11-9:BR: REALTIME: sync pushed count=21
0:11-9:BR: REALTIME: sync got host_time=772872183
0:11-9:BR: REALTIME: sync pushed count=22
0:11-9:BR: REALTIME: sync got host_time=797303347
0:11-9:BR: REALTIME: sync pushed count=23
0:11-9:BR: REALTIME: sync got host_time=821779490
0:11-9:BR: REALTIME: sync pushed count=24
0:11-9:BR: REALTIME: sync got host_time=846256855
0:11-9:BR: REALTIME: sync pushed count=25
0:11-9:BR: REALTIME: sync got host_time=870733327
0:11-9:BR: REALTIME: sync pushed count=26
0:11-9:BR: REALTIME: sync got host_time=895210551
0:11-9:BR: REALTIME: sync pushed count=27
0:11-9:BR: REALTIME: sync got host_time=919682934
0:11-9:BR: REALTIME: sync pushed count=28
0:11-9:BR: REALTIME: sync got host_time=944158795
0:11-9:BR: REALTIME: sync pushed count=29
0:11-9:BR: REALTIME: sync got host_time=968632165
0:11-9:BR: REALTIME: sync pushed count=30
0:11-9:BR: REALTIME: sync got host_time=993109718
0:11-9:BR: REALTIME: sync pushed count=31
0:11-9:BR: REALTIME: sync got host_time=1017584498
0:11-9:BR: REALTIME: sync pushed count=32
0:11-9:BR: REALTIME: sync got host_time=1042060735
0:11-9:BR: REALTIME: sync pushed count=33
0:11-9:BR: REALTIME: sync got host_time=1066535891
0:11-9:BR: REALTIME: sync pushed count=34
0:11-9:BR: REALTIME: sync got host_time=1091013397
0:11-9:BR: REALTIME: sync pushed count=35
0:11-9:BR: REALTIME: sync got host_time=1115486955
0:11-9:BR: REALTIME: sync pushed count=36
0:11-9:BR: REALTIME: sync got host_time=1139962064
0:11-9:BR: REALTIME: sync pushed count=37
0:11-9:BR: REALTIME: sync got host_time=1164437878
0:11-9:BR: REALTIME: sync pushed count=38
0:11-9:BR: REALTIME: sync got host_time=1188912987
0:11-9:BR: REALTIME: sync pushed count=39
0:11-9:BR: REALTIME: sync got host_time=1213386404
0:11-9:BR: REALTIME: sync pushed count=40
0:11-9:BR: REALTIME: sync got host_time=1237861936
0:11-9:BR: REALTIME: sync pushed count=41
0:11-9:BR: REALTIME: sync got host_time=1262337186
0:11-9:BR: REALTIME: sync pushed count=42
0:11-9:BR: REALTIME: sync got host_time=1286811590
0:11-9:BR: REALTIME: sync pushed count=43
0:11-9:BR: REALTIME: sync got host_time=1311109274
0:11-9:BR: REALTIME: sync pushed count=44
0:11-9:BR: REALTIME: sync got host_time=1335580952
0:11-9:BR: REALTIME: sync pushed count=45
0:11-9:BR: REALTIME: sync got host_time=1360052066
0:11-9:BR: REALTIME: sync pushed count=46
0:11-9:BR: REALTIME: sync got host_time=1384529102
0:11-9:BR: REALTIME: sync pushed count=47
0:11-9:BR: REALTIME: sync got host_time=1409009804
0:11-9:BR: REALTIME: sync pushed count=48
0:11-9:BR: REALTIME: sync got host_time=1433486229
0:11-9:BR: REALTIME: sync pushed count=49
0:11-9:BR: REALTIME: sync got host_time=1457957108
0:11-9:BR: REALTIME: sync pushed count=50
0:11-9:BR: REALTIME: sync got host_time=1482426201
0:11-9:BR: REALTIME: sync pushed count=51
0:11-9:BR: REALTIME: sync got host_time=1506903472
0:11-9:BR: REALTIME: sync pushed count=52
0:11-9:BR: REALTIME: sync got host_time=1531381448
0:11-9:BR: REALTIME: sync pushed count=53
0:11-9:BR: REALTIME: sync got host_time=1555857074
0:11-9:BR: REALTIME: sync pushed count=54
0:11-9:BR: REALTIME: sync got host_time=1580327201
0:11-9:BR: REALTIME: sync pushed count=55
0:11-9:BR: REALTIME: sync got host_time=1604799537
0:11-9:BR: REALTIME: sync pushed count=56
0:11-9:BR: REALTIME: sync got host_time=1629279393
0:11-9:BR: REALTIME: sync pushed count=57
0:11-9:BR: REALTIME: sync got host_time=1653760001
0:11-9:BR: REALTIME: sync pushed count=58
0:11-9:BR: REALTIME: sync got host_time=1678243053
0:11-9:BR: REALTIME: sync pushed count=59
0:11-9:BR: REALTIME: sync got host_time=1702725588
0:11-9:BR: REALTIME: sync pushed count=60
0:11-9:BR: REALTIME: sync got host_time=1727205068
0:11-9:BR: REALTIME: sync pushed count=61
0:11-9:BR: REALTIME: sync got host_time=1751676934
0:11-9:BR: REALTIME: sync pushed count=62
0:11-9:BR: REALTIME: sync got host_time=1776145604
0:11-9:BR: REALTIME: sync pushed count=63
0:11-9:BR: REALTIME: sync got host_time=1800614462
0:11-9:BR: REALTIME: sync pushed count=64
0:11-9:BR: REALTIME: sync got host_time=1825086187
0:11-9:BR: REALTIME: sync pushed count=65
0:11-9:BR: REALTIME: sync got host_time=1849569098
0:11-9:BR: REALTIME: sync pushed count=66
0:11-9:BR: REALTIME: sync got host_time=1873852776
0:11-9:BR: REALTIME: sync pushed count=67
0:11-9:BR: REALTIME: sync got host_time=1898328308
0:11-9:BR: REALTIME: sync pushed count=68
0:11-9:BR: REALTIME: sync got host_time=1922814697
0:11-9:BR: REALTIME: sync pushed count=69
0:11-9:BR: REALTIME: sync got host_time=1947300710
0:11-9:BR: REALTIME: sync pushed count=70
0:11-9:BR: REALTIME: sync got host_time=1971777558
0:11-9:BR: REALTIME: sync pushed count=71
0:11-9:BR: REALTIME: sync got host_time=1996250035
0:11-9:BR: REALTIME: sync pushed count=72
0:11-9:BR: REALTIME: sync got host_time=2020721337
0:11-9:BR: REALTIME: sync pushed count=73
0:11-9:BR: REALTIME: sync got host_time=2045192451
0:11-9:BR: REALTIME: sync pushed count=74
0:11-9:BR: REALTIME: sync got host_time=2069667607
0:11-9:BR: REALTIME: sync pushed count=75
0:11-9:BR: REALTIME: sync got host_time=2094136794
0:11-9:BR: REALTIME: sync pushed count=76
0:11-9:BR: REALTIME: sync got host_time=2118614065
0:11-9:BR: REALTIME: sync pushed count=77
0:11-9:BR: REALTIME: sync got host_time=2143085978
0:11-9:BR: REALTIME: sync pushed count=78
0:11-9:BR: REALTIME: sync got host_time=2167554272
0:11-9:BR: REALTIME: sync pushed count=79
0:11-9:BR: REALTIME: sync got host_time=2192024164
0:11-9:BR: REALTIME: sync pushed count=80
0:11-9:BR: REALTIME: sync got host_time=2216492975
0:11-9:BR: REALTIME: sync pushed count=81
0:11-9:BR: REALTIME: sync got host_time=2240965969
0:11-9:BR: REALTIME: sync pushed count=82
0:11-9:BR: REALTIME: sync got host_time=2265436942
0:11-9:BR: REALTIME: sync pushed count=83
0:11-9:BR: REALTIME: sync got host_time=2289907868
0:11-9:BR: REALTIME: sync pushed count=84
0:11-9:BR: REALTIME: sync got host_time=2314377619
0:11-9:BR: REALTIME: sync pushed count=85
0:11-9:BR: REALTIME: sync got host_time=2338856629
0:11-9:BR: REALTIME: sync pushed count=86
0:11-9:BR: REALTIME: sync got host_time=2363338976
0:11-9:BR: REALTIME: sync pushed count=87
0:11-9:BR: REALTIME: sync got host_time=2387819678
0:11-9:BR: REALTIME: sync pushed count=88
0:11-9:BR: REALTIME: sync got host_time=2412299628
0:11-9:BR: REALTIME: sync pushed count=89
0:11-9:BR: REALTIME: sync got host_time=2436770131
0:11-9:BR: REALTIME: sync pushed count=90
0:11-9:BR: REALTIME: sync got host_time=2461240775
0:11-9:BR: REALTIME: sync pushed count=91
0:11-9:BR: REALTIME: sync got host_time=2485710385
0:11-9:BR: REALTIME: sync pushed count=92
0:11-9:BR: REALTIME: sync got host_time=2510187280
0:11-9:BR: REALTIME: sync pushed count=93
0:11-9:BR: REALTIME: sync got host_time=2534664269
0:11-9:BR: REALTIME: sync pushed count=94
0:11-9:BR: REALTIME: sync got host_time=2559134020
0:11-9:BR: REALTIME: sync pushed count=95
0:11-9:BR: REALTIME: sync got host_time=2583605698
0:11-9:BR: REALTIME: sync pushed count=96
0:11-9:BR: REALTIME: sync got host_time=2608076859
0:11-9:BR: REALTIME: sync pushed count=97
0:11-9:BR: REALTIME: sync got host_time=2632548067
0:11-9:BR: REALTIME: sync pushed count=98
0:11-9:BR: REALTIME: sync got host_time=2657025103
0:11-9:BR: REALTIME: sync pushed count=99
0:11-9:BR: REALTIME: sync got host_time=2681510552
0:11-9:BR: REALTIME: sync pushed count=100
2026-06-02 23:14:52.308 | info     |           Metal | [Real-time profiler] Device 0 sync complete: 100 samples, frequency=1.349979 GHz, device_time_at_sync=119498198902074 cycles (realtime_profiler_manager.cpp:1082)
0:11-9:BR: REALTIME: sync got host_time=2705992006
0:11-9:BR: REALTIME: sync pushed count=101
0:11-9:BR: REALTIME: exiting sync, total=101
0:11-9:BR: REALTIME: sync_request detected!
0:11-9:BR: REALTIME: entering sync
0:11-9:BR: REALTIME: sync got host_time=1549556828
0:11-9:BR: REALTIME: sync pushed count=1
0:11-9:BR: REALTIME: exiting sync, total=1
0:11-9:BR: REALTIME: sync_request detected!
0:11-9:BR: REALTIME: entering sync
0:11-9:BR: REALTIME: sync got host_time=188850559
0:11-9:BR: REALTIME: sync pushed count=1
0:11-9:BR: REALTIME: exiting sync, total=1
[JIT_WARMUP] ideal-path contexts compiled in 0.5 ms
[SORT] stage=RP P=3369033 P_kept=3369033 num_tiles=1024 max_tile_n=26496 bin=46.87 up=0.02 kernel=1.56 d2h=0.00 compact=0.00 publish=1.54 total=50.10ms
[CULL_SPLIT] pipelined (no separate Finish; cull device exec folded under the blend host-setup window; candidates=3369033)
0:10-1:NC: L1SORTV t=551 L=7696 mono=0 perm=0 giddiff=4578 tieok=36 | TOT t=1 recs=7696 monoT=0 permT=0 gidT=4578 tieokT=36
0:10-3:NC: L1SORTV t=502 L=7850 mono=0 perm=0 giddiff=4031 tieok=29 | TOT t=1 recs=7850 monoT=0 permT=0 gidT=4031 tieokT=29
0:10-4:NC: L1SORTV t=647 L=7834 mono=0 perm=0 giddiff=4660 tieok=24 | TOT t=1 recs=7834 monoT=0 permT=0 gidT=4660 tieokT=24
0:10-5:NC: L1SORTV t=409 L=8057 mono=0 perm=0 giddiff=4898 tieok=20 | TOT t=1 recs=8057 monoT=0 permT=0 gidT=4898 tieokT=20
0:10-6:NC: L1SORTV t=465 L=7876 mono=0 perm=0 giddiff=4325 tieok=48 | TOT t=1 recs=7876 monoT=0 permT=0 gidT=4325 tieokT=48
0:10-7:NC: L1SORTV t=558 L=8091 mono=0 perm=0 giddiff=5184 tieok=18 | TOT t=1 recs=8091 monoT=0 permT=0 gidT=5184 tieokT=18
0:10-8:NC: L1SORTV t=616 L=8057 mono=0 perm=0 giddiff=4790 tieok=29 | TOT t=1 recs=8057 monoT=0 permT=0 gidT=4790 tieokT=29
0:10-9:NC: L1SORTV t=601 L=8100 mono=0 perm=0 giddiff=5153 tieok=27 | TOT t=1 recs=8100 monoT=0 permT=0 gidT=5153 tieokT=27
0:9-9:NC: L1SORTV t=557 L=7616 mono=0 perm=0 giddiff=4776 tieok=23 | TOT t=1 recs=7616 monoT=0 permT=0 gidT=4776 tieokT=23
0:10-0:NC: L1SORTV t=332 L=7660 mono=0 perm=0 giddiff=4738 tieok=99 | TOT t=1 recs=7660 monoT=0 permT=0 gidT=4738 tieokT=99
0:10-2:NC: L1SORTV t=370 L=7651 mono=0 perm=0 giddiff=4503 tieok=90 | TOT t=1 recs=7651 monoT=0 permT=0 gidT=4503 tieokT=90
0:9-7:NC: L1SORTV t=395 L=7557 mono=0 perm=0 giddiff=4060 tieok=46 | TOT t=1 recs=7557 monoT=0 permT=0 gidT=4060 tieokT=46
0:9-8:NC: L1SORTV t=425 L=7677 mono=0 perm=0 giddiff=4403 tieok=48 | TOT t=1 recs=7677 monoT=0 permT=0 gidT=4403 tieokT=48
0:9-2:NC: L1SORTV t=456 L=7214 mono=0 perm=0 giddiff=4015 tieok=34 | TOT t=1 recs=7214 monoT=0 permT=0 gidT=4015 tieokT=34
0:9-4:NC: L1SORTV t=457 L=7482 mono=0 perm=0 giddiff=3781 tieok=38 | TOT t=1 recs=7482 monoT=0 permT=0 gidT=3781 tieokT=38
0:9-5:NC: L1SORTV t=299 L=7408 mono=0 perm=0 giddiff=5013 tieok=66 | TOT t=1 recs=7408 monoT=0 permT=0 gidT=5013 tieokT=66
0:9-6:NC: L1SORTV t=403 L=7476 mono=0 perm=0 giddiff=4497 tieok=63 | TOT t=1 recs=7476 monoT=0 permT=0 gidT=4497 tieokT=63
0:9-0:NC: L1SORTV t=444 L=7128 mono=0 perm=0 giddiff=4401 tieok=16 | TOT t=1 recs=7128 monoT=0 permT=0 gidT=4401 tieokT=16
0:9-1:NC: L1SORTV t=378 L=7187 mono=0 perm=0 giddiff=4479 tieok=30 | TOT t=1 recs=7187 monoT=0 permT=0 gidT=4479 tieokT=30
0:9-3:NC: L1SORTV t=472 L=7248 mono=0 perm=0 giddiff=3967 tieok=33 | TOT t=1 recs=7248 monoT=0 permT=0 gidT=3967 tieokT=33
0:8-6:NC: L1SORTV t=650 L=7057 mono=0 perm=0 giddiff=4141 tieok=18 | TOT t=1 recs=7057 monoT=0 permT=0 gidT=4141 tieokT=18
0:8-7:NC: L1SORTV t=441 L=6963 mono=0 perm=0 giddiff=4092 tieok=50 | TOT t=1 recs=6963 monoT=0 permT=0 gidT=4092 tieokT=50
0:8-8:NC: L1SORTV t=300 L=7104 mono=0 perm=0 giddiff=4729 tieok=42 | TOT t=1 recs=7104 monoT=0 permT=0 gidT=4729 tieokT=42
0:8-9:NC: L1SORTV t=602 L=7020 mono=0 perm=0 giddiff=4586 tieok=17 | TOT t=1 recs=7020 monoT=0 permT=0 gidT=4586 tieokT=17
0:8-1:NC: L1SORTV t=503 L=6853 mono=0 perm=0 giddiff=3393 tieok=17 | TOT t=1 recs=6853 monoT=0 permT=0 gidT=3393 tieokT=17
0:8-2:NC: L1SORTV t=617 L=6944 mono=0 perm=0 giddiff=4116 tieok=34 | TOT t=1 recs=6944 monoT=0 permT=0 gidT=4116 tieokT=34
0:8-3:NC: L1SORTV t=435 L=6771 mono=0 perm=0 giddiff=3681 tieok=49 | TOT t=1 recs=6771 monoT=0 permT=0 gidT=3681 tieokT=49
0:8-4:NC: L1SORTV t=504 L=6752 mono=0 perm=0 giddiff=3305 tieok=16 | TOT t=1 recs=6752 monoT=0 permT=0 gidT=3305 tieokT=16
0:8-5:NC: L1SORTV t=661 L=6948 mono=0 perm=0 giddiff=3734 tieok=13 | TOT t=1 recs=6948 monoT=0 permT=0 gidT=3734 tieokT=13
0:7-7:NC: L1SORTV t=566 L=6495 mono=0 perm=0 giddiff=3931 tieok=15 | TOT t=1 recs=6495 monoT=0 permT=0 gidT=3931 tieokT=15
0:7-8:NC: L1SORTV t=433 L=6623 mono=0 perm=0 giddiff=3731 tieok=43 | TOT t=1 recs=6623 monoT=0 permT=0 gidT=3731 tieokT=43
0:7-9:NC: L1SORTV t=603 L=6613 mono=0 perm=0 giddiff=4151 tieok=11 | TOT t=1 recs=6613 monoT=0 permT=0 gidT=4151 tieokT=11
0:8-0:NC: L1SORTV t=394 L=6698 mono=0 perm=0 giddiff=3825 tieok=44 | TOT t=1 recs=6698 monoT=0 permT=0 gidT=3825 tieokT=44
0:7-4:NC: L1SORTV t=377 L=6382 mono=0 perm=0 giddiff=4015 tieok=14 | TOT t=1 recs=6382 monoT=0 permT=0 gidT=4015 tieokT=14
0:7-5:NC: L1SORTV t=427 L=6494 mono=0 perm=0 giddiff=3386 tieok=69 | TOT t=1 recs=6494 monoT=0 permT=0 gidT=3386 tieokT=69
0:7-6:NC: L1SORTV t=646 L=6501 mono=0 perm=0 giddiff=4154 tieok=17 | TOT t=1 recs=6501 monoT=0 permT=0 gidT=4154 tieokT=17
0:7-1:NC: L1SORTV t=618 L=6466 mono=0 perm=0 giddiff=3723 tieok=42 | TOT t=1 recs=6466 monoT=0 permT=0 gidT=3723 tieokT=42
0:7-2:NC: L1SORTV t=314 L=6308 mono=0 perm=0 giddiff=4083 tieok=11 | TOT t=1 recs=6308 monoT=0 permT=0 gidT=4083 tieokT=11
0:7-3:NC: L1SORTV t=429 L=6418 mono=0 perm=0 giddiff=3160 tieok=36 | TOT t=1 recs=6418 monoT=0 permT=0 gidT=3160 tieokT=36
0:6-7:NC: L1SORTV t=367 L=6337 mono=0 perm=0 giddiff=2536 tieok=27 | TOT t=1 recs=6337 monoT=0 permT=0 gidT=2536 tieokT=27
0:6-8:NC: L1SORTV t=459 L=6249 mono=0 perm=0 giddiff=3106 tieok=44 | TOT t=1 recs=6249 monoT=0 permT=0 gidT=3106 tieokT=44
0:6-9:NC: L1SORTV t=428 L=6286 mono=0 perm=0 giddiff=3219 tieok=60 | TOT t=1 recs=6286 monoT=0 permT=0 gidT=3219 tieokT=60
0:7-0:NC: L1SORTV t=460 L=6438 mono=0 perm=0 giddiff=3314 tieok=29 | TOT t=1 recs=6438 monoT=0 permT=0 gidT=3314 tieokT=29
0:9-9:NC: L1SORTV t=723 L=4756 mono=0 perm=0 giddiff=2756 tieok=4 | TOT t=2 recs=12372 monoT=0 permT=0 gidT=7532 tieokT=27
0:10-4:NC: L1SORTV t=397 L=4844 mono=0 perm=0 giddiff=2682 tieok=26 | TOT t=2 recs=12678 monoT=0 permT=0 gidT=7342 tieokT=50
0:10-7:NC: L1SORTV t=399 L=4701 mono=0 perm=0 giddiff=2691 tieok=31 | TOT t=2 recs=12792 monoT=0 permT=0 gidT=7875 tieokT=49
0:10-8:NC: L1SORTV t=758 L=4686 mono=0 perm=0 giddiff=2738 tieok=11 | TOT t=2 recs=12743 monoT=0 permT=0 gidT=7528 tieokT=40
0:10-9:NC: L1SORTV t=656 L=4805 mono=0 perm=0 giddiff=2960 tieok=13 | TOT t=2 recs=12905 monoT=0 permT=0 gidT=8113 tieokT=40
0:6-3:NC: L1SORTV t=402 L=6283 mono=0 perm=0 giddiff=3088 tieok=35 | TOT t=1 recs=6283 monoT=0 permT=0 gidT=3088 tieokT=35
0:6-4:NC: L1SORTV t=488 L=6244 mono=0 perm=0 giddiff=3554 tieok=20 | TOT t=1 recs=6244 monoT=0 permT=0 gidT=3554 tieokT=20
0:6-5:NC: L1SORTV t=651 L=6176 mono=0 perm=0 giddiff=3680 tieok=14 | TOT t=1 recs=6176 monoT=0 permT=0 gidT=3680 tieokT=14
0:6-6:NC: L1SORTV t=467 L=6286 mono=0 perm=0 giddiff=3100 tieok=27 | TOT t=1 recs=6286 monoT=0 permT=0 gidT=3100 tieokT=27
0:10-0:NC: L1SORTV t=724 L=4896 mono=0 perm=0 giddiff=2946 tieok=13 | TOT t=2 recs=12556 monoT=0 permT=0 gidT=7684 tieokT=112
0:10-1:NC: L1SORTV t=306 L=4999 mono=0 perm=0 giddiff=2983 tieok=24 | TOT t=2 recs=12695 monoT=0 permT=0 gidT=7561 tieokT=60
0:10-3:NC: L1SORTV t=687 L=4729 mono=0 perm=0 giddiff=2854 tieok=21 | TOT t=2 recs=12579 monoT=0 permT=0 gidT=6885 tieokT=50
0:10-5:NC: L1SORTV t=398 L=4728 mono=0 perm=0 giddiff=2638 tieok=21 | TOT t=2 recs=12785 monoT=0 permT=0 gidT=7536 tieokT=41
0:5-9:NC: L1SORTV t=468 L=5951 mono=0 perm=0 giddiff=2840 tieok=32 | TOT t=1 recs=5951 monoT=0 permT=0 gidT=2840 tieokT=32
0:6-1:NC: L1SORTV t=380 L=6087 mono=0 perm=0 giddiff=3703 tieok=17 | TOT t=1 recs=6087 monoT=0 permT=0 gidT=3703 tieokT=17
0:6-2:NC: L1SORTV t=660 L=6084 mono=0 perm=0 giddiff=3277 tieok=23 | TOT t=1 recs=6084 monoT=0 permT=0 gidT=3277 tieokT=23
0:9-7:NC: L1SORTV t=470 L=4759 mono=0 perm=0 giddiff=2330 tieok=16 | TOT t=2 recs=12316 monoT=0 permT=0 gidT=6390 tieokT=62
0:9-8:NC: L1SORTV t=436 L=4740 mono=0 perm=0 giddiff=2287 tieok=19 | TOT t=2 recs=12417 monoT=0 permT=0 gidT=6690 tieokT=67
0:10-2:NC: L1SORTV t=759 L=5045 mono=0 perm=0 giddiff=3049 tieok=5 | TOT t=2 recs=12696 monoT=0 permT=0 gidT=7552 tieokT=95
0:5-8:NC: L1SORTV t=442 L=6081 mono=0 perm=0 giddiff=3381 tieok=24 | TOT t=1 recs=6081 monoT=0 permT=0 gidT=3381 tieokT=24
0:6-0:NC: L1SORTV t=369 L=6113 mono=0 perm=0 giddiff=2967 tieok=34 | TOT t=1 recs=6113 monoT=0 permT=0 gidT=2967 tieokT=34
0:8-6:NC: L1SORTV t=688 L=4577 mono=0 perm=0 giddiff=2867 tieok=7 | TOT t=2 recs=11634 monoT=0 permT=0 gidT=7008 tieokT=25
0:8-9:NC: L1SORTV t=336 L=4583 mono=0 perm=0 giddiff=2679 tieok=30 | TOT t=2 recs=11603 monoT=0 permT=0 gidT=7265 tieokT=47
0:9-1:NC: L1SORTV t=434 L=4548 mono=0 perm=0 giddiff=2420 tieok=22 | TOT t=2 recs=11735 monoT=0 permT=0 gidT=6899 tieokT=52
0:9-4:NC: L1SORTV t=684 L=4618 mono=0 perm=0 giddiff=2870 tieok=9 | TOT t=2 recs=12100 monoT=0 permT=0 gidT=6651 tieokT=47
0:9-5:NC: L1SORTV t=250 L=4527 mono=0 perm=0 giddiff=2846 tieok=19 | TOT t=2 recs=11935 monoT=0 permT=0 gidT=7859 tieokT=85
0:9-6:NC: L1SORTV t=348 L=4477 mono=0 perm=0 giddiff=2956 tieok=5 | TOT t=2 recs=11953 monoT=0 permT=0 gidT=7453 tieokT=68
0:10-6:NC: L1SORTV t=686 L=4744 mono=0 perm=0 giddiff=2853 tieok=8 | TOT t=2 recs=12620 monoT=0 permT=0 gidT=7178 tieokT=56
0:5-4:NC: L1SORTV t=505 L=5914 mono=0 perm=0 giddiff=2919 tieok=10 | TOT t=1 recs=5914 monoT=0 permT=0 gidT=2919 tieokT=10
0:5-6:NC: L1SORTV t=461 L=5970 mono=0 perm=0 giddiff=3159 tieok=45 | TOT t=1 recs=5970 monoT=0 permT=0 gidT=3159 tieokT=45
0:5-7:NC: L1SORTV t=568 L=5947 mono=0 perm=0 giddiff=3520 tieok=11 | TOT t=1 recs=5947 monoT=0 permT=0 gidT=3520 tieokT=11
0:8-2:NC: L1SORTV t=721 L=4508 mono=0 perm=0 giddiff=2692 tieok=4 | TOT t=2 recs=11452 monoT=0 permT=0 gidT=6808 tieokT=38
0:8-5:NC: L1SORTV t=443 L=4475 mono=0 perm=0 giddiff=2470 tieok=13 | TOT t=2 recs=11423 monoT=0 permT=0 gidT=6204 tieokT=26
0:8-7:NC: L1SORTV t=507 L=4588 mono=0 perm=0 giddiff=2458 tieok=18 | TOT t=2 recs=11551 monoT=0 permT=0 gidT=6550 tieokT=68
0:8-8:NC: L1SORTV t=469 L=4580 mono=0 perm=0 giddiff=2083 tieok=17 | TOT t=2 recs=11684 monoT=0 permT=0 gidT=6812 tieokT=59
0:9-0:NC: L1SORTV t=729 L=4644 mono=0 perm=0 giddiff=2910 tieok=12 | TOT t=2 recs=11772 monoT=0 permT=0 gidT=7311 tieokT=28
0:9-2:NC: L1SORTV t=487 L=4740 mono=0 perm=0 giddiff=2486 tieok=52 | TOT t=2 recs=11954 monoT=0 permT=0 gidT=6501 tieokT=86
0:9-3:NC: L1SORTV t=221 L=4686 mono=0 perm=0 giddiff=2968 tieok=5 | TOT t=2 recs=11934 monoT=0 permT=0 gidT=6935 tieokT=38
0:5-0:NC: L1SORTV t=366 L=5830 mono=0 perm=0 giddiff=2607 tieok=27 | TOT t=1 recs=5830 monoT=0 permT=0 gidT=2607 tieokT=27
0:5-2:NC: L1SORTV t=702 L=5859 mono=0 perm=0 giddiff=3627 tieok=15 | TOT t=1 recs=5859 monoT=0 permT=0 gidT=3627 tieokT=15
0:5-3:NC: L1SORTV t=346 L=5834 mono=0 perm=0 giddiff=3494 tieok=17 | TOT t=1 recs=5834 monoT=0 permT=0 gidT=3494 tieokT=17
0:5-5:NC: L1SORTV t=474 L=6053 mono=0 perm=0 giddiff=3374 tieok=22 | TOT t=1 recs=6053 monoT=0 permT=0 gidT=3374 tieokT=22
0:7-4:NC: L1SORTV t=691 L=4496 mono=0 perm=0 giddiff=2584 tieok=12 | TOT t=2 recs=10878 monoT=0 permT=0 gidT=6599 tieokT=26
0:7-7:NC: L1SORTV t=411 L=4506 mono=0 perm=0 giddiff=2207 tieok=16 | TOT t=2 recs=11001 monoT=0 permT=0 gidT=6138 tieokT=31
0:7-9:NC: L1SORTV t=722 L=4567 mono=0 perm=0 giddiff=2728 tieok=9 | TOT t=2 recs=11180 monoT=0 permT=0 gidT=6879 tieokT=20
0:8-0:NC: L1SORTV t=642 L=4612 mono=0 perm=0 giddiff=2503 tieok=4 | TOT t=2 recs=11310 monoT=0 permT=0 gidT=6328 tieokT=48
0:8-1:NC: L1SORTV t=689 L=4605 mono=0 perm=0 giddiff=2798 tieok=11 | TOT t=2 recs=11458 monoT=0 permT=0 gidT=6191 tieokT=28
0:4-6:NC: L1SORTV t=363 L=5863 mono=0 perm=0 giddiff=3371 tieok=63 | TOT t=1 recs=5863 monoT=0 permT=0 gidT=3371 tieokT=63
0:4-7:NC: L1SORTV t=364 L=5802 mono=0 perm=0 giddiff=2747 tieok=52 | TOT t=1 recs=5802 monoT=0 permT=0 gidT=2747 tieokT=52
0:4-8:NC: L1SORTV t=440 L=5916 mono=0 perm=0 giddiff=3218 tieok=15 | TOT t=1 recs=5916 monoT=0 permT=0 gidT=3218 tieokT=15
0:4-9:NC: L1SORTV t=335 L=5918 mono=0 perm=0 giddiff=3623 tieok=49 | TOT t=1 recs=5918 monoT=0 permT=0 gidT=3623 tieokT=49
0:5-1:NC: L1SORTV t=396 L=5931 mono=0 perm=0 giddiff=3319 tieok=67 | TOT t=1 recs=5931 monoT=0 permT=0 gidT=3319 tieokT=67
0:7-1:NC: L1SORTV t=579 L=4386 mono=0 perm=0 giddiff=2803 tieok=2 | TOT t=2 recs=10852 monoT=0 permT=0 gidT=6526 tieokT=44
0:7-2:NC: L1SORTV t=437 L=4462 mono=0 perm=0 giddiff=2242 tieok=11 | TOT t=2 recs=10770 monoT=0 permT=0 gidT=6325 tieokT=22
0:7-6:NC: L1SORTV t=438 L=4675 mono=0 perm=0 giddiff=2417 tieok=19 | TOT t=2 recs=11176 monoT=0 permT=0 gidT=6571 tieokT=36
0:7-8:NC: L1SORTV t=725 L=4487 mono=0 perm=0 giddiff=2675 tieok=12 | TOT t=2 recs=11110 monoT=0 permT=0 gidT=6406 tieokT=55
0:8-3:NC: L1SORTV t=432 L=4578 mono=0 perm=0 giddiff=2447 tieok=23 | TOT t=2 recs=11349 monoT=0 permT=0 gidT=6128 tieokT=72
0:8-4:NC: L1SORTV t=313 L=4665 mono=0 perm=0 giddiff=2955 tieok=19 | TOT t=2 recs=11417 monoT=0 permT=0 gidT=6260 tieokT=35
0:9-9:NC: L1SORTV t=282 L=3635 mono=0 perm=0 giddiff=2171 tieok=8 | TOT t=3 recs=16007 monoT=0 permT=0 gidT=9703 tieokT=35
0:10-0:NC: L1SORTV t=102 L=3353 mono=0 perm=0 giddiff=1890 tieok=0 | TOT t=3 recs=15909 monoT=0 permT=0 gidT=9574 tieokT=112
0:10-3:NC: L1SORTV t=254 L=3632 mono=0 perm=0 giddiff=2102 tieok=12 | TOT t=3 recs=16211 monoT=0 permT=0 gidT=8987 tieokT=62
0:10-4:NC: L1SORTV t=69 L=3625 mono=0 perm=0 giddiff=2174 tieok=11 | TOT t=3 recs=16303 monoT=0 permT=0 gidT=9516 tieokT=61
0:10-8:NC: L1SORTV t=88 L=3424 mono=0 perm=0 giddiff=2014 tieok=8 | TOT t=3 recs=16167 monoT=0 permT=0 gidT=9542 tieokT=48
0:10-9:NC: L1SORTV t=678 L=3532 mono=0 perm=0 giddiff=2063 tieok=3 | TOT t=3 recs=16437 monoT=0 permT=0 gidT=10176 tieokT=43
0:4-5:NC: L1SORTV t=703 L=5861 mono=0 perm=0 giddiff=3392 tieok=4 | TOT t=1 recs=5861 monoT=0 permT=0 gidT=3392 tieokT=4
0:6-7:NC: L1SORTV t=85 L=4441 mono=0 perm=0 giddiff=2932 tieok=27 | TOT t=2 recs=10778 monoT=0 permT=0 gidT=5468 tieokT=54
0:7-5:NC: L1SORTV t=509 L=4415 mono=0 perm=0 giddiff=2781 tieok=14 | TOT t=2 recs=10909 monoT=0 permT=0 gidT=6167 tieokT=83
0:10-1:NC: L1SORTV t=735 L=3306 mono=0 perm=0 giddiff=1932 tieok=5 | TOT t=3 recs=16001 monoT=0 permT=0 gidT=9493 tieokT=65
0:10-5:NC: L1SORTV t=726 L=3630 mono=0 perm=0 giddiff=2076 tieok=8 | TOT t=3 recs=16415 monoT=0 permT=0 gidT=9612 tieokT=49
0:10-7:NC: L1SORTV t=103 L=3361 mono=0 perm=0 giddiff=1971 tieok=3 | TOT t=3 recs=16153 monoT=0 permT=0 gidT=9846 tieokT=52
0:4-3:NC: L1SORTV t=657 L=5687 mono=0 perm=0 giddiff=3521 tieok=14 | TOT t=1 recs=5687 monoT=0 permT=0 gidT=3521 tieokT=14
0:4-4:NC: L1SORTV t=659 L=5767 mono=0 perm=0 giddiff=3381 tieok=18 | TOT t=1 recs=5767 monoT=0 permT=0 gidT=3381 tieokT=18
0:6-2:NC: L1SORTV t=685 L=4461 mono=0 perm=0 giddiff=2735 tieok=8 | TOT t=2 recs=10545 monoT=0 permT=0 gidT=6012 tieokT=31
0:6-3:NC: L1SORTV t=694 L=4397 mono=0 perm=0 giddiff=2621 tieok=9 | TOT t=2 recs=10680 monoT=0 permT=0 gidT=5709 tieokT=44
0:6-5:NC: L1SORTV t=463 L=4399 mono=0 perm=0 giddiff=2303 tieok=33 | TOT t=2 recs=10575 monoT=0 permT=0 gidT=5983 tieokT=47
0:6-8:NC: L1SORTV t=455 L=4463 mono=0 perm=0 giddiff=2714 tieok=74 | TOT t=2 recs=10712 monoT=0 permT=0 gidT=5820 tieokT=118
0:6-9:NC: L1SORTV t=251 L=4426 mono=0 perm=0 giddiff=2549 tieok=7 | TOT t=2 recs=10712 monoT=0 permT=0 gidT=5768 tieokT=67
0:8-6:NC: L1SORTV t=375 L=3545 mono=0 perm=0 giddiff=2067 tieok=12 | TOT t=3 recs=15179 monoT=0 permT=0 gidT=9075 tieokT=37
0:8-9:NC: L1SORTV t=21 L=3525 mono=0 perm=0 giddiff=2479 tieok=7 | TOT t=3 recs=15128 monoT=0 permT=0 gidT=9744 tieokT=54
0:9-4:NC: L1SORTV t=286 L=3565 mono=0 perm=0 giddiff=2163 tieok=5 | TOT t=3 recs=15665 monoT=0 permT=0 gidT=8814 tieokT=52
0:9-5:NC: L1SORTV t=184 L=3475 mono=0 perm=0 giddiff=2203 tieok=7 | TOT t=3 recs=15410 monoT=0 permT=0 gidT=10062 tieokT=92
0:9-6:NC: L1SORTV t=344 L=3410 mono=0 perm=0 giddiff=2117 tieok=16 | TOT t=3 recs=15363 monoT=0 permT=0 gidT=9570 tieokT=84
0:9-7:NC: L1SORTV t=337 L=3340 mono=0 perm=0 giddiff=1903 tieok=25 | TOT t=3 recs=15656 monoT=0 permT=0 gidT=8293 tieokT=87
0:9-8:NC: L1SORTV t=242 L=3360 mono=0 perm=0 giddiff=1985 tieok=12 | TOT t=3 recs=15777 monoT=0 permT=0 gidT=8675 tieokT=79
0:10-2:NC: L1SORTV t=17 L=3374 mono=0 perm=0 giddiff=2359 tieok=9 | TOT t=3 recs=16070 monoT=0 permT=0 gidT=9911 tieokT=104
0:10-6:NC: L1SORTV t=653 L=3603 mono=0 perm=0 giddiff=2107 tieok=8 | TOT t=3 recs=16223 monoT=0 permT=0 gidT=9285 tieokT=64
0:3-9:NC: L1SORTV t=508 L=5639 mono=0 perm=0 giddiff=3291 tieok=23 | TOT t=1 recs=5639 monoT=0 permT=0 gidT=3291 tieokT=23
0:4-0:NC: L1SORTV t=315 L=5604 mono=0 perm=0 giddiff=3447 tieok=17 | TOT t=1 recs=5604 monoT=0 permT=0 gidT=3447 tieokT=17
0:4-1:NC: L1SORTV t=334 L=5740 mono=0 perm=0 giddiff=3489 tieok=32 | TOT t=1 recs=5740 monoT=0 permT=0 gidT=3489 tieokT=32
0:4-2:NC: L1SORTV t=519 L=5672 mono=0 perm=0 giddiff=2999 tieok=37 | TOT t=1 recs=5672 monoT=0 permT=0 gidT=2999 tieokT=37
0:5-9:NC: L1SORTV t=655 L=4257 mono=0 perm=0 giddiff=2556 tieok=8 | TOT t=2 recs=10208 monoT=0 permT=0 gidT=5396 tieokT=40
0:6-0:NC: L1SORTV t=641 L=4259 mono=0 perm=0 giddiff=2421 tieok=13 | TOT t=2 recs=10372 monoT=0 permT=0 gidT=5388 tieokT=47
0:6-4:NC: L1SORTV t=690 L=4414 mono=0 perm=0 giddiff=2693 tieok=10 | TOT t=2 recs=10658 monoT=0 permT=0 gidT=6247 tieokT=30
0:6-6:NC: L1SORTV t=541 L=4418 mono=0 perm=0 giddiff=2844 tieok=23 | TOT t=2 recs=10704 monoT=0 permT=0 gidT=5944 tieokT=50
0:7-0:NC: L1SORTV t=654 L=4434 mono=0 perm=0 giddiff=2740 tieok=8 | TOT t=2 recs=10872 monoT=0 permT=0 gidT=6054 tieokT=37
0:7-3:NC: L1SORTV t=298 L=4512 mono=0 perm=0 giddiff=2792 tieok=20 | TOT t=2 recs=10930 monoT=0 permT=0 gidT=5952 tieokT=56
0:8-2:NC: L1SORTV t=57 L=3271 mono=0 perm=0 giddiff=2053 tieok=2 | TOT t=3 recs=14723 monoT=0 permT=0 gidT=8861 tieokT=40
0:8-5:NC: L1SORTV t=185 L=3522 mono=0 perm=0 giddiff=2099 tieok=6 | TOT t=3 recs=14945 monoT=0 permT=0 gidT=8303 tieokT=32
0:8-7:NC: L1SORTV t=718 L=3229 mono=0 perm=0 giddiff=1828 tieok=9 | TOT t=3 recs=14780 monoT=0 permT=0 gidT=8378 tieokT=77
0:9-0:NC: L1SORTV t=609 L=3518 mono=0 perm=0 giddiff=2300 tieok=12 | TOT t=3 recs=15290 monoT=0 permT=0 gidT=9611 tieokT=40
0:9-1:NC: L1SORTV t=40 L=3591 mono=0 perm=0 giddiff=2232 tieok=13 | TOT t=3 recs=15326 monoT=0 permT=0 gidT=9131 tieokT=65
0:9-3:NC: L1SORTV t=266 L=3624 mono=0 perm=0 giddiff=2348 tieok=11 | TOT t=3 recs=15558 monoT=0 permT=0 gidT=9283 tieokT=49
0:3-7:NC: L1SORTV t=393 L=5645 mono=0 perm=0 giddiff=3397 tieok=36 | TOT t=1 recs=5645 monoT=0 permT=0 gidT=3397 tieokT=36
0:3-8:NC: L1SORTV t=645 L=5671 mono=0 perm=0 giddiff=3495 tieok=12 | TOT t=1 recs=5671 monoT=0 permT=0 gidT=3495 tieokT=12
0:5-3:NC: L1SORTV t=681 L=4196 mono=0 perm=0 giddiff=2566 tieok=6 | TOT t=2 recs=10030 monoT=0 permT=0 gidT=6060 tieokT=23
0:5-7:NC: L1SORTV t=695 L=4252 mono=0 perm=0 giddiff=2457 tieok=9 | TOT t=2 recs=10199 monoT=0 permT=0 gidT=5977 tieokT=20
0:5-8:NC: L1SORTV t=86 L=4279 mono=0 perm=0 giddiff=2668 tieok=15 | TOT t=2 recs=10360 monoT=0 permT=0 gidT=6049 tieokT=39
0:6-1:NC: L1SORTV t=570 L=4345 mono=0 perm=0 giddiff=2748 tieok=10 | TOT t=2 recs=10432 monoT=0 permT=0 gidT=6451 tieokT=27
0:7-4:NC: L1SORTV t=120 L=3431 mono=0 perm=0 giddiff=2006 tieok=10 | TOT t=3 recs=14309 monoT=0 permT=0 gidT=8605 tieokT=36
0:7-7:NC: L1SORTV t=249 L=3165 mono=0 perm=0 giddiff=1885 tieok=7 | TOT t=3 recs=14166 monoT=0 permT=0 gidT=8023 tieokT=38
0:7-9:NC: L1SORTV t=71 L=3214 mono=0 perm=0 giddiff=1865 tieok=6 | TOT t=3 recs=14394 monoT=0 permT=0 gidT=8744 tieokT=26
0:8-0:NC: L1SORTV t=317 L=3295 mono=0 perm=0 giddiff=1873 tieok=11 | TOT t=3 recs=14605 monoT=0 permT=0 gidT=8201 tieokT=59
0:8-1:NC: L1SORTV t=121 L=3651 mono=0 perm=0 giddiff=2127 tieok=5 | TOT t=3 recs=15109 monoT=0 permT=0 gidT=8318 tieokT=33
0:8-4:NC: L1SORTV t=223 L=3415 mono=0 perm=0 giddiff=1930 tieok=6 | TOT t=3 recs=14832 monoT=0 permT=0 gidT=8190 tieokT=41
0:8-8:NC: L1SORTV t=680 L=3481 mono=0 perm=0 giddiff=2024 tieok=12 | TOT t=3 recs=15165 monoT=0 permT=0 gidT=8836 tieokT=71
0:9-2:NC: L1SORTV t=83 L=3303 mono=0 perm=0 giddiff=2034 tieok=10 | TOT t=3 recs=15257 monoT=0 permT=0 gidT=8535 tieokT=96
0:9-9:NC: L1SORTV t=710 L=2301 mono=0 perm=0 giddiff=1179 tieok=1 | TOT t=4 recs=18308 monoT=0 permT=0 gidT=10882 tieokT=36
0:10-0:NC: L1SORTV t=606 L=2438 mono=0 perm=0 giddiff=1383 tieok=5 | TOT t=4 recs=18347 monoT=0 permT=0 gidT=10957 tieokT=117
0:10-3:NC: L1SORTV t=608 L=2326 mono=0 perm=0 giddiff=1523 tieok=6 | TOT t=4 recs=18537 monoT=0 permT=0 gidT=10510 tieokT=68
0:10-4:NC: L1SORTV t=3 L=2259 mono=0 perm=0 giddiff=1536 tieok=1 | TOT t=4 recs=18562 monoT=0 permT=0 gidT=11052 tieokT=62
0:10-8:NC: L1SORTV t=549 L=2460 mono=0 perm=0 giddiff=1461 tieok=0 | TOT t=4 recs=18627 monoT=0 permT=0 gidT=11003 tieokT=48
0:10-9:NC: L1SORTV t=269 L=2257 mono=0 perm=0 giddiff=1347 tieok=5 | TOT t=4 recs=18694 monoT=0 permT=0 gidT=11523 tieokT=48
0:3-3:NC: L1SORTV t=401 L=5501 mono=0 perm=0 giddiff=3086 tieok=52 | TOT t=1 recs=5501 monoT=0 permT=0 gidT=3086 tieokT=52
0:3-4:NC: L1SORTV t=345 L=5585 mono=0 perm=0 giddiff=3540 tieok=15 | TOT t=1 recs=5585 monoT=0 permT=0 gidT=3540 tieokT=15
0:3-5:NC: L1SORTV t=379 L=5639 mono=0 perm=0 giddiff=3271 tieok=24 | TOT t=1 recs=5639 monoT=0 permT=0 gidT=3271 tieokT=24
0:3-6:NC: L1SORTV t=610 L=5623 mono=0 perm=0 giddiff=3623 tieok=16 | TOT t=1 recs=5623 monoT=0 permT=0 gidT=3623 tieokT=16
0:5-0:NC: L1SORTV t=731 L=4187 mono=0 perm=0 giddiff=2626 tieok=11 | TOT t=2 recs=10017 monoT=0 permT=0 gidT=5233 tieokT=38
0:5-2:NC: L1SORTV t=605 L=4132 mono=0 perm=0 giddiff=2314 tieok=6 | TOT t=2 recs=9991 monoT=0 permT=0 gidT=5941 tieokT=21
0:5-4:NC: L1SORTV t=222 L=4245 mono=0 perm=0 giddiff=2493 tieok=1 | TOT t=2 recs=10159 monoT=0 permT=0 gidT=5412 tieokT=11
0:5-5:NC: L1SORTV t=692 L=4285 mono=0 perm=0 giddiff=2300 tieok=5 | TOT t=2 recs=10338 monoT=0 permT=0 gidT=5674 tieokT=27
0:5-6:NC: L1SORTV t=697 L=4296 mono=0 perm=0 giddiff=2699 tieok=6 | TOT t=2 recs=10266 monoT=0 permT=0 gidT=5858 tieokT=51
0:6-7:NC: L1SORTV t=39 L=3189 mono=0 perm=0 giddiff=1982 tieok=12 | TOT t=3 recs=13967 monoT=0 permT=0 gidT=7450 tieokT=66
0:7-1:NC: L1SORTV t=717 L=3245 mono=0 perm=0 giddiff=1753 tieok=1 | TOT t=3 recs=14097 monoT=0 permT=0 gidT=8279 tieokT=45
0:7-2:NC: L1SORTV t=87 L=3248 mono=0 perm=0 giddiff=1974 tieok=7 | TOT t=3 recs=14018 monoT=0 permT=0 gidT=8299 tieokT=29
0:7-8:NC: L1SORTV t=383 L=3295 mono=0 perm=0 giddiff=2306 tieok=10 | TOT t=3 recs=14405 monoT=0 permT=0 gidT=8712 tieokT=65
0:8-3:NC: L1SORTV t=374 L=3565 mono=0 perm=0 giddiff=1953 tieok=0 | TOT t=3 recs=14914 monoT=0 permT=0 gidT=8081 tieokT=72
0:9-6:NC: L1SORTV t=189 L=2532 mono=0 perm=0 giddiff=1528 tieok=0 | TOT t=4 recs=17895 monoT=0 permT=0 gidT=11098 tieokT=84
0:9-7:NC: L1SORTV t=53 L=2381 mono=0 perm=0 giddiff=1423 tieok=10 | TOT t=4 recs=18037 monoT=0 permT=0 gidT=9716 tieokT=97
0:10-1:NC: L1SORTV t=56 L=2518 mono=0 perm=0 giddiff=1525 tieok=3 | TOT t=4 recs=18519 monoT=0 permT=0 gidT=11018 tieokT=68
0:10-5:NC: L1SORTV t=267 L=2350 mono=0 perm=0 giddiff=1280 tieok=6 | TOT t=4 recs=18765 monoT=0 permT=0 gidT=10892 tieokT=55
0:10-7:NC: L1SORTV t=755 L=2423 mono=0 perm=0 giddiff=1264 tieok=0 | TOT t=4 recs=18576 monoT=0 permT=0 gidT=11110 tieokT=52
0:2-8:NC: L1SORTV t=333 L=5571 mono=0 perm=0 giddiff=3394 tieok=41 | TOT t=1 recs=5571 monoT=0 permT=0 gidT=3394 tieokT=41
0:2-9:NC: L1SORTV t=439 L=5557 mono=0 perm=0 giddiff=3100 tieok=11 | TOT t=1 recs=5557 monoT=0 permT=0 gidT=3100 tieokT=11
0:3-0:NC: L1SORTV t=464 L=5450 mono=0 perm=0 giddiff=3113 tieok=41 | TOT t=1 recs=5450 monoT=0 permT=0 gidT=3113 tieokT=41
0:3-1:NC: L1SORTV t=471 L=5495 mono=0 perm=0 giddiff=2700 tieok=19 | TOT t=1 recs=5495 monoT=0 permT=0 gidT=2700 tieokT=19
0:3-2:NC: L1SORTV t=253 L=5462 mono=0 perm=0 giddiff=3243 tieok=4 | TOT t=1 recs=5462 monoT=0 permT=0 gidT=3243 tieokT=4
0:4-7:NC: L1SORTV t=431 L=4113 mono=0 perm=0 giddiff=2038 tieok=28 | TOT t=2 recs=9915 monoT=0 permT=0 gidT=4785 tieokT=80
0:4-8:NC: L1SORTV t=760 L=4118 mono=0 perm=0 giddiff=2433 tieok=5 | TOT t=2 recs=10034 monoT=0 permT=0 gidT=5651 tieokT=20
0:4-9:NC: L1SORTV t=362 L=4146 mono=0 perm=0 giddiff=2553 tieok=42 | TOT t=2 recs=10064 monoT=0 permT=0 gidT=6176 tieokT=91
0:6-2:NC: L1SORTV t=331 L=3085 mono=0 perm=0 giddiff=1858 tieok=22 | TOT t=3 recs=13630 monoT=0 permT=0 gidT=7870 tieokT=53
0:6-3:NC: L1SORTV t=248 L=3151 mono=0 perm=0 giddiff=1831 tieok=4 | TOT t=3 recs=13831 monoT=0 permT=0 gidT=7540 tieokT=48
0:6-9:NC: L1SORTV t=639 L=3255 mono=0 perm=0 giddiff=2030 tieok=3 | TOT t=3 recs=13967 monoT=0 permT=0 gidT=7798 tieokT=70
0:7-5:NC: L1SORTV t=247 L=3455 mono=0 perm=0 giddiff=1936 tieok=6 | TOT t=3 recs=14364 monoT=0 permT=0 gidT=8103 tieokT=89
0:7-6:NC: L1SORTV t=575 L=3242 mono=0 perm=0 giddiff=1934 tieok=7 | TOT t=3 recs=14418 monoT=0 permT=0 gidT=8505 tieokT=43
0:8-6:NC: L1SORTV t=714 L=2286 mono=0 perm=0 giddiff=1229 tieok=3 | TOT t=4 recs=17465 monoT=0 permT=0 gidT=10304 tieokT=40
0:8-9:NC: L1SORTV t=510 L=2372 mono=0 perm=0 giddiff=1305 tieok=5 | TOT t=4 recs=17500 monoT=0 permT=0 gidT=11049 tieokT=59
0:9-4:NC: L1SORTV t=234 L=2287 mono=0 perm=0 giddiff=1313 tieok=1 | TOT t=4 recs=17952 monoT=0 permT=0 gidT=10127 tieokT=53
0:9-5:NC: L1SORTV t=218 L=2314 mono=0 perm=0 giddiff=1323 tieok=0 | TOT t=4 recs=17724 monoT=0 permT=0 gidT=11385 tieokT=92
0:9-8:NC: L1SORTV t=35 L=2456 mono=0 perm=0 giddiff=1408 tieok=4 | TOT t=4 recs=18233 monoT=0 permT=0 gidT=10083 tieokT=83
0:10-2:NC: L1SORTV t=41 L=2575 mono=0 perm=0 giddiff=1583 tieok=14 | TOT t=4 recs=18645 monoT=0 permT=0 gidT=11494 tieokT=118
0:10-6:NC: L1SORTV t=214 L=2315 mono=0 perm=0 giddiff=1410 tieok=4 | TOT t=4 recs=18538 monoT=0 permT=0 gidT=10695 tieokT=68
0:2-6:NC: L1SORTV t=573 L=5567 mono=0 perm=0 giddiff=3426 tieok=7 | TOT t=1 recs=5567 monoT=0 permT=0 gidT=3426 tieokT=7
0:2-7:NC: L1SORTV t=569 L=5532 mono=0 perm=0 giddiff=3349 tieok=11 | TOT t=1 recs=5532 monoT=0 permT=0 gidT=3349 tieokT=11
0:4-3:NC: L1SORTV t=84 L=4149 mono=0 perm=0 giddiff=2692 tieok=31 | TOT t=2 recs=9836 monoT=0 permT=0 gidT=6213 tieokT=45
0:4-5:NC: L1SORTV t=445 L=4176 mono=0 perm=0 giddiff=2702 tieok=13 | TOT t=2 recs=10037 monoT=0 permT=0 gidT=6094 tieokT=17
0:4-6:NC: L1SORTV t=730 L=4099 mono=0 perm=0 giddiff=2498 tieok=10 | TOT t=2 recs=9962 monoT=0 permT=0 gidT=5869 tieokT=73
0:5-9:NC: L1SORTV t=16 L=3071 mono=0 perm=0 giddiff=2103 tieok=3 | TOT t=3 recs=13279 monoT=0 permT=0 gidT=7499 tieokT=43
0:6-0:NC: L1SORTV t=446 L=3062 mono=0 perm=0 giddiff=1913 tieok=3 | TOT t=3 recs=13434 monoT=0 permT=0 gidT=7301 tieokT=50
0:6-4:NC: L1SORTV t=153 L=3133 mono=0 perm=0 giddiff=1932 tieok=8 | TOT t=3 recs=13791 monoT=0 permT=0 gidT=8179 tieokT=38
0:6-5:NC: L1SORTV t=135 L=3142 mono=0 perm=0 giddiff=1812 tieok=8 | TOT t=3 recs=13717 monoT=0 permT=0 gidT=7795 tieokT=55
0:6-6:NC: L1SORTV t=246 L=3103 mono=0 perm=0 giddiff=2003 tieok=5 | TOT t=3 recs=13807 monoT=0 permT=0 gidT=7947 tieokT=55
0:7-3:NC: L1SORTV t=191 L=3258 mono=0 perm=0 giddiff=1921 tieok=3 | TOT t=3 recs=14188 monoT=0 permT=0 gidT=7873 tieokT=59
0:7-4:NC: L1SORTV t=301 L=2274 mono=0 perm=0 giddiff=1290 tieok=2 | TOT t=4 recs=16583 monoT=0 permT=0 gidT=9895 tieokT=38
0:7-7:NC: L1SORTV t=22 L=2515 mono=0 perm=0 giddiff=1657 tieok=5 | TOT t=4 recs=16681 monoT=0 permT=0 gidT=9680 tieokT=43
0:7-9:NC: L1SORTV t=15 L=2715 mono=0 perm=0 giddiff=1807 tieok=8 | TOT t=4 recs=17109 monoT=0 permT=0 gidT=10551 tieokT=34
0:8-0:NC: L1SORTV t=372 L=2489 mono=0 perm=0 giddiff=1381 tieok=4 | TOT t=4 recs=17094 monoT=0 permT=0 gidT=9582 tieokT=63
0:8-2:NC: L1SORTV t=152 L=2580 mono=0 perm=0 giddiff=1422 tieok=5 | TOT t=4 recs=17303 monoT=0 permT=0 gidT=10283 tieokT=45
0:8-5:NC: L1SORTV t=106 L=2363 mono=0 perm=0 giddiff=1387 tieok=8 | TOT t=4 recs=17308 monoT=0 permT=0 gidT=9690 tieokT=40
0:8-7:NC: L1SORTV t=240 L=2624 mono=0 perm=0 giddiff=1545 tieok=9 | TOT t=4 recs=17404 monoT=0 permT=0 gidT=9923 tieokT=86
0:8-8:NC: L1SORTV t=55 L=2418 mono=0 perm=0 giddiff=1389 tieok=5 | TOT t=4 recs=17583 monoT=0 permT=0 gidT=10225 tieokT=76
0:9-0:NC: L1SORTV t=26 L=2291 mono=0 perm=0 giddiff=1537 tieok=1 | TOT t=4 recs=17581 monoT=0 permT=0 gidT=11148 tieokT=41
0:9-1:NC: L1SORTV t=9 L=2324 mono=0 perm=0 giddiff=1606 tieok=13 | TOT t=4 recs=17650 monoT=0 permT=0 gidT=10737 tieokT=78
0:9-2:NC: L1SORTV t=281 L=2457 mono=0 perm=0 giddiff=1426 tieok=9 | TOT t=4 recs=17714 monoT=0 permT=0 gidT=9961 tieokT=105
0:9-3:NC: L1SORTV t=123 L=2246 mono=0 perm=0 giddiff=1341 tieok=2 | TOT t=4 recs=17804 monoT=0 permT=0 gidT=10624 tieokT=51
0:2-3:NC: L1SORTV t=462 L=5427 mono=0 perm=0 giddiff=2817 tieok=29 | TOT t=1 recs=5427 monoT=0 permT=0 gidT=2817 tieokT=29
0:2-4:NC: L1SORTV t=643 L=5398 mono=0 perm=0 giddiff=3017 tieok=11 | TOT t=1 recs=5398 monoT=0 permT=0 gidT=3017 tieokT=11
0:2-5:NC: L1SORTV t=408 L=5565 mono=0 perm=0 giddiff=3102 tieok=8 | TOT t=1 recs=5565 monoT=0 permT=0 gidT=3102 tieokT=8
0:4-0:NC: L1SORTV t=412 L=4085 mono=0 perm=0 giddiff=2228 tieok=9 | TOT t=2 recs=9689 monoT=0 permT=0 gidT=5675 tieokT=26
0:4-1:NC: L1SORTV t=701 L=4163 mono=0 perm=0 giddiff=2514 tieok=21 | TOT t=2 recs=9903 monoT=0 permT=0 gidT=6003 tieokT=53
0:4-4:NC: L1SORTV t=284 L=4135 mono=0 perm=0 giddiff=2279 tieok=8 | TOT t=2 recs=9902 monoT=0 permT=0 gidT=5660 tieokT=26
0:5-1:NC: L1SORTV t=404 L=4165 mono=0 perm=0 giddiff=2342 tieok=4 | TOT t=2 recs=10096 monoT=0 permT=0 gidT=5661 tieokT=71
0:5-3:NC: L1SORTV t=216 L=2973 mono=0 perm=0 giddiff=1727 tieok=6 | TOT t=3 recs=13003 monoT=0 permT=0 gidT=7787 tieokT=29
0:5-7:NC: L1SORTV t=168 L=3117 mono=0 perm=0 giddiff=1802 tieok=2 | TOT t=3 recs=13316 monoT=0 permT=0 gidT=7779 tieokT=22
0:5-8:NC: L1SORTV t=271 L=3124 mono=0 perm=0 giddiff=1798 tieok=4 | TOT t=3 recs=13484 monoT=0 permT=0 gidT=7847 tieokT=43
0:6-1:NC: L1SORTV t=220 L=3100 mono=0 perm=0 giddiff=1993 tieok=8 | TOT t=3 recs=13532 monoT=0 permT=0 gidT=8444 tieokT=35
0:6-7:NC: L1SORTV t=748 L=2362 mono=0 perm=0 giddiff=1256 tieok=4 | TOT t=4 recs=16329 monoT=0 permT=0 gidT=8706 tieokT=70
0:6-8:NC: L1SORTV t=359 L=3152 mono=0 perm=0 giddiff=2204 tieok=39 | TOT t=3 recs=13864 monoT=0 permT=0 gidT=8024 tieokT=157
0:7-0:NC: L1SORTV t=308 L=3297 mono=0 perm=0 giddiff=1735 tieok=3 | TOT t=3 recs=14169 monoT=0 permT=0 gidT=7789 tieokT=40
0:7-1:NC: L1SORTV t=134 L=2621 mono=0 perm=0 giddiff=1418 tieok=4 | TOT t=4 recs=16718 monoT=0 permT=0 gidT=9697 tieokT=49
0:7-2:NC: L1SORTV t=23 L=2595 mono=0 perm=0 giddiff=1806 tieok=4 | TOT t=4 recs=16613 monoT=0 permT=0 gidT=10105 tieokT=33
0:7-8:NC: L1SORTV t=208 L=2473 mono=0 perm=0 giddiff=1469 tieok=8 | TOT t=4 recs=16878 monoT=0 permT=0 gidT=10181 tieokT=73
0:8-1:NC: L1SORTV t=243 L=2222 mono=0 perm=0 giddiff=1265 tieok=3 | TOT t=4 recs=17331 monoT=0 permT=0 gidT=9583 tieokT=36
0:8-4:NC: L1SORTV t=154 L=2330 mono=0 perm=0 giddiff=1407 tieok=2 | TOT t=4 recs=17162 monoT=0 permT=0 gidT=9597 tieokT=43
0:2-1:NC: L1SORTV t=368 L=5435 mono=0 perm=0 giddiff=1953 tieok=22 | TOT t=1 recs=5435 monoT=0 permT=0 gidT=1953 tieokT=22
0:2-2:NC: L1SORTV t=307 L=5510 mono=0 perm=0 giddiff=3157 tieok=15 | TOT t=1 recs=5510 monoT=0 permT=0 gidT=3157 tieokT=15
0:3-8:NC: L1SORTV t=400 L=4064 mono=0 perm=0 giddiff=2280 tieok=17 | TOT t=2 recs=9735 monoT=0 permT=0 gidT=5775 tieokT=29
0:4-2:NC: L1SORTV t=518 L=4163 mono=0 perm=0 giddiff=2374 tieok=28 | TOT t=2 recs=9835 monoT=0 permT=0 gidT=5373 tieokT=65
0:5-0:NC: L1SORTV t=391 L=2892 mono=0 perm=0 giddiff=1617 tieok=14 | TOT t=3 recs=12909 monoT=0 permT=0 gidT=6850 tieokT=52
0:5-2:NC: L1SORTV t=6 L=2989 mono=0 perm=0 giddiff=2004 tieok=5 | TOT t=3 recs=12980 monoT=0 permT=0 gidT=7945 tieokT=26
0:5-4:NC: L1SORTV t=14 L=3005 mono=0 perm=0 giddiff=2066 tieok=6 | TOT t=3 recs=13164 monoT=0 permT=0 gidT=7478 tieokT=17
0:5-5:NC: L1SORTV t=101 L=3045 mono=0 perm=0 giddiff=1734 tieok=8 | TOT t=3 recs=13383 monoT=0 permT=0 gidT=7408 tieokT=35
0:5-6:NC: L1SORTV t=236 L=2976 mono=0 perm=0 giddiff=1844 tieok=10 | TOT t=3 recs=13242 monoT=0 permT=0 gidT=7702 tieokT=61
0:6-2:NC: L1SORTV t=413 L=2284 mono=0 perm=0 giddiff=1430 tieok=10 | TOT t=4 recs=15914 monoT=0 permT=0 gidT=9300 tieokT=63
0:6-3:NC: L1SORTV t=542 L=2410 mono=0 perm=0 giddiff=1503 tieok=9 | TOT t=4 recs=16241 monoT=0 permT=0 gidT=9043 tieokT=57
0:6-9:NC: L1SORTV t=4 L=2566 mono=0 perm=0 giddiff=1708 tieok=0 | TOT t=4 recs=16533 monoT=0 permT=0 gidT=9506 tieokT=70
0:7-5:NC: L1SORTV t=279 L=2367 mono=0 perm=0 giddiff=1325 tieok=5 | TOT t=4 recs=16731 monoT=0 permT=0 gidT=9428 tieokT=94
0:7-6:NC: L1SORTV t=734 L=2573 mono=0 perm=0 giddiff=1355 tieok=0 | TOT t=4 recs=16991 monoT=0 permT=0 gidT=9860 tieokT=43
0:8-3:NC: L1SORTV t=447 L=2381 mono=0 perm=0 giddiff=1530 tieok=5 | TOT t=4 recs=17295 monoT=0 permT=0 gidT=9611 tieokT=77
0:10-0:NC: L1SORTV t=873 L=234 mono=0 perm=0 giddiff=52 tieok=0 | TOT t=8 recs=21533 monoT=0 permT=0 gidT=12685 tieokT=121
0:1-7:NC: L1SORTV t=652 L=5285 mono=0 perm=0 giddiff=3211 tieok=8 | TOT t=1 recs=5285 monoT=0 permT=0 gidT=3211 tieokT=8
0:1-8:NC: L1SORTV t=473 L=5315 mono=0 perm=0 giddiff=2614 tieok=18 | TOT t=1 recs=5315 monoT=0 permT=0 gidT=2614 tieokT=18
0:1-9:NC: L1SORTV t=567 L=5361 mono=0 perm=0 giddiff=3235 tieok=9 | TOT t=1 recs=5361 monoT=0 permT=0 gidT=3235 tieokT=9
0:2-0:NC: L1SORTV t=506 L=5341 mono=0 perm=0 giddiff=2833 tieok=10 | TOT t=1 recs=5341 monoT=0 permT=0 gidT=2833 tieokT=10
0:3-4:NC: L1SORTV t=693 L=4024 mono=0 perm=0 giddiff=2263 tieok=4 | TOT t=2 recs=9609 monoT=0 permT=0 gidT=5803 tieokT=19
0:3-5:NC: L1SORTV t=89 L=4033 mono=0 perm=0 giddiff=2370 tieok=7 | TOT t=2 recs=9672 monoT=0 permT=0 gidT=5641 tieokT=31
0:3-6:NC: L1SORTV t=376 L=4092 mono=0 perm=0 giddiff=2402 tieok=10 | TOT t=2 recs=9715 monoT=0 permT=0 gidT=6025 tieokT=26
0:3-7:NC: L1SORTV t=682 L=4036 mono=0 perm=0 giddiff=2426 tieok=9 | TOT t=2 recs=9681 monoT=0 permT=0 gidT=5823 tieokT=45
0:3-9:NC: L1SORTV t=406 L=4059 mono=0 perm=0 giddiff=2087 tieok=18 | TOT t=2 recs=9698 monoT=0 permT=0 gidT=5378 tieokT=41
0:4-8:NC: L1SORTV t=73 L=2933 mono=0 perm=0 giddiff=1814 tieok=18 | TOT t=3 recs=12967 monoT=0 permT=0 gidT=7465 tieokT=38
0:4-9:NC: L1SORTV t=270 L=2874 mono=0 perm=0 giddiff=1741 tieok=5 | TOT t=3 recs=12938 monoT=0 permT=0 gidT=7917 tieokT=96
0:5-9:NC: L1SORTV t=728 L=2181 mono=0 perm=0 giddiff=1281 tieok=7 | TOT t=4 recs=15460 monoT=0 permT=0 gidT=8780 tieokT=50
0:6-0:NC: L1SORTV t=18 L=2185 mono=0 perm=0 giddiff=1450 tieok=8 | TOT t=4 recs=15619 monoT=0 permT=0 gidT=8751 tieokT=58
0:6-4:NC: L1SORTV t=486 L=2392 mono=0 perm=0 giddiff=1471 tieok=10 | TOT t=4 recs=16183 monoT=0 permT=0 gidT=9650 tieokT=48
0:6-5:NC: L1SORTV t=711 L=2292 mono=0 perm=0 giddiff=1216 tieok=1 | TOT t=4 recs=16009 monoT=0 permT=0 gidT=9011 tieokT=56
0:6-6:NC: L1SORTV t=238 L=2449 mono=0 perm=0 giddiff=1467 tieok=2 | TOT t=4 recs=16256 monoT=0 permT=0 gidT=9414 tieokT=57
0:7-3:NC: L1SORTV t=136 L=2604 mono=0 perm=0 giddiff=1550 tieok=6 | TOT t=4 recs=16792 monoT=0 permT=0 gidT=9423 tieokT=65
0:9-6:NC: L1SORTV t=815 L=233 mono=0 perm=0 giddiff=57 tieok=2 | TOT t=8 recs=21206 monoT=0 permT=0 gidT=12778 tieokT=88
0:9-7:NC: L1SORTV t=987 L=141 mono=0 perm=0 giddiff=2 tieok=0 | TOT t=9 recs=21494 monoT=0 permT=0 gidT=11317 tieokT=99
0:9-9:NC: L1SORTV t=982 L=150 mono=0 perm=0 giddiff=22 tieok=0 | TOT t=9 recs=21978 monoT=0 permT=0 gidT=12943 tieokT=40
0:10-3:NC: L1SORTV t=885 L=135 mono=0 perm=0 giddiff=16 tieok=0 | TOT t=9 recs=22124 monoT=0 permT=0 gidT=12342 tieokT=69
0:10-4:NC: L1SORTV t=1007 L=116 mono=0 perm=0 giddiff=0 tieok=0 | TOT t=9 recs=22093 monoT=0 permT=0 gidT=12618 tieokT=64
0:10-5:NC: L1SORTV t=985 L=144 mono=0 perm=0 giddiff=17 tieok=0 | TOT t=9 recs=22138 monoT=0 permT=0 gidT=12593 tieokT=62
0:10-7:NC: L1SORTV t=839 L=246 mono=0 perm=0 giddiff=59 tieok=0 | TOT t=8 recs=21832 monoT=0 permT=0 gidT=12752 tieokT=58
0:10-8:NC: L1SORTV t=897 L=240 mono=0 perm=0 giddiff=48 tieok=0 | TOT t=8 recs=21837 monoT=0 permT=0 gidT=12556 tieokT=53
0:10-9:NC: L1SORTV t=929 L=138 mono=0 perm=0 giddiff=15 tieok=0 | TOT t=9 recs=22153 monoT=0 permT=0 gidT=13256 tieokT=49
0:1-3:NC: L1SORTV t=466 L=5168 mono=0 perm=0 giddiff=2375 tieok=19 | TOT t=1 recs=5168 monoT=0 permT=0 gidT=2375 tieokT=19
0:1-5:NC: L1SORTV t=571 L=5208 mono=0 perm=0 giddiff=3056 tieok=11 | TOT t=1 recs=5208 monoT=0 permT=0 gidT=3056 tieokT=11
0:1-6:NC: L1SORTV t=392 L=5277 mono=0 perm=0 giddiff=2993 tieok=34 | TOT t=1 recs=5277 monoT=0 permT=0 gidT=2993 tieokT=34
0:2-8:NC: L1SORTV t=699 L=3884 mono=0 perm=0 giddiff=2421 tieok=5 | TOT t=2 recs=9455 monoT=0 permT=0 gidT=5815 tieokT=46
0:3-0:NC: L1SORTV t=319 L=3991 mono=0 perm=0 giddiff=2507 tieok=12 | TOT t=2 recs=9441 monoT=0 permT=0 gidT=5620 tieokT=53
0:3-1:NC: L1SORTV t=119 L=3975 mono=0 perm=0 giddiff=2467 tieok=9 | TOT t=2 recs=9470 monoT=0 permT=0 gidT=5167 tieokT=28
0:3-2:NC: L1SORTV t=733 L=3882 mono=0 perm=0 giddiff=2297 tieok=7 | TOT t=2 recs=9344 monoT=0 permT=0 gidT=5540 tieokT=11
0:3-3:NC: L1SORTV t=407 L=3969 mono=0 perm=0 giddiff=2024 tieok=10 | TOT t=2 recs=9470 monoT=0 permT=0 gidT=5110 tieokT=62
0:4-3:NC: L1SORTV t=116 L=2884 mono=0 perm=0 giddiff=1632 tieok=14 | TOT t=3 recs=12720 monoT=0 permT=0 gidT=7845 tieokT=59
0:4-5:NC: L1SORTV t=104 L=2955 mono=0 perm=0 giddiff=1800 tieok=7 | TOT t=3 recs=12992 monoT=0 permT=0 gidT=7894 tieokT=24
0:4-6:NC: L1SORTV t=151 L=2917 mono=0 perm=0 giddiff=1825 tieok=6 | TOT t=3 recs=12879 monoT=0 permT=0 gidT=7694 tieokT=79
0:4-7:NC: L1SORTV t=217 L=2974 mono=0 perm=0 giddiff=1778 tieok=3 | TOT t=3 recs=12889 monoT=0 permT=0 gidT=6563 tieokT=83
0:5-3:NC: L1SORTV t=137 L=2190 mono=0 perm=0 giddiff=1306 tieok=4 | TOT t=4 recs=15193 monoT=0 permT=0 gidT=9093 tieokT=33
0:5-7:NC: L1SORTV t=210 L=2309 mono=0 perm=0 giddiff=1399 tieok=0 | TOT t=4 recs=15625 monoT=0 permT=0 gidT=9178 tieokT=22
0:5-8:NC: L1SORTV t=91 L=2172 mono=0 perm=0 giddiff=1394 tieok=0 | TOT t=4 recs=15656 monoT=0 permT=0 gidT=9241 tieokT=43
0:6-1:NC: L1SORTV t=303 L=2206 mono=0 perm=0 giddiff=1239 tieok=1 | TOT t=4 recs=15738 monoT=0 permT=0 gidT=9683 tieokT=36
0:6-8:NC: L1SORTV t=276 L=2383 mono=0 perm=0 giddiff=1299 tieok=1 | TOT t=4 recs=16247 monoT=0 permT=0 gidT=9323 tieokT=158
0:7-0:NC: L1SORTV t=51 L=2576 mono=0 perm=0 giddiff=1623 tieok=10 | TOT t=4 recs=16745 monoT=0 permT=0 gidT=9412 tieokT=50
0:9-4:NC: L1SORTV t=856 L=279 mono=0 perm=0 giddiff=72 tieok=0 | TOT t=8 recs=20962 monoT=0 permT=0 gidT=11667 tieokT=57
0:10-1:NC: L1SORTV t=918 L=136 mono=0 perm=0 giddiff=15 tieok=0 | TOT t=9 recs=21814 monoT=0 permT=0 gidT=12541 tieokT=71
0:10-2:NC: L1SORTV t=917 L=138 mono=0 perm=0 giddiff=17 tieok=0 | TOT t=9 recs=21754 monoT=0 permT=0 gidT=12982 tieokT=125
0:1-4:NC: L1SORTV t=252 L=5239 mono=0 perm=0 giddiff=3245 tieok=11 | TOT t=1 recs=5239 monoT=0 permT=0 gidT=3245 tieokT=11
0:2-6:NC: L1SORTV t=757 L=3813 mono=0 perm=0 giddiff=2192 tieok=4 | TOT t=2 recs=9380 monoT=0 permT=0 gidT=5618 tieokT=11
0:2-7:NC: L1SORTV t=716 L=3923 mono=0 perm=0 giddiff=2242 tieok=9 | TOT t=2 recs=9455 monoT=0 permT=0 gidT=5591 tieokT=20
0:2-9:NC: L1SORTV t=338 L=3860 mono=0 perm=0 giddiff=2363 tieok=34 | TOT t=2 recs=9417 monoT=0 permT=0 gidT=5463 tieokT=45
0:4-1:NC: L1SORTV t=415 L=2884 mono=0 perm=0 giddiff=1938 tieok=6 | TOT t=3 recs=12787 monoT=0 permT=0 gidT=7941 tieokT=59
0:4-4:NC: L1SORTV t=190 L=2966 mono=0 perm=0 giddiff=1841 tieok=1 | TOT t=3 recs=12868 monoT=0 permT=0 gidT=7501 tieokT=27
0:5-0:NC: L1SORTV t=58 L=2129 mono=0 perm=0 giddiff=1162 tieok=0 | TOT t=4 recs=15038 monoT=0 permT=0 gidT=8012 tieokT=52
0:5-1:NC: L1SORTV t=287 L=3000 mono=0 perm=0 giddiff=1895 tieok=10 | TOT t=3 recs=13096 monoT=0 permT=0 gidT=7556 tieokT=81
0:5-2:NC: L1SORTV t=713 L=2184 mono=0 perm=0 giddiff=1171 tieok=5 | TOT t=4 recs=15164 monoT=0 permT=0 gidT=9116 tieokT=31
0:5-4:NC: L1SORTV t=74 L=2160 mono=0 perm=0 giddiff=1238 tieok=9 | TOT t=4 recs=15324 monoT=0 permT=0 gidT=8716 tieokT=26
0:5-5:NC: L1SORTV t=751 L=2126 mono=0 perm=0 giddiff=1211 tieok=0 | TOT t=4 recs=15509 monoT=0 permT=0 gidT=8619 tieokT=35
0:5-6:NC: L1SORTV t=124 L=2193 mono=0 perm=0 giddiff=1324 tieok=5 | TOT t=4 recs=15435 monoT=0 permT=0 gidT=9026 tieokT=66
0:8-2:NC: L1SORTV t=840 L=229 mono=0 perm=0 giddiff=40 tieok=0 | TOT t=8 recs=20528 monoT=0 permT=0 gidT=11670 tieokT=49
0:8-5:NC: L1SORTV t=146 L=303 mono=0 perm=0 giddiff=74 tieok=0 | TOT t=8 recs=20395 monoT=0 permT=0 gidT=11095 tieokT=47
0:8-6:NC: L1SORTV t=949 L=163 mono=0 perm=0 giddiff=32 tieok=0 | TOT t=9 recs=20764 monoT=0 permT=0 gidT=11974 tieokT=46
0:8-8:NC: L1SORTV t=886 L=147 mono=0 perm=0 giddiff=15 tieok=0 | TOT t=9 recs=20863 monoT=0 permT=0 gidT=11863 tieokT=78
0:8-9:NC: L1SORTV t=989 L=161 mono=0 perm=0 giddiff=11 tieok=0 | TOT t=9 recs=21236 monoT=0 permT=0 gidT=13117 tieokT=61
0:9-1:NC: L1SORTV t=962 L=136 mono=0 perm=0 giddiff=12 tieok=0 | TOT t=9 recs=21041 monoT=0 permT=0 gidT=12309 tieokT=80
0:9-2:NC: L1SORTV t=932 L=236 mono=0 perm=0 giddiff=47 tieok=0 | TOT t=8 recs=21050 monoT=0 permT=0 gidT=11733 tieokT=106
0:9-5:NC: L1SORTV t=952 L=217 mono=0 perm=0 giddiff=33 tieok=0 | TOT t=8 recs=21016 monoT=0 permT=0 gidT=12944 tieokT=95
0:9-8:NC: L1SORTV t=810 L=311 mono=0 perm=0 giddiff=87 tieok=0 | TOT t=8 recs=21573 monoT=0 permT=0 gidT=11721 tieokT=83
0:10-6:NC: L1SORTV t=768 L=182 mono=0 perm=0 giddiff=72 tieok=0 | TOT t=9 recs=22114 monoT=0 permT=0 gidT=12647 tieokT=70
0:1-0:NC: L1SORTV t=658 L=5130 mono=0 perm=0 giddiff=3119 tieok=20 | TOT t=1 recs=5130 monoT=0 permT=0 gidT=3119 tieokT=20
0:1-1:NC: L1SORTV t=475 L=5113 mono=0 perm=0 giddiff=2829 tieok=28 | TOT t=1 recs=5113 monoT=0 permT=0 gidT=2829 tieokT=28
0:1-2:NC: L1SORTV t=550 L=5093 mono=0 perm=0 giddiff=3088 tieok=18 | TOT t=1 recs=5093 monoT=0 permT=0 gidT=3088 tieokT=18
0:2-1:NC: L1SORTV t=696 L=3755 mono=0 perm=0 giddiff=2290 tieok=16 | TOT t=2 recs=9190 monoT=0 permT=0 gidT=4243 tieokT=38
0:2-4:NC: L1SORTV t=700 L=3789 mono=0 perm=0 giddiff=2328 tieok=4 | TOT t=2 recs=9187 monoT=0 permT=0 gidT=5345 tieokT=15
0:2-5:NC: L1SORTV t=477 L=3853 mono=0 perm=0 giddiff=2346 tieok=7 | TOT t=2 recs=9418 monoT=0 permT=0 gidT=5448 tieokT=15
0:3-7:NC: L1SORTV t=49 L=2905 mono=0 perm=0 giddiff=1775 tieok=11 | TOT t=3 recs=12586 monoT=0 permT=0 gidT=7598 tieokT=56
0:3-8:NC: L1SORTV t=350 L=3023 mono=0 perm=0 giddiff=1863 tieok=18 | TOT t=3 recs=12758 monoT=0 permT=0 gidT=7638 tieokT=47
0:4-0:NC: L1SORTV t=349 L=2899 mono=0 perm=0 giddiff=1678 tieok=9 | TOT t=3 recs=12588 monoT=0 permT=0 gidT=7353 tieokT=35
0:4-2:NC: L1SORTV t=727 L=2969 mono=0 perm=0 giddiff=1691 tieok=14 | TOT t=3 recs=12804 monoT=0 permT=0 gidT=7064 tieokT=79
0:4-8:NC: L1SORTV t=207 L=2256 mono=0 perm=0 giddiff=1411 tieok=10 | TOT t=4 recs=15223 monoT=0 permT=0 gidT=8876 tieokT=48
0:4-9:NC: L1SORTV t=543 L=2060 mono=0 perm=0 giddiff=1315 tieok=7 | TOT t=4 recs=14998 monoT=0 permT=0 gidT=9232 tieokT=103
0:7-2:NC: L1SORTV t=960 L=152 mono=0 perm=0 giddiff=39 tieok=0 | TOT t=9 recs=20164 monoT=0 permT=0 gidT=12012 tieokT=33
0:7-4:NC: L1SORTV t=963 L=181 mono=0 perm=0 giddiff=19 tieok=0 | TOT t=9 recs=20234 monoT=0 permT=0 gidT=11451 tieokT=42
0:7-7:NC: L1SORTV t=930 L=157 mono=0 perm=0 giddiff=12 tieok=0 | TOT t=9 recs=20265 monoT=0 permT=0 gidT=11375 tieokT=46
0:7-9:NC: L1SORTV t=114 L=197 mono=0 perm=0 giddiff=37 tieok=0 | TOT t=9 recs=20658 monoT=0 permT=0 gidT=12382 tieokT=42
0:8-0:NC: L1SORTV t=841 L=211 mono=0 perm=0 giddiff=49 tieok=0 | TOT t=8 recs=20438 monoT=0 permT=0 gidT=11104 tieokT=63
0:8-1:NC: L1SORTV t=845 L=215 mono=0 perm=0 giddiff=55 tieok=0 | TOT t=9 recs=20890 monoT=0 permT=0 gidT=11409 tieokT=45
0:8-4:NC: L1SORTV t=942 L=245 mono=0 perm=0 giddiff=59 tieok=0 | TOT t=8 recs=20410 monoT=0 permT=0 gidT=11276 tieokT=45
0:8-7:NC: L1SORTV t=928 L=155 mono=0 perm=0 giddiff=36 tieok=0 | TOT t=9 recs=20771 monoT=0 permT=0 gidT=11586 tieokT=86
0:9-0:NC: L1SORTV t=961 L=127 mono=0 perm=0 giddiff=16 tieok=0 | TOT t=9 recs=21066 monoT=0 permT=0 gidT=12882 tieokT=48
0:9-3:NC: L1SORTV t=988 L=150 mono=0 perm=0 giddiff=11 tieok=0 | TOT t=9 recs=21450 monoT=0 permT=0 gidT=12293 tieokT=51
0:0-8:NC: L1SORTV t=283 L=4987 mono=0 perm=0 giddiff=3045 tieok=1 | TOT t=1 recs=4987 monoT=0 permT=0 gidT=3045 tieokT=1
0:0-9:NC: L1SORTV t=644 L=5070 mono=0 perm=0 giddiff=2921 tieok=5 | TOT t=1 recs=5070 monoT=0 permT=0 gidT=2921 tieokT=5
0:1-7:NC: L1SORTV t=574 L=3778 mono=0 perm=0 giddiff=2314 tieok=2 | TOT t=2 recs=9063 monoT=0 permT=0 gidT=5525 tieokT=10
0:1-8:NC: L1SORTV t=683 L=3791 mono=0 perm=0 giddiff=2286 tieok=2 | TOT t=2 recs=9106 monoT=0 permT=0 gidT=4900 tieokT=20
0:1-9:NC: L1SORTV t=719 L=3757 mono=0 perm=0 giddiff=2225 tieok=7 | TOT t=2 recs=9118 monoT=0 permT=0 gidT=5460 tieokT=16
0:2-2:NC: L1SORTV t=285 L=3840 mono=0 perm=0 giddiff=2247 tieok=10 | TOT t=2 recs=9350 monoT=0 permT=0 gidT=5404 tieokT=25
0:2-3:NC: L1SORTV t=305 L=3814 mono=0 perm=0 giddiff=2269 tieok=8 | TOT t=2 recs=9241 monoT=0 permT=0 gidT=5086 tieokT=37
0:2-8:NC: L1SORTV t=54 L=2735 mono=0 perm=0 giddiff=1665 tieok=7 | TOT t=3 recs=12190 monoT=0 permT=0 gidT=7480 tieokT=53
0:3-0:NC: L1SORTV t=312 L=2794 mono=0 perm=0 giddiff=1786 tieok=13 | TOT t=3 recs=12235 monoT=0 permT=0 gidT=7406 tieokT=66
0:3-1:NC: L1SORTV t=676 L=2761 mono=0 perm=0 giddiff=1543 tieok=2 | TOT t=3 recs=12231 monoT=0 permT=0 gidT=6710 tieokT=30
0:3-2:NC: L1SORTV t=187 L=2799 mono=0 perm=0 giddiff=1620 tieok=2 | TOT t=3 recs=12143 monoT=0 permT=0 gidT=7160 tieokT=13
0:3-4:NC: L1SORTV t=118 L=2828 mono=0 perm=0 giddiff=1628 tieok=12 | TOT t=3 recs=12437 monoT=0 permT=0 gidT=7431 tieokT=31
0:3-5:NC: L1SORTV t=371 L=2783 mono=0 perm=0 giddiff=1600 tieok=7 | TOT t=3 recs=12455 monoT=0 permT=0 gidT=7241 tieokT=38
0:3-6:NC: L1SORTV t=360 L=2827 mono=0 perm=0 giddiff=1738 tieok=9 | TOT t=3 recs=12542 monoT=0 permT=0 gidT=7763 tieokT=35
0:3-9:NC: L1SORTV t=219 L=2885 mono=0 perm=0 giddiff=1771 tieok=9 | TOT t=3 recs=12583 monoT=0 permT=0 gidT=7149 tieokT=50
0:4-1:NC: L1SORTV t=140 L=2160 mono=0 perm=0 giddiff=1377 tieok=15 | TOT t=4 recs=14947 monoT=0 permT=0 gidT=9318 tieokT=74
0:4-3:NC: L1SORTV t=712 L=2166 mono=0 perm=0 giddiff=1174 tieok=2 | TOT t=4 recs=14886 monoT=0 permT=0 gidT=9019 tieokT=61
0:4-5:NC: L1SORTV t=767 L=2079 mono=0 perm=0 giddiff=1116 tieok=4 | TOT t=4 recs=15071 monoT=0 permT=0 gidT=9010 tieokT=28
0:4-6:NC: L1SORTV t=186 L=2197 mono=0 perm=0 giddiff=1298 tieok=0 | TOT t=4 recs=15076 monoT=0 permT=0 gidT=8992 tieokT=79
0:4-7:NC: L1SORTV t=791 L=2093 mono=0 perm=0 giddiff=998 tieok=1 | TOT t=4 recs=14982 monoT=0 permT=0 gidT=7561 tieokT=84
0:6-3:NC: L1SORTV t=1016 L=98 mono=0 perm=0 giddiff=3 tieok=0 | TOT t=9 recs=19569 monoT=0 permT=0 gidT=10669 tieokT=59
0:6-7:NC: L1SORTV t=323 L=244 mono=0 perm=0 giddiff=65 tieok=0 | TOT t=8 recs=19408 monoT=0 permT=0 gidT=10302 tieokT=73
0:6-9:NC: L1SORTV t=147 L=316 mono=0 perm=0 giddiff=80 tieok=0 | TOT t=8 recs=19844 monoT=0 permT=0 gidT=11058 tieokT=73
0:7-1:NC: L1SORTV t=290 L=254 mono=0 perm=0 giddiff=76 tieok=0 | TOT t=8 recs=19999 monoT=0 permT=0 gidT=11297 tieokT=59
0:7-5:NC: L1SORTV t=934 L=222 mono=0 perm=0 giddiff=29 tieok=0 | TOT t=8 recs=19713 monoT=0 permT=0 gidT=10806 tieokT=97
0:7-8:NC: L1SORTV t=880 L=201 mono=0 perm=0 giddiff=43 tieok=0 | TOT t=8 recs=20049 monoT=0 permT=0 gidT=11626 tieokT=76
0:8-3:NC: L1SORTV t=983 L=168 mono=0 perm=0 giddiff=22 tieok=0 | TOT t=9 recs=20710 monoT=0 permT=0 gidT=11201 tieokT=84
0:1-5:NC: L1SORTV t=19 L=3682 mono=0 perm=0 giddiff=2570 tieok=11 | TOT t=2 recs=8890 monoT=0 permT=0 gidT=5626 tieokT=22
0:2-0:NC: L1SORTV t=761 L=3850 mono=0 perm=0 giddiff=2155 tieok=9 | TOT t=2 recs=9191 monoT=0 permT=0 gidT=4988 tieokT=19
0:2-7:NC: L1SORTV t=36 L=2778 mono=0 perm=0 giddiff=1529 tieok=2 | TOT t=3 recs=12233 monoT=0 permT=0 gidT=7120 tieokT=22
0:3-3:NC: L1SORTV t=20 L=2826 mono=0 perm=0 giddiff=1885 tieok=2 | TOT t=3 recs=12296 monoT=0 permT=0 gidT=6995 tieokT=64
0:3-8:NC: L1SORTV t=155 L=2208 mono=0 perm=0 giddiff=1323 tieok=2 | TOT t=4 recs=14966 monoT=0 permT=0 gidT=8961 tieokT=49
0:4-0:NC: L1SORTV t=330 L=2153 mono=0 perm=0 giddiff=1366 tieok=19 | TOT t=4 recs=14741 monoT=0 permT=0 gidT=8719 tieokT=54
0:4-4:NC: L1SORTV t=766 L=2106 mono=0 perm=0 giddiff=1019 tieok=2 | TOT t=4 recs=14974 monoT=0 permT=0 gidT=8520 tieokT=29
0:5-1:NC: L1SORTV t=231 L=2292 mono=0 perm=0 giddiff=1300 tieok=3 | TOT t=4 recs=15388 monoT=0 permT=0 gidT=8856 tieokT=84
0:5-9:NC: L1SORTV t=1012 L=104 mono=0 perm=0 giddiff=14 tieok=0 | TOT t=9 recs=18719 monoT=0 permT=0 gidT=10631 tieokT=52
0:6-0:NC: L1SORTV t=1011 L=98 mono=0 perm=0 giddiff=7 tieok=0 | TOT t=9 recs=18963 monoT=0 permT=0 gidT=10232 tieokT=61
0:6-2:NC: L1SORTV t=805 L=220 mono=0 perm=0 giddiff=41 tieok=0 | TOT t=9 recs=19849 monoT=0 permT=0 gidT=11046 tieokT=63
0:6-4:NC: L1SORTV t=1018 L=106 mono=0 perm=0 giddiff=9 tieok=0 | TOT t=9 recs=19386 monoT=0 permT=0 gidT=11156 tieokT=48
0:6-5:NC: L1SORTV t=994 L=162 mono=0 perm=0 giddiff=23 tieok=1 | TOT t=9 recs=19393 monoT=0 permT=0 gidT=10417 tieokT=59
0:6-6:NC: L1SORTV t=1017 L=93 mono=0 perm=0 giddiff=7 tieok=0 | TOT t=9 recs=19725 monoT=0 permT=0 gidT=11152 tieokT=65
0:7-6:NC: L1SORTV t=993 L=145 mono=0 perm=0 giddiff=25 tieok=0 | TOT t=9 recs=20430 monoT=0 permT=0 gidT=11525 tieokT=43
0:0-5:NC: L1SORTV t=638 L=4369 mono=0 perm=0 giddiff=2723 tieok=8 | TOT t=1 recs=4369 monoT=0 permT=0 gidT=2723 tieokT=8
0:0-6:NC: L1SORTV t=732 L=4432 mono=0 perm=0 giddiff=2649 tieok=6 | TOT t=1 recs=4432 monoT=0 permT=0 gidT=2649 tieokT=6
0:0-7:NC: L1SORTV t=405 L=4505 mono=0 perm=0 giddiff=2380 tieok=9 | TOT t=1 recs=4505 monoT=0 permT=0 gidT=2380 tieokT=9
0:1-3:NC: L1SORTV t=720 L=3712 mono=0 perm=0 giddiff=2135 tieok=5 | TOT t=2 recs=8880 monoT=0 permT=0 gidT=4510 tieokT=24
0:1-4:NC: L1SORTV t=316 L=3728 mono=0 perm=0 giddiff=2064 tieok=16 | TOT t=2 recs=8967 monoT=0 permT=0 gidT=5309 tieokT=27
0:1-6:NC: L1SORTV t=347 L=3720 mono=0 perm=0 giddiff=2115 tieok=9 | TOT t=2 recs=8997 monoT=0 permT=0 gidT=5108 tieokT=43
0:2-1:NC: L1SORTV t=318 L=2637 mono=0 perm=0 giddiff=1592 tieok=5 | TOT t=3 recs=11827 monoT=0 permT=0 gidT=5835 tieokT=43
0:2-4:NC: L1SORTV t=209 L=2799 mono=0 perm=0 giddiff=1721 tieok=7 | TOT t=3 recs=11986 monoT=0 permT=0 gidT=7066 tieokT=22
0:2-5:NC: L1SORTV t=38 L=2751 mono=0 perm=0 giddiff=1598 tieok=10 | TOT t=3 recs=12169 monoT=0 permT=0 gidT=7046 tieokT=25
0:2-6:NC: L1SORTV t=7 L=2873 mono=0 perm=0 giddiff=2016 tieok=7 | TOT t=3 recs=12253 monoT=0 permT=0 gidT=7634 tieokT=18
0:2-9:NC: L1SORTV t=239 L=2826 mono=0 perm=0 giddiff=1673 tieok=8 | TOT t=3 recs=12243 monoT=0 permT=0 gidT=7136 tieokT=53
0:3-0:NC: L1SORTV t=351 L=1964 mono=0 perm=0 giddiff=1102 tieok=2 | TOT t=4 recs=14199 monoT=0 permT=0 gidT=8508 tieokT=68
0:3-7:NC: L1SORTV t=213 L=2092 mono=0 perm=0 giddiff=1272 tieok=2 | TOT t=4 recs=14678 monoT=0 permT=0 gidT=8870 tieokT=58
0:4-2:NC: L1SORTV t=709 L=2095 mono=0 perm=0 giddiff=1090 tieok=2 | TOT t=4 recs=14899 monoT=0 permT=0 gidT=8154 tieokT=81
0:5-3:NC: L1SORTV t=1023 L=112 mono=0 perm=0 giddiff=16 tieok=0 | TOT t=9 recs=18750 monoT=0 permT=0 gidT=10726 tieokT=35
0:5-7:NC: L1SORTV t=1020 L=99 mono=0 perm=0 giddiff=16 tieok=0 | TOT t=9 recs=19111 monoT=0 permT=0 gidT=10905 tieokT=23
0:6-1:NC: L1SORTV t=1021 L=96 mono=0 perm=0 giddiff=9 tieok=0 | TOT t=9 recs=19102 monoT=0 permT=0 gidT=11185 tieokT=43
0:6-8:NC: L1SORTV t=1003 L=230 mono=0 perm=0 giddiff=24 tieok=0 | TOT t=8 recs=19498 monoT=0 permT=0 gidT=11071 tieokT=159
0:7-0:NC: L1SORTV t=974 L=211 mono=0 perm=0 giddiff=29 tieok=0 | TOT t=8 recs=19861 monoT=0 permT=0 gidT=10868 tieokT=53
0:7-3:NC: L1SORTV t=1006 L=157 mono=0 perm=0 giddiff=17 tieok=0 | TOT t=9 recs=20468 monoT=0 permT=0 gidT=11202 tieokT=67
0:1-0:NC: L1SORTV t=241 L=3671 mono=0 perm=0 giddiff=2199 tieok=8 | TOT t=2 recs=8801 monoT=0 permT=0 gidT=5318 tieokT=28
0:1-1:NC: L1SORTV t=273 L=3710 mono=0 perm=0 giddiff=2237 tieok=4 | TOT t=2 recs=8823 monoT=0 permT=0 gidT=5066 tieokT=32
0:1-2:NC: L1SORTV t=715 L=3688 mono=0 perm=0 giddiff=2136 tieok=1 | TOT t=2 recs=8781 monoT=0 permT=0 gidT=5224 tieokT=19
0:1-7:NC: L1SORTV t=640 L=2648 mono=0 perm=0 giddiff=1583 tieok=4 | TOT t=3 recs=11711 monoT=0 permT=0 gidT=7108 tieokT=14
0:1-8:NC: L1SORTV t=361 L=2613 mono=0 perm=0 giddiff=1514 tieok=13 | TOT t=3 recs=11719 monoT=0 permT=0 gidT=6414 tieokT=33
0:1-9:NC: L1SORTV t=105 L=2610 mono=0 perm=0 giddiff=1512 tieok=12 | TOT t=3 recs=11728 monoT=0 permT=0 gidT=6972 tieokT=28
0:2-2:NC: L1SORTV t=414 L=2734 mono=0 perm=0 giddiff=1656 tieok=15 | TOT t=3 recs=12084 monoT=0 permT=0 gidT=7060 tieokT=40
0:2-3:NC: L1SORTV t=756 L=2825 mono=0 perm=0 giddiff=1560 tieok=4 | TOT t=3 recs=12066 monoT=0 permT=0 gidT=6646 tieokT=41
0:2-8:NC: L1SORTV t=142 L=1927 mono=0 perm=0 giddiff=1154 tieok=4 | TOT t=4 recs=14117 monoT=0 permT=0 gidT=8634 tieokT=57
0:3-1:NC: L1SORTV t=765 L=1911 mono=0 perm=0 giddiff=883 tieok=1 | TOT t=4 recs=14142 monoT=0 permT=0 gidT=7593 tieokT=31
0:3-2:NC: L1SORTV t=211 L=2011 mono=0 perm=0 giddiff=1250 tieok=4 | TOT t=4 recs=14154 monoT=0 permT=0 gidT=8410 tieokT=17
0:3-4:NC: L1SORTV t=607 L=2139 mono=0 perm=0 giddiff=1204 tieok=1 | TOT t=4 recs=14576 monoT=0 permT=0 gidT=8635 tieokT=32
0:3-5:NC: L1SORTV t=753 L=2035 mono=0 perm=0 giddiff=1032 tieok=1 | TOT t=4 recs=14490 monoT=0 permT=0 gidT=8273 tieokT=39
0:3-6:NC: L1SORTV t=763 L=2018 mono=0 perm=0 giddiff=1056 tieok=0 | TOT t=4 recs=14560 monoT=0 permT=0 gidT=8819 tieokT=35
0:3-9:NC: L1SORTV t=66 L=2227 mono=0 perm=0 giddiff=1177 tieok=0 | TOT t=4 recs=14810 monoT=0 permT=0 gidT=8326 tieokT=50
0:4-9:NC: L1SORTV t=289 L=287 mono=0 perm=0 giddiff=111 tieok=0 | TOT t=8 recs=18063 monoT=0 permT=0 gidT=10681 tieokT=106
0:5-0:NC: L1SORTV t=44 L=347 mono=0 perm=0 giddiff=105 tieok=0 | TOT t=8 recs=18208 monoT=0 permT=0 gidT=9425 tieokT=52
0:5-2:NC: L1SORTV t=1015 L=116 mono=0 perm=0 giddiff=18 tieok=0 | TOT t=9 recs=18525 monoT=0 permT=0 gidT=10599 tieokT=32
0:5-4:NC: L1SORTV t=1022 L=105 mono=0 perm=0 giddiff=10 tieok=0 | TOT t=9 recs=18778 monoT=0 permT=0 gidT=10442 tieokT=29
0:5-5:NC: L1SORTV t=1019 L=102 mono=0 perm=0 giddiff=16 tieok=0 | TOT t=9 recs=18891 monoT=0 permT=0 gidT=10235 tieokT=37
0:5-6:NC: L1SORTV t=1014 L=114 mono=0 perm=0 giddiff=20 tieok=0 | TOT t=9 recs=18816 monoT=0 permT=0 gidT=10923 tieokT=69
0:5-8:NC: L1SORTV t=1013 L=109 mono=0 perm=0 giddiff=20 tieok=0 | TOT t=9 recs=19407 monoT=0 permT=0 gidT=11035 tieokT=50
0:0-3:NC: L1SORTV t=365 L=4188 mono=0 perm=0 giddiff=1958 tieok=13 | TOT t=1 recs=4188 monoT=0 permT=0 gidT=1958 tieokT=13
0:0-4:NC: L1SORTV t=698 L=4118 mono=0 perm=0 giddiff=2571 tieok=5 | TOT t=1 recs=4118 monoT=0 permT=0 gidT=2571 tieokT=5
0:0-8:NC: L1SORTV t=430 L=3710 mono=0 perm=0 giddiff=1779 tieok=19 | TOT t=2 recs=8697 monoT=0 permT=0 gidT=4824 tieokT=20
0:0-9:NC: L1SORTV t=5 L=3586 mono=0 perm=0 giddiff=2450 tieok=12 | TOT t=2 recs=8656 monoT=0 permT=0 gidT=5371 tieokT=17
0:1-5:NC: L1SORTV t=274 L=2632 mono=0 perm=0 giddiff=1404 tieok=1 | TOT t=3 recs=11522 monoT=0 permT=0 gidT=7030 tieokT=23
0:2-0:NC: L1SORTV t=272 L=2669 mono=0 perm=0 giddiff=1519 tieok=4 | TOT t=3 recs=11860 monoT=0 permT=0 gidT=6507 tieokT=23
0:2-1:NC: L1SORTV t=34 L=1988 mono=0 perm=0 giddiff=1142 tieok=0 | TOT t=4 recs=13815 monoT=0 permT=0 gidT=6977 tieokT=43
0:2-7:NC: L1SORTV t=8 L=2049 mono=0 perm=0 giddiff=1409 tieok=5 | TOT t=4 recs=14282 monoT=0 permT=0 gidT=8529 tieokT=27
0:3-3:NC: L1SORTV t=264 L=2029 mono=0 perm=0 giddiff=1187 tieok=0 | TOT t=4 recs=14325 monoT=0 permT=0 gidT=8182 tieokT=64
0:4-1:NC: L1SORTV t=977 L=209 mono=0 perm=0 giddiff=27 tieok=0 | TOT t=8 recs=17591 monoT=0 permT=0 gidT=10388 tieokT=74
0:4-3:NC: L1SORTV t=389 L=198 mono=0 perm=0 giddiff=60 tieok=0 | TOT t=8 recs=17249 monoT=0 permT=0 gidT=10027 tieokT=67
0:4-5:NC: L1SORTV t=322 L=250 mono=0 perm=0 giddiff=88 tieok=0 | TOT t=8 recs=17923 monoT=0 permT=0 gidT=10544 tieokT=32
0:4-8:NC: L1SORTV t=737 L=291 mono=0 perm=0 giddiff=86 tieok=0 | TOT t=8 recs=18310 monoT=0 permT=0 gidT=10576 tieokT=55
0:1-3:NC: L1SORTV t=762 L=2748 mono=0 perm=0 giddiff=1549 tieok=0 | TOT t=3 recs=11628 monoT=0 permT=0 gidT=6059 tieokT=24
0:1-4:NC: L1SORTV t=156 L=2581 mono=0 perm=0 giddiff=1505 tieok=5 | TOT t=3 recs=11548 monoT=0 permT=0 gidT=6814 tieokT=32
0:1-6:NC: L1SORTV t=235 L=2654 mono=0 perm=0 giddiff=1560 tieok=8 | TOT t=3 recs=11651 monoT=0 permT=0 gidT=6668 tieokT=51
0:1-9:NC: L1SORTV t=547 L=1914 mono=0 perm=0 giddiff=1089 tieok=4 | TOT t=4 recs=13642 monoT=0 permT=0 gidT=8061 tieokT=32
0:2-2:NC: L1SORTV t=255 L=1934 mono=0 perm=0 giddiff=1019 tieok=1 | TOT t=4 recs=14018 monoT=0 permT=0 gidT=8079 tieokT=41
0:2-4:NC: L1SORTV t=122 L=2023 mono=0 perm=0 giddiff=1211 tieok=7 | TOT t=4 recs=14009 monoT=0 permT=0 gidT=8277 tieokT=29
0:2-5:NC: L1SORTV t=233 L=2018 mono=0 perm=0 giddiff=1201 tieok=2 | TOT t=4 recs=14187 monoT=0 permT=0 gidT=8247 tieokT=27
0:2-6:NC: L1SORTV t=158 L=1995 mono=0 perm=0 giddiff=1141 tieok=0 | TOT t=4 recs=14248 monoT=0 permT=0 gidT=8775 tieokT=18
0:2-9:NC: L1SORTV t=237 L=2114 mono=0 perm=0 giddiff=1242 tieok=2 | TOT t=4 recs=14357 monoT=0 permT=0 gidT=8378 tieokT=55
0:3-8:NC: L1SORTV t=842 L=215 mono=0 perm=0 giddiff=67 tieok=0 | TOT t=8 recs=17628 monoT=0 permT=0 gidT=10225 tieokT=51
0:4-6:NC: L1SORTV t=80 L=230 mono=0 perm=0 giddiff=36 tieok=0 | TOT t=9 recs=18456 monoT=0 permT=0 gidT=10480 tieokT=79
0:4-7:NC: L1SORTV t=1008 L=115 mono=0 perm=0 giddiff=0 tieok=0 | TOT t=9 recs=18311 monoT=0 permT=0 gidT=9268 tieokT=85
0:0-5:NC: L1SORTV t=423 L=3109 mono=0 perm=0 giddiff=1738 tieok=22 | TOT t=2 recs=7478 monoT=0 permT=0 gidT=4461 tieokT=30
0:0-6:NC: L1SORTV t=373 L=3312 mono=0 perm=0 giddiff=1817 tieok=3 | TOT t=2 recs=7744 monoT=0 permT=0 gidT=4466 tieokT=9
0:0-7:NC: L1SORTV t=478 L=3264 mono=0 perm=0 giddiff=2039 tieok=10 | TOT t=2 recs=7769 monoT=0 permT=0 gidT=4419 tieokT=19
0:1-0:NC: L1SORTV t=167 L=2471 mono=0 perm=0 giddiff=1413 tieok=6 | TOT t=3 recs=11272 monoT=0 permT=0 gidT=6731 tieokT=34
0:1-1:NC: L1SORTV t=203 L=2454 mono=0 perm=0 giddiff=1552 tieok=1 | TOT t=3 recs=11277 monoT=0 permT=0 gidT=6618 tieokT=33
0:1-2:NC: L1SORTV t=117 L=2521 mono=0 perm=0 giddiff=1445 tieok=13 | TOT t=3 recs=11302 monoT=0 permT=0 gidT=6669 tieokT=32
0:1-5:NC: L1SORTV t=297 L=1950 mono=0 perm=0 giddiff=1095 tieok=8 | TOT t=4 recs=13472 monoT=0 permT=0 gidT=8125 tieokT=31
0:1-7:NC: L1SORTV t=280 L=1971 mono=0 perm=0 giddiff=1031 tieok=2 | TOT t=4 recs=13682 monoT=0 permT=0 gidT=8139 tieokT=16
0:1-8:NC: L1SORTV t=200 L=1969 mono=0 perm=0 giddiff=1061 tieok=2 | TOT t=4 recs=13688 monoT=0 permT=0 gidT=7475 tieokT=35
0:2-3:NC: L1SORTV t=188 L=1970 mono=0 perm=0 giddiff=1077 tieok=2 | TOT t=4 recs=14036 monoT=0 permT=0 gidT=7723 tieokT=43
0:3-0:NC: L1SORTV t=846 L=213 mono=0 perm=0 giddiff=46 tieok=0 | TOT t=8 recs=16627 monoT=0 permT=0 gidT=9740 tieokT=68
0:3-7:NC: L1SORTV t=872 L=223 mono=0 perm=0 giddiff=37 tieok=0 | TOT t=8 recs=17175 monoT=0 permT=0 gidT=10089 tieokT=59
0:4-0:NC: L1SORTV t=979 L=202 mono=0 perm=0 giddiff=31 tieok=0 | TOT t=8 recs=17684 monoT=0 permT=0 gidT=10155 tieokT=58
0:4-4:NC: L1SORTV t=773 L=237 mono=0 perm=0 giddiff=58 tieok=0 | TOT t=8 recs=17918 monoT=0 permT=0 gidT=9808 tieokT=30
0:5-1:NC: L1SORTV t=1010 L=110 mono=0 perm=0 giddiff=2 tieok=0 | TOT t=9 recs=18759 monoT=0 permT=0 gidT=10575 tieokT=86
0:0-4:NC: L1SORTV t=677 L=3037 mono=0 perm=0 giddiff=1833 tieok=0 | TOT t=2 recs=7155 monoT=0 permT=0 gidT=4404 tieokT=5
0:0-8:NC: L1SORTV t=212 L=2294 mono=0 perm=0 giddiff=1424 tieok=6 | TOT t=3 recs=10991 monoT=0 permT=0 gidT=6248 tieokT=26
0:0-9:NC: L1SORTV t=244 L=2418 mono=0 perm=0 giddiff=1327 tieok=5 | TOT t=3 recs=11074 monoT=0 permT=0 gidT=6698 tieokT=22
0:2-0:NC: L1SORTV t=0 L=1888 mono=0 perm=0 giddiff=1438 tieok=6 | TOT t=4 recs=13748 monoT=0 permT=0 gidT=7945 tieokT=29
0:2-8:NC: L1SORTV t=871 L=244 mono=0 perm=0 giddiff=51 tieok=0 | TOT t=8 recs=16590 monoT=0 permT=0 gidT=9863 tieokT=57
0:3-1:NC: L1SORTV t=772 L=224 mono=0 perm=0 giddiff=43 tieok=0 | TOT t=8 recs=16690 monoT=0 permT=0 gidT=8969 tieokT=34
0:3-2:NC: L1SORTV t=847 L=193 mono=0 perm=0 giddiff=36 tieok=0 | TOT t=8 recs=16640 monoT=0 permT=0 gidT=9490 tieokT=19
0:3-4:NC: L1SORTV t=943 L=206 mono=0 perm=0 giddiff=36 tieok=0 | TOT t=8 recs=17054 monoT=0 permT=0 gidT=9789 tieokT=33
0:3-5:NC: L1SORTV t=986 L=185 mono=0 perm=0 giddiff=33 tieok=0 | TOT t=8 recs=16711 monoT=0 permT=0 gidT=9407 tieokT=40
0:3-6:NC: L1SORTV t=806 L=207 mono=0 perm=0 giddiff=34 tieok=0 | TOT t=8 recs=17206 monoT=0 permT=0 gidT=10141 tieokT=41
0:4-2:NC: L1SORTV t=976 L=201 mono=0 perm=0 giddiff=25 tieok=0 | TOT t=8 recs=17434 monoT=0 permT=0 gidT=9328 tieokT=81
0:0-3:NC: L1SORTV t=679 L=3009 mono=0 perm=0 giddiff=1679 tieok=2 | TOT t=2 recs=7197 monoT=0 permT=0 gidT=3637 tieokT=15
0:1-2:NC: L1SORTV t=793 L=1799 mono=0 perm=0 giddiff=872 tieok=0 | TOT t=4 recs=13101 monoT=0 permT=0 gidT=7541 tieokT=32
0:1-3:NC: L1SORTV t=263 L=1982 mono=0 perm=0 giddiff=1094 tieok=3 | TOT t=4 recs=13610 monoT=0 permT=0 gidT=7153 tieokT=27
0:1-4:NC: L1SORTV t=157 L=1922 mono=0 perm=0 giddiff=1091 tieok=1 | TOT t=4 recs=13470 monoT=0 permT=0 gidT=7905 tieokT=33
0:1-6:NC: L1SORTV t=1 L=1932 mono=0 perm=0 giddiff=1374 tieok=4 | TOT t=4 recs=13583 monoT=0 permT=0 gidT=8042 tieokT=55
0:2-1:NC: L1SORTV t=804 L=226 mono=0 perm=0 giddiff=37 tieok=0 | TOT t=8 recs=16084 monoT=0 permT=0 gidT=7859 tieokT=43
0:2-7:NC: L1SORTV t=1005 L=211 mono=0 perm=0 giddiff=44 tieok=0 | TOT t=8 recs=16756 monoT=0 permT=0 gidT=9705 tieokT=29
0:3-3:NC: L1SORTV t=914 L=207 mono=0 perm=0 giddiff=44 tieok=0 | TOT t=8 recs=16666 monoT=0 permT=0 gidT=9309 tieokT=66
0:3-9:NC: L1SORTV t=145 L=357 mono=0 perm=0 giddiff=107 tieok=0 | TOT t=8 recs=17389 monoT=0 permT=0 gidT=9477 tieokT=50
0:0-5:NC: L1SORTV t=265 L=2582 mono=0 perm=0 giddiff=1584 tieok=9 | TOT t=3 recs=10060 monoT=0 permT=0 gidT=6045 tieokT=39
0:0-6:NC: L1SORTV t=68 L=2504 mono=0 perm=0 giddiff=1441 tieok=3 | TOT t=3 recs=10248 monoT=0 permT=0 gidT=5907 tieokT=12
0:0-7:NC: L1SORTV t=199 L=2496 mono=0 perm=0 giddiff=1383 tieok=4 | TOT t=3 recs=10265 monoT=0 permT=0 gidT=5802 tieokT=23
0:0-8:NC: L1SORTV t=206 L=1522 mono=0 perm=0 giddiff=893 tieok=1 | TOT t=4 recs=12513 monoT=0 permT=0 gidT=7141 tieokT=27
0:0-9:NC: L1SORTV t=50 L=1709 mono=0 perm=0 giddiff=926 tieok=0 | TOT t=4 recs=12783 monoT=0 permT=0 gidT=7624 tieokT=22
0:1-0:NC: L1SORTV t=42 L=1795 mono=0 perm=0 giddiff=1038 tieok=2 | TOT t=4 recs=13067 monoT=0 permT=0 gidT=7769 tieokT=36
0:1-1:NC: L1SORTV t=752 L=1952 mono=0 perm=0 giddiff=1008 tieok=0 | TOT t=4 recs=13229 monoT=0 permT=0 gidT=7626 tieokT=33
0:1-9:NC: L1SORTV t=879 L=211 mono=0 perm=0 giddiff=39 tieok=0 | TOT t=8 recs=16022 monoT=0 permT=0 gidT=9109 tieokT=32
0:2-2:NC: L1SORTV t=884 L=191 mono=0 perm=0 giddiff=25 tieok=0 | TOT t=8 recs=16325 monoT=0 permT=0 gidT=8911 tieokT=41
0:2-4:NC: L1SORTV t=965 L=212 mono=0 perm=0 giddiff=38 tieok=0 | TOT t=8 recs=16451 monoT=0 permT=0 gidT=9454 tieokT=34
0:2-5:NC: L1SORTV t=964 L=201 mono=0 perm=0 giddiff=25 tieok=0 | TOT t=8 recs=16734 monoT=0 permT=0 gidT=9444 tieokT=32
0:2-6:NC: L1SORTV t=324 L=225 mono=0 perm=0 giddiff=48 tieok=0 | TOT t=8 recs=16873 monoT=0 permT=0 gidT=9873 tieokT=21
0:0-4:NC: L1SORTV t=302 L=2188 mono=0 perm=0 giddiff=1197 tieok=2 | TOT t=3 recs=9343 monoT=0 permT=0 gidT=5601 tieokT=7
0:1-5:NC: L1SORTV t=984 L=125 mono=0 perm=0 giddiff=7 tieok=0 | TOT t=8 recs=15584 monoT=0 permT=0 gidT=9006 tieokT=31
0:1-7:NC: L1SORTV t=978 L=192 mono=0 perm=0 giddiff=27 tieok=0 | TOT t=8 recs=15938 monoT=0 permT=0 gidT=9172 tieokT=16
0:1-8:NC: L1SORTV t=421 L=191 mono=0 perm=0 giddiff=77 tieok=0 | TOT t=8 recs=15932 monoT=0 permT=0 gidT=8636 tieokT=39
0:2-3:NC: L1SORTV t=931 L=209 mono=0 perm=0 giddiff=24 tieok=0 | TOT t=8 recs=16276 monoT=0 permT=0 gidT=8715 tieokT=43
0:2-9:NC: L1SORTV t=919 L=193 mono=0 perm=0 giddiff=58 tieok=0 | TOT t=8 recs=16910 monoT=0 permT=0 gidT=9658 tieokT=60
0:0-3:NC: L1SORTV t=792 L=2162 mono=0 perm=0 giddiff=997 tieok=1 | TOT t=3 recs=9359 monoT=0 permT=0 gidT=4634 tieokT=16
0:0-5:NC: L1SORTV t=516 L=1774 mono=0 perm=0 giddiff=1024 tieok=0 | TOT t=4 recs=11834 monoT=0 permT=0 gidT=7069 tieokT=39
0:1-2:NC: L1SORTV t=950 L=173 mono=0 perm=0 giddiff=39 tieok=0 | TOT t=8 recs=14430 monoT=0 permT=0 gidT=8016 tieokT=32
0:2-0:NC: L1SORTV t=992 L=163 mono=0 perm=0 giddiff=40 tieok=0 | TOT t=8 recs=16014 monoT=0 permT=0 gidT=8906 tieokT=32
0:0-2:NC: L1SORTV t=70 L=3933 mono=0 perm=0 giddiff=2294 tieok=4 | TOT t=1 recs=3933 monoT=0 permT=0 gidT=2294 tieokT=4
0:0-4:NC: L1SORTV t=514 L=1559 mono=0 perm=0 giddiff=929 tieok=0 | TOT t=4 recs=10902 monoT=0 permT=0 gidT=6530 tieokT=7
0:0-6:NC: L1SORTV t=52 L=1806 mono=0 perm=0 giddiff=1091 tieok=3 | TOT t=4 recs=12054 monoT=0 permT=0 gidT=6998 tieokT=15
0:0-7:NC: L1SORTV t=125 L=1738 mono=0 perm=0 giddiff=963 tieok=0 | TOT t=4 recs=12003 monoT=0 permT=0 gidT=6765 tieokT=23
0:0-9:NC: L1SORTV t=112 L=260 mono=0 perm=0 giddiff=56 tieok=0 | TOT t=8 recs=14626 monoT=0 permT=0 gidT=8469 tieokT=22
0:1-0:NC: L1SORTV t=981 L=128 mono=0 perm=0 giddiff=11 tieok=0 | TOT t=8 recs=14388 monoT=0 permT=0 gidT=8096 tieokT=38
0:1-1:NC: L1SORTV t=388 L=262 mono=0 perm=0 giddiff=97 tieok=0 | TOT t=7 recs=14628 monoT=0 permT=0 gidT=8171 tieokT=38
0:1-3:NC: L1SORTV t=887 L=181 mono=0 perm=0 giddiff=33 tieok=0 | TOT t=8 recs=15941 monoT=0 permT=0 gidT=8190 tieokT=27
0:1-4:NC: L1SORTV t=1009 L=120 mono=0 perm=0 giddiff=3 tieok=0 | TOT t=8 recs=15596 monoT=0 permT=0 gidT=8800 tieokT=36
0:1-6:NC: L1SORTV t=803 L=311 mono=0 perm=0 giddiff=84 tieok=0 | TOT t=7 recs=15751 monoT=0 permT=0 gidT=9133 tieokT=56
0:0-3:NC: L1SORTV t=64 L=1557 mono=0 perm=0 giddiff=1030 tieok=1 | TOT t=4 recs=10916 monoT=0 permT=0 gidT=5664 tieokT=17
0:0-8:NC: L1SORTV t=980 L=177 mono=0 perm=0 giddiff=20 tieok=0 | TOT t=8 recs=14750 monoT=0 permT=0 gidT=8156 tieokT=29
0:0-5:NC: L1SORTV t=948 L=220 mono=0 perm=0 giddiff=53 tieok=0 | TOT t=7 recs=12969 monoT=0 permT=0 gidT=7517 tieokT=39
0:0-4:NC: L1SORTV t=814 L=207 mono=0 perm=0 giddiff=42 tieok=0 | TOT t=8 recs=12903 monoT=0 permT=0 gidT=7493 tieokT=10
0:0-6:NC: L1SORTV t=911 L=235 mono=0 perm=0 giddiff=50 tieok=0 | TOT t=7 recs=13535 monoT=0 permT=0 gidT=7657 tieokT=15
0:0-7:NC: L1SORTV t=113 L=207 mono=0 perm=0 giddiff=43 tieok=0 | TOT t=8 recs=13467 monoT=0 permT=0 gidT=7276 tieokT=25
0:0-2:NC: L1SORTV t=72 L=2796 mono=0 perm=0 giddiff=1620 tieok=9 | TOT t=2 recs=6729 monoT=0 permT=0 gidT=3914 tieokT=13
0:0-1:NC: L1SORTV t=215 L=3159 mono=0 perm=0 giddiff=1942 tieok=0 | TOT t=1 recs=3159 monoT=0 permT=0 gidT=1942 tieokT=0
0:0-3:NC: L1SORTV t=916 L=195 mono=0 perm=0 giddiff=38 tieok=0 | TOT t=8 recs=12768 monoT=0 permT=0 gidT=6417 tieokT=17
0:0-2:NC: L1SORTV t=754 L=2031 mono=0 perm=0 giddiff=1027 tieok=2 | TOT t=3 recs=8760 monoT=0 permT=0 gidT=4941 tieokT=15
0:0-1:NC: L1SORTV t=382 L=2240 mono=0 perm=0 giddiff=1431 tieok=0 | TOT t=2 recs=5399 monoT=0 permT=0 gidT=3373 tieokT=0
0:0-2:NC: L1SORTV t=780 L=1330 mono=0 perm=0 giddiff=693 tieok=1 | TOT t=4 recs=10090 monoT=0 permT=0 gidT=5634 tieokT=16
0:0-1:NC: L1SORTV t=673 L=1593 mono=0 perm=0 giddiff=823 tieok=2 | TOT t=3 recs=6992 monoT=0 permT=0 gidT=4196 tieokT=2
0:0-0:NC: L1SORTV t=37 L=2799 mono=0 perm=0 giddiff=1555 tieok=5 | TOT t=1 recs=2799 monoT=0 permT=0 gidT=1555 tieokT=5
0:0-2:NC: L1SORTV t=769 L=175 mono=0 perm=0 giddiff=43 tieok=0 | TOT t=7 recs=10965 monoT=0 permT=0 gidT=5863 tieokT=16
0:0-1:NC: L1SORTV t=449 L=901 mono=0 perm=0 giddiff=577 tieok=0 | TOT t=4 recs=7893 monoT=0 permT=0 gidT=4773 tieokT=2
0:0-0:NC: L1SORTV t=546 L=1931 mono=0 perm=0 giddiff=1105 tieok=2 | TOT t=2 recs=4730 monoT=0 permT=0 gidT=2660 tieokT=7
0:0-1:NC: L1SORTV t=975 L=160 mono=0 perm=0 giddiff=11 tieok=0 | TOT t=7 recs=8794 monoT=0 permT=0 gidT=5054 tieokT=2
0:0-0:NC: L1SORTV t=78 L=1134 mono=0 perm=0 giddiff=595 tieok=2 | TOT t=3 recs=5864 monoT=0 permT=0 gidT=3255 tieokT=9
0:0-0:NC: L1SORTV t=81 L=839 mono=0 perm=0 giddiff=411 tieok=2 | TOT t=4 recs=6703 monoT=0 permT=0 gidT=3666 tieokT=11
0:0-0:NC: L1SORTV t=915 L=207 mono=0 perm=0 giddiff=44 tieok=0 | TOT t=6 recs=7177 monoT=0 permT=0 gidT=3786 tieokT=11
[BLEND_SPLIT] upload+exec=0.0 readback=997.6 total=997.6 ms (resident, one Finish)
[BLEND_ADDR] cull_masks=0x12aa1280 out=0x12c7a340(sz=0x600000) tile_ids=0x54d3ec0 xramp=0x12c78340 yramp=0x12c79340 payload=0x0(sz=0x0)
[SORT] stage=RP P=3369033 P_kept=3369033 num_tiles=1024 max_tile_n=26496 bin=45.36 up=0.02 kernel=0.03 d2h=0.00 compact=0.00 publish=0.02 total=45.52ms
[CULL_SPLIT] pipelined (no separate Finish; cull device exec folded under the blend host-setup window; candidates=3369033)
0:10-0:NC: L1SORTV t=332 L=7660 mono=0 perm=0 giddiff=4738 tieok=99 | TOT t=1 recs=7660 monoT=0 permT=0 gidT=4738 tieokT=99
0:10-1:NC: L1SORTV t=551 L=7696 mono=0 perm=0 giddiff=4578 tieok=36 | TOT t=1 recs=7696 monoT=0 permT=0 gidT=4578 tieokT=36
0:10-2:NC: L1SORTV t=370 L=7651 mono=0 perm=0 giddiff=4503 tieok=90 | TOT t=1 recs=7651 monoT=0 permT=0 gidT=4503 tieokT=90
0:10-3:NC: L1SORTV t=502 L=7850 mono=0 perm=0 giddiff=4031 tieok=29 | TOT t=1 recs=7850 monoT=0 permT=0 gidT=4031 tieokT=29
0:10-4:NC: L1SORTV t=647 L=7834 mono=0 perm=0 giddiff=4660 tieok=24 | TOT t=1 recs=7834 monoT=0 permT=0 gidT=4660 tieokT=24
0:10-5:NC: L1SORTV t=409 L=8057 mono=0 perm=0 giddiff=4898 tieok=20 | TOT t=1 recs=8057 monoT=0 permT=0 gidT=4898 tieokT=20
0:10-6:NC: L1SORTV t=465 L=7876 mono=0 perm=0 giddiff=4325 tieok=48 | TOT t=1 recs=7876 monoT=0 permT=0 gidT=4325 tieokT=48
0:10-7:NC: L1SORTV t=558 L=8091 mono=0 perm=0 giddiff=5184 tieok=18 | TOT t=1 recs=8091 monoT=0 permT=0 gidT=5184 tieokT=18
0:10-8:NC: L1SORTV t=616 L=8057 mono=0 perm=0 giddiff=4790 tieok=29 | TOT t=1 recs=8057 monoT=0 permT=0 gidT=4790 tieokT=29
0:10-9:NC: L1SORTV t=601 L=8100 mono=0 perm=0 giddiff=5153 tieok=27 | TOT t=1 recs=8100 monoT=0 permT=0 gidT=5153 tieokT=27
0:9-7:NC: L1SORTV t=395 L=7557 mono=0 perm=0 giddiff=4060 tieok=46 | TOT t=1 recs=7557 monoT=0 permT=0 gidT=4060 tieokT=46
0:9-8:NC: L1SORTV t=425 L=7677 mono=0 perm=0 giddiff=4403 tieok=48 | TOT t=1 recs=7677 monoT=0 permT=0 gidT=4403 tieokT=48
0:9-9:NC: L1SORTV t=557 L=7616 mono=0 perm=0 giddiff=4776 tieok=23 | TOT t=1 recs=7616 monoT=0 permT=0 gidT=4776 tieokT=23
0:9-0:NC: L1SORTV t=444 L=7128 mono=0 perm=0 giddiff=4401 tieok=16 | TOT t=1 recs=7128 monoT=0 permT=0 gidT=4401 tieokT=16
0:9-1:NC: L1SORTV t=378 L=7187 mono=0 perm=0 giddiff=4479 tieok=30 | TOT t=1 recs=7187 monoT=0 permT=0 gidT=4479 tieokT=30
0:9-2:NC: L1SORTV t=456 L=7214 mono=0 perm=0 giddiff=4015 tieok=34 | TOT t=1 recs=7214 monoT=0 permT=0 gidT=4015 tieokT=34
0:9-3:NC: L1SORTV t=472 L=7248 mono=0 perm=0 giddiff=3967 tieok=33 | TOT t=1 recs=7248 monoT=0 permT=0 gidT=3967 tieokT=33
0:9-4:NC: L1SORTV t=457 L=7482 mono=0 perm=0 giddiff=3781 tieok=38 | TOT t=1 recs=7482 monoT=0 permT=0 gidT=3781 tieokT=38
0:9-5:NC: L1SORTV t=299 L=7408 mono=0 perm=0 giddiff=5013 tieok=66 | TOT t=1 recs=7408 monoT=0 permT=0 gidT=5013 tieokT=66
0:9-6:NC: L1SORTV t=403 L=7476 mono=0 perm=0 giddiff=4497 tieok=63 | TOT t=1 recs=7476 monoT=0 permT=0 gidT=4497 tieokT=63
0:8-1:NC: L1SORTV t=503 L=6853 mono=0 perm=0 giddiff=3393 tieok=17 | TOT t=1 recs=6853 monoT=0 permT=0 gidT=3393 tieokT=17
0:8-2:NC: L1SORTV t=617 L=6944 mono=0 perm=0 giddiff=4116 tieok=34 | TOT t=1 recs=6944 monoT=0 permT=0 gidT=4116 tieokT=34
0:8-3:NC: L1SORTV t=435 L=6771 mono=0 perm=0 giddiff=3681 tieok=49 | TOT t=1 recs=6771 monoT=0 permT=0 gidT=3681 tieokT=49
0:8-4:NC: L1SORTV t=504 L=6752 mono=0 perm=0 giddiff=3305 tieok=16 | TOT t=1 recs=6752 monoT=0 permT=0 gidT=3305 tieokT=16
0:8-6:NC: L1SORTV t=650 L=7057 mono=0 perm=0 giddiff=4141 tieok=18 | TOT t=1 recs=7057 monoT=0 permT=0 gidT=4141 tieokT=18
0:8-7:NC: L1SORTV t=441 L=6963 mono=0 perm=0 giddiff=4092 tieok=50 | TOT t=1 recs=6963 monoT=0 permT=0 gidT=4092 tieokT=50
0:8-8:NC: L1SORTV t=300 L=7104 mono=0 perm=0 giddiff=4729 tieok=42 | TOT t=1 recs=7104 monoT=0 permT=0 gidT=4729 tieokT=42
0:8-9:NC: L1SORTV t=602 L=7020 mono=0 perm=0 giddiff=4586 tieok=17 | TOT t=1 recs=7020 monoT=0 permT=0 gidT=4586 tieokT=17
0:7-5:NC: L1SORTV t=427 L=6494 mono=0 perm=0 giddiff=3386 tieok=69 | TOT t=1 recs=6494 monoT=0 permT=0 gidT=3386 tieokT=69
0:7-7:NC: L1SORTV t=566 L=6495 mono=0 perm=0 giddiff=3931 tieok=15 | TOT t=1 recs=6495 monoT=0 permT=0 gidT=3931 tieokT=15
0:7-8:NC: L1SORTV t=433 L=6623 mono=0 perm=0 giddiff=3731 tieok=43 | TOT t=1 recs=6623 monoT=0 permT=0 gidT=3731 tieokT=43
0:7-9:NC: L1SORTV t=603 L=6613 mono=0 perm=0 giddiff=4151 tieok=11 | TOT t=1 recs=6613 monoT=0 permT=0 gidT=4151 tieokT=11
0:8-0:NC: L1SORTV t=394 L=6698 mono=0 perm=0 giddiff=3825 tieok=44 | TOT t=1 recs=6698 monoT=0 permT=0 gidT=3825 tieokT=44
0:8-5:NC: L1SORTV t=661 L=6948 mono=0 perm=0 giddiff=3734 tieok=13 | TOT t=1 recs=6948 monoT=0 permT=0 gidT=3734 tieokT=13
0:6-9:NC: L1SORTV t=428 L=6286 mono=0 perm=0 giddiff=3219 tieok=60 | TOT t=1 recs=6286 monoT=0 permT=0 gidT=3219 tieokT=60
0:7-0:NC: L1SORTV t=460 L=6438 mono=0 perm=0 giddiff=3314 tieok=29 | TOT t=1 recs=6438 monoT=0 permT=0 gidT=3314 tieokT=29
0:7-1:NC: L1SORTV t=618 L=6466 mono=0 perm=0 giddiff=3723 tieok=42 | TOT t=1 recs=6466 monoT=0 permT=0 gidT=3723 tieokT=42
0:7-2:NC: L1SORTV t=314 L=6308 mono=0 perm=0 giddiff=4083 tieok=11 | TOT t=1 recs=6308 monoT=0 permT=0 gidT=4083 tieokT=11
0:7-3:NC: L1SORTV t=429 L=6418 mono=0 perm=0 giddiff=3160 tieok=36 | TOT t=1 recs=6418 monoT=0 permT=0 gidT=3160 tieokT=36
0:7-4:NC: L1SORTV t=377 L=6382 mono=0 perm=0 giddiff=4015 tieok=14 | TOT t=1 recs=6382 monoT=0 permT=0 gidT=4015 tieokT=14
0:7-6:NC: L1SORTV t=646 L=6501 mono=0 perm=0 giddiff=4154 tieok=17 | TOT t=1 recs=6501 monoT=0 permT=0 gidT=4154 tieokT=17
0:6-3:NC: L1SORTV t=402 L=6283 mono=0 perm=0 giddiff=3088 tieok=35 | TOT t=1 recs=6283 monoT=0 permT=0 gidT=3088 tieokT=35
0:6-4:NC: L1SORTV t=488 L=6244 mono=0 perm=0 giddiff=3554 tieok=20 | TOT t=1 recs=6244 monoT=0 permT=0 gidT=3554 tieokT=20
0:6-5:NC: L1SORTV t=651 L=6176 mono=0 perm=0 giddiff=3680 tieok=14 | TOT t=1 recs=6176 monoT=0 permT=0 gidT=3680 tieokT=14
0:6-6:NC: L1SORTV t=467 L=6286 mono=0 perm=0 giddiff=3100 tieok=27 | TOT t=1 recs=6286 monoT=0 permT=0 gidT=3100 tieokT=27
0:6-7:NC: L1SORTV t=367 L=6337 mono=0 perm=0 giddiff=2536 tieok=27 | TOT t=1 recs=6337 monoT=0 permT=0 gidT=2536 tieokT=27
0:6-8:NC: L1SORTV t=459 L=6249 mono=0 perm=0 giddiff=3106 tieok=44 | TOT t=1 recs=6249 monoT=0 permT=0 gidT=3106 tieokT=44
0:9-9:NC: L1SORTV t=723 L=4756 mono=0 perm=0 giddiff=2756 tieok=4 | TOT t=2 recs=12372 monoT=0 permT=0 gidT=7532 tieokT=27
0:10-0:NC: L1SORTV t=724 L=4896 mono=0 perm=0 giddiff=2946 tieok=13 | TOT t=2 recs=12556 monoT=0 permT=0 gidT=7684 tieokT=112
0:10-1:NC: L1SORTV t=306 L=4999 mono=0 perm=0 giddiff=2983 tieok=24 | TOT t=2 recs=12695 monoT=0 permT=0 gidT=7561 tieokT=60
0:10-3:NC: L1SORTV t=687 L=4729 mono=0 perm=0 giddiff=2854 tieok=21 | TOT t=2 recs=12579 monoT=0 permT=0 gidT=6885 tieokT=50
0:10-4:NC: L1SORTV t=397 L=4844 mono=0 perm=0 giddiff=2682 tieok=26 | TOT t=2 recs=12678 monoT=0 permT=0 gidT=7342 tieokT=50
0:10-5:NC: L1SORTV t=398 L=4728 mono=0 perm=0 giddiff=2638 tieok=21 | TOT t=2 recs=12785 monoT=0 permT=0 gidT=7536 tieokT=41
0:10-7:NC: L1SORTV t=399 L=4701 mono=0 perm=0 giddiff=2691 tieok=31 | TOT t=2 recs=12792 monoT=0 permT=0 gidT=7875 tieokT=49
0:10-8:NC: L1SORTV t=758 L=4686 mono=0 perm=0 giddiff=2738 tieok=11 | TOT t=2 recs=12743 monoT=0 permT=0 gidT=7528 tieokT=40
0:10-9:NC: L1SORTV t=656 L=4805 mono=0 perm=0 giddiff=2960 tieok=13 | TOT t=2 recs=12905 monoT=0 permT=0 gidT=8113 tieokT=40
0:5-9:NC: L1SORTV t=468 L=5951 mono=0 perm=0 giddiff=2840 tieok=32 | TOT t=1 recs=5951 monoT=0 permT=0 gidT=2840 tieokT=32
0:6-0:NC: L1SORTV t=369 L=6113 mono=0 perm=0 giddiff=2967 tieok=34 | TOT t=1 recs=6113 monoT=0 permT=0 gidT=2967 tieokT=34
0:6-1:NC: L1SORTV t=380 L=6087 mono=0 perm=0 giddiff=3703 tieok=17 | TOT t=1 recs=6087 monoT=0 permT=0 gidT=3703 tieokT=17
0:6-2:NC: L1SORTV t=660 L=6084 mono=0 perm=0 giddiff=3277 tieok=23 | TOT t=1 recs=6084 monoT=0 permT=0 gidT=3277 tieokT=23
0:9-1:NC: L1SORTV t=434 L=4548 mono=0 perm=0 giddiff=2420 tieok=22 | TOT t=2 recs=11735 monoT=0 permT=0 gidT=6899 tieokT=52
0:9-7:NC: L1SORTV t=470 L=4759 mono=0 perm=0 giddiff=2330 tieok=16 | TOT t=2 recs=12316 monoT=0 permT=0 gidT=6390 tieokT=62
0:9-8:NC: L1SORTV t=436 L=4740 mono=0 perm=0 giddiff=2287 tieok=19 | TOT t=2 recs=12417 monoT=0 permT=0 gidT=6690 tieokT=67
0:10-2:NC: L1SORTV t=759 L=5045 mono=0 perm=0 giddiff=3049 tieok=5 | TOT t=2 recs=12696 monoT=0 permT=0 gidT=7552 tieokT=95
0:10-6:NC: L1SORTV t=686 L=4744 mono=0 perm=0 giddiff=2853 tieok=8 | TOT t=2 recs=12620 monoT=0 permT=0 gidT=7178 tieokT=56
0:5-4:NC: L1SORTV t=505 L=5914 mono=0 perm=0 giddiff=2919 tieok=10 | TOT t=1 recs=5914 monoT=0 permT=0 gidT=2919 tieokT=10
0:5-6:NC: L1SORTV t=461 L=5970 mono=0 perm=0 giddiff=3159 tieok=45 | TOT t=1 recs=5970 monoT=0 permT=0 gidT=3159 tieokT=45
0:5-7:NC: L1SORTV t=568 L=5947 mono=0 perm=0 giddiff=3520 tieok=11 | TOT t=1 recs=5947 monoT=0 permT=0 gidT=3520 tieokT=11
0:5-8:NC: L1SORTV t=442 L=6081 mono=0 perm=0 giddiff=3381 tieok=24 | TOT t=1 recs=6081 monoT=0 permT=0 gidT=3381 tieokT=24
0:8-2:NC: L1SORTV t=721 L=4508 mono=0 perm=0 giddiff=2692 tieok=4 | TOT t=2 recs=11452 monoT=0 permT=0 gidT=6808 tieokT=38
0:8-6:NC: L1SORTV t=688 L=4577 mono=0 perm=0 giddiff=2867 tieok=7 | TOT t=2 recs=11634 monoT=0 permT=0 gidT=7008 tieokT=25
0:8-8:NC: L1SORTV t=469 L=4580 mono=0 perm=0 giddiff=2083 tieok=17 | TOT t=2 recs=11684 monoT=0 permT=0 gidT=6812 tieokT=59
0:8-9:NC: L1SORTV t=336 L=4583 mono=0 perm=0 giddiff=2679 tieok=30 | TOT t=2 recs=11603 monoT=0 permT=0 gidT=7265 tieokT=47
0:9-0:NC: L1SORTV t=729 L=4644 mono=0 perm=0 giddiff=2910 tieok=12 | TOT t=2 recs=11772 monoT=0 permT=0 gidT=7311 tieokT=28
0:9-3:NC: L1SORTV t=221 L=4686 mono=0 perm=0 giddiff=2968 tieok=5 | TOT t=2 recs=11934 monoT=0 permT=0 gidT=6935 tieokT=38
0:9-4:NC: L1SORTV t=684 L=4618 mono=0 perm=0 giddiff=2870 tieok=9 | TOT t=2 recs=12100 monoT=0 permT=0 gidT=6651 tieokT=47
0:9-5:NC: L1SORTV t=250 L=4527 mono=0 perm=0 giddiff=2846 tieok=19 | TOT t=2 recs=11935 monoT=0 permT=0 gidT=7859 tieokT=85
0:9-6:NC: L1SORTV t=348 L=4477 mono=0 perm=0 giddiff=2956 tieok=5 | TOT t=2 recs=11953 monoT=0 permT=0 gidT=7453 tieokT=68
0:4-9:NC: L1SORTV t=335 L=5918 mono=0 perm=0 giddiff=3623 tieok=49 | TOT t=1 recs=5918 monoT=0 permT=0 gidT=3623 tieokT=49
0:5-0:NC: L1SORTV t=366 L=5830 mono=0 perm=0 giddiff=2607 tieok=27 | TOT t=1 recs=5830 monoT=0 permT=0 gidT=2607 tieokT=27
0:5-1:NC: L1SORTV t=396 L=5931 mono=0 perm=0 giddiff=3319 tieok=67 | TOT t=1 recs=5931 monoT=0 permT=0 gidT=3319 tieokT=67
0:5-2:NC: L1SORTV t=702 L=5859 mono=0 perm=0 giddiff=3627 tieok=15 | TOT t=1 recs=5859 monoT=0 permT=0 gidT=3627 tieokT=15
0:5-3:NC: L1SORTV t=346 L=5834 mono=0 perm=0 giddiff=3494 tieok=17 | TOT t=1 recs=5834 monoT=0 permT=0 gidT=3494 tieokT=17
0:5-5:NC: L1SORTV t=474 L=6053 mono=0 perm=0 giddiff=3374 tieok=22 | TOT t=1 recs=6053 monoT=0 permT=0 gidT=3374 tieokT=22
0:7-7:NC: L1SORTV t=411 L=4506 mono=0 perm=0 giddiff=2207 tieok=16 | TOT t=2 recs=11001 monoT=0 permT=0 gidT=6138 tieokT=31
0:7-9:NC: L1SORTV t=722 L=4567 mono=0 perm=0 giddiff=2728 tieok=9 | TOT t=2 recs=11180 monoT=0 permT=0 gidT=6879 tieokT=20
0:8-1:NC: L1SORTV t=689 L=4605 mono=0 perm=0 giddiff=2798 tieok=11 | TOT t=2 recs=11458 monoT=0 permT=0 gidT=6191 tieokT=28
0:8-4:NC: L1SORTV t=313 L=4665 mono=0 perm=0 giddiff=2955 tieok=19 | TOT t=2 recs=11417 monoT=0 permT=0 gidT=6260 tieokT=35
0:8-5:NC: L1SORTV t=443 L=4475 mono=0 perm=0 giddiff=2470 tieok=13 | TOT t=2 recs=11423 monoT=0 permT=0 gidT=6204 tieokT=26
0:8-7:NC: L1SORTV t=507 L=4588 mono=0 perm=0 giddiff=2458 tieok=18 | TOT t=2 recs=11551 monoT=0 permT=0 gidT=6550 tieokT=68
0:9-2:NC: L1SORTV t=487 L=4740 mono=0 perm=0 giddiff=2486 tieok=52 | TOT t=2 recs=11954 monoT=0 permT=0 gidT=6501 tieokT=86
0:4-5:NC: L1SORTV t=703 L=5861 mono=0 perm=0 giddiff=3392 tieok=4 | TOT t=1 recs=5861 monoT=0 permT=0 gidT=3392 tieokT=4
0:4-6:NC: L1SORTV t=363 L=5863 mono=0 perm=0 giddiff=3371 tieok=63 | TOT t=1 recs=5863 monoT=0 permT=0 gidT=3371 tieokT=63
0:4-7:NC: L1SORTV t=364 L=5802 mono=0 perm=0 giddiff=2747 tieok=52 | TOT t=1 recs=5802 monoT=0 permT=0 gidT=2747 tieokT=52
0:4-8:NC: L1SORTV t=440 L=5916 mono=0 perm=0 giddiff=3218 tieok=15 | TOT t=1 recs=5916 monoT=0 permT=0 gidT=3218 tieokT=15
0:6-9:NC: L1SORTV t=251 L=4426 mono=0 perm=0 giddiff=2549 tieok=7 | TOT t=2 recs=10712 monoT=0 permT=0 gidT=5768 tieokT=67
0:7-1:NC: L1SORTV t=579 L=4386 mono=0 perm=0 giddiff=2803 tieok=2 | TOT t=2 recs=10852 monoT=0 permT=0 gidT=6526 tieokT=44
0:7-2:NC: L1SORTV t=437 L=4462 mono=0 perm=0 giddiff=2242 tieok=11 | TOT t=2 recs=10770 monoT=0 permT=0 gidT=6325 tieokT=22
0:7-4:NC: L1SORTV t=691 L=4496 mono=0 perm=0 giddiff=2584 tieok=12 | TOT t=2 recs=10878 monoT=0 permT=0 gidT=6599 tieokT=26
0:7-5:NC: L1SORTV t=509 L=4415 mono=0 perm=0 giddiff=2781 tieok=14 | TOT t=2 recs=10909 monoT=0 permT=0 gidT=6167 tieokT=83
0:7-6:NC: L1SORTV t=438 L=4675 mono=0 perm=0 giddiff=2417 tieok=19 | TOT t=2 recs=11176 monoT=0 permT=0 gidT=6571 tieokT=36
0:7-8:NC: L1SORTV t=725 L=4487 mono=0 perm=0 giddiff=2675 tieok=12 | TOT t=2 recs=11110 monoT=0 permT=0 gidT=6406 tieokT=55
0:8-0:NC: L1SORTV t=642 L=4612 mono=0 perm=0 giddiff=2503 tieok=4 | TOT t=2 recs=11310 monoT=0 permT=0 gidT=6328 tieokT=48
0:8-3:NC: L1SORTV t=432 L=4578 mono=0 perm=0 giddiff=2447 tieok=23 | TOT t=2 recs=11349 monoT=0 permT=0 gidT=6128 tieokT=72
0:9-9:NC: L1SORTV t=282 L=3635 mono=0 perm=0 giddiff=2171 tieok=8 | TOT t=3 recs=16007 monoT=0 permT=0 gidT=9703 tieokT=35
0:10-0:NC: L1SORTV t=102 L=3353 mono=0 perm=0 giddiff=1890 tieok=0 | TOT t=3 recs=15909 monoT=0 permT=0 gidT=9574 tieokT=112
0:10-1:NC: L1SORTV t=735 L=3306 mono=0 perm=0 giddiff=1932 tieok=5 | TOT t=3 recs=16001 monoT=0 permT=0 gidT=9493 tieokT=65
0:10-3:NC: L1SORTV t=254 L=3632 mono=0 perm=0 giddiff=2102 tieok=12 | TOT t=3 recs=16211 monoT=0 permT=0 gidT=8987 tieokT=62
0:10-4:NC: L1SORTV t=69 L=3625 mono=0 perm=0 giddiff=2174 tieok=11 | TOT t=3 recs=16303 monoT=0 permT=0 gidT=9516 tieokT=61
0:10-8:NC: L1SORTV t=88 L=3424 mono=0 perm=0 giddiff=2014 tieok=8 | TOT t=3 recs=16167 monoT=0 permT=0 gidT=9542 tieokT=48
0:10-9:NC: L1SORTV t=678 L=3532 mono=0 perm=0 giddiff=2063 tieok=3 | TOT t=3 recs=16437 monoT=0 permT=0 gidT=10176 tieokT=43
0:4-4:NC: L1SORTV t=659 L=5767 mono=0 perm=0 giddiff=3381 tieok=18 | TOT t=1 recs=5767 monoT=0 permT=0 gidT=3381 tieokT=18
0:6-3:NC: L1SORTV t=694 L=4397 mono=0 perm=0 giddiff=2621 tieok=9 | TOT t=2 recs=10680 monoT=0 permT=0 gidT=5709 tieokT=44
0:6-5:NC: L1SORTV t=463 L=4399 mono=0 perm=0 giddiff=2303 tieok=33 | TOT t=2 recs=10575 monoT=0 permT=0 gidT=5983 tieokT=47
0:6-7:NC: L1SORTV t=85 L=4441 mono=0 perm=0 giddiff=2932 tieok=27 | TOT t=2 recs=10778 monoT=0 permT=0 gidT=5468 tieokT=54
0:7-0:NC: L1SORTV t=654 L=4434 mono=0 perm=0 giddiff=2740 tieok=8 | TOT t=2 recs=10872 monoT=0 permT=0 gidT=6054 tieokT=37
0:9-1:NC: L1SORTV t=40 L=3591 mono=0 perm=0 giddiff=2232 tieok=13 | TOT t=3 recs=15326 monoT=0 permT=0 gidT=9131 tieokT=65
0:9-8:NC: L1SORTV t=242 L=3360 mono=0 perm=0 giddiff=1985 tieok=12 | TOT t=3 recs=15777 monoT=0 permT=0 gidT=8675 tieokT=79
0:10-2:NC: L1SORTV t=17 L=3374 mono=0 perm=0 giddiff=2359 tieok=9 | TOT t=3 recs=16070 monoT=0 permT=0 gidT=9911 tieokT=104
0:10-5:NC: L1SORTV t=726 L=3630 mono=0 perm=0 giddiff=2076 tieok=8 | TOT t=3 recs=16415 monoT=0 permT=0 gidT=9612 tieokT=49
0:10-6:NC: L1SORTV t=653 L=3603 mono=0 perm=0 giddiff=2107 tieok=8 | TOT t=3 recs=16223 monoT=0 permT=0 gidT=9285 tieokT=64
0:10-7:NC: L1SORTV t=103 L=3361 mono=0 perm=0 giddiff=1971 tieok=3 | TOT t=3 recs=16153 monoT=0 permT=0 gidT=9846 tieokT=52
0:3-8:NC: L1SORTV t=645 L=5671 mono=0 perm=0 giddiff=3495 tieok=12 | TOT t=1 recs=5671 monoT=0 permT=0 gidT=3495 tieokT=12
0:3-9:NC: L1SORTV t=508 L=5639 mono=0 perm=0 giddiff=3291 tieok=23 | TOT t=1 recs=5639 monoT=0 permT=0 gidT=3291 tieokT=23
0:4-0:NC: L1SORTV t=315 L=5604 mono=0 perm=0 giddiff=3447 tieok=17 | TOT t=1 recs=5604 monoT=0 permT=0 gidT=3447 tieokT=17
0:4-1:NC: L1SORTV t=334 L=5740 mono=0 perm=0 giddiff=3489 tieok=32 | TOT t=1 recs=5740 monoT=0 permT=0 gidT=3489 tieokT=32
0:4-2:NC: L1SORTV t=519 L=5672 mono=0 perm=0 giddiff=2999 tieok=37 | TOT t=1 recs=5672 monoT=0 permT=0 gidT=2999 tieokT=37
0:4-3:NC: L1SORTV t=657 L=5687 mono=0 perm=0 giddiff=3521 tieok=14 | TOT t=1 recs=5687 monoT=0 permT=0 gidT=3521 tieokT=14
0:5-9:NC: L1SORTV t=655 L=4257 mono=0 perm=0 giddiff=2556 tieok=8 | TOT t=2 recs=10208 monoT=0 permT=0 gidT=5396 tieokT=40
0:6-0:NC: L1SORTV t=641 L=4259 mono=0 perm=0 giddiff=2421 tieok=13 | TOT t=2 recs=10372 monoT=0 permT=0 gidT=5388 tieokT=47
0:6-2:NC: L1SORTV t=685 L=4461 mono=0 perm=0 giddiff=2735 tieok=8 | TOT t=2 recs=10545 monoT=0 permT=0 gidT=6012 tieokT=31
0:6-4:NC: L1SORTV t=690 L=4414 mono=0 perm=0 giddiff=2693 tieok=10 | TOT t=2 recs=10658 monoT=0 permT=0 gidT=6247 tieokT=30
0:6-6:NC: L1SORTV t=541 L=4418 mono=0 perm=0 giddiff=2844 tieok=23 | TOT t=2 recs=10704 monoT=0 permT=0 gidT=5944 tieokT=50
0:6-8:NC: L1SORTV t=455 L=4463 mono=0 perm=0 giddiff=2714 tieok=74 | TOT t=2 recs=10712 monoT=0 permT=0 gidT=5820 tieokT=118
0:7-3:NC: L1SORTV t=298 L=4512 mono=0 perm=0 giddiff=2792 tieok=20 | TOT t=2 recs=10930 monoT=0 permT=0 gidT=5952 tieokT=56
0:8-2:NC: L1SORTV t=57 L=3271 mono=0 perm=0 giddiff=2053 tieok=2 | TOT t=3 recs=14723 monoT=0 permT=0 gidT=8861 tieokT=40
0:8-4:NC: L1SORTV t=223 L=3415 mono=0 perm=0 giddiff=1930 tieok=6 | TOT t=3 recs=14832 monoT=0 permT=0 gidT=8190 tieokT=41
0:8-6:NC: L1SORTV t=375 L=3545 mono=0 perm=0 giddiff=2067 tieok=12 | TOT t=3 recs=15179 monoT=0 permT=0 gidT=9075 tieokT=37
0:8-8:NC: L1SORTV t=680 L=3481 mono=0 perm=0 giddiff=2024 tieok=12 | TOT t=3 recs=15165 monoT=0 permT=0 gidT=8836 tieokT=71
0:8-9:NC: L1SORTV t=21 L=3525 mono=0 perm=0 giddiff=2479 tieok=7 | TOT t=3 recs=15128 monoT=0 permT=0 gidT=9744 tieokT=54
0:9-0:NC: L1SORTV t=609 L=3518 mono=0 perm=0 giddiff=2300 tieok=12 | TOT t=3 recs=15290 monoT=0 permT=0 gidT=9611 tieokT=40
0:9-3:NC: L1SORTV t=266 L=3624 mono=0 perm=0 giddiff=2348 tieok=11 | TOT t=3 recs=15558 monoT=0 permT=0 gidT=9283 tieokT=49
0:9-4:NC: L1SORTV t=286 L=3565 mono=0 perm=0 giddiff=2163 tieok=5 | TOT t=3 recs=15665 monoT=0 permT=0 gidT=8814 tieokT=52
0:9-5:NC: L1SORTV t=184 L=3475 mono=0 perm=0 giddiff=2203 tieok=7 | TOT t=3 recs=15410 monoT=0 permT=0 gidT=10062 tieokT=92
0:9-6:NC: L1SORTV t=344 L=3410 mono=0 perm=0 giddiff=2117 tieok=16 | TOT t=3 recs=15363 monoT=0 permT=0 gidT=9570 tieokT=84
0:9-7:NC: L1SORTV t=337 L=3340 mono=0 perm=0 giddiff=1903 tieok=25 | TOT t=3 recs=15656 monoT=0 permT=0 gidT=8293 tieokT=87
0:3-5:NC: L1SORTV t=379 L=5639 mono=0 perm=0 giddiff=3271 tieok=24 | TOT t=1 recs=5639 monoT=0 permT=0 gidT=3271 tieokT=24
0:3-6:NC: L1SORTV t=610 L=5623 mono=0 perm=0 giddiff=3623 tieok=16 | TOT t=1 recs=5623 monoT=0 permT=0 gidT=3623 tieokT=16
0:3-7:NC: L1SORTV t=393 L=5645 mono=0 perm=0 giddiff=3397 tieok=36 | TOT t=1 recs=5645 monoT=0 permT=0 gidT=3397 tieokT=36
0:5-3:NC: L1SORTV t=681 L=4196 mono=0 perm=0 giddiff=2566 tieok=6 | TOT t=2 recs=10030 monoT=0 permT=0 gidT=6060 tieokT=23
0:5-4:NC: L1SORTV t=222 L=4245 mono=0 perm=0 giddiff=2493 tieok=1 | TOT t=2 recs=10159 monoT=0 permT=0 gidT=5412 tieokT=11
0:5-7:NC: L1SORTV t=695 L=4252 mono=0 perm=0 giddiff=2457 tieok=9 | TOT t=2 recs=10199 monoT=0 permT=0 gidT=5977 tieokT=20
0:5-8:NC: L1SORTV t=86 L=4279 mono=0 perm=0 giddiff=2668 tieok=15 | TOT t=2 recs=10360 monoT=0 permT=0 gidT=6049 tieokT=39
0:6-1:NC: L1SORTV t=570 L=4345 mono=0 perm=0 giddiff=2748 tieok=10 | TOT t=2 recs=10432 monoT=0 permT=0 gidT=6451 tieokT=27
0:6-9:NC: L1SORTV t=639 L=3255 mono=0 perm=0 giddiff=2030 tieok=3 | TOT t=3 recs=13967 monoT=0 permT=0 gidT=7798 tieokT=70
0:7-7:NC: L1SORTV t=249 L=3165 mono=0 perm=0 giddiff=1885 tieok=7 | TOT t=3 recs=14166 monoT=0 permT=0 gidT=8023 tieokT=38
0:7-9:NC: L1SORTV t=71 L=3214 mono=0 perm=0 giddiff=1865 tieok=6 | TOT t=3 recs=14394 monoT=0 permT=0 gidT=8744 tieokT=26
0:8-1:NC: L1SORTV t=121 L=3651 mono=0 perm=0 giddiff=2127 tieok=5 | TOT t=3 recs=15109 monoT=0 permT=0 gidT=8318 tieokT=33
0:8-5:NC: L1SORTV t=185 L=3522 mono=0 perm=0 giddiff=2099 tieok=6 | TOT t=3 recs=14945 monoT=0 permT=0 gidT=8303 tieokT=32
0:8-7:NC: L1SORTV t=718 L=3229 mono=0 perm=0 giddiff=1828 tieok=9 | TOT t=3 recs=14780 monoT=0 permT=0 gidT=8378 tieokT=77
0:9-9:NC: L1SORTV t=710 L=2301 mono=0 perm=0 giddiff=1179 tieok=1 | TOT t=4 recs=18308 monoT=0 permT=0 gidT=10882 tieokT=36
0:10-0:NC: L1SORTV t=606 L=2438 mono=0 perm=0 giddiff=1383 tieok=5 | TOT t=4 recs=18347 monoT=0 permT=0 gidT=10957 tieokT=117
0:10-1:NC: L1SORTV t=56 L=2518 mono=0 perm=0 giddiff=1525 tieok=3 | TOT t=4 recs=18519 monoT=0 permT=0 gidT=11018 tieokT=68
0:10-3:NC: L1SORTV t=608 L=2326 mono=0 perm=0 giddiff=1523 tieok=6 | TOT t=4 recs=18537 monoT=0 permT=0 gidT=10510 tieokT=68
0:10-4:NC: L1SORTV t=3 L=2259 mono=0 perm=0 giddiff=1536 tieok=1 | TOT t=4 recs=18562 monoT=0 permT=0 gidT=11052 tieokT=62
0:10-8:NC: L1SORTV t=549 L=2460 mono=0 perm=0 giddiff=1461 tieok=0 | TOT t=4 recs=18627 monoT=0 permT=0 gidT=11003 tieokT=48
0:10-9:NC: L1SORTV t=269 L=2257 mono=0 perm=0 giddiff=1347 tieok=5 | TOT t=4 recs=18694 monoT=0 permT=0 gidT=11523 tieokT=48
0:3-0:NC: L1SORTV t=464 L=5450 mono=0 perm=0 giddiff=3113 tieok=41 | TOT t=1 recs=5450 monoT=0 permT=0 gidT=3113 tieokT=41
0:3-1:NC: L1SORTV t=471 L=5495 mono=0 perm=0 giddiff=2700 tieok=19 | TOT t=1 recs=5495 monoT=0 permT=0 gidT=2700 tieokT=19
0:3-2:NC: L1SORTV t=253 L=5462 mono=0 perm=0 giddiff=3243 tieok=4 | TOT t=1 recs=5462 monoT=0 permT=0 gidT=3243 tieokT=4
0:3-3:NC: L1SORTV t=401 L=5501 mono=0 perm=0 giddiff=3086 tieok=52 | TOT t=1 recs=5501 monoT=0 permT=0 gidT=3086 tieokT=52
0:3-4:NC: L1SORTV t=345 L=5585 mono=0 perm=0 giddiff=3540 tieok=15 | TOT t=1 recs=5585 monoT=0 permT=0 gidT=3540 tieokT=15
0:4-9:NC: L1SORTV t=362 L=4146 mono=0 perm=0 giddiff=2553 tieok=42 | TOT t=2 recs=10064 monoT=0 permT=0 gidT=6176 tieokT=91
0:5-0:NC: L1SORTV t=731 L=4187 mono=0 perm=0 giddiff=2626 tieok=11 | TOT t=2 recs=10017 monoT=0 permT=0 gidT=5233 tieokT=38
0:5-2:NC: L1SORTV t=605 L=4132 mono=0 perm=0 giddiff=2314 tieok=6 | TOT t=2 recs=9991 monoT=0 permT=0 gidT=5941 tieokT=21
0:5-5:NC: L1SORTV t=692 L=4285 mono=0 perm=0 giddiff=2300 tieok=5 | TOT t=2 recs=10338 monoT=0 permT=0 gidT=5674 tieokT=27
0:5-6:NC: L1SORTV t=697 L=4296 mono=0 perm=0 giddiff=2699 tieok=6 | TOT t=2 recs=10266 monoT=0 permT=0 gidT=5858 tieokT=51
0:6-7:NC: L1SORTV t=39 L=3189 mono=0 perm=0 giddiff=1982 tieok=12 | TOT t=3 recs=13967 monoT=0 permT=0 gidT=7450 tieokT=66
0:7-1:NC: L1SORTV t=717 L=3245 mono=0 perm=0 giddiff=1753 tieok=1 | TOT t=3 recs=14097 monoT=0 permT=0 gidT=8279 tieokT=45
0:7-2:NC: L1SORTV t=87 L=3248 mono=0 perm=0 giddiff=1974 tieok=7 | TOT t=3 recs=14018 monoT=0 permT=0 gidT=8299 tieokT=29
0:7-4:NC: L1SORTV t=120 L=3431 mono=0 perm=0 giddiff=2006 tieok=10 | TOT t=3 recs=14309 monoT=0 permT=0 gidT=8605 tieokT=36
0:7-5:NC: L1SORTV t=247 L=3455 mono=0 perm=0 giddiff=1936 tieok=6 | TOT t=3 recs=14364 monoT=0 permT=0 gidT=8103 tieokT=89
0:7-6:NC: L1SORTV t=575 L=3242 mono=0 perm=0 giddiff=1934 tieok=7 | TOT t=3 recs=14418 monoT=0 permT=0 gidT=8505 tieokT=43
0:7-8:NC: L1SORTV t=383 L=3295 mono=0 perm=0 giddiff=2306 tieok=10 | TOT t=3 recs=14405 monoT=0 permT=0 gidT=8712 tieokT=65
0:8-0:NC: L1SORTV t=317 L=3295 mono=0 perm=0 giddiff=1873 tieok=11 | TOT t=3 recs=14605 monoT=0 permT=0 gidT=8201 tieokT=59
0:8-3:NC: L1SORTV t=374 L=3565 mono=0 perm=0 giddiff=1953 tieok=0 | TOT t=3 recs=14914 monoT=0 permT=0 gidT=8081 tieokT=72
0:9-1:NC: L1SORTV t=9 L=2324 mono=0 perm=0 giddiff=1606 tieok=13 | TOT t=4 recs=17650 monoT=0 permT=0 gidT=10737 tieokT=78
0:9-2:NC: L1SORTV t=83 L=3303 mono=0 perm=0 giddiff=2034 tieok=10 | TOT t=3 recs=15257 monoT=0 permT=0 gidT=8535 tieokT=96
0:9-8:NC: L1SORTV t=35 L=2456 mono=0 perm=0 giddiff=1408 tieok=4 | TOT t=4 recs=18233 monoT=0 permT=0 gidT=10083 tieokT=83
0:10-2:NC: L1SORTV t=41 L=2575 mono=0 perm=0 giddiff=1583 tieok=14 | TOT t=4 recs=18645 monoT=0 permT=0 gidT=11494 tieokT=118
0:10-5:NC: L1SORTV t=267 L=2350 mono=0 perm=0 giddiff=1280 tieok=6 | TOT t=4 recs=18765 monoT=0 permT=0 gidT=10892 tieokT=55
0:10-6:NC: L1SORTV t=214 L=2315 mono=0 perm=0 giddiff=1410 tieok=4 | TOT t=4 recs=18538 monoT=0 permT=0 gidT=10695 tieokT=68
0:10-7:NC: L1SORTV t=755 L=2423 mono=0 perm=0 giddiff=1264 tieok=0 | TOT t=4 recs=18576 monoT=0 permT=0 gidT=11110 tieokT=52
0:2-6:NC: L1SORTV t=573 L=5567 mono=0 perm=0 giddiff=3426 tieok=7 | TOT t=1 recs=5567 monoT=0 permT=0 gidT=3426 tieokT=7
0:2-7:NC: L1SORTV t=569 L=5532 mono=0 perm=0 giddiff=3349 tieok=11 | TOT t=1 recs=5532 monoT=0 permT=0 gidT=3349 tieokT=11
0:2-8:NC: L1SORTV t=333 L=5571 mono=0 perm=0 giddiff=3394 tieok=41 | TOT t=1 recs=5571 monoT=0 permT=0 gidT=3394 tieokT=41
0:2-9:NC: L1SORTV t=439 L=5557 mono=0 perm=0 giddiff=3100 tieok=11 | TOT t=1 recs=5557 monoT=0 permT=0 gidT=3100 tieokT=11
0:4-5:NC: L1SORTV t=445 L=4176 mono=0 perm=0 giddiff=2702 tieok=13 | TOT t=2 recs=10037 monoT=0 permT=0 gidT=6094 tieokT=17
0:4-6:NC: L1SORTV t=730 L=4099 mono=0 perm=0 giddiff=2498 tieok=10 | TOT t=2 recs=9962 monoT=0 permT=0 gidT=5869 tieokT=73
0:4-7:NC: L1SORTV t=431 L=4113 mono=0 perm=0 giddiff=2038 tieok=28 | TOT t=2 recs=9915 monoT=0 permT=0 gidT=4785 tieokT=80
0:4-8:NC: L1SORTV t=760 L=4118 mono=0 perm=0 giddiff=2433 tieok=5 | TOT t=2 recs=10034 monoT=0 permT=0 gidT=5651 tieokT=20
0:5-1:NC: L1SORTV t=404 L=4165 mono=0 perm=0 giddiff=2342 tieok=4 | TOT t=2 recs=10096 monoT=0 permT=0 gidT=5661 tieokT=71
0:6-3:NC: L1SORTV t=248 L=3151 mono=0 perm=0 giddiff=1831 tieok=4 | TOT t=3 recs=13831 monoT=0 permT=0 gidT=7540 tieokT=48
0:6-5:NC: L1SORTV t=135 L=3142 mono=0 perm=0 giddiff=1812 tieok=8 | TOT t=3 recs=13717 monoT=0 permT=0 gidT=7795 tieokT=55
0:7-0:NC: L1SORTV t=308 L=3297 mono=0 perm=0 giddiff=1735 tieok=3 | TOT t=3 recs=14169 monoT=0 permT=0 gidT=7789 tieokT=40
0:8-2:NC: L1SORTV t=152 L=2580 mono=0 perm=0 giddiff=1422 tieok=5 | TOT t=4 recs=17303 monoT=0 permT=0 gidT=10283 tieokT=45
0:8-4:NC: L1SORTV t=154 L=2330 mono=0 perm=0 giddiff=1407 tieok=2 | TOT t=4 recs=17162 monoT=0 permT=0 gidT=9597 tieokT=43
0:8-6:NC: L1SORTV t=714 L=2286 mono=0 perm=0 giddiff=1229 tieok=3 | TOT t=4 recs=17465 monoT=0 permT=0 gidT=10304 tieokT=40
0:8-8:NC: L1SORTV t=55 L=2418 mono=0 perm=0 giddiff=1389 tieok=5 | TOT t=4 recs=17583 monoT=0 permT=0 gidT=10225 tieokT=76
0:8-9:NC: L1SORTV t=510 L=2372 mono=0 perm=0 giddiff=1305 tieok=5 | TOT t=4 recs=17500 monoT=0 permT=0 gidT=11049 tieokT=59
0:9-0:NC: L1SORTV t=26 L=2291 mono=0 perm=0 giddiff=1537 tieok=1 | TOT t=4 recs=17581 monoT=0 permT=0 gidT=11148 tieokT=41
0:9-3:NC: L1SORTV t=123 L=2246 mono=0 perm=0 giddiff=1341 tieok=2 | TOT t=4 recs=17804 monoT=0 permT=0 gidT=10624 tieokT=51
0:9-4:NC: L1SORTV t=234 L=2287 mono=0 perm=0 giddiff=1313 tieok=1 | TOT t=4 recs=17952 monoT=0 permT=0 gidT=10127 tieokT=53
0:9-5:NC: L1SORTV t=218 L=2314 mono=0 perm=0 giddiff=1323 tieok=0 | TOT t=4 recs=17724 monoT=0 permT=0 gidT=11385 tieokT=92
0:9-6:NC: L1SORTV t=189 L=2532 mono=0 perm=0 giddiff=1528 tieok=0 | TOT t=4 recs=17895 monoT=0 permT=0 gidT=11098 tieokT=84
0:9-7:NC: L1SORTV t=53 L=2381 mono=0 perm=0 giddiff=1423 tieok=10 | TOT t=4 recs=18037 monoT=0 permT=0 gidT=9716 tieokT=97
0:2-3:NC: L1SORTV t=462 L=5427 mono=0 perm=0 giddiff=2817 tieok=29 | TOT t=1 recs=5427 monoT=0 permT=0 gidT=2817 tieokT=29
0:2-4:NC: L1SORTV t=643 L=5398 mono=0 perm=0 giddiff=3017 tieok=11 | TOT t=1 recs=5398 monoT=0 permT=0 gidT=3017 tieokT=11
0:2-5:NC: L1SORTV t=408 L=5565 mono=0 perm=0 giddiff=3102 tieok=8 | TOT t=1 recs=5565 monoT=0 permT=0 gidT=3102 tieokT=8
0:3-8:NC: L1SORTV t=400 L=4064 mono=0 perm=0 giddiff=2280 tieok=17 | TOT t=2 recs=9735 monoT=0 permT=0 gidT=5775 tieokT=29
0:4-0:NC: L1SORTV t=412 L=4085 mono=0 perm=0 giddiff=2228 tieok=9 | TOT t=2 recs=9689 monoT=0 permT=0 gidT=5675 tieokT=26
0:4-1:NC: L1SORTV t=701 L=4163 mono=0 perm=0 giddiff=2514 tieok=21 | TOT t=2 recs=9903 monoT=0 permT=0 gidT=6003 tieokT=53
0:4-3:NC: L1SORTV t=84 L=4149 mono=0 perm=0 giddiff=2692 tieok=31 | TOT t=2 recs=9836 monoT=0 permT=0 gidT=6213 tieokT=45
0:4-4:NC: L1SORTV t=284 L=4135 mono=0 perm=0 giddiff=2279 tieok=8 | TOT t=2 recs=9902 monoT=0 permT=0 gidT=5660 tieokT=26
0:5-3:NC: L1SORTV t=216 L=2973 mono=0 perm=0 giddiff=1727 tieok=6 | TOT t=3 recs=13003 monoT=0 permT=0 gidT=7787 tieokT=29
0:5-7:NC: L1SORTV t=168 L=3117 mono=0 perm=0 giddiff=1802 tieok=2 | TOT t=3 recs=13316 monoT=0 permT=0 gidT=7779 tieokT=22
0:5-8:NC: L1SORTV t=271 L=3124 mono=0 perm=0 giddiff=1798 tieok=4 | TOT t=3 recs=13484 monoT=0 permT=0 gidT=7847 tieokT=43
0:5-9:NC: L1SORTV t=16 L=3071 mono=0 perm=0 giddiff=2103 tieok=3 | TOT t=3 recs=13279 monoT=0 permT=0 gidT=7499 tieokT=43
0:6-0:NC: L1SORTV t=446 L=3062 mono=0 perm=0 giddiff=1913 tieok=3 | TOT t=3 recs=13434 monoT=0 permT=0 gidT=7301 tieokT=50
0:6-2:NC: L1SORTV t=331 L=3085 mono=0 perm=0 giddiff=1858 tieok=22 | TOT t=3 recs=13630 monoT=0 permT=0 gidT=7870 tieokT=53
0:6-4:NC: L1SORTV t=153 L=3133 mono=0 perm=0 giddiff=1932 tieok=8 | TOT t=3 recs=13791 monoT=0 permT=0 gidT=8179 tieokT=38
0:6-6:NC: L1SORTV t=246 L=3103 mono=0 perm=0 giddiff=2003 tieok=5 | TOT t=3 recs=13807 monoT=0 permT=0 gidT=7947 tieokT=55
0:6-9:NC: L1SORTV t=4 L=2566 mono=0 perm=0 giddiff=1708 tieok=0 | TOT t=4 recs=16533 monoT=0 permT=0 gidT=9506 tieokT=70
0:7-3:NC: L1SORTV t=191 L=3258 mono=0 perm=0 giddiff=1921 tieok=3 | TOT t=3 recs=14188 monoT=0 permT=0 gidT=7873 tieokT=59
0:7-7:NC: L1SORTV t=22 L=2515 mono=0 perm=0 giddiff=1657 tieok=5 | TOT t=4 recs=16681 monoT=0 permT=0 gidT=9680 tieokT=43
0:7-9:NC: L1SORTV t=15 L=2715 mono=0 perm=0 giddiff=1807 tieok=8 | TOT t=4 recs=17109 monoT=0 permT=0 gidT=10551 tieokT=34
0:8-1:NC: L1SORTV t=243 L=2222 mono=0 perm=0 giddiff=1265 tieok=3 | TOT t=4 recs=17331 monoT=0 permT=0 gidT=9583 tieokT=36
0:8-5:NC: L1SORTV t=106 L=2363 mono=0 perm=0 giddiff=1387 tieok=8 | TOT t=4 recs=17308 monoT=0 permT=0 gidT=9690 tieokT=40
0:8-7:NC: L1SORTV t=240 L=2624 mono=0 perm=0 giddiff=1545 tieok=9 | TOT t=4 recs=17404 monoT=0 permT=0 gidT=9923 tieokT=86
0:2-0:NC: L1SORTV t=506 L=5341 mono=0 perm=0 giddiff=2833 tieok=10 | TOT t=1 recs=5341 monoT=0 permT=0 gidT=2833 tieokT=10
0:2-1:NC: L1SORTV t=368 L=5435 mono=0 perm=0 giddiff=1953 tieok=22 | TOT t=1 recs=5435 monoT=0 permT=0 gidT=1953 tieokT=22
0:2-2:NC: L1SORTV t=307 L=5510 mono=0 perm=0 giddiff=3157 tieok=15 | TOT t=1 recs=5510 monoT=0 permT=0 gidT=3157 tieokT=15
0:3-5:NC: L1SORTV t=89 L=4033 mono=0 perm=0 giddiff=2370 tieok=7 | TOT t=2 recs=9672 monoT=0 permT=0 gidT=5641 tieokT=31
0:4-2:NC: L1SORTV t=518 L=4163 mono=0 perm=0 giddiff=2374 tieok=28 | TOT t=2 recs=9835 monoT=0 permT=0 gidT=5373 tieokT=65
0:5-0:NC: L1SORTV t=391 L=2892 mono=0 perm=0 giddiff=1617 tieok=14 | TOT t=3 recs=12909 monoT=0 permT=0 gidT=6850 tieokT=52
0:5-2:NC: L1SORTV t=6 L=2989 mono=0 perm=0 giddiff=2004 tieok=5 | TOT t=3 recs=12980 monoT=0 permT=0 gidT=7945 tieokT=26
0:5-4:NC: L1SORTV t=14 L=3005 mono=0 perm=0 giddiff=2066 tieok=6 | TOT t=3 recs=13164 monoT=0 permT=0 gidT=7478 tieokT=17
0:5-5:NC: L1SORTV t=101 L=3045 mono=0 perm=0 giddiff=1734 tieok=8 | TOT t=3 recs=13383 monoT=0 permT=0 gidT=7408 tieokT=35
0:5-6:NC: L1SORTV t=236 L=2976 mono=0 perm=0 giddiff=1844 tieok=10 | TOT t=3 recs=13242 monoT=0 permT=0 gidT=7702 tieokT=61
0:6-1:NC: L1SORTV t=220 L=3100 mono=0 perm=0 giddiff=1993 tieok=8 | TOT t=3 recs=13532 monoT=0 permT=0 gidT=8444 tieokT=35
0:6-7:NC: L1SORTV t=748 L=2362 mono=0 perm=0 giddiff=1256 tieok=4 | TOT t=4 recs=16329 monoT=0 permT=0 gidT=8706 tieokT=70
0:6-8:NC: L1SORTV t=359 L=3152 mono=0 perm=0 giddiff=2204 tieok=39 | TOT t=3 recs=13864 monoT=0 permT=0 gidT=8024 tieokT=157
0:7-1:NC: L1SORTV t=134 L=2621 mono=0 perm=0 giddiff=1418 tieok=4 | TOT t=4 recs=16718 monoT=0 permT=0 gidT=9697 tieokT=49
0:7-2:NC: L1SORTV t=23 L=2595 mono=0 perm=0 giddiff=1806 tieok=4 | TOT t=4 recs=16613 monoT=0 permT=0 gidT=10105 tieokT=33
0:7-4:NC: L1SORTV t=301 L=2274 mono=0 perm=0 giddiff=1290 tieok=2 | TOT t=4 recs=16583 monoT=0 permT=0 gidT=9895 tieokT=38
0:7-5:NC: L1SORTV t=279 L=2367 mono=0 perm=0 giddiff=1325 tieok=5 | TOT t=4 recs=16731 monoT=0 permT=0 gidT=9428 tieokT=94
0:7-6:NC: L1SORTV t=734 L=2573 mono=0 perm=0 giddiff=1355 tieok=0 | TOT t=4 recs=16991 monoT=0 permT=0 gidT=9860 tieokT=43
0:7-8:NC: L1SORTV t=208 L=2473 mono=0 perm=0 giddiff=1469 tieok=8 | TOT t=4 recs=16878 monoT=0 permT=0 gidT=10181 tieokT=73
0:8-0:NC: L1SORTV t=372 L=2489 mono=0 perm=0 giddiff=1381 tieok=4 | TOT t=4 recs=17094 monoT=0 permT=0 gidT=9582 tieokT=63
0:8-3:NC: L1SORTV t=447 L=2381 mono=0 perm=0 giddiff=1530 tieok=5 | TOT t=4 recs=17295 monoT=0 permT=0 gidT=9611 tieokT=77
0:9-2:NC: L1SORTV t=281 L=2457 mono=0 perm=0 giddiff=1426 tieok=9 | TOT t=4 recs=17714 monoT=0 permT=0 gidT=9961 tieokT=105
0:10-0:NC: L1SORTV t=873 L=234 mono=0 perm=0 giddiff=52 tieok=0 | TOT t=8 recs=21533 monoT=0 permT=0 gidT=12685 tieokT=121
0:1-6:NC: L1SORTV t=392 L=5277 mono=0 perm=0 giddiff=2993 tieok=34 | TOT t=1 recs=5277 monoT=0 permT=0 gidT=2993 tieokT=34
0:1-7:NC: L1SORTV t=652 L=5285 mono=0 perm=0 giddiff=3211 tieok=8 | TOT t=1 recs=5285 monoT=0 permT=0 gidT=3211 tieokT=8
0:1-8:NC: L1SORTV t=473 L=5315 mono=0 perm=0 giddiff=2614 tieok=18 | TOT t=1 recs=5315 monoT=0 permT=0 gidT=2614 tieokT=18
0:1-9:NC: L1SORTV t=567 L=5361 mono=0 perm=0 giddiff=3235 tieok=9 | TOT t=1 recs=5361 monoT=0 permT=0 gidT=3235 tieokT=9
0:3-2:NC: L1SORTV t=733 L=3882 mono=0 perm=0 giddiff=2297 tieok=7 | TOT t=2 recs=9344 monoT=0 permT=0 gidT=5540 tieokT=11
0:3-4:NC: L1SORTV t=693 L=4024 mono=0 perm=0 giddiff=2263 tieok=4 | TOT t=2 recs=9609 monoT=0 permT=0 gidT=5803 tieokT=19
0:3-6:NC: L1SORTV t=376 L=4092 mono=0 perm=0 giddiff=2402 tieok=10 | TOT t=2 recs=9715 monoT=0 permT=0 gidT=6025 tieokT=26
0:3-7:NC: L1SORTV t=682 L=4036 mono=0 perm=0 giddiff=2426 tieok=9 | TOT t=2 recs=9681 monoT=0 permT=0 gidT=5823 tieokT=45
0:3-9:NC: L1SORTV t=406 L=4059 mono=0 perm=0 giddiff=2087 tieok=18 | TOT t=2 recs=9698 monoT=0 permT=0 gidT=5378 tieokT=41
0:4-5:NC: L1SORTV t=104 L=2955 mono=0 perm=0 giddiff=1800 tieok=7 | TOT t=3 recs=12992 monoT=0 permT=0 gidT=7894 tieokT=24
0:4-6:NC: L1SORTV t=151 L=2917 mono=0 perm=0 giddiff=1825 tieok=6 | TOT t=3 recs=12879 monoT=0 permT=0 gidT=7694 tieokT=79
0:4-9:NC: L1SORTV t=270 L=2874 mono=0 perm=0 giddiff=1741 tieok=5 | TOT t=3 recs=12938 monoT=0 permT=0 gidT=7917 tieokT=96
0:6-3:NC: L1SORTV t=542 L=2410 mono=0 perm=0 giddiff=1503 tieok=9 | TOT t=4 recs=16241 monoT=0 permT=0 gidT=9043 tieokT=57
0:6-5:NC: L1SORTV t=711 L=2292 mono=0 perm=0 giddiff=1216 tieok=1 | TOT t=4 recs=16009 monoT=0 permT=0 gidT=9011 tieokT=56
0:7-0:NC: L1SORTV t=51 L=2576 mono=0 perm=0 giddiff=1623 tieok=10 | TOT t=4 recs=16745 monoT=0 permT=0 gidT=9412 tieokT=50
0:9-9:NC: L1SORTV t=982 L=150 mono=0 perm=0 giddiff=22 tieok=0 | TOT t=9 recs=21978 monoT=0 permT=0 gidT=12943 tieokT=40
0:10-1:NC: L1SORTV t=918 L=136 mono=0 perm=0 giddiff=15 tieok=0 | TOT t=9 recs=21814 monoT=0 permT=0 gidT=12541 tieokT=71
0:10-3:NC: L1SORTV t=885 L=135 mono=0 perm=0 giddiff=16 tieok=0 | TOT t=9 recs=22124 monoT=0 permT=0 gidT=12342 tieokT=69
0:10-4:NC: L1SORTV t=1007 L=116 mono=0 perm=0 giddiff=0 tieok=0 | TOT t=9 recs=22093 monoT=0 permT=0 gidT=12618 tieokT=64
0:10-8:NC: L1SORTV t=897 L=240 mono=0 perm=0 giddiff=48 tieok=0 | TOT t=8 recs=21837 monoT=0 permT=0 gidT=12556 tieokT=53
0:10-9:NC: L1SORTV t=929 L=138 mono=0 perm=0 giddiff=15 tieok=0 | TOT t=9 recs=22153 monoT=0 permT=0 gidT=13256 tieokT=49
0:1-3:NC: L1SORTV t=466 L=5168 mono=0 perm=0 giddiff=2375 tieok=19 | TOT t=1 recs=5168 monoT=0 permT=0 gidT=2375 tieokT=19
0:1-4:NC: L1SORTV t=252 L=5239 mono=0 perm=0 giddiff=3245 tieok=11 | TOT t=1 recs=5239 monoT=0 permT=0 gidT=3245 tieokT=11
0:1-5:NC: L1SORTV t=571 L=5208 mono=0 perm=0 giddiff=3056 tieok=11 | TOT t=1 recs=5208 monoT=0 permT=0 gidT=3056 tieokT=11
0:2-8:NC: L1SORTV t=699 L=3884 mono=0 perm=0 giddiff=2421 tieok=5 | TOT t=2 recs=9455 monoT=0 permT=0 gidT=5815 tieokT=46
0:3-0:NC: L1SORTV t=319 L=3991 mono=0 perm=0 giddiff=2507 tieok=12 | TOT t=2 recs=9441 monoT=0 permT=0 gidT=5620 tieokT=53
0:3-1:NC: L1SORTV t=119 L=3975 mono=0 perm=0 giddiff=2467 tieok=9 | TOT t=2 recs=9470 monoT=0 permT=0 gidT=5167 tieokT=28
0:3-3:NC: L1SORTV t=407 L=3969 mono=0 perm=0 giddiff=2024 tieok=10 | TOT t=2 recs=9470 monoT=0 permT=0 gidT=5110 tieokT=62
0:4-1:NC: L1SORTV t=415 L=2884 mono=0 perm=0 giddiff=1938 tieok=6 | TOT t=3 recs=12787 monoT=0 permT=0 gidT=7941 tieokT=59
0:4-3:NC: L1SORTV t=116 L=2884 mono=0 perm=0 giddiff=1632 tieok=14 | TOT t=3 recs=12720 monoT=0 permT=0 gidT=7845 tieokT=59
0:4-4:NC: L1SORTV t=190 L=2966 mono=0 perm=0 giddiff=1841 tieok=1 | TOT t=3 recs=12868 monoT=0 permT=0 gidT=7501 tieokT=27
0:4-7:NC: L1SORTV t=217 L=2974 mono=0 perm=0 giddiff=1778 tieok=3 | TOT t=3 recs=12889 monoT=0 permT=0 gidT=6563 tieokT=83
0:4-8:NC: L1SORTV t=73 L=2933 mono=0 perm=0 giddiff=1814 tieok=18 | TOT t=3 recs=12967 monoT=0 permT=0 gidT=7465 tieokT=38
0:5-1:NC: L1SORTV t=287 L=3000 mono=0 perm=0 giddiff=1895 tieok=10 | TOT t=3 recs=13096 monoT=0 permT=0 gidT=7556 tieokT=81
0:5-2:NC: L1SORTV t=713 L=2184 mono=0 perm=0 giddiff=1171 tieok=5 | TOT t=4 recs=15164 monoT=0 permT=0 gidT=9116 tieokT=31
0:5-3:NC: L1SORTV t=137 L=2190 mono=0 perm=0 giddiff=1306 tieok=4 | TOT t=4 recs=15193 monoT=0 permT=0 gidT=9093 tieokT=33
0:5-7:NC: L1SORTV t=210 L=2309 mono=0 perm=0 giddiff=1399 tieok=0 | TOT t=4 recs=15625 monoT=0 permT=0 gidT=9178 tieokT=22
0:5-8:NC: L1SORTV t=91 L=2172 mono=0 perm=0 giddiff=1394 tieok=0 | TOT t=4 recs=15656 monoT=0 permT=0 gidT=9241 tieokT=43
0:5-9:NC: L1SORTV t=728 L=2181 mono=0 perm=0 giddiff=1281 tieok=7 | TOT t=4 recs=15460 monoT=0 permT=0 gidT=8780 tieokT=50
0:6-0:NC: L1SORTV t=18 L=2185 mono=0 perm=0 giddiff=1450 tieok=8 | TOT t=4 recs=15619 monoT=0 permT=0 gidT=8751 tieokT=58
0:6-2:NC: L1SORTV t=413 L=2284 mono=0 perm=0 giddiff=1430 tieok=10 | TOT t=4 recs=15914 monoT=0 permT=0 gidT=9300 tieokT=63
0:6-4:NC: L1SORTV t=486 L=2392 mono=0 perm=0 giddiff=1471 tieok=10 | TOT t=4 recs=16183 monoT=0 permT=0 gidT=9650 tieokT=48
0:6-6:NC: L1SORTV t=238 L=2449 mono=0 perm=0 giddiff=1467 tieok=2 | TOT t=4 recs=16256 monoT=0 permT=0 gidT=9414 tieokT=57
0:7-3:NC: L1SORTV t=136 L=2604 mono=0 perm=0 giddiff=1550 tieok=6 | TOT t=4 recs=16792 monoT=0 permT=0 gidT=9423 tieokT=65
0:9-1:NC: L1SORTV t=962 L=136 mono=0 perm=0 giddiff=12 tieok=0 | TOT t=9 recs=21041 monoT=0 permT=0 gidT=12309 tieokT=80
0:9-4:NC: L1SORTV t=856 L=279 mono=0 perm=0 giddiff=72 tieok=0 | TOT t=8 recs=20962 monoT=0 permT=0 gidT=11667 tieokT=57
0:9-8:NC: L1SORTV t=810 L=311 mono=0 perm=0 giddiff=87 tieok=0 | TOT t=8 recs=21573 monoT=0 permT=0 gidT=11721 tieokT=83
0:10-2:NC: L1SORTV t=917 L=138 mono=0 perm=0 giddiff=17 tieok=0 | TOT t=9 recs=21754 monoT=0 permT=0 gidT=12982 tieokT=125
0:10-5:NC: L1SORTV t=985 L=144 mono=0 perm=0 giddiff=17 tieok=0 | TOT t=9 recs=22138 monoT=0 permT=0 gidT=12593 tieokT=62
0:10-6:NC: L1SORTV t=768 L=182 mono=0 perm=0 giddiff=72 tieok=0 | TOT t=9 recs=22114 monoT=0 permT=0 gidT=12647 tieokT=70
0:10-7:NC: L1SORTV t=839 L=246 mono=0 perm=0 giddiff=59 tieok=0 | TOT t=8 recs=21832 monoT=0 permT=0 gidT=12752 tieokT=58
0:2-4:NC: L1SORTV t=700 L=3789 mono=0 perm=0 giddiff=2328 tieok=4 | TOT t=2 recs=9187 monoT=0 permT=0 gidT=5345 tieokT=15
0:2-6:NC: L1SORTV t=757 L=3813 mono=0 perm=0 giddiff=2192 tieok=4 | TOT t=2 recs=9380 monoT=0 permT=0 gidT=5618 tieokT=11
0:2-7:NC: L1SORTV t=716 L=3923 mono=0 perm=0 giddiff=2242 tieok=9 | TOT t=2 recs=9455 monoT=0 permT=0 gidT=5591 tieokT=20
0:2-9:NC: L1SORTV t=338 L=3860 mono=0 perm=0 giddiff=2363 tieok=34 | TOT t=2 recs=9417 monoT=0 permT=0 gidT=5463 tieokT=45
0:3-8:NC: L1SORTV t=350 L=3023 mono=0 perm=0 giddiff=1863 tieok=18 | TOT t=3 recs=12758 monoT=0 permT=0 gidT=7638 tieokT=47
0:4-0:NC: L1SORTV t=349 L=2899 mono=0 perm=0 giddiff=1678 tieok=9 | TOT t=3 recs=12588 monoT=0 permT=0 gidT=7353 tieokT=35
0:5-0:NC: L1SORTV t=58 L=2129 mono=0 perm=0 giddiff=1162 tieok=0 | TOT t=4 recs=15038 monoT=0 permT=0 gidT=8012 tieokT=52
0:5-4:NC: L1SORTV t=74 L=2160 mono=0 perm=0 giddiff=1238 tieok=9 | TOT t=4 recs=15324 monoT=0 permT=0 gidT=8716 tieokT=26
0:5-5:NC: L1SORTV t=751 L=2126 mono=0 perm=0 giddiff=1211 tieok=0 | TOT t=4 recs=15509 monoT=0 permT=0 gidT=8619 tieokT=35
0:5-6:NC: L1SORTV t=124 L=2193 mono=0 perm=0 giddiff=1324 tieok=5 | TOT t=4 recs=15435 monoT=0 permT=0 gidT=9026 tieokT=66
0:6-1:NC: L1SORTV t=303 L=2206 mono=0 perm=0 giddiff=1239 tieok=1 | TOT t=4 recs=15738 monoT=0 permT=0 gidT=9683 tieokT=36
0:6-8:NC: L1SORTV t=276 L=2383 mono=0 perm=0 giddiff=1299 tieok=1 | TOT t=4 recs=16247 monoT=0 permT=0 gidT=9323 tieokT=158
0:8-2:NC: L1SORTV t=840 L=229 mono=0 perm=0 giddiff=40 tieok=0 | TOT t=8 recs=20528 monoT=0 permT=0 gidT=11670 tieokT=49
0:8-4:NC: L1SORTV t=942 L=245 mono=0 perm=0 giddiff=59 tieok=0 | TOT t=8 recs=20410 monoT=0 permT=0 gidT=11276 tieokT=45
0:8-5:NC: L1SORTV t=146 L=303 mono=0 perm=0 giddiff=74 tieok=0 | TOT t=8 recs=20395 monoT=0 permT=0 gidT=11095 tieokT=47
0:8-6:NC: L1SORTV t=949 L=163 mono=0 perm=0 giddiff=32 tieok=0 | TOT t=9 recs=20764 monoT=0 permT=0 gidT=11974 tieokT=46
0:8-8:NC: L1SORTV t=886 L=147 mono=0 perm=0 giddiff=15 tieok=0 | TOT t=9 recs=20863 monoT=0 permT=0 gidT=11863 tieokT=78
0:8-9:NC: L1SORTV t=989 L=161 mono=0 perm=0 giddiff=11 tieok=0 | TOT t=9 recs=21236 monoT=0 permT=0 gidT=13117 tieokT=61
0:9-0:NC: L1SORTV t=961 L=127 mono=0 perm=0 giddiff=16 tieok=0 | TOT t=9 recs=21066 monoT=0 permT=0 gidT=12882 tieokT=48
0:9-3:NC: L1SORTV t=988 L=150 mono=0 perm=0 giddiff=11 tieok=0 | TOT t=9 recs=21450 monoT=0 permT=0 gidT=12293 tieokT=51
0:9-5:NC: L1SORTV t=952 L=217 mono=0 perm=0 giddiff=33 tieok=0 | TOT t=8 recs=21016 monoT=0 permT=0 gidT=12944 tieokT=95
0:9-6:NC: L1SORTV t=815 L=233 mono=0 perm=0 giddiff=57 tieok=2 | TOT t=8 recs=21206 monoT=0 permT=0 gidT=12778 tieokT=88
0:9-7:NC: L1SORTV t=987 L=141 mono=0 perm=0 giddiff=2 tieok=0 | TOT t=9 recs=21494 monoT=0 permT=0 gidT=11317 tieokT=99
0:0-9:NC: L1SORTV t=644 L=5070 mono=0 perm=0 giddiff=2921 tieok=5 | TOT t=1 recs=5070 monoT=0 permT=0 gidT=2921 tieokT=5
0:1-0:NC: L1SORTV t=658 L=5130 mono=0 perm=0 giddiff=3119 tieok=20 | TOT t=1 recs=5130 monoT=0 permT=0 gidT=3119 tieokT=20
0:1-1:NC: L1SORTV t=475 L=5113 mono=0 perm=0 giddiff=2829 tieok=28 | TOT t=1 recs=5113 monoT=0 permT=0 gidT=2829 tieokT=28
0:1-2:NC: L1SORTV t=550 L=5093 mono=0 perm=0 giddiff=3088 tieok=18 | TOT t=1 recs=5093 monoT=0 permT=0 gidT=3088 tieokT=18
0:2-0:NC: L1SORTV t=761 L=3850 mono=0 perm=0 giddiff=2155 tieok=9 | TOT t=2 recs=9191 monoT=0 permT=0 gidT=4988 tieokT=19
0:2-1:NC: L1SORTV t=696 L=3755 mono=0 perm=0 giddiff=2290 tieok=16 | TOT t=2 recs=9190 monoT=0 permT=0 gidT=4243 tieokT=38
0:2-3:NC: L1SORTV t=305 L=3814 mono=0 perm=0 giddiff=2269 tieok=8 | TOT t=2 recs=9241 monoT=0 permT=0 gidT=5086 tieokT=37
0:2-5:NC: L1SORTV t=477 L=3853 mono=0 perm=0 giddiff=2346 tieok=7 | TOT t=2 recs=9418 monoT=0 permT=0 gidT=5448 tieokT=15
0:3-2:NC: L1SORTV t=187 L=2799 mono=0 perm=0 giddiff=1620 tieok=2 | TOT t=3 recs=12143 monoT=0 permT=0 gidT=7160 tieokT=13
0:3-4:NC: L1SORTV t=118 L=2828 mono=0 perm=0 giddiff=1628 tieok=12 | TOT t=3 recs=12437 monoT=0 permT=0 gidT=7431 tieokT=31
0:3-5:NC: L1SORTV t=371 L=2783 mono=0 perm=0 giddiff=1600 tieok=7 | TOT t=3 recs=12455 monoT=0 permT=0 gidT=7241 tieokT=38
0:3-6:NC: L1SORTV t=360 L=2827 mono=0 perm=0 giddiff=1738 tieok=9 | TOT t=3 recs=12542 monoT=0 permT=0 gidT=7763 tieokT=35
0:3-7:NC: L1SORTV t=49 L=2905 mono=0 perm=0 giddiff=1775 tieok=11 | TOT t=3 recs=12586 monoT=0 permT=0 gidT=7598 tieokT=56
0:4-1:NC: L1SORTV t=140 L=2160 mono=0 perm=0 giddiff=1377 tieok=15 | TOT t=4 recs=14947 monoT=0 permT=0 gidT=9318 tieokT=74
0:4-2:NC: L1SORTV t=727 L=2969 mono=0 perm=0 giddiff=1691 tieok=14 | TOT t=3 recs=12804 monoT=0 permT=0 gidT=7064 tieokT=79
0:4-5:NC: L1SORTV t=767 L=2079 mono=0 perm=0 giddiff=1116 tieok=4 | TOT t=4 recs=15071 monoT=0 permT=0 gidT=9010 tieokT=28
0:4-6:NC: L1SORTV t=186 L=2197 mono=0 perm=0 giddiff=1298 tieok=0 | TOT t=4 recs=15076 monoT=0 permT=0 gidT=8992 tieokT=79
0:4-9:NC: L1SORTV t=543 L=2060 mono=0 perm=0 giddiff=1315 tieok=7 | TOT t=4 recs=14998 monoT=0 permT=0 gidT=9232 tieokT=103
0:6-9:NC: L1SORTV t=147 L=316 mono=0 perm=0 giddiff=80 tieok=0 | TOT t=8 recs=19844 monoT=0 permT=0 gidT=11058 tieokT=73
0:7-7:NC: L1SORTV t=930 L=157 mono=0 perm=0 giddiff=12 tieok=0 | TOT t=9 recs=20265 monoT=0 permT=0 gidT=11375 tieokT=46
0:7-9:NC: L1SORTV t=114 L=197 mono=0 perm=0 giddiff=37 tieok=0 | TOT t=9 recs=20658 monoT=0 permT=0 gidT=12382 tieokT=42
0:8-1:NC: L1SORTV t=845 L=215 mono=0 perm=0 giddiff=55 tieok=0 | TOT t=9 recs=20890 monoT=0 permT=0 gidT=11409 tieokT=45
0:8-7:NC: L1SORTV t=928 L=155 mono=0 perm=0 giddiff=36 tieok=0 | TOT t=9 recs=20771 monoT=0 permT=0 gidT=11586 tieokT=86
0:0-8:NC: L1SORTV t=283 L=4987 mono=0 perm=0 giddiff=3045 tieok=1 | TOT t=1 recs=4987 monoT=0 permT=0 gidT=3045 tieokT=1
0:1-7:NC: L1SORTV t=574 L=3778 mono=0 perm=0 giddiff=2314 tieok=2 | TOT t=2 recs=9063 monoT=0 permT=0 gidT=5525 tieokT=10
0:1-8:NC: L1SORTV t=683 L=3791 mono=0 perm=0 giddiff=2286 tieok=2 | TOT t=2 recs=9106 monoT=0 permT=0 gidT=4900 tieokT=20
0:1-9:NC: L1SORTV t=719 L=3757 mono=0 perm=0 giddiff=2225 tieok=7 | TOT t=2 recs=9118 monoT=0 permT=0 gidT=5460 tieokT=16
0:2-2:NC: L1SORTV t=285 L=3840 mono=0 perm=0 giddiff=2247 tieok=10 | TOT t=2 recs=9350 monoT=0 permT=0 gidT=5404 tieokT=25
0:2-8:NC: L1SORTV t=54 L=2735 mono=0 perm=0 giddiff=1665 tieok=7 | TOT t=3 recs=12190 monoT=0 permT=0 gidT=7480 tieokT=53
0:3-0:NC: L1SORTV t=312 L=2794 mono=0 perm=0 giddiff=1786 tieok=13 | TOT t=3 recs=12235 monoT=0 permT=0 gidT=7406 tieokT=66
0:3-1:NC: L1SORTV t=676 L=2761 mono=0 perm=0 giddiff=1543 tieok=2 | TOT t=3 recs=12231 monoT=0 permT=0 gidT=6710 tieokT=30
0:3-8:NC: L1SORTV t=155 L=2208 mono=0 perm=0 giddiff=1323 tieok=2 | TOT t=4 recs=14966 monoT=0 permT=0 gidT=8961 tieokT=49
0:3-9:NC: L1SORTV t=219 L=2885 mono=0 perm=0 giddiff=1771 tieok=9 | TOT t=3 recs=12583 monoT=0 permT=0 gidT=7149 tieokT=50
0:4-0:NC: L1SORTV t=330 L=2153 mono=0 perm=0 giddiff=1366 tieok=19 | TOT t=4 recs=14741 monoT=0 permT=0 gidT=8719 tieokT=54
0:4-3:NC: L1SORTV t=712 L=2166 mono=0 perm=0 giddiff=1174 tieok=2 | TOT t=4 recs=14886 monoT=0 permT=0 gidT=9019 tieokT=61
0:4-4:NC: L1SORTV t=766 L=2106 mono=0 perm=0 giddiff=1019 tieok=2 | TOT t=4 recs=14974 monoT=0 permT=0 gidT=8520 tieokT=29
0:4-7:NC: L1SORTV t=791 L=2093 mono=0 perm=0 giddiff=998 tieok=1 | TOT t=4 recs=14982 monoT=0 permT=0 gidT=7561 tieokT=84
0:4-8:NC: L1SORTV t=207 L=2256 mono=0 perm=0 giddiff=1411 tieok=10 | TOT t=4 recs=15223 monoT=0 permT=0 gidT=8876 tieokT=48
0:5-1:NC: L1SORTV t=231 L=2292 mono=0 perm=0 giddiff=1300 tieok=3 | TOT t=4 recs=15388 monoT=0 permT=0 gidT=8856 tieokT=84
0:6-7:NC: L1SORTV t=323 L=244 mono=0 perm=0 giddiff=65 tieok=0 | TOT t=8 recs=19408 monoT=0 permT=0 gidT=10302 tieokT=73
0:7-1:NC: L1SORTV t=290 L=254 mono=0 perm=0 giddiff=76 tieok=0 | TOT t=8 recs=19999 monoT=0 permT=0 gidT=11297 tieokT=59
0:7-2:NC: L1SORTV t=960 L=152 mono=0 perm=0 giddiff=39 tieok=0 | TOT t=9 recs=20164 monoT=0 permT=0 gidT=12012 tieokT=33
0:7-4:NC: L1SORTV t=963 L=181 mono=0 perm=0 giddiff=19 tieok=0 | TOT t=9 recs=20234 monoT=0 permT=0 gidT=11451 tieokT=42
0:7-5:NC: L1SORTV t=934 L=222 mono=0 perm=0 giddiff=29 tieok=0 | TOT t=8 recs=19713 monoT=0 permT=0 gidT=10806 tieokT=97
0:7-6:NC: L1SORTV t=993 L=145 mono=0 perm=0 giddiff=25 tieok=0 | TOT t=9 recs=20430 monoT=0 permT=0 gidT=11525 tieokT=43
0:7-8:NC: L1SORTV t=880 L=201 mono=0 perm=0 giddiff=43 tieok=0 | TOT t=8 recs=20049 monoT=0 permT=0 gidT=11626 tieokT=76
0:8-0:NC: L1SORTV t=841 L=211 mono=0 perm=0 giddiff=49 tieok=0 | TOT t=8 recs=20438 monoT=0 permT=0 gidT=11104 tieokT=63
0:8-3:NC: L1SORTV t=983 L=168 mono=0 perm=0 giddiff=22 tieok=0 | TOT t=9 recs=20710 monoT=0 permT=0 gidT=11201 tieokT=84
0:9-2:NC: L1SORTV t=932 L=236 mono=0 perm=0 giddiff=47 tieok=0 | TOT t=8 recs=21050 monoT=0 permT=0 gidT=11733 tieokT=106
0:0-6:NC: L1SORTV t=732 L=4432 mono=0 perm=0 giddiff=2649 tieok=6 | TOT t=1 recs=4432 monoT=0 permT=0 gidT=2649 tieokT=6
0:0-7:NC: L1SORTV t=405 L=4505 mono=0 perm=0 giddiff=2380 tieok=9 | TOT t=1 recs=4505 monoT=0 permT=0 gidT=2380 tieokT=9
0:1-4:NC: L1SORTV t=316 L=3728 mono=0 perm=0 giddiff=2064 tieok=16 | TOT t=2 recs=8967 monoT=0 permT=0 gidT=5309 tieokT=27
0:1-5:NC: L1SORTV t=19 L=3682 mono=0 perm=0 giddiff=2570 tieok=11 | TOT t=2 recs=8890 monoT=0 permT=0 gidT=5626 tieokT=22
0:1-6:NC: L1SORTV t=347 L=3720 mono=0 perm=0 giddiff=2115 tieok=9 | TOT t=2 recs=8997 monoT=0 permT=0 gidT=5108 tieokT=43
0:2-4:NC: L1SORTV t=209 L=2799 mono=0 perm=0 giddiff=1721 tieok=7 | TOT t=3 recs=11986 monoT=0 permT=0 gidT=7066 tieokT=22
0:2-6:NC: L1SORTV t=7 L=2873 mono=0 perm=0 giddiff=2016 tieok=7 | TOT t=3 recs=12253 monoT=0 permT=0 gidT=7634 tieokT=18
0:2-7:NC: L1SORTV t=36 L=2778 mono=0 perm=0 giddiff=1529 tieok=2 | TOT t=3 recs=12233 monoT=0 permT=0 gidT=7120 tieokT=22
0:3-3:NC: L1SORTV t=20 L=2826 mono=0 perm=0 giddiff=1885 tieok=2 | TOT t=3 recs=12296 monoT=0 permT=0 gidT=6995 tieokT=64
0:3-4:NC: L1SORTV t=607 L=2139 mono=0 perm=0 giddiff=1204 tieok=1 | TOT t=4 recs=14576 monoT=0 permT=0 gidT=8635 tieokT=32
0:6-3:NC: L1SORTV t=1016 L=98 mono=0 perm=0 giddiff=3 tieok=0 | TOT t=9 recs=19569 monoT=0 permT=0 gidT=10669 tieokT=59
0:6-5:NC: L1SORTV t=994 L=162 mono=0 perm=0 giddiff=23 tieok=1 | TOT t=9 recs=19393 monoT=0 permT=0 gidT=10417 tieokT=59
0:7-0:NC: L1SORTV t=974 L=211 mono=0 perm=0 giddiff=29 tieok=0 | TOT t=8 recs=19861 monoT=0 permT=0 gidT=10868 tieokT=53
0:0-5:NC: L1SORTV t=638 L=4369 mono=0 perm=0 giddiff=2723 tieok=8 | TOT t=1 recs=4369 monoT=0 permT=0 gidT=2723 tieokT=8
0:1-3:NC: L1SORTV t=720 L=3712 mono=0 perm=0 giddiff=2135 tieok=5 | TOT t=2 recs=8880 monoT=0 permT=0 gidT=4510 tieokT=24
0:2-0:NC: L1SORTV t=272 L=2669 mono=0 perm=0 giddiff=1519 tieok=4 | TOT t=3 recs=11860 monoT=0 permT=0 gidT=6507 tieokT=23
0:2-1:NC: L1SORTV t=318 L=2637 mono=0 perm=0 giddiff=1592 tieok=5 | TOT t=3 recs=11827 monoT=0 permT=0 gidT=5835 tieokT=43
0:2-3:NC: L1SORTV t=756 L=2825 mono=0 perm=0 giddiff=1560 tieok=4 | TOT t=3 recs=12066 monoT=0 permT=0 gidT=6646 tieokT=41
0:2-5:NC: L1SORTV t=38 L=2751 mono=0 perm=0 giddiff=1598 tieok=10 | TOT t=3 recs=12169 monoT=0 permT=0 gidT=7046 tieokT=25
0:2-9:NC: L1SORTV t=239 L=2826 mono=0 perm=0 giddiff=1673 tieok=8 | TOT t=3 recs=12243 monoT=0 permT=0 gidT=7136 tieokT=53
0:3-0:NC: L1SORTV t=351 L=1964 mono=0 perm=0 giddiff=1102 tieok=2 | TOT t=4 recs=14199 monoT=0 permT=0 gidT=8508 tieokT=68
0:3-2:NC: L1SORTV t=211 L=2011 mono=0 perm=0 giddiff=1250 tieok=4 | TOT t=4 recs=14154 monoT=0 permT=0 gidT=8410 tieokT=17
0:3-5:NC: L1SORTV t=753 L=2035 mono=0 perm=0 giddiff=1032 tieok=1 | TOT t=4 recs=14490 monoT=0 permT=0 gidT=8273 tieokT=39
0:3-6:NC: L1SORTV t=763 L=2018 mono=0 perm=0 giddiff=1056 tieok=0 | TOT t=4 recs=14560 monoT=0 permT=0 gidT=8819 tieokT=35
0:3-7:NC: L1SORTV t=213 L=2092 mono=0 perm=0 giddiff=1272 tieok=2 | TOT t=4 recs=14678 monoT=0 permT=0 gidT=8870 tieokT=58
0:4-2:NC: L1SORTV t=709 L=2095 mono=0 perm=0 giddiff=1090 tieok=2 | TOT t=4 recs=14899 monoT=0 permT=0 gidT=8154 tieokT=81
0:5-2:NC: L1SORTV t=1015 L=116 mono=0 perm=0 giddiff=18 tieok=0 | TOT t=9 recs=18525 monoT=0 permT=0 gidT=10599 tieokT=32
0:5-3:NC: L1SORTV t=1023 L=112 mono=0 perm=0 giddiff=16 tieok=0 | TOT t=9 recs=18750 monoT=0 permT=0 gidT=10726 tieokT=35
0:5-7:NC: L1SORTV t=1020 L=99 mono=0 perm=0 giddiff=16 tieok=0 | TOT t=9 recs=19111 monoT=0 permT=0 gidT=10905 tieokT=23
0:5-8:NC: L1SORTV t=1013 L=109 mono=0 perm=0 giddiff=20 tieok=0 | TOT t=9 recs=19407 monoT=0 permT=0 gidT=11035 tieokT=50
0:5-9:NC: L1SORTV t=1012 L=104 mono=0 perm=0 giddiff=14 tieok=0 | TOT t=9 recs=18719 monoT=0 permT=0 gidT=10631 tieokT=52
0:6-0:NC: L1SORTV t=1011 L=98 mono=0 perm=0 giddiff=7 tieok=0 | TOT t=9 recs=18963 monoT=0 permT=0 gidT=10232 tieokT=61
0:6-2:NC: L1SORTV t=805 L=220 mono=0 perm=0 giddiff=41 tieok=0 | TOT t=9 recs=19849 monoT=0 permT=0 gidT=11046 tieokT=63
0:6-4:NC: L1SORTV t=1018 L=106 mono=0 perm=0 giddiff=9 tieok=0 | TOT t=9 recs=19386 monoT=0 permT=0 gidT=11156 tieokT=48
0:6-6:NC: L1SORTV t=1017 L=93 mono=0 perm=0 giddiff=7 tieok=0 | TOT t=9 recs=19725 monoT=0 permT=0 gidT=11152 tieokT=65
0:7-3:NC: L1SORTV t=1006 L=157 mono=0 perm=0 giddiff=17 tieok=0 | TOT t=9 recs=20468 monoT=0 permT=0 gidT=11202 tieokT=67
0:0-4:NC: L1SORTV t=698 L=4118 mono=0 perm=0 giddiff=2571 tieok=5 | TOT t=1 recs=4118 monoT=0 permT=0 gidT=2571 tieokT=5
0:0-9:NC: L1SORTV t=5 L=3586 mono=0 perm=0 giddiff=2450 tieok=12 | TOT t=2 recs=8656 monoT=0 permT=0 gidT=5371 tieokT=17
0:1-0:NC: L1SORTV t=241 L=3671 mono=0 perm=0 giddiff=2199 tieok=8 | TOT t=2 recs=8801 monoT=0 permT=0 gidT=5318 tieokT=28
0:1-1:NC: L1SORTV t=273 L=3710 mono=0 perm=0 giddiff=2237 tieok=4 | TOT t=2 recs=8823 monoT=0 permT=0 gidT=5066 tieokT=32
0:1-2:NC: L1SORTV t=715 L=3688 mono=0 perm=0 giddiff=2136 tieok=1 | TOT t=2 recs=8781 monoT=0 permT=0 gidT=5224 tieokT=19
0:1-7:NC: L1SORTV t=640 L=2648 mono=0 perm=0 giddiff=1583 tieok=4 | TOT t=3 recs=11711 monoT=0 permT=0 gidT=7108 tieokT=14
0:1-8:NC: L1SORTV t=361 L=2613 mono=0 perm=0 giddiff=1514 tieok=13 | TOT t=3 recs=11719 monoT=0 permT=0 gidT=6414 tieokT=33
0:1-9:NC: L1SORTV t=105 L=2610 mono=0 perm=0 giddiff=1512 tieok=12 | TOT t=3 recs=11728 monoT=0 permT=0 gidT=6972 tieokT=28
0:2-2:NC: L1SORTV t=414 L=2734 mono=0 perm=0 giddiff=1656 tieok=15 | TOT t=3 recs=12084 monoT=0 permT=0 gidT=7060 tieokT=40
0:2-8:NC: L1SORTV t=142 L=1927 mono=0 perm=0 giddiff=1154 tieok=4 | TOT t=4 recs=14117 monoT=0 permT=0 gidT=8634 tieokT=57
0:3-1:NC: L1SORTV t=765 L=1911 mono=0 perm=0 giddiff=883 tieok=1 | TOT t=4 recs=14142 monoT=0 permT=0 gidT=7593 tieokT=31
0:3-9:NC: L1SORTV t=66 L=2227 mono=0 perm=0 giddiff=1177 tieok=0 | TOT t=4 recs=14810 monoT=0 permT=0 gidT=8326 tieokT=50
0:4-1:NC: L1SORTV t=977 L=209 mono=0 perm=0 giddiff=27 tieok=0 | TOT t=8 recs=17591 monoT=0 permT=0 gidT=10388 tieokT=74
0:4-5:NC: L1SORTV t=322 L=250 mono=0 perm=0 giddiff=88 tieok=0 | TOT t=8 recs=17923 monoT=0 permT=0 gidT=10544 tieokT=32
0:4-9:NC: L1SORTV t=289 L=287 mono=0 perm=0 giddiff=111 tieok=0 | TOT t=8 recs=18063 monoT=0 permT=0 gidT=10681 tieokT=106
0:5-0:NC: L1SORTV t=44 L=347 mono=0 perm=0 giddiff=105 tieok=0 | TOT t=8 recs=18208 monoT=0 permT=0 gidT=9425 tieokT=52
0:5-4:NC: L1SORTV t=1022 L=105 mono=0 perm=0 giddiff=10 tieok=0 | TOT t=9 recs=18778 monoT=0 permT=0 gidT=10442 tieokT=29
0:5-5:NC: L1SORTV t=1019 L=102 mono=0 perm=0 giddiff=16 tieok=0 | TOT t=9 recs=18891 monoT=0 permT=0 gidT=10235 tieokT=37
0:5-6:NC: L1SORTV t=1014 L=114 mono=0 perm=0 giddiff=20 tieok=0 | TOT t=9 recs=18816 monoT=0 permT=0 gidT=10923 tieokT=69
0:6-1:NC: L1SORTV t=1021 L=96 mono=0 perm=0 giddiff=9 tieok=0 | TOT t=9 recs=19102 monoT=0 permT=0 gidT=11185 tieokT=43
0:6-8:NC: L1SORTV t=1003 L=230 mono=0 perm=0 giddiff=24 tieok=0 | TOT t=8 recs=19498 monoT=0 permT=0 gidT=11071 tieokT=159
0:0-3:NC: L1SORTV t=365 L=4188 mono=0 perm=0 giddiff=1958 tieok=13 | TOT t=1 recs=4188 monoT=0 permT=0 gidT=1958 tieokT=13
0:0-8:NC: L1SORTV t=430 L=3710 mono=0 perm=0 giddiff=1779 tieok=19 | TOT t=2 recs=8697 monoT=0 permT=0 gidT=4824 tieokT=20
0:1-4:NC: L1SORTV t=156 L=2581 mono=0 perm=0 giddiff=1505 tieok=5 | TOT t=3 recs=11548 monoT=0 permT=0 gidT=6814 tieokT=32
0:1-5:NC: L1SORTV t=274 L=2632 mono=0 perm=0 giddiff=1404 tieok=1 | TOT t=3 recs=11522 monoT=0 permT=0 gidT=7030 tieokT=23
0:1-6:NC: L1SORTV t=235 L=2654 mono=0 perm=0 giddiff=1560 tieok=8 | TOT t=3 recs=11651 monoT=0 permT=0 gidT=6668 tieokT=51
0:2-1:NC: L1SORTV t=34 L=1988 mono=0 perm=0 giddiff=1142 tieok=0 | TOT t=4 recs=13815 monoT=0 permT=0 gidT=6977 tieokT=43
0:2-4:NC: L1SORTV t=122 L=2023 mono=0 perm=0 giddiff=1211 tieok=7 | TOT t=4 recs=14009 monoT=0 permT=0 gidT=8277 tieokT=29
0:2-6:NC: L1SORTV t=158 L=1995 mono=0 perm=0 giddiff=1141 tieok=0 | TOT t=4 recs=14248 monoT=0 permT=0 gidT=8775 tieokT=18
0:2-7:NC: L1SORTV t=8 L=2049 mono=0 perm=0 giddiff=1409 tieok=5 | TOT t=4 recs=14282 monoT=0 permT=0 gidT=8529 tieokT=27
0:3-3:NC: L1SORTV t=264 L=2029 mono=0 perm=0 giddiff=1187 tieok=0 | TOT t=4 recs=14325 monoT=0 permT=0 gidT=8182 tieokT=64
0:3-8:NC: L1SORTV t=842 L=215 mono=0 perm=0 giddiff=67 tieok=0 | TOT t=8 recs=17628 monoT=0 permT=0 gidT=10225 tieokT=51
0:4-0:NC: L1SORTV t=979 L=202 mono=0 perm=0 giddiff=31 tieok=0 | TOT t=8 recs=17684 monoT=0 permT=0 gidT=10155 tieokT=58
0:4-3:NC: L1SORTV t=389 L=198 mono=0 perm=0 giddiff=60 tieok=0 | TOT t=8 recs=17249 monoT=0 permT=0 gidT=10027 tieokT=67
0:4-6:NC: L1SORTV t=80 L=230 mono=0 perm=0 giddiff=36 tieok=0 | TOT t=9 recs=18456 monoT=0 permT=0 gidT=10480 tieokT=79
0:0-5:NC: L1SORTV t=423 L=3109 mono=0 perm=0 giddiff=1738 tieok=22 | TOT t=2 recs=7478 monoT=0 permT=0 gidT=4461 tieokT=30
0:0-6:NC: L1SORTV t=373 L=3312 mono=0 perm=0 giddiff=1817 tieok=3 | TOT t=2 recs=7744 monoT=0 permT=0 gidT=4466 tieokT=9
0:0-7:NC: L1SORTV t=478 L=3264 mono=0 perm=0 giddiff=2039 tieok=10 | TOT t=2 recs=7769 monoT=0 permT=0 gidT=4419 tieokT=19
0:1-3:NC: L1SORTV t=762 L=2748 mono=0 perm=0 giddiff=1549 tieok=0 | TOT t=3 recs=11628 monoT=0 permT=0 gidT=6059 tieokT=24
0:1-9:NC: L1SORTV t=547 L=1914 mono=0 perm=0 giddiff=1089 tieok=4 | TOT t=4 recs=13642 monoT=0 permT=0 gidT=8061 tieokT=32
0:2-0:NC: L1SORTV t=0 L=1888 mono=0 perm=0 giddiff=1438 tieok=6 | TOT t=4 recs=13748 monoT=0 permT=0 gidT=7945 tieokT=29
0:2-2:NC: L1SORTV t=255 L=1934 mono=0 perm=0 giddiff=1019 tieok=1 | TOT t=4 recs=14018 monoT=0 permT=0 gidT=8079 tieokT=41
0:2-3:NC: L1SORTV t=188 L=1970 mono=0 perm=0 giddiff=1077 tieok=2 | TOT t=4 recs=14036 monoT=0 permT=0 gidT=7723 tieokT=43
0:2-5:NC: L1SORTV t=233 L=2018 mono=0 perm=0 giddiff=1201 tieok=2 | TOT t=4 recs=14187 monoT=0 permT=0 gidT=8247 tieokT=27
0:2-9:NC: L1SORTV t=237 L=2114 mono=0 perm=0 giddiff=1242 tieok=2 | TOT t=4 recs=14357 monoT=0 permT=0 gidT=8378 tieokT=55
0:3-4:NC: L1SORTV t=943 L=206 mono=0 perm=0 giddiff=36 tieok=0 | TOT t=8 recs=17054 monoT=0 permT=0 gidT=9789 tieokT=33
0:4-4:NC: L1SORTV t=773 L=237 mono=0 perm=0 giddiff=58 tieok=0 | TOT t=8 recs=17918 monoT=0 permT=0 gidT=9808 tieokT=30
0:4-7:NC: L1SORTV t=1008 L=115 mono=0 perm=0 giddiff=0 tieok=0 | TOT t=9 recs=18311 monoT=0 permT=0 gidT=9268 tieokT=85
0:4-8:NC: L1SORTV t=737 L=291 mono=0 perm=0 giddiff=86 tieok=0 | TOT t=8 recs=18310 monoT=0 permT=0 gidT=10576 tieokT=55
0:5-1:NC: L1SORTV t=1010 L=110 mono=0 perm=0 giddiff=2 tieok=0 | TOT t=9 recs=18759 monoT=0 permT=0 gidT=10575 tieokT=86
0:0-4:NC: L1SORTV t=677 L=3037 mono=0 perm=0 giddiff=1833 tieok=0 | TOT t=2 recs=7155 monoT=0 permT=0 gidT=4404 tieokT=5
0:0-9:NC: L1SORTV t=244 L=2418 mono=0 perm=0 giddiff=1327 tieok=5 | TOT t=3 recs=11074 monoT=0 permT=0 gidT=6698 tieokT=22
0:1-0:NC: L1SORTV t=167 L=2471 mono=0 perm=0 giddiff=1413 tieok=6 | TOT t=3 recs=11272 monoT=0 permT=0 gidT=6731 tieokT=34
0:1-1:NC: L1SORTV t=203 L=2454 mono=0 perm=0 giddiff=1552 tieok=1 | TOT t=3 recs=11277 monoT=0 permT=0 gidT=6618 tieokT=33
0:1-2:NC: L1SORTV t=117 L=2521 mono=0 perm=0 giddiff=1445 tieok=13 | TOT t=3 recs=11302 monoT=0 permT=0 gidT=6669 tieokT=32
0:1-5:NC: L1SORTV t=297 L=1950 mono=0 perm=0 giddiff=1095 tieok=8 | TOT t=4 recs=13472 monoT=0 permT=0 gidT=8125 tieokT=31
0:1-7:NC: L1SORTV t=280 L=1971 mono=0 perm=0 giddiff=1031 tieok=2 | TOT t=4 recs=13682 monoT=0 permT=0 gidT=8139 tieokT=16
0:1-8:NC: L1SORTV t=200 L=1969 mono=0 perm=0 giddiff=1061 tieok=2 | TOT t=4 recs=13688 monoT=0 permT=0 gidT=7475 tieokT=35
0:3-0:NC: L1SORTV t=846 L=213 mono=0 perm=0 giddiff=46 tieok=0 | TOT t=8 recs=16627 monoT=0 permT=0 gidT=9740 tieokT=68
0:3-2:NC: L1SORTV t=847 L=193 mono=0 perm=0 giddiff=36 tieok=0 | TOT t=8 recs=16640 monoT=0 permT=0 gidT=9490 tieokT=19
0:3-5:NC: L1SORTV t=986 L=185 mono=0 perm=0 giddiff=33 tieok=0 | TOT t=8 recs=16711 monoT=0 permT=0 gidT=9407 tieokT=40
0:3-6:NC: L1SORTV t=806 L=207 mono=0 perm=0 giddiff=34 tieok=0 | TOT t=8 recs=17206 monoT=0 permT=0 gidT=10141 tieokT=41
0:3-7:NC: L1SORTV t=872 L=223 mono=0 perm=0 giddiff=37 tieok=0 | TOT t=8 recs=17175 monoT=0 permT=0 gidT=10089 tieokT=59
0:4-2:NC: L1SORTV t=976 L=201 mono=0 perm=0 giddiff=25 tieok=0 | TOT t=8 recs=17434 monoT=0 permT=0 gidT=9328 tieokT=81
0:0-3:NC: L1SORTV t=679 L=3009 mono=0 perm=0 giddiff=1679 tieok=2 | TOT t=2 recs=7197 monoT=0 permT=0 gidT=3637 tieokT=15
0:0-8:NC: L1SORTV t=212 L=2294 mono=0 perm=0 giddiff=1424 tieok=6 | TOT t=3 recs=10991 monoT=0 permT=0 gidT=6248 tieokT=26
0:1-3:NC: L1SORTV t=263 L=1982 mono=0 perm=0 giddiff=1094 tieok=3 | TOT t=4 recs=13610 monoT=0 permT=0 gidT=7153 tieokT=27
0:1-4:NC: L1SORTV t=157 L=1922 mono=0 perm=0 giddiff=1091 tieok=1 | TOT t=4 recs=13470 monoT=0 permT=0 gidT=7905 tieokT=33
0:1-6:NC: L1SORTV t=1 L=1932 mono=0 perm=0 giddiff=1374 tieok=4 | TOT t=4 recs=13583 monoT=0 permT=0 gidT=8042 tieokT=55
0:2-8:NC: L1SORTV t=871 L=244 mono=0 perm=0 giddiff=51 tieok=0 | TOT t=8 recs=16590 monoT=0 permT=0 gidT=9863 tieokT=57
0:3-1:NC: L1SORTV t=772 L=224 mono=0 perm=0 giddiff=43 tieok=0 | TOT t=8 recs=16690 monoT=0 permT=0 gidT=8969 tieokT=34
0:3-9:NC: L1SORTV t=145 L=357 mono=0 perm=0 giddiff=107 tieok=0 | TOT t=8 recs=17389 monoT=0 permT=0 gidT=9477 tieokT=50
0:0-5:NC: L1SORTV t=265 L=2582 mono=0 perm=0 giddiff=1584 tieok=9 | TOT t=3 recs=10060 monoT=0 permT=0 gidT=6045 tieokT=39
0:0-6:NC: L1SORTV t=68 L=2504 mono=0 perm=0 giddiff=1441 tieok=3 | TOT t=3 recs=10248 monoT=0 permT=0 gidT=5907 tieokT=12
0:0-7:NC: L1SORTV t=199 L=2496 mono=0 perm=0 giddiff=1383 tieok=4 | TOT t=3 recs=10265 monoT=0 permT=0 gidT=5802 tieokT=23
0:0-9:NC: L1SORTV t=50 L=1709 mono=0 perm=0 giddiff=926 tieok=0 | TOT t=4 recs=12783 monoT=0 permT=0 gidT=7624 tieokT=22
0:1-2:NC: L1SORTV t=793 L=1799 mono=0 perm=0 giddiff=872 tieok=0 | TOT t=4 recs=13101 monoT=0 permT=0 gidT=7541 tieokT=32
0:2-1:NC: L1SORTV t=804 L=226 mono=0 perm=0 giddiff=37 tieok=0 | TOT t=8 recs=16084 monoT=0 permT=0 gidT=7859 tieokT=43
0:2-4:NC: L1SORTV t=965 L=212 mono=0 perm=0 giddiff=38 tieok=0 | TOT t=8 recs=16451 monoT=0 permT=0 gidT=9454 tieokT=34
0:2-6:NC: L1SORTV t=324 L=225 mono=0 perm=0 giddiff=48 tieok=0 | TOT t=8 recs=16873 monoT=0 permT=0 gidT=9873 tieokT=21
0:2-7:NC: L1SORTV t=1005 L=211 mono=0 perm=0 giddiff=44 tieok=0 | TOT t=8 recs=16756 monoT=0 permT=0 gidT=9705 tieokT=29
0:3-3:NC: L1SORTV t=914 L=207 mono=0 perm=0 giddiff=44 tieok=0 | TOT t=8 recs=16666 monoT=0 permT=0 gidT=9309 tieokT=66
0:0-4:NC: L1SORTV t=302 L=2188 mono=0 perm=0 giddiff=1197 tieok=2 | TOT t=3 recs=9343 monoT=0 permT=0 gidT=5601 tieokT=7
0:0-8:NC: L1SORTV t=206 L=1522 mono=0 perm=0 giddiff=893 tieok=1 | TOT t=4 recs=12513 monoT=0 permT=0 gidT=7141 tieokT=27
0:1-0:NC: L1SORTV t=42 L=1795 mono=0 perm=0 giddiff=1038 tieok=2 | TOT t=4 recs=13067 monoT=0 permT=0 gidT=7769 tieokT=36
0:1-1:NC: L1SORTV t=752 L=1952 mono=0 perm=0 giddiff=1008 tieok=0 | TOT t=4 recs=13229 monoT=0 permT=0 gidT=7626 tieokT=33
0:1-9:NC: L1SORTV t=879 L=211 mono=0 perm=0 giddiff=39 tieok=0 | TOT t=8 recs=16022 monoT=0 permT=0 gidT=9109 tieokT=32
0:2-0:NC: L1SORTV t=992 L=163 mono=0 perm=0 giddiff=40 tieok=0 | TOT t=8 recs=16014 monoT=0 permT=0 gidT=8906 tieokT=32
0:2-2:NC: L1SORTV t=884 L=191 mono=0 perm=0 giddiff=25 tieok=0 | TOT t=8 recs=16325 monoT=0 permT=0 gidT=8911 tieokT=41
0:2-3:NC: L1SORTV t=931 L=209 mono=0 perm=0 giddiff=24 tieok=0 | TOT t=8 recs=16276 monoT=0 permT=0 gidT=8715 tieokT=43
0:2-5:NC: L1SORTV t=964 L=201 mono=0 perm=0 giddiff=25 tieok=0 | TOT t=8 recs=16734 monoT=0 permT=0 gidT=9444 tieokT=32
0:2-9:NC: L1SORTV t=919 L=193 mono=0 perm=0 giddiff=58 tieok=0 | TOT t=8 recs=16910 monoT=0 permT=0 gidT=9658 tieokT=60
0:0-3:NC: L1SORTV t=792 L=2162 mono=0 perm=0 giddiff=997 tieok=1 | TOT t=3 recs=9359 monoT=0 permT=0 gidT=4634 tieokT=16
0:0-5:NC: L1SORTV t=516 L=1774 mono=0 perm=0 giddiff=1024 tieok=0 | TOT t=4 recs=11834 monoT=0 permT=0 gidT=7069 tieokT=39
0:1-5:NC: L1SORTV t=984 L=125 mono=0 perm=0 giddiff=7 tieok=0 | TOT t=8 recs=15584 monoT=0 permT=0 gidT=9006 tieokT=31
0:1-7:NC: L1SORTV t=978 L=192 mono=0 perm=0 giddiff=27 tieok=0 | TOT t=8 recs=15938 monoT=0 permT=0 gidT=9172 tieokT=16
0:1-8:NC: L1SORTV t=421 L=191 mono=0 perm=0 giddiff=77 tieok=0 | TOT t=8 recs=15932 monoT=0 permT=0 gidT=8636 tieokT=39
0:0-2:NC: L1SORTV t=70 L=3933 mono=0 perm=0 giddiff=2294 tieok=4 | TOT t=1 recs=3933 monoT=0 permT=0 gidT=2294 tieokT=4
0:0-4:NC: L1SORTV t=514 L=1559 mono=0 perm=0 giddiff=929 tieok=0 | TOT t=4 recs=10902 monoT=0 permT=0 gidT=6530 tieokT=7
0:0-6:NC: L1SORTV t=52 L=1806 mono=0 perm=0 giddiff=1091 tieok=3 | TOT t=4 recs=12054 monoT=0 permT=0 gidT=6998 tieokT=15
0:0-7:NC: L1SORTV t=125 L=1738 mono=0 perm=0 giddiff=963 tieok=0 | TOT t=4 recs=12003 monoT=0 permT=0 gidT=6765 tieokT=23
0:0-9:NC: L1SORTV t=112 L=260 mono=0 perm=0 giddiff=56 tieok=0 | TOT t=8 recs=14626 monoT=0 permT=0 gidT=8469 tieokT=22
0:1-2:NC: L1SORTV t=950 L=173 mono=0 perm=0 giddiff=39 tieok=0 | TOT t=8 recs=14430 monoT=0 permT=0 gidT=8016 tieokT=32
0:1-3:NC: L1SORTV t=887 L=181 mono=0 perm=0 giddiff=33 tieok=0 | TOT t=8 recs=15941 monoT=0 permT=0 gidT=8190 tieokT=27
0:1-4:NC: L1SORTV t=1009 L=120 mono=0 perm=0 giddiff=3 tieok=0 | TOT t=8 recs=15596 monoT=0 permT=0 gidT=8800 tieokT=36
0:1-6:NC: L1SORTV t=803 L=311 mono=0 perm=0 giddiff=84 tieok=0 | TOT t=7 recs=15751 monoT=0 permT=0 gidT=9133 tieokT=56
0:0-3:NC: L1SORTV t=64 L=1557 mono=0 perm=0 giddiff=1030 tieok=1 | TOT t=4 recs=10916 monoT=0 permT=0 gidT=5664 tieokT=17
0:1-0:NC: L1SORTV t=981 L=128 mono=0 perm=0 giddiff=11 tieok=0 | TOT t=8 recs=14388 monoT=0 permT=0 gidT=8096 tieokT=38
0:1-1:NC: L1SORTV t=388 L=262 mono=0 perm=0 giddiff=97 tieok=0 | TOT t=7 recs=14628 monoT=0 permT=0 gidT=8171 tieokT=38
0:0-5:NC: L1SORTV t=948 L=220 mono=0 perm=0 giddiff=53 tieok=0 | TOT t=7 recs=12969 monoT=0 permT=0 gidT=7517 tieokT=39
0:0-8:NC: L1SORTV t=980 L=177 mono=0 perm=0 giddiff=20 tieok=0 | TOT t=8 recs=14750 monoT=0 permT=0 gidT=8156 tieokT=29
0:0-4:NC: L1SORTV t=814 L=207 mono=0 perm=0 giddiff=42 tieok=0 | TOT t=8 recs=12903 monoT=0 permT=0 gidT=7493 tieokT=10
0:0-6:NC: L1SORTV t=911 L=235 mono=0 perm=0 giddiff=50 tieok=0 | TOT t=7 recs=13535 monoT=0 permT=0 gidT=7657 tieokT=15
0:0-7:NC: L1SORTV t=113 L=207 mono=0 perm=0 giddiff=43 tieok=0 | TOT t=8 recs=13467 monoT=0 permT=0 gidT=7276 tieokT=25
0:0-2:NC: L1SORTV t=72 L=2796 mono=0 perm=0 giddiff=1620 tieok=9 | TOT t=2 recs=6729 monoT=0 permT=0 gidT=3914 tieokT=13
0:0-1:NC: L1SORTV t=215 L=3159 mono=0 perm=0 giddiff=1942 tieok=0 | TOT t=1 recs=3159 monoT=0 permT=0 gidT=1942 tieokT=0
0:0-3:NC: L1SORTV t=916 L=195 mono=0 perm=0 giddiff=38 tieok=0 | TOT t=8 recs=12768 monoT=0 permT=0 gidT=6417 tieokT=17
0:0-2:NC: L1SORTV t=754 L=2031 mono=0 perm=0 giddiff=1027 tieok=2 | TOT t=3 recs=8760 monoT=0 permT=0 gidT=4941 tieokT=15
0:0-1:NC: L1SORTV t=382 L=2240 mono=0 perm=0 giddiff=1431 tieok=0 | TOT t=2 recs=5399 monoT=0 permT=0 gidT=3373 tieokT=0
0:0-2:NC: L1SORTV t=780 L=1330 mono=0 perm=0 giddiff=693 tieok=1 | TOT t=4 recs=10090 monoT=0 permT=0 gidT=5634 tieokT=16
0:0-1:NC: L1SORTV t=673 L=1593 mono=0 perm=0 giddiff=823 tieok=2 | TOT t=3 recs=6992 monoT=0 permT=0 gidT=4196 tieokT=2
0:0-0:NC: L1SORTV t=37 L=2799 mono=0 perm=0 giddiff=1555 tieok=5 | TOT t=1 recs=2799 monoT=0 permT=0 gidT=1555 tieokT=5
0:0-2:NC: L1SORTV t=769 L=175 mono=0 perm=0 giddiff=43 tieok=0 | TOT t=7 recs=10965 monoT=0 permT=0 gidT=5863 tieokT=16
0:0-1:NC: L1SORTV t=449 L=901 mono=0 perm=0 giddiff=577 tieok=0 | TOT t=4 recs=7893 monoT=0 permT=0 gidT=4773 tieokT=2
0:0-0:NC: L1SORTV t=546 L=1931 mono=0 perm=0 giddiff=1105 tieok=2 | TOT t=2 recs=4730 monoT=0 permT=0 gidT=2660 tieokT=7
0:0-1:NC: L1SORTV t=975 L=160 mono=0 perm=0 giddiff=11 tieok=0 | TOT t=7 recs=8794 monoT=0 permT=0 gidT=5054 tieokT=2
0:0-0:NC: L1SORTV t=78 L=1134 mono=0 perm=0 giddiff=595 tieok=2 | TOT t=3 recs=5864 monoT=0 permT=0 gidT=3255 tieokT=9
0:0-0:NC: L1SORTV t=81 L=839 mono=0 perm=0 giddiff=411 tieok=2 | TOT t=4 recs=6703 monoT=0 permT=0 gidT=3666 tieokT=11
0:0-0:NC: L1SORTV t=915 L=207 mono=0 perm=0 giddiff=44 tieok=0 | TOT t=6 recs=7177 monoT=0 permT=0 gidT=3786 tieokT=11
[BLEND_SPLIT] upload+exec=0.0 readback=188.7 total=188.7 ms (resident, one Finish)
[BLEND_ADDR] cull_masks=0x12aa1280 out=0x12c7a340(sz=0x600000) tile_ids=0x54d3ec0 xramp=0x12c78340 yramp=0x12c79340 payload=0x0(sz=0x0)
[SORT] stage=RP P=3369033 P_kept=3369033 num_tiles=1024 max_tile_n=26496 bin=45.58 up=0.02 kernel=0.04 d2h=7.15 compact=0.00 publish=0.04 total=63.90ms
[SORT] stage=RP P=3369033 P_kept=3369033 num_tiles=1024 max_tile_n=26496 bin=45.13 up=0.02 kernel=0.02 d2h=7.13 compact=0.00 publish=0.02 total=63.39ms
SUMMARY backend=tt blend_mode=2 views=1 hero_vs_gt=46.78dB hero_vs_ref=63.85dB min_vs_ref=63.85dB min_vs_gt=46.78dB ms/view=311.7 (proj=39.3 ta=24.9 sort=238.0 blend=0.0) shot=opt/metal-screenshots/ttw-042probe/hero.png shot_diff=opt/metal-screenshots/ttw-042probe/hero_diff10.png
