================ BUILD ID ================
  cpp : #140 sha=7b7966a bin=4e722d7d4dd23d58 iter 42 WIP: M1 verify checksum+tie metrics
  data: #1 sha=b703f70 sync tracy-041 capture script
=========================================
host=yyzo-bh-03  tag=m1verify2  timeout=900s  worry=600s  ts=2026-06-02T16:04:57-0700
cmd: export TTW_ITER_DIR=ttw-m1verify; export TT_METAL_DPRINT_CORES=all; export TT_METAL_HOME=/localdev/smarton/tt-metal TT_METAL_RUNTIME_ROOT=/localdev/smarton/tt-metal TT_METAL_CACHE=/localdev/smarton/.cache/tt-metal-cache TT_METAL_ARCH_NAME=blackhole MESH_DEVICE=P100 GSPLAT_TT_JIT_WARMUP=1 GSPLAT_TT_BLEND_MODE=2 GSPLAT_TT_MB_KERNEL=1 GSPLAT_TT_DEVICE_PROJECT=1 GSPLAT_TT_RESIDENT_PROJECT=1 GSPLAT_TT_RESIDENT_GATHER=1 GSPLAT_TT_DEVICE_TILE_ASSIGN=1 GSPLAT_TT_RESIDENT_TA_IN=1 GSPLAT_TT_DEVICE_SORT=1 GSPLAT_TT_RESIDENT_PAIRS=1 GSPLAT_TT_RESIDENT_BLEND=1 GSPLAT_TT_SORT_DEVICE_PUBLISH=1 GSPLAT_TT_TA_DEVICE_SCAN=1 GSPLAT_TT_PROJ_DEVICE_SCAN=1 GSPLAT_TT_SFPU_CULL=1 GSPLAT_TT_TILE_BUCKET=1 GSPLAT_TT_BUCKET_FIT=8192 GSPLAT_TT_FUSED_TILE=0 GSPLAT_TT_L1_RECORD=1 GSPLAT_TT_L1_SORT_VERIFY=1 GSPLAT_TT_MB_TIMING=1; source .venv/bin/activate 2>/dev/null; .venv/bin/python3 scripts/a003_verify.py --views 1 --iter-dir ${TTW_ITER_DIR} --out opt/ttw/m1verify.json 2>&1 | tee /tmp/ttw_m1v2.log >/dev/null; echo "TOTAL L1SORTV lines:"; grep -c "L1SORTV t=" /tmp/ttw_m1v2.log; echo "=== REAL DEFECTS (mono/setmism/keymism nonzero) — must be empty ==="; grep "L1SORTV t=" /tmp/ttw_m1v2.log | grep -vE "mono=0 setmism=0 keymism=0 "; echo "=== sample clean lines ==="; grep "L1SORTV t=" /tmp/ttw_m1v2.log | head -4; echo "=== per-core grand totals (sorted, last line per core) ==="; grep "L1SORTV t=" /tmp/ttw_m1v2.log | grep -oE "[0-9]+:[0-9-]+:NC.*TOT.*" | awk -F"TOT" "{print \$2}" | sort | uniq -c | tail -20; echo "=====SUMMARY====="; grep "^SUMMARY" /tmp/ttw_m1v2.log | tail -1
-----------------------------------------
BUILD-ID VERIFY OK: cpp#140 bin=4e722d7d4dd23d58 matches the built+stamped artifact
TOTAL L1SORTV lines:
1828
=== REAL DEFECTS (mono/setmism/keymism nonzero) — must be empty ===
0:10-8:NC: L1SORTV t=616 L=8057 mono=0 setmism=1 keymism=4773 tieswap=17 | TOT t=1 recs=8057 monoT=0 setT=1 keyT=4773 tieT=17
0:10-9:NC: L1SORTV t=601 L=8100 mono=0 setmism=1 keymism=5142 tieswap=11 | TOT t=1 recs=8100 monoT=0 setT=1 keyT=5142 tieT=11
0:10-1:NC: L1SORTV t=551 L=7696 mono=0 setmism=1 keymism=4560 tieswap=18 | TOT t=1 recs=7696 monoT=0 setT=1 keyT=4560 tieT=18
0:10-3:NC: L1SORTV t=502 L=7850 mono=0 setmism=1 keymism=4017 tieswap=14 | TOT t=1 recs=7850 monoT=0 setT=1 keyT=4017 tieT=14
0:10-4:NC: L1SORTV t=647 L=7834 mono=0 setmism=1 keymism=4648 tieswap=12 | TOT t=1 recs=7834 monoT=0 setT=1 keyT=4648 tieT=12
0:10-5:NC: L1SORTV t=409 L=8057 mono=0 setmism=1 keymism=4888 tieswap=10 | TOT t=1 recs=8057 monoT=0 setT=1 keyT=4888 tieT=10
0:10-6:NC: L1SORTV t=465 L=7876 mono=0 setmism=1 keymism=4303 tieswap=22 | TOT t=1 recs=7876 monoT=0 setT=1 keyT=4303 tieT=22
0:10-7:NC: L1SORTV t=558 L=8091 mono=0 setmism=1 keymism=5176 tieswap=8 | TOT t=1 recs=8091 monoT=0 setT=1 keyT=5176 tieT=8
0:9-9:NC: L1SORTV t=557 L=7616 mono=0 setmism=1 keymism=4765 tieswap=11 | TOT t=1 recs=7616 monoT=0 setT=1 keyT=4765 tieT=11
0:10-0:NC: L1SORTV t=332 L=7660 mono=0 setmism=1 keymism=4696 tieswap=42 | TOT t=1 recs=7660 monoT=0 setT=1 keyT=4696 tieT=42
0:10-2:NC: L1SORTV t=370 L=7651 mono=0 setmism=1 keymism=4456 tieswap=47 | TOT t=1 recs=7651 monoT=0 setT=1 keyT=4456 tieT=47
0:9-7:NC: L1SORTV t=395 L=7557 mono=0 setmism=1 keymism=4038 tieswap=22 | TOT t=1 recs=7557 monoT=0 setT=1 keyT=4038 tieT=22
0:9-8:NC: L1SORTV t=425 L=7677 mono=0 setmism=1 keymism=4374 tieswap=29 | TOT t=1 recs=7677 monoT=0 setT=1 keyT=4374 tieT=29
0:9-4:NC: L1SORTV t=457 L=7482 mono=0 setmism=1 keymism=3760 tieswap=21 | TOT t=1 recs=7482 monoT=0 setT=1 keyT=3760 tieT=21
0:9-5:NC: L1SORTV t=299 L=7408 mono=0 setmism=1 keymism=4977 tieswap=36 | TOT t=1 recs=7408 monoT=0 setT=1 keyT=4977 tieT=36
0:9-6:NC: L1SORTV t=403 L=7476 mono=0 setmism=1 keymism=4465 tieswap=32 | TOT t=1 recs=7476 monoT=0 setT=1 keyT=4465 tieT=32
0:9-0:NC: L1SORTV t=444 L=7128 mono=0 setmism=1 keymism=4393 tieswap=8 | TOT t=1 recs=7128 monoT=0 setT=1 keyT=4393 tieT=8
0:9-1:NC: L1SORTV t=378 L=7187 mono=0 setmism=1 keymism=4465 tieswap=14 | TOT t=1 recs=7187 monoT=0 setT=1 keyT=4465 tieT=14
0:9-2:NC: L1SORTV t=456 L=7214 mono=0 setmism=1 keymism=3995 tieswap=20 | TOT t=1 recs=7214 monoT=0 setT=1 keyT=3995 tieT=20
0:9-3:NC: L1SORTV t=472 L=7248 mono=0 setmism=1 keymism=3949 tieswap=18 | TOT t=1 recs=7248 monoT=0 setT=1 keyT=3949 tieT=18
0:8-6:NC: L1SORTV t=650 L=7057 mono=0 setmism=1 keymism=4129 tieswap=12 | TOT t=1 recs=7057 monoT=0 setT=1 keyT=4129 tieT=12
0:8-7:NC: L1SORTV t=441 L=6963 mono=0 setmism=1 keymism=4069 tieswap=23 | TOT t=1 recs=6963 monoT=0 setT=1 keyT=4069 tieT=23
0:8-8:NC: L1SORTV t=300 L=7104 mono=0 setmism=1 keymism=4708 tieswap=21 | TOT t=1 recs=7104 monoT=0 setT=1 keyT=4708 tieT=21
0:8-9:NC: L1SORTV t=602 L=7020 mono=0 setmism=1 keymism=4576 tieswap=10 | TOT t=1 recs=7020 monoT=0 setT=1 keyT=4576 tieT=10
0:8-1:NC: L1SORTV t=503 L=6853 mono=0 setmism=1 keymism=3383 tieswap=10 | TOT t=1 recs=6853 monoT=0 setT=1 keyT=3383 tieT=10
0:8-2:NC: L1SORTV t=617 L=6944 mono=0 setmism=1 keymism=4098 tieswap=18 | TOT t=1 recs=6944 monoT=0 setT=1 keyT=4098 tieT=18
0:8-3:NC: L1SORTV t=435 L=6771 mono=0 setmism=1 keymism=3655 tieswap=26 | TOT t=1 recs=6771 monoT=0 setT=1 keyT=3655 tieT=26
0:8-4:NC: L1SORTV t=504 L=6752 mono=0 setmism=1 keymism=3298 tieswap=7 | TOT t=1 recs=6752 monoT=0 setT=1 keyT=3298 tieT=7
0:8-5:NC: L1SORTV t=661 L=6948 mono=0 setmism=1 keymism=3727 tieswap=7 | TOT t=1 recs=6948 monoT=0 setT=1 keyT=3727 tieT=7
0:7-7:NC: L1SORTV t=566 L=6495 mono=0 setmism=1 keymism=3925 tieswap=6 | TOT t=1 recs=6495 monoT=0 setT=1 keyT=3925 tieT=6
0:7-8:NC: L1SORTV t=433 L=6623 mono=0 setmism=1 keymism=3708 tieswap=23 | TOT t=1 recs=6623 monoT=0 setT=1 keyT=3708 tieT=23
0:7-9:NC: L1SORTV t=603 L=6613 mono=0 setmism=1 keymism=4144 tieswap=7 | TOT t=1 recs=6613 monoT=0 setT=1 keyT=4144 tieT=7
0:8-0:NC: L1SORTV t=394 L=6698 mono=0 setmism=1 keymism=3806 tieswap=19 | TOT t=1 recs=6698 monoT=0 setT=1 keyT=3806 tieT=19
0:7-4:NC: L1SORTV t=377 L=6382 mono=0 setmism=1 keymism=4007 tieswap=8 | TOT t=1 recs=6382 monoT=0 setT=1 keyT=4007 tieT=8
0:7-5:NC: L1SORTV t=427 L=6494 mono=0 setmism=1 keymism=3350 tieswap=36 | TOT t=1 recs=6494 monoT=0 setT=1 keyT=3350 tieT=36
0:7-6:NC: L1SORTV t=646 L=6501 mono=0 setmism=1 keymism=4144 tieswap=10 | TOT t=1 recs=6501 monoT=0 setT=1 keyT=4144 tieT=10
0:7-1:NC: L1SORTV t=618 L=6466 mono=0 setmism=1 keymism=3701 tieswap=22 | TOT t=1 recs=6466 monoT=0 setT=1 keyT=3701 tieT=22
0:7-2:NC: L1SORTV t=314 L=6308 mono=0 setmism=1 keymism=4078 tieswap=5 | TOT t=1 recs=6308 monoT=0 setT=1 keyT=4078 tieT=5
0:7-3:NC: L1SORTV t=429 L=6418 mono=0 setmism=1 keymism=3141 tieswap=19 | TOT t=1 recs=6418 monoT=0 setT=1 keyT=3141 tieT=19
0:10-8:NC: L1SORTV t=758 L=4686 mono=0 setmism=1 keymism=2732 tieswap=6 | TOT t=2 recs=12743 monoT=0 setT=2 keyT=7505 tieT=23
0:10-9:NC: L1SORTV t=656 L=4805 mono=0 setmism=1 keymism=2952 tieswap=8 | TOT t=2 recs=12905 monoT=0 setT=2 keyT=8094 tieT=19
0:6-7:NC: L1SORTV t=367 L=6337 mono=0 setmism=1 keymism=2519 tieswap=17 | TOT t=1 recs=6337 monoT=0 setT=1 keyT=2519 tieT=17
0:6-8:NC: L1SORTV t=459 L=6249 mono=0 setmism=1 keymism=3082 tieswap=24 | TOT t=1 recs=6249 monoT=0 setT=1 keyT=3082 tieT=24
0:6-9:NC: L1SORTV t=428 L=6286 mono=0 setmism=1 keymism=3188 tieswap=31 | TOT t=1 recs=6286 monoT=0 setT=1 keyT=3188 tieT=31
0:7-0:NC: L1SORTV t=460 L=6438 mono=0 setmism=1 keymism=3301 tieswap=13 | TOT t=1 recs=6438 monoT=0 setT=1 keyT=3301 tieT=13
0:9-9:NC: L1SORTV t=723 L=4756 mono=0 setmism=1 keymism=2755 tieswap=1 | TOT t=2 recs=12372 monoT=0 setT=2 keyT=7520 tieT=12
0:10-4:NC: L1SORTV t=397 L=4844 mono=0 setmism=1 keymism=2667 tieswap=15 | TOT t=2 recs=12678 monoT=0 setT=2 keyT=7315 tieT=27
0:10-5:NC: L1SORTV t=398 L=4728 mono=0 setmism=1 keymism=2630 tieswap=8 | TOT t=2 recs=12785 monoT=0 setT=2 keyT=7518 tieT=18
0:10-7:NC: L1SORTV t=399 L=4701 mono=0 setmism=1 keymism=2679 tieswap=12 | TOT t=2 recs=12792 monoT=0 setT=2 keyT=7855 tieT=20
0:6-3:NC: L1SORTV t=402 L=6283 mono=0 setmism=1 keymism=3069 tieswap=19 | TOT t=1 recs=6283 monoT=0 setT=1 keyT=3069 tieT=19
0:6-4:NC: L1SORTV t=488 L=6244 mono=0 setmism=1 keymism=3542 tieswap=12 | TOT t=1 recs=6244 monoT=0 setT=1 keyT=3542 tieT=12
0:6-5:NC: L1SORTV t=651 L=6176 mono=0 setmism=1 keymism=3673 tieswap=7 | TOT t=1 recs=6176 monoT=0 setT=1 keyT=3673 tieT=7
0:6-6:NC: L1SORTV t=467 L=6286 mono=0 setmism=1 keymism=3088 tieswap=12 | TOT t=1 recs=6286 monoT=0 setT=1 keyT=3088 tieT=12
0:10-0:NC: L1SORTV t=724 L=4896 mono=0 setmism=1 keymism=2939 tieswap=7 | TOT t=2 recs=12556 monoT=0 setT=2 keyT=7635 tieT=49
0:10-1:NC: L1SORTV t=306 L=4999 mono=0 setmism=1 keymism=2970 tieswap=13 | TOT t=2 recs=12695 monoT=0 setT=2 keyT=7530 tieT=31
0:10-3:NC: L1SORTV t=687 L=4729 mono=0 setmism=1 keymism=2844 tieswap=10 | TOT t=2 recs=12579 monoT=0 setT=2 keyT=6861 tieT=24
0:6-1:NC: L1SORTV t=380 L=6087 mono=0 setmism=1 keymism=3694 tieswap=9 | TOT t=1 recs=6087 monoT=0 setT=1 keyT=3694 tieT=9
0:6-2:NC: L1SORTV t=660 L=6084 mono=0 setmism=1 keymism=3264 tieswap=13 | TOT t=1 recs=6084 monoT=0 setT=1 keyT=3264 tieT=13
0:9-7:NC: L1SORTV t=470 L=4759 mono=0 setmism=1 keymism=2321 tieswap=9 | TOT t=2 recs=12316 monoT=0 setT=2 keyT=6359 tieT=31
0:9-8:NC: L1SORTV t=436 L=4740 mono=0 setmism=1 keymism=2278 tieswap=9 | TOT t=2 recs=12417 monoT=0 setT=2 keyT=6652 tieT=38
0:10-2:NC: L1SORTV t=759 L=5045 mono=0 setmism=1 keymism=3046 tieswap=3 | TOT t=2 recs=12696 monoT=0 setT=2 keyT=7502 tieT=50
0:5-8:NC: L1SORTV t=442 L=6081 mono=0 setmism=1 keymism=3371 tieswap=10 | TOT t=1 recs=6081 monoT=0 setT=1 keyT=3371 tieT=10
0:5-9:NC: L1SORTV t=468 L=5951 mono=0 setmism=1 keymism=2828 tieswap=12 | TOT t=1 recs=5951 monoT=0 setT=1 keyT=2828 tieT=12
0:6-0:NC: L1SORTV t=369 L=6113 mono=0 setmism=1 keymism=2948 tieswap=19 | TOT t=1 recs=6113 monoT=0 setT=1 keyT=2948 tieT=19
0:8-6:NC: L1SORTV t=688 L=4577 mono=0 setmism=1 keymism=2864 tieswap=3 | TOT t=2 recs=11634 monoT=0 setT=2 keyT=6993 tieT=15
0:8-8:NC: L1SORTV t=469 L=4580 mono=0 setmism=1 keymism=2075 tieswap=8 | TOT t=2 recs=11684 monoT=0 setT=2 keyT=6783 tieT=29
0:8-9:NC: L1SORTV t=336 L=4583 mono=0 setmism=1 keymism=2665 tieswap=14 | TOT t=2 recs=11603 monoT=0 setT=2 keyT=7241 tieT=24
0:9-1:NC: L1SORTV t=434 L=4548 mono=0 setmism=1 keymism=2409 tieswap=11 | TOT t=2 recs=11735 monoT=0 setT=2 keyT=6874 tieT=25
0:9-4:NC: L1SORTV t=684 L=4618 mono=0 setmism=1 keymism=2867 tieswap=3 | TOT t=2 recs=12100 monoT=0 setT=2 keyT=6627 tieT=24
0:9-5:NC: L1SORTV t=250 L=4527 mono=0 setmism=1 keymism=2837 tieswap=9 | TOT t=2 recs=11935 monoT=0 setT=2 keyT=7814 tieT=45
0:9-6:NC: L1SORTV t=348 L=4477 mono=0 setmism=1 keymism=2954 tieswap=2 | TOT t=2 recs=11953 monoT=0 setT=2 keyT=7419 tieT=34
0:10-6:NC: L1SORTV t=686 L=4744 mono=0 setmism=1 keymism=2848 tieswap=5 | TOT t=2 recs=12620 monoT=0 setT=2 keyT=7151 tieT=27
0:5-4:NC: L1SORTV t=505 L=5914 mono=0 setmism=1 keymism=2915 tieswap=4 | TOT t=1 recs=5914 monoT=0 setT=1 keyT=2915 tieT=4
0:5-6:NC: L1SORTV t=461 L=5970 mono=0 setmism=1 keymism=3137 tieswap=22 | TOT t=1 recs=5970 monoT=0 setT=1 keyT=3137 tieT=22
0:5-7:NC: L1SORTV t=568 L=5947 mono=0 setmism=1 keymism=3514 tieswap=6 | TOT t=1 recs=5947 monoT=0 setT=1 keyT=3514 tieT=6
0:8-2:NC: L1SORTV t=721 L=4508 mono=0 setmism=1 keymism=2691 tieswap=1 | TOT t=2 recs=11452 monoT=0 setT=2 keyT=6789 tieT=19
0:8-5:NC: L1SORTV t=443 L=4475 mono=0 setmism=1 keymism=2462 tieswap=8 | TOT t=2 recs=11423 monoT=0 setT=2 keyT=6189 tieT=15
0:8-7:NC: L1SORTV t=507 L=4588 mono=0 setmism=1 keymism=2450 tieswap=8 | TOT t=2 recs=11551 monoT=0 setT=2 keyT=6519 tieT=31
0:9-0:NC: L1SORTV t=729 L=4644 mono=0 setmism=1 keymism=2903 tieswap=7 | TOT t=2 recs=11772 monoT=0 setT=2 keyT=7296 tieT=15
0:9-3:NC: L1SORTV t=221 L=4686 mono=0 setmism=1 keymism=2965 tieswap=3 | TOT t=2 recs=11934 monoT=0 setT=2 keyT=6914 tieT=21
0:5-0:NC: L1SORTV t=366 L=5830 mono=0 setmism=1 keymism=2593 tieswap=14 | TOT t=1 recs=5830 monoT=0 setT=1 keyT=2593 tieT=14
0:5-2:NC: L1SORTV t=702 L=5859 mono=0 setmism=1 keymism=3620 tieswap=7 | TOT t=1 recs=5859 monoT=0 setT=1 keyT=3620 tieT=7
0:5-3:NC: L1SORTV t=346 L=5834 mono=0 setmism=1 keymism=3486 tieswap=8 | TOT t=1 recs=5834 monoT=0 setT=1 keyT=3486 tieT=8
0:5-5:NC: L1SORTV t=474 L=6053 mono=0 setmism=1 keymism=3364 tieswap=10 | TOT t=1 recs=6053 monoT=0 setT=1 keyT=3364 tieT=10
0:7-4:NC: L1SORTV t=691 L=4496 mono=0 setmism=1 keymism=2578 tieswap=6 | TOT t=2 recs=10878 monoT=0 setT=2 keyT=6585 tieT=14
0:7-7:NC: L1SORTV t=411 L=4506 mono=0 setmism=1 keymism=2200 tieswap=7 | TOT t=2 recs=11001 monoT=0 setT=2 keyT=6125 tieT=13
0:7-9:NC: L1SORTV t=722 L=4567 mono=0 setmism=1 keymism=2723 tieswap=5 | TOT t=2 recs=11180 monoT=0 setT=2 keyT=6867 tieT=12
0:8-0:NC: L1SORTV t=642 L=4612 mono=0 setmism=1 keymism=2501 tieswap=2 | TOT t=2 recs=11310 monoT=0 setT=2 keyT=6307 tieT=21
0:8-1:NC: L1SORTV t=689 L=4605 mono=0 setmism=1 keymism=2793 tieswap=5 | TOT t=2 recs=11458 monoT=0 setT=2 keyT=6176 tieT=15
0:9-2:NC: L1SORTV t=487 L=4740 mono=0 setmism=1 keymism=2456 tieswap=30 | TOT t=2 recs=11954 monoT=0 setT=2 keyT=6451 tieT=50
0:10-8:NC: L1SORTV t=88 L=3424 mono=0 setmism=1 keymism=2009 tieswap=5 | TOT t=3 recs=16167 monoT=0 setT=3 keyT=9514 tieT=28
0:10-9:NC: L1SORTV t=678 L=3532 mono=0 setmism=1 keymism=2062 tieswap=1 | TOT t=3 recs=16437 monoT=0 setT=3 keyT=10156 tieT=20
0:4-6:NC: L1SORTV t=363 L=5863 mono=0 setmism=1 keymism=3340 tieswap=31 | TOT t=1 recs=5863 monoT=0 setT=1 keyT=3340 tieT=31
0:4-7:NC: L1SORTV t=364 L=5802 mono=0 setmism=1 keymism=2721 tieswap=26 | TOT t=1 recs=5802 monoT=0 setT=1 keyT=2721 tieT=26
0:4-8:NC: L1SORTV t=440 L=5916 mono=0 setmism=1 keymism=3211 tieswap=7 | TOT t=1 recs=5916 monoT=0 setT=1 keyT=3211 tieT=7
0:4-9:NC: L1SORTV t=335 L=5918 mono=0 setmism=1 keymism=3601 tieswap=22 | TOT t=1 recs=5918 monoT=0 setT=1 keyT=3601 tieT=22
0:5-1:NC: L1SORTV t=396 L=5931 mono=0 setmism=1 keymism=3280 tieswap=39 | TOT t=1 recs=5931 monoT=0 setT=1 keyT=3280 tieT=39
0:7-1:NC: L1SORTV t=579 L=4386 mono=0 setmism=1 keymism=2802 tieswap=1 | TOT t=2 recs=10852 monoT=0 setT=2 keyT=6503 tieT=23
0:7-2:NC: L1SORTV t=437 L=4462 mono=0 setmism=1 keymism=2237 tieswap=5 | TOT t=2 recs=10770 monoT=0 setT=2 keyT=6315 tieT=10
0:7-6:NC: L1SORTV t=438 L=4675 mono=0 setmism=1 keymism=2407 tieswap=10 | TOT t=2 recs=11176 monoT=0 setT=2 keyT=6551 tieT=20
0:7-8:NC: L1SORTV t=725 L=4487 mono=0 setmism=1 keymism=2669 tieswap=6 | TOT t=2 recs=11110 monoT=0 setT=2 keyT=6377 tieT=29
0:8-3:NC: L1SORTV t=432 L=4578 mono=0 setmism=1 keymism=2434 tieswap=13 | TOT t=2 recs=11349 monoT=0 setT=2 keyT=6089 tieT=39
0:8-4:NC: L1SORTV t=313 L=4665 mono=0 setmism=1 keymism=2944 tieswap=11 | TOT t=2 recs=11417 monoT=0 setT=2 keyT=6242 tieT=18
0:9-9:NC: L1SORTV t=282 L=3635 mono=0 setmism=1 keymism=2166 tieswap=5 | TOT t=3 recs=16007 monoT=0 setT=3 keyT=9686 tieT=17
0:10-0:NC: L1SORTV t=102 L=3353 mono=0 setmism=1 keymism=1890 tieswap=0 | TOT t=3 recs=15909 monoT=0 setT=3 keyT=9525 tieT=49
0:10-3:NC: L1SORTV t=254 L=3632 mono=0 setmism=1 keymism=2096 tieswap=6 | TOT t=3 recs=16211 monoT=0 setT=3 keyT=8957 tieT=30
0:10-4:NC: L1SORTV t=69 L=3625 mono=0 setmism=1 keymism=2168 tieswap=6 | TOT t=3 recs=16303 monoT=0 setT=3 keyT=9483 tieT=33
0:10-5:NC: L1SORTV t=726 L=3630 mono=0 setmism=1 keymism=2071 tieswap=5 | TOT t=3 recs=16415 monoT=0 setT=3 keyT=9589 tieT=23
0:4-5:NC: L1SORTV t=703 L=5861 mono=0 setmism=1 keymism=3391 tieswap=1 | TOT t=1 recs=5861 monoT=0 setT=1 keyT=3391 tieT=1
0:6-5:NC: L1SORTV t=463 L=4399 mono=0 setmism=1 keymism=2285 tieswap=18 | TOT t=2 recs=10575 monoT=0 setT=2 keyT=5958 tieT=25
0:6-7:NC: L1SORTV t=85 L=4441 mono=0 setmism=1 keymism=2921 tieswap=11 | TOT t=2 recs=10778 monoT=0 setT=2 keyT=5440 tieT=28
0:7-5:NC: L1SORTV t=509 L=4415 mono=0 setmism=1 keymism=2772 tieswap=9 | TOT t=2 recs=10909 monoT=0 setT=2 keyT=6122 tieT=45
0:10-1:NC: L1SORTV t=735 L=3306 mono=0 setmism=1 keymism=1930 tieswap=2 | TOT t=3 recs=16001 monoT=0 setT=3 keyT=9460 tieT=33
0:10-7:NC: L1SORTV t=103 L=3361 mono=0 setmism=1 keymism=1969 tieswap=2 | TOT t=3 recs=16153 monoT=0 setT=3 keyT=9824 tieT=22
0:4-4:NC: L1SORTV t=659 L=5767 mono=0 setmism=1 keymism=3373 tieswap=8 | TOT t=1 recs=5767 monoT=0 setT=1 keyT=3373 tieT=8
0:6-2:NC: L1SORTV t=685 L=4461 mono=0 setmism=1 keymism=2731 tieswap=4 | TOT t=2 recs=10545 monoT=0 setT=2 keyT=5995 tieT=17
0:6-3:NC: L1SORTV t=694 L=4397 mono=0 setmism=1 keymism=2618 tieswap=3 | TOT t=2 recs=10680 monoT=0 setT=2 keyT=5687 tieT=22
0:6-8:NC: L1SORTV t=455 L=4463 mono=0 setmism=1 keymism=2678 tieswap=36 | TOT t=2 recs=10712 monoT=0 setT=2 keyT=5760 tieT=60
0:6-9:NC: L1SORTV t=251 L=4426 mono=0 setmism=1 keymism=2546 tieswap=3 | TOT t=2 recs=10712 monoT=0 setT=2 keyT=5734 tieT=34
0:7-3:NC: L1SORTV t=298 L=4512 mono=0 setmism=1 keymism=2780 tieswap=12 | TOT t=2 recs=10930 monoT=0 setT=2 keyT=5921 tieT=31
0:8-6:NC: L1SORTV t=375 L=3545 mono=0 setmism=1 keymism=2059 tieswap=8 | TOT t=3 recs=15179 monoT=0 setT=3 keyT=9052 tieT=23
0:8-9:NC: L1SORTV t=21 L=3525 mono=0 setmism=1 keymism=2475 tieswap=4 | TOT t=3 recs=15128 monoT=0 setT=3 keyT=9716 tieT=28
0:9-4:NC: L1SORTV t=286 L=3565 mono=0 setmism=1 keymism=2161 tieswap=2 | TOT t=3 recs=15665 monoT=0 setT=3 keyT=8788 tieT=26
0:9-5:NC: L1SORTV t=184 L=3475 mono=0 setmism=1 keymism=2200 tieswap=3 | TOT t=3 recs=15410 monoT=0 setT=3 keyT=10014 tieT=48
0:9-6:NC: L1SORTV t=344 L=3410 mono=0 setmism=1 keymism=2109 tieswap=8 | TOT t=3 recs=15363 monoT=0 setT=3 keyT=9528 tieT=42
0:9-7:NC: L1SORTV t=337 L=3340 mono=0 setmism=1 keymism=1892 tieswap=11 | TOT t=3 recs=15656 monoT=0 setT=3 keyT=8251 tieT=42
0:9-8:NC: L1SORTV t=242 L=3360 mono=0 setmism=1 keymism=1979 tieswap=6 | TOT t=3 recs=15777 monoT=0 setT=3 keyT=8631 tieT=44
0:10-2:NC: L1SORTV t=17 L=3374 mono=0 setmism=1 keymism=2355 tieswap=4 | TOT t=3 recs=16070 monoT=0 setT=3 keyT=9857 tieT=54
0:10-6:NC: L1SORTV t=653 L=3603 mono=0 setmism=1 keymism=2102 tieswap=5 | TOT t=3 recs=16223 monoT=0 setT=3 keyT=9253 tieT=32
0:3-9:NC: L1SORTV t=508 L=5639 mono=0 setmism=1 keymism=3280 tieswap=11 | TOT t=1 recs=5639 monoT=0 setT=1 keyT=3280 tieT=11
0:4-0:NC: L1SORTV t=315 L=5604 mono=0 setmism=1 keymism=3439 tieswap=8 | TOT t=1 recs=5604 monoT=0 setT=1 keyT=3439 tieT=8
0:4-1:NC: L1SORTV t=334 L=5740 mono=0 setmism=1 keymism=3475 tieswap=14 | TOT t=1 recs=5740 monoT=0 setT=1 keyT=3475 tieT=14
0:4-2:NC: L1SORTV t=519 L=5672 mono=0 setmism=1 keymism=2980 tieswap=19 | TOT t=1 recs=5672 monoT=0 setT=1 keyT=2980 tieT=19
0:4-3:NC: L1SORTV t=657 L=5687 mono=0 setmism=1 keymism=3514 tieswap=7 | TOT t=1 recs=5687 monoT=0 setT=1 keyT=3514 tieT=7
0:6-0:NC: L1SORTV t=641 L=4259 mono=0 setmism=1 keymism=2413 tieswap=8 | TOT t=2 recs=10372 monoT=0 setT=2 keyT=5361 tieT=27
0:6-4:NC: L1SORTV t=690 L=4414 mono=0 setmism=1 keymism=2688 tieswap=5 | TOT t=2 recs=10658 monoT=0 setT=2 keyT=6230 tieT=17
0:6-6:NC: L1SORTV t=541 L=4418 mono=0 setmism=1 keymism=2833 tieswap=11 | TOT t=2 recs=10704 monoT=0 setT=2 keyT=5921 tieT=23
0:7-0:NC: L1SORTV t=654 L=4434 mono=0 setmism=1 keymism=2734 tieswap=6 | TOT t=2 recs=10872 monoT=0 setT=2 keyT=6035 tieT=19
0:8-2:NC: L1SORTV t=57 L=3271 mono=0 setmism=1 keymism=2052 tieswap=1 | TOT t=3 recs=14723 monoT=0 setT=3 keyT=8841 tieT=20
0:8-5:NC: L1SORTV t=185 L=3522 mono=0 setmism=1 keymism=2096 tieswap=3 | TOT t=3 recs=14945 monoT=0 setT=3 keyT=8285 tieT=18
0:8-7:NC: L1SORTV t=718 L=3229 mono=0 setmism=1 keymism=1822 tieswap=6 | TOT t=3 recs=14780 monoT=0 setT=3 keyT=8341 tieT=37
0:8-8:NC: L1SORTV t=680 L=3481 mono=0 setmism=1 keymism=2020 tieswap=4 | TOT t=3 recs=15165 monoT=0 setT=3 keyT=8803 tieT=33
0:9-0:NC: L1SORTV t=609 L=3518 mono=0 setmism=1 keymism=2294 tieswap=6 | TOT t=3 recs=15290 monoT=0 setT=3 keyT=9590 tieT=21
0:9-1:NC: L1SORTV t=40 L=3591 mono=0 setmism=1 keymism=2224 tieswap=8 | TOT t=3 recs=15326 monoT=0 setT=3 keyT=9098 tieT=33
0:9-3:NC: L1SORTV t=266 L=3624 mono=0 setmism=1 keymism=2343 tieswap=5 | TOT t=3 recs=15558 monoT=0 setT=3 keyT=9257 tieT=26
0:10-8:NC: L1SORTV t=549 L=2460 mono=0 setmism=1 keymism=1461 tieswap=0 | TOT t=4 recs=18627 monoT=0 setT=4 keyT=10975 tieT=28
0:10-9:NC: L1SORTV t=269 L=2257 mono=0 setmism=1 keymism=1344 tieswap=3 | TOT t=4 recs=18694 monoT=0 setT=4 keyT=11500 tieT=23
0:3-7:NC: L1SORTV t=393 L=5645 mono=0 setmism=1 keymism=3378 tieswap=19 | TOT t=1 recs=5645 monoT=0 setT=1 keyT=3378 tieT=19
0:3-8:NC: L1SORTV t=645 L=5671 mono=0 setmism=1 keymism=3489 tieswap=6 | TOT t=1 recs=5671 monoT=0 setT=1 keyT=3489 tieT=6
0:5-3:NC: L1SORTV t=681 L=4196 mono=0 setmism=1 keymism=2562 tieswap=4 | TOT t=2 recs=10030 monoT=0 setT=2 keyT=6048 tieT=12
0:5-7:NC: L1SORTV t=695 L=4252 mono=0 setmism=1 keymism=2452 tieswap=5 | TOT t=2 recs=10199 monoT=0 setT=2 keyT=5966 tieT=11
0:5-8:NC: L1SORTV t=86 L=4279 mono=0 setmism=1 keymism=2661 tieswap=7 | TOT t=2 recs=10360 monoT=0 setT=2 keyT=6032 tieT=17
0:5-9:NC: L1SORTV t=655 L=4257 mono=0 setmism=1 keymism=2551 tieswap=5 | TOT t=2 recs=10208 monoT=0 setT=2 keyT=5379 tieT=17
0:6-1:NC: L1SORTV t=570 L=4345 mono=0 setmism=1 keymism=2745 tieswap=3 | TOT t=2 recs=10432 monoT=0 setT=2 keyT=6439 tieT=12
0:7-4:NC: L1SORTV t=120 L=3431 mono=0 setmism=1 keymism=2001 tieswap=5 | TOT t=3 recs=14309 monoT=0 setT=3 keyT=8586 tieT=19
0:7-7:NC: L1SORTV t=249 L=3165 mono=0 setmism=1 keymism=1883 tieswap=2 | TOT t=3 recs=14166 monoT=0 setT=3 keyT=8008 tieT=15
0:7-9:NC: L1SORTV t=71 L=3214 mono=0 setmism=1 keymism=1862 tieswap=3 | TOT t=3 recs=14394 monoT=0 setT=3 keyT=8729 tieT=15
0:8-0:NC: L1SORTV t=317 L=3295 mono=0 setmism=1 keymism=1867 tieswap=6 | TOT t=3 recs=14605 monoT=0 setT=3 keyT=8174 tieT=27
0:8-1:NC: L1SORTV t=121 L=3651 mono=0 setmism=1 keymism=2125 tieswap=2 | TOT t=3 recs=15109 monoT=0 setT=3 keyT=8301 tieT=17
0:8-4:NC: L1SORTV t=223 L=3415 mono=0 setmism=1 keymism=1928 tieswap=2 | TOT t=3 recs=14832 monoT=0 setT=3 keyT=8170 tieT=20
0:9-9:NC: L1SORTV t=710 L=2301 mono=0 setmism=1 keymism=1179 tieswap=0 | TOT t=4 recs=18308 monoT=0 setT=4 keyT=10865 tieT=17
0:10-0:NC: L1SORTV t=606 L=2438 mono=0 setmism=1 keymism=1380 tieswap=3 | TOT t=4 recs=18347 monoT=0 setT=4 keyT=10905 tieT=52
0:10-3:NC: L1SORTV t=608 L=2326 mono=0 setmism=1 keymism=1520 tieswap=3 | TOT t=4 recs=18537 monoT=0 setT=4 keyT=10477 tieT=33
0:10-4:NC: L1SORTV t=3 L=2259 mono=0 setmism=1 keymism=1536 tieswap=0 | TOT t=4 recs=18562 monoT=0 setT=4 keyT=11019 tieT=33
0:10-5:NC: L1SORTV t=267 L=2350 mono=0 setmism=1 keymism=1278 tieswap=2 | TOT t=4 recs=18765 monoT=0 setT=4 keyT=10867 tieT=25
0:3-3:NC: L1SORTV t=401 L=5501 mono=0 setmism=1 keymism=3065 tieswap=21 | TOT t=1 recs=5501 monoT=0 setT=1 keyT=3065 tieT=21
0:3-4:NC: L1SORTV t=345 L=5585 mono=0 setmism=1 keymism=3532 tieswap=8 | TOT t=1 recs=5585 monoT=0 setT=1 keyT=3532 tieT=8
0:3-5:NC: L1SORTV t=379 L=5639 mono=0 setmism=1 keymism=3259 tieswap=12 | TOT t=1 recs=5639 monoT=0 setT=1 keyT=3259 tieT=12
0:3-6:NC: L1SORTV t=610 L=5623 mono=0 setmism=1 keymism=3614 tieswap=9 | TOT t=1 recs=5623 monoT=0 setT=1 keyT=3614 tieT=9
0:5-0:NC: L1SORTV t=731 L=4187 mono=0 setmism=1 keymism=2620 tieswap=6 | TOT t=2 recs=10017 monoT=0 setT=2 keyT=5213 tieT=20
0:5-2:NC: L1SORTV t=605 L=4132 mono=0 setmism=1 keymism=2309 tieswap=5 | TOT t=2 recs=9991 monoT=0 setT=2 keyT=5929 tieT=12
0:5-4:NC: L1SORTV t=222 L=4245 mono=0 setmism=1 keymism=2493 tieswap=0 | TOT t=2 recs=10159 monoT=0 setT=2 keyT=5408 tieT=4
0:5-5:NC: L1SORTV t=692 L=4285 mono=0 setmism=1 keymism=2298 tieswap=2 | TOT t=2 recs=10338 monoT=0 setT=2 keyT=5662 tieT=12
0:5-6:NC: L1SORTV t=697 L=4296 mono=0 setmism=1 keymism=2697 tieswap=2 | TOT t=2 recs=10266 monoT=0 setT=2 keyT=5834 tieT=24
0:6-7:NC: L1SORTV t=39 L=3189 mono=0 setmism=1 keymism=1976 tieswap=6 | TOT t=3 recs=13967 monoT=0 setT=3 keyT=7416 tieT=34
0:7-1:NC: L1SORTV t=717 L=3245 mono=0 setmism=1 keymism=1752 tieswap=1 | TOT t=3 recs=14097 monoT=0 setT=3 keyT=8255 tieT=24
0:7-2:NC: L1SORTV t=87 L=3248 mono=0 setmism=1 keymism=1971 tieswap=3 | TOT t=3 recs=14018 monoT=0 setT=3 keyT=8286 tieT=13
0:7-5:NC: L1SORTV t=247 L=3455 mono=0 setmism=1 keymism=1934 tieswap=2 | TOT t=3 recs=14364 monoT=0 setT=3 keyT=8056 tieT=47
0:7-6:NC: L1SORTV t=575 L=3242 mono=0 setmism=1 keymism=1930 tieswap=4 | TOT t=3 recs=14418 monoT=0 setT=3 keyT=8481 tieT=24
0:7-8:NC: L1SORTV t=383 L=3295 mono=0 setmism=1 keymism=2301 tieswap=5 | TOT t=3 recs=14405 monoT=0 setT=3 keyT=8678 tieT=34
0:8-3:NC: L1SORTV t=374 L=3565 mono=0 setmism=1 keymism=1953 tieswap=0 | TOT t=3 recs=14914 monoT=0 setT=3 keyT=8042 tieT=39
0:9-2:NC: L1SORTV t=83 L=3303 mono=0 setmism=1 keymism=2028 tieswap=6 | TOT t=3 recs=15257 monoT=0 setT=3 keyT=8479 tieT=56
0:9-6:NC: L1SORTV t=189 L=2532 mono=0 setmism=1 keymism=1528 tieswap=0 | TOT t=4 recs=17895 monoT=0 setT=4 keyT=11056 tieT=42
0:9-7:NC: L1SORTV t=53 L=2381 mono=0 setmism=1 keymism=1418 tieswap=5 | TOT t=4 recs=18037 monoT=0 setT=4 keyT=9669 tieT=47
0:10-1:NC: L1SORTV t=56 L=2518 mono=0 setmism=1 keymism=1524 tieswap=1 | TOT t=4 recs=18519 monoT=0 setT=4 keyT=10984 tieT=34
0:10-7:NC: L1SORTV t=755 L=2423 mono=0 setmism=1 keymism=1264 tieswap=0 | TOT t=4 recs=18576 monoT=0 setT=4 keyT=11088 tieT=22
0:3-0:NC: L1SORTV t=464 L=5450 mono=0 setmism=1 keymism=3094 tieswap=19 | TOT t=1 recs=5450 monoT=0 setT=1 keyT=3094 tieT=19
0:3-1:NC: L1SORTV t=471 L=5495 mono=0 setmism=1 keymism=2691 tieswap=9 | TOT t=1 recs=5495 monoT=0 setT=1 keyT=2691 tieT=9
0:3-2:NC: L1SORTV t=253 L=5462 mono=0 setmism=1 keymism=3241 tieswap=2 | TOT t=1 recs=5462 monoT=0 setT=1 keyT=3241 tieT=2
0:4-7:NC: L1SORTV t=431 L=4113 mono=0 setmism=1 keymism=2021 tieswap=17 | TOT t=2 recs=9915 monoT=0 setT=2 keyT=4742 tieT=43
0:4-8:NC: L1SORTV t=760 L=4118 mono=0 setmism=1 keymism=2431 tieswap=2 | TOT t=2 recs=10034 monoT=0 setT=2 keyT=5642 tieT=9
0:4-9:NC: L1SORTV t=362 L=4146 mono=0 setmism=1 keymism=2532 tieswap=21 | TOT t=2 recs=10064 monoT=0 setT=2 keyT=6133 tieT=43
0:6-2:NC: L1SORTV t=331 L=3085 mono=0 setmism=1 keymism=1846 tieswap=12 | TOT t=3 recs=13630 monoT=0 setT=3 keyT=7841 tieT=29
0:6-3:NC: L1SORTV t=248 L=3151 mono=0 setmism=1 keymism=1830 tieswap=1 | TOT t=3 recs=13831 monoT=0 setT=3 keyT=7517 tieT=23
0:6-5:NC: L1SORTV t=135 L=3142 mono=0 setmism=1 keymism=1807 tieswap=5 | TOT t=3 recs=13717 monoT=0 setT=3 keyT=7765 tieT=30
0:6-9:NC: L1SORTV t=639 L=3255 mono=0 setmism=1 keymism=2028 tieswap=2 | TOT t=3 recs=13967 monoT=0 setT=3 keyT=7762 tieT=36
0:7-3:NC: L1SORTV t=191 L=3258 mono=0 setmism=1 keymism=1920 tieswap=1 | TOT t=3 recs=14188 monoT=0 setT=3 keyT=7841 tieT=32
0:8-6:NC: L1SORTV t=714 L=2286 mono=0 setmism=1 keymism=1227 tieswap=2 | TOT t=4 recs=17465 monoT=0 setT=4 keyT=10279 tieT=25
0:8-8:NC: L1SORTV t=55 L=2418 mono=0 setmism=1 keymism=1386 tieswap=3 | TOT t=4 recs=17583 monoT=0 setT=4 keyT=10189 tieT=36
0:8-9:NC: L1SORTV t=510 L=2372 mono=0 setmism=1 keymism=1303 tieswap=2 | TOT t=4 recs=17500 monoT=0 setT=4 keyT=11019 tieT=30
0:9-4:NC: L1SORTV t=234 L=2287 mono=0 setmism=1 keymism=1312 tieswap=1 | TOT t=4 recs=17952 monoT=0 setT=4 keyT=10100 tieT=27
0:9-5:NC: L1SORTV t=218 L=2314 mono=0 setmism=1 keymism=1323 tieswap=0 | TOT t=4 recs=17724 monoT=0 setT=4 keyT=11337 tieT=48
0:9-8:NC: L1SORTV t=35 L=2456 mono=0 setmism=1 keymism=1406 tieswap=2 | TOT t=4 recs=18233 monoT=0 setT=4 keyT=10037 tieT=46
0:10-2:NC: L1SORTV t=41 L=2575 mono=0 setmism=1 keymism=1577 tieswap=6 | TOT t=4 recs=18645 monoT=0 setT=4 keyT=11434 tieT=60
0:10-6:NC: L1SORTV t=214 L=2315 mono=0 setmism=1 keymism=1408 tieswap=2 | TOT t=4 recs=18538 monoT=0 setT=4 keyT=10661 tieT=34
0:10-8:NC: L1SORTV t=201 L=1824 mono=0 setmism=1 keymism=976 tieswap=2 | TOT t=5 recs=20451 monoT=0 setT=5 keyT=11951 tieT=30
0:10-9:NC: L1SORTV t=159 L=1739 mono=0 setmism=1 keymism=1020 tieswap=1 | TOT t=5 recs=20433 monoT=0 setT=5 keyT=12520 tieT=24
0:2-6:NC: L1SORTV t=573 L=5567 mono=0 setmism=1 keymism=3423 tieswap=3 | TOT t=1 recs=5567 monoT=0 setT=1 keyT=3423 tieT=3
0:2-7:NC: L1SORTV t=569 L=5532 mono=0 setmism=1 keymism=3344 tieswap=5 | TOT t=1 recs=5532 monoT=0 setT=1 keyT=3344 tieT=5
0:2-8:NC: L1SORTV t=333 L=5571 mono=0 setmism=1 keymism=3374 tieswap=20 | TOT t=1 recs=5571 monoT=0 setT=1 keyT=3374 tieT=20
0:2-9:NC: L1SORTV t=439 L=5557 mono=0 setmism=1 keymism=3094 tieswap=6 | TOT t=1 recs=5557 monoT=0 setT=1 keyT=3094 tieT=6
0:4-5:NC: L1SORTV t=445 L=4176 mono=0 setmism=1 keymism=2695 tieswap=7 | TOT t=2 recs=10037 monoT=0 setT=2 keyT=6086 tieT=8
0:4-6:NC: L1SORTV t=730 L=4099 mono=0 setmism=1 keymism=2493 tieswap=5 | TOT t=2 recs=9962 monoT=0 setT=2 keyT=5833 tieT=36
0:6-0:NC: L1SORTV t=446 L=3062 mono=0 setmism=1 keymism=1911 tieswap=2 | TOT t=3 recs=13434 monoT=0 setT=3 keyT=7272 tieT=29
0:6-4:NC: L1SORTV t=153 L=3133 mono=0 setmism=1 keymism=1928 tieswap=4 | TOT t=3 recs=13791 monoT=0 setT=3 keyT=8158 tieT=21
0:6-6:NC: L1SORTV t=246 L=3103 mono=0 setmism=1 keymism=2000 tieswap=3 | TOT t=3 recs=13807 monoT=0 setT=3 keyT=7921 tieT=26
0:7-4:NC: L1SORTV t=301 L=2274 mono=0 setmism=1 keymism=1289 tieswap=1 | TOT t=4 recs=16583 monoT=0 setT=4 keyT=9875 tieT=20
0:7-7:NC: L1SORTV t=22 L=2515 mono=0 setmism=1 keymism=1654 tieswap=3 | TOT t=4 recs=16681 monoT=0 setT=4 keyT=9662 tieT=18
0:7-9:NC: L1SORTV t=15 L=2715 mono=0 setmism=1 keymism=1803 tieswap=4 | TOT t=4 recs=17109 monoT=0 setT=4 keyT=10532 tieT=19
0:8-0:NC: L1SORTV t=372 L=2489 mono=0 setmism=1 keymism=1379 tieswap=2 | TOT t=4 recs=17094 monoT=0 setT=4 keyT=9553 tieT=29
0:8-2:NC: L1SORTV t=152 L=2580 mono=0 setmism=1 keymism=1418 tieswap=4 | TOT t=4 recs=17303 monoT=0 setT=4 keyT=10259 tieT=24
0:8-5:NC: L1SORTV t=106 L=2363 mono=0 setmism=1 keymism=1383 tieswap=4 | TOT t=4 recs=17308 monoT=0 setT=4 keyT=9668 tieT=22
0:8-7:NC: L1SORTV t=240 L=2624 mono=0 setmism=1 keymism=1540 tieswap=5 | TOT t=4 recs=17404 monoT=0 setT=4 keyT=9881 tieT=42
0:9-0:NC: L1SORTV t=26 L=2291 mono=0 setmism=1 keymism=1537 tieswap=0 | TOT t=4 recs=17581 monoT=0 setT=4 keyT=11127 tieT=21
0:9-1:NC: L1SORTV t=9 L=2324 mono=0 setmism=1 keymism=1600 tieswap=6 | TOT t=4 recs=17650 monoT=0 setT=4 keyT=10698 tieT=39
0:9-3:NC: L1SORTV t=123 L=2246 mono=0 setmism=1 keymism=1340 tieswap=1 | TOT t=4 recs=17804 monoT=0 setT=4 keyT=10597 tieT=27
0:9-7:NC: L1SORTV t=381 L=1625 mono=0 setmism=1 keymism=1047 tieswap=0 | TOT t=5 recs=19662 monoT=0 setT=5 keyT=10716 tieT=47
0:9-9:NC: L1SORTV t=126 L=1545 mono=0 setmism=1 keymism=860 tieswap=0 | TOT t=5 recs=19853 monoT=0 setT=5 keyT=11725 tieT=17
0:10-0:NC: L1SORTV t=309 L=1817 mono=0 setmism=1 keymism=1070 tieswap=2 | TOT t=5 recs=20164 monoT=0 setT=5 keyT=11975 tieT=54
0:10-3:NC: L1SORTV t=96 L=1580 mono=0 setmism=1 keymism=993 tieswap=0 | TOT t=5 recs=20117 monoT=0 setT=5 keyT=11470 tieT=33
0:10-4:NC: L1SORTV t=92 L=1570 mono=0 setmism=1 keymism=828 tieswap=1 | TOT t=5 recs=20132 monoT=0 setT=5 keyT=11847 tieT=34
0:10-5:NC: L1SORTV t=278 L=1777 mono=0 setmism=1 keymism=987 tieswap=2 | TOT t=5 recs=20542 monoT=0 setT=5 keyT=11854 tieT=27
0:2-4:NC: L1SORTV t=643 L=5398 mono=0 setmism=1 keymism=3013 tieswap=4 | TOT t=1 recs=5398 monoT=0 setT=1 keyT=3013 tieT=4
0:2-5:NC: L1SORTV t=408 L=5565 mono=0 setmism=1 keymism=3099 tieswap=3 | TOT t=1 recs=5565 monoT=0 setT=1 keyT=3099 tieT=3
0:4-0:NC: L1SORTV t=412 L=4085 mono=0 setmism=1 keymism=2223 tieswap=5 | TOT t=2 recs=9689 monoT=0 setT=2 keyT=5662 tieT=13
0:4-1:NC: L1SORTV t=701 L=4163 mono=0 setmism=1 keymism=2504 tieswap=10 | TOT t=2 recs=9903 monoT=0 setT=2 keyT=5979 tieT=24
0:4-3:NC: L1SORTV t=84 L=4149 mono=0 setmism=1 keymism=2678 tieswap=14 | TOT t=2 recs=9836 monoT=0 setT=2 keyT=6192 tieT=21
0:4-4:NC: L1SORTV t=284 L=4135 mono=0 setmism=1 keymism=2275 tieswap=4 | TOT t=2 recs=9902 monoT=0 setT=2 keyT=5648 tieT=12
0:5-1:NC: L1SORTV t=404 L=4165 mono=0 setmism=1 keymism=2340 tieswap=2 | TOT t=2 recs=10096 monoT=0 setT=2 keyT=5620 tieT=41
0:5-3:NC: L1SORTV t=216 L=2973 mono=0 setmism=1 keymism=1724 tieswap=3 | TOT t=3 recs=13003 monoT=0 setT=3 keyT=7772 tieT=15
0:5-7:NC: L1SORTV t=168 L=3117 mono=0 setmism=1 keymism=1800 tieswap=2 | TOT t=3 recs=13316 monoT=0 setT=3 keyT=7766 tieT=13
0:5-8:NC: L1SORTV t=271 L=3124 mono=0 setmism=1 keymism=1796 tieswap=2 | TOT t=3 recs=13484 monoT=0 setT=3 keyT=7828 tieT=19
0:5-9:NC: L1SORTV t=16 L=3071 mono=0 setmism=1 keymism=2102 tieswap=1 | TOT t=3 recs=13279 monoT=0 setT=3 keyT=7481 tieT=18
0:6-1:NC: L1SORTV t=220 L=3100 mono=0 setmism=1 keymism=1989 tieswap=4 | TOT t=3 recs=13532 monoT=0 setT=3 keyT=8428 tieT=16
0:6-7:NC: L1SORTV t=748 L=2362 mono=0 setmism=1 keymism=1254 tieswap=2 | TOT t=4 recs=16329 monoT=0 setT=4 keyT=8670 tieT=36
0:6-8:NC: L1SORTV t=359 L=3152 mono=0 setmism=1 keymism=2185 tieswap=19 | TOT t=3 recs=13864 monoT=0 setT=3 keyT=7945 tieT=79
0:7-0:NC: L1SORTV t=308 L=3297 mono=0 setmism=1 keymism=1734 tieswap=1 | TOT t=3 recs=14169 monoT=0 setT=3 keyT=7769 tieT=20
0:7-1:NC: L1SORTV t=134 L=2621 mono=0 setmism=1 keymism=1416 tieswap=2 | TOT t=4 recs=16718 monoT=0 setT=4 keyT=9671 tieT=26
0:7-2:NC: L1SORTV t=23 L=2595 mono=0 setmism=1 keymism=1804 tieswap=2 | TOT t=4 recs=16613 monoT=0 setT=4 keyT=10090 tieT=15
0:7-5:NC: L1SORTV t=279 L=2367 mono=0 setmism=1 keymism=1324 tieswap=1 | TOT t=4 recs=16731 monoT=0 setT=4 keyT=9380 tieT=48
0:7-6:NC: L1SORTV t=734 L=2573 mono=0 setmism=1 keymism=1355 tieswap=0 | TOT t=4 recs=16991 monoT=0 setT=4 keyT=9836 tieT=24
0:7-8:NC: L1SORTV t=208 L=2473 mono=0 setmism=1 keymism=1466 tieswap=3 | TOT t=4 recs=16878 monoT=0 setT=4 keyT=10144 tieT=37
0:8-1:NC: L1SORTV t=243 L=2222 mono=0 setmism=1 keymism=1265 tieswap=0 | TOT t=4 recs=17331 monoT=0 setT=4 keyT=9566 tieT=17
0:8-4:NC: L1SORTV t=154 L=2330 mono=0 setmism=1 keymism=1406 tieswap=1 | TOT t=4 recs=17162 monoT=0 setT=4 keyT=9576 tieT=21
0:8-9:NC: L1SORTV t=24 L=1702 mono=0 setmism=1 keymism=1116 tieswap=0 | TOT t=5 recs=19202 monoT=0 setT=5 keyT=12135 tieT=30
0:9-2:NC: L1SORTV t=281 L=2457 mono=0 setmism=1 keymism=1421 tieswap=5 | TOT t=4 recs=17714 monoT=0 setT=4 keyT=9900 tieT=61
0:9-6:NC: L1SORTV t=515 L=1770 mono=0 setmism=1 keymism=1030 tieswap=0 | TOT t=5 recs=19665 monoT=0 setT=5 keyT=12086 tieT=42
0:10-1:NC: L1SORTV t=65 L=1743 mono=0 setmism=1 keymism=1014 tieswap=1 | TOT t=5 recs=20262 monoT=0 setT=5 keyT=11998 tieT=35
0:10-2:NC: L1SORTV t=310 L=1717 mono=0 setmism=1 keymism=1034 tieswap=4 | TOT t=5 recs=20362 monoT=0 setT=5 keyT=12468 tieT=64
0:10-6:NC: L1SORTV t=311 L=1572 mono=0 setmism=1 keymism=897 tieswap=2 | TOT t=5 recs=20110 monoT=0 setT=5 keyT=11558 tieT=36
0:10-7:NC: L1SORTV t=169 L=1893 mono=0 setmism=1 keymism=1036 tieswap=3 | TOT t=5 recs=20469 monoT=0 setT=5 keyT=12124 tieT=25
0:10-8:NC: L1SORTV t=513 L=831 mono=0 setmism=1 keymism=446 tieswap=0 | TOT t=6 recs=21282 monoT=0 setT=6 keyT=12397 tieT=30
0:10-9:NC: L1SORTV t=197 L=993 mono=0 setmism=1 keymism=550 tieswap=0 | TOT t=6 recs=21426 monoT=0 setT=6 keyT=13070 tieT=24
0:2-2:NC: L1SORTV t=307 L=5510 mono=0 setmism=1 keymism=3151 tieswap=6 | TOT t=1 recs=5510 monoT=0 setT=1 keyT=3151 tieT=6
0:2-3:NC: L1SORTV t=462 L=5427 mono=0 setmism=1 keymism=2800 tieswap=17 | TOT t=1 recs=5427 monoT=0 setT=1 keyT=2800 tieT=17
0:3-8:NC: L1SORTV t=400 L=4064 mono=0 setmism=1 keymism=2271 tieswap=9 | TOT t=2 recs=9735 monoT=0 setT=2 keyT=5760 tieT=15
0:4-2:NC: L1SORTV t=518 L=4163 mono=0 setmism=1 keymism=2361 tieswap=13 | TOT t=2 recs=9835 monoT=0 setT=2 keyT=5341 tieT=32
0:5-0:NC: L1SORTV t=391 L=2892 mono=0 setmism=1 keymism=1610 tieswap=7 | TOT t=3 recs=12909 monoT=0 setT=3 keyT=6823 tieT=27
0:5-2:NC: L1SORTV t=6 L=2989 mono=0 setmism=1 keymism=2001 tieswap=3 | TOT t=3 recs=12980 monoT=0 setT=3 keyT=7930 tieT=15
0:5-4:NC: L1SORTV t=14 L=3005 mono=0 setmism=1 keymism=2063 tieswap=3 | TOT t=3 recs=13164 monoT=0 setT=3 keyT=7471 tieT=7
0:5-5:NC: L1SORTV t=101 L=3045 mono=0 setmism=1 keymism=1730 tieswap=4 | TOT t=3 recs=13383 monoT=0 setT=3 keyT=7392 tieT=16
0:5-6:NC: L1SORTV t=236 L=2976 mono=0 setmism=1 keymism=1839 tieswap=5 | TOT t=3 recs=13242 monoT=0 setT=3 keyT=7673 tieT=29
0:6-2:NC: L1SORTV t=413 L=2284 mono=0 setmism=1 keymism=1426 tieswap=4 | TOT t=4 recs=15914 monoT=0 setT=4 keyT=9267 tieT=33
0:6-3:NC: L1SORTV t=542 L=2410 mono=0 setmism=1 keymism=1499 tieswap=4 | TOT t=4 recs=16241 monoT=0 setT=4 keyT=9016 tieT=27
0:6-5:NC: L1SORTV t=711 L=2292 mono=0 setmism=1 keymism=1216 tieswap=0 | TOT t=4 recs=16009 monoT=0 setT=4 keyT=8981 tieT=30
0:6-9:NC: L1SORTV t=4 L=2566 mono=0 setmism=1 keymism=1708 tieswap=0 | TOT t=4 recs=16533 monoT=0 setT=4 keyT=9470 tieT=36
0:7-3:NC: L1SORTV t=136 L=2604 mono=0 setmism=1 keymism=1547 tieswap=3 | TOT t=4 recs=16792 monoT=0 setT=4 keyT=9388 tieT=35
0:7-4:NC: L1SORTV t=675 L=1780 mono=0 setmism=1 keymism=852 tieswap=1 | TOT t=5 recs=18363 monoT=0 setT=5 keyT=10727 tieT=21
0:8-2:NC: L1SORTV t=67 L=1897 mono=0 setmism=1 keymism=947 tieswap=2 | TOT t=5 recs=19200 monoT=0 setT=5 keyT=11206 tieT=26
0:8-3:NC: L1SORTV t=447 L=2381 mono=0 setmism=1 keymism=1528 tieswap=2 | TOT t=4 recs=17295 monoT=0 setT=4 keyT=9570 tieT=41
0:8-6:NC: L1SORTV t=183 L=1615 mono=0 setmism=1 keymism=982 tieswap=3 | TOT t=5 recs=19080 monoT=0 setT=5 keyT=11261 tieT=28
0:8-8:NC: L1SORTV t=204 L=1739 mono=0 setmism=1 keymism=1060 tieswap=1 | TOT t=5 recs=19322 monoT=0 setT=5 keyT=11249 tieT=37
0:9-1:NC: L1SORTV t=708 L=1580 mono=0 setmism=1 keymism=793 tieswap=1 | TOT t=5 recs=19230 monoT=0 setT=5 keyT=11491 tieT=40
0:9-3:NC: L1SORTV t=94 L=1538 mono=0 setmism=1 keymism=839 tieswap=0 | TOT t=5 recs=19342 monoT=0 setT=5 keyT=11436 tieT=27
0:9-4:NC: L1SORTV t=28 L=1665 mono=0 setmism=1 keymism=1146 tieswap=2 | TOT t=5 recs=19617 monoT=0 setT=5 keyT=11246 tieT=29
0:9-5:NC: L1SORTV t=166 L=1830 mono=0 setmism=1 keymism=1014 tieswap=1 | TOT t=5 recs=19554 monoT=0 setT=5 keyT=12351 tieT=49
0:9-7:NC: L1SORTV t=824 L=763 mono=0 setmism=1 keymism=271 tieswap=0 | TOT t=6 recs=20425 monoT=0 setT=6 keyT=10987 tieT=47
0:9-8:NC: L1SORTV t=747 L=1706 mono=0 setmism=1 keymism=833 tieswap=0 | TOT t=5 recs=19939 monoT=0 setT=5 keyT=10870 tieT=46
0:9-9:NC: L1SORTV t=384 L=1166 mono=0 setmism=1 keymism=761 tieswap=2 | TOT t=6 recs=21019 monoT=0 setT=6 keyT=12486 tieT=19
0:10-0:NC: L1SORTV t=454 L=859 mono=0 setmism=1 keymism=529 tieswap=0 | TOT t=6 recs=21023 monoT=0 setT=6 keyT=12504 tieT=54
0:10-3:NC: L1SORTV t=132 L=1050 mono=0 setmism=1 keymism=385 tieswap=0 | TOT t=6 recs=21167 monoT=0 setT=6 keyT=11855 tieT=33
0:10-4:NC: L1SORTV t=782 L=1101 mono=0 setmism=1 keymism=448 tieswap=0 | TOT t=6 recs=21233 monoT=0 setT=6 keyT=12295 tieT=34
0:10-5:NC: L1SORTV t=419 L=893 mono=0 setmism=1 keymism=556 tieswap=2 | TOT t=6 recs=21435 monoT=0 setT=6 keyT=12410 tieT=29
0:10-8:NC: L1SORTV t=969 L=315 mono=0 setmism=1 keymism=81 tieswap=0 | TOT t=7 recs=21597 monoT=0 setT=7 keyT=12478 tieT=30
0:10-9:NC: L1SORTV t=903 L=318 mono=0 setmism=1 keymism=86 tieswap=0 | TOT t=7 recs=21744 monoT=0 setT=7 keyT=13156 tieT=24
0:1-8:NC: L1SORTV t=473 L=5315 mono=0 setmism=1 keymism=2604 tieswap=10 | TOT t=1 recs=5315 monoT=0 setT=1 keyT=2604 tieT=10
0:1-9:NC: L1SORTV t=567 L=5361 mono=0 setmism=1 keymism=3231 tieswap=4 | TOT t=1 recs=5361 monoT=0 setT=1 keyT=3231 tieT=4
0:2-0:NC: L1SORTV t=506 L=5341 mono=0 setmism=1 keymism=2829 tieswap=4 | TOT t=1 recs=5341 monoT=0 setT=1 keyT=2829 tieT=4
0:2-1:NC: L1SORTV t=368 L=5435 mono=0 setmism=1 keymism=1942 tieswap=11 | TOT t=1 recs=5435 monoT=0 setT=1 keyT=1942 tieT=11
0:3-4:NC: L1SORTV t=693 L=4024 mono=0 setmism=1 keymism=2260 tieswap=3 | TOT t=2 recs=9609 monoT=0 setT=2 keyT=5792 tieT=11
0:3-5:NC: L1SORTV t=89 L=4033 mono=0 setmism=1 keymism=2366 tieswap=4 | TOT t=2 recs=9672 monoT=0 setT=2 keyT=5625 tieT=16
0:3-6:NC: L1SORTV t=376 L=4092 mono=0 setmism=1 keymism=2395 tieswap=7 | TOT t=2 recs=9715 monoT=0 setT=2 keyT=6009 tieT=16
0:3-7:NC: L1SORTV t=682 L=4036 mono=0 setmism=1 keymism=2420 tieswap=6 | TOT t=2 recs=9681 monoT=0 setT=2 keyT=5798 tieT=25
0:3-9:NC: L1SORTV t=406 L=4059 mono=0 setmism=1 keymism=2075 tieswap=12 | TOT t=2 recs=9698 monoT=0 setT=2 keyT=5355 tieT=23
0:4-8:NC: L1SORTV t=73 L=2933 mono=0 setmism=1 keymism=1805 tieswap=9 | TOT t=3 recs=12967 monoT=0 setT=3 keyT=7447 tieT=18
0:4-9:NC: L1SORTV t=270 L=2874 mono=0 setmism=1 keymism=1739 tieswap=2 | TOT t=3 recs=12938 monoT=0 setT=3 keyT=7872 tieT=45
0:6-0:NC: L1SORTV t=18 L=2185 mono=0 setmism=1 keymism=1446 tieswap=4 | TOT t=4 recs=15619 monoT=0 setT=4 keyT=8718 tieT=33
0:6-4:NC: L1SORTV t=486 L=2392 mono=0 setmism=1 keymism=1466 tieswap=5 | TOT t=4 recs=16183 monoT=0 setT=4 keyT=9624 tieT=26
0:6-6:NC: L1SORTV t=238 L=2449 mono=0 setmism=1 keymism=1465 tieswap=2 | TOT t=4 recs=16256 monoT=0 setT=4 keyT=9386 tieT=28
0:7-7:NC: L1SORTV t=232 L=1763 mono=0 setmism=1 keymism=947 tieswap=1 | TOT t=5 recs=18444 monoT=0 setT=5 keyT=10609 tieT=19
0:7-9:NC: L1SORTV t=343 L=1691 mono=0 setmism=1 keymism=1110 tieswap=3 | TOT t=5 recs=18800 monoT=0 setT=5 keyT=11642 tieT=22
0:8-0:NC: L1SORTV t=790 L=1872 mono=0 setmism=1 keymism=957 tieswap=0 | TOT t=5 recs=18966 monoT=0 setT=5 keyT=10510 tieT=29
0:8-1:NC: L1SORTV t=172 L=1492 mono=0 setmism=1 keymism=842 tieswap=1 | TOT t=5 recs=18823 monoT=0 setT=5 keyT=10408 tieT=18
0:8-5:NC: L1SORTV t=275 L=1815 mono=0 setmism=1 keymism=951 tieswap=2 | TOT t=5 recs=19123 monoT=0 setT=5 keyT=10619 tieT=24
0:8-7:NC: L1SORTV t=517 L=1714 mono=0 setmism=1 keymism=980 tieswap=0 | TOT t=5 recs=19118 monoT=0 setT=5 keyT=10861 tieT=42
0:8-9:NC: L1SORTV t=195 L=1204 mono=0 setmism=1 keymism=668 tieswap=1 | TOT t=6 recs=20406 monoT=0 setT=6 keyT=12803 tieT=31
0:9-0:NC: L1SORTV t=262 L=1634 mono=0 setmism=1 keymism=874 tieswap=2 | TOT t=5 recs=19215 monoT=0 setT=5 keyT=12001 tieT=23
0:9-2:NC: L1SORTV t=2 L=1977 mono=0 setmism=1 keymism=1339 tieswap=1 | TOT t=5 recs=19691 monoT=0 setT=5 keyT=11239 tieT=62
0:9-6:NC: L1SORTV t=82 L=988 mono=0 setmism=1 keymism=514 tieswap=1 | TOT t=6 recs=20653 monoT=0 setT=6 keyT=12600 tieT=43
0:9-7:NC: L1SORTV t=832 L=650 mono=0 setmism=1 keymism=237 tieswap=0 | TOT t=7 recs=21075 monoT=0 setT=7 keyT=11224 tieT=47
0:9-9:NC: L1SORTV t=480 L=565 mono=0 setmism=1 keymism=350 tieswap=0 | TOT t=7 recs=21584 monoT=0 setT=7 keyT=12836 tieT=19
0:10-0:NC: L1SORTV t=945 L=276 mono=0 setmism=1 keymism=75 tieswap=0 | TOT t=7 recs=21299 monoT=0 setT=7 keyT=12579 tieT=54
0:10-1:NC: L1SORTV t=823 L=700 mono=0 setmism=1 keymism=257 tieswap=0 | TOT t=6 recs=20962 monoT=0 setT=6 keyT=12255 tieT=35
0:10-2:NC: L1SORTV t=706 L=691 mono=0 setmism=1 keymism=270 tieswap=0 | TOT t=6 recs=21053 monoT=0 setT=6 keyT=12738 tieT=64
0:10-3:NC: L1SORTV t=354 L=537 mono=0 setmism=1 keymism=307 tieswap=0 | TOT t=7 recs=21704 monoT=0 setT=7 keyT=12162 tieT=33
0:10-5:NC: L1SORTV t=910 L=314 mono=0 setmism=1 keymism=69 tieswap=0 | TOT t=7 recs=21749 monoT=0 setT=7 keyT=12479 tieT=29
0:10-6:NC: L1SORTV t=30 L=1114 mono=0 setmism=1 keymism=704 tieswap=0 | TOT t=6 recs=21224 monoT=0 setT=6 keyT=12262 tieT=36
0:10-7:NC: L1SORTV t=418 L=790 mono=0 setmism=1 keymism=458 tieswap=0 | TOT t=6 recs=21259 monoT=0 setT=6 keyT=12582 tieT=25
0:10-8:NC: L1SORTV t=897 L=240 mono=0 setmism=1 keymism=48 tieswap=0 | TOT t=8 recs=21837 monoT=0 setT=8 keyT=12526 tieT=30
0:10-9:NC: L1SORTV t=938 L=271 mono=0 setmism=1 keymism=61 tieswap=0 | TOT t=8 recs=22015 monoT=0 setT=8 keyT=13217 tieT=24
0:1-6:NC: L1SORTV t=392 L=5277 mono=0 setmism=1 keymism=2977 tieswap=16 | TOT t=1 recs=5277 monoT=0 setT=1 keyT=2977 tieT=16
0:1-7:NC: L1SORTV t=652 L=5285 mono=0 setmism=1 keymism=3206 tieswap=5 | TOT t=1 recs=5285 monoT=0 setT=1 keyT=3206 tieT=5
0:3-0:NC: L1SORTV t=319 L=3991 mono=0 setmism=1 keymism=2501 tieswap=6 | TOT t=2 recs=9441 monoT=0 setT=2 keyT=5595 tieT=25
0:3-1:NC: L1SORTV t=119 L=3975 mono=0 setmism=1 keymism=2463 tieswap=4 | TOT t=2 recs=9470 monoT=0 setT=2 keyT=5154 tieT=13
0:3-2:NC: L1SORTV t=733 L=3882 mono=0 setmism=1 keymism=2293 tieswap=4 | TOT t=2 recs=9344 monoT=0 setT=2 keyT=5534 tieT=6
0:3-3:NC: L1SORTV t=407 L=3969 mono=0 setmism=1 keymism=2020 tieswap=4 | TOT t=2 recs=9470 monoT=0 setT=2 keyT=5085 tieT=25
0:4-5:NC: L1SORTV t=104 L=2955 mono=0 setmism=1 keymism=1795 tieswap=5 | TOT t=3 recs=12992 monoT=0 setT=3 keyT=7881 tieT=13
0:4-6:NC: L1SORTV t=151 L=2917 mono=0 setmism=1 keymism=1822 tieswap=3 | TOT t=3 recs=12879 monoT=0 setT=3 keyT=7655 tieT=39
0:4-7:NC: L1SORTV t=217 L=2974 mono=0 setmism=1 keymism=1777 tieswap=1 | TOT t=3 recs=12889 monoT=0 setT=3 keyT=6519 tieT=44
0:5-3:NC: L1SORTV t=137 L=2190 mono=0 setmism=1 keymism=1304 tieswap=2 | TOT t=4 recs=15193 monoT=0 setT=4 keyT=9076 tieT=17
0:5-7:NC: L1SORTV t=210 L=2309 mono=0 setmism=1 keymism=1399 tieswap=0 | TOT t=4 recs=15625 monoT=0 setT=4 keyT=9165 tieT=13
0:5-8:NC: L1SORTV t=91 L=2172 mono=0 setmism=1 keymism=1394 tieswap=0 | TOT t=4 recs=15656 monoT=0 setT=4 keyT=9222 tieT=19
0:5-9:NC: L1SORTV t=728 L=2181 mono=0 setmism=1 keymism=1277 tieswap=4 | TOT t=4 recs=15460 monoT=0 setT=4 keyT=8758 tieT=22
0:6-1:NC: L1SORTV t=303 L=2206 mono=0 setmism=1 keymism=1239 tieswap=0 | TOT t=4 recs=15738 monoT=0 setT=4 keyT=9667 tieT=16
0:6-2:NC: L1SORTV t=674 L=1624 mono=0 setmism=1 keymism=771 tieswap=0 | TOT t=5 recs=17538 monoT=0 setT=5 keyT=10038 tieT=33
0:6-3:NC: L1SORTV t=245 L=1660 mono=0 setmism=1 keymism=916 tieswap=2 | TOT t=5 recs=17901 monoT=0 setT=5 keyT=9932 tieT=29
0:6-7:NC: L1SORTV t=27 L=1724 mono=0 setmism=1 keymism=1148 tieswap=1 | TOT t=5 recs=18053 monoT=0 setT=5 keyT=9818 tieT=37
0:6-8:NC: L1SORTV t=276 L=2383 mono=0 setmism=1 keymism=1298 tieswap=1 | TOT t=4 recs=16247 monoT=0 setT=4 keyT=9243 tieT=80
0:7-0:NC: L1SORTV t=51 L=2576 mono=0 setmism=1 keymism=1618 tieswap=5 | TOT t=4 recs=16745 monoT=0 setT=4 keyT=9387 tieT=25
0:7-1:NC: L1SORTV t=578 L=1660 mono=0 setmism=1 keymism=838 tieswap=3 | TOT t=5 recs=18378 monoT=0 setT=5 keyT=10509 tieT=29
0:7-2:NC: L1SORTV t=479 L=1557 mono=0 setmism=1 keymism=1016 tieswap=0 | TOT t=5 recs=18170 monoT=0 setT=5 keyT=11106 tieT=15
0:7-3:NC: L1SORTV t=548 L=1741 mono=0 setmism=1 keymism=1003 tieswap=1 | TOT t=5 recs=18533 monoT=0 setT=5 keyT=10391 tieT=36
0:7-4:NC: L1SORTV t=784 L=1042 mono=0 setmism=1 keymism=448 tieswap=0 | TOT t=6 recs=19405 monoT=0 setT=6 keyT=11175 tieT=21
0:7-5:NC: L1SORTV t=202 L=1887 mono=0 setmism=1 keymism=1084 tieswap=2 | TOT t=5 recs=18618 monoT=0 setT=5 keyT=10464 tieT=50
0:7-6:NC: L1SORTV t=90 L=1741 mono=0 setmism=1 keymism=905 tieswap=0 | TOT t=5 recs=18732 monoT=0 setT=5 keyT=10741 tieT=24
0:7-8:NC: L1SORTV t=100 L=1912 mono=0 setmism=1 keymism=1044 tieswap=1 | TOT t=5 recs=18790 monoT=0 setT=5 keyT=11188 tieT=38
0:8-2:NC: L1SORTV t=826 L=698 mono=0 setmism=1 keymism=287 tieswap=0 | TOT t=6 recs=19898 monoT=0 setT=6 keyT=11493 tieT=26
0:8-3:NC: L1SORTV t=296 L=1580 mono=0 setmism=1 keymism=877 tieswap=4 | TOT t=5 recs=18875 monoT=0 setT=5 keyT=10447 tieT=45
0:8-4:NC: L1SORTV t=63 L=1845 mono=0 setmism=1 keymism=1094 tieswap=1 | TOT t=5 recs=19007 monoT=0 setT=5 keyT=10670 tieT=22
0:8-6:NC: L1SORTV t=485 L=910 mono=0 setmism=1 keymism=456 tieswap=0 | TOT t=6 recs=19990 monoT=0 setT=6 keyT=11717 tieT=28
0:8-8:NC: L1SORTV t=829 L=661 mono=0 setmism=1 keymism=237 tieswap=0 | TOT t=6 recs=19983 monoT=0 setT=6 keyT=11486 tieT=37
0:8-9:NC: L1SORTV t=256 L=387 mono=0 setmism=1 keymism=212 tieswap=0 | TOT t=7 recs=20793 monoT=0 setT=7 keyT=13015 tieT=31
0:9-1:NC: L1SORTV t=482 L=1028 mono=0 setmism=1 keymism=620 tieswap=0 | TOT t=6 recs=20258 monoT=0 setT=6 keyT=12111 tieT=40
0:9-3:NC: L1SORTV t=97 L=1315 mono=0 setmism=1 keymism=644 tieswap=0 | TOT t=6 recs=20657 monoT=0 setT=6 keyT=12080 tieT=27
0:9-4:NC: L1SORTV t=742 L=750 mono=0 setmism=1 keymism=245 tieswap=0 | TOT t=6 recs=20367 monoT=0 setT=6 keyT=11491 tieT=29
0:9-5:NC: L1SORTV t=229 L=876 mono=0 setmism=1 keymism=424 tieswap=0 | TOT t=6 recs=20430 monoT=0 setT=6 keyT=12775 tieT=49
0:9-6:NC: L1SORTV t=894 L=320 mono=0 setmism=1 keymism=78 tieswap=0 | TOT t=7 recs=20973 monoT=0 setT=7 keyT=12678 tieT=43
0:9-7:NC: L1SORTV t=813 L=278 mono=0 setmism=1 keymism=44 tieswap=0 | TOT t=8 recs=21353 monoT=0 setT=8 keyT=11268 tieT=47
0:9-8:NC: L1SORTV t=13 L=967 mono=0 setmism=1 keymism=628 tieswap=0 | TOT t=6 recs=20906 monoT=0 setT=6 keyT=11498 tieT=46
0:9-9:NC: L1SORTV t=771 L=244 mono=0 setmism=1 keymism=66 tieswap=0 | TOT t=8 recs=21828 monoT=0 setT=8 keyT=12902 tieT=19
0:10-0:NC: L1SORTV t=873 L=234 mono=0 setmism=1 keymism=52 tieswap=0 | TOT t=8 recs=21533 monoT=0 setT=8 keyT=12631 tieT=54
0:10-1:NC: L1SORTV t=143 L=468 mono=0 setmism=1 keymism=131 tieswap=0 | TOT t=7 recs=21430 monoT=0 setT=7 keyT=12386 tieT=35
0:10-2:NC: L1SORTV t=957 L=295 mono=0 setmism=1 keymism=76 tieswap=0 | TOT t=7 recs=21348 monoT=0 setT=7 keyT=12814 tieT=64
0:10-3:NC: L1SORTV t=452 L=285 mono=0 setmism=1 keymism=130 tieswap=1 | TOT t=8 recs=21989 monoT=0 setT=8 keyT=12292 tieT=34
0:10-4:NC: L1SORTV t=321 L=358 mono=0 setmism=1 keymism=163 tieswap=0 | TOT t=7 recs=21591 monoT=0 setT=7 keyT=12458 tieT=34
0:10-5:NC: L1SORTV t=941 L=245 mono=0 setmism=1 keymism=68 tieswap=0 | TOT t=8 recs=21994 monoT=0 setT=8 keyT=12547 tieT=29
0:10-7:NC: L1SORTV t=937 L=327 mono=0 setmism=1 keymism=86 tieswap=0 | TOT t=7 recs=21586 monoT=0 setT=7 keyT=12668 tieT=25
0:10-9:NC: L1SORTV t=929 L=138 mono=0 setmism=1 keymism=15 tieswap=0 | TOT t=9 recs=22153 monoT=0 setT=9 keyT=13232 tieT=24
0:1-3:NC: L1SORTV t=466 L=5168 mono=0 setmism=1 keymism=2366 tieswap=9 | TOT t=1 recs=5168 monoT=0 setT=1 keyT=2366 tieT=9
0:1-4:NC: L1SORTV t=252 L=5239 mono=0 setmism=1 keymism=3239 tieswap=6 | TOT t=1 recs=5239 monoT=0 setT=1 keyT=3239 tieT=6
0:1-5:NC: L1SORTV t=571 L=5208 mono=0 setmism=1 keymism=3049 tieswap=7 | TOT t=1 recs=5208 monoT=0 setT=1 keyT=3049 tieT=7
0:2-6:NC: L1SORTV t=757 L=3813 mono=0 setmism=1 keymism=2189 tieswap=3 | TOT t=2 recs=9380 monoT=0 setT=2 keyT=5612 tieT=6
0:2-7:NC: L1SORTV t=716 L=3923 mono=0 setmism=1 keymism=2236 tieswap=6 | TOT t=2 recs=9455 monoT=0 setT=2 keyT=5580 tieT=11
0:2-8:NC: L1SORTV t=699 L=3884 mono=0 setmism=1 keymism=2417 tieswap=4 | TOT t=2 recs=9455 monoT=0 setT=2 keyT=5791 tieT=24
0:4-1:NC: L1SORTV t=415 L=2884 mono=0 setmism=1 keymism=1935 tieswap=3 | TOT t=3 recs=12787 monoT=0 setT=3 keyT=7914 tieT=27
0:4-3:NC: L1SORTV t=116 L=2884 mono=0 setmism=1 keymism=1625 tieswap=7 | TOT t=3 recs=12720 monoT=0 setT=3 keyT=7817 tieT=28
0:4-4:NC: L1SORTV t=190 L=2966 mono=0 setmism=1 keymism=1841 tieswap=0 | TOT t=3 recs=12868 monoT=0 setT=3 keyT=7489 tieT=12
0:5-0:NC: L1SORTV t=58 L=2129 mono=0 setmism=1 keymism=1162 tieswap=0 | TOT t=4 recs=15038 monoT=0 setT=4 keyT=7985 tieT=27
0:5-1:NC: L1SORTV t=287 L=3000 mono=0 setmism=1 keymism=1890 tieswap=5 | TOT t=3 recs=13096 monoT=0 setT=3 keyT=7510 tieT=46
0:5-2:NC: L1SORTV t=713 L=2184 mono=0 setmism=1 keymism=1168 tieswap=3 | TOT t=4 recs=15164 monoT=0 setT=4 keyT=9098 tieT=18
0:5-4:NC: L1SORTV t=74 L=2160 mono=0 setmism=1 keymism=1233 tieswap=5 | TOT t=4 recs=15324 monoT=0 setT=4 keyT=8704 tieT=12
0:5-5:NC: L1SORTV t=751 L=2126 mono=0 setmism=1 keymism=1211 tieswap=0 | TOT t=4 recs=15509 monoT=0 setT=4 keyT=8603 tieT=16
0:5-6:NC: L1SORTV t=124 L=2193 mono=0 setmism=1 keymism=1322 tieswap=2 | TOT t=4 recs=15435 monoT=0 setT=4 keyT=8995 tieT=31
0:6-0:NC: L1SORTV t=789 L=1615 mono=0 setmism=1 keymism=778 tieswap=1 | TOT t=5 recs=17234 monoT=0 setT=5 keyT=9496 tieT=34
0:6-4:NC: L1SORTV t=171 L=1556 mono=0 setmism=1 keymism=899 tieswap=0 | TOT t=5 recs=17739 monoT=0 setT=5 keyT=10523 tieT=26
0:6-5:NC: L1SORTV t=749 L=1766 mono=0 setmism=1 keymism=817 tieswap=1 | TOT t=5 recs=17775 monoT=0 setT=5 keyT=9798 tieT=31
0:6-9:NC: L1SORTV t=170 L=1728 mono=0 setmism=1 keymism=973 tieswap=2 | TOT t=5 recs=18261 monoT=0 setT=5 keyT=10443 tieT=38
0:7-4:NC: L1SORTV t=422 L=426 mono=0 setmism=1 keymism=193 tieswap=2 | TOT t=7 recs=19831 monoT=0 setT=7 keyT=11368 tieT=23
0:7-7:NC: L1SORTV t=787 L=1053 mono=0 setmism=1 keymism=493 tieswap=0 | TOT t=6 recs=19497 monoT=0 setT=6 keyT=11102 tieT=19
0:7-9:NC: L1SORTV t=99 L=1094 mono=0 setmism=1 keymism=546 tieswap=0 | TOT t=6 recs=19894 monoT=0 setT=6 keyT=12188 tieT=22
0:8-0:NC: L1SORTV t=827 L=912 mono=0 setmism=1 keymism=403 tieswap=0 | TOT t=6 recs=19878 monoT=0 setT=6 keyT=10913 tieT=29
0:8-1:NC: L1SORTV t=416 L=1054 mono=0 setmism=1 keymism=681 tieswap=2 | TOT t=6 recs=19877 monoT=0 setT=6 keyT=11089 tieT=20
0:8-2:NC: L1SORTV t=148 L=401 mono=0 setmism=1 keymism=111 tieswap=0 | TOT t=7 recs=20299 monoT=0 setT=7 keyT=11604 tieT=26
0:8-5:NC: L1SORTV t=328 L=608 mono=0 setmism=1 keymism=275 tieswap=1 | TOT t=6 recs=19731 monoT=0 setT=6 keyT=10894 tieT=25
0:8-6:NC: L1SORTV t=291 L=366 mono=0 setmism=1 keymism=140 tieswap=0 | TOT t=7 recs=20356 monoT=0 setT=7 keyT=11857 tieT=28
0:8-7:NC: L1SORTV t=777 L=758 mono=0 setmism=1 keymism=324 tieswap=0 | TOT t=6 recs=19876 monoT=0 setT=6 keyT=11185 tieT=42
0:8-8:NC: L1SORTV t=160 L=433 mono=0 setmism=1 keymism=254 tieswap=0 | TOT t=7 recs=20416 monoT=0 setT=7 keyT=11740 tieT=37
0:8-9:NC: L1SORTV t=970 L=282 mono=0 setmism=1 keymism=60 tieswap=0 | TOT t=8 recs=21075 monoT=0 setT=8 keyT=13075 tieT=31
0:9-0:NC: L1SORTV t=352 L=991 mono=0 setmism=1 keymism=650 tieswap=3 | TOT t=6 recs=20206 monoT=0 setT=6 keyT=12651 tieT=26
0:9-1:NC: L1SORTV t=908 L=359 mono=0 setmism=1 keymism=78 tieswap=0 | TOT t=7 recs=20617 monoT=0 setT=7 keyT=12189 tieT=40
0:9-2:NC: L1SORTV t=825 L=814 mono=0 setmism=1 keymism=278 tieswap=0 | TOT t=6 recs=20505 monoT=0 setT=6 keyT=11517 tieT=62
0:9-4:NC: L1SORTV t=971 L=316 mono=0 setmism=1 keymism=75 tieswap=0 | TOT t=7 recs=20683 monoT=0 setT=7 keyT=11566 tieT=29
0:9-5:NC: L1SORTV t=867 L=369 mono=0 setmism=1 keymism=87 tieswap=0 | TOT t=7 recs=20799 monoT=0 setT=7 keyT=12862 tieT=49
0:9-6:NC: L1SORTV t=815 L=233 mono=0 setmism=1 keymism=56 tieswap=1 | TOT t=8 recs=21206 monoT=0 setT=8 keyT=12734 tieT=44
0:9-7:NC: L1SORTV t=987 L=141 mono=0 setmism=1 keymism=2 tieswap=0 | TOT t=9 recs=21494 monoT=0 setT=9 keyT=11270 tieT=47
0:9-8:NC: L1SORTV t=865 L=356 mono=0 setmism=1 keymism=90 tieswap=0 | TOT t=7 recs=21262 monoT=0 setT=7 keyT=11588 tieT=46
0:9-9:NC: L1SORTV t=982 L=150 mono=0 setmism=1 keymism=22 tieswap=0 | TOT t=9 recs=21978 monoT=0 setT=9 keyT=12924 tieT=19
0:10-1:NC: L1SORTV t=736 L=248 mono=0 setmism=1 keymism=105 tieswap=0 | TOT t=8 recs=21678 monoT=0 setT=8 keyT=12491 tieT=35
0:10-2:NC: L1SORTV t=944 L=268 mono=0 setmism=1 keymism=87 tieswap=0 | TOT t=8 recs=21616 monoT=0 setT=8 keyT=12901 tieT=64
0:10-3:NC: L1SORTV t=885 L=135 mono=0 setmism=1 keymism=16 tieswap=0 | TOT t=9 recs=22124 monoT=0 setT=9 keyT=12308 tieT=34
0:10-4:NC: L1SORTV t=144 L=386 mono=0 setmism=1 keymism=126 tieswap=0 | TOT t=8 recs=21977 monoT=0 setT=8 keyT=12584 tieT=34
0:10-5:NC: L1SORTV t=985 L=144 mono=0 setmism=1 keymism=17 tieswap=0 | TOT t=9 recs=22138 monoT=0 setT=9 keyT=12564 tieT=29
0:10-6:NC: L1SORTV t=258 L=476 mono=0 setmism=1 keymism=230 tieswap=0 | TOT t=7 recs=21700 monoT=0 setT=7 keyT=12492 tieT=36
0:10-7:NC: L1SORTV t=839 L=246 mono=0 setmism=1 keymism=59 tieswap=0 | TOT t=8 recs=21832 monoT=0 setT=8 keyT=12727 tieT=25
0:2-4:NC: L1SORTV t=700 L=3789 mono=0 setmism=1 keymism=2327 tieswap=1 | TOT t=2 recs=9187 monoT=0 setT=2 keyT=5340 tieT=5
0:2-5:NC: L1SORTV t=477 L=3853 mono=0 setmism=1 keymism=2342 tieswap=4 | TOT t=2 recs=9418 monoT=0 setT=2 keyT=5441 tieT=7
0:2-9:NC: L1SORTV t=338 L=3860 mono=0 setmism=1 keymism=2346 tieswap=17 | TOT t=2 recs=9417 monoT=0 setT=2 keyT=5440 tieT=23
0:3-7:NC: L1SORTV t=49 L=2905 mono=0 setmism=1 keymism=1768 tieswap=7 | TOT t=3 recs=12586 monoT=0 setT=3 keyT=7566 tieT=32
0:3-8:NC: L1SORTV t=350 L=3023 mono=0 setmism=1 keymism=1851 tieswap=12 | TOT t=3 recs=12758 monoT=0 setT=3 keyT=7611 tieT=27
0:4-0:NC: L1SORTV t=349 L=2899 mono=0 setmism=1 keymism=1674 tieswap=4 | TOT t=3 recs=12588 monoT=0 setT=3 keyT=7336 tieT=17
0:4-2:NC: L1SORTV t=727 L=2969 mono=0 setmism=1 keymism=1685 tieswap=6 | TOT t=3 recs=12804 monoT=0 setT=3 keyT=7026 tieT=38
0:4-8:NC: L1SORTV t=207 L=2256 mono=0 setmism=1 keymism=1407 tieswap=4 | TOT t=4 recs=15223 monoT=0 setT=4 keyT=8854 tieT=22
0:4-9:NC: L1SORTV t=543 L=2060 mono=0 setmism=1 keymism=1311 tieswap=4 | TOT t=4 recs=14998 monoT=0 setT=4 keyT=9183 tieT=49
0:5-3:NC: L1SORTV t=764 L=1603 mono=0 setmism=1 keymism=781 tieswap=0 | TOT t=5 recs=16796 monoT=0 setT=5 keyT=9857 tieT=17
0:5-7:NC: L1SORTV t=93 L=1523 mono=0 setmism=1 keymism=927 tieswap=0 | TOT t=5 recs=17148 monoT=0 setT=5 keyT=10092 tieT=13
0:5-8:NC: L1SORTV t=794 L=1604 mono=0 setmism=1 keymism=796 tieswap=1 | TOT t=5 recs=17260 monoT=0 setT=5 keyT=10018 tieT=20
0:5-9:NC: L1SORTV t=31 L=1630 mono=0 setmism=1 keymism=1108 tieswap=0 | TOT t=5 recs=17090 monoT=0 setT=5 keyT=9866 tieT=22
0:6-1:NC: L1SORTV t=304 L=1733 mono=0 setmism=1 keymism=872 tieswap=3 | TOT t=5 recs=17471 monoT=0 setT=5 keyT=10539 tieT=19
0:6-2:NC: L1SORTV t=781 L=1259 mono=0 setmism=1 keymism=585 tieswap=0 | TOT t=6 recs=18797 monoT=0 setT=6 keyT=10623 tieT=33
0:6-3:NC: L1SORTV t=484 L=947 mono=0 setmism=1 keymism=532 tieswap=0 | TOT t=6 recs=18848 monoT=0 setT=6 keyT=10464 tieT=29
0:6-6:NC: L1SORTV t=110 L=1657 mono=0 setmism=1 keymism=964 tieswap=2 | TOT t=5 recs=17913 monoT=0 setT=5 keyT=10350 tieT=30
0:6-7:NC: L1SORTV t=107 L=749 mono=0 setmism=1 keymism=304 tieswap=1 | TOT t=6 recs=18802 monoT=0 setT=6 keyT=10122 tieT=38
0:6-8:NC: L1SORTV t=25 L=1973 mono=0 setmism=1 keymism=1391 tieswap=1 | TOT t=5 recs=18220 monoT=0 setT=5 keyT=10634 tieT=81
0:7-0:NC: L1SORTV t=268 L=1905 mono=0 setmism=1 keymism=1099 tieswap=2 | TOT t=5 recs=18650 monoT=0 setT=5 keyT=10486 tieT=27
0:7-1:NC: L1SORTV t=45 L=971 mono=0 setmism=1 keymism=485 tieswap=2 | TOT t=6 recs=19349 monoT=0 setT=6 keyT=10994 tieT=31
0:7-2:NC: L1SORTV t=511 L=1159 mono=0 setmism=1 keymism=709 tieswap=0 | TOT t=6 recs=19329 monoT=0 setT=6 keyT=11815 tieT=15
0:7-3:NC: L1SORTV t=796 L=1089 mono=0 setmism=1 keymism=559 tieswap=0 | TOT t=6 recs=19622 monoT=0 setT=6 keyT=10950 tieT=36
0:7-4:NC: L1SORTV t=838 L=222 mono=0 setmism=1 keymism=41 tieswap=0 | TOT t=8 recs=20053 monoT=0 setT=8 keyT=11409 tieT=23
0:7-5:NC: L1SORTV t=834 L=561 mono=0 setmism=1 keymism=140 tieswap=0 | TOT t=6 recs=19179 monoT=0 setT=6 keyT=10604 tieT=50
0:7-6:NC: L1SORTV t=779 L=843 mono=0 setmism=1 keymism=401 tieswap=0 | TOT t=6 recs=19575 monoT=0 setT=6 keyT=11142 tieT=24
0:7-7:NC: L1SORTV t=850 L=368 mono=0 setmism=1 keymism=180 tieswap=0 | TOT t=7 recs=19865 monoT=0 setT=7 keyT=11282 tieT=19
0:7-8:NC: L1SORTV t=833 L=670 mono=0 setmism=1 keymism=188 tieswap=0 | TOT t=6 recs=19460 monoT=0 setT=6 keyT=11376 tieT=38
0:7-9:NC: L1SORTV t=774 L=324 mono=0 setmism=1 keymism=81 tieswap=0 | TOT t=7 recs=20218 monoT=0 setT=7 keyT=12269 tieT=22
0:8-0:NC: L1SORTV t=325 L=349 mono=0 setmism=1 keymism=113 tieswap=0 | TOT t=7 recs=20227 monoT=0 setT=7 keyT=11026 tieT=29
0:8-1:NC: L1SORTV t=75 L=581 mono=0 setmism=1 keymism=203 tieswap=1 | TOT t=7 recs=20458 monoT=0 setT=7 keyT=11292 tieT=21
0:8-2:NC: L1SORTV t=840 L=229 mono=0 setmism=1 keymism=40 tieswap=0 | TOT t=8 recs=20528 monoT=0 setT=8 keyT=11644 tieT=26
0:8-3:NC: L1SORTV t=577 L=1086 mono=0 setmism=1 keymism=520 tieswap=0 | TOT t=6 recs=19961 monoT=0 setT=6 keyT=10967 tieT=45
0:8-4:NC: L1SORTV t=129 L=819 mono=0 setmism=1 keymism=376 tieswap=0 | TOT t=6 recs=19826 monoT=0 setT=6 keyT=11046 tieT=22
0:8-5:NC: L1SORTV t=869 L=361 mono=0 setmism=1 keymism=102 tieswap=0 | TOT t=7 recs=20092 monoT=0 setT=7 keyT=10996 tieT=25
0:8-6:NC: L1SORTV t=996 L=245 mono=0 setmism=1 keymism=57 tieswap=0 | TOT t=8 recs=20601 monoT=0 setT=8 keyT=11914 tieT=28
0:8-7:NC: L1SORTV t=288 L=482 mono=0 setmism=1 keymism=270 tieswap=0 | TOT t=7 recs=20358 monoT=0 setT=7 keyT=11455 tieT=42
0:8-8:NC: L1SORTV t=901 L=300 mono=0 setmism=1 keymism=71 tieswap=0 | TOT t=8 recs=20716 monoT=0 setT=8 keyT=11811 tieT=37
0:8-9:NC: L1SORTV t=989 L=161 mono=0 setmism=1 keymism=11 tieswap=0 | TOT t=9 recs=21236 monoT=0 setT=9 keyT=13086 tieT=31
0:9-0:NC: L1SORTV t=111 L=503 mono=0 setmism=1 keymism=150 tieswap=0 | TOT t=7 recs=20709 monoT=0 setT=7 keyT=12801 tieT=26
0:9-1:NC: L1SORTV t=890 L=288 mono=0 setmism=1 keymism=68 tieswap=0 | TOT t=8 recs=20905 monoT=0 setT=8 keyT=12257 tieT=40
0:9-2:NC: L1SORTV t=924 L=309 mono=0 setmism=1 keymism=107 tieswap=0 | TOT t=7 recs=20814 monoT=0 setT=7 keyT=11624 tieT=62
0:9-3:NC: L1SORTV t=882 L=372 mono=0 setmism=1 keymism=110 tieswap=0 | TOT t=7 recs=21029 monoT=0 setT=7 keyT=12190 tieT=27
0:9-4:NC: L1SORTV t=856 L=279 mono=0 setmism=1 keymism=72 tieswap=0 | TOT t=8 recs=20962 monoT=0 setT=8 keyT=11638 tieT=29
0:9-5:NC: L1SORTV t=952 L=217 mono=0 setmism=1 keymism=33 tieswap=0 | TOT t=8 recs=21016 monoT=0 setT=8 keyT=12895 tieT=49
0:9-8:NC: L1SORTV t=810 L=311 mono=0 setmism=1 keymism=87 tieswap=0 | TOT t=8 recs=21573 monoT=0 setT=8 keyT=11675 tieT=46
0:10-1:NC: L1SORTV t=918 L=136 mono=0 setmism=1 keymism=15 tieswap=0 | TOT t=9 recs=21814 monoT=0 setT=9 keyT=12506 tieT=35
0:10-2:NC: L1SORTV t=917 L=138 mono=0 setmism=1 keymism=17 tieswap=0 | TOT t=9 recs=21754 monoT=0 setT=9 keyT=12918 tieT=64
0:10-6:NC: L1SORTV t=1004 L=232 mono=0 setmism=1 keymism=47 tieswap=0 | TOT t=8 recs=21932 monoT=0 setT=8 keyT=12539 tieT=36
0:0-8:NC: L1SORTV t=283 L=4987 mono=0 setmism=1 keymism=3044 tieswap=1 | TOT t=1 recs=4987 monoT=0 setT=1 keyT=3044 tieT=1
0:0-9:NC: L1SORTV t=644 L=5070 mono=0 setmism=1 keymism=2919 tieswap=2 | TOT t=1 recs=5070 monoT=0 setT=1 keyT=2919 tieT=2
0:1-0:NC: L1SORTV t=658 L=5130 mono=0 setmism=1 keymism=3108 tieswap=11 | TOT t=1 recs=5130 monoT=0 setT=1 keyT=3108 tieT=11
0:1-1:NC: L1SORTV t=475 L=5113 mono=0 setmism=1 keymism=2815 tieswap=14 | TOT t=1 recs=5113 monoT=0 setT=1 keyT=2815 tieT=14
0:1-2:NC: L1SORTV t=550 L=5093 mono=0 setmism=1 keymism=3083 tieswap=5 | TOT t=1 recs=5093 monoT=0 setT=1 keyT=3083 tieT=5
0:1-8:NC: L1SORTV t=683 L=3791 mono=0 setmism=1 keymism=2285 tieswap=1 | TOT t=2 recs=9106 monoT=0 setT=2 keyT=4889 tieT=11
0:1-9:NC: L1SORTV t=719 L=3757 mono=0 setmism=1 keymism=2222 tieswap=3 | TOT t=2 recs=9118 monoT=0 setT=2 keyT=5453 tieT=7
0:2-1:NC: L1SORTV t=696 L=3755 mono=0 setmism=1 keymism=2280 tieswap=10 | TOT t=2 recs=9190 monoT=0 setT=2 keyT=4222 tieT=21
0:2-2:NC: L1SORTV t=285 L=3840 mono=0 setmism=1 keymism=2242 tieswap=5 | TOT t=2 recs=9350 monoT=0 setT=2 keyT=5393 tieT=11
0:2-3:NC: L1SORTV t=305 L=3814 mono=0 setmism=1 keymism=2265 tieswap=4 | TOT t=2 recs=9241 monoT=0 setT=2 keyT=5065 tieT=21
0:3-0:NC: L1SORTV t=312 L=2794 mono=0 setmism=1 keymism=1779 tieswap=7 | TOT t=3 recs=12235 monoT=0 setT=3 keyT=7374 tieT=32
0:3-1:NC: L1SORTV t=676 L=2761 mono=0 setmism=1 keymism=1543 tieswap=0 | TOT t=3 recs=12231 monoT=0 setT=3 keyT=6697 tieT=13
0:3-2:NC: L1SORTV t=187 L=2799 mono=0 setmism=1 keymism=1619 tieswap=1 | TOT t=3 recs=12143 monoT=0 setT=3 keyT=7153 tieT=7
0:3-4:NC: L1SORTV t=118 L=2828 mono=0 setmism=1 keymism=1622 tieswap=6 | TOT t=3 recs=12437 monoT=0 setT=3 keyT=7414 tieT=17
0:3-5:NC: L1SORTV t=371 L=2783 mono=0 setmism=1 keymism=1596 tieswap=4 | TOT t=3 recs=12455 monoT=0 setT=3 keyT=7221 tieT=20
0:3-6:NC: L1SORTV t=360 L=2827 mono=0 setmism=1 keymism=1735 tieswap=3 | TOT t=3 recs=12542 monoT=0 setT=3 keyT=7744 tieT=19
0:3-9:NC: L1SORTV t=219 L=2885 mono=0 setmism=1 keymism=1765 tieswap=6 | TOT t=3 recs=12583 monoT=0 setT=3 keyT=7120 tieT=29
0:4-1:NC: L1SORTV t=140 L=2160 mono=0 setmism=1 keymism=1370 tieswap=7 | TOT t=4 recs=14947 monoT=0 setT=4 keyT=9284 tieT=34
0:4-5:NC: L1SORTV t=767 L=2079 mono=0 setmism=1 keymism=1115 tieswap=1 | TOT t=4 recs=15071 monoT=0 setT=4 keyT=8996 tieT=14
0:4-6:NC: L1SORTV t=186 L=2197 mono=0 setmism=1 keymism=1298 tieswap=0 | TOT t=4 recs=15076 monoT=0 setT=4 keyT=8953 tieT=39
0:4-7:NC: L1SORTV t=791 L=2093 mono=0 setmism=1 keymism=997 tieswap=1 | TOT t=4 recs=14982 monoT=0 setT=4 keyT=7516 tieT=45
0:5-0:NC: L1SORTV t=341 L=1444 mono=0 setmism=1 keymism=755 tieswap=0 | TOT t=5 recs=16482 monoT=0 setT=5 keyT=8740 tieT=27
0:5-2:NC: L1SORTV t=339 L=1508 mono=0 setmism=1 keymism=835 tieswap=0 | TOT t=5 recs=16672 monoT=0 setT=5 keyT=9933 tieT=18
0:5-4:NC: L1SORTV t=277 L=1554 mono=0 setmism=1 keymism=864 tieswap=2 | TOT t=5 recs=16878 monoT=0 setT=5 keyT=9568 tieT=14
0:5-5:NC: L1SORTV t=230 L=1463 mono=0 setmism=1 keymism=776 tieswap=1 | TOT t=5 recs=16972 monoT=0 setT=5 keyT=9379 tieT=17
0:5-6:NC: L1SORTV t=544 L=1483 mono=0 setmism=1 keymism=1020 tieswap=0 | TOT t=5 recs=16918 monoT=0 setT=5 keyT=10015 tieT=31
0:6-0:NC: L1SORTV t=109 L=1077 mono=0 setmism=1 keymism=512 tieswap=0 | TOT t=6 recs=18311 monoT=0 setT=6 keyT=10008 tieT=34
0:6-3:NC: L1SORTV t=870 L=363 mono=0 setmism=1 keymism=115 tieswap=0 | TOT t=7 recs=19211 monoT=0 setT=7 keyT=10579 tieT=29
0:6-4:NC: L1SORTV t=329 L=902 mono=0 setmism=1 keymism=450 tieswap=0 | TOT t=6 recs=18641 monoT=0 setT=6 keyT=10973 tieT=26
0:6-5:NC: L1SORTV t=745 L=897 mono=0 setmism=1 keymism=386 tieswap=0 | TOT t=6 recs=18672 monoT=0 setT=6 keyT=10184 tieT=31
0:6-7:NC: L1SORTV t=866 L=362 mono=0 setmism=1 keymism=77 tieswap=0 | TOT t=7 recs=19164 monoT=0 setT=7 keyT=10199 tieT=38
0:6-9:NC: L1SORTV t=741 L=843 mono=0 setmism=1 keymism=343 tieswap=0 | TOT t=6 recs=19104 monoT=0 setT=6 keyT=10786 tieT=38
0:7-1:NC: L1SORTV t=387 L=396 mono=0 setmism=1 keymism=196 tieswap=0 | TOT t=7 recs=19745 monoT=0 setT=7 keyT=11190 tieT=31
0:7-2:NC: L1SORTV t=835 L=418 mono=0 setmism=1 keymism=101 tieswap=0 | TOT t=7 recs=19747 monoT=0 setT=7 keyT=11916 tieT=15
0:7-3:NC: L1SORTV t=775 L=453 mono=0 setmism=1 keymism=156 tieswap=0 | TOT t=7 recs=20075 monoT=0 setT=7 keyT=11106 tieT=36
0:7-4:NC: L1SORTV t=963 L=181 mono=0 setmism=1 keymism=19 tieswap=0 | TOT t=9 recs=20234 monoT=0 setT=9 keyT=11428 tieT=23
0:7-5:NC: L1SORTV t=770 L=312 mono=0 setmism=1 keymism=123 tieswap=0 | TOT t=7 recs=19491 monoT=0 setT=7 keyT=10727 tieT=50
0:7-6:NC: L1SORTV t=358 L=401 mono=0 setmism=1 keymism=162 tieswap=0 | TOT t=7 recs=19976 monoT=0 setT=7 keyT=11304 tieT=24
0:7-7:NC: L1SORTV t=947 L=243 mono=0 setmism=1 keymism=62 tieswap=0 | TOT t=8 recs=20108 monoT=0 setT=8 keyT=11344 tieT=19
0:7-8:NC: L1SORTV t=704 L=388 mono=0 setmism=1 keymism=169 tieswap=0 | TOT t=7 recs=19848 monoT=0 setT=7 keyT=11545 tieT=38
0:7-9:NC: L1SORTV t=940 L=243 mono=0 setmism=1 keymism=54 tieswap=0 | TOT t=8 recs=20461 monoT=0 setT=8 keyT=12323 tieT=22
0:8-0:NC: L1SORTV t=841 L=211 mono=0 setmism=1 keymism=49 tieswap=0 | TOT t=8 recs=20438 monoT=0 setT=8 keyT=11075 tieT=29
0:8-1:NC: L1SORTV t=995 L=217 mono=0 setmism=1 keymism=41 tieswap=0 | TOT t=8 recs=20675 monoT=0 setT=8 keyT=11333 tieT=21
0:8-4:NC: L1SORTV t=849 L=339 mono=0 setmism=1 keymism=149 tieswap=0 | TOT t=7 recs=20165 monoT=0 setT=7 keyT=11195 tieT=22
0:8-5:NC: L1SORTV t=146 L=303 mono=0 setmism=1 keymism=74 tieswap=0 | TOT t=8 recs=20395 monoT=0 setT=8 keyT=11070 tieT=25
0:8-6:NC: L1SORTV t=949 L=163 mono=0 setmism=1 keymism=32 tieswap=0 | TOT t=9 recs=20764 monoT=0 setT=9 keyT=11946 tieT=28
0:8-7:NC: L1SORTV t=973 L=258 mono=0 setmism=1 keymism=53 tieswap=0 | TOT t=8 recs=20616 monoT=0 setT=8 keyT=11508 tieT=42
0:8-8:NC: L1SORTV t=886 L=147 mono=0 setmism=1 keymism=15 tieswap=0 | TOT t=9 recs=20863 monoT=0 setT=9 keyT=11826 tieT=37
0:9-0:NC: L1SORTV t=955 L=230 mono=0 setmism=1 keymism=39 tieswap=0 | TOT t=8 recs=20939 monoT=0 setT=8 keyT=12840 tieT=26
0:9-1:NC: L1SORTV t=962 L=136 mono=0 setmism=1 keymism=12 tieswap=0 | TOT t=9 recs=21041 monoT=0 setT=9 keyT=12269 tieT=40
0:9-2:NC: L1SORTV t=932 L=236 mono=0 setmism=1 keymism=47 tieswap=0 | TOT t=8 recs=21050 monoT=0 setT=8 keyT=11671 tieT=62
0:9-3:NC: L1SORTV t=889 L=271 mono=0 setmism=1 keymism=65 tieswap=0 | TOT t=8 recs=21300 monoT=0 setT=8 keyT=12255 tieT=27
0:10-6:NC: L1SORTV t=768 L=182 mono=0 setmism=1 keymism=72 tieswap=0 | TOT t=9 recs=22114 monoT=0 setT=9 keyT=12611 tieT=36
0:1-7:NC: L1SORTV t=574 L=3778 mono=0 setmism=1 keymism=2313 tieswap=1 | TOT t=2 recs=9063 monoT=0 setT=2 keyT=5519 tieT=6
0:2-0:NC: L1SORTV t=761 L=3850 mono=0 setmism=1 keymism=2150 tieswap=5 | TOT t=2 recs=9191 monoT=0 setT=2 keyT=4979 tieT=9
0:2-6:NC: L1SORTV t=7 L=2873 mono=0 setmism=1 keymism=2012 tieswap=4 | TOT t=3 recs=12253 monoT=0 setT=3 keyT=7624 tieT=10
0:2-7:NC: L1SORTV t=36 L=2778 mono=0 setmism=1 keymism=1528 tieswap=1 | TOT t=3 recs=12233 monoT=0 setT=3 keyT=7108 tieT=12
0:2-8:NC: L1SORTV t=54 L=2735 mono=0 setmism=1 keymism=1662 tieswap=3 | TOT t=3 recs=12190 monoT=0 setT=3 keyT=7453 tieT=27
0:3-3:NC: L1SORTV t=20 L=2826 mono=0 setmism=1 keymism=1884 tieswap=1 | TOT t=3 recs=12296 monoT=0 setT=3 keyT=6969 tieT=26
0:3-8:NC: L1SORTV t=155 L=2208 mono=0 setmism=1 keymism=1322 tieswap=1 | TOT t=4 recs=14966 monoT=0 setT=4 keyT=8933 tieT=28
0:4-0:NC: L1SORTV t=330 L=2153 mono=0 setmism=1 keymism=1354 tieswap=12 | TOT t=4 recs=14741 monoT=0 setT=4 keyT=8690 tieT=29
0:4-3:NC: L1SORTV t=712 L=2166 mono=0 setmism=1 keymism=1173 tieswap=1 | TOT t=4 recs=14886 monoT=0 setT=4 keyT=8990 tieT=29
0:4-4:NC: L1SORTV t=766 L=2106 mono=0 setmism=1 keymism=1018 tieswap=1 | TOT t=4 recs=14974 monoT=0 setT=4 keyT=8507 tieT=13
0:4-8:NC: L1SORTV t=173 L=1381 mono=0 setmism=1 keymism=857 tieswap=3 | TOT t=5 recs=16604 monoT=0 setT=5 keyT=9711 tieT=25
0:4-9:NC: L1SORTV t=294 L=1452 mono=0 setmism=1 keymism=741 tieswap=2 | TOT t=5 recs=16450 monoT=0 setT=5 keyT=9924 tieT=51
0:5-1:NC: L1SORTV t=231 L=2292 mono=0 setmism=1 keymism=1299 tieswap=1 | TOT t=4 recs=15388 monoT=0 setT=4 keyT=8809 tieT=47
0:5-3:NC: L1SORTV t=785 L=1099 mono=0 setmism=1 keymism=492 tieswap=1 | TOT t=6 recs=17895 monoT=0 setT=6 keyT=10349 tieT=18
0:5-7:NC: L1SORTV t=150 L=1206 mono=0 setmism=1 keymism=559 tieswap=1 | TOT t=6 recs=18354 monoT=0 setT=6 keyT=10651 tieT=14
0:5-8:NC: L1SORTV t=131 L=1158 mono=0 setmism=1 keymism=576 tieswap=2 | TOT t=6 recs=18418 monoT=0 setT=6 keyT=10594 tieT=22
0:5-9:NC: L1SORTV t=386 L=992 mono=0 setmism=1 keymism=597 tieswap=0 | TOT t=6 recs=18082 monoT=0 setT=6 keyT=10463 tieT=22
0:6-0:NC: L1SORTV t=923 L=299 mono=0 setmism=1 keymism=101 tieswap=0 | TOT t=7 recs=18610 monoT=0 setT=7 keyT=10109 tieT=34
0:6-1:NC: L1SORTV t=149 L=864 mono=0 setmism=1 keymism=436 tieswap=0 | TOT t=6 recs=18335 monoT=0 setT=6 keyT=10975 tieT=19
0:6-2:NC: L1SORTV t=161 L=598 mono=0 setmism=1 keymism=266 tieswap=0 | TOT t=7 recs=19395 monoT=0 setT=7 keyT=10889 tieT=33
0:6-3:NC: L1SORTV t=819 L=260 mono=0 setmism=1 keymism=58 tieswap=0 | TOT t=8 recs=19471 monoT=0 setT=8 keyT=10637 tieT=29
0:6-4:NC: L1SORTV t=868 L=377 mono=0 setmism=1 keymism=96 tieswap=0 | TOT t=7 recs=19018 monoT=0 setT=7 keyT=11069 tieT=26
0:6-5:NC: L1SORTV t=355 L=359 mono=0 setmism=1 keymism=153 tieswap=0 | TOT t=7 recs=19031 monoT=0 setT=7 keyT=10337 tieT=31
0:6-6:NC: L1SORTV t=327 L=1024 mono=0 setmism=1 keymism=570 tieswap=1 | TOT t=6 recs=18937 monoT=0 setT=6 keyT=10920 tieT=31
0:6-7:NC: L1SORTV t=323 L=244 mono=0 setmism=1 keymism=65 tieswap=0 | TOT t=8 recs=19408 monoT=0 setT=8 keyT=10264 tieT=38
0:6-8:NC: L1SORTV t=822 L=734 mono=0 setmism=1 keymism=251 tieswap=0 | TOT t=6 recs=18954 monoT=0 setT=6 keyT=10885 tieT=81
0:6-9:NC: L1SORTV t=292 L=424 mono=0 setmism=1 keymism=154 tieswap=0 | TOT t=7 recs=19528 monoT=0 setT=7 keyT=10940 tieT=38
0:7-0:NC: L1SORTV t=860 L=655 mono=0 setmism=1 keymism=251 tieswap=0 | TOT t=6 recs=19305 monoT=0 setT=6 keyT=10737 tieT=27
0:7-1:NC: L1SORTV t=290 L=254 mono=0 setmism=1 keymism=76 tieswap=0 | TOT t=8 recs=19999 monoT=0 setT=8 keyT=11266 tieT=31
0:7-2:NC: L1SORTV t=1002 L=265 mono=0 setmism=1 keymism=42 tieswap=0 | TOT t=8 recs=20012 monoT=0 setT=8 keyT=11958 tieT=15
0:7-3:NC: L1SORTV t=997 L=236 mono=0 setmism=1 keymism=43 tieswap=0 | TOT t=8 recs=20311 monoT=0 setT=8 keyT=11149 tieT=36
0:7-5:NC: L1SORTV t=934 L=222 mono=0 setmism=1 keymism=29 tieswap=0 | TOT t=8 recs=19713 monoT=0 setT=8 keyT=10756 tieT=50
0:7-6:NC: L1SORTV t=12 L=309 mono=0 setmism=1 keymism=172 tieswap=0 | TOT t=8 recs=20285 monoT=0 setT=8 keyT=11476 tieT=24
0:7-7:NC: L1SORTV t=930 L=157 mono=0 setmism=1 keymism=12 tieswap=0 | TOT t=9 recs=20265 monoT=0 setT=9 keyT=11356 tieT=19
0:7-8:NC: L1SORTV t=880 L=201 mono=0 setmism=1 keymism=43 tieswap=0 | TOT t=8 recs=20049 monoT=0 setT=8 keyT=11588 tieT=38
0:7-9:NC: L1SORTV t=114 L=197 mono=0 setmism=1 keymism=37 tieswap=0 | TOT t=9 recs=20658 monoT=0 setT=9 keyT=12360 tieT=22
0:8-1:NC: L1SORTV t=845 L=215 mono=0 setmism=1 keymism=55 tieswap=0 | TOT t=9 recs=20890 monoT=0 setT=9 keyT=11388 tieT=21
0:8-3:NC: L1SORTV t=939 L=360 mono=0 setmism=1 keymism=123 tieswap=0 | TOT t=7 recs=20321 monoT=0 setT=7 keyT=11090 tieT=45
0:8-4:NC: L1SORTV t=942 L=245 mono=0 setmism=1 keymism=59 tieswap=0 | TOT t=8 recs=20410 monoT=0 setT=8 keyT=11254 tieT=22
0:8-7:NC: L1SORTV t=928 L=155 mono=0 setmism=1 keymism=36 tieswap=0 | TOT t=9 recs=20771 monoT=0 setT=9 keyT=11544 tieT=42
0:9-0:NC: L1SORTV t=961 L=127 mono=0 setmism=1 keymism=16 tieswap=0 | TOT t=9 recs=21066 monoT=0 setT=9 keyT=12856 tieT=26
0:9-3:NC: L1SORTV t=988 L=150 mono=0 setmism=1 keymism=11 tieswap=0 | TOT t=9 recs=21450 monoT=0 setT=9 keyT=12266 tieT=27
0:0-5:NC: L1SORTV t=638 L=4369 mono=0 setmism=1 keymism=2719 tieswap=4 | TOT t=1 recs=4369 monoT=0 setT=1 keyT=2719 tieT=4
0:0-6:NC: L1SORTV t=732 L=4432 mono=0 setmism=1 keymism=2647 tieswap=2 | TOT t=1 recs=4432 monoT=0 setT=1 keyT=2647 tieT=2
0:0-7:NC: L1SORTV t=405 L=4505 mono=0 setmism=1 keymism=2375 tieswap=5 | TOT t=1 recs=4505 monoT=0 setT=1 keyT=2375 tieT=5
0:1-4:NC: L1SORTV t=316 L=3728 mono=0 setmism=1 keymism=2055 tieswap=9 | TOT t=2 recs=8967 monoT=0 setT=2 keyT=5294 tieT=15
0:1-5:NC: L1SORTV t=19 L=3682 mono=0 setmism=1 keymism=2566 tieswap=4 | TOT t=2 recs=8890 monoT=0 setT=2 keyT=5615 tieT=11
0:1-6:NC: L1SORTV t=347 L=3720 mono=0 setmism=1 keymism=2111 tieswap=4 | TOT t=2 recs=8997 monoT=0 setT=2 keyT=5088 tieT=20
0:2-4:NC: L1SORTV t=209 L=2799 mono=0 setmism=1 keymism=1718 tieswap=3 | TOT t=3 recs=11986 monoT=0 setT=3 keyT=7058 tieT=8
0:2-5:NC: L1SORTV t=38 L=2751 mono=0 setmism=1 keymism=1592 tieswap=6 | TOT t=3 recs=12169 monoT=0 setT=3 keyT=7033 tieT=13
0:3-0:NC: L1SORTV t=351 L=1964 mono=0 setmism=1 keymism=1101 tieswap=1 | TOT t=4 recs=14199 monoT=0 setT=4 keyT=8475 tieT=33
0:3-4:NC: L1SORTV t=607 L=2139 mono=0 setmism=1 keymism=1203 tieswap=1 | TOT t=4 recs=14576 monoT=0 setT=4 keyT=8617 tieT=18
0:3-7:NC: L1SORTV t=213 L=2092 mono=0 setmism=1 keymism=1271 tieswap=1 | TOT t=4 recs=14678 monoT=0 setT=4 keyT=8837 tieT=33
0:4-1:NC: L1SORTV t=47 L=1458 mono=0 setmism=1 keymism=745 tieswap=0 | TOT t=5 recs=16405 monoT=0 setT=5 keyT=10029 tieT=34
0:4-2:NC: L1SORTV t=709 L=2095 mono=0 setmism=1 keymism=1089 tieswap=1 | TOT t=4 recs=14899 monoT=0 setT=4 keyT=8115 tieT=39
0:4-5:NC: L1SORTV t=342 L=1438 mono=0 setmism=1 keymism=852 tieswap=2 | TOT t=5 recs=16509 monoT=0 setT=5 keyT=9848 tieT=16
0:4-6:NC: L1SORTV t=138 L=1521 mono=0 setmism=1 keymism=831 tieswap=0 | TOT t=5 recs=16597 monoT=0 setT=5 keyT=9784 tieT=39
0:4-7:NC: L1SORTV t=29 L=1525 mono=0 setmism=1 keymism=1007 tieswap=0 | TOT t=5 recs=16507 monoT=0 setT=5 keyT=8523 tieT=45
0:5-0:NC: L1SORTV t=133 L=1085 mono=0 setmism=1 keymism=434 tieswap=0 | TOT t=6 recs=17567 monoT=0 setT=6 keyT=9174 tieT=27
0:5-2:NC: L1SORTV t=98 L=1130 mono=0 setmism=1 keymism=480 tieswap=1 | TOT t=6 recs=17802 monoT=0 setT=6 keyT=10413 tieT=19
0:5-3:NC: L1SORTV t=453 L=483 mono=0 setmism=1 keymism=276 tieswap=0 | TOT t=7 recs=18378 monoT=0 setT=7 keyT=10625 tieT=18
0:5-4:NC: L1SORTV t=746 L=1028 mono=0 setmism=1 keymism=453 tieswap=0 | TOT t=6 recs=17906 monoT=0 setT=6 keyT=10021 tieT=14
0:5-5:NC: L1SORTV t=707 L=1076 mono=0 setmism=1 keymism=483 tieswap=0 | TOT t=6 recs=18048 monoT=0 setT=6 keyT=9862 tieT=17
0:5-6:NC: L1SORTV t=451 L=922 mono=0 setmism=1 keymism=534 tieswap=2 | TOT t=6 recs=17840 monoT=0 setT=6 keyT=10549 tieT=33
0:5-7:NC: L1SORTV t=225 L=374 mono=0 setmism=1 keymism=145 tieswap=0 | TOT t=7 recs=18728 monoT=0 setT=7 keyT=10796 tieT=14
0:5-8:NC: L1SORTV t=76 L=595 mono=0 setmism=1 keymism=254 tieswap=1 | TOT t=7 recs=19013 monoT=0 setT=7 keyT=10848 tieT=23
0:5-9:NC: L1SORTV t=958 L=299 mono=0 setmism=1 keymism=84 tieswap=0 | TOT t=7 recs=18381 monoT=0 setT=7 keyT=10547 tieT=22
0:6-0:NC: L1SORTV t=959 L=255 mono=0 setmism=1 keymism=82 tieswap=0 | TOT t=8 recs=18865 monoT=0 setT=8 keyT=10191 tieT=34
0:6-1:NC: L1SORTV t=883 L=374 mono=0 setmism=1 keymism=98 tieswap=0 | TOT t=7 recs=18709 monoT=0 setT=7 keyT=11073 tieT=19
0:6-2:NC: L1SORTV t=843 L=234 mono=0 setmism=1 keymism=83 tieswap=0 | TOT t=8 recs=19629 monoT=0 setT=8 keyT=10972 tieT=33
0:6-3:NC: L1SORTV t=1016 L=98 mono=0 setmism=1 keymism=3 tieswap=0 | TOT t=9 recs=19569 monoT=0 setT=9 keyT=10640 tieT=29
0:6-4:NC: L1SORTV t=818 L=262 mono=0 setmism=1 keymism=52 tieswap=0 | TOT t=8 recs=19280 monoT=0 setT=8 keyT=11121 tieT=26
0:6-5:NC: L1SORTV t=990 L=200 mono=0 setmism=1 keymism=26 tieswap=0 | TOT t=8 recs=19231 monoT=0 setT=8 keyT=10363 tieT=31
0:6-6:NC: L1SORTV t=863 L=393 mono=0 setmism=1 keymism=127 tieswap=0 | TOT t=7 recs=19330 monoT=0 setT=7 keyT=11047 tieT=31
0:6-8:NC: L1SORTV t=904 L=314 mono=0 setmism=1 keymism=81 tieswap=0 | TOT t=7 recs=19268 monoT=0 setT=7 keyT=10966 tieT=81
0:6-9:NC: L1SORTV t=147 L=316 mono=0 setmism=1 keymism=80 tieswap=0 | TOT t=8 recs=19844 monoT=0 setT=8 keyT=11020 tieT=38
0:7-0:NC: L1SORTV t=808 L=345 mono=0 setmism=1 keymism=75 tieswap=0 | TOT t=7 recs=19650 monoT=0 setT=7 keyT=10812 tieT=27
0:7-2:NC: L1SORTV t=960 L=152 mono=0 setmism=1 keymism=39 tieswap=0 | TOT t=9 recs=20164 monoT=0 setT=9 keyT=11997 tieT=15
0:7-3:NC: L1SORTV t=1006 L=157 mono=0 setmism=1 keymism=17 tieswap=0 | TOT t=9 recs=20468 monoT=0 setT=9 keyT=11166 tieT=36
0:7-6:NC: L1SORTV t=993 L=145 mono=0 setmism=1 keymism=25 tieswap=0 | TOT t=9 recs=20430 monoT=0 setT=9 keyT=11501 tieT=24
0:8-3:NC: L1SORTV t=912 L=221 mono=0 setmism=1 keymism=44 tieswap=0 | TOT t=8 recs=20542 monoT=0 setT=8 keyT=11134 tieT=45
0:1-3:NC: L1SORTV t=720 L=3712 mono=0 setmism=1 keymism=2132 tieswap=3 | TOT t=2 recs=8880 monoT=0 setT=2 keyT=4498 tieT=12
0:1-8:NC: L1SORTV t=361 L=2613 mono=0 setmism=1 keymism=1509 tieswap=5 | TOT t=3 recs=11719 monoT=0 setT=3 keyT=6398 tieT=16
0:1-9:NC: L1SORTV t=105 L=2610 mono=0 setmism=1 keymism=1506 tieswap=6 | TOT t=3 recs=11728 monoT=0 setT=3 keyT=6959 tieT=13
0:2-1:NC: L1SORTV t=318 L=2637 mono=0 setmism=1 keymism=1589 tieswap=3 | TOT t=3 recs=11827 monoT=0 setT=3 keyT=5811 tieT=24
0:2-2:NC: L1SORTV t=414 L=2734 mono=0 setmism=1 keymism=1648 tieswap=8 | TOT t=3 recs=12084 monoT=0 setT=3 keyT=7041 tieT=19
0:2-3:NC: L1SORTV t=756 L=2825 mono=0 setmism=1 keymism=1558 tieswap=2 | TOT t=3 recs=12066 monoT=0 setT=3 keyT=6623 tieT=23
0:2-8:NC: L1SORTV t=142 L=1927 mono=0 setmism=1 keymism=1152 tieswap=2 | TOT t=4 recs=14117 monoT=0 setT=4 keyT=8605 tieT=29
0:2-9:NC: L1SORTV t=239 L=2826 mono=0 setmism=1 keymism=1669 tieswap=4 | TOT t=3 recs=12243 monoT=0 setT=3 keyT=7109 tieT=27
0:3-1:NC: L1SORTV t=765 L=1911 mono=0 setmism=1 keymism=882 tieswap=1 | TOT t=4 recs=14142 monoT=0 setT=4 keyT=7579 tieT=14
0:3-2:NC: L1SORTV t=211 L=2011 mono=0 setmism=1 keymism=1248 tieswap=2 | TOT t=4 recs=14154 monoT=0 setT=4 keyT=8401 tieT=9
0:3-5:NC: L1SORTV t=753 L=2035 mono=0 setmism=1 keymism=1032 tieswap=0 | TOT t=4 recs=14490 monoT=0 setT=4 keyT=8253 tieT=20
0:3-6:NC: L1SORTV t=763 L=2018 mono=0 setmism=1 keymism=1056 tieswap=0 | TOT t=4 recs=14560 monoT=0 setT=4 keyT=8800 tieT=19
0:3-8:NC: L1SORTV t=750 L=1435 mono=0 setmism=1 keymism=733 tieswap=0 | TOT t=5 recs=16401 monoT=0 setT=5 keyT=9666 tieT=28
0:3-9:NC: L1SORTV t=66 L=2227 mono=0 setmism=1 keymism=1177 tieswap=0 | TOT t=4 recs=14810 monoT=0 setT=4 keyT=8297 tieT=29
0:4-0:NC: L1SORTV t=62 L=1415 mono=0 setmism=1 keymism=859 tieswap=1 | TOT t=5 recs=16156 monoT=0 setT=5 keyT=9549 tieT=30
0:4-3:NC: L1SORTV t=798 L=1486 mono=0 setmism=1 keymism=756 tieswap=4 | TOT t=5 recs=16372 monoT=0 setT=5 keyT=9746 tieT=33
0:4-4:NC: L1SORTV t=33 L=1530 mono=0 setmism=1 keymism=807 tieswap=1 | TOT t=5 recs=16504 monoT=0 setT=5 keyT=9314 tieT=14
0:4-8:NC: L1SORTV t=182 L=1017 mono=0 setmism=1 keymism=603 tieswap=0 | TOT t=6 recs=17621 monoT=0 setT=6 keyT=10314 tieT=25
0:4-9:NC: L1SORTV t=139 L=1037 mono=0 setmism=1 keymism=558 tieswap=0 | TOT t=6 recs=17487 monoT=0 setT=6 keyT=10482 tieT=51
0:5-0:NC: L1SORTV t=848 L=294 mono=0 setmism=1 keymism=119 tieswap=0 | TOT t=7 recs=17861 monoT=0 setT=7 keyT=9293 tieT=27
0:5-1:NC: L1SORTV t=32 L=1511 mono=0 setmism=1 keymism=967 tieswap=1 | TOT t=5 recs=16899 monoT=0 setT=5 keyT=9776 tieT=48
0:5-2:NC: L1SORTV t=816 L=360 mono=0 setmism=1 keymism=111 tieswap=0 | TOT t=7 recs=18162 monoT=0 setT=7 keyT=10524 tieT=19
0:5-3:NC: L1SORTV t=874 L=260 mono=0 setmism=1 keymism=67 tieswap=0 | TOT t=8 recs=18638 monoT=0 setT=8 keyT=10692 tieT=18
0:5-4:NC: L1SORTV t=448 L=490 mono=0 setmism=1 keymism=301 tieswap=0 | TOT t=7 recs=18396 monoT=0 setT=7 keyT=10322 tieT=14
0:5-6:NC: L1SORTV t=259 L=526 mono=0 setmism=1 keymism=240 tieswap=0 | TOT t=7 recs=18366 monoT=0 setT=7 keyT=10789 tieT=33
0:5-7:NC: L1SORTV t=807 L=284 mono=0 setmism=1 keymism=79 tieswap=0 | TOT t=8 recs=19012 monoT=0 setT=8 keyT=10875 tieT=14
0:5-8:NC: L1SORTV t=357 L=285 mono=0 setmism=1 keymism=144 tieswap=0 | TOT t=8 recs=19298 monoT=0 setT=8 keyT=10992 tieT=23
0:5-9:NC: L1SORTV t=966 L=234 mono=0 setmism=1 keymism=48 tieswap=0 | TOT t=8 recs=18615 monoT=0 setT=8 keyT=10595 tieT=22
0:6-0:NC: L1SORTV t=1011 L=98 mono=0 setmism=1 keymism=7 tieswap=0 | TOT t=9 recs=18963 monoT=0 setT=9 keyT=10198 tieT=34
0:6-1:NC: L1SORTV t=837 L=297 mono=0 setmism=1 keymism=84 tieswap=0 | TOT t=8 recs=19006 monoT=0 setT=8 keyT=11157 tieT=19
0:6-2:NC: L1SORTV t=805 L=220 mono=0 setmism=1 keymism=41 tieswap=0 | TOT t=9 recs=19849 monoT=0 setT=9 keyT=11013 tieT=33
0:6-4:NC: L1SORTV t=1018 L=106 mono=0 setmism=1 keymism=9 tieswap=0 | TOT t=9 recs=19386 monoT=0 setT=9 keyT=11130 tieT=26
0:6-5:NC: L1SORTV t=994 L=162 mono=0 setmism=1 keymism=23 tieswap=0 | TOT t=9 recs=19393 monoT=0 setT=9 keyT=10386 tieT=31
0:6-6:NC: L1SORTV t=811 L=302 mono=0 setmism=1 keymism=67 tieswap=0 | TOT t=8 recs=19632 monoT=0 setT=8 keyT=11114 tieT=31
0:6-8:NC: L1SORTV t=1003 L=230 mono=0 setmism=1 keymism=24 tieswap=0 | TOT t=8 recs=19498 monoT=0 setT=8 keyT=10990 tieT=81
0:7-0:NC: L1SORTV t=974 L=211 mono=0 setmism=1 keymism=29 tieswap=0 | TOT t=8 recs=19861 monoT=0 setT=8 keyT=10841 tieT=27
0:8-3:NC: L1SORTV t=983 L=168 mono=0 setmism=1 keymism=22 tieswap=0 | TOT t=9 recs=20710 monoT=0 setT=9 keyT=11156 tieT=45
0:0-4:NC: L1SORTV t=698 L=4118 mono=0 setmism=1 keymism=2568 tieswap=3 | TOT t=1 recs=4118 monoT=0 setT=1 keyT=2568 tieT=3
0:0-8:NC: L1SORTV t=430 L=3710 mono=0 setmism=1 keymism=1768 tieswap=11 | TOT t=2 recs=8697 monoT=0 setT=2 keyT=4812 tieT=12
0:0-9:NC: L1SORTV t=5 L=3586 mono=0 setmism=1 keymism=2444 tieswap=6 | TOT t=2 recs=8656 monoT=0 setT=2 keyT=5363 tieT=8
0:1-0:NC: L1SORTV t=241 L=3671 mono=0 setmism=1 keymism=2195 tieswap=4 | TOT t=2 recs=8801 monoT=0 setT=2 keyT=5303 tieT=15
0:1-1:NC: L1SORTV t=273 L=3710 mono=0 setmism=1 keymism=2236 tieswap=1 | TOT t=2 recs=8823 monoT=0 setT=2 keyT=5051 tieT=15
0:1-2:NC: L1SORTV t=715 L=3688 mono=0 setmism=1 keymism=2135 tieswap=1 | TOT t=2 recs=8781 monoT=0 setT=2 keyT=5218 tieT=6
0:1-7:NC: L1SORTV t=640 L=2648 mono=0 setmism=1 keymism=1582 tieswap=1 | TOT t=3 recs=11711 monoT=0 setT=3 keyT=7101 tieT=7
0:2-0:NC: L1SORTV t=272 L=2669 mono=0 setmism=1 keymism=1516 tieswap=3 | TOT t=3 recs=11860 monoT=0 setT=3 keyT=6495 tieT=12
0:2-6:NC: L1SORTV t=158 L=1995 mono=0 setmism=1 keymism=1141 tieswap=0 | TOT t=4 recs=14248 monoT=0 setT=4 keyT=8765 tieT=10
0:2-7:NC: L1SORTV t=8 L=2049 mono=0 setmism=1 keymism=1406 tieswap=3 | TOT t=4 recs=14282 monoT=0 setT=4 keyT=8514 tieT=15
0:3-0:NC: L1SORTV t=177 L=1334 mono=0 setmism=1 keymism=790 tieswap=0 | TOT t=5 recs=15533 monoT=0 setT=5 keyT=9265 tieT=33
0:3-3:NC: L1SORTV t=264 L=2029 mono=0 setmism=1 keymism=1187 tieswap=0 | TOT t=4 recs=14325 monoT=0 setT=4 keyT=8156 tieT=26
0:3-4:NC: L1SORTV t=115 L=1379 mono=0 setmism=1 keymism=790 tieswap=0 | TOT t=5 recs=15955 monoT=0 setT=5 keyT=9407 tieT=18
0:3-7:NC: L1SORTV t=61 L=1351 mono=0 setmism=1 keymism=753 tieswap=0 | TOT t=5 recs=16029 monoT=0 setT=5 keyT=9590 tieT=33
0:4-1:NC: L1SORTV t=743 L=677 mono=0 setmism=1 keymism=226 tieswap=0 | TOT t=6 recs=17082 monoT=0 setT=6 keyT=10255 tieT=34
0:4-2:NC: L1SORTV t=576 L=1508 mono=0 setmism=1 keymism=917 tieswap=0 | TOT t=5 recs=16407 monoT=0 setT=5 keyT=9032 tieT=39
0:4-5:NC: L1SORTV t=417 L=798 mono=0 setmism=1 keymism=474 tieswap=1 | TOT t=6 recs=17307 monoT=0 setT=6 keyT=10322 tieT=17
0:4-6:NC: L1SORTV t=293 L=1017 mono=0 setmism=1 keymism=504 tieswap=0 | TOT t=6 recs=17614 monoT=0 setT=6 keyT=10288 tieT=39
0:4-7:NC: L1SORTV t=261 L=1046 mono=0 setmism=1 keymism=560 tieswap=0 | TOT t=6 recs=17553 monoT=0 setT=6 keyT=9083 tieT=45
0:4-8:NC: L1SORTV t=862 L=398 mono=0 setmism=1 keymism=151 tieswap=0 | TOT t=7 recs=18019 monoT=0 setT=7 keyT=10465 tieT=25
0:4-9:NC: L1SORTV t=853 L=289 mono=0 setmism=1 keymism=37 tieswap=0 | TOT t=7 recs=17776 monoT=0 setT=7 keyT=10519 tieT=51
0:5-0:NC: L1SORTV t=44 L=347 mono=0 setmism=1 keymism=105 tieswap=0 | TOT t=8 recs=18208 monoT=0 setT=8 keyT=9398 tieT=27
0:5-2:NC: L1SORTV t=968 L=247 mono=0 setmism=1 keymism=38 tieswap=0 | TOT t=8 recs=18409 monoT=0 setT=8 keyT=10562 tieT=19
0:5-3:NC: L1SORTV t=1023 L=112 mono=0 setmism=1 keymism=16 tieswap=0 | TOT t=9 recs=18750 monoT=0 setT=9 keyT=10708 tieT=18
0:5-4:NC: L1SORTV t=864 L=277 mono=0 setmism=1 keymism=96 tieswap=0 | TOT t=8 recs=18673 monoT=0 setT=8 keyT=10418 tieT=14
0:5-5:NC: L1SORTV t=420 L=456 mono=0 setmism=1 keymism=250 tieswap=1 | TOT t=7 recs=18504 monoT=0 setT=7 keyT=10112 tieT=18
0:5-6:NC: L1SORTV t=812 L=336 mono=0 setmism=1 keymism=81 tieswap=0 | TOT t=8 recs=18702 monoT=0 setT=8 keyT=10870 tieT=33
0:5-7:NC: L1SORTV t=1020 L=99 mono=0 setmism=1 keymism=16 tieswap=0 | TOT t=9 recs=19111 monoT=0 setT=9 keyT=10891 tieT=14
0:5-8:NC: L1SORTV t=1013 L=109 mono=0 setmism=1 keymism=20 tieswap=0 | TOT t=9 recs=19407 monoT=0 setT=9 keyT=11012 tieT=23
0:5-9:NC: L1SORTV t=1012 L=104 mono=0 setmism=1 keymism=14 tieswap=0 | TOT t=9 recs=18719 monoT=0 setT=9 keyT=10609 tieT=22
0:6-1:NC: L1SORTV t=1021 L=96 mono=0 setmism=1 keymism=9 tieswap=0 | TOT t=9 recs=19102 monoT=0 setT=9 keyT=11166 tieT=19
0:6-6:NC: L1SORTV t=1017 L=93 mono=0 setmism=1 keymism=7 tieswap=0 | TOT t=9 recs=19725 monoT=0 setT=9 keyT=11121 tieT=31
0:0-3:NC: L1SORTV t=365 L=4188 mono=0 setmism=1 keymism=1952 tieswap=6 | TOT t=1 recs=4188 monoT=0 setT=1 keyT=1952 tieT=6
0:0-5:NC: L1SORTV t=423 L=3109 mono=0 setmism=1 keymism=1728 tieswap=10 | TOT t=2 recs=7478 monoT=0 setT=2 keyT=4447 tieT=14
0:1-4:NC: L1SORTV t=156 L=2581 mono=0 setmism=1 keymism=1503 tieswap=2 | TOT t=3 recs=11548 monoT=0 setT=3 keyT=6797 tieT=17
0:1-5:NC: L1SORTV t=274 L=2632 mono=0 setmism=1 keymism=1404 tieswap=0 | TOT t=3 recs=11522 monoT=0 setT=3 keyT=7019 tieT=11
0:1-6:NC: L1SORTV t=235 L=2654 mono=0 setmism=1 keymism=1556 tieswap=4 | TOT t=3 recs=11651 monoT=0 setT=3 keyT=6644 tieT=24
0:1-9:NC: L1SORTV t=547 L=1914 mono=0 setmism=1 keymism=1087 tieswap=2 | TOT t=4 recs=13642 monoT=0 setT=4 keyT=8046 tieT=15
0:2-1:NC: L1SORTV t=34 L=1988 mono=0 setmism=1 keymism=1142 tieswap=0 | TOT t=4 recs=13815 monoT=0 setT=4 keyT=6953 tieT=24
0:2-2:NC: L1SORTV t=255 L=1934 mono=0 setmism=1 keymism=1019 tieswap=0 | TOT t=4 recs=14018 monoT=0 setT=4 keyT=8060 tieT=19
0:2-4:NC: L1SORTV t=122 L=2023 mono=0 setmism=1 keymism=1207 tieswap=4 | TOT t=4 recs=14009 monoT=0 setT=4 keyT=8265 tieT=12
0:2-5:NC: L1SORTV t=233 L=2018 mono=0 setmism=1 keymism=1199 tieswap=2 | TOT t=4 recs=14187 monoT=0 setT=4 keyT=8232 tieT=15
0:2-8:NC: L1SORTV t=60 L=1283 mono=0 setmism=1 keymism=747 tieswap=0 | TOT t=5 recs=15400 monoT=0 setT=5 keyT=9352 tieT=29
0:3-1:NC: L1SORTV t=10 L=1322 mono=0 setmism=1 keymism=862 tieswap=1 | TOT t=5 recs=15464 monoT=0 setT=5 keyT=8441 tieT=15
0:3-2:NC: L1SORTV t=46 L=1289 mono=0 setmism=1 keymism=649 tieswap=1 | TOT t=5 recs=15443 monoT=0 setT=5 keyT=9050 tieT=10
0:3-4:NC: L1SORTV t=228 L=652 mono=0 setmism=1 keymism=262 tieswap=0 | TOT t=6 recs=16607 monoT=0 setT=6 keyT=9669 tieT=18
0:3-5:NC: L1SORTV t=450 L=1022 mono=0 setmism=1 keymism=605 tieswap=0 | TOT t=5 recs=15512 monoT=0 setT=5 keyT=8858 tieT=20
0:3-6:NC: L1SORTV t=205 L=1288 mono=0 setmism=1 keymism=748 tieswap=3 | TOT t=5 recs=15848 monoT=0 setT=5 keyT=9548 tieT=22
0:3-8:NC: L1SORTV t=353 L=731 mono=0 setmism=1 keymism=420 tieswap=1 | TOT t=6 recs=17132 monoT=0 setT=6 keyT=10086 tieT=29
0:3-9:NC: L1SORTV t=828 L=1399 mono=0 setmism=1 keymism=752 tieswap=0 | TOT t=5 recs=16209 monoT=0 setT=5 keyT=9049 tieT=29
0:4-0:NC: L1SORTV t=786 L=1010 mono=0 setmism=1 keymism=446 tieswap=1 | TOT t=6 recs=17166 monoT=0 setT=6 keyT=9995 tieT=31
0:4-1:NC: L1SORTV t=836 L=300 mono=0 setmism=1 keymism=72 tieswap=0 | TOT t=7 recs=17382 monoT=0 setT=7 keyT=10327 tieT=34
0:4-3:NC: L1SORTV t=802 L=392 mono=0 setmism=1 keymism=107 tieswap=0 | TOT t=6 recs=16764 monoT=0 setT=6 keyT=9853 tieT=33
0:4-4:NC: L1SORTV t=821 L=843 mono=0 setmism=1 keymism=339 tieswap=0 | TOT t=6 recs=17347 monoT=0 setT=6 keyT=9653 tieT=14
0:4-5:NC: L1SORTV t=892 L=366 mono=0 setmism=1 keymism=117 tieswap=0 | TOT t=7 recs=17673 monoT=0 setT=7 keyT=10439 tieT=17
0:4-6:NC: L1SORTV t=999 L=332 mono=0 setmism=1 keymism=60 tieswap=0 | TOT t=7 recs=17946 monoT=0 setT=7 keyT=10348 tieT=39
0:4-7:NC: L1SORTV t=909 L=370 mono=0 setmism=1 keymism=83 tieswap=0 | TOT t=7 recs=17923 monoT=0 setT=7 keyT=9166 tieT=45
0:4-8:NC: L1SORTV t=737 L=291 mono=0 setmism=1 keymism=86 tieswap=0 | TOT t=8 recs=18310 monoT=0 setT=8 keyT=10551 tieT=25
0:4-9:NC: L1SORTV t=289 L=287 mono=0 setmism=1 keymism=111 tieswap=0 | TOT t=8 recs=18063 monoT=0 setT=8 keyT=10630 tieT=51
0:5-1:NC: L1SORTV t=797 L=1082 mono=0 setmism=1 keymism=531 tieswap=0 | TOT t=6 recs=17981 monoT=0 setT=6 keyT=10307 tieT=48
0:5-2:NC: L1SORTV t=1015 L=116 mono=0 setmism=1 keymism=18 tieswap=0 | TOT t=9 recs=18525 monoT=0 setT=9 keyT=10580 tieT=19
0:5-4:NC: L1SORTV t=1022 L=105 mono=0 setmism=1 keymism=10 tieswap=0 | TOT t=9 recs=18778 monoT=0 setT=9 keyT=10428 tieT=14
0:5-5:NC: L1SORTV t=857 L=285 mono=0 setmism=1 keymism=89 tieswap=0 | TOT t=8 recs=18789 monoT=0 setT=8 keyT=10201 tieT=18
0:5-6:NC: L1SORTV t=1014 L=114 mono=0 setmism=1 keymism=20 tieswap=0 | TOT t=9 recs=18816 monoT=0 setT=9 keyT=10890 tieT=33
0:0-6:NC: L1SORTV t=373 L=3312 mono=0 setmism=1 keymism=1816 tieswap=1 | TOT t=2 recs=7744 monoT=0 setT=2 keyT=4463 tieT=3
0:0-7:NC: L1SORTV t=478 L=3264 mono=0 setmism=1 keymism=2034 tieswap=5 | TOT t=2 recs=7769 monoT=0 setT=2 keyT=4409 tieT=10
0:1-3:NC: L1SORTV t=762 L=2748 mono=0 setmism=1 keymism=1549 tieswap=0 | TOT t=3 recs=11628 monoT=0 setT=3 keyT=6047 tieT=12
0:1-8:NC: L1SORTV t=200 L=1969 mono=0 setmism=1 keymism=1060 tieswap=1 | TOT t=4 recs=13688 monoT=0 setT=4 keyT=7458 tieT=17
0:2-3:NC: L1SORTV t=188 L=1970 mono=0 setmism=1 keymism=1076 tieswap=1 | TOT t=4 recs=14036 monoT=0 setT=4 keyT=7699 tieT=24
0:2-6:NC: L1SORTV t=799 L=1407 mono=0 setmism=1 keymism=666 tieswap=0 | TOT t=5 recs=15655 monoT=0 setT=5 keyT=9431 tieT=10
0:2-7:NC: L1SORTV t=483 L=1193 mono=0 setmism=1 keymism=713 tieswap=0 | TOT t=5 recs=15475 monoT=0 setT=5 keyT=9227 tieT=15
0:2-9:NC: L1SORTV t=237 L=2114 mono=0 setmism=1 keymism=1240 tieswap=2 | TOT t=4 recs=14357 monoT=0 setT=4 keyT=8349 tieT=29
0:3-0:NC: L1SORTV t=192 L=560 mono=0 setmism=1 keymism=318 tieswap=0 | TOT t=6 recs=16093 monoT=0 setT=6 keyT=9583 tieT=33
0:3-3:NC: L1SORTV t=95 L=1364 mono=0 setmism=1 keymism=712 tieswap=1 | TOT t=5 recs=15689 monoT=0 setT=5 keyT=8868 tieT=27
0:3-4:NC: L1SORTV t=925 L=241 mono=0 setmism=1 keymism=66 tieswap=0 | TOT t=7 recs=16848 monoT=0 setT=7 keyT=9735 tieT=18
0:3-5:NC: L1SORTV t=320 L=774 mono=0 setmism=1 keymism=452 tieswap=0 | TOT t=6 recs=16286 monoT=0 setT=6 keyT=9310 tieT=20
0:3-6:NC: L1SORTV t=326 L=820 mono=0 setmism=1 keymism=438 tieswap=0 | TOT t=6 recs=16668 monoT=0 setT=6 keyT=9986 tieT=22
0:3-7:NC: L1SORTV t=512 L=640 mono=0 setmism=1 keymism=379 tieswap=0 | TOT t=6 recs=16669 monoT=0 setT=6 keyT=9969 tieT=33
0:3-8:NC: L1SORTV t=1000 L=281 mono=0 setmism=1 keymism=43 tieswap=0 | TOT t=7 recs=17413 monoT=0 setT=7 keyT=10129 tieT=29
0:4-0:NC: L1SORTV t=859 L=316 mono=0 setmism=1 keymism=98 tieswap=0 | TOT t=7 recs=17482 monoT=0 setT=7 keyT=10093 tieT=31
0:4-1:NC: L1SORTV t=977 L=209 mono=0 setmism=1 keymism=27 tieswap=0 | TOT t=8 recs=17591 monoT=0 setT=8 keyT=10354 tieT=34
0:4-2:NC: L1SORTV t=705 L=514 mono=0 setmism=1 keymism=175 tieswap=0 | TOT t=6 recs=16921 monoT=0 setT=6 keyT=9207 tieT=39
0:4-3:NC: L1SORTV t=881 L=287 mono=0 setmism=1 keymism=81 tieswap=0 | TOT t=7 recs=17051 monoT=0 setT=7 keyT=9934 tieT=33
0:4-4:NC: L1SORTV t=899 L=334 mono=0 setmism=1 keymism=83 tieswap=0 | TOT t=7 recs=17681 monoT=0 setT=7 keyT=9736 tieT=14
0:4-5:NC: L1SORTV t=322 L=250 mono=0 setmism=1 keymism=88 tieswap=0 | TOT t=8 recs=17923 monoT=0 setT=8 keyT=10527 tieT=17
0:4-6:NC: L1SORTV t=895 L=280 mono=0 setmism=1 keymism=57 tieswap=0 | TOT t=8 recs=18226 monoT=0 setT=8 keyT=10405 tieT=39
0:4-7:NC: L1SORTV t=878 L=273 mono=0 setmism=1 keymism=57 tieswap=0 | TOT t=8 recs=18196 monoT=0 setT=8 keyT=9223 tieT=45
0:5-1:NC: L1SORTV t=851 L=396 mono=0 setmism=1 keymism=155 tieswap=0 | TOT t=7 recs=18377 monoT=0 setT=7 keyT=10462 tieT=48
0:5-5:NC: L1SORTV t=1019 L=102 mono=0 setmism=1 keymism=16 tieswap=0 | TOT t=9 recs=18891 monoT=0 setT=9 keyT=10217 tieT=18
0:0-4:NC: L1SORTV t=677 L=3037 mono=0 setmism=1 keymism=1833 tieswap=0 | TOT t=2 recs=7155 monoT=0 setT=2 keyT=4401 tieT=3
0:0-5:NC: L1SORTV t=265 L=2582 mono=0 setmism=1 keymism=1580 tieswap=4 | TOT t=3 recs=10060 monoT=0 setT=3 keyT=6027 tieT=18
0:0-8:NC: L1SORTV t=212 L=2294 mono=0 setmism=1 keymism=1421 tieswap=3 | TOT t=3 recs=10991 monoT=0 setT=3 keyT=6233 tieT=15
0:0-9:NC: L1SORTV t=244 L=2418 mono=0 setmism=1 keymism=1324 tieswap=3 | TOT t=3 recs=11074 monoT=0 setT=3 keyT=6687 tieT=11
0:1-0:NC: L1SORTV t=167 L=2471 mono=0 setmism=1 keymism=1409 tieswap=4 | TOT t=3 recs=11272 monoT=0 setT=3 keyT=6712 tieT=19
0:1-1:NC: L1SORTV t=203 L=2454 mono=0 setmism=1 keymism=1551 tieswap=1 | TOT t=3 recs=11277 monoT=0 setT=3 keyT=6602 tieT=16
0:1-2:NC: L1SORTV t=117 L=2521 mono=0 setmism=1 keymism=1438 tieswap=7 | TOT t=3 recs=11302 monoT=0 setT=3 keyT=6656 tieT=13
0:1-5:NC: L1SORTV t=297 L=1950 mono=0 setmism=1 keymism=1090 tieswap=5 | TOT t=4 recs=13472 monoT=0 setT=4 keyT=8109 tieT=16
0:1-7:NC: L1SORTV t=280 L=1971 mono=0 setmism=1 keymism=1030 tieswap=1 | TOT t=4 recs=13682 monoT=0 setT=4 keyT=8131 tieT=8
0:1-9:NC: L1SORTV t=198 L=1288 mono=0 setmism=1 keymism=677 tieswap=0 | TOT t=5 recs=14930 monoT=0 setT=5 keyT=8723 tieT=15
0:2-0:NC: L1SORTV t=0 L=1888 mono=0 setmism=1 keymism=1435 tieswap=3 | TOT t=4 recs=13748 monoT=0 setT=4 keyT=7930 tieT=15
0:2-1:NC: L1SORTV t=295 L=1249 mono=0 setmism=1 keymism=636 tieswap=0 | TOT t=5 recs=15064 monoT=0 setT=5 keyT=7589 tieT=24
0:2-2:NC: L1SORTV t=48 L=1179 mono=0 setmism=1 keymism=465 tieswap=0 | TOT t=5 recs=15197 monoT=0 setT=5 keyT=8525 tieT=19
0:2-4:NC: L1SORTV t=108 L=1219 mono=0 setmism=1 keymism=671 tieswap=3 | TOT t=5 recs=15228 monoT=0 setT=5 keyT=8936 tieT=15
0:2-5:NC: L1SORTV t=141 L=1238 mono=0 setmism=1 keymism=722 tieswap=3 | TOT t=5 recs=15425 monoT=0 setT=5 keyT=8954 tieT=18
0:2-7:NC: L1SORTV t=163 L=789 mono=0 setmism=1 keymism=371 tieswap=1 | TOT t=6 recs=16264 monoT=0 setT=6 keyT=9598 tieT=16
0:2-8:NC: L1SORTV t=178 L=685 mono=0 setmism=1 keymism=363 tieswap=0 | TOT t=6 recs=16085 monoT=0 setT=6 keyT=9715 tieT=29
0:3-0:NC: L1SORTV t=900 L=321 mono=0 setmism=1 keymism=78 tieswap=0 | TOT t=7 recs=16414 monoT=0 setT=7 keyT=9661 tieT=33
0:3-1:NC: L1SORTV t=181 L=697 mono=0 setmism=1 keymism=399 tieswap=0 | TOT t=6 recs=16161 monoT=0 setT=6 keyT=8840 tieT=15
0:3-2:NC: L1SORTV t=194 L=716 mono=0 setmism=1 keymism=339 tieswap=0 | TOT t=6 recs=16159 monoT=0 setT=6 keyT=9389 tieT=10
0:3-4:NC: L1SORTV t=943 L=206 mono=0 setmism=1 keymism=36 tieswap=0 | TOT t=8 recs=17054 monoT=0 setT=8 keyT=9771 tieT=18
0:3-5:NC: L1SORTV t=946 L=240 mono=0 setmism=1 keymism=44 tieswap=0 | TOT t=7 recs=16526 monoT=0 setT=7 keyT=9354 tieT=20
0:3-6:NC: L1SORTV t=956 L=331 mono=0 setmism=1 keymism=98 tieswap=1 | TOT t=7 recs=16999 monoT=0 setT=7 keyT=10084 tieT=23
0:3-7:NC: L1SORTV t=1001 L=283 mono=0 setmism=1 keymism=50 tieswap=0 | TOT t=7 recs=16952 monoT=0 setT=7 keyT=10019 tieT=33
0:3-8:NC: L1SORTV t=842 L=215 mono=0 setmism=1 keymism=67 tieswap=0 | TOT t=8 recs=17628 monoT=0 setT=8 keyT=10196 tieT=29
0:3-9:NC: L1SORTV t=801 L=473 mono=0 setmism=1 keymism=199 tieswap=0 | TOT t=6 recs=16682 monoT=0 setT=6 keyT=9248 tieT=29
0:4-0:NC: L1SORTV t=979 L=202 mono=0 setmism=1 keymism=31 tieswap=0 | TOT t=8 recs=17684 monoT=0 setT=8 keyT=10124 tieT=31
0:4-2:NC: L1SORTV t=809 L=312 mono=0 setmism=1 keymism=57 tieswap=0 | TOT t=7 recs=17233 monoT=0 setT=7 keyT=9264 tieT=39
0:4-3:NC: L1SORTV t=389 L=198 mono=0 setmism=1 keymism=60 tieswap=0 | TOT t=8 recs=17249 monoT=0 setT=8 keyT=9994 tieT=33
0:4-4:NC: L1SORTV t=773 L=237 mono=0 setmism=1 keymism=58 tieswap=0 | TOT t=8 recs=17918 monoT=0 setT=8 keyT=9794 tieT=14
0:4-6:NC: L1SORTV t=80 L=230 mono=0 setmism=1 keymism=36 tieswap=0 | TOT t=9 recs=18456 monoT=0 setT=9 keyT=10441 tieT=39
0:5-1:NC: L1SORTV t=875 L=272 mono=0 setmism=1 keymism=63 tieswap=0 | TOT t=8 recs=18649 monoT=0 setT=8 keyT=10525 tieT=48
0:1-4:NC: L1SORTV t=157 L=1922 mono=0 setmism=1 keymism=1091 tieswap=0 | TOT t=4 recs=13470 monoT=0 setT=4 keyT=7888 tieT=17
0:1-6:NC: L1SORTV t=1 L=1932 mono=0 setmism=1 keymism=1372 tieswap=2 | TOT t=4 recs=13583 monoT=0 setT=4 keyT=8016 tieT=26
0:1-8:NC: L1SORTV t=176 L=1243 mono=0 setmism=1 keymism=702 tieswap=0 | TOT t=5 recs=14931 monoT=0 setT=5 keyT=8160 tieT=17
0:2-1:NC: L1SORTV t=830 L=489 mono=0 setmism=1 keymism=145 tieswap=0 | TOT t=6 recs=15553 monoT=0 setT=6 keyT=7734 tieT=24
0:2-2:NC: L1SORTV t=831 L=705 mono=0 setmism=1 keymism=277 tieswap=0 | TOT t=6 recs=15902 monoT=0 setT=6 keyT=8802 tieT=19
0:2-3:NC: L1SORTV t=59 L=1278 mono=0 setmism=1 keymism=723 tieswap=0 | TOT t=5 recs=15314 monoT=0 setT=5 keyT=8422 tieT=24
0:2-5:NC: L1SORTV t=130 L=782 mono=0 setmism=1 keymism=356 tieswap=0 | TOT t=6 recs=16207 monoT=0 setT=6 keyT=9310 tieT=18
0:2-6:NC: L1SORTV t=175 L=699 mono=0 setmism=1 keymism=300 tieswap=1 | TOT t=6 recs=16354 monoT=0 setT=6 keyT=9731 tieT=11
0:2-7:NC: L1SORTV t=854 L=281 mono=0 setmism=1 keymism=47 tieswap=0 | TOT t=7 recs=16545 monoT=0 setT=7 keyT=9645 tieT=16
0:2-8:NC: L1SORTV t=888 L=261 mono=0 setmism=1 keymism=68 tieswap=0 | TOT t=7 recs=16346 monoT=0 setT=7 keyT=9783 tieT=29
0:2-9:NC: L1SORTV t=174 L=1275 mono=0 setmism=1 keymism=701 tieswap=2 | TOT t=5 recs=15632 monoT=0 setT=5 keyT=9050 tieT=31
0:3-0:NC: L1SORTV t=846 L=213 mono=0 setmism=1 keymism=46 tieswap=0 | TOT t=8 recs=16627 monoT=0 setT=8 keyT=9707 tieT=33
0:3-1:NC: L1SORTV t=893 L=305 mono=0 setmism=1 keymism=71 tieswap=0 | TOT t=7 recs=16466 monoT=0 setT=7 keyT=8911 tieT=15
0:3-2:NC: L1SORTV t=907 L=288 mono=0 setmism=1 keymism=55 tieswap=0 | TOT t=7 recs=16447 monoT=0 setT=7 keyT=9444 tieT=10
0:3-3:NC: L1SORTV t=224 L=517 mono=0 setmism=1 keymism=286 tieswap=0 | TOT t=6 recs=16206 monoT=0 setT=6 keyT=9154 tieT=27
0:3-5:NC: L1SORTV t=986 L=185 mono=0 setmism=1 keymism=33 tieswap=0 | TOT t=8 recs=16711 monoT=0 setT=8 keyT=9387 tieT=20
0:3-6:NC: L1SORTV t=806 L=207 mono=0 setmism=1 keymism=34 tieswap=0 | TOT t=8 recs=17206 monoT=0 setT=8 keyT=10118 tieT=23
0:3-7:NC: L1SORTV t=872 L=223 mono=0 setmism=1 keymism=37 tieswap=0 | TOT t=8 recs=17175 monoT=0 setT=8 keyT=10056 tieT=33
0:3-9:NC: L1SORTV t=877 L=350 mono=0 setmism=1 keymism=93 tieswap=0 | TOT t=7 recs=17032 monoT=0 setT=7 keyT=9341 tieT=29
0:4-2:NC: L1SORTV t=976 L=201 mono=0 setmism=1 keymism=25 tieswap=0 | TOT t=8 recs=17434 monoT=0 setT=8 keyT=9289 tieT=39
0:5-1:NC: L1SORTV t=1010 L=110 mono=0 setmism=1 keymism=2 tieswap=0 | TOT t=9 recs=18759 monoT=0 setT=9 keyT=10527 tieT=48
0:0-3:NC: L1SORTV t=679 L=3009 mono=0 setmism=1 keymism=1678 tieswap=1 | TOT t=2 recs=7197 monoT=0 setT=2 keyT=3630 tieT=7
0:0-5:NC: L1SORTV t=516 L=1774 mono=0 setmism=1 keymism=1024 tieswap=0 | TOT t=4 recs=11834 monoT=0 setT=4 keyT=7051 tieT=18
0:0-6:NC: L1SORTV t=68 L=2504 mono=0 setmism=1 keymism=1440 tieswap=1 | TOT t=3 recs=10248 monoT=0 setT=3 keyT=5903 tieT=4
0:0-7:NC: L1SORTV t=199 L=2496 mono=0 setmism=1 keymism=1382 tieswap=1 | TOT t=3 recs=10265 monoT=0 setT=3 keyT=5791 tieT=11
0:0-8:NC: L1SORTV t=206 L=1522 mono=0 setmism=1 keymism=893 tieswap=0 | TOT t=4 recs=12513 monoT=0 setT=4 keyT=7126 tieT=15
0:0-9:NC: L1SORTV t=50 L=1709 mono=0 setmism=1 keymism=926 tieswap=0 | TOT t=4 recs=12783 monoT=0 setT=4 keyT=7613 tieT=11
0:1-2:NC: L1SORTV t=793 L=1799 mono=0 setmism=1 keymism=872 tieswap=0 | TOT t=4 recs=13101 monoT=0 setT=4 keyT=7528 tieT=13
0:1-3:NC: L1SORTV t=263 L=1982 mono=0 setmism=1 keymism=1092 tieswap=2 | TOT t=4 recs=13610 monoT=0 setT=4 keyT=7139 tieT=14
0:1-5:NC: L1SORTV t=340 L=1247 mono=0 setmism=1 keymism=619 tieswap=0 | TOT t=5 recs=14719 monoT=0 setT=5 keyT=8728 tieT=16
0:1-7:NC: L1SORTV t=545 L=1339 mono=0 setmism=1 keymism=775 tieswap=0 | TOT t=5 recs=15021 monoT=0 setT=5 keyT=8906 tieT=8
0:1-8:NC: L1SORTV t=800 L=536 mono=0 setmism=1 keymism=329 tieswap=2 | TOT t=6 recs=15467 monoT=0 setT=6 keyT=8489 tieT=19
0:1-9:NC: L1SORTV t=740 L=632 mono=0 setmism=1 keymism=236 tieswap=0 | TOT t=6 recs=15562 monoT=0 setT=6 keyT=8959 tieT=15
0:2-0:NC: L1SORTV t=77 L=1152 mono=0 setmism=1 keymism=564 tieswap=2 | TOT t=5 recs=14900 monoT=0 setT=5 keyT=8494 tieT=17
0:2-1:NC: L1SORTV t=936 L=305 mono=0 setmism=1 keymism=64 tieswap=0 | TOT t=7 recs=15858 monoT=0 setT=7 keyT=7798 tieT=24
0:2-2:NC: L1SORTV t=951 L=232 mono=0 setmism=1 keymism=65 tieswap=0 | TOT t=7 recs=16134 monoT=0 setT=7 keyT=8867 tieT=19
0:2-3:NC: L1SORTV t=861 L=473 mono=0 setmism=1 keymism=167 tieswap=0 | TOT t=6 recs=15787 monoT=0 setT=6 keyT=8589 tieT=24
0:2-4:NC: L1SORTV t=128 L=752 mono=0 setmism=1 keymism=414 tieswap=0 | TOT t=6 recs=15980 monoT=0 setT=6 keyT=9350 tieT=15
0:2-5:NC: L1SORTV t=164 L=326 mono=0 setmism=1 keymism=91 tieswap=0 | TOT t=7 recs=16533 monoT=0 setT=7 keyT=9401 tieT=18
0:2-6:NC: L1SORTV t=855 L=294 mono=0 setmism=1 keymism=83 tieswap=0 | TOT t=7 recs=16648 monoT=0 setT=7 keyT=9814 tieT=11
0:2-7:NC: L1SORTV t=1005 L=211 mono=0 setmism=1 keymism=44 tieswap=0 | TOT t=8 recs=16756 monoT=0 setT=8 keyT=9689 tieT=16
0:2-8:NC: L1SORTV t=871 L=244 mono=0 setmism=1 keymism=51 tieswap=0 | TOT t=8 recs=16590 monoT=0 setT=8 keyT=9834 tieT=29
0:3-1:NC: L1SORTV t=772 L=224 mono=0 setmism=1 keymism=43 tieswap=0 | TOT t=8 recs=16690 monoT=0 setT=8 keyT=8954 tieT=15
0:3-2:NC: L1SORTV t=847 L=193 mono=0 setmism=1 keymism=36 tieswap=0 | TOT t=8 recs=16640 monoT=0 setT=8 keyT=9480 tieT=10
0:3-3:NC: L1SORTV t=922 L=253 mono=0 setmism=1 keymism=84 tieswap=0 | TOT t=7 recs=16459 monoT=0 setT=7 keyT=9238 tieT=27
0:3-9:NC: L1SORTV t=145 L=357 mono=0 setmism=1 keymism=107 tieswap=0 | TOT t=8 recs=17389 monoT=0 setT=8 keyT=9448 tieT=29
0:0-4:NC: L1SORTV t=302 L=2188 mono=0 setmism=1 keymism=1196 tieswap=1 | TOT t=3 recs=9343 monoT=0 setT=3 keyT=5597 tieT=4
0:1-0:NC: L1SORTV t=42 L=1795 mono=0 setmism=1 keymism=1037 tieswap=1 | TOT t=4 recs=13067 monoT=0 setT=4 keyT=7749 tieT=20
0:1-1:NC: L1SORTV t=752 L=1952 mono=0 setmism=1 keymism=1008 tieswap=0 | TOT t=4 recs=13229 monoT=0 setT=4 keyT=7610 tieT=16
0:1-4:NC: L1SORTV t=783 L=1232 mono=0 setmism=1 keymism=519 tieswap=1 | TOT t=5 recs=14702 monoT=0 setT=5 keyT=8407 tieT=18
0:1-5:NC: L1SORTV t=260 L=468 mono=0 setmism=1 keymism=202 tieswap=0 | TOT t=6 recs=15187 monoT=0 setT=6 keyT=8930 tieT=16
0:1-6:NC: L1SORTV t=795 L=1193 mono=0 setmism=1 keymism=640 tieswap=0 | TOT t=5 recs=14776 monoT=0 setT=5 keyT=8656 tieT=26
0:1-8:NC: L1SORTV t=906 L=274 mono=0 setmism=1 keymism=51 tieswap=0 | TOT t=7 recs=15741 monoT=0 setT=7 keyT=8540 tieT=19
0:1-9:NC: L1SORTV t=896 L=249 mono=0 setmism=1 keymism=96 tieswap=0 | TOT t=7 recs=15811 monoT=0 setT=7 keyT=9055 tieT=15
0:2-0:NC: L1SORTV t=776 L=645 mono=0 setmism=1 keymism=272 tieswap=0 | TOT t=6 recs=15545 monoT=0 setT=6 keyT=8766 tieT=17
0:2-1:NC: L1SORTV t=804 L=226 mono=0 setmism=1 keymism=37 tieswap=0 | TOT t=8 recs=16084 monoT=0 setT=8 keyT=7835 tieT=24
0:2-2:NC: L1SORTV t=884 L=191 mono=0 setmism=1 keymism=25 tieswap=0 | TOT t=8 recs=16325 monoT=0 setT=8 keyT=8892 tieT=19
0:2-3:NC: L1SORTV t=967 L=280 mono=0 setmism=1 keymism=78 tieswap=0 | TOT t=7 recs=16067 monoT=0 setT=7 keyT=8667 tieT=24
0:2-4:NC: L1SORTV t=998 L=259 mono=0 setmism=1 keymism=51 tieswap=0 | TOT t=7 recs=16239 monoT=0 setT=7 keyT=9401 tieT=15
0:2-5:NC: L1SORTV t=964 L=201 mono=0 setmism=1 keymism=25 tieswap=0 | TOT t=8 recs=16734 monoT=0 setT=8 keyT=9426 tieT=18
0:2-6:NC: L1SORTV t=324 L=225 mono=0 setmism=1 keymism=48 tieswap=0 | TOT t=8 recs=16873 monoT=0 setT=8 keyT=9862 tieT=11
0:2-9:NC: L1SORTV t=179 L=707 mono=0 setmism=1 keymism=385 tieswap=0 | TOT t=6 recs=16339 monoT=0 setT=6 keyT=9435 tieT=31
0:3-3:NC: L1SORTV t=914 L=207 mono=0 setmism=1 keymism=44 tieswap=0 | TOT t=8 recs=16666 monoT=0 setT=8 keyT=9282 tieT=27
0:0-5:NC: L1SORTV t=738 L=516 mono=0 setmism=1 keymism=173 tieswap=0 | TOT t=5 recs=12350 monoT=0 setT=5 keyT=7224 tieT=18
0:0-8:NC: L1SORTV t=162 L=1213 mono=0 setmism=1 keymism=667 tieswap=1 | TOT t=5 recs=13726 monoT=0 setT=5 keyT=7793 tieT=16
0:0-9:NC: L1SORTV t=196 L=932 mono=0 setmism=1 keymism=563 tieswap=0 | TOT t=5 recs=13715 monoT=0 setT=5 keyT=8176 tieT=11
0:1-2:NC: L1SORTV t=778 L=653 mono=0 setmism=1 keymism=263 tieswap=0 | TOT t=5 recs=13754 monoT=0 setT=5 keyT=7791 tieT=13
0:1-3:NC: L1SORTV t=127 L=1197 mono=0 setmism=1 keymism=601 tieswap=0 | TOT t=5 recs=14807 monoT=0 setT=5 keyT=7740 tieT=14
0:1-5:NC: L1SORTV t=898 L=272 mono=0 setmism=1 keymism=53 tieswap=0 | TOT t=7 recs=15459 monoT=0 setT=7 keyT=8983 tieT=16
0:1-6:NC: L1SORTV t=481 L=664 mono=0 setmism=1 keymism=366 tieswap=1 | TOT t=6 recs=15440 monoT=0 setT=6 keyT=9022 tieT=27
0:1-7:NC: L1SORTV t=817 L=472 mono=0 setmism=1 keymism=155 tieswap=0 | TOT t=6 recs=15493 monoT=0 setT=6 keyT=9061 tieT=8
0:1-8:NC: L1SORTV t=421 L=191 mono=0 setmism=1 keymism=77 tieswap=0 | TOT t=8 recs=15932 monoT=0 setT=8 keyT=8617 tieT=19
0:1-9:NC: L1SORTV t=879 L=211 mono=0 setmism=1 keymism=39 tieswap=0 | TOT t=8 recs=16022 monoT=0 setT=8 keyT=9094 tieT=15
0:2-0:NC: L1SORTV t=902 L=306 mono=0 setmism=1 keymism=83 tieswap=0 | TOT t=7 recs=15851 monoT=0 setT=7 keyT=8849 tieT=17
0:2-3:NC: L1SORTV t=931 L=209 mono=0 setmism=1 keymism=24 tieswap=0 | TOT t=8 recs=16276 monoT=0 setT=8 keyT=8691 tieT=24
0:2-4:NC: L1SORTV t=965 L=212 mono=0 setmism=1 keymism=38 tieswap=0 | TOT t=8 recs=16451 monoT=0 setT=8 keyT=9439 tieT=15
0:2-9:NC: L1SORTV t=891 L=378 mono=0 setmism=1 keymism=134 tieswap=0 | TOT t=7 recs=16717 monoT=0 setT=7 keyT=9569 tieT=31
0:0-2:NC: L1SORTV t=70 L=3933 mono=0 setmism=1 keymism=2291 tieswap=3 | TOT t=1 recs=3933 monoT=0 setT=1 keyT=2291 tieT=3
0:0-3:NC: L1SORTV t=792 L=2162 mono=0 setmism=1 keymism=996 tieswap=1 | TOT t=3 recs=9359 monoT=0 setT=3 keyT=4626 tieT=8
0:0-4:NC: L1SORTV t=514 L=1559 mono=0 setmism=1 keymism=929 tieswap=0 | TOT t=4 recs=10902 monoT=0 setT=4 keyT=6526 tieT=4
0:0-5:NC: L1SORTV t=11 L=399 mono=0 setmism=1 keymism=222 tieswap=0 | TOT t=6 recs=12749 monoT=0 setT=6 keyT=7446 tieT=18
0:0-6:NC: L1SORTV t=52 L=1806 mono=0 setmism=1 keymism=1090 tieswap=1 | TOT t=4 recs=12054 monoT=0 setT=4 keyT=6993 tieT=5
0:0-7:NC: L1SORTV t=125 L=1738 mono=0 setmism=1 keymism=963 tieswap=0 | TOT t=4 recs=12003 monoT=0 setT=4 keyT=6754 tieT=11
0:0-8:NC: L1SORTV t=180 L=603 mono=0 setmism=1 keymism=298 tieswap=0 | TOT t=6 recs=14329 monoT=0 setT=6 keyT=8091 tieT=16
0:0-9:NC: L1SORTV t=876 L=380 mono=0 setmism=1 keymism=128 tieswap=0 | TOT t=6 recs=14095 monoT=0 setT=6 keyT=8304 tieT=11
0:1-0:NC: L1SORTV t=739 L=524 mono=0 setmism=1 keymism=148 tieswap=1 | TOT t=5 recs=13591 monoT=0 setT=5 keyT=7897 tieT=21
0:1-1:NC: L1SORTV t=43 L=837 mono=0 setmism=1 keymism=369 tieswap=3 | TOT t=5 recs=14066 monoT=0 setT=5 keyT=7979 tieT=19
0:1-2:NC: L1SORTV t=356 L=296 mono=0 setmism=1 keymism=134 tieswap=0 | TOT t=6 recs=14050 monoT=0 setT=6 keyT=7925 tieT=13
0:1-4:NC: L1SORTV t=390 L=519 mono=0 setmism=1 keymism=283 tieswap=1 | TOT t=6 recs=15221 monoT=0 setT=6 keyT=8690 tieT=19
0:1-5:NC: L1SORTV t=984 L=125 mono=0 setmism=1 keymism=7 tieswap=0 | TOT t=8 recs=15584 monoT=0 setT=8 keyT=8990 tieT=16
0:1-6:NC: L1SORTV t=803 L=311 mono=0 setmism=1 keymism=84 tieswap=0 | TOT t=7 recs=15751 monoT=0 setT=7 keyT=9106 tieT=27
0:1-7:NC: L1SORTV t=921 L=253 mono=0 setmism=1 keymism=76 tieswap=0 | TOT t=7 recs=15746 monoT=0 setT=7 keyT=9137 tieT=8
0:2-0:NC: L1SORTV t=992 L=163 mono=0 setmism=1 keymism=40 tieswap=0 | TOT t=8 recs=16014 monoT=0 setT=8 keyT=8889 tieT=17
0:2-9:NC: L1SORTV t=919 L=193 mono=0 setmism=1 keymism=58 tieswap=0 | TOT t=8 recs=16910 monoT=0 setT=8 keyT=9627 tieT=31
0:0-5:NC: L1SORTV t=948 L=220 mono=0 setmism=1 keymism=53 tieswap=0 | TOT t=7 recs=12969 monoT=0 setT=7 keyT=7499 tieT=18
0:0-8:NC: L1SORTV t=852 L=244 mono=0 setmism=1 keymism=29 tieswap=0 | TOT t=7 recs=14573 monoT=0 setT=7 keyT=8120 tieT=16
0:0-9:NC: L1SORTV t=926 L=271 mono=0 setmism=1 keymism=98 tieswap=0 | TOT t=7 recs=14366 monoT=0 setT=7 keyT=8402 tieT=11
0:1-0:NC: L1SORTV t=79 L=425 mono=0 setmism=1 keymism=120 tieswap=0 | TOT t=6 recs=14016 monoT=0 setT=6 keyT=8017 tieT=21
0:1-1:NC: L1SORTV t=905 L=300 mono=0 setmism=1 keymism=76 tieswap=0 | TOT t=6 recs=14366 monoT=0 setT=6 keyT=8055 tieT=19
0:1-2:NC: L1SORTV t=991 L=207 mono=0 setmism=1 keymism=39 tieswap=0 | TOT t=7 recs=14257 monoT=0 setT=7 keyT=7964 tieT=13
0:1-3:NC: L1SORTV t=165 L=698 mono=0 setmism=1 keymism=310 tieswap=0 | TOT t=6 recs=15505 monoT=0 setT=6 keyT=8050 tieT=14
0:1-4:NC: L1SORTV t=920 L=255 mono=0 setmism=1 keymism=88 tieswap=0 | TOT t=7 recs=15476 monoT=0 setT=7 keyT=8778 tieT=19
0:1-7:NC: L1SORTV t=978 L=192 mono=0 setmism=1 keymism=27 tieswap=0 | TOT t=8 recs=15938 monoT=0 setT=8 keyT=9164 tieT=8
0:0-3:NC: L1SORTV t=64 L=1557 mono=0 setmism=1 keymism=1029 tieswap=1 | TOT t=4 recs=10916 monoT=0 setT=4 keyT=5655 tieT=9
0:0-4:NC: L1SORTV t=385 L=1087 mono=0 setmism=1 keymism=669 tieswap=1 | TOT t=5 recs=11989 monoT=0 setT=5 keyT=7195 tieT=5
0:0-6:NC: L1SORTV t=672 L=979 mono=0 setmism=1 keymism=556 tieswap=0 | TOT t=5 recs=13033 monoT=0 setT=5 keyT=7549 tieT=5
0:0-7:NC: L1SORTV t=744 L=692 mono=0 setmism=1 keymism=277 tieswap=1 | TOT t=5 recs=12695 monoT=0 setT=5 keyT=7031 tieT=12
0:0-8:NC: L1SORTV t=980 L=177 mono=0 setmism=1 keymism=20 tieswap=0 | TOT t=8 recs=14750 monoT=0 setT=8 keyT=8140 tieT=16
0:0-9:NC: L1SORTV t=112 L=260 mono=0 setmism=1 keymism=56 tieswap=0 | TOT t=8 recs=14626 monoT=0 setT=8 keyT=8458 tieT=11
0:1-0:NC: L1SORTV t=933 L=244 mono=0 setmism=1 keymism=47 tieswap=0 | TOT t=7 recs=14260 monoT=0 setT=7 keyT=8064 tieT=21
0:1-1:NC: L1SORTV t=388 L=262 mono=0 setmism=1 keymism=97 tieswap=0 | TOT t=7 recs=14628 monoT=0 setT=7 keyT=8152 tieT=19
0:1-2:NC: L1SORTV t=950 L=173 mono=0 setmism=1 keymism=39 tieswap=0 | TOT t=8 recs=14430 monoT=0 setT=8 keyT=8003 tieT=13
0:1-3:NC: L1SORTV t=844 L=255 mono=0 setmism=1 keymism=93 tieswap=0 | TOT t=7 recs=15760 monoT=0 setT=7 keyT=8143 tieT=14
0:1-4:NC: L1SORTV t=1009 L=120 mono=0 setmism=1 keymism=3 tieswap=0 | TOT t=8 recs=15596 monoT=0 setT=8 keyT=8781 tieT=19
0:0-4:NC: L1SORTV t=193 L=443 mono=0 setmism=1 keymism=176 tieswap=0 | TOT t=6 recs=12432 monoT=0 setT=6 keyT=7371 tieT=5
0:0-6:NC: L1SORTV t=972 L=267 mono=0 setmism=1 keymism=53 tieswap=0 | TOT t=6 recs=13300 monoT=0 setT=6 keyT=7602 tieT=5
0:0-7:NC: L1SORTV t=257 L=339 mono=0 setmism=1 keymism=134 tieswap=0 | TOT t=6 recs=13034 monoT=0 setT=6 keyT=7165 tieT=12
0:1-0:NC: L1SORTV t=981 L=128 mono=0 setmism=1 keymism=11 tieswap=0 | TOT t=8 recs=14388 monoT=0 setT=8 keyT=8075 tieT=21
0:1-3:NC: L1SORTV t=887 L=181 mono=0 setmism=1 keymism=33 tieswap=0 | TOT t=8 recs=15941 monoT=0 setT=8 keyT=8176 tieT=14
0:0-2:NC: L1SORTV t=72 L=2796 mono=0 setmism=1 keymism=1614 tieswap=6 | TOT t=2 recs=6729 monoT=0 setT=2 keyT=3905 tieT=9
0:0-3:NC: L1SORTV t=788 L=1043 mono=0 setmism=1 keymism=504 tieswap=0 | TOT t=5 recs=11959 monoT=0 setT=5 keyT=6159 tieT=9
0:0-4:NC: L1SORTV t=858 L=264 mono=0 setmism=1 keymism=75 tieswap=0 | TOT t=7 recs=12696 monoT=0 setT=7 keyT=7446 tieT=5
0:0-6:NC: L1SORTV t=911 L=235 mono=0 setmism=1 keymism=50 tieswap=0 | TOT t=7 recs=13535 monoT=0 setT=7 keyT=7652 tieT=5
0:0-7:NC: L1SORTV t=953 L=226 mono=0 setmism=1 keymism=56 tieswap=0 | TOT t=7 recs=13260 monoT=0 setT=7 keyT=7221 tieT=12
0:0-1:NC: L1SORTV t=215 L=3159 mono=0 setmism=1 keymism=1942 tieswap=0 | TOT t=1 recs=3159 monoT=0 setT=1 keyT=1942 tieT=0
0:0-3:NC: L1SORTV t=226 L=376 mono=0 setmism=1 keymism=154 tieswap=0 | TOT t=6 recs=12335 monoT=0 setT=6 keyT=6313 tieT=9
0:0-4:NC: L1SORTV t=814 L=207 mono=0 setmism=1 keymism=42 tieswap=0 | TOT t=8 recs=12903 monoT=0 setT=8 keyT=7488 tieT=5
0:0-7:NC: L1SORTV t=113 L=207 mono=0 setmism=1 keymism=43 tieswap=0 | TOT t=8 recs=13467 monoT=0 setT=8 keyT=7264 tieT=12
0:0-3:NC: L1SORTV t=913 L=238 mono=0 setmism=1 keymism=57 tieswap=0 | TOT t=7 recs=12573 monoT=0 setT=7 keyT=6370 tieT=9
0:0-2:NC: L1SORTV t=754 L=2031 mono=0 setmism=1 keymism=1025 tieswap=2 | TOT t=3 recs=8760 monoT=0 setT=3 keyT=4930 tieT=11
0:0-3:NC: L1SORTV t=916 L=195 mono=0 setmism=1 keymism=38 tieswap=0 | TOT t=8 recs=12768 monoT=0 setT=8 keyT=6408 tieT=9
0:0-1:NC: L1SORTV t=382 L=2240 mono=0 setmism=1 keymism=1431 tieswap=0 | TOT t=2 recs=5399 monoT=0 setT=2 keyT=3373 tieT=0
0:0-2:NC: L1SORTV t=780 L=1330 mono=0 setmism=1 keymism=692 tieswap=1 | TOT t=4 recs=10090 monoT=0 setT=4 keyT=5622 tieT=12
0:0-1:NC: L1SORTV t=673 L=1593 mono=0 setmism=1 keymism=822 tieswap=1 | TOT t=3 recs=6992 monoT=0 setT=3 keyT=4195 tieT=1
0:0-0:NC: L1SORTV t=37 L=2799 mono=0 setmism=1 keymism=1553 tieswap=2 | TOT t=1 recs=2799 monoT=0 setT=1 keyT=1553 tieT=2
0:0-2:NC: L1SORTV t=820 L=424 mono=0 setmism=1 keymism=134 tieswap=0 | TOT t=5 recs=10514 monoT=0 setT=5 keyT=5756 tieT=12
0:0-1:NC: L1SORTV t=449 L=901 mono=0 setmism=1 keymism=577 tieswap=0 | TOT t=4 recs=7893 monoT=0 setT=4 keyT=4772 tieT=1
0:0-2:NC: L1SORTV t=935 L=276 mono=0 setmism=1 keymism=52 tieswap=0 | TOT t=6 recs=10790 monoT=0 setT=6 keyT=5808 tieT=12
0:0-1:NC: L1SORTV t=227 L=494 mono=0 setmism=1 keymism=197 tieswap=0 | TOT t=5 recs=8387 monoT=0 setT=5 keyT=4969 tieT=1
0:0-2:NC: L1SORTV t=769 L=175 mono=0 setmism=1 keymism=43 tieswap=0 | TOT t=7 recs=10965 monoT=0 setT=7 keyT=5851 tieT=12
0:0-0:NC: L1SORTV t=546 L=1931 mono=0 setmism=1 keymism=1104 tieswap=1 | TOT t=2 recs=4730 monoT=0 setT=2 keyT=2657 tieT=3
0:0-1:NC: L1SORTV t=927 L=247 mono=0 setmism=1 keymism=73 tieswap=0 | TOT t=6 recs=8634 monoT=0 setT=6 keyT=5042 tieT=1
0:0-1:NC: L1SORTV t=975 L=160 mono=0 setmism=1 keymism=11 tieswap=0 | TOT t=7 recs=8794 monoT=0 setT=7 keyT=5053 tieT=1
0:0-0:NC: L1SORTV t=78 L=1134 mono=0 setmism=1 keymism=594 tieswap=1 | TOT t=3 recs=5864 monoT=0 setT=3 keyT=3251 tieT=4
0:0-0:NC: L1SORTV t=81 L=839 mono=0 setmism=1 keymism=409 tieswap=2 | TOT t=4 recs=6703 monoT=0 setT=4 keyT=3660 tieT=6
0:0-0:NC: L1SORTV t=954 L=267 mono=0 setmism=1 keymism=76 tieswap=0 | TOT t=5 recs=6970 monoT=0 setT=5 keyT=3736 tieT=6
0:0-0:NC: L1SORTV t=915 L=207 mono=0 setmism=1 keymism=44 tieswap=0 | TOT t=6 recs=7177 monoT=0 setT=6 keyT=3780 tieT=6
0:10-1:NC: L1SORTV t=551 L=7696 mono=0 setmism=1 keymism=4560 tieswap=18 | TOT t=1 recs=7696 monoT=0 setT=1 keyT=4560 tieT=18
0:10-4:NC: L1SORTV t=647 L=7834 mono=0 setmism=1 keymism=4648 tieswap=12 | TOT t=1 recs=7834 monoT=0 setT=1 keyT=4648 tieT=12
0:10-5:NC: L1SORTV t=409 L=8057 mono=0 setmism=1 keymism=4888 tieswap=10 | TOT t=1 recs=8057 monoT=0 setT=1 keyT=4888 tieT=10
0:10-6:NC: L1SORTV t=465 L=7876 mono=0 setmism=1 keymism=4303 tieswap=22 | TOT t=1 recs=7876 monoT=0 setT=1 keyT=4303 tieT=22
0:10-7:NC: L1SORTV t=558 L=8091 mono=0 setmism=1 keymism=5176 tieswap=8 | TOT t=1 recs=8091 monoT=0 setT=1 keyT=5176 tieT=8
0:10-8:NC: L1SORTV t=616 L=8057 mono=0 setmism=1 keymism=4773 tieswap=17 | TOT t=1 recs=8057 monoT=0 setT=1 keyT=4773 tieT=17
0:10-9:NC: L1SORTV t=601 L=8100 mono=0 setmism=1 keymism=5142 tieswap=11 | TOT t=1 recs=8100 monoT=0 setT=1 keyT=5142 tieT=11
0:9-7:NC: L1SORTV t=395 L=7557 mono=0 setmism=1 keymism=4038 tieswap=22 | TOT t=1 recs=7557 monoT=0 setT=1 keyT=4038 tieT=22
0:9-8:NC: L1SORTV t=425 L=7677 mono=0 setmism=1 keymism=4374 tieswap=29 | TOT t=1 recs=7677 monoT=0 setT=1 keyT=4374 tieT=29
0:9-9:NC: L1SORTV t=557 L=7616 mono=0 setmism=1 keymism=4765 tieswap=11 | TOT t=1 recs=7616 monoT=0 setT=1 keyT=4765 tieT=11
0:10-0:NC: L1SORTV t=332 L=7660 mono=0 setmism=1 keymism=4696 tieswap=42 | TOT t=1 recs=7660 monoT=0 setT=1 keyT=4696 tieT=42
0:10-2:NC: L1SORTV t=370 L=7651 mono=0 setmism=1 keymism=4456 tieswap=47 | TOT t=1 recs=7651 monoT=0 setT=1 keyT=4456 tieT=47
0:10-3:NC: L1SORTV t=502 L=7850 mono=0 setmism=1 keymism=4017 tieswap=14 | TOT t=1 recs=7850 monoT=0 setT=1 keyT=4017 tieT=14
0:9-2:NC: L1SORTV t=456 L=7214 mono=0 setmism=1 keymism=3995 tieswap=20 | TOT t=1 recs=7214 monoT=0 setT=1 keyT=3995 tieT=20
0:9-4:NC: L1SORTV t=457 L=7482 mono=0 setmism=1 keymism=3760 tieswap=21 | TOT t=1 recs=7482 monoT=0 setT=1 keyT=3760 tieT=21
0:9-5:NC: L1SORTV t=299 L=7408 mono=0 setmism=1 keymism=4977 tieswap=36 | TOT t=1 recs=7408 monoT=0 setT=1 keyT=4977 tieT=36
0:9-6:NC: L1SORTV t=403 L=7476 mono=0 setmism=1 keymism=4465 tieswap=32 | TOT t=1 recs=7476 monoT=0 setT=1 keyT=4465 tieT=32
0:8-6:NC: L1SORTV t=650 L=7057 mono=0 setmism=1 keymism=4129 tieswap=12 | TOT t=1 recs=7057 monoT=0 setT=1 keyT=4129 tieT=12
0:8-7:NC: L1SORTV t=441 L=6963 mono=0 setmism=1 keymism=4069 tieswap=23 | TOT t=1 recs=6963 monoT=0 setT=1 keyT=4069 tieT=23
0:8-8:NC: L1SORTV t=300 L=7104 mono=0 setmism=1 keymism=4708 tieswap=21 | TOT t=1 recs=7104 monoT=0 setT=1 keyT=4708 tieT=21
0:8-9:NC: L1SORTV t=602 L=7020 mono=0 setmism=1 keymism=4576 tieswap=10 | TOT t=1 recs=7020 monoT=0 setT=1 keyT=4576 tieT=10
0:9-0:NC: L1SORTV t=444 L=7128 mono=0 setmism=1 keymism=4393 tieswap=8 | TOT t=1 recs=7128 monoT=0 setT=1 keyT=4393 tieT=8
0:9-1:NC: L1SORTV t=378 L=7187 mono=0 setmism=1 keymism=4465 tieswap=14 | TOT t=1 recs=7187 monoT=0 setT=1 keyT=4465 tieT=14
0:9-3:NC: L1SORTV t=472 L=7248 mono=0 setmism=1 keymism=3949 tieswap=18 | TOT t=1 recs=7248 monoT=0 setT=1 keyT=3949 tieT=18
0:7-7:NC: L1SORTV t=566 L=6495 mono=0 setmism=1 keymism=3925 tieswap=6 | TOT t=1 recs=6495 monoT=0 setT=1 keyT=3925 tieT=6
0:7-8:NC: L1SORTV t=433 L=6623 mono=0 setmism=1 keymism=3708 tieswap=23 | TOT t=1 recs=6623 monoT=0 setT=1 keyT=3708 tieT=23
0:7-9:NC: L1SORTV t=603 L=6613 mono=0 setmism=1 keymism=4144 tieswap=7 | TOT t=1 recs=6613 monoT=0 setT=1 keyT=4144 tieT=7
0:8-0:NC: L1SORTV t=394 L=6698 mono=0 setmism=1 keymism=3806 tieswap=19 | TOT t=1 recs=6698 monoT=0 setT=1 keyT=3806 tieT=19
0:8-1:NC: L1SORTV t=503 L=6853 mono=0 setmism=1 keymism=3383 tieswap=10 | TOT t=1 recs=6853 monoT=0 setT=1 keyT=3383 tieT=10
0:8-2:NC: L1SORTV t=617 L=6944 mono=0 setmism=1 keymism=4098 tieswap=18 | TOT t=1 recs=6944 monoT=0 setT=1 keyT=4098 tieT=18
0:8-3:NC: L1SORTV t=435 L=6771 mono=0 setmism=1 keymism=3655 tieswap=26 | TOT t=1 recs=6771 monoT=0 setT=1 keyT=3655 tieT=26
0:8-4:NC: L1SORTV t=504 L=6752 mono=0 setmism=1 keymism=3298 tieswap=7 | TOT t=1 recs=6752 monoT=0 setT=1 keyT=3298 tieT=7
0:8-5:NC: L1SORTV t=661 L=6948 mono=0 setmism=1 keymism=3727 tieswap=7 | TOT t=1 recs=6948 monoT=0 setT=1 keyT=3727 tieT=7
0:7-1:NC: L1SORTV t=618 L=6466 mono=0 setmism=1 keymism=3701 tieswap=22 | TOT t=1 recs=6466 monoT=0 setT=1 keyT=3701 tieT=22
0:7-2:NC: L1SORTV t=314 L=6308 mono=0 setmism=1 keymism=4078 tieswap=5 | TOT t=1 recs=6308 monoT=0 setT=1 keyT=4078 tieT=5
0:7-3:NC: L1SORTV t=429 L=6418 mono=0 setmism=1 keymism=3141 tieswap=19 | TOT t=1 recs=6418 monoT=0 setT=1 keyT=3141 tieT=19
0:7-4:NC: L1SORTV t=377 L=6382 mono=0 setmism=1 keymism=4007 tieswap=8 | TOT t=1 recs=6382 monoT=0 setT=1 keyT=4007 tieT=8
0:7-5:NC: L1SORTV t=427 L=6494 mono=0 setmism=1 keymism=3350 tieswap=36 | TOT t=1 recs=6494 monoT=0 setT=1 keyT=3350 tieT=36
0:7-6:NC: L1SORTV t=646 L=6501 mono=0 setmism=1 keymism=4144 tieswap=10 | TOT t=1 recs=6501 monoT=0 setT=1 keyT=4144 tieT=10
0:6-6:NC: L1SORTV t=467 L=6286 mono=0 setmism=1 keymism=3088 tieswap=12 | TOT t=1 recs=6286 monoT=0 setT=1 keyT=3088 tieT=12
0:6-7:NC: L1SORTV t=367 L=6337 mono=0 setmism=1 keymism=2519 tieswap=17 | TOT t=1 recs=6337 monoT=0 setT=1 keyT=2519 tieT=17
0:6-8:NC: L1SORTV t=459 L=6249 mono=0 setmism=1 keymism=3082 tieswap=24 | TOT t=1 recs=6249 monoT=0 setT=1 keyT=3082 tieT=24
0:6-9:NC: L1SORTV t=428 L=6286 mono=0 setmism=1 keymism=3188 tieswap=31 | TOT t=1 recs=6286 monoT=0 setT=1 keyT=3188 tieT=31
0:7-0:NC: L1SORTV t=460 L=6438 mono=0 setmism=1 keymism=3301 tieswap=13 | TOT t=1 recs=6438 monoT=0 setT=1 keyT=3301 tieT=13
0:9-9:NC: L1SORTV t=723 L=4756 mono=0 setmism=1 keymism=2755 tieswap=1 | TOT t=2 recs=12372 monoT=0 setT=2 keyT=7520 tieT=12
0:10-1:NC: L1SORTV t=306 L=4999 mono=0 setmism=1 keymism=2970 tieswap=13 | TOT t=2 recs=12695 monoT=0 setT=2 keyT=7530 tieT=31
0:10-4:NC: L1SORTV t=397 L=4844 mono=0 setmism=1 keymism=2667 tieswap=15 | TOT t=2 recs=12678 monoT=0 setT=2 keyT=7315 tieT=27
0:10-5:NC: L1SORTV t=398 L=4728 mono=0 setmism=1 keymism=2630 tieswap=8 | TOT t=2 recs=12785 monoT=0 setT=2 keyT=7518 tieT=18
0:10-7:NC: L1SORTV t=399 L=4701 mono=0 setmism=1 keymism=2679 tieswap=12 | TOT t=2 recs=12792 monoT=0 setT=2 keyT=7855 tieT=20
0:10-8:NC: L1SORTV t=758 L=4686 mono=0 setmism=1 keymism=2732 tieswap=6 | TOT t=2 recs=12743 monoT=0 setT=2 keyT=7505 tieT=23
0:10-9:NC: L1SORTV t=656 L=4805 mono=0 setmism=1 keymism=2952 tieswap=8 | TOT t=2 recs=12905 monoT=0 setT=2 keyT=8094 tieT=19
0:6-1:NC: L1SORTV t=380 L=6087 mono=0 setmism=1 keymism=3694 tieswap=9 | TOT t=1 recs=6087 monoT=0 setT=1 keyT=3694 tieT=9
0:6-2:NC: L1SORTV t=660 L=6084 mono=0 setmism=1 keymism=3264 tieswap=13 | TOT t=1 recs=6084 monoT=0 setT=1 keyT=3264 tieT=13
0:6-3:NC: L1SORTV t=402 L=6283 mono=0 setmism=1 keymism=3069 tieswap=19 | TOT t=1 recs=6283 monoT=0 setT=1 keyT=3069 tieT=19
0:6-4:NC: L1SORTV t=488 L=6244 mono=0 setmism=1 keymism=3542 tieswap=12 | TOT t=1 recs=6244 monoT=0 setT=1 keyT=3542 tieT=12
0:6-5:NC: L1SORTV t=651 L=6176 mono=0 setmism=1 keymism=3673 tieswap=7 | TOT t=1 recs=6176 monoT=0 setT=1 keyT=3673 tieT=7
0:9-7:NC: L1SORTV t=470 L=4759 mono=0 setmism=1 keymism=2321 tieswap=9 | TOT t=2 recs=12316 monoT=0 setT=2 keyT=6359 tieT=31
0:9-8:NC: L1SORTV t=436 L=4740 mono=0 setmism=1 keymism=2278 tieswap=9 | TOT t=2 recs=12417 monoT=0 setT=2 keyT=6652 tieT=38
0:10-0:NC: L1SORTV t=724 L=4896 mono=0 setmism=1 keymism=2939 tieswap=7 | TOT t=2 recs=12556 monoT=0 setT=2 keyT=7635 tieT=49
0:10-3:NC: L1SORTV t=687 L=4729 mono=0 setmism=1 keymism=2844 tieswap=10 | TOT t=2 recs=12579 monoT=0 setT=2 keyT=6861 tieT=24
0:10-6:NC: L1SORTV t=686 L=4744 mono=0 setmism=1 keymism=2848 tieswap=5 | TOT t=2 recs=12620 monoT=0 setT=2 keyT=7151 tieT=27
0:5-8:NC: L1SORTV t=442 L=6081 mono=0 setmism=1 keymism=3371 tieswap=10 | TOT t=1 recs=6081 monoT=0 setT=1 keyT=3371 tieT=10
0:5-9:NC: L1SORTV t=468 L=5951 mono=0 setmism=1 keymism=2828 tieswap=12 | TOT t=1 recs=5951 monoT=0 setT=1 keyT=2828 tieT=12
0:6-0:NC: L1SORTV t=369 L=6113 mono=0 setmism=1 keymism=2948 tieswap=19 | TOT t=1 recs=6113 monoT=0 setT=1 keyT=2948 tieT=19
0:8-6:NC: L1SORTV t=688 L=4577 mono=0 setmism=1 keymism=2864 tieswap=3 | TOT t=2 recs=11634 monoT=0 setT=2 keyT=6993 tieT=15
0:8-7:NC: L1SORTV t=507 L=4588 mono=0 setmism=1 keymism=2450 tieswap=8 | TOT t=2 recs=11551 monoT=0 setT=2 keyT=6519 tieT=31
0:8-8:NC: L1SORTV t=469 L=4580 mono=0 setmism=1 keymism=2075 tieswap=8 | TOT t=2 recs=11684 monoT=0 setT=2 keyT=6783 tieT=29
0:8-9:NC: L1SORTV t=336 L=4583 mono=0 setmism=1 keymism=2665 tieswap=14 | TOT t=2 recs=11603 monoT=0 setT=2 keyT=7241 tieT=24
0:9-1:NC: L1SORTV t=434 L=4548 mono=0 setmism=1 keymism=2409 tieswap=11 | TOT t=2 recs=11735 monoT=0 setT=2 keyT=6874 tieT=25
0:9-4:NC: L1SORTV t=684 L=4618 mono=0 setmism=1 keymism=2867 tieswap=3 | TOT t=2 recs=12100 monoT=0 setT=2 keyT=6627 tieT=24
0:9-5:NC: L1SORTV t=250 L=4527 mono=0 setmism=1 keymism=2837 tieswap=9 | TOT t=2 recs=11935 monoT=0 setT=2 keyT=7814 tieT=45
0:9-6:NC: L1SORTV t=348 L=4477 mono=0 setmism=1 keymism=2954 tieswap=2 | TOT t=2 recs=11953 monoT=0 setT=2 keyT=7419 tieT=34
0:10-2:NC: L1SORTV t=759 L=5045 mono=0 setmism=1 keymism=3046 tieswap=3 | TOT t=2 recs=12696 monoT=0 setT=2 keyT=7502 tieT=50
0:5-4:NC: L1SORTV t=505 L=5914 mono=0 setmism=1 keymism=2915 tieswap=4 | TOT t=1 recs=5914 monoT=0 setT=1 keyT=2915 tieT=4
0:5-5:NC: L1SORTV t=474 L=6053 mono=0 setmism=1 keymism=3364 tieswap=10 | TOT t=1 recs=6053 monoT=0 setT=1 keyT=3364 tieT=10
0:5-6:NC: L1SORTV t=461 L=5970 mono=0 setmism=1 keymism=3137 tieswap=22 | TOT t=1 recs=5970 monoT=0 setT=1 keyT=3137 tieT=22
0:5-7:NC: L1SORTV t=568 L=5947 mono=0 setmism=1 keymism=3514 tieswap=6 | TOT t=1 recs=5947 monoT=0 setT=1 keyT=3514 tieT=6
0:7-7:NC: L1SORTV t=411 L=4506 mono=0 setmism=1 keymism=2200 tieswap=7 | TOT t=2 recs=11001 monoT=0 setT=2 keyT=6125 tieT=13
0:7-9:NC: L1SORTV t=722 L=4567 mono=0 setmism=1 keymism=2723 tieswap=5 | TOT t=2 recs=11180 monoT=0 setT=2 keyT=6867 tieT=12
0:8-0:NC: L1SORTV t=642 L=4612 mono=0 setmism=1 keymism=2501 tieswap=2 | TOT t=2 recs=11310 monoT=0 setT=2 keyT=6307 tieT=21
0:8-1:NC: L1SORTV t=689 L=4605 mono=0 setmism=1 keymism=2793 tieswap=5 | TOT t=2 recs=11458 monoT=0 setT=2 keyT=6176 tieT=15
0:8-2:NC: L1SORTV t=721 L=4508 mono=0 setmism=1 keymism=2691 tieswap=1 | TOT t=2 recs=11452 monoT=0 setT=2 keyT=6789 tieT=19
0:8-5:NC: L1SORTV t=443 L=4475 mono=0 setmism=1 keymism=2462 tieswap=8 | TOT t=2 recs=11423 monoT=0 setT=2 keyT=6189 tieT=15
0:9-0:NC: L1SORTV t=729 L=4644 mono=0 setmism=1 keymism=2903 tieswap=7 | TOT t=2 recs=11772 monoT=0 setT=2 keyT=7296 tieT=15
0:9-2:NC: L1SORTV t=487 L=4740 mono=0 setmism=1 keymism=2456 tieswap=30 | TOT t=2 recs=11954 monoT=0 setT=2 keyT=6451 tieT=50
0:9-3:NC: L1SORTV t=221 L=4686 mono=0 setmism=1 keymism=2965 tieswap=3 | TOT t=2 recs=11934 monoT=0 setT=2 keyT=6914 tieT=21
0:4-6:NC: L1SORTV t=363 L=5863 mono=0 setmism=1 keymism=3340 tieswap=31 | TOT t=1 recs=5863 monoT=0 setT=1 keyT=3340 tieT=31
0:4-7:NC: L1SORTV t=364 L=5802 mono=0 setmism=1 keymism=2721 tieswap=26 | TOT t=1 recs=5802 monoT=0 setT=1 keyT=2721 tieT=26
0:4-8:NC: L1SORTV t=440 L=5916 mono=0 setmism=1 keymism=3211 tieswap=7 | TOT t=1 recs=5916 monoT=0 setT=1 keyT=3211 tieT=7
0:4-9:NC: L1SORTV t=335 L=5918 mono=0 setmism=1 keymism=3601 tieswap=22 | TOT t=1 recs=5918 monoT=0 setT=1 keyT=3601 tieT=22
0:5-0:NC: L1SORTV t=366 L=5830 mono=0 setmism=1 keymism=2593 tieswap=14 | TOT t=1 recs=5830 monoT=0 setT=1 keyT=2593 tieT=14
0:5-1:NC: L1SORTV t=396 L=5931 mono=0 setmism=1 keymism=3280 tieswap=39 | TOT t=1 recs=5931 monoT=0 setT=1 keyT=3280 tieT=39
0:5-2:NC: L1SORTV t=702 L=5859 mono=0 setmism=1 keymism=3620 tieswap=7 | TOT t=1 recs=5859 monoT=0 setT=1 keyT=3620 tieT=7
0:5-3:NC: L1SORTV t=346 L=5834 mono=0 setmism=1 keymism=3486 tieswap=8 | TOT t=1 recs=5834 monoT=0 setT=1 keyT=3486 tieT=8
0:7-1:NC: L1SORTV t=579 L=4386 mono=0 setmism=1 keymism=2802 tieswap=1 | TOT t=2 recs=10852 monoT=0 setT=2 keyT=6503 tieT=23
0:7-2:NC: L1SORTV t=437 L=4462 mono=0 setmism=1 keymism=2237 tieswap=5 | TOT t=2 recs=10770 monoT=0 setT=2 keyT=6315 tieT=10
0:7-4:NC: L1SORTV t=691 L=4496 mono=0 setmism=1 keymism=2578 tieswap=6 | TOT t=2 recs=10878 monoT=0 setT=2 keyT=6585 tieT=14
0:7-6:NC: L1SORTV t=438 L=4675 mono=0 setmism=1 keymism=2407 tieswap=10 | TOT t=2 recs=11176 monoT=0 setT=2 keyT=6551 tieT=20
0:7-8:NC: L1SORTV t=725 L=4487 mono=0 setmism=1 keymism=2669 tieswap=6 | TOT t=2 recs=11110 monoT=0 setT=2 keyT=6377 tieT=29
0:8-3:NC: L1SORTV t=432 L=4578 mono=0 setmism=1 keymism=2434 tieswap=13 | TOT t=2 recs=11349 monoT=0 setT=2 keyT=6089 tieT=39
0:8-4:NC: L1SORTV t=313 L=4665 mono=0 setmism=1 keymism=2944 tieswap=11 | TOT t=2 recs=11417 monoT=0 setT=2 keyT=6242 tieT=18
0:9-9:NC: L1SORTV t=282 L=3635 mono=0 setmism=1 keymism=2166 tieswap=5 | TOT t=3 recs=16007 monoT=0 setT=3 keyT=9686 tieT=17
0:10-1:NC: L1SORTV t=735 L=3306 mono=0 setmism=1 keymism=1930 tieswap=2 | TOT t=3 recs=16001 monoT=0 setT=3 keyT=9460 tieT=33
0:10-4:NC: L1SORTV t=69 L=3625 mono=0 setmism=1 keymism=2168 tieswap=6 | TOT t=3 recs=16303 monoT=0 setT=3 keyT=9483 tieT=33
0:10-8:NC: L1SORTV t=88 L=3424 mono=0 setmism=1 keymism=2009 tieswap=5 | TOT t=3 recs=16167 monoT=0 setT=3 keyT=9514 tieT=28
0:10-9:NC: L1SORTV t=678 L=3532 mono=0 setmism=1 keymism=2062 tieswap=1 | TOT t=3 recs=16437 monoT=0 setT=3 keyT=10156 tieT=20
0:4-5:NC: L1SORTV t=703 L=5861 mono=0 setmism=1 keymism=3391 tieswap=1 | TOT t=1 recs=5861 monoT=0 setT=1 keyT=3391 tieT=1
0:6-7:NC: L1SORTV t=85 L=4441 mono=0 setmism=1 keymism=2921 tieswap=11 | TOT t=2 recs=10778 monoT=0 setT=2 keyT=5440 tieT=28
0:6-9:NC: L1SORTV t=251 L=4426 mono=0 setmism=1 keymism=2546 tieswap=3 | TOT t=2 recs=10712 monoT=0 setT=2 keyT=5734 tieT=34
0:7-5:NC: L1SORTV t=509 L=4415 mono=0 setmism=1 keymism=2772 tieswap=9 | TOT t=2 recs=10909 monoT=0 setT=2 keyT=6122 tieT=45
0:9-8:NC: L1SORTV t=242 L=3360 mono=0 setmism=1 keymism=1979 tieswap=6 | TOT t=3 recs=15777 monoT=0 setT=3 keyT=8631 tieT=44
0:10-0:NC: L1SORTV t=102 L=3353 mono=0 setmism=1 keymism=1890 tieswap=0 | TOT t=3 recs=15909 monoT=0 setT=3 keyT=9525 tieT=49
0:10-3:NC: L1SORTV t=254 L=3632 mono=0 setmism=1 keymism=2096 tieswap=6 | TOT t=3 recs=16211 monoT=0 setT=3 keyT=8957 tieT=30
0:10-5:NC: L1SORTV t=726 L=3630 mono=0 setmism=1 keymism=2071 tieswap=5 | TOT t=3 recs=16415 monoT=0 setT=3 keyT=9589 tieT=23
0:10-6:NC: L1SORTV t=653 L=3603 mono=0 setmism=1 keymism=2102 tieswap=5 | TOT t=3 recs=16223 monoT=0 setT=3 keyT=9253 tieT=32
0:10-7:NC: L1SORTV t=103 L=3361 mono=0 setmism=1 keymism=1969 tieswap=2 | TOT t=3 recs=16153 monoT=0 setT=3 keyT=9824 tieT=22
0:3-9:NC: L1SORTV t=508 L=5639 mono=0 setmism=1 keymism=3280 tieswap=11 | TOT t=1 recs=5639 monoT=0 setT=1 keyT=3280 tieT=11
0:4-0:NC: L1SORTV t=315 L=5604 mono=0 setmism=1 keymism=3439 tieswap=8 | TOT t=1 recs=5604 monoT=0 setT=1 keyT=3439 tieT=8
0:4-1:NC: L1SORTV t=334 L=5740 mono=0 setmism=1 keymism=3475 tieswap=14 | TOT t=1 recs=5740 monoT=0 setT=1 keyT=3475 tieT=14
0:4-2:NC: L1SORTV t=519 L=5672 mono=0 setmism=1 keymism=2980 tieswap=19 | TOT t=1 recs=5672 monoT=0 setT=1 keyT=2980 tieT=19
0:4-3:NC: L1SORTV t=657 L=5687 mono=0 setmism=1 keymism=3514 tieswap=7 | TOT t=1 recs=5687 monoT=0 setT=1 keyT=3514 tieT=7
0:4-4:NC: L1SORTV t=659 L=5767 mono=0 setmism=1 keymism=3373 tieswap=8 | TOT t=1 recs=5767 monoT=0 setT=1 keyT=3373 tieT=8
0:6-2:NC: L1SORTV t=685 L=4461 mono=0 setmism=1 keymism=2731 tieswap=4 | TOT t=2 recs=10545 monoT=0 setT=2 keyT=5995 tieT=17
0:6-3:NC: L1SORTV t=694 L=4397 mono=0 setmism=1 keymism=2618 tieswap=3 | TOT t=2 recs=10680 monoT=0 setT=2 keyT=5687 tieT=22
0:6-5:NC: L1SORTV t=463 L=4399 mono=0 setmism=1 keymism=2285 tieswap=18 | TOT t=2 recs=10575 monoT=0 setT=2 keyT=5958 tieT=25
0:6-6:NC: L1SORTV t=541 L=4418 mono=0 setmism=1 keymism=2833 tieswap=11 | TOT t=2 recs=10704 monoT=0 setT=2 keyT=5921 tieT=23
0:6-8:NC: L1SORTV t=455 L=4463 mono=0 setmism=1 keymism=2678 tieswap=36 | TOT t=2 recs=10712 monoT=0 setT=2 keyT=5760 tieT=60
0:7-0:NC: L1SORTV t=654 L=4434 mono=0 setmism=1 keymism=2734 tieswap=6 | TOT t=2 recs=10872 monoT=0 setT=2 keyT=6035 tieT=19
0:7-3:NC: L1SORTV t=298 L=4512 mono=0 setmism=1 keymism=2780 tieswap=12 | TOT t=2 recs=10930 monoT=0 setT=2 keyT=5921 tieT=31
0:8-6:NC: L1SORTV t=375 L=3545 mono=0 setmism=1 keymism=2059 tieswap=8 | TOT t=3 recs=15179 monoT=0 setT=3 keyT=9052 tieT=23
0:8-7:NC: L1SORTV t=718 L=3229 mono=0 setmism=1 keymism=1822 tieswap=6 | TOT t=3 recs=14780 monoT=0 setT=3 keyT=8341 tieT=37
0:8-8:NC: L1SORTV t=680 L=3481 mono=0 setmism=1 keymism=2020 tieswap=4 | TOT t=3 recs=15165 monoT=0 setT=3 keyT=8803 tieT=33
0:8-9:NC: L1SORTV t=21 L=3525 mono=0 setmism=1 keymism=2475 tieswap=4 | TOT t=3 recs=15128 monoT=0 setT=3 keyT=9716 tieT=28
0:9-1:NC: L1SORTV t=40 L=3591 mono=0 setmism=1 keymism=2224 tieswap=8 | TOT t=3 recs=15326 monoT=0 setT=3 keyT=9098 tieT=33
0:9-4:NC: L1SORTV t=286 L=3565 mono=0 setmism=1 keymism=2161 tieswap=2 | TOT t=3 recs=15665 monoT=0 setT=3 keyT=8788 tieT=26
0:9-5:NC: L1SORTV t=184 L=3475 mono=0 setmism=1 keymism=2200 tieswap=3 | TOT t=3 recs=15410 monoT=0 setT=3 keyT=10014 tieT=48
0:9-6:NC: L1SORTV t=344 L=3410 mono=0 setmism=1 keymism=2109 tieswap=8 | TOT t=3 recs=15363 monoT=0 setT=3 keyT=9528 tieT=42
0:9-7:NC: L1SORTV t=337 L=3340 mono=0 setmism=1 keymism=1892 tieswap=11 | TOT t=3 recs=15656 monoT=0 setT=3 keyT=8251 tieT=42
0:10-2:NC: L1SORTV t=17 L=3374 mono=0 setmism=1 keymism=2355 tieswap=4 | TOT t=3 recs=16070 monoT=0 setT=3 keyT=9857 tieT=54
0:3-7:NC: L1SORTV t=393 L=5645 mono=0 setmism=1 keymism=3378 tieswap=19 | TOT t=1 recs=5645 monoT=0 setT=1 keyT=3378 tieT=19
0:3-8:NC: L1SORTV t=645 L=5671 mono=0 setmism=1 keymism=3489 tieswap=6 | TOT t=1 recs=5671 monoT=0 setT=1 keyT=3489 tieT=6
0:5-8:NC: L1SORTV t=86 L=4279 mono=0 setmism=1 keymism=2661 tieswap=7 | TOT t=2 recs=10360 monoT=0 setT=2 keyT=6032 tieT=17
0:5-9:NC: L1SORTV t=655 L=4257 mono=0 setmism=1 keymism=2551 tieswap=5 | TOT t=2 recs=10208 monoT=0 setT=2 keyT=5379 tieT=17
0:6-0:NC: L1SORTV t=641 L=4259 mono=0 setmism=1 keymism=2413 tieswap=8 | TOT t=2 recs=10372 monoT=0 setT=2 keyT=5361 tieT=27
0:6-1:NC: L1SORTV t=570 L=4345 mono=0 setmism=1 keymism=2745 tieswap=3 | TOT t=2 recs=10432 monoT=0 setT=2 keyT=6439 tieT=12
0:6-4:NC: L1SORTV t=690 L=4414 mono=0 setmism=1 keymism=2688 tieswap=5 | TOT t=2 recs=10658 monoT=0 setT=2 keyT=6230 tieT=17
0:7-7:NC: L1SORTV t=249 L=3165 mono=0 setmism=1 keymism=1883 tieswap=2 | TOT t=3 recs=14166 monoT=0 setT=3 keyT=8008 tieT=15
0:7-9:NC: L1SORTV t=71 L=3214 mono=0 setmism=1 keymism=1862 tieswap=3 | TOT t=3 recs=14394 monoT=0 setT=3 keyT=8729 tieT=15
0:8-0:NC: L1SORTV t=317 L=3295 mono=0 setmism=1 keymism=1867 tieswap=6 | TOT t=3 recs=14605 monoT=0 setT=3 keyT=8174 tieT=27
0:8-1:NC: L1SORTV t=121 L=3651 mono=0 setmism=1 keymism=2125 tieswap=2 | TOT t=3 recs=15109 monoT=0 setT=3 keyT=8301 tieT=17
0:8-2:NC: L1SORTV t=57 L=3271 mono=0 setmism=1 keymism=2052 tieswap=1 | TOT t=3 recs=14723 monoT=0 setT=3 keyT=8841 tieT=20
0:8-4:NC: L1SORTV t=223 L=3415 mono=0 setmism=1 keymism=1928 tieswap=2 | TOT t=3 recs=14832 monoT=0 setT=3 keyT=8170 tieT=20
0:8-5:NC: L1SORTV t=185 L=3522 mono=0 setmism=1 keymism=2096 tieswap=3 | TOT t=3 recs=14945 monoT=0 setT=3 keyT=8285 tieT=18
0:9-0:NC: L1SORTV t=609 L=3518 mono=0 setmism=1 keymism=2294 tieswap=6 | TOT t=3 recs=15290 monoT=0 setT=3 keyT=9590 tieT=21
0:9-3:NC: L1SORTV t=266 L=3624 mono=0 setmism=1 keymism=2343 tieswap=5 | TOT t=3 recs=15558 monoT=0 setT=3 keyT=9257 tieT=26
0:9-9:NC: L1SORTV t=710 L=2301 mono=0 setmism=1 keymism=1179 tieswap=0 | TOT t=4 recs=18308 monoT=0 setT=4 keyT=10865 tieT=17
0:10-1:NC: L1SORTV t=56 L=2518 mono=0 setmism=1 keymism=1524 tieswap=1 | TOT t=4 recs=18519 monoT=0 setT=4 keyT=10984 tieT=34
0:10-4:NC: L1SORTV t=3 L=2259 mono=0 setmism=1 keymism=1536 tieswap=0 | TOT t=4 recs=18562 monoT=0 setT=4 keyT=11019 tieT=33
0:10-8:NC: L1SORTV t=549 L=2460 mono=0 setmism=1 keymism=1461 tieswap=0 | TOT t=4 recs=18627 monoT=0 setT=4 keyT=10975 tieT=28
0:10-9:NC: L1SORTV t=269 L=2257 mono=0 setmism=1 keymism=1344 tieswap=3 | TOT t=4 recs=18694 monoT=0 setT=4 keyT=11500 tieT=23
0:3-2:NC: L1SORTV t=253 L=5462 mono=0 setmism=1 keymism=3241 tieswap=2 | TOT t=1 recs=5462 monoT=0 setT=1 keyT=3241 tieT=2
0:3-3:NC: L1SORTV t=401 L=5501 mono=0 setmism=1 keymism=3065 tieswap=21 | TOT t=1 recs=5501 monoT=0 setT=1 keyT=3065 tieT=21
0:3-4:NC: L1SORTV t=345 L=5585 mono=0 setmism=1 keymism=3532 tieswap=8 | TOT t=1 recs=5585 monoT=0 setT=1 keyT=3532 tieT=8
0:3-5:NC: L1SORTV t=379 L=5639 mono=0 setmism=1 keymism=3259 tieswap=12 | TOT t=1 recs=5639 monoT=0 setT=1 keyT=3259 tieT=12
0:3-6:NC: L1SORTV t=610 L=5623 mono=0 setmism=1 keymism=3614 tieswap=9 | TOT t=1 recs=5623 monoT=0 setT=1 keyT=3614 tieT=9
0:5-3:NC: L1SORTV t=681 L=4196 mono=0 setmism=1 keymism=2562 tieswap=4 | TOT t=2 recs=10030 monoT=0 setT=2 keyT=6048 tieT=12
0:5-4:NC: L1SORTV t=222 L=4245 mono=0 setmism=1 keymism=2493 tieswap=0 | TOT t=2 recs=10159 monoT=0 setT=2 keyT=5408 tieT=4
0:5-5:NC: L1SORTV t=692 L=4285 mono=0 setmism=1 keymism=2298 tieswap=2 | TOT t=2 recs=10338 monoT=0 setT=2 keyT=5662 tieT=12
0:5-6:NC: L1SORTV t=697 L=4296 mono=0 setmism=1 keymism=2697 tieswap=2 | TOT t=2 recs=10266 monoT=0 setT=2 keyT=5834 tieT=24
0:5-7:NC: L1SORTV t=695 L=4252 mono=0 setmism=1 keymism=2452 tieswap=5 | TOT t=2 recs=10199 monoT=0 setT=2 keyT=5966 tieT=11
0:6-7:NC: L1SORTV t=39 L=3189 mono=0 setmism=1 keymism=1976 tieswap=6 | TOT t=3 recs=13967 monoT=0 setT=3 keyT=7416 tieT=34
0:6-9:NC: L1SORTV t=639 L=3255 mono=0 setmism=1 keymism=2028 tieswap=2 | TOT t=3 recs=13967 monoT=0 setT=3 keyT=7762 tieT=36
0:7-1:NC: L1SORTV t=717 L=3245 mono=0 setmism=1 keymism=1752 tieswap=1 | TOT t=3 recs=14097 monoT=0 setT=3 keyT=8255 tieT=24
0:7-2:NC: L1SORTV t=87 L=3248 mono=0 setmism=1 keymism=1971 tieswap=3 | TOT t=3 recs=14018 monoT=0 setT=3 keyT=8286 tieT=13
0:7-4:NC: L1SORTV t=120 L=3431 mono=0 setmism=1 keymism=2001 tieswap=5 | TOT t=3 recs=14309 monoT=0 setT=3 keyT=8586 tieT=19
0:7-6:NC: L1SORTV t=575 L=3242 mono=0 setmism=1 keymism=1930 tieswap=4 | TOT t=3 recs=14418 monoT=0 setT=3 keyT=8481 tieT=24
0:7-8:NC: L1SORTV t=383 L=3295 mono=0 setmism=1 keymism=2301 tieswap=5 | TOT t=3 recs=14405 monoT=0 setT=3 keyT=8678 tieT=34
0:8-3:NC: L1SORTV t=374 L=3565 mono=0 setmism=1 keymism=1953 tieswap=0 | TOT t=3 recs=14914 monoT=0 setT=3 keyT=8042 tieT=39
0:9-2:NC: L1SORTV t=83 L=3303 mono=0 setmism=1 keymism=2028 tieswap=6 | TOT t=3 recs=15257 monoT=0 setT=3 keyT=8479 tieT=56
0:9-8:NC: L1SORTV t=35 L=2456 mono=0 setmism=1 keymism=1406 tieswap=2 | TOT t=4 recs=18233 monoT=0 setT=4 keyT=10037 tieT=46
0:10-0:NC: L1SORTV t=606 L=2438 mono=0 setmism=1 keymism=1380 tieswap=3 | TOT t=4 recs=18347 monoT=0 setT=4 keyT=10905 tieT=52
0:10-3:NC: L1SORTV t=608 L=2326 mono=0 setmism=1 keymism=1520 tieswap=3 | TOT t=4 recs=18537 monoT=0 setT=4 keyT=10477 tieT=33
0:10-5:NC: L1SORTV t=267 L=2350 mono=0 setmism=1 keymism=1278 tieswap=2 | TOT t=4 recs=18765 monoT=0 setT=4 keyT=10867 tieT=25
0:10-6:NC: L1SORTV t=214 L=2315 mono=0 setmism=1 keymism=1408 tieswap=2 | TOT t=4 recs=18538 monoT=0 setT=4 keyT=10661 tieT=34
0:10-7:NC: L1SORTV t=755 L=2423 mono=0 setmism=1 keymism=1264 tieswap=0 | TOT t=4 recs=18576 monoT=0 setT=4 keyT=11088 tieT=22
0:2-8:NC: L1SORTV t=333 L=5571 mono=0 setmism=1 keymism=3374 tieswap=20 | TOT t=1 recs=5571 monoT=0 setT=1 keyT=3374 tieT=20
0:2-9:NC: L1SORTV t=439 L=5557 mono=0 setmism=1 keymism=3094 tieswap=6 | TOT t=1 recs=5557 monoT=0 setT=1 keyT=3094 tieT=6
0:3-0:NC: L1SORTV t=464 L=5450 mono=0 setmism=1 keymism=3094 tieswap=19 | TOT t=1 recs=5450 monoT=0 setT=1 keyT=3094 tieT=19
0:3-1:NC: L1SORTV t=471 L=5495 mono=0 setmism=1 keymism=2691 tieswap=9 | TOT t=1 recs=5495 monoT=0 setT=1 keyT=2691 tieT=9
0:4-7:NC: L1SORTV t=431 L=4113 mono=0 setmism=1 keymism=2021 tieswap=17 | TOT t=2 recs=9915 monoT=0 setT=2 keyT=4742 tieT=43
0:4-8:NC: L1SORTV t=760 L=4118 mono=0 setmism=1 keymism=2431 tieswap=2 | TOT t=2 recs=10034 monoT=0 setT=2 keyT=5642 tieT=9
0:4-9:NC: L1SORTV t=362 L=4146 mono=0 setmism=1 keymism=2532 tieswap=21 | TOT t=2 recs=10064 monoT=0 setT=2 keyT=6133 tieT=43
0:5-0:NC: L1SORTV t=731 L=4187 mono=0 setmism=1 keymism=2620 tieswap=6 | TOT t=2 recs=10017 monoT=0 setT=2 keyT=5213 tieT=20
0:5-2:NC: L1SORTV t=605 L=4132 mono=0 setmism=1 keymism=2309 tieswap=5 | TOT t=2 recs=9991 monoT=0 setT=2 keyT=5929 tieT=12
0:7-3:NC: L1SORTV t=191 L=3258 mono=0 setmism=1 keymism=1920 tieswap=1 | TOT t=3 recs=14188 monoT=0 setT=3 keyT=7841 tieT=32
0:7-5:NC: L1SORTV t=247 L=3455 mono=0 setmism=1 keymism=1934 tieswap=2 | TOT t=3 recs=14364 monoT=0 setT=3 keyT=8056 tieT=47
0:8-6:NC: L1SORTV t=714 L=2286 mono=0 setmism=1 keymism=1227 tieswap=2 | TOT t=4 recs=17465 monoT=0 setT=4 keyT=10279 tieT=25
0:8-7:NC: L1SORTV t=240 L=2624 mono=0 setmism=1 keymism=1540 tieswap=5 | TOT t=4 recs=17404 monoT=0 setT=4 keyT=9881 tieT=42
0:8-8:NC: L1SORTV t=55 L=2418 mono=0 setmism=1 keymism=1386 tieswap=3 | TOT t=4 recs=17583 monoT=0 setT=4 keyT=10189 tieT=36
0:8-9:NC: L1SORTV t=510 L=2372 mono=0 setmism=1 keymism=1303 tieswap=2 | TOT t=4 recs=17500 monoT=0 setT=4 keyT=11019 tieT=30
0:9-1:NC: L1SORTV t=9 L=2324 mono=0 setmism=1 keymism=1600 tieswap=6 | TOT t=4 recs=17650 monoT=0 setT=4 keyT=10698 tieT=39
0:9-4:NC: L1SORTV t=234 L=2287 mono=0 setmism=1 keymism=1312 tieswap=1 | TOT t=4 recs=17952 monoT=0 setT=4 keyT=10100 tieT=27
0:9-5:NC: L1SORTV t=218 L=2314 mono=0 setmism=1 keymism=1323 tieswap=0 | TOT t=4 recs=17724 monoT=0 setT=4 keyT=11337 tieT=48
0:9-6:NC: L1SORTV t=189 L=2532 mono=0 setmism=1 keymism=1528 tieswap=0 | TOT t=4 recs=17895 monoT=0 setT=4 keyT=11056 tieT=42
0:9-7:NC: L1SORTV t=53 L=2381 mono=0 setmism=1 keymism=1418 tieswap=5 | TOT t=4 recs=18037 monoT=0 setT=4 keyT=9669 tieT=47
0:9-9:NC: L1SORTV t=126 L=1545 mono=0 setmism=1 keymism=860 tieswap=0 | TOT t=5 recs=19853 monoT=0 setT=5 keyT=11725 tieT=17
0:10-1:NC: L1SORTV t=65 L=1743 mono=0 setmism=1 keymism=1014 tieswap=1 | TOT t=5 recs=20262 monoT=0 setT=5 keyT=11998 tieT=35
0:10-2:NC: L1SORTV t=41 L=2575 mono=0 setmism=1 keymism=1577 tieswap=6 | TOT t=4 recs=18645 monoT=0 setT=4 keyT=11434 tieT=60
0:10-4:NC: L1SORTV t=92 L=1570 mono=0 setmism=1 keymism=828 tieswap=1 | TOT t=5 recs=20132 monoT=0 setT=5 keyT=11847 tieT=34
0:10-8:NC: L1SORTV t=201 L=1824 mono=0 setmism=1 keymism=976 tieswap=2 | TOT t=5 recs=20451 monoT=0 setT=5 keyT=11951 tieT=30
0:10-9:NC: L1SORTV t=159 L=1739 mono=0 setmism=1 keymism=1020 tieswap=1 | TOT t=5 recs=20433 monoT=0 setT=5 keyT=12520 tieT=24
0:2-5:NC: L1SORTV t=408 L=5565 mono=0 setmism=1 keymism=3099 tieswap=3 | TOT t=1 recs=5565 monoT=0 setT=1 keyT=3099 tieT=3
0:2-6:NC: L1SORTV t=573 L=5567 mono=0 setmism=1 keymism=3423 tieswap=3 | TOT t=1 recs=5567 monoT=0 setT=1 keyT=3423 tieT=3
0:2-7:NC: L1SORTV t=569 L=5532 mono=0 setmism=1 keymism=3344 tieswap=5 | TOT t=1 recs=5532 monoT=0 setT=1 keyT=3344 tieT=5
0:4-0:NC: L1SORTV t=412 L=4085 mono=0 setmism=1 keymism=2223 tieswap=5 | TOT t=2 recs=9689 monoT=0 setT=2 keyT=5662 tieT=13
0:4-1:NC: L1SORTV t=701 L=4163 mono=0 setmism=1 keymism=2504 tieswap=10 | TOT t=2 recs=9903 monoT=0 setT=2 keyT=5979 tieT=24
0:4-3:NC: L1SORTV t=84 L=4149 mono=0 setmism=1 keymism=2678 tieswap=14 | TOT t=2 recs=9836 monoT=0 setT=2 keyT=6192 tieT=21
0:4-5:NC: L1SORTV t=445 L=4176 mono=0 setmism=1 keymism=2695 tieswap=7 | TOT t=2 recs=10037 monoT=0 setT=2 keyT=6086 tieT=8
0:4-6:NC: L1SORTV t=730 L=4099 mono=0 setmism=1 keymism=2493 tieswap=5 | TOT t=2 recs=9962 monoT=0 setT=2 keyT=5833 tieT=36
0:5-1:NC: L1SORTV t=404 L=4165 mono=0 setmism=1 keymism=2340 tieswap=2 | TOT t=2 recs=10096 monoT=0 setT=2 keyT=5620 tieT=41
0:5-8:NC: L1SORTV t=271 L=3124 mono=0 setmism=1 keymism=1796 tieswap=2 | TOT t=3 recs=13484 monoT=0 setT=3 keyT=7828 tieT=19
0:6-2:NC: L1SORTV t=331 L=3085 mono=0 setmism=1 keymism=1846 tieswap=12 | TOT t=3 recs=13630 monoT=0 setT=3 keyT=7841 tieT=29
0:6-3:NC: L1SORTV t=248 L=3151 mono=0 setmism=1 keymism=1830 tieswap=1 | TOT t=3 recs=13831 monoT=0 setT=3 keyT=7517 tieT=23
0:6-5:NC: L1SORTV t=135 L=3142 mono=0 setmism=1 keymism=1807 tieswap=5 | TOT t=3 recs=13717 monoT=0 setT=3 keyT=7765 tieT=30
0:6-6:NC: L1SORTV t=246 L=3103 mono=0 setmism=1 keymism=2000 tieswap=3 | TOT t=3 recs=13807 monoT=0 setT=3 keyT=7921 tieT=26
0:7-0:NC: L1SORTV t=308 L=3297 mono=0 setmism=1 keymism=1734 tieswap=1 | TOT t=3 recs=14169 monoT=0 setT=3 keyT=7769 tieT=20
0:7-7:NC: L1SORTV t=22 L=2515 mono=0 setmism=1 keymism=1654 tieswap=3 | TOT t=4 recs=16681 monoT=0 setT=4 keyT=9662 tieT=18
0:7-9:NC: L1SORTV t=15 L=2715 mono=0 setmism=1 keymism=1803 tieswap=4 | TOT t=4 recs=17109 monoT=0 setT=4 keyT=10532 tieT=19
0:8-0:NC: L1SORTV t=372 L=2489 mono=0 setmism=1 keymism=1379 tieswap=2 | TOT t=4 recs=17094 monoT=0 setT=4 keyT=9553 tieT=29
0:8-1:NC: L1SORTV t=243 L=2222 mono=0 setmism=1 keymism=1265 tieswap=0 | TOT t=4 recs=17331 monoT=0 setT=4 keyT=9566 tieT=17
0:8-2:NC: L1SORTV t=152 L=2580 mono=0 setmism=1 keymism=1418 tieswap=4 | TOT t=4 recs=17303 monoT=0 setT=4 keyT=10259 tieT=24
0:8-4:NC: L1SORTV t=154 L=2330 mono=0 setmism=1 keymism=1406 tieswap=1 | TOT t=4 recs=17162 monoT=0 setT=4 keyT=9576 tieT=21
0:8-5:NC: L1SORTV t=106 L=2363 mono=0 setmism=1 keymism=1383 tieswap=4 | TOT t=4 recs=17308 monoT=0 setT=4 keyT=9668 tieT=22
0:9-0:NC: L1SORTV t=26 L=2291 mono=0 setmism=1 keymism=1537 tieswap=0 | TOT t=4 recs=17581 monoT=0 setT=4 keyT=11127 tieT=21
0:9-3:NC: L1SORTV t=123 L=2246 mono=0 setmism=1 keymism=1340 tieswap=1 | TOT t=4 recs=17804 monoT=0 setT=4 keyT=10597 tieT=27
0:10-0:NC: L1SORTV t=309 L=1817 mono=0 setmism=1 keymism=1070 tieswap=2 | TOT t=5 recs=20164 monoT=0 setT=5 keyT=11975 tieT=54
0:10-3:NC: L1SORTV t=96 L=1580 mono=0 setmism=1 keymism=993 tieswap=0 | TOT t=5 recs=20117 monoT=0 setT=5 keyT=11470 tieT=33
0:10-5:NC: L1SORTV t=278 L=1777 mono=0 setmism=1 keymism=987 tieswap=2 | TOT t=5 recs=20542 monoT=0 setT=5 keyT=11854 tieT=27
0:10-6:NC: L1SORTV t=311 L=1572 mono=0 setmism=1 keymism=897 tieswap=2 | TOT t=5 recs=20110 monoT=0 setT=5 keyT=11558 tieT=36
0:10-7:NC: L1SORTV t=169 L=1893 mono=0 setmism=1 keymism=1036 tieswap=3 | TOT t=5 recs=20469 monoT=0 setT=5 keyT=12124 tieT=25
0:2-2:NC: L1SORTV t=307 L=5510 mono=0 setmism=1 keymism=3151 tieswap=6 | TOT t=1 recs=5510 monoT=0 setT=1 keyT=3151 tieT=6
0:2-3:NC: L1SORTV t=462 L=5427 mono=0 setmism=1 keymism=2800 tieswap=17 | TOT t=1 recs=5427 monoT=0 setT=1 keyT=2800 tieT=17
0:2-4:NC: L1SORTV t=643 L=5398 mono=0 setmism=1 keymism=3013 tieswap=4 | TOT t=1 recs=5398 monoT=0 setT=1 keyT=3013 tieT=4
0:3-8:NC: L1SORTV t=400 L=4064 mono=0 setmism=1 keymism=2271 tieswap=9 | TOT t=2 recs=9735 monoT=0 setT=2 keyT=5760 tieT=15
0:4-2:NC: L1SORTV t=518 L=4163 mono=0 setmism=1 keymism=2361 tieswap=13 | TOT t=2 recs=9835 monoT=0 setT=2 keyT=5341 tieT=32
0:4-4:NC: L1SORTV t=284 L=4135 mono=0 setmism=1 keymism=2275 tieswap=4 | TOT t=2 recs=9902 monoT=0 setT=2 keyT=5648 tieT=12
0:5-3:NC: L1SORTV t=216 L=2973 mono=0 setmism=1 keymism=1724 tieswap=3 | TOT t=3 recs=13003 monoT=0 setT=3 keyT=7772 tieT=15
0:5-5:NC: L1SORTV t=101 L=3045 mono=0 setmism=1 keymism=1730 tieswap=4 | TOT t=3 recs=13383 monoT=0 setT=3 keyT=7392 tieT=16
0:5-6:NC: L1SORTV t=236 L=2976 mono=0 setmism=1 keymism=1839 tieswap=5 | TOT t=3 recs=13242 monoT=0 setT=3 keyT=7673 tieT=29
0:5-7:NC: L1SORTV t=168 L=3117 mono=0 setmism=1 keymism=1800 tieswap=2 | TOT t=3 recs=13316 monoT=0 setT=3 keyT=7766 tieT=13
0:5-9:NC: L1SORTV t=16 L=3071 mono=0 setmism=1 keymism=2102 tieswap=1 | TOT t=3 recs=13279 monoT=0 setT=3 keyT=7481 tieT=18
0:6-0:NC: L1SORTV t=446 L=3062 mono=0 setmism=1 keymism=1911 tieswap=2 | TOT t=3 recs=13434 monoT=0 setT=3 keyT=7272 tieT=29
0:6-1:NC: L1SORTV t=220 L=3100 mono=0 setmism=1 keymism=1989 tieswap=4 | TOT t=3 recs=13532 monoT=0 setT=3 keyT=8428 tieT=16
0:6-4:NC: L1SORTV t=153 L=3133 mono=0 setmism=1 keymism=1928 tieswap=4 | TOT t=3 recs=13791 monoT=0 setT=3 keyT=8158 tieT=21
0:6-7:NC: L1SORTV t=748 L=2362 mono=0 setmism=1 keymism=1254 tieswap=2 | TOT t=4 recs=16329 monoT=0 setT=4 keyT=8670 tieT=36
0:6-8:NC: L1SORTV t=359 L=3152 mono=0 setmism=1 keymism=2185 tieswap=19 | TOT t=3 recs=13864 monoT=0 setT=3 keyT=7945 tieT=79
0:6-9:NC: L1SORTV t=4 L=2566 mono=0 setmism=1 keymism=1708 tieswap=0 | TOT t=4 recs=16533 monoT=0 setT=4 keyT=9470 tieT=36
0:7-1:NC: L1SORTV t=134 L=2621 mono=0 setmism=1 keymism=1416 tieswap=2 | TOT t=4 recs=16718 monoT=0 setT=4 keyT=9671 tieT=26
0:7-2:NC: L1SORTV t=23 L=2595 mono=0 setmism=1 keymism=1804 tieswap=2 | TOT t=4 recs=16613 monoT=0 setT=4 keyT=10090 tieT=15
0:7-4:NC: L1SORTV t=301 L=2274 mono=0 setmism=1 keymism=1289 tieswap=1 | TOT t=4 recs=16583 monoT=0 setT=4 keyT=9875 tieT=20
0:7-6:NC: L1SORTV t=734 L=2573 mono=0 setmism=1 keymism=1355 tieswap=0 | TOT t=4 recs=16991 monoT=0 setT=4 keyT=9836 tieT=24
0:7-8:NC: L1SORTV t=208 L=2473 mono=0 setmism=1 keymism=1466 tieswap=3 | TOT t=4 recs=16878 monoT=0 setT=4 keyT=10144 tieT=37
0:8-3:NC: L1SORTV t=447 L=2381 mono=0 setmism=1 keymism=1528 tieswap=2 | TOT t=4 recs=17295 monoT=0 setT=4 keyT=9570 tieT=41
0:8-6:NC: L1SORTV t=183 L=1615 mono=0 setmism=1 keymism=982 tieswap=3 | TOT t=5 recs=19080 monoT=0 setT=5 keyT=11261 tieT=28
0:8-7:NC: L1SORTV t=517 L=1714 mono=0 setmism=1 keymism=980 tieswap=0 | TOT t=5 recs=19118 monoT=0 setT=5 keyT=10861 tieT=42
0:8-8:NC: L1SORTV t=204 L=1739 mono=0 setmism=1 keymism=1060 tieswap=1 | TOT t=5 recs=19322 monoT=0 setT=5 keyT=11249 tieT=37
0:8-9:NC: L1SORTV t=24 L=1702 mono=0 setmism=1 keymism=1116 tieswap=0 | TOT t=5 recs=19202 monoT=0 setT=5 keyT=12135 tieT=30
0:9-1:NC: L1SORTV t=708 L=1580 mono=0 setmism=1 keymism=793 tieswap=1 | TOT t=5 recs=19230 monoT=0 setT=5 keyT=11491 tieT=40
0:9-2:NC: L1SORTV t=281 L=2457 mono=0 setmism=1 keymism=1421 tieswap=5 | TOT t=4 recs=17714 monoT=0 setT=4 keyT=9900 tieT=61
0:9-4:NC: L1SORTV t=28 L=1665 mono=0 setmism=1 keymism=1146 tieswap=2 | TOT t=5 recs=19617 monoT=0 setT=5 keyT=11246 tieT=29
0:9-5:NC: L1SORTV t=166 L=1830 mono=0 setmism=1 keymism=1014 tieswap=1 | TOT t=5 recs=19554 monoT=0 setT=5 keyT=12351 tieT=49
0:9-6:NC: L1SORTV t=515 L=1770 mono=0 setmism=1 keymism=1030 tieswap=0 | TOT t=5 recs=19665 monoT=0 setT=5 keyT=12086 tieT=42
0:9-7:NC: L1SORTV t=381 L=1625 mono=0 setmism=1 keymism=1047 tieswap=0 | TOT t=5 recs=19662 monoT=0 setT=5 keyT=10716 tieT=47
0:9-8:NC: L1SORTV t=747 L=1706 mono=0 setmism=1 keymism=833 tieswap=0 | TOT t=5 recs=19939 monoT=0 setT=5 keyT=10870 tieT=46
0:9-9:NC: L1SORTV t=384 L=1166 mono=0 setmism=1 keymism=761 tieswap=2 | TOT t=6 recs=21019 monoT=0 setT=6 keyT=12486 tieT=19
0:10-1:NC: L1SORTV t=823 L=700 mono=0 setmism=1 keymism=257 tieswap=0 | TOT t=6 recs=20962 monoT=0 setT=6 keyT=12255 tieT=35
0:10-2:NC: L1SORTV t=310 L=1717 mono=0 setmism=1 keymism=1034 tieswap=4 | TOT t=5 recs=20362 monoT=0 setT=5 keyT=12468 tieT=64
0:10-4:NC: L1SORTV t=782 L=1101 mono=0 setmism=1 keymism=448 tieswap=0 | TOT t=6 recs=21233 monoT=0 setT=6 keyT=12295 tieT=34
0:10-8:NC: L1SORTV t=513 L=831 mono=0 setmism=1 keymism=446 tieswap=0 | TOT t=6 recs=21282 monoT=0 setT=6 keyT=12397 tieT=30
0:10-9:NC: L1SORTV t=197 L=993 mono=0 setmism=1 keymism=550 tieswap=0 | TOT t=6 recs=21426 monoT=0 setT=6 keyT=13070 tieT=24
0:1-8:NC: L1SORTV t=473 L=5315 mono=0 setmism=1 keymism=2604 tieswap=10 | TOT t=1 recs=5315 monoT=0 setT=1 keyT=2604 tieT=10
0:1-9:NC: L1SORTV t=567 L=5361 mono=0 setmism=1 keymism=3231 tieswap=4 | TOT t=1 recs=5361 monoT=0 setT=1 keyT=3231 tieT=4
0:2-0:NC: L1SORTV t=506 L=5341 mono=0 setmism=1 keymism=2829 tieswap=4 | TOT t=1 recs=5341 monoT=0 setT=1 keyT=2829 tieT=4
0:2-1:NC: L1SORTV t=368 L=5435 mono=0 setmism=1 keymism=1942 tieswap=11 | TOT t=1 recs=5435 monoT=0 setT=1 keyT=1942 tieT=11
0:3-2:NC: L1SORTV t=733 L=3882 mono=0 setmism=1 keymism=2293 tieswap=4 | TOT t=2 recs=9344 monoT=0 setT=2 keyT=5534 tieT=6
0:3-4:NC: L1SORTV t=693 L=4024 mono=0 setmism=1 keymism=2260 tieswap=3 | TOT t=2 recs=9609 monoT=0 setT=2 keyT=5792 tieT=11
0:3-5:NC: L1SORTV t=89 L=4033 mono=0 setmism=1 keymism=2366 tieswap=4 | TOT t=2 recs=9672 monoT=0 setT=2 keyT=5625 tieT=16
0:3-7:NC: L1SORTV t=682 L=4036 mono=0 setmism=1 keymism=2420 tieswap=6 | TOT t=2 recs=9681 monoT=0 setT=2 keyT=5798 tieT=25
0:3-9:NC: L1SORTV t=406 L=4059 mono=0 setmism=1 keymism=2075 tieswap=12 | TOT t=2 recs=9698 monoT=0 setT=2 keyT=5355 tieT=23
0:5-0:NC: L1SORTV t=391 L=2892 mono=0 setmism=1 keymism=1610 tieswap=7 | TOT t=3 recs=12909 monoT=0 setT=3 keyT=6823 tieT=27
0:5-2:NC: L1SORTV t=6 L=2989 mono=0 setmism=1 keymism=2001 tieswap=3 | TOT t=3 recs=12980 monoT=0 setT=3 keyT=7930 tieT=15
0:5-4:NC: L1SORTV t=14 L=3005 mono=0 setmism=1 keymism=2063 tieswap=3 | TOT t=3 recs=13164 monoT=0 setT=3 keyT=7471 tieT=7
0:7-3:NC: L1SORTV t=136 L=2604 mono=0 setmism=1 keymism=1547 tieswap=3 | TOT t=4 recs=16792 monoT=0 setT=4 keyT=9388 tieT=35
0:7-5:NC: L1SORTV t=279 L=2367 mono=0 setmism=1 keymism=1324 tieswap=1 | TOT t=4 recs=16731 monoT=0 setT=4 keyT=9380 tieT=48
0:7-7:NC: L1SORTV t=232 L=1763 mono=0 setmism=1 keymism=947 tieswap=1 | TOT t=5 recs=18444 monoT=0 setT=5 keyT=10609 tieT=19
0:8-1:NC: L1SORTV t=172 L=1492 mono=0 setmism=1 keymism=842 tieswap=1 | TOT t=5 recs=18823 monoT=0 setT=5 keyT=10408 tieT=18
0:8-2:NC: L1SORTV t=67 L=1897 mono=0 setmism=1 keymism=947 tieswap=2 | TOT t=5 recs=19200 monoT=0 setT=5 keyT=11206 tieT=26
0:8-4:NC: L1SORTV t=63 L=1845 mono=0 setmism=1 keymism=1094 tieswap=1 | TOT t=5 recs=19007 monoT=0 setT=5 keyT=10670 tieT=22
0:8-5:NC: L1SORTV t=275 L=1815 mono=0 setmism=1 keymism=951 tieswap=2 | TOT t=5 recs=19123 monoT=0 setT=5 keyT=10619 tieT=24
0:9-0:NC: L1SORTV t=262 L=1634 mono=0 setmism=1 keymism=874 tieswap=2 | TOT t=5 recs=19215 monoT=0 setT=5 keyT=12001 tieT=23
0:9-3:NC: L1SORTV t=94 L=1538 mono=0 setmism=1 keymism=839 tieswap=0 | TOT t=5 recs=19342 monoT=0 setT=5 keyT=11436 tieT=27
0:9-7:NC: L1SORTV t=824 L=763 mono=0 setmism=1 keymism=271 tieswap=0 | TOT t=6 recs=20425 monoT=0 setT=6 keyT=10987 tieT=47
0:9-9:NC: L1SORTV t=480 L=565 mono=0 setmism=1 keymism=350 tieswap=0 | TOT t=7 recs=21584 monoT=0 setT=7 keyT=12836 tieT=19
0:10-0:NC: L1SORTV t=454 L=859 mono=0 setmism=1 keymism=529 tieswap=0 | TOT t=6 recs=21023 monoT=0 setT=6 keyT=12504 tieT=54
0:10-1:NC: L1SORTV t=143 L=468 mono=0 setmism=1 keymism=131 tieswap=0 | TOT t=7 recs=21430 monoT=0 setT=7 keyT=12386 tieT=35
0:10-3:NC: L1SORTV t=132 L=1050 mono=0 setmism=1 keymism=385 tieswap=0 | TOT t=6 recs=21167 monoT=0 setT=6 keyT=11855 tieT=33
0:10-4:NC: L1SORTV t=321 L=358 mono=0 setmism=1 keymism=163 tieswap=0 | TOT t=7 recs=21591 monoT=0 setT=7 keyT=12458 tieT=34
0:10-5:NC: L1SORTV t=419 L=893 mono=0 setmism=1 keymism=556 tieswap=2 | TOT t=6 recs=21435 monoT=0 setT=6 keyT=12410 tieT=29
0:10-6:NC: L1SORTV t=30 L=1114 mono=0 setmism=1 keymism=704 tieswap=0 | TOT t=6 recs=21224 monoT=0 setT=6 keyT=12262 tieT=36
0:10-7:NC: L1SORTV t=418 L=790 mono=0 setmism=1 keymism=458 tieswap=0 | TOT t=6 recs=21259 monoT=0 setT=6 keyT=12582 tieT=25
0:10-8:NC: L1SORTV t=969 L=315 mono=0 setmism=1 keymism=81 tieswap=0 | TOT t=7 recs=21597 monoT=0 setT=7 keyT=12478 tieT=30
0:10-9:NC: L1SORTV t=903 L=318 mono=0 setmism=1 keymism=86 tieswap=0 | TOT t=7 recs=21744 monoT=0 setT=7 keyT=13156 tieT=24
0:1-6:NC: L1SORTV t=392 L=5277 mono=0 setmism=1 keymism=2977 tieswap=16 | TOT t=1 recs=5277 monoT=0 setT=1 keyT=2977 tieT=16
0:1-7:NC: L1SORTV t=652 L=5285 mono=0 setmism=1 keymism=3206 tieswap=5 | TOT t=1 recs=5285 monoT=0 setT=1 keyT=3206 tieT=5
0:2-8:NC: L1SORTV t=699 L=3884 mono=0 setmism=1 keymism=2417 tieswap=4 | TOT t=2 recs=9455 monoT=0 setT=2 keyT=5791 tieT=24
0:3-3:NC: L1SORTV t=407 L=3969 mono=0 setmism=1 keymism=2020 tieswap=4 | TOT t=2 recs=9470 monoT=0 setT=2 keyT=5085 tieT=25
0:3-6:NC: L1SORTV t=376 L=4092 mono=0 setmism=1 keymism=2395 tieswap=7 | TOT t=2 recs=9715 monoT=0 setT=2 keyT=6009 tieT=16
0:4-1:NC: L1SORTV t=415 L=2884 mono=0 setmism=1 keymism=1935 tieswap=3 | TOT t=3 recs=12787 monoT=0 setT=3 keyT=7914 tieT=27
0:4-3:NC: L1SORTV t=116 L=2884 mono=0 setmism=1 keymism=1625 tieswap=7 | TOT t=3 recs=12720 monoT=0 setT=3 keyT=7817 tieT=28
0:4-5:NC: L1SORTV t=104 L=2955 mono=0 setmism=1 keymism=1795 tieswap=5 | TOT t=3 recs=12992 monoT=0 setT=3 keyT=7881 tieT=13
0:4-6:NC: L1SORTV t=151 L=2917 mono=0 setmism=1 keymism=1822 tieswap=3 | TOT t=3 recs=12879 monoT=0 setT=3 keyT=7655 tieT=39
0:4-7:NC: L1SORTV t=217 L=2974 mono=0 setmism=1 keymism=1777 tieswap=1 | TOT t=3 recs=12889 monoT=0 setT=3 keyT=6519 tieT=44
0:4-8:NC: L1SORTV t=73 L=2933 mono=0 setmism=1 keymism=1805 tieswap=9 | TOT t=3 recs=12967 monoT=0 setT=3 keyT=7447 tieT=18
0:4-9:NC: L1SORTV t=270 L=2874 mono=0 setmism=1 keymism=1739 tieswap=2 | TOT t=3 recs=12938 monoT=0 setT=3 keyT=7872 tieT=45
0:5-8:NC: L1SORTV t=91 L=2172 mono=0 setmism=1 keymism=1394 tieswap=0 | TOT t=4 recs=15656 monoT=0 setT=4 keyT=9222 tieT=19
0:6-2:NC: L1SORTV t=413 L=2284 mono=0 setmism=1 keymism=1426 tieswap=4 | TOT t=4 recs=15914 monoT=0 setT=4 keyT=9267 tieT=33
0:6-3:NC: L1SORTV t=542 L=2410 mono=0 setmism=1 keymism=1499 tieswap=4 | TOT t=4 recs=16241 monoT=0 setT=4 keyT=9016 tieT=27
0:6-5:NC: L1SORTV t=711 L=2292 mono=0 setmism=1 keymism=1216 tieswap=0 | TOT t=4 recs=16009 monoT=0 setT=4 keyT=8981 tieT=30
0:6-6:NC: L1SORTV t=238 L=2449 mono=0 setmism=1 keymism=1465 tieswap=2 | TOT t=4 recs=16256 monoT=0 setT=4 keyT=9386 tieT=28
0:6-7:NC: L1SORTV t=27 L=1724 mono=0 setmism=1 keymism=1148 tieswap=1 | TOT t=5 recs=18053 monoT=0 setT=5 keyT=9818 tieT=37
0:7-0:NC: L1SORTV t=51 L=2576 mono=0 setmism=1 keymism=1618 tieswap=5 | TOT t=4 recs=16745 monoT=0 setT=4 keyT=9387 tieT=25
0:7-4:NC: L1SORTV t=675 L=1780 mono=0 setmism=1 keymism=852 tieswap=1 | TOT t=5 recs=18363 monoT=0 setT=5 keyT=10727 tieT=21
0:7-6:NC: L1SORTV t=90 L=1741 mono=0 setmism=1 keymism=905 tieswap=0 | TOT t=5 recs=18732 monoT=0 setT=5 keyT=10741 tieT=24
0:7-8:NC: L1SORTV t=100 L=1912 mono=0 setmism=1 keymism=1044 tieswap=1 | TOT t=5 recs=18790 monoT=0 setT=5 keyT=11188 tieT=38
0:7-9:NC: L1SORTV t=343 L=1691 mono=0 setmism=1 keymism=1110 tieswap=3 | TOT t=5 recs=18800 monoT=0 setT=5 keyT=11642 tieT=22
0:8-0:NC: L1SORTV t=790 L=1872 mono=0 setmism=1 keymism=957 tieswap=0 | TOT t=5 recs=18966 monoT=0 setT=5 keyT=10510 tieT=29
0:8-3:NC: L1SORTV t=296 L=1580 mono=0 setmism=1 keymism=877 tieswap=4 | TOT t=5 recs=18875 monoT=0 setT=5 keyT=10447 tieT=45
0:8-6:NC: L1SORTV t=485 L=910 mono=0 setmism=1 keymism=456 tieswap=0 | TOT t=6 recs=19990 monoT=0 setT=6 keyT=11717 tieT=28
0:8-7:NC: L1SORTV t=777 L=758 mono=0 setmism=1 keymism=324 tieswap=0 | TOT t=6 recs=19876 monoT=0 setT=6 keyT=11185 tieT=42
0:8-8:NC: L1SORTV t=829 L=661 mono=0 setmism=1 keymism=237 tieswap=0 | TOT t=6 recs=19983 monoT=0 setT=6 keyT=11486 tieT=37
0:8-9:NC: L1SORTV t=195 L=1204 mono=0 setmism=1 keymism=668 tieswap=1 | TOT t=6 recs=20406 monoT=0 setT=6 keyT=12803 tieT=31
0:9-1:NC: L1SORTV t=482 L=1028 mono=0 setmism=1 keymism=620 tieswap=0 | TOT t=6 recs=20258 monoT=0 setT=6 keyT=12111 tieT=40
0:9-2:NC: L1SORTV t=2 L=1977 mono=0 setmism=1 keymism=1339 tieswap=1 | TOT t=5 recs=19691 monoT=0 setT=5 keyT=11239 tieT=62
0:9-4:NC: L1SORTV t=742 L=750 mono=0 setmism=1 keymism=245 tieswap=0 | TOT t=6 recs=20367 monoT=0 setT=6 keyT=11491 tieT=29
0:9-5:NC: L1SORTV t=229 L=876 mono=0 setmism=1 keymism=424 tieswap=0 | TOT t=6 recs=20430 monoT=0 setT=6 keyT=12775 tieT=49
0:9-6:NC: L1SORTV t=82 L=988 mono=0 setmism=1 keymism=514 tieswap=1 | TOT t=6 recs=20653 monoT=0 setT=6 keyT=12600 tieT=43
0:9-7:NC: L1SORTV t=832 L=650 mono=0 setmism=1 keymism=237 tieswap=0 | TOT t=7 recs=21075 monoT=0 setT=7 keyT=11224 tieT=47
0:9-8:NC: L1SORTV t=13 L=967 mono=0 setmism=1 keymism=628 tieswap=0 | TOT t=6 recs=20906 monoT=0 setT=6 keyT=11498 tieT=46
0:9-9:NC: L1SORTV t=771 L=244 mono=0 setmism=1 keymism=66 tieswap=0 | TOT t=8 recs=21828 monoT=0 setT=8 keyT=12902 tieT=19
0:10-0:NC: L1SORTV t=945 L=276 mono=0 setmism=1 keymism=75 tieswap=0 | TOT t=7 recs=21299 monoT=0 setT=7 keyT=12579 tieT=54
0:10-1:NC: L1SORTV t=736 L=248 mono=0 setmism=1 keymism=105 tieswap=0 | TOT t=8 recs=21678 monoT=0 setT=8 keyT=12491 tieT=35
0:10-2:NC: L1SORTV t=706 L=691 mono=0 setmism=1 keymism=270 tieswap=0 | TOT t=6 recs=21053 monoT=0 setT=6 keyT=12738 tieT=64
0:10-3:NC: L1SORTV t=354 L=537 mono=0 setmism=1 keymism=307 tieswap=0 | TOT t=7 recs=21704 monoT=0 setT=7 keyT=12162 tieT=33
0:10-4:NC: L1SORTV t=144 L=386 mono=0 setmism=1 keymism=126 tieswap=0 | TOT t=8 recs=21977 monoT=0 setT=8 keyT=12584 tieT=34
0:10-5:NC: L1SORTV t=910 L=314 mono=0 setmism=1 keymism=69 tieswap=0 | TOT t=7 recs=21749 monoT=0 setT=7 keyT=12479 tieT=29
0:10-6:NC: L1SORTV t=258 L=476 mono=0 setmism=1 keymism=230 tieswap=0 | TOT t=7 recs=21700 monoT=0 setT=7 keyT=12492 tieT=36
0:10-7:NC: L1SORTV t=937 L=327 mono=0 setmism=1 keymism=86 tieswap=0 | TOT t=7 recs=21586 monoT=0 setT=7 keyT=12668 tieT=25
0:10-8:NC: L1SORTV t=897 L=240 mono=0 setmism=1 keymism=48 tieswap=0 | TOT t=8 recs=21837 monoT=0 setT=8 keyT=12526 tieT=30
0:10-9:NC: L1SORTV t=938 L=271 mono=0 setmism=1 keymism=61 tieswap=0 | TOT t=8 recs=22015 monoT=0 setT=8 keyT=13217 tieT=24
0:1-3:NC: L1SORTV t=466 L=5168 mono=0 setmism=1 keymism=2366 tieswap=9 | TOT t=1 recs=5168 monoT=0 setT=1 keyT=2366 tieT=9
0:1-4:NC: L1SORTV t=252 L=5239 mono=0 setmism=1 keymism=3239 tieswap=6 | TOT t=1 recs=5239 monoT=0 setT=1 keyT=3239 tieT=6
0:1-5:NC: L1SORTV t=571 L=5208 mono=0 setmism=1 keymism=3049 tieswap=7 | TOT t=1 recs=5208 monoT=0 setT=1 keyT=3049 tieT=7
0:2-9:NC: L1SORTV t=338 L=3860 mono=0 setmism=1 keymism=2346 tieswap=17 | TOT t=2 recs=9417 monoT=0 setT=2 keyT=5440 tieT=23
0:3-0:NC: L1SORTV t=319 L=3991 mono=0 setmism=1 keymism=2501 tieswap=6 | TOT t=2 recs=9441 monoT=0 setT=2 keyT=5595 tieT=25
0:3-1:NC: L1SORTV t=119 L=3975 mono=0 setmism=1 keymism=2463 tieswap=4 | TOT t=2 recs=9470 monoT=0 setT=2 keyT=5154 tieT=13
0:4-0:NC: L1SORTV t=349 L=2899 mono=0 setmism=1 keymism=1674 tieswap=4 | TOT t=3 recs=12588 monoT=0 setT=3 keyT=7336 tieT=17
0:4-4:NC: L1SORTV t=190 L=2966 mono=0 setmism=1 keymism=1841 tieswap=0 | TOT t=3 recs=12868 monoT=0 setT=3 keyT=7489 tieT=12
0:5-1:NC: L1SORTV t=287 L=3000 mono=0 setmism=1 keymism=1890 tieswap=5 | TOT t=3 recs=13096 monoT=0 setT=3 keyT=7510 tieT=46
0:5-2:NC: L1SORTV t=713 L=2184 mono=0 setmism=1 keymism=1168 tieswap=3 | TOT t=4 recs=15164 monoT=0 setT=4 keyT=9098 tieT=18
0:5-3:NC: L1SORTV t=137 L=2190 mono=0 setmism=1 keymism=1304 tieswap=2 | TOT t=4 recs=15193 monoT=0 setT=4 keyT=9076 tieT=17
0:5-5:NC: L1SORTV t=751 L=2126 mono=0 setmism=1 keymism=1211 tieswap=0 | TOT t=4 recs=15509 monoT=0 setT=4 keyT=8603 tieT=16
0:5-6:NC: L1SORTV t=124 L=2193 mono=0 setmism=1 keymism=1322 tieswap=2 | TOT t=4 recs=15435 monoT=0 setT=4 keyT=8995 tieT=31
0:5-7:NC: L1SORTV t=210 L=2309 mono=0 setmism=1 keymism=1399 tieswap=0 | TOT t=4 recs=15625 monoT=0 setT=4 keyT=9165 tieT=13
0:5-9:NC: L1SORTV t=728 L=2181 mono=0 setmism=1 keymism=1277 tieswap=4 | TOT t=4 recs=15460 monoT=0 setT=4 keyT=8758 tieT=22
0:6-0:NC: L1SORTV t=18 L=2185 mono=0 setmism=1 keymism=1446 tieswap=4 | TOT t=4 recs=15619 monoT=0 setT=4 keyT=8718 tieT=33
0:6-1:NC: L1SORTV t=303 L=2206 mono=0 setmism=1 keymism=1239 tieswap=0 | TOT t=4 recs=15738 monoT=0 setT=4 keyT=9667 tieT=16
0:6-4:NC: L1SORTV t=486 L=2392 mono=0 setmism=1 keymism=1466 tieswap=5 | TOT t=4 recs=16183 monoT=0 setT=4 keyT=9624 tieT=26
0:6-8:NC: L1SORTV t=276 L=2383 mono=0 setmism=1 keymism=1298 tieswap=1 | TOT t=4 recs=16247 monoT=0 setT=4 keyT=9243 tieT=80
0:6-9:NC: L1SORTV t=170 L=1728 mono=0 setmism=1 keymism=973 tieswap=2 | TOT t=5 recs=18261 monoT=0 setT=5 keyT=10443 tieT=38
0:7-1:NC: L1SORTV t=578 L=1660 mono=0 setmism=1 keymism=838 tieswap=3 | TOT t=5 recs=18378 monoT=0 setT=5 keyT=10509 tieT=29
0:7-2:NC: L1SORTV t=479 L=1557 mono=0 setmism=1 keymism=1016 tieswap=0 | TOT t=5 recs=18170 monoT=0 setT=5 keyT=11106 tieT=15
0:7-3:NC: L1SORTV t=548 L=1741 mono=0 setmism=1 keymism=1003 tieswap=1 | TOT t=5 recs=18533 monoT=0 setT=5 keyT=10391 tieT=36
0:7-5:NC: L1SORTV t=202 L=1887 mono=0 setmism=1 keymism=1084 tieswap=2 | TOT t=5 recs=18618 monoT=0 setT=5 keyT=10464 tieT=50
0:7-7:NC: L1SORTV t=787 L=1053 mono=0 setmism=1 keymism=493 tieswap=0 | TOT t=6 recs=19497 monoT=0 setT=6 keyT=11102 tieT=19
0:8-1:NC: L1SORTV t=416 L=1054 mono=0 setmism=1 keymism=681 tieswap=2 | TOT t=6 recs=19877 monoT=0 setT=6 keyT=11089 tieT=20
0:8-2:NC: L1SORTV t=826 L=698 mono=0 setmism=1 keymism=287 tieswap=0 | TOT t=6 recs=19898 monoT=0 setT=6 keyT=11493 tieT=26
0:8-4:NC: L1SORTV t=129 L=819 mono=0 setmism=1 keymism=376 tieswap=0 | TOT t=6 recs=19826 monoT=0 setT=6 keyT=11046 tieT=22
0:8-5:NC: L1SORTV t=328 L=608 mono=0 setmism=1 keymism=275 tieswap=1 | TOT t=6 recs=19731 monoT=0 setT=6 keyT=10894 tieT=25
0:8-6:NC: L1SORTV t=291 L=366 mono=0 setmism=1 keymism=140 tieswap=0 | TOT t=7 recs=20356 monoT=0 setT=7 keyT=11857 tieT=28
0:8-7:NC: L1SORTV t=288 L=482 mono=0 setmism=1 keymism=270 tieswap=0 | TOT t=7 recs=20358 monoT=0 setT=7 keyT=11455 tieT=42
0:8-8:NC: L1SORTV t=160 L=433 mono=0 setmism=1 keymism=254 tieswap=0 | TOT t=7 recs=20416 monoT=0 setT=7 keyT=11740 tieT=37
0:8-9:NC: L1SORTV t=256 L=387 mono=0 setmism=1 keymism=212 tieswap=0 | TOT t=7 recs=20793 monoT=0 setT=7 keyT=13015 tieT=31
0:9-0:NC: L1SORTV t=352 L=991 mono=0 setmism=1 keymism=650 tieswap=3 | TOT t=6 recs=20206 monoT=0 setT=6 keyT=12651 tieT=26
0:9-1:NC: L1SORTV t=908 L=359 mono=0 setmism=1 keymism=78 tieswap=0 | TOT t=7 recs=20617 monoT=0 setT=7 keyT=12189 tieT=40
0:9-3:NC: L1SORTV t=97 L=1315 mono=0 setmism=1 keymism=644 tieswap=0 | TOT t=6 recs=20657 monoT=0 setT=6 keyT=12080 tieT=27
0:9-4:NC: L1SORTV t=971 L=316 mono=0 setmism=1 keymism=75 tieswap=0 | TOT t=7 recs=20683 monoT=0 setT=7 keyT=11566 tieT=29
0:9-5:NC: L1SORTV t=867 L=369 mono=0 setmism=1 keymism=87 tieswap=0 | TOT t=7 recs=20799 monoT=0 setT=7 keyT=12862 tieT=49
0:9-6:NC: L1SORTV t=894 L=320 mono=0 setmism=1 keymism=78 tieswap=0 | TOT t=7 recs=20973 monoT=0 setT=7 keyT=12678 tieT=43
0:9-7:NC: L1SORTV t=813 L=278 mono=0 setmism=1 keymism=44 tieswap=0 | TOT t=8 recs=21353 monoT=0 setT=8 keyT=11268 tieT=47
0:9-8:NC: L1SORTV t=865 L=356 mono=0 setmism=1 keymism=90 tieswap=0 | TOT t=7 recs=21262 monoT=0 setT=7 keyT=11588 tieT=46
0:9-9:NC: L1SORTV t=982 L=150 mono=0 setmism=1 keymism=22 tieswap=0 | TOT t=9 recs=21978 monoT=0 setT=9 keyT=12924 tieT=19
0:10-0:NC: L1SORTV t=873 L=234 mono=0 setmism=1 keymism=52 tieswap=0 | TOT t=8 recs=21533 monoT=0 setT=8 keyT=12631 tieT=54
0:10-1:NC: L1SORTV t=918 L=136 mono=0 setmism=1 keymism=15 tieswap=0 | TOT t=9 recs=21814 monoT=0 setT=9 keyT=12506 tieT=35
0:10-2:NC: L1SORTV t=957 L=295 mono=0 setmism=1 keymism=76 tieswap=0 | TOT t=7 recs=21348 monoT=0 setT=7 keyT=12814 tieT=64
0:10-3:NC: L1SORTV t=452 L=285 mono=0 setmism=1 keymism=130 tieswap=1 | TOT t=8 recs=21989 monoT=0 setT=8 keyT=12292 tieT=34
0:10-5:NC: L1SORTV t=941 L=245 mono=0 setmism=1 keymism=68 tieswap=0 | TOT t=8 recs=21994 monoT=0 setT=8 keyT=12547 tieT=29
0:10-6:NC: L1SORTV t=1004 L=232 mono=0 setmism=1 keymism=47 tieswap=0 | TOT t=8 recs=21932 monoT=0 setT=8 keyT=12539 tieT=36
0:10-7:NC: L1SORTV t=839 L=246 mono=0 setmism=1 keymism=59 tieswap=0 | TOT t=8 recs=21832 monoT=0 setT=8 keyT=12727 tieT=25
0:10-9:NC: L1SORTV t=929 L=138 mono=0 setmism=1 keymism=15 tieswap=0 | TOT t=9 recs=22153 monoT=0 setT=9 keyT=13232 tieT=24
0:1-1:NC: L1SORTV t=475 L=5113 mono=0 setmism=1 keymism=2815 tieswap=14 | TOT t=1 recs=5113 monoT=0 setT=1 keyT=2815 tieT=14
0:1-2:NC: L1SORTV t=550 L=5093 mono=0 setmism=1 keymism=3083 tieswap=5 | TOT t=1 recs=5093 monoT=0 setT=1 keyT=3083 tieT=5
0:2-4:NC: L1SORTV t=700 L=3789 mono=0 setmism=1 keymism=2327 tieswap=1 | TOT t=2 recs=9187 monoT=0 setT=2 keyT=5340 tieT=5
0:2-5:NC: L1SORTV t=477 L=3853 mono=0 setmism=1 keymism=2342 tieswap=4 | TOT t=2 recs=9418 monoT=0 setT=2 keyT=5441 tieT=7
0:2-6:NC: L1SORTV t=757 L=3813 mono=0 setmism=1 keymism=2189 tieswap=3 | TOT t=2 recs=9380 monoT=0 setT=2 keyT=5612 tieT=6
0:2-7:NC: L1SORTV t=716 L=3923 mono=0 setmism=1 keymism=2236 tieswap=6 | TOT t=2 recs=9455 monoT=0 setT=2 keyT=5580 tieT=11
0:3-2:NC: L1SORTV t=187 L=2799 mono=0 setmism=1 keymism=1619 tieswap=1 | TOT t=3 recs=12143 monoT=0 setT=3 keyT=7153 tieT=7
0:3-4:NC: L1SORTV t=118 L=2828 mono=0 setmism=1 keymism=1622 tieswap=6 | TOT t=3 recs=12437 monoT=0 setT=3 keyT=7414 tieT=17
0:3-7:NC: L1SORTV t=49 L=2905 mono=0 setmism=1 keymism=1768 tieswap=7 | TOT t=3 recs=12586 monoT=0 setT=3 keyT=7566 tieT=32
0:3-8:NC: L1SORTV t=350 L=3023 mono=0 setmism=1 keymism=1851 tieswap=12 | TOT t=3 recs=12758 monoT=0 setT=3 keyT=7611 tieT=27
0:4-1:NC: L1SORTV t=140 L=2160 mono=0 setmism=1 keymism=1370 tieswap=7 | TOT t=4 recs=14947 monoT=0 setT=4 keyT=9284 tieT=34
0:4-2:NC: L1SORTV t=727 L=2969 mono=0 setmism=1 keymism=1685 tieswap=6 | TOT t=3 recs=12804 monoT=0 setT=3 keyT=7026 tieT=38
0:5-0:NC: L1SORTV t=58 L=2129 mono=0 setmism=1 keymism=1162 tieswap=0 | TOT t=4 recs=15038 monoT=0 setT=4 keyT=7985 tieT=27
0:5-4:NC: L1SORTV t=74 L=2160 mono=0 setmism=1 keymism=1233 tieswap=5 | TOT t=4 recs=15324 monoT=0 setT=4 keyT=8704 tieT=12
0:5-8:NC: L1SORTV t=794 L=1604 mono=0 setmism=1 keymism=796 tieswap=1 | TOT t=5 recs=17260 monoT=0 setT=5 keyT=10018 tieT=20
0:6-2:NC: L1SORTV t=674 L=1624 mono=0 setmism=1 keymism=771 tieswap=0 | TOT t=5 recs=17538 monoT=0 setT=5 keyT=10038 tieT=33
0:6-3:NC: L1SORTV t=245 L=1660 mono=0 setmism=1 keymism=916 tieswap=2 | TOT t=5 recs=17901 monoT=0 setT=5 keyT=9932 tieT=29
0:6-5:NC: L1SORTV t=749 L=1766 mono=0 setmism=1 keymism=817 tieswap=1 | TOT t=5 recs=17775 monoT=0 setT=5 keyT=9798 tieT=31
0:6-6:NC: L1SORTV t=110 L=1657 mono=0 setmism=1 keymism=964 tieswap=2 | TOT t=5 recs=17913 monoT=0 setT=5 keyT=10350 tieT=30
0:6-7:NC: L1SORTV t=107 L=749 mono=0 setmism=1 keymism=304 tieswap=1 | TOT t=6 recs=18802 monoT=0 setT=6 keyT=10122 tieT=38
0:7-0:NC: L1SORTV t=268 L=1905 mono=0 setmism=1 keymism=1099 tieswap=2 | TOT t=5 recs=18650 monoT=0 setT=5 keyT=10486 tieT=27
0:7-4:NC: L1SORTV t=784 L=1042 mono=0 setmism=1 keymism=448 tieswap=0 | TOT t=6 recs=19405 monoT=0 setT=6 keyT=11175 tieT=21
0:7-6:NC: L1SORTV t=779 L=843 mono=0 setmism=1 keymism=401 tieswap=0 | TOT t=6 recs=19575 monoT=0 setT=6 keyT=11142 tieT=24
0:7-7:NC: L1SORTV t=850 L=368 mono=0 setmism=1 keymism=180 tieswap=0 | TOT t=7 recs=19865 monoT=0 setT=7 keyT=11282 tieT=19
0:7-8:NC: L1SORTV t=833 L=670 mono=0 setmism=1 keymism=188 tieswap=0 | TOT t=6 recs=19460 monoT=0 setT=6 keyT=11376 tieT=38
0:7-9:NC: L1SORTV t=99 L=1094 mono=0 setmism=1 keymism=546 tieswap=0 | TOT t=6 recs=19894 monoT=0 setT=6 keyT=12188 tieT=22
0:8-0:NC: L1SORTV t=827 L=912 mono=0 setmism=1 keymism=403 tieswap=0 | TOT t=6 recs=19878 monoT=0 setT=6 keyT=10913 tieT=29
0:8-1:NC: L1SORTV t=75 L=581 mono=0 setmism=1 keymism=203 tieswap=1 | TOT t=7 recs=20458 monoT=0 setT=7 keyT=11292 tieT=21
0:8-2:NC: L1SORTV t=148 L=401 mono=0 setmism=1 keymism=111 tieswap=0 | TOT t=7 recs=20299 monoT=0 setT=7 keyT=11604 tieT=26
0:8-3:NC: L1SORTV t=577 L=1086 mono=0 setmism=1 keymism=520 tieswap=0 | TOT t=6 recs=19961 monoT=0 setT=6 keyT=10967 tieT=45
0:8-4:NC: L1SORTV t=849 L=339 mono=0 setmism=1 keymism=149 tieswap=0 | TOT t=7 recs=20165 monoT=0 setT=7 keyT=11195 tieT=22
0:8-5:NC: L1SORTV t=869 L=361 mono=0 setmism=1 keymism=102 tieswap=0 | TOT t=7 recs=20092 monoT=0 setT=7 keyT=10996 tieT=25
0:8-6:NC: L1SORTV t=996 L=245 mono=0 setmism=1 keymism=57 tieswap=0 | TOT t=8 recs=20601 monoT=0 setT=8 keyT=11914 tieT=28
0:8-7:NC: L1SORTV t=973 L=258 mono=0 setmism=1 keymism=53 tieswap=0 | TOT t=8 recs=20616 monoT=0 setT=8 keyT=11508 tieT=42
0:8-8:NC: L1SORTV t=901 L=300 mono=0 setmism=1 keymism=71 tieswap=0 | TOT t=8 recs=20716 monoT=0 setT=8 keyT=11811 tieT=37
0:8-9:NC: L1SORTV t=970 L=282 mono=0 setmism=1 keymism=60 tieswap=0 | TOT t=8 recs=21075 monoT=0 setT=8 keyT=13075 tieT=31
0:9-0:NC: L1SORTV t=111 L=503 mono=0 setmism=1 keymism=150 tieswap=0 | TOT t=7 recs=20709 monoT=0 setT=7 keyT=12801 tieT=26
0:9-1:NC: L1SORTV t=890 L=288 mono=0 setmism=1 keymism=68 tieswap=0 | TOT t=8 recs=20905 monoT=0 setT=8 keyT=12257 tieT=40
0:9-2:NC: L1SORTV t=825 L=814 mono=0 setmism=1 keymism=278 tieswap=0 | TOT t=6 recs=20505 monoT=0 setT=6 keyT=11517 tieT=62
0:9-3:NC: L1SORTV t=882 L=372 mono=0 setmism=1 keymism=110 tieswap=0 | TOT t=7 recs=21029 monoT=0 setT=7 keyT=12190 tieT=27
0:9-4:NC: L1SORTV t=856 L=279 mono=0 setmism=1 keymism=72 tieswap=0 | TOT t=8 recs=20962 monoT=0 setT=8 keyT=11638 tieT=29
0:9-5:NC: L1SORTV t=952 L=217 mono=0 setmism=1 keymism=33 tieswap=0 | TOT t=8 recs=21016 monoT=0 setT=8 keyT=12895 tieT=49
0:9-6:NC: L1SORTV t=815 L=233 mono=0 setmism=1 keymism=56 tieswap=1 | TOT t=8 recs=21206 monoT=0 setT=8 keyT=12734 tieT=44
0:9-7:NC: L1SORTV t=987 L=141 mono=0 setmism=1 keymism=2 tieswap=0 | TOT t=9 recs=21494 monoT=0 setT=9 keyT=11270 tieT=47
0:9-8:NC: L1SORTV t=810 L=311 mono=0 setmism=1 keymism=87 tieswap=0 | TOT t=8 recs=21573 monoT=0 setT=8 keyT=11675 tieT=46
0:10-2:NC: L1SORTV t=944 L=268 mono=0 setmism=1 keymism=87 tieswap=0 | TOT t=8 recs=21616 monoT=0 setT=8 keyT=12901 tieT=64
0:10-3:NC: L1SORTV t=885 L=135 mono=0 setmism=1 keymism=16 tieswap=0 | TOT t=9 recs=22124 monoT=0 setT=9 keyT=12308 tieT=34
0:10-5:NC: L1SORTV t=985 L=144 mono=0 setmism=1 keymism=17 tieswap=0 | TOT t=9 recs=22138 monoT=0 setT=9 keyT=12564 tieT=29
0:10-6:NC: L1SORTV t=768 L=182 mono=0 setmism=1 keymism=72 tieswap=0 | TOT t=9 recs=22114 monoT=0 setT=9 keyT=12611 tieT=36
0:0-8:NC: L1SORTV t=283 L=4987 mono=0 setmism=1 keymism=3044 tieswap=1 | TOT t=1 recs=4987 monoT=0 setT=1 keyT=3044 tieT=1
0:0-9:NC: L1SORTV t=644 L=5070 mono=0 setmism=1 keymism=2919 tieswap=2 | TOT t=1 recs=5070 monoT=0 setT=1 keyT=2919 tieT=2
0:1-0:NC: L1SORTV t=658 L=5130 mono=0 setmism=1 keymism=3108 tieswap=11 | TOT t=1 recs=5130 monoT=0 setT=1 keyT=3108 tieT=11
0:1-8:NC: L1SORTV t=683 L=3791 mono=0 setmism=1 keymism=2285 tieswap=1 | TOT t=2 recs=9106 monoT=0 setT=2 keyT=4889 tieT=11
0:1-9:NC: L1SORTV t=719 L=3757 mono=0 setmism=1 keymism=2222 tieswap=3 | TOT t=2 recs=9118 monoT=0 setT=2 keyT=5453 tieT=7
0:2-0:NC: L1SORTV t=761 L=3850 mono=0 setmism=1 keymism=2150 tieswap=5 | TOT t=2 recs=9191 monoT=0 setT=2 keyT=4979 tieT=9
0:2-1:NC: L1SORTV t=696 L=3755 mono=0 setmism=1 keymism=2280 tieswap=10 | TOT t=2 recs=9190 monoT=0 setT=2 keyT=4222 tieT=21
0:2-2:NC: L1SORTV t=285 L=3840 mono=0 setmism=1 keymism=2242 tieswap=5 | TOT t=2 recs=9350 monoT=0 setT=2 keyT=5393 tieT=11
0:2-3:NC: L1SORTV t=305 L=3814 mono=0 setmism=1 keymism=2265 tieswap=4 | TOT t=2 recs=9241 monoT=0 setT=2 keyT=5065 tieT=21
0:2-8:NC: L1SORTV t=54 L=2735 mono=0 setmism=1 keymism=1662 tieswap=3 | TOT t=3 recs=12190 monoT=0 setT=3 keyT=7453 tieT=27
0:3-5:NC: L1SORTV t=371 L=2783 mono=0 setmism=1 keymism=1596 tieswap=4 | TOT t=3 recs=12455 monoT=0 setT=3 keyT=7221 tieT=20
0:3-6:NC: L1SORTV t=360 L=2827 mono=0 setmism=1 keymism=1735 tieswap=3 | TOT t=3 recs=12542 monoT=0 setT=3 keyT=7744 tieT=19
0:3-9:NC: L1SORTV t=219 L=2885 mono=0 setmism=1 keymism=1765 tieswap=6 | TOT t=3 recs=12583 monoT=0 setT=3 keyT=7120 tieT=29
0:4-0:NC: L1SORTV t=330 L=2153 mono=0 setmism=1 keymism=1354 tieswap=12 | TOT t=4 recs=14741 monoT=0 setT=4 keyT=8690 tieT=29
0:4-3:NC: L1SORTV t=712 L=2166 mono=0 setmism=1 keymism=1173 tieswap=1 | TOT t=4 recs=14886 monoT=0 setT=4 keyT=8990 tieT=29
0:4-5:NC: L1SORTV t=767 L=2079 mono=0 setmism=1 keymism=1115 tieswap=1 | TOT t=4 recs=15071 monoT=0 setT=4 keyT=8996 tieT=14
0:4-6:NC: L1SORTV t=186 L=2197 mono=0 setmism=1 keymism=1298 tieswap=0 | TOT t=4 recs=15076 monoT=0 setT=4 keyT=8953 tieT=39
0:4-7:NC: L1SORTV t=791 L=2093 mono=0 setmism=1 keymism=997 tieswap=1 | TOT t=4 recs=14982 monoT=0 setT=4 keyT=7516 tieT=45
0:4-8:NC: L1SORTV t=207 L=2256 mono=0 setmism=1 keymism=1407 tieswap=4 | TOT t=4 recs=15223 monoT=0 setT=4 keyT=8854 tieT=22
0:4-9:NC: L1SORTV t=543 L=2060 mono=0 setmism=1 keymism=1311 tieswap=4 | TOT t=4 recs=14998 monoT=0 setT=4 keyT=9183 tieT=49
0:5-2:NC: L1SORTV t=339 L=1508 mono=0 setmism=1 keymism=835 tieswap=0 | TOT t=5 recs=16672 monoT=0 setT=5 keyT=9933 tieT=18
0:5-3:NC: L1SORTV t=764 L=1603 mono=0 setmism=1 keymism=781 tieswap=0 | TOT t=5 recs=16796 monoT=0 setT=5 keyT=9857 tieT=17
0:5-5:NC: L1SORTV t=230 L=1463 mono=0 setmism=1 keymism=776 tieswap=1 | TOT t=5 recs=16972 monoT=0 setT=5 keyT=9379 tieT=17
0:5-6:NC: L1SORTV t=544 L=1483 mono=0 setmism=1 keymism=1020 tieswap=0 | TOT t=5 recs=16918 monoT=0 setT=5 keyT=10015 tieT=31
0:5-7:NC: L1SORTV t=93 L=1523 mono=0 setmism=1 keymism=927 tieswap=0 | TOT t=5 recs=17148 monoT=0 setT=5 keyT=10092 tieT=13
0:5-9:NC: L1SORTV t=31 L=1630 mono=0 setmism=1 keymism=1108 tieswap=0 | TOT t=5 recs=17090 monoT=0 setT=5 keyT=9866 tieT=22
0:6-0:NC: L1SORTV t=789 L=1615 mono=0 setmism=1 keymism=778 tieswap=1 | TOT t=5 recs=17234 monoT=0 setT=5 keyT=9496 tieT=34
0:6-1:NC: L1SORTV t=304 L=1733 mono=0 setmism=1 keymism=872 tieswap=3 | TOT t=5 recs=17471 monoT=0 setT=5 keyT=10539 tieT=19
0:6-4:NC: L1SORTV t=171 L=1556 mono=0 setmism=1 keymism=899 tieswap=0 | TOT t=5 recs=17739 monoT=0 setT=5 keyT=10523 tieT=26
0:6-7:NC: L1SORTV t=866 L=362 mono=0 setmism=1 keymism=77 tieswap=0 | TOT t=7 recs=19164 monoT=0 setT=7 keyT=10199 tieT=38
0:6-8:NC: L1SORTV t=25 L=1973 mono=0 setmism=1 keymism=1391 tieswap=1 | TOT t=5 recs=18220 monoT=0 setT=5 keyT=10634 tieT=81
0:6-9:NC: L1SORTV t=741 L=843 mono=0 setmism=1 keymism=343 tieswap=0 | TOT t=6 recs=19104 monoT=0 setT=6 keyT=10786 tieT=38
0:7-1:NC: L1SORTV t=45 L=971 mono=0 setmism=1 keymism=485 tieswap=2 | TOT t=6 recs=19349 monoT=0 setT=6 keyT=10994 tieT=31
0:7-2:NC: L1SORTV t=511 L=1159 mono=0 setmism=1 keymism=709 tieswap=0 | TOT t=6 recs=19329 monoT=0 setT=6 keyT=11815 tieT=15
0:7-3:NC: L1SORTV t=796 L=1089 mono=0 setmism=1 keymism=559 tieswap=0 | TOT t=6 recs=19622 monoT=0 setT=6 keyT=10950 tieT=36
0:7-4:NC: L1SORTV t=422 L=426 mono=0 setmism=1 keymism=193 tieswap=2 | TOT t=7 recs=19831 monoT=0 setT=7 keyT=11368 tieT=23
0:7-5:NC: L1SORTV t=834 L=561 mono=0 setmism=1 keymism=140 tieswap=0 | TOT t=6 recs=19179 monoT=0 setT=6 keyT=10604 tieT=50
0:7-6:NC: L1SORTV t=358 L=401 mono=0 setmism=1 keymism=162 tieswap=0 | TOT t=7 recs=19976 monoT=0 setT=7 keyT=11304 tieT=24
0:7-7:NC: L1SORTV t=947 L=243 mono=0 setmism=1 keymism=62 tieswap=0 | TOT t=8 recs=20108 monoT=0 setT=8 keyT=11344 tieT=19
0:7-8:NC: L1SORTV t=704 L=388 mono=0 setmism=1 keymism=169 tieswap=0 | TOT t=7 recs=19848 monoT=0 setT=7 keyT=11545 tieT=38
0:7-9:NC: L1SORTV t=774 L=324 mono=0 setmism=1 keymism=81 tieswap=0 | TOT t=7 recs=20218 monoT=0 setT=7 keyT=12269 tieT=22
0:8-0:NC: L1SORTV t=325 L=349 mono=0 setmism=1 keymism=113 tieswap=0 | TOT t=7 recs=20227 monoT=0 setT=7 keyT=11026 tieT=29
0:8-1:NC: L1SORTV t=995 L=217 mono=0 setmism=1 keymism=41 tieswap=0 | TOT t=8 recs=20675 monoT=0 setT=8 keyT=11333 tieT=21
0:8-2:NC: L1SORTV t=840 L=229 mono=0 setmism=1 keymism=40 tieswap=0 | TOT t=8 recs=20528 monoT=0 setT=8 keyT=11644 tieT=26
0:8-4:NC: L1SORTV t=942 L=245 mono=0 setmism=1 keymism=59 tieswap=0 | TOT t=8 recs=20410 monoT=0 setT=8 keyT=11254 tieT=22
0:8-5:NC: L1SORTV t=146 L=303 mono=0 setmism=1 keymism=74 tieswap=0 | TOT t=8 recs=20395 monoT=0 setT=8 keyT=11070 tieT=25
0:8-6:NC: L1SORTV t=949 L=163 mono=0 setmism=1 keymism=32 tieswap=0 | TOT t=9 recs=20764 monoT=0 setT=9 keyT=11946 tieT=28
0:8-7:NC: L1SORTV t=928 L=155 mono=0 setmism=1 keymism=36 tieswap=0 | TOT t=9 recs=20771 monoT=0 setT=9 keyT=11544 tieT=42
0:8-8:NC: L1SORTV t=886 L=147 mono=0 setmism=1 keymism=15 tieswap=0 | TOT t=9 recs=20863 monoT=0 setT=9 keyT=11826 tieT=37
0:8-9:NC: L1SORTV t=989 L=161 mono=0 setmism=1 keymism=11 tieswap=0 | TOT t=9 recs=21236 monoT=0 setT=9 keyT=13086 tieT=31
0:9-0:NC: L1SORTV t=955 L=230 mono=0 setmism=1 keymism=39 tieswap=0 | TOT t=8 recs=20939 monoT=0 setT=8 keyT=12840 tieT=26
0:9-1:NC: L1SORTV t=962 L=136 mono=0 setmism=1 keymism=12 tieswap=0 | TOT t=9 recs=21041 monoT=0 setT=9 keyT=12269 tieT=40
0:9-2:NC: L1SORTV t=924 L=309 mono=0 setmism=1 keymism=107 tieswap=0 | TOT t=7 recs=20814 monoT=0 setT=7 keyT=11624 tieT=62
0:9-3:NC: L1SORTV t=889 L=271 mono=0 setmism=1 keymism=65 tieswap=0 | TOT t=8 recs=21300 monoT=0 setT=8 keyT=12255 tieT=27
0:10-2:NC: L1SORTV t=917 L=138 mono=0 setmism=1 keymism=17 tieswap=0 | TOT t=9 recs=21754 monoT=0 setT=9 keyT=12918 tieT=64
0:1-7:NC: L1SORTV t=574 L=3778 mono=0 setmism=1 keymism=2313 tieswap=1 | TOT t=2 recs=9063 monoT=0 setT=2 keyT=5519 tieT=6
0:3-0:NC: L1SORTV t=312 L=2794 mono=0 setmism=1 keymism=1779 tieswap=7 | TOT t=3 recs=12235 monoT=0 setT=3 keyT=7374 tieT=32
0:3-1:NC: L1SORTV t=676 L=2761 mono=0 setmism=1 keymism=1543 tieswap=0 | TOT t=3 recs=12231 monoT=0 setT=3 keyT=6697 tieT=13
0:3-3:NC: L1SORTV t=20 L=2826 mono=0 setmism=1 keymism=1884 tieswap=1 | TOT t=3 recs=12296 monoT=0 setT=3 keyT=6969 tieT=26
0:3-4:NC: L1SORTV t=607 L=2139 mono=0 setmism=1 keymism=1203 tieswap=1 | TOT t=4 recs=14576 monoT=0 setT=4 keyT=8617 tieT=18
0:3-7:NC: L1SORTV t=213 L=2092 mono=0 setmism=1 keymism=1271 tieswap=1 | TOT t=4 recs=14678 monoT=0 setT=4 keyT=8837 tieT=33
0:3-8:NC: L1SORTV t=155 L=2208 mono=0 setmism=1 keymism=1322 tieswap=1 | TOT t=4 recs=14966 monoT=0 setT=4 keyT=8933 tieT=28
0:4-1:NC: L1SORTV t=47 L=1458 mono=0 setmism=1 keymism=745 tieswap=0 | TOT t=5 recs=16405 monoT=0 setT=5 keyT=10029 tieT=34
0:4-4:NC: L1SORTV t=766 L=2106 mono=0 setmism=1 keymism=1018 tieswap=1 | TOT t=4 recs=14974 monoT=0 setT=4 keyT=8507 tieT=13
0:5-0:NC: L1SORTV t=341 L=1444 mono=0 setmism=1 keymism=755 tieswap=0 | TOT t=5 recs=16482 monoT=0 setT=5 keyT=8740 tieT=27
0:5-1:NC: L1SORTV t=231 L=2292 mono=0 setmism=1 keymism=1299 tieswap=1 | TOT t=4 recs=15388 monoT=0 setT=4 keyT=8809 tieT=47
0:5-4:NC: L1SORTV t=277 L=1554 mono=0 setmism=1 keymism=864 tieswap=2 | TOT t=5 recs=16878 monoT=0 setT=5 keyT=9568 tieT=14
0:5-8:NC: L1SORTV t=131 L=1158 mono=0 setmism=1 keymism=576 tieswap=2 | TOT t=6 recs=18418 monoT=0 setT=6 keyT=10594 tieT=22
0:6-2:NC: L1SORTV t=781 L=1259 mono=0 setmism=1 keymism=585 tieswap=0 | TOT t=6 recs=18797 monoT=0 setT=6 keyT=10623 tieT=33
0:6-3:NC: L1SORTV t=484 L=947 mono=0 setmism=1 keymism=532 tieswap=0 | TOT t=6 recs=18848 monoT=0 setT=6 keyT=10464 tieT=29
0:6-5:NC: L1SORTV t=745 L=897 mono=0 setmism=1 keymism=386 tieswap=0 | TOT t=6 recs=18672 monoT=0 setT=6 keyT=10184 tieT=31
0:6-6:NC: L1SORTV t=327 L=1024 mono=0 setmism=1 keymism=570 tieswap=1 | TOT t=6 recs=18937 monoT=0 setT=6 keyT=10920 tieT=31
0:6-7:NC: L1SORTV t=323 L=244 mono=0 setmism=1 keymism=65 tieswap=0 | TOT t=8 recs=19408 monoT=0 setT=8 keyT=10264 tieT=38
0:6-9:NC: L1SORTV t=292 L=424 mono=0 setmism=1 keymism=154 tieswap=0 | TOT t=7 recs=19528 monoT=0 setT=7 keyT=10940 tieT=38
0:7-0:NC: L1SORTV t=860 L=655 mono=0 setmism=1 keymism=251 tieswap=0 | TOT t=6 recs=19305 monoT=0 setT=6 keyT=10737 tieT=27
0:7-1:NC: L1SORTV t=387 L=396 mono=0 setmism=1 keymism=196 tieswap=0 | TOT t=7 recs=19745 monoT=0 setT=7 keyT=11190 tieT=31
0:7-2:NC: L1SORTV t=835 L=418 mono=0 setmism=1 keymism=101 tieswap=0 | TOT t=7 recs=19747 monoT=0 setT=7 keyT=11916 tieT=15
0:7-3:NC: L1SORTV t=775 L=453 mono=0 setmism=1 keymism=156 tieswap=0 | TOT t=7 recs=20075 monoT=0 setT=7 keyT=11106 tieT=36
0:7-4:NC: L1SORTV t=838 L=222 mono=0 setmism=1 keymism=41 tieswap=0 | TOT t=8 recs=20053 monoT=0 setT=8 keyT=11409 tieT=23
0:7-5:NC: L1SORTV t=770 L=312 mono=0 setmism=1 keymism=123 tieswap=0 | TOT t=7 recs=19491 monoT=0 setT=7 keyT=10727 tieT=50
0:7-6:NC: L1SORTV t=12 L=309 mono=0 setmism=1 keymism=172 tieswap=0 | TOT t=8 recs=20285 monoT=0 setT=8 keyT=11476 tieT=24
0:7-7:NC: L1SORTV t=930 L=157 mono=0 setmism=1 keymism=12 tieswap=0 | TOT t=9 recs=20265 monoT=0 setT=9 keyT=11356 tieT=19
0:7-8:NC: L1SORTV t=880 L=201 mono=0 setmism=1 keymism=43 tieswap=0 | TOT t=8 recs=20049 monoT=0 setT=8 keyT=11588 tieT=38
0:7-9:NC: L1SORTV t=940 L=243 mono=0 setmism=1 keymism=54 tieswap=0 | TOT t=8 recs=20461 monoT=0 setT=8 keyT=12323 tieT=22
0:8-0:NC: L1SORTV t=841 L=211 mono=0 setmism=1 keymism=49 tieswap=0 | TOT t=8 recs=20438 monoT=0 setT=8 keyT=11075 tieT=29
0:8-1:NC: L1SORTV t=845 L=215 mono=0 setmism=1 keymism=55 tieswap=0 | TOT t=9 recs=20890 monoT=0 setT=9 keyT=11388 tieT=21
0:8-3:NC: L1SORTV t=939 L=360 mono=0 setmism=1 keymism=123 tieswap=0 | TOT t=7 recs=20321 monoT=0 setT=7 keyT=11090 tieT=45
0:9-0:NC: L1SORTV t=961 L=127 mono=0 setmism=1 keymism=16 tieswap=0 | TOT t=9 recs=21066 monoT=0 setT=9 keyT=12856 tieT=26
0:9-2:NC: L1SORTV t=932 L=236 mono=0 setmism=1 keymism=47 tieswap=0 | TOT t=8 recs=21050 monoT=0 setT=8 keyT=11671 tieT=62
0:9-3:NC: L1SORTV t=988 L=150 mono=0 setmism=1 keymism=11 tieswap=0 | TOT t=9 recs=21450 monoT=0 setT=9 keyT=12266 tieT=27
0:0-5:NC: L1SORTV t=638 L=4369 mono=0 setmism=1 keymism=2719 tieswap=4 | TOT t=1 recs=4369 monoT=0 setT=1 keyT=2719 tieT=4
0:0-6:NC: L1SORTV t=732 L=4432 mono=0 setmism=1 keymism=2647 tieswap=2 | TOT t=1 recs=4432 monoT=0 setT=1 keyT=2647 tieT=2
0:0-7:NC: L1SORTV t=405 L=4505 mono=0 setmism=1 keymism=2375 tieswap=5 | TOT t=1 recs=4505 monoT=0 setT=1 keyT=2375 tieT=5
0:1-4:NC: L1SORTV t=316 L=3728 mono=0 setmism=1 keymism=2055 tieswap=9 | TOT t=2 recs=8967 monoT=0 setT=2 keyT=5294 tieT=15
0:1-5:NC: L1SORTV t=19 L=3682 mono=0 setmism=1 keymism=2566 tieswap=4 | TOT t=2 recs=8890 monoT=0 setT=2 keyT=5615 tieT=11
0:1-6:NC: L1SORTV t=347 L=3720 mono=0 setmism=1 keymism=2111 tieswap=4 | TOT t=2 recs=8997 monoT=0 setT=2 keyT=5088 tieT=20
0:2-4:NC: L1SORTV t=209 L=2799 mono=0 setmism=1 keymism=1718 tieswap=3 | TOT t=3 recs=11986 monoT=0 setT=3 keyT=7058 tieT=8
0:2-5:NC: L1SORTV t=38 L=2751 mono=0 setmism=1 keymism=1592 tieswap=6 | TOT t=3 recs=12169 monoT=0 setT=3 keyT=7033 tieT=13
0:2-6:NC: L1SORTV t=7 L=2873 mono=0 setmism=1 keymism=2012 tieswap=4 | TOT t=3 recs=12253 monoT=0 setT=3 keyT=7624 tieT=10
0:2-7:NC: L1SORTV t=36 L=2778 mono=0 setmism=1 keymism=1528 tieswap=1 | TOT t=3 recs=12233 monoT=0 setT=3 keyT=7108 tieT=12
0:2-8:NC: L1SORTV t=142 L=1927 mono=0 setmism=1 keymism=1152 tieswap=2 | TOT t=4 recs=14117 monoT=0 setT=4 keyT=8605 tieT=29
0:2-9:NC: L1SORTV t=239 L=2826 mono=0 setmism=1 keymism=1669 tieswap=4 | TOT t=3 recs=12243 monoT=0 setT=3 keyT=7109 tieT=27
0:3-2:NC: L1SORTV t=211 L=2011 mono=0 setmism=1 keymism=1248 tieswap=2 | TOT t=4 recs=14154 monoT=0 setT=4 keyT=8401 tieT=9
0:4-0:NC: L1SORTV t=62 L=1415 mono=0 setmism=1 keymism=859 tieswap=1 | TOT t=5 recs=16156 monoT=0 setT=5 keyT=9549 tieT=30
0:4-2:NC: L1SORTV t=709 L=2095 mono=0 setmism=1 keymism=1089 tieswap=1 | TOT t=4 recs=14899 monoT=0 setT=4 keyT=8115 tieT=39
0:4-3:NC: L1SORTV t=798 L=1486 mono=0 setmism=1 keymism=756 tieswap=4 | TOT t=5 recs=16372 monoT=0 setT=5 keyT=9746 tieT=33
0:4-5:NC: L1SORTV t=342 L=1438 mono=0 setmism=1 keymism=852 tieswap=2 | TOT t=5 recs=16509 monoT=0 setT=5 keyT=9848 tieT=16
0:4-6:NC: L1SORTV t=138 L=1521 mono=0 setmism=1 keymism=831 tieswap=0 | TOT t=5 recs=16597 monoT=0 setT=5 keyT=9784 tieT=39
0:4-7:NC: L1SORTV t=29 L=1525 mono=0 setmism=1 keymism=1007 tieswap=0 | TOT t=5 recs=16507 monoT=0 setT=5 keyT=8523 tieT=45
0:4-8:NC: L1SORTV t=173 L=1381 mono=0 setmism=1 keymism=857 tieswap=3 | TOT t=5 recs=16604 monoT=0 setT=5 keyT=9711 tieT=25
0:4-9:NC: L1SORTV t=294 L=1452 mono=0 setmism=1 keymism=741 tieswap=2 | TOT t=5 recs=16450 monoT=0 setT=5 keyT=9924 tieT=51
0:5-2:NC: L1SORTV t=98 L=1130 mono=0 setmism=1 keymism=480 tieswap=1 | TOT t=6 recs=17802 monoT=0 setT=6 keyT=10413 tieT=19
0:5-3:NC: L1SORTV t=785 L=1099 mono=0 setmism=1 keymism=492 tieswap=1 | TOT t=6 recs=17895 monoT=0 setT=6 keyT=10349 tieT=18
0:5-5:NC: L1SORTV t=707 L=1076 mono=0 setmism=1 keymism=483 tieswap=0 | TOT t=6 recs=18048 monoT=0 setT=6 keyT=9862 tieT=17
0:5-6:NC: L1SORTV t=451 L=922 mono=0 setmism=1 keymism=534 tieswap=2 | TOT t=6 recs=17840 monoT=0 setT=6 keyT=10549 tieT=33
0:5-7:NC: L1SORTV t=150 L=1206 mono=0 setmism=1 keymism=559 tieswap=1 | TOT t=6 recs=18354 monoT=0 setT=6 keyT=10651 tieT=14
0:5-8:NC: L1SORTV t=76 L=595 mono=0 setmism=1 keymism=254 tieswap=1 | TOT t=7 recs=19013 monoT=0 setT=7 keyT=10848 tieT=23
0:5-9:NC: L1SORTV t=386 L=992 mono=0 setmism=1 keymism=597 tieswap=0 | TOT t=6 recs=18082 monoT=0 setT=6 keyT=10463 tieT=22
0:6-0:NC: L1SORTV t=109 L=1077 mono=0 setmism=1 keymism=512 tieswap=0 | TOT t=6 recs=18311 monoT=0 setT=6 keyT=10008 tieT=34
0:6-1:NC: L1SORTV t=149 L=864 mono=0 setmism=1 keymism=436 tieswap=0 | TOT t=6 recs=18335 monoT=0 setT=6 keyT=10975 tieT=19
0:6-3:NC: L1SORTV t=870 L=363 mono=0 setmism=1 keymism=115 tieswap=0 | TOT t=7 recs=19211 monoT=0 setT=7 keyT=10579 tieT=29
0:6-4:NC: L1SORTV t=329 L=902 mono=0 setmism=1 keymism=450 tieswap=0 | TOT t=6 recs=18641 monoT=0 setT=6 keyT=10973 tieT=26
0:6-5:NC: L1SORTV t=355 L=359 mono=0 setmism=1 keymism=153 tieswap=0 | TOT t=7 recs=19031 monoT=0 setT=7 keyT=10337 tieT=31
0:6-6:NC: L1SORTV t=863 L=393 mono=0 setmism=1 keymism=127 tieswap=0 | TOT t=7 recs=19330 monoT=0 setT=7 keyT=11047 tieT=31
0:6-8:NC: L1SORTV t=822 L=734 mono=0 setmism=1 keymism=251 tieswap=0 | TOT t=6 recs=18954 monoT=0 setT=6 keyT=10885 tieT=81
0:6-9:NC: L1SORTV t=147 L=316 mono=0 setmism=1 keymism=80 tieswap=0 | TOT t=8 recs=19844 monoT=0 setT=8 keyT=11020 tieT=38
0:7-0:NC: L1SORTV t=808 L=345 mono=0 setmism=1 keymism=75 tieswap=0 | TOT t=7 recs=19650 monoT=0 setT=7 keyT=10812 tieT=27
0:7-1:NC: L1SORTV t=290 L=254 mono=0 setmism=1 keymism=76 tieswap=0 | TOT t=8 recs=19999 monoT=0 setT=8 keyT=11266 tieT=31
0:7-2:NC: L1SORTV t=1002 L=265 mono=0 setmism=1 keymism=42 tieswap=0 | TOT t=8 recs=20012 monoT=0 setT=8 keyT=11958 tieT=15
0:7-3:NC: L1SORTV t=997 L=236 mono=0 setmism=1 keymism=43 tieswap=0 | TOT t=8 recs=20311 monoT=0 setT=8 keyT=11149 tieT=36
0:7-4:NC: L1SORTV t=963 L=181 mono=0 setmism=1 keymism=19 tieswap=0 | TOT t=9 recs=20234 monoT=0 setT=9 keyT=11428 tieT=23
0:7-5:NC: L1SORTV t=934 L=222 mono=0 setmism=1 keymism=29 tieswap=0 | TOT t=8 recs=19713 monoT=0 setT=8 keyT=10756 tieT=50
0:7-6:NC: L1SORTV t=993 L=145 mono=0 setmism=1 keymism=25 tieswap=0 | TOT t=9 recs=20430 monoT=0 setT=9 keyT=11501 tieT=24
0:7-9:NC: L1SORTV t=114 L=197 mono=0 setmism=1 keymism=37 tieswap=0 | TOT t=9 recs=20658 monoT=0 setT=9 keyT=12360 tieT=22
0:8-3:NC: L1SORTV t=912 L=221 mono=0 setmism=1 keymism=44 tieswap=0 | TOT t=8 recs=20542 monoT=0 setT=8 keyT=11134 tieT=45
0:1-1:NC: L1SORTV t=273 L=3710 mono=0 setmism=1 keymism=2236 tieswap=1 | TOT t=2 recs=8823 monoT=0 setT=2 keyT=5051 tieT=15
0:1-2:NC: L1SORTV t=715 L=3688 mono=0 setmism=1 keymism=2135 tieswap=1 | TOT t=2 recs=8781 monoT=0 setT=2 keyT=5218 tieT=6
0:1-3:NC: L1SORTV t=720 L=3712 mono=0 setmism=1 keymism=2132 tieswap=3 | TOT t=2 recs=8880 monoT=0 setT=2 keyT=4498 tieT=12
0:1-8:NC: L1SORTV t=361 L=2613 mono=0 setmism=1 keymism=1509 tieswap=5 | TOT t=3 recs=11719 monoT=0 setT=3 keyT=6398 tieT=16
0:1-9:NC: L1SORTV t=105 L=2610 mono=0 setmism=1 keymism=1506 tieswap=6 | TOT t=3 recs=11728 monoT=0 setT=3 keyT=6959 tieT=13
0:2-0:NC: L1SORTV t=272 L=2669 mono=0 setmism=1 keymism=1516 tieswap=3 | TOT t=3 recs=11860 monoT=0 setT=3 keyT=6495 tieT=12
0:2-1:NC: L1SORTV t=318 L=2637 mono=0 setmism=1 keymism=1589 tieswap=3 | TOT t=3 recs=11827 monoT=0 setT=3 keyT=5811 tieT=24
0:2-2:NC: L1SORTV t=414 L=2734 mono=0 setmism=1 keymism=1648 tieswap=8 | TOT t=3 recs=12084 monoT=0 setT=3 keyT=7041 tieT=19
0:2-3:NC: L1SORTV t=756 L=2825 mono=0 setmism=1 keymism=1558 tieswap=2 | TOT t=3 recs=12066 monoT=0 setT=3 keyT=6623 tieT=23
0:3-0:NC: L1SORTV t=351 L=1964 mono=0 setmism=1 keymism=1101 tieswap=1 | TOT t=4 recs=14199 monoT=0 setT=4 keyT=8475 tieT=33
0:3-4:NC: L1SORTV t=115 L=1379 mono=0 setmism=1 keymism=790 tieswap=0 | TOT t=5 recs=15955 monoT=0 setT=5 keyT=9407 tieT=18
0:3-5:NC: L1SORTV t=753 L=2035 mono=0 setmism=1 keymism=1032 tieswap=0 | TOT t=4 recs=14490 monoT=0 setT=4 keyT=8253 tieT=20
0:3-6:NC: L1SORTV t=763 L=2018 mono=0 setmism=1 keymism=1056 tieswap=0 | TOT t=4 recs=14560 monoT=0 setT=4 keyT=8800 tieT=19
0:3-7:NC: L1SORTV t=61 L=1351 mono=0 setmism=1 keymism=753 tieswap=0 | TOT t=5 recs=16029 monoT=0 setT=5 keyT=9590 tieT=33
0:3-8:NC: L1SORTV t=750 L=1435 mono=0 setmism=1 keymism=733 tieswap=0 | TOT t=5 recs=16401 monoT=0 setT=5 keyT=9666 tieT=28
0:3-9:NC: L1SORTV t=66 L=2227 mono=0 setmism=1 keymism=1177 tieswap=0 | TOT t=4 recs=14810 monoT=0 setT=4 keyT=8297 tieT=29
0:4-1:NC: L1SORTV t=743 L=677 mono=0 setmism=1 keymism=226 tieswap=0 | TOT t=6 recs=17082 monoT=0 setT=6 keyT=10255 tieT=34
0:4-4:NC: L1SORTV t=33 L=1530 mono=0 setmism=1 keymism=807 tieswap=1 | TOT t=5 recs=16504 monoT=0 setT=5 keyT=9314 tieT=14
0:5-0:NC: L1SORTV t=133 L=1085 mono=0 setmism=1 keymism=434 tieswap=0 | TOT t=6 recs=17567 monoT=0 setT=6 keyT=9174 tieT=27
0:5-1:NC: L1SORTV t=32 L=1511 mono=0 setmism=1 keymism=967 tieswap=1 | TOT t=5 recs=16899 monoT=0 setT=5 keyT=9776 tieT=48
0:5-2:NC: L1SORTV t=816 L=360 mono=0 setmism=1 keymism=111 tieswap=0 | TOT t=7 recs=18162 monoT=0 setT=7 keyT=10524 tieT=19
0:5-3:NC: L1SORTV t=453 L=483 mono=0 setmism=1 keymism=276 tieswap=0 | TOT t=7 recs=18378 monoT=0 setT=7 keyT=10625 tieT=18
0:5-4:NC: L1SORTV t=746 L=1028 mono=0 setmism=1 keymism=453 tieswap=0 | TOT t=6 recs=17906 monoT=0 setT=6 keyT=10021 tieT=14
0:5-6:NC: L1SORTV t=259 L=526 mono=0 setmism=1 keymism=240 tieswap=0 | TOT t=7 recs=18366 monoT=0 setT=7 keyT=10789 tieT=33
0:5-7:NC: L1SORTV t=225 L=374 mono=0 setmism=1 keymism=145 tieswap=0 | TOT t=7 recs=18728 monoT=0 setT=7 keyT=10796 tieT=14
0:5-8:NC: L1SORTV t=357 L=285 mono=0 setmism=1 keymism=144 tieswap=0 | TOT t=8 recs=19298 monoT=0 setT=8 keyT=10992 tieT=23
0:5-9:NC: L1SORTV t=958 L=299 mono=0 setmism=1 keymism=84 tieswap=0 | TOT t=7 recs=18381 monoT=0 setT=7 keyT=10547 tieT=22
0:6-0:NC: L1SORTV t=923 L=299 mono=0 setmism=1 keymism=101 tieswap=0 | TOT t=7 recs=18610 monoT=0 setT=7 keyT=10109 tieT=34
0:6-1:NC: L1SORTV t=883 L=374 mono=0 setmism=1 keymism=98 tieswap=0 | TOT t=7 recs=18709 monoT=0 setT=7 keyT=11073 tieT=19
0:6-2:NC: L1SORTV t=161 L=598 mono=0 setmism=1 keymism=266 tieswap=0 | TOT t=7 recs=19395 monoT=0 setT=7 keyT=10889 tieT=33
0:6-3:NC: L1SORTV t=819 L=260 mono=0 setmism=1 keymism=58 tieswap=0 | TOT t=8 recs=19471 monoT=0 setT=8 keyT=10637 tieT=29
0:6-4:NC: L1SORTV t=868 L=377 mono=0 setmism=1 keymism=96 tieswap=0 | TOT t=7 recs=19018 monoT=0 setT=7 keyT=11069 tieT=26
0:6-5:NC: L1SORTV t=990 L=200 mono=0 setmism=1 keymism=26 tieswap=0 | TOT t=8 recs=19231 monoT=0 setT=8 keyT=10363 tieT=31
0:6-6:NC: L1SORTV t=811 L=302 mono=0 setmism=1 keymism=67 tieswap=0 | TOT t=8 recs=19632 monoT=0 setT=8 keyT=11114 tieT=31
0:6-8:NC: L1SORTV t=904 L=314 mono=0 setmism=1 keymism=81 tieswap=0 | TOT t=7 recs=19268 monoT=0 setT=7 keyT=10966 tieT=81
0:7-0:NC: L1SORTV t=974 L=211 mono=0 setmism=1 keymism=29 tieswap=0 | TOT t=8 recs=19861 monoT=0 setT=8 keyT=10841 tieT=27
0:7-2:NC: L1SORTV t=960 L=152 mono=0 setmism=1 keymism=39 tieswap=0 | TOT t=9 recs=20164 monoT=0 setT=9 keyT=11997 tieT=15
0:7-3:NC: L1SORTV t=1006 L=157 mono=0 setmism=1 keymism=17 tieswap=0 | TOT t=9 recs=20468 monoT=0 setT=9 keyT=11166 tieT=36
0:8-3:NC: L1SORTV t=983 L=168 mono=0 setmism=1 keymism=22 tieswap=0 | TOT t=9 recs=20710 monoT=0 setT=9 keyT=11156 tieT=45
0:0-4:NC: L1SORTV t=698 L=4118 mono=0 setmism=1 keymism=2568 tieswap=3 | TOT t=1 recs=4118 monoT=0 setT=1 keyT=2568 tieT=3
0:0-8:NC: L1SORTV t=430 L=3710 mono=0 setmism=1 keymism=1768 tieswap=11 | TOT t=2 recs=8697 monoT=0 setT=2 keyT=4812 tieT=12
0:0-9:NC: L1SORTV t=5 L=3586 mono=0 setmism=1 keymism=2444 tieswap=6 | TOT t=2 recs=8656 monoT=0 setT=2 keyT=5363 tieT=8
0:1-0:NC: L1SORTV t=241 L=3671 mono=0 setmism=1 keymism=2195 tieswap=4 | TOT t=2 recs=8801 monoT=0 setT=2 keyT=5303 tieT=15
0:1-7:NC: L1SORTV t=640 L=2648 mono=0 setmism=1 keymism=1582 tieswap=1 | TOT t=3 recs=11711 monoT=0 setT=3 keyT=7101 tieT=7
0:2-8:NC: L1SORTV t=60 L=1283 mono=0 setmism=1 keymism=747 tieswap=0 | TOT t=5 recs=15400 monoT=0 setT=5 keyT=9352 tieT=29
0:3-1:NC: L1SORTV t=765 L=1911 mono=0 setmism=1 keymism=882 tieswap=1 | TOT t=4 recs=14142 monoT=0 setT=4 keyT=7579 tieT=14
0:3-2:NC: L1SORTV t=46 L=1289 mono=0 setmism=1 keymism=649 tieswap=1 | TOT t=5 recs=15443 monoT=0 setT=5 keyT=9050 tieT=10
0:3-3:NC: L1SORTV t=264 L=2029 mono=0 setmism=1 keymism=1187 tieswap=0 | TOT t=4 recs=14325 monoT=0 setT=4 keyT=8156 tieT=26
0:3-4:NC: L1SORTV t=228 L=652 mono=0 setmism=1 keymism=262 tieswap=0 | TOT t=6 recs=16607 monoT=0 setT=6 keyT=9669 tieT=18
0:3-7:NC: L1SORTV t=512 L=640 mono=0 setmism=1 keymism=379 tieswap=0 | TOT t=6 recs=16669 monoT=0 setT=6 keyT=9969 tieT=33
0:4-0:NC: L1SORTV t=786 L=1010 mono=0 setmism=1 keymism=446 tieswap=1 | TOT t=6 recs=17166 monoT=0 setT=6 keyT=9995 tieT=31
0:4-1:NC: L1SORTV t=836 L=300 mono=0 setmism=1 keymism=72 tieswap=0 | TOT t=7 recs=17382 monoT=0 setT=7 keyT=10327 tieT=34
0:4-2:NC: L1SORTV t=576 L=1508 mono=0 setmism=1 keymism=917 tieswap=0 | TOT t=5 recs=16407 monoT=0 setT=5 keyT=9032 tieT=39
0:4-3:NC: L1SORTV t=802 L=392 mono=0 setmism=1 keymism=107 tieswap=0 | TOT t=6 recs=16764 monoT=0 setT=6 keyT=9853 tieT=33
0:4-5:NC: L1SORTV t=417 L=798 mono=0 setmism=1 keymism=474 tieswap=1 | TOT t=6 recs=17307 monoT=0 setT=6 keyT=10322 tieT=17
0:4-6:NC: L1SORTV t=293 L=1017 mono=0 setmism=1 keymism=504 tieswap=0 | TOT t=6 recs=17614 monoT=0 setT=6 keyT=10288 tieT=39
0:4-7:NC: L1SORTV t=261 L=1046 mono=0 setmism=1 keymism=560 tieswap=0 | TOT t=6 recs=17553 monoT=0 setT=6 keyT=9083 tieT=45
0:4-8:NC: L1SORTV t=182 L=1017 mono=0 setmism=1 keymism=603 tieswap=0 | TOT t=6 recs=17621 monoT=0 setT=6 keyT=10314 tieT=25
0:4-9:NC: L1SORTV t=139 L=1037 mono=0 setmism=1 keymism=558 tieswap=0 | TOT t=6 recs=17487 monoT=0 setT=6 keyT=10482 tieT=51
0:5-0:NC: L1SORTV t=848 L=294 mono=0 setmism=1 keymism=119 tieswap=0 | TOT t=7 recs=17861 monoT=0 setT=7 keyT=9293 tieT=27
0:5-2:NC: L1SORTV t=968 L=247 mono=0 setmism=1 keymism=38 tieswap=0 | TOT t=8 recs=18409 monoT=0 setT=8 keyT=10562 tieT=19
0:5-3:NC: L1SORTV t=874 L=260 mono=0 setmism=1 keymism=67 tieswap=0 | TOT t=8 recs=18638 monoT=0 setT=8 keyT=10692 tieT=18
0:5-4:NC: L1SORTV t=448 L=490 mono=0 setmism=1 keymism=301 tieswap=0 | TOT t=7 recs=18396 monoT=0 setT=7 keyT=10322 tieT=14
0:5-5:NC: L1SORTV t=420 L=456 mono=0 setmism=1 keymism=250 tieswap=1 | TOT t=7 recs=18504 monoT=0 setT=7 keyT=10112 tieT=18
0:5-6:NC: L1SORTV t=812 L=336 mono=0 setmism=1 keymism=81 tieswap=0 | TOT t=8 recs=18702 monoT=0 setT=8 keyT=10870 tieT=33
0:5-7:NC: L1SORTV t=807 L=284 mono=0 setmism=1 keymism=79 tieswap=0 | TOT t=8 recs=19012 monoT=0 setT=8 keyT=10875 tieT=14
0:5-8:NC: L1SORTV t=1013 L=109 mono=0 setmism=1 keymism=20 tieswap=0 | TOT t=9 recs=19407 monoT=0 setT=9 keyT=11012 tieT=23
0:5-9:NC: L1SORTV t=966 L=234 mono=0 setmism=1 keymism=48 tieswap=0 | TOT t=8 recs=18615 monoT=0 setT=8 keyT=10595 tieT=22
0:6-0:NC: L1SORTV t=959 L=255 mono=0 setmism=1 keymism=82 tieswap=0 | TOT t=8 recs=18865 monoT=0 setT=8 keyT=10191 tieT=34
0:6-1:NC: L1SORTV t=837 L=297 mono=0 setmism=1 keymism=84 tieswap=0 | TOT t=8 recs=19006 monoT=0 setT=8 keyT=11157 tieT=19
0:6-2:NC: L1SORTV t=843 L=234 mono=0 setmism=1 keymism=83 tieswap=0 | TOT t=8 recs=19629 monoT=0 setT=8 keyT=10972 tieT=33
0:6-3:NC: L1SORTV t=1016 L=98 mono=0 setmism=1 keymism=3 tieswap=0 | TOT t=9 recs=19569 monoT=0 setT=9 keyT=10640 tieT=29
0:6-4:NC: L1SORTV t=818 L=262 mono=0 setmism=1 keymism=52 tieswap=0 | TOT t=8 recs=19280 monoT=0 setT=8 keyT=11121 tieT=26
0:6-5:NC: L1SORTV t=994 L=162 mono=0 setmism=1 keymism=23 tieswap=0 | TOT t=9 recs=19393 monoT=0 setT=9 keyT=10386 tieT=31
0:6-6:NC: L1SORTV t=1017 L=93 mono=0 setmism=1 keymism=7 tieswap=0 | TOT t=9 recs=19725 monoT=0 setT=9 keyT=11121 tieT=31
0:6-8:NC: L1SORTV t=1003 L=230 mono=0 setmism=1 keymism=24 tieswap=0 | TOT t=8 recs=19498 monoT=0 setT=8 keyT=10990 tieT=81
0:0-3:NC: L1SORTV t=365 L=4188 mono=0 setmism=1 keymism=1952 tieswap=6 | TOT t=1 recs=4188 monoT=0 setT=1 keyT=1952 tieT=6
0:0-5:NC: L1SORTV t=423 L=3109 mono=0 setmism=1 keymism=1728 tieswap=10 | TOT t=2 recs=7478 monoT=0 setT=2 keyT=4447 tieT=14
0:1-4:NC: L1SORTV t=156 L=2581 mono=0 setmism=1 keymism=1503 tieswap=2 | TOT t=3 recs=11548 monoT=0 setT=3 keyT=6797 tieT=17
0:1-5:NC: L1SORTV t=274 L=2632 mono=0 setmism=1 keymism=1404 tieswap=0 | TOT t=3 recs=11522 monoT=0 setT=3 keyT=7019 tieT=11
0:1-6:NC: L1SORTV t=235 L=2654 mono=0 setmism=1 keymism=1556 tieswap=4 | TOT t=3 recs=11651 monoT=0 setT=3 keyT=6644 tieT=24
0:1-9:NC: L1SORTV t=547 L=1914 mono=0 setmism=1 keymism=1087 tieswap=2 | TOT t=4 recs=13642 monoT=0 setT=4 keyT=8046 tieT=15
0:2-1:NC: L1SORTV t=34 L=1988 mono=0 setmism=1 keymism=1142 tieswap=0 | TOT t=4 recs=13815 monoT=0 setT=4 keyT=6953 tieT=24
0:2-2:NC: L1SORTV t=255 L=1934 mono=0 setmism=1 keymism=1019 tieswap=0 | TOT t=4 recs=14018 monoT=0 setT=4 keyT=8060 tieT=19
0:2-4:NC: L1SORTV t=122 L=2023 mono=0 setmism=1 keymism=1207 tieswap=4 | TOT t=4 recs=14009 monoT=0 setT=4 keyT=8265 tieT=12
0:2-5:NC: L1SORTV t=233 L=2018 mono=0 setmism=1 keymism=1199 tieswap=2 | TOT t=4 recs=14187 monoT=0 setT=4 keyT=8232 tieT=15
0:2-6:NC: L1SORTV t=158 L=1995 mono=0 setmism=1 keymism=1141 tieswap=0 | TOT t=4 recs=14248 monoT=0 setT=4 keyT=8765 tieT=10
0:2-7:NC: L1SORTV t=8 L=2049 mono=0 setmism=1 keymism=1406 tieswap=3 | TOT t=4 recs=14282 monoT=0 setT=4 keyT=8514 tieT=15
0:2-9:NC: L1SORTV t=237 L=2114 mono=0 setmism=1 keymism=1240 tieswap=2 | TOT t=4 recs=14357 monoT=0 setT=4 keyT=8349 tieT=29
0:3-0:NC: L1SORTV t=177 L=1334 mono=0 setmism=1 keymism=790 tieswap=0 | TOT t=5 recs=15533 monoT=0 setT=5 keyT=9265 tieT=33
0:3-4:NC: L1SORTV t=925 L=241 mono=0 setmism=1 keymism=66 tieswap=0 | TOT t=7 recs=16848 monoT=0 setT=7 keyT=9735 tieT=18
0:3-5:NC: L1SORTV t=450 L=1022 mono=0 setmism=1 keymism=605 tieswap=0 | TOT t=5 recs=15512 monoT=0 setT=5 keyT=8858 tieT=20
0:3-6:NC: L1SORTV t=205 L=1288 mono=0 setmism=1 keymism=748 tieswap=3 | TOT t=5 recs=15848 monoT=0 setT=5 keyT=9548 tieT=22
0:3-7:NC: L1SORTV t=1001 L=283 mono=0 setmism=1 keymism=50 tieswap=0 | TOT t=7 recs=16952 monoT=0 setT=7 keyT=10019 tieT=33
0:3-8:NC: L1SORTV t=353 L=731 mono=0 setmism=1 keymism=420 tieswap=1 | TOT t=6 recs=17132 monoT=0 setT=6 keyT=10086 tieT=29
0:3-9:NC: L1SORTV t=828 L=1399 mono=0 setmism=1 keymism=752 tieswap=0 | TOT t=5 recs=16209 monoT=0 setT=5 keyT=9049 tieT=29
0:4-0:NC: L1SORTV t=859 L=316 mono=0 setmism=1 keymism=98 tieswap=0 | TOT t=7 recs=17482 monoT=0 setT=7 keyT=10093 tieT=31
0:4-1:NC: L1SORTV t=977 L=209 mono=0 setmism=1 keymism=27 tieswap=0 | TOT t=8 recs=17591 monoT=0 setT=8 keyT=10354 tieT=34
0:4-3:NC: L1SORTV t=881 L=287 mono=0 setmism=1 keymism=81 tieswap=0 | TOT t=7 recs=17051 monoT=0 setT=7 keyT=9934 tieT=33
0:4-4:NC: L1SORTV t=821 L=843 mono=0 setmism=1 keymism=339 tieswap=0 | TOT t=6 recs=17347 monoT=0 setT=6 keyT=9653 tieT=14
0:4-5:NC: L1SORTV t=892 L=366 mono=0 setmism=1 keymism=117 tieswap=0 | TOT t=7 recs=17673 monoT=0 setT=7 keyT=10439 tieT=17
0:4-6:NC: L1SORTV t=999 L=332 mono=0 setmism=1 keymism=60 tieswap=0 | TOT t=7 recs=17946 monoT=0 setT=7 keyT=10348 tieT=39
0:4-7:NC: L1SORTV t=909 L=370 mono=0 setmism=1 keymism=83 tieswap=0 | TOT t=7 recs=17923 monoT=0 setT=7 keyT=9166 tieT=45
0:4-8:NC: L1SORTV t=862 L=398 mono=0 setmism=1 keymism=151 tieswap=0 | TOT t=7 recs=18019 monoT=0 setT=7 keyT=10465 tieT=25
0:4-9:NC: L1SORTV t=853 L=289 mono=0 setmism=1 keymism=37 tieswap=0 | TOT t=7 recs=17776 monoT=0 setT=7 keyT=10519 tieT=51
0:5-0:NC: L1SORTV t=44 L=347 mono=0 setmism=1 keymism=105 tieswap=0 | TOT t=8 recs=18208 monoT=0 setT=8 keyT=9398 tieT=27
0:5-1:NC: L1SORTV t=797 L=1082 mono=0 setmism=1 keymism=531 tieswap=0 | TOT t=6 recs=17981 monoT=0 setT=6 keyT=10307 tieT=48
0:5-2:NC: L1SORTV t=1015 L=116 mono=0 setmism=1 keymism=18 tieswap=0 | TOT t=9 recs=18525 monoT=0 setT=9 keyT=10580 tieT=19
0:5-3:NC: L1SORTV t=1023 L=112 mono=0 setmism=1 keymism=16 tieswap=0 | TOT t=9 recs=18750 monoT=0 setT=9 keyT=10708 tieT=18
0:5-4:NC: L1SORTV t=864 L=277 mono=0 setmism=1 keymism=96 tieswap=0 | TOT t=8 recs=18673 monoT=0 setT=8 keyT=10418 tieT=14
0:5-5:NC: L1SORTV t=857 L=285 mono=0 setmism=1 keymism=89 tieswap=0 | TOT t=8 recs=18789 monoT=0 setT=8 keyT=10201 tieT=18
0:5-6:NC: L1SORTV t=1014 L=114 mono=0 setmism=1 keymism=20 tieswap=0 | TOT t=9 recs=18816 monoT=0 setT=9 keyT=10890 tieT=33
0:5-7:NC: L1SORTV t=1020 L=99 mono=0 setmism=1 keymism=16 tieswap=0 | TOT t=9 recs=19111 monoT=0 setT=9 keyT=10891 tieT=14
0:5-9:NC: L1SORTV t=1012 L=104 mono=0 setmism=1 keymism=14 tieswap=0 | TOT t=9 recs=18719 monoT=0 setT=9 keyT=10609 tieT=22
0:6-0:NC: L1SORTV t=1011 L=98 mono=0 setmism=1 keymism=7 tieswap=0 | TOT t=9 recs=18963 monoT=0 setT=9 keyT=10198 tieT=34
0:6-1:NC: L1SORTV t=1021 L=96 mono=0 setmism=1 keymism=9 tieswap=0 | TOT t=9 recs=19102 monoT=0 setT=9 keyT=11166 tieT=19
0:6-2:NC: L1SORTV t=805 L=220 mono=0 setmism=1 keymism=41 tieswap=0 | TOT t=9 recs=19849 monoT=0 setT=9 keyT=11013 tieT=33
0:6-4:NC: L1SORTV t=1018 L=106 mono=0 setmism=1 keymism=9 tieswap=0 | TOT t=9 recs=19386 monoT=0 setT=9 keyT=11130 tieT=26
0:0-6:NC: L1SORTV t=373 L=3312 mono=0 setmism=1 keymism=1816 tieswap=1 | TOT t=2 recs=7744 monoT=0 setT=2 keyT=4463 tieT=3
0:0-7:NC: L1SORTV t=478 L=3264 mono=0 setmism=1 keymism=2034 tieswap=5 | TOT t=2 recs=7769 monoT=0 setT=2 keyT=4409 tieT=10
0:1-1:NC: L1SORTV t=203 L=2454 mono=0 setmism=1 keymism=1551 tieswap=1 | TOT t=3 recs=11277 monoT=0 setT=3 keyT=6602 tieT=16
0:1-2:NC: L1SORTV t=117 L=2521 mono=0 setmism=1 keymism=1438 tieswap=7 | TOT t=3 recs=11302 monoT=0 setT=3 keyT=6656 tieT=13
0:1-3:NC: L1SORTV t=762 L=2748 mono=0 setmism=1 keymism=1549 tieswap=0 | TOT t=3 recs=11628 monoT=0 setT=3 keyT=6047 tieT=12
0:1-8:NC: L1SORTV t=200 L=1969 mono=0 setmism=1 keymism=1060 tieswap=1 | TOT t=4 recs=13688 monoT=0 setT=4 keyT=7458 tieT=17
0:2-0:NC: L1SORTV t=0 L=1888 mono=0 setmism=1 keymism=1435 tieswap=3 | TOT t=4 recs=13748 monoT=0 setT=4 keyT=7930 tieT=15
0:2-3:NC: L1SORTV t=188 L=1970 mono=0 setmism=1 keymism=1076 tieswap=1 | TOT t=4 recs=14036 monoT=0 setT=4 keyT=7699 tieT=24
0:2-8:NC: L1SORTV t=178 L=685 mono=0 setmism=1 keymism=363 tieswap=0 | TOT t=6 recs=16085 monoT=0 setT=6 keyT=9715 tieT=29
0:3-1:NC: L1SORTV t=10 L=1322 mono=0 setmism=1 keymism=862 tieswap=1 | TOT t=5 recs=15464 monoT=0 setT=5 keyT=8441 tieT=15
0:3-2:NC: L1SORTV t=194 L=716 mono=0 setmism=1 keymism=339 tieswap=0 | TOT t=6 recs=16159 monoT=0 setT=6 keyT=9389 tieT=10
0:3-3:NC: L1SORTV t=95 L=1364 mono=0 setmism=1 keymism=712 tieswap=1 | TOT t=5 recs=15689 monoT=0 setT=5 keyT=8868 tieT=27
0:3-4:NC: L1SORTV t=943 L=206 mono=0 setmism=1 keymism=36 tieswap=0 | TOT t=8 recs=17054 monoT=0 setT=8 keyT=9771 tieT=18
0:3-5:NC: L1SORTV t=320 L=774 mono=0 setmism=1 keymism=452 tieswap=0 | TOT t=6 recs=16286 monoT=0 setT=6 keyT=9310 tieT=20
0:3-6:NC: L1SORTV t=326 L=820 mono=0 setmism=1 keymism=438 tieswap=0 | TOT t=6 recs=16668 monoT=0 setT=6 keyT=9986 tieT=22
0:3-7:NC: L1SORTV t=872 L=223 mono=0 setmism=1 keymism=37 tieswap=0 | TOT t=8 recs=17175 monoT=0 setT=8 keyT=10056 tieT=33
0:3-8:NC: L1SORTV t=1000 L=281 mono=0 setmism=1 keymism=43 tieswap=0 | TOT t=7 recs=17413 monoT=0 setT=7 keyT=10129 tieT=29
0:4-0:NC: L1SORTV t=979 L=202 mono=0 setmism=1 keymism=31 tieswap=0 | TOT t=8 recs=17684 monoT=0 setT=8 keyT=10124 tieT=31
0:4-2:NC: L1SORTV t=705 L=514 mono=0 setmism=1 keymism=175 tieswap=0 | TOT t=6 recs=16921 monoT=0 setT=6 keyT=9207 tieT=39
0:4-3:NC: L1SORTV t=389 L=198 mono=0 setmism=1 keymism=60 tieswap=0 | TOT t=8 recs=17249 monoT=0 setT=8 keyT=9994 tieT=33
0:4-4:NC: L1SORTV t=899 L=334 mono=0 setmism=1 keymism=83 tieswap=0 | TOT t=7 recs=17681 monoT=0 setT=7 keyT=9736 tieT=14
0:4-5:NC: L1SORTV t=322 L=250 mono=0 setmism=1 keymism=88 tieswap=0 | TOT t=8 recs=17923 monoT=0 setT=8 keyT=10527 tieT=17
0:4-6:NC: L1SORTV t=895 L=280 mono=0 setmism=1 keymism=57 tieswap=0 | TOT t=8 recs=18226 monoT=0 setT=8 keyT=10405 tieT=39
0:4-7:NC: L1SORTV t=878 L=273 mono=0 setmism=1 keymism=57 tieswap=0 | TOT t=8 recs=18196 monoT=0 setT=8 keyT=9223 tieT=45
0:4-8:NC: L1SORTV t=737 L=291 mono=0 setmism=1 keymism=86 tieswap=0 | TOT t=8 recs=18310 monoT=0 setT=8 keyT=10551 tieT=25
0:4-9:NC: L1SORTV t=289 L=287 mono=0 setmism=1 keymism=111 tieswap=0 | TOT t=8 recs=18063 monoT=0 setT=8 keyT=10630 tieT=51
0:5-1:NC: L1SORTV t=851 L=396 mono=0 setmism=1 keymism=155 tieswap=0 | TOT t=7 recs=18377 monoT=0 setT=7 keyT=10462 tieT=48
0:5-4:NC: L1SORTV t=1022 L=105 mono=0 setmism=1 keymism=10 tieswap=0 | TOT t=9 recs=18778 monoT=0 setT=9 keyT=10428 tieT=14
0:5-5:NC: L1SORTV t=1019 L=102 mono=0 setmism=1 keymism=16 tieswap=0 | TOT t=9 recs=18891 monoT=0 setT=9 keyT=10217 tieT=18
0:0-4:NC: L1SORTV t=677 L=3037 mono=0 setmism=1 keymism=1833 tieswap=0 | TOT t=2 recs=7155 monoT=0 setT=2 keyT=4401 tieT=3
0:0-5:NC: L1SORTV t=265 L=2582 mono=0 setmism=1 keymism=1580 tieswap=4 | TOT t=3 recs=10060 monoT=0 setT=3 keyT=6027 tieT=18
0:0-8:NC: L1SORTV t=212 L=2294 mono=0 setmism=1 keymism=1421 tieswap=3 | TOT t=3 recs=10991 monoT=0 setT=3 keyT=6233 tieT=15
0:0-9:NC: L1SORTV t=244 L=2418 mono=0 setmism=1 keymism=1324 tieswap=3 | TOT t=3 recs=11074 monoT=0 setT=3 keyT=6687 tieT=11
0:1-0:NC: L1SORTV t=167 L=2471 mono=0 setmism=1 keymism=1409 tieswap=4 | TOT t=3 recs=11272 monoT=0 setT=3 keyT=6712 tieT=19
0:1-5:NC: L1SORTV t=297 L=1950 mono=0 setmism=1 keymism=1090 tieswap=5 | TOT t=4 recs=13472 monoT=0 setT=4 keyT=8109 tieT=16
0:1-7:NC: L1SORTV t=280 L=1971 mono=0 setmism=1 keymism=1030 tieswap=1 | TOT t=4 recs=13682 monoT=0 setT=4 keyT=8131 tieT=8
0:1-9:NC: L1SORTV t=198 L=1288 mono=0 setmism=1 keymism=677 tieswap=0 | TOT t=5 recs=14930 monoT=0 setT=5 keyT=8723 tieT=15
0:2-1:NC: L1SORTV t=295 L=1249 mono=0 setmism=1 keymism=636 tieswap=0 | TOT t=5 recs=15064 monoT=0 setT=5 keyT=7589 tieT=24
0:2-2:NC: L1SORTV t=48 L=1179 mono=0 setmism=1 keymism=465 tieswap=0 | TOT t=5 recs=15197 monoT=0 setT=5 keyT=8525 tieT=19
0:2-4:NC: L1SORTV t=108 L=1219 mono=0 setmism=1 keymism=671 tieswap=3 | TOT t=5 recs=15228 monoT=0 setT=5 keyT=8936 tieT=15
0:2-5:NC: L1SORTV t=141 L=1238 mono=0 setmism=1 keymism=722 tieswap=3 | TOT t=5 recs=15425 monoT=0 setT=5 keyT=8954 tieT=18
0:2-6:NC: L1SORTV t=799 L=1407 mono=0 setmism=1 keymism=666 tieswap=0 | TOT t=5 recs=15655 monoT=0 setT=5 keyT=9431 tieT=10
0:2-7:NC: L1SORTV t=483 L=1193 mono=0 setmism=1 keymism=713 tieswap=0 | TOT t=5 recs=15475 monoT=0 setT=5 keyT=9227 tieT=15
0:2-8:NC: L1SORTV t=888 L=261 mono=0 setmism=1 keymism=68 tieswap=0 | TOT t=7 recs=16346 monoT=0 setT=7 keyT=9783 tieT=29
0:2-9:NC: L1SORTV t=174 L=1275 mono=0 setmism=1 keymism=701 tieswap=2 | TOT t=5 recs=15632 monoT=0 setT=5 keyT=9050 tieT=31
0:3-0:NC: L1SORTV t=192 L=560 mono=0 setmism=1 keymism=318 tieswap=0 | TOT t=6 recs=16093 monoT=0 setT=6 keyT=9583 tieT=33
0:3-2:NC: L1SORTV t=907 L=288 mono=0 setmism=1 keymism=55 tieswap=0 | TOT t=7 recs=16447 monoT=0 setT=7 keyT=9444 tieT=10
0:3-5:NC: L1SORTV t=946 L=240 mono=0 setmism=1 keymism=44 tieswap=0 | TOT t=7 recs=16526 monoT=0 setT=7 keyT=9354 tieT=20
0:3-6:NC: L1SORTV t=956 L=331 mono=0 setmism=1 keymism=98 tieswap=1 | TOT t=7 recs=16999 monoT=0 setT=7 keyT=10084 tieT=23
0:3-8:NC: L1SORTV t=842 L=215 mono=0 setmism=1 keymism=67 tieswap=0 | TOT t=8 recs=17628 monoT=0 setT=8 keyT=10196 tieT=29
0:3-9:NC: L1SORTV t=801 L=473 mono=0 setmism=1 keymism=199 tieswap=0 | TOT t=6 recs=16682 monoT=0 setT=6 keyT=9248 tieT=29
0:4-2:NC: L1SORTV t=809 L=312 mono=0 setmism=1 keymism=57 tieswap=0 | TOT t=7 recs=17233 monoT=0 setT=7 keyT=9264 tieT=39
0:4-4:NC: L1SORTV t=773 L=237 mono=0 setmism=1 keymism=58 tieswap=0 | TOT t=8 recs=17918 monoT=0 setT=8 keyT=9794 tieT=14
0:4-6:NC: L1SORTV t=80 L=230 mono=0 setmism=1 keymism=36 tieswap=0 | TOT t=9 recs=18456 monoT=0 setT=9 keyT=10441 tieT=39
0:5-1:NC: L1SORTV t=875 L=272 mono=0 setmism=1 keymism=63 tieswap=0 | TOT t=8 recs=18649 monoT=0 setT=8 keyT=10525 tieT=48
0:0-3:NC: L1SORTV t=679 L=3009 mono=0 setmism=1 keymism=1678 tieswap=1 | TOT t=2 recs=7197 monoT=0 setT=2 keyT=3630 tieT=7
0:1-2:NC: L1SORTV t=793 L=1799 mono=0 setmism=1 keymism=872 tieswap=0 | TOT t=4 recs=13101 monoT=0 setT=4 keyT=7528 tieT=13
0:1-3:NC: L1SORTV t=263 L=1982 mono=0 setmism=1 keymism=1092 tieswap=2 | TOT t=4 recs=13610 monoT=0 setT=4 keyT=7139 tieT=14
0:1-4:NC: L1SORTV t=157 L=1922 mono=0 setmism=1 keymism=1091 tieswap=0 | TOT t=4 recs=13470 monoT=0 setT=4 keyT=7888 tieT=17
0:1-6:NC: L1SORTV t=1 L=1932 mono=0 setmism=1 keymism=1372 tieswap=2 | TOT t=4 recs=13583 monoT=0 setT=4 keyT=8016 tieT=26
0:1-8:NC: L1SORTV t=176 L=1243 mono=0 setmism=1 keymism=702 tieswap=0 | TOT t=5 recs=14931 monoT=0 setT=5 keyT=8160 tieT=17
0:2-0:NC: L1SORTV t=77 L=1152 mono=0 setmism=1 keymism=564 tieswap=2 | TOT t=5 recs=14900 monoT=0 setT=5 keyT=8494 tieT=17
0:2-1:NC: L1SORTV t=830 L=489 mono=0 setmism=1 keymism=145 tieswap=0 | TOT t=6 recs=15553 monoT=0 setT=6 keyT=7734 tieT=24
0:2-2:NC: L1SORTV t=831 L=705 mono=0 setmism=1 keymism=277 tieswap=0 | TOT t=6 recs=15902 monoT=0 setT=6 keyT=8802 tieT=19
0:2-3:NC: L1SORTV t=59 L=1278 mono=0 setmism=1 keymism=723 tieswap=0 | TOT t=5 recs=15314 monoT=0 setT=5 keyT=8422 tieT=24
0:2-5:NC: L1SORTV t=130 L=782 mono=0 setmism=1 keymism=356 tieswap=0 | TOT t=6 recs=16207 monoT=0 setT=6 keyT=9310 tieT=18
0:2-7:NC: L1SORTV t=163 L=789 mono=0 setmism=1 keymism=371 tieswap=1 | TOT t=6 recs=16264 monoT=0 setT=6 keyT=9598 tieT=16
0:2-8:NC: L1SORTV t=871 L=244 mono=0 setmism=1 keymism=51 tieswap=0 | TOT t=8 recs=16590 monoT=0 setT=8 keyT=9834 tieT=29
0:3-0:NC: L1SORTV t=900 L=321 mono=0 setmism=1 keymism=78 tieswap=0 | TOT t=7 recs=16414 monoT=0 setT=7 keyT=9661 tieT=33
0:3-1:NC: L1SORTV t=181 L=697 mono=0 setmism=1 keymism=399 tieswap=0 | TOT t=6 recs=16161 monoT=0 setT=6 keyT=8840 tieT=15
0:3-2:NC: L1SORTV t=847 L=193 mono=0 setmism=1 keymism=36 tieswap=0 | TOT t=8 recs=16640 monoT=0 setT=8 keyT=9480 tieT=10
0:3-3:NC: L1SORTV t=224 L=517 mono=0 setmism=1 keymism=286 tieswap=0 | TOT t=6 recs=16206 monoT=0 setT=6 keyT=9154 tieT=27
0:3-5:NC: L1SORTV t=986 L=185 mono=0 setmism=1 keymism=33 tieswap=0 | TOT t=8 recs=16711 monoT=0 setT=8 keyT=9387 tieT=20
0:3-6:NC: L1SORTV t=806 L=207 mono=0 setmism=1 keymism=34 tieswap=0 | TOT t=8 recs=17206 monoT=0 setT=8 keyT=10118 tieT=23
0:3-9:NC: L1SORTV t=877 L=350 mono=0 setmism=1 keymism=93 tieswap=0 | TOT t=7 recs=17032 monoT=0 setT=7 keyT=9341 tieT=29
0:4-2:NC: L1SORTV t=976 L=201 mono=0 setmism=1 keymism=25 tieswap=0 | TOT t=8 recs=17434 monoT=0 setT=8 keyT=9289 tieT=39
0:5-1:NC: L1SORTV t=1010 L=110 mono=0 setmism=1 keymism=2 tieswap=0 | TOT t=9 recs=18759 monoT=0 setT=9 keyT=10527 tieT=48
0:0-5:NC: L1SORTV t=516 L=1774 mono=0 setmism=1 keymism=1024 tieswap=0 | TOT t=4 recs=11834 monoT=0 setT=4 keyT=7051 tieT=18
0:0-6:NC: L1SORTV t=68 L=2504 mono=0 setmism=1 keymism=1440 tieswap=1 | TOT t=3 recs=10248 monoT=0 setT=3 keyT=5903 tieT=4
0:0-7:NC: L1SORTV t=199 L=2496 mono=0 setmism=1 keymism=1382 tieswap=1 | TOT t=3 recs=10265 monoT=0 setT=3 keyT=5791 tieT=11
0:0-8:NC: L1SORTV t=206 L=1522 mono=0 setmism=1 keymism=893 tieswap=0 | TOT t=4 recs=12513 monoT=0 setT=4 keyT=7126 tieT=15
0:0-9:NC: L1SORTV t=50 L=1709 mono=0 setmism=1 keymism=926 tieswap=0 | TOT t=4 recs=12783 monoT=0 setT=4 keyT=7613 tieT=11
0:1-1:NC: L1SORTV t=752 L=1952 mono=0 setmism=1 keymism=1008 tieswap=0 | TOT t=4 recs=13229 monoT=0 setT=4 keyT=7610 tieT=16
0:1-5:NC: L1SORTV t=340 L=1247 mono=0 setmism=1 keymism=619 tieswap=0 | TOT t=5 recs=14719 monoT=0 setT=5 keyT=8728 tieT=16
0:1-7:NC: L1SORTV t=545 L=1339 mono=0 setmism=1 keymism=775 tieswap=0 | TOT t=5 recs=15021 monoT=0 setT=5 keyT=8906 tieT=8
0:1-8:NC: L1SORTV t=800 L=536 mono=0 setmism=1 keymism=329 tieswap=2 | TOT t=6 recs=15467 monoT=0 setT=6 keyT=8489 tieT=19
0:1-9:NC: L1SORTV t=740 L=632 mono=0 setmism=1 keymism=236 tieswap=0 | TOT t=6 recs=15562 monoT=0 setT=6 keyT=8959 tieT=15
0:2-0:NC: L1SORTV t=776 L=645 mono=0 setmism=1 keymism=272 tieswap=0 | TOT t=6 recs=15545 monoT=0 setT=6 keyT=8766 tieT=17
0:2-1:NC: L1SORTV t=936 L=305 mono=0 setmism=1 keymism=64 tieswap=0 | TOT t=7 recs=15858 monoT=0 setT=7 keyT=7798 tieT=24
0:2-2:NC: L1SORTV t=951 L=232 mono=0 setmism=1 keymism=65 tieswap=0 | TOT t=7 recs=16134 monoT=0 setT=7 keyT=8867 tieT=19
0:2-3:NC: L1SORTV t=861 L=473 mono=0 setmism=1 keymism=167 tieswap=0 | TOT t=6 recs=15787 monoT=0 setT=6 keyT=8589 tieT=24
0:2-4:NC: L1SORTV t=128 L=752 mono=0 setmism=1 keymism=414 tieswap=0 | TOT t=6 recs=15980 monoT=0 setT=6 keyT=9350 tieT=15
0:2-5:NC: L1SORTV t=164 L=326 mono=0 setmism=1 keymism=91 tieswap=0 | TOT t=7 recs=16533 monoT=0 setT=7 keyT=9401 tieT=18
0:2-6:NC: L1SORTV t=175 L=699 mono=0 setmism=1 keymism=300 tieswap=1 | TOT t=6 recs=16354 monoT=0 setT=6 keyT=9731 tieT=11
0:2-7:NC: L1SORTV t=854 L=281 mono=0 setmism=1 keymism=47 tieswap=0 | TOT t=7 recs=16545 monoT=0 setT=7 keyT=9645 tieT=16
0:2-9:NC: L1SORTV t=179 L=707 mono=0 setmism=1 keymism=385 tieswap=0 | TOT t=6 recs=16339 monoT=0 setT=6 keyT=9435 tieT=31
0:3-0:NC: L1SORTV t=846 L=213 mono=0 setmism=1 keymism=46 tieswap=0 | TOT t=8 recs=16627 monoT=0 setT=8 keyT=9707 tieT=33
0:3-1:NC: L1SORTV t=893 L=305 mono=0 setmism=1 keymism=71 tieswap=0 | TOT t=7 recs=16466 monoT=0 setT=7 keyT=8911 tieT=15
0:3-3:NC: L1SORTV t=922 L=253 mono=0 setmism=1 keymism=84 tieswap=0 | TOT t=7 recs=16459 monoT=0 setT=7 keyT=9238 tieT=27
0:3-9:NC: L1SORTV t=145 L=357 mono=0 setmism=1 keymism=107 tieswap=0 | TOT t=8 recs=17389 monoT=0 setT=8 keyT=9448 tieT=29
0:0-4:NC: L1SORTV t=302 L=2188 mono=0 setmism=1 keymism=1196 tieswap=1 | TOT t=3 recs=9343 monoT=0 setT=3 keyT=5597 tieT=4
0:1-0:NC: L1SORTV t=42 L=1795 mono=0 setmism=1 keymism=1037 tieswap=1 | TOT t=4 recs=13067 monoT=0 setT=4 keyT=7749 tieT=20
0:1-2:NC: L1SORTV t=778 L=653 mono=0 setmism=1 keymism=263 tieswap=0 | TOT t=5 recs=13754 monoT=0 setT=5 keyT=7791 tieT=13
0:1-3:NC: L1SORTV t=127 L=1197 mono=0 setmism=1 keymism=601 tieswap=0 | TOT t=5 recs=14807 monoT=0 setT=5 keyT=7740 tieT=14
0:1-4:NC: L1SORTV t=783 L=1232 mono=0 setmism=1 keymism=519 tieswap=1 | TOT t=5 recs=14702 monoT=0 setT=5 keyT=8407 tieT=18
0:1-5:NC: L1SORTV t=260 L=468 mono=0 setmism=1 keymism=202 tieswap=0 | TOT t=6 recs=15187 monoT=0 setT=6 keyT=8930 tieT=16
0:1-6:NC: L1SORTV t=795 L=1193 mono=0 setmism=1 keymism=640 tieswap=0 | TOT t=5 recs=14776 monoT=0 setT=5 keyT=8656 tieT=26
0:1-8:NC: L1SORTV t=906 L=274 mono=0 setmism=1 keymism=51 tieswap=0 | TOT t=7 recs=15741 monoT=0 setT=7 keyT=8540 tieT=19
0:1-9:NC: L1SORTV t=896 L=249 mono=0 setmism=1 keymism=96 tieswap=0 | TOT t=7 recs=15811 monoT=0 setT=7 keyT=9055 tieT=15
0:2-0:NC: L1SORTV t=902 L=306 mono=0 setmism=1 keymism=83 tieswap=0 | TOT t=7 recs=15851 monoT=0 setT=7 keyT=8849 tieT=17
0:2-1:NC: L1SORTV t=804 L=226 mono=0 setmism=1 keymism=37 tieswap=0 | TOT t=8 recs=16084 monoT=0 setT=8 keyT=7835 tieT=24
0:2-2:NC: L1SORTV t=884 L=191 mono=0 setmism=1 keymism=25 tieswap=0 | TOT t=8 recs=16325 monoT=0 setT=8 keyT=8892 tieT=19
0:2-3:NC: L1SORTV t=967 L=280 mono=0 setmism=1 keymism=78 tieswap=0 | TOT t=7 recs=16067 monoT=0 setT=7 keyT=8667 tieT=24
0:2-4:NC: L1SORTV t=998 L=259 mono=0 setmism=1 keymism=51 tieswap=0 | TOT t=7 recs=16239 monoT=0 setT=7 keyT=9401 tieT=15
0:2-5:NC: L1SORTV t=964 L=201 mono=0 setmism=1 keymism=25 tieswap=0 | TOT t=8 recs=16734 monoT=0 setT=8 keyT=9426 tieT=18
0:2-6:NC: L1SORTV t=855 L=294 mono=0 setmism=1 keymism=83 tieswap=0 | TOT t=7 recs=16648 monoT=0 setT=7 keyT=9814 tieT=11
0:2-7:NC: L1SORTV t=1005 L=211 mono=0 setmism=1 keymism=44 tieswap=0 | TOT t=8 recs=16756 monoT=0 setT=8 keyT=9689 tieT=16
0:2-9:NC: L1SORTV t=891 L=378 mono=0 setmism=1 keymism=134 tieswap=0 | TOT t=7 recs=16717 monoT=0 setT=7 keyT=9569 tieT=31
0:3-1:NC: L1SORTV t=772 L=224 mono=0 setmism=1 keymism=43 tieswap=0 | TOT t=8 recs=16690 monoT=0 setT=8 keyT=8954 tieT=15
0:3-3:NC: L1SORTV t=914 L=207 mono=0 setmism=1 keymism=44 tieswap=0 | TOT t=8 recs=16666 monoT=0 setT=8 keyT=9282 tieT=27
0:0-3:NC: L1SORTV t=792 L=2162 mono=0 setmism=1 keymism=996 tieswap=1 | TOT t=3 recs=9359 monoT=0 setT=3 keyT=4626 tieT=8
0:0-5:NC: L1SORTV t=738 L=516 mono=0 setmism=1 keymism=173 tieswap=0 | TOT t=5 recs=12350 monoT=0 setT=5 keyT=7224 tieT=18
0:0-8:NC: L1SORTV t=162 L=1213 mono=0 setmism=1 keymism=667 tieswap=1 | TOT t=5 recs=13726 monoT=0 setT=5 keyT=7793 tieT=16
0:0-9:NC: L1SORTV t=196 L=932 mono=0 setmism=1 keymism=563 tieswap=0 | TOT t=5 recs=13715 monoT=0 setT=5 keyT=8176 tieT=11
0:1-1:NC: L1SORTV t=43 L=837 mono=0 setmism=1 keymism=369 tieswap=3 | TOT t=5 recs=14066 monoT=0 setT=5 keyT=7979 tieT=19
0:1-2:NC: L1SORTV t=356 L=296 mono=0 setmism=1 keymism=134 tieswap=0 | TOT t=6 recs=14050 monoT=0 setT=6 keyT=7925 tieT=13
0:1-5:NC: L1SORTV t=898 L=272 mono=0 setmism=1 keymism=53 tieswap=0 | TOT t=7 recs=15459 monoT=0 setT=7 keyT=8983 tieT=16
0:1-6:NC: L1SORTV t=481 L=664 mono=0 setmism=1 keymism=366 tieswap=1 | TOT t=6 recs=15440 monoT=0 setT=6 keyT=9022 tieT=27
0:1-7:NC: L1SORTV t=817 L=472 mono=0 setmism=1 keymism=155 tieswap=0 | TOT t=6 recs=15493 monoT=0 setT=6 keyT=9061 tieT=8
0:1-8:NC: L1SORTV t=421 L=191 mono=0 setmism=1 keymism=77 tieswap=0 | TOT t=8 recs=15932 monoT=0 setT=8 keyT=8617 tieT=19
0:1-9:NC: L1SORTV t=879 L=211 mono=0 setmism=1 keymism=39 tieswap=0 | TOT t=8 recs=16022 monoT=0 setT=8 keyT=9094 tieT=15
0:2-0:NC: L1SORTV t=992 L=163 mono=0 setmism=1 keymism=40 tieswap=0 | TOT t=8 recs=16014 monoT=0 setT=8 keyT=8889 tieT=17
0:2-3:NC: L1SORTV t=931 L=209 mono=0 setmism=1 keymism=24 tieswap=0 | TOT t=8 recs=16276 monoT=0 setT=8 keyT=8691 tieT=24
0:2-4:NC: L1SORTV t=965 L=212 mono=0 setmism=1 keymism=38 tieswap=0 | TOT t=8 recs=16451 monoT=0 setT=8 keyT=9439 tieT=15
0:2-6:NC: L1SORTV t=324 L=225 mono=0 setmism=1 keymism=48 tieswap=0 | TOT t=8 recs=16873 monoT=0 setT=8 keyT=9862 tieT=11
0:2-9:NC: L1SORTV t=919 L=193 mono=0 setmism=1 keymism=58 tieswap=0 | TOT t=8 recs=16910 monoT=0 setT=8 keyT=9627 tieT=31
0:0-2:NC: L1SORTV t=70 L=3933 mono=0 setmism=1 keymism=2291 tieswap=3 | TOT t=1 recs=3933 monoT=0 setT=1 keyT=2291 tieT=3
0:0-4:NC: L1SORTV t=514 L=1559 mono=0 setmism=1 keymism=929 tieswap=0 | TOT t=4 recs=10902 monoT=0 setT=4 keyT=6526 tieT=4
0:0-5:NC: L1SORTV t=11 L=399 mono=0 setmism=1 keymism=222 tieswap=0 | TOT t=6 recs=12749 monoT=0 setT=6 keyT=7446 tieT=18
0:0-6:NC: L1SORTV t=52 L=1806 mono=0 setmism=1 keymism=1090 tieswap=1 | TOT t=4 recs=12054 monoT=0 setT=4 keyT=6993 tieT=5
0:0-7:NC: L1SORTV t=125 L=1738 mono=0 setmism=1 keymism=963 tieswap=0 | TOT t=4 recs=12003 monoT=0 setT=4 keyT=6754 tieT=11
0:0-8:NC: L1SORTV t=180 L=603 mono=0 setmism=1 keymism=298 tieswap=0 | TOT t=6 recs=14329 monoT=0 setT=6 keyT=8091 tieT=16
0:0-9:NC: L1SORTV t=876 L=380 mono=0 setmism=1 keymism=128 tieswap=0 | TOT t=6 recs=14095 monoT=0 setT=6 keyT=8304 tieT=11
0:1-0:NC: L1SORTV t=739 L=524 mono=0 setmism=1 keymism=148 tieswap=1 | TOT t=5 recs=13591 monoT=0 setT=5 keyT=7897 tieT=21
0:1-1:NC: L1SORTV t=905 L=300 mono=0 setmism=1 keymism=76 tieswap=0 | TOT t=6 recs=14366 monoT=0 setT=6 keyT=8055 tieT=19
0:1-2:NC: L1SORTV t=991 L=207 mono=0 setmism=1 keymism=39 tieswap=0 | TOT t=7 recs=14257 monoT=0 setT=7 keyT=7964 tieT=13
0:1-3:NC: L1SORTV t=165 L=698 mono=0 setmism=1 keymism=310 tieswap=0 | TOT t=6 recs=15505 monoT=0 setT=6 keyT=8050 tieT=14
0:1-4:NC: L1SORTV t=390 L=519 mono=0 setmism=1 keymism=283 tieswap=1 | TOT t=6 recs=15221 monoT=0 setT=6 keyT=8690 tieT=19
0:1-5:NC: L1SORTV t=984 L=125 mono=0 setmism=1 keymism=7 tieswap=0 | TOT t=8 recs=15584 monoT=0 setT=8 keyT=8990 tieT=16
0:1-6:NC: L1SORTV t=803 L=311 mono=0 setmism=1 keymism=84 tieswap=0 | TOT t=7 recs=15751 monoT=0 setT=7 keyT=9106 tieT=27
0:1-7:NC: L1SORTV t=921 L=253 mono=0 setmism=1 keymism=76 tieswap=0 | TOT t=7 recs=15746 monoT=0 setT=7 keyT=9137 tieT=8
0:0-3:NC: L1SORTV t=64 L=1557 mono=0 setmism=1 keymism=1029 tieswap=1 | TOT t=4 recs=10916 monoT=0 setT=4 keyT=5655 tieT=9
0:0-5:NC: L1SORTV t=948 L=220 mono=0 setmism=1 keymism=53 tieswap=0 | TOT t=7 recs=12969 monoT=0 setT=7 keyT=7499 tieT=18
0:0-8:NC: L1SORTV t=852 L=244 mono=0 setmism=1 keymism=29 tieswap=0 | TOT t=7 recs=14573 monoT=0 setT=7 keyT=8120 tieT=16
0:0-9:NC: L1SORTV t=926 L=271 mono=0 setmism=1 keymism=98 tieswap=0 | TOT t=7 recs=14366 monoT=0 setT=7 keyT=8402 tieT=11
0:1-0:NC: L1SORTV t=79 L=425 mono=0 setmism=1 keymism=120 tieswap=0 | TOT t=6 recs=14016 monoT=0 setT=6 keyT=8017 tieT=21
0:1-1:NC: L1SORTV t=388 L=262 mono=0 setmism=1 keymism=97 tieswap=0 | TOT t=7 recs=14628 monoT=0 setT=7 keyT=8152 tieT=19
0:1-2:NC: L1SORTV t=950 L=173 mono=0 setmism=1 keymism=39 tieswap=0 | TOT t=8 recs=14430 monoT=0 setT=8 keyT=8003 tieT=13
0:1-3:NC: L1SORTV t=844 L=255 mono=0 setmism=1 keymism=93 tieswap=0 | TOT t=7 recs=15760 monoT=0 setT=7 keyT=8143 tieT=14
0:1-4:NC: L1SORTV t=920 L=255 mono=0 setmism=1 keymism=88 tieswap=0 | TOT t=7 recs=15476 monoT=0 setT=7 keyT=8778 tieT=19
0:1-7:NC: L1SORTV t=978 L=192 mono=0 setmism=1 keymism=27 tieswap=0 | TOT t=8 recs=15938 monoT=0 setT=8 keyT=9164 tieT=8
0:0-4:NC: L1SORTV t=385 L=1087 mono=0 setmism=1 keymism=669 tieswap=1 | TOT t=5 recs=11989 monoT=0 setT=5 keyT=7195 tieT=5
0:0-6:NC: L1SORTV t=672 L=979 mono=0 setmism=1 keymism=556 tieswap=0 | TOT t=5 recs=13033 monoT=0 setT=5 keyT=7549 tieT=5
0:0-7:NC: L1SORTV t=744 L=692 mono=0 setmism=1 keymism=277 tieswap=1 | TOT t=5 recs=12695 monoT=0 setT=5 keyT=7031 tieT=12
0:0-8:NC: L1SORTV t=980 L=177 mono=0 setmism=1 keymism=20 tieswap=0 | TOT t=8 recs=14750 monoT=0 setT=8 keyT=8140 tieT=16
0:0-9:NC: L1SORTV t=112 L=260 mono=0 setmism=1 keymism=56 tieswap=0 | TOT t=8 recs=14626 monoT=0 setT=8 keyT=8458 tieT=11
0:1-0:NC: L1SORTV t=933 L=244 mono=0 setmism=1 keymism=47 tieswap=0 | TOT t=7 recs=14260 monoT=0 setT=7 keyT=8064 tieT=21
0:1-3:NC: L1SORTV t=887 L=181 mono=0 setmism=1 keymism=33 tieswap=0 | TOT t=8 recs=15941 monoT=0 setT=8 keyT=8176 tieT=14
0:1-4:NC: L1SORTV t=1009 L=120 mono=0 setmism=1 keymism=3 tieswap=0 | TOT t=8 recs=15596 monoT=0 setT=8 keyT=8781 tieT=19
0:0-3:NC: L1SORTV t=788 L=1043 mono=0 setmism=1 keymism=504 tieswap=0 | TOT t=5 recs=11959 monoT=0 setT=5 keyT=6159 tieT=9
0:0-4:NC: L1SORTV t=193 L=443 mono=0 setmism=1 keymism=176 tieswap=0 | TOT t=6 recs=12432 monoT=0 setT=6 keyT=7371 tieT=5
0:0-6:NC: L1SORTV t=972 L=267 mono=0 setmism=1 keymism=53 tieswap=0 | TOT t=6 recs=13300 monoT=0 setT=6 keyT=7602 tieT=5
0:0-7:NC: L1SORTV t=257 L=339 mono=0 setmism=1 keymism=134 tieswap=0 | TOT t=6 recs=13034 monoT=0 setT=6 keyT=7165 tieT=12
0:1-0:NC: L1SORTV t=981 L=128 mono=0 setmism=1 keymism=11 tieswap=0 | TOT t=8 recs=14388 monoT=0 setT=8 keyT=8075 tieT=21
0:0-2:NC: L1SORTV t=72 L=2796 mono=0 setmism=1 keymism=1614 tieswap=6 | TOT t=2 recs=6729 monoT=0 setT=2 keyT=3905 tieT=9
0:0-3:NC: L1SORTV t=226 L=376 mono=0 setmism=1 keymism=154 tieswap=0 | TOT t=6 recs=12335 monoT=0 setT=6 keyT=6313 tieT=9
0:0-4:NC: L1SORTV t=858 L=264 mono=0 setmism=1 keymism=75 tieswap=0 | TOT t=7 recs=12696 monoT=0 setT=7 keyT=7446 tieT=5
0:0-6:NC: L1SORTV t=911 L=235 mono=0 setmism=1 keymism=50 tieswap=0 | TOT t=7 recs=13535 monoT=0 setT=7 keyT=7652 tieT=5
0:0-7:NC: L1SORTV t=953 L=226 mono=0 setmism=1 keymism=56 tieswap=0 | TOT t=7 recs=13260 monoT=0 setT=7 keyT=7221 tieT=12
0:0-1:NC: L1SORTV t=215 L=3159 mono=0 setmism=1 keymism=1942 tieswap=0 | TOT t=1 recs=3159 monoT=0 setT=1 keyT=1942 tieT=0
0:0-3:NC: L1SORTV t=913 L=238 mono=0 setmism=1 keymism=57 tieswap=0 | TOT t=7 recs=12573 monoT=0 setT=7 keyT=6370 tieT=9
0:0-4:NC: L1SORTV t=814 L=207 mono=0 setmism=1 keymism=42 tieswap=0 | TOT t=8 recs=12903 monoT=0 setT=8 keyT=7488 tieT=5
0:0-7:NC: L1SORTV t=113 L=207 mono=0 setmism=1 keymism=43 tieswap=0 | TOT t=8 recs=13467 monoT=0 setT=8 keyT=7264 tieT=12
0:0-3:NC: L1SORTV t=916 L=195 mono=0 setmism=1 keymism=38 tieswap=0 | TOT t=8 recs=12768 monoT=0 setT=8 keyT=6408 tieT=9
0:0-2:NC: L1SORTV t=754 L=2031 mono=0 setmism=1 keymism=1025 tieswap=2 | TOT t=3 recs=8760 monoT=0 setT=3 keyT=4930 tieT=11
0:0-1:NC: L1SORTV t=382 L=2240 mono=0 setmism=1 keymism=1431 tieswap=0 | TOT t=2 recs=5399 monoT=0 setT=2 keyT=3373 tieT=0
0:0-2:NC: L1SORTV t=780 L=1330 mono=0 setmism=1 keymism=692 tieswap=1 | TOT t=4 recs=10090 monoT=0 setT=4 keyT=5622 tieT=12
0:0-1:NC: L1SORTV t=673 L=1593 mono=0 setmism=1 keymism=822 tieswap=1 | TOT t=3 recs=6992 monoT=0 setT=3 keyT=4195 tieT=1
0:0-0:NC: L1SORTV t=37 L=2799 mono=0 setmism=1 keymism=1553 tieswap=2 | TOT t=1 recs=2799 monoT=0 setT=1 keyT=1553 tieT=2
0:0-2:NC: L1SORTV t=820 L=424 mono=0 setmism=1 keymism=134 tieswap=0 | TOT t=5 recs=10514 monoT=0 setT=5 keyT=5756 tieT=12
0:0-1:NC: L1SORTV t=449 L=901 mono=0 setmism=1 keymism=577 tieswap=0 | TOT t=4 recs=7893 monoT=0 setT=4 keyT=4772 tieT=1
0:0-2:NC: L1SORTV t=935 L=276 mono=0 setmism=1 keymism=52 tieswap=0 | TOT t=6 recs=10790 monoT=0 setT=6 keyT=5808 tieT=12
0:0-1:NC: L1SORTV t=227 L=494 mono=0 setmism=1 keymism=197 tieswap=0 | TOT t=5 recs=8387 monoT=0 setT=5 keyT=4969 tieT=1
0:0-2:NC: L1SORTV t=769 L=175 mono=0 setmism=1 keymism=43 tieswap=0 | TOT t=7 recs=10965 monoT=0 setT=7 keyT=5851 tieT=12
0:0-0:NC: L1SORTV t=546 L=1931 mono=0 setmism=1 keymism=1104 tieswap=1 | TOT t=2 recs=4730 monoT=0 setT=2 keyT=2657 tieT=3
0:0-1:NC: L1SORTV t=927 L=247 mono=0 setmism=1 keymism=73 tieswap=0 | TOT t=6 recs=8634 monoT=0 setT=6 keyT=5042 tieT=1
0:0-1:NC: L1SORTV t=975 L=160 mono=0 setmism=1 keymism=11 tieswap=0 | TOT t=7 recs=8794 monoT=0 setT=7 keyT=5053 tieT=1
0:0-0:NC: L1SORTV t=78 L=1134 mono=0 setmism=1 keymism=594 tieswap=1 | TOT t=3 recs=5864 monoT=0 setT=3 keyT=3251 tieT=4
0:0-0:NC: L1SORTV t=81 L=839 mono=0 setmism=1 keymism=409 tieswap=2 | TOT t=4 recs=6703 monoT=0 setT=4 keyT=3660 tieT=6
0:0-0:NC: L1SORTV t=954 L=267 mono=0 setmism=1 keymism=76 tieswap=0 | TOT t=5 recs=6970 monoT=0 setT=5 keyT=3736 tieT=6
0:0-0:NC: L1SORTV t=915 L=207 mono=0 setmism=1 keymism=44 tieswap=0 | TOT t=6 recs=7177 monoT=0 setT=6 keyT=3780 tieT=6
=== sample clean lines ===
0:10-8:NC: L1SORTV t=616 L=8057 mono=0 setmism=1 keymism=4773 tieswap=17 | TOT t=1 recs=8057 monoT=0 setT=1 keyT=4773 tieT=17
0:10-9:NC: L1SORTV t=601 L=8100 mono=0 setmism=1 keymism=5142 tieswap=11 | TOT t=1 recs=8100 monoT=0 setT=1 keyT=5142 tieT=11
0:10-1:NC: L1SORTV t=551 L=7696 mono=0 setmism=1 keymism=4560 tieswap=18 | TOT t=1 recs=7696 monoT=0 setT=1 keyT=4560 tieT=18
0:10-3:NC: L1SORTV t=502 L=7850 mono=0 setmism=1 keymism=4017 tieswap=14 | TOT t=1 recs=7850 monoT=0 setT=1 keyT=4017 tieT=14
=== per-core grand totals (sorted, last line per core) ===
      2  t=9 recs=20468 monoT=0 setT=9 keyT=11166 tieT=36
      2  t=9 recs=20658 monoT=0 setT=9 keyT=12360 tieT=22
      2  t=9 recs=20710 monoT=0 setT=9 keyT=11156 tieT=45
      2  t=9 recs=20764 monoT=0 setT=9 keyT=11946 tieT=28
      2  t=9 recs=20771 monoT=0 setT=9 keyT=11544 tieT=42
      2  t=9 recs=20863 monoT=0 setT=9 keyT=11826 tieT=37
      2  t=9 recs=20890 monoT=0 setT=9 keyT=11388 tieT=21
      2  t=9 recs=21041 monoT=0 setT=9 keyT=12269 tieT=40
      2  t=9 recs=21066 monoT=0 setT=9 keyT=12856 tieT=26
      2  t=9 recs=21236 monoT=0 setT=9 keyT=13086 tieT=31
      2  t=9 recs=21450 monoT=0 setT=9 keyT=12266 tieT=27
      2  t=9 recs=21494 monoT=0 setT=9 keyT=11270 tieT=47
      2  t=9 recs=21754 monoT=0 setT=9 keyT=12918 tieT=64
      2  t=9 recs=21814 monoT=0 setT=9 keyT=12506 tieT=35
      2  t=9 recs=21978 monoT=0 setT=9 keyT=12924 tieT=19
      2  t=9 recs=22093 monoT=0 setT=8 keyT=12584 tieT=34
      2  t=9 recs=22114 monoT=0 setT=9 keyT=12611 tieT=36
      2  t=9 recs=22124 monoT=0 setT=9 keyT=12308 tieT=34
      2  t=9 recs=22138 monoT=0 setT=9 keyT=12564 tieT=29
      2  t=9 recs=22153 monoT=0 setT=9 keyT=13232 tieT=24
=====SUMMARY=====
SUMMARY backend=tt blend_mode=2 views=1 hero_vs_gt=46.78dB hero_vs_ref=63.85dB min_vs_ref=63.85dB min_vs_gt=46.78dB ms/view=312.2 (proj=39.4 ta=25.1 sort=237.4 blend=0.0) shot=opt/metal-screenshots/ttw-m1verify/hero.png shot_diff=opt/metal-screenshots/ttw-m1verify/hero_diff10.png
