================ BUILD ID ================
  cpp : #92 sha=53e4e13 bin=151d79e9ef8fcec4 L1 profile deliverables: ensure 53e4e13 built
  data: # sha= 
=========================================
host=yyzo-bh-03  tag=noc-l1  timeout=700s  worry=600s  ts=2026-06-01T19:26:17-0700
cmd: NOC=1 bash opt/profiler/run_l1_devprof.sh
-----------------------------------------
BUILD-ID VERIFY OK: cpp#92 bin=151d79e9ef8fcec4 matches the built+stamped artifact
[devprof-l1] NOC_EVENTS=1 enabled (will emit /localdev/smarton/tt-metal/generated/profiler/.logs/noc_trace_dev0_ID0.json)
[devprof-l1] launching render (L1-resident bucket + CB_FENCE, device profiler ON)
2026-06-02 02:26:19.487 | info     |             UMD | Creating TopologyDiscovery for architecture: blackhole (topology_discovery.cpp:75)
2026-06-02 02:26:19.487 | info     |             UMD | Starting topology discovery. (topology_discovery.cpp:92)
2026-06-02 02:26:19.487 | warning  |             UMD | Low power mode is disabled while UMD holds open file descriptors. The device will return to low power mode once all file descriptors are closed. (topology_discovery.cpp:143)
2026-06-02 02:26:19.487 | warning  |             UMD | KMD version 2.4.1 does not support power state management. (pci_device.cpp:1067)
2026-06-02 02:26:19.487 | info     |             UMD | Established firmware bundle version: 18.12.1 (topology_discovery.cpp:544)
2026-06-02 02:26:19.487 | info     |             UMD | Completed topology discovery. (topology_discovery.cpp:96)
2026-06-02 02:26:19.488 | info     |          Device | Opening user mode device driver (tt_cluster.cpp:225)
2026-06-02 02:26:19.488 | info     |             UMD | Cluster constructor started. (cluster.cpp:317)
2026-06-02 02:26:19.488 | info     |             UMD | Creating TopologyDiscovery for architecture: blackhole (topology_discovery.cpp:75)
2026-06-02 02:26:19.488 | info     |             UMD | Starting topology discovery. (topology_discovery.cpp:92)
2026-06-02 02:26:19.488 | warning  |             UMD | Low power mode is disabled while UMD holds open file descriptors. The device will return to low power mode once all file descriptors are closed. (topology_discovery.cpp:143)
2026-06-02 02:26:19.488 | warning  |             UMD | KMD version 2.4.1 does not support power state management. (pci_device.cpp:1067)
2026-06-02 02:26:19.488 | info     |             UMD | Established firmware bundle version: 18.12.1 (topology_discovery.cpp:544)
2026-06-02 02:26:19.488 | info     |             UMD | Completed topology discovery. (topology_discovery.cpp:96)
2026-06-02 02:26:19.488 | info     |             UMD | Harvesting masks for Chip 0: Tensix: 0xc0 DRAM: 0x8 ETH: 0x3fff PCIe: 0x2 L2CPU: 0x0 (cluster.cpp:270)
2026-06-02 02:26:19.488 | info     |             UMD | Initializing iommu for sysmem (size: 0x40000000). (silicon_sysmem_manager.cpp:334)
2026-06-02 02:26:19.488 | info     |             UMD | Allocating sysmem for IOMMU (size: 0x40000000). (silicon_sysmem_manager.cpp:340)
2026-06-02 02:26:19.527 | warning  |             UMD | KMD version 2.4.1 does not support power state management. (pci_device.cpp:1067)
2026-06-02 02:26:19.527 | info     |             UMD | Opening local chip ids/PCIe ids: {0}/[0] and remote chip ids {} (cluster.cpp:159)
2026-06-02 02:26:19.527 | info     |             UMD | IOMMU: enabled (cluster.cpp:133)
2026-06-02 02:26:19.527 | info     |             UMD | KMD version: 2.4.1 (cluster.cpp:136)
2026-06-02 02:26:19.527 | info     |             UMD | Cluster constructor completed. (cluster.cpp:409)
2026-06-02 02:26:19.530 | info     |             UMD | Starting devices in cluster (cluster.cpp:1044)
2026-06-02 02:26:19.530 | info     |             UMD | Mapped sysmem without hugepages to IOVA 0x80000000; NOC address 0x1000000000000000 (silicon_sysmem_manager.cpp:391)
2026-06-02 02:26:19.531 | info     |             UMD | Starting devices in cluster completed. (cluster.cpp:1052)
2026-06-02 02:26:20.014 | info     |     Distributed | Using auto discovery to generate mesh graph. (metal_env.cpp:332)
2026-06-02 02:26:20.014 | info     |     Distributed | Constructing control plane using auto-discovery (no mesh graph descriptor). (metal_env.cpp:394)
2026-06-02 02:26:20.014 | info     |             UMD | Creating TopologyDiscovery for architecture: blackhole (topology_discovery.cpp:75)
2026-06-02 02:26:20.014 | info     |             UMD | Starting topology discovery. (topology_discovery.cpp:92)
2026-06-02 02:26:20.014 | warning  |             UMD | Low power mode is disabled while UMD holds open file descriptors. The device will return to low power mode once all file descriptors are closed. (topology_discovery.cpp:143)
2026-06-02 02:26:20.014 | warning  |             UMD | KMD version 2.4.1 does not support power state management. (pci_device.cpp:1067)
2026-06-02 02:26:20.014 | info     |             UMD | Established firmware bundle version: 18.12.1 (topology_discovery.cpp:544)
2026-06-02 02:26:20.014 | info     |             UMD | Completed topology discovery. (topology_discovery.cpp:96)
2026-06-02 02:26:20.015 | warning  |          Always | Unknown motherboard 'X670E GAMING PLUS WIFI (MS-7E16)' for chip_id=0 (bus_id=0x1) — defaulting tray_id to 0. Add this motherboard and its bus IDs to mobo_to_bus_ids in physical_system_discovery.cpp. (physical_system_discovery.cpp:62)
2026-06-02 02:26:20.015 | info     |          Fabric | TopologyMapper: Logical Multi-Mesh Adjacency Map: (topology_mapper.cpp:1474)
2026-06-02 02:26:20.015 | info     |          Fabric | 
=== Logical Mesh-Level Graph Adjacency Map ===
Total nodes: 1
Degree histogram: {0:1}
 (topology_solver.tpp:94)
2026-06-02 02:26:20.015 | info     |          Fabric | 
=== Logical Mesh 0 Internal Graph Adjacency Map ===
Total nodes: 1
Degree histogram: {0:1}
 (topology_solver.tpp:94)
2026-06-02 02:26:20.015 | info     |          Fabric | TopologyMapper: Physical Multi-Mesh Adjacency Map: (topology_mapper.cpp:1485)
2026-06-02 02:26:20.015 | info     |          Fabric | 
=== Physical Mesh-Level Graph Adjacency Map ===
Total nodes: 1
Degree histogram: {0:1}
 (topology_solver.tpp:94)
2026-06-02 02:26:20.015 | info     |          Fabric | 
=== Physical Mesh 0 Internal Graph Adjacency Map ===
Total nodes: 1
Degree histogram: {0:1}
 (topology_solver.tpp:94)
2026-06-02 02:26:20.015 | info     |          Fabric | Starting multi-mesh mapping: 1 logical mesh(es) to 1 physical mesh(es) (topology_mapper_utils.cpp:1469)
2026-06-02 02:26:20.015 | info     |          Fabric | Multi-mesh mapping attempt 1/2: Trying inter-mesh mapping (topology_mapper_utils.cpp:1510)
2026-06-02 02:26:20.015 | info     |          Fabric | Attempt 1: Inter-mesh mapping succeeded, found 1 mesh pair(s) (topology_mapper_utils.cpp:1539)
2026-06-02 02:26:20.015 | info     |          Fabric | Attempt 1: Mapping 1 mesh pair(s) (topology_mapper_utils.cpp:1547)
2026-06-02 02:26:20.015 | info     |          Fabric | Attempt 1: Mapping mesh 0 -> 0 (topology_mapper_utils.cpp:1554)
2026-06-02 02:26:20.015 | info     |          Fabric | Multi-mesh mapping succeeded after 1 attempt(s): 1 mesh pair(s) mapped (topology_mapper_utils.cpp:1686)
2026-06-02 02:26:20.174 | info     |           Metal | Profiler started on device 0 (profiler_initializer.cpp:49)
2026-06-02 02:26:20.380 | info     |           Metal | ShmResourceTracker: removed stale shm '/tt_d2h_60507_3713277821_0' (shm_resource_tracker.cpp:265)
2026-06-02 02:26:20.380 | info     |           Metal | ShmResourceTracker: removed stale manifest '/dev/shm/tt_socket_manifest_60507' (shm_resource_tracker.cpp:275)
2026-06-02 02:26:20.380 | info     |           Metal | ShmResourceTracker: removed orphaned shm '/tt_device_7490744194894819707_memory' (shm_resource_tracker.cpp:282)
2026-06-02 02:26:20.969 | info     |           Metal | [Real-time profiler] Device 0 sync complete: 100 samples, frequency=1.349981 GHz, device_time_at_sync=18369311926244 cycles (realtime_profiler_manager.cpp:1082)
[BUCKET_CULL] P_kept=3369033 tiles=1024 floor=6.10352e-05 cull_disabled=0 exec=5912.07ms
[SORT] stage=RP P=3369033 P_kept=3369033 num_tiles=1024 max_tile_n=26544 bin=797.52 up=0.44 kernel=13.19 d2h=0.00 compact=0.00 publish=7.25 total=6730.68ms
[CULL_SPLIT] candidates=3369033 masks=12.88MB exec=2500.1 ms masks_addr=0xa08ee00 end=0xad70280 base_addr=0x9eb5600
[BLEND_SPLIT] upload=0.5 (attrs=0.0MB ids=0.0MB resident) exec=6456.8 readback=2.0 total=6459.3 ms
[BLEND_ADDR] cull_masks=0xa08ee00 out=0xa269ec0(sz=0x600000) tile_ids=0x54d3ec0 xramp=0xa267ec0 yramp=0xa268ec0 payload=0x0(sz=0x0)
[BLEND_DEVICE] resident_blend=8962.9 ms (host_build=0)
2026-06-02 02:26:37.063 | warning  |           Metal | Profiler DRAM buffers were full, markers were dropped! device 0, worker core 1, 2, Risc BRISC,  bufferEndIndex = 11908. Please either decrease the number of ops being profiled or run read device profiler more often (profiler.cpp:1532)
2026-06-02 02:26:37.064 | warning  |           Metal | Profiler DRAM buffers were full, markers were dropped! device 0, worker core 1, 2, Risc NCRISC,  bufferEndIndex = 11776. Please either decrease the number of ops being profiled or run read device profiler more often (profiler.cpp:1532)
2026-06-02 02:26:37.064 | warning  |           Metal | Profiler DRAM buffers were full, markers were dropped! device 0, worker core 1, 3, Risc BRISC,  bufferEndIndex = 11896. Please either decrease the number of ops being profiled or run read device profiler more often (profiler.cpp:1532)
2026-06-02 02:26:37.064 | warning  |           Metal | Profiler DRAM buffers were full, markers were dropped! device 0, worker core 1, 3, Risc NCRISC,  bufferEndIndex = 11764. Please either decrease the number of ops being profiled or run read device profiler more often (profiler.cpp:1532)
2026-06-02 02:26:37.065 | warning  |           Metal | Profiler DRAM buffers were full, markers were dropped! device 0, worker core 1, 4, Risc BRISC,  bufferEndIndex = 11896. Please either decrease the number of ops being profiled or run read device profiler more often (profiler.cpp:1532)
2026-06-02 02:26:37.065 | warning  |           Metal | Profiler DRAM buffers were full, markers were dropped! device 0, worker core 1, 4, Risc NCRISC,  bufferEndIndex = 11764. Please either decrease the number of ops being profiled or run read device profiler more often (profiler.cpp:1532)
2026-06-02 02:26:37.065 | warning  |           Metal | Profiler DRAM buffers were full, markers were dropped! device 0, worker core 1, 5, Risc BRISC,  bufferEndIndex = 11896. Please either decrease the number of ops being profiled or run read device profiler more often (profiler.cpp:1532)
2026-06-02 02:26:37.065 | warning  |           Metal | Profiler DRAM buffers were full, markers were dropped! device 0, worker core 1, 5, Risc NCRISC,  bufferEndIndex = 11764. Please either decrease the number of ops being profiled or run read device profiler more often (profiler.cpp:1532)
2026-06-02 02:26:37.066 | warning  |           Metal | Profiler DRAM buffers were full, markers were dropped! device 0, worker core 1, 6, Risc BRISC,  bufferEndIndex = 11896. Please either decrease the number of ops being profiled or run read device profiler more often (profiler.cpp:1532)
2026-06-02 02:26:37.066 | warning  |           Metal | Profiler DRAM buffers were full, markers were dropped! device 0, worker core 1, 6, Risc NCRISC,  bufferEndIndex = 11764. Please either decrease the number of ops being profiled or run read device profiler more often (profiler.cpp:1532)
2026-06-02 02:26:37.066 | warning  |           Metal | Profiler DRAM buffers were full, markers were dropped! device 0, worker core 1, 7, Risc BRISC,  bufferEndIndex = 11804. Please either decrease the number of ops being profiled or run read device profiler more often (profiler.cpp:1532)
2026-06-02 02:26:37.066 | warning  |           Metal | Profiler DRAM buffers were full, markers were dropped! device 0, worker core 1, 7, Risc NCRISC,  bufferEndIndex = 11992. Please either decrease the number of ops being profiled or run read device profiler more often (profiler.cpp:1532)
2026-06-02 02:26:37.067 | warning  |           Metal | Profiler DRAM buffers were full, markers were dropped! device 0, worker core 1, 8, Risc BRISC,  bufferEndIndex = 11804. Please either decrease the number of ops being profiled or run read device profiler more often (profiler.cpp:1532)
2026-06-02 02:26:37.067 | warning  |           Metal | Profiler DRAM buffers were full, markers were dropped! device 0, worker core 1, 8, Risc NCRISC,  bufferEndIndex = 11992. Please either decrease the number of ops being profiled or run read device profiler more often (profiler.cpp:1532)
2026-06-02 02:26:37.067 | warning  |           Metal | Profiler DRAM buffers were full, markers were dropped! device 0, worker core 1, 9, Risc BRISC,  bufferEndIndex = 12000. Please either decrease the number of ops being profiled or run read device profiler more often (profiler.cpp:1532)
2026-06-02 02:26:37.068 | warning  |           Metal | Profiler DRAM buffers were full, markers were dropped! device 0, worker core 1, 9, Risc NCRISC,  bufferEndIndex = 11992. Please either decrease the number of ops being profiled or run read device profiler more often (profiler.cpp:1532)
2026-06-02 02:26:37.068 | warning  |           Metal | Profiler DRAM buffers were full, markers were dropped! device 0, worker core 1, 10, Risc BRISC,  bufferEndIndex = 11804. Please either decrease the number of ops being profiled or run read device profiler more often (profiler.cpp:1532)
2026-06-02 02:26:37.068 | warning  |           Metal | Profiler DRAM buffers were full, markers were dropped! device 0, worker core 1, 10, Risc NCRISC,  bufferEndIndex = 11992. Please either decrease the number of ops being profiled or run read device profiler more often (profiler.cpp:1532)
2026-06-02 02:26:37.069 | warning  |           Metal | Profiler DRAM buffers were full, markers were dropped! device 0, worker core 1, 11, Risc BRISC,  bufferEndIndex = 11804. Please either decrease the number of ops being profiled or run read device profiler more often (profiler.cpp:1532)
2026-06-02 02:26:37.069 | warning  |           Metal | Profiler DRAM buffers were full, markers were dropped! device 0, worker core 1, 11, Risc NCRISC,  bufferEndIndex = 11992. Please either decrease the number of ops being profiled or run read device profiler more often (profiler.cpp:1532)
2026-06-02 02:26:37.069 | warning  |           Metal | Profiler DRAM buffers were full, markers were dropped! device 0, worker core 2, 2, Risc BRISC,  bufferEndIndex = 11896. Please either decrease the number of ops being profiled or run read device profiler more often (profiler.cpp:1532)
2026-06-02 02:26:37.070 | warning  |           Metal | Profiler DRAM buffers were full, markers were dropped! device 0, worker core 2, 2, Risc NCRISC,  bufferEndIndex = 11764. Please either decrease the number of ops being profiled or run read device profiler more often (profiler.cpp:1532)
2026-06-02 02:26:37.070 | warning  |           Metal | Profiler DRAM buffers were full, markers were dropped! device 0, worker core 2, 3, Risc BRISC,  bufferEndIndex = 11896. Please either decrease the number of ops being profiled or run read device profiler more often (profiler.cpp:1532)
2026-06-02 02:26:37.071 | warning  |           Metal | Profiler DRAM buffers were full, markers were dropped! device 0, worker core 2, 3, Risc NCRISC,  bufferEndIndex = 11764. Please either decrease the number of ops being profiled or run read device profiler more often (profiler.cpp:1532)
2026-06-02 02:26:37.071 | warning  |           Metal | Profiler DRAM buffers were full, markers were dropped! device 0, worker core 2, 4, Risc BRISC,  bufferEndIndex = 11896. Please either decrease the number of ops being profiled or run read device profiler more often (profiler.cpp:1532)
2026-06-02 02:26:37.072 | warning  |           Metal | Profiler DRAM buffers were full, markers were dropped! device 0, worker core 2, 4, Risc NCRISC,  bufferEndIndex = 11764. Please either decrease the number of ops being profiled or run read device profiler more often (profiler.cpp:1532)
2026-06-02 02:26:37.072 | warning  |           Metal | Profiler DRAM buffers were full, markers were dropped! device 0, worker core 2, 5, Risc BRISC,  bufferEndIndex = 11896. Please either decrease the number of ops being profiled or run read device profiler more often (profiler.cpp:1532)
2026-06-02 02:26:37.073 | warning  |           Metal | Profiler DRAM buffers were full, markers were dropped! device 0, worker core 2, 5, Risc NCRISC,  bufferEndIndex = 11764. Please either decrease the number of ops being profiled or run read device profiler more often (profiler.cpp:1532)
2026-06-02 02:26:37.073 | warning  |           Metal | Profiler DRAM buffers were full, markers were dropped! device 0, worker core 2, 6, Risc BRISC,  bufferEndIndex = 11896. Please either decrease the number of ops being profiled or run read device profiler more often (profiler.cpp:1532)
2026-06-02 02:26:37.074 | warning  |           Metal | Profiler DRAM buffers were full, markers were dropped! device 0, worker core 2, 6, Risc NCRISC,  bufferEndIndex = 11764. Please either decrease the number of ops being profiled or run read device profiler more often (profiler.cpp:1532)
2026-06-02 02:26:37.074 | warning  |           Metal | Profiler DRAM buffers were full, markers were dropped! device 0, worker core 2, 7, Risc BRISC,  bufferEndIndex = 11804. Please either decrease the number of ops being profiled or run read device profiler more often (profiler.cpp:1532)
2026-06-02 02:26:37.075 | warning  |           Metal | Profiler DRAM buffers were full, markers were dropped! device 0, worker core 2, 7, Risc NCRISC,  bufferEndIndex = 11992. Please either decrease the number of ops being profiled or run read device profiler more often (profiler.cpp:1532)
2026-06-02 02:26:37.075 | warning  |           Metal | Profiler DRAM buffers were full, markers were dropped! device 0, worker core 2, 8, Risc BRISC,  bufferEndIndex = 11804. Please either decrease the number of ops being profiled or run read device profiler more often (profiler.cpp:1532)
2026-06-02 02:26:37.076 | warning  |           Metal | Profiler DRAM buffers were full, markers were dropped! device 0, worker core 2, 8, Risc NCRISC,  bufferEndIndex = 11992. Please either decrease the number of ops being profiled or run read device profiler more often (profiler.cpp:1532)
2026-06-02 02:26:37.076 | warning  |           Metal | Profiler DRAM buffers were full, markers were dropped! device 0, worker core 2, 9, Risc BRISC,  bufferEndIndex = 11804. Please either decrease the number of ops being profiled or run read device profiler more often (profiler.cpp:1532)
2026-06-02 02:26:37.077 | warning  |           Metal | Profiler DRAM buffers were full, markers were dropped! device 0, worker core 2, 9, Risc NCRISC,  bufferEndIndex = 11992. Please either decrease the number of ops being profiled or run read device profiler more often (profiler.cpp:1532)
2026-06-02 02:26:37.077 | warning  |           Metal | Profiler DRAM buffers were full, markers were dropped! device 0, worker core 2, 10, Risc BRISC,  bufferEndIndex = 11804. Please either decrease the number of ops being profiled or run read device profiler more often (profiler.cpp:1532)
2026-06-02 02:26:37.078 | warning  |           Metal | Profiler DRAM buffers were full, markers were dropped! device 0, worker core 2, 10, Risc NCRISC,  bufferEndIndex = 11992. Please either decrease the number of ops being profiled or run read device profiler more often (profiler.cpp:1532)
2026-06-02 02:26:37.079 | warning  |           Metal | Profiler DRAM buffers were full, markers were dropped! device 0, worker core 2, 11, Risc BRISC,  bufferEndIndex = 11804. Please either decrease the number of ops being profiled or run read device profiler more often (profiler.cpp:1532)
2026-06-02 02:26:37.079 | warning  |           Metal | Profiler DRAM buffers were full, markers were dropped! device 0, worker core 2, 11, Risc NCRISC,  bufferEndIndex = 11992. Please either decrease the number of ops being profiled or run read device profiler more often (profiler.cpp:1532)
2026-06-02 02:26:37.080 | warning  |           Metal | Profiler DRAM buffers were full, markers were dropped! device 0, worker core 3, 2, Risc BRISC,  bufferEndIndex = 11896. Please either decrease the number of ops being profiled or run read device profiler more often (profiler.cpp:1532)
2026-06-02 02:26:37.080 | warning  |           Metal | Profiler DRAM buffers were full, markers were dropped! device 0, worker core 3, 2, Risc NCRISC,  bufferEndIndex = 11764. Please either decrease the number of ops being profiled or run read device profiler more often (profiler.cpp:1532)
2026-06-02 02:26:37.081 | warning  |           Metal | Profiler DRAM buffers were full, markers were dropped! device 0, worker core 3, 3, Risc BRISC,  bufferEndIndex = 11896. Please either decrease the number of ops being profiled or run read device profiler more often (profiler.cpp:1532)
2026-06-02 02:26:37.081 | warning  |           Metal | Profiler DRAM buffers were full, markers were dropped! device 0, worker core 3, 3, Risc NCRISC,  bufferEndIndex = 11764. Please either decrease the number of ops being profiled or run read device profiler more often (profiler.cpp:1532)
2026-06-02 02:26:37.082 | warning  |           Metal | Profiler DRAM buffers were full, markers were dropped! device 0, worker core 3, 4, Risc BRISC,  bufferEndIndex = 11896. Please either decrease the number of ops being profiled or run read device profiler more often (profiler.cpp:1532)
2026-06-02 02:26:37.082 | warning  |           Metal | Profiler DRAM buffers were full, markers were dropped! device 0, worker core 3, 4, Risc NCRISC,  bufferEndIndex = 11764. Please either decrease the number of ops being profiled or run read device profiler more often (profiler.cpp:1532)
2026-06-02 02:26:37.083 | warning  |           Metal | Profiler DRAM buffers were full, markers were dropped! device 0, worker core 3, 5, Risc BRISC,  bufferEndIndex = 11896. Please either decrease the number of ops being profiled or run read device profiler more often (profiler.cpp:1532)
2026-06-02 02:26:37.083 | warning  |           Metal | Profiler DRAM buffers were full, markers were dropped! device 0, worker core 3, 5, Risc NCRISC,  bufferEndIndex = 11764. Please either decrease the number of ops being profiled or run read device profiler more often (profiler.cpp:1532)
2026-06-02 02:26:37.084 | warning  |           Metal | Profiler DRAM buffers were full, markers were dropped! device 0, worker core 3, 6, Risc BRISC,  bufferEndIndex = 11896. Please either decrease the number of ops being profiled or run read device profiler more often (profiler.cpp:1532)
2026-06-02 02:26:37.084 | warning  |           Metal | Profiler DRAM buffers were full, markers were dropped! device 0, worker core 3, 6, Risc NCRISC,  bufferEndIndex = 11764. Please either decrease the number of ops being profiled or run read device profiler more often (profiler.cpp:1532)
2026-06-02 02:26:37.085 | warning  |           Metal | Profiler DRAM buffers were full, markers were dropped! device 0, worker core 3, 7, Risc BRISC,  bufferEndIndex = 11804. Please either decrease the number of ops being profiled or run read device profiler more often (profiler.cpp:1532)
2026-06-02 02:26:37.085 | warning  |           Metal | Profiler DRAM buffers were full, markers were dropped! device 0, worker core 3, 7, Risc NCRISC,  bufferEndIndex = 11992. Please either decrease the number of ops being profiled or run read device profiler more often (profiler.cpp:1532)
2026-06-02 02:26:37.086 | warning  |           Metal | Profiler DRAM buffers were full, markers were dropped! device 0, worker core 3, 8, Risc BRISC,  bufferEndIndex = 11804. Please either decrease the number of ops being profiled or run read device profiler more often (profiler.cpp:1532)
2026-06-02 02:26:37.086 | warning  |           Metal | Profiler DRAM buffers were full, markers were dropped! device 0, worker core 3, 8, Risc NCRISC,  bufferEndIndex = 11992. Please either decrease the number of ops being profiled or run read device profiler more often (profiler.cpp:1532)
2026-06-02 02:26:37.087 | warning  |           Metal | Profiler DRAM buffers were full, markers were dropped! device 0, worker core 3, 9, Risc BRISC,  bufferEndIndex = 11804. Please either decrease the number of ops being profiled or run read device profiler more often (profiler.cpp:1532)
2026-06-02 02:26:37.087 | warning  |           Metal | Profiler DRAM buffers were full, markers were dropped! device 0, worker core 3, 9, Risc NCRISC,  bufferEndIndex = 11992. Please either decrease the number of ops being profiled or run read device profiler more often (profiler.cpp:1532)
2026-06-02 02:26:37.088 | warning  |           Metal | Profiler DRAM buffers were full, markers were dropped! device 0, worker core 3, 10, Risc BRISC,  bufferEndIndex = 11804. Please either decrease the number of ops being profiled or run read device profiler more often (profiler.cpp:1532)
2026-06-02 02:26:37.088 | warning  |           Metal | Profiler DRAM buffers were full, markers were dropped! device 0, worker core 3, 10, Risc NCRISC,  bufferEndIndex = 11992. Please either decrease the number of ops being profiled or run read device profiler more often (profiler.cpp:1532)
2026-06-02 02:26:37.089 | warning  |           Metal | Profiler DRAM buffers were full, markers were dropped! device 0, worker core 3, 11, Risc BRISC,  bufferEndIndex = 11804. Please either decrease the number of ops being profiled or run read device profiler more often (profiler.cpp:1532)
2026-06-02 02:26:37.089 | warning  |           Metal | Profiler DRAM buffers were full, markers were dropped! device 0, worker core 3, 11, Risc NCRISC,  bufferEndIndex = 11992. Please either decrease the number of ops being profiled or run read device profiler more often (profiler.cpp:1532)
2026-06-02 02:26:37.090 | warning  |           Metal | Profiler DRAM buffers were full, markers were dropped! device 0, worker core 4, 2, Risc BRISC,  bufferEndIndex = 11896. Please either decrease the number of ops being profiled or run read device profiler more often (profiler.cpp:1532)
2026-06-02 02:26:37.090 | warning  |           Metal | Profiler DRAM buffers were full, markers were dropped! device 0, worker core 4, 2, Risc NCRISC,  bufferEndIndex = 11764. Please either decrease the number of ops being profiled or run read device profiler more often (profiler.cpp:1532)
2026-06-02 02:26:37.091 | warning  |           Metal | Profiler DRAM buffers were full, markers were dropped! device 0, worker core 4, 3, Risc BRISC,  bufferEndIndex = 11896. Please either decrease the number of ops being profiled or run read device profiler more often (profiler.cpp:1532)
2026-06-02 02:26:37.091 | warning  |           Metal | Profiler DRAM buffers were full, markers were dropped! device 0, worker core 4, 3, Risc NCRISC,  bufferEndIndex = 11764. Please either decrease the number of ops being profiled or run read device profiler more often (profiler.cpp:1532)
2026-06-02 02:26:37.092 | warning  |           Metal | Profiler DRAM buffers were full, markers were dropped! device 0, worker core 4, 4, Risc BRISC,  bufferEndIndex = 11896. Please either decrease the number of ops being profiled or run read device profiler more often (profiler.cpp:1532)
2026-06-02 02:26:37.092 | warning  |           Metal | Profiler DRAM buffers were full, markers were dropped! device 0, worker core 4, 4, Risc NCRISC,  bufferEndIndex = 11764. Please either decrease the number of ops being profiled or run read device profiler more often (profiler.cpp:1532)
2026-06-02 02:26:37.093 | warning  |           Metal | Profiler DRAM buffers were full, markers were dropped! device 0, worker core 4, 5, Risc BRISC,  bufferEndIndex = 11896. Please either decrease the number of ops being profiled or run read device profiler more often (profiler.cpp:1532)
2026-06-02 02:26:37.093 | warning  |           Metal | Profiler DRAM buffers were full, markers were dropped! device 0, worker core 4, 5, Risc NCRISC,  bufferEndIndex = 11764. Please either decrease the number of ops being profiled or run read device profiler more often (profiler.cpp:1532)
2026-06-02 02:26:37.094 | warning  |           Metal | Profiler DRAM buffers were full, markers were dropped! device 0, worker core 4, 6, Risc BRISC,  bufferEndIndex = 11896. Please either decrease the number of ops being profiled or run read device profiler more often (profiler.cpp:1532)
2026-06-02 02:26:37.095 | warning  |           Metal | Profiler DRAM buffers were full, markers were dropped! device 0, worker core 4, 6, Risc NCRISC,  bufferEndIndex = 11764. Please either decrease the number of ops being profiled or run read device profiler more often (profiler.cpp:1532)
2026-06-02 02:26:37.095 | warning  |           Metal | Profiler DRAM buffers were full, markers were dropped! device 0, worker core 4, 7, Risc BRISC,  bufferEndIndex = 11804. Please either decrease the number of ops being profiled or run read device profiler more often (profiler.cpp:1532)
2026-06-02 02:26:37.096 | warning  |           Metal | Profiler DRAM buffers were full, markers were dropped! device 0, worker core 4, 7, Risc NCRISC,  bufferEndIndex = 11992. Please either decrease the number of ops being profiled or run read device profiler more often (profiler.cpp:1532)
2026-06-02 02:26:37.096 | warning  |           Metal | Profiler DRAM buffers were full, markers were dropped! device 0, worker core 4, 8, Risc BRISC,  bufferEndIndex = 11804. Please either decrease the number of ops being profiled or run read device profiler more often (profiler.cpp:1532)
2026-06-02 02:26:37.097 | warning  |           Metal | Profiler DRAM buffers were full, markers were dropped! device 0, worker core 4, 8, Risc NCRISC,  bufferEndIndex = 11992. Please either decrease the number of ops being profiled or run read device profiler more often (profiler.cpp:1532)
2026-06-02 02:26:37.097 | warning  |           Metal | Profiler DRAM buffers were full, markers were dropped! device 0, worker core 4, 9, Risc BRISC,  bufferEndIndex = 11804. Please either decrease the number of ops being profiled or run read device profiler more often (profiler.cpp:1532)
2026-06-02 02:26:37.098 | warning  |           Metal | Profiler DRAM buffers were full, markers were dropped! device 0, worker core 4, 9, Risc NCRISC,  bufferEndIndex = 11992. Please either decrease the number of ops being profiled or run read device profiler more often (profiler.cpp:1532)
2026-06-02 02:26:37.098 | warning  |           Metal | Profiler DRAM buffers were full, markers were dropped! device 0, worker core 4, 10, Risc BRISC,  bufferEndIndex = 11804. Please either decrease the number of ops being profiled or run read device profiler more often (profiler.cpp:1532)
2026-06-02 02:26:37.099 | warning  |           Metal | Profiler DRAM buffers were full, markers were dropped! device 0, worker core 4, 10, Risc NCRISC,  bufferEndIndex = 11992. Please either decrease the number of ops being profiled or run read device profiler more often (profiler.cpp:1532)
2026-06-02 02:26:37.099 | warning  |           Metal | Profiler DRAM buffers were full, markers were dropped! device 0, worker core 4, 11, Risc BRISC,  bufferEndIndex = 11804. Please either decrease the number of ops being profiled or run read device profiler more often (profiler.cpp:1532)
2026-06-02 02:26:37.100 | warning  |           Metal | Profiler DRAM buffers were full, markers were dropped! device 0, worker core 4, 11, Risc NCRISC,  bufferEndIndex = 11992. Please either decrease the number of ops being profiled or run read device profiler more often (profiler.cpp:1532)
2026-06-02 02:26:37.100 | warning  |           Metal | Profiler DRAM buffers were full, markers were dropped! device 0, worker core 5, 2, Risc BRISC,  bufferEndIndex = 11896. Please either decrease the number of ops being profiled or run read device profiler more often (profiler.cpp:1532)
2026-06-02 02:26:37.101 | warning  |           Metal | Profiler DRAM buffers were full, markers were dropped! device 0, worker core 5, 2, Risc NCRISC,  bufferEndIndex = 11764. Please either decrease the number of ops being profiled or run read device profiler more often (profiler.cpp:1532)
2026-06-02 02:26:37.101 | warning  |           Metal | Profiler DRAM buffers were full, markers were dropped! device 0, worker core 5, 3, Risc BRISC,  bufferEndIndex = 11896. Please either decrease the number of ops being profiled or run read device profiler more often (profiler.cpp:1532)
2026-06-02 02:26:37.102 | warning  |           Metal | Profiler DRAM buffers were full, markers were dropped! device 0, worker core 5, 3, Risc NCRISC,  bufferEndIndex = 11764. Please either decrease the number of ops being profiled or run read device profiler more often (profiler.cpp:1532)
2026-06-02 02:26:37.102 | warning  |           Metal | Profiler DRAM buffers were full, markers were dropped! device 0, worker core 5, 4, Risc BRISC,  bufferEndIndex = 11896. Please either decrease the number of ops being profiled or run read device profiler more often (profiler.cpp:1532)
2026-06-02 02:26:37.103 | warning  |           Metal | Profiler DRAM buffers were full, markers were dropped! device 0, worker core 5, 4, Risc NCRISC,  bufferEndIndex = 11764. Please either decrease the number of ops being profiled or run read device profiler more often (profiler.cpp:1532)
2026-06-02 02:26:37.103 | warning  |           Metal | Profiler DRAM buffers were full, markers were dropped! device 0, worker core 5, 5, Risc BRISC,  bufferEndIndex = 11896. Please either decrease the number of ops being profiled or run read device profiler more often (profiler.cpp:1532)
2026-06-02 02:26:37.104 | warning  |           Metal | Profiler DRAM buffers were full, markers were dropped! device 0, worker core 5, 5, Risc NCRISC,  bufferEndIndex = 11764. Please either decrease the number of ops being profiled or run read device profiler more often (profiler.cpp:1532)
2026-06-02 02:26:37.104 | warning  |           Metal | Profiler DRAM buffers were full, markers were dropped! device 0, worker core 5, 6, Risc BRISC,  bufferEndIndex = 11896. Please either decrease the number of ops being profiled or run read device profiler more often (profiler.cpp:1532)
2026-06-02 02:26:37.105 | warning  |           Metal | Profiler DRAM buffers were full, markers were dropped! device 0, worker core 5, 6, Risc NCRISC,  bufferEndIndex = 11764. Please either decrease the number of ops being profiled or run read device profiler more often (profiler.cpp:1532)
2026-06-02 02:26:37.105 | warning  |           Metal | Profiler DRAM buffers were full, markers were dropped! device 0, worker core 5, 7, Risc BRISC,  bufferEndIndex = 11804. Please either decrease the number of ops being profiled or run read device profiler more often (profiler.cpp:1532)
2026-06-02 02:26:37.106 | warning  |           Metal | Profiler DRAM buffers were full, markers were dropped! device 0, worker core 5, 7, Risc NCRISC,  bufferEndIndex = 11992. Please either decrease the number of ops being profiled or run read device profiler more often (profiler.cpp:1532)
2026-06-02 02:26:37.106 | warning  |           Metal | Profiler DRAM buffers were full, markers were dropped! device 0, worker core 5, 8, Risc BRISC,  bufferEndIndex = 11804. Please either decrease the number of ops being profiled or run read device profiler more often (profiler.cpp:1532)
2026-06-02 02:26:37.107 | warning  |           Metal | Profiler DRAM buffers were full, markers were dropped! device 0, worker core 5, 8, Risc NCRISC,  bufferEndIndex = 11992. Please either decrease the number of ops being profiled or run read device profiler more often (profiler.cpp:1532)
2026-06-02 02:26:37.107 | warning  |           Metal | Profiler DRAM buffers were full, markers were dropped! device 0, worker core 5, 9, Risc BRISC,  bufferEndIndex = 11804. Please either decrease the number of ops being profiled or run read device profiler more often (profiler.cpp:1532)
2026-06-02 02:26:37.108 | warning  |           Metal | Profiler DRAM buffers were full, markers were dropped! device 0, worker core 5, 9, Risc NCRISC,  bufferEndIndex = 11992. Please either decrease the number of ops being profiled or run read device profiler more often (profiler.cpp:1532)
2026-06-02 02:26:37.108 | warning  |           Metal | Profiler DRAM buffers were full, markers were dropped! device 0, worker core 5, 10, Risc BRISC,  bufferEndIndex = 11804. Please either decrease the number of ops being profiled or run read device profiler more often (profiler.cpp:1532)
2026-06-02 02:26:37.109 | warning  |           Metal | Profiler DRAM buffers were full, markers were dropped! device 0, worker core 5, 10, Risc NCRISC,  bufferEndIndex = 11992. Please either decrease the number of ops being profiled or run read device profiler more often (profiler.cpp:1532)
2026-06-02 02:26:37.109 | warning  |           Metal | Profiler DRAM buffers were full, markers were dropped! device 0, worker core 5, 11, Risc BRISC,  bufferEndIndex = 11804. Please either decrease the number of ops being profiled or run read device profiler more often (profiler.cpp:1532)
2026-06-02 02:26:37.110 | warning  |           Metal | Profiler DRAM buffers were full, markers were dropped! device 0, worker core 5, 11, Risc NCRISC,  bufferEndIndex = 11992. Please either decrease the number of ops being profiled or run read device profiler more often (profiler.cpp:1532)
2026-06-02 02:26:37.110 | warning  |           Metal | Profiler DRAM buffers were full, markers were dropped! device 0, worker core 6, 2, Risc BRISC,  bufferEndIndex = 11896. Please either decrease the number of ops being profiled or run read device profiler more often (profiler.cpp:1532)
2026-06-02 02:26:37.111 | warning  |           Metal | Profiler DRAM buffers were full, markers were dropped! device 0, worker core 6, 2, Risc NCRISC,  bufferEndIndex = 11764. Please either decrease the number of ops being profiled or run read device profiler more often (profiler.cpp:1532)
2026-06-02 02:26:37.111 | warning  |           Metal | Profiler DRAM buffers were full, markers were dropped! device 0, worker core 6, 3, Risc BRISC,  bufferEndIndex = 11896. Please either decrease the number of ops being profiled or run read device profiler more often (profiler.cpp:1532)
2026-06-02 02:26:37.112 | warning  |           Metal | Profiler DRAM buffers were full, markers were dropped! device 0, worker core 6, 3, Risc NCRISC,  bufferEndIndex = 11764. Please either decrease the number of ops being profiled or run read device profiler more often (profiler.cpp:1532)
2026-06-02 02:26:37.112 | warning  |           Metal | Profiler DRAM buffers were full, markers were dropped! device 0, worker core 6, 4, Risc BRISC,  bufferEndIndex = 11896. Please either decrease the number of ops being profiled or run read device profiler more often (profiler.cpp:1532)
2026-06-02 02:26:37.113 | warning  |           Metal | Profiler DRAM buffers were full, markers were dropped! device 0, worker core 6, 4, Risc NCRISC,  bufferEndIndex = 11764. Please either decrease the number of ops being profiled or run read device profiler more often (profiler.cpp:1532)
2026-06-02 02:26:37.114 | warning  |           Metal | Profiler DRAM buffers were full, markers were dropped! device 0, worker core 6, 5, Risc BRISC,  bufferEndIndex = 11896. Please either decrease the number of ops being profiled or run read device profiler more often (profiler.cpp:1532)
2026-06-02 02:26:37.114 | warning  |           Metal | Profiler DRAM buffers were full, markers were dropped! device 0, worker core 6, 5, Risc NCRISC,  bufferEndIndex = 11764. Please either decrease the number of ops being profiled or run read device profiler more often (profiler.cpp:1532)
2026-06-02 02:26:37.115 | warning  |           Metal | Profiler DRAM buffers were full, markers were dropped! device 0, worker core 6, 6, Risc BRISC,  bufferEndIndex = 11804. Please either decrease the number of ops being profiled or run read device profiler more often (profiler.cpp:1532)
2026-06-02 02:26:37.115 | warning  |           Metal | Profiler DRAM buffers were full, markers were dropped! device 0, worker core 6, 6, Risc NCRISC,  bufferEndIndex = 11992. Please either decrease the number of ops being profiled or run read device profiler more often (profiler.cpp:1532)
2026-06-02 02:26:37.116 | warning  |           Metal | Profiler DRAM buffers were full, markers were dropped! device 0, worker core 6, 7, Risc BRISC,  bufferEndIndex = 11804. Please either decrease the number of ops being profiled or run read device profiler more often (profiler.cpp:1532)
2026-06-02 02:26:37.116 | warning  |           Metal | Profiler DRAM buffers were full, markers were dropped! device 0, worker core 6, 7, Risc NCRISC,  bufferEndIndex = 11992. Please either decrease the number of ops being profiled or run read device profiler more often (profiler.cpp:1532)
2026-06-02 02:26:37.117 | warning  |           Metal | Profiler DRAM buffers were full, markers were dropped! device 0, worker core 6, 8, Risc BRISC,  bufferEndIndex = 11804. Please either decrease the number of ops being profiled or run read device profiler more often (profiler.cpp:1532)
2026-06-02 02:26:37.117 | warning  |           Metal | Profiler DRAM buffers were full, markers were dropped! device 0, worker core 6, 8, Risc NCRISC,  bufferEndIndex = 11992. Please either decrease the number of ops being profiled or run read device profiler more often (profiler.cpp:1532)
2026-06-02 02:26:37.118 | warning  |           Metal | Profiler DRAM buffers were full, markers were dropped! device 0, worker core 6, 9, Risc BRISC,  bufferEndIndex = 11804. Please either decrease the number of ops being profiled or run read device profiler more often (profiler.cpp:1532)
2026-06-02 02:26:37.118 | warning  |           Metal | Profiler DRAM buffers were full, markers were dropped! device 0, worker core 6, 9, Risc NCRISC,  bufferEndIndex = 11992. Please either decrease the number of ops being profiled or run read device profiler more often (profiler.cpp:1532)
2026-06-02 02:26:37.119 | warning  |           Metal | Profiler DRAM buffers were full, markers were dropped! device 0, worker core 6, 10, Risc BRISC,  bufferEndIndex = 11804. Please either decrease the number of ops being profiled or run read device profiler more often (profiler.cpp:1532)
2026-06-02 02:26:37.119 | warning  |           Metal | Profiler DRAM buffers were full, markers were dropped! device 0, worker core 6, 10, Risc NCRISC,  bufferEndIndex = 11992. Please either decrease the number of ops being profiled or run read device profiler more often (profiler.cpp:1532)
2026-06-02 02:26:37.120 | warning  |           Metal | Profiler DRAM buffers were full, markers were dropped! device 0, worker core 6, 11, Risc BRISC,  bufferEndIndex = 11804. Please either decrease the number of ops being profiled or run read device profiler more often (profiler.cpp:1532)
2026-06-02 02:26:37.120 | warning  |           Metal | Profiler DRAM buffers were full, markers were dropped! device 0, worker core 6, 11, Risc NCRISC,  bufferEndIndex = 11992. Please either decrease the number of ops being profiled or run read device profiler more often (profiler.cpp:1532)
2026-06-02 02:26:37.121 | warning  |           Metal | Profiler DRAM buffers were full, markers were dropped! device 0, worker core 7, 2, Risc BRISC,  bufferEndIndex = 11896. Please either decrease the number of ops being profiled or run read device profiler more often (profiler.cpp:1532)
2026-06-02 02:26:37.121 | warning  |           Metal | Profiler DRAM buffers were full, markers were dropped! device 0, worker core 7, 2, Risc NCRISC,  bufferEndIndex = 11764. Please either decrease the number of ops being profiled or run read device profiler more often (profiler.cpp:1532)
2026-06-02 02:26:37.122 | warning  |           Metal | Profiler DRAM buffers were full, markers were dropped! device 0, worker core 7, 3, Risc BRISC,  bufferEndIndex = 11896. Please either decrease the number of ops being profiled or run read device profiler more often (profiler.cpp:1532)
2026-06-02 02:26:37.122 | warning  |           Metal | Profiler DRAM buffers were full, markers were dropped! device 0, worker core 7, 3, Risc NCRISC,  bufferEndIndex = 11764. Please either decrease the number of ops being profiled or run read device profiler more often (profiler.cpp:1532)
2026-06-02 02:26:37.123 | warning  |           Metal | Profiler DRAM buffers were full, markers were dropped! device 0, worker core 7, 4, Risc BRISC,  bufferEndIndex = 11896. Please either decrease the number of ops being profiled or run read device profiler more often (profiler.cpp:1532)
2026-06-02 02:26:37.123 | warning  |           Metal | Profiler DRAM buffers were full, markers were dropped! device 0, worker core 7, 4, Risc NCRISC,  bufferEndIndex = 11764. Please either decrease the number of ops being profiled or run read device profiler more often (profiler.cpp:1532)
2026-06-02 02:26:37.124 | warning  |           Metal | Profiler DRAM buffers were full, markers were dropped! device 0, worker core 7, 5, Risc BRISC,  bufferEndIndex = 11896. Please either decrease the number of ops being profiled or run read device profiler more often (profiler.cpp:1532)
2026-06-02 02:26:37.124 | warning  |           Metal | Profiler DRAM buffers were full, markers were dropped! device 0, worker core 7, 5, Risc NCRISC,  bufferEndIndex = 11764. Please either decrease the number of ops being profiled or run read device profiler more often (profiler.cpp:1532)
2026-06-02 02:26:37.125 | warning  |           Metal | Profiler DRAM buffers were full, markers were dropped! device 0, worker core 7, 6, Risc BRISC,  bufferEndIndex = 11804. Please either decrease the number of ops being profiled or run read device profiler more often (profiler.cpp:1532)
2026-06-02 02:26:37.125 | warning  |           Metal | Profiler DRAM buffers were full, markers were dropped! device 0, worker core 7, 6, Risc NCRISC,  bufferEndIndex = 11992. Please either decrease the number of ops being profiled or run read device profiler more often (profiler.cpp:1532)
2026-06-02 02:26:37.126 | warning  |           Metal | Profiler DRAM buffers were full, markers were dropped! device 0, worker core 7, 7, Risc BRISC,  bufferEndIndex = 11804. Please either decrease the number of ops being profiled or run read device profiler more often (profiler.cpp:1532)
2026-06-02 02:26:37.126 | warning  |           Metal | Profiler DRAM buffers were full, markers were dropped! device 0, worker core 7, 7, Risc NCRISC,  bufferEndIndex = 11992. Please either decrease the number of ops being profiled or run read device profiler more often (profiler.cpp:1532)
2026-06-02 02:26:37.127 | warning  |           Metal | Profiler DRAM buffers were full, markers were dropped! device 0, worker core 7, 8, Risc BRISC,  bufferEndIndex = 11804. Please either decrease the number of ops being profiled or run read device profiler more often (profiler.cpp:1532)
2026-06-02 02:26:37.127 | warning  |           Metal | Profiler DRAM buffers were full, markers were dropped! device 0, worker core 7, 8, Risc NCRISC,  bufferEndIndex = 11992. Please either decrease the number of ops being profiled or run read device profiler more often (profiler.cpp:1532)
2026-06-02 02:26:37.128 | warning  |           Metal | Profiler DRAM buffers were full, markers were dropped! device 0, worker core 7, 9, Risc BRISC,  bufferEndIndex = 11804. Please either decrease the number of ops being profiled or run read device profiler more often (profiler.cpp:1532)
2026-06-02 02:26:37.128 | warning  |           Metal | Profiler DRAM buffers were full, markers were dropped! device 0, worker core 7, 9, Risc NCRISC,  bufferEndIndex = 11992. Please either decrease the number of ops being profiled or run read device profiler more often (profiler.cpp:1532)
2026-06-02 02:26:37.129 | warning  |           Metal | Profiler DRAM buffers were full, markers were dropped! device 0, worker core 7, 10, Risc BRISC,  bufferEndIndex = 11804. Please either decrease the number of ops being profiled or run read device profiler more often (profiler.cpp:1532)
2026-06-02 02:26:37.129 | warning  |           Metal | Profiler DRAM buffers were full, markers were dropped! device 0, worker core 7, 10, Risc NCRISC,  bufferEndIndex = 11992. Please either decrease the number of ops being profiled or run read device profiler more often (profiler.cpp:1532)
2026-06-02 02:26:37.130 | warning  |           Metal | Profiler DRAM buffers were full, markers were dropped! device 0, worker core 7, 11, Risc BRISC,  bufferEndIndex = 11804. Please either decrease the number of ops being profiled or run read device profiler more often (profiler.cpp:1532)
2026-06-02 02:26:37.130 | warning  |           Metal | Profiler DRAM buffers were full, markers were dropped! device 0, worker core 7, 11, Risc NCRISC,  bufferEndIndex = 11992. Please either decrease the number of ops being profiled or run read device profiler more often (profiler.cpp:1532)
2026-06-02 02:26:37.131 | warning  |           Metal | Profiler DRAM buffers were full, markers were dropped! device 0, worker core 10, 2, Risc BRISC,  bufferEndIndex = 11896. Please either decrease the number of ops being profiled or run read device profiler more often (profiler.cpp:1532)
2026-06-02 02:26:37.131 | warning  |           Metal | Profiler DRAM buffers were full, markers were dropped! device 0, worker core 10, 2, Risc NCRISC,  bufferEndIndex = 11764. Please either decrease the number of ops being profiled or run read device profiler more often (profiler.cpp:1532)
2026-06-02 02:26:37.132 | warning  |           Metal | Profiler DRAM buffers were full, markers were dropped! device 0, worker core 10, 3, Risc BRISC,  bufferEndIndex = 11896. Please either decrease the number of ops being profiled or run read device profiler more often (profiler.cpp:1532)
2026-06-02 02:26:37.132 | warning  |           Metal | Profiler DRAM buffers were full, markers were dropped! device 0, worker core 10, 3, Risc NCRISC,  bufferEndIndex = 11764. Please either decrease the number of ops being profiled or run read device profiler more often (profiler.cpp:1532)
2026-06-02 02:26:37.133 | warning  |           Metal | Profiler DRAM buffers were full, markers were dropped! device 0, worker core 10, 4, Risc BRISC,  bufferEndIndex = 11896. Please either decrease the number of ops being profiled or run read device profiler more often (profiler.cpp:1532)
2026-06-02 02:26:37.133 | warning  |           Metal | Profiler DRAM buffers were full, markers were dropped! device 0, worker core 10, 4, Risc NCRISC,  bufferEndIndex = 11764. Please either decrease the number of ops being profiled or run read device profiler more often (profiler.cpp:1532)
2026-06-02 02:26:37.134 | warning  |           Metal | Profiler DRAM buffers were full, markers were dropped! device 0, worker core 10, 5, Risc BRISC,  bufferEndIndex = 11896. Please either decrease the number of ops being profiled or run read device profiler more often (profiler.cpp:1532)
2026-06-02 02:26:37.134 | warning  |           Metal | Profiler DRAM buffers were full, markers were dropped! device 0, worker core 10, 5, Risc NCRISC,  bufferEndIndex = 11764. Please either decrease the number of ops being profiled or run read device profiler more often (profiler.cpp:1532)
2026-06-02 02:26:37.135 | warning  |           Metal | Profiler DRAM buffers were full, markers were dropped! device 0, worker core 10, 6, Risc BRISC,  bufferEndIndex = 11804. Please either decrease the number of ops being profiled or run read device profiler more often (profiler.cpp:1532)
2026-06-02 02:26:37.135 | warning  |           Metal | Profiler DRAM buffers were full, markers were dropped! device 0, worker core 10, 6, Risc NCRISC,  bufferEndIndex = 11992. Please either decrease the number of ops being profiled or run read device profiler more often (profiler.cpp:1532)
2026-06-02 02:26:37.136 | warning  |           Metal | Profiler DRAM buffers were full, markers were dropped! device 0, worker core 10, 7, Risc BRISC,  bufferEndIndex = 11804. Please either decrease the number of ops being profiled or run read device profiler more often (profiler.cpp:1532)
2026-06-02 02:26:37.136 | warning  |           Metal | Profiler DRAM buffers were full, markers were dropped! device 0, worker core 10, 7, Risc NCRISC,  bufferEndIndex = 11992. Please either decrease the number of ops being profiled or run read device profiler more often (profiler.cpp:1532)
2026-06-02 02:26:37.137 | warning  |           Metal | Profiler DRAM buffers were full, markers were dropped! device 0, worker core 10, 8, Risc BRISC,  bufferEndIndex = 11804. Please either decrease the number of ops being profiled or run read device profiler more often (profiler.cpp:1532)
2026-06-02 02:26:37.137 | warning  |           Metal | Profiler DRAM buffers were full, markers were dropped! device 0, worker core 10, 8, Risc NCRISC,  bufferEndIndex = 11992. Please either decrease the number of ops being profiled or run read device profiler more often (profiler.cpp:1532)
2026-06-02 02:26:37.138 | warning  |           Metal | Profiler DRAM buffers were full, markers were dropped! device 0, worker core 10, 9, Risc BRISC,  bufferEndIndex = 11804. Please either decrease the number of ops being profiled or run read device profiler more often (profiler.cpp:1532)
2026-06-02 02:26:37.139 | warning  |           Metal | Profiler DRAM buffers were full, markers were dropped! device 0, worker core 10, 9, Risc NCRISC,  bufferEndIndex = 11992. Please either decrease the number of ops being profiled or run read device profiler more often (profiler.cpp:1532)
2026-06-02 02:26:37.139 | warning  |           Metal | Profiler DRAM buffers were full, markers were dropped! device 0, worker core 10, 10, Risc BRISC,  bufferEndIndex = 11804. Please either decrease the number of ops being profiled or run read device profiler more often (profiler.cpp:1532)
2026-06-02 02:26:37.140 | warning  |           Metal | Profiler DRAM buffers were full, markers were dropped! device 0, worker core 10, 10, Risc NCRISC,  bufferEndIndex = 11992. Please either decrease the number of ops being profiled or run read device profiler more often (profiler.cpp:1532)
2026-06-02 02:26:37.140 | warning  |           Metal | Profiler DRAM buffers were full, markers were dropped! device 0, worker core 10, 11, Risc BRISC,  bufferEndIndex = 11804. Please either decrease the number of ops being profiled or run read device profiler more often (profiler.cpp:1532)
2026-06-02 02:26:37.141 | warning  |           Metal | Profiler DRAM buffers were full, markers were dropped! device 0, worker core 10, 11, Risc NCRISC,  bufferEndIndex = 11992. Please either decrease the number of ops being profiled or run read device profiler more often (profiler.cpp:1532)
2026-06-02 02:26:37.141 | warning  |           Metal | Profiler DRAM buffers were full, markers were dropped! device 0, worker core 11, 2, Risc BRISC,  bufferEndIndex = 11896. Please either decrease the number of ops being profiled or run read device profiler more often (profiler.cpp:1532)
2026-06-02 02:26:37.142 | warning  |           Metal | Profiler DRAM buffers were full, markers were dropped! device 0, worker core 11, 2, Risc NCRISC,  bufferEndIndex = 11764. Please either decrease the number of ops being profiled or run read device profiler more often (profiler.cpp:1532)
2026-06-02 02:26:37.142 | warning  |           Metal | Profiler DRAM buffers were full, markers were dropped! device 0, worker core 11, 3, Risc BRISC,  bufferEndIndex = 11896. Please either decrease the number of ops being profiled or run read device profiler more often (profiler.cpp:1532)
2026-06-02 02:26:37.143 | warning  |           Metal | Profiler DRAM buffers were full, markers were dropped! device 0, worker core 11, 3, Risc NCRISC,  bufferEndIndex = 11764. Please either decrease the number of ops being profiled or run read device profiler more often (profiler.cpp:1532)
2026-06-02 02:26:37.143 | warning  |           Metal | Profiler DRAM buffers were full, markers were dropped! device 0, worker core 11, 4, Risc BRISC,  bufferEndIndex = 11896. Please either decrease the number of ops being profiled or run read device profiler more often (profiler.cpp:1532)
2026-06-02 02:26:37.144 | warning  |           Metal | Profiler DRAM buffers were full, markers were dropped! device 0, worker core 11, 4, Risc NCRISC,  bufferEndIndex = 11764. Please either decrease the number of ops being profiled or run read device profiler more often (profiler.cpp:1532)
2026-06-02 02:26:37.144 | warning  |           Metal | Profiler DRAM buffers were full, markers were dropped! device 0, worker core 11, 5, Risc BRISC,  bufferEndIndex = 11896. Please either decrease the number of ops being profiled or run read device profiler more often (profiler.cpp:1532)
2026-06-02 02:26:37.145 | warning  |           Metal | Profiler DRAM buffers were full, markers were dropped! device 0, worker core 11, 5, Risc NCRISC,  bufferEndIndex = 11764. Please either decrease the number of ops being profiled or run read device profiler more often (profiler.cpp:1532)
2026-06-02 02:26:37.145 | warning  |           Metal | Profiler DRAM buffers were full, markers were dropped! device 0, worker core 11, 6, Risc BRISC,  bufferEndIndex = 11804. Please either decrease the number of ops being profiled or run read device profiler more often (profiler.cpp:1532)
2026-06-02 02:26:37.146 | warning  |           Metal | Profiler DRAM buffers were full, markers were dropped! device 0, worker core 11, 6, Risc NCRISC,  bufferEndIndex = 11992. Please either decrease the number of ops being profiled or run read device profiler more often (profiler.cpp:1532)
2026-06-02 02:26:37.146 | warning  |           Metal | Profiler DRAM buffers were full, markers were dropped! device 0, worker core 11, 7, Risc BRISC,  bufferEndIndex = 11804. Please either decrease the number of ops being profiled or run read device profiler more often (profiler.cpp:1532)
2026-06-02 02:26:37.147 | warning  |           Metal | Profiler DRAM buffers were full, markers were dropped! device 0, worker core 11, 7, Risc NCRISC,  bufferEndIndex = 11992. Please either decrease the number of ops being profiled or run read device profiler more often (profiler.cpp:1532)
2026-06-02 02:26:37.147 | warning  |           Metal | Profiler DRAM buffers were full, markers were dropped! device 0, worker core 11, 8, Risc BRISC,  bufferEndIndex = 11804. Please either decrease the number of ops being profiled or run read device profiler more often (profiler.cpp:1532)
2026-06-02 02:26:37.148 | warning  |           Metal | Profiler DRAM buffers were full, markers were dropped! device 0, worker core 11, 8, Risc NCRISC,  bufferEndIndex = 11992. Please either decrease the number of ops being profiled or run read device profiler more often (profiler.cpp:1532)
2026-06-02 02:26:37.148 | warning  |           Metal | Profiler DRAM buffers were full, markers were dropped! device 0, worker core 11, 9, Risc BRISC,  bufferEndIndex = 11804. Please either decrease the number of ops being profiled or run read device profiler more often (profiler.cpp:1532)
2026-06-02 02:26:37.149 | warning  |           Metal | Profiler DRAM buffers were full, markers were dropped! device 0, worker core 11, 9, Risc NCRISC,  bufferEndIndex = 11992. Please either decrease the number of ops being profiled or run read device profiler more often (profiler.cpp:1532)
2026-06-02 02:26:37.149 | warning  |           Metal | Profiler DRAM buffers were full, markers were dropped! device 0, worker core 11, 10, Risc BRISC,  bufferEndIndex = 11804. Please either decrease the number of ops being profiled or run read device profiler more often (profiler.cpp:1532)
2026-06-02 02:26:37.150 | warning  |           Metal | Profiler DRAM buffers were full, markers were dropped! device 0, worker core 11, 10, Risc NCRISC,  bufferEndIndex = 11992. Please either decrease the number of ops being profiled or run read device profiler more often (profiler.cpp:1532)
2026-06-02 02:26:37.150 | warning  |           Metal | Profiler DRAM buffers were full, markers were dropped! device 0, worker core 11, 11, Risc BRISC,  bufferEndIndex = 11804. Please either decrease the number of ops being profiled or run read device profiler more often (profiler.cpp:1532)
2026-06-02 02:26:37.151 | warning  |           Metal | Profiler DRAM buffers were full, markers were dropped! device 0, worker core 11, 11, Risc NCRISC,  bufferEndIndex = 11992. Please either decrease the number of ops being profiled or run read device profiler more often (profiler.cpp:1532)
2026-06-02 02:26:37.151 | warning  |           Metal | Profiler DRAM buffers were full, markers were dropped! device 0, worker core 12, 2, Risc BRISC,  bufferEndIndex = 11896. Please either decrease the number of ops being profiled or run read device profiler more often (profiler.cpp:1532)
2026-06-02 02:26:37.152 | warning  |           Metal | Profiler DRAM buffers were full, markers were dropped! device 0, worker core 12, 2, Risc NCRISC,  bufferEndIndex = 11764. Please either decrease the number of ops being profiled or run read device profiler more often (profiler.cpp:1532)
2026-06-02 02:26:37.152 | warning  |           Metal | Profiler DRAM buffers were full, markers were dropped! device 0, worker core 12, 3, Risc BRISC,  bufferEndIndex = 11896. Please either decrease the number of ops being profiled or run read device profiler more often (profiler.cpp:1532)
2026-06-02 02:26:37.153 | warning  |           Metal | Profiler DRAM buffers were full, markers were dropped! device 0, worker core 12, 3, Risc NCRISC,  bufferEndIndex = 11764. Please either decrease the number of ops being profiled or run read device profiler more often (profiler.cpp:1532)
2026-06-02 02:26:37.153 | warning  |           Metal | Profiler DRAM buffers were full, markers were dropped! device 0, worker core 12, 4, Risc BRISC,  bufferEndIndex = 11896. Please either decrease the number of ops being profiled or run read device profiler more often (profiler.cpp:1532)
2026-06-02 02:26:37.154 | warning  |           Metal | Profiler DRAM buffers were full, markers were dropped! device 0, worker core 12, 4, Risc NCRISC,  bufferEndIndex = 11764. Please either decrease the number of ops being profiled or run read device profiler more often (profiler.cpp:1532)
2026-06-02 02:26:37.154 | warning  |           Metal | Profiler DRAM buffers were full, markers were dropped! device 0, worker core 12, 5, Risc BRISC,  bufferEndIndex = 11896. Please either decrease the number of ops being profiled or run read device profiler more often (profiler.cpp:1532)
2026-06-02 02:26:37.155 | warning  |           Metal | Profiler DRAM buffers were full, markers were dropped! device 0, worker core 12, 5, Risc NCRISC,  bufferEndIndex = 11764. Please either decrease the number of ops being profiled or run read device profiler more often (profiler.cpp:1532)
2026-06-02 02:26:37.155 | warning  |           Metal | Profiler DRAM buffers were full, markers were dropped! device 0, worker core 12, 6, Risc BRISC,  bufferEndIndex = 11804. Please either decrease the number of ops being profiled or run read device profiler more often (profiler.cpp:1532)
2026-06-02 02:26:37.156 | warning  |           Metal | Profiler DRAM buffers were full, markers were dropped! device 0, worker core 12, 6, Risc NCRISC,  bufferEndIndex = 11992. Please either decrease the number of ops being profiled or run read device profiler more often (profiler.cpp:1532)
2026-06-02 02:26:37.156 | warning  |           Metal | Profiler DRAM buffers were full, markers were dropped! device 0, worker core 12, 7, Risc BRISC,  bufferEndIndex = 11804. Please either decrease the number of ops being profiled or run read device profiler more often (profiler.cpp:1532)
2026-06-02 02:26:37.157 | warning  |           Metal | Profiler DRAM buffers were full, markers were dropped! device 0, worker core 12, 7, Risc NCRISC,  bufferEndIndex = 11992. Please either decrease the number of ops being profiled or run read device profiler more often (profiler.cpp:1532)
2026-06-02 02:26:37.157 | warning  |           Metal | Profiler DRAM buffers were full, markers were dropped! device 0, worker core 12, 8, Risc BRISC,  bufferEndIndex = 11804. Please either decrease the number of ops being profiled or run read device profiler more often (profiler.cpp:1532)
2026-06-02 02:26:37.158 | warning  |           Metal | Profiler DRAM buffers were full, markers were dropped! device 0, worker core 12, 8, Risc NCRISC,  bufferEndIndex = 11992. Please either decrease the number of ops being profiled or run read device profiler more often (profiler.cpp:1532)
2026-06-02 02:26:37.158 | warning  |           Metal | Profiler DRAM buffers were full, markers were dropped! device 0, worker core 12, 9, Risc BRISC,  bufferEndIndex = 11804. Please either decrease the number of ops being profiled or run read device profiler more often (profiler.cpp:1532)
2026-06-02 02:26:37.159 | warning  |           Metal | Profiler DRAM buffers were full, markers were dropped! device 0, worker core 12, 9, Risc NCRISC,  bufferEndIndex = 11992. Please either decrease the number of ops being profiled or run read device profiler more often (profiler.cpp:1532)
2026-06-02 02:26:37.159 | warning  |           Metal | Profiler DRAM buffers were full, markers were dropped! device 0, worker core 12, 10, Risc BRISC,  bufferEndIndex = 11804. Please either decrease the number of ops being profiled or run read device profiler more often (profiler.cpp:1532)
2026-06-02 02:26:37.160 | warning  |           Metal | Profiler DRAM buffers were full, markers were dropped! device 0, worker core 12, 10, Risc NCRISC,  bufferEndIndex = 11992. Please either decrease the number of ops being profiled or run read device profiler more often (profiler.cpp:1532)
2026-06-02 02:26:37.160 | warning  |           Metal | Profiler DRAM buffers were full, markers were dropped! device 0, worker core 12, 11, Risc BRISC,  bufferEndIndex = 11804. Please either decrease the number of ops being profiled or run read device profiler more often (profiler.cpp:1532)
2026-06-02 02:26:37.161 | warning  |           Metal | Profiler DRAM buffers were full, markers were dropped! device 0, worker core 12, 11, Risc NCRISC,  bufferEndIndex = 11992. Please either decrease the number of ops being profiled or run read device profiler more often (profiler.cpp:1532)
2026-06-02 02:26:37.161 | warning  |           Metal | Profiler DRAM buffers were full, markers were dropped! device 0, worker core 13, 2, Risc BRISC,  bufferEndIndex = 11896. Please either decrease the number of ops being profiled or run read device profiler more often (profiler.cpp:1532)
2026-06-02 02:26:37.162 | warning  |           Metal | Profiler DRAM buffers were full, markers were dropped! device 0, worker core 13, 2, Risc NCRISC,  bufferEndIndex = 11764. Please either decrease the number of ops being profiled or run read device profiler more often (profiler.cpp:1532)
2026-06-02 02:26:37.162 | warning  |           Metal | Profiler DRAM buffers were full, markers were dropped! device 0, worker core 13, 3, Risc BRISC,  bufferEndIndex = 11896. Please either decrease the number of ops being profiled or run read device profiler more often (profiler.cpp:1532)
2026-06-02 02:26:37.163 | warning  |           Metal | Profiler DRAM buffers were full, markers were dropped! device 0, worker core 13, 3, Risc NCRISC,  bufferEndIndex = 11764. Please either decrease the number of ops being profiled or run read device profiler more often (profiler.cpp:1532)
2026-06-02 02:26:37.163 | warning  |           Metal | Profiler DRAM buffers were full, markers were dropped! device 0, worker core 13, 4, Risc BRISC,  bufferEndIndex = 11896. Please either decrease the number of ops being profiled or run read device profiler more often (profiler.cpp:1532)
2026-06-02 02:26:37.164 | warning  |           Metal | Profiler DRAM buffers were full, markers were dropped! device 0, worker core 13, 4, Risc NCRISC,  bufferEndIndex = 11764. Please either decrease the number of ops being profiled or run read device profiler more often (profiler.cpp:1532)
2026-06-02 02:26:37.164 | warning  |           Metal | Profiler DRAM buffers were full, markers were dropped! device 0, worker core 13, 5, Risc BRISC,  bufferEndIndex = 11896. Please either decrease the number of ops being profiled or run read device profiler more often (profiler.cpp:1532)
2026-06-02 02:26:37.165 | warning  |           Metal | Profiler DRAM buffers were full, markers were dropped! device 0, worker core 13, 5, Risc NCRISC,  bufferEndIndex = 11764. Please either decrease the number of ops being profiled or run read device profiler more often (profiler.cpp:1532)
2026-06-02 02:26:37.165 | warning  |           Metal | Profiler DRAM buffers were full, markers were dropped! device 0, worker core 13, 6, Risc BRISC,  bufferEndIndex = 11804. Please either decrease the number of ops being profiled or run read device profiler more often (profiler.cpp:1532)
2026-06-02 02:26:37.166 | warning  |           Metal | Profiler DRAM buffers were full, markers were dropped! device 0, worker core 13, 6, Risc NCRISC,  bufferEndIndex = 11992. Please either decrease the number of ops being profiled or run read device profiler more often (profiler.cpp:1532)
2026-06-02 02:26:37.166 | warning  |           Metal | Profiler DRAM buffers were full, markers were dropped! device 0, worker core 13, 7, Risc BRISC,  bufferEndIndex = 11804. Please either decrease the number of ops being profiled or run read device profiler more often (profiler.cpp:1532)
2026-06-02 02:26:37.167 | warning  |           Metal | Profiler DRAM buffers were full, markers were dropped! device 0, worker core 13, 7, Risc NCRISC,  bufferEndIndex = 11992. Please either decrease the number of ops being profiled or run read device profiler more often (profiler.cpp:1532)
2026-06-02 02:26:37.167 | warning  |           Metal | Profiler DRAM buffers were full, markers were dropped! device 0, worker core 13, 8, Risc BRISC,  bufferEndIndex = 11804. Please either decrease the number of ops being profiled or run read device profiler more often (profiler.cpp:1532)
2026-06-02 02:26:37.168 | warning  |           Metal | Profiler DRAM buffers were full, markers were dropped! device 0, worker core 13, 8, Risc NCRISC,  bufferEndIndex = 11992. Please either decrease the number of ops being profiled or run read device profiler more often (profiler.cpp:1532)
2026-06-02 02:26:37.168 | warning  |           Metal | Profiler DRAM buffers were full, markers were dropped! device 0, worker core 13, 9, Risc BRISC,  bufferEndIndex = 11804. Please either decrease the number of ops being profiled or run read device profiler more often (profiler.cpp:1532)
2026-06-02 02:26:37.169 | warning  |           Metal | Profiler DRAM buffers were full, markers were dropped! device 0, worker core 13, 9, Risc NCRISC,  bufferEndIndex = 11992. Please either decrease the number of ops being profiled or run read device profiler more often (profiler.cpp:1532)
2026-06-02 02:26:37.169 | warning  |           Metal | Profiler DRAM buffers were full, markers were dropped! device 0, worker core 13, 10, Risc BRISC,  bufferEndIndex = 11804. Please either decrease the number of ops being profiled or run read device profiler more often (profiler.cpp:1532)
2026-06-02 02:26:37.170 | warning  |           Metal | Profiler DRAM buffers were full, markers were dropped! device 0, worker core 13, 10, Risc NCRISC,  bufferEndIndex = 11992. Please either decrease the number of ops being profiled or run read device profiler more often (profiler.cpp:1532)
2026-06-02 02:26:37.170 | warning  |           Metal | Profiler DRAM buffers were full, markers were dropped! device 0, worker core 13, 11, Risc BRISC,  bufferEndIndex = 11804. Please either decrease the number of ops being profiled or run read device profiler more often (profiler.cpp:1532)
2026-06-02 02:26:37.171 | warning  |           Metal | Profiler DRAM buffers were full, markers were dropped! device 0, worker core 13, 11, Risc NCRISC,  bufferEndIndex = 11992. Please either decrease the number of ops being profiled or run read device profiler more often (profiler.cpp:1532)
2026-06-02 02:26:38.014 | warning  |          Always | Profiler NoC events are enabled; this can add 1-15% cycle overhead to typical operations! (profiler.cpp:2499)
[BUCKET_CULL] P_kept=3369033 tiles=1024 floor=6.10352e-05 cull_disabled=0 exec=76.26ms
[SORT] stage=RP P=3369033 P_kept=3369033 num_tiles=1024 max_tile_n=26544 bin=17.69 up=0.44 kernel=7.89 d2h=0.00 compact=0.00 publish=1.76 total=104.20ms
[CULL_SPLIT] candidates=3369033 masks=12.88MB exec=93.5 ms masks_addr=0xa08ee00 end=0xad70280 base_addr=0x9eb5600
[BLEND_SPLIT] upload=0.4 (attrs=0.0MB ids=0.0MB resident) exec=95.3 readback=0.6 total=96.3 ms
[BLEND_ADDR] cull_masks=0xa08ee00 out=0xa269ec0(sz=0x600000) tile_ids=0x54d3ec0 xramp=0xa267ec0 yramp=0xa268ec0 payload=0x0(sz=0x0)
[BLEND_DEVICE] resident_blend=192.9 ms (host_build=0)
2026-06-02 02:26:45.103 | warning  |           Metal | Profiler DRAM buffers were full, markers were dropped! device 0, worker core 1, 2, Risc BRISC,  bufferEndIndex = 11908. Please either decrease the number of ops being profiled or run read device profiler more often (profiler.cpp:1532)
2026-06-02 02:26:45.104 | warning  |           Metal | Profiler DRAM buffers were full, markers were dropped! device 0, worker core 1, 2, Risc NCRISC,  bufferEndIndex = 11776. Please either decrease the number of ops being profiled or run read device profiler more often (profiler.cpp:1532)
2026-06-02 02:26:45.104 | warning  |           Metal | Profiler DRAM buffers were full, markers were dropped! device 0, worker core 1, 3, Risc BRISC,  bufferEndIndex = 11896. Please either decrease the number of ops being profiled or run read device profiler more often (profiler.cpp:1532)
2026-06-02 02:26:45.104 | warning  |           Metal | Profiler DRAM buffers were full, markers were dropped! device 0, worker core 1, 3, Risc NCRISC,  bufferEndIndex = 11764. Please either decrease the number of ops being profiled or run read device profiler more often (profiler.cpp:1532)
2026-06-02 02:26:45.105 | warning  |           Metal | Profiler DRAM buffers were full, markers were dropped! device 0, worker core 1, 4, Risc BRISC,  bufferEndIndex = 11896. Please either decrease the number of ops being profiled or run read device profiler more often (profiler.cpp:1532)
2026-06-02 02:26:45.105 | warning  |           Metal | Profiler DRAM buffers were full, markers were dropped! device 0, worker core 1, 4, Risc NCRISC,  bufferEndIndex = 11764. Please either decrease the number of ops being profiled or run read device profiler more often (profiler.cpp:1532)
2026-06-02 02:26:45.105 | warning  |           Metal | Profiler DRAM buffers were full, markers were dropped! device 0, worker core 1, 5, Risc BRISC,  bufferEndIndex = 11896. Please either decrease the number of ops being profiled or run read device profiler more often (profiler.cpp:1532)
2026-06-02 02:26:45.106 | warning  |           Metal | Profiler DRAM buffers were full, markers were dropped! device 0, worker core 1, 5, Risc NCRISC,  bufferEndIndex = 11764. Please either decrease the number of ops being profiled or run read device profiler more often (profiler.cpp:1532)
2026-06-02 02:26:45.106 | warning  |           Metal | Profiler DRAM buffers were full, markers were dropped! device 0, worker core 1, 6, Risc BRISC,  bufferEndIndex = 11896. Please either decrease the number of ops being profiled or run read device profiler more often (profiler.cpp:1532)
2026-06-02 02:26:45.106 | warning  |           Metal | Profiler DRAM buffers were full, markers were dropped! device 0, worker core 1, 6, Risc NCRISC,  bufferEndIndex = 11764. Please either decrease the number of ops being profiled or run read device profiler more often (profiler.cpp:1532)
2026-06-02 02:26:45.107 | warning  |           Metal | Profiler DRAM buffers were full, markers were dropped! device 0, worker core 1, 7, Risc BRISC,  bufferEndIndex = 11804. Please either decrease the number of ops being profiled or run read device profiler more often (profiler.cpp:1532)
2026-06-02 02:26:45.107 | warning  |           Metal | Profiler DRAM buffers were full, markers were dropped! device 0, worker core 1, 7, Risc NCRISC,  bufferEndIndex = 11992. Please either decrease the number of ops being profiled or run read device profiler more often (profiler.cpp:1532)
2026-06-02 02:26:45.107 | warning  |           Metal | Profiler DRAM buffers were full, markers were dropped! device 0, worker core 1, 8, Risc BRISC,  bufferEndIndex = 11804. Please either decrease the number of ops being profiled or run read device profiler more often (profiler.cpp:1532)
2026-06-02 02:26:45.108 | warning  |           Metal | Profiler DRAM buffers were full, markers were dropped! device 0, worker core 1, 8, Risc NCRISC,  bufferEndIndex = 11992. Please either decrease the number of ops being profiled or run read device profiler more often (profiler.cpp:1532)
2026-06-02 02:26:45.108 | warning  |           Metal | Profiler DRAM buffers were full, markers were dropped! device 0, worker core 1, 9, Risc BRISC,  bufferEndIndex = 12000. Please either decrease the number of ops being profiled or run read device profiler more often (profiler.cpp:1532)
2026-06-02 02:26:45.109 | warning  |           Metal | Profiler DRAM buffers were full, markers were dropped! device 0, worker core 1, 9, Risc NCRISC,  bufferEndIndex = 11992. Please either decrease the number of ops being profiled or run read device profiler more often (profiler.cpp:1532)
2026-06-02 02:26:45.109 | warning  |           Metal | Profiler DRAM buffers were full, markers were dropped! device 0, worker core 1, 10, Risc BRISC,  bufferEndIndex = 11804. Please either decrease the number of ops being profiled or run read device profiler more often (profiler.cpp:1532)
2026-06-02 02:26:45.109 | warning  |           Metal | Profiler DRAM buffers were full, markers were dropped! device 0, worker core 1, 10, Risc NCRISC,  bufferEndIndex = 11992. Please either decrease the number of ops being profiled or run read device profiler more often (profiler.cpp:1532)
2026-06-02 02:26:45.110 | warning  |           Metal | Profiler DRAM buffers were full, markers were dropped! device 0, worker core 1, 11, Risc BRISC,  bufferEndIndex = 11804. Please either decrease the number of ops being profiled or run read device profiler more often (profiler.cpp:1532)
2026-06-02 02:26:45.110 | warning  |           Metal | Profiler DRAM buffers were full, markers were dropped! device 0, worker core 1, 11, Risc NCRISC,  bufferEndIndex = 11992. Please either decrease the number of ops being profiled or run read device profiler more often (profiler.cpp:1532)
2026-06-02 02:26:45.110 | warning  |           Metal | Profiler DRAM buffers were full, markers were dropped! device 0, worker core 2, 2, Risc BRISC,  bufferEndIndex = 11896. Please either decrease the number of ops being profiled or run read device profiler more often (profiler.cpp:1532)
2026-06-02 02:26:45.111 | warning  |           Metal | Profiler DRAM buffers were full, markers were dropped! device 0, worker core 2, 2, Risc NCRISC,  bufferEndIndex = 11764. Please either decrease the number of ops being profiled or run read device profiler more often (profiler.cpp:1532)
2026-06-02 02:26:45.111 | warning  |           Metal | Profiler DRAM buffers were full, markers were dropped! device 0, worker core 2, 3, Risc BRISC,  bufferEndIndex = 11896. Please either decrease the number of ops being profiled or run read device profiler more often (profiler.cpp:1532)
2026-06-02 02:26:45.111 | warning  |           Metal | Profiler DRAM buffers were full, markers were dropped! device 0, worker core 2, 3, Risc NCRISC,  bufferEndIndex = 11764. Please either decrease the number of ops being profiled or run read device profiler more often (profiler.cpp:1532)
2026-06-02 02:26:45.112 | warning  |           Metal | Profiler DRAM buffers were full, markers were dropped! device 0, worker core 2, 4, Risc BRISC,  bufferEndIndex = 11896. Please either decrease the number of ops being profiled or run read device profiler more often (profiler.cpp:1532)
2026-06-02 02:26:45.112 | warning  |           Metal | Profiler DRAM buffers were full, markers were dropped! device 0, worker core 2, 4, Risc NCRISC,  bufferEndIndex = 11764. Please either decrease the number of ops being profiled or run read device profiler more often (profiler.cpp:1532)
2026-06-02 02:26:45.112 | warning  |           Metal | Profiler DRAM buffers were full, markers were dropped! device 0, worker core 2, 5, Risc BRISC,  bufferEndIndex = 11896. Please either decrease the number of ops being profiled or run read device profiler more often (profiler.cpp:1532)
2026-06-02 02:26:45.113 | warning  |           Metal | Profiler DRAM buffers were full, markers were dropped! device 0, worker core 2, 5, Risc NCRISC,  bufferEndIndex = 11764. Please either decrease the number of ops being profiled or run read device profiler more often (profiler.cpp:1532)
2026-06-02 02:26:45.113 | warning  |           Metal | Profiler DRAM buffers were full, markers were dropped! device 0, worker core 2, 6, Risc BRISC,  bufferEndIndex = 11896. Please either decrease the number of ops being profiled or run read device profiler more often (profiler.cpp:1532)
2026-06-02 02:26:45.113 | warning  |           Metal | Profiler DRAM buffers were full, markers were dropped! device 0, worker core 2, 6, Risc NCRISC,  bufferEndIndex = 11764. Please either decrease the number of ops being profiled or run read device profiler more often (profiler.cpp:1532)
2026-06-02 02:26:45.114 | warning  |           Metal | Profiler DRAM buffers were full, markers were dropped! device 0, worker core 2, 7, Risc BRISC,  bufferEndIndex = 11804. Please either decrease the number of ops being profiled or run read device profiler more often (profiler.cpp:1532)
2026-06-02 02:26:45.114 | warning  |           Metal | Profiler DRAM buffers were full, markers were dropped! device 0, worker core 2, 7, Risc NCRISC,  bufferEndIndex = 11992. Please either decrease the number of ops being profiled or run read device profiler more often (profiler.cpp:1532)
2026-06-02 02:26:45.114 | warning  |           Metal | Profiler DRAM buffers were full, markers were dropped! device 0, worker core 2, 8, Risc BRISC,  bufferEndIndex = 11804. Please either decrease the number of ops being profiled or run read device profiler more often (profiler.cpp:1532)
2026-06-02 02:26:45.115 | warning  |           Metal | Profiler DRAM buffers were full, markers were dropped! device 0, worker core 2, 8, Risc NCRISC,  bufferEndIndex = 11992. Please either decrease the number of ops being profiled or run read device profiler more often (profiler.cpp:1532)
2026-06-02 02:26:45.115 | warning  |           Metal | Profiler DRAM buffers were full, markers were dropped! device 0, worker core 2, 9, Risc BRISC,  bufferEndIndex = 11804. Please either decrease the number of ops being profiled or run read device profiler more often (profiler.cpp:1532)
2026-06-02 02:26:45.115 | warning  |           Metal | Profiler DRAM buffers were full, markers were dropped! device 0, worker core 2, 9, Risc NCRISC,  bufferEndIndex = 11992. Please either decrease the number of ops being profiled or run read device profiler more often (profiler.cpp:1532)
2026-06-02 02:26:45.116 | warning  |           Metal | Profiler DRAM buffers were full, markers were dropped! device 0, worker core 2, 10, Risc BRISC,  bufferEndIndex = 11804. Please either decrease the number of ops being profiled or run read device profiler more often (profiler.cpp:1532)
2026-06-02 02:26:45.116 | warning  |           Metal | Profiler DRAM buffers were full, markers were dropped! device 0, worker core 2, 10, Risc NCRISC,  bufferEndIndex = 11992. Please either decrease the number of ops being profiled or run read device profiler more often (profiler.cpp:1532)
2026-06-02 02:26:45.116 | warning  |           Metal | Profiler DRAM buffers were full, markers were dropped! device 0, worker core 2, 11, Risc BRISC,  bufferEndIndex = 11804. Please either decrease the number of ops being profiled or run read device profiler more often (profiler.cpp:1532)
2026-06-02 02:26:45.117 | warning  |           Metal | Profiler DRAM buffers were full, markers were dropped! device 0, worker core 2, 11, Risc NCRISC,  bufferEndIndex = 11992. Please either decrease the number of ops being profiled or run read device profiler more often (profiler.cpp:1532)
2026-06-02 02:26:45.117 | warning  |           Metal | Profiler DRAM buffers were full, markers were dropped! device 0, worker core 3, 2, Risc BRISC,  bufferEndIndex = 11896. Please either decrease the number of ops being profiled or run read device profiler more often (profiler.cpp:1532)
2026-06-02 02:26:45.117 | warning  |           Metal | Profiler DRAM buffers were full, markers were dropped! device 0, worker core 3, 2, Risc NCRISC,  bufferEndIndex = 11764. Please either decrease the number of ops being profiled or run read device profiler more often (profiler.cpp:1532)
2026-06-02 02:26:45.118 | warning  |           Metal | Profiler DRAM buffers were full, markers were dropped! device 0, worker core 3, 3, Risc BRISC,  bufferEndIndex = 11896. Please either decrease the number of ops being profiled or run read device profiler more often (profiler.cpp:1532)
2026-06-02 02:26:45.118 | warning  |           Metal | Profiler DRAM buffers were full, markers were dropped! device 0, worker core 3, 3, Risc NCRISC,  bufferEndIndex = 11764. Please either decrease the number of ops being profiled or run read device profiler more often (profiler.cpp:1532)
2026-06-02 02:26:45.118 | warning  |           Metal | Profiler DRAM buffers were full, markers were dropped! device 0, worker core 3, 4, Risc BRISC,  bufferEndIndex = 11896. Please either decrease the number of ops being profiled or run read device profiler more often (profiler.cpp:1532)
2026-06-02 02:26:45.119 | warning  |           Metal | Profiler DRAM buffers were full, markers were dropped! device 0, worker core 3, 4, Risc NCRISC,  bufferEndIndex = 11764. Please either decrease the number of ops being profiled or run read device profiler more often (profiler.cpp:1532)
2026-06-02 02:26:45.119 | warning  |           Metal | Profiler DRAM buffers were full, markers were dropped! device 0, worker core 3, 5, Risc BRISC,  bufferEndIndex = 11896. Please either decrease the number of ops being profiled or run read device profiler more often (profiler.cpp:1532)
2026-06-02 02:26:45.119 | warning  |           Metal | Profiler DRAM buffers were full, markers were dropped! device 0, worker core 3, 5, Risc NCRISC,  bufferEndIndex = 11764. Please either decrease the number of ops being profiled or run read device profiler more often (profiler.cpp:1532)
2026-06-02 02:26:45.120 | warning  |           Metal | Profiler DRAM buffers were full, markers were dropped! device 0, worker core 3, 6, Risc BRISC,  bufferEndIndex = 11896. Please either decrease the number of ops being profiled or run read device profiler more often (profiler.cpp:1532)
2026-06-02 02:26:45.120 | warning  |           Metal | Profiler DRAM buffers were full, markers were dropped! device 0, worker core 3, 6, Risc NCRISC,  bufferEndIndex = 11764. Please either decrease the number of ops being profiled or run read device profiler more often (profiler.cpp:1532)
2026-06-02 02:26:45.120 | warning  |           Metal | Profiler DRAM buffers were full, markers were dropped! device 0, worker core 3, 7, Risc BRISC,  bufferEndIndex = 11804. Please either decrease the number of ops being profiled or run read device profiler more often (profiler.cpp:1532)
2026-06-02 02:26:45.121 | warning  |           Metal | Profiler DRAM buffers were full, markers were dropped! device 0, worker core 3, 7, Risc NCRISC,  bufferEndIndex = 11992. Please either decrease the number of ops being profiled or run read device profiler more often (profiler.cpp:1532)
2026-06-02 02:26:45.121 | warning  |           Metal | Profiler DRAM buffers were full, markers were dropped! device 0, worker core 3, 8, Risc BRISC,  bufferEndIndex = 11804. Please either decrease the number of ops being profiled or run read device profiler more often (profiler.cpp:1532)
2026-06-02 02:26:45.121 | warning  |           Metal | Profiler DRAM buffers were full, markers were dropped! device 0, worker core 3, 8, Risc NCRISC,  bufferEndIndex = 11992. Please either decrease the number of ops being profiled or run read device profiler more often (profiler.cpp:1532)
2026-06-02 02:26:45.122 | warning  |           Metal | Profiler DRAM buffers were full, markers were dropped! device 0, worker core 3, 9, Risc BRISC,  bufferEndIndex = 11804. Please either decrease the number of ops being profiled or run read device profiler more often (profiler.cpp:1532)
2026-06-02 02:26:45.122 | warning  |           Metal | Profiler DRAM buffers were full, markers were dropped! device 0, worker core 3, 9, Risc NCRISC,  bufferEndIndex = 11992. Please either decrease the number of ops being profiled or run read device profiler more often (profiler.cpp:1532)
2026-06-02 02:26:45.122 | warning  |           Metal | Profiler DRAM buffers were full, markers were dropped! device 0, worker core 3, 10, Risc BRISC,  bufferEndIndex = 11804. Please either decrease the number of ops being profiled or run read device profiler more often (profiler.cpp:1532)
2026-06-02 02:26:45.123 | warning  |           Metal | Profiler DRAM buffers were full, markers were dropped! device 0, worker core 3, 10, Risc NCRISC,  bufferEndIndex = 11992. Please either decrease the number of ops being profiled or run read device profiler more often (profiler.cpp:1532)
2026-06-02 02:26:45.123 | warning  |           Metal | Profiler DRAM buffers were full, markers were dropped! device 0, worker core 3, 11, Risc BRISC,  bufferEndIndex = 11804. Please either decrease the number of ops being profiled or run read device profiler more often (profiler.cpp:1532)
2026-06-02 02:26:45.123 | warning  |           Metal | Profiler DRAM buffers were full, markers were dropped! device 0, worker core 3, 11, Risc NCRISC,  bufferEndIndex = 11992. Please either decrease the number of ops being profiled or run read device profiler more often (profiler.cpp:1532)
2026-06-02 02:26:45.124 | warning  |           Metal | Profiler DRAM buffers were full, markers were dropped! device 0, worker core 4, 2, Risc BRISC,  bufferEndIndex = 11896. Please either decrease the number of ops being profiled or run read device profiler more often (profiler.cpp:1532)
2026-06-02 02:26:45.124 | warning  |           Metal | Profiler DRAM buffers were full, markers were dropped! device 0, worker core 4, 2, Risc NCRISC,  bufferEndIndex = 11764. Please either decrease the number of ops being profiled or run read device profiler more often (profiler.cpp:1532)
2026-06-02 02:26:45.124 | warning  |           Metal | Profiler DRAM buffers were full, markers were dropped! device 0, worker core 4, 3, Risc BRISC,  bufferEndIndex = 11896. Please either decrease the number of ops being profiled or run read device profiler more often (profiler.cpp:1532)
2026-06-02 02:26:45.125 | warning  |           Metal | Profiler DRAM buffers were full, markers were dropped! device 0, worker core 4, 3, Risc NCRISC,  bufferEndIndex = 11764. Please either decrease the number of ops being profiled or run read device profiler more often (profiler.cpp:1532)
2026-06-02 02:26:45.125 | warning  |           Metal | Profiler DRAM buffers were full, markers were dropped! device 0, worker core 4, 4, Risc BRISC,  bufferEndIndex = 11896. Please either decrease the number of ops being profiled or run read device profiler more often (profiler.cpp:1532)
2026-06-02 02:26:45.125 | warning  |           Metal | Profiler DRAM buffers were full, markers were dropped! device 0, worker core 4, 4, Risc NCRISC,  bufferEndIndex = 11764. Please either decrease the number of ops being profiled or run read device profiler more often (profiler.cpp:1532)
2026-06-02 02:26:45.126 | warning  |           Metal | Profiler DRAM buffers were full, markers were dropped! device 0, worker core 4, 5, Risc BRISC,  bufferEndIndex = 11896. Please either decrease the number of ops being profiled or run read device profiler more often (profiler.cpp:1532)
2026-06-02 02:26:45.126 | warning  |           Metal | Profiler DRAM buffers were full, markers were dropped! device 0, worker core 4, 5, Risc NCRISC,  bufferEndIndex = 11764. Please either decrease the number of ops being profiled or run read device profiler more often (profiler.cpp:1532)
2026-06-02 02:26:45.126 | warning  |           Metal | Profiler DRAM buffers were full, markers were dropped! device 0, worker core 4, 6, Risc BRISC,  bufferEndIndex = 11896. Please either decrease the number of ops being profiled or run read device profiler more often (profiler.cpp:1532)
2026-06-02 02:26:45.127 | warning  |           Metal | Profiler DRAM buffers were full, markers were dropped! device 0, worker core 4, 6, Risc NCRISC,  bufferEndIndex = 11764. Please either decrease the number of ops being profiled or run read device profiler more often (profiler.cpp:1532)
2026-06-02 02:26:45.127 | warning  |           Metal | Profiler DRAM buffers were full, markers were dropped! device 0, worker core 4, 7, Risc BRISC,  bufferEndIndex = 11804. Please either decrease the number of ops being profiled or run read device profiler more often (profiler.cpp:1532)
2026-06-02 02:26:45.127 | warning  |           Metal | Profiler DRAM buffers were full, markers were dropped! device 0, worker core 4, 7, Risc NCRISC,  bufferEndIndex = 11992. Please either decrease the number of ops being profiled or run read device profiler more often (profiler.cpp:1532)
2026-06-02 02:26:45.128 | warning  |           Metal | Profiler DRAM buffers were full, markers were dropped! device 0, worker core 4, 8, Risc BRISC,  bufferEndIndex = 11804. Please either decrease the number of ops being profiled or run read device profiler more often (profiler.cpp:1532)
2026-06-02 02:26:45.128 | warning  |           Metal | Profiler DRAM buffers were full, markers were dropped! device 0, worker core 4, 8, Risc NCRISC,  bufferEndIndex = 11992. Please either decrease the number of ops being profiled or run read device profiler more often (profiler.cpp:1532)
2026-06-02 02:26:45.128 | warning  |           Metal | Profiler DRAM buffers were full, markers were dropped! device 0, worker core 4, 9, Risc BRISC,  bufferEndIndex = 11804. Please either decrease the number of ops being profiled or run read device profiler more often (profiler.cpp:1532)
2026-06-02 02:26:45.129 | warning  |           Metal | Profiler DRAM buffers were full, markers were dropped! device 0, worker core 4, 9, Risc NCRISC,  bufferEndIndex = 11992. Please either decrease the number of ops being profiled or run read device profiler more often (profiler.cpp:1532)
2026-06-02 02:26:45.129 | warning  |           Metal | Profiler DRAM buffers were full, markers were dropped! device 0, worker core 4, 10, Risc BRISC,  bufferEndIndex = 11804. Please either decrease the number of ops being profiled or run read device profiler more often (profiler.cpp:1532)
2026-06-02 02:26:45.129 | warning  |           Metal | Profiler DRAM buffers were full, markers were dropped! device 0, worker core 4, 10, Risc NCRISC,  bufferEndIndex = 11992. Please either decrease the number of ops being profiled or run read device profiler more often (profiler.cpp:1532)
2026-06-02 02:26:45.130 | warning  |           Metal | Profiler DRAM buffers were full, markers were dropped! device 0, worker core 4, 11, Risc BRISC,  bufferEndIndex = 11804. Please either decrease the number of ops being profiled or run read device profiler more often (profiler.cpp:1532)
2026-06-02 02:26:45.130 | warning  |           Metal | Profiler DRAM buffers were full, markers were dropped! device 0, worker core 4, 11, Risc NCRISC,  bufferEndIndex = 11992. Please either decrease the number of ops being profiled or run read device profiler more often (profiler.cpp:1532)
2026-06-02 02:26:45.130 | warning  |           Metal | Profiler DRAM buffers were full, markers were dropped! device 0, worker core 5, 2, Risc BRISC,  bufferEndIndex = 11896. Please either decrease the number of ops being profiled or run read device profiler more often (profiler.cpp:1532)
2026-06-02 02:26:45.131 | warning  |           Metal | Profiler DRAM buffers were full, markers were dropped! device 0, worker core 5, 2, Risc NCRISC,  bufferEndIndex = 11764. Please either decrease the number of ops being profiled or run read device profiler more often (profiler.cpp:1532)
2026-06-02 02:26:45.131 | warning  |           Metal | Profiler DRAM buffers were full, markers were dropped! device 0, worker core 5, 3, Risc BRISC,  bufferEndIndex = 11896. Please either decrease the number of ops being profiled or run read device profiler more often (profiler.cpp:1532)
2026-06-02 02:26:45.131 | warning  |           Metal | Profiler DRAM buffers were full, markers were dropped! device 0, worker core 5, 3, Risc NCRISC,  bufferEndIndex = 11764. Please either decrease the number of ops being profiled or run read device profiler more often (profiler.cpp:1532)
2026-06-02 02:26:45.132 | warning  |           Metal | Profiler DRAM buffers were full, markers were dropped! device 0, worker core 5, 4, Risc BRISC,  bufferEndIndex = 11896. Please either decrease the number of ops being profiled or run read device profiler more often (profiler.cpp:1532)
2026-06-02 02:26:45.132 | warning  |           Metal | Profiler DRAM buffers were full, markers were dropped! device 0, worker core 5, 4, Risc NCRISC,  bufferEndIndex = 11764. Please either decrease the number of ops being profiled or run read device profiler more often (profiler.cpp:1532)
2026-06-02 02:26:45.132 | warning  |           Metal | Profiler DRAM buffers were full, markers were dropped! device 0, worker core 5, 5, Risc BRISC,  bufferEndIndex = 11896. Please either decrease the number of ops being profiled or run read device profiler more often (profiler.cpp:1532)
2026-06-02 02:26:45.133 | warning  |           Metal | Profiler DRAM buffers were full, markers were dropped! device 0, worker core 5, 5, Risc NCRISC,  bufferEndIndex = 11764. Please either decrease the number of ops being profiled or run read device profiler more often (profiler.cpp:1532)
2026-06-02 02:26:45.133 | warning  |           Metal | Profiler DRAM buffers were full, markers were dropped! device 0, worker core 5, 6, Risc BRISC,  bufferEndIndex = 11896. Please either decrease the number of ops being profiled or run read device profiler more often (profiler.cpp:1532)
2026-06-02 02:26:45.133 | warning  |           Metal | Profiler DRAM buffers were full, markers were dropped! device 0, worker core 5, 6, Risc NCRISC,  bufferEndIndex = 11764. Please either decrease the number of ops being profiled or run read device profiler more often (profiler.cpp:1532)
2026-06-02 02:26:45.134 | warning  |           Metal | Profiler DRAM buffers were full, markers were dropped! device 0, worker core 5, 7, Risc BRISC,  bufferEndIndex = 11804. Please either decrease the number of ops being profiled or run read device profiler more often (profiler.cpp:1532)
2026-06-02 02:26:45.134 | warning  |           Metal | Profiler DRAM buffers were full, markers were dropped! device 0, worker core 5, 7, Risc NCRISC,  bufferEndIndex = 11992. Please either decrease the number of ops being profiled or run read device profiler more often (profiler.cpp:1532)
2026-06-02 02:26:45.134 | warning  |           Metal | Profiler DRAM buffers were full, markers were dropped! device 0, worker core 5, 8, Risc BRISC,  bufferEndIndex = 11804. Please either decrease the number of ops being profiled or run read device profiler more often (profiler.cpp:1532)
2026-06-02 02:26:45.135 | warning  |           Metal | Profiler DRAM buffers were full, markers were dropped! device 0, worker core 5, 8, Risc NCRISC,  bufferEndIndex = 11992. Please either decrease the number of ops being profiled or run read device profiler more often (profiler.cpp:1532)
2026-06-02 02:26:45.135 | warning  |           Metal | Profiler DRAM buffers were full, markers were dropped! device 0, worker core 5, 9, Risc BRISC,  bufferEndIndex = 11804. Please either decrease the number of ops being profiled or run read device profiler more often (profiler.cpp:1532)
2026-06-02 02:26:45.135 | warning  |           Metal | Profiler DRAM buffers were full, markers were dropped! device 0, worker core 5, 9, Risc NCRISC,  bufferEndIndex = 11992. Please either decrease the number of ops being profiled or run read device profiler more often (profiler.cpp:1532)
2026-06-02 02:26:45.136 | warning  |           Metal | Profiler DRAM buffers were full, markers were dropped! device 0, worker core 5, 10, Risc BRISC,  bufferEndIndex = 11804. Please either decrease the number of ops being profiled or run read device profiler more often (profiler.cpp:1532)
2026-06-02 02:26:45.136 | warning  |           Metal | Profiler DRAM buffers were full, markers were dropped! device 0, worker core 5, 10, Risc NCRISC,  bufferEndIndex = 11992. Please either decrease the number of ops being profiled or run read device profiler more often (profiler.cpp:1532)
2026-06-02 02:26:45.136 | warning  |           Metal | Profiler DRAM buffers were full, markers were dropped! device 0, worker core 5, 11, Risc BRISC,  bufferEndIndex = 11804. Please either decrease the number of ops being profiled or run read device profiler more often (profiler.cpp:1532)
2026-06-02 02:26:45.137 | warning  |           Metal | Profiler DRAM buffers were full, markers were dropped! device 0, worker core 5, 11, Risc NCRISC,  bufferEndIndex = 11992. Please either decrease the number of ops being profiled or run read device profiler more often (profiler.cpp:1532)
2026-06-02 02:26:45.137 | warning  |           Metal | Profiler DRAM buffers were full, markers were dropped! device 0, worker core 6, 2, Risc BRISC,  bufferEndIndex = 11896. Please either decrease the number of ops being profiled or run read device profiler more often (profiler.cpp:1532)
2026-06-02 02:26:45.137 | warning  |           Metal | Profiler DRAM buffers were full, markers were dropped! device 0, worker core 6, 2, Risc NCRISC,  bufferEndIndex = 11764. Please either decrease the number of ops being profiled or run read device profiler more often (profiler.cpp:1532)
2026-06-02 02:26:45.138 | warning  |           Metal | Profiler DRAM buffers were full, markers were dropped! device 0, worker core 6, 3, Risc BRISC,  bufferEndIndex = 11896. Please either decrease the number of ops being profiled or run read device profiler more often (profiler.cpp:1532)
2026-06-02 02:26:45.138 | warning  |           Metal | Profiler DRAM buffers were full, markers were dropped! device 0, worker core 6, 3, Risc NCRISC,  bufferEndIndex = 11764. Please either decrease the number of ops being profiled or run read device profiler more often (profiler.cpp:1532)
2026-06-02 02:26:45.138 | warning  |           Metal | Profiler DRAM buffers were full, markers were dropped! device 0, worker core 6, 4, Risc BRISC,  bufferEndIndex = 11896. Please either decrease the number of ops being profiled or run read device profiler more often (profiler.cpp:1532)
2026-06-02 02:26:45.139 | warning  |           Metal | Profiler DRAM buffers were full, markers were dropped! device 0, worker core 6, 4, Risc NCRISC,  bufferEndIndex = 11764. Please either decrease the number of ops being profiled or run read device profiler more often (profiler.cpp:1532)
2026-06-02 02:26:45.139 | warning  |           Metal | Profiler DRAM buffers were full, markers were dropped! device 0, worker core 6, 5, Risc BRISC,  bufferEndIndex = 11896. Please either decrease the number of ops being profiled or run read device profiler more often (profiler.cpp:1532)
2026-06-02 02:26:45.139 | warning  |           Metal | Profiler DRAM buffers were full, markers were dropped! device 0, worker core 6, 5, Risc NCRISC,  bufferEndIndex = 11764. Please either decrease the number of ops being profiled or run read device profiler more often (profiler.cpp:1532)
2026-06-02 02:26:45.140 | warning  |           Metal | Profiler DRAM buffers were full, markers were dropped! device 0, worker core 6, 6, Risc BRISC,  bufferEndIndex = 11804. Please either decrease the number of ops being profiled or run read device profiler more often (profiler.cpp:1532)
2026-06-02 02:26:45.140 | warning  |           Metal | Profiler DRAM buffers were full, markers were dropped! device 0, worker core 6, 6, Risc NCRISC,  bufferEndIndex = 11992. Please either decrease the number of ops being profiled or run read device profiler more often (profiler.cpp:1532)
2026-06-02 02:26:45.140 | warning  |           Metal | Profiler DRAM buffers were full, markers were dropped! device 0, worker core 6, 7, Risc BRISC,  bufferEndIndex = 11804. Please either decrease the number of ops being profiled or run read device profiler more often (profiler.cpp:1532)
2026-06-02 02:26:45.141 | warning  |           Metal | Profiler DRAM buffers were full, markers were dropped! device 0, worker core 6, 7, Risc NCRISC,  bufferEndIndex = 11992. Please either decrease the number of ops being profiled or run read device profiler more often (profiler.cpp:1532)
2026-06-02 02:26:45.141 | warning  |           Metal | Profiler DRAM buffers were full, markers were dropped! device 0, worker core 6, 8, Risc BRISC,  bufferEndIndex = 11804. Please either decrease the number of ops being profiled or run read device profiler more often (profiler.cpp:1532)
2026-06-02 02:26:45.141 | warning  |           Metal | Profiler DRAM buffers were full, markers were dropped! device 0, worker core 6, 8, Risc NCRISC,  bufferEndIndex = 11992. Please either decrease the number of ops being profiled or run read device profiler more often (profiler.cpp:1532)
2026-06-02 02:26:45.142 | warning  |           Metal | Profiler DRAM buffers were full, markers were dropped! device 0, worker core 6, 9, Risc BRISC,  bufferEndIndex = 11804. Please either decrease the number of ops being profiled or run read device profiler more often (profiler.cpp:1532)
2026-06-02 02:26:45.142 | warning  |           Metal | Profiler DRAM buffers were full, markers were dropped! device 0, worker core 6, 9, Risc NCRISC,  bufferEndIndex = 11992. Please either decrease the number of ops being profiled or run read device profiler more often (profiler.cpp:1532)
2026-06-02 02:26:45.142 | warning  |           Metal | Profiler DRAM buffers were full, markers were dropped! device 0, worker core 6, 10, Risc BRISC,  bufferEndIndex = 11804. Please either decrease the number of ops being profiled or run read device profiler more often (profiler.cpp:1532)
2026-06-02 02:26:45.143 | warning  |           Metal | Profiler DRAM buffers were full, markers were dropped! device 0, worker core 6, 10, Risc NCRISC,  bufferEndIndex = 11992. Please either decrease the number of ops being profiled or run read device profiler more often (profiler.cpp:1532)
2026-06-02 02:26:45.143 | warning  |           Metal | Profiler DRAM buffers were full, markers were dropped! device 0, worker core 6, 11, Risc BRISC,  bufferEndIndex = 11804. Please either decrease the number of ops being profiled or run read device profiler more often (profiler.cpp:1532)
2026-06-02 02:26:45.143 | warning  |           Metal | Profiler DRAM buffers were full, markers were dropped! device 0, worker core 6, 11, Risc NCRISC,  bufferEndIndex = 11992. Please either decrease the number of ops being profiled or run read device profiler more often (profiler.cpp:1532)
2026-06-02 02:26:45.144 | warning  |           Metal | Profiler DRAM buffers were full, markers were dropped! device 0, worker core 7, 2, Risc BRISC,  bufferEndIndex = 11896. Please either decrease the number of ops being profiled or run read device profiler more often (profiler.cpp:1532)
2026-06-02 02:26:45.144 | warning  |           Metal | Profiler DRAM buffers were full, markers were dropped! device 0, worker core 7, 2, Risc NCRISC,  bufferEndIndex = 11764. Please either decrease the number of ops being profiled or run read device profiler more often (profiler.cpp:1532)
2026-06-02 02:26:45.144 | warning  |           Metal | Profiler DRAM buffers were full, markers were dropped! device 0, worker core 7, 3, Risc BRISC,  bufferEndIndex = 11896. Please either decrease the number of ops being profiled or run read device profiler more often (profiler.cpp:1532)
2026-06-02 02:26:45.145 | warning  |           Metal | Profiler DRAM buffers were full, markers were dropped! device 0, worker core 7, 3, Risc NCRISC,  bufferEndIndex = 11764. Please either decrease the number of ops being profiled or run read device profiler more often (profiler.cpp:1532)
2026-06-02 02:26:45.145 | warning  |           Metal | Profiler DRAM buffers were full, markers were dropped! device 0, worker core 7, 4, Risc BRISC,  bufferEndIndex = 11896. Please either decrease the number of ops being profiled or run read device profiler more often (profiler.cpp:1532)
2026-06-02 02:26:45.145 | warning  |           Metal | Profiler DRAM buffers were full, markers were dropped! device 0, worker core 7, 4, Risc NCRISC,  bufferEndIndex = 11764. Please either decrease the number of ops being profiled or run read device profiler more often (profiler.cpp:1532)
2026-06-02 02:26:45.146 | warning  |           Metal | Profiler DRAM buffers were full, markers were dropped! device 0, worker core 7, 5, Risc BRISC,  bufferEndIndex = 11896. Please either decrease the number of ops being profiled or run read device profiler more often (profiler.cpp:1532)
2026-06-02 02:26:45.146 | warning  |           Metal | Profiler DRAM buffers were full, markers were dropped! device 0, worker core 7, 5, Risc NCRISC,  bufferEndIndex = 11764. Please either decrease the number of ops being profiled or run read device profiler more often (profiler.cpp:1532)
2026-06-02 02:26:45.146 | warning  |           Metal | Profiler DRAM buffers were full, markers were dropped! device 0, worker core 7, 6, Risc BRISC,  bufferEndIndex = 11804. Please either decrease the number of ops being profiled or run read device profiler more often (profiler.cpp:1532)
2026-06-02 02:26:45.147 | warning  |           Metal | Profiler DRAM buffers were full, markers were dropped! device 0, worker core 7, 6, Risc NCRISC,  bufferEndIndex = 11992. Please either decrease the number of ops being profiled or run read device profiler more often (profiler.cpp:1532)
2026-06-02 02:26:45.147 | warning  |           Metal | Profiler DRAM buffers were full, markers were dropped! device 0, worker core 7, 7, Risc BRISC,  bufferEndIndex = 11804. Please either decrease the number of ops being profiled or run read device profiler more often (profiler.cpp:1532)
2026-06-02 02:26:45.147 | warning  |           Metal | Profiler DRAM buffers were full, markers were dropped! device 0, worker core 7, 7, Risc NCRISC,  bufferEndIndex = 11992. Please either decrease the number of ops being profiled or run read device profiler more often (profiler.cpp:1532)
2026-06-02 02:26:45.148 | warning  |           Metal | Profiler DRAM buffers were full, markers were dropped! device 0, worker core 7, 8, Risc BRISC,  bufferEndIndex = 11804. Please either decrease the number of ops being profiled or run read device profiler more often (profiler.cpp:1532)
2026-06-02 02:26:45.148 | warning  |           Metal | Profiler DRAM buffers were full, markers were dropped! device 0, worker core 7, 8, Risc NCRISC,  bufferEndIndex = 11992. Please either decrease the number of ops being profiled or run read device profiler more often (profiler.cpp:1532)
2026-06-02 02:26:45.148 | warning  |           Metal | Profiler DRAM buffers were full, markers were dropped! device 0, worker core 7, 9, Risc BRISC,  bufferEndIndex = 11804. Please either decrease the number of ops being profiled or run read device profiler more often (profiler.cpp:1532)
2026-06-02 02:26:45.149 | warning  |           Metal | Profiler DRAM buffers were full, markers were dropped! device 0, worker core 7, 9, Risc NCRISC,  bufferEndIndex = 11992. Please either decrease the number of ops being profiled or run read device profiler more often (profiler.cpp:1532)
2026-06-02 02:26:45.149 | warning  |           Metal | Profiler DRAM buffers were full, markers were dropped! device 0, worker core 7, 10, Risc BRISC,  bufferEndIndex = 11804. Please either decrease the number of ops being profiled or run read device profiler more often (profiler.cpp:1532)
2026-06-02 02:26:45.149 | warning  |           Metal | Profiler DRAM buffers were full, markers were dropped! device 0, worker core 7, 10, Risc NCRISC,  bufferEndIndex = 11992. Please either decrease the number of ops being profiled or run read device profiler more often (profiler.cpp:1532)
2026-06-02 02:26:45.150 | warning  |           Metal | Profiler DRAM buffers were full, markers were dropped! device 0, worker core 7, 11, Risc BRISC,  bufferEndIndex = 11804. Please either decrease the number of ops being profiled or run read device profiler more often (profiler.cpp:1532)
2026-06-02 02:26:45.150 | warning  |           Metal | Profiler DRAM buffers were full, markers were dropped! device 0, worker core 7, 11, Risc NCRISC,  bufferEndIndex = 11992. Please either decrease the number of ops being profiled or run read device profiler more often (profiler.cpp:1532)
2026-06-02 02:26:45.150 | warning  |           Metal | Profiler DRAM buffers were full, markers were dropped! device 0, worker core 10, 2, Risc BRISC,  bufferEndIndex = 11896. Please either decrease the number of ops being profiled or run read device profiler more often (profiler.cpp:1532)
2026-06-02 02:26:45.151 | warning  |           Metal | Profiler DRAM buffers were full, markers were dropped! device 0, worker core 10, 2, Risc NCRISC,  bufferEndIndex = 11764. Please either decrease the number of ops being profiled or run read device profiler more often (profiler.cpp:1532)
2026-06-02 02:26:45.151 | warning  |           Metal | Profiler DRAM buffers were full, markers were dropped! device 0, worker core 10, 3, Risc BRISC,  bufferEndIndex = 11896. Please either decrease the number of ops being profiled or run read device profiler more often (profiler.cpp:1532)
2026-06-02 02:26:45.151 | warning  |           Metal | Profiler DRAM buffers were full, markers were dropped! device 0, worker core 10, 3, Risc NCRISC,  bufferEndIndex = 11764. Please either decrease the number of ops being profiled or run read device profiler more often (profiler.cpp:1532)
2026-06-02 02:26:45.152 | warning  |           Metal | Profiler DRAM buffers were full, markers were dropped! device 0, worker core 10, 4, Risc BRISC,  bufferEndIndex = 11896. Please either decrease the number of ops being profiled or run read device profiler more often (profiler.cpp:1532)
2026-06-02 02:26:45.152 | warning  |           Metal | Profiler DRAM buffers were full, markers were dropped! device 0, worker core 10, 4, Risc NCRISC,  bufferEndIndex = 11764. Please either decrease the number of ops being profiled or run read device profiler more often (profiler.cpp:1532)
2026-06-02 02:26:45.152 | warning  |           Metal | Profiler DRAM buffers were full, markers were dropped! device 0, worker core 10, 5, Risc BRISC,  bufferEndIndex = 11896. Please either decrease the number of ops being profiled or run read device profiler more often (profiler.cpp:1532)
2026-06-02 02:26:45.153 | warning  |           Metal | Profiler DRAM buffers were full, markers were dropped! device 0, worker core 10, 5, Risc NCRISC,  bufferEndIndex = 11764. Please either decrease the number of ops being profiled or run read device profiler more often (profiler.cpp:1532)
2026-06-02 02:26:45.153 | warning  |           Metal | Profiler DRAM buffers were full, markers were dropped! device 0, worker core 10, 6, Risc BRISC,  bufferEndIndex = 11804. Please either decrease the number of ops being profiled or run read device profiler more often (profiler.cpp:1532)
2026-06-02 02:26:45.153 | warning  |           Metal | Profiler DRAM buffers were full, markers were dropped! device 0, worker core 10, 6, Risc NCRISC,  bufferEndIndex = 11992. Please either decrease the number of ops being profiled or run read device profiler more often (profiler.cpp:1532)
2026-06-02 02:26:45.154 | warning  |           Metal | Profiler DRAM buffers were full, markers were dropped! device 0, worker core 10, 7, Risc BRISC,  bufferEndIndex = 11804. Please either decrease the number of ops being profiled or run read device profiler more often (profiler.cpp:1532)
2026-06-02 02:26:45.154 | warning  |           Metal | Profiler DRAM buffers were full, markers were dropped! device 0, worker core 10, 7, Risc NCRISC,  bufferEndIndex = 11992. Please either decrease the number of ops being profiled or run read device profiler more often (profiler.cpp:1532)
2026-06-02 02:26:45.154 | warning  |           Metal | Profiler DRAM buffers were full, markers were dropped! device 0, worker core 10, 8, Risc BRISC,  bufferEndIndex = 11804. Please either decrease the number of ops being profiled or run read device profiler more often (profiler.cpp:1532)
2026-06-02 02:26:45.154 | warning  |           Metal | Profiler DRAM buffers were full, markers were dropped! device 0, worker core 10, 8, Risc NCRISC,  bufferEndIndex = 11992. Please either decrease the number of ops being profiled or run read device profiler more often (profiler.cpp:1532)
2026-06-02 02:26:45.155 | warning  |           Metal | Profiler DRAM buffers were full, markers were dropped! device 0, worker core 10, 9, Risc BRISC,  bufferEndIndex = 11804. Please either decrease the number of ops being profiled or run read device profiler more often (profiler.cpp:1532)
2026-06-02 02:26:45.155 | warning  |           Metal | Profiler DRAM buffers were full, markers were dropped! device 0, worker core 10, 9, Risc NCRISC,  bufferEndIndex = 11992. Please either decrease the number of ops being profiled or run read device profiler more often (profiler.cpp:1532)
2026-06-02 02:26:45.155 | warning  |           Metal | Profiler DRAM buffers were full, markers were dropped! device 0, worker core 10, 10, Risc BRISC,  bufferEndIndex = 11804. Please either decrease the number of ops being profiled or run read device profiler more often (profiler.cpp:1532)
2026-06-02 02:26:45.156 | warning  |           Metal | Profiler DRAM buffers were full, markers were dropped! device 0, worker core 10, 10, Risc NCRISC,  bufferEndIndex = 11992. Please either decrease the number of ops being profiled or run read device profiler more often (profiler.cpp:1532)
2026-06-02 02:26:45.156 | warning  |           Metal | Profiler DRAM buffers were full, markers were dropped! device 0, worker core 10, 11, Risc BRISC,  bufferEndIndex = 11804. Please either decrease the number of ops being profiled or run read device profiler more often (profiler.cpp:1532)
2026-06-02 02:26:45.156 | warning  |           Metal | Profiler DRAM buffers were full, markers were dropped! device 0, worker core 10, 11, Risc NCRISC,  bufferEndIndex = 11992. Please either decrease the number of ops being profiled or run read device profiler more often (profiler.cpp:1532)
2026-06-02 02:26:45.157 | warning  |           Metal | Profiler DRAM buffers were full, markers were dropped! device 0, worker core 11, 2, Risc BRISC,  bufferEndIndex = 11896. Please either decrease the number of ops being profiled or run read device profiler more often (profiler.cpp:1532)
2026-06-02 02:26:45.157 | warning  |           Metal | Profiler DRAM buffers were full, markers were dropped! device 0, worker core 11, 2, Risc NCRISC,  bufferEndIndex = 11764. Please either decrease the number of ops being profiled or run read device profiler more often (profiler.cpp:1532)
2026-06-02 02:26:45.157 | warning  |           Metal | Profiler DRAM buffers were full, markers were dropped! device 0, worker core 11, 3, Risc BRISC,  bufferEndIndex = 11896. Please either decrease the number of ops being profiled or run read device profiler more often (profiler.cpp:1532)
2026-06-02 02:26:45.158 | warning  |           Metal | Profiler DRAM buffers were full, markers were dropped! device 0, worker core 11, 3, Risc NCRISC,  bufferEndIndex = 11764. Please either decrease the number of ops being profiled or run read device profiler more often (profiler.cpp:1532)
2026-06-02 02:26:45.158 | warning  |           Metal | Profiler DRAM buffers were full, markers were dropped! device 0, worker core 11, 4, Risc BRISC,  bufferEndIndex = 11896. Please either decrease the number of ops being profiled or run read device profiler more often (profiler.cpp:1532)
2026-06-02 02:26:45.158 | warning  |           Metal | Profiler DRAM buffers were full, markers were dropped! device 0, worker core 11, 4, Risc NCRISC,  bufferEndIndex = 11764. Please either decrease the number of ops being profiled or run read device profiler more often (profiler.cpp:1532)
2026-06-02 02:26:45.159 | warning  |           Metal | Profiler DRAM buffers were full, markers were dropped! device 0, worker core 11, 5, Risc BRISC,  bufferEndIndex = 11896. Please either decrease the number of ops being profiled or run read device profiler more often (profiler.cpp:1532)
2026-06-02 02:26:45.159 | warning  |           Metal | Profiler DRAM buffers were full, markers were dropped! device 0, worker core 11, 5, Risc NCRISC,  bufferEndIndex = 11764. Please either decrease the number of ops being profiled or run read device profiler more often (profiler.cpp:1532)
2026-06-02 02:26:45.159 | warning  |           Metal | Profiler DRAM buffers were full, markers were dropped! device 0, worker core 11, 6, Risc BRISC,  bufferEndIndex = 11804. Please either decrease the number of ops being profiled or run read device profiler more often (profiler.cpp:1532)
2026-06-02 02:26:45.160 | warning  |           Metal | Profiler DRAM buffers were full, markers were dropped! device 0, worker core 11, 6, Risc NCRISC,  bufferEndIndex = 11992. Please either decrease the number of ops being profiled or run read device profiler more often (profiler.cpp:1532)
2026-06-02 02:26:45.160 | warning  |           Metal | Profiler DRAM buffers were full, markers were dropped! device 0, worker core 11, 7, Risc BRISC,  bufferEndIndex = 11804. Please either decrease the number of ops being profiled or run read device profiler more often (profiler.cpp:1532)
2026-06-02 02:26:45.160 | warning  |           Metal | Profiler DRAM buffers were full, markers were dropped! device 0, worker core 11, 7, Risc NCRISC,  bufferEndIndex = 11992. Please either decrease the number of ops being profiled or run read device profiler more often (profiler.cpp:1532)
2026-06-02 02:26:45.161 | warning  |           Metal | Profiler DRAM buffers were full, markers were dropped! device 0, worker core 11, 8, Risc BRISC,  bufferEndIndex = 11804. Please either decrease the number of ops being profiled or run read device profiler more often (profiler.cpp:1532)
2026-06-02 02:26:45.161 | warning  |           Metal | Profiler DRAM buffers were full, markers were dropped! device 0, worker core 11, 8, Risc NCRISC,  bufferEndIndex = 11992. Please either decrease the number of ops being profiled or run read device profiler more often (profiler.cpp:1532)
2026-06-02 02:26:45.161 | warning  |           Metal | Profiler DRAM buffers were full, markers were dropped! device 0, worker core 11, 9, Risc BRISC,  bufferEndIndex = 11804. Please either decrease the number of ops being profiled or run read device profiler more often (profiler.cpp:1532)
2026-06-02 02:26:45.162 | warning  |           Metal | Profiler DRAM buffers were full, markers were dropped! device 0, worker core 11, 9, Risc NCRISC,  bufferEndIndex = 11992. Please either decrease the number of ops being profiled or run read device profiler more often (profiler.cpp:1532)
2026-06-02 02:26:45.162 | warning  |           Metal | Profiler DRAM buffers were full, markers were dropped! device 0, worker core 11, 10, Risc BRISC,  bufferEndIndex = 11804. Please either decrease the number of ops being profiled or run read device profiler more often (profiler.cpp:1532)
2026-06-02 02:26:45.162 | warning  |           Metal | Profiler DRAM buffers were full, markers were dropped! device 0, worker core 11, 10, Risc NCRISC,  bufferEndIndex = 11992. Please either decrease the number of ops being profiled or run read device profiler more often (profiler.cpp:1532)
2026-06-02 02:26:45.163 | warning  |           Metal | Profiler DRAM buffers were full, markers were dropped! device 0, worker core 11, 11, Risc BRISC,  bufferEndIndex = 11804. Please either decrease the number of ops being profiled or run read device profiler more often (profiler.cpp:1532)
2026-06-02 02:26:45.163 | warning  |           Metal | Profiler DRAM buffers were full, markers were dropped! device 0, worker core 11, 11, Risc NCRISC,  bufferEndIndex = 11992. Please either decrease the number of ops being profiled or run read device profiler more often (profiler.cpp:1532)
2026-06-02 02:26:45.163 | warning  |           Metal | Profiler DRAM buffers were full, markers were dropped! device 0, worker core 12, 2, Risc BRISC,  bufferEndIndex = 11896. Please either decrease the number of ops being profiled or run read device profiler more often (profiler.cpp:1532)
2026-06-02 02:26:45.164 | warning  |           Metal | Profiler DRAM buffers were full, markers were dropped! device 0, worker core 12, 2, Risc NCRISC,  bufferEndIndex = 11764. Please either decrease the number of ops being profiled or run read device profiler more often (profiler.cpp:1532)
2026-06-02 02:26:45.164 | warning  |           Metal | Profiler DRAM buffers were full, markers were dropped! device 0, worker core 12, 3, Risc BRISC,  bufferEndIndex = 11896. Please either decrease the number of ops being profiled or run read device profiler more often (profiler.cpp:1532)
2026-06-02 02:26:45.164 | warning  |           Metal | Profiler DRAM buffers were full, markers were dropped! device 0, worker core 12, 3, Risc NCRISC,  bufferEndIndex = 11764. Please either decrease the number of ops being profiled or run read device profiler more often (profiler.cpp:1532)
2026-06-02 02:26:45.165 | warning  |           Metal | Profiler DRAM buffers were full, markers were dropped! device 0, worker core 12, 4, Risc BRISC,  bufferEndIndex = 11896. Please either decrease the number of ops being profiled or run read device profiler more often (profiler.cpp:1532)
2026-06-02 02:26:45.165 | warning  |           Metal | Profiler DRAM buffers were full, markers were dropped! device 0, worker core 12, 4, Risc NCRISC,  bufferEndIndex = 11764. Please either decrease the number of ops being profiled or run read device profiler more often (profiler.cpp:1532)
2026-06-02 02:26:45.165 | warning  |           Metal | Profiler DRAM buffers were full, markers were dropped! device 0, worker core 12, 5, Risc BRISC,  bufferEndIndex = 11896. Please either decrease the number of ops being profiled or run read device profiler more often (profiler.cpp:1532)
2026-06-02 02:26:45.166 | warning  |           Metal | Profiler DRAM buffers were full, markers were dropped! device 0, worker core 12, 5, Risc NCRISC,  bufferEndIndex = 11764. Please either decrease the number of ops being profiled or run read device profiler more often (profiler.cpp:1532)
2026-06-02 02:26:45.166 | warning  |           Metal | Profiler DRAM buffers were full, markers were dropped! device 0, worker core 12, 6, Risc BRISC,  bufferEndIndex = 11804. Please either decrease the number of ops being profiled or run read device profiler more often (profiler.cpp:1532)
2026-06-02 02:26:45.166 | warning  |           Metal | Profiler DRAM buffers were full, markers were dropped! device 0, worker core 12, 6, Risc NCRISC,  bufferEndIndex = 11992. Please either decrease the number of ops being profiled or run read device profiler more often (profiler.cpp:1532)
2026-06-02 02:26:45.167 | warning  |           Metal | Profiler DRAM buffers were full, markers were dropped! device 0, worker core 12, 7, Risc BRISC,  bufferEndIndex = 11804. Please either decrease the number of ops being profiled or run read device profiler more often (profiler.cpp:1532)
2026-06-02 02:26:45.167 | warning  |           Metal | Profiler DRAM buffers were full, markers were dropped! device 0, worker core 12, 7, Risc NCRISC,  bufferEndIndex = 11992. Please either decrease the number of ops being profiled or run read device profiler more often (profiler.cpp:1532)
2026-06-02 02:26:45.167 | warning  |           Metal | Profiler DRAM buffers were full, markers were dropped! device 0, worker core 12, 8, Risc BRISC,  bufferEndIndex = 11804. Please either decrease the number of ops being profiled or run read device profiler more often (profiler.cpp:1532)
2026-06-02 02:26:45.168 | warning  |           Metal | Profiler DRAM buffers were full, markers were dropped! device 0, worker core 12, 8, Risc NCRISC,  bufferEndIndex = 11992. Please either decrease the number of ops being profiled or run read device profiler more often (profiler.cpp:1532)
2026-06-02 02:26:45.168 | warning  |           Metal | Profiler DRAM buffers were full, markers were dropped! device 0, worker core 12, 9, Risc BRISC,  bufferEndIndex = 11804. Please either decrease the number of ops being profiled or run read device profiler more often (profiler.cpp:1532)
2026-06-02 02:26:45.168 | warning  |           Metal | Profiler DRAM buffers were full, markers were dropped! device 0, worker core 12, 9, Risc NCRISC,  bufferEndIndex = 11992. Please either decrease the number of ops being profiled or run read device profiler more often (profiler.cpp:1532)
2026-06-02 02:26:45.169 | warning  |           Metal | Profiler DRAM buffers were full, markers were dropped! device 0, worker core 12, 10, Risc BRISC,  bufferEndIndex = 11804. Please either decrease the number of ops being profiled or run read device profiler more often (profiler.cpp:1532)
2026-06-02 02:26:45.169 | warning  |           Metal | Profiler DRAM buffers were full, markers were dropped! device 0, worker core 12, 10, Risc NCRISC,  bufferEndIndex = 11992. Please either decrease the number of ops being profiled or run read device profiler more often (profiler.cpp:1532)
2026-06-02 02:26:45.169 | warning  |           Metal | Profiler DRAM buffers were full, markers were dropped! device 0, worker core 12, 11, Risc BRISC,  bufferEndIndex = 11804. Please either decrease the number of ops being profiled or run read device profiler more often (profiler.cpp:1532)
2026-06-02 02:26:45.170 | warning  |           Metal | Profiler DRAM buffers were full, markers were dropped! device 0, worker core 12, 11, Risc NCRISC,  bufferEndIndex = 11992. Please either decrease the number of ops being profiled or run read device profiler more often (profiler.cpp:1532)
2026-06-02 02:26:45.170 | warning  |           Metal | Profiler DRAM buffers were full, markers were dropped! device 0, worker core 13, 2, Risc BRISC,  bufferEndIndex = 11896. Please either decrease the number of ops being profiled or run read device profiler more often (profiler.cpp:1532)
2026-06-02 02:26:45.170 | warning  |           Metal | Profiler DRAM buffers were full, markers were dropped! device 0, worker core 13, 2, Risc NCRISC,  bufferEndIndex = 11764. Please either decrease the number of ops being profiled or run read device profiler more often (profiler.cpp:1532)
2026-06-02 02:26:45.171 | warning  |           Metal | Profiler DRAM buffers were full, markers were dropped! device 0, worker core 13, 3, Risc BRISC,  bufferEndIndex = 11896. Please either decrease the number of ops being profiled or run read device profiler more often (profiler.cpp:1532)
2026-06-02 02:26:45.171 | warning  |           Metal | Profiler DRAM buffers were full, markers were dropped! device 0, worker core 13, 3, Risc NCRISC,  bufferEndIndex = 11764. Please either decrease the number of ops being profiled or run read device profiler more often (profiler.cpp:1532)
2026-06-02 02:26:45.171 | warning  |           Metal | Profiler DRAM buffers were full, markers were dropped! device 0, worker core 13, 4, Risc BRISC,  bufferEndIndex = 11896. Please either decrease the number of ops being profiled or run read device profiler more often (profiler.cpp:1532)
2026-06-02 02:26:45.172 | warning  |           Metal | Profiler DRAM buffers were full, markers were dropped! device 0, worker core 13, 4, Risc NCRISC,  bufferEndIndex = 11764. Please either decrease the number of ops being profiled or run read device profiler more often (profiler.cpp:1532)
2026-06-02 02:26:45.172 | warning  |           Metal | Profiler DRAM buffers were full, markers were dropped! device 0, worker core 13, 5, Risc BRISC,  bufferEndIndex = 11896. Please either decrease the number of ops being profiled or run read device profiler more often (profiler.cpp:1532)
2026-06-02 02:26:45.172 | warning  |           Metal | Profiler DRAM buffers were full, markers were dropped! device 0, worker core 13, 5, Risc NCRISC,  bufferEndIndex = 11764. Please either decrease the number of ops being profiled or run read device profiler more often (profiler.cpp:1532)
2026-06-02 02:26:45.173 | warning  |           Metal | Profiler DRAM buffers were full, markers were dropped! device 0, worker core 13, 6, Risc BRISC,  bufferEndIndex = 11804. Please either decrease the number of ops being profiled or run read device profiler more often (profiler.cpp:1532)
2026-06-02 02:26:45.173 | warning  |           Metal | Profiler DRAM buffers were full, markers were dropped! device 0, worker core 13, 6, Risc NCRISC,  bufferEndIndex = 11992. Please either decrease the number of ops being profiled or run read device profiler more often (profiler.cpp:1532)
2026-06-02 02:26:45.173 | warning  |           Metal | Profiler DRAM buffers were full, markers were dropped! device 0, worker core 13, 7, Risc BRISC,  bufferEndIndex = 11804. Please either decrease the number of ops being profiled or run read device profiler more often (profiler.cpp:1532)
2026-06-02 02:26:45.174 | warning  |           Metal | Profiler DRAM buffers were full, markers were dropped! device 0, worker core 13, 7, Risc NCRISC,  bufferEndIndex = 11992. Please either decrease the number of ops being profiled or run read device profiler more often (profiler.cpp:1532)
2026-06-02 02:26:45.174 | warning  |           Metal | Profiler DRAM buffers were full, markers were dropped! device 0, worker core 13, 8, Risc BRISC,  bufferEndIndex = 11804. Please either decrease the number of ops being profiled or run read device profiler more often (profiler.cpp:1532)
2026-06-02 02:26:45.174 | warning  |           Metal | Profiler DRAM buffers were full, markers were dropped! device 0, worker core 13, 8, Risc NCRISC,  bufferEndIndex = 11992. Please either decrease the number of ops being profiled or run read device profiler more often (profiler.cpp:1532)
2026-06-02 02:26:45.175 | warning  |           Metal | Profiler DRAM buffers were full, markers were dropped! device 0, worker core 13, 9, Risc BRISC,  bufferEndIndex = 11804. Please either decrease the number of ops being profiled or run read device profiler more often (profiler.cpp:1532)
2026-06-02 02:26:45.175 | warning  |           Metal | Profiler DRAM buffers were full, markers were dropped! device 0, worker core 13, 9, Risc NCRISC,  bufferEndIndex = 11992. Please either decrease the number of ops being profiled or run read device profiler more often (profiler.cpp:1532)
2026-06-02 02:26:45.175 | warning  |           Metal | Profiler DRAM buffers were full, markers were dropped! device 0, worker core 13, 10, Risc BRISC,  bufferEndIndex = 11804. Please either decrease the number of ops being profiled or run read device profiler more often (profiler.cpp:1532)
2026-06-02 02:26:45.176 | warning  |           Metal | Profiler DRAM buffers were full, markers were dropped! device 0, worker core 13, 10, Risc NCRISC,  bufferEndIndex = 11992. Please either decrease the number of ops being profiled or run read device profiler more often (profiler.cpp:1532)
2026-06-02 02:26:45.176 | warning  |           Metal | Profiler DRAM buffers were full, markers were dropped! device 0, worker core 13, 11, Risc BRISC,  bufferEndIndex = 11804. Please either decrease the number of ops being profiled or run read device profiler more often (profiler.cpp:1532)
2026-06-02 02:26:45.176 | warning  |           Metal | Profiler DRAM buffers were full, markers were dropped! device 0, worker core 13, 11, Risc NCRISC,  bufferEndIndex = 11992. Please either decrease the number of ops being profiled or run read device profiler more often (profiler.cpp:1532)
2026-06-02 02:26:45.686 | warning  |          Always | Profiler NoC events are enabled; this can add 1-15% cycle overhead to typical operations! (profiler.cpp:2499)
[BUCKET_CULL] P_kept=3369033 tiles=1024 floor=6.10352e-05 cull_disabled=0 exec=76.27ms
[SORT] stage=RP P=3369033 P_kept=3369033 num_tiles=1024 max_tile_n=26544 bin=17.70 up=0.43 kernel=7.89 d2h=7.12 compact=0.00 publish=1.76 total=113.59ms
2026-06-02 02:26:51.827 | warning  |           Metal | Profiler DRAM buffers were full, markers were dropped! device 0, worker core 1, 2, Risc BRISC,  bufferEndIndex = 11884. Please either decrease the number of ops being profiled or run read device profiler more often (profiler.cpp:1532)
2026-06-02 02:26:51.827 | warning  |           Metal | Profiler DRAM buffers were full, markers were dropped! device 0, worker core 1, 2, Risc NCRISC,  bufferEndIndex = 11752. Please either decrease the number of ops being profiled or run read device profiler more often (profiler.cpp:1532)
2026-06-02 02:26:51.828 | warning  |           Metal | Profiler DRAM buffers were full, markers were dropped! device 0, worker core 1, 3, Risc BRISC,  bufferEndIndex = 11872. Please either decrease the number of ops being profiled or run read device profiler more often (profiler.cpp:1532)
2026-06-02 02:26:51.828 | warning  |           Metal | Profiler DRAM buffers were full, markers were dropped! device 0, worker core 1, 3, Risc NCRISC,  bufferEndIndex = 11740. Please either decrease the number of ops being profiled or run read device profiler more often (profiler.cpp:1532)
2026-06-02 02:26:51.828 | warning  |           Metal | Profiler DRAM buffers were full, markers were dropped! device 0, worker core 1, 4, Risc BRISC,  bufferEndIndex = 11872. Please either decrease the number of ops being profiled or run read device profiler more often (profiler.cpp:1532)
2026-06-02 02:26:51.829 | warning  |           Metal | Profiler DRAM buffers were full, markers were dropped! device 0, worker core 1, 4, Risc NCRISC,  bufferEndIndex = 11740. Please either decrease the number of ops being profiled or run read device profiler more often (profiler.cpp:1532)
2026-06-02 02:26:51.829 | warning  |           Metal | Profiler DRAM buffers were full, markers were dropped! device 0, worker core 1, 5, Risc BRISC,  bufferEndIndex = 11872. Please either decrease the number of ops being profiled or run read device profiler more often (profiler.cpp:1532)
2026-06-02 02:26:51.829 | warning  |           Metal | Profiler DRAM buffers were full, markers were dropped! device 0, worker core 1, 5, Risc NCRISC,  bufferEndIndex = 11740. Please either decrease the number of ops being profiled or run read device profiler more often (profiler.cpp:1532)
2026-06-02 02:26:51.830 | warning  |           Metal | Profiler DRAM buffers were full, markers were dropped! device 0, worker core 1, 6, Risc BRISC,  bufferEndIndex = 11872. Please either decrease the number of ops being profiled or run read device profiler more often (profiler.cpp:1532)
2026-06-02 02:26:51.830 | warning  |           Metal | Profiler DRAM buffers were full, markers were dropped! device 0, worker core 1, 6, Risc NCRISC,  bufferEndIndex = 11740. Please either decrease the number of ops being profiled or run read device profiler more often (profiler.cpp:1532)
2026-06-02 02:26:51.830 | warning  |           Metal | Profiler DRAM buffers were full, markers were dropped! device 0, worker core 1, 7, Risc BRISC,  bufferEndIndex = 11780. Please either decrease the number of ops being profiled or run read device profiler more often (profiler.cpp:1532)
2026-06-02 02:26:51.831 | warning  |           Metal | Profiler DRAM buffers were full, markers were dropped! device 0, worker core 1, 7, Risc NCRISC,  bufferEndIndex = 11992. Please either decrease the number of ops being profiled or run read device profiler more often (profiler.cpp:1532)
2026-06-02 02:26:51.831 | warning  |           Metal | Profiler DRAM buffers were full, markers were dropped! device 0, worker core 1, 8, Risc BRISC,  bufferEndIndex = 11780. Please either decrease the number of ops being profiled or run read device profiler more often (profiler.cpp:1532)
2026-06-02 02:26:51.831 | warning  |           Metal | Profiler DRAM buffers were full, markers were dropped! device 0, worker core 1, 8, Risc NCRISC,  bufferEndIndex = 11992. Please either decrease the number of ops being profiled or run read device profiler more often (profiler.cpp:1532)
2026-06-02 02:26:51.832 | warning  |           Metal | Profiler DRAM buffers were full, markers were dropped! device 0, worker core 1, 9, Risc BRISC,  bufferEndIndex = 11780. Please either decrease the number of ops being profiled or run read device profiler more often (profiler.cpp:1532)
2026-06-02 02:26:51.832 | warning  |           Metal | Profiler DRAM buffers were full, markers were dropped! device 0, worker core 1, 9, Risc NCRISC,  bufferEndIndex = 11992. Please either decrease the number of ops being profiled or run read device profiler more often (profiler.cpp:1532)
2026-06-02 02:26:51.832 | warning  |           Metal | Profiler DRAM buffers were full, markers were dropped! device 0, worker core 1, 10, Risc BRISC,  bufferEndIndex = 11780. Please either decrease the number of ops being profiled or run read device profiler more often (profiler.cpp:1532)
2026-06-02 02:26:51.833 | warning  |           Metal | Profiler DRAM buffers were full, markers were dropped! device 0, worker core 1, 10, Risc NCRISC,  bufferEndIndex = 11992. Please either decrease the number of ops being profiled or run read device profiler more often (profiler.cpp:1532)
2026-06-02 02:26:51.833 | warning  |           Metal | Profiler DRAM buffers were full, markers were dropped! device 0, worker core 1, 11, Risc BRISC,  bufferEndIndex = 11780. Please either decrease the number of ops being profiled or run read device profiler more often (profiler.cpp:1532)
2026-06-02 02:26:51.833 | warning  |           Metal | Profiler DRAM buffers were full, markers were dropped! device 0, worker core 1, 11, Risc NCRISC,  bufferEndIndex = 11992. Please either decrease the number of ops being profiled or run read device profiler more often (profiler.cpp:1532)
2026-06-02 02:26:51.834 | warning  |           Metal | Profiler DRAM buffers were full, markers were dropped! device 0, worker core 2, 2, Risc BRISC,  bufferEndIndex = 11872. Please either decrease the number of ops being profiled or run read device profiler more often (profiler.cpp:1532)
2026-06-02 02:26:51.834 | warning  |           Metal | Profiler DRAM buffers were full, markers were dropped! device 0, worker core 2, 2, Risc NCRISC,  bufferEndIndex = 11740. Please either decrease the number of ops being profiled or run read device profiler more often (profiler.cpp:1532)
2026-06-02 02:26:51.834 | warning  |           Metal | Profiler DRAM buffers were full, markers were dropped! device 0, worker core 2, 3, Risc BRISC,  bufferEndIndex = 11872. Please either decrease the number of ops being profiled or run read device profiler more often (profiler.cpp:1532)
2026-06-02 02:26:51.835 | warning  |           Metal | Profiler DRAM buffers were full, markers were dropped! device 0, worker core 2, 3, Risc NCRISC,  bufferEndIndex = 11740. Please either decrease the number of ops being profiled or run read device profiler more often (profiler.cpp:1532)
2026-06-02 02:26:51.835 | warning  |           Metal | Profiler DRAM buffers were full, markers were dropped! device 0, worker core 2, 4, Risc BRISC,  bufferEndIndex = 11872. Please either decrease the number of ops being profiled or run read device profiler more often (profiler.cpp:1532)
2026-06-02 02:26:51.835 | warning  |           Metal | Profiler DRAM buffers were full, markers were dropped! device 0, worker core 2, 4, Risc NCRISC,  bufferEndIndex = 11740. Please either decrease the number of ops being profiled or run read device profiler more often (profiler.cpp:1532)
2026-06-02 02:26:51.836 | warning  |           Metal | Profiler DRAM buffers were full, markers were dropped! device 0, worker core 2, 5, Risc BRISC,  bufferEndIndex = 11872. Please either decrease the number of ops being profiled or run read device profiler more often (profiler.cpp:1532)
2026-06-02 02:26:51.836 | warning  |           Metal | Profiler DRAM buffers were full, markers were dropped! device 0, worker core 2, 5, Risc NCRISC,  bufferEndIndex = 11740. Please either decrease the number of ops being profiled or run read device profiler more often (profiler.cpp:1532)
2026-06-02 02:26:51.836 | warning  |           Metal | Profiler DRAM buffers were full, markers were dropped! device 0, worker core 2, 6, Risc BRISC,  bufferEndIndex = 11872. Please either decrease the number of ops being profiled or run read device profiler more often (profiler.cpp:1532)
2026-06-02 02:26:51.837 | warning  |           Metal | Profiler DRAM buffers were full, markers were dropped! device 0, worker core 2, 6, Risc NCRISC,  bufferEndIndex = 11740. Please either decrease the number of ops being profiled or run read device profiler more often (profiler.cpp:1532)
2026-06-02 02:26:51.837 | warning  |           Metal | Profiler DRAM buffers were full, markers were dropped! device 0, worker core 2, 7, Risc BRISC,  bufferEndIndex = 11780. Please either decrease the number of ops being profiled or run read device profiler more often (profiler.cpp:1532)
2026-06-02 02:26:51.837 | warning  |           Metal | Profiler DRAM buffers were full, markers were dropped! device 0, worker core 2, 7, Risc NCRISC,  bufferEndIndex = 11992. Please either decrease the number of ops being profiled or run read device profiler more often (profiler.cpp:1532)
2026-06-02 02:26:51.837 | warning  |           Metal | Profiler DRAM buffers were full, markers were dropped! device 0, worker core 2, 8, Risc BRISC,  bufferEndIndex = 11780. Please either decrease the number of ops being profiled or run read device profiler more often (profiler.cpp:1532)
2026-06-02 02:26:51.838 | warning  |           Metal | Profiler DRAM buffers were full, markers were dropped! device 0, worker core 2, 8, Risc NCRISC,  bufferEndIndex = 11992. Please either decrease the number of ops being profiled or run read device profiler more often (profiler.cpp:1532)
2026-06-02 02:26:51.838 | warning  |           Metal | Profiler DRAM buffers were full, markers were dropped! device 0, worker core 2, 9, Risc BRISC,  bufferEndIndex = 11780. Please either decrease the number of ops being profiled or run read device profiler more often (profiler.cpp:1532)
2026-06-02 02:26:51.838 | warning  |           Metal | Profiler DRAM buffers were full, markers were dropped! device 0, worker core 2, 9, Risc NCRISC,  bufferEndIndex = 11992. Please either decrease the number of ops being profiled or run read device profiler more often (profiler.cpp:1532)
2026-06-02 02:26:51.839 | warning  |           Metal | Profiler DRAM buffers were full, markers were dropped! device 0, worker core 2, 10, Risc BRISC,  bufferEndIndex = 11780. Please either decrease the number of ops being profiled or run read device profiler more often (profiler.cpp:1532)
2026-06-02 02:26:51.839 | warning  |           Metal | Profiler DRAM buffers were full, markers were dropped! device 0, worker core 2, 10, Risc NCRISC,  bufferEndIndex = 11992. Please either decrease the number of ops being profiled or run read device profiler more often (profiler.cpp:1532)
2026-06-02 02:26:51.839 | warning  |           Metal | Profiler DRAM buffers were full, markers were dropped! device 0, worker core 2, 11, Risc BRISC,  bufferEndIndex = 11780. Please either decrease the number of ops being profiled or run read device profiler more often (profiler.cpp:1532)
2026-06-02 02:26:51.840 | warning  |           Metal | Profiler DRAM buffers were full, markers were dropped! device 0, worker core 2, 11, Risc NCRISC,  bufferEndIndex = 11992. Please either decrease the number of ops being profiled or run read device profiler more often (profiler.cpp:1532)
2026-06-02 02:26:51.840 | warning  |           Metal | Profiler DRAM buffers were full, markers were dropped! device 0, worker core 3, 2, Risc BRISC,  bufferEndIndex = 11872. Please either decrease the number of ops being profiled or run read device profiler more often (profiler.cpp:1532)
2026-06-02 02:26:51.840 | warning  |           Metal | Profiler DRAM buffers were full, markers were dropped! device 0, worker core 3, 2, Risc NCRISC,  bufferEndIndex = 11740. Please either decrease the number of ops being profiled or run read device profiler more often (profiler.cpp:1532)
2026-06-02 02:26:51.841 | warning  |           Metal | Profiler DRAM buffers were full, markers were dropped! device 0, worker core 3, 3, Risc BRISC,  bufferEndIndex = 11872. Please either decrease the number of ops being profiled or run read device profiler more often (profiler.cpp:1532)
2026-06-02 02:26:51.841 | warning  |           Metal | Profiler DRAM buffers were full, markers were dropped! device 0, worker core 3, 3, Risc NCRISC,  bufferEndIndex = 11740. Please either decrease the number of ops being profiled or run read device profiler more often (profiler.cpp:1532)
2026-06-02 02:26:51.841 | warning  |           Metal | Profiler DRAM buffers were full, markers were dropped! device 0, worker core 3, 4, Risc BRISC,  bufferEndIndex = 11872. Please either decrease the number of ops being profiled or run read device profiler more often (profiler.cpp:1532)
2026-06-02 02:26:51.842 | warning  |           Metal | Profiler DRAM buffers were full, markers were dropped! device 0, worker core 3, 4, Risc NCRISC,  bufferEndIndex = 11740. Please either decrease the number of ops being profiled or run read device profiler more often (profiler.cpp:1532)
2026-06-02 02:26:51.842 | warning  |           Metal | Profiler DRAM buffers were full, markers were dropped! device 0, worker core 3, 5, Risc BRISC,  bufferEndIndex = 11872. Please either decrease the number of ops being profiled or run read device profiler more often (profiler.cpp:1532)
2026-06-02 02:26:51.842 | warning  |           Metal | Profiler DRAM buffers were full, markers were dropped! device 0, worker core 3, 5, Risc NCRISC,  bufferEndIndex = 11740. Please either decrease the number of ops being profiled or run read device profiler more often (profiler.cpp:1532)
2026-06-02 02:26:51.843 | warning  |           Metal | Profiler DRAM buffers were full, markers were dropped! device 0, worker core 3, 6, Risc BRISC,  bufferEndIndex = 11872. Please either decrease the number of ops being profiled or run read device profiler more often (profiler.cpp:1532)
2026-06-02 02:26:51.843 | warning  |           Metal | Profiler DRAM buffers were full, markers were dropped! device 0, worker core 3, 6, Risc NCRISC,  bufferEndIndex = 11740. Please either decrease the number of ops being profiled or run read device profiler more often (profiler.cpp:1532)
2026-06-02 02:26:51.843 | warning  |           Metal | Profiler DRAM buffers were full, markers were dropped! device 0, worker core 3, 7, Risc BRISC,  bufferEndIndex = 11780. Please either decrease the number of ops being profiled or run read device profiler more often (profiler.cpp:1532)
2026-06-02 02:26:51.844 | warning  |           Metal | Profiler DRAM buffers were full, markers were dropped! device 0, worker core 3, 7, Risc NCRISC,  bufferEndIndex = 11992. Please either decrease the number of ops being profiled or run read device profiler more often (profiler.cpp:1532)
2026-06-02 02:26:51.844 | warning  |           Metal | Profiler DRAM buffers were full, markers were dropped! device 0, worker core 3, 8, Risc BRISC,  bufferEndIndex = 11780. Please either decrease the number of ops being profiled or run read device profiler more often (profiler.cpp:1532)
2026-06-02 02:26:51.844 | warning  |           Metal | Profiler DRAM buffers were full, markers were dropped! device 0, worker core 3, 8, Risc NCRISC,  bufferEndIndex = 11992. Please either decrease the number of ops being profiled or run read device profiler more often (profiler.cpp:1532)
2026-06-02 02:26:51.845 | warning  |           Metal | Profiler DRAM buffers were full, markers were dropped! device 0, worker core 3, 9, Risc BRISC,  bufferEndIndex = 11780. Please either decrease the number of ops being profiled or run read device profiler more often (profiler.cpp:1532)
2026-06-02 02:26:51.845 | warning  |           Metal | Profiler DRAM buffers were full, markers were dropped! device 0, worker core 3, 9, Risc NCRISC,  bufferEndIndex = 11992. Please either decrease the number of ops being profiled or run read device profiler more often (profiler.cpp:1532)
2026-06-02 02:26:51.845 | warning  |           Metal | Profiler DRAM buffers were full, markers were dropped! device 0, worker core 3, 10, Risc BRISC,  bufferEndIndex = 11780. Please either decrease the number of ops being profiled or run read device profiler more often (profiler.cpp:1532)
2026-06-02 02:26:51.846 | warning  |           Metal | Profiler DRAM buffers were full, markers were dropped! device 0, worker core 3, 10, Risc NCRISC,  bufferEndIndex = 11992. Please either decrease the number of ops being profiled or run read device profiler more often (profiler.cpp:1532)
2026-06-02 02:26:51.846 | warning  |           Metal | Profiler DRAM buffers were full, markers were dropped! device 0, worker core 3, 11, Risc BRISC,  bufferEndIndex = 11780. Please either decrease the number of ops being profiled or run read device profiler more often (profiler.cpp:1532)
2026-06-02 02:26:51.846 | warning  |           Metal | Profiler DRAM buffers were full, markers were dropped! device 0, worker core 3, 11, Risc NCRISC,  bufferEndIndex = 11992. Please either decrease the number of ops being profiled or run read device profiler more often (profiler.cpp:1532)
2026-06-02 02:26:51.847 | warning  |           Metal | Profiler DRAM buffers were full, markers were dropped! device 0, worker core 4, 2, Risc BRISC,  bufferEndIndex = 11872. Please either decrease the number of ops being profiled or run read device profiler more often (profiler.cpp:1532)
2026-06-02 02:26:51.847 | warning  |           Metal | Profiler DRAM buffers were full, markers were dropped! device 0, worker core 4, 2, Risc NCRISC,  bufferEndIndex = 11740. Please either decrease the number of ops being profiled or run read device profiler more often (profiler.cpp:1532)
2026-06-02 02:26:51.847 | warning  |           Metal | Profiler DRAM buffers were full, markers were dropped! device 0, worker core 4, 3, Risc BRISC,  bufferEndIndex = 11872. Please either decrease the number of ops being profiled or run read device profiler more often (profiler.cpp:1532)
2026-06-02 02:26:51.848 | warning  |           Metal | Profiler DRAM buffers were full, markers were dropped! device 0, worker core 4, 3, Risc NCRISC,  bufferEndIndex = 11740. Please either decrease the number of ops being profiled or run read device profiler more often (profiler.cpp:1532)
2026-06-02 02:26:51.848 | warning  |           Metal | Profiler DRAM buffers were full, markers were dropped! device 0, worker core 4, 4, Risc BRISC,  bufferEndIndex = 11872. Please either decrease the number of ops being profiled or run read device profiler more often (profiler.cpp:1532)
2026-06-02 02:26:51.848 | warning  |           Metal | Profiler DRAM buffers were full, markers were dropped! device 0, worker core 4, 4, Risc NCRISC,  bufferEndIndex = 11740. Please either decrease the number of ops being profiled or run read device profiler more often (profiler.cpp:1532)
2026-06-02 02:26:51.849 | warning  |           Metal | Profiler DRAM buffers were full, markers were dropped! device 0, worker core 4, 5, Risc BRISC,  bufferEndIndex = 11872. Please either decrease the number of ops being profiled or run read device profiler more often (profiler.cpp:1532)
2026-06-02 02:26:51.849 | warning  |           Metal | Profiler DRAM buffers were full, markers were dropped! device 0, worker core 4, 5, Risc NCRISC,  bufferEndIndex = 11740. Please either decrease the number of ops being profiled or run read device profiler more often (profiler.cpp:1532)
2026-06-02 02:26:51.849 | warning  |           Metal | Profiler DRAM buffers were full, markers were dropped! device 0, worker core 4, 6, Risc BRISC,  bufferEndIndex = 11872. Please either decrease the number of ops being profiled or run read device profiler more often (profiler.cpp:1532)
2026-06-02 02:26:51.850 | warning  |           Metal | Profiler DRAM buffers were full, markers were dropped! device 0, worker core 4, 6, Risc NCRISC,  bufferEndIndex = 11740. Please either decrease the number of ops being profiled or run read device profiler more often (profiler.cpp:1532)
2026-06-02 02:26:51.850 | warning  |           Metal | Profiler DRAM buffers were full, markers were dropped! device 0, worker core 4, 7, Risc BRISC,  bufferEndIndex = 11780. Please either decrease the number of ops being profiled or run read device profiler more often (profiler.cpp:1532)
2026-06-02 02:26:51.850 | warning  |           Metal | Profiler DRAM buffers were full, markers were dropped! device 0, worker core 4, 7, Risc NCRISC,  bufferEndIndex = 11992. Please either decrease the number of ops being profiled or run read device profiler more often (profiler.cpp:1532)
2026-06-02 02:26:51.851 | warning  |           Metal | Profiler DRAM buffers were full, markers were dropped! device 0, worker core 4, 8, Risc BRISC,  bufferEndIndex = 11780. Please either decrease the number of ops being profiled or run read device profiler more often (profiler.cpp:1532)
2026-06-02 02:26:51.851 | warning  |           Metal | Profiler DRAM buffers were full, markers were dropped! device 0, worker core 4, 8, Risc NCRISC,  bufferEndIndex = 11992. Please either decrease the number of ops being profiled or run read device profiler more often (profiler.cpp:1532)
2026-06-02 02:26:51.851 | warning  |           Metal | Profiler DRAM buffers were full, markers were dropped! device 0, worker core 4, 9, Risc BRISC,  bufferEndIndex = 11780. Please either decrease the number of ops being profiled or run read device profiler more often (profiler.cpp:1532)
2026-06-02 02:26:51.852 | warning  |           Metal | Profiler DRAM buffers were full, markers were dropped! device 0, worker core 4, 9, Risc NCRISC,  bufferEndIndex = 11992. Please either decrease the number of ops being profiled or run read device profiler more often (profiler.cpp:1532)
2026-06-02 02:26:51.852 | warning  |           Metal | Profiler DRAM buffers were full, markers were dropped! device 0, worker core 4, 10, Risc BRISC,  bufferEndIndex = 11780. Please either decrease the number of ops being profiled or run read device profiler more often (profiler.cpp:1532)
2026-06-02 02:26:51.852 | warning  |           Metal | Profiler DRAM buffers were full, markers were dropped! device 0, worker core 4, 10, Risc NCRISC,  bufferEndIndex = 11992. Please either decrease the number of ops being profiled or run read device profiler more often (profiler.cpp:1532)
2026-06-02 02:26:51.853 | warning  |           Metal | Profiler DRAM buffers were full, markers were dropped! device 0, worker core 4, 11, Risc BRISC,  bufferEndIndex = 11780. Please either decrease the number of ops being profiled or run read device profiler more often (profiler.cpp:1532)
2026-06-02 02:26:51.853 | warning  |           Metal | Profiler DRAM buffers were full, markers were dropped! device 0, worker core 4, 11, Risc NCRISC,  bufferEndIndex = 11992. Please either decrease the number of ops being profiled or run read device profiler more often (profiler.cpp:1532)
2026-06-02 02:26:51.853 | warning  |           Metal | Profiler DRAM buffers were full, markers were dropped! device 0, worker core 5, 2, Risc BRISC,  bufferEndIndex = 11872. Please either decrease the number of ops being profiled or run read device profiler more often (profiler.cpp:1532)
2026-06-02 02:26:51.854 | warning  |           Metal | Profiler DRAM buffers were full, markers were dropped! device 0, worker core 5, 2, Risc NCRISC,  bufferEndIndex = 11740. Please either decrease the number of ops being profiled or run read device profiler more often (profiler.cpp:1532)
2026-06-02 02:26:51.854 | warning  |           Metal | Profiler DRAM buffers were full, markers were dropped! device 0, worker core 5, 3, Risc BRISC,  bufferEndIndex = 11872. Please either decrease the number of ops being profiled or run read device profiler more often (profiler.cpp:1532)
2026-06-02 02:26:51.854 | warning  |           Metal | Profiler DRAM buffers were full, markers were dropped! device 0, worker core 5, 3, Risc NCRISC,  bufferEndIndex = 11740. Please either decrease the number of ops being profiled or run read device profiler more often (profiler.cpp:1532)
2026-06-02 02:26:51.854 | warning  |           Metal | Profiler DRAM buffers were full, markers were dropped! device 0, worker core 5, 4, Risc BRISC,  bufferEndIndex = 11872. Please either decrease the number of ops being profiled or run read device profiler more often (profiler.cpp:1532)
2026-06-02 02:26:51.855 | warning  |           Metal | Profiler DRAM buffers were full, markers were dropped! device 0, worker core 5, 4, Risc NCRISC,  bufferEndIndex = 11740. Please either decrease the number of ops being profiled or run read device profiler more often (profiler.cpp:1532)
2026-06-02 02:26:51.855 | warning  |           Metal | Profiler DRAM buffers were full, markers were dropped! device 0, worker core 5, 5, Risc BRISC,  bufferEndIndex = 11872. Please either decrease the number of ops being profiled or run read device profiler more often (profiler.cpp:1532)
2026-06-02 02:26:51.855 | warning  |           Metal | Profiler DRAM buffers were full, markers were dropped! device 0, worker core 5, 5, Risc NCRISC,  bufferEndIndex = 11740. Please either decrease the number of ops being profiled or run read device profiler more often (profiler.cpp:1532)
2026-06-02 02:26:51.856 | warning  |           Metal | Profiler DRAM buffers were full, markers were dropped! device 0, worker core 5, 6, Risc BRISC,  bufferEndIndex = 11872. Please either decrease the number of ops being profiled or run read device profiler more often (profiler.cpp:1532)
2026-06-02 02:26:51.856 | warning  |           Metal | Profiler DRAM buffers were full, markers were dropped! device 0, worker core 5, 6, Risc NCRISC,  bufferEndIndex = 11740. Please either decrease the number of ops being profiled or run read device profiler more often (profiler.cpp:1532)
2026-06-02 02:26:51.856 | warning  |           Metal | Profiler DRAM buffers were full, markers were dropped! device 0, worker core 5, 7, Risc BRISC,  bufferEndIndex = 11780. Please either decrease the number of ops being profiled or run read device profiler more often (profiler.cpp:1532)
2026-06-02 02:26:51.857 | warning  |           Metal | Profiler DRAM buffers were full, markers were dropped! device 0, worker core 5, 7, Risc NCRISC,  bufferEndIndex = 11992. Please either decrease the number of ops being profiled or run read device profiler more often (profiler.cpp:1532)
2026-06-02 02:26:51.857 | warning  |           Metal | Profiler DRAM buffers were full, markers were dropped! device 0, worker core 5, 8, Risc BRISC,  bufferEndIndex = 11780. Please either decrease the number of ops being profiled or run read device profiler more often (profiler.cpp:1532)
2026-06-02 02:26:51.857 | warning  |           Metal | Profiler DRAM buffers were full, markers were dropped! device 0, worker core 5, 8, Risc NCRISC,  bufferEndIndex = 11992. Please either decrease the number of ops being profiled or run read device profiler more often (profiler.cpp:1532)
2026-06-02 02:26:51.858 | warning  |           Metal | Profiler DRAM buffers were full, markers were dropped! device 0, worker core 5, 9, Risc BRISC,  bufferEndIndex = 11780. Please either decrease the number of ops being profiled or run read device profiler more often (profiler.cpp:1532)
2026-06-02 02:26:51.858 | warning  |           Metal | Profiler DRAM buffers were full, markers were dropped! device 0, worker core 5, 9, Risc NCRISC,  bufferEndIndex = 11992. Please either decrease the number of ops being profiled or run read device profiler more often (profiler.cpp:1532)
2026-06-02 02:26:51.858 | warning  |           Metal | Profiler DRAM buffers were full, markers were dropped! device 0, worker core 5, 10, Risc BRISC,  bufferEndIndex = 11780. Please either decrease the number of ops being profiled or run read device profiler more often (profiler.cpp:1532)
2026-06-02 02:26:51.859 | warning  |           Metal | Profiler DRAM buffers were full, markers were dropped! device 0, worker core 5, 10, Risc NCRISC,  bufferEndIndex = 11992. Please either decrease the number of ops being profiled or run read device profiler more often (profiler.cpp:1532)
2026-06-02 02:26:51.859 | warning  |           Metal | Profiler DRAM buffers were full, markers were dropped! device 0, worker core 5, 11, Risc BRISC,  bufferEndIndex = 11780. Please either decrease the number of ops being profiled or run read device profiler more often (profiler.cpp:1532)
2026-06-02 02:26:51.859 | warning  |           Metal | Profiler DRAM buffers were full, markers were dropped! device 0, worker core 5, 11, Risc NCRISC,  bufferEndIndex = 11992. Please either decrease the number of ops being profiled or run read device profiler more often (profiler.cpp:1532)
2026-06-02 02:26:51.860 | warning  |           Metal | Profiler DRAM buffers were full, markers were dropped! device 0, worker core 6, 2, Risc BRISC,  bufferEndIndex = 11872. Please either decrease the number of ops being profiled or run read device profiler more often (profiler.cpp:1532)
2026-06-02 02:26:51.860 | warning  |           Metal | Profiler DRAM buffers were full, markers were dropped! device 0, worker core 6, 2, Risc NCRISC,  bufferEndIndex = 11740. Please either decrease the number of ops being profiled or run read device profiler more often (profiler.cpp:1532)
2026-06-02 02:26:51.860 | warning  |           Metal | Profiler DRAM buffers were full, markers were dropped! device 0, worker core 6, 3, Risc BRISC,  bufferEndIndex = 11872. Please either decrease the number of ops being profiled or run read device profiler more often (profiler.cpp:1532)
2026-06-02 02:26:51.861 | warning  |           Metal | Profiler DRAM buffers were full, markers were dropped! device 0, worker core 6, 3, Risc NCRISC,  bufferEndIndex = 11740. Please either decrease the number of ops being profiled or run read device profiler more often (profiler.cpp:1532)
2026-06-02 02:26:51.861 | warning  |           Metal | Profiler DRAM buffers were full, markers were dropped! device 0, worker core 6, 4, Risc BRISC,  bufferEndIndex = 11872. Please either decrease the number of ops being profiled or run read device profiler more often (profiler.cpp:1532)
2026-06-02 02:26:51.861 | warning  |           Metal | Profiler DRAM buffers were full, markers were dropped! device 0, worker core 6, 4, Risc NCRISC,  bufferEndIndex = 11740. Please either decrease the number of ops being profiled or run read device profiler more often (profiler.cpp:1532)
2026-06-02 02:26:51.862 | warning  |           Metal | Profiler DRAM buffers were full, markers were dropped! device 0, worker core 6, 5, Risc BRISC,  bufferEndIndex = 11872. Please either decrease the number of ops being profiled or run read device profiler more often (profiler.cpp:1532)
2026-06-02 02:26:51.862 | warning  |           Metal | Profiler DRAM buffers were full, markers were dropped! device 0, worker core 6, 5, Risc NCRISC,  bufferEndIndex = 11740. Please either decrease the number of ops being profiled or run read device profiler more often (profiler.cpp:1532)
2026-06-02 02:26:51.862 | warning  |           Metal | Profiler DRAM buffers were full, markers were dropped! device 0, worker core 6, 6, Risc BRISC,  bufferEndIndex = 11780. Please either decrease the number of ops being profiled or run read device profiler more often (profiler.cpp:1532)
2026-06-02 02:26:51.863 | warning  |           Metal | Profiler DRAM buffers were full, markers were dropped! device 0, worker core 6, 6, Risc NCRISC,  bufferEndIndex = 11992. Please either decrease the number of ops being profiled or run read device profiler more often (profiler.cpp:1532)
2026-06-02 02:26:51.863 | warning  |           Metal | Profiler DRAM buffers were full, markers were dropped! device 0, worker core 6, 7, Risc BRISC,  bufferEndIndex = 11780. Please either decrease the number of ops being profiled or run read device profiler more often (profiler.cpp:1532)
2026-06-02 02:26:51.863 | warning  |           Metal | Profiler DRAM buffers were full, markers were dropped! device 0, worker core 6, 7, Risc NCRISC,  bufferEndIndex = 11992. Please either decrease the number of ops being profiled or run read device profiler more often (profiler.cpp:1532)
2026-06-02 02:26:51.864 | warning  |           Metal | Profiler DRAM buffers were full, markers were dropped! device 0, worker core 6, 8, Risc BRISC,  bufferEndIndex = 11780. Please either decrease the number of ops being profiled or run read device profiler more often (profiler.cpp:1532)
2026-06-02 02:26:51.864 | warning  |           Metal | Profiler DRAM buffers were full, markers were dropped! device 0, worker core 6, 8, Risc NCRISC,  bufferEndIndex = 11992. Please either decrease the number of ops being profiled or run read device profiler more often (profiler.cpp:1532)
2026-06-02 02:26:51.864 | warning  |           Metal | Profiler DRAM buffers were full, markers were dropped! device 0, worker core 6, 9, Risc BRISC,  bufferEndIndex = 11780. Please either decrease the number of ops being profiled or run read device profiler more often (profiler.cpp:1532)
2026-06-02 02:26:51.865 | warning  |           Metal | Profiler DRAM buffers were full, markers were dropped! device 0, worker core 6, 9, Risc NCRISC,  bufferEndIndex = 11992. Please either decrease the number of ops being profiled or run read device profiler more often (profiler.cpp:1532)
2026-06-02 02:26:51.865 | warning  |           Metal | Profiler DRAM buffers were full, markers were dropped! device 0, worker core 6, 10, Risc BRISC,  bufferEndIndex = 11780. Please either decrease the number of ops being profiled or run read device profiler more often (profiler.cpp:1532)
2026-06-02 02:26:51.865 | warning  |           Metal | Profiler DRAM buffers were full, markers were dropped! device 0, worker core 6, 10, Risc NCRISC,  bufferEndIndex = 11992. Please either decrease the number of ops being profiled or run read device profiler more often (profiler.cpp:1532)
2026-06-02 02:26:51.866 | warning  |           Metal | Profiler DRAM buffers were full, markers were dropped! device 0, worker core 6, 11, Risc BRISC,  bufferEndIndex = 11780. Please either decrease the number of ops being profiled or run read device profiler more often (profiler.cpp:1532)
2026-06-02 02:26:51.866 | warning  |           Metal | Profiler DRAM buffers were full, markers were dropped! device 0, worker core 6, 11, Risc NCRISC,  bufferEndIndex = 11992. Please either decrease the number of ops being profiled or run read device profiler more often (profiler.cpp:1532)
2026-06-02 02:26:51.866 | warning  |           Metal | Profiler DRAM buffers were full, markers were dropped! device 0, worker core 7, 2, Risc BRISC,  bufferEndIndex = 11872. Please either decrease the number of ops being profiled or run read device profiler more often (profiler.cpp:1532)
2026-06-02 02:26:51.867 | warning  |           Metal | Profiler DRAM buffers were full, markers were dropped! device 0, worker core 7, 2, Risc NCRISC,  bufferEndIndex = 11740. Please either decrease the number of ops being profiled or run read device profiler more often (profiler.cpp:1532)
2026-06-02 02:26:51.867 | warning  |           Metal | Profiler DRAM buffers were full, markers were dropped! device 0, worker core 7, 3, Risc BRISC,  bufferEndIndex = 11872. Please either decrease the number of ops being profiled or run read device profiler more often (profiler.cpp:1532)
2026-06-02 02:26:51.867 | warning  |           Metal | Profiler DRAM buffers were full, markers were dropped! device 0, worker core 7, 3, Risc NCRISC,  bufferEndIndex = 11740. Please either decrease the number of ops being profiled or run read device profiler more often (profiler.cpp:1532)
2026-06-02 02:26:51.868 | warning  |           Metal | Profiler DRAM buffers were full, markers were dropped! device 0, worker core 7, 4, Risc BRISC,  bufferEndIndex = 11872. Please either decrease the number of ops being profiled or run read device profiler more often (profiler.cpp:1532)
2026-06-02 02:26:51.868 | warning  |           Metal | Profiler DRAM buffers were full, markers were dropped! device 0, worker core 7, 4, Risc NCRISC,  bufferEndIndex = 11740. Please either decrease the number of ops being profiled or run read device profiler more often (profiler.cpp:1532)
2026-06-02 02:26:51.868 | warning  |           Metal | Profiler DRAM buffers were full, markers were dropped! device 0, worker core 7, 5, Risc BRISC,  bufferEndIndex = 11872. Please either decrease the number of ops being profiled or run read device profiler more often (profiler.cpp:1532)
2026-06-02 02:26:51.869 | warning  |           Metal | Profiler DRAM buffers were full, markers were dropped! device 0, worker core 7, 5, Risc NCRISC,  bufferEndIndex = 11740. Please either decrease the number of ops being profiled or run read device profiler more often (profiler.cpp:1532)
2026-06-02 02:26:51.869 | warning  |           Metal | Profiler DRAM buffers were full, markers were dropped! device 0, worker core 7, 6, Risc BRISC,  bufferEndIndex = 11780. Please either decrease the number of ops being profiled or run read device profiler more often (profiler.cpp:1532)
2026-06-02 02:26:51.869 | warning  |           Metal | Profiler DRAM buffers were full, markers were dropped! device 0, worker core 7, 6, Risc NCRISC,  bufferEndIndex = 11992. Please either decrease the number of ops being profiled or run read device profiler more often (profiler.cpp:1532)
2026-06-02 02:26:51.870 | warning  |           Metal | Profiler DRAM buffers were full, markers were dropped! device 0, worker core 7, 7, Risc BRISC,  bufferEndIndex = 11780. Please either decrease the number of ops being profiled or run read device profiler more often (profiler.cpp:1532)
2026-06-02 02:26:51.870 | warning  |           Metal | Profiler DRAM buffers were full, markers were dropped! device 0, worker core 7, 7, Risc NCRISC,  bufferEndIndex = 11992. Please either decrease the number of ops being profiled or run read device profiler more often (profiler.cpp:1532)
2026-06-02 02:26:51.870 | warning  |           Metal | Profiler DRAM buffers were full, markers were dropped! device 0, worker core 7, 8, Risc BRISC,  bufferEndIndex = 11780. Please either decrease the number of ops being profiled or run read device profiler more often (profiler.cpp:1532)
2026-06-02 02:26:51.870 | warning  |           Metal | Profiler DRAM buffers were full, markers were dropped! device 0, worker core 7, 8, Risc NCRISC,  bufferEndIndex = 11992. Please either decrease the number of ops being profiled or run read device profiler more often (profiler.cpp:1532)
2026-06-02 02:26:51.871 | warning  |           Metal | Profiler DRAM buffers were full, markers were dropped! device 0, worker core 7, 9, Risc BRISC,  bufferEndIndex = 11780. Please either decrease the number of ops being profiled or run read device profiler more often (profiler.cpp:1532)
2026-06-02 02:26:51.871 | warning  |           Metal | Profiler DRAM buffers were full, markers were dropped! device 0, worker core 7, 9, Risc NCRISC,  bufferEndIndex = 11992. Please either decrease the number of ops being profiled or run read device profiler more often (profiler.cpp:1532)
2026-06-02 02:26:51.871 | warning  |           Metal | Profiler DRAM buffers were full, markers were dropped! device 0, worker core 7, 10, Risc BRISC,  bufferEndIndex = 11780. Please either decrease the number of ops being profiled or run read device profiler more often (profiler.cpp:1532)
2026-06-02 02:26:51.872 | warning  |           Metal | Profiler DRAM buffers were full, markers were dropped! device 0, worker core 7, 10, Risc NCRISC,  bufferEndIndex = 11992. Please either decrease the number of ops being profiled or run read device profiler more often (profiler.cpp:1532)
2026-06-02 02:26:51.872 | warning  |           Metal | Profiler DRAM buffers were full, markers were dropped! device 0, worker core 7, 11, Risc BRISC,  bufferEndIndex = 11780. Please either decrease the number of ops being profiled or run read device profiler more often (profiler.cpp:1532)
2026-06-02 02:26:51.872 | warning  |           Metal | Profiler DRAM buffers were full, markers were dropped! device 0, worker core 7, 11, Risc NCRISC,  bufferEndIndex = 11992. Please either decrease the number of ops being profiled or run read device profiler more often (profiler.cpp:1532)
2026-06-02 02:26:51.873 | warning  |           Metal | Profiler DRAM buffers were full, markers were dropped! device 0, worker core 10, 2, Risc BRISC,  bufferEndIndex = 11872. Please either decrease the number of ops being profiled or run read device profiler more often (profiler.cpp:1532)
2026-06-02 02:26:51.873 | warning  |           Metal | Profiler DRAM buffers were full, markers were dropped! device 0, worker core 10, 2, Risc NCRISC,  bufferEndIndex = 11740. Please either decrease the number of ops being profiled or run read device profiler more often (profiler.cpp:1532)
2026-06-02 02:26:51.873 | warning  |           Metal | Profiler DRAM buffers were full, markers were dropped! device 0, worker core 10, 3, Risc BRISC,  bufferEndIndex = 11872. Please either decrease the number of ops being profiled or run read device profiler more often (profiler.cpp:1532)
2026-06-02 02:26:51.874 | warning  |           Metal | Profiler DRAM buffers were full, markers were dropped! device 0, worker core 10, 3, Risc NCRISC,  bufferEndIndex = 11740. Please either decrease the number of ops being profiled or run read device profiler more often (profiler.cpp:1532)
2026-06-02 02:26:51.874 | warning  |           Metal | Profiler DRAM buffers were full, markers were dropped! device 0, worker core 10, 4, Risc BRISC,  bufferEndIndex = 11872. Please either decrease the number of ops being profiled or run read device profiler more often (profiler.cpp:1532)
2026-06-02 02:26:51.874 | warning  |           Metal | Profiler DRAM buffers were full, markers were dropped! device 0, worker core 10, 4, Risc NCRISC,  bufferEndIndex = 11740. Please either decrease the number of ops being profiled or run read device profiler more often (profiler.cpp:1532)
2026-06-02 02:26:51.875 | warning  |           Metal | Profiler DRAM buffers were full, markers were dropped! device 0, worker core 10, 5, Risc BRISC,  bufferEndIndex = 11872. Please either decrease the number of ops being profiled or run read device profiler more often (profiler.cpp:1532)
2026-06-02 02:26:51.875 | warning  |           Metal | Profiler DRAM buffers were full, markers were dropped! device 0, worker core 10, 5, Risc NCRISC,  bufferEndIndex = 11740. Please either decrease the number of ops being profiled or run read device profiler more often (profiler.cpp:1532)
2026-06-02 02:26:51.875 | warning  |           Metal | Profiler DRAM buffers were full, markers were dropped! device 0, worker core 10, 6, Risc BRISC,  bufferEndIndex = 11780. Please either decrease the number of ops being profiled or run read device profiler more often (profiler.cpp:1532)
2026-06-02 02:26:51.876 | warning  |           Metal | Profiler DRAM buffers were full, markers were dropped! device 0, worker core 10, 6, Risc NCRISC,  bufferEndIndex = 11992. Please either decrease the number of ops being profiled or run read device profiler more often (profiler.cpp:1532)
2026-06-02 02:26:51.876 | warning  |           Metal | Profiler DRAM buffers were full, markers were dropped! device 0, worker core 10, 7, Risc BRISC,  bufferEndIndex = 11780. Please either decrease the number of ops being profiled or run read device profiler more often (profiler.cpp:1532)
2026-06-02 02:26:51.876 | warning  |           Metal | Profiler DRAM buffers were full, markers were dropped! device 0, worker core 10, 7, Risc NCRISC,  bufferEndIndex = 11992. Please either decrease the number of ops being profiled or run read device profiler more often (profiler.cpp:1532)
2026-06-02 02:26:51.877 | warning  |           Metal | Profiler DRAM buffers were full, markers were dropped! device 0, worker core 10, 8, Risc BRISC,  bufferEndIndex = 11780. Please either decrease the number of ops being profiled or run read device profiler more often (profiler.cpp:1532)
2026-06-02 02:26:51.877 | warning  |           Metal | Profiler DRAM buffers were full, markers were dropped! device 0, worker core 10, 8, Risc NCRISC,  bufferEndIndex = 11992. Please either decrease the number of ops being profiled or run read device profiler more often (profiler.cpp:1532)
2026-06-02 02:26:51.877 | warning  |           Metal | Profiler DRAM buffers were full, markers were dropped! device 0, worker core 10, 9, Risc BRISC,  bufferEndIndex = 11780. Please either decrease the number of ops being profiled or run read device profiler more often (profiler.cpp:1532)
2026-06-02 02:26:51.878 | warning  |           Metal | Profiler DRAM buffers were full, markers were dropped! device 0, worker core 10, 9, Risc NCRISC,  bufferEndIndex = 11992. Please either decrease the number of ops being profiled or run read device profiler more often (profiler.cpp:1532)
2026-06-02 02:26:51.878 | warning  |           Metal | Profiler DRAM buffers were full, markers were dropped! device 0, worker core 10, 10, Risc BRISC,  bufferEndIndex = 11780. Please either decrease the number of ops being profiled or run read device profiler more often (profiler.cpp:1532)
2026-06-02 02:26:51.878 | warning  |           Metal | Profiler DRAM buffers were full, markers were dropped! device 0, worker core 10, 10, Risc NCRISC,  bufferEndIndex = 11992. Please either decrease the number of ops being profiled or run read device profiler more often (profiler.cpp:1532)
2026-06-02 02:26:51.879 | warning  |           Metal | Profiler DRAM buffers were full, markers were dropped! device 0, worker core 10, 11, Risc BRISC,  bufferEndIndex = 11780. Please either decrease the number of ops being profiled or run read device profiler more often (profiler.cpp:1532)
2026-06-02 02:26:51.879 | warning  |           Metal | Profiler DRAM buffers were full, markers were dropped! device 0, worker core 10, 11, Risc NCRISC,  bufferEndIndex = 11992. Please either decrease the number of ops being profiled or run read device profiler more often (profiler.cpp:1532)
2026-06-02 02:26:51.879 | warning  |           Metal | Profiler DRAM buffers were full, markers were dropped! device 0, worker core 11, 2, Risc BRISC,  bufferEndIndex = 11872. Please either decrease the number of ops being profiled or run read device profiler more often (profiler.cpp:1532)
2026-06-02 02:26:51.880 | warning  |           Metal | Profiler DRAM buffers were full, markers were dropped! device 0, worker core 11, 2, Risc NCRISC,  bufferEndIndex = 11740. Please either decrease the number of ops being profiled or run read device profiler more often (profiler.cpp:1532)
2026-06-02 02:26:51.880 | warning  |           Metal | Profiler DRAM buffers were full, markers were dropped! device 0, worker core 11, 3, Risc BRISC,  bufferEndIndex = 11872. Please either decrease the number of ops being profiled or run read device profiler more often (profiler.cpp:1532)
2026-06-02 02:26:51.880 | warning  |           Metal | Profiler DRAM buffers were full, markers were dropped! device 0, worker core 11, 3, Risc NCRISC,  bufferEndIndex = 11740. Please either decrease the number of ops being profiled or run read device profiler more often (profiler.cpp:1532)
2026-06-02 02:26:51.881 | warning  |           Metal | Profiler DRAM buffers were full, markers were dropped! device 0, worker core 11, 4, Risc BRISC,  bufferEndIndex = 11872. Please either decrease the number of ops being profiled or run read device profiler more often (profiler.cpp:1532)
2026-06-02 02:26:51.881 | warning  |           Metal | Profiler DRAM buffers were full, markers were dropped! device 0, worker core 11, 4, Risc NCRISC,  bufferEndIndex = 11740. Please either decrease the number of ops being profiled or run read device profiler more often (profiler.cpp:1532)
2026-06-02 02:26:51.881 | warning  |           Metal | Profiler DRAM buffers were full, markers were dropped! device 0, worker core 11, 5, Risc BRISC,  bufferEndIndex = 11872. Please either decrease the number of ops being profiled or run read device profiler more often (profiler.cpp:1532)
2026-06-02 02:26:51.882 | warning  |           Metal | Profiler DRAM buffers were full, markers were dropped! device 0, worker core 11, 5, Risc NCRISC,  bufferEndIndex = 11740. Please either decrease the number of ops being profiled or run read device profiler more often (profiler.cpp:1532)
2026-06-02 02:26:51.882 | warning  |           Metal | Profiler DRAM buffers were full, markers were dropped! device 0, worker core 11, 6, Risc BRISC,  bufferEndIndex = 11780. Please either decrease the number of ops being profiled or run read device profiler more often (profiler.cpp:1532)
2026-06-02 02:26:51.882 | warning  |           Metal | Profiler DRAM buffers were full, markers were dropped! device 0, worker core 11, 6, Risc NCRISC,  bufferEndIndex = 11992. Please either decrease the number of ops being profiled or run read device profiler more often (profiler.cpp:1532)
2026-06-02 02:26:51.883 | warning  |           Metal | Profiler DRAM buffers were full, markers were dropped! device 0, worker core 11, 7, Risc BRISC,  bufferEndIndex = 11780. Please either decrease the number of ops being profiled or run read device profiler more often (profiler.cpp:1532)
2026-06-02 02:26:51.883 | warning  |           Metal | Profiler DRAM buffers were full, markers were dropped! device 0, worker core 11, 7, Risc NCRISC,  bufferEndIndex = 11992. Please either decrease the number of ops being profiled or run read device profiler more often (profiler.cpp:1532)
2026-06-02 02:26:51.883 | warning  |           Metal | Profiler DRAM buffers were full, markers were dropped! device 0, worker core 11, 8, Risc BRISC,  bufferEndIndex = 11780. Please either decrease the number of ops being profiled or run read device profiler more often (profiler.cpp:1532)
2026-06-02 02:26:51.884 | warning  |           Metal | Profiler DRAM buffers were full, markers were dropped! device 0, worker core 11, 8, Risc NCRISC,  bufferEndIndex = 11992. Please either decrease the number of ops being profiled or run read device profiler more often (profiler.cpp:1532)
2026-06-02 02:26:51.884 | warning  |           Metal | Profiler DRAM buffers were full, markers were dropped! device 0, worker core 11, 9, Risc BRISC,  bufferEndIndex = 11780. Please either decrease the number of ops being profiled or run read device profiler more often (profiler.cpp:1532)
2026-06-02 02:26:51.884 | warning  |           Metal | Profiler DRAM buffers were full, markers were dropped! device 0, worker core 11, 9, Risc NCRISC,  bufferEndIndex = 11992. Please either decrease the number of ops being profiled or run read device profiler more often (profiler.cpp:1532)
2026-06-02 02:26:51.885 | warning  |           Metal | Profiler DRAM buffers were full, markers were dropped! device 0, worker core 11, 10, Risc BRISC,  bufferEndIndex = 11780. Please either decrease the number of ops being profiled or run read device profiler more often (profiler.cpp:1532)
2026-06-02 02:26:51.885 | warning  |           Metal | Profiler DRAM buffers were full, markers were dropped! device 0, worker core 11, 10, Risc NCRISC,  bufferEndIndex = 11992. Please either decrease the number of ops being profiled or run read device profiler more often (profiler.cpp:1532)
2026-06-02 02:26:51.885 | warning  |           Metal | Profiler DRAM buffers were full, markers were dropped! device 0, worker core 11, 11, Risc BRISC,  bufferEndIndex = 11780. Please either decrease the number of ops being profiled or run read device profiler more often (profiler.cpp:1532)
2026-06-02 02:26:51.886 | warning  |           Metal | Profiler DRAM buffers were full, markers were dropped! device 0, worker core 11, 11, Risc NCRISC,  bufferEndIndex = 11992. Please either decrease the number of ops being profiled or run read device profiler more often (profiler.cpp:1532)
2026-06-02 02:26:51.886 | warning  |           Metal | Profiler DRAM buffers were full, markers were dropped! device 0, worker core 12, 2, Risc BRISC,  bufferEndIndex = 11872. Please either decrease the number of ops being profiled or run read device profiler more often (profiler.cpp:1532)
2026-06-02 02:26:51.886 | warning  |           Metal | Profiler DRAM buffers were full, markers were dropped! device 0, worker core 12, 2, Risc NCRISC,  bufferEndIndex = 11740. Please either decrease the number of ops being profiled or run read device profiler more often (profiler.cpp:1532)
2026-06-02 02:26:51.887 | warning  |           Metal | Profiler DRAM buffers were full, markers were dropped! device 0, worker core 12, 3, Risc BRISC,  bufferEndIndex = 11872. Please either decrease the number of ops being profiled or run read device profiler more often (profiler.cpp:1532)
2026-06-02 02:26:51.887 | warning  |           Metal | Profiler DRAM buffers were full, markers were dropped! device 0, worker core 12, 3, Risc NCRISC,  bufferEndIndex = 11740. Please either decrease the number of ops being profiled or run read device profiler more often (profiler.cpp:1532)
2026-06-02 02:26:51.887 | warning  |           Metal | Profiler DRAM buffers were full, markers were dropped! device 0, worker core 12, 4, Risc BRISC,  bufferEndIndex = 11872. Please either decrease the number of ops being profiled or run read device profiler more often (profiler.cpp:1532)
2026-06-02 02:26:51.888 | warning  |           Metal | Profiler DRAM buffers were full, markers were dropped! device 0, worker core 12, 4, Risc NCRISC,  bufferEndIndex = 11740. Please either decrease the number of ops being profiled or run read device profiler more often (profiler.cpp:1532)
2026-06-02 02:26:51.888 | warning  |           Metal | Profiler DRAM buffers were full, markers were dropped! device 0, worker core 12, 5, Risc BRISC,  bufferEndIndex = 11872. Please either decrease the number of ops being profiled or run read device profiler more often (profiler.cpp:1532)
2026-06-02 02:26:51.888 | warning  |           Metal | Profiler DRAM buffers were full, markers were dropped! device 0, worker core 12, 5, Risc NCRISC,  bufferEndIndex = 11740. Please either decrease the number of ops being profiled or run read device profiler more often (profiler.cpp:1532)
2026-06-02 02:26:51.889 | warning  |           Metal | Profiler DRAM buffers were full, markers were dropped! device 0, worker core 12, 6, Risc BRISC,  bufferEndIndex = 11780. Please either decrease the number of ops being profiled or run read device profiler more often (profiler.cpp:1532)
2026-06-02 02:26:51.889 | warning  |           Metal | Profiler DRAM buffers were full, markers were dropped! device 0, worker core 12, 6, Risc NCRISC,  bufferEndIndex = 11992. Please either decrease the number of ops being profiled or run read device profiler more often (profiler.cpp:1532)
2026-06-02 02:26:51.889 | warning  |           Metal | Profiler DRAM buffers were full, markers were dropped! device 0, worker core 12, 7, Risc BRISC,  bufferEndIndex = 11780. Please either decrease the number of ops being profiled or run read device profiler more often (profiler.cpp:1532)
2026-06-02 02:26:51.889 | warning  |           Metal | Profiler DRAM buffers were full, markers were dropped! device 0, worker core 12, 7, Risc NCRISC,  bufferEndIndex = 11992. Please either decrease the number of ops being profiled or run read device profiler more often (profiler.cpp:1532)
2026-06-02 02:26:51.890 | warning  |           Metal | Profiler DRAM buffers were full, markers were dropped! device 0, worker core 12, 8, Risc BRISC,  bufferEndIndex = 11780. Please either decrease the number of ops being profiled or run read device profiler more often (profiler.cpp:1532)
2026-06-02 02:26:51.890 | warning  |           Metal | Profiler DRAM buffers were full, markers were dropped! device 0, worker core 12, 8, Risc NCRISC,  bufferEndIndex = 11992. Please either decrease the number of ops being profiled or run read device profiler more often (profiler.cpp:1532)
2026-06-02 02:26:51.890 | warning  |           Metal | Profiler DRAM buffers were full, markers were dropped! device 0, worker core 12, 9, Risc BRISC,  bufferEndIndex = 11780. Please either decrease the number of ops being profiled or run read device profiler more often (profiler.cpp:1532)
2026-06-02 02:26:51.891 | warning  |           Metal | Profiler DRAM buffers were full, markers were dropped! device 0, worker core 12, 9, Risc NCRISC,  bufferEndIndex = 11992. Please either decrease the number of ops being profiled or run read device profiler more often (profiler.cpp:1532)
2026-06-02 02:26:51.891 | warning  |           Metal | Profiler DRAM buffers were full, markers were dropped! device 0, worker core 12, 10, Risc BRISC,  bufferEndIndex = 11780. Please either decrease the number of ops being profiled or run read device profiler more often (profiler.cpp:1532)
2026-06-02 02:26:51.891 | warning  |           Metal | Profiler DRAM buffers were full, markers were dropped! device 0, worker core 12, 10, Risc NCRISC,  bufferEndIndex = 11992. Please either decrease the number of ops being profiled or run read device profiler more often (profiler.cpp:1532)
2026-06-02 02:26:51.892 | warning  |           Metal | Profiler DRAM buffers were full, markers were dropped! device 0, worker core 12, 11, Risc BRISC,  bufferEndIndex = 11780. Please either decrease the number of ops being profiled or run read device profiler more often (profiler.cpp:1532)
2026-06-02 02:26:51.892 | warning  |           Metal | Profiler DRAM buffers were full, markers were dropped! device 0, worker core 12, 11, Risc NCRISC,  bufferEndIndex = 11992. Please either decrease the number of ops being profiled or run read device profiler more often (profiler.cpp:1532)
2026-06-02 02:26:51.892 | warning  |           Metal | Profiler DRAM buffers were full, markers were dropped! device 0, worker core 13, 2, Risc BRISC,  bufferEndIndex = 11872. Please either decrease the number of ops being profiled or run read device profiler more often (profiler.cpp:1532)
2026-06-02 02:26:51.893 | warning  |           Metal | Profiler DRAM buffers were full, markers were dropped! device 0, worker core 13, 2, Risc NCRISC,  bufferEndIndex = 11740. Please either decrease the number of ops being profiled or run read device profiler more often (profiler.cpp:1532)
2026-06-02 02:26:51.893 | warning  |           Metal | Profiler DRAM buffers were full, markers were dropped! device 0, worker core 13, 3, Risc BRISC,  bufferEndIndex = 11872. Please either decrease the number of ops being profiled or run read device profiler more often (profiler.cpp:1532)
2026-06-02 02:26:51.893 | warning  |           Metal | Profiler DRAM buffers were full, markers were dropped! device 0, worker core 13, 3, Risc NCRISC,  bufferEndIndex = 11740. Please either decrease the number of ops being profiled or run read device profiler more often (profiler.cpp:1532)
2026-06-02 02:26:51.894 | warning  |           Metal | Profiler DRAM buffers were full, markers were dropped! device 0, worker core 13, 4, Risc BRISC,  bufferEndIndex = 11872. Please either decrease the number of ops being profiled or run read device profiler more often (profiler.cpp:1532)
2026-06-02 02:26:51.894 | warning  |           Metal | Profiler DRAM buffers were full, markers were dropped! device 0, worker core 13, 4, Risc NCRISC,  bufferEndIndex = 11740. Please either decrease the number of ops being profiled or run read device profiler more often (profiler.cpp:1532)
2026-06-02 02:26:51.894 | warning  |           Metal | Profiler DRAM buffers were full, markers were dropped! device 0, worker core 13, 5, Risc BRISC,  bufferEndIndex = 11872. Please either decrease the number of ops being profiled or run read device profiler more often (profiler.cpp:1532)
2026-06-02 02:26:51.895 | warning  |           Metal | Profiler DRAM buffers were full, markers were dropped! device 0, worker core 13, 5, Risc NCRISC,  bufferEndIndex = 11740. Please either decrease the number of ops being profiled or run read device profiler more often (profiler.cpp:1532)
2026-06-02 02:26:51.895 | warning  |           Metal | Profiler DRAM buffers were full, markers were dropped! device 0, worker core 13, 6, Risc BRISC,  bufferEndIndex = 11780. Please either decrease the number of ops being profiled or run read device profiler more often (profiler.cpp:1532)
2026-06-02 02:26:51.895 | warning  |           Metal | Profiler DRAM buffers were full, markers were dropped! device 0, worker core 13, 6, Risc NCRISC,  bufferEndIndex = 11992. Please either decrease the number of ops being profiled or run read device profiler more often (profiler.cpp:1532)
2026-06-02 02:26:51.896 | warning  |           Metal | Profiler DRAM buffers were full, markers were dropped! device 0, worker core 13, 7, Risc BRISC,  bufferEndIndex = 11780. Please either decrease the number of ops being profiled or run read device profiler more often (profiler.cpp:1532)
2026-06-02 02:26:51.896 | warning  |           Metal | Profiler DRAM buffers were full, markers were dropped! device 0, worker core 13, 7, Risc NCRISC,  bufferEndIndex = 11992. Please either decrease the number of ops being profiled or run read device profiler more often (profiler.cpp:1532)
2026-06-02 02:26:51.896 | warning  |           Metal | Profiler DRAM buffers were full, markers were dropped! device 0, worker core 13, 8, Risc BRISC,  bufferEndIndex = 11780. Please either decrease the number of ops being profiled or run read device profiler more often (profiler.cpp:1532)
2026-06-02 02:26:51.897 | warning  |           Metal | Profiler DRAM buffers were full, markers were dropped! device 0, worker core 13, 8, Risc NCRISC,  bufferEndIndex = 11992. Please either decrease the number of ops being profiled or run read device profiler more often (profiler.cpp:1532)
2026-06-02 02:26:51.897 | warning  |           Metal | Profiler DRAM buffers were full, markers were dropped! device 0, worker core 13, 9, Risc BRISC,  bufferEndIndex = 11780. Please either decrease the number of ops being profiled or run read device profiler more often (profiler.cpp:1532)
2026-06-02 02:26:51.897 | warning  |           Metal | Profiler DRAM buffers were full, markers were dropped! device 0, worker core 13, 9, Risc NCRISC,  bufferEndIndex = 11992. Please either decrease the number of ops being profiled or run read device profiler more often (profiler.cpp:1532)
2026-06-02 02:26:51.898 | warning  |           Metal | Profiler DRAM buffers were full, markers were dropped! device 0, worker core 13, 10, Risc BRISC,  bufferEndIndex = 11780. Please either decrease the number of ops being profiled or run read device profiler more often (profiler.cpp:1532)
2026-06-02 02:26:51.898 | warning  |           Metal | Profiler DRAM buffers were full, markers were dropped! device 0, worker core 13, 10, Risc NCRISC,  bufferEndIndex = 11992. Please either decrease the number of ops being profiled or run read device profiler more often (profiler.cpp:1532)
2026-06-02 02:26:51.898 | warning  |           Metal | Profiler DRAM buffers were full, markers were dropped! device 0, worker core 13, 11, Risc BRISC,  bufferEndIndex = 11780. Please either decrease the number of ops being profiled or run read device profiler more often (profiler.cpp:1532)
2026-06-02 02:26:51.899 | warning  |           Metal | Profiler DRAM buffers were full, markers were dropped! device 0, worker core 13, 11, Risc NCRISC,  bufferEndIndex = 11992. Please either decrease the number of ops being profiled or run read device profiler more often (profiler.cpp:1532)
2026-06-02 02:26:52.403 | warning  |          Always | Profiler NoC events are enabled; this can add 1-15% cycle overhead to typical operations! (profiler.cpp:2499)
[BUCKET_CULL] P_kept=3369033 tiles=1024 floor=6.10352e-05 cull_disabled=0 exec=76.25ms
[SORT] stage=RP P=3369033 P_kept=3369033 num_tiles=1024 max_tile_n=26544 bin=17.68 up=0.43 kernel=7.89 d2h=7.13 compact=0.00 publish=1.77 total=113.44ms
2026-06-02 02:26:58.479 | warning  |           Metal | Profiler DRAM buffers were full, markers were dropped! device 0, worker core 1, 2, Risc BRISC,  bufferEndIndex = 11884. Please either decrease the number of ops being profiled or run read device profiler more often (profiler.cpp:1532)
2026-06-02 02:26:58.479 | warning  |           Metal | Profiler DRAM buffers were full, markers were dropped! device 0, worker core 1, 2, Risc NCRISC,  bufferEndIndex = 11752. Please either decrease the number of ops being profiled or run read device profiler more often (profiler.cpp:1532)
2026-06-02 02:26:58.480 | warning  |           Metal | Profiler DRAM buffers were full, markers were dropped! device 0, worker core 1, 3, Risc BRISC,  bufferEndIndex = 11872. Please either decrease the number of ops being profiled or run read device profiler more often (profiler.cpp:1532)
2026-06-02 02:26:58.480 | warning  |           Metal | Profiler DRAM buffers were full, markers were dropped! device 0, worker core 1, 3, Risc NCRISC,  bufferEndIndex = 11740. Please either decrease the number of ops being profiled or run read device profiler more often (profiler.cpp:1532)
2026-06-02 02:26:58.480 | warning  |           Metal | Profiler DRAM buffers were full, markers were dropped! device 0, worker core 1, 4, Risc BRISC,  bufferEndIndex = 11872. Please either decrease the number of ops being profiled or run read device profiler more often (profiler.cpp:1532)
2026-06-02 02:26:58.481 | warning  |           Metal | Profiler DRAM buffers were full, markers were dropped! device 0, worker core 1, 4, Risc NCRISC,  bufferEndIndex = 11740. Please either decrease the number of ops being profiled or run read device profiler more often (profiler.cpp:1532)
2026-06-02 02:26:58.481 | warning  |           Metal | Profiler DRAM buffers were full, markers were dropped! device 0, worker core 1, 5, Risc BRISC,  bufferEndIndex = 11872. Please either decrease the number of ops being profiled or run read device profiler more often (profiler.cpp:1532)
2026-06-02 02:26:58.481 | warning  |           Metal | Profiler DRAM buffers were full, markers were dropped! device 0, worker core 1, 5, Risc NCRISC,  bufferEndIndex = 11740. Please either decrease the number of ops being profiled or run read device profiler more often (profiler.cpp:1532)
2026-06-02 02:26:58.482 | warning  |           Metal | Profiler DRAM buffers were full, markers were dropped! device 0, worker core 1, 6, Risc BRISC,  bufferEndIndex = 11872. Please either decrease the number of ops being profiled or run read device profiler more often (profiler.cpp:1532)
2026-06-02 02:26:58.482 | warning  |           Metal | Profiler DRAM buffers were full, markers were dropped! device 0, worker core 1, 6, Risc NCRISC,  bufferEndIndex = 11740. Please either decrease the number of ops being profiled or run read device profiler more often (profiler.cpp:1532)
2026-06-02 02:26:58.482 | warning  |           Metal | Profiler DRAM buffers were full, markers were dropped! device 0, worker core 1, 7, Risc BRISC,  bufferEndIndex = 11780. Please either decrease the number of ops being profiled or run read device profiler more often (profiler.cpp:1532)
2026-06-02 02:26:58.483 | warning  |           Metal | Profiler DRAM buffers were full, markers were dropped! device 0, worker core 1, 7, Risc NCRISC,  bufferEndIndex = 11992. Please either decrease the number of ops being profiled or run read device profiler more often (profiler.cpp:1532)
2026-06-02 02:26:58.483 | warning  |           Metal | Profiler DRAM buffers were full, markers were dropped! device 0, worker core 1, 8, Risc BRISC,  bufferEndIndex = 11780. Please either decrease the number of ops being profiled or run read device profiler more often (profiler.cpp:1532)
2026-06-02 02:26:58.483 | warning  |           Metal | Profiler DRAM buffers were full, markers were dropped! device 0, worker core 1, 8, Risc NCRISC,  bufferEndIndex = 11992. Please either decrease the number of ops being profiled or run read device profiler more often (profiler.cpp:1532)
2026-06-02 02:26:58.484 | warning  |           Metal | Profiler DRAM buffers were full, markers were dropped! device 0, worker core 1, 9, Risc BRISC,  bufferEndIndex = 11780. Please either decrease the number of ops being profiled or run read device profiler more often (profiler.cpp:1532)
2026-06-02 02:26:58.484 | warning  |           Metal | Profiler DRAM buffers were full, markers were dropped! device 0, worker core 1, 9, Risc NCRISC,  bufferEndIndex = 11992. Please either decrease the number of ops being profiled or run read device profiler more often (profiler.cpp:1532)
2026-06-02 02:26:58.485 | warning  |           Metal | Profiler DRAM buffers were full, markers were dropped! device 0, worker core 1, 10, Risc BRISC,  bufferEndIndex = 11780. Please either decrease the number of ops being profiled or run read device profiler more often (profiler.cpp:1532)
2026-06-02 02:26:58.485 | warning  |           Metal | Profiler DRAM buffers were full, markers were dropped! device 0, worker core 1, 10, Risc NCRISC,  bufferEndIndex = 11992. Please either decrease the number of ops being profiled or run read device profiler more often (profiler.cpp:1532)
2026-06-02 02:26:58.485 | warning  |           Metal | Profiler DRAM buffers were full, markers were dropped! device 0, worker core 1, 11, Risc BRISC,  bufferEndIndex = 11780. Please either decrease the number of ops being profiled or run read device profiler more often (profiler.cpp:1532)
2026-06-02 02:26:58.486 | warning  |           Metal | Profiler DRAM buffers were full, markers were dropped! device 0, worker core 1, 11, Risc NCRISC,  bufferEndIndex = 11992. Please either decrease the number of ops being profiled or run read device profiler more often (profiler.cpp:1532)
2026-06-02 02:26:58.486 | warning  |           Metal | Profiler DRAM buffers were full, markers were dropped! device 0, worker core 2, 2, Risc BRISC,  bufferEndIndex = 11872. Please either decrease the number of ops being profiled or run read device profiler more often (profiler.cpp:1532)
2026-06-02 02:26:58.486 | warning  |           Metal | Profiler DRAM buffers were full, markers were dropped! device 0, worker core 2, 2, Risc NCRISC,  bufferEndIndex = 11740. Please either decrease the number of ops being profiled or run read device profiler more often (profiler.cpp:1532)
2026-06-02 02:26:58.487 | warning  |           Metal | Profiler DRAM buffers were full, markers were dropped! device 0, worker core 2, 3, Risc BRISC,  bufferEndIndex = 11872. Please either decrease the number of ops being profiled or run read device profiler more often (profiler.cpp:1532)
2026-06-02 02:26:58.487 | warning  |           Metal | Profiler DRAM buffers were full, markers were dropped! device 0, worker core 2, 3, Risc NCRISC,  bufferEndIndex = 11740. Please either decrease the number of ops being profiled or run read device profiler more often (profiler.cpp:1532)
2026-06-02 02:26:58.487 | warning  |           Metal | Profiler DRAM buffers were full, markers were dropped! device 0, worker core 2, 4, Risc BRISC,  bufferEndIndex = 11872. Please either decrease the number of ops being profiled or run read device profiler more often (profiler.cpp:1532)
2026-06-02 02:26:58.488 | warning  |           Metal | Profiler DRAM buffers were full, markers were dropped! device 0, worker core 2, 4, Risc NCRISC,  bufferEndIndex = 11740. Please either decrease the number of ops being profiled or run read device profiler more often (profiler.cpp:1532)
2026-06-02 02:26:58.488 | warning  |           Metal | Profiler DRAM buffers were full, markers were dropped! device 0, worker core 2, 5, Risc BRISC,  bufferEndIndex = 11872. Please either decrease the number of ops being profiled or run read device profiler more often (profiler.cpp:1532)
2026-06-02 02:26:58.488 | warning  |           Metal | Profiler DRAM buffers were full, markers were dropped! device 0, worker core 2, 5, Risc NCRISC,  bufferEndIndex = 11740. Please either decrease the number of ops being profiled or run read device profiler more often (profiler.cpp:1532)
2026-06-02 02:26:58.489 | warning  |           Metal | Profiler DRAM buffers were full, markers were dropped! device 0, worker core 2, 6, Risc BRISC,  bufferEndIndex = 11872. Please either decrease the number of ops being profiled or run read device profiler more often (profiler.cpp:1532)
2026-06-02 02:26:58.489 | warning  |           Metal | Profiler DRAM buffers were full, markers were dropped! device 0, worker core 2, 6, Risc NCRISC,  bufferEndIndex = 11740. Please either decrease the number of ops being profiled or run read device profiler more often (profiler.cpp:1532)
2026-06-02 02:26:58.489 | warning  |           Metal | Profiler DRAM buffers were full, markers were dropped! device 0, worker core 2, 7, Risc BRISC,  bufferEndIndex = 11780. Please either decrease the number of ops being profiled or run read device profiler more often (profiler.cpp:1532)
2026-06-02 02:26:58.490 | warning  |           Metal | Profiler DRAM buffers were full, markers were dropped! device 0, worker core 2, 7, Risc NCRISC,  bufferEndIndex = 11992. Please either decrease the number of ops being profiled or run read device profiler more often (profiler.cpp:1532)
2026-06-02 02:26:58.490 | warning  |           Metal | Profiler DRAM buffers were full, markers were dropped! device 0, worker core 2, 8, Risc BRISC,  bufferEndIndex = 11780. Please either decrease the number of ops being profiled or run read device profiler more often (profiler.cpp:1532)
2026-06-02 02:26:58.491 | warning  |           Metal | Profiler DRAM buffers were full, markers were dropped! device 0, worker core 2, 8, Risc NCRISC,  bufferEndIndex = 11992. Please either decrease the number of ops being profiled or run read device profiler more often (profiler.cpp:1532)
2026-06-02 02:26:58.491 | warning  |           Metal | Profiler DRAM buffers were full, markers were dropped! device 0, worker core 2, 9, Risc BRISC,  bufferEndIndex = 11780. Please either decrease the number of ops being profiled or run read device profiler more often (profiler.cpp:1532)
2026-06-02 02:26:58.491 | warning  |           Metal | Profiler DRAM buffers were full, markers were dropped! device 0, worker core 2, 9, Risc NCRISC,  bufferEndIndex = 11992. Please either decrease the number of ops being profiled or run read device profiler more often (profiler.cpp:1532)
2026-06-02 02:26:58.492 | warning  |           Metal | Profiler DRAM buffers were full, markers were dropped! device 0, worker core 2, 10, Risc BRISC,  bufferEndIndex = 11780. Please either decrease the number of ops being profiled or run read device profiler more often (profiler.cpp:1532)
2026-06-02 02:26:58.492 | warning  |           Metal | Profiler DRAM buffers were full, markers were dropped! device 0, worker core 2, 10, Risc NCRISC,  bufferEndIndex = 11992. Please either decrease the number of ops being profiled or run read device profiler more often (profiler.cpp:1532)
2026-06-02 02:26:58.492 | warning  |           Metal | Profiler DRAM buffers were full, markers were dropped! device 0, worker core 2, 11, Risc BRISC,  bufferEndIndex = 11780. Please either decrease the number of ops being profiled or run read device profiler more often (profiler.cpp:1532)
2026-06-02 02:26:58.493 | warning  |           Metal | Profiler DRAM buffers were full, markers were dropped! device 0, worker core 2, 11, Risc NCRISC,  bufferEndIndex = 11992. Please either decrease the number of ops being profiled or run read device profiler more often (profiler.cpp:1532)
2026-06-02 02:26:58.493 | warning  |           Metal | Profiler DRAM buffers were full, markers were dropped! device 0, worker core 3, 2, Risc BRISC,  bufferEndIndex = 11872. Please either decrease the number of ops being profiled or run read device profiler more often (profiler.cpp:1532)
2026-06-02 02:26:58.493 | warning  |           Metal | Profiler DRAM buffers were full, markers were dropped! device 0, worker core 3, 2, Risc NCRISC,  bufferEndIndex = 11740. Please either decrease the number of ops being profiled or run read device profiler more often (profiler.cpp:1532)
2026-06-02 02:26:58.494 | warning  |           Metal | Profiler DRAM buffers were full, markers were dropped! device 0, worker core 3, 3, Risc BRISC,  bufferEndIndex = 11872. Please either decrease the number of ops being profiled or run read device profiler more often (profiler.cpp:1532)
2026-06-02 02:26:58.494 | warning  |           Metal | Profiler DRAM buffers were full, markers were dropped! device 0, worker core 3, 3, Risc NCRISC,  bufferEndIndex = 11740. Please either decrease the number of ops being profiled or run read device profiler more often (profiler.cpp:1532)
2026-06-02 02:26:58.494 | warning  |           Metal | Profiler DRAM buffers were full, markers were dropped! device 0, worker core 3, 4, Risc BRISC,  bufferEndIndex = 11872. Please either decrease the number of ops being profiled or run read device profiler more often (profiler.cpp:1532)
2026-06-02 02:26:58.495 | warning  |           Metal | Profiler DRAM buffers were full, markers were dropped! device 0, worker core 3, 4, Risc NCRISC,  bufferEndIndex = 11740. Please either decrease the number of ops being profiled or run read device profiler more often (profiler.cpp:1532)
2026-06-02 02:26:58.495 | warning  |           Metal | Profiler DRAM buffers were full, markers were dropped! device 0, worker core 3, 5, Risc BRISC,  bufferEndIndex = 11872. Please either decrease the number of ops being profiled or run read device profiler more often (profiler.cpp:1532)
2026-06-02 02:26:58.495 | warning  |           Metal | Profiler DRAM buffers were full, markers were dropped! device 0, worker core 3, 5, Risc NCRISC,  bufferEndIndex = 11740. Please either decrease the number of ops being profiled or run read device profiler more often (profiler.cpp:1532)
2026-06-02 02:26:58.496 | warning  |           Metal | Profiler DRAM buffers were full, markers were dropped! device 0, worker core 3, 6, Risc BRISC,  bufferEndIndex = 11872. Please either decrease the number of ops being profiled or run read device profiler more often (profiler.cpp:1532)
2026-06-02 02:26:58.496 | warning  |           Metal | Profiler DRAM buffers were full, markers were dropped! device 0, worker core 3, 6, Risc NCRISC,  bufferEndIndex = 11740. Please either decrease the number of ops being profiled or run read device profiler more often (profiler.cpp:1532)
2026-06-02 02:26:58.496 | warning  |           Metal | Profiler DRAM buffers were full, markers were dropped! device 0, worker core 3, 7, Risc BRISC,  bufferEndIndex = 11780. Please either decrease the number of ops being profiled or run read device profiler more often (profiler.cpp:1532)
2026-06-02 02:26:58.497 | warning  |           Metal | Profiler DRAM buffers were full, markers were dropped! device 0, worker core 3, 7, Risc NCRISC,  bufferEndIndex = 11992. Please either decrease the number of ops being profiled or run read device profiler more often (profiler.cpp:1532)
2026-06-02 02:26:58.497 | warning  |           Metal | Profiler DRAM buffers were full, markers were dropped! device 0, worker core 3, 8, Risc BRISC,  bufferEndIndex = 11780. Please either decrease the number of ops being profiled or run read device profiler more often (profiler.cpp:1532)
2026-06-02 02:26:58.498 | warning  |           Metal | Profiler DRAM buffers were full, markers were dropped! device 0, worker core 3, 8, Risc NCRISC,  bufferEndIndex = 11992. Please either decrease the number of ops being profiled or run read device profiler more often (profiler.cpp:1532)
2026-06-02 02:26:58.498 | warning  |           Metal | Profiler DRAM buffers were full, markers were dropped! device 0, worker core 3, 9, Risc BRISC,  bufferEndIndex = 11780. Please either decrease the number of ops being profiled or run read device profiler more often (profiler.cpp:1532)
2026-06-02 02:26:58.498 | warning  |           Metal | Profiler DRAM buffers were full, markers were dropped! device 0, worker core 3, 9, Risc NCRISC,  bufferEndIndex = 11992. Please either decrease the number of ops being profiled or run read device profiler more often (profiler.cpp:1532)
2026-06-02 02:26:58.499 | warning  |           Metal | Profiler DRAM buffers were full, markers were dropped! device 0, worker core 3, 10, Risc BRISC,  bufferEndIndex = 11780. Please either decrease the number of ops being profiled or run read device profiler more often (profiler.cpp:1532)
2026-06-02 02:26:58.499 | warning  |           Metal | Profiler DRAM buffers were full, markers were dropped! device 0, worker core 3, 10, Risc NCRISC,  bufferEndIndex = 11992. Please either decrease the number of ops being profiled or run read device profiler more often (profiler.cpp:1532)
2026-06-02 02:26:58.499 | warning  |           Metal | Profiler DRAM buffers were full, markers were dropped! device 0, worker core 3, 11, Risc BRISC,  bufferEndIndex = 11780. Please either decrease the number of ops being profiled or run read device profiler more often (profiler.cpp:1532)
2026-06-02 02:26:58.500 | warning  |           Metal | Profiler DRAM buffers were full, markers were dropped! device 0, worker core 3, 11, Risc NCRISC,  bufferEndIndex = 11992. Please either decrease the number of ops being profiled or run read device profiler more often (profiler.cpp:1532)
2026-06-02 02:26:58.500 | warning  |           Metal | Profiler DRAM buffers were full, markers were dropped! device 0, worker core 4, 2, Risc BRISC,  bufferEndIndex = 11872. Please either decrease the number of ops being profiled or run read device profiler more often (profiler.cpp:1532)
2026-06-02 02:26:58.500 | warning  |           Metal | Profiler DRAM buffers were full, markers were dropped! device 0, worker core 4, 2, Risc NCRISC,  bufferEndIndex = 11740. Please either decrease the number of ops being profiled or run read device profiler more often (profiler.cpp:1532)
2026-06-02 02:26:58.501 | warning  |           Metal | Profiler DRAM buffers were full, markers were dropped! device 0, worker core 4, 3, Risc BRISC,  bufferEndIndex = 11872. Please either decrease the number of ops being profiled or run read device profiler more often (profiler.cpp:1532)
2026-06-02 02:26:58.501 | warning  |           Metal | Profiler DRAM buffers were full, markers were dropped! device 0, worker core 4, 3, Risc NCRISC,  bufferEndIndex = 11740. Please either decrease the number of ops being profiled or run read device profiler more often (profiler.cpp:1532)
2026-06-02 02:26:58.501 | warning  |           Metal | Profiler DRAM buffers were full, markers were dropped! device 0, worker core 4, 4, Risc BRISC,  bufferEndIndex = 11872. Please either decrease the number of ops being profiled or run read device profiler more often (profiler.cpp:1532)
2026-06-02 02:26:58.502 | warning  |           Metal | Profiler DRAM buffers were full, markers were dropped! device 0, worker core 4, 4, Risc NCRISC,  bufferEndIndex = 11740. Please either decrease the number of ops being profiled or run read device profiler more often (profiler.cpp:1532)
2026-06-02 02:26:58.502 | warning  |           Metal | Profiler DRAM buffers were full, markers were dropped! device 0, worker core 4, 5, Risc BRISC,  bufferEndIndex = 11872. Please either decrease the number of ops being profiled or run read device profiler more often (profiler.cpp:1532)
2026-06-02 02:26:58.502 | warning  |           Metal | Profiler DRAM buffers were full, markers were dropped! device 0, worker core 4, 5, Risc NCRISC,  bufferEndIndex = 11740. Please either decrease the number of ops being profiled or run read device profiler more often (profiler.cpp:1532)
2026-06-02 02:26:58.503 | warning  |           Metal | Profiler DRAM buffers were full, markers were dropped! device 0, worker core 4, 6, Risc BRISC,  bufferEndIndex = 11872. Please either decrease the number of ops being profiled or run read device profiler more often (profiler.cpp:1532)
2026-06-02 02:26:58.503 | warning  |           Metal | Profiler DRAM buffers were full, markers were dropped! device 0, worker core 4, 6, Risc NCRISC,  bufferEndIndex = 11740. Please either decrease the number of ops being profiled or run read device profiler more often (profiler.cpp:1532)
2026-06-02 02:26:58.503 | warning  |           Metal | Profiler DRAM buffers were full, markers were dropped! device 0, worker core 4, 7, Risc BRISC,  bufferEndIndex = 11780. Please either decrease the number of ops being profiled or run read device profiler more often (profiler.cpp:1532)
2026-06-02 02:26:58.504 | warning  |           Metal | Profiler DRAM buffers were full, markers were dropped! device 0, worker core 4, 7, Risc NCRISC,  bufferEndIndex = 11992. Please either decrease the number of ops being profiled or run read device profiler more often (profiler.cpp:1532)
2026-06-02 02:26:58.504 | warning  |           Metal | Profiler DRAM buffers were full, markers were dropped! device 0, worker core 4, 8, Risc BRISC,  bufferEndIndex = 11780. Please either decrease the number of ops being profiled or run read device profiler more often (profiler.cpp:1532)
2026-06-02 02:26:58.505 | warning  |           Metal | Profiler DRAM buffers were full, markers were dropped! device 0, worker core 4, 8, Risc NCRISC,  bufferEndIndex = 11992. Please either decrease the number of ops being profiled or run read device profiler more often (profiler.cpp:1532)
2026-06-02 02:26:58.505 | warning  |           Metal | Profiler DRAM buffers were full, markers were dropped! device 0, worker core 4, 9, Risc BRISC,  bufferEndIndex = 11780. Please either decrease the number of ops being profiled or run read device profiler more often (profiler.cpp:1532)
2026-06-02 02:26:58.505 | warning  |           Metal | Profiler DRAM buffers were full, markers were dropped! device 0, worker core 4, 9, Risc NCRISC,  bufferEndIndex = 11992. Please either decrease the number of ops being profiled or run read device profiler more often (profiler.cpp:1532)
2026-06-02 02:26:58.506 | warning  |           Metal | Profiler DRAM buffers were full, markers were dropped! device 0, worker core 4, 10, Risc BRISC,  bufferEndIndex = 11780. Please either decrease the number of ops being profiled or run read device profiler more often (profiler.cpp:1532)
2026-06-02 02:26:58.506 | warning  |           Metal | Profiler DRAM buffers were full, markers were dropped! device 0, worker core 4, 10, Risc NCRISC,  bufferEndIndex = 11992. Please either decrease the number of ops being profiled or run read device profiler more often (profiler.cpp:1532)
2026-06-02 02:26:58.506 | warning  |           Metal | Profiler DRAM buffers were full, markers were dropped! device 0, worker core 4, 11, Risc BRISC,  bufferEndIndex = 11780. Please either decrease the number of ops being profiled or run read device profiler more often (profiler.cpp:1532)
2026-06-02 02:26:58.507 | warning  |           Metal | Profiler DRAM buffers were full, markers were dropped! device 0, worker core 4, 11, Risc NCRISC,  bufferEndIndex = 11992. Please either decrease the number of ops being profiled or run read device profiler more often (profiler.cpp:1532)
2026-06-02 02:26:58.507 | warning  |           Metal | Profiler DRAM buffers were full, markers were dropped! device 0, worker core 5, 2, Risc BRISC,  bufferEndIndex = 11872. Please either decrease the number of ops being profiled or run read device profiler more often (profiler.cpp:1532)
2026-06-02 02:26:58.507 | warning  |           Metal | Profiler DRAM buffers were full, markers were dropped! device 0, worker core 5, 2, Risc NCRISC,  bufferEndIndex = 11740. Please either decrease the number of ops being profiled or run read device profiler more often (profiler.cpp:1532)
2026-06-02 02:26:58.508 | warning  |           Metal | Profiler DRAM buffers were full, markers were dropped! device 0, worker core 5, 3, Risc BRISC,  bufferEndIndex = 11872. Please either decrease the number of ops being profiled or run read device profiler more often (profiler.cpp:1532)
2026-06-02 02:26:58.508 | warning  |           Metal | Profiler DRAM buffers were full, markers were dropped! device 0, worker core 5, 3, Risc NCRISC,  bufferEndIndex = 11740. Please either decrease the number of ops being profiled or run read device profiler more often (profiler.cpp:1532)
2026-06-02 02:26:58.508 | warning  |           Metal | Profiler DRAM buffers were full, markers were dropped! device 0, worker core 5, 4, Risc BRISC,  bufferEndIndex = 11872. Please either decrease the number of ops being profiled or run read device profiler more often (profiler.cpp:1532)
2026-06-02 02:26:58.509 | warning  |           Metal | Profiler DRAM buffers were full, markers were dropped! device 0, worker core 5, 4, Risc NCRISC,  bufferEndIndex = 11740. Please either decrease the number of ops being profiled or run read device profiler more often (profiler.cpp:1532)
2026-06-02 02:26:58.509 | warning  |           Metal | Profiler DRAM buffers were full, markers were dropped! device 0, worker core 5, 5, Risc BRISC,  bufferEndIndex = 11872. Please either decrease the number of ops being profiled or run read device profiler more often (profiler.cpp:1532)
2026-06-02 02:26:58.509 | warning  |           Metal | Profiler DRAM buffers were full, markers were dropped! device 0, worker core 5, 5, Risc NCRISC,  bufferEndIndex = 11740. Please either decrease the number of ops being profiled or run read device profiler more often (profiler.cpp:1532)
2026-06-02 02:26:58.510 | warning  |           Metal | Profiler DRAM buffers were full, markers were dropped! device 0, worker core 5, 6, Risc BRISC,  bufferEndIndex = 11872. Please either decrease the number of ops being profiled or run read device profiler more often (profiler.cpp:1532)
2026-06-02 02:26:58.510 | warning  |           Metal | Profiler DRAM buffers were full, markers were dropped! device 0, worker core 5, 6, Risc NCRISC,  bufferEndIndex = 11740. Please either decrease the number of ops being profiled or run read device profiler more often (profiler.cpp:1532)
2026-06-02 02:26:58.510 | warning  |           Metal | Profiler DRAM buffers were full, markers were dropped! device 0, worker core 5, 7, Risc BRISC,  bufferEndIndex = 11780. Please either decrease the number of ops being profiled or run read device profiler more often (profiler.cpp:1532)
2026-06-02 02:26:58.511 | warning  |           Metal | Profiler DRAM buffers were full, markers were dropped! device 0, worker core 5, 7, Risc NCRISC,  bufferEndIndex = 11992. Please either decrease the number of ops being profiled or run read device profiler more often (profiler.cpp:1532)
2026-06-02 02:26:58.511 | warning  |           Metal | Profiler DRAM buffers were full, markers were dropped! device 0, worker core 5, 8, Risc BRISC,  bufferEndIndex = 11780. Please either decrease the number of ops being profiled or run read device profiler more often (profiler.cpp:1532)
2026-06-02 02:26:58.511 | warning  |           Metal | Profiler DRAM buffers were full, markers were dropped! device 0, worker core 5, 8, Risc NCRISC,  bufferEndIndex = 11992. Please either decrease the number of ops being profiled or run read device profiler more often (profiler.cpp:1532)
2026-06-02 02:26:58.512 | warning  |           Metal | Profiler DRAM buffers were full, markers were dropped! device 0, worker core 5, 9, Risc BRISC,  bufferEndIndex = 11780. Please either decrease the number of ops being profiled or run read device profiler more often (profiler.cpp:1532)
2026-06-02 02:26:58.512 | warning  |           Metal | Profiler DRAM buffers were full, markers were dropped! device 0, worker core 5, 9, Risc NCRISC,  bufferEndIndex = 11992. Please either decrease the number of ops being profiled or run read device profiler more often (profiler.cpp:1532)
2026-06-02 02:26:58.513 | warning  |           Metal | Profiler DRAM buffers were full, markers were dropped! device 0, worker core 5, 10, Risc BRISC,  bufferEndIndex = 11780. Please either decrease the number of ops being profiled or run read device profiler more often (profiler.cpp:1532)
2026-06-02 02:26:58.513 | warning  |           Metal | Profiler DRAM buffers were full, markers were dropped! device 0, worker core 5, 10, Risc NCRISC,  bufferEndIndex = 11992. Please either decrease the number of ops being profiled or run read device profiler more often (profiler.cpp:1532)
2026-06-02 02:26:58.513 | warning  |           Metal | Profiler DRAM buffers were full, markers were dropped! device 0, worker core 5, 11, Risc BRISC,  bufferEndIndex = 11780. Please either decrease the number of ops being profiled or run read device profiler more often (profiler.cpp:1532)
2026-06-02 02:26:58.514 | warning  |           Metal | Profiler DRAM buffers were full, markers were dropped! device 0, worker core 5, 11, Risc NCRISC,  bufferEndIndex = 11992. Please either decrease the number of ops being profiled or run read device profiler more often (profiler.cpp:1532)
2026-06-02 02:26:58.514 | warning  |           Metal | Profiler DRAM buffers were full, markers were dropped! device 0, worker core 6, 2, Risc BRISC,  bufferEndIndex = 11872. Please either decrease the number of ops being profiled or run read device profiler more often (profiler.cpp:1532)
2026-06-02 02:26:58.514 | warning  |           Metal | Profiler DRAM buffers were full, markers were dropped! device 0, worker core 6, 2, Risc NCRISC,  bufferEndIndex = 11740. Please either decrease the number of ops being profiled or run read device profiler more often (profiler.cpp:1532)
2026-06-02 02:26:58.515 | warning  |           Metal | Profiler DRAM buffers were full, markers were dropped! device 0, worker core 6, 3, Risc BRISC,  bufferEndIndex = 11872. Please either decrease the number of ops being profiled or run read device profiler more often (profiler.cpp:1532)
2026-06-02 02:26:58.515 | warning  |           Metal | Profiler DRAM buffers were full, markers were dropped! device 0, worker core 6, 3, Risc NCRISC,  bufferEndIndex = 11740. Please either decrease the number of ops being profiled or run read device profiler more often (profiler.cpp:1532)
2026-06-02 02:26:58.515 | warning  |           Metal | Profiler DRAM buffers were full, markers were dropped! device 0, worker core 6, 4, Risc BRISC,  bufferEndIndex = 11872. Please either decrease the number of ops being profiled or run read device profiler more often (profiler.cpp:1532)
2026-06-02 02:26:58.516 | warning  |           Metal | Profiler DRAM buffers were full, markers were dropped! device 0, worker core 6, 4, Risc NCRISC,  bufferEndIndex = 11740. Please either decrease the number of ops being profiled or run read device profiler more often (profiler.cpp:1532)
2026-06-02 02:26:58.516 | warning  |           Metal | Profiler DRAM buffers were full, markers were dropped! device 0, worker core 6, 5, Risc BRISC,  bufferEndIndex = 11872. Please either decrease the number of ops being profiled or run read device profiler more often (profiler.cpp:1532)
2026-06-02 02:26:58.516 | warning  |           Metal | Profiler DRAM buffers were full, markers were dropped! device 0, worker core 6, 5, Risc NCRISC,  bufferEndIndex = 11740. Please either decrease the number of ops being profiled or run read device profiler more often (profiler.cpp:1532)
2026-06-02 02:26:58.517 | warning  |           Metal | Profiler DRAM buffers were full, markers were dropped! device 0, worker core 6, 6, Risc BRISC,  bufferEndIndex = 11780. Please either decrease the number of ops being profiled or run read device profiler more often (profiler.cpp:1532)
2026-06-02 02:26:58.517 | warning  |           Metal | Profiler DRAM buffers were full, markers were dropped! device 0, worker core 6, 6, Risc NCRISC,  bufferEndIndex = 11992. Please either decrease the number of ops being profiled or run read device profiler more often (profiler.cpp:1532)
2026-06-02 02:26:58.517 | warning  |           Metal | Profiler DRAM buffers were full, markers were dropped! device 0, worker core 6, 7, Risc BRISC,  bufferEndIndex = 11780. Please either decrease the number of ops being profiled or run read device profiler more often (profiler.cpp:1532)
2026-06-02 02:26:58.518 | warning  |           Metal | Profiler DRAM buffers were full, markers were dropped! device 0, worker core 6, 7, Risc NCRISC,  bufferEndIndex = 11992. Please either decrease the number of ops being profiled or run read device profiler more often (profiler.cpp:1532)
2026-06-02 02:26:58.518 | warning  |           Metal | Profiler DRAM buffers were full, markers were dropped! device 0, worker core 6, 8, Risc BRISC,  bufferEndIndex = 11780. Please either decrease the number of ops being profiled or run read device profiler more often (profiler.cpp:1532)
2026-06-02 02:26:58.518 | warning  |           Metal | Profiler DRAM buffers were full, markers were dropped! device 0, worker core 6, 8, Risc NCRISC,  bufferEndIndex = 11992. Please either decrease the number of ops being profiled or run read device profiler more often (profiler.cpp:1532)
2026-06-02 02:26:58.519 | warning  |           Metal | Profiler DRAM buffers were full, markers were dropped! device 0, worker core 6, 9, Risc BRISC,  bufferEndIndex = 11780. Please either decrease the number of ops being profiled or run read device profiler more often (profiler.cpp:1532)
2026-06-02 02:26:58.519 | warning  |           Metal | Profiler DRAM buffers were full, markers were dropped! device 0, worker core 6, 9, Risc NCRISC,  bufferEndIndex = 11992. Please either decrease the number of ops being profiled or run read device profiler more often (profiler.cpp:1532)
2026-06-02 02:26:58.520 | warning  |           Metal | Profiler DRAM buffers were full, markers were dropped! device 0, worker core 6, 10, Risc BRISC,  bufferEndIndex = 11780. Please either decrease the number of ops being profiled or run read device profiler more often (profiler.cpp:1532)
2026-06-02 02:26:58.520 | warning  |           Metal | Profiler DRAM buffers were full, markers were dropped! device 0, worker core 6, 10, Risc NCRISC,  bufferEndIndex = 11992. Please either decrease the number of ops being profiled or run read device profiler more often (profiler.cpp:1532)
2026-06-02 02:26:58.520 | warning  |           Metal | Profiler DRAM buffers were full, markers were dropped! device 0, worker core 6, 11, Risc BRISC,  bufferEndIndex = 11780. Please either decrease the number of ops being profiled or run read device profiler more often (profiler.cpp:1532)
2026-06-02 02:26:58.521 | warning  |           Metal | Profiler DRAM buffers were full, markers were dropped! device 0, worker core 6, 11, Risc NCRISC,  bufferEndIndex = 11992. Please either decrease the number of ops being profiled or run read device profiler more often (profiler.cpp:1532)
2026-06-02 02:26:58.521 | warning  |           Metal | Profiler DRAM buffers were full, markers were dropped! device 0, worker core 7, 2, Risc BRISC,  bufferEndIndex = 11872. Please either decrease the number of ops being profiled or run read device profiler more often (profiler.cpp:1532)
2026-06-02 02:26:58.521 | warning  |           Metal | Profiler DRAM buffers were full, markers were dropped! device 0, worker core 7, 2, Risc NCRISC,  bufferEndIndex = 11740. Please either decrease the number of ops being profiled or run read device profiler more often (profiler.cpp:1532)
2026-06-02 02:26:58.522 | warning  |           Metal | Profiler DRAM buffers were full, markers were dropped! device 0, worker core 7, 3, Risc BRISC,  bufferEndIndex = 11872. Please either decrease the number of ops being profiled or run read device profiler more often (profiler.cpp:1532)
2026-06-02 02:26:58.522 | warning  |           Metal | Profiler DRAM buffers were full, markers were dropped! device 0, worker core 7, 3, Risc NCRISC,  bufferEndIndex = 11740. Please either decrease the number of ops being profiled or run read device profiler more often (profiler.cpp:1532)
2026-06-02 02:26:58.522 | warning  |           Metal | Profiler DRAM buffers were full, markers were dropped! device 0, worker core 7, 4, Risc BRISC,  bufferEndIndex = 11872. Please either decrease the number of ops being profiled or run read device profiler more often (profiler.cpp:1532)
2026-06-02 02:26:58.523 | warning  |           Metal | Profiler DRAM buffers were full, markers were dropped! device 0, worker core 7, 4, Risc NCRISC,  bufferEndIndex = 11740. Please either decrease the number of ops being profiled or run read device profiler more often (profiler.cpp:1532)
2026-06-02 02:26:58.523 | warning  |           Metal | Profiler DRAM buffers were full, markers were dropped! device 0, worker core 7, 5, Risc BRISC,  bufferEndIndex = 11872. Please either decrease the number of ops being profiled or run read device profiler more often (profiler.cpp:1532)
2026-06-02 02:26:58.523 | warning  |           Metal | Profiler DRAM buffers were full, markers were dropped! device 0, worker core 7, 5, Risc NCRISC,  bufferEndIndex = 11740. Please either decrease the number of ops being profiled or run read device profiler more often (profiler.cpp:1532)
2026-06-02 02:26:58.524 | warning  |           Metal | Profiler DRAM buffers were full, markers were dropped! device 0, worker core 7, 6, Risc BRISC,  bufferEndIndex = 11780. Please either decrease the number of ops being profiled or run read device profiler more often (profiler.cpp:1532)
2026-06-02 02:26:58.524 | warning  |           Metal | Profiler DRAM buffers were full, markers were dropped! device 0, worker core 7, 6, Risc NCRISC,  bufferEndIndex = 11992. Please either decrease the number of ops being profiled or run read device profiler more often (profiler.cpp:1532)
2026-06-02 02:26:58.524 | warning  |           Metal | Profiler DRAM buffers were full, markers were dropped! device 0, worker core 7, 7, Risc BRISC,  bufferEndIndex = 11780. Please either decrease the number of ops being profiled or run read device profiler more often (profiler.cpp:1532)
2026-06-02 02:26:58.525 | warning  |           Metal | Profiler DRAM buffers were full, markers were dropped! device 0, worker core 7, 7, Risc NCRISC,  bufferEndIndex = 11992. Please either decrease the number of ops being profiled or run read device profiler more often (profiler.cpp:1532)
2026-06-02 02:26:58.525 | warning  |           Metal | Profiler DRAM buffers were full, markers were dropped! device 0, worker core 7, 8, Risc BRISC,  bufferEndIndex = 11780. Please either decrease the number of ops being profiled or run read device profiler more often (profiler.cpp:1532)
2026-06-02 02:26:58.525 | warning  |           Metal | Profiler DRAM buffers were full, markers were dropped! device 0, worker core 7, 8, Risc NCRISC,  bufferEndIndex = 11992. Please either decrease the number of ops being profiled or run read device profiler more often (profiler.cpp:1532)
2026-06-02 02:26:58.526 | warning  |           Metal | Profiler DRAM buffers were full, markers were dropped! device 0, worker core 7, 9, Risc BRISC,  bufferEndIndex = 11780. Please either decrease the number of ops being profiled or run read device profiler more often (profiler.cpp:1532)
2026-06-02 02:26:58.526 | warning  |           Metal | Profiler DRAM buffers were full, markers were dropped! device 0, worker core 7, 9, Risc NCRISC,  bufferEndIndex = 11992. Please either decrease the number of ops being profiled or run read device profiler more often (profiler.cpp:1532)
2026-06-02 02:26:58.526 | warning  |           Metal | Profiler DRAM buffers were full, markers were dropped! device 0, worker core 7, 10, Risc BRISC,  bufferEndIndex = 11780. Please either decrease the number of ops being profiled or run read device profiler more often (profiler.cpp:1532)
2026-06-02 02:26:58.527 | warning  |           Metal | Profiler DRAM buffers were full, markers were dropped! device 0, worker core 7, 10, Risc NCRISC,  bufferEndIndex = 11992. Please either decrease the number of ops being profiled or run read device profiler more often (profiler.cpp:1532)
2026-06-02 02:26:58.527 | warning  |           Metal | Profiler DRAM buffers were full, markers were dropped! device 0, worker core 7, 11, Risc BRISC,  bufferEndIndex = 11780. Please either decrease the number of ops being profiled or run read device profiler more often (profiler.cpp:1532)
2026-06-02 02:26:58.528 | warning  |           Metal | Profiler DRAM buffers were full, markers were dropped! device 0, worker core 7, 11, Risc NCRISC,  bufferEndIndex = 11992. Please either decrease the number of ops being profiled or run read device profiler more often (profiler.cpp:1532)
2026-06-02 02:26:58.528 | warning  |           Metal | Profiler DRAM buffers were full, markers were dropped! device 0, worker core 10, 2, Risc BRISC,  bufferEndIndex = 11872. Please either decrease the number of ops being profiled or run read device profiler more often (profiler.cpp:1532)
2026-06-02 02:26:58.528 | warning  |           Metal | Profiler DRAM buffers were full, markers were dropped! device 0, worker core 10, 2, Risc NCRISC,  bufferEndIndex = 11740. Please either decrease the number of ops being profiled or run read device profiler more often (profiler.cpp:1532)
2026-06-02 02:26:58.529 | warning  |           Metal | Profiler DRAM buffers were full, markers were dropped! device 0, worker core 10, 3, Risc BRISC,  bufferEndIndex = 11872. Please either decrease the number of ops being profiled or run read device profiler more often (profiler.cpp:1532)
2026-06-02 02:26:58.529 | warning  |           Metal | Profiler DRAM buffers were full, markers were dropped! device 0, worker core 10, 3, Risc NCRISC,  bufferEndIndex = 11740. Please either decrease the number of ops being profiled or run read device profiler more often (profiler.cpp:1532)
2026-06-02 02:26:58.529 | warning  |           Metal | Profiler DRAM buffers were full, markers were dropped! device 0, worker core 10, 4, Risc BRISC,  bufferEndIndex = 11872. Please either decrease the number of ops being profiled or run read device profiler more often (profiler.cpp:1532)
2026-06-02 02:26:58.530 | warning  |           Metal | Profiler DRAM buffers were full, markers were dropped! device 0, worker core 10, 4, Risc NCRISC,  bufferEndIndex = 11740. Please either decrease the number of ops being profiled or run read device profiler more often (profiler.cpp:1532)
2026-06-02 02:26:58.530 | warning  |           Metal | Profiler DRAM buffers were full, markers were dropped! device 0, worker core 10, 5, Risc BRISC,  bufferEndIndex = 11872. Please either decrease the number of ops being profiled or run read device profiler more often (profiler.cpp:1532)
2026-06-02 02:26:58.530 | warning  |           Metal | Profiler DRAM buffers were full, markers were dropped! device 0, worker core 10, 5, Risc NCRISC,  bufferEndIndex = 11740. Please either decrease the number of ops being profiled or run read device profiler more often (profiler.cpp:1532)
2026-06-02 02:26:58.531 | warning  |           Metal | Profiler DRAM buffers were full, markers were dropped! device 0, worker core 10, 6, Risc BRISC,  bufferEndIndex = 11780. Please either decrease the number of ops being profiled or run read device profiler more often (profiler.cpp:1532)
2026-06-02 02:26:58.531 | warning  |           Metal | Profiler DRAM buffers were full, markers were dropped! device 0, worker core 10, 6, Risc NCRISC,  bufferEndIndex = 11992. Please either decrease the number of ops being profiled or run read device profiler more often (profiler.cpp:1532)
2026-06-02 02:26:58.531 | warning  |           Metal | Profiler DRAM buffers were full, markers were dropped! device 0, worker core 10, 7, Risc BRISC,  bufferEndIndex = 11780. Please either decrease the number of ops being profiled or run read device profiler more often (profiler.cpp:1532)
2026-06-02 02:26:58.532 | warning  |           Metal | Profiler DRAM buffers were full, markers were dropped! device 0, worker core 10, 7, Risc NCRISC,  bufferEndIndex = 11992. Please either decrease the number of ops being profiled or run read device profiler more often (profiler.cpp:1532)
2026-06-02 02:26:58.532 | warning  |           Metal | Profiler DRAM buffers were full, markers were dropped! device 0, worker core 10, 8, Risc BRISC,  bufferEndIndex = 11780. Please either decrease the number of ops being profiled or run read device profiler more often (profiler.cpp:1532)
2026-06-02 02:26:58.532 | warning  |           Metal | Profiler DRAM buffers were full, markers were dropped! device 0, worker core 10, 8, Risc NCRISC,  bufferEndIndex = 11992. Please either decrease the number of ops being profiled or run read device profiler more often (profiler.cpp:1532)
2026-06-02 02:26:58.533 | warning  |           Metal | Profiler DRAM buffers were full, markers were dropped! device 0, worker core 10, 9, Risc BRISC,  bufferEndIndex = 11780. Please either decrease the number of ops being profiled or run read device profiler more often (profiler.cpp:1532)
2026-06-02 02:26:58.533 | warning  |           Metal | Profiler DRAM buffers were full, markers were dropped! device 0, worker core 10, 9, Risc NCRISC,  bufferEndIndex = 11992. Please either decrease the number of ops being profiled or run read device profiler more often (profiler.cpp:1532)
2026-06-02 02:26:58.533 | warning  |           Metal | Profiler DRAM buffers were full, markers were dropped! device 0, worker core 10, 10, Risc BRISC,  bufferEndIndex = 11780. Please either decrease the number of ops being profiled or run read device profiler more often (profiler.cpp:1532)
2026-06-02 02:26:58.534 | warning  |           Metal | Profiler DRAM buffers were full, markers were dropped! device 0, worker core 10, 10, Risc NCRISC,  bufferEndIndex = 11992. Please either decrease the number of ops being profiled or run read device profiler more often (profiler.cpp:1532)
2026-06-02 02:26:58.534 | warning  |           Metal | Profiler DRAM buffers were full, markers were dropped! device 0, worker core 10, 11, Risc BRISC,  bufferEndIndex = 11780. Please either decrease the number of ops being profiled or run read device profiler more often (profiler.cpp:1532)
2026-06-02 02:26:58.535 | warning  |           Metal | Profiler DRAM buffers were full, markers were dropped! device 0, worker core 10, 11, Risc NCRISC,  bufferEndIndex = 11992. Please either decrease the number of ops being profiled or run read device profiler more often (profiler.cpp:1532)
2026-06-02 02:26:58.535 | warning  |           Metal | Profiler DRAM buffers were full, markers were dropped! device 0, worker core 11, 2, Risc BRISC,  bufferEndIndex = 11872. Please either decrease the number of ops being profiled or run read device profiler more often (profiler.cpp:1532)
2026-06-02 02:26:58.535 | warning  |           Metal | Profiler DRAM buffers were full, markers were dropped! device 0, worker core 11, 2, Risc NCRISC,  bufferEndIndex = 11740. Please either decrease the number of ops being profiled or run read device profiler more often (profiler.cpp:1532)
2026-06-02 02:26:58.536 | warning  |           Metal | Profiler DRAM buffers were full, markers were dropped! device 0, worker core 11, 3, Risc BRISC,  bufferEndIndex = 11872. Please either decrease the number of ops being profiled or run read device profiler more often (profiler.cpp:1532)
2026-06-02 02:26:58.536 | warning  |           Metal | Profiler DRAM buffers were full, markers were dropped! device 0, worker core 11, 3, Risc NCRISC,  bufferEndIndex = 11740. Please either decrease the number of ops being profiled or run read device profiler more often (profiler.cpp:1532)
2026-06-02 02:26:58.536 | warning  |           Metal | Profiler DRAM buffers were full, markers were dropped! device 0, worker core 11, 4, Risc BRISC,  bufferEndIndex = 11872. Please either decrease the number of ops being profiled or run read device profiler more often (profiler.cpp:1532)
2026-06-02 02:26:58.537 | warning  |           Metal | Profiler DRAM buffers were full, markers were dropped! device 0, worker core 11, 4, Risc NCRISC,  bufferEndIndex = 11740. Please either decrease the number of ops being profiled or run read device profiler more often (profiler.cpp:1532)
2026-06-02 02:26:58.537 | warning  |           Metal | Profiler DRAM buffers were full, markers were dropped! device 0, worker core 11, 5, Risc BRISC,  bufferEndIndex = 11872. Please either decrease the number of ops being profiled or run read device profiler more often (profiler.cpp:1532)
2026-06-02 02:26:58.537 | warning  |           Metal | Profiler DRAM buffers were full, markers were dropped! device 0, worker core 11, 5, Risc NCRISC,  bufferEndIndex = 11740. Please either decrease the number of ops being profiled or run read device profiler more often (profiler.cpp:1532)
2026-06-02 02:26:58.538 | warning  |           Metal | Profiler DRAM buffers were full, markers were dropped! device 0, worker core 11, 6, Risc BRISC,  bufferEndIndex = 11780. Please either decrease the number of ops being profiled or run read device profiler more often (profiler.cpp:1532)
2026-06-02 02:26:58.538 | warning  |           Metal | Profiler DRAM buffers were full, markers were dropped! device 0, worker core 11, 6, Risc NCRISC,  bufferEndIndex = 11992. Please either decrease the number of ops being profiled or run read device profiler more often (profiler.cpp:1532)
2026-06-02 02:26:58.538 | warning  |           Metal | Profiler DRAM buffers were full, markers were dropped! device 0, worker core 11, 7, Risc BRISC,  bufferEndIndex = 11780. Please either decrease the number of ops being profiled or run read device profiler more often (profiler.cpp:1532)
2026-06-02 02:26:58.539 | warning  |           Metal | Profiler DRAM buffers were full, markers were dropped! device 0, worker core 11, 7, Risc NCRISC,  bufferEndIndex = 11992. Please either decrease the number of ops being profiled or run read device profiler more often (profiler.cpp:1532)
2026-06-02 02:26:58.539 | warning  |           Metal | Profiler DRAM buffers were full, markers were dropped! device 0, worker core 11, 8, Risc BRISC,  bufferEndIndex = 11780. Please either decrease the number of ops being profiled or run read device profiler more often (profiler.cpp:1532)
2026-06-02 02:26:58.539 | warning  |           Metal | Profiler DRAM buffers were full, markers were dropped! device 0, worker core 11, 8, Risc NCRISC,  bufferEndIndex = 11992. Please either decrease the number of ops being profiled or run read device profiler more often (profiler.cpp:1532)
2026-06-02 02:26:58.540 | warning  |           Metal | Profiler DRAM buffers were full, markers were dropped! device 0, worker core 11, 9, Risc BRISC,  bufferEndIndex = 11780. Please either decrease the number of ops being profiled or run read device profiler more often (profiler.cpp:1532)
2026-06-02 02:26:58.540 | warning  |           Metal | Profiler DRAM buffers were full, markers were dropped! device 0, worker core 11, 9, Risc NCRISC,  bufferEndIndex = 11992. Please either decrease the number of ops being profiled or run read device profiler more often (profiler.cpp:1532)
2026-06-02 02:26:58.540 | warning  |           Metal | Profiler DRAM buffers were full, markers were dropped! device 0, worker core 11, 10, Risc BRISC,  bufferEndIndex = 11780. Please either decrease the number of ops being profiled or run read device profiler more often (profiler.cpp:1532)
2026-06-02 02:26:58.541 | warning  |           Metal | Profiler DRAM buffers were full, markers were dropped! device 0, worker core 11, 10, Risc NCRISC,  bufferEndIndex = 11992. Please either decrease the number of ops being profiled or run read device profiler more often (profiler.cpp:1532)
2026-06-02 02:26:58.541 | warning  |           Metal | Profiler DRAM buffers were full, markers were dropped! device 0, worker core 11, 11, Risc BRISC,  bufferEndIndex = 11780. Please either decrease the number of ops being profiled or run read device profiler more often (profiler.cpp:1532)
2026-06-02 02:26:58.542 | warning  |           Metal | Profiler DRAM buffers were full, markers were dropped! device 0, worker core 11, 11, Risc NCRISC,  bufferEndIndex = 11992. Please either decrease the number of ops being profiled or run read device profiler more often (profiler.cpp:1532)
2026-06-02 02:26:58.542 | warning  |           Metal | Profiler DRAM buffers were full, markers were dropped! device 0, worker core 12, 2, Risc BRISC,  bufferEndIndex = 11872. Please either decrease the number of ops being profiled or run read device profiler more often (profiler.cpp:1532)
2026-06-02 02:26:58.542 | warning  |           Metal | Profiler DRAM buffers were full, markers were dropped! device 0, worker core 12, 2, Risc NCRISC,  bufferEndIndex = 11740. Please either decrease the number of ops being profiled or run read device profiler more often (profiler.cpp:1532)
2026-06-02 02:26:58.543 | warning  |           Metal | Profiler DRAM buffers were full, markers were dropped! device 0, worker core 12, 3, Risc BRISC,  bufferEndIndex = 11872. Please either decrease the number of ops being profiled or run read device profiler more often (profiler.cpp:1532)
2026-06-02 02:26:58.543 | warning  |           Metal | Profiler DRAM buffers were full, markers were dropped! device 0, worker core 12, 3, Risc NCRISC,  bufferEndIndex = 11740. Please either decrease the number of ops being profiled or run read device profiler more often (profiler.cpp:1532)
2026-06-02 02:26:58.543 | warning  |           Metal | Profiler DRAM buffers were full, markers were dropped! device 0, worker core 12, 4, Risc BRISC,  bufferEndIndex = 11872. Please either decrease the number of ops being profiled or run read device profiler more often (profiler.cpp:1532)
2026-06-02 02:26:58.544 | warning  |           Metal | Profiler DRAM buffers were full, markers were dropped! device 0, worker core 12, 4, Risc NCRISC,  bufferEndIndex = 11740. Please either decrease the number of ops being profiled or run read device profiler more often (profiler.cpp:1532)
2026-06-02 02:26:58.544 | warning  |           Metal | Profiler DRAM buffers were full, markers were dropped! device 0, worker core 12, 5, Risc BRISC,  bufferEndIndex = 11872. Please either decrease the number of ops being profiled or run read device profiler more often (profiler.cpp:1532)
2026-06-02 02:26:58.544 | warning  |           Metal | Profiler DRAM buffers were full, markers were dropped! device 0, worker core 12, 5, Risc NCRISC,  bufferEndIndex = 11740. Please either decrease the number of ops being profiled or run read device profiler more often (profiler.cpp:1532)
2026-06-02 02:26:58.545 | warning  |           Metal | Profiler DRAM buffers were full, markers were dropped! device 0, worker core 12, 6, Risc BRISC,  bufferEndIndex = 11780. Please either decrease the number of ops being profiled or run read device profiler more often (profiler.cpp:1532)
2026-06-02 02:26:58.545 | warning  |           Metal | Profiler DRAM buffers were full, markers were dropped! device 0, worker core 12, 6, Risc NCRISC,  bufferEndIndex = 11992. Please either decrease the number of ops being profiled or run read device profiler more often (profiler.cpp:1532)
2026-06-02 02:26:58.545 | warning  |           Metal | Profiler DRAM buffers were full, markers were dropped! device 0, worker core 12, 7, Risc BRISC,  bufferEndIndex = 11780. Please either decrease the number of ops being profiled or run read device profiler more often (profiler.cpp:1532)
2026-06-02 02:26:58.546 | warning  |           Metal | Profiler DRAM buffers were full, markers were dropped! device 0, worker core 12, 7, Risc NCRISC,  bufferEndIndex = 11992. Please either decrease the number of ops being profiled or run read device profiler more often (profiler.cpp:1532)
2026-06-02 02:26:58.546 | warning  |           Metal | Profiler DRAM buffers were full, markers were dropped! device 0, worker core 12, 8, Risc BRISC,  bufferEndIndex = 11780. Please either decrease the number of ops being profiled or run read device profiler more often (profiler.cpp:1532)
2026-06-02 02:26:58.546 | warning  |           Metal | Profiler DRAM buffers were full, markers were dropped! device 0, worker core 12, 8, Risc NCRISC,  bufferEndIndex = 11992. Please either decrease the number of ops being profiled or run read device profiler more often (profiler.cpp:1532)
2026-06-02 02:26:58.547 | warning  |           Metal | Profiler DRAM buffers were full, markers were dropped! device 0, worker core 12, 9, Risc BRISC,  bufferEndIndex = 11780. Please either decrease the number of ops being profiled or run read device profiler more often (profiler.cpp:1532)
2026-06-02 02:26:58.547 | warning  |           Metal | Profiler DRAM buffers were full, markers were dropped! device 0, worker core 12, 9, Risc NCRISC,  bufferEndIndex = 11992. Please either decrease the number of ops being profiled or run read device profiler more often (profiler.cpp:1532)
2026-06-02 02:26:58.547 | warning  |           Metal | Profiler DRAM buffers were full, markers were dropped! device 0, worker core 12, 10, Risc BRISC,  bufferEndIndex = 11780. Please either decrease the number of ops being profiled or run read device profiler more often (profiler.cpp:1532)
2026-06-02 02:26:58.548 | warning  |           Metal | Profiler DRAM buffers were full, markers were dropped! device 0, worker core 12, 10, Risc NCRISC,  bufferEndIndex = 11992. Please either decrease the number of ops being profiled or run read device profiler more often (profiler.cpp:1532)
2026-06-02 02:26:58.548 | warning  |           Metal | Profiler DRAM buffers were full, markers were dropped! device 0, worker core 12, 11, Risc BRISC,  bufferEndIndex = 11780. Please either decrease the number of ops being profiled or run read device profiler more often (profiler.cpp:1532)
2026-06-02 02:26:58.548 | warning  |           Metal | Profiler DRAM buffers were full, markers were dropped! device 0, worker core 12, 11, Risc NCRISC,  bufferEndIndex = 11992. Please either decrease the number of ops being profiled or run read device profiler more often (profiler.cpp:1532)
2026-06-02 02:26:58.549 | warning  |           Metal | Profiler DRAM buffers were full, markers were dropped! device 0, worker core 13, 2, Risc BRISC,  bufferEndIndex = 11872. Please either decrease the number of ops being profiled or run read device profiler more often (profiler.cpp:1532)
2026-06-02 02:26:58.549 | warning  |           Metal | Profiler DRAM buffers were full, markers were dropped! device 0, worker core 13, 2, Risc NCRISC,  bufferEndIndex = 11740. Please either decrease the number of ops being profiled or run read device profiler more often (profiler.cpp:1532)
2026-06-02 02:26:58.550 | warning  |           Metal | Profiler DRAM buffers were full, markers were dropped! device 0, worker core 13, 3, Risc BRISC,  bufferEndIndex = 11872. Please either decrease the number of ops being profiled or run read device profiler more often (profiler.cpp:1532)
2026-06-02 02:26:58.550 | warning  |           Metal | Profiler DRAM buffers were full, markers were dropped! device 0, worker core 13, 3, Risc NCRISC,  bufferEndIndex = 11740. Please either decrease the number of ops being profiled or run read device profiler more often (profiler.cpp:1532)
2026-06-02 02:26:58.550 | warning  |           Metal | Profiler DRAM buffers were full, markers were dropped! device 0, worker core 13, 4, Risc BRISC,  bufferEndIndex = 11872. Please either decrease the number of ops being profiled or run read device profiler more often (profiler.cpp:1532)
2026-06-02 02:26:58.551 | warning  |           Metal | Profiler DRAM buffers were full, markers were dropped! device 0, worker core 13, 4, Risc NCRISC,  bufferEndIndex = 11740. Please either decrease the number of ops being profiled or run read device profiler more often (profiler.cpp:1532)
2026-06-02 02:26:58.551 | warning  |           Metal | Profiler DRAM buffers were full, markers were dropped! device 0, worker core 13, 5, Risc BRISC,  bufferEndIndex = 11872. Please either decrease the number of ops being profiled or run read device profiler more often (profiler.cpp:1532)
2026-06-02 02:26:58.551 | warning  |           Metal | Profiler DRAM buffers were full, markers were dropped! device 0, worker core 13, 5, Risc NCRISC,  bufferEndIndex = 11740. Please either decrease the number of ops being profiled or run read device profiler more often (profiler.cpp:1532)
2026-06-02 02:26:58.552 | warning  |           Metal | Profiler DRAM buffers were full, markers were dropped! device 0, worker core 13, 6, Risc BRISC,  bufferEndIndex = 11780. Please either decrease the number of ops being profiled or run read device profiler more often (profiler.cpp:1532)
2026-06-02 02:26:58.552 | warning  |           Metal | Profiler DRAM buffers were full, markers were dropped! device 0, worker core 13, 6, Risc NCRISC,  bufferEndIndex = 11992. Please either decrease the number of ops being profiled or run read device profiler more often (profiler.cpp:1532)
2026-06-02 02:26:58.552 | warning  |           Metal | Profiler DRAM buffers were full, markers were dropped! device 0, worker core 13, 7, Risc BRISC,  bufferEndIndex = 11780. Please either decrease the number of ops being profiled or run read device profiler more often (profiler.cpp:1532)
2026-06-02 02:26:58.553 | warning  |           Metal | Profiler DRAM buffers were full, markers were dropped! device 0, worker core 13, 7, Risc NCRISC,  bufferEndIndex = 11992. Please either decrease the number of ops being profiled or run read device profiler more often (profiler.cpp:1532)
2026-06-02 02:26:58.553 | warning  |           Metal | Profiler DRAM buffers were full, markers were dropped! device 0, worker core 13, 8, Risc BRISC,  bufferEndIndex = 11780. Please either decrease the number of ops being profiled or run read device profiler more often (profiler.cpp:1532)
2026-06-02 02:26:58.553 | warning  |           Metal | Profiler DRAM buffers were full, markers were dropped! device 0, worker core 13, 8, Risc NCRISC,  bufferEndIndex = 11992. Please either decrease the number of ops being profiled or run read device profiler more often (profiler.cpp:1532)
2026-06-02 02:26:58.554 | warning  |           Metal | Profiler DRAM buffers were full, markers were dropped! device 0, worker core 13, 9, Risc BRISC,  bufferEndIndex = 11780. Please either decrease the number of ops being profiled or run read device profiler more often (profiler.cpp:1532)
2026-06-02 02:26:58.554 | warning  |           Metal | Profiler DRAM buffers were full, markers were dropped! device 0, worker core 13, 9, Risc NCRISC,  bufferEndIndex = 11992. Please either decrease the number of ops being profiled or run read device profiler more often (profiler.cpp:1532)
2026-06-02 02:26:58.554 | warning  |           Metal | Profiler DRAM buffers were full, markers were dropped! device 0, worker core 13, 10, Risc BRISC,  bufferEndIndex = 11780. Please either decrease the number of ops being profiled or run read device profiler more often (profiler.cpp:1532)
2026-06-02 02:26:58.555 | warning  |           Metal | Profiler DRAM buffers were full, markers were dropped! device 0, worker core 13, 10, Risc NCRISC,  bufferEndIndex = 11992. Please either decrease the number of ops being profiled or run read device profiler more often (profiler.cpp:1532)
2026-06-02 02:26:58.555 | warning  |           Metal | Profiler DRAM buffers were full, markers were dropped! device 0, worker core 13, 11, Risc BRISC,  bufferEndIndex = 11780. Please either decrease the number of ops being profiled or run read device profiler more often (profiler.cpp:1532)
2026-06-02 02:26:58.555 | warning  |           Metal | Profiler DRAM buffers were full, markers were dropped! device 0, worker core 13, 11, Risc NCRISC,  bufferEndIndex = 11992. Please either decrease the number of ops being profiled or run read device profiler more often (profiler.cpp:1532)
2026-06-02 02:26:59.059 | warning  |          Always | Profiler NoC events are enabled; this can add 1-15% cycle overhead to typical operations! (profiler.cpp:2499)
SUMMARY backend=tt blend_mode=2 views=1 hero_vs_gt=46.78dB hero_vs_ref=63.85dB min_vs_ref=63.85dB min_vs_gt=46.78dB ms/view=6648.3 (proj=63.7 ta=36.2 sort=104.2 blend=193.1) shot=opt/metal-screenshots/prof-l1-devprof/hero.png
[devprof-l1] render rc=0
[devprof-l1] CSV OK: -rw-rw-r-- 1 smarton smarton 170279042 Jun  2 02:26 /localdev/smarton/tt-metal/generated/profiler/.logs/profile_log_device.csv  rows=2491236
[devprof-l1] NOC trace OK: -rw-rw-r-- 1 smarton smarton 153221701 Jun  2 02:27 /localdev/smarton/tt-metal/generated/profiler/.logs/noc_trace_dev0_ID0.json
[devprof-l1] DONE rc=0
