================ BUILD ID ================
  cpp : #81 sha=b920669 bin=7fecf429b846167e amendment-003 GSPLAT_TT_PROFILE device-profiler dump hook
  data: # sha= 
=========================================
host=yyzo-bh-03  tag=npe-trace  timeout=1200s  worry=600s  ts=2026-06-01T16:35:40-0700
cmd: export TT_METAL_HOME=/localdev/smarton/tt-metal TT_METAL_RUNTIME_ROOT=/localdev/smarton/tt-metal TT_METAL_CACHE=/localdev/smarton/.cache/tt-metal-cache TT_METAL_ARCH_NAME=blackhole MESH_DEVICE=P100 GSPLAT_TT_BLEND_MODE=2 GSPLAT_TT_MB_KERNEL=1 GSPLAT_TT_MB_DEVCULL=1 GSPLAT_TT_DEVICE_PROJECT=1 GSPLAT_TT_RESIDENT_PROJECT=1 GSPLAT_TT_RESIDENT_GATHER=1 GSPLAT_TT_DEVICE_TILE_ASSIGN=1 GSPLAT_TT_RESIDENT_TA_IN=1 GSPLAT_TT_DEVICE_SORT=1 GSPLAT_TT_RESIDENT_PAIRS=1 GSPLAT_TT_RESIDENT_BLEND=1 GSPLAT_TT_SORT_DEVICE_PUBLISH=1 GSPLAT_TT_TA_DEVICE_SCAN=1 GSPLAT_TT_SFPU_CULL=1 GSPLAT_TT_FUSED_TILE=1 GSPLAT_TT_MB_TIMING=1 TT_METAL_DEVICE_PROFILER=1 TT_METAL_PROFILER_MID_RUN_DUMP=1 GSPLAT_TT_PROFILE=1 TT_METAL_DEVICE_PROFILER_NOC_EVENTS=1; source .venv/bin/activate 2>/dev/null; .venv/bin/python3 scripts/a003_verify.py --views 1 --iter-dir loop-ttw --out opt/ttw/npe_last.json 2>&1 | tee /tmp/ttw_npe_verify.log; echo "=== noc traces emitted ==="; ls -la /localdev/smarton/tt-metal/generated/profiler/.logs/noc_trace_*.json /localdev/smarton/tt-metal/generated/profiler/.logs/topology.json /localdev/smarton/tt-metal/generated/profiler/.logs/cluster_coordinates.json 2>&1; grep "^SUMMARY" /tmp/ttw_npe_verify.log | tail -1
-----------------------------------------
BUILD-ID VERIFY OK: cpp#81 bin=7fecf429b846167e matches the built+stamped artifact
2026-06-01 23:35:42.382 | info     |             UMD | Creating TopologyDiscovery for architecture: blackhole (topology_discovery.cpp:75)
2026-06-01 23:35:42.382 | info     |             UMD | Starting topology discovery. (topology_discovery.cpp:92)
2026-06-01 23:35:42.382 | warning  |             UMD | Low power mode is disabled while UMD holds open file descriptors. The device will return to low power mode once all file descriptors are closed. (topology_discovery.cpp:143)
2026-06-01 23:35:42.382 | warning  |             UMD | KMD version 2.4.1 does not support power state management. (pci_device.cpp:1067)
2026-06-01 23:35:42.382 | info     |             UMD | Established firmware bundle version: 18.12.1 (topology_discovery.cpp:544)
2026-06-01 23:35:42.382 | info     |             UMD | Completed topology discovery. (topology_discovery.cpp:96)
2026-06-01 23:35:42.382 | info     |          Device | Opening user mode device driver (tt_cluster.cpp:225)
2026-06-01 23:35:42.382 | info     |             UMD | Cluster constructor started. (cluster.cpp:317)
2026-06-01 23:35:42.383 | info     |             UMD | Creating TopologyDiscovery for architecture: blackhole (topology_discovery.cpp:75)
2026-06-01 23:35:42.383 | info     |             UMD | Starting topology discovery. (topology_discovery.cpp:92)
2026-06-01 23:35:42.383 | warning  |             UMD | Low power mode is disabled while UMD holds open file descriptors. The device will return to low power mode once all file descriptors are closed. (topology_discovery.cpp:143)
2026-06-01 23:35:42.383 | warning  |             UMD | KMD version 2.4.1 does not support power state management. (pci_device.cpp:1067)
2026-06-01 23:35:42.383 | info     |             UMD | Established firmware bundle version: 18.12.1 (topology_discovery.cpp:544)
2026-06-01 23:35:42.383 | info     |             UMD | Completed topology discovery. (topology_discovery.cpp:96)
2026-06-01 23:35:42.383 | info     |             UMD | Harvesting masks for Chip 0: Tensix: 0xc0 DRAM: 0x8 ETH: 0x3fff PCIe: 0x2 L2CPU: 0x0 (cluster.cpp:270)
2026-06-01 23:35:42.383 | info     |             UMD | Initializing iommu for sysmem (size: 0x40000000). (silicon_sysmem_manager.cpp:334)
2026-06-01 23:35:42.383 | info     |             UMD | Allocating sysmem for IOMMU (size: 0x40000000). (silicon_sysmem_manager.cpp:340)
2026-06-01 23:35:42.422 | warning  |             UMD | KMD version 2.4.1 does not support power state management. (pci_device.cpp:1067)
2026-06-01 23:35:42.422 | info     |             UMD | Opening local chip ids/PCIe ids: {0}/[0] and remote chip ids {} (cluster.cpp:159)
2026-06-01 23:35:42.422 | info     |             UMD | IOMMU: enabled (cluster.cpp:133)
2026-06-01 23:35:42.422 | info     |             UMD | KMD version: 2.4.1 (cluster.cpp:136)
2026-06-01 23:35:42.422 | info     |             UMD | Cluster constructor completed. (cluster.cpp:409)
2026-06-01 23:35:42.424 | info     |             UMD | Starting devices in cluster (cluster.cpp:1044)
2026-06-01 23:35:42.425 | info     |             UMD | Mapped sysmem without hugepages to IOVA 0x80000000; NOC address 0x1000000000000000 (silicon_sysmem_manager.cpp:391)
2026-06-01 23:35:42.425 | info     |             UMD | Starting devices in cluster completed. (cluster.cpp:1052)
2026-06-01 23:35:42.906 | info     |     Distributed | Using auto discovery to generate mesh graph. (metal_env.cpp:332)
2026-06-01 23:35:42.906 | info     |     Distributed | Constructing control plane using auto-discovery (no mesh graph descriptor). (metal_env.cpp:394)
2026-06-01 23:35:42.906 | info     |             UMD | Creating TopologyDiscovery for architecture: blackhole (topology_discovery.cpp:75)
2026-06-01 23:35:42.906 | info     |             UMD | Starting topology discovery. (topology_discovery.cpp:92)
2026-06-01 23:35:42.906 | warning  |             UMD | Low power mode is disabled while UMD holds open file descriptors. The device will return to low power mode once all file descriptors are closed. (topology_discovery.cpp:143)
2026-06-01 23:35:42.906 | warning  |             UMD | KMD version 2.4.1 does not support power state management. (pci_device.cpp:1067)
2026-06-01 23:35:42.906 | info     |             UMD | Established firmware bundle version: 18.12.1 (topology_discovery.cpp:544)
2026-06-01 23:35:42.906 | info     |             UMD | Completed topology discovery. (topology_discovery.cpp:96)
2026-06-01 23:35:42.907 | warning  |          Always | Unknown motherboard 'X670E GAMING PLUS WIFI (MS-7E16)' for chip_id=0 (bus_id=0x1) — defaulting tray_id to 0. Add this motherboard and its bus IDs to mobo_to_bus_ids in physical_system_discovery.cpp. (physical_system_discovery.cpp:62)
2026-06-01 23:35:42.907 | info     |          Fabric | TopologyMapper: Logical Multi-Mesh Adjacency Map: (topology_mapper.cpp:1474)
2026-06-01 23:35:42.907 | info     |          Fabric | 
=== Logical Mesh-Level Graph Adjacency Map ===
Total nodes: 1
Degree histogram: {0:1}
 (topology_solver.tpp:94)
2026-06-01 23:35:42.907 | info     |          Fabric | 
=== Logical Mesh 0 Internal Graph Adjacency Map ===
Total nodes: 1
Degree histogram: {0:1}
 (topology_solver.tpp:94)
2026-06-01 23:35:42.907 | info     |          Fabric | TopologyMapper: Physical Multi-Mesh Adjacency Map: (topology_mapper.cpp:1485)
2026-06-01 23:35:42.907 | info     |          Fabric | 
=== Physical Mesh-Level Graph Adjacency Map ===
Total nodes: 1
Degree histogram: {0:1}
 (topology_solver.tpp:94)
2026-06-01 23:35:42.907 | info     |          Fabric | 
=== Physical Mesh 0 Internal Graph Adjacency Map ===
Total nodes: 1
Degree histogram: {0:1}
 (topology_solver.tpp:94)
2026-06-01 23:35:42.907 | info     |          Fabric | Starting multi-mesh mapping: 1 logical mesh(es) to 1 physical mesh(es) (topology_mapper_utils.cpp:1469)
2026-06-01 23:35:42.907 | info     |          Fabric | Multi-mesh mapping attempt 1/2: Trying inter-mesh mapping (topology_mapper_utils.cpp:1510)
2026-06-01 23:35:42.907 | info     |          Fabric | Attempt 1: Inter-mesh mapping succeeded, found 1 mesh pair(s) (topology_mapper_utils.cpp:1539)
2026-06-01 23:35:42.907 | info     |          Fabric | Attempt 1: Mapping 1 mesh pair(s) (topology_mapper_utils.cpp:1547)
2026-06-01 23:35:42.907 | info     |          Fabric | Attempt 1: Mapping mesh 0 -> 0 (topology_mapper_utils.cpp:1554)
2026-06-01 23:35:42.907 | info     |          Fabric | Multi-mesh mapping succeeded after 1 attempt(s): 1 mesh pair(s) mapped (topology_mapper_utils.cpp:1686)
2026-06-01 23:35:54.200 | info     |           Metal | Profiler started on device 0 (profiler_initializer.cpp:49)
2026-06-01 23:35:56.186 | info     |           Metal | ShmResourceTracker: removed stale shm '/tt_d2h_10671_472706612_0' (shm_resource_tracker.cpp:265)
2026-06-01 23:35:56.186 | info     |           Metal | ShmResourceTracker: removed stale manifest '/dev/shm/tt_socket_manifest_10671' (shm_resource_tracker.cpp:275)
2026-06-01 23:35:56.186 | info     |           Metal | ShmResourceTracker: removed orphaned shm '/tt_device_7490744194894819707_memory' (shm_resource_tracker.cpp:282)
2026-06-01 23:35:57.769 | info     |           Metal | [Real-time profiler] Device 0 sync complete: 100 samples, frequency=1.349991 GHz, device_time_at_sync=4568183828209 cycles (realtime_profiler_manager.cpp:1082)
[SORT] stage=RP P=3369033 P_kept=3369033 num_tiles=1024 max_tile_n=26544 bin=724.93 up=0.29 kernel=701.37 d2h=0.00 compact=0.00 publish=686.50 total=2113.32ms
[FUSED_TILE] upload+exec+readback=4308.3 ms (single Finish sort-publish+cull+blend)
[BLEND_DEVICE] resident_blend=4311.9 ms (host_build=0)
2026-06-01 23:36:16.400 | warning  |           Metal | Profiler DRAM buffers were full, markers were dropped! device 0, worker core 1, 2, Risc BRISC,  bufferEndIndex = 11896. Please either decrease the number of ops being profiled or run read device profiler more often (profiler.cpp:1532)
2026-06-01 23:36:16.400 | warning  |           Metal | Profiler DRAM buffers were full, markers were dropped! device 0, worker core 1, 2, Risc NCRISC,  bufferEndIndex = 11764. Please either decrease the number of ops being profiled or run read device profiler more often (profiler.cpp:1532)
2026-06-01 23:36:16.401 | warning  |           Metal | Profiler DRAM buffers were full, markers were dropped! device 0, worker core 1, 3, Risc BRISC,  bufferEndIndex = 11884. Please either decrease the number of ops being profiled or run read device profiler more often (profiler.cpp:1532)
2026-06-01 23:36:16.401 | warning  |           Metal | Profiler DRAM buffers were full, markers were dropped! device 0, worker core 1, 3, Risc NCRISC,  bufferEndIndex = 11752. Please either decrease the number of ops being profiled or run read device profiler more often (profiler.cpp:1532)
2026-06-01 23:36:16.401 | warning  |           Metal | Profiler DRAM buffers were full, markers were dropped! device 0, worker core 1, 4, Risc BRISC,  bufferEndIndex = 11884. Please either decrease the number of ops being profiled or run read device profiler more often (profiler.cpp:1532)
2026-06-01 23:36:16.402 | warning  |           Metal | Profiler DRAM buffers were full, markers were dropped! device 0, worker core 1, 4, Risc NCRISC,  bufferEndIndex = 11752. Please either decrease the number of ops being profiled or run read device profiler more often (profiler.cpp:1532)
2026-06-01 23:36:16.402 | warning  |           Metal | Profiler DRAM buffers were full, markers were dropped! device 0, worker core 1, 5, Risc BRISC,  bufferEndIndex = 11884. Please either decrease the number of ops being profiled or run read device profiler more often (profiler.cpp:1532)
2026-06-01 23:36:16.402 | warning  |           Metal | Profiler DRAM buffers were full, markers were dropped! device 0, worker core 1, 5, Risc NCRISC,  bufferEndIndex = 11752. Please either decrease the number of ops being profiled or run read device profiler more often (profiler.cpp:1532)
2026-06-01 23:36:16.403 | warning  |           Metal | Profiler DRAM buffers were full, markers were dropped! device 0, worker core 1, 6, Risc BRISC,  bufferEndIndex = 11884. Please either decrease the number of ops being profiled or run read device profiler more often (profiler.cpp:1532)
2026-06-01 23:36:16.403 | warning  |           Metal | Profiler DRAM buffers were full, markers were dropped! device 0, worker core 1, 6, Risc NCRISC,  bufferEndIndex = 11752. Please either decrease the number of ops being profiled or run read device profiler more often (profiler.cpp:1532)
2026-06-01 23:36:16.403 | warning  |           Metal | Profiler DRAM buffers were full, markers were dropped! device 0, worker core 1, 7, Risc BRISC,  bufferEndIndex = 11792. Please either decrease the number of ops being profiled or run read device profiler more often (profiler.cpp:1532)
2026-06-01 23:36:16.404 | warning  |           Metal | Profiler DRAM buffers were full, markers were dropped! device 0, worker core 1, 7, Risc NCRISC,  bufferEndIndex = 11992. Please either decrease the number of ops being profiled or run read device profiler more often (profiler.cpp:1532)
2026-06-01 23:36:16.404 | warning  |           Metal | Profiler DRAM buffers were full, markers were dropped! device 0, worker core 1, 8, Risc BRISC,  bufferEndIndex = 11996. Please either decrease the number of ops being profiled or run read device profiler more often (profiler.cpp:1532)
2026-06-01 23:36:16.404 | warning  |           Metal | Profiler DRAM buffers were full, markers were dropped! device 0, worker core 1, 8, Risc NCRISC,  bufferEndIndex = 11992. Please either decrease the number of ops being profiled or run read device profiler more often (profiler.cpp:1532)
2026-06-01 23:36:16.405 | warning  |           Metal | Profiler DRAM buffers were full, markers were dropped! device 0, worker core 1, 9, Risc BRISC,  bufferEndIndex = 11988. Please either decrease the number of ops being profiled or run read device profiler more often (profiler.cpp:1532)
2026-06-01 23:36:16.405 | warning  |           Metal | Profiler DRAM buffers were full, markers were dropped! device 0, worker core 1, 9, Risc NCRISC,  bufferEndIndex = 11992. Please either decrease the number of ops being profiled or run read device profiler more often (profiler.cpp:1532)
2026-06-01 23:36:16.405 | warning  |           Metal | Profiler DRAM buffers were full, markers were dropped! device 0, worker core 1, 10, Risc BRISC,  bufferEndIndex = 11996. Please either decrease the number of ops being profiled or run read device profiler more often (profiler.cpp:1532)
2026-06-01 23:36:16.406 | warning  |           Metal | Profiler DRAM buffers were full, markers were dropped! device 0, worker core 1, 10, Risc NCRISC,  bufferEndIndex = 11992. Please either decrease the number of ops being profiled or run read device profiler more often (profiler.cpp:1532)
2026-06-01 23:36:16.406 | warning  |           Metal | Profiler DRAM buffers were full, markers were dropped! device 0, worker core 1, 11, Risc BRISC,  bufferEndIndex = 11792. Please either decrease the number of ops being profiled or run read device profiler more often (profiler.cpp:1532)
2026-06-01 23:36:16.406 | warning  |           Metal | Profiler DRAM buffers were full, markers were dropped! device 0, worker core 1, 11, Risc NCRISC,  bufferEndIndex = 11992. Please either decrease the number of ops being profiled or run read device profiler more often (profiler.cpp:1532)
2026-06-01 23:36:16.407 | warning  |           Metal | Profiler DRAM buffers were full, markers were dropped! device 0, worker core 2, 2, Risc BRISC,  bufferEndIndex = 11884. Please either decrease the number of ops being profiled or run read device profiler more often (profiler.cpp:1532)
2026-06-01 23:36:16.407 | warning  |           Metal | Profiler DRAM buffers were full, markers were dropped! device 0, worker core 2, 2, Risc NCRISC,  bufferEndIndex = 11752. Please either decrease the number of ops being profiled or run read device profiler more often (profiler.cpp:1532)
2026-06-01 23:36:16.408 | warning  |           Metal | Profiler DRAM buffers were full, markers were dropped! device 0, worker core 2, 3, Risc BRISC,  bufferEndIndex = 11884. Please either decrease the number of ops being profiled or run read device profiler more often (profiler.cpp:1532)
2026-06-01 23:36:16.408 | warning  |           Metal | Profiler DRAM buffers were full, markers were dropped! device 0, worker core 2, 3, Risc NCRISC,  bufferEndIndex = 11752. Please either decrease the number of ops being profiled or run read device profiler more often (profiler.cpp:1532)
2026-06-01 23:36:16.408 | warning  |           Metal | Profiler DRAM buffers were full, markers were dropped! device 0, worker core 2, 4, Risc BRISC,  bufferEndIndex = 11884. Please either decrease the number of ops being profiled or run read device profiler more often (profiler.cpp:1532)
2026-06-01 23:36:16.409 | warning  |           Metal | Profiler DRAM buffers were full, markers were dropped! device 0, worker core 2, 4, Risc NCRISC,  bufferEndIndex = 11752. Please either decrease the number of ops being profiled or run read device profiler more often (profiler.cpp:1532)
2026-06-01 23:36:16.409 | warning  |           Metal | Profiler DRAM buffers were full, markers were dropped! device 0, worker core 2, 5, Risc BRISC,  bufferEndIndex = 11884. Please either decrease the number of ops being profiled or run read device profiler more often (profiler.cpp:1532)
2026-06-01 23:36:16.409 | warning  |           Metal | Profiler DRAM buffers were full, markers were dropped! device 0, worker core 2, 5, Risc NCRISC,  bufferEndIndex = 11752. Please either decrease the number of ops being profiled or run read device profiler more often (profiler.cpp:1532)
2026-06-01 23:36:16.410 | warning  |           Metal | Profiler DRAM buffers were full, markers were dropped! device 0, worker core 2, 6, Risc BRISC,  bufferEndIndex = 11884. Please either decrease the number of ops being profiled or run read device profiler more often (profiler.cpp:1532)
2026-06-01 23:36:16.410 | warning  |           Metal | Profiler DRAM buffers were full, markers were dropped! device 0, worker core 2, 6, Risc NCRISC,  bufferEndIndex = 11752. Please either decrease the number of ops being profiled or run read device profiler more often (profiler.cpp:1532)
2026-06-01 23:36:16.410 | warning  |           Metal | Profiler DRAM buffers were full, markers were dropped! device 0, worker core 2, 7, Risc BRISC,  bufferEndIndex = 11996. Please either decrease the number of ops being profiled or run read device profiler more often (profiler.cpp:1532)
2026-06-01 23:36:16.411 | warning  |           Metal | Profiler DRAM buffers were full, markers were dropped! device 0, worker core 2, 7, Risc NCRISC,  bufferEndIndex = 11992. Please either decrease the number of ops being profiled or run read device profiler more often (profiler.cpp:1532)
2026-06-01 23:36:16.411 | warning  |           Metal | Profiler DRAM buffers were full, markers were dropped! device 0, worker core 2, 8, Risc BRISC,  bufferEndIndex = 11792. Please either decrease the number of ops being profiled or run read device profiler more often (profiler.cpp:1532)
2026-06-01 23:36:16.412 | warning  |           Metal | Profiler DRAM buffers were full, markers were dropped! device 0, worker core 2, 8, Risc NCRISC,  bufferEndIndex = 11992. Please either decrease the number of ops being profiled or run read device profiler more often (profiler.cpp:1532)
2026-06-01 23:36:16.412 | warning  |           Metal | Profiler DRAM buffers were full, markers were dropped! device 0, worker core 2, 9, Risc BRISC,  bufferEndIndex = 11996. Please either decrease the number of ops being profiled or run read device profiler more often (profiler.cpp:1532)
2026-06-01 23:36:16.412 | warning  |           Metal | Profiler DRAM buffers were full, markers were dropped! device 0, worker core 2, 9, Risc NCRISC,  bufferEndIndex = 11992. Please either decrease the number of ops being profiled or run read device profiler more often (profiler.cpp:1532)
2026-06-01 23:36:16.413 | warning  |           Metal | Profiler DRAM buffers were full, markers were dropped! device 0, worker core 2, 10, Risc BRISC,  bufferEndIndex = 11792. Please either decrease the number of ops being profiled or run read device profiler more often (profiler.cpp:1532)
2026-06-01 23:36:16.413 | warning  |           Metal | Profiler DRAM buffers were full, markers were dropped! device 0, worker core 2, 10, Risc NCRISC,  bufferEndIndex = 11992. Please either decrease the number of ops being profiled or run read device profiler more often (profiler.cpp:1532)
2026-06-01 23:36:16.413 | warning  |           Metal | Profiler DRAM buffers were full, markers were dropped! device 0, worker core 2, 11, Risc BRISC,  bufferEndIndex = 11996. Please either decrease the number of ops being profiled or run read device profiler more often (profiler.cpp:1532)
2026-06-01 23:36:16.414 | warning  |           Metal | Profiler DRAM buffers were full, markers were dropped! device 0, worker core 2, 11, Risc NCRISC,  bufferEndIndex = 11992. Please either decrease the number of ops being profiled or run read device profiler more often (profiler.cpp:1532)
2026-06-01 23:36:16.414 | warning  |           Metal | Profiler DRAM buffers were full, markers were dropped! device 0, worker core 3, 2, Risc BRISC,  bufferEndIndex = 11884. Please either decrease the number of ops being profiled or run read device profiler more often (profiler.cpp:1532)
2026-06-01 23:36:16.415 | warning  |           Metal | Profiler DRAM buffers were full, markers were dropped! device 0, worker core 3, 2, Risc NCRISC,  bufferEndIndex = 11752. Please either decrease the number of ops being profiled or run read device profiler more often (profiler.cpp:1532)
2026-06-01 23:36:16.415 | warning  |           Metal | Profiler DRAM buffers were full, markers were dropped! device 0, worker core 3, 3, Risc BRISC,  bufferEndIndex = 11884. Please either decrease the number of ops being profiled or run read device profiler more often (profiler.cpp:1532)
2026-06-01 23:36:16.415 | warning  |           Metal | Profiler DRAM buffers were full, markers were dropped! device 0, worker core 3, 3, Risc NCRISC,  bufferEndIndex = 11752. Please either decrease the number of ops being profiled or run read device profiler more often (profiler.cpp:1532)
2026-06-01 23:36:16.416 | warning  |           Metal | Profiler DRAM buffers were full, markers were dropped! device 0, worker core 3, 4, Risc BRISC,  bufferEndIndex = 11884. Please either decrease the number of ops being profiled or run read device profiler more often (profiler.cpp:1532)
2026-06-01 23:36:16.416 | warning  |           Metal | Profiler DRAM buffers were full, markers were dropped! device 0, worker core 3, 4, Risc NCRISC,  bufferEndIndex = 11752. Please either decrease the number of ops being profiled or run read device profiler more often (profiler.cpp:1532)
2026-06-01 23:36:16.416 | warning  |           Metal | Profiler DRAM buffers were full, markers were dropped! device 0, worker core 3, 5, Risc BRISC,  bufferEndIndex = 11884. Please either decrease the number of ops being profiled or run read device profiler more often (profiler.cpp:1532)
2026-06-01 23:36:16.417 | warning  |           Metal | Profiler DRAM buffers were full, markers were dropped! device 0, worker core 3, 5, Risc NCRISC,  bufferEndIndex = 11752. Please either decrease the number of ops being profiled or run read device profiler more often (profiler.cpp:1532)
2026-06-01 23:36:16.417 | warning  |           Metal | Profiler DRAM buffers were full, markers were dropped! device 0, worker core 3, 6, Risc BRISC,  bufferEndIndex = 11884. Please either decrease the number of ops being profiled or run read device profiler more often (profiler.cpp:1532)
2026-06-01 23:36:16.418 | warning  |           Metal | Profiler DRAM buffers were full, markers were dropped! device 0, worker core 3, 6, Risc NCRISC,  bufferEndIndex = 11752. Please either decrease the number of ops being profiled or run read device profiler more often (profiler.cpp:1532)
2026-06-01 23:36:16.418 | warning  |           Metal | Profiler DRAM buffers were full, markers were dropped! device 0, worker core 3, 7, Risc BRISC,  bufferEndIndex = 11792. Please either decrease the number of ops being profiled or run read device profiler more often (profiler.cpp:1532)
2026-06-01 23:36:16.418 | warning  |           Metal | Profiler DRAM buffers were full, markers were dropped! device 0, worker core 3, 7, Risc NCRISC,  bufferEndIndex = 11992. Please either decrease the number of ops being profiled or run read device profiler more often (profiler.cpp:1532)
2026-06-01 23:36:16.419 | warning  |           Metal | Profiler DRAM buffers were full, markers were dropped! device 0, worker core 3, 8, Risc BRISC,  bufferEndIndex = 11996. Please either decrease the number of ops being profiled or run read device profiler more often (profiler.cpp:1532)
2026-06-01 23:36:16.419 | warning  |           Metal | Profiler DRAM buffers were full, markers were dropped! device 0, worker core 3, 8, Risc NCRISC,  bufferEndIndex = 11992. Please either decrease the number of ops being profiled or run read device profiler more often (profiler.cpp:1532)
2026-06-01 23:36:16.419 | warning  |           Metal | Profiler DRAM buffers were full, markers were dropped! device 0, worker core 3, 9, Risc BRISC,  bufferEndIndex = 11792. Please either decrease the number of ops being profiled or run read device profiler more often (profiler.cpp:1532)
2026-06-01 23:36:16.420 | warning  |           Metal | Profiler DRAM buffers were full, markers were dropped! device 0, worker core 3, 9, Risc NCRISC,  bufferEndIndex = 11992. Please either decrease the number of ops being profiled or run read device profiler more often (profiler.cpp:1532)
2026-06-01 23:36:16.420 | warning  |           Metal | Profiler DRAM buffers were full, markers were dropped! device 0, worker core 3, 10, Risc BRISC,  bufferEndIndex = 11996. Please either decrease the number of ops being profiled or run read device profiler more often (profiler.cpp:1532)
2026-06-01 23:36:16.421 | warning  |           Metal | Profiler DRAM buffers were full, markers were dropped! device 0, worker core 3, 10, Risc NCRISC,  bufferEndIndex = 11992. Please either decrease the number of ops being profiled or run read device profiler more often (profiler.cpp:1532)
2026-06-01 23:36:16.421 | warning  |           Metal | Profiler DRAM buffers were full, markers were dropped! device 0, worker core 3, 11, Risc BRISC,  bufferEndIndex = 11792. Please either decrease the number of ops being profiled or run read device profiler more often (profiler.cpp:1532)
2026-06-01 23:36:16.421 | warning  |           Metal | Profiler DRAM buffers were full, markers were dropped! device 0, worker core 3, 11, Risc NCRISC,  bufferEndIndex = 11992. Please either decrease the number of ops being profiled or run read device profiler more often (profiler.cpp:1532)
2026-06-01 23:36:16.422 | warning  |           Metal | Profiler DRAM buffers were full, markers were dropped! device 0, worker core 4, 2, Risc BRISC,  bufferEndIndex = 11884. Please either decrease the number of ops being profiled or run read device profiler more often (profiler.cpp:1532)
2026-06-01 23:36:16.422 | warning  |           Metal | Profiler DRAM buffers were full, markers were dropped! device 0, worker core 4, 2, Risc NCRISC,  bufferEndIndex = 11752. Please either decrease the number of ops being profiled or run read device profiler more often (profiler.cpp:1532)
2026-06-01 23:36:16.422 | warning  |           Metal | Profiler DRAM buffers were full, markers were dropped! device 0, worker core 4, 3, Risc BRISC,  bufferEndIndex = 11884. Please either decrease the number of ops being profiled or run read device profiler more often (profiler.cpp:1532)
2026-06-01 23:36:16.423 | warning  |           Metal | Profiler DRAM buffers were full, markers were dropped! device 0, worker core 4, 3, Risc NCRISC,  bufferEndIndex = 11752. Please either decrease the number of ops being profiled or run read device profiler more often (profiler.cpp:1532)
2026-06-01 23:36:16.423 | warning  |           Metal | Profiler DRAM buffers were full, markers were dropped! device 0, worker core 4, 4, Risc BRISC,  bufferEndIndex = 11884. Please either decrease the number of ops being profiled or run read device profiler more often (profiler.cpp:1532)
2026-06-01 23:36:16.424 | warning  |           Metal | Profiler DRAM buffers were full, markers were dropped! device 0, worker core 4, 4, Risc NCRISC,  bufferEndIndex = 11752. Please either decrease the number of ops being profiled or run read device profiler more often (profiler.cpp:1532)
2026-06-01 23:36:16.424 | warning  |           Metal | Profiler DRAM buffers were full, markers were dropped! device 0, worker core 4, 5, Risc BRISC,  bufferEndIndex = 11884. Please either decrease the number of ops being profiled or run read device profiler more often (profiler.cpp:1532)
2026-06-01 23:36:16.424 | warning  |           Metal | Profiler DRAM buffers were full, markers were dropped! device 0, worker core 4, 5, Risc NCRISC,  bufferEndIndex = 11752. Please either decrease the number of ops being profiled or run read device profiler more often (profiler.cpp:1532)
2026-06-01 23:36:16.425 | warning  |           Metal | Profiler DRAM buffers were full, markers were dropped! device 0, worker core 4, 6, Risc BRISC,  bufferEndIndex = 11884. Please either decrease the number of ops being profiled or run read device profiler more often (profiler.cpp:1532)
2026-06-01 23:36:16.425 | warning  |           Metal | Profiler DRAM buffers were full, markers were dropped! device 0, worker core 4, 6, Risc NCRISC,  bufferEndIndex = 11752. Please either decrease the number of ops being profiled or run read device profiler more often (profiler.cpp:1532)
2026-06-01 23:36:16.426 | warning  |           Metal | Profiler DRAM buffers were full, markers were dropped! device 0, worker core 4, 7, Risc BRISC,  bufferEndIndex = 11996. Please either decrease the number of ops being profiled or run read device profiler more often (profiler.cpp:1532)
2026-06-01 23:36:16.426 | warning  |           Metal | Profiler DRAM buffers were full, markers were dropped! device 0, worker core 4, 7, Risc NCRISC,  bufferEndIndex = 11992. Please either decrease the number of ops being profiled or run read device profiler more often (profiler.cpp:1532)
2026-06-01 23:36:16.426 | warning  |           Metal | Profiler DRAM buffers were full, markers were dropped! device 0, worker core 4, 8, Risc BRISC,  bufferEndIndex = 11792. Please either decrease the number of ops being profiled or run read device profiler more often (profiler.cpp:1532)
2026-06-01 23:36:16.427 | warning  |           Metal | Profiler DRAM buffers were full, markers were dropped! device 0, worker core 4, 8, Risc NCRISC,  bufferEndIndex = 11992. Please either decrease the number of ops being profiled or run read device profiler more often (profiler.cpp:1532)
2026-06-01 23:36:16.427 | warning  |           Metal | Profiler DRAM buffers were full, markers were dropped! device 0, worker core 4, 9, Risc BRISC,  bufferEndIndex = 11996. Please either decrease the number of ops being profiled or run read device profiler more often (profiler.cpp:1532)
2026-06-01 23:36:16.427 | warning  |           Metal | Profiler DRAM buffers were full, markers were dropped! device 0, worker core 4, 9, Risc NCRISC,  bufferEndIndex = 11992. Please either decrease the number of ops being profiled or run read device profiler more often (profiler.cpp:1532)
2026-06-01 23:36:16.428 | warning  |           Metal | Profiler DRAM buffers were full, markers were dropped! device 0, worker core 4, 10, Risc BRISC,  bufferEndIndex = 11996. Please either decrease the number of ops being profiled or run read device profiler more often (profiler.cpp:1532)
2026-06-01 23:36:16.428 | warning  |           Metal | Profiler DRAM buffers were full, markers were dropped! device 0, worker core 4, 10, Risc NCRISC,  bufferEndIndex = 11992. Please either decrease the number of ops being profiled or run read device profiler more often (profiler.cpp:1532)
2026-06-01 23:36:16.429 | warning  |           Metal | Profiler DRAM buffers were full, markers were dropped! device 0, worker core 4, 11, Risc BRISC,  bufferEndIndex = 11792. Please either decrease the number of ops being profiled or run read device profiler more often (profiler.cpp:1532)
2026-06-01 23:36:16.429 | warning  |           Metal | Profiler DRAM buffers were full, markers were dropped! device 0, worker core 4, 11, Risc NCRISC,  bufferEndIndex = 11992. Please either decrease the number of ops being profiled or run read device profiler more often (profiler.cpp:1532)
2026-06-01 23:36:16.429 | warning  |           Metal | Profiler DRAM buffers were full, markers were dropped! device 0, worker core 5, 2, Risc BRISC,  bufferEndIndex = 11884. Please either decrease the number of ops being profiled or run read device profiler more often (profiler.cpp:1532)
2026-06-01 23:36:16.430 | warning  |           Metal | Profiler DRAM buffers were full, markers were dropped! device 0, worker core 5, 2, Risc NCRISC,  bufferEndIndex = 11752. Please either decrease the number of ops being profiled or run read device profiler more often (profiler.cpp:1532)
2026-06-01 23:36:16.430 | warning  |           Metal | Profiler DRAM buffers were full, markers were dropped! device 0, worker core 5, 3, Risc BRISC,  bufferEndIndex = 11884. Please either decrease the number of ops being profiled or run read device profiler more often (profiler.cpp:1532)
2026-06-01 23:36:16.430 | warning  |           Metal | Profiler DRAM buffers were full, markers were dropped! device 0, worker core 5, 3, Risc NCRISC,  bufferEndIndex = 11752. Please either decrease the number of ops being profiled or run read device profiler more often (profiler.cpp:1532)
2026-06-01 23:36:16.431 | warning  |           Metal | Profiler DRAM buffers were full, markers were dropped! device 0, worker core 5, 4, Risc BRISC,  bufferEndIndex = 11884. Please either decrease the number of ops being profiled or run read device profiler more often (profiler.cpp:1532)
2026-06-01 23:36:16.431 | warning  |           Metal | Profiler DRAM buffers were full, markers were dropped! device 0, worker core 5, 4, Risc NCRISC,  bufferEndIndex = 11752. Please either decrease the number of ops being profiled or run read device profiler more often (profiler.cpp:1532)
2026-06-01 23:36:16.432 | warning  |           Metal | Profiler DRAM buffers were full, markers were dropped! device 0, worker core 5, 5, Risc BRISC,  bufferEndIndex = 11884. Please either decrease the number of ops being profiled or run read device profiler more often (profiler.cpp:1532)
2026-06-01 23:36:16.432 | warning  |           Metal | Profiler DRAM buffers were full, markers were dropped! device 0, worker core 5, 5, Risc NCRISC,  bufferEndIndex = 11752. Please either decrease the number of ops being profiled or run read device profiler more often (profiler.cpp:1532)
2026-06-01 23:36:16.432 | warning  |           Metal | Profiler DRAM buffers were full, markers were dropped! device 0, worker core 5, 6, Risc BRISC,  bufferEndIndex = 11884. Please either decrease the number of ops being profiled or run read device profiler more often (profiler.cpp:1532)
2026-06-01 23:36:16.433 | warning  |           Metal | Profiler DRAM buffers were full, markers were dropped! device 0, worker core 5, 6, Risc NCRISC,  bufferEndIndex = 11752. Please either decrease the number of ops being profiled or run read device profiler more often (profiler.cpp:1532)
2026-06-01 23:36:16.433 | warning  |           Metal | Profiler DRAM buffers were full, markers were dropped! device 0, worker core 5, 7, Risc BRISC,  bufferEndIndex = 11792. Please either decrease the number of ops being profiled or run read device profiler more often (profiler.cpp:1532)
2026-06-01 23:36:16.434 | warning  |           Metal | Profiler DRAM buffers were full, markers were dropped! device 0, worker core 5, 7, Risc NCRISC,  bufferEndIndex = 11992. Please either decrease the number of ops being profiled or run read device profiler more often (profiler.cpp:1532)
2026-06-01 23:36:16.434 | warning  |           Metal | Profiler DRAM buffers were full, markers were dropped! device 0, worker core 5, 8, Risc BRISC,  bufferEndIndex = 11792. Please either decrease the number of ops being profiled or run read device profiler more often (profiler.cpp:1532)
2026-06-01 23:36:16.434 | warning  |           Metal | Profiler DRAM buffers were full, markers were dropped! device 0, worker core 5, 8, Risc NCRISC,  bufferEndIndex = 11992. Please either decrease the number of ops being profiled or run read device profiler more often (profiler.cpp:1532)
2026-06-01 23:36:16.435 | warning  |           Metal | Profiler DRAM buffers were full, markers were dropped! device 0, worker core 5, 9, Risc BRISC,  bufferEndIndex = 11792. Please either decrease the number of ops being profiled or run read device profiler more often (profiler.cpp:1532)
2026-06-01 23:36:16.435 | warning  |           Metal | Profiler DRAM buffers were full, markers were dropped! device 0, worker core 5, 9, Risc NCRISC,  bufferEndIndex = 11992. Please either decrease the number of ops being profiled or run read device profiler more often (profiler.cpp:1532)
2026-06-01 23:36:16.435 | warning  |           Metal | Profiler DRAM buffers were full, markers were dropped! device 0, worker core 5, 10, Risc BRISC,  bufferEndIndex = 11792. Please either decrease the number of ops being profiled or run read device profiler more often (profiler.cpp:1532)
2026-06-01 23:36:16.436 | warning  |           Metal | Profiler DRAM buffers were full, markers were dropped! device 0, worker core 5, 10, Risc NCRISC,  bufferEndIndex = 11992. Please either decrease the number of ops being profiled or run read device profiler more often (profiler.cpp:1532)
2026-06-01 23:36:16.436 | warning  |           Metal | Profiler DRAM buffers were full, markers were dropped! device 0, worker core 5, 11, Risc BRISC,  bufferEndIndex = 11792. Please either decrease the number of ops being profiled or run read device profiler more often (profiler.cpp:1532)
2026-06-01 23:36:16.437 | warning  |           Metal | Profiler DRAM buffers were full, markers were dropped! device 0, worker core 5, 11, Risc NCRISC,  bufferEndIndex = 11992. Please either decrease the number of ops being profiled or run read device profiler more often (profiler.cpp:1532)
2026-06-01 23:36:16.437 | warning  |           Metal | Profiler DRAM buffers were full, markers were dropped! device 0, worker core 6, 2, Risc BRISC,  bufferEndIndex = 11884. Please either decrease the number of ops being profiled or run read device profiler more often (profiler.cpp:1532)
2026-06-01 23:36:16.438 | warning  |           Metal | Profiler DRAM buffers were full, markers were dropped! device 0, worker core 6, 2, Risc NCRISC,  bufferEndIndex = 11752. Please either decrease the number of ops being profiled or run read device profiler more often (profiler.cpp:1532)
2026-06-01 23:36:16.439 | warning  |           Metal | Profiler DRAM buffers were full, markers were dropped! device 0, worker core 6, 3, Risc BRISC,  bufferEndIndex = 11884. Please either decrease the number of ops being profiled or run read device profiler more often (profiler.cpp:1532)
2026-06-01 23:36:16.439 | warning  |           Metal | Profiler DRAM buffers were full, markers were dropped! device 0, worker core 6, 3, Risc NCRISC,  bufferEndIndex = 11752. Please either decrease the number of ops being profiled or run read device profiler more often (profiler.cpp:1532)
2026-06-01 23:36:16.440 | warning  |           Metal | Profiler DRAM buffers were full, markers were dropped! device 0, worker core 6, 4, Risc BRISC,  bufferEndIndex = 11884. Please either decrease the number of ops being profiled or run read device profiler more often (profiler.cpp:1532)
2026-06-01 23:36:16.440 | warning  |           Metal | Profiler DRAM buffers were full, markers were dropped! device 0, worker core 6, 4, Risc NCRISC,  bufferEndIndex = 11752. Please either decrease the number of ops being profiled or run read device profiler more often (profiler.cpp:1532)
2026-06-01 23:36:16.441 | warning  |           Metal | Profiler DRAM buffers were full, markers were dropped! device 0, worker core 6, 5, Risc BRISC,  bufferEndIndex = 11884. Please either decrease the number of ops being profiled or run read device profiler more often (profiler.cpp:1532)
2026-06-01 23:36:16.441 | warning  |           Metal | Profiler DRAM buffers were full, markers were dropped! device 0, worker core 6, 5, Risc NCRISC,  bufferEndIndex = 11752. Please either decrease the number of ops being profiled or run read device profiler more often (profiler.cpp:1532)
2026-06-01 23:36:16.442 | warning  |           Metal | Profiler DRAM buffers were full, markers were dropped! device 0, worker core 6, 6, Risc BRISC,  bufferEndIndex = 11792. Please either decrease the number of ops being profiled or run read device profiler more often (profiler.cpp:1532)
2026-06-01 23:36:16.442 | warning  |           Metal | Profiler DRAM buffers were full, markers were dropped! device 0, worker core 6, 6, Risc NCRISC,  bufferEndIndex = 11992. Please either decrease the number of ops being profiled or run read device profiler more often (profiler.cpp:1532)
2026-06-01 23:36:16.443 | warning  |           Metal | Profiler DRAM buffers were full, markers were dropped! device 0, worker core 6, 7, Risc BRISC,  bufferEndIndex = 11792. Please either decrease the number of ops being profiled or run read device profiler more often (profiler.cpp:1532)
2026-06-01 23:36:16.444 | warning  |           Metal | Profiler DRAM buffers were full, markers were dropped! device 0, worker core 6, 7, Risc NCRISC,  bufferEndIndex = 11992. Please either decrease the number of ops being profiled or run read device profiler more often (profiler.cpp:1532)
2026-06-01 23:36:16.444 | warning  |           Metal | Profiler DRAM buffers were full, markers were dropped! device 0, worker core 6, 8, Risc BRISC,  bufferEndIndex = 11792. Please either decrease the number of ops being profiled or run read device profiler more often (profiler.cpp:1532)
2026-06-01 23:36:16.445 | warning  |           Metal | Profiler DRAM buffers were full, markers were dropped! device 0, worker core 6, 8, Risc NCRISC,  bufferEndIndex = 11992. Please either decrease the number of ops being profiled or run read device profiler more often (profiler.cpp:1532)
2026-06-01 23:36:16.445 | warning  |           Metal | Profiler DRAM buffers were full, markers were dropped! device 0, worker core 6, 9, Risc BRISC,  bufferEndIndex = 11996. Please either decrease the number of ops being profiled or run read device profiler more often (profiler.cpp:1532)
2026-06-01 23:36:16.446 | warning  |           Metal | Profiler DRAM buffers were full, markers were dropped! device 0, worker core 6, 9, Risc NCRISC,  bufferEndIndex = 11992. Please either decrease the number of ops being profiled or run read device profiler more often (profiler.cpp:1532)
2026-06-01 23:36:16.446 | warning  |           Metal | Profiler DRAM buffers were full, markers were dropped! device 0, worker core 6, 10, Risc BRISC,  bufferEndIndex = 11792. Please either decrease the number of ops being profiled or run read device profiler more often (profiler.cpp:1532)
2026-06-01 23:36:16.447 | warning  |           Metal | Profiler DRAM buffers were full, markers were dropped! device 0, worker core 6, 10, Risc NCRISC,  bufferEndIndex = 11992. Please either decrease the number of ops being profiled or run read device profiler more often (profiler.cpp:1532)
2026-06-01 23:36:16.448 | warning  |           Metal | Profiler DRAM buffers were full, markers were dropped! device 0, worker core 6, 11, Risc BRISC,  bufferEndIndex = 11996. Please either decrease the number of ops being profiled or run read device profiler more often (profiler.cpp:1532)
2026-06-01 23:36:16.448 | warning  |           Metal | Profiler DRAM buffers were full, markers were dropped! device 0, worker core 6, 11, Risc NCRISC,  bufferEndIndex = 11992. Please either decrease the number of ops being profiled or run read device profiler more often (profiler.cpp:1532)
2026-06-01 23:36:16.449 | warning  |           Metal | Profiler DRAM buffers were full, markers were dropped! device 0, worker core 7, 2, Risc BRISC,  bufferEndIndex = 11884. Please either decrease the number of ops being profiled or run read device profiler more often (profiler.cpp:1532)
2026-06-01 23:36:16.449 | warning  |           Metal | Profiler DRAM buffers were full, markers were dropped! device 0, worker core 7, 2, Risc NCRISC,  bufferEndIndex = 11752. Please either decrease the number of ops being profiled or run read device profiler more often (profiler.cpp:1532)
2026-06-01 23:36:16.450 | warning  |           Metal | Profiler DRAM buffers were full, markers were dropped! device 0, worker core 7, 3, Risc BRISC,  bufferEndIndex = 11884. Please either decrease the number of ops being profiled or run read device profiler more often (profiler.cpp:1532)
2026-06-01 23:36:16.450 | warning  |           Metal | Profiler DRAM buffers were full, markers were dropped! device 0, worker core 7, 3, Risc NCRISC,  bufferEndIndex = 11752. Please either decrease the number of ops being profiled or run read device profiler more often (profiler.cpp:1532)
2026-06-01 23:36:16.451 | warning  |           Metal | Profiler DRAM buffers were full, markers were dropped! device 0, worker core 7, 4, Risc BRISC,  bufferEndIndex = 11884. Please either decrease the number of ops being profiled or run read device profiler more often (profiler.cpp:1532)
2026-06-01 23:36:16.451 | warning  |           Metal | Profiler DRAM buffers were full, markers were dropped! device 0, worker core 7, 4, Risc NCRISC,  bufferEndIndex = 11752. Please either decrease the number of ops being profiled or run read device profiler more often (profiler.cpp:1532)
2026-06-01 23:36:16.452 | warning  |           Metal | Profiler DRAM buffers were full, markers were dropped! device 0, worker core 7, 5, Risc BRISC,  bufferEndIndex = 11884. Please either decrease the number of ops being profiled or run read device profiler more often (profiler.cpp:1532)
2026-06-01 23:36:16.453 | warning  |           Metal | Profiler DRAM buffers were full, markers were dropped! device 0, worker core 7, 5, Risc NCRISC,  bufferEndIndex = 11752. Please either decrease the number of ops being profiled or run read device profiler more often (profiler.cpp:1532)
2026-06-01 23:36:16.453 | warning  |           Metal | Profiler DRAM buffers were full, markers were dropped! device 0, worker core 7, 6, Risc BRISC,  bufferEndIndex = 11996. Please either decrease the number of ops being profiled or run read device profiler more often (profiler.cpp:1532)
2026-06-01 23:36:16.454 | warning  |           Metal | Profiler DRAM buffers were full, markers were dropped! device 0, worker core 7, 6, Risc NCRISC,  bufferEndIndex = 11992. Please either decrease the number of ops being profiled or run read device profiler more often (profiler.cpp:1532)
2026-06-01 23:36:16.454 | warning  |           Metal | Profiler DRAM buffers were full, markers were dropped! device 0, worker core 7, 7, Risc BRISC,  bufferEndIndex = 11792. Please either decrease the number of ops being profiled or run read device profiler more often (profiler.cpp:1532)
2026-06-01 23:36:16.455 | warning  |           Metal | Profiler DRAM buffers were full, markers were dropped! device 0, worker core 7, 7, Risc NCRISC,  bufferEndIndex = 11992. Please either decrease the number of ops being profiled or run read device profiler more often (profiler.cpp:1532)
2026-06-01 23:36:16.455 | warning  |           Metal | Profiler DRAM buffers were full, markers were dropped! device 0, worker core 7, 8, Risc BRISC,  bufferEndIndex = 11792. Please either decrease the number of ops being profiled or run read device profiler more often (profiler.cpp:1532)
2026-06-01 23:36:16.456 | warning  |           Metal | Profiler DRAM buffers were full, markers were dropped! device 0, worker core 7, 8, Risc NCRISC,  bufferEndIndex = 11992. Please either decrease the number of ops being profiled or run read device profiler more often (profiler.cpp:1532)
2026-06-01 23:36:16.457 | warning  |           Metal | Profiler DRAM buffers were full, markers were dropped! device 0, worker core 7, 9, Risc BRISC,  bufferEndIndex = 11792. Please either decrease the number of ops being profiled or run read device profiler more often (profiler.cpp:1532)
2026-06-01 23:36:16.457 | warning  |           Metal | Profiler DRAM buffers were full, markers were dropped! device 0, worker core 7, 9, Risc NCRISC,  bufferEndIndex = 11992. Please either decrease the number of ops being profiled or run read device profiler more often (profiler.cpp:1532)
2026-06-01 23:36:16.458 | warning  |           Metal | Profiler DRAM buffers were full, markers were dropped! device 0, worker core 7, 10, Risc BRISC,  bufferEndIndex = 11792. Please either decrease the number of ops being profiled or run read device profiler more often (profiler.cpp:1532)
2026-06-01 23:36:16.458 | warning  |           Metal | Profiler DRAM buffers were full, markers were dropped! device 0, worker core 7, 10, Risc NCRISC,  bufferEndIndex = 11992. Please either decrease the number of ops being profiled or run read device profiler more often (profiler.cpp:1532)
2026-06-01 23:36:16.459 | warning  |           Metal | Profiler DRAM buffers were full, markers were dropped! device 0, worker core 7, 11, Risc BRISC,  bufferEndIndex = 11792. Please either decrease the number of ops being profiled or run read device profiler more often (profiler.cpp:1532)
2026-06-01 23:36:16.459 | warning  |           Metal | Profiler DRAM buffers were full, markers were dropped! device 0, worker core 7, 11, Risc NCRISC,  bufferEndIndex = 11992. Please either decrease the number of ops being profiled or run read device profiler more often (profiler.cpp:1532)
2026-06-01 23:36:16.460 | warning  |           Metal | Profiler DRAM buffers were full, markers were dropped! device 0, worker core 10, 2, Risc BRISC,  bufferEndIndex = 11884. Please either decrease the number of ops being profiled or run read device profiler more often (profiler.cpp:1532)
2026-06-01 23:36:16.461 | warning  |           Metal | Profiler DRAM buffers were full, markers were dropped! device 0, worker core 10, 2, Risc NCRISC,  bufferEndIndex = 11752. Please either decrease the number of ops being profiled or run read device profiler more often (profiler.cpp:1532)
2026-06-01 23:36:16.461 | warning  |           Metal | Profiler DRAM buffers were full, markers were dropped! device 0, worker core 10, 3, Risc BRISC,  bufferEndIndex = 11884. Please either decrease the number of ops being profiled or run read device profiler more often (profiler.cpp:1532)
2026-06-01 23:36:16.462 | warning  |           Metal | Profiler DRAM buffers were full, markers were dropped! device 0, worker core 10, 3, Risc NCRISC,  bufferEndIndex = 11752. Please either decrease the number of ops being profiled or run read device profiler more often (profiler.cpp:1532)
2026-06-01 23:36:16.462 | warning  |           Metal | Profiler DRAM buffers were full, markers were dropped! device 0, worker core 10, 4, Risc BRISC,  bufferEndIndex = 11884. Please either decrease the number of ops being profiled or run read device profiler more often (profiler.cpp:1532)
2026-06-01 23:36:16.463 | warning  |           Metal | Profiler DRAM buffers were full, markers were dropped! device 0, worker core 10, 4, Risc NCRISC,  bufferEndIndex = 11752. Please either decrease the number of ops being profiled or run read device profiler more often (profiler.cpp:1532)
2026-06-01 23:36:16.463 | warning  |           Metal | Profiler DRAM buffers were full, markers were dropped! device 0, worker core 10, 5, Risc BRISC,  bufferEndIndex = 11884. Please either decrease the number of ops being profiled or run read device profiler more often (profiler.cpp:1532)
2026-06-01 23:36:16.464 | warning  |           Metal | Profiler DRAM buffers were full, markers were dropped! device 0, worker core 10, 5, Risc NCRISC,  bufferEndIndex = 11752. Please either decrease the number of ops being profiled or run read device profiler more often (profiler.cpp:1532)
2026-06-01 23:36:16.464 | warning  |           Metal | Profiler DRAM buffers were full, markers were dropped! device 0, worker core 10, 6, Risc BRISC,  bufferEndIndex = 11792. Please either decrease the number of ops being profiled or run read device profiler more often (profiler.cpp:1532)
2026-06-01 23:36:16.465 | warning  |           Metal | Profiler DRAM buffers were full, markers were dropped! device 0, worker core 10, 6, Risc NCRISC,  bufferEndIndex = 11992. Please either decrease the number of ops being profiled or run read device profiler more often (profiler.cpp:1532)
2026-06-01 23:36:16.466 | warning  |           Metal | Profiler DRAM buffers were full, markers were dropped! device 0, worker core 10, 7, Risc BRISC,  bufferEndIndex = 11792. Please either decrease the number of ops being profiled or run read device profiler more often (profiler.cpp:1532)
2026-06-01 23:36:16.466 | warning  |           Metal | Profiler DRAM buffers were full, markers were dropped! device 0, worker core 10, 7, Risc NCRISC,  bufferEndIndex = 11992. Please either decrease the number of ops being profiled or run read device profiler more often (profiler.cpp:1532)
2026-06-01 23:36:16.467 | warning  |           Metal | Profiler DRAM buffers were full, markers were dropped! device 0, worker core 10, 8, Risc BRISC,  bufferEndIndex = 11792. Please either decrease the number of ops being profiled or run read device profiler more often (profiler.cpp:1532)
2026-06-01 23:36:16.467 | warning  |           Metal | Profiler DRAM buffers were full, markers were dropped! device 0, worker core 10, 8, Risc NCRISC,  bufferEndIndex = 11992. Please either decrease the number of ops being profiled or run read device profiler more often (profiler.cpp:1532)
2026-06-01 23:36:16.468 | warning  |           Metal | Profiler DRAM buffers were full, markers were dropped! device 0, worker core 10, 9, Risc BRISC,  bufferEndIndex = 11792. Please either decrease the number of ops being profiled or run read device profiler more often (profiler.cpp:1532)
2026-06-01 23:36:16.468 | warning  |           Metal | Profiler DRAM buffers were full, markers were dropped! device 0, worker core 10, 9, Risc NCRISC,  bufferEndIndex = 11992. Please either decrease the number of ops being profiled or run read device profiler more often (profiler.cpp:1532)
2026-06-01 23:36:16.469 | warning  |           Metal | Profiler DRAM buffers were full, markers were dropped! device 0, worker core 10, 10, Risc BRISC,  bufferEndIndex = 11792. Please either decrease the number of ops being profiled or run read device profiler more often (profiler.cpp:1532)
2026-06-01 23:36:16.470 | warning  |           Metal | Profiler DRAM buffers were full, markers were dropped! device 0, worker core 10, 10, Risc NCRISC,  bufferEndIndex = 11992. Please either decrease the number of ops being profiled or run read device profiler more often (profiler.cpp:1532)
2026-06-01 23:36:16.470 | warning  |           Metal | Profiler DRAM buffers were full, markers were dropped! device 0, worker core 10, 11, Risc BRISC,  bufferEndIndex = 11792. Please either decrease the number of ops being profiled or run read device profiler more often (profiler.cpp:1532)
2026-06-01 23:36:16.471 | warning  |           Metal | Profiler DRAM buffers were full, markers were dropped! device 0, worker core 10, 11, Risc NCRISC,  bufferEndIndex = 11992. Please either decrease the number of ops being profiled or run read device profiler more often (profiler.cpp:1532)
2026-06-01 23:36:16.471 | warning  |           Metal | Profiler DRAM buffers were full, markers were dropped! device 0, worker core 11, 2, Risc BRISC,  bufferEndIndex = 11884. Please either decrease the number of ops being profiled or run read device profiler more often (profiler.cpp:1532)
2026-06-01 23:36:16.472 | warning  |           Metal | Profiler DRAM buffers were full, markers were dropped! device 0, worker core 11, 2, Risc NCRISC,  bufferEndIndex = 11752. Please either decrease the number of ops being profiled or run read device profiler more often (profiler.cpp:1532)
2026-06-01 23:36:16.472 | warning  |           Metal | Profiler DRAM buffers were full, markers were dropped! device 0, worker core 11, 3, Risc BRISC,  bufferEndIndex = 11884. Please either decrease the number of ops being profiled or run read device profiler more often (profiler.cpp:1532)
2026-06-01 23:36:16.473 | warning  |           Metal | Profiler DRAM buffers were full, markers were dropped! device 0, worker core 11, 3, Risc NCRISC,  bufferEndIndex = 11752. Please either decrease the number of ops being profiled or run read device profiler more often (profiler.cpp:1532)
2026-06-01 23:36:16.473 | warning  |           Metal | Profiler DRAM buffers were full, markers were dropped! device 0, worker core 11, 4, Risc BRISC,  bufferEndIndex = 11884. Please either decrease the number of ops being profiled or run read device profiler more often (profiler.cpp:1532)
2026-06-01 23:36:16.474 | warning  |           Metal | Profiler DRAM buffers were full, markers were dropped! device 0, worker core 11, 4, Risc NCRISC,  bufferEndIndex = 11752. Please either decrease the number of ops being profiled or run read device profiler more often (profiler.cpp:1532)
2026-06-01 23:36:16.475 | warning  |           Metal | Profiler DRAM buffers were full, markers were dropped! device 0, worker core 11, 5, Risc BRISC,  bufferEndIndex = 11884. Please either decrease the number of ops being profiled or run read device profiler more often (profiler.cpp:1532)
2026-06-01 23:36:16.475 | warning  |           Metal | Profiler DRAM buffers were full, markers were dropped! device 0, worker core 11, 5, Risc NCRISC,  bufferEndIndex = 11752. Please either decrease the number of ops being profiled or run read device profiler more often (profiler.cpp:1532)
2026-06-01 23:36:16.476 | warning  |           Metal | Profiler DRAM buffers were full, markers were dropped! device 0, worker core 11, 6, Risc BRISC,  bufferEndIndex = 11996. Please either decrease the number of ops being profiled or run read device profiler more often (profiler.cpp:1532)
2026-06-01 23:36:16.476 | warning  |           Metal | Profiler DRAM buffers were full, markers were dropped! device 0, worker core 11, 6, Risc NCRISC,  bufferEndIndex = 11992. Please either decrease the number of ops being profiled or run read device profiler more often (profiler.cpp:1532)
2026-06-01 23:36:16.477 | warning  |           Metal | Profiler DRAM buffers were full, markers were dropped! device 0, worker core 11, 7, Risc BRISC,  bufferEndIndex = 11792. Please either decrease the number of ops being profiled or run read device profiler more often (profiler.cpp:1532)
2026-06-01 23:36:16.477 | warning  |           Metal | Profiler DRAM buffers were full, markers were dropped! device 0, worker core 11, 7, Risc NCRISC,  bufferEndIndex = 11992. Please either decrease the number of ops being profiled or run read device profiler more often (profiler.cpp:1532)
2026-06-01 23:36:16.478 | warning  |           Metal | Profiler DRAM buffers were full, markers were dropped! device 0, worker core 11, 8, Risc BRISC,  bufferEndIndex = 11996. Please either decrease the number of ops being profiled or run read device profiler more often (profiler.cpp:1532)
2026-06-01 23:36:16.478 | warning  |           Metal | Profiler DRAM buffers were full, markers were dropped! device 0, worker core 11, 8, Risc NCRISC,  bufferEndIndex = 11992. Please either decrease the number of ops being profiled or run read device profiler more often (profiler.cpp:1532)
2026-06-01 23:36:16.479 | warning  |           Metal | Profiler DRAM buffers were full, markers were dropped! device 0, worker core 11, 9, Risc BRISC,  bufferEndIndex = 11996. Please either decrease the number of ops being profiled or run read device profiler more often (profiler.cpp:1532)
2026-06-01 23:36:16.480 | warning  |           Metal | Profiler DRAM buffers were full, markers were dropped! device 0, worker core 11, 9, Risc NCRISC,  bufferEndIndex = 11992. Please either decrease the number of ops being profiled or run read device profiler more often (profiler.cpp:1532)
2026-06-01 23:36:16.480 | warning  |           Metal | Profiler DRAM buffers were full, markers were dropped! device 0, worker core 11, 10, Risc BRISC,  bufferEndIndex = 11792. Please either decrease the number of ops being profiled or run read device profiler more often (profiler.cpp:1532)
2026-06-01 23:36:16.481 | warning  |           Metal | Profiler DRAM buffers were full, markers were dropped! device 0, worker core 11, 10, Risc NCRISC,  bufferEndIndex = 11992. Please either decrease the number of ops being profiled or run read device profiler more often (profiler.cpp:1532)
2026-06-01 23:36:16.481 | warning  |           Metal | Profiler DRAM buffers were full, markers were dropped! device 0, worker core 11, 11, Risc BRISC,  bufferEndIndex = 11792. Please either decrease the number of ops being profiled or run read device profiler more often (profiler.cpp:1532)
2026-06-01 23:36:16.482 | warning  |           Metal | Profiler DRAM buffers were full, markers were dropped! device 0, worker core 11, 11, Risc NCRISC,  bufferEndIndex = 11992. Please either decrease the number of ops being profiled or run read device profiler more often (profiler.cpp:1532)
2026-06-01 23:36:16.482 | warning  |           Metal | Profiler DRAM buffers were full, markers were dropped! device 0, worker core 12, 2, Risc BRISC,  bufferEndIndex = 11884. Please either decrease the number of ops being profiled or run read device profiler more often (profiler.cpp:1532)
2026-06-01 23:36:16.483 | warning  |           Metal | Profiler DRAM buffers were full, markers were dropped! device 0, worker core 12, 2, Risc NCRISC,  bufferEndIndex = 11752. Please either decrease the number of ops being profiled or run read device profiler more often (profiler.cpp:1532)
2026-06-01 23:36:16.483 | warning  |           Metal | Profiler DRAM buffers were full, markers were dropped! device 0, worker core 12, 3, Risc BRISC,  bufferEndIndex = 11884. Please either decrease the number of ops being profiled or run read device profiler more often (profiler.cpp:1532)
2026-06-01 23:36:16.484 | warning  |           Metal | Profiler DRAM buffers were full, markers were dropped! device 0, worker core 12, 3, Risc NCRISC,  bufferEndIndex = 11752. Please either decrease the number of ops being profiled or run read device profiler more often (profiler.cpp:1532)
2026-06-01 23:36:16.485 | warning  |           Metal | Profiler DRAM buffers were full, markers were dropped! device 0, worker core 12, 4, Risc BRISC,  bufferEndIndex = 11884. Please either decrease the number of ops being profiled or run read device profiler more often (profiler.cpp:1532)
2026-06-01 23:36:16.485 | warning  |           Metal | Profiler DRAM buffers were full, markers were dropped! device 0, worker core 12, 4, Risc NCRISC,  bufferEndIndex = 11752. Please either decrease the number of ops being profiled or run read device profiler more often (profiler.cpp:1532)
2026-06-01 23:36:16.486 | warning  |           Metal | Profiler DRAM buffers were full, markers were dropped! device 0, worker core 12, 5, Risc BRISC,  bufferEndIndex = 11884. Please either decrease the number of ops being profiled or run read device profiler more often (profiler.cpp:1532)
2026-06-01 23:36:16.486 | warning  |           Metal | Profiler DRAM buffers were full, markers were dropped! device 0, worker core 12, 5, Risc NCRISC,  bufferEndIndex = 11752. Please either decrease the number of ops being profiled or run read device profiler more often (profiler.cpp:1532)
2026-06-01 23:36:16.487 | warning  |           Metal | Profiler DRAM buffers were full, markers were dropped! device 0, worker core 12, 6, Risc BRISC,  bufferEndIndex = 11792. Please either decrease the number of ops being profiled or run read device profiler more often (profiler.cpp:1532)
2026-06-01 23:36:16.487 | warning  |           Metal | Profiler DRAM buffers were full, markers were dropped! device 0, worker core 12, 6, Risc NCRISC,  bufferEndIndex = 11992. Please either decrease the number of ops being profiled or run read device profiler more often (profiler.cpp:1532)
2026-06-01 23:36:16.488 | warning  |           Metal | Profiler DRAM buffers were full, markers were dropped! device 0, worker core 12, 7, Risc BRISC,  bufferEndIndex = 11792. Please either decrease the number of ops being profiled or run read device profiler more often (profiler.cpp:1532)
2026-06-01 23:36:16.488 | warning  |           Metal | Profiler DRAM buffers were full, markers were dropped! device 0, worker core 12, 7, Risc NCRISC,  bufferEndIndex = 11992. Please either decrease the number of ops being profiled or run read device profiler more often (profiler.cpp:1532)
2026-06-01 23:36:16.489 | warning  |           Metal | Profiler DRAM buffers were full, markers were dropped! device 0, worker core 12, 8, Risc BRISC,  bufferEndIndex = 11792. Please either decrease the number of ops being profiled or run read device profiler more often (profiler.cpp:1532)
2026-06-01 23:36:16.489 | warning  |           Metal | Profiler DRAM buffers were full, markers were dropped! device 0, worker core 12, 8, Risc NCRISC,  bufferEndIndex = 11992. Please either decrease the number of ops being profiled or run read device profiler more often (profiler.cpp:1532)
2026-06-01 23:36:16.490 | warning  |           Metal | Profiler DRAM buffers were full, markers were dropped! device 0, worker core 12, 9, Risc BRISC,  bufferEndIndex = 11792. Please either decrease the number of ops being profiled or run read device profiler more often (profiler.cpp:1532)
2026-06-01 23:36:16.491 | warning  |           Metal | Profiler DRAM buffers were full, markers were dropped! device 0, worker core 12, 9, Risc NCRISC,  bufferEndIndex = 11992. Please either decrease the number of ops being profiled or run read device profiler more often (profiler.cpp:1532)
2026-06-01 23:36:16.491 | warning  |           Metal | Profiler DRAM buffers were full, markers were dropped! device 0, worker core 12, 10, Risc BRISC,  bufferEndIndex = 11792. Please either decrease the number of ops being profiled or run read device profiler more often (profiler.cpp:1532)
2026-06-01 23:36:16.492 | warning  |           Metal | Profiler DRAM buffers were full, markers were dropped! device 0, worker core 12, 10, Risc NCRISC,  bufferEndIndex = 11992. Please either decrease the number of ops being profiled or run read device profiler more often (profiler.cpp:1532)
2026-06-01 23:36:16.492 | warning  |           Metal | Profiler DRAM buffers were full, markers were dropped! device 0, worker core 12, 11, Risc BRISC,  bufferEndIndex = 11792. Please either decrease the number of ops being profiled or run read device profiler more often (profiler.cpp:1532)
2026-06-01 23:36:16.493 | warning  |           Metal | Profiler DRAM buffers were full, markers were dropped! device 0, worker core 12, 11, Risc NCRISC,  bufferEndIndex = 11992. Please either decrease the number of ops being profiled or run read device profiler more often (profiler.cpp:1532)
2026-06-01 23:36:16.493 | warning  |           Metal | Profiler DRAM buffers were full, markers were dropped! device 0, worker core 13, 2, Risc BRISC,  bufferEndIndex = 11884. Please either decrease the number of ops being profiled or run read device profiler more often (profiler.cpp:1532)
2026-06-01 23:36:16.494 | warning  |           Metal | Profiler DRAM buffers were full, markers were dropped! device 0, worker core 13, 2, Risc NCRISC,  bufferEndIndex = 11752. Please either decrease the number of ops being profiled or run read device profiler more often (profiler.cpp:1532)
2026-06-01 23:36:16.494 | warning  |           Metal | Profiler DRAM buffers were full, markers were dropped! device 0, worker core 13, 3, Risc BRISC,  bufferEndIndex = 11884. Please either decrease the number of ops being profiled or run read device profiler more often (profiler.cpp:1532)
2026-06-01 23:36:16.495 | warning  |           Metal | Profiler DRAM buffers were full, markers were dropped! device 0, worker core 13, 3, Risc NCRISC,  bufferEndIndex = 11752. Please either decrease the number of ops being profiled or run read device profiler more often (profiler.cpp:1532)
2026-06-01 23:36:16.495 | warning  |           Metal | Profiler DRAM buffers were full, markers were dropped! device 0, worker core 13, 4, Risc BRISC,  bufferEndIndex = 11884. Please either decrease the number of ops being profiled or run read device profiler more often (profiler.cpp:1532)
2026-06-01 23:36:16.496 | warning  |           Metal | Profiler DRAM buffers were full, markers were dropped! device 0, worker core 13, 4, Risc NCRISC,  bufferEndIndex = 11752. Please either decrease the number of ops being profiled or run read device profiler more often (profiler.cpp:1532)
2026-06-01 23:36:16.496 | warning  |           Metal | Profiler DRAM buffers were full, markers were dropped! device 0, worker core 13, 5, Risc BRISC,  bufferEndIndex = 11884. Please either decrease the number of ops being profiled or run read device profiler more often (profiler.cpp:1532)
2026-06-01 23:36:16.497 | warning  |           Metal | Profiler DRAM buffers were full, markers were dropped! device 0, worker core 13, 5, Risc NCRISC,  bufferEndIndex = 11752. Please either decrease the number of ops being profiled or run read device profiler more often (profiler.cpp:1532)
2026-06-01 23:36:16.498 | warning  |           Metal | Profiler DRAM buffers were full, markers were dropped! device 0, worker core 13, 6, Risc BRISC,  bufferEndIndex = 11792. Please either decrease the number of ops being profiled or run read device profiler more often (profiler.cpp:1532)
2026-06-01 23:36:16.498 | warning  |           Metal | Profiler DRAM buffers were full, markers were dropped! device 0, worker core 13, 6, Risc NCRISC,  bufferEndIndex = 11992. Please either decrease the number of ops being profiled or run read device profiler more often (profiler.cpp:1532)
2026-06-01 23:36:16.499 | warning  |           Metal | Profiler DRAM buffers were full, markers were dropped! device 0, worker core 13, 7, Risc BRISC,  bufferEndIndex = 11792. Please either decrease the number of ops being profiled or run read device profiler more often (profiler.cpp:1532)
2026-06-01 23:36:16.499 | warning  |           Metal | Profiler DRAM buffers were full, markers were dropped! device 0, worker core 13, 7, Risc NCRISC,  bufferEndIndex = 11992. Please either decrease the number of ops being profiled or run read device profiler more often (profiler.cpp:1532)
2026-06-01 23:36:16.500 | warning  |           Metal | Profiler DRAM buffers were full, markers were dropped! device 0, worker core 13, 8, Risc BRISC,  bufferEndIndex = 11792. Please either decrease the number of ops being profiled or run read device profiler more often (profiler.cpp:1532)
2026-06-01 23:36:16.500 | warning  |           Metal | Profiler DRAM buffers were full, markers were dropped! device 0, worker core 13, 8, Risc NCRISC,  bufferEndIndex = 11992. Please either decrease the number of ops being profiled or run read device profiler more often (profiler.cpp:1532)
2026-06-01 23:36:16.501 | warning  |           Metal | Profiler DRAM buffers were full, markers were dropped! device 0, worker core 13, 9, Risc BRISC,  bufferEndIndex = 11792. Please either decrease the number of ops being profiled or run read device profiler more often (profiler.cpp:1532)
2026-06-01 23:36:16.501 | warning  |           Metal | Profiler DRAM buffers were full, markers were dropped! device 0, worker core 13, 9, Risc NCRISC,  bufferEndIndex = 11992. Please either decrease the number of ops being profiled or run read device profiler more often (profiler.cpp:1532)
2026-06-01 23:36:16.502 | warning  |           Metal | Profiler DRAM buffers were full, markers were dropped! device 0, worker core 13, 10, Risc BRISC,  bufferEndIndex = 11792. Please either decrease the number of ops being profiled or run read device profiler more often (profiler.cpp:1532)
2026-06-01 23:36:16.502 | warning  |           Metal | Profiler DRAM buffers were full, markers were dropped! device 0, worker core 13, 10, Risc NCRISC,  bufferEndIndex = 11992. Please either decrease the number of ops being profiled or run read device profiler more often (profiler.cpp:1532)
2026-06-01 23:36:16.503 | warning  |           Metal | Profiler DRAM buffers were full, markers were dropped! device 0, worker core 13, 11, Risc BRISC,  bufferEndIndex = 11792. Please either decrease the number of ops being profiled or run read device profiler more often (profiler.cpp:1532)
2026-06-01 23:36:16.503 | warning  |           Metal | Profiler DRAM buffers were full, markers were dropped! device 0, worker core 13, 11, Risc NCRISC,  bufferEndIndex = 11992. Please either decrease the number of ops being profiled or run read device profiler more often (profiler.cpp:1532)
2026-06-01 23:36:17.353 | warning  |          Always | Profiler NoC events are enabled; this can add 1-15% cycle overhead to typical operations! (profiler.cpp:2499)
[SORT] stage=RP P=3369033 P_kept=3369033 num_tiles=1024 max_tile_n=26544 bin=10.03 up=0.29 kernel=7.89 d2h=0.00 compact=0.00 publish=0.02 total=18.39ms
[FUSED_TILE] upload+exec+readback=206.2 ms (single Finish sort-publish+cull+blend)
[BLEND_DEVICE] resident_blend=209.3 ms (host_build=0)
2026-06-01 23:36:24.371 | warning  |           Metal | Profiler DRAM buffers were full, markers were dropped! device 0, worker core 1, 2, Risc BRISC,  bufferEndIndex = 11896. Please either decrease the number of ops being profiled or run read device profiler more often (profiler.cpp:1532)
2026-06-01 23:36:24.371 | warning  |           Metal | Profiler DRAM buffers were full, markers were dropped! device 0, worker core 1, 2, Risc NCRISC,  bufferEndIndex = 11764. Please either decrease the number of ops being profiled or run read device profiler more often (profiler.cpp:1532)
2026-06-01 23:36:24.371 | warning  |           Metal | Profiler DRAM buffers were full, markers were dropped! device 0, worker core 1, 3, Risc BRISC,  bufferEndIndex = 11884. Please either decrease the number of ops being profiled or run read device profiler more often (profiler.cpp:1532)
2026-06-01 23:36:24.372 | warning  |           Metal | Profiler DRAM buffers were full, markers were dropped! device 0, worker core 1, 3, Risc NCRISC,  bufferEndIndex = 11752. Please either decrease the number of ops being profiled or run read device profiler more often (profiler.cpp:1532)
2026-06-01 23:36:24.372 | warning  |           Metal | Profiler DRAM buffers were full, markers were dropped! device 0, worker core 1, 4, Risc BRISC,  bufferEndIndex = 11884. Please either decrease the number of ops being profiled or run read device profiler more often (profiler.cpp:1532)
2026-06-01 23:36:24.372 | warning  |           Metal | Profiler DRAM buffers were full, markers were dropped! device 0, worker core 1, 4, Risc NCRISC,  bufferEndIndex = 11752. Please either decrease the number of ops being profiled or run read device profiler more often (profiler.cpp:1532)
2026-06-01 23:36:24.373 | warning  |           Metal | Profiler DRAM buffers were full, markers were dropped! device 0, worker core 1, 5, Risc BRISC,  bufferEndIndex = 11884. Please either decrease the number of ops being profiled or run read device profiler more often (profiler.cpp:1532)
2026-06-01 23:36:24.373 | warning  |           Metal | Profiler DRAM buffers were full, markers were dropped! device 0, worker core 1, 5, Risc NCRISC,  bufferEndIndex = 11752. Please either decrease the number of ops being profiled or run read device profiler more often (profiler.cpp:1532)
2026-06-01 23:36:24.374 | warning  |           Metal | Profiler DRAM buffers were full, markers were dropped! device 0, worker core 1, 6, Risc BRISC,  bufferEndIndex = 11884. Please either decrease the number of ops being profiled or run read device profiler more often (profiler.cpp:1532)
2026-06-01 23:36:24.374 | warning  |           Metal | Profiler DRAM buffers were full, markers were dropped! device 0, worker core 1, 6, Risc NCRISC,  bufferEndIndex = 11752. Please either decrease the number of ops being profiled or run read device profiler more often (profiler.cpp:1532)
2026-06-01 23:36:24.374 | warning  |           Metal | Profiler DRAM buffers were full, markers were dropped! device 0, worker core 1, 7, Risc BRISC,  bufferEndIndex = 11792. Please either decrease the number of ops being profiled or run read device profiler more often (profiler.cpp:1532)
2026-06-01 23:36:24.375 | warning  |           Metal | Profiler DRAM buffers were full, markers were dropped! device 0, worker core 1, 7, Risc NCRISC,  bufferEndIndex = 11992. Please either decrease the number of ops being profiled or run read device profiler more often (profiler.cpp:1532)
2026-06-01 23:36:24.375 | warning  |           Metal | Profiler DRAM buffers were full, markers were dropped! device 0, worker core 1, 8, Risc BRISC,  bufferEndIndex = 11996. Please either decrease the number of ops being profiled or run read device profiler more often (profiler.cpp:1532)
2026-06-01 23:36:24.375 | warning  |           Metal | Profiler DRAM buffers were full, markers were dropped! device 0, worker core 1, 8, Risc NCRISC,  bufferEndIndex = 11992. Please either decrease the number of ops being profiled or run read device profiler more often (profiler.cpp:1532)
2026-06-01 23:36:24.376 | warning  |           Metal | Profiler DRAM buffers were full, markers were dropped! device 0, worker core 1, 9, Risc BRISC,  bufferEndIndex = 11988. Please either decrease the number of ops being profiled or run read device profiler more often (profiler.cpp:1532)
2026-06-01 23:36:24.376 | warning  |           Metal | Profiler DRAM buffers were full, markers were dropped! device 0, worker core 1, 9, Risc NCRISC,  bufferEndIndex = 11992. Please either decrease the number of ops being profiled or run read device profiler more often (profiler.cpp:1532)
2026-06-01 23:36:24.377 | warning  |           Metal | Profiler DRAM buffers were full, markers were dropped! device 0, worker core 1, 10, Risc BRISC,  bufferEndIndex = 11996. Please either decrease the number of ops being profiled or run read device profiler more often (profiler.cpp:1532)
2026-06-01 23:36:24.377 | warning  |           Metal | Profiler DRAM buffers were full, markers were dropped! device 0, worker core 1, 10, Risc NCRISC,  bufferEndIndex = 11992. Please either decrease the number of ops being profiled or run read device profiler more often (profiler.cpp:1532)
2026-06-01 23:36:24.377 | warning  |           Metal | Profiler DRAM buffers were full, markers were dropped! device 0, worker core 1, 11, Risc BRISC,  bufferEndIndex = 11792. Please either decrease the number of ops being profiled or run read device profiler more often (profiler.cpp:1532)
2026-06-01 23:36:24.378 | warning  |           Metal | Profiler DRAM buffers were full, markers were dropped! device 0, worker core 1, 11, Risc NCRISC,  bufferEndIndex = 11992. Please either decrease the number of ops being profiled or run read device profiler more often (profiler.cpp:1532)
2026-06-01 23:36:24.378 | warning  |           Metal | Profiler DRAM buffers were full, markers were dropped! device 0, worker core 2, 2, Risc BRISC,  bufferEndIndex = 11884. Please either decrease the number of ops being profiled or run read device profiler more often (profiler.cpp:1532)
2026-06-01 23:36:24.378 | warning  |           Metal | Profiler DRAM buffers were full, markers were dropped! device 0, worker core 2, 2, Risc NCRISC,  bufferEndIndex = 11752. Please either decrease the number of ops being profiled or run read device profiler more often (profiler.cpp:1532)
2026-06-01 23:36:24.379 | warning  |           Metal | Profiler DRAM buffers were full, markers were dropped! device 0, worker core 2, 3, Risc BRISC,  bufferEndIndex = 11884. Please either decrease the number of ops being profiled or run read device profiler more often (profiler.cpp:1532)
2026-06-01 23:36:24.379 | warning  |           Metal | Profiler DRAM buffers were full, markers were dropped! device 0, worker core 2, 3, Risc NCRISC,  bufferEndIndex = 11752. Please either decrease the number of ops being profiled or run read device profiler more often (profiler.cpp:1532)
2026-06-01 23:36:24.380 | warning  |           Metal | Profiler DRAM buffers were full, markers were dropped! device 0, worker core 2, 4, Risc BRISC,  bufferEndIndex = 11884. Please either decrease the number of ops being profiled or run read device profiler more often (profiler.cpp:1532)
2026-06-01 23:36:24.380 | warning  |           Metal | Profiler DRAM buffers were full, markers were dropped! device 0, worker core 2, 4, Risc NCRISC,  bufferEndIndex = 11752. Please either decrease the number of ops being profiled or run read device profiler more often (profiler.cpp:1532)
2026-06-01 23:36:24.380 | warning  |           Metal | Profiler DRAM buffers were full, markers were dropped! device 0, worker core 2, 5, Risc BRISC,  bufferEndIndex = 11884. Please either decrease the number of ops being profiled or run read device profiler more often (profiler.cpp:1532)
2026-06-01 23:36:24.381 | warning  |           Metal | Profiler DRAM buffers were full, markers were dropped! device 0, worker core 2, 5, Risc NCRISC,  bufferEndIndex = 11752. Please either decrease the number of ops being profiled or run read device profiler more often (profiler.cpp:1532)
2026-06-01 23:36:24.381 | warning  |           Metal | Profiler DRAM buffers were full, markers were dropped! device 0, worker core 2, 6, Risc BRISC,  bufferEndIndex = 11884. Please either decrease the number of ops being profiled or run read device profiler more often (profiler.cpp:1532)
2026-06-01 23:36:24.381 | warning  |           Metal | Profiler DRAM buffers were full, markers were dropped! device 0, worker core 2, 6, Risc NCRISC,  bufferEndIndex = 11752. Please either decrease the number of ops being profiled or run read device profiler more often (profiler.cpp:1532)
2026-06-01 23:36:24.382 | warning  |           Metal | Profiler DRAM buffers were full, markers were dropped! device 0, worker core 2, 7, Risc BRISC,  bufferEndIndex = 11996. Please either decrease the number of ops being profiled or run read device profiler more often (profiler.cpp:1532)
2026-06-01 23:36:24.382 | warning  |           Metal | Profiler DRAM buffers were full, markers were dropped! device 0, worker core 2, 7, Risc NCRISC,  bufferEndIndex = 11992. Please either decrease the number of ops being profiled or run read device profiler more often (profiler.cpp:1532)
2026-06-01 23:36:24.382 | warning  |           Metal | Profiler DRAM buffers were full, markers were dropped! device 0, worker core 2, 8, Risc BRISC,  bufferEndIndex = 11792. Please either decrease the number of ops being profiled or run read device profiler more often (profiler.cpp:1532)
2026-06-01 23:36:24.383 | warning  |           Metal | Profiler DRAM buffers were full, markers were dropped! device 0, worker core 2, 8, Risc NCRISC,  bufferEndIndex = 11992. Please either decrease the number of ops being profiled or run read device profiler more often (profiler.cpp:1532)
2026-06-01 23:36:24.383 | warning  |           Metal | Profiler DRAM buffers were full, markers were dropped! device 0, worker core 2, 9, Risc BRISC,  bufferEndIndex = 11996. Please either decrease the number of ops being profiled or run read device profiler more often (profiler.cpp:1532)
2026-06-01 23:36:24.384 | warning  |           Metal | Profiler DRAM buffers were full, markers were dropped! device 0, worker core 2, 9, Risc NCRISC,  bufferEndIndex = 11992. Please either decrease the number of ops being profiled or run read device profiler more often (profiler.cpp:1532)
2026-06-01 23:36:24.384 | warning  |           Metal | Profiler DRAM buffers were full, markers were dropped! device 0, worker core 2, 10, Risc BRISC,  bufferEndIndex = 11792. Please either decrease the number of ops being profiled or run read device profiler more often (profiler.cpp:1532)
2026-06-01 23:36:24.384 | warning  |           Metal | Profiler DRAM buffers were full, markers were dropped! device 0, worker core 2, 10, Risc NCRISC,  bufferEndIndex = 11992. Please either decrease the number of ops being profiled or run read device profiler more often (profiler.cpp:1532)
2026-06-01 23:36:24.385 | warning  |           Metal | Profiler DRAM buffers were full, markers were dropped! device 0, worker core 2, 11, Risc BRISC,  bufferEndIndex = 11996. Please either decrease the number of ops being profiled or run read device profiler more often (profiler.cpp:1532)
2026-06-01 23:36:24.385 | warning  |           Metal | Profiler DRAM buffers were full, markers were dropped! device 0, worker core 2, 11, Risc NCRISC,  bufferEndIndex = 11992. Please either decrease the number of ops being profiled or run read device profiler more often (profiler.cpp:1532)
2026-06-01 23:36:24.385 | warning  |           Metal | Profiler DRAM buffers were full, markers were dropped! device 0, worker core 3, 2, Risc BRISC,  bufferEndIndex = 11884. Please either decrease the number of ops being profiled or run read device profiler more often (profiler.cpp:1532)
2026-06-01 23:36:24.386 | warning  |           Metal | Profiler DRAM buffers were full, markers were dropped! device 0, worker core 3, 2, Risc NCRISC,  bufferEndIndex = 11752. Please either decrease the number of ops being profiled or run read device profiler more often (profiler.cpp:1532)
2026-06-01 23:36:24.386 | warning  |           Metal | Profiler DRAM buffers were full, markers were dropped! device 0, worker core 3, 3, Risc BRISC,  bufferEndIndex = 11884. Please either decrease the number of ops being profiled or run read device profiler more often (profiler.cpp:1532)
2026-06-01 23:36:24.386 | warning  |           Metal | Profiler DRAM buffers were full, markers were dropped! device 0, worker core 3, 3, Risc NCRISC,  bufferEndIndex = 11752. Please either decrease the number of ops being profiled or run read device profiler more often (profiler.cpp:1532)
2026-06-01 23:36:24.387 | warning  |           Metal | Profiler DRAM buffers were full, markers were dropped! device 0, worker core 3, 4, Risc BRISC,  bufferEndIndex = 11884. Please either decrease the number of ops being profiled or run read device profiler more often (profiler.cpp:1532)
2026-06-01 23:36:24.387 | warning  |           Metal | Profiler DRAM buffers were full, markers were dropped! device 0, worker core 3, 4, Risc NCRISC,  bufferEndIndex = 11752. Please either decrease the number of ops being profiled or run read device profiler more often (profiler.cpp:1532)
2026-06-01 23:36:24.388 | warning  |           Metal | Profiler DRAM buffers were full, markers were dropped! device 0, worker core 3, 5, Risc BRISC,  bufferEndIndex = 11884. Please either decrease the number of ops being profiled or run read device profiler more often (profiler.cpp:1532)
2026-06-01 23:36:24.388 | warning  |           Metal | Profiler DRAM buffers were full, markers were dropped! device 0, worker core 3, 5, Risc NCRISC,  bufferEndIndex = 11752. Please either decrease the number of ops being profiled or run read device profiler more often (profiler.cpp:1532)
2026-06-01 23:36:24.388 | warning  |           Metal | Profiler DRAM buffers were full, markers were dropped! device 0, worker core 3, 6, Risc BRISC,  bufferEndIndex = 11884. Please either decrease the number of ops being profiled or run read device profiler more often (profiler.cpp:1532)
2026-06-01 23:36:24.389 | warning  |           Metal | Profiler DRAM buffers were full, markers were dropped! device 0, worker core 3, 6, Risc NCRISC,  bufferEndIndex = 11752. Please either decrease the number of ops being profiled or run read device profiler more often (profiler.cpp:1532)
2026-06-01 23:36:24.389 | warning  |           Metal | Profiler DRAM buffers were full, markers were dropped! device 0, worker core 3, 7, Risc BRISC,  bufferEndIndex = 11792. Please either decrease the number of ops being profiled or run read device profiler more often (profiler.cpp:1532)
2026-06-01 23:36:24.389 | warning  |           Metal | Profiler DRAM buffers were full, markers were dropped! device 0, worker core 3, 7, Risc NCRISC,  bufferEndIndex = 11992. Please either decrease the number of ops being profiled or run read device profiler more often (profiler.cpp:1532)
2026-06-01 23:36:24.390 | warning  |           Metal | Profiler DRAM buffers were full, markers were dropped! device 0, worker core 3, 8, Risc BRISC,  bufferEndIndex = 11996. Please either decrease the number of ops being profiled or run read device profiler more often (profiler.cpp:1532)
2026-06-01 23:36:24.390 | warning  |           Metal | Profiler DRAM buffers were full, markers were dropped! device 0, worker core 3, 8, Risc NCRISC,  bufferEndIndex = 11992. Please either decrease the number of ops being profiled or run read device profiler more often (profiler.cpp:1532)
2026-06-01 23:36:24.390 | warning  |           Metal | Profiler DRAM buffers were full, markers were dropped! device 0, worker core 3, 9, Risc BRISC,  bufferEndIndex = 11792. Please either decrease the number of ops being profiled or run read device profiler more often (profiler.cpp:1532)
2026-06-01 23:36:24.391 | warning  |           Metal | Profiler DRAM buffers were full, markers were dropped! device 0, worker core 3, 9, Risc NCRISC,  bufferEndIndex = 11992. Please either decrease the number of ops being profiled or run read device profiler more often (profiler.cpp:1532)
2026-06-01 23:36:24.391 | warning  |           Metal | Profiler DRAM buffers were full, markers were dropped! device 0, worker core 3, 10, Risc BRISC,  bufferEndIndex = 11996. Please either decrease the number of ops being profiled or run read device profiler more often (profiler.cpp:1532)
2026-06-01 23:36:24.391 | warning  |           Metal | Profiler DRAM buffers were full, markers were dropped! device 0, worker core 3, 10, Risc NCRISC,  bufferEndIndex = 11992. Please either decrease the number of ops being profiled or run read device profiler more often (profiler.cpp:1532)
2026-06-01 23:36:24.392 | warning  |           Metal | Profiler DRAM buffers were full, markers were dropped! device 0, worker core 3, 11, Risc BRISC,  bufferEndIndex = 11792. Please either decrease the number of ops being profiled or run read device profiler more often (profiler.cpp:1532)
2026-06-01 23:36:24.392 | warning  |           Metal | Profiler DRAM buffers were full, markers were dropped! device 0, worker core 3, 11, Risc NCRISC,  bufferEndIndex = 11992. Please either decrease the number of ops being profiled or run read device profiler more often (profiler.cpp:1532)
2026-06-01 23:36:24.393 | warning  |           Metal | Profiler DRAM buffers were full, markers were dropped! device 0, worker core 4, 2, Risc BRISC,  bufferEndIndex = 11884. Please either decrease the number of ops being profiled or run read device profiler more often (profiler.cpp:1532)
2026-06-01 23:36:24.393 | warning  |           Metal | Profiler DRAM buffers were full, markers were dropped! device 0, worker core 4, 2, Risc NCRISC,  bufferEndIndex = 11752. Please either decrease the number of ops being profiled or run read device profiler more often (profiler.cpp:1532)
2026-06-01 23:36:24.393 | warning  |           Metal | Profiler DRAM buffers were full, markers were dropped! device 0, worker core 4, 3, Risc BRISC,  bufferEndIndex = 11884. Please either decrease the number of ops being profiled or run read device profiler more often (profiler.cpp:1532)
2026-06-01 23:36:24.394 | warning  |           Metal | Profiler DRAM buffers were full, markers were dropped! device 0, worker core 4, 3, Risc NCRISC,  bufferEndIndex = 11752. Please either decrease the number of ops being profiled or run read device profiler more often (profiler.cpp:1532)
2026-06-01 23:36:24.394 | warning  |           Metal | Profiler DRAM buffers were full, markers were dropped! device 0, worker core 4, 4, Risc BRISC,  bufferEndIndex = 11884. Please either decrease the number of ops being profiled or run read device profiler more often (profiler.cpp:1532)
2026-06-01 23:36:24.394 | warning  |           Metal | Profiler DRAM buffers were full, markers were dropped! device 0, worker core 4, 4, Risc NCRISC,  bufferEndIndex = 11752. Please either decrease the number of ops being profiled or run read device profiler more often (profiler.cpp:1532)
2026-06-01 23:36:24.395 | warning  |           Metal | Profiler DRAM buffers were full, markers were dropped! device 0, worker core 4, 5, Risc BRISC,  bufferEndIndex = 11884. Please either decrease the number of ops being profiled or run read device profiler more often (profiler.cpp:1532)
2026-06-01 23:36:24.395 | warning  |           Metal | Profiler DRAM buffers were full, markers were dropped! device 0, worker core 4, 5, Risc NCRISC,  bufferEndIndex = 11752. Please either decrease the number of ops being profiled or run read device profiler more often (profiler.cpp:1532)
2026-06-01 23:36:24.395 | warning  |           Metal | Profiler DRAM buffers were full, markers were dropped! device 0, worker core 4, 6, Risc BRISC,  bufferEndIndex = 11884. Please either decrease the number of ops being profiled or run read device profiler more often (profiler.cpp:1532)
2026-06-01 23:36:24.396 | warning  |           Metal | Profiler DRAM buffers were full, markers were dropped! device 0, worker core 4, 6, Risc NCRISC,  bufferEndIndex = 11752. Please either decrease the number of ops being profiled or run read device profiler more often (profiler.cpp:1532)
2026-06-01 23:36:24.396 | warning  |           Metal | Profiler DRAM buffers were full, markers were dropped! device 0, worker core 4, 7, Risc BRISC,  bufferEndIndex = 11996. Please either decrease the number of ops being profiled or run read device profiler more often (profiler.cpp:1532)
2026-06-01 23:36:24.396 | warning  |           Metal | Profiler DRAM buffers were full, markers were dropped! device 0, worker core 4, 7, Risc NCRISC,  bufferEndIndex = 11992. Please either decrease the number of ops being profiled or run read device profiler more often (profiler.cpp:1532)
2026-06-01 23:36:24.397 | warning  |           Metal | Profiler DRAM buffers were full, markers were dropped! device 0, worker core 4, 8, Risc BRISC,  bufferEndIndex = 11792. Please either decrease the number of ops being profiled or run read device profiler more often (profiler.cpp:1532)
2026-06-01 23:36:24.397 | warning  |           Metal | Profiler DRAM buffers were full, markers were dropped! device 0, worker core 4, 8, Risc NCRISC,  bufferEndIndex = 11992. Please either decrease the number of ops being profiled or run read device profiler more often (profiler.cpp:1532)
2026-06-01 23:36:24.397 | warning  |           Metal | Profiler DRAM buffers were full, markers were dropped! device 0, worker core 4, 9, Risc BRISC,  bufferEndIndex = 11996. Please either decrease the number of ops being profiled or run read device profiler more often (profiler.cpp:1532)
2026-06-01 23:36:24.398 | warning  |           Metal | Profiler DRAM buffers were full, markers were dropped! device 0, worker core 4, 9, Risc NCRISC,  bufferEndIndex = 11992. Please either decrease the number of ops being profiled or run read device profiler more often (profiler.cpp:1532)
2026-06-01 23:36:24.398 | warning  |           Metal | Profiler DRAM buffers were full, markers were dropped! device 0, worker core 4, 10, Risc BRISC,  bufferEndIndex = 11996. Please either decrease the number of ops being profiled or run read device profiler more often (profiler.cpp:1532)
2026-06-01 23:36:24.399 | warning  |           Metal | Profiler DRAM buffers were full, markers were dropped! device 0, worker core 4, 10, Risc NCRISC,  bufferEndIndex = 11992. Please either decrease the number of ops being profiled or run read device profiler more often (profiler.cpp:1532)
2026-06-01 23:36:24.399 | warning  |           Metal | Profiler DRAM buffers were full, markers were dropped! device 0, worker core 4, 11, Risc BRISC,  bufferEndIndex = 11792. Please either decrease the number of ops being profiled or run read device profiler more often (profiler.cpp:1532)
2026-06-01 23:36:24.399 | warning  |           Metal | Profiler DRAM buffers were full, markers were dropped! device 0, worker core 4, 11, Risc NCRISC,  bufferEndIndex = 11992. Please either decrease the number of ops being profiled or run read device profiler more often (profiler.cpp:1532)
2026-06-01 23:36:24.400 | warning  |           Metal | Profiler DRAM buffers were full, markers were dropped! device 0, worker core 5, 2, Risc BRISC,  bufferEndIndex = 11884. Please either decrease the number of ops being profiled or run read device profiler more often (profiler.cpp:1532)
2026-06-01 23:36:24.400 | warning  |           Metal | Profiler DRAM buffers were full, markers were dropped! device 0, worker core 5, 2, Risc NCRISC,  bufferEndIndex = 11752. Please either decrease the number of ops being profiled or run read device profiler more often (profiler.cpp:1532)
2026-06-01 23:36:24.400 | warning  |           Metal | Profiler DRAM buffers were full, markers were dropped! device 0, worker core 5, 3, Risc BRISC,  bufferEndIndex = 11884. Please either decrease the number of ops being profiled or run read device profiler more often (profiler.cpp:1532)
2026-06-01 23:36:24.401 | warning  |           Metal | Profiler DRAM buffers were full, markers were dropped! device 0, worker core 5, 3, Risc NCRISC,  bufferEndIndex = 11752. Please either decrease the number of ops being profiled or run read device profiler more often (profiler.cpp:1532)
2026-06-01 23:36:24.401 | warning  |           Metal | Profiler DRAM buffers were full, markers were dropped! device 0, worker core 5, 4, Risc BRISC,  bufferEndIndex = 11884. Please either decrease the number of ops being profiled or run read device profiler more often (profiler.cpp:1532)
2026-06-01 23:36:24.401 | warning  |           Metal | Profiler DRAM buffers were full, markers were dropped! device 0, worker core 5, 4, Risc NCRISC,  bufferEndIndex = 11752. Please either decrease the number of ops being profiled or run read device profiler more often (profiler.cpp:1532)
2026-06-01 23:36:24.402 | warning  |           Metal | Profiler DRAM buffers were full, markers were dropped! device 0, worker core 5, 5, Risc BRISC,  bufferEndIndex = 11884. Please either decrease the number of ops being profiled or run read device profiler more often (profiler.cpp:1532)
2026-06-01 23:36:24.402 | warning  |           Metal | Profiler DRAM buffers were full, markers were dropped! device 0, worker core 5, 5, Risc NCRISC,  bufferEndIndex = 11752. Please either decrease the number of ops being profiled or run read device profiler more often (profiler.cpp:1532)
2026-06-01 23:36:24.402 | warning  |           Metal | Profiler DRAM buffers were full, markers were dropped! device 0, worker core 5, 6, Risc BRISC,  bufferEndIndex = 11884. Please either decrease the number of ops being profiled or run read device profiler more often (profiler.cpp:1532)
2026-06-01 23:36:24.403 | warning  |           Metal | Profiler DRAM buffers were full, markers were dropped! device 0, worker core 5, 6, Risc NCRISC,  bufferEndIndex = 11752. Please either decrease the number of ops being profiled or run read device profiler more often (profiler.cpp:1532)
2026-06-01 23:36:24.403 | warning  |           Metal | Profiler DRAM buffers were full, markers were dropped! device 0, worker core 5, 7, Risc BRISC,  bufferEndIndex = 11792. Please either decrease the number of ops being profiled or run read device profiler more often (profiler.cpp:1532)
2026-06-01 23:36:24.403 | warning  |           Metal | Profiler DRAM buffers were full, markers were dropped! device 0, worker core 5, 7, Risc NCRISC,  bufferEndIndex = 11992. Please either decrease the number of ops being profiled or run read device profiler more often (profiler.cpp:1532)
2026-06-01 23:36:24.404 | warning  |           Metal | Profiler DRAM buffers were full, markers were dropped! device 0, worker core 5, 8, Risc BRISC,  bufferEndIndex = 11792. Please either decrease the number of ops being profiled or run read device profiler more often (profiler.cpp:1532)
2026-06-01 23:36:24.404 | warning  |           Metal | Profiler DRAM buffers were full, markers were dropped! device 0, worker core 5, 8, Risc NCRISC,  bufferEndIndex = 11992. Please either decrease the number of ops being profiled or run read device profiler more often (profiler.cpp:1532)
2026-06-01 23:36:24.405 | warning  |           Metal | Profiler DRAM buffers were full, markers were dropped! device 0, worker core 5, 9, Risc BRISC,  bufferEndIndex = 11792. Please either decrease the number of ops being profiled or run read device profiler more often (profiler.cpp:1532)
2026-06-01 23:36:24.405 | warning  |           Metal | Profiler DRAM buffers were full, markers were dropped! device 0, worker core 5, 9, Risc NCRISC,  bufferEndIndex = 11992. Please either decrease the number of ops being profiled or run read device profiler more often (profiler.cpp:1532)
2026-06-01 23:36:24.405 | warning  |           Metal | Profiler DRAM buffers were full, markers were dropped! device 0, worker core 5, 10, Risc BRISC,  bufferEndIndex = 11792. Please either decrease the number of ops being profiled or run read device profiler more often (profiler.cpp:1532)
2026-06-01 23:36:24.406 | warning  |           Metal | Profiler DRAM buffers were full, markers were dropped! device 0, worker core 5, 10, Risc NCRISC,  bufferEndIndex = 11992. Please either decrease the number of ops being profiled or run read device profiler more often (profiler.cpp:1532)
2026-06-01 23:36:24.406 | warning  |           Metal | Profiler DRAM buffers were full, markers were dropped! device 0, worker core 5, 11, Risc BRISC,  bufferEndIndex = 11792. Please either decrease the number of ops being profiled or run read device profiler more often (profiler.cpp:1532)
2026-06-01 23:36:24.406 | warning  |           Metal | Profiler DRAM buffers were full, markers were dropped! device 0, worker core 5, 11, Risc NCRISC,  bufferEndIndex = 11992. Please either decrease the number of ops being profiled or run read device profiler more often (profiler.cpp:1532)
2026-06-01 23:36:24.407 | warning  |           Metal | Profiler DRAM buffers were full, markers were dropped! device 0, worker core 6, 2, Risc BRISC,  bufferEndIndex = 11884. Please either decrease the number of ops being profiled or run read device profiler more often (profiler.cpp:1532)
2026-06-01 23:36:24.407 | warning  |           Metal | Profiler DRAM buffers were full, markers were dropped! device 0, worker core 6, 2, Risc NCRISC,  bufferEndIndex = 11752. Please either decrease the number of ops being profiled or run read device profiler more often (profiler.cpp:1532)
2026-06-01 23:36:24.407 | warning  |           Metal | Profiler DRAM buffers were full, markers were dropped! device 0, worker core 6, 3, Risc BRISC,  bufferEndIndex = 11884. Please either decrease the number of ops being profiled or run read device profiler more often (profiler.cpp:1532)
2026-06-01 23:36:24.408 | warning  |           Metal | Profiler DRAM buffers were full, markers were dropped! device 0, worker core 6, 3, Risc NCRISC,  bufferEndIndex = 11752. Please either decrease the number of ops being profiled or run read device profiler more often (profiler.cpp:1532)
2026-06-01 23:36:24.408 | warning  |           Metal | Profiler DRAM buffers were full, markers were dropped! device 0, worker core 6, 4, Risc BRISC,  bufferEndIndex = 11884. Please either decrease the number of ops being profiled or run read device profiler more often (profiler.cpp:1532)
2026-06-01 23:36:24.408 | warning  |           Metal | Profiler DRAM buffers were full, markers were dropped! device 0, worker core 6, 4, Risc NCRISC,  bufferEndIndex = 11752. Please either decrease the number of ops being profiled or run read device profiler more often (profiler.cpp:1532)
2026-06-01 23:36:24.409 | warning  |           Metal | Profiler DRAM buffers were full, markers were dropped! device 0, worker core 6, 5, Risc BRISC,  bufferEndIndex = 11884. Please either decrease the number of ops being profiled or run read device profiler more often (profiler.cpp:1532)
2026-06-01 23:36:24.409 | warning  |           Metal | Profiler DRAM buffers were full, markers were dropped! device 0, worker core 6, 5, Risc NCRISC,  bufferEndIndex = 11752. Please either decrease the number of ops being profiled or run read device profiler more often (profiler.cpp:1532)
2026-06-01 23:36:24.409 | warning  |           Metal | Profiler DRAM buffers were full, markers were dropped! device 0, worker core 6, 6, Risc BRISC,  bufferEndIndex = 11792. Please either decrease the number of ops being profiled or run read device profiler more often (profiler.cpp:1532)
2026-06-01 23:36:24.410 | warning  |           Metal | Profiler DRAM buffers were full, markers were dropped! device 0, worker core 6, 6, Risc NCRISC,  bufferEndIndex = 11992. Please either decrease the number of ops being profiled or run read device profiler more often (profiler.cpp:1532)
2026-06-01 23:36:24.410 | warning  |           Metal | Profiler DRAM buffers were full, markers were dropped! device 0, worker core 6, 7, Risc BRISC,  bufferEndIndex = 11792. Please either decrease the number of ops being profiled or run read device profiler more often (profiler.cpp:1532)
2026-06-01 23:36:24.411 | warning  |           Metal | Profiler DRAM buffers were full, markers were dropped! device 0, worker core 6, 7, Risc NCRISC,  bufferEndIndex = 11992. Please either decrease the number of ops being profiled or run read device profiler more often (profiler.cpp:1532)
2026-06-01 23:36:24.411 | warning  |           Metal | Profiler DRAM buffers were full, markers were dropped! device 0, worker core 6, 8, Risc BRISC,  bufferEndIndex = 11792. Please either decrease the number of ops being profiled or run read device profiler more often (profiler.cpp:1532)
2026-06-01 23:36:24.411 | warning  |           Metal | Profiler DRAM buffers were full, markers were dropped! device 0, worker core 6, 8, Risc NCRISC,  bufferEndIndex = 11992. Please either decrease the number of ops being profiled or run read device profiler more often (profiler.cpp:1532)
2026-06-01 23:36:24.412 | warning  |           Metal | Profiler DRAM buffers were full, markers were dropped! device 0, worker core 6, 9, Risc BRISC,  bufferEndIndex = 11996. Please either decrease the number of ops being profiled or run read device profiler more often (profiler.cpp:1532)
2026-06-01 23:36:24.412 | warning  |           Metal | Profiler DRAM buffers were full, markers were dropped! device 0, worker core 6, 9, Risc NCRISC,  bufferEndIndex = 11992. Please either decrease the number of ops being profiled or run read device profiler more often (profiler.cpp:1532)
2026-06-01 23:36:24.412 | warning  |           Metal | Profiler DRAM buffers were full, markers were dropped! device 0, worker core 6, 10, Risc BRISC,  bufferEndIndex = 11792. Please either decrease the number of ops being profiled or run read device profiler more often (profiler.cpp:1532)
2026-06-01 23:36:24.413 | warning  |           Metal | Profiler DRAM buffers were full, markers were dropped! device 0, worker core 6, 10, Risc NCRISC,  bufferEndIndex = 11992. Please either decrease the number of ops being profiled or run read device profiler more often (profiler.cpp:1532)
2026-06-01 23:36:24.413 | warning  |           Metal | Profiler DRAM buffers were full, markers were dropped! device 0, worker core 6, 11, Risc BRISC,  bufferEndIndex = 11996. Please either decrease the number of ops being profiled or run read device profiler more often (profiler.cpp:1532)
2026-06-01 23:36:24.413 | warning  |           Metal | Profiler DRAM buffers were full, markers were dropped! device 0, worker core 6, 11, Risc NCRISC,  bufferEndIndex = 11992. Please either decrease the number of ops being profiled or run read device profiler more often (profiler.cpp:1532)
2026-06-01 23:36:24.414 | warning  |           Metal | Profiler DRAM buffers were full, markers were dropped! device 0, worker core 7, 2, Risc BRISC,  bufferEndIndex = 11884. Please either decrease the number of ops being profiled or run read device profiler more often (profiler.cpp:1532)
2026-06-01 23:36:24.414 | warning  |           Metal | Profiler DRAM buffers were full, markers were dropped! device 0, worker core 7, 2, Risc NCRISC,  bufferEndIndex = 11752. Please either decrease the number of ops being profiled or run read device profiler more often (profiler.cpp:1532)
2026-06-01 23:36:24.414 | warning  |           Metal | Profiler DRAM buffers were full, markers were dropped! device 0, worker core 7, 3, Risc BRISC,  bufferEndIndex = 11884. Please either decrease the number of ops being profiled or run read device profiler more often (profiler.cpp:1532)
2026-06-01 23:36:24.415 | warning  |           Metal | Profiler DRAM buffers were full, markers were dropped! device 0, worker core 7, 3, Risc NCRISC,  bufferEndIndex = 11752. Please either decrease the number of ops being profiled or run read device profiler more often (profiler.cpp:1532)
2026-06-01 23:36:24.415 | warning  |           Metal | Profiler DRAM buffers were full, markers were dropped! device 0, worker core 7, 4, Risc BRISC,  bufferEndIndex = 11884. Please either decrease the number of ops being profiled or run read device profiler more often (profiler.cpp:1532)
2026-06-01 23:36:24.416 | warning  |           Metal | Profiler DRAM buffers were full, markers were dropped! device 0, worker core 7, 4, Risc NCRISC,  bufferEndIndex = 11752. Please either decrease the number of ops being profiled or run read device profiler more often (profiler.cpp:1532)
2026-06-01 23:36:24.416 | warning  |           Metal | Profiler DRAM buffers were full, markers were dropped! device 0, worker core 7, 5, Risc BRISC,  bufferEndIndex = 11884. Please either decrease the number of ops being profiled or run read device profiler more often (profiler.cpp:1532)
2026-06-01 23:36:24.416 | warning  |           Metal | Profiler DRAM buffers were full, markers were dropped! device 0, worker core 7, 5, Risc NCRISC,  bufferEndIndex = 11752. Please either decrease the number of ops being profiled or run read device profiler more often (profiler.cpp:1532)
2026-06-01 23:36:24.417 | warning  |           Metal | Profiler DRAM buffers were full, markers were dropped! device 0, worker core 7, 6, Risc BRISC,  bufferEndIndex = 11996. Please either decrease the number of ops being profiled or run read device profiler more often (profiler.cpp:1532)
2026-06-01 23:36:24.417 | warning  |           Metal | Profiler DRAM buffers were full, markers were dropped! device 0, worker core 7, 6, Risc NCRISC,  bufferEndIndex = 11992. Please either decrease the number of ops being profiled or run read device profiler more often (profiler.cpp:1532)
2026-06-01 23:36:24.417 | warning  |           Metal | Profiler DRAM buffers were full, markers were dropped! device 0, worker core 7, 7, Risc BRISC,  bufferEndIndex = 11792. Please either decrease the number of ops being profiled or run read device profiler more often (profiler.cpp:1532)
2026-06-01 23:36:24.418 | warning  |           Metal | Profiler DRAM buffers were full, markers were dropped! device 0, worker core 7, 7, Risc NCRISC,  bufferEndIndex = 11992. Please either decrease the number of ops being profiled or run read device profiler more often (profiler.cpp:1532)
2026-06-01 23:36:24.418 | warning  |           Metal | Profiler DRAM buffers were full, markers were dropped! device 0, worker core 7, 8, Risc BRISC,  bufferEndIndex = 11792. Please either decrease the number of ops being profiled or run read device profiler more often (profiler.cpp:1532)
2026-06-01 23:36:24.418 | warning  |           Metal | Profiler DRAM buffers were full, markers were dropped! device 0, worker core 7, 8, Risc NCRISC,  bufferEndIndex = 11992. Please either decrease the number of ops being profiled or run read device profiler more often (profiler.cpp:1532)
2026-06-01 23:36:24.419 | warning  |           Metal | Profiler DRAM buffers were full, markers were dropped! device 0, worker core 7, 9, Risc BRISC,  bufferEndIndex = 11792. Please either decrease the number of ops being profiled or run read device profiler more often (profiler.cpp:1532)
2026-06-01 23:36:24.419 | warning  |           Metal | Profiler DRAM buffers were full, markers were dropped! device 0, worker core 7, 9, Risc NCRISC,  bufferEndIndex = 11992. Please either decrease the number of ops being profiled or run read device profiler more often (profiler.cpp:1532)
2026-06-01 23:36:24.419 | warning  |           Metal | Profiler DRAM buffers were full, markers were dropped! device 0, worker core 7, 10, Risc BRISC,  bufferEndIndex = 11792. Please either decrease the number of ops being profiled or run read device profiler more often (profiler.cpp:1532)
2026-06-01 23:36:24.420 | warning  |           Metal | Profiler DRAM buffers were full, markers were dropped! device 0, worker core 7, 10, Risc NCRISC,  bufferEndIndex = 11992. Please either decrease the number of ops being profiled or run read device profiler more often (profiler.cpp:1532)
2026-06-01 23:36:24.420 | warning  |           Metal | Profiler DRAM buffers were full, markers were dropped! device 0, worker core 7, 11, Risc BRISC,  bufferEndIndex = 11792. Please either decrease the number of ops being profiled or run read device profiler more often (profiler.cpp:1532)
2026-06-01 23:36:24.420 | warning  |           Metal | Profiler DRAM buffers were full, markers were dropped! device 0, worker core 7, 11, Risc NCRISC,  bufferEndIndex = 11992. Please either decrease the number of ops being profiled or run read device profiler more often (profiler.cpp:1532)
2026-06-01 23:36:24.421 | warning  |           Metal | Profiler DRAM buffers were full, markers were dropped! device 0, worker core 10, 2, Risc BRISC,  bufferEndIndex = 11884. Please either decrease the number of ops being profiled or run read device profiler more often (profiler.cpp:1532)
2026-06-01 23:36:24.421 | warning  |           Metal | Profiler DRAM buffers were full, markers were dropped! device 0, worker core 10, 2, Risc NCRISC,  bufferEndIndex = 11752. Please either decrease the number of ops being profiled or run read device profiler more often (profiler.cpp:1532)
2026-06-01 23:36:24.422 | warning  |           Metal | Profiler DRAM buffers were full, markers were dropped! device 0, worker core 10, 3, Risc BRISC,  bufferEndIndex = 11884. Please either decrease the number of ops being profiled or run read device profiler more often (profiler.cpp:1532)
2026-06-01 23:36:24.422 | warning  |           Metal | Profiler DRAM buffers were full, markers were dropped! device 0, worker core 10, 3, Risc NCRISC,  bufferEndIndex = 11752. Please either decrease the number of ops being profiled or run read device profiler more often (profiler.cpp:1532)
2026-06-01 23:36:24.422 | warning  |           Metal | Profiler DRAM buffers were full, markers were dropped! device 0, worker core 10, 4, Risc BRISC,  bufferEndIndex = 11884. Please either decrease the number of ops being profiled or run read device profiler more often (profiler.cpp:1532)
2026-06-01 23:36:24.423 | warning  |           Metal | Profiler DRAM buffers were full, markers were dropped! device 0, worker core 10, 4, Risc NCRISC,  bufferEndIndex = 11752. Please either decrease the number of ops being profiled or run read device profiler more often (profiler.cpp:1532)
2026-06-01 23:36:24.423 | warning  |           Metal | Profiler DRAM buffers were full, markers were dropped! device 0, worker core 10, 5, Risc BRISC,  bufferEndIndex = 11884. Please either decrease the number of ops being profiled or run read device profiler more often (profiler.cpp:1532)
2026-06-01 23:36:24.423 | warning  |           Metal | Profiler DRAM buffers were full, markers were dropped! device 0, worker core 10, 5, Risc NCRISC,  bufferEndIndex = 11752. Please either decrease the number of ops being profiled or run read device profiler more often (profiler.cpp:1532)
2026-06-01 23:36:24.424 | warning  |           Metal | Profiler DRAM buffers were full, markers were dropped! device 0, worker core 10, 6, Risc BRISC,  bufferEndIndex = 11792. Please either decrease the number of ops being profiled or run read device profiler more often (profiler.cpp:1532)
2026-06-01 23:36:24.424 | warning  |           Metal | Profiler DRAM buffers were full, markers were dropped! device 0, worker core 10, 6, Risc NCRISC,  bufferEndIndex = 11992. Please either decrease the number of ops being profiled or run read device profiler more often (profiler.cpp:1532)
2026-06-01 23:36:24.424 | warning  |           Metal | Profiler DRAM buffers were full, markers were dropped! device 0, worker core 10, 7, Risc BRISC,  bufferEndIndex = 11792. Please either decrease the number of ops being profiled or run read device profiler more often (profiler.cpp:1532)
2026-06-01 23:36:24.425 | warning  |           Metal | Profiler DRAM buffers were full, markers were dropped! device 0, worker core 10, 7, Risc NCRISC,  bufferEndIndex = 11992. Please either decrease the number of ops being profiled or run read device profiler more often (profiler.cpp:1532)
2026-06-01 23:36:24.425 | warning  |           Metal | Profiler DRAM buffers were full, markers were dropped! device 0, worker core 10, 8, Risc BRISC,  bufferEndIndex = 11792. Please either decrease the number of ops being profiled or run read device profiler more often (profiler.cpp:1532)
2026-06-01 23:36:24.425 | warning  |           Metal | Profiler DRAM buffers were full, markers were dropped! device 0, worker core 10, 8, Risc NCRISC,  bufferEndIndex = 11992. Please either decrease the number of ops being profiled or run read device profiler more often (profiler.cpp:1532)
2026-06-01 23:36:24.426 | warning  |           Metal | Profiler DRAM buffers were full, markers were dropped! device 0, worker core 10, 9, Risc BRISC,  bufferEndIndex = 11792. Please either decrease the number of ops being profiled or run read device profiler more often (profiler.cpp:1532)
2026-06-01 23:36:24.426 | warning  |           Metal | Profiler DRAM buffers were full, markers were dropped! device 0, worker core 10, 9, Risc NCRISC,  bufferEndIndex = 11992. Please either decrease the number of ops being profiled or run read device profiler more often (profiler.cpp:1532)
2026-06-01 23:36:24.427 | warning  |           Metal | Profiler DRAM buffers were full, markers were dropped! device 0, worker core 10, 10, Risc BRISC,  bufferEndIndex = 11792. Please either decrease the number of ops being profiled or run read device profiler more often (profiler.cpp:1532)
2026-06-01 23:36:24.427 | warning  |           Metal | Profiler DRAM buffers were full, markers were dropped! device 0, worker core 10, 10, Risc NCRISC,  bufferEndIndex = 11992. Please either decrease the number of ops being profiled or run read device profiler more often (profiler.cpp:1532)
2026-06-01 23:36:24.427 | warning  |           Metal | Profiler DRAM buffers were full, markers were dropped! device 0, worker core 10, 11, Risc BRISC,  bufferEndIndex = 11792. Please either decrease the number of ops being profiled or run read device profiler more often (profiler.cpp:1532)
2026-06-01 23:36:24.428 | warning  |           Metal | Profiler DRAM buffers were full, markers were dropped! device 0, worker core 10, 11, Risc NCRISC,  bufferEndIndex = 11992. Please either decrease the number of ops being profiled or run read device profiler more often (profiler.cpp:1532)
2026-06-01 23:36:24.428 | warning  |           Metal | Profiler DRAM buffers were full, markers were dropped! device 0, worker core 11, 2, Risc BRISC,  bufferEndIndex = 11884. Please either decrease the number of ops being profiled or run read device profiler more often (profiler.cpp:1532)
2026-06-01 23:36:24.428 | warning  |           Metal | Profiler DRAM buffers were full, markers were dropped! device 0, worker core 11, 2, Risc NCRISC,  bufferEndIndex = 11752. Please either decrease the number of ops being profiled or run read device profiler more often (profiler.cpp:1532)
2026-06-01 23:36:24.429 | warning  |           Metal | Profiler DRAM buffers were full, markers were dropped! device 0, worker core 11, 3, Risc BRISC,  bufferEndIndex = 11884. Please either decrease the number of ops being profiled or run read device profiler more often (profiler.cpp:1532)
2026-06-01 23:36:24.429 | warning  |           Metal | Profiler DRAM buffers were full, markers were dropped! device 0, worker core 11, 3, Risc NCRISC,  bufferEndIndex = 11752. Please either decrease the number of ops being profiled or run read device profiler more often (profiler.cpp:1532)
2026-06-01 23:36:24.429 | warning  |           Metal | Profiler DRAM buffers were full, markers were dropped! device 0, worker core 11, 4, Risc BRISC,  bufferEndIndex = 11884. Please either decrease the number of ops being profiled or run read device profiler more often (profiler.cpp:1532)
2026-06-01 23:36:24.430 | warning  |           Metal | Profiler DRAM buffers were full, markers were dropped! device 0, worker core 11, 4, Risc NCRISC,  bufferEndIndex = 11752. Please either decrease the number of ops being profiled or run read device profiler more often (profiler.cpp:1532)
2026-06-01 23:36:24.430 | warning  |           Metal | Profiler DRAM buffers were full, markers were dropped! device 0, worker core 11, 5, Risc BRISC,  bufferEndIndex = 11884. Please either decrease the number of ops being profiled or run read device profiler more often (profiler.cpp:1532)
2026-06-01 23:36:24.430 | warning  |           Metal | Profiler DRAM buffers were full, markers were dropped! device 0, worker core 11, 5, Risc NCRISC,  bufferEndIndex = 11752. Please either decrease the number of ops being profiled or run read device profiler more often (profiler.cpp:1532)
2026-06-01 23:36:24.431 | warning  |           Metal | Profiler DRAM buffers were full, markers were dropped! device 0, worker core 11, 6, Risc BRISC,  bufferEndIndex = 11996. Please either decrease the number of ops being profiled or run read device profiler more often (profiler.cpp:1532)
2026-06-01 23:36:24.431 | warning  |           Metal | Profiler DRAM buffers were full, markers were dropped! device 0, worker core 11, 6, Risc NCRISC,  bufferEndIndex = 11992. Please either decrease the number of ops being profiled or run read device profiler more often (profiler.cpp:1532)
2026-06-01 23:36:24.432 | warning  |           Metal | Profiler DRAM buffers were full, markers were dropped! device 0, worker core 11, 7, Risc BRISC,  bufferEndIndex = 11792. Please either decrease the number of ops being profiled or run read device profiler more often (profiler.cpp:1532)
2026-06-01 23:36:24.432 | warning  |           Metal | Profiler DRAM buffers were full, markers were dropped! device 0, worker core 11, 7, Risc NCRISC,  bufferEndIndex = 11992. Please either decrease the number of ops being profiled or run read device profiler more often (profiler.cpp:1532)
2026-06-01 23:36:24.432 | warning  |           Metal | Profiler DRAM buffers were full, markers were dropped! device 0, worker core 11, 8, Risc BRISC,  bufferEndIndex = 11996. Please either decrease the number of ops being profiled or run read device profiler more often (profiler.cpp:1532)
2026-06-01 23:36:24.433 | warning  |           Metal | Profiler DRAM buffers were full, markers were dropped! device 0, worker core 11, 8, Risc NCRISC,  bufferEndIndex = 11992. Please either decrease the number of ops being profiled or run read device profiler more often (profiler.cpp:1532)
2026-06-01 23:36:24.433 | warning  |           Metal | Profiler DRAM buffers were full, markers were dropped! device 0, worker core 11, 9, Risc BRISC,  bufferEndIndex = 11996. Please either decrease the number of ops being profiled or run read device profiler more often (profiler.cpp:1532)
2026-06-01 23:36:24.433 | warning  |           Metal | Profiler DRAM buffers were full, markers were dropped! device 0, worker core 11, 9, Risc NCRISC,  bufferEndIndex = 11992. Please either decrease the number of ops being profiled or run read device profiler more often (profiler.cpp:1532)
2026-06-01 23:36:24.434 | warning  |           Metal | Profiler DRAM buffers were full, markers were dropped! device 0, worker core 11, 10, Risc BRISC,  bufferEndIndex = 11792. Please either decrease the number of ops being profiled or run read device profiler more often (profiler.cpp:1532)
2026-06-01 23:36:24.434 | warning  |           Metal | Profiler DRAM buffers were full, markers were dropped! device 0, worker core 11, 10, Risc NCRISC,  bufferEndIndex = 11992. Please either decrease the number of ops being profiled or run read device profiler more often (profiler.cpp:1532)
2026-06-01 23:36:24.434 | warning  |           Metal | Profiler DRAM buffers were full, markers were dropped! device 0, worker core 11, 11, Risc BRISC,  bufferEndIndex = 11792. Please either decrease the number of ops being profiled or run read device profiler more often (profiler.cpp:1532)
2026-06-01 23:36:24.435 | warning  |           Metal | Profiler DRAM buffers were full, markers were dropped! device 0, worker core 11, 11, Risc NCRISC,  bufferEndIndex = 11992. Please either decrease the number of ops being profiled or run read device profiler more often (profiler.cpp:1532)
2026-06-01 23:36:24.435 | warning  |           Metal | Profiler DRAM buffers were full, markers were dropped! device 0, worker core 12, 2, Risc BRISC,  bufferEndIndex = 11884. Please either decrease the number of ops being profiled or run read device profiler more often (profiler.cpp:1532)
2026-06-01 23:36:24.435 | warning  |           Metal | Profiler DRAM buffers were full, markers were dropped! device 0, worker core 12, 2, Risc NCRISC,  bufferEndIndex = 11752. Please either decrease the number of ops being profiled or run read device profiler more often (profiler.cpp:1532)
2026-06-01 23:36:24.436 | warning  |           Metal | Profiler DRAM buffers were full, markers were dropped! device 0, worker core 12, 3, Risc BRISC,  bufferEndIndex = 11884. Please either decrease the number of ops being profiled or run read device profiler more often (profiler.cpp:1532)
2026-06-01 23:36:24.436 | warning  |           Metal | Profiler DRAM buffers were full, markers were dropped! device 0, worker core 12, 3, Risc NCRISC,  bufferEndIndex = 11752. Please either decrease the number of ops being profiled or run read device profiler more often (profiler.cpp:1532)
2026-06-01 23:36:24.437 | warning  |           Metal | Profiler DRAM buffers were full, markers were dropped! device 0, worker core 12, 4, Risc BRISC,  bufferEndIndex = 11884. Please either decrease the number of ops being profiled or run read device profiler more often (profiler.cpp:1532)
2026-06-01 23:36:24.437 | warning  |           Metal | Profiler DRAM buffers were full, markers were dropped! device 0, worker core 12, 4, Risc NCRISC,  bufferEndIndex = 11752. Please either decrease the number of ops being profiled or run read device profiler more often (profiler.cpp:1532)
2026-06-01 23:36:24.437 | warning  |           Metal | Profiler DRAM buffers were full, markers were dropped! device 0, worker core 12, 5, Risc BRISC,  bufferEndIndex = 11884. Please either decrease the number of ops being profiled or run read device profiler more often (profiler.cpp:1532)
2026-06-01 23:36:24.438 | warning  |           Metal | Profiler DRAM buffers were full, markers were dropped! device 0, worker core 12, 5, Risc NCRISC,  bufferEndIndex = 11752. Please either decrease the number of ops being profiled or run read device profiler more often (profiler.cpp:1532)
2026-06-01 23:36:24.438 | warning  |           Metal | Profiler DRAM buffers were full, markers were dropped! device 0, worker core 12, 6, Risc BRISC,  bufferEndIndex = 11792. Please either decrease the number of ops being profiled or run read device profiler more often (profiler.cpp:1532)
2026-06-01 23:36:24.438 | warning  |           Metal | Profiler DRAM buffers were full, markers were dropped! device 0, worker core 12, 6, Risc NCRISC,  bufferEndIndex = 11992. Please either decrease the number of ops being profiled or run read device profiler more often (profiler.cpp:1532)
2026-06-01 23:36:24.439 | warning  |           Metal | Profiler DRAM buffers were full, markers were dropped! device 0, worker core 12, 7, Risc BRISC,  bufferEndIndex = 11792. Please either decrease the number of ops being profiled or run read device profiler more often (profiler.cpp:1532)
2026-06-01 23:36:24.439 | warning  |           Metal | Profiler DRAM buffers were full, markers were dropped! device 0, worker core 12, 7, Risc NCRISC,  bufferEndIndex = 11992. Please either decrease the number of ops being profiled or run read device profiler more often (profiler.cpp:1532)
2026-06-01 23:36:24.439 | warning  |           Metal | Profiler DRAM buffers were full, markers were dropped! device 0, worker core 12, 8, Risc BRISC,  bufferEndIndex = 11792. Please either decrease the number of ops being profiled or run read device profiler more often (profiler.cpp:1532)
2026-06-01 23:36:24.440 | warning  |           Metal | Profiler DRAM buffers were full, markers were dropped! device 0, worker core 12, 8, Risc NCRISC,  bufferEndIndex = 11992. Please either decrease the number of ops being profiled or run read device profiler more often (profiler.cpp:1532)
2026-06-01 23:36:24.440 | warning  |           Metal | Profiler DRAM buffers were full, markers were dropped! device 0, worker core 12, 9, Risc BRISC,  bufferEndIndex = 11792. Please either decrease the number of ops being profiled or run read device profiler more often (profiler.cpp:1532)
2026-06-01 23:36:24.440 | warning  |           Metal | Profiler DRAM buffers were full, markers were dropped! device 0, worker core 12, 9, Risc NCRISC,  bufferEndIndex = 11992. Please either decrease the number of ops being profiled or run read device profiler more often (profiler.cpp:1532)
2026-06-01 23:36:24.441 | warning  |           Metal | Profiler DRAM buffers were full, markers were dropped! device 0, worker core 12, 10, Risc BRISC,  bufferEndIndex = 11792. Please either decrease the number of ops being profiled or run read device profiler more often (profiler.cpp:1532)
2026-06-01 23:36:24.441 | warning  |           Metal | Profiler DRAM buffers were full, markers were dropped! device 0, worker core 12, 10, Risc NCRISC,  bufferEndIndex = 11992. Please either decrease the number of ops being profiled or run read device profiler more often (profiler.cpp:1532)
2026-06-01 23:36:24.441 | warning  |           Metal | Profiler DRAM buffers were full, markers were dropped! device 0, worker core 12, 11, Risc BRISC,  bufferEndIndex = 11792. Please either decrease the number of ops being profiled or run read device profiler more often (profiler.cpp:1532)
2026-06-01 23:36:24.442 | warning  |           Metal | Profiler DRAM buffers were full, markers were dropped! device 0, worker core 12, 11, Risc NCRISC,  bufferEndIndex = 11992. Please either decrease the number of ops being profiled or run read device profiler more often (profiler.cpp:1532)
2026-06-01 23:36:24.442 | warning  |           Metal | Profiler DRAM buffers were full, markers were dropped! device 0, worker core 13, 2, Risc BRISC,  bufferEndIndex = 11884. Please either decrease the number of ops being profiled or run read device profiler more often (profiler.cpp:1532)
2026-06-01 23:36:24.443 | warning  |           Metal | Profiler DRAM buffers were full, markers were dropped! device 0, worker core 13, 2, Risc NCRISC,  bufferEndIndex = 11752. Please either decrease the number of ops being profiled or run read device profiler more often (profiler.cpp:1532)
2026-06-01 23:36:24.443 | warning  |           Metal | Profiler DRAM buffers were full, markers were dropped! device 0, worker core 13, 3, Risc BRISC,  bufferEndIndex = 11884. Please either decrease the number of ops being profiled or run read device profiler more often (profiler.cpp:1532)
2026-06-01 23:36:24.443 | warning  |           Metal | Profiler DRAM buffers were full, markers were dropped! device 0, worker core 13, 3, Risc NCRISC,  bufferEndIndex = 11752. Please either decrease the number of ops being profiled or run read device profiler more often (profiler.cpp:1532)
2026-06-01 23:36:24.444 | warning  |           Metal | Profiler DRAM buffers were full, markers were dropped! device 0, worker core 13, 4, Risc BRISC,  bufferEndIndex = 11884. Please either decrease the number of ops being profiled or run read device profiler more often (profiler.cpp:1532)
2026-06-01 23:36:24.444 | warning  |           Metal | Profiler DRAM buffers were full, markers were dropped! device 0, worker core 13, 4, Risc NCRISC,  bufferEndIndex = 11752. Please either decrease the number of ops being profiled or run read device profiler more often (profiler.cpp:1532)
2026-06-01 23:36:24.444 | warning  |           Metal | Profiler DRAM buffers were full, markers were dropped! device 0, worker core 13, 5, Risc BRISC,  bufferEndIndex = 11884. Please either decrease the number of ops being profiled or run read device profiler more often (profiler.cpp:1532)
2026-06-01 23:36:24.445 | warning  |           Metal | Profiler DRAM buffers were full, markers were dropped! device 0, worker core 13, 5, Risc NCRISC,  bufferEndIndex = 11752. Please either decrease the number of ops being profiled or run read device profiler more often (profiler.cpp:1532)
2026-06-01 23:36:24.445 | warning  |           Metal | Profiler DRAM buffers were full, markers were dropped! device 0, worker core 13, 6, Risc BRISC,  bufferEndIndex = 11792. Please either decrease the number of ops being profiled or run read device profiler more often (profiler.cpp:1532)
2026-06-01 23:36:24.445 | warning  |           Metal | Profiler DRAM buffers were full, markers were dropped! device 0, worker core 13, 6, Risc NCRISC,  bufferEndIndex = 11992. Please either decrease the number of ops being profiled or run read device profiler more often (profiler.cpp:1532)
2026-06-01 23:36:24.446 | warning  |           Metal | Profiler DRAM buffers were full, markers were dropped! device 0, worker core 13, 7, Risc BRISC,  bufferEndIndex = 11792. Please either decrease the number of ops being profiled or run read device profiler more often (profiler.cpp:1532)
2026-06-01 23:36:24.446 | warning  |           Metal | Profiler DRAM buffers were full, markers were dropped! device 0, worker core 13, 7, Risc NCRISC,  bufferEndIndex = 11992. Please either decrease the number of ops being profiled or run read device profiler more often (profiler.cpp:1532)
2026-06-01 23:36:24.446 | warning  |           Metal | Profiler DRAM buffers were full, markers were dropped! device 0, worker core 13, 8, Risc BRISC,  bufferEndIndex = 11792. Please either decrease the number of ops being profiled or run read device profiler more often (profiler.cpp:1532)
2026-06-01 23:36:24.447 | warning  |           Metal | Profiler DRAM buffers were full, markers were dropped! device 0, worker core 13, 8, Risc NCRISC,  bufferEndIndex = 11992. Please either decrease the number of ops being profiled or run read device profiler more often (profiler.cpp:1532)
2026-06-01 23:36:24.447 | warning  |           Metal | Profiler DRAM buffers were full, markers were dropped! device 0, worker core 13, 9, Risc BRISC,  bufferEndIndex = 11792. Please either decrease the number of ops being profiled or run read device profiler more often (profiler.cpp:1532)
2026-06-01 23:36:24.448 | warning  |           Metal | Profiler DRAM buffers were full, markers were dropped! device 0, worker core 13, 9, Risc NCRISC,  bufferEndIndex = 11992. Please either decrease the number of ops being profiled or run read device profiler more often (profiler.cpp:1532)
2026-06-01 23:36:24.448 | warning  |           Metal | Profiler DRAM buffers were full, markers were dropped! device 0, worker core 13, 10, Risc BRISC,  bufferEndIndex = 11792. Please either decrease the number of ops being profiled or run read device profiler more often (profiler.cpp:1532)
2026-06-01 23:36:24.448 | warning  |           Metal | Profiler DRAM buffers were full, markers were dropped! device 0, worker core 13, 10, Risc NCRISC,  bufferEndIndex = 11992. Please either decrease the number of ops being profiled or run read device profiler more often (profiler.cpp:1532)
2026-06-01 23:36:24.449 | warning  |           Metal | Profiler DRAM buffers were full, markers were dropped! device 0, worker core 13, 11, Risc BRISC,  bufferEndIndex = 11792. Please either decrease the number of ops being profiled or run read device profiler more often (profiler.cpp:1532)
2026-06-01 23:36:24.449 | warning  |           Metal | Profiler DRAM buffers were full, markers were dropped! device 0, worker core 13, 11, Risc NCRISC,  bufferEndIndex = 11992. Please either decrease the number of ops being profiled or run read device profiler more often (profiler.cpp:1532)
2026-06-01 23:36:24.962 | warning  |          Always | Profiler NoC events are enabled; this can add 1-15% cycle overhead to typical operations! (profiler.cpp:2499)
[SORT] stage=RP P=3369033 P_kept=3369033 num_tiles=1024 max_tile_n=26544 bin=9.63 up=0.29 kernel=7.88 d2h=7.14 compact=0.00 publish=0.03 total=28.99ms
2026-06-01 23:36:30.987 | warning  |           Metal | Profiler DRAM buffers were full, markers were dropped! device 0, worker core 1, 2, Risc BRISC,  bufferEndIndex = 11872. Please either decrease the number of ops being profiled or run read device profiler more often (profiler.cpp:1532)
2026-06-01 23:36:30.987 | warning  |           Metal | Profiler DRAM buffers were full, markers were dropped! device 0, worker core 1, 2, Risc NCRISC,  bufferEndIndex = 11740. Please either decrease the number of ops being profiled or run read device profiler more often (profiler.cpp:1532)
2026-06-01 23:36:30.987 | warning  |           Metal | Profiler DRAM buffers were full, markers were dropped! device 0, worker core 1, 3, Risc BRISC,  bufferEndIndex = 11860. Please either decrease the number of ops being profiled or run read device profiler more often (profiler.cpp:1532)
2026-06-01 23:36:30.988 | warning  |           Metal | Profiler DRAM buffers were full, markers were dropped! device 0, worker core 1, 3, Risc NCRISC,  bufferEndIndex = 11728. Please either decrease the number of ops being profiled or run read device profiler more often (profiler.cpp:1532)
2026-06-01 23:36:30.988 | warning  |           Metal | Profiler DRAM buffers were full, markers were dropped! device 0, worker core 1, 4, Risc BRISC,  bufferEndIndex = 11860. Please either decrease the number of ops being profiled or run read device profiler more often (profiler.cpp:1532)
2026-06-01 23:36:30.988 | warning  |           Metal | Profiler DRAM buffers were full, markers were dropped! device 0, worker core 1, 4, Risc NCRISC,  bufferEndIndex = 11728. Please either decrease the number of ops being profiled or run read device profiler more often (profiler.cpp:1532)
2026-06-01 23:36:30.989 | warning  |           Metal | Profiler DRAM buffers were full, markers were dropped! device 0, worker core 1, 5, Risc BRISC,  bufferEndIndex = 11860. Please either decrease the number of ops being profiled or run read device profiler more often (profiler.cpp:1532)
2026-06-01 23:36:30.989 | warning  |           Metal | Profiler DRAM buffers were full, markers were dropped! device 0, worker core 1, 5, Risc NCRISC,  bufferEndIndex = 11728. Please either decrease the number of ops being profiled or run read device profiler more often (profiler.cpp:1532)
2026-06-01 23:36:30.989 | warning  |           Metal | Profiler DRAM buffers were full, markers were dropped! device 0, worker core 1, 6, Risc BRISC,  bufferEndIndex = 11860. Please either decrease the number of ops being profiled or run read device profiler more often (profiler.cpp:1532)
2026-06-01 23:36:30.990 | warning  |           Metal | Profiler DRAM buffers were full, markers were dropped! device 0, worker core 1, 6, Risc NCRISC,  bufferEndIndex = 11728. Please either decrease the number of ops being profiled or run read device profiler more often (profiler.cpp:1532)
2026-06-01 23:36:30.990 | warning  |           Metal | Profiler DRAM buffers were full, markers were dropped! device 0, worker core 1, 7, Risc BRISC,  bufferEndIndex = 11768. Please either decrease the number of ops being profiled or run read device profiler more often (profiler.cpp:1532)
2026-06-01 23:36:30.991 | warning  |           Metal | Profiler DRAM buffers were full, markers were dropped! device 0, worker core 1, 7, Risc NCRISC,  bufferEndIndex = 11992. Please either decrease the number of ops being profiled or run read device profiler more often (profiler.cpp:1532)
2026-06-01 23:36:30.991 | warning  |           Metal | Profiler DRAM buffers were full, markers were dropped! device 0, worker core 1, 8, Risc BRISC,  bufferEndIndex = 11768. Please either decrease the number of ops being profiled or run read device profiler more often (profiler.cpp:1532)
2026-06-01 23:36:30.991 | warning  |           Metal | Profiler DRAM buffers were full, markers were dropped! device 0, worker core 1, 8, Risc NCRISC,  bufferEndIndex = 11992. Please either decrease the number of ops being profiled or run read device profiler more often (profiler.cpp:1532)
2026-06-01 23:36:30.992 | warning  |           Metal | Profiler DRAM buffers were full, markers were dropped! device 0, worker core 1, 9, Risc BRISC,  bufferEndIndex = 11768. Please either decrease the number of ops being profiled or run read device profiler more often (profiler.cpp:1532)
2026-06-01 23:36:30.992 | warning  |           Metal | Profiler DRAM buffers were full, markers were dropped! device 0, worker core 1, 9, Risc NCRISC,  bufferEndIndex = 11992. Please either decrease the number of ops being profiled or run read device profiler more often (profiler.cpp:1532)
2026-06-01 23:36:30.992 | warning  |           Metal | Profiler DRAM buffers were full, markers were dropped! device 0, worker core 1, 10, Risc BRISC,  bufferEndIndex = 11768. Please either decrease the number of ops being profiled or run read device profiler more often (profiler.cpp:1532)
2026-06-01 23:36:30.993 | warning  |           Metal | Profiler DRAM buffers were full, markers were dropped! device 0, worker core 1, 10, Risc NCRISC,  bufferEndIndex = 11992. Please either decrease the number of ops being profiled or run read device profiler more often (profiler.cpp:1532)
2026-06-01 23:36:30.993 | warning  |           Metal | Profiler DRAM buffers were full, markers were dropped! device 0, worker core 1, 11, Risc BRISC,  bufferEndIndex = 11768. Please either decrease the number of ops being profiled or run read device profiler more often (profiler.cpp:1532)
2026-06-01 23:36:30.993 | warning  |           Metal | Profiler DRAM buffers were full, markers were dropped! device 0, worker core 1, 11, Risc NCRISC,  bufferEndIndex = 11992. Please either decrease the number of ops being profiled or run read device profiler more often (profiler.cpp:1532)
2026-06-01 23:36:30.994 | warning  |           Metal | Profiler DRAM buffers were full, markers were dropped! device 0, worker core 2, 2, Risc BRISC,  bufferEndIndex = 11860. Please either decrease the number of ops being profiled or run read device profiler more often (profiler.cpp:1532)
2026-06-01 23:36:30.994 | warning  |           Metal | Profiler DRAM buffers were full, markers were dropped! device 0, worker core 2, 2, Risc NCRISC,  bufferEndIndex = 11728. Please either decrease the number of ops being profiled or run read device profiler more often (profiler.cpp:1532)
2026-06-01 23:36:30.995 | warning  |           Metal | Profiler DRAM buffers were full, markers were dropped! device 0, worker core 2, 3, Risc BRISC,  bufferEndIndex = 11860. Please either decrease the number of ops being profiled or run read device profiler more often (profiler.cpp:1532)
2026-06-01 23:36:30.995 | warning  |           Metal | Profiler DRAM buffers were full, markers were dropped! device 0, worker core 2, 3, Risc NCRISC,  bufferEndIndex = 11728. Please either decrease the number of ops being profiled or run read device profiler more often (profiler.cpp:1532)
2026-06-01 23:36:30.995 | warning  |           Metal | Profiler DRAM buffers were full, markers were dropped! device 0, worker core 2, 4, Risc BRISC,  bufferEndIndex = 11860. Please either decrease the number of ops being profiled or run read device profiler more often (profiler.cpp:1532)
2026-06-01 23:36:30.996 | warning  |           Metal | Profiler DRAM buffers were full, markers were dropped! device 0, worker core 2, 4, Risc NCRISC,  bufferEndIndex = 11728. Please either decrease the number of ops being profiled or run read device profiler more often (profiler.cpp:1532)
2026-06-01 23:36:30.996 | warning  |           Metal | Profiler DRAM buffers were full, markers were dropped! device 0, worker core 2, 5, Risc BRISC,  bufferEndIndex = 11860. Please either decrease the number of ops being profiled or run read device profiler more often (profiler.cpp:1532)
2026-06-01 23:36:30.996 | warning  |           Metal | Profiler DRAM buffers were full, markers were dropped! device 0, worker core 2, 5, Risc NCRISC,  bufferEndIndex = 11728. Please either decrease the number of ops being profiled or run read device profiler more often (profiler.cpp:1532)
2026-06-01 23:36:30.997 | warning  |           Metal | Profiler DRAM buffers were full, markers were dropped! device 0, worker core 2, 6, Risc BRISC,  bufferEndIndex = 11860. Please either decrease the number of ops being profiled or run read device profiler more often (profiler.cpp:1532)
2026-06-01 23:36:30.997 | warning  |           Metal | Profiler DRAM buffers were full, markers were dropped! device 0, worker core 2, 6, Risc NCRISC,  bufferEndIndex = 11728. Please either decrease the number of ops being profiled or run read device profiler more often (profiler.cpp:1532)
2026-06-01 23:36:30.997 | warning  |           Metal | Profiler DRAM buffers were full, markers were dropped! device 0, worker core 2, 7, Risc BRISC,  bufferEndIndex = 11768. Please either decrease the number of ops being profiled or run read device profiler more often (profiler.cpp:1532)
2026-06-01 23:36:30.998 | warning  |           Metal | Profiler DRAM buffers were full, markers were dropped! device 0, worker core 2, 7, Risc NCRISC,  bufferEndIndex = 11992. Please either decrease the number of ops being profiled or run read device profiler more often (profiler.cpp:1532)
2026-06-01 23:36:30.998 | warning  |           Metal | Profiler DRAM buffers were full, markers were dropped! device 0, worker core 2, 8, Risc BRISC,  bufferEndIndex = 11768. Please either decrease the number of ops being profiled or run read device profiler more often (profiler.cpp:1532)
2026-06-01 23:36:30.998 | warning  |           Metal | Profiler DRAM buffers were full, markers were dropped! device 0, worker core 2, 8, Risc NCRISC,  bufferEndIndex = 11992. Please either decrease the number of ops being profiled or run read device profiler more often (profiler.cpp:1532)
2026-06-01 23:36:30.999 | warning  |           Metal | Profiler DRAM buffers were full, markers were dropped! device 0, worker core 2, 9, Risc BRISC,  bufferEndIndex = 11768. Please either decrease the number of ops being profiled or run read device profiler more often (profiler.cpp:1532)
2026-06-01 23:36:30.999 | warning  |           Metal | Profiler DRAM buffers were full, markers were dropped! device 0, worker core 2, 9, Risc NCRISC,  bufferEndIndex = 11992. Please either decrease the number of ops being profiled or run read device profiler more often (profiler.cpp:1532)
2026-06-01 23:36:30.999 | warning  |           Metal | Profiler DRAM buffers were full, markers were dropped! device 0, worker core 2, 10, Risc BRISC,  bufferEndIndex = 11768. Please either decrease the number of ops being profiled or run read device profiler more often (profiler.cpp:1532)
2026-06-01 23:36:31.000 | warning  |           Metal | Profiler DRAM buffers were full, markers were dropped! device 0, worker core 2, 10, Risc NCRISC,  bufferEndIndex = 11992. Please either decrease the number of ops being profiled or run read device profiler more often (profiler.cpp:1532)
2026-06-01 23:36:31.000 | warning  |           Metal | Profiler DRAM buffers were full, markers were dropped! device 0, worker core 2, 11, Risc BRISC,  bufferEndIndex = 11768. Please either decrease the number of ops being profiled or run read device profiler more often (profiler.cpp:1532)
2026-06-01 23:36:31.000 | warning  |           Metal | Profiler DRAM buffers were full, markers were dropped! device 0, worker core 2, 11, Risc NCRISC,  bufferEndIndex = 11992. Please either decrease the number of ops being profiled or run read device profiler more often (profiler.cpp:1532)
2026-06-01 23:36:31.001 | warning  |           Metal | Profiler DRAM buffers were full, markers were dropped! device 0, worker core 3, 2, Risc BRISC,  bufferEndIndex = 11860. Please either decrease the number of ops being profiled or run read device profiler more often (profiler.cpp:1532)
2026-06-01 23:36:31.001 | warning  |           Metal | Profiler DRAM buffers were full, markers were dropped! device 0, worker core 3, 2, Risc NCRISC,  bufferEndIndex = 11728. Please either decrease the number of ops being profiled or run read device profiler more often (profiler.cpp:1532)
2026-06-01 23:36:31.001 | warning  |           Metal | Profiler DRAM buffers were full, markers were dropped! device 0, worker core 3, 3, Risc BRISC,  bufferEndIndex = 11860. Please either decrease the number of ops being profiled or run read device profiler more often (profiler.cpp:1532)
2026-06-01 23:36:31.002 | warning  |           Metal | Profiler DRAM buffers were full, markers were dropped! device 0, worker core 3, 3, Risc NCRISC,  bufferEndIndex = 11728. Please either decrease the number of ops being profiled or run read device profiler more often (profiler.cpp:1532)
2026-06-01 23:36:31.002 | warning  |           Metal | Profiler DRAM buffers were full, markers were dropped! device 0, worker core 3, 4, Risc BRISC,  bufferEndIndex = 11860. Please either decrease the number of ops being profiled or run read device profiler more often (profiler.cpp:1532)
2026-06-01 23:36:31.002 | warning  |           Metal | Profiler DRAM buffers were full, markers were dropped! device 0, worker core 3, 4, Risc NCRISC,  bufferEndIndex = 11728. Please either decrease the number of ops being profiled or run read device profiler more often (profiler.cpp:1532)
2026-06-01 23:36:31.003 | warning  |           Metal | Profiler DRAM buffers were full, markers were dropped! device 0, worker core 3, 5, Risc BRISC,  bufferEndIndex = 11860. Please either decrease the number of ops being profiled or run read device profiler more often (profiler.cpp:1532)
2026-06-01 23:36:31.003 | warning  |           Metal | Profiler DRAM buffers were full, markers were dropped! device 0, worker core 3, 5, Risc NCRISC,  bufferEndIndex = 11728. Please either decrease the number of ops being profiled or run read device profiler more often (profiler.cpp:1532)
2026-06-01 23:36:31.004 | warning  |           Metal | Profiler DRAM buffers were full, markers were dropped! device 0, worker core 3, 6, Risc BRISC,  bufferEndIndex = 11860. Please either decrease the number of ops being profiled or run read device profiler more often (profiler.cpp:1532)
2026-06-01 23:36:31.004 | warning  |           Metal | Profiler DRAM buffers were full, markers were dropped! device 0, worker core 3, 6, Risc NCRISC,  bufferEndIndex = 11728. Please either decrease the number of ops being profiled or run read device profiler more often (profiler.cpp:1532)
2026-06-01 23:36:31.004 | warning  |           Metal | Profiler DRAM buffers were full, markers were dropped! device 0, worker core 3, 7, Risc BRISC,  bufferEndIndex = 11768. Please either decrease the number of ops being profiled or run read device profiler more often (profiler.cpp:1532)
2026-06-01 23:36:31.005 | warning  |           Metal | Profiler DRAM buffers were full, markers were dropped! device 0, worker core 3, 7, Risc NCRISC,  bufferEndIndex = 11992. Please either decrease the number of ops being profiled or run read device profiler more often (profiler.cpp:1532)
2026-06-01 23:36:31.005 | warning  |           Metal | Profiler DRAM buffers were full, markers were dropped! device 0, worker core 3, 8, Risc BRISC,  bufferEndIndex = 11768. Please either decrease the number of ops being profiled or run read device profiler more often (profiler.cpp:1532)
2026-06-01 23:36:31.005 | warning  |           Metal | Profiler DRAM buffers were full, markers were dropped! device 0, worker core 3, 8, Risc NCRISC,  bufferEndIndex = 11992. Please either decrease the number of ops being profiled or run read device profiler more often (profiler.cpp:1532)
2026-06-01 23:36:31.006 | warning  |           Metal | Profiler DRAM buffers were full, markers were dropped! device 0, worker core 3, 9, Risc BRISC,  bufferEndIndex = 11768. Please either decrease the number of ops being profiled or run read device profiler more often (profiler.cpp:1532)
2026-06-01 23:36:31.006 | warning  |           Metal | Profiler DRAM buffers were full, markers were dropped! device 0, worker core 3, 9, Risc NCRISC,  bufferEndIndex = 11992. Please either decrease the number of ops being profiled or run read device profiler more often (profiler.cpp:1532)
2026-06-01 23:36:31.006 | warning  |           Metal | Profiler DRAM buffers were full, markers were dropped! device 0, worker core 3, 10, Risc BRISC,  bufferEndIndex = 11768. Please either decrease the number of ops being profiled or run read device profiler more often (profiler.cpp:1532)
2026-06-01 23:36:31.007 | warning  |           Metal | Profiler DRAM buffers were full, markers were dropped! device 0, worker core 3, 10, Risc NCRISC,  bufferEndIndex = 11992. Please either decrease the number of ops being profiled or run read device profiler more often (profiler.cpp:1532)
2026-06-01 23:36:31.007 | warning  |           Metal | Profiler DRAM buffers were full, markers were dropped! device 0, worker core 3, 11, Risc BRISC,  bufferEndIndex = 11768. Please either decrease the number of ops being profiled or run read device profiler more often (profiler.cpp:1532)
2026-06-01 23:36:31.007 | warning  |           Metal | Profiler DRAM buffers were full, markers were dropped! device 0, worker core 3, 11, Risc NCRISC,  bufferEndIndex = 11992. Please either decrease the number of ops being profiled or run read device profiler more often (profiler.cpp:1532)
2026-06-01 23:36:31.008 | warning  |           Metal | Profiler DRAM buffers were full, markers were dropped! device 0, worker core 4, 2, Risc BRISC,  bufferEndIndex = 11860. Please either decrease the number of ops being profiled or run read device profiler more often (profiler.cpp:1532)
2026-06-01 23:36:31.008 | warning  |           Metal | Profiler DRAM buffers were full, markers were dropped! device 0, worker core 4, 2, Risc NCRISC,  bufferEndIndex = 11728. Please either decrease the number of ops being profiled or run read device profiler more often (profiler.cpp:1532)
2026-06-01 23:36:31.008 | warning  |           Metal | Profiler DRAM buffers were full, markers were dropped! device 0, worker core 4, 3, Risc BRISC,  bufferEndIndex = 11860. Please either decrease the number of ops being profiled or run read device profiler more often (profiler.cpp:1532)
2026-06-01 23:36:31.009 | warning  |           Metal | Profiler DRAM buffers were full, markers were dropped! device 0, worker core 4, 3, Risc NCRISC,  bufferEndIndex = 11728. Please either decrease the number of ops being profiled or run read device profiler more often (profiler.cpp:1532)
2026-06-01 23:36:31.009 | warning  |           Metal | Profiler DRAM buffers were full, markers were dropped! device 0, worker core 4, 4, Risc BRISC,  bufferEndIndex = 11860. Please either decrease the number of ops being profiled or run read device profiler more often (profiler.cpp:1532)
2026-06-01 23:36:31.009 | warning  |           Metal | Profiler DRAM buffers were full, markers were dropped! device 0, worker core 4, 4, Risc NCRISC,  bufferEndIndex = 11728. Please either decrease the number of ops being profiled or run read device profiler more often (profiler.cpp:1532)
2026-06-01 23:36:31.010 | warning  |           Metal | Profiler DRAM buffers were full, markers were dropped! device 0, worker core 4, 5, Risc BRISC,  bufferEndIndex = 11860. Please either decrease the number of ops being profiled or run read device profiler more often (profiler.cpp:1532)
2026-06-01 23:36:31.010 | warning  |           Metal | Profiler DRAM buffers were full, markers were dropped! device 0, worker core 4, 5, Risc NCRISC,  bufferEndIndex = 11728. Please either decrease the number of ops being profiled or run read device profiler more often (profiler.cpp:1532)
2026-06-01 23:36:31.010 | warning  |           Metal | Profiler DRAM buffers were full, markers were dropped! device 0, worker core 4, 6, Risc BRISC,  bufferEndIndex = 11860. Please either decrease the number of ops being profiled or run read device profiler more often (profiler.cpp:1532)
2026-06-01 23:36:31.011 | warning  |           Metal | Profiler DRAM buffers were full, markers were dropped! device 0, worker core 4, 6, Risc NCRISC,  bufferEndIndex = 11728. Please either decrease the number of ops being profiled or run read device profiler more often (profiler.cpp:1532)
2026-06-01 23:36:31.011 | warning  |           Metal | Profiler DRAM buffers were full, markers were dropped! device 0, worker core 4, 7, Risc BRISC,  bufferEndIndex = 11768. Please either decrease the number of ops being profiled or run read device profiler more often (profiler.cpp:1532)
2026-06-01 23:36:31.011 | warning  |           Metal | Profiler DRAM buffers were full, markers were dropped! device 0, worker core 4, 7, Risc NCRISC,  bufferEndIndex = 11992. Please either decrease the number of ops being profiled or run read device profiler more often (profiler.cpp:1532)
2026-06-01 23:36:31.012 | warning  |           Metal | Profiler DRAM buffers were full, markers were dropped! device 0, worker core 4, 8, Risc BRISC,  bufferEndIndex = 11768. Please either decrease the number of ops being profiled or run read device profiler more often (profiler.cpp:1532)
2026-06-01 23:36:31.012 | warning  |           Metal | Profiler DRAM buffers were full, markers were dropped! device 0, worker core 4, 8, Risc NCRISC,  bufferEndIndex = 11992. Please either decrease the number of ops being profiled or run read device profiler more often (profiler.cpp:1532)
2026-06-01 23:36:31.012 | warning  |           Metal | Profiler DRAM buffers were full, markers were dropped! device 0, worker core 4, 9, Risc BRISC,  bufferEndIndex = 11768. Please either decrease the number of ops being profiled or run read device profiler more often (profiler.cpp:1532)
2026-06-01 23:36:31.013 | warning  |           Metal | Profiler DRAM buffers were full, markers were dropped! device 0, worker core 4, 9, Risc NCRISC,  bufferEndIndex = 11992. Please either decrease the number of ops being profiled or run read device profiler more often (profiler.cpp:1532)
2026-06-01 23:36:31.013 | warning  |           Metal | Profiler DRAM buffers were full, markers were dropped! device 0, worker core 4, 10, Risc BRISC,  bufferEndIndex = 11768. Please either decrease the number of ops being profiled or run read device profiler more often (profiler.cpp:1532)
2026-06-01 23:36:31.013 | warning  |           Metal | Profiler DRAM buffers were full, markers were dropped! device 0, worker core 4, 10, Risc NCRISC,  bufferEndIndex = 11992. Please either decrease the number of ops being profiled or run read device profiler more often (profiler.cpp:1532)
2026-06-01 23:36:31.014 | warning  |           Metal | Profiler DRAM buffers were full, markers were dropped! device 0, worker core 4, 11, Risc BRISC,  bufferEndIndex = 11768. Please either decrease the number of ops being profiled or run read device profiler more often (profiler.cpp:1532)
2026-06-01 23:36:31.014 | warning  |           Metal | Profiler DRAM buffers were full, markers were dropped! device 0, worker core 4, 11, Risc NCRISC,  bufferEndIndex = 11992. Please either decrease the number of ops being profiled or run read device profiler more often (profiler.cpp:1532)
2026-06-01 23:36:31.015 | warning  |           Metal | Profiler DRAM buffers were full, markers were dropped! device 0, worker core 5, 2, Risc BRISC,  bufferEndIndex = 11860. Please either decrease the number of ops being profiled or run read device profiler more often (profiler.cpp:1532)
2026-06-01 23:36:31.015 | warning  |           Metal | Profiler DRAM buffers were full, markers were dropped! device 0, worker core 5, 2, Risc NCRISC,  bufferEndIndex = 11728. Please either decrease the number of ops being profiled or run read device profiler more often (profiler.cpp:1532)
2026-06-01 23:36:31.015 | warning  |           Metal | Profiler DRAM buffers were full, markers were dropped! device 0, worker core 5, 3, Risc BRISC,  bufferEndIndex = 11860. Please either decrease the number of ops being profiled or run read device profiler more often (profiler.cpp:1532)
2026-06-01 23:36:31.016 | warning  |           Metal | Profiler DRAM buffers were full, markers were dropped! device 0, worker core 5, 3, Risc NCRISC,  bufferEndIndex = 11728. Please either decrease the number of ops being profiled or run read device profiler more often (profiler.cpp:1532)
2026-06-01 23:36:31.016 | warning  |           Metal | Profiler DRAM buffers were full, markers were dropped! device 0, worker core 5, 4, Risc BRISC,  bufferEndIndex = 11860. Please either decrease the number of ops being profiled or run read device profiler more often (profiler.cpp:1532)
2026-06-01 23:36:31.016 | warning  |           Metal | Profiler DRAM buffers were full, markers were dropped! device 0, worker core 5, 4, Risc NCRISC,  bufferEndIndex = 11728. Please either decrease the number of ops being profiled or run read device profiler more often (profiler.cpp:1532)
2026-06-01 23:36:31.017 | warning  |           Metal | Profiler DRAM buffers were full, markers were dropped! device 0, worker core 5, 5, Risc BRISC,  bufferEndIndex = 11860. Please either decrease the number of ops being profiled or run read device profiler more often (profiler.cpp:1532)
2026-06-01 23:36:31.017 | warning  |           Metal | Profiler DRAM buffers were full, markers were dropped! device 0, worker core 5, 5, Risc NCRISC,  bufferEndIndex = 11728. Please either decrease the number of ops being profiled or run read device profiler more often (profiler.cpp:1532)
2026-06-01 23:36:31.017 | warning  |           Metal | Profiler DRAM buffers were full, markers were dropped! device 0, worker core 5, 6, Risc BRISC,  bufferEndIndex = 11860. Please either decrease the number of ops being profiled or run read device profiler more often (profiler.cpp:1532)
2026-06-01 23:36:31.018 | warning  |           Metal | Profiler DRAM buffers were full, markers were dropped! device 0, worker core 5, 6, Risc NCRISC,  bufferEndIndex = 11728. Please either decrease the number of ops being profiled or run read device profiler more often (profiler.cpp:1532)
2026-06-01 23:36:31.018 | warning  |           Metal | Profiler DRAM buffers were full, markers were dropped! device 0, worker core 5, 7, Risc BRISC,  bufferEndIndex = 11768. Please either decrease the number of ops being profiled or run read device profiler more often (profiler.cpp:1532)
2026-06-01 23:36:31.018 | warning  |           Metal | Profiler DRAM buffers were full, markers were dropped! device 0, worker core 5, 7, Risc NCRISC,  bufferEndIndex = 11992. Please either decrease the number of ops being profiled or run read device profiler more often (profiler.cpp:1532)
2026-06-01 23:36:31.019 | warning  |           Metal | Profiler DRAM buffers were full, markers were dropped! device 0, worker core 5, 8, Risc BRISC,  bufferEndIndex = 11768. Please either decrease the number of ops being profiled or run read device profiler more often (profiler.cpp:1532)
2026-06-01 23:36:31.019 | warning  |           Metal | Profiler DRAM buffers were full, markers were dropped! device 0, worker core 5, 8, Risc NCRISC,  bufferEndIndex = 11992. Please either decrease the number of ops being profiled or run read device profiler more often (profiler.cpp:1532)
2026-06-01 23:36:31.019 | warning  |           Metal | Profiler DRAM buffers were full, markers were dropped! device 0, worker core 5, 9, Risc BRISC,  bufferEndIndex = 11768. Please either decrease the number of ops being profiled or run read device profiler more often (profiler.cpp:1532)
2026-06-01 23:36:31.020 | warning  |           Metal | Profiler DRAM buffers were full, markers were dropped! device 0, worker core 5, 9, Risc NCRISC,  bufferEndIndex = 11992. Please either decrease the number of ops being profiled or run read device profiler more often (profiler.cpp:1532)
2026-06-01 23:36:31.020 | warning  |           Metal | Profiler DRAM buffers were full, markers were dropped! device 0, worker core 5, 10, Risc BRISC,  bufferEndIndex = 11768. Please either decrease the number of ops being profiled or run read device profiler more often (profiler.cpp:1532)
2026-06-01 23:36:31.020 | warning  |           Metal | Profiler DRAM buffers were full, markers were dropped! device 0, worker core 5, 10, Risc NCRISC,  bufferEndIndex = 11992. Please either decrease the number of ops being profiled or run read device profiler more often (profiler.cpp:1532)
2026-06-01 23:36:31.021 | warning  |           Metal | Profiler DRAM buffers were full, markers were dropped! device 0, worker core 5, 11, Risc BRISC,  bufferEndIndex = 11768. Please either decrease the number of ops being profiled or run read device profiler more often (profiler.cpp:1532)
2026-06-01 23:36:31.021 | warning  |           Metal | Profiler DRAM buffers were full, markers were dropped! device 0, worker core 5, 11, Risc NCRISC,  bufferEndIndex = 11992. Please either decrease the number of ops being profiled or run read device profiler more often (profiler.cpp:1532)
2026-06-01 23:36:31.021 | warning  |           Metal | Profiler DRAM buffers were full, markers were dropped! device 0, worker core 6, 2, Risc BRISC,  bufferEndIndex = 11860. Please either decrease the number of ops being profiled or run read device profiler more often (profiler.cpp:1532)
2026-06-01 23:36:31.022 | warning  |           Metal | Profiler DRAM buffers were full, markers were dropped! device 0, worker core 6, 2, Risc NCRISC,  bufferEndIndex = 11728. Please either decrease the number of ops being profiled or run read device profiler more often (profiler.cpp:1532)
2026-06-01 23:36:31.022 | warning  |           Metal | Profiler DRAM buffers were full, markers were dropped! device 0, worker core 6, 3, Risc BRISC,  bufferEndIndex = 11860. Please either decrease the number of ops being profiled or run read device profiler more often (profiler.cpp:1532)
2026-06-01 23:36:31.022 | warning  |           Metal | Profiler DRAM buffers were full, markers were dropped! device 0, worker core 6, 3, Risc NCRISC,  bufferEndIndex = 11728. Please either decrease the number of ops being profiled or run read device profiler more often (profiler.cpp:1532)
2026-06-01 23:36:31.023 | warning  |           Metal | Profiler DRAM buffers were full, markers were dropped! device 0, worker core 6, 4, Risc BRISC,  bufferEndIndex = 11860. Please either decrease the number of ops being profiled or run read device profiler more often (profiler.cpp:1532)
2026-06-01 23:36:31.023 | warning  |           Metal | Profiler DRAM buffers were full, markers were dropped! device 0, worker core 6, 4, Risc NCRISC,  bufferEndIndex = 11728. Please either decrease the number of ops being profiled or run read device profiler more often (profiler.cpp:1532)
2026-06-01 23:36:31.023 | warning  |           Metal | Profiler DRAM buffers were full, markers were dropped! device 0, worker core 6, 5, Risc BRISC,  bufferEndIndex = 11860. Please either decrease the number of ops being profiled or run read device profiler more often (profiler.cpp:1532)
2026-06-01 23:36:31.024 | warning  |           Metal | Profiler DRAM buffers were full, markers were dropped! device 0, worker core 6, 5, Risc NCRISC,  bufferEndIndex = 11728. Please either decrease the number of ops being profiled or run read device profiler more often (profiler.cpp:1532)
2026-06-01 23:36:31.024 | warning  |           Metal | Profiler DRAM buffers were full, markers were dropped! device 0, worker core 6, 6, Risc BRISC,  bufferEndIndex = 11768. Please either decrease the number of ops being profiled or run read device profiler more often (profiler.cpp:1532)
2026-06-01 23:36:31.024 | warning  |           Metal | Profiler DRAM buffers were full, markers were dropped! device 0, worker core 6, 6, Risc NCRISC,  bufferEndIndex = 11992. Please either decrease the number of ops being profiled or run read device profiler more often (profiler.cpp:1532)
2026-06-01 23:36:31.025 | warning  |           Metal | Profiler DRAM buffers were full, markers were dropped! device 0, worker core 6, 7, Risc BRISC,  bufferEndIndex = 11768. Please either decrease the number of ops being profiled or run read device profiler more often (profiler.cpp:1532)
2026-06-01 23:36:31.025 | warning  |           Metal | Profiler DRAM buffers were full, markers were dropped! device 0, worker core 6, 7, Risc NCRISC,  bufferEndIndex = 11992. Please either decrease the number of ops being profiled or run read device profiler more often (profiler.cpp:1532)
2026-06-01 23:36:31.026 | warning  |           Metal | Profiler DRAM buffers were full, markers were dropped! device 0, worker core 6, 8, Risc BRISC,  bufferEndIndex = 11768. Please either decrease the number of ops being profiled or run read device profiler more often (profiler.cpp:1532)
2026-06-01 23:36:31.026 | warning  |           Metal | Profiler DRAM buffers were full, markers were dropped! device 0, worker core 6, 8, Risc NCRISC,  bufferEndIndex = 11992. Please either decrease the number of ops being profiled or run read device profiler more often (profiler.cpp:1532)
2026-06-01 23:36:31.026 | warning  |           Metal | Profiler DRAM buffers were full, markers were dropped! device 0, worker core 6, 9, Risc BRISC,  bufferEndIndex = 11768. Please either decrease the number of ops being profiled or run read device profiler more often (profiler.cpp:1532)
2026-06-01 23:36:31.027 | warning  |           Metal | Profiler DRAM buffers were full, markers were dropped! device 0, worker core 6, 9, Risc NCRISC,  bufferEndIndex = 11992. Please either decrease the number of ops being profiled or run read device profiler more often (profiler.cpp:1532)
2026-06-01 23:36:31.027 | warning  |           Metal | Profiler DRAM buffers were full, markers were dropped! device 0, worker core 6, 10, Risc BRISC,  bufferEndIndex = 11768. Please either decrease the number of ops being profiled or run read device profiler more often (profiler.cpp:1532)
2026-06-01 23:36:31.027 | warning  |           Metal | Profiler DRAM buffers were full, markers were dropped! device 0, worker core 6, 10, Risc NCRISC,  bufferEndIndex = 11992. Please either decrease the number of ops being profiled or run read device profiler more often (profiler.cpp:1532)
2026-06-01 23:36:31.028 | warning  |           Metal | Profiler DRAM buffers were full, markers were dropped! device 0, worker core 6, 11, Risc BRISC,  bufferEndIndex = 11768. Please either decrease the number of ops being profiled or run read device profiler more often (profiler.cpp:1532)
2026-06-01 23:36:31.028 | warning  |           Metal | Profiler DRAM buffers were full, markers were dropped! device 0, worker core 6, 11, Risc NCRISC,  bufferEndIndex = 11992. Please either decrease the number of ops being profiled or run read device profiler more often (profiler.cpp:1532)
2026-06-01 23:36:31.028 | warning  |           Metal | Profiler DRAM buffers were full, markers were dropped! device 0, worker core 7, 2, Risc BRISC,  bufferEndIndex = 11860. Please either decrease the number of ops being profiled or run read device profiler more often (profiler.cpp:1532)
2026-06-01 23:36:31.029 | warning  |           Metal | Profiler DRAM buffers were full, markers were dropped! device 0, worker core 7, 2, Risc NCRISC,  bufferEndIndex = 11728. Please either decrease the number of ops being profiled or run read device profiler more often (profiler.cpp:1532)
2026-06-01 23:36:31.029 | warning  |           Metal | Profiler DRAM buffers were full, markers were dropped! device 0, worker core 7, 3, Risc BRISC,  bufferEndIndex = 11860. Please either decrease the number of ops being profiled or run read device profiler more often (profiler.cpp:1532)
2026-06-01 23:36:31.029 | warning  |           Metal | Profiler DRAM buffers were full, markers were dropped! device 0, worker core 7, 3, Risc NCRISC,  bufferEndIndex = 11728. Please either decrease the number of ops being profiled or run read device profiler more often (profiler.cpp:1532)
2026-06-01 23:36:31.030 | warning  |           Metal | Profiler DRAM buffers were full, markers were dropped! device 0, worker core 7, 4, Risc BRISC,  bufferEndIndex = 11860. Please either decrease the number of ops being profiled or run read device profiler more often (profiler.cpp:1532)
2026-06-01 23:36:31.030 | warning  |           Metal | Profiler DRAM buffers were full, markers were dropped! device 0, worker core 7, 4, Risc NCRISC,  bufferEndIndex = 11728. Please either decrease the number of ops being profiled or run read device profiler more often (profiler.cpp:1532)
2026-06-01 23:36:31.030 | warning  |           Metal | Profiler DRAM buffers were full, markers were dropped! device 0, worker core 7, 5, Risc BRISC,  bufferEndIndex = 11860. Please either decrease the number of ops being profiled or run read device profiler more often (profiler.cpp:1532)
2026-06-01 23:36:31.031 | warning  |           Metal | Profiler DRAM buffers were full, markers were dropped! device 0, worker core 7, 5, Risc NCRISC,  bufferEndIndex = 11728. Please either decrease the number of ops being profiled or run read device profiler more often (profiler.cpp:1532)
2026-06-01 23:36:31.031 | warning  |           Metal | Profiler DRAM buffers were full, markers were dropped! device 0, worker core 7, 6, Risc BRISC,  bufferEndIndex = 11768. Please either decrease the number of ops being profiled or run read device profiler more often (profiler.cpp:1532)
2026-06-01 23:36:31.031 | warning  |           Metal | Profiler DRAM buffers were full, markers were dropped! device 0, worker core 7, 6, Risc NCRISC,  bufferEndIndex = 11992. Please either decrease the number of ops being profiled or run read device profiler more often (profiler.cpp:1532)
2026-06-01 23:36:31.032 | warning  |           Metal | Profiler DRAM buffers were full, markers were dropped! device 0, worker core 7, 7, Risc BRISC,  bufferEndIndex = 11768. Please either decrease the number of ops being profiled or run read device profiler more often (profiler.cpp:1532)
2026-06-01 23:36:31.032 | warning  |           Metal | Profiler DRAM buffers were full, markers were dropped! device 0, worker core 7, 7, Risc NCRISC,  bufferEndIndex = 11992. Please either decrease the number of ops being profiled or run read device profiler more often (profiler.cpp:1532)
2026-06-01 23:36:31.032 | warning  |           Metal | Profiler DRAM buffers were full, markers were dropped! device 0, worker core 7, 8, Risc BRISC,  bufferEndIndex = 11768. Please either decrease the number of ops being profiled or run read device profiler more often (profiler.cpp:1532)
2026-06-01 23:36:31.033 | warning  |           Metal | Profiler DRAM buffers were full, markers were dropped! device 0, worker core 7, 8, Risc NCRISC,  bufferEndIndex = 11992. Please either decrease the number of ops being profiled or run read device profiler more often (profiler.cpp:1532)
2026-06-01 23:36:31.033 | warning  |           Metal | Profiler DRAM buffers were full, markers were dropped! device 0, worker core 7, 9, Risc BRISC,  bufferEndIndex = 11768. Please either decrease the number of ops being profiled or run read device profiler more often (profiler.cpp:1532)
2026-06-01 23:36:31.033 | warning  |           Metal | Profiler DRAM buffers were full, markers were dropped! device 0, worker core 7, 9, Risc NCRISC,  bufferEndIndex = 11992. Please either decrease the number of ops being profiled or run read device profiler more often (profiler.cpp:1532)
2026-06-01 23:36:31.034 | warning  |           Metal | Profiler DRAM buffers were full, markers were dropped! device 0, worker core 7, 10, Risc BRISC,  bufferEndIndex = 11768. Please either decrease the number of ops being profiled or run read device profiler more often (profiler.cpp:1532)
2026-06-01 23:36:31.034 | warning  |           Metal | Profiler DRAM buffers were full, markers were dropped! device 0, worker core 7, 10, Risc NCRISC,  bufferEndIndex = 11992. Please either decrease the number of ops being profiled or run read device profiler more often (profiler.cpp:1532)
2026-06-01 23:36:31.034 | warning  |           Metal | Profiler DRAM buffers were full, markers were dropped! device 0, worker core 7, 11, Risc BRISC,  bufferEndIndex = 11768. Please either decrease the number of ops being profiled or run read device profiler more often (profiler.cpp:1532)
2026-06-01 23:36:31.035 | warning  |           Metal | Profiler DRAM buffers were full, markers were dropped! device 0, worker core 7, 11, Risc NCRISC,  bufferEndIndex = 11992. Please either decrease the number of ops being profiled or run read device profiler more often (profiler.cpp:1532)
2026-06-01 23:36:31.035 | warning  |           Metal | Profiler DRAM buffers were full, markers were dropped! device 0, worker core 10, 2, Risc BRISC,  bufferEndIndex = 11860. Please either decrease the number of ops being profiled or run read device profiler more often (profiler.cpp:1532)
2026-06-01 23:36:31.035 | warning  |           Metal | Profiler DRAM buffers were full, markers were dropped! device 0, worker core 10, 2, Risc NCRISC,  bufferEndIndex = 11728. Please either decrease the number of ops being profiled or run read device profiler more often (profiler.cpp:1532)
2026-06-01 23:36:31.036 | warning  |           Metal | Profiler DRAM buffers were full, markers were dropped! device 0, worker core 10, 3, Risc BRISC,  bufferEndIndex = 11860. Please either decrease the number of ops being profiled or run read device profiler more often (profiler.cpp:1532)
2026-06-01 23:36:31.036 | warning  |           Metal | Profiler DRAM buffers were full, markers were dropped! device 0, worker core 10, 3, Risc NCRISC,  bufferEndIndex = 11728. Please either decrease the number of ops being profiled or run read device profiler more often (profiler.cpp:1532)
2026-06-01 23:36:31.036 | warning  |           Metal | Profiler DRAM buffers were full, markers were dropped! device 0, worker core 10, 4, Risc BRISC,  bufferEndIndex = 11860. Please either decrease the number of ops being profiled or run read device profiler more often (profiler.cpp:1532)
2026-06-01 23:36:31.037 | warning  |           Metal | Profiler DRAM buffers were full, markers were dropped! device 0, worker core 10, 4, Risc NCRISC,  bufferEndIndex = 11728. Please either decrease the number of ops being profiled or run read device profiler more often (profiler.cpp:1532)
2026-06-01 23:36:31.037 | warning  |           Metal | Profiler DRAM buffers were full, markers were dropped! device 0, worker core 10, 5, Risc BRISC,  bufferEndIndex = 11860. Please either decrease the number of ops being profiled or run read device profiler more often (profiler.cpp:1532)
2026-06-01 23:36:31.038 | warning  |           Metal | Profiler DRAM buffers were full, markers were dropped! device 0, worker core 10, 5, Risc NCRISC,  bufferEndIndex = 11728. Please either decrease the number of ops being profiled or run read device profiler more often (profiler.cpp:1532)
2026-06-01 23:36:31.038 | warning  |           Metal | Profiler DRAM buffers were full, markers were dropped! device 0, worker core 10, 6, Risc BRISC,  bufferEndIndex = 11768. Please either decrease the number of ops being profiled or run read device profiler more often (profiler.cpp:1532)
2026-06-01 23:36:31.038 | warning  |           Metal | Profiler DRAM buffers were full, markers were dropped! device 0, worker core 10, 6, Risc NCRISC,  bufferEndIndex = 11992. Please either decrease the number of ops being profiled or run read device profiler more often (profiler.cpp:1532)
2026-06-01 23:36:31.039 | warning  |           Metal | Profiler DRAM buffers were full, markers were dropped! device 0, worker core 10, 7, Risc BRISC,  bufferEndIndex = 11768. Please either decrease the number of ops being profiled or run read device profiler more often (profiler.cpp:1532)
2026-06-01 23:36:31.039 | warning  |           Metal | Profiler DRAM buffers were full, markers were dropped! device 0, worker core 10, 7, Risc NCRISC,  bufferEndIndex = 11992. Please either decrease the number of ops being profiled or run read device profiler more often (profiler.cpp:1532)
2026-06-01 23:36:31.039 | warning  |           Metal | Profiler DRAM buffers were full, markers were dropped! device 0, worker core 10, 8, Risc BRISC,  bufferEndIndex = 11768. Please either decrease the number of ops being profiled or run read device profiler more often (profiler.cpp:1532)
2026-06-01 23:36:31.040 | warning  |           Metal | Profiler DRAM buffers were full, markers were dropped! device 0, worker core 10, 8, Risc NCRISC,  bufferEndIndex = 11992. Please either decrease the number of ops being profiled or run read device profiler more often (profiler.cpp:1532)
2026-06-01 23:36:31.040 | warning  |           Metal | Profiler DRAM buffers were full, markers were dropped! device 0, worker core 10, 9, Risc BRISC,  bufferEndIndex = 11768. Please either decrease the number of ops being profiled or run read device profiler more often (profiler.cpp:1532)
2026-06-01 23:36:31.040 | warning  |           Metal | Profiler DRAM buffers were full, markers were dropped! device 0, worker core 10, 9, Risc NCRISC,  bufferEndIndex = 11992. Please either decrease the number of ops being profiled or run read device profiler more often (profiler.cpp:1532)
2026-06-01 23:36:31.041 | warning  |           Metal | Profiler DRAM buffers were full, markers were dropped! device 0, worker core 10, 10, Risc BRISC,  bufferEndIndex = 11768. Please either decrease the number of ops being profiled or run read device profiler more often (profiler.cpp:1532)
2026-06-01 23:36:31.041 | warning  |           Metal | Profiler DRAM buffers were full, markers were dropped! device 0, worker core 10, 10, Risc NCRISC,  bufferEndIndex = 11992. Please either decrease the number of ops being profiled or run read device profiler more often (profiler.cpp:1532)
2026-06-01 23:36:31.041 | warning  |           Metal | Profiler DRAM buffers were full, markers were dropped! device 0, worker core 10, 11, Risc BRISC,  bufferEndIndex = 11768. Please either decrease the number of ops being profiled or run read device profiler more often (profiler.cpp:1532)
2026-06-01 23:36:31.042 | warning  |           Metal | Profiler DRAM buffers were full, markers were dropped! device 0, worker core 10, 11, Risc NCRISC,  bufferEndIndex = 11992. Please either decrease the number of ops being profiled or run read device profiler more often (profiler.cpp:1532)
2026-06-01 23:36:31.042 | warning  |           Metal | Profiler DRAM buffers were full, markers were dropped! device 0, worker core 11, 2, Risc BRISC,  bufferEndIndex = 11860. Please either decrease the number of ops being profiled or run read device profiler more often (profiler.cpp:1532)
2026-06-01 23:36:31.042 | warning  |           Metal | Profiler DRAM buffers were full, markers were dropped! device 0, worker core 11, 2, Risc NCRISC,  bufferEndIndex = 11728. Please either decrease the number of ops being profiled or run read device profiler more often (profiler.cpp:1532)
2026-06-01 23:36:31.043 | warning  |           Metal | Profiler DRAM buffers were full, markers were dropped! device 0, worker core 11, 3, Risc BRISC,  bufferEndIndex = 11860. Please either decrease the number of ops being profiled or run read device profiler more often (profiler.cpp:1532)
2026-06-01 23:36:31.043 | warning  |           Metal | Profiler DRAM buffers were full, markers were dropped! device 0, worker core 11, 3, Risc NCRISC,  bufferEndIndex = 11728. Please either decrease the number of ops being profiled or run read device profiler more often (profiler.cpp:1532)
2026-06-01 23:36:31.043 | warning  |           Metal | Profiler DRAM buffers were full, markers were dropped! device 0, worker core 11, 4, Risc BRISC,  bufferEndIndex = 11860. Please either decrease the number of ops being profiled or run read device profiler more often (profiler.cpp:1532)
2026-06-01 23:36:31.044 | warning  |           Metal | Profiler DRAM buffers were full, markers were dropped! device 0, worker core 11, 4, Risc NCRISC,  bufferEndIndex = 11728. Please either decrease the number of ops being profiled or run read device profiler more often (profiler.cpp:1532)
2026-06-01 23:36:31.044 | warning  |           Metal | Profiler DRAM buffers were full, markers were dropped! device 0, worker core 11, 5, Risc BRISC,  bufferEndIndex = 11860. Please either decrease the number of ops being profiled or run read device profiler more often (profiler.cpp:1532)
2026-06-01 23:36:31.044 | warning  |           Metal | Profiler DRAM buffers were full, markers were dropped! device 0, worker core 11, 5, Risc NCRISC,  bufferEndIndex = 11728. Please either decrease the number of ops being profiled or run read device profiler more often (profiler.cpp:1532)
2026-06-01 23:36:31.045 | warning  |           Metal | Profiler DRAM buffers were full, markers were dropped! device 0, worker core 11, 6, Risc BRISC,  bufferEndIndex = 11768. Please either decrease the number of ops being profiled or run read device profiler more often (profiler.cpp:1532)
2026-06-01 23:36:31.045 | warning  |           Metal | Profiler DRAM buffers were full, markers were dropped! device 0, worker core 11, 6, Risc NCRISC,  bufferEndIndex = 11992. Please either decrease the number of ops being profiled or run read device profiler more often (profiler.cpp:1532)
2026-06-01 23:36:31.045 | warning  |           Metal | Profiler DRAM buffers were full, markers were dropped! device 0, worker core 11, 7, Risc BRISC,  bufferEndIndex = 11768. Please either decrease the number of ops being profiled or run read device profiler more often (profiler.cpp:1532)
2026-06-01 23:36:31.046 | warning  |           Metal | Profiler DRAM buffers were full, markers were dropped! device 0, worker core 11, 7, Risc NCRISC,  bufferEndIndex = 11992. Please either decrease the number of ops being profiled or run read device profiler more often (profiler.cpp:1532)
2026-06-01 23:36:31.046 | warning  |           Metal | Profiler DRAM buffers were full, markers were dropped! device 0, worker core 11, 8, Risc BRISC,  bufferEndIndex = 11768. Please either decrease the number of ops being profiled or run read device profiler more often (profiler.cpp:1532)
2026-06-01 23:36:31.046 | warning  |           Metal | Profiler DRAM buffers were full, markers were dropped! device 0, worker core 11, 8, Risc NCRISC,  bufferEndIndex = 11992. Please either decrease the number of ops being profiled or run read device profiler more often (profiler.cpp:1532)
2026-06-01 23:36:31.047 | warning  |           Metal | Profiler DRAM buffers were full, markers were dropped! device 0, worker core 11, 9, Risc BRISC,  bufferEndIndex = 11768. Please either decrease the number of ops being profiled or run read device profiler more often (profiler.cpp:1532)
2026-06-01 23:36:31.047 | warning  |           Metal | Profiler DRAM buffers were full, markers were dropped! device 0, worker core 11, 9, Risc NCRISC,  bufferEndIndex = 11992. Please either decrease the number of ops being profiled or run read device profiler more often (profiler.cpp:1532)
2026-06-01 23:36:31.047 | warning  |           Metal | Profiler DRAM buffers were full, markers were dropped! device 0, worker core 11, 10, Risc BRISC,  bufferEndIndex = 11768. Please either decrease the number of ops being profiled or run read device profiler more often (profiler.cpp:1532)
2026-06-01 23:36:31.048 | warning  |           Metal | Profiler DRAM buffers were full, markers were dropped! device 0, worker core 11, 10, Risc NCRISC,  bufferEndIndex = 11992. Please either decrease the number of ops being profiled or run read device profiler more often (profiler.cpp:1532)
2026-06-01 23:36:31.048 | warning  |           Metal | Profiler DRAM buffers were full, markers were dropped! device 0, worker core 11, 11, Risc BRISC,  bufferEndIndex = 11768. Please either decrease the number of ops being profiled or run read device profiler more often (profiler.cpp:1532)
2026-06-01 23:36:31.048 | warning  |           Metal | Profiler DRAM buffers were full, markers were dropped! device 0, worker core 11, 11, Risc NCRISC,  bufferEndIndex = 11992. Please either decrease the number of ops being profiled or run read device profiler more often (profiler.cpp:1532)
2026-06-01 23:36:31.049 | warning  |           Metal | Profiler DRAM buffers were full, markers were dropped! device 0, worker core 12, 2, Risc BRISC,  bufferEndIndex = 11860. Please either decrease the number of ops being profiled or run read device profiler more often (profiler.cpp:1532)
2026-06-01 23:36:31.049 | warning  |           Metal | Profiler DRAM buffers were full, markers were dropped! device 0, worker core 12, 2, Risc NCRISC,  bufferEndIndex = 11728. Please either decrease the number of ops being profiled or run read device profiler more often (profiler.cpp:1532)
2026-06-01 23:36:31.050 | warning  |           Metal | Profiler DRAM buffers were full, markers were dropped! device 0, worker core 12, 3, Risc BRISC,  bufferEndIndex = 11860. Please either decrease the number of ops being profiled or run read device profiler more often (profiler.cpp:1532)
2026-06-01 23:36:31.050 | warning  |           Metal | Profiler DRAM buffers were full, markers were dropped! device 0, worker core 12, 3, Risc NCRISC,  bufferEndIndex = 11728. Please either decrease the number of ops being profiled or run read device profiler more often (profiler.cpp:1532)
2026-06-01 23:36:31.050 | warning  |           Metal | Profiler DRAM buffers were full, markers were dropped! device 0, worker core 12, 4, Risc BRISC,  bufferEndIndex = 11860. Please either decrease the number of ops being profiled or run read device profiler more often (profiler.cpp:1532)
2026-06-01 23:36:31.051 | warning  |           Metal | Profiler DRAM buffers were full, markers were dropped! device 0, worker core 12, 4, Risc NCRISC,  bufferEndIndex = 11728. Please either decrease the number of ops being profiled or run read device profiler more often (profiler.cpp:1532)
2026-06-01 23:36:31.051 | warning  |           Metal | Profiler DRAM buffers were full, markers were dropped! device 0, worker core 12, 5, Risc BRISC,  bufferEndIndex = 11860. Please either decrease the number of ops being profiled or run read device profiler more often (profiler.cpp:1532)
2026-06-01 23:36:31.051 | warning  |           Metal | Profiler DRAM buffers were full, markers were dropped! device 0, worker core 12, 5, Risc NCRISC,  bufferEndIndex = 11728. Please either decrease the number of ops being profiled or run read device profiler more often (profiler.cpp:1532)
2026-06-01 23:36:31.052 | warning  |           Metal | Profiler DRAM buffers were full, markers were dropped! device 0, worker core 12, 6, Risc BRISC,  bufferEndIndex = 11768. Please either decrease the number of ops being profiled or run read device profiler more often (profiler.cpp:1532)
2026-06-01 23:36:31.052 | warning  |           Metal | Profiler DRAM buffers were full, markers were dropped! device 0, worker core 12, 6, Risc NCRISC,  bufferEndIndex = 11992. Please either decrease the number of ops being profiled or run read device profiler more often (profiler.cpp:1532)
2026-06-01 23:36:31.052 | warning  |           Metal | Profiler DRAM buffers were full, markers were dropped! device 0, worker core 12, 7, Risc BRISC,  bufferEndIndex = 11768. Please either decrease the number of ops being profiled or run read device profiler more often (profiler.cpp:1532)
2026-06-01 23:36:31.053 | warning  |           Metal | Profiler DRAM buffers were full, markers were dropped! device 0, worker core 12, 7, Risc NCRISC,  bufferEndIndex = 11992. Please either decrease the number of ops being profiled or run read device profiler more often (profiler.cpp:1532)
2026-06-01 23:36:31.053 | warning  |           Metal | Profiler DRAM buffers were full, markers were dropped! device 0, worker core 12, 8, Risc BRISC,  bufferEndIndex = 11768. Please either decrease the number of ops being profiled or run read device profiler more often (profiler.cpp:1532)
2026-06-01 23:36:31.053 | warning  |           Metal | Profiler DRAM buffers were full, markers were dropped! device 0, worker core 12, 8, Risc NCRISC,  bufferEndIndex = 11992. Please either decrease the number of ops being profiled or run read device profiler more often (profiler.cpp:1532)
2026-06-01 23:36:31.054 | warning  |           Metal | Profiler DRAM buffers were full, markers were dropped! device 0, worker core 12, 9, Risc BRISC,  bufferEndIndex = 11768. Please either decrease the number of ops being profiled or run read device profiler more often (profiler.cpp:1532)
2026-06-01 23:36:31.054 | warning  |           Metal | Profiler DRAM buffers were full, markers were dropped! device 0, worker core 12, 9, Risc NCRISC,  bufferEndIndex = 11992. Please either decrease the number of ops being profiled or run read device profiler more often (profiler.cpp:1532)
2026-06-01 23:36:31.054 | warning  |           Metal | Profiler DRAM buffers were full, markers were dropped! device 0, worker core 12, 10, Risc BRISC,  bufferEndIndex = 11768. Please either decrease the number of ops being profiled or run read device profiler more often (profiler.cpp:1532)
2026-06-01 23:36:31.055 | warning  |           Metal | Profiler DRAM buffers were full, markers were dropped! device 0, worker core 12, 10, Risc NCRISC,  bufferEndIndex = 11992. Please either decrease the number of ops being profiled or run read device profiler more often (profiler.cpp:1532)
2026-06-01 23:36:31.055 | warning  |           Metal | Profiler DRAM buffers were full, markers were dropped! device 0, worker core 12, 11, Risc BRISC,  bufferEndIndex = 11768. Please either decrease the number of ops being profiled or run read device profiler more often (profiler.cpp:1532)
2026-06-01 23:36:31.055 | warning  |           Metal | Profiler DRAM buffers were full, markers were dropped! device 0, worker core 12, 11, Risc NCRISC,  bufferEndIndex = 11992. Please either decrease the number of ops being profiled or run read device profiler more often (profiler.cpp:1532)
2026-06-01 23:36:31.056 | warning  |           Metal | Profiler DRAM buffers were full, markers were dropped! device 0, worker core 13, 2, Risc BRISC,  bufferEndIndex = 11860. Please either decrease the number of ops being profiled or run read device profiler more often (profiler.cpp:1532)
2026-06-01 23:36:31.056 | warning  |           Metal | Profiler DRAM buffers were full, markers were dropped! device 0, worker core 13, 2, Risc NCRISC,  bufferEndIndex = 11728. Please either decrease the number of ops being profiled or run read device profiler more often (profiler.cpp:1532)
2026-06-01 23:36:31.056 | warning  |           Metal | Profiler DRAM buffers were full, markers were dropped! device 0, worker core 13, 3, Risc BRISC,  bufferEndIndex = 11860. Please either decrease the number of ops being profiled or run read device profiler more often (profiler.cpp:1532)
2026-06-01 23:36:31.057 | warning  |           Metal | Profiler DRAM buffers were full, markers were dropped! device 0, worker core 13, 3, Risc NCRISC,  bufferEndIndex = 11728. Please either decrease the number of ops being profiled or run read device profiler more often (profiler.cpp:1532)
2026-06-01 23:36:31.057 | warning  |           Metal | Profiler DRAM buffers were full, markers were dropped! device 0, worker core 13, 4, Risc BRISC,  bufferEndIndex = 11860. Please either decrease the number of ops being profiled or run read device profiler more often (profiler.cpp:1532)
2026-06-01 23:36:31.057 | warning  |           Metal | Profiler DRAM buffers were full, markers were dropped! device 0, worker core 13, 4, Risc NCRISC,  bufferEndIndex = 11728. Please either decrease the number of ops being profiled or run read device profiler more often (profiler.cpp:1532)
2026-06-01 23:36:31.058 | warning  |           Metal | Profiler DRAM buffers were full, markers were dropped! device 0, worker core 13, 5, Risc BRISC,  bufferEndIndex = 11860. Please either decrease the number of ops being profiled or run read device profiler more often (profiler.cpp:1532)
2026-06-01 23:36:31.058 | warning  |           Metal | Profiler DRAM buffers were full, markers were dropped! device 0, worker core 13, 5, Risc NCRISC,  bufferEndIndex = 11728. Please either decrease the number of ops being profiled or run read device profiler more often (profiler.cpp:1532)
2026-06-01 23:36:31.058 | warning  |           Metal | Profiler DRAM buffers were full, markers were dropped! device 0, worker core 13, 6, Risc BRISC,  bufferEndIndex = 11768. Please either decrease the number of ops being profiled or run read device profiler more often (profiler.cpp:1532)
2026-06-01 23:36:31.059 | warning  |           Metal | Profiler DRAM buffers were full, markers were dropped! device 0, worker core 13, 6, Risc NCRISC,  bufferEndIndex = 11992. Please either decrease the number of ops being profiled or run read device profiler more often (profiler.cpp:1532)
2026-06-01 23:36:31.059 | warning  |           Metal | Profiler DRAM buffers were full, markers were dropped! device 0, worker core 13, 7, Risc BRISC,  bufferEndIndex = 11768. Please either decrease the number of ops being profiled or run read device profiler more often (profiler.cpp:1532)
2026-06-01 23:36:31.059 | warning  |           Metal | Profiler DRAM buffers were full, markers were dropped! device 0, worker core 13, 7, Risc NCRISC,  bufferEndIndex = 11992. Please either decrease the number of ops being profiled or run read device profiler more often (profiler.cpp:1532)
2026-06-01 23:36:31.060 | warning  |           Metal | Profiler DRAM buffers were full, markers were dropped! device 0, worker core 13, 8, Risc BRISC,  bufferEndIndex = 11768. Please either decrease the number of ops being profiled or run read device profiler more often (profiler.cpp:1532)
2026-06-01 23:36:31.060 | warning  |           Metal | Profiler DRAM buffers were full, markers were dropped! device 0, worker core 13, 8, Risc NCRISC,  bufferEndIndex = 11992. Please either decrease the number of ops being profiled or run read device profiler more often (profiler.cpp:1532)
2026-06-01 23:36:31.060 | warning  |           Metal | Profiler DRAM buffers were full, markers were dropped! device 0, worker core 13, 9, Risc BRISC,  bufferEndIndex = 11768. Please either decrease the number of ops being profiled or run read device profiler more often (profiler.cpp:1532)
2026-06-01 23:36:31.061 | warning  |           Metal | Profiler DRAM buffers were full, markers were dropped! device 0, worker core 13, 9, Risc NCRISC,  bufferEndIndex = 11992. Please either decrease the number of ops being profiled or run read device profiler more often (profiler.cpp:1532)
2026-06-01 23:36:31.061 | warning  |           Metal | Profiler DRAM buffers were full, markers were dropped! device 0, worker core 13, 10, Risc BRISC,  bufferEndIndex = 11768. Please either decrease the number of ops being profiled or run read device profiler more often (profiler.cpp:1532)
2026-06-01 23:36:31.061 | warning  |           Metal | Profiler DRAM buffers were full, markers were dropped! device 0, worker core 13, 10, Risc NCRISC,  bufferEndIndex = 11992. Please either decrease the number of ops being profiled or run read device profiler more often (profiler.cpp:1532)
2026-06-01 23:36:31.062 | warning  |           Metal | Profiler DRAM buffers were full, markers were dropped! device 0, worker core 13, 11, Risc BRISC,  bufferEndIndex = 11768. Please either decrease the number of ops being profiled or run read device profiler more often (profiler.cpp:1532)
2026-06-01 23:36:31.062 | warning  |           Metal | Profiler DRAM buffers were full, markers were dropped! device 0, worker core 13, 11, Risc NCRISC,  bufferEndIndex = 11992. Please either decrease the number of ops being profiled or run read device profiler more often (profiler.cpp:1532)
2026-06-01 23:36:31.571 | warning  |          Always | Profiler NoC events are enabled; this can add 1-15% cycle overhead to typical operations! (profiler.cpp:2499)
[SORT] stage=RP P=3369033 P_kept=3369033 num_tiles=1024 max_tile_n=26544 bin=10.06 up=0.29 kernel=7.89 d2h=7.13 compact=0.00 publish=0.03 total=29.41ms
2026-06-01 23:36:37.549 | warning  |           Metal | Profiler DRAM buffers were full, markers were dropped! device 0, worker core 1, 2, Risc BRISC,  bufferEndIndex = 11872. Please either decrease the number of ops being profiled or run read device profiler more often (profiler.cpp:1532)
2026-06-01 23:36:37.549 | warning  |           Metal | Profiler DRAM buffers were full, markers were dropped! device 0, worker core 1, 2, Risc NCRISC,  bufferEndIndex = 11740. Please either decrease the number of ops being profiled or run read device profiler more often (profiler.cpp:1532)
2026-06-01 23:36:37.550 | warning  |           Metal | Profiler DRAM buffers were full, markers were dropped! device 0, worker core 1, 3, Risc BRISC,  bufferEndIndex = 11860. Please either decrease the number of ops being profiled or run read device profiler more often (profiler.cpp:1532)
2026-06-01 23:36:37.550 | warning  |           Metal | Profiler DRAM buffers were full, markers were dropped! device 0, worker core 1, 3, Risc NCRISC,  bufferEndIndex = 11728. Please either decrease the number of ops being profiled or run read device profiler more often (profiler.cpp:1532)
2026-06-01 23:36:37.550 | warning  |           Metal | Profiler DRAM buffers were full, markers were dropped! device 0, worker core 1, 4, Risc BRISC,  bufferEndIndex = 11860. Please either decrease the number of ops being profiled or run read device profiler more often (profiler.cpp:1532)
2026-06-01 23:36:37.551 | warning  |           Metal | Profiler DRAM buffers were full, markers were dropped! device 0, worker core 1, 4, Risc NCRISC,  bufferEndIndex = 11728. Please either decrease the number of ops being profiled or run read device profiler more often (profiler.cpp:1532)
2026-06-01 23:36:37.551 | warning  |           Metal | Profiler DRAM buffers were full, markers were dropped! device 0, worker core 1, 5, Risc BRISC,  bufferEndIndex = 11860. Please either decrease the number of ops being profiled or run read device profiler more often (profiler.cpp:1532)
2026-06-01 23:36:37.551 | warning  |           Metal | Profiler DRAM buffers were full, markers were dropped! device 0, worker core 1, 5, Risc NCRISC,  bufferEndIndex = 11728. Please either decrease the number of ops being profiled or run read device profiler more often (profiler.cpp:1532)
2026-06-01 23:36:37.552 | warning  |           Metal | Profiler DRAM buffers were full, markers were dropped! device 0, worker core 1, 6, Risc BRISC,  bufferEndIndex = 11860. Please either decrease the number of ops being profiled or run read device profiler more often (profiler.cpp:1532)
2026-06-01 23:36:37.552 | warning  |           Metal | Profiler DRAM buffers were full, markers were dropped! device 0, worker core 1, 6, Risc NCRISC,  bufferEndIndex = 11728. Please either decrease the number of ops being profiled or run read device profiler more often (profiler.cpp:1532)
2026-06-01 23:36:37.552 | warning  |           Metal | Profiler DRAM buffers were full, markers were dropped! device 0, worker core 1, 7, Risc BRISC,  bufferEndIndex = 11768. Please either decrease the number of ops being profiled or run read device profiler more often (profiler.cpp:1532)
2026-06-01 23:36:37.553 | warning  |           Metal | Profiler DRAM buffers were full, markers were dropped! device 0, worker core 1, 7, Risc NCRISC,  bufferEndIndex = 11992. Please either decrease the number of ops being profiled or run read device profiler more often (profiler.cpp:1532)
2026-06-01 23:36:37.553 | warning  |           Metal | Profiler DRAM buffers were full, markers were dropped! device 0, worker core 1, 8, Risc BRISC,  bufferEndIndex = 11768. Please either decrease the number of ops being profiled or run read device profiler more often (profiler.cpp:1532)
2026-06-01 23:36:37.553 | warning  |           Metal | Profiler DRAM buffers were full, markers were dropped! device 0, worker core 1, 8, Risc NCRISC,  bufferEndIndex = 11992. Please either decrease the number of ops being profiled or run read device profiler more often (profiler.cpp:1532)
2026-06-01 23:36:37.554 | warning  |           Metal | Profiler DRAM buffers were full, markers were dropped! device 0, worker core 1, 9, Risc BRISC,  bufferEndIndex = 11768. Please either decrease the number of ops being profiled or run read device profiler more often (profiler.cpp:1532)
2026-06-01 23:36:37.554 | warning  |           Metal | Profiler DRAM buffers were full, markers were dropped! device 0, worker core 1, 9, Risc NCRISC,  bufferEndIndex = 11992. Please either decrease the number of ops being profiled or run read device profiler more often (profiler.cpp:1532)
2026-06-01 23:36:37.554 | warning  |           Metal | Profiler DRAM buffers were full, markers were dropped! device 0, worker core 1, 10, Risc BRISC,  bufferEndIndex = 11768. Please either decrease the number of ops being profiled or run read device profiler more often (profiler.cpp:1532)
2026-06-01 23:36:37.555 | warning  |           Metal | Profiler DRAM buffers were full, markers were dropped! device 0, worker core 1, 10, Risc NCRISC,  bufferEndIndex = 11992. Please either decrease the number of ops being profiled or run read device profiler more often (profiler.cpp:1532)
2026-06-01 23:36:37.555 | warning  |           Metal | Profiler DRAM buffers were full, markers were dropped! device 0, worker core 1, 11, Risc BRISC,  bufferEndIndex = 11768. Please either decrease the number of ops being profiled or run read device profiler more often (profiler.cpp:1532)
2026-06-01 23:36:37.555 | warning  |           Metal | Profiler DRAM buffers were full, markers were dropped! device 0, worker core 1, 11, Risc NCRISC,  bufferEndIndex = 11992. Please either decrease the number of ops being profiled or run read device profiler more often (profiler.cpp:1532)
2026-06-01 23:36:37.556 | warning  |           Metal | Profiler DRAM buffers were full, markers were dropped! device 0, worker core 2, 2, Risc BRISC,  bufferEndIndex = 11860. Please either decrease the number of ops being profiled or run read device profiler more often (profiler.cpp:1532)
2026-06-01 23:36:37.556 | warning  |           Metal | Profiler DRAM buffers were full, markers were dropped! device 0, worker core 2, 2, Risc NCRISC,  bufferEndIndex = 11728. Please either decrease the number of ops being profiled or run read device profiler more often (profiler.cpp:1532)
2026-06-01 23:36:37.557 | warning  |           Metal | Profiler DRAM buffers were full, markers were dropped! device 0, worker core 2, 3, Risc BRISC,  bufferEndIndex = 11860. Please either decrease the number of ops being profiled or run read device profiler more often (profiler.cpp:1532)
2026-06-01 23:36:37.557 | warning  |           Metal | Profiler DRAM buffers were full, markers were dropped! device 0, worker core 2, 3, Risc NCRISC,  bufferEndIndex = 11728. Please either decrease the number of ops being profiled or run read device profiler more often (profiler.cpp:1532)
2026-06-01 23:36:37.557 | warning  |           Metal | Profiler DRAM buffers were full, markers were dropped! device 0, worker core 2, 4, Risc BRISC,  bufferEndIndex = 11860. Please either decrease the number of ops being profiled or run read device profiler more often (profiler.cpp:1532)
2026-06-01 23:36:37.558 | warning  |           Metal | Profiler DRAM buffers were full, markers were dropped! device 0, worker core 2, 4, Risc NCRISC,  bufferEndIndex = 11728. Please either decrease the number of ops being profiled or run read device profiler more often (profiler.cpp:1532)
2026-06-01 23:36:37.558 | warning  |           Metal | Profiler DRAM buffers were full, markers were dropped! device 0, worker core 2, 5, Risc BRISC,  bufferEndIndex = 11860. Please either decrease the number of ops being profiled or run read device profiler more often (profiler.cpp:1532)
2026-06-01 23:36:37.558 | warning  |           Metal | Profiler DRAM buffers were full, markers were dropped! device 0, worker core 2, 5, Risc NCRISC,  bufferEndIndex = 11728. Please either decrease the number of ops being profiled or run read device profiler more often (profiler.cpp:1532)
2026-06-01 23:36:37.559 | warning  |           Metal | Profiler DRAM buffers were full, markers were dropped! device 0, worker core 2, 6, Risc BRISC,  bufferEndIndex = 11860. Please either decrease the number of ops being profiled or run read device profiler more often (profiler.cpp:1532)
2026-06-01 23:36:37.559 | warning  |           Metal | Profiler DRAM buffers were full, markers were dropped! device 0, worker core 2, 6, Risc NCRISC,  bufferEndIndex = 11728. Please either decrease the number of ops being profiled or run read device profiler more often (profiler.cpp:1532)
2026-06-01 23:36:37.559 | warning  |           Metal | Profiler DRAM buffers were full, markers were dropped! device 0, worker core 2, 7, Risc BRISC,  bufferEndIndex = 11768. Please either decrease the number of ops being profiled or run read device profiler more often (profiler.cpp:1532)
2026-06-01 23:36:37.560 | warning  |           Metal | Profiler DRAM buffers were full, markers were dropped! device 0, worker core 2, 7, Risc NCRISC,  bufferEndIndex = 11992. Please either decrease the number of ops being profiled or run read device profiler more often (profiler.cpp:1532)
2026-06-01 23:36:37.560 | warning  |           Metal | Profiler DRAM buffers were full, markers were dropped! device 0, worker core 2, 8, Risc BRISC,  bufferEndIndex = 11768. Please either decrease the number of ops being profiled or run read device profiler more often (profiler.cpp:1532)
2026-06-01 23:36:37.560 | warning  |           Metal | Profiler DRAM buffers were full, markers were dropped! device 0, worker core 2, 8, Risc NCRISC,  bufferEndIndex = 11992. Please either decrease the number of ops being profiled or run read device profiler more often (profiler.cpp:1532)
2026-06-01 23:36:37.561 | warning  |           Metal | Profiler DRAM buffers were full, markers were dropped! device 0, worker core 2, 9, Risc BRISC,  bufferEndIndex = 11768. Please either decrease the number of ops being profiled or run read device profiler more often (profiler.cpp:1532)
2026-06-01 23:36:37.561 | warning  |           Metal | Profiler DRAM buffers were full, markers were dropped! device 0, worker core 2, 9, Risc NCRISC,  bufferEndIndex = 11992. Please either decrease the number of ops being profiled or run read device profiler more often (profiler.cpp:1532)
2026-06-01 23:36:37.561 | warning  |           Metal | Profiler DRAM buffers were full, markers were dropped! device 0, worker core 2, 10, Risc BRISC,  bufferEndIndex = 11768. Please either decrease the number of ops being profiled or run read device profiler more often (profiler.cpp:1532)
2026-06-01 23:36:37.562 | warning  |           Metal | Profiler DRAM buffers were full, markers were dropped! device 0, worker core 2, 10, Risc NCRISC,  bufferEndIndex = 11992. Please either decrease the number of ops being profiled or run read device profiler more often (profiler.cpp:1532)
2026-06-01 23:36:37.562 | warning  |           Metal | Profiler DRAM buffers were full, markers were dropped! device 0, worker core 2, 11, Risc BRISC,  bufferEndIndex = 11768. Please either decrease the number of ops being profiled or run read device profiler more often (profiler.cpp:1532)
2026-06-01 23:36:37.562 | warning  |           Metal | Profiler DRAM buffers were full, markers were dropped! device 0, worker core 2, 11, Risc NCRISC,  bufferEndIndex = 11992. Please either decrease the number of ops being profiled or run read device profiler more often (profiler.cpp:1532)
2026-06-01 23:36:37.563 | warning  |           Metal | Profiler DRAM buffers were full, markers were dropped! device 0, worker core 3, 2, Risc BRISC,  bufferEndIndex = 11860. Please either decrease the number of ops being profiled or run read device profiler more often (profiler.cpp:1532)
2026-06-01 23:36:37.563 | warning  |           Metal | Profiler DRAM buffers were full, markers were dropped! device 0, worker core 3, 2, Risc NCRISC,  bufferEndIndex = 11728. Please either decrease the number of ops being profiled or run read device profiler more often (profiler.cpp:1532)
2026-06-01 23:36:37.563 | warning  |           Metal | Profiler DRAM buffers were full, markers were dropped! device 0, worker core 3, 3, Risc BRISC,  bufferEndIndex = 11860. Please either decrease the number of ops being profiled or run read device profiler more often (profiler.cpp:1532)
2026-06-01 23:36:37.564 | warning  |           Metal | Profiler DRAM buffers were full, markers were dropped! device 0, worker core 3, 3, Risc NCRISC,  bufferEndIndex = 11728. Please either decrease the number of ops being profiled or run read device profiler more often (profiler.cpp:1532)
2026-06-01 23:36:37.564 | warning  |           Metal | Profiler DRAM buffers were full, markers were dropped! device 0, worker core 3, 4, Risc BRISC,  bufferEndIndex = 11860. Please either decrease the number of ops being profiled or run read device profiler more often (profiler.cpp:1532)
2026-06-01 23:36:37.565 | warning  |           Metal | Profiler DRAM buffers were full, markers were dropped! device 0, worker core 3, 4, Risc NCRISC,  bufferEndIndex = 11728. Please either decrease the number of ops being profiled or run read device profiler more often (profiler.cpp:1532)
2026-06-01 23:36:37.565 | warning  |           Metal | Profiler DRAM buffers were full, markers were dropped! device 0, worker core 3, 5, Risc BRISC,  bufferEndIndex = 11860. Please either decrease the number of ops being profiled or run read device profiler more often (profiler.cpp:1532)
2026-06-01 23:36:37.565 | warning  |           Metal | Profiler DRAM buffers were full, markers were dropped! device 0, worker core 3, 5, Risc NCRISC,  bufferEndIndex = 11728. Please either decrease the number of ops being profiled or run read device profiler more often (profiler.cpp:1532)
2026-06-01 23:36:37.566 | warning  |           Metal | Profiler DRAM buffers were full, markers were dropped! device 0, worker core 3, 6, Risc BRISC,  bufferEndIndex = 11860. Please either decrease the number of ops being profiled or run read device profiler more often (profiler.cpp:1532)
2026-06-01 23:36:37.566 | warning  |           Metal | Profiler DRAM buffers were full, markers were dropped! device 0, worker core 3, 6, Risc NCRISC,  bufferEndIndex = 11728. Please either decrease the number of ops being profiled or run read device profiler more often (profiler.cpp:1532)
2026-06-01 23:36:37.566 | warning  |           Metal | Profiler DRAM buffers were full, markers were dropped! device 0, worker core 3, 7, Risc BRISC,  bufferEndIndex = 11768. Please either decrease the number of ops being profiled or run read device profiler more often (profiler.cpp:1532)
2026-06-01 23:36:37.567 | warning  |           Metal | Profiler DRAM buffers were full, markers were dropped! device 0, worker core 3, 7, Risc NCRISC,  bufferEndIndex = 11992. Please either decrease the number of ops being profiled or run read device profiler more often (profiler.cpp:1532)
2026-06-01 23:36:37.567 | warning  |           Metal | Profiler DRAM buffers were full, markers were dropped! device 0, worker core 3, 8, Risc BRISC,  bufferEndIndex = 11768. Please either decrease the number of ops being profiled or run read device profiler more often (profiler.cpp:1532)
2026-06-01 23:36:37.567 | warning  |           Metal | Profiler DRAM buffers were full, markers were dropped! device 0, worker core 3, 8, Risc NCRISC,  bufferEndIndex = 11992. Please either decrease the number of ops being profiled or run read device profiler more often (profiler.cpp:1532)
2026-06-01 23:36:37.568 | warning  |           Metal | Profiler DRAM buffers were full, markers were dropped! device 0, worker core 3, 9, Risc BRISC,  bufferEndIndex = 11768. Please either decrease the number of ops being profiled or run read device profiler more often (profiler.cpp:1532)
2026-06-01 23:36:37.568 | warning  |           Metal | Profiler DRAM buffers were full, markers were dropped! device 0, worker core 3, 9, Risc NCRISC,  bufferEndIndex = 11992. Please either decrease the number of ops being profiled or run read device profiler more often (profiler.cpp:1532)
2026-06-01 23:36:37.568 | warning  |           Metal | Profiler DRAM buffers were full, markers were dropped! device 0, worker core 3, 10, Risc BRISC,  bufferEndIndex = 11768. Please either decrease the number of ops being profiled or run read device profiler more often (profiler.cpp:1532)
2026-06-01 23:36:37.569 | warning  |           Metal | Profiler DRAM buffers were full, markers were dropped! device 0, worker core 3, 10, Risc NCRISC,  bufferEndIndex = 11992. Please either decrease the number of ops being profiled or run read device profiler more often (profiler.cpp:1532)
2026-06-01 23:36:37.569 | warning  |           Metal | Profiler DRAM buffers were full, markers were dropped! device 0, worker core 3, 11, Risc BRISC,  bufferEndIndex = 11768. Please either decrease the number of ops being profiled or run read device profiler more often (profiler.cpp:1532)
2026-06-01 23:36:37.569 | warning  |           Metal | Profiler DRAM buffers were full, markers were dropped! device 0, worker core 3, 11, Risc NCRISC,  bufferEndIndex = 11992. Please either decrease the number of ops being profiled or run read device profiler more often (profiler.cpp:1532)
2026-06-01 23:36:37.570 | warning  |           Metal | Profiler DRAM buffers were full, markers were dropped! device 0, worker core 4, 2, Risc BRISC,  bufferEndIndex = 11860. Please either decrease the number of ops being profiled or run read device profiler more often (profiler.cpp:1532)
2026-06-01 23:36:37.570 | warning  |           Metal | Profiler DRAM buffers were full, markers were dropped! device 0, worker core 4, 2, Risc NCRISC,  bufferEndIndex = 11728. Please either decrease the number of ops being profiled or run read device profiler more often (profiler.cpp:1532)
2026-06-01 23:36:37.570 | warning  |           Metal | Profiler DRAM buffers were full, markers were dropped! device 0, worker core 4, 3, Risc BRISC,  bufferEndIndex = 11860. Please either decrease the number of ops being profiled or run read device profiler more often (profiler.cpp:1532)
2026-06-01 23:36:37.571 | warning  |           Metal | Profiler DRAM buffers were full, markers were dropped! device 0, worker core 4, 3, Risc NCRISC,  bufferEndIndex = 11728. Please either decrease the number of ops being profiled or run read device profiler more often (profiler.cpp:1532)
2026-06-01 23:36:37.571 | warning  |           Metal | Profiler DRAM buffers were full, markers were dropped! device 0, worker core 4, 4, Risc BRISC,  bufferEndIndex = 11860. Please either decrease the number of ops being profiled or run read device profiler more often (profiler.cpp:1532)
2026-06-01 23:36:37.571 | warning  |           Metal | Profiler DRAM buffers were full, markers were dropped! device 0, worker core 4, 4, Risc NCRISC,  bufferEndIndex = 11728. Please either decrease the number of ops being profiled or run read device profiler more often (profiler.cpp:1532)
2026-06-01 23:36:37.572 | warning  |           Metal | Profiler DRAM buffers were full, markers were dropped! device 0, worker core 4, 5, Risc BRISC,  bufferEndIndex = 11860. Please either decrease the number of ops being profiled or run read device profiler more often (profiler.cpp:1532)
2026-06-01 23:36:37.572 | warning  |           Metal | Profiler DRAM buffers were full, markers were dropped! device 0, worker core 4, 5, Risc NCRISC,  bufferEndIndex = 11728. Please either decrease the number of ops being profiled or run read device profiler more often (profiler.cpp:1532)
2026-06-01 23:36:37.572 | warning  |           Metal | Profiler DRAM buffers were full, markers were dropped! device 0, worker core 4, 6, Risc BRISC,  bufferEndIndex = 11860. Please either decrease the number of ops being profiled or run read device profiler more often (profiler.cpp:1532)
2026-06-01 23:36:37.573 | warning  |           Metal | Profiler DRAM buffers were full, markers were dropped! device 0, worker core 4, 6, Risc NCRISC,  bufferEndIndex = 11728. Please either decrease the number of ops being profiled or run read device profiler more often (profiler.cpp:1532)
2026-06-01 23:36:37.573 | warning  |           Metal | Profiler DRAM buffers were full, markers were dropped! device 0, worker core 4, 7, Risc BRISC,  bufferEndIndex = 11768. Please either decrease the number of ops being profiled or run read device profiler more often (profiler.cpp:1532)
2026-06-01 23:36:37.573 | warning  |           Metal | Profiler DRAM buffers were full, markers were dropped! device 0, worker core 4, 7, Risc NCRISC,  bufferEndIndex = 11992. Please either decrease the number of ops being profiled or run read device profiler more often (profiler.cpp:1532)
2026-06-01 23:36:37.574 | warning  |           Metal | Profiler DRAM buffers were full, markers were dropped! device 0, worker core 4, 8, Risc BRISC,  bufferEndIndex = 11768. Please either decrease the number of ops being profiled or run read device profiler more often (profiler.cpp:1532)
2026-06-01 23:36:37.574 | warning  |           Metal | Profiler DRAM buffers were full, markers were dropped! device 0, worker core 4, 8, Risc NCRISC,  bufferEndIndex = 11992. Please either decrease the number of ops being profiled or run read device profiler more often (profiler.cpp:1532)
2026-06-01 23:36:37.575 | warning  |           Metal | Profiler DRAM buffers were full, markers were dropped! device 0, worker core 4, 9, Risc BRISC,  bufferEndIndex = 11768. Please either decrease the number of ops being profiled or run read device profiler more often (profiler.cpp:1532)
2026-06-01 23:36:37.575 | warning  |           Metal | Profiler DRAM buffers were full, markers were dropped! device 0, worker core 4, 9, Risc NCRISC,  bufferEndIndex = 11992. Please either decrease the number of ops being profiled or run read device profiler more often (profiler.cpp:1532)
2026-06-01 23:36:37.575 | warning  |           Metal | Profiler DRAM buffers were full, markers were dropped! device 0, worker core 4, 10, Risc BRISC,  bufferEndIndex = 11768. Please either decrease the number of ops being profiled or run read device profiler more often (profiler.cpp:1532)
2026-06-01 23:36:37.576 | warning  |           Metal | Profiler DRAM buffers were full, markers were dropped! device 0, worker core 4, 10, Risc NCRISC,  bufferEndIndex = 11992. Please either decrease the number of ops being profiled or run read device profiler more often (profiler.cpp:1532)
2026-06-01 23:36:37.576 | warning  |           Metal | Profiler DRAM buffers were full, markers were dropped! device 0, worker core 4, 11, Risc BRISC,  bufferEndIndex = 11768. Please either decrease the number of ops being profiled or run read device profiler more often (profiler.cpp:1532)
2026-06-01 23:36:37.576 | warning  |           Metal | Profiler DRAM buffers were full, markers were dropped! device 0, worker core 4, 11, Risc NCRISC,  bufferEndIndex = 11992. Please either decrease the number of ops being profiled or run read device profiler more often (profiler.cpp:1532)
2026-06-01 23:36:37.577 | warning  |           Metal | Profiler DRAM buffers were full, markers were dropped! device 0, worker core 5, 2, Risc BRISC,  bufferEndIndex = 11860. Please either decrease the number of ops being profiled or run read device profiler more often (profiler.cpp:1532)
2026-06-01 23:36:37.577 | warning  |           Metal | Profiler DRAM buffers were full, markers were dropped! device 0, worker core 5, 2, Risc NCRISC,  bufferEndIndex = 11728. Please either decrease the number of ops being profiled or run read device profiler more often (profiler.cpp:1532)
2026-06-01 23:36:37.577 | warning  |           Metal | Profiler DRAM buffers were full, markers were dropped! device 0, worker core 5, 3, Risc BRISC,  bufferEndIndex = 11860. Please either decrease the number of ops being profiled or run read device profiler more often (profiler.cpp:1532)
2026-06-01 23:36:37.578 | warning  |           Metal | Profiler DRAM buffers were full, markers were dropped! device 0, worker core 5, 3, Risc NCRISC,  bufferEndIndex = 11728. Please either decrease the number of ops being profiled or run read device profiler more often (profiler.cpp:1532)
2026-06-01 23:36:37.578 | warning  |           Metal | Profiler DRAM buffers were full, markers were dropped! device 0, worker core 5, 4, Risc BRISC,  bufferEndIndex = 11860. Please either decrease the number of ops being profiled or run read device profiler more often (profiler.cpp:1532)
2026-06-01 23:36:37.578 | warning  |           Metal | Profiler DRAM buffers were full, markers were dropped! device 0, worker core 5, 4, Risc NCRISC,  bufferEndIndex = 11728. Please either decrease the number of ops being profiled or run read device profiler more often (profiler.cpp:1532)
2026-06-01 23:36:37.579 | warning  |           Metal | Profiler DRAM buffers were full, markers were dropped! device 0, worker core 5, 5, Risc BRISC,  bufferEndIndex = 11860. Please either decrease the number of ops being profiled or run read device profiler more often (profiler.cpp:1532)
2026-06-01 23:36:37.579 | warning  |           Metal | Profiler DRAM buffers were full, markers were dropped! device 0, worker core 5, 5, Risc NCRISC,  bufferEndIndex = 11728. Please either decrease the number of ops being profiled or run read device profiler more often (profiler.cpp:1532)
2026-06-01 23:36:37.579 | warning  |           Metal | Profiler DRAM buffers were full, markers were dropped! device 0, worker core 5, 6, Risc BRISC,  bufferEndIndex = 11860. Please either decrease the number of ops being profiled or run read device profiler more often (profiler.cpp:1532)
2026-06-01 23:36:37.580 | warning  |           Metal | Profiler DRAM buffers were full, markers were dropped! device 0, worker core 5, 6, Risc NCRISC,  bufferEndIndex = 11728. Please either decrease the number of ops being profiled or run read device profiler more often (profiler.cpp:1532)
2026-06-01 23:36:37.580 | warning  |           Metal | Profiler DRAM buffers were full, markers were dropped! device 0, worker core 5, 7, Risc BRISC,  bufferEndIndex = 11768. Please either decrease the number of ops being profiled or run read device profiler more often (profiler.cpp:1532)
2026-06-01 23:36:37.580 | warning  |           Metal | Profiler DRAM buffers were full, markers were dropped! device 0, worker core 5, 7, Risc NCRISC,  bufferEndIndex = 11992. Please either decrease the number of ops being profiled or run read device profiler more often (profiler.cpp:1532)
2026-06-01 23:36:37.581 | warning  |           Metal | Profiler DRAM buffers were full, markers were dropped! device 0, worker core 5, 8, Risc BRISC,  bufferEndIndex = 11768. Please either decrease the number of ops being profiled or run read device profiler more often (profiler.cpp:1532)
2026-06-01 23:36:37.581 | warning  |           Metal | Profiler DRAM buffers were full, markers were dropped! device 0, worker core 5, 8, Risc NCRISC,  bufferEndIndex = 11992. Please either decrease the number of ops being profiled or run read device profiler more often (profiler.cpp:1532)
2026-06-01 23:36:37.581 | warning  |           Metal | Profiler DRAM buffers were full, markers were dropped! device 0, worker core 5, 9, Risc BRISC,  bufferEndIndex = 11768. Please either decrease the number of ops being profiled or run read device profiler more often (profiler.cpp:1532)
2026-06-01 23:36:37.582 | warning  |           Metal | Profiler DRAM buffers were full, markers were dropped! device 0, worker core 5, 9, Risc NCRISC,  bufferEndIndex = 11992. Please either decrease the number of ops being profiled or run read device profiler more often (profiler.cpp:1532)
2026-06-01 23:36:37.582 | warning  |           Metal | Profiler DRAM buffers were full, markers were dropped! device 0, worker core 5, 10, Risc BRISC,  bufferEndIndex = 11768. Please either decrease the number of ops being profiled or run read device profiler more often (profiler.cpp:1532)
2026-06-01 23:36:37.582 | warning  |           Metal | Profiler DRAM buffers were full, markers were dropped! device 0, worker core 5, 10, Risc NCRISC,  bufferEndIndex = 11992. Please either decrease the number of ops being profiled or run read device profiler more often (profiler.cpp:1532)
2026-06-01 23:36:37.583 | warning  |           Metal | Profiler DRAM buffers were full, markers were dropped! device 0, worker core 5, 11, Risc BRISC,  bufferEndIndex = 11768. Please either decrease the number of ops being profiled or run read device profiler more often (profiler.cpp:1532)
2026-06-01 23:36:37.583 | warning  |           Metal | Profiler DRAM buffers were full, markers were dropped! device 0, worker core 5, 11, Risc NCRISC,  bufferEndIndex = 11992. Please either decrease the number of ops being profiled or run read device profiler more often (profiler.cpp:1532)
2026-06-01 23:36:37.583 | warning  |           Metal | Profiler DRAM buffers were full, markers were dropped! device 0, worker core 6, 2, Risc BRISC,  bufferEndIndex = 11860. Please either decrease the number of ops being profiled or run read device profiler more often (profiler.cpp:1532)
2026-06-01 23:36:37.584 | warning  |           Metal | Profiler DRAM buffers were full, markers were dropped! device 0, worker core 6, 2, Risc NCRISC,  bufferEndIndex = 11728. Please either decrease the number of ops being profiled or run read device profiler more often (profiler.cpp:1532)
2026-06-01 23:36:37.584 | warning  |           Metal | Profiler DRAM buffers were full, markers were dropped! device 0, worker core 6, 3, Risc BRISC,  bufferEndIndex = 11860. Please either decrease the number of ops being profiled or run read device profiler more often (profiler.cpp:1532)
2026-06-01 23:36:37.584 | warning  |           Metal | Profiler DRAM buffers were full, markers were dropped! device 0, worker core 6, 3, Risc NCRISC,  bufferEndIndex = 11728. Please either decrease the number of ops being profiled or run read device profiler more often (profiler.cpp:1532)
2026-06-01 23:36:37.585 | warning  |           Metal | Profiler DRAM buffers were full, markers were dropped! device 0, worker core 6, 4, Risc BRISC,  bufferEndIndex = 11860. Please either decrease the number of ops being profiled or run read device profiler more often (profiler.cpp:1532)
2026-06-01 23:36:37.585 | warning  |           Metal | Profiler DRAM buffers were full, markers were dropped! device 0, worker core 6, 4, Risc NCRISC,  bufferEndIndex = 11728. Please either decrease the number of ops being profiled or run read device profiler more often (profiler.cpp:1532)
2026-06-01 23:36:37.586 | warning  |           Metal | Profiler DRAM buffers were full, markers were dropped! device 0, worker core 6, 5, Risc BRISC,  bufferEndIndex = 11860. Please either decrease the number of ops being profiled or run read device profiler more often (profiler.cpp:1532)
2026-06-01 23:36:37.586 | warning  |           Metal | Profiler DRAM buffers were full, markers were dropped! device 0, worker core 6, 5, Risc NCRISC,  bufferEndIndex = 11728. Please either decrease the number of ops being profiled or run read device profiler more often (profiler.cpp:1532)
2026-06-01 23:36:37.586 | warning  |           Metal | Profiler DRAM buffers were full, markers were dropped! device 0, worker core 6, 6, Risc BRISC,  bufferEndIndex = 11768. Please either decrease the number of ops being profiled or run read device profiler more often (profiler.cpp:1532)
2026-06-01 23:36:37.587 | warning  |           Metal | Profiler DRAM buffers were full, markers were dropped! device 0, worker core 6, 6, Risc NCRISC,  bufferEndIndex = 11992. Please either decrease the number of ops being profiled or run read device profiler more often (profiler.cpp:1532)
2026-06-01 23:36:37.587 | warning  |           Metal | Profiler DRAM buffers were full, markers were dropped! device 0, worker core 6, 7, Risc BRISC,  bufferEndIndex = 11768. Please either decrease the number of ops being profiled or run read device profiler more often (profiler.cpp:1532)
2026-06-01 23:36:37.587 | warning  |           Metal | Profiler DRAM buffers were full, markers were dropped! device 0, worker core 6, 7, Risc NCRISC,  bufferEndIndex = 11992. Please either decrease the number of ops being profiled or run read device profiler more often (profiler.cpp:1532)
2026-06-01 23:36:37.588 | warning  |           Metal | Profiler DRAM buffers were full, markers were dropped! device 0, worker core 6, 8, Risc BRISC,  bufferEndIndex = 11768. Please either decrease the number of ops being profiled or run read device profiler more often (profiler.cpp:1532)
2026-06-01 23:36:37.588 | warning  |           Metal | Profiler DRAM buffers were full, markers were dropped! device 0, worker core 6, 8, Risc NCRISC,  bufferEndIndex = 11992. Please either decrease the number of ops being profiled or run read device profiler more often (profiler.cpp:1532)
2026-06-01 23:36:37.588 | warning  |           Metal | Profiler DRAM buffers were full, markers were dropped! device 0, worker core 6, 9, Risc BRISC,  bufferEndIndex = 11768. Please either decrease the number of ops being profiled or run read device profiler more often (profiler.cpp:1532)
2026-06-01 23:36:37.589 | warning  |           Metal | Profiler DRAM buffers were full, markers were dropped! device 0, worker core 6, 9, Risc NCRISC,  bufferEndIndex = 11992. Please either decrease the number of ops being profiled or run read device profiler more often (profiler.cpp:1532)
2026-06-01 23:36:37.589 | warning  |           Metal | Profiler DRAM buffers were full, markers were dropped! device 0, worker core 6, 10, Risc BRISC,  bufferEndIndex = 11768. Please either decrease the number of ops being profiled or run read device profiler more often (profiler.cpp:1532)
2026-06-01 23:36:37.589 | warning  |           Metal | Profiler DRAM buffers were full, markers were dropped! device 0, worker core 6, 10, Risc NCRISC,  bufferEndIndex = 11992. Please either decrease the number of ops being profiled or run read device profiler more often (profiler.cpp:1532)
2026-06-01 23:36:37.590 | warning  |           Metal | Profiler DRAM buffers were full, markers were dropped! device 0, worker core 6, 11, Risc BRISC,  bufferEndIndex = 11768. Please either decrease the number of ops being profiled or run read device profiler more often (profiler.cpp:1532)
2026-06-01 23:36:37.590 | warning  |           Metal | Profiler DRAM buffers were full, markers were dropped! device 0, worker core 6, 11, Risc NCRISC,  bufferEndIndex = 11992. Please either decrease the number of ops being profiled or run read device profiler more often (profiler.cpp:1532)
2026-06-01 23:36:37.590 | warning  |           Metal | Profiler DRAM buffers were full, markers were dropped! device 0, worker core 7, 2, Risc BRISC,  bufferEndIndex = 11860. Please either decrease the number of ops being profiled or run read device profiler more often (profiler.cpp:1532)
2026-06-01 23:36:37.591 | warning  |           Metal | Profiler DRAM buffers were full, markers were dropped! device 0, worker core 7, 2, Risc NCRISC,  bufferEndIndex = 11728. Please either decrease the number of ops being profiled or run read device profiler more often (profiler.cpp:1532)
2026-06-01 23:36:37.591 | warning  |           Metal | Profiler DRAM buffers were full, markers were dropped! device 0, worker core 7, 3, Risc BRISC,  bufferEndIndex = 11860. Please either decrease the number of ops being profiled or run read device profiler more often (profiler.cpp:1532)
2026-06-01 23:36:37.591 | warning  |           Metal | Profiler DRAM buffers were full, markers were dropped! device 0, worker core 7, 3, Risc NCRISC,  bufferEndIndex = 11728. Please either decrease the number of ops being profiled or run read device profiler more often (profiler.cpp:1532)
2026-06-01 23:36:37.592 | warning  |           Metal | Profiler DRAM buffers were full, markers were dropped! device 0, worker core 7, 4, Risc BRISC,  bufferEndIndex = 11860. Please either decrease the number of ops being profiled or run read device profiler more often (profiler.cpp:1532)
2026-06-01 23:36:37.592 | warning  |           Metal | Profiler DRAM buffers were full, markers were dropped! device 0, worker core 7, 4, Risc NCRISC,  bufferEndIndex = 11728. Please either decrease the number of ops being profiled or run read device profiler more often (profiler.cpp:1532)
2026-06-01 23:36:37.592 | warning  |           Metal | Profiler DRAM buffers were full, markers were dropped! device 0, worker core 7, 5, Risc BRISC,  bufferEndIndex = 11860. Please either decrease the number of ops being profiled or run read device profiler more often (profiler.cpp:1532)
2026-06-01 23:36:37.593 | warning  |           Metal | Profiler DRAM buffers were full, markers were dropped! device 0, worker core 7, 5, Risc NCRISC,  bufferEndIndex = 11728. Please either decrease the number of ops being profiled or run read device profiler more often (profiler.cpp:1532)
2026-06-01 23:36:37.593 | warning  |           Metal | Profiler DRAM buffers were full, markers were dropped! device 0, worker core 7, 6, Risc BRISC,  bufferEndIndex = 11768. Please either decrease the number of ops being profiled or run read device profiler more often (profiler.cpp:1532)
2026-06-01 23:36:37.593 | warning  |           Metal | Profiler DRAM buffers were full, markers were dropped! device 0, worker core 7, 6, Risc NCRISC,  bufferEndIndex = 11992. Please either decrease the number of ops being profiled or run read device profiler more often (profiler.cpp:1532)
2026-06-01 23:36:37.594 | warning  |           Metal | Profiler DRAM buffers were full, markers were dropped! device 0, worker core 7, 7, Risc BRISC,  bufferEndIndex = 11768. Please either decrease the number of ops being profiled or run read device profiler more often (profiler.cpp:1532)
2026-06-01 23:36:37.594 | warning  |           Metal | Profiler DRAM buffers were full, markers were dropped! device 0, worker core 7, 7, Risc NCRISC,  bufferEndIndex = 11992. Please either decrease the number of ops being profiled or run read device profiler more often (profiler.cpp:1532)
2026-06-01 23:36:37.594 | warning  |           Metal | Profiler DRAM buffers were full, markers were dropped! device 0, worker core 7, 8, Risc BRISC,  bufferEndIndex = 11768. Please either decrease the number of ops being profiled or run read device profiler more often (profiler.cpp:1532)
2026-06-01 23:36:37.595 | warning  |           Metal | Profiler DRAM buffers were full, markers were dropped! device 0, worker core 7, 8, Risc NCRISC,  bufferEndIndex = 11992. Please either decrease the number of ops being profiled or run read device profiler more often (profiler.cpp:1532)
2026-06-01 23:36:37.595 | warning  |           Metal | Profiler DRAM buffers were full, markers were dropped! device 0, worker core 7, 9, Risc BRISC,  bufferEndIndex = 11768. Please either decrease the number of ops being profiled or run read device profiler more often (profiler.cpp:1532)
2026-06-01 23:36:37.595 | warning  |           Metal | Profiler DRAM buffers were full, markers were dropped! device 0, worker core 7, 9, Risc NCRISC,  bufferEndIndex = 11992. Please either decrease the number of ops being profiled or run read device profiler more often (profiler.cpp:1532)
2026-06-01 23:36:37.596 | warning  |           Metal | Profiler DRAM buffers were full, markers were dropped! device 0, worker core 7, 10, Risc BRISC,  bufferEndIndex = 11768. Please either decrease the number of ops being profiled or run read device profiler more often (profiler.cpp:1532)
2026-06-01 23:36:37.596 | warning  |           Metal | Profiler DRAM buffers were full, markers were dropped! device 0, worker core 7, 10, Risc NCRISC,  bufferEndIndex = 11992. Please either decrease the number of ops being profiled or run read device profiler more often (profiler.cpp:1532)
2026-06-01 23:36:37.596 | warning  |           Metal | Profiler DRAM buffers were full, markers were dropped! device 0, worker core 7, 11, Risc BRISC,  bufferEndIndex = 11768. Please either decrease the number of ops being profiled or run read device profiler more often (profiler.cpp:1532)
2026-06-01 23:36:37.597 | warning  |           Metal | Profiler DRAM buffers were full, markers were dropped! device 0, worker core 7, 11, Risc NCRISC,  bufferEndIndex = 11992. Please either decrease the number of ops being profiled or run read device profiler more often (profiler.cpp:1532)
2026-06-01 23:36:37.597 | warning  |           Metal | Profiler DRAM buffers were full, markers were dropped! device 0, worker core 10, 2, Risc BRISC,  bufferEndIndex = 11860. Please either decrease the number of ops being profiled or run read device profiler more often (profiler.cpp:1532)
2026-06-01 23:36:37.598 | warning  |           Metal | Profiler DRAM buffers were full, markers were dropped! device 0, worker core 10, 2, Risc NCRISC,  bufferEndIndex = 11728. Please either decrease the number of ops being profiled or run read device profiler more often (profiler.cpp:1532)
2026-06-01 23:36:37.598 | warning  |           Metal | Profiler DRAM buffers were full, markers were dropped! device 0, worker core 10, 3, Risc BRISC,  bufferEndIndex = 11860. Please either decrease the number of ops being profiled or run read device profiler more often (profiler.cpp:1532)
2026-06-01 23:36:37.598 | warning  |           Metal | Profiler DRAM buffers were full, markers were dropped! device 0, worker core 10, 3, Risc NCRISC,  bufferEndIndex = 11728. Please either decrease the number of ops being profiled or run read device profiler more often (profiler.cpp:1532)
2026-06-01 23:36:37.599 | warning  |           Metal | Profiler DRAM buffers were full, markers were dropped! device 0, worker core 10, 4, Risc BRISC,  bufferEndIndex = 11860. Please either decrease the number of ops being profiled or run read device profiler more often (profiler.cpp:1532)
2026-06-01 23:36:37.599 | warning  |           Metal | Profiler DRAM buffers were full, markers were dropped! device 0, worker core 10, 4, Risc NCRISC,  bufferEndIndex = 11728. Please either decrease the number of ops being profiled or run read device profiler more often (profiler.cpp:1532)
2026-06-01 23:36:37.599 | warning  |           Metal | Profiler DRAM buffers were full, markers were dropped! device 0, worker core 10, 5, Risc BRISC,  bufferEndIndex = 11860. Please either decrease the number of ops being profiled or run read device profiler more often (profiler.cpp:1532)
2026-06-01 23:36:37.600 | warning  |           Metal | Profiler DRAM buffers were full, markers were dropped! device 0, worker core 10, 5, Risc NCRISC,  bufferEndIndex = 11728. Please either decrease the number of ops being profiled or run read device profiler more often (profiler.cpp:1532)
2026-06-01 23:36:37.600 | warning  |           Metal | Profiler DRAM buffers were full, markers were dropped! device 0, worker core 10, 6, Risc BRISC,  bufferEndIndex = 11768. Please either decrease the number of ops being profiled or run read device profiler more often (profiler.cpp:1532)
2026-06-01 23:36:37.600 | warning  |           Metal | Profiler DRAM buffers were full, markers were dropped! device 0, worker core 10, 6, Risc NCRISC,  bufferEndIndex = 11992. Please either decrease the number of ops being profiled or run read device profiler more often (profiler.cpp:1532)
2026-06-01 23:36:37.601 | warning  |           Metal | Profiler DRAM buffers were full, markers were dropped! device 0, worker core 10, 7, Risc BRISC,  bufferEndIndex = 11768. Please either decrease the number of ops being profiled or run read device profiler more often (profiler.cpp:1532)
2026-06-01 23:36:37.601 | warning  |           Metal | Profiler DRAM buffers were full, markers were dropped! device 0, worker core 10, 7, Risc NCRISC,  bufferEndIndex = 11992. Please either decrease the number of ops being profiled or run read device profiler more often (profiler.cpp:1532)
2026-06-01 23:36:37.601 | warning  |           Metal | Profiler DRAM buffers were full, markers were dropped! device 0, worker core 10, 8, Risc BRISC,  bufferEndIndex = 11768. Please either decrease the number of ops being profiled or run read device profiler more often (profiler.cpp:1532)
2026-06-01 23:36:37.602 | warning  |           Metal | Profiler DRAM buffers were full, markers were dropped! device 0, worker core 10, 8, Risc NCRISC,  bufferEndIndex = 11992. Please either decrease the number of ops being profiled or run read device profiler more often (profiler.cpp:1532)
2026-06-01 23:36:37.602 | warning  |           Metal | Profiler DRAM buffers were full, markers were dropped! device 0, worker core 10, 9, Risc BRISC,  bufferEndIndex = 11768. Please either decrease the number of ops being profiled or run read device profiler more often (profiler.cpp:1532)
2026-06-01 23:36:37.602 | warning  |           Metal | Profiler DRAM buffers were full, markers were dropped! device 0, worker core 10, 9, Risc NCRISC,  bufferEndIndex = 11992. Please either decrease the number of ops being profiled or run read device profiler more often (profiler.cpp:1532)
2026-06-01 23:36:37.603 | warning  |           Metal | Profiler DRAM buffers were full, markers were dropped! device 0, worker core 10, 10, Risc BRISC,  bufferEndIndex = 11768. Please either decrease the number of ops being profiled or run read device profiler more often (profiler.cpp:1532)
2026-06-01 23:36:37.603 | warning  |           Metal | Profiler DRAM buffers were full, markers were dropped! device 0, worker core 10, 10, Risc NCRISC,  bufferEndIndex = 11992. Please either decrease the number of ops being profiled or run read device profiler more often (profiler.cpp:1532)
2026-06-01 23:36:37.603 | warning  |           Metal | Profiler DRAM buffers were full, markers were dropped! device 0, worker core 10, 11, Risc BRISC,  bufferEndIndex = 11768. Please either decrease the number of ops being profiled or run read device profiler more often (profiler.cpp:1532)
2026-06-01 23:36:37.604 | warning  |           Metal | Profiler DRAM buffers were full, markers were dropped! device 0, worker core 10, 11, Risc NCRISC,  bufferEndIndex = 11992. Please either decrease the number of ops being profiled or run read device profiler more often (profiler.cpp:1532)
2026-06-01 23:36:37.604 | warning  |           Metal | Profiler DRAM buffers were full, markers were dropped! device 0, worker core 11, 2, Risc BRISC,  bufferEndIndex = 11860. Please either decrease the number of ops being profiled or run read device profiler more often (profiler.cpp:1532)
2026-06-01 23:36:37.604 | warning  |           Metal | Profiler DRAM buffers were full, markers were dropped! device 0, worker core 11, 2, Risc NCRISC,  bufferEndIndex = 11728. Please either decrease the number of ops being profiled or run read device profiler more often (profiler.cpp:1532)
2026-06-01 23:36:37.605 | warning  |           Metal | Profiler DRAM buffers were full, markers were dropped! device 0, worker core 11, 3, Risc BRISC,  bufferEndIndex = 11860. Please either decrease the number of ops being profiled or run read device profiler more often (profiler.cpp:1532)
2026-06-01 23:36:37.605 | warning  |           Metal | Profiler DRAM buffers were full, markers were dropped! device 0, worker core 11, 3, Risc NCRISC,  bufferEndIndex = 11728. Please either decrease the number of ops being profiled or run read device profiler more often (profiler.cpp:1532)
2026-06-01 23:36:37.605 | warning  |           Metal | Profiler DRAM buffers were full, markers were dropped! device 0, worker core 11, 4, Risc BRISC,  bufferEndIndex = 11860. Please either decrease the number of ops being profiled or run read device profiler more often (profiler.cpp:1532)
2026-06-01 23:36:37.606 | warning  |           Metal | Profiler DRAM buffers were full, markers were dropped! device 0, worker core 11, 4, Risc NCRISC,  bufferEndIndex = 11728. Please either decrease the number of ops being profiled or run read device profiler more often (profiler.cpp:1532)
2026-06-01 23:36:37.606 | warning  |           Metal | Profiler DRAM buffers were full, markers were dropped! device 0, worker core 11, 5, Risc BRISC,  bufferEndIndex = 11860. Please either decrease the number of ops being profiled or run read device profiler more often (profiler.cpp:1532)
2026-06-01 23:36:37.606 | warning  |           Metal | Profiler DRAM buffers were full, markers were dropped! device 0, worker core 11, 5, Risc NCRISC,  bufferEndIndex = 11728. Please either decrease the number of ops being profiled or run read device profiler more often (profiler.cpp:1532)
2026-06-01 23:36:37.607 | warning  |           Metal | Profiler DRAM buffers were full, markers were dropped! device 0, worker core 11, 6, Risc BRISC,  bufferEndIndex = 11768. Please either decrease the number of ops being profiled or run read device profiler more often (profiler.cpp:1532)
2026-06-01 23:36:37.607 | warning  |           Metal | Profiler DRAM buffers were full, markers were dropped! device 0, worker core 11, 6, Risc NCRISC,  bufferEndIndex = 11992. Please either decrease the number of ops being profiled or run read device profiler more often (profiler.cpp:1532)
2026-06-01 23:36:37.607 | warning  |           Metal | Profiler DRAM buffers were full, markers were dropped! device 0, worker core 11, 7, Risc BRISC,  bufferEndIndex = 11768. Please either decrease the number of ops being profiled or run read device profiler more often (profiler.cpp:1532)
2026-06-01 23:36:37.608 | warning  |           Metal | Profiler DRAM buffers were full, markers were dropped! device 0, worker core 11, 7, Risc NCRISC,  bufferEndIndex = 11992. Please either decrease the number of ops being profiled or run read device profiler more often (profiler.cpp:1532)
2026-06-01 23:36:37.608 | warning  |           Metal | Profiler DRAM buffers were full, markers were dropped! device 0, worker core 11, 8, Risc BRISC,  bufferEndIndex = 11768. Please either decrease the number of ops being profiled or run read device profiler more often (profiler.cpp:1532)
2026-06-01 23:36:37.609 | warning  |           Metal | Profiler DRAM buffers were full, markers were dropped! device 0, worker core 11, 8, Risc NCRISC,  bufferEndIndex = 11992. Please either decrease the number of ops being profiled or run read device profiler more often (profiler.cpp:1532)
2026-06-01 23:36:37.609 | warning  |           Metal | Profiler DRAM buffers were full, markers were dropped! device 0, worker core 11, 9, Risc BRISC,  bufferEndIndex = 11768. Please either decrease the number of ops being profiled or run read device profiler more often (profiler.cpp:1532)
2026-06-01 23:36:37.609 | warning  |           Metal | Profiler DRAM buffers were full, markers were dropped! device 0, worker core 11, 9, Risc NCRISC,  bufferEndIndex = 11992. Please either decrease the number of ops being profiled or run read device profiler more often (profiler.cpp:1532)
2026-06-01 23:36:37.610 | warning  |           Metal | Profiler DRAM buffers were full, markers were dropped! device 0, worker core 11, 10, Risc BRISC,  bufferEndIndex = 11768. Please either decrease the number of ops being profiled or run read device profiler more often (profiler.cpp:1532)
2026-06-01 23:36:37.610 | warning  |           Metal | Profiler DRAM buffers were full, markers were dropped! device 0, worker core 11, 10, Risc NCRISC,  bufferEndIndex = 11992. Please either decrease the number of ops being profiled or run read device profiler more often (profiler.cpp:1532)
2026-06-01 23:36:37.610 | warning  |           Metal | Profiler DRAM buffers were full, markers were dropped! device 0, worker core 11, 11, Risc BRISC,  bufferEndIndex = 11768. Please either decrease the number of ops being profiled or run read device profiler more often (profiler.cpp:1532)
2026-06-01 23:36:37.611 | warning  |           Metal | Profiler DRAM buffers were full, markers were dropped! device 0, worker core 11, 11, Risc NCRISC,  bufferEndIndex = 11992. Please either decrease the number of ops being profiled or run read device profiler more often (profiler.cpp:1532)
2026-06-01 23:36:37.611 | warning  |           Metal | Profiler DRAM buffers were full, markers were dropped! device 0, worker core 12, 2, Risc BRISC,  bufferEndIndex = 11860. Please either decrease the number of ops being profiled or run read device profiler more often (profiler.cpp:1532)
2026-06-01 23:36:37.611 | warning  |           Metal | Profiler DRAM buffers were full, markers were dropped! device 0, worker core 12, 2, Risc NCRISC,  bufferEndIndex = 11728. Please either decrease the number of ops being profiled or run read device profiler more often (profiler.cpp:1532)
2026-06-01 23:36:37.612 | warning  |           Metal | Profiler DRAM buffers were full, markers were dropped! device 0, worker core 12, 3, Risc BRISC,  bufferEndIndex = 11860. Please either decrease the number of ops being profiled or run read device profiler more often (profiler.cpp:1532)
2026-06-01 23:36:37.612 | warning  |           Metal | Profiler DRAM buffers were full, markers were dropped! device 0, worker core 12, 3, Risc NCRISC,  bufferEndIndex = 11728. Please either decrease the number of ops being profiled or run read device profiler more often (profiler.cpp:1532)
2026-06-01 23:36:37.612 | warning  |           Metal | Profiler DRAM buffers were full, markers were dropped! device 0, worker core 12, 4, Risc BRISC,  bufferEndIndex = 11860. Please either decrease the number of ops being profiled or run read device profiler more often (profiler.cpp:1532)
2026-06-01 23:36:37.613 | warning  |           Metal | Profiler DRAM buffers were full, markers were dropped! device 0, worker core 12, 4, Risc NCRISC,  bufferEndIndex = 11728. Please either decrease the number of ops being profiled or run read device profiler more often (profiler.cpp:1532)
2026-06-01 23:36:37.613 | warning  |           Metal | Profiler DRAM buffers were full, markers were dropped! device 0, worker core 12, 5, Risc BRISC,  bufferEndIndex = 11860. Please either decrease the number of ops being profiled or run read device profiler more often (profiler.cpp:1532)
2026-06-01 23:36:37.613 | warning  |           Metal | Profiler DRAM buffers were full, markers were dropped! device 0, worker core 12, 5, Risc NCRISC,  bufferEndIndex = 11728. Please either decrease the number of ops being profiled or run read device profiler more often (profiler.cpp:1532)
2026-06-01 23:36:37.614 | warning  |           Metal | Profiler DRAM buffers were full, markers were dropped! device 0, worker core 12, 6, Risc BRISC,  bufferEndIndex = 11768. Please either decrease the number of ops being profiled or run read device profiler more often (profiler.cpp:1532)
2026-06-01 23:36:37.614 | warning  |           Metal | Profiler DRAM buffers were full, markers were dropped! device 0, worker core 12, 6, Risc NCRISC,  bufferEndIndex = 11992. Please either decrease the number of ops being profiled or run read device profiler more often (profiler.cpp:1532)
2026-06-01 23:36:37.614 | warning  |           Metal | Profiler DRAM buffers were full, markers were dropped! device 0, worker core 12, 7, Risc BRISC,  bufferEndIndex = 11768. Please either decrease the number of ops being profiled or run read device profiler more often (profiler.cpp:1532)
2026-06-01 23:36:37.615 | warning  |           Metal | Profiler DRAM buffers were full, markers were dropped! device 0, worker core 12, 7, Risc NCRISC,  bufferEndIndex = 11992. Please either decrease the number of ops being profiled or run read device profiler more often (profiler.cpp:1532)
2026-06-01 23:36:37.615 | warning  |           Metal | Profiler DRAM buffers were full, markers were dropped! device 0, worker core 12, 8, Risc BRISC,  bufferEndIndex = 11768. Please either decrease the number of ops being profiled or run read device profiler more often (profiler.cpp:1532)
2026-06-01 23:36:37.615 | warning  |           Metal | Profiler DRAM buffers were full, markers were dropped! device 0, worker core 12, 8, Risc NCRISC,  bufferEndIndex = 11992. Please either decrease the number of ops being profiled or run read device profiler more often (profiler.cpp:1532)
2026-06-01 23:36:37.616 | warning  |           Metal | Profiler DRAM buffers were full, markers were dropped! device 0, worker core 12, 9, Risc BRISC,  bufferEndIndex = 11768. Please either decrease the number of ops being profiled or run read device profiler more often (profiler.cpp:1532)
2026-06-01 23:36:37.616 | warning  |           Metal | Profiler DRAM buffers were full, markers were dropped! device 0, worker core 12, 9, Risc NCRISC,  bufferEndIndex = 11992. Please either decrease the number of ops being profiled or run read device profiler more often (profiler.cpp:1532)
2026-06-01 23:36:37.616 | warning  |           Metal | Profiler DRAM buffers were full, markers were dropped! device 0, worker core 12, 10, Risc BRISC,  bufferEndIndex = 11768. Please either decrease the number of ops being profiled or run read device profiler more often (profiler.cpp:1532)
2026-06-01 23:36:37.617 | warning  |           Metal | Profiler DRAM buffers were full, markers were dropped! device 0, worker core 12, 10, Risc NCRISC,  bufferEndIndex = 11992. Please either decrease the number of ops being profiled or run read device profiler more often (profiler.cpp:1532)
2026-06-01 23:36:37.617 | warning  |           Metal | Profiler DRAM buffers were full, markers were dropped! device 0, worker core 12, 11, Risc BRISC,  bufferEndIndex = 11768. Please either decrease the number of ops being profiled or run read device profiler more often (profiler.cpp:1532)
2026-06-01 23:36:37.617 | warning  |           Metal | Profiler DRAM buffers were full, markers were dropped! device 0, worker core 12, 11, Risc NCRISC,  bufferEndIndex = 11992. Please either decrease the number of ops being profiled or run read device profiler more often (profiler.cpp:1532)
2026-06-01 23:36:37.618 | warning  |           Metal | Profiler DRAM buffers were full, markers were dropped! device 0, worker core 13, 2, Risc BRISC,  bufferEndIndex = 11860. Please either decrease the number of ops being profiled or run read device profiler more often (profiler.cpp:1532)
2026-06-01 23:36:37.618 | warning  |           Metal | Profiler DRAM buffers were full, markers were dropped! device 0, worker core 13, 2, Risc NCRISC,  bufferEndIndex = 11728. Please either decrease the number of ops being profiled or run read device profiler more often (profiler.cpp:1532)
2026-06-01 23:36:37.618 | warning  |           Metal | Profiler DRAM buffers were full, markers were dropped! device 0, worker core 13, 3, Risc BRISC,  bufferEndIndex = 11860. Please either decrease the number of ops being profiled or run read device profiler more often (profiler.cpp:1532)
2026-06-01 23:36:37.619 | warning  |           Metal | Profiler DRAM buffers were full, markers were dropped! device 0, worker core 13, 3, Risc NCRISC,  bufferEndIndex = 11728. Please either decrease the number of ops being profiled or run read device profiler more often (profiler.cpp:1532)
2026-06-01 23:36:37.619 | warning  |           Metal | Profiler DRAM buffers were full, markers were dropped! device 0, worker core 13, 4, Risc BRISC,  bufferEndIndex = 11860. Please either decrease the number of ops being profiled or run read device profiler more often (profiler.cpp:1532)
2026-06-01 23:36:37.620 | warning  |           Metal | Profiler DRAM buffers were full, markers were dropped! device 0, worker core 13, 4, Risc NCRISC,  bufferEndIndex = 11728. Please either decrease the number of ops being profiled or run read device profiler more often (profiler.cpp:1532)
2026-06-01 23:36:37.620 | warning  |           Metal | Profiler DRAM buffers were full, markers were dropped! device 0, worker core 13, 5, Risc BRISC,  bufferEndIndex = 11860. Please either decrease the number of ops being profiled or run read device profiler more often (profiler.cpp:1532)
2026-06-01 23:36:37.620 | warning  |           Metal | Profiler DRAM buffers were full, markers were dropped! device 0, worker core 13, 5, Risc NCRISC,  bufferEndIndex = 11728. Please either decrease the number of ops being profiled or run read device profiler more often (profiler.cpp:1532)
2026-06-01 23:36:37.621 | warning  |           Metal | Profiler DRAM buffers were full, markers were dropped! device 0, worker core 13, 6, Risc BRISC,  bufferEndIndex = 11768. Please either decrease the number of ops being profiled or run read device profiler more often (profiler.cpp:1532)
2026-06-01 23:36:37.621 | warning  |           Metal | Profiler DRAM buffers were full, markers were dropped! device 0, worker core 13, 6, Risc NCRISC,  bufferEndIndex = 11992. Please either decrease the number of ops being profiled or run read device profiler more often (profiler.cpp:1532)
2026-06-01 23:36:37.621 | warning  |           Metal | Profiler DRAM buffers were full, markers were dropped! device 0, worker core 13, 7, Risc BRISC,  bufferEndIndex = 11768. Please either decrease the number of ops being profiled or run read device profiler more often (profiler.cpp:1532)
2026-06-01 23:36:37.622 | warning  |           Metal | Profiler DRAM buffers were full, markers were dropped! device 0, worker core 13, 7, Risc NCRISC,  bufferEndIndex = 11992. Please either decrease the number of ops being profiled or run read device profiler more often (profiler.cpp:1532)
2026-06-01 23:36:37.622 | warning  |           Metal | Profiler DRAM buffers were full, markers were dropped! device 0, worker core 13, 8, Risc BRISC,  bufferEndIndex = 11768. Please either decrease the number of ops being profiled or run read device profiler more often (profiler.cpp:1532)
2026-06-01 23:36:37.622 | warning  |           Metal | Profiler DRAM buffers were full, markers were dropped! device 0, worker core 13, 8, Risc NCRISC,  bufferEndIndex = 11992. Please either decrease the number of ops being profiled or run read device profiler more often (profiler.cpp:1532)
2026-06-01 23:36:37.623 | warning  |           Metal | Profiler DRAM buffers were full, markers were dropped! device 0, worker core 13, 9, Risc BRISC,  bufferEndIndex = 11768. Please either decrease the number of ops being profiled or run read device profiler more often (profiler.cpp:1532)
2026-06-01 23:36:37.623 | warning  |           Metal | Profiler DRAM buffers were full, markers were dropped! device 0, worker core 13, 9, Risc NCRISC,  bufferEndIndex = 11992. Please either decrease the number of ops being profiled or run read device profiler more often (profiler.cpp:1532)
2026-06-01 23:36:37.623 | warning  |           Metal | Profiler DRAM buffers were full, markers were dropped! device 0, worker core 13, 10, Risc BRISC,  bufferEndIndex = 11768. Please either decrease the number of ops being profiled or run read device profiler more often (profiler.cpp:1532)
2026-06-01 23:36:37.624 | warning  |           Metal | Profiler DRAM buffers were full, markers were dropped! device 0, worker core 13, 10, Risc NCRISC,  bufferEndIndex = 11992. Please either decrease the number of ops being profiled or run read device profiler more often (profiler.cpp:1532)
2026-06-01 23:36:37.624 | warning  |           Metal | Profiler DRAM buffers were full, markers were dropped! device 0, worker core 13, 11, Risc BRISC,  bufferEndIndex = 11768. Please either decrease the number of ops being profiled or run read device profiler more often (profiler.cpp:1532)
2026-06-01 23:36:37.624 | warning  |           Metal | Profiler DRAM buffers were full, markers were dropped! device 0, worker core 13, 11, Risc NCRISC,  bufferEndIndex = 11992. Please either decrease the number of ops being profiled or run read device profiler more often (profiler.cpp:1532)
2026-06-01 23:36:38.130 | warning  |          Always | Profiler NoC events are enabled; this can add 1-15% cycle overhead to typical operations! (profiler.cpp:2499)
SUMMARY backend=tt blend_mode=2 views=1 hero_vs_gt=46.78dB hero_vs_ref=63.85dB min_vs_ref=63.85dB min_vs_gt=46.78dB ms/view=6560.7 (proj=63.8 ta=36.0 sort=18.4 blend=209.5) shot=opt/metal-screenshots/loop-ttw/hero.png
=== noc traces emitted ===
-rw-rw-r-- 1 smarton smarton        40 Jun  1 23:35 /localdev/smarton/tt-metal/generated/profiler/.logs/cluster_coordinates.json
-rw-rw-r-- 1 smarton smarton 153766783 Jun  1 23:36 /localdev/smarton/tt-metal/generated/profiler/.logs/noc_trace_dev0_ID0.json
-rw-rw-r-- 1 smarton smarton       262 Jun  1 23:35 /localdev/smarton/tt-metal/generated/profiler/.logs/topology.json
SUMMARY backend=tt blend_mode=2 views=1 hero_vs_gt=46.78dB hero_vs_ref=63.85dB min_vs_ref=63.85dB min_vs_gt=46.78dB ms/view=6560.7 (proj=63.8 ta=36.0 sort=18.4 blend=209.5) shot=opt/metal-screenshots/loop-ttw/hero.png
