================ BUILD ID ================
  cpp : #91 sha=ed9ba50 bin=151d79e9ef8fcec4 iter29 probe+CB fence
  data: # sha= 
=========================================
host=yyzo-bh-03  tag=probe  timeout=1200s  worry=600s  ts=2026-06-01T18:26:20-0700
cmd: export TT_METAL_HOME=/localdev/smarton/tt-metal TT_METAL_RUNTIME_ROOT=/localdev/smarton/tt-metal TT_METAL_CACHE=/localdev/smarton/.cache/tt-metal-cache TT_METAL_ARCH_NAME=blackhole MESH_DEVICE=P100 TT_METAL_DPRINT_CORES=all GSPLAT_TT_BLEND_MODE=2 GSPLAT_TT_MB_KERNEL=1 GSPLAT_TT_MB_DEVCULL=1 GSPLAT_TT_DEVICE_PROJECT=1 GSPLAT_TT_RESIDENT_PROJECT=1 GSPLAT_TT_RESIDENT_GATHER=1 GSPLAT_TT_DEVICE_TILE_ASSIGN=1 GSPLAT_TT_RESIDENT_TA_IN=1 GSPLAT_TT_DEVICE_SORT=1 GSPLAT_TT_RESIDENT_PAIRS=1 GSPLAT_TT_RESIDENT_BLEND=1 GSPLAT_TT_SORT_DEVICE_PUBLISH=1 GSPLAT_TT_TA_DEVICE_SCAN=1 GSPLAT_TT_SFPU_CULL=1 GSPLAT_TT_FUSED_TILE=0 GSPLAT_TT_TILE_BUCKET=1 GSPLAT_TT_BUCKET_MASK=1 GSPLAT_TT_BUCKET_AB_PROBE=1 GSPLAT_TT_MB_TIMING=1; source .venv/bin/activate 2>/dev/null; .venv/bin/python3 scripts/a003_verify.py --views 1 --iter-dir loop-ttw --out opt/ttw/probe.json 2>&1 | tee /tmp/ttw_probe.log; echo '=====RESULT====='; grep -oE 'hero_vs_ref=[0-9.]+' /tmp/ttw_probe.log | tail -1; grep -oE '(proj|ta|sort|blend)=[0-9.]+' /tmp/ttw_probe.log | tail -8; echo '=====ABCK====='; grep -E 'ABCK' /tmp/ttw_probe.log | head -60
-----------------------------------------
BUILD-ID VERIFY OK: cpp#91 bin=151d79e9ef8fcec4 matches the built+stamped artifact
2026-06-02 01:26:23.340 | info     |             UMD | Creating TopologyDiscovery for architecture: blackhole (topology_discovery.cpp:75)
2026-06-02 01:26:23.340 | info     |             UMD | Starting topology discovery. (topology_discovery.cpp:92)
2026-06-02 01:26:23.340 | warning  |             UMD | Low power mode is disabled while UMD holds open file descriptors. The device will return to low power mode once all file descriptors are closed. (topology_discovery.cpp:143)
2026-06-02 01:26:23.340 | warning  |             UMD | KMD version 2.4.1 does not support power state management. (pci_device.cpp:1067)
2026-06-02 01:26:23.341 | info     |             UMD | Established firmware bundle version: 18.12.1 (topology_discovery.cpp:544)
2026-06-02 01:26:23.341 | info     |             UMD | Completed topology discovery. (topology_discovery.cpp:96)
2026-06-02 01:26:23.341 | info     |          Device | Opening user mode device driver (tt_cluster.cpp:225)
2026-06-02 01:26:23.341 | info     |             UMD | Cluster constructor started. (cluster.cpp:317)
2026-06-02 01:26:23.341 | info     |             UMD | Creating TopologyDiscovery for architecture: blackhole (topology_discovery.cpp:75)
2026-06-02 01:26:23.341 | info     |             UMD | Starting topology discovery. (topology_discovery.cpp:92)
2026-06-02 01:26:23.341 | warning  |             UMD | Low power mode is disabled while UMD holds open file descriptors. The device will return to low power mode once all file descriptors are closed. (topology_discovery.cpp:143)
2026-06-02 01:26:23.341 | warning  |             UMD | KMD version 2.4.1 does not support power state management. (pci_device.cpp:1067)
2026-06-02 01:26:23.341 | info     |             UMD | Established firmware bundle version: 18.12.1 (topology_discovery.cpp:544)
2026-06-02 01:26:23.341 | info     |             UMD | Completed topology discovery. (topology_discovery.cpp:96)
2026-06-02 01:26:23.341 | info     |             UMD | Harvesting masks for Chip 0: Tensix: 0xc0 DRAM: 0x8 ETH: 0x3fff PCIe: 0x2 L2CPU: 0x0 (cluster.cpp:270)
2026-06-02 01:26:23.342 | info     |             UMD | Initializing iommu for sysmem (size: 0x40000000). (silicon_sysmem_manager.cpp:334)
2026-06-02 01:26:23.342 | info     |             UMD | Allocating sysmem for IOMMU (size: 0x40000000). (silicon_sysmem_manager.cpp:340)
2026-06-02 01:26:23.380 | warning  |             UMD | KMD version 2.4.1 does not support power state management. (pci_device.cpp:1067)
2026-06-02 01:26:23.380 | info     |             UMD | Opening local chip ids/PCIe ids: {0}/[0] and remote chip ids {} (cluster.cpp:159)
2026-06-02 01:26:23.381 | info     |             UMD | IOMMU: enabled (cluster.cpp:133)
2026-06-02 01:26:23.381 | info     |             UMD | KMD version: 2.4.1 (cluster.cpp:136)
2026-06-02 01:26:23.381 | info     |             UMD | Cluster constructor completed. (cluster.cpp:409)
2026-06-02 01:26:23.382 | info     |             UMD | Starting devices in cluster (cluster.cpp:1044)
2026-06-02 01:26:23.383 | info     |             UMD | Mapped sysmem without hugepages to IOVA 0x80000000; NOC address 0x1000000000000000 (silicon_sysmem_manager.cpp:391)
2026-06-02 01:26:23.383 | info     |             UMD | Starting devices in cluster completed. (cluster.cpp:1052)
2026-06-02 01:26:23.858 | info     |     Distributed | Using auto discovery to generate mesh graph. (metal_env.cpp:332)
2026-06-02 01:26:23.858 | info     |     Distributed | Constructing control plane using auto-discovery (no mesh graph descriptor). (metal_env.cpp:394)
2026-06-02 01:26:23.858 | info     |             UMD | Creating TopologyDiscovery for architecture: blackhole (topology_discovery.cpp:75)
2026-06-02 01:26:23.858 | info     |             UMD | Starting topology discovery. (topology_discovery.cpp:92)
2026-06-02 01:26:23.858 | warning  |             UMD | Low power mode is disabled while UMD holds open file descriptors. The device will return to low power mode once all file descriptors are closed. (topology_discovery.cpp:143)
2026-06-02 01:26:23.858 | warning  |             UMD | KMD version 2.4.1 does not support power state management. (pci_device.cpp:1067)
2026-06-02 01:26:23.859 | info     |             UMD | Established firmware bundle version: 18.12.1 (topology_discovery.cpp:544)
2026-06-02 01:26:23.859 | info     |             UMD | Completed topology discovery. (topology_discovery.cpp:96)
2026-06-02 01:26:23.859 | warning  |          Always | Unknown motherboard 'X670E GAMING PLUS WIFI (MS-7E16)' for chip_id=0 (bus_id=0x1) — defaulting tray_id to 0. Add this motherboard and its bus IDs to mobo_to_bus_ids in physical_system_discovery.cpp. (physical_system_discovery.cpp:62)
2026-06-02 01:26:23.859 | info     |          Fabric | TopologyMapper: Logical Multi-Mesh Adjacency Map: (topology_mapper.cpp:1474)
2026-06-02 01:26:23.859 | info     |          Fabric | 
=== Logical Mesh-Level Graph Adjacency Map ===
Total nodes: 1
Degree histogram: {0:1}
 (topology_solver.tpp:94)
2026-06-02 01:26:23.859 | info     |          Fabric | 
=== Logical Mesh 0 Internal Graph Adjacency Map ===
Total nodes: 1
Degree histogram: {0:1}
 (topology_solver.tpp:94)
2026-06-02 01:26:23.859 | info     |          Fabric | TopologyMapper: Physical Multi-Mesh Adjacency Map: (topology_mapper.cpp:1485)
2026-06-02 01:26:23.859 | info     |          Fabric | 
=== Physical Mesh-Level Graph Adjacency Map ===
Total nodes: 1
Degree histogram: {0:1}
 (topology_solver.tpp:94)
2026-06-02 01:26:23.859 | info     |          Fabric | 
=== Physical Mesh 0 Internal Graph Adjacency Map ===
Total nodes: 1
Degree histogram: {0:1}
 (topology_solver.tpp:94)
2026-06-02 01:26:23.859 | info     |          Fabric | Starting multi-mesh mapping: 1 logical mesh(es) to 1 physical mesh(es) (topology_mapper_utils.cpp:1469)
2026-06-02 01:26:23.859 | info     |          Fabric | Multi-mesh mapping attempt 1/2: Trying inter-mesh mapping (topology_mapper_utils.cpp:1510)
2026-06-02 01:26:23.859 | info     |          Fabric | Attempt 1: Inter-mesh mapping succeeded, found 1 mesh pair(s) (topology_mapper_utils.cpp:1539)
2026-06-02 01:26:23.859 | info     |          Fabric | Attempt 1: Mapping 1 mesh pair(s) (topology_mapper_utils.cpp:1547)
2026-06-02 01:26:23.859 | info     |          Fabric | Attempt 1: Mapping mesh 0 -> 0 (topology_mapper_utils.cpp:1554)
2026-06-02 01:26:23.859 | info     |          Fabric | Multi-mesh mapping succeeded after 1 attempt(s): 1 mesh pair(s) mapped (topology_mapper_utils.cpp:1686)
2026-06-02 01:26:23.869 | warning  |           Metal | DPRINT is deprecated and will be removed in a future release. Please migrate to DEVICE_PRINT by:
  1. Replace #include "api/debug/dprint.h" with #include "api/debug/device_print.h" in your kernels
  2. Replace DPRINT << ... << ENDL() with DEVICE_PRINT("...\n", args)
  3. Set TT_METAL_DEVICE_PRINT=1 to enable the new DEVICE_PRINT system
For more information, see the DEVICE_PRINT documentation. (metal_context.cpp:249)
2026-06-02 01:26:23.941 | info     |           Metal | DPRINT enabled on device 0, all worker cores. (dprint_server.cpp:855)
2026-06-02 01:26:23.942 | info     |           Metal | DPRINT Server attached device 0 (dprint_server.cpp:950)
2026-06-02 01:26:24.092 | info     |           Metal | ShmResourceTracker: removed stale shm '/tt_d2h_43261_301579416_0' (shm_resource_tracker.cpp:265)
2026-06-02 01:26:24.092 | info     |           Metal | ShmResourceTracker: removed stale manifest '/dev/shm/tt_socket_manifest_43261' (shm_resource_tracker.cpp:275)
2026-06-02 01:26:24.092 | info     |           Metal | ShmResourceTracker: removed orphaned shm '/tt_device_7490744194894819707_memory' (shm_resource_tracker.cpp:282)
0:11-0:BR: prefetcher_11: start
0:11-1:BR: dispatch_11: start
0:11-1:NC: dispatch_s : start
0:11-9:BR: REALTIME BRISC: kernel started
0:11-9:BR: REALTIME: sync_request detected!
0:11-9:BR: REALTIME: entering sync
0:11-9:BR: REALTIME: sync got host_time=259004733
0:11-9:BR: REALTIME: sync pushed count=1
0:11-9:BR: REALTIME: sync got host_time=283485670
0:11-9:BR: REALTIME: sync pushed count=2
0:11-9:BR: REALTIME: sync got host_time=307967688
0:11-9:BR: REALTIME: sync pushed count=3
0:11-9:BR: REALTIME: sync got host_time=332221098
0:11-9:BR: REALTIME: sync pushed count=4
0:11-9:BR: REALTIME: sync got host_time=356639384
0:11-9:BR: REALTIME: sync pushed count=5
0:11-9:BR: REALTIME: sync got host_time=381108383
0:11-9:BR: REALTIME: sync pushed count=6
0:11-9:BR: REALTIME: sync got host_time=405577476
0:11-9:BR: REALTIME: sync pushed count=7
0:11-9:BR: REALTIME: sync got host_time=430045817
0:11-9:BR: REALTIME: sync pushed count=8
0:11-9:BR: REALTIME: sync got host_time=454518294
0:11-9:BR: REALTIME: sync pushed count=9
0:11-9:BR: REALTIME: sync got host_time=478987575
0:11-9:BR: REALTIME: sync pushed count=10
0:11-9:BR: REALTIME: sync got host_time=503461556
0:11-9:BR: REALTIME: sync pushed count=11
0:11-9:BR: REALTIME: sync got host_time=527943433
0:11-9:BR: REALTIME: sync pushed count=12
0:11-9:BR: REALTIME: sync got host_time=552417790
0:11-9:BR: REALTIME: sync pushed count=13
0:11-9:BR: REALTIME: sync got host_time=576889938
0:11-9:BR: REALTIME: sync pushed count=14
0:11-9:BR: REALTIME: sync got host_time=601367209
0:11-9:BR: REALTIME: sync pushed count=15
0:11-9:BR: REALTIME: sync got host_time=625844245
0:11-9:BR: REALTIME: sync pushed count=16
0:11-9:BR: REALTIME: sync got host_time=650316111
0:11-9:BR: REALTIME: sync pushed count=17
0:11-9:BR: REALTIME: sync got host_time=674794228
0:11-9:BR: REALTIME: sync pushed count=18
0:11-9:BR: REALTIME: sync got host_time=699270465
0:11-9:BR: REALTIME: sync pushed count=19
0:11-9:BR: REALTIME: sync got host_time=723741720
0:11-9:BR: REALTIME: sync pushed count=20
0:11-9:BR: REALTIME: sync got host_time=748221764
0:11-9:BR: REALTIME: sync pushed count=21
0:11-9:BR: REALTIME: sync got host_time=772704487
0:11-9:BR: REALTIME: sync pushed count=22
0:11-9:BR: REALTIME: sync got host_time=797182980
0:11-9:BR: REALTIME: sync pushed count=23
0:11-9:BR: REALTIME: sync got host_time=821661802
0:11-9:BR: REALTIME: sync pushed count=24
0:11-9:BR: REALTIME: sync got host_time=846132869
0:11-9:BR: REALTIME: sync pushed count=25
0:11-9:BR: REALTIME: sync got host_time=870604735
0:11-9:BR: REALTIME: sync pushed count=26
0:11-9:BR: REALTIME: sync got host_time=895076601
0:11-9:BR: REALTIME: sync pushed count=27
0:11-9:BR: REALTIME: sync got host_time=919546869
0:11-9:BR: REALTIME: sync pushed count=28
0:11-9:BR: REALTIME: sync got host_time=944018453
0:11-9:BR: REALTIME: sync pushed count=29
0:11-9:BR: REALTIME: sync got host_time=968490272
0:11-9:BR: REALTIME: sync pushed count=30
0:11-9:BR: REALTIME: sync got host_time=992968201
0:11-9:BR: REALTIME: sync pushed count=31
0:11-9:BR: REALTIME: sync got host_time=1017457269
0:11-9:BR: REALTIME: sync pushed count=32
0:11-9:BR: REALTIME: sync got host_time=1041940415
0:11-9:BR: REALTIME: sync pushed count=33
0:11-9:BR: REALTIME: sync got host_time=1066427274
0:11-9:BR: REALTIME: sync pushed count=34
0:11-9:BR: REALTIME: sync got host_time=1090907694
0:11-9:BR: REALTIME: sync pushed count=35
0:11-9:BR: REALTIME: sync got host_time=1115383226
0:11-9:BR: REALTIME: sync pushed count=36
0:11-9:BR: REALTIME: sync got host_time=1139856361
0:11-9:BR: REALTIME: sync pushed count=37
0:11-9:BR: REALTIME: sync got host_time=1164334525
0:11-9:BR: REALTIME: sync pushed count=38
0:11-9:BR: REALTIME: sync got host_time=1188834168
0:11-9:BR: REALTIME: sync pushed count=39
0:11-9:BR: REALTIME: sync got host_time=1213303308
0:11-9:BR: REALTIME: sync pushed count=40
0:11-9:BR: REALTIME: sync got host_time=1237781378
0:11-9:BR: REALTIME: sync pushed count=41
0:11-9:BR: REALTIME: sync got host_time=1262261281
0:11-9:BR: REALTIME: sync pushed count=42
0:11-9:BR: REALTIME: sync got host_time=1286731079
0:11-9:BR: REALTIME: sync pushed count=43
0:11-9:BR: REALTIME: sync got host_time=1311202663
0:11-9:BR: REALTIME: sync pushed count=44
0:11-9:BR: REALTIME: sync got host_time=1335677631
0:11-9:BR: REALTIME: sync pushed count=45
0:11-9:BR: REALTIME: sync got host_time=1360154761
0:11-9:BR: REALTIME: sync pushed count=46
0:11-9:BR: REALTIME: sync got host_time=1384634100
0:11-9:BR: REALTIME: sync pushed count=47
0:11-9:BR: REALTIME: sync got host_time=1409111841
0:11-9:BR: REALTIME: sync pushed count=48
0:11-9:BR: REALTIME: sync got host_time=1433591274
0:11-9:BR: REALTIME: sync pushed count=49
0:11-9:BR: REALTIME: sync got host_time=1458062999
0:11-9:BR: REALTIME: sync pushed count=50
0:11-9:BR: REALTIME: sync got host_time=1482534959
0:11-9:BR: REALTIME: sync pushed count=51
0:11-9:BR: REALTIME: sync got host_time=1507003817
0:11-9:BR: REALTIME: sync pushed count=52
0:11-9:BR: REALTIME: sync got host_time=1531474931
0:11-9:BR: REALTIME: sync pushed count=53
0:11-9:BR: REALTIME: sync got host_time=1555954129
0:11-9:BR: REALTIME: sync pushed count=54
0:11-9:BR: REALTIME: sync got host_time=1580434925
0:11-9:BR: REALTIME: sync pushed count=55
0:11-9:BR: REALTIME: sync got host_time=1604907073
0:11-9:BR: REALTIME: sync pushed count=56
0:11-9:BR: REALTIME: sync got host_time=1629378657
0:11-9:BR: REALTIME: sync pushed count=57
0:11-9:BR: REALTIME: sync got host_time=1653856069
0:11-9:BR: REALTIME: sync pushed count=58
0:11-9:BR: REALTIME: sync got host_time=1678331225
0:11-9:BR: REALTIME: sync pushed count=59
0:11-9:BR: REALTIME: sync got host_time=1702802856
0:11-9:BR: REALTIME: sync pushed count=60
0:11-9:BR: REALTIME: sync got host_time=1727280597
0:11-9:BR: REALTIME: sync pushed count=61
0:11-9:BR: REALTIME: sync got host_time=1751759842
0:11-9:BR: REALTIME: sync pushed count=62
0:11-9:BR: REALTIME: sync got host_time=1776229076
0:11-9:BR: REALTIME: sync pushed count=63
0:11-9:BR: REALTIME: sync got host_time=1800705971
0:11-9:BR: REALTIME: sync pushed count=64
0:11-9:BR: REALTIME: sync got host_time=1825185733
0:11-9:BR: REALTIME: sync pushed count=65
0:11-9:BR: REALTIME: sync got host_time=1849657035
0:11-9:BR: REALTIME: sync pushed count=66
0:11-9:BR: REALTIME: sync got host_time=1874142719
0:11-9:BR: REALTIME: sync pushed count=67
0:11-9:BR: REALTIME: sync got host_time=1898620789
0:11-9:BR: REALTIME: sync pushed count=68
0:11-9:BR: REALTIME: sync got host_time=1923101867
0:11-9:BR: REALTIME: sync pushed count=69
0:11-9:BR: REALTIME: sync got host_time=1947581723
0:11-9:BR: REALTIME: sync pushed count=70
0:11-9:BR: REALTIME: sync got host_time=1972059511
0:11-9:BR: REALTIME: sync pushed count=71
0:11-9:BR: REALTIME: sync got host_time=1996539132
0:11-9:BR: REALTIME: sync pushed count=72
0:11-9:BR: REALTIME: sync got host_time=2021017296
0:11-9:BR: REALTIME: sync pushed count=73
0:11-9:BR: REALTIME: sync got host_time=2045490901
0:11-9:BR: REALTIME: sync pushed count=74
0:11-9:BR: REALTIME: sync got host_time=2069962438
0:11-9:BR: REALTIME: sync pushed count=75
0:11-9:BR: REALTIME: sync got host_time=2094433787
0:11-9:BR: REALTIME: sync pushed count=76
0:11-9:BR: REALTIME: sync got host_time=2118901188
0:11-9:BR: REALTIME: sync pushed count=77
0:11-9:BR: REALTIME: sync got host_time=2143373195
0:11-9:BR: REALTIME: sync pushed count=78
0:11-9:BR: REALTIME: sync got host_time=2167845343
0:11-9:BR: REALTIME: sync pushed count=79
0:11-9:BR: REALTIME: sync got host_time=2192317209
0:11-9:BR: REALTIME: sync pushed count=80
0:11-9:BR: REALTIME: sync got host_time=2216795561
0:11-9:BR: REALTIME: sync pushed count=81
0:11-9:BR: REALTIME: sync got host_time=2241273302
0:11-9:BR: REALTIME: sync pushed count=82
0:11-9:BR: REALTIME: sync got host_time=2265744510
0:11-9:BR: REALTIME: sync pushed count=83
0:11-9:BR: REALTIME: sync got host_time=2290223567
0:11-9:BR: REALTIME: sync pushed count=84
0:11-9:BR: REALTIME: sync got host_time=2314703376
0:11-9:BR: REALTIME: sync pushed count=85
0:11-9:BR: REALTIME: sync got host_time=2339175054
0:11-9:BR: REALTIME: sync pushed count=86
0:11-9:BR: REALTIME: sync got host_time=2363643724
0:11-9:BR: REALTIME: sync pushed count=87
0:11-9:BR: REALTIME: sync got host_time=2388121183
0:11-9:BR: REALTIME: sync pushed count=88
0:11-9:BR: REALTIME: sync got host_time=2412592955
0:11-9:BR: REALTIME: sync pushed count=89
0:11-9:BR: REALTIME: sync got host_time=2437064774
0:11-9:BR: REALTIME: sync pushed count=90
0:11-9:BR: REALTIME: sync got host_time=2461542280
0:11-9:BR: REALTIME: sync pushed count=91
0:11-9:BR: REALTIME: sync got host_time=2486018987
0:11-9:BR: REALTIME: sync pushed count=92
0:11-9:BR: REALTIME: sync got host_time=2510496493
0:11-9:BR: REALTIME: sync pushed count=93
0:11-9:BR: REALTIME: sync got host_time=2534974375
0:11-9:BR: REALTIME: sync pushed count=94
0:11-9:BR: REALTIME: sync got host_time=2559454325
0:11-9:BR: REALTIME: sync pushed count=95
0:11-9:BR: REALTIME: sync got host_time=2583932489
0:11-9:BR: REALTIME: sync pushed count=96
0:11-9:BR: REALTIME: sync got host_time=2608410183
0:11-9:BR: REALTIME: sync pushed count=97
0:11-9:BR: REALTIME: sync got host_time=2632881438
0:11-9:BR: REALTIME: sync pushed count=98
0:11-9:BR: REALTIME: sync got host_time=2657353022
0:11-9:BR: REALTIME: sync pushed count=99
0:11-9:BR: REALTIME: sync got host_time=2681825781
0:11-9:BR: REALTIME: sync pushed count=100
2026-06-02 01:26:24.675 | info     |           Metal | [Real-time profiler] Device 0 sync complete: 100 samples, frequency=1.349981 GHz, device_time_at_sync=13514383607109 cycles (realtime_profiler_manager.cpp:1082)
0:11-9:BR: REALTIME: sync got host_time=2706294310
0:11-9:BR: REALTIME: sync pushed count=101
0:11-9:BR: REALTIME: exiting sync, total=101
0:11-9:BR: REALTIME: sync_request detected!
0:11-9:BR: REALTIME: entering sync
0:11-9:BR: REALTIME: sync got host_time=1549556828
0:11-9:BR: REALTIME: sync pushed count=1
0:11-9:BR: REALTIME: exiting sync, total=1
0:11-9:BR: REALTIME: sync_request detected!
0:11-9:BR: REALTIME: entering sync
0:11-9:BR: REALTIME: sync got host_time=1288483259
0:11-9:BR: REALTIME: sync pushed count=1
0:11-9:BR: REALTIME: exiting sync, total=1
[BUCKET_CULL] P_kept=3369033 tiles=1024 floor=6.10352e-05 cull_disabled=0 exec=86.45ms
[SORT] stage=RP P=3369033 P_kept=3369033 num_tiles=1024 max_tile_n=26544 bin=17.94 up=0.43 kernel=9.39 d2h=0.00 compact=0.00 publish=3.10 total=117.51ms
[CULL_SPLIT] candidates=3369033 masks=12.88MB exec=90.7 ms masks_addr=0xa08ee00 end=0xad70280 base_addr=0x9eb5600
0:10-9:TR1: ABCK ti=0 L=8246 seqmm=8245 chkmm=8246 rows=8246
0:10-3:TR1: ABCK ti=0 L=8378 seqmm=8377 chkmm=8378 rows=8378
0:10-4:TR1: ABCK ti=0 L=8424 seqmm=8423 chkmm=8424 rows=8424
0:10-5:TR1: ABCK ti=0 L=8389 seqmm=8388 chkmm=8389 rows=8389
0:10-6:TR1: ABCK ti=0 L=8353 seqmm=8352 chkmm=8353 rows=8353
0:10-7:TR1: ABCK ti=0 L=8360 seqmm=8359 chkmm=8360 rows=8360
0:10-8:TR1: ABCK ti=0 L=8284 seqmm=8283 chkmm=8284 rows=8284
0:9-9:TR1: ABCK ti=0 L=8574 seqmm=8573 chkmm=8574 rows=8574
0:10-0:TR1: ABCK ti=0 L=8527 seqmm=8526 chkmm=8527 rows=8527
0:10-1:TR1: ABCK ti=0 L=8528 seqmm=8527 chkmm=8528 rows=8528
0:10-2:TR1: ABCK ti=0 L=8444 seqmm=8443 chkmm=8444 rows=8444
0:9-8:TR1: ABCK ti=0 L=8680 seqmm=8679 chkmm=8680 rows=8680
0:9-7:TR1: ABCK ti=0 L=8760 seqmm=8759 chkmm=8760 rows=8760
0:9-5:TR1: ABCK ti=0 L=9093 seqmm=9092 chkmm=9093 rows=9093
0:9-6:TR1: ABCK ti=0 L=9101 seqmm=9100 chkmm=9101 rows=9101
0:9-2:TR1: ABCK ti=0 L=9266 seqmm=9265 chkmm=9266 rows=9266
0:9-3:TR1: ABCK ti=0 L=9159 seqmm=9158 chkmm=9159 rows=9159
0:9-4:TR1: ABCK ti=0 L=9216 seqmm=9215 chkmm=9216 rows=9216
0:8-9:TR1: ABCK ti=0 L=9433 seqmm=9432 chkmm=9433 rows=9433
0:9-0:TR1: ABCK ti=0 L=9302 seqmm=9301 chkmm=9302 rows=9302
0:9-1:TR1: ABCK ti=0 L=9293 seqmm=9292 chkmm=9293 rows=9293
0:8-3:TR1: ABCK ti=0 L=9654 seqmm=9653 chkmm=9654 rows=9654
0:8-4:TR1: ABCK ti=0 L=9624 seqmm=9623 chkmm=9624 rows=9624
0:8-5:TR1: ABCK ti=0 L=9548 seqmm=9547 chkmm=9548 rows=9548
0:8-6:TR1: ABCK ti=0 L=9516 seqmm=9515 chkmm=9516 rows=9516
0:8-7:TR1: ABCK ti=0 L=9637 seqmm=9636 chkmm=9637 rows=9637
0:8-8:TR1: ABCK ti=0 L=9495 seqmm=9494 chkmm=9495 rows=9495
0:8-1:TR1: ABCK ti=0 L=9703 seqmm=9702 chkmm=9703 rows=9703
0:8-2:TR1: ABCK ti=0 L=9775 seqmm=9774 chkmm=9775 rows=9775
0:7-7:TR1: ABCK ti=0 L=9980 seqmm=9979 chkmm=9980 rows=9980
0:7-8:TR1: ABCK ti=0 L=9938 seqmm=9937 chkmm=9938 rows=9938
0:7-9:TR1: ABCK ti=0 L=9982 seqmm=9981 chkmm=9982 rows=9982
0:8-0:TR1: ABCK ti=0 L=9885 seqmm=9884 chkmm=9885 rows=9885
0:7-2:TR1: ABCK ti=0 L=10296 seqmm=10295 chkmm=10296 rows=10296
0:7-3:TR1: ABCK ti=0 L=10254 seqmm=10253 chkmm=10254 rows=10254
0:7-4:TR1: ABCK ti=0 L=10210 seqmm=10209 chkmm=10210 rows=10210
0:7-5:TR1: ABCK ti=0 L=10172 seqmm=10171 chkmm=10172 rows=10172
0:7-6:TR1: ABCK ti=0 L=10085 seqmm=10084 chkmm=10085 rows=10085
0:10-2:TR1: ABCK ti=1 L=7616 seqmm=7366 chkmm=1 rows=7616
0:10-8:TR1: ABCK ti=1 L=8100 seqmm=8058 chkmm=1 rows=8100
0:10-9:TR1: ABCK ti=1 L=8091 seqmm=8081 chkmm=0 rows=8091
0:6-9:TR1: ABCK ti=0 L=10483 seqmm=10482 chkmm=10483 rows=10483
0:7-1:TR1: ABCK ti=0 L=10303 seqmm=10302 chkmm=10303 rows=10303
0:10-4:TR1: ABCK ti=1 L=8057 seqmm=7870 chkmm=1 rows=8057
0:10-7:TR1: ABCK ti=1 L=7834 seqmm=7794 chkmm=2 rows=7834
0:6-6:TR1: ABCK ti=0 L=10732 seqmm=10731 chkmm=10732 rows=10732
0:6-7:TR1: ABCK ti=0 L=10614 seqmm=10613 chkmm=10614 rows=10614
0:6-8:TR1: ABCK ti=0 L=10612 seqmm=10611 chkmm=10612 rows=10612
0:7-0:TR1: ABCK ti=0 L=10543 seqmm=10542 chkmm=10543 rows=10543
0:10-0:TR1: ABCK ti=1 L=7696 seqmm=7291 chkmm=0 rows=7696
0:10-1:TR1: ABCK ti=1 L=7677 seqmm=7356 chkmm=5 rows=7677
0:10-3:TR1: ABCK ti=1 L=7850 seqmm=7607 chkmm=1 rows=7850
0:10-5:TR1: ABCK ti=1 L=8057 seqmm=8037 chkmm=1 rows=8057
0:6-3:TR1: ABCK ti=0 L=10796 seqmm=10795 chkmm=10796 rows=10796
0:6-4:TR1: ABCK ti=0 L=10831 seqmm=10830 chkmm=10831 rows=10831
0:6-5:TR1: ABCK ti=0 L=10759 seqmm=10758 chkmm=10759 rows=10759
0:9-7:TR1: ABCK ti=1 L=7660 seqmm=7650 chkmm=1 rows=7660
0:9-8:TR1: ABCK ti=1 L=7557 seqmm=7548 chkmm=0 rows=7557
0:9-9:TR1: ABCK ti=1 L=7651 seqmm=7642 chkmm=0 rows=7651
0:6-0:TR1: ABCK ti=0 L=11157 seqmm=11156 chkmm=11157 rows=11157
0:6-1:TR1: ABCK ti=0 L=11088 seqmm=11087 chkmm=11088 rows=11088
0:6-2:TR1: ABCK ti=0 L=11032 seqmm=11031 chkmm=11032 rows=11032
0:8-4:TR1: ABCK ti=1 L=6944 seqmm=6720 chkmm=5 rows=6944
0:8-5:TR1: ABCK ti=1 L=7020 seqmm=6997 chkmm=0 rows=7020
0:8-9:TR1: ABCK ti=1 L=7057 seqmm=7039 chkmm=2 rows=7057
0:9-0:TR1: ABCK ti=1 L=7187 seqmm=7177 chkmm=1 rows=7187
0:9-2:TR1: ABCK ti=1 L=7104 seqmm=7095 chkmm=0 rows=7104
0:9-4:TR1: ABCK ti=1 L=7408 seqmm=7399 chkmm=0 rows=7408
0:9-5:TR1: ABCK ti=1 L=7476 seqmm=7467 chkmm=0 rows=7476
0:9-6:TR1: ABCK ti=1 L=7482 seqmm=6488 chkmm=1 rows=7482
0:10-6:TR1: ABCK ti=1 L=7876 seqmm=7867 chkmm=0 rows=7876
0:5-8:TR1: ABCK ti=0 L=11288 seqmm=11287 chkmm=11288 rows=11288
0:5-9:TR1: ABCK ti=0 L=11278 seqmm=11277 chkmm=11278 rows=11278
0:8-3:TR1: ABCK ti=1 L=6853 seqmm=6523 chkmm=0 rows=6853
0:8-6:TR1: ABCK ti=1 L=6948 seqmm=6782 chkmm=1 rows=6948
0:9-3:TR1: ABCK ti=1 L=7248 seqmm=7227 chkmm=0 rows=7248
0:5-4:TR1: ABCK ti=0 L=11724 seqmm=11723 chkmm=11724 rows=11724
0:5-5:TR1: ABCK ti=0 L=11647 seqmm=11646 chkmm=11647 rows=11647
0:5-6:TR1: ABCK ti=0 L=11592 seqmm=11591 chkmm=11592 rows=11592
0:5-7:TR1: ABCK ti=0 L=11563 seqmm=11562 chkmm=11563 rows=11563
0:7-5:TR1: ABCK ti=1 L=6466 seqmm=6308 chkmm=2 rows=6466
0:7-7:TR1: ABCK ti=1 L=6501 seqmm=6476 chkmm=0 rows=6501
0:7-8:TR1: ABCK ti=1 L=6613 seqmm=6448 chkmm=6 rows=6613
0:7-9:TR1: ABCK ti=1 L=6495 seqmm=6051 chkmm=4 rows=6495
0:8-0:TR1: ABCK ti=1 L=6698 seqmm=6231 chkmm=0 rows=6698
0:8-7:TR1: ABCK ti=1 L=6963 seqmm=6950 chkmm=1 rows=6963
0:8-8:TR1: ABCK ti=1 L=7128 seqmm=7118 chkmm=0 rows=7128
0:9-1:TR1: ABCK ti=1 L=7214 seqmm=7155 chkmm=1 rows=7214
0:4-8:TR1: ABCK ti=0 L=12064 seqmm=12063 chkmm=12064 rows=12064
0:4-9:TR1: ABCK ti=0 L=12013 seqmm=12012 chkmm=12013 rows=12013
0:5-0:TR1: ABCK ti=0 L=11951 seqmm=11950 chkmm=11951 rows=11951
0:5-1:TR1: ABCK ti=0 L=11934 seqmm=11933 chkmm=11934 rows=11934
0:5-2:TR1: ABCK ti=0 L=11905 seqmm=11904 chkmm=11905 rows=11905
0:5-3:TR1: ABCK ti=0 L=11903 seqmm=11902 chkmm=11903 rows=11903
0:7-3:TR1: ABCK ti=1 L=6382 seqmm=6372 chkmm=0 rows=6382
0:7-6:TR1: ABCK ti=1 L=6623 seqmm=6443 chkmm=1 rows=6623
0:8-1:TR1: ABCK ti=1 L=6771 seqmm=6750 chkmm=1 rows=6771
0:8-2:TR1: ABCK ti=1 L=6752 seqmm=6472 chkmm=2 rows=6752
0:10-2:TR1: ABCK ti=2 L=4987 seqmm=4974 chkmm=0 rows=4987
0:10-4:TR1: ABCK ti=2 L=4577 seqmm=4553 chkmm=0 rows=4577
0:10-7:TR1: ABCK ti=2 L=4729 seqmm=4652 chkmm=4 rows=4729
0:10-8:TR1: ABCK ti=2 L=4805 seqmm=4794 chkmm=0 rows=4805
0:10-9:TR1: ABCK ti=2 L=4612 seqmm=4577 chkmm=0 rows=4612
0:4-6:TR1: ABCK ti=0 L=12151 seqmm=12150 chkmm=12151 rows=12151
0:4-7:TR1: ABCK ti=0 L=12136 seqmm=12135 chkmm=12136 rows=12136
0:6-8:TR1: ABCK ti=1 L=6283 seqmm=6188 chkmm=2 rows=6283
0:6-9:TR1: ABCK ti=1 L=6337 seqmm=6250 chkmm=1 rows=6337
0:7-0:TR1: ABCK ti=1 L=6308 seqmm=6297 chkmm=1 rows=6308
0:7-2:TR1: ABCK ti=1 L=6494 seqmm=6463 chkmm=1 rows=6494
0:7-4:TR1: ABCK ti=1 L=6438 seqmm=6429 chkmm=0 rows=6438
0:10-0:TR1: ABCK ti=2 L=4896 seqmm=4883 chkmm=0 rows=4896
0:10-3:TR1: ABCK ti=2 L=4844 seqmm=4639 chkmm=6 rows=4844
0:10-5:TR1: ABCK ti=2 L=4740 seqmm=4371 chkmm=3 rows=4740
0:4-5:TR1: ABCK ti=0 L=12390 seqmm=12389 chkmm=12390 rows=12390
0:6-3:TR1: ABCK ti=1 L=6081 seqmm=6071 chkmm=0 rows=6081
0:6-4:TR1: ABCK ti=1 L=6176 seqmm=5989 chkmm=1 rows=6176
0:6-7:TR1: ABCK ti=1 L=6286 seqmm=6125 chkmm=7 rows=6286
0:7-1:TR1: ABCK ti=1 L=6418 seqmm=6405 chkmm=2 rows=6418
0:9-6:TR1: ABCK ti=2 L=4496 seqmm=4384 chkmm=1 rows=4496
0:9-7:TR1: ABCK ti=2 L=4756 seqmm=4743 chkmm=0 rows=4756
0:10-1:TR1: ABCK ti=2 L=4999 seqmm=4989 chkmm=0 rows=4999
0:10-2:TR1: ABCK ti=3 L=3532 seqmm=3512 chkmm=0 rows=3532
0:10-4:TR1: ABCK ti=3 L=3475 seqmm=3452 chkmm=0 rows=3475
0:10-6:TR1: ABCK ti=2 L=4744 seqmm=4735 chkmm=1 rows=4744
0:10-8:TR1: ABCK ti=3 L=3360 seqmm=3347 chkmm=0 rows=3360
0:10-9:TR1: ABCK ti=3 L=3361 seqmm=3352 chkmm=0 rows=3361
0:4-0:TR1: ABCK ti=0 L=12920 seqmm=12919 chkmm=12920 rows=12920
0:4-1:TR1: ABCK ti=0 L=12951 seqmm=12950 chkmm=12951 rows=12951
0:4-2:TR1: ABCK ti=0 L=12947 seqmm=12946 chkmm=12947 rows=12947
0:4-3:TR1: ABCK ti=0 L=12811 seqmm=12810 chkmm=12811 rows=12811
0:4-4:TR1: ABCK ti=0 L=12691 seqmm=12690 chkmm=12691 rows=12691
0:5-8:TR1: ABCK ti=1 L=6084 seqmm=5953 chkmm=0 rows=6084
0:6-0:TR1: ABCK ti=1 L=6113 seqmm=6104 chkmm=0 rows=6113
0:6-1:TR1: ABCK ti=1 L=6053 seqmm=6021 chkmm=0 rows=6053
0:6-2:TR1: ABCK ti=1 L=6286 seqmm=6277 chkmm=0 rows=6286
0:6-5:TR1: ABCK ti=1 L=6244 seqmm=6122 chkmm=0 rows=6244
0:6-6:TR1: ABCK ti=1 L=6249 seqmm=5806 chkmm=5 rows=6249
0:8-3:TR1: ABCK ti=2 L=4665 seqmm=4580 chkmm=1 rows=4665
0:8-4:TR1: ABCK ti=2 L=4583 seqmm=4570 chkmm=0 rows=4583
0:8-5:TR1: ABCK ti=2 L=4475 seqmm=4463 chkmm=0 rows=4475
0:8-6:TR1: ABCK ti=2 L=4644 seqmm=4635 chkmm=0 rows=4644
0:8-9:TR1: ABCK ti=2 L=4487 seqmm=4478 chkmm=1 rows=4487
0:9-0:TR1: ABCK ti=2 L=4686 seqmm=4674 chkmm=0 rows=4686
0:9-2:TR1: ABCK ti=2 L=4675 seqmm=4658 chkmm=1 rows=4675
0:9-4:TR1: ABCK ti=2 L=4567 seqmm=4557 chkmm=0 rows=4567
0:9-5:TR1: ABCK ti=2 L=4462 seqmm=4238 chkmm=2 rows=4462
0:9-8:TR1: ABCK ti=2 L=4740 seqmm=4547 chkmm=1 rows=4740
0:9-9:TR1: ABCK ti=2 L=4728 seqmm=4718 chkmm=0 rows=4728
0:10-0:TR1: ABCK ti=3 L=3591 seqmm=3580 chkmm=0 rows=3591
0:10-3:TR1: ABCK ti=3 L=3671 seqmm=3660 chkmm=0 rows=3671
0:10-5:TR1: ABCK ti=3 L=3424 seqmm=3412 chkmm=0 rows=3424
0:10-7:TR1: ABCK ti=3 L=3755 seqmm=3715 chkmm=0 rows=3755
0:3-8:TR1: ABCK ti=0 L=13182 seqmm=13181 chkmm=13182 rows=13182
0:3-9:TR1: ABCK ti=0 L=12975 seqmm=12974 chkmm=12975 rows=12975
0:5-5:TR1: ABCK ti=1 L=5918 seqmm=5907 chkmm=0 rows=5918
0:5-7:TR1: ABCK ti=1 L=5947 seqmm=5836 chkmm=2 rows=5947
0:5-9:TR1: ABCK ti=1 L=6087 seqmm=6077 chkmm=0 rows=6087
0:7-7:TR1: ABCK ti=2 L=4512 seqmm=4503 chkmm=0 rows=4512
0:7-8:TR1: ABCK ti=2 L=4618 seqmm=4606 chkmm=0 rows=4618
0:7-9:TR1: ABCK ti=2 L=4686 seqmm=4677 chkmm=0 rows=4686
0:8-7:TR1: ABCK ti=2 L=4548 seqmm=4467 chkmm=1 rows=4548
0:9-3:TR1: ABCK ti=2 L=4759 seqmm=4505 chkmm=3 rows=4759
0:9-7:TR1: ABCK ti=3 L=3522 seqmm=3512 chkmm=0 rows=3522
0:10-1:TR1: ABCK ti=3 L=3624 seqmm=3614 chkmm=0 rows=3624
0:3-4:TR1: ABCK ti=0 L=13607 seqmm=13606 chkmm=13607 rows=13607
0:3-5:TR1: ABCK ti=0 L=13447 seqmm=13446 chkmm=13447 rows=13447
0:3-6:TR1: ABCK ti=0 L=13434 seqmm=13433 chkmm=13434 rows=13434
0:3-7:TR1: ABCK ti=0 L=13293 seqmm=13292 chkmm=13293 rows=13293
0:5-2:TR1: ABCK ti=1 L=5861 seqmm=5851 chkmm=0 rows=5861
0:5-3:TR1: ABCK ti=1 L=5834 seqmm=5825 chkmm=0 rows=5834
0:5-4:TR1: ABCK ti=1 L=5916 seqmm=5812 chkmm=1 rows=5916
0:5-6:TR1: ABCK ti=1 L=5970 seqmm=5961 chkmm=0 rows=5970
0:7-3:TR1: ABCK ti=2 L=4426 seqmm=4346 chkmm=0 rows=4426
0:7-5:TR1: ABCK ti=2 L=4605 seqmm=4494 chkmm=1 rows=4605
0:7-6:TR1: ABCK ti=2 L=4418 seqmm=4393 chkmm=0 rows=4418
0:8-0:TR1: ABCK ti=2 L=4588 seqmm=4575 chkmm=0 rows=4588
0:8-1:TR1: ABCK ti=2 L=4527 seqmm=4509 chkmm=1 rows=4527
0:8-2:TR1: ABCK ti=2 L=4580 seqmm=4063 chkmm=2 rows=4580
0:8-3:TR1: ABCK ti=3 L=3481 seqmm=3459 chkmm=0 rows=3481
0:8-4:TR1: ABCK ti=3 L=3353 seqmm=3324 chkmm=1 rows=3353
0:8-5:TR1: ABCK ti=3 L=3306 seqmm=3285 chkmm=1 rows=3306
0:8-6:TR1: ABCK ti=3 L=3410 seqmm=3365 chkmm=0 rows=3410
0:8-8:TR1: ABCK ti=2 L=4578 seqmm=4566 chkmm=0 rows=4578
0:8-9:TR1: ABCK ti=3 L=3189 seqmm=3179 chkmm=0 rows=3189
0:9-0:TR1: ABCK ti=3 L=3525 seqmm=3513 chkmm=0 rows=3525
0:9-1:TR1: ABCK ti=2 L=4701 seqmm=4691 chkmm=0 rows=4701
0:9-4:TR1: ABCK ti=3 L=3431 seqmm=3421 chkmm=0 rows=3431
0:9-6:TR1: ABCK ti=3 L=3565 seqmm=3554 chkmm=0 rows=3565
0:9-8:TR1: ABCK ti=3 L=3630 seqmm=3592 chkmm=2 rows=3630
0:9-9:TR1: ABCK ti=3 L=3728 seqmm=3718 chkmm=0 rows=3728
0:10-4:TR1: ABCK ti=4 L=2315 seqmm=2306 chkmm=0 rows=2315
0:10-6:TR1: ABCK ti=3 L=3455 seqmm=3446 chkmm=0 rows=3455
0:10-9:TR1: ABCK ti=4 L=2457 seqmm=2448 chkmm=0 rows=2457
0:3-1:TR1: ABCK ti=0 L=13926 seqmm=13925 chkmm=13926 rows=13926
0:3-2:TR1: ABCK ti=0 L=13794 seqmm=13793 chkmm=13794 rows=13794
0:3-3:TR1: ABCK ti=0 L=13671 seqmm=13670 chkmm=13671 rows=13671
0:4-7:TR1: ABCK ti=1 L=5802 seqmm=5793 chkmm=0 rows=5802
0:4-8:TR1: ABCK ti=1 L=5830 seqmm=5770 chkmm=1 rows=5830
0:4-9:TR1: ABCK ti=1 L=5951 seqmm=5807 chkmm=1 rows=5951
0:5-0:TR1: ABCK ti=1 L=5914 seqmm=5818 chkmm=0 rows=5914
0:6-4:TR1: ABCK ti=2 L=4369 seqmm=4194 chkmm=0 rows=4369
0:6-8:TR1: ABCK ti=2 L=4434 seqmm=4393 chkmm=0 rows=4434
0:6-9:TR1: ABCK ti=2 L=4399 seqmm=4333 chkmm=2 rows=4399
0:7-0:TR1: ABCK ti=2 L=4506 seqmm=4496 chkmm=0 rows=4506
0:7-4:TR1: ABCK ti=2 L=4461 seqmm=4451 chkmm=0 rows=4461
0:7-5:TR1: ABCK ti=3 L=3295 seqmm=3285 chkmm=0 rows=3295
0:7-7:TR1: ABCK ti=3 L=3303 seqmm=3293 chkmm=0 rows=3303
0:7-8:TR1: ABCK ti=3 L=3312 seqmm=3303 chkmm=0 rows=3312
0:7-9:TR1: ABCK ti=3 L=3229 seqmm=3218 chkmm=0 rows=3229
0:8-0:TR1: ABCK ti=3 L=3340 seqmm=3331 chkmm=0 rows=3340
0:8-7:TR1: ABCK ti=3 L=3415 seqmm=3396 chkmm=0 rows=3415
0:9-2:TR1: ABCK ti=3 L=3565 seqmm=3556 chkmm=0 rows=3565
0:9-3:TR1: ABCK ti=3 L=3374 seqmm=3357 chkmm=0 rows=3374
0:9-5:TR1: ABCK ti=3 L=3518 seqmm=3507 chkmm=0 rows=3518
0:10-2:TR1: ABCK ti=4 L=2367 seqmm=2312 chkmm=0 rows=2367
0:10-3:TR1: ABCK ti=4 L=2257 seqmm=2246 chkmm=0 rows=2257
0:10-4:TR1: ABCK ti=5 L=1795 seqmm=1780 chkmm=1 rows=1795
0:10-4:TR1: ABCK ti=6 L=731 seqmm=722 chkmm=0 rows=731
0:10-5:TR1: ABCK ti=4 L=2423 seqmm=2408 chkmm=0 rows=2423
0:10-7:TR1: ABCK ti=4 L=2324 seqmm=2303 chkmm=0 rows=2324
0:10-8:TR1: ABCK ti=4 L=2418 seqmm=2408 chkmm=0 rows=2418
0:10-8:TR1: ABCK ti=5 L=1557 seqmm=1545 chkmm=0 rows=1557
0:10-9:TR1: ABCK ti=5 L=1845 seqmm=1836 chkmm=0 rows=1845
0:2-6:TR1: ABCK ti=0 L=14272 seqmm=14271 chkmm=14272 rows=14272
0:2-8:TR1: ABCK ti=0 L=14075 seqmm=14074 chkmm=14075 rows=14075
0:2-9:TR1: ABCK ti=0 L=14050 seqmm=14049 chkmm=14050 rows=14050
0:3-0:TR1: ABCK ti=0 L=13977 seqmm=13976 chkmm=13977 rows=13977
0:4-4:TR1: ABCK ti=1 L=5767 seqmm=5744 chkmm=0 rows=5767
0:4-5:TR1: ABCK ti=1 L=5859 seqmm=5843 chkmm=0 rows=5859
0:4-6:TR1: ABCK ti=1 L=5863 seqmm=5854 chkmm=0 rows=5863
0:5-1:TR1: ABCK ti=1 L=5931 seqmm=5873 chkmm=1 rows=5931
0:6-3:TR1: ABCK ti=2 L=4386 seqmm=4334 chkmm=1 rows=4386
0:6-6:TR1: ABCK ti=2 L=4477 seqmm=4464 chkmm=0 rows=4477
0:6-7:TR1: ABCK ti=2 L=4415 seqmm=4399 chkmm=0 rows=4415
0:7-2:TR1: ABCK ti=2 L=4432 seqmm=4408 chkmm=1 rows=4432
0:7-3:TR1: ABCK ti=3 L=3248 seqmm=3236 chkmm=0 rows=3248
0:7-6:TR1: ABCK ti=3 L=3603 seqmm=3572 chkmm=0 rows=3603
0:8-1:TR1: ABCK ti=3 L=3295 seqmm=3269 chkmm=0 rows=3295
0:8-2:TR1: ABCK ti=3 L=3264 seqmm=3254 chkmm=0 rows=3264
0:8-8:TR1: ABCK ti=3 L=3255 seqmm=3246 chkmm=0 rows=3255
0:9-1:TR1: ABCK ti=3 L=3271 seqmm=3261 chkmm=0 rows=3271
0:9-7:TR1: ABCK ti=4 L=2350 seqmm=2294 chkmm=0 rows=2350
0:10-0:TR1: ABCK ti=4 L=2286 seqmm=2272 chkmm=0 rows=2286
0:10-1:TR1: ABCK ti=4 L=2314 seqmm=2305 chkmm=0 rows=2314
0:10-2:TR1: ABCK ti=5 L=1738 seqmm=1728 chkmm=0 rows=1738
0:10-3:TR1: ABCK ti=5 L=1774 seqmm=1765 chkmm=0 rows=1774
0:10-5:TR1: ABCK ti=5 L=1830 seqmm=1821 chkmm=0 rows=1830
0:10-7:TR1: ABCK ti=5 L=1893 seqmm=1884 chkmm=1 rows=1893
0:10-8:TR1: ABCK ti=6 L=1094 seqmm=1082 chkmm=0 rows=1094
0:10-9:TR1: ABCK ti=6 L=790 seqmm=781 chkmm=1 rows=790
0:2-4:TR1: ABCK ti=0 L=14614 seqmm=14613 chkmm=14614 rows=14614
0:2-5:TR1: ABCK ti=0 L=14438 seqmm=14437 chkmm=14438 rows=14438
0:2-7:TR1: ABCK ti=0 L=14298 seqmm=14297 chkmm=14298 rows=14298
0:4-0:TR1: ABCK ti=1 L=5671 seqmm=5660 chkmm=0 rows=5671
0:4-1:TR1: ABCK ti=1 L=5687 seqmm=5673 chkmm=1 rows=5687
0:4-2:TR1: ABCK ti=1 L=5639 seqmm=5626 chkmm=0 rows=5639
0:4-3:TR1: ABCK ti=1 L=5740 seqmm=5729 chkmm=0 rows=5740
0:5-7:TR1: ABCK ti=2 L=4296 seqmm=4278 chkmm=0 rows=4296
0:5-8:TR1: ABCK ti=2 L=4345 seqmm=4314 chkmm=2 rows=4345
0:6-0:TR1: ABCK ti=2 L=4259 seqmm=4216 chkmm=1 rows=4259
0:6-1:TR1: ABCK ti=2 L=4414 seqmm=4353 chkmm=2 rows=4414
0:6-2:TR1: ABCK ti=2 L=4257 seqmm=4176 chkmm=2 rows=4257
0:6-3:TR1: ABCK ti=3 L=3133 seqmm=3124 chkmm=0 rows=3133
0:6-4:TR1: ABCK ti=3 L=3159 seqmm=3150 chkmm=0 rows=3159
0:6-8:TR1: ABCK ti=3 L=3124 seqmm=3113 chkmm=0 rows=3124
0:6-9:TR1: ABCK ti=3 L=3151 seqmm=3142 chkmm=0 rows=3151
0:7-0:TR1: ABCK ti=3 L=3214 seqmm=3199 chkmm=0 rows=3214
0:7-1:TR1: ABCK ti=2 L=4505 seqmm=4496 chkmm=0 rows=4505
0:7-2:TR1: ABCK ti=3 L=3297 seqmm=3288 chkmm=0 rows=3297
0:7-4:TR1: ABCK ti=3 L=3545 seqmm=3535 chkmm=0 rows=3545
0:8-3:TR1: ABCK ti=4 L=2326 seqmm=2314 chkmm=0 rows=2326
0:8-4:TR1: ABCK ti=4 L=2473 seqmm=2452 chkmm=0 rows=2473
0:8-5:TR1: ABCK ti=4 L=2576 seqmm=2565 chkmm=0 rows=2576
0:8-6:TR1: ABCK ti=4 L=2372 seqmm=2351 chkmm=0 rows=2372
0:8-6:TR1: ABCK ti=5 L=1657 seqmm=1590 chkmm=1 rows=1657
0:8-9:TR1: ABCK ti=4 L=2496 seqmm=2487 chkmm=0 rows=2496
0:9-4:TR1: ABCK ti=4 L=2449 seqmm=2438 chkmm=0 rows=2449
0:9-4:TR1: ABCK ti=5 L=1806 seqmm=1796 chkmm=0 rows=1806
0:9-6:TR1: ABCK ti=4 L=2362 seqmm=2334 chkmm=1 rows=2362
0:9-7:TR1: ABCK ti=5 L=1724 seqmm=1714 chkmm=1 rows=1724
0:9-8:TR1: ABCK ti=4 L=2206 seqmm=2195 chkmm=0 rows=2206
0:9-8:TR1: ABCK ti=5 L=1508 seqmm=1499 chkmm=0 rows=1508
0:9-9:TR1: ABCK ti=4 L=2274 seqmm=2263 chkmm=0 rows=2274
0:10-0:TR1: ABCK ti=5 L=1914 seqmm=1901 chkmm=0 rows=1914
0:10-0:TR1: ABCK ti=6 L=645 seqmm=634 chkmm=0 rows=645
0:10-1:TR1: ABCK ti=5 L=1733 seqmm=1722 chkmm=0 rows=1733
0:10-2:TR1: ABCK ti=6 L=992 seqmm=983 chkmm=0 rows=992
0:10-3:TR1: ABCK ti=6 L=640 seqmm=630 chkmm=0 rows=640
0:10-4:TR1: ABCK ti=7 L=345 seqmm=333 chkmm=1 rows=345
0:10-4:TR1: ABCK ti=8 L=224 seqmm=209 chkmm=0 rows=224
0:10-5:TR1: ABCK ti=6 L=1037 seqmm=1028 chkmm=0 rows=1037
0:10-6:TR1: ABCK ti=4 L=2291 seqmm=2269 chkmm=2 rows=2291
0:10-7:TR1: ABCK ti=6 L=691 seqmm=673 chkmm=1 rows=691
0:10-9:TR1: ABCK ti=7 L=305 seqmm=296 chkmm=0 rows=305
0:10-9:TR1: ABCK ti=8 L=234 seqmm=222 chkmm=0 rows=234
0:2-2:TR1: ABCK ti=0 L=14704 seqmm=14703 chkmm=14704 rows=14704
0:2-3:TR1: ABCK ti=0 L=14877 seqmm=14876 chkmm=14877 rows=14877
0:3-8:TR1: ABCK ti=1 L=5645 seqmm=5580 chkmm=1 rows=5645
0:3-9:TR1: ABCK ti=1 L=5672 seqmm=5357 chkmm=2 rows=5672
0:5-2:TR1: ABCK ti=2 L=4252 seqmm=4126 chkmm=2 rows=4252
0:5-3:TR1: ABCK ti=2 L=4196 seqmm=4186 chkmm=0 rows=4196
0:5-4:TR1: ABCK ti=2 L=4176 seqmm=4166 chkmm=0 rows=4176
0:5-5:TR1: ABCK ti=2 L=4285 seqmm=4226 chkmm=0 rows=4285
0:5-6:TR1: ABCK ti=2 L=4163 seqmm=4106 chkmm=0 rows=4163
0:5-8:TR1: ABCK ti=3 L=3071 seqmm=3037 chkmm=0 rows=3071
0:5-9:TR1: ABCK ti=2 L=4245 seqmm=4236 chkmm=0 rows=4245
0:6-0:TR1: ABCK ti=3 L=3085 seqmm=2940 chkmm=3 rows=3085
0:6-1:TR1: ABCK ti=3 L=3062 seqmm=3036 chkmm=0 rows=3062
0:6-2:TR1: ABCK ti=3 L=3109 seqmm=3048 chkmm=2 rows=3109
0:6-5:TR1: ABCK ti=2 L=4463 seqmm=4333 chkmm=0 rows=4463
0:6-6:TR1: ABCK ti=3 L=3165 seqmm=3156 chkmm=0 rows=3165
0:6-7:TR1: ABCK ti=3 L=3142 seqmm=3133 chkmm=0 rows=3142
0:7-1:TR1: ABCK ti=3 L=3245 seqmm=3217 chkmm=1 rows=3245
0:7-3:TR1: ABCK ti=4 L=2410 seqmm=2400 chkmm=0 rows=2410
0:7-5:TR1: ABCK ti=4 L=2363 seqmm=2354 chkmm=0 rows=2363
0:7-7:TR1: ABCK ti=4 L=2573 seqmm=2472 chkmm=1 rows=2573
0:7-7:TR1: ABCK ti=5 L=1554 seqmm=1545 chkmm=0 rows=1554
0:7-8:TR1: ABCK ti=4 L=2532 seqmm=2490 chkmm=0 rows=2532
0:7-9:TR1: ABCK ti=4 L=2632 seqmm=2617 chkmm=1 rows=2632
0:7-9:TR1: ABCK ti=5 L=1521 seqmm=1512 chkmm=0 rows=1521
0:8-3:TR1: ABCK ti=5 L=1615 seqmm=1605 chkmm=0 rows=1615
0:8-4:TR1: ABCK ti=5 L=1824 seqmm=1814 chkmm=0 rows=1824
0:8-4:TR1: ABCK ti=6 L=820 seqmm=809 chkmm=0 rows=820
0:8-5:TR1: ABCK ti=5 L=1739 seqmm=1728 chkmm=0 rows=1739
0:8-6:TR1: ABCK ti=6 L=902 seqmm=892 chkmm=0 rows=902
0:8-7:TR1: ABCK ti=4 L=2392 seqmm=2383 chkmm=0 rows=2392
0:8-9:TR1: ABCK ti=5 L=1912 seqmm=1900 chkmm=0 rows=1912
0:8-9:TR1: ABCK ti=6 L=652 seqmm=642 chkmm=0 rows=652
0:9-0:TR1: ABCK ti=4 L=2330 seqmm=2321 chkmm=0 rows=2330
0:9-0:TR1: ABCK ti=5 L=1435 seqmm=1419 chkmm=2 rows=1435
0:9-2:TR1: ABCK ti=4 L=2383 seqmm=2371 chkmm=0 rows=2383
0:9-2:TR1: ABCK ti=5 L=1709 seqmm=1697 chkmm=0 rows=1709
0:9-3:TR1: ABCK ti=4 L=2284 seqmm=2259 chkmm=0 rows=2284
0:9-4:TR1: ABCK ti=6 L=910 seqmm=901 chkmm=0 rows=910
0:9-5:TR1: ABCK ti=4 L=2246 seqmm=2221 chkmm=0 rows=2246
0:9-6:TR1: ABCK ti=5 L=1522 seqmm=1512 chkmm=0 rows=1522
0:9-7:TR1: ABCK ti=6 L=1330 seqmm=1302 chkmm=1 rows=1330
0:9-8:TR1: ABCK ti=6 L=932 seqmm=923 chkmm=0 rows=932
0:9-9:TR1: ABCK ti=5 L=1799 seqmm=1772 chkmm=1 rows=1799
0:9-9:TR1: ABCK ti=6 L=758 seqmm=747 chkmm=0 rows=758
0:10-1:TR1: ABCK ti=6 L=1213 seqmm=1204 chkmm=0 rows=1213
0:10-2:TR1: ABCK ti=7 L=401 seqmm=344 chkmm=0 rows=401
0:10-2:TR1: ABCK ti=8 L=272 seqmm=263 chkmm=0 rows=272
0:10-3:TR1: ABCK ti=7 L=320 seqmm=311 chkmm=0 rows=320
0:10-3:TR1: ABCK ti=8 L=207 seqmm=195 chkmm=0 rows=207
0:10-4:TR1: ABCK ti=9 L=114 seqmm=104 chkmm=0 rows=114
0:10-6:TR1: ABCK ti=5 L=1728 seqmm=1719 chkmm=0 rows=1728
0:10-7:TR1: ABCK ti=7 L=360 seqmm=351 chkmm=0 rows=360
0:10-7:TR1: ABCK ti=8 L=273 seqmm=261 chkmm=0 rows=273
0:10-8:TR1: ABCK ti=7 L=356 seqmm=347 chkmm=0 rows=356
0:10-8:TR1: ABCK ti=8 L=374 seqmm=363 chkmm=0 rows=374
0:10-9:TR1: ABCK ti=9 L=206 seqmm=197 chkmm=0 rows=206
0:1-8:TR1: ABCK ti=0 L=15294 seqmm=15293 chkmm=15294 rows=15294
0:1-9:TR1: ABCK ti=0 L=15327 seqmm=15326 chkmm=15327 rows=15327
0:2-0:TR1: ABCK ti=0 L=15137 seqmm=15136 chkmm=15137 rows=15137
0:2-1:TR1: ABCK ti=0 L=15033 seqmm=15032 chkmm=15033 rows=15033
0:3-0:TR1: ABCK ti=1 L=5585 seqmm=5561 chkmm=1 rows=5585
0:3-2:TR1: ABCK ti=1 L=5604 seqmm=5580 chkmm=0 rows=5604
0:3-3:TR1: ABCK ti=1 L=5565 seqmm=5476 chkmm=1 rows=5565
0:3-4:TR1: ABCK ti=1 L=5623 seqmm=5606 chkmm=2 rows=5623
0:3-5:TR1: ABCK ti=1 L=5567 seqmm=5544 chkmm=1 rows=5567
0:3-6:TR1: ABCK ti=1 L=5571 seqmm=5560 chkmm=0 rows=5571
0:3-7:TR1: ABCK ti=1 L=5639 seqmm=5613 chkmm=1 rows=5639
0:4-8:TR1: ABCK ti=2 L=4118 seqmm=4098 chkmm=0 rows=4118
0:4-9:TR1: ABCK ti=2 L=4146 seqmm=4137 chkmm=0 rows=4146
0:5-0:TR1: ABCK ti=2 L=4188 seqmm=4133 chkmm=0 rows=4188
0:5-3:TR1: ABCK ti=3 L=2884 seqmm=2874 chkmm=0 rows=2884
0:5-4:TR1: ABCK ti=3 L=3000 seqmm=2988 chkmm=1 rows=3000
0:5-5:TR1: ABCK ti=3 L=3005 seqmm=2995 chkmm=0 rows=3005
0:5-7:TR1: ABCK ti=3 L=3009 seqmm=3000 chkmm=0 rows=3009
0:5-9:TR1: ABCK ti=3 L=3117 seqmm=3108 chkmm=0 rows=3117
0:7-3:TR1: ABCK ti=5 L=1905 seqmm=1896 chkmm=0 rows=1905
0:7-5:TR1: ABCK ti=5 L=1817 seqmm=1808 chkmm=0 rows=1817
0:7-5:TR1: ABCK ti=6 L=843 seqmm=832 chkmm=0 rows=843
0:7-6:TR1: ABCK ti=4 L=2222 seqmm=2212 chkmm=0 rows=2222
0:7-7:TR1: ABCK ti=6 L=1101 seqmm=1082 chkmm=0 rows=1101
0:7-8:TR1: ABCK ti=5 L=1934 seqmm=1899 chkmm=1 rows=1934
0:8-0:TR1: ABCK ti=4 L=2581 seqmm=2572 chkmm=0 rows=2581
0:8-1:TR1: ABCK ti=4 L=2504 seqmm=2495 chkmm=0 rows=2504
0:8-1:TR1: ABCK ti=5 L=1511 seqmm=1501 chkmm=0 rows=1511
0:8-2:TR1: ABCK ti=4 L=2604 seqmm=2595 chkmm=0 rows=2604
0:8-3:TR1: ABCK ti=6 L=979 seqmm=969 chkmm=0 rows=979
0:8-5:TR1: ABCK ti=6 L=947 seqmm=918 chkmm=0 rows=947
0:8-7:TR1: ABCK ti=5 L=1665 seqmm=1654 chkmm=0 rows=1665
0:8-8:TR1: ABCK ti=4 L=2566 seqmm=2557 chkmm=0 rows=2566
0:8-8:TR1: ABCK ti=5 L=1625 seqmm=1614 chkmm=0 rows=1625
0:9-0:TR1: ABCK ti=6 L=1054 seqmm=1043 chkmm=0 rows=1054
0:9-1:TR1: ABCK ti=4 L=2610 seqmm=2601 chkmm=0 rows=2610
0:9-2:TR1: ABCK ti=6 L=1114 seqmm=1105 chkmm=0 rows=1114
0:9-3:TR1: ABCK ti=5 L=1483 seqmm=1474 chkmm=0 rows=1483
0:9-5:TR1: ABCK ti=5 L=1741 seqmm=1727 chkmm=0 rows=1741
0:9-6:TR1: ABCK ti=6 L=1259 seqmm=1233 chkmm=0 rows=1259
0:9-7:TR1: ABCK ti=7 L=519 seqmm=509 chkmm=0 rows=519
0:9-7:TR1: ABCK ti=8 L=222 seqmm=209 chkmm=0 rows=222
0:10-0:TR1: ABCK ti=7 L=311 seqmm=301 chkmm=0 rows=311
0:10-0:TR1: ABCK ti=8 L=236 seqmm=225 chkmm=0 rows=236
0:10-1:TR1: ABCK ti=7 L=316 seqmm=290 chkmm=0 rows=316
0:10-1:TR1: ABCK ti=8 L=277 seqmm=266 chkmm=1 rows=277
0:10-2:TR1: ABCK ti=9 L=127 seqmm=100 chkmm=0 rows=127
0:10-3:TR1: ABCK ti=9 L=112 seqmm=100 chkmm=0 rows=112
0:10-5:TR1: ABCK ti=7 L=472 seqmm=459 chkmm=0 rows=472
0:10-5:TR1: ABCK ti=8 L=215 seqmm=202 chkmm=1 rows=215
0:10-6:TR1: ABCK ti=6 L=1046 seqmm=1036 chkmm=0 rows=1046
0:10-7:TR1: ABCK ti=9 L=201 seqmm=190 chkmm=0 rows=201
0:1-6:TR1: ABCK ti=0 L=15558 seqmm=15557 chkmm=15558 rows=15558
0:1-7:TR1: ABCK ti=0 L=15442 seqmm=15441 chkmm=15442 rows=15442
0:2-8:TR1: ABCK ti=1 L=5495 seqmm=5428 chkmm=2 rows=5495
0:2-9:TR1: ABCK ti=1 L=5532 seqmm=5469 chkmm=1 rows=5532
0:3-1:TR1: ABCK ti=1 L=5510 seqmm=5501 chkmm=0 rows=5510
0:4-5:TR1: ABCK ti=2 L=4092 seqmm=4060 chkmm=0 rows=4092
0:4-6:TR1: ABCK ti=2 L=4118 seqmm=4109 chkmm=0 rows=4118
0:4-7:TR1: ABCK ti=2 L=4149 seqmm=4117 chkmm=0 rows=4149
0:4-8:TR1: ABCK ti=3 L=3045 seqmm=3036 chkmm=0 rows=3045
0:4-9:TR1: ABCK ti=3 L=2933 seqmm=2923 chkmm=0 rows=2933
0:5-0:TR1: ABCK ti=3 L=2989 seqmm=2978 chkmm=0 rows=2989
0:5-2:TR1: ABCK ti=3 L=3023 seqmm=3012 chkmm=0 rows=3023
0:5-6:TR1: ABCK ti=3 L=3100 seqmm=3089 chkmm=0 rows=3100
0:6-3:TR1: ABCK ti=4 L=2240 seqmm=2209 chkmm=0 rows=2240
0:6-4:TR1: ABCK ti=4 L=2575 seqmm=2565 chkmm=0 rows=2575
0:6-4:TR1: ABCK ti=5 L=1603 seqmm=1590 chkmm=1 rows=1603
0:6-5:TR1: ABCK ti=3 L=3152 seqmm=3142 chkmm=0 rows=3152
0:6-7:TR1: ABCK ti=4 L=2580 seqmm=2571 chkmm=0 rows=2580
0:6-8:TR1: ABCK ti=4 L=2521 seqmm=2511 chkmm=0 rows=2521
0:6-8:TR1: ABCK ti=5 L=1763 seqmm=1728 chkmm=0 rows=1763
0:6-9:TR1: ABCK ti=4 L=2460 seqmm=2408 chkmm=0 rows=2460
0:7-0:TR1: ABCK ti=4 L=2489 seqmm=2456 chkmm=1 rows=2489
0:7-3:TR1: ABCK ti=6 L=705 seqmm=695 chkmm=0 rows=705
0:7-6:TR1: ABCK ti=5 L=1624 seqmm=1575 chkmm=0 rows=1624
0:7-8:TR1: ABCK ti=6 L=843 seqmm=830 chkmm=0 rows=843
0:7-9:TR1: ABCK ti=6 L=1193 seqmm=1165 chkmm=2 rows=1193
0:8-0:TR1: ABCK ti=5 L=1922 seqmm=1913 chkmm=0 rows=1922
0:8-0:TR1: ABCK ti=6 L=798 seqmm=789 chkmm=0 rows=798
0:8-1:TR1: ABCK ti=6 L=991 seqmm=982 chkmm=1 rows=991
0:8-2:TR1: ABCK ti=5 L=1702 seqmm=1680 chkmm=2 rows=1702
0:8-3:TR1: ABCK ti=7 L=284 seqmm=269 chkmm=0 rows=284
0:8-3:TR1: ABCK ti=8 L=264 seqmm=255 chkmm=0 rows=264
0:8-4:TR1: ABCK ti=7 L=372 seqmm=358 chkmm=1 rows=372
0:8-4:TR1: ABCK ti=8 L=271 seqmm=262 chkmm=0 rows=271
0:8-5:TR1: ABCK ti=7 L=374 seqmm=362 chkmm=0 rows=374
0:8-5:TR1: ABCK ti=8 L=296 seqmm=285 chkmm=0 rows=296
0:8-6:TR1: ABCK ti=7 L=291 seqmm=277 chkmm=0 rows=291
0:8-6:TR1: ABCK ti=8 L=244 seqmm=231 chkmm=0 rows=244
0:8-7:TR1: ABCK ti=6 L=1043 seqmm=1032 chkmm=0 rows=1043
0:8-8:TR1: ABCK ti=6 L=1010 seqmm=1000 chkmm=0 rows=1010
0:8-9:TR1: ABCK ti=7 L=396 seqmm=365 chkmm=0 rows=396
0:8-9:TR1: ABCK ti=8 L=230 seqmm=215 chkmm=0 rows=230
0:9-1:TR1: ABCK ti=5 L=1743 seqmm=1733 chkmm=0 rows=1743
0:9-3:TR1: ABCK ti=6 L=1099 seqmm=1086 chkmm=0 rows=1099
0:9-4:TR1: ABCK ti=7 L=305 seqmm=291 chkmm=0 rows=305
0:9-4:TR1: ABCK ti=8 L=230 seqmm=220 chkmm=0 rows=230
0:9-5:TR1: ABCK ti=6 L=876 seqmm=866 chkmm=0 rows=876
0:9-6:TR1: ABCK ti=7 L=297 seqmm=285 chkmm=1 rows=297
0:9-6:TR1: ABCK ti=8 L=243 seqmm=234 chkmm=0 rows=243
0:9-7:TR1: ABCK ti=9 L=197 seqmm=187 chkmm=0 rows=197
0:9-8:TR1: ABCK ti=7 L=378 seqmm=369 chkmm=0 rows=378
0:9-8:TR1: ABCK ti=8 L=314 seqmm=305 chkmm=0 rows=314
0:9-9:TR1: ABCK ti=7 L=418 seqmm=406 chkmm=0 rows=418
0:9-9:TR1: ABCK ti=8 L=240 seqmm=231 chkmm=0 rows=240
0:10-0:TR1: ABCK ti=9 L=106 seqmm=94 chkmm=0 rows=106
0:10-1:TR1: ABCK ti=9 L=120 seqmm=110 chkmm=0 rows=120
0:10-5:TR1: ABCK ti=9 L=138 seqmm=127 chkmm=0 rows=138
0:10-6:TR1: ABCK ti=7 L=332 seqmm=322 chkmm=0 rows=332
0:10-6:TR1: ABCK ti=8 L=253 seqmm=241 chkmm=2 rows=253
0:1-3:TR1: ABCK ti=0 L=15837 seqmm=15836 chkmm=15837 rows=15837
0:1-4:TR1: ABCK ti=0 L=15764 seqmm=15763 chkmm=15764 rows=15764
0:1-5:TR1: ABCK ti=0 L=15780 seqmm=15779 chkmm=15780 rows=15780
0:2-2:TR1: ABCK ti=1 L=5435 seqmm=5426 chkmm=0 rows=5435
0:2-5:TR1: ABCK ti=1 L=5398 seqmm=5388 chkmm=0 rows=5398
0:2-6:TR1: ABCK ti=1 L=5557 seqmm=5547 chkmm=0 rows=5557
0:2-7:TR1: ABCK ti=1 L=5501 seqmm=5478 chkmm=0 rows=5501
0:4-0:TR1: ABCK ti=2 L=4033 seqmm=4020 chkmm=0 rows=4033
0:4-1:TR1: ABCK ti=2 L=4132 seqmm=4042 chkmm=1 rows=4132
0:4-2:TR1: ABCK ti=2 L=4135 seqmm=4122 chkmm=0 rows=4135
0:4-3:TR1: ABCK ti=2 L=4036 seqmm=4027 chkmm=0 rows=4036
0:4-4:TR1: ABCK ti=2 L=4187 seqmm=4167 chkmm=0 rows=4187
0:4-5:TR1: ABCK ti=3 L=2825 seqmm=2814 chkmm=2 rows=2825
0:4-7:TR1: ABCK ti=3 L=2974 seqmm=2962 chkmm=0 rows=2974
0:5-1:TR1: ABCK ti=2 L=4165 seqmm=4098 chkmm=0 rows=4165
0:5-3:TR1: ABCK ti=4 L=2160 seqmm=2145 chkmm=0 rows=2160
0:5-8:TR1: ABCK ti=4 L=2139 seqmm=2130 chkmm=0 rows=2139
0:6-0:TR1: ABCK ti=4 L=2301 seqmm=2287 chkmm=0 rows=2301
0:6-1:TR1: ABCK ti=4 L=2381 seqmm=2369 chkmm=0 rows=2381
0:6-2:TR1: ABCK ti=4 L=2309 seqmm=2296 chkmm=0 rows=2309
0:6-2:TR1: ABCK ti=5 L=1741 seqmm=1731 chkmm=0 rows=1741
0:6-3:TR1: ABCK ti=5 L=1973 seqmm=1963 chkmm=0 rows=1973
0:6-4:TR1: ABCK ti=6 L=1017 seqmm=1007 chkmm=0 rows=1017
0:6-6:TR1: ABCK ti=4 L=2456 seqmm=2438 chkmm=0 rows=2456
0:6-7:TR1: ABCK ti=5 L=1717 seqmm=1708 chkmm=0 rows=1717
0:6-7:TR1: ABCK ti=6 L=864 seqmm=854 chkmm=0 rows=864
0:6-8:TR1: ABCK ti=6 L=1085 seqmm=1076 chkmm=0 rows=1085
0:6-9:TR1: ABCK ti=5 L=1872 seqmm=1834 chkmm=0 rows=1872
0:6-9:TR1: ABCK ti=6 L=699 seqmm=677 chkmm=0 rows=699
0:7-0:TR1: ABCK ti=5 L=1714 seqmm=1703 chkmm=0 rows=1714
0:7-1:TR1: ABCK ti=4 L=2438 seqmm=2384 chkmm=1 rows=2438
0:7-2:TR1: ABCK ti=4 L=2621 seqmm=2610 chkmm=1 rows=2621
0:7-2:TR1: ABCK ti=5 L=1580 seqmm=1570 chkmm=0 rows=1580
0:7-3:TR1: ABCK ti=7 L=453 seqmm=439 chkmm=1 rows=453
0:7-3:TR1: ABCK ti=8 L=217 seqmm=196 chkmm=0 rows=217
0:7-4:TR1: ABCK ti=4 L=2454 seqmm=2445 chkmm=0 rows=2454
0:7-4:TR1: ABCK ti=5 L=1556 seqmm=1545 chkmm=0 rows=1556
0:7-5:TR1: ABCK ti=7 L=388 seqmm=375 chkmm=0 rows=388
0:7-5:TR1: ABCK ti=8 L=200 seqmm=185 chkmm=0 rows=200
0:7-6:TR1: ABCK ti=6 L=971 seqmm=936 chkmm=0 rows=971
0:7-7:TR1: ABCK ti=7 L=336 seqmm=319 chkmm=0 rows=336
0:7-7:TR1: ABCK ti=8 L=243 seqmm=224 chkmm=0 rows=243
0:7-8:TR1: ABCK ti=7 L=598 seqmm=576 chkmm=0 rows=598
0:7-8:TR1: ABCK ti=8 L=195 seqmm=182 chkmm=0 rows=195
0:7-9:TR1: ABCK ti=7 L=265 seqmm=235 chkmm=0 rows=265
0:7-9:TR1: ABCK ti=8 L=306 seqmm=291 chkmm=1 rows=306
0:8-2:TR1: ABCK ti=6 L=1243 seqmm=1233 chkmm=0 rows=1243
0:8-7:TR1: ABCK ti=7 L=299 seqmm=288 chkmm=0 rows=299
0:8-7:TR1: ABCK ti=8 L=260 seqmm=249 chkmm=0 rows=260
0:8-9:TR1: ABCK ti=9 L=157 seqmm=148 chkmm=0 rows=157
0:9-0:TR1: ABCK ti=7 L=359 seqmm=350 chkmm=1 rows=359
0:9-0:TR1: ABCK ti=8 L=425 seqmm=412 chkmm=1 rows=425
0:9-1:TR1: ABCK ti=6 L=1053 seqmm=1043 chkmm=0 rows=1053
0:9-2:TR1: ABCK ti=7 L=361 seqmm=336 chkmm=0 rows=361
0:9-2:TR1: ABCK ti=8 L=254 seqmm=244 chkmm=0 rows=254
0:9-3:TR1: ABCK ti=7 L=334 seqmm=325 chkmm=0 rows=334
0:9-3:TR1: ABCK ti=8 L=234 seqmm=225 chkmm=0 rows=234
0:9-4:TR1: ABCK ti=9 L=115 seqmm=106 chkmm=0 rows=115
0:9-5:TR1: ABCK ti=7 L=276 seqmm=263 chkmm=0 rows=276
0:9-5:TR1: ABCK ti=8 L=226 seqmm=215 chkmm=0 rows=226
0:9-6:TR1: ABCK ti=9 L=155 seqmm=146 chkmm=0 rows=155
0:9-8:TR1: ABCK ti=9 L=125 seqmm=113 chkmm=0 rows=125
0:9-9:TR1: ABCK ti=9 L=136 seqmm=111 chkmm=1 rows=136
0:10-6:TR1: ABCK ti=9 L=175 seqmm=160 chkmm=0 rows=175
0:1-1:TR1: ABCK ti=0 L=16505 seqmm=16504 chkmm=16505 rows=16505
0:1-2:TR1: ABCK ti=0 L=16493 seqmm=16492 chkmm=16493 rows=16493
0:2-3:TR1: ABCK ti=1 L=5462 seqmm=5453 chkmm=0 rows=5462
0:2-4:TR1: ABCK ti=1 L=5450 seqmm=5441 chkmm=0 rows=5450
0:3-9:TR1: ABCK ti=2 L=4099 seqmm=4059 chkmm=1 rows=4099
0:4-1:TR1: ABCK ti=3 L=2874 seqmm=2842 chkmm=0 rows=2874
0:4-2:TR1: ABCK ti=3 L=2899 seqmm=2889 chkmm=0 rows=2899
0:4-3:TR1: ABCK ti=3 L=2917 seqmm=2889 chkmm=0 rows=2917
0:4-4:TR1: ABCK ti=3 L=2884 seqmm=2873 chkmm=0 rows=2884
0:4-6:TR1: ABCK ti=3 L=2973 seqmm=2964 chkmm=0 rows=2973
0:5-1:TR1: ABCK ti=3 L=2955 seqmm=2946 chkmm=0 rows=2955
0:5-2:TR1: ABCK ti=4 L=2093 seqmm=2068 chkmm=1 rows=2093
0:5-3:TR1: ABCK ti=5 L=1381 seqmm=1368 chkmm=0 rows=1381
0:5-3:TR1: ABCK ti=6 L=789 seqmm=780 chkmm=0 rows=789
0:5-4:TR1: ABCK ti=4 L=2259 seqmm=2250 chkmm=0 rows=2259
0:5-5:TR1: ABCK ti=4 L=2181 seqmm=2164 chkmm=1 rows=2181
0:5-7:TR1: ABCK ti=4 L=2256 seqmm=2246 chkmm=0 rows=2256
0:5-7:TR1: ABCK ti=5 L=1492 seqmm=1482 chkmm=0 rows=1492
0:5-8:TR1: ABCK ti=5 L=1887 seqmm=1877 chkmm=0 rows=1887
0:5-9:TR1: ABCK ti=4 L=2294 seqmm=2284 chkmm=0 rows=2294
0:6-0:TR1: ABCK ti=5 L=1660 seqmm=1651 chkmm=0 rows=1660
0:6-0:TR1: ABCK ti=6 L=897 seqmm=884 chkmm=0 rows=897
0:6-1:TR1: ABCK ti=5 L=1580 seqmm=1571 chkmm=0 rows=1580
0:6-1:TR1: ABCK ti=6 L=1077 seqmm=1004 chkmm=0 rows=1077
0:6-3:TR1: ABCK ti=6 L=670 seqmm=661 chkmm=0 rows=670
0:6-5:TR1: ABCK ti=4 L=2381 seqmm=2371 chkmm=0 rows=2381
0:6-6:TR1: ABCK ti=5 L=1780 seqmm=1769 chkmm=0 rows=1780
0:7-0:TR1: ABCK ti=6 L=1197 seqmm=1187 chkmm=0 rows=1197
0:7-1:TR1: ABCK ti=5 L=1977 seqmm=1968 chkmm=0 rows=1977
0:7-2:TR1: ABCK ti=6 L=1134 seqmm=1067 chkmm=0 rows=1134
0:7-3:TR1: ABCK ti=9 L=110 seqmm=101 chkmm=0 rows=110
0:7-4:TR1: ABCK ti=6 L=967 seqmm=957 chkmm=0 rows=967
0:7-5:TR1: ABCK ti=9 L=230 seqmm=220 chkmm=0 rows=230
0:7-6:TR1: ABCK ti=7 L=324 seqmm=310 chkmm=0 rows=324
0:7-6:TR1: ABCK ti=8 L=245 seqmm=238 chkmm=0 rows=245
0:7-7:TR1: ABCK ti=9 L=102 seqmm=88 chkmm=0 rows=102
0:7-8:TR1: ABCK ti=9 L=98 seqmm=89 chkmm=0 rows=98
0:7-9:TR1: ABCK ti=9 L=93 seqmm=81 chkmm=0 rows=93
0:8-0:TR1: ABCK ti=7 L=581 seqmm=572 chkmm=0 rows=581
0:8-0:TR1: ABCK ti=8 L=235 seqmm=226 chkmm=0 rows=235
0:8-1:TR1: ABCK ti=7 L=299 seqmm=288 chkmm=0 rows=299
0:8-1:TR1: ABCK ti=8 L=300 seqmm=285 chkmm=1 rows=300
0:8-2:TR1: ABCK ti=7 L=295 seqmm=284 chkmm=0 rows=295
0:8-2:TR1: ABCK ti=8 L=321 seqmm=311 chkmm=1 rows=321
0:8-8:TR1: ABCK ti=7 L=331 seqmm=320 chkmm=0 rows=331
0:8-8:TR1: ABCK ti=8 L=468 seqmm=434 chkmm=0 rows=468
0:9-1:TR1: ABCK ti=7 L=272 seqmm=259 chkmm=0 rows=272
0:9-1:TR1: ABCK ti=8 L=312 seqmm=297 chkmm=0 rows=312
0:9-3:TR1: ABCK ti=9 L=152 seqmm=142 chkmm=0 rows=152
0:9-5:TR1: ABCK ti=9 L=128 seqmm=118 chkmm=0 rows=128
0:0-8:TR1: ABCK ti=0 L=16805 seqmm=16804 chkmm=16805 rows=16805
0:0-9:TR1: ABCK ti=0 L=16735 seqmm=16734 chkmm=16735 rows=16735
0:1-0:TR1: ABCK ti=0 L=16581 seqmm=16580 chkmm=16581 rows=16581
0:1-7:TR1: ABCK ti=1 L=5285 seqmm=5224 chkmm=1 rows=5285
0:1-8:TR1: ABCK ti=1 L=5341 seqmm=5325 chkmm=2 rows=5341
0:1-9:TR1: ABCK ti=1 L=5361 seqmm=5001 chkmm=4 rows=5361
0:2-0:TR1: ABCK ti=1 L=5315 seqmm=5017 chkmm=1 rows=5315
0:2-1:TR1: ABCK ti=1 L=5427 seqmm=5418 chkmm=1 rows=5427
0:3-0:TR1: ABCK ti=2 L=3923 seqmm=3877 chkmm=0 rows=3923
0:3-2:TR1: ABCK ti=2 L=3933 seqmm=3924 chkmm=0 rows=3933
0:3-3:TR1: ABCK ti=2 L=3991 seqmm=3980 chkmm=0 rows=3991
0:3-4:TR1: ABCK ti=2 L=4024 seqmm=3994 chkmm=1 rows=4024
0:3-5:TR1: ABCK ti=2 L=4059 seqmm=4050 chkmm=0 rows=4059
0:3-6:TR1: ABCK ti=2 L=4113 seqmm=4104 chkmm=0 rows=4113
0:3-7:TR1: ABCK ti=2 L=4064 seqmm=3996 chkmm=0 rows=4064
0:3-8:TR1: ABCK ti=2 L=4085 seqmm=4075 chkmm=0 rows=4085
0:3-9:TR1: ABCK ti=3 L=2969 seqmm=2929 chkmm=1 rows=2969
0:4-0:TR1: ABCK ti=3 L=2892 seqmm=2881 chkmm=0 rows=2892
0:4-8:TR1: ABCK ti=4 L=2018 seqmm=2006 chkmm=0 rows=2018
0:4-8:TR1: ABCK ti=5 L=1407 seqmm=1397 chkmm=0 rows=1407
0:4-9:TR1: ABCK ti=4 L=2188 seqmm=2177 chkmm=0 rows=2188
0:4-9:TR1: ABCK ti=5 L=1444 seqmm=1415 chkmm=1 rows=1444
0:5-0:TR1: ABCK ti=4 L=2166 seqmm=2153 chkmm=0 rows=2166
0:5-0:TR1: ABCK ti=5 L=1570 seqmm=1561 chkmm=0 rows=1570
0:5-2:TR1: ABCK ti=5 L=1545 seqmm=1515 chkmm=1 rows=1545
0:5-2:TR1: ABCK ti=6 L=650 seqmm=621 chkmm=1 rows=650
0:5-4:TR1: ABCK ti=5 L=1615 seqmm=1590 chkmm=1 rows=1615
0:5-5:TR1: ABCK ti=5 L=1630 seqmm=1618 chkmm=0 rows=1630
0:5-5:TR1: ABCK ti=6 L=859 seqmm=636 chkmm=0 rows=859
0:5-6:TR1: ABCK ti=4 L=2162 seqmm=2127 chkmm=1 rows=2162
0:5-6:TR1: ABCK ti=5 L=1523 seqmm=1513 chkmm=0 rows=1523
0:5-7:TR1: ABCK ti=6 L=1288 seqmm=1278 chkmm=0 rows=1288
0:5-8:TR1: ABCK ti=6 L=993 seqmm=984 chkmm=0 rows=993
0:5-9:TR1: ABCK ti=5 L=1559 seqmm=1550 chkmm=0 rows=1559
0:6-2:TR1: ABCK ti=6 L=1283 seqmm=1274 chkmm=0 rows=1283
0:6-3:TR1: ABCK ti=7 L=503 seqmm=472 chkmm=0 rows=503
0:6-3:TR1: ABCK ti=8 L=244 seqmm=234 chkmm=0 rows=244
0:6-4:TR1: ABCK ti=7 L=377 seqmm=365 chkmm=1 rows=377
0:6-4:TR1: ABCK ti=8 L=285 seqmm=275 chkmm=0 rows=285
0:6-5:TR1: ABCK ti=5 L=1593 seqmm=1582 chkmm=0 rows=1593
0:6-6:TR1: ABCK ti=6 L=1050 seqmm=1040 chkmm=0 rows=1050
0:6-7:TR1: ABCK ti=7 L=339 seqmm=328 chkmm=0 rows=339
0:6-7:TR1: ABCK ti=8 L=247 seqmm=236 chkmm=0 rows=247
0:6-8:TR1: ABCK ti=7 L=560 seqmm=551 chkmm=0 rows=560
0:6-8:TR1: ABCK ti=8 L=207 seqmm=193 chkmm=0 rows=207
0:6-9:TR1: ABCK ti=7 L=603 seqmm=593 chkmm=0 rows=603
0:6-9:TR1: ABCK ti=8 L=267 seqmm=249 chkmm=0 rows=267
0:7-0:TR1: ABCK ti=7 L=280 seqmm=271 chkmm=0 rows=280
0:7-0:TR1: ABCK ti=8 L=315 seqmm=303 chkmm=0 rows=315
0:7-1:TR1: ABCK ti=6 L=814 seqmm=804 chkmm=0 rows=814
0:7-6:TR1: ABCK ti=9 L=96 seqmm=84 chkmm=0 rows=96
0:8-0:TR1: ABCK ti=9 L=98 seqmm=85 chkmm=0 rows=98
0:1-3:TR1: ABCK ti=1 L=5208 seqmm=5145 chkmm=1 rows=5208
0:1-5:TR1: ABCK ti=1 L=5093 seqmm=5051 chkmm=2 rows=5093
0:1-6:TR1: ABCK ti=1 L=5239 seqmm=5229 chkmm=0 rows=5239
0:2-8:TR1: ABCK ti=2 L=3884 seqmm=3866 chkmm=0 rows=3884
0:3-0:TR1: ABCK ti=3 L=2783 seqmm=2752 chkmm=2 rows=2783
0:3-1:TR1: ABCK ti=2 L=3975 seqmm=3965 chkmm=0 rows=3975
0:3-3:TR1: ABCK ti=3 L=2826 seqmm=2814 chkmm=1 rows=2826
0:3-4:TR1: ABCK ti=3 L=2885 seqmm=2875 chkmm=0 rows=2885
0:3-5:TR1: ABCK ti=3 L=2873 seqmm=2863 chkmm=0 rows=2873
0:3-6:TR1: ABCK ti=3 L=2966 seqmm=2957 chkmm=0 rows=2966
0:3-8:TR1: ABCK ti=3 L=2905 seqmm=2889 chkmm=0 rows=2905
0:4-5:TR1: ABCK ti=4 L=2190 seqmm=2181 chkmm=0 rows=2190
0:4-7:TR1: ABCK ti=4 L=2208 seqmm=2146 chkmm=0 rows=2208
0:4-7:TR1: ABCK ti=5 L=1288 seqmm=1278 chkmm=1 rows=1288
0:4-8:TR1: ABCK ti=6 L=749 seqmm=740 chkmm=0 rows=749
0:4-9:TR1: ABCK ti=6 L=750 seqmm=708 chkmm=1 rows=750
0:5-0:TR1: ABCK ti=6 L=893 seqmm=884 chkmm=0 rows=893
0:5-3:TR1: ABCK ti=7 L=526 seqmm=515 chkmm=0 rows=526
0:5-3:TR1: ABCK ti=8 L=213 seqmm=204 chkmm=0 rows=213
0:5-4:TR1: ABCK ti=6 L=1076 seqmm=1063 chkmm=0 rows=1076
0:5-6:TR1: ABCK ti=6 L=1249 seqmm=1237 chkmm=0 rows=1249
0:5-8:TR1: ABCK ti=7 L=443 seqmm=434 chkmm=0 rows=443
0:5-8:TR1: ABCK ti=8 L=250 seqmm=240 chkmm=0 rows=250
0:5-9:TR1: ABCK ti=6 L=1206 seqmm=1196 chkmm=0 rows=1206
0:6-0:TR1: ABCK ti=7 L=433 seqmm=423 chkmm=0 rows=433
0:6-0:TR1: ABCK ti=8 L=245 seqmm=233 chkmm=1 rows=245
0:6-1:TR1: ABCK ti=7 L=370 seqmm=360 chkmm=0 rows=370
0:6-1:TR1: ABCK ti=8 L=360 seqmm=349 chkmm=0 rows=360
0:6-2:TR1: ABCK ti=7 L=380 seqmm=370 chkmm=0 rows=380
0:6-2:TR1: ABCK ti=8 L=248 seqmm=233 chkmm=0 rows=248
0:6-5:TR1: ABCK ti=6 L=1024 seqmm=1014 chkmm=0 rows=1024
0:6-6:TR1: ABCK ti=7 L=280 seqmm=271 chkmm=0 rows=280
0:6-6:TR1: ABCK ti=8 L=236 seqmm=224 chkmm=0 rows=236
0:6-7:TR1: ABCK ti=9 L=104 seqmm=93 chkmm=0 rows=104
0:6-8:TR1: ABCK ti=9 L=163 seqmm=153 chkmm=0 rows=163
0:6-9:TR1: ABCK ti=9 L=181 seqmm=171 chkmm=0 rows=181
0:7-1:TR1: ABCK ti=7 L=473 seqmm=464 chkmm=0 rows=473
0:7-1:TR1: ABCK ti=8 L=225 seqmm=216 chkmm=0 rows=225
0:7-2:TR1: ABCK ti=7 L=271 seqmm=261 chkmm=0 rows=271
0:7-2:TR1: ABCK ti=8 L=285 seqmm=274 chkmm=1 rows=285
0:7-4:TR1: ABCK ti=7 L=281 seqmm=269 chkmm=0 rows=281
0:7-4:TR1: ABCK ti=8 L=276 seqmm=267 chkmm=0 rows=276
0:0-5:TR1: ABCK ti=0 L=17689 seqmm=17688 chkmm=17689 rows=17689
0:0-6:TR1: ABCK ti=0 L=17577 seqmm=17576 chkmm=17577 rows=17577
0:0-7:TR1: ABCK ti=0 L=17424 seqmm=17423 chkmm=17424 rows=17424
0:1-4:TR1: ABCK ti=1 L=5277 seqmm=5086 chkmm=0 rows=5277
0:2-2:TR1: ABCK ti=2 L=3789 seqmm=3719 chkmm=0 rows=3789
0:2-5:TR1: ABCK ti=2 L=3840 seqmm=3830 chkmm=0 rows=3840
0:2-6:TR1: ABCK ti=2 L=3853 seqmm=3779 chkmm=0 rows=3853
0:2-7:TR1: ABCK ti=2 L=3850 seqmm=3823 chkmm=1 rows=3850
0:2-8:TR1: ABCK ti=3 L=2748 seqmm=2710 chkmm=0 rows=2748
0:2-9:TR1: ABCK ti=2 L=3969 seqmm=3937 chkmm=1 rows=3969
0:3-1:TR1: ABCK ti=3 L=2828 seqmm=2818 chkmm=0 rows=2828
0:3-2:TR1: ABCK ti=3 L=2827 seqmm=2731 chkmm=1 rows=2827
0:3-7:TR1: ABCK ti=3 L=2799 seqmm=2788 chkmm=0 rows=2799
0:3-9:TR1: ABCK ti=4 L=2060 seqmm=2048 chkmm=0 rows=2060
0:4-0:TR1: ABCK ti=4 L=2092 seqmm=2082 chkmm=0 rows=2092
0:4-1:TR1: ABCK ti=4 L=2129 seqmm=2119 chkmm=0 rows=2129
0:4-2:TR1: ABCK ti=4 L=2079 seqmm=2053 chkmm=2 rows=2079
0:4-2:TR1: ABCK ti=5 L=1458 seqmm=1436 chkmm=0 rows=1458
0:4-3:TR1: ABCK ti=4 L=2184 seqmm=2154 chkmm=0 rows=2184
0:4-3:TR1: ABCK ti=5 L=1399 seqmm=1390 chkmm=0 rows=1399
0:4-4:TR1: ABCK ti=4 L=2172 seqmm=2161 chkmm=0 rows=2172
0:4-5:TR1: ABCK ti=5 L=1486 seqmm=1466 chkmm=1 rows=1486
0:4-5:TR1: ABCK ti=6 L=734 seqmm=723 chkmm=0 rows=734
0:4-6:TR1: ABCK ti=4 L=2106 seqmm=2076 chkmm=1 rows=2106
0:4-6:TR1: ABCK ti=5 L=1557 seqmm=1535 chkmm=0 rows=1557
0:4-7:TR1: ABCK ti=6 L=1017 seqmm=1006 chkmm=0 rows=1017
0:4-9:TR1: ABCK ti=7 L=424 seqmm=407 chkmm=0 rows=424
0:4-9:TR1: ABCK ti=8 L=207 seqmm=198 chkmm=0 rows=207
0:5-0:TR1: ABCK ti=7 L=396 seqmm=387 chkmm=0 rows=396
0:5-0:TR1: ABCK ti=8 L=221 seqmm=212 chkmm=0 rows=221
0:5-1:TR1: ABCK ti=4 L=2185 seqmm=2173 chkmm=0 rows=2185
0:5-1:TR1: ABCK ti=5 L=1438 seqmm=1409 chkmm=0 rows=1438
0:5-2:TR1: ABCK ti=7 L=482 seqmm=472 chkmm=0 rows=482
0:5-2:TR1: ABCK ti=8 L=261 seqmm=252 chkmm=0 rows=261
0:5-3:TR1: ABCK ti=9 L=145 seqmm=112 chkmm=0 rows=145
0:5-4:TR1: ABCK ti=7 L=537 seqmm=527 chkmm=0 rows=537
0:5-4:TR1: ABCK ti=8 L=215 seqmm=204 chkmm=0 rows=215
0:5-5:TR1: ABCK ti=7 L=399 seqmm=367 chkmm=0 rows=399
0:5-5:TR1: ABCK ti=8 L=222 seqmm=212 chkmm=0 rows=222
0:5-7:TR1: ABCK ti=7 L=241 seqmm=231 chkmm=0 rows=241
0:5-7:TR1: ABCK ti=8 L=281 seqmm=271 chkmm=0 rows=281
0:5-8:TR1: ABCK ti=9 L=157 seqmm=148 chkmm=0 rows=157
0:5-9:TR1: ABCK ti=7 L=309 seqmm=299 chkmm=0 rows=309
0:5-9:TR1: ABCK ti=8 L=246 seqmm=236 chkmm=0 rows=246
0:6-0:TR1: ABCK ti=9 L=202 seqmm=193 chkmm=0 rows=202
0:6-5:TR1: ABCK ti=7 L=283 seqmm=262 chkmm=0 rows=283
0:6-5:TR1: ABCK ti=8 L=339 seqmm=328 chkmm=0 rows=339
0:6-6:TR1: ABCK ti=9 L=116 seqmm=106 chkmm=0 rows=116
0:7-4:TR1: ABCK ti=9 L=260 seqmm=248 chkmm=0 rows=260
0:1-0:TR1: ABCK ti=1 L=5130 seqmm=5043 chkmm=2 rows=5130
0:1-1:TR1: ABCK ti=1 L=5113 seqmm=5102 chkmm=0 rows=5113
0:2-0:TR1: ABCK ti=2 L=3813 seqmm=3784 chkmm=1 rows=3813
0:2-2:TR1: ABCK ti=3 L=2735 seqmm=2724 chkmm=0 rows=2735
0:2-3:TR1: ABCK ti=2 L=3860 seqmm=3851 chkmm=0 rows=3860
0:2-4:TR1: ABCK ti=2 L=3882 seqmm=3854 chkmm=1 rows=3882
0:2-5:TR1: ABCK ti=3 L=2826 seqmm=2815 chkmm=0 rows=2826
0:2-6:TR1: ABCK ti=3 L=2734 seqmm=2715 chkmm=0 rows=2734
0:2-7:TR1: ABCK ti=3 L=2761 seqmm=2737 chkmm=1 rows=2761
0:2-9:TR1: ABCK ti=3 L=2794 seqmm=2760 chkmm=1 rows=2794
0:3-9:TR1: ABCK ti=5 L=1538 seqmm=1529 chkmm=1 rows=1538
0:3-9:TR1: ABCK ti=6 L=763 seqmm=751 chkmm=1 rows=763
0:4-0:TR1: ABCK ti=5 L=1525 seqmm=1515 chkmm=0 rows=1525
0:4-0:TR1: ABCK ti=6 L=700 seqmm=691 chkmm=0 rows=700
0:4-1:TR1: ABCK ti=5 L=1508 seqmm=1498 chkmm=0 rows=1508
0:4-1:TR1: ABCK ti=6 L=653 seqmm=636 chkmm=2 rows=653
0:4-2:TR1: ABCK ti=6 L=473 seqmm=464 chkmm=0 rows=473
0:4-3:TR1: ABCK ti=6 L=632 seqmm=620 chkmm=0 rows=632
0:4-4:TR1: ABCK ti=5 L=1530 seqmm=1518 chkmm=0 rows=1530
0:4-4:TR1: ABCK ti=6 L=707 seqmm=697 chkmm=0 rows=707
0:4-6:TR1: ABCK ti=6 L=774 seqmm=764 chkmm=0 rows=774
0:4-8:TR1: ABCK ti=7 L=398 seqmm=371 chkmm=2 rows=398
0:4-8:TR1: ABCK ti=8 L=207 seqmm=198 chkmm=0 rows=207
0:4-9:TR1: ABCK ti=9 L=191 seqmm=179 chkmm=0 rows=191
0:5-0:TR1: ABCK ti=9 L=163 seqmm=140 chkmm=3 rows=163
0:5-1:TR1: ABCK ti=6 L=1042 seqmm=1019 chkmm=0 rows=1042
0:5-4:TR1: ABCK ti=9 L=141 seqmm=130 chkmm=0 rows=141
0:5-5:TR1: ABCK ti=9 L=198 seqmm=188 chkmm=0 rows=198
0:5-6:TR1: ABCK ti=7 L=255 seqmm=243 chkmm=0 rows=255
0:5-6:TR1: ABCK ti=8 L=288 seqmm=277 chkmm=0 rows=288
0:0-4:TR1: ABCK ti=0 L=18270 seqmm=18269 chkmm=18270 rows=18270
0:0-8:TR1: ABCK ti=1 L=5070 seqmm=5058 chkmm=0 rows=5070
0:0-9:TR1: ABCK ti=1 L=5045 seqmm=5036 chkmm=0 rows=5045
0:1-2:TR1: ABCK ti=1 L=5168 seqmm=5122 chkmm=0 rows=5168
0:1-6:TR1: ABCK ti=2 L=3710 seqmm=3681 chkmm=0 rows=3710
0:1-7:TR1: ABCK ti=2 L=3757 seqmm=3720 chkmm=0 rows=3757
0:1-8:TR1: ABCK ti=2 L=3712 seqmm=3696 chkmm=0 rows=3712
0:1-9:TR1: ABCK ti=2 L=3814 seqmm=3802 chkmm=0 rows=3814
0:2-0:TR1: ABCK ti=3 L=2624 seqmm=2610 chkmm=0 rows=2624
0:2-1:TR1: ABCK ti=2 L=3710 seqmm=3245 chkmm=0 rows=3710
0:2-3:TR1: ABCK ti=3 L=2799 seqmm=2780 chkmm=0 rows=2799
0:2-4:TR1: ABCK ti=3 L=2648 seqmm=2611 chkmm=1 rows=2648
0:2-8:TR1: ABCK ti=4 L=1971 seqmm=1962 chkmm=0 rows=1971
0:2-8:TR1: ABCK ti=5 L=1204 seqmm=1195 chkmm=0 rows=1204
0:3-0:TR1: ABCK ti=4 L=2049 seqmm=2024 chkmm=0 rows=2049
0:3-0:TR1: ABCK ti=5 L=1232 seqmm=1221 chkmm=0 rows=1232
0:3-1:TR1: ABCK ti=4 L=2160 seqmm=2114 chkmm=0 rows=2160
0:3-1:TR1: ABCK ti=5 L=1193 seqmm=1184 chkmm=0 rows=1193
0:3-2:TR1: ABCK ti=4 L=2031 seqmm=2014 chkmm=1 rows=2031
0:3-2:TR1: ABCK ti=5 L=1334 seqmm=1324 chkmm=0 rows=1334
0:3-3:TR1: ABCK ti=4 L=2153 seqmm=2144 chkmm=0 rows=2153
0:3-3:TR1: ABCK ti=5 L=1159 seqmm=1147 chkmm=0 rows=1159
0:3-4:TR1: ABCK ti=4 L=2018 seqmm=1986 chkmm=1 rows=2018
0:3-4:TR1: ABCK ti=5 L=1315 seqmm=1306 chkmm=0 rows=1315
0:3-5:TR1: ABCK ti=4 L=2126 seqmm=2114 chkmm=0 rows=2126
0:3-5:TR1: ABCK ti=5 L=1275 seqmm=1242 chkmm=0 rows=1275
0:3-6:TR1: ABCK ti=4 L=2114 seqmm=2103 chkmm=0 rows=2114
0:3-7:TR1: ABCK ti=4 L=2095 seqmm=2082 chkmm=0 rows=2095
0:3-7:TR1: ABCK ti=5 L=1322 seqmm=1299 chkmm=0 rows=1322
0:3-8:TR1: ABCK ti=4 L=2035 seqmm=2025 chkmm=0 rows=2035
0:3-8:TR1: ABCK ti=5 L=1452 seqmm=1441 chkmm=0 rows=1452
0:4-2:TR1: ABCK ti=7 L=289 seqmm=280 chkmm=0 rows=289
0:4-2:TR1: ABCK ti=8 L=285 seqmm=272 chkmm=0 rows=285
0:4-3:TR1: ABCK ti=7 L=300 seqmm=288 chkmm=0 rows=300
0:4-3:TR1: ABCK ti=8 L=316 seqmm=306 chkmm=0 rows=316
0:4-5:TR1: ABCK ti=7 L=456 seqmm=446 chkmm=0 rows=456
0:4-5:TR1: ABCK ti=8 L=294 seqmm=283 chkmm=0 rows=294
0:4-7:TR1: ABCK ti=7 L=318 seqmm=304 chkmm=0 rows=318
0:4-7:TR1: ABCK ti=8 L=253 seqmm=242 chkmm=0 rows=253
0:4-8:TR1: ABCK ti=9 L=135 seqmm=124 chkmm=1 rows=135
0:5-1:TR1: ABCK ti=7 L=358 seqmm=348 chkmm=0 rows=358
0:5-1:TR1: ABCK ti=8 L=249 seqmm=240 chkmm=0 rows=249
0:0-3:TR1: ABCK ti=0 L=18585 seqmm=18584 chkmm=18585 rows=18585
0:0-5:TR1: ABCK ti=1 L=4441 seqmm=4431 chkmm=0 rows=4441
0:0-6:TR1: ABCK ti=1 L=4508 seqmm=4490 chkmm=0 rows=4508
0:0-7:TR1: ABCK ti=1 L=4397 seqmm=4362 chkmm=2 rows=4397
0:1-3:TR1: ABCK ti=2 L=3688 seqmm=3671 chkmm=1 rows=3688
0:1-4:TR1: ABCK ti=2 L=3635 seqmm=3626 chkmm=0 rows=3635
0:1-5:TR1: ABCK ti=2 L=3720 seqmm=3651 chkmm=1 rows=3720
0:1-6:TR1: ABCK ti=3 L=2715 seqmm=2705 chkmm=0 rows=2715
0:1-7:TR1: ABCK ti=3 L=2669 seqmm=2658 chkmm=0 rows=2669
0:1-8:TR1: ABCK ti=3 L=2582 seqmm=2555 chkmm=0 rows=2582
0:1-9:TR1: ABCK ti=3 L=2778 seqmm=2768 chkmm=0 rows=2778
0:2-1:TR1: ABCK ti=3 L=2799 seqmm=2789 chkmm=0 rows=2799
0:2-6:TR1: ABCK ti=4 L=2029 seqmm=2019 chkmm=0 rows=2029
0:2-6:TR1: ABCK ti=5 L=1028 seqmm=1017 chkmm=0 rows=1028
0:2-8:TR1: ABCK ti=6 L=514 seqmm=501 chkmm=0 rows=514
0:2-9:TR1: ABCK ti=4 L=1931 seqmm=1857 chkmm=0 rows=1931
0:2-9:TR1: ABCK ti=5 L=1379 seqmm=1345 chkmm=1 rows=1379
0:3-0:TR1: ABCK ti=6 L=516 seqmm=503 chkmm=1 rows=516
0:3-1:TR1: ABCK ti=6 L=837 seqmm=814 chkmm=0 rows=837
0:3-2:TR1: ABCK ti=6 L=698 seqmm=689 chkmm=0 rows=698
0:3-3:TR1: ABCK ti=6 L=819 seqmm=798 chkmm=0 rows=819
0:3-4:TR1: ABCK ti=6 L=664 seqmm=652 chkmm=0 rows=664
0:3-5:TR1: ABCK ti=6 L=843 seqmm=832 chkmm=0 rows=843
0:3-6:TR1: ABCK ti=5 L=1463 seqmm=1453 chkmm=0 rows=1463
0:3-6:TR1: ABCK ti=6 L=692 seqmm=680 chkmm=0 rows=692
0:3-7:TR1: ABCK ti=6 L=677 seqmm=666 chkmm=0 rows=677
0:3-8:TR1: ABCK ti=6 L=536 seqmm=527 chkmm=0 rows=536
0:3-9:TR1: ABCK ti=7 L=424 seqmm=415 chkmm=0 rows=424
0:3-9:TR1: ABCK ti=8 L=245 seqmm=236 chkmm=0 rows=245
0:4-0:TR1: ABCK ti=7 L=287 seqmm=277 chkmm=0 rows=287
0:4-0:TR1: ABCK ti=8 L=240 seqmm=231 chkmm=0 rows=240
0:4-1:TR1: ABCK ti=7 L=326 seqmm=317 chkmm=0 rows=326
0:4-1:TR1: ABCK ti=8 L=191 seqmm=180 chkmm=1 rows=191
0:4-4:TR1: ABCK ti=7 L=302 seqmm=291 chkmm=0 rows=302
0:4-4:TR1: ABCK ti=8 L=232 seqmm=208 chkmm=0 rows=232
0:4-6:TR1: ABCK ti=7 L=314 seqmm=301 chkmm=0 rows=314
0:4-6:TR1: ABCK ti=8 L=244 seqmm=233 chkmm=0 rows=244
0:4-7:TR1: ABCK ti=9 L=147 seqmm=137 chkmm=0 rows=147
0:5-1:TR1: ABCK ti=9 L=138 seqmm=128 chkmm=0 rows=138
0:1-1:TR1: ABCK ti=2 L=3791 seqmm=3769 chkmm=1 rows=3791
0:1-3:TR1: ABCK ti=3 L=2637 seqmm=2622 chkmm=0 rows=2637
0:1-4:TR1: ABCK ti=3 L=2654 seqmm=2645 chkmm=0 rows=2654
0:1-5:TR1: ABCK ti=3 L=2613 seqmm=2603 chkmm=0 rows=2613
0:2-2:TR1: ABCK ti=4 L=1995 seqmm=1986 chkmm=1 rows=1995
0:2-2:TR1: ABCK ti=5 L=1415 seqmm=1388 chkmm=0 rows=1415
0:2-4:TR1: ABCK ti=4 L=1964 seqmm=1939 chkmm=1 rows=1964
0:2-4:TR1: ABCK ti=5 L=1130 seqmm=1119 chkmm=0 rows=1130
0:2-5:TR1: ABCK ti=4 L=2011 seqmm=1994 chkmm=1 rows=2011
0:2-5:TR1: ABCK ti=5 L=1339 seqmm=1330 chkmm=0 rows=1339
0:2-6:TR1: ABCK ti=6 L=716 seqmm=706 chkmm=0 rows=716
0:2-7:TR1: ABCK ti=4 L=1927 seqmm=1860 chkmm=1 rows=1927
0:2-7:TR1: ABCK ti=5 L=1238 seqmm=1195 chkmm=0 rows=1238
0:2-8:TR1: ABCK ti=7 L=327 seqmm=309 chkmm=1 rows=327
0:2-8:TR1: ABCK ti=8 L=211 seqmm=200 chkmm=0 rows=211
0:2-9:TR1: ABCK ti=6 L=561 seqmm=552 chkmm=0 rows=561
0:3-0:TR1: ABCK ti=7 L=271 seqmm=259 chkmm=0 rows=271
0:3-0:TR1: ABCK ti=8 L=193 seqmm=181 chkmm=0 rows=193
0:3-1:TR1: ABCK ti=7 L=359 seqmm=350 chkmm=0 rows=359
0:3-1:TR1: ABCK ti=8 L=211 seqmm=202 chkmm=0 rows=211
0:3-2:TR1: ABCK ti=7 L=262 seqmm=248 chkmm=0 rows=262
0:3-2:TR1: ABCK ti=8 L=309 seqmm=290 chkmm=0 rows=309
0:3-3:TR1: ABCK ti=7 L=312 seqmm=299 chkmm=0 rows=312
0:3-3:TR1: ABCK ti=8 L=201 seqmm=191 chkmm=0 rows=201
0:3-4:TR1: ABCK ti=7 L=234 seqmm=223 chkmm=0 rows=234
0:3-4:TR1: ABCK ti=8 L=255 seqmm=244 chkmm=0 rows=255
0:3-7:TR1: ABCK ti=7 L=232 seqmm=212 chkmm=0 rows=232
0:3-7:TR1: ABCK ti=8 L=185 seqmm=174 chkmm=0 rows=185
0:3-8:TR1: ABCK ti=7 L=244 seqmm=235 chkmm=0 rows=244
0:3-8:TR1: ABCK ti=8 L=207 seqmm=196 chkmm=0 rows=207
0:4-6:TR1: ABCK ti=9 L=136 seqmm=126 chkmm=0 rows=136
0:0-4:TR1: ABCK ti=1 L=4279 seqmm=4250 chkmm=1 rows=4279
0:0-8:TR1: ABCK ti=2 L=3586 seqmm=3576 chkmm=0 rows=3586
0:1-0:TR1: ABCK ti=2 L=3651 seqmm=3642 chkmm=0 rows=3651
0:1-1:TR1: ABCK ti=3 L=2518 seqmm=2507 chkmm=0 rows=2518
0:1-2:TR1: ABCK ti=2 L=3632 seqmm=3623 chkmm=0 rows=3632
0:1-8:TR1: ABCK ti=4 L=1982 seqmm=1972 chkmm=0 rows=1982
0:1-8:TR1: ABCK ti=5 L=1364 seqmm=1354 chkmm=1 rows=1364
0:2-0:TR1: ABCK ti=4 L=1950 seqmm=1940 chkmm=0 rows=1950
0:2-0:TR1: ABCK ti=5 L=1351 seqmm=1340 chkmm=0 rows=1351
0:2-2:TR1: ABCK ti=6 L=392 seqmm=310 chkmm=0 rows=392
0:2-3:TR1: ABCK ti=4 L=1932 seqmm=1923 chkmm=0 rows=1932
0:2-3:TR1: ABCK ti=5 L=1289 seqmm=1267 chkmm=0 rows=1289
0:2-4:TR1: ABCK ti=6 L=489 seqmm=464 chkmm=0 rows=489
0:2-5:TR1: ABCK ti=6 L=752 seqmm=741 chkmm=0 rows=752
0:2-6:TR1: ABCK ti=7 L=300 seqmm=286 chkmm=0 rows=300
0:2-6:TR1: ABCK ti=8 L=168 seqmm=157 chkmm=0 rows=168
0:2-7:TR1: ABCK ti=6 L=685 seqmm=675 chkmm=0 rows=685
0:2-9:TR1: ABCK ti=7 L=237 seqmm=219 chkmm=0 rows=237
0:2-9:TR1: ABCK ti=8 L=209 seqmm=200 chkmm=0 rows=209
0:3-5:TR1: ABCK ti=7 L=387 seqmm=375 chkmm=0 rows=387
0:3-5:TR1: ABCK ti=8 L=211 seqmm=202 chkmm=0 rows=211
0:3-6:TR1: ABCK ti=7 L=517 seqmm=506 chkmm=0 rows=517
0:3-6:TR1: ABCK ti=8 L=220 seqmm=210 chkmm=0 rows=220
0:0-3:TR1: ABCK ti=1 L=4163 seqmm=4134 chkmm=0 rows=4163
0:0-5:TR1: ABCK ti=2 L=3242 seqmm=3229 chkmm=1 rows=3242
0:0-7:TR1: ABCK ti=2 L=3625 seqmm=3614 chkmm=0 rows=3625
0:0-8:TR1: ABCK ti=3 L=2292 seqmm=2279 chkmm=0 rows=2292
0:0-9:TR1: ABCK ti=2 L=3682 seqmm=3670 chkmm=0 rows=3682
0:1-0:TR1: ABCK ti=3 L=2418 seqmm=2408 chkmm=0 rows=2418
0:1-2:TR1: ABCK ti=3 L=2515 seqmm=2505 chkmm=0 rows=2515
0:1-3:TR1: ABCK ti=4 L=1897 seqmm=1886 chkmm=0 rows=1897
0:1-3:TR1: ABCK ti=5 L=1028 seqmm=1019 chkmm=0 rows=1028
0:1-6:TR1: ABCK ti=4 L=1770 seqmm=1761 chkmm=1 rows=1770
0:1-6:TR1: ABCK ti=5 L=1278 seqmm=1264 chkmm=0 rows=1278
0:1-7:TR1: ABCK ti=4 L=1952 seqmm=1886 chkmm=2 rows=1952
0:1-7:TR1: ABCK ti=5 L=1158 seqmm=1147 chkmm=0 rows=1158
0:1-8:TR1: ABCK ti=6 L=697 seqmm=687 chkmm=0 rows=697
0:1-9:TR1: ABCK ti=4 L=1888 seqmm=1879 chkmm=0 rows=1888
0:1-9:TR1: ABCK ti=5 L=1219 seqmm=1209 chkmm=0 rows=1219
0:2-0:TR1: ABCK ti=6 L=655 seqmm=646 chkmm=0 rows=655
0:2-1:TR1: ABCK ti=4 L=1969 seqmm=1933 chkmm=1 rows=1969
0:2-1:TR1: ABCK ti=5 L=1247 seqmm=1214 chkmm=1 rows=1247
0:2-2:TR1: ABCK ti=7 L=259 seqmm=250 chkmm=0 rows=259
0:2-2:TR1: ABCK ti=8 L=303 seqmm=293 chkmm=0 rows=303
0:2-3:TR1: ABCK ti=6 L=608 seqmm=582 chkmm=0 rows=608
0:2-4:TR1: ABCK ti=7 L=244 seqmm=227 chkmm=0 rows=244
0:2-4:TR1: ABCK ti=8 L=193 seqmm=184 chkmm=0 rows=193
0:2-5:TR1: ABCK ti=7 L=279 seqmm=270 chkmm=0 rows=279
0:2-5:TR1: ABCK ti=8 L=201 seqmm=191 chkmm=0 rows=201
0:2-7:TR1: ABCK ti=7 L=369 seqmm=360 chkmm=0 rows=369
0:2-7:TR1: ABCK ti=8 L=173 seqmm=162 chkmm=0 rows=173
0:0-6:TR1: ABCK ti=2 L=3258 seqmm=3249 chkmm=0 rows=3258
0:0-7:TR1: ABCK ti=3 L=2292 seqmm=2269 chkmm=3 rows=2292
0:0-9:TR1: ABCK ti=3 L=2193 seqmm=2183 chkmm=0 rows=2193
0:1-3:TR1: ABCK ti=6 L=565 seqmm=555 chkmm=0 rows=565
0:1-4:TR1: ABCK ti=4 L=1988 seqmm=1967 chkmm=1 rows=1988
0:1-4:TR1: ABCK ti=5 L=1179 seqmm=1139 chkmm=0 rows=1179
0:1-5:TR1: ABCK ti=4 L=1970 seqmm=1961 chkmm=0 rows=1970
0:1-5:TR1: ABCK ti=5 L=1082 seqmm=1067 chkmm=1 rows=1082
0:1-6:TR1: ABCK ti=6 L=595 seqmm=586 chkmm=0 rows=595
0:1-7:TR1: ABCK ti=6 L=698 seqmm=686 chkmm=0 rows=698
0:1-9:TR1: ABCK ti=6 L=483 seqmm=470 chkmm=0 rows=483
0:2-0:TR1: ABCK ti=7 L=238 seqmm=228 chkmm=0 rows=238
0:2-0:TR1: ABCK ti=8 L=212 seqmm=200 chkmm=0 rows=212
0:2-1:TR1: ABCK ti=6 L=494 seqmm=482 chkmm=0 rows=494
0:2-3:TR1: ABCK ti=7 L=267 seqmm=256 chkmm=0 rows=267
0:2-3:TR1: ABCK ti=8 L=357 seqmm=338 chkmm=0 rows=357
0:0-4:TR1: ABCK ti=2 L=3103 seqmm=3094 chkmm=0 rows=3103
0:0-5:TR1: ABCK ti=3 L=2471 seqmm=2462 chkmm=0 rows=2471
0:0-6:TR1: ABCK ti=3 L=2595 seqmm=2585 chkmm=0 rows=2595
0:0-8:TR1: ABCK ti=4 L=1706 seqmm=1695 chkmm=0 rows=1706
0:0-8:TR1: ABCK ti=5 L=988 seqmm=978 chkmm=0 rows=988
0:1-0:TR1: ABCK ti=4 L=1691 seqmm=1667 chkmm=1 rows=1691
0:1-0:TR1: ABCK ti=5 L=782 seqmm=772 chkmm=1 rows=782
0:1-0:TR1: ABCK ti=6 L=376 seqmm=364 chkmm=0 rows=376
0:1-1:TR1: ABCK ti=4 L=1739 seqmm=1730 chkmm=0 rows=1739
0:1-1:TR1: ABCK ti=5 L=912 seqmm=902 chkmm=0 rows=912
0:1-2:TR1: ABCK ti=4 L=1777 seqmm=1768 chkmm=0 rows=1777
0:1-2:TR1: ABCK ti=5 L=901 seqmm=891 chkmm=0 rows=901
0:1-3:TR1: ABCK ti=7 L=426 seqmm=416 chkmm=0 rows=426
0:1-4:TR1: ABCK ti=6 L=366 seqmm=357 chkmm=1 rows=366
0:1-5:TR1: ABCK ti=6 L=368 seqmm=355 chkmm=1 rows=368
0:1-6:TR1: ABCK ti=7 L=260 seqmm=249 chkmm=0 rows=260
0:1-6:TR1: ABCK ti=8 L=181 seqmm=171 chkmm=0 rows=181
0:1-7:TR1: ABCK ti=7 L=274 seqmm=255 chkmm=1 rows=274
0:1-7:TR1: ABCK ti=8 L=386 seqmm=375 chkmm=0 rows=386
0:1-8:TR1: ABCK ti=7 L=350 seqmm=330 chkmm=0 rows=350
0:1-8:TR1: ABCK ti=8 L=150 seqmm=139 chkmm=0 rows=150
0:1-9:TR1: ABCK ti=7 L=287 seqmm=274 chkmm=0 rows=287
0:1-9:TR1: ABCK ti=8 L=161 seqmm=148 chkmm=0 rows=161
0:2-1:TR1: ABCK ti=7 L=288 seqmm=274 chkmm=0 rows=288
0:2-1:TR1: ABCK ti=8 L=262 seqmm=253 chkmm=0 rows=262
0:0-3:TR1: ABCK ti=2 L=2976 seqmm=2966 chkmm=0 rows=2976
0:0-4:TR1: ABCK ti=3 L=2227 seqmm=2217 chkmm=0 rows=2227
0:0-8:TR1: ABCK ti=6 L=311 seqmm=294 chkmm=0 rows=311
0:0-9:TR1: ABCK ti=4 L=1815 seqmm=1730 chkmm=1 rows=1815
0:0-9:TR1: ABCK ti=5 L=839 seqmm=823 chkmm=0 rows=839
0:1-1:TR1: ABCK ti=6 L=393 seqmm=384 chkmm=0 rows=393
0:1-2:TR1: ABCK ti=6 L=401 seqmm=391 chkmm=0 rows=401
0:1-4:TR1: ABCK ti=7 L=362 seqmm=353 chkmm=0 rows=362
0:1-4:TR1: ABCK ti=8 L=207 seqmm=197 chkmm=0 rows=207
0:1-5:TR1: ABCK ti=7 L=294 seqmm=285 chkmm=0 rows=294
0:1-5:TR1: ABCK ti=8 L=99 seqmm=83 chkmm=0 rows=99
0:0-2:TR1: ABCK ti=0 L=21413 seqmm=21412 chkmm=21413 rows=21413
0:0-3:TR1: ABCK ti=3 L=2197 seqmm=2174 chkmm=0 rows=2197
0:0-5:TR1: ABCK ti=4 L=1766 seqmm=1752 chkmm=2 rows=1766
0:0-5:TR1: ABCK ti=5 L=831 seqmm=822 chkmm=0 rows=831
0:0-6:TR1: ABCK ti=4 L=1634 seqmm=1611 chkmm=0 rows=1634
0:0-6:TR1: ABCK ti=5 L=1087 seqmm=1078 chkmm=0 rows=1087
0:0-7:TR1: ABCK ti=4 L=1604 seqmm=1590 chkmm=0 rows=1604
0:0-7:TR1: ABCK ti=5 L=1152 seqmm=1078 chkmm=2 rows=1152
0:0-8:TR1: ABCK ti=7 L=282 seqmm=268 chkmm=0 rows=282
0:0-8:TR1: ABCK ti=8 L=182 seqmm=173 chkmm=0 rows=182
0:0-9:TR1: ABCK ti=6 L=490 seqmm=480 chkmm=0 rows=490
0:1-0:TR1: ABCK ti=7 L=268 seqmm=259 chkmm=0 rows=268
0:1-0:TR1: ABCK ti=8 L=144 seqmm=133 chkmm=0 rows=144
0:1-1:TR1: ABCK ti=7 L=229 seqmm=217 chkmm=1 rows=229
0:1-1:TR1: ABCK ti=8 L=177 seqmm=168 chkmm=0 rows=177
0:1-2:TR1: ABCK ti=7 L=233 seqmm=224 chkmm=0 rows=233
0:1-2:TR1: ABCK ti=8 L=160 seqmm=151 chkmm=0 rows=160
0:0-4:TR1: ABCK ti=4 L=1572 seqmm=1560 chkmm=0 rows=1572
0:0-4:TR1: ABCK ti=5 L=922 seqmm=909 chkmm=0 rows=922
0:0-5:TR1: ABCK ti=6 L=278 seqmm=263 chkmm=1 rows=278
0:0-6:TR1: ABCK ti=6 L=476 seqmm=465 chkmm=0 rows=476
0:0-7:TR1: ABCK ti=6 L=255 seqmm=236 chkmm=1 rows=255
0:0-9:TR1: ABCK ti=7 L=217 seqmm=206 chkmm=0 rows=217
0:0-9:TR1: ABCK ti=8 L=211 seqmm=199 chkmm=1 rows=211
0:0-2:TR1: ABCK ti=1 L=3778 seqmm=3768 chkmm=0 rows=3778
0:0-4:TR1: ABCK ti=6 L=468 seqmm=458 chkmm=0 rows=468
0:0-5:TR1: ABCK ti=7 L=349 seqmm=338 chkmm=0 rows=349
0:0-5:TR1: ABCK ti=8 L=109 seqmm=100 chkmm=0 rows=109
0:0-6:TR1: ABCK ti=7 L=258 seqmm=249 chkmm=0 rows=258
0:0-6:TR1: ABCK ti=8 L=162 seqmm=146 chkmm=0 rows=162
0:0-7:TR1: ABCK ti=7 L=316 seqmm=305 chkmm=0 rows=316
0:0-3:TR1: ABCK ti=4 L=1660 seqmm=1634 chkmm=1 rows=1660
0:0-3:TR1: ABCK ti=5 L=1089 seqmm=1079 chkmm=0 rows=1089
0:0-4:TR1: ABCK ti=7 L=226 seqmm=212 chkmm=0 rows=226
0:0-4:TR1: ABCK ti=8 L=105 seqmm=92 chkmm=0 rows=105
0:0-3:TR1: ABCK ti=6 L=363 seqmm=351 chkmm=0 rows=363
0:0-1:TR1: ABCK ti=0 L=23401 seqmm=23400 chkmm=23401 rows=23401
0:0-2:TR1: ABCK ti=2 L=2796 seqmm=2785 chkmm=0 rows=2796
0:0-3:TR1: ABCK ti=7 L=223 seqmm=212 chkmm=0 rows=223
0:0-3:TR1: ABCK ti=8 L=150 seqmm=139 chkmm=0 rows=150
0:0-2:TR1: ABCK ti=3 L=2023 seqmm=2014 chkmm=0 rows=2023
0:0-1:TR1: ABCK ti=1 L=3037 seqmm=3027 chkmm=0 rows=3037
0:0-2:TR1: ABCK ti=4 L=1022 seqmm=1012 chkmm=0 rows=1022
0:0-2:TR1: ABCK ti=5 L=524 seqmm=510 chkmm=0 rows=524
0:0-2:TR1: ABCK ti=6 L=247 seqmm=237 chkmm=0 rows=247
0:0-1:TR1: ABCK ti=2 L=2287 seqmm=2277 chkmm=0 rows=2287
0:0-2:TR1: ABCK ti=7 L=209 seqmm=200 chkmm=0 rows=209
0:0-0:TR1: ABCK ti=0 L=25699 seqmm=25698 chkmm=25699 rows=25699
0:0-1:TR1: ABCK ti=3 L=1580 seqmm=1557 chkmm=0 rows=1580
0:0-0:TR1: ABCK ti=1 L=2751 seqmm=2741 chkmm=0 rows=2751
0:0-1:TR1: ABCK ti=4 L=1086 seqmm=1072 chkmm=0 rows=1086
0:0-1:TR1: ABCK ti=5 L=366 seqmm=355 chkmm=0 rows=366
0:0-1:TR1: ABCK ti=6 L=220 seqmm=204 chkmm=1 rows=220
0:0-1:TR1: ABCK ti=7 L=116 seqmm=107 chkmm=0 rows=116
0:0-0:TR1: ABCK ti=2 L=1911 seqmm=1884 chkmm=2 rows=1911
0:0-0:TR1: ABCK ti=3 L=1166 seqmm=1157 chkmm=0 rows=1166
0:0-0:TR1: ABCK ti=4 L=661 seqmm=643 chkmm=0 rows=661
0:0-0:TR1: ABCK ti=5 L=347 seqmm=335 chkmm=0 rows=347
0:0-0:TR1: ABCK ti=6 L=192 seqmm=183 chkmm=0 rows=192
[BLEND_SPLIT] upload=0.5 (attrs=0.0MB ids=0.0MB resident) exec=5931.8 readback=2.4 total=5934.7 ms
[BLEND_ADDR] cull_masks=0xa08ee00 out=0xa269ec0(sz=0x600000) tile_ids=0x54d3ec0 xramp=0xa267ec0 yramp=0xa268ec0 payload=0x0(sz=0x0)
[BLEND_DEVICE] resident_blend=6028.9 ms (host_build=0)
[BUCKET_CULL] P_kept=3369033 tiles=1024 floor=6.10352e-05 cull_disabled=0 exec=73.94ms
[SORT] stage=RP P=3369033 P_kept=3369033 num_tiles=1024 max_tile_n=26544 bin=15.91 up=0.42 kernel=7.45 d2h=0.00 compact=0.00 publish=1.30 total=99.20ms
[CULL_SPLIT] candidates=3369033 masks=12.88MB exec=80.2 ms masks_addr=0xa08ee00 end=0xad70280 base_addr=0x9eb5600
0:10-0:TR1: ABCK ti=0 L=8527 seqmm=8526 chkmm=8527 rows=8527
0:10-1:TR1: ABCK ti=0 L=8528 seqmm=8527 chkmm=8528 rows=8528
0:10-2:TR1: ABCK ti=0 L=8444 seqmm=8443 chkmm=8444 rows=8444
0:10-3:TR1: ABCK ti=0 L=8378 seqmm=8377 chkmm=8378 rows=8378
0:10-4:TR1: ABCK ti=0 L=8424 seqmm=8423 chkmm=8424 rows=8424
0:10-5:TR1: ABCK ti=0 L=8389 seqmm=8388 chkmm=8389 rows=8389
0:10-6:TR1: ABCK ti=0 L=8353 seqmm=8352 chkmm=8353 rows=8353
0:10-7:TR1: ABCK ti=0 L=8360 seqmm=8359 chkmm=8360 rows=8360
0:10-9:TR1: ABCK ti=0 L=8246 seqmm=8245 chkmm=8246 rows=8246
0:9-7:TR1: ABCK ti=0 L=8760 seqmm=8759 chkmm=8760 rows=8760
0:9-8:TR1: ABCK ti=0 L=8680 seqmm=8679 chkmm=8680 rows=8680
0:9-9:TR1: ABCK ti=0 L=8574 seqmm=8573 chkmm=8574 rows=8574
0:10-8:TR1: ABCK ti=0 L=8284 seqmm=8283 chkmm=8284 rows=8284
0:9-3:TR1: ABCK ti=0 L=9159 seqmm=9158 chkmm=9159 rows=9159
0:9-4:TR1: ABCK ti=0 L=9216 seqmm=9215 chkmm=9216 rows=9216
0:9-5:TR1: ABCK ti=0 L=9093 seqmm=9092 chkmm=9093 rows=9093
0:9-6:TR1: ABCK ti=0 L=9101 seqmm=9100 chkmm=9101 rows=9101
0:8-9:TR1: ABCK ti=0 L=9433 seqmm=9432 chkmm=9433 rows=9433
0:9-0:TR1: ABCK ti=0 L=9302 seqmm=9301 chkmm=9302 rows=9302
0:9-1:TR1: ABCK ti=0 L=9293 seqmm=9292 chkmm=9293 rows=9293
0:9-2:TR1: ABCK ti=0 L=9266 seqmm=9265 chkmm=9266 rows=9266
0:7-7:TR1: ABCK ti=0 L=9980 seqmm=9979 chkmm=9980 rows=9980
0:7-8:TR1: ABCK ti=0 L=9938 seqmm=9937 chkmm=9938 rows=9938
0:7-9:TR1: ABCK ti=0 L=9982 seqmm=9981 chkmm=9982 rows=9982
0:8-0:TR1: ABCK ti=0 L=9885 seqmm=9884 chkmm=9885 rows=9885
0:8-3:TR1: ABCK ti=0 L=9654 seqmm=9653 chkmm=9654 rows=9654
0:8-4:TR1: ABCK ti=0 L=9624 seqmm=9623 chkmm=9624 rows=9624
0:8-5:TR1: ABCK ti=0 L=9548 seqmm=9547 chkmm=9548 rows=9548
0:8-6:TR1: ABCK ti=0 L=9516 seqmm=9515 chkmm=9516 rows=9516
0:8-7:TR1: ABCK ti=0 L=9637 seqmm=9636 chkmm=9637 rows=9637
0:8-8:TR1: ABCK ti=0 L=9495 seqmm=9494 chkmm=9495 rows=9495
0:7-3:TR1: ABCK ti=0 L=10254 seqmm=10253 chkmm=10254 rows=10254
0:7-4:TR1: ABCK ti=0 L=10210 seqmm=10209 chkmm=10210 rows=10210
0:7-5:TR1: ABCK ti=0 L=10172 seqmm=10171 chkmm=10172 rows=10172
0:7-6:TR1: ABCK ti=0 L=10085 seqmm=10084 chkmm=10085 rows=10085
0:8-1:TR1: ABCK ti=0 L=9703 seqmm=9702 chkmm=9703 rows=9703
0:8-2:TR1: ABCK ti=0 L=9775 seqmm=9774 chkmm=9775 rows=9775
0:10-8:TR1: ABCK ti=1 L=8100 seqmm=8058 chkmm=1 rows=8100
0:6-6:TR1: ABCK ti=0 L=10732 seqmm=10731 chkmm=10732 rows=10732
0:6-7:TR1: ABCK ti=0 L=10614 seqmm=10613 chkmm=10614 rows=10614
0:6-8:TR1: ABCK ti=0 L=10612 seqmm=10611 chkmm=10612 rows=10612
0:6-9:TR1: ABCK ti=0 L=10483 seqmm=10482 chkmm=10483 rows=10483
0:7-1:TR1: ABCK ti=0 L=10303 seqmm=10302 chkmm=10303 rows=10303
0:7-2:TR1: ABCK ti=0 L=10296 seqmm=10295 chkmm=10296 rows=10296
0:10-2:TR1: ABCK ti=1 L=7616 seqmm=7366 chkmm=2 rows=7616
0:10-4:TR1: ABCK ti=1 L=8057 seqmm=7870 chkmm=1 rows=8057
0:10-9:TR1: ABCK ti=1 L=8091 seqmm=8080 chkmm=0 rows=8091
0:6-0:TR1: ABCK ti=0 L=11157 seqmm=11156 chkmm=11157 rows=11157
0:6-3:TR1: ABCK ti=0 L=10796 seqmm=10795 chkmm=10796 rows=10796
0:6-4:TR1: ABCK ti=0 L=10831 seqmm=10830 chkmm=10831 rows=10831
0:6-5:TR1: ABCK ti=0 L=10759 seqmm=10758 chkmm=10759 rows=10759
0:7-0:TR1: ABCK ti=0 L=10543 seqmm=10542 chkmm=10543 rows=10543
0:9-0:TR1: ABCK ti=1 L=7187 seqmm=7177 chkmm=0 rows=7187
0:9-2:TR1: ABCK ti=1 L=7104 seqmm=7095 chkmm=0 rows=7104
0:10-0:TR1: ABCK ti=1 L=7696 seqmm=7291 chkmm=0 rows=7696
0:10-1:TR1: ABCK ti=1 L=7677 seqmm=7357 chkmm=3 rows=7677
0:10-3:TR1: ABCK ti=1 L=7850 seqmm=7607 chkmm=1 rows=7850
0:10-5:TR1: ABCK ti=1 L=8057 seqmm=8037 chkmm=1 rows=8057
0:10-7:TR1: ABCK ti=1 L=7834 seqmm=7794 chkmm=2 rows=7834
0:5-8:TR1: ABCK ti=0 L=11288 seqmm=11287 chkmm=11288 rows=11288
0:6-1:TR1: ABCK ti=0 L=11088 seqmm=11087 chkmm=11088 rows=11088
0:6-2:TR1: ABCK ti=0 L=11032 seqmm=11031 chkmm=11032 rows=11032
0:8-3:TR1: ABCK ti=1 L=6853 seqmm=6522 chkmm=0 rows=6853
0:8-4:TR1: ABCK ti=1 L=6944 seqmm=6719 chkmm=6 rows=6944
0:8-5:TR1: ABCK ti=1 L=7020 seqmm=6997 chkmm=0 rows=7020
0:8-6:TR1: ABCK ti=1 L=6948 seqmm=6782 chkmm=1 rows=6948
0:8-7:TR1: ABCK ti=1 L=6963 seqmm=6950 chkmm=1 rows=6963
0:9-1:TR1: ABCK ti=1 L=7214 seqmm=7156 chkmm=0 rows=7214
0:9-4:TR1: ABCK ti=1 L=7408 seqmm=7399 chkmm=0 rows=7408
0:9-6:TR1: ABCK ti=1 L=7482 seqmm=6486 chkmm=1 rows=7482
0:9-7:TR1: ABCK ti=1 L=7660 seqmm=7650 chkmm=1 rows=7660
0:9-8:TR1: ABCK ti=1 L=7557 seqmm=7548 chkmm=0 rows=7557
0:9-9:TR1: ABCK ti=1 L=7651 seqmm=7642 chkmm=0 rows=7651
0:10-4:TR1: ABCK ti=2 L=4577 seqmm=4553 chkmm=0 rows=4577
0:10-6:TR1: ABCK ti=1 L=7876 seqmm=7867 chkmm=0 rows=7876
0:10-9:TR1: ABCK ti=2 L=4612 seqmm=4578 chkmm=0 rows=4612
0:5-0:TR1: ABCK ti=0 L=11951 seqmm=11950 chkmm=11951 rows=11951
0:5-1:TR1: ABCK ti=0 L=11934 seqmm=11933 chkmm=11934 rows=11934
0:5-3:TR1: ABCK ti=0 L=11903 seqmm=11902 chkmm=11903 rows=11903
0:5-4:TR1: ABCK ti=0 L=11724 seqmm=11723 chkmm=11724 rows=11724
0:5-5:TR1: ABCK ti=0 L=11647 seqmm=11646 chkmm=11647 rows=11647
0:5-6:TR1: ABCK ti=0 L=11592 seqmm=11591 chkmm=11592 rows=11592
0:5-7:TR1: ABCK ti=0 L=11563 seqmm=11562 chkmm=11563 rows=11563
0:5-9:TR1: ABCK ti=0 L=11278 seqmm=11277 chkmm=11278 rows=11278
0:7-8:TR1: ABCK ti=1 L=6613 seqmm=6447 chkmm=4 rows=6613
0:8-1:TR1: ABCK ti=1 L=6771 seqmm=6740 chkmm=2 rows=6771
0:8-2:TR1: ABCK ti=1 L=6752 seqmm=6472 chkmm=0 rows=6752
0:8-8:TR1: ABCK ti=1 L=7128 seqmm=7118 chkmm=0 rows=7128
0:8-9:TR1: ABCK ti=1 L=7057 seqmm=7046 chkmm=1 rows=7057
0:9-3:TR1: ABCK ti=1 L=7248 seqmm=7227 chkmm=0 rows=7248
0:9-5:TR1: ABCK ti=1 L=7476 seqmm=7467 chkmm=0 rows=7476
0:10-0:TR1: ABCK ti=2 L=4896 seqmm=4883 chkmm=0 rows=4896
0:10-2:TR1: ABCK ti=2 L=4987 seqmm=4973 chkmm=0 rows=4987
0:10-3:TR1: ABCK ti=2 L=4844 seqmm=4646 chkmm=4 rows=4844
0:10-5:TR1: ABCK ti=2 L=4740 seqmm=4371 chkmm=3 rows=4740
0:10-7:TR1: ABCK ti=2 L=4729 seqmm=4652 chkmm=2 rows=4729
0:10-8:TR1: ABCK ti=2 L=4805 seqmm=4794 chkmm=0 rows=4805
0:4-6:TR1: ABCK ti=0 L=12151 seqmm=12150 chkmm=12151 rows=12151
0:4-7:TR1: ABCK ti=0 L=12136 seqmm=12135 chkmm=12136 rows=12136
0:4-8:TR1: ABCK ti=0 L=12064 seqmm=12063 chkmm=12064 rows=12064
0:4-9:TR1: ABCK ti=0 L=12013 seqmm=12012 chkmm=12013 rows=12013
0:5-2:TR1: ABCK ti=0 L=11905 seqmm=11904 chkmm=11905 rows=11905
0:6-4:TR1: ABCK ti=1 L=6176 seqmm=5995 chkmm=2 rows=6176
0:7-0:TR1: ABCK ti=1 L=6308 seqmm=6299 chkmm=1 rows=6308
0:7-2:TR1: ABCK ti=1 L=6494 seqmm=6463 chkmm=2 rows=6494
0:7-3:TR1: ABCK ti=1 L=6382 seqmm=6372 chkmm=0 rows=6382
0:7-5:TR1: ABCK ti=1 L=6466 seqmm=6310 chkmm=3 rows=6466
0:7-7:TR1: ABCK ti=1 L=6501 seqmm=6476 chkmm=0 rows=6501
0:7-9:TR1: ABCK ti=1 L=6495 seqmm=6048 chkmm=3 rows=6495
0:8-0:TR1: ABCK ti=1 L=6698 seqmm=6231 chkmm=0 rows=6698
0:9-6:TR1: ABCK ti=2 L=4496 seqmm=4384 chkmm=3 rows=4496
0:9-7:TR1: ABCK ti=2 L=4756 seqmm=4743 chkmm=0 rows=4756
0:10-1:TR1: ABCK ti=2 L=4999 seqmm=4989 chkmm=0 rows=4999
0:10-6:TR1: ABCK ti=2 L=4744 seqmm=4735 chkmm=1 rows=4744
0:4-5:TR1: ABCK ti=0 L=12390 seqmm=12389 chkmm=12390 rows=12390
0:6-1:TR1: ABCK ti=1 L=6053 seqmm=6021 chkmm=0 rows=6053
0:6-3:TR1: ABCK ti=1 L=6081 seqmm=6071 chkmm=0 rows=6081
0:6-8:TR1: ABCK ti=1 L=6283 seqmm=6185 chkmm=3 rows=6283
0:6-9:TR1: ABCK ti=1 L=6337 seqmm=6250 chkmm=1 rows=6337
0:7-1:TR1: ABCK ti=1 L=6418 seqmm=6405 chkmm=2 rows=6418
0:7-4:TR1: ABCK ti=1 L=6438 seqmm=6429 chkmm=0 rows=6438
0:7-6:TR1: ABCK ti=1 L=6623 seqmm=6443 chkmm=1 rows=6623
0:8-9:TR1: ABCK ti=2 L=4487 seqmm=4478 chkmm=0 rows=4487
0:9-4:TR1: ABCK ti=2 L=4567 seqmm=4557 chkmm=0 rows=4567
0:9-5:TR1: ABCK ti=2 L=4462 seqmm=4240 chkmm=1 rows=4462
0:9-8:TR1: ABCK ti=2 L=4740 seqmm=4547 chkmm=0 rows=4740
0:9-9:TR1: ABCK ti=2 L=4728 seqmm=4718 chkmm=0 rows=4728
0:10-2:TR1: ABCK ti=3 L=3532 seqmm=3512 chkmm=0 rows=3532
0:10-4:TR1: ABCK ti=3 L=3475 seqmm=3452 chkmm=0 rows=3475
0:10-7:TR1: ABCK ti=3 L=3755 seqmm=3715 chkmm=0 rows=3755
0:10-8:TR1: ABCK ti=3 L=3360 seqmm=3348 chkmm=1 rows=3360
0:10-9:TR1: ABCK ti=3 L=3361 seqmm=3352 chkmm=0 rows=3361
0:4-4:TR1: ABCK ti=0 L=12691 seqmm=12690 chkmm=12691 rows=12691
0:5-7:TR1: ABCK ti=1 L=5947 seqmm=5835 chkmm=2 rows=5947
0:6-0:TR1: ABCK ti=1 L=6113 seqmm=6104 chkmm=0 rows=6113
0:6-2:TR1: ABCK ti=1 L=6286 seqmm=6277 chkmm=0 rows=6286
0:6-5:TR1: ABCK ti=1 L=6244 seqmm=6122 chkmm=0 rows=6244
0:6-6:TR1: ABCK ti=1 L=6249 seqmm=5800 chkmm=4 rows=6249
0:6-7:TR1: ABCK ti=1 L=6286 seqmm=6125 chkmm=7 rows=6286
0:7-3:TR1: ABCK ti=2 L=4426 seqmm=4346 chkmm=0 rows=4426
0:7-5:TR1: ABCK ti=2 L=4605 seqmm=4495 chkmm=2 rows=4605
0:7-7:TR1: ABCK ti=2 L=4512 seqmm=4503 chkmm=0 rows=4512
0:7-8:TR1: ABCK ti=2 L=4618 seqmm=4606 chkmm=0 rows=4618
0:7-9:TR1: ABCK ti=2 L=4686 seqmm=4677 chkmm=0 rows=4686
0:8-0:TR1: ABCK ti=2 L=4588 seqmm=4575 chkmm=0 rows=4588
0:8-3:TR1: ABCK ti=2 L=4665 seqmm=4585 chkmm=2 rows=4665
0:8-4:TR1: ABCK ti=2 L=4583 seqmm=4570 chkmm=0 rows=4583
0:8-5:TR1: ABCK ti=2 L=4475 seqmm=4463 chkmm=0 rows=4475
0:8-6:TR1: ABCK ti=2 L=4644 seqmm=4635 chkmm=0 rows=4644
0:9-0:TR1: ABCK ti=2 L=4686 seqmm=4674 chkmm=0 rows=4686
0:9-2:TR1: ABCK ti=2 L=4675 seqmm=4658 chkmm=0 rows=4675
0:9-3:TR1: ABCK ti=2 L=4759 seqmm=4504 chkmm=1 rows=4759
0:9-7:TR1: ABCK ti=3 L=3522 seqmm=3512 chkmm=0 rows=3522
0:10-0:TR1: ABCK ti=3 L=3591 seqmm=3580 chkmm=0 rows=3591
0:10-3:TR1: ABCK ti=3 L=3671 seqmm=3660 chkmm=0 rows=3671
0:10-5:TR1: ABCK ti=3 L=3424 seqmm=3412 chkmm=0 rows=3424
0:3-8:TR1: ABCK ti=0 L=13182 seqmm=13181 chkmm=13182 rows=13182
0:3-9:TR1: ABCK ti=0 L=12975 seqmm=12974 chkmm=12975 rows=12975
0:4-0:TR1: ABCK ti=0 L=12920 seqmm=12919 chkmm=12920 rows=12920
0:4-1:TR1: ABCK ti=0 L=12951 seqmm=12950 chkmm=12951 rows=12951
0:4-2:TR1: ABCK ti=0 L=12947 seqmm=12946 chkmm=12947 rows=12947
0:4-3:TR1: ABCK ti=0 L=12811 seqmm=12810 chkmm=12811 rows=12811
0:5-2:TR1: ABCK ti=1 L=5861 seqmm=5851 chkmm=0 rows=5861
0:5-6:TR1: ABCK ti=1 L=5970 seqmm=5961 chkmm=0 rows=5970
0:5-8:TR1: ABCK ti=1 L=6084 seqmm=5954 chkmm=1 rows=6084
0:5-9:TR1: ABCK ti=1 L=6087 seqmm=6077 chkmm=0 rows=6087
0:6-9:TR1: ABCK ti=2 L=4399 seqmm=4332 chkmm=2 rows=4399
0:7-4:TR1: ABCK ti=2 L=4461 seqmm=4451 chkmm=0 rows=4461
0:7-6:TR1: ABCK ti=2 L=4418 seqmm=4392 chkmm=0 rows=4418
0:8-3:TR1: ABCK ti=3 L=3481 seqmm=3459 chkmm=0 rows=3481
0:8-4:TR1: ABCK ti=3 L=3353 seqmm=3323 chkmm=1 rows=3353
0:8-5:TR1: ABCK ti=3 L=3306 seqmm=3285 chkmm=1 rows=3306
0:8-6:TR1: ABCK ti=3 L=3410 seqmm=3365 chkmm=0 rows=3410
0:8-7:TR1: ABCK ti=2 L=4548 seqmm=4466 chkmm=1 rows=4548
0:8-8:TR1: ABCK ti=2 L=4578 seqmm=4566 chkmm=1 rows=4578
0:8-9:TR1: ABCK ti=3 L=3189 seqmm=3179 chkmm=0 rows=3189
0:9-1:TR1: ABCK ti=2 L=4701 seqmm=4691 chkmm=0 rows=4701
0:9-4:TR1: ABCK ti=3 L=3431 seqmm=3421 chkmm=0 rows=3431
0:9-6:TR1: ABCK ti=3 L=3565 seqmm=3554 chkmm=0 rows=3565
0:9-8:TR1: ABCK ti=3 L=3630 seqmm=3592 chkmm=2 rows=3630
0:9-9:TR1: ABCK ti=3 L=3728 seqmm=3718 chkmm=0 rows=3728
0:10-1:TR1: ABCK ti=3 L=3624 seqmm=3614 chkmm=0 rows=3624
0:10-6:TR1: ABCK ti=3 L=3455 seqmm=3446 chkmm=0 rows=3455
0:10-8:TR1: ABCK ti=4 L=2418 seqmm=2408 chkmm=0 rows=2418
0:3-5:TR1: ABCK ti=0 L=13447 seqmm=13446 chkmm=13447 rows=13447
0:3-6:TR1: ABCK ti=0 L=13434 seqmm=13433 chkmm=13434 rows=13434
0:3-7:TR1: ABCK ti=0 L=13293 seqmm=13292 chkmm=13293 rows=13293
0:4-5:TR1: ABCK ti=1 L=5859 seqmm=5844 chkmm=1 rows=5859
0:5-3:TR1: ABCK ti=1 L=5834 seqmm=5825 chkmm=0 rows=5834
0:5-4:TR1: ABCK ti=1 L=5916 seqmm=5811 chkmm=1 rows=5916
0:5-5:TR1: ABCK ti=1 L=5918 seqmm=5907 chkmm=0 rows=5918
0:6-4:TR1: ABCK ti=2 L=4369 seqmm=4193 chkmm=0 rows=4369
0:6-6:TR1: ABCK ti=2 L=4477 seqmm=4465 chkmm=1 rows=4477
0:6-7:TR1: ABCK ti=2 L=4415 seqmm=4399 chkmm=0 rows=4415
0:6-8:TR1: ABCK ti=2 L=4434 seqmm=4393 chkmm=0 rows=4434
0:7-0:TR1: ABCK ti=2 L=4506 seqmm=4496 chkmm=0 rows=4506
0:7-5:TR1: ABCK ti=3 L=3295 seqmm=3285 chkmm=0 rows=3295
0:7-7:TR1: ABCK ti=3 L=3303 seqmm=3293 chkmm=1 rows=3303
0:7-8:TR1: ABCK ti=3 L=3312 seqmm=3303 chkmm=0 rows=3312
0:7-9:TR1: ABCK ti=3 L=3229 seqmm=3218 chkmm=0 rows=3229
0:8-0:TR1: ABCK ti=3 L=3340 seqmm=3331 chkmm=0 rows=3340
0:8-1:TR1: ABCK ti=2 L=4527 seqmm=4518 chkmm=1 rows=4527
0:8-2:TR1: ABCK ti=2 L=4580 seqmm=4063 chkmm=2 rows=4580
0:8-7:TR1: ABCK ti=3 L=3415 seqmm=3395 chkmm=0 rows=3415
0:8-8:TR1: ABCK ti=3 L=3255 seqmm=3246 chkmm=0 rows=3255
0:9-0:TR1: ABCK ti=3 L=3525 seqmm=3513 chkmm=0 rows=3525
0:9-2:TR1: ABCK ti=3 L=3565 seqmm=3556 chkmm=0 rows=3565
0:9-3:TR1: ABCK ti=3 L=3374 seqmm=3357 chkmm=0 rows=3374
0:9-5:TR1: ABCK ti=3 L=3518 seqmm=3507 chkmm=0 rows=3518
0:10-2:TR1: ABCK ti=4 L=2367 seqmm=2312 chkmm=0 rows=2367
0:10-3:TR1: ABCK ti=4 L=2257 seqmm=2246 chkmm=0 rows=2257
0:10-4:TR1: ABCK ti=4 L=2315 seqmm=2306 chkmm=0 rows=2315
0:10-4:TR1: ABCK ti=5 L=1795 seqmm=1780 chkmm=1 rows=1795
0:10-5:TR1: ABCK ti=4 L=2423 seqmm=2408 chkmm=0 rows=2423
0:10-7:TR1: ABCK ti=4 L=2324 seqmm=2304 chkmm=1 rows=2324
0:10-9:TR1: ABCK ti=4 L=2457 seqmm=2448 chkmm=0 rows=2457
0:3-1:TR1: ABCK ti=0 L=13926 seqmm=13925 chkmm=13926 rows=13926
0:3-2:TR1: ABCK ti=0 L=13794 seqmm=13793 chkmm=13794 rows=13794
0:3-3:TR1: ABCK ti=0 L=13671 seqmm=13670 chkmm=13671 rows=13671
0:3-4:TR1: ABCK ti=0 L=13607 seqmm=13606 chkmm=13607 rows=13607
0:4-3:TR1: ABCK ti=1 L=5740 seqmm=5729 chkmm=0 rows=5740
0:4-4:TR1: ABCK ti=1 L=5767 seqmm=5744 chkmm=0 rows=5767
0:4-7:TR1: ABCK ti=1 L=5802 seqmm=5793 chkmm=0 rows=5802
0:4-8:TR1: ABCK ti=1 L=5830 seqmm=5771 chkmm=1 rows=5830
0:4-9:TR1: ABCK ti=1 L=5951 seqmm=5807 chkmm=1 rows=5951
0:5-0:TR1: ABCK ti=1 L=5914 seqmm=5818 chkmm=0 rows=5914
0:5-8:TR1: ABCK ti=2 L=4345 seqmm=4320 chkmm=2 rows=4345
0:6-0:TR1: ABCK ti=2 L=4259 seqmm=4216 chkmm=0 rows=4259
0:6-3:TR1: ABCK ti=2 L=4386 seqmm=4334 chkmm=0 rows=4386
0:7-0:TR1: ABCK ti=3 L=3214 seqmm=3199 chkmm=0 rows=3214
0:7-2:TR1: ABCK ti=2 L=4432 seqmm=4408 chkmm=1 rows=4432
0:7-3:TR1: ABCK ti=3 L=3248 seqmm=3236 chkmm=0 rows=3248
0:7-6:TR1: ABCK ti=3 L=3603 seqmm=3572 chkmm=0 rows=3603
0:8-1:TR1: ABCK ti=3 L=3295 seqmm=3270 chkmm=0 rows=3295
0:8-2:TR1: ABCK ti=3 L=3264 seqmm=3254 chkmm=0 rows=3264
0:8-3:TR1: ABCK ti=4 L=2326 seqmm=2314 chkmm=0 rows=2326
0:8-4:TR1: ABCK ti=4 L=2473 seqmm=2452 chkmm=0 rows=2473
0:8-5:TR1: ABCK ti=4 L=2576 seqmm=2565 chkmm=0 rows=2576
0:8-6:TR1: ABCK ti=4 L=2372 seqmm=2351 chkmm=0 rows=2372
0:9-0:TR1: ABCK ti=4 L=2330 seqmm=2321 chkmm=0 rows=2330
0:9-1:TR1: ABCK ti=3 L=3271 seqmm=3261 chkmm=0 rows=3271
0:9-2:TR1: ABCK ti=4 L=2383 seqmm=2371 chkmm=0 rows=2383
0:9-7:TR1: ABCK ti=4 L=2350 seqmm=2294 chkmm=0 rows=2350
0:10-0:TR1: ABCK ti=4 L=2286 seqmm=2272 chkmm=0 rows=2286
0:10-1:TR1: ABCK ti=4 L=2314 seqmm=2305 chkmm=0 rows=2314
0:10-2:TR1: ABCK ti=5 L=1738 seqmm=1728 chkmm=0 rows=1738
0:10-3:TR1: ABCK ti=5 L=1774 seqmm=1765 chkmm=0 rows=1774
0:10-5:TR1: ABCK ti=5 L=1830 seqmm=1821 chkmm=0 rows=1830
0:10-7:TR1: ABCK ti=5 L=1893 seqmm=1884 chkmm=1 rows=1893
0:10-8:TR1: ABCK ti=5 L=1557 seqmm=1545 chkmm=0 rows=1557
0:10-8:TR1: ABCK ti=6 L=1094 seqmm=1082 chkmm=0 rows=1094
0:10-9:TR1: ABCK ti=5 L=1845 seqmm=1836 chkmm=0 rows=1845
0:2-6:TR1: ABCK ti=0 L=14272 seqmm=14271 chkmm=14272 rows=14272
0:2-7:TR1: ABCK ti=0 L=14298 seqmm=14297 chkmm=14298 rows=14298
0:2-8:TR1: ABCK ti=0 L=14075 seqmm=14074 chkmm=14075 rows=14075
0:2-9:TR1: ABCK ti=0 L=14050 seqmm=14049 chkmm=14050 rows=14050
0:3-0:TR1: ABCK ti=0 L=13977 seqmm=13976 chkmm=13977 rows=13977
0:3-9:TR1: ABCK ti=1 L=5672 seqmm=5357 chkmm=2 rows=5672
0:4-0:TR1: ABCK ti=1 L=5671 seqmm=5660 chkmm=1 rows=5671
0:4-1:TR1: ABCK ti=1 L=5687 seqmm=5673 chkmm=1 rows=5687
0:4-2:TR1: ABCK ti=1 L=5639 seqmm=5626 chkmm=0 rows=5639
0:4-6:TR1: ABCK ti=1 L=5863 seqmm=5854 chkmm=0 rows=5863
0:4-8:TR1: ABCK ti=2 L=4118 seqmm=4102 chkmm=0 rows=4118
0:5-1:TR1: ABCK ti=1 L=5931 seqmm=5873 chkmm=1 rows=5931
0:5-3:TR1: ABCK ti=2 L=4196 seqmm=4186 chkmm=0 rows=4196
0:5-4:TR1: ABCK ti=2 L=4176 seqmm=4166 chkmm=0 rows=4176
0:5-5:TR1: ABCK ti=2 L=4285 seqmm=4226 chkmm=0 rows=4285
0:5-7:TR1: ABCK ti=2 L=4296 seqmm=4278 chkmm=0 rows=4296
0:6-0:TR1: ABCK ti=3 L=3085 seqmm=2939 chkmm=3 rows=3085
0:6-1:TR1: ABCK ti=2 L=4414 seqmm=4353 chkmm=1 rows=4414
0:6-2:TR1: ABCK ti=2 L=4257 seqmm=4168 chkmm=4 rows=4257
0:6-3:TR1: ABCK ti=3 L=3133 seqmm=3124 chkmm=0 rows=3133
0:6-4:TR1: ABCK ti=3 L=3159 seqmm=3150 chkmm=0 rows=3159
0:6-6:TR1: ABCK ti=3 L=3165 seqmm=3156 chkmm=0 rows=3165
0:6-7:TR1: ABCK ti=3 L=3142 seqmm=3133 chkmm=0 rows=3142
0:6-8:TR1: ABCK ti=3 L=3124 seqmm=3113 chkmm=0 rows=3124
0:6-9:TR1: ABCK ti=3 L=3151 seqmm=3142 chkmm=0 rows=3151
0:7-1:TR1: ABCK ti=2 L=4505 seqmm=4496 chkmm=0 rows=4505
0:7-2:TR1: ABCK ti=3 L=3297 seqmm=3288 chkmm=0 rows=3297
0:7-4:TR1: ABCK ti=3 L=3545 seqmm=3535 chkmm=0 rows=3545
0:8-7:TR1: ABCK ti=4 L=2392 seqmm=2383 chkmm=0 rows=2392
0:8-9:TR1: ABCK ti=4 L=2496 seqmm=2487 chkmm=0 rows=2496
0:9-3:TR1: ABCK ti=4 L=2284 seqmm=2259 chkmm=0 rows=2284
0:9-4:TR1: ABCK ti=4 L=2449 seqmm=2438 chkmm=0 rows=2449
0:9-4:TR1: ABCK ti=5 L=1806 seqmm=1796 chkmm=0 rows=1806
0:9-6:TR1: ABCK ti=4 L=2362 seqmm=2334 chkmm=1 rows=2362
0:9-6:TR1: ABCK ti=5 L=1522 seqmm=1512 chkmm=0 rows=1522
0:9-7:TR1: ABCK ti=5 L=1724 seqmm=1714 chkmm=0 rows=1724
0:9-8:TR1: ABCK ti=4 L=2206 seqmm=2195 chkmm=0 rows=2206
0:9-8:TR1: ABCK ti=5 L=1508 seqmm=1499 chkmm=0 rows=1508
0:9-9:TR1: ABCK ti=4 L=2274 seqmm=2263 chkmm=0 rows=2274
0:10-0:TR1: ABCK ti=5 L=1914 seqmm=1901 chkmm=0 rows=1914
0:10-1:TR1: ABCK ti=5 L=1733 seqmm=1722 chkmm=0 rows=1733
0:10-2:TR1: ABCK ti=6 L=992 seqmm=983 chkmm=0 rows=992
0:10-2:TR1: ABCK ti=7 L=401 seqmm=344 chkmm=0 rows=401
0:10-2:TR1: ABCK ti=8 L=272 seqmm=263 chkmm=0 rows=272
0:10-4:TR1: ABCK ti=6 L=731 seqmm=722 chkmm=0 rows=731
0:10-4:TR1: ABCK ti=7 L=345 seqmm=333 chkmm=1 rows=345
0:10-4:TR1: ABCK ti=8 L=224 seqmm=209 chkmm=0 rows=224
0:10-6:TR1: ABCK ti=4 L=2291 seqmm=2268 chkmm=2 rows=2291
0:10-7:TR1: ABCK ti=6 L=691 seqmm=674 chkmm=1 rows=691
0:10-7:TR1: ABCK ti=7 L=360 seqmm=350 chkmm=0 rows=360
0:10-7:TR1: ABCK ti=8 L=273 seqmm=261 chkmm=0 rows=273
0:10-9:TR1: ABCK ti=6 L=790 seqmm=781 chkmm=1 rows=790
0:10-9:TR1: ABCK ti=7 L=305 seqmm=296 chkmm=0 rows=305
0:10-9:TR1: ABCK ti=8 L=234 seqmm=221 chkmm=0 rows=234
0:2-2:TR1: ABCK ti=0 L=14704 seqmm=14703 chkmm=14704 rows=14704
0:2-4:TR1: ABCK ti=0 L=14614 seqmm=14613 chkmm=14614 rows=14614
0:2-5:TR1: ABCK ti=0 L=14438 seqmm=14437 chkmm=14438 rows=14438
0:3-5:TR1: ABCK ti=1 L=5567 seqmm=5544 chkmm=1 rows=5567
0:3-6:TR1: ABCK ti=1 L=5571 seqmm=5560 chkmm=0 rows=5571
0:3-8:TR1: ABCK ti=1 L=5645 seqmm=5579 chkmm=2 rows=5645
0:4-7:TR1: ABCK ti=2 L=4149 seqmm=4117 chkmm=0 rows=4149
0:4-9:TR1: ABCK ti=2 L=4146 seqmm=4137 chkmm=0 rows=4146
0:5-0:TR1: ABCK ti=2 L=4188 seqmm=4134 chkmm=0 rows=4188
0:5-2:TR1: ABCK ti=2 L=4252 seqmm=4126 chkmm=1 rows=4252
0:5-3:TR1: ABCK ti=3 L=2884 seqmm=2874 chkmm=0 rows=2884
0:5-6:TR1: ABCK ti=2 L=4163 seqmm=4106 chkmm=0 rows=4163
0:5-7:TR1: ABCK ti=3 L=3009 seqmm=3000 chkmm=0 rows=3009
0:5-8:TR1: ABCK ti=3 L=3071 seqmm=3037 chkmm=0 rows=3071
0:5-9:TR1: ABCK ti=2 L=4245 seqmm=4236 chkmm=0 rows=4245
0:6-1:TR1: ABCK ti=3 L=3062 seqmm=3036 chkmm=0 rows=3062
0:6-2:TR1: ABCK ti=3 L=3109 seqmm=3039 chkmm=1 rows=3109
0:6-3:TR1: ABCK ti=4 L=2240 seqmm=2209 chkmm=0 rows=2240
0:6-4:TR1: ABCK ti=4 L=2575 seqmm=2565 chkmm=0 rows=2575
0:6-5:TR1: ABCK ti=2 L=4463 seqmm=4333 chkmm=0 rows=4463
0:7-0:TR1: ABCK ti=4 L=2489 seqmm=2456 chkmm=0 rows=2489
0:7-1:TR1: ABCK ti=3 L=3245 seqmm=3217 chkmm=1 rows=3245
0:7-3:TR1: ABCK ti=4 L=2410 seqmm=2400 chkmm=0 rows=2410
0:7-5:TR1: ABCK ti=4 L=2363 seqmm=2354 chkmm=0 rows=2363
0:7-5:TR1: ABCK ti=5 L=1817 seqmm=1808 chkmm=1 rows=1817
0:7-7:TR1: ABCK ti=4 L=2573 seqmm=2472 chkmm=1 rows=2573
0:7-7:TR1: ABCK ti=5 L=1554 seqmm=1545 chkmm=0 rows=1554
0:7-8:TR1: ABCK ti=4 L=2532 seqmm=2490 chkmm=0 rows=2532
0:7-9:TR1: ABCK ti=4 L=2632 seqmm=2617 chkmm=1 rows=2632
0:7-9:TR1: ABCK ti=5 L=1521 seqmm=1512 chkmm=0 rows=1521
0:8-0:TR1: ABCK ti=4 L=2581 seqmm=2572 chkmm=0 rows=2581
0:8-1:TR1: ABCK ti=4 L=2504 seqmm=2495 chkmm=0 rows=2504
0:8-2:TR1: ABCK ti=4 L=2604 seqmm=2595 chkmm=0 rows=2604
0:8-3:TR1: ABCK ti=5 L=1615 seqmm=1605 chkmm=0 rows=1615
0:8-3:TR1: ABCK ti=6 L=979 seqmm=969 chkmm=0 rows=979
0:8-5:TR1: ABCK ti=5 L=1739 seqmm=1728 chkmm=0 rows=1739
0:8-5:TR1: ABCK ti=6 L=947 seqmm=918 chkmm=0 rows=947
0:8-6:TR1: ABCK ti=5 L=1657 seqmm=1590 chkmm=1 rows=1657
0:8-6:TR1: ABCK ti=6 L=902 seqmm=892 chkmm=0 rows=902
0:8-8:TR1: ABCK ti=4 L=2566 seqmm=2557 chkmm=0 rows=2566
0:8-9:TR1: ABCK ti=5 L=1912 seqmm=1900 chkmm=0 rows=1912
0:9-0:TR1: ABCK ti=5 L=1435 seqmm=1419 chkmm=2 rows=1435
0:9-0:TR1: ABCK ti=6 L=1054 seqmm=1043 chkmm=0 rows=1054
0:9-1:TR1: ABCK ti=4 L=2610 seqmm=2601 chkmm=0 rows=2610
0:9-2:TR1: ABCK ti=5 L=1709 seqmm=1697 chkmm=0 rows=1709
0:9-2:TR1: ABCK ti=6 L=1114 seqmm=1105 chkmm=0 rows=1114
0:9-3:TR1: ABCK ti=5 L=1483 seqmm=1474 chkmm=0 rows=1483
0:9-5:TR1: ABCK ti=4 L=2246 seqmm=2221 chkmm=0 rows=2246
0:9-9:TR1: ABCK ti=5 L=1799 seqmm=1770 chkmm=1 rows=1799
0:10-0:TR1: ABCK ti=6 L=645 seqmm=634 chkmm=0 rows=645
0:10-0:TR1: ABCK ti=7 L=311 seqmm=301 chkmm=0 rows=311
0:10-0:TR1: ABCK ti=8 L=236 seqmm=225 chkmm=0 rows=236
0:10-1:TR1: ABCK ti=6 L=1213 seqmm=1204 chkmm=0 rows=1213
0:10-1:TR1: ABCK ti=7 L=316 seqmm=290 chkmm=0 rows=316
0:10-1:TR1: ABCK ti=8 L=277 seqmm=266 chkmm=0 rows=277
0:10-2:TR1: ABCK ti=9 L=127 seqmm=100 chkmm=0 rows=127
0:10-3:TR1: ABCK ti=6 L=640 seqmm=630 chkmm=0 rows=640
0:10-3:TR1: ABCK ti=7 L=320 seqmm=311 chkmm=0 rows=320
0:10-3:TR1: ABCK ti=8 L=207 seqmm=194 chkmm=0 rows=207
0:10-4:TR1: ABCK ti=9 L=114 seqmm=104 chkmm=0 rows=114
0:10-5:TR1: ABCK ti=6 L=1037 seqmm=1028 chkmm=0 rows=1037
0:10-5:TR1: ABCK ti=7 L=472 seqmm=459 chkmm=0 rows=472
0:10-5:TR1: ABCK ti=8 L=215 seqmm=202 chkmm=0 rows=215
0:10-6:TR1: ABCK ti=5 L=1728 seqmm=1719 chkmm=0 rows=1728
0:10-7:TR1: ABCK ti=9 L=201 seqmm=190 chkmm=0 rows=201
0:10-8:TR1: ABCK ti=7 L=356 seqmm=347 chkmm=0 rows=356
0:10-8:TR1: ABCK ti=8 L=374 seqmm=363 chkmm=0 rows=374
0:10-9:TR1: ABCK ti=9 L=206 seqmm=197 chkmm=0 rows=206
0:2-0:TR1: ABCK ti=0 L=15137 seqmm=15136 chkmm=15137 rows=15137
0:2-1:TR1: ABCK ti=0 L=15033 seqmm=15032 chkmm=15033 rows=15033
0:2-3:TR1: ABCK ti=0 L=14877 seqmm=14876 chkmm=14877 rows=14877
0:3-0:TR1: ABCK ti=1 L=5585 seqmm=5561 chkmm=1 rows=5585
0:3-2:TR1: ABCK ti=1 L=5604 seqmm=5580 chkmm=0 rows=5604
0:3-3:TR1: ABCK ti=1 L=5565 seqmm=5476 chkmm=1 rows=5565
0:3-4:TR1: ABCK ti=1 L=5623 seqmm=5605 chkmm=2 rows=5623
0:3-7:TR1: ABCK ti=1 L=5639 seqmm=5613 chkmm=1 rows=5639
0:4-5:TR1: ABCK ti=2 L=4092 seqmm=4060 chkmm=0 rows=4092
0:4-6:TR1: ABCK ti=2 L=4118 seqmm=4109 chkmm=0 rows=4118
0:5-1:TR1: ABCK ti=2 L=4165 seqmm=4098 chkmm=1 rows=4165
0:5-2:TR1: ABCK ti=3 L=3023 seqmm=3012 chkmm=0 rows=3023
0:5-4:TR1: ABCK ti=3 L=3000 seqmm=2988 chkmm=0 rows=3000
0:5-5:TR1: ABCK ti=3 L=3005 seqmm=2995 chkmm=0 rows=3005
0:5-6:TR1: ABCK ti=3 L=3100 seqmm=3089 chkmm=0 rows=3100
0:5-9:TR1: ABCK ti=3 L=3117 seqmm=3108 chkmm=0 rows=3117
0:6-2:TR1: ABCK ti=4 L=2309 seqmm=2296 chkmm=0 rows=2309
0:6-9:TR1: ABCK ti=4 L=2460 seqmm=2408 chkmm=0 rows=2460
0:7-2:TR1: ABCK ti=4 L=2621 seqmm=2610 chkmm=1 rows=2621
0:7-3:TR1: ABCK ti=5 L=1905 seqmm=1896 chkmm=0 rows=1905
0:7-6:TR1: ABCK ti=4 L=2222 seqmm=2212 chkmm=0 rows=2222
0:7-8:TR1: ABCK ti=5 L=1934 seqmm=1899 chkmm=1 rows=1934
0:8-0:TR1: ABCK ti=5 L=1922 seqmm=1913 chkmm=0 rows=1922
0:8-4:TR1: ABCK ti=5 L=1824 seqmm=1814 chkmm=0 rows=1824
0:8-4:TR1: ABCK ti=6 L=820 seqmm=809 chkmm=0 rows=820
0:8-6:TR1: ABCK ti=7 L=291 seqmm=277 chkmm=0 rows=291
0:8-6:TR1: ABCK ti=8 L=244 seqmm=231 chkmm=0 rows=244
0:8-7:TR1: ABCK ti=5 L=1665 seqmm=1654 chkmm=0 rows=1665
0:8-7:TR1: ABCK ti=6 L=1043 seqmm=1032 chkmm=0 rows=1043
0:8-9:TR1: ABCK ti=6 L=652 seqmm=642 chkmm=0 rows=652
0:8-9:TR1: ABCK ti=7 L=396 seqmm=365 chkmm=0 rows=396
0:8-9:TR1: ABCK ti=8 L=230 seqmm=215 chkmm=0 rows=230
0:9-4:TR1: ABCK ti=6 L=910 seqmm=901 chkmm=0 rows=910
0:9-4:TR1: ABCK ti=7 L=305 seqmm=291 chkmm=0 rows=305
0:9-4:TR1: ABCK ti=8 L=230 seqmm=219 chkmm=0 rows=230
0:9-5:TR1: ABCK ti=5 L=1741 seqmm=1727 chkmm=0 rows=1741
0:9-7:TR1: ABCK ti=6 L=1330 seqmm=1302 chkmm=0 rows=1330
0:9-7:TR1: ABCK ti=7 L=519 seqmm=509 chkmm=0 rows=519
0:9-7:TR1: ABCK ti=8 L=222 seqmm=209 chkmm=0 rows=222
0:9-8:TR1: ABCK ti=6 L=932 seqmm=923 chkmm=0 rows=932
0:9-8:TR1: ABCK ti=7 L=378 seqmm=369 chkmm=0 rows=378
0:9-8:TR1: ABCK ti=8 L=314 seqmm=305 chkmm=0 rows=314
0:9-9:TR1: ABCK ti=6 L=758 seqmm=747 chkmm=0 rows=758
0:9-9:TR1: ABCK ti=7 L=418 seqmm=409 chkmm=0 rows=418
0:9-9:TR1: ABCK ti=8 L=240 seqmm=231 chkmm=0 rows=240
0:10-0:TR1: ABCK ti=9 L=106 seqmm=94 chkmm=0 rows=106
0:10-1:TR1: ABCK ti=9 L=120 seqmm=110 chkmm=0 rows=120
0:10-3:TR1: ABCK ti=9 L=112 seqmm=100 chkmm=0 rows=112
0:10-5:TR1: ABCK ti=9 L=138 seqmm=127 chkmm=0 rows=138
0:10-6:TR1: ABCK ti=6 L=1046 seqmm=1036 chkmm=0 rows=1046
0:10-6:TR1: ABCK ti=7 L=332 seqmm=322 chkmm=0 rows=332
0:10-6:TR1: ABCK ti=8 L=253 seqmm=241 chkmm=1 rows=253
0:1-3:TR1: ABCK ti=0 L=15837 seqmm=15836 chkmm=15837 rows=15837
0:1-7:TR1: ABCK ti=0 L=15442 seqmm=15441 chkmm=15442 rows=15442
0:1-8:TR1: ABCK ti=0 L=15294 seqmm=15293 chkmm=15294 rows=15294
0:1-9:TR1: ABCK ti=0 L=15327 seqmm=15326 chkmm=15327 rows=15327
0:2-5:TR1: ABCK ti=1 L=5398 seqmm=5388 chkmm=0 rows=5398
0:2-8:TR1: ABCK ti=1 L=5495 seqmm=5427 chkmm=2 rows=5495
0:2-9:TR1: ABCK ti=1 L=5532 seqmm=5469 chkmm=1 rows=5532
0:3-1:TR1: ABCK ti=1 L=5510 seqmm=5501 chkmm=0 rows=5510
0:4-1:TR1: ABCK ti=2 L=4132 seqmm=4042 chkmm=1 rows=4132
0:4-3:TR1: ABCK ti=2 L=4036 seqmm=4027 chkmm=0 rows=4036
0:4-4:TR1: ABCK ti=2 L=4187 seqmm=4167 chkmm=0 rows=4187
0:4-5:TR1: ABCK ti=3 L=2825 seqmm=2814 chkmm=1 rows=2825
0:4-8:TR1: ABCK ti=3 L=3045 seqmm=3036 chkmm=1 rows=3045
0:4-9:TR1: ABCK ti=3 L=2933 seqmm=2923 chkmm=0 rows=2933
0:5-0:TR1: ABCK ti=3 L=2989 seqmm=2978 chkmm=0 rows=2989
0:5-7:TR1: ABCK ti=4 L=2256 seqmm=2246 chkmm=0 rows=2256
0:5-8:TR1: ABCK ti=4 L=2139 seqmm=2130 chkmm=0 rows=2139
0:6-0:TR1: ABCK ti=4 L=2301 seqmm=2287 chkmm=0 rows=2301
0:6-1:TR1: ABCK ti=4 L=2381 seqmm=2369 chkmm=0 rows=2381
0:6-5:TR1: ABCK ti=3 L=3152 seqmm=3142 chkmm=0 rows=3152
0:6-7:TR1: ABCK ti=4 L=2580 seqmm=2571 chkmm=0 rows=2580
0:6-7:TR1: ABCK ti=5 L=1717 seqmm=1708 chkmm=0 rows=1717
0:6-8:TR1: ABCK ti=4 L=2521 seqmm=2511 chkmm=0 rows=2521
0:6-8:TR1: ABCK ti=5 L=1763 seqmm=1728 chkmm=0 rows=1763
0:6-9:TR1: ABCK ti=5 L=1872 seqmm=1834 chkmm=0 rows=1872
0:7-1:TR1: ABCK ti=4 L=2438 seqmm=2384 chkmm=1 rows=2438
0:7-3:TR1: ABCK ti=6 L=705 seqmm=695 chkmm=0 rows=705
0:7-3:TR1: ABCK ti=7 L=453 seqmm=441 chkmm=0 rows=453
0:7-3:TR1: ABCK ti=8 L=217 seqmm=196 chkmm=0 rows=217
0:7-4:TR1: ABCK ti=4 L=2454 seqmm=2445 chkmm=0 rows=2454
0:7-4:TR1: ABCK ti=5 L=1556 seqmm=1545 chkmm=0 rows=1556
0:7-5:TR1: ABCK ti=6 L=843 seqmm=832 chkmm=0 rows=843
0:7-5:TR1: ABCK ti=7 L=388 seqmm=375 chkmm=0 rows=388
0:7-5:TR1: ABCK ti=8 L=200 seqmm=185 chkmm=0 rows=200
0:7-6:TR1: ABCK ti=5 L=1624 seqmm=1575 chkmm=0 rows=1624
0:7-7:TR1: ABCK ti=6 L=1101 seqmm=1081 chkmm=0 rows=1101
0:7-7:TR1: ABCK ti=7 L=336 seqmm=319 chkmm=0 rows=336
0:7-7:TR1: ABCK ti=8 L=243 seqmm=224 chkmm=0 rows=243
0:7-8:TR1: ABCK ti=6 L=843 seqmm=830 chkmm=0 rows=843
0:7-8:TR1: ABCK ti=7 L=598 seqmm=576 chkmm=0 rows=598
0:7-8:TR1: ABCK ti=8 L=195 seqmm=183 chkmm=0 rows=195
0:7-9:TR1: ABCK ti=6 L=1193 seqmm=1165 chkmm=1 rows=1193
0:7-9:TR1: ABCK ti=7 L=265 seqmm=235 chkmm=0 rows=265
0:7-9:TR1: ABCK ti=8 L=306 seqmm=292 chkmm=1 rows=306
0:8-0:TR1: ABCK ti=6 L=798 seqmm=789 chkmm=0 rows=798
0:8-0:TR1: ABCK ti=7 L=581 seqmm=572 chkmm=0 rows=581
0:8-0:TR1: ABCK ti=8 L=235 seqmm=226 chkmm=0 rows=235
0:8-1:TR1: ABCK ti=5 L=1511 seqmm=1501 chkmm=0 rows=1511
0:8-1:TR1: ABCK ti=6 L=991 seqmm=982 chkmm=2 rows=991
0:8-2:TR1: ABCK ti=5 L=1702 seqmm=1680 chkmm=2 rows=1702
0:8-2:TR1: ABCK ti=6 L=1243 seqmm=1233 chkmm=0 rows=1243
0:8-3:TR1: ABCK ti=7 L=284 seqmm=269 chkmm=0 rows=284
0:8-3:TR1: ABCK ti=8 L=264 seqmm=255 chkmm=0 rows=264
0:8-5:TR1: ABCK ti=7 L=374 seqmm=362 chkmm=0 rows=374
0:8-5:TR1: ABCK ti=8 L=296 seqmm=285 chkmm=0 rows=296
0:8-8:TR1: ABCK ti=5 L=1625 seqmm=1614 chkmm=0 rows=1625
0:8-8:TR1: ABCK ti=6 L=1010 seqmm=1000 chkmm=0 rows=1010
0:8-9:TR1: ABCK ti=9 L=157 seqmm=148 chkmm=1 rows=157
0:9-0:TR1: ABCK ti=7 L=359 seqmm=349 chkmm=1 rows=359
0:9-0:TR1: ABCK ti=8 L=425 seqmm=411 chkmm=1 rows=425
0:9-1:TR1: ABCK ti=5 L=1743 seqmm=1733 chkmm=0 rows=1743
0:9-1:TR1: ABCK ti=6 L=1053 seqmm=1044 chkmm=0 rows=1053
0:9-2:TR1: ABCK ti=7 L=361 seqmm=336 chkmm=0 rows=361
0:9-2:TR1: ABCK ti=8 L=254 seqmm=244 chkmm=0 rows=254
0:9-3:TR1: ABCK ti=6 L=1099 seqmm=1086 chkmm=0 rows=1099
0:9-3:TR1: ABCK ti=7 L=334 seqmm=325 chkmm=0 rows=334
0:9-3:TR1: ABCK ti=8 L=234 seqmm=225 chkmm=0 rows=234
0:9-4:TR1: ABCK ti=9 L=115 seqmm=106 chkmm=0 rows=115
0:9-5:TR1: ABCK ti=6 L=876 seqmm=866 chkmm=0 rows=876
0:9-5:TR1: ABCK ti=7 L=276 seqmm=263 chkmm=0 rows=276
0:9-5:TR1: ABCK ti=8 L=226 seqmm=215 chkmm=0 rows=226
0:9-6:TR1: ABCK ti=6 L=1259 seqmm=1233 chkmm=0 rows=1259
0:9-6:TR1: ABCK ti=7 L=297 seqmm=283 chkmm=1 rows=297
0:9-6:TR1: ABCK ti=8 L=243 seqmm=234 chkmm=0 rows=243
0:9-7:TR1: ABCK ti=9 L=197 seqmm=187 chkmm=0 rows=197
0:9-8:TR1: ABCK ti=9 L=125 seqmm=113 chkmm=0 rows=125
0:9-9:TR1: ABCK ti=9 L=136 seqmm=111 chkmm=0 rows=136
0:10-6:TR1: ABCK ti=9 L=175 seqmm=160 chkmm=0 rows=175
0:1-4:TR1: ABCK ti=0 L=15764 seqmm=15763 chkmm=15764 rows=15764
0:1-5:TR1: ABCK ti=0 L=15780 seqmm=15779 chkmm=15780 rows=15780
0:1-6:TR1: ABCK ti=0 L=15558 seqmm=15557 chkmm=15558 rows=15558
0:2-2:TR1: ABCK ti=1 L=5435 seqmm=5426 chkmm=0 rows=5435
0:2-4:TR1: ABCK ti=1 L=5450 seqmm=5441 chkmm=0 rows=5450
0:2-6:TR1: ABCK ti=1 L=5557 seqmm=5547 chkmm=0 rows=5557
0:2-7:TR1: ABCK ti=1 L=5501 seqmm=5478 chkmm=0 rows=5501
0:3-9:TR1: ABCK ti=2 L=4099 seqmm=4059 chkmm=1 rows=4099
0:4-0:TR1: ABCK ti=2 L=4033 seqmm=4020 chkmm=0 rows=4033
0:4-2:TR1: ABCK ti=2 L=4135 seqmm=4122 chkmm=0 rows=4135
0:4-3:TR1: ABCK ti=3 L=2917 seqmm=2889 chkmm=0 rows=2917
0:4-4:TR1: ABCK ti=3 L=2884 seqmm=2873 chkmm=0 rows=2884
0:4-6:TR1: ABCK ti=3 L=2973 seqmm=2964 chkmm=0 rows=2973
0:4-7:TR1: ABCK ti=3 L=2974 seqmm=2962 chkmm=0 rows=2974
0:5-2:TR1: ABCK ti=4 L=2093 seqmm=2068 chkmm=0 rows=2093
0:5-3:TR1: ABCK ti=4 L=2160 seqmm=2145 chkmm=0 rows=2160
0:5-3:TR1: ABCK ti=5 L=1381 seqmm=1368 chkmm=0 rows=1381
0:5-6:TR1: ABCK ti=4 L=2162 seqmm=2127 chkmm=1 rows=2162
0:5-8:TR1: ABCK ti=5 L=1887 seqmm=1877 chkmm=0 rows=1887
0:5-9:TR1: ABCK ti=4 L=2294 seqmm=2284 chkmm=0 rows=2294
0:6-0:TR1: ABCK ti=5 L=1660 seqmm=1651 chkmm=0 rows=1660
0:6-3:TR1: ABCK ti=5 L=1973 seqmm=1963 chkmm=0 rows=1973
0:6-3:TR1: ABCK ti=6 L=670 seqmm=661 chkmm=0 rows=670
0:6-4:TR1: ABCK ti=5 L=1603 seqmm=1582 chkmm=1 rows=1603
0:6-4:TR1: ABCK ti=6 L=1017 seqmm=1008 chkmm=0 rows=1017
0:6-5:TR1: ABCK ti=4 L=2381 seqmm=2371 chkmm=0 rows=2381
0:6-6:TR1: ABCK ti=4 L=2456 seqmm=2438 chkmm=0 rows=2456
0:7-0:TR1: ABCK ti=5 L=1714 seqmm=1703 chkmm=0 rows=1714
0:7-0:TR1: ABCK ti=6 L=1197 seqmm=1187 chkmm=0 rows=1197
0:7-2:TR1: ABCK ti=5 L=1580 seqmm=1570 chkmm=0 rows=1580
0:7-2:TR1: ABCK ti=6 L=1134 seqmm=1067 chkmm=0 rows=1134
0:7-3:TR1: ABCK ti=9 L=110 seqmm=101 chkmm=0 rows=110
0:7-5:TR1: ABCK ti=9 L=230 seqmm=220 chkmm=0 rows=230
0:7-6:TR1: ABCK ti=6 L=971 seqmm=936 chkmm=1 rows=971
0:7-6:TR1: ABCK ti=7 L=324 seqmm=312 chkmm=0 rows=324
0:7-6:TR1: ABCK ti=8 L=245 seqmm=238 chkmm=0 rows=245
0:7-7:TR1: ABCK ti=9 L=102 seqmm=88 chkmm=0 rows=102
0:7-8:TR1: ABCK ti=9 L=98 seqmm=89 chkmm=0 rows=98
0:7-9:TR1: ABCK ti=9 L=93 seqmm=81 chkmm=0 rows=93
0:8-0:TR1: ABCK ti=9 L=98 seqmm=85 chkmm=0 rows=98
0:8-4:TR1: ABCK ti=7 L=372 seqmm=358 chkmm=0 rows=372
0:8-4:TR1: ABCK ti=8 L=271 seqmm=262 chkmm=0 rows=271
0:8-7:TR1: ABCK ti=7 L=299 seqmm=288 chkmm=0 rows=299
0:8-7:TR1: ABCK ti=8 L=260 seqmm=249 chkmm=0 rows=260
0:9-3:TR1: ABCK ti=9 L=152 seqmm=142 chkmm=1 rows=152
0:9-5:TR1: ABCK ti=9 L=128 seqmm=118 chkmm=0 rows=128
0:9-6:TR1: ABCK ti=9 L=155 seqmm=146 chkmm=0 rows=155
0:1-9:TR1: ABCK ti=1 L=5361 seqmm=5001 chkmm=3 rows=5361
0:2-0:TR1: ABCK ti=1 L=5315 seqmm=5017 chkmm=1 rows=5315
0:2-3:TR1: ABCK ti=1 L=5462 seqmm=5453 chkmm=0 rows=5462
0:3-4:TR1: ABCK ti=2 L=4024 seqmm=3994 chkmm=1 rows=4024
0:3-9:TR1: ABCK ti=3 L=2969 seqmm=2929 chkmm=0 rows=2969
0:4-0:TR1: ABCK ti=3 L=2892 seqmm=2881 chkmm=0 rows=2892
0:4-1:TR1: ABCK ti=3 L=2874 seqmm=2842 chkmm=1 rows=2874
0:4-2:TR1: ABCK ti=3 L=2899 seqmm=2889 chkmm=0 rows=2899
0:4-5:TR1: ABCK ti=4 L=2190 seqmm=2181 chkmm=0 rows=2190
0:4-8:TR1: ABCK ti=4 L=2018 seqmm=2006 chkmm=0 rows=2018
0:4-8:TR1: ABCK ti=5 L=1407 seqmm=1397 chkmm=0 rows=1407
0:4-9:TR1: ABCK ti=4 L=2188 seqmm=2177 chkmm=0 rows=2188
0:4-9:TR1: ABCK ti=5 L=1444 seqmm=1415 chkmm=1 rows=1444
0:5-1:TR1: ABCK ti=3 L=2955 seqmm=2946 chkmm=0 rows=2955
0:5-4:TR1: ABCK ti=4 L=2259 seqmm=2250 chkmm=0 rows=2259
0:5-4:TR1: ABCK ti=5 L=1615 seqmm=1590 chkmm=1 rows=1615
0:5-5:TR1: ABCK ti=4 L=2181 seqmm=2164 chkmm=1 rows=2181
0:5-7:TR1: ABCK ti=5 L=1492 seqmm=1482 chkmm=0 rows=1492
0:5-7:TR1: ABCK ti=6 L=1288 seqmm=1278 chkmm=0 rows=1288
0:6-0:TR1: ABCK ti=6 L=897 seqmm=884 chkmm=0 rows=897
0:6-0:TR1: ABCK ti=7 L=433 seqmm=423 chkmm=0 rows=433
0:6-0:TR1: ABCK ti=8 L=245 seqmm=233 chkmm=1 rows=245
0:6-1:TR1: ABCK ti=5 L=1580 seqmm=1571 chkmm=0 rows=1580
0:6-1:TR1: ABCK ti=6 L=1077 seqmm=1004 chkmm=0 rows=1077
0:6-2:TR1: ABCK ti=5 L=1741 seqmm=1728 chkmm=0 rows=1741
0:6-2:TR1: ABCK ti=6 L=1283 seqmm=1274 chkmm=0 rows=1283
0:6-6:TR1: ABCK ti=5 L=1780 seqmm=1769 chkmm=0 rows=1780
0:6-7:TR1: ABCK ti=6 L=864 seqmm=854 chkmm=0 rows=864
0:6-7:TR1: ABCK ti=7 L=339 seqmm=327 chkmm=0 rows=339
0:6-7:TR1: ABCK ti=8 L=247 seqmm=236 chkmm=0 rows=247
0:6-8:TR1: ABCK ti=6 L=1085 seqmm=1076 chkmm=0 rows=1085
0:6-8:TR1: ABCK ti=7 L=560 seqmm=551 chkmm=0 rows=560
0:6-8:TR1: ABCK ti=8 L=207 seqmm=193 chkmm=0 rows=207
0:6-9:TR1: ABCK ti=6 L=699 seqmm=677 chkmm=0 rows=699
0:6-9:TR1: ABCK ti=7 L=603 seqmm=593 chkmm=0 rows=603
0:6-9:TR1: ABCK ti=8 L=267 seqmm=249 chkmm=0 rows=267
0:7-4:TR1: ABCK ti=6 L=967 seqmm=956 chkmm=0 rows=967
0:7-4:TR1: ABCK ti=7 L=281 seqmm=269 chkmm=0 rows=281
0:7-4:TR1: ABCK ti=8 L=276 seqmm=267 chkmm=0 rows=276
0:7-6:TR1: ABCK ti=9 L=96 seqmm=84 chkmm=0 rows=96
0:8-1:TR1: ABCK ti=7 L=299 seqmm=288 chkmm=1 rows=299
0:8-1:TR1: ABCK ti=8 L=300 seqmm=285 chkmm=0 rows=300
0:8-2:TR1: ABCK ti=7 L=295 seqmm=284 chkmm=0 rows=295
0:8-2:TR1: ABCK ti=8 L=321 seqmm=311 chkmm=1 rows=321
0:8-8:TR1: ABCK ti=7 L=331 seqmm=320 chkmm=0 rows=331
0:8-8:TR1: ABCK ti=8 L=468 seqmm=434 chkmm=0 rows=468
0:9-1:TR1: ABCK ti=7 L=272 seqmm=259 chkmm=0 rows=272
0:9-1:TR1: ABCK ti=8 L=312 seqmm=297 chkmm=0 rows=312
0:0-9:TR1: ABCK ti=0 L=16735 seqmm=16734 chkmm=16735 rows=16735
0:1-0:TR1: ABCK ti=0 L=16581 seqmm=16580 chkmm=16581 rows=16581
0:1-1:TR1: ABCK ti=0 L=16505 seqmm=16504 chkmm=16505 rows=16505
0:1-2:TR1: ABCK ti=0 L=16493 seqmm=16492 chkmm=16493 rows=16493
0:1-6:TR1: ABCK ti=1 L=5239 seqmm=5229 chkmm=0 rows=5239
0:1-7:TR1: ABCK ti=1 L=5285 seqmm=5223 chkmm=2 rows=5285
0:1-8:TR1: ABCK ti=1 L=5341 seqmm=5326 chkmm=2 rows=5341
0:2-1:TR1: ABCK ti=1 L=5427 seqmm=5416 chkmm=1 rows=5427
0:2-8:TR1: ABCK ti=2 L=3884 seqmm=3866 chkmm=0 rows=3884
0:3-0:TR1: ABCK ti=2 L=3923 seqmm=3876 chkmm=0 rows=3923
0:3-1:TR1: ABCK ti=2 L=3975 seqmm=3965 chkmm=0 rows=3975
0:3-2:TR1: ABCK ti=2 L=3933 seqmm=3924 chkmm=0 rows=3933
0:3-3:TR1: ABCK ti=2 L=3991 seqmm=3980 chkmm=0 rows=3991
0:3-4:TR1: ABCK ti=3 L=2885 seqmm=2875 chkmm=0 rows=2885
0:3-5:TR1: ABCK ti=2 L=4059 seqmm=4050 chkmm=0 rows=4059
0:3-6:TR1: ABCK ti=2 L=4113 seqmm=4104 chkmm=0 rows=4113
0:3-7:TR1: ABCK ti=2 L=4064 seqmm=3996 chkmm=0 rows=4064
0:3-8:TR1: ABCK ti=2 L=4085 seqmm=4075 chkmm=0 rows=4085
0:3-9:TR1: ABCK ti=4 L=2060 seqmm=2048 chkmm=0 rows=2060
0:4-1:TR1: ABCK ti=4 L=2129 seqmm=2119 chkmm=0 rows=2129
0:4-2:TR1: ABCK ti=4 L=2079 seqmm=2060 chkmm=2 rows=2079
0:4-3:TR1: ABCK ti=4 L=2184 seqmm=2154 chkmm=0 rows=2184
0:4-4:TR1: ABCK ti=4 L=2172 seqmm=2161 chkmm=0 rows=2172
0:4-7:TR1: ABCK ti=4 L=2208 seqmm=2146 chkmm=0 rows=2208
0:4-7:TR1: ABCK ti=5 L=1288 seqmm=1278 chkmm=1 rows=1288
0:5-0:TR1: ABCK ti=4 L=2166 seqmm=2153 chkmm=0 rows=2166
0:5-0:TR1: ABCK ti=5 L=1570 seqmm=1561 chkmm=0 rows=1570
0:5-2:TR1: ABCK ti=5 L=1545 seqmm=1515 chkmm=0 rows=1545
0:5-2:TR1: ABCK ti=6 L=650 seqmm=621 chkmm=1 rows=650
0:5-3:TR1: ABCK ti=6 L=789 seqmm=780 chkmm=0 rows=789
0:5-3:TR1: ABCK ti=7 L=526 seqmm=515 chkmm=0 rows=526
0:5-3:TR1: ABCK ti=8 L=213 seqmm=203 chkmm=0 rows=213
0:5-5:TR1: ABCK ti=5 L=1630 seqmm=1618 chkmm=0 rows=1630
0:5-6:TR1: ABCK ti=5 L=1523 seqmm=1513 chkmm=0 rows=1523
0:5-6:TR1: ABCK ti=6 L=1249 seqmm=1237 chkmm=0 rows=1249
0:5-8:TR1: ABCK ti=6 L=993 seqmm=984 chkmm=0 rows=993
0:5-8:TR1: ABCK ti=7 L=443 seqmm=434 chkmm=0 rows=443
0:5-8:TR1: ABCK ti=8 L=250 seqmm=240 chkmm=0 rows=250
0:5-9:TR1: ABCK ti=5 L=1559 seqmm=1550 chkmm=0 rows=1559
0:5-9:TR1: ABCK ti=6 L=1206 seqmm=1196 chkmm=0 rows=1206
0:6-0:TR1: ABCK ti=9 L=202 seqmm=193 chkmm=0 rows=202
0:6-3:TR1: ABCK ti=7 L=503 seqmm=472 chkmm=1 rows=503
0:6-3:TR1: ABCK ti=8 L=244 seqmm=234 chkmm=0 rows=244
0:6-4:TR1: ABCK ti=7 L=377 seqmm=365 chkmm=1 rows=377
0:6-4:TR1: ABCK ti=8 L=285 seqmm=275 chkmm=0 rows=285
0:6-5:TR1: ABCK ti=5 L=1593 seqmm=1582 chkmm=0 rows=1593
0:6-5:TR1: ABCK ti=6 L=1024 seqmm=1014 chkmm=0 rows=1024
0:6-7:TR1: ABCK ti=9 L=104 seqmm=93 chkmm=0 rows=104
0:6-8:TR1: ABCK ti=9 L=163 seqmm=153 chkmm=0 rows=163
0:6-9:TR1: ABCK ti=9 L=181 seqmm=171 chkmm=0 rows=181
0:7-0:TR1: ABCK ti=7 L=280 seqmm=271 chkmm=1 rows=280
0:7-0:TR1: ABCK ti=8 L=315 seqmm=303 chkmm=0 rows=315
0:7-1:TR1: ABCK ti=5 L=1977 seqmm=1968 chkmm=0 rows=1977
0:7-1:TR1: ABCK ti=6 L=814 seqmm=804 chkmm=0 rows=814
0:7-2:TR1: ABCK ti=7 L=271 seqmm=261 chkmm=0 rows=271
0:7-2:TR1: ABCK ti=8 L=285 seqmm=274 chkmm=0 rows=285
0:7-4:TR1: ABCK ti=9 L=260 seqmm=248 chkmm=0 rows=260
0:0-7:TR1: ABCK ti=0 L=17424 seqmm=17423 chkmm=17424 rows=17424
0:0-8:TR1: ABCK ti=0 L=16805 seqmm=16804 chkmm=16805 rows=16805
0:1-4:TR1: ABCK ti=1 L=5277 seqmm=5086 chkmm=0 rows=5277
0:1-5:TR1: ABCK ti=1 L=5093 seqmm=5051 chkmm=1 rows=5093
0:2-5:TR1: ABCK ti=2 L=3840 seqmm=3830 chkmm=0 rows=3840
0:2-6:TR1: ABCK ti=2 L=3853 seqmm=3779 chkmm=0 rows=3853
0:2-8:TR1: ABCK ti=3 L=2748 seqmm=2710 chkmm=0 rows=2748
0:2-9:TR1: ABCK ti=2 L=3969 seqmm=3937 chkmm=0 rows=3969
0:3-0:TR1: ABCK ti=3 L=2783 seqmm=2752 chkmm=2 rows=2783
0:3-1:TR1: ABCK ti=3 L=2828 seqmm=2818 chkmm=0 rows=2828
0:3-2:TR1: ABCK ti=3 L=2827 seqmm=2731 chkmm=1 rows=2827
0:3-3:TR1: ABCK ti=3 L=2826 seqmm=2814 chkmm=0 rows=2826
0:3-5:TR1: ABCK ti=3 L=2873 seqmm=2863 chkmm=0 rows=2873
0:3-6:TR1: ABCK ti=3 L=2966 seqmm=2957 chkmm=0 rows=2966
0:3-7:TR1: ABCK ti=3 L=2799 seqmm=2788 chkmm=0 rows=2799
0:3-8:TR1: ABCK ti=3 L=2905 seqmm=2889 chkmm=0 rows=2905
0:4-0:TR1: ABCK ti=4 L=2092 seqmm=2082 chkmm=0 rows=2092
0:4-5:TR1: ABCK ti=5 L=1486 seqmm=1466 chkmm=1 rows=1486
0:4-5:TR1: ABCK ti=6 L=734 seqmm=723 chkmm=0 rows=734
0:4-6:TR1: ABCK ti=4 L=2106 seqmm=2076 chkmm=1 rows=2106
0:4-8:TR1: ABCK ti=6 L=749 seqmm=740 chkmm=0 rows=749
0:4-8:TR1: ABCK ti=7 L=398 seqmm=371 chkmm=2 rows=398
0:4-8:TR1: ABCK ti=8 L=207 seqmm=193 chkmm=0 rows=207
0:4-9:TR1: ABCK ti=6 L=750 seqmm=709 chkmm=1 rows=750
0:4-9:TR1: ABCK ti=7 L=424 seqmm=407 chkmm=0 rows=424
0:4-9:TR1: ABCK ti=8 L=207 seqmm=198 chkmm=0 rows=207
0:5-1:TR1: ABCK ti=4 L=2185 seqmm=2173 chkmm=0 rows=2185
0:5-1:TR1: ABCK ti=5 L=1438 seqmm=1409 chkmm=0 rows=1438
0:5-3:TR1: ABCK ti=9 L=145 seqmm=112 chkmm=0 rows=145
0:5-5:TR1: ABCK ti=6 L=859 seqmm=636 chkmm=0 rows=859
0:5-5:TR1: ABCK ti=7 L=399 seqmm=367 chkmm=0 rows=399
0:5-5:TR1: ABCK ti=8 L=222 seqmm=212 chkmm=0 rows=222
0:5-7:TR1: ABCK ti=7 L=241 seqmm=231 chkmm=0 rows=241
0:5-7:TR1: ABCK ti=8 L=281 seqmm=271 chkmm=0 rows=281
0:5-8:TR1: ABCK ti=9 L=157 seqmm=148 chkmm=0 rows=157
0:6-1:TR1: ABCK ti=7 L=370 seqmm=360 chkmm=0 rows=370
0:6-1:TR1: ABCK ti=8 L=360 seqmm=349 chkmm=0 rows=360
0:6-2:TR1: ABCK ti=7 L=380 seqmm=370 chkmm=0 rows=380
0:6-2:TR1: ABCK ti=8 L=248 seqmm=233 chkmm=0 rows=248
0:6-6:TR1: ABCK ti=6 L=1050 seqmm=1040 chkmm=0 rows=1050
0:6-6:TR1: ABCK ti=7 L=280 seqmm=271 chkmm=0 rows=280
0:6-6:TR1: ABCK ti=8 L=236 seqmm=224 chkmm=0 rows=236
0:0-6:TR1: ABCK ti=0 L=17577 seqmm=17576 chkmm=17577 rows=17577
0:1-1:TR1: ABCK ti=1 L=5113 seqmm=5102 chkmm=1 rows=5113
0:1-3:TR1: ABCK ti=1 L=5208 seqmm=5144 chkmm=3 rows=5208
0:2-2:TR1: ABCK ti=2 L=3789 seqmm=3719 chkmm=0 rows=3789
0:2-4:TR1: ABCK ti=2 L=3882 seqmm=3854 chkmm=2 rows=3882
0:2-5:TR1: ABCK ti=3 L=2826 seqmm=2815 chkmm=0 rows=2826
0:2-6:TR1: ABCK ti=3 L=2734 seqmm=2715 chkmm=0 rows=2734
0:2-7:TR1: ABCK ti=2 L=3850 seqmm=3823 chkmm=0 rows=3850
0:2-9:TR1: ABCK ti=3 L=2794 seqmm=2760 chkmm=1 rows=2794
0:3-4:TR1: ABCK ti=4 L=2018 seqmm=1991 chkmm=1 rows=2018
0:3-8:TR1: ABCK ti=4 L=2035 seqmm=2025 chkmm=0 rows=2035
0:4-3:TR1: ABCK ti=5 L=1399 seqmm=1390 chkmm=0 rows=1399
0:4-3:TR1: ABCK ti=6 L=632 seqmm=620 chkmm=0 rows=632
0:4-4:TR1: ABCK ti=5 L=1530 seqmm=1518 chkmm=0 rows=1530
0:4-4:TR1: ABCK ti=6 L=707 seqmm=697 chkmm=0 rows=707
0:4-5:TR1: ABCK ti=7 L=456 seqmm=446 chkmm=0 rows=456
0:4-5:TR1: ABCK ti=8 L=294 seqmm=283 chkmm=0 rows=294
0:4-6:TR1: ABCK ti=5 L=1557 seqmm=1535 chkmm=0 rows=1557
0:4-7:TR1: ABCK ti=6 L=1017 seqmm=1006 chkmm=0 rows=1017
0:4-7:TR1: ABCK ti=7 L=318 seqmm=304 chkmm=0 rows=318
0:4-7:TR1: ABCK ti=8 L=253 seqmm=242 chkmm=0 rows=253
0:4-8:TR1: ABCK ti=9 L=135 seqmm=124 chkmm=0 rows=135
0:4-9:TR1: ABCK ti=9 L=191 seqmm=179 chkmm=0 rows=191
0:5-0:TR1: ABCK ti=6 L=893 seqmm=884 chkmm=0 rows=893
0:5-0:TR1: ABCK ti=7 L=396 seqmm=387 chkmm=0 rows=396
0:5-0:TR1: ABCK ti=8 L=221 seqmm=212 chkmm=0 rows=221
0:5-2:TR1: ABCK ti=7 L=482 seqmm=472 chkmm=0 rows=482
0:5-2:TR1: ABCK ti=8 L=261 seqmm=252 chkmm=0 rows=261
0:5-4:TR1: ABCK ti=6 L=1076 seqmm=1063 chkmm=0 rows=1076
0:5-4:TR1: ABCK ti=7 L=537 seqmm=527 chkmm=0 rows=537
0:5-4:TR1: ABCK ti=8 L=215 seqmm=204 chkmm=0 rows=215
0:5-5:TR1: ABCK ti=9 L=198 seqmm=188 chkmm=0 rows=198
0:5-6:TR1: ABCK ti=7 L=255 seqmm=243 chkmm=0 rows=255
0:5-6:TR1: ABCK ti=8 L=288 seqmm=277 chkmm=0 rows=288
0:5-9:TR1: ABCK ti=7 L=309 seqmm=299 chkmm=0 rows=309
0:5-9:TR1: ABCK ti=8 L=246 seqmm=236 chkmm=0 rows=246
0:6-5:TR1: ABCK ti=7 L=283 seqmm=262 chkmm=0 rows=283
0:6-5:TR1: ABCK ti=8 L=339 seqmm=328 chkmm=0 rows=339
0:6-6:TR1: ABCK ti=9 L=116 seqmm=106 chkmm=0 rows=116
0:7-1:TR1: ABCK ti=7 L=473 seqmm=464 chkmm=0 rows=473
0:7-1:TR1: ABCK ti=8 L=225 seqmm=216 chkmm=0 rows=225
0:0-5:TR1: ABCK ti=0 L=17689 seqmm=17688 chkmm=17689 rows=17689
0:0-8:TR1: ABCK ti=1 L=5070 seqmm=5058 chkmm=0 rows=5070
0:0-9:TR1: ABCK ti=1 L=5045 seqmm=5036 chkmm=0 rows=5045
0:1-0:TR1: ABCK ti=1 L=5130 seqmm=5045 chkmm=1 rows=5130
0:1-2:TR1: ABCK ti=1 L=5168 seqmm=5122 chkmm=0 rows=5168
0:1-3:TR1: ABCK ti=2 L=3688 seqmm=3670 chkmm=0 rows=3688
0:1-7:TR1: ABCK ti=2 L=3757 seqmm=3720 chkmm=0 rows=3757
0:1-8:TR1: ABCK ti=2 L=3712 seqmm=3696 chkmm=0 rows=3712
0:1-9:TR1: ABCK ti=2 L=3814 seqmm=3802 chkmm=0 rows=3814
0:2-0:TR1: ABCK ti=2 L=3813 seqmm=3784 chkmm=2 rows=3813
0:2-2:TR1: ABCK ti=3 L=2735 seqmm=2724 chkmm=0 rows=2735
0:2-3:TR1: ABCK ti=2 L=3860 seqmm=3851 chkmm=0 rows=3860
0:2-4:TR1: ABCK ti=3 L=2648 seqmm=2611 chkmm=1 rows=2648
0:2-6:TR1: ABCK ti=4 L=2029 seqmm=2019 chkmm=0 rows=2029
0:2-7:TR1: ABCK ti=3 L=2761 seqmm=2737 chkmm=1 rows=2761
0:2-8:TR1: ABCK ti=4 L=1971 seqmm=1962 chkmm=0 rows=1971
0:2-9:TR1: ABCK ti=4 L=1931 seqmm=1857 chkmm=0 rows=1931
0:3-0:TR1: ABCK ti=4 L=2049 seqmm=2024 chkmm=0 rows=2049
0:3-1:TR1: ABCK ti=4 L=2160 seqmm=2114 chkmm=0 rows=2160
0:3-2:TR1: ABCK ti=4 L=2031 seqmm=2014 chkmm=1 rows=2031
0:3-3:TR1: ABCK ti=4 L=2153 seqmm=2144 chkmm=0 rows=2153
0:3-5:TR1: ABCK ti=4 L=2126 seqmm=2114 chkmm=0 rows=2126
0:3-6:TR1: ABCK ti=4 L=2114 seqmm=2103 chkmm=0 rows=2114
0:3-7:TR1: ABCK ti=4 L=2095 seqmm=2082 chkmm=0 rows=2095
0:3-9:TR1: ABCK ti=5 L=1538 seqmm=1529 chkmm=1 rows=1538
0:3-9:TR1: ABCK ti=6 L=763 seqmm=751 chkmm=1 rows=763
0:4-0:TR1: ABCK ti=5 L=1525 seqmm=1515 chkmm=0 rows=1525
0:4-0:TR1: ABCK ti=6 L=700 seqmm=691 chkmm=0 rows=700
0:4-1:TR1: ABCK ti=5 L=1508 seqmm=1498 chkmm=0 rows=1508
0:4-1:TR1: ABCK ti=6 L=653 seqmm=639 chkmm=1 rows=653
0:4-2:TR1: ABCK ti=5 L=1458 seqmm=1436 chkmm=0 rows=1458
0:4-2:TR1: ABCK ti=6 L=473 seqmm=464 chkmm=0 rows=473
0:4-3:TR1: ABCK ti=7 L=300 seqmm=288 chkmm=0 rows=300
0:4-3:TR1: ABCK ti=8 L=316 seqmm=306 chkmm=0 rows=316
0:4-4:TR1: ABCK ti=7 L=302 seqmm=291 chkmm=0 rows=302
0:4-4:TR1: ABCK ti=8 L=232 seqmm=208 chkmm=0 rows=232
0:4-6:TR1: ABCK ti=6 L=774 seqmm=764 chkmm=0 rows=774
0:4-6:TR1: ABCK ti=7 L=314 seqmm=301 chkmm=0 rows=314
0:4-6:TR1: ABCK ti=8 L=244 seqmm=233 chkmm=0 rows=244
0:4-7:TR1: ABCK ti=9 L=147 seqmm=137 chkmm=0 rows=147
0:5-0:TR1: ABCK ti=9 L=163 seqmm=140 chkmm=3 rows=163
0:5-1:TR1: ABCK ti=6 L=1042 seqmm=1019 chkmm=0 rows=1042
0:5-1:TR1: ABCK ti=7 L=358 seqmm=348 chkmm=0 rows=358
0:5-1:TR1: ABCK ti=8 L=249 seqmm=240 chkmm=0 rows=249
0:5-4:TR1: ABCK ti=9 L=141 seqmm=130 chkmm=0 rows=141
0:0-4:TR1: ABCK ti=0 L=18270 seqmm=18269 chkmm=18270 rows=18270
0:1-5:TR1: ABCK ti=2 L=3720 seqmm=3651 chkmm=1 rows=3720
0:1-6:TR1: ABCK ti=2 L=3710 seqmm=3681 chkmm=0 rows=3710
0:1-7:TR1: ABCK ti=3 L=2669 seqmm=2658 chkmm=0 rows=2669
0:1-8:TR1: ABCK ti=3 L=2582 seqmm=2555 chkmm=0 rows=2582
0:1-9:TR1: ABCK ti=3 L=2778 seqmm=2768 chkmm=0 rows=2778
0:2-0:TR1: ABCK ti=3 L=2624 seqmm=2610 chkmm=0 rows=2624
0:2-1:TR1: ABCK ti=2 L=3710 seqmm=3245 chkmm=0 rows=3710
0:2-2:TR1: ABCK ti=4 L=1995 seqmm=1986 chkmm=1 rows=1995
0:2-3:TR1: ABCK ti=3 L=2799 seqmm=2780 chkmm=0 rows=2799
0:2-4:TR1: ABCK ti=4 L=1964 seqmm=1939 chkmm=2 rows=1964
0:2-5:TR1: ABCK ti=4 L=2011 seqmm=1996 chkmm=1 rows=2011
0:3-3:TR1: ABCK ti=5 L=1159 seqmm=1147 chkmm=0 rows=1159
0:3-3:TR1: ABCK ti=6 L=819 seqmm=798 chkmm=0 rows=819
0:3-4:TR1: ABCK ti=5 L=1315 seqmm=1306 chkmm=0 rows=1315
0:3-4:TR1: ABCK ti=6 L=664 seqmm=653 chkmm=0 rows=664
0:3-9:TR1: ABCK ti=7 L=424 seqmm=415 chkmm=0 rows=424
0:3-9:TR1: ABCK ti=8 L=245 seqmm=236 chkmm=0 rows=245
0:4-0:TR1: ABCK ti=7 L=287 seqmm=277 chkmm=0 rows=287
0:4-0:TR1: ABCK ti=8 L=240 seqmm=231 chkmm=0 rows=240
0:4-1:TR1: ABCK ti=7 L=326 seqmm=317 chkmm=0 rows=326
0:4-1:TR1: ABCK ti=8 L=191 seqmm=180 chkmm=1 rows=191
0:4-2:TR1: ABCK ti=7 L=289 seqmm=280 chkmm=0 rows=289
0:4-2:TR1: ABCK ti=8 L=285 seqmm=272 chkmm=0 rows=285
0:4-6:TR1: ABCK ti=9 L=136 seqmm=126 chkmm=0 rows=136
0:5-1:TR1: ABCK ti=9 L=138 seqmm=128 chkmm=1 rows=138
0:0-3:TR1: ABCK ti=0 L=18585 seqmm=18584 chkmm=18585 rows=18585
0:0-5:TR1: ABCK ti=1 L=4441 seqmm=4431 chkmm=0 rows=4441
0:0-6:TR1: ABCK ti=1 L=4508 seqmm=4490 chkmm=0 rows=4508
0:0-7:TR1: ABCK ti=1 L=4397 seqmm=4363 chkmm=3 rows=4397
0:1-4:TR1: ABCK ti=2 L=3635 seqmm=3626 chkmm=0 rows=3635
0:1-5:TR1: ABCK ti=3 L=2613 seqmm=2603 chkmm=0 rows=2613
0:1-6:TR1: ABCK ti=3 L=2715 seqmm=2705 chkmm=0 rows=2715
0:1-8:TR1: ABCK ti=4 L=1982 seqmm=1972 chkmm=0 rows=1982
0:2-0:TR1: ABCK ti=4 L=1950 seqmm=1940 chkmm=0 rows=1950
0:2-1:TR1: ABCK ti=3 L=2799 seqmm=2789 chkmm=0 rows=2799
0:2-6:TR1: ABCK ti=5 L=1028 seqmm=1016 chkmm=0 rows=1028
0:2-6:TR1: ABCK ti=6 L=716 seqmm=706 chkmm=0 rows=716
0:2-7:TR1: ABCK ti=4 L=1927 seqmm=1860 chkmm=1 rows=1927
0:2-8:TR1: ABCK ti=5 L=1204 seqmm=1195 chkmm=0 rows=1204
0:2-8:TR1: ABCK ti=6 L=514 seqmm=501 chkmm=0 rows=514
0:2-9:TR1: ABCK ti=5 L=1379 seqmm=1345 chkmm=1 rows=1379
0:2-9:TR1: ABCK ti=6 L=561 seqmm=552 chkmm=0 rows=561
0:3-0:TR1: ABCK ti=5 L=1232 seqmm=1217 chkmm=0 rows=1232
0:3-0:TR1: ABCK ti=6 L=516 seqmm=503 chkmm=1 rows=516
0:3-1:TR1: ABCK ti=5 L=1193 seqmm=1184 chkmm=0 rows=1193
0:3-1:TR1: ABCK ti=6 L=837 seqmm=814 chkmm=0 rows=837
0:3-2:TR1: ABCK ti=5 L=1334 seqmm=1324 chkmm=0 rows=1334
0:3-2:TR1: ABCK ti=6 L=698 seqmm=689 chkmm=0 rows=698
0:3-3:TR1: ABCK ti=7 L=312 seqmm=299 chkmm=0 rows=312
0:3-3:TR1: ABCK ti=8 L=201 seqmm=191 chkmm=0 rows=201
0:3-4:TR1: ABCK ti=7 L=234 seqmm=223 chkmm=0 rows=234
0:3-4:TR1: ABCK ti=8 L=255 seqmm=244 chkmm=0 rows=255
0:3-5:TR1: ABCK ti=5 L=1275 seqmm=1242 chkmm=0 rows=1275
0:3-5:TR1: ABCK ti=6 L=843 seqmm=832 chkmm=1 rows=843
0:3-6:TR1: ABCK ti=5 L=1463 seqmm=1453 chkmm=0 rows=1463
0:3-6:TR1: ABCK ti=6 L=692 seqmm=680 chkmm=0 rows=692
0:3-7:TR1: ABCK ti=5 L=1322 seqmm=1299 chkmm=0 rows=1322
0:3-7:TR1: ABCK ti=6 L=677 seqmm=666 chkmm=0 rows=677
0:3-8:TR1: ABCK ti=5 L=1452 seqmm=1441 chkmm=0 rows=1452
0:3-8:TR1: ABCK ti=6 L=536 seqmm=527 chkmm=0 rows=536
0:0-4:TR1: ABCK ti=1 L=4279 seqmm=4250 chkmm=1 rows=4279
0:1-0:TR1: ABCK ti=2 L=3651 seqmm=3642 chkmm=0 rows=3651
0:1-1:TR1: ABCK ti=2 L=3791 seqmm=3769 chkmm=1 rows=3791
0:1-3:TR1: ABCK ti=3 L=2637 seqmm=2622 chkmm=0 rows=2637
0:1-4:TR1: ABCK ti=3 L=2654 seqmm=2645 chkmm=0 rows=2654
0:1-7:TR1: ABCK ti=4 L=1952 seqmm=1886 chkmm=1 rows=1952
0:1-9:TR1: ABCK ti=4 L=1888 seqmm=1879 chkmm=0 rows=1888
0:2-3:TR1: ABCK ti=4 L=1932 seqmm=1923 chkmm=0 rows=1932
0:2-4:TR1: ABCK ti=5 L=1130 seqmm=1119 chkmm=0 rows=1130
0:2-4:TR1: ABCK ti=6 L=489 seqmm=464 chkmm=0 rows=489
0:2-5:TR1: ABCK ti=5 L=1339 seqmm=1330 chkmm=0 rows=1339
0:2-5:TR1: ABCK ti=6 L=752 seqmm=741 chkmm=0 rows=752
0:2-6:TR1: ABCK ti=7 L=300 seqmm=286 chkmm=0 rows=300
0:2-6:TR1: ABCK ti=8 L=168 seqmm=157 chkmm=0 rows=168
0:2-7:TR1: ABCK ti=5 L=1238 seqmm=1195 chkmm=0 rows=1238
0:2-7:TR1: ABCK ti=6 L=685 seqmm=675 chkmm=0 rows=685
0:2-8:TR1: ABCK ti=7 L=327 seqmm=317 chkmm=0 rows=327
0:2-8:TR1: ABCK ti=8 L=211 seqmm=200 chkmm=0 rows=211
0:2-9:TR1: ABCK ti=7 L=237 seqmm=219 chkmm=0 rows=237
0:2-9:TR1: ABCK ti=8 L=209 seqmm=200 chkmm=0 rows=209
0:3-0:TR1: ABCK ti=7 L=271 seqmm=260 chkmm=1 rows=271
0:3-0:TR1: ABCK ti=8 L=193 seqmm=181 chkmm=0 rows=193
0:3-1:TR1: ABCK ti=7 L=359 seqmm=350 chkmm=0 rows=359
0:3-1:TR1: ABCK ti=8 L=211 seqmm=202 chkmm=1 rows=211
0:3-2:TR1: ABCK ti=7 L=262 seqmm=248 chkmm=0 rows=262
0:3-2:TR1: ABCK ti=8 L=309 seqmm=290 chkmm=1 rows=309
0:3-7:TR1: ABCK ti=7 L=232 seqmm=212 chkmm=0 rows=232
0:3-7:TR1: ABCK ti=8 L=185 seqmm=174 chkmm=0 rows=185
0:3-8:TR1: ABCK ti=7 L=244 seqmm=235 chkmm=0 rows=244
0:3-8:TR1: ABCK ti=8 L=207 seqmm=196 chkmm=0 rows=207
0:0-3:TR1: ABCK ti=1 L=4163 seqmm=4135 chkmm=0 rows=4163
0:0-7:TR1: ABCK ti=2 L=3625 seqmm=3614 chkmm=0 rows=3625
0:0-8:TR1: ABCK ti=2 L=3586 seqmm=3576 chkmm=0 rows=3586
0:0-9:TR1: ABCK ti=2 L=3682 seqmm=3670 chkmm=0 rows=3682
0:1-0:TR1: ABCK ti=3 L=2418 seqmm=2408 chkmm=0 rows=2418
0:1-1:TR1: ABCK ti=3 L=2518 seqmm=2507 chkmm=0 rows=2518
0:1-2:TR1: ABCK ti=2 L=3632 seqmm=3623 chkmm=0 rows=3632
0:1-3:TR1: ABCK ti=4 L=1897 seqmm=1886 chkmm=0 rows=1897
0:1-5:TR1: ABCK ti=4 L=1970 seqmm=1961 chkmm=0 rows=1970
0:1-6:TR1: ABCK ti=4 L=1770 seqmm=1761 chkmm=1 rows=1770
0:2-0:TR1: ABCK ti=5 L=1351 seqmm=1340 chkmm=0 rows=1351
0:2-0:TR1: ABCK ti=6 L=655 seqmm=646 chkmm=0 rows=655
0:2-1:TR1: ABCK ti=4 L=1969 seqmm=1933 chkmm=1 rows=1969
0:2-2:TR1: ABCK ti=5 L=1415 seqmm=1388 chkmm=0 rows=1415
0:2-2:TR1: ABCK ti=6 L=392 seqmm=314 chkmm=0 rows=392
0:2-4:TR1: ABCK ti=7 L=244 seqmm=227 chkmm=0 rows=244
0:2-4:TR1: ABCK ti=8 L=193 seqmm=184 chkmm=0 rows=193
0:2-5:TR1: ABCK ti=7 L=279 seqmm=270 chkmm=0 rows=279
0:2-5:TR1: ABCK ti=8 L=201 seqmm=191 chkmm=0 rows=201
0:3-5:TR1: ABCK ti=7 L=387 seqmm=375 chkmm=0 rows=387
0:3-5:TR1: ABCK ti=8 L=211 seqmm=202 chkmm=0 rows=211
0:3-6:TR1: ABCK ti=7 L=517 seqmm=506 chkmm=0 rows=517
0:3-6:TR1: ABCK ti=8 L=220 seqmm=210 chkmm=0 rows=220
0:0-5:TR1: ABCK ti=2 L=3242 seqmm=3229 chkmm=1 rows=3242
0:0-6:TR1: ABCK ti=2 L=3258 seqmm=3249 chkmm=0 rows=3258
0:0-8:TR1: ABCK ti=3 L=2292 seqmm=2279 chkmm=0 rows=2292
0:0-9:TR1: ABCK ti=3 L=2193 seqmm=2183 chkmm=0 rows=2193
0:1-0:TR1: ABCK ti=4 L=1691 seqmm=1668 chkmm=1 rows=1691
0:1-1:TR1: ABCK ti=4 L=1739 seqmm=1730 chkmm=0 rows=1739
0:1-2:TR1: ABCK ti=3 L=2515 seqmm=2505 chkmm=0 rows=2515
0:1-3:TR1: ABCK ti=5 L=1028 seqmm=1019 chkmm=0 rows=1028
0:1-4:TR1: ABCK ti=4 L=1988 seqmm=1967 chkmm=1 rows=1988
0:1-7:TR1: ABCK ti=5 L=1158 seqmm=1147 chkmm=0 rows=1158
0:1-7:TR1: ABCK ti=6 L=698 seqmm=686 chkmm=0 rows=698
0:1-8:TR1: ABCK ti=5 L=1364 seqmm=1354 chkmm=0 rows=1364
0:1-8:TR1: ABCK ti=6 L=697 seqmm=687 chkmm=0 rows=697
0:1-9:TR1: ABCK ti=5 L=1219 seqmm=1210 chkmm=0 rows=1219
0:1-9:TR1: ABCK ti=6 L=483 seqmm=470 chkmm=0 rows=483
0:2-0:TR1: ABCK ti=7 L=238 seqmm=228 chkmm=0 rows=238
0:2-0:TR1: ABCK ti=8 L=212 seqmm=200 chkmm=0 rows=212
0:2-2:TR1: ABCK ti=7 L=259 seqmm=250 chkmm=0 rows=259
0:2-2:TR1: ABCK ti=8 L=303 seqmm=293 chkmm=0 rows=303
0:2-3:TR1: ABCK ti=5 L=1289 seqmm=1267 chkmm=0 rows=1289
0:2-3:TR1: ABCK ti=6 L=608 seqmm=582 chkmm=0 rows=608
0:2-7:TR1: ABCK ti=7 L=369 seqmm=360 chkmm=0 rows=369
0:2-7:TR1: ABCK ti=8 L=173 seqmm=162 chkmm=0 rows=173
0:0-4:TR1: ABCK ti=2 L=3103 seqmm=3094 chkmm=0 rows=3103
0:0-5:TR1: ABCK ti=3 L=2471 seqmm=2462 chkmm=0 rows=2471
0:0-6:TR1: ABCK ti=3 L=2595 seqmm=2585 chkmm=0 rows=2595
0:0-8:TR1: ABCK ti=4 L=1706 seqmm=1695 chkmm=0 rows=1706
0:0-9:TR1: ABCK ti=4 L=1815 seqmm=1729 chkmm=1 rows=1815
0:1-2:TR1: ABCK ti=4 L=1777 seqmm=1768 chkmm=0 rows=1777
0:1-3:TR1: ABCK ti=6 L=565 seqmm=555 chkmm=0 rows=565
0:1-3:TR1: ABCK ti=7 L=426 seqmm=416 chkmm=0 rows=426
0:1-5:TR1: ABCK ti=5 L=1082 seqmm=1067 chkmm=0 rows=1082
0:1-5:TR1: ABCK ti=6 L=368 seqmm=340 chkmm=1 rows=368
0:1-6:TR1: ABCK ti=5 L=1278 seqmm=1264 chkmm=0 rows=1278
0:1-6:TR1: ABCK ti=6 L=595 seqmm=586 chkmm=0 rows=595
0:1-7:TR1: ABCK ti=7 L=274 seqmm=255 chkmm=1 rows=274
0:1-7:TR1: ABCK ti=8 L=386 seqmm=375 chkmm=0 rows=386
0:1-9:TR1: ABCK ti=7 L=287 seqmm=274 chkmm=0 rows=287
0:1-9:TR1: ABCK ti=8 L=161 seqmm=148 chkmm=0 rows=161
0:2-1:TR1: ABCK ti=5 L=1247 seqmm=1215 chkmm=1 rows=1247
0:2-1:TR1: ABCK ti=6 L=494 seqmm=482 chkmm=0 rows=494
0:2-3:TR1: ABCK ti=7 L=267 seqmm=256 chkmm=0 rows=267
0:2-3:TR1: ABCK ti=8 L=357 seqmm=338 chkmm=0 rows=357
0:0-4:TR1: ABCK ti=3 L=2227 seqmm=2217 chkmm=0 rows=2227
0:0-7:TR1: ABCK ti=3 L=2292 seqmm=2260 chkmm=2 rows=2292
0:0-7:TR1: ABCK ti=4 L=1604 seqmm=1591 chkmm=0 rows=1604
0:1-0:TR1: ABCK ti=5 L=782 seqmm=772 chkmm=1 rows=782
0:1-0:TR1: ABCK ti=6 L=376 seqmm=364 chkmm=0 rows=376
0:1-1:TR1: ABCK ti=5 L=912 seqmm=903 chkmm=0 rows=912
0:1-1:TR1: ABCK ti=6 L=393 seqmm=384 chkmm=0 rows=393
0:1-4:TR1: ABCK ti=5 L=1179 seqmm=1139 chkmm=0 rows=1179
0:1-4:TR1: ABCK ti=6 L=366 seqmm=357 chkmm=0 rows=366
0:1-5:TR1: ABCK ti=7 L=294 seqmm=285 chkmm=0 rows=294
0:1-5:TR1: ABCK ti=8 L=99 seqmm=83 chkmm=0 rows=99
0:1-8:TR1: ABCK ti=7 L=350 seqmm=331 chkmm=0 rows=350
0:1-8:TR1: ABCK ti=8 L=150 seqmm=139 chkmm=0 rows=150
0:2-1:TR1: ABCK ti=7 L=288 seqmm=274 chkmm=0 rows=288
0:2-1:TR1: ABCK ti=8 L=262 seqmm=253 chkmm=0 rows=262
0:0-2:TR1: ABCK ti=0 L=21413 seqmm=21412 chkmm=21413 rows=21413
0:0-3:TR1: ABCK ti=2 L=2976 seqmm=2966 chkmm=0 rows=2976
0:0-4:TR1: ABCK ti=4 L=1572 seqmm=1560 chkmm=0 rows=1572
0:0-5:TR1: ABCK ti=4 L=1766 seqmm=1752 chkmm=2 rows=1766
0:0-6:TR1: ABCK ti=4 L=1634 seqmm=1611 chkmm=0 rows=1634
0:0-7:TR1: ABCK ti=5 L=1152 seqmm=1078 chkmm=1 rows=1152
0:0-8:TR1: ABCK ti=5 L=988 seqmm=978 chkmm=0 rows=988
0:0-8:TR1: ABCK ti=6 L=311 seqmm=294 chkmm=0 rows=311
0:0-9:TR1: ABCK ti=5 L=839 seqmm=823 chkmm=0 rows=839
0:0-9:TR1: ABCK ti=6 L=490 seqmm=480 chkmm=0 rows=490
0:1-0:TR1: ABCK ti=7 L=268 seqmm=259 chkmm=0 rows=268
0:1-0:TR1: ABCK ti=8 L=144 seqmm=133 chkmm=0 rows=144
0:1-1:TR1: ABCK ti=7 L=229 seqmm=217 chkmm=0 rows=229
0:1-1:TR1: ABCK ti=8 L=177 seqmm=168 chkmm=0 rows=177
0:1-2:TR1: ABCK ti=5 L=901 seqmm=891 chkmm=0 rows=901
0:1-2:TR1: ABCK ti=6 L=401 seqmm=391 chkmm=0 rows=401
0:1-4:TR1: ABCK ti=7 L=362 seqmm=353 chkmm=0 rows=362
0:1-4:TR1: ABCK ti=8 L=207 seqmm=197 chkmm=0 rows=207
0:1-6:TR1: ABCK ti=7 L=260 seqmm=249 chkmm=0 rows=260
0:1-6:TR1: ABCK ti=8 L=181 seqmm=171 chkmm=0 rows=181
0:0-3:TR1: ABCK ti=3 L=2197 seqmm=2174 chkmm=0 rows=2197
0:0-5:TR1: ABCK ti=5 L=831 seqmm=822 chkmm=0 rows=831
0:0-5:TR1: ABCK ti=6 L=278 seqmm=263 chkmm=1 rows=278
0:0-6:TR1: ABCK ti=5 L=1087 seqmm=1078 chkmm=0 rows=1087
0:0-6:TR1: ABCK ti=6 L=476 seqmm=465 chkmm=0 rows=476
0:0-8:TR1: ABCK ti=7 L=282 seqmm=269 chkmm=0 rows=282
0:0-8:TR1: ABCK ti=8 L=182 seqmm=173 chkmm=0 rows=182
0:0-9:TR1: ABCK ti=7 L=217 seqmm=206 chkmm=0 rows=217
0:0-9:TR1: ABCK ti=8 L=211 seqmm=199 chkmm=1 rows=211
0:1-2:TR1: ABCK ti=7 L=233 seqmm=224 chkmm=0 rows=233
0:1-2:TR1: ABCK ti=8 L=160 seqmm=151 chkmm=0 rows=160
0:0-3:TR1: ABCK ti=4 L=1660 seqmm=1634 chkmm=1 rows=1660
0:0-4:TR1: ABCK ti=5 L=922 seqmm=909 chkmm=0 rows=922
0:0-4:TR1: ABCK ti=6 L=468 seqmm=458 chkmm=0 rows=468
0:0-5:TR1: ABCK ti=7 L=349 seqmm=338 chkmm=0 rows=349
0:0-5:TR1: ABCK ti=8 L=109 seqmm=100 chkmm=0 rows=109
0:0-6:TR1: ABCK ti=7 L=258 seqmm=249 chkmm=0 rows=258
0:0-6:TR1: ABCK ti=8 L=162 seqmm=146 chkmm=0 rows=162
0:0-7:TR1: ABCK ti=6 L=255 seqmm=242 chkmm=1 rows=255
0:0-7:TR1: ABCK ti=7 L=316 seqmm=305 chkmm=0 rows=316
0:0-4:TR1: ABCK ti=7 L=226 seqmm=211 chkmm=0 rows=226
0:0-4:TR1: ABCK ti=8 L=105 seqmm=92 chkmm=0 rows=105
0:0-2:TR1: ABCK ti=1 L=3778 seqmm=3768 chkmm=0 rows=3778
0:0-3:TR1: ABCK ti=5 L=1089 seqmm=1079 chkmm=0 rows=1089
0:0-3:TR1: ABCK ti=6 L=363 seqmm=351 chkmm=0 rows=363
0:0-1:TR1: ABCK ti=0 L=23401 seqmm=23400 chkmm=23401 rows=23401
0:0-2:TR1: ABCK ti=2 L=2796 seqmm=2785 chkmm=0 rows=2796
0:0-3:TR1: ABCK ti=7 L=223 seqmm=212 chkmm=0 rows=223
0:0-3:TR1: ABCK ti=8 L=150 seqmm=139 chkmm=0 rows=150
0:0-1:TR1: ABCK ti=1 L=3037 seqmm=3027 chkmm=0 rows=3037
0:0-2:TR1: ABCK ti=3 L=2023 seqmm=2014 chkmm=0 rows=2023
0:0-2:TR1: ABCK ti=4 L=1022 seqmm=1012 chkmm=0 rows=1022
0:0-1:TR1: ABCK ti=2 L=2287 seqmm=2277 chkmm=0 rows=2287
0:0-2:TR1: ABCK ti=5 L=524 seqmm=510 chkmm=0 rows=524
0:0-2:TR1: ABCK ti=6 L=247 seqmm=237 chkmm=0 rows=247
0:0-2:TR1: ABCK ti=7 L=209 seqmm=200 chkmm=0 rows=209
0:0-1:TR1: ABCK ti=3 L=1580 seqmm=1557 chkmm=0 rows=1580
0:0-0:TR1: ABCK ti=0 L=25699 seqmm=25698 chkmm=25699 rows=25699
0:0-1:TR1: ABCK ti=4 L=1086 seqmm=1072 chkmm=0 rows=1086
0:0-1:TR1: ABCK ti=5 L=366 seqmm=355 chkmm=0 rows=366
0:0-0:TR1: ABCK ti=1 L=2751 seqmm=2741 chkmm=0 rows=2751
0:0-1:TR1: ABCK ti=6 L=220 seqmm=202 chkmm=1 rows=220
0:0-1:TR1: ABCK ti=7 L=116 seqmm=107 chkmm=0 rows=116
0:0-0:TR1: ABCK ti=2 L=1911 seqmm=1884 chkmm=3 rows=1911
0:0-0:TR1: ABCK ti=3 L=1166 seqmm=1157 chkmm=0 rows=1166
0:0-0:TR1: ABCK ti=4 L=661 seqmm=643 chkmm=0 rows=661
0:0-0:TR1: ABCK ti=5 L=347 seqmm=335 chkmm=0 rows=347
0:0-0:TR1: ABCK ti=6 L=192 seqmm=183 chkmm=0 rows=192
[BLEND_SPLIT] upload=0.4 (attrs=0.0MB ids=0.0MB resident) exec=95.9 readback=2.2 total=98.5 ms
[BLEND_ADDR] cull_masks=0xa08ee00 out=0xa269ec0(sz=0x600000) tile_ids=0x54d3ec0 xramp=0xa267ec0 yramp=0xa268ec0 payload=0x0(sz=0x0)
[BLEND_DEVICE] resident_blend=182.0 ms (host_build=0)
[BUCKET_CULL] P_kept=3369033 tiles=1024 floor=6.10352e-05 cull_disabled=0 exec=73.98ms
[SORT] stage=RP P=3369033 P_kept=3369033 num_tiles=1024 max_tile_n=26544 bin=16.20 up=0.43 kernel=7.48 d2h=7.13 compact=0.00 publish=1.32 total=108.94ms
[BUCKET_CULL] P_kept=3369033 tiles=1024 floor=6.10352e-05 cull_disabled=0 exec=73.97ms
[SORT] stage=RP P=3369033 P_kept=3369033 num_tiles=1024 max_tile_n=26544 bin=16.33 up=0.43 kernel=7.48 d2h=7.12 compact=0.00 publish=1.32 total=108.98ms
SUMMARY backend=tt blend_mode=2 views=1 hero_vs_gt=41.68dB hero_vs_ref=43.31dB min_vs_ref=43.31dB min_vs_gt=41.68dB ms/view=375.8 (proj=58.5 ta=35.7 sort=99.2 blend=182.2) shot=opt/metal-screenshots/loop-ttw/hero.png
=====RESULT=====
hero_vs_ref=43.31
blend=6028.9
blend=182.0
proj=58.5
ta=35.7
sort=99.2
blend=182.2
=====ABCK=====
0:10-9:TR1: ABCK ti=0 L=8246 seqmm=8245 chkmm=8246 rows=8246
0:10-3:TR1: ABCK ti=0 L=8378 seqmm=8377 chkmm=8378 rows=8378
0:10-4:TR1: ABCK ti=0 L=8424 seqmm=8423 chkmm=8424 rows=8424
0:10-5:TR1: ABCK ti=0 L=8389 seqmm=8388 chkmm=8389 rows=8389
0:10-6:TR1: ABCK ti=0 L=8353 seqmm=8352 chkmm=8353 rows=8353
0:10-7:TR1: ABCK ti=0 L=8360 seqmm=8359 chkmm=8360 rows=8360
0:10-8:TR1: ABCK ti=0 L=8284 seqmm=8283 chkmm=8284 rows=8284
0:9-9:TR1: ABCK ti=0 L=8574 seqmm=8573 chkmm=8574 rows=8574
0:10-0:TR1: ABCK ti=0 L=8527 seqmm=8526 chkmm=8527 rows=8527
0:10-1:TR1: ABCK ti=0 L=8528 seqmm=8527 chkmm=8528 rows=8528
0:10-2:TR1: ABCK ti=0 L=8444 seqmm=8443 chkmm=8444 rows=8444
0:9-8:TR1: ABCK ti=0 L=8680 seqmm=8679 chkmm=8680 rows=8680
0:9-7:TR1: ABCK ti=0 L=8760 seqmm=8759 chkmm=8760 rows=8760
0:9-5:TR1: ABCK ti=0 L=9093 seqmm=9092 chkmm=9093 rows=9093
0:9-6:TR1: ABCK ti=0 L=9101 seqmm=9100 chkmm=9101 rows=9101
0:9-2:TR1: ABCK ti=0 L=9266 seqmm=9265 chkmm=9266 rows=9266
0:9-3:TR1: ABCK ti=0 L=9159 seqmm=9158 chkmm=9159 rows=9159
0:9-4:TR1: ABCK ti=0 L=9216 seqmm=9215 chkmm=9216 rows=9216
0:8-9:TR1: ABCK ti=0 L=9433 seqmm=9432 chkmm=9433 rows=9433
0:9-0:TR1: ABCK ti=0 L=9302 seqmm=9301 chkmm=9302 rows=9302
0:9-1:TR1: ABCK ti=0 L=9293 seqmm=9292 chkmm=9293 rows=9293
0:8-3:TR1: ABCK ti=0 L=9654 seqmm=9653 chkmm=9654 rows=9654
0:8-4:TR1: ABCK ti=0 L=9624 seqmm=9623 chkmm=9624 rows=9624
0:8-5:TR1: ABCK ti=0 L=9548 seqmm=9547 chkmm=9548 rows=9548
0:8-6:TR1: ABCK ti=0 L=9516 seqmm=9515 chkmm=9516 rows=9516
0:8-7:TR1: ABCK ti=0 L=9637 seqmm=9636 chkmm=9637 rows=9637
0:8-8:TR1: ABCK ti=0 L=9495 seqmm=9494 chkmm=9495 rows=9495
0:8-1:TR1: ABCK ti=0 L=9703 seqmm=9702 chkmm=9703 rows=9703
0:8-2:TR1: ABCK ti=0 L=9775 seqmm=9774 chkmm=9775 rows=9775
0:7-7:TR1: ABCK ti=0 L=9980 seqmm=9979 chkmm=9980 rows=9980
0:7-8:TR1: ABCK ti=0 L=9938 seqmm=9937 chkmm=9938 rows=9938
0:7-9:TR1: ABCK ti=0 L=9982 seqmm=9981 chkmm=9982 rows=9982
0:8-0:TR1: ABCK ti=0 L=9885 seqmm=9884 chkmm=9885 rows=9885
0:7-2:TR1: ABCK ti=0 L=10296 seqmm=10295 chkmm=10296 rows=10296
0:7-3:TR1: ABCK ti=0 L=10254 seqmm=10253 chkmm=10254 rows=10254
0:7-4:TR1: ABCK ti=0 L=10210 seqmm=10209 chkmm=10210 rows=10210
0:7-5:TR1: ABCK ti=0 L=10172 seqmm=10171 chkmm=10172 rows=10172
0:7-6:TR1: ABCK ti=0 L=10085 seqmm=10084 chkmm=10085 rows=10085
0:10-2:TR1: ABCK ti=1 L=7616 seqmm=7366 chkmm=1 rows=7616
0:10-8:TR1: ABCK ti=1 L=8100 seqmm=8058 chkmm=1 rows=8100
0:10-9:TR1: ABCK ti=1 L=8091 seqmm=8081 chkmm=0 rows=8091
0:6-9:TR1: ABCK ti=0 L=10483 seqmm=10482 chkmm=10483 rows=10483
0:7-1:TR1: ABCK ti=0 L=10303 seqmm=10302 chkmm=10303 rows=10303
0:10-4:TR1: ABCK ti=1 L=8057 seqmm=7870 chkmm=1 rows=8057
0:10-7:TR1: ABCK ti=1 L=7834 seqmm=7794 chkmm=2 rows=7834
0:6-6:TR1: ABCK ti=0 L=10732 seqmm=10731 chkmm=10732 rows=10732
0:6-7:TR1: ABCK ti=0 L=10614 seqmm=10613 chkmm=10614 rows=10614
0:6-8:TR1: ABCK ti=0 L=10612 seqmm=10611 chkmm=10612 rows=10612
0:7-0:TR1: ABCK ti=0 L=10543 seqmm=10542 chkmm=10543 rows=10543
0:10-0:TR1: ABCK ti=1 L=7696 seqmm=7291 chkmm=0 rows=7696
0:10-1:TR1: ABCK ti=1 L=7677 seqmm=7356 chkmm=5 rows=7677
0:10-3:TR1: ABCK ti=1 L=7850 seqmm=7607 chkmm=1 rows=7850
0:10-5:TR1: ABCK ti=1 L=8057 seqmm=8037 chkmm=1 rows=8057
0:6-3:TR1: ABCK ti=0 L=10796 seqmm=10795 chkmm=10796 rows=10796
0:6-4:TR1: ABCK ti=0 L=10831 seqmm=10830 chkmm=10831 rows=10831
0:6-5:TR1: ABCK ti=0 L=10759 seqmm=10758 chkmm=10759 rows=10759
0:9-7:TR1: ABCK ti=1 L=7660 seqmm=7650 chkmm=1 rows=7660
0:9-8:TR1: ABCK ti=1 L=7557 seqmm=7548 chkmm=0 rows=7557
0:9-9:TR1: ABCK ti=1 L=7651 seqmm=7642 chkmm=0 rows=7651
0:6-0:TR1: ABCK ti=0 L=11157 seqmm=11156 chkmm=11157 rows=11157
