================ BUILD ID ================
  cpp : #179 sha=c168a45 bin=0a5e2d9edd16b821 iter51 re-verify + tracy @ e6d43d4
  data: #1 sha=b703f70 sync tracy-041 capture script
=========================================
host=yyzo-bh-03  tag=tracy-051-retry  timeout=2400s  worry=600s  ts=2026-06-03T11:36:13-0700
cmd: bash opt/profiler/capture_tracy.sh ttw-051-tracy
-----------------------------------------
BUILD-ID VERIFY OK: cpp#179 bin=0a5e2d9edd16b821 matches the built+stamped artifact
[capture_tracy] iter=ttw-051-tracy VIEWS=30 (FULL 30-view render) -> /localdev/smarton/gstt2/opt/profiler/ttw-051-tracy/render.tracy
[capture_tracy] flags: TILE_BUCKET=1 BUCKET_FIT=8192 L1_RECORD=1 FUSED_TILE=0 SFPU_CULL=1
[capture_tracy] CMD: python3 -m tracy -r -p -v --dump-device-data-mid-run -o /localdev/smarton/gstt2/opt/profiler/wrap_out_ttw-051-tracy opt/profiler/_render_inner.sh
2026-06-03 18:36:14.230 | INFO     | __main__:main:175 - Setting profiler artifacts folder to /localdev/smarton/gstt2/opt/profiler/wrap_out_ttw-051-tracy
2026-06-03 18:36:14.231 | INFO     | __main__:main:336 - Using port 8086
2026-06-03 18:36:14.231 | INFO     | tracy:run_report_setup:88 - Verifying tracy profiling tools
2026-06-03 18:36:14.236 | INFO     | tracy:run_report_setup:108 - Capture command: ('/localdev/smarton/tt-metal/build/tools/profiler/bin/capture-release -o /localdev/smarton/gstt2/opt/profiler/wrap_out_ttw-051-tracy/.logs/tracy_profile_log_host.tracy -f -p 8086',)
Connecting to 127.0.0.1:8086...2026-06-03 18:36:14.241 | INFO     | __main__:main:400 - Test process started
2026-06-03 18:36:14.826 | INFO     | __main__:main:175 - Setting profiler artifacts folder to /localdev/smarton/gstt2/opt/profiler/wrap_out_ttw-051-tracy
[render-inner] python3 scripts/a003_verify.py --backend tt --views 30 (MID_RUN_DUMP=1 DEVICE_PROFILER=1 GSPLAT_TT_PROFILE=1 TRACY_PORT=8086)
2026-06-03 18:36:16.463 | info     |             UMD | Creating TopologyDiscovery for architecture: blackhole (topology_discovery.cpp:75)
2026-06-03 18:36:16.463 | info     |             UMD | Starting topology discovery. (topology_discovery.cpp:92)
2026-06-03 18:36:16.464 | warning  |             UMD | Low power mode is disabled while UMD holds open file descriptors. The device will return to low power mode once all file descriptors are closed. (topology_discovery.cpp:143)
2026-06-03 18:36:16.464 | warning  |             UMD | KMD version 2.4.1 does not support power state management. (pci_device.cpp:1067)
2026-06-03 18:36:16.464 | info     |             UMD | Established firmware bundle version: 18.12.1 (topology_discovery.cpp:544)
2026-06-03 18:36:16.464 | info     |             UMD | Completed topology discovery. (topology_discovery.cpp:96)
2026-06-03 18:36:16.464 | info     |          Device | Opening user mode device driver (tt_cluster.cpp:225)
2026-06-03 18:36:16.464 | info     |             UMD | Cluster constructor started. (cluster.cpp:317)
2026-06-03 18:36:16.464 | info     |             UMD | Creating TopologyDiscovery for architecture: blackhole (topology_discovery.cpp:75)
2026-06-03 18:36:16.464 | info     |             UMD | Starting topology discovery. (topology_discovery.cpp:92)
2026-06-03 18:36:16.464 | warning  |             UMD | Low power mode is disabled while UMD holds open file descriptors. The device will return to low power mode once all file descriptors are closed. (topology_discovery.cpp:143)
2026-06-03 18:36:16.464 | warning  |             UMD | KMD version 2.4.1 does not support power state management. (pci_device.cpp:1067)
2026-06-03 18:36:16.465 | info     |             UMD | Established firmware bundle version: 18.12.1 (topology_discovery.cpp:544)
2026-06-03 18:36:16.465 | info     |             UMD | Completed topology discovery. (topology_discovery.cpp:96)
2026-06-03 18:36:16.465 | info     |             UMD | Harvesting masks for Chip 0: Tensix: 0xc0 DRAM: 0x8 ETH: 0x3fff PCIe: 0x2 L2CPU: 0x0 (cluster.cpp:270)
2026-06-03 18:36:16.465 | info     |             UMD | Initializing iommu for sysmem (size: 0x40000000). (silicon_sysmem_manager.cpp:334)
2026-06-03 18:36:16.465 | info     |             UMD | Allocating sysmem for IOMMU (size: 0x40000000). (silicon_sysmem_manager.cpp:340)
2026-06-03 18:36:16.504 | warning  |             UMD | KMD version 2.4.1 does not support power state management. (pci_device.cpp:1067)
2026-06-03 18:36:16.504 | info     |             UMD | Opening local chip ids/PCIe ids: {0}/[0] and remote chip ids {} (cluster.cpp:159)
2026-06-03 18:36:16.504 | info     |             UMD | IOMMU: enabled (cluster.cpp:133)
2026-06-03 18:36:16.504 | info     |             UMD | KMD version: 2.4.1 (cluster.cpp:136)
2026-06-03 18:36:16.504 | info     |             UMD | Cluster constructor completed. (cluster.cpp:409)
2026-06-03 18:36:16.506 | info     |             UMD | Starting devices in cluster (cluster.cpp:1044)
2026-06-03 18:36:16.506 | info     |             UMD | Mapped sysmem without hugepages to IOVA 0x80000000; NOC address 0x1000000000000000 (silicon_sysmem_manager.cpp:391)
2026-06-03 18:36:16.507 | info     |             UMD | Starting devices in cluster completed. (cluster.cpp:1052)
2026-06-03 18:36:16.993 | info     |     Distributed | Using auto discovery to generate mesh graph. (metal_env.cpp:332)
2026-06-03 18:36:16.993 | info     |     Distributed | Constructing control plane using auto-discovery (no mesh graph descriptor). (metal_env.cpp:394)
2026-06-03 18:36:16.993 | info     |             UMD | Creating TopologyDiscovery for architecture: blackhole (topology_discovery.cpp:75)
2026-06-03 18:36:16.993 | info     |             UMD | Starting topology discovery. (topology_discovery.cpp:92)
2026-06-03 18:36:16.993 | warning  |             UMD | Low power mode is disabled while UMD holds open file descriptors. The device will return to low power mode once all file descriptors are closed. (topology_discovery.cpp:143)
2026-06-03 18:36:16.993 | warning  |             UMD | KMD version 2.4.1 does not support power state management. (pci_device.cpp:1067)
2026-06-03 18:36:16.993 | info     |             UMD | Established firmware bundle version: 18.12.1 (topology_discovery.cpp:544)
2026-06-03 18:36:16.993 | info     |             UMD | Completed topology discovery. (topology_discovery.cpp:96)
2026-06-03 18:36:16.994 | warning  |          Always | Unknown motherboard 'X670E GAMING PLUS WIFI (MS-7E16)' for chip_id=0 (bus_id=0x1) — defaulting tray_id to 0. Add this motherboard and its bus IDs to mobo_to_bus_ids in physical_system_discovery.cpp. (physical_system_discovery.cpp:62)
2026-06-03 18:36:16.994 | info     |          Fabric | TopologyMapper: Logical Multi-Mesh Adjacency Map: (topology_mapper.cpp:1474)
2026-06-03 18:36:16.994 | info     |          Fabric | 
=== Logical Mesh-Level Graph Adjacency Map ===
Total nodes: 1
Degree histogram: {0:1}
 (topology_solver.tpp:94)
2026-06-03 18:36:16.994 | info     |          Fabric | 
=== Logical Mesh 0 Internal Graph Adjacency Map ===
Total nodes: 1
Degree histogram: {0:1}
 (topology_solver.tpp:94)
2026-06-03 18:36:16.994 | info     |          Fabric | TopologyMapper: Physical Multi-Mesh Adjacency Map: (topology_mapper.cpp:1485)
2026-06-03 18:36:16.994 | info     |          Fabric | 
=== Physical Mesh-Level Graph Adjacency Map ===
Total nodes: 1
Degree histogram: {0:1}
 (topology_solver.tpp:94)
2026-06-03 18:36:16.994 | info     |          Fabric | 
=== Physical Mesh 0 Internal Graph Adjacency Map ===
Total nodes: 1
Degree histogram: {0:1}
 (topology_solver.tpp:94)
2026-06-03 18:36:16.994 | info     |          Fabric | Starting multi-mesh mapping: 1 logical mesh(es) to 1 physical mesh(es) (topology_mapper_utils.cpp:1469)
2026-06-03 18:36:16.994 | info     |          Fabric | Multi-mesh mapping attempt 1/2: Trying inter-mesh mapping (topology_mapper_utils.cpp:1510)
2026-06-03 18:36:16.994 | info     |          Fabric | Attempt 1: Inter-mesh mapping succeeded, found 1 mesh pair(s) (topology_mapper_utils.cpp:1539)
2026-06-03 18:36:16.994 | info     |          Fabric | Attempt 1: Mapping 1 mesh pair(s) (topology_mapper_utils.cpp:1547)
2026-06-03 18:36:16.994 | info     |          Fabric | Attempt 1: Mapping mesh 0 -> 0 (topology_mapper_utils.cpp:1554)
2026-06-03 18:36:16.994 | info     |          Fabric | Multi-mesh mapping succeeded after 1 attempt(s): 1 mesh pair(s) mapped (topology_mapper_utils.cpp:1686)
2026-06-03 18:36:24.186 | info     |           Metal | Profiler started on device 0 (profiler_initializer.cpp:49)
2026-06-03 18:36:35.267 | info     |           Metal | ShmResourceTracker: removed stale shm '/tt_d2h_2342_2117748071_0' (shm_resource_tracker.cpp:265)
2026-06-03 18:36:35.267 | info     |           Metal | ShmResourceTracker: removed stale shm '/tt_d2h_2342_2117748071_1' (shm_resource_tracker.cpp:265)
2026-06-03 18:36:35.267 | info     |           Metal | ShmResourceTracker: removed stale manifest '/dev/shm/tt_socket_manifest_2342' (shm_resource_tracker.cpp:275)
2026-06-03 18:36:35.267 | info     |           Metal | ShmResourceTracker: removed orphaned shm '/tt_device_7490744194894819707_memory' (shm_resource_tracker.cpp:282)
2026-06-03 18:36:36.786 | info     |           Metal | [Real-time profiler] Device 0 sync complete: 100 samples, frequency=1.349979 GHz, device_time_at_sync=235793725199 cycles (realtime_profiler_manager.cpp:1082)
[JIT_WARMUP] ideal-path contexts compiled in 0.5 ms
[SORT] stage=RP P=3369033 P_kept=3369033 num_tiles=1024 max_tile_n=26496 bin=744.74 up=0.02 kernel=572.32 d2h=0.00 compact=0.00 publish=552.24 total=1869.45ms
[CULL_SPLIT] pipelined (no separate Finish; cull device exec folded under the blend host-setup window; candidates=3369033)
[BLEND_SPLIT] upload+exec=0.0 readback=1919.4 total=1919.4 ms (resident, one Finish)
[BLEND_ADDR] cull_masks=0x12aa1400 out=0x12c7a4c0(sz=0x600000) tile_ids=0x54d3ec0 xramp=0x12c784c0 yramp=0x12c794c0 payload=0x0(sz=0x0)
2026-06-03 18:37:05.806 | info     |           Metal | Device kernel duration perf summary (device=0): count=1, min=27746509362ns, avg=27746509362.0ns, max=27746509362ns (profiler_analysis.cpp:652)
2026-06-03 18:37:05.806 | info     |           Metal | Device kernel duration perf histogram (device=0): (buckets=10, bucket_size=100ns, range=[27746509300..27746510300), underflow(<27746509300ns)=0, overflow(>=27746510300ns)=0) (profiler_analysis.cpp:695)
2026-06-03 18:37:05.806 | info     |           Metal |   [ 27746509300 ..  27746509400) |########################################|        1 (profiler_analysis.cpp:700)
2026-06-03 18:37:05.806 | info     |           Metal |   [ 27746509400 ..  27746509500) |                                        |        0 (profiler_analysis.cpp:700)
2026-06-03 18:37:05.806 | info     |           Metal |   [ 27746509500 ..  27746509600) |                                        |        0 (profiler_analysis.cpp:700)
2026-06-03 18:37:05.806 | info     |           Metal |   [ 27746509600 ..  27746509700) |                                        |        0 (profiler_analysis.cpp:700)
2026-06-03 18:37:05.806 | info     |           Metal |   [ 27746509700 ..  27746509800) |                                        |        0 (profiler_analysis.cpp:700)
2026-06-03 18:37:05.806 | info     |           Metal |   [ 27746509800 ..  27746509900) |                                        |        0 (profiler_analysis.cpp:700)
2026-06-03 18:37:05.806 | info     |           Metal |   [ 27746509900 ..  27746510000) |                                        |        0 (profiler_analysis.cpp:700)
2026-06-03 18:37:05.806 | info     |           Metal |   [ 27746510000 ..  27746510100) |                                        |        0 (profiler_analysis.cpp:700)
2026-06-03 18:37:05.806 | info     |           Metal |   [ 27746510100 ..  27746510200) |                                        |        0 (profiler_analysis.cpp:700)
2026-06-03 18:37:05.806 | info     |           Metal |   [ 27746510200 ..  27746510300) |                                        |        0 (profiler_analysis.cpp:700)
[SORT] stage=RP P=3369033 P_kept=3369033 num_tiles=1024 max_tile_n=26496 bin=42.47 up=0.02 kernel=0.02 d2h=0.00 compact=0.00 publish=0.02 total=42.60ms
[CULL_SPLIT] pipelined (no separate Finish; cull device exec folded under the blend host-setup window; candidates=3369033)
[BLEND_SPLIT] upload+exec=0.0 readback=183.3 total=183.3 ms (resident, one Finish)
[BLEND_ADDR] cull_masks=0x12aa1400 out=0x12c7a4c0(sz=0x600000) tile_ids=0x54d3ec0 xramp=0x12c784c0 yramp=0x12c794c0 payload=0x0(sz=0x0)
2026-06-03 18:37:06.123 | info     |           Metal | Device kernel duration perf summary (device=0): count=1, min=289609950ns, avg=289609950.0ns, max=289609950ns (profiler_analysis.cpp:652)
2026-06-03 18:37:06.123 | info     |           Metal | Device kernel duration perf histogram (device=0): (buckets=10, bucket_size=100ns, range=[289609900..289610900), underflow(<289609900ns)=0, overflow(>=289610900ns)=0) (profiler_analysis.cpp:695)
2026-06-03 18:37:06.123 | info     |           Metal |   [   289609900 ..    289610000) |########################################|        1 (profiler_analysis.cpp:700)
2026-06-03 18:37:06.123 | info     |           Metal |   [   289610000 ..    289610100) |                                        |        0 (profiler_analysis.cpp:700)
2026-06-03 18:37:06.123 | info     |           Metal |   [   289610100 ..    289610200) |                                        |        0 (profiler_analysis.cpp:700)
2026-06-03 18:37:06.123 | info     |           Metal |   [   289610200 ..    289610300) |                                        |        0 (profiler_analysis.cpp:700)
2026-06-03 18:37:06.123 | info     |           Metal |   [   289610300 ..    289610400) |                                        |        0 (profiler_analysis.cpp:700)
2026-06-03 18:37:06.123 | info     |           Metal |   [   289610400 ..    289610500) |                                        |        0 (profiler_analysis.cpp:700)
2026-06-03 18:37:06.123 | info     |           Metal |   [   289610500 ..    289610600) |                                        |        0 (profiler_analysis.cpp:700)
2026-06-03 18:37:06.123 | info     |           Metal |   [   289610600 ..    289610700) |                                        |        0 (profiler_analysis.cpp:700)
2026-06-03 18:37:06.123 | info     |           Metal |   [   289610700 ..    289610800) |                                        |        0 (profiler_analysis.cpp:700)
2026-06-03 18:37:06.123 | info     |           Metal |   [   289610800 ..    289610900) |                                        |        0 (profiler_analysis.cpp:700)
[SORT] stage=RP P=3535561 P_kept=3535561 num_tiles=1024 max_tile_n=26272 bin=43.95 up=0.02 kernel=0.02 d2h=0.00 compact=0.00 publish=0.03 total=44.08ms
[CULL_SPLIT] pipelined (no separate Finish; cull device exec folded under the blend host-setup window; candidates=3535561)
[BLEND_SPLIT] upload+exec=0.0 readback=185.6 total=185.6 ms (resident, one Finish)
[BLEND_ADDR] cull_masks=0x108b59c0 out=0x12c7a4c0(sz=0x600000) tile_ids=0x54d3ec0 xramp=0x12c784c0 yramp=0x12c794c0 payload=0x0(sz=0x0)
2026-06-03 18:37:06.458 | info     |           Metal | Device kernel duration perf summary (device=0): count=1, min=308958974ns, avg=308958974.0ns, max=308958974ns (profiler_analysis.cpp:652)
2026-06-03 18:37:06.458 | info     |           Metal | Device kernel duration perf histogram (device=0): (buckets=10, bucket_size=100ns, range=[308958900..308959900), underflow(<308958900ns)=0, overflow(>=308959900ns)=0) (profiler_analysis.cpp:695)
2026-06-03 18:37:06.458 | info     |           Metal |   [   308958900 ..    308959000) |########################################|        1 (profiler_analysis.cpp:700)
2026-06-03 18:37:06.458 | info     |           Metal |   [   308959000 ..    308959100) |                                        |        0 (profiler_analysis.cpp:700)
2026-06-03 18:37:06.458 | info     |           Metal |   [   308959100 ..    308959200) |                                        |        0 (profiler_analysis.cpp:700)
2026-06-03 18:37:06.458 | info     |           Metal |   [   308959200 ..    308959300) |                                        |        0 (profiler_analysis.cpp:700)
2026-06-03 18:37:06.458 | info     |           Metal |   [   308959300 ..    308959400) |                                        |        0 (profiler_analysis.cpp:700)
2026-06-03 18:37:06.458 | info     |           Metal |   [   308959400 ..    308959500) |                                        |        0 (profiler_analysis.cpp:700)
2026-06-03 18:37:06.458 | info     |           Metal |   [   308959500 ..    308959600) |                                        |        0 (profiler_analysis.cpp:700)
2026-06-03 18:37:06.458 | info     |           Metal |   [   308959600 ..    308959700) |                                        |        0 (profiler_analysis.cpp:700)
2026-06-03 18:37:06.458 | info     |           Metal |   [   308959700 ..    308959800) |                                        |        0 (profiler_analysis.cpp:700)
2026-06-03 18:37:06.458 | info     |           Metal |   [   308959800 ..    308959900) |                                        |        0 (profiler_analysis.cpp:700)
[SORT] stage=RP P=3603555 P_kept=3603555 num_tiles=1024 max_tile_n=25152 bin=44.84 up=0.02 kernel=0.04 d2h=0.00 compact=0.00 publish=0.04 total=45.02ms
[CULL_SPLIT] pipelined (no separate Finish; cull device exec folded under the blend host-setup window; candidates=3603555)
[BLEND_SPLIT] upload+exec=0.0 readback=182.5 total=182.5 ms (resident, one Finish)
[BLEND_ADDR] cull_masks=0x1064c800 out=0x12c7a4c0(sz=0x600000) tile_ids=0x54d3ec0 xramp=0x12c784c0 yramp=0x12c794c0 payload=0x0(sz=0x0)
2026-06-03 18:37:06.794 | info     |           Metal | Device kernel duration perf summary (device=0): count=1, min=307386520ns, avg=307386520.0ns, max=307386520ns (profiler_analysis.cpp:652)
2026-06-03 18:37:06.794 | info     |           Metal | Device kernel duration perf histogram (device=0): (buckets=10, bucket_size=100ns, range=[307386500..307387500), underflow(<307386500ns)=0, overflow(>=307387500ns)=0) (profiler_analysis.cpp:695)
2026-06-03 18:37:06.794 | info     |           Metal |   [   307386500 ..    307386600) |########################################|        1 (profiler_analysis.cpp:700)
2026-06-03 18:37:06.794 | info     |           Metal |   [   307386600 ..    307386700) |                                        |        0 (profiler_analysis.cpp:700)
2026-06-03 18:37:06.794 | info     |           Metal |   [   307386700 ..    307386800) |                                        |        0 (profiler_analysis.cpp:700)
2026-06-03 18:37:06.794 | info     |           Metal |   [   307386800 ..    307386900) |                                        |        0 (profiler_analysis.cpp:700)
2026-06-03 18:37:06.794 | info     |           Metal |   [   307386900 ..    307387000) |                                        |        0 (profiler_analysis.cpp:700)
2026-06-03 18:37:06.794 | info     |           Metal |   [   307387000 ..    307387100) |                                        |        0 (profiler_analysis.cpp:700)
2026-06-03 18:37:06.794 | info     |           Metal |   [   307387100 ..    307387200) |                                        |        0 (profiler_analysis.cpp:700)
2026-06-03 18:37:06.794 | info     |           Metal |   [   307387200 ..    307387300) |                                        |        0 (profiler_analysis.cpp:700)
2026-06-03 18:37:06.794 | info     |           Metal |   [   307387300 ..    307387400) |                                        |        0 (profiler_analysis.cpp:700)
2026-06-03 18:37:06.794 | info     |           Metal |   [   307387400 ..    307387500) |                                        |        0 (profiler_analysis.cpp:700)
[SORT] stage=RP P=3622630 P_kept=3622630 num_tiles=1024 max_tile_n=24416 bin=45.16 up=0.02 kernel=0.02 d2h=0.00 compact=0.00 publish=0.03 total=45.30ms
[CULL_SPLIT] pipelined (no separate Finish; cull device exec folded under the blend host-setup window; candidates=3622630)
[BLEND_SPLIT] upload+exec=0.0 readback=182.7 total=182.7 ms (resident, one Finish)
[BLEND_ADDR] cull_masks=0xb6e3c80 out=0x12c7a4c0(sz=0x600000) tile_ids=0x54d3ec0 xramp=0x12c784c0 yramp=0x12c794c0 payload=0x0(sz=0x0)
2026-06-03 18:37:07.127 | info     |           Metal | Device kernel duration perf summary (device=0): count=1, min=306579622ns, avg=306579622.0ns, max=306579622ns (profiler_analysis.cpp:652)
2026-06-03 18:37:07.127 | info     |           Metal | Device kernel duration perf histogram (device=0): (buckets=10, bucket_size=100ns, range=[306579600..306580600), underflow(<306579600ns)=0, overflow(>=306580600ns)=0) (profiler_analysis.cpp:695)
2026-06-03 18:37:07.127 | info     |           Metal |   [   306579600 ..    306579700) |########################################|        1 (profiler_analysis.cpp:700)
2026-06-03 18:37:07.127 | info     |           Metal |   [   306579700 ..    306579800) |                                        |        0 (profiler_analysis.cpp:700)
2026-06-03 18:37:07.127 | info     |           Metal |   [   306579800 ..    306579900) |                                        |        0 (profiler_analysis.cpp:700)
2026-06-03 18:37:07.127 | info     |           Metal |   [   306579900 ..    306580000) |                                        |        0 (profiler_analysis.cpp:700)
2026-06-03 18:37:07.127 | info     |           Metal |   [   306580000 ..    306580100) |                                        |        0 (profiler_analysis.cpp:700)
2026-06-03 18:37:07.127 | info     |           Metal |   [   306580100 ..    306580200) |                                        |        0 (profiler_analysis.cpp:700)
2026-06-03 18:37:07.127 | info     |           Metal |   [   306580200 ..    306580300) |                                        |        0 (profiler_analysis.cpp:700)
2026-06-03 18:37:07.127 | info     |           Metal |   [   306580300 ..    306580400) |                                        |        0 (profiler_analysis.cpp:700)
2026-06-03 18:37:07.127 | info     |           Metal |   [   306580400 ..    306580500) |                                        |        0 (profiler_analysis.cpp:700)
2026-06-03 18:37:07.127 | info     |           Metal |   [   306580500 ..    306580600) |                                        |        0 (profiler_analysis.cpp:700)
[SORT] stage=RP P=3620780 P_kept=3620780 num_tiles=1024 max_tile_n=25200 bin=45.14 up=0.02 kernel=0.02 d2h=0.00 compact=0.00 publish=0.02 total=45.27ms
[CULL_SPLIT] pipelined (no separate Finish; cull device exec folded under the blend host-setup window; candidates=3620780)
[BLEND_SPLIT] upload+exec=0.0 readback=186.4 total=186.4 ms (resident, one Finish)
[BLEND_ADDR] cull_masks=0xb6e3c80 out=0x12c7a4c0(sz=0x600000) tile_ids=0x54d3ec0 xramp=0x12c784c0 yramp=0x12c794c0 payload=0x0(sz=0x0)
2026-06-03 18:37:07.452 | info     |           Metal | Device kernel duration perf summary (device=0): count=1, min=299085441ns, avg=299085441.0ns, max=299085441ns (profiler_analysis.cpp:652)
2026-06-03 18:37:07.452 | info     |           Metal | Device kernel duration perf histogram (device=0): (buckets=10, bucket_size=100ns, range=[299085400..299086400), underflow(<299085400ns)=0, overflow(>=299086400ns)=0) (profiler_analysis.cpp:695)
2026-06-03 18:37:07.452 | info     |           Metal |   [   299085400 ..    299085500) |########################################|        1 (profiler_analysis.cpp:700)
2026-06-03 18:37:07.452 | info     |           Metal |   [   299085500 ..    299085600) |                                        |        0 (profiler_analysis.cpp:700)
2026-06-03 18:37:07.452 | info     |           Metal |   [   299085600 ..    299085700) |                                        |        0 (profiler_analysis.cpp:700)
2026-06-03 18:37:07.452 | info     |           Metal |   [   299085700 ..    299085800) |                                        |        0 (profiler_analysis.cpp:700)
2026-06-03 18:37:07.452 | info     |           Metal |   [   299085800 ..    299085900) |                                        |        0 (profiler_analysis.cpp:700)
2026-06-03 18:37:07.452 | info     |           Metal |   [   299085900 ..    299086000) |                                        |        0 (profiler_analysis.cpp:700)
2026-06-03 18:37:07.452 | info     |           Metal |   [   299086000 ..    299086100) |                                        |        0 (profiler_analysis.cpp:700)
2026-06-03 18:37:07.452 | info     |           Metal |   [   299086100 ..    299086200) |                                        |        0 (profiler_analysis.cpp:700)
2026-06-03 18:37:07.452 | info     |           Metal |   [   299086200 ..    299086300) |                                        |        0 (profiler_analysis.cpp:700)
2026-06-03 18:37:07.452 | info     |           Metal |   [   299086300 ..    299086400) |                                        |        0 (profiler_analysis.cpp:700)
[SORT] stage=RP P=3622797 P_kept=3622797 num_tiles=1024 max_tile_n=23552 bin=45.20 up=0.02 kernel=0.02 d2h=0.00 compact=0.00 publish=0.03 total=45.34ms
[CULL_SPLIT] pipelined (no separate Finish; cull device exec folded under the blend host-setup window; candidates=3622797)
[BLEND_SPLIT] upload+exec=0.0 readback=182.4 total=182.4 ms (resident, one Finish)
[BLEND_ADDR] cull_masks=0x1136b0c0 out=0x12c7a4c0(sz=0x600000) tile_ids=0x54d3ec0 xramp=0x12c784c0 yramp=0x12c794c0 payload=0x0(sz=0x0)
2026-06-03 18:37:07.784 | info     |           Metal | Device kernel duration perf summary (device=0): count=1, min=305303319ns, avg=305303319.0ns, max=305303319ns (profiler_analysis.cpp:652)
2026-06-03 18:37:07.784 | info     |           Metal | Device kernel duration perf histogram (device=0): (buckets=10, bucket_size=100ns, range=[305303300..305304300), underflow(<305303300ns)=0, overflow(>=305304300ns)=0) (profiler_analysis.cpp:695)
2026-06-03 18:37:07.784 | info     |           Metal |   [   305303300 ..    305303400) |########################################|        1 (profiler_analysis.cpp:700)
2026-06-03 18:37:07.784 | info     |           Metal |   [   305303400 ..    305303500) |                                        |        0 (profiler_analysis.cpp:700)
2026-06-03 18:37:07.784 | info     |           Metal |   [   305303500 ..    305303600) |                                        |        0 (profiler_analysis.cpp:700)
2026-06-03 18:37:07.784 | info     |           Metal |   [   305303600 ..    305303700) |                                        |        0 (profiler_analysis.cpp:700)
2026-06-03 18:37:07.784 | info     |           Metal |   [   305303700 ..    305303800) |                                        |        0 (profiler_analysis.cpp:700)
2026-06-03 18:37:07.784 | info     |           Metal |   [   305303800 ..    305303900) |                                        |        0 (profiler_analysis.cpp:700)
2026-06-03 18:37:07.784 | info     |           Metal |   [   305303900 ..    305304000) |                                        |        0 (profiler_analysis.cpp:700)
2026-06-03 18:37:07.784 | info     |           Metal |   [   305304000 ..    305304100) |                                        |        0 (profiler_analysis.cpp:700)
2026-06-03 18:37:07.784 | info     |           Metal |   [   305304100 ..    305304200) |                                        |        0 (profiler_analysis.cpp:700)
2026-06-03 18:37:07.784 | info     |           Metal |   [   305304200 ..    305304300) |                                        |        0 (profiler_analysis.cpp:700)
[SORT] stage=RP P=3607134 P_kept=3607134 num_tiles=1024 max_tile_n=25040 bin=44.90 up=0.02 kernel=0.03 d2h=0.00 compact=0.00 publish=0.03 total=45.07ms
[CULL_SPLIT] pipelined (no separate Finish; cull device exec folded under the blend host-setup window; candidates=3607134)
[BLEND_SPLIT] upload+exec=0.0 readback=187.5 total=187.5 ms (resident, one Finish)
[BLEND_ADDR] cull_masks=0x1136b0c0 out=0x12c7a4c0(sz=0x600000) tile_ids=0x54d3ec0 xramp=0x12c784c0 yramp=0x12c794c0 payload=0x0(sz=0x0)
2026-06-03 18:37:08.111 | info     |           Metal | Device kernel duration perf summary (device=0): count=1, min=297847385ns, avg=297847385.0ns, max=297847385ns (profiler_analysis.cpp:652)
2026-06-03 18:37:08.111 | info     |           Metal | Device kernel duration perf histogram (device=0): (buckets=10, bucket_size=100ns, range=[297847300..297848300), underflow(<297847300ns)=0, overflow(>=297848300ns)=0) (profiler_analysis.cpp:695)
2026-06-03 18:37:08.111 | info     |           Metal |   [   297847300 ..    297847400) |########################################|        1 (profiler_analysis.cpp:700)
2026-06-03 18:37:08.111 | info     |           Metal |   [   297847400 ..    297847500) |                                        |        0 (profiler_analysis.cpp:700)
2026-06-03 18:37:08.111 | info     |           Metal |   [   297847500 ..    297847600) |                                        |        0 (profiler_analysis.cpp:700)
2026-06-03 18:37:08.111 | info     |           Metal |   [   297847600 ..    297847700) |                                        |        0 (profiler_analysis.cpp:700)
2026-06-03 18:37:08.111 | info     |           Metal |   [   297847700 ..    297847800) |                                        |        0 (profiler_analysis.cpp:700)
2026-06-03 18:37:08.111 | info     |           Metal |   [   297847800 ..    297847900) |                                        |        0 (profiler_analysis.cpp:700)
2026-06-03 18:37:08.111 | info     |           Metal |   [   297847900 ..    297848000) |                                        |        0 (profiler_analysis.cpp:700)
2026-06-03 18:37:08.111 | info     |           Metal |   [   297848000 ..    297848100) |                                        |        0 (profiler_analysis.cpp:700)
2026-06-03 18:37:08.111 | info     |           Metal |   [   297848100 ..    297848200) |                                        |        0 (profiler_analysis.cpp:700)
2026-06-03 18:37:08.111 | info     |           Metal |   [   297848200 ..    297848300) |                                        |        0 (profiler_analysis.cpp:700)
[SORT] stage=RP P=3548136 P_kept=3548136 num_tiles=1024 max_tile_n=26816 bin=44.48 up=0.02 kernel=0.03 d2h=0.00 compact=0.00 publish=0.02 total=44.62ms
[CULL_SPLIT] pipelined (no separate Finish; cull device exec folded under the blend host-setup window; candidates=3548136)
[BLEND_SPLIT] upload+exec=0.0 readback=188.6 total=188.6 ms (resident, one Finish)
[BLEND_ADDR] cull_masks=0x1136b0c0 out=0x12c7a4c0(sz=0x600000) tile_ids=0x54d3ec0 xramp=0x12c784c0 yramp=0x12c794c0 payload=0x0(sz=0x0)
2026-06-03 18:37:08.437 | info     |           Metal | Device kernel duration perf summary (device=0): count=1, min=298307151ns, avg=298307151.0ns, max=298307151ns (profiler_analysis.cpp:652)
2026-06-03 18:37:08.438 | info     |           Metal | Device kernel duration perf histogram (device=0): (buckets=10, bucket_size=100ns, range=[298307100..298308100), underflow(<298307100ns)=0, overflow(>=298308100ns)=0) (profiler_analysis.cpp:695)
2026-06-03 18:37:08.438 | info     |           Metal |   [   298307100 ..    298307200) |########################################|        1 (profiler_analysis.cpp:700)
2026-06-03 18:37:08.438 | info     |           Metal |   [   298307200 ..    298307300) |                                        |        0 (profiler_analysis.cpp:700)
2026-06-03 18:37:08.438 | info     |           Metal |   [   298307300 ..    298307400) |                                        |        0 (profiler_analysis.cpp:700)
2026-06-03 18:37:08.438 | info     |           Metal |   [   298307400 ..    298307500) |                                        |        0 (profiler_analysis.cpp:700)
2026-06-03 18:37:08.438 | info     |           Metal |   [   298307500 ..    298307600) |                                        |        0 (profiler_analysis.cpp:700)
2026-06-03 18:37:08.438 | info     |           Metal |   [   298307600 ..    298307700) |                                        |        0 (profiler_analysis.cpp:700)
2026-06-03 18:37:08.438 | info     |           Metal |   [   298307700 ..    298307800) |                                        |        0 (profiler_analysis.cpp:700)
2026-06-03 18:37:08.438 | info     |           Metal |   [   298307800 ..    298307900) |                                        |        0 (profiler_analysis.cpp:700)
2026-06-03 18:37:08.438 | info     |           Metal |   [   298307900 ..    298308000) |                                        |        0 (profiler_analysis.cpp:700)
2026-06-03 18:37:08.438 | info     |           Metal |   [   298308000 ..    298308100) |                                        |        0 (profiler_analysis.cpp:700)
[SORT] stage=RP P=3455005 P_kept=3455005 num_tiles=1024 max_tile_n=25024 bin=43.91 up=0.02 kernel=0.02 d2h=0.00 compact=0.00 publish=0.03 total=44.05ms
[CULL_SPLIT] pipelined (no separate Finish; cull device exec folded under the blend host-setup window; candidates=3455005)
[BLEND_SPLIT] upload+exec=0.0 readback=179.7 total=179.7 ms (resident, one Finish)
[BLEND_ADDR] cull_masks=0x1136b0c0 out=0x12c7a4c0(sz=0x600000) tile_ids=0x54d3ec0 xramp=0x12c784c0 yramp=0x12c794c0 payload=0x0(sz=0x0)
2026-06-03 18:37:08.753 | info     |           Metal | Device kernel duration perf summary (device=0): count=1, min=288286953ns, avg=288286953.0ns, max=288286953ns (profiler_analysis.cpp:652)
2026-06-03 18:37:08.753 | info     |           Metal | Device kernel duration perf histogram (device=0): (buckets=10, bucket_size=100ns, range=[288286900..288287900), underflow(<288286900ns)=0, overflow(>=288287900ns)=0) (profiler_analysis.cpp:695)
2026-06-03 18:37:08.753 | info     |           Metal |   [   288286900 ..    288287000) |########################################|        1 (profiler_analysis.cpp:700)
2026-06-03 18:37:08.753 | info     |           Metal |   [   288287000 ..    288287100) |                                        |        0 (profiler_analysis.cpp:700)
2026-06-03 18:37:08.753 | info     |           Metal |   [   288287100 ..    288287200) |                                        |        0 (profiler_analysis.cpp:700)
2026-06-03 18:37:08.753 | info     |           Metal |   [   288287200 ..    288287300) |                                        |        0 (profiler_analysis.cpp:700)
2026-06-03 18:37:08.753 | info     |           Metal |   [   288287300 ..    288287400) |                                        |        0 (profiler_analysis.cpp:700)
2026-06-03 18:37:08.753 | info     |           Metal |   [   288287400 ..    288287500) |                                        |        0 (profiler_analysis.cpp:700)
2026-06-03 18:37:08.753 | info     |           Metal |   [   288287500 ..    288287600) |                                        |        0 (profiler_analysis.cpp:700)
2026-06-03 18:37:08.753 | info     |           Metal |   [   288287600 ..    288287700) |                                        |        0 (profiler_analysis.cpp:700)
2026-06-03 18:37:08.753 | info     |           Metal |   [   288287700 ..    288287800) |                                        |        0 (profiler_analysis.cpp:700)
2026-06-03 18:37:08.753 | info     |           Metal |   [   288287800 ..    288287900) |                                        |        0 (profiler_analysis.cpp:700)
[SORT] stage=RP P=3397687 P_kept=3397687 num_tiles=1024 max_tile_n=22176 bin=43.06 up=0.02 kernel=0.03 d2h=0.00 compact=0.00 publish=0.03 total=43.20ms
[CULL_SPLIT] pipelined (no separate Finish; cull device exec folded under the blend host-setup window; candidates=3397687)
[BLEND_SPLIT] upload+exec=0.0 readback=171.4 total=171.4 ms (resident, one Finish)
[BLEND_ADDR] cull_masks=0x1136b0c0 out=0x12c7a4c0(sz=0x600000) tile_ids=0x54d3ec0 xramp=0x12c784c0 yramp=0x12c794c0 payload=0x0(sz=0x0)
2026-06-03 18:37:09.060 | info     |           Metal | Device kernel duration perf summary (device=0): count=1, min=278634161ns, avg=278634161.0ns, max=278634161ns (profiler_analysis.cpp:652)
2026-06-03 18:37:09.060 | info     |           Metal | Device kernel duration perf histogram (device=0): (buckets=10, bucket_size=100ns, range=[278634100..278635100), underflow(<278634100ns)=0, overflow(>=278635100ns)=0) (profiler_analysis.cpp:695)
2026-06-03 18:37:09.060 | info     |           Metal |   [   278634100 ..    278634200) |########################################|        1 (profiler_analysis.cpp:700)
2026-06-03 18:37:09.060 | info     |           Metal |   [   278634200 ..    278634300) |                                        |        0 (profiler_analysis.cpp:700)
2026-06-03 18:37:09.060 | info     |           Metal |   [   278634300 ..    278634400) |                                        |        0 (profiler_analysis.cpp:700)
2026-06-03 18:37:09.060 | info     |           Metal |   [   278634400 ..    278634500) |                                        |        0 (profiler_analysis.cpp:700)
2026-06-03 18:37:09.060 | info     |           Metal |   [   278634500 ..    278634600) |                                        |        0 (profiler_analysis.cpp:700)
2026-06-03 18:37:09.060 | info     |           Metal |   [   278634600 ..    278634700) |                                        |        0 (profiler_analysis.cpp:700)
2026-06-03 18:37:09.060 | info     |           Metal |   [   278634700 ..    278634800) |                                        |        0 (profiler_analysis.cpp:700)
2026-06-03 18:37:09.060 | info     |           Metal |   [   278634800 ..    278634900) |                                        |        0 (profiler_analysis.cpp:700)
2026-06-03 18:37:09.060 | info     |           Metal |   [   278634900 ..    278635000) |                                        |        0 (profiler_analysis.cpp:700)
2026-06-03 18:37:09.060 | info     |           Metal |   [   278635000 ..    278635100) |                                        |        0 (profiler_analysis.cpp:700)
[SORT] stage=RP P=3353492 P_kept=3353492 num_tiles=1024 max_tile_n=23776 bin=42.53 up=0.02 kernel=0.02 d2h=0.00 compact=0.00 publish=0.02 total=42.66ms
[CULL_SPLIT] pipelined (no separate Finish; cull device exec folded under the blend host-setup window; candidates=3353492)
[BLEND_SPLIT] upload+exec=0.0 readback=174.6 total=174.6 ms (resident, one Finish)
[BLEND_ADDR] cull_masks=0x1136b0c0 out=0x12c7a4c0(sz=0x600000) tile_ids=0x54d3ec0 xramp=0x12c784c0 yramp=0x12c794c0 payload=0x0(sz=0x0)
2026-06-03 18:37:09.368 | info     |           Metal | Device kernel duration perf summary (device=0): count=1, min=280399359ns, avg=280399359.0ns, max=280399359ns (profiler_analysis.cpp:652)
2026-06-03 18:37:09.368 | info     |           Metal | Device kernel duration perf histogram (device=0): (buckets=10, bucket_size=100ns, range=[280399300..280400300), underflow(<280399300ns)=0, overflow(>=280400300ns)=0) (profiler_analysis.cpp:695)
2026-06-03 18:37:09.368 | info     |           Metal |   [   280399300 ..    280399400) |########################################|        1 (profiler_analysis.cpp:700)
2026-06-03 18:37:09.368 | info     |           Metal |   [   280399400 ..    280399500) |                                        |        0 (profiler_analysis.cpp:700)
2026-06-03 18:37:09.368 | info     |           Metal |   [   280399500 ..    280399600) |                                        |        0 (profiler_analysis.cpp:700)
2026-06-03 18:37:09.368 | info     |           Metal |   [   280399600 ..    280399700) |                                        |        0 (profiler_analysis.cpp:700)
2026-06-03 18:37:09.368 | info     |           Metal |   [   280399700 ..    280399800) |                                        |        0 (profiler_analysis.cpp:700)
2026-06-03 18:37:09.368 | info     |           Metal |   [   280399800 ..    280399900) |                                        |        0 (profiler_analysis.cpp:700)
2026-06-03 18:37:09.368 | info     |           Metal |   [   280399900 ..    280400000) |                                        |        0 (profiler_analysis.cpp:700)
2026-06-03 18:37:09.368 | info     |           Metal |   [   280400000 ..    280400100) |                                        |        0 (profiler_analysis.cpp:700)
2026-06-03 18:37:09.368 | info     |           Metal |   [   280400100 ..    280400200) |                                        |        0 (profiler_analysis.cpp:700)
2026-06-03 18:37:09.368 | info     |           Metal |   [   280400200 ..    280400300) |                                        |        0 (profiler_analysis.cpp:700)
[SORT] stage=RP P=3324622 P_kept=3324622 num_tiles=1024 max_tile_n=25360 bin=42.22 up=0.02 kernel=0.02 d2h=0.00 compact=0.00 publish=0.02 total=42.35ms
[CULL_SPLIT] pipelined (no separate Finish; cull device exec folded under the blend host-setup window; candidates=3324622)
[BLEND_SPLIT] upload+exec=0.0 readback=177.7 total=177.7 ms (resident, one Finish)
[BLEND_ADDR] cull_masks=0x1136b0c0 out=0x12c7a4c0(sz=0x600000) tile_ids=0x54d3ec0 xramp=0x12c784c0 yramp=0x12c794c0 payload=0x0(sz=0x0)
2026-06-03 18:37:09.681 | info     |           Metal | Device kernel duration perf summary (device=0): count=1, min=283055319ns, avg=283055319.0ns, max=283055319ns (profiler_analysis.cpp:652)
2026-06-03 18:37:09.681 | info     |           Metal | Device kernel duration perf histogram (device=0): (buckets=10, bucket_size=100ns, range=[283055300..283056300), underflow(<283055300ns)=0, overflow(>=283056300ns)=0) (profiler_analysis.cpp:695)
2026-06-03 18:37:09.681 | info     |           Metal |   [   283055300 ..    283055400) |########################################|        1 (profiler_analysis.cpp:700)
2026-06-03 18:37:09.681 | info     |           Metal |   [   283055400 ..    283055500) |                                        |        0 (profiler_analysis.cpp:700)
2026-06-03 18:37:09.681 | info     |           Metal |   [   283055500 ..    283055600) |                                        |        0 (profiler_analysis.cpp:700)
2026-06-03 18:37:09.681 | info     |           Metal |   [   283055600 ..    283055700) |                                        |        0 (profiler_analysis.cpp:700)
2026-06-03 18:37:09.681 | info     |           Metal |   [   283055700 ..    283055800) |                                        |        0 (profiler_analysis.cpp:700)
2026-06-03 18:37:09.681 | info     |           Metal |   [   283055800 ..    283055900) |                                        |        0 (profiler_analysis.cpp:700)
2026-06-03 18:37:09.681 | info     |           Metal |   [   283055900 ..    283056000) |                                        |        0 (profiler_analysis.cpp:700)
2026-06-03 18:37:09.681 | info     |           Metal |   [   283056000 ..    283056100) |                                        |        0 (profiler_analysis.cpp:700)
2026-06-03 18:37:09.681 | info     |           Metal |   [   283056100 ..    283056200) |                                        |        0 (profiler_analysis.cpp:700)
2026-06-03 18:37:09.681 | info     |           Metal |   [   283056200 ..    283056300) |                                        |        0 (profiler_analysis.cpp:700)
[SORT] stage=RP P=3321611 P_kept=3321611 num_tiles=1024 max_tile_n=26064 bin=42.46 up=0.02 kernel=0.02 d2h=0.00 compact=0.00 publish=0.03 total=42.59ms
[CULL_SPLIT] pipelined (no separate Finish; cull device exec folded under the blend host-setup window; candidates=3321611)
[BLEND_SPLIT] upload+exec=0.0 readback=181.7 total=181.7 ms (resident, one Finish)
[BLEND_ADDR] cull_masks=0x1136b0c0 out=0x12c7a4c0(sz=0x600000) tile_ids=0x54d3ec0 xramp=0x12c784c0 yramp=0x12c794c0 payload=0x0(sz=0x0)
2026-06-03 18:37:09.997 | info     |           Metal | Device kernel duration perf summary (device=0): count=1, min=287023836ns, avg=287023836.0ns, max=287023836ns (profiler_analysis.cpp:652)
2026-06-03 18:37:09.997 | info     |           Metal | Device kernel duration perf histogram (device=0): (buckets=10, bucket_size=100ns, range=[287023800..287024800), underflow(<287023800ns)=0, overflow(>=287024800ns)=0) (profiler_analysis.cpp:695)
2026-06-03 18:37:09.997 | info     |           Metal |   [   287023800 ..    287023900) |########################################|        1 (profiler_analysis.cpp:700)
2026-06-03 18:37:09.997 | info     |           Metal |   [   287023900 ..    287024000) |                                        |        0 (profiler_analysis.cpp:700)
2026-06-03 18:37:09.997 | info     |           Metal |   [   287024000 ..    287024100) |                                        |        0 (profiler_analysis.cpp:700)
2026-06-03 18:37:09.997 | info     |           Metal |   [   287024100 ..    287024200) |                                        |        0 (profiler_analysis.cpp:700)
2026-06-03 18:37:09.997 | info     |           Metal |   [   287024200 ..    287024300) |                                        |        0 (profiler_analysis.cpp:700)
2026-06-03 18:37:09.997 | info     |           Metal |   [   287024300 ..    287024400) |                                        |        0 (profiler_analysis.cpp:700)
2026-06-03 18:37:09.997 | info     |           Metal |   [   287024400 ..    287024500) |                                        |        0 (profiler_analysis.cpp:700)
2026-06-03 18:37:09.997 | info     |           Metal |   [   287024500 ..    287024600) |                                        |        0 (profiler_analysis.cpp:700)
2026-06-03 18:37:09.997 | info     |           Metal |   [   287024600 ..    287024700) |                                        |        0 (profiler_analysis.cpp:700)
2026-06-03 18:37:09.997 | info     |           Metal |   [   287024700 ..    287024800) |                                        |        0 (profiler_analysis.cpp:700)
[SORT] stage=RP P=3343983 P_kept=3343983 num_tiles=1024 max_tile_n=24656 bin=42.02 up=0.02 kernel=0.02 d2h=0.00 compact=0.00 publish=0.02 total=42.14ms
[CULL_SPLIT] pipelined (no separate Finish; cull device exec folded under the blend host-setup window; candidates=3343983)
[BLEND_SPLIT] upload+exec=0.0 readback=174.0 total=174.0 ms (resident, one Finish)
[BLEND_ADDR] cull_masks=0x1136b0c0 out=0x12c7a4c0(sz=0x600000) tile_ids=0x54d3ec0 xramp=0x12c784c0 yramp=0x12c794c0 payload=0x0(sz=0x0)
2026-06-03 18:37:10.306 | info     |           Metal | Device kernel duration perf summary (device=0): count=1, min=281748541ns, avg=281748541.0ns, max=281748541ns (profiler_analysis.cpp:652)
2026-06-03 18:37:10.306 | info     |           Metal | Device kernel duration perf histogram (device=0): (buckets=10, bucket_size=100ns, range=[281748500..281749500), underflow(<281748500ns)=0, overflow(>=281749500ns)=0) (profiler_analysis.cpp:695)
2026-06-03 18:37:10.306 | info     |           Metal |   [   281748500 ..    281748600) |########################################|        1 (profiler_analysis.cpp:700)
2026-06-03 18:37:10.306 | info     |           Metal |   [   281748600 ..    281748700) |                                        |        0 (profiler_analysis.cpp:700)
2026-06-03 18:37:10.306 | info     |           Metal |   [   281748700 ..    281748800) |                                        |        0 (profiler_analysis.cpp:700)
2026-06-03 18:37:10.306 | info     |           Metal |   [   281748800 ..    281748900) |                                        |        0 (profiler_analysis.cpp:700)
2026-06-03 18:37:10.306 | info     |           Metal |   [   281748900 ..    281749000) |                                        |        0 (profiler_analysis.cpp:700)
2026-06-03 18:37:10.306 | info     |           Metal |   [   281749000 ..    281749100) |                                        |        0 (profiler_analysis.cpp:700)
2026-06-03 18:37:10.306 | info     |           Metal |   [   281749100 ..    281749200) |                                        |        0 (profiler_analysis.cpp:700)
2026-06-03 18:37:10.306 | info     |           Metal |   [   281749200 ..    281749300) |                                        |        0 (profiler_analysis.cpp:700)
2026-06-03 18:37:10.306 | info     |           Metal |   [   281749300 ..    281749400) |                                        |        0 (profiler_analysis.cpp:700)
2026-06-03 18:37:10.306 | info     |           Metal |   [   281749400 ..    281749500) |                                        |        0 (profiler_analysis.cpp:700)
[SORT] stage=RP P=3391321 P_kept=3391321 num_tiles=1024 max_tile_n=21424 bin=42.67 up=0.02 kernel=0.02 d2h=0.00 compact=0.00 publish=0.02 total=42.80ms
[CULL_SPLIT] pipelined (no separate Finish; cull device exec folded under the blend host-setup window; candidates=3391321)
[BLEND_SPLIT] upload+exec=0.0 readback=167.9 total=167.9 ms (resident, one Finish)
[BLEND_ADDR] cull_masks=0x1136b0c0 out=0x12c7a4c0(sz=0x600000) tile_ids=0x54d3ec0 xramp=0x12c784c0 yramp=0x12c794c0 payload=0x0(sz=0x0)
2026-06-03 18:37:10.610 | info     |           Metal | Device kernel duration perf summary (device=0): count=1, min=277392385ns, avg=277392385.0ns, max=277392385ns (profiler_analysis.cpp:652)
2026-06-03 18:37:10.610 | info     |           Metal | Device kernel duration perf histogram (device=0): (buckets=10, bucket_size=100ns, range=[277392300..277393300), underflow(<277392300ns)=0, overflow(>=277393300ns)=0) (profiler_analysis.cpp:695)
2026-06-03 18:37:10.610 | info     |           Metal |   [   277392300 ..    277392400) |########################################|        1 (profiler_analysis.cpp:700)
2026-06-03 18:37:10.610 | info     |           Metal |   [   277392400 ..    277392500) |                                        |        0 (profiler_analysis.cpp:700)
2026-06-03 18:37:10.610 | info     |           Metal |   [   277392500 ..    277392600) |                                        |        0 (profiler_analysis.cpp:700)
2026-06-03 18:37:10.610 | info     |           Metal |   [   277392600 ..    277392700) |                                        |        0 (profiler_analysis.cpp:700)
2026-06-03 18:37:10.610 | info     |           Metal |   [   277392700 ..    277392800) |                                        |        0 (profiler_analysis.cpp:700)
2026-06-03 18:37:10.610 | info     |           Metal |   [   277392800 ..    277392900) |                                        |        0 (profiler_analysis.cpp:700)
2026-06-03 18:37:10.610 | info     |           Metal |   [   277392900 ..    277393000) |                                        |        0 (profiler_analysis.cpp:700)
2026-06-03 18:37:10.610 | info     |           Metal |   [   277393000 ..    277393100) |                                        |        0 (profiler_analysis.cpp:700)
2026-06-03 18:37:10.610 | info     |           Metal |   [   277393100 ..    277393200) |                                        |        0 (profiler_analysis.cpp:700)
2026-06-03 18:37:10.610 | info     |           Metal |   [   277393200 ..    277393300) |                                        |        0 (profiler_analysis.cpp:700)
[SORT] stage=RP P=3430950 P_kept=3430950 num_tiles=1024 max_tile_n=24560 bin=43.01 up=0.02 kernel=0.02 d2h=0.00 compact=0.00 publish=0.02 total=43.14ms
[CULL_SPLIT] pipelined (no separate Finish; cull device exec folded under the blend host-setup window; candidates=3430950)
[BLEND_SPLIT] upload+exec=0.0 readback=177.6 total=177.6 ms (resident, one Finish)
[BLEND_ADDR] cull_masks=0x1136b0c0 out=0x12c7a4c0(sz=0x600000) tile_ids=0x54d3ec0 xramp=0x12c784c0 yramp=0x12c794c0 payload=0x0(sz=0x0)
2026-06-03 18:37:10.924 | info     |           Metal | Device kernel duration perf summary (device=0): count=1, min=286059973ns, avg=286059973.0ns, max=286059973ns (profiler_analysis.cpp:652)
2026-06-03 18:37:10.924 | info     |           Metal | Device kernel duration perf histogram (device=0): (buckets=10, bucket_size=100ns, range=[286059900..286060900), underflow(<286059900ns)=0, overflow(>=286060900ns)=0) (profiler_analysis.cpp:695)
2026-06-03 18:37:10.924 | info     |           Metal |   [   286059900 ..    286060000) |########################################|        1 (profiler_analysis.cpp:700)
2026-06-03 18:37:10.924 | info     |           Metal |   [   286060000 ..    286060100) |                                        |        0 (profiler_analysis.cpp:700)
2026-06-03 18:37:10.924 | info     |           Metal |   [   286060100 ..    286060200) |                                        |        0 (profiler_analysis.cpp:700)
2026-06-03 18:37:10.924 | info     |           Metal |   [   286060200 ..    286060300) |                                        |        0 (profiler_analysis.cpp:700)
2026-06-03 18:37:10.924 | info     |           Metal |   [   286060300 ..    286060400) |                                        |        0 (profiler_analysis.cpp:700)
2026-06-03 18:37:10.924 | info     |           Metal |   [   286060400 ..    286060500) |                                        |        0 (profiler_analysis.cpp:700)
2026-06-03 18:37:10.924 | info     |           Metal |   [   286060500 ..    286060600) |                                        |        0 (profiler_analysis.cpp:700)
2026-06-03 18:37:10.924 | info     |           Metal |   [   286060600 ..    286060700) |                                        |        0 (profiler_analysis.cpp:700)
2026-06-03 18:37:10.924 | info     |           Metal |   [   286060700 ..    286060800) |                                        |        0 (profiler_analysis.cpp:700)
2026-06-03 18:37:10.924 | info     |           Metal |   [   286060800 ..    286060900) |                                        |        0 (profiler_analysis.cpp:700)
[SORT] stage=RP P=3463828 P_kept=3463828 num_tiles=1024 max_tile_n=26432 bin=43.30 up=0.02 kernel=0.02 d2h=0.00 compact=0.00 publish=0.02 total=43.43ms
[CULL_SPLIT] pipelined (no separate Finish; cull device exec folded under the blend host-setup window; candidates=3463828)
[BLEND_SPLIT] upload+exec=0.0 readback=182.2 total=182.2 ms (resident, one Finish)
[BLEND_ADDR] cull_masks=0x1136b0c0 out=0x12c7a4c0(sz=0x600000) tile_ids=0x54d3ec0 xramp=0x12c784c0 yramp=0x12c794c0 payload=0x0(sz=0x0)
2026-06-03 18:37:11.243 | info     |           Metal | Device kernel duration perf summary (device=0): count=1, min=291439316ns, avg=291439316.0ns, max=291439316ns (profiler_analysis.cpp:652)
2026-06-03 18:37:11.243 | info     |           Metal | Device kernel duration perf histogram (device=0): (buckets=10, bucket_size=100ns, range=[291439300..291440300), underflow(<291439300ns)=0, overflow(>=291440300ns)=0) (profiler_analysis.cpp:695)
2026-06-03 18:37:11.243 | info     |           Metal |   [   291439300 ..    291439400) |########################################|        1 (profiler_analysis.cpp:700)
2026-06-03 18:37:11.243 | info     |           Metal |   [   291439400 ..    291439500) |                                        |        0 (profiler_analysis.cpp:700)
2026-06-03 18:37:11.243 | info     |           Metal |   [   291439500 ..    291439600) |                                        |        0 (profiler_analysis.cpp:700)
2026-06-03 18:37:11.243 | info     |           Metal |   [   291439600 ..    291439700) |                                        |        0 (profiler_analysis.cpp:700)
2026-06-03 18:37:11.243 | info     |           Metal |   [   291439700 ..    291439800) |                                        |        0 (profiler_analysis.cpp:700)
2026-06-03 18:37:11.243 | info     |           Metal |   [   291439800 ..    291439900) |                                        |        0 (profiler_analysis.cpp:700)
2026-06-03 18:37:11.243 | info     |           Metal |   [   291439900 ..    291440000) |                                        |        0 (profiler_analysis.cpp:700)
2026-06-03 18:37:11.243 | info     |           Metal |   [   291440000 ..    291440100) |                                        |        0 (profiler_analysis.cpp:700)
2026-06-03 18:37:11.243 | info     |           Metal |   [   291440100 ..    291440200) |                                        |        0 (profiler_analysis.cpp:700)
2026-06-03 18:37:11.243 | info     |           Metal |   [   291440200 ..    291440300) |                                        |        0 (profiler_analysis.cpp:700)
[SORT] stage=RP P=3517324 P_kept=3517324 num_tiles=1024 max_tile_n=24976 bin=43.92 up=0.02 kernel=0.02 d2h=0.00 compact=0.00 publish=0.02 total=44.04ms
[CULL_SPLIT] pipelined (no separate Finish; cull device exec folded under the blend host-setup window; candidates=3517324)
[BLEND_SPLIT] upload+exec=0.0 readback=182.2 total=182.2 ms (resident, one Finish)
[BLEND_ADDR] cull_masks=0x1136b0c0 out=0x12c7a4c0(sz=0x600000) tile_ids=0x54d3ec0 xramp=0x12c784c0 yramp=0x12c794c0 payload=0x0(sz=0x0)
2026-06-03 18:37:11.564 | info     |           Metal | Device kernel duration perf summary (device=0): count=1, min=294108987ns, avg=294108987.0ns, max=294108987ns (profiler_analysis.cpp:652)
2026-06-03 18:37:11.564 | info     |           Metal | Device kernel duration perf histogram (device=0): (buckets=10, bucket_size=100ns, range=[294108900..294109900), underflow(<294108900ns)=0, overflow(>=294109900ns)=0) (profiler_analysis.cpp:695)
2026-06-03 18:37:11.564 | info     |           Metal |   [   294108900 ..    294109000) |########################################|        1 (profiler_analysis.cpp:700)
2026-06-03 18:37:11.564 | info     |           Metal |   [   294109000 ..    294109100) |                                        |        0 (profiler_analysis.cpp:700)
2026-06-03 18:37:11.564 | info     |           Metal |   [   294109100 ..    294109200) |                                        |        0 (profiler_analysis.cpp:700)
2026-06-03 18:37:11.564 | info     |           Metal |   [   294109200 ..    294109300) |                                        |        0 (profiler_analysis.cpp:700)
2026-06-03 18:37:11.564 | info     |           Metal |   [   294109300 ..    294109400) |                                        |        0 (profiler_analysis.cpp:700)
2026-06-03 18:37:11.564 | info     |           Metal |   [   294109400 ..    294109500) |                                        |        0 (profiler_analysis.cpp:700)
2026-06-03 18:37:11.564 | info     |           Metal |   [   294109500 ..    294109600) |                                        |        0 (profiler_analysis.cpp:700)
2026-06-03 18:37:11.564 | info     |           Metal |   [   294109600 ..    294109700) |                                        |        0 (profiler_analysis.cpp:700)
2026-06-03 18:37:11.564 | info     |           Metal |   [   294109700 ..    294109800) |                                        |        0 (profiler_analysis.cpp:700)
2026-06-03 18:37:11.564 | info     |           Metal |   [   294109800 ..    294109900) |                                        |        0 (profiler_analysis.cpp:700)
[SORT] stage=RP P=3506904 P_kept=3506904 num_tiles=1024 max_tile_n=23680 bin=44.02 up=0.02 kernel=0.02 d2h=0.00 compact=0.00 publish=0.02 total=44.15ms
[CULL_SPLIT] pipelined (no separate Finish; cull device exec folded under the blend host-setup window; candidates=3506904)
[BLEND_SPLIT] upload+exec=0.0 readback=178.1 total=178.1 ms (resident, one Finish)
[BLEND_ADDR] cull_masks=0x1136b0c0 out=0x12c7a4c0(sz=0x600000) tile_ids=0x54d3ec0 xramp=0x12c784c0 yramp=0x12c794c0 payload=0x0(sz=0x0)
2026-06-03 18:37:11.879 | info     |           Metal | Device kernel duration perf summary (device=0): count=1, min=288220365ns, avg=288220365.0ns, max=288220365ns (profiler_analysis.cpp:652)
2026-06-03 18:37:11.879 | info     |           Metal | Device kernel duration perf histogram (device=0): (buckets=10, bucket_size=100ns, range=[288220300..288221300), underflow(<288220300ns)=0, overflow(>=288221300ns)=0) (profiler_analysis.cpp:695)
2026-06-03 18:37:11.879 | info     |           Metal |   [   288220300 ..    288220400) |########################################|        1 (profiler_analysis.cpp:700)
2026-06-03 18:37:11.879 | info     |           Metal |   [   288220400 ..    288220500) |                                        |        0 (profiler_analysis.cpp:700)
2026-06-03 18:37:11.879 | info     |           Metal |   [   288220500 ..    288220600) |                                        |        0 (profiler_analysis.cpp:700)
2026-06-03 18:37:11.879 | info     |           Metal |   [   288220600 ..    288220700) |                                        |        0 (profiler_analysis.cpp:700)
2026-06-03 18:37:11.879 | info     |           Metal |   [   288220700 ..    288220800) |                                        |        0 (profiler_analysis.cpp:700)
2026-06-03 18:37:11.879 | info     |           Metal |   [   288220800 ..    288220900) |                                        |        0 (profiler_analysis.cpp:700)
2026-06-03 18:37:11.879 | info     |           Metal |   [   288220900 ..    288221000) |                                        |        0 (profiler_analysis.cpp:700)
2026-06-03 18:37:11.879 | info     |           Metal |   [   288221000 ..    288221100) |                                        |        0 (profiler_analysis.cpp:700)
2026-06-03 18:37:11.879 | info     |           Metal |   [   288221100 ..    288221200) |                                        |        0 (profiler_analysis.cpp:700)
2026-06-03 18:37:11.879 | info     |           Metal |   [   288221200 ..    288221300) |                                        |        0 (profiler_analysis.cpp:700)
[SORT] stage=RP P=3480657 P_kept=3480657 num_tiles=1024 max_tile_n=23840 bin=43.41 up=0.02 kernel=0.03 d2h=0.00 compact=0.00 publish=0.03 total=43.55ms
[CULL_SPLIT] pipelined (no separate Finish; cull device exec folded under the blend host-setup window; candidates=3480657)
[BLEND_SPLIT] upload+exec=0.0 readback=178.8 total=178.8 ms (resident, one Finish)
[BLEND_ADDR] cull_masks=0x1136b0c0 out=0x12c7a4c0(sz=0x600000) tile_ids=0x54d3ec0 xramp=0x12c784c0 yramp=0x12c794c0 payload=0x0(sz=0x0)
2026-06-03 18:37:12.194 | info     |           Metal | Device kernel duration perf summary (device=0): count=1, min=288085287ns, avg=288085287.0ns, max=288085287ns (profiler_analysis.cpp:652)
2026-06-03 18:37:12.194 | info     |           Metal | Device kernel duration perf histogram (device=0): (buckets=10, bucket_size=100ns, range=[288085200..288086200), underflow(<288085200ns)=0, overflow(>=288086200ns)=0) (profiler_analysis.cpp:695)
2026-06-03 18:37:12.194 | info     |           Metal |   [   288085200 ..    288085300) |########################################|        1 (profiler_analysis.cpp:700)
2026-06-03 18:37:12.194 | info     |           Metal |   [   288085300 ..    288085400) |                                        |        0 (profiler_analysis.cpp:700)
2026-06-03 18:37:12.194 | info     |           Metal |   [   288085400 ..    288085500) |                                        |        0 (profiler_analysis.cpp:700)
2026-06-03 18:37:12.194 | info     |           Metal |   [   288085500 ..    288085600) |                                        |        0 (profiler_analysis.cpp:700)
2026-06-03 18:37:12.194 | info     |           Metal |   [   288085600 ..    288085700) |                                        |        0 (profiler_analysis.cpp:700)
2026-06-03 18:37:12.194 | info     |           Metal |   [   288085700 ..    288085800) |                                        |        0 (profiler_analysis.cpp:700)
2026-06-03 18:37:12.194 | info     |           Metal |   [   288085800 ..    288085900) |                                        |        0 (profiler_analysis.cpp:700)
2026-06-03 18:37:12.194 | info     |           Metal |   [   288085900 ..    288086000) |                                        |        0 (profiler_analysis.cpp:700)
2026-06-03 18:37:12.194 | info     |           Metal |   [   288086000 ..    288086100) |                                        |        0 (profiler_analysis.cpp:700)
2026-06-03 18:37:12.194 | info     |           Metal |   [   288086100 ..    288086200) |                                        |        0 (profiler_analysis.cpp:700)
[SORT] stage=RP P=3442938 P_kept=3442938 num_tiles=1024 max_tile_n=24672 bin=43.07 up=0.02 kernel=0.02 d2h=0.00 compact=0.00 publish=0.02 total=43.19ms
[CULL_SPLIT] pipelined (no separate Finish; cull device exec folded under the blend host-setup window; candidates=3442938)
[BLEND_SPLIT] upload+exec=0.0 readback=180.7 total=180.7 ms (resident, one Finish)
[BLEND_ADDR] cull_masks=0x1136b0c0 out=0x12c7a4c0(sz=0x600000) tile_ids=0x54d3ec0 xramp=0x12c784c0 yramp=0x12c794c0 payload=0x0(sz=0x0)
2026-06-03 18:37:12.509 | info     |           Metal | Device kernel duration perf summary (device=0): count=1, min=287680807ns, avg=287680807.0ns, max=287680807ns (profiler_analysis.cpp:652)
2026-06-03 18:37:12.509 | info     |           Metal | Device kernel duration perf histogram (device=0): (buckets=10, bucket_size=100ns, range=[287680800..287681800), underflow(<287680800ns)=0, overflow(>=287681800ns)=0) (profiler_analysis.cpp:695)
2026-06-03 18:37:12.509 | info     |           Metal |   [   287680800 ..    287680900) |########################################|        1 (profiler_analysis.cpp:700)
2026-06-03 18:37:12.509 | info     |           Metal |   [   287680900 ..    287681000) |                                        |        0 (profiler_analysis.cpp:700)
2026-06-03 18:37:12.509 | info     |           Metal |   [   287681000 ..    287681100) |                                        |        0 (profiler_analysis.cpp:700)
2026-06-03 18:37:12.509 | info     |           Metal |   [   287681100 ..    287681200) |                                        |        0 (profiler_analysis.cpp:700)
2026-06-03 18:37:12.509 | info     |           Metal |   [   287681200 ..    287681300) |                                        |        0 (profiler_analysis.cpp:700)
2026-06-03 18:37:12.509 | info     |           Metal |   [   287681300 ..    287681400) |                                        |        0 (profiler_analysis.cpp:700)
2026-06-03 18:37:12.509 | info     |           Metal |   [   287681400 ..    287681500) |                                        |        0 (profiler_analysis.cpp:700)
2026-06-03 18:37:12.509 | info     |           Metal |   [   287681500 ..    287681600) |                                        |        0 (profiler_analysis.cpp:700)
2026-06-03 18:37:12.509 | info     |           Metal |   [   287681600 ..    287681700) |                                        |        0 (profiler_analysis.cpp:700)
2026-06-03 18:37:12.509 | info     |           Metal |   [   287681700 ..    287681800) |                                        |        0 (profiler_analysis.cpp:700)
[SORT] stage=RP P=3379780 P_kept=3379780 num_tiles=1024 max_tile_n=25680 bin=42.55 up=0.02 kernel=0.03 d2h=0.00 compact=0.00 publish=0.03 total=42.70ms
[CULL_SPLIT] pipelined (no separate Finish; cull device exec folded under the blend host-setup window; candidates=3379780)
[BLEND_SPLIT] upload+exec=0.0 readback=181.2 total=181.2 ms (resident, one Finish)
[BLEND_ADDR] cull_masks=0x1136b0c0 out=0x12c7a4c0(sz=0x600000) tile_ids=0x54d3ec0 xramp=0x12c784c0 yramp=0x12c794c0 payload=0x0(sz=0x0)
2026-06-03 18:37:12.825 | info     |           Metal | Device kernel duration perf summary (device=0): count=1, min=286825790ns, avg=286825790.0ns, max=286825790ns (profiler_analysis.cpp:652)
2026-06-03 18:37:12.825 | info     |           Metal | Device kernel duration perf histogram (device=0): (buckets=10, bucket_size=100ns, range=[286825700..286826700), underflow(<286825700ns)=0, overflow(>=286826700ns)=0) (profiler_analysis.cpp:695)
2026-06-03 18:37:12.825 | info     |           Metal |   [   286825700 ..    286825800) |########################################|        1 (profiler_analysis.cpp:700)
2026-06-03 18:37:12.825 | info     |           Metal |   [   286825800 ..    286825900) |                                        |        0 (profiler_analysis.cpp:700)
2026-06-03 18:37:12.825 | info     |           Metal |   [   286825900 ..    286826000) |                                        |        0 (profiler_analysis.cpp:700)
2026-06-03 18:37:12.825 | info     |           Metal |   [   286826000 ..    286826100) |                                        |        0 (profiler_analysis.cpp:700)
2026-06-03 18:37:12.825 | info     |           Metal |   [   286826100 ..    286826200) |                                        |        0 (profiler_analysis.cpp:700)
2026-06-03 18:37:12.825 | info     |           Metal |   [   286826200 ..    286826300) |                                        |        0 (profiler_analysis.cpp:700)
2026-06-03 18:37:12.825 | info     |           Metal |   [   286826300 ..    286826400) |                                        |        0 (profiler_analysis.cpp:700)
2026-06-03 18:37:12.825 | info     |           Metal |   [   286826400 ..    286826500) |                                        |        0 (profiler_analysis.cpp:700)
2026-06-03 18:37:12.825 | info     |           Metal |   [   286826500 ..    286826600) |                                        |        0 (profiler_analysis.cpp:700)
2026-06-03 18:37:12.825 | info     |           Metal |   [   286826600 ..    286826700) |                                        |        0 (profiler_analysis.cpp:700)
[SORT] stage=RP P=3263772 P_kept=3263772 num_tiles=1024 max_tile_n=23024 bin=41.40 up=0.02 kernel=0.02 d2h=0.00 compact=0.00 publish=0.02 total=41.52ms
[CULL_SPLIT] pipelined (no separate Finish; cull device exec folded under the blend host-setup window; candidates=3263772)
[BLEND_SPLIT] upload+exec=0.0 readback=170.0 total=170.0 ms (resident, one Finish)
[BLEND_ADDR] cull_masks=0x1136b0c0 out=0x12c7a4c0(sz=0x600000) tile_ids=0x54d3ec0 xramp=0x12c784c0 yramp=0x12c794c0 payload=0x0(sz=0x0)
2026-06-03 18:37:13.127 | info     |           Metal | Device kernel duration perf summary (device=0): count=1, min=273699973ns, avg=273699973.0ns, max=273699973ns (profiler_analysis.cpp:652)
2026-06-03 18:37:13.127 | info     |           Metal | Device kernel duration perf histogram (device=0): (buckets=10, bucket_size=100ns, range=[273699900..273700900), underflow(<273699900ns)=0, overflow(>=273700900ns)=0) (profiler_analysis.cpp:695)
2026-06-03 18:37:13.127 | info     |           Metal |   [   273699900 ..    273700000) |########################################|        1 (profiler_analysis.cpp:700)
2026-06-03 18:37:13.127 | info     |           Metal |   [   273700000 ..    273700100) |                                        |        0 (profiler_analysis.cpp:700)
2026-06-03 18:37:13.127 | info     |           Metal |   [   273700100 ..    273700200) |                                        |        0 (profiler_analysis.cpp:700)
2026-06-03 18:37:13.127 | info     |           Metal |   [   273700200 ..    273700300) |                                        |        0 (profiler_analysis.cpp:700)
2026-06-03 18:37:13.127 | info     |           Metal |   [   273700300 ..    273700400) |                                        |        0 (profiler_analysis.cpp:700)
2026-06-03 18:37:13.127 | info     |           Metal |   [   273700400 ..    273700500) |                                        |        0 (profiler_analysis.cpp:700)
2026-06-03 18:37:13.127 | info     |           Metal |   [   273700500 ..    273700600) |                                        |        0 (profiler_analysis.cpp:700)
2026-06-03 18:37:13.127 | info     |           Metal |   [   273700600 ..    273700700) |                                        |        0 (profiler_analysis.cpp:700)
2026-06-03 18:37:13.127 | info     |           Metal |   [   273700700 ..    273700800) |                                        |        0 (profiler_analysis.cpp:700)
2026-06-03 18:37:13.127 | info     |           Metal |   [   273700800 ..    273700900) |                                        |        0 (profiler_analysis.cpp:700)
[SORT] stage=RP P=3203445 P_kept=3203445 num_tiles=1024 max_tile_n=19856 bin=40.75 up=0.02 kernel=0.02 d2h=0.00 compact=0.00 publish=0.02 total=40.88ms
[CULL_SPLIT] pipelined (no separate Finish; cull device exec folded under the blend host-setup window; candidates=3203445)
[BLEND_SPLIT] upload+exec=0.0 readback=157.6 total=157.6 ms (resident, one Finish)
[BLEND_ADDR] cull_masks=0x1136b0c0 out=0x12c7a4c0(sz=0x600000) tile_ids=0x54d3ec0 xramp=0x12c784c0 yramp=0x12c794c0 payload=0x0(sz=0x0)
2026-06-03 18:37:13.416 | info     |           Metal | Device kernel duration perf summary (device=0): count=1, min=260244752ns, avg=260244752.0ns, max=260244752ns (profiler_analysis.cpp:652)
2026-06-03 18:37:13.416 | info     |           Metal | Device kernel duration perf histogram (device=0): (buckets=10, bucket_size=100ns, range=[260244700..260245700), underflow(<260244700ns)=0, overflow(>=260245700ns)=0) (profiler_analysis.cpp:695)
2026-06-03 18:37:13.416 | info     |           Metal |   [   260244700 ..    260244800) |########################################|        1 (profiler_analysis.cpp:700)
2026-06-03 18:37:13.416 | info     |           Metal |   [   260244800 ..    260244900) |                                        |        0 (profiler_analysis.cpp:700)
2026-06-03 18:37:13.416 | info     |           Metal |   [   260244900 ..    260245000) |                                        |        0 (profiler_analysis.cpp:700)
2026-06-03 18:37:13.416 | info     |           Metal |   [   260245000 ..    260245100) |                                        |        0 (profiler_analysis.cpp:700)
2026-06-03 18:37:13.416 | info     |           Metal |   [   260245100 ..    260245200) |                                        |        0 (profiler_analysis.cpp:700)
2026-06-03 18:37:13.416 | info     |           Metal |   [   260245200 ..    260245300) |                                        |        0 (profiler_analysis.cpp:700)
2026-06-03 18:37:13.416 | info     |           Metal |   [   260245300 ..    260245400) |                                        |        0 (profiler_analysis.cpp:700)
2026-06-03 18:37:13.416 | info     |           Metal |   [   260245400 ..    260245500) |                                        |        0 (profiler_analysis.cpp:700)
2026-06-03 18:37:13.416 | info     |           Metal |   [   260245500 ..    260245600) |                                        |        0 (profiler_analysis.cpp:700)
2026-06-03 18:37:13.416 | info     |           Metal |   [   260245600 ..    260245700) |                                        |        0 (profiler_analysis.cpp:700)
[SORT] stage=RP P=3149820 P_kept=3149820 num_tiles=1024 max_tile_n=23424 bin=40.19 up=0.02 kernel=0.02 d2h=0.00 compact=0.00 publish=0.02 total=40.31ms
[CULL_SPLIT] pipelined (no separate Finish; cull device exec folded under the blend host-setup window; candidates=3149820)
[BLEND_SPLIT] upload+exec=0.0 readback=166.8 total=166.8 ms (resident, one Finish)
[BLEND_ADDR] cull_masks=0x1136b0c0 out=0x12c7a4c0(sz=0x600000) tile_ids=0x54d3ec0 xramp=0x12c784c0 yramp=0x12c794c0 payload=0x0(sz=0x0)
2026-06-03 18:37:13.712 | info     |           Metal | Device kernel duration perf summary (device=0): count=1, min=267999229ns, avg=267999229.0ns, max=267999229ns (profiler_analysis.cpp:652)
2026-06-03 18:37:13.712 | info     |           Metal | Device kernel duration perf histogram (device=0): (buckets=10, bucket_size=100ns, range=[267999200..268000200), underflow(<267999200ns)=0, overflow(>=268000200ns)=0) (profiler_analysis.cpp:695)
2026-06-03 18:37:13.712 | info     |           Metal |   [   267999200 ..    267999300) |########################################|        1 (profiler_analysis.cpp:700)
2026-06-03 18:37:13.712 | info     |           Metal |   [   267999300 ..    267999400) |                                        |        0 (profiler_analysis.cpp:700)
2026-06-03 18:37:13.712 | info     |           Metal |   [   267999400 ..    267999500) |                                        |        0 (profiler_analysis.cpp:700)
2026-06-03 18:37:13.712 | info     |           Metal |   [   267999500 ..    267999600) |                                        |        0 (profiler_analysis.cpp:700)
2026-06-03 18:37:13.712 | info     |           Metal |   [   267999600 ..    267999700) |                                        |        0 (profiler_analysis.cpp:700)
2026-06-03 18:37:13.712 | info     |           Metal |   [   267999700 ..    267999800) |                                        |        0 (profiler_analysis.cpp:700)
2026-06-03 18:37:13.712 | info     |           Metal |   [   267999800 ..    267999900) |                                        |        0 (profiler_analysis.cpp:700)
2026-06-03 18:37:13.712 | info     |           Metal |   [   267999900 ..    268000000) |                                        |        0 (profiler_analysis.cpp:700)
2026-06-03 18:37:13.712 | info     |           Metal |   [   268000000 ..    268000100) |                                        |        0 (profiler_analysis.cpp:700)
2026-06-03 18:37:13.712 | info     |           Metal |   [   268000100 ..    268000200) |                                        |        0 (profiler_analysis.cpp:700)
[SORT] stage=RP P=3110972 P_kept=3110972 num_tiles=1024 max_tile_n=24304 bin=39.76 up=0.02 kernel=0.02 d2h=0.00 compact=0.00 publish=0.18 total=40.05ms
[CULL_SPLIT] pipelined (no separate Finish; cull device exec folded under the blend host-setup window; candidates=3110972)
[BLEND_SPLIT] upload+exec=0.0 readback=169.1 total=169.1 ms (resident, one Finish)
[BLEND_ADDR] cull_masks=0x1136b0c0 out=0x12c7a4c0(sz=0x600000) tile_ids=0x54d3ec0 xramp=0x12c784c0 yramp=0x12c794c0 payload=0x0(sz=0x0)
2026-06-03 18:37:14.011 | info     |           Metal | Device kernel duration perf summary (device=0): count=1, min=269250833ns, avg=269250833.0ns, max=269250833ns (profiler_analysis.cpp:652)
2026-06-03 18:37:14.011 | info     |           Metal | Device kernel duration perf histogram (device=0): (buckets=10, bucket_size=100ns, range=[269250800..269251800), underflow(<269250800ns)=0, overflow(>=269251800ns)=0) (profiler_analysis.cpp:695)
2026-06-03 18:37:14.011 | info     |           Metal |   [   269250800 ..    269250900) |########################################|        1 (profiler_analysis.cpp:700)
2026-06-03 18:37:14.011 | info     |           Metal |   [   269250900 ..    269251000) |                                        |        0 (profiler_analysis.cpp:700)
2026-06-03 18:37:14.011 | info     |           Metal |   [   269251000 ..    269251100) |                                        |        0 (profiler_analysis.cpp:700)
2026-06-03 18:37:14.011 | info     |           Metal |   [   269251100 ..    269251200) |                                        |        0 (profiler_analysis.cpp:700)
2026-06-03 18:37:14.011 | info     |           Metal |   [   269251200 ..    269251300) |                                        |        0 (profiler_analysis.cpp:700)
2026-06-03 18:37:14.011 | info     |           Metal |   [   269251300 ..    269251400) |                                        |        0 (profiler_analysis.cpp:700)
2026-06-03 18:37:14.011 | info     |           Metal |   [   269251400 ..    269251500) |                                        |        0 (profiler_analysis.cpp:700)
2026-06-03 18:37:14.011 | info     |           Metal |   [   269251500 ..    269251600) |                                        |        0 (profiler_analysis.cpp:700)
2026-06-03 18:37:14.011 | info     |           Metal |   [   269251600 ..    269251700) |                                        |        0 (profiler_analysis.cpp:700)
2026-06-03 18:37:14.011 | info     |           Metal |   [   269251700 ..    269251800) |                                        |        0 (profiler_analysis.cpp:700)
[SORT] stage=RP P=3120361 P_kept=3120361 num_tiles=1024 max_tile_n=24416 bin=39.89 up=0.02 kernel=0.02 d2h=0.00 compact=0.00 publish=0.02 total=40.01ms
[CULL_SPLIT] pipelined (no separate Finish; cull device exec folded under the blend host-setup window; candidates=3120361)
[BLEND_SPLIT] upload+exec=0.0 readback=169.4 total=169.4 ms (resident, one Finish)
[BLEND_ADDR] cull_masks=0x1136b0c0 out=0x12c7a4c0(sz=0x600000) tile_ids=0x54d3ec0 xramp=0x12c784c0 yramp=0x12c794c0 payload=0x0(sz=0x0)
2026-06-03 18:37:14.309 | info     |           Metal | Device kernel duration perf summary (device=0): count=1, min=269753166ns, avg=269753166.0ns, max=269753166ns (profiler_analysis.cpp:652)
2026-06-03 18:37:14.309 | info     |           Metal | Device kernel duration perf histogram (device=0): (buckets=10, bucket_size=100ns, range=[269753100..269754100), underflow(<269753100ns)=0, overflow(>=269754100ns)=0) (profiler_analysis.cpp:695)
2026-06-03 18:37:14.309 | info     |           Metal |   [   269753100 ..    269753200) |########################################|        1 (profiler_analysis.cpp:700)
2026-06-03 18:37:14.309 | info     |           Metal |   [   269753200 ..    269753300) |                                        |        0 (profiler_analysis.cpp:700)
2026-06-03 18:37:14.309 | info     |           Metal |   [   269753300 ..    269753400) |                                        |        0 (profiler_analysis.cpp:700)
2026-06-03 18:37:14.309 | info     |           Metal |   [   269753400 ..    269753500) |                                        |        0 (profiler_analysis.cpp:700)
2026-06-03 18:37:14.309 | info     |           Metal |   [   269753500 ..    269753600) |                                        |        0 (profiler_analysis.cpp:700)
2026-06-03 18:37:14.309 | info     |           Metal |   [   269753600 ..    269753700) |                                        |        0 (profiler_analysis.cpp:700)
2026-06-03 18:37:14.309 | info     |           Metal |   [   269753700 ..    269753800) |                                        |        0 (profiler_analysis.cpp:700)
2026-06-03 18:37:14.309 | info     |           Metal |   [   269753800 ..    269753900) |                                        |        0 (profiler_analysis.cpp:700)
2026-06-03 18:37:14.309 | info     |           Metal |   [   269753900 ..    269754000) |                                        |        0 (profiler_analysis.cpp:700)
2026-06-03 18:37:14.309 | info     |           Metal |   [   269754000 ..    269754100) |                                        |        0 (profiler_analysis.cpp:700)
[SORT] stage=RP P=3161893 P_kept=3161893 num_tiles=1024 max_tile_n=25296 bin=40.27 up=0.02 kernel=0.02 d2h=0.00 compact=0.00 publish=0.02 total=40.40ms
[CULL_SPLIT] pipelined (no separate Finish; cull device exec folded under the blend host-setup window; candidates=3161893)
[BLEND_SPLIT] upload+exec=0.0 readback=171.7 total=171.7 ms (resident, one Finish)
[BLEND_ADDR] cull_masks=0x1136b0c0 out=0x12c7a4c0(sz=0x600000) tile_ids=0x54d3ec0 xramp=0x12c784c0 yramp=0x12c794c0 payload=0x0(sz=0x0)
2026-06-03 18:37:14.611 | info     |           Metal | Device kernel duration perf summary (device=0): count=1, min=275408377ns, avg=275408377.0ns, max=275408377ns (profiler_analysis.cpp:652)
2026-06-03 18:37:14.611 | info     |           Metal | Device kernel duration perf histogram (device=0): (buckets=10, bucket_size=100ns, range=[275408300..275409300), underflow(<275408300ns)=0, overflow(>=275409300ns)=0) (profiler_analysis.cpp:695)
2026-06-03 18:37:14.611 | info     |           Metal |   [   275408300 ..    275408400) |########################################|        1 (profiler_analysis.cpp:700)
2026-06-03 18:37:14.611 | info     |           Metal |   [   275408400 ..    275408500) |                                        |        0 (profiler_analysis.cpp:700)
2026-06-03 18:37:14.611 | info     |           Metal |   [   275408500 ..    275408600) |                                        |        0 (profiler_analysis.cpp:700)
2026-06-03 18:37:14.611 | info     |           Metal |   [   275408600 ..    275408700) |                                        |        0 (profiler_analysis.cpp:700)
2026-06-03 18:37:14.611 | info     |           Metal |   [   275408700 ..    275408800) |                                        |        0 (profiler_analysis.cpp:700)
2026-06-03 18:37:14.611 | info     |           Metal |   [   275408800 ..    275408900) |                                        |        0 (profiler_analysis.cpp:700)
2026-06-03 18:37:14.611 | info     |           Metal |   [   275408900 ..    275409000) |                                        |        0 (profiler_analysis.cpp:700)
2026-06-03 18:37:14.611 | info     |           Metal |   [   275409000 ..    275409100) |                                        |        0 (profiler_analysis.cpp:700)
2026-06-03 18:37:14.611 | info     |           Metal |   [   275409100 ..    275409200) |                                        |        0 (profiler_analysis.cpp:700)
2026-06-03 18:37:14.611 | info     |           Metal |   [   275409200 ..    275409300) |                                        |        0 (profiler_analysis.cpp:700)
[SORT] stage=RP P=3237659 P_kept=3237659 num_tiles=1024 max_tile_n=25056 bin=40.86 up=0.02 kernel=0.03 d2h=0.00 compact=0.00 publish=0.02 total=41.00ms
[CULL_SPLIT] pipelined (no separate Finish; cull device exec folded under the blend host-setup window; candidates=3237659)
[BLEND_SPLIT] upload+exec=0.0 readback=172.4 total=172.4 ms (resident, one Finish)
[BLEND_ADDR] cull_masks=0x1136b0c0 out=0x12c7a4c0(sz=0x600000) tile_ids=0x54d3ec0 xramp=0x12c784c0 yramp=0x12c794c0 payload=0x0(sz=0x0)
2026-06-03 18:37:14.917 | info     |           Metal | Device kernel duration perf summary (device=0): count=1, min=278399294ns, avg=278399294.0ns, max=278399294ns (profiler_analysis.cpp:652)
2026-06-03 18:37:14.917 | info     |           Metal | Device kernel duration perf histogram (device=0): (buckets=10, bucket_size=100ns, range=[278399200..278400200), underflow(<278399200ns)=0, overflow(>=278400200ns)=0) (profiler_analysis.cpp:695)
2026-06-03 18:37:14.917 | info     |           Metal |   [   278399200 ..    278399300) |########################################|        1 (profiler_analysis.cpp:700)
2026-06-03 18:37:14.917 | info     |           Metal |   [   278399300 ..    278399400) |                                        |        0 (profiler_analysis.cpp:700)
2026-06-03 18:37:14.917 | info     |           Metal |   [   278399400 ..    278399500) |                                        |        0 (profiler_analysis.cpp:700)
2026-06-03 18:37:14.917 | info     |           Metal |   [   278399500 ..    278399600) |                                        |        0 (profiler_analysis.cpp:700)
2026-06-03 18:37:14.917 | info     |           Metal |   [   278399600 ..    278399700) |                                        |        0 (profiler_analysis.cpp:700)
2026-06-03 18:37:14.917 | info     |           Metal |   [   278399700 ..    278399800) |                                        |        0 (profiler_analysis.cpp:700)
2026-06-03 18:37:14.917 | info     |           Metal |   [   278399800 ..    278399900) |                                        |        0 (profiler_analysis.cpp:700)
2026-06-03 18:37:14.917 | info     |           Metal |   [   278399900 ..    278400000) |                                        |        0 (profiler_analysis.cpp:700)
2026-06-03 18:37:14.917 | info     |           Metal |   [   278400000 ..    278400100) |                                        |        0 (profiler_analysis.cpp:700)
2026-06-03 18:37:14.917 | info     |           Metal |   [   278400100 ..    278400200) |                                        |        0 (profiler_analysis.cpp:700)
[SORT] stage=RP P=3333322 P_kept=3333322 num_tiles=1024 max_tile_n=22880 bin=41.91 up=0.02 kernel=0.02 d2h=0.00 compact=0.00 publish=0.02 total=42.04ms
[CULL_SPLIT] pipelined (no separate Finish; cull device exec folded under the blend host-setup window; candidates=3333322)
[BLEND_SPLIT] upload+exec=0.0 readback=171.5 total=171.5 ms (resident, one Finish)
[BLEND_ADDR] cull_masks=0x1136b0c0 out=0x12c7a4c0(sz=0x600000) tile_ids=0x54d3ec0 xramp=0x12c784c0 yramp=0x12c794c0 payload=0x0(sz=0x0)
2026-06-03 18:37:15.222 | info     |           Metal | Device kernel duration perf summary (device=0): count=1, min=278103187ns, avg=278103187.0ns, max=278103187ns (profiler_analysis.cpp:652)
2026-06-03 18:37:15.222 | info     |           Metal | Device kernel duration perf histogram (device=0): (buckets=10, bucket_size=100ns, range=[278103100..278104100), underflow(<278103100ns)=0, overflow(>=278104100ns)=0) (profiler_analysis.cpp:695)
2026-06-03 18:37:15.222 | info     |           Metal |   [   278103100 ..    278103200) |########################################|        1 (profiler_analysis.cpp:700)
2026-06-03 18:37:15.222 | info     |           Metal |   [   278103200 ..    278103300) |                                        |        0 (profiler_analysis.cpp:700)
2026-06-03 18:37:15.222 | info     |           Metal |   [   278103300 ..    278103400) |                                        |        0 (profiler_analysis.cpp:700)
2026-06-03 18:37:15.222 | info     |           Metal |   [   278103400 ..    278103500) |                                        |        0 (profiler_analysis.cpp:700)
2026-06-03 18:37:15.222 | info     |           Metal |   [   278103500 ..    278103600) |                                        |        0 (profiler_analysis.cpp:700)
2026-06-03 18:37:15.222 | info     |           Metal |   [   278103600 ..    278103700) |                                        |        0 (profiler_analysis.cpp:700)
2026-06-03 18:37:15.222 | info     |           Metal |   [   278103700 ..    278103800) |                                        |        0 (profiler_analysis.cpp:700)
2026-06-03 18:37:15.222 | info     |           Metal |   [   278103800 ..    278103900) |                                        |        0 (profiler_analysis.cpp:700)
2026-06-03 18:37:15.222 | info     |           Metal |   [   278103900 ..    278104000) |                                        |        0 (profiler_analysis.cpp:700)
2026-06-03 18:37:15.222 | info     |           Metal |   [   278104000 ..    278104100) |                                        |        0 (profiler_analysis.cpp:700)
[SORT] stage=RP P=3369033 P_kept=3369033 num_tiles=1024 max_tile_n=26496 bin=42.00 up=0.02 kernel=0.02 d2h=7.65 compact=0.00 publish=0.03 total=60.77ms
2026-06-03 18:37:15.809 | info     |           Metal | Device kernel duration perf summary (device=0): count=1, min=362275614ns, avg=362275614.0ns, max=362275614ns (profiler_analysis.cpp:652)
2026-06-03 18:37:15.809 | info     |           Metal | Device kernel duration perf histogram (device=0): (buckets=10, bucket_size=100ns, range=[362275600..362276600), underflow(<362275600ns)=0, overflow(>=362276600ns)=0) (profiler_analysis.cpp:695)
2026-06-03 18:37:15.809 | info     |           Metal |   [   362275600 ..    362275700) |########################################|        1 (profiler_analysis.cpp:700)
2026-06-03 18:37:15.809 | info     |           Metal |   [   362275700 ..    362275800) |                                        |        0 (profiler_analysis.cpp:700)
2026-06-03 18:37:15.809 | info     |           Metal |   [   362275800 ..    362275900) |                                        |        0 (profiler_analysis.cpp:700)
2026-06-03 18:37:15.809 | info     |           Metal |   [   362275900 ..    362276000) |                                        |        0 (profiler_analysis.cpp:700)
2026-06-03 18:37:15.809 | info     |           Metal |   [   362276000 ..    362276100) |                                        |        0 (profiler_analysis.cpp:700)
2026-06-03 18:37:15.809 | info     |           Metal |   [   362276100 ..    362276200) |                                        |        0 (profiler_analysis.cpp:700)
2026-06-03 18:37:15.809 | info     |           Metal |   [   362276200 ..    362276300) |                                        |        0 (profiler_analysis.cpp:700)
2026-06-03 18:37:15.809 | info     |           Metal |   [   362276300 ..    362276400) |                                        |        0 (profiler_analysis.cpp:700)
2026-06-03 18:37:15.809 | info     |           Metal |   [   362276400 ..    362276500) |                                        |        0 (profiler_analysis.cpp:700)
2026-06-03 18:37:15.809 | info     |           Metal |   [   362276500 ..    362276600) |                                        |        0 (profiler_analysis.cpp:700)
[SORT] stage=RP P=3369033 P_kept=3369033 num_tiles=1024 max_tile_n=26496 bin=41.99 up=0.02 kernel=0.02 d2h=7.70 compact=0.00 publish=0.02 total=60.91ms
2026-06-03 18:37:16.323 | info     |           Metal | Device kernel duration perf summary (device=0): count=1, min=367591573ns, avg=367591573.0ns, max=367591573ns (profiler_analysis.cpp:652)
2026-06-03 18:37:16.323 | info     |           Metal | Device kernel duration perf histogram (device=0): (buckets=10, bucket_size=100ns, range=[367591500..367592500), underflow(<367591500ns)=0, overflow(>=367592500ns)=0) (profiler_analysis.cpp:695)
2026-06-03 18:37:16.323 | info     |           Metal |   [   367591500 ..    367591600) |########################################|        1 (profiler_analysis.cpp:700)
2026-06-03 18:37:16.323 | info     |           Metal |   [   367591600 ..    367591700) |                                        |        0 (profiler_analysis.cpp:700)
2026-06-03 18:37:16.323 | info     |           Metal |   [   367591700 ..    367591800) |                                        |        0 (profiler_analysis.cpp:700)
2026-06-03 18:37:16.323 | info     |           Metal |   [   367591800 ..    367591900) |                                        |        0 (profiler_analysis.cpp:700)
2026-06-03 18:37:16.323 | info     |           Metal |   [   367591900 ..    367592000) |                                        |        0 (profiler_analysis.cpp:700)
2026-06-03 18:37:16.323 | info     |           Metal |   [   367592000 ..    367592100) |                                        |        0 (profiler_analysis.cpp:700)
2026-06-03 18:37:16.323 | info     |           Metal |   [   367592100 ..    367592200) |                                        |        0 (profiler_analysis.cpp:700)
2026-06-03 18:37:16.323 | info     |           Metal |   [   367592200 ..    367592300) |                                        |        0 (profiler_analysis.cpp:700)
2026-06-03 18:37:16.323 | info     |           Metal |   [   367592300 ..    367592400) |                                        |        0 (profiler_analysis.cpp:700)
2026-06-03 18:37:16.323 | info     |           Metal |   [   367592400 ..    367592500) |                                        |        0 (profiler_analysis.cpp:700)
[SORT] stage=RP P=3535561 P_kept=3535561 num_tiles=1024 max_tile_n=26272 bin=44.36 up=0.02 kernel=0.02 d2h=7.65 compact=0.00 publish=0.02 total=63.55ms
2026-06-03 18:37:16.846 | info     |           Metal | Device kernel duration perf summary (device=0): count=1, min=372237379ns, avg=372237379.0ns, max=372237379ns (profiler_analysis.cpp:652)
2026-06-03 18:37:16.846 | info     |           Metal | Device kernel duration perf histogram (device=0): (buckets=10, bucket_size=100ns, range=[372237300..372238300), underflow(<372237300ns)=0, overflow(>=372238300ns)=0) (profiler_analysis.cpp:695)
2026-06-03 18:37:16.846 | info     |           Metal |   [   372237300 ..    372237400) |########################################|        1 (profiler_analysis.cpp:700)
2026-06-03 18:37:16.846 | info     |           Metal |   [   372237400 ..    372237500) |                                        |        0 (profiler_analysis.cpp:700)
2026-06-03 18:37:16.846 | info     |           Metal |   [   372237500 ..    372237600) |                                        |        0 (profiler_analysis.cpp:700)
2026-06-03 18:37:16.846 | info     |           Metal |   [   372237600 ..    372237700) |                                        |        0 (profiler_analysis.cpp:700)
2026-06-03 18:37:16.846 | info     |           Metal |   [   372237700 ..    372237800) |                                        |        0 (profiler_analysis.cpp:700)
2026-06-03 18:37:16.846 | info     |           Metal |   [   372237800 ..    372237900) |                                        |        0 (profiler_analysis.cpp:700)
2026-06-03 18:37:16.846 | info     |           Metal |   [   372237900 ..    372238000) |                                        |        0 (profiler_analysis.cpp:700)
2026-06-03 18:37:16.846 | info     |           Metal |   [   372238000 ..    372238100) |                                        |        0 (profiler_analysis.cpp:700)
2026-06-03 18:37:16.846 | info     |           Metal |   [   372238100 ..    372238200) |                                        |        0 (profiler_analysis.cpp:700)
2026-06-03 18:37:16.846 | info     |           Metal |   [   372238200 ..    372238300) |                                        |        0 (profiler_analysis.cpp:700)
[SORT] stage=RP P=3603555 P_kept=3603555 num_tiles=1024 max_tile_n=25152 bin=44.96 up=0.02 kernel=0.02 d2h=7.66 compact=0.00 publish=0.02 total=64.46ms
2026-06-03 18:37:17.370 | info     |           Metal | Device kernel duration perf summary (device=0): count=1, min=373310716ns, avg=373310716.0ns, max=373310716ns (profiler_analysis.cpp:652)
2026-06-03 18:37:17.370 | info     |           Metal | Device kernel duration perf histogram (device=0): (buckets=10, bucket_size=100ns, range=[373310700..373311700), underflow(<373310700ns)=0, overflow(>=373311700ns)=0) (profiler_analysis.cpp:695)
2026-06-03 18:37:17.370 | info     |           Metal |   [   373310700 ..    373310800) |########################################|        1 (profiler_analysis.cpp:700)
2026-06-03 18:37:17.370 | info     |           Metal |   [   373310800 ..    373310900) |                                        |        0 (profiler_analysis.cpp:700)
2026-06-03 18:37:17.370 | info     |           Metal |   [   373310900 ..    373311000) |                                        |        0 (profiler_analysis.cpp:700)
2026-06-03 18:37:17.370 | info     |           Metal |   [   373311000 ..    373311100) |                                        |        0 (profiler_analysis.cpp:700)
2026-06-03 18:37:17.370 | info     |           Metal |   [   373311100 ..    373311200) |                                        |        0 (profiler_analysis.cpp:700)
2026-06-03 18:37:17.370 | info     |           Metal |   [   373311200 ..    373311300) |                                        |        0 (profiler_analysis.cpp:700)
2026-06-03 18:37:17.370 | info     |           Metal |   [   373311300 ..    373311400) |                                        |        0 (profiler_analysis.cpp:700)
2026-06-03 18:37:17.370 | info     |           Metal |   [   373311400 ..    373311500) |                                        |        0 (profiler_analysis.cpp:700)
2026-06-03 18:37:17.370 | info     |           Metal |   [   373311500 ..    373311600) |                                        |        0 (profiler_analysis.cpp:700)
2026-06-03 18:37:17.370 | info     |           Metal |   [   373311600 ..    373311700) |                                        |        0 (profiler_analysis.cpp:700)
[SORT] stage=RP P=3622630 P_kept=3622630 num_tiles=1024 max_tile_n=24416 bin=45.20 up=0.02 kernel=0.02 d2h=7.66 compact=0.00 publish=0.02 total=64.63ms
2026-06-03 18:37:17.901 | info     |           Metal | Device kernel duration perf summary (device=0): count=1, min=377224174ns, avg=377224174.0ns, max=377224174ns (profiler_analysis.cpp:652)
2026-06-03 18:37:17.901 | info     |           Metal | Device kernel duration perf histogram (device=0): (buckets=10, bucket_size=100ns, range=[377224100..377225100), underflow(<377224100ns)=0, overflow(>=377225100ns)=0) (profiler_analysis.cpp:695)
2026-06-03 18:37:17.901 | info     |           Metal |   [   377224100 ..    377224200) |########################################|        1 (profiler_analysis.cpp:700)
2026-06-03 18:37:17.901 | info     |           Metal |   [   377224200 ..    377224300) |                                        |        0 (profiler_analysis.cpp:700)
2026-06-03 18:37:17.901 | info     |           Metal |   [   377224300 ..    377224400) |                                        |        0 (profiler_analysis.cpp:700)
2026-06-03 18:37:17.901 | info     |           Metal |   [   377224400 ..    377224500) |                                        |        0 (profiler_analysis.cpp:700)
2026-06-03 18:37:17.901 | info     |           Metal |   [   377224500 ..    377224600) |                                        |        0 (profiler_analysis.cpp:700)
2026-06-03 18:37:17.901 | info     |           Metal |   [   377224600 ..    377224700) |                                        |        0 (profiler_analysis.cpp:700)
2026-06-03 18:37:17.901 | info     |           Metal |   [   377224700 ..    377224800) |                                        |        0 (profiler_analysis.cpp:700)
2026-06-03 18:37:17.901 | info     |           Metal |   [   377224800 ..    377224900) |                                        |        0 (profiler_analysis.cpp:700)
2026-06-03 18:37:17.901 | info     |           Metal |   [   377224900 ..    377225000) |                                        |        0 (profiler_analysis.cpp:700)
2026-06-03 18:37:17.901 | info     |           Metal |   [   377225000 ..    377225100) |                                        |        0 (profiler_analysis.cpp:700)
[SORT] stage=RP P=3620780 P_kept=3620780 num_tiles=1024 max_tile_n=25200 bin=45.18 up=0.02 kernel=0.02 d2h=7.65 compact=0.00 publish=0.02 total=64.60ms
2026-06-03 18:37:18.431 | info     |           Metal | Device kernel duration perf summary (device=0): count=1, min=375003814ns, avg=375003814.0ns, max=375003814ns (profiler_analysis.cpp:652)
2026-06-03 18:37:18.431 | info     |           Metal | Device kernel duration perf histogram (device=0): (buckets=10, bucket_size=100ns, range=[375003800..375004800), underflow(<375003800ns)=0, overflow(>=375004800ns)=0) (profiler_analysis.cpp:695)
2026-06-03 18:37:18.431 | info     |           Metal |   [   375003800 ..    375003900) |########################################|        1 (profiler_analysis.cpp:700)
2026-06-03 18:37:18.431 | info     |           Metal |   [   375003900 ..    375004000) |                                        |        0 (profiler_analysis.cpp:700)
2026-06-03 18:37:18.431 | info     |           Metal |   [   375004000 ..    375004100) |                                        |        0 (profiler_analysis.cpp:700)
2026-06-03 18:37:18.431 | info     |           Metal |   [   375004100 ..    375004200) |                                        |        0 (profiler_analysis.cpp:700)
2026-06-03 18:37:18.431 | info     |           Metal |   [   375004200 ..    375004300) |                                        |        0 (profiler_analysis.cpp:700)
2026-06-03 18:37:18.431 | info     |           Metal |   [   375004300 ..    375004400) |                                        |        0 (profiler_analysis.cpp:700)
2026-06-03 18:37:18.431 | info     |           Metal |   [   375004400 ..    375004500) |                                        |        0 (profiler_analysis.cpp:700)
2026-06-03 18:37:18.431 | info     |           Metal |   [   375004500 ..    375004600) |                                        |        0 (profiler_analysis.cpp:700)
2026-06-03 18:37:18.431 | info     |           Metal |   [   375004600 ..    375004700) |                                        |        0 (profiler_analysis.cpp:700)
2026-06-03 18:37:18.431 | info     |           Metal |   [   375004700 ..    375004800) |                                        |        0 (profiler_analysis.cpp:700)
[SORT] stage=RP P=3622797 P_kept=3622797 num_tiles=1024 max_tile_n=23552 bin=45.20 up=0.02 kernel=0.02 d2h=7.65 compact=0.00 publish=0.02 total=64.56ms
2026-06-03 18:37:18.964 | info     |           Metal | Device kernel duration perf summary (device=0): count=1, min=375260179ns, avg=375260179.0ns, max=375260179ns (profiler_analysis.cpp:652)
2026-06-03 18:37:18.964 | info     |           Metal | Device kernel duration perf histogram (device=0): (buckets=10, bucket_size=100ns, range=[375260100..375261100), underflow(<375260100ns)=0, overflow(>=375261100ns)=0) (profiler_analysis.cpp:695)
2026-06-03 18:37:18.964 | info     |           Metal |   [   375260100 ..    375260200) |########################################|        1 (profiler_analysis.cpp:700)
2026-06-03 18:37:18.964 | info     |           Metal |   [   375260200 ..    375260300) |                                        |        0 (profiler_analysis.cpp:700)
2026-06-03 18:37:18.964 | info     |           Metal |   [   375260300 ..    375260400) |                                        |        0 (profiler_analysis.cpp:700)
2026-06-03 18:37:18.964 | info     |           Metal |   [   375260400 ..    375260500) |                                        |        0 (profiler_analysis.cpp:700)
2026-06-03 18:37:18.964 | info     |           Metal |   [   375260500 ..    375260600) |                                        |        0 (profiler_analysis.cpp:700)
2026-06-03 18:37:18.964 | info     |           Metal |   [   375260600 ..    375260700) |                                        |        0 (profiler_analysis.cpp:700)
2026-06-03 18:37:18.964 | info     |           Metal |   [   375260700 ..    375260800) |                                        |        0 (profiler_analysis.cpp:700)
2026-06-03 18:37:18.964 | info     |           Metal |   [   375260800 ..    375260900) |                                        |        0 (profiler_analysis.cpp:700)
2026-06-03 18:37:18.964 | info     |           Metal |   [   375260900 ..    375261000) |                                        |        0 (profiler_analysis.cpp:700)
2026-06-03 18:37:18.964 | info     |           Metal |   [   375261000 ..    375261100) |                                        |        0 (profiler_analysis.cpp:700)
[SORT] stage=RP P=3607134 P_kept=3607134 num_tiles=1024 max_tile_n=25040 bin=45.06 up=0.02 kernel=0.02 d2h=7.67 compact=0.00 publish=0.02 total=64.49ms
2026-06-03 18:37:19.497 | info     |           Metal | Device kernel duration perf summary (device=0): count=1, min=377496034ns, avg=377496034.0ns, max=377496034ns (profiler_analysis.cpp:652)
2026-06-03 18:37:19.497 | info     |           Metal | Device kernel duration perf histogram (device=0): (buckets=10, bucket_size=100ns, range=[377496000..377497000), underflow(<377496000ns)=0, overflow(>=377497000ns)=0) (profiler_analysis.cpp:695)
2026-06-03 18:37:19.497 | info     |           Metal |   [   377496000 ..    377496100) |########################################|        1 (profiler_analysis.cpp:700)
2026-06-03 18:37:19.497 | info     |           Metal |   [   377496100 ..    377496200) |                                        |        0 (profiler_analysis.cpp:700)
2026-06-03 18:37:19.497 | info     |           Metal |   [   377496200 ..    377496300) |                                        |        0 (profiler_analysis.cpp:700)
2026-06-03 18:37:19.497 | info     |           Metal |   [   377496300 ..    377496400) |                                        |        0 (profiler_analysis.cpp:700)
2026-06-03 18:37:19.497 | info     |           Metal |   [   377496400 ..    377496500) |                                        |        0 (profiler_analysis.cpp:700)
2026-06-03 18:37:19.497 | info     |           Metal |   [   377496500 ..    377496600) |                                        |        0 (profiler_analysis.cpp:700)
2026-06-03 18:37:19.497 | info     |           Metal |   [   377496600 ..    377496700) |                                        |        0 (profiler_analysis.cpp:700)
2026-06-03 18:37:19.497 | info     |           Metal |   [   377496700 ..    377496800) |                                        |        0 (profiler_analysis.cpp:700)
2026-06-03 18:37:19.497 | info     |           Metal |   [   377496800 ..    377496900) |                                        |        0 (profiler_analysis.cpp:700)
2026-06-03 18:37:19.497 | info     |           Metal |   [   377496900 ..    377497000) |                                        |        0 (profiler_analysis.cpp:700)
[SORT] stage=RP P=3548136 P_kept=3548136 num_tiles=1024 max_tile_n=26816 bin=44.27 up=0.02 kernel=0.03 d2h=7.66 compact=0.00 publish=0.02 total=63.49ms
2026-06-03 18:37:20.022 | info     |           Metal | Device kernel duration perf summary (device=0): count=1, min=372410057ns, avg=372410057.0ns, max=372410057ns (profiler_analysis.cpp:652)
2026-06-03 18:37:20.022 | info     |           Metal | Device kernel duration perf histogram (device=0): (buckets=10, bucket_size=100ns, range=[372410000..372411000), underflow(<372410000ns)=0, overflow(>=372411000ns)=0) (profiler_analysis.cpp:695)
2026-06-03 18:37:20.022 | info     |           Metal |   [   372410000 ..    372410100) |########################################|        1 (profiler_analysis.cpp:700)
2026-06-03 18:37:20.022 | info     |           Metal |   [   372410100 ..    372410200) |                                        |        0 (profiler_analysis.cpp:700)
2026-06-03 18:37:20.022 | info     |           Metal |   [   372410200 ..    372410300) |                                        |        0 (profiler_analysis.cpp:700)
2026-06-03 18:37:20.022 | info     |           Metal |   [   372410300 ..    372410400) |                                        |        0 (profiler_analysis.cpp:700)
2026-06-03 18:37:20.022 | info     |           Metal |   [   372410400 ..    372410500) |                                        |        0 (profiler_analysis.cpp:700)
2026-06-03 18:37:20.022 | info     |           Metal |   [   372410500 ..    372410600) |                                        |        0 (profiler_analysis.cpp:700)
2026-06-03 18:37:20.022 | info     |           Metal |   [   372410600 ..    372410700) |                                        |        0 (profiler_analysis.cpp:700)
2026-06-03 18:37:20.022 | info     |           Metal |   [   372410700 ..    372410800) |                                        |        0 (profiler_analysis.cpp:700)
2026-06-03 18:37:20.022 | info     |           Metal |   [   372410800 ..    372410900) |                                        |        0 (profiler_analysis.cpp:700)
2026-06-03 18:37:20.022 | info     |           Metal |   [   372410900 ..    372411000) |                                        |        0 (profiler_analysis.cpp:700)
[SORT] stage=RP P=3455005 P_kept=3455005 num_tiles=1024 max_tile_n=25024 bin=43.19 up=0.02 kernel=0.03 d2h=7.65 compact=0.00 publish=0.03 total=62.07ms
2026-06-03 18:37:20.542 | info     |           Metal | Device kernel duration perf summary (device=0): count=1, min=370083603ns, avg=370083603.0ns, max=370083603ns (profiler_analysis.cpp:652)
2026-06-03 18:37:20.542 | info     |           Metal | Device kernel duration perf histogram (device=0): (buckets=10, bucket_size=100ns, range=[370083600..370084600), underflow(<370083600ns)=0, overflow(>=370084600ns)=0) (profiler_analysis.cpp:695)
2026-06-03 18:37:20.542 | info     |           Metal |   [   370083600 ..    370083700) |########################################|        1 (profiler_analysis.cpp:700)
2026-06-03 18:37:20.542 | info     |           Metal |   [   370083700 ..    370083800) |                                        |        0 (profiler_analysis.cpp:700)
2026-06-03 18:37:20.542 | info     |           Metal |   [   370083800 ..    370083900) |                                        |        0 (profiler_analysis.cpp:700)
2026-06-03 18:37:20.542 | info     |           Metal |   [   370083900 ..    370084000) |                                        |        0 (profiler_analysis.cpp:700)
2026-06-03 18:37:20.542 | info     |           Metal |   [   370084000 ..    370084100) |                                        |        0 (profiler_analysis.cpp:700)
2026-06-03 18:37:20.542 | info     |           Metal |   [   370084100 ..    370084200) |                                        |        0 (profiler_analysis.cpp:700)
2026-06-03 18:37:20.542 | info     |           Metal |   [   370084200 ..    370084300) |                                        |        0 (profiler_analysis.cpp:700)
2026-06-03 18:37:20.542 | info     |           Metal |   [   370084300 ..    370084400) |                                        |        0 (profiler_analysis.cpp:700)
2026-06-03 18:37:20.542 | info     |           Metal |   [   370084400 ..    370084500) |                                        |        0 (profiler_analysis.cpp:700)
2026-06-03 18:37:20.542 | info     |           Metal |   [   370084500 ..    370084600) |                                        |        0 (profiler_analysis.cpp:700)
[SORT] stage=RP P=3397687 P_kept=3397687 num_tiles=1024 max_tile_n=22176 bin=41.36 up=0.02 kernel=0.03 d2h=7.66 compact=0.00 publish=0.03 total=60.18ms
2026-06-03 18:37:21.056 | info     |           Metal | Device kernel duration perf summary (device=0): count=1, min=366502781ns, avg=366502781.0ns, max=366502781ns (profiler_analysis.cpp:652)
2026-06-03 18:37:21.056 | info     |           Metal | Device kernel duration perf histogram (device=0): (buckets=10, bucket_size=100ns, range=[366502700..366503700), underflow(<366502700ns)=0, overflow(>=366503700ns)=0) (profiler_analysis.cpp:695)
2026-06-03 18:37:21.056 | info     |           Metal |   [   366502700 ..    366502800) |########################################|        1 (profiler_analysis.cpp:700)
2026-06-03 18:37:21.056 | info     |           Metal |   [   366502800 ..    366502900) |                                        |        0 (profiler_analysis.cpp:700)
2026-06-03 18:37:21.056 | info     |           Metal |   [   366502900 ..    366503000) |                                        |        0 (profiler_analysis.cpp:700)
2026-06-03 18:37:21.056 | info     |           Metal |   [   366503000 ..    366503100) |                                        |        0 (profiler_analysis.cpp:700)
2026-06-03 18:37:21.056 | info     |           Metal |   [   366503100 ..    366503200) |                                        |        0 (profiler_analysis.cpp:700)
2026-06-03 18:37:21.056 | info     |           Metal |   [   366503200 ..    366503300) |                                        |        0 (profiler_analysis.cpp:700)
2026-06-03 18:37:21.056 | info     |           Metal |   [   366503300 ..    366503400) |                                        |        0 (profiler_analysis.cpp:700)
2026-06-03 18:37:21.056 | info     |           Metal |   [   366503400 ..    366503500) |                                        |        0 (profiler_analysis.cpp:700)
2026-06-03 18:37:21.056 | info     |           Metal |   [   366503500 ..    366503600) |                                        |        0 (profiler_analysis.cpp:700)
2026-06-03 18:37:21.056 | info     |           Metal |   [   366503600 ..    366503700) |                                        |        0 (profiler_analysis.cpp:700)
[SORT] stage=RP P=3353492 P_kept=3353492 num_tiles=1024 max_tile_n=23776 bin=42.56 up=0.02 kernel=0.02 d2h=7.65 compact=0.00 publish=0.02 total=61.14ms
2026-06-03 18:37:21.569 | info     |           Metal | Device kernel duration perf summary (device=0): count=1, min=368835336ns, avg=368835336.0ns, max=368835336ns (profiler_analysis.cpp:652)
2026-06-03 18:37:21.569 | info     |           Metal | Device kernel duration perf histogram (device=0): (buckets=10, bucket_size=100ns, range=[368835300..368836300), underflow(<368835300ns)=0, overflow(>=368836300ns)=0) (profiler_analysis.cpp:695)
2026-06-03 18:37:21.569 | info     |           Metal |   [   368835300 ..    368835400) |########################################|        1 (profiler_analysis.cpp:700)
2026-06-03 18:37:21.569 | info     |           Metal |   [   368835400 ..    368835500) |                                        |        0 (profiler_analysis.cpp:700)
2026-06-03 18:37:21.569 | info     |           Metal |   [   368835500 ..    368835600) |                                        |        0 (profiler_analysis.cpp:700)
2026-06-03 18:37:21.569 | info     |           Metal |   [   368835600 ..    368835700) |                                        |        0 (profiler_analysis.cpp:700)
2026-06-03 18:37:21.569 | info     |           Metal |   [   368835700 ..    368835800) |                                        |        0 (profiler_analysis.cpp:700)
2026-06-03 18:37:21.569 | info     |           Metal |   [   368835800 ..    368835900) |                                        |        0 (profiler_analysis.cpp:700)
2026-06-03 18:37:21.569 | info     |           Metal |   [   368835900 ..    368836000) |                                        |        0 (profiler_analysis.cpp:700)
2026-06-03 18:37:21.569 | info     |           Metal |   [   368836000 ..    368836100) |                                        |        0 (profiler_analysis.cpp:700)
2026-06-03 18:37:21.569 | info     |           Metal |   [   368836100 ..    368836200) |                                        |        0 (profiler_analysis.cpp:700)
2026-06-03 18:37:21.569 | info     |           Metal |   [   368836200 ..    368836300) |                                        |        0 (profiler_analysis.cpp:700)
[SORT] stage=RP P=3324622 P_kept=3324622 num_tiles=1024 max_tile_n=25360 bin=42.12 up=0.02 kernel=0.02 d2h=7.65 compact=0.00 publish=0.02 total=60.67ms
2026-06-03 18:37:22.080 | info     |           Metal | Device kernel duration perf summary (device=0): count=1, min=367003296ns, avg=367003296.0ns, max=367003296ns (profiler_analysis.cpp:652)
2026-06-03 18:37:22.080 | info     |           Metal | Device kernel duration perf histogram (device=0): (buckets=10, bucket_size=100ns, range=[367003200..367004200), underflow(<367003200ns)=0, overflow(>=367004200ns)=0) (profiler_analysis.cpp:695)
2026-06-03 18:37:22.080 | info     |           Metal |   [   367003200 ..    367003300) |########################################|        1 (profiler_analysis.cpp:700)
2026-06-03 18:37:22.080 | info     |           Metal |   [   367003300 ..    367003400) |                                        |        0 (profiler_analysis.cpp:700)
2026-06-03 18:37:22.080 | info     |           Metal |   [   367003400 ..    367003500) |                                        |        0 (profiler_analysis.cpp:700)
2026-06-03 18:37:22.080 | info     |           Metal |   [   367003500 ..    367003600) |                                        |        0 (profiler_analysis.cpp:700)
2026-06-03 18:37:22.080 | info     |           Metal |   [   367003600 ..    367003700) |                                        |        0 (profiler_analysis.cpp:700)
2026-06-03 18:37:22.080 | info     |           Metal |   [   367003700 ..    367003800) |                                        |        0 (profiler_analysis.cpp:700)
2026-06-03 18:37:22.080 | info     |           Metal |   [   367003800 ..    367003900) |                                        |        0 (profiler_analysis.cpp:700)
2026-06-03 18:37:22.080 | info     |           Metal |   [   367003900 ..    367004000) |                                        |        0 (profiler_analysis.cpp:700)
2026-06-03 18:37:22.080 | info     |           Metal |   [   367004000 ..    367004100) |                                        |        0 (profiler_analysis.cpp:700)
2026-06-03 18:37:22.080 | info     |           Metal |   [   367004100 ..    367004200) |                                        |        0 (profiler_analysis.cpp:700)
[SORT] stage=RP P=3321611 P_kept=3321611 num_tiles=1024 max_tile_n=26064 bin=42.11 up=0.02 kernel=0.02 d2h=7.65 compact=0.00 publish=0.02 total=60.68ms
2026-06-03 18:37:22.587 | info     |           Metal | Device kernel duration perf summary (device=0): count=1, min=365442367ns, avg=365442367.0ns, max=365442367ns (profiler_analysis.cpp:652)
2026-06-03 18:37:22.587 | info     |           Metal | Device kernel duration perf histogram (device=0): (buckets=10, bucket_size=100ns, range=[365442300..365443300), underflow(<365442300ns)=0, overflow(>=365443300ns)=0) (profiler_analysis.cpp:695)
2026-06-03 18:37:22.587 | info     |           Metal |   [   365442300 ..    365442400) |########################################|        1 (profiler_analysis.cpp:700)
2026-06-03 18:37:22.587 | info     |           Metal |   [   365442400 ..    365442500) |                                        |        0 (profiler_analysis.cpp:700)
2026-06-03 18:37:22.587 | info     |           Metal |   [   365442500 ..    365442600) |                                        |        0 (profiler_analysis.cpp:700)
2026-06-03 18:37:22.587 | info     |           Metal |   [   365442600 ..    365442700) |                                        |        0 (profiler_analysis.cpp:700)
2026-06-03 18:37:22.587 | info     |           Metal |   [   365442700 ..    365442800) |                                        |        0 (profiler_analysis.cpp:700)
2026-06-03 18:37:22.587 | info     |           Metal |   [   365442800 ..    365442900) |                                        |        0 (profiler_analysis.cpp:700)
2026-06-03 18:37:22.587 | info     |           Metal |   [   365442900 ..    365443000) |                                        |        0 (profiler_analysis.cpp:700)
2026-06-03 18:37:22.587 | info     |           Metal |   [   365443000 ..    365443100) |                                        |        0 (profiler_analysis.cpp:700)
2026-06-03 18:37:22.587 | info     |           Metal |   [   365443100 ..    365443200) |                                        |        0 (profiler_analysis.cpp:700)
2026-06-03 18:37:22.587 | info     |           Metal |   [   365443200 ..    365443300) |                                        |        0 (profiler_analysis.cpp:700)
[SORT] stage=RP P=3343983 P_kept=3343983 num_tiles=1024 max_tile_n=24656 bin=42.22 up=0.02 kernel=0.02 d2h=7.65 compact=0.00 publish=0.02 total=60.84ms
2026-06-03 18:37:23.093 | info     |           Metal | Device kernel duration perf summary (device=0): count=1, min=365478320ns, avg=365478320.0ns, max=365478320ns (profiler_analysis.cpp:652)
2026-06-03 18:37:23.093 | info     |           Metal | Device kernel duration perf histogram (device=0): (buckets=10, bucket_size=100ns, range=[365478300..365479300), underflow(<365478300ns)=0, overflow(>=365479300ns)=0) (profiler_analysis.cpp:695)
2026-06-03 18:37:23.093 | info     |           Metal |   [   365478300 ..    365478400) |########################################|        1 (profiler_analysis.cpp:700)
2026-06-03 18:37:23.093 | info     |           Metal |   [   365478400 ..    365478500) |                                        |        0 (profiler_analysis.cpp:700)
2026-06-03 18:37:23.093 | info     |           Metal |   [   365478500 ..    365478600) |                                        |        0 (profiler_analysis.cpp:700)
2026-06-03 18:37:23.093 | info     |           Metal |   [   365478600 ..    365478700) |                                        |        0 (profiler_analysis.cpp:700)
2026-06-03 18:37:23.093 | info     |           Metal |   [   365478700 ..    365478800) |                                        |        0 (profiler_analysis.cpp:700)
2026-06-03 18:37:23.093 | info     |           Metal |   [   365478800 ..    365478900) |                                        |        0 (profiler_analysis.cpp:700)
2026-06-03 18:37:23.093 | info     |           Metal |   [   365478900 ..    365479000) |                                        |        0 (profiler_analysis.cpp:700)
2026-06-03 18:37:23.093 | info     |           Metal |   [   365479000 ..    365479100) |                                        |        0 (profiler_analysis.cpp:700)
2026-06-03 18:37:23.093 | info     |           Metal |   [   365479100 ..    365479200) |                                        |        0 (profiler_analysis.cpp:700)
2026-06-03 18:37:23.093 | info     |           Metal |   [   365479200 ..    365479300) |                                        |        0 (profiler_analysis.cpp:700)
[SORT] stage=RP P=3391321 P_kept=3391321 num_tiles=1024 max_tile_n=21424 bin=42.78 up=0.02 kernel=0.02 d2h=7.65 compact=0.00 publish=0.02 total=61.53ms
2026-06-03 18:37:23.607 | info     |           Metal | Device kernel duration perf summary (device=0): count=1, min=367333796ns, avg=367333796.0ns, max=367333796ns (profiler_analysis.cpp:652)
2026-06-03 18:37:23.607 | info     |           Metal | Device kernel duration perf histogram (device=0): (buckets=10, bucket_size=100ns, range=[367333700..367334700), underflow(<367333700ns)=0, overflow(>=367334700ns)=0) (profiler_analysis.cpp:695)
2026-06-03 18:37:23.607 | info     |           Metal |   [   367333700 ..    367333800) |########################################|        1 (profiler_analysis.cpp:700)
2026-06-03 18:37:23.607 | info     |           Metal |   [   367333800 ..    367333900) |                                        |        0 (profiler_analysis.cpp:700)
2026-06-03 18:37:23.607 | info     |           Metal |   [   367333900 ..    367334000) |                                        |        0 (profiler_analysis.cpp:700)
2026-06-03 18:37:23.607 | info     |           Metal |   [   367334000 ..    367334100) |                                        |        0 (profiler_analysis.cpp:700)
2026-06-03 18:37:23.607 | info     |           Metal |   [   367334100 ..    367334200) |                                        |        0 (profiler_analysis.cpp:700)
2026-06-03 18:37:23.607 | info     |           Metal |   [   367334200 ..    367334300) |                                        |        0 (profiler_analysis.cpp:700)
2026-06-03 18:37:23.607 | info     |           Metal |   [   367334300 ..    367334400) |                                        |        0 (profiler_analysis.cpp:700)
2026-06-03 18:37:23.607 | info     |           Metal |   [   367334400 ..    367334500) |                                        |        0 (profiler_analysis.cpp:700)
2026-06-03 18:37:23.607 | info     |           Metal |   [   367334500 ..    367334600) |                                        |        0 (profiler_analysis.cpp:700)
2026-06-03 18:37:23.607 | info     |           Metal |   [   367334600 ..    367334700) |                                        |        0 (profiler_analysis.cpp:700)
[SORT] stage=RP P=3430950 P_kept=3430950 num_tiles=1024 max_tile_n=24560 bin=42.99 up=0.02 kernel=0.03 d2h=7.65 compact=0.00 publish=0.10 total=61.90ms
2026-06-03 18:37:24.122 | info     |           Metal | Device kernel duration perf summary (device=0): count=1, min=368946192ns, avg=368946192.0ns, max=368946192ns (profiler_analysis.cpp:652)
2026-06-03 18:37:24.122 | info     |           Metal | Device kernel duration perf histogram (device=0): (buckets=10, bucket_size=100ns, range=[368946100..368947100), underflow(<368946100ns)=0, overflow(>=368947100ns)=0) (profiler_analysis.cpp:695)
2026-06-03 18:37:24.122 | info     |           Metal |   [   368946100 ..    368946200) |########################################|        1 (profiler_analysis.cpp:700)
2026-06-03 18:37:24.122 | info     |           Metal |   [   368946200 ..    368946300) |                                        |        0 (profiler_analysis.cpp:700)
2026-06-03 18:37:24.122 | info     |           Metal |   [   368946300 ..    368946400) |                                        |        0 (profiler_analysis.cpp:700)
2026-06-03 18:37:24.122 | info     |           Metal |   [   368946400 ..    368946500) |                                        |        0 (profiler_analysis.cpp:700)
2026-06-03 18:37:24.122 | info     |           Metal |   [   368946500 ..    368946600) |                                        |        0 (profiler_analysis.cpp:700)
2026-06-03 18:37:24.122 | info     |           Metal |   [   368946600 ..    368946700) |                                        |        0 (profiler_analysis.cpp:700)
2026-06-03 18:37:24.122 | info     |           Metal |   [   368946700 ..    368946800) |                                        |        0 (profiler_analysis.cpp:700)
2026-06-03 18:37:24.122 | info     |           Metal |   [   368946800 ..    368946900) |                                        |        0 (profiler_analysis.cpp:700)
2026-06-03 18:37:24.122 | info     |           Metal |   [   368946900 ..    368947000) |                                        |        0 (profiler_analysis.cpp:700)
2026-06-03 18:37:24.122 | info     |           Metal |   [   368947000 ..    368947100) |                                        |        0 (profiler_analysis.cpp:700)
2026-06-03 18:37:24.642 | info     |           Metal | Device kernel duration perf summary (device=0): count=1, min=370170617ns, avg=370170617.0ns, max=370170617ns (profiler_analysis.cpp:652)
2026-06-03 18:37:24.642 | info     |           Metal | Device kernel duration perf histogram (device=0): (buckets=10, bucket_size=100ns, range=[370170600..370171600), underflow(<370170600ns)=0, overflow(>=370171600ns)=0) (profiler_analysis.cpp:695)
2026-06-03 18:37:24.642 | info     |           Metal |   [   370170600 ..    370170700) |########################################|        1 (profiler_analysis.cpp:700)
2026-06-03 18:37:24.642 | info     |           Metal |   [   370170700 ..    370170800) |                                        |        0 (profiler_analysis.cpp:700)
2026-06-03 18:37:24.642 | info     |           Metal |   [   370170800 ..    370170900) |                                        |        0 (profiler_analysis.cpp:700)
2026-06-03 18:37:24.642 | info     |           Metal |   [   370170900 ..    370171000) |                                        |        0 (profiler_analysis.cpp:700)
2026-06-03 18:37:24.642 | info     |           Metal |   [   370171000 ..    370171100) |                                        |        0 (profiler_analysis.cpp:700)
2026-06-03 18:37:24.642 | info     |           Metal |   [   370171100 ..    370171200) |                                        |        0 (profiler_analysis.cpp:700)
2026-06-03 18:37:24.642 | info     |           Metal |   [   370171200 ..    370171300) |                                        |        0 (profiler_analysis.cpp:700)
2026-06-03 18:37:24.642 | info     |           Metal |   [   370171300 ..    370171400) |                                        |        0 (profiler_analysis.cpp:700)
2026-06-03 18:37:24.642 | info     |           Metal |   [   370171400 ..    370171500) |                                        |        0 (profiler_analysis.cpp:700)
2026-06-03 18:37:24.642 | info     |           Metal |   [   370171500 ..    370171600) |                                        |        0 (profiler_analysis.cpp:700)
[SORT] stage=RP P=3463828 P_kept=3463828 num_tiles=1024 max_tile_n=26432 bin=43.61 up=0.02 kernel=0.02 d2h=7.65 compact=0.00 publish=0.02 total=62.60ms
[SORT] stage=RP P=3517324 P_kept=3517324 num_tiles=1024 max_tile_n=24976 bin=44.27 up=0.02 kernel=0.02 d2h=7.66 compact=0.00 publish=0.02 total=63.41ms
2026-06-03 18:37:25.164 | info     |           Metal | Device kernel duration perf summary (device=0): count=1, min=373105270ns, avg=373105270.0ns, max=373105270ns (profiler_analysis.cpp:652)
2026-06-03 18:37:25.164 | info     |           Metal | Device kernel duration perf histogram (device=0): (buckets=10, bucket_size=100ns, range=[373105200..373106200), underflow(<373105200ns)=0, overflow(>=373106200ns)=0) (profiler_analysis.cpp:695)
2026-06-03 18:37:25.164 | info     |           Metal |   [   373105200 ..    373105300) |########################################|        1 (profiler_analysis.cpp:700)
2026-06-03 18:37:25.164 | info     |           Metal |   [   373105300 ..    373105400) |                                        |        0 (profiler_analysis.cpp:700)
2026-06-03 18:37:25.164 | info     |           Metal |   [   373105400 ..    373105500) |                                        |        0 (profiler_analysis.cpp:700)
2026-06-03 18:37:25.164 | info     |           Metal |   [   373105500 ..    373105600) |                                        |        0 (profiler_analysis.cpp:700)
2026-06-03 18:37:25.164 | info     |           Metal |   [   373105600 ..    373105700) |                                        |        0 (profiler_analysis.cpp:700)
2026-06-03 18:37:25.164 | info     |           Metal |   [   373105700 ..    373105800) |                                        |        0 (profiler_analysis.cpp:700)
2026-06-03 18:37:25.164 | info     |           Metal |   [   373105800 ..    373105900) |                                        |        0 (profiler_analysis.cpp:700)
2026-06-03 18:37:25.164 | info     |           Metal |   [   373105900 ..    373106000) |                                        |        0 (profiler_analysis.cpp:700)
2026-06-03 18:37:25.164 | info     |           Metal |   [   373106000 ..    373106100) |                                        |        0 (profiler_analysis.cpp:700)
2026-06-03 18:37:25.164 | info     |           Metal |   [   373106100 ..    373106200) |                                        |        0 (profiler_analysis.cpp:700)
[SORT] stage=RP P=3506904 P_kept=3506904 num_tiles=1024 max_tile_n=23680 bin=44.08 up=0.02 kernel=0.02 d2h=7.65 compact=0.00 publish=0.02 total=63.30ms
2026-06-03 18:37:25.685 | info     |           Metal | Device kernel duration perf summary (device=0): count=1, min=371178041ns, avg=371178041.0ns, max=371178041ns (profiler_analysis.cpp:652)
2026-06-03 18:37:25.685 | info     |           Metal | Device kernel duration perf histogram (device=0): (buckets=10, bucket_size=100ns, range=[371178000..371179000), underflow(<371178000ns)=0, overflow(>=371179000ns)=0) (profiler_analysis.cpp:695)
2026-06-03 18:37:25.685 | info     |           Metal |   [   371178000 ..    371178100) |########################################|        1 (profiler_analysis.cpp:700)
2026-06-03 18:37:25.685 | info     |           Metal |   [   371178100 ..    371178200) |                                        |        0 (profiler_analysis.cpp:700)
2026-06-03 18:37:25.685 | info     |           Metal |   [   371178200 ..    371178300) |                                        |        0 (profiler_analysis.cpp:700)
2026-06-03 18:37:25.685 | info     |           Metal |   [   371178300 ..    371178400) |                                        |        0 (profiler_analysis.cpp:700)
2026-06-03 18:37:25.685 | info     |           Metal |   [   371178400 ..    371178500) |                                        |        0 (profiler_analysis.cpp:700)
2026-06-03 18:37:25.685 | info     |           Metal |   [   371178500 ..    371178600) |                                        |        0 (profiler_analysis.cpp:700)
2026-06-03 18:37:25.685 | info     |           Metal |   [   371178600 ..    371178700) |                                        |        0 (profiler_analysis.cpp:700)
2026-06-03 18:37:25.685 | info     |           Metal |   [   371178700 ..    371178800) |                                        |        0 (profiler_analysis.cpp:700)
2026-06-03 18:37:25.685 | info     |           Metal |   [   371178800 ..    371178900) |                                        |        0 (profiler_analysis.cpp:700)
2026-06-03 18:37:25.685 | info     |           Metal |   [   371178900 ..    371179000) |                                        |        0 (profiler_analysis.cpp:700)
[SORT] stage=RP P=3480657 P_kept=3480657 num_tiles=1024 max_tile_n=23840 bin=43.46 up=0.02 kernel=0.02 d2h=7.65 compact=0.00 publish=0.02 total=62.51ms
2026-06-03 18:37:26.197 | info     |           Metal | Device kernel duration perf summary (device=0): count=1, min=369121299ns, avg=369121299.0ns, max=369121299ns (profiler_analysis.cpp:652)
2026-06-03 18:37:26.197 | info     |           Metal | Device kernel duration perf histogram (device=0): (buckets=10, bucket_size=100ns, range=[369121200..369122200), underflow(<369121200ns)=0, overflow(>=369122200ns)=0) (profiler_analysis.cpp:695)
2026-06-03 18:37:26.197 | info     |           Metal |   [   369121200 ..    369121300) |########################################|        1 (profiler_analysis.cpp:700)
2026-06-03 18:37:26.197 | info     |           Metal |   [   369121300 ..    369121400) |                                        |        0 (profiler_analysis.cpp:700)
2026-06-03 18:37:26.197 | info     |           Metal |   [   369121400 ..    369121500) |                                        |        0 (profiler_analysis.cpp:700)
2026-06-03 18:37:26.197 | info     |           Metal |   [   369121500 ..    369121600) |                                        |        0 (profiler_analysis.cpp:700)
2026-06-03 18:37:26.197 | info     |           Metal |   [   369121600 ..    369121700) |                                        |        0 (profiler_analysis.cpp:700)
2026-06-03 18:37:26.197 | info     |           Metal |   [   369121700 ..    369121800) |                                        |        0 (profiler_analysis.cpp:700)
2026-06-03 18:37:26.197 | info     |           Metal |   [   369121800 ..    369121900) |                                        |        0 (profiler_analysis.cpp:700)
2026-06-03 18:37:26.197 | info     |           Metal |   [   369121900 ..    369122000) |                                        |        0 (profiler_analysis.cpp:700)
2026-06-03 18:37:26.197 | info     |           Metal |   [   369122000 ..    369122100) |                                        |        0 (profiler_analysis.cpp:700)
2026-06-03 18:37:26.197 | info     |           Metal |   [   369122100 ..    369122200) |                                        |        0 (profiler_analysis.cpp:700)
[SORT] stage=RP P=3442938 P_kept=3442938 num_tiles=1024 max_tile_n=24672 bin=43.50 up=0.02 kernel=0.02 d2h=7.66 compact=0.00 publish=0.02 total=62.40ms
2026-06-03 18:37:26.716 | info     |           Metal | Device kernel duration perf summary (device=0): count=1, min=371603559ns, avg=371603559.0ns, max=371603559ns (profiler_analysis.cpp:652)
2026-06-03 18:37:26.716 | info     |           Metal | Device kernel duration perf histogram (device=0): (buckets=10, bucket_size=100ns, range=[371603500..371604500), underflow(<371603500ns)=0, overflow(>=371604500ns)=0) (profiler_analysis.cpp:695)
2026-06-03 18:37:26.716 | info     |           Metal |   [   371603500 ..    371603600) |########################################|        1 (profiler_analysis.cpp:700)
2026-06-03 18:37:26.716 | info     |           Metal |   [   371603600 ..    371603700) |                                        |        0 (profiler_analysis.cpp:700)
2026-06-03 18:37:26.716 | info     |           Metal |   [   371603700 ..    371603800) |                                        |        0 (profiler_analysis.cpp:700)
2026-06-03 18:37:26.716 | info     |           Metal |   [   371603800 ..    371603900) |                                        |        0 (profiler_analysis.cpp:700)
2026-06-03 18:37:26.716 | info     |           Metal |   [   371603900 ..    371604000) |                                        |        0 (profiler_analysis.cpp:700)
2026-06-03 18:37:26.716 | info     |           Metal |   [   371604000 ..    371604100) |                                        |        0 (profiler_analysis.cpp:700)
2026-06-03 18:37:26.716 | info     |           Metal |   [   371604100 ..    371604200) |                                        |        0 (profiler_analysis.cpp:700)
2026-06-03 18:37:26.716 | info     |           Metal |   [   371604200 ..    371604300) |                                        |        0 (profiler_analysis.cpp:700)
2026-06-03 18:37:26.716 | info     |           Metal |   [   371604300 ..    371604400) |                                        |        0 (profiler_analysis.cpp:700)
2026-06-03 18:37:26.716 | info     |           Metal |   [   371604400 ..    371604500) |                                        |        0 (profiler_analysis.cpp:700)
[SORT] stage=RP P=3379780 P_kept=3379780 num_tiles=1024 max_tile_n=25680 bin=42.37 up=0.02 kernel=0.02 d2h=7.65 compact=0.00 publish=0.02 total=61.07ms
2026-06-03 18:37:27.233 | info     |           Metal | Device kernel duration perf summary (device=0): count=1, min=366573557ns, avg=366573557.0ns, max=366573557ns (profiler_analysis.cpp:652)
2026-06-03 18:37:27.233 | info     |           Metal | Device kernel duration perf histogram (device=0): (buckets=10, bucket_size=100ns, range=[366573500..366574500), underflow(<366573500ns)=0, overflow(>=366574500ns)=0) (profiler_analysis.cpp:695)
2026-06-03 18:37:27.233 | info     |           Metal |   [   366573500 ..    366573600) |########################################|        1 (profiler_analysis.cpp:700)
2026-06-03 18:37:27.233 | info     |           Metal |   [   366573600 ..    366573700) |                                        |        0 (profiler_analysis.cpp:700)
2026-06-03 18:37:27.233 | info     |           Metal |   [   366573700 ..    366573800) |                                        |        0 (profiler_analysis.cpp:700)
2026-06-03 18:37:27.233 | info     |           Metal |   [   366573800 ..    366573900) |                                        |        0 (profiler_analysis.cpp:700)
2026-06-03 18:37:27.233 | info     |           Metal |   [   366573900 ..    366574000) |                                        |        0 (profiler_analysis.cpp:700)
2026-06-03 18:37:27.233 | info     |           Metal |   [   366574000 ..    366574100) |                                        |        0 (profiler_analysis.cpp:700)
2026-06-03 18:37:27.233 | info     |           Metal |   [   366574100 ..    366574200) |                                        |        0 (profiler_analysis.cpp:700)
2026-06-03 18:37:27.233 | info     |           Metal |   [   366574200 ..    366574300) |                                        |        0 (profiler_analysis.cpp:700)
2026-06-03 18:37:27.233 | info     |           Metal |   [   366574300 ..    366574400) |                                        |        0 (profiler_analysis.cpp:700)
2026-06-03 18:37:27.233 | info     |           Metal |   [   366574400 ..    366574500) |                                        |        0 (profiler_analysis.cpp:700)
[SORT] stage=RP P=3263772 P_kept=3263772 num_tiles=1024 max_tile_n=23024 bin=41.09 up=0.02 kernel=0.02 d2h=7.65 compact=0.00 publish=0.02 total=59.47ms
2026-06-03 18:37:27.739 | info     |           Metal | Device kernel duration perf summary (device=0): count=1, min=365195496ns, avg=365195496.0ns, max=365195496ns (profiler_analysis.cpp:652)
2026-06-03 18:37:27.739 | info     |           Metal | Device kernel duration perf histogram (device=0): (buckets=10, bucket_size=100ns, range=[365195400..365196400), underflow(<365195400ns)=0, overflow(>=365196400ns)=0) (profiler_analysis.cpp:695)
2026-06-03 18:37:27.739 | info     |           Metal |   [   365195400 ..    365195500) |########################################|        1 (profiler_analysis.cpp:700)
2026-06-03 18:37:27.739 | info     |           Metal |   [   365195500 ..    365195600) |                                        |        0 (profiler_analysis.cpp:700)
2026-06-03 18:37:27.739 | info     |           Metal |   [   365195600 ..    365195700) |                                        |        0 (profiler_analysis.cpp:700)
2026-06-03 18:37:27.739 | info     |           Metal |   [   365195700 ..    365195800) |                                        |        0 (profiler_analysis.cpp:700)
2026-06-03 18:37:27.739 | info     |           Metal |   [   365195800 ..    365195900) |                                        |        0 (profiler_analysis.cpp:700)
2026-06-03 18:37:27.739 | info     |           Metal |   [   365195900 ..    365196000) |                                        |        0 (profiler_analysis.cpp:700)
2026-06-03 18:37:27.739 | info     |           Metal |   [   365196000 ..    365196100) |                                        |        0 (profiler_analysis.cpp:700)
2026-06-03 18:37:27.739 | info     |           Metal |   [   365196100 ..    365196200) |                                        |        0 (profiler_analysis.cpp:700)
2026-06-03 18:37:27.739 | info     |           Metal |   [   365196200 ..    365196300) |                                        |        0 (profiler_analysis.cpp:700)
2026-06-03 18:37:27.739 | info     |           Metal |   [   365196300 ..    365196400) |                                        |        0 (profiler_analysis.cpp:700)
[SORT] stage=RP P=3203445 P_kept=3203445 num_tiles=1024 max_tile_n=19856 bin=40.39 up=0.02 kernel=0.02 d2h=7.65 compact=0.00 publish=0.02 total=58.60ms
2026-06-03 18:37:28.242 | info     |           Metal | Device kernel duration perf summary (device=0): count=1, min=362842884ns, avg=362842884.0ns, max=362842884ns (profiler_analysis.cpp:652)
2026-06-03 18:37:28.242 | info     |           Metal | Device kernel duration perf histogram (device=0): (buckets=10, bucket_size=100ns, range=[362842800..362843800), underflow(<362842800ns)=0, overflow(>=362843800ns)=0) (profiler_analysis.cpp:695)
2026-06-03 18:37:28.242 | info     |           Metal |   [   362842800 ..    362842900) |########################################|        1 (profiler_analysis.cpp:700)
2026-06-03 18:37:28.242 | info     |           Metal |   [   362842900 ..    362843000) |                                        |        0 (profiler_analysis.cpp:700)
2026-06-03 18:37:28.242 | info     |           Metal |   [   362843000 ..    362843100) |                                        |        0 (profiler_analysis.cpp:700)
2026-06-03 18:37:28.242 | info     |           Metal |   [   362843100 ..    362843200) |                                        |        0 (profiler_analysis.cpp:700)
2026-06-03 18:37:28.242 | info     |           Metal |   [   362843200 ..    362843300) |                                        |        0 (profiler_analysis.cpp:700)
2026-06-03 18:37:28.242 | info     |           Metal |   [   362843300 ..    362843400) |                                        |        0 (profiler_analysis.cpp:700)
2026-06-03 18:37:28.242 | info     |           Metal |   [   362843400 ..    362843500) |                                        |        0 (profiler_analysis.cpp:700)
2026-06-03 18:37:28.242 | info     |           Metal |   [   362843500 ..    362843600) |                                        |        0 (profiler_analysis.cpp:700)
2026-06-03 18:37:28.242 | info     |           Metal |   [   362843600 ..    362843700) |                                        |        0 (profiler_analysis.cpp:700)
2026-06-03 18:37:28.242 | info     |           Metal |   [   362843700 ..    362843800) |                                        |        0 (profiler_analysis.cpp:700)
[SORT] stage=RP P=3149820 P_kept=3149820 num_tiles=1024 max_tile_n=23424 bin=39.92 up=0.02 kernel=0.03 d2h=7.69 compact=0.00 publish=0.02 total=58.19ms
2026-06-03 18:37:28.740 | info     |           Metal | Device kernel duration perf summary (device=0): count=1, min=361350265ns, avg=361350265.0ns, max=361350265ns (profiler_analysis.cpp:652)
2026-06-03 18:37:28.740 | info     |           Metal | Device kernel duration perf histogram (device=0): (buckets=10, bucket_size=100ns, range=[361350200..361351200), underflow(<361350200ns)=0, overflow(>=361351200ns)=0) (profiler_analysis.cpp:695)
2026-06-03 18:37:28.740 | info     |           Metal |   [   361350200 ..    361350300) |########################################|        1 (profiler_analysis.cpp:700)
2026-06-03 18:37:28.740 | info     |           Metal |   [   361350300 ..    361350400) |                                        |        0 (profiler_analysis.cpp:700)
2026-06-03 18:37:28.740 | info     |           Metal |   [   361350400 ..    361350500) |                                        |        0 (profiler_analysis.cpp:700)
2026-06-03 18:37:28.740 | info     |           Metal |   [   361350500 ..    361350600) |                                        |        0 (profiler_analysis.cpp:700)
2026-06-03 18:37:28.740 | info     |           Metal |   [   361350600 ..    361350700) |                                        |        0 (profiler_analysis.cpp:700)
2026-06-03 18:37:28.740 | info     |           Metal |   [   361350700 ..    361350800) |                                        |        0 (profiler_analysis.cpp:700)
2026-06-03 18:37:28.740 | info     |           Metal |   [   361350800 ..    361350900) |                                        |        0 (profiler_analysis.cpp:700)
2026-06-03 18:37:28.740 | info     |           Metal |   [   361350900 ..    361351000) |                                        |        0 (profiler_analysis.cpp:700)
2026-06-03 18:37:28.740 | info     |           Metal |   [   361351000 ..    361351100) |                                        |        0 (profiler_analysis.cpp:700)
2026-06-03 18:37:28.740 | info     |           Metal |   [   361351100 ..    361351200) |                                        |        0 (profiler_analysis.cpp:700)
[SORT] stage=RP P=3110972 P_kept=3110972 num_tiles=1024 max_tile_n=24304 bin=39.64 up=0.02 kernel=0.03 d2h=7.71 compact=0.00 publish=0.02 total=57.69ms
2026-06-03 18:37:29.239 | info     |           Metal | Device kernel duration perf summary (device=0): count=1, min=360162851ns, avg=360162851.0ns, max=360162851ns (profiler_analysis.cpp:652)
2026-06-03 18:37:29.239 | info     |           Metal | Device kernel duration perf histogram (device=0): (buckets=10, bucket_size=100ns, range=[360162800..360163800), underflow(<360162800ns)=0, overflow(>=360163800ns)=0) (profiler_analysis.cpp:695)
2026-06-03 18:37:29.239 | info     |           Metal |   [   360162800 ..    360162900) |########################################|        1 (profiler_analysis.cpp:700)
2026-06-03 18:37:29.239 | info     |           Metal |   [   360162900 ..    360163000) |                                        |        0 (profiler_analysis.cpp:700)
2026-06-03 18:37:29.239 | info     |           Metal |   [   360163000 ..    360163100) |                                        |        0 (profiler_analysis.cpp:700)
2026-06-03 18:37:29.239 | info     |           Metal |   [   360163100 ..    360163200) |                                        |        0 (profiler_analysis.cpp:700)
2026-06-03 18:37:29.239 | info     |           Metal |   [   360163200 ..    360163300) |                                        |        0 (profiler_analysis.cpp:700)
2026-06-03 18:37:29.239 | info     |           Metal |   [   360163300 ..    360163400) |                                        |        0 (profiler_analysis.cpp:700)
2026-06-03 18:37:29.239 | info     |           Metal |   [   360163400 ..    360163500) |                                        |        0 (profiler_analysis.cpp:700)
2026-06-03 18:37:29.239 | info     |           Metal |   [   360163500 ..    360163600) |                                        |        0 (profiler_analysis.cpp:700)
2026-06-03 18:37:29.239 | info     |           Metal |   [   360163600 ..    360163700) |                                        |        0 (profiler_analysis.cpp:700)
2026-06-03 18:37:29.239 | info     |           Metal |   [   360163700 ..    360163800) |                                        |        0 (profiler_analysis.cpp:700)
[SORT] stage=RP P=3120361 P_kept=3120361 num_tiles=1024 max_tile_n=24416 bin=39.51 up=0.02 kernel=0.02 d2h=7.66 compact=0.00 publish=0.02 total=57.51ms
2026-06-03 18:37:29.737 | info     |           Metal | Device kernel duration perf summary (device=0): count=1, min=360263270ns, avg=360263270.0ns, max=360263270ns (profiler_analysis.cpp:652)
2026-06-03 18:37:29.737 | info     |           Metal | Device kernel duration perf histogram (device=0): (buckets=10, bucket_size=100ns, range=[360263200..360264200), underflow(<360263200ns)=0, overflow(>=360264200ns)=0) (profiler_analysis.cpp:695)
2026-06-03 18:37:29.737 | info     |           Metal |   [   360263200 ..    360263300) |########################################|        1 (profiler_analysis.cpp:700)
2026-06-03 18:37:29.737 | info     |           Metal |   [   360263300 ..    360263400) |                                        |        0 (profiler_analysis.cpp:700)
2026-06-03 18:37:29.737 | info     |           Metal |   [   360263400 ..    360263500) |                                        |        0 (profiler_analysis.cpp:700)
2026-06-03 18:37:29.737 | info     |           Metal |   [   360263500 ..    360263600) |                                        |        0 (profiler_analysis.cpp:700)
2026-06-03 18:37:29.737 | info     |           Metal |   [   360263600 ..    360263700) |                                        |        0 (profiler_analysis.cpp:700)
2026-06-03 18:37:29.737 | info     |           Metal |   [   360263700 ..    360263800) |                                        |        0 (profiler_analysis.cpp:700)
2026-06-03 18:37:29.737 | info     |           Metal |   [   360263800 ..    360263900) |                                        |        0 (profiler_analysis.cpp:700)
2026-06-03 18:37:29.737 | info     |           Metal |   [   360263900 ..    360264000) |                                        |        0 (profiler_analysis.cpp:700)
2026-06-03 18:37:29.737 | info     |           Metal |   [   360264000 ..    360264100) |                                        |        0 (profiler_analysis.cpp:700)
2026-06-03 18:37:29.737 | info     |           Metal |   [   360264100 ..    360264200) |                                        |        0 (profiler_analysis.cpp:700)
[SORT] stage=RP P=3161893 P_kept=3161893 num_tiles=1024 max_tile_n=25296 bin=39.97 up=0.02 kernel=0.02 d2h=7.66 compact=0.00 publish=0.02 total=58.09ms
2026-06-03 18:37:30.239 | info     |           Metal | Device kernel duration perf summary (device=0): count=1, min=362051330ns, avg=362051330.0ns, max=362051330ns (profiler_analysis.cpp:652)
2026-06-03 18:37:30.239 | info     |           Metal | Device kernel duration perf histogram (device=0): (buckets=10, bucket_size=100ns, range=[362051300..362052300), underflow(<362051300ns)=0, overflow(>=362052300ns)=0) (profiler_analysis.cpp:695)
2026-06-03 18:37:30.239 | info     |           Metal |   [   362051300 ..    362051400) |########################################|        1 (profiler_analysis.cpp:700)
2026-06-03 18:37:30.239 | info     |           Metal |   [   362051400 ..    362051500) |                                        |        0 (profiler_analysis.cpp:700)
2026-06-03 18:37:30.239 | info     |           Metal |   [   362051500 ..    362051600) |                                        |        0 (profiler_analysis.cpp:700)
2026-06-03 18:37:30.239 | info     |           Metal |   [   362051600 ..    362051700) |                                        |        0 (profiler_analysis.cpp:700)
2026-06-03 18:37:30.239 | info     |           Metal |   [   362051700 ..    362051800) |                                        |        0 (profiler_analysis.cpp:700)
2026-06-03 18:37:30.239 | info     |           Metal |   [   362051800 ..    362051900) |                                        |        0 (profiler_analysis.cpp:700)
2026-06-03 18:37:30.239 | info     |           Metal |   [   362051900 ..    362052000) |                                        |        0 (profiler_analysis.cpp:700)
2026-06-03 18:37:30.239 | info     |           Metal |   [   362052000 ..    362052100) |                                        |        0 (profiler_analysis.cpp:700)
2026-06-03 18:37:30.239 | info     |           Metal |   [   362052100 ..    362052200) |                                        |        0 (profiler_analysis.cpp:700)
2026-06-03 18:37:30.239 | info     |           Metal |   [   362052200 ..    362052300) |                                        |        0 (profiler_analysis.cpp:700)
[SORT] stage=RP P=3237659 P_kept=3237659 num_tiles=1024 max_tile_n=25056 bin=40.84 up=0.02 kernel=0.02 d2h=7.65 compact=0.00 publish=0.02 total=59.14ms
2026-06-03 18:37:30.744 | info     |           Metal | Device kernel duration perf summary (device=0): count=1, min=363902720ns, avg=363902720.0ns, max=363902720ns (profiler_analysis.cpp:652)
2026-06-03 18:37:30.744 | info     |           Metal | Device kernel duration perf histogram (device=0): (buckets=10, bucket_size=100ns, range=[363902700..363903700), underflow(<363902700ns)=0, overflow(>=363903700ns)=0) (profiler_analysis.cpp:695)
2026-06-03 18:37:30.744 | info     |           Metal |   [   363902700 ..    363902800) |########################################|        1 (profiler_analysis.cpp:700)
2026-06-03 18:37:30.744 | info     |           Metal |   [   363902800 ..    363902900) |                                        |        0 (profiler_analysis.cpp:700)
2026-06-03 18:37:30.744 | info     |           Metal |   [   363902900 ..    363903000) |                                        |        0 (profiler_analysis.cpp:700)
2026-06-03 18:37:30.744 | info     |           Metal |   [   363903000 ..    363903100) |                                        |        0 (profiler_analysis.cpp:700)
2026-06-03 18:37:30.744 | info     |           Metal |   [   363903100 ..    363903200) |                                        |        0 (profiler_analysis.cpp:700)
2026-06-03 18:37:30.744 | info     |           Metal |   [   363903200 ..    363903300) |                                        |        0 (profiler_analysis.cpp:700)
2026-06-03 18:37:30.744 | info     |           Metal |   [   363903300 ..    363903400) |                                        |        0 (profiler_analysis.cpp:700)
2026-06-03 18:37:30.744 | info     |           Metal |   [   363903400 ..    363903500) |                                        |        0 (profiler_analysis.cpp:700)
2026-06-03 18:37:30.744 | info     |           Metal |   [   363903500 ..    363903600) |                                        |        0 (profiler_analysis.cpp:700)
2026-06-03 18:37:30.744 | info     |           Metal |   [   363903600 ..    363903700) |                                        |        0 (profiler_analysis.cpp:700)
[SORT] stage=RP P=3333322 P_kept=3333322 num_tiles=1024 max_tile_n=22880 bin=42.06 up=0.02 kernel=0.02 d2h=7.66 compact=0.00 publish=0.02 total=60.72ms
2026-06-03 18:37:31.258 | info     |           Metal | Device kernel duration perf summary (device=0): count=1, min=367988464ns, avg=367988464.0ns, max=367988464ns (profiler_analysis.cpp:652)
2026-06-03 18:37:31.258 | info     |           Metal | Device kernel duration perf histogram (device=0): (buckets=10, bucket_size=100ns, range=[367988400..367989400), underflow(<367988400ns)=0, overflow(>=367989400ns)=0) (profiler_analysis.cpp:695)
2026-06-03 18:37:31.258 | info     |           Metal |   [   367988400 ..    367988500) |########################################|        1 (profiler_analysis.cpp:700)
2026-06-03 18:37:31.258 | info     |           Metal |   [   367988500 ..    367988600) |                                        |        0 (profiler_analysis.cpp:700)
2026-06-03 18:37:31.258 | info     |           Metal |   [   367988600 ..    367988700) |                                        |        0 (profiler_analysis.cpp:700)
2026-06-03 18:37:31.258 | info     |           Metal |   [   367988700 ..    367988800) |                                        |        0 (profiler_analysis.cpp:700)
2026-06-03 18:37:31.258 | info     |           Metal |   [   367988800 ..    367988900) |                                        |        0 (profiler_analysis.cpp:700)
2026-06-03 18:37:31.258 | info     |           Metal |   [   367988900 ..    367989000) |                                        |        0 (profiler_analysis.cpp:700)
2026-06-03 18:37:31.258 | info     |           Metal |   [   367989000 ..    367989100) |                                        |        0 (profiler_analysis.cpp:700)
2026-06-03 18:37:31.258 | info     |           Metal |   [   367989100 ..    367989200) |                                        |        0 (profiler_analysis.cpp:700)
2026-06-03 18:37:31.258 | info     |           Metal |   [   367989200 ..    367989300) |                                        |        0 (profiler_analysis.cpp:700)
2026-06-03 18:37:31.258 | info     |           Metal |   [   367989300 ..    367989400) |                                        |        0 (profiler_analysis.cpp:700)
SUMMARY backend=tt blend_mode=2 views=30 hero_vs_gt=46.78dB hero_vs_ref=63.85dB min_vs_ref=62.87dB min_vs_gt=46.78dB ms/view=312.8 (proj=39.4 ta=25.3 sort=46.9 cull=0.0 blend=178.4) shot=opt/metal-screenshots/a003-verify-20260603T183731Z/hero.png shot_diff=opt/metal-screenshots/a003-verify-20260603T183731Z/hero_diff10.png
[render-inner] a003_verify rc=0

Queue delay: 12 ns
Timer resolution: 0 ns

Frames: 2
Time span: 1:43.1
Zones: 1,840,566
Elapsed time: 1:15.9
Saving trace... done!
Trace size 19.79 MB (26.18% ratio)
2026-06-03 18:37:33.462 | INFO     | tracy:generate_report:154 - Host side ops time report generated at /localdev/smarton/gstt2/opt/profiler/wrap_out_ttw-051-tracy/.logs/tracy_ops_times.csv
2026-06-03 18:37:33.496 | INFO     | tracy:generate_report:165 - Host side ops data report generated at /localdev/smarton/gstt2/opt/profiler/wrap_out_ttw-051-tracy/.logs/tracy_ops_data.csv
2026-06-03 18:37:33.496 | INFO     | tracy.process_ops_logs:import_tracy_op_logs:255 - Importing ops logs
/localdev/smarton/tt-metal/tools/tracy/process_ops_logs.py:360: DtypeWarning: Columns (3) have mixed types. Specify dtype option on import or set low_memory=False.
  df = pd.read_csv(tracyOpTimesLog)
2026-06-03 18:37:35.744 | INFO     | tracy.process_ops_logs:get_device_data_generate_report:1014 - Copying runtime artifacts
2026-06-03 18:37:35.848 | INFO     | tracy.process_ops_logs:get_device_data_generate_report:1020 - Getting device only ops data
2026-06-03 18:37:39.933 | INFO     | tracy.process_device_log:core_to_device_timeseries:416 - Importing Data For Device Number : 0
2026-06-03 18:37:47.283 | INFO     | tracy.process_ops_logs:get_device_data_generate_report:1032 - Generating device op report ...
2026-06-03 18:37:47.418 | INFO     | tracy.process_ops_logs:get_device_data_generate_report:1210 - Device only OPs csv generated at: /localdev/smarton/gstt2/opt/profiler/wrap_out_ttw-051-tracy/reports/2026_06_03_18_37_35/ops_perf_results_2026_06_03_18_37_35.csv
2026-06-03 18:37:47.433 | INFO     | tracy.process_ops_logs:get_device_data_generate_report:1219 - Device only per core op to op times csv generated at: /localdev/smarton/gstt2/opt/profiler/wrap_out_ttw-051-tracy/reports/2026_06_03_18_37_35/per_core_op_to_op_times_2026_06_03_18_37_35.csv
[capture_tracy] wrapper exited rc=0
[capture_tracy] OK tracy: -rw-rw-r-- 1 smarton smarton 20757452 Jun  3 18:37 /localdev/smarton/gstt2/opt/profiler/ttw-051-tracy/render.tracy
[capture_tracy] device profiler CSV data rows: 1270753 (1-view baseline ~65600; ~30x => full 30-view)
[capture_tracy] per-zone-hash device marker counts (each zone repeats ~30x across views):
 177568 13133
 170382 35219
 150164 32535
 150164 16443
 122760 49375
 122760 17277
  68324 12391
  56794 22059
  40920 52195
  40920 44760
  20460 40868
  20460 15633
  20082 51288
  13640 64032
  13640 61648
  13640 60078
  13640 40740
  13640 27140
  13640 24407
  13640 13365
   6820 22120
   6694 60922
      1  timer_id
[capture_tracy] DONE rc=0 iter=ttw-051-tracy tracy=/localdev/smarton/gstt2/opt/profiler/ttw-051-tracy/render.tracy
