================ BUILD ID ================
  cpp : #150 sha=099fe42 bin=bbefdeeada99b0a4 iter 45: Part B: de-lump device timers — report SORT/CULL/BLEND ms separately (cull+blend were lumped under the sort host-timer). Continuation now plumbs cull_ms/blend_ms out; measurement-only, PSNR bit-identical.
  data: #1 sha=b703f70 sync tracy-041 capture script
=========================================
host=yyzo-bh-03  tag=tracy  timeout=900s  worry=600s  ts=2026-06-02T18:52:42-0700
cmd: bash opt/profiler/capture_tracy.sh ttw-045
-----------------------------------------
BUILD-ID VERIFY OK: cpp#150 bin=bbefdeeada99b0a4 matches the built+stamped artifact
[capture_tracy] iter=ttw-045 VIEWS=30 (FULL 30-view render) -> /localdev/smarton/gstt2/opt/profiler/ttw-045/render.tracy
[capture_tracy] flags: TILE_BUCKET=1 BUCKET_FIT=8192 L1_RECORD=1 FUSED_TILE=0 SFPU_CULL=1
[capture_tracy] CMD: python3 -m tracy -r -p -v --dump-device-data-mid-run -o /localdev/smarton/gstt2/opt/profiler/wrap_out_ttw-045 opt/profiler/_render_inner.sh
Connecting to 127.0.0.1:8086...2026-06-03 01:52:44.107 | INFO     | __main__:main:175 - Setting profiler artifacts folder to /localdev/smarton/gstt2/opt/profiler/wrap_out_ttw-045
2026-06-03 01:52:44.107 | INFO     | __main__:main:336 - Using port 8086
2026-06-03 01:52:44.107 | INFO     | tracy:run_report_setup:88 - Verifying tracy profiling tools
2026-06-03 01:52:44.113 | INFO     | tracy:run_report_setup:108 - Capture command: ('/localdev/smarton/tt-metal/build/tools/profiler/bin/capture-release -o /localdev/smarton/gstt2/opt/profiler/wrap_out_ttw-045/.logs/tracy_profile_log_host.tracy -f -p 8086',)
2026-06-03 01:52:44.117 | INFO     | __main__:main:400 - Test process started
[render-inner] python3 scripts/a003_verify.py --backend tt --views 30 (MID_RUN_DUMP=1 DEVICE_PROFILER=1 GSPLAT_TT_PROFILE=1 TRACY_PORT=8086)
2026-06-03 01:52:44.706 | INFO     | __main__:main:175 - Setting profiler artifacts folder to /localdev/smarton/gstt2/opt/profiler/wrap_out_ttw-045
2026-06-03 01:52:46.398 | info     |             UMD | Creating TopologyDiscovery for architecture: blackhole (topology_discovery.cpp:75)
2026-06-03 01:52:46.398 | info     |             UMD | Starting topology discovery. (topology_discovery.cpp:92)
2026-06-03 01:52:46.399 | warning  |             UMD | Low power mode is disabled while UMD holds open file descriptors. The device will return to low power mode once all file descriptors are closed. (topology_discovery.cpp:143)
2026-06-03 01:52:46.399 | warning  |             UMD | KMD version 2.4.1 does not support power state management. (pci_device.cpp:1067)
2026-06-03 01:52:46.399 | info     |             UMD | Established firmware bundle version: 18.12.1 (topology_discovery.cpp:544)
2026-06-03 01:52:46.399 | info     |             UMD | Completed topology discovery. (topology_discovery.cpp:96)
2026-06-03 01:52:46.399 | info     |          Device | Opening user mode device driver (tt_cluster.cpp:225)
2026-06-03 01:52:46.399 | info     |             UMD | Cluster constructor started. (cluster.cpp:317)
2026-06-03 01:52:46.399 | info     |             UMD | Creating TopologyDiscovery for architecture: blackhole (topology_discovery.cpp:75)
2026-06-03 01:52:46.399 | info     |             UMD | Starting topology discovery. (topology_discovery.cpp:92)
2026-06-03 01:52:46.399 | warning  |             UMD | Low power mode is disabled while UMD holds open file descriptors. The device will return to low power mode once all file descriptors are closed. (topology_discovery.cpp:143)
2026-06-03 01:52:46.399 | warning  |             UMD | KMD version 2.4.1 does not support power state management. (pci_device.cpp:1067)
2026-06-03 01:52:46.400 | info     |             UMD | Established firmware bundle version: 18.12.1 (topology_discovery.cpp:544)
2026-06-03 01:52:46.400 | info     |             UMD | Completed topology discovery. (topology_discovery.cpp:96)
2026-06-03 01:52:46.400 | info     |             UMD | Harvesting masks for Chip 0: Tensix: 0xc0 DRAM: 0x8 ETH: 0x3fff PCIe: 0x2 L2CPU: 0x0 (cluster.cpp:270)
2026-06-03 01:52:46.400 | info     |             UMD | Initializing iommu for sysmem (size: 0x40000000). (silicon_sysmem_manager.cpp:334)
2026-06-03 01:52:46.400 | info     |             UMD | Allocating sysmem for IOMMU (size: 0x40000000). (silicon_sysmem_manager.cpp:340)
2026-06-03 01:52:46.440 | warning  |             UMD | KMD version 2.4.1 does not support power state management. (pci_device.cpp:1067)
2026-06-03 01:52:46.440 | info     |             UMD | Opening local chip ids/PCIe ids: {0}/[0] and remote chip ids {} (cluster.cpp:159)
2026-06-03 01:52:46.440 | info     |             UMD | IOMMU: enabled (cluster.cpp:133)
2026-06-03 01:52:46.440 | info     |             UMD | KMD version: 2.4.1 (cluster.cpp:136)
2026-06-03 01:52:46.440 | info     |             UMD | Cluster constructor completed. (cluster.cpp:409)
2026-06-03 01:52:46.442 | info     |             UMD | Starting devices in cluster (cluster.cpp:1044)
2026-06-03 01:52:46.442 | info     |             UMD | Mapped sysmem without hugepages to IOVA 0x80000000; NOC address 0x1000000000000000 (silicon_sysmem_manager.cpp:391)
2026-06-03 01:52:46.442 | info     |             UMD | Starting devices in cluster completed. (cluster.cpp:1052)
2026-06-03 01:52:46.930 | info     |     Distributed | Using auto discovery to generate mesh graph. (metal_env.cpp:332)
2026-06-03 01:52:46.930 | info     |     Distributed | Constructing control plane using auto-discovery (no mesh graph descriptor). (metal_env.cpp:394)
2026-06-03 01:52:46.930 | info     |             UMD | Creating TopologyDiscovery for architecture: blackhole (topology_discovery.cpp:75)
2026-06-03 01:52:46.930 | info     |             UMD | Starting topology discovery. (topology_discovery.cpp:92)
2026-06-03 01:52:46.930 | warning  |             UMD | Low power mode is disabled while UMD holds open file descriptors. The device will return to low power mode once all file descriptors are closed. (topology_discovery.cpp:143)
2026-06-03 01:52:46.930 | warning  |             UMD | KMD version 2.4.1 does not support power state management. (pci_device.cpp:1067)
2026-06-03 01:52:46.931 | info     |             UMD | Established firmware bundle version: 18.12.1 (topology_discovery.cpp:544)
2026-06-03 01:52:46.931 | info     |             UMD | Completed topology discovery. (topology_discovery.cpp:96)
2026-06-03 01:52:46.931 | warning  |          Always | Unknown motherboard 'X670E GAMING PLUS WIFI (MS-7E16)' for chip_id=0 (bus_id=0x1) — defaulting tray_id to 0. Add this motherboard and its bus IDs to mobo_to_bus_ids in physical_system_discovery.cpp. (physical_system_discovery.cpp:62)
2026-06-03 01:52:46.931 | info     |          Fabric | TopologyMapper: Logical Multi-Mesh Adjacency Map: (topology_mapper.cpp:1474)
2026-06-03 01:52:46.931 | info     |          Fabric | 
=== Logical Mesh-Level Graph Adjacency Map ===
Total nodes: 1
Degree histogram: {0:1}
 (topology_solver.tpp:94)
2026-06-03 01:52:46.931 | info     |          Fabric | 
=== Logical Mesh 0 Internal Graph Adjacency Map ===
Total nodes: 1
Degree histogram: {0:1}
 (topology_solver.tpp:94)
2026-06-03 01:52:46.931 | info     |          Fabric | TopologyMapper: Physical Multi-Mesh Adjacency Map: (topology_mapper.cpp:1485)
2026-06-03 01:52:46.931 | info     |          Fabric | 
=== Physical Mesh-Level Graph Adjacency Map ===
Total nodes: 1
Degree histogram: {0:1}
 (topology_solver.tpp:94)
2026-06-03 01:52:46.931 | info     |          Fabric | 
=== Physical Mesh 0 Internal Graph Adjacency Map ===
Total nodes: 1
Degree histogram: {0:1}
 (topology_solver.tpp:94)
2026-06-03 01:52:46.931 | info     |          Fabric | Starting multi-mesh mapping: 1 logical mesh(es) to 1 physical mesh(es) (topology_mapper_utils.cpp:1469)
2026-06-03 01:52:46.931 | info     |          Fabric | Multi-mesh mapping attempt 1/2: Trying inter-mesh mapping (topology_mapper_utils.cpp:1510)
2026-06-03 01:52:46.931 | info     |          Fabric | Attempt 1: Inter-mesh mapping succeeded, found 1 mesh pair(s) (topology_mapper_utils.cpp:1539)
2026-06-03 01:52:46.931 | info     |          Fabric | Attempt 1: Mapping 1 mesh pair(s) (topology_mapper_utils.cpp:1547)
2026-06-03 01:52:46.931 | info     |          Fabric | Attempt 1: Mapping mesh 0 -> 0 (topology_mapper_utils.cpp:1554)
2026-06-03 01:52:46.931 | info     |          Fabric | Multi-mesh mapping succeeded after 1 attempt(s): 1 mesh pair(s) mapped (topology_mapper_utils.cpp:1686)
2026-06-03 01:52:47.027 | info     |           Metal | Profiler started on device 0 (profiler_initializer.cpp:49)
2026-06-03 01:52:47.178 | info     |           Metal | ShmResourceTracker: removed stale shm '/tt_d2h_355258_1381981878_0' (shm_resource_tracker.cpp:265)
2026-06-03 01:52:47.178 | info     |           Metal | ShmResourceTracker: removed stale manifest '/dev/shm/tt_socket_manifest_355258' (shm_resource_tracker.cpp:275)
2026-06-03 01:52:47.178 | info     |           Metal | ShmResourceTracker: removed orphaned shm '/tt_device_7490744194894819707_memory' (shm_resource_tracker.cpp:282)
2026-06-03 01:52:47.765 | info     |           Metal | [Real-time profiler] Device 0 sync complete: 100 samples, frequency=1.349983 GHz, device_time_at_sync=132289881374150 cycles (realtime_profiler_manager.cpp:1082)
[JIT_WARMUP] ideal-path contexts compiled in 0.6 ms
[SORT] stage=RP P=3369033 P_kept=3369033 num_tiles=1024 max_tile_n=26496 bin=44.73 up=0.02 kernel=3.40 d2h=0.00 compact=0.00 publish=3.23 total=51.50ms
[CULL_SPLIT] pipelined (no separate Finish; cull device exec folded under the blend host-setup window; candidates=3369033)
[BLEND_SPLIT] upload+exec=0.0 readback=175.3 total=175.3 ms (resident, one Finish)
[BLEND_ADDR] cull_masks=0x12aa1280 out=0x12c7a340(sz=0x600000) tile_ids=0x54d3ec0 xramp=0x12c78340 yramp=0x12c79340 payload=0x0(sz=0x0)
2026-06-03 01:52:48.682 | info     |           Metal | Device kernel duration perf summary (device=0): count=1, min=498139330ns, avg=498139330.0ns, max=498139330ns (profiler_analysis.cpp:652)
2026-06-03 01:52:48.682 | info     |           Metal | Device kernel duration perf histogram (device=0): (buckets=10, bucket_size=100ns, range=[498139300..498140300), underflow(<498139300ns)=0, overflow(>=498140300ns)=0) (profiler_analysis.cpp:695)
2026-06-03 01:52:48.682 | info     |           Metal |   [   498139300 ..    498139400) |########################################|        1 (profiler_analysis.cpp:700)
2026-06-03 01:52:48.682 | info     |           Metal |   [   498139400 ..    498139500) |                                        |        0 (profiler_analysis.cpp:700)
2026-06-03 01:52:48.682 | info     |           Metal |   [   498139500 ..    498139600) |                                        |        0 (profiler_analysis.cpp:700)
2026-06-03 01:52:48.682 | info     |           Metal |   [   498139600 ..    498139700) |                                        |        0 (profiler_analysis.cpp:700)
2026-06-03 01:52:48.682 | info     |           Metal |   [   498139700 ..    498139800) |                                        |        0 (profiler_analysis.cpp:700)
2026-06-03 01:52:48.682 | info     |           Metal |   [   498139800 ..    498139900) |                                        |        0 (profiler_analysis.cpp:700)
2026-06-03 01:52:48.682 | info     |           Metal |   [   498139900 ..    498140000) |                                        |        0 (profiler_analysis.cpp:700)
2026-06-03 01:52:48.682 | info     |           Metal |   [   498140000 ..    498140100) |                                        |        0 (profiler_analysis.cpp:700)
2026-06-03 01:52:48.682 | info     |           Metal |   [   498140100 ..    498140200) |                                        |        0 (profiler_analysis.cpp:700)
2026-06-03 01:52:48.682 | info     |           Metal |   [   498140200 ..    498140300) |                                        |        0 (profiler_analysis.cpp:700)
[SORT] stage=RP P=3369033 P_kept=3369033 num_tiles=1024 max_tile_n=26496 bin=42.73 up=0.02 kernel=0.02 d2h=0.00 compact=0.00 publish=0.02 total=42.87ms
[CULL_SPLIT] pipelined (no separate Finish; cull device exec folded under the blend host-setup window; candidates=3369033)
[BLEND_SPLIT] upload+exec=0.0 readback=183.8 total=183.8 ms (resident, one Finish)
[BLEND_ADDR] cull_masks=0x12aa1280 out=0x12c7a340(sz=0x600000) tile_ids=0x54d3ec0 xramp=0x12c78340 yramp=0x12c79340 payload=0x0(sz=0x0)
2026-06-03 01:52:48.995 | info     |           Metal | Device kernel duration perf summary (device=0): count=1, min=290447864ns, avg=290447864.0ns, max=290447864ns (profiler_analysis.cpp:652)
2026-06-03 01:52:48.995 | info     |           Metal | Device kernel duration perf histogram (device=0): (buckets=10, bucket_size=100ns, range=[290447800..290448800), underflow(<290447800ns)=0, overflow(>=290448800ns)=0) (profiler_analysis.cpp:695)
2026-06-03 01:52:48.995 | info     |           Metal |   [   290447800 ..    290447900) |########################################|        1 (profiler_analysis.cpp:700)
2026-06-03 01:52:48.995 | info     |           Metal |   [   290447900 ..    290448000) |                                        |        0 (profiler_analysis.cpp:700)
2026-06-03 01:52:48.995 | info     |           Metal |   [   290448000 ..    290448100) |                                        |        0 (profiler_analysis.cpp:700)
2026-06-03 01:52:48.995 | info     |           Metal |   [   290448100 ..    290448200) |                                        |        0 (profiler_analysis.cpp:700)
2026-06-03 01:52:48.995 | info     |           Metal |   [   290448200 ..    290448300) |                                        |        0 (profiler_analysis.cpp:700)
2026-06-03 01:52:48.995 | info     |           Metal |   [   290448300 ..    290448400) |                                        |        0 (profiler_analysis.cpp:700)
2026-06-03 01:52:48.995 | info     |           Metal |   [   290448400 ..    290448500) |                                        |        0 (profiler_analysis.cpp:700)
2026-06-03 01:52:48.995 | info     |           Metal |   [   290448500 ..    290448600) |                                        |        0 (profiler_analysis.cpp:700)
2026-06-03 01:52:48.995 | info     |           Metal |   [   290448600 ..    290448700) |                                        |        0 (profiler_analysis.cpp:700)
2026-06-03 01:52:48.995 | info     |           Metal |   [   290448700 ..    290448800) |                                        |        0 (profiler_analysis.cpp:700)
[SORT] stage=RP P=2774729 P_kept=2774729 num_tiles=1024 max_tile_n=25136 bin=35.09 up=0.02 kernel=0.02 d2h=0.00 compact=0.00 publish=0.02 total=35.22ms
[CULL_SPLIT] pipelined (no separate Finish; cull device exec folded under the blend host-setup window; candidates=2774729)
[BLEND_SPLIT] upload+exec=0.0 readback=161.4 total=161.4 ms (resident, one Finish)
[BLEND_ADDR] cull_masks=0x12aa1280 out=0x12c7a340(sz=0x600000) tile_ids=0x54d3ec0 xramp=0x12c78340 yramp=0x12c79340 payload=0x0(sz=0x0)
2026-06-03 01:52:49.272 | info     |           Metal | Device kernel duration perf summary (device=0): count=1, min=251199056ns, avg=251199056.0ns, max=251199056ns (profiler_analysis.cpp:652)
2026-06-03 01:52:49.272 | info     |           Metal | Device kernel duration perf histogram (device=0): (buckets=10, bucket_size=100ns, range=[251199000..251200000), underflow(<251199000ns)=0, overflow(>=251200000ns)=0) (profiler_analysis.cpp:695)
2026-06-03 01:52:49.272 | info     |           Metal |   [   251199000 ..    251199100) |########################################|        1 (profiler_analysis.cpp:700)
2026-06-03 01:52:49.272 | info     |           Metal |   [   251199100 ..    251199200) |                                        |        0 (profiler_analysis.cpp:700)
2026-06-03 01:52:49.272 | info     |           Metal |   [   251199200 ..    251199300) |                                        |        0 (profiler_analysis.cpp:700)
2026-06-03 01:52:49.272 | info     |           Metal |   [   251199300 ..    251199400) |                                        |        0 (profiler_analysis.cpp:700)
2026-06-03 01:52:49.272 | info     |           Metal |   [   251199400 ..    251199500) |                                        |        0 (profiler_analysis.cpp:700)
2026-06-03 01:52:49.272 | info     |           Metal |   [   251199500 ..    251199600) |                                        |        0 (profiler_analysis.cpp:700)
2026-06-03 01:52:49.272 | info     |           Metal |   [   251199600 ..    251199700) |                                        |        0 (profiler_analysis.cpp:700)
2026-06-03 01:52:49.272 | info     |           Metal |   [   251199700 ..    251199800) |                                        |        0 (profiler_analysis.cpp:700)
2026-06-03 01:52:49.272 | info     |           Metal |   [   251199800 ..    251199900) |                                        |        0 (profiler_analysis.cpp:700)
2026-06-03 01:52:49.272 | info     |           Metal |   [   251199900 ..    251200000) |                                        |        0 (profiler_analysis.cpp:700)
[SORT] stage=RP P=3235251 P_kept=3235251 num_tiles=1024 max_tile_n=22592 bin=40.80 up=0.02 kernel=0.02 d2h=0.00 compact=0.00 publish=0.02 total=40.95ms
[CULL_SPLIT] pipelined (no separate Finish; cull device exec folded under the blend host-setup window; candidates=3235251)
2026-06-03 01:52:49.568 | info     |           Metal | Device kernel duration perf summary (device=0): count=1, min=270985671ns, avg=270985671.0ns, max=270985671ns (profiler_analysis.cpp:652)
2026-06-03 01:52:49.568 | info     |           Metal | Device kernel duration perf histogram (device=0): (buckets=10, bucket_size=100ns, range=[270985600..270986600), underflow(<270985600ns)=0, overflow(>=270986600ns)=0) (profiler_analysis.cpp:695)
2026-06-03 01:52:49.568 | info     |           Metal |   [   270985600 ..    270985700) |########################################|        1 (profiler_analysis.cpp:700)
2026-06-03 01:52:49.568 | info     |           Metal |   [   270985700 ..    270985800) |                                        |        0 (profiler_analysis.cpp:700)
2026-06-03 01:52:49.568 | info     |           Metal |   [   270985800 ..    270985900) |                                        |        0 (profiler_analysis.cpp:700)
2026-06-03 01:52:49.568 | info     |           Metal |   [   270985900 ..    270986000) |                                        |        0 (profiler_analysis.cpp:700)
2026-06-03 01:52:49.568 | info     |           Metal |   [   270986000 ..    270986100) |                                        |        0 (profiler_analysis.cpp:700)
2026-06-03 01:52:49.568 | info     |           Metal |   [   270986100 ..    270986200) |                                        |        0 (profiler_analysis.cpp:700)
2026-06-03 01:52:49.568 | info     |           Metal |   [   270986200 ..    270986300) |                                        |        0 (profiler_analysis.cpp:700)
2026-06-03 01:52:49.568 | info     |           Metal |   [   270986300 ..    270986400) |                                        |        0 (profiler_analysis.cpp:700)
2026-06-03 01:52:49.568 | info     |           Metal |   [   270986400 ..    270986500) |                                        |        0 (profiler_analysis.cpp:700)
2026-06-03 01:52:49.568 | info     |           Metal |   [   270986500 ..    270986600) |                                        |        0 (profiler_analysis.cpp:700)
[BLEND_SPLIT] upload+exec=0.0 readback=169.2 total=169.2 ms (resident, one Finish)
[BLEND_ADDR] cull_masks=0x12aa1280 out=0x12c7a340(sz=0x600000) tile_ids=0x54d3ec0 xramp=0x12c78340 yramp=0x12c79340 payload=0x0(sz=0x0)
[SORT] stage=RP P=1753355 P_kept=1753355 num_tiles=1024 max_tile_n=21360 bin=24.40 up=0.02 kernel=0.03 d2h=0.00 compact=0.00 publish=0.02 total=24.54ms
[CULL_SPLIT] pipelined (no separate Finish; cull device exec folded under the blend host-setup window; candidates=1753355)
2026-06-03 01:52:49.785 | info     |           Metal | Device kernel duration perf summary (device=0): count=1, min=194482025ns, avg=194482025.0ns, max=194482025ns (profiler_analysis.cpp:652)
2026-06-03 01:52:49.785 | info     |           Metal | Device kernel duration perf histogram (device=0): (buckets=10, bucket_size=100ns, range=[194482000..194483000), underflow(<194482000ns)=0, overflow(>=194483000ns)=0) (profiler_analysis.cpp:695)
2026-06-03 01:52:49.785 | info     |           Metal |   [   194482000 ..    194482100) |########################################|        1 (profiler_analysis.cpp:700)
2026-06-03 01:52:49.785 | info     |           Metal |   [   194482100 ..    194482200) |                                        |        0 (profiler_analysis.cpp:700)
2026-06-03 01:52:49.785 | info     |           Metal |   [   194482200 ..    194482300) |                                        |        0 (profiler_analysis.cpp:700)
2026-06-03 01:52:49.785 | info     |           Metal |   [   194482300 ..    194482400) |                                        |        0 (profiler_analysis.cpp:700)
2026-06-03 01:52:49.785 | info     |           Metal |   [   194482400 ..    194482500) |                                        |        0 (profiler_analysis.cpp:700)
2026-06-03 01:52:49.785 | info     |           Metal |   [   194482500 ..    194482600) |                                        |        0 (profiler_analysis.cpp:700)
2026-06-03 01:52:49.785 | info     |           Metal |   [   194482600 ..    194482700) |                                        |        0 (profiler_analysis.cpp:700)
2026-06-03 01:52:49.785 | info     |           Metal |   [   194482700 ..    194482800) |                                        |        0 (profiler_analysis.cpp:700)
2026-06-03 01:52:49.785 | info     |           Metal |   [   194482800 ..    194482900) |                                        |        0 (profiler_analysis.cpp:700)
2026-06-03 01:52:49.785 | info     |           Metal |   [   194482900 ..    194483000) |                                        |        0 (profiler_analysis.cpp:700)
[BLEND_SPLIT] upload+exec=0.0 readback=127.1 total=127.1 ms (resident, one Finish)
[BLEND_ADDR] cull_masks=0x12aa1280 out=0x12c7a340(sz=0x600000) tile_ids=0x54d3ec0 xramp=0x12c78340 yramp=0x12c79340 payload=0x0(sz=0x0)
[SORT] stage=RP P=934247 P_kept=934247 num_tiles=1024 max_tile_n=5248 bin=14.62 up=0.02 kernel=0.02 d2h=0.00 compact=0.00 publish=0.02 total=14.79ms
[CULL_SPLIT] pipelined (no separate Finish; cull device exec folded under the blend host-setup window; candidates=934247)
[BLEND_SPLIT] upload+exec=0.0 readback=41.5 total=41.5 ms (resident, one Finish)
[BLEND_ADDR] cull_masks=0x12aa1280 out=0x12c7a340(sz=0x600000) tile_ids=0x54d3ec0 xramp=0x12c78340 yramp=0x12c79340 payload=0x0(sz=0x0)
2026-06-03 01:52:50.335 | info     |           Metal | Device kernel duration perf summary (device=0): count=1, min=524499997ns, avg=524499997.0ns, max=524499997ns (profiler_analysis.cpp:652)
2026-06-03 01:52:50.335 | info     |           Metal | Device kernel duration perf histogram (device=0): (buckets=10, bucket_size=100ns, range=[524499900..524500900), underflow(<524499900ns)=0, overflow(>=524500900ns)=0) (profiler_analysis.cpp:695)
2026-06-03 01:52:50.335 | info     |           Metal |   [   524499900 ..    524500000) |########################################|        1 (profiler_analysis.cpp:700)
2026-06-03 01:52:50.335 | info     |           Metal |   [   524500000 ..    524500100) |                                        |        0 (profiler_analysis.cpp:700)
2026-06-03 01:52:50.335 | info     |           Metal |   [   524500100 ..    524500200) |                                        |        0 (profiler_analysis.cpp:700)
2026-06-03 01:52:50.335 | info     |           Metal |   [   524500200 ..    524500300) |                                        |        0 (profiler_analysis.cpp:700)
2026-06-03 01:52:50.335 | info     |           Metal |   [   524500300 ..    524500400) |                                        |        0 (profiler_analysis.cpp:700)
2026-06-03 01:52:50.335 | info     |           Metal |   [   524500400 ..    524500500) |                                        |        0 (profiler_analysis.cpp:700)
2026-06-03 01:52:50.335 | info     |           Metal |   [   524500500 ..    524500600) |                                        |        0 (profiler_analysis.cpp:700)
2026-06-03 01:52:50.335 | info     |           Metal |   [   524500600 ..    524500700) |                                        |        0 (profiler_analysis.cpp:700)
2026-06-03 01:52:50.335 | info     |           Metal |   [   524500700 ..    524500800) |                                        |        0 (profiler_analysis.cpp:700)
2026-06-03 01:52:50.335 | info     |           Metal |   [   524500800 ..    524500900) |                                        |        0 (profiler_analysis.cpp:700)
[SORT] stage=RP P=1124461 P_kept=1124461 num_tiles=1024 max_tile_n=6544 bin=16.61 up=0.02 kernel=0.02 d2h=0.00 compact=0.00 publish=0.02 total=16.75ms
[CULL_SPLIT] pipelined (no separate Finish; cull device exec folded under the blend host-setup window; candidates=1124461)
2026-06-03 01:52:50.465 | info     |           Metal | Device kernel duration perf summary (device=0): count=1, min=105735819ns, avg=105735819.0ns, max=105735819ns (profiler_analysis.cpp:652)
2026-06-03 01:52:50.465 | info     |           Metal | Device kernel duration perf histogram (device=0): (buckets=10, bucket_size=100ns, range=[105735800..105736800), underflow(<105735800ns)=0, overflow(>=105736800ns)=0) (profiler_analysis.cpp:695)
2026-06-03 01:52:50.465 | info     |           Metal |   [   105735800 ..    105735900) |########################################|        1 (profiler_analysis.cpp:700)
2026-06-03 01:52:50.465 | info     |           Metal |   [   105735900 ..    105736000) |                                        |        0 (profiler_analysis.cpp:700)
2026-06-03 01:52:50.465 | info     |           Metal |   [   105736000 ..    105736100) |                                        |        0 (profiler_analysis.cpp:700)
2026-06-03 01:52:50.465 | info     |           Metal |   [   105736100 ..    105736200) |                                        |        0 (profiler_analysis.cpp:700)
2026-06-03 01:52:50.465 | info     |           Metal |   [   105736200 ..    105736300) |                                        |        0 (profiler_analysis.cpp:700)
2026-06-03 01:52:50.465 | info     |           Metal |   [   105736300 ..    105736400) |                                        |        0 (profiler_analysis.cpp:700)
2026-06-03 01:52:50.465 | info     |           Metal |   [   105736400 ..    105736500) |                                        |        0 (profiler_analysis.cpp:700)
2026-06-03 01:52:50.465 | info     |           Metal |   [   105736500 ..    105736600) |                                        |        0 (profiler_analysis.cpp:700)
2026-06-03 01:52:50.465 | info     |           Metal |   [   105736600 ..    105736700) |                                        |        0 (profiler_analysis.cpp:700)
2026-06-03 01:52:50.465 | info     |           Metal |   [   105736700 ..    105736800) |                                        |        0 (profiler_analysis.cpp:700)
[BLEND_SPLIT] upload+exec=0.0 readback=47.8 total=47.8 ms (resident, one Finish)
[BLEND_ADDR] cull_masks=0x12aa1280 out=0x12c7a340(sz=0x600000) tile_ids=0x54d3ec0 xramp=0x12c78340 yramp=0x12c79340 payload=0x0(sz=0x0)
[SORT] stage=RP P=835298 P_kept=835298 num_tiles=1024 max_tile_n=5536 bin=13.48 up=0.02 kernel=0.02 d2h=0.00 compact=0.00 publish=0.02 total=13.61ms
[CULL_SPLIT] pipelined (no separate Finish; cull device exec folded under the blend host-setup window; candidates=835298)
2026-06-03 01:52:50.577 | info     |           Metal | Device kernel duration perf summary (device=0): count=1, min=87567826ns, avg=87567826.0ns, max=87567826ns (profiler_analysis.cpp:652)
2026-06-03 01:52:50.577 | info     |           Metal | Device kernel duration perf histogram (device=0): (buckets=10, bucket_size=100ns, range=[87567800..87568800), underflow(<87567800ns)=0, overflow(>=87568800ns)=0) (profiler_analysis.cpp:695)
2026-06-03 01:52:50.577 | info     |           Metal |   [    87567800 ..     87567900) |########################################|        1 (profiler_analysis.cpp:700)
2026-06-03 01:52:50.577 | info     |           Metal |   [    87567900 ..     87568000) |                                        |        0 (profiler_analysis.cpp:700)
2026-06-03 01:52:50.577 | info     |           Metal |   [    87568000 ..     87568100) |                                        |        0 (profiler_analysis.cpp:700)
2026-06-03 01:52:50.577 | info     |           Metal |   [    87568100 ..     87568200) |                                        |        0 (profiler_analysis.cpp:700)
2026-06-03 01:52:50.577 | info     |           Metal |   [    87568200 ..     87568300) |                                        |        0 (profiler_analysis.cpp:700)
2026-06-03 01:52:50.577 | info     |           Metal |   [    87568300 ..     87568400) |                                        |        0 (profiler_analysis.cpp:700)
2026-06-03 01:52:50.577 | info     |           Metal |   [    87568400 ..     87568500) |                                        |        0 (profiler_analysis.cpp:700)
2026-06-03 01:52:50.577 | info     |           Metal |   [    87568500 ..     87568600) |                                        |        0 (profiler_analysis.cpp:700)
2026-06-03 01:52:50.577 | info     |           Metal |   [    87568600 ..     87568700) |                                        |        0 (profiler_analysis.cpp:700)
2026-06-03 01:52:50.577 | info     |           Metal |   [    87568700 ..     87568800) |                                        |        0 (profiler_analysis.cpp:700)
[BLEND_SPLIT] upload+exec=0.0 readback=38.4 total=38.4 ms (resident, one Finish)
[BLEND_ADDR] cull_masks=0x12aa1280 out=0x12c7a340(sz=0x600000) tile_ids=0x54d3ec0 xramp=0x12c78340 yramp=0x12c79340 payload=0x0(sz=0x0)
[SORT] stage=RP P=1067596 P_kept=1067596 num_tiles=1024 max_tile_n=5104 bin=14.81 up=0.02 kernel=0.03 d2h=0.00 compact=0.00 publish=0.02 total=14.95ms
[CULL_SPLIT] pipelined (no separate Finish; cull device exec folded under the blend host-setup window; candidates=1067596)
2026-06-03 01:52:50.697 | info     |           Metal | Device kernel duration perf summary (device=0): count=1, min=95103244ns, avg=95103244.0ns, max=95103244ns (profiler_analysis.cpp:652)
2026-06-03 01:52:50.697 | info     |           Metal | Device kernel duration perf histogram (device=0): (buckets=10, bucket_size=100ns, range=[95103200..95104200), underflow(<95103200ns)=0, overflow(>=95104200ns)=0) (profiler_analysis.cpp:695)
2026-06-03 01:52:50.697 | info     |           Metal |   [    95103200 ..     95103300) |########################################|        1 (profiler_analysis.cpp:700)
2026-06-03 01:52:50.697 | info     |           Metal |   [    95103300 ..     95103400) |                                        |        0 (profiler_analysis.cpp:700)
2026-06-03 01:52:50.697 | info     |           Metal |   [    95103400 ..     95103500) |                                        |        0 (profiler_analysis.cpp:700)
2026-06-03 01:52:50.697 | info     |           Metal |   [    95103500 ..     95103600) |                                        |        0 (profiler_analysis.cpp:700)
2026-06-03 01:52:50.697 | info     |           Metal |   [    95103600 ..     95103700) |                                        |        0 (profiler_analysis.cpp:700)
2026-06-03 01:52:50.697 | info     |           Metal |   [    95103700 ..     95103800) |                                        |        0 (profiler_analysis.cpp:700)
2026-06-03 01:52:50.697 | info     |           Metal |   [    95103800 ..     95103900) |                                        |        0 (profiler_analysis.cpp:700)
2026-06-03 01:52:50.697 | info     |           Metal |   [    95103900 ..     95104000) |                                        |        0 (profiler_analysis.cpp:700)
2026-06-03 01:52:50.697 | info     |           Metal |   [    95104000 ..     95104100) |                                        |        0 (profiler_analysis.cpp:700)
2026-06-03 01:52:50.697 | info     |           Metal |   [    95104100 ..     95104200) |                                        |        0 (profiler_analysis.cpp:700)
[BLEND_SPLIT] upload+exec=0.0 readback=44.1 total=44.1 ms (resident, one Finish)
[BLEND_ADDR] cull_masks=0x12aa1280 out=0x12c7a340(sz=0x600000) tile_ids=0x54d3ec0 xramp=0x12c78340 yramp=0x12c79340 payload=0x0(sz=0x0)
[SORT] stage=RP P=1024763 P_kept=1024763 num_tiles=1024 max_tile_n=4672 bin=14.65 up=0.02 kernel=0.02 d2h=0.00 compact=0.00 publish=0.02 total=14.79ms
[CULL_SPLIT] pipelined (no separate Finish; cull device exec folded under the blend host-setup window; candidates=1024763)
2026-06-03 01:52:50.814 | info     |           Metal | Device kernel duration perf summary (device=0): count=1, min=92996678ns, avg=92996678.0ns, max=92996678ns (profiler_analysis.cpp:652)
2026-06-03 01:52:50.814 | info     |           Metal | Device kernel duration perf histogram (device=0): (buckets=10, bucket_size=100ns, range=[92996600..92997600), underflow(<92996600ns)=0, overflow(>=92997600ns)=0) (profiler_analysis.cpp:695)
2026-06-03 01:52:50.814 | info     |           Metal |   [    92996600 ..     92996700) |########################################|        1 (profiler_analysis.cpp:700)
2026-06-03 01:52:50.814 | info     |           Metal |   [    92996700 ..     92996800) |                                        |        0 (profiler_analysis.cpp:700)
2026-06-03 01:52:50.814 | info     |           Metal |   [    92996800 ..     92996900) |                                        |        0 (profiler_analysis.cpp:700)
2026-06-03 01:52:50.814 | info     |           Metal |   [    92996900 ..     92997000) |                                        |        0 (profiler_analysis.cpp:700)
2026-06-03 01:52:50.814 | info     |           Metal |   [    92997000 ..     92997100) |                                        |        0 (profiler_analysis.cpp:700)
2026-06-03 01:52:50.814 | info     |           Metal |   [    92997100 ..     92997200) |                                        |        0 (profiler_analysis.cpp:700)
2026-06-03 01:52:50.814 | info     |           Metal |   [    92997200 ..     92997300) |                                        |        0 (profiler_analysis.cpp:700)
2026-06-03 01:52:50.814 | info     |           Metal |   [    92997300 ..     92997400) |                                        |        0 (profiler_analysis.cpp:700)
2026-06-03 01:52:50.814 | info     |           Metal |   [    92997400 ..     92997500) |                                        |        0 (profiler_analysis.cpp:700)
2026-06-03 01:52:50.814 | info     |           Metal |   [    92997500 ..     92997600) |                                        |        0 (profiler_analysis.cpp:700)
[BLEND_SPLIT] upload+exec=0.0 readback=42.7 total=42.7 ms (resident, one Finish)
[BLEND_ADDR] cull_masks=0x12aa1280 out=0x12c7a340(sz=0x600000) tile_ids=0x54d3ec0 xramp=0x12c78340 yramp=0x12c79340 payload=0x0(sz=0x0)
[SORT] stage=RP P=779787 P_kept=779787 num_tiles=1024 max_tile_n=3616 bin=13.16 up=0.02 kernel=0.02 d2h=0.00 compact=0.00 publish=0.02 total=13.29ms
[CULL_SPLIT] pipelined (no separate Finish; cull device exec folded under the blend host-setup window; candidates=779787)
[BLEND_SPLIT] upload+exec=0.0 readback=34.5 total=34.5 ms (resident, one Finish)
[BLEND_ADDR] cull_masks=0x12aa1280 out=0x12c7a340(sz=0x600000) tile_ids=0x54d3ec0 xramp=0x12c78340 yramp=0x12c79340 payload=0x0(sz=0x0)
2026-06-03 01:52:50.918 | info     |           Metal | Device kernel duration perf summary (device=0): count=1, min=80207488ns, avg=80207488.0ns, max=80207488ns (profiler_analysis.cpp:652)
2026-06-03 01:52:50.918 | info     |           Metal | Device kernel duration perf histogram (device=0): (buckets=10, bucket_size=100ns, range=[80207400..80208400), underflow(<80207400ns)=0, overflow(>=80208400ns)=0) (profiler_analysis.cpp:695)
2026-06-03 01:52:50.918 | info     |           Metal |   [    80207400 ..     80207500) |########################################|        1 (profiler_analysis.cpp:700)
2026-06-03 01:52:50.918 | info     |           Metal |   [    80207500 ..     80207600) |                                        |        0 (profiler_analysis.cpp:700)
2026-06-03 01:52:50.918 | info     |           Metal |   [    80207600 ..     80207700) |                                        |        0 (profiler_analysis.cpp:700)
2026-06-03 01:52:50.918 | info     |           Metal |   [    80207700 ..     80207800) |                                        |        0 (profiler_analysis.cpp:700)
2026-06-03 01:52:50.918 | info     |           Metal |   [    80207800 ..     80207900) |                                        |        0 (profiler_analysis.cpp:700)
2026-06-03 01:52:50.918 | info     |           Metal |   [    80207900 ..     80208000) |                                        |        0 (profiler_analysis.cpp:700)
2026-06-03 01:52:50.918 | info     |           Metal |   [    80208000 ..     80208100) |                                        |        0 (profiler_analysis.cpp:700)
2026-06-03 01:52:50.918 | info     |           Metal |   [    80208100 ..     80208200) |                                        |        0 (profiler_analysis.cpp:700)
2026-06-03 01:52:50.918 | info     |           Metal |   [    80208200 ..     80208300) |                                        |        0 (profiler_analysis.cpp:700)
2026-06-03 01:52:50.918 | info     |           Metal |   [    80208300 ..     80208400) |                                        |        0 (profiler_analysis.cpp:700)
[SORT] stage=RP P=402318 P_kept=402318 num_tiles=1024 max_tile_n=2704 bin=7.78 up=0.02 kernel=0.02 d2h=0.00 compact=0.00 publish=0.02 total=7.91ms
[CULL_SPLIT] pipelined (no separate Finish; cull device exec folded under the blend host-setup window; candidates=402318)
2026-06-03 01:52:51.003 | info     |           Metal | Device kernel duration perf summary (device=0): count=1, min=60731896ns, avg=60731896.0ns, max=60731896ns (profiler_analysis.cpp:652)
2026-06-03 01:52:51.003 | info     |           Metal | Device kernel duration perf histogram (device=0): (buckets=10, bucket_size=100ns, range=[60731800..60732800), underflow(<60731800ns)=0, overflow(>=60732800ns)=0) (profiler_analysis.cpp:695)
2026-06-03 01:52:51.003 | info     |           Metal |   [    60731800 ..     60731900) |########################################|        1 (profiler_analysis.cpp:700)
2026-06-03 01:52:51.003 | info     |           Metal |   [    60731900 ..     60732000) |                                        |        0 (profiler_analysis.cpp:700)
2026-06-03 01:52:51.003 | info     |           Metal |   [    60732000 ..     60732100) |                                        |        0 (profiler_analysis.cpp:700)
2026-06-03 01:52:51.003 | info     |           Metal |   [    60732100 ..     60732200) |                                        |        0 (profiler_analysis.cpp:700)
2026-06-03 01:52:51.003 | info     |           Metal |   [    60732200 ..     60732300) |                                        |        0 (profiler_analysis.cpp:700)
2026-06-03 01:52:51.003 | info     |           Metal |   [    60732300 ..     60732400) |                                        |        0 (profiler_analysis.cpp:700)
2026-06-03 01:52:51.003 | info     |           Metal |   [    60732400 ..     60732500) |                                        |        0 (profiler_analysis.cpp:700)
2026-06-03 01:52:51.003 | info     |           Metal |   [    60732500 ..     60732600) |                                        |        0 (profiler_analysis.cpp:700)
2026-06-03 01:52:51.003 | info     |           Metal |   [    60732600 ..     60732700) |                                        |        0 (profiler_analysis.cpp:700)
2026-06-03 01:52:51.003 | info     |           Metal |   [    60732700 ..     60732800) |                                        |        0 (profiler_analysis.cpp:700)
[BLEND_SPLIT] upload+exec=0.0 readback=21.4 total=21.4 ms (resident, one Finish)
[BLEND_ADDR] cull_masks=0x12aa1280 out=0x12c7a340(sz=0x600000) tile_ids=0x54d3ec0 xramp=0x12c78340 yramp=0x12c79340 payload=0x0(sz=0x0)
[SORT] stage=RP P=638458 P_kept=638458 num_tiles=1024 max_tile_n=3360 bin=11.85 up=0.02 kernel=0.02 d2h=0.00 compact=0.00 publish=0.02 total=11.98ms
[CULL_SPLIT] pipelined (no separate Finish; cull device exec folded under the blend host-setup window; candidates=638458)
2026-06-03 01:52:51.111 | info     |           Metal | Device kernel duration perf summary (device=0): count=1, min=77884943ns, avg=77884943.0ns, max=77884943ns (profiler_analysis.cpp:652)
2026-06-03 01:52:51.111 | info     |           Metal | Device kernel duration perf histogram (device=0): (buckets=10, bucket_size=100ns, range=[77884900..77885900), underflow(<77884900ns)=0, overflow(>=77885900ns)=0) (profiler_analysis.cpp:695)
2026-06-03 01:52:51.111 | info     |           Metal |   [    77884900 ..     77885000) |########################################|        1 (profiler_analysis.cpp:700)
2026-06-03 01:52:51.111 | info     |           Metal |   [    77885000 ..     77885100) |                                        |        0 (profiler_analysis.cpp:700)
2026-06-03 01:52:51.111 | info     |           Metal |   [    77885100 ..     77885200) |                                        |        0 (profiler_analysis.cpp:700)
2026-06-03 01:52:51.111 | info     |           Metal |   [    77885200 ..     77885300) |                                        |        0 (profiler_analysis.cpp:700)
2026-06-03 01:52:51.111 | info     |           Metal |   [    77885300 ..     77885400) |                                        |        0 (profiler_analysis.cpp:700)
2026-06-03 01:52:51.111 | info     |           Metal |   [    77885400 ..     77885500) |                                        |        0 (profiler_analysis.cpp:700)
2026-06-03 01:52:51.111 | info     |           Metal |   [    77885500 ..     77885600) |                                        |        0 (profiler_analysis.cpp:700)
2026-06-03 01:52:51.111 | info     |           Metal |   [    77885600 ..     77885700) |                                        |        0 (profiler_analysis.cpp:700)
2026-06-03 01:52:51.111 | info     |           Metal |   [    77885700 ..     77885800) |                                        |        0 (profiler_analysis.cpp:700)
2026-06-03 01:52:51.111 | info     |           Metal |   [    77885800 ..     77885900) |                                        |        0 (profiler_analysis.cpp:700)
[BLEND_SPLIT] upload+exec=0.0 readback=30.9 total=30.9 ms (resident, one Finish)
[BLEND_ADDR] cull_masks=0x12aa1280 out=0x12c7a340(sz=0x600000) tile_ids=0x54d3ec0 xramp=0x12c78340 yramp=0x12c79340 payload=0x0(sz=0x0)
[SORT] stage=RP P=486800 P_kept=486800 num_tiles=1024 max_tile_n=3952 bin=10.27 up=0.02 kernel=0.03 d2h=0.00 compact=0.00 publish=0.02 total=10.41ms
[CULL_SPLIT] pipelined (no separate Finish; cull device exec folded under the blend host-setup window; candidates=486800)
2026-06-03 01:52:51.204 | info     |           Metal | Device kernel duration perf summary (device=0): count=1, min=66071120ns, avg=66071120.0ns, max=66071120ns (profiler_analysis.cpp:652)
2026-06-03 01:52:51.204 | info     |           Metal | Device kernel duration perf histogram (device=0): (buckets=10, bucket_size=100ns, range=[66071100..66072100), underflow(<66071100ns)=0, overflow(>=66072100ns)=0) (profiler_analysis.cpp:695)
2026-06-03 01:52:51.204 | info     |           Metal |   [    66071100 ..     66071200) |########################################|        1 (profiler_analysis.cpp:700)
2026-06-03 01:52:51.204 | info     |           Metal |   [    66071200 ..     66071300) |                                        |        0 (profiler_analysis.cpp:700)
2026-06-03 01:52:51.204 | info     |           Metal |   [    66071300 ..     66071400) |                                        |        0 (profiler_analysis.cpp:700)
2026-06-03 01:52:51.204 | info     |           Metal |   [    66071400 ..     66071500) |                                        |        0 (profiler_analysis.cpp:700)
2026-06-03 01:52:51.204 | info     |           Metal |   [    66071500 ..     66071600) |                                        |        0 (profiler_analysis.cpp:700)
2026-06-03 01:52:51.204 | info     |           Metal |   [    66071600 ..     66071700) |                                        |        0 (profiler_analysis.cpp:700)
2026-06-03 01:52:51.204 | info     |           Metal |   [    66071700 ..     66071800) |                                        |        0 (profiler_analysis.cpp:700)
2026-06-03 01:52:51.204 | info     |           Metal |   [    66071800 ..     66071900) |                                        |        0 (profiler_analysis.cpp:700)
2026-06-03 01:52:51.204 | info     |           Metal |   [    66071900 ..     66072000) |                                        |        0 (profiler_analysis.cpp:700)
2026-06-03 01:52:51.204 | info     |           Metal |   [    66072000 ..     66072100) |                                        |        0 (profiler_analysis.cpp:700)
[BLEND_SPLIT] upload+exec=0.0 readback=25.9 total=25.9 ms (resident, one Finish)
[BLEND_ADDR] cull_masks=0x12aa1280 out=0x12c7a340(sz=0x600000) tile_ids=0x54d3ec0 xramp=0x12c78340 yramp=0x12c79340 payload=0x0(sz=0x0)
[SORT] stage=RP P=602411 P_kept=602411 num_tiles=1024 max_tile_n=4432 bin=10.16 up=0.02 kernel=0.02 d2h=0.00 compact=0.00 publish=0.02 total=10.33ms
[CULL_SPLIT] pipelined (no separate Finish; cull device exec folded under the blend host-setup window; candidates=602411)
[BLEND_SPLIT] upload+exec=0.0 readback=29.9 total=29.9 ms (resident, one Finish)
[BLEND_ADDR] cull_masks=0x12aa1280 out=0x12c7a340(sz=0x600000) tile_ids=0x54d3ec0 xramp=0x12c78340 yramp=0x12c79340 payload=0x0(sz=0x0)
2026-06-03 01:52:51.434 | info     |           Metal | Device kernel duration perf summary (device=0): count=1, min=204489262ns, avg=204489262.0ns, max=204489262ns (profiler_analysis.cpp:652)
2026-06-03 01:52:51.434 | info     |           Metal | Device kernel duration perf histogram (device=0): (buckets=10, bucket_size=100ns, range=[204489200..204490200), underflow(<204489200ns)=0, overflow(>=204490200ns)=0) (profiler_analysis.cpp:695)
2026-06-03 01:52:51.434 | info     |           Metal |   [   204489200 ..    204489300) |########################################|        1 (profiler_analysis.cpp:700)
2026-06-03 01:52:51.434 | info     |           Metal |   [   204489300 ..    204489400) |                                        |        0 (profiler_analysis.cpp:700)
2026-06-03 01:52:51.434 | info     |           Metal |   [   204489400 ..    204489500) |                                        |        0 (profiler_analysis.cpp:700)
2026-06-03 01:52:51.434 | info     |           Metal |   [   204489500 ..    204489600) |                                        |        0 (profiler_analysis.cpp:700)
2026-06-03 01:52:51.434 | info     |           Metal |   [   204489600 ..    204489700) |                                        |        0 (profiler_analysis.cpp:700)
2026-06-03 01:52:51.434 | info     |           Metal |   [   204489700 ..    204489800) |                                        |        0 (profiler_analysis.cpp:700)
2026-06-03 01:52:51.434 | info     |           Metal |   [   204489800 ..    204489900) |                                        |        0 (profiler_analysis.cpp:700)
2026-06-03 01:52:51.434 | info     |           Metal |   [   204489900 ..    204490000) |                                        |        0 (profiler_analysis.cpp:700)
2026-06-03 01:52:51.434 | info     |           Metal |   [   204490000 ..    204490100) |                                        |        0 (profiler_analysis.cpp:700)
2026-06-03 01:52:51.434 | info     |           Metal |   [   204490100 ..    204490200) |                                        |        0 (profiler_analysis.cpp:700)
[SORT] stage=RP P=629297 P_kept=629297 num_tiles=1024 max_tile_n=4928 bin=10.45 up=0.02 kernel=0.02 d2h=0.00 compact=0.00 publish=0.02 total=10.58ms
[CULL_SPLIT] pipelined (no separate Finish; cull device exec folded under the blend host-setup window; candidates=629297)
[BLEND_SPLIT] upload+exec=0.0 readback=30.8 total=30.8 ms (resident, one Finish)
[BLEND_ADDR] cull_masks=0x12aa1280 out=0x12c7a340(sz=0x600000) tile_ids=0x54d3ec0 xramp=0x12c78340 yramp=0x12c79340 payload=0x0(sz=0x0)
2026-06-03 01:52:51.536 | info     |           Metal | Device kernel duration perf summary (device=0): count=1, min=75966020ns, avg=75966020.0ns, max=75966020ns (profiler_analysis.cpp:652)
2026-06-03 01:52:51.536 | info     |           Metal | Device kernel duration perf histogram (device=0): (buckets=10, bucket_size=100ns, range=[75966000..75967000), underflow(<75966000ns)=0, overflow(>=75967000ns)=0) (profiler_analysis.cpp:695)
2026-06-03 01:52:51.536 | info     |           Metal |   [    75966000 ..     75966100) |########################################|        1 (profiler_analysis.cpp:700)
2026-06-03 01:52:51.536 | info     |           Metal |   [    75966100 ..     75966200) |                                        |        0 (profiler_analysis.cpp:700)
2026-06-03 01:52:51.536 | info     |           Metal |   [    75966200 ..     75966300) |                                        |        0 (profiler_analysis.cpp:700)
2026-06-03 01:52:51.536 | info     |           Metal |   [    75966300 ..     75966400) |                                        |        0 (profiler_analysis.cpp:700)
2026-06-03 01:52:51.536 | info     |           Metal |   [    75966400 ..     75966500) |                                        |        0 (profiler_analysis.cpp:700)
2026-06-03 01:52:51.536 | info     |           Metal |   [    75966500 ..     75966600) |                                        |        0 (profiler_analysis.cpp:700)
2026-06-03 01:52:51.536 | info     |           Metal |   [    75966600 ..     75966700) |                                        |        0 (profiler_analysis.cpp:700)
2026-06-03 01:52:51.536 | info     |           Metal |   [    75966700 ..     75966800) |                                        |        0 (profiler_analysis.cpp:700)
2026-06-03 01:52:51.536 | info     |           Metal |   [    75966800 ..     75966900) |                                        |        0 (profiler_analysis.cpp:700)
2026-06-03 01:52:51.536 | info     |           Metal |   [    75966900 ..     75967000) |                                        |        0 (profiler_analysis.cpp:700)
[SORT] stage=RP P=574474 P_kept=574474 num_tiles=1024 max_tile_n=4784 bin=11.12 up=0.02 kernel=0.02 d2h=0.00 compact=0.00 publish=0.02 total=11.26ms
[CULL_SPLIT] pipelined (no separate Finish; cull device exec folded under the blend host-setup window; candidates=574474)
[BLEND_SPLIT] upload+exec=0.0 readback=28.6 total=28.6 ms (resident, one Finish)
[BLEND_ADDR] cull_masks=0x12aa1280 out=0x12c7a340(sz=0x600000) tile_ids=0x54d3ec0 xramp=0x12c78340 yramp=0x12c79340 payload=0x0(sz=0x0)
2026-06-03 01:52:51.634 | info     |           Metal | Device kernel duration perf summary (device=0): count=1, min=74188865ns, avg=74188865.0ns, max=74188865ns (profiler_analysis.cpp:652)
2026-06-03 01:52:51.634 | info     |           Metal | Device kernel duration perf histogram (device=0): (buckets=10, bucket_size=100ns, range=[74188800..74189800), underflow(<74188800ns)=0, overflow(>=74189800ns)=0) (profiler_analysis.cpp:695)
2026-06-03 01:52:51.634 | info     |           Metal |   [    74188800 ..     74188900) |########################################|        1 (profiler_analysis.cpp:700)
2026-06-03 01:52:51.634 | info     |           Metal |   [    74188900 ..     74189000) |                                        |        0 (profiler_analysis.cpp:700)
2026-06-03 01:52:51.634 | info     |           Metal |   [    74189000 ..     74189100) |                                        |        0 (profiler_analysis.cpp:700)
2026-06-03 01:52:51.634 | info     |           Metal |   [    74189100 ..     74189200) |                                        |        0 (profiler_analysis.cpp:700)
2026-06-03 01:52:51.634 | info     |           Metal |   [    74189200 ..     74189300) |                                        |        0 (profiler_analysis.cpp:700)
2026-06-03 01:52:51.634 | info     |           Metal |   [    74189300 ..     74189400) |                                        |        0 (profiler_analysis.cpp:700)
2026-06-03 01:52:51.634 | info     |           Metal |   [    74189400 ..     74189500) |                                        |        0 (profiler_analysis.cpp:700)
2026-06-03 01:52:51.634 | info     |           Metal |   [    74189500 ..     74189600) |                                        |        0 (profiler_analysis.cpp:700)
2026-06-03 01:52:51.634 | info     |           Metal |   [    74189600 ..     74189700) |                                        |        0 (profiler_analysis.cpp:700)
2026-06-03 01:52:51.634 | info     |           Metal |   [    74189700 ..     74189800) |                                        |        0 (profiler_analysis.cpp:700)
2026-06-03 01:52:51.726 | info     |           Metal | Device kernel duration perf summary (device=0): count=1, min=67611466ns, avg=67611466.0ns, max=67611466ns (profiler_analysis.cpp:652)
2026-06-03 01:52:51.726 | info     |           Metal | Device kernel duration perf histogram (device=0): (buckets=10, bucket_size=100ns, range=[67611400..67612400), underflow(<67611400ns)=0, overflow(>=67612400ns)=0) (profiler_analysis.cpp:695)
2026-06-03 01:52:51.726 | info     |           Metal |   [    67611400 ..     67611500) |########################################|        1 (profiler_analysis.cpp:700)
2026-06-03 01:52:51.726 | info     |           Metal |   [    67611500 ..     67611600) |                                        |        0 (profiler_analysis.cpp:700)
2026-06-03 01:52:51.726 | info     |           Metal |   [    67611600 ..     67611700) |                                        |        0 (profiler_analysis.cpp:700)
2026-06-03 01:52:51.726 | info     |           Metal |   [    67611700 ..     67611800) |                                        |        0 (profiler_analysis.cpp:700)
2026-06-03 01:52:51.726 | info     |           Metal |   [    67611800 ..     67611900) |                                        |        0 (profiler_analysis.cpp:700)
2026-06-03 01:52:51.726 | info     |           Metal |   [    67611900 ..     67612000) |                                        |        0 (profiler_analysis.cpp:700)
2026-06-03 01:52:51.726 | info     |           Metal |   [    67612000 ..     67612100) |                                        |        0 (profiler_analysis.cpp:700)
2026-06-03 01:52:51.726 | info     |           Metal |   [    67612100 ..     67612200) |                                        |        0 (profiler_analysis.cpp:700)
2026-06-03 01:52:51.726 | info     |           Metal |   [    67612200 ..     67612300) |                                        |        0 (profiler_analysis.cpp:700)
2026-06-03 01:52:51.726 | info     |           Metal |   [    67612300 ..     67612400) |                                        |        0 (profiler_analysis.cpp:700)
[SORT] stage=RP P=508814 P_kept=508814 num_tiles=1024 max_tile_n=4560 bin=10.32 up=0.02 kernel=0.02 d2h=0.00 compact=0.00 publish=0.02 total=10.44ms
[CULL_SPLIT] pipelined (no separate Finish; cull device exec folded under the blend host-setup window; candidates=508814)
[BLEND_SPLIT] upload+exec=0.0 readback=26.5 total=26.5 ms (resident, one Finish)
[BLEND_ADDR] cull_masks=0x12aa1280 out=0x12c7a340(sz=0x600000) tile_ids=0x54d3ec0 xramp=0x12c78340 yramp=0x12c79340 payload=0x0(sz=0x0)
[SORT] stage=RP P=414994 P_kept=414994 num_tiles=1024 max_tile_n=3520 bin=9.43 up=0.02 kernel=0.02 d2h=0.00 compact=0.00 publish=0.02 total=9.56ms
[CULL_SPLIT] pipelined (no separate Finish; cull device exec folded under the blend host-setup window; candidates=414994)
2026-06-03 01:52:51.817 | info     |           Metal | Device kernel duration perf summary (device=0): count=1, min=65662513ns, avg=65662513.0ns, max=65662513ns (profiler_analysis.cpp:652)
2026-06-03 01:52:51.817 | info     |           Metal | Device kernel duration perf histogram (device=0): (buckets=10, bucket_size=100ns, range=[65662500..65663500), underflow(<65662500ns)=0, overflow(>=65663500ns)=0) (profiler_analysis.cpp:695)
2026-06-03 01:52:51.817 | info     |           Metal |   [    65662500 ..     65662600) |########################################|        1 (profiler_analysis.cpp:700)
2026-06-03 01:52:51.817 | info     |           Metal |   [    65662600 ..     65662700) |                                        |        0 (profiler_analysis.cpp:700)
2026-06-03 01:52:51.817 | info     |           Metal |   [    65662700 ..     65662800) |                                        |        0 (profiler_analysis.cpp:700)
2026-06-03 01:52:51.817 | info     |           Metal |   [    65662800 ..     65662900) |                                        |        0 (profiler_analysis.cpp:700)
2026-06-03 01:52:51.817 | info     |           Metal |   [    65662900 ..     65663000) |                                        |        0 (profiler_analysis.cpp:700)
2026-06-03 01:52:51.817 | info     |           Metal |   [    65663000 ..     65663100) |                                        |        0 (profiler_analysis.cpp:700)
2026-06-03 01:52:51.817 | info     |           Metal |   [    65663100 ..     65663200) |                                        |        0 (profiler_analysis.cpp:700)
2026-06-03 01:52:51.817 | info     |           Metal |   [    65663200 ..     65663300) |                                        |        0 (profiler_analysis.cpp:700)
2026-06-03 01:52:51.817 | info     |           Metal |   [    65663300 ..     65663400) |                                        |        0 (profiler_analysis.cpp:700)
2026-06-03 01:52:51.817 | info     |           Metal |   [    65663400 ..     65663500) |                                        |        0 (profiler_analysis.cpp:700)
[BLEND_SPLIT] upload+exec=0.0 readback=23.4 total=23.4 ms (resident, one Finish)
[BLEND_ADDR] cull_masks=0x12aa1280 out=0x12c7a340(sz=0x600000) tile_ids=0x54d3ec0 xramp=0x12c78340 yramp=0x12c79340 payload=0x0(sz=0x0)
[SORT] stage=RP P=245802 P_kept=245802 num_tiles=1024 max_tile_n=2704 bin=7.56 up=0.02 kernel=0.02 d2h=0.00 compact=0.00 publish=0.02 total=7.69ms
[CULL_SPLIT] pipelined (no separate Finish; cull device exec folded under the blend host-setup window; candidates=245802)
[BLEND_SPLIT] upload+exec=0.0 readback=18.5 total=18.5 ms (resident, one Finish)
[BLEND_ADDR] cull_masks=0x12aa1280 out=0x12c7a340(sz=0x600000) tile_ids=0x54d3ec0 xramp=0x12c78340 yramp=0x12c79340 payload=0x0(sz=0x0)
2026-06-03 01:52:51.897 | info     |           Metal | Device kernel duration perf summary (device=0): count=1, min=55767413ns, avg=55767413.0ns, max=55767413ns (profiler_analysis.cpp:652)
2026-06-03 01:52:51.897 | info     |           Metal | Device kernel duration perf histogram (device=0): (buckets=10, bucket_size=100ns, range=[55767400..55768400), underflow(<55767400ns)=0, overflow(>=55768400ns)=0) (profiler_analysis.cpp:695)
2026-06-03 01:52:51.897 | info     |           Metal |   [    55767400 ..     55767500) |########################################|        1 (profiler_analysis.cpp:700)
2026-06-03 01:52:51.897 | info     |           Metal |   [    55767500 ..     55767600) |                                        |        0 (profiler_analysis.cpp:700)
2026-06-03 01:52:51.897 | info     |           Metal |   [    55767600 ..     55767700) |                                        |        0 (profiler_analysis.cpp:700)
2026-06-03 01:52:51.897 | info     |           Metal |   [    55767700 ..     55767800) |                                        |        0 (profiler_analysis.cpp:700)
2026-06-03 01:52:51.897 | info     |           Metal |   [    55767800 ..     55767900) |                                        |        0 (profiler_analysis.cpp:700)
2026-06-03 01:52:51.897 | info     |           Metal |   [    55767900 ..     55768000) |                                        |        0 (profiler_analysis.cpp:700)
2026-06-03 01:52:51.897 | info     |           Metal |   [    55768000 ..     55768100) |                                        |        0 (profiler_analysis.cpp:700)
2026-06-03 01:52:51.897 | info     |           Metal |   [    55768100 ..     55768200) |                                        |        0 (profiler_analysis.cpp:700)
2026-06-03 01:52:51.897 | info     |           Metal |   [    55768200 ..     55768300) |                                        |        0 (profiler_analysis.cpp:700)
2026-06-03 01:52:51.897 | info     |           Metal |   [    55768300 ..     55768400) |                                        |        0 (profiler_analysis.cpp:700)
[SORT] stage=RP P=162380 P_kept=162380 num_tiles=1024 max_tile_n=1744 bin=6.66 up=0.02 kernel=0.03 d2h=0.00 compact=0.00 publish=0.03 total=6.82ms
[CULL_SPLIT] pipelined (no separate Finish; cull device exec folded under the blend host-setup window; candidates=162380)
[BLEND_SPLIT] upload+exec=0.0 readback=11.7 total=11.7 ms (resident, one Finish)
[BLEND_ADDR] cull_masks=0x12aa1280 out=0x12c7a340(sz=0x600000) tile_ids=0x54d3ec0 xramp=0x12c78340 yramp=0x12c79340 payload=0x0(sz=0x0)
2026-06-03 01:52:51.965 | info     |           Metal | Device kernel duration perf summary (device=0): count=1, min=43878865ns, avg=43878865.0ns, max=43878865ns (profiler_analysis.cpp:652)
2026-06-03 01:52:51.965 | info     |           Metal | Device kernel duration perf histogram (device=0): (buckets=10, bucket_size=100ns, range=[43878800..43879800), underflow(<43878800ns)=0, overflow(>=43879800ns)=0) (profiler_analysis.cpp:695)
2026-06-03 01:52:51.965 | info     |           Metal |   [    43878800 ..     43878900) |########################################|        1 (profiler_analysis.cpp:700)
2026-06-03 01:52:51.965 | info     |           Metal |   [    43878900 ..     43879000) |                                        |        0 (profiler_analysis.cpp:700)
2026-06-03 01:52:51.965 | info     |           Metal |   [    43879000 ..     43879100) |                                        |        0 (profiler_analysis.cpp:700)
2026-06-03 01:52:51.965 | info     |           Metal |   [    43879100 ..     43879200) |                                        |        0 (profiler_analysis.cpp:700)
2026-06-03 01:52:51.965 | info     |           Metal |   [    43879200 ..     43879300) |                                        |        0 (profiler_analysis.cpp:700)
2026-06-03 01:52:51.965 | info     |           Metal |   [    43879300 ..     43879400) |                                        |        0 (profiler_analysis.cpp:700)
2026-06-03 01:52:51.965 | info     |           Metal |   [    43879400 ..     43879500) |                                        |        0 (profiler_analysis.cpp:700)
2026-06-03 01:52:51.965 | info     |           Metal |   [    43879500 ..     43879600) |                                        |        0 (profiler_analysis.cpp:700)
2026-06-03 01:52:51.965 | info     |           Metal |   [    43879600 ..     43879700) |                                        |        0 (profiler_analysis.cpp:700)
2026-06-03 01:52:51.965 | info     |           Metal |   [    43879700 ..     43879800) |                                        |        0 (profiler_analysis.cpp:700)
[SORT] stage=RP P=588050 P_kept=588050 num_tiles=1024 max_tile_n=4864 bin=12.36 up=0.02 kernel=0.02 d2h=0.00 compact=0.00 publish=0.02 total=12.49ms
[CULL_SPLIT] pipelined (no separate Finish; cull device exec folded under the blend host-setup window; candidates=588050)
2026-06-03 01:52:52.068 | info     |           Metal | Device kernel duration perf summary (device=0): count=1, min=79023437ns, avg=79023437.0ns, max=79023437ns (profiler_analysis.cpp:652)
2026-06-03 01:52:52.068 | info     |           Metal | Device kernel duration perf histogram (device=0): (buckets=10, bucket_size=100ns, range=[79023400..79024400), underflow(<79023400ns)=0, overflow(>=79024400ns)=0) (profiler_analysis.cpp:695)
2026-06-03 01:52:52.068 | info     |           Metal |   [    79023400 ..     79023500) |########################################|        1 (profiler_analysis.cpp:700)
2026-06-03 01:52:52.068 | info     |           Metal |   [    79023500 ..     79023600) |                                        |        0 (profiler_analysis.cpp:700)
2026-06-03 01:52:52.068 | info     |           Metal |   [    79023600 ..     79023700) |                                        |        0 (profiler_analysis.cpp:700)
2026-06-03 01:52:52.068 | info     |           Metal |   [    79023700 ..     79023800) |                                        |        0 (profiler_analysis.cpp:700)
2026-06-03 01:52:52.068 | info     |           Metal |   [    79023800 ..     79023900) |                                        |        0 (profiler_analysis.cpp:700)
2026-06-03 01:52:52.068 | info     |           Metal |   [    79023900 ..     79024000) |                                        |        0 (profiler_analysis.cpp:700)
2026-06-03 01:52:52.068 | info     |           Metal |   [    79024000 ..     79024100) |                                        |        0 (profiler_analysis.cpp:700)
2026-06-03 01:52:52.068 | info     |           Metal |   [    79024100 ..     79024200) |                                        |        0 (profiler_analysis.cpp:700)
2026-06-03 01:52:52.068 | info     |           Metal |   [    79024200 ..     79024300) |                                        |        0 (profiler_analysis.cpp:700)
2026-06-03 01:52:52.068 | info     |           Metal |   [    79024300 ..     79024400) |                                        |        0 (profiler_analysis.cpp:700)
[BLEND_SPLIT] upload+exec=0.0 readback=28.8 total=28.8 ms (resident, one Finish)
[BLEND_ADDR] cull_masks=0x12aa1280 out=0x12c7a340(sz=0x600000) tile_ids=0x54d3ec0 xramp=0x12c78340 yramp=0x12c79340 payload=0x0(sz=0x0)
[SORT] stage=RP P=854460 P_kept=854460 num_tiles=1024 max_tile_n=5152 bin=12.85 up=0.02 kernel=0.02 d2h=0.00 compact=0.00 publish=0.02 total=13.02ms
[CULL_SPLIT] pipelined (no separate Finish; cull device exec folded under the blend host-setup window; candidates=854460)
2026-06-03 01:52:52.222 | info     |           Metal | Device kernel duration perf summary (device=0): count=1, min=129049420ns, avg=129049420.0ns, max=129049420ns (profiler_analysis.cpp:652)
2026-06-03 01:52:52.222 | info     |           Metal | Device kernel duration perf histogram (device=0): (buckets=10, bucket_size=100ns, range=[129049400..129050400), underflow(<129049400ns)=0, overflow(>=129050400ns)=0) (profiler_analysis.cpp:695)
2026-06-03 01:52:52.222 | info     |           Metal |   [   129049400 ..    129049500) |########################################|        1 (profiler_analysis.cpp:700)
2026-06-03 01:52:52.222 | info     |           Metal |   [   129049500 ..    129049600) |                                        |        0 (profiler_analysis.cpp:700)
2026-06-03 01:52:52.222 | info     |           Metal |   [   129049600 ..    129049700) |                                        |        0 (profiler_analysis.cpp:700)
2026-06-03 01:52:52.222 | info     |           Metal |   [   129049700 ..    129049800) |                                        |        0 (profiler_analysis.cpp:700)
2026-06-03 01:52:52.222 | info     |           Metal |   [   129049800 ..    129049900) |                                        |        0 (profiler_analysis.cpp:700)
2026-06-03 01:52:52.222 | info     |           Metal |   [   129049900 ..    129050000) |                                        |        0 (profiler_analysis.cpp:700)
2026-06-03 01:52:52.222 | info     |           Metal |   [   129050000 ..    129050100) |                                        |        0 (profiler_analysis.cpp:700)
2026-06-03 01:52:52.222 | info     |           Metal |   [   129050100 ..    129050200) |                                        |        0 (profiler_analysis.cpp:700)
2026-06-03 01:52:52.222 | info     |           Metal |   [   129050200 ..    129050300) |                                        |        0 (profiler_analysis.cpp:700)
2026-06-03 01:52:52.223 | info     |           Metal |   [   129050300 ..    129050400) |                                        |        0 (profiler_analysis.cpp:700)
[BLEND_SPLIT] upload+exec=0.0 readback=38.3 total=38.3 ms (resident, one Finish)
[BLEND_ADDR] cull_masks=0x12aa1280 out=0x12c7a340(sz=0x600000) tile_ids=0x54d3ec0 xramp=0x12c78340 yramp=0x12c79340 payload=0x0(sz=0x0)
[SORT] stage=RP P=840033 P_kept=840033 num_tiles=1024 max_tile_n=4704 bin=14.05 up=0.02 kernel=0.02 d2h=0.00 compact=0.00 publish=0.02 total=14.18ms
[CULL_SPLIT] pipelined (no separate Finish; cull device exec folded under the blend host-setup window; candidates=840033)
2026-06-03 01:52:52.331 | info     |           Metal | Device kernel duration perf summary (device=0): count=1, min=85156281ns, avg=85156281.0ns, max=85156281ns (profiler_analysis.cpp:652)
2026-06-03 01:52:52.331 | info     |           Metal | Device kernel duration perf histogram (device=0): (buckets=10, bucket_size=100ns, range=[85156200..85157200), underflow(<85156200ns)=0, overflow(>=85157200ns)=0) (profiler_analysis.cpp:695)
2026-06-03 01:52:52.331 | info     |           Metal |   [    85156200 ..     85156300) |########################################|        1 (profiler_analysis.cpp:700)
2026-06-03 01:52:52.331 | info     |           Metal |   [    85156300 ..     85156400) |                                        |        0 (profiler_analysis.cpp:700)
2026-06-03 01:52:52.331 | info     |           Metal |   [    85156400 ..     85156500) |                                        |        0 (profiler_analysis.cpp:700)
2026-06-03 01:52:52.331 | info     |           Metal |   [    85156500 ..     85156600) |                                        |        0 (profiler_analysis.cpp:700)
2026-06-03 01:52:52.331 | info     |           Metal |   [    85156600 ..     85156700) |                                        |        0 (profiler_analysis.cpp:700)
2026-06-03 01:52:52.331 | info     |           Metal |   [    85156700 ..     85156800) |                                        |        0 (profiler_analysis.cpp:700)
2026-06-03 01:52:52.331 | info     |           Metal |   [    85156800 ..     85156900) |                                        |        0 (profiler_analysis.cpp:700)
2026-06-03 01:52:52.331 | info     |           Metal |   [    85156900 ..     85157000) |                                        |        0 (profiler_analysis.cpp:700)
2026-06-03 01:52:52.331 | info     |           Metal |   [    85157000 ..     85157100) |                                        |        0 (profiler_analysis.cpp:700)
2026-06-03 01:52:52.331 | info     |           Metal |   [    85157100 ..     85157200) |                                        |        0 (profiler_analysis.cpp:700)
[BLEND_SPLIT] upload+exec=0.0 readback=36.9 total=36.9 ms (resident, one Finish)
[BLEND_ADDR] cull_masks=0x12aa1280 out=0x12c7a340(sz=0x600000) tile_ids=0x54d3ec0 xramp=0x12c78340 yramp=0x12c79340 payload=0x0(sz=0x0)
[SORT] stage=RP P=1077452 P_kept=1077452 num_tiles=1024 max_tile_n=5408 bin=15.57 up=0.02 kernel=0.02 d2h=0.00 compact=0.00 publish=0.02 total=15.71ms
[CULL_SPLIT] pipelined (no separate Finish; cull device exec folded under the blend host-setup window; candidates=1077452)
[BLEND_SPLIT] upload+exec=0.0 readback=46.1 total=46.1 ms (resident, one Finish)
[BLEND_ADDR] cull_masks=0x12aa1280 out=0x12c7a340(sz=0x600000) tile_ids=0x54d3ec0 xramp=0x12c78340 yramp=0x12c79340 payload=0x0(sz=0x0)
2026-06-03 01:52:52.463 | info     |           Metal | Device kernel duration perf summary (device=0): count=1, min=106489396ns, avg=106489396.0ns, max=106489396ns (profiler_analysis.cpp:652)
2026-06-03 01:52:52.463 | info     |           Metal | Device kernel duration perf histogram (device=0): (buckets=10, bucket_size=100ns, range=[106489300..106490300), underflow(<106489300ns)=0, overflow(>=106490300ns)=0) (profiler_analysis.cpp:695)
2026-06-03 01:52:52.463 | info     |           Metal |   [   106489300 ..    106489400) |########################################|        1 (profiler_analysis.cpp:700)
2026-06-03 01:52:52.463 | info     |           Metal |   [   106489400 ..    106489500) |                                        |        0 (profiler_analysis.cpp:700)
2026-06-03 01:52:52.463 | info     |           Metal |   [   106489500 ..    106489600) |                                        |        0 (profiler_analysis.cpp:700)
2026-06-03 01:52:52.463 | info     |           Metal |   [   106489600 ..    106489700) |                                        |        0 (profiler_analysis.cpp:700)
2026-06-03 01:52:52.463 | info     |           Metal |   [   106489700 ..    106489800) |                                        |        0 (profiler_analysis.cpp:700)
2026-06-03 01:52:52.463 | info     |           Metal |   [   106489800 ..    106489900) |                                        |        0 (profiler_analysis.cpp:700)
2026-06-03 01:52:52.463 | info     |           Metal |   [   106489900 ..    106490000) |                                        |        0 (profiler_analysis.cpp:700)
2026-06-03 01:52:52.463 | info     |           Metal |   [   106490000 ..    106490100) |                                        |        0 (profiler_analysis.cpp:700)
2026-06-03 01:52:52.463 | info     |           Metal |   [   106490100 ..    106490200) |                                        |        0 (profiler_analysis.cpp:700)
2026-06-03 01:52:52.463 | info     |           Metal |   [   106490200 ..    106490300) |                                        |        0 (profiler_analysis.cpp:700)
[SORT] stage=RP P=1175882 P_kept=1175882 num_tiles=1024 max_tile_n=5312 bin=17.38 up=0.02 kernel=0.02 d2h=0.00 compact=0.00 publish=0.02 total=17.53ms
[CULL_SPLIT] pipelined (no separate Finish; cull device exec folded under the blend host-setup window; candidates=1175882)
[BLEND_SPLIT] upload+exec=0.0 readback=48.9 total=48.9 ms (resident, one Finish)
[BLEND_ADDR] cull_masks=0x12aa1280 out=0x12c7a340(sz=0x600000) tile_ids=0x54d3ec0 xramp=0x12c78340 yramp=0x12c79340 payload=0x0(sz=0x0)
2026-06-03 01:52:52.597 | info     |           Metal | Device kernel duration perf summary (device=0): count=1, min=109471139ns, avg=109471139.0ns, max=109471139ns (profiler_analysis.cpp:652)
2026-06-03 01:52:52.597 | info     |           Metal | Device kernel duration perf histogram (device=0): (buckets=10, bucket_size=100ns, range=[109471100..109472100), underflow(<109471100ns)=0, overflow(>=109472100ns)=0) (profiler_analysis.cpp:695)
2026-06-03 01:52:52.597 | info     |           Metal |   [   109471100 ..    109471200) |########################################|        1 (profiler_analysis.cpp:700)
2026-06-03 01:52:52.597 | info     |           Metal |   [   109471200 ..    109471300) |                                        |        0 (profiler_analysis.cpp:700)
2026-06-03 01:52:52.597 | info     |           Metal |   [   109471300 ..    109471400) |                                        |        0 (profiler_analysis.cpp:700)
2026-06-03 01:52:52.597 | info     |           Metal |   [   109471400 ..    109471500) |                                        |        0 (profiler_analysis.cpp:700)
2026-06-03 01:52:52.597 | info     |           Metal |   [   109471500 ..    109471600) |                                        |        0 (profiler_analysis.cpp:700)
2026-06-03 01:52:52.597 | info     |           Metal |   [   109471600 ..    109471700) |                                        |        0 (profiler_analysis.cpp:700)
2026-06-03 01:52:52.597 | info     |           Metal |   [   109471700 ..    109471800) |                                        |        0 (profiler_analysis.cpp:700)
2026-06-03 01:52:52.597 | info     |           Metal |   [   109471800 ..    109471900) |                                        |        0 (profiler_analysis.cpp:700)
2026-06-03 01:52:52.597 | info     |           Metal |   [   109471900 ..    109472000) |                                        |        0 (profiler_analysis.cpp:700)
2026-06-03 01:52:52.597 | info     |           Metal |   [   109472000 ..    109472100) |                                        |        0 (profiler_analysis.cpp:700)
[SORT] stage=RP P=662931 P_kept=662931 num_tiles=1024 max_tile_n=5184 bin=12.07 up=0.02 kernel=0.02 d2h=0.00 compact=0.00 publish=0.02 total=12.21ms
[CULL_SPLIT] pipelined (no separate Finish; cull device exec folded under the blend host-setup window; candidates=662931)
[BLEND_SPLIT] upload+exec=0.0 readback=31.8 total=31.8 ms (resident, one Finish)
[BLEND_ADDR] cull_masks=0x12aa1280 out=0x12c7a340(sz=0x600000) tile_ids=0x54d3ec0 xramp=0x12c78340 yramp=0x12c79340 payload=0x0(sz=0x0)
2026-06-03 01:52:52.698 | info     |           Metal | Device kernel duration perf summary (device=0): count=1, min=77157833ns, avg=77157833.0ns, max=77157833ns (profiler_analysis.cpp:652)
2026-06-03 01:52:52.698 | info     |           Metal | Device kernel duration perf histogram (device=0): (buckets=10, bucket_size=100ns, range=[77157800..77158800), underflow(<77157800ns)=0, overflow(>=77158800ns)=0) (profiler_analysis.cpp:695)
2026-06-03 01:52:52.698 | info     |           Metal |   [    77157800 ..     77157900) |########################################|        1 (profiler_analysis.cpp:700)
2026-06-03 01:52:52.698 | info     |           Metal |   [    77157900 ..     77158000) |                                        |        0 (profiler_analysis.cpp:700)
2026-06-03 01:52:52.698 | info     |           Metal |   [    77158000 ..     77158100) |                                        |        0 (profiler_analysis.cpp:700)
2026-06-03 01:52:52.698 | info     |           Metal |   [    77158100 ..     77158200) |                                        |        0 (profiler_analysis.cpp:700)
2026-06-03 01:52:52.698 | info     |           Metal |   [    77158200 ..     77158300) |                                        |        0 (profiler_analysis.cpp:700)
2026-06-03 01:52:52.698 | info     |           Metal |   [    77158300 ..     77158400) |                                        |        0 (profiler_analysis.cpp:700)
2026-06-03 01:52:52.698 | info     |           Metal |   [    77158400 ..     77158500) |                                        |        0 (profiler_analysis.cpp:700)
2026-06-03 01:52:52.698 | info     |           Metal |   [    77158500 ..     77158600) |                                        |        0 (profiler_analysis.cpp:700)
2026-06-03 01:52:52.698 | info     |           Metal |   [    77158600 ..     77158700) |                                        |        0 (profiler_analysis.cpp:700)
2026-06-03 01:52:52.698 | info     |           Metal |   [    77158700 ..     77158800) |                                        |        0 (profiler_analysis.cpp:700)
[SORT] stage=RP P=1298085 P_kept=1298085 num_tiles=1024 max_tile_n=18608 bin=17.88 up=0.02 kernel=0.02 d2h=0.00 compact=0.00 publish=0.02 total=18.02ms
[CULL_SPLIT] pipelined (no separate Finish; cull device exec folded under the blend host-setup window; candidates=1298085)
2026-06-03 01:52:52.900 | info     |           Metal | Device kernel duration perf summary (device=0): count=1, min=177927985ns, avg=177927985.0ns, max=177927985ns (profiler_analysis.cpp:652)
2026-06-03 01:52:52.900 | info     |           Metal | Device kernel duration perf histogram (device=0): (buckets=10, bucket_size=100ns, range=[177927900..177928900), underflow(<177927900ns)=0, overflow(>=177928900ns)=0) (profiler_analysis.cpp:695)
2026-06-03 01:52:52.900 | info     |           Metal |   [   177927900 ..    177928000) |########################################|        1 (profiler_analysis.cpp:700)
2026-06-03 01:52:52.900 | info     |           Metal |   [   177928000 ..    177928100) |                                        |        0 (profiler_analysis.cpp:700)
2026-06-03 01:52:52.900 | info     |           Metal |   [   177928100 ..    177928200) |                                        |        0 (profiler_analysis.cpp:700)
2026-06-03 01:52:52.900 | info     |           Metal |   [   177928200 ..    177928300) |                                        |        0 (profiler_analysis.cpp:700)
2026-06-03 01:52:52.900 | info     |           Metal |   [   177928300 ..    177928400) |                                        |        0 (profiler_analysis.cpp:700)
2026-06-03 01:52:52.900 | info     |           Metal |   [   177928400 ..    177928500) |                                        |        0 (profiler_analysis.cpp:700)
2026-06-03 01:52:52.900 | info     |           Metal |   [   177928500 ..    177928600) |                                        |        0 (profiler_analysis.cpp:700)
2026-06-03 01:52:52.900 | info     |           Metal |   [   177928600 ..    177928700) |                                        |        0 (profiler_analysis.cpp:700)
2026-06-03 01:52:52.900 | info     |           Metal |   [   177928700 ..    177928800) |                                        |        0 (profiler_analysis.cpp:700)
2026-06-03 01:52:52.900 | info     |           Metal |   [   177928800 ..    177928900) |                                        |        0 (profiler_analysis.cpp:700)
[BLEND_SPLIT] upload+exec=0.0 readback=110.4 total=110.4 ms (resident, one Finish)
[BLEND_ADDR] cull_masks=0x12aa1280 out=0x12c7a340(sz=0x600000) tile_ids=0x54d3ec0 xramp=0x12c78340 yramp=0x12c79340 payload=0x0(sz=0x0)
[SORT] stage=RP P=262468 P_kept=262468 num_tiles=1024 max_tile_n=4464 bin=7.21 up=0.02 kernel=0.02 d2h=0.00 compact=0.00 publish=0.02 total=7.34ms
[CULL_SPLIT] pipelined (no separate Finish; cull device exec folded under the blend host-setup window; candidates=262468)
[BLEND_SPLIT] upload+exec=0.0 readback=22.4 total=22.4 ms (resident, one Finish)
[BLEND_ADDR] cull_masks=0x12aa1280 out=0x12c7a340(sz=0x600000) tile_ids=0x54d3ec0 xramp=0x12c78340 yramp=0x12c79340 payload=0x0(sz=0x0)
2026-06-03 01:52:52.989 | info     |           Metal | Device kernel duration perf summary (device=0): count=1, min=62751378ns, avg=62751378.0ns, max=62751378ns (profiler_analysis.cpp:652)
2026-06-03 01:52:52.989 | info     |           Metal | Device kernel duration perf histogram (device=0): (buckets=10, bucket_size=100ns, range=[62751300..62752300), underflow(<62751300ns)=0, overflow(>=62752300ns)=0) (profiler_analysis.cpp:695)
2026-06-03 01:52:52.989 | info     |           Metal |   [    62751300 ..     62751400) |########################################|        1 (profiler_analysis.cpp:700)
2026-06-03 01:52:52.989 | info     |           Metal |   [    62751400 ..     62751500) |                                        |        0 (profiler_analysis.cpp:700)
2026-06-03 01:52:52.989 | info     |           Metal |   [    62751500 ..     62751600) |                                        |        0 (profiler_analysis.cpp:700)
2026-06-03 01:52:52.989 | info     |           Metal |   [    62751600 ..     62751700) |                                        |        0 (profiler_analysis.cpp:700)
2026-06-03 01:52:52.989 | info     |           Metal |   [    62751700 ..     62751800) |                                        |        0 (profiler_analysis.cpp:700)
2026-06-03 01:52:52.989 | info     |           Metal |   [    62751800 ..     62751900) |                                        |        0 (profiler_analysis.cpp:700)
2026-06-03 01:52:52.989 | info     |           Metal |   [    62751900 ..     62752000) |                                        |        0 (profiler_analysis.cpp:700)
2026-06-03 01:52:52.989 | info     |           Metal |   [    62752000 ..     62752100) |                                        |        0 (profiler_analysis.cpp:700)
2026-06-03 01:52:52.989 | info     |           Metal |   [    62752100 ..     62752200) |                                        |        0 (profiler_analysis.cpp:700)
2026-06-03 01:52:52.989 | info     |           Metal |   [    62752200 ..     62752300) |                                        |        0 (profiler_analysis.cpp:700)
2026-06-03 01:52:53.050 | info     |           Metal | Device kernel duration perf summary (device=0): count=1, min=35623433ns, avg=35623433.0ns, max=35623433ns (profiler_analysis.cpp:652)
2026-06-03 01:52:53.050 | info     |           Metal | Device kernel duration perf histogram (device=0): (buckets=10, bucket_size=100ns, range=[35623400..35624400), underflow(<35623400ns)=0, overflow(>=35624400ns)=0) (profiler_analysis.cpp:695)
2026-06-03 01:52:53.050 | info     |           Metal |   [    35623400 ..     35623500) |########################################|        1 (profiler_analysis.cpp:700)
2026-06-03 01:52:53.050 | info     |           Metal |   [    35623500 ..     35623600) |                                        |        0 (profiler_analysis.cpp:700)
2026-06-03 01:52:53.050 | info     |           Metal |   [    35623600 ..     35623700) |                                        |        0 (profiler_analysis.cpp:700)
2026-06-03 01:52:53.050 | info     |           Metal |   [    35623700 ..     35623800) |                                        |        0 (profiler_analysis.cpp:700)
2026-06-03 01:52:53.050 | info     |           Metal |   [    35623800 ..     35623900) |                                        |        0 (profiler_analysis.cpp:700)
2026-06-03 01:52:53.050 | info     |           Metal |   [    35623900 ..     35624000) |                                        |        0 (profiler_analysis.cpp:700)
2026-06-03 01:52:53.050 | info     |           Metal |   [    35624000 ..     35624100) |                                        |        0 (profiler_analysis.cpp:700)
2026-06-03 01:52:53.050 | info     |           Metal |   [    35624100 ..     35624200) |                                        |        0 (profiler_analysis.cpp:700)
2026-06-03 01:52:53.050 | info     |           Metal |   [    35624200 ..     35624300) |                                        |        0 (profiler_analysis.cpp:700)
2026-06-03 01:52:53.050 | info     |           Metal |   [    35624300 ..     35624400) |                                        |        0 (profiler_analysis.cpp:700)
[SORT] stage=RP P=107247 P_kept=107247 num_tiles=1024 max_tile_n=1664 bin=4.43 up=0.02 kernel=0.03 d2h=0.00 compact=0.00 publish=0.03 total=4.59ms
[CULL_SPLIT] pipelined (no separate Finish; cull device exec folded under the blend host-setup window; candidates=107247)
[BLEND_SPLIT] upload+exec=0.0 readback=8.7 total=8.7 ms (resident, one Finish)
[BLEND_ADDR] cull_masks=0x12aa1280 out=0x12c7a340(sz=0x600000) tile_ids=0x54d3ec0 xramp=0x12c78340 yramp=0x12c79340 payload=0x0(sz=0x0)
[SORT] stage=RP P=742945 P_kept=742945 num_tiles=1024 max_tile_n=4720 bin=13.04 up=0.02 kernel=0.02 d2h=0.00 compact=0.00 publish=0.02 total=13.18ms
[CULL_SPLIT] pipelined (no separate Finish; cull device exec folded under the blend host-setup window; candidates=742945)
[BLEND_SPLIT] upload+exec=0.0 readback=34.8 total=34.8 ms (resident, one Finish)
[BLEND_ADDR] cull_masks=0x12aa1280 out=0x12c7a340(sz=0x600000) tile_ids=0x54d3ec0 xramp=0x12c78340 yramp=0x12c79340 payload=0x0(sz=0x0)
2026-06-03 01:52:53.198 | info     |           Metal | Device kernel duration perf summary (device=0): count=1, min=123696673ns, avg=123696673.0ns, max=123696673ns (profiler_analysis.cpp:652)
2026-06-03 01:52:53.198 | info     |           Metal | Device kernel duration perf histogram (device=0): (buckets=10, bucket_size=100ns, range=[123696600..123697600), underflow(<123696600ns)=0, overflow(>=123697600ns)=0) (profiler_analysis.cpp:695)
2026-06-03 01:52:53.198 | info     |           Metal |   [   123696600 ..    123696700) |########################################|        1 (profiler_analysis.cpp:700)
2026-06-03 01:52:53.198 | info     |           Metal |   [   123696700 ..    123696800) |                                        |        0 (profiler_analysis.cpp:700)
2026-06-03 01:52:53.198 | info     |           Metal |   [   123696800 ..    123696900) |                                        |        0 (profiler_analysis.cpp:700)
2026-06-03 01:52:53.198 | info     |           Metal |   [   123696900 ..    123697000) |                                        |        0 (profiler_analysis.cpp:700)
2026-06-03 01:52:53.198 | info     |           Metal |   [   123697000 ..    123697100) |                                        |        0 (profiler_analysis.cpp:700)
2026-06-03 01:52:53.198 | info     |           Metal |   [   123697100 ..    123697200) |                                        |        0 (profiler_analysis.cpp:700)
2026-06-03 01:52:53.198 | info     |           Metal |   [   123697200 ..    123697300) |                                        |        0 (profiler_analysis.cpp:700)
2026-06-03 01:52:53.198 | info     |           Metal |   [   123697300 ..    123697400) |                                        |        0 (profiler_analysis.cpp:700)
2026-06-03 01:52:53.198 | info     |           Metal |   [   123697400 ..    123697500) |                                        |        0 (profiler_analysis.cpp:700)
2026-06-03 01:52:53.198 | info     |           Metal |   [   123697500 ..    123697600) |                                        |        0 (profiler_analysis.cpp:700)
[SORT] stage=RP P=3369033 P_kept=3369033 num_tiles=1024 max_tile_n=26496 bin=42.39 up=0.02 kernel=0.02 d2h=7.15 compact=0.00 publish=0.02 total=60.68ms
2026-06-03 01:52:53.798 | info     |           Metal | Device kernel duration perf summary (device=0): count=1, min=365550203ns, avg=365550203.0ns, max=365550203ns (profiler_analysis.cpp:652)
2026-06-03 01:52:53.798 | info     |           Metal | Device kernel duration perf histogram (device=0): (buckets=10, bucket_size=100ns, range=[365550200..365551200), underflow(<365550200ns)=0, overflow(>=365551200ns)=0) (profiler_analysis.cpp:695)
2026-06-03 01:52:53.798 | info     |           Metal |   [   365550200 ..    365550300) |########################################|        1 (profiler_analysis.cpp:700)
2026-06-03 01:52:53.798 | info     |           Metal |   [   365550300 ..    365550400) |                                        |        0 (profiler_analysis.cpp:700)
2026-06-03 01:52:53.798 | info     |           Metal |   [   365550400 ..    365550500) |                                        |        0 (profiler_analysis.cpp:700)
2026-06-03 01:52:53.798 | info     |           Metal |   [   365550500 ..    365550600) |                                        |        0 (profiler_analysis.cpp:700)
2026-06-03 01:52:53.798 | info     |           Metal |   [   365550600 ..    365550700) |                                        |        0 (profiler_analysis.cpp:700)
2026-06-03 01:52:53.798 | info     |           Metal |   [   365550700 ..    365550800) |                                        |        0 (profiler_analysis.cpp:700)
2026-06-03 01:52:53.798 | info     |           Metal |   [   365550800 ..    365550900) |                                        |        0 (profiler_analysis.cpp:700)
2026-06-03 01:52:53.798 | info     |           Metal |   [   365550900 ..    365551000) |                                        |        0 (profiler_analysis.cpp:700)
2026-06-03 01:52:53.798 | info     |           Metal |   [   365551000 ..    365551100) |                                        |        0 (profiler_analysis.cpp:700)
2026-06-03 01:52:53.798 | info     |           Metal |   [   365551100 ..    365551200) |                                        |        0 (profiler_analysis.cpp:700)
[SORT] stage=RP P=3369033 P_kept=3369033 num_tiles=1024 max_tile_n=26496 bin=42.46 up=0.02 kernel=0.02 d2h=7.12 compact=0.00 publish=0.02 total=60.70ms
2026-06-03 01:52:54.306 | info     |           Metal | Device kernel duration perf summary (device=0): count=1, min=365929557ns, avg=365929557.0ns, max=365929557ns (profiler_analysis.cpp:652)
2026-06-03 01:52:54.306 | info     |           Metal | Device kernel duration perf histogram (device=0): (buckets=10, bucket_size=100ns, range=[365929500..365930500), underflow(<365929500ns)=0, overflow(>=365930500ns)=0) (profiler_analysis.cpp:695)
2026-06-03 01:52:54.306 | info     |           Metal |   [   365929500 ..    365929600) |########################################|        1 (profiler_analysis.cpp:700)
2026-06-03 01:52:54.306 | info     |           Metal |   [   365929600 ..    365929700) |                                        |        0 (profiler_analysis.cpp:700)
2026-06-03 01:52:54.306 | info     |           Metal |   [   365929700 ..    365929800) |                                        |        0 (profiler_analysis.cpp:700)
2026-06-03 01:52:54.306 | info     |           Metal |   [   365929800 ..    365929900) |                                        |        0 (profiler_analysis.cpp:700)
2026-06-03 01:52:54.306 | info     |           Metal |   [   365929900 ..    365930000) |                                        |        0 (profiler_analysis.cpp:700)
2026-06-03 01:52:54.306 | info     |           Metal |   [   365930000 ..    365930100) |                                        |        0 (profiler_analysis.cpp:700)
2026-06-03 01:52:54.306 | info     |           Metal |   [   365930100 ..    365930200) |                                        |        0 (profiler_analysis.cpp:700)
2026-06-03 01:52:54.306 | info     |           Metal |   [   365930200 ..    365930300) |                                        |        0 (profiler_analysis.cpp:700)
2026-06-03 01:52:54.306 | info     |           Metal |   [   365930300 ..    365930400) |                                        |        0 (profiler_analysis.cpp:700)
2026-06-03 01:52:54.306 | info     |           Metal |   [   365930400 ..    365930500) |                                        |        0 (profiler_analysis.cpp:700)
[SORT] stage=RP P=2774729 P_kept=2774729 num_tiles=1024 max_tile_n=25136 bin=35.07 up=0.02 kernel=0.02 d2h=7.12 compact=0.00 publish=0.02 total=51.88ms
2026-06-03 01:52:54.777 | info     |           Metal | Device kernel duration perf summary (device=0): count=1, min=345215401ns, avg=345215401.0ns, max=345215401ns (profiler_analysis.cpp:652)
2026-06-03 01:52:54.777 | info     |           Metal | Device kernel duration perf histogram (device=0): (buckets=10, bucket_size=100ns, range=[345215400..345216400), underflow(<345215400ns)=0, overflow(>=345216400ns)=0) (profiler_analysis.cpp:695)
2026-06-03 01:52:54.777 | info     |           Metal |   [   345215400 ..    345215500) |########################################|        1 (profiler_analysis.cpp:700)
2026-06-03 01:52:54.777 | info     |           Metal |   [   345215500 ..    345215600) |                                        |        0 (profiler_analysis.cpp:700)
2026-06-03 01:52:54.777 | info     |           Metal |   [   345215600 ..    345215700) |                                        |        0 (profiler_analysis.cpp:700)
2026-06-03 01:52:54.777 | info     |           Metal |   [   345215700 ..    345215800) |                                        |        0 (profiler_analysis.cpp:700)
2026-06-03 01:52:54.777 | info     |           Metal |   [   345215800 ..    345215900) |                                        |        0 (profiler_analysis.cpp:700)
2026-06-03 01:52:54.777 | info     |           Metal |   [   345215900 ..    345216000) |                                        |        0 (profiler_analysis.cpp:700)
2026-06-03 01:52:54.777 | info     |           Metal |   [   345216000 ..    345216100) |                                        |        0 (profiler_analysis.cpp:700)
2026-06-03 01:52:54.777 | info     |           Metal |   [   345216100 ..    345216200) |                                        |        0 (profiler_analysis.cpp:700)
2026-06-03 01:52:54.777 | info     |           Metal |   [   345216200 ..    345216300) |                                        |        0 (profiler_analysis.cpp:700)
2026-06-03 01:52:54.777 | info     |           Metal |   [   345216300 ..    345216400) |                                        |        0 (profiler_analysis.cpp:700)
[SORT] stage=RP P=3235251 P_kept=3235251 num_tiles=1024 max_tile_n=22592 bin=40.99 up=0.02 kernel=0.02 d2h=7.12 compact=0.00 publish=0.02 total=58.83ms
2026-06-03 01:52:55.279 | info     |           Metal | Device kernel duration perf summary (device=0): count=1, min=361031500ns, avg=361031500.0ns, max=361031500ns (profiler_analysis.cpp:652)
2026-06-03 01:52:55.279 | info     |           Metal | Device kernel duration perf histogram (device=0): (buckets=10, bucket_size=100ns, range=[361031500..361032500), underflow(<361031500ns)=0, overflow(>=361032500ns)=0) (profiler_analysis.cpp:695)
2026-06-03 01:52:55.279 | info     |           Metal |   [   361031500 ..    361031600) |########################################|        1 (profiler_analysis.cpp:700)
2026-06-03 01:52:55.279 | info     |           Metal |   [   361031600 ..    361031700) |                                        |        0 (profiler_analysis.cpp:700)
2026-06-03 01:52:55.279 | info     |           Metal |   [   361031700 ..    361031800) |                                        |        0 (profiler_analysis.cpp:700)
2026-06-03 01:52:55.279 | info     |           Metal |   [   361031800 ..    361031900) |                                        |        0 (profiler_analysis.cpp:700)
2026-06-03 01:52:55.279 | info     |           Metal |   [   361031900 ..    361032000) |                                        |        0 (profiler_analysis.cpp:700)
2026-06-03 01:52:55.279 | info     |           Metal |   [   361032000 ..    361032100) |                                        |        0 (profiler_analysis.cpp:700)
2026-06-03 01:52:55.279 | info     |           Metal |   [   361032100 ..    361032200) |                                        |        0 (profiler_analysis.cpp:700)
2026-06-03 01:52:55.279 | info     |           Metal |   [   361032200 ..    361032300) |                                        |        0 (profiler_analysis.cpp:700)
2026-06-03 01:52:55.279 | info     |           Metal |   [   361032300 ..    361032400) |                                        |        0 (profiler_analysis.cpp:700)
2026-06-03 01:52:55.279 | info     |           Metal |   [   361032400 ..    361032500) |                                        |        0 (profiler_analysis.cpp:700)
[SORT] stage=RP P=1753355 P_kept=1753355 num_tiles=1024 max_tile_n=21360 bin=24.49 up=0.02 kernel=0.03 d2h=7.12 compact=0.00 publish=0.02 total=38.29ms
2026-06-03 01:52:55.683 | info     |           Metal | Device kernel duration perf summary (device=0): count=1, min=308816582ns, avg=308816582.0ns, max=308816582ns (profiler_analysis.cpp:652)
2026-06-03 01:52:55.683 | info     |           Metal | Device kernel duration perf histogram (device=0): (buckets=10, bucket_size=100ns, range=[308816500..308817500), underflow(<308816500ns)=0, overflow(>=308817500ns)=0) (profiler_analysis.cpp:695)
2026-06-03 01:52:55.683 | info     |           Metal |   [   308816500 ..    308816600) |########################################|        1 (profiler_analysis.cpp:700)
2026-06-03 01:52:55.683 | info     |           Metal |   [   308816600 ..    308816700) |                                        |        0 (profiler_analysis.cpp:700)
2026-06-03 01:52:55.683 | info     |           Metal |   [   308816700 ..    308816800) |                                        |        0 (profiler_analysis.cpp:700)
2026-06-03 01:52:55.683 | info     |           Metal |   [   308816800 ..    308816900) |                                        |        0 (profiler_analysis.cpp:700)
2026-06-03 01:52:55.683 | info     |           Metal |   [   308816900 ..    308817000) |                                        |        0 (profiler_analysis.cpp:700)
2026-06-03 01:52:55.683 | info     |           Metal |   [   308817000 ..    308817100) |                                        |        0 (profiler_analysis.cpp:700)
2026-06-03 01:52:55.683 | info     |           Metal |   [   308817100 ..    308817200) |                                        |        0 (profiler_analysis.cpp:700)
2026-06-03 01:52:55.683 | info     |           Metal |   [   308817200 ..    308817300) |                                        |        0 (profiler_analysis.cpp:700)
2026-06-03 01:52:55.683 | info     |           Metal |   [   308817300 ..    308817400) |                                        |        0 (profiler_analysis.cpp:700)
2026-06-03 01:52:55.683 | info     |           Metal |   [   308817400 ..    308817500) |                                        |        0 (profiler_analysis.cpp:700)
[SORT] stage=RP P=934247 P_kept=934247 num_tiles=1024 max_tile_n=5248 bin=13.55 up=0.02 kernel=0.02 d2h=7.13 compact=0.00 publish=0.02 total=25.04ms
2026-06-03 01:52:56.027 | info     |           Metal | Device kernel duration perf summary (device=0): count=1, min=277659433ns, avg=277659433.0ns, max=277659433ns (profiler_analysis.cpp:652)
2026-06-03 01:52:56.027 | info     |           Metal | Device kernel duration perf histogram (device=0): (buckets=10, bucket_size=100ns, range=[277659400..277660400), underflow(<277659400ns)=0, overflow(>=277660400ns)=0) (profiler_analysis.cpp:695)
2026-06-03 01:52:56.027 | info     |           Metal |   [   277659400 ..    277659500) |########################################|        1 (profiler_analysis.cpp:700)
2026-06-03 01:52:56.027 | info     |           Metal |   [   277659500 ..    277659600) |                                        |        0 (profiler_analysis.cpp:700)
2026-06-03 01:52:56.027 | info     |           Metal |   [   277659600 ..    277659700) |                                        |        0 (profiler_analysis.cpp:700)
2026-06-03 01:52:56.027 | info     |           Metal |   [   277659700 ..    277659800) |                                        |        0 (profiler_analysis.cpp:700)
2026-06-03 01:52:56.027 | info     |           Metal |   [   277659800 ..    277659900) |                                        |        0 (profiler_analysis.cpp:700)
2026-06-03 01:52:56.027 | info     |           Metal |   [   277659900 ..    277660000) |                                        |        0 (profiler_analysis.cpp:700)
2026-06-03 01:52:56.027 | info     |           Metal |   [   277660000 ..    277660100) |                                        |        0 (profiler_analysis.cpp:700)
2026-06-03 01:52:56.027 | info     |           Metal |   [   277660100 ..    277660200) |                                        |        0 (profiler_analysis.cpp:700)
2026-06-03 01:52:56.027 | info     |           Metal |   [   277660200 ..    277660300) |                                        |        0 (profiler_analysis.cpp:700)
2026-06-03 01:52:56.027 | info     |           Metal |   [   277660300 ..    277660400) |                                        |        0 (profiler_analysis.cpp:700)
[SORT] stage=RP P=1124461 P_kept=1124461 num_tiles=1024 max_tile_n=6544 bin=15.67 up=0.02 kernel=0.02 d2h=7.12 compact=0.00 publish=0.02 total=27.57ms
2026-06-03 01:52:56.382 | info     |           Metal | Device kernel duration perf summary (device=0): count=1, min=285700768ns, avg=285700768.0ns, max=285700768ns (profiler_analysis.cpp:652)
2026-06-03 01:52:56.382 | info     |           Metal | Device kernel duration perf histogram (device=0): (buckets=10, bucket_size=100ns, range=[285700700..285701700), underflow(<285700700ns)=0, overflow(>=285701700ns)=0) (profiler_analysis.cpp:695)
2026-06-03 01:52:56.382 | info     |           Metal |   [   285700700 ..    285700800) |########################################|        1 (profiler_analysis.cpp:700)
2026-06-03 01:52:56.382 | info     |           Metal |   [   285700800 ..    285700900) |                                        |        0 (profiler_analysis.cpp:700)
2026-06-03 01:52:56.382 | info     |           Metal |   [   285700900 ..    285701000) |                                        |        0 (profiler_analysis.cpp:700)
2026-06-03 01:52:56.382 | info     |           Metal |   [   285701000 ..    285701100) |                                        |        0 (profiler_analysis.cpp:700)
2026-06-03 01:52:56.382 | info     |           Metal |   [   285701100 ..    285701200) |                                        |        0 (profiler_analysis.cpp:700)
2026-06-03 01:52:56.382 | info     |           Metal |   [   285701200 ..    285701300) |                                        |        0 (profiler_analysis.cpp:700)
2026-06-03 01:52:56.382 | info     |           Metal |   [   285701300 ..    285701400) |                                        |        0 (profiler_analysis.cpp:700)
2026-06-03 01:52:56.382 | info     |           Metal |   [   285701400 ..    285701500) |                                        |        0 (profiler_analysis.cpp:700)
2026-06-03 01:52:56.382 | info     |           Metal |   [   285701500 ..    285701600) |                                        |        0 (profiler_analysis.cpp:700)
2026-06-03 01:52:56.382 | info     |           Metal |   [   285701600 ..    285701700) |                                        |        0 (profiler_analysis.cpp:700)
[SORT] stage=RP P=835298 P_kept=835298 num_tiles=1024 max_tile_n=5536 bin=13.98 up=0.02 kernel=0.02 d2h=7.11 compact=0.00 publish=0.02 total=25.15ms
2026-06-03 01:52:56.720 | info     |           Metal | Device kernel duration perf summary (device=0): count=1, min=276389973ns, avg=276389973.0ns, max=276389973ns (profiler_analysis.cpp:652)
2026-06-03 01:52:56.720 | info     |           Metal | Device kernel duration perf histogram (device=0): (buckets=10, bucket_size=100ns, range=[276389900..276390900), underflow(<276389900ns)=0, overflow(>=276390900ns)=0) (profiler_analysis.cpp:695)
2026-06-03 01:52:56.720 | info     |           Metal |   [   276389900 ..    276390000) |########################################|        1 (profiler_analysis.cpp:700)
2026-06-03 01:52:56.720 | info     |           Metal |   [   276390000 ..    276390100) |                                        |        0 (profiler_analysis.cpp:700)
2026-06-03 01:52:56.720 | info     |           Metal |   [   276390100 ..    276390200) |                                        |        0 (profiler_analysis.cpp:700)
2026-06-03 01:52:56.720 | info     |           Metal |   [   276390200 ..    276390300) |                                        |        0 (profiler_analysis.cpp:700)
2026-06-03 01:52:56.720 | info     |           Metal |   [   276390300 ..    276390400) |                                        |        0 (profiler_analysis.cpp:700)
2026-06-03 01:52:56.720 | info     |           Metal |   [   276390400 ..    276390500) |                                        |        0 (profiler_analysis.cpp:700)
2026-06-03 01:52:56.720 | info     |           Metal |   [   276390500 ..    276390600) |                                        |        0 (profiler_analysis.cpp:700)
2026-06-03 01:52:56.720 | info     |           Metal |   [   276390600 ..    276390700) |                                        |        0 (profiler_analysis.cpp:700)
2026-06-03 01:52:56.720 | info     |           Metal |   [   276390700 ..    276390800) |                                        |        0 (profiler_analysis.cpp:700)
2026-06-03 01:52:56.720 | info     |           Metal |   [   276390800 ..    276390900) |                                        |        0 (profiler_analysis.cpp:700)
2026-06-03 01:52:57.069 | info     |           Metal | Device kernel duration perf summary (device=0): count=1, min=280602879ns, avg=280602879.0ns, max=280602879ns (profiler_analysis.cpp:652)
2026-06-03 01:52:57.069 | info     |           Metal | Device kernel duration perf histogram (device=0): (buckets=10, bucket_size=100ns, range=[280602800..280603800), underflow(<280602800ns)=0, overflow(>=280603800ns)=0) (profiler_analysis.cpp:695)
2026-06-03 01:52:57.069 | info     |           Metal |   [   280602800 ..    280602900) |########################################|        1 (profiler_analysis.cpp:700)
2026-06-03 01:52:57.069 | info     |           Metal |   [   280602900 ..    280603000) |                                        |        0 (profiler_analysis.cpp:700)
2026-06-03 01:52:57.069 | info     |           Metal |   [   280603000 ..    280603100) |                                        |        0 (profiler_analysis.cpp:700)
2026-06-03 01:52:57.069 | info     |           Metal |   [   280603100 ..    280603200) |                                        |        0 (profiler_analysis.cpp:700)
2026-06-03 01:52:57.069 | info     |           Metal |   [   280603200 ..    280603300) |                                        |        0 (profiler_analysis.cpp:700)
2026-06-03 01:52:57.069 | info     |           Metal |   [   280603300 ..    280603400) |                                        |        0 (profiler_analysis.cpp:700)
2026-06-03 01:52:57.069 | info     |           Metal |   [   280603400 ..    280603500) |                                        |        0 (profiler_analysis.cpp:700)
2026-06-03 01:52:57.069 | info     |           Metal |   [   280603500 ..    280603600) |                                        |        0 (profiler_analysis.cpp:700)
2026-06-03 01:52:57.069 | info     |           Metal |   [   280603600 ..    280603700) |                                        |        0 (profiler_analysis.cpp:700)
2026-06-03 01:52:57.069 | info     |           Metal |   [   280603700 ..    280603800) |                                        |        0 (profiler_analysis.cpp:700)
[SORT] stage=RP P=1067596 P_kept=1067596 num_tiles=1024 max_tile_n=5104 bin=15.03 up=0.02 kernel=0.03 d2h=7.12 compact=0.00 publish=0.02 total=26.69ms
[SORT] stage=RP P=1024763 P_kept=1024763 num_tiles=1024 max_tile_n=4672 bin=15.39 up=0.02 kernel=0.02 d2h=7.13 compact=0.00 publish=0.02 total=27.16ms
2026-06-03 01:52:57.417 | info     |           Metal | Device kernel duration perf summary (device=0): count=1, min=280150387ns, avg=280150387.0ns, max=280150387ns (profiler_analysis.cpp:652)
2026-06-03 01:52:57.417 | info     |           Metal | Device kernel duration perf histogram (device=0): (buckets=10, bucket_size=100ns, range=[280150300..280151300), underflow(<280150300ns)=0, overflow(>=280151300ns)=0) (profiler_analysis.cpp:695)
2026-06-03 01:52:57.417 | info     |           Metal |   [   280150300 ..    280150400) |########################################|        1 (profiler_analysis.cpp:700)
2026-06-03 01:52:57.417 | info     |           Metal |   [   280150400 ..    280150500) |                                        |        0 (profiler_analysis.cpp:700)
2026-06-03 01:52:57.417 | info     |           Metal |   [   280150500 ..    280150600) |                                        |        0 (profiler_analysis.cpp:700)
2026-06-03 01:52:57.417 | info     |           Metal |   [   280150600 ..    280150700) |                                        |        0 (profiler_analysis.cpp:700)
2026-06-03 01:52:57.417 | info     |           Metal |   [   280150700 ..    280150800) |                                        |        0 (profiler_analysis.cpp:700)
2026-06-03 01:52:57.417 | info     |           Metal |   [   280150800 ..    280150900) |                                        |        0 (profiler_analysis.cpp:700)
2026-06-03 01:52:57.417 | info     |           Metal |   [   280150900 ..    280151000) |                                        |        0 (profiler_analysis.cpp:700)
2026-06-03 01:52:57.417 | info     |           Metal |   [   280151000 ..    280151100) |                                        |        0 (profiler_analysis.cpp:700)
2026-06-03 01:52:57.417 | info     |           Metal |   [   280151100 ..    280151200) |                                        |        0 (profiler_analysis.cpp:700)
2026-06-03 01:52:57.417 | info     |           Metal |   [   280151200 ..    280151300) |                                        |        0 (profiler_analysis.cpp:700)
[SORT] stage=RP P=779787 P_kept=779787 num_tiles=1024 max_tile_n=3616 bin=11.90 up=0.02 kernel=0.02 d2h=7.14 compact=0.00 publish=0.03 total=23.08ms
2026-06-03 01:52:57.747 | info     |           Metal | Device kernel duration perf summary (device=0): count=1, min=269771130ns, avg=269771130.0ns, max=269771130ns (profiler_analysis.cpp:652)
2026-06-03 01:52:57.747 | info     |           Metal | Device kernel duration perf histogram (device=0): (buckets=10, bucket_size=100ns, range=[269771100..269772100), underflow(<269771100ns)=0, overflow(>=269772100ns)=0) (profiler_analysis.cpp:695)
2026-06-03 01:52:57.747 | info     |           Metal |   [   269771100 ..    269771200) |########################################|        1 (profiler_analysis.cpp:700)
2026-06-03 01:52:57.747 | info     |           Metal |   [   269771200 ..    269771300) |                                        |        0 (profiler_analysis.cpp:700)
2026-06-03 01:52:57.747 | info     |           Metal |   [   269771300 ..    269771400) |                                        |        0 (profiler_analysis.cpp:700)
2026-06-03 01:52:57.747 | info     |           Metal |   [   269771400 ..    269771500) |                                        |        0 (profiler_analysis.cpp:700)
2026-06-03 01:52:57.747 | info     |           Metal |   [   269771500 ..    269771600) |                                        |        0 (profiler_analysis.cpp:700)
2026-06-03 01:52:57.747 | info     |           Metal |   [   269771600 ..    269771700) |                                        |        0 (profiler_analysis.cpp:700)
2026-06-03 01:52:57.747 | info     |           Metal |   [   269771700 ..    269771800) |                                        |        0 (profiler_analysis.cpp:700)
2026-06-03 01:52:57.747 | info     |           Metal |   [   269771800 ..    269771900) |                                        |        0 (profiler_analysis.cpp:700)
2026-06-03 01:52:57.747 | info     |           Metal |   [   269771900 ..    269772000) |                                        |        0 (profiler_analysis.cpp:700)
2026-06-03 01:52:57.747 | info     |           Metal |   [   269772000 ..    269772100) |                                        |        0 (profiler_analysis.cpp:700)
[SORT] stage=RP P=402318 P_kept=402318 num_tiles=1024 max_tile_n=2704 bin=9.21 up=0.02 kernel=0.02 d2h=7.12 compact=0.00 publish=0.02 total=19.46ms
2026-06-03 01:52:58.054 | info     |           Metal | Device kernel duration perf summary (device=0): count=1, min=259252621ns, avg=259252621.0ns, max=259252621ns (profiler_analysis.cpp:652)
2026-06-03 01:52:58.054 | info     |           Metal | Device kernel duration perf histogram (device=0): (buckets=10, bucket_size=100ns, range=[259252600..259253600), underflow(<259252600ns)=0, overflow(>=259253600ns)=0) (profiler_analysis.cpp:695)
2026-06-03 01:52:58.054 | info     |           Metal |   [   259252600 ..    259252700) |########################################|        1 (profiler_analysis.cpp:700)
2026-06-03 01:52:58.054 | info     |           Metal |   [   259252700 ..    259252800) |                                        |        0 (profiler_analysis.cpp:700)
2026-06-03 01:52:58.054 | info     |           Metal |   [   259252800 ..    259252900) |                                        |        0 (profiler_analysis.cpp:700)
2026-06-03 01:52:58.054 | info     |           Metal |   [   259252900 ..    259253000) |                                        |        0 (profiler_analysis.cpp:700)
2026-06-03 01:52:58.054 | info     |           Metal |   [   259253000 ..    259253100) |                                        |        0 (profiler_analysis.cpp:700)
2026-06-03 01:52:58.054 | info     |           Metal |   [   259253100 ..    259253200) |                                        |        0 (profiler_analysis.cpp:700)
2026-06-03 01:52:58.054 | info     |           Metal |   [   259253200 ..    259253300) |                                        |        0 (profiler_analysis.cpp:700)
2026-06-03 01:52:58.054 | info     |           Metal |   [   259253300 ..    259253400) |                                        |        0 (profiler_analysis.cpp:700)
2026-06-03 01:52:58.054 | info     |           Metal |   [   259253400 ..    259253500) |                                        |        0 (profiler_analysis.cpp:700)
2026-06-03 01:52:58.054 | info     |           Metal |   [   259253500 ..    259253600) |                                        |        0 (profiler_analysis.cpp:700)
2026-06-03 01:52:58.377 | info     |           Metal | Device kernel duration perf summary (device=0): count=1, min=267080303ns, avg=267080303.0ns, max=267080303ns (profiler_analysis.cpp:652)
2026-06-03 01:52:58.377 | info     |           Metal | Device kernel duration perf histogram (device=0): (buckets=10, bucket_size=100ns, range=[267080300..267081300), underflow(<267080300ns)=0, overflow(>=267081300ns)=0) (profiler_analysis.cpp:695)
2026-06-03 01:52:58.377 | info     |           Metal |   [   267080300 ..    267080400) |########################################|        1 (profiler_analysis.cpp:700)
2026-06-03 01:52:58.377 | info     |           Metal |   [   267080400 ..    267080500) |                                        |        0 (profiler_analysis.cpp:700)
2026-06-03 01:52:58.377 | info     |           Metal |   [   267080500 ..    267080600) |                                        |        0 (profiler_analysis.cpp:700)
2026-06-03 01:52:58.377 | info     |           Metal |   [   267080600 ..    267080700) |                                        |        0 (profiler_analysis.cpp:700)
2026-06-03 01:52:58.377 | info     |           Metal |   [   267080700 ..    267080800) |                                        |        0 (profiler_analysis.cpp:700)
2026-06-03 01:52:58.377 | info     |           Metal |   [   267080800 ..    267080900) |                                        |        0 (profiler_analysis.cpp:700)
2026-06-03 01:52:58.377 | info     |           Metal |   [   267080900 ..    267081000) |                                        |        0 (profiler_analysis.cpp:700)
2026-06-03 01:52:58.377 | info     |           Metal |   [   267081000 ..    267081100) |                                        |        0 (profiler_analysis.cpp:700)
2026-06-03 01:52:58.377 | info     |           Metal |   [   267081100 ..    267081200) |                                        |        0 (profiler_analysis.cpp:700)
2026-06-03 01:52:58.377 | info     |           Metal |   [   267081200 ..    267081300) |                                        |        0 (profiler_analysis.cpp:700)
[SORT] stage=RP P=638458 P_kept=638458 num_tiles=1024 max_tile_n=3360 bin=11.75 up=0.02 kernel=0.03 d2h=7.12 compact=0.00 publish=0.03 total=22.64ms
2026-06-03 01:52:58.692 | info     |           Metal | Device kernel duration perf summary (device=0): count=1, min=263081908ns, avg=263081908.0ns, max=263081908ns (profiler_analysis.cpp:652)
2026-06-03 01:52:58.692 | info     |           Metal | Device kernel duration perf histogram (device=0): (buckets=10, bucket_size=100ns, range=[263081900..263082900), underflow(<263081900ns)=0, overflow(>=263082900ns)=0) (profiler_analysis.cpp:695)
2026-06-03 01:52:58.692 | info     |           Metal |   [   263081900 ..    263082000) |########################################|        1 (profiler_analysis.cpp:700)
2026-06-03 01:52:58.692 | info     |           Metal |   [   263082000 ..    263082100) |                                        |        0 (profiler_analysis.cpp:700)
2026-06-03 01:52:58.692 | info     |           Metal |   [   263082100 ..    263082200) |                                        |        0 (profiler_analysis.cpp:700)
2026-06-03 01:52:58.692 | info     |           Metal |   [   263082200 ..    263082300) |                                        |        0 (profiler_analysis.cpp:700)
2026-06-03 01:52:58.692 | info     |           Metal |   [   263082300 ..    263082400) |                                        |        0 (profiler_analysis.cpp:700)
2026-06-03 01:52:58.692 | info     |           Metal |   [   263082400 ..    263082500) |                                        |        0 (profiler_analysis.cpp:700)
2026-06-03 01:52:58.692 | info     |           Metal |   [   263082500 ..    263082600) |                                        |        0 (profiler_analysis.cpp:700)
2026-06-03 01:52:58.692 | info     |           Metal |   [   263082600 ..    263082700) |                                        |        0 (profiler_analysis.cpp:700)
2026-06-03 01:52:58.692 | info     |           Metal |   [   263082700 ..    263082800) |                                        |        0 (profiler_analysis.cpp:700)
2026-06-03 01:52:58.692 | info     |           Metal |   [   263082800 ..    263082900) |                                        |        0 (profiler_analysis.cpp:700)
[SORT] stage=RP P=486800 P_kept=486800 num_tiles=1024 max_tile_n=3952 bin=10.08 up=0.02 kernel=0.02 d2h=7.14 compact=0.00 publish=0.02 total=20.68ms
[SORT] stage=RP P=602411 P_kept=602411 num_tiles=1024 max_tile_n=4432 bin=10.13 up=0.02 kernel=0.03 d2h=7.12 compact=0.00 publish=0.02 total=20.99ms
2026-06-03 01:52:59.016 | info     |           Metal | Device kernel duration perf summary (device=0): count=1, min=268423660ns, avg=268423660.0ns, max=268423660ns (profiler_analysis.cpp:652)
2026-06-03 01:52:59.016 | info     |           Metal | Device kernel duration perf histogram (device=0): (buckets=10, bucket_size=100ns, range=[268423600..268424600), underflow(<268423600ns)=0, overflow(>=268424600ns)=0) (profiler_analysis.cpp:695)
2026-06-03 01:52:59.016 | info     |           Metal |   [   268423600 ..    268423700) |########################################|        1 (profiler_analysis.cpp:700)
2026-06-03 01:52:59.016 | info     |           Metal |   [   268423700 ..    268423800) |                                        |        0 (profiler_analysis.cpp:700)
2026-06-03 01:52:59.016 | info     |           Metal |   [   268423800 ..    268423900) |                                        |        0 (profiler_analysis.cpp:700)
2026-06-03 01:52:59.016 | info     |           Metal |   [   268423900 ..    268424000) |                                        |        0 (profiler_analysis.cpp:700)
2026-06-03 01:52:59.016 | info     |           Metal |   [   268424000 ..    268424100) |                                        |        0 (profiler_analysis.cpp:700)
2026-06-03 01:52:59.016 | info     |           Metal |   [   268424100 ..    268424200) |                                        |        0 (profiler_analysis.cpp:700)
2026-06-03 01:52:59.016 | info     |           Metal |   [   268424200 ..    268424300) |                                        |        0 (profiler_analysis.cpp:700)
2026-06-03 01:52:59.016 | info     |           Metal |   [   268424300 ..    268424400) |                                        |        0 (profiler_analysis.cpp:700)
2026-06-03 01:52:59.016 | info     |           Metal |   [   268424400 ..    268424500) |                                        |        0 (profiler_analysis.cpp:700)
2026-06-03 01:52:59.016 | info     |           Metal |   [   268424500 ..    268424600) |                                        |        0 (profiler_analysis.cpp:700)
[SORT] stage=RP P=629297 P_kept=629297 num_tiles=1024 max_tile_n=4928 bin=11.45 up=0.02 kernel=0.02 d2h=7.13 compact=0.00 publish=0.02 total=22.36ms
2026-06-03 01:52:59.338 | info     |           Metal | Device kernel duration perf summary (device=0): count=1, min=266690346ns, avg=266690346.0ns, max=266690346ns (profiler_analysis.cpp:652)
2026-06-03 01:52:59.338 | info     |           Metal | Device kernel duration perf histogram (device=0): (buckets=10, bucket_size=100ns, range=[266690300..266691300), underflow(<266690300ns)=0, overflow(>=266691300ns)=0) (profiler_analysis.cpp:695)
2026-06-03 01:52:59.338 | info     |           Metal |   [   266690300 ..    266690400) |########################################|        1 (profiler_analysis.cpp:700)
2026-06-03 01:52:59.338 | info     |           Metal |   [   266690400 ..    266690500) |                                        |        0 (profiler_analysis.cpp:700)
2026-06-03 01:52:59.338 | info     |           Metal |   [   266690500 ..    266690600) |                                        |        0 (profiler_analysis.cpp:700)
2026-06-03 01:52:59.338 | info     |           Metal |   [   266690600 ..    266690700) |                                        |        0 (profiler_analysis.cpp:700)
2026-06-03 01:52:59.338 | info     |           Metal |   [   266690700 ..    266690800) |                                        |        0 (profiler_analysis.cpp:700)
2026-06-03 01:52:59.338 | info     |           Metal |   [   266690800 ..    266690900) |                                        |        0 (profiler_analysis.cpp:700)
2026-06-03 01:52:59.338 | info     |           Metal |   [   266690900 ..    266691000) |                                        |        0 (profiler_analysis.cpp:700)
2026-06-03 01:52:59.338 | info     |           Metal |   [   266691000 ..    266691100) |                                        |        0 (profiler_analysis.cpp:700)
2026-06-03 01:52:59.338 | info     |           Metal |   [   266691100 ..    266691200) |                                        |        0 (profiler_analysis.cpp:700)
2026-06-03 01:52:59.338 | info     |           Metal |   [   266691200 ..    266691300) |                                        |        0 (profiler_analysis.cpp:700)
[SORT] stage=RP P=574474 P_kept=574474 num_tiles=1024 max_tile_n=4784 bin=10.97 up=0.02 kernel=0.02 d2h=7.13 compact=0.00 publish=0.02 total=21.75ms
2026-06-03 01:52:59.659 | info     |           Metal | Device kernel duration perf summary (device=0): count=1, min=266848725ns, avg=266848725.0ns, max=266848725ns (profiler_analysis.cpp:652)
2026-06-03 01:52:59.659 | info     |           Metal | Device kernel duration perf histogram (device=0): (buckets=10, bucket_size=100ns, range=[266848700..266849700), underflow(<266848700ns)=0, overflow(>=266849700ns)=0) (profiler_analysis.cpp:695)
2026-06-03 01:52:59.659 | info     |           Metal |   [   266848700 ..    266848800) |########################################|        1 (profiler_analysis.cpp:700)
2026-06-03 01:52:59.659 | info     |           Metal |   [   266848800 ..    266848900) |                                        |        0 (profiler_analysis.cpp:700)
2026-06-03 01:52:59.659 | info     |           Metal |   [   266848900 ..    266849000) |                                        |        0 (profiler_analysis.cpp:700)
2026-06-03 01:52:59.659 | info     |           Metal |   [   266849000 ..    266849100) |                                        |        0 (profiler_analysis.cpp:700)
2026-06-03 01:52:59.659 | info     |           Metal |   [   266849100 ..    266849200) |                                        |        0 (profiler_analysis.cpp:700)
2026-06-03 01:52:59.659 | info     |           Metal |   [   266849200 ..    266849300) |                                        |        0 (profiler_analysis.cpp:700)
2026-06-03 01:52:59.659 | info     |           Metal |   [   266849300 ..    266849400) |                                        |        0 (profiler_analysis.cpp:700)
2026-06-03 01:52:59.659 | info     |           Metal |   [   266849400 ..    266849500) |                                        |        0 (profiler_analysis.cpp:700)
2026-06-03 01:52:59.659 | info     |           Metal |   [   266849500 ..    266849600) |                                        |        0 (profiler_analysis.cpp:700)
2026-06-03 01:52:59.659 | info     |           Metal |   [   266849600 ..    266849700) |                                        |        0 (profiler_analysis.cpp:700)
[SORT] stage=RP P=508814 P_kept=508814 num_tiles=1024 max_tile_n=4560 bin=10.33 up=0.02 kernel=0.02 d2h=7.12 compact=0.00 publish=0.02 total=21.04ms
2026-06-03 01:52:59.976 | info     |           Metal | Device kernel duration perf summary (device=0): count=1, min=264085425ns, avg=264085425.0ns, max=264085425ns (profiler_analysis.cpp:652)
2026-06-03 01:52:59.976 | info     |           Metal | Device kernel duration perf histogram (device=0): (buckets=10, bucket_size=100ns, range=[264085400..264086400), underflow(<264085400ns)=0, overflow(>=264086400ns)=0) (profiler_analysis.cpp:695)
2026-06-03 01:52:59.976 | info     |           Metal |   [   264085400 ..    264085500) |########################################|        1 (profiler_analysis.cpp:700)
2026-06-03 01:52:59.976 | info     |           Metal |   [   264085500 ..    264085600) |                                        |        0 (profiler_analysis.cpp:700)
2026-06-03 01:52:59.976 | info     |           Metal |   [   264085600 ..    264085700) |                                        |        0 (profiler_analysis.cpp:700)
2026-06-03 01:52:59.976 | info     |           Metal |   [   264085700 ..    264085800) |                                        |        0 (profiler_analysis.cpp:700)
2026-06-03 01:52:59.976 | info     |           Metal |   [   264085800 ..    264085900) |                                        |        0 (profiler_analysis.cpp:700)
2026-06-03 01:52:59.976 | info     |           Metal |   [   264085900 ..    264086000) |                                        |        0 (profiler_analysis.cpp:700)
2026-06-03 01:52:59.976 | info     |           Metal |   [   264086000 ..    264086100) |                                        |        0 (profiler_analysis.cpp:700)
2026-06-03 01:52:59.976 | info     |           Metal |   [   264086100 ..    264086200) |                                        |        0 (profiler_analysis.cpp:700)
2026-06-03 01:52:59.976 | info     |           Metal |   [   264086200 ..    264086300) |                                        |        0 (profiler_analysis.cpp:700)
2026-06-03 01:52:59.976 | info     |           Metal |   [   264086300 ..    264086400) |                                        |        0 (profiler_analysis.cpp:700)
[SORT] stage=RP P=414994 P_kept=414994 num_tiles=1024 max_tile_n=3520 bin=9.22 up=0.02 kernel=0.02 d2h=7.12 compact=0.00 publish=0.02 total=19.63ms
2026-06-03 01:53:00.287 | info     |           Metal | Device kernel duration perf summary (device=0): count=1, min=260735690ns, avg=260735690.0ns, max=260735690ns (profiler_analysis.cpp:652)
2026-06-03 01:53:00.287 | info     |           Metal | Device kernel duration perf histogram (device=0): (buckets=10, bucket_size=100ns, range=[260735600..260736600), underflow(<260735600ns)=0, overflow(>=260736600ns)=0) (profiler_analysis.cpp:695)
2026-06-03 01:53:00.287 | info     |           Metal |   [   260735600 ..    260735700) |########################################|        1 (profiler_analysis.cpp:700)
2026-06-03 01:53:00.287 | info     |           Metal |   [   260735700 ..    260735800) |                                        |        0 (profiler_analysis.cpp:700)
2026-06-03 01:53:00.287 | info     |           Metal |   [   260735800 ..    260735900) |                                        |        0 (profiler_analysis.cpp:700)
2026-06-03 01:53:00.287 | info     |           Metal |   [   260735900 ..    260736000) |                                        |        0 (profiler_analysis.cpp:700)
2026-06-03 01:53:00.287 | info     |           Metal |   [   260736000 ..    260736100) |                                        |        0 (profiler_analysis.cpp:700)
2026-06-03 01:53:00.287 | info     |           Metal |   [   260736100 ..    260736200) |                                        |        0 (profiler_analysis.cpp:700)
2026-06-03 01:53:00.287 | info     |           Metal |   [   260736200 ..    260736300) |                                        |        0 (profiler_analysis.cpp:700)
2026-06-03 01:53:00.287 | info     |           Metal |   [   260736300 ..    260736400) |                                        |        0 (profiler_analysis.cpp:700)
2026-06-03 01:53:00.287 | info     |           Metal |   [   260736400 ..    260736500) |                                        |        0 (profiler_analysis.cpp:700)
2026-06-03 01:53:00.287 | info     |           Metal |   [   260736500 ..    260736600) |                                        |        0 (profiler_analysis.cpp:700)
[SORT] stage=RP P=245802 P_kept=245802 num_tiles=1024 max_tile_n=2704 bin=7.39 up=0.02 kernel=0.02 d2h=7.13 compact=0.00 publish=0.02 total=17.41ms
2026-06-03 01:53:00.594 | info     |           Metal | Device kernel duration perf summary (device=0): count=1, min=262301702ns, avg=262301702.0ns, max=262301702ns (profiler_analysis.cpp:652)
2026-06-03 01:53:00.594 | info     |           Metal | Device kernel duration perf histogram (device=0): (buckets=10, bucket_size=100ns, range=[262301700..262302700), underflow(<262301700ns)=0, overflow(>=262302700ns)=0) (profiler_analysis.cpp:695)
2026-06-03 01:53:00.594 | info     |           Metal |   [   262301700 ..    262301800) |########################################|        1 (profiler_analysis.cpp:700)
2026-06-03 01:53:00.594 | info     |           Metal |   [   262301800 ..    262301900) |                                        |        0 (profiler_analysis.cpp:700)
2026-06-03 01:53:00.594 | info     |           Metal |   [   262301900 ..    262302000) |                                        |        0 (profiler_analysis.cpp:700)
2026-06-03 01:53:00.594 | info     |           Metal |   [   262302000 ..    262302100) |                                        |        0 (profiler_analysis.cpp:700)
2026-06-03 01:53:00.594 | info     |           Metal |   [   262302100 ..    262302200) |                                        |        0 (profiler_analysis.cpp:700)
2026-06-03 01:53:00.594 | info     |           Metal |   [   262302200 ..    262302300) |                                        |        0 (profiler_analysis.cpp:700)
2026-06-03 01:53:00.594 | info     |           Metal |   [   262302300 ..    262302400) |                                        |        0 (profiler_analysis.cpp:700)
2026-06-03 01:53:00.594 | info     |           Metal |   [   262302400 ..    262302500) |                                        |        0 (profiler_analysis.cpp:700)
2026-06-03 01:53:00.594 | info     |           Metal |   [   262302500 ..    262302600) |                                        |        0 (profiler_analysis.cpp:700)
2026-06-03 01:53:00.594 | info     |           Metal |   [   262302600 ..    262302700) |                                        |        0 (profiler_analysis.cpp:700)
[SORT] stage=RP P=162380 P_kept=162380 num_tiles=1024 max_tile_n=1744 bin=6.38 up=0.02 kernel=0.02 d2h=7.18 compact=0.00 publish=0.02 total=16.16ms
2026-06-03 01:53:00.887 | info     |           Metal | Device kernel duration perf summary (device=0): count=1, min=251607550ns, avg=251607550.0ns, max=251607550ns (profiler_analysis.cpp:652)
2026-06-03 01:53:00.887 | info     |           Metal | Device kernel duration perf histogram (device=0): (buckets=10, bucket_size=100ns, range=[251607500..251608500), underflow(<251607500ns)=0, overflow(>=251608500ns)=0) (profiler_analysis.cpp:695)
2026-06-03 01:53:00.887 | info     |           Metal |   [   251607500 ..    251607600) |########################################|        1 (profiler_analysis.cpp:700)
2026-06-03 01:53:00.887 | info     |           Metal |   [   251607600 ..    251607700) |                                        |        0 (profiler_analysis.cpp:700)
2026-06-03 01:53:00.887 | info     |           Metal |   [   251607700 ..    251607800) |                                        |        0 (profiler_analysis.cpp:700)
2026-06-03 01:53:00.887 | info     |           Metal |   [   251607800 ..    251607900) |                                        |        0 (profiler_analysis.cpp:700)
2026-06-03 01:53:00.887 | info     |           Metal |   [   251607900 ..    251608000) |                                        |        0 (profiler_analysis.cpp:700)
2026-06-03 01:53:00.887 | info     |           Metal |   [   251608000 ..    251608100) |                                        |        0 (profiler_analysis.cpp:700)
2026-06-03 01:53:00.887 | info     |           Metal |   [   251608100 ..    251608200) |                                        |        0 (profiler_analysis.cpp:700)
2026-06-03 01:53:00.887 | info     |           Metal |   [   251608200 ..    251608300) |                                        |        0 (profiler_analysis.cpp:700)
2026-06-03 01:53:00.887 | info     |           Metal |   [   251608300 ..    251608400) |                                        |        0 (profiler_analysis.cpp:700)
2026-06-03 01:53:00.887 | info     |           Metal |   [   251608400 ..    251608500) |                                        |        0 (profiler_analysis.cpp:700)
[SORT] stage=RP P=588050 P_kept=588050 num_tiles=1024 max_tile_n=4864 bin=11.08 up=0.02 kernel=0.02 d2h=7.12 compact=0.00 publish=0.02 total=21.87ms
2026-06-03 01:53:01.207 | info     |           Metal | Device kernel duration perf summary (device=0): count=1, min=267326082ns, avg=267326082.0ns, max=267326082ns (profiler_analysis.cpp:652)
2026-06-03 01:53:01.207 | info     |           Metal | Device kernel duration perf histogram (device=0): (buckets=10, bucket_size=100ns, range=[267326000..267327000), underflow(<267326000ns)=0, overflow(>=267327000ns)=0) (profiler_analysis.cpp:695)
2026-06-03 01:53:01.207 | info     |           Metal |   [   267326000 ..    267326100) |########################################|        1 (profiler_analysis.cpp:700)
2026-06-03 01:53:01.207 | info     |           Metal |   [   267326100 ..    267326200) |                                        |        0 (profiler_analysis.cpp:700)
2026-06-03 01:53:01.207 | info     |           Metal |   [   267326200 ..    267326300) |                                        |        0 (profiler_analysis.cpp:700)
2026-06-03 01:53:01.207 | info     |           Metal |   [   267326300 ..    267326400) |                                        |        0 (profiler_analysis.cpp:700)
2026-06-03 01:53:01.207 | info     |           Metal |   [   267326400 ..    267326500) |                                        |        0 (profiler_analysis.cpp:700)
2026-06-03 01:53:01.207 | info     |           Metal |   [   267326500 ..    267326600) |                                        |        0 (profiler_analysis.cpp:700)
2026-06-03 01:53:01.207 | info     |           Metal |   [   267326600 ..    267326700) |                                        |        0 (profiler_analysis.cpp:700)
2026-06-03 01:53:01.207 | info     |           Metal |   [   267326700 ..    267326800) |                                        |        0 (profiler_analysis.cpp:700)
2026-06-03 01:53:01.207 | info     |           Metal |   [   267326800 ..    267326900) |                                        |        0 (profiler_analysis.cpp:700)
2026-06-03 01:53:01.207 | info     |           Metal |   [   267326900 ..    267327000) |                                        |        0 (profiler_analysis.cpp:700)
[SORT] stage=RP P=854460 P_kept=854460 num_tiles=1024 max_tile_n=5152 bin=13.93 up=0.02 kernel=0.02 d2h=7.13 compact=0.00 publish=0.02 total=25.34ms
2026-06-03 01:53:01.545 | info     |           Metal | Device kernel duration perf summary (device=0): count=1, min=274538433ns, avg=274538433.0ns, max=274538433ns (profiler_analysis.cpp:652)
2026-06-03 01:53:01.545 | info     |           Metal | Device kernel duration perf histogram (device=0): (buckets=10, bucket_size=100ns, range=[274538400..274539400), underflow(<274538400ns)=0, overflow(>=274539400ns)=0) (profiler_analysis.cpp:695)
2026-06-03 01:53:01.545 | info     |           Metal |   [   274538400 ..    274538500) |########################################|        1 (profiler_analysis.cpp:700)
2026-06-03 01:53:01.545 | info     |           Metal |   [   274538500 ..    274538600) |                                        |        0 (profiler_analysis.cpp:700)
2026-06-03 01:53:01.545 | info     |           Metal |   [   274538600 ..    274538700) |                                        |        0 (profiler_analysis.cpp:700)
2026-06-03 01:53:01.545 | info     |           Metal |   [   274538700 ..    274538800) |                                        |        0 (profiler_analysis.cpp:700)
2026-06-03 01:53:01.545 | info     |           Metal |   [   274538800 ..    274538900) |                                        |        0 (profiler_analysis.cpp:700)
2026-06-03 01:53:01.545 | info     |           Metal |   [   274538900 ..    274539000) |                                        |        0 (profiler_analysis.cpp:700)
2026-06-03 01:53:01.545 | info     |           Metal |   [   274539000 ..    274539100) |                                        |        0 (profiler_analysis.cpp:700)
2026-06-03 01:53:01.545 | info     |           Metal |   [   274539100 ..    274539200) |                                        |        0 (profiler_analysis.cpp:700)
2026-06-03 01:53:01.545 | info     |           Metal |   [   274539200 ..    274539300) |                                        |        0 (profiler_analysis.cpp:700)
2026-06-03 01:53:01.545 | info     |           Metal |   [   274539300 ..    274539400) |                                        |        0 (profiler_analysis.cpp:700)
[SORT] stage=RP P=840033 P_kept=840033 num_tiles=1024 max_tile_n=4704 bin=13.63 up=0.02 kernel=0.02 d2h=7.12 compact=0.00 publish=0.02 total=25.03ms
2026-06-03 01:53:01.881 | info     |           Metal | Device kernel duration perf summary (device=0): count=1, min=273572622ns, avg=273572622.0ns, max=273572622ns (profiler_analysis.cpp:652)
2026-06-03 01:53:01.881 | info     |           Metal | Device kernel duration perf histogram (device=0): (buckets=10, bucket_size=100ns, range=[273572600..273573600), underflow(<273572600ns)=0, overflow(>=273573600ns)=0) (profiler_analysis.cpp:695)
2026-06-03 01:53:01.881 | info     |           Metal |   [   273572600 ..    273572700) |########################################|        1 (profiler_analysis.cpp:700)
2026-06-03 01:53:01.881 | info     |           Metal |   [   273572700 ..    273572800) |                                        |        0 (profiler_analysis.cpp:700)
2026-06-03 01:53:01.881 | info     |           Metal |   [   273572800 ..    273572900) |                                        |        0 (profiler_analysis.cpp:700)
2026-06-03 01:53:01.881 | info     |           Metal |   [   273572900 ..    273573000) |                                        |        0 (profiler_analysis.cpp:700)
2026-06-03 01:53:01.881 | info     |           Metal |   [   273573000 ..    273573100) |                                        |        0 (profiler_analysis.cpp:700)
2026-06-03 01:53:01.881 | info     |           Metal |   [   273573100 ..    273573200) |                                        |        0 (profiler_analysis.cpp:700)
2026-06-03 01:53:01.881 | info     |           Metal |   [   273573200 ..    273573300) |                                        |        0 (profiler_analysis.cpp:700)
2026-06-03 01:53:01.881 | info     |           Metal |   [   273573300 ..    273573400) |                                        |        0 (profiler_analysis.cpp:700)
2026-06-03 01:53:01.881 | info     |           Metal |   [   273573400 ..    273573500) |                                        |        0 (profiler_analysis.cpp:700)
2026-06-03 01:53:01.881 | info     |           Metal |   [   273573500 ..    273573600) |                                        |        0 (profiler_analysis.cpp:700)
[SORT] stage=RP P=1077452 P_kept=1077452 num_tiles=1024 max_tile_n=5408 bin=16.62 up=0.02 kernel=0.02 d2h=7.14 compact=0.00 publish=0.02 total=28.48ms
2026-06-03 01:53:02.234 | info     |           Metal | Device kernel duration perf summary (device=0): count=1, min=283182454ns, avg=283182454.0ns, max=283182454ns (profiler_analysis.cpp:652)
2026-06-03 01:53:02.234 | info     |           Metal | Device kernel duration perf histogram (device=0): (buckets=10, bucket_size=100ns, range=[283182400..283183400), underflow(<283182400ns)=0, overflow(>=283183400ns)=0) (profiler_analysis.cpp:695)
2026-06-03 01:53:02.234 | info     |           Metal |   [   283182400 ..    283182500) |########################################|        1 (profiler_analysis.cpp:700)
2026-06-03 01:53:02.234 | info     |           Metal |   [   283182500 ..    283182600) |                                        |        0 (profiler_analysis.cpp:700)
2026-06-03 01:53:02.234 | info     |           Metal |   [   283182600 ..    283182700) |                                        |        0 (profiler_analysis.cpp:700)
2026-06-03 01:53:02.234 | info     |           Metal |   [   283182700 ..    283182800) |                                        |        0 (profiler_analysis.cpp:700)
2026-06-03 01:53:02.234 | info     |           Metal |   [   283182800 ..    283182900) |                                        |        0 (profiler_analysis.cpp:700)
2026-06-03 01:53:02.234 | info     |           Metal |   [   283182900 ..    283183000) |                                        |        0 (profiler_analysis.cpp:700)
2026-06-03 01:53:02.234 | info     |           Metal |   [   283183000 ..    283183100) |                                        |        0 (profiler_analysis.cpp:700)
2026-06-03 01:53:02.234 | info     |           Metal |   [   283183100 ..    283183200) |                                        |        0 (profiler_analysis.cpp:700)
2026-06-03 01:53:02.234 | info     |           Metal |   [   283183200 ..    283183300) |                                        |        0 (profiler_analysis.cpp:700)
2026-06-03 01:53:02.234 | info     |           Metal |   [   283183300 ..    283183400) |                                        |        0 (profiler_analysis.cpp:700)
[SORT] stage=RP P=1175882 P_kept=1175882 num_tiles=1024 max_tile_n=5312 bin=17.70 up=0.02 kernel=0.03 d2h=7.13 compact=0.00 publish=0.03 total=29.72ms
2026-06-03 01:53:02.601 | info     |           Metal | Device kernel duration perf summary (device=0): count=1, min=288268774ns, avg=288268774.0ns, max=288268774ns (profiler_analysis.cpp:652)
2026-06-03 01:53:02.601 | info     |           Metal | Device kernel duration perf histogram (device=0): (buckets=10, bucket_size=100ns, range=[288268700..288269700), underflow(<288268700ns)=0, overflow(>=288269700ns)=0) (profiler_analysis.cpp:695)
2026-06-03 01:53:02.601 | info     |           Metal |   [   288268700 ..    288268800) |########################################|        1 (profiler_analysis.cpp:700)
2026-06-03 01:53:02.601 | info     |           Metal |   [   288268800 ..    288268900) |                                        |        0 (profiler_analysis.cpp:700)
2026-06-03 01:53:02.601 | info     |           Metal |   [   288268900 ..    288269000) |                                        |        0 (profiler_analysis.cpp:700)
2026-06-03 01:53:02.601 | info     |           Metal |   [   288269000 ..    288269100) |                                        |        0 (profiler_analysis.cpp:700)
2026-06-03 01:53:02.601 | info     |           Metal |   [   288269100 ..    288269200) |                                        |        0 (profiler_analysis.cpp:700)
2026-06-03 01:53:02.601 | info     |           Metal |   [   288269200 ..    288269300) |                                        |        0 (profiler_analysis.cpp:700)
2026-06-03 01:53:02.601 | info     |           Metal |   [   288269300 ..    288269400) |                                        |        0 (profiler_analysis.cpp:700)
2026-06-03 01:53:02.601 | info     |           Metal |   [   288269400 ..    288269500) |                                        |        0 (profiler_analysis.cpp:700)
2026-06-03 01:53:02.601 | info     |           Metal |   [   288269500 ..    288269600) |                                        |        0 (profiler_analysis.cpp:700)
2026-06-03 01:53:02.601 | info     |           Metal |   [   288269600 ..    288269700) |                                        |        0 (profiler_analysis.cpp:700)
[SORT] stage=RP P=662931 P_kept=662931 num_tiles=1024 max_tile_n=5184 bin=12.12 up=0.02 kernel=0.02 d2h=7.13 compact=0.00 publish=0.02 total=23.22ms
2026-06-03 01:53:02.930 | info     |           Metal | Device kernel duration perf summary (device=0): count=1, min=271468062ns, avg=271468062.0ns, max=271468062ns (profiler_analysis.cpp:652)
2026-06-03 01:53:02.930 | info     |           Metal | Device kernel duration perf histogram (device=0): (buckets=10, bucket_size=100ns, range=[271468000..271469000), underflow(<271468000ns)=0, overflow(>=271469000ns)=0) (profiler_analysis.cpp:695)
2026-06-03 01:53:02.930 | info     |           Metal |   [   271468000 ..    271468100) |########################################|        1 (profiler_analysis.cpp:700)
2026-06-03 01:53:02.930 | info     |           Metal |   [   271468100 ..    271468200) |                                        |        0 (profiler_analysis.cpp:700)
2026-06-03 01:53:02.930 | info     |           Metal |   [   271468200 ..    271468300) |                                        |        0 (profiler_analysis.cpp:700)
2026-06-03 01:53:02.930 | info     |           Metal |   [   271468300 ..    271468400) |                                        |        0 (profiler_analysis.cpp:700)
2026-06-03 01:53:02.930 | info     |           Metal |   [   271468400 ..    271468500) |                                        |        0 (profiler_analysis.cpp:700)
2026-06-03 01:53:02.930 | info     |           Metal |   [   271468500 ..    271468600) |                                        |        0 (profiler_analysis.cpp:700)
2026-06-03 01:53:02.930 | info     |           Metal |   [   271468600 ..    271468700) |                                        |        0 (profiler_analysis.cpp:700)
2026-06-03 01:53:02.930 | info     |           Metal |   [   271468700 ..    271468800) |                                        |        0 (profiler_analysis.cpp:700)
2026-06-03 01:53:02.930 | info     |           Metal |   [   271468800 ..    271468900) |                                        |        0 (profiler_analysis.cpp:700)
2026-06-03 01:53:02.930 | info     |           Metal |   [   271468900 ..    271469000) |                                        |        0 (profiler_analysis.cpp:700)
[SORT] stage=RP P=1298085 P_kept=1298085 num_tiles=1024 max_tile_n=18608 bin=19.57 up=0.02 kernel=0.02 d2h=7.14 compact=0.00 publish=0.02 total=32.34ms
2026-06-03 01:53:03.301 | info     |           Metal | Device kernel duration perf summary (device=0): count=1, min=295915450ns, avg=295915450.0ns, max=295915450ns (profiler_analysis.cpp:652)
2026-06-03 01:53:03.301 | info     |           Metal | Device kernel duration perf histogram (device=0): (buckets=10, bucket_size=100ns, range=[295915400..295916400), underflow(<295915400ns)=0, overflow(>=295916400ns)=0) (profiler_analysis.cpp:695)
2026-06-03 01:53:03.301 | info     |           Metal |   [   295915400 ..    295915500) |########################################|        1 (profiler_analysis.cpp:700)
2026-06-03 01:53:03.301 | info     |           Metal |   [   295915500 ..    295915600) |                                        |        0 (profiler_analysis.cpp:700)
2026-06-03 01:53:03.301 | info     |           Metal |   [   295915600 ..    295915700) |                                        |        0 (profiler_analysis.cpp:700)
2026-06-03 01:53:03.301 | info     |           Metal |   [   295915700 ..    295915800) |                                        |        0 (profiler_analysis.cpp:700)
2026-06-03 01:53:03.301 | info     |           Metal |   [   295915800 ..    295915900) |                                        |        0 (profiler_analysis.cpp:700)
2026-06-03 01:53:03.301 | info     |           Metal |   [   295915900 ..    295916000) |                                        |        0 (profiler_analysis.cpp:700)
2026-06-03 01:53:03.301 | info     |           Metal |   [   295916000 ..    295916100) |                                        |        0 (profiler_analysis.cpp:700)
2026-06-03 01:53:03.301 | info     |           Metal |   [   295916100 ..    295916200) |                                        |        0 (profiler_analysis.cpp:700)
2026-06-03 01:53:03.301 | info     |           Metal |   [   295916200 ..    295916300) |                                        |        0 (profiler_analysis.cpp:700)
2026-06-03 01:53:03.301 | info     |           Metal |   [   295916300 ..    295916400) |                                        |        0 (profiler_analysis.cpp:700)
2026-06-03 01:53:03.606 | info     |           Metal | Device kernel duration perf summary (device=0): count=1, min=259896265ns, avg=259896265.0ns, max=259896265ns (profiler_analysis.cpp:652)
2026-06-03 01:53:03.606 | info     |           Metal | Device kernel duration perf histogram (device=0): (buckets=10, bucket_size=100ns, range=[259896200..259897200), underflow(<259896200ns)=0, overflow(>=259897200ns)=0) (profiler_analysis.cpp:695)
2026-06-03 01:53:03.606 | info     |           Metal |   [   259896200 ..    259896300) |########################################|        1 (profiler_analysis.cpp:700)
2026-06-03 01:53:03.606 | info     |           Metal |   [   259896300 ..    259896400) |                                        |        0 (profiler_analysis.cpp:700)
2026-06-03 01:53:03.606 | info     |           Metal |   [   259896400 ..    259896500) |                                        |        0 (profiler_analysis.cpp:700)
2026-06-03 01:53:03.606 | info     |           Metal |   [   259896500 ..    259896600) |                                        |        0 (profiler_analysis.cpp:700)
2026-06-03 01:53:03.606 | info     |           Metal |   [   259896600 ..    259896700) |                                        |        0 (profiler_analysis.cpp:700)
2026-06-03 01:53:03.606 | info     |           Metal |   [   259896700 ..    259896800) |                                        |        0 (profiler_analysis.cpp:700)
2026-06-03 01:53:03.606 | info     |           Metal |   [   259896800 ..    259896900) |                                        |        0 (profiler_analysis.cpp:700)
2026-06-03 01:53:03.606 | info     |           Metal |   [   259896900 ..    259897000) |                                        |        0 (profiler_analysis.cpp:700)
2026-06-03 01:53:03.606 | info     |           Metal |   [   259897000 ..    259897100) |                                        |        0 (profiler_analysis.cpp:700)
2026-06-03 01:53:03.606 | info     |           Metal |   [   259897100 ..    259897200) |                                        |        0 (profiler_analysis.cpp:700)
[SORT] stage=RP P=262468 P_kept=262468 num_tiles=1024 max_tile_n=4464 bin=7.38 up=0.02 kernel=0.02 d2h=7.12 compact=0.00 publish=0.02 total=16.91ms
2026-06-03 01:53:03.891 | info     |           Metal | Device kernel duration perf summary (device=0): count=1, min=246261546ns, avg=246261546.0ns, max=246261546ns (profiler_analysis.cpp:652)
2026-06-03 01:53:03.891 | info     |           Metal | Device kernel duration perf histogram (device=0): (buckets=10, bucket_size=100ns, range=[246261500..246262500), underflow(<246261500ns)=0, overflow(>=246262500ns)=0) (profiler_analysis.cpp:695)
2026-06-03 01:53:03.891 | info     |           Metal |   [   246261500 ..    246261600) |########################################|        1 (profiler_analysis.cpp:700)
2026-06-03 01:53:03.891 | info     |           Metal |   [   246261600 ..    246261700) |                                        |        0 (profiler_analysis.cpp:700)
2026-06-03 01:53:03.891 | info     |           Metal |   [   246261700 ..    246261800) |                                        |        0 (profiler_analysis.cpp:700)
2026-06-03 01:53:03.891 | info     |           Metal |   [   246261800 ..    246261900) |                                        |        0 (profiler_analysis.cpp:700)
2026-06-03 01:53:03.891 | info     |           Metal |   [   246261900 ..    246262000) |                                        |        0 (profiler_analysis.cpp:700)
2026-06-03 01:53:03.891 | info     |           Metal |   [   246262000 ..    246262100) |                                        |        0 (profiler_analysis.cpp:700)
2026-06-03 01:53:03.891 | info     |           Metal |   [   246262100 ..    246262200) |                                        |        0 (profiler_analysis.cpp:700)
2026-06-03 01:53:03.891 | info     |           Metal |   [   246262200 ..    246262300) |                                        |        0 (profiler_analysis.cpp:700)
2026-06-03 01:53:03.891 | info     |           Metal |   [   246262300 ..    246262400) |                                        |        0 (profiler_analysis.cpp:700)
2026-06-03 01:53:03.891 | info     |           Metal |   [   246262400 ..    246262500) |                                        |        0 (profiler_analysis.cpp:700)
[SORT] stage=RP P=107247 P_kept=107247 num_tiles=1024 max_tile_n=1664 bin=5.86 up=0.02 kernel=0.02 d2h=7.12 compact=0.00 publish=0.02 total=15.17ms
[SORT] stage=RP P=742945 P_kept=742945 num_tiles=1024 max_tile_n=4720 bin=12.66 up=0.02 kernel=0.02 d2h=7.13 compact=0.00 publish=0.02 total=23.85ms
2026-06-03 01:53:04.238 | info     |           Metal | Device kernel duration perf summary (device=0): count=1, min=271277575ns, avg=271277575.0ns, max=271277575ns (profiler_analysis.cpp:652)
2026-06-03 01:53:04.238 | info     |           Metal | Device kernel duration perf histogram (device=0): (buckets=10, bucket_size=100ns, range=[271277500..271278500), underflow(<271277500ns)=0, overflow(>=271278500ns)=0) (profiler_analysis.cpp:695)
2026-06-03 01:53:04.238 | info     |           Metal |   [   271277500 ..    271277600) |########################################|        1 (profiler_analysis.cpp:700)
2026-06-03 01:53:04.238 | info     |           Metal |   [   271277600 ..    271277700) |                                        |        0 (profiler_analysis.cpp:700)
2026-06-03 01:53:04.238 | info     |           Metal |   [   271277700 ..    271277800) |                                        |        0 (profiler_analysis.cpp:700)
2026-06-03 01:53:04.238 | info     |           Metal |   [   271277800 ..    271277900) |                                        |        0 (profiler_analysis.cpp:700)
2026-06-03 01:53:04.238 | info     |           Metal |   [   271277900 ..    271278000) |                                        |        0 (profiler_analysis.cpp:700)
2026-06-03 01:53:04.238 | info     |           Metal |   [   271278000 ..    271278100) |                                        |        0 (profiler_analysis.cpp:700)
2026-06-03 01:53:04.238 | info     |           Metal |   [   271278100 ..    271278200) |                                        |        0 (profiler_analysis.cpp:700)
2026-06-03 01:53:04.238 | info     |           Metal |   [   271278200 ..    271278300) |                                        |        0 (profiler_analysis.cpp:700)
2026-06-03 01:53:04.238 | info     |           Metal |   [   271278300 ..    271278400) |                                        |        0 (profiler_analysis.cpp:700)
2026-06-03 01:53:04.238 | info     |           Metal |   [   271278400 ..    271278500) |                                        |        0 (profiler_analysis.cpp:700)
SUMMARY backend=tt blend_mode=2 views=30 hero_vs_gt=46.78dB hero_vs_ref=63.85dB min_vs_ref=56.54dB min_vs_gt=41.19dB ms/view=149.5 (proj=21.5 ta=5.2 sort=17.1 cull=0.0 blend=34.6) shot=opt/metal-screenshots/a003-verify-20260603T015304Z/hero.png shot_diff=opt/metal-screenshots/a003-verify-20260603T015304Z/hero_diff10.png
[render-inner] a003_verify rc=0

Queue delay: 13 ns
Timer resolution: 0 ns

Frames: 2
Time span: 20.52 s
Zones: 1,579,352
Elapsed time: 20.42 s
Saving trace... done!
Trace size 16.18 MB (25.52% ratio)
2026-06-03 01:53:07.816 | INFO     | tracy:generate_report:154 - Host side ops time report generated at /localdev/smarton/gstt2/opt/profiler/wrap_out_ttw-045/.logs/tracy_ops_times.csv
2026-06-03 01:53:07.845 | INFO     | tracy:generate_report:165 - Host side ops data report generated at /localdev/smarton/gstt2/opt/profiler/wrap_out_ttw-045/.logs/tracy_ops_data.csv
2026-06-03 01:53:07.846 | INFO     | tracy.process_ops_logs:import_tracy_op_logs:255 - Importing ops logs
/localdev/smarton/tt-metal/tools/tracy/process_ops_logs.py:360: DtypeWarning: Columns (3) have mixed types. Specify dtype option on import or set low_memory=False.
  df = pd.read_csv(tracyOpTimesLog)
2026-06-03 01:53:10.124 | INFO     | tracy.process_ops_logs:get_device_data_generate_report:1014 - Copying runtime artifacts
2026-06-03 01:53:10.211 | INFO     | tracy.process_ops_logs:get_device_data_generate_report:1020 - Getting device only ops data
2026-06-03 01:53:13.716 | INFO     | tracy.process_device_log:core_to_device_timeseries:416 - Importing Data For Device Number : 0
2026-06-03 01:53:19.842 | INFO     | tracy.process_ops_logs:get_device_data_generate_report:1032 - Generating device op report ...
2026-06-03 01:53:19.978 | INFO     | tracy.process_ops_logs:get_device_data_generate_report:1210 - Device only OPs csv generated at: /localdev/smarton/gstt2/opt/profiler/wrap_out_ttw-045/reports/2026_06_03_01_53_10/ops_perf_results_2026_06_03_01_53_10.csv
2026-06-03 01:53:19.993 | INFO     | tracy.process_ops_logs:get_device_data_generate_report:1219 - Device only per core op to op times csv generated at: /localdev/smarton/gstt2/opt/profiler/wrap_out_ttw-045/reports/2026_06_03_01_53_10/per_core_op_to_op_times_2026_06_03_01_53_10.csv
[capture_tracy] wrapper exited rc=0
[capture_tracy] OK tracy: -rw-rw-r-- 1 smarton smarton 16968940 Jun  3 01:53 /localdev/smarton/gstt2/opt/profiler/ttw-045/render.tracy
[capture_tracy] device profiler CSV data rows: 1016801 (1-view baseline ~65600; ~30x => full 30-view)
[capture_tracy] per-zone-hash device marker counts (each zone repeats ~30x across views):
 177568 13133
 150164 32535
 150164 16443
 122760 49375
 122760 17277
  68324 12391
  40920 52195
  40920 44760
  20460 4331
  20460 40868
  13640 64032
  13640 61648
  13640 60078
  13640 40740
  13640 27140
  13640 24407
  13640 13365
   6820 51185
      1  timer_id
[capture_tracy] DONE rc=0 iter=ttw-045 tracy=/localdev/smarton/gstt2/opt/profiler/ttw-045/render.tracy
