================ BUILD ID ================
  cpp : #148 sha=b85fbf9 bin=7532b9d694030cc4 iter 44: M2 §6 transmittance early-out: gated dense-tile block spill/reload (T->fp32 L1 CBs, uniform max-T break). Correct (EO-probe PSNR 63.85=baseline, bit-stable); default-off (GSPLAT_TT_BLEND_EARLYOUT). Foundation for microblock-major early-out.
  data: #1 sha=b703f70 sync tracy-041 capture script
=========================================
host=yyzo-bh-03  tag=tracy  timeout=900s  worry=600s  ts=2026-06-02T18:37:12-0700
cmd: bash opt/profiler/capture_tracy.sh ttw-044
-----------------------------------------
BUILD-ID VERIFY OK: cpp#148 bin=7532b9d694030cc4 matches the built+stamped artifact
[capture_tracy] iter=ttw-044 VIEWS=30 (FULL 30-view render) -> /localdev/smarton/gstt2/opt/profiler/ttw-044/render.tracy
[capture_tracy] flags: TILE_BUCKET=1 BUCKET_FIT=8192 L1_RECORD=1 FUSED_TILE=0 SFPU_CULL=1
[capture_tracy] CMD: python3 -m tracy -r -p -v --dump-device-data-mid-run -o /localdev/smarton/gstt2/opt/profiler/wrap_out_ttw-044 opt/profiler/_render_inner.sh
2026-06-03 01:37:13.458 | INFO     | __main__:main:175 - Setting profiler artifacts folder to /localdev/smarton/gstt2/opt/profiler/wrap_out_ttw-044
2026-06-03 01:37:13.459 | INFO     | __main__:main:336 - Using port 8086
2026-06-03 01:37:13.459 | INFO     | tracy:run_report_setup:88 - Verifying tracy profiling tools
2026-06-03 01:37:13.465 | INFO     | tracy:run_report_setup:108 - Capture command: ('/localdev/smarton/tt-metal/build/tools/profiler/bin/capture-release -o /localdev/smarton/gstt2/opt/profiler/wrap_out_ttw-044/.logs/tracy_profile_log_host.tracy -f -p 8086',)
Connecting to 127.0.0.1:8086...2026-06-03 01:37:13.469 | INFO     | __main__:main:400 - Test process started
[render-inner] python3 scripts/a003_verify.py --backend tt --views 30 (MID_RUN_DUMP=1 DEVICE_PROFILER=1 GSPLAT_TT_PROFILE=1 TRACY_PORT=8086)
2026-06-03 01:37:14.035 | INFO     | __main__:main:175 - Setting profiler artifacts folder to /localdev/smarton/gstt2/opt/profiler/wrap_out_ttw-044
2026-06-03 01:37:15.801 | info     |             UMD | Creating TopologyDiscovery for architecture: blackhole (topology_discovery.cpp:75)
2026-06-03 01:37:15.801 | info     |             UMD | Starting topology discovery. (topology_discovery.cpp:92)
2026-06-03 01:37:15.801 | warning  |             UMD | Low power mode is disabled while UMD holds open file descriptors. The device will return to low power mode once all file descriptors are closed. (topology_discovery.cpp:143)
2026-06-03 01:37:15.801 | warning  |             UMD | KMD version 2.4.1 does not support power state management. (pci_device.cpp:1067)
2026-06-03 01:37:15.802 | info     |             UMD | Established firmware bundle version: 18.12.1 (topology_discovery.cpp:544)
2026-06-03 01:37:15.802 | info     |             UMD | Completed topology discovery. (topology_discovery.cpp:96)
2026-06-03 01:37:15.802 | info     |          Device | Opening user mode device driver (tt_cluster.cpp:225)
2026-06-03 01:37:15.802 | info     |             UMD | Cluster constructor started. (cluster.cpp:317)
2026-06-03 01:37:15.802 | info     |             UMD | Creating TopologyDiscovery for architecture: blackhole (topology_discovery.cpp:75)
2026-06-03 01:37:15.802 | info     |             UMD | Starting topology discovery. (topology_discovery.cpp:92)
2026-06-03 01:37:15.802 | warning  |             UMD | Low power mode is disabled while UMD holds open file descriptors. The device will return to low power mode once all file descriptors are closed. (topology_discovery.cpp:143)
2026-06-03 01:37:15.802 | warning  |             UMD | KMD version 2.4.1 does not support power state management. (pci_device.cpp:1067)
2026-06-03 01:37:15.802 | info     |             UMD | Established firmware bundle version: 18.12.1 (topology_discovery.cpp:544)
2026-06-03 01:37:15.802 | info     |             UMD | Completed topology discovery. (topology_discovery.cpp:96)
2026-06-03 01:37:15.802 | info     |             UMD | Harvesting masks for Chip 0: Tensix: 0xc0 DRAM: 0x8 ETH: 0x3fff PCIe: 0x2 L2CPU: 0x0 (cluster.cpp:270)
2026-06-03 01:37:15.803 | info     |             UMD | Initializing iommu for sysmem (size: 0x40000000). (silicon_sysmem_manager.cpp:334)
2026-06-03 01:37:15.803 | info     |             UMD | Allocating sysmem for IOMMU (size: 0x40000000). (silicon_sysmem_manager.cpp:340)
2026-06-03 01:37:15.842 | warning  |             UMD | KMD version 2.4.1 does not support power state management. (pci_device.cpp:1067)
2026-06-03 01:37:15.842 | info     |             UMD | Opening local chip ids/PCIe ids: {0}/[0] and remote chip ids {} (cluster.cpp:159)
2026-06-03 01:37:15.842 | info     |             UMD | IOMMU: enabled (cluster.cpp:133)
2026-06-03 01:37:15.842 | info     |             UMD | KMD version: 2.4.1 (cluster.cpp:136)
2026-06-03 01:37:15.842 | info     |             UMD | Cluster constructor completed. (cluster.cpp:409)
2026-06-03 01:37:15.844 | info     |             UMD | Starting devices in cluster (cluster.cpp:1044)
2026-06-03 01:37:15.845 | info     |             UMD | Mapped sysmem without hugepages to IOVA 0x80000000; NOC address 0x1000000000000000 (silicon_sysmem_manager.cpp:391)
2026-06-03 01:37:15.845 | info     |             UMD | Starting devices in cluster completed. (cluster.cpp:1052)
2026-06-03 01:37:16.350 | info     |     Distributed | Using auto discovery to generate mesh graph. (metal_env.cpp:332)
2026-06-03 01:37:16.350 | info     |     Distributed | Constructing control plane using auto-discovery (no mesh graph descriptor). (metal_env.cpp:394)
2026-06-03 01:37:16.350 | info     |             UMD | Creating TopologyDiscovery for architecture: blackhole (topology_discovery.cpp:75)
2026-06-03 01:37:16.350 | info     |             UMD | Starting topology discovery. (topology_discovery.cpp:92)
2026-06-03 01:37:16.350 | warning  |             UMD | Low power mode is disabled while UMD holds open file descriptors. The device will return to low power mode once all file descriptors are closed. (topology_discovery.cpp:143)
2026-06-03 01:37:16.350 | warning  |             UMD | KMD version 2.4.1 does not support power state management. (pci_device.cpp:1067)
2026-06-03 01:37:16.351 | info     |             UMD | Established firmware bundle version: 18.12.1 (topology_discovery.cpp:544)
2026-06-03 01:37:16.351 | info     |             UMD | Completed topology discovery. (topology_discovery.cpp:96)
2026-06-03 01:37:16.351 | warning  |          Always | Unknown motherboard 'X670E GAMING PLUS WIFI (MS-7E16)' for chip_id=0 (bus_id=0x1) — defaulting tray_id to 0. Add this motherboard and its bus IDs to mobo_to_bus_ids in physical_system_discovery.cpp. (physical_system_discovery.cpp:62)
2026-06-03 01:37:16.351 | info     |          Fabric | TopologyMapper: Logical Multi-Mesh Adjacency Map: (topology_mapper.cpp:1474)
2026-06-03 01:37:16.351 | info     |          Fabric | 
=== Logical Mesh-Level Graph Adjacency Map ===
Total nodes: 1
Degree histogram: {0:1}
 (topology_solver.tpp:94)
2026-06-03 01:37:16.351 | info     |          Fabric | 
=== Logical Mesh 0 Internal Graph Adjacency Map ===
Total nodes: 1
Degree histogram: {0:1}
 (topology_solver.tpp:94)
2026-06-03 01:37:16.351 | info     |          Fabric | TopologyMapper: Physical Multi-Mesh Adjacency Map: (topology_mapper.cpp:1485)
2026-06-03 01:37:16.351 | info     |          Fabric | 
=== Physical Mesh-Level Graph Adjacency Map ===
Total nodes: 1
Degree histogram: {0:1}
 (topology_solver.tpp:94)
2026-06-03 01:37:16.351 | info     |          Fabric | 
=== Physical Mesh 0 Internal Graph Adjacency Map ===
Total nodes: 1
Degree histogram: {0:1}
 (topology_solver.tpp:94)
2026-06-03 01:37:16.351 | info     |          Fabric | Starting multi-mesh mapping: 1 logical mesh(es) to 1 physical mesh(es) (topology_mapper_utils.cpp:1469)
2026-06-03 01:37:16.351 | info     |          Fabric | Multi-mesh mapping attempt 1/2: Trying inter-mesh mapping (topology_mapper_utils.cpp:1510)
2026-06-03 01:37:16.351 | info     |          Fabric | Attempt 1: Inter-mesh mapping succeeded, found 1 mesh pair(s) (topology_mapper_utils.cpp:1539)
2026-06-03 01:37:16.351 | info     |          Fabric | Attempt 1: Mapping 1 mesh pair(s) (topology_mapper_utils.cpp:1547)
2026-06-03 01:37:16.351 | info     |          Fabric | Attempt 1: Mapping mesh 0 -> 0 (topology_mapper_utils.cpp:1554)
2026-06-03 01:37:16.351 | info     |          Fabric | Multi-mesh mapping succeeded after 1 attempt(s): 1 mesh pair(s) mapped (topology_mapper_utils.cpp:1686)
2026-06-03 01:37:16.450 | info     |           Metal | Profiler started on device 0 (profiler_initializer.cpp:49)
2026-06-03 01:37:16.601 | info     |           Metal | ShmResourceTracker: removed stale shm '/tt_d2h_351991_584968800_0' (shm_resource_tracker.cpp:265)
2026-06-03 01:37:16.601 | info     |           Metal | ShmResourceTracker: removed stale manifest '/dev/shm/tt_socket_manifest_351991' (shm_resource_tracker.cpp:275)
2026-06-03 01:37:16.601 | info     |           Metal | ShmResourceTracker: removed orphaned shm '/tt_device_7490744194894819707_memory' (shm_resource_tracker.cpp:282)
2026-06-03 01:37:17.187 | info     |           Metal | [Real-time profiler] Device 0 sync complete: 100 samples, frequency=1.349986 GHz, device_time_at_sync=131033620266712 cycles (realtime_profiler_manager.cpp:1082)
[JIT_WARMUP] ideal-path contexts compiled in 0.5 ms
[SORT] stage=RP P=3369033 P_kept=3369033 num_tiles=1024 max_tile_n=26496 bin=44.82 up=0.02 kernel=3.16 d2h=0.00 compact=0.00 publish=3.08 total=51.19ms
[CULL_SPLIT] pipelined (no separate Finish; cull device exec folded under the blend host-setup window; candidates=3369033)
[BLEND_SPLIT] upload+exec=0.0 readback=1876.3 total=1876.3 ms (resident, one Finish)
[BLEND_ADDR] cull_masks=0x12aa1280 out=0x12c7a340(sz=0x600000) tile_ids=0x54d3ec0 xramp=0x12c78340 yramp=0x12c79340 payload=0x0(sz=0x0)
2026-06-03 01:37:19.770 | info     |           Metal | Device kernel duration perf summary (device=0): count=1, min=2167277224ns, avg=2167277224.0ns, max=2167277224ns (profiler_analysis.cpp:652)
2026-06-03 01:37:19.770 | info     |           Metal | Device kernel duration perf histogram (device=0): (buckets=10, bucket_size=100ns, range=[2167277200..2167278200), underflow(<2167277200ns)=0, overflow(>=2167278200ns)=0) (profiler_analysis.cpp:695)
2026-06-03 01:37:19.770 | info     |           Metal |   [  2167277200 ..   2167277300) |########################################|        1 (profiler_analysis.cpp:700)
2026-06-03 01:37:19.770 | info     |           Metal |   [  2167277300 ..   2167277400) |                                        |        0 (profiler_analysis.cpp:700)
2026-06-03 01:37:19.770 | info     |           Metal |   [  2167277400 ..   2167277500) |                                        |        0 (profiler_analysis.cpp:700)
2026-06-03 01:37:19.770 | info     |           Metal |   [  2167277500 ..   2167277600) |                                        |        0 (profiler_analysis.cpp:700)
2026-06-03 01:37:19.770 | info     |           Metal |   [  2167277600 ..   2167277700) |                                        |        0 (profiler_analysis.cpp:700)
2026-06-03 01:37:19.770 | info     |           Metal |   [  2167277700 ..   2167277800) |                                        |        0 (profiler_analysis.cpp:700)
2026-06-03 01:37:19.770 | info     |           Metal |   [  2167277800 ..   2167277900) |                                        |        0 (profiler_analysis.cpp:700)
2026-06-03 01:37:19.770 | info     |           Metal |   [  2167277900 ..   2167278000) |                                        |        0 (profiler_analysis.cpp:700)
2026-06-03 01:37:19.770 | info     |           Metal |   [  2167278000 ..   2167278100) |                                        |        0 (profiler_analysis.cpp:700)
2026-06-03 01:37:19.770 | info     |           Metal |   [  2167278100 ..   2167278200) |                                        |        0 (profiler_analysis.cpp:700)
[SORT] stage=RP P=3369033 P_kept=3369033 num_tiles=1024 max_tile_n=26496 bin=42.46 up=0.02 kernel=0.02 d2h=0.00 compact=0.00 publish=0.02 total=42.59ms
[CULL_SPLIT] pipelined (no separate Finish; cull device exec folded under the blend host-setup window; candidates=3369033)
2026-06-03 01:37:20.081 | info     |           Metal | Device kernel duration perf summary (device=0): count=1, min=289186731ns, avg=289186731.0ns, max=289186731ns (profiler_analysis.cpp:652)
2026-06-03 01:37:20.081 | info     |           Metal | Device kernel duration perf histogram (device=0): (buckets=10, bucket_size=100ns, range=[289186700..289187700), underflow(<289186700ns)=0, overflow(>=289187700ns)=0) (profiler_analysis.cpp:695)
2026-06-03 01:37:20.081 | info     |           Metal |   [   289186700 ..    289186800) |########################################|        1 (profiler_analysis.cpp:700)
2026-06-03 01:37:20.081 | info     |           Metal |   [   289186800 ..    289186900) |                                        |        0 (profiler_analysis.cpp:700)
2026-06-03 01:37:20.081 | info     |           Metal |   [   289186900 ..    289187000) |                                        |        0 (profiler_analysis.cpp:700)
2026-06-03 01:37:20.081 | info     |           Metal |   [   289187000 ..    289187100) |                                        |        0 (profiler_analysis.cpp:700)
2026-06-03 01:37:20.081 | info     |           Metal |   [   289187100 ..    289187200) |                                        |        0 (profiler_analysis.cpp:700)
2026-06-03 01:37:20.081 | info     |           Metal |   [   289187200 ..    289187300) |                                        |        0 (profiler_analysis.cpp:700)
2026-06-03 01:37:20.081 | info     |           Metal |   [   289187300 ..    289187400) |                                        |        0 (profiler_analysis.cpp:700)
2026-06-03 01:37:20.081 | info     |           Metal |   [   289187400 ..    289187500) |                                        |        0 (profiler_analysis.cpp:700)
2026-06-03 01:37:20.081 | info     |           Metal |   [   289187500 ..    289187600) |                                        |        0 (profiler_analysis.cpp:700)
2026-06-03 01:37:20.081 | info     |           Metal |   [   289187600 ..    289187700) |                                        |        0 (profiler_analysis.cpp:700)
[BLEND_SPLIT] upload+exec=0.0 readback=182.6 total=182.6 ms (resident, one Finish)
[BLEND_ADDR] cull_masks=0x12aa1280 out=0x12c7a340(sz=0x600000) tile_ids=0x54d3ec0 xramp=0x12c78340 yramp=0x12c79340 payload=0x0(sz=0x0)
[SORT] stage=RP P=2774729 P_kept=2774729 num_tiles=1024 max_tile_n=25136 bin=35.22 up=0.02 kernel=0.03 d2h=0.00 compact=0.00 publish=0.02 total=35.35ms
[CULL_SPLIT] pipelined (no separate Finish; cull device exec folded under the blend host-setup window; candidates=2774729)
[BLEND_SPLIT] upload+exec=0.0 readback=160.1 total=160.1 ms (resident, one Finish)
[BLEND_ADDR] cull_masks=0x12aa1280 out=0x12c7a340(sz=0x600000) tile_ids=0x54d3ec0 xramp=0x12c78340 yramp=0x12c79340 payload=0x0(sz=0x0)
2026-06-03 01:37:20.354 | info     |           Metal | Device kernel duration perf summary (device=0): count=1, min=250558892ns, avg=250558892.0ns, max=250558892ns (profiler_analysis.cpp:652)
2026-06-03 01:37:20.354 | info     |           Metal | Device kernel duration perf histogram (device=0): (buckets=10, bucket_size=100ns, range=[250558800..250559800), underflow(<250558800ns)=0, overflow(>=250559800ns)=0) (profiler_analysis.cpp:695)
2026-06-03 01:37:20.354 | info     |           Metal |   [   250558800 ..    250558900) |########################################|        1 (profiler_analysis.cpp:700)
2026-06-03 01:37:20.354 | info     |           Metal |   [   250558900 ..    250559000) |                                        |        0 (profiler_analysis.cpp:700)
2026-06-03 01:37:20.354 | info     |           Metal |   [   250559000 ..    250559100) |                                        |        0 (profiler_analysis.cpp:700)
2026-06-03 01:37:20.354 | info     |           Metal |   [   250559100 ..    250559200) |                                        |        0 (profiler_analysis.cpp:700)
2026-06-03 01:37:20.354 | info     |           Metal |   [   250559200 ..    250559300) |                                        |        0 (profiler_analysis.cpp:700)
2026-06-03 01:37:20.354 | info     |           Metal |   [   250559300 ..    250559400) |                                        |        0 (profiler_analysis.cpp:700)
2026-06-03 01:37:20.354 | info     |           Metal |   [   250559400 ..    250559500) |                                        |        0 (profiler_analysis.cpp:700)
2026-06-03 01:37:20.354 | info     |           Metal |   [   250559500 ..    250559600) |                                        |        0 (profiler_analysis.cpp:700)
2026-06-03 01:37:20.354 | info     |           Metal |   [   250559600 ..    250559700) |                                        |        0 (profiler_analysis.cpp:700)
2026-06-03 01:37:20.354 | info     |           Metal |   [   250559700 ..    250559800) |                                        |        0 (profiler_analysis.cpp:700)
[SORT] stage=RP P=3235251 P_kept=3235251 num_tiles=1024 max_tile_n=22592 bin=41.06 up=0.02 kernel=0.02 d2h=0.00 compact=0.00 publish=0.02 total=41.20ms
[CULL_SPLIT] pipelined (no separate Finish; cull device exec folded under the blend host-setup window; candidates=3235251)
[BLEND_SPLIT] upload+exec=0.0 readback=167.9 total=167.9 ms (resident, one Finish)
[BLEND_ADDR] cull_masks=0x12aa1280 out=0x12c7a340(sz=0x600000) tile_ids=0x54d3ec0 xramp=0x12c78340 yramp=0x12c79340 payload=0x0(sz=0x0)
2026-06-03 01:37:20.647 | info     |           Metal | Device kernel duration perf summary (device=0): count=1, min=270070130ns, avg=270070130.0ns, max=270070130ns (profiler_analysis.cpp:652)
2026-06-03 01:37:20.647 | info     |           Metal | Device kernel duration perf histogram (device=0): (buckets=10, bucket_size=100ns, range=[270070100..270071100), underflow(<270070100ns)=0, overflow(>=270071100ns)=0) (profiler_analysis.cpp:695)
2026-06-03 01:37:20.647 | info     |           Metal |   [   270070100 ..    270070200) |########################################|        1 (profiler_analysis.cpp:700)
2026-06-03 01:37:20.647 | info     |           Metal |   [   270070200 ..    270070300) |                                        |        0 (profiler_analysis.cpp:700)
2026-06-03 01:37:20.647 | info     |           Metal |   [   270070300 ..    270070400) |                                        |        0 (profiler_analysis.cpp:700)
2026-06-03 01:37:20.647 | info     |           Metal |   [   270070400 ..    270070500) |                                        |        0 (profiler_analysis.cpp:700)
2026-06-03 01:37:20.647 | info     |           Metal |   [   270070500 ..    270070600) |                                        |        0 (profiler_analysis.cpp:700)
2026-06-03 01:37:20.647 | info     |           Metal |   [   270070600 ..    270070700) |                                        |        0 (profiler_analysis.cpp:700)
2026-06-03 01:37:20.647 | info     |           Metal |   [   270070700 ..    270070800) |                                        |        0 (profiler_analysis.cpp:700)
2026-06-03 01:37:20.647 | info     |           Metal |   [   270070800 ..    270070900) |                                        |        0 (profiler_analysis.cpp:700)
2026-06-03 01:37:20.647 | info     |           Metal |   [   270070900 ..    270071000) |                                        |        0 (profiler_analysis.cpp:700)
2026-06-03 01:37:20.647 | info     |           Metal |   [   270071000 ..    270071100) |                                        |        0 (profiler_analysis.cpp:700)
[SORT] stage=RP P=1753355 P_kept=1753355 num_tiles=1024 max_tile_n=21360 bin=24.49 up=0.02 kernel=0.02 d2h=0.00 compact=0.00 publish=0.02 total=24.63ms
[CULL_SPLIT] pipelined (no separate Finish; cull device exec folded under the blend host-setup window; candidates=1753355)
[BLEND_SPLIT] upload+exec=0.0 readback=127.4 total=127.4 ms (resident, one Finish)
[BLEND_ADDR] cull_masks=0x12aa1280 out=0x12c7a340(sz=0x600000) tile_ids=0x54d3ec0 xramp=0x12c78340 yramp=0x12c79340 payload=0x0(sz=0x0)
2026-06-03 01:37:20.877 | info     |           Metal | Device kernel duration perf summary (device=0): count=1, min=193841793ns, avg=193841793.0ns, max=193841793ns (profiler_analysis.cpp:652)
2026-06-03 01:37:20.877 | info     |           Metal | Device kernel duration perf histogram (device=0): (buckets=10, bucket_size=100ns, range=[193841700..193842700), underflow(<193841700ns)=0, overflow(>=193842700ns)=0) (profiler_analysis.cpp:695)
2026-06-03 01:37:20.878 | info     |           Metal |   [   193841700 ..    193841800) |########################################|        1 (profiler_analysis.cpp:700)
2026-06-03 01:37:20.878 | info     |           Metal |   [   193841800 ..    193841900) |                                        |        0 (profiler_analysis.cpp:700)
2026-06-03 01:37:20.878 | info     |           Metal |   [   193841900 ..    193842000) |                                        |        0 (profiler_analysis.cpp:700)
2026-06-03 01:37:20.878 | info     |           Metal |   [   193842000 ..    193842100) |                                        |        0 (profiler_analysis.cpp:700)
2026-06-03 01:37:20.878 | info     |           Metal |   [   193842100 ..    193842200) |                                        |        0 (profiler_analysis.cpp:700)
2026-06-03 01:37:20.878 | info     |           Metal |   [   193842200 ..    193842300) |                                        |        0 (profiler_analysis.cpp:700)
2026-06-03 01:37:20.878 | info     |           Metal |   [   193842300 ..    193842400) |                                        |        0 (profiler_analysis.cpp:700)
2026-06-03 01:37:20.878 | info     |           Metal |   [   193842400 ..    193842500) |                                        |        0 (profiler_analysis.cpp:700)
2026-06-03 01:37:20.878 | info     |           Metal |   [   193842500 ..    193842600) |                                        |        0 (profiler_analysis.cpp:700)
2026-06-03 01:37:20.878 | info     |           Metal |   [   193842600 ..    193842700) |                                        |        0 (profiler_analysis.cpp:700)
[SORT] stage=RP P=934247 P_kept=934247 num_tiles=1024 max_tile_n=5248 bin=15.54 up=0.02 kernel=0.02 d2h=0.00 compact=0.00 publish=0.03 total=15.70ms
[CULL_SPLIT] pipelined (no separate Finish; cull device exec folded under the blend host-setup window; candidates=934247)
2026-06-03 01:37:20.994 | info     |           Metal | Device kernel duration perf summary (device=0): count=1, min=87191339ns, avg=87191339.0ns, max=87191339ns (profiler_analysis.cpp:652)
2026-06-03 01:37:20.994 | info     |           Metal | Device kernel duration perf histogram (device=0): (buckets=10, bucket_size=100ns, range=[87191300..87192300), underflow(<87191300ns)=0, overflow(>=87192300ns)=0) (profiler_analysis.cpp:695)
2026-06-03 01:37:20.994 | info     |           Metal |   [    87191300 ..     87191400) |########################################|        1 (profiler_analysis.cpp:700)
2026-06-03 01:37:20.994 | info     |           Metal |   [    87191400 ..     87191500) |                                        |        0 (profiler_analysis.cpp:700)
2026-06-03 01:37:20.994 | info     |           Metal |   [    87191500 ..     87191600) |                                        |        0 (profiler_analysis.cpp:700)
2026-06-03 01:37:20.994 | info     |           Metal |   [    87191600 ..     87191700) |                                        |        0 (profiler_analysis.cpp:700)
2026-06-03 01:37:20.994 | info     |           Metal |   [    87191700 ..     87191800) |                                        |        0 (profiler_analysis.cpp:700)
2026-06-03 01:37:20.994 | info     |           Metal |   [    87191800 ..     87191900) |                                        |        0 (profiler_analysis.cpp:700)
2026-06-03 01:37:20.994 | info     |           Metal |   [    87191900 ..     87192000) |                                        |        0 (profiler_analysis.cpp:700)
2026-06-03 01:37:20.994 | info     |           Metal |   [    87192000 ..     87192100) |                                        |        0 (profiler_analysis.cpp:700)
2026-06-03 01:37:20.994 | info     |           Metal |   [    87192100 ..     87192200) |                                        |        0 (profiler_analysis.cpp:700)
2026-06-03 01:37:20.994 | info     |           Metal |   [    87192200 ..     87192300) |                                        |        0 (profiler_analysis.cpp:700)
[BLEND_SPLIT] upload+exec=0.0 readback=39.7 total=39.7 ms (resident, one Finish)
[BLEND_ADDR] cull_masks=0x12aa1280 out=0x12c7a340(sz=0x600000) tile_ids=0x54d3ec0 xramp=0x12c78340 yramp=0x12c79340 payload=0x0(sz=0x0)
[SORT] stage=RP P=1124461 P_kept=1124461 num_tiles=1024 max_tile_n=6544 bin=16.78 up=0.02 kernel=0.02 d2h=0.00 compact=0.00 publish=0.02 total=16.92ms
[CULL_SPLIT] pipelined (no separate Finish; cull device exec folded under the blend host-setup window; candidates=1124461)
[BLEND_SPLIT] upload+exec=0.0 readback=46.1 total=46.1 ms (resident, one Finish)
[BLEND_ADDR] cull_masks=0x12aa1280 out=0x12c7a340(sz=0x600000) tile_ids=0x54d3ec0 xramp=0x12c78340 yramp=0x12c79340 payload=0x0(sz=0x0)
2026-06-03 01:37:21.127 | info     |           Metal | Device kernel duration perf summary (device=0): count=1, min=108847723ns, avg=108847723.0ns, max=108847723ns (profiler_analysis.cpp:652)
2026-06-03 01:37:21.127 | info     |           Metal | Device kernel duration perf histogram (device=0): (buckets=10, bucket_size=100ns, range=[108847700..108848700), underflow(<108847700ns)=0, overflow(>=108848700ns)=0) (profiler_analysis.cpp:695)
2026-06-03 01:37:21.127 | info     |           Metal |   [   108847700 ..    108847800) |########################################|        1 (profiler_analysis.cpp:700)
2026-06-03 01:37:21.127 | info     |           Metal |   [   108847800 ..    108847900) |                                        |        0 (profiler_analysis.cpp:700)
2026-06-03 01:37:21.127 | info     |           Metal |   [   108847900 ..    108848000) |                                        |        0 (profiler_analysis.cpp:700)
2026-06-03 01:37:21.127 | info     |           Metal |   [   108848000 ..    108848100) |                                        |        0 (profiler_analysis.cpp:700)
2026-06-03 01:37:21.127 | info     |           Metal |   [   108848100 ..    108848200) |                                        |        0 (profiler_analysis.cpp:700)
2026-06-03 01:37:21.127 | info     |           Metal |   [   108848200 ..    108848300) |                                        |        0 (profiler_analysis.cpp:700)
2026-06-03 01:37:21.127 | info     |           Metal |   [   108848300 ..    108848400) |                                        |        0 (profiler_analysis.cpp:700)
2026-06-03 01:37:21.127 | info     |           Metal |   [   108848400 ..    108848500) |                                        |        0 (profiler_analysis.cpp:700)
2026-06-03 01:37:21.127 | info     |           Metal |   [   108848500 ..    108848600) |                                        |        0 (profiler_analysis.cpp:700)
2026-06-03 01:37:21.127 | info     |           Metal |   [   108848600 ..    108848700) |                                        |        0 (profiler_analysis.cpp:700)
2026-06-03 01:37:21.231 | info     |           Metal | Device kernel duration perf summary (device=0): count=1, min=79604966ns, avg=79604966.0ns, max=79604966ns (profiler_analysis.cpp:652)
2026-06-03 01:37:21.231 | info     |           Metal | Device kernel duration perf histogram (device=0): (buckets=10, bucket_size=100ns, range=[79604900..79605900), underflow(<79604900ns)=0, overflow(>=79605900ns)=0) (profiler_analysis.cpp:695)
2026-06-03 01:37:21.231 | info     |           Metal |   [    79604900 ..     79605000) |########################################|        1 (profiler_analysis.cpp:700)
2026-06-03 01:37:21.231 | info     |           Metal |   [    79605000 ..     79605100) |                                        |        0 (profiler_analysis.cpp:700)
2026-06-03 01:37:21.231 | info     |           Metal |   [    79605100 ..     79605200) |                                        |        0 (profiler_analysis.cpp:700)
2026-06-03 01:37:21.231 | info     |           Metal |   [    79605200 ..     79605300) |                                        |        0 (profiler_analysis.cpp:700)
2026-06-03 01:37:21.231 | info     |           Metal |   [    79605300 ..     79605400) |                                        |        0 (profiler_analysis.cpp:700)
2026-06-03 01:37:21.231 | info     |           Metal |   [    79605400 ..     79605500) |                                        |        0 (profiler_analysis.cpp:700)
2026-06-03 01:37:21.231 | info     |           Metal |   [    79605500 ..     79605600) |                                        |        0 (profiler_analysis.cpp:700)
2026-06-03 01:37:21.231 | info     |           Metal |   [    79605600 ..     79605700) |                                        |        0 (profiler_analysis.cpp:700)
2026-06-03 01:37:21.231 | info     |           Metal |   [    79605700 ..     79605800) |                                        |        0 (profiler_analysis.cpp:700)
2026-06-03 01:37:21.231 | info     |           Metal |   [    79605800 ..     79605900) |                                        |        0 (profiler_analysis.cpp:700)
[SORT] stage=RP P=835298 P_kept=835298 num_tiles=1024 max_tile_n=5536 bin=14.24 up=0.02 kernel=0.02 d2h=0.00 compact=0.00 publish=0.02 total=14.38ms
[CULL_SPLIT] pipelined (no separate Finish; cull device exec folded under the blend host-setup window; candidates=835298)
[BLEND_SPLIT] upload+exec=0.0 readback=38.3 total=38.3 ms (resident, one Finish)
[BLEND_ADDR] cull_masks=0x12aa1280 out=0x12c7a340(sz=0x600000) tile_ids=0x54d3ec0 xramp=0x12c78340 yramp=0x12c79340 payload=0x0(sz=0x0)
[SORT] stage=RP P=1067596 P_kept=1067596 num_tiles=1024 max_tile_n=5104 bin=15.48 up=0.02 kernel=0.02 d2h=0.00 compact=0.00 publish=0.02 total=15.61ms
[CULL_SPLIT] pipelined (no separate Finish; cull device exec folded under the blend host-setup window; candidates=1067596)
[BLEND_SPLIT] upload+exec=0.0 readback=43.8 total=43.8 ms (resident, one Finish)
[BLEND_ADDR] cull_masks=0x12aa1280 out=0x12c7a340(sz=0x600000) tile_ids=0x54d3ec0 xramp=0x12c78340 yramp=0x12c79340 payload=0x0(sz=0x0)
2026-06-03 01:37:21.351 | info     |           Metal | Device kernel duration perf summary (device=0): count=1, min=94352894ns, avg=94352894.0ns, max=94352894ns (profiler_analysis.cpp:652)
2026-06-03 01:37:21.351 | info     |           Metal | Device kernel duration perf histogram (device=0): (buckets=10, bucket_size=100ns, range=[94352800..94353800), underflow(<94352800ns)=0, overflow(>=94353800ns)=0) (profiler_analysis.cpp:695)
2026-06-03 01:37:21.351 | info     |           Metal |   [    94352800 ..     94352900) |########################################|        1 (profiler_analysis.cpp:700)
2026-06-03 01:37:21.351 | info     |           Metal |   [    94352900 ..     94353000) |                                        |        0 (profiler_analysis.cpp:700)
2026-06-03 01:37:21.351 | info     |           Metal |   [    94353000 ..     94353100) |                                        |        0 (profiler_analysis.cpp:700)
2026-06-03 01:37:21.351 | info     |           Metal |   [    94353100 ..     94353200) |                                        |        0 (profiler_analysis.cpp:700)
2026-06-03 01:37:21.351 | info     |           Metal |   [    94353200 ..     94353300) |                                        |        0 (profiler_analysis.cpp:700)
2026-06-03 01:37:21.351 | info     |           Metal |   [    94353300 ..     94353400) |                                        |        0 (profiler_analysis.cpp:700)
2026-06-03 01:37:21.351 | info     |           Metal |   [    94353400 ..     94353500) |                                        |        0 (profiler_analysis.cpp:700)
2026-06-03 01:37:21.351 | info     |           Metal |   [    94353500 ..     94353600) |                                        |        0 (profiler_analysis.cpp:700)
2026-06-03 01:37:21.351 | info     |           Metal |   [    94353600 ..     94353700) |                                        |        0 (profiler_analysis.cpp:700)
2026-06-03 01:37:21.351 | info     |           Metal |   [    94353700 ..     94353800) |                                        |        0 (profiler_analysis.cpp:700)
[SORT] stage=RP P=1024763 P_kept=1024763 num_tiles=1024 max_tile_n=4672 bin=15.68 up=0.02 kernel=0.03 d2h=0.00 compact=0.00 publish=0.03 total=15.83ms
[CULL_SPLIT] pipelined (no separate Finish; cull device exec folded under the blend host-setup window; candidates=1024763)
[BLEND_SPLIT] upload+exec=0.0 readback=42.9 total=42.9 ms (resident, one Finish)
[BLEND_ADDR] cull_masks=0x12aa1280 out=0x12c7a340(sz=0x600000) tile_ids=0x54d3ec0 xramp=0x12c78340 yramp=0x12c79340 payload=0x0(sz=0x0)
2026-06-03 01:37:21.466 | info     |           Metal | Device kernel duration perf summary (device=0): count=1, min=90413507ns, avg=90413507.0ns, max=90413507ns (profiler_analysis.cpp:652)
2026-06-03 01:37:21.466 | info     |           Metal | Device kernel duration perf histogram (device=0): (buckets=10, bucket_size=100ns, range=[90413500..90414500), underflow(<90413500ns)=0, overflow(>=90414500ns)=0) (profiler_analysis.cpp:695)
2026-06-03 01:37:21.466 | info     |           Metal |   [    90413500 ..     90413600) |########################################|        1 (profiler_analysis.cpp:700)
2026-06-03 01:37:21.466 | info     |           Metal |   [    90413600 ..     90413700) |                                        |        0 (profiler_analysis.cpp:700)
2026-06-03 01:37:21.466 | info     |           Metal |   [    90413700 ..     90413800) |                                        |        0 (profiler_analysis.cpp:700)
2026-06-03 01:37:21.466 | info     |           Metal |   [    90413800 ..     90413900) |                                        |        0 (profiler_analysis.cpp:700)
2026-06-03 01:37:21.466 | info     |           Metal |   [    90413900 ..     90414000) |                                        |        0 (profiler_analysis.cpp:700)
2026-06-03 01:37:21.466 | info     |           Metal |   [    90414000 ..     90414100) |                                        |        0 (profiler_analysis.cpp:700)
2026-06-03 01:37:21.466 | info     |           Metal |   [    90414100 ..     90414200) |                                        |        0 (profiler_analysis.cpp:700)
2026-06-03 01:37:21.466 | info     |           Metal |   [    90414200 ..     90414300) |                                        |        0 (profiler_analysis.cpp:700)
2026-06-03 01:37:21.466 | info     |           Metal |   [    90414300 ..     90414400) |                                        |        0 (profiler_analysis.cpp:700)
2026-06-03 01:37:21.466 | info     |           Metal |   [    90414400 ..     90414500) |                                        |        0 (profiler_analysis.cpp:700)
[SORT] stage=RP P=779787 P_kept=779787 num_tiles=1024 max_tile_n=3616 bin=13.27 up=0.02 kernel=0.02 d2h=0.00 compact=0.00 publish=0.02 total=13.42ms
[CULL_SPLIT] pipelined (no separate Finish; cull device exec folded under the blend host-setup window; candidates=779787)
[BLEND_SPLIT] upload+exec=0.0 readback=34.4 total=34.4 ms (resident, one Finish)
[BLEND_ADDR] cull_masks=0x12aa1280 out=0x12c7a340(sz=0x600000) tile_ids=0x54d3ec0 xramp=0x12c78340 yramp=0x12c79340 payload=0x0(sz=0x0)
2026-06-03 01:37:21.566 | info     |           Metal | Device kernel duration perf summary (device=0): count=1, min=76548708ns, avg=76548708.0ns, max=76548708ns (profiler_analysis.cpp:652)
2026-06-03 01:37:21.566 | info     |           Metal | Device kernel duration perf histogram (device=0): (buckets=10, bucket_size=100ns, range=[76548700..76549700), underflow(<76548700ns)=0, overflow(>=76549700ns)=0) (profiler_analysis.cpp:695)
2026-06-03 01:37:21.566 | info     |           Metal |   [    76548700 ..     76548800) |########################################|        1 (profiler_analysis.cpp:700)
2026-06-03 01:37:21.566 | info     |           Metal |   [    76548800 ..     76548900) |                                        |        0 (profiler_analysis.cpp:700)
2026-06-03 01:37:21.566 | info     |           Metal |   [    76548900 ..     76549000) |                                        |        0 (profiler_analysis.cpp:700)
2026-06-03 01:37:21.566 | info     |           Metal |   [    76549000 ..     76549100) |                                        |        0 (profiler_analysis.cpp:700)
2026-06-03 01:37:21.566 | info     |           Metal |   [    76549100 ..     76549200) |                                        |        0 (profiler_analysis.cpp:700)
2026-06-03 01:37:21.566 | info     |           Metal |   [    76549200 ..     76549300) |                                        |        0 (profiler_analysis.cpp:700)
2026-06-03 01:37:21.566 | info     |           Metal |   [    76549300 ..     76549400) |                                        |        0 (profiler_analysis.cpp:700)
2026-06-03 01:37:21.566 | info     |           Metal |   [    76549400 ..     76549500) |                                        |        0 (profiler_analysis.cpp:700)
2026-06-03 01:37:21.566 | info     |           Metal |   [    76549500 ..     76549600) |                                        |        0 (profiler_analysis.cpp:700)
2026-06-03 01:37:21.566 | info     |           Metal |   [    76549600 ..     76549700) |                                        |        0 (profiler_analysis.cpp:700)
[SORT] stage=RP P=402318 P_kept=402318 num_tiles=1024 max_tile_n=2704 bin=9.23 up=0.02 kernel=0.02 d2h=0.00 compact=0.00 publish=0.02 total=9.36ms
[CULL_SPLIT] pipelined (no separate Finish; cull device exec folded under the blend host-setup window; candidates=402318)
[BLEND_SPLIT] upload+exec=0.0 readback=21.4 total=21.4 ms (resident, one Finish)
[BLEND_ADDR] cull_masks=0x12aa1280 out=0x12c7a340(sz=0x600000) tile_ids=0x54d3ec0 xramp=0x12c78340 yramp=0x12c79340 payload=0x0(sz=0x0)
2026-06-03 01:37:21.647 | info     |           Metal | Device kernel duration perf summary (device=0): count=1, min=56472089ns, avg=56472089.0ns, max=56472089ns (profiler_analysis.cpp:652)
2026-06-03 01:37:21.647 | info     |           Metal | Device kernel duration perf histogram (device=0): (buckets=10, bucket_size=100ns, range=[56472000..56473000), underflow(<56472000ns)=0, overflow(>=56473000ns)=0) (profiler_analysis.cpp:695)
2026-06-03 01:37:21.647 | info     |           Metal |   [    56472000 ..     56472100) |########################################|        1 (profiler_analysis.cpp:700)
2026-06-03 01:37:21.647 | info     |           Metal |   [    56472100 ..     56472200) |                                        |        0 (profiler_analysis.cpp:700)
2026-06-03 01:37:21.647 | info     |           Metal |   [    56472200 ..     56472300) |                                        |        0 (profiler_analysis.cpp:700)
2026-06-03 01:37:21.647 | info     |           Metal |   [    56472300 ..     56472400) |                                        |        0 (profiler_analysis.cpp:700)
2026-06-03 01:37:21.647 | info     |           Metal |   [    56472400 ..     56472500) |                                        |        0 (profiler_analysis.cpp:700)
2026-06-03 01:37:21.647 | info     |           Metal |   [    56472500 ..     56472600) |                                        |        0 (profiler_analysis.cpp:700)
2026-06-03 01:37:21.647 | info     |           Metal |   [    56472600 ..     56472700) |                                        |        0 (profiler_analysis.cpp:700)
2026-06-03 01:37:21.647 | info     |           Metal |   [    56472700 ..     56472800) |                                        |        0 (profiler_analysis.cpp:700)
2026-06-03 01:37:21.647 | info     |           Metal |   [    56472800 ..     56472900) |                                        |        0 (profiler_analysis.cpp:700)
2026-06-03 01:37:21.647 | info     |           Metal |   [    56472900 ..     56473000) |                                        |        0 (profiler_analysis.cpp:700)
[SORT] stage=RP P=638458 P_kept=638458 num_tiles=1024 max_tile_n=3360 bin=11.74 up=0.02 kernel=0.02 d2h=0.00 compact=0.00 publish=0.02 total=11.91ms
[CULL_SPLIT] pipelined (no separate Finish; cull device exec folded under the blend host-setup window; candidates=638458)
2026-06-03 01:37:21.819 | info     |           Metal | Device kernel duration perf summary (device=0): count=1, min=148958553ns, avg=148958553.0ns, max=148958553ns (profiler_analysis.cpp:652)
2026-06-03 01:37:21.819 | info     |           Metal | Device kernel duration perf histogram (device=0): (buckets=10, bucket_size=100ns, range=[148958500..148959500), underflow(<148958500ns)=0, overflow(>=148959500ns)=0) (profiler_analysis.cpp:695)
2026-06-03 01:37:21.819 | info     |           Metal |   [   148958500 ..    148958600) |########################################|        1 (profiler_analysis.cpp:700)
2026-06-03 01:37:21.819 | info     |           Metal |   [   148958600 ..    148958700) |                                        |        0 (profiler_analysis.cpp:700)
2026-06-03 01:37:21.819 | info     |           Metal |   [   148958700 ..    148958800) |                                        |        0 (profiler_analysis.cpp:700)
2026-06-03 01:37:21.819 | info     |           Metal |   [   148958800 ..    148958900) |                                        |        0 (profiler_analysis.cpp:700)
2026-06-03 01:37:21.819 | info     |           Metal |   [   148958900 ..    148959000) |                                        |        0 (profiler_analysis.cpp:700)
2026-06-03 01:37:21.819 | info     |           Metal |   [   148959000 ..    148959100) |                                        |        0 (profiler_analysis.cpp:700)
2026-06-03 01:37:21.819 | info     |           Metal |   [   148959100 ..    148959200) |                                        |        0 (profiler_analysis.cpp:700)
2026-06-03 01:37:21.819 | info     |           Metal |   [   148959200 ..    148959300) |                                        |        0 (profiler_analysis.cpp:700)
2026-06-03 01:37:21.819 | info     |           Metal |   [   148959300 ..    148959400) |                                        |        0 (profiler_analysis.cpp:700)
2026-06-03 01:37:21.819 | info     |           Metal |   [   148959400 ..    148959500) |                                        |        0 (profiler_analysis.cpp:700)
[BLEND_SPLIT] upload+exec=0.0 readback=30.9 total=30.9 ms (resident, one Finish)
[BLEND_ADDR] cull_masks=0x12aa1280 out=0x12c7a340(sz=0x600000) tile_ids=0x54d3ec0 xramp=0x12c78340 yramp=0x12c79340 payload=0x0(sz=0x0)
[SORT] stage=RP P=486800 P_kept=486800 num_tiles=1024 max_tile_n=3952 bin=10.15 up=0.02 kernel=0.02 d2h=0.00 compact=0.00 publish=0.03 total=10.28ms
[CULL_SPLIT] pipelined (no separate Finish; cull device exec folded under the blend host-setup window; candidates=486800)
2026-06-03 01:37:21.905 | info     |           Metal | Device kernel duration perf summary (device=0): count=1, min=62373733ns, avg=62373733.0ns, max=62373733ns (profiler_analysis.cpp:652)
2026-06-03 01:37:21.905 | info     |           Metal | Device kernel duration perf histogram (device=0): (buckets=10, bucket_size=100ns, range=[62373700..62374700), underflow(<62373700ns)=0, overflow(>=62374700ns)=0) (profiler_analysis.cpp:695)
2026-06-03 01:37:21.905 | info     |           Metal |   [    62373700 ..     62373800) |########################################|        1 (profiler_analysis.cpp:700)
2026-06-03 01:37:21.905 | info     |           Metal |   [    62373800 ..     62373900) |                                        |        0 (profiler_analysis.cpp:700)
2026-06-03 01:37:21.905 | info     |           Metal |   [    62373900 ..     62374000) |                                        |        0 (profiler_analysis.cpp:700)
2026-06-03 01:37:21.905 | info     |           Metal |   [    62374000 ..     62374100) |                                        |        0 (profiler_analysis.cpp:700)
2026-06-03 01:37:21.905 | info     |           Metal |   [    62374100 ..     62374200) |                                        |        0 (profiler_analysis.cpp:700)
2026-06-03 01:37:21.905 | info     |           Metal |   [    62374200 ..     62374300) |                                        |        0 (profiler_analysis.cpp:700)
2026-06-03 01:37:21.905 | info     |           Metal |   [    62374300 ..     62374400) |                                        |        0 (profiler_analysis.cpp:700)
2026-06-03 01:37:21.905 | info     |           Metal |   [    62374400 ..     62374500) |                                        |        0 (profiler_analysis.cpp:700)
2026-06-03 01:37:21.905 | info     |           Metal |   [    62374500 ..     62374600) |                                        |        0 (profiler_analysis.cpp:700)
2026-06-03 01:37:21.905 | info     |           Metal |   [    62374600 ..     62374700) |                                        |        0 (profiler_analysis.cpp:700)
[BLEND_SPLIT] upload+exec=0.0 readback=25.8 total=25.8 ms (resident, one Finish)
[BLEND_ADDR] cull_masks=0x12aa1280 out=0x12c7a340(sz=0x600000) tile_ids=0x54d3ec0 xramp=0x12c78340 yramp=0x12c79340 payload=0x0(sz=0x0)
[SORT] stage=RP P=602411 P_kept=602411 num_tiles=1024 max_tile_n=4432 bin=10.04 up=0.02 kernel=0.02 d2h=0.00 compact=0.00 publish=0.02 total=10.17ms
[CULL_SPLIT] pipelined (no separate Finish; cull device exec folded under the blend host-setup window; candidates=602411)
2026-06-03 01:37:21.999 | info     |           Metal | Device kernel duration perf summary (device=0): count=1, min=69089436ns, avg=69089436.0ns, max=69089436ns (profiler_analysis.cpp:652)
2026-06-03 01:37:21.999 | info     |           Metal | Device kernel duration perf histogram (device=0): (buckets=10, bucket_size=100ns, range=[69089400..69090400), underflow(<69089400ns)=0, overflow(>=69090400ns)=0) (profiler_analysis.cpp:695)
2026-06-03 01:37:21.999 | info     |           Metal |   [    69089400 ..     69089500) |########################################|        1 (profiler_analysis.cpp:700)
2026-06-03 01:37:21.999 | info     |           Metal |   [    69089500 ..     69089600) |                                        |        0 (profiler_analysis.cpp:700)
2026-06-03 01:37:21.999 | info     |           Metal |   [    69089600 ..     69089700) |                                        |        0 (profiler_analysis.cpp:700)
2026-06-03 01:37:21.999 | info     |           Metal |   [    69089700 ..     69089800) |                                        |        0 (profiler_analysis.cpp:700)
2026-06-03 01:37:21.999 | info     |           Metal |   [    69089800 ..     69089900) |                                        |        0 (profiler_analysis.cpp:700)
2026-06-03 01:37:21.999 | info     |           Metal |   [    69089900 ..     69090000) |                                        |        0 (profiler_analysis.cpp:700)
2026-06-03 01:37:21.999 | info     |           Metal |   [    69090000 ..     69090100) |                                        |        0 (profiler_analysis.cpp:700)
2026-06-03 01:37:21.999 | info     |           Metal |   [    69090100 ..     69090200) |                                        |        0 (profiler_analysis.cpp:700)
2026-06-03 01:37:21.999 | info     |           Metal |   [    69090200 ..     69090300) |                                        |        0 (profiler_analysis.cpp:700)
2026-06-03 01:37:21.999 | info     |           Metal |   [    69090300 ..     69090400) |                                        |        0 (profiler_analysis.cpp:700)
[BLEND_SPLIT] upload+exec=0.0 readback=29.7 total=29.7 ms (resident, one Finish)
[BLEND_ADDR] cull_masks=0x12aa1280 out=0x12c7a340(sz=0x600000) tile_ids=0x54d3ec0 xramp=0x12c78340 yramp=0x12c79340 payload=0x0(sz=0x0)
[SORT] stage=RP P=629297 P_kept=629297 num_tiles=1024 max_tile_n=4928 bin=10.37 up=0.02 kernel=0.02 d2h=0.00 compact=0.00 publish=0.03 total=10.51ms
[CULL_SPLIT] pipelined (no separate Finish; cull device exec folded under the blend host-setup window; candidates=629297)
2026-06-03 01:37:22.094 | info     |           Metal | Device kernel duration perf summary (device=0): count=1, min=70139033ns, avg=70139033.0ns, max=70139033ns (profiler_analysis.cpp:652)
2026-06-03 01:37:22.094 | info     |           Metal | Device kernel duration perf histogram (device=0): (buckets=10, bucket_size=100ns, range=[70139000..70140000), underflow(<70139000ns)=0, overflow(>=70140000ns)=0) (profiler_analysis.cpp:695)
2026-06-03 01:37:22.094 | info     |           Metal |   [    70139000 ..     70139100) |########################################|        1 (profiler_analysis.cpp:700)
2026-06-03 01:37:22.094 | info     |           Metal |   [    70139100 ..     70139200) |                                        |        0 (profiler_analysis.cpp:700)
2026-06-03 01:37:22.094 | info     |           Metal |   [    70139200 ..     70139300) |                                        |        0 (profiler_analysis.cpp:700)
2026-06-03 01:37:22.094 | info     |           Metal |   [    70139300 ..     70139400) |                                        |        0 (profiler_analysis.cpp:700)
2026-06-03 01:37:22.094 | info     |           Metal |   [    70139400 ..     70139500) |                                        |        0 (profiler_analysis.cpp:700)
2026-06-03 01:37:22.094 | info     |           Metal |   [    70139500 ..     70139600) |                                        |        0 (profiler_analysis.cpp:700)
2026-06-03 01:37:22.094 | info     |           Metal |   [    70139600 ..     70139700) |                                        |        0 (profiler_analysis.cpp:700)
2026-06-03 01:37:22.094 | info     |           Metal |   [    70139700 ..     70139800) |                                        |        0 (profiler_analysis.cpp:700)
2026-06-03 01:37:22.094 | info     |           Metal |   [    70139800 ..     70139900) |                                        |        0 (profiler_analysis.cpp:700)
2026-06-03 01:37:22.094 | info     |           Metal |   [    70139900 ..     70140000) |                                        |        0 (profiler_analysis.cpp:700)
[BLEND_SPLIT] upload+exec=0.0 readback=30.2 total=30.2 ms (resident, one Finish)
[BLEND_ADDR] cull_masks=0x12aa1280 out=0x12c7a340(sz=0x600000) tile_ids=0x54d3ec0 xramp=0x12c78340 yramp=0x12c79340 payload=0x0(sz=0x0)
[SORT] stage=RP P=574474 P_kept=574474 num_tiles=1024 max_tile_n=4784 bin=11.18 up=0.02 kernel=0.02 d2h=0.00 compact=0.00 publish=0.02 total=11.31ms
[CULL_SPLIT] pipelined (no separate Finish; cull device exec folded under the blend host-setup window; candidates=574474)
[BLEND_SPLIT] upload+exec=0.0 readback=28.4 total=28.4 ms (resident, one Finish)
[BLEND_ADDR] cull_masks=0x12aa1280 out=0x12c7a340(sz=0x600000) tile_ids=0x54d3ec0 xramp=0x12c78340 yramp=0x12c79340 payload=0x0(sz=0x0)
2026-06-03 01:37:22.184 | info     |           Metal | Device kernel duration perf summary (device=0): count=1, min=67122797ns, avg=67122797.0ns, max=67122797ns (profiler_analysis.cpp:652)
2026-06-03 01:37:22.184 | info     |           Metal | Device kernel duration perf histogram (device=0): (buckets=10, bucket_size=100ns, range=[67122700..67123700), underflow(<67122700ns)=0, overflow(>=67123700ns)=0) (profiler_analysis.cpp:695)
2026-06-03 01:37:22.184 | info     |           Metal |   [    67122700 ..     67122800) |########################################|        1 (profiler_analysis.cpp:700)
2026-06-03 01:37:22.184 | info     |           Metal |   [    67122800 ..     67122900) |                                        |        0 (profiler_analysis.cpp:700)
2026-06-03 01:37:22.184 | info     |           Metal |   [    67122900 ..     67123000) |                                        |        0 (profiler_analysis.cpp:700)
2026-06-03 01:37:22.184 | info     |           Metal |   [    67123000 ..     67123100) |                                        |        0 (profiler_analysis.cpp:700)
2026-06-03 01:37:22.184 | info     |           Metal |   [    67123100 ..     67123200) |                                        |        0 (profiler_analysis.cpp:700)
2026-06-03 01:37:22.184 | info     |           Metal |   [    67123200 ..     67123300) |                                        |        0 (profiler_analysis.cpp:700)
2026-06-03 01:37:22.184 | info     |           Metal |   [    67123300 ..     67123400) |                                        |        0 (profiler_analysis.cpp:700)
2026-06-03 01:37:22.184 | info     |           Metal |   [    67123400 ..     67123500) |                                        |        0 (profiler_analysis.cpp:700)
2026-06-03 01:37:22.184 | info     |           Metal |   [    67123500 ..     67123600) |                                        |        0 (profiler_analysis.cpp:700)
2026-06-03 01:37:22.184 | info     |           Metal |   [    67123600 ..     67123700) |                                        |        0 (profiler_analysis.cpp:700)
[SORT] stage=RP P=508814 P_kept=508814 num_tiles=1024 max_tile_n=4560 bin=10.39 up=0.02 kernel=0.02 d2h=0.00 compact=0.00 publish=0.02 total=10.52ms
[CULL_SPLIT] pipelined (no separate Finish; cull device exec folded under the blend host-setup window; candidates=508814)
[BLEND_SPLIT] upload+exec=0.0 readback=26.4 total=26.4 ms (resident, one Finish)
[BLEND_ADDR] cull_masks=0x12aa1280 out=0x12c7a340(sz=0x600000) tile_ids=0x54d3ec0 xramp=0x12c78340 yramp=0x12c79340 payload=0x0(sz=0x0)
2026-06-03 01:37:22.273 | info     |           Metal | Device kernel duration perf summary (device=0): count=1, min=65442008ns, avg=65442008.0ns, max=65442008ns (profiler_analysis.cpp:652)
2026-06-03 01:37:22.273 | info     |           Metal | Device kernel duration perf histogram (device=0): (buckets=10, bucket_size=100ns, range=[65442000..65443000), underflow(<65442000ns)=0, overflow(>=65443000ns)=0) (profiler_analysis.cpp:695)
2026-06-03 01:37:22.273 | info     |           Metal |   [    65442000 ..     65442100) |########################################|        1 (profiler_analysis.cpp:700)
2026-06-03 01:37:22.273 | info     |           Metal |   [    65442100 ..     65442200) |                                        |        0 (profiler_analysis.cpp:700)
2026-06-03 01:37:22.273 | info     |           Metal |   [    65442200 ..     65442300) |                                        |        0 (profiler_analysis.cpp:700)
2026-06-03 01:37:22.273 | info     |           Metal |   [    65442300 ..     65442400) |                                        |        0 (profiler_analysis.cpp:700)
2026-06-03 01:37:22.273 | info     |           Metal |   [    65442400 ..     65442500) |                                        |        0 (profiler_analysis.cpp:700)
2026-06-03 01:37:22.273 | info     |           Metal |   [    65442500 ..     65442600) |                                        |        0 (profiler_analysis.cpp:700)
2026-06-03 01:37:22.273 | info     |           Metal |   [    65442600 ..     65442700) |                                        |        0 (profiler_analysis.cpp:700)
2026-06-03 01:37:22.273 | info     |           Metal |   [    65442700 ..     65442800) |                                        |        0 (profiler_analysis.cpp:700)
2026-06-03 01:37:22.273 | info     |           Metal |   [    65442800 ..     65442900) |                                        |        0 (profiler_analysis.cpp:700)
2026-06-03 01:37:22.273 | info     |           Metal |   [    65442900 ..     65443000) |                                        |        0 (profiler_analysis.cpp:700)
2026-06-03 01:37:22.357 | info     |           Metal | Device kernel duration perf summary (device=0): count=1, min=60067703ns, avg=60067703.0ns, max=60067703ns (profiler_analysis.cpp:652)
2026-06-03 01:37:22.357 | info     |           Metal | Device kernel duration perf histogram (device=0): (buckets=10, bucket_size=100ns, range=[60067700..60068700), underflow(<60067700ns)=0, overflow(>=60068700ns)=0) (profiler_analysis.cpp:695)
2026-06-03 01:37:22.357 | info     |           Metal |   [    60067700 ..     60067800) |########################################|        1 (profiler_analysis.cpp:700)
2026-06-03 01:37:22.357 | info     |           Metal |   [    60067800 ..     60067900) |                                        |        0 (profiler_analysis.cpp:700)
2026-06-03 01:37:22.357 | info     |           Metal |   [    60067900 ..     60068000) |                                        |        0 (profiler_analysis.cpp:700)
2026-06-03 01:37:22.357 | info     |           Metal |   [    60068000 ..     60068100) |                                        |        0 (profiler_analysis.cpp:700)
2026-06-03 01:37:22.357 | info     |           Metal |   [    60068100 ..     60068200) |                                        |        0 (profiler_analysis.cpp:700)
2026-06-03 01:37:22.357 | info     |           Metal |   [    60068200 ..     60068300) |                                        |        0 (profiler_analysis.cpp:700)
2026-06-03 01:37:22.357 | info     |           Metal |   [    60068300 ..     60068400) |                                        |        0 (profiler_analysis.cpp:700)
2026-06-03 01:37:22.357 | info     |           Metal |   [    60068400 ..     60068500) |                                        |        0 (profiler_analysis.cpp:700)
2026-06-03 01:37:22.357 | info     |           Metal |   [    60068500 ..     60068600) |                                        |        0 (profiler_analysis.cpp:700)
2026-06-03 01:37:22.357 | info     |           Metal |   [    60068600 ..     60068700) |                                        |        0 (profiler_analysis.cpp:700)
[SORT] stage=RP P=414994 P_kept=414994 num_tiles=1024 max_tile_n=3520 bin=9.53 up=0.02 kernel=0.03 d2h=0.00 compact=0.00 publish=0.03 total=9.68ms
[CULL_SPLIT] pipelined (no separate Finish; cull device exec folded under the blend host-setup window; candidates=414994)
[BLEND_SPLIT] upload+exec=0.0 readback=23.4 total=23.4 ms (resident, one Finish)
[BLEND_ADDR] cull_masks=0x12aa1280 out=0x12c7a340(sz=0x600000) tile_ids=0x54d3ec0 xramp=0x12c78340 yramp=0x12c79340 payload=0x0(sz=0x0)
[SORT] stage=RP P=245802 P_kept=245802 num_tiles=1024 max_tile_n=2704 bin=7.58 up=0.02 kernel=0.02 d2h=0.00 compact=0.00 publish=0.02 total=7.71ms
[CULL_SPLIT] pipelined (no separate Finish; cull device exec folded under the blend host-setup window; candidates=245802)
[BLEND_SPLIT] upload+exec=0.0 readback=17.8 total=17.8 ms (resident, one Finish)
[BLEND_ADDR] cull_masks=0x12aa1280 out=0x12c7a340(sz=0x600000) tile_ids=0x54d3ec0 xramp=0x12c78340 yramp=0x12c79340 payload=0x0(sz=0x0)
2026-06-03 01:37:22.431 | info     |           Metal | Device kernel duration perf summary (device=0): count=1, min=50103457ns, avg=50103457.0ns, max=50103457ns (profiler_analysis.cpp:652)
2026-06-03 01:37:22.431 | info     |           Metal | Device kernel duration perf histogram (device=0): (buckets=10, bucket_size=100ns, range=[50103400..50104400), underflow(<50103400ns)=0, overflow(>=50104400ns)=0) (profiler_analysis.cpp:695)
2026-06-03 01:37:22.431 | info     |           Metal |   [    50103400 ..     50103500) |########################################|        1 (profiler_analysis.cpp:700)
2026-06-03 01:37:22.431 | info     |           Metal |   [    50103500 ..     50103600) |                                        |        0 (profiler_analysis.cpp:700)
2026-06-03 01:37:22.431 | info     |           Metal |   [    50103600 ..     50103700) |                                        |        0 (profiler_analysis.cpp:700)
2026-06-03 01:37:22.431 | info     |           Metal |   [    50103700 ..     50103800) |                                        |        0 (profiler_analysis.cpp:700)
2026-06-03 01:37:22.431 | info     |           Metal |   [    50103800 ..     50103900) |                                        |        0 (profiler_analysis.cpp:700)
2026-06-03 01:37:22.431 | info     |           Metal |   [    50103900 ..     50104000) |                                        |        0 (profiler_analysis.cpp:700)
2026-06-03 01:37:22.431 | info     |           Metal |   [    50104000 ..     50104100) |                                        |        0 (profiler_analysis.cpp:700)
2026-06-03 01:37:22.431 | info     |           Metal |   [    50104100 ..     50104200) |                                        |        0 (profiler_analysis.cpp:700)
2026-06-03 01:37:22.431 | info     |           Metal |   [    50104200 ..     50104300) |                                        |        0 (profiler_analysis.cpp:700)
2026-06-03 01:37:22.431 | info     |           Metal |   [    50104300 ..     50104400) |                                        |        0 (profiler_analysis.cpp:700)
2026-06-03 01:37:22.544 | info     |           Metal | Device kernel duration perf summary (device=0): count=1, min=89753165ns, avg=89753165.0ns, max=89753165ns (profiler_analysis.cpp:652)
2026-06-03 01:37:22.544 | info     |           Metal | Device kernel duration perf histogram (device=0): (buckets=10, bucket_size=100ns, range=[89753100..89754100), underflow(<89753100ns)=0, overflow(>=89754100ns)=0) (profiler_analysis.cpp:695)
2026-06-03 01:37:22.544 | info     |           Metal |   [    89753100 ..     89753200) |########################################|        1 (profiler_analysis.cpp:700)
2026-06-03 01:37:22.544 | info     |           Metal |   [    89753200 ..     89753300) |                                        |        0 (profiler_analysis.cpp:700)
2026-06-03 01:37:22.544 | info     |           Metal |   [    89753300 ..     89753400) |                                        |        0 (profiler_analysis.cpp:700)
2026-06-03 01:37:22.544 | info     |           Metal |   [    89753400 ..     89753500) |                                        |        0 (profiler_analysis.cpp:700)
2026-06-03 01:37:22.544 | info     |           Metal |   [    89753500 ..     89753600) |                                        |        0 (profiler_analysis.cpp:700)
2026-06-03 01:37:22.544 | info     |           Metal |   [    89753600 ..     89753700) |                                        |        0 (profiler_analysis.cpp:700)
2026-06-03 01:37:22.544 | info     |           Metal |   [    89753700 ..     89753800) |                                        |        0 (profiler_analysis.cpp:700)
2026-06-03 01:37:22.544 | info     |           Metal |   [    89753800 ..     89753900) |                                        |        0 (profiler_analysis.cpp:700)
2026-06-03 01:37:22.544 | info     |           Metal |   [    89753900 ..     89754000) |                                        |        0 (profiler_analysis.cpp:700)
2026-06-03 01:37:22.544 | info     |           Metal |   [    89754000 ..     89754100) |                                        |        0 (profiler_analysis.cpp:700)
[SORT] stage=RP P=162380 P_kept=162380 num_tiles=1024 max_tile_n=1744 bin=6.77 up=0.02 kernel=0.03 d2h=0.00 compact=0.00 publish=0.03 total=6.95ms
[CULL_SPLIT] pipelined (no separate Finish; cull device exec folded under the blend host-setup window; candidates=162380)
[BLEND_SPLIT] upload+exec=0.0 readback=11.6 total=11.6 ms (resident, one Finish)
[BLEND_ADDR] cull_masks=0x12aa1280 out=0x12c7a340(sz=0x600000) tile_ids=0x54d3ec0 xramp=0x12c78340 yramp=0x12c79340 payload=0x0(sz=0x0)
[SORT] stage=RP P=588050 P_kept=588050 num_tiles=1024 max_tile_n=4864 bin=11.33 up=0.02 kernel=0.02 d2h=0.00 compact=0.00 publish=0.02 total=11.47ms
[CULL_SPLIT] pipelined (no separate Finish; cull device exec folded under the blend host-setup window; candidates=588050)
2026-06-03 01:37:22.637 | info     |           Metal | Device kernel duration perf summary (device=0): count=1, min=68967522ns, avg=68967522.0ns, max=68967522ns (profiler_analysis.cpp:652)
2026-06-03 01:37:22.637 | info     |           Metal | Device kernel duration perf histogram (device=0): (buckets=10, bucket_size=100ns, range=[68967500..68968500), underflow(<68967500ns)=0, overflow(>=68968500ns)=0) (profiler_analysis.cpp:695)
2026-06-03 01:37:22.637 | info     |           Metal |   [    68967500 ..     68967600) |########################################|        1 (profiler_analysis.cpp:700)
2026-06-03 01:37:22.637 | info     |           Metal |   [    68967600 ..     68967700) |                                        |        0 (profiler_analysis.cpp:700)
2026-06-03 01:37:22.637 | info     |           Metal |   [    68967700 ..     68967800) |                                        |        0 (profiler_analysis.cpp:700)
2026-06-03 01:37:22.637 | info     |           Metal |   [    68967800 ..     68967900) |                                        |        0 (profiler_analysis.cpp:700)
2026-06-03 01:37:22.637 | info     |           Metal |   [    68967900 ..     68968000) |                                        |        0 (profiler_analysis.cpp:700)
2026-06-03 01:37:22.637 | info     |           Metal |   [    68968000 ..     68968100) |                                        |        0 (profiler_analysis.cpp:700)
2026-06-03 01:37:22.637 | info     |           Metal |   [    68968100 ..     68968200) |                                        |        0 (profiler_analysis.cpp:700)
2026-06-03 01:37:22.637 | info     |           Metal |   [    68968200 ..     68968300) |                                        |        0 (profiler_analysis.cpp:700)
2026-06-03 01:37:22.637 | info     |           Metal |   [    68968300 ..     68968400) |                                        |        0 (profiler_analysis.cpp:700)
2026-06-03 01:37:22.637 | info     |           Metal |   [    68968400 ..     68968500) |                                        |        0 (profiler_analysis.cpp:700)
[BLEND_SPLIT] upload+exec=0.0 readback=28.8 total=28.8 ms (resident, one Finish)
[BLEND_ADDR] cull_masks=0x12aa1280 out=0x12c7a340(sz=0x600000) tile_ids=0x54d3ec0 xramp=0x12c78340 yramp=0x12c79340 payload=0x0(sz=0x0)
[SORT] stage=RP P=854460 P_kept=854460 num_tiles=1024 max_tile_n=5152 bin=12.85 up=0.02 kernel=0.02 d2h=0.00 compact=0.00 publish=0.02 total=12.99ms
[CULL_SPLIT] pipelined (no separate Finish; cull device exec folded under the blend host-setup window; candidates=854460)
2026-06-03 01:37:22.747 | info     |           Metal | Device kernel duration perf summary (device=0): count=1, min=85031556ns, avg=85031556.0ns, max=85031556ns (profiler_analysis.cpp:652)
2026-06-03 01:37:22.747 | info     |           Metal | Device kernel duration perf histogram (device=0): (buckets=10, bucket_size=100ns, range=[85031500..85032500), underflow(<85031500ns)=0, overflow(>=85032500ns)=0) (profiler_analysis.cpp:695)
2026-06-03 01:37:22.747 | info     |           Metal |   [    85031500 ..     85031600) |########################################|        1 (profiler_analysis.cpp:700)
2026-06-03 01:37:22.747 | info     |           Metal |   [    85031600 ..     85031700) |                                        |        0 (profiler_analysis.cpp:700)
2026-06-03 01:37:22.747 | info     |           Metal |   [    85031700 ..     85031800) |                                        |        0 (profiler_analysis.cpp:700)
2026-06-03 01:37:22.747 | info     |           Metal |   [    85031800 ..     85031900) |                                        |        0 (profiler_analysis.cpp:700)
2026-06-03 01:37:22.747 | info     |           Metal |   [    85031900 ..     85032000) |                                        |        0 (profiler_analysis.cpp:700)
2026-06-03 01:37:22.747 | info     |           Metal |   [    85032000 ..     85032100) |                                        |        0 (profiler_analysis.cpp:700)
2026-06-03 01:37:22.747 | info     |           Metal |   [    85032100 ..     85032200) |                                        |        0 (profiler_analysis.cpp:700)
2026-06-03 01:37:22.747 | info     |           Metal |   [    85032200 ..     85032300) |                                        |        0 (profiler_analysis.cpp:700)
2026-06-03 01:37:22.747 | info     |           Metal |   [    85032300 ..     85032400) |                                        |        0 (profiler_analysis.cpp:700)
2026-06-03 01:37:22.747 | info     |           Metal |   [    85032400 ..     85032500) |                                        |        0 (profiler_analysis.cpp:700)
[BLEND_SPLIT] upload+exec=0.0 readback=38.0 total=38.0 ms (resident, one Finish)
[BLEND_ADDR] cull_masks=0x12aa1280 out=0x12c7a340(sz=0x600000) tile_ids=0x54d3ec0 xramp=0x12c78340 yramp=0x12c79340 payload=0x0(sz=0x0)
[SORT] stage=RP P=840033 P_kept=840033 num_tiles=1024 max_tile_n=4704 bin=14.08 up=0.02 kernel=0.02 d2h=0.00 compact=0.00 publish=0.02 total=14.22ms
[CULL_SPLIT] pipelined (no separate Finish; cull device exec folded under the blend host-setup window; candidates=840033)
2026-06-03 01:37:22.854 | info     |           Metal | Device kernel duration perf summary (device=0): count=1, min=81553816ns, avg=81553816.0ns, max=81553816ns (profiler_analysis.cpp:652)
2026-06-03 01:37:22.854 | info     |           Metal | Device kernel duration perf histogram (device=0): (buckets=10, bucket_size=100ns, range=[81553800..81554800), underflow(<81553800ns)=0, overflow(>=81554800ns)=0) (profiler_analysis.cpp:695)
2026-06-03 01:37:22.854 | info     |           Metal |   [    81553800 ..     81553900) |########################################|        1 (profiler_analysis.cpp:700)
2026-06-03 01:37:22.854 | info     |           Metal |   [    81553900 ..     81554000) |                                        |        0 (profiler_analysis.cpp:700)
2026-06-03 01:37:22.854 | info     |           Metal |   [    81554000 ..     81554100) |                                        |        0 (profiler_analysis.cpp:700)
2026-06-03 01:37:22.854 | info     |           Metal |   [    81554100 ..     81554200) |                                        |        0 (profiler_analysis.cpp:700)
2026-06-03 01:37:22.854 | info     |           Metal |   [    81554200 ..     81554300) |                                        |        0 (profiler_analysis.cpp:700)
2026-06-03 01:37:22.854 | info     |           Metal |   [    81554300 ..     81554400) |                                        |        0 (profiler_analysis.cpp:700)
2026-06-03 01:37:22.854 | info     |           Metal |   [    81554400 ..     81554500) |                                        |        0 (profiler_analysis.cpp:700)
2026-06-03 01:37:22.854 | info     |           Metal |   [    81554500 ..     81554600) |                                        |        0 (profiler_analysis.cpp:700)
2026-06-03 01:37:22.854 | info     |           Metal |   [    81554600 ..     81554700) |                                        |        0 (profiler_analysis.cpp:700)
2026-06-03 01:37:22.854 | info     |           Metal |   [    81554700 ..     81554800) |                                        |        0 (profiler_analysis.cpp:700)
[BLEND_SPLIT] upload+exec=0.0 readback=37.0 total=37.0 ms (resident, one Finish)
[BLEND_ADDR] cull_masks=0x12aa1280 out=0x12c7a340(sz=0x600000) tile_ids=0x54d3ec0 xramp=0x12c78340 yramp=0x12c79340 payload=0x0(sz=0x0)
[SORT] stage=RP P=1077452 P_kept=1077452 num_tiles=1024 max_tile_n=5408 bin=16.00 up=0.02 kernel=0.02 d2h=0.00 compact=0.00 publish=0.02 total=16.15ms
[CULL_SPLIT] pipelined (no separate Finish; cull device exec folded under the blend host-setup window; candidates=1077452)
[BLEND_SPLIT] upload+exec=0.0 readback=46.6 total=46.6 ms (resident, one Finish)
[BLEND_ADDR] cull_masks=0x12aa1280 out=0x12c7a340(sz=0x600000) tile_ids=0x54d3ec0 xramp=0x12c78340 yramp=0x12c79340 payload=0x0(sz=0x0)
2026-06-03 01:37:22.979 | info     |           Metal | Device kernel duration perf summary (device=0): count=1, min=99337318ns, avg=99337318.0ns, max=99337318ns (profiler_analysis.cpp:652)
2026-06-03 01:37:22.979 | info     |           Metal | Device kernel duration perf histogram (device=0): (buckets=10, bucket_size=100ns, range=[99337300..99338300), underflow(<99337300ns)=0, overflow(>=99338300ns)=0) (profiler_analysis.cpp:695)
2026-06-03 01:37:22.979 | info     |           Metal |   [    99337300 ..     99337400) |########################################|        1 (profiler_analysis.cpp:700)
2026-06-03 01:37:22.979 | info     |           Metal |   [    99337400 ..     99337500) |                                        |        0 (profiler_analysis.cpp:700)
2026-06-03 01:37:22.979 | info     |           Metal |   [    99337500 ..     99337600) |                                        |        0 (profiler_analysis.cpp:700)
2026-06-03 01:37:22.979 | info     |           Metal |   [    99337600 ..     99337700) |                                        |        0 (profiler_analysis.cpp:700)
2026-06-03 01:37:22.979 | info     |           Metal |   [    99337700 ..     99337800) |                                        |        0 (profiler_analysis.cpp:700)
2026-06-03 01:37:22.979 | info     |           Metal |   [    99337800 ..     99337900) |                                        |        0 (profiler_analysis.cpp:700)
2026-06-03 01:37:22.979 | info     |           Metal |   [    99337900 ..     99338000) |                                        |        0 (profiler_analysis.cpp:700)
2026-06-03 01:37:22.979 | info     |           Metal |   [    99338000 ..     99338100) |                                        |        0 (profiler_analysis.cpp:700)
2026-06-03 01:37:22.979 | info     |           Metal |   [    99338100 ..     99338200) |                                        |        0 (profiler_analysis.cpp:700)
2026-06-03 01:37:22.979 | info     |           Metal |   [    99338200 ..     99338300) |                                        |        0 (profiler_analysis.cpp:700)
[SORT] stage=RP P=1175882 P_kept=1175882 num_tiles=1024 max_tile_n=5312 bin=17.42 up=0.02 kernel=0.02 d2h=0.00 compact=0.00 publish=0.02 total=17.56ms
[CULL_SPLIT] pipelined (no separate Finish; cull device exec folded under the blend host-setup window; candidates=1175882)
[BLEND_SPLIT] upload+exec=0.0 readback=49.0 total=49.0 ms (resident, one Finish)
[BLEND_ADDR] cull_masks=0x12aa1280 out=0x12c7a340(sz=0x600000) tile_ids=0x54d3ec0 xramp=0x12c78340 yramp=0x12c79340 payload=0x0(sz=0x0)
2026-06-03 01:37:23.107 | info     |           Metal | Device kernel duration perf summary (device=0): count=1, min=103572795ns, avg=103572795.0ns, max=103572795ns (profiler_analysis.cpp:652)
2026-06-03 01:37:23.107 | info     |           Metal | Device kernel duration perf histogram (device=0): (buckets=10, bucket_size=100ns, range=[103572700..103573700), underflow(<103572700ns)=0, overflow(>=103573700ns)=0) (profiler_analysis.cpp:695)
2026-06-03 01:37:23.107 | info     |           Metal |   [   103572700 ..    103572800) |########################################|        1 (profiler_analysis.cpp:700)
2026-06-03 01:37:23.107 | info     |           Metal |   [   103572800 ..    103572900) |                                        |        0 (profiler_analysis.cpp:700)
2026-06-03 01:37:23.107 | info     |           Metal |   [   103572900 ..    103573000) |                                        |        0 (profiler_analysis.cpp:700)
2026-06-03 01:37:23.107 | info     |           Metal |   [   103573000 ..    103573100) |                                        |        0 (profiler_analysis.cpp:700)
2026-06-03 01:37:23.107 | info     |           Metal |   [   103573100 ..    103573200) |                                        |        0 (profiler_analysis.cpp:700)
2026-06-03 01:37:23.107 | info     |           Metal |   [   103573200 ..    103573300) |                                        |        0 (profiler_analysis.cpp:700)
2026-06-03 01:37:23.107 | info     |           Metal |   [   103573300 ..    103573400) |                                        |        0 (profiler_analysis.cpp:700)
2026-06-03 01:37:23.107 | info     |           Metal |   [   103573400 ..    103573500) |                                        |        0 (profiler_analysis.cpp:700)
2026-06-03 01:37:23.107 | info     |           Metal |   [   103573500 ..    103573600) |                                        |        0 (profiler_analysis.cpp:700)
2026-06-03 01:37:23.107 | info     |           Metal |   [   103573600 ..    103573700) |                                        |        0 (profiler_analysis.cpp:700)
[SORT] stage=RP P=662931 P_kept=662931 num_tiles=1024 max_tile_n=5184 bin=12.17 up=0.02 kernel=0.02 d2h=0.00 compact=0.00 publish=0.02 total=12.30ms
[CULL_SPLIT] pipelined (no separate Finish; cull device exec folded under the blend host-setup window; candidates=662931)
[BLEND_SPLIT] upload+exec=0.0 readback=31.8 total=31.8 ms (resident, one Finish)
[BLEND_ADDR] cull_masks=0x12aa1280 out=0x12c7a340(sz=0x600000) tile_ids=0x54d3ec0 xramp=0x12c78340 yramp=0x12c79340 payload=0x0(sz=0x0)
2026-06-03 01:37:23.204 | info     |           Metal | Device kernel duration perf summary (device=0): count=1, min=73438811ns, avg=73438811.0ns, max=73438811ns (profiler_analysis.cpp:652)
2026-06-03 01:37:23.204 | info     |           Metal | Device kernel duration perf histogram (device=0): (buckets=10, bucket_size=100ns, range=[73438800..73439800), underflow(<73438800ns)=0, overflow(>=73439800ns)=0) (profiler_analysis.cpp:695)
2026-06-03 01:37:23.204 | info     |           Metal |   [    73438800 ..     73438900) |########################################|        1 (profiler_analysis.cpp:700)
2026-06-03 01:37:23.204 | info     |           Metal |   [    73438900 ..     73439000) |                                        |        0 (profiler_analysis.cpp:700)
2026-06-03 01:37:23.204 | info     |           Metal |   [    73439000 ..     73439100) |                                        |        0 (profiler_analysis.cpp:700)
2026-06-03 01:37:23.204 | info     |           Metal |   [    73439100 ..     73439200) |                                        |        0 (profiler_analysis.cpp:700)
2026-06-03 01:37:23.204 | info     |           Metal |   [    73439200 ..     73439300) |                                        |        0 (profiler_analysis.cpp:700)
2026-06-03 01:37:23.204 | info     |           Metal |   [    73439300 ..     73439400) |                                        |        0 (profiler_analysis.cpp:700)
2026-06-03 01:37:23.204 | info     |           Metal |   [    73439400 ..     73439500) |                                        |        0 (profiler_analysis.cpp:700)
2026-06-03 01:37:23.204 | info     |           Metal |   [    73439500 ..     73439600) |                                        |        0 (profiler_analysis.cpp:700)
2026-06-03 01:37:23.204 | info     |           Metal |   [    73439600 ..     73439700) |                                        |        0 (profiler_analysis.cpp:700)
2026-06-03 01:37:23.204 | info     |           Metal |   [    73439700 ..     73439800) |                                        |        0 (profiler_analysis.cpp:700)
[SORT] stage=RP P=1298085 P_kept=1298085 num_tiles=1024 max_tile_n=18608 bin=17.83 up=0.02 kernel=0.02 d2h=0.00 compact=0.00 publish=0.02 total=17.97ms
[CULL_SPLIT] pipelined (no separate Finish; cull device exec folded under the blend host-setup window; candidates=1298085)
[BLEND_SPLIT] upload+exec=0.0 readback=110.5 total=110.5 ms (resident, one Finish)
[BLEND_ADDR] cull_masks=0x12aa1280 out=0x12c7a340(sz=0x600000) tile_ids=0x54d3ec0 xramp=0x12c78340 yramp=0x12c79340 payload=0x0(sz=0x0)
2026-06-03 01:37:23.398 | info     |           Metal | Device kernel duration perf summary (device=0): count=1, min=169060477ns, avg=169060477.0ns, max=169060477ns (profiler_analysis.cpp:652)
2026-06-03 01:37:23.398 | info     |           Metal | Device kernel duration perf histogram (device=0): (buckets=10, bucket_size=100ns, range=[169060400..169061400), underflow(<169060400ns)=0, overflow(>=169061400ns)=0) (profiler_analysis.cpp:695)
2026-06-03 01:37:23.398 | info     |           Metal |   [   169060400 ..    169060500) |########################################|        1 (profiler_analysis.cpp:700)
2026-06-03 01:37:23.398 | info     |           Metal |   [   169060500 ..    169060600) |                                        |        0 (profiler_analysis.cpp:700)
2026-06-03 01:37:23.398 | info     |           Metal |   [   169060600 ..    169060700) |                                        |        0 (profiler_analysis.cpp:700)
2026-06-03 01:37:23.398 | info     |           Metal |   [   169060700 ..    169060800) |                                        |        0 (profiler_analysis.cpp:700)
2026-06-03 01:37:23.398 | info     |           Metal |   [   169060800 ..    169060900) |                                        |        0 (profiler_analysis.cpp:700)
2026-06-03 01:37:23.398 | info     |           Metal |   [   169060900 ..    169061000) |                                        |        0 (profiler_analysis.cpp:700)
2026-06-03 01:37:23.398 | info     |           Metal |   [   169061000 ..    169061100) |                                        |        0 (profiler_analysis.cpp:700)
2026-06-03 01:37:23.398 | info     |           Metal |   [   169061100 ..    169061200) |                                        |        0 (profiler_analysis.cpp:700)
2026-06-03 01:37:23.398 | info     |           Metal |   [   169061200 ..    169061300) |                                        |        0 (profiler_analysis.cpp:700)
2026-06-03 01:37:23.398 | info     |           Metal |   [   169061300 ..    169061400) |                                        |        0 (profiler_analysis.cpp:700)
[SORT] stage=RP P=262468 P_kept=262468 num_tiles=1024 max_tile_n=4464 bin=7.33 up=0.02 kernel=0.02 d2h=0.00 compact=0.00 publish=0.02 total=7.49ms
[CULL_SPLIT] pipelined (no separate Finish; cull device exec folded under the blend host-setup window; candidates=262468)
2026-06-03 01:37:23.540 | info     |           Metal | Device kernel duration perf summary (device=0): count=1, min=117502916ns, avg=117502916.0ns, max=117502916ns (profiler_analysis.cpp:652)
2026-06-03 01:37:23.540 | info     |           Metal | Device kernel duration perf histogram (device=0): (buckets=10, bucket_size=100ns, range=[117502900..117503900), underflow(<117502900ns)=0, overflow(>=117503900ns)=0) (profiler_analysis.cpp:695)
2026-06-03 01:37:23.540 | info     |           Metal |   [   117502900 ..    117503000) |########################################|        1 (profiler_analysis.cpp:700)
2026-06-03 01:37:23.540 | info     |           Metal |   [   117503000 ..    117503100) |                                        |        0 (profiler_analysis.cpp:700)
2026-06-03 01:37:23.540 | info     |           Metal |   [   117503100 ..    117503200) |                                        |        0 (profiler_analysis.cpp:700)
2026-06-03 01:37:23.540 | info     |           Metal |   [   117503200 ..    117503300) |                                        |        0 (profiler_analysis.cpp:700)
2026-06-03 01:37:23.540 | info     |           Metal |   [   117503300 ..    117503400) |                                        |        0 (profiler_analysis.cpp:700)
2026-06-03 01:37:23.540 | info     |           Metal |   [   117503400 ..    117503500) |                                        |        0 (profiler_analysis.cpp:700)
2026-06-03 01:37:23.540 | info     |           Metal |   [   117503500 ..    117503600) |                                        |        0 (profiler_analysis.cpp:700)
2026-06-03 01:37:23.540 | info     |           Metal |   [   117503600 ..    117503700) |                                        |        0 (profiler_analysis.cpp:700)
2026-06-03 01:37:23.540 | info     |           Metal |   [   117503700 ..    117503800) |                                        |        0 (profiler_analysis.cpp:700)
2026-06-03 01:37:23.540 | info     |           Metal |   [   117503800 ..    117503900) |                                        |        0 (profiler_analysis.cpp:700)
[BLEND_SPLIT] upload+exec=0.0 readback=22.4 total=22.4 ms (resident, one Finish)
[BLEND_ADDR] cull_masks=0x12aa1280 out=0x12c7a340(sz=0x600000) tile_ids=0x54d3ec0 xramp=0x12c78340 yramp=0x12c79340 payload=0x0(sz=0x0)
[SORT] stage=RP P=107247 P_kept=107247 num_tiles=1024 max_tile_n=1664 bin=4.63 up=0.02 kernel=0.02 d2h=0.00 compact=0.00 publish=0.02 total=4.77ms
[CULL_SPLIT] pipelined (no separate Finish; cull device exec folded under the blend host-setup window; candidates=107247)
[BLEND_SPLIT] upload+exec=0.0 readback=8.8 total=8.8 ms (resident, one Finish)
[BLEND_ADDR] cull_masks=0x12aa1280 out=0x12c7a340(sz=0x600000) tile_ids=0x54d3ec0 xramp=0x12c78340 yramp=0x12c79340 payload=0x0(sz=0x0)
2026-06-03 01:37:23.595 | info     |           Metal | Device kernel duration perf summary (device=0): count=1, min=31995407ns, avg=31995407.0ns, max=31995407ns (profiler_analysis.cpp:652)
2026-06-03 01:37:23.595 | info     |           Metal | Device kernel duration perf histogram (device=0): (buckets=10, bucket_size=100ns, range=[31995400..31996400), underflow(<31995400ns)=0, overflow(>=31996400ns)=0) (profiler_analysis.cpp:695)
2026-06-03 01:37:23.595 | info     |           Metal |   [    31995400 ..     31995500) |########################################|        1 (profiler_analysis.cpp:700)
2026-06-03 01:37:23.595 | info     |           Metal |   [    31995500 ..     31995600) |                                        |        0 (profiler_analysis.cpp:700)
2026-06-03 01:37:23.595 | info     |           Metal |   [    31995600 ..     31995700) |                                        |        0 (profiler_analysis.cpp:700)
2026-06-03 01:37:23.595 | info     |           Metal |   [    31995700 ..     31995800) |                                        |        0 (profiler_analysis.cpp:700)
2026-06-03 01:37:23.595 | info     |           Metal |   [    31995800 ..     31995900) |                                        |        0 (profiler_analysis.cpp:700)
2026-06-03 01:37:23.595 | info     |           Metal |   [    31995900 ..     31996000) |                                        |        0 (profiler_analysis.cpp:700)
2026-06-03 01:37:23.595 | info     |           Metal |   [    31996000 ..     31996100) |                                        |        0 (profiler_analysis.cpp:700)
2026-06-03 01:37:23.595 | info     |           Metal |   [    31996100 ..     31996200) |                                        |        0 (profiler_analysis.cpp:700)
2026-06-03 01:37:23.595 | info     |           Metal |   [    31996200 ..     31996300) |                                        |        0 (profiler_analysis.cpp:700)
2026-06-03 01:37:23.595 | info     |           Metal |   [    31996300 ..     31996400) |                                        |        0 (profiler_analysis.cpp:700)
[SORT] stage=RP P=742945 P_kept=742945 num_tiles=1024 max_tile_n=4720 bin=13.11 up=0.02 kernel=0.02 d2h=0.00 compact=0.00 publish=0.02 total=13.25ms
[CULL_SPLIT] pipelined (no separate Finish; cull device exec folded under the blend host-setup window; candidates=742945)
[BLEND_SPLIT] upload+exec=0.0 readback=34.3 total=34.3 ms (resident, one Finish)
[BLEND_ADDR] cull_masks=0x12aa1280 out=0x12c7a340(sz=0x600000) tile_ids=0x54d3ec0 xramp=0x12c78340 yramp=0x12c79340 payload=0x0(sz=0x0)
2026-06-03 01:37:23.699 | info     |           Metal | Device kernel duration perf summary (device=0): count=1, min=79637974ns, avg=79637974.0ns, max=79637974ns (profiler_analysis.cpp:652)
2026-06-03 01:37:23.699 | info     |           Metal | Device kernel duration perf histogram (device=0): (buckets=10, bucket_size=100ns, range=[79637900..79638900), underflow(<79637900ns)=0, overflow(>=79638900ns)=0) (profiler_analysis.cpp:695)
2026-06-03 01:37:23.699 | info     |           Metal |   [    79637900 ..     79638000) |########################################|        1 (profiler_analysis.cpp:700)
2026-06-03 01:37:23.699 | info     |           Metal |   [    79638000 ..     79638100) |                                        |        0 (profiler_analysis.cpp:700)
2026-06-03 01:37:23.699 | info     |           Metal |   [    79638100 ..     79638200) |                                        |        0 (profiler_analysis.cpp:700)
2026-06-03 01:37:23.699 | info     |           Metal |   [    79638200 ..     79638300) |                                        |        0 (profiler_analysis.cpp:700)
2026-06-03 01:37:23.699 | info     |           Metal |   [    79638300 ..     79638400) |                                        |        0 (profiler_analysis.cpp:700)
2026-06-03 01:37:23.699 | info     |           Metal |   [    79638400 ..     79638500) |                                        |        0 (profiler_analysis.cpp:700)
2026-06-03 01:37:23.699 | info     |           Metal |   [    79638500 ..     79638600) |                                        |        0 (profiler_analysis.cpp:700)
2026-06-03 01:37:23.699 | info     |           Metal |   [    79638600 ..     79638700) |                                        |        0 (profiler_analysis.cpp:700)
2026-06-03 01:37:23.699 | info     |           Metal |   [    79638700 ..     79638800) |                                        |        0 (profiler_analysis.cpp:700)
2026-06-03 01:37:23.699 | info     |           Metal |   [    79638800 ..     79638900) |                                        |        0 (profiler_analysis.cpp:700)
[SORT] stage=RP P=3369033 P_kept=3369033 num_tiles=1024 max_tile_n=26496 bin=42.35 up=0.02 kernel=0.04 d2h=7.13 compact=0.00 publish=0.03 total=60.47ms
2026-06-03 01:37:24.525 | info     |           Metal | Device kernel duration perf summary (device=0): count=1, min=377917150ns, avg=377917150.0ns, max=377917150ns (profiler_analysis.cpp:652)
2026-06-03 01:37:24.525 | info     |           Metal | Device kernel duration perf histogram (device=0): (buckets=10, bucket_size=100ns, range=[377917100..377918100), underflow(<377917100ns)=0, overflow(>=377918100ns)=0) (profiler_analysis.cpp:695)
2026-06-03 01:37:24.525 | info     |           Metal |   [   377917100 ..    377917200) |########################################|        1 (profiler_analysis.cpp:700)
2026-06-03 01:37:24.525 | info     |           Metal |   [   377917200 ..    377917300) |                                        |        0 (profiler_analysis.cpp:700)
2026-06-03 01:37:24.525 | info     |           Metal |   [   377917300 ..    377917400) |                                        |        0 (profiler_analysis.cpp:700)
2026-06-03 01:37:24.525 | info     |           Metal |   [   377917400 ..    377917500) |                                        |        0 (profiler_analysis.cpp:700)
2026-06-03 01:37:24.525 | info     |           Metal |   [   377917500 ..    377917600) |                                        |        0 (profiler_analysis.cpp:700)
2026-06-03 01:37:24.525 | info     |           Metal |   [   377917600 ..    377917700) |                                        |        0 (profiler_analysis.cpp:700)
2026-06-03 01:37:24.525 | info     |           Metal |   [   377917700 ..    377917800) |                                        |        0 (profiler_analysis.cpp:700)
2026-06-03 01:37:24.525 | info     |           Metal |   [   377917800 ..    377917900) |                                        |        0 (profiler_analysis.cpp:700)
2026-06-03 01:37:24.525 | info     |           Metal |   [   377917900 ..    377918000) |                                        |        0 (profiler_analysis.cpp:700)
2026-06-03 01:37:24.525 | info     |           Metal |   [   377918000 ..    377918100) |                                        |        0 (profiler_analysis.cpp:700)
[SORT] stage=RP P=3369033 P_kept=3369033 num_tiles=1024 max_tile_n=26496 bin=42.26 up=0.02 kernel=0.02 d2h=7.16 compact=0.00 publish=0.02 total=60.50ms
2026-06-03 01:37:25.041 | info     |           Metal | Device kernel duration perf summary (device=0): count=1, min=369915120ns, avg=369915120.0ns, max=369915120ns (profiler_analysis.cpp:652)
2026-06-03 01:37:25.041 | info     |           Metal | Device kernel duration perf histogram (device=0): (buckets=10, bucket_size=100ns, range=[369915100..369916100), underflow(<369915100ns)=0, overflow(>=369916100ns)=0) (profiler_analysis.cpp:695)
2026-06-03 01:37:25.041 | info     |           Metal |   [   369915100 ..    369915200) |########################################|        1 (profiler_analysis.cpp:700)
2026-06-03 01:37:25.041 | info     |           Metal |   [   369915200 ..    369915300) |                                        |        0 (profiler_analysis.cpp:700)
2026-06-03 01:37:25.041 | info     |           Metal |   [   369915300 ..    369915400) |                                        |        0 (profiler_analysis.cpp:700)
2026-06-03 01:37:25.041 | info     |           Metal |   [   369915400 ..    369915500) |                                        |        0 (profiler_analysis.cpp:700)
2026-06-03 01:37:25.041 | info     |           Metal |   [   369915500 ..    369915600) |                                        |        0 (profiler_analysis.cpp:700)
2026-06-03 01:37:25.041 | info     |           Metal |   [   369915600 ..    369915700) |                                        |        0 (profiler_analysis.cpp:700)
2026-06-03 01:37:25.041 | info     |           Metal |   [   369915700 ..    369915800) |                                        |        0 (profiler_analysis.cpp:700)
2026-06-03 01:37:25.041 | info     |           Metal |   [   369915800 ..    369915900) |                                        |        0 (profiler_analysis.cpp:700)
2026-06-03 01:37:25.041 | info     |           Metal |   [   369915900 ..    369916000) |                                        |        0 (profiler_analysis.cpp:700)
2026-06-03 01:37:25.041 | info     |           Metal |   [   369916000 ..    369916100) |                                        |        0 (profiler_analysis.cpp:700)
[SORT] stage=RP P=2774729 P_kept=2774729 num_tiles=1024 max_tile_n=25136 bin=35.16 up=0.02 kernel=0.02 d2h=7.15 compact=0.00 publish=0.02 total=51.85ms
2026-06-03 01:37:25.515 | info     |           Metal | Device kernel duration perf summary (device=0): count=1, min=350343030ns, avg=350343030.0ns, max=350343030ns (profiler_analysis.cpp:652)
2026-06-03 01:37:25.515 | info     |           Metal | Device kernel duration perf histogram (device=0): (buckets=10, bucket_size=100ns, range=[350343000..350344000), underflow(<350343000ns)=0, overflow(>=350344000ns)=0) (profiler_analysis.cpp:695)
2026-06-03 01:37:25.515 | info     |           Metal |   [   350343000 ..    350343100) |########################################|        1 (profiler_analysis.cpp:700)
2026-06-03 01:37:25.515 | info     |           Metal |   [   350343100 ..    350343200) |                                        |        0 (profiler_analysis.cpp:700)
2026-06-03 01:37:25.515 | info     |           Metal |   [   350343200 ..    350343300) |                                        |        0 (profiler_analysis.cpp:700)
2026-06-03 01:37:25.515 | info     |           Metal |   [   350343300 ..    350343400) |                                        |        0 (profiler_analysis.cpp:700)
2026-06-03 01:37:25.515 | info     |           Metal |   [   350343400 ..    350343500) |                                        |        0 (profiler_analysis.cpp:700)
2026-06-03 01:37:25.515 | info     |           Metal |   [   350343500 ..    350343600) |                                        |        0 (profiler_analysis.cpp:700)
2026-06-03 01:37:25.515 | info     |           Metal |   [   350343600 ..    350343700) |                                        |        0 (profiler_analysis.cpp:700)
2026-06-03 01:37:25.515 | info     |           Metal |   [   350343700 ..    350343800) |                                        |        0 (profiler_analysis.cpp:700)
2026-06-03 01:37:25.515 | info     |           Metal |   [   350343800 ..    350343900) |                                        |        0 (profiler_analysis.cpp:700)
2026-06-03 01:37:25.515 | info     |           Metal |   [   350343900 ..    350344000) |                                        |        0 (profiler_analysis.cpp:700)
[SORT] stage=RP P=3235251 P_kept=3235251 num_tiles=1024 max_tile_n=22592 bin=40.85 up=0.02 kernel=0.05 d2h=7.15 compact=0.00 publish=0.03 total=58.87ms
2026-06-03 01:37:26.039 | info     |           Metal | Device kernel duration perf summary (device=0): count=1, min=367779882ns, avg=367779882.0ns, max=367779882ns (profiler_analysis.cpp:652)
2026-06-03 01:37:26.039 | info     |           Metal | Device kernel duration perf histogram (device=0): (buckets=10, bucket_size=100ns, range=[367779800..367780800), underflow(<367779800ns)=0, overflow(>=367780800ns)=0) (profiler_analysis.cpp:695)
2026-06-03 01:37:26.039 | info     |           Metal |   [   367779800 ..    367779900) |########################################|        1 (profiler_analysis.cpp:700)
2026-06-03 01:37:26.039 | info     |           Metal |   [   367779900 ..    367780000) |                                        |        0 (profiler_analysis.cpp:700)
2026-06-03 01:37:26.039 | info     |           Metal |   [   367780000 ..    367780100) |                                        |        0 (profiler_analysis.cpp:700)
2026-06-03 01:37:26.039 | info     |           Metal |   [   367780100 ..    367780200) |                                        |        0 (profiler_analysis.cpp:700)
2026-06-03 01:37:26.039 | info     |           Metal |   [   367780200 ..    367780300) |                                        |        0 (profiler_analysis.cpp:700)
2026-06-03 01:37:26.039 | info     |           Metal |   [   367780300 ..    367780400) |                                        |        0 (profiler_analysis.cpp:700)
2026-06-03 01:37:26.039 | info     |           Metal |   [   367780400 ..    367780500) |                                        |        0 (profiler_analysis.cpp:700)
2026-06-03 01:37:26.039 | info     |           Metal |   [   367780500 ..    367780600) |                                        |        0 (profiler_analysis.cpp:700)
2026-06-03 01:37:26.039 | info     |           Metal |   [   367780600 ..    367780700) |                                        |        0 (profiler_analysis.cpp:700)
2026-06-03 01:37:26.039 | info     |           Metal |   [   367780700 ..    367780800) |                                        |        0 (profiler_analysis.cpp:700)
[SORT] stage=RP P=1753355 P_kept=1753355 num_tiles=1024 max_tile_n=21360 bin=24.46 up=0.02 kernel=0.02 d2h=7.13 compact=0.00 publish=0.02 total=38.09ms
2026-06-03 01:37:26.452 | info     |           Metal | Device kernel duration perf summary (device=0): count=1, min=309909522ns, avg=309909522.0ns, max=309909522ns (profiler_analysis.cpp:652)
2026-06-03 01:37:26.452 | info     |           Metal | Device kernel duration perf histogram (device=0): (buckets=10, bucket_size=100ns, range=[309909500..309910500), underflow(<309909500ns)=0, overflow(>=309910500ns)=0) (profiler_analysis.cpp:695)
2026-06-03 01:37:26.452 | info     |           Metal |   [   309909500 ..    309909600) |########################################|        1 (profiler_analysis.cpp:700)
2026-06-03 01:37:26.452 | info     |           Metal |   [   309909600 ..    309909700) |                                        |        0 (profiler_analysis.cpp:700)
2026-06-03 01:37:26.452 | info     |           Metal |   [   309909700 ..    309909800) |                                        |        0 (profiler_analysis.cpp:700)
2026-06-03 01:37:26.452 | info     |           Metal |   [   309909800 ..    309909900) |                                        |        0 (profiler_analysis.cpp:700)
2026-06-03 01:37:26.452 | info     |           Metal |   [   309909900 ..    309910000) |                                        |        0 (profiler_analysis.cpp:700)
2026-06-03 01:37:26.452 | info     |           Metal |   [   309910000 ..    309910100) |                                        |        0 (profiler_analysis.cpp:700)
2026-06-03 01:37:26.452 | info     |           Metal |   [   309910100 ..    309910200) |                                        |        0 (profiler_analysis.cpp:700)
2026-06-03 01:37:26.452 | info     |           Metal |   [   309910200 ..    309910300) |                                        |        0 (profiler_analysis.cpp:700)
2026-06-03 01:37:26.452 | info     |           Metal |   [   309910300 ..    309910400) |                                        |        0 (profiler_analysis.cpp:700)
2026-06-03 01:37:26.452 | info     |           Metal |   [   309910400 ..    309910500) |                                        |        0 (profiler_analysis.cpp:700)
[SORT] stage=RP P=934247 P_kept=934247 num_tiles=1024 max_tile_n=5248 bin=13.71 up=0.02 kernel=0.02 d2h=7.13 compact=0.00 publish=0.02 total=25.18ms
2026-06-03 01:37:26.796 | info     |           Metal | Device kernel duration perf summary (device=0): count=1, min=278882151ns, avg=278882151.0ns, max=278882151ns (profiler_analysis.cpp:652)
2026-06-03 01:37:26.796 | info     |           Metal | Device kernel duration perf histogram (device=0): (buckets=10, bucket_size=100ns, range=[278882100..278883100), underflow(<278882100ns)=0, overflow(>=278883100ns)=0) (profiler_analysis.cpp:695)
2026-06-03 01:37:26.796 | info     |           Metal |   [   278882100 ..    278882200) |########################################|        1 (profiler_analysis.cpp:700)
2026-06-03 01:37:26.796 | info     |           Metal |   [   278882200 ..    278882300) |                                        |        0 (profiler_analysis.cpp:700)
2026-06-03 01:37:26.796 | info     |           Metal |   [   278882300 ..    278882400) |                                        |        0 (profiler_analysis.cpp:700)
2026-06-03 01:37:26.796 | info     |           Metal |   [   278882400 ..    278882500) |                                        |        0 (profiler_analysis.cpp:700)
2026-06-03 01:37:26.796 | info     |           Metal |   [   278882500 ..    278882600) |                                        |        0 (profiler_analysis.cpp:700)
2026-06-03 01:37:26.796 | info     |           Metal |   [   278882600 ..    278882700) |                                        |        0 (profiler_analysis.cpp:700)
2026-06-03 01:37:26.796 | info     |           Metal |   [   278882700 ..    278882800) |                                        |        0 (profiler_analysis.cpp:700)
2026-06-03 01:37:26.796 | info     |           Metal |   [   278882800 ..    278882900) |                                        |        0 (profiler_analysis.cpp:700)
2026-06-03 01:37:26.796 | info     |           Metal |   [   278882900 ..    278883000) |                                        |        0 (profiler_analysis.cpp:700)
2026-06-03 01:37:26.796 | info     |           Metal |   [   278883000 ..    278883100) |                                        |        0 (profiler_analysis.cpp:700)
2026-06-03 01:37:27.151 | info     |           Metal | Device kernel duration perf summary (device=0): count=1, min=286346893ns, avg=286346893.0ns, max=286346893ns (profiler_analysis.cpp:652)
2026-06-03 01:37:27.151 | info     |           Metal | Device kernel duration perf histogram (device=0): (buckets=10, bucket_size=100ns, range=[286346800..286347800), underflow(<286346800ns)=0, overflow(>=286347800ns)=0) (profiler_analysis.cpp:695)
2026-06-03 01:37:27.151 | info     |           Metal |   [   286346800 ..    286346900) |########################################|        1 (profiler_analysis.cpp:700)
2026-06-03 01:37:27.151 | info     |           Metal |   [   286346900 ..    286347000) |                                        |        0 (profiler_analysis.cpp:700)
2026-06-03 01:37:27.151 | info     |           Metal |   [   286347000 ..    286347100) |                                        |        0 (profiler_analysis.cpp:700)
2026-06-03 01:37:27.151 | info     |           Metal |   [   286347100 ..    286347200) |                                        |        0 (profiler_analysis.cpp:700)
2026-06-03 01:37:27.151 | info     |           Metal |   [   286347200 ..    286347300) |                                        |        0 (profiler_analysis.cpp:700)
2026-06-03 01:37:27.151 | info     |           Metal |   [   286347300 ..    286347400) |                                        |        0 (profiler_analysis.cpp:700)
2026-06-03 01:37:27.151 | info     |           Metal |   [   286347400 ..    286347500) |                                        |        0 (profiler_analysis.cpp:700)
2026-06-03 01:37:27.151 | info     |           Metal |   [   286347500 ..    286347600) |                                        |        0 (profiler_analysis.cpp:700)
2026-06-03 01:37:27.151 | info     |           Metal |   [   286347600 ..    286347700) |                                        |        0 (profiler_analysis.cpp:700)
2026-06-03 01:37:27.151 | info     |           Metal |   [   286347700 ..    286347800) |                                        |        0 (profiler_analysis.cpp:700)
[SORT] stage=RP P=1124461 P_kept=1124461 num_tiles=1024 max_tile_n=6544 bin=15.57 up=0.02 kernel=0.02 d2h=7.13 compact=0.00 publish=0.02 total=27.44ms
[SORT] stage=RP P=835298 P_kept=835298 num_tiles=1024 max_tile_n=5536 bin=13.99 up=0.02 kernel=0.02 d2h=7.12 compact=0.00 publish=0.02 total=25.16ms
2026-06-03 01:37:27.488 | info     |           Metal | Device kernel duration perf summary (device=0): count=1, min=275426483ns, avg=275426483.0ns, max=275426483ns (profiler_analysis.cpp:652)
2026-06-03 01:37:27.488 | info     |           Metal | Device kernel duration perf histogram (device=0): (buckets=10, bucket_size=100ns, range=[275426400..275427400), underflow(<275426400ns)=0, overflow(>=275427400ns)=0) (profiler_analysis.cpp:695)
2026-06-03 01:37:27.488 | info     |           Metal |   [   275426400 ..    275426500) |########################################|        1 (profiler_analysis.cpp:700)
2026-06-03 01:37:27.488 | info     |           Metal |   [   275426500 ..    275426600) |                                        |        0 (profiler_analysis.cpp:700)
2026-06-03 01:37:27.488 | info     |           Metal |   [   275426600 ..    275426700) |                                        |        0 (profiler_analysis.cpp:700)
2026-06-03 01:37:27.488 | info     |           Metal |   [   275426700 ..    275426800) |                                        |        0 (profiler_analysis.cpp:700)
2026-06-03 01:37:27.488 | info     |           Metal |   [   275426800 ..    275426900) |                                        |        0 (profiler_analysis.cpp:700)
2026-06-03 01:37:27.488 | info     |           Metal |   [   275426900 ..    275427000) |                                        |        0 (profiler_analysis.cpp:700)
2026-06-03 01:37:27.488 | info     |           Metal |   [   275427000 ..    275427100) |                                        |        0 (profiler_analysis.cpp:700)
2026-06-03 01:37:27.488 | info     |           Metal |   [   275427100 ..    275427200) |                                        |        0 (profiler_analysis.cpp:700)
2026-06-03 01:37:27.488 | info     |           Metal |   [   275427200 ..    275427300) |                                        |        0 (profiler_analysis.cpp:700)
2026-06-03 01:37:27.488 | info     |           Metal |   [   275427300 ..    275427400) |                                        |        0 (profiler_analysis.cpp:700)
[SORT] stage=RP P=1067596 P_kept=1067596 num_tiles=1024 max_tile_n=5104 bin=15.24 up=0.02 kernel=0.03 d2h=7.13 compact=0.00 publish=0.02 total=27.00ms
2026-06-03 01:37:27.839 | info     |           Metal | Device kernel duration perf summary (device=0): count=1, min=280360658ns, avg=280360658.0ns, max=280360658ns (profiler_analysis.cpp:652)
2026-06-03 01:37:27.839 | info     |           Metal | Device kernel duration perf histogram (device=0): (buckets=10, bucket_size=100ns, range=[280360600..280361600), underflow(<280360600ns)=0, overflow(>=280361600ns)=0) (profiler_analysis.cpp:695)
2026-06-03 01:37:27.839 | info     |           Metal |   [   280360600 ..    280360700) |########################################|        1 (profiler_analysis.cpp:700)
2026-06-03 01:37:27.839 | info     |           Metal |   [   280360700 ..    280360800) |                                        |        0 (profiler_analysis.cpp:700)
2026-06-03 01:37:27.839 | info     |           Metal |   [   280360800 ..    280360900) |                                        |        0 (profiler_analysis.cpp:700)
2026-06-03 01:37:27.839 | info     |           Metal |   [   280360900 ..    280361000) |                                        |        0 (profiler_analysis.cpp:700)
2026-06-03 01:37:27.839 | info     |           Metal |   [   280361000 ..    280361100) |                                        |        0 (profiler_analysis.cpp:700)
2026-06-03 01:37:27.839 | info     |           Metal |   [   280361100 ..    280361200) |                                        |        0 (profiler_analysis.cpp:700)
2026-06-03 01:37:27.839 | info     |           Metal |   [   280361200 ..    280361300) |                                        |        0 (profiler_analysis.cpp:700)
2026-06-03 01:37:27.839 | info     |           Metal |   [   280361300 ..    280361400) |                                        |        0 (profiler_analysis.cpp:700)
2026-06-03 01:37:27.839 | info     |           Metal |   [   280361400 ..    280361500) |                                        |        0 (profiler_analysis.cpp:700)
2026-06-03 01:37:27.839 | info     |           Metal |   [   280361500 ..    280361600) |                                        |        0 (profiler_analysis.cpp:700)
[SORT] stage=RP P=1024763 P_kept=1024763 num_tiles=1024 max_tile_n=4672 bin=15.37 up=0.02 kernel=0.02 d2h=7.14 compact=0.00 publish=0.02 total=27.13ms
2026-06-03 01:37:28.187 | info     |           Metal | Device kernel duration perf summary (device=0): count=1, min=280730843ns, avg=280730843.0ns, max=280730843ns (profiler_analysis.cpp:652)
2026-06-03 01:37:28.187 | info     |           Metal | Device kernel duration perf histogram (device=0): (buckets=10, bucket_size=100ns, range=[280730800..280731800), underflow(<280730800ns)=0, overflow(>=280731800ns)=0) (profiler_analysis.cpp:695)
2026-06-03 01:37:28.187 | info     |           Metal |   [   280730800 ..    280730900) |########################################|        1 (profiler_analysis.cpp:700)
2026-06-03 01:37:28.187 | info     |           Metal |   [   280730900 ..    280731000) |                                        |        0 (profiler_analysis.cpp:700)
2026-06-03 01:37:28.187 | info     |           Metal |   [   280731000 ..    280731100) |                                        |        0 (profiler_analysis.cpp:700)
2026-06-03 01:37:28.187 | info     |           Metal |   [   280731100 ..    280731200) |                                        |        0 (profiler_analysis.cpp:700)
2026-06-03 01:37:28.187 | info     |           Metal |   [   280731200 ..    280731300) |                                        |        0 (profiler_analysis.cpp:700)
2026-06-03 01:37:28.187 | info     |           Metal |   [   280731300 ..    280731400) |                                        |        0 (profiler_analysis.cpp:700)
2026-06-03 01:37:28.187 | info     |           Metal |   [   280731400 ..    280731500) |                                        |        0 (profiler_analysis.cpp:700)
2026-06-03 01:37:28.187 | info     |           Metal |   [   280731500 ..    280731600) |                                        |        0 (profiler_analysis.cpp:700)
2026-06-03 01:37:28.187 | info     |           Metal |   [   280731600 ..    280731700) |                                        |        0 (profiler_analysis.cpp:700)
2026-06-03 01:37:28.187 | info     |           Metal |   [   280731700 ..    280731800) |                                        |        0 (profiler_analysis.cpp:700)
[SORT] stage=RP P=779787 P_kept=779787 num_tiles=1024 max_tile_n=3616 bin=12.18 up=0.02 kernel=0.02 d2h=7.13 compact=0.00 publish=0.03 total=23.32ms
2026-06-03 01:37:28.516 | info     |           Metal | Device kernel duration perf summary (device=0): count=1, min=269930913ns, avg=269930913.0ns, max=269930913ns (profiler_analysis.cpp:652)
2026-06-03 01:37:28.516 | info     |           Metal | Device kernel duration perf histogram (device=0): (buckets=10, bucket_size=100ns, range=[269930900..269931900), underflow(<269930900ns)=0, overflow(>=269931900ns)=0) (profiler_analysis.cpp:695)
2026-06-03 01:37:28.516 | info     |           Metal |   [   269930900 ..    269931000) |########################################|        1 (profiler_analysis.cpp:700)
2026-06-03 01:37:28.516 | info     |           Metal |   [   269931000 ..    269931100) |                                        |        0 (profiler_analysis.cpp:700)
2026-06-03 01:37:28.516 | info     |           Metal |   [   269931100 ..    269931200) |                                        |        0 (profiler_analysis.cpp:700)
2026-06-03 01:37:28.516 | info     |           Metal |   [   269931200 ..    269931300) |                                        |        0 (profiler_analysis.cpp:700)
2026-06-03 01:37:28.516 | info     |           Metal |   [   269931300 ..    269931400) |                                        |        0 (profiler_analysis.cpp:700)
2026-06-03 01:37:28.516 | info     |           Metal |   [   269931400 ..    269931500) |                                        |        0 (profiler_analysis.cpp:700)
2026-06-03 01:37:28.516 | info     |           Metal |   [   269931500 ..    269931600) |                                        |        0 (profiler_analysis.cpp:700)
2026-06-03 01:37:28.516 | info     |           Metal |   [   269931600 ..    269931700) |                                        |        0 (profiler_analysis.cpp:700)
2026-06-03 01:37:28.516 | info     |           Metal |   [   269931700 ..    269931800) |                                        |        0 (profiler_analysis.cpp:700)
2026-06-03 01:37:28.516 | info     |           Metal |   [   269931800 ..    269931900) |                                        |        0 (profiler_analysis.cpp:700)
[SORT] stage=RP P=402318 P_kept=402318 num_tiles=1024 max_tile_n=2704 bin=9.40 up=0.02 kernel=0.02 d2h=7.12 compact=0.00 publish=0.02 total=19.64ms
2026-06-03 01:37:28.833 | info     |           Metal | Device kernel duration perf summary (device=0): count=1, min=268449582ns, avg=268449582.0ns, max=268449582ns (profiler_analysis.cpp:652)
2026-06-03 01:37:28.833 | info     |           Metal | Device kernel duration perf histogram (device=0): (buckets=10, bucket_size=100ns, range=[268449500..268450500), underflow(<268449500ns)=0, overflow(>=268450500ns)=0) (profiler_analysis.cpp:695)
2026-06-03 01:37:28.833 | info     |           Metal |   [   268449500 ..    268449600) |########################################|        1 (profiler_analysis.cpp:700)
2026-06-03 01:37:28.833 | info     |           Metal |   [   268449600 ..    268449700) |                                        |        0 (profiler_analysis.cpp:700)
2026-06-03 01:37:28.833 | info     |           Metal |   [   268449700 ..    268449800) |                                        |        0 (profiler_analysis.cpp:700)
2026-06-03 01:37:28.833 | info     |           Metal |   [   268449800 ..    268449900) |                                        |        0 (profiler_analysis.cpp:700)
2026-06-03 01:37:28.833 | info     |           Metal |   [   268449900 ..    268450000) |                                        |        0 (profiler_analysis.cpp:700)
2026-06-03 01:37:28.833 | info     |           Metal |   [   268450000 ..    268450100) |                                        |        0 (profiler_analysis.cpp:700)
2026-06-03 01:37:28.833 | info     |           Metal |   [   268450100 ..    268450200) |                                        |        0 (profiler_analysis.cpp:700)
2026-06-03 01:37:28.833 | info     |           Metal |   [   268450200 ..    268450300) |                                        |        0 (profiler_analysis.cpp:700)
2026-06-03 01:37:28.833 | info     |           Metal |   [   268450300 ..    268450400) |                                        |        0 (profiler_analysis.cpp:700)
2026-06-03 01:37:28.833 | info     |           Metal |   [   268450400 ..    268450500) |                                        |        0 (profiler_analysis.cpp:700)
[SORT] stage=RP P=638458 P_kept=638458 num_tiles=1024 max_tile_n=3360 bin=11.61 up=0.02 kernel=0.02 d2h=7.13 compact=0.00 publish=0.02 total=22.51ms
2026-06-03 01:37:29.156 | info     |           Metal | Device kernel duration perf summary (device=0): count=1, min=268332687ns, avg=268332687.0ns, max=268332687ns (profiler_analysis.cpp:652)
2026-06-03 01:37:29.156 | info     |           Metal | Device kernel duration perf histogram (device=0): (buckets=10, bucket_size=100ns, range=[268332600..268333600), underflow(<268332600ns)=0, overflow(>=268333600ns)=0) (profiler_analysis.cpp:695)
2026-06-03 01:37:29.156 | info     |           Metal |   [   268332600 ..    268332700) |########################################|        1 (profiler_analysis.cpp:700)
2026-06-03 01:37:29.156 | info     |           Metal |   [   268332700 ..    268332800) |                                        |        0 (profiler_analysis.cpp:700)
2026-06-03 01:37:29.156 | info     |           Metal |   [   268332800 ..    268332900) |                                        |        0 (profiler_analysis.cpp:700)
2026-06-03 01:37:29.156 | info     |           Metal |   [   268332900 ..    268333000) |                                        |        0 (profiler_analysis.cpp:700)
2026-06-03 01:37:29.156 | info     |           Metal |   [   268333000 ..    268333100) |                                        |        0 (profiler_analysis.cpp:700)
2026-06-03 01:37:29.156 | info     |           Metal |   [   268333100 ..    268333200) |                                        |        0 (profiler_analysis.cpp:700)
2026-06-03 01:37:29.156 | info     |           Metal |   [   268333200 ..    268333300) |                                        |        0 (profiler_analysis.cpp:700)
2026-06-03 01:37:29.156 | info     |           Metal |   [   268333300 ..    268333400) |                                        |        0 (profiler_analysis.cpp:700)
2026-06-03 01:37:29.156 | info     |           Metal |   [   268333400 ..    268333500) |                                        |        0 (profiler_analysis.cpp:700)
2026-06-03 01:37:29.156 | info     |           Metal |   [   268333500 ..    268333600) |                                        |        0 (profiler_analysis.cpp:700)
[SORT] stage=RP P=486800 P_kept=486800 num_tiles=1024 max_tile_n=3952 bin=10.71 up=0.02 kernel=0.02 d2h=7.16 compact=0.00 publish=0.03 total=21.31ms
2026-06-03 01:37:29.474 | info     |           Metal | Device kernel duration perf summary (device=0): count=1, min=264827124ns, avg=264827124.0ns, max=264827124ns (profiler_analysis.cpp:652)
2026-06-03 01:37:29.474 | info     |           Metal | Device kernel duration perf histogram (device=0): (buckets=10, bucket_size=100ns, range=[264827100..264828100), underflow(<264827100ns)=0, overflow(>=264828100ns)=0) (profiler_analysis.cpp:695)
2026-06-03 01:37:29.474 | info     |           Metal |   [   264827100 ..    264827200) |########################################|        1 (profiler_analysis.cpp:700)
2026-06-03 01:37:29.474 | info     |           Metal |   [   264827200 ..    264827300) |                                        |        0 (profiler_analysis.cpp:700)
2026-06-03 01:37:29.474 | info     |           Metal |   [   264827300 ..    264827400) |                                        |        0 (profiler_analysis.cpp:700)
2026-06-03 01:37:29.474 | info     |           Metal |   [   264827400 ..    264827500) |                                        |        0 (profiler_analysis.cpp:700)
2026-06-03 01:37:29.474 | info     |           Metal |   [   264827500 ..    264827600) |                                        |        0 (profiler_analysis.cpp:700)
2026-06-03 01:37:29.474 | info     |           Metal |   [   264827600 ..    264827700) |                                        |        0 (profiler_analysis.cpp:700)
2026-06-03 01:37:29.474 | info     |           Metal |   [   264827700 ..    264827800) |                                        |        0 (profiler_analysis.cpp:700)
2026-06-03 01:37:29.474 | info     |           Metal |   [   264827800 ..    264827900) |                                        |        0 (profiler_analysis.cpp:700)
2026-06-03 01:37:29.474 | info     |           Metal |   [   264827900 ..    264828000) |                                        |        0 (profiler_analysis.cpp:700)
2026-06-03 01:37:29.474 | info     |           Metal |   [   264828000 ..    264828100) |                                        |        0 (profiler_analysis.cpp:700)
2026-06-03 01:37:29.797 | info     |           Metal | Device kernel duration perf summary (device=0): count=1, min=267128777ns, avg=267128777.0ns, max=267128777ns (profiler_analysis.cpp:652)
2026-06-03 01:37:29.797 | info     |           Metal | Device kernel duration perf histogram (device=0): (buckets=10, bucket_size=100ns, range=[267128700..267129700), underflow(<267128700ns)=0, overflow(>=267129700ns)=0) (profiler_analysis.cpp:695)
2026-06-03 01:37:29.797 | info     |           Metal |   [   267128700 ..    267128800) |########################################|        1 (profiler_analysis.cpp:700)
2026-06-03 01:37:29.797 | info     |           Metal |   [   267128800 ..    267128900) |                                        |        0 (profiler_analysis.cpp:700)
2026-06-03 01:37:29.797 | info     |           Metal |   [   267128900 ..    267129000) |                                        |        0 (profiler_analysis.cpp:700)
2026-06-03 01:37:29.797 | info     |           Metal |   [   267129000 ..    267129100) |                                        |        0 (profiler_analysis.cpp:700)
2026-06-03 01:37:29.797 | info     |           Metal |   [   267129100 ..    267129200) |                                        |        0 (profiler_analysis.cpp:700)
2026-06-03 01:37:29.797 | info     |           Metal |   [   267129200 ..    267129300) |                                        |        0 (profiler_analysis.cpp:700)
2026-06-03 01:37:29.797 | info     |           Metal |   [   267129300 ..    267129400) |                                        |        0 (profiler_analysis.cpp:700)
2026-06-03 01:37:29.797 | info     |           Metal |   [   267129400 ..    267129500) |                                        |        0 (profiler_analysis.cpp:700)
2026-06-03 01:37:29.797 | info     |           Metal |   [   267129500 ..    267129600) |                                        |        0 (profiler_analysis.cpp:700)
2026-06-03 01:37:29.797 | info     |           Metal |   [   267129600 ..    267129700) |                                        |        0 (profiler_analysis.cpp:700)
[SORT] stage=RP P=602411 P_kept=602411 num_tiles=1024 max_tile_n=4432 bin=10.26 up=0.02 kernel=0.02 d2h=7.13 compact=0.00 publish=0.02 total=21.12ms
2026-06-03 01:37:30.121 | info     |           Metal | Device kernel duration perf summary (device=0): count=1, min=268728828ns, avg=268728828.0ns, max=268728828ns (profiler_analysis.cpp:652)
2026-06-03 01:37:30.121 | info     |           Metal | Device kernel duration perf histogram (device=0): (buckets=10, bucket_size=100ns, range=[268728800..268729800), underflow(<268728800ns)=0, overflow(>=268729800ns)=0) (profiler_analysis.cpp:695)
2026-06-03 01:37:30.121 | info     |           Metal |   [   268728800 ..    268728900) |########################################|        1 (profiler_analysis.cpp:700)
2026-06-03 01:37:30.121 | info     |           Metal |   [   268728900 ..    268729000) |                                        |        0 (profiler_analysis.cpp:700)
2026-06-03 01:37:30.121 | info     |           Metal |   [   268729000 ..    268729100) |                                        |        0 (profiler_analysis.cpp:700)
2026-06-03 01:37:30.121 | info     |           Metal |   [   268729100 ..    268729200) |                                        |        0 (profiler_analysis.cpp:700)
2026-06-03 01:37:30.121 | info     |           Metal |   [   268729200 ..    268729300) |                                        |        0 (profiler_analysis.cpp:700)
2026-06-03 01:37:30.121 | info     |           Metal |   [   268729300 ..    268729400) |                                        |        0 (profiler_analysis.cpp:700)
2026-06-03 01:37:30.121 | info     |           Metal |   [   268729400 ..    268729500) |                                        |        0 (profiler_analysis.cpp:700)
2026-06-03 01:37:30.121 | info     |           Metal |   [   268729500 ..    268729600) |                                        |        0 (profiler_analysis.cpp:700)
2026-06-03 01:37:30.121 | info     |           Metal |   [   268729600 ..    268729700) |                                        |        0 (profiler_analysis.cpp:700)
2026-06-03 01:37:30.121 | info     |           Metal |   [   268729700 ..    268729800) |                                        |        0 (profiler_analysis.cpp:700)
[SORT] stage=RP P=629297 P_kept=629297 num_tiles=1024 max_tile_n=4928 bin=11.52 up=0.02 kernel=0.02 d2h=7.12 compact=0.00 publish=0.02 total=22.41ms
[SORT] stage=RP P=574474 P_kept=574474 num_tiles=1024 max_tile_n=4784 bin=11.00 up=0.02 kernel=0.02 d2h=7.12 compact=0.00 publish=0.02 total=21.75ms
2026-06-03 01:37:30.512 | info     |           Metal | Device kernel duration perf summary (device=0): count=1, min=267150396ns, avg=267150396.0ns, max=267150396ns (profiler_analysis.cpp:652)
2026-06-03 01:37:30.512 | info     |           Metal | Device kernel duration perf histogram (device=0): (buckets=10, bucket_size=100ns, range=[267150300..267151300), underflow(<267150300ns)=0, overflow(>=267151300ns)=0) (profiler_analysis.cpp:695)
2026-06-03 01:37:30.512 | info     |           Metal |   [   267150300 ..    267150400) |########################################|        1 (profiler_analysis.cpp:700)
2026-06-03 01:37:30.512 | info     |           Metal |   [   267150400 ..    267150500) |                                        |        0 (profiler_analysis.cpp:700)
2026-06-03 01:37:30.512 | info     |           Metal |   [   267150500 ..    267150600) |                                        |        0 (profiler_analysis.cpp:700)
2026-06-03 01:37:30.512 | info     |           Metal |   [   267150600 ..    267150700) |                                        |        0 (profiler_analysis.cpp:700)
2026-06-03 01:37:30.512 | info     |           Metal |   [   267150700 ..    267150800) |                                        |        0 (profiler_analysis.cpp:700)
2026-06-03 01:37:30.512 | info     |           Metal |   [   267150800 ..    267150900) |                                        |        0 (profiler_analysis.cpp:700)
2026-06-03 01:37:30.512 | info     |           Metal |   [   267150900 ..    267151000) |                                        |        0 (profiler_analysis.cpp:700)
2026-06-03 01:37:30.512 | info     |           Metal |   [   267151000 ..    267151100) |                                        |        0 (profiler_analysis.cpp:700)
2026-06-03 01:37:30.512 | info     |           Metal |   [   267151100 ..    267151200) |                                        |        0 (profiler_analysis.cpp:700)
2026-06-03 01:37:30.512 | info     |           Metal |   [   267151200 ..    267151300) |                                        |        0 (profiler_analysis.cpp:700)
2026-06-03 01:37:30.835 | info     |           Metal | Device kernel duration perf summary (device=0): count=1, min=267313750ns, avg=267313750.0ns, max=267313750ns (profiler_analysis.cpp:652)
2026-06-03 01:37:30.835 | info     |           Metal | Device kernel duration perf histogram (device=0): (buckets=10, bucket_size=100ns, range=[267313700..267314700), underflow(<267313700ns)=0, overflow(>=267314700ns)=0) (profiler_analysis.cpp:695)
2026-06-03 01:37:30.835 | info     |           Metal |   [   267313700 ..    267313800) |########################################|        1 (profiler_analysis.cpp:700)
2026-06-03 01:37:30.835 | info     |           Metal |   [   267313800 ..    267313900) |                                        |        0 (profiler_analysis.cpp:700)
2026-06-03 01:37:30.835 | info     |           Metal |   [   267313900 ..    267314000) |                                        |        0 (profiler_analysis.cpp:700)
2026-06-03 01:37:30.835 | info     |           Metal |   [   267314000 ..    267314100) |                                        |        0 (profiler_analysis.cpp:700)
2026-06-03 01:37:30.835 | info     |           Metal |   [   267314100 ..    267314200) |                                        |        0 (profiler_analysis.cpp:700)
2026-06-03 01:37:30.835 | info     |           Metal |   [   267314200 ..    267314300) |                                        |        0 (profiler_analysis.cpp:700)
2026-06-03 01:37:30.835 | info     |           Metal |   [   267314300 ..    267314400) |                                        |        0 (profiler_analysis.cpp:700)
2026-06-03 01:37:30.835 | info     |           Metal |   [   267314400 ..    267314500) |                                        |        0 (profiler_analysis.cpp:700)
2026-06-03 01:37:30.835 | info     |           Metal |   [   267314500 ..    267314600) |                                        |        0 (profiler_analysis.cpp:700)
2026-06-03 01:37:30.835 | info     |           Metal |   [   267314600 ..    267314700) |                                        |        0 (profiler_analysis.cpp:700)
[SORT] stage=RP P=508814 P_kept=508814 num_tiles=1024 max_tile_n=4560 bin=10.12 up=0.02 kernel=0.02 d2h=7.13 compact=0.00 publish=0.02 total=20.79ms
2026-06-03 01:37:31.151 | info     |           Metal | Device kernel duration perf summary (device=0): count=1, min=264362806ns, avg=264362806.0ns, max=264362806ns (profiler_analysis.cpp:652)
2026-06-03 01:37:31.151 | info     |           Metal | Device kernel duration perf histogram (device=0): (buckets=10, bucket_size=100ns, range=[264362800..264363800), underflow(<264362800ns)=0, overflow(>=264363800ns)=0) (profiler_analysis.cpp:695)
2026-06-03 01:37:31.151 | info     |           Metal |   [   264362800 ..    264362900) |########################################|        1 (profiler_analysis.cpp:700)
2026-06-03 01:37:31.151 | info     |           Metal |   [   264362900 ..    264363000) |                                        |        0 (profiler_analysis.cpp:700)
2026-06-03 01:37:31.151 | info     |           Metal |   [   264363000 ..    264363100) |                                        |        0 (profiler_analysis.cpp:700)
2026-06-03 01:37:31.151 | info     |           Metal |   [   264363100 ..    264363200) |                                        |        0 (profiler_analysis.cpp:700)
2026-06-03 01:37:31.151 | info     |           Metal |   [   264363200 ..    264363300) |                                        |        0 (profiler_analysis.cpp:700)
2026-06-03 01:37:31.151 | info     |           Metal |   [   264363300 ..    264363400) |                                        |        0 (profiler_analysis.cpp:700)
2026-06-03 01:37:31.151 | info     |           Metal |   [   264363400 ..    264363500) |                                        |        0 (profiler_analysis.cpp:700)
2026-06-03 01:37:31.151 | info     |           Metal |   [   264363500 ..    264363600) |                                        |        0 (profiler_analysis.cpp:700)
2026-06-03 01:37:31.151 | info     |           Metal |   [   264363600 ..    264363700) |                                        |        0 (profiler_analysis.cpp:700)
2026-06-03 01:37:31.151 | info     |           Metal |   [   264363700 ..    264363800) |                                        |        0 (profiler_analysis.cpp:700)
[SORT] stage=RP P=414994 P_kept=414994 num_tiles=1024 max_tile_n=3520 bin=9.05 up=0.02 kernel=0.02 d2h=7.14 compact=0.00 publish=0.03 total=19.52ms
2026-06-03 01:37:31.453 | info     |           Metal | Device kernel duration perf summary (device=0): count=1, min=256595903ns, avg=256595903.0ns, max=256595903ns (profiler_analysis.cpp:652)
2026-06-03 01:37:31.453 | info     |           Metal | Device kernel duration perf histogram (device=0): (buckets=10, bucket_size=100ns, range=[256595900..256596900), underflow(<256595900ns)=0, overflow(>=256596900ns)=0) (profiler_analysis.cpp:695)
2026-06-03 01:37:31.453 | info     |           Metal |   [   256595900 ..    256596000) |########################################|        1 (profiler_analysis.cpp:700)
2026-06-03 01:37:31.453 | info     |           Metal |   [   256596000 ..    256596100) |                                        |        0 (profiler_analysis.cpp:700)
2026-06-03 01:37:31.453 | info     |           Metal |   [   256596100 ..    256596200) |                                        |        0 (profiler_analysis.cpp:700)
2026-06-03 01:37:31.453 | info     |           Metal |   [   256596200 ..    256596300) |                                        |        0 (profiler_analysis.cpp:700)
2026-06-03 01:37:31.453 | info     |           Metal |   [   256596300 ..    256596400) |                                        |        0 (profiler_analysis.cpp:700)
2026-06-03 01:37:31.453 | info     |           Metal |   [   256596400 ..    256596500) |                                        |        0 (profiler_analysis.cpp:700)
2026-06-03 01:37:31.453 | info     |           Metal |   [   256596500 ..    256596600) |                                        |        0 (profiler_analysis.cpp:700)
2026-06-03 01:37:31.453 | info     |           Metal |   [   256596600 ..    256596700) |                                        |        0 (profiler_analysis.cpp:700)
2026-06-03 01:37:31.453 | info     |           Metal |   [   256596700 ..    256596800) |                                        |        0 (profiler_analysis.cpp:700)
2026-06-03 01:37:31.453 | info     |           Metal |   [   256596800 ..    256596900) |                                        |        0 (profiler_analysis.cpp:700)
[SORT] stage=RP P=245802 P_kept=245802 num_tiles=1024 max_tile_n=2704 bin=7.28 up=0.02 kernel=0.02 d2h=7.14 compact=0.00 publish=0.02 total=17.30ms
2026-06-03 01:37:31.750 | info     |           Metal | Device kernel duration perf summary (device=0): count=1, min=254568578ns, avg=254568578.0ns, max=254568578ns (profiler_analysis.cpp:652)
2026-06-03 01:37:31.750 | info     |           Metal | Device kernel duration perf histogram (device=0): (buckets=10, bucket_size=100ns, range=[254568500..254569500), underflow(<254568500ns)=0, overflow(>=254569500ns)=0) (profiler_analysis.cpp:695)
2026-06-03 01:37:31.750 | info     |           Metal |   [   254568500 ..    254568600) |########################################|        1 (profiler_analysis.cpp:700)
2026-06-03 01:37:31.750 | info     |           Metal |   [   254568600 ..    254568700) |                                        |        0 (profiler_analysis.cpp:700)
2026-06-03 01:37:31.750 | info     |           Metal |   [   254568700 ..    254568800) |                                        |        0 (profiler_analysis.cpp:700)
2026-06-03 01:37:31.750 | info     |           Metal |   [   254568800 ..    254568900) |                                        |        0 (profiler_analysis.cpp:700)
2026-06-03 01:37:31.750 | info     |           Metal |   [   254568900 ..    254569000) |                                        |        0 (profiler_analysis.cpp:700)
2026-06-03 01:37:31.750 | info     |           Metal |   [   254569000 ..    254569100) |                                        |        0 (profiler_analysis.cpp:700)
2026-06-03 01:37:31.750 | info     |           Metal |   [   254569100 ..    254569200) |                                        |        0 (profiler_analysis.cpp:700)
2026-06-03 01:37:31.750 | info     |           Metal |   [   254569200 ..    254569300) |                                        |        0 (profiler_analysis.cpp:700)
2026-06-03 01:37:31.750 | info     |           Metal |   [   254569300 ..    254569400) |                                        |        0 (profiler_analysis.cpp:700)
2026-06-03 01:37:31.750 | info     |           Metal |   [   254569400 ..    254569500) |                                        |        0 (profiler_analysis.cpp:700)
[SORT] stage=RP P=162380 P_kept=162380 num_tiles=1024 max_tile_n=1744 bin=6.22 up=0.02 kernel=0.02 d2h=7.13 compact=0.00 publish=0.03 total=15.96ms
2026-06-03 01:37:32.069 | info     |           Metal | Device kernel duration perf summary (device=0): count=1, min=265556954ns, avg=265556954.0ns, max=265556954ns (profiler_analysis.cpp:652)
2026-06-03 01:37:32.069 | info     |           Metal | Device kernel duration perf histogram (device=0): (buckets=10, bucket_size=100ns, range=[265556900..265557900), underflow(<265556900ns)=0, overflow(>=265557900ns)=0) (profiler_analysis.cpp:695)
2026-06-03 01:37:32.069 | info     |           Metal |   [   265556900 ..    265557000) |########################################|        1 (profiler_analysis.cpp:700)
2026-06-03 01:37:32.069 | info     |           Metal |   [   265557000 ..    265557100) |                                        |        0 (profiler_analysis.cpp:700)
2026-06-03 01:37:32.069 | info     |           Metal |   [   265557100 ..    265557200) |                                        |        0 (profiler_analysis.cpp:700)
2026-06-03 01:37:32.069 | info     |           Metal |   [   265557200 ..    265557300) |                                        |        0 (profiler_analysis.cpp:700)
2026-06-03 01:37:32.069 | info     |           Metal |   [   265557300 ..    265557400) |                                        |        0 (profiler_analysis.cpp:700)
2026-06-03 01:37:32.069 | info     |           Metal |   [   265557400 ..    265557500) |                                        |        0 (profiler_analysis.cpp:700)
2026-06-03 01:37:32.069 | info     |           Metal |   [   265557500 ..    265557600) |                                        |        0 (profiler_analysis.cpp:700)
2026-06-03 01:37:32.069 | info     |           Metal |   [   265557600 ..    265557700) |                                        |        0 (profiler_analysis.cpp:700)
2026-06-03 01:37:32.069 | info     |           Metal |   [   265557700 ..    265557800) |                                        |        0 (profiler_analysis.cpp:700)
2026-06-03 01:37:32.069 | info     |           Metal |   [   265557800 ..    265557900) |                                        |        0 (profiler_analysis.cpp:700)
[SORT] stage=RP P=588050 P_kept=588050 num_tiles=1024 max_tile_n=4864 bin=11.19 up=0.02 kernel=0.02 d2h=7.12 compact=0.00 publish=0.02 total=21.96ms
[SORT] stage=RP P=854460 P_kept=854460 num_tiles=1024 max_tile_n=5152 bin=13.97 up=0.02 kernel=0.02 d2h=7.13 compact=0.00 publish=0.03 total=25.50ms
2026-06-03 01:37:32.409 | info     |           Metal | Device kernel duration perf summary (device=0): count=1, min=275317098ns, avg=275317098.0ns, max=275317098ns (profiler_analysis.cpp:652)
2026-06-03 01:37:32.409 | info     |           Metal | Device kernel duration perf histogram (device=0): (buckets=10, bucket_size=100ns, range=[275317000..275318000), underflow(<275317000ns)=0, overflow(>=275318000ns)=0) (profiler_analysis.cpp:695)
2026-06-03 01:37:32.409 | info     |           Metal |   [   275317000 ..    275317100) |########################################|        1 (profiler_analysis.cpp:700)
2026-06-03 01:37:32.410 | info     |           Metal |   [   275317100 ..    275317200) |                                        |        0 (profiler_analysis.cpp:700)
2026-06-03 01:37:32.410 | info     |           Metal |   [   275317200 ..    275317300) |                                        |        0 (profiler_analysis.cpp:700)
2026-06-03 01:37:32.410 | info     |           Metal |   [   275317300 ..    275317400) |                                        |        0 (profiler_analysis.cpp:700)
2026-06-03 01:37:32.410 | info     |           Metal |   [   275317400 ..    275317500) |                                        |        0 (profiler_analysis.cpp:700)
2026-06-03 01:37:32.410 | info     |           Metal |   [   275317500 ..    275317600) |                                        |        0 (profiler_analysis.cpp:700)
2026-06-03 01:37:32.410 | info     |           Metal |   [   275317600 ..    275317700) |                                        |        0 (profiler_analysis.cpp:700)
2026-06-03 01:37:32.410 | info     |           Metal |   [   275317700 ..    275317800) |                                        |        0 (profiler_analysis.cpp:700)
2026-06-03 01:37:32.410 | info     |           Metal |   [   275317800 ..    275317900) |                                        |        0 (profiler_analysis.cpp:700)
2026-06-03 01:37:32.410 | info     |           Metal |   [   275317900 ..    275318000) |                                        |        0 (profiler_analysis.cpp:700)
[SORT] stage=RP P=840033 P_kept=840033 num_tiles=1024 max_tile_n=4704 bin=13.89 up=0.02 kernel=0.02 d2h=7.13 compact=0.00 publish=0.02 total=25.26ms
2026-06-03 01:37:32.748 | info     |           Metal | Device kernel duration perf summary (device=0): count=1, min=274910821ns, avg=274910821.0ns, max=274910821ns (profiler_analysis.cpp:652)
2026-06-03 01:37:32.748 | info     |           Metal | Device kernel duration perf histogram (device=0): (buckets=10, bucket_size=100ns, range=[274910800..274911800), underflow(<274910800ns)=0, overflow(>=274911800ns)=0) (profiler_analysis.cpp:695)
2026-06-03 01:37:32.748 | info     |           Metal |   [   274910800 ..    274910900) |########################################|        1 (profiler_analysis.cpp:700)
2026-06-03 01:37:32.748 | info     |           Metal |   [   274910900 ..    274911000) |                                        |        0 (profiler_analysis.cpp:700)
2026-06-03 01:37:32.748 | info     |           Metal |   [   274911000 ..    274911100) |                                        |        0 (profiler_analysis.cpp:700)
2026-06-03 01:37:32.748 | info     |           Metal |   [   274911100 ..    274911200) |                                        |        0 (profiler_analysis.cpp:700)
2026-06-03 01:37:32.748 | info     |           Metal |   [   274911200 ..    274911300) |                                        |        0 (profiler_analysis.cpp:700)
2026-06-03 01:37:32.748 | info     |           Metal |   [   274911300 ..    274911400) |                                        |        0 (profiler_analysis.cpp:700)
2026-06-03 01:37:32.748 | info     |           Metal |   [   274911400 ..    274911500) |                                        |        0 (profiler_analysis.cpp:700)
2026-06-03 01:37:32.748 | info     |           Metal |   [   274911500 ..    274911600) |                                        |        0 (profiler_analysis.cpp:700)
2026-06-03 01:37:32.748 | info     |           Metal |   [   274911600 ..    274911700) |                                        |        0 (profiler_analysis.cpp:700)
2026-06-03 01:37:32.748 | info     |           Metal |   [   274911700 ..    274911800) |                                        |        0 (profiler_analysis.cpp:700)
2026-06-03 01:37:33.104 | info     |           Metal | Device kernel duration perf summary (device=0): count=1, min=283614573ns, avg=283614573.0ns, max=283614573ns (profiler_analysis.cpp:652)
2026-06-03 01:37:33.104 | info     |           Metal | Device kernel duration perf histogram (device=0): (buckets=10, bucket_size=100ns, range=[283614500..283615500), underflow(<283614500ns)=0, overflow(>=283615500ns)=0) (profiler_analysis.cpp:695)
2026-06-03 01:37:33.104 | info     |           Metal |   [   283614500 ..    283614600) |########################################|        1 (profiler_analysis.cpp:700)
2026-06-03 01:37:33.104 | info     |           Metal |   [   283614600 ..    283614700) |                                        |        0 (profiler_analysis.cpp:700)
2026-06-03 01:37:33.104 | info     |           Metal |   [   283614700 ..    283614800) |                                        |        0 (profiler_analysis.cpp:700)
2026-06-03 01:37:33.104 | info     |           Metal |   [   283614800 ..    283614900) |                                        |        0 (profiler_analysis.cpp:700)
2026-06-03 01:37:33.104 | info     |           Metal |   [   283614900 ..    283615000) |                                        |        0 (profiler_analysis.cpp:700)
2026-06-03 01:37:33.104 | info     |           Metal |   [   283615000 ..    283615100) |                                        |        0 (profiler_analysis.cpp:700)
2026-06-03 01:37:33.104 | info     |           Metal |   [   283615100 ..    283615200) |                                        |        0 (profiler_analysis.cpp:700)
2026-06-03 01:37:33.104 | info     |           Metal |   [   283615200 ..    283615300) |                                        |        0 (profiler_analysis.cpp:700)
2026-06-03 01:37:33.104 | info     |           Metal |   [   283615300 ..    283615400) |                                        |        0 (profiler_analysis.cpp:700)
2026-06-03 01:37:33.104 | info     |           Metal |   [   283615400 ..    283615500) |                                        |        0 (profiler_analysis.cpp:700)
[SORT] stage=RP P=1077452 P_kept=1077452 num_tiles=1024 max_tile_n=5408 bin=16.55 up=0.02 kernel=0.03 d2h=7.17 compact=0.00 publish=0.02 total=28.46ms
2026-06-03 01:37:33.473 | info     |           Metal | Device kernel duration perf summary (device=0): count=1, min=289809421ns, avg=289809421.0ns, max=289809421ns (profiler_analysis.cpp:652)
2026-06-03 01:37:33.473 | info     |           Metal | Device kernel duration perf histogram (device=0): (buckets=10, bucket_size=100ns, range=[289809400..289810400), underflow(<289809400ns)=0, overflow(>=289810400ns)=0) (profiler_analysis.cpp:695)
2026-06-03 01:37:33.473 | info     |           Metal |   [   289809400 ..    289809500) |########################################|        1 (profiler_analysis.cpp:700)
2026-06-03 01:37:33.473 | info     |           Metal |   [   289809500 ..    289809600) |                                        |        0 (profiler_analysis.cpp:700)
2026-06-03 01:37:33.473 | info     |           Metal |   [   289809600 ..    289809700) |                                        |        0 (profiler_analysis.cpp:700)
2026-06-03 01:37:33.473 | info     |           Metal |   [   289809700 ..    289809800) |                                        |        0 (profiler_analysis.cpp:700)
2026-06-03 01:37:33.473 | info     |           Metal |   [   289809800 ..    289809900) |                                        |        0 (profiler_analysis.cpp:700)
2026-06-03 01:37:33.473 | info     |           Metal |   [   289809900 ..    289810000) |                                        |        0 (profiler_analysis.cpp:700)
2026-06-03 01:37:33.473 | info     |           Metal |   [   289810000 ..    289810100) |                                        |        0 (profiler_analysis.cpp:700)
2026-06-03 01:37:33.473 | info     |           Metal |   [   289810100 ..    289810200) |                                        |        0 (profiler_analysis.cpp:700)
2026-06-03 01:37:33.473 | info     |           Metal |   [   289810200 ..    289810300) |                                        |        0 (profiler_analysis.cpp:700)
2026-06-03 01:37:33.473 | info     |           Metal |   [   289810300 ..    289810400) |                                        |        0 (profiler_analysis.cpp:700)
[SORT] stage=RP P=1175882 P_kept=1175882 num_tiles=1024 max_tile_n=5312 bin=17.55 up=0.02 kernel=0.02 d2h=7.20 compact=0.00 publish=0.02 total=29.63ms
2026-06-03 01:37:33.803 | info     |           Metal | Device kernel duration perf summary (device=0): count=1, min=272463937ns, avg=272463937.0ns, max=272463937ns (profiler_analysis.cpp:652)
2026-06-03 01:37:33.803 | info     |           Metal | Device kernel duration perf histogram (device=0): (buckets=10, bucket_size=100ns, range=[272463900..272464900), underflow(<272463900ns)=0, overflow(>=272464900ns)=0) (profiler_analysis.cpp:695)
2026-06-03 01:37:33.803 | info     |           Metal |   [   272463900 ..    272464000) |########################################|        1 (profiler_analysis.cpp:700)
2026-06-03 01:37:33.803 | info     |           Metal |   [   272464000 ..    272464100) |                                        |        0 (profiler_analysis.cpp:700)
2026-06-03 01:37:33.803 | info     |           Metal |   [   272464100 ..    272464200) |                                        |        0 (profiler_analysis.cpp:700)
2026-06-03 01:37:33.803 | info     |           Metal |   [   272464200 ..    272464300) |                                        |        0 (profiler_analysis.cpp:700)
2026-06-03 01:37:33.803 | info     |           Metal |   [   272464300 ..    272464400) |                                        |        0 (profiler_analysis.cpp:700)
2026-06-03 01:37:33.803 | info     |           Metal |   [   272464400 ..    272464500) |                                        |        0 (profiler_analysis.cpp:700)
2026-06-03 01:37:33.803 | info     |           Metal |   [   272464500 ..    272464600) |                                        |        0 (profiler_analysis.cpp:700)
2026-06-03 01:37:33.803 | info     |           Metal |   [   272464600 ..    272464700) |                                        |        0 (profiler_analysis.cpp:700)
2026-06-03 01:37:33.803 | info     |           Metal |   [   272464700 ..    272464800) |                                        |        0 (profiler_analysis.cpp:700)
2026-06-03 01:37:33.803 | info     |           Metal |   [   272464800 ..    272464900) |                                        |        0 (profiler_analysis.cpp:700)
[SORT] stage=RP P=662931 P_kept=662931 num_tiles=1024 max_tile_n=5184 bin=11.96 up=0.02 kernel=0.02 d2h=7.13 compact=0.00 publish=0.02 total=22.94ms
[SORT] stage=RP P=1298085 P_kept=1298085 num_tiles=1024 max_tile_n=18608 bin=19.91 up=0.02 kernel=0.02 d2h=7.14 compact=0.00 publish=0.02 total=32.67ms
2026-06-03 01:37:34.177 | info     |           Metal | Device kernel duration perf summary (device=0): count=1, min=297082467ns, avg=297082467.0ns, max=297082467ns (profiler_analysis.cpp:652)
2026-06-03 01:37:34.177 | info     |           Metal | Device kernel duration perf histogram (device=0): (buckets=10, bucket_size=100ns, range=[297082400..297083400), underflow(<297082400ns)=0, overflow(>=297083400ns)=0) (profiler_analysis.cpp:695)
2026-06-03 01:37:34.177 | info     |           Metal |   [   297082400 ..    297082500) |########################################|        1 (profiler_analysis.cpp:700)
2026-06-03 01:37:34.177 | info     |           Metal |   [   297082500 ..    297082600) |                                        |        0 (profiler_analysis.cpp:700)
2026-06-03 01:37:34.177 | info     |           Metal |   [   297082600 ..    297082700) |                                        |        0 (profiler_analysis.cpp:700)
2026-06-03 01:37:34.177 | info     |           Metal |   [   297082700 ..    297082800) |                                        |        0 (profiler_analysis.cpp:700)
2026-06-03 01:37:34.177 | info     |           Metal |   [   297082800 ..    297082900) |                                        |        0 (profiler_analysis.cpp:700)
2026-06-03 01:37:34.177 | info     |           Metal |   [   297082900 ..    297083000) |                                        |        0 (profiler_analysis.cpp:700)
2026-06-03 01:37:34.177 | info     |           Metal |   [   297083000 ..    297083100) |                                        |        0 (profiler_analysis.cpp:700)
2026-06-03 01:37:34.177 | info     |           Metal |   [   297083100 ..    297083200) |                                        |        0 (profiler_analysis.cpp:700)
2026-06-03 01:37:34.177 | info     |           Metal |   [   297083200 ..    297083300) |                                        |        0 (profiler_analysis.cpp:700)
2026-06-03 01:37:34.177 | info     |           Metal |   [   297083300 ..    297083400) |                                        |        0 (profiler_analysis.cpp:700)
[SORT] stage=RP P=262468 P_kept=262468 num_tiles=1024 max_tile_n=4464 bin=7.16 up=0.02 kernel=0.02 d2h=7.13 compact=0.00 publish=0.03 total=16.69ms
2026-06-03 01:37:34.484 | info     |           Metal | Device kernel duration perf summary (device=0): count=1, min=261154242ns, avg=261154242.0ns, max=261154242ns (profiler_analysis.cpp:652)
2026-06-03 01:37:34.484 | info     |           Metal | Device kernel duration perf histogram (device=0): (buckets=10, bucket_size=100ns, range=[261154200..261155200), underflow(<261154200ns)=0, overflow(>=261155200ns)=0) (profiler_analysis.cpp:695)
2026-06-03 01:37:34.484 | info     |           Metal |   [   261154200 ..    261154300) |########################################|        1 (profiler_analysis.cpp:700)
2026-06-03 01:37:34.484 | info     |           Metal |   [   261154300 ..    261154400) |                                        |        0 (profiler_analysis.cpp:700)
2026-06-03 01:37:34.484 | info     |           Metal |   [   261154400 ..    261154500) |                                        |        0 (profiler_analysis.cpp:700)
2026-06-03 01:37:34.484 | info     |           Metal |   [   261154500 ..    261154600) |                                        |        0 (profiler_analysis.cpp:700)
2026-06-03 01:37:34.484 | info     |           Metal |   [   261154600 ..    261154700) |                                        |        0 (profiler_analysis.cpp:700)
2026-06-03 01:37:34.484 | info     |           Metal |   [   261154700 ..    261154800) |                                        |        0 (profiler_analysis.cpp:700)
2026-06-03 01:37:34.484 | info     |           Metal |   [   261154800 ..    261154900) |                                        |        0 (profiler_analysis.cpp:700)
2026-06-03 01:37:34.484 | info     |           Metal |   [   261154900 ..    261155000) |                                        |        0 (profiler_analysis.cpp:700)
2026-06-03 01:37:34.484 | info     |           Metal |   [   261155000 ..    261155100) |                                        |        0 (profiler_analysis.cpp:700)
2026-06-03 01:37:34.484 | info     |           Metal |   [   261155100 ..    261155200) |                                        |        0 (profiler_analysis.cpp:700)
[SORT] stage=RP P=107247 P_kept=107247 num_tiles=1024 max_tile_n=1664 bin=5.78 up=0.02 kernel=0.02 d2h=7.13 compact=0.00 publish=0.02 total=15.10ms
2026-06-03 01:37:34.773 | info     |           Metal | Device kernel duration perf summary (device=0): count=1, min=247434767ns, avg=247434767.0ns, max=247434767ns (profiler_analysis.cpp:652)
2026-06-03 01:37:34.773 | info     |           Metal | Device kernel duration perf histogram (device=0): (buckets=10, bucket_size=100ns, range=[247434700..247435700), underflow(<247434700ns)=0, overflow(>=247435700ns)=0) (profiler_analysis.cpp:695)
2026-06-03 01:37:34.773 | info     |           Metal |   [   247434700 ..    247434800) |########################################|        1 (profiler_analysis.cpp:700)
2026-06-03 01:37:34.773 | info     |           Metal |   [   247434800 ..    247434900) |                                        |        0 (profiler_analysis.cpp:700)
2026-06-03 01:37:34.773 | info     |           Metal |   [   247434900 ..    247435000) |                                        |        0 (profiler_analysis.cpp:700)
2026-06-03 01:37:34.773 | info     |           Metal |   [   247435000 ..    247435100) |                                        |        0 (profiler_analysis.cpp:700)
2026-06-03 01:37:34.773 | info     |           Metal |   [   247435100 ..    247435200) |                                        |        0 (profiler_analysis.cpp:700)
2026-06-03 01:37:34.773 | info     |           Metal |   [   247435200 ..    247435300) |                                        |        0 (profiler_analysis.cpp:700)
2026-06-03 01:37:34.773 | info     |           Metal |   [   247435300 ..    247435400) |                                        |        0 (profiler_analysis.cpp:700)
2026-06-03 01:37:34.773 | info     |           Metal |   [   247435400 ..    247435500) |                                        |        0 (profiler_analysis.cpp:700)
2026-06-03 01:37:34.773 | info     |           Metal |   [   247435500 ..    247435600) |                                        |        0 (profiler_analysis.cpp:700)
2026-06-03 01:37:34.773 | info     |           Metal |   [   247435600 ..    247435700) |                                        |        0 (profiler_analysis.cpp:700)
[SORT] stage=RP P=742945 P_kept=742945 num_tiles=1024 max_tile_n=4720 bin=12.75 up=0.02 kernel=0.03 d2h=7.14 compact=0.00 publish=0.02 total=23.97ms
2026-06-03 01:37:35.112 | info     |           Metal | Device kernel duration perf summary (device=0): count=1, min=274711819ns, avg=274711819.0ns, max=274711819ns (profiler_analysis.cpp:652)
2026-06-03 01:37:35.112 | info     |           Metal | Device kernel duration perf histogram (device=0): (buckets=10, bucket_size=100ns, range=[274711800..274712800), underflow(<274711800ns)=0, overflow(>=274712800ns)=0) (profiler_analysis.cpp:695)
2026-06-03 01:37:35.112 | info     |           Metal |   [   274711800 ..    274711900) |########################################|        1 (profiler_analysis.cpp:700)
2026-06-03 01:37:35.112 | info     |           Metal |   [   274711900 ..    274712000) |                                        |        0 (profiler_analysis.cpp:700)
2026-06-03 01:37:35.112 | info     |           Metal |   [   274712000 ..    274712100) |                                        |        0 (profiler_analysis.cpp:700)
2026-06-03 01:37:35.112 | info     |           Metal |   [   274712100 ..    274712200) |                                        |        0 (profiler_analysis.cpp:700)
2026-06-03 01:37:35.112 | info     |           Metal |   [   274712200 ..    274712300) |                                        |        0 (profiler_analysis.cpp:700)
2026-06-03 01:37:35.112 | info     |           Metal |   [   274712300 ..    274712400) |                                        |        0 (profiler_analysis.cpp:700)
2026-06-03 01:37:35.112 | info     |           Metal |   [   274712400 ..    274712500) |                                        |        0 (profiler_analysis.cpp:700)
2026-06-03 01:37:35.112 | info     |           Metal |   [   274712500 ..    274712600) |                                        |        0 (profiler_analysis.cpp:700)
2026-06-03 01:37:35.112 | info     |           Metal |   [   274712600 ..    274712700) |                                        |        0 (profiler_analysis.cpp:700)
2026-06-03 01:37:35.112 | info     |           Metal |   [   274712700 ..    274712800) |                                        |        0 (profiler_analysis.cpp:700)
SUMMARY backend=tt blend_mode=2 views=30 hero_vs_gt=46.78dB hero_vs_ref=63.85dB min_vs_ref=56.54dB min_vs_gt=41.19dB ms/view=129.9 (proj=21.5 ta=5.1 sort=51.7 blend=0.0) shot=opt/metal-screenshots/a003-verify-20260603T013735Z/hero.png shot_diff=opt/metal-screenshots/a003-verify-20260603T013735Z/hero_diff10.png
[render-inner] a003_verify rc=0

Queue delay: 13 ns
Timer resolution: 0 ns

Frames: 2
Time span: 22.15 s
Zones: 1,579,634
Elapsed time: 22.02 s
Saving trace... done!
Trace size 16.22 MB (25.58% ratio)
2026-06-03 01:37:38.662 | INFO     | tracy:generate_report:154 - Host side ops time report generated at /localdev/smarton/gstt2/opt/profiler/wrap_out_ttw-044/.logs/tracy_ops_times.csv
2026-06-03 01:37:38.691 | INFO     | tracy:generate_report:165 - Host side ops data report generated at /localdev/smarton/gstt2/opt/profiler/wrap_out_ttw-044/.logs/tracy_ops_data.csv
2026-06-03 01:37:38.691 | INFO     | tracy.process_ops_logs:import_tracy_op_logs:255 - Importing ops logs
/localdev/smarton/tt-metal/tools/tracy/process_ops_logs.py:360: DtypeWarning: Columns (3) have mixed types. Specify dtype option on import or set low_memory=False.
  df = pd.read_csv(tracyOpTimesLog)
2026-06-03 01:37:41.126 | INFO     | tracy.process_ops_logs:get_device_data_generate_report:1014 - Copying runtime artifacts
2026-06-03 01:37:41.213 | INFO     | tracy.process_ops_logs:get_device_data_generate_report:1020 - Getting device only ops data
2026-06-03 01:37:44.670 | INFO     | tracy.process_device_log:core_to_device_timeseries:416 - Importing Data For Device Number : 0
2026-06-03 01:37:50.634 | INFO     | tracy.process_ops_logs:get_device_data_generate_report:1032 - Generating device op report ...
2026-06-03 01:37:50.765 | INFO     | tracy.process_ops_logs:get_device_data_generate_report:1210 - Device only OPs csv generated at: /localdev/smarton/gstt2/opt/profiler/wrap_out_ttw-044/reports/2026_06_03_01_37_41/ops_perf_results_2026_06_03_01_37_41.csv
2026-06-03 01:37:50.780 | INFO     | tracy.process_ops_logs:get_device_data_generate_report:1219 - Device only per core op to op times csv generated at: /localdev/smarton/gstt2/opt/profiler/wrap_out_ttw-044/reports/2026_06_03_01_37_41/per_core_op_to_op_times_2026_06_03_01_37_41.csv
[capture_tracy] wrapper exited rc=0
[capture_tracy] OK tracy: -rw-rw-r-- 1 smarton smarton 17010127 Jun  3 01:37 /localdev/smarton/gstt2/opt/profiler/ttw-044/render.tracy
[capture_tracy] device profiler CSV data rows: 1016801 (1-view baseline ~65600; ~30x => full 30-view)
[capture_tracy] per-zone-hash device marker counts (each zone repeats ~30x across views):
 177568 13133
 150164 32535
 150164 16443
 122760 49375
 122760 17277
  68324 12391
  40920 52195
  40920 44760
  20460 4331
  20460 40868
  13640 64032
  13640 61648
  13640 60078
  13640 40740
  13640 27140
  13640 24407
  13640 13365
   6820 51185
      1  timer_id
[capture_tracy] DONE rc=0 iter=ttw-044 tracy=/localdev/smarton/gstt2/opt/profiler/ttw-044/render.tracy
