================ BUILD ID ================
  cpp : #152 sha=bb52a1d bin=12bb207ef9ce5a5e iter 46: Part A: M2 §6 per-microblock transmittance early-out — replace iter-44's tile-level break with a true per-microblock done-mask (spilled-T scan groups px by SFPU vector V=(r&~1)|(c&1); clear keep-bit M when all 32 px of mb M have T<eps; subsequent gaussians AND ~done into their coverage mask). PROVEN CORRECT: 63.85-63.86 dB across EO_BLK 64..768. Gated-off (GSPLAT_TT_BLEND_EARLYOUT): perf-neutral because the resident blend is READER-GATHER-bound, not SFPU-compute-bound (smaller blocks monotonically worse: 768->184.6 256->186.8 128->188.7 64->193.5ms) — the compute early-out skips SFPU math but the reader still gathers every candidate. Next lever: reader-side tile-saturation tail-skip.
  data: #1 sha=b703f70 sync tracy-041 capture script
=========================================
host=yyzo-bh-03  tag=tracy046  timeout=900s  worry=600s  ts=2026-06-02T19:06:03-0700
cmd: bash opt/profiler/capture_tracy.sh ttw-046
-----------------------------------------
BUILD-ID VERIFY OK: cpp#152 bin=12bb207ef9ce5a5e matches the built+stamped artifact
[capture_tracy] iter=ttw-046 VIEWS=30 (FULL 30-view render) -> /localdev/smarton/gstt2/opt/profiler/ttw-046/render.tracy
[capture_tracy] flags: TILE_BUCKET=1 BUCKET_FIT=8192 L1_RECORD=1 FUSED_TILE=0 SFPU_CULL=1
[capture_tracy] CMD: python3 -m tracy -r -p -v --dump-device-data-mid-run -o /localdev/smarton/gstt2/opt/profiler/wrap_out_ttw-046 opt/profiler/_render_inner.sh
Connecting to 127.0.0.1:8086...2026-06-03 02:06:05.243 | INFO     | __main__:main:175 - Setting profiler artifacts folder to /localdev/smarton/gstt2/opt/profiler/wrap_out_ttw-046
2026-06-03 02:06:05.244 | INFO     | __main__:main:336 - Using port 8086
2026-06-03 02:06:05.244 | INFO     | tracy:run_report_setup:88 - Verifying tracy profiling tools
2026-06-03 02:06:05.250 | INFO     | tracy:run_report_setup:108 - Capture command: ('/localdev/smarton/tt-metal/build/tools/profiler/bin/capture-release -o /localdev/smarton/gstt2/opt/profiler/wrap_out_ttw-046/.logs/tracy_profile_log_host.tracy -f -p 8086',)
2026-06-03 02:06:05.255 | INFO     | __main__:main:400 - Test process started
[render-inner] python3 scripts/a003_verify.py --backend tt --views 30 (MID_RUN_DUMP=1 DEVICE_PROFILER=1 GSPLAT_TT_PROFILE=1 TRACY_PORT=8086)
2026-06-03 02:06:05.834 | INFO     | __main__:main:175 - Setting profiler artifacts folder to /localdev/smarton/gstt2/opt/profiler/wrap_out_ttw-046
2026-06-03 02:06:07.540 | info     |             UMD | Creating TopologyDiscovery for architecture: blackhole (topology_discovery.cpp:75)
2026-06-03 02:06:07.540 | info     |             UMD | Starting topology discovery. (topology_discovery.cpp:92)
2026-06-03 02:06:07.540 | warning  |             UMD | Low power mode is disabled while UMD holds open file descriptors. The device will return to low power mode once all file descriptors are closed. (topology_discovery.cpp:143)
2026-06-03 02:06:07.540 | warning  |             UMD | KMD version 2.4.1 does not support power state management. (pci_device.cpp:1067)
2026-06-03 02:06:07.541 | info     |             UMD | Established firmware bundle version: 18.12.1 (topology_discovery.cpp:544)
2026-06-03 02:06:07.541 | info     |             UMD | Completed topology discovery. (topology_discovery.cpp:96)
2026-06-03 02:06:07.541 | info     |          Device | Opening user mode device driver (tt_cluster.cpp:225)
2026-06-03 02:06:07.541 | info     |             UMD | Cluster constructor started. (cluster.cpp:317)
2026-06-03 02:06:07.541 | info     |             UMD | Creating TopologyDiscovery for architecture: blackhole (topology_discovery.cpp:75)
2026-06-03 02:06:07.541 | info     |             UMD | Starting topology discovery. (topology_discovery.cpp:92)
2026-06-03 02:06:07.541 | warning  |             UMD | Low power mode is disabled while UMD holds open file descriptors. The device will return to low power mode once all file descriptors are closed. (topology_discovery.cpp:143)
2026-06-03 02:06:07.541 | warning  |             UMD | KMD version 2.4.1 does not support power state management. (pci_device.cpp:1067)
2026-06-03 02:06:07.541 | info     |             UMD | Established firmware bundle version: 18.12.1 (topology_discovery.cpp:544)
2026-06-03 02:06:07.541 | info     |             UMD | Completed topology discovery. (topology_discovery.cpp:96)
2026-06-03 02:06:07.541 | info     |             UMD | Harvesting masks for Chip 0: Tensix: 0xc0 DRAM: 0x8 ETH: 0x3fff PCIe: 0x2 L2CPU: 0x0 (cluster.cpp:270)
2026-06-03 02:06:07.541 | info     |             UMD | Initializing iommu for sysmem (size: 0x40000000). (silicon_sysmem_manager.cpp:334)
2026-06-03 02:06:07.541 | info     |             UMD | Allocating sysmem for IOMMU (size: 0x40000000). (silicon_sysmem_manager.cpp:340)
2026-06-03 02:06:07.580 | warning  |             UMD | KMD version 2.4.1 does not support power state management. (pci_device.cpp:1067)
2026-06-03 02:06:07.580 | info     |             UMD | Opening local chip ids/PCIe ids: {0}/[0] and remote chip ids {} (cluster.cpp:159)
2026-06-03 02:06:07.580 | info     |             UMD | IOMMU: enabled (cluster.cpp:133)
2026-06-03 02:06:07.580 | info     |             UMD | KMD version: 2.4.1 (cluster.cpp:136)
2026-06-03 02:06:07.580 | info     |             UMD | Cluster constructor completed. (cluster.cpp:409)
2026-06-03 02:06:07.582 | info     |             UMD | Starting devices in cluster (cluster.cpp:1044)
2026-06-03 02:06:07.583 | info     |             UMD | Mapped sysmem without hugepages to IOVA 0x80000000; NOC address 0x1000000000000000 (silicon_sysmem_manager.cpp:391)
2026-06-03 02:06:07.583 | info     |             UMD | Starting devices in cluster completed. (cluster.cpp:1052)
2026-06-03 02:06:08.062 | info     |     Distributed | Using auto discovery to generate mesh graph. (metal_env.cpp:332)
2026-06-03 02:06:08.062 | info     |     Distributed | Constructing control plane using auto-discovery (no mesh graph descriptor). (metal_env.cpp:394)
2026-06-03 02:06:08.062 | info     |             UMD | Creating TopologyDiscovery for architecture: blackhole (topology_discovery.cpp:75)
2026-06-03 02:06:08.062 | info     |             UMD | Starting topology discovery. (topology_discovery.cpp:92)
2026-06-03 02:06:08.063 | warning  |             UMD | Low power mode is disabled while UMD holds open file descriptors. The device will return to low power mode once all file descriptors are closed. (topology_discovery.cpp:143)
2026-06-03 02:06:08.063 | warning  |             UMD | KMD version 2.4.1 does not support power state management. (pci_device.cpp:1067)
2026-06-03 02:06:08.063 | info     |             UMD | Established firmware bundle version: 18.12.1 (topology_discovery.cpp:544)
2026-06-03 02:06:08.063 | info     |             UMD | Completed topology discovery. (topology_discovery.cpp:96)
2026-06-03 02:06:08.063 | warning  |          Always | Unknown motherboard 'X670E GAMING PLUS WIFI (MS-7E16)' for chip_id=0 (bus_id=0x1) — defaulting tray_id to 0. Add this motherboard and its bus IDs to mobo_to_bus_ids in physical_system_discovery.cpp. (physical_system_discovery.cpp:62)
2026-06-03 02:06:08.063 | info     |          Fabric | TopologyMapper: Logical Multi-Mesh Adjacency Map: (topology_mapper.cpp:1474)
2026-06-03 02:06:08.063 | info     |          Fabric | 
=== Logical Mesh-Level Graph Adjacency Map ===
Total nodes: 1
Degree histogram: {0:1}
 (topology_solver.tpp:94)
2026-06-03 02:06:08.063 | info     |          Fabric | 
=== Logical Mesh 0 Internal Graph Adjacency Map ===
Total nodes: 1
Degree histogram: {0:1}
 (topology_solver.tpp:94)
2026-06-03 02:06:08.063 | info     |          Fabric | TopologyMapper: Physical Multi-Mesh Adjacency Map: (topology_mapper.cpp:1485)
2026-06-03 02:06:08.063 | info     |          Fabric | 
=== Physical Mesh-Level Graph Adjacency Map ===
Total nodes: 1
Degree histogram: {0:1}
 (topology_solver.tpp:94)
2026-06-03 02:06:08.063 | info     |          Fabric | 
=== Physical Mesh 0 Internal Graph Adjacency Map ===
Total nodes: 1
Degree histogram: {0:1}
 (topology_solver.tpp:94)
2026-06-03 02:06:08.063 | info     |          Fabric | Starting multi-mesh mapping: 1 logical mesh(es) to 1 physical mesh(es) (topology_mapper_utils.cpp:1469)
2026-06-03 02:06:08.063 | info     |          Fabric | Multi-mesh mapping attempt 1/2: Trying inter-mesh mapping (topology_mapper_utils.cpp:1510)
2026-06-03 02:06:08.063 | info     |          Fabric | Attempt 1: Inter-mesh mapping succeeded, found 1 mesh pair(s) (topology_mapper_utils.cpp:1539)
2026-06-03 02:06:08.063 | info     |          Fabric | Attempt 1: Mapping 1 mesh pair(s) (topology_mapper_utils.cpp:1547)
2026-06-03 02:06:08.063 | info     |          Fabric | Attempt 1: Mapping mesh 0 -> 0 (topology_mapper_utils.cpp:1554)
2026-06-03 02:06:08.063 | info     |          Fabric | Multi-mesh mapping succeeded after 1 attempt(s): 1 mesh pair(s) mapped (topology_mapper_utils.cpp:1686)
2026-06-03 02:06:08.188 | info     |           Metal | Profiler started on device 0 (profiler_initializer.cpp:49)
2026-06-03 02:06:08.387 | info     |           Metal | ShmResourceTracker: removed stale shm '/tt_d2h_359094_1396925424_0' (shm_resource_tracker.cpp:265)
2026-06-03 02:06:08.387 | info     |           Metal | ShmResourceTracker: removed stale manifest '/dev/shm/tt_socket_manifest_359094' (shm_resource_tracker.cpp:275)
2026-06-03 02:06:08.387 | info     |           Metal | ShmResourceTracker: removed orphaned shm '/tt_device_7490744194894819707_memory' (shm_resource_tracker.cpp:282)
2026-06-03 02:06:08.976 | info     |           Metal | [Real-time profiler] Device 0 sync complete: 100 samples, frequency=1.349987 GHz, device_time_at_sync=133371501782306 cycles (realtime_profiler_manager.cpp:1082)
[JIT_WARMUP] ideal-path contexts compiled in 0.5 ms
[SORT] stage=RP P=3369033 P_kept=3369033 num_tiles=1024 max_tile_n=26496 bin=44.52 up=0.02 kernel=2.89 d2h=0.00 compact=0.00 publish=2.75 total=50.28ms
[CULL_SPLIT] pipelined (no separate Finish; cull device exec folded under the blend host-setup window; candidates=3369033)
[BLEND_SPLIT] upload+exec=0.0 readback=1847.4 total=1847.4 ms (resident, one Finish)
[BLEND_ADDR] cull_masks=0x12aa1280 out=0x12c7a340(sz=0x600000) tile_ids=0x54d3ec0 xramp=0x12c78340 yramp=0x12c79340 payload=0x0(sz=0x0)
2026-06-03 02:06:11.570 | info     |           Metal | Device kernel duration perf summary (device=0): count=1, min=2166977076ns, avg=2166977076.0ns, max=2166977076ns (profiler_analysis.cpp:652)
2026-06-03 02:06:11.570 | info     |           Metal | Device kernel duration perf histogram (device=0): (buckets=10, bucket_size=100ns, range=[2166977000..2166978000), underflow(<2166977000ns)=0, overflow(>=2166978000ns)=0) (profiler_analysis.cpp:695)
2026-06-03 02:06:11.570 | info     |           Metal |   [  2166977000 ..   2166977100) |########################################|        1 (profiler_analysis.cpp:700)
2026-06-03 02:06:11.570 | info     |           Metal |   [  2166977100 ..   2166977200) |                                        |        0 (profiler_analysis.cpp:700)
2026-06-03 02:06:11.570 | info     |           Metal |   [  2166977200 ..   2166977300) |                                        |        0 (profiler_analysis.cpp:700)
2026-06-03 02:06:11.570 | info     |           Metal |   [  2166977300 ..   2166977400) |                                        |        0 (profiler_analysis.cpp:700)
2026-06-03 02:06:11.570 | info     |           Metal |   [  2166977400 ..   2166977500) |                                        |        0 (profiler_analysis.cpp:700)
2026-06-03 02:06:11.570 | info     |           Metal |   [  2166977500 ..   2166977600) |                                        |        0 (profiler_analysis.cpp:700)
2026-06-03 02:06:11.570 | info     |           Metal |   [  2166977600 ..   2166977700) |                                        |        0 (profiler_analysis.cpp:700)
2026-06-03 02:06:11.570 | info     |           Metal |   [  2166977700 ..   2166977800) |                                        |        0 (profiler_analysis.cpp:700)
2026-06-03 02:06:11.570 | info     |           Metal |   [  2166977800 ..   2166977900) |                                        |        0 (profiler_analysis.cpp:700)
2026-06-03 02:06:11.570 | info     |           Metal |   [  2166977900 ..   2166978000) |                                        |        0 (profiler_analysis.cpp:700)
[SORT] stage=RP P=3369033 P_kept=3369033 num_tiles=1024 max_tile_n=26496 bin=42.39 up=0.02 kernel=0.03 d2h=0.00 compact=0.00 publish=0.02 total=42.53ms
[CULL_SPLIT] pipelined (no separate Finish; cull device exec folded under the blend host-setup window; candidates=3369033)
2026-06-03 02:06:11.884 | info     |           Metal | Device kernel duration perf summary (device=0): count=1, min=290250185ns, avg=290250185.0ns, max=290250185ns (profiler_analysis.cpp:652)
2026-06-03 02:06:11.884 | info     |           Metal | Device kernel duration perf histogram (device=0): (buckets=10, bucket_size=100ns, range=[290250100..290251100), underflow(<290250100ns)=0, overflow(>=290251100ns)=0) (profiler_analysis.cpp:695)
2026-06-03 02:06:11.884 | info     |           Metal |   [   290250100 ..    290250200) |########################################|        1 (profiler_analysis.cpp:700)
2026-06-03 02:06:11.884 | info     |           Metal |   [   290250200 ..    290250300) |                                        |        0 (profiler_analysis.cpp:700)
2026-06-03 02:06:11.884 | info     |           Metal |   [   290250300 ..    290250400) |                                        |        0 (profiler_analysis.cpp:700)
2026-06-03 02:06:11.884 | info     |           Metal |   [   290250400 ..    290250500) |                                        |        0 (profiler_analysis.cpp:700)
2026-06-03 02:06:11.884 | info     |           Metal |   [   290250500 ..    290250600) |                                        |        0 (profiler_analysis.cpp:700)
2026-06-03 02:06:11.884 | info     |           Metal |   [   290250600 ..    290250700) |                                        |        0 (profiler_analysis.cpp:700)
2026-06-03 02:06:11.884 | info     |           Metal |   [   290250700 ..    290250800) |                                        |        0 (profiler_analysis.cpp:700)
2026-06-03 02:06:11.884 | info     |           Metal |   [   290250800 ..    290250900) |                                        |        0 (profiler_analysis.cpp:700)
2026-06-03 02:06:11.884 | info     |           Metal |   [   290250900 ..    290251000) |                                        |        0 (profiler_analysis.cpp:700)
2026-06-03 02:06:11.884 | info     |           Metal |   [   290251000 ..    290251100) |                                        |        0 (profiler_analysis.cpp:700)
[BLEND_SPLIT] upload+exec=0.0 readback=183.9 total=183.9 ms (resident, one Finish)
[BLEND_ADDR] cull_masks=0x12aa1280 out=0x12c7a340(sz=0x600000) tile_ids=0x54d3ec0 xramp=0x12c78340 yramp=0x12c79340 payload=0x0(sz=0x0)
[SORT] stage=RP P=2774729 P_kept=2774729 num_tiles=1024 max_tile_n=25136 bin=35.06 up=0.02 kernel=0.02 d2h=0.00 compact=0.00 publish=0.02 total=35.19ms
[CULL_SPLIT] pipelined (no separate Finish; cull device exec folded under the blend host-setup window; candidates=2774729)
[BLEND_SPLIT] upload+exec=0.0 readback=161.6 total=161.6 ms (resident, one Finish)
[BLEND_ADDR] cull_masks=0x12aa1280 out=0x12c7a340(sz=0x600000) tile_ids=0x54d3ec0 xramp=0x12c78340 yramp=0x12c79340 payload=0x0(sz=0x0)
2026-06-03 02:06:12.159 | info     |           Metal | Device kernel duration perf summary (device=0): count=1, min=251376747ns, avg=251376747.0ns, max=251376747ns (profiler_analysis.cpp:652)
2026-06-03 02:06:12.159 | info     |           Metal | Device kernel duration perf histogram (device=0): (buckets=10, bucket_size=100ns, range=[251376700..251377700), underflow(<251376700ns)=0, overflow(>=251377700ns)=0) (profiler_analysis.cpp:695)
2026-06-03 02:06:12.159 | info     |           Metal |   [   251376700 ..    251376800) |########################################|        1 (profiler_analysis.cpp:700)
2026-06-03 02:06:12.159 | info     |           Metal |   [   251376800 ..    251376900) |                                        |        0 (profiler_analysis.cpp:700)
2026-06-03 02:06:12.159 | info     |           Metal |   [   251376900 ..    251377000) |                                        |        0 (profiler_analysis.cpp:700)
2026-06-03 02:06:12.159 | info     |           Metal |   [   251377000 ..    251377100) |                                        |        0 (profiler_analysis.cpp:700)
2026-06-03 02:06:12.159 | info     |           Metal |   [   251377100 ..    251377200) |                                        |        0 (profiler_analysis.cpp:700)
2026-06-03 02:06:12.159 | info     |           Metal |   [   251377200 ..    251377300) |                                        |        0 (profiler_analysis.cpp:700)
2026-06-03 02:06:12.159 | info     |           Metal |   [   251377300 ..    251377400) |                                        |        0 (profiler_analysis.cpp:700)
2026-06-03 02:06:12.159 | info     |           Metal |   [   251377400 ..    251377500) |                                        |        0 (profiler_analysis.cpp:700)
2026-06-03 02:06:12.159 | info     |           Metal |   [   251377500 ..    251377600) |                                        |        0 (profiler_analysis.cpp:700)
2026-06-03 02:06:12.159 | info     |           Metal |   [   251377600 ..    251377700) |                                        |        0 (profiler_analysis.cpp:700)
[SORT] stage=RP P=3235251 P_kept=3235251 num_tiles=1024 max_tile_n=22592 bin=40.65 up=0.02 kernel=0.02 d2h=0.00 compact=0.00 publish=0.02 total=40.78ms
[CULL_SPLIT] pipelined (no separate Finish; cull device exec folded under the blend host-setup window; candidates=3235251)
[BLEND_SPLIT] upload+exec=0.0 readback=169.2 total=169.2 ms (resident, one Finish)
[BLEND_ADDR] cull_masks=0x12aa1280 out=0x12c7a340(sz=0x600000) tile_ids=0x54d3ec0 xramp=0x12c78340 yramp=0x12c79340 payload=0x0(sz=0x0)
2026-06-03 02:06:12.453 | info     |           Metal | Device kernel duration perf summary (device=0): count=1, min=270543191ns, avg=270543191.0ns, max=270543191ns (profiler_analysis.cpp:652)
2026-06-03 02:06:12.453 | info     |           Metal | Device kernel duration perf histogram (device=0): (buckets=10, bucket_size=100ns, range=[270543100..270544100), underflow(<270543100ns)=0, overflow(>=270544100ns)=0) (profiler_analysis.cpp:695)
2026-06-03 02:06:12.453 | info     |           Metal |   [   270543100 ..    270543200) |########################################|        1 (profiler_analysis.cpp:700)
2026-06-03 02:06:12.453 | info     |           Metal |   [   270543200 ..    270543300) |                                        |        0 (profiler_analysis.cpp:700)
2026-06-03 02:06:12.453 | info     |           Metal |   [   270543300 ..    270543400) |                                        |        0 (profiler_analysis.cpp:700)
2026-06-03 02:06:12.453 | info     |           Metal |   [   270543400 ..    270543500) |                                        |        0 (profiler_analysis.cpp:700)
2026-06-03 02:06:12.453 | info     |           Metal |   [   270543500 ..    270543600) |                                        |        0 (profiler_analysis.cpp:700)
2026-06-03 02:06:12.453 | info     |           Metal |   [   270543600 ..    270543700) |                                        |        0 (profiler_analysis.cpp:700)
2026-06-03 02:06:12.453 | info     |           Metal |   [   270543700 ..    270543800) |                                        |        0 (profiler_analysis.cpp:700)
2026-06-03 02:06:12.453 | info     |           Metal |   [   270543800 ..    270543900) |                                        |        0 (profiler_analysis.cpp:700)
2026-06-03 02:06:12.453 | info     |           Metal |   [   270543900 ..    270544000) |                                        |        0 (profiler_analysis.cpp:700)
2026-06-03 02:06:12.453 | info     |           Metal |   [   270544000 ..    270544100) |                                        |        0 (profiler_analysis.cpp:700)
[SORT] stage=RP P=1753355 P_kept=1753355 num_tiles=1024 max_tile_n=21360 bin=24.34 up=0.02 kernel=0.02 d2h=0.00 compact=0.00 publish=0.02 total=24.48ms
[CULL_SPLIT] pipelined (no separate Finish; cull device exec folded under the blend host-setup window; candidates=1753355)
[BLEND_SPLIT] upload+exec=0.0 readback=127.1 total=127.1 ms (resident, one Finish)
[BLEND_ADDR] cull_masks=0x12aa1280 out=0x12c7a340(sz=0x600000) tile_ids=0x54d3ec0 xramp=0x12c78340 yramp=0x12c79340 payload=0x0(sz=0x0)
2026-06-03 02:06:12.671 | info     |           Metal | Device kernel duration perf summary (device=0): count=1, min=194281338ns, avg=194281338.0ns, max=194281338ns (profiler_analysis.cpp:652)
2026-06-03 02:06:12.671 | info     |           Metal | Device kernel duration perf histogram (device=0): (buckets=10, bucket_size=100ns, range=[194281300..194282300), underflow(<194281300ns)=0, overflow(>=194282300ns)=0) (profiler_analysis.cpp:695)
2026-06-03 02:06:12.671 | info     |           Metal |   [   194281300 ..    194281400) |########################################|        1 (profiler_analysis.cpp:700)
2026-06-03 02:06:12.671 | info     |           Metal |   [   194281400 ..    194281500) |                                        |        0 (profiler_analysis.cpp:700)
2026-06-03 02:06:12.671 | info     |           Metal |   [   194281500 ..    194281600) |                                        |        0 (profiler_analysis.cpp:700)
2026-06-03 02:06:12.671 | info     |           Metal |   [   194281600 ..    194281700) |                                        |        0 (profiler_analysis.cpp:700)
2026-06-03 02:06:12.671 | info     |           Metal |   [   194281700 ..    194281800) |                                        |        0 (profiler_analysis.cpp:700)
2026-06-03 02:06:12.671 | info     |           Metal |   [   194281800 ..    194281900) |                                        |        0 (profiler_analysis.cpp:700)
2026-06-03 02:06:12.671 | info     |           Metal |   [   194281900 ..    194282000) |                                        |        0 (profiler_analysis.cpp:700)
2026-06-03 02:06:12.671 | info     |           Metal |   [   194282000 ..    194282100) |                                        |        0 (profiler_analysis.cpp:700)
2026-06-03 02:06:12.671 | info     |           Metal |   [   194282100 ..    194282200) |                                        |        0 (profiler_analysis.cpp:700)
2026-06-03 02:06:12.671 | info     |           Metal |   [   194282200 ..    194282300) |                                        |        0 (profiler_analysis.cpp:700)
[SORT] stage=RP P=934247 P_kept=934247 num_tiles=1024 max_tile_n=5248 bin=14.80 up=0.02 kernel=0.02 d2h=0.00 compact=0.00 publish=0.02 total=14.92ms
[CULL_SPLIT] pipelined (no separate Finish; cull device exec folded under the blend host-setup window; candidates=934247)
[BLEND_SPLIT] upload+exec=0.0 readback=41.3 total=41.3 ms (resident, one Finish)
[BLEND_ADDR] cull_masks=0x12aa1280 out=0x12c7a340(sz=0x600000) tile_ids=0x54d3ec0 xramp=0x12c78340 yramp=0x12c79340 payload=0x0(sz=0x0)
2026-06-03 02:06:12.783 | info     |           Metal | Device kernel duration perf summary (device=0): count=1, min=87042924ns, avg=87042924.0ns, max=87042924ns (profiler_analysis.cpp:652)
2026-06-03 02:06:12.783 | info     |           Metal | Device kernel duration perf histogram (device=0): (buckets=10, bucket_size=100ns, range=[87042900..87043900), underflow(<87042900ns)=0, overflow(>=87043900ns)=0) (profiler_analysis.cpp:695)
2026-06-03 02:06:12.783 | info     |           Metal |   [    87042900 ..     87043000) |########################################|        1 (profiler_analysis.cpp:700)
2026-06-03 02:06:12.783 | info     |           Metal |   [    87043000 ..     87043100) |                                        |        0 (profiler_analysis.cpp:700)
2026-06-03 02:06:12.783 | info     |           Metal |   [    87043100 ..     87043200) |                                        |        0 (profiler_analysis.cpp:700)
2026-06-03 02:06:12.783 | info     |           Metal |   [    87043200 ..     87043300) |                                        |        0 (profiler_analysis.cpp:700)
2026-06-03 02:06:12.783 | info     |           Metal |   [    87043300 ..     87043400) |                                        |        0 (profiler_analysis.cpp:700)
2026-06-03 02:06:12.783 | info     |           Metal |   [    87043400 ..     87043500) |                                        |        0 (profiler_analysis.cpp:700)
2026-06-03 02:06:12.783 | info     |           Metal |   [    87043500 ..     87043600) |                                        |        0 (profiler_analysis.cpp:700)
2026-06-03 02:06:12.783 | info     |           Metal |   [    87043600 ..     87043700) |                                        |        0 (profiler_analysis.cpp:700)
2026-06-03 02:06:12.783 | info     |           Metal |   [    87043700 ..     87043800) |                                        |        0 (profiler_analysis.cpp:700)
2026-06-03 02:06:12.783 | info     |           Metal |   [    87043800 ..     87043900) |                                        |        0 (profiler_analysis.cpp:700)
[SORT] stage=RP P=1124461 P_kept=1124461 num_tiles=1024 max_tile_n=6544 bin=16.75 up=0.02 kernel=0.02 d2h=0.00 compact=0.00 publish=0.02 total=16.88ms
[CULL_SPLIT] pipelined (no separate Finish; cull device exec folded under the blend host-setup window; candidates=1124461)
2026-06-03 02:06:12.906 | info     |           Metal | Device kernel duration perf summary (device=0): count=1, min=97777218ns, avg=97777218.0ns, max=97777218ns (profiler_analysis.cpp:652)
2026-06-03 02:06:12.906 | info     |           Metal | Device kernel duration perf histogram (device=0): (buckets=10, bucket_size=100ns, range=[97777200..97778200), underflow(<97777200ns)=0, overflow(>=97778200ns)=0) (profiler_analysis.cpp:695)
2026-06-03 02:06:12.906 | info     |           Metal |   [    97777200 ..     97777300) |########################################|        1 (profiler_analysis.cpp:700)
2026-06-03 02:06:12.906 | info     |           Metal |   [    97777300 ..     97777400) |                                        |        0 (profiler_analysis.cpp:700)
2026-06-03 02:06:12.906 | info     |           Metal |   [    97777400 ..     97777500) |                                        |        0 (profiler_analysis.cpp:700)
2026-06-03 02:06:12.906 | info     |           Metal |   [    97777500 ..     97777600) |                                        |        0 (profiler_analysis.cpp:700)
2026-06-03 02:06:12.906 | info     |           Metal |   [    97777600 ..     97777700) |                                        |        0 (profiler_analysis.cpp:700)
2026-06-03 02:06:12.906 | info     |           Metal |   [    97777700 ..     97777800) |                                        |        0 (profiler_analysis.cpp:700)
2026-06-03 02:06:12.906 | info     |           Metal |   [    97777800 ..     97777900) |                                        |        0 (profiler_analysis.cpp:700)
2026-06-03 02:06:12.906 | info     |           Metal |   [    97777900 ..     97778000) |                                        |        0 (profiler_analysis.cpp:700)
2026-06-03 02:06:12.906 | info     |           Metal |   [    97778000 ..     97778100) |                                        |        0 (profiler_analysis.cpp:700)
2026-06-03 02:06:12.906 | info     |           Metal |   [    97778100 ..     97778200) |                                        |        0 (profiler_analysis.cpp:700)
[BLEND_SPLIT] upload+exec=0.0 readback=47.8 total=47.8 ms (resident, one Finish)
[BLEND_ADDR] cull_masks=0x12aa1280 out=0x12c7a340(sz=0x600000) tile_ids=0x54d3ec0 xramp=0x12c78340 yramp=0x12c79340 payload=0x0(sz=0x0)
[SORT] stage=RP P=835298 P_kept=835298 num_tiles=1024 max_tile_n=5536 bin=13.96 up=0.02 kernel=0.02 d2h=0.00 compact=0.00 publish=0.02 total=14.08ms
[CULL_SPLIT] pipelined (no separate Finish; cull device exec folded under the blend host-setup window; candidates=835298)
2026-06-03 02:06:13.010 | info     |           Metal | Device kernel duration perf summary (device=0): count=1, min=79973024ns, avg=79973024.0ns, max=79973024ns (profiler_analysis.cpp:652)
2026-06-03 02:06:13.010 | info     |           Metal | Device kernel duration perf histogram (device=0): (buckets=10, bucket_size=100ns, range=[79973000..79974000), underflow(<79973000ns)=0, overflow(>=79974000ns)=0) (profiler_analysis.cpp:695)
2026-06-03 02:06:13.010 | info     |           Metal |   [    79973000 ..     79973100) |########################################|        1 (profiler_analysis.cpp:700)
2026-06-03 02:06:13.010 | info     |           Metal |   [    79973100 ..     79973200) |                                        |        0 (profiler_analysis.cpp:700)
2026-06-03 02:06:13.010 | info     |           Metal |   [    79973200 ..     79973300) |                                        |        0 (profiler_analysis.cpp:700)
2026-06-03 02:06:13.010 | info     |           Metal |   [    79973300 ..     79973400) |                                        |        0 (profiler_analysis.cpp:700)
2026-06-03 02:06:13.010 | info     |           Metal |   [    79973400 ..     79973500) |                                        |        0 (profiler_analysis.cpp:700)
2026-06-03 02:06:13.010 | info     |           Metal |   [    79973500 ..     79973600) |                                        |        0 (profiler_analysis.cpp:700)
2026-06-03 02:06:13.010 | info     |           Metal |   [    79973600 ..     79973700) |                                        |        0 (profiler_analysis.cpp:700)
2026-06-03 02:06:13.010 | info     |           Metal |   [    79973700 ..     79973800) |                                        |        0 (profiler_analysis.cpp:700)
2026-06-03 02:06:13.010 | info     |           Metal |   [    79973800 ..     79973900) |                                        |        0 (profiler_analysis.cpp:700)
2026-06-03 02:06:13.010 | info     |           Metal |   [    79973900 ..     79974000) |                                        |        0 (profiler_analysis.cpp:700)
[BLEND_SPLIT] upload+exec=0.0 readback=38.2 total=38.2 ms (resident, one Finish)
[BLEND_ADDR] cull_masks=0x12aa1280 out=0x12c7a340(sz=0x600000) tile_ids=0x54d3ec0 xramp=0x12c78340 yramp=0x12c79340 payload=0x0(sz=0x0)
[SORT] stage=RP P=1067596 P_kept=1067596 num_tiles=1024 max_tile_n=5104 bin=14.88 up=0.02 kernel=0.02 d2h=0.00 compact=0.00 publish=0.02 total=15.01ms
[CULL_SPLIT] pipelined (no separate Finish; cull device exec folded under the blend host-setup window; candidates=1067596)
[BLEND_SPLIT] upload+exec=0.0 readback=43.8 total=43.8 ms (resident, one Finish)
[BLEND_ADDR] cull_masks=0x12aa1280 out=0x12c7a340(sz=0x600000) tile_ids=0x54d3ec0 xramp=0x12c78340 yramp=0x12c79340 payload=0x0(sz=0x0)
2026-06-03 02:06:13.121 | info     |           Metal | Device kernel duration perf summary (device=0): count=1, min=87072619ns, avg=87072619.0ns, max=87072619ns (profiler_analysis.cpp:652)
2026-06-03 02:06:13.121 | info     |           Metal | Device kernel duration perf histogram (device=0): (buckets=10, bucket_size=100ns, range=[87072600..87073600), underflow(<87072600ns)=0, overflow(>=87073600ns)=0) (profiler_analysis.cpp:695)
2026-06-03 02:06:13.121 | info     |           Metal |   [    87072600 ..     87072700) |########################################|        1 (profiler_analysis.cpp:700)
2026-06-03 02:06:13.121 | info     |           Metal |   [    87072700 ..     87072800) |                                        |        0 (profiler_analysis.cpp:700)
2026-06-03 02:06:13.121 | info     |           Metal |   [    87072800 ..     87072900) |                                        |        0 (profiler_analysis.cpp:700)
2026-06-03 02:06:13.121 | info     |           Metal |   [    87072900 ..     87073000) |                                        |        0 (profiler_analysis.cpp:700)
2026-06-03 02:06:13.121 | info     |           Metal |   [    87073000 ..     87073100) |                                        |        0 (profiler_analysis.cpp:700)
2026-06-03 02:06:13.121 | info     |           Metal |   [    87073100 ..     87073200) |                                        |        0 (profiler_analysis.cpp:700)
2026-06-03 02:06:13.121 | info     |           Metal |   [    87073200 ..     87073300) |                                        |        0 (profiler_analysis.cpp:700)
2026-06-03 02:06:13.121 | info     |           Metal |   [    87073300 ..     87073400) |                                        |        0 (profiler_analysis.cpp:700)
2026-06-03 02:06:13.121 | info     |           Metal |   [    87073400 ..     87073500) |                                        |        0 (profiler_analysis.cpp:700)
2026-06-03 02:06:13.121 | info     |           Metal |   [    87073500 ..     87073600) |                                        |        0 (profiler_analysis.cpp:700)
[SORT] stage=RP P=1024763 P_kept=1024763 num_tiles=1024 max_tile_n=4672 bin=14.66 up=0.02 kernel=0.02 d2h=0.00 compact=0.00 publish=0.02 total=14.79ms
[CULL_SPLIT] pipelined (no separate Finish; cull device exec folded under the blend host-setup window; candidates=1024763)
[BLEND_SPLIT] upload+exec=0.0 readback=42.5 total=42.5 ms (resident, one Finish)
[BLEND_ADDR] cull_masks=0x12aa1280 out=0x12c7a340(sz=0x600000) tile_ids=0x54d3ec0 xramp=0x12c78340 yramp=0x12c79340 payload=0x0(sz=0x0)
2026-06-03 02:06:13.231 | info     |           Metal | Device kernel duration perf summary (device=0): count=1, min=84794042ns, avg=84794042.0ns, max=84794042ns (profiler_analysis.cpp:652)
2026-06-03 02:06:13.231 | info     |           Metal | Device kernel duration perf histogram (device=0): (buckets=10, bucket_size=100ns, range=[84794000..84795000), underflow(<84794000ns)=0, overflow(>=84795000ns)=0) (profiler_analysis.cpp:695)
2026-06-03 02:06:13.231 | info     |           Metal |   [    84794000 ..     84794100) |########################################|        1 (profiler_analysis.cpp:700)
2026-06-03 02:06:13.231 | info     |           Metal |   [    84794100 ..     84794200) |                                        |        0 (profiler_analysis.cpp:700)
2026-06-03 02:06:13.231 | info     |           Metal |   [    84794200 ..     84794300) |                                        |        0 (profiler_analysis.cpp:700)
2026-06-03 02:06:13.231 | info     |           Metal |   [    84794300 ..     84794400) |                                        |        0 (profiler_analysis.cpp:700)
2026-06-03 02:06:13.231 | info     |           Metal |   [    84794400 ..     84794500) |                                        |        0 (profiler_analysis.cpp:700)
2026-06-03 02:06:13.231 | info     |           Metal |   [    84794500 ..     84794600) |                                        |        0 (profiler_analysis.cpp:700)
2026-06-03 02:06:13.231 | info     |           Metal |   [    84794600 ..     84794700) |                                        |        0 (profiler_analysis.cpp:700)
2026-06-03 02:06:13.231 | info     |           Metal |   [    84794700 ..     84794800) |                                        |        0 (profiler_analysis.cpp:700)
2026-06-03 02:06:13.231 | info     |           Metal |   [    84794800 ..     84794900) |                                        |        0 (profiler_analysis.cpp:700)
2026-06-03 02:06:13.231 | info     |           Metal |   [    84794900 ..     84795000) |                                        |        0 (profiler_analysis.cpp:700)
[SORT] stage=RP P=779787 P_kept=779787 num_tiles=1024 max_tile_n=3616 bin=13.38 up=0.02 kernel=0.02 d2h=0.00 compact=0.00 publish=0.02 total=13.51ms
[CULL_SPLIT] pipelined (no separate Finish; cull device exec folded under the blend host-setup window; candidates=779787)
[BLEND_SPLIT] upload+exec=0.0 readback=34.5 total=34.5 ms (resident, one Finish)
[BLEND_ADDR] cull_masks=0x12aa1280 out=0x12c7a340(sz=0x600000) tile_ids=0x54d3ec0 xramp=0x12c78340 yramp=0x12c79340 payload=0x0(sz=0x0)
2026-06-03 02:06:13.327 | info     |           Metal | Device kernel duration perf summary (device=0): count=1, min=71909060ns, avg=71909060.0ns, max=71909060ns (profiler_analysis.cpp:652)
2026-06-03 02:06:13.327 | info     |           Metal | Device kernel duration perf histogram (device=0): (buckets=10, bucket_size=100ns, range=[71909000..71910000), underflow(<71909000ns)=0, overflow(>=71910000ns)=0) (profiler_analysis.cpp:695)
2026-06-03 02:06:13.327 | info     |           Metal |   [    71909000 ..     71909100) |########################################|        1 (profiler_analysis.cpp:700)
2026-06-03 02:06:13.327 | info     |           Metal |   [    71909100 ..     71909200) |                                        |        0 (profiler_analysis.cpp:700)
2026-06-03 02:06:13.327 | info     |           Metal |   [    71909200 ..     71909300) |                                        |        0 (profiler_analysis.cpp:700)
2026-06-03 02:06:13.327 | info     |           Metal |   [    71909300 ..     71909400) |                                        |        0 (profiler_analysis.cpp:700)
2026-06-03 02:06:13.327 | info     |           Metal |   [    71909400 ..     71909500) |                                        |        0 (profiler_analysis.cpp:700)
2026-06-03 02:06:13.327 | info     |           Metal |   [    71909500 ..     71909600) |                                        |        0 (profiler_analysis.cpp:700)
2026-06-03 02:06:13.327 | info     |           Metal |   [    71909600 ..     71909700) |                                        |        0 (profiler_analysis.cpp:700)
2026-06-03 02:06:13.327 | info     |           Metal |   [    71909700 ..     71909800) |                                        |        0 (profiler_analysis.cpp:700)
2026-06-03 02:06:13.327 | info     |           Metal |   [    71909800 ..     71909900) |                                        |        0 (profiler_analysis.cpp:700)
2026-06-03 02:06:13.327 | info     |           Metal |   [    71909900 ..     71910000) |                                        |        0 (profiler_analysis.cpp:700)
2026-06-03 02:06:13.401 | info     |           Metal | Device kernel duration perf summary (device=0): count=1, min=49890816ns, avg=49890816.0ns, max=49890816ns (profiler_analysis.cpp:652)
2026-06-03 02:06:13.401 | info     |           Metal | Device kernel duration perf histogram (device=0): (buckets=10, bucket_size=100ns, range=[49890800..49891800), underflow(<49890800ns)=0, overflow(>=49891800ns)=0) (profiler_analysis.cpp:695)
2026-06-03 02:06:13.401 | info     |           Metal |   [    49890800 ..     49890900) |########################################|        1 (profiler_analysis.cpp:700)
2026-06-03 02:06:13.401 | info     |           Metal |   [    49890900 ..     49891000) |                                        |        0 (profiler_analysis.cpp:700)
2026-06-03 02:06:13.401 | info     |           Metal |   [    49891000 ..     49891100) |                                        |        0 (profiler_analysis.cpp:700)
2026-06-03 02:06:13.401 | info     |           Metal |   [    49891100 ..     49891200) |                                        |        0 (profiler_analysis.cpp:700)
2026-06-03 02:06:13.401 | info     |           Metal |   [    49891200 ..     49891300) |                                        |        0 (profiler_analysis.cpp:700)
2026-06-03 02:06:13.401 | info     |           Metal |   [    49891300 ..     49891400) |                                        |        0 (profiler_analysis.cpp:700)
2026-06-03 02:06:13.401 | info     |           Metal |   [    49891400 ..     49891500) |                                        |        0 (profiler_analysis.cpp:700)
2026-06-03 02:06:13.401 | info     |           Metal |   [    49891500 ..     49891600) |                                        |        0 (profiler_analysis.cpp:700)
2026-06-03 02:06:13.401 | info     |           Metal |   [    49891600 ..     49891700) |                                        |        0 (profiler_analysis.cpp:700)
2026-06-03 02:06:13.401 | info     |           Metal |   [    49891700 ..     49891800) |                                        |        0 (profiler_analysis.cpp:700)
[SORT] stage=RP P=402318 P_kept=402318 num_tiles=1024 max_tile_n=2704 bin=8.04 up=0.02 kernel=0.02 d2h=0.00 compact=0.00 publish=0.02 total=8.18ms
[CULL_SPLIT] pipelined (no separate Finish; cull device exec folded under the blend host-setup window; candidates=402318)
[BLEND_SPLIT] upload+exec=0.0 readback=21.3 total=21.3 ms (resident, one Finish)
[BLEND_ADDR] cull_masks=0x12aa1280 out=0x12c7a340(sz=0x600000) tile_ids=0x54d3ec0 xramp=0x12c78340 yramp=0x12c79340 payload=0x0(sz=0x0)
[SORT] stage=RP P=638458 P_kept=638458 num_tiles=1024 max_tile_n=3360 bin=12.15 up=0.02 kernel=0.02 d2h=0.00 compact=0.00 publish=0.02 total=12.29ms
[CULL_SPLIT] pipelined (no separate Finish; cull device exec folded under the blend host-setup window; candidates=638458)
[BLEND_SPLIT] upload+exec=0.0 readback=30.6 total=30.6 ms (resident, one Finish)
[BLEND_ADDR] cull_masks=0x12aa1280 out=0x12c7a340(sz=0x600000) tile_ids=0x54d3ec0 xramp=0x12c78340 yramp=0x12c79340 payload=0x0(sz=0x0)
2026-06-03 02:06:13.490 | info     |           Metal | Device kernel duration perf summary (device=0): count=1, min=66017924ns, avg=66017924.0ns, max=66017924ns (profiler_analysis.cpp:652)
2026-06-03 02:06:13.490 | info     |           Metal | Device kernel duration perf histogram (device=0): (buckets=10, bucket_size=100ns, range=[66017900..66018900), underflow(<66017900ns)=0, overflow(>=66018900ns)=0) (profiler_analysis.cpp:695)
2026-06-03 02:06:13.490 | info     |           Metal |   [    66017900 ..     66018000) |########################################|        1 (profiler_analysis.cpp:700)
2026-06-03 02:06:13.490 | info     |           Metal |   [    66018000 ..     66018100) |                                        |        0 (profiler_analysis.cpp:700)
2026-06-03 02:06:13.490 | info     |           Metal |   [    66018100 ..     66018200) |                                        |        0 (profiler_analysis.cpp:700)
2026-06-03 02:06:13.490 | info     |           Metal |   [    66018200 ..     66018300) |                                        |        0 (profiler_analysis.cpp:700)
2026-06-03 02:06:13.490 | info     |           Metal |   [    66018300 ..     66018400) |                                        |        0 (profiler_analysis.cpp:700)
2026-06-03 02:06:13.490 | info     |           Metal |   [    66018400 ..     66018500) |                                        |        0 (profiler_analysis.cpp:700)
2026-06-03 02:06:13.490 | info     |           Metal |   [    66018500 ..     66018600) |                                        |        0 (profiler_analysis.cpp:700)
2026-06-03 02:06:13.490 | info     |           Metal |   [    66018600 ..     66018700) |                                        |        0 (profiler_analysis.cpp:700)
2026-06-03 02:06:13.490 | info     |           Metal |   [    66018700 ..     66018800) |                                        |        0 (profiler_analysis.cpp:700)
2026-06-03 02:06:13.490 | info     |           Metal |   [    66018800 ..     66018900) |                                        |        0 (profiler_analysis.cpp:700)
[SORT] stage=RP P=486800 P_kept=486800 num_tiles=1024 max_tile_n=3952 bin=10.58 up=0.02 kernel=0.02 d2h=0.00 compact=0.00 publish=0.02 total=10.71ms
[CULL_SPLIT] pipelined (no separate Finish; cull device exec folded under the blend host-setup window; candidates=486800)
2026-06-03 02:06:13.574 | info     |           Metal | Device kernel duration perf summary (device=0): count=1, min=58745222ns, avg=58745222.0ns, max=58745222ns (profiler_analysis.cpp:652)
2026-06-03 02:06:13.574 | info     |           Metal | Device kernel duration perf histogram (device=0): (buckets=10, bucket_size=100ns, range=[58745200..58746200), underflow(<58745200ns)=0, overflow(>=58746200ns)=0) (profiler_analysis.cpp:695)
[BLEND_SPLIT] upload+exec=0.0 readback=26.5 total=26.5 ms (resident, one Finish)
[BLEND_ADDR] cull_masks=0x12aa1280 out=0x12c7a340(sz=0x600000) tile_ids=0x54d3ec0 xramp=0x12c78340 yramp=0x12c79340 payload=0x0(sz=0x0)
2026-06-03 02:06:13.574 | info     |           Metal |   [    58745200 ..     58745300) |########################################|        1 (profiler_analysis.cpp:700)
2026-06-03 02:06:13.574 | info     |           Metal |   [    58745300 ..     58745400) |                                        |        0 (profiler_analysis.cpp:700)
2026-06-03 02:06:13.574 | info     |           Metal |   [    58745400 ..     58745500) |                                        |        0 (profiler_analysis.cpp:700)
2026-06-03 02:06:13.574 | info     |           Metal |   [    58745500 ..     58745600) |                                        |        0 (profiler_analysis.cpp:700)
2026-06-03 02:06:13.574 | info     |           Metal |   [    58745600 ..     58745700) |                                        |        0 (profiler_analysis.cpp:700)
2026-06-03 02:06:13.574 | info     |           Metal |   [    58745700 ..     58745800) |                                        |        0 (profiler_analysis.cpp:700)
2026-06-03 02:06:13.574 | info     |           Metal |   [    58745800 ..     58745900) |                                        |        0 (profiler_analysis.cpp:700)
2026-06-03 02:06:13.574 | info     |           Metal |   [    58745900 ..     58746000) |                                        |        0 (profiler_analysis.cpp:700)
2026-06-03 02:06:13.574 | info     |           Metal |   [    58746000 ..     58746100) |                                        |        0 (profiler_analysis.cpp:700)
2026-06-03 02:06:13.574 | info     |           Metal |   [    58746100 ..     58746200) |                                        |        0 (profiler_analysis.cpp:700)
[SORT] stage=RP P=602411 P_kept=602411 num_tiles=1024 max_tile_n=4432 bin=10.45 up=0.02 kernel=0.02 d2h=0.00 compact=0.00 publish=0.02 total=10.57ms
[CULL_SPLIT] pipelined (no separate Finish; cull device exec folded under the blend host-setup window; candidates=602411)
[BLEND_SPLIT] upload+exec=0.0 readback=29.7 total=29.7 ms (resident, one Finish)
[BLEND_ADDR] cull_masks=0x12aa1280 out=0x12c7a340(sz=0x600000) tile_ids=0x54d3ec0 xramp=0x12c78340 yramp=0x12c79340 payload=0x0(sz=0x0)
2026-06-03 02:06:13.662 | info     |           Metal | Device kernel duration perf summary (device=0): count=1, min=63132015ns, avg=63132015.0ns, max=63132015ns (profiler_analysis.cpp:652)
2026-06-03 02:06:13.662 | info     |           Metal | Device kernel duration perf histogram (device=0): (buckets=10, bucket_size=100ns, range=[63132000..63133000), underflow(<63132000ns)=0, overflow(>=63133000ns)=0) (profiler_analysis.cpp:695)
2026-06-03 02:06:13.662 | info     |           Metal |   [    63132000 ..     63132100) |########################################|        1 (profiler_analysis.cpp:700)
2026-06-03 02:06:13.662 | info     |           Metal |   [    63132100 ..     63132200) |                                        |        0 (profiler_analysis.cpp:700)
2026-06-03 02:06:13.662 | info     |           Metal |   [    63132200 ..     63132300) |                                        |        0 (profiler_analysis.cpp:700)
2026-06-03 02:06:13.662 | info     |           Metal |   [    63132300 ..     63132400) |                                        |        0 (profiler_analysis.cpp:700)
2026-06-03 02:06:13.662 | info     |           Metal |   [    63132400 ..     63132500) |                                        |        0 (profiler_analysis.cpp:700)
2026-06-03 02:06:13.662 | info     |           Metal |   [    63132500 ..     63132600) |                                        |        0 (profiler_analysis.cpp:700)
2026-06-03 02:06:13.662 | info     |           Metal |   [    63132600 ..     63132700) |                                        |        0 (profiler_analysis.cpp:700)
2026-06-03 02:06:13.662 | info     |           Metal |   [    63132700 ..     63132800) |                                        |        0 (profiler_analysis.cpp:700)
2026-06-03 02:06:13.662 | info     |           Metal |   [    63132800 ..     63132900) |                                        |        0 (profiler_analysis.cpp:700)
2026-06-03 02:06:13.662 | info     |           Metal |   [    63132900 ..     63133000) |                                        |        0 (profiler_analysis.cpp:700)
[SORT] stage=RP P=629297 P_kept=629297 num_tiles=1024 max_tile_n=4928 bin=10.40 up=0.02 kernel=0.02 d2h=0.00 compact=0.00 publish=0.02 total=10.53ms
[CULL_SPLIT] pipelined (no separate Finish; cull device exec folded under the blend host-setup window; candidates=629297)
[BLEND_SPLIT] upload+exec=0.0 readback=29.9 total=29.9 ms (resident, one Finish)
[BLEND_ADDR] cull_masks=0x12aa1280 out=0x12c7a340(sz=0x600000) tile_ids=0x54d3ec0 xramp=0x12c78340 yramp=0x12c79340 payload=0x0(sz=0x0)
2026-06-03 02:06:13.750 | info     |           Metal | Device kernel duration perf summary (device=0): count=1, min=64555008ns, avg=64555008.0ns, max=64555008ns (profiler_analysis.cpp:652)
2026-06-03 02:06:13.750 | info     |           Metal | Device kernel duration perf histogram (device=0): (buckets=10, bucket_size=100ns, range=[64555000..64556000), underflow(<64555000ns)=0, overflow(>=64556000ns)=0) (profiler_analysis.cpp:695)
2026-06-03 02:06:13.750 | info     |           Metal |   [    64555000 ..     64555100) |########################################|        1 (profiler_analysis.cpp:700)
2026-06-03 02:06:13.750 | info     |           Metal |   [    64555100 ..     64555200) |                                        |        0 (profiler_analysis.cpp:700)
2026-06-03 02:06:13.750 | info     |           Metal |   [    64555200 ..     64555300) |                                        |        0 (profiler_analysis.cpp:700)
2026-06-03 02:06:13.750 | info     |           Metal |   [    64555300 ..     64555400) |                                        |        0 (profiler_analysis.cpp:700)
2026-06-03 02:06:13.750 | info     |           Metal |   [    64555400 ..     64555500) |                                        |        0 (profiler_analysis.cpp:700)
2026-06-03 02:06:13.750 | info     |           Metal |   [    64555500 ..     64555600) |                                        |        0 (profiler_analysis.cpp:700)
2026-06-03 02:06:13.750 | info     |           Metal |   [    64555600 ..     64555700) |                                        |        0 (profiler_analysis.cpp:700)
2026-06-03 02:06:13.750 | info     |           Metal |   [    64555700 ..     64555800) |                                        |        0 (profiler_analysis.cpp:700)
2026-06-03 02:06:13.750 | info     |           Metal |   [    64555800 ..     64555900) |                                        |        0 (profiler_analysis.cpp:700)
2026-06-03 02:06:13.750 | info     |           Metal |   [    64555900 ..     64556000) |                                        |        0 (profiler_analysis.cpp:700)
[SORT] stage=RP P=574474 P_kept=574474 num_tiles=1024 max_tile_n=4784 bin=11.67 up=0.02 kernel=0.02 d2h=0.00 compact=0.00 publish=0.02 total=11.80ms
[CULL_SPLIT] pipelined (no separate Finish; cull device exec folded under the blend host-setup window; candidates=574474)
[BLEND_SPLIT] upload+exec=0.0 readback=28.2 total=28.2 ms (resident, one Finish)
[BLEND_ADDR] cull_masks=0x12aa1280 out=0x12c7a340(sz=0x600000) tile_ids=0x54d3ec0 xramp=0x12c78340 yramp=0x12c79340 payload=0x0(sz=0x0)
2026-06-03 02:06:13.838 | info     |           Metal | Device kernel duration perf summary (device=0): count=1, min=63111809ns, avg=63111809.0ns, max=63111809ns (profiler_analysis.cpp:652)
2026-06-03 02:06:13.838 | info     |           Metal | Device kernel duration perf histogram (device=0): (buckets=10, bucket_size=100ns, range=[63111800..63112800), underflow(<63111800ns)=0, overflow(>=63112800ns)=0) (profiler_analysis.cpp:695)
2026-06-03 02:06:13.838 | info     |           Metal |   [    63111800 ..     63111900) |########################################|        1 (profiler_analysis.cpp:700)
2026-06-03 02:06:13.838 | info     |           Metal |   [    63111900 ..     63112000) |                                        |        0 (profiler_analysis.cpp:700)
2026-06-03 02:06:13.838 | info     |           Metal |   [    63112000 ..     63112100) |                                        |        0 (profiler_analysis.cpp:700)
2026-06-03 02:06:13.838 | info     |           Metal |   [    63112100 ..     63112200) |                                        |        0 (profiler_analysis.cpp:700)
2026-06-03 02:06:13.838 | info     |           Metal |   [    63112200 ..     63112300) |                                        |        0 (profiler_analysis.cpp:700)
2026-06-03 02:06:13.838 | info     |           Metal |   [    63112300 ..     63112400) |                                        |        0 (profiler_analysis.cpp:700)
2026-06-03 02:06:13.838 | info     |           Metal |   [    63112400 ..     63112500) |                                        |        0 (profiler_analysis.cpp:700)
2026-06-03 02:06:13.838 | info     |           Metal |   [    63112500 ..     63112600) |                                        |        0 (profiler_analysis.cpp:700)
2026-06-03 02:06:13.838 | info     |           Metal |   [    63112600 ..     63112700) |                                        |        0 (profiler_analysis.cpp:700)
2026-06-03 02:06:13.838 | info     |           Metal |   [    63112700 ..     63112800) |                                        |        0 (profiler_analysis.cpp:700)
2026-06-03 02:06:13.922 | info     |           Metal | Device kernel duration perf summary (device=0): count=1, min=59973332ns, avg=59973332.0ns, max=59973332ns (profiler_analysis.cpp:652)
2026-06-03 02:06:13.922 | info     |           Metal | Device kernel duration perf histogram (device=0): (buckets=10, bucket_size=100ns, range=[59973300..59974300), underflow(<59973300ns)=0, overflow(>=59974300ns)=0) (profiler_analysis.cpp:695)
2026-06-03 02:06:13.922 | info     |           Metal |   [    59973300 ..     59973400) |########################################|        1 (profiler_analysis.cpp:700)
2026-06-03 02:06:13.922 | info     |           Metal |   [    59973400 ..     59973500) |                                        |        0 (profiler_analysis.cpp:700)
2026-06-03 02:06:13.922 | info     |           Metal |   [    59973500 ..     59973600) |                                        |        0 (profiler_analysis.cpp:700)
2026-06-03 02:06:13.922 | info     |           Metal |   [    59973600 ..     59973700) |                                        |        0 (profiler_analysis.cpp:700)
2026-06-03 02:06:13.922 | info     |           Metal |   [    59973700 ..     59973800) |                                        |        0 (profiler_analysis.cpp:700)
2026-06-03 02:06:13.922 | info     |           Metal |   [    59973800 ..     59973900) |                                        |        0 (profiler_analysis.cpp:700)
2026-06-03 02:06:13.922 | info     |           Metal |   [    59973900 ..     59974000) |                                        |        0 (profiler_analysis.cpp:700)
2026-06-03 02:06:13.922 | info     |           Metal |   [    59974000 ..     59974100) |                                        |        0 (profiler_analysis.cpp:700)
2026-06-03 02:06:13.922 | info     |           Metal |   [    59974100 ..     59974200) |                                        |        0 (profiler_analysis.cpp:700)
2026-06-03 02:06:13.922 | info     |           Metal |   [    59974200 ..     59974300) |                                        |        0 (profiler_analysis.cpp:700)
[SORT] stage=RP P=508814 P_kept=508814 num_tiles=1024 max_tile_n=4560 bin=10.56 up=0.02 kernel=0.02 d2h=0.00 compact=0.00 publish=0.02 total=10.68ms
[CULL_SPLIT] pipelined (no separate Finish; cull device exec folded under the blend host-setup window; candidates=508814)
[BLEND_SPLIT] upload+exec=0.0 readback=26.3 total=26.3 ms (resident, one Finish)
[BLEND_ADDR] cull_masks=0x12aa1280 out=0x12c7a340(sz=0x600000) tile_ids=0x54d3ec0 xramp=0x12c78340 yramp=0x12c79340 payload=0x0(sz=0x0)
[SORT] stage=RP P=414994 P_kept=414994 num_tiles=1024 max_tile_n=3520 bin=9.38 up=0.02 kernel=0.02 d2h=0.00 compact=0.00 publish=0.02 total=9.52ms
[CULL_SPLIT] pipelined (no separate Finish; cull device exec folded under the blend host-setup window; candidates=414994)
2026-06-03 02:06:14.002 | info     |           Metal | Device kernel duration perf summary (device=0): count=1, min=56281021ns, avg=56281021.0ns, max=56281021ns (profiler_analysis.cpp:652)
2026-06-03 02:06:14.002 | info     |           Metal | Device kernel duration perf histogram (device=0): (buckets=10, bucket_size=100ns, range=[56281000..56282000), underflow(<56281000ns)=0, overflow(>=56282000ns)=0) (profiler_analysis.cpp:695)
2026-06-03 02:06:14.002 | info     |           Metal |   [    56281000 ..     56281100) |########################################|        1 (profiler_analysis.cpp:700)
2026-06-03 02:06:14.002 | info     |           Metal |   [    56281100 ..     56281200) |                                        |        0 (profiler_analysis.cpp:700)
2026-06-03 02:06:14.002 | info     |           Metal |   [    56281200 ..     56281300) |                                        |        0 (profiler_analysis.cpp:700)
2026-06-03 02:06:14.002 | info     |           Metal |   [    56281300 ..     56281400) |                                        |        0 (profiler_analysis.cpp:700)
2026-06-03 02:06:14.002 | info     |           Metal |   [    56281400 ..     56281500) |                                        |        0 (profiler_analysis.cpp:700)
2026-06-03 02:06:14.002 | info     |           Metal |   [    56281500 ..     56281600) |                                        |        0 (profiler_analysis.cpp:700)
2026-06-03 02:06:14.002 | info     |           Metal |   [    56281600 ..     56281700) |                                        |        0 (profiler_analysis.cpp:700)
2026-06-03 02:06:14.002 | info     |           Metal |   [    56281700 ..     56281800) |                                        |        0 (profiler_analysis.cpp:700)
2026-06-03 02:06:14.002 | info     |           Metal |   [    56281800 ..     56281900) |                                        |        0 (profiler_analysis.cpp:700)
2026-06-03 02:06:14.002 | info     |           Metal |   [    56281900 ..     56282000) |                                        |        0 (profiler_analysis.cpp:700)
[BLEND_SPLIT] upload+exec=0.0 readback=23.3 total=23.3 ms (resident, one Finish)
[BLEND_ADDR] cull_masks=0x12aa1280 out=0x12c7a340(sz=0x600000) tile_ids=0x54d3ec0 xramp=0x12c78340 yramp=0x12c79340 payload=0x0(sz=0x0)
[SORT] stage=RP P=245802 P_kept=245802 num_tiles=1024 max_tile_n=2704 bin=7.49 up=0.02 kernel=0.02 d2h=0.00 compact=0.00 publish=0.02 total=7.63ms
[CULL_SPLIT] pipelined (no separate Finish; cull device exec folded under the blend host-setup window; candidates=245802)
[BLEND_SPLIT] upload+exec=0.0 readback=17.7 total=17.7 ms (resident, one Finish)
[BLEND_ADDR] cull_masks=0x12aa1280 out=0x12c7a340(sz=0x600000) tile_ids=0x54d3ec0 xramp=0x12c78340 yramp=0x12c79340 payload=0x0(sz=0x0)
2026-06-03 02:06:14.086 | info     |           Metal | Device kernel duration perf summary (device=0): count=1, min=59543107ns, avg=59543107.0ns, max=59543107ns (profiler_analysis.cpp:652)
2026-06-03 02:06:14.086 | info     |           Metal | Device kernel duration perf histogram (device=0): (buckets=10, bucket_size=100ns, range=[59543100..59544100), underflow(<59543100ns)=0, overflow(>=59544100ns)=0) (profiler_analysis.cpp:695)
2026-06-03 02:06:14.086 | info     |           Metal |   [    59543100 ..     59543200) |########################################|        1 (profiler_analysis.cpp:700)
2026-06-03 02:06:14.086 | info     |           Metal |   [    59543200 ..     59543300) |                                        |        0 (profiler_analysis.cpp:700)
2026-06-03 02:06:14.086 | info     |           Metal |   [    59543300 ..     59543400) |                                        |        0 (profiler_analysis.cpp:700)
2026-06-03 02:06:14.086 | info     |           Metal |   [    59543400 ..     59543500) |                                        |        0 (profiler_analysis.cpp:700)
2026-06-03 02:06:14.086 | info     |           Metal |   [    59543500 ..     59543600) |                                        |        0 (profiler_analysis.cpp:700)
2026-06-03 02:06:14.086 | info     |           Metal |   [    59543600 ..     59543700) |                                        |        0 (profiler_analysis.cpp:700)
2026-06-03 02:06:14.086 | info     |           Metal |   [    59543700 ..     59543800) |                                        |        0 (profiler_analysis.cpp:700)
2026-06-03 02:06:14.086 | info     |           Metal |   [    59543800 ..     59543900) |                                        |        0 (profiler_analysis.cpp:700)
2026-06-03 02:06:14.086 | info     |           Metal |   [    59543900 ..     59544000) |                                        |        0 (profiler_analysis.cpp:700)
2026-06-03 02:06:14.086 | info     |           Metal |   [    59544000 ..     59544100) |                                        |        0 (profiler_analysis.cpp:700)
[SORT] stage=RP P=162380 P_kept=162380 num_tiles=1024 max_tile_n=1744 bin=6.80 up=0.02 kernel=0.03 d2h=0.00 compact=0.00 publish=0.03 total=6.95ms
[CULL_SPLIT] pipelined (no separate Finish; cull device exec folded under the blend host-setup window; candidates=162380)
[BLEND_SPLIT] upload+exec=0.0 readback=11.4 total=11.4 ms (resident, one Finish)
[BLEND_ADDR] cull_masks=0x12aa1280 out=0x12c7a340(sz=0x600000) tile_ids=0x54d3ec0 xramp=0x12c78340 yramp=0x12c79340 payload=0x0(sz=0x0)
2026-06-03 02:06:14.152 | info     |           Metal | Device kernel duration perf summary (device=0): count=1, min=42389664ns, avg=42389664.0ns, max=42389664ns (profiler_analysis.cpp:652)
2026-06-03 02:06:14.152 | info     |           Metal | Device kernel duration perf histogram (device=0): (buckets=10, bucket_size=100ns, range=[42389600..42390600), underflow(<42389600ns)=0, overflow(>=42390600ns)=0) (profiler_analysis.cpp:695)
2026-06-03 02:06:14.152 | info     |           Metal |   [    42389600 ..     42389700) |########################################|        1 (profiler_analysis.cpp:700)
2026-06-03 02:06:14.152 | info     |           Metal |   [    42389700 ..     42389800) |                                        |        0 (profiler_analysis.cpp:700)
2026-06-03 02:06:14.152 | info     |           Metal |   [    42389800 ..     42389900) |                                        |        0 (profiler_analysis.cpp:700)
2026-06-03 02:06:14.152 | info     |           Metal |   [    42389900 ..     42390000) |                                        |        0 (profiler_analysis.cpp:700)
2026-06-03 02:06:14.152 | info     |           Metal |   [    42390000 ..     42390100) |                                        |        0 (profiler_analysis.cpp:700)
2026-06-03 02:06:14.152 | info     |           Metal |   [    42390100 ..     42390200) |                                        |        0 (profiler_analysis.cpp:700)
2026-06-03 02:06:14.152 | info     |           Metal |   [    42390200 ..     42390300) |                                        |        0 (profiler_analysis.cpp:700)
2026-06-03 02:06:14.152 | info     |           Metal |   [    42390300 ..     42390400) |                                        |        0 (profiler_analysis.cpp:700)
2026-06-03 02:06:14.152 | info     |           Metal |   [    42390400 ..     42390500) |                                        |        0 (profiler_analysis.cpp:700)
2026-06-03 02:06:14.152 | info     |           Metal |   [    42390500 ..     42390600) |                                        |        0 (profiler_analysis.cpp:700)
[SORT] stage=RP P=588050 P_kept=588050 num_tiles=1024 max_tile_n=4864 bin=11.34 up=0.02 kernel=0.02 d2h=0.00 compact=0.00 publish=0.02 total=11.48ms
[CULL_SPLIT] pipelined (no separate Finish; cull device exec folded under the blend host-setup window; candidates=588050)
[BLEND_SPLIT] upload+exec=0.0 readback=28.4 total=28.4 ms (resident, one Finish)
[BLEND_ADDR] cull_masks=0x12aa1280 out=0x12c7a340(sz=0x600000) tile_ids=0x54d3ec0 xramp=0x12c78340 yramp=0x12c79340 payload=0x0(sz=0x0)
2026-06-03 02:06:14.253 | info     |           Metal | Device kernel duration perf summary (device=0): count=1, min=75928602ns, avg=75928602.0ns, max=75928602ns (profiler_analysis.cpp:652)
2026-06-03 02:06:14.253 | info     |           Metal | Device kernel duration perf histogram (device=0): (buckets=10, bucket_size=100ns, range=[75928600..75929600), underflow(<75928600ns)=0, overflow(>=75929600ns)=0) (profiler_analysis.cpp:695)
2026-06-03 02:06:14.253 | info     |           Metal |   [    75928600 ..     75928700) |########################################|        1 (profiler_analysis.cpp:700)
2026-06-03 02:06:14.253 | info     |           Metal |   [    75928700 ..     75928800) |                                        |        0 (profiler_analysis.cpp:700)
2026-06-03 02:06:14.253 | info     |           Metal |   [    75928800 ..     75928900) |                                        |        0 (profiler_analysis.cpp:700)
2026-06-03 02:06:14.253 | info     |           Metal |   [    75928900 ..     75929000) |                                        |        0 (profiler_analysis.cpp:700)
2026-06-03 02:06:14.253 | info     |           Metal |   [    75929000 ..     75929100) |                                        |        0 (profiler_analysis.cpp:700)
2026-06-03 02:06:14.253 | info     |           Metal |   [    75929100 ..     75929200) |                                        |        0 (profiler_analysis.cpp:700)
2026-06-03 02:06:14.253 | info     |           Metal |   [    75929200 ..     75929300) |                                        |        0 (profiler_analysis.cpp:700)
2026-06-03 02:06:14.253 | info     |           Metal |   [    75929300 ..     75929400) |                                        |        0 (profiler_analysis.cpp:700)
2026-06-03 02:06:14.253 | info     |           Metal |   [    75929400 ..     75929500) |                                        |        0 (profiler_analysis.cpp:700)
2026-06-03 02:06:14.253 | info     |           Metal |   [    75929500 ..     75929600) |                                        |        0 (profiler_analysis.cpp:700)
[SORT] stage=RP P=854460 P_kept=854460 num_tiles=1024 max_tile_n=5152 bin=12.87 up=0.02 kernel=0.02 d2h=0.00 compact=0.00 publish=0.02 total=13.00ms
[CULL_SPLIT] pipelined (no separate Finish; cull device exec folded under the blend host-setup window; candidates=854460)
[BLEND_SPLIT] upload+exec=0.0 readback=38.1 total=38.1 ms (resident, one Finish)
[BLEND_ADDR] cull_masks=0x12aa1280 out=0x12c7a340(sz=0x600000) tile_ids=0x54d3ec0 xramp=0x12c78340 yramp=0x12c79340 payload=0x0(sz=0x0)
2026-06-03 02:06:14.361 | info     |           Metal | Device kernel duration perf summary (device=0): count=1, min=83433038ns, avg=83433038.0ns, max=83433038ns (profiler_analysis.cpp:652)
2026-06-03 02:06:14.361 | info     |           Metal | Device kernel duration perf histogram (device=0): (buckets=10, bucket_size=100ns, range=[83433000..83434000), underflow(<83433000ns)=0, overflow(>=83434000ns)=0) (profiler_analysis.cpp:695)
2026-06-03 02:06:14.361 | info     |           Metal |   [    83433000 ..     83433100) |########################################|        1 (profiler_analysis.cpp:700)
2026-06-03 02:06:14.361 | info     |           Metal |   [    83433100 ..     83433200) |                                        |        0 (profiler_analysis.cpp:700)
2026-06-03 02:06:14.361 | info     |           Metal |   [    83433200 ..     83433300) |                                        |        0 (profiler_analysis.cpp:700)
2026-06-03 02:06:14.361 | info     |           Metal |   [    83433300 ..     83433400) |                                        |        0 (profiler_analysis.cpp:700)
2026-06-03 02:06:14.361 | info     |           Metal |   [    83433400 ..     83433500) |                                        |        0 (profiler_analysis.cpp:700)
2026-06-03 02:06:14.361 | info     |           Metal |   [    83433500 ..     83433600) |                                        |        0 (profiler_analysis.cpp:700)
2026-06-03 02:06:14.361 | info     |           Metal |   [    83433600 ..     83433700) |                                        |        0 (profiler_analysis.cpp:700)
2026-06-03 02:06:14.361 | info     |           Metal |   [    83433700 ..     83433800) |                                        |        0 (profiler_analysis.cpp:700)
2026-06-03 02:06:14.361 | info     |           Metal |   [    83433800 ..     83433900) |                                        |        0 (profiler_analysis.cpp:700)
2026-06-03 02:06:14.361 | info     |           Metal |   [    83433900 ..     83434000) |                                        |        0 (profiler_analysis.cpp:700)
[SORT] stage=RP P=840033 P_kept=840033 num_tiles=1024 max_tile_n=4704 bin=14.20 up=0.02 kernel=0.02 d2h=0.00 compact=0.00 publish=0.02 total=14.34ms
[CULL_SPLIT] pipelined (no separate Finish; cull device exec folded under the blend host-setup window; candidates=840033)
[BLEND_SPLIT] upload+exec=0.0 readback=37.2 total=37.2 ms (resident, one Finish)
[BLEND_ADDR] cull_masks=0x12aa1280 out=0x12c7a340(sz=0x600000) tile_ids=0x54d3ec0 xramp=0x12c78340 yramp=0x12c79340 payload=0x0(sz=0x0)
2026-06-03 02:06:14.466 | info     |           Metal | Device kernel duration perf summary (device=0): count=1, min=81466715ns, avg=81466715.0ns, max=81466715ns (profiler_analysis.cpp:652)
2026-06-03 02:06:14.466 | info     |           Metal | Device kernel duration perf histogram (device=0): (buckets=10, bucket_size=100ns, range=[81466700..81467700), underflow(<81466700ns)=0, overflow(>=81467700ns)=0) (profiler_analysis.cpp:695)
2026-06-03 02:06:14.466 | info     |           Metal |   [    81466700 ..     81466800) |########################################|        1 (profiler_analysis.cpp:700)
2026-06-03 02:06:14.466 | info     |           Metal |   [    81466800 ..     81466900) |                                        |        0 (profiler_analysis.cpp:700)
2026-06-03 02:06:14.466 | info     |           Metal |   [    81466900 ..     81467000) |                                        |        0 (profiler_analysis.cpp:700)
2026-06-03 02:06:14.466 | info     |           Metal |   [    81467000 ..     81467100) |                                        |        0 (profiler_analysis.cpp:700)
2026-06-03 02:06:14.466 | info     |           Metal |   [    81467100 ..     81467200) |                                        |        0 (profiler_analysis.cpp:700)
2026-06-03 02:06:14.466 | info     |           Metal |   [    81467200 ..     81467300) |                                        |        0 (profiler_analysis.cpp:700)
2026-06-03 02:06:14.466 | info     |           Metal |   [    81467300 ..     81467400) |                                        |        0 (profiler_analysis.cpp:700)
2026-06-03 02:06:14.466 | info     |           Metal |   [    81467400 ..     81467500) |                                        |        0 (profiler_analysis.cpp:700)
2026-06-03 02:06:14.466 | info     |           Metal |   [    81467500 ..     81467600) |                                        |        0 (profiler_analysis.cpp:700)
2026-06-03 02:06:14.466 | info     |           Metal |   [    81467600 ..     81467700) |                                        |        0 (profiler_analysis.cpp:700)
[SORT] stage=RP P=1077452 P_kept=1077452 num_tiles=1024 max_tile_n=5408 bin=15.86 up=0.02 kernel=0.02 d2h=0.00 compact=0.00 publish=0.02 total=16.01ms
[CULL_SPLIT] pipelined (no separate Finish; cull device exec folded under the blend host-setup window; candidates=1077452)
[BLEND_SPLIT] upload+exec=0.0 readback=46.2 total=46.2 ms (resident, one Finish)
[BLEND_ADDR] cull_masks=0x12aa1280 out=0x12c7a340(sz=0x600000) tile_ids=0x54d3ec0 xramp=0x12c78340 yramp=0x12c79340 payload=0x0(sz=0x0)
2026-06-03 02:06:14.593 | info     |           Metal | Device kernel duration perf summary (device=0): count=1, min=102738737ns, avg=102738737.0ns, max=102738737ns (profiler_analysis.cpp:652)
2026-06-03 02:06:14.593 | info     |           Metal | Device kernel duration perf histogram (device=0): (buckets=10, bucket_size=100ns, range=[102738700..102739700), underflow(<102738700ns)=0, overflow(>=102739700ns)=0) (profiler_analysis.cpp:695)
2026-06-03 02:06:14.593 | info     |           Metal |   [   102738700 ..    102738800) |########################################|        1 (profiler_analysis.cpp:700)
2026-06-03 02:06:14.593 | info     |           Metal |   [   102738800 ..    102738900) |                                        |        0 (profiler_analysis.cpp:700)
2026-06-03 02:06:14.593 | info     |           Metal |   [   102738900 ..    102739000) |                                        |        0 (profiler_analysis.cpp:700)
2026-06-03 02:06:14.593 | info     |           Metal |   [   102739000 ..    102739100) |                                        |        0 (profiler_analysis.cpp:700)
2026-06-03 02:06:14.593 | info     |           Metal |   [   102739100 ..    102739200) |                                        |        0 (profiler_analysis.cpp:700)
2026-06-03 02:06:14.593 | info     |           Metal |   [   102739200 ..    102739300) |                                        |        0 (profiler_analysis.cpp:700)
2026-06-03 02:06:14.593 | info     |           Metal |   [   102739300 ..    102739400) |                                        |        0 (profiler_analysis.cpp:700)
2026-06-03 02:06:14.593 | info     |           Metal |   [   102739400 ..    102739500) |                                        |        0 (profiler_analysis.cpp:700)
2026-06-03 02:06:14.593 | info     |           Metal |   [   102739500 ..    102739600) |                                        |        0 (profiler_analysis.cpp:700)
2026-06-03 02:06:14.593 | info     |           Metal |   [   102739600 ..    102739700) |                                        |        0 (profiler_analysis.cpp:700)
[SORT] stage=RP P=1175882 P_kept=1175882 num_tiles=1024 max_tile_n=5312 bin=17.48 up=0.02 kernel=0.02 d2h=0.00 compact=0.00 publish=0.02 total=17.61ms
[CULL_SPLIT] pipelined (no separate Finish; cull device exec folded under the blend host-setup window; candidates=1175882)
2026-06-03 02:06:14.721 | info     |           Metal | Device kernel duration perf summary (device=0): count=1, min=103819445ns, avg=103819445.0ns, max=103819445ns (profiler_analysis.cpp:652)
2026-06-03 02:06:14.721 | info     |           Metal | Device kernel duration perf histogram (device=0): (buckets=10, bucket_size=100ns, range=[103819400..103820400), underflow(<103819400ns)=0, overflow(>=103820400ns)=0) (profiler_analysis.cpp:695)
2026-06-03 02:06:14.721 | info     |           Metal |   [   103819400 ..    103819500) |########################################|        1 (profiler_analysis.cpp:700)
2026-06-03 02:06:14.721 | info     |           Metal |   [   103819500 ..    103819600) |                                        |        0 (profiler_analysis.cpp:700)
2026-06-03 02:06:14.721 | info     |           Metal |   [   103819600 ..    103819700) |                                        |        0 (profiler_analysis.cpp:700)
2026-06-03 02:06:14.721 | info     |           Metal |   [   103819700 ..    103819800) |                                        |        0 (profiler_analysis.cpp:700)
2026-06-03 02:06:14.721 | info     |           Metal |   [   103819800 ..    103819900) |                                        |        0 (profiler_analysis.cpp:700)
2026-06-03 02:06:14.721 | info     |           Metal |   [   103819900 ..    103820000) |                                        |        0 (profiler_analysis.cpp:700)
2026-06-03 02:06:14.721 | info     |           Metal |   [   103820000 ..    103820100) |                                        |        0 (profiler_analysis.cpp:700)
2026-06-03 02:06:14.721 | info     |           Metal |   [   103820100 ..    103820200) |                                        |        0 (profiler_analysis.cpp:700)
2026-06-03 02:06:14.721 | info     |           Metal |   [   103820200 ..    103820300) |                                        |        0 (profiler_analysis.cpp:700)
2026-06-03 02:06:14.721 | info     |           Metal |   [   103820300 ..    103820400) |                                        |        0 (profiler_analysis.cpp:700)
[BLEND_SPLIT] upload+exec=0.0 readback=49.5 total=49.5 ms (resident, one Finish)
[BLEND_ADDR] cull_masks=0x12aa1280 out=0x12c7a340(sz=0x600000) tile_ids=0x54d3ec0 xramp=0x12c78340 yramp=0x12c79340 payload=0x0(sz=0x0)
[SORT] stage=RP P=662931 P_kept=662931 num_tiles=1024 max_tile_n=5184 bin=12.17 up=0.02 kernel=0.02 d2h=0.00 compact=0.00 publish=0.02 total=12.30ms
[CULL_SPLIT] pipelined (no separate Finish; cull device exec folded under the blend host-setup window; candidates=662931)
2026-06-03 02:06:14.819 | info     |           Metal | Device kernel duration perf summary (device=0): count=1, min=73673951ns, avg=73673951.0ns, max=73673951ns (profiler_analysis.cpp:652)
2026-06-03 02:06:14.819 | info     |           Metal | Device kernel duration perf histogram (device=0): (buckets=10, bucket_size=100ns, range=[73673900..73674900), underflow(<73673900ns)=0, overflow(>=73674900ns)=0) (profiler_analysis.cpp:695)
2026-06-03 02:06:14.819 | info     |           Metal |   [    73673900 ..     73674000) |########################################|        1 (profiler_analysis.cpp:700)
2026-06-03 02:06:14.819 | info     |           Metal |   [    73674000 ..     73674100) |                                        |        0 (profiler_analysis.cpp:700)
2026-06-03 02:06:14.819 | info     |           Metal |   [    73674100 ..     73674200) |                                        |        0 (profiler_analysis.cpp:700)
2026-06-03 02:06:14.819 | info     |           Metal |   [    73674200 ..     73674300) |                                        |        0 (profiler_analysis.cpp:700)
2026-06-03 02:06:14.819 | info     |           Metal |   [    73674300 ..     73674400) |                                        |        0 (profiler_analysis.cpp:700)
2026-06-03 02:06:14.819 | info     |           Metal |   [    73674400 ..     73674500) |                                        |        0 (profiler_analysis.cpp:700)
2026-06-03 02:06:14.819 | info     |           Metal |   [    73674500 ..     73674600) |                                        |        0 (profiler_analysis.cpp:700)
2026-06-03 02:06:14.819 | info     |           Metal |   [    73674600 ..     73674700) |                                        |        0 (profiler_analysis.cpp:700)
2026-06-03 02:06:14.819 | info     |           Metal |   [    73674700 ..     73674800) |                                        |        0 (profiler_analysis.cpp:700)
2026-06-03 02:06:14.819 | info     |           Metal |   [    73674800 ..     73674900) |                                        |        0 (profiler_analysis.cpp:700)
[BLEND_SPLIT] upload+exec=0.0 readback=32.3 total=32.3 ms (resident, one Finish)
[BLEND_ADDR] cull_masks=0x12aa1280 out=0x12c7a340(sz=0x600000) tile_ids=0x54d3ec0 xramp=0x12c78340 yramp=0x12c79340 payload=0x0(sz=0x0)
[SORT] stage=RP P=1298085 P_kept=1298085 num_tiles=1024 max_tile_n=18608 bin=17.88 up=0.03 kernel=0.02 d2h=0.00 compact=0.00 publish=0.02 total=18.02ms
[CULL_SPLIT] pipelined (no separate Finish; cull device exec folded under the blend host-setup window; candidates=1298085)
[BLEND_SPLIT] upload+exec=0.0 readback=110.6 total=110.6 ms (resident, one Finish)
[BLEND_ADDR] cull_masks=0x12aa1280 out=0x12c7a340(sz=0x600000) tile_ids=0x54d3ec0 xramp=0x12c78340 yramp=0x12c79340 payload=0x0(sz=0x0)
2026-06-03 02:06:15.015 | info     |           Metal | Device kernel duration perf summary (device=0): count=1, min=172430856ns, avg=172430856.0ns, max=172430856ns (profiler_analysis.cpp:652)
2026-06-03 02:06:15.015 | info     |           Metal | Device kernel duration perf histogram (device=0): (buckets=10, bucket_size=100ns, range=[172430800..172431800), underflow(<172430800ns)=0, overflow(>=172431800ns)=0) (profiler_analysis.cpp:695)
2026-06-03 02:06:15.015 | info     |           Metal |   [   172430800 ..    172430900) |########################################|        1 (profiler_analysis.cpp:700)
2026-06-03 02:06:15.015 | info     |           Metal |   [   172430900 ..    172431000) |                                        |        0 (profiler_analysis.cpp:700)
2026-06-03 02:06:15.015 | info     |           Metal |   [   172431000 ..    172431100) |                                        |        0 (profiler_analysis.cpp:700)
2026-06-03 02:06:15.015 | info     |           Metal |   [   172431100 ..    172431200) |                                        |        0 (profiler_analysis.cpp:700)
2026-06-03 02:06:15.015 | info     |           Metal |   [   172431200 ..    172431300) |                                        |        0 (profiler_analysis.cpp:700)
2026-06-03 02:06:15.015 | info     |           Metal |   [   172431300 ..    172431400) |                                        |        0 (profiler_analysis.cpp:700)
2026-06-03 02:06:15.015 | info     |           Metal |   [   172431400 ..    172431500) |                                        |        0 (profiler_analysis.cpp:700)
2026-06-03 02:06:15.015 | info     |           Metal |   [   172431500 ..    172431600) |                                        |        0 (profiler_analysis.cpp:700)
2026-06-03 02:06:15.015 | info     |           Metal |   [   172431600 ..    172431700) |                                        |        0 (profiler_analysis.cpp:700)
2026-06-03 02:06:15.015 | info     |           Metal |   [   172431700 ..    172431800) |                                        |        0 (profiler_analysis.cpp:700)
[SORT] stage=RP P=262468 P_kept=262468 num_tiles=1024 max_tile_n=4464 bin=7.25 up=0.02 kernel=0.02 d2h=0.00 compact=0.00 publish=0.02 total=7.37ms
[CULL_SPLIT] pipelined (no separate Finish; cull device exec folded under the blend host-setup window; candidates=262468)
2026-06-03 02:06:15.098 | info     |           Metal | Device kernel duration perf summary (device=0): count=1, min=59155163ns, avg=59155163.0ns, max=59155163ns (profiler_analysis.cpp:652)
2026-06-03 02:06:15.098 | info     |           Metal | Device kernel duration perf histogram (device=0): (buckets=10, bucket_size=100ns, range=[59155100..59156100), underflow(<59155100ns)=0, overflow(>=59156100ns)=0) (profiler_analysis.cpp:695)
2026-06-03 02:06:15.098 | info     |           Metal |   [    59155100 ..     59155200) |########################################|        1 (profiler_analysis.cpp:700)
2026-06-03 02:06:15.098 | info     |           Metal |   [    59155200 ..     59155300) |                                        |        0 (profiler_analysis.cpp:700)
2026-06-03 02:06:15.098 | info     |           Metal |   [    59155300 ..     59155400) |                                        |        0 (profiler_analysis.cpp:700)
2026-06-03 02:06:15.098 | info     |           Metal |   [    59155400 ..     59155500) |                                        |        0 (profiler_analysis.cpp:700)
2026-06-03 02:06:15.098 | info     |           Metal |   [    59155500 ..     59155600) |                                        |        0 (profiler_analysis.cpp:700)
2026-06-03 02:06:15.098 | info     |           Metal |   [    59155600 ..     59155700) |                                        |        0 (profiler_analysis.cpp:700)
2026-06-03 02:06:15.098 | info     |           Metal |   [    59155700 ..     59155800) |                                        |        0 (profiler_analysis.cpp:700)
2026-06-03 02:06:15.098 | info     |           Metal |   [    59155800 ..     59155900) |                                        |        0 (profiler_analysis.cpp:700)
2026-06-03 02:06:15.098 | info     |           Metal |   [    59155900 ..     59156000) |                                        |        0 (profiler_analysis.cpp:700)
2026-06-03 02:06:15.098 | info     |           Metal |   [    59156000 ..     59156100) |                                        |        0 (profiler_analysis.cpp:700)
[BLEND_SPLIT] upload+exec=0.0 readback=22.5 total=22.5 ms (resident, one Finish)
[BLEND_ADDR] cull_masks=0x12aa1280 out=0x12c7a340(sz=0x600000) tile_ids=0x54d3ec0 xramp=0x12c78340 yramp=0x12c79340 payload=0x0(sz=0x0)
2026-06-03 02:06:15.153 | info     |           Metal | Device kernel duration perf summary (device=0): count=1, min=32096748ns, avg=32096748.0ns, max=32096748ns (profiler_analysis.cpp:652)
2026-06-03 02:06:15.153 | info     |           Metal | Device kernel duration perf histogram (device=0): (buckets=10, bucket_size=100ns, range=[32096700..32097700), underflow(<32096700ns)=0, overflow(>=32097700ns)=0) (profiler_analysis.cpp:695)
2026-06-03 02:06:15.153 | info     |           Metal |   [    32096700 ..     32096800) |########################################|        1 (profiler_analysis.cpp:700)
2026-06-03 02:06:15.153 | info     |           Metal |   [    32096800 ..     32096900) |                                        |        0 (profiler_analysis.cpp:700)
2026-06-03 02:06:15.153 | info     |           Metal |   [    32096900 ..     32097000) |                                        |        0 (profiler_analysis.cpp:700)
2026-06-03 02:06:15.153 | info     |           Metal |   [    32097000 ..     32097100) |                                        |        0 (profiler_analysis.cpp:700)
2026-06-03 02:06:15.153 | info     |           Metal |   [    32097100 ..     32097200) |                                        |        0 (profiler_analysis.cpp:700)
2026-06-03 02:06:15.153 | info     |           Metal |   [    32097200 ..     32097300) |                                        |        0 (profiler_analysis.cpp:700)
2026-06-03 02:06:15.153 | info     |           Metal |   [    32097300 ..     32097400) |                                        |        0 (profiler_analysis.cpp:700)
2026-06-03 02:06:15.153 | info     |           Metal |   [    32097400 ..     32097500) |                                        |        0 (profiler_analysis.cpp:700)
2026-06-03 02:06:15.153 | info     |           Metal |   [    32097500 ..     32097600) |                                        |        0 (profiler_analysis.cpp:700)
2026-06-03 02:06:15.153 | info     |           Metal |   [    32097600 ..     32097700) |                                        |        0 (profiler_analysis.cpp:700)
[SORT] stage=RP P=107247 P_kept=107247 num_tiles=1024 max_tile_n=1664 bin=4.41 up=0.02 kernel=0.02 d2h=0.00 compact=0.00 publish=0.02 total=4.54ms
[CULL_SPLIT] pipelined (no separate Finish; cull device exec folded under the blend host-setup window; candidates=107247)
[BLEND_SPLIT] upload+exec=0.0 readback=8.7 total=8.7 ms (resident, one Finish)
[BLEND_ADDR] cull_masks=0x12aa1280 out=0x12c7a340(sz=0x600000) tile_ids=0x54d3ec0 xramp=0x12c78340 yramp=0x12c79340 payload=0x0(sz=0x0)
[SORT] stage=RP P=742945 P_kept=742945 num_tiles=1024 max_tile_n=4720 bin=13.04 up=0.16 kernel=0.02 d2h=0.00 compact=0.00 publish=0.02 total=13.30ms
[CULL_SPLIT] pipelined (no separate Finish; cull device exec folded under the blend host-setup window; candidates=742945)
2026-06-03 02:06:15.258 | info     |           Metal | Device kernel duration perf summary (device=0): count=1, min=79821004ns, avg=79821004.0ns, max=79821004ns (profiler_analysis.cpp:652)
2026-06-03 02:06:15.258 | info     |           Metal | Device kernel duration perf histogram (device=0): (buckets=10, bucket_size=100ns, range=[79821000..79822000), underflow(<79821000ns)=0, overflow(>=79822000ns)=0) (profiler_analysis.cpp:695)
2026-06-03 02:06:15.258 | info     |           Metal |   [    79821000 ..     79821100) |########################################|        1 (profiler_analysis.cpp:700)
2026-06-03 02:06:15.258 | info     |           Metal |   [    79821100 ..     79821200) |                                        |        0 (profiler_analysis.cpp:700)
2026-06-03 02:06:15.258 | info     |           Metal |   [    79821200 ..     79821300) |                                        |        0 (profiler_analysis.cpp:700)
2026-06-03 02:06:15.258 | info     |           Metal |   [    79821300 ..     79821400) |                                        |        0 (profiler_analysis.cpp:700)
2026-06-03 02:06:15.258 | info     |           Metal |   [    79821400 ..     79821500) |                                        |        0 (profiler_analysis.cpp:700)
2026-06-03 02:06:15.258 | info     |           Metal |   [    79821500 ..     79821600) |                                        |        0 (profiler_analysis.cpp:700)
2026-06-03 02:06:15.258 | info     |           Metal |   [    79821600 ..     79821700) |                                        |        0 (profiler_analysis.cpp:700)
2026-06-03 02:06:15.258 | info     |           Metal |   [    79821700 ..     79821800) |                                        |        0 (profiler_analysis.cpp:700)
2026-06-03 02:06:15.258 | info     |           Metal |   [    79821800 ..     79821900) |                                        |        0 (profiler_analysis.cpp:700)
2026-06-03 02:06:15.258 | info     |           Metal |   [    79821900 ..     79822000) |                                        |        0 (profiler_analysis.cpp:700)
[BLEND_SPLIT] upload+exec=0.0 readback=34.3 total=34.3 ms (resident, one Finish)
[BLEND_ADDR] cull_masks=0x12aa1280 out=0x12c7a340(sz=0x600000) tile_ids=0x54d3ec0 xramp=0x12c78340 yramp=0x12c79340 payload=0x0(sz=0x0)
2026-06-03 02:06:15.843 | info     |           Metal | Device kernel duration perf summary (device=0): count=1, min=362464386ns, avg=362464386.0ns, max=362464386ns (profiler_analysis.cpp:652)
2026-06-03 02:06:15.843 | info     |           Metal | Device kernel duration perf histogram (device=0): (buckets=10, bucket_size=100ns, range=[362464300..362465300), underflow(<362464300ns)=0, overflow(>=362465300ns)=0) (profiler_analysis.cpp:695)
2026-06-03 02:06:15.843 | info     |           Metal |   [   362464300 ..    362464400) |########################################|        1 (profiler_analysis.cpp:700)
2026-06-03 02:06:15.843 | info     |           Metal |   [   362464400 ..    362464500) |                                        |        0 (profiler_analysis.cpp:700)
2026-06-03 02:06:15.843 | info     |           Metal |   [   362464500 ..    362464600) |                                        |        0 (profiler_analysis.cpp:700)
2026-06-03 02:06:15.843 | info     |           Metal |   [   362464600 ..    362464700) |                                        |        0 (profiler_analysis.cpp:700)
2026-06-03 02:06:15.843 | info     |           Metal |   [   362464700 ..    362464800) |                                        |        0 (profiler_analysis.cpp:700)
2026-06-03 02:06:15.843 | info     |           Metal |   [   362464800 ..    362464900) |                                        |        0 (profiler_analysis.cpp:700)
2026-06-03 02:06:15.843 | info     |           Metal |   [   362464900 ..    362465000) |                                        |        0 (profiler_analysis.cpp:700)
2026-06-03 02:06:15.843 | info     |           Metal |   [   362465000 ..    362465100) |                                        |        0 (profiler_analysis.cpp:700)
2026-06-03 02:06:15.843 | info     |           Metal |   [   362465100 ..    362465200) |                                        |        0 (profiler_analysis.cpp:700)
2026-06-03 02:06:15.843 | info     |           Metal |   [   362465200 ..    362465300) |                                        |        0 (profiler_analysis.cpp:700)
[SORT] stage=RP P=3369033 P_kept=3369033 num_tiles=1024 max_tile_n=26496 bin=42.15 up=0.02 kernel=0.02 d2h=7.15 compact=0.00 publish=0.03 total=60.46ms
[SORT] stage=RP P=3369033 P_kept=3369033 num_tiles=1024 max_tile_n=26496 bin=42.52 up=0.02 kernel=0.03 d2h=7.13 compact=0.00 publish=0.03 total=60.76ms
2026-06-03 02:06:16.351 | info     |           Metal | Device kernel duration perf summary (device=0): count=1, min=366733100ns, avg=366733100.0ns, max=366733100ns (profiler_analysis.cpp:652)
2026-06-03 02:06:16.351 | info     |           Metal | Device kernel duration perf histogram (device=0): (buckets=10, bucket_size=100ns, range=[366733100..366734100), underflow(<366733100ns)=0, overflow(>=366734100ns)=0) (profiler_analysis.cpp:695)
2026-06-03 02:06:16.351 | info     |           Metal |   [   366733100 ..    366733200) |########################################|        1 (profiler_analysis.cpp:700)
2026-06-03 02:06:16.351 | info     |           Metal |   [   366733200 ..    366733300) |                                        |        0 (profiler_analysis.cpp:700)
2026-06-03 02:06:16.351 | info     |           Metal |   [   366733300 ..    366733400) |                                        |        0 (profiler_analysis.cpp:700)
2026-06-03 02:06:16.351 | info     |           Metal |   [   366733400 ..    366733500) |                                        |        0 (profiler_analysis.cpp:700)
2026-06-03 02:06:16.351 | info     |           Metal |   [   366733500 ..    366733600) |                                        |        0 (profiler_analysis.cpp:700)
2026-06-03 02:06:16.351 | info     |           Metal |   [   366733600 ..    366733700) |                                        |        0 (profiler_analysis.cpp:700)
2026-06-03 02:06:16.351 | info     |           Metal |   [   366733700 ..    366733800) |                                        |        0 (profiler_analysis.cpp:700)
2026-06-03 02:06:16.351 | info     |           Metal |   [   366733800 ..    366733900) |                                        |        0 (profiler_analysis.cpp:700)
2026-06-03 02:06:16.351 | info     |           Metal |   [   366733900 ..    366734000) |                                        |        0 (profiler_analysis.cpp:700)
2026-06-03 02:06:16.351 | info     |           Metal |   [   366734000 ..    366734100) |                                        |        0 (profiler_analysis.cpp:700)
[SORT] stage=RP P=2774729 P_kept=2774729 num_tiles=1024 max_tile_n=25136 bin=34.99 up=0.02 kernel=0.08 d2h=7.30 compact=0.00 publish=0.04 total=52.94ms
2026-06-03 02:06:16.831 | info     |           Metal | Device kernel duration perf summary (device=0): count=1, min=345765919ns, avg=345765919.0ns, max=345765919ns (profiler_analysis.cpp:652)
2026-06-03 02:06:16.831 | info     |           Metal | Device kernel duration perf histogram (device=0): (buckets=10, bucket_size=100ns, range=[345765900..345766900), underflow(<345765900ns)=0, overflow(>=345766900ns)=0) (profiler_analysis.cpp:695)
2026-06-03 02:06:16.831 | info     |           Metal |   [   345765900 ..    345766000) |########################################|        1 (profiler_analysis.cpp:700)
2026-06-03 02:06:16.831 | info     |           Metal |   [   345766000 ..    345766100) |                                        |        0 (profiler_analysis.cpp:700)
2026-06-03 02:06:16.831 | info     |           Metal |   [   345766100 ..    345766200) |                                        |        0 (profiler_analysis.cpp:700)
2026-06-03 02:06:16.831 | info     |           Metal |   [   345766200 ..    345766300) |                                        |        0 (profiler_analysis.cpp:700)
2026-06-03 02:06:16.831 | info     |           Metal |   [   345766300 ..    345766400) |                                        |        0 (profiler_analysis.cpp:700)
2026-06-03 02:06:16.831 | info     |           Metal |   [   345766400 ..    345766500) |                                        |        0 (profiler_analysis.cpp:700)
2026-06-03 02:06:16.831 | info     |           Metal |   [   345766500 ..    345766600) |                                        |        0 (profiler_analysis.cpp:700)
2026-06-03 02:06:16.831 | info     |           Metal |   [   345766600 ..    345766700) |                                        |        0 (profiler_analysis.cpp:700)
2026-06-03 02:06:16.831 | info     |           Metal |   [   345766700 ..    345766800) |                                        |        0 (profiler_analysis.cpp:700)
2026-06-03 02:06:16.831 | info     |           Metal |   [   345766800 ..    345766900) |                                        |        0 (profiler_analysis.cpp:700)
[SORT] stage=RP P=3235251 P_kept=3235251 num_tiles=1024 max_tile_n=22592 bin=40.92 up=0.02 kernel=0.02 d2h=7.13 compact=0.00 publish=0.02 total=58.75ms
2026-06-03 02:06:17.334 | info     |           Metal | Device kernel duration perf summary (device=0): count=1, min=361353673ns, avg=361353673.0ns, max=361353673ns (profiler_analysis.cpp:652)
2026-06-03 02:06:17.334 | info     |           Metal | Device kernel duration perf histogram (device=0): (buckets=10, bucket_size=100ns, range=[361353600..361354600), underflow(<361353600ns)=0, overflow(>=361354600ns)=0) (profiler_analysis.cpp:695)
2026-06-03 02:06:17.335 | info     |           Metal |   [   361353600 ..    361353700) |########################################|        1 (profiler_analysis.cpp:700)
2026-06-03 02:06:17.335 | info     |           Metal |   [   361353700 ..    361353800) |                                        |        0 (profiler_analysis.cpp:700)
2026-06-03 02:06:17.335 | info     |           Metal |   [   361353800 ..    361353900) |                                        |        0 (profiler_analysis.cpp:700)
2026-06-03 02:06:17.335 | info     |           Metal |   [   361353900 ..    361354000) |                                        |        0 (profiler_analysis.cpp:700)
2026-06-03 02:06:17.335 | info     |           Metal |   [   361354000 ..    361354100) |                                        |        0 (profiler_analysis.cpp:700)
2026-06-03 02:06:17.335 | info     |           Metal |   [   361354100 ..    361354200) |                                        |        0 (profiler_analysis.cpp:700)
2026-06-03 02:06:17.335 | info     |           Metal |   [   361354200 ..    361354300) |                                        |        0 (profiler_analysis.cpp:700)
2026-06-03 02:06:17.335 | info     |           Metal |   [   361354300 ..    361354400) |                                        |        0 (profiler_analysis.cpp:700)
2026-06-03 02:06:17.335 | info     |           Metal |   [   361354400 ..    361354500) |                                        |        0 (profiler_analysis.cpp:700)
2026-06-03 02:06:17.335 | info     |           Metal |   [   361354500 ..    361354600) |                                        |        0 (profiler_analysis.cpp:700)
[SORT] stage=RP P=1753355 P_kept=1753355 num_tiles=1024 max_tile_n=21360 bin=24.31 up=0.02 kernel=0.03 d2h=7.38 compact=0.00 publish=0.03 total=39.21ms
2026-06-03 02:06:17.750 | info     |           Metal | Device kernel duration perf summary (device=0): count=1, min=310024850ns, avg=310024850.0ns, max=310024850ns (profiler_analysis.cpp:652)
2026-06-03 02:06:17.750 | info     |           Metal | Device kernel duration perf histogram (device=0): (buckets=10, bucket_size=100ns, range=[310024800..310025800), underflow(<310024800ns)=0, overflow(>=310025800ns)=0) (profiler_analysis.cpp:695)
2026-06-03 02:06:17.750 | info     |           Metal |   [   310024800 ..    310024900) |########################################|        1 (profiler_analysis.cpp:700)
2026-06-03 02:06:17.750 | info     |           Metal |   [   310024900 ..    310025000) |                                        |        0 (profiler_analysis.cpp:700)
2026-06-03 02:06:17.750 | info     |           Metal |   [   310025000 ..    310025100) |                                        |        0 (profiler_analysis.cpp:700)
2026-06-03 02:06:17.750 | info     |           Metal |   [   310025100 ..    310025200) |                                        |        0 (profiler_analysis.cpp:700)
2026-06-03 02:06:17.750 | info     |           Metal |   [   310025200 ..    310025300) |                                        |        0 (profiler_analysis.cpp:700)
2026-06-03 02:06:17.750 | info     |           Metal |   [   310025300 ..    310025400) |                                        |        0 (profiler_analysis.cpp:700)
2026-06-03 02:06:17.750 | info     |           Metal |   [   310025400 ..    310025500) |                                        |        0 (profiler_analysis.cpp:700)
2026-06-03 02:06:17.750 | info     |           Metal |   [   310025500 ..    310025600) |                                        |        0 (profiler_analysis.cpp:700)
2026-06-03 02:06:17.750 | info     |           Metal |   [   310025600 ..    310025700) |                                        |        0 (profiler_analysis.cpp:700)
2026-06-03 02:06:17.750 | info     |           Metal |   [   310025700 ..    310025800) |                                        |        0 (profiler_analysis.cpp:700)
[SORT] stage=RP P=934247 P_kept=934247 num_tiles=1024 max_tile_n=5248 bin=13.51 up=0.02 kernel=0.02 d2h=7.15 compact=0.00 publish=0.02 total=24.98ms
2026-06-03 02:06:18.095 | info     |           Metal | Device kernel duration perf summary (device=0): count=1, min=278697249ns, avg=278697249.0ns, max=278697249ns (profiler_analysis.cpp:652)
2026-06-03 02:06:18.095 | info     |           Metal | Device kernel duration perf histogram (device=0): (buckets=10, bucket_size=100ns, range=[278697200..278698200), underflow(<278697200ns)=0, overflow(>=278698200ns)=0) (profiler_analysis.cpp:695)
2026-06-03 02:06:18.095 | info     |           Metal |   [   278697200 ..    278697300) |########################################|        1 (profiler_analysis.cpp:700)
2026-06-03 02:06:18.095 | info     |           Metal |   [   278697300 ..    278697400) |                                        |        0 (profiler_analysis.cpp:700)
2026-06-03 02:06:18.095 | info     |           Metal |   [   278697400 ..    278697500) |                                        |        0 (profiler_analysis.cpp:700)
2026-06-03 02:06:18.095 | info     |           Metal |   [   278697500 ..    278697600) |                                        |        0 (profiler_analysis.cpp:700)
2026-06-03 02:06:18.095 | info     |           Metal |   [   278697600 ..    278697700) |                                        |        0 (profiler_analysis.cpp:700)
2026-06-03 02:06:18.095 | info     |           Metal |   [   278697700 ..    278697800) |                                        |        0 (profiler_analysis.cpp:700)
2026-06-03 02:06:18.095 | info     |           Metal |   [   278697800 ..    278697900) |                                        |        0 (profiler_analysis.cpp:700)
2026-06-03 02:06:18.095 | info     |           Metal |   [   278697900 ..    278698000) |                                        |        0 (profiler_analysis.cpp:700)
2026-06-03 02:06:18.095 | info     |           Metal |   [   278698000 ..    278698100) |                                        |        0 (profiler_analysis.cpp:700)
2026-06-03 02:06:18.095 | info     |           Metal |   [   278698100 ..    278698200) |                                        |        0 (profiler_analysis.cpp:700)
[SORT] stage=RP P=1124461 P_kept=1124461 num_tiles=1024 max_tile_n=6544 bin=15.49 up=0.02 kernel=0.02 d2h=7.13 compact=0.00 publish=0.02 total=27.33ms
2026-06-03 02:06:18.452 | info     |           Metal | Device kernel duration perf summary (device=0): count=1, min=286430660ns, avg=286430660.0ns, max=286430660ns (profiler_analysis.cpp:652)
2026-06-03 02:06:18.452 | info     |           Metal | Device kernel duration perf histogram (device=0): (buckets=10, bucket_size=100ns, range=[286430600..286431600), underflow(<286430600ns)=0, overflow(>=286431600ns)=0) (profiler_analysis.cpp:695)
2026-06-03 02:06:18.452 | info     |           Metal |   [   286430600 ..    286430700) |########################################|        1 (profiler_analysis.cpp:700)
2026-06-03 02:06:18.452 | info     |           Metal |   [   286430700 ..    286430800) |                                        |        0 (profiler_analysis.cpp:700)
2026-06-03 02:06:18.452 | info     |           Metal |   [   286430800 ..    286430900) |                                        |        0 (profiler_analysis.cpp:700)
2026-06-03 02:06:18.452 | info     |           Metal |   [   286430900 ..    286431000) |                                        |        0 (profiler_analysis.cpp:700)
2026-06-03 02:06:18.452 | info     |           Metal |   [   286431000 ..    286431100) |                                        |        0 (profiler_analysis.cpp:700)
2026-06-03 02:06:18.452 | info     |           Metal |   [   286431100 ..    286431200) |                                        |        0 (profiler_analysis.cpp:700)
2026-06-03 02:06:18.452 | info     |           Metal |   [   286431200 ..    286431300) |                                        |        0 (profiler_analysis.cpp:700)
2026-06-03 02:06:18.452 | info     |           Metal |   [   286431300 ..    286431400) |                                        |        0 (profiler_analysis.cpp:700)
2026-06-03 02:06:18.452 | info     |           Metal |   [   286431400 ..    286431500) |                                        |        0 (profiler_analysis.cpp:700)
2026-06-03 02:06:18.452 | info     |           Metal |   [   286431500 ..    286431600) |                                        |        0 (profiler_analysis.cpp:700)
[SORT] stage=RP P=835298 P_kept=835298 num_tiles=1024 max_tile_n=5536 bin=13.76 up=0.02 kernel=0.02 d2h=7.13 compact=0.00 publish=0.02 total=24.93ms
2026-06-03 02:06:18.789 | info     |           Metal | Device kernel duration perf summary (device=0): count=1, min=275679059ns, avg=275679059.0ns, max=275679059ns (profiler_analysis.cpp:652)
2026-06-03 02:06:18.789 | info     |           Metal | Device kernel duration perf histogram (device=0): (buckets=10, bucket_size=100ns, range=[275679000..275680000), underflow(<275679000ns)=0, overflow(>=275680000ns)=0) (profiler_analysis.cpp:695)
2026-06-03 02:06:18.789 | info     |           Metal |   [   275679000 ..    275679100) |########################################|        1 (profiler_analysis.cpp:700)
2026-06-03 02:06:18.789 | info     |           Metal |   [   275679100 ..    275679200) |                                        |        0 (profiler_analysis.cpp:700)
2026-06-03 02:06:18.789 | info     |           Metal |   [   275679200 ..    275679300) |                                        |        0 (profiler_analysis.cpp:700)
2026-06-03 02:06:18.789 | info     |           Metal |   [   275679300 ..    275679400) |                                        |        0 (profiler_analysis.cpp:700)
2026-06-03 02:06:18.789 | info     |           Metal |   [   275679400 ..    275679500) |                                        |        0 (profiler_analysis.cpp:700)
2026-06-03 02:06:18.789 | info     |           Metal |   [   275679500 ..    275679600) |                                        |        0 (profiler_analysis.cpp:700)
2026-06-03 02:06:18.789 | info     |           Metal |   [   275679600 ..    275679700) |                                        |        0 (profiler_analysis.cpp:700)
2026-06-03 02:06:18.789 | info     |           Metal |   [   275679700 ..    275679800) |                                        |        0 (profiler_analysis.cpp:700)
2026-06-03 02:06:18.789 | info     |           Metal |   [   275679800 ..    275679900) |                                        |        0 (profiler_analysis.cpp:700)
2026-06-03 02:06:18.789 | info     |           Metal |   [   275679900 ..    275680000) |                                        |        0 (profiler_analysis.cpp:700)
[SORT] stage=RP P=1067596 P_kept=1067596 num_tiles=1024 max_tile_n=5104 bin=15.11 up=0.02 kernel=0.03 d2h=7.13 compact=0.00 publish=0.02 total=26.81ms
2026-06-03 02:06:19.139 | info     |           Metal | Device kernel duration perf summary (device=0): count=1, min=281431667ns, avg=281431667.0ns, max=281431667ns (profiler_analysis.cpp:652)
2026-06-03 02:06:19.139 | info     |           Metal | Device kernel duration perf histogram (device=0): (buckets=10, bucket_size=100ns, range=[281431600..281432600), underflow(<281431600ns)=0, overflow(>=281432600ns)=0) (profiler_analysis.cpp:695)
2026-06-03 02:06:19.139 | info     |           Metal |   [   281431600 ..    281431700) |########################################|        1 (profiler_analysis.cpp:700)
2026-06-03 02:06:19.139 | info     |           Metal |   [   281431700 ..    281431800) |                                        |        0 (profiler_analysis.cpp:700)
2026-06-03 02:06:19.139 | info     |           Metal |   [   281431800 ..    281431900) |                                        |        0 (profiler_analysis.cpp:700)
2026-06-03 02:06:19.139 | info     |           Metal |   [   281431900 ..    281432000) |                                        |        0 (profiler_analysis.cpp:700)
2026-06-03 02:06:19.139 | info     |           Metal |   [   281432000 ..    281432100) |                                        |        0 (profiler_analysis.cpp:700)
2026-06-03 02:06:19.139 | info     |           Metal |   [   281432100 ..    281432200) |                                        |        0 (profiler_analysis.cpp:700)
2026-06-03 02:06:19.139 | info     |           Metal |   [   281432200 ..    281432300) |                                        |        0 (profiler_analysis.cpp:700)
2026-06-03 02:06:19.139 | info     |           Metal |   [   281432300 ..    281432400) |                                        |        0 (profiler_analysis.cpp:700)
2026-06-03 02:06:19.139 | info     |           Metal |   [   281432400 ..    281432500) |                                        |        0 (profiler_analysis.cpp:700)
2026-06-03 02:06:19.139 | info     |           Metal |   [   281432500 ..    281432600) |                                        |        0 (profiler_analysis.cpp:700)
[SORT] stage=RP P=1024763 P_kept=1024763 num_tiles=1024 max_tile_n=4672 bin=15.41 up=0.02 kernel=0.02 d2h=7.13 compact=0.00 publish=0.02 total=27.25ms
2026-06-03 02:06:19.489 | info     |           Metal | Device kernel duration perf summary (device=0): count=1, min=281287917ns, avg=281287917.0ns, max=281287917ns (profiler_analysis.cpp:652)
2026-06-03 02:06:19.489 | info     |           Metal | Device kernel duration perf histogram (device=0): (buckets=10, bucket_size=100ns, range=[281287900..281288900), underflow(<281287900ns)=0, overflow(>=281288900ns)=0) (profiler_analysis.cpp:695)
2026-06-03 02:06:19.489 | info     |           Metal |   [   281287900 ..    281288000) |########################################|        1 (profiler_analysis.cpp:700)
2026-06-03 02:06:19.489 | info     |           Metal |   [   281288000 ..    281288100) |                                        |        0 (profiler_analysis.cpp:700)
2026-06-03 02:06:19.489 | info     |           Metal |   [   281288100 ..    281288200) |                                        |        0 (profiler_analysis.cpp:700)
2026-06-03 02:06:19.489 | info     |           Metal |   [   281288200 ..    281288300) |                                        |        0 (profiler_analysis.cpp:700)
2026-06-03 02:06:19.489 | info     |           Metal |   [   281288300 ..    281288400) |                                        |        0 (profiler_analysis.cpp:700)
2026-06-03 02:06:19.489 | info     |           Metal |   [   281288400 ..    281288500) |                                        |        0 (profiler_analysis.cpp:700)
2026-06-03 02:06:19.489 | info     |           Metal |   [   281288500 ..    281288600) |                                        |        0 (profiler_analysis.cpp:700)
2026-06-03 02:06:19.489 | info     |           Metal |   [   281288600 ..    281288700) |                                        |        0 (profiler_analysis.cpp:700)
2026-06-03 02:06:19.489 | info     |           Metal |   [   281288700 ..    281288800) |                                        |        0 (profiler_analysis.cpp:700)
2026-06-03 02:06:19.489 | info     |           Metal |   [   281288800 ..    281288900) |                                        |        0 (profiler_analysis.cpp:700)
[SORT] stage=RP P=779787 P_kept=779787 num_tiles=1024 max_tile_n=3616 bin=11.93 up=0.02 kernel=0.03 d2h=7.14 compact=0.00 publish=0.03 total=23.17ms
2026-06-03 02:06:19.820 | info     |           Metal | Device kernel duration perf summary (device=0): count=1, min=270744283ns, avg=270744283.0ns, max=270744283ns (profiler_analysis.cpp:652)
2026-06-03 02:06:19.820 | info     |           Metal | Device kernel duration perf histogram (device=0): (buckets=10, bucket_size=100ns, range=[270744200..270745200), underflow(<270744200ns)=0, overflow(>=270745200ns)=0) (profiler_analysis.cpp:695)
2026-06-03 02:06:19.820 | info     |           Metal |   [   270744200 ..    270744300) |########################################|        1 (profiler_analysis.cpp:700)
2026-06-03 02:06:19.820 | info     |           Metal |   [   270744300 ..    270744400) |                                        |        0 (profiler_analysis.cpp:700)
2026-06-03 02:06:19.820 | info     |           Metal |   [   270744400 ..    270744500) |                                        |        0 (profiler_analysis.cpp:700)
2026-06-03 02:06:19.820 | info     |           Metal |   [   270744500 ..    270744600) |                                        |        0 (profiler_analysis.cpp:700)
2026-06-03 02:06:19.820 | info     |           Metal |   [   270744600 ..    270744700) |                                        |        0 (profiler_analysis.cpp:700)
2026-06-03 02:06:19.820 | info     |           Metal |   [   270744700 ..    270744800) |                                        |        0 (profiler_analysis.cpp:700)
2026-06-03 02:06:19.820 | info     |           Metal |   [   270744800 ..    270744900) |                                        |        0 (profiler_analysis.cpp:700)
2026-06-03 02:06:19.820 | info     |           Metal |   [   270744900 ..    270745000) |                                        |        0 (profiler_analysis.cpp:700)
2026-06-03 02:06:19.820 | info     |           Metal |   [   270745000 ..    270745100) |                                        |        0 (profiler_analysis.cpp:700)
2026-06-03 02:06:19.820 | info     |           Metal |   [   270745100 ..    270745200) |                                        |        0 (profiler_analysis.cpp:700)
[SORT] stage=RP P=402318 P_kept=402318 num_tiles=1024 max_tile_n=2704 bin=8.97 up=0.02 kernel=0.02 d2h=7.13 compact=0.00 publish=0.02 total=19.26ms
2026-06-03 02:06:20.127 | info     |           Metal | Device kernel duration perf summary (device=0): count=1, min=258962003ns, avg=258962003.0ns, max=258962003ns (profiler_analysis.cpp:652)
2026-06-03 02:06:20.127 | info     |           Metal | Device kernel duration perf histogram (device=0): (buckets=10, bucket_size=100ns, range=[258962000..258963000), underflow(<258962000ns)=0, overflow(>=258963000ns)=0) (profiler_analysis.cpp:695)
2026-06-03 02:06:20.127 | info     |           Metal |   [   258962000 ..    258962100) |########################################|        1 (profiler_analysis.cpp:700)
2026-06-03 02:06:20.127 | info     |           Metal |   [   258962100 ..    258962200) |                                        |        0 (profiler_analysis.cpp:700)
2026-06-03 02:06:20.127 | info     |           Metal |   [   258962200 ..    258962300) |                                        |        0 (profiler_analysis.cpp:700)
2026-06-03 02:06:20.127 | info     |           Metal |   [   258962300 ..    258962400) |                                        |        0 (profiler_analysis.cpp:700)
2026-06-03 02:06:20.127 | info     |           Metal |   [   258962400 ..    258962500) |                                        |        0 (profiler_analysis.cpp:700)
2026-06-03 02:06:20.127 | info     |           Metal |   [   258962500 ..    258962600) |                                        |        0 (profiler_analysis.cpp:700)
2026-06-03 02:06:20.127 | info     |           Metal |   [   258962600 ..    258962700) |                                        |        0 (profiler_analysis.cpp:700)
2026-06-03 02:06:20.127 | info     |           Metal |   [   258962700 ..    258962800) |                                        |        0 (profiler_analysis.cpp:700)
2026-06-03 02:06:20.127 | info     |           Metal |   [   258962800 ..    258962900) |                                        |        0 (profiler_analysis.cpp:700)
2026-06-03 02:06:20.127 | info     |           Metal |   [   258962900 ..    258963000) |                                        |        0 (profiler_analysis.cpp:700)
[SORT] stage=RP P=638458 P_kept=638458 num_tiles=1024 max_tile_n=3360 bin=11.75 up=0.02 kernel=0.02 d2h=7.13 compact=0.00 publish=0.02 total=22.64ms
2026-06-03 02:06:20.449 | info     |           Metal | Device kernel duration perf summary (device=0): count=1, min=266977846ns, avg=266977846.0ns, max=266977846ns (profiler_analysis.cpp:652)
2026-06-03 02:06:20.449 | info     |           Metal | Device kernel duration perf histogram (device=0): (buckets=10, bucket_size=100ns, range=[266977800..266978800), underflow(<266977800ns)=0, overflow(>=266978800ns)=0) (profiler_analysis.cpp:695)
2026-06-03 02:06:20.449 | info     |           Metal |   [   266977800 ..    266977900) |########################################|        1 (profiler_analysis.cpp:700)
2026-06-03 02:06:20.449 | info     |           Metal |   [   266977900 ..    266978000) |                                        |        0 (profiler_analysis.cpp:700)
2026-06-03 02:06:20.449 | info     |           Metal |   [   266978000 ..    266978100) |                                        |        0 (profiler_analysis.cpp:700)
2026-06-03 02:06:20.449 | info     |           Metal |   [   266978100 ..    266978200) |                                        |        0 (profiler_analysis.cpp:700)
2026-06-03 02:06:20.449 | info     |           Metal |   [   266978200 ..    266978300) |                                        |        0 (profiler_analysis.cpp:700)
2026-06-03 02:06:20.449 | info     |           Metal |   [   266978300 ..    266978400) |                                        |        0 (profiler_analysis.cpp:700)
2026-06-03 02:06:20.449 | info     |           Metal |   [   266978400 ..    266978500) |                                        |        0 (profiler_analysis.cpp:700)
2026-06-03 02:06:20.449 | info     |           Metal |   [   266978500 ..    266978600) |                                        |        0 (profiler_analysis.cpp:700)
2026-06-03 02:06:20.449 | info     |           Metal |   [   266978600 ..    266978700) |                                        |        0 (profiler_analysis.cpp:700)
2026-06-03 02:06:20.449 | info     |           Metal |   [   266978700 ..    266978800) |                                        |        0 (profiler_analysis.cpp:700)
[SORT] stage=RP P=486800 P_kept=486800 num_tiles=1024 max_tile_n=3952 bin=10.01 up=0.02 kernel=0.02 d2h=7.16 compact=0.00 publish=0.02 total=20.63ms
2026-06-03 02:06:20.772 | info     |           Metal | Device kernel duration perf summary (device=0): count=1, min=271656281ns, avg=271656281.0ns, max=271656281ns (profiler_analysis.cpp:652)
2026-06-03 02:06:20.772 | info     |           Metal | Device kernel duration perf histogram (device=0): (buckets=10, bucket_size=100ns, range=[271656200..271657200), underflow(<271656200ns)=0, overflow(>=271657200ns)=0) (profiler_analysis.cpp:695)
2026-06-03 02:06:20.772 | info     |           Metal |   [   271656200 ..    271656300) |########################################|        1 (profiler_analysis.cpp:700)
2026-06-03 02:06:20.772 | info     |           Metal |   [   271656300 ..    271656400) |                                        |        0 (profiler_analysis.cpp:700)
2026-06-03 02:06:20.772 | info     |           Metal |   [   271656400 ..    271656500) |                                        |        0 (profiler_analysis.cpp:700)
2026-06-03 02:06:20.772 | info     |           Metal |   [   271656500 ..    271656600) |                                        |        0 (profiler_analysis.cpp:700)
2026-06-03 02:06:20.772 | info     |           Metal |   [   271656600 ..    271656700) |                                        |        0 (profiler_analysis.cpp:700)
2026-06-03 02:06:20.772 | info     |           Metal |   [   271656700 ..    271656800) |                                        |        0 (profiler_analysis.cpp:700)
2026-06-03 02:06:20.772 | info     |           Metal |   [   271656800 ..    271656900) |                                        |        0 (profiler_analysis.cpp:700)
2026-06-03 02:06:20.772 | info     |           Metal |   [   271656900 ..    271657000) |                                        |        0 (profiler_analysis.cpp:700)
2026-06-03 02:06:20.772 | info     |           Metal |   [   271657000 ..    271657100) |                                        |        0 (profiler_analysis.cpp:700)
2026-06-03 02:06:20.772 | info     |           Metal |   [   271657100 ..    271657200) |                                        |        0 (profiler_analysis.cpp:700)
2026-06-03 02:06:21.094 | info     |           Metal | Device kernel duration perf summary (device=0): count=1, min=266891783ns, avg=266891783.0ns, max=266891783ns (profiler_analysis.cpp:652)
2026-06-03 02:06:21.094 | info     |           Metal | Device kernel duration perf histogram (device=0): (buckets=10, bucket_size=100ns, range=[266891700..266892700), underflow(<266891700ns)=0, overflow(>=266892700ns)=0) (profiler_analysis.cpp:695)
2026-06-03 02:06:21.094 | info     |           Metal |   [   266891700 ..    266891800) |########################################|        1 (profiler_analysis.cpp:700)
2026-06-03 02:06:21.094 | info     |           Metal |   [   266891800 ..    266891900) |                                        |        0 (profiler_analysis.cpp:700)
2026-06-03 02:06:21.094 | info     |           Metal |   [   266891900 ..    266892000) |                                        |        0 (profiler_analysis.cpp:700)
2026-06-03 02:06:21.094 | info     |           Metal |   [   266892000 ..    266892100) |                                        |        0 (profiler_analysis.cpp:700)
2026-06-03 02:06:21.094 | info     |           Metal |   [   266892100 ..    266892200) |                                        |        0 (profiler_analysis.cpp:700)
2026-06-03 02:06:21.094 | info     |           Metal |   [   266892200 ..    266892300) |                                        |        0 (profiler_analysis.cpp:700)
2026-06-03 02:06:21.094 | info     |           Metal |   [   266892300 ..    266892400) |                                        |        0 (profiler_analysis.cpp:700)
2026-06-03 02:06:21.094 | info     |           Metal |   [   266892400 ..    266892500) |                                        |        0 (profiler_analysis.cpp:700)
2026-06-03 02:06:21.094 | info     |           Metal |   [   266892500 ..    266892600) |                                        |        0 (profiler_analysis.cpp:700)
2026-06-03 02:06:21.094 | info     |           Metal |   [   266892600 ..    266892700) |                                        |        0 (profiler_analysis.cpp:700)
[SORT] stage=RP P=602411 P_kept=602411 num_tiles=1024 max_tile_n=4432 bin=10.07 up=0.02 kernel=0.02 d2h=7.18 compact=0.00 publish=0.02 total=20.98ms
2026-06-03 02:06:21.418 | info     |           Metal | Device kernel duration perf summary (device=0): count=1, min=267690194ns, avg=267690194.0ns, max=267690194ns (profiler_analysis.cpp:652)
2026-06-03 02:06:21.418 | info     |           Metal | Device kernel duration perf histogram (device=0): (buckets=10, bucket_size=100ns, range=[267690100..267691100), underflow(<267690100ns)=0, overflow(>=267691100ns)=0) (profiler_analysis.cpp:695)
2026-06-03 02:06:21.418 | info     |           Metal |   [   267690100 ..    267690200) |########################################|        1 (profiler_analysis.cpp:700)
2026-06-03 02:06:21.418 | info     |           Metal |   [   267690200 ..    267690300) |                                        |        0 (profiler_analysis.cpp:700)
2026-06-03 02:06:21.418 | info     |           Metal |   [   267690300 ..    267690400) |                                        |        0 (profiler_analysis.cpp:700)
2026-06-03 02:06:21.418 | info     |           Metal |   [   267690400 ..    267690500) |                                        |        0 (profiler_analysis.cpp:700)
2026-06-03 02:06:21.418 | info     |           Metal |   [   267690500 ..    267690600) |                                        |        0 (profiler_analysis.cpp:700)
2026-06-03 02:06:21.418 | info     |           Metal |   [   267690600 ..    267690700) |                                        |        0 (profiler_analysis.cpp:700)
2026-06-03 02:06:21.418 | info     |           Metal |   [   267690700 ..    267690800) |                                        |        0 (profiler_analysis.cpp:700)
2026-06-03 02:06:21.418 | info     |           Metal |   [   267690800 ..    267690900) |                                        |        0 (profiler_analysis.cpp:700)
2026-06-03 02:06:21.418 | info     |           Metal |   [   267690900 ..    267691000) |                                        |        0 (profiler_analysis.cpp:700)
2026-06-03 02:06:21.418 | info     |           Metal |   [   267691000 ..    267691100) |                                        |        0 (profiler_analysis.cpp:700)
[SORT] stage=RP P=629297 P_kept=629297 num_tiles=1024 max_tile_n=4928 bin=11.51 up=0.02 kernel=0.02 d2h=7.13 compact=0.00 publish=0.02 total=22.43ms
2026-06-03 02:06:21.737 | info     |           Metal | Device kernel duration perf summary (device=0): count=1, min=265787631ns, avg=265787631.0ns, max=265787631ns (profiler_analysis.cpp:652)
2026-06-03 02:06:21.737 | info     |           Metal | Device kernel duration perf histogram (device=0): (buckets=10, bucket_size=100ns, range=[265787600..265788600), underflow(<265787600ns)=0, overflow(>=265788600ns)=0) (profiler_analysis.cpp:695)
2026-06-03 02:06:21.737 | info     |           Metal |   [   265787600 ..    265787700) |########################################|        1 (profiler_analysis.cpp:700)
2026-06-03 02:06:21.737 | info     |           Metal |   [   265787700 ..    265787800) |                                        |        0 (profiler_analysis.cpp:700)
2026-06-03 02:06:21.737 | info     |           Metal |   [   265787800 ..    265787900) |                                        |        0 (profiler_analysis.cpp:700)
2026-06-03 02:06:21.737 | info     |           Metal |   [   265787900 ..    265788000) |                                        |        0 (profiler_analysis.cpp:700)
2026-06-03 02:06:21.737 | info     |           Metal |   [   265788000 ..    265788100) |                                        |        0 (profiler_analysis.cpp:700)
2026-06-03 02:06:21.737 | info     |           Metal |   [   265788100 ..    265788200) |                                        |        0 (profiler_analysis.cpp:700)
2026-06-03 02:06:21.737 | info     |           Metal |   [   265788200 ..    265788300) |                                        |        0 (profiler_analysis.cpp:700)
2026-06-03 02:06:21.737 | info     |           Metal |   [   265788300 ..    265788400) |                                        |        0 (profiler_analysis.cpp:700)
2026-06-03 02:06:21.737 | info     |           Metal |   [   265788400 ..    265788500) |                                        |        0 (profiler_analysis.cpp:700)
2026-06-03 02:06:21.737 | info     |           Metal |   [   265788500 ..    265788600) |                                        |        0 (profiler_analysis.cpp:700)
[SORT] stage=RP P=574474 P_kept=574474 num_tiles=1024 max_tile_n=4784 bin=10.83 up=0.02 kernel=0.03 d2h=7.13 compact=0.00 publish=0.02 total=21.64ms
[SORT] stage=RP P=508814 P_kept=508814 num_tiles=1024 max_tile_n=4560 bin=10.07 up=0.02 kernel=0.03 d2h=7.13 compact=0.00 publish=0.02 total=20.72ms
2026-06-03 02:06:22.054 | info     |           Metal | Device kernel duration perf summary (device=0): count=1, min=264960411ns, avg=264960411.0ns, max=264960411ns (profiler_analysis.cpp:652)
2026-06-03 02:06:22.054 | info     |           Metal | Device kernel duration perf histogram (device=0): (buckets=10, bucket_size=100ns, range=[264960400..264961400), underflow(<264960400ns)=0, overflow(>=264961400ns)=0) (profiler_analysis.cpp:695)
2026-06-03 02:06:22.054 | info     |           Metal |   [   264960400 ..    264960500) |########################################|        1 (profiler_analysis.cpp:700)
2026-06-03 02:06:22.054 | info     |           Metal |   [   264960500 ..    264960600) |                                        |        0 (profiler_analysis.cpp:700)
2026-06-03 02:06:22.054 | info     |           Metal |   [   264960600 ..    264960700) |                                        |        0 (profiler_analysis.cpp:700)
2026-06-03 02:06:22.054 | info     |           Metal |   [   264960700 ..    264960800) |                                        |        0 (profiler_analysis.cpp:700)
2026-06-03 02:06:22.054 | info     |           Metal |   [   264960800 ..    264960900) |                                        |        0 (profiler_analysis.cpp:700)
2026-06-03 02:06:22.054 | info     |           Metal |   [   264960900 ..    264961000) |                                        |        0 (profiler_analysis.cpp:700)
2026-06-03 02:06:22.054 | info     |           Metal |   [   264961000 ..    264961100) |                                        |        0 (profiler_analysis.cpp:700)
2026-06-03 02:06:22.054 | info     |           Metal |   [   264961100 ..    264961200) |                                        |        0 (profiler_analysis.cpp:700)
2026-06-03 02:06:22.054 | info     |           Metal |   [   264961200 ..    264961300) |                                        |        0 (profiler_analysis.cpp:700)
2026-06-03 02:06:22.054 | info     |           Metal |   [   264961300 ..    264961400) |                                        |        0 (profiler_analysis.cpp:700)
[SORT] stage=RP P=414994 P_kept=414994 num_tiles=1024 max_tile_n=3520 bin=9.23 up=0.02 kernel=0.02 d2h=7.12 compact=0.00 publish=0.02 total=19.63ms
2026-06-03 02:06:22.365 | info     |           Metal | Device kernel duration perf summary (device=0): count=1, min=260669299ns, avg=260669299.0ns, max=260669299ns (profiler_analysis.cpp:652)
2026-06-03 02:06:22.365 | info     |           Metal | Device kernel duration perf histogram (device=0): (buckets=10, bucket_size=100ns, range=[260669200..260670200), underflow(<260669200ns)=0, overflow(>=260670200ns)=0) (profiler_analysis.cpp:695)
2026-06-03 02:06:22.365 | info     |           Metal |   [   260669200 ..    260669300) |########################################|        1 (profiler_analysis.cpp:700)
2026-06-03 02:06:22.365 | info     |           Metal |   [   260669300 ..    260669400) |                                        |        0 (profiler_analysis.cpp:700)
2026-06-03 02:06:22.365 | info     |           Metal |   [   260669400 ..    260669500) |                                        |        0 (profiler_analysis.cpp:700)
2026-06-03 02:06:22.365 | info     |           Metal |   [   260669500 ..    260669600) |                                        |        0 (profiler_analysis.cpp:700)
2026-06-03 02:06:22.365 | info     |           Metal |   [   260669600 ..    260669700) |                                        |        0 (profiler_analysis.cpp:700)
2026-06-03 02:06:22.365 | info     |           Metal |   [   260669700 ..    260669800) |                                        |        0 (profiler_analysis.cpp:700)
2026-06-03 02:06:22.365 | info     |           Metal |   [   260669800 ..    260669900) |                                        |        0 (profiler_analysis.cpp:700)
2026-06-03 02:06:22.365 | info     |           Metal |   [   260669900 ..    260670000) |                                        |        0 (profiler_analysis.cpp:700)
2026-06-03 02:06:22.365 | info     |           Metal |   [   260670000 ..    260670100) |                                        |        0 (profiler_analysis.cpp:700)
2026-06-03 02:06:22.365 | info     |           Metal |   [   260670100 ..    260670200) |                                        |        0 (profiler_analysis.cpp:700)
[SORT] stage=RP P=245802 P_kept=245802 num_tiles=1024 max_tile_n=2704 bin=7.10 up=0.02 kernel=0.02 d2h=7.13 compact=0.00 publish=0.02 total=17.13ms
2026-06-03 02:06:22.663 | info     |           Metal | Device kernel duration perf summary (device=0): count=1, min=254168585ns, avg=254168585.0ns, max=254168585ns (profiler_analysis.cpp:652)
2026-06-03 02:06:22.663 | info     |           Metal | Device kernel duration perf histogram (device=0): (buckets=10, bucket_size=100ns, range=[254168500..254169500), underflow(<254168500ns)=0, overflow(>=254169500ns)=0) (profiler_analysis.cpp:695)
2026-06-03 02:06:22.663 | info     |           Metal |   [   254168500 ..    254168600) |########################################|        1 (profiler_analysis.cpp:700)
2026-06-03 02:06:22.663 | info     |           Metal |   [   254168600 ..    254168700) |                                        |        0 (profiler_analysis.cpp:700)
2026-06-03 02:06:22.663 | info     |           Metal |   [   254168700 ..    254168800) |                                        |        0 (profiler_analysis.cpp:700)
2026-06-03 02:06:22.663 | info     |           Metal |   [   254168800 ..    254168900) |                                        |        0 (profiler_analysis.cpp:700)
2026-06-03 02:06:22.663 | info     |           Metal |   [   254168900 ..    254169000) |                                        |        0 (profiler_analysis.cpp:700)
2026-06-03 02:06:22.663 | info     |           Metal |   [   254169000 ..    254169100) |                                        |        0 (profiler_analysis.cpp:700)
2026-06-03 02:06:22.663 | info     |           Metal |   [   254169100 ..    254169200) |                                        |        0 (profiler_analysis.cpp:700)
2026-06-03 02:06:22.663 | info     |           Metal |   [   254169200 ..    254169300) |                                        |        0 (profiler_analysis.cpp:700)
2026-06-03 02:06:22.663 | info     |           Metal |   [   254169300 ..    254169400) |                                        |        0 (profiler_analysis.cpp:700)
2026-06-03 02:06:22.663 | info     |           Metal |   [   254169400 ..    254169500) |                                        |        0 (profiler_analysis.cpp:700)
[SORT] stage=RP P=162380 P_kept=162380 num_tiles=1024 max_tile_n=1744 bin=6.29 up=0.02 kernel=0.02 d2h=7.13 compact=0.00 publish=0.02 total=16.03ms
2026-06-03 02:06:22.957 | info     |           Metal | Device kernel duration perf summary (device=0): count=1, min=251870104ns, avg=251870104.0ns, max=251870104ns (profiler_analysis.cpp:652)
2026-06-03 02:06:22.957 | info     |           Metal | Device kernel duration perf histogram (device=0): (buckets=10, bucket_size=100ns, range=[251870100..251871100), underflow(<251870100ns)=0, overflow(>=251871100ns)=0) (profiler_analysis.cpp:695)
2026-06-03 02:06:22.957 | info     |           Metal |   [   251870100 ..    251870200) |########################################|        1 (profiler_analysis.cpp:700)
2026-06-03 02:06:22.957 | info     |           Metal |   [   251870200 ..    251870300) |                                        |        0 (profiler_analysis.cpp:700)
2026-06-03 02:06:22.957 | info     |           Metal |   [   251870300 ..    251870400) |                                        |        0 (profiler_analysis.cpp:700)
2026-06-03 02:06:22.957 | info     |           Metal |   [   251870400 ..    251870500) |                                        |        0 (profiler_analysis.cpp:700)
2026-06-03 02:06:22.957 | info     |           Metal |   [   251870500 ..    251870600) |                                        |        0 (profiler_analysis.cpp:700)
2026-06-03 02:06:22.957 | info     |           Metal |   [   251870600 ..    251870700) |                                        |        0 (profiler_analysis.cpp:700)
2026-06-03 02:06:22.957 | info     |           Metal |   [   251870700 ..    251870800) |                                        |        0 (profiler_analysis.cpp:700)
2026-06-03 02:06:22.957 | info     |           Metal |   [   251870800 ..    251870900) |                                        |        0 (profiler_analysis.cpp:700)
2026-06-03 02:06:22.957 | info     |           Metal |   [   251870900 ..    251871000) |                                        |        0 (profiler_analysis.cpp:700)
2026-06-03 02:06:22.957 | info     |           Metal |   [   251871000 ..    251871100) |                                        |        0 (profiler_analysis.cpp:700)
[SORT] stage=RP P=588050 P_kept=588050 num_tiles=1024 max_tile_n=4864 bin=10.97 up=0.02 kernel=0.02 d2h=7.13 compact=0.00 publish=0.02 total=21.76ms
2026-06-03 02:06:23.275 | info     |           Metal | Device kernel duration perf summary (device=0): count=1, min=265817473ns, avg=265817473.0ns, max=265817473ns (profiler_analysis.cpp:652)
2026-06-03 02:06:23.275 | info     |           Metal | Device kernel duration perf histogram (device=0): (buckets=10, bucket_size=100ns, range=[265817400..265818400), underflow(<265817400ns)=0, overflow(>=265818400ns)=0) (profiler_analysis.cpp:695)
2026-06-03 02:06:23.275 | info     |           Metal |   [   265817400 ..    265817500) |########################################|        1 (profiler_analysis.cpp:700)
2026-06-03 02:06:23.275 | info     |           Metal |   [   265817500 ..    265817600) |                                        |        0 (profiler_analysis.cpp:700)
2026-06-03 02:06:23.275 | info     |           Metal |   [   265817600 ..    265817700) |                                        |        0 (profiler_analysis.cpp:700)
2026-06-03 02:06:23.275 | info     |           Metal |   [   265817700 ..    265817800) |                                        |        0 (profiler_analysis.cpp:700)
2026-06-03 02:06:23.275 | info     |           Metal |   [   265817800 ..    265817900) |                                        |        0 (profiler_analysis.cpp:700)
2026-06-03 02:06:23.275 | info     |           Metal |   [   265817900 ..    265818000) |                                        |        0 (profiler_analysis.cpp:700)
2026-06-03 02:06:23.275 | info     |           Metal |   [   265818000 ..    265818100) |                                        |        0 (profiler_analysis.cpp:700)
2026-06-03 02:06:23.275 | info     |           Metal |   [   265818100 ..    265818200) |                                        |        0 (profiler_analysis.cpp:700)
2026-06-03 02:06:23.275 | info     |           Metal |   [   265818200 ..    265818300) |                                        |        0 (profiler_analysis.cpp:700)
2026-06-03 02:06:23.275 | info     |           Metal |   [   265818300 ..    265818400) |                                        |        0 (profiler_analysis.cpp:700)
[SORT] stage=RP P=854460 P_kept=854460 num_tiles=1024 max_tile_n=5152 bin=14.04 up=0.02 kernel=0.02 d2h=7.13 compact=0.00 publish=0.02 total=25.43ms
2026-06-03 02:06:23.613 | info     |           Metal | Device kernel duration perf summary (device=0): count=1, min=275294595ns, avg=275294595.0ns, max=275294595ns (profiler_analysis.cpp:652)
2026-06-03 02:06:23.613 | info     |           Metal | Device kernel duration perf histogram (device=0): (buckets=10, bucket_size=100ns, range=[275294500..275295500), underflow(<275294500ns)=0, overflow(>=275295500ns)=0) (profiler_analysis.cpp:695)
2026-06-03 02:06:23.613 | info     |           Metal |   [   275294500 ..    275294600) |########################################|        1 (profiler_analysis.cpp:700)
2026-06-03 02:06:23.613 | info     |           Metal |   [   275294600 ..    275294700) |                                        |        0 (profiler_analysis.cpp:700)
2026-06-03 02:06:23.613 | info     |           Metal |   [   275294700 ..    275294800) |                                        |        0 (profiler_analysis.cpp:700)
2026-06-03 02:06:23.613 | info     |           Metal |   [   275294800 ..    275294900) |                                        |        0 (profiler_analysis.cpp:700)
2026-06-03 02:06:23.613 | info     |           Metal |   [   275294900 ..    275295000) |                                        |        0 (profiler_analysis.cpp:700)
2026-06-03 02:06:23.613 | info     |           Metal |   [   275295000 ..    275295100) |                                        |        0 (profiler_analysis.cpp:700)
2026-06-03 02:06:23.613 | info     |           Metal |   [   275295100 ..    275295200) |                                        |        0 (profiler_analysis.cpp:700)
2026-06-03 02:06:23.613 | info     |           Metal |   [   275295200 ..    275295300) |                                        |        0 (profiler_analysis.cpp:700)
2026-06-03 02:06:23.613 | info     |           Metal |   [   275295300 ..    275295400) |                                        |        0 (profiler_analysis.cpp:700)
2026-06-03 02:06:23.613 | info     |           Metal |   [   275295400 ..    275295500) |                                        |        0 (profiler_analysis.cpp:700)
[SORT] stage=RP P=840033 P_kept=840033 num_tiles=1024 max_tile_n=4704 bin=13.89 up=0.02 kernel=0.02 d2h=7.13 compact=0.00 publish=0.02 total=25.27ms
2026-06-03 02:06:23.952 | info     |           Metal | Device kernel duration perf summary (device=0): count=1, min=274984206ns, avg=274984206.0ns, max=274984206ns (profiler_analysis.cpp:652)
2026-06-03 02:06:23.952 | info     |           Metal | Device kernel duration perf histogram (device=0): (buckets=10, bucket_size=100ns, range=[274984200..274985200), underflow(<274984200ns)=0, overflow(>=274985200ns)=0) (profiler_analysis.cpp:695)
2026-06-03 02:06:23.952 | info     |           Metal |   [   274984200 ..    274984300) |########################################|        1 (profiler_analysis.cpp:700)
2026-06-03 02:06:23.952 | info     |           Metal |   [   274984300 ..    274984400) |                                        |        0 (profiler_analysis.cpp:700)
2026-06-03 02:06:23.952 | info     |           Metal |   [   274984400 ..    274984500) |                                        |        0 (profiler_analysis.cpp:700)
2026-06-03 02:06:23.952 | info     |           Metal |   [   274984500 ..    274984600) |                                        |        0 (profiler_analysis.cpp:700)
2026-06-03 02:06:23.952 | info     |           Metal |   [   274984600 ..    274984700) |                                        |        0 (profiler_analysis.cpp:700)
2026-06-03 02:06:23.952 | info     |           Metal |   [   274984700 ..    274984800) |                                        |        0 (profiler_analysis.cpp:700)
2026-06-03 02:06:23.952 | info     |           Metal |   [   274984800 ..    274984900) |                                        |        0 (profiler_analysis.cpp:700)
2026-06-03 02:06:23.952 | info     |           Metal |   [   274984900 ..    274985000) |                                        |        0 (profiler_analysis.cpp:700)
2026-06-03 02:06:23.952 | info     |           Metal |   [   274985000 ..    274985100) |                                        |        0 (profiler_analysis.cpp:700)
2026-06-03 02:06:23.952 | info     |           Metal |   [   274985100 ..    274985200) |                                        |        0 (profiler_analysis.cpp:700)
[SORT] stage=RP P=1077452 P_kept=1077452 num_tiles=1024 max_tile_n=5408 bin=16.46 up=0.02 kernel=0.02 d2h=7.13 compact=0.00 publish=0.02 total=28.37ms
2026-06-03 02:06:24.307 | info     |           Metal | Device kernel duration perf summary (device=0): count=1, min=285373067ns, avg=285373067.0ns, max=285373067ns (profiler_analysis.cpp:652)
2026-06-03 02:06:24.307 | info     |           Metal | Device kernel duration perf histogram (device=0): (buckets=10, bucket_size=100ns, range=[285373000..285374000), underflow(<285373000ns)=0, overflow(>=285374000ns)=0) (profiler_analysis.cpp:695)
2026-06-03 02:06:24.307 | info     |           Metal |   [   285373000 ..    285373100) |########################################|        1 (profiler_analysis.cpp:700)
2026-06-03 02:06:24.307 | info     |           Metal |   [   285373100 ..    285373200) |                                        |        0 (profiler_analysis.cpp:700)
2026-06-03 02:06:24.307 | info     |           Metal |   [   285373200 ..    285373300) |                                        |        0 (profiler_analysis.cpp:700)
2026-06-03 02:06:24.307 | info     |           Metal |   [   285373300 ..    285373400) |                                        |        0 (profiler_analysis.cpp:700)
2026-06-03 02:06:24.307 | info     |           Metal |   [   285373400 ..    285373500) |                                        |        0 (profiler_analysis.cpp:700)
2026-06-03 02:06:24.307 | info     |           Metal |   [   285373500 ..    285373600) |                                        |        0 (profiler_analysis.cpp:700)
2026-06-03 02:06:24.307 | info     |           Metal |   [   285373600 ..    285373700) |                                        |        0 (profiler_analysis.cpp:700)
2026-06-03 02:06:24.307 | info     |           Metal |   [   285373700 ..    285373800) |                                        |        0 (profiler_analysis.cpp:700)
2026-06-03 02:06:24.307 | info     |           Metal |   [   285373800 ..    285373900) |                                        |        0 (profiler_analysis.cpp:700)
2026-06-03 02:06:24.307 | info     |           Metal |   [   285373900 ..    285374000) |                                        |        0 (profiler_analysis.cpp:700)
[SORT] stage=RP P=1175882 P_kept=1175882 num_tiles=1024 max_tile_n=5312 bin=17.54 up=0.02 kernel=0.02 d2h=7.18 compact=0.00 publish=0.02 total=29.71ms
2026-06-03 02:06:24.670 | info     |           Metal | Device kernel duration perf summary (device=0): count=1, min=289942629ns, avg=289942629.0ns, max=289942629ns (profiler_analysis.cpp:652)
2026-06-03 02:06:24.670 | info     |           Metal | Device kernel duration perf histogram (device=0): (buckets=10, bucket_size=100ns, range=[289942600..289943600), underflow(<289942600ns)=0, overflow(>=289943600ns)=0) (profiler_analysis.cpp:695)
2026-06-03 02:06:24.670 | info     |           Metal |   [   289942600 ..    289942700) |########################################|        1 (profiler_analysis.cpp:700)
2026-06-03 02:06:24.670 | info     |           Metal |   [   289942700 ..    289942800) |                                        |        0 (profiler_analysis.cpp:700)
2026-06-03 02:06:24.670 | info     |           Metal |   [   289942800 ..    289942900) |                                        |        0 (profiler_analysis.cpp:700)
2026-06-03 02:06:24.670 | info     |           Metal |   [   289942900 ..    289943000) |                                        |        0 (profiler_analysis.cpp:700)
2026-06-03 02:06:24.670 | info     |           Metal |   [   289943000 ..    289943100) |                                        |        0 (profiler_analysis.cpp:700)
2026-06-03 02:06:24.670 | info     |           Metal |   [   289943100 ..    289943200) |                                        |        0 (profiler_analysis.cpp:700)
2026-06-03 02:06:24.670 | info     |           Metal |   [   289943200 ..    289943300) |                                        |        0 (profiler_analysis.cpp:700)
2026-06-03 02:06:24.670 | info     |           Metal |   [   289943300 ..    289943400) |                                        |        0 (profiler_analysis.cpp:700)
2026-06-03 02:06:24.670 | info     |           Metal |   [   289943400 ..    289943500) |                                        |        0 (profiler_analysis.cpp:700)
2026-06-03 02:06:24.670 | info     |           Metal |   [   289943500 ..    289943600) |                                        |        0 (profiler_analysis.cpp:700)
[SORT] stage=RP P=662931 P_kept=662931 num_tiles=1024 max_tile_n=5184 bin=11.87 up=0.02 kernel=0.02 d2h=7.13 compact=0.00 publish=0.02 total=22.87ms
2026-06-03 02:06:25.002 | info     |           Metal | Device kernel duration perf summary (device=0): count=1, min=274410119ns, avg=274410119.0ns, max=274410119ns (profiler_analysis.cpp:652)
2026-06-03 02:06:25.002 | info     |           Metal | Device kernel duration perf histogram (device=0): (buckets=10, bucket_size=100ns, range=[274410100..274411100), underflow(<274410100ns)=0, overflow(>=274411100ns)=0) (profiler_analysis.cpp:695)
2026-06-03 02:06:25.002 | info     |           Metal |   [   274410100 ..    274410200) |########################################|        1 (profiler_analysis.cpp:700)
2026-06-03 02:06:25.002 | info     |           Metal |   [   274410200 ..    274410300) |                                        |        0 (profiler_analysis.cpp:700)
2026-06-03 02:06:25.002 | info     |           Metal |   [   274410300 ..    274410400) |                                        |        0 (profiler_analysis.cpp:700)
2026-06-03 02:06:25.002 | info     |           Metal |   [   274410400 ..    274410500) |                                        |        0 (profiler_analysis.cpp:700)
2026-06-03 02:06:25.002 | info     |           Metal |   [   274410500 ..    274410600) |                                        |        0 (profiler_analysis.cpp:700)
2026-06-03 02:06:25.002 | info     |           Metal |   [   274410600 ..    274410700) |                                        |        0 (profiler_analysis.cpp:700)
2026-06-03 02:06:25.002 | info     |           Metal |   [   274410700 ..    274410800) |                                        |        0 (profiler_analysis.cpp:700)
2026-06-03 02:06:25.002 | info     |           Metal |   [   274410800 ..    274410900) |                                        |        0 (profiler_analysis.cpp:700)
2026-06-03 02:06:25.002 | info     |           Metal |   [   274410900 ..    274411000) |                                        |        0 (profiler_analysis.cpp:700)
2026-06-03 02:06:25.002 | info     |           Metal |   [   274411000 ..    274411100) |                                        |        0 (profiler_analysis.cpp:700)
[SORT] stage=RP P=1298085 P_kept=1298085 num_tiles=1024 max_tile_n=18608 bin=18.89 up=0.02 kernel=0.02 d2h=7.16 compact=0.00 publish=0.02 total=31.68ms
2026-06-03 02:06:25.373 | info     |           Metal | Device kernel duration perf summary (device=0): count=1, min=295237607ns, avg=295237607.0ns, max=295237607ns (profiler_analysis.cpp:652)
2026-06-03 02:06:25.373 | info     |           Metal | Device kernel duration perf histogram (device=0): (buckets=10, bucket_size=100ns, range=[295237600..295238600), underflow(<295237600ns)=0, overflow(>=295238600ns)=0) (profiler_analysis.cpp:695)
2026-06-03 02:06:25.373 | info     |           Metal |   [   295237600 ..    295237700) |########################################|        1 (profiler_analysis.cpp:700)
2026-06-03 02:06:25.373 | info     |           Metal |   [   295237700 ..    295237800) |                                        |        0 (profiler_analysis.cpp:700)
2026-06-03 02:06:25.373 | info     |           Metal |   [   295237800 ..    295237900) |                                        |        0 (profiler_analysis.cpp:700)
2026-06-03 02:06:25.373 | info     |           Metal |   [   295237900 ..    295238000) |                                        |        0 (profiler_analysis.cpp:700)
2026-06-03 02:06:25.373 | info     |           Metal |   [   295238000 ..    295238100) |                                        |        0 (profiler_analysis.cpp:700)
2026-06-03 02:06:25.373 | info     |           Metal |   [   295238100 ..    295238200) |                                        |        0 (profiler_analysis.cpp:700)
2026-06-03 02:06:25.373 | info     |           Metal |   [   295238200 ..    295238300) |                                        |        0 (profiler_analysis.cpp:700)
2026-06-03 02:06:25.373 | info     |           Metal |   [   295238300 ..    295238400) |                                        |        0 (profiler_analysis.cpp:700)
2026-06-03 02:06:25.373 | info     |           Metal |   [   295238400 ..    295238500) |                                        |        0 (profiler_analysis.cpp:700)
2026-06-03 02:06:25.373 | info     |           Metal |   [   295238500 ..    295238600) |                                        |        0 (profiler_analysis.cpp:700)
[SORT] stage=RP P=262468 P_kept=262468 num_tiles=1024 max_tile_n=4464 bin=7.29 up=0.02 kernel=0.02 d2h=7.13 compact=0.00 publish=0.03 total=16.83ms
2026-06-03 02:06:25.681 | info     |           Metal | Device kernel duration perf summary (device=0): count=1, min=261917772ns, avg=261917772.0ns, max=261917772ns (profiler_analysis.cpp:652)
2026-06-03 02:06:25.681 | info     |           Metal | Device kernel duration perf histogram (device=0): (buckets=10, bucket_size=100ns, range=[261917700..261918700), underflow(<261917700ns)=0, overflow(>=261918700ns)=0) (profiler_analysis.cpp:695)
2026-06-03 02:06:25.681 | info     |           Metal |   [   261917700 ..    261917800) |########################################|        1 (profiler_analysis.cpp:700)
2026-06-03 02:06:25.681 | info     |           Metal |   [   261917800 ..    261917900) |                                        |        0 (profiler_analysis.cpp:700)
2026-06-03 02:06:25.681 | info     |           Metal |   [   261917900 ..    261918000) |                                        |        0 (profiler_analysis.cpp:700)
2026-06-03 02:06:25.681 | info     |           Metal |   [   261918000 ..    261918100) |                                        |        0 (profiler_analysis.cpp:700)
2026-06-03 02:06:25.681 | info     |           Metal |   [   261918100 ..    261918200) |                                        |        0 (profiler_analysis.cpp:700)
2026-06-03 02:06:25.681 | info     |           Metal |   [   261918200 ..    261918300) |                                        |        0 (profiler_analysis.cpp:700)
2026-06-03 02:06:25.681 | info     |           Metal |   [   261918300 ..    261918400) |                                        |        0 (profiler_analysis.cpp:700)
2026-06-03 02:06:25.681 | info     |           Metal |   [   261918400 ..    261918500) |                                        |        0 (profiler_analysis.cpp:700)
2026-06-03 02:06:25.681 | info     |           Metal |   [   261918500 ..    261918600) |                                        |        0 (profiler_analysis.cpp:700)
2026-06-03 02:06:25.681 | info     |           Metal |   [   261918600 ..    261918700) |                                        |        0 (profiler_analysis.cpp:700)
[SORT] stage=RP P=107247 P_kept=107247 num_tiles=1024 max_tile_n=1664 bin=5.63 up=0.02 kernel=0.02 d2h=7.15 compact=0.00 publish=0.02 total=14.97ms
2026-06-03 02:06:25.970 | info     |           Metal | Device kernel duration perf summary (device=0): count=1, min=248501230ns, avg=248501230.0ns, max=248501230ns (profiler_analysis.cpp:652)
2026-06-03 02:06:25.970 | info     |           Metal | Device kernel duration perf histogram (device=0): (buckets=10, bucket_size=100ns, range=[248501200..248502200), underflow(<248501200ns)=0, overflow(>=248502200ns)=0) (profiler_analysis.cpp:695)
2026-06-03 02:06:25.970 | info     |           Metal |   [   248501200 ..    248501300) |########################################|        1 (profiler_analysis.cpp:700)
2026-06-03 02:06:25.970 | info     |           Metal |   [   248501300 ..    248501400) |                                        |        0 (profiler_analysis.cpp:700)
2026-06-03 02:06:25.970 | info     |           Metal |   [   248501400 ..    248501500) |                                        |        0 (profiler_analysis.cpp:700)
2026-06-03 02:06:25.970 | info     |           Metal |   [   248501500 ..    248501600) |                                        |        0 (profiler_analysis.cpp:700)
2026-06-03 02:06:25.970 | info     |           Metal |   [   248501600 ..    248501700) |                                        |        0 (profiler_analysis.cpp:700)
2026-06-03 02:06:25.970 | info     |           Metal |   [   248501700 ..    248501800) |                                        |        0 (profiler_analysis.cpp:700)
2026-06-03 02:06:25.970 | info     |           Metal |   [   248501800 ..    248501900) |                                        |        0 (profiler_analysis.cpp:700)
2026-06-03 02:06:25.970 | info     |           Metal |   [   248501900 ..    248502000) |                                        |        0 (profiler_analysis.cpp:700)
2026-06-03 02:06:25.970 | info     |           Metal |   [   248502000 ..    248502100) |                                        |        0 (profiler_analysis.cpp:700)
2026-06-03 02:06:25.970 | info     |           Metal |   [   248502100 ..    248502200) |                                        |        0 (profiler_analysis.cpp:700)
[SORT] stage=RP P=742945 P_kept=742945 num_tiles=1024 max_tile_n=4720 bin=12.97 up=0.02 kernel=0.02 d2h=7.12 compact=0.00 publish=0.02 total=24.19ms
2026-06-03 02:06:26.302 | info     |           Metal | Device kernel duration perf summary (device=0): count=1, min=274110006ns, avg=274110006.0ns, max=274110006ns (profiler_analysis.cpp:652)
2026-06-03 02:06:26.302 | info     |           Metal | Device kernel duration perf histogram (device=0): (buckets=10, bucket_size=100ns, range=[274110000..274111000), underflow(<274110000ns)=0, overflow(>=274111000ns)=0) (profiler_analysis.cpp:695)
2026-06-03 02:06:26.302 | info     |           Metal |   [   274110000 ..    274110100) |########################################|        1 (profiler_analysis.cpp:700)
2026-06-03 02:06:26.302 | info     |           Metal |   [   274110100 ..    274110200) |                                        |        0 (profiler_analysis.cpp:700)
2026-06-03 02:06:26.302 | info     |           Metal |   [   274110200 ..    274110300) |                                        |        0 (profiler_analysis.cpp:700)
2026-06-03 02:06:26.302 | info     |           Metal |   [   274110300 ..    274110400) |                                        |        0 (profiler_analysis.cpp:700)
2026-06-03 02:06:26.302 | info     |           Metal |   [   274110400 ..    274110500) |                                        |        0 (profiler_analysis.cpp:700)
2026-06-03 02:06:26.302 | info     |           Metal |   [   274110500 ..    274110600) |                                        |        0 (profiler_analysis.cpp:700)
2026-06-03 02:06:26.302 | info     |           Metal |   [   274110600 ..    274110700) |                                        |        0 (profiler_analysis.cpp:700)
2026-06-03 02:06:26.302 | info     |           Metal |   [   274110700 ..    274110800) |                                        |        0 (profiler_analysis.cpp:700)
2026-06-03 02:06:26.302 | info     |           Metal |   [   274110800 ..    274110900) |                                        |        0 (profiler_analysis.cpp:700)
2026-06-03 02:06:26.302 | info     |           Metal |   [   274110900 ..    274111000) |                                        |        0 (profiler_analysis.cpp:700)
SUMMARY backend=tt blend_mode=2 views=30 hero_vs_gt=46.78dB hero_vs_ref=63.85dB min_vs_ref=56.54dB min_vs_gt=41.19dB ms/view=121.9 (proj=21.5 ta=5.1 sort=17.0 cull=0.0 blend=34.4) shot=opt/metal-screenshots/a003-verify-20260603T020626Z/hero.png shot_diff=opt/metal-screenshots/a003-verify-20260603T020626Z/hero_diff10.png
[render-inner] a003_verify rc=0

Queue delay: 13 ns
Timer resolution: 0 ns

Frames: 2
Time span: 21.53 s
Zones: 1,579,526
Elapsed time: 21.42 s
Saving trace... done!
Trace size 16.21 MB (25.56% ratio)
2026-06-03 02:06:29.927 | INFO     | tracy:generate_report:154 - Host side ops time report generated at /localdev/smarton/gstt2/opt/profiler/wrap_out_ttw-046/.logs/tracy_ops_times.csv
2026-06-03 02:06:29.957 | INFO     | tracy:generate_report:165 - Host side ops data report generated at /localdev/smarton/gstt2/opt/profiler/wrap_out_ttw-046/.logs/tracy_ops_data.csv
2026-06-03 02:06:29.957 | INFO     | tracy.process_ops_logs:import_tracy_op_logs:255 - Importing ops logs
/localdev/smarton/tt-metal/tools/tracy/process_ops_logs.py:360: DtypeWarning: Columns (3) have mixed types. Specify dtype option on import or set low_memory=False.
  df = pd.read_csv(tracyOpTimesLog)
2026-06-03 02:06:31.925 | INFO     | tracy.process_ops_logs:get_device_data_generate_report:1014 - Copying runtime artifacts
2026-06-03 02:06:32.016 | INFO     | tracy.process_ops_logs:get_device_data_generate_report:1020 - Getting device only ops data
2026-06-03 02:06:35.477 | INFO     | tracy.process_device_log:core_to_device_timeseries:416 - Importing Data For Device Number : 0
2026-06-03 02:06:41.298 | INFO     | tracy.process_ops_logs:get_device_data_generate_report:1032 - Generating device op report ...
2026-06-03 02:06:41.430 | INFO     | tracy.process_ops_logs:get_device_data_generate_report:1210 - Device only OPs csv generated at: /localdev/smarton/gstt2/opt/profiler/wrap_out_ttw-046/reports/2026_06_03_02_06_31/ops_perf_results_2026_06_03_02_06_31.csv
2026-06-03 02:06:41.444 | INFO     | tracy.process_ops_logs:get_device_data_generate_report:1219 - Device only per core op to op times csv generated at: /localdev/smarton/gstt2/opt/profiler/wrap_out_ttw-046/reports/2026_06_03_02_06_31/per_core_op_to_op_times_2026_06_03_02_06_31.csv
[capture_tracy] wrapper exited rc=0
[capture_tracy] OK tracy: -rw-rw-r-- 1 smarton smarton 16997347 Jun  3 02:06 /localdev/smarton/gstt2/opt/profiler/ttw-046/render.tracy
[capture_tracy] device profiler CSV data rows: 1016801 (1-view baseline ~65600; ~30x => full 30-view)
[capture_tracy] per-zone-hash device marker counts (each zone repeats ~30x across views):
 177568 13133
 150164 32535
 150164 16443
 122760 49375
 122760 17277
  68324 12391
  40920 52195
  40920 44760
  20460 40868
  20460 34674
  13640 64032
  13640 61648
  13640 60078
  13640 40740
  13640 27140
  13640 24407
  13640 13365
   6820 51185
      1  timer_id
[capture_tracy] DONE rc=0 iter=ttw-046 tracy=/localdev/smarton/gstt2/opt/profiler/ttw-046/render.tracy
