================ BUILD ID ================
  cpp : #155 sha=f18c3c3 bin=325ef2bf2c6a5942 iter47 measurement: regular per-tile zones (rd_bk_emit/rd_overflow/cp_inb/cp_ovf) + TILE_HISTO
  data: #1 sha=b703f70 sync tracy-041 capture script
=========================================
host=yyzo-bh-03  tag=tracy047b  timeout=1200s  worry=600s  ts=2026-06-02T19:55:31-0700
cmd: bash opt/profiler/capture_tracy.sh ttw-047
-----------------------------------------
BUILD-ID VERIFY OK: cpp#155 bin=325ef2bf2c6a5942 matches the built+stamped artifact
[capture_tracy] iter=ttw-047 VIEWS=30 (FULL 30-view render) -> /localdev/smarton/gstt2/opt/profiler/ttw-047/render.tracy
[capture_tracy] flags: TILE_BUCKET=1 BUCKET_FIT=8192 L1_RECORD=1 FUSED_TILE=0 SFPU_CULL=1
[capture_tracy] CMD: python3 -m tracy -r -p -v --dump-device-data-mid-run -o /localdev/smarton/gstt2/opt/profiler/wrap_out_ttw-047 opt/profiler/_render_inner.sh
2026-06-03 02:55:33.116 | INFO     | __main__:main:175 - Setting profiler artifacts folder to /localdev/smarton/gstt2/opt/profiler/wrap_out_ttw-047
2026-06-03 02:55:33.117 | INFO     | __main__:main:336 - Using port 8086
2026-06-03 02:55:33.117 | INFO     | tracy:run_report_setup:88 - Verifying tracy profiling tools
2026-06-03 02:55:33.122 | INFO     | tracy:run_report_setup:108 - Capture command: ('/localdev/smarton/tt-metal/build/tools/profiler/bin/capture-release -o /localdev/smarton/gstt2/opt/profiler/wrap_out_ttw-047/.logs/tracy_profile_log_host.tracy -f -p 8086',)
Connecting to 127.0.0.1:8086...2026-06-03 02:55:33.127 | INFO     | __main__:main:400 - Test process started
[render-inner] python3 scripts/a003_verify.py --backend tt --views 30 (MID_RUN_DUMP=1 DEVICE_PROFILER=1 GSPLAT_TT_PROFILE=1 TRACY_PORT=8086)
2026-06-03 02:55:33.689 | INFO     | __main__:main:175 - Setting profiler artifacts folder to /localdev/smarton/gstt2/opt/profiler/wrap_out_ttw-047
2026-06-03 02:55:35.405 | info     |             UMD | Creating TopologyDiscovery for architecture: blackhole (topology_discovery.cpp:75)
2026-06-03 02:55:35.405 | info     |             UMD | Starting topology discovery. (topology_discovery.cpp:92)
2026-06-03 02:55:35.405 | warning  |             UMD | Low power mode is disabled while UMD holds open file descriptors. The device will return to low power mode once all file descriptors are closed. (topology_discovery.cpp:143)
2026-06-03 02:55:35.405 | warning  |             UMD | KMD version 2.4.1 does not support power state management. (pci_device.cpp:1067)
2026-06-03 02:55:35.406 | info     |             UMD | Established firmware bundle version: 18.12.1 (topology_discovery.cpp:544)
2026-06-03 02:55:35.406 | info     |             UMD | Completed topology discovery. (topology_discovery.cpp:96)
2026-06-03 02:55:35.406 | info     |          Device | Opening user mode device driver (tt_cluster.cpp:225)
2026-06-03 02:55:35.406 | info     |             UMD | Cluster constructor started. (cluster.cpp:317)
2026-06-03 02:55:35.406 | info     |             UMD | Creating TopologyDiscovery for architecture: blackhole (topology_discovery.cpp:75)
2026-06-03 02:55:35.406 | info     |             UMD | Starting topology discovery. (topology_discovery.cpp:92)
2026-06-03 02:55:35.406 | warning  |             UMD | Low power mode is disabled while UMD holds open file descriptors. The device will return to low power mode once all file descriptors are closed. (topology_discovery.cpp:143)
2026-06-03 02:55:35.406 | warning  |             UMD | KMD version 2.4.1 does not support power state management. (pci_device.cpp:1067)
2026-06-03 02:55:35.407 | info     |             UMD | Established firmware bundle version: 18.12.1 (topology_discovery.cpp:544)
2026-06-03 02:55:35.407 | info     |             UMD | Completed topology discovery. (topology_discovery.cpp:96)
2026-06-03 02:55:35.407 | info     |             UMD | Harvesting masks for Chip 0: Tensix: 0xc0 DRAM: 0x8 ETH: 0x3fff PCIe: 0x2 L2CPU: 0x0 (cluster.cpp:270)
2026-06-03 02:55:35.407 | info     |             UMD | Initializing iommu for sysmem (size: 0x40000000). (silicon_sysmem_manager.cpp:334)
2026-06-03 02:55:35.407 | info     |             UMD | Allocating sysmem for IOMMU (size: 0x40000000). (silicon_sysmem_manager.cpp:340)
2026-06-03 02:55:35.446 | warning  |             UMD | KMD version 2.4.1 does not support power state management. (pci_device.cpp:1067)
2026-06-03 02:55:35.446 | info     |             UMD | Opening local chip ids/PCIe ids: {0}/[0] and remote chip ids {} (cluster.cpp:159)
2026-06-03 02:55:35.446 | info     |             UMD | IOMMU: enabled (cluster.cpp:133)
2026-06-03 02:55:35.446 | info     |             UMD | KMD version: 2.4.1 (cluster.cpp:136)
2026-06-03 02:55:35.446 | info     |             UMD | Cluster constructor completed. (cluster.cpp:409)
2026-06-03 02:55:35.447 | info     |             UMD | Starting devices in cluster (cluster.cpp:1044)
2026-06-03 02:55:35.448 | info     |             UMD | Mapped sysmem without hugepages to IOVA 0x80000000; NOC address 0x1000000000000000 (silicon_sysmem_manager.cpp:391)
2026-06-03 02:55:35.448 | info     |             UMD | Starting devices in cluster completed. (cluster.cpp:1052)
2026-06-03 02:55:35.926 | info     |     Distributed | Using auto discovery to generate mesh graph. (metal_env.cpp:332)
2026-06-03 02:55:35.926 | info     |     Distributed | Constructing control plane using auto-discovery (no mesh graph descriptor). (metal_env.cpp:394)
2026-06-03 02:55:35.926 | info     |             UMD | Creating TopologyDiscovery for architecture: blackhole (topology_discovery.cpp:75)
2026-06-03 02:55:35.926 | info     |             UMD | Starting topology discovery. (topology_discovery.cpp:92)
2026-06-03 02:55:35.926 | warning  |             UMD | Low power mode is disabled while UMD holds open file descriptors. The device will return to low power mode once all file descriptors are closed. (topology_discovery.cpp:143)
2026-06-03 02:55:35.926 | warning  |             UMD | KMD version 2.4.1 does not support power state management. (pci_device.cpp:1067)
2026-06-03 02:55:35.926 | info     |             UMD | Established firmware bundle version: 18.12.1 (topology_discovery.cpp:544)
2026-06-03 02:55:35.926 | info     |             UMD | Completed topology discovery. (topology_discovery.cpp:96)
2026-06-03 02:55:35.926 | warning  |          Always | Unknown motherboard 'X670E GAMING PLUS WIFI (MS-7E16)' for chip_id=0 (bus_id=0x1) — defaulting tray_id to 0. Add this motherboard and its bus IDs to mobo_to_bus_ids in physical_system_discovery.cpp. (physical_system_discovery.cpp:62)
2026-06-03 02:55:35.926 | info     |          Fabric | TopologyMapper: Logical Multi-Mesh Adjacency Map: (topology_mapper.cpp:1474)
2026-06-03 02:55:35.926 | info     |          Fabric | 
=== Logical Mesh-Level Graph Adjacency Map ===
Total nodes: 1
Degree histogram: {0:1}
 (topology_solver.tpp:94)
2026-06-03 02:55:35.926 | info     |          Fabric | 
=== Logical Mesh 0 Internal Graph Adjacency Map ===
Total nodes: 1
Degree histogram: {0:1}
 (topology_solver.tpp:94)
2026-06-03 02:55:35.926 | info     |          Fabric | TopologyMapper: Physical Multi-Mesh Adjacency Map: (topology_mapper.cpp:1485)
2026-06-03 02:55:35.926 | info     |          Fabric | 
=== Physical Mesh-Level Graph Adjacency Map ===
Total nodes: 1
Degree histogram: {0:1}
 (topology_solver.tpp:94)
2026-06-03 02:55:35.926 | info     |          Fabric | 
=== Physical Mesh 0 Internal Graph Adjacency Map ===
Total nodes: 1
Degree histogram: {0:1}
 (topology_solver.tpp:94)
2026-06-03 02:55:35.926 | info     |          Fabric | Starting multi-mesh mapping: 1 logical mesh(es) to 1 physical mesh(es) (topology_mapper_utils.cpp:1469)
2026-06-03 02:55:35.926 | info     |          Fabric | Multi-mesh mapping attempt 1/2: Trying inter-mesh mapping (topology_mapper_utils.cpp:1510)
2026-06-03 02:55:35.926 | info     |          Fabric | Attempt 1: Inter-mesh mapping succeeded, found 1 mesh pair(s) (topology_mapper_utils.cpp:1539)
2026-06-03 02:55:35.926 | info     |          Fabric | Attempt 1: Mapping 1 mesh pair(s) (topology_mapper_utils.cpp:1547)
2026-06-03 02:55:35.926 | info     |          Fabric | Attempt 1: Mapping mesh 0 -> 0 (topology_mapper_utils.cpp:1554)
2026-06-03 02:55:35.926 | info     |          Fabric | Multi-mesh mapping succeeded after 1 attempt(s): 1 mesh pair(s) mapped (topology_mapper_utils.cpp:1686)
2026-06-03 02:55:36.022 | info     |           Metal | Profiler started on device 0 (profiler_initializer.cpp:49)
2026-06-03 02:55:36.163 | info     |           Metal | ShmResourceTracker: removed stale shm '/tt_d2h_368926_4254686746_0' (shm_resource_tracker.cpp:265)
2026-06-03 02:55:36.163 | info     |           Metal | ShmResourceTracker: removed stale manifest '/dev/shm/tt_socket_manifest_368926' (shm_resource_tracker.cpp:275)
2026-06-03 02:55:36.163 | info     |           Metal | ShmResourceTracker: removed orphaned shm '/tt_device_7490744194894819707_memory' (shm_resource_tracker.cpp:282)
2026-06-03 02:55:36.750 | info     |           Metal | [Real-time profiler] Device 0 sync complete: 100 samples, frequency=1.349982 GHz, device_time_at_sync=137377939636538 cycles (realtime_profiler_manager.cpp:1082)
[JIT_WARMUP] ideal-path contexts compiled in 0.5 ms
[SORT] stage=RP P=3369033 P_kept=3369033 num_tiles=1024 max_tile_n=26496 bin=44.69 up=0.02 kernel=3.29 d2h=0.00 compact=0.00 publish=2.59 total=50.69ms
[CULL_SPLIT] pipelined (no separate Finish; cull device exec folded under the blend host-setup window; candidates=3369033)
[BLEND_SPLIT] upload+exec=0.0 readback=1939.2 total=1939.2 ms (resident, one Finish)
[BLEND_ADDR] cull_masks=0x12aa1280 out=0x12c7a340(sz=0x600000) tile_ids=0x54d3ec0 xramp=0x12c78340 yramp=0x12c79340 payload=0x0(sz=0x0)
2026-06-03 02:55:39.436 | info     |           Metal | Device kernel duration perf summary (device=0): count=1, min=2264251417ns, avg=2264251417.0ns, max=2264251417ns (profiler_analysis.cpp:652)
2026-06-03 02:55:39.436 | info     |           Metal | Device kernel duration perf histogram (device=0): (buckets=10, bucket_size=100ns, range=[2264251400..2264252400), underflow(<2264251400ns)=0, overflow(>=2264252400ns)=0) (profiler_analysis.cpp:695)
2026-06-03 02:55:39.436 | info     |           Metal |   [  2264251400 ..   2264251500) |########################################|        1 (profiler_analysis.cpp:700)
2026-06-03 02:55:39.436 | info     |           Metal |   [  2264251500 ..   2264251600) |                                        |        0 (profiler_analysis.cpp:700)
2026-06-03 02:55:39.436 | info     |           Metal |   [  2264251600 ..   2264251700) |                                        |        0 (profiler_analysis.cpp:700)
2026-06-03 02:55:39.436 | info     |           Metal |   [  2264251700 ..   2264251800) |                                        |        0 (profiler_analysis.cpp:700)
2026-06-03 02:55:39.436 | info     |           Metal |   [  2264251800 ..   2264251900) |                                        |        0 (profiler_analysis.cpp:700)
2026-06-03 02:55:39.436 | info     |           Metal |   [  2264251900 ..   2264252000) |                                        |        0 (profiler_analysis.cpp:700)
2026-06-03 02:55:39.436 | info     |           Metal |   [  2264252000 ..   2264252100) |                                        |        0 (profiler_analysis.cpp:700)
2026-06-03 02:55:39.436 | info     |           Metal |   [  2264252100 ..   2264252200) |                                        |        0 (profiler_analysis.cpp:700)
2026-06-03 02:55:39.436 | info     |           Metal |   [  2264252200 ..   2264252300) |                                        |        0 (profiler_analysis.cpp:700)
2026-06-03 02:55:39.436 | info     |           Metal |   [  2264252300 ..   2264252400) |                                        |        0 (profiler_analysis.cpp:700)
[SORT] stage=RP P=3369033 P_kept=3369033 num_tiles=1024 max_tile_n=26496 bin=42.84 up=0.02 kernel=0.02 d2h=0.00 compact=0.00 publish=0.02 total=42.98ms
[CULL_SPLIT] pipelined (no separate Finish; cull device exec folded under the blend host-setup window; candidates=3369033)
[BLEND_SPLIT] upload+exec=0.0 readback=183.7 total=183.7 ms (resident, one Finish)
[BLEND_ADDR] cull_masks=0x12aa1280 out=0x12c7a340(sz=0x600000) tile_ids=0x54d3ec0 xramp=0x12c78340 yramp=0x12c79340 payload=0x0(sz=0x0)
2026-06-03 02:55:39.753 | info     |           Metal | Device kernel duration perf summary (device=0): count=1, min=290451825ns, avg=290451825.0ns, max=290451825ns (profiler_analysis.cpp:652)
2026-06-03 02:55:39.753 | info     |           Metal | Device kernel duration perf histogram (device=0): (buckets=10, bucket_size=100ns, range=[290451800..290452800), underflow(<290451800ns)=0, overflow(>=290452800ns)=0) (profiler_analysis.cpp:695)
2026-06-03 02:55:39.753 | info     |           Metal |   [   290451800 ..    290451900) |########################################|        1 (profiler_analysis.cpp:700)
2026-06-03 02:55:39.753 | info     |           Metal |   [   290451900 ..    290452000) |                                        |        0 (profiler_analysis.cpp:700)
2026-06-03 02:55:39.753 | info     |           Metal |   [   290452000 ..    290452100) |                                        |        0 (profiler_analysis.cpp:700)
2026-06-03 02:55:39.753 | info     |           Metal |   [   290452100 ..    290452200) |                                        |        0 (profiler_analysis.cpp:700)
2026-06-03 02:55:39.753 | info     |           Metal |   [   290452200 ..    290452300) |                                        |        0 (profiler_analysis.cpp:700)
2026-06-03 02:55:39.753 | info     |           Metal |   [   290452300 ..    290452400) |                                        |        0 (profiler_analysis.cpp:700)
2026-06-03 02:55:39.753 | info     |           Metal |   [   290452400 ..    290452500) |                                        |        0 (profiler_analysis.cpp:700)
2026-06-03 02:55:39.753 | info     |           Metal |   [   290452500 ..    290452600) |                                        |        0 (profiler_analysis.cpp:700)
2026-06-03 02:55:39.753 | info     |           Metal |   [   290452600 ..    290452700) |                                        |        0 (profiler_analysis.cpp:700)
2026-06-03 02:55:39.753 | info     |           Metal |   [   290452700 ..    290452800) |                                        |        0 (profiler_analysis.cpp:700)
[SORT] stage=RP P=2774729 P_kept=2774729 num_tiles=1024 max_tile_n=25136 bin=34.98 up=0.02 kernel=0.02 d2h=0.00 compact=0.00 publish=0.03 total=35.12ms
[CULL_SPLIT] pipelined (no separate Finish; cull device exec folded under the blend host-setup window; candidates=2774729)
[BLEND_SPLIT] upload+exec=0.0 readback=161.3 total=161.3 ms (resident, one Finish)
[BLEND_ADDR] cull_masks=0x12aa1280 out=0x12c7a340(sz=0x600000) tile_ids=0x54d3ec0 xramp=0x12c78340 yramp=0x12c79340 payload=0x0(sz=0x0)
2026-06-03 02:55:40.033 | info     |           Metal | Device kernel duration perf summary (device=0): count=1, min=251125727ns, avg=251125727.0ns, max=251125727ns (profiler_analysis.cpp:652)
2026-06-03 02:55:40.033 | info     |           Metal | Device kernel duration perf histogram (device=0): (buckets=10, bucket_size=100ns, range=[251125700..251126700), underflow(<251125700ns)=0, overflow(>=251126700ns)=0) (profiler_analysis.cpp:695)
2026-06-03 02:55:40.033 | info     |           Metal |   [   251125700 ..    251125800) |########################################|        1 (profiler_analysis.cpp:700)
2026-06-03 02:55:40.033 | info     |           Metal |   [   251125800 ..    251125900) |                                        |        0 (profiler_analysis.cpp:700)
2026-06-03 02:55:40.033 | info     |           Metal |   [   251125900 ..    251126000) |                                        |        0 (profiler_analysis.cpp:700)
2026-06-03 02:55:40.033 | info     |           Metal |   [   251126000 ..    251126100) |                                        |        0 (profiler_analysis.cpp:700)
2026-06-03 02:55:40.033 | info     |           Metal |   [   251126100 ..    251126200) |                                        |        0 (profiler_analysis.cpp:700)
2026-06-03 02:55:40.033 | info     |           Metal |   [   251126200 ..    251126300) |                                        |        0 (profiler_analysis.cpp:700)
2026-06-03 02:55:40.033 | info     |           Metal |   [   251126300 ..    251126400) |                                        |        0 (profiler_analysis.cpp:700)
2026-06-03 02:55:40.033 | info     |           Metal |   [   251126400 ..    251126500) |                                        |        0 (profiler_analysis.cpp:700)
2026-06-03 02:55:40.033 | info     |           Metal |   [   251126500 ..    251126600) |                                        |        0 (profiler_analysis.cpp:700)
2026-06-03 02:55:40.033 | info     |           Metal |   [   251126600 ..    251126700) |                                        |        0 (profiler_analysis.cpp:700)
[SORT] stage=RP P=3235251 P_kept=3235251 num_tiles=1024 max_tile_n=22592 bin=40.71 up=0.02 kernel=0.02 d2h=0.00 compact=0.00 publish=0.02 total=40.84ms
[CULL_SPLIT] pipelined (no separate Finish; cull device exec folded under the blend host-setup window; candidates=3235251)
[BLEND_SPLIT] upload+exec=0.0 readback=169.2 total=169.2 ms (resident, one Finish)
[BLEND_ADDR] cull_masks=0x12aa1280 out=0x12c7a340(sz=0x600000) tile_ids=0x54d3ec0 xramp=0x12c78340 yramp=0x12c79340 payload=0x0(sz=0x0)
2026-06-03 02:55:40.332 | info     |           Metal | Device kernel duration perf summary (device=0): count=1, min=270922944ns, avg=270922944.0ns, max=270922944ns (profiler_analysis.cpp:652)
2026-06-03 02:55:40.332 | info     |           Metal | Device kernel duration perf histogram (device=0): (buckets=10, bucket_size=100ns, range=[270922900..270923900), underflow(<270922900ns)=0, overflow(>=270923900ns)=0) (profiler_analysis.cpp:695)
2026-06-03 02:55:40.332 | info     |           Metal |   [   270922900 ..    270923000) |########################################|        1 (profiler_analysis.cpp:700)
2026-06-03 02:55:40.332 | info     |           Metal |   [   270923000 ..    270923100) |                                        |        0 (profiler_analysis.cpp:700)
2026-06-03 02:55:40.332 | info     |           Metal |   [   270923100 ..    270923200) |                                        |        0 (profiler_analysis.cpp:700)
2026-06-03 02:55:40.332 | info     |           Metal |   [   270923200 ..    270923300) |                                        |        0 (profiler_analysis.cpp:700)
2026-06-03 02:55:40.332 | info     |           Metal |   [   270923300 ..    270923400) |                                        |        0 (profiler_analysis.cpp:700)
2026-06-03 02:55:40.332 | info     |           Metal |   [   270923400 ..    270923500) |                                        |        0 (profiler_analysis.cpp:700)
2026-06-03 02:55:40.332 | info     |           Metal |   [   270923500 ..    270923600) |                                        |        0 (profiler_analysis.cpp:700)
2026-06-03 02:55:40.332 | info     |           Metal |   [   270923600 ..    270923700) |                                        |        0 (profiler_analysis.cpp:700)
2026-06-03 02:55:40.332 | info     |           Metal |   [   270923700 ..    270923800) |                                        |        0 (profiler_analysis.cpp:700)
2026-06-03 02:55:40.332 | info     |           Metal |   [   270923800 ..    270923900) |                                        |        0 (profiler_analysis.cpp:700)
[SORT] stage=RP P=1753355 P_kept=1753355 num_tiles=1024 max_tile_n=21360 bin=24.41 up=0.02 kernel=0.02 d2h=0.00 compact=0.00 publish=0.03 total=24.55ms
[CULL_SPLIT] pipelined (no separate Finish; cull device exec folded under the blend host-setup window; candidates=1753355)
2026-06-03 02:55:40.559 | info     |           Metal | Device kernel duration perf summary (device=0): count=1, min=194487761ns, avg=194487761.0ns, max=194487761ns (profiler_analysis.cpp:652)
2026-06-03 02:55:40.559 | info     |           Metal | Device kernel duration perf histogram (device=0): (buckets=10, bucket_size=100ns, range=[194487700..194488700), underflow(<194487700ns)=0, overflow(>=194488700ns)=0) (profiler_analysis.cpp:695)
2026-06-03 02:55:40.559 | info     |           Metal |   [   194487700 ..    194487800) |########################################|        1 (profiler_analysis.cpp:700)
2026-06-03 02:55:40.559 | info     |           Metal |   [   194487800 ..    194487900) |                                        |        0 (profiler_analysis.cpp:700)
2026-06-03 02:55:40.559 | info     |           Metal |   [   194487900 ..    194488000) |                                        |        0 (profiler_analysis.cpp:700)
2026-06-03 02:55:40.559 | info     |           Metal |   [   194488000 ..    194488100) |                                        |        0 (profiler_analysis.cpp:700)
2026-06-03 02:55:40.559 | info     |           Metal |   [   194488100 ..    194488200) |                                        |        0 (profiler_analysis.cpp:700)
2026-06-03 02:55:40.559 | info     |           Metal |   [   194488200 ..    194488300) |                                        |        0 (profiler_analysis.cpp:700)
2026-06-03 02:55:40.559 | info     |           Metal |   [   194488300 ..    194488400) |                                        |        0 (profiler_analysis.cpp:700)
2026-06-03 02:55:40.559 | info     |           Metal |   [   194488400 ..    194488500) |                                        |        0 (profiler_analysis.cpp:700)
2026-06-03 02:55:40.559 | info     |           Metal |   [   194488500 ..    194488600) |                                        |        0 (profiler_analysis.cpp:700)
2026-06-03 02:55:40.559 | info     |           Metal |   [   194488600 ..    194488700) |                                        |        0 (profiler_analysis.cpp:700)
[BLEND_SPLIT] upload+exec=0.0 readback=128.7 total=128.7 ms (resident, one Finish)
[BLEND_ADDR] cull_masks=0x12aa1280 out=0x12c7a340(sz=0x600000) tile_ids=0x54d3ec0 xramp=0x12c78340 yramp=0x12c79340 payload=0x0(sz=0x0)
[SORT] stage=RP P=934247 P_kept=934247 num_tiles=1024 max_tile_n=5248 bin=13.72 up=0.02 kernel=0.02 d2h=0.00 compact=0.00 publish=0.02 total=13.85ms
[CULL_SPLIT] pipelined (no separate Finish; cull device exec folded under the blend host-setup window; candidates=934247)
[BLEND_SPLIT] upload+exec=0.0 readback=41.0 total=41.0 ms (resident, one Finish)
[BLEND_ADDR] cull_masks=0x12aa1280 out=0x12c7a340(sz=0x600000) tile_ids=0x54d3ec0 xramp=0x12c78340 yramp=0x12c79340 payload=0x0(sz=0x0)
2026-06-03 02:55:40.672 | info     |           Metal | Device kernel duration perf summary (device=0): count=1, min=85804454ns, avg=85804454.0ns, max=85804454ns (profiler_analysis.cpp:652)
2026-06-03 02:55:40.672 | info     |           Metal | Device kernel duration perf histogram (device=0): (buckets=10, bucket_size=100ns, range=[85804400..85805400), underflow(<85804400ns)=0, overflow(>=85805400ns)=0) (profiler_analysis.cpp:695)
2026-06-03 02:55:40.672 | info     |           Metal |   [    85804400 ..     85804500) |########################################|        1 (profiler_analysis.cpp:700)
2026-06-03 02:55:40.672 | info     |           Metal |   [    85804500 ..     85804600) |                                        |        0 (profiler_analysis.cpp:700)
2026-06-03 02:55:40.672 | info     |           Metal |   [    85804600 ..     85804700) |                                        |        0 (profiler_analysis.cpp:700)
2026-06-03 02:55:40.672 | info     |           Metal |   [    85804700 ..     85804800) |                                        |        0 (profiler_analysis.cpp:700)
2026-06-03 02:55:40.672 | info     |           Metal |   [    85804800 ..     85804900) |                                        |        0 (profiler_analysis.cpp:700)
2026-06-03 02:55:40.672 | info     |           Metal |   [    85804900 ..     85805000) |                                        |        0 (profiler_analysis.cpp:700)
2026-06-03 02:55:40.672 | info     |           Metal |   [    85805000 ..     85805100) |                                        |        0 (profiler_analysis.cpp:700)
2026-06-03 02:55:40.672 | info     |           Metal |   [    85805100 ..     85805200) |                                        |        0 (profiler_analysis.cpp:700)
2026-06-03 02:55:40.672 | info     |           Metal |   [    85805200 ..     85805300) |                                        |        0 (profiler_analysis.cpp:700)
2026-06-03 02:55:40.672 | info     |           Metal |   [    85805300 ..     85805400) |                                        |        0 (profiler_analysis.cpp:700)
[SORT] stage=RP P=1124461 P_kept=1124461 num_tiles=1024 max_tile_n=6544 bin=16.40 up=0.02 kernel=0.02 d2h=0.00 compact=0.00 publish=0.02 total=16.53ms
[CULL_SPLIT] pipelined (no separate Finish; cull device exec folded under the blend host-setup window; candidates=1124461)
[BLEND_SPLIT] upload+exec=0.0 readback=47.6 total=47.6 ms (resident, one Finish)
[BLEND_ADDR] cull_masks=0x12aa1280 out=0x12c7a340(sz=0x600000) tile_ids=0x54d3ec0 xramp=0x12c78340 yramp=0x12c79340 payload=0x0(sz=0x0)
2026-06-03 02:55:40.798 | info     |           Metal | Device kernel duration perf summary (device=0): count=1, min=97439961ns, avg=97439961.0ns, max=97439961ns (profiler_analysis.cpp:652)
2026-06-03 02:55:40.798 | info     |           Metal | Device kernel duration perf histogram (device=0): (buckets=10, bucket_size=100ns, range=[97439900..97440900), underflow(<97439900ns)=0, overflow(>=97440900ns)=0) (profiler_analysis.cpp:695)
2026-06-03 02:55:40.798 | info     |           Metal |   [    97439900 ..     97440000) |########################################|        1 (profiler_analysis.cpp:700)
2026-06-03 02:55:40.798 | info     |           Metal |   [    97440000 ..     97440100) |                                        |        0 (profiler_analysis.cpp:700)
2026-06-03 02:55:40.798 | info     |           Metal |   [    97440100 ..     97440200) |                                        |        0 (profiler_analysis.cpp:700)
2026-06-03 02:55:40.798 | info     |           Metal |   [    97440200 ..     97440300) |                                        |        0 (profiler_analysis.cpp:700)
2026-06-03 02:55:40.798 | info     |           Metal |   [    97440300 ..     97440400) |                                        |        0 (profiler_analysis.cpp:700)
2026-06-03 02:55:40.798 | info     |           Metal |   [    97440400 ..     97440500) |                                        |        0 (profiler_analysis.cpp:700)
2026-06-03 02:55:40.798 | info     |           Metal |   [    97440500 ..     97440600) |                                        |        0 (profiler_analysis.cpp:700)
2026-06-03 02:55:40.798 | info     |           Metal |   [    97440600 ..     97440700) |                                        |        0 (profiler_analysis.cpp:700)
2026-06-03 02:55:40.798 | info     |           Metal |   [    97440700 ..     97440800) |                                        |        0 (profiler_analysis.cpp:700)
2026-06-03 02:55:40.798 | info     |           Metal |   [    97440800 ..     97440900) |                                        |        0 (profiler_analysis.cpp:700)
[SORT] stage=RP P=835298 P_kept=835298 num_tiles=1024 max_tile_n=5536 bin=13.39 up=0.02 kernel=0.02 d2h=0.00 compact=0.00 publish=0.02 total=13.51ms
[CULL_SPLIT] pipelined (no separate Finish; cull device exec folded under the blend host-setup window; candidates=835298)
[BLEND_SPLIT] upload+exec=0.0 readback=37.9 total=37.9 ms (resident, one Finish)
[BLEND_ADDR] cull_masks=0x12aa1280 out=0x12c7a340(sz=0x600000) tile_ids=0x54d3ec0 xramp=0x12c78340 yramp=0x12c79340 payload=0x0(sz=0x0)
2026-06-03 02:55:40.905 | info     |           Metal | Device kernel duration perf summary (device=0): count=1, min=79424973ns, avg=79424973.0ns, max=79424973ns (profiler_analysis.cpp:652)
2026-06-03 02:55:40.905 | info     |           Metal | Device kernel duration perf histogram (device=0): (buckets=10, bucket_size=100ns, range=[79424900..79425900), underflow(<79424900ns)=0, overflow(>=79425900ns)=0) (profiler_analysis.cpp:695)
2026-06-03 02:55:40.905 | info     |           Metal |   [    79424900 ..     79425000) |########################################|        1 (profiler_analysis.cpp:700)
2026-06-03 02:55:40.905 | info     |           Metal |   [    79425000 ..     79425100) |                                        |        0 (profiler_analysis.cpp:700)
2026-06-03 02:55:40.905 | info     |           Metal |   [    79425100 ..     79425200) |                                        |        0 (profiler_analysis.cpp:700)
2026-06-03 02:55:40.905 | info     |           Metal |   [    79425200 ..     79425300) |                                        |        0 (profiler_analysis.cpp:700)
2026-06-03 02:55:40.905 | info     |           Metal |   [    79425300 ..     79425400) |                                        |        0 (profiler_analysis.cpp:700)
2026-06-03 02:55:40.905 | info     |           Metal |   [    79425400 ..     79425500) |                                        |        0 (profiler_analysis.cpp:700)
2026-06-03 02:55:40.905 | info     |           Metal |   [    79425500 ..     79425600) |                                        |        0 (profiler_analysis.cpp:700)
2026-06-03 02:55:40.905 | info     |           Metal |   [    79425600 ..     79425700) |                                        |        0 (profiler_analysis.cpp:700)
2026-06-03 02:55:40.905 | info     |           Metal |   [    79425700 ..     79425800) |                                        |        0 (profiler_analysis.cpp:700)
2026-06-03 02:55:40.905 | info     |           Metal |   [    79425800 ..     79425900) |                                        |        0 (profiler_analysis.cpp:700)
[SORT] stage=RP P=1067596 P_kept=1067596 num_tiles=1024 max_tile_n=5104 bin=15.62 up=0.02 kernel=0.02 d2h=0.00 compact=0.00 publish=0.03 total=15.75ms
[CULL_SPLIT] pipelined (no separate Finish; cull device exec folded under the blend host-setup window; candidates=1067596)
[BLEND_SPLIT] upload+exec=0.0 readback=43.6 total=43.6 ms (resident, one Finish)
[BLEND_ADDR] cull_masks=0x12aa1280 out=0x12c7a340(sz=0x600000) tile_ids=0x54d3ec0 xramp=0x12c78340 yramp=0x12c79340 payload=0x0(sz=0x0)
2026-06-03 02:55:41.020 | info     |           Metal | Device kernel duration perf summary (device=0): count=1, min=88179700ns, avg=88179700.0ns, max=88179700ns (profiler_analysis.cpp:652)
2026-06-03 02:55:41.020 | info     |           Metal | Device kernel duration perf histogram (device=0): (buckets=10, bucket_size=100ns, range=[88179700..88180700), underflow(<88179700ns)=0, overflow(>=88180700ns)=0) (profiler_analysis.cpp:695)
2026-06-03 02:55:41.020 | info     |           Metal |   [    88179700 ..     88179800) |########################################|        1 (profiler_analysis.cpp:700)
2026-06-03 02:55:41.020 | info     |           Metal |   [    88179800 ..     88179900) |                                        |        0 (profiler_analysis.cpp:700)
2026-06-03 02:55:41.020 | info     |           Metal |   [    88179900 ..     88180000) |                                        |        0 (profiler_analysis.cpp:700)
2026-06-03 02:55:41.020 | info     |           Metal |   [    88180000 ..     88180100) |                                        |        0 (profiler_analysis.cpp:700)
2026-06-03 02:55:41.020 | info     |           Metal |   [    88180100 ..     88180200) |                                        |        0 (profiler_analysis.cpp:700)
2026-06-03 02:55:41.020 | info     |           Metal |   [    88180200 ..     88180300) |                                        |        0 (profiler_analysis.cpp:700)
2026-06-03 02:55:41.020 | info     |           Metal |   [    88180300 ..     88180400) |                                        |        0 (profiler_analysis.cpp:700)
2026-06-03 02:55:41.020 | info     |           Metal |   [    88180400 ..     88180500) |                                        |        0 (profiler_analysis.cpp:700)
2026-06-03 02:55:41.020 | info     |           Metal |   [    88180500 ..     88180600) |                                        |        0 (profiler_analysis.cpp:700)
2026-06-03 02:55:41.020 | info     |           Metal |   [    88180600 ..     88180700) |                                        |        0 (profiler_analysis.cpp:700)
[SORT] stage=RP P=1024763 P_kept=1024763 num_tiles=1024 max_tile_n=4672 bin=16.56 up=0.02 kernel=0.02 d2h=0.00 compact=0.00 publish=0.02 total=16.68ms
[CULL_SPLIT] pipelined (no separate Finish; cull device exec folded under the blend host-setup window; candidates=1024763)
[BLEND_SPLIT] upload+exec=0.0 readback=42.2 total=42.2 ms (resident, one Finish)
[BLEND_ADDR] cull_masks=0x12aa1280 out=0x12c7a340(sz=0x600000) tile_ids=0x54d3ec0 xramp=0x12c78340 yramp=0x12c79340 payload=0x0(sz=0x0)
2026-06-03 02:55:41.134 | info     |           Metal | Device kernel duration perf summary (device=0): count=1, min=86541949ns, avg=86541949.0ns, max=86541949ns (profiler_analysis.cpp:652)
2026-06-03 02:55:41.134 | info     |           Metal | Device kernel duration perf histogram (device=0): (buckets=10, bucket_size=100ns, range=[86541900..86542900), underflow(<86541900ns)=0, overflow(>=86542900ns)=0) (profiler_analysis.cpp:695)
2026-06-03 02:55:41.134 | info     |           Metal |   [    86541900 ..     86542000) |########################################|        1 (profiler_analysis.cpp:700)
2026-06-03 02:55:41.134 | info     |           Metal |   [    86542000 ..     86542100) |                                        |        0 (profiler_analysis.cpp:700)
2026-06-03 02:55:41.134 | info     |           Metal |   [    86542100 ..     86542200) |                                        |        0 (profiler_analysis.cpp:700)
2026-06-03 02:55:41.134 | info     |           Metal |   [    86542200 ..     86542300) |                                        |        0 (profiler_analysis.cpp:700)
2026-06-03 02:55:41.134 | info     |           Metal |   [    86542300 ..     86542400) |                                        |        0 (profiler_analysis.cpp:700)
2026-06-03 02:55:41.134 | info     |           Metal |   [    86542400 ..     86542500) |                                        |        0 (profiler_analysis.cpp:700)
2026-06-03 02:55:41.134 | info     |           Metal |   [    86542500 ..     86542600) |                                        |        0 (profiler_analysis.cpp:700)
2026-06-03 02:55:41.134 | info     |           Metal |   [    86542600 ..     86542700) |                                        |        0 (profiler_analysis.cpp:700)
2026-06-03 02:55:41.134 | info     |           Metal |   [    86542700 ..     86542800) |                                        |        0 (profiler_analysis.cpp:700)
2026-06-03 02:55:41.134 | info     |           Metal |   [    86542800 ..     86542900) |                                        |        0 (profiler_analysis.cpp:700)
[SORT] stage=RP P=779787 P_kept=779787 num_tiles=1024 max_tile_n=3616 bin=13.61 up=0.02 kernel=0.02 d2h=0.00 compact=0.00 publish=0.02 total=13.73ms
[CULL_SPLIT] pipelined (no separate Finish; cull device exec folded under the blend host-setup window; candidates=779787)
[BLEND_SPLIT] upload+exec=0.0 readback=34.2 total=34.2 ms (resident, one Finish)
[BLEND_ADDR] cull_masks=0x12aa1280 out=0x12c7a340(sz=0x600000) tile_ids=0x54d3ec0 xramp=0x12c78340 yramp=0x12c79340 payload=0x0(sz=0x0)
2026-06-03 02:55:41.234 | info     |           Metal | Device kernel duration perf summary (device=0): count=1, min=72608881ns, avg=72608881.0ns, max=72608881ns (profiler_analysis.cpp:652)
2026-06-03 02:55:41.234 | info     |           Metal | Device kernel duration perf histogram (device=0): (buckets=10, bucket_size=100ns, range=[72608800..72609800), underflow(<72608800ns)=0, overflow(>=72609800ns)=0) (profiler_analysis.cpp:695)
2026-06-03 02:55:41.234 | info     |           Metal |   [    72608800 ..     72608900) |########################################|        1 (profiler_analysis.cpp:700)
2026-06-03 02:55:41.234 | info     |           Metal |   [    72608900 ..     72609000) |                                        |        0 (profiler_analysis.cpp:700)
2026-06-03 02:55:41.234 | info     |           Metal |   [    72609000 ..     72609100) |                                        |        0 (profiler_analysis.cpp:700)
2026-06-03 02:55:41.234 | info     |           Metal |   [    72609100 ..     72609200) |                                        |        0 (profiler_analysis.cpp:700)
2026-06-03 02:55:41.234 | info     |           Metal |   [    72609200 ..     72609300) |                                        |        0 (profiler_analysis.cpp:700)
2026-06-03 02:55:41.234 | info     |           Metal |   [    72609300 ..     72609400) |                                        |        0 (profiler_analysis.cpp:700)
2026-06-03 02:55:41.234 | info     |           Metal |   [    72609400 ..     72609500) |                                        |        0 (profiler_analysis.cpp:700)
2026-06-03 02:55:41.234 | info     |           Metal |   [    72609500 ..     72609600) |                                        |        0 (profiler_analysis.cpp:700)
2026-06-03 02:55:41.234 | info     |           Metal |   [    72609600 ..     72609700) |                                        |        0 (profiler_analysis.cpp:700)
2026-06-03 02:55:41.234 | info     |           Metal |   [    72609700 ..     72609800) |                                        |        0 (profiler_analysis.cpp:700)
2026-06-03 02:55:41.312 | info     |           Metal | Device kernel duration perf summary (device=0): count=1, min=49965445ns, avg=49965445.0ns, max=49965445ns (profiler_analysis.cpp:652)
2026-06-03 02:55:41.312 | info     |           Metal | Device kernel duration perf histogram (device=0): (buckets=10, bucket_size=100ns, range=[49965400..49966400), underflow(<49965400ns)=0, overflow(>=49966400ns)=0) (profiler_analysis.cpp:695)
2026-06-03 02:55:41.312 | info     |           Metal |   [    49965400 ..     49965500) |########################################|        1 (profiler_analysis.cpp:700)
2026-06-03 02:55:41.312 | info     |           Metal |   [    49965500 ..     49965600) |                                        |        0 (profiler_analysis.cpp:700)
2026-06-03 02:55:41.312 | info     |           Metal |   [    49965600 ..     49965700) |                                        |        0 (profiler_analysis.cpp:700)
2026-06-03 02:55:41.312 | info     |           Metal |   [    49965700 ..     49965800) |                                        |        0 (profiler_analysis.cpp:700)
2026-06-03 02:55:41.312 | info     |           Metal |   [    49965800 ..     49965900) |                                        |        0 (profiler_analysis.cpp:700)
2026-06-03 02:55:41.312 | info     |           Metal |   [    49965900 ..     49966000) |                                        |        0 (profiler_analysis.cpp:700)
2026-06-03 02:55:41.312 | info     |           Metal |   [    49966000 ..     49966100) |                                        |        0 (profiler_analysis.cpp:700)
2026-06-03 02:55:41.312 | info     |           Metal |   [    49966100 ..     49966200) |                                        |        0 (profiler_analysis.cpp:700)
2026-06-03 02:55:41.312 | info     |           Metal |   [    49966200 ..     49966300) |                                        |        0 (profiler_analysis.cpp:700)
2026-06-03 02:55:41.312 | info     |           Metal |   [    49966300 ..     49966400) |                                        |        0 (profiler_analysis.cpp:700)
[SORT] stage=RP P=402318 P_kept=402318 num_tiles=1024 max_tile_n=2704 bin=8.35 up=0.02 kernel=0.02 d2h=0.00 compact=0.00 publish=0.02 total=8.48ms
[CULL_SPLIT] pipelined (no separate Finish; cull device exec folded under the blend host-setup window; candidates=402318)
[BLEND_SPLIT] upload+exec=0.0 readback=21.2 total=21.2 ms (resident, one Finish)
[BLEND_ADDR] cull_masks=0x12aa1280 out=0x12c7a340(sz=0x600000) tile_ids=0x54d3ec0 xramp=0x12c78340 yramp=0x12c79340 payload=0x0(sz=0x0)
[SORT] stage=RP P=638458 P_kept=638458 num_tiles=1024 max_tile_n=3360 bin=12.09 up=0.02 kernel=0.02 d2h=0.00 compact=0.00 publish=0.02 total=12.21ms
[CULL_SPLIT] pipelined (no separate Finish; cull device exec folded under the blend host-setup window; candidates=638458)
[BLEND_SPLIT] upload+exec=0.0 readback=30.5 total=30.5 ms (resident, one Finish)
[BLEND_ADDR] cull_masks=0x12aa1280 out=0x12c7a340(sz=0x600000) tile_ids=0x54d3ec0 xramp=0x12c78340 yramp=0x12c79340 payload=0x0(sz=0x0)
2026-06-03 02:55:41.405 | info     |           Metal | Device kernel duration perf summary (device=0): count=1, min=66065002ns, avg=66065002.0ns, max=66065002ns (profiler_analysis.cpp:652)
2026-06-03 02:55:41.405 | info     |           Metal | Device kernel duration perf histogram (device=0): (buckets=10, bucket_size=100ns, range=[66065000..66066000), underflow(<66065000ns)=0, overflow(>=66066000ns)=0) (profiler_analysis.cpp:695)
2026-06-03 02:55:41.405 | info     |           Metal |   [    66065000 ..     66065100) |########################################|        1 (profiler_analysis.cpp:700)
2026-06-03 02:55:41.405 | info     |           Metal |   [    66065100 ..     66065200) |                                        |        0 (profiler_analysis.cpp:700)
2026-06-03 02:55:41.405 | info     |           Metal |   [    66065200 ..     66065300) |                                        |        0 (profiler_analysis.cpp:700)
2026-06-03 02:55:41.405 | info     |           Metal |   [    66065300 ..     66065400) |                                        |        0 (profiler_analysis.cpp:700)
2026-06-03 02:55:41.405 | info     |           Metal |   [    66065400 ..     66065500) |                                        |        0 (profiler_analysis.cpp:700)
2026-06-03 02:55:41.405 | info     |           Metal |   [    66065500 ..     66065600) |                                        |        0 (profiler_analysis.cpp:700)
2026-06-03 02:55:41.405 | info     |           Metal |   [    66065600 ..     66065700) |                                        |        0 (profiler_analysis.cpp:700)
2026-06-03 02:55:41.405 | info     |           Metal |   [    66065700 ..     66065800) |                                        |        0 (profiler_analysis.cpp:700)
2026-06-03 02:55:41.405 | info     |           Metal |   [    66065800 ..     66065900) |                                        |        0 (profiler_analysis.cpp:700)
2026-06-03 02:55:41.405 | info     |           Metal |   [    66065900 ..     66066000) |                                        |        0 (profiler_analysis.cpp:700)
[SORT] stage=RP P=486800 P_kept=486800 num_tiles=1024 max_tile_n=3952 bin=10.40 up=0.02 kernel=0.02 d2h=0.00 compact=0.00 publish=0.02 total=10.53ms
[CULL_SPLIT] pipelined (no separate Finish; cull device exec folded under the blend host-setup window; candidates=486800)
2026-06-03 02:55:41.491 | info     |           Metal | Device kernel duration perf summary (device=0): count=1, min=58209061ns, avg=58209061.0ns, max=58209061ns (profiler_analysis.cpp:652)
2026-06-03 02:55:41.491 | info     |           Metal | Device kernel duration perf histogram (device=0): (buckets=10, bucket_size=100ns, range=[58209000..58210000), underflow(<58209000ns)=0, overflow(>=58210000ns)=0) (profiler_analysis.cpp:695)
2026-06-03 02:55:41.491 | info     |           Metal |   [    58209000 ..     58209100) |########################################|        1 (profiler_analysis.cpp:700)
2026-06-03 02:55:41.491 | info     |           Metal |   [    58209100 ..     58209200) |                                        |        0 (profiler_analysis.cpp:700)
2026-06-03 02:55:41.491 | info     |           Metal |   [    58209200 ..     58209300) |                                        |        0 (profiler_analysis.cpp:700)
2026-06-03 02:55:41.491 | info     |           Metal |   [    58209300 ..     58209400) |                                        |        0 (profiler_analysis.cpp:700)
2026-06-03 02:55:41.491 | info     |           Metal |   [    58209400 ..     58209500) |                                        |        0 (profiler_analysis.cpp:700)
2026-06-03 02:55:41.491 | info     |           Metal |   [    58209500 ..     58209600) |                                        |        0 (profiler_analysis.cpp:700)
2026-06-03 02:55:41.491 | info     |           Metal |   [    58209600 ..     58209700) |                                        |        0 (profiler_analysis.cpp:700)
2026-06-03 02:55:41.491 | info     |           Metal |   [    58209700 ..     58209800) |                                        |        0 (profiler_analysis.cpp:700)
2026-06-03 02:55:41.491 | info     |           Metal |   [    58209800 ..     58209900) |                                        |        0 (profiler_analysis.cpp:700)
2026-06-03 02:55:41.491 | info     |           Metal |   [    58209900 ..     58210000) |                                        |        0 (profiler_analysis.cpp:700)
[BLEND_SPLIT] upload+exec=0.0 readback=25.7 total=25.7 ms (resident, one Finish)
[BLEND_ADDR] cull_masks=0x12aa1280 out=0x12c7a340(sz=0x600000) tile_ids=0x54d3ec0 xramp=0x12c78340 yramp=0x12c79340 payload=0x0(sz=0x0)
[SORT] stage=RP P=602411 P_kept=602411 num_tiles=1024 max_tile_n=4432 bin=10.43 up=0.02 kernel=0.02 d2h=0.00 compact=0.00 publish=0.02 total=10.56ms
[CULL_SPLIT] pipelined (no separate Finish; cull device exec folded under the blend host-setup window; candidates=602411)
2026-06-03 02:55:41.582 | info     |           Metal | Device kernel duration perf summary (device=0): count=1, min=63615836ns, avg=63615836.0ns, max=63615836ns (profiler_analysis.cpp:652)
2026-06-03 02:55:41.582 | info     |           Metal | Device kernel duration perf histogram (device=0): (buckets=10, bucket_size=100ns, range=[63615800..63616800), underflow(<63615800ns)=0, overflow(>=63616800ns)=0) (profiler_analysis.cpp:695)
2026-06-03 02:55:41.582 | info     |           Metal |   [    63615800 ..     63615900) |########################################|        1 (profiler_analysis.cpp:700)
2026-06-03 02:55:41.582 | info     |           Metal |   [    63615900 ..     63616000) |                                        |        0 (profiler_analysis.cpp:700)
2026-06-03 02:55:41.582 | info     |           Metal |   [    63616000 ..     63616100) |                                        |        0 (profiler_analysis.cpp:700)
2026-06-03 02:55:41.582 | info     |           Metal |   [    63616100 ..     63616200) |                                        |        0 (profiler_analysis.cpp:700)
2026-06-03 02:55:41.582 | info     |           Metal |   [    63616200 ..     63616300) |                                        |        0 (profiler_analysis.cpp:700)
2026-06-03 02:55:41.582 | info     |           Metal |   [    63616300 ..     63616400) |                                        |        0 (profiler_analysis.cpp:700)
2026-06-03 02:55:41.582 | info     |           Metal |   [    63616400 ..     63616500) |                                        |        0 (profiler_analysis.cpp:700)
2026-06-03 02:55:41.582 | info     |           Metal |   [    63616500 ..     63616600) |                                        |        0 (profiler_analysis.cpp:700)
2026-06-03 02:55:41.582 | info     |           Metal |   [    63616600 ..     63616700) |                                        |        0 (profiler_analysis.cpp:700)
2026-06-03 02:55:41.582 | info     |           Metal |   [    63616700 ..     63616800) |                                        |        0 (profiler_analysis.cpp:700)
[BLEND_SPLIT] upload+exec=0.0 readback=29.5 total=29.5 ms (resident, one Finish)
[BLEND_ADDR] cull_masks=0x12aa1280 out=0x12c7a340(sz=0x600000) tile_ids=0x54d3ec0 xramp=0x12c78340 yramp=0x12c79340 payload=0x0(sz=0x0)
[SORT] stage=RP P=629297 P_kept=629297 num_tiles=1024 max_tile_n=4928 bin=10.64 up=0.02 kernel=0.02 d2h=0.00 compact=0.00 publish=0.02 total=10.77ms
[CULL_SPLIT] pipelined (no separate Finish; cull device exec folded under the blend host-setup window; candidates=629297)
[BLEND_SPLIT] upload+exec=0.0 readback=29.8 total=29.8 ms (resident, one Finish)
[BLEND_ADDR] cull_masks=0x12aa1280 out=0x12c7a340(sz=0x600000) tile_ids=0x54d3ec0 xramp=0x12c78340 yramp=0x12c79340 payload=0x0(sz=0x0)
2026-06-03 02:55:41.673 | info     |           Metal | Device kernel duration perf summary (device=0): count=1, min=64151133ns, avg=64151133.0ns, max=64151133ns (profiler_analysis.cpp:652)
2026-06-03 02:55:41.673 | info     |           Metal | Device kernel duration perf histogram (device=0): (buckets=10, bucket_size=100ns, range=[64151100..64152100), underflow(<64151100ns)=0, overflow(>=64152100ns)=0) (profiler_analysis.cpp:695)
2026-06-03 02:55:41.673 | info     |           Metal |   [    64151100 ..     64151200) |########################################|        1 (profiler_analysis.cpp:700)
2026-06-03 02:55:41.673 | info     |           Metal |   [    64151200 ..     64151300) |                                        |        0 (profiler_analysis.cpp:700)
2026-06-03 02:55:41.673 | info     |           Metal |   [    64151300 ..     64151400) |                                        |        0 (profiler_analysis.cpp:700)
2026-06-03 02:55:41.673 | info     |           Metal |   [    64151400 ..     64151500) |                                        |        0 (profiler_analysis.cpp:700)
2026-06-03 02:55:41.673 | info     |           Metal |   [    64151500 ..     64151600) |                                        |        0 (profiler_analysis.cpp:700)
2026-06-03 02:55:41.673 | info     |           Metal |   [    64151600 ..     64151700) |                                        |        0 (profiler_analysis.cpp:700)
2026-06-03 02:55:41.673 | info     |           Metal |   [    64151700 ..     64151800) |                                        |        0 (profiler_analysis.cpp:700)
2026-06-03 02:55:41.673 | info     |           Metal |   [    64151800 ..     64151900) |                                        |        0 (profiler_analysis.cpp:700)
2026-06-03 02:55:41.673 | info     |           Metal |   [    64151900 ..     64152000) |                                        |        0 (profiler_analysis.cpp:700)
2026-06-03 02:55:41.673 | info     |           Metal |   [    64152000 ..     64152100) |                                        |        0 (profiler_analysis.cpp:700)
[SORT] stage=RP P=574474 P_kept=574474 num_tiles=1024 max_tile_n=4784 bin=11.30 up=0.02 kernel=0.02 d2h=0.00 compact=0.00 publish=0.03 total=11.43ms
[CULL_SPLIT] pipelined (no separate Finish; cull device exec folded under the blend host-setup window; candidates=574474)
[BLEND_SPLIT] upload+exec=0.0 readback=28.3 total=28.3 ms (resident, one Finish)
[BLEND_ADDR] cull_masks=0x12aa1280 out=0x12c7a340(sz=0x600000) tile_ids=0x54d3ec0 xramp=0x12c78340 yramp=0x12c79340 payload=0x0(sz=0x0)
2026-06-03 02:55:41.764 | info     |           Metal | Device kernel duration perf summary (device=0): count=1, min=63355393ns, avg=63355393.0ns, max=63355393ns (profiler_analysis.cpp:652)
2026-06-03 02:55:41.764 | info     |           Metal | Device kernel duration perf histogram (device=0): (buckets=10, bucket_size=100ns, range=[63355300..63356300), underflow(<63355300ns)=0, overflow(>=63356300ns)=0) (profiler_analysis.cpp:695)
2026-06-03 02:55:41.764 | info     |           Metal |   [    63355300 ..     63355400) |########################################|        1 (profiler_analysis.cpp:700)
2026-06-03 02:55:41.764 | info     |           Metal |   [    63355400 ..     63355500) |                                        |        0 (profiler_analysis.cpp:700)
2026-06-03 02:55:41.764 | info     |           Metal |   [    63355500 ..     63355600) |                                        |        0 (profiler_analysis.cpp:700)
2026-06-03 02:55:41.764 | info     |           Metal |   [    63355600 ..     63355700) |                                        |        0 (profiler_analysis.cpp:700)
2026-06-03 02:55:41.764 | info     |           Metal |   [    63355700 ..     63355800) |                                        |        0 (profiler_analysis.cpp:700)
2026-06-03 02:55:41.764 | info     |           Metal |   [    63355800 ..     63355900) |                                        |        0 (profiler_analysis.cpp:700)
2026-06-03 02:55:41.764 | info     |           Metal |   [    63355900 ..     63356000) |                                        |        0 (profiler_analysis.cpp:700)
2026-06-03 02:55:41.764 | info     |           Metal |   [    63356000 ..     63356100) |                                        |        0 (profiler_analysis.cpp:700)
2026-06-03 02:55:41.764 | info     |           Metal |   [    63356100 ..     63356200) |                                        |        0 (profiler_analysis.cpp:700)
2026-06-03 02:55:41.764 | info     |           Metal |   [    63356200 ..     63356300) |                                        |        0 (profiler_analysis.cpp:700)
[SORT] stage=RP P=508814 P_kept=508814 num_tiles=1024 max_tile_n=4560 bin=10.74 up=0.02 kernel=0.02 d2h=0.00 compact=0.00 publish=0.02 total=10.86ms
[CULL_SPLIT] pipelined (no separate Finish; cull device exec folded under the blend host-setup window; candidates=508814)
[BLEND_SPLIT] upload+exec=0.0 readback=26.2 total=26.2 ms (resident, one Finish)
[BLEND_ADDR] cull_masks=0x12aa1280 out=0x12c7a340(sz=0x600000) tile_ids=0x54d3ec0 xramp=0x12c78340 yramp=0x12c79340 payload=0x0(sz=0x0)
2026-06-03 02:55:41.850 | info     |           Metal | Device kernel duration perf summary (device=0): count=1, min=59892564ns, avg=59892564.0ns, max=59892564ns (profiler_analysis.cpp:652)
2026-06-03 02:55:41.850 | info     |           Metal | Device kernel duration perf histogram (device=0): (buckets=10, bucket_size=100ns, range=[59892500..59893500), underflow(<59892500ns)=0, overflow(>=59893500ns)=0) (profiler_analysis.cpp:695)
2026-06-03 02:55:41.850 | info     |           Metal |   [    59892500 ..     59892600) |########################################|        1 (profiler_analysis.cpp:700)
2026-06-03 02:55:41.850 | info     |           Metal |   [    59892600 ..     59892700) |                                        |        0 (profiler_analysis.cpp:700)
2026-06-03 02:55:41.850 | info     |           Metal |   [    59892700 ..     59892800) |                                        |        0 (profiler_analysis.cpp:700)
2026-06-03 02:55:41.850 | info     |           Metal |   [    59892800 ..     59892900) |                                        |        0 (profiler_analysis.cpp:700)
2026-06-03 02:55:41.850 | info     |           Metal |   [    59892900 ..     59893000) |                                        |        0 (profiler_analysis.cpp:700)
2026-06-03 02:55:41.850 | info     |           Metal |   [    59893000 ..     59893100) |                                        |        0 (profiler_analysis.cpp:700)
2026-06-03 02:55:41.850 | info     |           Metal |   [    59893100 ..     59893200) |                                        |        0 (profiler_analysis.cpp:700)
2026-06-03 02:55:41.850 | info     |           Metal |   [    59893200 ..     59893300) |                                        |        0 (profiler_analysis.cpp:700)
2026-06-03 02:55:41.850 | info     |           Metal |   [    59893300 ..     59893400) |                                        |        0 (profiler_analysis.cpp:700)
2026-06-03 02:55:41.850 | info     |           Metal |   [    59893400 ..     59893500) |                                        |        0 (profiler_analysis.cpp:700)
[SORT] stage=RP P=414994 P_kept=414994 num_tiles=1024 max_tile_n=3520 bin=9.61 up=0.02 kernel=0.02 d2h=0.00 compact=0.00 publish=0.02 total=9.75ms
[CULL_SPLIT] pipelined (no separate Finish; cull device exec folded under the blend host-setup window; candidates=414994)
[BLEND_SPLIT] upload+exec=0.0 readback=23.2 total=23.2 ms (resident, one Finish)
[BLEND_ADDR] cull_masks=0x12aa1280 out=0x12c7a340(sz=0x600000) tile_ids=0x54d3ec0 xramp=0x12c78340 yramp=0x12c79340 payload=0x0(sz=0x0)
2026-06-03 02:55:41.931 | info     |           Metal | Device kernel duration perf summary (device=0): count=1, min=54602159ns, avg=54602159.0ns, max=54602159ns (profiler_analysis.cpp:652)
2026-06-03 02:55:41.932 | info     |           Metal | Device kernel duration perf histogram (device=0): (buckets=10, bucket_size=100ns, range=[54602100..54603100), underflow(<54602100ns)=0, overflow(>=54603100ns)=0) (profiler_analysis.cpp:695)
2026-06-03 02:55:41.932 | info     |           Metal |   [    54602100 ..     54602200) |########################################|        1 (profiler_analysis.cpp:700)
2026-06-03 02:55:41.932 | info     |           Metal |   [    54602200 ..     54602300) |                                        |        0 (profiler_analysis.cpp:700)
2026-06-03 02:55:41.932 | info     |           Metal |   [    54602300 ..     54602400) |                                        |        0 (profiler_analysis.cpp:700)
2026-06-03 02:55:41.932 | info     |           Metal |   [    54602400 ..     54602500) |                                        |        0 (profiler_analysis.cpp:700)
2026-06-03 02:55:41.932 | info     |           Metal |   [    54602500 ..     54602600) |                                        |        0 (profiler_analysis.cpp:700)
2026-06-03 02:55:41.932 | info     |           Metal |   [    54602600 ..     54602700) |                                        |        0 (profiler_analysis.cpp:700)
2026-06-03 02:55:41.932 | info     |           Metal |   [    54602700 ..     54602800) |                                        |        0 (profiler_analysis.cpp:700)
2026-06-03 02:55:41.932 | info     |           Metal |   [    54602800 ..     54602900) |                                        |        0 (profiler_analysis.cpp:700)
2026-06-03 02:55:41.932 | info     |           Metal |   [    54602900 ..     54603000) |                                        |        0 (profiler_analysis.cpp:700)
2026-06-03 02:55:41.932 | info     |           Metal |   [    54603000 ..     54603100) |                                        |        0 (profiler_analysis.cpp:700)
2026-06-03 02:55:42.003 | info     |           Metal | Device kernel duration perf summary (device=0): count=1, min=44693824ns, avg=44693824.0ns, max=44693824ns (profiler_analysis.cpp:652)
2026-06-03 02:55:42.003 | info     |           Metal | Device kernel duration perf histogram (device=0): (buckets=10, bucket_size=100ns, range=[44693800..44694800), underflow(<44693800ns)=0, overflow(>=44694800ns)=0) (profiler_analysis.cpp:695)
2026-06-03 02:55:42.003 | info     |           Metal |   [    44693800 ..     44693900) |########################################|        1 (profiler_analysis.cpp:700)
2026-06-03 02:55:42.003 | info     |           Metal |   [    44693900 ..     44694000) |                                        |        0 (profiler_analysis.cpp:700)
2026-06-03 02:55:42.003 | info     |           Metal |   [    44694000 ..     44694100) |                                        |        0 (profiler_analysis.cpp:700)
2026-06-03 02:55:42.003 | info     |           Metal |   [    44694100 ..     44694200) |                                        |        0 (profiler_analysis.cpp:700)
2026-06-03 02:55:42.003 | info     |           Metal |   [    44694200 ..     44694300) |                                        |        0 (profiler_analysis.cpp:700)
2026-06-03 02:55:42.003 | info     |           Metal |   [    44694300 ..     44694400) |                                        |        0 (profiler_analysis.cpp:700)
2026-06-03 02:55:42.003 | info     |           Metal |   [    44694400 ..     44694500) |                                        |        0 (profiler_analysis.cpp:700)
2026-06-03 02:55:42.003 | info     |           Metal |   [    44694500 ..     44694600) |                                        |        0 (profiler_analysis.cpp:700)
2026-06-03 02:55:42.003 | info     |           Metal |   [    44694600 ..     44694700) |                                        |        0 (profiler_analysis.cpp:700)
2026-06-03 02:55:42.003 | info     |           Metal |   [    44694700 ..     44694800) |                                        |        0 (profiler_analysis.cpp:700)
[SORT] stage=RP P=245802 P_kept=245802 num_tiles=1024 max_tile_n=2704 bin=7.79 up=0.02 kernel=0.02 d2h=0.00 compact=0.00 publish=0.02 total=7.92ms
[CULL_SPLIT] pipelined (no separate Finish; cull device exec folded under the blend host-setup window; candidates=245802)
[BLEND_SPLIT] upload+exec=0.0 readback=17.6 total=17.6 ms (resident, one Finish)
[BLEND_ADDR] cull_masks=0x12aa1280 out=0x12c7a340(sz=0x600000) tile_ids=0x54d3ec0 xramp=0x12c78340 yramp=0x12c79340 payload=0x0(sz=0x0)
[SORT] stage=RP P=162380 P_kept=162380 num_tiles=1024 max_tile_n=1744 bin=6.84 up=0.02 kernel=0.03 d2h=0.00 compact=0.00 publish=0.02 total=6.97ms
[CULL_SPLIT] pipelined (no separate Finish; cull device exec folded under the blend host-setup window; candidates=162380)
[BLEND_SPLIT] upload+exec=0.0 readback=11.5 total=11.5 ms (resident, one Finish)
[BLEND_ADDR] cull_masks=0x12aa1280 out=0x12c7a340(sz=0x600000) tile_ids=0x54d3ec0 xramp=0x12c78340 yramp=0x12c79340 payload=0x0(sz=0x0)
2026-06-03 02:55:42.066 | info     |           Metal | Device kernel duration perf summary (device=0): count=1, min=36028579ns, avg=36028579.0ns, max=36028579ns (profiler_analysis.cpp:652)
2026-06-03 02:55:42.066 | info     |           Metal | Device kernel duration perf histogram (device=0): (buckets=10, bucket_size=100ns, range=[36028500..36029500), underflow(<36028500ns)=0, overflow(>=36029500ns)=0) (profiler_analysis.cpp:695)
2026-06-03 02:55:42.066 | info     |           Metal |   [    36028500 ..     36028600) |########################################|        1 (profiler_analysis.cpp:700)
2026-06-03 02:55:42.066 | info     |           Metal |   [    36028600 ..     36028700) |                                        |        0 (profiler_analysis.cpp:700)
2026-06-03 02:55:42.066 | info     |           Metal |   [    36028700 ..     36028800) |                                        |        0 (profiler_analysis.cpp:700)
2026-06-03 02:55:42.066 | info     |           Metal |   [    36028800 ..     36028900) |                                        |        0 (profiler_analysis.cpp:700)
2026-06-03 02:55:42.066 | info     |           Metal |   [    36028900 ..     36029000) |                                        |        0 (profiler_analysis.cpp:700)
2026-06-03 02:55:42.066 | info     |           Metal |   [    36029000 ..     36029100) |                                        |        0 (profiler_analysis.cpp:700)
2026-06-03 02:55:42.066 | info     |           Metal |   [    36029100 ..     36029200) |                                        |        0 (profiler_analysis.cpp:700)
2026-06-03 02:55:42.066 | info     |           Metal |   [    36029200 ..     36029300) |                                        |        0 (profiler_analysis.cpp:700)
2026-06-03 02:55:42.066 | info     |           Metal |   [    36029300 ..     36029400) |                                        |        0 (profiler_analysis.cpp:700)
2026-06-03 02:55:42.066 | info     |           Metal |   [    36029400 ..     36029500) |                                        |        0 (profiler_analysis.cpp:700)
[SORT] stage=RP P=588050 P_kept=588050 num_tiles=1024 max_tile_n=4864 bin=11.70 up=0.02 kernel=0.02 d2h=0.00 compact=0.00 publish=0.02 total=11.84ms
[CULL_SPLIT] pipelined (no separate Finish; cull device exec folded under the blend host-setup window; candidates=588050)
[BLEND_SPLIT] upload+exec=0.0 readback=28.5 total=28.5 ms (resident, one Finish)
[BLEND_ADDR] cull_masks=0x12aa1280 out=0x12c7a340(sz=0x600000) tile_ids=0x54d3ec0 xramp=0x12c78340 yramp=0x12c79340 payload=0x0(sz=0x0)
2026-06-03 02:55:42.157 | info     |           Metal | Device kernel duration perf summary (device=0): count=1, min=63346427ns, avg=63346427.0ns, max=63346427ns (profiler_analysis.cpp:652)
2026-06-03 02:55:42.157 | info     |           Metal | Device kernel duration perf histogram (device=0): (buckets=10, bucket_size=100ns, range=[63346400..63347400), underflow(<63346400ns)=0, overflow(>=63347400ns)=0) (profiler_analysis.cpp:695)
2026-06-03 02:55:42.157 | info     |           Metal |   [    63346400 ..     63346500) |########################################|        1 (profiler_analysis.cpp:700)
2026-06-03 02:55:42.157 | info     |           Metal |   [    63346500 ..     63346600) |                                        |        0 (profiler_analysis.cpp:700)
2026-06-03 02:55:42.157 | info     |           Metal |   [    63346600 ..     63346700) |                                        |        0 (profiler_analysis.cpp:700)
2026-06-03 02:55:42.157 | info     |           Metal |   [    63346700 ..     63346800) |                                        |        0 (profiler_analysis.cpp:700)
2026-06-03 02:55:42.157 | info     |           Metal |   [    63346800 ..     63346900) |                                        |        0 (profiler_analysis.cpp:700)
2026-06-03 02:55:42.157 | info     |           Metal |   [    63346900 ..     63347000) |                                        |        0 (profiler_analysis.cpp:700)
2026-06-03 02:55:42.157 | info     |           Metal |   [    63347000 ..     63347100) |                                        |        0 (profiler_analysis.cpp:700)
2026-06-03 02:55:42.157 | info     |           Metal |   [    63347100 ..     63347200) |                                        |        0 (profiler_analysis.cpp:700)
2026-06-03 02:55:42.157 | info     |           Metal |   [    63347200 ..     63347300) |                                        |        0 (profiler_analysis.cpp:700)
2026-06-03 02:55:42.157 | info     |           Metal |   [    63347300 ..     63347400) |                                        |        0 (profiler_analysis.cpp:700)
[SORT] stage=RP P=854460 P_kept=854460 num_tiles=1024 max_tile_n=5152 bin=12.90 up=0.02 kernel=0.02 d2h=0.00 compact=0.00 publish=0.03 total=13.05ms
[CULL_SPLIT] pipelined (no separate Finish; cull device exec folded under the blend host-setup window; candidates=854460)
[BLEND_SPLIT] upload+exec=0.0 readback=38.0 total=38.0 ms (resident, one Finish)
[BLEND_ADDR] cull_masks=0x12aa1280 out=0x12c7a340(sz=0x600000) tile_ids=0x54d3ec0 xramp=0x12c78340 yramp=0x12c79340 payload=0x0(sz=0x0)
2026-06-03 02:55:42.273 | info     |           Metal | Device kernel duration perf summary (device=0): count=1, min=88159464ns, avg=88159464.0ns, max=88159464ns (profiler_analysis.cpp:652)
2026-06-03 02:55:42.273 | info     |           Metal | Device kernel duration perf histogram (device=0): (buckets=10, bucket_size=100ns, range=[88159400..88160400), underflow(<88159400ns)=0, overflow(>=88160400ns)=0) (profiler_analysis.cpp:695)
2026-06-03 02:55:42.273 | info     |           Metal |   [    88159400 ..     88159500) |########################################|        1 (profiler_analysis.cpp:700)
2026-06-03 02:55:42.273 | info     |           Metal |   [    88159500 ..     88159600) |                                        |        0 (profiler_analysis.cpp:700)
2026-06-03 02:55:42.273 | info     |           Metal |   [    88159600 ..     88159700) |                                        |        0 (profiler_analysis.cpp:700)
2026-06-03 02:55:42.273 | info     |           Metal |   [    88159700 ..     88159800) |                                        |        0 (profiler_analysis.cpp:700)
2026-06-03 02:55:42.273 | info     |           Metal |   [    88159800 ..     88159900) |                                        |        0 (profiler_analysis.cpp:700)
2026-06-03 02:55:42.273 | info     |           Metal |   [    88159900 ..     88160000) |                                        |        0 (profiler_analysis.cpp:700)
2026-06-03 02:55:42.273 | info     |           Metal |   [    88160000 ..     88160100) |                                        |        0 (profiler_analysis.cpp:700)
2026-06-03 02:55:42.273 | info     |           Metal |   [    88160100 ..     88160200) |                                        |        0 (profiler_analysis.cpp:700)
2026-06-03 02:55:42.273 | info     |           Metal |   [    88160200 ..     88160300) |                                        |        0 (profiler_analysis.cpp:700)
2026-06-03 02:55:42.273 | info     |           Metal |   [    88160300 ..     88160400) |                                        |        0 (profiler_analysis.cpp:700)
[SORT] stage=RP P=840033 P_kept=840033 num_tiles=1024 max_tile_n=4704 bin=14.22 up=0.02 kernel=0.02 d2h=0.00 compact=0.00 publish=0.02 total=14.35ms
[CULL_SPLIT] pipelined (no separate Finish; cull device exec folded under the blend host-setup window; candidates=840033)
[BLEND_SPLIT] upload+exec=0.0 readback=37.0 total=37.0 ms (resident, one Finish)
[BLEND_ADDR] cull_masks=0x12aa1280 out=0x12c7a340(sz=0x600000) tile_ids=0x54d3ec0 xramp=0x12c78340 yramp=0x12c79340 payload=0x0(sz=0x0)
2026-06-03 02:55:42.391 | info     |           Metal | Device kernel duration perf summary (device=0): count=1, min=90008324ns, avg=90008324.0ns, max=90008324ns (profiler_analysis.cpp:652)
2026-06-03 02:55:42.391 | info     |           Metal | Device kernel duration perf histogram (device=0): (buckets=10, bucket_size=100ns, range=[90008300..90009300), underflow(<90008300ns)=0, overflow(>=90009300ns)=0) (profiler_analysis.cpp:695)
2026-06-03 02:55:42.391 | info     |           Metal |   [    90008300 ..     90008400) |########################################|        1 (profiler_analysis.cpp:700)
2026-06-03 02:55:42.391 | info     |           Metal |   [    90008400 ..     90008500) |                                        |        0 (profiler_analysis.cpp:700)
2026-06-03 02:55:42.391 | info     |           Metal |   [    90008500 ..     90008600) |                                        |        0 (profiler_analysis.cpp:700)
2026-06-03 02:55:42.391 | info     |           Metal |   [    90008600 ..     90008700) |                                        |        0 (profiler_analysis.cpp:700)
2026-06-03 02:55:42.391 | info     |           Metal |   [    90008700 ..     90008800) |                                        |        0 (profiler_analysis.cpp:700)
2026-06-03 02:55:42.391 | info     |           Metal |   [    90008800 ..     90008900) |                                        |        0 (profiler_analysis.cpp:700)
2026-06-03 02:55:42.391 | info     |           Metal |   [    90008900 ..     90009000) |                                        |        0 (profiler_analysis.cpp:700)
2026-06-03 02:55:42.391 | info     |           Metal |   [    90009000 ..     90009100) |                                        |        0 (profiler_analysis.cpp:700)
2026-06-03 02:55:42.391 | info     |           Metal |   [    90009100 ..     90009200) |                                        |        0 (profiler_analysis.cpp:700)
2026-06-03 02:55:42.391 | info     |           Metal |   [    90009200 ..     90009300) |                                        |        0 (profiler_analysis.cpp:700)
[SORT] stage=RP P=1077452 P_kept=1077452 num_tiles=1024 max_tile_n=5408 bin=15.82 up=0.02 kernel=0.02 d2h=0.00 compact=0.00 publish=0.02 total=15.96ms
[CULL_SPLIT] pipelined (no separate Finish; cull device exec folded under the blend host-setup window; candidates=1077452)
2026-06-03 02:55:42.525 | info     |           Metal | Device kernel duration perf summary (device=0): count=1, min=106018327ns, avg=106018327.0ns, max=106018327ns (profiler_analysis.cpp:652)
2026-06-03 02:55:42.525 | info     |           Metal | Device kernel duration perf histogram (device=0): (buckets=10, bucket_size=100ns, range=[106018300..106019300), underflow(<106018300ns)=0, overflow(>=106019300ns)=0) (profiler_analysis.cpp:695)
2026-06-03 02:55:42.525 | info     |           Metal |   [   106018300 ..    106018400) |########################################|        1 (profiler_analysis.cpp:700)
2026-06-03 02:55:42.525 | info     |           Metal |   [   106018400 ..    106018500) |                                        |        0 (profiler_analysis.cpp:700)
2026-06-03 02:55:42.525 | info     |           Metal |   [   106018500 ..    106018600) |                                        |        0 (profiler_analysis.cpp:700)
2026-06-03 02:55:42.525 | info     |           Metal |   [   106018600 ..    106018700) |                                        |        0 (profiler_analysis.cpp:700)
2026-06-03 02:55:42.525 | info     |           Metal |   [   106018700 ..    106018800) |                                        |        0 (profiler_analysis.cpp:700)
2026-06-03 02:55:42.525 | info     |           Metal |   [   106018800 ..    106018900) |                                        |        0 (profiler_analysis.cpp:700)
2026-06-03 02:55:42.525 | info     |           Metal |   [   106018900 ..    106019000) |                                        |        0 (profiler_analysis.cpp:700)
2026-06-03 02:55:42.525 | info     |           Metal |   [   106019000 ..    106019100) |                                        |        0 (profiler_analysis.cpp:700)
2026-06-03 02:55:42.525 | info     |           Metal |   [   106019100 ..    106019200) |                                        |        0 (profiler_analysis.cpp:700)
2026-06-03 02:55:42.525 | info     |           Metal |   [   106019200 ..    106019300) |                                        |        0 (profiler_analysis.cpp:700)
[BLEND_SPLIT] upload+exec=0.0 readback=46.3 total=46.3 ms (resident, one Finish)
[BLEND_ADDR] cull_masks=0x12aa1280 out=0x12c7a340(sz=0x600000) tile_ids=0x54d3ec0 xramp=0x12c78340 yramp=0x12c79340 payload=0x0(sz=0x0)
[SORT] stage=RP P=1175882 P_kept=1175882 num_tiles=1024 max_tile_n=5312 bin=17.40 up=0.02 kernel=0.02 d2h=0.00 compact=0.00 publish=0.02 total=17.54ms
[CULL_SPLIT] pipelined (no separate Finish; cull device exec folded under the blend host-setup window; candidates=1175882)
[BLEND_SPLIT] upload+exec=0.0 readback=49.1 total=49.1 ms (resident, one Finish)
[BLEND_ADDR] cull_masks=0x12aa1280 out=0x12c7a340(sz=0x600000) tile_ids=0x54d3ec0 xramp=0x12c78340 yramp=0x12c79340 payload=0x0(sz=0x0)
2026-06-03 02:55:42.656 | info     |           Metal | Device kernel duration perf summary (device=0): count=1, min=103503873ns, avg=103503873.0ns, max=103503873ns (profiler_analysis.cpp:652)
2026-06-03 02:55:42.656 | info     |           Metal | Device kernel duration perf histogram (device=0): (buckets=10, bucket_size=100ns, range=[103503800..103504800), underflow(<103503800ns)=0, overflow(>=103504800ns)=0) (profiler_analysis.cpp:695)
2026-06-03 02:55:42.656 | info     |           Metal |   [   103503800 ..    103503900) |########################################|        1 (profiler_analysis.cpp:700)
2026-06-03 02:55:42.656 | info     |           Metal |   [   103503900 ..    103504000) |                                        |        0 (profiler_analysis.cpp:700)
2026-06-03 02:55:42.656 | info     |           Metal |   [   103504000 ..    103504100) |                                        |        0 (profiler_analysis.cpp:700)
2026-06-03 02:55:42.656 | info     |           Metal |   [   103504100 ..    103504200) |                                        |        0 (profiler_analysis.cpp:700)
2026-06-03 02:55:42.656 | info     |           Metal |   [   103504200 ..    103504300) |                                        |        0 (profiler_analysis.cpp:700)
2026-06-03 02:55:42.656 | info     |           Metal |   [   103504300 ..    103504400) |                                        |        0 (profiler_analysis.cpp:700)
2026-06-03 02:55:42.656 | info     |           Metal |   [   103504400 ..    103504500) |                                        |        0 (profiler_analysis.cpp:700)
2026-06-03 02:55:42.656 | info     |           Metal |   [   103504500 ..    103504600) |                                        |        0 (profiler_analysis.cpp:700)
2026-06-03 02:55:42.656 | info     |           Metal |   [   103504600 ..    103504700) |                                        |        0 (profiler_analysis.cpp:700)
2026-06-03 02:55:42.656 | info     |           Metal |   [   103504700 ..    103504800) |                                        |        0 (profiler_analysis.cpp:700)
[SORT] stage=RP P=662931 P_kept=662931 num_tiles=1024 max_tile_n=5184 bin=10.76 up=0.02 kernel=0.02 d2h=0.00 compact=0.00 publish=0.03 total=10.91ms
[CULL_SPLIT] pipelined (no separate Finish; cull device exec folded under the blend host-setup window; candidates=662931)
[BLEND_SPLIT] upload+exec=0.0 readback=31.5 total=31.5 ms (resident, one Finish)
[BLEND_ADDR] cull_masks=0x12aa1280 out=0x12c7a340(sz=0x600000) tile_ids=0x54d3ec0 xramp=0x12c78340 yramp=0x12c79340 payload=0x0(sz=0x0)
2026-06-03 02:55:42.755 | info     |           Metal | Device kernel duration perf summary (device=0): count=1, min=71816191ns, avg=71816191.0ns, max=71816191ns (profiler_analysis.cpp:652)
2026-06-03 02:55:42.755 | info     |           Metal | Device kernel duration perf histogram (device=0): (buckets=10, bucket_size=100ns, range=[71816100..71817100), underflow(<71816100ns)=0, overflow(>=71817100ns)=0) (profiler_analysis.cpp:695)
2026-06-03 02:55:42.755 | info     |           Metal |   [    71816100 ..     71816200) |########################################|        1 (profiler_analysis.cpp:700)
2026-06-03 02:55:42.755 | info     |           Metal |   [    71816200 ..     71816300) |                                        |        0 (profiler_analysis.cpp:700)
2026-06-03 02:55:42.755 | info     |           Metal |   [    71816300 ..     71816400) |                                        |        0 (profiler_analysis.cpp:700)
2026-06-03 02:55:42.755 | info     |           Metal |   [    71816400 ..     71816500) |                                        |        0 (profiler_analysis.cpp:700)
2026-06-03 02:55:42.755 | info     |           Metal |   [    71816500 ..     71816600) |                                        |        0 (profiler_analysis.cpp:700)
2026-06-03 02:55:42.755 | info     |           Metal |   [    71816600 ..     71816700) |                                        |        0 (profiler_analysis.cpp:700)
2026-06-03 02:55:42.755 | info     |           Metal |   [    71816700 ..     71816800) |                                        |        0 (profiler_analysis.cpp:700)
2026-06-03 02:55:42.755 | info     |           Metal |   [    71816800 ..     71816900) |                                        |        0 (profiler_analysis.cpp:700)
2026-06-03 02:55:42.755 | info     |           Metal |   [    71816900 ..     71817000) |                                        |        0 (profiler_analysis.cpp:700)
2026-06-03 02:55:42.755 | info     |           Metal |   [    71817000 ..     71817100) |                                        |        0 (profiler_analysis.cpp:700)
[SORT] stage=RP P=1298085 P_kept=1298085 num_tiles=1024 max_tile_n=18608 bin=18.49 up=0.02 kernel=0.02 d2h=0.00 compact=0.00 publish=0.02 total=18.63ms
[CULL_SPLIT] pipelined (no separate Finish; cull device exec folded under the blend host-setup window; candidates=1298085)
[BLEND_SPLIT] upload+exec=0.0 readback=110.6 total=110.6 ms (resident, one Finish)
[BLEND_ADDR] cull_masks=0x12aa1280 out=0x12c7a340(sz=0x600000) tile_ids=0x54d3ec0 xramp=0x12c78340 yramp=0x12c79340 payload=0x0(sz=0x0)
2026-06-03 02:55:42.958 | info     |           Metal | Device kernel duration perf summary (device=0): count=1, min=175176150ns, avg=175176150.0ns, max=175176150ns (profiler_analysis.cpp:652)
2026-06-03 02:55:42.958 | info     |           Metal | Device kernel duration perf histogram (device=0): (buckets=10, bucket_size=100ns, range=[175176100..175177100), underflow(<175176100ns)=0, overflow(>=175177100ns)=0) (profiler_analysis.cpp:695)
2026-06-03 02:55:42.958 | info     |           Metal |   [   175176100 ..    175176200) |########################################|        1 (profiler_analysis.cpp:700)
2026-06-03 02:55:42.958 | info     |           Metal |   [   175176200 ..    175176300) |                                        |        0 (profiler_analysis.cpp:700)
2026-06-03 02:55:42.958 | info     |           Metal |   [   175176300 ..    175176400) |                                        |        0 (profiler_analysis.cpp:700)
2026-06-03 02:55:42.958 | info     |           Metal |   [   175176400 ..    175176500) |                                        |        0 (profiler_analysis.cpp:700)
2026-06-03 02:55:42.958 | info     |           Metal |   [   175176500 ..    175176600) |                                        |        0 (profiler_analysis.cpp:700)
2026-06-03 02:55:42.958 | info     |           Metal |   [   175176600 ..    175176700) |                                        |        0 (profiler_analysis.cpp:700)
2026-06-03 02:55:42.958 | info     |           Metal |   [   175176700 ..    175176800) |                                        |        0 (profiler_analysis.cpp:700)
2026-06-03 02:55:42.958 | info     |           Metal |   [   175176800 ..    175176900) |                                        |        0 (profiler_analysis.cpp:700)
2026-06-03 02:55:42.958 | info     |           Metal |   [   175176900 ..    175177000) |                                        |        0 (profiler_analysis.cpp:700)
2026-06-03 02:55:42.958 | info     |           Metal |   [   175177000 ..    175177100) |                                        |        0 (profiler_analysis.cpp:700)
[SORT] stage=RP P=262468 P_kept=262468 num_tiles=1024 max_tile_n=4464 bin=7.17 up=0.02 kernel=0.02 d2h=0.00 compact=0.00 publish=0.02 total=7.30ms
[CULL_SPLIT] pipelined (no separate Finish; cull device exec folded under the blend host-setup window; candidates=262468)
[BLEND_SPLIT] upload+exec=0.0 readback=22.6 total=22.6 ms (resident, one Finish)
[BLEND_ADDR] cull_masks=0x12aa1280 out=0x12c7a340(sz=0x600000) tile_ids=0x54d3ec0 xramp=0x12c78340 yramp=0x12c79340 payload=0x0(sz=0x0)
2026-06-03 02:55:43.045 | info     |           Metal | Device kernel duration perf summary (device=0): count=1, min=60337923ns, avg=60337923.0ns, max=60337923ns (profiler_analysis.cpp:652)
2026-06-03 02:55:43.045 | info     |           Metal | Device kernel duration perf histogram (device=0): (buckets=10, bucket_size=100ns, range=[60337900..60338900), underflow(<60337900ns)=0, overflow(>=60338900ns)=0) (profiler_analysis.cpp:695)
2026-06-03 02:55:43.045 | info     |           Metal |   [    60337900 ..     60338000) |########################################|        1 (profiler_analysis.cpp:700)
2026-06-03 02:55:43.045 | info     |           Metal |   [    60338000 ..     60338100) |                                        |        0 (profiler_analysis.cpp:700)
2026-06-03 02:55:43.045 | info     |           Metal |   [    60338100 ..     60338200) |                                        |        0 (profiler_analysis.cpp:700)
2026-06-03 02:55:43.045 | info     |           Metal |   [    60338200 ..     60338300) |                                        |        0 (profiler_analysis.cpp:700)
2026-06-03 02:55:43.045 | info     |           Metal |   [    60338300 ..     60338400) |                                        |        0 (profiler_analysis.cpp:700)
2026-06-03 02:55:43.045 | info     |           Metal |   [    60338400 ..     60338500) |                                        |        0 (profiler_analysis.cpp:700)
2026-06-03 02:55:43.045 | info     |           Metal |   [    60338500 ..     60338600) |                                        |        0 (profiler_analysis.cpp:700)
2026-06-03 02:55:43.045 | info     |           Metal |   [    60338600 ..     60338700) |                                        |        0 (profiler_analysis.cpp:700)
2026-06-03 02:55:43.045 | info     |           Metal |   [    60338700 ..     60338800) |                                        |        0 (profiler_analysis.cpp:700)
2026-06-03 02:55:43.045 | info     |           Metal |   [    60338800 ..     60338900) |                                        |        0 (profiler_analysis.cpp:700)
[SORT] stage=RP P=107247 P_kept=107247 num_tiles=1024 max_tile_n=1664 bin=6.09 up=0.02 kernel=0.02 d2h=0.00 compact=0.00 publish=0.02 total=6.22ms
[CULL_SPLIT] pipelined (no separate Finish; cull device exec folded under the blend host-setup window; candidates=107247)
[BLEND_SPLIT] upload+exec=0.0 readback=9.0 total=9.0 ms (resident, one Finish)
[BLEND_ADDR] cull_masks=0x12aa1280 out=0x12c7a340(sz=0x600000) tile_ids=0x54d3ec0 xramp=0x12c78340 yramp=0x12c79340 payload=0x0(sz=0x0)
2026-06-03 02:55:43.105 | info     |           Metal | Device kernel duration perf summary (device=0): count=1, min=33227715ns, avg=33227715.0ns, max=33227715ns (profiler_analysis.cpp:652)
2026-06-03 02:55:43.105 | info     |           Metal | Device kernel duration perf histogram (device=0): (buckets=10, bucket_size=100ns, range=[33227700..33228700), underflow(<33227700ns)=0, overflow(>=33228700ns)=0) (profiler_analysis.cpp:695)
2026-06-03 02:55:43.105 | info     |           Metal |   [    33227700 ..     33227800) |########################################|        1 (profiler_analysis.cpp:700)
2026-06-03 02:55:43.105 | info     |           Metal |   [    33227800 ..     33227900) |                                        |        0 (profiler_analysis.cpp:700)
2026-06-03 02:55:43.105 | info     |           Metal |   [    33227900 ..     33228000) |                                        |        0 (profiler_analysis.cpp:700)
2026-06-03 02:55:43.105 | info     |           Metal |   [    33228000 ..     33228100) |                                        |        0 (profiler_analysis.cpp:700)
2026-06-03 02:55:43.105 | info     |           Metal |   [    33228100 ..     33228200) |                                        |        0 (profiler_analysis.cpp:700)
2026-06-03 02:55:43.105 | info     |           Metal |   [    33228200 ..     33228300) |                                        |        0 (profiler_analysis.cpp:700)
2026-06-03 02:55:43.105 | info     |           Metal |   [    33228300 ..     33228400) |                                        |        0 (profiler_analysis.cpp:700)
2026-06-03 02:55:43.105 | info     |           Metal |   [    33228400 ..     33228500) |                                        |        0 (profiler_analysis.cpp:700)
2026-06-03 02:55:43.105 | info     |           Metal |   [    33228500 ..     33228600) |                                        |        0 (profiler_analysis.cpp:700)
2026-06-03 02:55:43.105 | info     |           Metal |   [    33228600 ..     33228700) |                                        |        0 (profiler_analysis.cpp:700)
[SORT] stage=RP P=742945 P_kept=742945 num_tiles=1024 max_tile_n=4720 bin=13.15 up=0.02 kernel=0.02 d2h=0.00 compact=0.00 publish=0.03 total=13.29ms
[CULL_SPLIT] pipelined (no separate Finish; cull device exec folded under the blend host-setup window; candidates=742945)
2026-06-03 02:55:43.218 | info     |           Metal | Device kernel duration perf summary (device=0): count=1, min=84127436ns, avg=84127436.0ns, max=84127436ns (profiler_analysis.cpp:652)
2026-06-03 02:55:43.218 | info     |           Metal | Device kernel duration perf histogram (device=0): (buckets=10, bucket_size=100ns, range=[84127400..84128400), underflow(<84127400ns)=0, overflow(>=84128400ns)=0) (profiler_analysis.cpp:695)
2026-06-03 02:55:43.218 | info     |           Metal |   [    84127400 ..     84127500) |########################################|        1 (profiler_analysis.cpp:700)
2026-06-03 02:55:43.218 | info     |           Metal |   [    84127500 ..     84127600) |                                        |        0 (profiler_analysis.cpp:700)
2026-06-03 02:55:43.218 | info     |           Metal |   [    84127600 ..     84127700) |                                        |        0 (profiler_analysis.cpp:700)
2026-06-03 02:55:43.218 | info     |           Metal |   [    84127700 ..     84127800) |                                        |        0 (profiler_analysis.cpp:700)
2026-06-03 02:55:43.218 | info     |           Metal |   [    84127800 ..     84127900) |                                        |        0 (profiler_analysis.cpp:700)
2026-06-03 02:55:43.218 | info     |           Metal |   [    84127900 ..     84128000) |                                        |        0 (profiler_analysis.cpp:700)
2026-06-03 02:55:43.218 | info     |           Metal |   [    84128000 ..     84128100) |                                        |        0 (profiler_analysis.cpp:700)
2026-06-03 02:55:43.218 | info     |           Metal |   [    84128100 ..     84128200) |                                        |        0 (profiler_analysis.cpp:700)
2026-06-03 02:55:43.218 | info     |           Metal |   [    84128200 ..     84128300) |                                        |        0 (profiler_analysis.cpp:700)
2026-06-03 02:55:43.218 | info     |           Metal |   [    84128300 ..     84128400) |                                        |        0 (profiler_analysis.cpp:700)
[BLEND_SPLIT] upload+exec=0.0 readback=34.7 total=34.7 ms (resident, one Finish)
[BLEND_ADDR] cull_masks=0x12aa1280 out=0x12c7a340(sz=0x600000) tile_ids=0x54d3ec0 xramp=0x12c78340 yramp=0x12c79340 payload=0x0(sz=0x0)
[SORT] stage=RP P=3369033 P_kept=3369033 num_tiles=1024 max_tile_n=26496 bin=42.12 up=0.02 kernel=0.02 d2h=7.12 compact=0.00 publish=0.02 total=60.34ms
2026-06-03 02:55:43.802 | info     |           Metal | Device kernel duration perf summary (device=0): count=1, min=362359636ns, avg=362359636.0ns, max=362359636ns (profiler_analysis.cpp:652)
2026-06-03 02:55:43.802 | info     |           Metal | Device kernel duration perf histogram (device=0): (buckets=10, bucket_size=100ns, range=[362359600..362360600), underflow(<362359600ns)=0, overflow(>=362360600ns)=0) (profiler_analysis.cpp:695)
2026-06-03 02:55:43.802 | info     |           Metal |   [   362359600 ..    362359700) |########################################|        1 (profiler_analysis.cpp:700)
2026-06-03 02:55:43.802 | info     |           Metal |   [   362359700 ..    362359800) |                                        |        0 (profiler_analysis.cpp:700)
2026-06-03 02:55:43.802 | info     |           Metal |   [   362359800 ..    362359900) |                                        |        0 (profiler_analysis.cpp:700)
2026-06-03 02:55:43.802 | info     |           Metal |   [   362359900 ..    362360000) |                                        |        0 (profiler_analysis.cpp:700)
2026-06-03 02:55:43.802 | info     |           Metal |   [   362360000 ..    362360100) |                                        |        0 (profiler_analysis.cpp:700)
2026-06-03 02:55:43.802 | info     |           Metal |   [   362360100 ..    362360200) |                                        |        0 (profiler_analysis.cpp:700)
2026-06-03 02:55:43.802 | info     |           Metal |   [   362360200 ..    362360300) |                                        |        0 (profiler_analysis.cpp:700)
2026-06-03 02:55:43.802 | info     |           Metal |   [   362360300 ..    362360400) |                                        |        0 (profiler_analysis.cpp:700)
2026-06-03 02:55:43.802 | info     |           Metal |   [   362360400 ..    362360500) |                                        |        0 (profiler_analysis.cpp:700)
2026-06-03 02:55:43.802 | info     |           Metal |   [   362360500 ..    362360600) |                                        |        0 (profiler_analysis.cpp:700)
[SORT] stage=RP P=3369033 P_kept=3369033 num_tiles=1024 max_tile_n=26496 bin=42.33 up=0.02 kernel=0.02 d2h=7.12 compact=0.00 publish=0.02 total=60.57ms
2026-06-03 02:55:44.312 | info     |           Metal | Device kernel duration perf summary (device=0): count=1, min=365533964ns, avg=365533964.0ns, max=365533964ns (profiler_analysis.cpp:652)
2026-06-03 02:55:44.312 | info     |           Metal | Device kernel duration perf histogram (device=0): (buckets=10, bucket_size=100ns, range=[365533900..365534900), underflow(<365533900ns)=0, overflow(>=365534900ns)=0) (profiler_analysis.cpp:695)
2026-06-03 02:55:44.312 | info     |           Metal |   [   365533900 ..    365534000) |########################################|        1 (profiler_analysis.cpp:700)
2026-06-03 02:55:44.312 | info     |           Metal |   [   365534000 ..    365534100) |                                        |        0 (profiler_analysis.cpp:700)
2026-06-03 02:55:44.312 | info     |           Metal |   [   365534100 ..    365534200) |                                        |        0 (profiler_analysis.cpp:700)
2026-06-03 02:55:44.312 | info     |           Metal |   [   365534200 ..    365534300) |                                        |        0 (profiler_analysis.cpp:700)
2026-06-03 02:55:44.312 | info     |           Metal |   [   365534300 ..    365534400) |                                        |        0 (profiler_analysis.cpp:700)
2026-06-03 02:55:44.312 | info     |           Metal |   [   365534400 ..    365534500) |                                        |        0 (profiler_analysis.cpp:700)
2026-06-03 02:55:44.312 | info     |           Metal |   [   365534500 ..    365534600) |                                        |        0 (profiler_analysis.cpp:700)
2026-06-03 02:55:44.312 | info     |           Metal |   [   365534600 ..    365534700) |                                        |        0 (profiler_analysis.cpp:700)
2026-06-03 02:55:44.312 | info     |           Metal |   [   365534700 ..    365534800) |                                        |        0 (profiler_analysis.cpp:700)
2026-06-03 02:55:44.312 | info     |           Metal |   [   365534800 ..    365534900) |                                        |        0 (profiler_analysis.cpp:700)
[SORT] stage=RP P=2774729 P_kept=2774729 num_tiles=1024 max_tile_n=25136 bin=35.97 up=0.02 kernel=0.02 d2h=7.12 compact=0.00 publish=0.02 total=52.70ms
2026-06-03 02:55:44.784 | info     |           Metal | Device kernel duration perf summary (device=0): count=1, min=344271353ns, avg=344271353.0ns, max=344271353ns (profiler_analysis.cpp:652)
2026-06-03 02:55:44.784 | info     |           Metal | Device kernel duration perf histogram (device=0): (buckets=10, bucket_size=100ns, range=[344271300..344272300), underflow(<344271300ns)=0, overflow(>=344272300ns)=0) (profiler_analysis.cpp:695)
2026-06-03 02:55:44.784 | info     |           Metal |   [   344271300 ..    344271400) |########################################|        1 (profiler_analysis.cpp:700)
2026-06-03 02:55:44.784 | info     |           Metal |   [   344271400 ..    344271500) |                                        |        0 (profiler_analysis.cpp:700)
2026-06-03 02:55:44.784 | info     |           Metal |   [   344271500 ..    344271600) |                                        |        0 (profiler_analysis.cpp:700)
2026-06-03 02:55:44.784 | info     |           Metal |   [   344271600 ..    344271700) |                                        |        0 (profiler_analysis.cpp:700)
2026-06-03 02:55:44.784 | info     |           Metal |   [   344271700 ..    344271800) |                                        |        0 (profiler_analysis.cpp:700)
2026-06-03 02:55:44.784 | info     |           Metal |   [   344271800 ..    344271900) |                                        |        0 (profiler_analysis.cpp:700)
2026-06-03 02:55:44.784 | info     |           Metal |   [   344271900 ..    344272000) |                                        |        0 (profiler_analysis.cpp:700)
2026-06-03 02:55:44.784 | info     |           Metal |   [   344272000 ..    344272100) |                                        |        0 (profiler_analysis.cpp:700)
2026-06-03 02:55:44.784 | info     |           Metal |   [   344272100 ..    344272200) |                                        |        0 (profiler_analysis.cpp:700)
2026-06-03 02:55:44.784 | info     |           Metal |   [   344272200 ..    344272300) |                                        |        0 (profiler_analysis.cpp:700)
[SORT] stage=RP P=3235251 P_kept=3235251 num_tiles=1024 max_tile_n=22592 bin=40.92 up=0.02 kernel=0.02 d2h=7.12 compact=0.00 publish=0.02 total=58.76ms
2026-06-03 02:55:45.282 | info     |           Metal | Device kernel duration perf summary (device=0): count=1, min=359532990ns, avg=359532990.0ns, max=359532990ns (profiler_analysis.cpp:652)
2026-06-03 02:55:45.282 | info     |           Metal | Device kernel duration perf histogram (device=0): (buckets=10, bucket_size=100ns, range=[359532900..359533900), underflow(<359532900ns)=0, overflow(>=359533900ns)=0) (profiler_analysis.cpp:695)
2026-06-03 02:55:45.282 | info     |           Metal |   [   359532900 ..    359533000) |########################################|        1 (profiler_analysis.cpp:700)
2026-06-03 02:55:45.282 | info     |           Metal |   [   359533000 ..    359533100) |                                        |        0 (profiler_analysis.cpp:700)
2026-06-03 02:55:45.282 | info     |           Metal |   [   359533100 ..    359533200) |                                        |        0 (profiler_analysis.cpp:700)
2026-06-03 02:55:45.282 | info     |           Metal |   [   359533200 ..    359533300) |                                        |        0 (profiler_analysis.cpp:700)
2026-06-03 02:55:45.282 | info     |           Metal |   [   359533300 ..    359533400) |                                        |        0 (profiler_analysis.cpp:700)
2026-06-03 02:55:45.282 | info     |           Metal |   [   359533400 ..    359533500) |                                        |        0 (profiler_analysis.cpp:700)
2026-06-03 02:55:45.282 | info     |           Metal |   [   359533500 ..    359533600) |                                        |        0 (profiler_analysis.cpp:700)
2026-06-03 02:55:45.282 | info     |           Metal |   [   359533600 ..    359533700) |                                        |        0 (profiler_analysis.cpp:700)
2026-06-03 02:55:45.282 | info     |           Metal |   [   359533700 ..    359533800) |                                        |        0 (profiler_analysis.cpp:700)
2026-06-03 02:55:45.282 | info     |           Metal |   [   359533800 ..    359533900) |                                        |        0 (profiler_analysis.cpp:700)
[SORT] stage=RP P=1753355 P_kept=1753355 num_tiles=1024 max_tile_n=21360 bin=24.34 up=0.02 kernel=0.02 d2h=7.12 compact=0.00 publish=0.02 total=38.07ms
2026-06-03 02:55:45.682 | info     |           Metal | Device kernel duration perf summary (device=0): count=1, min=307019674ns, avg=307019674.0ns, max=307019674ns (profiler_analysis.cpp:652)
2026-06-03 02:55:45.683 | info     |           Metal | Device kernel duration perf histogram (device=0): (buckets=10, bucket_size=100ns, range=[307019600..307020600), underflow(<307019600ns)=0, overflow(>=307020600ns)=0) (profiler_analysis.cpp:695)
2026-06-03 02:55:45.683 | info     |           Metal |   [   307019600 ..    307019700) |########################################|        1 (profiler_analysis.cpp:700)
2026-06-03 02:55:45.683 | info     |           Metal |   [   307019700 ..    307019800) |                                        |        0 (profiler_analysis.cpp:700)
2026-06-03 02:55:45.683 | info     |           Metal |   [   307019800 ..    307019900) |                                        |        0 (profiler_analysis.cpp:700)
2026-06-03 02:55:45.683 | info     |           Metal |   [   307019900 ..    307020000) |                                        |        0 (profiler_analysis.cpp:700)
2026-06-03 02:55:45.683 | info     |           Metal |   [   307020000 ..    307020100) |                                        |        0 (profiler_analysis.cpp:700)
2026-06-03 02:55:45.683 | info     |           Metal |   [   307020100 ..    307020200) |                                        |        0 (profiler_analysis.cpp:700)
2026-06-03 02:55:45.683 | info     |           Metal |   [   307020200 ..    307020300) |                                        |        0 (profiler_analysis.cpp:700)
2026-06-03 02:55:45.683 | info     |           Metal |   [   307020300 ..    307020400) |                                        |        0 (profiler_analysis.cpp:700)
2026-06-03 02:55:45.683 | info     |           Metal |   [   307020400 ..    307020500) |                                        |        0 (profiler_analysis.cpp:700)
2026-06-03 02:55:45.683 | info     |           Metal |   [   307020500 ..    307020600) |                                        |        0 (profiler_analysis.cpp:700)
[SORT] stage=RP P=934247 P_kept=934247 num_tiles=1024 max_tile_n=5248 bin=14.90 up=0.02 kernel=0.02 d2h=7.12 compact=0.00 publish=0.02 total=26.39ms
2026-06-03 02:55:46.025 | info     |           Metal | Device kernel duration perf summary (device=0): count=1, min=277162667ns, avg=277162667.0ns, max=277162667ns (profiler_analysis.cpp:652)
2026-06-03 02:55:46.025 | info     |           Metal | Device kernel duration perf histogram (device=0): (buckets=10, bucket_size=100ns, range=[277162600..277163600), underflow(<277162600ns)=0, overflow(>=277163600ns)=0) (profiler_analysis.cpp:695)
2026-06-03 02:55:46.025 | info     |           Metal |   [   277162600 ..    277162700) |########################################|        1 (profiler_analysis.cpp:700)
2026-06-03 02:55:46.025 | info     |           Metal |   [   277162700 ..    277162800) |                                        |        0 (profiler_analysis.cpp:700)
2026-06-03 02:55:46.025 | info     |           Metal |   [   277162800 ..    277162900) |                                        |        0 (profiler_analysis.cpp:700)
2026-06-03 02:55:46.025 | info     |           Metal |   [   277162900 ..    277163000) |                                        |        0 (profiler_analysis.cpp:700)
2026-06-03 02:55:46.025 | info     |           Metal |   [   277163000 ..    277163100) |                                        |        0 (profiler_analysis.cpp:700)
2026-06-03 02:55:46.025 | info     |           Metal |   [   277163100 ..    277163200) |                                        |        0 (profiler_analysis.cpp:700)
2026-06-03 02:55:46.025 | info     |           Metal |   [   277163200 ..    277163300) |                                        |        0 (profiler_analysis.cpp:700)
2026-06-03 02:55:46.025 | info     |           Metal |   [   277163300 ..    277163400) |                                        |        0 (profiler_analysis.cpp:700)
2026-06-03 02:55:46.025 | info     |           Metal |   [   277163400 ..    277163500) |                                        |        0 (profiler_analysis.cpp:700)
2026-06-03 02:55:46.025 | info     |           Metal |   [   277163500 ..    277163600) |                                        |        0 (profiler_analysis.cpp:700)
[SORT] stage=RP P=1124461 P_kept=1124461 num_tiles=1024 max_tile_n=6544 bin=16.11 up=0.02 kernel=0.02 d2h=7.12 compact=0.00 publish=0.02 total=27.98ms
2026-06-03 02:55:46.378 | info     |           Metal | Device kernel duration perf summary (device=0): count=1, min=283814741ns, avg=283814741.0ns, max=283814741ns (profiler_analysis.cpp:652)
2026-06-03 02:55:46.378 | info     |           Metal | Device kernel duration perf histogram (device=0): (buckets=10, bucket_size=100ns, range=[283814700..283815700), underflow(<283814700ns)=0, overflow(>=283815700ns)=0) (profiler_analysis.cpp:695)
2026-06-03 02:55:46.378 | info     |           Metal |   [   283814700 ..    283814800) |########################################|        1 (profiler_analysis.cpp:700)
2026-06-03 02:55:46.378 | info     |           Metal |   [   283814800 ..    283814900) |                                        |        0 (profiler_analysis.cpp:700)
2026-06-03 02:55:46.378 | info     |           Metal |   [   283814900 ..    283815000) |                                        |        0 (profiler_analysis.cpp:700)
2026-06-03 02:55:46.378 | info     |           Metal |   [   283815000 ..    283815100) |                                        |        0 (profiler_analysis.cpp:700)
2026-06-03 02:55:46.378 | info     |           Metal |   [   283815100 ..    283815200) |                                        |        0 (profiler_analysis.cpp:700)
2026-06-03 02:55:46.378 | info     |           Metal |   [   283815200 ..    283815300) |                                        |        0 (profiler_analysis.cpp:700)
2026-06-03 02:55:46.378 | info     |           Metal |   [   283815300 ..    283815400) |                                        |        0 (profiler_analysis.cpp:700)
2026-06-03 02:55:46.378 | info     |           Metal |   [   283815400 ..    283815500) |                                        |        0 (profiler_analysis.cpp:700)
2026-06-03 02:55:46.378 | info     |           Metal |   [   283815500 ..    283815600) |                                        |        0 (profiler_analysis.cpp:700)
2026-06-03 02:55:46.378 | info     |           Metal |   [   283815600 ..    283815700) |                                        |        0 (profiler_analysis.cpp:700)
[SORT] stage=RP P=835298 P_kept=835298 num_tiles=1024 max_tile_n=5536 bin=12.66 up=0.02 kernel=0.02 d2h=7.15 compact=0.00 publish=0.02 total=23.88ms
2026-06-03 02:55:46.713 | info     |           Metal | Device kernel duration perf summary (device=0): count=1, min=272893177ns, avg=272893177.0ns, max=272893177ns (profiler_analysis.cpp:652)
2026-06-03 02:55:46.713 | info     |           Metal | Device kernel duration perf histogram (device=0): (buckets=10, bucket_size=100ns, range=[272893100..272894100), underflow(<272893100ns)=0, overflow(>=272894100ns)=0) (profiler_analysis.cpp:695)
2026-06-03 02:55:46.713 | info     |           Metal |   [   272893100 ..    272893200) |########################################|        1 (profiler_analysis.cpp:700)
2026-06-03 02:55:46.713 | info     |           Metal |   [   272893200 ..    272893300) |                                        |        0 (profiler_analysis.cpp:700)
2026-06-03 02:55:46.713 | info     |           Metal |   [   272893300 ..    272893400) |                                        |        0 (profiler_analysis.cpp:700)
2026-06-03 02:55:46.713 | info     |           Metal |   [   272893400 ..    272893500) |                                        |        0 (profiler_analysis.cpp:700)
2026-06-03 02:55:46.713 | info     |           Metal |   [   272893500 ..    272893600) |                                        |        0 (profiler_analysis.cpp:700)
2026-06-03 02:55:46.713 | info     |           Metal |   [   272893600 ..    272893700) |                                        |        0 (profiler_analysis.cpp:700)
2026-06-03 02:55:46.713 | info     |           Metal |   [   272893700 ..    272893800) |                                        |        0 (profiler_analysis.cpp:700)
2026-06-03 02:55:46.713 | info     |           Metal |   [   272893800 ..    272893900) |                                        |        0 (profiler_analysis.cpp:700)
2026-06-03 02:55:46.713 | info     |           Metal |   [   272893900 ..    272894000) |                                        |        0 (profiler_analysis.cpp:700)
2026-06-03 02:55:46.713 | info     |           Metal |   [   272894000 ..    272894100) |                                        |        0 (profiler_analysis.cpp:700)
[SORT] stage=RP P=1067596 P_kept=1067596 num_tiles=1024 max_tile_n=5104 bin=15.61 up=0.02 kernel=0.02 d2h=7.12 compact=0.00 publish=0.02 total=27.27ms
2026-06-03 02:55:47.060 | info     |           Metal | Device kernel duration perf summary (device=0): count=1, min=279350659ns, avg=279350659.0ns, max=279350659ns (profiler_analysis.cpp:652)
2026-06-03 02:55:47.060 | info     |           Metal | Device kernel duration perf histogram (device=0): (buckets=10, bucket_size=100ns, range=[279350600..279351600), underflow(<279350600ns)=0, overflow(>=279351600ns)=0) (profiler_analysis.cpp:695)
2026-06-03 02:55:47.060 | info     |           Metal |   [   279350600 ..    279350700) |########################################|        1 (profiler_analysis.cpp:700)
2026-06-03 02:55:47.060 | info     |           Metal |   [   279350700 ..    279350800) |                                        |        0 (profiler_analysis.cpp:700)
2026-06-03 02:55:47.060 | info     |           Metal |   [   279350800 ..    279350900) |                                        |        0 (profiler_analysis.cpp:700)
2026-06-03 02:55:47.060 | info     |           Metal |   [   279350900 ..    279351000) |                                        |        0 (profiler_analysis.cpp:700)
2026-06-03 02:55:47.060 | info     |           Metal |   [   279351000 ..    279351100) |                                        |        0 (profiler_analysis.cpp:700)
2026-06-03 02:55:47.060 | info     |           Metal |   [   279351100 ..    279351200) |                                        |        0 (profiler_analysis.cpp:700)
2026-06-03 02:55:47.060 | info     |           Metal |   [   279351200 ..    279351300) |                                        |        0 (profiler_analysis.cpp:700)
2026-06-03 02:55:47.060 | info     |           Metal |   [   279351300 ..    279351400) |                                        |        0 (profiler_analysis.cpp:700)
2026-06-03 02:55:47.060 | info     |           Metal |   [   279351400 ..    279351500) |                                        |        0 (profiler_analysis.cpp:700)
2026-06-03 02:55:47.060 | info     |           Metal |   [   279351500 ..    279351600) |                                        |        0 (profiler_analysis.cpp:700)
[SORT] stage=RP P=1024763 P_kept=1024763 num_tiles=1024 max_tile_n=4672 bin=15.75 up=0.02 kernel=0.02 d2h=7.13 compact=0.00 publish=0.02 total=27.56ms
2026-06-03 02:55:47.406 | info     |           Metal | Device kernel duration perf summary (device=0): count=1, min=279189705ns, avg=279189705.0ns, max=279189705ns (profiler_analysis.cpp:652)
2026-06-03 02:55:47.406 | info     |           Metal | Device kernel duration perf histogram (device=0): (buckets=10, bucket_size=100ns, range=[279189700..279190700), underflow(<279189700ns)=0, overflow(>=279190700ns)=0) (profiler_analysis.cpp:695)
2026-06-03 02:55:47.406 | info     |           Metal |   [   279189700 ..    279189800) |########################################|        1 (profiler_analysis.cpp:700)
2026-06-03 02:55:47.406 | info     |           Metal |   [   279189800 ..    279189900) |                                        |        0 (profiler_analysis.cpp:700)
2026-06-03 02:55:47.406 | info     |           Metal |   [   279189900 ..    279190000) |                                        |        0 (profiler_analysis.cpp:700)
2026-06-03 02:55:47.406 | info     |           Metal |   [   279190000 ..    279190100) |                                        |        0 (profiler_analysis.cpp:700)
2026-06-03 02:55:47.406 | info     |           Metal |   [   279190100 ..    279190200) |                                        |        0 (profiler_analysis.cpp:700)
2026-06-03 02:55:47.406 | info     |           Metal |   [   279190200 ..    279190300) |                                        |        0 (profiler_analysis.cpp:700)
2026-06-03 02:55:47.406 | info     |           Metal |   [   279190300 ..    279190400) |                                        |        0 (profiler_analysis.cpp:700)
2026-06-03 02:55:47.406 | info     |           Metal |   [   279190400 ..    279190500) |                                        |        0 (profiler_analysis.cpp:700)
2026-06-03 02:55:47.406 | info     |           Metal |   [   279190500 ..    279190600) |                                        |        0 (profiler_analysis.cpp:700)
2026-06-03 02:55:47.406 | info     |           Metal |   [   279190600 ..    279190700) |                                        |        0 (profiler_analysis.cpp:700)
2026-06-03 02:55:47.734 | info     |           Metal | Device kernel duration perf summary (device=0): count=1, min=268698619ns, avg=268698619.0ns, max=268698619ns (profiler_analysis.cpp:652)
2026-06-03 02:55:47.734 | info     |           Metal | Device kernel duration perf histogram (device=0): (buckets=10, bucket_size=100ns, range=[268698600..268699600), underflow(<268698600ns)=0, overflow(>=268699600ns)=0) (profiler_analysis.cpp:695)
2026-06-03 02:55:47.734 | info     |           Metal |   [   268698600 ..    268698700) |########################################|        1 (profiler_analysis.cpp:700)
2026-06-03 02:55:47.734 | info     |           Metal |   [   268698700 ..    268698800) |                                        |        0 (profiler_analysis.cpp:700)
2026-06-03 02:55:47.734 | info     |           Metal |   [   268698800 ..    268698900) |                                        |        0 (profiler_analysis.cpp:700)
2026-06-03 02:55:47.734 | info     |           Metal |   [   268698900 ..    268699000) |                                        |        0 (profiler_analysis.cpp:700)
2026-06-03 02:55:47.734 | info     |           Metal |   [   268699000 ..    268699100) |                                        |        0 (profiler_analysis.cpp:700)
2026-06-03 02:55:47.734 | info     |           Metal |   [   268699100 ..    268699200) |                                        |        0 (profiler_analysis.cpp:700)
2026-06-03 02:55:47.734 | info     |           Metal |   [   268699200 ..    268699300) |                                        |        0 (profiler_analysis.cpp:700)
2026-06-03 02:55:47.734 | info     |           Metal |   [   268699300 ..    268699400) |                                        |        0 (profiler_analysis.cpp:700)
2026-06-03 02:55:47.734 | info     |           Metal |   [   268699400 ..    268699500) |                                        |        0 (profiler_analysis.cpp:700)
2026-06-03 02:55:47.734 | info     |           Metal |   [   268699500 ..    268699600) |                                        |        0 (profiler_analysis.cpp:700)
[SORT] stage=RP P=779787 P_kept=779787 num_tiles=1024 max_tile_n=3616 bin=13.17 up=0.02 kernel=0.02 d2h=7.12 compact=0.00 publish=0.03 total=24.35ms
2026-06-03 02:55:48.040 | info     |           Metal | Device kernel duration perf summary (device=0): count=1, min=257770901ns, avg=257770901.0ns, max=257770901ns (profiler_analysis.cpp:652)
2026-06-03 02:55:48.040 | info     |           Metal | Device kernel duration perf histogram (device=0): (buckets=10, bucket_size=100ns, range=[257770900..257771900), underflow(<257770900ns)=0, overflow(>=257771900ns)=0) (profiler_analysis.cpp:695)
2026-06-03 02:55:48.040 | info     |           Metal |   [   257770900 ..    257771000) |########################################|        1 (profiler_analysis.cpp:700)
2026-06-03 02:55:48.040 | info     |           Metal |   [   257771000 ..    257771100) |                                        |        0 (profiler_analysis.cpp:700)
2026-06-03 02:55:48.040 | info     |           Metal |   [   257771100 ..    257771200) |                                        |        0 (profiler_analysis.cpp:700)
2026-06-03 02:55:48.040 | info     |           Metal |   [   257771200 ..    257771300) |                                        |        0 (profiler_analysis.cpp:700)
2026-06-03 02:55:48.040 | info     |           Metal |   [   257771300 ..    257771400) |                                        |        0 (profiler_analysis.cpp:700)
2026-06-03 02:55:48.040 | info     |           Metal |   [   257771400 ..    257771500) |                                        |        0 (profiler_analysis.cpp:700)
2026-06-03 02:55:48.040 | info     |           Metal |   [   257771500 ..    257771600) |                                        |        0 (profiler_analysis.cpp:700)
2026-06-03 02:55:48.040 | info     |           Metal |   [   257771600 ..    257771700) |                                        |        0 (profiler_analysis.cpp:700)
2026-06-03 02:55:48.040 | info     |           Metal |   [   257771700 ..    257771800) |                                        |        0 (profiler_analysis.cpp:700)
2026-06-03 02:55:48.040 | info     |           Metal |   [   257771800 ..    257771900) |                                        |        0 (profiler_analysis.cpp:700)
[SORT] stage=RP P=402318 P_kept=402318 num_tiles=1024 max_tile_n=2704 bin=9.03 up=0.02 kernel=0.02 d2h=7.12 compact=0.00 publish=0.02 total=19.30ms
2026-06-03 02:55:48.359 | info     |           Metal | Device kernel duration perf summary (device=0): count=1, min=264785217ns, avg=264785217.0ns, max=264785217ns (profiler_analysis.cpp:652)
2026-06-03 02:55:48.359 | info     |           Metal | Device kernel duration perf histogram (device=0): (buckets=10, bucket_size=100ns, range=[264785200..264786200), underflow(<264785200ns)=0, overflow(>=264786200ns)=0) (profiler_analysis.cpp:695)
2026-06-03 02:55:48.359 | info     |           Metal |   [   264785200 ..    264785300) |########################################|        1 (profiler_analysis.cpp:700)
2026-06-03 02:55:48.359 | info     |           Metal |   [   264785300 ..    264785400) |                                        |        0 (profiler_analysis.cpp:700)
2026-06-03 02:55:48.359 | info     |           Metal |   [   264785400 ..    264785500) |                                        |        0 (profiler_analysis.cpp:700)
2026-06-03 02:55:48.359 | info     |           Metal |   [   264785500 ..    264785600) |                                        |        0 (profiler_analysis.cpp:700)
2026-06-03 02:55:48.359 | info     |           Metal |   [   264785600 ..    264785700) |                                        |        0 (profiler_analysis.cpp:700)
2026-06-03 02:55:48.359 | info     |           Metal |   [   264785700 ..    264785800) |                                        |        0 (profiler_analysis.cpp:700)
2026-06-03 02:55:48.359 | info     |           Metal |   [   264785800 ..    264785900) |                                        |        0 (profiler_analysis.cpp:700)
2026-06-03 02:55:48.359 | info     |           Metal |   [   264785900 ..    264786000) |                                        |        0 (profiler_analysis.cpp:700)
2026-06-03 02:55:48.359 | info     |           Metal |   [   264786000 ..    264786100) |                                        |        0 (profiler_analysis.cpp:700)
2026-06-03 02:55:48.359 | info     |           Metal |   [   264786100 ..    264786200) |                                        |        0 (profiler_analysis.cpp:700)
[SORT] stage=RP P=638458 P_kept=638458 num_tiles=1024 max_tile_n=3360 bin=11.71 up=0.02 kernel=0.02 d2h=7.12 compact=0.00 publish=0.02 total=22.55ms
2026-06-03 02:55:48.670 | info     |           Metal | Device kernel duration perf summary (device=0): count=1, min=260090392ns, avg=260090392.0ns, max=260090392ns (profiler_analysis.cpp:652)
2026-06-03 02:55:48.670 | info     |           Metal | Device kernel duration perf histogram (device=0): (buckets=10, bucket_size=100ns, range=[260090300..260091300), underflow(<260090300ns)=0, overflow(>=260091300ns)=0) (profiler_analysis.cpp:695)
2026-06-03 02:55:48.670 | info     |           Metal |   [   260090300 ..    260090400) |########################################|        1 (profiler_analysis.cpp:700)
2026-06-03 02:55:48.670 | info     |           Metal |   [   260090400 ..    260090500) |                                        |        0 (profiler_analysis.cpp:700)
2026-06-03 02:55:48.670 | info     |           Metal |   [   260090500 ..    260090600) |                                        |        0 (profiler_analysis.cpp:700)
2026-06-03 02:55:48.670 | info     |           Metal |   [   260090600 ..    260090700) |                                        |        0 (profiler_analysis.cpp:700)
2026-06-03 02:55:48.670 | info     |           Metal |   [   260090700 ..    260090800) |                                        |        0 (profiler_analysis.cpp:700)
2026-06-03 02:55:48.670 | info     |           Metal |   [   260090800 ..    260090900) |                                        |        0 (profiler_analysis.cpp:700)
2026-06-03 02:55:48.670 | info     |           Metal |   [   260090900 ..    260091000) |                                        |        0 (profiler_analysis.cpp:700)
2026-06-03 02:55:48.670 | info     |           Metal |   [   260091000 ..    260091100) |                                        |        0 (profiler_analysis.cpp:700)
2026-06-03 02:55:48.670 | info     |           Metal |   [   260091100 ..    260091200) |                                        |        0 (profiler_analysis.cpp:700)
2026-06-03 02:55:48.670 | info     |           Metal |   [   260091200 ..    260091300) |                                        |        0 (profiler_analysis.cpp:700)
[SORT] stage=RP P=486800 P_kept=486800 num_tiles=1024 max_tile_n=3952 bin=10.08 up=0.02 kernel=0.02 d2h=7.13 compact=0.00 publish=0.03 total=20.69ms
2026-06-03 02:55:48.987 | info     |           Metal | Device kernel duration perf summary (device=0): count=1, min=263722170ns, avg=263722170.0ns, max=263722170ns (profiler_analysis.cpp:652)
2026-06-03 02:55:48.987 | info     |           Metal | Device kernel duration perf histogram (device=0): (buckets=10, bucket_size=100ns, range=[263722100..263723100), underflow(<263722100ns)=0, overflow(>=263723100ns)=0) (profiler_analysis.cpp:695)
2026-06-03 02:55:48.987 | info     |           Metal |   [   263722100 ..    263722200) |########################################|        1 (profiler_analysis.cpp:700)
2026-06-03 02:55:48.987 | info     |           Metal |   [   263722200 ..    263722300) |                                        |        0 (profiler_analysis.cpp:700)
2026-06-03 02:55:48.987 | info     |           Metal |   [   263722300 ..    263722400) |                                        |        0 (profiler_analysis.cpp:700)
2026-06-03 02:55:48.987 | info     |           Metal |   [   263722400 ..    263722500) |                                        |        0 (profiler_analysis.cpp:700)
2026-06-03 02:55:48.987 | info     |           Metal |   [   263722500 ..    263722600) |                                        |        0 (profiler_analysis.cpp:700)
2026-06-03 02:55:48.987 | info     |           Metal |   [   263722600 ..    263722700) |                                        |        0 (profiler_analysis.cpp:700)
2026-06-03 02:55:48.987 | info     |           Metal |   [   263722700 ..    263722800) |                                        |        0 (profiler_analysis.cpp:700)
2026-06-03 02:55:48.987 | info     |           Metal |   [   263722800 ..    263722900) |                                        |        0 (profiler_analysis.cpp:700)
2026-06-03 02:55:48.987 | info     |           Metal |   [   263722900 ..    263723000) |                                        |        0 (profiler_analysis.cpp:700)
2026-06-03 02:55:48.987 | info     |           Metal |   [   263723000 ..    263723100) |                                        |        0 (profiler_analysis.cpp:700)
[SORT] stage=RP P=602411 P_kept=602411 num_tiles=1024 max_tile_n=4432 bin=10.07 up=0.02 kernel=0.02 d2h=7.12 compact=0.00 publish=0.02 total=20.94ms
[SORT] stage=RP P=629297 P_kept=629297 num_tiles=1024 max_tile_n=4928 bin=11.05 up=0.02 kernel=0.02 d2h=7.13 compact=0.00 publish=0.02 total=22.00ms
2026-06-03 02:55:49.309 | info     |           Metal | Device kernel duration perf summary (device=0): count=1, min=266341670ns, avg=266341670.0ns, max=266341670ns (profiler_analysis.cpp:652)
2026-06-03 02:55:49.309 | info     |           Metal | Device kernel duration perf histogram (device=0): (buckets=10, bucket_size=100ns, range=[266341600..266342600), underflow(<266341600ns)=0, overflow(>=266342600ns)=0) (profiler_analysis.cpp:695)
2026-06-03 02:55:49.309 | info     |           Metal |   [   266341600 ..    266341700) |########################################|        1 (profiler_analysis.cpp:700)
2026-06-03 02:55:49.309 | info     |           Metal |   [   266341700 ..    266341800) |                                        |        0 (profiler_analysis.cpp:700)
2026-06-03 02:55:49.309 | info     |           Metal |   [   266341800 ..    266341900) |                                        |        0 (profiler_analysis.cpp:700)
2026-06-03 02:55:49.309 | info     |           Metal |   [   266341900 ..    266342000) |                                        |        0 (profiler_analysis.cpp:700)
2026-06-03 02:55:49.309 | info     |           Metal |   [   266342000 ..    266342100) |                                        |        0 (profiler_analysis.cpp:700)
2026-06-03 02:55:49.309 | info     |           Metal |   [   266342100 ..    266342200) |                                        |        0 (profiler_analysis.cpp:700)
2026-06-03 02:55:49.309 | info     |           Metal |   [   266342200 ..    266342300) |                                        |        0 (profiler_analysis.cpp:700)
2026-06-03 02:55:49.309 | info     |           Metal |   [   266342300 ..    266342400) |                                        |        0 (profiler_analysis.cpp:700)
2026-06-03 02:55:49.309 | info     |           Metal |   [   266342400 ..    266342500) |                                        |        0 (profiler_analysis.cpp:700)
2026-06-03 02:55:49.309 | info     |           Metal |   [   266342500 ..    266342600) |                                        |        0 (profiler_analysis.cpp:700)
[SORT] stage=RP P=574474 P_kept=574474 num_tiles=1024 max_tile_n=4784 bin=10.90 up=0.02 kernel=0.02 d2h=7.12 compact=0.00 publish=0.02 total=21.66ms
2026-06-03 02:55:49.627 | info     |           Metal | Device kernel duration perf summary (device=0): count=1, min=264426764ns, avg=264426764.0ns, max=264426764ns (profiler_analysis.cpp:652)
2026-06-03 02:55:49.627 | info     |           Metal | Device kernel duration perf histogram (device=0): (buckets=10, bucket_size=100ns, range=[264426700..264427700), underflow(<264426700ns)=0, overflow(>=264427700ns)=0) (profiler_analysis.cpp:695)
2026-06-03 02:55:49.627 | info     |           Metal |   [   264426700 ..    264426800) |########################################|        1 (profiler_analysis.cpp:700)
2026-06-03 02:55:49.627 | info     |           Metal |   [   264426800 ..    264426900) |                                        |        0 (profiler_analysis.cpp:700)
2026-06-03 02:55:49.627 | info     |           Metal |   [   264426900 ..    264427000) |                                        |        0 (profiler_analysis.cpp:700)
2026-06-03 02:55:49.627 | info     |           Metal |   [   264427000 ..    264427100) |                                        |        0 (profiler_analysis.cpp:700)
2026-06-03 02:55:49.627 | info     |           Metal |   [   264427100 ..    264427200) |                                        |        0 (profiler_analysis.cpp:700)
2026-06-03 02:55:49.627 | info     |           Metal |   [   264427200 ..    264427300) |                                        |        0 (profiler_analysis.cpp:700)
2026-06-03 02:55:49.627 | info     |           Metal |   [   264427300 ..    264427400) |                                        |        0 (profiler_analysis.cpp:700)
2026-06-03 02:55:49.627 | info     |           Metal |   [   264427400 ..    264427500) |                                        |        0 (profiler_analysis.cpp:700)
2026-06-03 02:55:49.627 | info     |           Metal |   [   264427500 ..    264427600) |                                        |        0 (profiler_analysis.cpp:700)
2026-06-03 02:55:49.627 | info     |           Metal |   [   264427600 ..    264427700) |                                        |        0 (profiler_analysis.cpp:700)
[SORT] stage=RP P=508814 P_kept=508814 num_tiles=1024 max_tile_n=4560 bin=10.40 up=0.02 kernel=0.02 d2h=7.15 compact=0.00 publish=0.02 total=21.05ms
2026-06-03 02:55:49.942 | info     |           Metal | Device kernel duration perf summary (device=0): count=1, min=263380372ns, avg=263380372.0ns, max=263380372ns (profiler_analysis.cpp:652)
2026-06-03 02:55:49.942 | info     |           Metal | Device kernel duration perf histogram (device=0): (buckets=10, bucket_size=100ns, range=[263380300..263381300), underflow(<263380300ns)=0, overflow(>=263381300ns)=0) (profiler_analysis.cpp:695)
2026-06-03 02:55:49.942 | info     |           Metal |   [   263380300 ..    263380400) |########################################|        1 (profiler_analysis.cpp:700)
2026-06-03 02:55:49.942 | info     |           Metal |   [   263380400 ..    263380500) |                                        |        0 (profiler_analysis.cpp:700)
2026-06-03 02:55:49.942 | info     |           Metal |   [   263380500 ..    263380600) |                                        |        0 (profiler_analysis.cpp:700)
2026-06-03 02:55:49.942 | info     |           Metal |   [   263380600 ..    263380700) |                                        |        0 (profiler_analysis.cpp:700)
2026-06-03 02:55:49.942 | info     |           Metal |   [   263380700 ..    263380800) |                                        |        0 (profiler_analysis.cpp:700)
2026-06-03 02:55:49.942 | info     |           Metal |   [   263380800 ..    263380900) |                                        |        0 (profiler_analysis.cpp:700)
2026-06-03 02:55:49.942 | info     |           Metal |   [   263380900 ..    263381000) |                                        |        0 (profiler_analysis.cpp:700)
2026-06-03 02:55:49.942 | info     |           Metal |   [   263381000 ..    263381100) |                                        |        0 (profiler_analysis.cpp:700)
2026-06-03 02:55:49.942 | info     |           Metal |   [   263381100 ..    263381200) |                                        |        0 (profiler_analysis.cpp:700)
2026-06-03 02:55:49.942 | info     |           Metal |   [   263381200 ..    263381300) |                                        |        0 (profiler_analysis.cpp:700)
[SORT] stage=RP P=414994 P_kept=414994 num_tiles=1024 max_tile_n=3520 bin=9.11 up=0.02 kernel=0.02 d2h=7.12 compact=0.00 publish=0.02 total=19.53ms
2026-06-03 02:55:50.250 | info     |           Metal | Device kernel duration perf summary (device=0): count=1, min=258750471ns, avg=258750471.0ns, max=258750471ns (profiler_analysis.cpp:652)
2026-06-03 02:55:50.250 | info     |           Metal | Device kernel duration perf histogram (device=0): (buckets=10, bucket_size=100ns, range=[258750400..258751400), underflow(<258750400ns)=0, overflow(>=258751400ns)=0) (profiler_analysis.cpp:695)
2026-06-03 02:55:50.250 | info     |           Metal |   [   258750400 ..    258750500) |########################################|        1 (profiler_analysis.cpp:700)
2026-06-03 02:55:50.250 | info     |           Metal |   [   258750500 ..    258750600) |                                        |        0 (profiler_analysis.cpp:700)
2026-06-03 02:55:50.250 | info     |           Metal |   [   258750600 ..    258750700) |                                        |        0 (profiler_analysis.cpp:700)
2026-06-03 02:55:50.250 | info     |           Metal |   [   258750700 ..    258750800) |                                        |        0 (profiler_analysis.cpp:700)
2026-06-03 02:55:50.250 | info     |           Metal |   [   258750800 ..    258750900) |                                        |        0 (profiler_analysis.cpp:700)
2026-06-03 02:55:50.250 | info     |           Metal |   [   258750900 ..    258751000) |                                        |        0 (profiler_analysis.cpp:700)
2026-06-03 02:55:50.250 | info     |           Metal |   [   258751000 ..    258751100) |                                        |        0 (profiler_analysis.cpp:700)
2026-06-03 02:55:50.250 | info     |           Metal |   [   258751100 ..    258751200) |                                        |        0 (profiler_analysis.cpp:700)
2026-06-03 02:55:50.250 | info     |           Metal |   [   258751200 ..    258751300) |                                        |        0 (profiler_analysis.cpp:700)
2026-06-03 02:55:50.250 | info     |           Metal |   [   258751300 ..    258751400) |                                        |        0 (profiler_analysis.cpp:700)
[SORT] stage=RP P=245802 P_kept=245802 num_tiles=1024 max_tile_n=2704 bin=7.40 up=0.02 kernel=0.02 d2h=7.12 compact=0.00 publish=0.02 total=17.40ms
2026-06-03 02:55:50.548 | info     |           Metal | Device kernel duration perf summary (device=0): count=1, min=254281819ns, avg=254281819.0ns, max=254281819ns (profiler_analysis.cpp:652)
2026-06-03 02:55:50.548 | info     |           Metal | Device kernel duration perf histogram (device=0): (buckets=10, bucket_size=100ns, range=[254281800..254282800), underflow(<254281800ns)=0, overflow(>=254282800ns)=0) (profiler_analysis.cpp:695)
2026-06-03 02:55:50.548 | info     |           Metal |   [   254281800 ..    254281900) |########################################|        1 (profiler_analysis.cpp:700)
2026-06-03 02:55:50.548 | info     |           Metal |   [   254281900 ..    254282000) |                                        |        0 (profiler_analysis.cpp:700)
2026-06-03 02:55:50.548 | info     |           Metal |   [   254282000 ..    254282100) |                                        |        0 (profiler_analysis.cpp:700)
2026-06-03 02:55:50.548 | info     |           Metal |   [   254282100 ..    254282200) |                                        |        0 (profiler_analysis.cpp:700)
2026-06-03 02:55:50.548 | info     |           Metal |   [   254282200 ..    254282300) |                                        |        0 (profiler_analysis.cpp:700)
2026-06-03 02:55:50.548 | info     |           Metal |   [   254282300 ..    254282400) |                                        |        0 (profiler_analysis.cpp:700)
2026-06-03 02:55:50.548 | info     |           Metal |   [   254282400 ..    254282500) |                                        |        0 (profiler_analysis.cpp:700)
2026-06-03 02:55:50.548 | info     |           Metal |   [   254282500 ..    254282600) |                                        |        0 (profiler_analysis.cpp:700)
2026-06-03 02:55:50.548 | info     |           Metal |   [   254282600 ..    254282700) |                                        |        0 (profiler_analysis.cpp:700)
2026-06-03 02:55:50.548 | info     |           Metal |   [   254282700 ..    254282800) |                                        |        0 (profiler_analysis.cpp:700)
2026-06-03 02:55:50.860 | info     |           Metal | Device kernel duration perf summary (device=0): count=1, min=267959308ns, avg=267959308.0ns, max=267959308ns (profiler_analysis.cpp:652)
2026-06-03 02:55:50.860 | info     |           Metal | Device kernel duration perf histogram (device=0): (buckets=10, bucket_size=100ns, range=[267959300..267960300), underflow(<267959300ns)=0, overflow(>=267960300ns)=0) (profiler_analysis.cpp:695)
2026-06-03 02:55:50.860 | info     |           Metal |   [   267959300 ..    267959400) |########################################|        1 (profiler_analysis.cpp:700)
2026-06-03 02:55:50.860 | info     |           Metal |   [   267959400 ..    267959500) |                                        |        0 (profiler_analysis.cpp:700)
2026-06-03 02:55:50.860 | info     |           Metal |   [   267959500 ..    267959600) |                                        |        0 (profiler_analysis.cpp:700)
2026-06-03 02:55:50.860 | info     |           Metal |   [   267959600 ..    267959700) |                                        |        0 (profiler_analysis.cpp:700)
2026-06-03 02:55:50.860 | info     |           Metal |   [   267959700 ..    267959800) |                                        |        0 (profiler_analysis.cpp:700)
2026-06-03 02:55:50.860 | info     |           Metal |   [   267959800 ..    267959900) |                                        |        0 (profiler_analysis.cpp:700)
2026-06-03 02:55:50.860 | info     |           Metal |   [   267959900 ..    267960000) |                                        |        0 (profiler_analysis.cpp:700)
2026-06-03 02:55:50.860 | info     |           Metal |   [   267960000 ..    267960100) |                                        |        0 (profiler_analysis.cpp:700)
2026-06-03 02:55:50.860 | info     |           Metal |   [   267960100 ..    267960200) |                                        |        0 (profiler_analysis.cpp:700)
2026-06-03 02:55:50.860 | info     |           Metal |   [   267960200 ..    267960300) |                                        |        0 (profiler_analysis.cpp:700)
[SORT] stage=RP P=162380 P_kept=162380 num_tiles=1024 max_tile_n=1744 bin=6.78 up=0.02 kernel=0.02 d2h=9.86 compact=0.00 publish=0.02 total=19.54ms
[SORT] stage=RP P=588050 P_kept=588050 num_tiles=1024 max_tile_n=4864 bin=11.18 up=0.02 kernel=0.02 d2h=7.13 compact=0.00 publish=0.02 total=21.97ms
2026-06-03 02:55:51.167 | info     |           Metal | Device kernel duration perf summary (device=0): count=1, min=260256336ns, avg=260256336.0ns, max=260256336ns (profiler_analysis.cpp:652)
2026-06-03 02:55:51.167 | info     |           Metal | Device kernel duration perf histogram (device=0): (buckets=10, bucket_size=100ns, range=[260256300..260257300), underflow(<260256300ns)=0, overflow(>=260257300ns)=0) (profiler_analysis.cpp:695)
2026-06-03 02:55:51.167 | info     |           Metal |   [   260256300 ..    260256400) |########################################|        1 (profiler_analysis.cpp:700)
2026-06-03 02:55:51.167 | info     |           Metal |   [   260256400 ..    260256500) |                                        |        0 (profiler_analysis.cpp:700)
2026-06-03 02:55:51.167 | info     |           Metal |   [   260256500 ..    260256600) |                                        |        0 (profiler_analysis.cpp:700)
2026-06-03 02:55:51.167 | info     |           Metal |   [   260256600 ..    260256700) |                                        |        0 (profiler_analysis.cpp:700)
2026-06-03 02:55:51.167 | info     |           Metal |   [   260256700 ..    260256800) |                                        |        0 (profiler_analysis.cpp:700)
2026-06-03 02:55:51.167 | info     |           Metal |   [   260256800 ..    260256900) |                                        |        0 (profiler_analysis.cpp:700)
2026-06-03 02:55:51.167 | info     |           Metal |   [   260256900 ..    260257000) |                                        |        0 (profiler_analysis.cpp:700)
2026-06-03 02:55:51.167 | info     |           Metal |   [   260257000 ..    260257100) |                                        |        0 (profiler_analysis.cpp:700)
2026-06-03 02:55:51.167 | info     |           Metal |   [   260257100 ..    260257200) |                                        |        0 (profiler_analysis.cpp:700)
2026-06-03 02:55:51.167 | info     |           Metal |   [   260257200 ..    260257300) |                                        |        0 (profiler_analysis.cpp:700)
[SORT] stage=RP P=854460 P_kept=854460 num_tiles=1024 max_tile_n=5152 bin=12.59 up=0.02 kernel=0.02 d2h=7.12 compact=0.00 publish=0.02 total=24.04ms
2026-06-03 02:55:51.501 | info     |           Metal | Device kernel duration perf summary (device=0): count=1, min=272043124ns, avg=272043124.0ns, max=272043124ns (profiler_analysis.cpp:652)
2026-06-03 02:55:51.501 | info     |           Metal | Device kernel duration perf histogram (device=0): (buckets=10, bucket_size=100ns, range=[272043100..272044100), underflow(<272043100ns)=0, overflow(>=272044100ns)=0) (profiler_analysis.cpp:695)
2026-06-03 02:55:51.501 | info     |           Metal |   [   272043100 ..    272043200) |########################################|        1 (profiler_analysis.cpp:700)
2026-06-03 02:55:51.501 | info     |           Metal |   [   272043200 ..    272043300) |                                        |        0 (profiler_analysis.cpp:700)
2026-06-03 02:55:51.501 | info     |           Metal |   [   272043300 ..    272043400) |                                        |        0 (profiler_analysis.cpp:700)
2026-06-03 02:55:51.501 | info     |           Metal |   [   272043400 ..    272043500) |                                        |        0 (profiler_analysis.cpp:700)
2026-06-03 02:55:51.501 | info     |           Metal |   [   272043500 ..    272043600) |                                        |        0 (profiler_analysis.cpp:700)
2026-06-03 02:55:51.501 | info     |           Metal |   [   272043600 ..    272043700) |                                        |        0 (profiler_analysis.cpp:700)
2026-06-03 02:55:51.501 | info     |           Metal |   [   272043700 ..    272043800) |                                        |        0 (profiler_analysis.cpp:700)
2026-06-03 02:55:51.501 | info     |           Metal |   [   272043800 ..    272043900) |                                        |        0 (profiler_analysis.cpp:700)
2026-06-03 02:55:51.501 | info     |           Metal |   [   272043900 ..    272044000) |                                        |        0 (profiler_analysis.cpp:700)
2026-06-03 02:55:51.501 | info     |           Metal |   [   272044000 ..    272044100) |                                        |        0 (profiler_analysis.cpp:700)
[SORT] stage=RP P=840033 P_kept=840033 num_tiles=1024 max_tile_n=4704 bin=14.24 up=0.02 kernel=0.02 d2h=7.15 compact=0.00 publish=0.03 total=25.70ms
2026-06-03 02:55:51.836 | info     |           Metal | Device kernel duration perf summary (device=0): count=1, min=272435810ns, avg=272435810.0ns, max=272435810ns (profiler_analysis.cpp:652)
2026-06-03 02:55:51.836 | info     |           Metal | Device kernel duration perf histogram (device=0): (buckets=10, bucket_size=100ns, range=[272435800..272436800), underflow(<272435800ns)=0, overflow(>=272436800ns)=0) (profiler_analysis.cpp:695)
2026-06-03 02:55:51.836 | info     |           Metal |   [   272435800 ..    272435900) |########################################|        1 (profiler_analysis.cpp:700)
2026-06-03 02:55:51.836 | info     |           Metal |   [   272435900 ..    272436000) |                                        |        0 (profiler_analysis.cpp:700)
2026-06-03 02:55:51.836 | info     |           Metal |   [   272436000 ..    272436100) |                                        |        0 (profiler_analysis.cpp:700)
2026-06-03 02:55:51.836 | info     |           Metal |   [   272436100 ..    272436200) |                                        |        0 (profiler_analysis.cpp:700)
2026-06-03 02:55:51.836 | info     |           Metal |   [   272436200 ..    272436300) |                                        |        0 (profiler_analysis.cpp:700)
2026-06-03 02:55:51.836 | info     |           Metal |   [   272436300 ..    272436400) |                                        |        0 (profiler_analysis.cpp:700)
2026-06-03 02:55:51.836 | info     |           Metal |   [   272436400 ..    272436500) |                                        |        0 (profiler_analysis.cpp:700)
2026-06-03 02:55:51.836 | info     |           Metal |   [   272436500 ..    272436600) |                                        |        0 (profiler_analysis.cpp:700)
2026-06-03 02:55:51.836 | info     |           Metal |   [   272436600 ..    272436700) |                                        |        0 (profiler_analysis.cpp:700)
2026-06-03 02:55:51.836 | info     |           Metal |   [   272436700 ..    272436800) |                                        |        0 (profiler_analysis.cpp:700)
[SORT] stage=RP P=1077452 P_kept=1077452 num_tiles=1024 max_tile_n=5408 bin=16.73 up=0.02 kernel=0.02 d2h=7.13 compact=0.00 publish=0.02 total=28.62ms
2026-06-03 02:55:52.187 | info     |           Metal | Device kernel duration perf summary (device=0): count=1, min=280773305ns, avg=280773305.0ns, max=280773305ns (profiler_analysis.cpp:652)
2026-06-03 02:55:52.187 | info     |           Metal | Device kernel duration perf histogram (device=0): (buckets=10, bucket_size=100ns, range=[280773300..280774300), underflow(<280773300ns)=0, overflow(>=280774300ns)=0) (profiler_analysis.cpp:695)
2026-06-03 02:55:52.187 | info     |           Metal |   [   280773300 ..    280773400) |########################################|        1 (profiler_analysis.cpp:700)
2026-06-03 02:55:52.187 | info     |           Metal |   [   280773400 ..    280773500) |                                        |        0 (profiler_analysis.cpp:700)
2026-06-03 02:55:52.187 | info     |           Metal |   [   280773500 ..    280773600) |                                        |        0 (profiler_analysis.cpp:700)
2026-06-03 02:55:52.187 | info     |           Metal |   [   280773600 ..    280773700) |                                        |        0 (profiler_analysis.cpp:700)
2026-06-03 02:55:52.187 | info     |           Metal |   [   280773700 ..    280773800) |                                        |        0 (profiler_analysis.cpp:700)
2026-06-03 02:55:52.187 | info     |           Metal |   [   280773800 ..    280773900) |                                        |        0 (profiler_analysis.cpp:700)
2026-06-03 02:55:52.187 | info     |           Metal |   [   280773900 ..    280774000) |                                        |        0 (profiler_analysis.cpp:700)
2026-06-03 02:55:52.187 | info     |           Metal |   [   280774000 ..    280774100) |                                        |        0 (profiler_analysis.cpp:700)
2026-06-03 02:55:52.187 | info     |           Metal |   [   280774100 ..    280774200) |                                        |        0 (profiler_analysis.cpp:700)
2026-06-03 02:55:52.187 | info     |           Metal |   [   280774200 ..    280774300) |                                        |        0 (profiler_analysis.cpp:700)
[SORT] stage=RP P=1175882 P_kept=1175882 num_tiles=1024 max_tile_n=5312 bin=17.77 up=0.02 kernel=0.02 d2h=7.16 compact=0.00 publish=0.02 total=29.76ms
2026-06-03 02:55:52.544 | info     |           Metal | Device kernel duration perf summary (device=0): count=1, min=285493473ns, avg=285493473.0ns, max=285493473ns (profiler_analysis.cpp:652)
2026-06-03 02:55:52.544 | info     |           Metal | Device kernel duration perf histogram (device=0): (buckets=10, bucket_size=100ns, range=[285493400..285494400), underflow(<285493400ns)=0, overflow(>=285494400ns)=0) (profiler_analysis.cpp:695)
2026-06-03 02:55:52.544 | info     |           Metal |   [   285493400 ..    285493500) |########################################|        1 (profiler_analysis.cpp:700)
2026-06-03 02:55:52.544 | info     |           Metal |   [   285493500 ..    285493600) |                                        |        0 (profiler_analysis.cpp:700)
2026-06-03 02:55:52.544 | info     |           Metal |   [   285493600 ..    285493700) |                                        |        0 (profiler_analysis.cpp:700)
2026-06-03 02:55:52.544 | info     |           Metal |   [   285493700 ..    285493800) |                                        |        0 (profiler_analysis.cpp:700)
2026-06-03 02:55:52.544 | info     |           Metal |   [   285493800 ..    285493900) |                                        |        0 (profiler_analysis.cpp:700)
2026-06-03 02:55:52.544 | info     |           Metal |   [   285493900 ..    285494000) |                                        |        0 (profiler_analysis.cpp:700)
2026-06-03 02:55:52.544 | info     |           Metal |   [   285494000 ..    285494100) |                                        |        0 (profiler_analysis.cpp:700)
2026-06-03 02:55:52.544 | info     |           Metal |   [   285494100 ..    285494200) |                                        |        0 (profiler_analysis.cpp:700)
2026-06-03 02:55:52.544 | info     |           Metal |   [   285494200 ..    285494300) |                                        |        0 (profiler_analysis.cpp:700)
2026-06-03 02:55:52.544 | info     |           Metal |   [   285494300 ..    285494400) |                                        |        0 (profiler_analysis.cpp:700)
2026-06-03 02:55:52.869 | info     |           Metal | Device kernel duration perf summary (device=0): count=1, min=268584262ns, avg=268584262.0ns, max=268584262ns (profiler_analysis.cpp:652)
2026-06-03 02:55:52.869 | info     |           Metal | Device kernel duration perf histogram (device=0): (buckets=10, bucket_size=100ns, range=[268584200..268585200), underflow(<268584200ns)=0, overflow(>=268585200ns)=0) (profiler_analysis.cpp:695)
2026-06-03 02:55:52.869 | info     |           Metal |   [   268584200 ..    268584300) |########################################|        1 (profiler_analysis.cpp:700)
2026-06-03 02:55:52.869 | info     |           Metal |   [   268584300 ..    268584400) |                                        |        0 (profiler_analysis.cpp:700)
2026-06-03 02:55:52.869 | info     |           Metal |   [   268584400 ..    268584500) |                                        |        0 (profiler_analysis.cpp:700)
2026-06-03 02:55:52.869 | info     |           Metal |   [   268584500 ..    268584600) |                                        |        0 (profiler_analysis.cpp:700)
2026-06-03 02:55:52.869 | info     |           Metal |   [   268584600 ..    268584700) |                                        |        0 (profiler_analysis.cpp:700)
2026-06-03 02:55:52.869 | info     |           Metal |   [   268584700 ..    268584800) |                                        |        0 (profiler_analysis.cpp:700)
2026-06-03 02:55:52.869 | info     |           Metal |   [   268584800 ..    268584900) |                                        |        0 (profiler_analysis.cpp:700)
2026-06-03 02:55:52.869 | info     |           Metal |   [   268584900 ..    268585000) |                                        |        0 (profiler_analysis.cpp:700)
2026-06-03 02:55:52.869 | info     |           Metal |   [   268585000 ..    268585100) |                                        |        0 (profiler_analysis.cpp:700)
2026-06-03 02:55:52.869 | info     |           Metal |   [   268585100 ..    268585200) |                                        |        0 (profiler_analysis.cpp:700)
[SORT] stage=RP P=662931 P_kept=662931 num_tiles=1024 max_tile_n=5184 bin=12.02 up=0.02 kernel=0.03 d2h=7.12 compact=0.00 publish=0.02 total=23.01ms
[SORT] stage=RP P=1298085 P_kept=1298085 num_tiles=1024 max_tile_n=18608 bin=19.24 up=0.02 kernel=0.02 d2h=7.12 compact=0.00 publish=0.02 total=32.03ms
2026-06-03 02:55:53.238 | info     |           Metal | Device kernel duration perf summary (device=0): count=1, min=292402736ns, avg=292402736.0ns, max=292402736ns (profiler_analysis.cpp:652)
2026-06-03 02:55:53.238 | info     |           Metal | Device kernel duration perf histogram (device=0): (buckets=10, bucket_size=100ns, range=[292402700..292403700), underflow(<292402700ns)=0, overflow(>=292403700ns)=0) (profiler_analysis.cpp:695)
2026-06-03 02:55:53.238 | info     |           Metal |   [   292402700 ..    292402800) |########################################|        1 (profiler_analysis.cpp:700)
2026-06-03 02:55:53.238 | info     |           Metal |   [   292402800 ..    292402900) |                                        |        0 (profiler_analysis.cpp:700)
2026-06-03 02:55:53.238 | info     |           Metal |   [   292402900 ..    292403000) |                                        |        0 (profiler_analysis.cpp:700)
2026-06-03 02:55:53.238 | info     |           Metal |   [   292403000 ..    292403100) |                                        |        0 (profiler_analysis.cpp:700)
2026-06-03 02:55:53.238 | info     |           Metal |   [   292403100 ..    292403200) |                                        |        0 (profiler_analysis.cpp:700)
2026-06-03 02:55:53.238 | info     |           Metal |   [   292403200 ..    292403300) |                                        |        0 (profiler_analysis.cpp:700)
2026-06-03 02:55:53.238 | info     |           Metal |   [   292403300 ..    292403400) |                                        |        0 (profiler_analysis.cpp:700)
2026-06-03 02:55:53.238 | info     |           Metal |   [   292403400 ..    292403500) |                                        |        0 (profiler_analysis.cpp:700)
2026-06-03 02:55:53.238 | info     |           Metal |   [   292403500 ..    292403600) |                                        |        0 (profiler_analysis.cpp:700)
2026-06-03 02:55:53.238 | info     |           Metal |   [   292403600 ..    292403700) |                                        |        0 (profiler_analysis.cpp:700)
[SORT] stage=RP P=262468 P_kept=262468 num_tiles=1024 max_tile_n=4464 bin=7.38 up=0.02 kernel=0.02 d2h=7.12 compact=0.00 publish=0.02 total=16.92ms
2026-06-03 02:55:53.545 | info     |           Metal | Device kernel duration perf summary (device=0): count=1, min=260827073ns, avg=260827073.0ns, max=260827073ns (profiler_analysis.cpp:652)
2026-06-03 02:55:53.545 | info     |           Metal | Device kernel duration perf histogram (device=0): (buckets=10, bucket_size=100ns, range=[260827000..260828000), underflow(<260827000ns)=0, overflow(>=260828000ns)=0) (profiler_analysis.cpp:695)
2026-06-03 02:55:53.545 | info     |           Metal |   [   260827000 ..    260827100) |########################################|        1 (profiler_analysis.cpp:700)
2026-06-03 02:55:53.545 | info     |           Metal |   [   260827100 ..    260827200) |                                        |        0 (profiler_analysis.cpp:700)
2026-06-03 02:55:53.545 | info     |           Metal |   [   260827200 ..    260827300) |                                        |        0 (profiler_analysis.cpp:700)
2026-06-03 02:55:53.545 | info     |           Metal |   [   260827300 ..    260827400) |                                        |        0 (profiler_analysis.cpp:700)
2026-06-03 02:55:53.545 | info     |           Metal |   [   260827400 ..    260827500) |                                        |        0 (profiler_analysis.cpp:700)
2026-06-03 02:55:53.545 | info     |           Metal |   [   260827500 ..    260827600) |                                        |        0 (profiler_analysis.cpp:700)
2026-06-03 02:55:53.545 | info     |           Metal |   [   260827600 ..    260827700) |                                        |        0 (profiler_analysis.cpp:700)
2026-06-03 02:55:53.545 | info     |           Metal |   [   260827700 ..    260827800) |                                        |        0 (profiler_analysis.cpp:700)
2026-06-03 02:55:53.545 | info     |           Metal |   [   260827800 ..    260827900) |                                        |        0 (profiler_analysis.cpp:700)
2026-06-03 02:55:53.545 | info     |           Metal |   [   260827900 ..    260828000) |                                        |        0 (profiler_analysis.cpp:700)
[SORT] stage=RP P=107247 P_kept=107247 num_tiles=1024 max_tile_n=1664 bin=5.94 up=0.02 kernel=0.02 d2h=7.12 compact=0.00 publish=0.02 total=15.23ms
2026-06-03 02:55:53.831 | info     |           Metal | Device kernel duration perf summary (device=0): count=1, min=247448912ns, avg=247448912.0ns, max=247448912ns (profiler_analysis.cpp:652)
2026-06-03 02:55:53.831 | info     |           Metal | Device kernel duration perf histogram (device=0): (buckets=10, bucket_size=100ns, range=[247448900..247449900), underflow(<247448900ns)=0, overflow(>=247449900ns)=0) (profiler_analysis.cpp:695)
2026-06-03 02:55:53.831 | info     |           Metal |   [   247448900 ..    247449000) |########################################|        1 (profiler_analysis.cpp:700)
2026-06-03 02:55:53.831 | info     |           Metal |   [   247449000 ..    247449100) |                                        |        0 (profiler_analysis.cpp:700)
2026-06-03 02:55:53.831 | info     |           Metal |   [   247449100 ..    247449200) |                                        |        0 (profiler_analysis.cpp:700)
2026-06-03 02:55:53.831 | info     |           Metal |   [   247449200 ..    247449300) |                                        |        0 (profiler_analysis.cpp:700)
2026-06-03 02:55:53.831 | info     |           Metal |   [   247449300 ..    247449400) |                                        |        0 (profiler_analysis.cpp:700)
2026-06-03 02:55:53.831 | info     |           Metal |   [   247449400 ..    247449500) |                                        |        0 (profiler_analysis.cpp:700)
2026-06-03 02:55:53.831 | info     |           Metal |   [   247449500 ..    247449600) |                                        |        0 (profiler_analysis.cpp:700)
2026-06-03 02:55:53.831 | info     |           Metal |   [   247449600 ..    247449700) |                                        |        0 (profiler_analysis.cpp:700)
2026-06-03 02:55:53.831 | info     |           Metal |   [   247449700 ..    247449800) |                                        |        0 (profiler_analysis.cpp:700)
2026-06-03 02:55:53.831 | info     |           Metal |   [   247449800 ..    247449900) |                                        |        0 (profiler_analysis.cpp:700)
[SORT] stage=RP P=742945 P_kept=742945 num_tiles=1024 max_tile_n=4720 bin=12.95 up=0.02 kernel=0.02 d2h=7.12 compact=0.00 publish=0.02 total=24.14ms
2026-06-03 02:55:54.162 | info     |           Metal | Device kernel duration perf summary (device=0): count=1, min=272509749ns, avg=272509749.0ns, max=272509749ns (profiler_analysis.cpp:652)
2026-06-03 02:55:54.162 | info     |           Metal | Device kernel duration perf histogram (device=0): (buckets=10, bucket_size=100ns, range=[272509700..272510700), underflow(<272509700ns)=0, overflow(>=272510700ns)=0) (profiler_analysis.cpp:695)
2026-06-03 02:55:54.162 | info     |           Metal |   [   272509700 ..    272509800) |########################################|        1 (profiler_analysis.cpp:700)
2026-06-03 02:55:54.162 | info     |           Metal |   [   272509800 ..    272509900) |                                        |        0 (profiler_analysis.cpp:700)
2026-06-03 02:55:54.162 | info     |           Metal |   [   272509900 ..    272510000) |                                        |        0 (profiler_analysis.cpp:700)
2026-06-03 02:55:54.162 | info     |           Metal |   [   272510000 ..    272510100) |                                        |        0 (profiler_analysis.cpp:700)
2026-06-03 02:55:54.162 | info     |           Metal |   [   272510100 ..    272510200) |                                        |        0 (profiler_analysis.cpp:700)
2026-06-03 02:55:54.162 | info     |           Metal |   [   272510200 ..    272510300) |                                        |        0 (profiler_analysis.cpp:700)
2026-06-03 02:55:54.162 | info     |           Metal |   [   272510300 ..    272510400) |                                        |        0 (profiler_analysis.cpp:700)
2026-06-03 02:55:54.162 | info     |           Metal |   [   272510400 ..    272510500) |                                        |        0 (profiler_analysis.cpp:700)
2026-06-03 02:55:54.162 | info     |           Metal |   [   272510500 ..    272510600) |                                        |        0 (profiler_analysis.cpp:700)
2026-06-03 02:55:54.162 | info     |           Metal |   [   272510600 ..    272510700) |                                        |        0 (profiler_analysis.cpp:700)
SUMMARY backend=tt blend_mode=2 views=30 hero_vs_gt=46.78dB hero_vs_ref=63.85dB min_vs_ref=56.54dB min_vs_gt=41.19dB ms/view=124.9 (proj=21.5 ta=5.1 sort=17.1 cull=0.0 blend=34.4) shot=opt/metal-screenshots/a003-verify-20260603T025554Z/hero.png shot_diff=opt/metal-screenshots/a003-verify-20260603T025554Z/hero_diff10.png
[render-inner] a003_verify rc=0

Queue delay: 13 ns
Timer resolution: 0 ns

Frames: 2
Time span: 21.63 s
Zones: 1,833,494
Elapsed time: 21.32 s
Saving trace... done!
Trace size 19.69 MB (26.11% ratio)
2026-06-03 02:55:57.910 | INFO     | tracy:generate_report:154 - Host side ops time report generated at /localdev/smarton/gstt2/opt/profiler/wrap_out_ttw-047/.logs/tracy_ops_times.csv
2026-06-03 02:55:57.944 | INFO     | tracy:generate_report:165 - Host side ops data report generated at /localdev/smarton/gstt2/opt/profiler/wrap_out_ttw-047/.logs/tracy_ops_data.csv
2026-06-03 02:55:57.944 | INFO     | tracy.process_ops_logs:import_tracy_op_logs:255 - Importing ops logs
/localdev/smarton/tt-metal/tools/tracy/process_ops_logs.py:360: DtypeWarning: Columns (3) have mixed types. Specify dtype option on import or set low_memory=False.
  df = pd.read_csv(tracyOpTimesLog)
2026-06-03 02:56:00.164 | INFO     | tracy.process_ops_logs:get_device_data_generate_report:1014 - Copying runtime artifacts
2026-06-03 02:56:00.272 | INFO     | tracy.process_ops_logs:get_device_data_generate_report:1020 - Getting device only ops data
2026-06-03 02:56:04.618 | INFO     | tracy.process_device_log:core_to_device_timeseries:416 - Importing Data For Device Number : 0
2026-06-03 02:56:12.226 | INFO     | tracy.process_ops_logs:get_device_data_generate_report:1032 - Generating device op report ...
2026-06-03 02:56:12.358 | INFO     | tracy.process_ops_logs:get_device_data_generate_report:1210 - Device only OPs csv generated at: /localdev/smarton/gstt2/opt/profiler/wrap_out_ttw-047/reports/2026_06_03_02_56_00/ops_perf_results_2026_06_03_02_56_00.csv
2026-06-03 02:56:12.373 | INFO     | tracy.process_ops_logs:get_device_data_generate_report:1219 - Device only per core op to op times csv generated at: /localdev/smarton/gstt2/opt/profiler/wrap_out_ttw-047/reports/2026_06_03_02_56_00/per_core_op_to_op_times_2026_06_03_02_56_00.csv
[capture_tracy] wrapper exited rc=0
[capture_tracy] OK tracy: -rw-rw-r-- 1 smarton smarton 20654380 Jun  3 02:56 /localdev/smarton/gstt2/opt/profiler/ttw-047/render.tracy
[capture_tracy] device profiler CSV data rows: 1270753 (1-view baseline ~65600; ~30x => full 30-view)
[capture_tracy] per-zone-hash device marker counts (each zone repeats ~30x across views):
 187764 35219
 177568 13133
 150164 32535
 150164 16443
 122760 49375
 122760 17277
  68324 12391
  62588 22059
  40920 52195
  40920 44760
  20460 40868
  20460 15633
  13640 64032
  13640 61648
  13640 60078
  13640 40740
  13640 27140
  13640 24407
  13640 13365
   6820 22120
   2700 51288
    900 60922
      1  timer_id
[capture_tracy] DONE rc=0 iter=ttw-047 tracy=/localdev/smarton/gstt2/opt/profiler/ttw-047/render.tracy
