================ BUILD ID ================
  cpp : #142 sha=7b7966a bin=58ca522fd5ed289c iter 42: M1: L1-resident LSD radix sort over 32B records; bit-order proven == DRAM reference (on-device: mono=0 + key-multiset perm=0 across 1100 bucket tiles/all cores, cull-mask alignment intact => 42dB failure mode absent); 63.85dB
  data: #1 sha=b703f70 sync tracy-041 capture script
=========================================
host=yyzo-bh-03  tag=tracy-042  timeout=900s  worry=600s  ts=2026-06-02T16:22:02-0700
cmd: bash opt/profiler/run_wrapper_capture_l1.sh
-----------------------------------------
BUILD-ID VERIFY OK: cpp#142 bin=58ca522fd5ed289c matches the built+stamped artifact
[tracy-wrap-l1] L1-RESIDENT flags: FUSED_TILE=unset TILE_BUCKET=1 BUCKET_FIT=8192 SFPU_CULL=1 BLEND_AOS=default-on BUCKET_MASK=unset
[tracy-wrap-l1] CMD: python3 -m tracy -r -p -v --dump-device-data-mid-run -o /localdev/smarton/gstt2/opt/profiler/wrap_out_l1 opt/profiler/_render_inner.sh
Connecting to 127.0.0.1:8086...2026-06-02 23:22:03.499 | INFO     | __main__:main:175 - Setting profiler artifacts folder to /localdev/smarton/gstt2/opt/profiler/wrap_out_l1
2026-06-02 23:22:03.500 | INFO     | __main__:main:336 - Using port 8086
2026-06-02 23:22:03.500 | INFO     | tracy:run_report_setup:88 - Verifying tracy profiling tools
2026-06-02 23:22:03.504 | INFO     | tracy:run_report_setup:108 - Capture command: ('/localdev/smarton/tt-metal/build/tools/profiler/bin/capture-release -o /localdev/smarton/gstt2/opt/profiler/wrap_out_l1/.logs/tracy_profile_log_host.tracy -f -p 8086',)
2026-06-02 23:22:03.507 | INFO     | __main__:main:400 - Test process started
[render-inner] python3 scripts/a003_verify.py --backend tt --views 1 (MID_RUN_DUMP=1 DEVICE_PROFILER=1 GSPLAT_TT_PROFILE=1 TRACY_PORT=8086)
2026-06-02 23:22:03.871 | INFO     | __main__:main:175 - Setting profiler artifacts folder to /localdev/smarton/gstt2/opt/profiler/wrap_out_l1
2026-06-02 23:22:05.627 | info     |             UMD | Creating TopologyDiscovery for architecture: blackhole (topology_discovery.cpp:75)
2026-06-02 23:22:05.627 | info     |             UMD | Starting topology discovery. (topology_discovery.cpp:92)
2026-06-02 23:22:05.627 | warning  |             UMD | Low power mode is disabled while UMD holds open file descriptors. The device will return to low power mode once all file descriptors are closed. (topology_discovery.cpp:143)
2026-06-02 23:22:05.627 | warning  |             UMD | KMD version 2.4.1 does not support power state management. (pci_device.cpp:1067)
2026-06-02 23:22:05.627 | info     |             UMD | Established firmware bundle version: 18.12.1 (topology_discovery.cpp:544)
2026-06-02 23:22:05.627 | info     |             UMD | Completed topology discovery. (topology_discovery.cpp:96)
2026-06-02 23:22:05.627 | info     |          Device | Opening user mode device driver (tt_cluster.cpp:225)
2026-06-02 23:22:05.627 | info     |             UMD | Cluster constructor started. (cluster.cpp:317)
2026-06-02 23:22:05.627 | info     |             UMD | Creating TopologyDiscovery for architecture: blackhole (topology_discovery.cpp:75)
2026-06-02 23:22:05.627 | info     |             UMD | Starting topology discovery. (topology_discovery.cpp:92)
2026-06-02 23:22:05.628 | warning  |             UMD | Low power mode is disabled while UMD holds open file descriptors. The device will return to low power mode once all file descriptors are closed. (topology_discovery.cpp:143)
2026-06-02 23:22:05.628 | warning  |             UMD | KMD version 2.4.1 does not support power state management. (pci_device.cpp:1067)
2026-06-02 23:22:05.628 | info     |             UMD | Established firmware bundle version: 18.12.1 (topology_discovery.cpp:544)
2026-06-02 23:22:05.628 | info     |             UMD | Completed topology discovery. (topology_discovery.cpp:96)
2026-06-02 23:22:05.628 | info     |             UMD | Harvesting masks for Chip 0: Tensix: 0xc0 DRAM: 0x8 ETH: 0x3fff PCIe: 0x2 L2CPU: 0x0 (cluster.cpp:270)
2026-06-02 23:22:05.628 | info     |             UMD | Initializing iommu for sysmem (size: 0x40000000). (silicon_sysmem_manager.cpp:334)
2026-06-02 23:22:05.628 | info     |             UMD | Allocating sysmem for IOMMU (size: 0x40000000). (silicon_sysmem_manager.cpp:340)
2026-06-02 23:22:05.674 | warning  |             UMD | KMD version 2.4.1 does not support power state management. (pci_device.cpp:1067)
2026-06-02 23:22:05.674 | info     |             UMD | Opening local chip ids/PCIe ids: {0}/[0] and remote chip ids {} (cluster.cpp:159)
2026-06-02 23:22:05.674 | info     |             UMD | IOMMU: enabled (cluster.cpp:133)
2026-06-02 23:22:05.674 | info     |             UMD | KMD version: 2.4.1 (cluster.cpp:136)
2026-06-02 23:22:05.674 | info     |             UMD | Cluster constructor completed. (cluster.cpp:409)
2026-06-02 23:22:05.676 | info     |             UMD | Starting devices in cluster (cluster.cpp:1044)
2026-06-02 23:22:05.677 | info     |             UMD | Mapped sysmem without hugepages to IOVA 0x80000000; NOC address 0x1000000000000000 (silicon_sysmem_manager.cpp:391)
2026-06-02 23:22:05.677 | info     |             UMD | Starting devices in cluster completed. (cluster.cpp:1052)
2026-06-02 23:22:06.173 | info     |     Distributed | Using auto discovery to generate mesh graph. (metal_env.cpp:332)
2026-06-02 23:22:06.174 | info     |     Distributed | Constructing control plane using auto-discovery (no mesh graph descriptor). (metal_env.cpp:394)
2026-06-02 23:22:06.174 | info     |             UMD | Creating TopologyDiscovery for architecture: blackhole (topology_discovery.cpp:75)
2026-06-02 23:22:06.174 | info     |             UMD | Starting topology discovery. (topology_discovery.cpp:92)
2026-06-02 23:22:06.174 | warning  |             UMD | Low power mode is disabled while UMD holds open file descriptors. The device will return to low power mode once all file descriptors are closed. (topology_discovery.cpp:143)
2026-06-02 23:22:06.174 | warning  |             UMD | KMD version 2.4.1 does not support power state management. (pci_device.cpp:1067)
2026-06-02 23:22:06.174 | info     |             UMD | Established firmware bundle version: 18.12.1 (topology_discovery.cpp:544)
2026-06-02 23:22:06.174 | info     |             UMD | Completed topology discovery. (topology_discovery.cpp:96)
2026-06-02 23:22:06.174 | warning  |          Always | Unknown motherboard 'X670E GAMING PLUS WIFI (MS-7E16)' for chip_id=0 (bus_id=0x1) — defaulting tray_id to 0. Add this motherboard and its bus IDs to mobo_to_bus_ids in physical_system_discovery.cpp. (physical_system_discovery.cpp:62)
2026-06-02 23:22:06.174 | info     |          Fabric | TopologyMapper: Logical Multi-Mesh Adjacency Map: (topology_mapper.cpp:1474)
2026-06-02 23:22:06.174 | info     |          Fabric | 
=== Logical Mesh-Level Graph Adjacency Map ===
Total nodes: 1
Degree histogram: {0:1}
 (topology_solver.tpp:94)
2026-06-02 23:22:06.174 | info     |          Fabric | 
=== Logical Mesh 0 Internal Graph Adjacency Map ===
Total nodes: 1
Degree histogram: {0:1}
 (topology_solver.tpp:94)
2026-06-02 23:22:06.174 | info     |          Fabric | TopologyMapper: Physical Multi-Mesh Adjacency Map: (topology_mapper.cpp:1485)
2026-06-02 23:22:06.174 | info     |          Fabric | 
=== Physical Mesh-Level Graph Adjacency Map ===
Total nodes: 1
Degree histogram: {0:1}
 (topology_solver.tpp:94)
2026-06-02 23:22:06.174 | info     |          Fabric | 
=== Physical Mesh 0 Internal Graph Adjacency Map ===
Total nodes: 1
Degree histogram: {0:1}
 (topology_solver.tpp:94)
2026-06-02 23:22:06.174 | info     |          Fabric | Starting multi-mesh mapping: 1 logical mesh(es) to 1 physical mesh(es) (topology_mapper_utils.cpp:1469)
2026-06-02 23:22:06.174 | info     |          Fabric | Multi-mesh mapping attempt 1/2: Trying inter-mesh mapping (topology_mapper_utils.cpp:1510)
2026-06-02 23:22:06.174 | info     |          Fabric | Attempt 1: Inter-mesh mapping succeeded, found 1 mesh pair(s) (topology_mapper_utils.cpp:1539)
2026-06-02 23:22:06.174 | info     |          Fabric | Attempt 1: Mapping 1 mesh pair(s) (topology_mapper_utils.cpp:1547)
2026-06-02 23:22:06.174 | info     |          Fabric | Attempt 1: Mapping mesh 0 -> 0 (topology_mapper_utils.cpp:1554)
2026-06-02 23:22:06.174 | info     |          Fabric | Multi-mesh mapping succeeded after 1 attempt(s): 1 mesh pair(s) mapped (topology_mapper_utils.cpp:1686)
2026-06-02 23:22:06.312 | info     |           Metal | Profiler started on device 0 (profiler_initializer.cpp:49)
2026-06-02 23:22:06.509 | info     |           Metal | ShmResourceTracker: removed stale shm '/tt_d2h_322803_3804378342_0' (shm_resource_tracker.cpp:265)
2026-06-02 23:22:06.509 | info     |           Metal | ShmResourceTracker: removed stale manifest '/dev/shm/tt_socket_manifest_322803' (shm_resource_tracker.cpp:275)
2026-06-02 23:22:06.509 | info     |           Metal | ShmResourceTracker: removed orphaned shm '/tt_device_7490744194894819707_memory' (shm_resource_tracker.cpp:282)
2026-06-02 23:22:07.096 | info     |           Metal | [Real-time profiler] Device 0 sync complete: 100 samples, frequency=1.349975 GHz, device_time_at_sync=120085153917851 cycles (realtime_profiler_manager.cpp:1082)
2026-06-02 23:22:07.755 | error    |    BuildKernels | brisc compile failure -- cmd: cd /localdev/smarton/.cache/tt-metal-cache/tt-metal-cache8964624325370633101/kernels/gather_visible_scatter/5369792897523863095/brisc/ && /localdev/smarton/tt-metal/runtime/sfpi/compiler/bin/riscv-tt-elf-g++ -O2 -std=c++17 -ftt-nttp -ftt-constinit -ftt-consteval -flto=auto -ffast-math -fno-exceptions -g -MMD -fno-use-cxa-atexit -Wall -Werror -Wno-error=deprecated-declarations -Wno-error=multistatement-macros -Wno-error=parentheses -Wno-error=unused-but-set-variable -Wno-unused-variable -Wno-unused-function -mcpu=tt-bh -fno-tree-loop-distribute-patterns -I. -I.. -I/localdev/smarton/tt-metal/ -I/localdev/smarton/tt-metal/ttnn -I/localdev/smarton/tt-metal/ttnn/cpp -I/localdev/smarton/tt-metal/tt_metal -I/localdev/smarton/tt-metal/tt_metal/hw/inc -I/localdev/smarton/tt-metal/tt_metal/tt-llk/common -I/localdev/smarton/tt-metal/tt_metal/hostdevcommon/api -I/localdev/smarton/tt-metal/tt_metal/api/ -I/localdev/smarton/tt-metal/tt_metal/hw/ckernels/blackhole/metal/common -I/localdev/smarton/tt-metal/tt_metal/hw/ckernels/blackhole/metal/llk_io -I/localdev/smarton/tt-metal/tt_metal/hw/inc/internal/tt-1xx -I/localdev/smarton/tt-metal/tt_metal/hw/inc/internal/tt-1xx/blackhole -I/localdev/smarton/tt-metal/tt_metal/hw/inc/internal/tt-1xx/blackhole/blackhole_defines -I/localdev/smarton/tt-metal/tt_metal/hw/inc/internal/tt-1xx/blackhole/noc -I/localdev/smarton/tt-metal/tt_metal/tt-llk/tt_llk_blackhole/common/inc -I/localdev/smarton/tt-metal/tt_metal/tt-llk/tt_llk_blackhole/llk_lib -I/localdev/smarton/tt-metal/tt_metal/hw/firmware/src/tt-1xx -I/localdev/smarton/gstt2/src/gsplat_tt/kernels/dataflow -c -o /localdev/smarton/.cache/tt-metal-cache/tt-metal-cache8964624325370633101/kernels/gather_visible_scatter/5369792897523863095/brisc/brisck.15889099022037459549.o /localdev/smarton/tt-metal/tt_metal/hw/firmware/src/tt-1xx/brisck.cc -MF /localdev/smarton/.cache/tt-metal-cache/tt-metal-cache8964624325370633101/kernels/gather_visible_scatter/5369792897523863095/brisc/brisck.15889099022037459549.d -DIS_NOT_POW2_NUM_DRAM_BANKS=1 -DIS_NOT_POW2_NUM_L1_BANKS=1 -DNUM_DRAM_BANKS=7 -DNUM_L1_BANKS=110 -DPCIE_NOC_X=19 -DPCIE_NOC_Y=24 -DTENSIX_FIRMWARE -DLOCAL_MEM_EN=0 -DPROFILE_KERNEL=1 -DPROFILER_FULL_HOST_BUFFER_SIZE_PER_RISC=48000 -DPROCESSOR_INDEX=0 -DCOMPILE_FOR_BRISC -DARCH_BLACKHOLE -DDISPATCH_MESSAGE_ADDR=4290184248 -DKERNEL_BUILD -DGATHER_EMIT_BLENDREC='1' -DNOC_INDEX='0' -DNOC_MODE='0' -DKERNEL_COMPILE_TIME_ARGS=2,0,2,0,2,0,2,0,2,0,2,0,2,0,2,0,2,0,2,0,2,0,2,0,2,0,2,0,2,0,2,0,2,0,2,0,2,0,2,0,2,0,2,0,2,0,2,0,2,0  (build.cpp:58)
2026-06-02 23:22:07.755 | critical |          Always | TT_THROW: brisc build failed. Log: In file included from /localdev/smarton/tt-metal/tt_metal/hw/inc/api/dataflow/dataflow_api.h:27,
                 from /localdev/smarton/tt-metal/tt_metal/hw/inc/internal/firmware_common.h:24,
                 from /localdev/smarton/tt-metal/tt_metal/hw/firmware/src/tt-1xx/brisck.cc:17:
/localdev/smarton/tt-metal/tt_metal/tools/profiler/kernel_profiler.hpp: In function 'void kernel_profiler::quick_push()':
/localdev/smarton/tt-metal/tt_metal/tools/profiler/kernel_profiler.hpp:25:22: note: '#pragma message: PROFILER-NOC-QUICK-PUSH,/localdev/smarton/tt-metal/tt_metal/tools/profiler/kernel_profiler.hpp,395,KERNEL_PROFILER'
   25 | #define DO_PRAGMA(x) _Pragma(#x)
      |                      ^~~~~~~
/localdev/smarton/tt-metal/tt_metal/tools/profiler/kernel_profiler.hpp:35:5: note: in expansion of macro 'DO_PRAGMA'
   35 |     DO_PRAGMA(message(PROFILER_MSG_NAME(name))); \
      |     ^~~~~~~~~
/localdev/smarton/tt-metal/tt_metal/tools/profiler/kernel_profiler.hpp:395:5: note: in expansion of macro 'SrcLocNameToHash'
  395 |     SrcLocNameToHash("PROFILER-NOC-QUICK-PUSH");
      |     ^~~~~~~~~~~~~~~~
/localdev/smarton/gstt2/src/gsplat_tt/kernels/dataflow/gather_visible_scatter.cpp: In function 'void kernel_main()':
/localdev/smarton/tt-metal/tt_metal/tools/profiler/kernel_profiler.hpp:25:22: error: expected a string after '#pragma message' [-Werror=pragmas]
   25 | #define DO_PRAGMA(x) _Pragma(#x)
      |                      ^~~~~~~
/localdev/smarton/tt-metal/tt_metal/tools/profiler/kernel_profiler.hpp:652:5: note: in expansion of macro 'DO_PRAGMA'
  652 |     DO_PRAGMA(message(PROFILER_MSG_NAME(name)));                               \
      |     ^~~~~~~~~
/localdev/smarton/gstt2/src/gsplat_tt/kernels/dataflow/gather_visible_scatter.cpp:92:5: note: in expansion of macro 'DeviceZoneScopedN'
   92 |     DeviceZoneScopedN(count_only ? "proj_count" : "proj_scatter");
      |     ^~~~~~~~~~~~~~~~~
/localdev/smarton/tt-metal/tt_metal/tools/profiler/kernel_profiler.hpp:653:53: error: no matching function for call to 'Hash16_CT(const char*)'
  653 |     auto constexpr hash = kernel_profiler::Hash16_CT(PROFILER_MSG_NAME(name)); \
      |                           ~~~~~~~~~~~~~~~~~~~~~~~~~~^~~~~~~~~~~~~~~~~~~~~~~~~
/localdev/smarton/gstt2/src/gsplat_tt/kernels/dataflow/gather_visible_scatter.cpp:92:5: note: in expansion of macro 'DeviceZoneScopedN'
   92 |     DeviceZoneScopedN(count_only ? "proj_count" : "proj_scatter");
      |     ^~~~~~~~~~~~~~~~~
/localdev/smarton/tt-metal/tt_metal/tools/profiler/kernel_profiler.hpp:653:53: note: there is 1 candidate
  653 |     auto constexpr hash = kernel_profiler::Hash16_CT(PROFILER_MSG_NAME(name)); \
      |                           ~~~~~~~~~~~~~~~~~~~~~~~~~~^~~~~~~~~~~~~~~~~~~~~~~~~
/localdev/smarton/gstt2/src/gsplat_tt/kernels/dataflow/gather_visible_scatter.cpp:92:5: note: in expansion of macro 'DeviceZoneScopedN'
   92 |     DeviceZoneScopedN(count_only ? "proj_count" : "proj_scatter");
      |     ^~~~~~~~~~~~~~~~~
/localdev/smarton/tt-metal/tt_metal/tools/profiler/kernel_profiler.hpp:110:20: note: candidate 1: 'template<unsigned int N> constexpr uint32_t kernel_profiler::Hash16_CT(const char (&)[N])'
  110 | constexpr uint32_t Hash16_CT(const char (&s)[N]) {
      |                    ^~~~~~~~~
/localdev/smarton/tt-metal/tt_metal/tools/profiler/kernel_profiler.hpp:110:20: note: template argument deduction/substitution failed:
/localdev/smarton/tt-metal/tt_metal/tools/profiler/kernel_profiler.hpp:653:53: note:   mismatched types 'const char [N]' and 'const char*'
  653 |     auto constexpr hash = kernel_profiler::Hash16_CT(PROFILER_MSG_NAME(name)); \
      |                           ~~~~~~~~~~~~~~~~~~~~~~~~~~^~~~~~~~~~~~~~~~~~~~~~~~~
/localdev/smarton/gstt2/src/gsplat_tt/kernels/dataflow/gather_visible_scatter.cpp:92:5: note: in expansion of macro 'DeviceZoneScopedN'
   92 |     DeviceZoneScopedN(count_only ? "proj_count" : "proj_scatter");
      |     ^~~~~~~~~~~~~~~~~
In file included from ../kernel_includes.hpp:1,
                 from /localdev/smarton/tt-metal/tt_metal/hw/firmware/src/tt-1xx/brisck.cc:21:
/localdev/smarton/gstt2/src/gsplat_tt/kernels/dataflow/gather_visible_scatter.cpp:307:40: warning: 'uint64_t get_noc_addr(uint32_t, const InterleavedAddrGen<DRAM>&, uint32_t, uint8_t) [with bool DRAM = true; uint64_t = long long unsigned int; uint32_t = long unsigned int; uint8_t = unsigned char]' is deprecated: Use <typename AddrGen> get_noc_addr instead. [-Wdeprecated-declarations]
  307 |             noc_async_read(get_noc_addr(t, acc_m2x),   l1_m2x, TILE_BYTES);
      |                            ~~~~~~~~~~~~^~~~~~~~~~~~
In file included from /localdev/smarton/tt-metal/tt_metal/hw/inc/api/dataflow/dataflow_api.h:18:
/localdev/smarton/tt-metal/tt_metal/hw/inc/internal/dataflow/dataflow_api_addrgen.h:455:1: note: declared here
  455 | get_noc_addr(const uint32_t id, const InterleavedAddrGen<DRAM>& addrgen, uint32_t offset = 0, uint8_t noc = noc_index) {
      | ^~~~~~~~~~~~
/localdev/smarton/gstt2/src/gsplat_tt/kernels/dataflow/gather_visible_scatter.cpp:308:40: warning: 'uint64_t get_noc_addr(uint32_t, const InterleavedAddrGen<DRAM>&, uint32_t, uint8_t) [with bool DRAM = true; uint64_t = long long unsigned int; uint32_t = long unsigned int; uint8_t = unsigned char]' is deprecated: Use <typename AddrGen> get_noc_addr instead. [-Wdeprecated-declarations]
  308 |             noc_async_read(get_noc_addr(t, acc_m2y),   l1_m2y, TILE_BYTES);
      |                            ~~~~~~~~~~~~^~~~~~~~~~~~
/localdev/smarton/tt-metal/tt_metal/hw/inc/internal/dataflow/dataflow_api_addrgen.h:455:1: note: declared here
  455 | get_noc_addr(const uint32_t id, const InterleavedAddrGen<DRAM>& addrgen, uint32_t offset = 0, uint8_t noc = noc_index) {
      | ^~~~~~~~~~~~
/localdev/smarton/gstt2/src/gsplat_tt/kernels/dataflow/gather_visible_scatter.cpp:309:40: warning: 'uint64_t get_noc_addr(uint32_t, const InterleavedAddrGen<DRAM>&, uint32_t, uint8_t) [with bool DRAM = true; uint64_t = long long unsigned int; uint32_t = long unsigned int; uint8_t = unsigned char]' is deprecated: Use <typename AddrGen> get_noc_addr instead. [-Wdeprecated-declarations]
  309 |             noc_async_read(get_noc_addr(t, acc_depth), l1_dep, TILE_BYTES);
      |                            ~~~~~~~~~~~~^~~~~~~~~~~~~~
/localdev/smarton/tt-metal/tt_metal/hw/inc/internal/dataflow/dataflow_api_addrgen.h:455:1: note: declared here
  455 | get_noc_addr(const uint32_t id, const InterleavedAddrGen<DRAM>& addrgen, uint32_t offset = 0, uint8_t noc = noc_index) {
      | ^~~~~~~~~~~~
/localdev/smarton/gstt2/src/gsplat_tt/kernels/dataflow/gather_visible_scatter.cpp:310:40: warning: 'uint64_t get_noc_addr(uint32_t, const InterleavedAddrGen<DRAM>&, uint32_t, uint8_t) [with bool DRAM = true; uint64_t = long long unsigned int; uint32_t = long unsigned int; uint8_t = unsigned char]' is deprecated: Use <typename AddrGen> get_noc_addr instead. [-Wdeprecated-declarations]
  310 |             noc_async_read(get_noc_addr(t, acc_rx),    l1_rx,  TILE_BYTES);
      |                            ~~~~~~~~~~~~^~~~~~~~~~~
/localdev/smarton/tt-metal/tt_metal/hw/inc/internal/dataflow/dataflow_api_addrgen.h:455:1: note: declared here
  455 | get_noc_addr(const uint32_t id, const InterleavedAddrGen<DRAM>& addrgen, uint32_t offset = 0, uint8_t noc = noc_index) {
      | ^~~~~~~~~~~~
/localdev/smarton/gstt2/src/gsplat_tt/kernels/dataflow/gather_visible_scatter.cpp:311:40: warning: 'uint64_t get_noc_addr(uint32_t, const InterleavedAddrGen<DRAM>&, uint32_t, uint8_t) [with bool DRAM = true; uint64_t = long long unsigned int; uint32_t = long unsigned int; uint8_t = unsigned char]' is deprecated: Use <typename AddrGen> get_noc_addr instead. [-Wdeprecated-declarations]
  311 |             noc_async_read(get_noc_addr(t, acc_ry),    l1_ry,  TILE_BYTES);
      |                            ~~~~~~~~~~~~^~~~~~~~~~~
/localdev/smarton/tt-metal/tt_metal/hw/inc/internal/dataflow/dataflow_api_addrgen.h:455:1: note: declared here
  455 | get_noc_addr(const uint32_t id, const InterleavedAddrGen<DRAM>& addrgen, uint32_t offset = 0, uint8_t noc = noc_index) {
      | ^~~~~~~~~~~~
/localdev/smarton/gstt2/src/gsplat_tt/kernels/dataflow/gather_visible_scatter.cpp:312:40: warning: 'uint64_t get_noc_addr(uint32_t, const InterleavedAddrGen<DRAM>&, uint32_t, uint8_t) [with bool DRAM = true; uint64_t = long long unsigned int; uint32_t = long unsigned int; uint8_t = unsigned char]' is deprecated: Use <typename AddrGen> get_noc_addr instead. [-Wdeprecated-declarations]
  312 |             noc_async_read(get_noc_addr(t, acc_op),    l1_op,  TILE_BYTES);
      |                            ~~~~~~~~~~~~^~~~~~~~~~~
/localdev/smarton/tt-metal/tt_metal/hw/inc/internal/dataflow/dataflow_api_addrgen.h:455:1: note: declared here
  455 | get_noc_addr(const uint32_t id, const InterleavedAddrGen<DRAM>& addrgen, uint32_t offset = 0, uint8_t noc = noc_index) {
      | ^~~~~~~~~~~~
/localdev/smarton/gstt2/src/gsplat_tt/kernels/dataflow/gather_visible_scatter.cpp:334:44: warning: 'uint64_t get_noc_addr(uint32_t, const InterleavedAddrGen<DRAM>&, uint32_t, uint8_t) [with bool DRAM = true; uint64_t = long long unsigned int; uint32_t = long unsigned int; uint8_t = unsigned char]' is deprecated: Use <typename AddrGen> get_noc_addr instead. [-Wdeprecated-declarations]
  334 |         noc_async_write(l1_oM, get_noc_addr(core_id, acc_counts), 4);
      |                                ~~~~~~~~~~~~^~~~~~~~~~~~~~~~~~~~~
/localdev/smarton/tt-metal/tt_metal/hw/inc/internal/dataflow/dataflow_api_addrgen.h:455:1: note: declared here
  455 | get_noc_addr(const uint32_t id, const InterleavedAddrGen<DRAM>& addrgen, uint32_t offset = 0, uint8_t noc = noc_index) {
      | ^~~~~~~~~~~~
/localdev/smarton/gstt2/src/gsplat_tt/kernels/dataflow/gather_visible_scatter.cpp:347:36: warning: 'uint64_t get_noc_addr(uint32_t, const InterleavedAddrGen<DRAM>&, uint32_t, uint8_t) [with bool DRAM = true; uint64_t = long long unsigned int; uint32_t = long unsigned int; uint8_t = unsigned char]' is deprecated: Use <typename AddrGen> get_noc_addr instead. [-Wdeprecated-declarations]
  347 |         noc_async_read(get_noc_addr(core_id, acc_counts), l1_oM, PAGE_BYTES);
      |                        ~~~~~~~~~~~~^~~~~~~~~~~~~~~~~~~~~
/localdev/smarton/tt-metal/tt_metal/hw/inc/internal/dataflow/dataflow_api_addrgen.h:455:1: note: declared here
  455 | get_noc_addr(const uint32_t id, const InterleavedAddrGen<DRAM>& addrgen, uint32_t offset = 0, uint8_t noc = noc_index) {
      | ^~~~~~~~~~~~
/localdev/smarton/gstt2/src/gsplat_tt/kernels/dataflow/gather_visible_scatter.cpp: In lambda function:
/localdev/smarton/gstt2/src/gsplat_tt/kernels/dataflow/gather_visible_scatter.cpp:360:52: warning: 'uint64_t get_noc_addr(uint32_t, const InterleavedAddrGen<DRAM>&, uint32_t, uint8_t) [with bool DRAM = true; uint64_t = long long unsigned int; uint32_t = long unsigned int; uint8_t = unsigned char]' is deprecated: Use <typename AddrGen> get_noc_addr instead. [-Wdeprecated-declarations]
  360 |         noc_async_write(l1_opx  + off, get_noc_addr(page, acc_opx)  + off, sz);
      |                                        ~~~~~~~~~~~~^~~~~~~~~~~~~~~
/localdev/smarton/tt-metal/tt_metal/hw/inc/internal/dataflow/dataflow_api_addrgen.h:455:1: note: declared here
  455 | get_noc_addr(const uint32_t id, const InterleavedAddrGen<DRAM>& addrgen, uint32_t offset = 0, uint8_t noc = noc_index) {
      | ^~~~~~~~~~~~
/localdev/smarton/gstt2/src/gsplat_tt/kernels/dataflow/gather_visible_scatter.cpp:361:52: warning: 'uint64_t get_noc_addr(uint32_t, const InterleavedAddrGen<DRAM>&, uint32_t, uint8_t) [with bool DRAM = true; uint64_t = long long unsigned int; uint32_t = long unsigned int; uint8_t = unsigned char]' is deprecated: Use <typename AddrGen> get_noc_addr instead. [-Wdeprecated-declarations]
  361 |         noc_async_write(l1_opy  + off, get_noc_addr(page, acc_opy)  + off, sz);
      |                                        ~~~~~~~~~~~~^~~~~~~~~~~~~~~
/localdev/smarton/tt-metal/tt_metal/hw/inc/internal/dataflow/dataflow_api_addrgen.h:455:1: note: declared here
  455 | get_noc_addr(const uint32_t id, const InterleavedAddrGen<DRAM>& addrgen, uint32_t offset = 0, uint8_t noc = noc_index) {
      | ^~~~~~~~~~~~
/localdev/smarton/gstt2/src/gsplat_tt/kernels/dataflow/gather_visible_scatter.cpp:362:52: warning: 'uint64_t get_noc_addr(uint32_t, const InterleavedAddrGen<DRAM>&, uint32_t, uint8_t) [with bool DRAM = true; uint64_t = long long unsigned int; uint32_t = long unsigned int; uint8_t = unsigned char]' is deprecated: Use <typename AddrGen> get_noc_addr instead. [-Wdeprecated-declarations]
  362 |         noc_async_write(l1_orx  + off, get_noc_addr(page, acc_orx)  + off, sz);
      |                                        ~~~~~~~~~~~~^~~~~~~~~~~~~~~
/localdev/smarton/tt-metal/tt_metal/hw/inc/internal/dataflow/dataflow_api_addrgen.h:455:1: note: declared here
  455 | get_noc_addr(const uint32_t id, const InterleavedAddrGen<DRAM>& addrgen, uint32_t offset = 0, uint8_t noc = noc_index) {
      | ^~~~~~~~~~~~
/localdev/smarton/gstt2/src/gsplat_tt/kernels/dataflow/gather_visible_scatter.cpp:363:52: warning: 'uint64_t get_noc_addr(uint32_t, const InterleavedAddrGen<DRAM>&, uint32_t, uint8_t) [with bool DRAM = true; uint64_t = long long unsigned int; uint32_t = long unsigned int; uint8_t = unsigned char]' is deprecated: Use <typename AddrGen> get_noc_addr instead. [-Wdeprecated-declarations]
  363 |         noc_async_write(l1_ory  + off, get_noc_addr(page, acc_ory)  + off, sz);
      |                                        ~~~~~~~~~~~~^~~~~~~~~~~~~~~
/localdev/smarton/tt-metal/tt_metal/hw/inc/internal/dataflow/dataflow_api_addrgen.h:455:1: note: declared here
  455 | get_noc_addr(const uint32_t id, const InterleavedAddrGen<DRAM>& addrgen, uint32_t offset = 0, uint8_t noc = noc_index) {
      | ^~~~~~~~~~~~
/localdev/smarton/gstt2/src/gsplat_tt/kernels/dataflow/gather_visible_scatter.cpp:364:52: warning: 'uint64_t get_noc_addr(uint32_t, const InterleavedAddrGen<DRAM>&, uint32_t, uint8_t) [with bool DRAM = true; uint64_t = long long unsigned int; uint32_t = long unsigned int; uint8_t = unsigned char]' is deprecated: Use <typename AddrGen> get_noc_addr instead. [-Wdeprecated-declarations]
  364 |         noc_async_write(l1_oa   + off, get_noc_addr(page, acc_oa)   + off, sz);
      |                                        ~~~~~~~~~~~~^~~~~~~~~~~~~~
/localdev/smarton/tt-metal/tt_metal/hw/inc/internal/dataflow/dataflow_api_addrgen.h:455:1: note: declared here
  455 | get_noc_addr(const uint32_t id, const InterleavedAddrGen<DRAM>& addrgen, uint32_t offset = 0, uint8_t noc = noc_index) {
      | ^~~~~~~~~~~~
/localdev/smarton/gstt2/src/gsplat_tt/kernels/dataflow/gather_visible_scatter.cpp:365:52: warning: 'uint64_t get_noc_addr(uint32_t, const InterleavedAddrGen<DRAM>&, uint32_t, uint8_t) [with bool DRAM = true; uint64_t = long long unsigned int; uint32_t = long unsigned int; uint8_t = unsigned char]' is deprecated: Use <typename AddrGen> get_noc_addr instead. [-Wdeprecated-declarations]
  365 |         noc_async_write(l1_ob   + off, get_noc_addr(page, acc_ob)   + off, sz);
      |                                        ~~~~~~~~~~~~^~~~~~~~~~~~~~
/localdev/smarton/tt-metal/tt_metal/hw/inc/internal/dataflow/dataflow_api_addrgen.h:455:1: note: declared here
  455 | get_noc_addr(const uint32_t id, const InterleavedAddrGen<DRAM>& addrgen, uint32_t offset = 0, uint8_t noc = noc_index) {
      | ^~~~~~~~~~~~
/localdev/smarton/gstt2/src/gsplat_tt/kernels/dataflow/gather_visible_scatter.cpp:366:52: warning: 'uint64_t get_noc_addr(uint32_t, const InterleavedAddrGen<DRAM>&, uint32_t, uint8_t) [with bool DRAM = true; uint64_t = long long unsigned int; uint32_t = long unsigned int; uint8_t = unsigned char]' is deprecated: Use <typename AddrGen> get_noc_addr instead. [-Wdeprecated-declarations]
  366 |         noc_async_write(l1_oc   + off, get_noc_addr(page, acc_oc)   + off, sz);
      |                                        ~~~~~~~~~~~~^~~~~~~~~~~~~~
/localdev/smarton/tt-metal/tt_metal/hw/inc/internal/dataflow/dataflow_api_addrgen.h:455:1: note: declared here
  455 | get_noc_addr(const uint32_t id, const InterleavedAddrGen<DRAM>& addrgen, uint32_t offset = 0, uint8_t noc = noc_index) {
      | ^~~~~~~~~~~~
/localdev/smarton/gstt2/src/gsplat_tt/kernels/dataflow/gather_visible_scatter.cpp:367:52: warning: 'uint64_t get_noc_addr(uint32_t, const InterleavedAddrGen<DRAM>&, uint32_t, uint8_t) [with bool DRAM = true; uint64_t = long long unsigned int; uint32_t = long unsigned int; uint8_t = unsigned char]' is deprecated: Use <typename AddrGen> get_noc_addr instead. [-Wdeprecated-declarations]
  367 |         noc_async_write(l1_odep + off, get_noc_addr(page, acc_odep) + off, sz);
      |                                        ~~~~~~~~~~~~^~~~~~~~~~~~~~~~
/localdev/smarton/tt-metal/tt_metal/hw/inc/internal/dataflow/dataflow_api_addrgen.h:455:1: note: declared here
  455 | get_noc_addr(const uint32_t id, const InterleavedAddrGen<DRAM>& addrgen, uint32_t offset = 0, uint8_t noc = noc_index) {
      | ^~~~~~~~~~~~
/localdev/smarton/gstt2/src/gsplat_tt/kernels/dataflow/gather_visible_scatter.cpp:368:52: warning: 'uint64_t get_noc_addr(uint32_t, const InterleavedAddrGen<DRAM>&, uint32_t, uint8_t) [with bool DRAM = true; uint64_t = long long unsigned int; uint32_t = long unsigned int; uint8_t = unsigned char]' is deprecated: Use <typename AddrGen> get_noc_addr instead. [-Wdeprecated-declarations]
  368 |         noc_async_write(l1_oop  + off, get_noc_addr(page, acc_oop)  + off, sz);
      |                                        ~~~~~~~~~~~~^~~~~~~~~~~~~~~
/localdev/smarton/tt-metal/tt_metal/hw/inc/internal/dataflow/dataflow_api_addrgen.h:455:1: note: declared here
  455 | get_noc_addr(const uint32_t id, const InterleavedAddrGen<DRAM>& addrgen, uint32_t offset = 0, uint8_t noc = noc_index) {
      | ^~~~~~~~~~~~
/localdev/smarton/gstt2/src/gsplat_tt/kernels/dataflow/gather_visible_scatter.cpp:384:41: warning: 'uint64_t get_noc_addr(uint32_t, const InterleavedAddrGen<DRAM>&, uint32_t, uint8_t) [with bool DRAM = true; uint64_t = long long unsigned int; uint32_t = long unsigned int; uint8_t = unsigned char]' is deprecated: Use <typename AddrGen> get_noc_addr instead. [-Wdeprecated-declarations]
  384 |                             get_noc_addr(cpage, acc_ocol) + coff * 4, n * 4);
      |                             ~~~~~~~~~~~~^~~~~~~~~~~~~~~~~
/localdev/smarton/tt-metal/tt_metal/hw/inc/internal/dataflow/dataflow_api_addrgen.h:455:1: note: declared here
  455 | get_noc_addr(const uint32_t id, const InterleavedAddrGen<DRAM>& addrgen, uint32_t offset = 0, uint8_t noc = noc_index) {
      | ^~~~~~~~~~~~
/localdev/smarton/gstt2/src/gsplat_tt/kernels/dataflow/gather_visible_scatter.cpp:393:41: warning: 'uint64_t get_noc_addr(uint32_t, const InterleavedAddrGen<DRAM>&, uint32_t, uint8_t) [with bool DRAM = true; uint64_t = long long unsigned int; uint32_t = long unsigned int; uint8_t = unsigned char]' is deprecated: Use <typename AddrGen> get_noc_addr instead. [-Wdeprecated-declarations]
  393 |                             get_noc_addr(page * PAGE_ELEMS + s, acc_brec), 64);
      |                             ~~~~~~~~~~~~^~~~~~~~~~~~~~~~~~~~~~~~~~~~~~~~~
/localdev/smarton/tt-metal/tt_metal/hw/inc/internal/dataflow/dataflow_api_addrgen.h:455:1: note: declared here
  455 | get_noc_addr(const uint32_t id, const InterleavedAddrGen<DRAM>& addrgen, uint32_t offset = 0, uint8_t noc = noc_index) {
      | ^~~~~~~~~~~~
/localdev/smarton/gstt2/src/gsplat_tt/kernels/dataflow/gather_visible_scatter.cpp: In function 'void kernel_main()':
/localdev/smarton/gstt2/src/gsplat_tt/kernels/dataflow/gather_visible_scatter.cpp:400:36: warning: 'uint64_t get_noc_addr(uint32_t, const InterleavedAddrGen<DRAM>&, uint32_t, uint8_t) [with bool DRAM = true; uint64_t = long long unsigned int; uint32_t = long unsigned int; uint8_t = unsigned char]' is deprecated: Use <typename AddrGen> get_noc_addr instead. [-Wdeprecated-declarations]
  400 |         noc_async_read(get_noc_addr(t, acc_m2x),   l1_m2x, TILE_BYTES);
      |                        ~~~~~~~~~~~~^~~~~~~~~~~~
/localdev/smarton/tt-metal/tt_metal/hw/inc/internal/dataflow/dataflow_api_addrgen.h:455:1: note: declared here
  455 | get_noc_addr(const uint32_t id, const InterleavedAddrGen<DRAM>& addrgen, uint32_t offset = 0, uint8_t noc = noc_index) {
      | ^~~~~~~~~~~~
/localdev/smarton/gstt2/src/gsplat_tt/kernels/dataflow/gather_visible_scatter.cpp:401:36: warning: 'uint64_t get_noc_addr(uint32_t, const InterleavedAddrGen<DRAM>&, uint32_t, uint8_t) [with bool DRAM = true; uint64_t = long long unsigned int; uint32_t = long unsigned int; uint8_t = unsigned char]' is deprecated: Use <typename AddrGen> get_noc_addr instead. [-Wdeprecated-declarations]
  401 |         noc_async_read(get_noc_addr(t, acc_m2y),   l1_m2y, TILE_BYTES);
      |                        ~~~~~~~~~~~~^~~~~~~~~~~~
/localdev/smarton/tt-metal/tt_metal/hw/inc/internal/dataflow/dataflow_api_addrgen.h:455:1: note: declared here
  455 | get_noc_addr(const uint32_t id, const InterleavedAddrGen<DRAM>& addrgen, uint32_t offset = 0, uint8_t noc = noc_index) {
      | ^~~~~~~~~~~~
/localdev/smarton/gstt2/src/gsplat_tt/kernels/dataflow/gather_visible_scatter.cpp:402:36: warning: 'uint64_t get_noc_addr(uint32_t, const InterleavedAddrGen<DRAM>&, uint32_t, uint8_t) [with bool DRAM = true; uint64_t = long long unsigned int; uint32_t = long unsigned int; uint8_t = unsigned char]' is deprecated: Use <typename AddrGen> get_noc_addr instead. [-Wdeprecated-declarations]
  402 |         noc_async_read(get_noc_addr(t, acc_depth), l1_dep, TILE_BYTES);
      |                        ~~~~~~~~~~~~^~~~~~~~~~~~~~
/localdev/smarton/tt-metal/tt_metal/hw/inc/internal/dataflow/dataflow_api_addrgen.h:455:1: note: declared here
  455 | get_noc_addr(const uint32_t id, const InterleavedAddrGen<DRAM>& addrgen, uint32_t offset = 0, uint8_t noc = noc_index) {
      | ^~~~~~~~~~~~
/localdev/smarton/gstt2/src/gsplat_tt/kernels/dataflow/gather_visible_scatter.cpp:403:36: warning: 'uint64_t get_noc_addr(uint32_t, const InterleavedAddrGen<DRAM>&, uint32_t, uint8_t) [with bool DRAM = true; uint64_t = long long unsigned int; uint32_t = long unsigned int; uint8_t = unsigned char]' is deprecated: Use <typename AddrGen> get_noc_addr instead. [-Wdeprecated-declarations]
  403 |         noc_async_read(get_noc_addr(t, acc_a),     l1_a,   TILE_BYTES);
      |                        ~~~~~~~~~~~~^~~~~~~~~~
/localdev/smarton/tt-metal/tt_metal/hw/inc/internal/dataflow/dataflow_api_addrgen.h:455:1: note: declared here
  455 | get_noc_addr(const uint32_t id, const InterleavedAddrGen<DRAM>& addrgen, uint32_t offset = 0, uint8_t noc = noc_index) {
      | ^~~~~~~~~~~~
/localdev/smarton/gstt2/src/gsplat_tt/kernels/dataflow/gather_visible_scatter.cpp:404:36: warning: 'uint64_t get_noc_addr(uint32_t, const InterleavedAddrGen<DRAM>&, uint32_t, uint8_t) [with bool DRAM = true; uint64_t = long long unsigned int; uint32_t = long unsigned int; uint8_t = unsigned char]' is deprecated: Use <typename AddrGen> get_noc_addr instead. [-Wdeprecated-declarations]
  404 |         noc_async_read(get_noc_addr(t, acc_b),     l1_b,   TILE_BYTES);
      |                        ~~~~~~~~~~~~^~~~~~~~~~
/localdev/smarton/tt-metal/tt_metal/hw/inc/internal/dataflow/dataflow_api_addrgen.h:455:1: note: declared here
  455 | get_noc_addr(const uint32_t id, const InterleavedAddrGen<DRAM>& addrgen, uint32_t offset = 0, uint8_t noc = noc_index) {
      | ^~~~~~~~~~~~
/localdev/smarton/gstt2/src/gsplat_tt/kernels/dataflow/gather_visible_scatter.cpp:405:36: warning: 'uint64_t get_noc_addr(uint32_t, const InterleavedAddrGen<DRAM>&, uint32_t, uint8_t) [with bool DRAM = true; uint64_t = long long unsigned int; uint32_t = long unsigned int; uint8_t = unsigned char]' is deprecated: Use <typename AddrGen> get_noc_addr instead. [-Wdeprecated-declarations]
  405 |         noc_async_read(get_noc_addr(t, acc_c),     l1_c,   TILE_BYTES);
      |                        ~~~~~~~~~~~~^~~~~~~~~~
/localdev/smarton/tt-metal/tt_metal/hw/inc/internal/dataflow/dataflow_api_addrgen.h:455:1: note: declared here
  455 | get_noc_addr(const uint32_t id, const InterleavedAddrGen<DRAM>& addrgen, uint32_t offset = 0, uint8_t noc = noc_index) {
      | ^~~~~~~~~~~~
/localdev/smarton/gstt2/src/gsplat_tt/kernels/dataflow/gather_visible_scatter.cpp:406:36: warning: 'uint64_t get_noc_addr(uint32_t, const InterleavedAddrGen<DRAM>&, uint32_t, uint8_t) [with bool DRAM = true; uint64_t = long long unsigned int; uint32_t = long unsigned int; uint8_t = unsigned char]' is deprecated: Use <typename AddrGen> get_noc_addr instead. [-Wdeprecated-declarations]
  406 |         noc_async_read(get_noc_addr(t, acc_rx),    l1_rx,  TILE_BYTES);
      |                        ~~~~~~~~~~~~^~~~~~~~~~~
/localdev/smarton/tt-metal/tt_metal/hw/inc/internal/dataflow/dataflow_api_addrgen.h:455:1: note: declared here
  455 | get_noc_addr(const uint32_t id, const InterleavedAddrGen<DRAM>& addrgen, uint32_t offset = 0, uint8_t noc = noc_index) {
      | ^~~~~~~~~~~~
/localdev/smarton/gstt2/src/gsplat_tt/kernels/dataflow/gather_visible_scatter.cpp:407:36: warning: 'uint64_t get_noc_addr(uint32_t, const InterleavedAddrGen<DRAM>&, uint32_t, uint8_t) [with bool DRAM = true; uint64_t = long long unsigned int; uint32_t = long unsigned int; uint8_t = unsigned char]' is deprecated: Use <typename AddrGen> get_noc_addr instead. [-Wdeprecated-declarations]
  407 |         noc_async_read(get_noc_addr(t, acc_ry),    l1_ry,  TILE_BYTES);
      |                        ~~~~~~~~~~~~^~~~~~~~~~~
/localdev/smarton/tt-metal/tt_metal/hw/inc/internal/dataflow/dataflow_api_addrgen.h:455:1: note: declared here
  455 | get_noc_addr(const uint32_t id, const InterleavedAddrGen<DRAM>& addrgen, uint32_t offset = 0, uint8_t noc = noc_index) {
      | ^~~~~~~~~~~~
/localdev/smarton/gstt2/src/gsplat_tt/kernels/dataflow/gather_visible_scatter.cpp:408:36: warning: 'uint64_t get_noc_addr(uint32_t, const InterleavedAddrGen<DRAM>&, uint32_t, uint8_t) [with bool DRAM = true; uint64_t = long long unsigned int; uint32_t = long unsigned int; uint8_t = unsigned char]' is deprecated: Use <typename AddrGen> get_noc_addr instead. [-Wdeprecated-declarations]
  408 |         noc_async_read(get_noc_addr(t, acc_cr),    l1_cr,  TILE_BYTES);
      |                        ~~~~~~~~~~~~^~~~~~~~~~~
/localdev/smarton/tt-metal/tt_metal/hw/inc/internal/dataflow/dataflow_api_addrgen.h:455:1: note: declared here
  455 | get_noc_addr(const uint32_t id, const InterleavedAddrGen<DRAM>& addrgen, uint32_t offset = 0, uint8_t noc = noc_index) {
      | ^~~~~~~~~~~~
/localdev/smarton/gstt2/src/gsplat_tt/kernels/dataflow/gather_visible_scatter.cpp:409:36: warning: 'uint64_t get_noc_addr(uint32_t, const InterleavedAddrGen<DRAM>&, uint32_t, uint8_t) [with bool DRAM = true; uint64_t = long long unsigned int; uint32_t = long unsigned int; uint8_t = unsigned char]' is deprecated: Use <typename AddrGen> get_noc_addr instead. [-Wdeprecated-declarations]
  409 |         noc_async_read(get_noc_addr(t, acc_cg),    l1_cg,  TILE_BYTES);
      |                        ~~~~~~~~~~~~^~~~~~~~~~~
/localdev/smarton/tt-metal/tt_metal/hw/inc/internal/dataflow/dataflow_api_addrgen.h:455:1: note: declared here
  455 | get_noc_addr(const uint32_t id, const InterleavedAddrGen<DRAM>& addrgen, uint32_t offset = 0, uint8_t noc = noc_index) {
      | ^~~~~~~~~~~~
/localdev/smarton/gstt2/src/gsplat_tt/kernels/dataflow/gather_visible_scatter.cpp:410:36: warning: 'uint64_t get_noc_addr(uint32_t, const InterleavedAddrGen<DRAM>&, uint32_t, uint8_t) [with bool DRAM = true; uint64_t = long long unsigned int; uint32_t = long unsigned int; uint8_t = unsigned char]' is deprecated: Use <typename AddrGen> get_noc_addr instead. [-Wdeprecated-declarations]
  410 |         noc_async_read(get_noc_addr(t, acc_cb),    l1_cb,  TILE_BYTES);
      |                        ~~~~~~~~~~~~^~~~~~~~~~~
/localdev/smarton/tt-metal/tt_metal/hw/inc/internal/dataflow/dataflow_api_addrgen.h:455:1: note: declared here
  455 | get_noc_addr(const uint32_t id, const InterleavedAddrGen<DRAM>& addrgen, uint32_t offset = 0, uint8_t noc = noc_index) {
      | ^~~~~~~~~~~~
/localdev/smarton/gstt2/src/gsplat_tt/kernels/dataflow/gather_visible_scatter.cpp:411:36: warning: 'uint64_t get_noc_addr(uint32_t, const InterleavedAddrGen<DRAM>&, uint32_t, uint8_t) [with bool DRAM = true; uint64_t = long long unsigned int; uint32_t = long unsigned int; uint8_t = unsigned char]' is deprecated: Use <typename AddrGen> get_noc_addr instead. [-Wdeprecated-declarations]
  411 |         noc_async_read(get_noc_addr(t, acc_op),    l1_op,  TILE_BYTES);
      |                        ~~~~~~~~~~~~^~~~~~~~~~~
/localdev/smarton/tt-metal/tt_metal/hw/inc/internal/dataflow/dataflow_api_addrgen.h:455:1: note: declared here
  455 | get_noc_addr(const uint32_t id, const InterleavedAddrGen<DRAM>& addrgen, uint32_t offset = 0, uint8_t noc = noc_index) {
      | ^~~~~~~~~~~~
/localdev/smarton/tt-metal/tt_metal/hw/firmware/src/tt-1xx/brisck.cc: In function 'uint32_t _start()':
/localdev/smarton/tt-metal/tt_metal/tools/profiler/kernel_profiler.hpp:25:22: note: '#pragma message: BRISC-KERNEL,/localdev/smarton/tt-metal/tt_metal/hw/firmware/src/tt-1xx/brisck.cc,77,KERNEL_PROFILER'
   25 | #define DO_PRAGMA(x) _Pragma(#x)
      |                      ^~~~~~~
/localdev/smarton/tt-metal/tt_metal/tools/profiler/kernel_profiler.hpp:702:5: note: in expansion of macro 'DO_PRAGMA'
  702 |     DO_PRAGMA(message(PROFILER_MSG_NAME(name)));                               \
      |     ^~~~~~~~~
/localdev/smarton/tt-metal/tt_metal/hw/firmware/src/tt-1xx/brisck.cc:77:9: note: in expansion of macro 'DeviceZoneScopedMainChildN'
   77 |         DeviceZoneScopedMainChildN("BRISC-KERNEL");
      |         ^~~~~~~~~~~~~~~~~~~~~~~~~~
cc1plus: all warnings being treated as errors
 (assert.hpp:104)
2026-06-02 23:22:07.756 | critical |          Always | TT_THROW: Failed to generate binaries for gather_visible_scatter TT_THROW @ /proj_sw/user_dev/smarton/tt-metal/tt_metal/jit_build/build.cpp:62: tt::exception
info:
brisc build failed. Log: In file included from /localdev/smarton/tt-metal/tt_metal/hw/inc/api/dataflow/dataflow_api.h:27,
                 from /localdev/smarton/tt-metal/tt_metal/hw/inc/internal/firmware_common.h:24,
                 from /localdev/smarton/tt-metal/tt_metal/hw/firmware/src/tt-1xx/brisck.cc:17:
/localdev/smarton/tt-metal/tt_metal/tools/profiler/kernel_profiler.hpp: In function 'void kernel_profiler::quick_push()':
/localdev/smarton/tt-metal/tt_metal/tools/profiler/kernel_profiler.hpp:25:22: note: '#pragma message: PROFILER-NOC-QUICK-PUSH,/localdev/smarton/tt-metal/tt_metal/tools/profiler/kernel_profiler.hpp,395,KERNEL_PROFILER'
   25 | #define DO_PRAGMA(x) _Pragma(#x)
      |                      ^~~~~~~
/localdev/smarton/tt-metal/tt_metal/tools/profiler/kernel_profiler.hpp:35:5: note: in expansion of macro 'DO_PRAGMA'
   35 |     DO_PRAGMA(message(PROFILER_MSG_NAME(name))); \
      |     ^~~~~~~~~
/localdev/smarton/tt-metal/tt_metal/tools/profiler/kernel_profiler.hpp:395:5: note: in expansion of macro 'SrcLocNameToHash'
  395 |     SrcLocNameToHash("PROFILER-NOC-QUICK-PUSH");
      |     ^~~~~~~~~~~~~~~~
/localdev/smarton/gstt2/src/gsplat_tt/kernels/dataflow/gather_visible_scatter.cpp: In function 'void kernel_main()':
/localdev/smarton/tt-metal/tt_metal/tools/profiler/kernel_profiler.hpp:25:22: error: expected a string after '#pragma message' [-Werror=pragmas]
   25 | #define DO_PRAGMA(x) _Pragma(#x)
      |                      ^~~~~~~
/localdev/smarton/tt-metal/tt_metal/tools/profiler/kernel_profiler.hpp:652:5: note: in expansion of macro 'DO_PRAGMA'
  652 |     DO_PRAGMA(message(PROFILER_MSG_NAME(name)));                               \
      |     ^~~~~~~~~
/localdev/smarton/gstt2/src/gsplat_tt/kernels/dataflow/gather_visible_scatter.cpp:92:5: note: in expansion of macro 'DeviceZoneScopedN'
   92 |     DeviceZoneScopedN(count_only ? "proj_count" : "proj_scatter");
      |     ^~~~~~~~~~~~~~~~~
/localdev/smarton/tt-metal/tt_metal/tools/profiler/kernel_profiler.hpp:653:53: error: no matching function for call to 'Hash16_CT(const char*)'
  653 |     auto constexpr hash = kernel_profiler::Hash16_CT(PROFILER_MSG_NAME(name)); \
      |                           ~~~~~~~~~~~~~~~~~~~~~~~~~~^~~~~~~~~~~~~~~~~~~~~~~~~
/localdev/smarton/gstt2/src/gsplat_tt/kernels/dataflow/gather_visible_scatter.cpp:92:5: note: in expansion of macro 'DeviceZoneScopedN'
   92 |     DeviceZoneScopedN(count_only ? "proj_count" : "proj_scatter");
      |     ^~~~~~~~~~~~~~~~~
/localdev/smarton/tt-metal/tt_metal/tools/profiler/kernel_profiler.hpp:653:53: note: there is 1 candidate
  653 |     auto constexpr hash = kernel_profiler::Hash16_CT(PROFILER_MSG_NAME(name)); \
      |                           ~~~~~~~~~~~~~~~~~~~~~~~~~~^~~~~~~~~~~~~~~~~~~~~~~~~
/localdev/smarton/gstt2/src/gsplat_tt/kernels/dataflow/gather_visible_scatter.cpp:92:5: note: in expansion of macro 'DeviceZoneScopedN'
   92 |     DeviceZoneScopedN(count_only ? "proj_count" : "proj_scatter");
      |     ^~~~~~~~~~~~~~~~~
/localdev/smarton/tt-metal/tt_metal/tools/profiler/kernel_profiler.hpp:110:20: note: candidate 1: 'template<unsigned int N> constexpr uint32_t kernel_profiler::Hash16_CT(const char (&)[N])'
  110 | constexpr uint32_t Hash16_CT(const char (&s)[N]) {
      |                    ^~~~~~~~~
/localdev/smarton/tt-metal/tt_metal/tools/profiler/kernel_profiler.hpp:110:20: note: template argument deduction/substitution failed:
/localdev/smarton/tt-metal/tt_metal/tools/profiler/kernel_profiler.hpp:653:53: note:   mismatched types 'const char [N]' and 'const char*'
  653 |     auto constexpr hash = kernel_profiler::Hash16_CT(PROFILER_MSG_NAME(name)); \
      |                           ~~~~~~~~~~~~~~~~~~~~~~~~~~^~~~~~~~~~~~~~~~~~~~~~~~~
/localdev/smarton/gstt2/src/gsplat_tt/kernels/dataflow/gather_visible_scatter.cpp:92:5: note: in expansion of macro 'DeviceZoneScopedN'
   92 |     DeviceZoneScopedN(count_only ? "proj_count" : "proj_scatter");
      |     ^~~~~~~~~~~~~~~~~
In file included from ../kernel_includes.hpp:1,
                 from /localdev/smarton/tt-metal/tt_metal/hw/firmware/src/tt-1xx/brisck.cc:21:
/localdev/smarton/gstt2/src/gsplat_tt/kernels/dataflow/gather_visible_scatter.cpp:307:40: warning: 'uint64_t get_noc_addr(uint32_t, const InterleavedAddrGen<DRAM>&, uint32_t, uint8_t) [with bool DRAM = true; uint64_t = long long unsigned int; uint32_t = long unsigned int; uint8_t = unsigned char]' is deprecated: Use <typename AddrGen> get_noc_addr instead. [-Wdeprecated-declarations]
  307 |             noc_async_read(get_noc_addr(t, acc_m2x),   l1_m2x, TILE_BYTES);
      |                            ~~~~~~~~~~~~^~~~~~~~~~~~
In file included from /localdev/smarton/tt-metal/tt_metal/hw/inc/api/dataflow/dataflow_api.h:18:
/localdev/smarton/tt-metal/tt_metal/hw/inc/internal/dataflow/dataflow_api_addrgen.h:455:1: note: declared here
  455 | get_noc_addr(const uint32_t id, const InterleavedAddrGen<DRAM>& addrgen, uint32_t offset = 0, uint8_t noc = noc_index) {
      | ^~~~~~~~~~~~
/localdev/smarton/gstt2/src/gsplat_tt/kernels/dataflow/gather_visible_scatter.cpp:308:40: warning: 'uint64_t get_noc_addr(uint32_t, const InterleavedAddrGen<DRAM>&, uint32_t, uint8_t) [with bool DRAM = true; uint64_t = long long unsigned int; uint32_t = long unsigned int; uint8_t = unsigned char]' is deprecated: Use <typename AddrGen> get_noc_addr instead. [-Wdeprecated-declarations]
  308 |             noc_async_read(get_noc_addr(t, acc_m2y),   l1_m2y, TILE_BYTES);
      |                            ~~~~~~~~~~~~^~~~~~~~~~~~
/localdev/smarton/tt-metal/tt_metal/hw/inc/internal/dataflow/dataflow_api_addrgen.h:455:1: note: declared here
  455 | get_noc_addr(const uint32_t id, const InterleavedAddrGen<DRAM>& addrgen, uint32_t offset = 0, uint8_t noc = noc_index) {
      | ^~~~~~~~~~~~
/localdev/smarton/gstt2/src/gsplat_tt/kernels/dataflow/gather_visible_scatter.cpp:309:40: warning: 'uint64_t get_noc_addr(uint32_t, const InterleavedAddrGen<DRAM>&, uint32_t, uint8_t) [with bool DRAM = true; uint64_t = long long unsigned int; uint32_t = long unsigned int; uint8_t = unsigned char]' is deprecated: Use <typename AddrGen> get_noc_addr instead. [-Wdeprecated-declarations]
  309 |             noc_async_read(get_noc_addr(t, acc_depth), l1_dep, TILE_BYTES);
      |                            ~~~~~~~~~~~~^~~~~~~~~~~~~~
/localdev/smarton/tt-metal/tt_metal/hw/inc/internal/dataflow/dataflow_api_addrgen.h:455:1: note: declared here
  455 | get_noc_addr(const uint32_t id, const InterleavedAddrGen<DRAM>& addrgen, uint32_t offset = 0, uint8_t noc = noc_index) {
      | ^~~~~~~~~~~~
/localdev/smarton/gstt2/src/gsplat_tt/kernels/dataflow/gather_visible_scatter.cpp:310:40: warning: 'uint64_t get_noc_addr(uint32_t, const InterleavedAddrGen<DRAM>&, uint32_t, uint8_t) [with bool DRAM = true; uint64_t = long long unsigned int; uint32_t = long unsigned int; uint8_t = unsigned char]' is deprecated: Use <typename AddrGen> get_noc_addr instead. [-Wdeprecated-declarations]
  310 |             noc_async_read(get_noc_addr(t, acc_rx),    l1_rx,  TILE_BYTES);
      |                            ~~~~~~~~~~~~^~~~~~~~~~~
/localdev/smarton/tt-metal/tt_metal/hw/inc/internal/dataflow/dataflow_api_addrgen.h:455:1: note: declared here
  455 | get_noc_addr(const uint32_t id, const InterleavedAddrGen<DRAM>& addrgen, uint32_t offset = 0, uint8_t noc = noc_index) {
      | ^~~~~~~~~~~~
/localdev/smarton/gstt2/src/gsplat_tt/kernels/dataflow/gather_visible_scatter.cpp:311:40: warning: 'uint64_t get_noc_addr(uint32_t, const InterleavedAddrGen<DRAM>&, uint32_t, uint8_t) [with bool DRAM = true; uint64_t = long long unsigned int; uint32_t = long unsigned int; uint8_t = unsigned char]' is deprecated: Use <typename AddrGen> get_noc_addr instead. [-Wdeprecated-declarations]
  311 |             noc_async_read(get_noc_addr(t, acc_ry),    l1_ry,  TILE_BYTES);
      |                            ~~~~~~~~~~~~^~~~~~~~~~~
/localdev/smarton/tt-metal/tt_metal/hw/inc/internal/dataflow/dataflow_api_addrgen.h:455:1: note: declared here
  455 | get_noc_addr(const uint32_t id, const InterleavedAddrGen<DRAM>& addrgen, uint32_t offset = 0, uint8_t noc = noc_index) {
      | ^~~~~~~~~~~~
/localdev/smarton/gstt2/src/gsplat_tt/kernels/dataflow/gather_visible_scatter.cpp:312:40: warning: 'uint64_t get_noc_addr(uint32_t, const InterleavedAddrGen<DRAM>&, uint32_t, uint8_t) [with bool DRAM = true; uint64_t = long long unsigned int; uint32_t = long unsigned int; uint8_t = unsigned char]' is deprecated: Use <typename AddrGen> get_noc_addr instead. [-Wdeprecated-declarations]
  312 |             noc_async_read(get_noc_addr(t, acc_op),    l1_op,  TILE_BYTES);
      |                            ~~~~~~~~~~~~^~~~~~~~~~~
/localdev/smarton/tt-metal/tt_metal/hw/inc/internal/dataflow/dataflow_api_addrgen.h:455:1: note: declared here
  455 | get_noc_addr(const uint32_t id, const InterleavedAddrGen<DRAM>& addrgen, uint32_t offset = 0, uint8_t noc = noc_index) {
      | ^~~~~~~~~~~~
/localdev/smarton/gstt2/src/gsplat_tt/kernels/dataflow/gather_visible_scatter.cpp:334:44: warning: 'uint64_t get_noc_addr(uint32_t, const InterleavedAddrGen<DRAM>&, uint32_t, uint8_t) [with bool DRAM = true; uint64_t = long long unsigned int; uint32_t = long unsigned int; uint8_t = unsigned char]' is deprecated: Use <typename AddrGen> get_noc_addr instead. [-Wdeprecated-declarations]
  334 |         noc_async_write(l1_oM, get_noc_addr(core_id, acc_counts), 4);
      |                                ~~~~~~~~~~~~^~~~~~~~~~~~~~~~~~~~~
/localdev/smarton/tt-metal/tt_metal/hw/inc/internal/dataflow/dataflow_api_addrgen.h:455:1: note: declared here
  455 | get_noc_addr(const uint32_t id, const InterleavedAddrGen<DRAM>& addrgen, uint32_t offset = 0, uint8_t noc = noc_index) {
      | ^~~~~~~~~~~~
/localdev/smarton/gstt2/src/gsplat_tt/kernels/dataflow/gather_visible_scatter.cpp:347:36: warning: 'uint64_t get_noc_addr(uint32_t, const InterleavedAddrGen<DRAM>&, uint32_t, uint8_t) [with bool DRAM = true; uint64_t = long long unsigned int; uint32_t = long unsigned int; uint8_t = unsigned char]' is deprecated: Use <typename AddrGen> get_noc_addr instead. [-Wdeprecated-declarations]
  347 |         noc_async_read(get_noc_addr(core_id, acc_counts), l1_oM, PAGE_BYTES);
      |                        ~~~~~~~~~~~~^~~~~~~~~~~~~~~~~~~~~
/localdev/smarton/tt-metal/tt_metal/hw/inc/internal/dataflow/dataflow_api_addrgen.h:455:1: note: declared here
  455 | get_noc_addr(const uint32_t id, const InterleavedAddrGen<DRAM>& addrgen, uint32_t offset = 0, uint8_t noc = noc_index) {
      | ^~~~~~~~~~~~
/localdev/smarton/gstt2/src/gsplat_tt/kernels/dataflow/gather_visible_scatter.cpp: In lambda function:
/localdev/smarton/gstt2/src/gsplat_tt/kernels/dataflow/gather_visible_scatter.cpp:360:52: warning: 'uint64_t get_noc_addr(uint32_t, const InterleavedAddrGen<DRAM>&, uint32_t, uint8_t) [with bool DRAM = true; uint64_t = long long unsigned int; uint32_t = long unsigned int; uint8_t = unsigned char]' is deprecated: Use <typename AddrGen> get_noc_addr instead. [-Wdeprecated-declarations]
  360 |         noc_async_write(l1_opx  + off, get_noc_addr(page, acc_opx)  + off, sz);
      |                                        ~~~~~~~~~~~~^~~~~~~~~~~~~~~
/localdev/smarton/tt-metal/tt_metal/hw/inc/internal/dataflow/dataflow_api_addrgen.h:455:1: note: declared here
  455 | get_noc_addr(const uint32_t id, const InterleavedAddrGen<DRAM>& addrgen, uint32_t offset = 0, uint8_t noc = noc_index) {
      | ^~~~~~~~~~~~
/localdev/smarton/gstt2/src/gsplat_tt/kernels/dataflow/gather_visible_scatter.cpp:361:52: warning: 'uint64_t get_noc_addr(uint32_t, const InterleavedAddrGen<DRAM>&, uint32_t, uint8_t) [with bool DRAM = true; uint64_t = long long unsigned int; uint32_t = long unsigned int; uint8_t = unsigned char]' is deprecated: Use <typename AddrGen> get_noc_addr instead. [-Wdeprecated-declarations]
  361 |         noc_async_write(l1_opy  + off, get_noc_addr(page, acc_opy)  + off, sz);
      |                                        ~~~~~~~~~~~~^~~~~~~~~~~~~~~
/localdev/smarton/tt-metal/tt_metal/hw/inc/internal/dataflow/dataflow_api_addrgen.h:455:1: note: declared here
  455 | get_noc_addr(const uint32_t id, const InterleavedAddrGen<DRAM>& addrgen, uint32_t offset = 0, uint8_t noc = noc_index) {
      | ^~~~~~~~~~~~
/localdev/smarton/gstt2/src/gsplat_tt/kernels/dataflow/gather_visible_scatter.cpp:362:52: warning: 'uint64_t get_noc_addr(uint32_t, const InterleavedAddrGen<DRAM>&, uint32_t, uint8_t) [with bool DRAM = true; uint64_t = long long unsigned int; uint32_t = long unsigned int; uint8_t = unsigned char]' is deprecated: Use <typename AddrGen> get_noc_addr instead. [-Wdeprecated-declarations]
  362 |         noc_async_write(l1_orx  + off, get_noc_addr(page, acc_orx)  + off, sz);
      |                                        ~~~~~~~~~~~~^~~~~~~~~~~~~~~
/localdev/smarton/tt-metal/tt_metal/hw/inc/internal/dataflow/dataflow_api_addrgen.h:455:1: note: declared here
  455 | get_noc_addr(const uint32_t id, const InterleavedAddrGen<DRAM>& addrgen, uint32_t offset = 0, uint8_t noc = noc_index) {
      | ^~~~~~~~~~~~
/localdev/smarton/gstt2/src/gsplat_tt/kernels/dataflow/gather_visible_scatter.cpp:363:52: warning: 'uint64_t get_noc_addr(uint32_t, const InterleavedAddrGen<DRAM>&, uint32_t, uint8_t) [with bool DRAM = true; uint64_t = long long unsigned int; uint32_t = long unsigned int; uint8_t = unsigned char]' is deprecated: Use <typename AddrGen> get_noc_addr instead. [-Wdeprecated-declarations]
  363 |         noc_async_write(l1_ory  + off, get_noc_addr(page, acc_ory)  + off, sz);
      |                                        ~~~~~~~~~~~~^~~~~~~~~~~~~~~
/localdev/smarton/tt-metal/tt_metal/hw/inc/internal/dataflow/dataflow_api_addrgen.h:455:1: note: declared here
  455 | get_noc_addr(const uint32_t id, const InterleavedAddrGen<DRAM>& addrgen, uint32_t offset = 0, uint8_t noc = noc_index) {
      | ^~~~~~~~~~~~
/localdev/smarton/gstt2/src/gsplat_tt/kernels/dataflow/gather_visible_scatter.cpp:364:52: warning: 'uint64_t get_noc_addr(uint32_t, const InterleavedAddrGen<DRAM>&, uint32_t, uint8_t) [with bool DRAM = true; uint64_t = long long unsigned int; uint32_t = long unsigned int; uint8_t = unsigned char]' is deprecated: Use <typename AddrGen> get_noc_addr instead. [-Wdeprecated-declarations]
  364 |         noc_async_write(l1_oa   + off, get_noc_addr(page, acc_oa)   + off, sz);
      |                                        ~~~~~~~~~~~~^~~~~~~~~~~~~~
/localdev/smarton/tt-metal/tt_metal/hw/inc/internal/dataflow/dataflow_api_addrgen.h:455:1: note: declared here
  455 | get_noc_addr(const uint32_t id, const InterleavedAddrGen<DRAM>& addrgen, uint32_t offset = 0, uint8_t noc = noc_index) {
      | ^~~~~~~~~~~~
/localdev/smarton/gstt2/src/gsplat_tt/kernels/dataflow/gather_visible_scatter.cpp:365:52: warning: 'uint64_t get_noc_addr(uint32_t, const InterleavedAddrGen<DRAM>&, uint32_t, uint8_t) [with bool DRAM = true; uint64_t = long long unsigned int; uint32_t = long unsigned int; uint8_t = unsigned char]' is deprecated: Use <typename AddrGen> get_noc_addr instead. [-Wdeprecated-declarations]
  365 |         noc_async_write(l1_ob   + off, get_noc_addr(page, acc_ob)   + off, sz);
      |                                        ~~~~~~~~~~~~^~~~~~~~~~~~~~
/localdev/smarton/tt-metal/tt_metal/hw/inc/internal/dataflow/dataflow_api_addrgen.h:455:1: note: declared here
  455 | get_noc_addr(const uint32_t id, const InterleavedAddrGen<DRAM>& addrgen, uint32_t offset = 0, uint8_t noc = noc_index) {
      | ^~~~~~~~~~~~
/localdev/smarton/gstt2/src/gsplat_tt/kernels/dataflow/gather_visible_scatter.cpp:366:52: warning: 'uint64_t get_noc_addr(uint32_t, const InterleavedAddrGen<DRAM>&, uint32_t, uint8_t) [with bool DRAM = true; uint64_t = long long unsigned int; uint32_t = long unsigned int; uint8_t = unsigned char]' is deprecated: Use <typename AddrGen> get_noc_addr instead. [-Wdeprecated-declarations]
  366 |         noc_async_write(l1_oc   + off, get_noc_addr(page, acc_oc)   + off, sz);
      |                                        ~~~~~~~~~~~~^~~~~~~~~~~~~~
/localdev/smarton/tt-metal/tt_metal/hw/inc/internal/dataflow/dataflow_api_addrgen.h:455:1: note: declared here
  455 | get_noc_addr(const uint32_t id, const InterleavedAddrGen<DRAM>& addrgen, uint32_t offset = 0, uint8_t noc = noc_index) {
      | ^~~~~~~~~~~~
/localdev/smarton/gstt2/src/gsplat_tt/kernels/dataflow/gather_visible_scatter.cpp:367:52: warning: 'uint64_t get_noc_addr(uint32_t, const InterleavedAddrGen<DRAM>&, uint32_t, uint8_t) [with bool DRAM = true; uint64_t = long long unsigned int; uint32_t = long unsigned int; uint8_t = unsigned char]' is deprecated: Use <typename AddrGen> get_noc_addr instead. [-Wdeprecated-declarations]
  367 |         noc_async_write(l1_odep + off, get_noc_addr(page, acc_odep) + off, sz);
      |                                        ~~~~~~~~~~~~^~~~~~~~~~~~~~~~
/localdev/smarton/tt-metal/tt_metal/hw/inc/internal/dataflow/dataflow_api_addrgen.h:455:1: note: declared here
  455 | get_noc_addr(const uint32_t id, const InterleavedAddrGen<DRAM>& addrgen, uint32_t offset = 0, uint8_t noc = noc_index) {
      | ^~~~~~~~~~~~
/localdev/smarton/gstt2/src/gsplat_tt/kernels/dataflow/gather_visible_scatter.cpp:368:52: warning: 'uint64_t get_noc_addr(uint32_t, const InterleavedAddrGen<DRAM>&, uint32_t, uint8_t) [with bool DRAM = true; uint64_t = long long unsigned int; uint32_t = long unsigned int; uint8_t = unsigned char]' is deprecated: Use <typename AddrGen> get_noc_addr instead. [-Wdeprecated-declarations]
  368 |         noc_async_write(l1_oop  + off, get_noc_addr(page, acc_oop)  + off, sz);
      |                                        ~~~~~~~~~~~~^~~~~~~~~~~~~~~
/localdev/smarton/tt-metal/tt_metal/hw/inc/internal/dataflow/dataflow_api_addrgen.h:455:1: note: declared here
  455 | get_noc_addr(const uint32_t id, const InterleavedAddrGen<DRAM>& addrgen, uint32_t offset = 0, uint8_t noc = noc_index) {
      | ^~~~~~~~~~~~
/localdev/smarton/gstt2/src/gsplat_tt/kernels/dataflow/gather_visible_scatter.cpp:384:41: warning: 'uint64_t get_noc_addr(uint32_t, const InterleavedAddrGen<DRAM>&, uint32_t, uint8_t) [with bool DRAM = true; uint64_t = long long unsigned int; uint32_t = long unsigned int; uint8_t = unsigned char]' is deprecated: Use <typename AddrGen> get_noc_addr instead. [-Wdeprecated-declarations]
  384 |                             get_noc_addr(cpage, acc_ocol) + coff * 4, n * 4);
      |                             ~~~~~~~~~~~~^~~~~~~~~~~~~~~~~
/localdev/smarton/tt-metal/tt_metal/hw/inc/internal/dataflow/dataflow_api_addrgen.h:455:1: note: declared here
  455 | get_noc_addr(const uint32_t id, const InterleavedAddrGen<DRAM>& addrgen, uint32_t offset = 0, uint8_t noc = noc_index) {
      | ^~~~~~~~~~~~
/localdev/smarton/gstt2/src/gsplat_tt/kernels/dataflow/gather_visible_scatter.cpp:393:41: warning: 'uint64_t get_noc_addr(uint32_t, const InterleavedAddrGen<DRAM>&, uint32_t, uint8_t) [with bool DRAM = true; uint64_t = long long unsigned int; uint32_t = long unsigned int; uint8_t = unsigned char]' is deprecated: Use <typename AddrGen> get_noc_addr instead. [-Wdeprecated-declarations]
  393 |                             get_noc_addr(page * PAGE_ELEMS + s, acc_brec), 64);
      |                             ~~~~~~~~~~~~^~~~~~~~~~~~~~~~~~~~~~~~~~~~~~~~~
/localdev/smarton/tt-metal/tt_metal/hw/inc/internal/dataflow/dataflow_api_addrgen.h:455:1: note: declared here
  455 | get_noc_addr(const uint32_t id, const InterleavedAddrGen<DRAM>& addrgen, uint32_t offset = 0, uint8_t noc = noc_index) {
      | ^~~~~~~~~~~~
/localdev/smarton/gstt2/src/gsplat_tt/kernels/dataflow/gather_visible_scatter.cpp: In function 'void kernel_main()':
/localdev/smarton/gstt2/src/gsplat_tt/kernels/dataflow/gather_visible_scatter.cpp:400:36: warning: 'uint64_t get_noc_addr(uint32_t, const InterleavedAddrGen<DRAM>&, uint32_t, uint8_t) [with bool DRAM = true; uint64_t = long long unsigned int; uint32_t = long unsigned int; uint8_t = unsigned char]' is deprecated: Use <typename AddrGen> get_noc_addr instead. [-Wdeprecated-declarations]
  400 |         noc_async_read(get_noc_addr(t, acc_m2x),   l1_m2x, TILE_BYTES);
      |                        ~~~~~~~~~~~~^~~~~~~~~~~~
/localdev/smarton/tt-metal/tt_metal/hw/inc/internal/dataflow/dataflow_api_addrgen.h:455:1: note: declared here
  455 | get_noc_addr(const uint32_t id, const InterleavedAddrGen<DRAM>& addrgen, uint32_t offset = 0, uint8_t noc = noc_index) {
      | ^~~~~~~~~~~~
/localdev/smarton/gstt2/src/gsplat_tt/kernels/dataflow/gather_visible_scatter.cpp:401:36: warning: 'uint64_t get_noc_addr(uint32_t, const InterleavedAddrGen<DRAM>&, uint32_t, uint8_t) [with bool DRAM = true; uint64_t = long long unsigned int; uint32_t = long unsigned int; uint8_t = unsigned char]' is deprecated: Use <typename AddrGen> get_noc_addr instead. [-Wdeprecated-declarations]
  401 |         noc_async_read(get_noc_addr(t, acc_m2y),   l1_m2y, TILE_BYTES);
      |                        ~~~~~~~~~~~~^~~~~~~~~~~~
/localdev/smarton/tt-metal/tt_metal/hw/inc/internal/dataflow/dataflow_api_addrgen.h:455:1: note: declared here
  455 | get_noc_addr(const uint32_t id, const InterleavedAddrGen<DRAM>& addrgen, uint32_t offset = 0, uint8_t noc = noc_index) {
      | ^~~~~~~~~~~~
/localdev/smarton/gstt2/src/gsplat_tt/kernels/dataflow/gather_visible_scatter.cpp:402:36: warning: 'uint64_t get_noc_addr(uint32_t, const InterleavedAddrGen<DRAM>&, uint32_t, uint8_t) [with bool DRAM = true; uint64_t = long long unsigned int; uint32_t = long unsigned int; uint8_t = unsigned char]' is deprecated: Use <typename AddrGen> get_noc_addr instead. [-Wdeprecated-declarations]
  402 |         noc_async_read(get_noc_addr(t, acc_depth), l1_dep, TILE_BYTES);
      |                        ~~~~~~~~~~~~^~~~~~~~~~~~~~
/localdev/smarton/tt-metal/tt_metal/hw/inc/internal/dataflow/dataflow_api_addrgen.h:455:1: note: declared here
  455 | get_noc_addr(const uint32_t id, const InterleavedAddrGen<DRAM>& addrgen, uint32_t offset = 0, uint8_t noc = noc_index) {
      | ^~~~~~~~~~~~
/localdev/smarton/gstt2/src/gsplat_tt/kernels/dataflow/gather_visible_scatter.cpp:403:36: warning: 'uint64_t get_noc_addr(uint32_t, const InterleavedAddrGen<DRAM>&, uint32_t, uint8_t) [with bool DRAM = true; uint64_t = long long unsigned int; uint32_t = long unsigned int; uint8_t = unsigned char]' is deprecated: Use <typename AddrGen> get_noc_addr instead. [-Wdeprecated-declarations]
  403 |         noc_async_read(get_noc_addr(t, acc_a),     l1_a,   TILE_BYTES);
      |                        ~~~~~~~~~~~~^~~~~~~~~~
/localdev/smarton/tt-metal/tt_metal/hw/inc/internal/dataflow/dataflow_api_addrgen.h:455:1: note: declared here
  455 | get_noc_addr(const uint32_t id, const InterleavedAddrGen<DRAM>& addrgen, uint32_t offset = 0, uint8_t noc = noc_index) {
      | ^~~~~~~~~~~~
/localdev/smarton/gstt2/src/gsplat_tt/kernels/dataflow/gather_visible_scatter.cpp:404:36: warning: 'uint64_t get_noc_addr(uint32_t, const InterleavedAddrGen<DRAM>&, uint32_t, uint8_t) [with bool DRAM = true; uint64_t = long long unsigned int; uint32_t = long unsigned int; uint8_t = unsigned char]' is deprecated: Use <typename AddrGen> get_noc_addr instead. [-Wdeprecated-declarations]
  404 |         noc_async_read(get_noc_addr(t, acc_b),     l1_b,   TILE_BYTES);
      |                        ~~~~~~~~~~~~^~~~~~~~~~
/localdev/smarton/tt-metal/tt_metal/hw/inc/internal/dataflow/dataflow_api_addrgen.h:455:1: note: declared here
  455 | get_noc_addr(const uint32_t id, const InterleavedAddrGen<DRAM>& addrgen, uint32_t offset = 0, uint8_t noc = noc_index) {
      | ^~~~~~~~~~~~
/localdev/smarton/gstt2/src/gsplat_tt/kernels/dataflow/gather_visible_scatter.cpp:405:36: warning: 'uint64_t get_noc_addr(uint32_t, const InterleavedAddrGen<DRAM>&, uint32_t, uint8_t) [with bool DRAM = true; uint64_t = long long unsigned int; uint32_t = long unsigned int; uint8_t = unsigned char]' is deprecated: Use <typename AddrGen> get_noc_addr instead. [-Wdeprecated-declarations]
  405 |         noc_async_read(get_noc_addr(t, acc_c),     l1_c,   TILE_BYTES);
      |                        ~~~~~~~~~~~~^~~~~~~~~~
/localdev/smarton/tt-metal/tt_metal/hw/inc/internal/dataflow/dataflow_api_addrgen.h:455:1: note: declared here
  455 | get_noc_addr(const uint32_t id, const InterleavedAddrGen<DRAM>& addrgen, uint32_t offset = 0, uint8_t noc = noc_index) {
      | ^~~~~~~~~~~~
/localdev/smarton/gstt2/src/gsplat_tt/kernels/dataflow/gather_visible_scatter.cpp:406:36: warning: 'uint64_t get_noc_addr(uint32_t, const InterleavedAddrGen<DRAM>&, uint32_t, uint8_t) [with bool DRAM = true; uint64_t = long long unsigned int; uint32_t = long unsigned int; uint8_t = unsigned char]' is deprecated: Use <typename AddrGen> get_noc_addr instead. [-Wdeprecated-declarations]
  406 |         noc_async_read(get_noc_addr(t, acc_rx),    l1_rx,  TILE_BYTES);
      |                        ~~~~~~~~~~~~^~~~~~~~~~~
/localdev/smarton/tt-metal/tt_metal/hw/inc/internal/dataflow/dataflow_api_addrgen.h:455:1: note: declared here
  455 | get_noc_addr(const uint32_t id, const InterleavedAddrGen<DRAM>& addrgen, uint32_t offset = 0, uint8_t noc = noc_index) {
      | ^~~~~~~~~~~~
/localdev/smarton/gstt2/src/gsplat_tt/kernels/dataflow/gather_visible_scatter.cpp:407:36: warning: 'uint64_t get_noc_addr(uint32_t, const InterleavedAddrGen<DRAM>&, uint32_t, uint8_t) [with bool DRAM = true; uint64_t = long long unsigned int; uint32_t = long unsigned int; uint8_t = unsigned char]' is deprecated: Use <typename AddrGen> get_noc_addr instead. [-Wdeprecated-declarations]
  407 |         noc_async_read(get_noc_addr(t, acc_ry),    l1_ry,  TILE_BYTES);
      |                        ~~~~~~~~~~~~^~~~~~~~~~~
/localdev/smarton/tt-metal/tt_metal/hw/inc/internal/dataflow/dataflow_api_addrgen.h:455:1: note: declared here
  455 | get_noc_addr(const uint32_t id, const InterleavedAddrGen<DRAM>& addrgen, uint32_t offset = 0, uint8_t noc = noc_index) {
      | ^~~~~~~~~~~~
/localdev/smarton/gstt2/src/gsplat_tt/kernels/dataflow/gather_visible_scatter.cpp:408:36: warning: 'uint64_t get_noc_addr(uint32_t, const InterleavedAddrGen<DRAM>&, uint32_t, uint8_t) [with bool DRAM = true; uint64_t = long long unsigned int; uint32_t = long unsigned int; uint8_t = unsigned char]' is deprecated: Use <typename AddrGen> get_noc_addr instead. [-Wdeprecated-declarations]
  408 |         noc_async_read(get_noc_addr(t, acc_cr),    l1_cr,  TILE_BYTES);
      |                        ~~~~~~~~~~~~^~~~~~~~~~~
/localdev/smarton/tt-metal/tt_metal/hw/inc/internal/dataflow/dataflow_api_addrgen.h:455:1: note: declared here
  455 | get_noc_addr(const uint32_t id, const InterleavedAddrGen<DRAM>& addrgen, uint32_t offset = 0, uint8_t noc = noc_index) {
      | ^~~~~~~~~~~~
/localdev/smarton/gstt2/src/gsplat_tt/kernels/dataflow/gather_visible_scatter.cpp:409:36: warning: 'uint64_t get_noc_addr(uint32_t, const InterleavedAddrGen<DRAM>&, uint32_t, uint8_t) [with bool DRAM = true; uint64_t = long long unsigned int; uint32_t = long unsigned int; uint8_t = unsigned char]' is deprecated: Use <typename AddrGen> get_noc_addr instead. [-Wdeprecated-declarations]
  409 |         noc_async_read(get_noc_addr(t, acc_cg),    l1_cg,  TILE_BYTES);
      |                        ~~~~~~~~~~~~^~~~~~~~~~~
/localdev/smarton/tt-metal/tt_metal/hw/inc/internal/dataflow/dataflow_api_addrgen.h:455:1: note: declared here
  455 | get_noc_addr(const uint32_t id, const InterleavedAddrGen<DRAM>& addrgen, uint32_t offset = 0, uint8_t noc = noc_index) {
      | ^~~~~~~~~~~~
/localdev/smarton/gstt2/src/gsplat_tt/kernels/dataflow/gather_visible_scatter.cpp:410:36: warning: 'uint64_t get_noc_addr(uint32_t, const InterleavedAddrGen<DRAM>&, uint32_t, uint8_t) [with bool DRAM = true; uint64_t = long long unsigned int; uint32_t = long unsigned int; uint8_t = unsigned char]' is deprecated: Use <typename AddrGen> get_noc_addr instead. [-Wdeprecated-declarations]
  410 |         noc_async_read(get_noc_addr(t, acc_cb),    l1_cb,  TILE_BYTES);
      |                        ~~~~~~~~~~~~^~~~~~~~~~~
/localdev/smarton/tt-metal/tt_metal/hw/inc/internal/dataflow/dataflow_api_addrgen.h:455:1: note: declared here
  455 | get_noc_addr(const uint32_t id, const InterleavedAddrGen<DRAM>& addrgen, uint32_t offset = 0, uint8_t noc = noc_index) {
      | ^~~~~~~~~~~~
/localdev/smarton/gstt2/src/gsplat_tt/kernels/dataflow/gather_visible_scatter.cpp:411:36: warning: 'uint64_t get_noc_addr(uint32_t, const InterleavedAddrGen<DRAM>&, uint32_t, uint8_t) [with bool DRAM = true; uint64_t = long long unsigned int; uint32_t = long unsigned int; uint8_t = unsigned char]' is deprecated: Use <typename AddrGen> get_noc_addr instead. [-Wdeprecated-declarations]
  411 |         noc_async_read(get_noc_addr(t, acc_op),    l1_op,  TILE_BYTES);
      |                        ~~~~~~~~~~~~^~~~~~~~~~~
/localdev/smarton/tt-metal/tt_metal/hw/inc/internal/dataflow/dataflow_api_addrgen.h:455:1: note: declared here
  455 | get_noc_addr(const uint32_t id, const InterleavedAddrGen<DRAM>& addrgen, uint32_t offset = 0, uint8_t noc = noc_index) {
      | ^~~~~~~~~~~~
/localdev/smarton/tt-metal/tt_metal/hw/firmware/src/tt-1xx/brisck.cc: In function 'uint32_t _start()':
/localdev/smarton/tt-metal/tt_metal/tools/profiler/kernel_profiler.hpp:25:22: note: '#pragma message: BRISC-KERNEL,/localdev/smarton/tt-metal/tt_metal/hw/firmware/src/tt-1xx/brisck.cc,77,KERNEL_PROFILER'
   25 | #define DO_PRAGMA(x) _Pragma(#x)
      |                      ^~~~~~~
/localdev/smarton/tt-metal/tt_metal/tools/profiler/kernel_profiler.hpp:702:5: note: in expansion of macro 'DO_PRAGMA'
  702 |     DO_PRAGMA(message(PROFILER_MSG_NAME(name)));                               \
      |     ^~~~~~~~~
/localdev/smarton/tt-metal/tt_metal/hw/firmware/src/tt-1xx/brisck.cc:77:9: note: in expansion of macro 'DeviceZoneScopedMainChildN'
   77 |         DeviceZoneScopedMainChildN("BRISC-KERNEL");
      |         ^~~~~~~~~~~~~~~~~~~~~~~~~~
cc1plus: all warnings being treated as errors

backtrace:
 --- /localdev/smarton/tt-metal/build/tt_metal/libtt_metal.so(+0x6d08c8) [0x7fa81c3988c8]
 --- /localdev/smarton/tt-metal/build/tt_metal/libtt_metal.so(+0x9f69fc) [0x7fa81c6be9fc]
 --- tt::tt_metal::JitBuildState::compile_one(std::__cxx11::basic_string<char, std::char_traits<char>, std::allocator<char> > const&, tt::tt_metal::JitBuildSettings const*, unsigned long) const
 --- /localdev/smarton/tt-metal/build/tt_metal/libtt_metal.so(+0xa11c18) [0x7fa81c6d9c18]
 --- /localdev/smarton/tt-metal/build/tt_metal/libtt_metal.so(+0xa11b9e) [0x7fa81c6d9b9e]
 --- /localdev/smarton/tt-metal/build/tt_metal/libtt_metal.so(+0x6d919f) [0x7fa81c3a119f]
 --- /lib/x86_64-linux-gnu/libc.so.6(+0x99ee8) [0x7fa95a669ee8]
 --- /localdev/smarton/tt-metal/build/tt_metal/libtt_metal.so(+0x6d8ff9) [0x7fa81c3a0ff9]
 --- /localdev/smarton/tt-metal/build/tt_metal/libtt_metal.so(+0xa119ee) [0x7fa81c6d99ee]
 --- /localdev/smarton/tt-metal/build/tt_metal/libtt_metal.so(+0x8720c5) [0x7fa81c53a0c5]
 --- /localdev/smarton/tt-metal/build/tt_metal/libtt_metal.so(+0x870bd0) [0x7fa81c538bd0]
 --- /localdev/smarton/tt-metal/build/tt_metal/libtt_metal.so(+0x8700b8) [0x7fa81c5380b8]
 --- /lib/x86_64-linux-gnu/libstdc++.so.6(+0xdc253) [0x7fa957f05253]
 --- /lib/x86_64-linux-gnu/libc.so.6(+0x94ac3) [0x7fa95a664ac3]
 --- /lib/x86_64-linux-gnu/libc.so.6(+0x1268d0) [0x7fa95a6f68d0]
 (assert.hpp:104)
[gsplat_tt::gather] call failed: TT_THROW @ /proj_sw/user_dev/smarton/tt-metal/tt_metal/impl/program/program.cpp:249: tt::exception
info:
Failed to generate binaries for gather_visible_scatter TT_THROW @ /proj_sw/user_dev/smarton/tt-metal/tt_metal/jit_build/build.cpp:62: tt::exception
info:
brisc build failed. Log: In file included from /localdev/smarton/tt-metal/tt_metal/hw/inc/api/dataflow/dataflow_api.h:27,
                 from /localdev/smarton/tt-metal/tt_metal/hw/inc/internal/firmware_common.h:24,
                 from /localdev/smarton/tt-metal/tt_metal/hw/firmware/src/tt-1xx/brisck.cc:17:
/localdev/smarton/tt-metal/tt_metal/tools/profiler/kernel_profiler.hpp: In function 'void kernel_profiler::quick_push()':
/localdev/smarton/tt-metal/tt_metal/tools/profiler/kernel_profiler.hpp:25:22: note: '#pragma message: PROFILER-NOC-QUICK-PUSH,/localdev/smarton/tt-metal/tt_metal/tools/profiler/kernel_profiler.hpp,395,KERNEL_PROFILER'
   25 | #define DO_PRAGMA(x) _Pragma(#x)
      |                      ^~~~~~~
/localdev/smarton/tt-metal/tt_metal/tools/profiler/kernel_profiler.hpp:35:5: note: in expansion of macro 'DO_PRAGMA'
   35 |     DO_PRAGMA(message(PROFILER_MSG_NAME(name))); \
      |     ^~~~~~~~~
/localdev/smarton/tt-metal/tt_metal/tools/profiler/kernel_profiler.hpp:395:5: note: in expansion of macro 'SrcLocNameToHash'
  395 |     SrcLocNameToHash("PROFILER-NOC-QUICK-PUSH");
      |     ^~~~~~~~~~~~~~~~
/localdev/smarton/gstt2/src/gsplat_tt/kernels/dataflow/gather_visible_scatter.cpp: In function 'void kernel_main()':
/localdev/smarton/tt-metal/tt_metal/tools/profiler/kernel_profiler.hpp:25:22: error: expected a string after '#pragma message' [-Werror=pragmas]
   25 | #define DO_PRAGMA(x) _Pragma(#x)
      |                      ^~~~~~~
/localdev/smarton/tt-metal/tt_metal/tools/profiler/kernel_profiler.hpp:652:5: note: in expansion of macro 'DO_PRAGMA'
  652 |     DO_PRAGMA(message(PROFILER_MSG_NAME(name)));                               \
      |     ^~~~~~~~~
/localdev/smarton/gstt2/src/gsplat_tt/kernels/dataflow/gather_visible_scatter.cpp:92:5: note: in expansion of macro 'DeviceZoneScopedN'
   92 |     DeviceZoneScopedN(count_only ? "proj_count" : "proj_scatter");
      |     ^~~~~~~~~~~~~~~~~
/localdev/smarton/tt-metal/tt_metal/tools/profiler/kernel_profiler.hpp:653:53: error: no matching function for call to 'Hash16_CT(const char*)'
  653 |     auto constexpr hash = kernel_profiler::Hash16_CT(PROFILER_MSG_NAME(name)); \
      |                           ~~~~~~~~~~~~~~~~~~~~~~~~~~^~~~~~~~~~~~~~~~~~~~~~~~~
/localdev/smarton/gstt2/src/gsplat_tt/kernels/dataflow/gather_visible_scatter.cpp:92:5: note: in expansion of macro 'DeviceZoneScopedN'
   92 |     DeviceZoneScopedN(count_only ? "proj_count" : "proj_scatter");
      |     ^~~~~~~~~~~~~~~~~
/localdev/smarton/tt-metal/tt_metal/tools/profiler/kernel_profiler.hpp:653:53: note: there is 1 candidate
  653 |     auto constexpr hash = kernel_profiler::Hash16_CT(PROFILER_MSG_NAME(name)); \
      |                           ~~~~~~~~~~~~~~~~~~~~~~~~~~^~~~~~~~~~~~~~~~~~~~~~~~~
/localdev/smarton/gstt2/src/gsplat_tt/kernels/dataflow/gather_visible_scatter.cpp:92:5: note: in expansion of macro 'DeviceZoneScopedN'
   92 |     DeviceZoneScopedN(count_only ? "proj_count" : "proj_scatter");
      |     ^~~~~~~~~~~~~~~~~
/localdev/smarton/tt-metal/tt_metal/tools/profiler/kernel_profiler.hpp:110:20: note: candidate 1: 'template<unsigned int N> constexpr uint32_t kernel_profiler::Hash16_CT(const char (&)[N])'
  110 | constexpr uint32_t Hash16_CT(const char (&s)[N]) {
      |                    ^~~~~~~~~
/localdev/smarton/tt-metal/tt_metal/tools/profiler/kernel_profiler.hpp:110:20: note: template argument deduction/substitution failed:
/localdev/smarton/tt-metal/tt_metal/tools/profiler/kernel_profiler.hpp:653:53: note:   mismatched types 'const char [N]' and 'const char*'
  653 |     auto constexpr hash = kernel_profiler::Hash16_CT(PROFILER_MSG_NAME(name)); \
      |                           ~~~~~~~~~~~~~~~~~~~~~~~~~~^~~~~~~~~~~~~~~~~~~~~~~~~
/localdev/smarton/gstt2/src/gsplat_tt/kernels/dataflow/gather_visible_scatter.cpp:92:5: note: in expansion of macro 'DeviceZoneScopedN'
   92 |     DeviceZoneScopedN(count_only ? "proj_count" : "proj_scatter");
      |     ^~~~~~~~~~~~~~~~~
In file included from ../kernel_includes.hpp:1,
                 from /localdev/smarton/tt-metal/tt_metal/hw/firmware/src/tt-1xx/brisck.cc:21:
/localdev/smarton/gstt2/src/gsplat_tt/kernels/dataflow/gather_visible_scatter.cpp:307:40: warning: 'uint64_t get_noc_addr(uint32_t, const InterleavedAddrGen<DRAM>&, uint32_t, uint8_t) [with bool DRAM = true; uint64_t = long long unsigned int; uint32_t = long unsigned int; uint8_t = unsigned char]' is deprecated: Use <typename AddrGen> get_noc_addr instead. [-Wdeprecated-declarations]
  307 |             noc_async_read(get_noc_addr(t, acc_m2x),   l1_m2x, TILE_BYTES);
      |                            ~~~~~~~~~~~~^~~~~~~~~~~~
In file included from /localdev/smarton/tt-metal/tt_metal/hw/inc/api/dataflow/dataflow_api.h:18:
/localdev/smarton/tt-metal/tt_metal/hw/inc/internal/dataflow/dataflow_api_addrgen.h:455:1: note: declared here
  455 | get_noc_addr(const uint32_t id, const InterleavedAddrGen<DRAM>& addrgen, uint32_t offset = 0, uint8_t noc = noc_index) {
      | ^~~~~~~~~~~~
/localdev/smarton/gstt2/src/gsplat_tt/kernels/dataflow/gather_visible_scatter.cpp:308:40: warning: 'uint64_t get_noc_addr(uint32_t, const InterleavedAddrGen<DRAM>&, uint32_t, uint8_t) [with bool DRAM = true; uint64_t = long long unsigned int; uint32_t = long unsigned int; uint8_t = unsigned char]' is deprecated: Use <typename AddrGen> get_noc_addr instead. [-Wdeprecated-declarations]
  308 |             noc_async_read(get_noc_addr(t, acc_m2y),   l1_m2y, TILE_BYTES);
      |                            ~~~~~~~~~~~~^~~~~~~~~~~~
/localdev/smarton/tt-metal/tt_metal/hw/inc/internal/dataflow/dataflow_api_addrgen.h:455:1: note: declared here
  455 | get_noc_addr(const uint32_t id, const InterleavedAddrGen<DRAM>& addrgen, uint32_t offset = 0, uint8_t noc = noc_index) {
      | ^~~~~~~~~~~~
/localdev/smarton/gstt2/src/gsplat_tt/kernels/dataflow/gather_visible_scatter.cpp:309:40: warning: 'uint64_t get_noc_addr(uint32_t, const InterleavedAddrGen<DRAM>&, uint32_t, uint8_t) [with bool DRAM = true; uint64_t = long long unsigned int; uint32_t = long unsigned int; uint8_t = unsigned char]' is deprecated: Use <typename AddrGen> get_noc_addr instead. [-Wdeprecated-declarations]
  309 |             noc_async_read(get_noc_addr(t, acc_depth), l1_dep, TILE_BYTES);
      |                            ~~~~~~~~~~~~^~~~~~~~~~~~~~
/localdev/smarton/tt-metal/tt_metal/hw/inc/internal/dataflow/dataflow_api_addrgen.h:455:1: note: declared here
  455 | get_noc_addr(const uint32_t id, const InterleavedAddrGen<DRAM>& addrgen, uint32_t offset = 0, uint8_t noc = noc_index) {
      | ^~~~~~~~~~~~
/localdev/smarton/gstt2/src/gsplat_tt/kernels/dataflow/gather_visible_scatter.cpp:310:40: warning: 'uint64_t get_noc_addr(uint32_t, const InterleavedAddrGen<DRAM>&, uint32_t, uint8_t) [with bool DRAM = true; uint64_t = long long unsigned int; uint32_t = long unsigned int; uint8_t = unsigned char]' is deprecated: Use <typename AddrGen> get_noc_addr instead. [-Wdeprecated-declarations]
  310 |             noc_async_read(get_noc_addr(t, acc_rx),    l1_rx,  TILE_BYTES);
      |                            ~~~~~~~~~~~~^~~~~~~~~~~
/localdev/smarton/tt-metal/tt_metal/hw/inc/internal/dataflow/dataflow_api_addrgen.h:455:1: note: declared here
  455 | get_noc_addr(const uint32_t id, const InterleavedAddrGen<DRAM>& addrgen, uint32_t offset = 0, uint8_t noc = noc_index) {
      | ^~~~~~~~~~~~
/localdev/smarton/gstt2/src/gsplat_tt/kernels/dataflow/gather_visible_scatter.cpp:311:40: warning: 'uint64_t get_noc_addr(uint32_t, const InterleavedAddrGen<DRAM>&, uint32_t, uint8_t) [with bool DRAM = true; uint64_t = long long unsigned int; uint32_t = long unsigned int; uint8_t = unsigned char]' is deprecated: Use <typename AddrGen> get_noc_addr instead. [-Wdeprecated-declarations]
  311 |             noc_async_read(get_noc_addr(t, acc_ry),    l1_ry,  TILE_BYTES);
      |                            ~~~~~~~~~~~~^~~~~~~~~~~
/localdev/smarton/tt-metal/tt_metal/hw/inc/internal/dataflow/dataflow_api_addrgen.h:455:1: note: declared here
  455 | get_noc_addr(const uint32_t id, const InterleavedAddrGen<DRAM>& addrgen, uint32_t offset = 0, uint8_t noc = noc_index) {
      | ^~~~~~~~~~~~
/localdev/smarton/gstt2/src/gsplat_tt/kernels/dataflow/gather_visible_scatter.cpp:312:40: warning: 'uint64_t get_noc_addr(uint32_t, const InterleavedAddrGen<DRAM>&, uint32_t, uint8_t) [with bool DRAM = true; uint64_t = long long unsigned int; uint32_t = long unsigned int; uint8_t = unsigned char]' is deprecated: Use <typename AddrGen> get_noc_addr instead. [-Wdeprecated-declarations]
  312 |             noc_async_read(get_noc_addr(t, acc_op),    l1_op,  TILE_BYTES);
      |                            ~~~~~~~~~~~~^~~~~~~~~~~
/localdev/smarton/tt-metal/tt_metal/hw/inc/internal/dataflow/dataflow_api_addrgen.h:455:1: note: declared here
  455 | get_noc_addr(const uint32_t id, const InterleavedAddrGen<DRAM>& addrgen, uint32_t offset = 0, uint8_t noc = noc_index) {
      | ^~~~~~~~~~~~
/localdev/smarton/gstt2/src/gsplat_tt/kernels/dataflow/gather_visible_scatter.cpp:334:44: warning: 'uint64_t get_noc_addr(uint32_t, const InterleavedAddrGen<DRAM>&, uint32_t, uint8_t) [with bool DRAM = true; uint64_t = long long unsigned int; uint32_t = long unsigned int; uint8_t = unsigned char]' is deprecated: Use <typename AddrGen> get_noc_addr instead. [-Wdeprecated-declarations]
  334 |         noc_async_write(l1_oM, get_noc_addr(core_id, acc_counts), 4);
      |                                ~~~~~~~~~~~~^~~~~~~~~~~~~~~~~~~~~
/localdev/smarton/tt-metal/tt_metal/hw/inc/internal/dataflow/dataflow_api_addrgen.h:455:1: note: declared here
  455 | get_noc_addr(const uint32_t id, const InterleavedAddrGen<DRAM>& addrgen, uint32_t offset = 0, uint8_t noc = noc_index) {
      | ^~~~~~~~~~~~
/localdev/smarton/gstt2/src/gsplat_tt/kernels/dataflow/gather_visible_scatter.cpp:347:36: warning: 'uint64_t get_noc_addr(uint32_t, const InterleavedAddrGen<DRAM>&, uint32_t, uint8_t) [with bool DRAM = true; uint64_t = long long unsigned int; uint32_t = long unsigned int; uint8_t = unsigned char]' is deprecated: Use <typename AddrGen> get_noc_addr instead. [-Wdeprecated-declarations]
  347 |         noc_async_read(get_noc_addr(core_id, acc_counts), l1_oM, PAGE_BYTES);
      |                        ~~~~~~~~~~~~^~~~~~~~~~~~~~~~~~~~~
/localdev/smarton/tt-metal/tt_metal/hw/inc/internal/dataflow/dataflow_api_addrgen.h:455:1: note: declared here
  455 | get_noc_addr(const uint32_t id, const InterleavedAddrGen<DRAM>& addrgen, uint32_t offset = 0, uint8_t noc = noc_index) {
      | ^~~~~~~~~~~~
/localdev/smarton/gstt2/src/gsplat_tt/kernels/dataflow/gather_visible_scatter.cpp: In lambda function:
/localdev/smarton/gstt2/src/gsplat_tt/kernels/dataflow/gather_visible_scatter.cpp:360:52: warning: 'uint64_t get_noc_addr(uint32_t, const InterleavedAddrGen<DRAM>&, uint32_t, uint8_t) [with bool DRAM = true; uint64_t = long long unsigned int; uint32_t = long unsigned int; uint8_t = unsigned char]' is deprecated: Use <typename AddrGen> get_noc_addr instead. [-Wdeprecated-declarations]
  360 |         noc_async_write(l1_opx  + off, get_noc_addr(page, acc_opx)  + off, sz);
      |                                        ~~~~~~~~~~~~^~~~~~~~~~~~~~~
/localdev/smarton/tt-metal/tt_metal/hw/inc/internal/dataflow/dataflow_api_addrgen.h:455:1: note: declared here
  455 | get_noc_addr(const uint32_t id, const InterleavedAddrGen<DRAM>& addrgen, uint32_t offset = 0, uint8_t noc = noc_index) {
      | ^~~~~~~~~~~~
/localdev/smarton/gstt2/src/gsplat_tt/kernels/dataflow/gather_visible_scatter.cpp:361:52: warning: 'uint64_t get_noc_addr(uint32_t, const InterleavedAddrGen<DRAM>&, uint32_t, uint8_t) [with bool DRAM = true; uint64_t = long long unsigned int; uint32_t = long unsigned int; uint8_t = unsigned char]' is deprecated: Use <typename AddrGen> get_noc_addr instead. [-Wdeprecated-declarations]
  361 |         noc_async_write(l1_opy  + off, get_noc_addr(page, acc_opy)  + off, sz);
      |                                        ~~~~~~~~~~~~^~~~~~~~~~~~~~~
/localdev/smarton/tt-metal/tt_metal/hw/inc/internal/dataflow/dataflow_api_addrgen.h:455:1: note: declared here
  455 | get_noc_addr(const uint32_t id, const InterleavedAddrGen<DRAM>& addrgen, uint32_t offset = 0, uint8_t noc = noc_index) {
      | ^~~~~~~~~~~~
/localdev/smarton/gstt2/src/gsplat_tt/kernels/dataflow/gather_visible_scatter.cpp:362:52: warning: 'uint64_t get_noc_addr(uint32_t, const InterleavedAddrGen<DRAM>&, uint32_t, uint8_t) [with bool DRAM = true; uint64_t = long long unsigned int; uint32_t = long unsigned int; uint8_t = unsigned char]' is deprecated: Use <typename AddrGen> get_noc_addr instead. [-Wdeprecated-declarations]
  362 |         noc_async_write(l1_orx  + off, get_noc_addr(page, acc_orx)  + off, sz);
      |                                        ~~~~~~~~~~~~^~~~~~~~~~~~~~~
/localdev/smarton/tt-metal/tt_metal/hw/inc/internal/dataflow/dataflow_api_addrgen.h:455:1: note: declared here
  455 | get_noc_addr(const uint32_t id, const InterleavedAddrGen<DRAM>& addrgen, uint32_t offset = 0, uint8_t noc = noc_index) {
      | ^~~~~~~~~~~~
/localdev/smarton/gstt2/src/gsplat_tt/kernels/dataflow/gather_visible_scatter.cpp:363:52: warning: 'uint64_t get_noc_addr(uint32_t, const InterleavedAddrGen<DRAM>&, uint32_t, uint8_t) [with bool DRAM = true; uint64_t = long long unsigned int; uint32_t = long unsigned int; uint8_t = unsigned char]' is deprecated: Use <typename AddrGen> get_noc_addr instead. [-Wdeprecated-declarations]
  363 |         noc_async_write(l1_ory  + off, get_noc_addr(page, acc_ory)  + off, sz);
      |                                        ~~~~~~~~~~~~^~~~~~~~~~~~~~~
/localdev/smarton/tt-metal/tt_metal/hw/inc/internal/dataflow/dataflow_api_addrgen.h:455:1: note: declared here
  455 | get_noc_addr(const uint32_t id, const InterleavedAddrGen<DRAM>& addrgen, uint32_t offset = 0, uint8_t noc = noc_index) {
      | ^~~~~~~~~~~~
/localdev/smarton/gstt2/src/gsplat_tt/kernels/dataflow/gather_visible_scatter.cpp:364:52: warning: 'uint64_t get_noc_addr(uint32_t, const InterleavedAddrGen<DRAM>&, uint32_t, uint8_t) [with bool DRAM = true; uint64_t = long long unsigned int; uint32_t = long unsigned int; uint8_t = unsigned char]' is deprecated: Use <typename AddrGen> get_noc_addr instead. [-Wdeprecated-declarations]
  364 |         noc_async_write(l1_oa   + off, get_noc_addr(page, acc_oa)   + off, sz);
      |                                        ~~~~~~~~~~~~^~~~~~~~~~~~~~
/localdev/smarton/tt-metal/tt_metal/hw/inc/internal/dataflow/dataflow_api_addrgen.h:455:1: note: declared here
  455 | get_noc_addr(const uint32_t id, const InterleavedAddrGen<DRAM>& addrgen, uint32_t offset = 0, uint8_t noc = noc_index) {
      | ^~~~~~~~~~~~
/localdev/smarton/gstt2/src/gsplat_tt/kernels/dataflow/gather_visible_scatter.cpp:365:52: warning: 'uint64_t get_noc_addr(uint32_t, const InterleavedAddrGen<DRAM>&, uint32_t, uint8_t) [with bool DRAM = true; uint64_t = long long unsigned int; uint32_t = long unsigned int; uint8_t = unsigned char]' is deprecated: Use <typename AddrGen> get_noc_addr instead. [-Wdeprecated-declarations]
  365 |         noc_async_write(l1_ob   + off, get_noc_addr(page, acc_ob)   + off, sz);
      |                                        ~~~~~~~~~~~~^~~~~~~~~~~~~~
/localdev/smarton/tt-metal/tt_metal/hw/inc/internal/dataflow/dataflow_api_addrgen.h:455:1: note: declared here
  455 | get_noc_addr(const uint32_t id, const InterleavedAddrGen<DRAM>& addrgen, uint32_t offset = 0, uint8_t noc = noc_index) {
      | ^~~~~~~~~~~~
/localdev/smarton/gstt2/src/gsplat_tt/kernels/dataflow/gather_visible_scatter.cpp:366:52: warning: 'uint64_t get_noc_addr(uint32_t, const InterleavedAddrGen<DRAM>&, uint32_t, uint8_t) [with bool DRAM = true; uint64_t = long long unsigned int; uint32_t = long unsigned int; uint8_t = unsigned char]' is deprecated: Use <typename AddrGen> get_noc_addr instead. [-Wdeprecated-declarations]
  366 |         noc_async_write(l1_oc   + off, get_noc_addr(page, acc_oc)   + off, sz);
      |                                        ~~~~~~~~~~~~^~~~~~~~~~~~~~
/localdev/smarton/tt-metal/tt_metal/hw/inc/internal/dataflow/dataflow_api_addrgen.h:455:1: note: declared here
  455 | get_noc_addr(const uint32_t id, const InterleavedAddrGen<DRAM>& addrgen, uint32_t offset = 0, uint8_t noc = noc_index) {
      | ^~~~~~~~~~~~
/localdev/smarton/gstt2/src/gsplat_tt/kernels/dataflow/gather_visible_scatter.cpp:367:52: warning: 'uint64_t get_noc_addr(uint32_t, const InterleavedAddrGen<DRAM>&, uint32_t, uint8_t) [with bool DRAM = true; uint64_t = long long unsigned int; uint32_t = long unsigned int; uint8_t = unsigned char]' is deprecated: Use <typename AddrGen> get_noc_addr instead. [-Wdeprecated-declarations]
  367 |         noc_async_write(l1_odep + off, get_noc_addr(page, acc_odep) + off, sz);
      |                                        ~~~~~~~~~~~~^~~~~~~~~~~~~~~~
/localdev/smarton/tt-metal/tt_metal/hw/inc/internal/dataflow/dataflow_api_addrgen.h:455:1: note: declared here
  455 | get_noc_addr(const uint32_t id, const InterleavedAddrGen<DRAM>& addrgen, uint32_t offset = 0, uint8_t noc = noc_index) {
      | ^~~~~~~~~~~~
/localdev/smarton/gstt2/src/gsplat_tt/kernels/dataflow/gather_visible_scatter.cpp:368:52: warning: 'uint64_t get_noc_addr(uint32_t, const InterleavedAddrGen<DRAM>&, uint32_t, uint8_t) [with bool DRAM = true; uint64_t = long long unsigned int; uint32_t = long unsigned int; uint8_t = unsigned char]' is deprecated: Use <typename AddrGen> get_noc_addr instead. [-Wdeprecated-declarations]
  368 |         noc_async_write(l1_oop  + off, get_noc_addr(page, acc_oop)  + off, sz);
      |                                        ~~~~~~~~~~~~^~~~~~~~~~~~~~~
/localdev/smarton/tt-metal/tt_metal/hw/inc/internal/dataflow/dataflow_api_addrgen.h:455:1: note: declared here
  455 | get_noc_addr(const uint32_t id, const InterleavedAddrGen<DRAM>& addrgen, uint32_t offset = 0, uint8_t noc = noc_index) {
      | ^~~~~~~~~~~~
/localdev/smarton/gstt2/src/gsplat_tt/kernels/dataflow/gather_visible_scatter.cpp:384:41: warning: 'uint64_t get_noc_addr(uint32_t, const InterleavedAddrGen<DRAM>&, uint32_t, uint8_t) [with bool DRAM = true; uint64_t = long long unsigned int; uint32_t = long unsigned int; uint8_t = unsigned char]' is deprecated: Use <typename AddrGen> get_noc_addr instead. [-Wdeprecated-declarations]
  384 |                             get_noc_addr(cpage, acc_ocol) + coff * 4, n * 4);
      |                             ~~~~~~~~~~~~^~~~~~~~~~~~~~~~~
/localdev/smarton/tt-metal/tt_metal/hw/inc/internal/dataflow/dataflow_api_addrgen.h:455:1: note: declared here
  455 | get_noc_addr(const uint32_t id, const InterleavedAddrGen<DRAM>& addrgen, uint32_t offset = 0, uint8_t noc = noc_index) {
      | ^~~~~~~~~~~~
/localdev/smarton/gstt2/src/gsplat_tt/kernels/dataflow/gather_visible_scatter.cpp:393:41: warning: 'uint64_t get_noc_addr(uint32_t, const InterleavedAddrGen<DRAM>&, uint32_t, uint8_t) [with bool DRAM = true; uint64_t = long long unsigned int; uint32_t = long unsigned int; uint8_t = unsigned char]' is deprecated: Use <typename AddrGen> get_noc_addr instead. [-Wdeprecated-declarations]
  393 |                             get_noc_addr(page * PAGE_ELEMS + s, acc_brec), 64);
      |                             ~~~~~~~~~~~~^~~~~~~~~~~~~~~~~~~~~~~~~~~~~~~~~
/localdev/smarton/tt-metal/tt_metal/hw/inc/internal/dataflow/dataflow_api_addrgen.h:455:1: note: declared here
  455 | get_noc_addr(const uint32_t id, const InterleavedAddrGen<DRAM>& addrgen, uint32_t offset = 0, uint8_t noc = noc_index) {
      | ^~~~~~~~~~~~
/localdev/smarton/gstt2/src/gsplat_tt/kernels/dataflow/gather_visible_scatter.cpp: In function 'void kernel_main()':
/localdev/smarton/gstt2/src/gsplat_tt/kernels/dataflow/gather_visible_scatter.cpp:400:36: warning: 'uint64_t get_noc_addr(uint32_t, const InterleavedAddrGen<DRAM>&, uint32_t, uint8_t) [with bool DRAM = true; uint64_t = long long unsigned int; uint32_t = long unsigned int; uint8_t = unsigned char]' is deprecated: Use <typename AddrGen> get_noc_addr instead. [-Wdeprecated-declarations]
  400 |         noc_async_read(get_noc_addr(t, acc_m2x),   l1_m2x, TILE_BYTES);
      |                        ~~~~~~~~~~~~^~~~~~~~~~~~
/localdev/smarton/tt-metal/tt_metal/hw/inc/internal/dataflow/dataflow_api_addrgen.h:455:1: note: declared here
  455 | get_noc_addr(const uint32_t id, const InterleavedAddrGen<DRAM>& addrgen, uint32_t offset = 0, uint8_t noc = noc_index) {
      | ^~~~~~~~~~~~
/localdev/smarton/gstt2/src/gsplat_tt/kernels/dataflow/gather_visible_scatter.cpp:401:36: warning: 'uint64_t get_noc_addr(uint32_t, const InterleavedAddrGen<DRAM>&, uint32_t, uint8_t) [with bool DRAM = true; uint64_t = long long unsigned int; uint32_t = long unsigned int; uint8_t = unsigned char]' is deprecated: Use <typename AddrGen> get_noc_addr instead. [-Wdeprecated-declarations]
  401 |         noc_async_read(get_noc_addr(t, acc_m2y),   l1_m2y, TILE_BYTES);
      |                        ~~~~~~~~~~~~^~~~~~~~~~~~
/localdev/smarton/tt-metal/tt_metal/hw/inc/internal/dataflow/dataflow_api_addrgen.h:455:1: note: declared here
  455 | get_noc_addr(const uint32_t id, const InterleavedAddrGen<DRAM>& addrgen, uint32_t offset = 0, uint8_t noc = noc_index) {
      | ^~~~~~~~~~~~
/localdev/smarton/gstt2/src/gsplat_tt/kernels/dataflow/gather_visible_scatter.cpp:402:36: warning: 'uint64_t get_noc_addr(uint32_t, const InterleavedAddrGen<DRAM>&, uint32_t, uint8_t) [with bool DRAM = true; uint64_t = long long unsigned int; uint32_t = long unsigned int; uint8_t = unsigned char]' is deprecated: Use <typename AddrGen> get_noc_addr instead. [-Wdeprecated-declarations]
  402 |         noc_async_read(get_noc_addr(t, acc_depth), l1_dep, TILE_BYTES);
      |                        ~~~~~~~~~~~~^~~~~~~~~~~~~~
/localdev/smarton/tt-metal/tt_metal/hw/inc/internal/dataflow/dataflow_api_addrgen.h:455:1: note: declared here
  455 | get_noc_addr(const uint32_t id, const InterleavedAddrGen<DRAM>& addrgen, uint32_t offset = 0, uint8_t noc = noc_index) {
      | ^~~~~~~~~~~~
/localdev/smarton/gstt2/src/gsplat_tt/kernels/dataflow/gather_visible_scatter.cpp:403:36: warning: 'uint64_t get_noc_addr(uint32_t, const InterleavedAddrGen<DRAM>&, uint32_t, uint8_t) [with bool DRAM = true; uint64_t = long long unsigned int; uint32_t = long unsigned int; uint8_t = unsigned char]' is deprecated: Use <typename AddrGen> get_noc_addr instead. [-Wdeprecated-declarations]
  403 |         noc_async_read(get_noc_addr(t, acc_a),     l1_a,   TILE_BYTES);
      |                        ~~~~~~~~~~~~^~~~~~~~~~
/localdev/smarton/tt-metal/tt_metal/hw/inc/internal/dataflow/dataflow_api_addrgen.h:455:1: note: declared here
  455 | get_noc_addr(const uint32_t id, const InterleavedAddrGen<DRAM>& addrgen, uint32_t offset = 0, uint8_t noc = noc_index) {
      | ^~~~~~~~~~~~
/localdev/smarton/gstt2/src/gsplat_tt/kernels/dataflow/gather_visible_scatter.cpp:404:36: warning: 'uint64_t get_noc_addr(uint32_t, const InterleavedAddrGen<DRAM>&, uint32_t, uint8_t) [with bool DRAM = true; uint64_t = long long unsigned int; uint32_t = long unsigned int; uint8_t = unsigned char]' is deprecated: Use <typename AddrGen> get_noc_addr instead. [-Wdeprecated-declarations]
  404 |         noc_async_read(get_noc_addr(t, acc_b),     l1_b,   TILE_BYTES);
      |                        ~~~~~~~~~~~~^~~~~~~~~~
/localdev/smarton/tt-metal/tt_metal/hw/inc/internal/dataflow/dataflow_api_addrgen.h:455:1: note: declared here
  455 | get_noc_addr(const uint32_t id, const InterleavedAddrGen<DRAM>& addrgen, uint32_t offset = 0, uint8_t noc = noc_index) {
      | ^~~~~~~~~~~~
/localdev/smarton/gstt2/src/gsplat_tt/kernels/dataflow/gather_visible_scatter.cpp:405:36: warning: 'uint64_t get_noc_addr(uint32_t, const InterleavedAddrGen<DRAM>&, uint32_t, uint8_t) [with bool DRAM = true; uint64_t = long long unsigned int; uint32_t = long unsigned int; uint8_t = unsigned char]' is deprecated: Use <typename AddrGen> get_noc_addr instead. [-Wdeprecated-declarations]
  405 |         noc_async_read(get_noc_addr(t, acc_c),     l1_c,   TILE_BYTES);
      |                        ~~~~~~~~~~~~^~~~~~~~~~
/localdev/smarton/tt-metal/tt_metal/hw/inc/internal/dataflow/dataflow_api_addrgen.h:455:1: note: declared here
  455 | get_noc_addr(const uint32_t id, const InterleavedAddrGen<DRAM>& addrgen, uint32_t offset = 0, uint8_t noc = noc_index) {
      | ^~~~~~~~~~~~
/localdev/smarton/gstt2/src/gsplat_tt/kernels/dataflow/gather_visible_scatter.cpp:406:36: warning: 'uint64_t get_noc_addr(uint32_t, const InterleavedAddrGen<DRAM>&, uint32_t, uint8_t) [with bool DRAM = true; uint64_t = long long unsigned int; uint32_t = long unsigned int; uint8_t = unsigned char]' is deprecated: Use <typename AddrGen> get_noc_addr instead. [-Wdeprecated-declarations]
  406 |         noc_async_read(get_noc_addr(t, acc_rx),    l1_rx,  TILE_BYTES);
      |                        ~~~~~~~~~~~~^~~~~~~~~~~
/localdev/smarton/tt-metal/tt_metal/hw/inc/internal/dataflow/dataflow_api_addrgen.h:455:1: note: declared here
  455 | get_noc_addr(const uint32_t id, const InterleavedAddrGen<DRAM>& addrgen, uint32_t offset = 0, uint8_t noc = noc_index) {
      | ^~~~~~~~~~~~
/localdev/smarton/gstt2/src/gsplat_tt/kernels/dataflow/gather_visible_scatter.cpp:407:36: warning: 'uint64_t get_noc_addr(uint32_t, const InterleavedAddrGen<DRAM>&, uint32_t, uint8_t) [with bool DRAM = true; uint64_t = long long unsigned int; uint32_t = long unsigned int; uint8_t = unsigned char]' is deprecated: Use <typename AddrGen> get_noc_addr instead. [-Wdeprecated-declarations]
  407 |         noc_async_read(get_noc_addr(t, acc_ry),    l1_ry,  TILE_BYTES);
      |                        ~~~~~~~~~~~~^~~~~~~~~~~
/localdev/smarton/tt-metal/tt_metal/hw/inc/internal/dataflow/dataflow_api_addrgen.h:455:1: note: declared here
  455 | get_noc_addr(const uint32_t id, const InterleavedAddrGen<DRAM>& addrgen, uint32_t offset = 0, uint8_t noc = noc_index) {
      | ^~~~~~~~~~~~
/localdev/smarton/gstt2/src/gsplat_tt/kernels/dataflow/gather_visible_scatter.cpp:408:36: warning: 'uint64_t get_noc_addr(uint32_t, const InterleavedAddrGen<DRAM>&, uint32_t, uint8_t) [with bool DRAM = true; uint64_t = long long unsigned int; uint32_t = long unsigned int; uint8_t = unsigned char]' is deprecated: Use <typename AddrGen> get_noc_addr instead. [-Wdeprecated-declarations]
  408 |         noc_async_read(get_noc_addr(t, acc_cr),    l1_cr,  TILE_BYTES);
      |                        ~~~~~~~~~~~~^~~~~~~~~~~
/localdev/smarton/tt-metal/tt_metal/hw/inc/internal/dataflow/dataflow_api_addrgen.h:455:1: note: declared here
  455 | get_noc_addr(const uint32_t id, const InterleavedAddrGen<DRAM>& addrgen, uint32_t offset = 0, uint8_t noc = noc_index) {
      | ^~~~~~~~~~~~
/localdev/smarton/gstt2/src/gsplat_tt/kernels/dataflow/gather_visible_scatter.cpp:409:36: warning: 'uint64_t get_noc_addr(uint32_t, const InterleavedAddrGen<DRAM>&, uint32_t, uint8_t) [with bool DRAM = true; uint64_t = long long unsigned int; uint32_t = long unsigned int; uint8_t = unsigned char]' is deprecated: Use <typename AddrGen> get_noc_addr instead. [-Wdeprecated-declarations]
  409 |         noc_async_read(get_noc_addr(t, acc_cg),    l1_cg,  TILE_BYTES);
      |                        ~~~~~~~~~~~~^~~~~~~~~~~
/localdev/smarton/tt-metal/tt_metal/hw/inc/internal/dataflow/dataflow_api_addrgen.h:455:1: note: declared here
  455 | get_noc_addr(const uint32_t id, const InterleavedAddrGen<DRAM>& addrgen, uint32_t offset = 0, uint8_t noc = noc_index) {
      | ^~~~~~~~~~~~
/localdev/smarton/gstt2/src/gsplat_tt/kernels/dataflow/gather_visible_scatter.cpp:410:36: warning: 'uint64_t get_noc_addr(uint32_t, const InterleavedAddrGen<DRAM>&, uint32_t, uint8_t) [with bool DRAM = true; uint64_t = long long unsigned int; uint32_t = long unsigned int; uint8_t = unsigned char]' is deprecated: Use <typename AddrGen> get_noc_addr instead. [-Wdeprecated-declarations]
  410 |         noc_async_read(get_noc_addr(t, acc_cb),    l1_cb,  TILE_BYTES);
      |                        ~~~~~~~~~~~~^~~~~~~~~~~
/localdev/smarton/tt-metal/tt_metal/hw/inc/internal/dataflow/dataflow_api_addrgen.h:455:1: note: declared here
  455 | get_noc_addr(const uint32_t id, const InterleavedAddrGen<DRAM>& addrgen, uint32_t offset = 0, uint8_t noc = noc_index) {
      | ^~~~~~~~~~~~
/localdev/smarton/gstt2/src/gsplat_tt/kernels/dataflow/gather_visible_scatter.cpp:411:36: warning: 'uint64_t get_noc_addr(uint32_t, const InterleavedAddrGen<DRAM>&, uint32_t, uint8_t) [with bool DRAM = true; uint64_t = long long unsigned int; uint32_t = long unsigned int; uint8_t = unsigned char]' is deprecated: Use <typename AddrGen> get_noc_addr instead. [-Wdeprecated-declarations]
  411 |         noc_async_read(get_noc_addr(t, acc_op),    l1_op,  TILE_BYTES);
      |                        ~~~~~~~~~~~~^~~~~~~~~~~
/localdev/smarton/tt-metal/tt_metal/hw/inc/internal/dataflow/dataflow_api_addrgen.h:455:1: note: declared here
  455 | get_noc_addr(const uint32_t id, const InterleavedAddrGen<DRAM>& addrgen, uint32_t offset = 0, uint8_t noc = noc_index) {
      | ^~~~~~~~~~~~
/localdev/smarton/tt-metal/tt_metal/hw/firmware/src/tt-1xx/brisck.cc: In function 'uint32_t _start()':
/localdev/smarton/tt-metal/tt_metal/tools/profiler/kernel_profiler.hpp:25:22: note: '#pragma message: BRISC-KERNEL,/localdev/smarton/tt-metal/tt_metal/hw/firmware/src/tt-1xx/brisck.cc,77,KERNEL_PROFILER'
   25 | #define DO_PRAGMA(x) _Pragma(#x)
      |                      ^~~~~~~
/localdev/smarton/tt-metal/tt_metal/tools/profiler/kernel_profiler.hpp:702:5: note: in expansion of macro 'DO_PRAGMA'
  702 |     DO_PRAGMA(message(PROFILER_MSG_NAME(name)));                               \
      |     ^~~~~~~~~
/localdev/smarton/tt-metal/tt_metal/hw/firmware/src/tt-1xx/brisck.cc:77:9: note: in expansion of macro 'DeviceZoneScopedMainChildN'
   77 |         DeviceZoneScopedMainChildN("BRISC-KERNEL");
      |         ^~~~~~~~~~~~~~~~~~~~~~~~~~
cc1plus: all warnings being treated as errors

backtrace:
 --- /localdev/smarton/tt-metal/build/tt_metal/libtt_metal.so(+0x6d08c8) [0x7fa81c3988c8]
 --- /localdev/smarton/tt-metal/build/tt_metal/libtt_metal.so(+0x9f69fc) [0x7fa81c6be9fc]
 --- tt::tt_metal::JitBuildState::compile_one(std::__cxx11::basic_string<char, std::char_traits<char>, std::allocator<char> > const&, tt::tt_metal::JitBuildSettings const*, unsigned long) const
 --- /localdev/smarton/tt-metal/build/tt_metal/libtt_metal.so(+0xa11c18) [0x7fa81c6d9c18]
 --- /localdev/smarton/tt-metal/build/tt_metal/libtt_metal.so(+0xa11b9e) [0x7fa81c6d9b9e]
 --- /localdev/smarton/tt-metal/build/tt_metal/libtt_metal.so(+0x6d919f) [0x7fa81c3a119f]
 --- /lib/x86_64-linux-gnu/libc.so.6(+0x99ee8) [0x7fa95a669ee8]
 --- /localdev/smarton/tt-metal/build/tt_metal/libtt_metal.so(+0x6d8ff9) [0x7fa81c3a0ff9]
 --- /localdev/smarton/tt-metal/build/tt_metal/libtt_metal.so(+0xa119ee) [0x7fa81c6d99ee]
 --- /localdev/smarton/tt-metal/build/tt_metal/libtt_metal.so(+0x8720c5) [0x7fa81c53a0c5]
 --- /localdev/smarton/tt-metal/build/tt_metal/libtt_metal.so(+0x870bd0) [0x7fa81c538bd0]
 --- /localdev/smarton/tt-metal/build/tt_metal/libtt_metal.so(+0x8700b8) [0x7fa81c5380b8]
 --- /lib/x86_64-linux-gnu/libstdc++.so.6(+0xdc253) [0x7fa957f05253]
 --- /lib/x86_64-linux-gnu/libc.so.6(+0x94ac3) [0x7fa95a664ac3]
 --- /lib/x86_64-linux-gnu/libc.so.6(+0x1268d0) [0x7fa95a6f68d0]

backtrace:
 --- /localdev/smarton/tt-metal/build/tt_metal/libtt_metal.so(+0x886ba8) [0x7fa81c54eba8]
 --- /localdev/smarton/tt-metal/build/tt_metal/libtt_metal.so(+0x85876b) [0x7fa81c52076b]
 --- tt::tt_metal::JitBuildCache::build_once(unsigned long, std::function<void ()> const&)
 --- tt::tt_metal::jit_build_once(unsigned long, std::function<void ()> const&)
 --- /localdev/smarton/tt-metal/build/tt_metal/libtt_metal.so(+0x8582c2) [0x7fa81c5202c2]
 --- /localdev/smarton/tt-metal/build/tt_metal/libtt_metal.so(+0xa11c18) [0x7fa81c6d9c18]
 --- /localdev/smarton/tt-metal/build/tt_metal/libtt_metal.so(+0xa11b9e) [0x7fa81c6d9b9e]
 --- /localdev/smarton/tt-metal/build/tt_metal/libtt_metal.so(+0x6d919f) [0x7fa81c3a119f]
 --- /lib/x86_64-linux-gnu/libc.so.6(+0x99ee8) [0x7fa95a669ee8]
 --- /localdev/smarton/tt-metal/build/tt_metal/libtt_metal.so(+0x6d8ff9) [0x7fa81c3a0ff9]
 --- /localdev/smarton/tt-metal/build/tt_metal/libtt_metal.so(+0xa119ee) [0x7fa81c6d99ee]
 --- /localdev/smarton/tt-metal/build/tt_metal/libtt_metal.so(+0x8720c5) [0x7fa81c53a0c5]
 --- /localdev/smarton/tt-metal/build/tt_metal/libtt_metal.so(+0x870bd0) [0x7fa81c538bd0]
 --- /localdev/smarton/tt-metal/build/tt_metal/libtt_metal.so(+0x8700b8) [0x7fa81c5380b8]
 --- /lib/x86_64-linux-gnu/libstdc++.so.6(+0xdc253) [0x7fa957f05253]
 --- /lib/x86_64-linux-gnu/libc.so.6(+0x94ac3) [0x7fa95a664ac3]
 --- /lib/x86_64-linux-gnu/libc.so.6(+0x1268d0) [0x7fa95a6f68d0]

2026-06-02 23:22:08.439 | error    |    BuildKernels | ncrisc compile failure -- cmd: cd /localdev/smarton/.cache/tt-metal-cache/tt-metal-cache8964624325370633101/kernels/sort_bin/16330128362593761276/ncrisc/ && /localdev/smarton/tt-metal/runtime/sfpi/compiler/bin/riscv-tt-elf-g++ -O2 -std=c++17 -ftt-nttp -ftt-constinit -ftt-consteval -flto=auto -ffast-math -fno-exceptions -g -MMD -fno-use-cxa-atexit -Wall -Werror -Wno-error=deprecated-declarations -Wno-error=multistatement-macros -Wno-error=parentheses -Wno-error=unused-but-set-variable -Wno-unused-variable -Wno-unused-function -mcpu=tt-bh -fno-tree-loop-distribute-patterns -I. -I.. -I/localdev/smarton/tt-metal/ -I/localdev/smarton/tt-metal/ttnn -I/localdev/smarton/tt-metal/ttnn/cpp -I/localdev/smarton/tt-metal/tt_metal -I/localdev/smarton/tt-metal/tt_metal/hw/inc -I/localdev/smarton/tt-metal/tt_metal/tt-llk/common -I/localdev/smarton/tt-metal/tt_metal/hostdevcommon/api -I/localdev/smarton/tt-metal/tt_metal/api/ -I/localdev/smarton/tt-metal/tt_metal/hw/ckernels/blackhole/metal/common -I/localdev/smarton/tt-metal/tt_metal/hw/ckernels/blackhole/metal/llk_io -I/localdev/smarton/tt-metal/tt_metal/hw/inc/internal/tt-1xx -I/localdev/smarton/tt-metal/tt_metal/hw/inc/internal/tt-1xx/blackhole -I/localdev/smarton/tt-metal/tt_metal/hw/inc/internal/tt-1xx/blackhole/blackhole_defines -I/localdev/smarton/tt-metal/tt_metal/hw/inc/internal/tt-1xx/blackhole/noc -I/localdev/smarton/tt-metal/tt_metal/tt-llk/tt_llk_blackhole/common/inc -I/localdev/smarton/tt-metal/tt_metal/tt-llk/tt_llk_blackhole/llk_lib -I/localdev/smarton/tt-metal/tt_metal/hw/firmware/src/tt-1xx -I/localdev/smarton/gstt2/src/gsplat_tt/kernels/dataflow -c -o /localdev/smarton/.cache/tt-metal-cache/tt-metal-cache8964624325370633101/kernels/sort_bin/16330128362593761276/ncrisc/ncrisck.15889099022037459549.o /localdev/smarton/tt-metal/tt_metal/hw/firmware/src/tt-1xx/ncrisck.cc -MF /localdev/smarton/.cache/tt-metal-cache/tt-metal-cache8964624325370633101/kernels/sort_bin/16330128362593761276/ncrisc/ncrisck.15889099022037459549.d -DIS_NOT_POW2_NUM_DRAM_BANKS=1 -DIS_NOT_POW2_NUM_L1_BANKS=1 -DNUM_DRAM_BANKS=7 -DNUM_L1_BANKS=110 -DPCIE_NOC_X=19 -DPCIE_NOC_Y=24 -DTENSIX_FIRMWARE -DLOCAL_MEM_EN=0 -DPROFILE_KERNEL=1 -DPROFILER_FULL_HOST_BUFFER_SIZE_PER_RISC=48000 -DPROCESSOR_INDEX=1 -DCOMPILE_FOR_NCRISC -DARCH_BLACKHOLE -DDISPATCH_MESSAGE_ADDR=4290184248 -DKERNEL_BUILD -DBIN_EMIT_REC='1' -DNOC_INDEX='1' -DNOC_MODE='0' -DKERNEL_COMPILE_TIME_ARGS=2,0,2,0,2,0,2,0,2,0,2,0,2,0,2,0,2,0,2,0  (build.cpp:58)
2026-06-02 23:22:08.439 | critical |          Always | TT_THROW: ncrisc build failed. Log: In file included from /localdev/smarton/tt-metal/tt_metal/hw/inc/api/dataflow/dataflow_api.h:27,
                 from /localdev/smarton/tt-metal/tt_metal/hw/inc/internal/firmware_common.h:24,
                 from /localdev/smarton/tt-metal/tt_metal/hw/firmware/src/tt-1xx/ncrisck.cc:17:
/localdev/smarton/tt-metal/tt_metal/tools/profiler/kernel_profiler.hpp: In function 'void kernel_profiler::quick_push()':
/localdev/smarton/tt-metal/tt_metal/tools/profiler/kernel_profiler.hpp:25:22: note: '#pragma message: PROFILER-NOC-QUICK-PUSH,/localdev/smarton/tt-metal/tt_metal/tools/profiler/kernel_profiler.hpp,395,KERNEL_PROFILER'
   25 | #define DO_PRAGMA(x) _Pragma(#x)
      |                      ^~~~~~~
/localdev/smarton/tt-metal/tt_metal/tools/profiler/kernel_profiler.hpp:35:5: note: in expansion of macro 'DO_PRAGMA'
   35 |     DO_PRAGMA(message(PROFILER_MSG_NAME(name))); \
      |     ^~~~~~~~~
/localdev/smarton/tt-metal/tt_metal/tools/profiler/kernel_profiler.hpp:395:5: note: in expansion of macro 'SrcLocNameToHash'
  395 |     SrcLocNameToHash("PROFILER-NOC-QUICK-PUSH");
      |     ^~~~~~~~~~~~~~~~
In file included from ../kernel_includes.hpp:1,
                 from /localdev/smarton/tt-metal/tt_metal/hw/firmware/src/tt-1xx/ncrisck.cc:22:
/localdev/smarton/gstt2/src/gsplat_tt/kernels/dataflow/sort_bin.cpp: In function 'uint16_t {anonymous}::fp32_to_fp16(float)':
/localdev/smarton/gstt2/src/gsplat_tt/kernels/dataflow/sort_bin.cpp:70:55: warning: suggest parentheses around arithmetic in operand of '|' [-Wparentheses]
   70 |         return static_cast<uint16_t>((sign << 15) | m + round);
      |                                                     ~~^~~~~~~
/localdev/smarton/gstt2/src/gsplat_tt/kernels/dataflow/sort_bin.cpp:75:88: warning: suggest parentheses around arithmetic in operand of '|' [-Wparentheses]
   75 |     return static_cast<uint16_t>((sign << 15) | (static_cast<uint32_t>(e) << 10) | m16 + round);
      |                                                                                    ~~~~^~~~~~~
/localdev/smarton/gstt2/src/gsplat_tt/kernels/dataflow/sort_bin.cpp: In function 'void kernel_main()':
/localdev/smarton/tt-metal/tt_metal/tools/profiler/kernel_profiler.hpp:25:22: error: expected a string after '#pragma message' [-Werror=pragmas]
   25 | #define DO_PRAGMA(x) _Pragma(#x)
      |                      ^~~~~~~
/localdev/smarton/tt-metal/tt_metal/tools/profiler/kernel_profiler.hpp:652:5: note: in expansion of macro 'DO_PRAGMA'
  652 |     DO_PRAGMA(message(PROFILER_MSG_NAME(name)));                               \
      |     ^~~~~~~~~
/localdev/smarton/gstt2/src/gsplat_tt/kernels/dataflow/sort_bin.cpp:95:5: note: in expansion of macro 'DeviceZoneScopedN'
   95 |     DeviceZoneScopedN(mode == 0 ? "sort_bin_hist" : "sort_bucket_emit");
      |     ^~~~~~~~~~~~~~~~~
/localdev/smarton/tt-metal/tt_metal/tools/profiler/kernel_profiler.hpp:653:53: error: no matching function for call to 'Hash16_CT(const char*)'
  653 |     auto constexpr hash = kernel_profiler::Hash16_CT(PROFILER_MSG_NAME(name)); \
      |                           ~~~~~~~~~~~~~~~~~~~~~~~~~~^~~~~~~~~~~~~~~~~~~~~~~~~
/localdev/smarton/gstt2/src/gsplat_tt/kernels/dataflow/sort_bin.cpp:95:5: note: in expansion of macro 'DeviceZoneScopedN'
   95 |     DeviceZoneScopedN(mode == 0 ? "sort_bin_hist" : "sort_bucket_emit");
      |     ^~~~~~~~~~~~~~~~~
/localdev/smarton/tt-metal/tt_metal/tools/profiler/kernel_profiler.hpp:653:53: note: there is 1 candidate
  653 |     auto constexpr hash = kernel_profiler::Hash16_CT(PROFILER_MSG_NAME(name)); \
      |                           ~~~~~~~~~~~~~~~~~~~~~~~~~~^~~~~~~~~~~~~~~~~~~~~~~~~
/localdev/smarton/gstt2/src/gsplat_tt/kernels/dataflow/sort_bin.cpp:95:5: note: in expansion of macro 'DeviceZoneScopedN'
   95 |     DeviceZoneScopedN(mode == 0 ? "sort_bin_hist" : "sort_bucket_emit");
      |     ^~~~~~~~~~~~~~~~~
/localdev/smarton/tt-metal/tt_metal/tools/profiler/kernel_profiler.hpp:110:20: note: candidate 1: 'template<unsigned int N> constexpr uint32_t kernel_profiler::Hash16_CT(const char (&)[N])'
  110 | constexpr uint32_t Hash16_CT(const char (&s)[N]) {
      |                    ^~~~~~~~~
/localdev/smarton/tt-metal/tt_metal/tools/profiler/kernel_profiler.hpp:110:20: note: template argument deduction/substitution failed:
/localdev/smarton/tt-metal/tt_metal/tools/profiler/kernel_profiler.hpp:653:53: note:   mismatched types 'const char [N]' and 'const char*'
  653 |     auto constexpr hash = kernel_profiler::Hash16_CT(PROFILER_MSG_NAME(name)); \
      |                           ~~~~~~~~~~~~~~~~~~~~~~~~~~^~~~~~~~~~~~~~~~~~~~~~~~~
/localdev/smarton/gstt2/src/gsplat_tt/kernels/dataflow/sort_bin.cpp:95:5: note: in expansion of macro 'DeviceZoneScopedN'
   95 |     DeviceZoneScopedN(mode == 0 ? "sort_bin_hist" : "sort_bucket_emit");
      |     ^~~~~~~~~~~~~~~~~
/localdev/smarton/gstt2/src/gsplat_tt/kernels/dataflow/sort_bin.cpp:211:40: warning: 'uint64_t get_noc_addr(uint32_t, const InterleavedAddrGen<DRAM>&, uint32_t, uint8_t) [with bool DRAM = true; uint64_t = long long unsigned int; uint32_t = long unsigned int; uint8_t = unsigned char]' is deprecated: Use <typename AddrGen> get_noc_addr instead. [-Wdeprecated-declarations]
  211 |             noc_async_read(get_noc_addr(pg, tids_acc), tid_l1, PAGE_BYTES);
      |                            ~~~~~~~~~~~~^~~~~~~~~~~~~~
In file included from /localdev/smarton/tt-metal/tt_metal/hw/inc/api/dataflow/dataflow_api.h:18:
/localdev/smarton/tt-metal/tt_metal/hw/inc/internal/dataflow/dataflow_api_addrgen.h:455:1: note: declared here
  455 | get_noc_addr(const uint32_t id, const InterleavedAddrGen<DRAM>& addrgen, uint32_t offset = 0, uint8_t noc = noc_index) {
      | ^~~~~~~~~~~~
/localdev/smarton/gstt2/src/gsplat_tt/kernels/dataflow/sort_bin.cpp:212:40: warning: 'uint64_t get_noc_addr(uint32_t, const InterleavedAddrGen<DRAM>&, uint32_t, uint8_t) [with bool DRAM = true; uint64_t = long long unsigned int; uint32_t = long unsigned int; uint8_t = unsigned char]' is deprecated: Use <typename AddrGen> get_noc_addr instead. [-Wdeprecated-declarations]
  212 |             noc_async_read(get_noc_addr(pg, keep_acc), keep_l1, PAGE_BYTES);
      |                            ~~~~~~~~~~~~^~~~~~~~~~~~~~
/localdev/smarton/tt-metal/tt_metal/hw/inc/internal/dataflow/dataflow_api_addrgen.h:455:1: note: declared here
  455 | get_noc_addr(const uint32_t id, const InterleavedAddrGen<DRAM>& addrgen, uint32_t offset = 0, uint8_t noc = noc_index) {
      | ^~~~~~~~~~~~
/localdev/smarton/gstt2/src/gsplat_tt/kernels/dataflow/sort_bin.cpp:223:41: warning: 'uint64_t get_noc_addr(uint32_t, const InterleavedAddrGen<DRAM>&, uint32_t, uint8_t) [with bool DRAM = true; uint64_t = long long unsigned int; uint32_t = long unsigned int; uint8_t = unsigned char]' is deprecated: Use <typename AddrGen> get_noc_addr instead. [-Wdeprecated-declarations]
  223 |                             get_noc_addr(base_page + pp, bin2d_acc), PAGE_BYTES);
      |                             ~~~~~~~~~~~~^~~~~~~~~~~~~~~~~~~~~~~~~~~
/localdev/smarton/tt-metal/tt_metal/hw/inc/internal/dataflow/dataflow_api_addrgen.h:455:1: note: declared here
  455 | get_noc_addr(const uint32_t id, const InterleavedAddrGen<DRAM>& addrgen, uint32_t offset = 0, uint8_t noc = noc_index) {
      | ^~~~~~~~~~~~
/localdev/smarton/gstt2/src/gsplat_tt/kernels/dataflow/sort_bin.cpp:232:36: warning: 'uint64_t get_noc_addr(uint32_t, const InterleavedAddrGen<DRAM>&, uint32_t, uint8_t) [with bool DRAM = true; uint64_t = long long unsigned int; uint32_t = long unsigned int; uint8_t = unsigned char]' is deprecated: Use <typename AddrGen> get_noc_addr instead. [-Wdeprecated-declarations]
  232 |         noc_async_read(get_noc_addr(base_page + pp, bin2d_acc),
      |                        ~~~~~~~~~~~~^~~~~~~~~~~~~~~~~~~~~~~~~~~
/localdev/smarton/tt-metal/tt_metal/hw/inc/internal/dataflow/dataflow_api_addrgen.h:455:1: note: declared here
  455 | get_noc_addr(const uint32_t id, const InterleavedAddrGen<DRAM>& addrgen, uint32_t offset = 0, uint8_t noc = noc_index) {
      | ^~~~~~~~~~~~
/localdev/smarton/gstt2/src/gsplat_tt/kernels/dataflow/sort_bin.cpp:241:36: warning: 'uint64_t get_noc_addr(uint32_t, const InterleavedAddrGen<DRAM>&, uint32_t, uint8_t) [with bool DRAM = true; uint64_t = long long unsigned int; uint32_t = long unsigned int; uint8_t = unsigned char]' is deprecated: Use <typename AddrGen> get_noc_addr instead. [-Wdeprecated-declarations]
  241 |         noc_async_read(get_noc_addr(base_page + pp, recbase_acc),
      |                        ~~~~~~~~~~~~^~~~~~~~~~~~~~~~~~~~~~~~~~~~~
/localdev/smarton/tt-metal/tt_metal/hw/inc/internal/dataflow/dataflow_api_addrgen.h:455:1: note: declared here
  455 | get_noc_addr(const uint32_t id, const InterleavedAddrGen<DRAM>& addrgen, uint32_t offset = 0, uint8_t noc = noc_index) {
      | ^~~~~~~~~~~~
/localdev/smarton/gstt2/src/gsplat_tt/kernels/dataflow/sort_bin.cpp:268:36: warning: 'uint64_t get_noc_addr(uint32_t, const InterleavedAddrGen<DRAM>&, uint32_t, uint8_t) [with bool DRAM = true; uint64_t = long long unsigned int; uint32_t = long unsigned int; uint8_t = unsigned char]' is deprecated: Use <typename AddrGen> get_noc_addr instead. [-Wdeprecated-declarations]
  268 |         noc_async_read(get_noc_addr(pg, tids_acc), tid_l1, PAGE_BYTES);
      |                        ~~~~~~~~~~~~^~~~~~~~~~~~~~
/localdev/smarton/tt-metal/tt_metal/hw/inc/internal/dataflow/dataflow_api_addrgen.h:455:1: note: declared here
  455 | get_noc_addr(const uint32_t id, const InterleavedAddrGen<DRAM>& addrgen, uint32_t offset = 0, uint8_t noc = noc_index) {
      | ^~~~~~~~~~~~
/localdev/smarton/gstt2/src/gsplat_tt/kernels/dataflow/sort_bin.cpp:269:36: warning: 'uint64_t get_noc_addr(uint32_t, const InterleavedAddrGen<DRAM>&, uint32_t, uint8_t) [with bool DRAM = true; uint64_t = long long unsigned int; uint32_t = long unsigned int; uint8_t = unsigned char]' is deprecated: Use <typename AddrGen> get_noc_addr instead. [-Wdeprecated-declarations]
  269 |         noc_async_read(get_noc_addr(pg, keep_acc), keep_l1, PAGE_BYTES);
      |                        ~~~~~~~~~~~~^~~~~~~~~~~~~~
/localdev/smarton/tt-metal/tt_metal/hw/inc/internal/dataflow/dataflow_api_addrgen.h:455:1: note: declared here
  455 | get_noc_addr(const uint32_t id, const InterleavedAddrGen<DRAM>& addrgen, uint32_t offset = 0, uint8_t noc = noc_index) {
      | ^~~~~~~~~~~~
/localdev/smarton/gstt2/src/gsplat_tt/kernels/dataflow/sort_bin.cpp: In lambda function:
/localdev/smarton/gstt2/src/gsplat_tt/kernels/dataflow/sort_bin.cpp:328:47: warning: 'uint64_t get_noc_addr(uint32_t, const InterleavedAddrGen<DRAM>&, uint32_t, uint8_t) [with bool DRAM = true; uint64_t = long long unsigned int; uint32_t = long unsigned int; uint8_t = unsigned char]' is deprecated: Use <typename AddrGen> get_noc_addr instead. [-Wdeprecated-declarations]
  328 |             noc_async_write(slot, get_noc_addr(brec_page[b], tile_recs_acc), PAGE_BYTES);
      |                                   ~~~~~~~~~~~~^~~~~~~~~~~~~~~~~~~~~~~~~~~~~
/localdev/smarton/tt-metal/tt_metal/hw/inc/internal/dataflow/dataflow_api_addrgen.h:455:1: note: declared here
  455 | get_noc_addr(const uint32_t id, const InterleavedAddrGen<DRAM>& addrgen, uint32_t offset = 0, uint8_t noc = noc_index) {
      | ^~~~~~~~~~~~
/localdev/smarton/gstt2/src/gsplat_tt/kernels/dataflow/sort_bin.cpp: In function 'void kernel_main()':
/localdev/smarton/gstt2/src/gsplat_tt/kernels/dataflow/sort_bin.cpp:407:36: warning: 'uint64_t get_noc_addr(uint32_t, const InterleavedAddrGen<DRAM>&, uint32_t, uint8_t) [with bool DRAM = true; uint64_t = long long unsigned int; uint32_t = long unsigned int; uint8_t = unsigned char]' is deprecated: Use <typename AddrGen> get_noc_addr instead. [-Wdeprecated-declarations]
  407 |         noc_async_read(get_noc_addr(pg, gids_acc), gid_l1, PAGE_BYTES);
      |                        ~~~~~~~~~~~~^~~~~~~~~~~~~~
/localdev/smarton/tt-metal/tt_metal/hw/inc/internal/dataflow/dataflow_api_addrgen.h:455:1: note: declared here
  455 | get_noc_addr(const uint32_t id, const InterleavedAddrGen<DRAM>& addrgen, uint32_t offset = 0, uint8_t noc = noc_index) {
      | ^~~~~~~~~~~~
/localdev/smarton/gstt2/src/gsplat_tt/kernels/dataflow/sort_bin.cpp:408:36: warning: 'uint64_t get_noc_addr(uint32_t, const InterleavedAddrGen<DRAM>&, uint32_t, uint8_t) [with bool DRAM = true; uint64_t = long long unsigned int; uint32_t = long unsigned int; uint8_t = unsigned char]' is deprecated: Use <typename AddrGen> get_noc_addr instead. [-Wdeprecated-declarations]
  408 |         noc_async_read(get_noc_addr(pg, tids_acc), tid_l1, PAGE_BYTES);
      |                        ~~~~~~~~~~~~^~~~~~~~~~~~~~
/localdev/smarton/tt-metal/tt_metal/hw/inc/internal/dataflow/dataflow_api_addrgen.h:455:1: note: declared here
  455 | get_noc_addr(const uint32_t id, const InterleavedAddrGen<DRAM>& addrgen, uint32_t offset = 0, uint8_t noc = noc_index) {
      | ^~~~~~~~~~~~
/localdev/smarton/gstt2/src/gsplat_tt/kernels/dataflow/sort_bin.cpp:409:36: warning: 'uint64_t get_noc_addr(uint32_t, const InterleavedAddrGen<DRAM>&, uint32_t, uint8_t) [with bool DRAM = true; uint64_t = long long unsigned int; uint32_t = long unsigned int; uint8_t = unsigned char]' is deprecated: Use <typename AddrGen> get_noc_addr instead. [-Wdeprecated-declarations]
  409 |         noc_async_read(get_noc_addr(pg, keep_acc), keep_l1, PAGE_BYTES);
      |                        ~~~~~~~~~~~~^~~~~~~~~~~~~~
/localdev/smarton/tt-metal/tt_metal/hw/inc/internal/dataflow/dataflow_api_addrgen.h:455:1: note: declared here
  455 | get_noc_addr(const uint32_t id, const InterleavedAddrGen<DRAM>& addrgen, uint32_t offset = 0, uint8_t noc = noc_index) {
      | ^~~~~~~~~~~~
/localdev/smarton/gstt2/src/gsplat_tt/kernels/dataflow/sort_bin.cpp:423:44: warning: 'uint64_t get_noc_addr(uint32_t, const InterleavedAddrGen<DRAM>&, uint32_t, uint8_t) [with bool DRAM = true; uint64_t = long long unsigned int; uint32_t = long unsigned int; uint8_t = unsigned char]' is deprecated: Use <typename AddrGen> get_noc_addr instead. [-Wdeprecated-declarations]
  423 |                 noc_async_read(get_noc_addr(static_cast<uint32_t>(dpg), depth_acc),
      |                                ~~~~~~~~~~~~^~~~~~~~~~~~~~~~~~~~~~~~~~~~~~~~~~~~~~~
/localdev/smarton/tt-metal/tt_metal/hw/inc/internal/dataflow/dataflow_api_addrgen.h:455:1: note: declared here
  455 | get_noc_addr(const uint32_t id, const InterleavedAddrGen<DRAM>& addrgen, uint32_t offset = 0, uint8_t noc = noc_index) {
      | ^~~~~~~~~~~~
/localdev/smarton/gstt2/src/gsplat_tt/kernels/dataflow/sort_bin.cpp:447:44: warning: 'uint64_t get_noc_addr(uint32_t, const InterleavedAddrGen<DRAM>&, uint32_t, uint8_t) [with bool DRAM = true; uint64_t = long long unsigned int; uint32_t = long unsigned int; uint8_t = unsigned char]' is deprecated: Use <typename AddrGen> get_noc_addr instead. [-Wdeprecated-declarations]
  447 |                 noc_async_read(get_noc_addr(g, blendrec_acc), slot, PAGE_BYTES);
      |                                ~~~~~~~~~~~~^~~~~~~~~~~~~~~~~
/localdev/smarton/tt-metal/tt_metal/hw/inc/internal/dataflow/dataflow_api_addrgen.h:455:1: note: declared here
  455 | get_noc_addr(const uint32_t id, const InterleavedAddrGen<DRAM>& addrgen, uint32_t offset = 0, uint8_t noc = noc_index) {
      | ^~~~~~~~~~~~
/localdev/smarton/gstt2/src/gsplat_tt/kernels/dataflow/sort_bin.cpp:519:55: warning: 'uint64_t get_noc_addr(uint32_t, const InterleavedAddrGen<DRAM>&, uint32_t, uint8_t) [with bool DRAM = true; uint64_t = long long unsigned int; uint32_t = long unsigned int; uint8_t = unsigned char]' is deprecated: Use <typename AddrGen> get_noc_addr instead. [-Wdeprecated-declarations]
  519 |             noc_async_write(ks_l1 + soff, get_noc_addr(base_pg + pp, keys_acc), PAGE_BYTES);
      |                                           ~~~~~~~~~~~~^~~~~~~~~~~~~~~~~~~~~~~~
/localdev/smarton/tt-metal/tt_metal/hw/inc/internal/dataflow/dataflow_api_addrgen.h:455:1: note: declared here
  455 | get_noc_addr(const uint32_t id, const InterleavedAddrGen<DRAM>& addrgen, uint32_t offset = 0, uint8_t noc = noc_index) {
      | ^~~~~~~~~~~~
/localdev/smarton/gstt2/src/gsplat_tt/kernels/dataflow/sort_bin.cpp:520:55: warning: 'uint64_t get_noc_addr(uint32_t, const InterleavedAddrGen<DRAM>&, uint32_t, uint8_t) [with bool DRAM = true; uint64_t = long long unsigned int; uint32_t = long unsigned int; uint8_t = unsigned char]' is deprecated: Use <typename AddrGen> get_noc_addr instead. [-Wdeprecated-declarations]
  520 |             noc_async_write(is_l1 + soff, get_noc_addr(base_pg + pp, ids_acc),  PAGE_BYTES);
      |                                           ~~~~~~~~~~~~^~~~~~~~~~~~~~~~~~~~~~~
/localdev/smarton/tt-metal/tt_metal/hw/inc/internal/dataflow/dataflow_api_addrgen.h:455:1: note: declared here
  455 | get_noc_addr(const uint32_t id, const InterleavedAddrGen<DRAM>& addrgen, uint32_t offset = 0, uint8_t noc = noc_index) {
      | ^~~~~~~~~~~~
/localdev/smarton/tt-metal/tt_metal/hw/firmware/src/tt-1xx/ncrisck.cc: In function 'uint32_t _start()':
/localdev/smarton/tt-metal/tt_metal/tools/profiler/kernel_profiler.hpp:25:22: note: '#pragma message: NCRISC-KERNEL,/localdev/smarton/tt-metal/tt_metal/hw/firmware/src/tt-1xx/ncrisck.cc,69,KERNEL_PROFILER'
   25 | #define DO_PRAGMA(x) _Pragma(#x)
      |                      ^~~~~~~
/localdev/smarton/tt-metal/tt_metal/tools/profiler/kernel_profiler.hpp:702:5: note: in expansion of macro 'DO_PRAGMA'
  702 |     DO_PRAGMA(message(PROFILER_MSG_NAME(name)));                               \
      |     ^~~~~~~~~
/localdev/smarton/tt-metal/tt_metal/hw/firmware/src/tt-1xx/ncrisck.cc:69:5: note: in expansion of macro 'DeviceZoneScopedMainChildN'
   69 |     DeviceZoneScopedMainChildN("NCRISC-KERNEL");
      |     ^~~~~~~~~~~~~~~~~~~~~~~~~~
cc1plus: all warnings being treated as errors
 (assert.hpp:104)
2026-06-02 23:22:08.440 | critical |          Always | TT_THROW: Failed to generate binaries for sort_bin TT_THROW @ /proj_sw/user_dev/smarton/tt-metal/tt_metal/jit_build/build.cpp:62: tt::exception
info:
ncrisc build failed. Log: In file included from /localdev/smarton/tt-metal/tt_metal/hw/inc/api/dataflow/dataflow_api.h:27,
                 from /localdev/smarton/tt-metal/tt_metal/hw/inc/internal/firmware_common.h:24,
                 from /localdev/smarton/tt-metal/tt_metal/hw/firmware/src/tt-1xx/ncrisck.cc:17:
/localdev/smarton/tt-metal/tt_metal/tools/profiler/kernel_profiler.hpp: In function 'void kernel_profiler::quick_push()':
/localdev/smarton/tt-metal/tt_metal/tools/profiler/kernel_profiler.hpp:25:22: note: '#pragma message: PROFILER-NOC-QUICK-PUSH,/localdev/smarton/tt-metal/tt_metal/tools/profiler/kernel_profiler.hpp,395,KERNEL_PROFILER'
   25 | #define DO_PRAGMA(x) _Pragma(#x)
      |                      ^~~~~~~
/localdev/smarton/tt-metal/tt_metal/tools/profiler/kernel_profiler.hpp:35:5: note: in expansion of macro 'DO_PRAGMA'
   35 |     DO_PRAGMA(message(PROFILER_MSG_NAME(name))); \
      |     ^~~~~~~~~
/localdev/smarton/tt-metal/tt_metal/tools/profiler/kernel_profiler.hpp:395:5: note: in expansion of macro 'SrcLocNameToHash'
  395 |     SrcLocNameToHash("PROFILER-NOC-QUICK-PUSH");
      |     ^~~~~~~~~~~~~~~~
In file included from ../kernel_includes.hpp:1,
                 from /localdev/smarton/tt-metal/tt_metal/hw/firmware/src/tt-1xx/ncrisck.cc:22:
/localdev/smarton/gstt2/src/gsplat_tt/kernels/dataflow/sort_bin.cpp: In function 'uint16_t {anonymous}::fp32_to_fp16(float)':
/localdev/smarton/gstt2/src/gsplat_tt/kernels/dataflow/sort_bin.cpp:70:55: warning: suggest parentheses around arithmetic in operand of '|' [-Wparentheses]
   70 |         return static_cast<uint16_t>((sign << 15) | m + round);
      |                                                     ~~^~~~~~~
/localdev/smarton/gstt2/src/gsplat_tt/kernels/dataflow/sort_bin.cpp:75:88: warning: suggest parentheses around arithmetic in operand of '|' [-Wparentheses]
   75 |     return static_cast<uint16_t>((sign << 15) | (static_cast<uint32_t>(e) << 10) | m16 + round);
      |                                                                                    ~~~~^~~~~~~
/localdev/smarton/gstt2/src/gsplat_tt/kernels/dataflow/sort_bin.cpp: In function 'void kernel_main()':
/localdev/smarton/tt-metal/tt_metal/tools/profiler/kernel_profiler.hpp:25:22: error: expected a string after '#pragma message' [-Werror=pragmas]
   25 | #define DO_PRAGMA(x) _Pragma(#x)
      |                      ^~~~~~~
/localdev/smarton/tt-metal/tt_metal/tools/profiler/kernel_profiler.hpp:652:5: note: in expansion of macro 'DO_PRAGMA'
  652 |     DO_PRAGMA(message(PROFILER_MSG_NAME(name)));                               \
      |     ^~~~~~~~~
/localdev/smarton/gstt2/src/gsplat_tt/kernels/dataflow/sort_bin.cpp:95:5: note: in expansion of macro 'DeviceZoneScopedN'
   95 |     DeviceZoneScopedN(mode == 0 ? "sort_bin_hist" : "sort_bucket_emit");
      |     ^~~~~~~~~~~~~~~~~
/localdev/smarton/tt-metal/tt_metal/tools/profiler/kernel_profiler.hpp:653:53: error: no matching function for call to 'Hash16_CT(const char*)'
  653 |     auto constexpr hash = kernel_profiler::Hash16_CT(PROFILER_MSG_NAME(name)); \
      |                           ~~~~~~~~~~~~~~~~~~~~~~~~~~^~~~~~~~~~~~~~~~~~~~~~~~~
/localdev/smarton/gstt2/src/gsplat_tt/kernels/dataflow/sort_bin.cpp:95:5: note: in expansion of macro 'DeviceZoneScopedN'
   95 |     DeviceZoneScopedN(mode == 0 ? "sort_bin_hist" : "sort_bucket_emit");
      |     ^~~~~~~~~~~~~~~~~
/localdev/smarton/tt-metal/tt_metal/tools/profiler/kernel_profiler.hpp:653:53: note: there is 1 candidate
  653 |     auto constexpr hash = kernel_profiler::Hash16_CT(PROFILER_MSG_NAME(name)); \
      |                           ~~~~~~~~~~~~~~~~~~~~~~~~~~^~~~~~~~~~~~~~~~~~~~~~~~~
/localdev/smarton/gstt2/src/gsplat_tt/kernels/dataflow/sort_bin.cpp:95:5: note: in expansion of macro 'DeviceZoneScopedN'
   95 |     DeviceZoneScopedN(mode == 0 ? "sort_bin_hist" : "sort_bucket_emit");
      |     ^~~~~~~~~~~~~~~~~
/localdev/smarton/tt-metal/tt_metal/tools/profiler/kernel_profiler.hpp:110:20: note: candidate 1: 'template<unsigned int N> constexpr uint32_t kernel_profiler::Hash16_CT(const char (&)[N])'
  110 | constexpr uint32_t Hash16_CT(const char (&s)[N]) {
      |                    ^~~~~~~~~
/localdev/smarton/tt-metal/tt_metal/tools/profiler/kernel_profiler.hpp:110:20: note: template argument deduction/substitution failed:
/localdev/smarton/tt-metal/tt_metal/tools/profiler/kernel_profiler.hpp:653:53: note:   mismatched types 'const char [N]' and 'const char*'
  653 |     auto constexpr hash = kernel_profiler::Hash16_CT(PROFILER_MSG_NAME(name)); \
      |                           ~~~~~~~~~~~~~~~~~~~~~~~~~~^~~~~~~~~~~~~~~~~~~~~~~~~
/localdev/smarton/gstt2/src/gsplat_tt/kernels/dataflow/sort_bin.cpp:95:5: note: in expansion of macro 'DeviceZoneScopedN'
   95 |     DeviceZoneScopedN(mode == 0 ? "sort_bin_hist" : "sort_bucket_emit");
      |     ^~~~~~~~~~~~~~~~~
/localdev/smarton/gstt2/src/gsplat_tt/kernels/dataflow/sort_bin.cpp:211:40: warning: 'uint64_t get_noc_addr(uint32_t, const InterleavedAddrGen<DRAM>&, uint32_t, uint8_t) [with bool DRAM = true; uint64_t = long long unsigned int; uint32_t = long unsigned int; uint8_t = unsigned char]' is deprecated: Use <typename AddrGen> get_noc_addr instead. [-Wdeprecated-declarations]
  211 |             noc_async_read(get_noc_addr(pg, tids_acc), tid_l1, PAGE_BYTES);
      |                            ~~~~~~~~~~~~^~~~~~~~~~~~~~
In file included from /localdev/smarton/tt-metal/tt_metal/hw/inc/api/dataflow/dataflow_api.h:18:
/localdev/smarton/tt-metal/tt_metal/hw/inc/internal/dataflow/dataflow_api_addrgen.h:455:1: note: declared here
  455 | get_noc_addr(const uint32_t id, const InterleavedAddrGen<DRAM>& addrgen, uint32_t offset = 0, uint8_t noc = noc_index) {
      | ^~~~~~~~~~~~
/localdev/smarton/gstt2/src/gsplat_tt/kernels/dataflow/sort_bin.cpp:212:40: warning: 'uint64_t get_noc_addr(uint32_t, const InterleavedAddrGen<DRAM>&, uint32_t, uint8_t) [with bool DRAM = true; uint64_t = long long unsigned int; uint32_t = long unsigned int; uint8_t = unsigned char]' is deprecated: Use <typename AddrGen> get_noc_addr instead. [-Wdeprecated-declarations]
  212 |             noc_async_read(get_noc_addr(pg, keep_acc), keep_l1, PAGE_BYTES);
      |                            ~~~~~~~~~~~~^~~~~~~~~~~~~~
/localdev/smarton/tt-metal/tt_metal/hw/inc/internal/dataflow/dataflow_api_addrgen.h:455:1: note: declared here
  455 | get_noc_addr(const uint32_t id, const InterleavedAddrGen<DRAM>& addrgen, uint32_t offset = 0, uint8_t noc = noc_index) {
      | ^~~~~~~~~~~~
/localdev/smarton/gstt2/src/gsplat_tt/kernels/dataflow/sort_bin.cpp:223:41: warning: 'uint64_t get_noc_addr(uint32_t, const InterleavedAddrGen<DRAM>&, uint32_t, uint8_t) [with bool DRAM = true; uint64_t = long long unsigned int; uint32_t = long unsigned int; uint8_t = unsigned char]' is deprecated: Use <typename AddrGen> get_noc_addr instead. [-Wdeprecated-declarations]
  223 |                             get_noc_addr(base_page + pp, bin2d_acc), PAGE_BYTES);
      |                             ~~~~~~~~~~~~^~~~~~~~~~~~~~~~~~~~~~~~~~~
/localdev/smarton/tt-metal/tt_metal/hw/inc/internal/dataflow/dataflow_api_addrgen.h:455:1: note: declared here
  455 | get_noc_addr(const uint32_t id, const InterleavedAddrGen<DRAM>& addrgen, uint32_t offset = 0, uint8_t noc = noc_index) {
      | ^~~~~~~~~~~~
/localdev/smarton/gstt2/src/gsplat_tt/kernels/dataflow/sort_bin.cpp:232:36: warning: 'uint64_t get_noc_addr(uint32_t, const InterleavedAddrGen<DRAM>&, uint32_t, uint8_t) [with bool DRAM = true; uint64_t = long long unsigned int; uint32_t = long unsigned int; uint8_t = unsigned char]' is deprecated: Use <typename AddrGen> get_noc_addr instead. [-Wdeprecated-declarations]
  232 |         noc_async_read(get_noc_addr(base_page + pp, bin2d_acc),
      |                        ~~~~~~~~~~~~^~~~~~~~~~~~~~~~~~~~~~~~~~~
/localdev/smarton/tt-metal/tt_metal/hw/inc/internal/dataflow/dataflow_api_addrgen.h:455:1: note: declared here
  455 | get_noc_addr(const uint32_t id, const InterleavedAddrGen<DRAM>& addrgen, uint32_t offset = 0, uint8_t noc = noc_index) {
      | ^~~~~~~~~~~~
/localdev/smarton/gstt2/src/gsplat_tt/kernels/dataflow/sort_bin.cpp:241:36: warning: 'uint64_t get_noc_addr(uint32_t, const InterleavedAddrGen<DRAM>&, uint32_t, uint8_t) [with bool DRAM = true; uint64_t = long long unsigned int; uint32_t = long unsigned int; uint8_t = unsigned char]' is deprecated: Use <typename AddrGen> get_noc_addr instead. [-Wdeprecated-declarations]
  241 |         noc_async_read(get_noc_addr(base_page + pp, recbase_acc),
      |                        ~~~~~~~~~~~~^~~~~~~~~~~~~~~~~~~~~~~~~~~~~
/localdev/smarton/tt-metal/tt_metal/hw/inc/internal/dataflow/dataflow_api_addrgen.h:455:1: note: declared here
  455 | get_noc_addr(const uint32_t id, const InterleavedAddrGen<DRAM>& addrgen, uint32_t offset = 0, uint8_t noc = noc_index) {
      | ^~~~~~~~~~~~
/localdev/smarton/gstt2/src/gsplat_tt/kernels/dataflow/sort_bin.cpp:268:36: warning: 'uint64_t get_noc_addr(uint32_t, const InterleavedAddrGen<DRAM>&, uint32_t, uint8_t) [with bool DRAM = true; uint64_t = long long unsigned int; uint32_t = long unsigned int; uint8_t = unsigned char]' is deprecated: Use <typename AddrGen> get_noc_addr instead. [-Wdeprecated-declarations]
  268 |         noc_async_read(get_noc_addr(pg, tids_acc), tid_l1, PAGE_BYTES);
      |                        ~~~~~~~~~~~~^~~~~~~~~~~~~~
/localdev/smarton/tt-metal/tt_metal/hw/inc/internal/dataflow/dataflow_api_addrgen.h:455:1: note: declared here
  455 | get_noc_addr(const uint32_t id, const InterleavedAddrGen<DRAM>& addrgen, uint32_t offset = 0, uint8_t noc = noc_index) {
      | ^~~~~~~~~~~~
/localdev/smarton/gstt2/src/gsplat_tt/kernels/dataflow/sort_bin.cpp:269:36: warning: 'uint64_t get_noc_addr(uint32_t, const InterleavedAddrGen<DRAM>&, uint32_t, uint8_t) [with bool DRAM = true; uint64_t = long long unsigned int; uint32_t = long unsigned int; uint8_t = unsigned char]' is deprecated: Use <typename AddrGen> get_noc_addr instead. [-Wdeprecated-declarations]
  269 |         noc_async_read(get_noc_addr(pg, keep_acc), keep_l1, PAGE_BYTES);
      |                        ~~~~~~~~~~~~^~~~~~~~~~~~~~
/localdev/smarton/tt-metal/tt_metal/hw/inc/internal/dataflow/dataflow_api_addrgen.h:455:1: note: declared here
  455 | get_noc_addr(const uint32_t id, const InterleavedAddrGen<DRAM>& addrgen, uint32_t offset = 0, uint8_t noc = noc_index) {
      | ^~~~~~~~~~~~
/localdev/smarton/gstt2/src/gsplat_tt/kernels/dataflow/sort_bin.cpp: In lambda function:
/localdev/smarton/gstt2/src/gsplat_tt/kernels/dataflow/sort_bin.cpp:328:47: warning: 'uint64_t get_noc_addr(uint32_t, const InterleavedAddrGen<DRAM>&, uint32_t, uint8_t) [with bool DRAM = true; uint64_t = long long unsigned int; uint32_t = long unsigned int; uint8_t = unsigned char]' is deprecated: Use <typename AddrGen> get_noc_addr instead. [-Wdeprecated-declarations]
  328 |             noc_async_write(slot, get_noc_addr(brec_page[b], tile_recs_acc), PAGE_BYTES);
      |                                   ~~~~~~~~~~~~^~~~~~~~~~~~~~~~~~~~~~~~~~~~~
/localdev/smarton/tt-metal/tt_metal/hw/inc/internal/dataflow/dataflow_api_addrgen.h:455:1: note: declared here
  455 | get_noc_addr(const uint32_t id, const InterleavedAddrGen<DRAM>& addrgen, uint32_t offset = 0, uint8_t noc = noc_index) {
      | ^~~~~~~~~~~~
/localdev/smarton/gstt2/src/gsplat_tt/kernels/dataflow/sort_bin.cpp: In function 'void kernel_main()':
/localdev/smarton/gstt2/src/gsplat_tt/kernels/dataflow/sort_bin.cpp:407:36: warning: 'uint64_t get_noc_addr(uint32_t, const InterleavedAddrGen<DRAM>&, uint32_t, uint8_t) [with bool DRAM = true; uint64_t = long long unsigned int; uint32_t = long unsigned int; uint8_t = unsigned char]' is deprecated: Use <typename AddrGen> get_noc_addr instead. [-Wdeprecated-declarations]
  407 |         noc_async_read(get_noc_addr(pg, gids_acc), gid_l1, PAGE_BYTES);
      |                        ~~~~~~~~~~~~^~~~~~~~~~~~~~
/localdev/smarton/tt-metal/tt_metal/hw/inc/internal/dataflow/dataflow_api_addrgen.h:455:1: note: declared here
  455 | get_noc_addr(const uint32_t id, const InterleavedAddrGen<DRAM>& addrgen, uint32_t offset = 0, uint8_t noc = noc_index) {
      | ^~~~~~~~~~~~
/localdev/smarton/gstt2/src/gsplat_tt/kernels/dataflow/sort_bin.cpp:408:36: warning: 'uint64_t get_noc_addr(uint32_t, const InterleavedAddrGen<DRAM>&, uint32_t, uint8_t) [with bool DRAM = true; uint64_t = long long unsigned int; uint32_t = long unsigned int; uint8_t = unsigned char]' is deprecated: Use <typename AddrGen> get_noc_addr instead. [-Wdeprecated-declarations]
  408 |         noc_async_read(get_noc_addr(pg, tids_acc), tid_l1, PAGE_BYTES);
      |                        ~~~~~~~~~~~~^~~~~~~~~~~~~~
/localdev/smarton/tt-metal/tt_metal/hw/inc/internal/dataflow/dataflow_api_addrgen.h:455:1: note: declared here
  455 | get_noc_addr(const uint32_t id, const InterleavedAddrGen<DRAM>& addrgen, uint32_t offset = 0, uint8_t noc = noc_index) {
      | ^~~~~~~~~~~~
/localdev/smarton/gstt2/src/gsplat_tt/kernels/dataflow/sort_bin.cpp:409:36: warning: 'uint64_t get_noc_addr(uint32_t, const InterleavedAddrGen<DRAM>&, uint32_t, uint8_t) [with bool DRAM = true; uint64_t = long long unsigned int; uint32_t = long unsigned int; uint8_t = unsigned char]' is deprecated: Use <typename AddrGen> get_noc_addr instead. [-Wdeprecated-declarations]
  409 |         noc_async_read(get_noc_addr(pg, keep_acc), keep_l1, PAGE_BYTES);
      |                        ~~~~~~~~~~~~^~~~~~~~~~~~~~
/localdev/smarton/tt-metal/tt_metal/hw/inc/internal/dataflow/dataflow_api_addrgen.h:455:1: note: declared here
  455 | get_noc_addr(const uint32_t id, const InterleavedAddrGen<DRAM>& addrgen, uint32_t offset = 0, uint8_t noc = noc_index) {
      | ^~~~~~~~~~~~
/localdev/smarton/gstt2/src/gsplat_tt/kernels/dataflow/sort_bin.cpp:423:44: warning: 'uint64_t get_noc_addr(uint32_t, const InterleavedAddrGen<DRAM>&, uint32_t, uint8_t) [with bool DRAM = true; uint64_t = long long unsigned int; uint32_t = long unsigned int; uint8_t = unsigned char]' is deprecated: Use <typename AddrGen> get_noc_addr instead. [-Wdeprecated-declarations]
  423 |                 noc_async_read(get_noc_addr(static_cast<uint32_t>(dpg), depth_acc),
      |                                ~~~~~~~~~~~~^~~~~~~~~~~~~~~~~~~~~~~~~~~~~~~~~~~~~~~
/localdev/smarton/tt-metal/tt_metal/hw/inc/internal/dataflow/dataflow_api_addrgen.h:455:1: note: declared here
  455 | get_noc_addr(const uint32_t id, const InterleavedAddrGen<DRAM>& addrgen, uint32_t offset = 0, uint8_t noc = noc_index) {
      | ^~~~~~~~~~~~
/localdev/smarton/gstt2/src/gsplat_tt/kernels/dataflow/sort_bin.cpp:447:44: warning: 'uint64_t get_noc_addr(uint32_t, const InterleavedAddrGen<DRAM>&, uint32_t, uint8_t) [with bool DRAM = true; uint64_t = long long unsigned int; uint32_t = long unsigned int; uint8_t = unsigned char]' is deprecated: Use <typename AddrGen> get_noc_addr instead. [-Wdeprecated-declarations]
  447 |                 noc_async_read(get_noc_addr(g, blendrec_acc), slot, PAGE_BYTES);
      |                                ~~~~~~~~~~~~^~~~~~~~~~~~~~~~~
/localdev/smarton/tt-metal/tt_metal/hw/inc/internal/dataflow/dataflow_api_addrgen.h:455:1: note: declared here
  455 | get_noc_addr(const uint32_t id, const InterleavedAddrGen<DRAM>& addrgen, uint32_t offset = 0, uint8_t noc = noc_index) {
      | ^~~~~~~~~~~~
/localdev/smarton/gstt2/src/gsplat_tt/kernels/dataflow/sort_bin.cpp:519:55: warning: 'uint64_t get_noc_addr(uint32_t, const InterleavedAddrGen<DRAM>&, uint32_t, uint8_t) [with bool DRAM = true; uint64_t = long long unsigned int; uint32_t = long unsigned int; uint8_t = unsigned char]' is deprecated: Use <typename AddrGen> get_noc_addr instead. [-Wdeprecated-declarations]
  519 |             noc_async_write(ks_l1 + soff, get_noc_addr(base_pg + pp, keys_acc), PAGE_BYTES);
      |                                           ~~~~~~~~~~~~^~~~~~~~~~~~~~~~~~~~~~~~
/localdev/smarton/tt-metal/tt_metal/hw/inc/internal/dataflow/dataflow_api_addrgen.h:455:1: note: declared here
  455 | get_noc_addr(const uint32_t id, const InterleavedAddrGen<DRAM>& addrgen, uint32_t offset = 0, uint8_t noc = noc_index) {
      | ^~~~~~~~~~~~
/localdev/smarton/gstt2/src/gsplat_tt/kernels/dataflow/sort_bin.cpp:520:55: warning: 'uint64_t get_noc_addr(uint32_t, const InterleavedAddrGen<DRAM>&, uint32_t, uint8_t) [with bool DRAM = true; uint64_t = long long unsigned int; uint32_t = long unsigned int; uint8_t = unsigned char]' is deprecated: Use <typename AddrGen> get_noc_addr instead. [-Wdeprecated-declarations]
  520 |             noc_async_write(is_l1 + soff, get_noc_addr(base_pg + pp, ids_acc),  PAGE_BYTES);
      |                                           ~~~~~~~~~~~~^~~~~~~~~~~~~~~~~~~~~~~
/localdev/smarton/tt-metal/tt_metal/hw/inc/internal/dataflow/dataflow_api_addrgen.h:455:1: note: declared here
  455 | get_noc_addr(const uint32_t id, const InterleavedAddrGen<DRAM>& addrgen, uint32_t offset = 0, uint8_t noc = noc_index) {
      | ^~~~~~~~~~~~
/localdev/smarton/tt-metal/tt_metal/hw/firmware/src/tt-1xx/ncrisck.cc: In function 'uint32_t _start()':
/localdev/smarton/tt-metal/tt_metal/tools/profiler/kernel_profiler.hpp:25:22: note: '#pragma message: NCRISC-KERNEL,/localdev/smarton/tt-metal/tt_metal/hw/firmware/src/tt-1xx/ncrisck.cc,69,KERNEL_PROFILER'
   25 | #define DO_PRAGMA(x) _Pragma(#x)
      |                      ^~~~~~~
/localdev/smarton/tt-metal/tt_metal/tools/profiler/kernel_profiler.hpp:702:5: note: in expansion of macro 'DO_PRAGMA'
  702 |     DO_PRAGMA(message(PROFILER_MSG_NAME(name)));                               \
      |     ^~~~~~~~~
/localdev/smarton/tt-metal/tt_metal/hw/firmware/src/tt-1xx/ncrisck.cc:69:5: note: in expansion of macro 'DeviceZoneScopedMainChildN'
   69 |     DeviceZoneScopedMainChildN("NCRISC-KERNEL");
      |     ^~~~~~~~~~~~~~~~~~~~~~~~~~
cc1plus: all warnings being treated as errors

backtrace:
 --- /localdev/smarton/tt-metal/build/tt_metal/libtt_metal.so(+0x6d08c8) [0x7fa81c3988c8]
 --- /localdev/smarton/tt-metal/build/tt_metal/libtt_metal.so(+0x9f69fc) [0x7fa81c6be9fc]
 --- tt::tt_metal::JitBuildState::compile_one(std::__cxx11::basic_string<char, std::char_traits<char>, std::allocator<char> > const&, tt::tt_metal::JitBuildSettings const*, unsigned long) const
 --- /localdev/smarton/tt-metal/build/tt_metal/libtt_metal.so(+0xa11c18) [0x7fa81c6d9c18]
 --- /localdev/smarton/tt-metal/build/tt_metal/libtt_metal.so(+0xa11b9e) [0x7fa81c6d9b9e]
 --- /localdev/smarton/tt-metal/build/tt_metal/libtt_metal.so(+0x6d919f) [0x7fa81c3a119f]
 --- /lib/x86_64-linux-gnu/libc.so.6(+0x99ee8) [0x7fa95a669ee8]
 --- /localdev/smarton/tt-metal/build/tt_metal/libtt_metal.so(+0x6d8ff9) [0x7fa81c3a0ff9]
 --- /localdev/smarton/tt-metal/build/tt_metal/libtt_metal.so(+0xa119ee) [0x7fa81c6d99ee]
 --- /localdev/smarton/tt-metal/build/tt_metal/libtt_metal.so(+0x8720c5) [0x7fa81c53a0c5]
 --- /localdev/smarton/tt-metal/build/tt_metal/libtt_metal.so(+0x870bd0) [0x7fa81c538bd0]
 --- /localdev/smarton/tt-metal/build/tt_metal/libtt_metal.so(+0x8700b8) [0x7fa81c5380b8]
 --- /lib/x86_64-linux-gnu/libstdc++.so.6(+0xdc253) [0x7fa957f05253]
 --- /lib/x86_64-linux-gnu/libc.so.6(+0x94ac3) [0x7fa95a664ac3]
 --- /lib/x86_64-linux-gnu/libc.so.6(+0x1268d0) [0x7fa95a6f68d0]
 (assert.hpp:104)
[gsplat_tt::sort] resident-pairs path failed: TT_THROW @ /proj_sw/user_dev/smarton/tt-metal/tt_metal/impl/program/program.cpp:249: tt::exception
info:
Failed to generate binaries for sort_bin TT_THROW @ /proj_sw/user_dev/smarton/tt-metal/tt_metal/jit_build/build.cpp:62: tt::exception
info:
ncrisc build failed. Log: In file included from /localdev/smarton/tt-metal/tt_metal/hw/inc/api/dataflow/dataflow_api.h:27,
                 from /localdev/smarton/tt-metal/tt_metal/hw/inc/internal/firmware_common.h:24,
                 from /localdev/smarton/tt-metal/tt_metal/hw/firmware/src/tt-1xx/ncrisck.cc:17:
/localdev/smarton/tt-metal/tt_metal/tools/profiler/kernel_profiler.hpp: In function 'void kernel_profiler::quick_push()':
/localdev/smarton/tt-metal/tt_metal/tools/profiler/kernel_profiler.hpp:25:22: note: '#pragma message: PROFILER-NOC-QUICK-PUSH,/localdev/smarton/tt-metal/tt_metal/tools/profiler/kernel_profiler.hpp,395,KERNEL_PROFILER'
   25 | #define DO_PRAGMA(x) _Pragma(#x)
      |                      ^~~~~~~
/localdev/smarton/tt-metal/tt_metal/tools/profiler/kernel_profiler.hpp:35:5: note: in expansion of macro 'DO_PRAGMA'
   35 |     DO_PRAGMA(message(PROFILER_MSG_NAME(name))); \
      |     ^~~~~~~~~
/localdev/smarton/tt-metal/tt_metal/tools/profiler/kernel_profiler.hpp:395:5: note: in expansion of macro 'SrcLocNameToHash'
  395 |     SrcLocNameToHash("PROFILER-NOC-QUICK-PUSH");
      |     ^~~~~~~~~~~~~~~~
In file included from ../kernel_includes.hpp:1,
                 from /localdev/smarton/tt-metal/tt_metal/hw/firmware/src/tt-1xx/ncrisck.cc:22:
/localdev/smarton/gstt2/src/gsplat_tt/kernels/dataflow/sort_bin.cpp: In function 'uint16_t {anonymous}::fp32_to_fp16(float)':
/localdev/smarton/gstt2/src/gsplat_tt/kernels/dataflow/sort_bin.cpp:70:55: warning: suggest parentheses around arithmetic in operand of '|' [-Wparentheses]
   70 |         return static_cast<uint16_t>((sign << 15) | m + round);
      |                                                     ~~^~~~~~~
/localdev/smarton/gstt2/src/gsplat_tt/kernels/dataflow/sort_bin.cpp:75:88: warning: suggest parentheses around arithmetic in operand of '|' [-Wparentheses]
   75 |     return static_cast<uint16_t>((sign << 15) | (static_cast<uint32_t>(e) << 10) | m16 + round);
      |                                                                                    ~~~~^~~~~~~
/localdev/smarton/gstt2/src/gsplat_tt/kernels/dataflow/sort_bin.cpp: In function 'void kernel_main()':
/localdev/smarton/tt-metal/tt_metal/tools/profiler/kernel_profiler.hpp:25:22: error: expected a string after '#pragma message' [-Werror=pragmas]
   25 | #define DO_PRAGMA(x) _Pragma(#x)
      |                      ^~~~~~~
/localdev/smarton/tt-metal/tt_metal/tools/profiler/kernel_profiler.hpp:652:5: note: in expansion of macro 'DO_PRAGMA'
  652 |     DO_PRAGMA(message(PROFILER_MSG_NAME(name)));                               \
      |     ^~~~~~~~~
/localdev/smarton/gstt2/src/gsplat_tt/kernels/dataflow/sort_bin.cpp:95:5: note: in expansion of macro 'DeviceZoneScopedN'
   95 |     DeviceZoneScopedN(mode == 0 ? "sort_bin_hist" : "sort_bucket_emit");
      |     ^~~~~~~~~~~~~~~~~
/localdev/smarton/tt-metal/tt_metal/tools/profiler/kernel_profiler.hpp:653:53: error: no matching function for call to 'Hash16_CT(const char*)'
  653 |     auto constexpr hash = kernel_profiler::Hash16_CT(PROFILER_MSG_NAME(name)); \
      |                           ~~~~~~~~~~~~~~~~~~~~~~~~~~^~~~~~~~~~~~~~~~~~~~~~~~~
/localdev/smarton/gstt2/src/gsplat_tt/kernels/dataflow/sort_bin.cpp:95:5: note: in expansion of macro 'DeviceZoneScopedN'
   95 |     DeviceZoneScopedN(mode == 0 ? "sort_bin_hist" : "sort_bucket_emit");
      |     ^~~~~~~~~~~~~~~~~
/localdev/smarton/tt-metal/tt_metal/tools/profiler/kernel_profiler.hpp:653:53: note: there is 1 candidate
  653 |     auto constexpr hash = kernel_profiler::Hash16_CT(PROFILER_MSG_NAME(name)); \
      |                           ~~~~~~~~~~~~~~~~~~~~~~~~~~^~~~~~~~~~~~~~~~~~~~~~~~~
/localdev/smarton/gstt2/src/gsplat_tt/kernels/dataflow/sort_bin.cpp:95:5: note: in expansion of macro 'DeviceZoneScopedN'
   95 |     DeviceZoneScopedN(mode == 0 ? "sort_bin_hist" : "sort_bucket_emit");
      |     ^~~~~~~~~~~~~~~~~
/localdev/smarton/tt-metal/tt_metal/tools/profiler/kernel_profiler.hpp:110:20: note: candidate 1: 'template<unsigned int N> constexpr uint32_t kernel_profiler::Hash16_CT(const char (&)[N])'
  110 | constexpr uint32_t Hash16_CT(const char (&s)[N]) {
      |                    ^~~~~~~~~
/localdev/smarton/tt-metal/tt_metal/tools/profiler/kernel_profiler.hpp:110:20: note: template argument deduction/substitution failed:
/localdev/smarton/tt-metal/tt_metal/tools/profiler/kernel_profiler.hpp:653:53: note:   mismatched types 'const char [N]' and 'const char*'
  653 |     auto constexpr hash = kernel_profiler::Hash16_CT(PROFILER_MSG_NAME(name)); \
      |                           ~~~~~~~~~~~~~~~~~~~~~~~~~~^~~~~~~~~~~~~~~~~~~~~~~~~
/localdev/smarton/gstt2/src/gsplat_tt/kernels/dataflow/sort_bin.cpp:95:5: note: in expansion of macro 'DeviceZoneScopedN'
   95 |     DeviceZoneScopedN(mode == 0 ? "sort_bin_hist" : "sort_bucket_emit");
      |     ^~~~~~~~~~~~~~~~~
/localdev/smarton/gstt2/src/gsplat_tt/kernels/dataflow/sort_bin.cpp:211:40: warning: 'uint64_t get_noc_addr(uint32_t, const InterleavedAddrGen<DRAM>&, uint32_t, uint8_t) [with bool DRAM = true; uint64_t = long long unsigned int; uint32_t = long unsigned int; uint8_t = unsigned char]' is deprecated: Use <typename AddrGen> get_noc_addr instead. [-Wdeprecated-declarations]
  211 |             noc_async_read(get_noc_addr(pg, tids_acc), tid_l1, PAGE_BYTES);
      |                            ~~~~~~~~~~~~^~~~~~~~~~~~~~
In file included from /localdev/smarton/tt-metal/tt_metal/hw/inc/api/dataflow/dataflow_api.h:18:
/localdev/smarton/tt-metal/tt_metal/hw/inc/internal/dataflow/dataflow_api_addrgen.h:455:1: note: declared here
  455 | get_noc_addr(const uint32_t id, const InterleavedAddrGen<DRAM>& addrgen, uint32_t offset = 0, uint8_t noc = noc_index) {
      | ^~~~~~~~~~~~
/localdev/smarton/gstt2/src/gsplat_tt/kernels/dataflow/sort_bin.cpp:212:40: warning: 'uint64_t get_noc_addr(uint32_t, const InterleavedAddrGen<DRAM>&, uint32_t, uint8_t) [with bool DRAM = true; uint64_t = long long unsigned int; uint32_t = long unsigned int; uint8_t = unsigned char]' is deprecated: Use <typename AddrGen> get_noc_addr instead. [-Wdeprecated-declarations]
  212 |             noc_async_read(get_noc_addr(pg, keep_acc), keep_l1, PAGE_BYTES);
      |                            ~~~~~~~~~~~~^~~~~~~~~~~~~~
/localdev/smarton/tt-metal/tt_metal/hw/inc/internal/dataflow/dataflow_api_addrgen.h:455:1: note: declared here
  455 | get_noc_addr(const uint32_t id, const InterleavedAddrGen<DRAM>& addrgen, uint32_t offset = 0, uint8_t noc = noc_index) {
      | ^~~~~~~~~~~~
/localdev/smarton/gstt2/src/gsplat_tt/kernels/dataflow/sort_bin.cpp:223:41: warning: 'uint64_t get_noc_addr(uint32_t, const InterleavedAddrGen<DRAM>&, uint32_t, uint8_t) [with bool DRAM = true; uint64_t = long long unsigned int; uint32_t = long unsigned int; uint8_t = unsigned char]' is deprecated: Use <typename AddrGen> get_noc_addr instead. [-Wdeprecated-declarations]
  223 |                             get_noc_addr(base_page + pp, bin2d_acc), PAGE_BYTES);
      |                             ~~~~~~~~~~~~^~~~~~~~~~~~~~~~~~~~~~~~~~~
/localdev/smarton/tt-metal/tt_metal/hw/inc/internal/dataflow/dataflow_api_addrgen.h:455:1: note: declared here
  455 | get_noc_addr(const uint32_t id, const InterleavedAddrGen<DRAM>& addrgen, uint32_t offset = 0, uint8_t noc = noc_index) {
      | ^~~~~~~~~~~~
/localdev/smarton/gstt2/src/gsplat_tt/kernels/dataflow/sort_bin.cpp:232:36: warning: 'uint64_t get_noc_addr(uint32_t, const InterleavedAddrGen<DRAM>&, uint32_t, uint8_t) [with bool DRAM = true; uint64_t = long long unsigned int; uint32_t = long unsigned int; uint8_t = unsigned char]' is deprecated: Use <typename AddrGen> get_noc_addr instead. [-Wdeprecated-declarations]
  232 |         noc_async_read(get_noc_addr(base_page + pp, bin2d_acc),
      |                        ~~~~~~~~~~~~^~~~~~~~~~~~~~~~~~~~~~~~~~~
/localdev/smarton/tt-metal/tt_metal/hw/inc/internal/dataflow/dataflow_api_addrgen.h:455:1: note: declared here
  455 | get_noc_addr(const uint32_t id, const InterleavedAddrGen<DRAM>& addrgen, uint32_t offset = 0, uint8_t noc = noc_index) {
      | ^~~~~~~~~~~~
/localdev/smarton/gstt2/src/gsplat_tt/kernels/dataflow/sort_bin.cpp:241:36: warning: 'uint64_t get_noc_addr(uint32_t, const InterleavedAddrGen<DRAM>&, uint32_t, uint8_t) [with bool DRAM = true; uint64_t = long long unsigned int; uint32_t = long unsigned int; uint8_t = unsigned char]' is deprecated: Use <typename AddrGen> get_noc_addr instead. [-Wdeprecated-declarations]
  241 |         noc_async_read(get_noc_addr(base_page + pp, recbase_acc),
      |                        ~~~~~~~~~~~~^~~~~~~~~~~~~~~~~~~~~~~~~~~~~
/localdev/smarton/tt-metal/tt_metal/hw/inc/internal/dataflow/dataflow_api_addrgen.h:455:1: note: declared here
  455 | get_noc_addr(const uint32_t id, const InterleavedAddrGen<DRAM>& addrgen, uint32_t offset = 0, uint8_t noc = noc_index) {
      | ^~~~~~~~~~~~
/localdev/smarton/gstt2/src/gsplat_tt/kernels/dataflow/sort_bin.cpp:268:36: warning: 'uint64_t get_noc_addr(uint32_t, const InterleavedAddrGen<DRAM>&, uint32_t, uint8_t) [with bool DRAM = true; uint64_t = long long unsigned int; uint32_t = long unsigned int; uint8_t = unsigned char]' is deprecated: Use <typename AddrGen> get_noc_addr instead. [-Wdeprecated-declarations]
  268 |         noc_async_read(get_noc_addr(pg, tids_acc), tid_l1, PAGE_BYTES);
      |                        ~~~~~~~~~~~~^~~~~~~~~~~~~~
/localdev/smarton/tt-metal/tt_metal/hw/inc/internal/dataflow/dataflow_api_addrgen.h:455:1: note: declared here
  455 | get_noc_addr(const uint32_t id, const InterleavedAddrGen<DRAM>& addrgen, uint32_t offset = 0, uint8_t noc = noc_index) {
      | ^~~~~~~~~~~~
/localdev/smarton/gstt2/src/gsplat_tt/kernels/dataflow/sort_bin.cpp:269:36: warning: 'uint64_t get_noc_addr(uint32_t, const InterleavedAddrGen<DRAM>&, uint32_t, uint8_t) [with bool DRAM = true; uint64_t = long long unsigned int; uint32_t = long unsigned int; uint8_t = unsigned char]' is deprecated: Use <typename AddrGen> get_noc_addr instead. [-Wdeprecated-declarations]
  269 |         noc_async_read(get_noc_addr(pg, keep_acc), keep_l1, PAGE_BYTES);
      |                        ~~~~~~~~~~~~^~~~~~~~~~~~~~
/localdev/smarton/tt-metal/tt_metal/hw/inc/internal/dataflow/dataflow_api_addrgen.h:455:1: note: declared here
  455 | get_noc_addr(const uint32_t id, const InterleavedAddrGen<DRAM>& addrgen, uint32_t offset = 0, uint8_t noc = noc_index) {
      | ^~~~~~~~~~~~
/localdev/smarton/gstt2/src/gsplat_tt/kernels/dataflow/sort_bin.cpp: In lambda function:
/localdev/smarton/gstt2/src/gsplat_tt/kernels/dataflow/sort_bin.cpp:328:47: warning: 'uint64_t get_noc_addr(uint32_t, const InterleavedAddrGen<DRAM>&, uint32_t, uint8_t) [with bool DRAM = true; uint64_t = long long unsigned int; uint32_t = long unsigned int; uint8_t = unsigned char]' is deprecated: Use <typename AddrGen> get_noc_addr instead. [-Wdeprecated-declarations]
  328 |             noc_async_write(slot, get_noc_addr(brec_page[b], tile_recs_acc), PAGE_BYTES);
      |                                   ~~~~~~~~~~~~^~~~~~~~~~~~~~~~~~~~~~~~~~~~~
/localdev/smarton/tt-metal/tt_metal/hw/inc/internal/dataflow/dataflow_api_addrgen.h:455:1: note: declared here
  455 | get_noc_addr(const uint32_t id, const InterleavedAddrGen<DRAM>& addrgen, uint32_t offset = 0, uint8_t noc = noc_index) {
      | ^~~~~~~~~~~~
/localdev/smarton/gstt2/src/gsplat_tt/kernels/dataflow/sort_bin.cpp: In function 'void kernel_main()':
/localdev/smarton/gstt2/src/gsplat_tt/kernels/dataflow/sort_bin.cpp:407:36: warning: 'uint64_t get_noc_addr(uint32_t, const InterleavedAddrGen<DRAM>&, uint32_t, uint8_t) [with bool DRAM = true; uint64_t = long long unsigned int; uint32_t = long unsigned int; uint8_t = unsigned char]' is deprecated: Use <typename AddrGen> get_noc_addr instead. [-Wdeprecated-declarations]
  407 |         noc_async_read(get_noc_addr(pg, gids_acc), gid_l1, PAGE_BYTES);
      |                        ~~~~~~~~~~~~^~~~~~~~~~~~~~
/localdev/smarton/tt-metal/tt_metal/hw/inc/internal/dataflow/dataflow_api_addrgen.h:455:1: note: declared here
  455 | get_noc_addr(const uint32_t id, const InterleavedAddrGen<DRAM>& addrgen, uint32_t offset = 0, uint8_t noc = noc_index) {
      | ^~~~~~~~~~~~
/localdev/smarton/gstt2/src/gsplat_tt/kernels/dataflow/sort_bin.cpp:408:36: warning: 'uint64_t get_noc_addr(uint32_t, const InterleavedAddrGen<DRAM>&, uint32_t, uint8_t) [with bool DRAM = true; uint64_t = long long unsigned int; uint32_t = long unsigned int; uint8_t = unsigned char]' is deprecated: Use <typename AddrGen> get_noc_addr instead. [-Wdeprecated-declarations]
  408 |         noc_async_read(get_noc_addr(pg, tids_acc), tid_l1, PAGE_BYTES);
      |                        ~~~~~~~~~~~~^~~~~~~~~~~~~~
/localdev/smarton/tt-metal/tt_metal/hw/inc/internal/dataflow/dataflow_api_addrgen.h:455:1: note: declared here
  455 | get_noc_addr(const uint32_t id, const InterleavedAddrGen<DRAM>& addrgen, uint32_t offset = 0, uint8_t noc = noc_index) {
      | ^~~~~~~~~~~~
/localdev/smarton/gstt2/src/gsplat_tt/kernels/dataflow/sort_bin.cpp:409:36: warning: 'uint64_t get_noc_addr(uint32_t, const InterleavedAddrGen<DRAM>&, uint32_t, uint8_t) [with bool DRAM = true; uint64_t = long long unsigned int; uint32_t = long unsigned int; uint8_t = unsigned char]' is deprecated: Use <typename AddrGen> get_noc_addr instead. [-Wdeprecated-declarations]
  409 |         noc_async_read(get_noc_addr(pg, keep_acc), keep_l1, PAGE_BYTES);
      |                        ~~~~~~~~~~~~^~~~~~~~~~~~~~
/localdev/smarton/tt-metal/tt_metal/hw/inc/internal/dataflow/dataflow_api_addrgen.h:455:1: note: declared here
  455 | get_noc_addr(const uint32_t id, const InterleavedAddrGen<DRAM>& addrgen, uint32_t offset = 0, uint8_t noc = noc_index) {
      | ^~~~~~~~~~~~
/localdev/smarton/gstt2/src/gsplat_tt/kernels/dataflow/sort_bin.cpp:423:44: warning: 'uint64_t get_noc_addr(uint32_t, const InterleavedAddrGen<DRAM>&, uint32_t, uint8_t) [with bool DRAM = true; uint64_t = long long unsigned int; uint32_t = long unsigned int; uint8_t = unsigned char]' is deprecated: Use <typename AddrGen> get_noc_addr instead. [-Wdeprecated-declarations]
  423 |                 noc_async_read(get_noc_addr(static_cast<uint32_t>(dpg), depth_acc),
      |                                ~~~~~~~~~~~~^~~~~~~~~~~~~~~~~~~~~~~~~~~~~~~~~~~~~~~
/localdev/smarton/tt-metal/tt_metal/hw/inc/internal/dataflow/dataflow_api_addrgen.h:455:1: note: declared here
  455 | get_noc_addr(const uint32_t id, const InterleavedAddrGen<DRAM>& addrgen, uint32_t offset = 0, uint8_t noc = noc_index) {
      | ^~~~~~~~~~~~
/localdev/smarton/gstt2/src/gsplat_tt/kernels/dataflow/sort_bin.cpp:447:44: warning: 'uint64_t get_noc_addr(uint32_t, const InterleavedAddrGen<DRAM>&, uint32_t, uint8_t) [with bool DRAM = true; uint64_t = long long unsigned int; uint32_t = long unsigned int; uint8_t = unsigned char]' is deprecated: Use <typename AddrGen> get_noc_addr instead. [-Wdeprecated-declarations]
  447 |                 noc_async_read(get_noc_addr(g, blendrec_acc), slot, PAGE_BYTES);
      |                                ~~~~~~~~~~~~^~~~~~~~~~~~~~~~~
/localdev/smarton/tt-metal/tt_metal/hw/inc/internal/dataflow/dataflow_api_addrgen.h:455:1: note: declared here
  455 | get_noc_addr(const uint32_t id, const InterleavedAddrGen<DRAM>& addrgen, uint32_t offset = 0, uint8_t noc = noc_index) {
      | ^~~~~~~~~~~~
/localdev/smarton/gstt2/src/gsplat_tt/kernels/dataflow/sort_bin.cpp:519:55: warning: 'uint64_t get_noc_addr(uint32_t, const InterleavedAddrGen<DRAM>&, uint32_t, uint8_t) [with bool DRAM = true; uint64_t = long long unsigned int; uint32_t = long unsigned int; uint8_t = unsigned char]' is deprecated: Use <typename AddrGen> get_noc_addr instead. [-Wdeprecated-declarations]
  519 |             noc_async_write(ks_l1 + soff, get_noc_addr(base_pg + pp, keys_acc), PAGE_BYTES);
      |                                           ~~~~~~~~~~~~^~~~~~~~~~~~~~~~~~~~~~~~
/localdev/smarton/tt-metal/tt_metal/hw/inc/internal/dataflow/dataflow_api_addrgen.h:455:1: note: declared here
  455 | get_noc_addr(const uint32_t id, const InterleavedAddrGen<DRAM>& addrgen, uint32_t offset = 0, uint8_t noc = noc_index) {
      | ^~~~~~~~~~~~
/localdev/smarton/gstt2/src/gsplat_tt/kernels/dataflow/sort_bin.cpp:520:55: warning: 'uint64_t get_noc_addr(uint32_t, const InterleavedAddrGen<DRAM>&, uint32_t, uint8_t) [with bool DRAM = true; uint64_t = long long unsigned int; uint32_t = long unsigned int; uint8_t = unsigned char]' is deprecated: Use <typename AddrGen> get_noc_addr instead. [-Wdeprecated-declarations]
  520 |             noc_async_write(is_l1 + soff, get_noc_addr(base_pg + pp, ids_acc),  PAGE_BYTES);
      |                                           ~~~~~~~~~~~~^~~~~~~~~~~~~~~~~~~~~~~
/localdev/smarton/tt-metal/tt_metal/hw/inc/internal/dataflow/dataflow_api_addrgen.h:455:1: note: declared here
  455 | get_noc_addr(const uint32_t id, const InterleavedAddrGen<DRAM>& addrgen, uint32_t offset = 0, uint8_t noc = noc_index) {
      | ^~~~~~~~~~~~
/localdev/smarton/tt-metal/tt_metal/hw/firmware/src/tt-1xx/ncrisck.cc: In function 'uint32_t _start()':
/localdev/smarton/tt-metal/tt_metal/tools/profiler/kernel_profiler.hpp:25:22: note: '#pragma message: NCRISC-KERNEL,/localdev/smarton/tt-metal/tt_metal/hw/firmware/src/tt-1xx/ncrisck.cc,69,KERNEL_PROFILER'
   25 | #define DO_PRAGMA(x) _Pragma(#x)
      |                      ^~~~~~~
/localdev/smarton/tt-metal/tt_metal/tools/profiler/kernel_profiler.hpp:702:5: note: in expansion of macro 'DO_PRAGMA'
  702 |     DO_PRAGMA(message(PROFILER_MSG_NAME(name)));                               \
      |     ^~~~~~~~~
/localdev/smarton/tt-metal/tt_metal/hw/firmware/src/tt-1xx/ncrisck.cc:69:5: note: in expansion of macro 'DeviceZoneScopedMainChildN'
   69 |     DeviceZoneScopedMainChildN("NCRISC-KERNEL");
      |     ^~~~~~~~~~~~~~~~~~~~~~~~~~
cc1plus: all warnings being treated as errors

backtrace:
 --- /localdev/smarton/tt-metal/build/tt_metal/libtt_metal.so(+0x6d08c8) [0x7fa81c3988c8]
 --- /localdev/smarton/tt-metal/build/tt_metal/libtt_metal.so(+0x9f69fc) [0x7fa81c6be9fc]
 --- tt::tt_metal::JitBuildState::compile_one(std::__cxx11::basic_string<char, std::char_traits<char>, std::allocator<char> > const&, tt::tt_metal::JitBuildSettings const*, unsigned long) const
 --- /localdev/smarton/tt-metal/build/tt_metal/libtt_metal.so(+0xa11c18) [0x7fa81c6d9c18]
 --- /localdev/smarton/tt-metal/build/tt_metal/libtt_metal.so(+0xa11b9e) [0x7fa81c6d9b9e]
 --- /localdev/smarton/tt-metal/build/tt_metal/libtt_metal.so(+0x6d919f) [0x7fa81c3a119f]
 --- /lib/x86_64-linux-gnu/libc.so.6(+0x99ee8) [0x7fa95a669ee8]
 --- /localdev/smarton/tt-metal/build/tt_metal/libtt_metal.so(+0x6d8ff9) [0x7fa81c3a0ff9]
 --- /localdev/smarton/tt-metal/build/tt_metal/libtt_metal.so(+0xa119ee) [0x7fa81c6d99ee]
 --- /localdev/smarton/tt-metal/build/tt_metal/libtt_metal.so(+0x8720c5) [0x7fa81c53a0c5]
 --- /localdev/smarton/tt-metal/build/tt_metal/libtt_metal.so(+0x870bd0) [0x7fa81c538bd0]
 --- /localdev/smarton/tt-metal/build/tt_metal/libtt_metal.so(+0x8700b8) [0x7fa81c5380b8]
 --- /lib/x86_64-linux-gnu/libstdc++.so.6(+0xdc253) [0x7fa957f05253]
 --- /lib/x86_64-linux-gnu/libc.so.6(+0x94ac3) [0x7fa95a664ac3]
 --- /lib/x86_64-linux-gnu/libc.so.6(+0x1268d0) [0x7fa95a6f68d0]

backtrace:
 --- /localdev/smarton/tt-metal/build/tt_metal/libtt_metal.so(+0x886ba8) [0x7fa81c54eba8]
 --- /localdev/smarton/tt-metal/build/tt_metal/libtt_metal.so(+0x85876b) [0x7fa81c52076b]
 --- tt::tt_metal::JitBuildCache::build_once(unsigned long, std::function<void ()> const&)
 --- tt::tt_metal::jit_build_once(unsigned long, std::function<void ()> const&)
 --- /localdev/smarton/tt-metal/build/tt_metal/libtt_metal.so(+0x8582c2) [0x7fa81c5202c2]
 --- /localdev/smarton/tt-metal/build/tt_metal/libtt_metal.so(+0xa11c18) [0x7fa81c6d9c18]
 --- /localdev/smarton/tt-metal/build/tt_metal/libtt_metal.so(+0xa11b9e) [0x7fa81c6d9b9e]
 --- /localdev/smarton/tt-metal/build/tt_metal/libtt_metal.so(+0x6d919f) [0x7fa81c3a119f]
 --- /lib/x86_64-linux-gnu/libc.so.6(+0x99ee8) [0x7fa95a669ee8]
 --- /localdev/smarton/tt-metal/build/tt_metal/libtt_metal.so(+0x6d8ff9) [0x7fa81c3a0ff9]
 --- /localdev/smarton/tt-metal/build/tt_metal/libtt_metal.so(+0xa119ee) [0x7fa81c6d99ee]
 --- /localdev/smarton/tt-metal/build/tt_metal/libtt_metal.so(+0x8720c5) [0x7fa81c53a0c5]
 --- /localdev/smarton/tt-metal/build/tt_metal/libtt_metal.so(+0x870bd0) [0x7fa81c538bd0]
 --- /localdev/smarton/tt-metal/build/tt_metal/libtt_metal.so(+0x8700b8) [0x7fa81c5380b8]
 --- /lib/x86_64-linux-gnu/libstdc++.so.6(+0xdc253) [0x7fa957f05253]
 --- /lib/x86_64-linux-gnu/libc.so.6(+0x94ac3) [0x7fa95a664ac3]
 --- /lib/x86_64-linux-gnu/libc.so.6(+0x1268d0) [0x7fa95a6f68d0]

[render_full] FATAL: device sort failed with host-free env stack

Queue delay: 12 ns
Timer resolution: 0 ns

Frames: 2
Time span: 3.65 s
Zones: 1,856
Elapsed time: 3.7 s
Saving trace... done!
Trace size 3374.54 KB (33.49% ratio)
[render-inner] a003_verify rc=134
opt/profiler/_render_inner.sh: line 13: 323877 Aborted                 (core dumped) python3 scripts/a003_verify.py --backend tt --views 1 --out opt/profiler/tracy-wrap-run.json
2026-06-02 23:22:12.985 | INFO     | tracy:generate_report:154 - Host side ops time report generated at /localdev/smarton/gstt2/opt/profiler/wrap_out_l1/.logs/tracy_ops_times.csv
2026-06-02 23:22:12.998 | INFO     | tracy:generate_report:165 - Host side ops data report generated at /localdev/smarton/gstt2/opt/profiler/wrap_out_l1/.logs/tracy_ops_data.csv
2026-06-02 23:22:12.998 | INFO     | tracy.process_ops_logs:import_tracy_op_logs:255 - Importing ops logs
2026-06-02 23:22:13.077 | INFO     | tracy.process_ops_logs:get_device_data_generate_report:1014 - Copying runtime artifacts
2026-06-02 23:22:13.080 | INFO     | tracy.process_ops_logs:get_device_data_generate_report:1224 - No device logs found
[tracy-wrap-l1] wrapper exited rc=0
[tracy-wrap-l1] OK tracy: -rw-rw-r-- 1 smarton smarton 3456164 Jun  2 23:22 /localdev/smarton/gstt2/opt/profiler/wrap_out_l1/.logs/tracy_profile_log_host.tracy
[tracy-wrap-l1] copied -> /localdev/smarton/gstt2/opt/profiler/render-ideal-labeled.tracy (scp to Mac opt/profiler/render-ideal-labeled.tracy)
[tracy-wrap-l1] === host-zone export via csvexport-release (CPU zones; device zones are GPU zones, see below) ===
[tracy-wrap-l1] csv zone rows: 42
[tracy-wrap-l1] === DEVICE GPU-context probe (TracyTTContext names embedded in the .tracy) ===
[tracy-wrap-l1] device GPU-context (per-core timeline track) count: 0
[tracy-wrap-l1] sample device context names:
[tracy-wrap-l1] device RISC zone-name strings present:
[tracy-wrap-l1] === per-RISC device markers in profile_log_device.csv (data count) ===
[tracy-wrap-l1] (no profile_log_device.csv)
[tracy-wrap-l1] DONE rc=0 tracy=/localdev/smarton/gstt2/opt/profiler/wrap_out_l1/.logs/tracy_profile_log_host.tracy
