
trisc1.elf:     file format elf32-littleriscv


Disassembly of section .text:

00007130 <_start>:
    7130:	f1010113          	addi	sp,sp,-240
    7134:	0e112623          	sw	ra,236(sp)
    7138:	0d312e23          	sw	s3,220(sp)
    713c:	0d412c23          	sw	s4,216(sp)
    7140:	0d712623          	sw	s7,204(sp)
    7144:	0d812423          	sw	s8,200(sp)

    7148:	ffb007b7          	lui	a5,0xffb00
    714c:	ffb00737          	lui	a4,0xffb00

    7150:	03478793          	addi	a5,a5,52 # ffb00034 <(anonymous namespace)::g_blend_bodies+0xc>

    7154:	12870713          	addi	a4,a4,296 # ffb00128 <__ldm_bss_end>
    7158:	00f76e63          	bltu	a4,a5,7174 <.L51>
    715c:	fe07ae23          	sw	zero,-4(a5)

    7160:	fe07ac23          	sw	zero,-8(a5)

    7164:	fe07aa23          	sw	zero,-12(a5)

    7168:	fe07a823          	sw	zero,-16(a5)

    716c:	01078793          	addi	a5,a5,16

    7170:	fef776e3          	bgeu	a4,a5,715c <.L52>
    7174:	ff878693          	addi	a3,a5,-8

    7178:	5ed760e3          	bltu	a4,a3,7f58 <.L114>
    717c:	fe07aa23          	sw	zero,-12(a5)

    7180:	fe07a823          	sw	zero,-16(a5)

    7184:	ffc78693          	addi	a3,a5,-4

    7188:	00d76463          	bltu	a4,a3,7190 <.L54>
    718c:	fe07ac23          	sw	zero,-8(a5)

    7190:	0000c737          	lui	a4,0xc
    7194:	a3c70713          	addi	a4,a4,-1476 # ba3c <__kernel_data_lma>
    7198:	83018793          	addi	a5,gp,-2000 # ffb00020 <(anonymous namespace)::g_blend_t_eps>
    719c:	06f70a63          	beq	a4,a5,7210 <.L56>
    71a0:	ffb00637          	lui	a2,0xffb00
    71a4:	02460613          	addi	a2,a2,36 # ffb00024 <(anonymous namespace)::g_pixel_floor_bits>
    71a8:	40f60633          	sub	a2,a2,a5

    71ac:	00800593          	li	a1,8

    71b0:	40265693          	srai	a3,a2,0x2

    71b4:	04c5d063          	bge	a1,a2,71f4 <.L57>
    71b8:	00200613          	li	a2,2
    71bc:	00072883          	lw	a7,0(a4)
    71c0:	00472803          	lw	a6,4(a4)
    71c4:	00872503          	lw	a0,8(a4)

    71c8:	00078593          	mv	a1,a5
    71cc:	00070793          	mv	a5,a4
    71d0:	00c78793          	addi	a5,a5,12
    71d4:	00c58593          	addi	a1,a1,12
    71d8:	ffd68693          	addi	a3,a3,-3
    71dc:	00078713          	mv	a4,a5
    71e0:	00058793          	mv	a5,a1

    71e4:	ff15aa23          	sw	a7,-12(a1)
    71e8:	ff05ac23          	sw	a6,-8(a1)
    71ec:	fea5ae23          	sw	a0,-4(a1)

    71f0:	fcd646e3          	blt	a2,a3,71bc <.L58>
    71f4:	00d05e63          	blez	a3,7210 <.L56>
    71f8:	00072583          	lw	a1,0(a4)

    71fc:	00200613          	li	a2,2

    7200:	00b7a023          	sw	a1,0(a5)

    7204:	00c69663          	bne	a3,a2,7210 <.L56>
    7208:	00472703          	lw	a4,4(a4)
    720c:	00e7a223          	sw	a4,4(a5)

    7210:	42002783          	lw	a5,1056(zero) # 420 <.LVUS143+0xb>
    7214:	08000713          	li	a4,128
    7218:	00279793          	slli	a5,a5,0x2

    721c:	3f37c683          	lbu	a3,1011(a5)
    7220:	06078793          	addi	a5,a5,96

    7224:	00e68863          	beq	a3,a4,7234 <.L63>
    7228:	0ff0000f          	fence

    722c:	3937c683          	lbu	a3,915(a5)

    7230:	fee69ce3          	bne	a3,a4,7228 <.L60>
    7234:	c8340002          	ttsetc16	13,0

    7238:	c8740002          	ttsetc16	29,0

    723c:	c8c00002          	ttsetc16	48,0

    7240:	40610000          	ttzeroacc	3,0,0,1,0

    7244:	8201a783          	lw	a5,-2016(gp) # ffb00010 <rta_l1_base>

    7248:	0007a703          	lw	a4,0(a5)

    724c:	00070463          	beqz	a4,7254 <.L62>
    7250:	82e1a823          	sw	a4,-2000(gp) # ffb00020 <(anonymous namespace)::g_blend_t_eps>

    7254:	0047a703          	lw	a4,4(a5)

    7258:	ffec17b7          	lui	a5,0xffec1

    725c:	82e1aa23          	sw	a4,-1996(gp) # ffb00024 <(anonymous namespace)::g_pixel_floor_bits>

    7260:	0007a783          	lw	a5,0(a5) # ffec1000 <__instrn_buffer+0x81000>

    7264:	0007ac03          	lw	s8,0(a5)

    7268:	c83c0002          	ttsetc16	15,0

    726c:	c87c0002          	ttsetc16	31,0

    7270:	c8c80002          	ttsetc16	50,0

    7274:	c8300006          	ttsetc16	12,1

    7278:	c8700006          	ttsetc16	28,1

    727c:	c8bc0002          	ttsetc16	47,0

    7280:	c8380022          	ttsetc16	14,8

    7284:	c8780022          	ttsetc16	30,8

    7288:	c8c40002          	ttsetc16	49,0

    728c:	ffe806b7          	lui	a3,0xffe80
    7290:	00868613          	addi	a2,a3,8 # ffe80008 <__instrn_buffer+0x40008>
    7294:	00000793          	li	a5,0

    7298:	00f62023          	sw	a5,0(a2)
    729c:	00062783          	lw	a5,0(a2)
    72a0:	00f07033          	and	zero,zero,a5

    72a4:	ffb807b7          	lui	a5,0xffb80
    72a8:	00400613          	li	a2,4
    72ac:	00c7a023          	sw	a2,0(a5) # ffb80000 <__global_pointer$+0x7f810>

    72b0:	00200613          	li	a2,2
    72b4:	00c7a223          	sw	a2,4(a5)

    72b8:	020005b7          	lui	a1,0x2000

    72bc:	37c00637          	lui	a2,0x37c00

    72c0:	00b7a423          	sw	a1,8(a5)

    72c4:	00360613          	addi	a2,a2,3 # 37c00003 <__device_print_strings_info_end+0x31700003>
    72c8:	00c7a623          	sw	a2,12(a5)

    72cc:	00b7a823          	sw	a1,16(a5)

    72d0:	28008637          	lui	a2,0x28008
    72d4:	00c7aa23          	sw	a2,20(a5)

    72d8:	00b7ac23          	sw	a1,24(a5)

    72dc:	00c7ae23          	sw	a2,28(a5)

    72e0:	02c7a023          	sw	a2,32(a5)

    72e4:	c81c0002          	ttsetc16	7,0

    72e8:	dc00003c          	ttsetrwc	0,0,0,0,0,15

    72ec:	00000793          	li	a5,0
    72f0:	00468713          	addi	a4,a3,4
    72f4:	00f72023          	sw	a5,0(a4)
    72f8:	00072783          	lw	a5,0(a4)
    72fc:	00f07033          	and	zero,zero,a5

    7300:	0246a783          	lw	a5,36(a3)

    7304:	0ff7f793          	zext.b	a5,a5
    7308:	fe079ce3          	bnez	a5,7300 <.L64>
    730c:	8c400022          	ttseminit	1,0,2

    7310:	8001a823          	sw	zero,-2032(gp) # ffb00000 <ckernel::dest_offset_id>

    7314:	c8040002          	ttsetc16	1,0

    7318:	ffe40737          	lui	a4,0xffe40
    731c:	b30807b7          	lui	a5,0xb3080
    7320:	00070993          	mv	s3,a4
    7324:	0dc78793          	addi	a5,a5,220 # b30800dc <__device_print_strings_info_end+0xacb800dc>
    7328:	00f9a023          	sw	a5,0(s3)

    732c:	89000042          	ttstallwait	128,16

    7330:	b68007b7          	lui	a5,0xb6800
    7334:	00178793          	addi	a5,a5,1 # b6800001 <__device_print_strings_info_end+0xb0300001>
    7338:	00f9a023          	sw	a5,0(s3)

    733c:	b62027b7          	lui	a5,0xb6202
    7340:	00178793          	addi	a5,a5,1 # b6202001 <__device_print_strings_info_end+0xafd02001>
    7344:	00f9a023          	sw	a5,0(s3)

    7348:	b64047b7          	lui	a5,0xb6404
    734c:	00178793          	addi	a5,a5,1 # b6404001 <__device_print_strings_info_end+0xaff04001>
    7350:	00f9a023          	sw	a5,0(s3)

    7354:	440003c6          	sfpconfig	15,0,1

    7358:	c84c0002          	ttsetc16	19,0

    735c:	c88c0002          	ttsetc16	35,0

    7360:	c8d80002          	ttsetc16	54,0

    7364:	dc00003c          	ttsetrwc	0,0,0,0,0,15

    7368:	000086b7          	lui	a3,0x8

    736c:	00008737          	lui	a4,0x8

    7370:	000087b7          	lui	a5,0x8

    7374:	83818a13          	addi	s4,gp,-1992 # ffb00028 <(anonymous namespace)::g_blend_bodies>
    7378:	f6068693          	addi	a3,a3,-160 # 7f60 <void (anonymous namespace)::blend_pair_body<0ul, 1ul>()>

    737c:	05470713          	addi	a4,a4,84 # 8054 <void (anonymous namespace)::blend_pair_body<0ul, 2ul>()>

    7380:	14878793          	addi	a5,a5,328 # 8148 <void (anonymous namespace)::blend_pair_body<0ul, 3ul>()>

    7384:	00008337          	lui	t1,0x8

    7388:	000088b7          	lui	a7,0x8

    738c:	30030313          	addi	t1,t1,768 # 8300 <void (anonymous namespace)::blend_pair_body<1ul, 1ul>()>

    7390:	3f488893          	addi	a7,a7,1012 # 83f4 <void (anonymous namespace)::blend_pair_body<1ul, 2ul>()>

    7394:	00da2223          	sw	a3,4(s4)

    7398:	00ea2423          	sw	a4,8(s4)

    739c:	00fa2623          	sw	a5,12(s4)

    73a0:	00008837          	lui	a6,0x8

    73a4:	00008537          	lui	a0,0x8

    73a8:	000085b7          	lui	a1,0x8

    73ac:	00009637          	lui	a2,0x9

    73b0:	000096b7          	lui	a3,0x9

    73b4:	00009737          	lui	a4,0x9

    73b8:	000097b7          	lui	a5,0x9

    73bc:	4e880813          	addi	a6,a6,1256 # 84e8 <void (anonymous namespace)::blend_pair_body<1ul, 3ul>()>

    73c0:	6a050513          	addi	a0,a0,1696 # 86a0 <void (anonymous namespace)::blend_pair_body<2ul, 1ul>()>

    73c4:	79458593          	addi	a1,a1,1940 # 8794 <void (anonymous namespace)::blend_pair_body<2ul, 2ul>()>

    73c8:	88860613          	addi	a2,a2,-1912 # 8888 <void (anonymous namespace)::blend_pair_body<2ul, 3ul>()>

    73cc:	a4068693          	addi	a3,a3,-1472 # 8a40 <void (anonymous namespace)::blend_pair_body<3ul, 1ul>()>

    73d0:	b3470713          	addi	a4,a4,-1228 # 8b34 <void (anonymous namespace)::blend_pair_body<3ul, 2ul>()>

    73d4:	c2878793          	addi	a5,a5,-984 # 8c28 <void (anonymous namespace)::blend_pair_body<3ul, 3ul>()>

    73d8:	006a2a23          	sw	t1,20(s4)

    73dc:	011a2c23          	sw	a7,24(s4)

    73e0:	00009337          	lui	t1,0x9

    73e4:	000098b7          	lui	a7,0x9

    73e8:	de030313          	addi	t1,t1,-544 # 8de0 <void (anonymous namespace)::blend_pair_body<4ul, 1ul>()>

    73ec:	ed488893          	addi	a7,a7,-300 # 8ed4 <void (anonymous namespace)::blend_pair_body<4ul, 2ul>()>

    73f0:	010a2e23          	sw	a6,28(s4)

    73f4:	02aa2223          	sw	a0,36(s4)

    73f8:	02ba2423          	sw	a1,40(s4)

    73fc:	02ca2623          	sw	a2,44(s4)

    7400:	02da2a23          	sw	a3,52(s4)

    7404:	02ea2c23          	sw	a4,56(s4)

    7408:	02fa2e23          	sw	a5,60(s4)

    740c:	00009837          	lui	a6,0x9

    7410:	00009537          	lui	a0,0x9

    7414:	000095b7          	lui	a1,0x9

    7418:	00009637          	lui	a2,0x9

    741c:	000096b7          	lui	a3,0x9

    7420:	00009737          	lui	a4,0x9

    7424:	000097b7          	lui	a5,0x9

    7428:	fc880813          	addi	a6,a6,-56 # 8fc8 <void (anonymous namespace)::blend_pair_body<4ul, 3ul>()>

    742c:	18050513          	addi	a0,a0,384 # 9180 <void (anonymous namespace)::blend_pair_body<5ul, 1ul>()>

    7430:	27458593          	addi	a1,a1,628 # 9274 <void (anonymous namespace)::blend_pair_body<5ul, 2ul>()>

    7434:	36860613          	addi	a2,a2,872 # 9368 <void (anonymous namespace)::blend_pair_body<5ul, 3ul>()>

    7438:	52068693          	addi	a3,a3,1312 # 9520 <void (anonymous namespace)::blend_pair_body<6ul, 1ul>()>

    743c:	61470713          	addi	a4,a4,1556 # 9614 <void (anonymous namespace)::blend_pair_body<6ul, 2ul>()>

    7440:	70878793          	addi	a5,a5,1800 # 9708 <void (anonymous namespace)::blend_pair_body<6ul, 3ul>()>

    7444:	046a2223          	sw	t1,68(s4)

    7448:	051a2423          	sw	a7,72(s4)

    744c:	0000a337          	lui	t1,0xa

    7450:	0000a8b7          	lui	a7,0xa

    7454:	8c030313          	addi	t1,t1,-1856 # 98c0 <void (anonymous namespace)::blend_pair_body<7ul, 1ul>()>

    7458:	9b488893          	addi	a7,a7,-1612 # 99b4 <void (anonymous namespace)::blend_pair_body<7ul, 2ul>()>

    745c:	050a2623          	sw	a6,76(s4)

    7460:	04aa2a23          	sw	a0,84(s4)

    7464:	04ba2c23          	sw	a1,88(s4)

    7468:	04ca2e23          	sw	a2,92(s4)

    746c:	06da2223          	sw	a3,100(s4)

    7470:	06ea2423          	sw	a4,104(s4)

    7474:	06fa2623          	sw	a5,108(s4)

    7478:	0000a837          	lui	a6,0xa

    747c:	0000a537          	lui	a0,0xa

    7480:	0000a5b7          	lui	a1,0xa

    7484:	0000a637          	lui	a2,0xa

    7488:	0000a6b7          	lui	a3,0xa

    748c:	0000a737          	lui	a4,0xa

    7490:	0000a7b7          	lui	a5,0xa

    7494:	aa880813          	addi	a6,a6,-1368 # 9aa8 <void (anonymous namespace)::blend_pair_body<7ul, 3ul>()>

    7498:	c6050513          	addi	a0,a0,-928 # 9c60 <void (anonymous namespace)::blend_pair_body<8ul, 1ul>()>

    749c:	d5458593          	addi	a1,a1,-684 # 9d54 <void (anonymous namespace)::blend_pair_body<8ul, 2ul>()>

    74a0:	e4860613          	addi	a2,a2,-440 # 9e48 <void (anonymous namespace)::blend_pair_body<8ul, 3ul>()>

    74a4:	00068693          	mv	a3,a3

    74a8:	0f470713          	addi	a4,a4,244 # a0f4 <void (anonymous namespace)::blend_pair_body<9ul, 2ul>()>

    74ac:	1e878793          	addi	a5,a5,488 # a1e8 <void (anonymous namespace)::blend_pair_body<9ul, 3ul>()>

    74b0:	066a2a23          	sw	t1,116(s4)

    74b4:	071a2c23          	sw	a7,120(s4)

    74b8:	0000a337          	lui	t1,0xa

    74bc:	0000a8b7          	lui	a7,0xa

    74c0:	3a030313          	addi	t1,t1,928 # a3a0 <void (anonymous namespace)::blend_pair_body<10ul, 1ul>()>

    74c4:	49488893          	addi	a7,a7,1172 # a494 <void (anonymous namespace)::blend_pair_body<10ul, 2ul>()>

    74c8:	070a2e23          	sw	a6,124(s4)

    74cc:	08aa2223          	sw	a0,132(s4)

    74d0:	08ba2423          	sw	a1,136(s4)

    74d4:	08ca2623          	sw	a2,140(s4)

    74d8:	08da2a23          	sw	a3,148(s4)

    74dc:	08ea2c23          	sw	a4,152(s4)

    74e0:	08fa2e23          	sw	a5,156(s4)

    74e4:	0000a837          	lui	a6,0xa

    74e8:	0000a537          	lui	a0,0xa

    74ec:	0000b5b7          	lui	a1,0xb

    74f0:	0000b637          	lui	a2,0xb

    74f4:	0000b6b7          	lui	a3,0xb

    74f8:	0000b737          	lui	a4,0xb

    74fc:	0000b7b7          	lui	a5,0xb

    7500:	0a6a2223          	sw	t1,164(s4)

    7504:	0b1a2423          	sw	a7,168(s4)

    7508:	58880813          	addi	a6,a6,1416 # a588 <void (anonymous namespace)::blend_pair_body<10ul, 3ul>()>

    750c:	74050513          	addi	a0,a0,1856 # a740 <void (anonymous namespace)::blend_pair_body<11ul, 1ul>()>

    7510:	83458593          	addi	a1,a1,-1996 # a834 <void (anonymous namespace)::blend_pair_body<11ul, 2ul>()>

    7514:	92860613          	addi	a2,a2,-1752 # a928 <void (anonymous namespace)::blend_pair_body<11ul, 3ul>()>

    7518:	ae068693          	addi	a3,a3,-1312 # aae0 <void (anonymous namespace)::blend_pair_body<12ul, 1ul>()>

    751c:	bd470713          	addi	a4,a4,-1068 # abd4 <void (anonymous namespace)::blend_pair_body<12ul, 2ul>()>

    7520:	cc878793          	addi	a5,a5,-824 # acc8 <void (anonymous namespace)::blend_pair_body<12ul, 3ul>()>

    7524:	0b0a2623          	sw	a6,172(s4)

    7528:	0000b337          	lui	t1,0xb

    752c:	0000b8b7          	lui	a7,0xb

    7530:	0000b837          	lui	a6,0xb

    7534:	0aaa2a23          	sw	a0,180(s4)

    7538:	0aba2c23          	sw	a1,184(s4)

    753c:	0000b537          	lui	a0,0xb

    7540:	0000b5b7          	lui	a1,0xb

    7544:	0aca2e23          	sw	a2,188(s4)

    7548:	0cda2223          	sw	a3,196(s4)

    754c:	0000b637          	lui	a2,0xb

    7550:	0000b6b7          	lui	a3,0xb

    7554:	0cea2423          	sw	a4,200(s4)

    7558:	0cfa2623          	sw	a5,204(s4)

    755c:	0000b737          	lui	a4,0xb

    7560:	0000b7b7          	lui	a5,0xb

    7564:	e8030313          	addi	t1,t1,-384 # ae80 <void (anonymous namespace)::blend_pair_body<13ul, 1ul>()>

    7568:	f7488893          	addi	a7,a7,-140 # af74 <void (anonymous namespace)::blend_pair_body<13ul, 2ul>()>

    756c:	06880813          	addi	a6,a6,104 # b068 <void (anonymous namespace)::blend_pair_body<13ul, 3ul>()>

    7570:	22050513          	addi	a0,a0,544 # b220 <void (anonymous namespace)::blend_pair_body<14ul, 1ul>()>

    7574:	31458593          	addi	a1,a1,788 # b314 <void (anonymous namespace)::blend_pair_body<14ul, 2ul>()>

    7578:	40860613          	addi	a2,a2,1032 # b408 <void (anonymous namespace)::blend_pair_body<14ul, 3ul>()>

    757c:	5c068693          	addi	a3,a3,1472 # b5c0 <void (anonymous namespace)::blend_pair_body<15ul, 1ul>()>

    7580:	6b470713          	addi	a4,a4,1716 # b6b4 <void (anonymous namespace)::blend_pair_body<15ul, 2ul>()>

    7584:	7a878793          	addi	a5,a5,1960 # b7a8 <void (anonymous namespace)::blend_pair_body<15ul, 3ul>()>

    7588:	0c6a2a23          	sw	t1,212(s4)

    758c:	0d1a2c23          	sw	a7,216(s4)

    7590:	0d0a2e23          	sw	a6,220(s4)

    7594:	0eaa2223          	sw	a0,228(s4)

    7598:	0eba2423          	sw	a1,232(s4)

    759c:	0eca2623          	sw	a2,236(s4)

    75a0:	0eda2a23          	sw	a3,244(s4)

    75a4:	0eea2c23          	sw	a4,248(s4)

    75a8:	0efa2e23          	sw	a5,252(s4)

    75ac:	1c0c0863          	beqz	s8,777c <.L126>
    75b0:	001c0793          	addi	a5,s8,1
    75b4:	0f212023          	sw	s2,224(sp)
    75b8:	0d612823          	sw	s6,208(sp)
    75bc:	0017b913          	seqz	s2,a5

    75c0:	7f800b37          	lui	s6,0x7f800
    75c4:	0d512a23          	sw	s5,212(sp)

    75c8:	03212623          	sw	s2,44(sp)
    75cc:	0e812423          	sw	s0,232(sp)
    75d0:	0e912223          	sw	s1,228(sp)
    75d4:	0d912223          	sw	s9,196(sp)
    75d8:	0da12023          	sw	s10,192(sp)
    75dc:	0bb12e23          	sw	s11,188(sp)

    75e0:	001b0a93          	addi	s5,s6,1 # 7f800001 <__device_print_strings_info_end+0x79300001>

    75e4:	00000913          	li	s2,0

    75e8:	fff00393          	li	t2,-1
    75ec:	00000713          	li	a4,0
    75f0:	147c08e3          	beq	s8,t2,7f40 <.L163>
    75f4:	ffe80437          	lui	s0,0xffe80
    75f8:	03812223          	sw	s8,36(sp)
    75fc:	03212423          	sw	s2,40(sp)
    7600:	00070d93          	mv	s11,a4
    7604:	00038493          	mv	s1,t2

    7608:	ffec17b7          	lui	a5,0xffec1
    760c:	0007a783          	lw	a5,0(a5) # ffec1000 <__instrn_buffer+0x81000>

    7610:	0007ad03          	lw	s10,0(a5)

    7614:	0047a783          	lw	a5,4(a5)

    7618:	0027f693          	andi	a3,a5,2

    761c:	0017f713          	andi	a4,a5,1

    7620:	16068e63          	beqz	a3,779c <.L68>
    7624:	100d0863          	beqz	s10,7734 <.L69>
    7628:	8101a783          	lw	a5,-2032(gp) # ffb00000 <ckernel::dest_offset_id>

    762c:	b20106b7          	lui	a3,0xb2010

    7630:	00f037b3          	snez	a5,a5
    7634:	00979793          	slli	a5,a5,0x9

    7638:	00d787b3          	add	a5,a5,a3

    763c:	ffec16b7          	lui	a3,0xffec1
    7640:	0006af83          	lw	t6,0(a3) # ffec1000 <__instrn_buffer+0x81000>

    7644:	00f9a023          	sw	a5,0(s3)

    7648:	8a000042          	ttstallwait	256,16

    764c:	8341a783          	lw	a5,-1996(gp) # ffb00024 <(anonymous namespace)::g_pixel_floor_bits>

    7650:	71020637          	lui	a2,0x71020
    7654:	0807c6b3          	zext.h	a3,a5
    7658:	00c686b3          	add	a3,a3,a2
    765c:	00d9a023          	sw	a3,0(s3)
    7660:	0107d793          	srli	a5,a5,0x10

    7664:	710806b7          	lui	a3,0x71080
    7668:	00d787b3          	add	a5,a5,a3
    766c:	00f9a023          	sw	a5,0(s3)

    7670:	c8038631          	sfpstore	L0,396,0,7

    7674:	c4080201          	sfploadi	L0,128,2
    7678:	c420de01          	sfploadi	L0,14208,8

    767c:	c8038651          	sfpstore	L0,404,0,7

    7680:	c40aa8ed          	sfploadi	L0,-21957,2
    7684:	c420fee1          	sfploadi	L0,16312,8

    7688:	44000302          	sfpconfig	12,0,0

    768c:	c40a9061          	sfploadi	L0,-23528,2
    7690:	c4209eb1          	sfploadi	L0,10156,8

    7694:	44000342          	sfpconfig	13,0,0

    7698:	c4096b69          	sfploadi	L0,23258,2
    769c:	c420cea1          	sfploadi	L0,13224,8

    76a0:	44000382          	sfpconfig	14,0,0

    76a4:	c408e215          	sfploadi	L0,14469,2
    76a8:	c420fe01          	sfploadi	L0,16256,8

    76ac:	c8038659          	sfpstore	L0,406,0,7

    76b0:	c409c291          	sfploadi	L0,28836,2
    76b4:	c420fdf5          	sfploadi	L0,16253,8

    76b8:	c8038661          	sfpstore	L0,408,0,7

    76bc:	000d8c93          	mv	s9,s11

    76c0:	710207b7          	lui	a5,0x71020
    76c4:	00f12823          	sw	a5,16(sp)
    76c8:	710807b7          	lui	a5,0x71080
    76cc:	00f12a23          	sw	a5,20(sp)

    76d0:	710207b7          	lui	a5,0x71020

    76d4:	00000c13          	li	s8,0

    76d8:	00f12c23          	sw	a5,24(sp)
    76dc:	000d0913          	mv	s2,s10
    76e0:	00e12e23          	sw	a4,28(sp)
    76e4:	03b12023          	sw	s11,32(sp)
    76e8:	000f8e13          	mv	t3,t6

    76ec:	000c8663          	beqz	s9,76f8 <.L80>
    76f0:	1ffcfd13          	andi	s10,s9,511

    76f4:	3c0d0063          	beqz	s10,7ab4 <.L164>
    76f8:	005c1713          	slli	a4,s8,0x5
    76fc:	01c70733          	add	a4,a4,t3

    7700:	00c72783          	lw	a5,12(a4)

    7704:	001c8c93          	addi	s9,s9,1

    7708:	00f4fdb3          	and	s11,s1,a5

    770c:	4e0d9463          	bnez	s11,7bf4 <.L106>
    7710:	001c0c13          	addi	s8,s8,1

    7714:	fd891ce3          	bne	s2,s8,76ec <.L107>
    7718:	02012d83          	lw	s11,32(sp)
    771c:	01c12703          	lw	a4,28(sp)
    7720:	012d8db3          	add	s11,s11,s2

    7724:	dc000010          	ttsetrwc	0,0,0,0,0,4

    7728:	ffec17b7          	lui	a5,0xffec1

    772c:	00190d13          	addi	s10,s2,1

    7730:	01a7a023          	sw	s10,0(a5) # ffec1000 <__instrn_buffer+0x81000>

    7734:	ec070ae3          	beqz	a4,7608 <.L111>
    7738:	02412c03          	lw	s8,36(sp)
    773c:	02812903          	lw	s2,40(sp)
    7740:	88042042          	ttstallwait	2,2064

    7744:	90000022          	ttsempost	2

    7748:	02c12703          	lw	a4,44(sp)

    774c:	00190913          	addi	s2,s2,1

    7750:	018937b3          	sltu	a5,s2,s8

    7754:	00f767b3          	or	a5,a4,a5
    7758:	e80798e3          	bnez	a5,75e8 <.L112>
    775c:	0e812403          	lw	s0,232(sp)
    7760:	0e412483          	lw	s1,228(sp)
    7764:	0e012903          	lw	s2,224(sp)

    7768:	0d412a83          	lw	s5,212(sp)
    776c:	0d012b03          	lw	s6,208(sp)
    7770:	0c412c83          	lw	s9,196(sp)
    7774:	0c012d03          	lw	s10,192(sp)
    7778:	0bc12d83          	lw	s11,188(sp)

    777c:	0ec12083          	lw	ra,236(sp)
    7780:	0dc12983          	lw	s3,220(sp)
    7784:	0d812a03          	lw	s4,216(sp)
    7788:	0cc12b83          	lw	s7,204(sp)
    778c:	0c812c03          	lw	s8,200(sp)
    7790:	00000513          	li	a0,0
    7794:	0f010113          	addi	sp,sp,240
    7798:	00008067          	ret

    779c:	9a84002a          	ttsemwait	322,2,2

    77a0:	8101a783          	lw	a5,-2032(gp) # ffb00000 <ckernel::dest_offset_id>

    77a4:	b20106b7          	lui	a3,0xb2010

    77a8:	00f037b3          	snez	a5,a5
    77ac:	00979793          	slli	a5,a5,0x9

    77b0:	00d787b3          	add	a5,a5,a3
    77b4:	00f9a023          	sw	a5,0(s3)

    77b8:	8a000042          	ttstallwait	256,16

    77bc:	00400793          	li	a5,4

    77c0:	1000010c          	ttreplay	0,4,1,1
    77c4:	ca438001          	sfpstore	L9,0,0,7

    77c8:	e0020000          	ttincrwc	0,2,0,0

    77cc:	ca438001          	sfpstore	L9,0,0,7

    77d0:	e0020000          	ttincrwc	0,2,0,0

    77d4:	10000100          	ttreplay	0,4,0,0

    77d8:	10000100          	ttreplay	0,4,0,0

    77dc:	10000100          	ttreplay	0,4,0,0

    77e0:	dc480010          	ttsetrwc	0,4,8,0,0,4

    77e4:	dc480010          	ttsetrwc	0,4,8,0,0,4

    77e8:	fff78793          	addi	a5,a5,-1
    77ec:	fc079ae3          	bnez	a5,77c0 <.L71>
    77f0:	dc000010          	ttsetrwc	0,0,0,0,0,4

    77f4:	8101a783          	lw	a5,-2032(gp) # ffb00000 <ckernel::dest_offset_id>

    77f8:	b20106b7          	lui	a3,0xb2010

    77fc:	00f037b3          	snez	a5,a5

    7800:	04068693          	addi	a3,a3,64 # b2010040 <__device_print_strings_info_end+0xabb10040>

    7804:	00979793          	slli	a5,a5,0x9

    7808:	00d787b3          	add	a5,a5,a3
    780c:	00f9a023          	sw	a5,0(s3)

    7810:	8a000042          	ttstallwait	256,16

    7814:	00400793          	li	a5,4

    7818:	1000010c          	ttreplay	0,4,1,1
    781c:	ca438001          	sfpstore	L9,0,0,7

    7820:	e0020000          	ttincrwc	0,2,0,0

    7824:	ca438001          	sfpstore	L9,0,0,7

    7828:	e0020000          	ttincrwc	0,2,0,0

    782c:	10000100          	ttreplay	0,4,0,0

    7830:	10000100          	ttreplay	0,4,0,0

    7834:	10000100          	ttreplay	0,4,0,0

    7838:	dc480010          	ttsetrwc	0,4,8,0,0,4

    783c:	dc480010          	ttsetrwc	0,4,8,0,0,4

    7840:	fff78793          	addi	a5,a5,-1
    7844:	fc079ae3          	bnez	a5,7818 <.L72>
    7848:	dc000010          	ttsetrwc	0,0,0,0,0,4

    784c:	8101a783          	lw	a5,-2032(gp) # ffb00000 <ckernel::dest_offset_id>

    7850:	b20106b7          	lui	a3,0xb2010

    7854:	00f037b3          	snez	a5,a5

    7858:	08068693          	addi	a3,a3,128 # b2010080 <__device_print_strings_info_end+0xabb10080>

    785c:	00979793          	slli	a5,a5,0x9

    7860:	00d787b3          	add	a5,a5,a3
    7864:	00f9a023          	sw	a5,0(s3)

    7868:	8a000042          	ttstallwait	256,16

    786c:	00400793          	li	a5,4

    7870:	1000010c          	ttreplay	0,4,1,1
    7874:	ca438001          	sfpstore	L9,0,0,7

    7878:	e0020000          	ttincrwc	0,2,0,0

    787c:	ca438001          	sfpstore	L9,0,0,7

    7880:	e0020000          	ttincrwc	0,2,0,0

    7884:	10000100          	ttreplay	0,4,0,0

    7888:	10000100          	ttreplay	0,4,0,0

    788c:	10000100          	ttreplay	0,4,0,0

    7890:	dc480010          	ttsetrwc	0,4,8,0,0,4

    7894:	dc480010          	ttsetrwc	0,4,8,0,0,4

    7898:	fff78793          	addi	a5,a5,-1
    789c:	fc079ae3          	bnez	a5,7870 <.L73>
    78a0:	dc000010          	ttsetrwc	0,0,0,0,0,4

    78a4:	8101a783          	lw	a5,-2032(gp) # ffb00000 <ckernel::dest_offset_id>

    78a8:	b20106b7          	lui	a3,0xb2010

    78ac:	00f037b3          	snez	a5,a5

    78b0:	0c068693          	addi	a3,a3,192 # b20100c0 <__device_print_strings_info_end+0xabb100c0>

    78b4:	00979793          	slli	a5,a5,0x9

    78b8:	00d787b3          	add	a5,a5,a3
    78bc:	00f9a023          	sw	a5,0(s3)

    78c0:	8a000042          	ttstallwait	256,16

    78c4:	00400793          	li	a5,4

    78c8:	1000010c          	ttreplay	0,4,1,1
    78cc:	ca838001          	sfpstore	L10,0,0,7

    78d0:	e0020000          	ttincrwc	0,2,0,0

    78d4:	ca838001          	sfpstore	L10,0,0,7

    78d8:	e0020000          	ttincrwc	0,2,0,0

    78dc:	10000100          	ttreplay	0,4,0,0

    78e0:	10000100          	ttreplay	0,4,0,0

    78e4:	10000100          	ttreplay	0,4,0,0

    78e8:	dc480010          	ttsetrwc	0,4,8,0,0,4

    78ec:	dc480010          	ttsetrwc	0,4,8,0,0,4

    78f0:	fff78793          	addi	a5,a5,-1
    78f4:	fc079ae3          	bnez	a5,78c8 <.L74>
    78f8:	dc000010          	ttsetrwc	0,0,0,0,0,4

    78fc:	c83c0002          	ttsetc16	15,0

    7900:	c87c0002          	ttsetc16	31,0

    7904:	c8c80002          	ttsetc16	50,0

    7908:	c8300006          	ttsetc16	12,1

    790c:	c8700006          	ttsetc16	28,1

    7910:	c8bc0002          	ttsetc16	47,0

    7914:	c8380022          	ttsetc16	14,8

    7918:	c8780022          	ttsetc16	30,8

    791c:	c8c40002          	ttsetc16	49,0

    7920:	ffe806b7          	lui	a3,0xffe80
    7924:	00868693          	addi	a3,a3,8 # ffe80008 <__instrn_buffer+0x40008>
    7928:	00f6a023          	sw	a5,0(a3)
    792c:	0006a783          	lw	a5,0(a3)
    7930:	00f07033          	and	zero,zero,a5

    7934:	ffb807b7          	lui	a5,0xffb80
    7938:	00400693          	li	a3,4
    793c:	00d7a023          	sw	a3,0(a5) # ffb80000 <__global_pointer$+0x7f810>

    7940:	00200693          	li	a3,2
    7944:	00d7a223          	sw	a3,4(a5)

    7948:	02000637          	lui	a2,0x2000

    794c:	37c006b7          	lui	a3,0x37c00

    7950:	00c7a423          	sw	a2,8(a5)

    7954:	00368693          	addi	a3,a3,3 # 37c00003 <__device_print_strings_info_end+0x31700003>
    7958:	00d7a623          	sw	a3,12(a5)

    795c:	00c7a823          	sw	a2,16(a5)

    7960:	280086b7          	lui	a3,0x28008
    7964:	00d7aa23          	sw	a3,20(a5)

    7968:	00c7ac23          	sw	a2,24(a5)

    796c:	00d7ae23          	sw	a3,28(a5)

    7970:	02d7a023          	sw	a3,32(a5)

    7974:	c81c0002          	ttsetc16	7,0

    7978:	dc00003c          	ttsetrwc	0,0,0,0,0,15

    797c:	9804080a          	ttsemwait	2,128,2

    7980:	88042042          	ttstallwait	2,2064

    7984:	90000802          	ttsempost	128

    7988:	03c42783          	lw	a5,60(s0) # ffe8003c <__instrn_buffer+0x4003c>

    798c:	0ff7f793          	zext.b	a5,a5
    7990:	fe078ce3          	beqz	a5,7988 <.L75>
    7994:	00100793          	li	a5,1
    7998:	02f42e23          	sw	a5,60(s0)

    799c:	8101a783          	lw	a5,-2032(gp) # ffb00000 <ckernel::dest_offset_id>

    79a0:	ffec16b7          	lui	a3,0xffec1

    79a4:	00f037b3          	snez	a5,a5
    79a8:	00979793          	slli	a5,a5,0x9

    79ac:	10078793          	addi	a5,a5,256

    79b0:	00f6a023          	sw	a5,0(a3) # ffec1000 <__instrn_buffer+0x81000>

    79b4:	98040046          	ttsemwait	2,4,1

    79b8:	88042042          	ttstallwait	2,2064

    79bc:	94000042          	ttsemget	4

    79c0:	100ec7b7          	lui	a5,0x100ec

    79c4:	00478693          	addi	a3,a5,4 # 100ec004 <__device_print_strings_info_end+0x9bec004>

    79c8:	00f9a023          	sw	a5,0(s3)

    79cc:	00178793          	addi	a5,a5,1

    79d0:	fed79ce3          	bne	a5,a3,79c8 <.L76>
    79d4:	c83c0002          	ttsetc16	15,0

    79d8:	c87c0002          	ttsetc16	31,0

    79dc:	c8c80002          	ttsetc16	50,0

    79e0:	c8300006          	ttsetc16	12,1

    79e4:	c8700006          	ttsetc16	28,1

    79e8:	c8bc0002          	ttsetc16	47,0

    79ec:	c8380022          	ttsetc16	14,8

    79f0:	c8780022          	ttsetc16	30,8

    79f4:	c8c40002          	ttsetc16	49,0

    79f8:	ffe80637          	lui	a2,0xffe80
    79fc:	00000693          	li	a3,0
    7a00:	00860613          	addi	a2,a2,8 # ffe80008 <__instrn_buffer+0x40008>
    7a04:	00d62023          	sw	a3,0(a2)
    7a08:	00062683          	lw	a3,0(a2)
    7a0c:	00d07033          	and	zero,zero,a3

    7a10:	ffb806b7          	lui	a3,0xffb80
    7a14:	00400613          	li	a2,4
    7a18:	00c6a023          	sw	a2,0(a3) # ffb80000 <__global_pointer$+0x7f810>

    7a1c:	00200613          	li	a2,2
    7a20:	00c6a223          	sw	a2,4(a3)

    7a24:	020005b7          	lui	a1,0x2000

    7a28:	37c00637          	lui	a2,0x37c00

    7a2c:	00b6a423          	sw	a1,8(a3)

    7a30:	00360613          	addi	a2,a2,3 # 37c00003 <__device_print_strings_info_end+0x31700003>
    7a34:	00c6a623          	sw	a2,12(a3)

    7a38:	00b6a823          	sw	a1,16(a3)

    7a3c:	28008637          	lui	a2,0x28008
    7a40:	00c6aa23          	sw	a2,20(a3)

    7a44:	00b6ac23          	sw	a1,24(a3)

    7a48:	00c6ae23          	sw	a2,28(a3)

    7a4c:	02c6a023          	sw	a2,32(a3)

    7a50:	c81c0002          	ttsetc16	7,0

    7a54:	dc00003c          	ttsetrwc	0,0,0,0,0,15

    7a58:	9804080a          	ttsemwait	2,128,2

    7a5c:	88042042          	ttstallwait	2,2064

    7a60:	90000802          	ttsempost	128

    7a64:	03c42683          	lw	a3,60(s0)

    7a68:	0ff6f693          	zext.b	a3,a3
    7a6c:	fe068ce3          	beqz	a3,7a64 <.L77>
    7a70:	00100693          	li	a3,1
    7a74:	02d42e23          	sw	a3,60(s0)

    7a78:	8101a683          	lw	a3,-2032(gp) # ffb00000 <ckernel::dest_offset_id>

    7a7c:	ffec1637          	lui	a2,0xffec1

    7a80:	00d036b3          	snez	a3,a3
    7a84:	00969693          	slli	a3,a3,0x9

    7a88:	14068693          	addi	a3,a3,320

    7a8c:	00d62023          	sw	a3,0(a2) # ffec1000 <__instrn_buffer+0x81000>

    7a90:	98040046          	ttsemwait	2,4,1

    7a94:	88042042          	ttstallwait	2,2064

    7a98:	94000042          	ttsemget	4

    7a9c:	100ec6b7          	lui	a3,0x100ec
    7aa0:	00868693          	addi	a3,a3,8 # 100ec008 <__device_print_strings_info_end+0x9bec008>

    7aa4:	00f9a023          	sw	a5,0(s3)

    7aa8:	00178793          	addi	a5,a5,1

    7aac:	fed79ce3          	bne	a5,a3,7aa4 <.L78>
    7ab0:	b75ff06f          	j	7624 <.L79>
    7ab4:	dc000010          	ttsetrwc	0,0,0,0,0,4

    7ab8:	88042042          	ttstallwait	2,2064

    7abc:	90000022          	ttsempost	2

    7ac0:	9a84002a          	ttsemwait	322,2,2

    7ac4:	ffec17b7          	lui	a5,0xffec1
    7ac8:	0007a483          	lw	s1,0(a5) # ffec1000 <__instrn_buffer+0x81000>

    7acc:	0ff0000f          	fence

    7ad0:	8301ad83          	lw	s11,-2000(gp) # ffb00020 <(anonymous namespace)::g_blend_t_eps>

    7ad4:	fffd8793          	addi	a5,s11,-1

    7ad8:	2d67f263          	bgeu	a5,s6,7d9c <.L165>
    7adc:	000107b7          	lui	a5,0x10
    7ae0:	fff78793          	addi	a5,a5,-1 # ffff <.LASF1524+0x2aef>
    7ae4:	00fd86b3          	add	a3,s11,a5
    7ae8:	000083b7          	lui	t2,0x8

    7aec:	0106d813          	srli	a6,a3,0x10

    7af0:	f8038393          	addi	t2,t2,-128 # 7f80 <.LM13>
    7af4:	08048713          	addi	a4,s1,128
    7af8:	410383b3          	sub	t2,t2,a6
    7afc:	00000693          	li	a3,0

    7b00:	00000493          	li	s1,0

    7b04:	02000313          	li	t1,32

    7b08:	f8070613          	addi	a2,a4,-128

    7b0c:	00000793          	li	a5,0

    7b10:	00000893          	li	a7,0

    7b14:	00062f83          	lw	t6,0(a2)

    7b18:	00462503          	lw	a0,4(a2)

    7b1c:	00862e83          	lw	t4,8(a2)

    7b20:	080fcf33          	zext.h	t5,t6

    7b24:	01055593          	srli	a1,a0,0x10

    7b28:	08054533          	zext.h	a0,a0

    7b2c:	080ec2b3          	zext.h	t0,t4

    7b30:	010ede93          	srli	t4,t4,0x10

    7b34:	410e8eb3          	sub	t4,t4,a6

    7b38:	410585b3          	sub	a1,a1,a6

    7b3c:	0bd5d5b3          	minu	a1,a1,t4

    7b40:	00c62e83          	lw	t4,12(a2)

    7b44:	410f0f33          	sub	t5,t5,a6

    7b48:	41050533          	sub	a0,a0,a6

    7b4c:	410282b3          	sub	t0,t0,a6

    7b50:	010fdf93          	srli	t6,t6,0x10

    7b54:	0a555533          	minu	a0,a0,t0
    7b58:	0be55533          	minu	a0,a0,t5

    7b5c:	010edf13          	srli	t5,t4,0x10

    7b60:	080eceb3          	zext.h	t4,t4

    7b64:	410f8fb3          	sub	t6,t6,a6

    7b68:	410e8eb3          	sub	t4,t4,a6

    7b6c:	0bf5d5b3          	minu	a1,a1,t6

    7b70:	410f0f33          	sub	t5,t5,a6

    7b74:	0bd55533          	minu	a0,a0,t4

    7b78:	0be5d5b3          	minu	a1,a1,t5

    7b7c:	00a3b533          	sltu	a0,t2,a0

    7b80:	00b3b5b3          	sltu	a1,t2,a1
    7b84:	0015b593          	seqz	a1,a1

    7b88:	00153513          	seqz	a0,a0

    7b8c:	00a8e8b3          	or	a7,a7,a0

    7b90:	00b7e7b3          	or	a5,a5,a1

    7b94:	00f8f5b3          	and	a1,a7,a5

    7b98:	01060613          	addi	a2,a2,16

    7b9c:	1e059c63          	bnez	a1,7d94 <.L118>
    7ba0:	f6e61ae3          	bne	a2,a4,7b14 <.L104>
    7ba4:	00179793          	slli	a5,a5,0x1

    7ba8:	0117e7b3          	or	a5,a5,a7

    7bac:	00d797b3          	sll	a5,a5,a3

    7bb0:	00268693          	addi	a3,a3,2

    7bb4:	00f4e4b3          	or	s1,s1,a5

    7bb8:	08070713          	addi	a4,a4,128

    7bbc:	f46696e3          	bne	a3,t1,7b08 <.L105>
    7bc0:	8101a783          	lw	a5,-2032(gp) # ffb00000 <ckernel::dest_offset_id>

    7bc4:	b2010737          	lui	a4,0xb2010

    7bc8:	00f037b3          	snez	a5,a5
    7bcc:	00979793          	slli	a5,a5,0x9

    7bd0:	00e787b3          	add	a5,a5,a4
    7bd4:	00f9a023          	sw	a5,0(s3)

    7bd8:	8a000042          	ttstallwait	256,16

    7bdc:	005c1713          	slli	a4,s8,0x5
    7be0:	01c70733          	add	a4,a4,t3

    7be4:	00c72783          	lw	a5,12(a4) # b201000c <__device_print_strings_info_end+0xabb1000c>

    7be8:	001c8c93          	addi	s9,s9,1

    7bec:	00f4fdb3          	and	s11,s1,a5

    7bf0:	b20d80e3          	beqz	s11,7710 <.L110>
    7bf4:	01072883          	lw	a7,16(a4)

    7bf8:	01012783          	lw	a5,16(sp)

    7bfc:	01872603          	lw	a2,24(a4)

    7c00:	0808c333          	zext.h	t1,a7

    7c04:	01c72683          	lw	a3,28(a4)

    7c08:	00072803          	lw	a6,0(a4)
    7c0c:	00472503          	lw	a0,4(a4)
    7c10:	00872583          	lw	a1,8(a4)
    7c14:	01472703          	lw	a4,20(a4)

    7c18:	00f30333          	add	t1,t1,a5
    7c1c:	0069a023          	sw	t1,0(s3)
    7c20:	01412783          	lw	a5,20(sp)
    7c24:	0108d893          	srli	a7,a7,0x10

    7c28:	00f888b3          	add	a7,a7,a5
    7c2c:	0119a023          	sw	a7,0(s3)

    7c30:	c8038601          	sfpstore	L0,384,0,7

    7c34:	01812783          	lw	a5,24(sp)
    7c38:	080748b3          	zext.h	a7,a4
    7c3c:	00f888b3          	add	a7,a7,a5
    7c40:	0119a023          	sw	a7,0(s3)
    7c44:	01075713          	srli	a4,a4,0x10

    7c48:	710808b7          	lui	a7,0x71080
    7c4c:	01170733          	add	a4,a4,a7
    7c50:	00e9a023          	sw	a4,0(s3)

    7c54:	c8038609          	sfpstore	L0,386,0,7

    7c58:	08084733          	zext.h	a4,a6
    7c5c:	710208b7          	lui	a7,0x71020
    7c60:	01170733          	add	a4,a4,a7
    7c64:	00e9a023          	sw	a4,0(s3)
    7c68:	01085713          	srli	a4,a6,0x10
    7c6c:	71080837          	lui	a6,0x71080

    7c70:	01070733          	add	a4,a4,a6
    7c74:	00e9a023          	sw	a4,0(s3)

    7c78:	c8038611          	sfpstore	L0,388,0,7

    7c7c:	08054733          	zext.h	a4,a0
    7c80:	71020837          	lui	a6,0x71020
    7c84:	01070733          	add	a4,a4,a6
    7c88:	00e9a023          	sw	a4,0(s3)
    7c8c:	01055713          	srli	a4,a0,0x10
    7c90:	71080537          	lui	a0,0x71080

    7c94:	00a70733          	add	a4,a4,a0
    7c98:	00e9a023          	sw	a4,0(s3)

    7c9c:	c8038619          	sfpstore	L0,390,0,7

    7ca0:	0805c733          	zext.h	a4,a1
    7ca4:	71020537          	lui	a0,0x71020
    7ca8:	00a70733          	add	a4,a4,a0
    7cac:	00e9a023          	sw	a4,0(s3)
    7cb0:	0105d713          	srli	a4,a1,0x10
    7cb4:	710805b7          	lui	a1,0x71080

    7cb8:	00b70733          	add	a4,a4,a1
    7cbc:	00e9a023          	sw	a4,0(s3)

    7cc0:	c8038621          	sfpstore	L0,392,0,7

    7cc4:	08064733          	zext.h	a4,a2

    7cc8:	710205b7          	lui	a1,0x71020
    7ccc:	00b70733          	add	a4,a4,a1

    7cd0:	00e9a023          	sw	a4,0(s3)

    7cd4:	40000002          	sfpcast	L0,L0,0

    7cd8:	c0438651          	sfpload	L1,404,0,7

    7cdc:	18006402          	sfpmul	L0,L0,L1,L9,0

    7ce0:	c8038629          	sfpstore	L0,394,0,7

    7ce4:	01065713          	srli	a4,a2,0x10

    7ce8:	71020637          	lui	a2,0x71020

    7cec:	00c70733          	add	a4,a4,a2

    7cf0:	00e9a023          	sw	a4,0(s3)

    7cf4:	40000002          	sfpcast	L0,L0,0

    7cf8:	c0438651          	sfpload	L1,404,0,7

    7cfc:	18006402          	sfpmul	L0,L0,L1,L9,0

    7d00:	c8038639          	sfpstore	L0,398,0,7

    7d04:	0806c733          	zext.h	a4,a3

    7d08:	71020637          	lui	a2,0x71020
    7d0c:	00c70733          	add	a4,a4,a2

    7d10:	00e9a023          	sw	a4,0(s3)

    7d14:	40000002          	sfpcast	L0,L0,0

    7d18:	c0438651          	sfpload	L1,404,0,7

    7d1c:	18006402          	sfpmul	L0,L0,L1,L9,0

    7d20:	c8038641          	sfpstore	L0,400,0,7

    7d24:	0106d713          	srli	a4,a3,0x10

    7d28:	710206b7          	lui	a3,0x71020

    7d2c:	00d70733          	add	a4,a4,a3

    7d30:	00e9a023          	sw	a4,0(s3)

    7d34:	40000002          	sfpcast	L0,L0,0

    7d38:	c0438651          	sfpload	L1,404,0,7

    7d3c:	18006402          	sfpmul	L0,L0,L1,L9,0

    7d40:	c8038649          	sfpstore	L0,402,0,7

    7d44:	00912623          	sw	s1,12(sp)
    7d48:	00300d13          	li	s10,3
    7d4c:	000d8493          	mv	s1,s11

    7d50:	01212423          	sw	s2,8(sp)
    7d54:	000e0d93          	mv	s11,t3

    7d58:	60149793          	ctz	a5,s1

    7d5c:	ffe7f913          	andi	s2,a5,-2

    7d60:	0124d733          	srl	a4,s1,s2

    7d64:	00377713          	andi	a4,a4,3

    7d68:	20e92733          	sh1add	a4,s2,a4
    7d6c:	21474733          	sh2add	a4,a4,s4

    7d70:	00072703          	lw	a4,0(a4)
    7d74:	000700e7          	jalr	a4

    7d78:	012d17b3          	sll	a5,s10,s2

    7d7c:	40f4f4b3          	andn	s1,s1,a5

    7d80:	fc049ce3          	bnez	s1,7d58 <.L109>
    7d84:	00812903          	lw	s2,8(sp)
    7d88:	00c12483          	lw	s1,12(sp)

    7d8c:	000d8e13          	mv	t3,s11
    7d90:	981ff06f          	j	7710 <.L110>
    7d94:	00300793          	li	a5,3

    7d98:	e15ff06f          	j	7bac <.L103>
    7d9c:	00000593          	li	a1,0
    7da0:	03010513          	addi	a0,sp,48
    7da4:	08000613          	li	a2,128
    7da8:	01c12423          	sw	t3,8(sp)
    7dac:	3b5030ef          	jal	b960 <memset>

    7db0:	00812e03          	lw	t3,8(sp)

    7db4:	00050793          	mv	a5,a0

    7db8:	00000593          	li	a1,0

    7dbc:	ffff08b7          	lui	a7,0xffff0

    7dc0:	40000813          	li	a6,1024

    7dc4:	0015d713          	srli	a4,a1,0x1

    7dc8:	0055d613          	srli	a2,a1,0x5

    7dcc:	20974733          	sh2add	a4,a4,s1
    7dd0:	00072703          	lw	a4,0(a4)

    7dd4:	00166693          	ori	a3,a2,1

    7dd8:	0015f513          	andi	a0,a1,1

    7ddc:	20f6c6b3          	sh2add	a3,a3,a5

    7de0:	ffe67613          	andi	a2,a2,-2

    7de4:	20f64633          	sh2add	a2,a2,a5

    7de8:	0a050c63          	beqz	a0,7ea0 <.L82>
    7dec:	0006a603          	lw	a2,0(a3) # 71020000 <__device_print_strings_info_end+0x6ab20000>

    7df0:	01177733          	and	a4,a4,a7

    7df4:	00e63633          	sltu	a2,a2,a4

    7df8:	01573533          	sltu	a0,a4,s5
    7dfc:	00a67633          	and	a2,a2,a0
    7e00:	0c061063          	bnez	a2,7ec0 <.L166>
    7e04:	00158593          	addi	a1,a1,1 # 71020001 <__device_print_strings_info_end+0x6ab20001>

    7e08:	fb059ee3          	bne	a1,a6,7dc4 <.L88>
    7e0c:	80000337          	lui	t1,0x80000
    7e10:	fff30713          	addi	a4,t1,-1 # 7fffffff <__device_print_strings_info_end+0x79afffff>

    7e14:	00edf733          	and	a4,s11,a4
    7e18:	00000493          	li	s1,0

    7e1c:	daeb62e3          	bltu	s6,a4,7bc0 <.L102>
    7e20:	006de333          	or	t1,s11,t1
    7e24:	0a0dd863          	bgez	s11,7ed4 <.L155>
    7e28:	fffdc313          	not	t1,s11
    7e2c:	0a0dd463          	bgez	s11,7ed4 <.L155>
    7e30:	80000537          	lui	a0,0x80000
    7e34:	fff50513          	addi	a0,a0,-1 # 7fffffff <__device_print_strings_info_end+0x79afffff>

    7e38:	00000493          	li	s1,0

    7e3c:	00100893          	li	a7,1

    7e40:	02000813          	li	a6,32

    7e44:	0007a703          	lw	a4,0(a5)

    7e48:	01a89633          	sll	a2,a7,s10

    7e4c:	00a776b3          	and	a3,a4,a0

    7e50:	00db6e63          	bltu	s6,a3,7e6c <.L96>
    7e54:	01b766b3          	or	a3,a4,s11

    7e58:	00169593          	slli	a1,a3,0x1
    7e5c:	00058663          	beqz	a1,7e68 <.L98>
    7e60:	006706b3          	add	a3,a4,t1

    7e64:	02074a63          	bltz	a4,7e98 <.L167>
    7e68:	00c4e4b3          	or	s1,s1,a2

    7e6c:	001d0d13          	addi	s10,s10,1

    7e70:	00478793          	addi	a5,a5,4
    7e74:	fd0d18e3          	bne	s10,a6,7e44 <.L101>
    7e78:	8101a783          	lw	a5,-2032(gp) # ffb00000 <ckernel::dest_offset_id>

    7e7c:	b2010737          	lui	a4,0xb2010

    7e80:	00f037b3          	snez	a5,a5
    7e84:	00979793          	slli	a5,a5,0x9

    7e88:	00e787b3          	add	a5,a5,a4
    7e8c:	00f9a023          	sw	a5,0(s3)

    7e90:	8a000042          	ttstallwait	256,16

    7e94:	d49ff06f          	j	7bdc <.L168>
    7e98:	fce6f8e3          	bgeu	a3,a4,7e68 <.L98>
    7e9c:	fd1ff06f          	j	7e6c <.L96>
    7ea0:	00062683          	lw	a3,0(a2) # 71020000 <__device_print_strings_info_end+0x6ab20000>
    7ea4:	01071713          	slli	a4,a4,0x10

    7ea8:	00e6b6b3          	sltu	a3,a3,a4

    7eac:	01573533          	sltu	a0,a4,s5
    7eb0:	00a6f6b3          	and	a3,a3,a0
    7eb4:	00069a63          	bnez	a3,7ec8 <.L169>
    7eb8:	00158593          	addi	a1,a1,1

    7ebc:	f09ff06f          	j	7dc4 <.L88>
    7ec0:	00e6a023          	sw	a4,0(a3)
    7ec4:	f41ff06f          	j	7e04 <.L84>
    7ec8:	00e62023          	sw	a4,0(a2)

    7ecc:	00158593          	addi	a1,a1,1

    7ed0:	ef5ff06f          	j	7dc4 <.L88>
    7ed4:	80000f37          	lui	t5,0x80000
    7ed8:	ffff0813          	addi	a6,t5,-1 # 7fffffff <__device_print_strings_info_end+0x79afffff>

    7edc:	00000493          	li	s1,0

    7ee0:	00100513          	li	a0,1

    7ee4:	02000593          	li	a1,32

    7ee8:	0007a703          	lw	a4,0(a5)

    7eec:	01a51633          	sll	a2,a0,s10

    7ef0:	010776b3          	and	a3,a4,a6

    7ef4:	02db6063          	bltu	s6,a3,7f14 <.L93>
    7ef8:	00ede6b3          	or	a3,s11,a4

    7efc:	00169893          	slli	a7,a3,0x1
    7f00:	00088863          	beqz	a7,7f10 <.L94>
    7f04:	01e766b3          	or	a3,a4,t5

    7f08:	00074663          	bltz	a4,7f14 <.L93>
    7f0c:	0066e463          	bltu	a3,t1,7f14 <.L93>
    7f10:	00c4e4b3          	or	s1,s1,a2

    7f14:	001d0d13          	addi	s10,s10,1

    7f18:	00478793          	addi	a5,a5,4
    7f1c:	fcbd16e3          	bne	s10,a1,7ee8 <.L95>
    7f20:	8101a783          	lw	a5,-2032(gp) # ffb00000 <ckernel::dest_offset_id>

    7f24:	b2010737          	lui	a4,0xb2010

    7f28:	00f037b3          	snez	a5,a5
    7f2c:	00979793          	slli	a5,a5,0x9

    7f30:	00e787b3          	add	a5,a5,a4
    7f34:	00f9a023          	sw	a5,0(s3)

    7f38:	8a000042          	ttstallwait	256,16

    7f3c:	ca1ff06f          	j	7bdc <.L168>
    7f40:	ffec17b7          	lui	a5,0xffec1
    7f44:	0007a783          	lw	a5,0(a5) # ffec1000 <__instrn_buffer+0x81000>

    7f48:	0047a783          	lw	a5,4(a5)

    7f4c:	0087f713          	andi	a4,a5,8

    7f50:	ea070263          	beqz	a4,75f4 <.L66>
    7f54:	809ff06f          	j	775c <.L162>
    7f58:	00068793          	mv	a5,a3
    7f5c:	a28ff06f          	j	7184 <.L53>
00007f60 <void (anonymous namespace)::blend_pair_body<0ul, 1ul>()>:
    7f60:	c0838401          	sfpload	L2,256,0,7

    7f64:	c0438501          	sfpload	L1,320,0,7

    7f68:	c1838601          	sfpload	L6,384,0,7

    7f6c:	c1438609          	sfpload	L5,386,0,7

    7f70:	1428988a          	sfpadd	L2,L10,L2,L6,2

    7f74:	1428544a          	sfpadd	L1,L10,L1,L5,2

    7f78:	1808a542          	sfpmul	L5,L2,L2,L9,0

    7f7c:	c1038611          	sfpload	L4,388,0,7

    7f80:	18116502          	sfpmul	L4,L4,L5,L9,0

    7f84:	18086482          	sfpmul	L2,L2,L1,L9,0

    7f88:	c0c38619          	sfpload	L3,390,0,7

    7f8c:	100c9082          	sfpmad	L2,L3,L2,L4,0

    7f90:	18046442          	sfpmul	L1,L1,L1,L9,0

    7f94:	c0038621          	sfpload	L0,392,0,7

    7f98:	10004802          	sfpmad	L0,L0,L1,L2,0

    7f9c:	3c000002          	sfpnop

    7fa0:	48002406          	sfpswap	L0,L9,1

    7fa4:	3c000002          	sfpnop

    7fa8:	18032402          	sfpmul	L0,L0,L12,L9,0

    7fac:	c1038659          	sfpload	L4,406,0,7

    7fb0:	d50bf801          	sfpaddi	L0,17150,0

    7fb4:	3c000002          	sfpnop

    7fb8:	48000246          	sfpswap	L9,L0,1

    7fbc:	3c000002          	sfpnop

    7fc0:	dc000041          	sfpexexp	L1,L0,0

    7fc4:	e0000001          	sfpexman	L0,L0,0

    7fc8:	e8000401          	sfpshft	L0,L1,0x000,0

    7fcc:	dc000045          	sfpexexp	L1,L0,1

    7fd0:	e0000005          	sfpexman	L0,L0,1

    7fd4:	40000002          	sfpcast	L0,L0,0

    7fd8:	10037882          	sfpmad	L2,L0,L13,L14,0

    7fdc:	c1438629          	sfpload	L5,394,0,7

    7fe0:	10009002          	sfpmad	L0,L0,L2,L4,0

    7fe4:	c1838661          	sfpload	L6,408,0,7

    7fe8:	08000042          	sfpsetexp	L1,L0,0x000,0

    7fec:	18146402          	sfpmul	L0,L5,L1,L9,0

    7ff0:	c1c38631          	sfpload	L7,396,0,7

    7ff4:	48001806          	sfpswap	L0,L6,1

    7ff8:	3c000002          	sfpnop

    7ffc:	c0c38639          	sfpload	L3,398,0,7

    8000:	c1038641          	sfpload	L4,400,0,7

    8004:	c1438649          	sfpload	L5,402,0,7

    8008:	101ec042          	sfpmad	L1,L7,L11,L0,0

    800c:	c0838301          	sfpload	L2,192,0,7

    8010:	ec000401          	sfpsetcc	L1,0x000,0

    8014:	f0002401          	sfpmov	L0,L9,0

    8018:	2800c02a          	sfpencc	0x003,10

    801c:	1800a442          	sfpmul	L1,L0,L2,L9,0

    8020:	142a800a          	sfpadd	L0,L10,L10,L0,2

    8024:	c1838001          	sfpload	L6,0,0,7

    8028:	1004d982          	sfpmad	L6,L1,L3,L6,0

    802c:	18082402          	sfpmul	L0,L2,L0,L9,0

    8030:	c9838001          	sfpstore	L6,0,0,7

    8034:	c1c38101          	sfpload	L7,64,0,7

    8038:	10051dc2          	sfpmad	L7,L1,L4,L7,0

    803c:	c1838201          	sfpload	L6,128,0,7

    8040:	c9c38101          	sfpstore	L7,64,0,7

    8044:	10055982          	sfpmad	L6,L1,L5,L6,0

    8048:	c8038301          	sfpstore	L0,192,0,7

    804c:	c9838201          	sfpstore	L6,128,0,7

    8050:	00008067          	ret

00008054 <void (anonymous namespace)::blend_pair_body<0ul, 2ul>()>:
    8054:	c0838409          	sfpload	L2,258,0,7

    8058:	c0438509          	sfpload	L1,322,0,7

    805c:	c1838601          	sfpload	L6,384,0,7

    8060:	c1438609          	sfpload	L5,386,0,7

    8064:	1428988a          	sfpadd	L2,L10,L2,L6,2

    8068:	1428544a          	sfpadd	L1,L10,L1,L5,2

    806c:	1808a542          	sfpmul	L5,L2,L2,L9,0

    8070:	c1038611          	sfpload	L4,388,0,7

    8074:	18116502          	sfpmul	L4,L4,L5,L9,0

    8078:	18086482          	sfpmul	L2,L2,L1,L9,0

    807c:	c0c38619          	sfpload	L3,390,0,7

    8080:	100c9082          	sfpmad	L2,L3,L2,L4,0

    8084:	18046442          	sfpmul	L1,L1,L1,L9,0

    8088:	c0038621          	sfpload	L0,392,0,7

    808c:	10004802          	sfpmad	L0,L0,L1,L2,0

    8090:	3c000002          	sfpnop

    8094:	48002406          	sfpswap	L0,L9,1

    8098:	3c000002          	sfpnop

    809c:	18032402          	sfpmul	L0,L0,L12,L9,0

    80a0:	c1038659          	sfpload	L4,406,0,7

    80a4:	d50bf801          	sfpaddi	L0,17150,0

    80a8:	3c000002          	sfpnop

    80ac:	48000246          	sfpswap	L9,L0,1

    80b0:	3c000002          	sfpnop

    80b4:	dc000041          	sfpexexp	L1,L0,0

    80b8:	e0000001          	sfpexman	L0,L0,0

    80bc:	e8000401          	sfpshft	L0,L1,0x000,0

    80c0:	dc000045          	sfpexexp	L1,L0,1

    80c4:	e0000005          	sfpexman	L0,L0,1

    80c8:	40000002          	sfpcast	L0,L0,0

    80cc:	10037882          	sfpmad	L2,L0,L13,L14,0

    80d0:	c1438629          	sfpload	L5,394,0,7

    80d4:	10009002          	sfpmad	L0,L0,L2,L4,0

    80d8:	c1838661          	sfpload	L6,408,0,7

    80dc:	08000042          	sfpsetexp	L1,L0,0x000,0

    80e0:	18146402          	sfpmul	L0,L5,L1,L9,0

    80e4:	c1c38631          	sfpload	L7,396,0,7

    80e8:	48001806          	sfpswap	L0,L6,1

    80ec:	3c000002          	sfpnop

    80f0:	c0c38639          	sfpload	L3,398,0,7

    80f4:	c1038641          	sfpload	L4,400,0,7

    80f8:	c1438649          	sfpload	L5,402,0,7

    80fc:	101ec042          	sfpmad	L1,L7,L11,L0,0

    8100:	c0838309          	sfpload	L2,194,0,7

    8104:	ec000401          	sfpsetcc	L1,0x000,0

    8108:	f0002401          	sfpmov	L0,L9,0

    810c:	2800c02a          	sfpencc	0x003,10

    8110:	1800a442          	sfpmul	L1,L0,L2,L9,0

    8114:	142a800a          	sfpadd	L0,L10,L10,L0,2

    8118:	c1838009          	sfpload	L6,2,0,7

    811c:	1004d982          	sfpmad	L6,L1,L3,L6,0

    8120:	18082402          	sfpmul	L0,L2,L0,L9,0

    8124:	c9838009          	sfpstore	L6,2,0,7

    8128:	c1c38109          	sfpload	L7,66,0,7

    812c:	10051dc2          	sfpmad	L7,L1,L4,L7,0

    8130:	c1838209          	sfpload	L6,130,0,7

    8134:	c9c38109          	sfpstore	L7,66,0,7

    8138:	10055982          	sfpmad	L6,L1,L5,L6,0

    813c:	c8038309          	sfpstore	L0,194,0,7

    8140:	c9838209          	sfpstore	L6,130,0,7

    8144:	00008067          	ret

00008148 <void (anonymous namespace)::blend_pair_body<0ul, 3ul>()>:
    8148:	c0038601          	sfpload	L0,384,0,7

    814c:	c0438609          	sfpload	L1,386,0,7

    8150:	c0838401          	sfpload	L2,256,0,7

    8154:	c0c38501          	sfpload	L3,320,0,7

    8158:	1428808a          	sfpadd	L2,L10,L2,L0,2

    815c:	c1038409          	sfpload	L4,258,0,7

    8160:	1428c4ca          	sfpadd	L3,L10,L3,L1,2

    8164:	1429010a          	sfpadd	L4,L10,L4,L0,2

    8168:	c0038509          	sfpload	L0,322,0,7

    816c:	1808a542          	sfpmul	L5,L2,L2,L9,0

    8170:	1428040a          	sfpadd	L0,L10,L0,L1,2

    8174:	c0438611          	sfpload	L1,388,0,7

    8178:	18056542          	sfpmul	L5,L1,L5,L9,0

    817c:	18112582          	sfpmul	L6,L4,L4,L9,0

    8180:	1808e482          	sfpmul	L2,L2,L3,L9,0

    8184:	1805a582          	sfpmul	L6,L1,L6,L9,0

    8188:	c0438619          	sfpload	L1,390,0,7

    818c:	10049482          	sfpmad	L2,L1,L2,L5,0

    8190:	18102502          	sfpmul	L4,L4,L0,L9,0

    8194:	180ce4c2          	sfpmul	L3,L3,L3,L9,0

    8198:	10051902          	sfpmad	L4,L1,L4,L6,0

    819c:	c0438621          	sfpload	L1,392,0,7

    81a0:	1004c882          	sfpmad	L2,L1,L3,L2,0

    81a4:	18002402          	sfpmul	L0,L0,L0,L9,0

    81a8:	48002486          	sfpswap	L2,L9,1

    81ac:	3c000002          	sfpnop

    81b0:	10041002          	sfpmad	L0,L1,L0,L4,0

    81b4:	180b2482          	sfpmul	L2,L2,L12,L9,0

    81b8:	48002406          	sfpswap	L0,L9,1

    81bc:	3c000002          	sfpnop

    81c0:	d50bf881          	sfpaddi	L2,17150,0

    81c4:	18032402          	sfpmul	L0,L0,L12,L9,0

    81c8:	3c000002          	sfpnop

    81cc:	48000a46          	sfpswap	L9,L2,1

    81d0:	3c000002          	sfpnop

    81d4:	d50bf801          	sfpaddi	L0,17150,0

    81d8:	dc000841          	sfpexexp	L1,L2,0

    81dc:	e0000881          	sfpexman	L2,L2,0

    81e0:	3c000002          	sfpnop

    81e4:	48000246          	sfpswap	L9,L0,1

    81e8:	3c000002          	sfpnop

    81ec:	e8000481          	sfpshft	L2,L1,0x000,0

    81f0:	dc0000c1          	sfpexexp	L3,L0,0

    81f4:	dc000845          	sfpexexp	L1,L2,1

    81f8:	e0000001          	sfpexman	L0,L0,0

    81fc:	e0000885          	sfpexman	L2,L2,1

    8200:	e8000c01          	sfpshft	L0,L3,0x000,0

    8204:	40000882          	sfpcast	L2,L2,0

    8208:	dc0000c5          	sfpexexp	L3,L0,1

    820c:	100b7902          	sfpmad	L4,L2,L13,L14,0

    8210:	e0000005          	sfpexman	L0,L0,1

    8214:	c1438659          	sfpload	L5,406,0,7

    8218:	10091482          	sfpmad	L2,L2,L4,L5,0

    821c:	40000002          	sfpcast	L0,L0,0

    8220:	08000842          	sfpsetexp	L1,L2,0x000,0

    8224:	10037902          	sfpmad	L4,L0,L13,L14,0

    8228:	c1438659          	sfpload	L5,406,0,7

    822c:	10011402          	sfpmad	L0,L0,L4,L5,0

    8230:	c1038629          	sfpload	L4,394,0,7

    8234:	080000c2          	sfpsetexp	L3,L0,0x000,0

    8238:	18106482          	sfpmul	L2,L4,L1,L9,0

    823c:	1810e402          	sfpmul	L0,L4,L3,L9,0

    8240:	c0438661          	sfpload	L1,408,0,7

    8244:	48000486          	sfpswap	L2,L1,1

    8248:	3c000002          	sfpnop

    824c:	c0c38661          	sfpload	L3,408,0,7

    8250:	48000c06          	sfpswap	L0,L3,1

    8254:	3c000002          	sfpnop

    8258:	c0438631          	sfpload	L1,396,0,7

    825c:	1006c842          	sfpmad	L1,L1,L11,L2,0

    8260:	c0c38631          	sfpload	L3,396,0,7

    8264:	ec000401          	sfpsetcc	L1,0x000,0

    8268:	f0002481          	sfpmov	L2,L9,0

    826c:	2800c02a          	sfpencc	0x003,10

    8270:	100ec0c2          	sfpmad	L3,L3,L11,L0,0

    8274:	c1038301          	sfpload	L4,192,0,7

    8278:	ec000c01          	sfpsetcc	L3,0x000,0

    827c:	f0002401          	sfpmov	L0,L9,0

    8280:	2800c02a          	sfpencc	0x003,10

    8284:	18092442          	sfpmul	L1,L2,L4,L9,0

    8288:	c1438309          	sfpload	L5,194,0,7

    828c:	142a888a          	sfpadd	L2,L10,L10,L2,2

    8290:	180164c2          	sfpmul	L3,L0,L5,L9,0

    8294:	c1838639          	sfpload	L6,398,0,7

    8298:	142a800a          	sfpadd	L0,L10,L10,L0,2

    829c:	c1c38001          	sfpload	L7,0,0,7

    82a0:	10059dc2          	sfpmad	L7,L1,L6,L7,0

    82a4:	1810a502          	sfpmul	L4,L4,L2,L9,0

    82a8:	c9c38001          	sfpstore	L7,0,0,7

    82ac:	c1c38009          	sfpload	L7,2,0,7

    82b0:	100d9dc2          	sfpmad	L7,L3,L6,L7,0

    82b4:	c9038301          	sfpstore	L4,192,0,7

    82b8:	c9c38009          	sfpstore	L7,2,0,7

    82bc:	18142542          	sfpmul	L5,L5,L0,L9,0

    82c0:	c1838641          	sfpload	L6,400,0,7

    82c4:	c9438309          	sfpstore	L5,194,0,7

    82c8:	c1c38101          	sfpload	L7,64,0,7

    82cc:	10059dc2          	sfpmad	L7,L1,L6,L7,0

    82d0:	c1438109          	sfpload	L5,66,0,7

    82d4:	c9c38101          	sfpstore	L7,64,0,7

    82d8:	100d9542          	sfpmad	L5,L3,L6,L5,0

    82dc:	c1838649          	sfpload	L6,402,0,7

    82e0:	c9438109          	sfpstore	L5,66,0,7

    82e4:	c1c38201          	sfpload	L7,128,0,7

    82e8:	10059dc2          	sfpmad	L7,L1,L6,L7,0

    82ec:	c1438209          	sfpload	L5,130,0,7

    82f0:	100d9542          	sfpmad	L5,L3,L6,L5,0

    82f4:	c9c38201          	sfpstore	L7,128,0,7

    82f8:	c9438209          	sfpstore	L5,130,0,7

    82fc:	00008067          	ret

00008300 <void (anonymous namespace)::blend_pair_body<1ul, 1ul>()>:
    8300:	c0838411          	sfpload	L2,260,0,7

    8304:	c0438511          	sfpload	L1,324,0,7

    8308:	c1838601          	sfpload	L6,384,0,7

    830c:	c1438609          	sfpload	L5,386,0,7

    8310:	1428988a          	sfpadd	L2,L10,L2,L6,2

    8314:	1428544a          	sfpadd	L1,L10,L1,L5,2

    8318:	1808a542          	sfpmul	L5,L2,L2,L9,0

    831c:	c1038611          	sfpload	L4,388,0,7

    8320:	18116502          	sfpmul	L4,L4,L5,L9,0

    8324:	18086482          	sfpmul	L2,L2,L1,L9,0

    8328:	c0c38619          	sfpload	L3,390,0,7

    832c:	100c9082          	sfpmad	L2,L3,L2,L4,0

    8330:	18046442          	sfpmul	L1,L1,L1,L9,0

    8334:	c0038621          	sfpload	L0,392,0,7

    8338:	10004802          	sfpmad	L0,L0,L1,L2,0

    833c:	3c000002          	sfpnop

    8340:	48002406          	sfpswap	L0,L9,1

    8344:	3c000002          	sfpnop

    8348:	18032402          	sfpmul	L0,L0,L12,L9,0

    834c:	c1038659          	sfpload	L4,406,0,7

    8350:	d50bf801          	sfpaddi	L0,17150,0

    8354:	3c000002          	sfpnop

    8358:	48000246          	sfpswap	L9,L0,1

    835c:	3c000002          	sfpnop

    8360:	dc000041          	sfpexexp	L1,L0,0

    8364:	e0000001          	sfpexman	L0,L0,0

    8368:	e8000401          	sfpshft	L0,L1,0x000,0

    836c:	dc000045          	sfpexexp	L1,L0,1

    8370:	e0000005          	sfpexman	L0,L0,1

    8374:	40000002          	sfpcast	L0,L0,0

    8378:	10037882          	sfpmad	L2,L0,L13,L14,0

    837c:	c1438629          	sfpload	L5,394,0,7

    8380:	10009002          	sfpmad	L0,L0,L2,L4,0

    8384:	c1838661          	sfpload	L6,408,0,7

    8388:	08000042          	sfpsetexp	L1,L0,0x000,0

    838c:	18146402          	sfpmul	L0,L5,L1,L9,0

    8390:	c1c38631          	sfpload	L7,396,0,7

    8394:	48001806          	sfpswap	L0,L6,1

    8398:	3c000002          	sfpnop

    839c:	c0c38639          	sfpload	L3,398,0,7

    83a0:	c1038641          	sfpload	L4,400,0,7

    83a4:	c1438649          	sfpload	L5,402,0,7

    83a8:	101ec042          	sfpmad	L1,L7,L11,L0,0

    83ac:	c0838311          	sfpload	L2,196,0,7

    83b0:	ec000401          	sfpsetcc	L1,0x000,0

    83b4:	f0002401          	sfpmov	L0,L9,0

    83b8:	2800c02a          	sfpencc	0x003,10

    83bc:	1800a442          	sfpmul	L1,L0,L2,L9,0

    83c0:	142a800a          	sfpadd	L0,L10,L10,L0,2

    83c4:	c1838011          	sfpload	L6,4,0,7

    83c8:	1004d982          	sfpmad	L6,L1,L3,L6,0

    83cc:	18082402          	sfpmul	L0,L2,L0,L9,0

    83d0:	c9838011          	sfpstore	L6,4,0,7

    83d4:	c1c38111          	sfpload	L7,68,0,7

    83d8:	10051dc2          	sfpmad	L7,L1,L4,L7,0

    83dc:	c1838211          	sfpload	L6,132,0,7

    83e0:	c9c38111          	sfpstore	L7,68,0,7

    83e4:	10055982          	sfpmad	L6,L1,L5,L6,0

    83e8:	c8038311          	sfpstore	L0,196,0,7

    83ec:	c9838211          	sfpstore	L6,132,0,7

    83f0:	00008067          	ret

000083f4 <void (anonymous namespace)::blend_pair_body<1ul, 2ul>()>:
    83f4:	c0838419          	sfpload	L2,262,0,7

    83f8:	c0438519          	sfpload	L1,326,0,7

    83fc:	c1838601          	sfpload	L6,384,0,7

    8400:	c1438609          	sfpload	L5,386,0,7

    8404:	1428988a          	sfpadd	L2,L10,L2,L6,2

    8408:	1428544a          	sfpadd	L1,L10,L1,L5,2

    840c:	1808a542          	sfpmul	L5,L2,L2,L9,0

    8410:	c1038611          	sfpload	L4,388,0,7

    8414:	18116502          	sfpmul	L4,L4,L5,L9,0

    8418:	18086482          	sfpmul	L2,L2,L1,L9,0

    841c:	c0c38619          	sfpload	L3,390,0,7

    8420:	100c9082          	sfpmad	L2,L3,L2,L4,0

    8424:	18046442          	sfpmul	L1,L1,L1,L9,0

    8428:	c0038621          	sfpload	L0,392,0,7

    842c:	10004802          	sfpmad	L0,L0,L1,L2,0

    8430:	3c000002          	sfpnop

    8434:	48002406          	sfpswap	L0,L9,1

    8438:	3c000002          	sfpnop

    843c:	18032402          	sfpmul	L0,L0,L12,L9,0

    8440:	c1038659          	sfpload	L4,406,0,7

    8444:	d50bf801          	sfpaddi	L0,17150,0

    8448:	3c000002          	sfpnop

    844c:	48000246          	sfpswap	L9,L0,1

    8450:	3c000002          	sfpnop

    8454:	dc000041          	sfpexexp	L1,L0,0

    8458:	e0000001          	sfpexman	L0,L0,0

    845c:	e8000401          	sfpshft	L0,L1,0x000,0

    8460:	dc000045          	sfpexexp	L1,L0,1

    8464:	e0000005          	sfpexman	L0,L0,1

    8468:	40000002          	sfpcast	L0,L0,0

    846c:	10037882          	sfpmad	L2,L0,L13,L14,0

    8470:	c1438629          	sfpload	L5,394,0,7

    8474:	10009002          	sfpmad	L0,L0,L2,L4,0

    8478:	c1838661          	sfpload	L6,408,0,7

    847c:	08000042          	sfpsetexp	L1,L0,0x000,0

    8480:	18146402          	sfpmul	L0,L5,L1,L9,0

    8484:	c1c38631          	sfpload	L7,396,0,7

    8488:	48001806          	sfpswap	L0,L6,1

    848c:	3c000002          	sfpnop

    8490:	c0c38639          	sfpload	L3,398,0,7

    8494:	c1038641          	sfpload	L4,400,0,7

    8498:	c1438649          	sfpload	L5,402,0,7

    849c:	101ec042          	sfpmad	L1,L7,L11,L0,0

    84a0:	c0838319          	sfpload	L2,198,0,7

    84a4:	ec000401          	sfpsetcc	L1,0x000,0

    84a8:	f0002401          	sfpmov	L0,L9,0

    84ac:	2800c02a          	sfpencc	0x003,10

    84b0:	1800a442          	sfpmul	L1,L0,L2,L9,0

    84b4:	142a800a          	sfpadd	L0,L10,L10,L0,2

    84b8:	c1838019          	sfpload	L6,6,0,7

    84bc:	1004d982          	sfpmad	L6,L1,L3,L6,0

    84c0:	18082402          	sfpmul	L0,L2,L0,L9,0

    84c4:	c9838019          	sfpstore	L6,6,0,7

    84c8:	c1c38119          	sfpload	L7,70,0,7

    84cc:	10051dc2          	sfpmad	L7,L1,L4,L7,0

    84d0:	c1838219          	sfpload	L6,134,0,7

    84d4:	c9c38119          	sfpstore	L7,70,0,7

    84d8:	10055982          	sfpmad	L6,L1,L5,L6,0

    84dc:	c8038319          	sfpstore	L0,198,0,7

    84e0:	c9838219          	sfpstore	L6,134,0,7

    84e4:	00008067          	ret

000084e8 <void (anonymous namespace)::blend_pair_body<1ul, 3ul>()>:
    84e8:	c0038601          	sfpload	L0,384,0,7

    84ec:	c0438609          	sfpload	L1,386,0,7

    84f0:	c0838411          	sfpload	L2,260,0,7

    84f4:	c0c38511          	sfpload	L3,324,0,7

    84f8:	1428808a          	sfpadd	L2,L10,L2,L0,2

    84fc:	c1038419          	sfpload	L4,262,0,7

    8500:	1428c4ca          	sfpadd	L3,L10,L3,L1,2

    8504:	1429010a          	sfpadd	L4,L10,L4,L0,2

    8508:	c0038519          	sfpload	L0,326,0,7

    850c:	1808a542          	sfpmul	L5,L2,L2,L9,0

    8510:	1428040a          	sfpadd	L0,L10,L0,L1,2

    8514:	c0438611          	sfpload	L1,388,0,7

    8518:	18056542          	sfpmul	L5,L1,L5,L9,0

    851c:	18112582          	sfpmul	L6,L4,L4,L9,0

    8520:	1808e482          	sfpmul	L2,L2,L3,L9,0

    8524:	1805a582          	sfpmul	L6,L1,L6,L9,0

    8528:	c0438619          	sfpload	L1,390,0,7

    852c:	10049482          	sfpmad	L2,L1,L2,L5,0

    8530:	18102502          	sfpmul	L4,L4,L0,L9,0

    8534:	180ce4c2          	sfpmul	L3,L3,L3,L9,0

    8538:	10051902          	sfpmad	L4,L1,L4,L6,0

    853c:	c0438621          	sfpload	L1,392,0,7

    8540:	1004c882          	sfpmad	L2,L1,L3,L2,0

    8544:	18002402          	sfpmul	L0,L0,L0,L9,0

    8548:	48002486          	sfpswap	L2,L9,1

    854c:	3c000002          	sfpnop

    8550:	10041002          	sfpmad	L0,L1,L0,L4,0

    8554:	180b2482          	sfpmul	L2,L2,L12,L9,0

    8558:	48002406          	sfpswap	L0,L9,1

    855c:	3c000002          	sfpnop

    8560:	d50bf881          	sfpaddi	L2,17150,0

    8564:	18032402          	sfpmul	L0,L0,L12,L9,0

    8568:	3c000002          	sfpnop

    856c:	48000a46          	sfpswap	L9,L2,1

    8570:	3c000002          	sfpnop

    8574:	d50bf801          	sfpaddi	L0,17150,0

    8578:	dc000841          	sfpexexp	L1,L2,0

    857c:	e0000881          	sfpexman	L2,L2,0

    8580:	3c000002          	sfpnop

    8584:	48000246          	sfpswap	L9,L0,1

    8588:	3c000002          	sfpnop

    858c:	e8000481          	sfpshft	L2,L1,0x000,0

    8590:	dc0000c1          	sfpexexp	L3,L0,0

    8594:	dc000845          	sfpexexp	L1,L2,1

    8598:	e0000001          	sfpexman	L0,L0,0

    859c:	e0000885          	sfpexman	L2,L2,1

    85a0:	e8000c01          	sfpshft	L0,L3,0x000,0

    85a4:	40000882          	sfpcast	L2,L2,0

    85a8:	dc0000c5          	sfpexexp	L3,L0,1

    85ac:	100b7902          	sfpmad	L4,L2,L13,L14,0

    85b0:	e0000005          	sfpexman	L0,L0,1

    85b4:	c1438659          	sfpload	L5,406,0,7

    85b8:	10091482          	sfpmad	L2,L2,L4,L5,0

    85bc:	40000002          	sfpcast	L0,L0,0

    85c0:	08000842          	sfpsetexp	L1,L2,0x000,0

    85c4:	10037902          	sfpmad	L4,L0,L13,L14,0

    85c8:	c1438659          	sfpload	L5,406,0,7

    85cc:	10011402          	sfpmad	L0,L0,L4,L5,0

    85d0:	c1038629          	sfpload	L4,394,0,7

    85d4:	080000c2          	sfpsetexp	L3,L0,0x000,0

    85d8:	18106482          	sfpmul	L2,L4,L1,L9,0

    85dc:	1810e402          	sfpmul	L0,L4,L3,L9,0

    85e0:	c0438661          	sfpload	L1,408,0,7

    85e4:	48000486          	sfpswap	L2,L1,1

    85e8:	3c000002          	sfpnop

    85ec:	c0c38661          	sfpload	L3,408,0,7

    85f0:	48000c06          	sfpswap	L0,L3,1

    85f4:	3c000002          	sfpnop

    85f8:	c0438631          	sfpload	L1,396,0,7

    85fc:	1006c842          	sfpmad	L1,L1,L11,L2,0

    8600:	c0c38631          	sfpload	L3,396,0,7

    8604:	ec000401          	sfpsetcc	L1,0x000,0

    8608:	f0002481          	sfpmov	L2,L9,0

    860c:	2800c02a          	sfpencc	0x003,10

    8610:	100ec0c2          	sfpmad	L3,L3,L11,L0,0

    8614:	c1038311          	sfpload	L4,196,0,7

    8618:	ec000c01          	sfpsetcc	L3,0x000,0

    861c:	f0002401          	sfpmov	L0,L9,0

    8620:	2800c02a          	sfpencc	0x003,10

    8624:	18092442          	sfpmul	L1,L2,L4,L9,0

    8628:	c1438319          	sfpload	L5,198,0,7

    862c:	142a888a          	sfpadd	L2,L10,L10,L2,2

    8630:	180164c2          	sfpmul	L3,L0,L5,L9,0

    8634:	c1838639          	sfpload	L6,398,0,7

    8638:	142a800a          	sfpadd	L0,L10,L10,L0,2

    863c:	c1c38011          	sfpload	L7,4,0,7

    8640:	10059dc2          	sfpmad	L7,L1,L6,L7,0

    8644:	1810a502          	sfpmul	L4,L4,L2,L9,0

    8648:	c9c38011          	sfpstore	L7,4,0,7

    864c:	c1c38019          	sfpload	L7,6,0,7

    8650:	100d9dc2          	sfpmad	L7,L3,L6,L7,0

    8654:	c9038311          	sfpstore	L4,196,0,7

    8658:	c9c38019          	sfpstore	L7,6,0,7

    865c:	18142542          	sfpmul	L5,L5,L0,L9,0

    8660:	c1838641          	sfpload	L6,400,0,7

    8664:	c9438319          	sfpstore	L5,198,0,7

    8668:	c1c38111          	sfpload	L7,68,0,7

    866c:	10059dc2          	sfpmad	L7,L1,L6,L7,0

    8670:	c1438119          	sfpload	L5,70,0,7

    8674:	c9c38111          	sfpstore	L7,68,0,7

    8678:	100d9542          	sfpmad	L5,L3,L6,L5,0

    867c:	c1838649          	sfpload	L6,402,0,7

    8680:	c9438119          	sfpstore	L5,70,0,7

    8684:	c1c38211          	sfpload	L7,132,0,7

    8688:	10059dc2          	sfpmad	L7,L1,L6,L7,0

    868c:	c1438219          	sfpload	L5,134,0,7

    8690:	100d9542          	sfpmad	L5,L3,L6,L5,0

    8694:	c9c38211          	sfpstore	L7,132,0,7

    8698:	c9438219          	sfpstore	L5,134,0,7

    869c:	00008067          	ret

000086a0 <void (anonymous namespace)::blend_pair_body<2ul, 1ul>()>:
    86a0:	c0838421          	sfpload	L2,264,0,7

    86a4:	c0438521          	sfpload	L1,328,0,7

    86a8:	c1838601          	sfpload	L6,384,0,7

    86ac:	c1438609          	sfpload	L5,386,0,7

    86b0:	1428988a          	sfpadd	L2,L10,L2,L6,2

    86b4:	1428544a          	sfpadd	L1,L10,L1,L5,2

    86b8:	1808a542          	sfpmul	L5,L2,L2,L9,0

    86bc:	c1038611          	sfpload	L4,388,0,7

    86c0:	18116502          	sfpmul	L4,L4,L5,L9,0

    86c4:	18086482          	sfpmul	L2,L2,L1,L9,0

    86c8:	c0c38619          	sfpload	L3,390,0,7

    86cc:	100c9082          	sfpmad	L2,L3,L2,L4,0

    86d0:	18046442          	sfpmul	L1,L1,L1,L9,0

    86d4:	c0038621          	sfpload	L0,392,0,7

    86d8:	10004802          	sfpmad	L0,L0,L1,L2,0

    86dc:	3c000002          	sfpnop

    86e0:	48002406          	sfpswap	L0,L9,1

    86e4:	3c000002          	sfpnop

    86e8:	18032402          	sfpmul	L0,L0,L12,L9,0

    86ec:	c1038659          	sfpload	L4,406,0,7

    86f0:	d50bf801          	sfpaddi	L0,17150,0

    86f4:	3c000002          	sfpnop

    86f8:	48000246          	sfpswap	L9,L0,1

    86fc:	3c000002          	sfpnop

    8700:	dc000041          	sfpexexp	L1,L0,0

    8704:	e0000001          	sfpexman	L0,L0,0

    8708:	e8000401          	sfpshft	L0,L1,0x000,0

    870c:	dc000045          	sfpexexp	L1,L0,1

    8710:	e0000005          	sfpexman	L0,L0,1

    8714:	40000002          	sfpcast	L0,L0,0

    8718:	10037882          	sfpmad	L2,L0,L13,L14,0

    871c:	c1438629          	sfpload	L5,394,0,7

    8720:	10009002          	sfpmad	L0,L0,L2,L4,0

    8724:	c1838661          	sfpload	L6,408,0,7

    8728:	08000042          	sfpsetexp	L1,L0,0x000,0

    872c:	18146402          	sfpmul	L0,L5,L1,L9,0

    8730:	c1c38631          	sfpload	L7,396,0,7

    8734:	48001806          	sfpswap	L0,L6,1

    8738:	3c000002          	sfpnop

    873c:	c0c38639          	sfpload	L3,398,0,7

    8740:	c1038641          	sfpload	L4,400,0,7

    8744:	c1438649          	sfpload	L5,402,0,7

    8748:	101ec042          	sfpmad	L1,L7,L11,L0,0

    874c:	c0838321          	sfpload	L2,200,0,7

    8750:	ec000401          	sfpsetcc	L1,0x000,0

    8754:	f0002401          	sfpmov	L0,L9,0

    8758:	2800c02a          	sfpencc	0x003,10

    875c:	1800a442          	sfpmul	L1,L0,L2,L9,0

    8760:	142a800a          	sfpadd	L0,L10,L10,L0,2

    8764:	c1838021          	sfpload	L6,8,0,7

    8768:	1004d982          	sfpmad	L6,L1,L3,L6,0

    876c:	18082402          	sfpmul	L0,L2,L0,L9,0

    8770:	c9838021          	sfpstore	L6,8,0,7

    8774:	c1c38121          	sfpload	L7,72,0,7

    8778:	10051dc2          	sfpmad	L7,L1,L4,L7,0

    877c:	c1838221          	sfpload	L6,136,0,7

    8780:	c9c38121          	sfpstore	L7,72,0,7

    8784:	10055982          	sfpmad	L6,L1,L5,L6,0

    8788:	c8038321          	sfpstore	L0,200,0,7

    878c:	c9838221          	sfpstore	L6,136,0,7

    8790:	00008067          	ret

00008794 <void (anonymous namespace)::blend_pair_body<2ul, 2ul>()>:
    8794:	c0838429          	sfpload	L2,266,0,7

    8798:	c0438529          	sfpload	L1,330,0,7

    879c:	c1838601          	sfpload	L6,384,0,7

    87a0:	c1438609          	sfpload	L5,386,0,7

    87a4:	1428988a          	sfpadd	L2,L10,L2,L6,2

    87a8:	1428544a          	sfpadd	L1,L10,L1,L5,2

    87ac:	1808a542          	sfpmul	L5,L2,L2,L9,0

    87b0:	c1038611          	sfpload	L4,388,0,7

    87b4:	18116502          	sfpmul	L4,L4,L5,L9,0

    87b8:	18086482          	sfpmul	L2,L2,L1,L9,0

    87bc:	c0c38619          	sfpload	L3,390,0,7

    87c0:	100c9082          	sfpmad	L2,L3,L2,L4,0

    87c4:	18046442          	sfpmul	L1,L1,L1,L9,0

    87c8:	c0038621          	sfpload	L0,392,0,7

    87cc:	10004802          	sfpmad	L0,L0,L1,L2,0

    87d0:	3c000002          	sfpnop

    87d4:	48002406          	sfpswap	L0,L9,1

    87d8:	3c000002          	sfpnop

    87dc:	18032402          	sfpmul	L0,L0,L12,L9,0

    87e0:	c1038659          	sfpload	L4,406,0,7

    87e4:	d50bf801          	sfpaddi	L0,17150,0

    87e8:	3c000002          	sfpnop

    87ec:	48000246          	sfpswap	L9,L0,1

    87f0:	3c000002          	sfpnop

    87f4:	dc000041          	sfpexexp	L1,L0,0

    87f8:	e0000001          	sfpexman	L0,L0,0

    87fc:	e8000401          	sfpshft	L0,L1,0x000,0

    8800:	dc000045          	sfpexexp	L1,L0,1

    8804:	e0000005          	sfpexman	L0,L0,1

    8808:	40000002          	sfpcast	L0,L0,0

    880c:	10037882          	sfpmad	L2,L0,L13,L14,0

    8810:	c1438629          	sfpload	L5,394,0,7

    8814:	10009002          	sfpmad	L0,L0,L2,L4,0

    8818:	c1838661          	sfpload	L6,408,0,7

    881c:	08000042          	sfpsetexp	L1,L0,0x000,0

    8820:	18146402          	sfpmul	L0,L5,L1,L9,0

    8824:	c1c38631          	sfpload	L7,396,0,7

    8828:	48001806          	sfpswap	L0,L6,1

    882c:	3c000002          	sfpnop

    8830:	c0c38639          	sfpload	L3,398,0,7

    8834:	c1038641          	sfpload	L4,400,0,7

    8838:	c1438649          	sfpload	L5,402,0,7

    883c:	101ec042          	sfpmad	L1,L7,L11,L0,0

    8840:	c0838329          	sfpload	L2,202,0,7

    8844:	ec000401          	sfpsetcc	L1,0x000,0

    8848:	f0002401          	sfpmov	L0,L9,0

    884c:	2800c02a          	sfpencc	0x003,10

    8850:	1800a442          	sfpmul	L1,L0,L2,L9,0

    8854:	142a800a          	sfpadd	L0,L10,L10,L0,2

    8858:	c1838029          	sfpload	L6,10,0,7

    885c:	1004d982          	sfpmad	L6,L1,L3,L6,0

    8860:	18082402          	sfpmul	L0,L2,L0,L9,0

    8864:	c9838029          	sfpstore	L6,10,0,7

    8868:	c1c38129          	sfpload	L7,74,0,7

    886c:	10051dc2          	sfpmad	L7,L1,L4,L7,0

    8870:	c1838229          	sfpload	L6,138,0,7

    8874:	c9c38129          	sfpstore	L7,74,0,7

    8878:	10055982          	sfpmad	L6,L1,L5,L6,0

    887c:	c8038329          	sfpstore	L0,202,0,7

    8880:	c9838229          	sfpstore	L6,138,0,7

    8884:	00008067          	ret

00008888 <void (anonymous namespace)::blend_pair_body<2ul, 3ul>()>:
    8888:	c0038601          	sfpload	L0,384,0,7

    888c:	c0438609          	sfpload	L1,386,0,7

    8890:	c0838421          	sfpload	L2,264,0,7

    8894:	c0c38521          	sfpload	L3,328,0,7

    8898:	1428808a          	sfpadd	L2,L10,L2,L0,2

    889c:	c1038429          	sfpload	L4,266,0,7

    88a0:	1428c4ca          	sfpadd	L3,L10,L3,L1,2

    88a4:	1429010a          	sfpadd	L4,L10,L4,L0,2

    88a8:	c0038529          	sfpload	L0,330,0,7

    88ac:	1808a542          	sfpmul	L5,L2,L2,L9,0

    88b0:	1428040a          	sfpadd	L0,L10,L0,L1,2

    88b4:	c0438611          	sfpload	L1,388,0,7

    88b8:	18056542          	sfpmul	L5,L1,L5,L9,0

    88bc:	18112582          	sfpmul	L6,L4,L4,L9,0

    88c0:	1808e482          	sfpmul	L2,L2,L3,L9,0

    88c4:	1805a582          	sfpmul	L6,L1,L6,L9,0

    88c8:	c0438619          	sfpload	L1,390,0,7

    88cc:	10049482          	sfpmad	L2,L1,L2,L5,0

    88d0:	18102502          	sfpmul	L4,L4,L0,L9,0

    88d4:	180ce4c2          	sfpmul	L3,L3,L3,L9,0

    88d8:	10051902          	sfpmad	L4,L1,L4,L6,0

    88dc:	c0438621          	sfpload	L1,392,0,7

    88e0:	1004c882          	sfpmad	L2,L1,L3,L2,0

    88e4:	18002402          	sfpmul	L0,L0,L0,L9,0

    88e8:	48002486          	sfpswap	L2,L9,1

    88ec:	3c000002          	sfpnop

    88f0:	10041002          	sfpmad	L0,L1,L0,L4,0

    88f4:	180b2482          	sfpmul	L2,L2,L12,L9,0

    88f8:	48002406          	sfpswap	L0,L9,1

    88fc:	3c000002          	sfpnop

    8900:	d50bf881          	sfpaddi	L2,17150,0

    8904:	18032402          	sfpmul	L0,L0,L12,L9,0

    8908:	3c000002          	sfpnop

    890c:	48000a46          	sfpswap	L9,L2,1

    8910:	3c000002          	sfpnop

    8914:	d50bf801          	sfpaddi	L0,17150,0

    8918:	dc000841          	sfpexexp	L1,L2,0

    891c:	e0000881          	sfpexman	L2,L2,0

    8920:	3c000002          	sfpnop

    8924:	48000246          	sfpswap	L9,L0,1

    8928:	3c000002          	sfpnop

    892c:	e8000481          	sfpshft	L2,L1,0x000,0

    8930:	dc0000c1          	sfpexexp	L3,L0,0

    8934:	dc000845          	sfpexexp	L1,L2,1

    8938:	e0000001          	sfpexman	L0,L0,0

    893c:	e0000885          	sfpexman	L2,L2,1

    8940:	e8000c01          	sfpshft	L0,L3,0x000,0

    8944:	40000882          	sfpcast	L2,L2,0

    8948:	dc0000c5          	sfpexexp	L3,L0,1

    894c:	100b7902          	sfpmad	L4,L2,L13,L14,0

    8950:	e0000005          	sfpexman	L0,L0,1

    8954:	c1438659          	sfpload	L5,406,0,7

    8958:	10091482          	sfpmad	L2,L2,L4,L5,0

    895c:	40000002          	sfpcast	L0,L0,0

    8960:	08000842          	sfpsetexp	L1,L2,0x000,0

    8964:	10037902          	sfpmad	L4,L0,L13,L14,0

    8968:	c1438659          	sfpload	L5,406,0,7

    896c:	10011402          	sfpmad	L0,L0,L4,L5,0

    8970:	c1038629          	sfpload	L4,394,0,7

    8974:	080000c2          	sfpsetexp	L3,L0,0x000,0

    8978:	18106482          	sfpmul	L2,L4,L1,L9,0

    897c:	1810e402          	sfpmul	L0,L4,L3,L9,0

    8980:	c0438661          	sfpload	L1,408,0,7

    8984:	48000486          	sfpswap	L2,L1,1

    8988:	3c000002          	sfpnop

    898c:	c0c38661          	sfpload	L3,408,0,7

    8990:	48000c06          	sfpswap	L0,L3,1

    8994:	3c000002          	sfpnop

    8998:	c0438631          	sfpload	L1,396,0,7

    899c:	1006c842          	sfpmad	L1,L1,L11,L2,0

    89a0:	c0c38631          	sfpload	L3,396,0,7

    89a4:	ec000401          	sfpsetcc	L1,0x000,0

    89a8:	f0002481          	sfpmov	L2,L9,0

    89ac:	2800c02a          	sfpencc	0x003,10

    89b0:	100ec0c2          	sfpmad	L3,L3,L11,L0,0

    89b4:	c1038321          	sfpload	L4,200,0,7

    89b8:	ec000c01          	sfpsetcc	L3,0x000,0

    89bc:	f0002401          	sfpmov	L0,L9,0

    89c0:	2800c02a          	sfpencc	0x003,10

    89c4:	18092442          	sfpmul	L1,L2,L4,L9,0

    89c8:	c1438329          	sfpload	L5,202,0,7

    89cc:	142a888a          	sfpadd	L2,L10,L10,L2,2

    89d0:	180164c2          	sfpmul	L3,L0,L5,L9,0

    89d4:	c1838639          	sfpload	L6,398,0,7

    89d8:	142a800a          	sfpadd	L0,L10,L10,L0,2

    89dc:	c1c38021          	sfpload	L7,8,0,7

    89e0:	10059dc2          	sfpmad	L7,L1,L6,L7,0

    89e4:	1810a502          	sfpmul	L4,L4,L2,L9,0

    89e8:	c9c38021          	sfpstore	L7,8,0,7

    89ec:	c1c38029          	sfpload	L7,10,0,7

    89f0:	100d9dc2          	sfpmad	L7,L3,L6,L7,0

    89f4:	c9038321          	sfpstore	L4,200,0,7

    89f8:	c9c38029          	sfpstore	L7,10,0,7

    89fc:	18142542          	sfpmul	L5,L5,L0,L9,0

    8a00:	c1838641          	sfpload	L6,400,0,7

    8a04:	c9438329          	sfpstore	L5,202,0,7

    8a08:	c1c38121          	sfpload	L7,72,0,7

    8a0c:	10059dc2          	sfpmad	L7,L1,L6,L7,0

    8a10:	c1438129          	sfpload	L5,74,0,7

    8a14:	c9c38121          	sfpstore	L7,72,0,7

    8a18:	100d9542          	sfpmad	L5,L3,L6,L5,0

    8a1c:	c1838649          	sfpload	L6,402,0,7

    8a20:	c9438129          	sfpstore	L5,74,0,7

    8a24:	c1c38221          	sfpload	L7,136,0,7

    8a28:	10059dc2          	sfpmad	L7,L1,L6,L7,0

    8a2c:	c1438229          	sfpload	L5,138,0,7

    8a30:	100d9542          	sfpmad	L5,L3,L6,L5,0

    8a34:	c9c38221          	sfpstore	L7,136,0,7

    8a38:	c9438229          	sfpstore	L5,138,0,7

    8a3c:	00008067          	ret

00008a40 <void (anonymous namespace)::blend_pair_body<3ul, 1ul>()>:
    8a40:	c0838431          	sfpload	L2,268,0,7

    8a44:	c0438531          	sfpload	L1,332,0,7

    8a48:	c1838601          	sfpload	L6,384,0,7

    8a4c:	c1438609          	sfpload	L5,386,0,7

    8a50:	1428988a          	sfpadd	L2,L10,L2,L6,2

    8a54:	1428544a          	sfpadd	L1,L10,L1,L5,2

    8a58:	1808a542          	sfpmul	L5,L2,L2,L9,0

    8a5c:	c1038611          	sfpload	L4,388,0,7

    8a60:	18116502          	sfpmul	L4,L4,L5,L9,0

    8a64:	18086482          	sfpmul	L2,L2,L1,L9,0

    8a68:	c0c38619          	sfpload	L3,390,0,7

    8a6c:	100c9082          	sfpmad	L2,L3,L2,L4,0

    8a70:	18046442          	sfpmul	L1,L1,L1,L9,0

    8a74:	c0038621          	sfpload	L0,392,0,7

    8a78:	10004802          	sfpmad	L0,L0,L1,L2,0

    8a7c:	3c000002          	sfpnop

    8a80:	48002406          	sfpswap	L0,L9,1

    8a84:	3c000002          	sfpnop

    8a88:	18032402          	sfpmul	L0,L0,L12,L9,0

    8a8c:	c1038659          	sfpload	L4,406,0,7

    8a90:	d50bf801          	sfpaddi	L0,17150,0

    8a94:	3c000002          	sfpnop

    8a98:	48000246          	sfpswap	L9,L0,1

    8a9c:	3c000002          	sfpnop

    8aa0:	dc000041          	sfpexexp	L1,L0,0

    8aa4:	e0000001          	sfpexman	L0,L0,0

    8aa8:	e8000401          	sfpshft	L0,L1,0x000,0

    8aac:	dc000045          	sfpexexp	L1,L0,1

    8ab0:	e0000005          	sfpexman	L0,L0,1

    8ab4:	40000002          	sfpcast	L0,L0,0

    8ab8:	10037882          	sfpmad	L2,L0,L13,L14,0

    8abc:	c1438629          	sfpload	L5,394,0,7

    8ac0:	10009002          	sfpmad	L0,L0,L2,L4,0

    8ac4:	c1838661          	sfpload	L6,408,0,7

    8ac8:	08000042          	sfpsetexp	L1,L0,0x000,0

    8acc:	18146402          	sfpmul	L0,L5,L1,L9,0

    8ad0:	c1c38631          	sfpload	L7,396,0,7

    8ad4:	48001806          	sfpswap	L0,L6,1

    8ad8:	3c000002          	sfpnop

    8adc:	c0c38639          	sfpload	L3,398,0,7

    8ae0:	c1038641          	sfpload	L4,400,0,7

    8ae4:	c1438649          	sfpload	L5,402,0,7

    8ae8:	101ec042          	sfpmad	L1,L7,L11,L0,0

    8aec:	c0838331          	sfpload	L2,204,0,7

    8af0:	ec000401          	sfpsetcc	L1,0x000,0

    8af4:	f0002401          	sfpmov	L0,L9,0

    8af8:	2800c02a          	sfpencc	0x003,10

    8afc:	1800a442          	sfpmul	L1,L0,L2,L9,0

    8b00:	142a800a          	sfpadd	L0,L10,L10,L0,2

    8b04:	c1838031          	sfpload	L6,12,0,7

    8b08:	1004d982          	sfpmad	L6,L1,L3,L6,0

    8b0c:	18082402          	sfpmul	L0,L2,L0,L9,0

    8b10:	c9838031          	sfpstore	L6,12,0,7

    8b14:	c1c38131          	sfpload	L7,76,0,7

    8b18:	10051dc2          	sfpmad	L7,L1,L4,L7,0

    8b1c:	c1838231          	sfpload	L6,140,0,7

    8b20:	c9c38131          	sfpstore	L7,76,0,7

    8b24:	10055982          	sfpmad	L6,L1,L5,L6,0

    8b28:	c8038331          	sfpstore	L0,204,0,7

    8b2c:	c9838231          	sfpstore	L6,140,0,7

    8b30:	00008067          	ret

00008b34 <void (anonymous namespace)::blend_pair_body<3ul, 2ul>()>:
    8b34:	c0838439          	sfpload	L2,270,0,7

    8b38:	c0438539          	sfpload	L1,334,0,7

    8b3c:	c1838601          	sfpload	L6,384,0,7

    8b40:	c1438609          	sfpload	L5,386,0,7

    8b44:	1428988a          	sfpadd	L2,L10,L2,L6,2

    8b48:	1428544a          	sfpadd	L1,L10,L1,L5,2

    8b4c:	1808a542          	sfpmul	L5,L2,L2,L9,0

    8b50:	c1038611          	sfpload	L4,388,0,7

    8b54:	18116502          	sfpmul	L4,L4,L5,L9,0

    8b58:	18086482          	sfpmul	L2,L2,L1,L9,0

    8b5c:	c0c38619          	sfpload	L3,390,0,7

    8b60:	100c9082          	sfpmad	L2,L3,L2,L4,0

    8b64:	18046442          	sfpmul	L1,L1,L1,L9,0

    8b68:	c0038621          	sfpload	L0,392,0,7

    8b6c:	10004802          	sfpmad	L0,L0,L1,L2,0

    8b70:	3c000002          	sfpnop

    8b74:	48002406          	sfpswap	L0,L9,1

    8b78:	3c000002          	sfpnop

    8b7c:	18032402          	sfpmul	L0,L0,L12,L9,0

    8b80:	c1038659          	sfpload	L4,406,0,7

    8b84:	d50bf801          	sfpaddi	L0,17150,0

    8b88:	3c000002          	sfpnop

    8b8c:	48000246          	sfpswap	L9,L0,1

    8b90:	3c000002          	sfpnop

    8b94:	dc000041          	sfpexexp	L1,L0,0

    8b98:	e0000001          	sfpexman	L0,L0,0

    8b9c:	e8000401          	sfpshft	L0,L1,0x000,0

    8ba0:	dc000045          	sfpexexp	L1,L0,1

    8ba4:	e0000005          	sfpexman	L0,L0,1

    8ba8:	40000002          	sfpcast	L0,L0,0

    8bac:	10037882          	sfpmad	L2,L0,L13,L14,0

    8bb0:	c1438629          	sfpload	L5,394,0,7

    8bb4:	10009002          	sfpmad	L0,L0,L2,L4,0

    8bb8:	c1838661          	sfpload	L6,408,0,7

    8bbc:	08000042          	sfpsetexp	L1,L0,0x000,0

    8bc0:	18146402          	sfpmul	L0,L5,L1,L9,0

    8bc4:	c1c38631          	sfpload	L7,396,0,7

    8bc8:	48001806          	sfpswap	L0,L6,1

    8bcc:	3c000002          	sfpnop

    8bd0:	c0c38639          	sfpload	L3,398,0,7

    8bd4:	c1038641          	sfpload	L4,400,0,7

    8bd8:	c1438649          	sfpload	L5,402,0,7

    8bdc:	101ec042          	sfpmad	L1,L7,L11,L0,0

    8be0:	c0838339          	sfpload	L2,206,0,7

    8be4:	ec000401          	sfpsetcc	L1,0x000,0

    8be8:	f0002401          	sfpmov	L0,L9,0

    8bec:	2800c02a          	sfpencc	0x003,10

    8bf0:	1800a442          	sfpmul	L1,L0,L2,L9,0

    8bf4:	142a800a          	sfpadd	L0,L10,L10,L0,2

    8bf8:	c1838039          	sfpload	L6,14,0,7

    8bfc:	1004d982          	sfpmad	L6,L1,L3,L6,0

    8c00:	18082402          	sfpmul	L0,L2,L0,L9,0

    8c04:	c9838039          	sfpstore	L6,14,0,7

    8c08:	c1c38139          	sfpload	L7,78,0,7

    8c0c:	10051dc2          	sfpmad	L7,L1,L4,L7,0

    8c10:	c1838239          	sfpload	L6,142,0,7

    8c14:	c9c38139          	sfpstore	L7,78,0,7

    8c18:	10055982          	sfpmad	L6,L1,L5,L6,0

    8c1c:	c8038339          	sfpstore	L0,206,0,7

    8c20:	c9838239          	sfpstore	L6,142,0,7

    8c24:	00008067          	ret

00008c28 <void (anonymous namespace)::blend_pair_body<3ul, 3ul>()>:
    8c28:	c0038601          	sfpload	L0,384,0,7

    8c2c:	c0438609          	sfpload	L1,386,0,7

    8c30:	c0838431          	sfpload	L2,268,0,7

    8c34:	c0c38531          	sfpload	L3,332,0,7

    8c38:	1428808a          	sfpadd	L2,L10,L2,L0,2

    8c3c:	c1038439          	sfpload	L4,270,0,7

    8c40:	1428c4ca          	sfpadd	L3,L10,L3,L1,2

    8c44:	1429010a          	sfpadd	L4,L10,L4,L0,2

    8c48:	c0038539          	sfpload	L0,334,0,7

    8c4c:	1808a542          	sfpmul	L5,L2,L2,L9,0

    8c50:	1428040a          	sfpadd	L0,L10,L0,L1,2

    8c54:	c0438611          	sfpload	L1,388,0,7

    8c58:	18056542          	sfpmul	L5,L1,L5,L9,0

    8c5c:	18112582          	sfpmul	L6,L4,L4,L9,0

    8c60:	1808e482          	sfpmul	L2,L2,L3,L9,0

    8c64:	1805a582          	sfpmul	L6,L1,L6,L9,0

    8c68:	c0438619          	sfpload	L1,390,0,7

    8c6c:	10049482          	sfpmad	L2,L1,L2,L5,0

    8c70:	18102502          	sfpmul	L4,L4,L0,L9,0

    8c74:	180ce4c2          	sfpmul	L3,L3,L3,L9,0

    8c78:	10051902          	sfpmad	L4,L1,L4,L6,0

    8c7c:	c0438621          	sfpload	L1,392,0,7

    8c80:	1004c882          	sfpmad	L2,L1,L3,L2,0

    8c84:	18002402          	sfpmul	L0,L0,L0,L9,0

    8c88:	48002486          	sfpswap	L2,L9,1

    8c8c:	3c000002          	sfpnop

    8c90:	10041002          	sfpmad	L0,L1,L0,L4,0

    8c94:	180b2482          	sfpmul	L2,L2,L12,L9,0

    8c98:	48002406          	sfpswap	L0,L9,1

    8c9c:	3c000002          	sfpnop

    8ca0:	d50bf881          	sfpaddi	L2,17150,0

    8ca4:	18032402          	sfpmul	L0,L0,L12,L9,0

    8ca8:	3c000002          	sfpnop

    8cac:	48000a46          	sfpswap	L9,L2,1

    8cb0:	3c000002          	sfpnop

    8cb4:	d50bf801          	sfpaddi	L0,17150,0

    8cb8:	dc000841          	sfpexexp	L1,L2,0

    8cbc:	e0000881          	sfpexman	L2,L2,0

    8cc0:	3c000002          	sfpnop

    8cc4:	48000246          	sfpswap	L9,L0,1

    8cc8:	3c000002          	sfpnop

    8ccc:	e8000481          	sfpshft	L2,L1,0x000,0

    8cd0:	dc0000c1          	sfpexexp	L3,L0,0

    8cd4:	dc000845          	sfpexexp	L1,L2,1

    8cd8:	e0000001          	sfpexman	L0,L0,0

    8cdc:	e0000885          	sfpexman	L2,L2,1

    8ce0:	e8000c01          	sfpshft	L0,L3,0x000,0

    8ce4:	40000882          	sfpcast	L2,L2,0

    8ce8:	dc0000c5          	sfpexexp	L3,L0,1

    8cec:	100b7902          	sfpmad	L4,L2,L13,L14,0

    8cf0:	e0000005          	sfpexman	L0,L0,1

    8cf4:	c1438659          	sfpload	L5,406,0,7

    8cf8:	10091482          	sfpmad	L2,L2,L4,L5,0

    8cfc:	40000002          	sfpcast	L0,L0,0

    8d00:	08000842          	sfpsetexp	L1,L2,0x000,0

    8d04:	10037902          	sfpmad	L4,L0,L13,L14,0

    8d08:	c1438659          	sfpload	L5,406,0,7

    8d0c:	10011402          	sfpmad	L0,L0,L4,L5,0

    8d10:	c1038629          	sfpload	L4,394,0,7

    8d14:	080000c2          	sfpsetexp	L3,L0,0x000,0

    8d18:	18106482          	sfpmul	L2,L4,L1,L9,0

    8d1c:	1810e402          	sfpmul	L0,L4,L3,L9,0

    8d20:	c0438661          	sfpload	L1,408,0,7

    8d24:	48000486          	sfpswap	L2,L1,1

    8d28:	3c000002          	sfpnop

    8d2c:	c0c38661          	sfpload	L3,408,0,7

    8d30:	48000c06          	sfpswap	L0,L3,1

    8d34:	3c000002          	sfpnop

    8d38:	c0438631          	sfpload	L1,396,0,7

    8d3c:	1006c842          	sfpmad	L1,L1,L11,L2,0

    8d40:	c0c38631          	sfpload	L3,396,0,7

    8d44:	ec000401          	sfpsetcc	L1,0x000,0

    8d48:	f0002481          	sfpmov	L2,L9,0

    8d4c:	2800c02a          	sfpencc	0x003,10

    8d50:	100ec0c2          	sfpmad	L3,L3,L11,L0,0

    8d54:	c1038331          	sfpload	L4,204,0,7

    8d58:	ec000c01          	sfpsetcc	L3,0x000,0

    8d5c:	f0002401          	sfpmov	L0,L9,0

    8d60:	2800c02a          	sfpencc	0x003,10

    8d64:	18092442          	sfpmul	L1,L2,L4,L9,0

    8d68:	c1438339          	sfpload	L5,206,0,7

    8d6c:	142a888a          	sfpadd	L2,L10,L10,L2,2

    8d70:	180164c2          	sfpmul	L3,L0,L5,L9,0

    8d74:	c1838639          	sfpload	L6,398,0,7

    8d78:	142a800a          	sfpadd	L0,L10,L10,L0,2

    8d7c:	c1c38031          	sfpload	L7,12,0,7

    8d80:	10059dc2          	sfpmad	L7,L1,L6,L7,0

    8d84:	1810a502          	sfpmul	L4,L4,L2,L9,0

    8d88:	c9c38031          	sfpstore	L7,12,0,7

    8d8c:	c1c38039          	sfpload	L7,14,0,7

    8d90:	100d9dc2          	sfpmad	L7,L3,L6,L7,0

    8d94:	c9038331          	sfpstore	L4,204,0,7

    8d98:	c9c38039          	sfpstore	L7,14,0,7

    8d9c:	18142542          	sfpmul	L5,L5,L0,L9,0

    8da0:	c1838641          	sfpload	L6,400,0,7

    8da4:	c9438339          	sfpstore	L5,206,0,7

    8da8:	c1c38131          	sfpload	L7,76,0,7

    8dac:	10059dc2          	sfpmad	L7,L1,L6,L7,0

    8db0:	c1438139          	sfpload	L5,78,0,7

    8db4:	c9c38131          	sfpstore	L7,76,0,7

    8db8:	100d9542          	sfpmad	L5,L3,L6,L5,0

    8dbc:	c1838649          	sfpload	L6,402,0,7

    8dc0:	c9438139          	sfpstore	L5,78,0,7

    8dc4:	c1c38231          	sfpload	L7,140,0,7

    8dc8:	10059dc2          	sfpmad	L7,L1,L6,L7,0

    8dcc:	c1438239          	sfpload	L5,142,0,7

    8dd0:	100d9542          	sfpmad	L5,L3,L6,L5,0

    8dd4:	c9c38231          	sfpstore	L7,140,0,7

    8dd8:	c9438239          	sfpstore	L5,142,0,7

    8ddc:	00008067          	ret

00008de0 <void (anonymous namespace)::blend_pair_body<4ul, 1ul>()>:
    8de0:	c0838441          	sfpload	L2,272,0,7

    8de4:	c0438541          	sfpload	L1,336,0,7

    8de8:	c1838601          	sfpload	L6,384,0,7

    8dec:	c1438609          	sfpload	L5,386,0,7

    8df0:	1428988a          	sfpadd	L2,L10,L2,L6,2

    8df4:	1428544a          	sfpadd	L1,L10,L1,L5,2

    8df8:	1808a542          	sfpmul	L5,L2,L2,L9,0

    8dfc:	c1038611          	sfpload	L4,388,0,7

    8e00:	18116502          	sfpmul	L4,L4,L5,L9,0

    8e04:	18086482          	sfpmul	L2,L2,L1,L9,0

    8e08:	c0c38619          	sfpload	L3,390,0,7

    8e0c:	100c9082          	sfpmad	L2,L3,L2,L4,0

    8e10:	18046442          	sfpmul	L1,L1,L1,L9,0

    8e14:	c0038621          	sfpload	L0,392,0,7

    8e18:	10004802          	sfpmad	L0,L0,L1,L2,0

    8e1c:	3c000002          	sfpnop

    8e20:	48002406          	sfpswap	L0,L9,1

    8e24:	3c000002          	sfpnop

    8e28:	18032402          	sfpmul	L0,L0,L12,L9,0

    8e2c:	c1038659          	sfpload	L4,406,0,7

    8e30:	d50bf801          	sfpaddi	L0,17150,0

    8e34:	3c000002          	sfpnop

    8e38:	48000246          	sfpswap	L9,L0,1

    8e3c:	3c000002          	sfpnop

    8e40:	dc000041          	sfpexexp	L1,L0,0

    8e44:	e0000001          	sfpexman	L0,L0,0

    8e48:	e8000401          	sfpshft	L0,L1,0x000,0

    8e4c:	dc000045          	sfpexexp	L1,L0,1

    8e50:	e0000005          	sfpexman	L0,L0,1

    8e54:	40000002          	sfpcast	L0,L0,0

    8e58:	10037882          	sfpmad	L2,L0,L13,L14,0

    8e5c:	c1438629          	sfpload	L5,394,0,7

    8e60:	10009002          	sfpmad	L0,L0,L2,L4,0

    8e64:	c1838661          	sfpload	L6,408,0,7

    8e68:	08000042          	sfpsetexp	L1,L0,0x000,0

    8e6c:	18146402          	sfpmul	L0,L5,L1,L9,0

    8e70:	c1c38631          	sfpload	L7,396,0,7

    8e74:	48001806          	sfpswap	L0,L6,1

    8e78:	3c000002          	sfpnop

    8e7c:	c0c38639          	sfpload	L3,398,0,7

    8e80:	c1038641          	sfpload	L4,400,0,7

    8e84:	c1438649          	sfpload	L5,402,0,7

    8e88:	101ec042          	sfpmad	L1,L7,L11,L0,0

    8e8c:	c0838341          	sfpload	L2,208,0,7

    8e90:	ec000401          	sfpsetcc	L1,0x000,0

    8e94:	f0002401          	sfpmov	L0,L9,0

    8e98:	2800c02a          	sfpencc	0x003,10

    8e9c:	1800a442          	sfpmul	L1,L0,L2,L9,0

    8ea0:	142a800a          	sfpadd	L0,L10,L10,L0,2

    8ea4:	c1838041          	sfpload	L6,16,0,7

    8ea8:	1004d982          	sfpmad	L6,L1,L3,L6,0

    8eac:	18082402          	sfpmul	L0,L2,L0,L9,0

    8eb0:	c9838041          	sfpstore	L6,16,0,7

    8eb4:	c1c38141          	sfpload	L7,80,0,7

    8eb8:	10051dc2          	sfpmad	L7,L1,L4,L7,0

    8ebc:	c1838241          	sfpload	L6,144,0,7

    8ec0:	c9c38141          	sfpstore	L7,80,0,7

    8ec4:	10055982          	sfpmad	L6,L1,L5,L6,0

    8ec8:	c8038341          	sfpstore	L0,208,0,7

    8ecc:	c9838241          	sfpstore	L6,144,0,7

    8ed0:	00008067          	ret

00008ed4 <void (anonymous namespace)::blend_pair_body<4ul, 2ul>()>:
    8ed4:	c0838449          	sfpload	L2,274,0,7

    8ed8:	c0438549          	sfpload	L1,338,0,7

    8edc:	c1838601          	sfpload	L6,384,0,7

    8ee0:	c1438609          	sfpload	L5,386,0,7

    8ee4:	1428988a          	sfpadd	L2,L10,L2,L6,2

    8ee8:	1428544a          	sfpadd	L1,L10,L1,L5,2

    8eec:	1808a542          	sfpmul	L5,L2,L2,L9,0

    8ef0:	c1038611          	sfpload	L4,388,0,7

    8ef4:	18116502          	sfpmul	L4,L4,L5,L9,0

    8ef8:	18086482          	sfpmul	L2,L2,L1,L9,0

    8efc:	c0c38619          	sfpload	L3,390,0,7

    8f00:	100c9082          	sfpmad	L2,L3,L2,L4,0

    8f04:	18046442          	sfpmul	L1,L1,L1,L9,0

    8f08:	c0038621          	sfpload	L0,392,0,7

    8f0c:	10004802          	sfpmad	L0,L0,L1,L2,0

    8f10:	3c000002          	sfpnop

    8f14:	48002406          	sfpswap	L0,L9,1

    8f18:	3c000002          	sfpnop

    8f1c:	18032402          	sfpmul	L0,L0,L12,L9,0

    8f20:	c1038659          	sfpload	L4,406,0,7

    8f24:	d50bf801          	sfpaddi	L0,17150,0

    8f28:	3c000002          	sfpnop

    8f2c:	48000246          	sfpswap	L9,L0,1

    8f30:	3c000002          	sfpnop

    8f34:	dc000041          	sfpexexp	L1,L0,0

    8f38:	e0000001          	sfpexman	L0,L0,0

    8f3c:	e8000401          	sfpshft	L0,L1,0x000,0

    8f40:	dc000045          	sfpexexp	L1,L0,1

    8f44:	e0000005          	sfpexman	L0,L0,1

    8f48:	40000002          	sfpcast	L0,L0,0

    8f4c:	10037882          	sfpmad	L2,L0,L13,L14,0

    8f50:	c1438629          	sfpload	L5,394,0,7

    8f54:	10009002          	sfpmad	L0,L0,L2,L4,0

    8f58:	c1838661          	sfpload	L6,408,0,7

    8f5c:	08000042          	sfpsetexp	L1,L0,0x000,0

    8f60:	18146402          	sfpmul	L0,L5,L1,L9,0

    8f64:	c1c38631          	sfpload	L7,396,0,7

    8f68:	48001806          	sfpswap	L0,L6,1

    8f6c:	3c000002          	sfpnop

    8f70:	c0c38639          	sfpload	L3,398,0,7

    8f74:	c1038641          	sfpload	L4,400,0,7

    8f78:	c1438649          	sfpload	L5,402,0,7

    8f7c:	101ec042          	sfpmad	L1,L7,L11,L0,0

    8f80:	c0838349          	sfpload	L2,210,0,7

    8f84:	ec000401          	sfpsetcc	L1,0x000,0

    8f88:	f0002401          	sfpmov	L0,L9,0

    8f8c:	2800c02a          	sfpencc	0x003,10

    8f90:	1800a442          	sfpmul	L1,L0,L2,L9,0

    8f94:	142a800a          	sfpadd	L0,L10,L10,L0,2

    8f98:	c1838049          	sfpload	L6,18,0,7

    8f9c:	1004d982          	sfpmad	L6,L1,L3,L6,0

    8fa0:	18082402          	sfpmul	L0,L2,L0,L9,0

    8fa4:	c9838049          	sfpstore	L6,18,0,7

    8fa8:	c1c38149          	sfpload	L7,82,0,7

    8fac:	10051dc2          	sfpmad	L7,L1,L4,L7,0

    8fb0:	c1838249          	sfpload	L6,146,0,7

    8fb4:	c9c38149          	sfpstore	L7,82,0,7

    8fb8:	10055982          	sfpmad	L6,L1,L5,L6,0

    8fbc:	c8038349          	sfpstore	L0,210,0,7

    8fc0:	c9838249          	sfpstore	L6,146,0,7

    8fc4:	00008067          	ret

00008fc8 <void (anonymous namespace)::blend_pair_body<4ul, 3ul>()>:
    8fc8:	c0038601          	sfpload	L0,384,0,7

    8fcc:	c0438609          	sfpload	L1,386,0,7

    8fd0:	c0838441          	sfpload	L2,272,0,7

    8fd4:	c0c38541          	sfpload	L3,336,0,7

    8fd8:	1428808a          	sfpadd	L2,L10,L2,L0,2

    8fdc:	c1038449          	sfpload	L4,274,0,7

    8fe0:	1428c4ca          	sfpadd	L3,L10,L3,L1,2

    8fe4:	1429010a          	sfpadd	L4,L10,L4,L0,2

    8fe8:	c0038549          	sfpload	L0,338,0,7

    8fec:	1808a542          	sfpmul	L5,L2,L2,L9,0

    8ff0:	1428040a          	sfpadd	L0,L10,L0,L1,2

    8ff4:	c0438611          	sfpload	L1,388,0,7

    8ff8:	18056542          	sfpmul	L5,L1,L5,L9,0

    8ffc:	18112582          	sfpmul	L6,L4,L4,L9,0

    9000:	1808e482          	sfpmul	L2,L2,L3,L9,0

    9004:	1805a582          	sfpmul	L6,L1,L6,L9,0

    9008:	c0438619          	sfpload	L1,390,0,7

    900c:	10049482          	sfpmad	L2,L1,L2,L5,0

    9010:	18102502          	sfpmul	L4,L4,L0,L9,0

    9014:	180ce4c2          	sfpmul	L3,L3,L3,L9,0

    9018:	10051902          	sfpmad	L4,L1,L4,L6,0

    901c:	c0438621          	sfpload	L1,392,0,7

    9020:	1004c882          	sfpmad	L2,L1,L3,L2,0

    9024:	18002402          	sfpmul	L0,L0,L0,L9,0

    9028:	48002486          	sfpswap	L2,L9,1

    902c:	3c000002          	sfpnop

    9030:	10041002          	sfpmad	L0,L1,L0,L4,0

    9034:	180b2482          	sfpmul	L2,L2,L12,L9,0

    9038:	48002406          	sfpswap	L0,L9,1

    903c:	3c000002          	sfpnop

    9040:	d50bf881          	sfpaddi	L2,17150,0

    9044:	18032402          	sfpmul	L0,L0,L12,L9,0

    9048:	3c000002          	sfpnop

    904c:	48000a46          	sfpswap	L9,L2,1

    9050:	3c000002          	sfpnop

    9054:	d50bf801          	sfpaddi	L0,17150,0

    9058:	dc000841          	sfpexexp	L1,L2,0

    905c:	e0000881          	sfpexman	L2,L2,0

    9060:	3c000002          	sfpnop

    9064:	48000246          	sfpswap	L9,L0,1

    9068:	3c000002          	sfpnop

    906c:	e8000481          	sfpshft	L2,L1,0x000,0

    9070:	dc0000c1          	sfpexexp	L3,L0,0

    9074:	dc000845          	sfpexexp	L1,L2,1

    9078:	e0000001          	sfpexman	L0,L0,0

    907c:	e0000885          	sfpexman	L2,L2,1

    9080:	e8000c01          	sfpshft	L0,L3,0x000,0

    9084:	40000882          	sfpcast	L2,L2,0

    9088:	dc0000c5          	sfpexexp	L3,L0,1

    908c:	100b7902          	sfpmad	L4,L2,L13,L14,0

    9090:	e0000005          	sfpexman	L0,L0,1

    9094:	c1438659          	sfpload	L5,406,0,7

    9098:	10091482          	sfpmad	L2,L2,L4,L5,0

    909c:	40000002          	sfpcast	L0,L0,0

    90a0:	08000842          	sfpsetexp	L1,L2,0x000,0

    90a4:	10037902          	sfpmad	L4,L0,L13,L14,0

    90a8:	c1438659          	sfpload	L5,406,0,7

    90ac:	10011402          	sfpmad	L0,L0,L4,L5,0

    90b0:	c1038629          	sfpload	L4,394,0,7

    90b4:	080000c2          	sfpsetexp	L3,L0,0x000,0

    90b8:	18106482          	sfpmul	L2,L4,L1,L9,0

    90bc:	1810e402          	sfpmul	L0,L4,L3,L9,0

    90c0:	c0438661          	sfpload	L1,408,0,7

    90c4:	48000486          	sfpswap	L2,L1,1

    90c8:	3c000002          	sfpnop

    90cc:	c0c38661          	sfpload	L3,408,0,7

    90d0:	48000c06          	sfpswap	L0,L3,1

    90d4:	3c000002          	sfpnop

    90d8:	c0438631          	sfpload	L1,396,0,7

    90dc:	1006c842          	sfpmad	L1,L1,L11,L2,0

    90e0:	c0c38631          	sfpload	L3,396,0,7

    90e4:	ec000401          	sfpsetcc	L1,0x000,0

    90e8:	f0002481          	sfpmov	L2,L9,0

    90ec:	2800c02a          	sfpencc	0x003,10

    90f0:	100ec0c2          	sfpmad	L3,L3,L11,L0,0

    90f4:	c1038341          	sfpload	L4,208,0,7

    90f8:	ec000c01          	sfpsetcc	L3,0x000,0

    90fc:	f0002401          	sfpmov	L0,L9,0

    9100:	2800c02a          	sfpencc	0x003,10

    9104:	18092442          	sfpmul	L1,L2,L4,L9,0

    9108:	c1438349          	sfpload	L5,210,0,7

    910c:	142a888a          	sfpadd	L2,L10,L10,L2,2

    9110:	180164c2          	sfpmul	L3,L0,L5,L9,0

    9114:	c1838639          	sfpload	L6,398,0,7

    9118:	142a800a          	sfpadd	L0,L10,L10,L0,2

    911c:	c1c38041          	sfpload	L7,16,0,7

    9120:	10059dc2          	sfpmad	L7,L1,L6,L7,0

    9124:	1810a502          	sfpmul	L4,L4,L2,L9,0

    9128:	c9c38041          	sfpstore	L7,16,0,7

    912c:	c1c38049          	sfpload	L7,18,0,7

    9130:	100d9dc2          	sfpmad	L7,L3,L6,L7,0

    9134:	c9038341          	sfpstore	L4,208,0,7

    9138:	c9c38049          	sfpstore	L7,18,0,7

    913c:	18142542          	sfpmul	L5,L5,L0,L9,0

    9140:	c1838641          	sfpload	L6,400,0,7

    9144:	c9438349          	sfpstore	L5,210,0,7

    9148:	c1c38141          	sfpload	L7,80,0,7

    914c:	10059dc2          	sfpmad	L7,L1,L6,L7,0

    9150:	c1438149          	sfpload	L5,82,0,7

    9154:	c9c38141          	sfpstore	L7,80,0,7

    9158:	100d9542          	sfpmad	L5,L3,L6,L5,0

    915c:	c1838649          	sfpload	L6,402,0,7

    9160:	c9438149          	sfpstore	L5,82,0,7

    9164:	c1c38241          	sfpload	L7,144,0,7

    9168:	10059dc2          	sfpmad	L7,L1,L6,L7,0

    916c:	c1438249          	sfpload	L5,146,0,7

    9170:	100d9542          	sfpmad	L5,L3,L6,L5,0

    9174:	c9c38241          	sfpstore	L7,144,0,7

    9178:	c9438249          	sfpstore	L5,146,0,7

    917c:	00008067          	ret

00009180 <void (anonymous namespace)::blend_pair_body<5ul, 1ul>()>:
    9180:	c0838451          	sfpload	L2,276,0,7

    9184:	c0438551          	sfpload	L1,340,0,7

    9188:	c1838601          	sfpload	L6,384,0,7

    918c:	c1438609          	sfpload	L5,386,0,7

    9190:	1428988a          	sfpadd	L2,L10,L2,L6,2

    9194:	1428544a          	sfpadd	L1,L10,L1,L5,2

    9198:	1808a542          	sfpmul	L5,L2,L2,L9,0

    919c:	c1038611          	sfpload	L4,388,0,7

    91a0:	18116502          	sfpmul	L4,L4,L5,L9,0

    91a4:	18086482          	sfpmul	L2,L2,L1,L9,0

    91a8:	c0c38619          	sfpload	L3,390,0,7

    91ac:	100c9082          	sfpmad	L2,L3,L2,L4,0

    91b0:	18046442          	sfpmul	L1,L1,L1,L9,0

    91b4:	c0038621          	sfpload	L0,392,0,7

    91b8:	10004802          	sfpmad	L0,L0,L1,L2,0

    91bc:	3c000002          	sfpnop

    91c0:	48002406          	sfpswap	L0,L9,1

    91c4:	3c000002          	sfpnop

    91c8:	18032402          	sfpmul	L0,L0,L12,L9,0

    91cc:	c1038659          	sfpload	L4,406,0,7

    91d0:	d50bf801          	sfpaddi	L0,17150,0

    91d4:	3c000002          	sfpnop

    91d8:	48000246          	sfpswap	L9,L0,1

    91dc:	3c000002          	sfpnop

    91e0:	dc000041          	sfpexexp	L1,L0,0

    91e4:	e0000001          	sfpexman	L0,L0,0

    91e8:	e8000401          	sfpshft	L0,L1,0x000,0

    91ec:	dc000045          	sfpexexp	L1,L0,1

    91f0:	e0000005          	sfpexman	L0,L0,1

    91f4:	40000002          	sfpcast	L0,L0,0

    91f8:	10037882          	sfpmad	L2,L0,L13,L14,0

    91fc:	c1438629          	sfpload	L5,394,0,7

    9200:	10009002          	sfpmad	L0,L0,L2,L4,0

    9204:	c1838661          	sfpload	L6,408,0,7

    9208:	08000042          	sfpsetexp	L1,L0,0x000,0

    920c:	18146402          	sfpmul	L0,L5,L1,L9,0

    9210:	c1c38631          	sfpload	L7,396,0,7

    9214:	48001806          	sfpswap	L0,L6,1

    9218:	3c000002          	sfpnop

    921c:	c0c38639          	sfpload	L3,398,0,7

    9220:	c1038641          	sfpload	L4,400,0,7

    9224:	c1438649          	sfpload	L5,402,0,7

    9228:	101ec042          	sfpmad	L1,L7,L11,L0,0

    922c:	c0838351          	sfpload	L2,212,0,7

    9230:	ec000401          	sfpsetcc	L1,0x000,0

    9234:	f0002401          	sfpmov	L0,L9,0

    9238:	2800c02a          	sfpencc	0x003,10

    923c:	1800a442          	sfpmul	L1,L0,L2,L9,0

    9240:	142a800a          	sfpadd	L0,L10,L10,L0,2

    9244:	c1838051          	sfpload	L6,20,0,7

    9248:	1004d982          	sfpmad	L6,L1,L3,L6,0

    924c:	18082402          	sfpmul	L0,L2,L0,L9,0

    9250:	c9838051          	sfpstore	L6,20,0,7

    9254:	c1c38151          	sfpload	L7,84,0,7

    9258:	10051dc2          	sfpmad	L7,L1,L4,L7,0

    925c:	c1838251          	sfpload	L6,148,0,7

    9260:	c9c38151          	sfpstore	L7,84,0,7

    9264:	10055982          	sfpmad	L6,L1,L5,L6,0

    9268:	c8038351          	sfpstore	L0,212,0,7

    926c:	c9838251          	sfpstore	L6,148,0,7

    9270:	00008067          	ret

00009274 <void (anonymous namespace)::blend_pair_body<5ul, 2ul>()>:
    9274:	c0838459          	sfpload	L2,278,0,7

    9278:	c0438559          	sfpload	L1,342,0,7

    927c:	c1838601          	sfpload	L6,384,0,7

    9280:	c1438609          	sfpload	L5,386,0,7

    9284:	1428988a          	sfpadd	L2,L10,L2,L6,2

    9288:	1428544a          	sfpadd	L1,L10,L1,L5,2

    928c:	1808a542          	sfpmul	L5,L2,L2,L9,0

    9290:	c1038611          	sfpload	L4,388,0,7

    9294:	18116502          	sfpmul	L4,L4,L5,L9,0

    9298:	18086482          	sfpmul	L2,L2,L1,L9,0

    929c:	c0c38619          	sfpload	L3,390,0,7

    92a0:	100c9082          	sfpmad	L2,L3,L2,L4,0

    92a4:	18046442          	sfpmul	L1,L1,L1,L9,0

    92a8:	c0038621          	sfpload	L0,392,0,7

    92ac:	10004802          	sfpmad	L0,L0,L1,L2,0

    92b0:	3c000002          	sfpnop

    92b4:	48002406          	sfpswap	L0,L9,1

    92b8:	3c000002          	sfpnop

    92bc:	18032402          	sfpmul	L0,L0,L12,L9,0

    92c0:	c1038659          	sfpload	L4,406,0,7

    92c4:	d50bf801          	sfpaddi	L0,17150,0

    92c8:	3c000002          	sfpnop

    92cc:	48000246          	sfpswap	L9,L0,1

    92d0:	3c000002          	sfpnop

    92d4:	dc000041          	sfpexexp	L1,L0,0

    92d8:	e0000001          	sfpexman	L0,L0,0

    92dc:	e8000401          	sfpshft	L0,L1,0x000,0

    92e0:	dc000045          	sfpexexp	L1,L0,1

    92e4:	e0000005          	sfpexman	L0,L0,1

    92e8:	40000002          	sfpcast	L0,L0,0

    92ec:	10037882          	sfpmad	L2,L0,L13,L14,0

    92f0:	c1438629          	sfpload	L5,394,0,7

    92f4:	10009002          	sfpmad	L0,L0,L2,L4,0

    92f8:	c1838661          	sfpload	L6,408,0,7

    92fc:	08000042          	sfpsetexp	L1,L0,0x000,0

    9300:	18146402          	sfpmul	L0,L5,L1,L9,0

    9304:	c1c38631          	sfpload	L7,396,0,7

    9308:	48001806          	sfpswap	L0,L6,1

    930c:	3c000002          	sfpnop

    9310:	c0c38639          	sfpload	L3,398,0,7

    9314:	c1038641          	sfpload	L4,400,0,7

    9318:	c1438649          	sfpload	L5,402,0,7

    931c:	101ec042          	sfpmad	L1,L7,L11,L0,0

    9320:	c0838359          	sfpload	L2,214,0,7

    9324:	ec000401          	sfpsetcc	L1,0x000,0

    9328:	f0002401          	sfpmov	L0,L9,0

    932c:	2800c02a          	sfpencc	0x003,10

    9330:	1800a442          	sfpmul	L1,L0,L2,L9,0

    9334:	142a800a          	sfpadd	L0,L10,L10,L0,2

    9338:	c1838059          	sfpload	L6,22,0,7

    933c:	1004d982          	sfpmad	L6,L1,L3,L6,0

    9340:	18082402          	sfpmul	L0,L2,L0,L9,0

    9344:	c9838059          	sfpstore	L6,22,0,7

    9348:	c1c38159          	sfpload	L7,86,0,7

    934c:	10051dc2          	sfpmad	L7,L1,L4,L7,0

    9350:	c1838259          	sfpload	L6,150,0,7

    9354:	c9c38159          	sfpstore	L7,86,0,7

    9358:	10055982          	sfpmad	L6,L1,L5,L6,0

    935c:	c8038359          	sfpstore	L0,214,0,7

    9360:	c9838259          	sfpstore	L6,150,0,7

    9364:	00008067          	ret

00009368 <void (anonymous namespace)::blend_pair_body<5ul, 3ul>()>:
    9368:	c0038601          	sfpload	L0,384,0,7

    936c:	c0438609          	sfpload	L1,386,0,7

    9370:	c0838451          	sfpload	L2,276,0,7

    9374:	c0c38551          	sfpload	L3,340,0,7

    9378:	1428808a          	sfpadd	L2,L10,L2,L0,2

    937c:	c1038459          	sfpload	L4,278,0,7

    9380:	1428c4ca          	sfpadd	L3,L10,L3,L1,2

    9384:	1429010a          	sfpadd	L4,L10,L4,L0,2

    9388:	c0038559          	sfpload	L0,342,0,7

    938c:	1808a542          	sfpmul	L5,L2,L2,L9,0

    9390:	1428040a          	sfpadd	L0,L10,L0,L1,2

    9394:	c0438611          	sfpload	L1,388,0,7

    9398:	18056542          	sfpmul	L5,L1,L5,L9,0

    939c:	18112582          	sfpmul	L6,L4,L4,L9,0

    93a0:	1808e482          	sfpmul	L2,L2,L3,L9,0

    93a4:	1805a582          	sfpmul	L6,L1,L6,L9,0

    93a8:	c0438619          	sfpload	L1,390,0,7

    93ac:	10049482          	sfpmad	L2,L1,L2,L5,0

    93b0:	18102502          	sfpmul	L4,L4,L0,L9,0

    93b4:	180ce4c2          	sfpmul	L3,L3,L3,L9,0

    93b8:	10051902          	sfpmad	L4,L1,L4,L6,0

    93bc:	c0438621          	sfpload	L1,392,0,7

    93c0:	1004c882          	sfpmad	L2,L1,L3,L2,0

    93c4:	18002402          	sfpmul	L0,L0,L0,L9,0

    93c8:	48002486          	sfpswap	L2,L9,1

    93cc:	3c000002          	sfpnop

    93d0:	10041002          	sfpmad	L0,L1,L0,L4,0

    93d4:	180b2482          	sfpmul	L2,L2,L12,L9,0

    93d8:	48002406          	sfpswap	L0,L9,1

    93dc:	3c000002          	sfpnop

    93e0:	d50bf881          	sfpaddi	L2,17150,0

    93e4:	18032402          	sfpmul	L0,L0,L12,L9,0

    93e8:	3c000002          	sfpnop

    93ec:	48000a46          	sfpswap	L9,L2,1

    93f0:	3c000002          	sfpnop

    93f4:	d50bf801          	sfpaddi	L0,17150,0

    93f8:	dc000841          	sfpexexp	L1,L2,0

    93fc:	e0000881          	sfpexman	L2,L2,0

    9400:	3c000002          	sfpnop

    9404:	48000246          	sfpswap	L9,L0,1

    9408:	3c000002          	sfpnop

    940c:	e8000481          	sfpshft	L2,L1,0x000,0

    9410:	dc0000c1          	sfpexexp	L3,L0,0

    9414:	dc000845          	sfpexexp	L1,L2,1

    9418:	e0000001          	sfpexman	L0,L0,0

    941c:	e0000885          	sfpexman	L2,L2,1

    9420:	e8000c01          	sfpshft	L0,L3,0x000,0

    9424:	40000882          	sfpcast	L2,L2,0

    9428:	dc0000c5          	sfpexexp	L3,L0,1

    942c:	100b7902          	sfpmad	L4,L2,L13,L14,0

    9430:	e0000005          	sfpexman	L0,L0,1

    9434:	c1438659          	sfpload	L5,406,0,7

    9438:	10091482          	sfpmad	L2,L2,L4,L5,0

    943c:	40000002          	sfpcast	L0,L0,0

    9440:	08000842          	sfpsetexp	L1,L2,0x000,0

    9444:	10037902          	sfpmad	L4,L0,L13,L14,0

    9448:	c1438659          	sfpload	L5,406,0,7

    944c:	10011402          	sfpmad	L0,L0,L4,L5,0

    9450:	c1038629          	sfpload	L4,394,0,7

    9454:	080000c2          	sfpsetexp	L3,L0,0x000,0

    9458:	18106482          	sfpmul	L2,L4,L1,L9,0

    945c:	1810e402          	sfpmul	L0,L4,L3,L9,0

    9460:	c0438661          	sfpload	L1,408,0,7

    9464:	48000486          	sfpswap	L2,L1,1

    9468:	3c000002          	sfpnop

    946c:	c0c38661          	sfpload	L3,408,0,7

    9470:	48000c06          	sfpswap	L0,L3,1

    9474:	3c000002          	sfpnop

    9478:	c0438631          	sfpload	L1,396,0,7

    947c:	1006c842          	sfpmad	L1,L1,L11,L2,0

    9480:	c0c38631          	sfpload	L3,396,0,7

    9484:	ec000401          	sfpsetcc	L1,0x000,0

    9488:	f0002481          	sfpmov	L2,L9,0

    948c:	2800c02a          	sfpencc	0x003,10

    9490:	100ec0c2          	sfpmad	L3,L3,L11,L0,0

    9494:	c1038351          	sfpload	L4,212,0,7

    9498:	ec000c01          	sfpsetcc	L3,0x000,0

    949c:	f0002401          	sfpmov	L0,L9,0

    94a0:	2800c02a          	sfpencc	0x003,10

    94a4:	18092442          	sfpmul	L1,L2,L4,L9,0

    94a8:	c1438359          	sfpload	L5,214,0,7

    94ac:	142a888a          	sfpadd	L2,L10,L10,L2,2

    94b0:	180164c2          	sfpmul	L3,L0,L5,L9,0

    94b4:	c1838639          	sfpload	L6,398,0,7

    94b8:	142a800a          	sfpadd	L0,L10,L10,L0,2

    94bc:	c1c38051          	sfpload	L7,20,0,7

    94c0:	10059dc2          	sfpmad	L7,L1,L6,L7,0

    94c4:	1810a502          	sfpmul	L4,L4,L2,L9,0

    94c8:	c9c38051          	sfpstore	L7,20,0,7

    94cc:	c1c38059          	sfpload	L7,22,0,7

    94d0:	100d9dc2          	sfpmad	L7,L3,L6,L7,0

    94d4:	c9038351          	sfpstore	L4,212,0,7

    94d8:	c9c38059          	sfpstore	L7,22,0,7

    94dc:	18142542          	sfpmul	L5,L5,L0,L9,0

    94e0:	c1838641          	sfpload	L6,400,0,7

    94e4:	c9438359          	sfpstore	L5,214,0,7

    94e8:	c1c38151          	sfpload	L7,84,0,7

    94ec:	10059dc2          	sfpmad	L7,L1,L6,L7,0

    94f0:	c1438159          	sfpload	L5,86,0,7

    94f4:	c9c38151          	sfpstore	L7,84,0,7

    94f8:	100d9542          	sfpmad	L5,L3,L6,L5,0

    94fc:	c1838649          	sfpload	L6,402,0,7

    9500:	c9438159          	sfpstore	L5,86,0,7

    9504:	c1c38251          	sfpload	L7,148,0,7

    9508:	10059dc2          	sfpmad	L7,L1,L6,L7,0

    950c:	c1438259          	sfpload	L5,150,0,7

    9510:	100d9542          	sfpmad	L5,L3,L6,L5,0

    9514:	c9c38251          	sfpstore	L7,148,0,7

    9518:	c9438259          	sfpstore	L5,150,0,7

    951c:	00008067          	ret

00009520 <void (anonymous namespace)::blend_pair_body<6ul, 1ul>()>:
    9520:	c0838461          	sfpload	L2,280,0,7

    9524:	c0438561          	sfpload	L1,344,0,7

    9528:	c1838601          	sfpload	L6,384,0,7

    952c:	c1438609          	sfpload	L5,386,0,7

    9530:	1428988a          	sfpadd	L2,L10,L2,L6,2

    9534:	1428544a          	sfpadd	L1,L10,L1,L5,2

    9538:	1808a542          	sfpmul	L5,L2,L2,L9,0

    953c:	c1038611          	sfpload	L4,388,0,7

    9540:	18116502          	sfpmul	L4,L4,L5,L9,0

    9544:	18086482          	sfpmul	L2,L2,L1,L9,0

    9548:	c0c38619          	sfpload	L3,390,0,7

    954c:	100c9082          	sfpmad	L2,L3,L2,L4,0

    9550:	18046442          	sfpmul	L1,L1,L1,L9,0

    9554:	c0038621          	sfpload	L0,392,0,7

    9558:	10004802          	sfpmad	L0,L0,L1,L2,0

    955c:	3c000002          	sfpnop

    9560:	48002406          	sfpswap	L0,L9,1

    9564:	3c000002          	sfpnop

    9568:	18032402          	sfpmul	L0,L0,L12,L9,0

    956c:	c1038659          	sfpload	L4,406,0,7

    9570:	d50bf801          	sfpaddi	L0,17150,0

    9574:	3c000002          	sfpnop

    9578:	48000246          	sfpswap	L9,L0,1

    957c:	3c000002          	sfpnop

    9580:	dc000041          	sfpexexp	L1,L0,0

    9584:	e0000001          	sfpexman	L0,L0,0

    9588:	e8000401          	sfpshft	L0,L1,0x000,0

    958c:	dc000045          	sfpexexp	L1,L0,1

    9590:	e0000005          	sfpexman	L0,L0,1

    9594:	40000002          	sfpcast	L0,L0,0

    9598:	10037882          	sfpmad	L2,L0,L13,L14,0

    959c:	c1438629          	sfpload	L5,394,0,7

    95a0:	10009002          	sfpmad	L0,L0,L2,L4,0

    95a4:	c1838661          	sfpload	L6,408,0,7

    95a8:	08000042          	sfpsetexp	L1,L0,0x000,0

    95ac:	18146402          	sfpmul	L0,L5,L1,L9,0

    95b0:	c1c38631          	sfpload	L7,396,0,7

    95b4:	48001806          	sfpswap	L0,L6,1

    95b8:	3c000002          	sfpnop

    95bc:	c0c38639          	sfpload	L3,398,0,7

    95c0:	c1038641          	sfpload	L4,400,0,7

    95c4:	c1438649          	sfpload	L5,402,0,7

    95c8:	101ec042          	sfpmad	L1,L7,L11,L0,0

    95cc:	c0838361          	sfpload	L2,216,0,7

    95d0:	ec000401          	sfpsetcc	L1,0x000,0

    95d4:	f0002401          	sfpmov	L0,L9,0

    95d8:	2800c02a          	sfpencc	0x003,10

    95dc:	1800a442          	sfpmul	L1,L0,L2,L9,0

    95e0:	142a800a          	sfpadd	L0,L10,L10,L0,2

    95e4:	c1838061          	sfpload	L6,24,0,7

    95e8:	1004d982          	sfpmad	L6,L1,L3,L6,0

    95ec:	18082402          	sfpmul	L0,L2,L0,L9,0

    95f0:	c9838061          	sfpstore	L6,24,0,7

    95f4:	c1c38161          	sfpload	L7,88,0,7

    95f8:	10051dc2          	sfpmad	L7,L1,L4,L7,0

    95fc:	c1838261          	sfpload	L6,152,0,7

    9600:	c9c38161          	sfpstore	L7,88,0,7

    9604:	10055982          	sfpmad	L6,L1,L5,L6,0

    9608:	c8038361          	sfpstore	L0,216,0,7

    960c:	c9838261          	sfpstore	L6,152,0,7

    9610:	00008067          	ret

00009614 <void (anonymous namespace)::blend_pair_body<6ul, 2ul>()>:
    9614:	c0838469          	sfpload	L2,282,0,7

    9618:	c0438569          	sfpload	L1,346,0,7

    961c:	c1838601          	sfpload	L6,384,0,7

    9620:	c1438609          	sfpload	L5,386,0,7

    9624:	1428988a          	sfpadd	L2,L10,L2,L6,2

    9628:	1428544a          	sfpadd	L1,L10,L1,L5,2

    962c:	1808a542          	sfpmul	L5,L2,L2,L9,0

    9630:	c1038611          	sfpload	L4,388,0,7

    9634:	18116502          	sfpmul	L4,L4,L5,L9,0

    9638:	18086482          	sfpmul	L2,L2,L1,L9,0

    963c:	c0c38619          	sfpload	L3,390,0,7

    9640:	100c9082          	sfpmad	L2,L3,L2,L4,0

    9644:	18046442          	sfpmul	L1,L1,L1,L9,0

    9648:	c0038621          	sfpload	L0,392,0,7

    964c:	10004802          	sfpmad	L0,L0,L1,L2,0

    9650:	3c000002          	sfpnop

    9654:	48002406          	sfpswap	L0,L9,1

    9658:	3c000002          	sfpnop

    965c:	18032402          	sfpmul	L0,L0,L12,L9,0

    9660:	c1038659          	sfpload	L4,406,0,7

    9664:	d50bf801          	sfpaddi	L0,17150,0

    9668:	3c000002          	sfpnop

    966c:	48000246          	sfpswap	L9,L0,1

    9670:	3c000002          	sfpnop

    9674:	dc000041          	sfpexexp	L1,L0,0

    9678:	e0000001          	sfpexman	L0,L0,0

    967c:	e8000401          	sfpshft	L0,L1,0x000,0

    9680:	dc000045          	sfpexexp	L1,L0,1

    9684:	e0000005          	sfpexman	L0,L0,1

    9688:	40000002          	sfpcast	L0,L0,0

    968c:	10037882          	sfpmad	L2,L0,L13,L14,0

    9690:	c1438629          	sfpload	L5,394,0,7

    9694:	10009002          	sfpmad	L0,L0,L2,L4,0

    9698:	c1838661          	sfpload	L6,408,0,7

    969c:	08000042          	sfpsetexp	L1,L0,0x000,0

    96a0:	18146402          	sfpmul	L0,L5,L1,L9,0

    96a4:	c1c38631          	sfpload	L7,396,0,7

    96a8:	48001806          	sfpswap	L0,L6,1

    96ac:	3c000002          	sfpnop

    96b0:	c0c38639          	sfpload	L3,398,0,7

    96b4:	c1038641          	sfpload	L4,400,0,7

    96b8:	c1438649          	sfpload	L5,402,0,7

    96bc:	101ec042          	sfpmad	L1,L7,L11,L0,0

    96c0:	c0838369          	sfpload	L2,218,0,7

    96c4:	ec000401          	sfpsetcc	L1,0x000,0

    96c8:	f0002401          	sfpmov	L0,L9,0

    96cc:	2800c02a          	sfpencc	0x003,10

    96d0:	1800a442          	sfpmul	L1,L0,L2,L9,0

    96d4:	142a800a          	sfpadd	L0,L10,L10,L0,2

    96d8:	c1838069          	sfpload	L6,26,0,7

    96dc:	1004d982          	sfpmad	L6,L1,L3,L6,0

    96e0:	18082402          	sfpmul	L0,L2,L0,L9,0

    96e4:	c9838069          	sfpstore	L6,26,0,7

    96e8:	c1c38169          	sfpload	L7,90,0,7

    96ec:	10051dc2          	sfpmad	L7,L1,L4,L7,0

    96f0:	c1838269          	sfpload	L6,154,0,7

    96f4:	c9c38169          	sfpstore	L7,90,0,7

    96f8:	10055982          	sfpmad	L6,L1,L5,L6,0

    96fc:	c8038369          	sfpstore	L0,218,0,7

    9700:	c9838269          	sfpstore	L6,154,0,7

    9704:	00008067          	ret

00009708 <void (anonymous namespace)::blend_pair_body<6ul, 3ul>()>:
    9708:	c0038601          	sfpload	L0,384,0,7

    970c:	c0438609          	sfpload	L1,386,0,7

    9710:	c0838461          	sfpload	L2,280,0,7

    9714:	c0c38561          	sfpload	L3,344,0,7

    9718:	1428808a          	sfpadd	L2,L10,L2,L0,2

    971c:	c1038469          	sfpload	L4,282,0,7

    9720:	1428c4ca          	sfpadd	L3,L10,L3,L1,2

    9724:	1429010a          	sfpadd	L4,L10,L4,L0,2

    9728:	c0038569          	sfpload	L0,346,0,7

    972c:	1808a542          	sfpmul	L5,L2,L2,L9,0

    9730:	1428040a          	sfpadd	L0,L10,L0,L1,2

    9734:	c0438611          	sfpload	L1,388,0,7

    9738:	18056542          	sfpmul	L5,L1,L5,L9,0

    973c:	18112582          	sfpmul	L6,L4,L4,L9,0

    9740:	1808e482          	sfpmul	L2,L2,L3,L9,0

    9744:	1805a582          	sfpmul	L6,L1,L6,L9,0

    9748:	c0438619          	sfpload	L1,390,0,7

    974c:	10049482          	sfpmad	L2,L1,L2,L5,0

    9750:	18102502          	sfpmul	L4,L4,L0,L9,0

    9754:	180ce4c2          	sfpmul	L3,L3,L3,L9,0

    9758:	10051902          	sfpmad	L4,L1,L4,L6,0

    975c:	c0438621          	sfpload	L1,392,0,7

    9760:	1004c882          	sfpmad	L2,L1,L3,L2,0

    9764:	18002402          	sfpmul	L0,L0,L0,L9,0

    9768:	48002486          	sfpswap	L2,L9,1

    976c:	3c000002          	sfpnop

    9770:	10041002          	sfpmad	L0,L1,L0,L4,0

    9774:	180b2482          	sfpmul	L2,L2,L12,L9,0

    9778:	48002406          	sfpswap	L0,L9,1

    977c:	3c000002          	sfpnop

    9780:	d50bf881          	sfpaddi	L2,17150,0

    9784:	18032402          	sfpmul	L0,L0,L12,L9,0

    9788:	3c000002          	sfpnop

    978c:	48000a46          	sfpswap	L9,L2,1

    9790:	3c000002          	sfpnop

    9794:	d50bf801          	sfpaddi	L0,17150,0

    9798:	dc000841          	sfpexexp	L1,L2,0

    979c:	e0000881          	sfpexman	L2,L2,0

    97a0:	3c000002          	sfpnop

    97a4:	48000246          	sfpswap	L9,L0,1

    97a8:	3c000002          	sfpnop

    97ac:	e8000481          	sfpshft	L2,L1,0x000,0

    97b0:	dc0000c1          	sfpexexp	L3,L0,0

    97b4:	dc000845          	sfpexexp	L1,L2,1

    97b8:	e0000001          	sfpexman	L0,L0,0

    97bc:	e0000885          	sfpexman	L2,L2,1

    97c0:	e8000c01          	sfpshft	L0,L3,0x000,0

    97c4:	40000882          	sfpcast	L2,L2,0

    97c8:	dc0000c5          	sfpexexp	L3,L0,1

    97cc:	100b7902          	sfpmad	L4,L2,L13,L14,0

    97d0:	e0000005          	sfpexman	L0,L0,1

    97d4:	c1438659          	sfpload	L5,406,0,7

    97d8:	10091482          	sfpmad	L2,L2,L4,L5,0

    97dc:	40000002          	sfpcast	L0,L0,0

    97e0:	08000842          	sfpsetexp	L1,L2,0x000,0

    97e4:	10037902          	sfpmad	L4,L0,L13,L14,0

    97e8:	c1438659          	sfpload	L5,406,0,7

    97ec:	10011402          	sfpmad	L0,L0,L4,L5,0

    97f0:	c1038629          	sfpload	L4,394,0,7

    97f4:	080000c2          	sfpsetexp	L3,L0,0x000,0

    97f8:	18106482          	sfpmul	L2,L4,L1,L9,0

    97fc:	1810e402          	sfpmul	L0,L4,L3,L9,0

    9800:	c0438661          	sfpload	L1,408,0,7

    9804:	48000486          	sfpswap	L2,L1,1

    9808:	3c000002          	sfpnop

    980c:	c0c38661          	sfpload	L3,408,0,7

    9810:	48000c06          	sfpswap	L0,L3,1

    9814:	3c000002          	sfpnop

    9818:	c0438631          	sfpload	L1,396,0,7

    981c:	1006c842          	sfpmad	L1,L1,L11,L2,0

    9820:	c0c38631          	sfpload	L3,396,0,7

    9824:	ec000401          	sfpsetcc	L1,0x000,0

    9828:	f0002481          	sfpmov	L2,L9,0

    982c:	2800c02a          	sfpencc	0x003,10

    9830:	100ec0c2          	sfpmad	L3,L3,L11,L0,0

    9834:	c1038361          	sfpload	L4,216,0,7

    9838:	ec000c01          	sfpsetcc	L3,0x000,0

    983c:	f0002401          	sfpmov	L0,L9,0

    9840:	2800c02a          	sfpencc	0x003,10

    9844:	18092442          	sfpmul	L1,L2,L4,L9,0

    9848:	c1438369          	sfpload	L5,218,0,7

    984c:	142a888a          	sfpadd	L2,L10,L10,L2,2

    9850:	180164c2          	sfpmul	L3,L0,L5,L9,0

    9854:	c1838639          	sfpload	L6,398,0,7

    9858:	142a800a          	sfpadd	L0,L10,L10,L0,2

    985c:	c1c38061          	sfpload	L7,24,0,7

    9860:	10059dc2          	sfpmad	L7,L1,L6,L7,0

    9864:	1810a502          	sfpmul	L4,L4,L2,L9,0

    9868:	c9c38061          	sfpstore	L7,24,0,7

    986c:	c1c38069          	sfpload	L7,26,0,7

    9870:	100d9dc2          	sfpmad	L7,L3,L6,L7,0

    9874:	c9038361          	sfpstore	L4,216,0,7

    9878:	c9c38069          	sfpstore	L7,26,0,7

    987c:	18142542          	sfpmul	L5,L5,L0,L9,0

    9880:	c1838641          	sfpload	L6,400,0,7

    9884:	c9438369          	sfpstore	L5,218,0,7

    9888:	c1c38161          	sfpload	L7,88,0,7

    988c:	10059dc2          	sfpmad	L7,L1,L6,L7,0

    9890:	c1438169          	sfpload	L5,90,0,7

    9894:	c9c38161          	sfpstore	L7,88,0,7

    9898:	100d9542          	sfpmad	L5,L3,L6,L5,0

    989c:	c1838649          	sfpload	L6,402,0,7

    98a0:	c9438169          	sfpstore	L5,90,0,7

    98a4:	c1c38261          	sfpload	L7,152,0,7

    98a8:	10059dc2          	sfpmad	L7,L1,L6,L7,0

    98ac:	c1438269          	sfpload	L5,154,0,7

    98b0:	100d9542          	sfpmad	L5,L3,L6,L5,0

    98b4:	c9c38261          	sfpstore	L7,152,0,7

    98b8:	c9438269          	sfpstore	L5,154,0,7

    98bc:	00008067          	ret

000098c0 <void (anonymous namespace)::blend_pair_body<7ul, 1ul>()>:
    98c0:	c0838471          	sfpload	L2,284,0,7

    98c4:	c0438571          	sfpload	L1,348,0,7

    98c8:	c1838601          	sfpload	L6,384,0,7

    98cc:	c1438609          	sfpload	L5,386,0,7

    98d0:	1428988a          	sfpadd	L2,L10,L2,L6,2

    98d4:	1428544a          	sfpadd	L1,L10,L1,L5,2

    98d8:	1808a542          	sfpmul	L5,L2,L2,L9,0

    98dc:	c1038611          	sfpload	L4,388,0,7

    98e0:	18116502          	sfpmul	L4,L4,L5,L9,0

    98e4:	18086482          	sfpmul	L2,L2,L1,L9,0

    98e8:	c0c38619          	sfpload	L3,390,0,7

    98ec:	100c9082          	sfpmad	L2,L3,L2,L4,0

    98f0:	18046442          	sfpmul	L1,L1,L1,L9,0

    98f4:	c0038621          	sfpload	L0,392,0,7

    98f8:	10004802          	sfpmad	L0,L0,L1,L2,0

    98fc:	3c000002          	sfpnop

    9900:	48002406          	sfpswap	L0,L9,1

    9904:	3c000002          	sfpnop

    9908:	18032402          	sfpmul	L0,L0,L12,L9,0

    990c:	c1038659          	sfpload	L4,406,0,7

    9910:	d50bf801          	sfpaddi	L0,17150,0

    9914:	3c000002          	sfpnop

    9918:	48000246          	sfpswap	L9,L0,1

    991c:	3c000002          	sfpnop

    9920:	dc000041          	sfpexexp	L1,L0,0

    9924:	e0000001          	sfpexman	L0,L0,0

    9928:	e8000401          	sfpshft	L0,L1,0x000,0

    992c:	dc000045          	sfpexexp	L1,L0,1

    9930:	e0000005          	sfpexman	L0,L0,1

    9934:	40000002          	sfpcast	L0,L0,0

    9938:	10037882          	sfpmad	L2,L0,L13,L14,0

    993c:	c1438629          	sfpload	L5,394,0,7

    9940:	10009002          	sfpmad	L0,L0,L2,L4,0

    9944:	c1838661          	sfpload	L6,408,0,7

    9948:	08000042          	sfpsetexp	L1,L0,0x000,0

    994c:	18146402          	sfpmul	L0,L5,L1,L9,0

    9950:	c1c38631          	sfpload	L7,396,0,7

    9954:	48001806          	sfpswap	L0,L6,1

    9958:	3c000002          	sfpnop

    995c:	c0c38639          	sfpload	L3,398,0,7

    9960:	c1038641          	sfpload	L4,400,0,7

    9964:	c1438649          	sfpload	L5,402,0,7

    9968:	101ec042          	sfpmad	L1,L7,L11,L0,0

    996c:	c0838371          	sfpload	L2,220,0,7

    9970:	ec000401          	sfpsetcc	L1,0x000,0

    9974:	f0002401          	sfpmov	L0,L9,0

    9978:	2800c02a          	sfpencc	0x003,10

    997c:	1800a442          	sfpmul	L1,L0,L2,L9,0

    9980:	142a800a          	sfpadd	L0,L10,L10,L0,2

    9984:	c1838071          	sfpload	L6,28,0,7

    9988:	1004d982          	sfpmad	L6,L1,L3,L6,0

    998c:	18082402          	sfpmul	L0,L2,L0,L9,0

    9990:	c9838071          	sfpstore	L6,28,0,7

    9994:	c1c38171          	sfpload	L7,92,0,7

    9998:	10051dc2          	sfpmad	L7,L1,L4,L7,0

    999c:	c1838271          	sfpload	L6,156,0,7

    99a0:	c9c38171          	sfpstore	L7,92,0,7

    99a4:	10055982          	sfpmad	L6,L1,L5,L6,0

    99a8:	c8038371          	sfpstore	L0,220,0,7

    99ac:	c9838271          	sfpstore	L6,156,0,7

    99b0:	00008067          	ret

000099b4 <void (anonymous namespace)::blend_pair_body<7ul, 2ul>()>:
    99b4:	c0838479          	sfpload	L2,286,0,7

    99b8:	c0438579          	sfpload	L1,350,0,7

    99bc:	c1838601          	sfpload	L6,384,0,7

    99c0:	c1438609          	sfpload	L5,386,0,7

    99c4:	1428988a          	sfpadd	L2,L10,L2,L6,2

    99c8:	1428544a          	sfpadd	L1,L10,L1,L5,2

    99cc:	1808a542          	sfpmul	L5,L2,L2,L9,0

    99d0:	c1038611          	sfpload	L4,388,0,7

    99d4:	18116502          	sfpmul	L4,L4,L5,L9,0

    99d8:	18086482          	sfpmul	L2,L2,L1,L9,0

    99dc:	c0c38619          	sfpload	L3,390,0,7

    99e0:	100c9082          	sfpmad	L2,L3,L2,L4,0

    99e4:	18046442          	sfpmul	L1,L1,L1,L9,0

    99e8:	c0038621          	sfpload	L0,392,0,7

    99ec:	10004802          	sfpmad	L0,L0,L1,L2,0

    99f0:	3c000002          	sfpnop

    99f4:	48002406          	sfpswap	L0,L9,1

    99f8:	3c000002          	sfpnop

    99fc:	18032402          	sfpmul	L0,L0,L12,L9,0

    9a00:	c1038659          	sfpload	L4,406,0,7

    9a04:	d50bf801          	sfpaddi	L0,17150,0

    9a08:	3c000002          	sfpnop

    9a0c:	48000246          	sfpswap	L9,L0,1

    9a10:	3c000002          	sfpnop

    9a14:	dc000041          	sfpexexp	L1,L0,0

    9a18:	e0000001          	sfpexman	L0,L0,0

    9a1c:	e8000401          	sfpshft	L0,L1,0x000,0

    9a20:	dc000045          	sfpexexp	L1,L0,1

    9a24:	e0000005          	sfpexman	L0,L0,1

    9a28:	40000002          	sfpcast	L0,L0,0

    9a2c:	10037882          	sfpmad	L2,L0,L13,L14,0

    9a30:	c1438629          	sfpload	L5,394,0,7

    9a34:	10009002          	sfpmad	L0,L0,L2,L4,0

    9a38:	c1838661          	sfpload	L6,408,0,7

    9a3c:	08000042          	sfpsetexp	L1,L0,0x000,0

    9a40:	18146402          	sfpmul	L0,L5,L1,L9,0

    9a44:	c1c38631          	sfpload	L7,396,0,7

    9a48:	48001806          	sfpswap	L0,L6,1

    9a4c:	3c000002          	sfpnop

    9a50:	c0c38639          	sfpload	L3,398,0,7

    9a54:	c1038641          	sfpload	L4,400,0,7

    9a58:	c1438649          	sfpload	L5,402,0,7

    9a5c:	101ec042          	sfpmad	L1,L7,L11,L0,0

    9a60:	c0838379          	sfpload	L2,222,0,7

    9a64:	ec000401          	sfpsetcc	L1,0x000,0

    9a68:	f0002401          	sfpmov	L0,L9,0

    9a6c:	2800c02a          	sfpencc	0x003,10

    9a70:	1800a442          	sfpmul	L1,L0,L2,L9,0

    9a74:	142a800a          	sfpadd	L0,L10,L10,L0,2

    9a78:	c1838079          	sfpload	L6,30,0,7

    9a7c:	1004d982          	sfpmad	L6,L1,L3,L6,0

    9a80:	18082402          	sfpmul	L0,L2,L0,L9,0

    9a84:	c9838079          	sfpstore	L6,30,0,7

    9a88:	c1c38179          	sfpload	L7,94,0,7

    9a8c:	10051dc2          	sfpmad	L7,L1,L4,L7,0

    9a90:	c1838279          	sfpload	L6,158,0,7

    9a94:	c9c38179          	sfpstore	L7,94,0,7

    9a98:	10055982          	sfpmad	L6,L1,L5,L6,0

    9a9c:	c8038379          	sfpstore	L0,222,0,7

    9aa0:	c9838279          	sfpstore	L6,158,0,7

    9aa4:	00008067          	ret

00009aa8 <void (anonymous namespace)::blend_pair_body<7ul, 3ul>()>:
    9aa8:	c0038601          	sfpload	L0,384,0,7

    9aac:	c0438609          	sfpload	L1,386,0,7

    9ab0:	c0838471          	sfpload	L2,284,0,7

    9ab4:	c0c38571          	sfpload	L3,348,0,7

    9ab8:	1428808a          	sfpadd	L2,L10,L2,L0,2

    9abc:	c1038479          	sfpload	L4,286,0,7

    9ac0:	1428c4ca          	sfpadd	L3,L10,L3,L1,2

    9ac4:	1429010a          	sfpadd	L4,L10,L4,L0,2

    9ac8:	c0038579          	sfpload	L0,350,0,7

    9acc:	1808a542          	sfpmul	L5,L2,L2,L9,0

    9ad0:	1428040a          	sfpadd	L0,L10,L0,L1,2

    9ad4:	c0438611          	sfpload	L1,388,0,7

    9ad8:	18056542          	sfpmul	L5,L1,L5,L9,0

    9adc:	18112582          	sfpmul	L6,L4,L4,L9,0

    9ae0:	1808e482          	sfpmul	L2,L2,L3,L9,0

    9ae4:	1805a582          	sfpmul	L6,L1,L6,L9,0

    9ae8:	c0438619          	sfpload	L1,390,0,7

    9aec:	10049482          	sfpmad	L2,L1,L2,L5,0

    9af0:	18102502          	sfpmul	L4,L4,L0,L9,0

    9af4:	180ce4c2          	sfpmul	L3,L3,L3,L9,0

    9af8:	10051902          	sfpmad	L4,L1,L4,L6,0

    9afc:	c0438621          	sfpload	L1,392,0,7

    9b00:	1004c882          	sfpmad	L2,L1,L3,L2,0

    9b04:	18002402          	sfpmul	L0,L0,L0,L9,0

    9b08:	48002486          	sfpswap	L2,L9,1

    9b0c:	3c000002          	sfpnop

    9b10:	10041002          	sfpmad	L0,L1,L0,L4,0

    9b14:	180b2482          	sfpmul	L2,L2,L12,L9,0

    9b18:	48002406          	sfpswap	L0,L9,1

    9b1c:	3c000002          	sfpnop

    9b20:	d50bf881          	sfpaddi	L2,17150,0

    9b24:	18032402          	sfpmul	L0,L0,L12,L9,0

    9b28:	3c000002          	sfpnop

    9b2c:	48000a46          	sfpswap	L9,L2,1

    9b30:	3c000002          	sfpnop

    9b34:	d50bf801          	sfpaddi	L0,17150,0

    9b38:	dc000841          	sfpexexp	L1,L2,0

    9b3c:	e0000881          	sfpexman	L2,L2,0

    9b40:	3c000002          	sfpnop

    9b44:	48000246          	sfpswap	L9,L0,1

    9b48:	3c000002          	sfpnop

    9b4c:	e8000481          	sfpshft	L2,L1,0x000,0

    9b50:	dc0000c1          	sfpexexp	L3,L0,0

    9b54:	dc000845          	sfpexexp	L1,L2,1

    9b58:	e0000001          	sfpexman	L0,L0,0

    9b5c:	e0000885          	sfpexman	L2,L2,1

    9b60:	e8000c01          	sfpshft	L0,L3,0x000,0

    9b64:	40000882          	sfpcast	L2,L2,0

    9b68:	dc0000c5          	sfpexexp	L3,L0,1

    9b6c:	100b7902          	sfpmad	L4,L2,L13,L14,0

    9b70:	e0000005          	sfpexman	L0,L0,1

    9b74:	c1438659          	sfpload	L5,406,0,7

    9b78:	10091482          	sfpmad	L2,L2,L4,L5,0

    9b7c:	40000002          	sfpcast	L0,L0,0

    9b80:	08000842          	sfpsetexp	L1,L2,0x000,0

    9b84:	10037902          	sfpmad	L4,L0,L13,L14,0

    9b88:	c1438659          	sfpload	L5,406,0,7

    9b8c:	10011402          	sfpmad	L0,L0,L4,L5,0

    9b90:	c1038629          	sfpload	L4,394,0,7

    9b94:	080000c2          	sfpsetexp	L3,L0,0x000,0

    9b98:	18106482          	sfpmul	L2,L4,L1,L9,0

    9b9c:	1810e402          	sfpmul	L0,L4,L3,L9,0

    9ba0:	c0438661          	sfpload	L1,408,0,7

    9ba4:	48000486          	sfpswap	L2,L1,1

    9ba8:	3c000002          	sfpnop

    9bac:	c0c38661          	sfpload	L3,408,0,7

    9bb0:	48000c06          	sfpswap	L0,L3,1

    9bb4:	3c000002          	sfpnop

    9bb8:	c0438631          	sfpload	L1,396,0,7

    9bbc:	1006c842          	sfpmad	L1,L1,L11,L2,0

    9bc0:	c0c38631          	sfpload	L3,396,0,7

    9bc4:	ec000401          	sfpsetcc	L1,0x000,0

    9bc8:	f0002481          	sfpmov	L2,L9,0

    9bcc:	2800c02a          	sfpencc	0x003,10

    9bd0:	100ec0c2          	sfpmad	L3,L3,L11,L0,0

    9bd4:	c1038371          	sfpload	L4,220,0,7

    9bd8:	ec000c01          	sfpsetcc	L3,0x000,0

    9bdc:	f0002401          	sfpmov	L0,L9,0

    9be0:	2800c02a          	sfpencc	0x003,10

    9be4:	18092442          	sfpmul	L1,L2,L4,L9,0

    9be8:	c1438379          	sfpload	L5,222,0,7

    9bec:	142a888a          	sfpadd	L2,L10,L10,L2,2

    9bf0:	180164c2          	sfpmul	L3,L0,L5,L9,0

    9bf4:	c1838639          	sfpload	L6,398,0,7

    9bf8:	142a800a          	sfpadd	L0,L10,L10,L0,2

    9bfc:	c1c38071          	sfpload	L7,28,0,7

    9c00:	10059dc2          	sfpmad	L7,L1,L6,L7,0

    9c04:	1810a502          	sfpmul	L4,L4,L2,L9,0

    9c08:	c9c38071          	sfpstore	L7,28,0,7

    9c0c:	c1c38079          	sfpload	L7,30,0,7

    9c10:	100d9dc2          	sfpmad	L7,L3,L6,L7,0

    9c14:	c9038371          	sfpstore	L4,220,0,7

    9c18:	c9c38079          	sfpstore	L7,30,0,7

    9c1c:	18142542          	sfpmul	L5,L5,L0,L9,0

    9c20:	c1838641          	sfpload	L6,400,0,7

    9c24:	c9438379          	sfpstore	L5,222,0,7

    9c28:	c1c38171          	sfpload	L7,92,0,7

    9c2c:	10059dc2          	sfpmad	L7,L1,L6,L7,0

    9c30:	c1438179          	sfpload	L5,94,0,7

    9c34:	c9c38171          	sfpstore	L7,92,0,7

    9c38:	100d9542          	sfpmad	L5,L3,L6,L5,0

    9c3c:	c1838649          	sfpload	L6,402,0,7

    9c40:	c9438179          	sfpstore	L5,94,0,7

    9c44:	c1c38271          	sfpload	L7,156,0,7

    9c48:	10059dc2          	sfpmad	L7,L1,L6,L7,0

    9c4c:	c1438279          	sfpload	L5,158,0,7

    9c50:	100d9542          	sfpmad	L5,L3,L6,L5,0

    9c54:	c9c38271          	sfpstore	L7,156,0,7

    9c58:	c9438279          	sfpstore	L5,158,0,7

    9c5c:	00008067          	ret

00009c60 <void (anonymous namespace)::blend_pair_body<8ul, 1ul>()>:
    9c60:	c0838481          	sfpload	L2,288,0,7

    9c64:	c0438581          	sfpload	L1,352,0,7

    9c68:	c1838601          	sfpload	L6,384,0,7

    9c6c:	c1438609          	sfpload	L5,386,0,7

    9c70:	1428988a          	sfpadd	L2,L10,L2,L6,2

    9c74:	1428544a          	sfpadd	L1,L10,L1,L5,2

    9c78:	1808a542          	sfpmul	L5,L2,L2,L9,0

    9c7c:	c1038611          	sfpload	L4,388,0,7

    9c80:	18116502          	sfpmul	L4,L4,L5,L9,0

    9c84:	18086482          	sfpmul	L2,L2,L1,L9,0

    9c88:	c0c38619          	sfpload	L3,390,0,7

    9c8c:	100c9082          	sfpmad	L2,L3,L2,L4,0

    9c90:	18046442          	sfpmul	L1,L1,L1,L9,0

    9c94:	c0038621          	sfpload	L0,392,0,7

    9c98:	10004802          	sfpmad	L0,L0,L1,L2,0

    9c9c:	3c000002          	sfpnop

    9ca0:	48002406          	sfpswap	L0,L9,1

    9ca4:	3c000002          	sfpnop

    9ca8:	18032402          	sfpmul	L0,L0,L12,L9,0

    9cac:	c1038659          	sfpload	L4,406,0,7

    9cb0:	d50bf801          	sfpaddi	L0,17150,0

    9cb4:	3c000002          	sfpnop

    9cb8:	48000246          	sfpswap	L9,L0,1

    9cbc:	3c000002          	sfpnop

    9cc0:	dc000041          	sfpexexp	L1,L0,0

    9cc4:	e0000001          	sfpexman	L0,L0,0

    9cc8:	e8000401          	sfpshft	L0,L1,0x000,0

    9ccc:	dc000045          	sfpexexp	L1,L0,1

    9cd0:	e0000005          	sfpexman	L0,L0,1

    9cd4:	40000002          	sfpcast	L0,L0,0

    9cd8:	10037882          	sfpmad	L2,L0,L13,L14,0

    9cdc:	c1438629          	sfpload	L5,394,0,7

    9ce0:	10009002          	sfpmad	L0,L0,L2,L4,0

    9ce4:	c1838661          	sfpload	L6,408,0,7

    9ce8:	08000042          	sfpsetexp	L1,L0,0x000,0

    9cec:	18146402          	sfpmul	L0,L5,L1,L9,0

    9cf0:	c1c38631          	sfpload	L7,396,0,7

    9cf4:	48001806          	sfpswap	L0,L6,1

    9cf8:	3c000002          	sfpnop

    9cfc:	c0c38639          	sfpload	L3,398,0,7

    9d00:	c1038641          	sfpload	L4,400,0,7

    9d04:	c1438649          	sfpload	L5,402,0,7

    9d08:	101ec042          	sfpmad	L1,L7,L11,L0,0

    9d0c:	c0838381          	sfpload	L2,224,0,7

    9d10:	ec000401          	sfpsetcc	L1,0x000,0

    9d14:	f0002401          	sfpmov	L0,L9,0

    9d18:	2800c02a          	sfpencc	0x003,10

    9d1c:	1800a442          	sfpmul	L1,L0,L2,L9,0

    9d20:	142a800a          	sfpadd	L0,L10,L10,L0,2

    9d24:	c1838081          	sfpload	L6,32,0,7

    9d28:	1004d982          	sfpmad	L6,L1,L3,L6,0

    9d2c:	18082402          	sfpmul	L0,L2,L0,L9,0

    9d30:	c9838081          	sfpstore	L6,32,0,7

    9d34:	c1c38181          	sfpload	L7,96,0,7

    9d38:	10051dc2          	sfpmad	L7,L1,L4,L7,0

    9d3c:	c1838281          	sfpload	L6,160,0,7

    9d40:	c9c38181          	sfpstore	L7,96,0,7

    9d44:	10055982          	sfpmad	L6,L1,L5,L6,0

    9d48:	c8038381          	sfpstore	L0,224,0,7

    9d4c:	c9838281          	sfpstore	L6,160,0,7

    9d50:	00008067          	ret

00009d54 <void (anonymous namespace)::blend_pair_body<8ul, 2ul>()>:
    9d54:	c0838489          	sfpload	L2,290,0,7

    9d58:	c0438589          	sfpload	L1,354,0,7

    9d5c:	c1838601          	sfpload	L6,384,0,7

    9d60:	c1438609          	sfpload	L5,386,0,7

    9d64:	1428988a          	sfpadd	L2,L10,L2,L6,2

    9d68:	1428544a          	sfpadd	L1,L10,L1,L5,2

    9d6c:	1808a542          	sfpmul	L5,L2,L2,L9,0

    9d70:	c1038611          	sfpload	L4,388,0,7

    9d74:	18116502          	sfpmul	L4,L4,L5,L9,0

    9d78:	18086482          	sfpmul	L2,L2,L1,L9,0

    9d7c:	c0c38619          	sfpload	L3,390,0,7

    9d80:	100c9082          	sfpmad	L2,L3,L2,L4,0

    9d84:	18046442          	sfpmul	L1,L1,L1,L9,0

    9d88:	c0038621          	sfpload	L0,392,0,7

    9d8c:	10004802          	sfpmad	L0,L0,L1,L2,0

    9d90:	3c000002          	sfpnop

    9d94:	48002406          	sfpswap	L0,L9,1

    9d98:	3c000002          	sfpnop

    9d9c:	18032402          	sfpmul	L0,L0,L12,L9,0

    9da0:	c1038659          	sfpload	L4,406,0,7

    9da4:	d50bf801          	sfpaddi	L0,17150,0

    9da8:	3c000002          	sfpnop

    9dac:	48000246          	sfpswap	L9,L0,1

    9db0:	3c000002          	sfpnop

    9db4:	dc000041          	sfpexexp	L1,L0,0

    9db8:	e0000001          	sfpexman	L0,L0,0

    9dbc:	e8000401          	sfpshft	L0,L1,0x000,0

    9dc0:	dc000045          	sfpexexp	L1,L0,1

    9dc4:	e0000005          	sfpexman	L0,L0,1

    9dc8:	40000002          	sfpcast	L0,L0,0

    9dcc:	10037882          	sfpmad	L2,L0,L13,L14,0

    9dd0:	c1438629          	sfpload	L5,394,0,7

    9dd4:	10009002          	sfpmad	L0,L0,L2,L4,0

    9dd8:	c1838661          	sfpload	L6,408,0,7

    9ddc:	08000042          	sfpsetexp	L1,L0,0x000,0

    9de0:	18146402          	sfpmul	L0,L5,L1,L9,0

    9de4:	c1c38631          	sfpload	L7,396,0,7

    9de8:	48001806          	sfpswap	L0,L6,1

    9dec:	3c000002          	sfpnop

    9df0:	c0c38639          	sfpload	L3,398,0,7

    9df4:	c1038641          	sfpload	L4,400,0,7

    9df8:	c1438649          	sfpload	L5,402,0,7

    9dfc:	101ec042          	sfpmad	L1,L7,L11,L0,0

    9e00:	c0838389          	sfpload	L2,226,0,7

    9e04:	ec000401          	sfpsetcc	L1,0x000,0

    9e08:	f0002401          	sfpmov	L0,L9,0

    9e0c:	2800c02a          	sfpencc	0x003,10

    9e10:	1800a442          	sfpmul	L1,L0,L2,L9,0

    9e14:	142a800a          	sfpadd	L0,L10,L10,L0,2

    9e18:	c1838089          	sfpload	L6,34,0,7

    9e1c:	1004d982          	sfpmad	L6,L1,L3,L6,0

    9e20:	18082402          	sfpmul	L0,L2,L0,L9,0

    9e24:	c9838089          	sfpstore	L6,34,0,7

    9e28:	c1c38189          	sfpload	L7,98,0,7

    9e2c:	10051dc2          	sfpmad	L7,L1,L4,L7,0

    9e30:	c1838289          	sfpload	L6,162,0,7

    9e34:	c9c38189          	sfpstore	L7,98,0,7

    9e38:	10055982          	sfpmad	L6,L1,L5,L6,0

    9e3c:	c8038389          	sfpstore	L0,226,0,7

    9e40:	c9838289          	sfpstore	L6,162,0,7

    9e44:	00008067          	ret

00009e48 <void (anonymous namespace)::blend_pair_body<8ul, 3ul>()>:
    9e48:	c0038601          	sfpload	L0,384,0,7

    9e4c:	c0438609          	sfpload	L1,386,0,7

    9e50:	c0838481          	sfpload	L2,288,0,7

    9e54:	c0c38581          	sfpload	L3,352,0,7

    9e58:	1428808a          	sfpadd	L2,L10,L2,L0,2

    9e5c:	c1038489          	sfpload	L4,290,0,7

    9e60:	1428c4ca          	sfpadd	L3,L10,L3,L1,2

    9e64:	1429010a          	sfpadd	L4,L10,L4,L0,2

    9e68:	c0038589          	sfpload	L0,354,0,7

    9e6c:	1808a542          	sfpmul	L5,L2,L2,L9,0

    9e70:	1428040a          	sfpadd	L0,L10,L0,L1,2

    9e74:	c0438611          	sfpload	L1,388,0,7

    9e78:	18056542          	sfpmul	L5,L1,L5,L9,0

    9e7c:	18112582          	sfpmul	L6,L4,L4,L9,0

    9e80:	1808e482          	sfpmul	L2,L2,L3,L9,0

    9e84:	1805a582          	sfpmul	L6,L1,L6,L9,0

    9e88:	c0438619          	sfpload	L1,390,0,7

    9e8c:	10049482          	sfpmad	L2,L1,L2,L5,0

    9e90:	18102502          	sfpmul	L4,L4,L0,L9,0

    9e94:	180ce4c2          	sfpmul	L3,L3,L3,L9,0

    9e98:	10051902          	sfpmad	L4,L1,L4,L6,0

    9e9c:	c0438621          	sfpload	L1,392,0,7

    9ea0:	1004c882          	sfpmad	L2,L1,L3,L2,0

    9ea4:	18002402          	sfpmul	L0,L0,L0,L9,0

    9ea8:	48002486          	sfpswap	L2,L9,1

    9eac:	3c000002          	sfpnop

    9eb0:	10041002          	sfpmad	L0,L1,L0,L4,0

    9eb4:	180b2482          	sfpmul	L2,L2,L12,L9,0

    9eb8:	48002406          	sfpswap	L0,L9,1

    9ebc:	3c000002          	sfpnop

    9ec0:	d50bf881          	sfpaddi	L2,17150,0

    9ec4:	18032402          	sfpmul	L0,L0,L12,L9,0

    9ec8:	3c000002          	sfpnop

    9ecc:	48000a46          	sfpswap	L9,L2,1

    9ed0:	3c000002          	sfpnop

    9ed4:	d50bf801          	sfpaddi	L0,17150,0

    9ed8:	dc000841          	sfpexexp	L1,L2,0

    9edc:	e0000881          	sfpexman	L2,L2,0

    9ee0:	3c000002          	sfpnop

    9ee4:	48000246          	sfpswap	L9,L0,1

    9ee8:	3c000002          	sfpnop

    9eec:	e8000481          	sfpshft	L2,L1,0x000,0

    9ef0:	dc0000c1          	sfpexexp	L3,L0,0

    9ef4:	dc000845          	sfpexexp	L1,L2,1

    9ef8:	e0000001          	sfpexman	L0,L0,0

    9efc:	e0000885          	sfpexman	L2,L2,1

    9f00:	e8000c01          	sfpshft	L0,L3,0x000,0

    9f04:	40000882          	sfpcast	L2,L2,0

    9f08:	dc0000c5          	sfpexexp	L3,L0,1

    9f0c:	100b7902          	sfpmad	L4,L2,L13,L14,0

    9f10:	e0000005          	sfpexman	L0,L0,1

    9f14:	c1438659          	sfpload	L5,406,0,7

    9f18:	10091482          	sfpmad	L2,L2,L4,L5,0

    9f1c:	40000002          	sfpcast	L0,L0,0

    9f20:	08000842          	sfpsetexp	L1,L2,0x000,0

    9f24:	10037902          	sfpmad	L4,L0,L13,L14,0

    9f28:	c1438659          	sfpload	L5,406,0,7

    9f2c:	10011402          	sfpmad	L0,L0,L4,L5,0

    9f30:	c1038629          	sfpload	L4,394,0,7

    9f34:	080000c2          	sfpsetexp	L3,L0,0x000,0

    9f38:	18106482          	sfpmul	L2,L4,L1,L9,0

    9f3c:	1810e402          	sfpmul	L0,L4,L3,L9,0

    9f40:	c0438661          	sfpload	L1,408,0,7

    9f44:	48000486          	sfpswap	L2,L1,1

    9f48:	3c000002          	sfpnop

    9f4c:	c0c38661          	sfpload	L3,408,0,7

    9f50:	48000c06          	sfpswap	L0,L3,1

    9f54:	3c000002          	sfpnop

    9f58:	c0438631          	sfpload	L1,396,0,7

    9f5c:	1006c842          	sfpmad	L1,L1,L11,L2,0

    9f60:	c0c38631          	sfpload	L3,396,0,7

    9f64:	ec000401          	sfpsetcc	L1,0x000,0

    9f68:	f0002481          	sfpmov	L2,L9,0

    9f6c:	2800c02a          	sfpencc	0x003,10

    9f70:	100ec0c2          	sfpmad	L3,L3,L11,L0,0

    9f74:	c1038381          	sfpload	L4,224,0,7

    9f78:	ec000c01          	sfpsetcc	L3,0x000,0

    9f7c:	f0002401          	sfpmov	L0,L9,0

    9f80:	2800c02a          	sfpencc	0x003,10

    9f84:	18092442          	sfpmul	L1,L2,L4,L9,0

    9f88:	c1438389          	sfpload	L5,226,0,7

    9f8c:	142a888a          	sfpadd	L2,L10,L10,L2,2

    9f90:	180164c2          	sfpmul	L3,L0,L5,L9,0

    9f94:	c1838639          	sfpload	L6,398,0,7

    9f98:	142a800a          	sfpadd	L0,L10,L10,L0,2

    9f9c:	c1c38081          	sfpload	L7,32,0,7

    9fa0:	10059dc2          	sfpmad	L7,L1,L6,L7,0

    9fa4:	1810a502          	sfpmul	L4,L4,L2,L9,0

    9fa8:	c9c38081          	sfpstore	L7,32,0,7

    9fac:	c1c38089          	sfpload	L7,34,0,7

    9fb0:	100d9dc2          	sfpmad	L7,L3,L6,L7,0

    9fb4:	c9038381          	sfpstore	L4,224,0,7

    9fb8:	c9c38089          	sfpstore	L7,34,0,7

    9fbc:	18142542          	sfpmul	L5,L5,L0,L9,0

    9fc0:	c1838641          	sfpload	L6,400,0,7

    9fc4:	c9438389          	sfpstore	L5,226,0,7

    9fc8:	c1c38181          	sfpload	L7,96,0,7

    9fcc:	10059dc2          	sfpmad	L7,L1,L6,L7,0

    9fd0:	c1438189          	sfpload	L5,98,0,7

    9fd4:	c9c38181          	sfpstore	L7,96,0,7

    9fd8:	100d9542          	sfpmad	L5,L3,L6,L5,0

    9fdc:	c1838649          	sfpload	L6,402,0,7

    9fe0:	c9438189          	sfpstore	L5,98,0,7

    9fe4:	c1c38281          	sfpload	L7,160,0,7

    9fe8:	10059dc2          	sfpmad	L7,L1,L6,L7,0

    9fec:	c1438289          	sfpload	L5,162,0,7

    9ff0:	100d9542          	sfpmad	L5,L3,L6,L5,0

    9ff4:	c9c38281          	sfpstore	L7,160,0,7

    9ff8:	c9438289          	sfpstore	L5,162,0,7

    9ffc:	00008067          	ret

0000a000 <void (anonymous namespace)::blend_pair_body<9ul, 1ul>()>:
    a000:	c0838491          	sfpload	L2,292,0,7

    a004:	c0438591          	sfpload	L1,356,0,7

    a008:	c1838601          	sfpload	L6,384,0,7

    a00c:	c1438609          	sfpload	L5,386,0,7

    a010:	1428988a          	sfpadd	L2,L10,L2,L6,2

    a014:	1428544a          	sfpadd	L1,L10,L1,L5,2

    a018:	1808a542          	sfpmul	L5,L2,L2,L9,0

    a01c:	c1038611          	sfpload	L4,388,0,7

    a020:	18116502          	sfpmul	L4,L4,L5,L9,0

    a024:	18086482          	sfpmul	L2,L2,L1,L9,0

    a028:	c0c38619          	sfpload	L3,390,0,7

    a02c:	100c9082          	sfpmad	L2,L3,L2,L4,0

    a030:	18046442          	sfpmul	L1,L1,L1,L9,0

    a034:	c0038621          	sfpload	L0,392,0,7

    a038:	10004802          	sfpmad	L0,L0,L1,L2,0

    a03c:	3c000002          	sfpnop

    a040:	48002406          	sfpswap	L0,L9,1

    a044:	3c000002          	sfpnop

    a048:	18032402          	sfpmul	L0,L0,L12,L9,0

    a04c:	c1038659          	sfpload	L4,406,0,7

    a050:	d50bf801          	sfpaddi	L0,17150,0

    a054:	3c000002          	sfpnop

    a058:	48000246          	sfpswap	L9,L0,1

    a05c:	3c000002          	sfpnop

    a060:	dc000041          	sfpexexp	L1,L0,0

    a064:	e0000001          	sfpexman	L0,L0,0

    a068:	e8000401          	sfpshft	L0,L1,0x000,0

    a06c:	dc000045          	sfpexexp	L1,L0,1

    a070:	e0000005          	sfpexman	L0,L0,1

    a074:	40000002          	sfpcast	L0,L0,0

    a078:	10037882          	sfpmad	L2,L0,L13,L14,0

    a07c:	c1438629          	sfpload	L5,394,0,7

    a080:	10009002          	sfpmad	L0,L0,L2,L4,0

    a084:	c1838661          	sfpload	L6,408,0,7

    a088:	08000042          	sfpsetexp	L1,L0,0x000,0

    a08c:	18146402          	sfpmul	L0,L5,L1,L9,0

    a090:	c1c38631          	sfpload	L7,396,0,7

    a094:	48001806          	sfpswap	L0,L6,1

    a098:	3c000002          	sfpnop

    a09c:	c0c38639          	sfpload	L3,398,0,7

    a0a0:	c1038641          	sfpload	L4,400,0,7

    a0a4:	c1438649          	sfpload	L5,402,0,7

    a0a8:	101ec042          	sfpmad	L1,L7,L11,L0,0

    a0ac:	c0838391          	sfpload	L2,228,0,7

    a0b0:	ec000401          	sfpsetcc	L1,0x000,0

    a0b4:	f0002401          	sfpmov	L0,L9,0

    a0b8:	2800c02a          	sfpencc	0x003,10

    a0bc:	1800a442          	sfpmul	L1,L0,L2,L9,0

    a0c0:	142a800a          	sfpadd	L0,L10,L10,L0,2

    a0c4:	c1838091          	sfpload	L6,36,0,7

    a0c8:	1004d982          	sfpmad	L6,L1,L3,L6,0

    a0cc:	18082402          	sfpmul	L0,L2,L0,L9,0

    a0d0:	c9838091          	sfpstore	L6,36,0,7

    a0d4:	c1c38191          	sfpload	L7,100,0,7

    a0d8:	10051dc2          	sfpmad	L7,L1,L4,L7,0

    a0dc:	c1838291          	sfpload	L6,164,0,7

    a0e0:	c9c38191          	sfpstore	L7,100,0,7

    a0e4:	10055982          	sfpmad	L6,L1,L5,L6,0

    a0e8:	c8038391          	sfpstore	L0,228,0,7

    a0ec:	c9838291          	sfpstore	L6,164,0,7

    a0f0:	00008067          	ret

0000a0f4 <void (anonymous namespace)::blend_pair_body<9ul, 2ul>()>:
    a0f4:	c0838499          	sfpload	L2,294,0,7

    a0f8:	c0438599          	sfpload	L1,358,0,7

    a0fc:	c1838601          	sfpload	L6,384,0,7

    a100:	c1438609          	sfpload	L5,386,0,7

    a104:	1428988a          	sfpadd	L2,L10,L2,L6,2

    a108:	1428544a          	sfpadd	L1,L10,L1,L5,2

    a10c:	1808a542          	sfpmul	L5,L2,L2,L9,0

    a110:	c1038611          	sfpload	L4,388,0,7

    a114:	18116502          	sfpmul	L4,L4,L5,L9,0

    a118:	18086482          	sfpmul	L2,L2,L1,L9,0

    a11c:	c0c38619          	sfpload	L3,390,0,7

    a120:	100c9082          	sfpmad	L2,L3,L2,L4,0

    a124:	18046442          	sfpmul	L1,L1,L1,L9,0

    a128:	c0038621          	sfpload	L0,392,0,7

    a12c:	10004802          	sfpmad	L0,L0,L1,L2,0

    a130:	3c000002          	sfpnop

    a134:	48002406          	sfpswap	L0,L9,1

    a138:	3c000002          	sfpnop

    a13c:	18032402          	sfpmul	L0,L0,L12,L9,0

    a140:	c1038659          	sfpload	L4,406,0,7

    a144:	d50bf801          	sfpaddi	L0,17150,0

    a148:	3c000002          	sfpnop

    a14c:	48000246          	sfpswap	L9,L0,1

    a150:	3c000002          	sfpnop

    a154:	dc000041          	sfpexexp	L1,L0,0

    a158:	e0000001          	sfpexman	L0,L0,0

    a15c:	e8000401          	sfpshft	L0,L1,0x000,0

    a160:	dc000045          	sfpexexp	L1,L0,1

    a164:	e0000005          	sfpexman	L0,L0,1

    a168:	40000002          	sfpcast	L0,L0,0

    a16c:	10037882          	sfpmad	L2,L0,L13,L14,0

    a170:	c1438629          	sfpload	L5,394,0,7

    a174:	10009002          	sfpmad	L0,L0,L2,L4,0

    a178:	c1838661          	sfpload	L6,408,0,7

    a17c:	08000042          	sfpsetexp	L1,L0,0x000,0

    a180:	18146402          	sfpmul	L0,L5,L1,L9,0

    a184:	c1c38631          	sfpload	L7,396,0,7

    a188:	48001806          	sfpswap	L0,L6,1

    a18c:	3c000002          	sfpnop

    a190:	c0c38639          	sfpload	L3,398,0,7

    a194:	c1038641          	sfpload	L4,400,0,7

    a198:	c1438649          	sfpload	L5,402,0,7

    a19c:	101ec042          	sfpmad	L1,L7,L11,L0,0

    a1a0:	c0838399          	sfpload	L2,230,0,7

    a1a4:	ec000401          	sfpsetcc	L1,0x000,0

    a1a8:	f0002401          	sfpmov	L0,L9,0

    a1ac:	2800c02a          	sfpencc	0x003,10

    a1b0:	1800a442          	sfpmul	L1,L0,L2,L9,0

    a1b4:	142a800a          	sfpadd	L0,L10,L10,L0,2

    a1b8:	c1838099          	sfpload	L6,38,0,7

    a1bc:	1004d982          	sfpmad	L6,L1,L3,L6,0

    a1c0:	18082402          	sfpmul	L0,L2,L0,L9,0

    a1c4:	c9838099          	sfpstore	L6,38,0,7

    a1c8:	c1c38199          	sfpload	L7,102,0,7

    a1cc:	10051dc2          	sfpmad	L7,L1,L4,L7,0

    a1d0:	c1838299          	sfpload	L6,166,0,7

    a1d4:	c9c38199          	sfpstore	L7,102,0,7

    a1d8:	10055982          	sfpmad	L6,L1,L5,L6,0

    a1dc:	c8038399          	sfpstore	L0,230,0,7

    a1e0:	c9838299          	sfpstore	L6,166,0,7

    a1e4:	00008067          	ret

0000a1e8 <void (anonymous namespace)::blend_pair_body<9ul, 3ul>()>:
    a1e8:	c0038601          	sfpload	L0,384,0,7

    a1ec:	c0438609          	sfpload	L1,386,0,7

    a1f0:	c0838491          	sfpload	L2,292,0,7

    a1f4:	c0c38591          	sfpload	L3,356,0,7

    a1f8:	1428808a          	sfpadd	L2,L10,L2,L0,2

    a1fc:	c1038499          	sfpload	L4,294,0,7

    a200:	1428c4ca          	sfpadd	L3,L10,L3,L1,2

    a204:	1429010a          	sfpadd	L4,L10,L4,L0,2

    a208:	c0038599          	sfpload	L0,358,0,7

    a20c:	1808a542          	sfpmul	L5,L2,L2,L9,0

    a210:	1428040a          	sfpadd	L0,L10,L0,L1,2

    a214:	c0438611          	sfpload	L1,388,0,7

    a218:	18056542          	sfpmul	L5,L1,L5,L9,0

    a21c:	18112582          	sfpmul	L6,L4,L4,L9,0

    a220:	1808e482          	sfpmul	L2,L2,L3,L9,0

    a224:	1805a582          	sfpmul	L6,L1,L6,L9,0

    a228:	c0438619          	sfpload	L1,390,0,7

    a22c:	10049482          	sfpmad	L2,L1,L2,L5,0

    a230:	18102502          	sfpmul	L4,L4,L0,L9,0

    a234:	180ce4c2          	sfpmul	L3,L3,L3,L9,0

    a238:	10051902          	sfpmad	L4,L1,L4,L6,0

    a23c:	c0438621          	sfpload	L1,392,0,7

    a240:	1004c882          	sfpmad	L2,L1,L3,L2,0

    a244:	18002402          	sfpmul	L0,L0,L0,L9,0

    a248:	48002486          	sfpswap	L2,L9,1

    a24c:	3c000002          	sfpnop

    a250:	10041002          	sfpmad	L0,L1,L0,L4,0

    a254:	180b2482          	sfpmul	L2,L2,L12,L9,0

    a258:	48002406          	sfpswap	L0,L9,1

    a25c:	3c000002          	sfpnop

    a260:	d50bf881          	sfpaddi	L2,17150,0

    a264:	18032402          	sfpmul	L0,L0,L12,L9,0

    a268:	3c000002          	sfpnop

    a26c:	48000a46          	sfpswap	L9,L2,1

    a270:	3c000002          	sfpnop

    a274:	d50bf801          	sfpaddi	L0,17150,0

    a278:	dc000841          	sfpexexp	L1,L2,0

    a27c:	e0000881          	sfpexman	L2,L2,0

    a280:	3c000002          	sfpnop

    a284:	48000246          	sfpswap	L9,L0,1

    a288:	3c000002          	sfpnop

    a28c:	e8000481          	sfpshft	L2,L1,0x000,0

    a290:	dc0000c1          	sfpexexp	L3,L0,0

    a294:	dc000845          	sfpexexp	L1,L2,1

    a298:	e0000001          	sfpexman	L0,L0,0

    a29c:	e0000885          	sfpexman	L2,L2,1

    a2a0:	e8000c01          	sfpshft	L0,L3,0x000,0

    a2a4:	40000882          	sfpcast	L2,L2,0

    a2a8:	dc0000c5          	sfpexexp	L3,L0,1

    a2ac:	100b7902          	sfpmad	L4,L2,L13,L14,0

    a2b0:	e0000005          	sfpexman	L0,L0,1

    a2b4:	c1438659          	sfpload	L5,406,0,7

    a2b8:	10091482          	sfpmad	L2,L2,L4,L5,0

    a2bc:	40000002          	sfpcast	L0,L0,0

    a2c0:	08000842          	sfpsetexp	L1,L2,0x000,0

    a2c4:	10037902          	sfpmad	L4,L0,L13,L14,0

    a2c8:	c1438659          	sfpload	L5,406,0,7

    a2cc:	10011402          	sfpmad	L0,L0,L4,L5,0

    a2d0:	c1038629          	sfpload	L4,394,0,7

    a2d4:	080000c2          	sfpsetexp	L3,L0,0x000,0

    a2d8:	18106482          	sfpmul	L2,L4,L1,L9,0

    a2dc:	1810e402          	sfpmul	L0,L4,L3,L9,0

    a2e0:	c0438661          	sfpload	L1,408,0,7

    a2e4:	48000486          	sfpswap	L2,L1,1

    a2e8:	3c000002          	sfpnop

    a2ec:	c0c38661          	sfpload	L3,408,0,7

    a2f0:	48000c06          	sfpswap	L0,L3,1

    a2f4:	3c000002          	sfpnop

    a2f8:	c0438631          	sfpload	L1,396,0,7

    a2fc:	1006c842          	sfpmad	L1,L1,L11,L2,0

    a300:	c0c38631          	sfpload	L3,396,0,7

    a304:	ec000401          	sfpsetcc	L1,0x000,0

    a308:	f0002481          	sfpmov	L2,L9,0

    a30c:	2800c02a          	sfpencc	0x003,10

    a310:	100ec0c2          	sfpmad	L3,L3,L11,L0,0

    a314:	c1038391          	sfpload	L4,228,0,7

    a318:	ec000c01          	sfpsetcc	L3,0x000,0

    a31c:	f0002401          	sfpmov	L0,L9,0

    a320:	2800c02a          	sfpencc	0x003,10

    a324:	18092442          	sfpmul	L1,L2,L4,L9,0

    a328:	c1438399          	sfpload	L5,230,0,7

    a32c:	142a888a          	sfpadd	L2,L10,L10,L2,2

    a330:	180164c2          	sfpmul	L3,L0,L5,L9,0

    a334:	c1838639          	sfpload	L6,398,0,7

    a338:	142a800a          	sfpadd	L0,L10,L10,L0,2

    a33c:	c1c38091          	sfpload	L7,36,0,7

    a340:	10059dc2          	sfpmad	L7,L1,L6,L7,0

    a344:	1810a502          	sfpmul	L4,L4,L2,L9,0

    a348:	c9c38091          	sfpstore	L7,36,0,7

    a34c:	c1c38099          	sfpload	L7,38,0,7

    a350:	100d9dc2          	sfpmad	L7,L3,L6,L7,0

    a354:	c9038391          	sfpstore	L4,228,0,7

    a358:	c9c38099          	sfpstore	L7,38,0,7

    a35c:	18142542          	sfpmul	L5,L5,L0,L9,0

    a360:	c1838641          	sfpload	L6,400,0,7

    a364:	c9438399          	sfpstore	L5,230,0,7

    a368:	c1c38191          	sfpload	L7,100,0,7

    a36c:	10059dc2          	sfpmad	L7,L1,L6,L7,0

    a370:	c1438199          	sfpload	L5,102,0,7

    a374:	c9c38191          	sfpstore	L7,100,0,7

    a378:	100d9542          	sfpmad	L5,L3,L6,L5,0

    a37c:	c1838649          	sfpload	L6,402,0,7

    a380:	c9438199          	sfpstore	L5,102,0,7

    a384:	c1c38291          	sfpload	L7,164,0,7

    a388:	10059dc2          	sfpmad	L7,L1,L6,L7,0

    a38c:	c1438299          	sfpload	L5,166,0,7

    a390:	100d9542          	sfpmad	L5,L3,L6,L5,0

    a394:	c9c38291          	sfpstore	L7,164,0,7

    a398:	c9438299          	sfpstore	L5,166,0,7

    a39c:	00008067          	ret

0000a3a0 <void (anonymous namespace)::blend_pair_body<10ul, 1ul>()>:
    a3a0:	c08384a1          	sfpload	L2,296,0,7

    a3a4:	c04385a1          	sfpload	L1,360,0,7

    a3a8:	c1838601          	sfpload	L6,384,0,7

    a3ac:	c1438609          	sfpload	L5,386,0,7

    a3b0:	1428988a          	sfpadd	L2,L10,L2,L6,2

    a3b4:	1428544a          	sfpadd	L1,L10,L1,L5,2

    a3b8:	1808a542          	sfpmul	L5,L2,L2,L9,0

    a3bc:	c1038611          	sfpload	L4,388,0,7

    a3c0:	18116502          	sfpmul	L4,L4,L5,L9,0

    a3c4:	18086482          	sfpmul	L2,L2,L1,L9,0

    a3c8:	c0c38619          	sfpload	L3,390,0,7

    a3cc:	100c9082          	sfpmad	L2,L3,L2,L4,0

    a3d0:	18046442          	sfpmul	L1,L1,L1,L9,0

    a3d4:	c0038621          	sfpload	L0,392,0,7

    a3d8:	10004802          	sfpmad	L0,L0,L1,L2,0

    a3dc:	3c000002          	sfpnop

    a3e0:	48002406          	sfpswap	L0,L9,1

    a3e4:	3c000002          	sfpnop

    a3e8:	18032402          	sfpmul	L0,L0,L12,L9,0

    a3ec:	c1038659          	sfpload	L4,406,0,7

    a3f0:	d50bf801          	sfpaddi	L0,17150,0

    a3f4:	3c000002          	sfpnop

    a3f8:	48000246          	sfpswap	L9,L0,1

    a3fc:	3c000002          	sfpnop

    a400:	dc000041          	sfpexexp	L1,L0,0

    a404:	e0000001          	sfpexman	L0,L0,0

    a408:	e8000401          	sfpshft	L0,L1,0x000,0

    a40c:	dc000045          	sfpexexp	L1,L0,1

    a410:	e0000005          	sfpexman	L0,L0,1

    a414:	40000002          	sfpcast	L0,L0,0

    a418:	10037882          	sfpmad	L2,L0,L13,L14,0

    a41c:	c1438629          	sfpload	L5,394,0,7

    a420:	10009002          	sfpmad	L0,L0,L2,L4,0

    a424:	c1838661          	sfpload	L6,408,0,7

    a428:	08000042          	sfpsetexp	L1,L0,0x000,0

    a42c:	18146402          	sfpmul	L0,L5,L1,L9,0

    a430:	c1c38631          	sfpload	L7,396,0,7

    a434:	48001806          	sfpswap	L0,L6,1

    a438:	3c000002          	sfpnop

    a43c:	c0c38639          	sfpload	L3,398,0,7

    a440:	c1038641          	sfpload	L4,400,0,7

    a444:	c1438649          	sfpload	L5,402,0,7

    a448:	101ec042          	sfpmad	L1,L7,L11,L0,0

    a44c:	c08383a1          	sfpload	L2,232,0,7

    a450:	ec000401          	sfpsetcc	L1,0x000,0

    a454:	f0002401          	sfpmov	L0,L9,0

    a458:	2800c02a          	sfpencc	0x003,10

    a45c:	1800a442          	sfpmul	L1,L0,L2,L9,0

    a460:	142a800a          	sfpadd	L0,L10,L10,L0,2

    a464:	c18380a1          	sfpload	L6,40,0,7

    a468:	1004d982          	sfpmad	L6,L1,L3,L6,0

    a46c:	18082402          	sfpmul	L0,L2,L0,L9,0

    a470:	c98380a1          	sfpstore	L6,40,0,7

    a474:	c1c381a1          	sfpload	L7,104,0,7

    a478:	10051dc2          	sfpmad	L7,L1,L4,L7,0

    a47c:	c18382a1          	sfpload	L6,168,0,7

    a480:	c9c381a1          	sfpstore	L7,104,0,7

    a484:	10055982          	sfpmad	L6,L1,L5,L6,0

    a488:	c80383a1          	sfpstore	L0,232,0,7

    a48c:	c98382a1          	sfpstore	L6,168,0,7

    a490:	00008067          	ret

0000a494 <void (anonymous namespace)::blend_pair_body<10ul, 2ul>()>:
    a494:	c08384a9          	sfpload	L2,298,0,7

    a498:	c04385a9          	sfpload	L1,362,0,7

    a49c:	c1838601          	sfpload	L6,384,0,7

    a4a0:	c1438609          	sfpload	L5,386,0,7

    a4a4:	1428988a          	sfpadd	L2,L10,L2,L6,2

    a4a8:	1428544a          	sfpadd	L1,L10,L1,L5,2

    a4ac:	1808a542          	sfpmul	L5,L2,L2,L9,0

    a4b0:	c1038611          	sfpload	L4,388,0,7

    a4b4:	18116502          	sfpmul	L4,L4,L5,L9,0

    a4b8:	18086482          	sfpmul	L2,L2,L1,L9,0

    a4bc:	c0c38619          	sfpload	L3,390,0,7

    a4c0:	100c9082          	sfpmad	L2,L3,L2,L4,0

    a4c4:	18046442          	sfpmul	L1,L1,L1,L9,0

    a4c8:	c0038621          	sfpload	L0,392,0,7

    a4cc:	10004802          	sfpmad	L0,L0,L1,L2,0

    a4d0:	3c000002          	sfpnop

    a4d4:	48002406          	sfpswap	L0,L9,1

    a4d8:	3c000002          	sfpnop

    a4dc:	18032402          	sfpmul	L0,L0,L12,L9,0

    a4e0:	c1038659          	sfpload	L4,406,0,7

    a4e4:	d50bf801          	sfpaddi	L0,17150,0

    a4e8:	3c000002          	sfpnop

    a4ec:	48000246          	sfpswap	L9,L0,1

    a4f0:	3c000002          	sfpnop

    a4f4:	dc000041          	sfpexexp	L1,L0,0

    a4f8:	e0000001          	sfpexman	L0,L0,0

    a4fc:	e8000401          	sfpshft	L0,L1,0x000,0

    a500:	dc000045          	sfpexexp	L1,L0,1

    a504:	e0000005          	sfpexman	L0,L0,1

    a508:	40000002          	sfpcast	L0,L0,0

    a50c:	10037882          	sfpmad	L2,L0,L13,L14,0

    a510:	c1438629          	sfpload	L5,394,0,7

    a514:	10009002          	sfpmad	L0,L0,L2,L4,0

    a518:	c1838661          	sfpload	L6,408,0,7

    a51c:	08000042          	sfpsetexp	L1,L0,0x000,0

    a520:	18146402          	sfpmul	L0,L5,L1,L9,0

    a524:	c1c38631          	sfpload	L7,396,0,7

    a528:	48001806          	sfpswap	L0,L6,1

    a52c:	3c000002          	sfpnop

    a530:	c0c38639          	sfpload	L3,398,0,7

    a534:	c1038641          	sfpload	L4,400,0,7

    a538:	c1438649          	sfpload	L5,402,0,7

    a53c:	101ec042          	sfpmad	L1,L7,L11,L0,0

    a540:	c08383a9          	sfpload	L2,234,0,7

    a544:	ec000401          	sfpsetcc	L1,0x000,0

    a548:	f0002401          	sfpmov	L0,L9,0

    a54c:	2800c02a          	sfpencc	0x003,10

    a550:	1800a442          	sfpmul	L1,L0,L2,L9,0

    a554:	142a800a          	sfpadd	L0,L10,L10,L0,2

    a558:	c18380a9          	sfpload	L6,42,0,7

    a55c:	1004d982          	sfpmad	L6,L1,L3,L6,0

    a560:	18082402          	sfpmul	L0,L2,L0,L9,0

    a564:	c98380a9          	sfpstore	L6,42,0,7

    a568:	c1c381a9          	sfpload	L7,106,0,7

    a56c:	10051dc2          	sfpmad	L7,L1,L4,L7,0

    a570:	c18382a9          	sfpload	L6,170,0,7

    a574:	c9c381a9          	sfpstore	L7,106,0,7

    a578:	10055982          	sfpmad	L6,L1,L5,L6,0

    a57c:	c80383a9          	sfpstore	L0,234,0,7

    a580:	c98382a9          	sfpstore	L6,170,0,7

    a584:	00008067          	ret

0000a588 <void (anonymous namespace)::blend_pair_body<10ul, 3ul>()>:
    a588:	c0038601          	sfpload	L0,384,0,7

    a58c:	c0438609          	sfpload	L1,386,0,7

    a590:	c08384a1          	sfpload	L2,296,0,7

    a594:	c0c385a1          	sfpload	L3,360,0,7

    a598:	1428808a          	sfpadd	L2,L10,L2,L0,2

    a59c:	c10384a9          	sfpload	L4,298,0,7

    a5a0:	1428c4ca          	sfpadd	L3,L10,L3,L1,2

    a5a4:	1429010a          	sfpadd	L4,L10,L4,L0,2

    a5a8:	c00385a9          	sfpload	L0,362,0,7

    a5ac:	1808a542          	sfpmul	L5,L2,L2,L9,0

    a5b0:	1428040a          	sfpadd	L0,L10,L0,L1,2

    a5b4:	c0438611          	sfpload	L1,388,0,7

    a5b8:	18056542          	sfpmul	L5,L1,L5,L9,0

    a5bc:	18112582          	sfpmul	L6,L4,L4,L9,0

    a5c0:	1808e482          	sfpmul	L2,L2,L3,L9,0

    a5c4:	1805a582          	sfpmul	L6,L1,L6,L9,0

    a5c8:	c0438619          	sfpload	L1,390,0,7

    a5cc:	10049482          	sfpmad	L2,L1,L2,L5,0

    a5d0:	18102502          	sfpmul	L4,L4,L0,L9,0

    a5d4:	180ce4c2          	sfpmul	L3,L3,L3,L9,0

    a5d8:	10051902          	sfpmad	L4,L1,L4,L6,0

    a5dc:	c0438621          	sfpload	L1,392,0,7

    a5e0:	1004c882          	sfpmad	L2,L1,L3,L2,0

    a5e4:	18002402          	sfpmul	L0,L0,L0,L9,0

    a5e8:	48002486          	sfpswap	L2,L9,1

    a5ec:	3c000002          	sfpnop

    a5f0:	10041002          	sfpmad	L0,L1,L0,L4,0

    a5f4:	180b2482          	sfpmul	L2,L2,L12,L9,0

    a5f8:	48002406          	sfpswap	L0,L9,1

    a5fc:	3c000002          	sfpnop

    a600:	d50bf881          	sfpaddi	L2,17150,0

    a604:	18032402          	sfpmul	L0,L0,L12,L9,0

    a608:	3c000002          	sfpnop

    a60c:	48000a46          	sfpswap	L9,L2,1

    a610:	3c000002          	sfpnop

    a614:	d50bf801          	sfpaddi	L0,17150,0

    a618:	dc000841          	sfpexexp	L1,L2,0

    a61c:	e0000881          	sfpexman	L2,L2,0

    a620:	3c000002          	sfpnop

    a624:	48000246          	sfpswap	L9,L0,1

    a628:	3c000002          	sfpnop

    a62c:	e8000481          	sfpshft	L2,L1,0x000,0

    a630:	dc0000c1          	sfpexexp	L3,L0,0

    a634:	dc000845          	sfpexexp	L1,L2,1

    a638:	e0000001          	sfpexman	L0,L0,0

    a63c:	e0000885          	sfpexman	L2,L2,1

    a640:	e8000c01          	sfpshft	L0,L3,0x000,0

    a644:	40000882          	sfpcast	L2,L2,0

    a648:	dc0000c5          	sfpexexp	L3,L0,1

    a64c:	100b7902          	sfpmad	L4,L2,L13,L14,0

    a650:	e0000005          	sfpexman	L0,L0,1

    a654:	c1438659          	sfpload	L5,406,0,7

    a658:	10091482          	sfpmad	L2,L2,L4,L5,0

    a65c:	40000002          	sfpcast	L0,L0,0

    a660:	08000842          	sfpsetexp	L1,L2,0x000,0

    a664:	10037902          	sfpmad	L4,L0,L13,L14,0

    a668:	c1438659          	sfpload	L5,406,0,7

    a66c:	10011402          	sfpmad	L0,L0,L4,L5,0

    a670:	c1038629          	sfpload	L4,394,0,7

    a674:	080000c2          	sfpsetexp	L3,L0,0x000,0

    a678:	18106482          	sfpmul	L2,L4,L1,L9,0

    a67c:	1810e402          	sfpmul	L0,L4,L3,L9,0

    a680:	c0438661          	sfpload	L1,408,0,7

    a684:	48000486          	sfpswap	L2,L1,1

    a688:	3c000002          	sfpnop

    a68c:	c0c38661          	sfpload	L3,408,0,7

    a690:	48000c06          	sfpswap	L0,L3,1

    a694:	3c000002          	sfpnop

    a698:	c0438631          	sfpload	L1,396,0,7

    a69c:	1006c842          	sfpmad	L1,L1,L11,L2,0

    a6a0:	c0c38631          	sfpload	L3,396,0,7

    a6a4:	ec000401          	sfpsetcc	L1,0x000,0

    a6a8:	f0002481          	sfpmov	L2,L9,0

    a6ac:	2800c02a          	sfpencc	0x003,10

    a6b0:	100ec0c2          	sfpmad	L3,L3,L11,L0,0

    a6b4:	c10383a1          	sfpload	L4,232,0,7

    a6b8:	ec000c01          	sfpsetcc	L3,0x000,0

    a6bc:	f0002401          	sfpmov	L0,L9,0

    a6c0:	2800c02a          	sfpencc	0x003,10

    a6c4:	18092442          	sfpmul	L1,L2,L4,L9,0

    a6c8:	c14383a9          	sfpload	L5,234,0,7

    a6cc:	142a888a          	sfpadd	L2,L10,L10,L2,2

    a6d0:	180164c2          	sfpmul	L3,L0,L5,L9,0

    a6d4:	c1838639          	sfpload	L6,398,0,7

    a6d8:	142a800a          	sfpadd	L0,L10,L10,L0,2

    a6dc:	c1c380a1          	sfpload	L7,40,0,7

    a6e0:	10059dc2          	sfpmad	L7,L1,L6,L7,0

    a6e4:	1810a502          	sfpmul	L4,L4,L2,L9,0

    a6e8:	c9c380a1          	sfpstore	L7,40,0,7

    a6ec:	c1c380a9          	sfpload	L7,42,0,7

    a6f0:	100d9dc2          	sfpmad	L7,L3,L6,L7,0

    a6f4:	c90383a1          	sfpstore	L4,232,0,7

    a6f8:	c9c380a9          	sfpstore	L7,42,0,7

    a6fc:	18142542          	sfpmul	L5,L5,L0,L9,0

    a700:	c1838641          	sfpload	L6,400,0,7

    a704:	c94383a9          	sfpstore	L5,234,0,7

    a708:	c1c381a1          	sfpload	L7,104,0,7

    a70c:	10059dc2          	sfpmad	L7,L1,L6,L7,0

    a710:	c14381a9          	sfpload	L5,106,0,7

    a714:	c9c381a1          	sfpstore	L7,104,0,7

    a718:	100d9542          	sfpmad	L5,L3,L6,L5,0

    a71c:	c1838649          	sfpload	L6,402,0,7

    a720:	c94381a9          	sfpstore	L5,106,0,7

    a724:	c1c382a1          	sfpload	L7,168,0,7

    a728:	10059dc2          	sfpmad	L7,L1,L6,L7,0

    a72c:	c14382a9          	sfpload	L5,170,0,7

    a730:	100d9542          	sfpmad	L5,L3,L6,L5,0

    a734:	c9c382a1          	sfpstore	L7,168,0,7

    a738:	c94382a9          	sfpstore	L5,170,0,7

    a73c:	00008067          	ret

0000a740 <void (anonymous namespace)::blend_pair_body<11ul, 1ul>()>:
    a740:	c08384b1          	sfpload	L2,300,0,7

    a744:	c04385b1          	sfpload	L1,364,0,7

    a748:	c1838601          	sfpload	L6,384,0,7

    a74c:	c1438609          	sfpload	L5,386,0,7

    a750:	1428988a          	sfpadd	L2,L10,L2,L6,2

    a754:	1428544a          	sfpadd	L1,L10,L1,L5,2

    a758:	1808a542          	sfpmul	L5,L2,L2,L9,0

    a75c:	c1038611          	sfpload	L4,388,0,7

    a760:	18116502          	sfpmul	L4,L4,L5,L9,0

    a764:	18086482          	sfpmul	L2,L2,L1,L9,0

    a768:	c0c38619          	sfpload	L3,390,0,7

    a76c:	100c9082          	sfpmad	L2,L3,L2,L4,0

    a770:	18046442          	sfpmul	L1,L1,L1,L9,0

    a774:	c0038621          	sfpload	L0,392,0,7

    a778:	10004802          	sfpmad	L0,L0,L1,L2,0

    a77c:	3c000002          	sfpnop

    a780:	48002406          	sfpswap	L0,L9,1

    a784:	3c000002          	sfpnop

    a788:	18032402          	sfpmul	L0,L0,L12,L9,0

    a78c:	c1038659          	sfpload	L4,406,0,7

    a790:	d50bf801          	sfpaddi	L0,17150,0

    a794:	3c000002          	sfpnop

    a798:	48000246          	sfpswap	L9,L0,1

    a79c:	3c000002          	sfpnop

    a7a0:	dc000041          	sfpexexp	L1,L0,0

    a7a4:	e0000001          	sfpexman	L0,L0,0

    a7a8:	e8000401          	sfpshft	L0,L1,0x000,0

    a7ac:	dc000045          	sfpexexp	L1,L0,1

    a7b0:	e0000005          	sfpexman	L0,L0,1

    a7b4:	40000002          	sfpcast	L0,L0,0

    a7b8:	10037882          	sfpmad	L2,L0,L13,L14,0

    a7bc:	c1438629          	sfpload	L5,394,0,7

    a7c0:	10009002          	sfpmad	L0,L0,L2,L4,0

    a7c4:	c1838661          	sfpload	L6,408,0,7

    a7c8:	08000042          	sfpsetexp	L1,L0,0x000,0

    a7cc:	18146402          	sfpmul	L0,L5,L1,L9,0

    a7d0:	c1c38631          	sfpload	L7,396,0,7

    a7d4:	48001806          	sfpswap	L0,L6,1

    a7d8:	3c000002          	sfpnop

    a7dc:	c0c38639          	sfpload	L3,398,0,7

    a7e0:	c1038641          	sfpload	L4,400,0,7

    a7e4:	c1438649          	sfpload	L5,402,0,7

    a7e8:	101ec042          	sfpmad	L1,L7,L11,L0,0

    a7ec:	c08383b1          	sfpload	L2,236,0,7

    a7f0:	ec000401          	sfpsetcc	L1,0x000,0

    a7f4:	f0002401          	sfpmov	L0,L9,0

    a7f8:	2800c02a          	sfpencc	0x003,10

    a7fc:	1800a442          	sfpmul	L1,L0,L2,L9,0

    a800:	142a800a          	sfpadd	L0,L10,L10,L0,2

    a804:	c18380b1          	sfpload	L6,44,0,7

    a808:	1004d982          	sfpmad	L6,L1,L3,L6,0

    a80c:	18082402          	sfpmul	L0,L2,L0,L9,0

    a810:	c98380b1          	sfpstore	L6,44,0,7

    a814:	c1c381b1          	sfpload	L7,108,0,7

    a818:	10051dc2          	sfpmad	L7,L1,L4,L7,0

    a81c:	c18382b1          	sfpload	L6,172,0,7

    a820:	c9c381b1          	sfpstore	L7,108,0,7

    a824:	10055982          	sfpmad	L6,L1,L5,L6,0

    a828:	c80383b1          	sfpstore	L0,236,0,7

    a82c:	c98382b1          	sfpstore	L6,172,0,7

    a830:	00008067          	ret

0000a834 <void (anonymous namespace)::blend_pair_body<11ul, 2ul>()>:
    a834:	c08384b9          	sfpload	L2,302,0,7

    a838:	c04385b9          	sfpload	L1,366,0,7

    a83c:	c1838601          	sfpload	L6,384,0,7

    a840:	c1438609          	sfpload	L5,386,0,7

    a844:	1428988a          	sfpadd	L2,L10,L2,L6,2

    a848:	1428544a          	sfpadd	L1,L10,L1,L5,2

    a84c:	1808a542          	sfpmul	L5,L2,L2,L9,0

    a850:	c1038611          	sfpload	L4,388,0,7

    a854:	18116502          	sfpmul	L4,L4,L5,L9,0

    a858:	18086482          	sfpmul	L2,L2,L1,L9,0

    a85c:	c0c38619          	sfpload	L3,390,0,7

    a860:	100c9082          	sfpmad	L2,L3,L2,L4,0

    a864:	18046442          	sfpmul	L1,L1,L1,L9,0

    a868:	c0038621          	sfpload	L0,392,0,7

    a86c:	10004802          	sfpmad	L0,L0,L1,L2,0

    a870:	3c000002          	sfpnop

    a874:	48002406          	sfpswap	L0,L9,1

    a878:	3c000002          	sfpnop

    a87c:	18032402          	sfpmul	L0,L0,L12,L9,0

    a880:	c1038659          	sfpload	L4,406,0,7

    a884:	d50bf801          	sfpaddi	L0,17150,0

    a888:	3c000002          	sfpnop

    a88c:	48000246          	sfpswap	L9,L0,1

    a890:	3c000002          	sfpnop

    a894:	dc000041          	sfpexexp	L1,L0,0

    a898:	e0000001          	sfpexman	L0,L0,0

    a89c:	e8000401          	sfpshft	L0,L1,0x000,0

    a8a0:	dc000045          	sfpexexp	L1,L0,1

    a8a4:	e0000005          	sfpexman	L0,L0,1

    a8a8:	40000002          	sfpcast	L0,L0,0

    a8ac:	10037882          	sfpmad	L2,L0,L13,L14,0

    a8b0:	c1438629          	sfpload	L5,394,0,7

    a8b4:	10009002          	sfpmad	L0,L0,L2,L4,0

    a8b8:	c1838661          	sfpload	L6,408,0,7

    a8bc:	08000042          	sfpsetexp	L1,L0,0x000,0

    a8c0:	18146402          	sfpmul	L0,L5,L1,L9,0

    a8c4:	c1c38631          	sfpload	L7,396,0,7

    a8c8:	48001806          	sfpswap	L0,L6,1

    a8cc:	3c000002          	sfpnop

    a8d0:	c0c38639          	sfpload	L3,398,0,7

    a8d4:	c1038641          	sfpload	L4,400,0,7

    a8d8:	c1438649          	sfpload	L5,402,0,7

    a8dc:	101ec042          	sfpmad	L1,L7,L11,L0,0

    a8e0:	c08383b9          	sfpload	L2,238,0,7

    a8e4:	ec000401          	sfpsetcc	L1,0x000,0

    a8e8:	f0002401          	sfpmov	L0,L9,0

    a8ec:	2800c02a          	sfpencc	0x003,10

    a8f0:	1800a442          	sfpmul	L1,L0,L2,L9,0

    a8f4:	142a800a          	sfpadd	L0,L10,L10,L0,2

    a8f8:	c18380b9          	sfpload	L6,46,0,7

    a8fc:	1004d982          	sfpmad	L6,L1,L3,L6,0

    a900:	18082402          	sfpmul	L0,L2,L0,L9,0

    a904:	c98380b9          	sfpstore	L6,46,0,7

    a908:	c1c381b9          	sfpload	L7,110,0,7

    a90c:	10051dc2          	sfpmad	L7,L1,L4,L7,0

    a910:	c18382b9          	sfpload	L6,174,0,7

    a914:	c9c381b9          	sfpstore	L7,110,0,7

    a918:	10055982          	sfpmad	L6,L1,L5,L6,0

    a91c:	c80383b9          	sfpstore	L0,238,0,7

    a920:	c98382b9          	sfpstore	L6,174,0,7

    a924:	00008067          	ret

0000a928 <void (anonymous namespace)::blend_pair_body<11ul, 3ul>()>:
    a928:	c0038601          	sfpload	L0,384,0,7

    a92c:	c0438609          	sfpload	L1,386,0,7

    a930:	c08384b1          	sfpload	L2,300,0,7

    a934:	c0c385b1          	sfpload	L3,364,0,7

    a938:	1428808a          	sfpadd	L2,L10,L2,L0,2

    a93c:	c10384b9          	sfpload	L4,302,0,7

    a940:	1428c4ca          	sfpadd	L3,L10,L3,L1,2

    a944:	1429010a          	sfpadd	L4,L10,L4,L0,2

    a948:	c00385b9          	sfpload	L0,366,0,7

    a94c:	1808a542          	sfpmul	L5,L2,L2,L9,0

    a950:	1428040a          	sfpadd	L0,L10,L0,L1,2

    a954:	c0438611          	sfpload	L1,388,0,7

    a958:	18056542          	sfpmul	L5,L1,L5,L9,0

    a95c:	18112582          	sfpmul	L6,L4,L4,L9,0

    a960:	1808e482          	sfpmul	L2,L2,L3,L9,0

    a964:	1805a582          	sfpmul	L6,L1,L6,L9,0

    a968:	c0438619          	sfpload	L1,390,0,7

    a96c:	10049482          	sfpmad	L2,L1,L2,L5,0

    a970:	18102502          	sfpmul	L4,L4,L0,L9,0

    a974:	180ce4c2          	sfpmul	L3,L3,L3,L9,0

    a978:	10051902          	sfpmad	L4,L1,L4,L6,0

    a97c:	c0438621          	sfpload	L1,392,0,7

    a980:	1004c882          	sfpmad	L2,L1,L3,L2,0

    a984:	18002402          	sfpmul	L0,L0,L0,L9,0

    a988:	48002486          	sfpswap	L2,L9,1

    a98c:	3c000002          	sfpnop

    a990:	10041002          	sfpmad	L0,L1,L0,L4,0

    a994:	180b2482          	sfpmul	L2,L2,L12,L9,0

    a998:	48002406          	sfpswap	L0,L9,1

    a99c:	3c000002          	sfpnop

    a9a0:	d50bf881          	sfpaddi	L2,17150,0

    a9a4:	18032402          	sfpmul	L0,L0,L12,L9,0

    a9a8:	3c000002          	sfpnop

    a9ac:	48000a46          	sfpswap	L9,L2,1

    a9b0:	3c000002          	sfpnop

    a9b4:	d50bf801          	sfpaddi	L0,17150,0

    a9b8:	dc000841          	sfpexexp	L1,L2,0

    a9bc:	e0000881          	sfpexman	L2,L2,0

    a9c0:	3c000002          	sfpnop

    a9c4:	48000246          	sfpswap	L9,L0,1

    a9c8:	3c000002          	sfpnop

    a9cc:	e8000481          	sfpshft	L2,L1,0x000,0

    a9d0:	dc0000c1          	sfpexexp	L3,L0,0

    a9d4:	dc000845          	sfpexexp	L1,L2,1

    a9d8:	e0000001          	sfpexman	L0,L0,0

    a9dc:	e0000885          	sfpexman	L2,L2,1

    a9e0:	e8000c01          	sfpshft	L0,L3,0x000,0

    a9e4:	40000882          	sfpcast	L2,L2,0

    a9e8:	dc0000c5          	sfpexexp	L3,L0,1

    a9ec:	100b7902          	sfpmad	L4,L2,L13,L14,0

    a9f0:	e0000005          	sfpexman	L0,L0,1

    a9f4:	c1438659          	sfpload	L5,406,0,7

    a9f8:	10091482          	sfpmad	L2,L2,L4,L5,0

    a9fc:	40000002          	sfpcast	L0,L0,0

    aa00:	08000842          	sfpsetexp	L1,L2,0x000,0

    aa04:	10037902          	sfpmad	L4,L0,L13,L14,0

    aa08:	c1438659          	sfpload	L5,406,0,7

    aa0c:	10011402          	sfpmad	L0,L0,L4,L5,0

    aa10:	c1038629          	sfpload	L4,394,0,7

    aa14:	080000c2          	sfpsetexp	L3,L0,0x000,0

    aa18:	18106482          	sfpmul	L2,L4,L1,L9,0

    aa1c:	1810e402          	sfpmul	L0,L4,L3,L9,0

    aa20:	c0438661          	sfpload	L1,408,0,7

    aa24:	48000486          	sfpswap	L2,L1,1

    aa28:	3c000002          	sfpnop

    aa2c:	c0c38661          	sfpload	L3,408,0,7

    aa30:	48000c06          	sfpswap	L0,L3,1

    aa34:	3c000002          	sfpnop

    aa38:	c0438631          	sfpload	L1,396,0,7

    aa3c:	1006c842          	sfpmad	L1,L1,L11,L2,0

    aa40:	c0c38631          	sfpload	L3,396,0,7

    aa44:	ec000401          	sfpsetcc	L1,0x000,0

    aa48:	f0002481          	sfpmov	L2,L9,0

    aa4c:	2800c02a          	sfpencc	0x003,10

    aa50:	100ec0c2          	sfpmad	L3,L3,L11,L0,0

    aa54:	c10383b1          	sfpload	L4,236,0,7

    aa58:	ec000c01          	sfpsetcc	L3,0x000,0

    aa5c:	f0002401          	sfpmov	L0,L9,0

    aa60:	2800c02a          	sfpencc	0x003,10

    aa64:	18092442          	sfpmul	L1,L2,L4,L9,0

    aa68:	c14383b9          	sfpload	L5,238,0,7

    aa6c:	142a888a          	sfpadd	L2,L10,L10,L2,2

    aa70:	180164c2          	sfpmul	L3,L0,L5,L9,0

    aa74:	c1838639          	sfpload	L6,398,0,7

    aa78:	142a800a          	sfpadd	L0,L10,L10,L0,2

    aa7c:	c1c380b1          	sfpload	L7,44,0,7

    aa80:	10059dc2          	sfpmad	L7,L1,L6,L7,0

    aa84:	1810a502          	sfpmul	L4,L4,L2,L9,0

    aa88:	c9c380b1          	sfpstore	L7,44,0,7

    aa8c:	c1c380b9          	sfpload	L7,46,0,7

    aa90:	100d9dc2          	sfpmad	L7,L3,L6,L7,0

    aa94:	c90383b1          	sfpstore	L4,236,0,7

    aa98:	c9c380b9          	sfpstore	L7,46,0,7

    aa9c:	18142542          	sfpmul	L5,L5,L0,L9,0

    aaa0:	c1838641          	sfpload	L6,400,0,7

    aaa4:	c94383b9          	sfpstore	L5,238,0,7

    aaa8:	c1c381b1          	sfpload	L7,108,0,7

    aaac:	10059dc2          	sfpmad	L7,L1,L6,L7,0

    aab0:	c14381b9          	sfpload	L5,110,0,7

    aab4:	c9c381b1          	sfpstore	L7,108,0,7

    aab8:	100d9542          	sfpmad	L5,L3,L6,L5,0

    aabc:	c1838649          	sfpload	L6,402,0,7

    aac0:	c94381b9          	sfpstore	L5,110,0,7

    aac4:	c1c382b1          	sfpload	L7,172,0,7

    aac8:	10059dc2          	sfpmad	L7,L1,L6,L7,0

    aacc:	c14382b9          	sfpload	L5,174,0,7

    aad0:	100d9542          	sfpmad	L5,L3,L6,L5,0

    aad4:	c9c382b1          	sfpstore	L7,172,0,7

    aad8:	c94382b9          	sfpstore	L5,174,0,7

    aadc:	00008067          	ret

0000aae0 <void (anonymous namespace)::blend_pair_body<12ul, 1ul>()>:
    aae0:	c08384c1          	sfpload	L2,304,0,7

    aae4:	c04385c1          	sfpload	L1,368,0,7

    aae8:	c1838601          	sfpload	L6,384,0,7

    aaec:	c1438609          	sfpload	L5,386,0,7

    aaf0:	1428988a          	sfpadd	L2,L10,L2,L6,2

    aaf4:	1428544a          	sfpadd	L1,L10,L1,L5,2

    aaf8:	1808a542          	sfpmul	L5,L2,L2,L9,0

    aafc:	c1038611          	sfpload	L4,388,0,7

    ab00:	18116502          	sfpmul	L4,L4,L5,L9,0

    ab04:	18086482          	sfpmul	L2,L2,L1,L9,0

    ab08:	c0c38619          	sfpload	L3,390,0,7

    ab0c:	100c9082          	sfpmad	L2,L3,L2,L4,0

    ab10:	18046442          	sfpmul	L1,L1,L1,L9,0

    ab14:	c0038621          	sfpload	L0,392,0,7

    ab18:	10004802          	sfpmad	L0,L0,L1,L2,0

    ab1c:	3c000002          	sfpnop

    ab20:	48002406          	sfpswap	L0,L9,1

    ab24:	3c000002          	sfpnop

    ab28:	18032402          	sfpmul	L0,L0,L12,L9,0

    ab2c:	c1038659          	sfpload	L4,406,0,7

    ab30:	d50bf801          	sfpaddi	L0,17150,0

    ab34:	3c000002          	sfpnop

    ab38:	48000246          	sfpswap	L9,L0,1

    ab3c:	3c000002          	sfpnop

    ab40:	dc000041          	sfpexexp	L1,L0,0

    ab44:	e0000001          	sfpexman	L0,L0,0

    ab48:	e8000401          	sfpshft	L0,L1,0x000,0

    ab4c:	dc000045          	sfpexexp	L1,L0,1

    ab50:	e0000005          	sfpexman	L0,L0,1

    ab54:	40000002          	sfpcast	L0,L0,0

    ab58:	10037882          	sfpmad	L2,L0,L13,L14,0

    ab5c:	c1438629          	sfpload	L5,394,0,7

    ab60:	10009002          	sfpmad	L0,L0,L2,L4,0

    ab64:	c1838661          	sfpload	L6,408,0,7

    ab68:	08000042          	sfpsetexp	L1,L0,0x000,0

    ab6c:	18146402          	sfpmul	L0,L5,L1,L9,0

    ab70:	c1c38631          	sfpload	L7,396,0,7

    ab74:	48001806          	sfpswap	L0,L6,1

    ab78:	3c000002          	sfpnop

    ab7c:	c0c38639          	sfpload	L3,398,0,7

    ab80:	c1038641          	sfpload	L4,400,0,7

    ab84:	c1438649          	sfpload	L5,402,0,7

    ab88:	101ec042          	sfpmad	L1,L7,L11,L0,0

    ab8c:	c08383c1          	sfpload	L2,240,0,7

    ab90:	ec000401          	sfpsetcc	L1,0x000,0

    ab94:	f0002401          	sfpmov	L0,L9,0

    ab98:	2800c02a          	sfpencc	0x003,10

    ab9c:	1800a442          	sfpmul	L1,L0,L2,L9,0

    aba0:	142a800a          	sfpadd	L0,L10,L10,L0,2

    aba4:	c18380c1          	sfpload	L6,48,0,7

    aba8:	1004d982          	sfpmad	L6,L1,L3,L6,0

    abac:	18082402          	sfpmul	L0,L2,L0,L9,0

    abb0:	c98380c1          	sfpstore	L6,48,0,7

    abb4:	c1c381c1          	sfpload	L7,112,0,7

    abb8:	10051dc2          	sfpmad	L7,L1,L4,L7,0

    abbc:	c18382c1          	sfpload	L6,176,0,7

    abc0:	c9c381c1          	sfpstore	L7,112,0,7

    abc4:	10055982          	sfpmad	L6,L1,L5,L6,0

    abc8:	c80383c1          	sfpstore	L0,240,0,7

    abcc:	c98382c1          	sfpstore	L6,176,0,7

    abd0:	00008067          	ret

0000abd4 <void (anonymous namespace)::blend_pair_body<12ul, 2ul>()>:
    abd4:	c08384c9          	sfpload	L2,306,0,7

    abd8:	c04385c9          	sfpload	L1,370,0,7

    abdc:	c1838601          	sfpload	L6,384,0,7

    abe0:	c1438609          	sfpload	L5,386,0,7

    abe4:	1428988a          	sfpadd	L2,L10,L2,L6,2

    abe8:	1428544a          	sfpadd	L1,L10,L1,L5,2

    abec:	1808a542          	sfpmul	L5,L2,L2,L9,0

    abf0:	c1038611          	sfpload	L4,388,0,7

    abf4:	18116502          	sfpmul	L4,L4,L5,L9,0

    abf8:	18086482          	sfpmul	L2,L2,L1,L9,0

    abfc:	c0c38619          	sfpload	L3,390,0,7

    ac00:	100c9082          	sfpmad	L2,L3,L2,L4,0

    ac04:	18046442          	sfpmul	L1,L1,L1,L9,0

    ac08:	c0038621          	sfpload	L0,392,0,7

    ac0c:	10004802          	sfpmad	L0,L0,L1,L2,0

    ac10:	3c000002          	sfpnop

    ac14:	48002406          	sfpswap	L0,L9,1

    ac18:	3c000002          	sfpnop

    ac1c:	18032402          	sfpmul	L0,L0,L12,L9,0

    ac20:	c1038659          	sfpload	L4,406,0,7

    ac24:	d50bf801          	sfpaddi	L0,17150,0

    ac28:	3c000002          	sfpnop

    ac2c:	48000246          	sfpswap	L9,L0,1

    ac30:	3c000002          	sfpnop

    ac34:	dc000041          	sfpexexp	L1,L0,0

    ac38:	e0000001          	sfpexman	L0,L0,0

    ac3c:	e8000401          	sfpshft	L0,L1,0x000,0

    ac40:	dc000045          	sfpexexp	L1,L0,1

    ac44:	e0000005          	sfpexman	L0,L0,1

    ac48:	40000002          	sfpcast	L0,L0,0

    ac4c:	10037882          	sfpmad	L2,L0,L13,L14,0

    ac50:	c1438629          	sfpload	L5,394,0,7

    ac54:	10009002          	sfpmad	L0,L0,L2,L4,0

    ac58:	c1838661          	sfpload	L6,408,0,7

    ac5c:	08000042          	sfpsetexp	L1,L0,0x000,0

    ac60:	18146402          	sfpmul	L0,L5,L1,L9,0

    ac64:	c1c38631          	sfpload	L7,396,0,7

    ac68:	48001806          	sfpswap	L0,L6,1

    ac6c:	3c000002          	sfpnop

    ac70:	c0c38639          	sfpload	L3,398,0,7

    ac74:	c1038641          	sfpload	L4,400,0,7

    ac78:	c1438649          	sfpload	L5,402,0,7

    ac7c:	101ec042          	sfpmad	L1,L7,L11,L0,0

    ac80:	c08383c9          	sfpload	L2,242,0,7

    ac84:	ec000401          	sfpsetcc	L1,0x000,0

    ac88:	f0002401          	sfpmov	L0,L9,0

    ac8c:	2800c02a          	sfpencc	0x003,10

    ac90:	1800a442          	sfpmul	L1,L0,L2,L9,0

    ac94:	142a800a          	sfpadd	L0,L10,L10,L0,2

    ac98:	c18380c9          	sfpload	L6,50,0,7

    ac9c:	1004d982          	sfpmad	L6,L1,L3,L6,0

    aca0:	18082402          	sfpmul	L0,L2,L0,L9,0

    aca4:	c98380c9          	sfpstore	L6,50,0,7

    aca8:	c1c381c9          	sfpload	L7,114,0,7

    acac:	10051dc2          	sfpmad	L7,L1,L4,L7,0

    acb0:	c18382c9          	sfpload	L6,178,0,7

    acb4:	c9c381c9          	sfpstore	L7,114,0,7

    acb8:	10055982          	sfpmad	L6,L1,L5,L6,0

    acbc:	c80383c9          	sfpstore	L0,242,0,7

    acc0:	c98382c9          	sfpstore	L6,178,0,7

    acc4:	00008067          	ret

0000acc8 <void (anonymous namespace)::blend_pair_body<12ul, 3ul>()>:
    acc8:	c0038601          	sfpload	L0,384,0,7

    accc:	c0438609          	sfpload	L1,386,0,7

    acd0:	c08384c1          	sfpload	L2,304,0,7

    acd4:	c0c385c1          	sfpload	L3,368,0,7

    acd8:	1428808a          	sfpadd	L2,L10,L2,L0,2

    acdc:	c10384c9          	sfpload	L4,306,0,7

    ace0:	1428c4ca          	sfpadd	L3,L10,L3,L1,2

    ace4:	1429010a          	sfpadd	L4,L10,L4,L0,2

    ace8:	c00385c9          	sfpload	L0,370,0,7

    acec:	1808a542          	sfpmul	L5,L2,L2,L9,0

    acf0:	1428040a          	sfpadd	L0,L10,L0,L1,2

    acf4:	c0438611          	sfpload	L1,388,0,7

    acf8:	18056542          	sfpmul	L5,L1,L5,L9,0

    acfc:	18112582          	sfpmul	L6,L4,L4,L9,0

    ad00:	1808e482          	sfpmul	L2,L2,L3,L9,0

    ad04:	1805a582          	sfpmul	L6,L1,L6,L9,0

    ad08:	c0438619          	sfpload	L1,390,0,7

    ad0c:	10049482          	sfpmad	L2,L1,L2,L5,0

    ad10:	18102502          	sfpmul	L4,L4,L0,L9,0

    ad14:	180ce4c2          	sfpmul	L3,L3,L3,L9,0

    ad18:	10051902          	sfpmad	L4,L1,L4,L6,0

    ad1c:	c0438621          	sfpload	L1,392,0,7

    ad20:	1004c882          	sfpmad	L2,L1,L3,L2,0

    ad24:	18002402          	sfpmul	L0,L0,L0,L9,0

    ad28:	48002486          	sfpswap	L2,L9,1

    ad2c:	3c000002          	sfpnop

    ad30:	10041002          	sfpmad	L0,L1,L0,L4,0

    ad34:	180b2482          	sfpmul	L2,L2,L12,L9,0

    ad38:	48002406          	sfpswap	L0,L9,1

    ad3c:	3c000002          	sfpnop

    ad40:	d50bf881          	sfpaddi	L2,17150,0

    ad44:	18032402          	sfpmul	L0,L0,L12,L9,0

    ad48:	3c000002          	sfpnop

    ad4c:	48000a46          	sfpswap	L9,L2,1

    ad50:	3c000002          	sfpnop

    ad54:	d50bf801          	sfpaddi	L0,17150,0

    ad58:	dc000841          	sfpexexp	L1,L2,0

    ad5c:	e0000881          	sfpexman	L2,L2,0

    ad60:	3c000002          	sfpnop

    ad64:	48000246          	sfpswap	L9,L0,1

    ad68:	3c000002          	sfpnop

    ad6c:	e8000481          	sfpshft	L2,L1,0x000,0

    ad70:	dc0000c1          	sfpexexp	L3,L0,0

    ad74:	dc000845          	sfpexexp	L1,L2,1

    ad78:	e0000001          	sfpexman	L0,L0,0

    ad7c:	e0000885          	sfpexman	L2,L2,1

    ad80:	e8000c01          	sfpshft	L0,L3,0x000,0

    ad84:	40000882          	sfpcast	L2,L2,0

    ad88:	dc0000c5          	sfpexexp	L3,L0,1

    ad8c:	100b7902          	sfpmad	L4,L2,L13,L14,0

    ad90:	e0000005          	sfpexman	L0,L0,1

    ad94:	c1438659          	sfpload	L5,406,0,7

    ad98:	10091482          	sfpmad	L2,L2,L4,L5,0

    ad9c:	40000002          	sfpcast	L0,L0,0

    ada0:	08000842          	sfpsetexp	L1,L2,0x000,0

    ada4:	10037902          	sfpmad	L4,L0,L13,L14,0

    ada8:	c1438659          	sfpload	L5,406,0,7

    adac:	10011402          	sfpmad	L0,L0,L4,L5,0

    adb0:	c1038629          	sfpload	L4,394,0,7

    adb4:	080000c2          	sfpsetexp	L3,L0,0x000,0

    adb8:	18106482          	sfpmul	L2,L4,L1,L9,0

    adbc:	1810e402          	sfpmul	L0,L4,L3,L9,0

    adc0:	c0438661          	sfpload	L1,408,0,7

    adc4:	48000486          	sfpswap	L2,L1,1

    adc8:	3c000002          	sfpnop

    adcc:	c0c38661          	sfpload	L3,408,0,7

    add0:	48000c06          	sfpswap	L0,L3,1

    add4:	3c000002          	sfpnop

    add8:	c0438631          	sfpload	L1,396,0,7

    addc:	1006c842          	sfpmad	L1,L1,L11,L2,0

    ade0:	c0c38631          	sfpload	L3,396,0,7

    ade4:	ec000401          	sfpsetcc	L1,0x000,0

    ade8:	f0002481          	sfpmov	L2,L9,0

    adec:	2800c02a          	sfpencc	0x003,10

    adf0:	100ec0c2          	sfpmad	L3,L3,L11,L0,0

    adf4:	c10383c1          	sfpload	L4,240,0,7

    adf8:	ec000c01          	sfpsetcc	L3,0x000,0

    adfc:	f0002401          	sfpmov	L0,L9,0

    ae00:	2800c02a          	sfpencc	0x003,10

    ae04:	18092442          	sfpmul	L1,L2,L4,L9,0

    ae08:	c14383c9          	sfpload	L5,242,0,7

    ae0c:	142a888a          	sfpadd	L2,L10,L10,L2,2

    ae10:	180164c2          	sfpmul	L3,L0,L5,L9,0

    ae14:	c1838639          	sfpload	L6,398,0,7

    ae18:	142a800a          	sfpadd	L0,L10,L10,L0,2

    ae1c:	c1c380c1          	sfpload	L7,48,0,7

    ae20:	10059dc2          	sfpmad	L7,L1,L6,L7,0

    ae24:	1810a502          	sfpmul	L4,L4,L2,L9,0

    ae28:	c9c380c1          	sfpstore	L7,48,0,7

    ae2c:	c1c380c9          	sfpload	L7,50,0,7

    ae30:	100d9dc2          	sfpmad	L7,L3,L6,L7,0

    ae34:	c90383c1          	sfpstore	L4,240,0,7

    ae38:	c9c380c9          	sfpstore	L7,50,0,7

    ae3c:	18142542          	sfpmul	L5,L5,L0,L9,0

    ae40:	c1838641          	sfpload	L6,400,0,7

    ae44:	c94383c9          	sfpstore	L5,242,0,7

    ae48:	c1c381c1          	sfpload	L7,112,0,7

    ae4c:	10059dc2          	sfpmad	L7,L1,L6,L7,0

    ae50:	c14381c9          	sfpload	L5,114,0,7

    ae54:	c9c381c1          	sfpstore	L7,112,0,7

    ae58:	100d9542          	sfpmad	L5,L3,L6,L5,0

    ae5c:	c1838649          	sfpload	L6,402,0,7

    ae60:	c94381c9          	sfpstore	L5,114,0,7

    ae64:	c1c382c1          	sfpload	L7,176,0,7

    ae68:	10059dc2          	sfpmad	L7,L1,L6,L7,0

    ae6c:	c14382c9          	sfpload	L5,178,0,7

    ae70:	100d9542          	sfpmad	L5,L3,L6,L5,0

    ae74:	c9c382c1          	sfpstore	L7,176,0,7

    ae78:	c94382c9          	sfpstore	L5,178,0,7

    ae7c:	00008067          	ret

0000ae80 <void (anonymous namespace)::blend_pair_body<13ul, 1ul>()>:
    ae80:	c08384d1          	sfpload	L2,308,0,7

    ae84:	c04385d1          	sfpload	L1,372,0,7

    ae88:	c1838601          	sfpload	L6,384,0,7

    ae8c:	c1438609          	sfpload	L5,386,0,7

    ae90:	1428988a          	sfpadd	L2,L10,L2,L6,2

    ae94:	1428544a          	sfpadd	L1,L10,L1,L5,2

    ae98:	1808a542          	sfpmul	L5,L2,L2,L9,0

    ae9c:	c1038611          	sfpload	L4,388,0,7

    aea0:	18116502          	sfpmul	L4,L4,L5,L9,0

    aea4:	18086482          	sfpmul	L2,L2,L1,L9,0

    aea8:	c0c38619          	sfpload	L3,390,0,7

    aeac:	100c9082          	sfpmad	L2,L3,L2,L4,0

    aeb0:	18046442          	sfpmul	L1,L1,L1,L9,0

    aeb4:	c0038621          	sfpload	L0,392,0,7

    aeb8:	10004802          	sfpmad	L0,L0,L1,L2,0

    aebc:	3c000002          	sfpnop

    aec0:	48002406          	sfpswap	L0,L9,1

    aec4:	3c000002          	sfpnop

    aec8:	18032402          	sfpmul	L0,L0,L12,L9,0

    aecc:	c1038659          	sfpload	L4,406,0,7

    aed0:	d50bf801          	sfpaddi	L0,17150,0

    aed4:	3c000002          	sfpnop

    aed8:	48000246          	sfpswap	L9,L0,1

    aedc:	3c000002          	sfpnop

    aee0:	dc000041          	sfpexexp	L1,L0,0

    aee4:	e0000001          	sfpexman	L0,L0,0

    aee8:	e8000401          	sfpshft	L0,L1,0x000,0

    aeec:	dc000045          	sfpexexp	L1,L0,1

    aef0:	e0000005          	sfpexman	L0,L0,1

    aef4:	40000002          	sfpcast	L0,L0,0

    aef8:	10037882          	sfpmad	L2,L0,L13,L14,0

    aefc:	c1438629          	sfpload	L5,394,0,7

    af00:	10009002          	sfpmad	L0,L0,L2,L4,0

    af04:	c1838661          	sfpload	L6,408,0,7

    af08:	08000042          	sfpsetexp	L1,L0,0x000,0

    af0c:	18146402          	sfpmul	L0,L5,L1,L9,0

    af10:	c1c38631          	sfpload	L7,396,0,7

    af14:	48001806          	sfpswap	L0,L6,1

    af18:	3c000002          	sfpnop

    af1c:	c0c38639          	sfpload	L3,398,0,7

    af20:	c1038641          	sfpload	L4,400,0,7

    af24:	c1438649          	sfpload	L5,402,0,7

    af28:	101ec042          	sfpmad	L1,L7,L11,L0,0

    af2c:	c08383d1          	sfpload	L2,244,0,7

    af30:	ec000401          	sfpsetcc	L1,0x000,0

    af34:	f0002401          	sfpmov	L0,L9,0

    af38:	2800c02a          	sfpencc	0x003,10

    af3c:	1800a442          	sfpmul	L1,L0,L2,L9,0

    af40:	142a800a          	sfpadd	L0,L10,L10,L0,2

    af44:	c18380d1          	sfpload	L6,52,0,7

    af48:	1004d982          	sfpmad	L6,L1,L3,L6,0

    af4c:	18082402          	sfpmul	L0,L2,L0,L9,0

    af50:	c98380d1          	sfpstore	L6,52,0,7

    af54:	c1c381d1          	sfpload	L7,116,0,7

    af58:	10051dc2          	sfpmad	L7,L1,L4,L7,0

    af5c:	c18382d1          	sfpload	L6,180,0,7

    af60:	c9c381d1          	sfpstore	L7,116,0,7

    af64:	10055982          	sfpmad	L6,L1,L5,L6,0

    af68:	c80383d1          	sfpstore	L0,244,0,7

    af6c:	c98382d1          	sfpstore	L6,180,0,7

    af70:	00008067          	ret

0000af74 <void (anonymous namespace)::blend_pair_body<13ul, 2ul>()>:
    af74:	c08384d9          	sfpload	L2,310,0,7

    af78:	c04385d9          	sfpload	L1,374,0,7

    af7c:	c1838601          	sfpload	L6,384,0,7

    af80:	c1438609          	sfpload	L5,386,0,7

    af84:	1428988a          	sfpadd	L2,L10,L2,L6,2

    af88:	1428544a          	sfpadd	L1,L10,L1,L5,2

    af8c:	1808a542          	sfpmul	L5,L2,L2,L9,0

    af90:	c1038611          	sfpload	L4,388,0,7

    af94:	18116502          	sfpmul	L4,L4,L5,L9,0

    af98:	18086482          	sfpmul	L2,L2,L1,L9,0

    af9c:	c0c38619          	sfpload	L3,390,0,7

    afa0:	100c9082          	sfpmad	L2,L3,L2,L4,0

    afa4:	18046442          	sfpmul	L1,L1,L1,L9,0

    afa8:	c0038621          	sfpload	L0,392,0,7

    afac:	10004802          	sfpmad	L0,L0,L1,L2,0

    afb0:	3c000002          	sfpnop

    afb4:	48002406          	sfpswap	L0,L9,1

    afb8:	3c000002          	sfpnop

    afbc:	18032402          	sfpmul	L0,L0,L12,L9,0

    afc0:	c1038659          	sfpload	L4,406,0,7

    afc4:	d50bf801          	sfpaddi	L0,17150,0

    afc8:	3c000002          	sfpnop

    afcc:	48000246          	sfpswap	L9,L0,1

    afd0:	3c000002          	sfpnop

    afd4:	dc000041          	sfpexexp	L1,L0,0

    afd8:	e0000001          	sfpexman	L0,L0,0

    afdc:	e8000401          	sfpshft	L0,L1,0x000,0

    afe0:	dc000045          	sfpexexp	L1,L0,1

    afe4:	e0000005          	sfpexman	L0,L0,1

    afe8:	40000002          	sfpcast	L0,L0,0

    afec:	10037882          	sfpmad	L2,L0,L13,L14,0

    aff0:	c1438629          	sfpload	L5,394,0,7

    aff4:	10009002          	sfpmad	L0,L0,L2,L4,0

    aff8:	c1838661          	sfpload	L6,408,0,7

    affc:	08000042          	sfpsetexp	L1,L0,0x000,0

    b000:	18146402          	sfpmul	L0,L5,L1,L9,0

    b004:	c1c38631          	sfpload	L7,396,0,7

    b008:	48001806          	sfpswap	L0,L6,1

    b00c:	3c000002          	sfpnop

    b010:	c0c38639          	sfpload	L3,398,0,7

    b014:	c1038641          	sfpload	L4,400,0,7

    b018:	c1438649          	sfpload	L5,402,0,7

    b01c:	101ec042          	sfpmad	L1,L7,L11,L0,0

    b020:	c08383d9          	sfpload	L2,246,0,7

    b024:	ec000401          	sfpsetcc	L1,0x000,0

    b028:	f0002401          	sfpmov	L0,L9,0

    b02c:	2800c02a          	sfpencc	0x003,10

    b030:	1800a442          	sfpmul	L1,L0,L2,L9,0

    b034:	142a800a          	sfpadd	L0,L10,L10,L0,2

    b038:	c18380d9          	sfpload	L6,54,0,7

    b03c:	1004d982          	sfpmad	L6,L1,L3,L6,0

    b040:	18082402          	sfpmul	L0,L2,L0,L9,0

    b044:	c98380d9          	sfpstore	L6,54,0,7

    b048:	c1c381d9          	sfpload	L7,118,0,7

    b04c:	10051dc2          	sfpmad	L7,L1,L4,L7,0

    b050:	c18382d9          	sfpload	L6,182,0,7

    b054:	c9c381d9          	sfpstore	L7,118,0,7

    b058:	10055982          	sfpmad	L6,L1,L5,L6,0

    b05c:	c80383d9          	sfpstore	L0,246,0,7

    b060:	c98382d9          	sfpstore	L6,182,0,7

    b064:	00008067          	ret

0000b068 <void (anonymous namespace)::blend_pair_body<13ul, 3ul>()>:
    b068:	c0038601          	sfpload	L0,384,0,7

    b06c:	c0438609          	sfpload	L1,386,0,7

    b070:	c08384d1          	sfpload	L2,308,0,7

    b074:	c0c385d1          	sfpload	L3,372,0,7

    b078:	1428808a          	sfpadd	L2,L10,L2,L0,2

    b07c:	c10384d9          	sfpload	L4,310,0,7

    b080:	1428c4ca          	sfpadd	L3,L10,L3,L1,2

    b084:	1429010a          	sfpadd	L4,L10,L4,L0,2

    b088:	c00385d9          	sfpload	L0,374,0,7

    b08c:	1808a542          	sfpmul	L5,L2,L2,L9,0

    b090:	1428040a          	sfpadd	L0,L10,L0,L1,2

    b094:	c0438611          	sfpload	L1,388,0,7

    b098:	18056542          	sfpmul	L5,L1,L5,L9,0

    b09c:	18112582          	sfpmul	L6,L4,L4,L9,0

    b0a0:	1808e482          	sfpmul	L2,L2,L3,L9,0

    b0a4:	1805a582          	sfpmul	L6,L1,L6,L9,0

    b0a8:	c0438619          	sfpload	L1,390,0,7

    b0ac:	10049482          	sfpmad	L2,L1,L2,L5,0

    b0b0:	18102502          	sfpmul	L4,L4,L0,L9,0

    b0b4:	180ce4c2          	sfpmul	L3,L3,L3,L9,0

    b0b8:	10051902          	sfpmad	L4,L1,L4,L6,0

    b0bc:	c0438621          	sfpload	L1,392,0,7

    b0c0:	1004c882          	sfpmad	L2,L1,L3,L2,0

    b0c4:	18002402          	sfpmul	L0,L0,L0,L9,0

    b0c8:	48002486          	sfpswap	L2,L9,1

    b0cc:	3c000002          	sfpnop

    b0d0:	10041002          	sfpmad	L0,L1,L0,L4,0

    b0d4:	180b2482          	sfpmul	L2,L2,L12,L9,0

    b0d8:	48002406          	sfpswap	L0,L9,1

    b0dc:	3c000002          	sfpnop

    b0e0:	d50bf881          	sfpaddi	L2,17150,0

    b0e4:	18032402          	sfpmul	L0,L0,L12,L9,0

    b0e8:	3c000002          	sfpnop

    b0ec:	48000a46          	sfpswap	L9,L2,1

    b0f0:	3c000002          	sfpnop

    b0f4:	d50bf801          	sfpaddi	L0,17150,0

    b0f8:	dc000841          	sfpexexp	L1,L2,0

    b0fc:	e0000881          	sfpexman	L2,L2,0

    b100:	3c000002          	sfpnop

    b104:	48000246          	sfpswap	L9,L0,1

    b108:	3c000002          	sfpnop

    b10c:	e8000481          	sfpshft	L2,L1,0x000,0

    b110:	dc0000c1          	sfpexexp	L3,L0,0

    b114:	dc000845          	sfpexexp	L1,L2,1

    b118:	e0000001          	sfpexman	L0,L0,0

    b11c:	e0000885          	sfpexman	L2,L2,1

    b120:	e8000c01          	sfpshft	L0,L3,0x000,0

    b124:	40000882          	sfpcast	L2,L2,0

    b128:	dc0000c5          	sfpexexp	L3,L0,1

    b12c:	100b7902          	sfpmad	L4,L2,L13,L14,0

    b130:	e0000005          	sfpexman	L0,L0,1

    b134:	c1438659          	sfpload	L5,406,0,7

    b138:	10091482          	sfpmad	L2,L2,L4,L5,0

    b13c:	40000002          	sfpcast	L0,L0,0

    b140:	08000842          	sfpsetexp	L1,L2,0x000,0

    b144:	10037902          	sfpmad	L4,L0,L13,L14,0

    b148:	c1438659          	sfpload	L5,406,0,7

    b14c:	10011402          	sfpmad	L0,L0,L4,L5,0

    b150:	c1038629          	sfpload	L4,394,0,7

    b154:	080000c2          	sfpsetexp	L3,L0,0x000,0

    b158:	18106482          	sfpmul	L2,L4,L1,L9,0

    b15c:	1810e402          	sfpmul	L0,L4,L3,L9,0

    b160:	c0438661          	sfpload	L1,408,0,7

    b164:	48000486          	sfpswap	L2,L1,1

    b168:	3c000002          	sfpnop

    b16c:	c0c38661          	sfpload	L3,408,0,7

    b170:	48000c06          	sfpswap	L0,L3,1

    b174:	3c000002          	sfpnop

    b178:	c0438631          	sfpload	L1,396,0,7

    b17c:	1006c842          	sfpmad	L1,L1,L11,L2,0

    b180:	c0c38631          	sfpload	L3,396,0,7

    b184:	ec000401          	sfpsetcc	L1,0x000,0

    b188:	f0002481          	sfpmov	L2,L9,0

    b18c:	2800c02a          	sfpencc	0x003,10

    b190:	100ec0c2          	sfpmad	L3,L3,L11,L0,0

    b194:	c10383d1          	sfpload	L4,244,0,7

    b198:	ec000c01          	sfpsetcc	L3,0x000,0

    b19c:	f0002401          	sfpmov	L0,L9,0

    b1a0:	2800c02a          	sfpencc	0x003,10

    b1a4:	18092442          	sfpmul	L1,L2,L4,L9,0

    b1a8:	c14383d9          	sfpload	L5,246,0,7

    b1ac:	142a888a          	sfpadd	L2,L10,L10,L2,2

    b1b0:	180164c2          	sfpmul	L3,L0,L5,L9,0

    b1b4:	c1838639          	sfpload	L6,398,0,7

    b1b8:	142a800a          	sfpadd	L0,L10,L10,L0,2

    b1bc:	c1c380d1          	sfpload	L7,52,0,7

    b1c0:	10059dc2          	sfpmad	L7,L1,L6,L7,0

    b1c4:	1810a502          	sfpmul	L4,L4,L2,L9,0

    b1c8:	c9c380d1          	sfpstore	L7,52,0,7

    b1cc:	c1c380d9          	sfpload	L7,54,0,7

    b1d0:	100d9dc2          	sfpmad	L7,L3,L6,L7,0

    b1d4:	c90383d1          	sfpstore	L4,244,0,7

    b1d8:	c9c380d9          	sfpstore	L7,54,0,7

    b1dc:	18142542          	sfpmul	L5,L5,L0,L9,0

    b1e0:	c1838641          	sfpload	L6,400,0,7

    b1e4:	c94383d9          	sfpstore	L5,246,0,7

    b1e8:	c1c381d1          	sfpload	L7,116,0,7

    b1ec:	10059dc2          	sfpmad	L7,L1,L6,L7,0

    b1f0:	c14381d9          	sfpload	L5,118,0,7

    b1f4:	c9c381d1          	sfpstore	L7,116,0,7

    b1f8:	100d9542          	sfpmad	L5,L3,L6,L5,0

    b1fc:	c1838649          	sfpload	L6,402,0,7

    b200:	c94381d9          	sfpstore	L5,118,0,7

    b204:	c1c382d1          	sfpload	L7,180,0,7

    b208:	10059dc2          	sfpmad	L7,L1,L6,L7,0

    b20c:	c14382d9          	sfpload	L5,182,0,7

    b210:	100d9542          	sfpmad	L5,L3,L6,L5,0

    b214:	c9c382d1          	sfpstore	L7,180,0,7

    b218:	c94382d9          	sfpstore	L5,182,0,7

    b21c:	00008067          	ret

0000b220 <void (anonymous namespace)::blend_pair_body<14ul, 1ul>()>:
    b220:	c08384e1          	sfpload	L2,312,0,7

    b224:	c04385e1          	sfpload	L1,376,0,7

    b228:	c1838601          	sfpload	L6,384,0,7

    b22c:	c1438609          	sfpload	L5,386,0,7

    b230:	1428988a          	sfpadd	L2,L10,L2,L6,2

    b234:	1428544a          	sfpadd	L1,L10,L1,L5,2

    b238:	1808a542          	sfpmul	L5,L2,L2,L9,0

    b23c:	c1038611          	sfpload	L4,388,0,7

    b240:	18116502          	sfpmul	L4,L4,L5,L9,0

    b244:	18086482          	sfpmul	L2,L2,L1,L9,0

    b248:	c0c38619          	sfpload	L3,390,0,7

    b24c:	100c9082          	sfpmad	L2,L3,L2,L4,0

    b250:	18046442          	sfpmul	L1,L1,L1,L9,0

    b254:	c0038621          	sfpload	L0,392,0,7

    b258:	10004802          	sfpmad	L0,L0,L1,L2,0

    b25c:	3c000002          	sfpnop

    b260:	48002406          	sfpswap	L0,L9,1

    b264:	3c000002          	sfpnop

    b268:	18032402          	sfpmul	L0,L0,L12,L9,0

    b26c:	c1038659          	sfpload	L4,406,0,7

    b270:	d50bf801          	sfpaddi	L0,17150,0

    b274:	3c000002          	sfpnop

    b278:	48000246          	sfpswap	L9,L0,1

    b27c:	3c000002          	sfpnop

    b280:	dc000041          	sfpexexp	L1,L0,0

    b284:	e0000001          	sfpexman	L0,L0,0

    b288:	e8000401          	sfpshft	L0,L1,0x000,0

    b28c:	dc000045          	sfpexexp	L1,L0,1

    b290:	e0000005          	sfpexman	L0,L0,1

    b294:	40000002          	sfpcast	L0,L0,0

    b298:	10037882          	sfpmad	L2,L0,L13,L14,0

    b29c:	c1438629          	sfpload	L5,394,0,7

    b2a0:	10009002          	sfpmad	L0,L0,L2,L4,0

    b2a4:	c1838661          	sfpload	L6,408,0,7

    b2a8:	08000042          	sfpsetexp	L1,L0,0x000,0

    b2ac:	18146402          	sfpmul	L0,L5,L1,L9,0

    b2b0:	c1c38631          	sfpload	L7,396,0,7

    b2b4:	48001806          	sfpswap	L0,L6,1

    b2b8:	3c000002          	sfpnop

    b2bc:	c0c38639          	sfpload	L3,398,0,7

    b2c0:	c1038641          	sfpload	L4,400,0,7

    b2c4:	c1438649          	sfpload	L5,402,0,7

    b2c8:	101ec042          	sfpmad	L1,L7,L11,L0,0

    b2cc:	c08383e1          	sfpload	L2,248,0,7

    b2d0:	ec000401          	sfpsetcc	L1,0x000,0

    b2d4:	f0002401          	sfpmov	L0,L9,0

    b2d8:	2800c02a          	sfpencc	0x003,10

    b2dc:	1800a442          	sfpmul	L1,L0,L2,L9,0

    b2e0:	142a800a          	sfpadd	L0,L10,L10,L0,2

    b2e4:	c18380e1          	sfpload	L6,56,0,7

    b2e8:	1004d982          	sfpmad	L6,L1,L3,L6,0

    b2ec:	18082402          	sfpmul	L0,L2,L0,L9,0

    b2f0:	c98380e1          	sfpstore	L6,56,0,7

    b2f4:	c1c381e1          	sfpload	L7,120,0,7

    b2f8:	10051dc2          	sfpmad	L7,L1,L4,L7,0

    b2fc:	c18382e1          	sfpload	L6,184,0,7

    b300:	c9c381e1          	sfpstore	L7,120,0,7

    b304:	10055982          	sfpmad	L6,L1,L5,L6,0

    b308:	c80383e1          	sfpstore	L0,248,0,7

    b30c:	c98382e1          	sfpstore	L6,184,0,7

    b310:	00008067          	ret

0000b314 <void (anonymous namespace)::blend_pair_body<14ul, 2ul>()>:
    b314:	c08384e9          	sfpload	L2,314,0,7

    b318:	c04385e9          	sfpload	L1,378,0,7

    b31c:	c1838601          	sfpload	L6,384,0,7

    b320:	c1438609          	sfpload	L5,386,0,7

    b324:	1428988a          	sfpadd	L2,L10,L2,L6,2

    b328:	1428544a          	sfpadd	L1,L10,L1,L5,2

    b32c:	1808a542          	sfpmul	L5,L2,L2,L9,0

    b330:	c1038611          	sfpload	L4,388,0,7

    b334:	18116502          	sfpmul	L4,L4,L5,L9,0

    b338:	18086482          	sfpmul	L2,L2,L1,L9,0

    b33c:	c0c38619          	sfpload	L3,390,0,7

    b340:	100c9082          	sfpmad	L2,L3,L2,L4,0

    b344:	18046442          	sfpmul	L1,L1,L1,L9,0

    b348:	c0038621          	sfpload	L0,392,0,7

    b34c:	10004802          	sfpmad	L0,L0,L1,L2,0

    b350:	3c000002          	sfpnop

    b354:	48002406          	sfpswap	L0,L9,1

    b358:	3c000002          	sfpnop

    b35c:	18032402          	sfpmul	L0,L0,L12,L9,0

    b360:	c1038659          	sfpload	L4,406,0,7

    b364:	d50bf801          	sfpaddi	L0,17150,0

    b368:	3c000002          	sfpnop

    b36c:	48000246          	sfpswap	L9,L0,1

    b370:	3c000002          	sfpnop

    b374:	dc000041          	sfpexexp	L1,L0,0

    b378:	e0000001          	sfpexman	L0,L0,0

    b37c:	e8000401          	sfpshft	L0,L1,0x000,0

    b380:	dc000045          	sfpexexp	L1,L0,1

    b384:	e0000005          	sfpexman	L0,L0,1

    b388:	40000002          	sfpcast	L0,L0,0

    b38c:	10037882          	sfpmad	L2,L0,L13,L14,0

    b390:	c1438629          	sfpload	L5,394,0,7

    b394:	10009002          	sfpmad	L0,L0,L2,L4,0

    b398:	c1838661          	sfpload	L6,408,0,7

    b39c:	08000042          	sfpsetexp	L1,L0,0x000,0

    b3a0:	18146402          	sfpmul	L0,L5,L1,L9,0

    b3a4:	c1c38631          	sfpload	L7,396,0,7

    b3a8:	48001806          	sfpswap	L0,L6,1

    b3ac:	3c000002          	sfpnop

    b3b0:	c0c38639          	sfpload	L3,398,0,7

    b3b4:	c1038641          	sfpload	L4,400,0,7

    b3b8:	c1438649          	sfpload	L5,402,0,7

    b3bc:	101ec042          	sfpmad	L1,L7,L11,L0,0

    b3c0:	c08383e9          	sfpload	L2,250,0,7

    b3c4:	ec000401          	sfpsetcc	L1,0x000,0

    b3c8:	f0002401          	sfpmov	L0,L9,0

    b3cc:	2800c02a          	sfpencc	0x003,10

    b3d0:	1800a442          	sfpmul	L1,L0,L2,L9,0

    b3d4:	142a800a          	sfpadd	L0,L10,L10,L0,2

    b3d8:	c18380e9          	sfpload	L6,58,0,7

    b3dc:	1004d982          	sfpmad	L6,L1,L3,L6,0

    b3e0:	18082402          	sfpmul	L0,L2,L0,L9,0

    b3e4:	c98380e9          	sfpstore	L6,58,0,7

    b3e8:	c1c381e9          	sfpload	L7,122,0,7

    b3ec:	10051dc2          	sfpmad	L7,L1,L4,L7,0

    b3f0:	c18382e9          	sfpload	L6,186,0,7

    b3f4:	c9c381e9          	sfpstore	L7,122,0,7

    b3f8:	10055982          	sfpmad	L6,L1,L5,L6,0

    b3fc:	c80383e9          	sfpstore	L0,250,0,7

    b400:	c98382e9          	sfpstore	L6,186,0,7

    b404:	00008067          	ret

0000b408 <void (anonymous namespace)::blend_pair_body<14ul, 3ul>()>:
    b408:	c0038601          	sfpload	L0,384,0,7

    b40c:	c0438609          	sfpload	L1,386,0,7

    b410:	c08384e1          	sfpload	L2,312,0,7

    b414:	c0c385e1          	sfpload	L3,376,0,7

    b418:	1428808a          	sfpadd	L2,L10,L2,L0,2

    b41c:	c10384e9          	sfpload	L4,314,0,7

    b420:	1428c4ca          	sfpadd	L3,L10,L3,L1,2

    b424:	1429010a          	sfpadd	L4,L10,L4,L0,2

    b428:	c00385e9          	sfpload	L0,378,0,7

    b42c:	1808a542          	sfpmul	L5,L2,L2,L9,0

    b430:	1428040a          	sfpadd	L0,L10,L0,L1,2

    b434:	c0438611          	sfpload	L1,388,0,7

    b438:	18056542          	sfpmul	L5,L1,L5,L9,0

    b43c:	18112582          	sfpmul	L6,L4,L4,L9,0

    b440:	1808e482          	sfpmul	L2,L2,L3,L9,0

    b444:	1805a582          	sfpmul	L6,L1,L6,L9,0

    b448:	c0438619          	sfpload	L1,390,0,7

    b44c:	10049482          	sfpmad	L2,L1,L2,L5,0

    b450:	18102502          	sfpmul	L4,L4,L0,L9,0

    b454:	180ce4c2          	sfpmul	L3,L3,L3,L9,0

    b458:	10051902          	sfpmad	L4,L1,L4,L6,0

    b45c:	c0438621          	sfpload	L1,392,0,7

    b460:	1004c882          	sfpmad	L2,L1,L3,L2,0

    b464:	18002402          	sfpmul	L0,L0,L0,L9,0

    b468:	48002486          	sfpswap	L2,L9,1

    b46c:	3c000002          	sfpnop

    b470:	10041002          	sfpmad	L0,L1,L0,L4,0

    b474:	180b2482          	sfpmul	L2,L2,L12,L9,0

    b478:	48002406          	sfpswap	L0,L9,1

    b47c:	3c000002          	sfpnop

    b480:	d50bf881          	sfpaddi	L2,17150,0

    b484:	18032402          	sfpmul	L0,L0,L12,L9,0

    b488:	3c000002          	sfpnop

    b48c:	48000a46          	sfpswap	L9,L2,1

    b490:	3c000002          	sfpnop

    b494:	d50bf801          	sfpaddi	L0,17150,0

    b498:	dc000841          	sfpexexp	L1,L2,0

    b49c:	e0000881          	sfpexman	L2,L2,0

    b4a0:	3c000002          	sfpnop

    b4a4:	48000246          	sfpswap	L9,L0,1

    b4a8:	3c000002          	sfpnop

    b4ac:	e8000481          	sfpshft	L2,L1,0x000,0

    b4b0:	dc0000c1          	sfpexexp	L3,L0,0

    b4b4:	dc000845          	sfpexexp	L1,L2,1

    b4b8:	e0000001          	sfpexman	L0,L0,0

    b4bc:	e0000885          	sfpexman	L2,L2,1

    b4c0:	e8000c01          	sfpshft	L0,L3,0x000,0

    b4c4:	40000882          	sfpcast	L2,L2,0

    b4c8:	dc0000c5          	sfpexexp	L3,L0,1

    b4cc:	100b7902          	sfpmad	L4,L2,L13,L14,0

    b4d0:	e0000005          	sfpexman	L0,L0,1

    b4d4:	c1438659          	sfpload	L5,406,0,7

    b4d8:	10091482          	sfpmad	L2,L2,L4,L5,0

    b4dc:	40000002          	sfpcast	L0,L0,0

    b4e0:	08000842          	sfpsetexp	L1,L2,0x000,0

    b4e4:	10037902          	sfpmad	L4,L0,L13,L14,0

    b4e8:	c1438659          	sfpload	L5,406,0,7

    b4ec:	10011402          	sfpmad	L0,L0,L4,L5,0

    b4f0:	c1038629          	sfpload	L4,394,0,7

    b4f4:	080000c2          	sfpsetexp	L3,L0,0x000,0

    b4f8:	18106482          	sfpmul	L2,L4,L1,L9,0

    b4fc:	1810e402          	sfpmul	L0,L4,L3,L9,0

    b500:	c0438661          	sfpload	L1,408,0,7

    b504:	48000486          	sfpswap	L2,L1,1

    b508:	3c000002          	sfpnop

    b50c:	c0c38661          	sfpload	L3,408,0,7

    b510:	48000c06          	sfpswap	L0,L3,1

    b514:	3c000002          	sfpnop

    b518:	c0438631          	sfpload	L1,396,0,7

    b51c:	1006c842          	sfpmad	L1,L1,L11,L2,0

    b520:	c0c38631          	sfpload	L3,396,0,7

    b524:	ec000401          	sfpsetcc	L1,0x000,0

    b528:	f0002481          	sfpmov	L2,L9,0

    b52c:	2800c02a          	sfpencc	0x003,10

    b530:	100ec0c2          	sfpmad	L3,L3,L11,L0,0

    b534:	c10383e1          	sfpload	L4,248,0,7

    b538:	ec000c01          	sfpsetcc	L3,0x000,0

    b53c:	f0002401          	sfpmov	L0,L9,0

    b540:	2800c02a          	sfpencc	0x003,10

    b544:	18092442          	sfpmul	L1,L2,L4,L9,0

    b548:	c14383e9          	sfpload	L5,250,0,7

    b54c:	142a888a          	sfpadd	L2,L10,L10,L2,2

    b550:	180164c2          	sfpmul	L3,L0,L5,L9,0

    b554:	c1838639          	sfpload	L6,398,0,7

    b558:	142a800a          	sfpadd	L0,L10,L10,L0,2

    b55c:	c1c380e1          	sfpload	L7,56,0,7

    b560:	10059dc2          	sfpmad	L7,L1,L6,L7,0

    b564:	1810a502          	sfpmul	L4,L4,L2,L9,0

    b568:	c9c380e1          	sfpstore	L7,56,0,7

    b56c:	c1c380e9          	sfpload	L7,58,0,7

    b570:	100d9dc2          	sfpmad	L7,L3,L6,L7,0

    b574:	c90383e1          	sfpstore	L4,248,0,7

    b578:	c9c380e9          	sfpstore	L7,58,0,7

    b57c:	18142542          	sfpmul	L5,L5,L0,L9,0

    b580:	c1838641          	sfpload	L6,400,0,7

    b584:	c94383e9          	sfpstore	L5,250,0,7

    b588:	c1c381e1          	sfpload	L7,120,0,7

    b58c:	10059dc2          	sfpmad	L7,L1,L6,L7,0

    b590:	c14381e9          	sfpload	L5,122,0,7

    b594:	c9c381e1          	sfpstore	L7,120,0,7

    b598:	100d9542          	sfpmad	L5,L3,L6,L5,0

    b59c:	c1838649          	sfpload	L6,402,0,7

    b5a0:	c94381e9          	sfpstore	L5,122,0,7

    b5a4:	c1c382e1          	sfpload	L7,184,0,7

    b5a8:	10059dc2          	sfpmad	L7,L1,L6,L7,0

    b5ac:	c14382e9          	sfpload	L5,186,0,7

    b5b0:	100d9542          	sfpmad	L5,L3,L6,L5,0

    b5b4:	c9c382e1          	sfpstore	L7,184,0,7

    b5b8:	c94382e9          	sfpstore	L5,186,0,7

    b5bc:	00008067          	ret

0000b5c0 <void (anonymous namespace)::blend_pair_body<15ul, 1ul>()>:
    b5c0:	c08384f1          	sfpload	L2,316,0,7

    b5c4:	c04385f1          	sfpload	L1,380,0,7

    b5c8:	c1838601          	sfpload	L6,384,0,7

    b5cc:	c1438609          	sfpload	L5,386,0,7

    b5d0:	1428988a          	sfpadd	L2,L10,L2,L6,2

    b5d4:	1428544a          	sfpadd	L1,L10,L1,L5,2

    b5d8:	1808a542          	sfpmul	L5,L2,L2,L9,0

    b5dc:	c1038611          	sfpload	L4,388,0,7

    b5e0:	18116502          	sfpmul	L4,L4,L5,L9,0

    b5e4:	18086482          	sfpmul	L2,L2,L1,L9,0

    b5e8:	c0c38619          	sfpload	L3,390,0,7

    b5ec:	100c9082          	sfpmad	L2,L3,L2,L4,0

    b5f0:	18046442          	sfpmul	L1,L1,L1,L9,0

    b5f4:	c0038621          	sfpload	L0,392,0,7

    b5f8:	10004802          	sfpmad	L0,L0,L1,L2,0

    b5fc:	3c000002          	sfpnop

    b600:	48002406          	sfpswap	L0,L9,1

    b604:	3c000002          	sfpnop

    b608:	18032402          	sfpmul	L0,L0,L12,L9,0

    b60c:	c1038659          	sfpload	L4,406,0,7

    b610:	d50bf801          	sfpaddi	L0,17150,0

    b614:	3c000002          	sfpnop

    b618:	48000246          	sfpswap	L9,L0,1

    b61c:	3c000002          	sfpnop

    b620:	dc000041          	sfpexexp	L1,L0,0

    b624:	e0000001          	sfpexman	L0,L0,0

    b628:	e8000401          	sfpshft	L0,L1,0x000,0

    b62c:	dc000045          	sfpexexp	L1,L0,1

    b630:	e0000005          	sfpexman	L0,L0,1

    b634:	40000002          	sfpcast	L0,L0,0

    b638:	10037882          	sfpmad	L2,L0,L13,L14,0

    b63c:	c1438629          	sfpload	L5,394,0,7

    b640:	10009002          	sfpmad	L0,L0,L2,L4,0

    b644:	c1838661          	sfpload	L6,408,0,7

    b648:	08000042          	sfpsetexp	L1,L0,0x000,0

    b64c:	18146402          	sfpmul	L0,L5,L1,L9,0

    b650:	c1c38631          	sfpload	L7,396,0,7

    b654:	48001806          	sfpswap	L0,L6,1

    b658:	3c000002          	sfpnop

    b65c:	c0c38639          	sfpload	L3,398,0,7

    b660:	c1038641          	sfpload	L4,400,0,7

    b664:	c1438649          	sfpload	L5,402,0,7

    b668:	101ec042          	sfpmad	L1,L7,L11,L0,0

    b66c:	c08383f1          	sfpload	L2,252,0,7

    b670:	ec000401          	sfpsetcc	L1,0x000,0

    b674:	f0002401          	sfpmov	L0,L9,0

    b678:	2800c02a          	sfpencc	0x003,10

    b67c:	1800a442          	sfpmul	L1,L0,L2,L9,0

    b680:	142a800a          	sfpadd	L0,L10,L10,L0,2

    b684:	c18380f1          	sfpload	L6,60,0,7

    b688:	1004d982          	sfpmad	L6,L1,L3,L6,0

    b68c:	18082402          	sfpmul	L0,L2,L0,L9,0

    b690:	c98380f1          	sfpstore	L6,60,0,7

    b694:	c1c381f1          	sfpload	L7,124,0,7

    b698:	10051dc2          	sfpmad	L7,L1,L4,L7,0

    b69c:	c18382f1          	sfpload	L6,188,0,7

    b6a0:	c9c381f1          	sfpstore	L7,124,0,7

    b6a4:	10055982          	sfpmad	L6,L1,L5,L6,0

    b6a8:	c80383f1          	sfpstore	L0,252,0,7

    b6ac:	c98382f1          	sfpstore	L6,188,0,7

    b6b0:	00008067          	ret

0000b6b4 <void (anonymous namespace)::blend_pair_body<15ul, 2ul>()>:
    b6b4:	c08384f9          	sfpload	L2,318,0,7

    b6b8:	c04385f9          	sfpload	L1,382,0,7

    b6bc:	c1838601          	sfpload	L6,384,0,7

    b6c0:	c1438609          	sfpload	L5,386,0,7

    b6c4:	1428988a          	sfpadd	L2,L10,L2,L6,2

    b6c8:	1428544a          	sfpadd	L1,L10,L1,L5,2

    b6cc:	1808a542          	sfpmul	L5,L2,L2,L9,0

    b6d0:	c1038611          	sfpload	L4,388,0,7

    b6d4:	18116502          	sfpmul	L4,L4,L5,L9,0

    b6d8:	18086482          	sfpmul	L2,L2,L1,L9,0

    b6dc:	c0c38619          	sfpload	L3,390,0,7

    b6e0:	100c9082          	sfpmad	L2,L3,L2,L4,0

    b6e4:	18046442          	sfpmul	L1,L1,L1,L9,0

    b6e8:	c0038621          	sfpload	L0,392,0,7

    b6ec:	10004802          	sfpmad	L0,L0,L1,L2,0

    b6f0:	3c000002          	sfpnop

    b6f4:	48002406          	sfpswap	L0,L9,1

    b6f8:	3c000002          	sfpnop

    b6fc:	18032402          	sfpmul	L0,L0,L12,L9,0

    b700:	c1038659          	sfpload	L4,406,0,7

    b704:	d50bf801          	sfpaddi	L0,17150,0

    b708:	3c000002          	sfpnop

    b70c:	48000246          	sfpswap	L9,L0,1

    b710:	3c000002          	sfpnop

    b714:	dc000041          	sfpexexp	L1,L0,0

    b718:	e0000001          	sfpexman	L0,L0,0

    b71c:	e8000401          	sfpshft	L0,L1,0x000,0

    b720:	dc000045          	sfpexexp	L1,L0,1

    b724:	e0000005          	sfpexman	L0,L0,1

    b728:	40000002          	sfpcast	L0,L0,0

    b72c:	10037882          	sfpmad	L2,L0,L13,L14,0

    b730:	c1438629          	sfpload	L5,394,0,7

    b734:	10009002          	sfpmad	L0,L0,L2,L4,0

    b738:	c1838661          	sfpload	L6,408,0,7

    b73c:	08000042          	sfpsetexp	L1,L0,0x000,0

    b740:	18146402          	sfpmul	L0,L5,L1,L9,0

    b744:	c1c38631          	sfpload	L7,396,0,7

    b748:	48001806          	sfpswap	L0,L6,1

    b74c:	3c000002          	sfpnop

    b750:	c0c38639          	sfpload	L3,398,0,7

    b754:	c1038641          	sfpload	L4,400,0,7

    b758:	c1438649          	sfpload	L5,402,0,7

    b75c:	101ec042          	sfpmad	L1,L7,L11,L0,0

    b760:	c08383f9          	sfpload	L2,254,0,7

    b764:	ec000401          	sfpsetcc	L1,0x000,0

    b768:	f0002401          	sfpmov	L0,L9,0

    b76c:	2800c02a          	sfpencc	0x003,10

    b770:	1800a442          	sfpmul	L1,L0,L2,L9,0

    b774:	142a800a          	sfpadd	L0,L10,L10,L0,2

    b778:	c18380f9          	sfpload	L6,62,0,7

    b77c:	1004d982          	sfpmad	L6,L1,L3,L6,0

    b780:	18082402          	sfpmul	L0,L2,L0,L9,0

    b784:	c98380f9          	sfpstore	L6,62,0,7

    b788:	c1c381f9          	sfpload	L7,126,0,7

    b78c:	10051dc2          	sfpmad	L7,L1,L4,L7,0

    b790:	c18382f9          	sfpload	L6,190,0,7

    b794:	c9c381f9          	sfpstore	L7,126,0,7

    b798:	10055982          	sfpmad	L6,L1,L5,L6,0

    b79c:	c80383f9          	sfpstore	L0,254,0,7

    b7a0:	c98382f9          	sfpstore	L6,190,0,7

    b7a4:	00008067          	ret

0000b7a8 <void (anonymous namespace)::blend_pair_body<15ul, 3ul>()>:
    b7a8:	c0038601          	sfpload	L0,384,0,7

    b7ac:	c0438609          	sfpload	L1,386,0,7

    b7b0:	c08384f1          	sfpload	L2,316,0,7

    b7b4:	c0c385f1          	sfpload	L3,380,0,7

    b7b8:	1428808a          	sfpadd	L2,L10,L2,L0,2

    b7bc:	c10384f9          	sfpload	L4,318,0,7

    b7c0:	1428c4ca          	sfpadd	L3,L10,L3,L1,2

    b7c4:	1429010a          	sfpadd	L4,L10,L4,L0,2

    b7c8:	c00385f9          	sfpload	L0,382,0,7

    b7cc:	1808a542          	sfpmul	L5,L2,L2,L9,0

    b7d0:	1428040a          	sfpadd	L0,L10,L0,L1,2

    b7d4:	c0438611          	sfpload	L1,388,0,7

    b7d8:	18056542          	sfpmul	L5,L1,L5,L9,0

    b7dc:	18112582          	sfpmul	L6,L4,L4,L9,0

    b7e0:	1808e482          	sfpmul	L2,L2,L3,L9,0

    b7e4:	1805a582          	sfpmul	L6,L1,L6,L9,0

    b7e8:	c0438619          	sfpload	L1,390,0,7

    b7ec:	10049482          	sfpmad	L2,L1,L2,L5,0

    b7f0:	18102502          	sfpmul	L4,L4,L0,L9,0

    b7f4:	180ce4c2          	sfpmul	L3,L3,L3,L9,0

    b7f8:	10051902          	sfpmad	L4,L1,L4,L6,0

    b7fc:	c0438621          	sfpload	L1,392,0,7

    b800:	1004c882          	sfpmad	L2,L1,L3,L2,0

    b804:	18002402          	sfpmul	L0,L0,L0,L9,0

    b808:	48002486          	sfpswap	L2,L9,1

    b80c:	3c000002          	sfpnop

    b810:	10041002          	sfpmad	L0,L1,L0,L4,0

    b814:	180b2482          	sfpmul	L2,L2,L12,L9,0

    b818:	48002406          	sfpswap	L0,L9,1

    b81c:	3c000002          	sfpnop

    b820:	d50bf881          	sfpaddi	L2,17150,0

    b824:	18032402          	sfpmul	L0,L0,L12,L9,0

    b828:	3c000002          	sfpnop

    b82c:	48000a46          	sfpswap	L9,L2,1

    b830:	3c000002          	sfpnop

    b834:	d50bf801          	sfpaddi	L0,17150,0

    b838:	dc000841          	sfpexexp	L1,L2,0

    b83c:	e0000881          	sfpexman	L2,L2,0

    b840:	3c000002          	sfpnop

    b844:	48000246          	sfpswap	L9,L0,1

    b848:	3c000002          	sfpnop

    b84c:	e8000481          	sfpshft	L2,L1,0x000,0

    b850:	dc0000c1          	sfpexexp	L3,L0,0

    b854:	dc000845          	sfpexexp	L1,L2,1

    b858:	e0000001          	sfpexman	L0,L0,0

    b85c:	e0000885          	sfpexman	L2,L2,1

    b860:	e8000c01          	sfpshft	L0,L3,0x000,0

    b864:	40000882          	sfpcast	L2,L2,0

    b868:	dc0000c5          	sfpexexp	L3,L0,1

    b86c:	100b7902          	sfpmad	L4,L2,L13,L14,0

    b870:	e0000005          	sfpexman	L0,L0,1

    b874:	c1438659          	sfpload	L5,406,0,7

    b878:	10091482          	sfpmad	L2,L2,L4,L5,0

    b87c:	40000002          	sfpcast	L0,L0,0

    b880:	08000842          	sfpsetexp	L1,L2,0x000,0

    b884:	10037902          	sfpmad	L4,L0,L13,L14,0

    b888:	c1438659          	sfpload	L5,406,0,7

    b88c:	10011402          	sfpmad	L0,L0,L4,L5,0

    b890:	c1038629          	sfpload	L4,394,0,7

    b894:	080000c2          	sfpsetexp	L3,L0,0x000,0

    b898:	18106482          	sfpmul	L2,L4,L1,L9,0

    b89c:	1810e402          	sfpmul	L0,L4,L3,L9,0

    b8a0:	c0438661          	sfpload	L1,408,0,7

    b8a4:	48000486          	sfpswap	L2,L1,1

    b8a8:	3c000002          	sfpnop

    b8ac:	c0c38661          	sfpload	L3,408,0,7

    b8b0:	48000c06          	sfpswap	L0,L3,1

    b8b4:	3c000002          	sfpnop

    b8b8:	c0438631          	sfpload	L1,396,0,7

    b8bc:	1006c842          	sfpmad	L1,L1,L11,L2,0

    b8c0:	c0c38631          	sfpload	L3,396,0,7

    b8c4:	ec000401          	sfpsetcc	L1,0x000,0

    b8c8:	f0002481          	sfpmov	L2,L9,0

    b8cc:	2800c02a          	sfpencc	0x003,10

    b8d0:	100ec0c2          	sfpmad	L3,L3,L11,L0,0

    b8d4:	c10383f1          	sfpload	L4,252,0,7

    b8d8:	ec000c01          	sfpsetcc	L3,0x000,0

    b8dc:	f0002401          	sfpmov	L0,L9,0

    b8e0:	2800c02a          	sfpencc	0x003,10

    b8e4:	18092442          	sfpmul	L1,L2,L4,L9,0

    b8e8:	c14383f9          	sfpload	L5,254,0,7

    b8ec:	142a888a          	sfpadd	L2,L10,L10,L2,2

    b8f0:	180164c2          	sfpmul	L3,L0,L5,L9,0

    b8f4:	c1838639          	sfpload	L6,398,0,7

    b8f8:	142a800a          	sfpadd	L0,L10,L10,L0,2

    b8fc:	c1c380f1          	sfpload	L7,60,0,7

    b900:	10059dc2          	sfpmad	L7,L1,L6,L7,0

    b904:	1810a502          	sfpmul	L4,L4,L2,L9,0

    b908:	c9c380f1          	sfpstore	L7,60,0,7

    b90c:	c1c380f9          	sfpload	L7,62,0,7

    b910:	100d9dc2          	sfpmad	L7,L3,L6,L7,0

    b914:	c90383f1          	sfpstore	L4,252,0,7

    b918:	c9c380f9          	sfpstore	L7,62,0,7

    b91c:	18142542          	sfpmul	L5,L5,L0,L9,0

    b920:	c1838641          	sfpload	L6,400,0,7

    b924:	c94383f9          	sfpstore	L5,254,0,7

    b928:	c1c381f1          	sfpload	L7,124,0,7

    b92c:	10059dc2          	sfpmad	L7,L1,L6,L7,0

    b930:	c14381f9          	sfpload	L5,126,0,7

    b934:	c9c381f1          	sfpstore	L7,124,0,7

    b938:	100d9542          	sfpmad	L5,L3,L6,L5,0

    b93c:	c1838649          	sfpload	L6,402,0,7

    b940:	c94381f9          	sfpstore	L5,126,0,7

    b944:	c1c382f1          	sfpload	L7,188,0,7

    b948:	10059dc2          	sfpmad	L7,L1,L6,L7,0

    b94c:	c14382f9          	sfpload	L5,190,0,7

    b950:	100d9542          	sfpmad	L5,L3,L6,L5,0

    b954:	c9c382f1          	sfpstore	L7,188,0,7

    b958:	c94382f9          	sfpstore	L5,190,0,7

    b95c:	00008067          	ret

0000b960 <memset>:
    b960:	00f00313          	li	t1,15
    b964:	00050713          	mv	a4,a0
    b968:	02c37e63          	bgeu	t1,a2,b9a4 <.Ltiny>
    b96c:	00f77793          	andi	a5,a4,15
    b970:	0a079063          	bnez	a5,ba10 <.Lmisaligned>
    b974:	08059263          	bnez	a1,b9f8 <.Lwordify>
    b978:	ff067693          	andi	a3,a2,-16
    b97c:	00f67613          	andi	a2,a2,15
    b980:	00e686b3          	add	a3,a3,a4

    b984:	00b72023          	sw	a1,0(a4) # b2010000 <__device_print_strings_info_end+0xabb10000>
    b988:	00b72223          	sw	a1,4(a4)
    b98c:	00b72423          	sw	a1,8(a4)
    b990:	00b72623          	sw	a1,12(a4)
    b994:	01070713          	addi	a4,a4,16
    b998:	fed766e3          	bltu	a4,a3,b984 <.L1^B1>
    b99c:	00061463          	bnez	a2,b9a4 <.Ltiny>
    b9a0:	00008067          	ret
    b9a4:	40c306b3          	sub	a3,t1,a2
    b9a8:	00269693          	slli	a3,a3,0x2

    b9ac:	00000297          	auipc	t0,0x0
    b9b0:	005686b3          	add	a3,a3,t0

    b9b4:	00c68067          	jr	12(a3)

    b9b8:	00b70723          	sb	a1,14(a4)
    b9bc:	00b706a3          	sb	a1,13(a4)
    b9c0:	00b70623          	sb	a1,12(a4)
    b9c4:	00b705a3          	sb	a1,11(a4)
    b9c8:	00b70523          	sb	a1,10(a4)
    b9cc:	00b704a3          	sb	a1,9(a4)
    b9d0:	00b70423          	sb	a1,8(a4)
    b9d4:	00b703a3          	sb	a1,7(a4)
    b9d8:	00b70323          	sb	a1,6(a4)
    b9dc:	00b702a3          	sb	a1,5(a4)
    b9e0:	00b70223          	sb	a1,4(a4)
    b9e4:	00b701a3          	sb	a1,3(a4)
    b9e8:	00b70123          	sb	a1,2(a4)
    b9ec:	00b700a3          	sb	a1,1(a4)
    b9f0:	00b70023          	sb	a1,0(a4)
    b9f4:	00008067          	ret

    b9f8:	0ff5f593          	zext.b	a1,a1
    b9fc:	00859693          	slli	a3,a1,0x8
    ba00:	00d5e5b3          	or	a1,a1,a3
    ba04:	01059693          	slli	a3,a1,0x10
    ba08:	00d5e5b3          	or	a1,a1,a3
    ba0c:	f6dff06f          	j	b978 <.Lwordified>
    ba10:	00279693          	slli	a3,a5,0x2

    ba14:	00000297          	auipc	t0,0x0
    ba18:	005686b3          	add	a3,a3,t0
    ba1c:	00008293          	mv	t0,ra
    ba20:	fa0680e7          	jalr	-96(a3)
    ba24:	00028093          	mv	ra,t0
    ba28:	ff078793          	addi	a5,a5,-16
    ba2c:	40f70733          	sub	a4,a4,a5
    ba30:	00f60633          	add	a2,a2,a5
    ba34:	f6c378e3          	bgeu	t1,a2,b9a4 <.Ltiny>
    ba38:	f3dff06f          	j	b974 <.Laligned>
