
trisc1.elf:     file format elf32-littleriscv


Disassembly of section .text:

00007130 <_start>:
    7130:	f1010113          	addi	sp,sp,-240
    7134:	0e112623          	sw	ra,236(sp)
    7138:	0f212023          	sw	s2,224(sp)
    713c:	0d312e23          	sw	s3,220(sp)
    7140:	0d412c23          	sw	s4,216(sp)
    7144:	0d812423          	sw	s8,200(sp)

00007148 <.LBB73575>:
    7148:	ffb007b7          	lui	a5,0xffb00
    714c:	ffb00737          	lui	a4,0xffb00

00007150 <.LM6582>:
    7150:	03478793          	addi	a5,a5,52 # ffb00034 <_ZN12_GLOBAL__N_1L13g_blend_chainE+0xc>

00007154 <.LM6583>:
    7154:	12870713          	addi	a4,a4,296 # ffb00128 <__ldm_bss_end>
    7158:	00f76e63          	bltu	a4,a5,7174 <.L52>

0000715c <.L53>:
    715c:	fe07ae23          	sw	zero,-4(a5)

00007160 <.LM6585>:
    7160:	fe07ac23          	sw	zero,-8(a5)

00007164 <.LM6586>:
    7164:	fe07aa23          	sw	zero,-12(a5)

00007168 <.LM6587>:
    7168:	fe07a823          	sw	zero,-16(a5)

0000716c <.LM6588>:
    716c:	01078793          	addi	a5,a5,16

00007170 <.LM6589>:
    7170:	fef776e3          	bgeu	a4,a5,715c <.L53>

00007174 <.L52>:
    7174:	ff878693          	addi	a3,a5,-8

00007178 <.LM6591>:
    7178:	5ed760e3          	bltu	a4,a3,7f58 <.L112>

0000717c <.LM6592>:
    717c:	fe07aa23          	sw	zero,-12(a5)

00007180 <.LM6593>:
    7180:	fe07a823          	sw	zero,-16(a5)

00007184 <.L54>:
    7184:	ffc78693          	addi	a3,a5,-4

00007188 <.LM6595>:
    7188:	00d76463          	bltu	a4,a3,7190 <.L55>

0000718c <.LM6596>:
    718c:	fe07ac23          	sw	zero,-8(a5)

00007190 <.L55>:
    7190:	0000c737          	lui	a4,0xc
    7194:	f1470713          	addi	a4,a4,-236 # bf14 <__kernel_data_lma>
    7198:	83018793          	addi	a5,gp,-2000 # ffb00020 <_ZN12_GLOBAL__N_1L13g_blend_t_epsE>
    719c:	06f70a63          	beq	a4,a5,7210 <.L57>

000071a0 <.LM6598>:
    71a0:	ffb00637          	lui	a2,0xffb00
    71a4:	02460613          	addi	a2,a2,36 # ffb00024 <_ZN12_GLOBAL__N_1L18g_pixel_floor_bitsE>
    71a8:	40f60633          	sub	a2,a2,a5

000071ac <.LBB73580>:
    71ac:	00800593          	li	a1,8

000071b0 <.LBE73580>:
    71b0:	40265693          	srai	a3,a2,0x2

000071b4 <.LBB73584>:
    71b4:	04c5d063          	bge	a1,a2,71f4 <.L58>
    71b8:	00200613          	li	a2,2

000071bc <.L59>:
    71bc:	00072883          	lw	a7,0(a4)
    71c0:	00472803          	lw	a6,4(a4)
    71c4:	00872503          	lw	a0,8(a4)

000071c8 <.LM6604>:
    71c8:	00078593          	mv	a1,a5
    71cc:	00070793          	mv	a5,a4
    71d0:	00c78793          	addi	a5,a5,12
    71d4:	00c58593          	addi	a1,a1,12
    71d8:	ffd68693          	addi	a3,a3,-3
    71dc:	00078713          	mv	a4,a5
    71e0:	00058793          	mv	a5,a1

000071e4 <.LM6605>:
    71e4:	ff15aa23          	sw	a7,-12(a1)
    71e8:	ff05ac23          	sw	a6,-8(a1)
    71ec:	fea5ae23          	sw	a0,-4(a1)

000071f0 <.LBE73582>:
    71f0:	fcd646e3          	blt	a2,a3,71bc <.L59>

000071f4 <.L58>:
    71f4:	00d05e63          	blez	a3,7210 <.L57>

000071f8 <.LM6608>:
    71f8:	00072583          	lw	a1,0(a4)

000071fc <.LM6609>:
    71fc:	00200613          	li	a2,2

00007200 <.LM6610>:
    7200:	00b7a023          	sw	a1,0(a5)

00007204 <.LM6611>:
    7204:	00c69663          	bne	a3,a2,7210 <.L57>

00007208 <.LM6612>:
    7208:	00472703          	lw	a4,4(a4)
    720c:	00e7a223          	sw	a4,4(a5)

00007210 <.L57>:
    7210:	42002783          	lw	a5,1056(zero) # 420 <.LVUS118>

00007214 <.LM6619>:
    7214:	08000713          	li	a4,128
    7218:	00279793          	slli	a5,a5,0x2

0000721c <.LM6621>:
    721c:	3f37c683          	lbu	a3,1011(a5)
    7220:	06078793          	addi	a5,a5,96

00007224 <.LM6622>:
    7224:	00e68863          	beq	a3,a4,7234 <.L64>

00007228 <.L61>:
    7228:	0ff0000f          	fence

0000722c <.LBE73589>:
    722c:	3937c683          	lbu	a3,915(a5)

00007230 <.LM6628>:
    7230:	fee69ce3          	bne	a3,a4,7228 <.L61>

00007234 <.L64>:
    7234:	c8340002          	ttsetc16	13,0

00007238 <.LM6641>:
    7238:	c8740002          	ttsetc16	29,0

0000723c <.LM6643>:
    723c:	c8c00002          	ttsetc16	48,0

00007240 <.LBE73594>:
    7240:	40610000          	ttzeroacc	3,0,0,1,0

00007244 <.LBB73596>:
    7244:	8201a783          	lw	a5,-2016(gp) # ffb00010 <rta_l1_base>

00007248 <.LBE73601>:
    7248:	0007a703          	lw	a4,0(a5)

0000724c <.LBE73599>:
    724c:	00070463          	beqz	a4,7254 <.L63>

00007250 <.LM6660>:
    7250:	82e1a823          	sw	a4,-2000(gp) # ffb00020 <_ZN12_GLOBAL__N_1L13g_blend_t_epsE>

00007254 <.L63>:
    7254:	0047a703          	lw	a4,4(a5)

00007258 <.LBB73604>:
    7258:	ffec17b7          	lui	a5,0xffec1

0000725c <.LBE73604>:
    725c:	82e1aa23          	sw	a4,-1996(gp) # ffb00024 <_ZN12_GLOBAL__N_1L18g_pixel_floor_bitsE>

00007260 <.LBB73609>:
    7260:	0007a783          	lw	a5,0(a5) # ffec1000 <__instrn_buffer+0x81000>

00007264 <.LBE73609>:
    7264:	0007ac03          	lw	s8,0(a5)

00007268 <.LBB73612>:
    7268:	c83c0002          	ttsetc16	15,0

0000726c <.LM6701>:
    726c:	c87c0002          	ttsetc16	31,0

00007270 <.LM6703>:
    7270:	c8c80002          	ttsetc16	50,0

00007274 <.LBB73621>:
    7274:	c8300006          	ttsetc16	12,1

00007278 <.LM6709>:
    7278:	c8700006          	ttsetc16	28,1

0000727c <.LM6711>:
    727c:	c8bc0002          	ttsetc16	47,0

00007280 <.LBB73623>:
    7280:	c8380022          	ttsetc16	14,8

00007284 <.LM6717>:
    7284:	c8780022          	ttsetc16	30,8

00007288 <.LM6719>:
    7288:	c8c40002          	ttsetc16	49,0

0000728c <.LBB73625>:
    728c:	ffe806b7          	lui	a3,0xffe80
    7290:	00868613          	addi	a2,a3,8 # ffe80008 <__instrn_buffer+0x40008>
    7294:	00000793          	li	a5,0

00007298 <.LM6725>:
    7298:	00f62023          	sw	a5,0(a2)
    729c:	00062783          	lw	a5,0(a2)
    72a0:	00f07033          	and	zero,zero,a5

000072a4 <.LBE73631>:
    72a4:	ffb807b7          	lui	a5,0xffb80
    72a8:	00400613          	li	a2,4
    72ac:	00c7a023          	sw	a2,0(a5) # ffb80000 <__global_pointer$+0x7f810>

000072b0 <.LM6728>:
    72b0:	00200613          	li	a2,2
    72b4:	00c7a223          	sw	a2,4(a5)

000072b8 <.LM6729>:
    72b8:	020005b7          	lui	a1,0x2000

000072bc <.LM6730>:
    72bc:	37c00637          	lui	a2,0x37c00

000072c0 <.LM6731>:
    72c0:	00b7a423          	sw	a1,8(a5)

000072c4 <.LM6732>:
    72c4:	00360613          	addi	a2,a2,3 # 37c00003 <__device_print_strings_info_end+0x31700003>
    72c8:	00c7a623          	sw	a2,12(a5)

000072cc <.LM6733>:
    72cc:	00b7a823          	sw	a1,16(a5)

000072d0 <.LM6734>:
    72d0:	28008637          	lui	a2,0x28008
    72d4:	00c7aa23          	sw	a2,20(a5)

000072d8 <.LM6735>:
    72d8:	00b7ac23          	sw	a1,24(a5)

000072dc <.LM6736>:
    72dc:	00c7ae23          	sw	a2,28(a5)

000072e0 <.LM6737>:
    72e0:	02c7a023          	sw	a2,32(a5)

000072e4 <.LBE73625>:
    72e4:	c81c0002          	ttsetc16	7,0

000072e8 <.LBB73634>:
    72e8:	dc00003c          	ttsetrwc	0,0,0,0,0,15

000072ec <.LBB73636>:
    72ec:	00000793          	li	a5,0
    72f0:	00468713          	addi	a4,a3,4
    72f4:	00f72023          	sw	a5,0(a4)
    72f8:	00072783          	lw	a5,0(a4)
    72fc:	00f07033          	and	zero,zero,a5

00007300 <.L65>:
    7300:	0246a783          	lw	a5,36(a3)

00007304 <.LBE73643>:
    7304:	0ff7f793          	zext.b	a5,a5
    7308:	fe079ce3          	bnez	a5,7300 <.L65>

0000730c <.LM6758>:
    730c:	8c400022          	ttseminit	1,0,2

00007310 <.LBB73645>:
    7310:	8001a823          	sw	zero,-2032(gp) # ffb00000 <_ZN7ckernel14dest_offset_idE>

00007314 <.LBB73647>:
    7314:	c8040002          	ttsetc16	1,0

00007318 <.LBB73649>:
    7318:	ffe40737          	lui	a4,0xffe40
    731c:	b30807b7          	lui	a5,0xb3080
    7320:	00070993          	mv	s3,a4
    7324:	0dc78793          	addi	a5,a5,220 # b30800dc <__device_print_strings_info_end+0xacb800dc>
    7328:	00f9a023          	sw	a5,0(s3)

0000732c <.LBE73653>:
    732c:	89000042          	ttstallwait	128,16

00007330 <.LBB73656>:
    7330:	b68007b7          	lui	a5,0xb6800
    7334:	00178793          	addi	a5,a5,1 # b6800001 <__device_print_strings_info_end+0xb0300001>
    7338:	00f9a023          	sw	a5,0(s3)

0000733c <.LBB73659>:
    733c:	b62027b7          	lui	a5,0xb6202
    7340:	00178793          	addi	a5,a5,1 # b6202001 <__device_print_strings_info_end+0xafd02001>
    7344:	00f9a023          	sw	a5,0(s3)

00007348 <.LBB73662>:
    7348:	b64047b7          	lui	a5,0xb6404
    734c:	00178793          	addi	a5,a5,1 # b6404001 <__device_print_strings_info_end+0xaff04001>
    7350:	00f9a023          	sw	a5,0(s3)

00007354 <.LBB73665>:
    7354:	440003c6          	sfpconfig	15,0,1

00007358 <.LBB73670>:
    7358:	c84c0002          	ttsetc16	19,0

0000735c <.LM6785>:
    735c:	c88c0002          	ttsetc16	35,0

00007360 <.LM6787>:
    7360:	c8d80002          	ttsetc16	54,0

00007364 <.LBB73673>:
    7364:	dc00003c          	ttsetrwc	0,0,0,0,0,15

00007368 <.LBB73675>:
    7368:	00008637          	lui	a2,0x8

0000736c <.LBB73679>:
    736c:	000086b7          	lui	a3,0x8

00007370 <.LBB73681>:
    7370:	00008737          	lui	a4,0x8

00007374 <.LBE73677>:
    7374:	83818913          	addi	s2,gp,-1992 # ffb00028 <_ZN12_GLOBAL__N_1L13g_blend_chainE>

00007378 <.LBB74428>:
    7378:	f6460613          	addi	a2,a2,-156 # 7f64 <_ZN12_GLOBAL__N_1L16blend_chain_bodyILm0ELm1EEEvmPKNS_15BlendChainEntryE>

0000737c <.LBB74421>:
    737c:	07868693          	addi	a3,a3,120 # 8078 <_ZN12_GLOBAL__N_1L16blend_chain_bodyILm0ELm2EEEvmPKNS_15BlendChainEntryE>

00007380 <.LBB74413>:
    7380:	18c70713          	addi	a4,a4,396 # 818c <_ZN12_GLOBAL__N_1L16blend_chain_bodyILm0ELm3EEEvmPKNS_15BlendChainEntryE>

00007384 <.LBB73683>:
    7384:	00008337          	lui	t1,0x8

00007388 <.LBB73687>:
    7388:	000088b7          	lui	a7,0x8

0000738c <.LBB73689>:
    738c:	00008837          	lui	a6,0x8

00007390 <.LBB73691>:
    7390:	000087b7          	lui	a5,0x8

00007394 <.LBE73687>:
    7394:	35830313          	addi	t1,t1,856 # 8358 <_ZN12_GLOBAL__N_1L16blend_chain_bodyILm1ELm1EEEvmPKNS_15BlendChainEntryE>

00007398 <.LBB74392>:
    7398:	46c88893          	addi	a7,a7,1132 # 846c <_ZN12_GLOBAL__N_1L16blend_chain_bodyILm1ELm2EEEvmPKNS_15BlendChainEntryE>

0000739c <.LBB74382>:
    739c:	58080813          	addi	a6,a6,1408 # 8580 <_ZN12_GLOBAL__N_1L16blend_chain_bodyILm1ELm3EEEvmPKNS_15BlendChainEntryE>

000073a0 <.LBB74362>:
    73a0:	74c78793          	addi	a5,a5,1868 # 874c <_ZN12_GLOBAL__N_1L16blend_chain_bodyILm2ELm1EEEvmPKNS_15BlendChainEntryE>

000073a4 <.LBE73683>:
    73a4:	00c92223          	sw	a2,4(s2)

000073a8 <.LBB74422>:
    73a8:	00d92423          	sw	a3,8(s2)

000073ac <.LBB74414>:
    73ac:	00e92623          	sw	a4,12(s2)

000073b0 <.LBB73695>:
    73b0:	00009537          	lui	a0,0x9

000073b4 <.LBB73697>:
    73b4:	000095b7          	lui	a1,0x9

000073b8 <.LBB73699>:
    73b8:	00009637          	lui	a2,0x9

000073bc <.LBB73703>:
    73bc:	000096b7          	lui	a3,0x9

000073c0 <.LBB73705>:
    73c0:	00009737          	lui	a4,0x9

000073c4 <.LBE73697>:
    73c4:	86050513          	addi	a0,a0,-1952 # 8860 <_ZN12_GLOBAL__N_1L16blend_chain_bodyILm2ELm2EEEvmPKNS_15BlendChainEntryE>

000073c8 <.LBB74346>:
    73c8:	97458593          	addi	a1,a1,-1676 # 8974 <_ZN12_GLOBAL__N_1L16blend_chain_bodyILm2ELm3EEEvmPKNS_15BlendChainEntryE>

000073cc <.LBB74326>:
    73cc:	b4060613          	addi	a2,a2,-1216 # 8b40 <_ZN12_GLOBAL__N_1L16blend_chain_bodyILm3ELm1EEEvmPKNS_15BlendChainEntryE>

000073d0 <.LBB74316>:
    73d0:	c5468693          	addi	a3,a3,-940 # 8c54 <_ZN12_GLOBAL__N_1L16blend_chain_bodyILm3ELm2EEEvmPKNS_15BlendChainEntryE>

000073d4 <.LBB74306>:
    73d4:	d6870713          	addi	a4,a4,-664 # 8d68 <_ZN12_GLOBAL__N_1L16blend_chain_bodyILm3ELm3EEEvmPKNS_15BlendChainEntryE>

000073d8 <.LBE73695>:
    73d8:	00692a23          	sw	t1,20(s2)

000073dc <.LBB74394>:
    73dc:	01192c23          	sw	a7,24(s2)

000073e0 <.LBB74384>:
    73e0:	01092e23          	sw	a6,28(s2)

000073e4 <.LBB74364>:
    73e4:	02f92223          	sw	a5,36(s2)

000073e8 <.LBB73707>:
    73e8:	00009337          	lui	t1,0x9

000073ec <.LBB73711>:
    73ec:	000098b7          	lui	a7,0x9

000073f0 <.LBB73713>:
    73f0:	00009837          	lui	a6,0x9

000073f4 <.LBB73715>:
    73f4:	000097b7          	lui	a5,0x9

000073f8 <.LBE73711>:
    73f8:	f3430313          	addi	t1,t1,-204 # 8f34 <_ZN12_GLOBAL__N_1L16blend_chain_bodyILm4ELm1EEEvmPKNS_15BlendChainEntryE>

000073fc <.LBB74284>:
    73fc:	04888893          	addi	a7,a7,72 # 9048 <_ZN12_GLOBAL__N_1L16blend_chain_bodyILm4ELm2EEEvmPKNS_15BlendChainEntryE>

00007400 <.LBB74274>:
    7400:	15c80813          	addi	a6,a6,348 # 915c <_ZN12_GLOBAL__N_1L16blend_chain_bodyILm4ELm3EEEvmPKNS_15BlendChainEntryE>

00007404 <.LBB74254>:
    7404:	32878793          	addi	a5,a5,808 # 9328 <_ZN12_GLOBAL__N_1L16blend_chain_bodyILm5ELm1EEEvmPKNS_15BlendChainEntryE>

00007408 <.LBE73707>:
    7408:	02a92423          	sw	a0,40(s2)

0000740c <.LBB74348>:
    740c:	02b92623          	sw	a1,44(s2)

00007410 <.LBB74328>:
    7410:	02c92a23          	sw	a2,52(s2)

00007414 <.LBB74318>:
    7414:	02d92c23          	sw	a3,56(s2)

00007418 <.LBB74308>:
    7418:	02e92e23          	sw	a4,60(s2)

0000741c <.LBB73719>:
    741c:	00009537          	lui	a0,0x9

00007420 <.LBB73721>:
    7420:	000095b7          	lui	a1,0x9

00007424 <.LBB73723>:
    7424:	00009637          	lui	a2,0x9

00007428 <.LBB73727>:
    7428:	0000a6b7          	lui	a3,0xa

0000742c <.LBB73729>:
    742c:	0000a737          	lui	a4,0xa

00007430 <.LBE73721>:
    7430:	43c50513          	addi	a0,a0,1084 # 943c <_ZN12_GLOBAL__N_1L16blend_chain_bodyILm5ELm2EEEvmPKNS_15BlendChainEntryE>

00007434 <.LBB74238>:
    7434:	55058593          	addi	a1,a1,1360 # 9550 <_ZN12_GLOBAL__N_1L16blend_chain_bodyILm5ELm3EEEvmPKNS_15BlendChainEntryE>

00007438 <.LBB74218>:
    7438:	71c60613          	addi	a2,a2,1820 # 971c <_ZN12_GLOBAL__N_1L16blend_chain_bodyILm6ELm1EEEvmPKNS_15BlendChainEntryE>

0000743c <.LBB74208>:
    743c:	83068693          	addi	a3,a3,-2000 # 9830 <_ZN12_GLOBAL__N_1L16blend_chain_bodyILm6ELm2EEEvmPKNS_15BlendChainEntryE>

00007440 <.LBB74198>:
    7440:	94470713          	addi	a4,a4,-1724 # 9944 <_ZN12_GLOBAL__N_1L16blend_chain_bodyILm6ELm3EEEvmPKNS_15BlendChainEntryE>

00007444 <.LBE73719>:
    7444:	04692223          	sw	t1,68(s2)

00007448 <.LBB74286>:
    7448:	05192423          	sw	a7,72(s2)

0000744c <.LBB74276>:
    744c:	05092623          	sw	a6,76(s2)

00007450 <.LBB74256>:
    7450:	04f92a23          	sw	a5,84(s2)

00007454 <.LBB73731>:
    7454:	0000a337          	lui	t1,0xa

00007458 <.LBB73735>:
    7458:	0000a8b7          	lui	a7,0xa

0000745c <.LBB73737>:
    745c:	0000a837          	lui	a6,0xa

00007460 <.LBE73731>:
    7460:	000087b7          	lui	a5,0x8
    7464:	f6078793          	addi	a5,a5,-160 # 7f60 <_ZN12_GLOBAL__N_1L15blend_chain_endEmPKNS_15BlendChainEntryE>

00007468 <.LBB74184>:
    7468:	b1030313          	addi	t1,t1,-1264 # 9b10 <_ZN12_GLOBAL__N_1L16blend_chain_bodyILm7ELm1EEEvmPKNS_15BlendChainEntryE>

0000746c <.LBB74177>:
    746c:	c2488893          	addi	a7,a7,-988 # 9c24 <_ZN12_GLOBAL__N_1L16blend_chain_bodyILm7ELm2EEEvmPKNS_15BlendChainEntryE>

00007470 <.LBB74169>:
    7470:	d3880813          	addi	a6,a6,-712 # 9d38 <_ZN12_GLOBAL__N_1L16blend_chain_bodyILm7ELm3EEEvmPKNS_15BlendChainEntryE>

00007474 <.LBE74169>:
    7474:	04a92c23          	sw	a0,88(s2)

00007478 <.LBB74241>:
    7478:	04b92e23          	sw	a1,92(s2)

0000747c <.LBB74221>:
    747c:	06c92223          	sw	a2,100(s2)

00007480 <.LBB74211>:
    7480:	06d92423          	sw	a3,104(s2)

00007484 <.LBB74201>:
    7484:	06e92623          	sw	a4,108(s2)

00007488 <.LBB73739>:
    7488:	0000a537          	lui	a0,0xa

0000748c <.LBB73743>:
    748c:	0000a5b7          	lui	a1,0xa

00007490 <.LBB73745>:
    7490:	0000a637          	lui	a2,0xa

00007494 <.LBB73747>:
    7494:	0000a6b7          	lui	a3,0xa

00007498 <.LBB73751>:
    7498:	0000a737          	lui	a4,0xa

0000749c <.LBE73739>:
    749c:	06692a23          	sw	t1,116(s2)

000074a0 <.LBB74179>:
    74a0:	07192c23          	sw	a7,120(s2)

000074a4 <.LBB74171>:
    74a4:	07092e23          	sw	a6,124(s2)

000074a8 <.LBE74171>:
    74a8:	00f92023          	sw	a5,0(s2)

000074ac <.LBB74408>:
    74ac:	00f92823          	sw	a5,16(s2)

000074b0 <.LBB74376>:
    74b0:	02f92023          	sw	a5,32(s2)

000074b4 <.LBB74340>:
    74b4:	02f92823          	sw	a5,48(s2)

000074b8 <.LBB74300>:
    74b8:	04f92023          	sw	a5,64(s2)

000074bc <.LBB74268>:
    74bc:	04f92823          	sw	a5,80(s2)

000074c0 <.LBB74232>:
    74c0:	06f92023          	sw	a5,96(s2)

000074c4 <.LBB74192>:
    74c4:	06f92823          	sw	a5,112(s2)

000074c8 <.LBB74161>:
    74c8:	f0450513          	addi	a0,a0,-252 # 9f04 <_ZN12_GLOBAL__N_1L16blend_chain_bodyILm8ELm1EEEvmPKNS_15BlendChainEntryE>

000074cc <.LBB74156>:
    74cc:	01858593          	addi	a1,a1,24 # a018 <_ZN12_GLOBAL__N_1L16blend_chain_bodyILm8ELm2EEEvmPKNS_15BlendChainEntryE>

000074d0 <.LBB74150>:
    74d0:	12c60613          	addi	a2,a2,300 # a12c <_ZN12_GLOBAL__N_1L16blend_chain_bodyILm8ELm3EEEvmPKNS_15BlendChainEntryE>

000074d4 <.LBB74134>:
    74d4:	2f868693          	addi	a3,a3,760 # a2f8 <_ZN12_GLOBAL__N_1L16blend_chain_bodyILm9ELm1EEEvmPKNS_15BlendChainEntryE>

000074d8 <.LBB74124>:
    74d8:	40c70713          	addi	a4,a4,1036 # a40c <_ZN12_GLOBAL__N_1L16blend_chain_bodyILm9ELm2EEEvmPKNS_15BlendChainEntryE>

000074dc <.LBE74124>:
    74dc:	08f92023          	sw	a5,128(s2)

000074e0 <.LBB73753>:
    74e0:	0000a337          	lui	t1,0xa

000074e4 <.LBB73759>:
    74e4:	0000b8b7          	lui	a7,0xb

000074e8 <.LBE73753>:
    74e8:	08f92823          	sw	a5,144(s2)

000074ec <.LBB74104>:
    74ec:	0af92023          	sw	a5,160(s2)

000074f0 <.LBB73761>:
    74f0:	0af92823          	sw	a5,176(s2)

000074f4 <.LBB73765>:
    74f4:	0cf92023          	sw	a5,192(s2)

000074f8 <.LBB73773>:
    74f8:	0cf92823          	sw	a5,208(s2)

000074fc <.LBB73781>:
    74fc:	0ef92023          	sw	a5,224(s2)

00007500 <.LBB73789>:
    7500:	0ef92823          	sw	a5,240(s2)

00007504 <.LBE73763>:
    7504:	0000b837          	lui	a6,0xb

00007508 <.LBE73761>:
    7508:	08a92223          	sw	a0,132(s2)

0000750c <.LBB74158>:
    750c:	08b92423          	sw	a1,136(s2)

00007510 <.LBB74029>:
    7510:	0000b537          	lui	a0,0xb

00007514 <.LBB74013>:
    7514:	0000b5b7          	lui	a1,0xb

00007518 <.LBE74013>:
    7518:	08c92623          	sw	a2,140(s2)

0000751c <.LBB74138>:
    751c:	08d92a23          	sw	a3,148(s2)

00007520 <.LBB73997>:
    7520:	0000b637          	lui	a2,0xb

00007524 <.LBB73965>:
    7524:	0000b6b7          	lui	a3,0xb

00007528 <.LBE73965>:
    7528:	08e92c23          	sw	a4,152(s2)

0000752c <.LBB73933>:
    752c:	0000b7b7          	lui	a5,0xb

00007530 <.LBE73933>:
    7530:	0000b737          	lui	a4,0xb

00007534 <.LBE73949>:
    7534:	6ec30313          	addi	t1,t1,1772 # a6ec <_ZN12_GLOBAL__N_1L16blend_chain_bodyILm10ELm1EEEvmPKNS_15BlendChainEntryE>

00007538 <.LBB74079>:
    7538:	80088893          	addi	a7,a7,-2048 # a800 <_ZN12_GLOBAL__N_1L16blend_chain_bodyILm10ELm2EEEvmPKNS_15BlendChainEntryE>

0000753c <.LBB74063>:
    753c:	91480813          	addi	a6,a6,-1772 # a914 <_ZN12_GLOBAL__N_1L16blend_chain_bodyILm10ELm3EEEvmPKNS_15BlendChainEntryE>

00007540 <.LBB74032>:
    7540:	ae050513          	addi	a0,a0,-1312 # aae0 <_ZN12_GLOBAL__N_1L16blend_chain_bodyILm11ELm1EEEvmPKNS_15BlendChainEntryE>

00007544 <.LBB74016>:
    7544:	bf458593          	addi	a1,a1,-1036 # abf4 <_ZN12_GLOBAL__N_1L16blend_chain_bodyILm11ELm2EEEvmPKNS_15BlendChainEntryE>

00007548 <.LBB73999>:
    7548:	d0860613          	addi	a2,a2,-760 # ad08 <_ZN12_GLOBAL__N_1L16blend_chain_bodyILm11ELm3EEEvmPKNS_15BlendChainEntryE>

0000754c <.LBB73967>:
    754c:	ed468693          	addi	a3,a3,-300 # aed4 <_ZN12_GLOBAL__N_1L16blend_chain_bodyILm12ELm1EEEvmPKNS_15BlendChainEntryE>

00007550 <.LBB73950>:
    7550:	fe870713          	addi	a4,a4,-24 # afe8 <_ZN12_GLOBAL__N_1L16blend_chain_bodyILm12ELm2EEEvmPKNS_15BlendChainEntryE>

00007554 <.LBB73934>:
    7554:	0fc78793          	addi	a5,a5,252 # b0fc <_ZN12_GLOBAL__N_1L16blend_chain_bodyILm12ELm3EEEvmPKNS_15BlendChainEntryE>

00007558 <.LBE73934>:
    7558:	0000ae37          	lui	t3,0xa

0000755c <.LBB74094>:
    755c:	0a692223          	sw	t1,164(s2)

00007560 <.LBB74080>:
    7560:	0b192423          	sw	a7,168(s2)

00007564 <.LBB73904>:
    7564:	0000b337          	lui	t1,0xb

00007568 <.LBB73890>:
    7568:	0000b8b7          	lui	a7,0xb

0000756c <.LBE73890>:
    756c:	0b092623          	sw	a6,172(s2)

00007570 <.LBB74034>:
    7570:	0aa92a23          	sw	a0,180(s2)

00007574 <.LBB73877>:
    7574:	0000b837          	lui	a6,0xb

00007578 <.LBB73853>:
    7578:	0000b537          	lui	a0,0xb

0000757c <.LBE73853>:
    757c:	0ab92c23          	sw	a1,184(s2)

00007580 <.LBB74002>:
    7580:	0ac92e23          	sw	a2,188(s2)

00007584 <.LBB73842>:
    7584:	0000b5b7          	lui	a1,0xb

00007588 <.LBB73832>:
    7588:	0000c637          	lui	a2,0xc

0000758c <.LBE73832>:
    758c:	0cd92223          	sw	a3,196(s2)

00007590 <.LBB73954>:
    7590:	0ce92423          	sw	a4,200(s2)

00007594 <.LBB73797>:
    7594:	0000c6b7          	lui	a3,0xc

00007598 <.LBB73799>:
    7598:	0000c737          	lui	a4,0xc

0000759c <.LBE73797>:
    759c:	0cf92623          	sw	a5,204(s2)

000075a0 <.LBB73801>:
    75a0:	0000c7b7          	lui	a5,0xc

000075a4 <.LBE73801>:
    75a4:	520e0e13          	addi	t3,t3,1312 # a520 <_ZN12_GLOBAL__N_1L16blend_chain_bodyILm9ELm3EEEvmPKNS_15BlendChainEntryE>

000075a8 <.LBB73909>:
    75a8:	2c830313          	addi	t1,t1,712 # b2c8 <_ZN12_GLOBAL__N_1L16blend_chain_bodyILm13ELm1EEEvmPKNS_15BlendChainEntryE>

000075ac <.LBB73895>:
    75ac:	3dc88893          	addi	a7,a7,988 # b3dc <_ZN12_GLOBAL__N_1L16blend_chain_bodyILm13ELm2EEEvmPKNS_15BlendChainEntryE>

000075b0 <.LBB73881>:
    75b0:	4f080813          	addi	a6,a6,1264 # b4f0 <_ZN12_GLOBAL__N_1L16blend_chain_bodyILm13ELm3EEEvmPKNS_15BlendChainEntryE>

000075b4 <.LBB73857>:
    75b4:	6bc50513          	addi	a0,a0,1724 # b6bc <_ZN12_GLOBAL__N_1L16blend_chain_bodyILm14ELm1EEEvmPKNS_15BlendChainEntryE>

000075b8 <.LBB73845>:
    75b8:	7cc58593          	addi	a1,a1,1996 # b7cc <_ZN12_GLOBAL__N_1L16blend_chain_bodyILm14ELm2EEEvmPKNS_15BlendChainEntryE>

000075bc <.LBB73835>:
    75bc:	8dc60613          	addi	a2,a2,-1828 # b8dc <_ZN12_GLOBAL__N_1L16blend_chain_bodyILm14ELm3EEEvmPKNS_15BlendChainEntryE>

000075c0 <.LBB73817>:
    75c0:	aa468693          	addi	a3,a3,-1372 # baa4 <_ZN12_GLOBAL__N_1L16blend_chain_bodyILm15ELm1EEEvmPKNS_15BlendChainEntryE>

000075c4 <.LBB73811>:
    75c4:	b9870713          	addi	a4,a4,-1128 # bb98 <_ZN12_GLOBAL__N_1L16blend_chain_bodyILm15ELm2EEEvmPKNS_15BlendChainEntryE>

000075c8 <.LBB73805>:
    75c8:	c8c78793          	addi	a5,a5,-884 # bc8c <_ZN12_GLOBAL__N_1L16blend_chain_bodyILm15ELm3EEEvmPKNS_15BlendChainEntryE>

000075cc <.LBE73805>:
    75cc:	09c92e23          	sw	t3,156(s2)

000075d0 <.LBB73910>:
    75d0:	0c692a23          	sw	t1,212(s2)

000075d4 <.LBB73896>:
    75d4:	0d192c23          	sw	a7,216(s2)

000075d8 <.LBB73882>:
    75d8:	0d092e23          	sw	a6,220(s2)

000075dc <.LBB73858>:
    75dc:	0ea92223          	sw	a0,228(s2)

000075e0 <.LBB73846>:
    75e0:	0eb92423          	sw	a1,232(s2)

000075e4 <.LBB73836>:
    75e4:	0ec92623          	sw	a2,236(s2)

000075e8 <.LBB73818>:
    75e8:	0ed92a23          	sw	a3,244(s2)

000075ec <.LBB73812>:
    75ec:	0ee92c23          	sw	a4,248(s2)

000075f0 <.LBB73806>:
    75f0:	0ef92e23          	sw	a5,252(s2)

000075f4 <.LBE73675>:
    75f4:	1c0c0063          	beqz	s8,77b4 <.L125>

000075f8 <.LM6892>:
    75f8:	0d512a23          	sw	s5,212(sp)

000075fc <.LM6895>:
    75fc:	001c0793          	addi	a5,s8,1

00007600 <.LBB74431>:
    7600:	7f800ab7          	lui	s5,0x7f800
    7604:	0e912223          	sw	s1,228(sp)
    7608:	0d612823          	sw	s6,208(sp)
    760c:	0d712623          	sw	s7,204(sp)
    7610:	0d912223          	sw	s9,196(sp)
    7614:	0e812423          	sw	s0,232(sp)
    7618:	0da12023          	sw	s10,192(sp)
    761c:	0bb12e23          	sw	s11,188(sp)

00007620 <.LBE74431>:
    7620:	0017bb93          	seqz	s7,a5

00007624 <.LBB74444>:
    7624:	001a8b13          	addi	s6,s5,1 # 7f800001 <__device_print_strings_info_end+0x79300001>

00007628 <.LBE74444>:
    7628:	00000c93          	li	s9,0
    762c:	000c0493          	mv	s1,s8

00007630 <.L110>:
    7630:	fff00c13          	li	s8,-1
    7634:	00000313          	li	t1,0
    7638:	118484e3          	beq	s1,s8,7f40 <.L161>

0000763c <.L67>:
    763c:	ffe80437          	lui	s0,0xffe80
    7640:	00912e23          	sw	s1,28(sp)
    7644:	03712023          	sw	s7,32(sp)
    7648:	03912223          	sw	s9,36(sp)

0000764c <.L109>:
    764c:	ffec17b7          	lui	a5,0xffec1
    7650:	0007a783          	lw	a5,0(a5) # ffec1000 <__instrn_buffer+0x81000>

00007654 <.LBE74967>:
    7654:	0007ad83          	lw	s11,0(a5)

00007658 <.LM6923>:
    7658:	0047a783          	lw	a5,4(a5)

0000765c <.LBE74966>:
    765c:	0027f713          	andi	a4,a5,2

00007660 <.LM6929>:
    7660:	0017f693          	andi	a3,a5,1

00007664 <.LM6930>:
    7664:	16070863          	beqz	a4,77d4 <.L69>

00007668 <.L80>:
    7668:	100d8263          	beqz	s11,776c <.L70>

0000766c <.LBB74810>:
    766c:	8101a783          	lw	a5,-2032(gp) # ffb00000 <_ZN7ckernel14dest_offset_idE>

00007670 <.LBE74821>:
    7670:	b2010737          	lui	a4,0xb2010

00007674 <.LBB74825>:
    7674:	00f037b3          	snez	a5,a5
    7678:	00979793          	slli	a5,a5,0x9

0000767c <.LBE74825>:
    767c:	00e787b3          	add	a5,a5,a4

00007680 <.LBB74815>:
    7680:	ffec1737          	lui	a4,0xffec1
    7684:	00072483          	lw	s1,0(a4) # ffec1000 <__instrn_buffer+0x81000>

00007688 <.LBB74826>:
    7688:	00f9a023          	sw	a5,0(s3)

0000768c <.LBE74828>:
    768c:	8a000042          	ttstallwait	256,16

00007690 <.LBB74832>:
    7690:	8341a783          	lw	a5,-1996(gp) # ffb00024 <_ZN12_GLOBAL__N_1L18g_pixel_floor_bitsE>

00007694 <.LBB74834>:
    7694:	71020637          	lui	a2,0x71020
    7698:	0807c733          	zext.h	a4,a5
    769c:	00c70733          	add	a4,a4,a2
    76a0:	00e9a023          	sw	a4,0(s3)
    76a4:	0107d793          	srli	a5,a5,0x10

000076a8 <.LM6980>:
    76a8:	71080737          	lui	a4,0x71080
    76ac:	00e787b3          	add	a5,a5,a4
    76b0:	00f9a023          	sw	a5,0(s3)

000076b4 <.LBB74839>:
    76b4:	c8038631          	sfpstore	L0,396,0,7

000076b8 <.LBB74846>:
    76b8:	c4080201          	sfploadi	L0,128,2
    76bc:	c420de01          	sfploadi	L0,14208,8

000076c0 <.LBB74852>:
    76c0:	c8038651          	sfpstore	L0,404,0,7

000076c4 <.LBB74859>:
    76c4:	c40aa8ed          	sfploadi	L0,-21957,2
    76c8:	c420fee1          	sfploadi	L0,16312,8

000076cc <.LBB74865>:
    76cc:	44000302          	sfpconfig	12,0,0

000076d0 <.LBB74868>:
    76d0:	c40a9061          	sfploadi	L0,-23528,2
    76d4:	c4209eb1          	sfploadi	L0,10156,8

000076d8 <.LBB74873>:
    76d8:	44000342          	sfpconfig	13,0,0

000076dc <.LBB74876>:
    76dc:	c4096b69          	sfploadi	L0,23258,2
    76e0:	c420cea1          	sfploadi	L0,13224,8

000076e4 <.LBB74881>:
    76e4:	44000382          	sfpconfig	14,0,0

000076e8 <.LBB74884>:
    76e8:	c408e215          	sfploadi	L0,14469,2
    76ec:	c420fe01          	sfploadi	L0,16256,8

000076f0 <.LBB74889>:
    76f0:	c8038659          	sfpstore	L0,406,0,7

000076f4 <.LBB74896>:
    76f4:	c409c291          	sfploadi	L0,28836,2
    76f8:	c420fdf5          	sfploadi	L0,16253,8

000076fc <.LBB74901>:
    76fc:	c8038661          	sfpstore	L0,408,0,7

00007700 <.LBB74909>:
    7700:	00030d13          	mv	s10,t1

00007704 <.LBB74597>:
    7704:	710807b7          	lui	a5,0x71080
    7708:	00f12623          	sw	a5,12(sp)

0000770c <.LBB74618>:
    770c:	710207b7          	lui	a5,0x71020

00007710 <.LBE74597>:
    7710:	00000c93          	li	s9,0

00007714 <.LBB74609>:
    7714:	71020bb7          	lui	s7,0x71020

00007718 <.LBB74626>:
    7718:	00f12823          	sw	a5,16(sp)
    771c:	00d12a23          	sw	a3,20(sp)
    7720:	00612c23          	sw	t1,24(sp)

00007724 <.L108>:
    7724:	000d0663          	beqz	s10,7730 <.L81>

00007728 <.LM7091>:
    7728:	1ffd7693          	andi	a3,s10,511

0000772c <.LM7092>:
    772c:	52068a63          	beqz	a3,7c60 <.L162>

00007730 <.L81>:
    7730:	005c9793          	slli	a5,s9,0x5
    7734:	009787b3          	add	a5,a5,s1

00007738 <.LBE74796>:
    7738:	00c7a503          	lw	a0,12(a5) # 7102000c <__device_print_strings_info_end+0x6ab2000c>

0000773c <.LM7096>:
    773c:	001d0d13          	addi	s10,s10,1

00007740 <.LBB74799>:
    7740:	00ac7533          	and	a0,s8,a0

00007744 <.LM7103>:
    7744:	3a051463          	bnez	a0,7aec <.L163>

00007748 <.L107>:
    7748:	001c8c93          	addi	s9,s9,1

0000774c <.LM7106>:
    774c:	fd9d9ce3          	bne	s11,s9,7724 <.L108>
    7750:	01812303          	lw	t1,24(sp)
    7754:	01412683          	lw	a3,20(sp)
    7758:	01b30333          	add	t1,t1,s11

0000775c <.LBB74918>:
    775c:	dc000010          	ttsetrwc	0,0,0,0,0,4

00007760 <.LBB74921>:
    7760:	ffec17b7          	lui	a5,0xffec1

00007764 <.LBE74921>:
    7764:	001d8d93          	addi	s11,s11,1

00007768 <.LBB74924>:
    7768:	01b7a023          	sw	s11,0(a5) # ffec1000 <__instrn_buffer+0x81000>

0000776c <.L70>:
    776c:	ee0680e3          	beqz	a3,764c <.L109>

00007770 <.LBB74972>:
    7770:	01c12483          	lw	s1,28(sp)
    7774:	02012b83          	lw	s7,32(sp)
    7778:	02412c83          	lw	s9,36(sp)
    777c:	88042042          	ttstallwait	2,2064

00007780 <.LM7138>:
    7780:	90000022          	ttsempost	2

00007784 <.LBE74972>:
    7784:	001c8c93          	addi	s9,s9,1

00007788 <.LM7156>:
    7788:	009cb7b3          	sltu	a5,s9,s1

0000778c <.LM7158>:
    778c:	00fbe7b3          	or	a5,s7,a5
    7790:	ea0790e3          	bnez	a5,7630 <.L110>

00007794 <.L160>:
    7794:	0e812403          	lw	s0,232(sp)
    7798:	0e412483          	lw	s1,228(sp)
    779c:	0d412a83          	lw	s5,212(sp)
    77a0:	0d012b03          	lw	s6,208(sp)
    77a4:	0cc12b83          	lw	s7,204(sp)
    77a8:	0c412c83          	lw	s9,196(sp)

000077ac <.LM7160>:
    77ac:	0c012d03          	lw	s10,192(sp)
    77b0:	0bc12d83          	lw	s11,188(sp)

000077b4 <.L125>:
    77b4:	0ec12083          	lw	ra,236(sp)
    77b8:	0e012903          	lw	s2,224(sp)
    77bc:	0dc12983          	lw	s3,220(sp)
    77c0:	0d812a03          	lw	s4,216(sp)
    77c4:	0c812c03          	lw	s8,200(sp)
    77c8:	00000513          	li	a0,0
    77cc:	0f010113          	addi	sp,sp,240
    77d0:	00008067          	ret

000077d4 <.L69>:
    77d4:	9a84002a          	ttsemwait	322,2,2

000077d8 <.LBB74983>:
    77d8:	8101a783          	lw	a5,-2032(gp) # ffb00000 <_ZN7ckernel14dest_offset_idE>

000077dc <.LBE74991>:
    77dc:	b2010737          	lui	a4,0xb2010

000077e0 <.LBB74994>:
    77e0:	00f037b3          	snez	a5,a5
    77e4:	00979793          	slli	a5,a5,0x9

000077e8 <.LBE74994>:
    77e8:	00e787b3          	add	a5,a5,a4
    77ec:	00f9a023          	sw	a5,0(s3)

000077f0 <.LBE74989>:
    77f0:	8a000042          	ttstallwait	256,16

000077f4 <.LBB74996>:
    77f4:	00400793          	li	a5,4

000077f8 <.L72>:
    77f8:	1000010c          	ttreplay	0,4,1,1
    77fc:	ca438001          	sfpstore	L9,0,0,7

00007800 <.LBB75011>:
    7800:	e0020000          	ttincrwc	0,2,0,0

00007804 <.LBB75007>:
    7804:	ca438001          	sfpstore	L9,0,0,7

00007808 <.LBB75017>:
    7808:	e0020000          	ttincrwc	0,2,0,0

0000780c <.LM7205>:
    780c:	10000100          	ttreplay	0,4,0,0

00007810 <.LM7206>:
    7810:	10000100          	ttreplay	0,4,0,0

00007814 <.LM7207>:
    7814:	10000100          	ttreplay	0,4,0,0

00007818 <.LBB75018>:
    7818:	dc480010          	ttsetrwc	0,4,8,0,0,4

0000781c <.LBB75021>:
    781c:	dc480010          	ttsetrwc	0,4,8,0,0,4

00007820 <.LBE75018>:
    7820:	fff78793          	addi	a5,a5,-1
    7824:	fc079ae3          	bnez	a5,77f8 <.L72>

00007828 <.LBB75025>:
    7828:	dc000010          	ttsetrwc	0,0,0,0,0,4

0000782c <.LBB75028>:
    782c:	8101a783          	lw	a5,-2032(gp) # ffb00000 <_ZN7ckernel14dest_offset_idE>

00007830 <.LBE75036>:
    7830:	b2010737          	lui	a4,0xb2010

00007834 <.LBB75040>:
    7834:	00f037b3          	snez	a5,a5

00007838 <.LBE75040>:
    7838:	04070713          	addi	a4,a4,64 # b2010040 <__device_print_strings_info_end+0xabb10040>

0000783c <.LBB75041>:
    783c:	00979793          	slli	a5,a5,0x9

00007840 <.LBE75041>:
    7840:	00e787b3          	add	a5,a5,a4
    7844:	00f9a023          	sw	a5,0(s3)

00007848 <.LBE75034>:
    7848:	8a000042          	ttstallwait	256,16

0000784c <.LBB75043>:
    784c:	00400793          	li	a5,4

00007850 <.L73>:
    7850:	1000010c          	ttreplay	0,4,1,1
    7854:	ca438001          	sfpstore	L9,0,0,7

00007858 <.LBB75058>:
    7858:	e0020000          	ttincrwc	0,2,0,0

0000785c <.LBB75054>:
    785c:	ca438001          	sfpstore	L9,0,0,7

00007860 <.LBB75064>:
    7860:	e0020000          	ttincrwc	0,2,0,0

00007864 <.LM7254>:
    7864:	10000100          	ttreplay	0,4,0,0

00007868 <.LM7255>:
    7868:	10000100          	ttreplay	0,4,0,0

0000786c <.LM7256>:
    786c:	10000100          	ttreplay	0,4,0,0

00007870 <.LBB75065>:
    7870:	dc480010          	ttsetrwc	0,4,8,0,0,4

00007874 <.LBB75068>:
    7874:	dc480010          	ttsetrwc	0,4,8,0,0,4

00007878 <.LBE75065>:
    7878:	fff78793          	addi	a5,a5,-1
    787c:	fc079ae3          	bnez	a5,7850 <.L73>

00007880 <.LBB75072>:
    7880:	dc000010          	ttsetrwc	0,0,0,0,0,4

00007884 <.LBB75075>:
    7884:	8101a783          	lw	a5,-2032(gp) # ffb00000 <_ZN7ckernel14dest_offset_idE>

00007888 <.LBE75083>:
    7888:	b2010737          	lui	a4,0xb2010

0000788c <.LBB75087>:
    788c:	00f037b3          	snez	a5,a5

00007890 <.LBE75087>:
    7890:	08070713          	addi	a4,a4,128 # b2010080 <__device_print_strings_info_end+0xabb10080>

00007894 <.LBB75088>:
    7894:	00979793          	slli	a5,a5,0x9

00007898 <.LBE75088>:
    7898:	00e787b3          	add	a5,a5,a4
    789c:	00f9a023          	sw	a5,0(s3)

000078a0 <.LBE75081>:
    78a0:	8a000042          	ttstallwait	256,16

000078a4 <.LBB75090>:
    78a4:	00400793          	li	a5,4

000078a8 <.L74>:
    78a8:	1000010c          	ttreplay	0,4,1,1
    78ac:	ca438001          	sfpstore	L9,0,0,7

000078b0 <.LBB75105>:
    78b0:	e0020000          	ttincrwc	0,2,0,0

000078b4 <.LBB75101>:
    78b4:	ca438001          	sfpstore	L9,0,0,7

000078b8 <.LBB75111>:
    78b8:	e0020000          	ttincrwc	0,2,0,0

000078bc <.LM7303>:
    78bc:	10000100          	ttreplay	0,4,0,0

000078c0 <.LM7304>:
    78c0:	10000100          	ttreplay	0,4,0,0

000078c4 <.LM7305>:
    78c4:	10000100          	ttreplay	0,4,0,0

000078c8 <.LBB75112>:
    78c8:	dc480010          	ttsetrwc	0,4,8,0,0,4

000078cc <.LBB75115>:
    78cc:	dc480010          	ttsetrwc	0,4,8,0,0,4

000078d0 <.LBE75112>:
    78d0:	fff78793          	addi	a5,a5,-1
    78d4:	fc079ae3          	bnez	a5,78a8 <.L74>

000078d8 <.LBB75119>:
    78d8:	dc000010          	ttsetrwc	0,0,0,0,0,4

000078dc <.LBB75122>:
    78dc:	8101a783          	lw	a5,-2032(gp) # ffb00000 <_ZN7ckernel14dest_offset_idE>

000078e0 <.LBE75130>:
    78e0:	b2010737          	lui	a4,0xb2010

000078e4 <.LBB75134>:
    78e4:	00f037b3          	snez	a5,a5

000078e8 <.LBE75134>:
    78e8:	0c070713          	addi	a4,a4,192 # b20100c0 <__device_print_strings_info_end+0xabb100c0>

000078ec <.LBB75135>:
    78ec:	00979793          	slli	a5,a5,0x9

000078f0 <.LBE75135>:
    78f0:	00e787b3          	add	a5,a5,a4
    78f4:	00f9a023          	sw	a5,0(s3)

000078f8 <.LBE75128>:
    78f8:	8a000042          	ttstallwait	256,16

000078fc <.LBB75137>:
    78fc:	00400793          	li	a5,4

00007900 <.L75>:
    7900:	1000010c          	ttreplay	0,4,1,1
    7904:	ca838001          	sfpstore	L10,0,0,7

00007908 <.LBB75152>:
    7908:	e0020000          	ttincrwc	0,2,0,0

0000790c <.LBB75148>:
    790c:	ca838001          	sfpstore	L10,0,0,7

00007910 <.LBB75158>:
    7910:	e0020000          	ttincrwc	0,2,0,0

00007914 <.LM7352>:
    7914:	10000100          	ttreplay	0,4,0,0

00007918 <.LM7353>:
    7918:	10000100          	ttreplay	0,4,0,0

0000791c <.LM7354>:
    791c:	10000100          	ttreplay	0,4,0,0

00007920 <.LBB75159>:
    7920:	dc480010          	ttsetrwc	0,4,8,0,0,4

00007924 <.LBB75162>:
    7924:	dc480010          	ttsetrwc	0,4,8,0,0,4

00007928 <.LBE75159>:
    7928:	fff78793          	addi	a5,a5,-1
    792c:	fc079ae3          	bnez	a5,7900 <.L75>

00007930 <.LBB75166>:
    7930:	dc000010          	ttsetrwc	0,0,0,0,0,4

00007934 <.LBB74952>:
    7934:	c83c0002          	ttsetc16	15,0

00007938 <.LM7382>:
    7938:	c87c0002          	ttsetc16	31,0

0000793c <.LM7384>:
    793c:	c8c80002          	ttsetc16	50,0

00007940 <.LBB74955>:
    7940:	c8300006          	ttsetc16	12,1

00007944 <.LM7390>:
    7944:	c8700006          	ttsetc16	28,1

00007948 <.LM7392>:
    7948:	c8bc0002          	ttsetc16	47,0

0000794c <.LBB74957>:
    794c:	c8380022          	ttsetc16	14,8

00007950 <.LM7398>:
    7950:	c8780022          	ttsetc16	30,8

00007954 <.LM7400>:
    7954:	c8c40002          	ttsetc16	49,0

00007958 <.LBB74946>:
    7958:	ffe80737          	lui	a4,0xffe80
    795c:	00870713          	addi	a4,a4,8 # ffe80008 <__instrn_buffer+0x40008>
    7960:	00f72023          	sw	a5,0(a4)
    7964:	00072783          	lw	a5,0(a4)
    7968:	00f07033          	and	zero,zero,a5

0000796c <.LBE74946>:
    796c:	ffb807b7          	lui	a5,0xffb80
    7970:	00400713          	li	a4,4
    7974:	00e7a023          	sw	a4,0(a5) # ffb80000 <__global_pointer$+0x7f810>

00007978 <.LM7408>:
    7978:	00200713          	li	a4,2
    797c:	00e7a223          	sw	a4,4(a5)

00007980 <.LM7409>:
    7980:	02000637          	lui	a2,0x2000

00007984 <.LM7410>:
    7984:	37c00737          	lui	a4,0x37c00

00007988 <.LM7411>:
    7988:	00c7a423          	sw	a2,8(a5)

0000798c <.LM7412>:
    798c:	00370713          	addi	a4,a4,3 # 37c00003 <__device_print_strings_info_end+0x31700003>
    7990:	00e7a623          	sw	a4,12(a5)

00007994 <.LM7413>:
    7994:	00c7a823          	sw	a2,16(a5)

00007998 <.LM7414>:
    7998:	28008737          	lui	a4,0x28008
    799c:	00e7aa23          	sw	a4,20(a5)

000079a0 <.LM7415>:
    79a0:	00c7ac23          	sw	a2,24(a5)

000079a4 <.LM7416>:
    79a4:	00e7ae23          	sw	a4,28(a5)

000079a8 <.LM7417>:
    79a8:	02e7a023          	sw	a4,32(a5)

000079ac <.LBE74959>:
    79ac:	c81c0002          	ttsetc16	7,0

000079b0 <.LBB74960>:
    79b0:	dc00003c          	ttsetrwc	0,0,0,0,0,15

000079b4 <.LBB75170>:
    79b4:	9804080a          	ttsemwait	2,128,2

000079b8 <.LBB75180>:
    79b8:	88042042          	ttstallwait	2,2064

000079bc <.LM7433>:
    79bc:	90000802          	ttsempost	128

000079c0 <.L76>:
    79c0:	03c42783          	lw	a5,60(s0) # ffe8003c <__instrn_buffer+0x4003c>

000079c4 <.LBE75182>:
    79c4:	0ff7f793          	zext.b	a5,a5
    79c8:	fe078ce3          	beqz	a5,79c0 <.L76>

000079cc <.LBB75184>:
    79cc:	00100793          	li	a5,1
    79d0:	02f42e23          	sw	a5,60(s0)

000079d4 <.LBB75186>:
    79d4:	8101a783          	lw	a5,-2032(gp) # ffb00000 <_ZN7ckernel14dest_offset_idE>

000079d8 <.LBB75191>:
    79d8:	ffec1737          	lui	a4,0xffec1

000079dc <.LBB75194>:
    79dc:	00f037b3          	snez	a5,a5
    79e0:	00979793          	slli	a5,a5,0x9

000079e4 <.LBE75194>:
    79e4:	10078793          	addi	a5,a5,256

000079e8 <.LBB75195>:
    79e8:	00f72023          	sw	a5,0(a4) # ffec1000 <__instrn_buffer+0x81000>

000079ec <.LBB75196>:
    79ec:	98040046          	ttsemwait	2,4,1

000079f0 <.LBB75199>:
    79f0:	88042042          	ttstallwait	2,2064

000079f4 <.LM7449>:
    79f4:	94000042          	ttsemget	4

000079f8 <.LM7450>:
    79f8:	100ec7b7          	lui	a5,0x100ec

000079fc <.LBB75201>:
    79fc:	00478713          	addi	a4,a5,4 # 100ec004 <__device_print_strings_info_end+0x9bec004>

00007a00 <.L77>:
    7a00:	00f9a023          	sw	a5,0(s3)

00007a04 <.LM7453>:
    7a04:	00178793          	addi	a5,a5,1

00007a08 <.LM7454>:
    7a08:	fee79ce3          	bne	a5,a4,7a00 <.L77>

00007a0c <.LBB75202>:
    7a0c:	c83c0002          	ttsetc16	15,0

00007a10 <.LM7467>:
    7a10:	c87c0002          	ttsetc16	31,0

00007a14 <.LM7469>:
    7a14:	c8c80002          	ttsetc16	50,0

00007a18 <.LBB75210>:
    7a18:	c8300006          	ttsetc16	12,1

00007a1c <.LM7475>:
    7a1c:	c8700006          	ttsetc16	28,1

00007a20 <.LM7477>:
    7a20:	c8bc0002          	ttsetc16	47,0

00007a24 <.LBB75212>:
    7a24:	c8380022          	ttsetc16	14,8

00007a28 <.LM7483>:
    7a28:	c8780022          	ttsetc16	30,8

00007a2c <.LM7485>:
    7a2c:	c8c40002          	ttsetc16	49,0

00007a30 <.LBB75214>:
    7a30:	ffe80637          	lui	a2,0xffe80
    7a34:	00000713          	li	a4,0
    7a38:	00860613          	addi	a2,a2,8 # ffe80008 <__instrn_buffer+0x40008>
    7a3c:	00e62023          	sw	a4,0(a2)
    7a40:	00062703          	lw	a4,0(a2)
    7a44:	00e07033          	and	zero,zero,a4

00007a48 <.LBE75220>:
    7a48:	ffb80737          	lui	a4,0xffb80
    7a4c:	00400613          	li	a2,4
    7a50:	00c72023          	sw	a2,0(a4) # ffb80000 <__global_pointer$+0x7f810>

00007a54 <.LM7493>:
    7a54:	00200613          	li	a2,2
    7a58:	00c72223          	sw	a2,4(a4)

00007a5c <.LM7494>:
    7a5c:	020005b7          	lui	a1,0x2000

00007a60 <.LM7495>:
    7a60:	37c00637          	lui	a2,0x37c00

00007a64 <.LM7496>:
    7a64:	00b72423          	sw	a1,8(a4)

00007a68 <.LM7497>:
    7a68:	00360613          	addi	a2,a2,3 # 37c00003 <__device_print_strings_info_end+0x31700003>
    7a6c:	00c72623          	sw	a2,12(a4)

00007a70 <.LM7498>:
    7a70:	00b72823          	sw	a1,16(a4)

00007a74 <.LM7499>:
    7a74:	28008637          	lui	a2,0x28008
    7a78:	00c72a23          	sw	a2,20(a4)

00007a7c <.LM7500>:
    7a7c:	00b72c23          	sw	a1,24(a4)

00007a80 <.LM7501>:
    7a80:	00c72e23          	sw	a2,28(a4)

00007a84 <.LM7502>:
    7a84:	02c72023          	sw	a2,32(a4)

00007a88 <.LBE75214>:
    7a88:	c81c0002          	ttsetc16	7,0

00007a8c <.LBB75223>:
    7a8c:	dc00003c          	ttsetrwc	0,0,0,0,0,15

00007a90 <.LBB75225>:
    7a90:	9804080a          	ttsemwait	2,128,2

00007a94 <.LBB75235>:
    7a94:	88042042          	ttstallwait	2,2064

00007a98 <.LM7518>:
    7a98:	90000802          	ttsempost	128

00007a9c <.L78>:
    7a9c:	03c42703          	lw	a4,60(s0)

00007aa0 <.LBE75237>:
    7aa0:	0ff77713          	zext.b	a4,a4
    7aa4:	fe070ce3          	beqz	a4,7a9c <.L78>

00007aa8 <.LBB75239>:
    7aa8:	00100713          	li	a4,1
    7aac:	02e42e23          	sw	a4,60(s0)

00007ab0 <.LBB75241>:
    7ab0:	8101a703          	lw	a4,-2032(gp) # ffb00000 <_ZN7ckernel14dest_offset_idE>

00007ab4 <.LBB75246>:
    7ab4:	ffec1637          	lui	a2,0xffec1

00007ab8 <.LBB75249>:
    7ab8:	00e03733          	snez	a4,a4
    7abc:	00971713          	slli	a4,a4,0x9

00007ac0 <.LBE75249>:
    7ac0:	14070713          	addi	a4,a4,320

00007ac4 <.LBB75250>:
    7ac4:	00e62023          	sw	a4,0(a2) # ffec1000 <__instrn_buffer+0x81000>

00007ac8 <.LBB75251>:
    7ac8:	98040046          	ttsemwait	2,4,1

00007acc <.LBB75254>:
    7acc:	88042042          	ttstallwait	2,2064

00007ad0 <.LM7534>:
    7ad0:	94000042          	ttsemget	4

00007ad4 <.LBB75256>:
    7ad4:	100ec737          	lui	a4,0x100ec
    7ad8:	00870713          	addi	a4,a4,8 # 100ec008 <__device_print_strings_info_end+0x9bec008>

00007adc <.L79>:
    7adc:	00f9a023          	sw	a5,0(s3)

00007ae0 <.LM7538>:
    7ae0:	00178793          	addi	a5,a5,1

00007ae4 <.LM7539>:
    7ae4:	fee79ce3          	bne	a5,a4,7adc <.L79>
    7ae8:	b81ff06f          	j	7668 <.L80>

00007aec <.L163>:
    7aec:	60151713          	ctz	a4,a0
    7af0:	01e77713          	andi	a4,a4,30

00007af4 <.LM7544>:
    7af4:	00e556b3          	srl	a3,a0,a4

00007af8 <.LM7545>:
    7af8:	0036f693          	andi	a3,a3,3

00007afc <.LBE74787>:
    7afc:	0107a303          	lw	t1,16(a5)

00007b00 <.LM7547>:
    7b00:	20d72733          	sh1add	a4,a4,a3
    7b04:	21274733          	sh2add	a4,a4,s2

00007b08 <.LM7548>:
    7b08:	0187a683          	lw	a3,24(a5)

00007b0c <.LM7549>:
    7b0c:	00072603          	lw	a2,0(a4)

00007b10 <.LBB74610>:
    7b10:	08034e33          	zext.h	t3,t1

00007b14 <.LBE74610>:
    7b14:	01c7a703          	lw	a4,28(a5)

00007b18 <.LBB74791>:
    7b18:	0007a883          	lw	a7,0(a5)
    7b1c:	0047a803          	lw	a6,4(a5)
    7b20:	0087a583          	lw	a1,8(a5)
    7b24:	0147a783          	lw	a5,20(a5)

00007b28 <.LBB74603>:
    7b28:	017e0e33          	add	t3,t3,s7
    7b2c:	01c9a023          	sw	t3,0(s3)
    7b30:	00c12e03          	lw	t3,12(sp)
    7b34:	01035313          	srli	t1,t1,0x10

00007b38 <.LM7572>:
    7b38:	01c30333          	add	t1,t1,t3
    7b3c:	0069a023          	sw	t1,0(s3)

00007b40 <.LBB74605>:
    7b40:	c8038601          	sfpstore	L0,384,0,7

00007b44 <.LBB74621>:
    7b44:	01012e03          	lw	t3,16(sp)
    7b48:	0807c333          	zext.h	t1,a5
    7b4c:	01c30333          	add	t1,t1,t3
    7b50:	0069a023          	sw	t1,0(s3)
    7b54:	0107d793          	srli	a5,a5,0x10

00007b58 <.LM7589>:
    7b58:	71080337          	lui	t1,0x71080
    7b5c:	006787b3          	add	a5,a5,t1
    7b60:	00f9a023          	sw	a5,0(s3)

00007b64 <.LBB74623>:
    7b64:	c8038609          	sfpstore	L0,386,0,7

00007b68 <.LBB74639>:
    7b68:	0808c7b3          	zext.h	a5,a7
    7b6c:	71020337          	lui	t1,0x71020
    7b70:	006787b3          	add	a5,a5,t1
    7b74:	00f9a023          	sw	a5,0(s3)
    7b78:	0108d893          	srli	a7,a7,0x10

00007b7c <.LM7606>:
    7b7c:	710807b7          	lui	a5,0x71080
    7b80:	00f888b3          	add	a7,a7,a5
    7b84:	0119a023          	sw	a7,0(s3)

00007b88 <.LBB74644>:
    7b88:	c8038611          	sfpstore	L0,388,0,7

00007b8c <.LBB74651>:
    7b8c:	080847b3          	zext.h	a5,a6
    7b90:	710208b7          	lui	a7,0x71020
    7b94:	011787b3          	add	a5,a5,a7
    7b98:	00f9a023          	sw	a5,0(s3)
    7b9c:	01085813          	srli	a6,a6,0x10

00007ba0 <.LM7623>:
    7ba0:	710807b7          	lui	a5,0x71080
    7ba4:	00f80833          	add	a6,a6,a5
    7ba8:	0109a023          	sw	a6,0(s3)

00007bac <.LBB74656>:
    7bac:	c8038619          	sfpstore	L0,390,0,7

00007bb0 <.LBB74663>:
    7bb0:	0805c7b3          	zext.h	a5,a1
    7bb4:	71020837          	lui	a6,0x71020
    7bb8:	010787b3          	add	a5,a5,a6
    7bbc:	00f9a023          	sw	a5,0(s3)
    7bc0:	0105d593          	srli	a1,a1,0x10

00007bc4 <.LM7640>:
    7bc4:	710807b7          	lui	a5,0x71080
    7bc8:	00f585b3          	add	a1,a1,a5
    7bcc:	00b9a023          	sw	a1,0(s3)

00007bd0 <.LBB74668>:
    7bd0:	c8038621          	sfpstore	L0,392,0,7

00007bd4 <.LBE74663>:
    7bd4:	0806c7b3          	zext.h	a5,a3

00007bd8 <.LBB74675>:
    7bd8:	710205b7          	lui	a1,0x71020
    7bdc:	00b787b3          	add	a5,a5,a1

00007be0 <.LM7654>:
    7be0:	00f9a023          	sw	a5,0(s3)

00007be4 <.LBB74678>:
    7be4:	40000002          	sfpcast	L0,L0,0

00007be8 <.LBB74681>:
    7be8:	c0438651          	sfpload	L1,404,0,7

00007bec <.LBB74689>:
    7bec:	18006402          	sfpmul	L0,L0,L1,L9,0

00007bf0 <.LBB74694>:
    7bf0:	c8038629          	sfpstore	L0,394,0,7

00007bf4 <.LBE74696>:
    7bf4:	0106d693          	srli	a3,a3,0x10

00007bf8 <.LBB74702>:
    7bf8:	710207b7          	lui	a5,0x71020
    7bfc:	00f686b3          	add	a3,a3,a5

00007c00 <.LM7691>:
    7c00:	00d9a023          	sw	a3,0(s3)

00007c04 <.LBB74705>:
    7c04:	40000002          	sfpcast	L0,L0,0

00007c08 <.LBB74708>:
    7c08:	c0438651          	sfpload	L1,404,0,7

00007c0c <.LBB74716>:
    7c0c:	18006402          	sfpmul	L0,L0,L1,L9,0

00007c10 <.LBB74721>:
    7c10:	c8038639          	sfpstore	L0,398,0,7

00007c14 <.LBE74723>:
    7c14:	080747b3          	zext.h	a5,a4

00007c18 <.LBB74729>:
    7c18:	710206b7          	lui	a3,0x71020
    7c1c:	00d787b3          	add	a5,a5,a3

00007c20 <.LM7728>:
    7c20:	00f9a023          	sw	a5,0(s3)

00007c24 <.LBB74732>:
    7c24:	40000002          	sfpcast	L0,L0,0

00007c28 <.LBB74735>:
    7c28:	c0438651          	sfpload	L1,404,0,7

00007c2c <.LBB74743>:
    7c2c:	18006402          	sfpmul	L0,L0,L1,L9,0

00007c30 <.LBB74748>:
    7c30:	c8038641          	sfpstore	L0,400,0,7

00007c34 <.LBE74750>:
    7c34:	01075713          	srli	a4,a4,0x10

00007c38 <.LBB74756>:
    7c38:	710207b7          	lui	a5,0x71020
    7c3c:	00f70733          	add	a4,a4,a5

00007c40 <.LM7765>:
    7c40:	00e9a023          	sw	a4,0(s3)

00007c44 <.LBB74759>:
    7c44:	40000002          	sfpcast	L0,L0,0

00007c48 <.LBB74762>:
    7c48:	c0438651          	sfpload	L1,404,0,7

00007c4c <.LBB74770>:
    7c4c:	18006402          	sfpmul	L0,L0,L1,L9,0

00007c50 <.LBB74775>:
    7c50:	c8038649          	sfpstore	L0,402,0,7

00007c54 <.LBE74777>:
    7c54:	00090593          	mv	a1,s2
    7c58:	000600e7          	jalr	a2

00007c5c <.LBE74794>:
    7c5c:	aedff06f          	j	7748 <.L107>

00007c60 <.L162>:
    7c60:	dc000010          	ttsetrwc	0,0,0,0,0,4

00007c64 <.LBB74549>:
    7c64:	88042042          	ttstallwait	2,2064

00007c68 <.LM7818>:
    7c68:	90000022          	ttsempost	2

00007c6c <.LBB74555>:
    7c6c:	9a84002a          	ttsemwait	322,2,2

00007c70 <.LBB74560>:
    7c70:	ffec17b7          	lui	a5,0xffec1
    7c74:	0007ac03          	lw	s8,0(a5) # ffec1000 <__instrn_buffer+0x81000>

00007c78 <.LBB74536>:
    7c78:	0ff0000f          	fence

00007c7c <.LBE74536>:
    7c7c:	8301a803          	lw	a6,-2000(gp) # ffb00020 <_ZN12_GLOBAL__N_1L13g_blend_t_epsE>

00007c80 <.LBB74538>:
    7c80:	fff80793          	addi	a5,a6,-1 # 7101ffff <__device_print_strings_info_end+0x6ab1ffff>

00007c84 <.LM7859>:
    7c84:	1157f863          	bgeu	a5,s5,7d94 <.L164>

00007c88 <.LM7860>:
    7c88:	000107b7          	lui	a5,0x10
    7c8c:	fff78793          	addi	a5,a5,-1 # ffff <.LLST7359+0x3>
    7c90:	00f80833          	add	a6,a6,a5

00007c94 <.LM7862>:
    7c94:	000082b7          	lui	t0,0x8

00007c98 <.LM7863>:
    7c98:	01085813          	srli	a6,a6,0x10

00007c9c <.LM7864>:
    7c9c:	f8028293          	addi	t0,t0,-128 # 7f80 <.LM13+0x4>
    7ca0:	080c0713          	addi	a4,s8,128
    7ca4:	410282b3          	sub	t0,t0,a6

00007ca8 <.LBB74516>:
    7ca8:	00000693          	li	a3,0

00007cac <.LM7870>:
    7cac:	00000c13          	li	s8,0

00007cb0 <.LBB74527>:
    7cb0:	02000313          	li	t1,32

00007cb4 <.L106>:
    7cb4:	f8070613          	addi	a2,a4,-128

00007cb8 <.LBE74518>:
    7cb8:	00000793          	li	a5,0

00007cbc <.LM7878>:
    7cbc:	00000893          	li	a7,0

00007cc0 <.L105>:
    7cc0:	00062f03          	lw	t5,0(a2)

00007cc4 <.LM7882>:
    7cc4:	00462503          	lw	a0,4(a2)

00007cc8 <.LM7883>:
    7cc8:	00862e03          	lw	t3,8(a2)

00007ccc <.LM7884>:
    7ccc:	080f4eb3          	zext.h	t4,t5

00007cd0 <.LM7885>:
    7cd0:	01055593          	srli	a1,a0,0x10

00007cd4 <.LM7886>:
    7cd4:	08054533          	zext.h	a0,a0

00007cd8 <.LM7887>:
    7cd8:	080e4fb3          	zext.h	t6,t3

00007cdc <.LM7888>:
    7cdc:	010e5e13          	srli	t3,t3,0x10

00007ce0 <.LM7889>:
    7ce0:	410e0e33          	sub	t3,t3,a6

00007ce4 <.LM7890>:
    7ce4:	410585b3          	sub	a1,a1,a6

00007ce8 <.LM7891>:
    7ce8:	0bc5d5b3          	minu	a1,a1,t3

00007cec <.LM7892>:
    7cec:	00c62e03          	lw	t3,12(a2)

00007cf0 <.LM7893>:
    7cf0:	410e8eb3          	sub	t4,t4,a6

00007cf4 <.LM7895>:
    7cf4:	41050533          	sub	a0,a0,a6

00007cf8 <.LM7896>:
    7cf8:	410f8fb3          	sub	t6,t6,a6

00007cfc <.LM7897>:
    7cfc:	010f5f13          	srli	t5,t5,0x10

00007d00 <.LM7898>:
    7d00:	0bf55533          	minu	a0,a0,t6
    7d04:	0bd55533          	minu	a0,a0,t4

00007d08 <.LM7899>:
    7d08:	010e5e93          	srli	t4,t3,0x10

00007d0c <.LM7900>:
    7d0c:	080e4e33          	zext.h	t3,t3

00007d10 <.LM7901>:
    7d10:	410f0f33          	sub	t5,t5,a6

00007d14 <.LM7902>:
    7d14:	410e0e33          	sub	t3,t3,a6

00007d18 <.LM7903>:
    7d18:	0be5d5b3          	minu	a1,a1,t5

00007d1c <.LM7904>:
    7d1c:	410e8eb3          	sub	t4,t4,a6

00007d20 <.LM7905>:
    7d20:	0bc55533          	minu	a0,a0,t3

00007d24 <.LM7906>:
    7d24:	0bd5d5b3          	minu	a1,a1,t4

00007d28 <.LM7907>:
    7d28:	00a2b533          	sltu	a0,t0,a0

00007d2c <.LM7908>:
    7d2c:	00b2b5b3          	sltu	a1,t0,a1
    7d30:	0015b593          	seqz	a1,a1

00007d34 <.LM7909>:
    7d34:	00153513          	seqz	a0,a0

00007d38 <.LM7910>:
    7d38:	00a8e8b3          	or	a7,a7,a0

00007d3c <.LM7911>:
    7d3c:	00b7e7b3          	or	a5,a5,a1

00007d40 <.LBB74521>:
    7d40:	00f8f5b3          	and	a1,a7,a5

00007d44 <.LBE74521>:
    7d44:	01060613          	addi	a2,a2,16

00007d48 <.LBB74522>:
    7d48:	04059263          	bnez	a1,7d8c <.L116>

00007d4c <.LBE74522>:
    7d4c:	f6e61ae3          	bne	a2,a4,7cc0 <.L105>

00007d50 <.LBE74523>:
    7d50:	00179793          	slli	a5,a5,0x1

00007d54 <.LM7921>:
    7d54:	0117e7b3          	or	a5,a5,a7

00007d58 <.L104>:
    7d58:	00d797b3          	sll	a5,a5,a3

00007d5c <.LBE74517>:
    7d5c:	00268693          	addi	a3,a3,2 # 71020002 <__device_print_strings_info_end+0x6ab20002>

00007d60 <.LBB74525>:
    7d60:	00fc6c33          	or	s8,s8,a5

00007d64 <.LBE74525>:
    7d64:	08070713          	addi	a4,a4,128

00007d68 <.LM7929>:
    7d68:	f46696e3          	bne	a3,t1,7cb4 <.L106>

00007d6c <.L103>:
    7d6c:	8101a783          	lw	a5,-2032(gp) # ffb00000 <_ZN7ckernel14dest_offset_idE>

00007d70 <.LBE74569>:
    7d70:	b2010737          	lui	a4,0xb2010

00007d74 <.LBB74576>:
    7d74:	00f037b3          	snez	a5,a5
    7d78:	00979793          	slli	a5,a5,0x9

00007d7c <.LBE74576>:
    7d7c:	00e787b3          	add	a5,a5,a4
    7d80:	00f9a023          	sw	a5,0(s3)

00007d84 <.LBE74567>:
    7d84:	8a000042          	ttstallwait	256,16

00007d88 <.LBB74803>:
    7d88:	9a9ff06f          	j	7730 <.L81>

00007d8c <.L116>:
    7d8c:	00300793          	li	a5,3

00007d90 <.LM7949>:
    7d90:	fc9ff06f          	j	7d58 <.L104>

00007d94 <.L164>:
    7d94:	00000593          	li	a1,0
    7d98:	03010513          	addi	a0,sp,48
    7d9c:	08000613          	li	a2,128
    7da0:	03012623          	sw	a6,44(sp)
    7da4:	02d12423          	sw	a3,40(sp)
    7da8:	090040ef          	jal	be38 <memset>

00007dac <.LBB74453>:
    7dac:	02812683          	lw	a3,40(sp)
    7db0:	02c12803          	lw	a6,44(sp)

00007db4 <.LBB74454>:
    7db4:	00050793          	mv	a5,a0

00007db8 <.LBB74455>:
    7db8:	00000593          	li	a1,0

00007dbc <.LBB74448>:
    7dbc:	ffff0337          	lui	t1,0xffff0

00007dc0 <.LBE74448>:
    7dc0:	40000893          	li	a7,1024

00007dc4 <.L89>:
    7dc4:	0015d713          	srli	a4,a1,0x1

00007dc8 <.LM7960>:
    7dc8:	0055d513          	srli	a0,a1,0x5

00007dcc <.LM7961>:
    7dcc:	21874733          	sh2add	a4,a4,s8
    7dd0:	00072703          	lw	a4,0(a4) # b2010000 <__device_print_strings_info_end+0xabb10000>

00007dd4 <.LM7962>:
    7dd4:	00156613          	ori	a2,a0,1

00007dd8 <.LM7966>:
    7dd8:	0015fe13          	andi	t3,a1,1

00007ddc <.LM7967>:
    7ddc:	20f64633          	sh2add	a2,a2,a5

00007de0 <.LM7968>:
    7de0:	ffe57513          	andi	a0,a0,-2

00007de4 <.LM7969>:
    7de4:	20f54533          	sh2add	a0,a0,a5

00007de8 <.LM7970>:
    7de8:	0a0e0c63          	beqz	t3,7ea0 <.L83>

00007dec <.LM7971>:
    7dec:	00062503          	lw	a0,0(a2)

00007df0 <.LM7972>:
    7df0:	00677733          	and	a4,a4,t1

00007df4 <.LM7973>:
    7df4:	00e53533          	sltu	a0,a0,a4

00007df8 <.LM7977>:
    7df8:	01673e33          	sltu	t3,a4,s6
    7dfc:	01c57533          	and	a0,a0,t3
    7e00:	0c051063          	bnez	a0,7ec0 <.L165>

00007e04 <.L85>:
    7e04:	00158593          	addi	a1,a1,1 # 71020001 <__device_print_strings_info_end+0x6ab20001>

00007e08 <.LM7979>:
    7e08:	fb159ee3          	bne	a1,a7,7dc4 <.L89>

00007e0c <.LBB74456>:
    7e0c:	80000e37          	lui	t3,0x80000
    7e10:	fffe0713          	addi	a4,t3,-1 # 7fffffff <__device_print_strings_info_end+0x79afffff>

00007e14 <.LM7981>:
    7e14:	00e87733          	and	a4,a6,a4
    7e18:	00000c13          	li	s8,0

00007e1c <.LM7982>:
    7e1c:	f4eae8e3          	bltu	s5,a4,7d6c <.L103>

00007e20 <.LBB74463>:
    7e20:	01c86e33          	or	t3,a6,t3
    7e24:	0a085863          	bgez	a6,7ed4 <.L155>

00007e28 <.LM7984>:
    7e28:	fff84e13          	not	t3,a6
    7e2c:	0a085463          	bgez	a6,7ed4 <.L155>

00007e30 <.LBB74478>:
    7e30:	80000537          	lui	a0,0x80000
    7e34:	fff50513          	addi	a0,a0,-1 # 7fffffff <__device_print_strings_info_end+0x79afffff>

00007e38 <.LBE74456>:
    7e38:	00000c13          	li	s8,0

00007e3c <.LBB74510>:
    7e3c:	00100313          	li	t1,1

00007e40 <.LM7988>:
    7e40:	02000893          	li	a7,32

00007e44 <.L102>:
    7e44:	0007a703          	lw	a4,0(a5)

00007e48 <.LBB74468>:
    7e48:	00d315b3          	sll	a1,t1,a3

00007e4c <.LBB74488>:
    7e4c:	00a77633          	and	a2,a4,a0

00007e50 <.LBE74488>:
    7e50:	00caee63          	bltu	s5,a2,7e6c <.L97>

00007e54 <.LM8011>:
    7e54:	01076633          	or	a2,a4,a6

00007e58 <.LM8012>:
    7e58:	00161e93          	slli	t4,a2,0x1
    7e5c:	000e8663          	beqz	t4,7e68 <.L99>

00007e60 <.LM8013>:
    7e60:	01c70633          	add	a2,a4,t3

00007e64 <.LBB74474>:
    7e64:	02074a63          	bltz	a4,7e98 <.L166>

00007e68 <.L99>:
    7e68:	00bc6c33          	or	s8,s8,a1

00007e6c <.L97>:
    7e6c:	00168693          	addi	a3,a3,1

00007e70 <.LM8017>:
    7e70:	00478793          	addi	a5,a5,4
    7e74:	fd1698e3          	bne	a3,a7,7e44 <.L102>

00007e78 <.LBB74577>:
    7e78:	8101a783          	lw	a5,-2032(gp) # ffb00000 <_ZN7ckernel14dest_offset_idE>

00007e7c <.LBE74577>:
    7e7c:	b2010737          	lui	a4,0xb2010

00007e80 <.LBB74578>:
    7e80:	00f037b3          	snez	a5,a5
    7e84:	00979793          	slli	a5,a5,0x9

00007e88 <.LBE74578>:
    7e88:	00e787b3          	add	a5,a5,a4
    7e8c:	00f9a023          	sw	a5,0(s3)

00007e90 <.LBE74583>:
    7e90:	8a000042          	ttstallwait	256,16

00007e94 <.LBE74588>:
    7e94:	89dff06f          	j	7730 <.L81>

00007e98 <.L166>:
    7e98:	fce678e3          	bgeu	a2,a4,7e68 <.L99>
    7e9c:	fd1ff06f          	j	7e6c <.L97>

00007ea0 <.L83>:
    7ea0:	00052603          	lw	a2,0(a0)
    7ea4:	01071713          	slli	a4,a4,0x10

00007ea8 <.LM8038>:
    7ea8:	00e63633          	sltu	a2,a2,a4

00007eac <.LM8042>:
    7eac:	01673e33          	sltu	t3,a4,s6
    7eb0:	01c67633          	and	a2,a2,t3
    7eb4:	00061a63          	bnez	a2,7ec8 <.L167>

00007eb8 <.LBE74450>:
    7eb8:	00158593          	addi	a1,a1,1

00007ebc <.LM8044>:
    7ebc:	f09ff06f          	j	7dc4 <.L89>

00007ec0 <.L165>:
    7ec0:	00e62023          	sw	a4,0(a2)
    7ec4:	f41ff06f          	j	7e04 <.L85>

00007ec8 <.L167>:
    7ec8:	00e52023          	sw	a4,0(a0)

00007ecc <.LBE74451>:
    7ecc:	00158593          	addi	a1,a1,1

00007ed0 <.LM8051>:
    7ed0:	ef5ff06f          	j	7dc4 <.L89>

00007ed4 <.L155>:
    7ed4:	80000fb7          	lui	t6,0x80000
    7ed8:	ffff8893          	addi	a7,t6,-1 # 7fffffff <__device_print_strings_info_end+0x79afffff>

00007edc <.LBE74490>:
    7edc:	00000c13          	li	s8,0

00007ee0 <.LBB74513>:
    7ee0:	00100513          	li	a0,1

00007ee4 <.LM8056>:
    7ee4:	02000593          	li	a1,32

00007ee8 <.L96>:
    7ee8:	0007a703          	lw	a4,0(a5)

00007eec <.LBB74475>:
    7eec:	00d51333          	sll	t1,a0,a3

00007ef0 <.LBB74494>:
    7ef0:	01177633          	and	a2,a4,a7

00007ef4 <.LBE74494>:
    7ef4:	02cae063          	bltu	s5,a2,7f14 <.L94>

00007ef8 <.LM8079>:
    7ef8:	01076633          	or	a2,a4,a6

00007efc <.LM8080>:
    7efc:	00161e93          	slli	t4,a2,0x1
    7f00:	000e8863          	beqz	t4,7f10 <.L95>

00007f04 <.LBB74477>:
    7f04:	01f76633          	or	a2,a4,t6

00007f08 <.LM8082>:
    7f08:	00074663          	bltz	a4,7f14 <.L94>

00007f0c <.LBE74477>:
    7f0c:	01c66463          	bltu	a2,t3,7f14 <.L94>

00007f10 <.L95>:
    7f10:	006c6c33          	or	s8,s8,t1

00007f14 <.L94>:
    7f14:	00168693          	addi	a3,a3,1

00007f18 <.LM8086>:
    7f18:	00478793          	addi	a5,a5,4
    7f1c:	fcb696e3          	bne	a3,a1,7ee8 <.L96>

00007f20 <.LBB74579>:
    7f20:	8101a783          	lw	a5,-2032(gp) # ffb00000 <_ZN7ckernel14dest_offset_idE>

00007f24 <.LBE74579>:
    7f24:	b2010737          	lui	a4,0xb2010

00007f28 <.LBB74580>:
    7f28:	00f037b3          	snez	a5,a5
    7f2c:	00979793          	slli	a5,a5,0x9

00007f30 <.LBE74580>:
    7f30:	00e787b3          	add	a5,a5,a4
    7f34:	00f9a023          	sw	a5,0(s3)

00007f38 <.LBE74584>:
    7f38:	8a000042          	ttstallwait	256,16

00007f3c <.LBE74590>:
    7f3c:	ff4ff06f          	j	7730 <.L81>

00007f40 <.L161>:
    7f40:	ffec17b7          	lui	a5,0xffec1
    7f44:	0007a783          	lw	a5,0(a5) # ffec1000 <__instrn_buffer+0x81000>

00007f48 <.LBE75261>:
    7f48:	0047a783          	lw	a5,4(a5)

00007f4c <.LM8117>:
    7f4c:	0087f313          	andi	t1,a5,8

00007f50 <.LM8119>:
    7f50:	ee030663          	beqz	t1,763c <.L67>
    7f54:	841ff06f          	j	7794 <.L160>

00007f58 <.L112>:
    7f58:	00068793          	mv	a5,a3
    7f5c:	a28ff06f          	j	7184 <.L54>

00007f60 <_ZN12_GLOBAL__N_1L15blend_chain_endEmPKNS_15BlendChainEntryE>:
    7f60:	00008067          	ret

00007f64 <_ZN12_GLOBAL__N_1L16blend_chain_bodyILm0ELm1EEEvmPKNS_15BlendChainEntryE>:
    7f64:	00255713          	srli	a4,a0,0x2

00007f68 <.LBB958>:
    7f68:	60171793          	ctz	a5,a4
    7f6c:	01e7f793          	andi	a5,a5,30

00007f70 <.LM10>:
    7f70:	00f75733          	srl	a4,a4,a5

00007f74 <.LM11>:
    7f74:	00377713          	andi	a4,a4,3

00007f78 <.LBE958>:
    7f78:	20e7a7b3          	sh1add	a5,a5,a4

00007f7c <.LM13>:
    7f7c:	20b7c7b3          	sh2add	a5,a5,a1
    7f80:	0107a783          	lw	a5,16(a5)

00007f84 <.LBB960>:
    7f84:	c0838401          	sfpload	L2,256,0,7

00007f88 <.LBB969>:
    7f88:	c0438501          	sfpload	L1,320,0,7

00007f8c <.LBB975>:
    7f8c:	c1038611          	sfpload	L4,388,0,7

00007f90 <.LBB981>:
    7f90:	c0c38619          	sfpload	L3,390,0,7

00007f94 <.LBB987>:
    7f94:	c0038621          	sfpload	L0,392,0,7

00007f98 <.LBB993>:
    7f98:	c1838601          	sfpload	L6,384,0,7

00007f9c <.LBB1001>:
    7f9c:	c1438609          	sfpload	L5,386,0,7

00007fa0 <.LBB1005>:
    7fa0:	1428988a          	sfpadd	L2,L10,L2,L6,2

00007fa4 <.LBB1008>:
    7fa4:	1428544a          	sfpadd	L1,L10,L1,L5,2

00007fa8 <.LBB1011>:
    7fa8:	1808a542          	sfpmul	L5,L2,L2,L9,0

00007fac <.LBB1014>:
    7fac:	18116502          	sfpmul	L4,L4,L5,L9,0

00007fb0 <.LBB1017>:
    7fb0:	18086482          	sfpmul	L2,L2,L1,L9,0

00007fb4 <.LBB1020>:
    7fb4:	100c9082          	sfpmad	L2,L3,L2,L4,0

00007fb8 <.LBB1023>:
    7fb8:	18046442          	sfpmul	L1,L1,L1,L9,0

00007fbc <.LBB1026>:
    7fbc:	10004802          	sfpmad	L0,L0,L1,L2,0
    7fc0:	3c000002          	sfpnop

00007fc4 <.LBB1029>:
    7fc4:	48002406          	sfpswap	L0,L9,1
    7fc8:	3c000002          	sfpnop

00007fcc <.LBB1031>:
    7fcc:	18032402          	sfpmul	L0,L0,L12,L9,0

00007fd0 <.LBB1036>:
    7fd0:	d50bf801          	sfpaddi	L0,17150,0
    7fd4:	3c000002          	sfpnop

00007fd8 <.LBB1039>:
    7fd8:	48000246          	sfpswap	L9,L0,1
    7fdc:	3c000002          	sfpnop

00007fe0 <.LBB1041>:
    7fe0:	dc000041          	sfpexexp	L1,L0,0

00007fe4 <.LBB1045>:
    7fe4:	e0000001          	sfpexman	L0,L0,0

00007fe8 <.LBB1047>:
    7fe8:	e8000401          	sfpshft	L0,L1,0x000,0

00007fec <.LBB1049>:
    7fec:	dc000045          	sfpexexp	L1,L0,1

00007ff0 <.LBB1051>:
    7ff0:	e0000005          	sfpexman	L0,L0,1

00007ff4 <.LBB1053>:
    7ff4:	40000002          	sfpcast	L0,L0,0

00007ff8 <.LBB1055>:
    7ff8:	10037882          	sfpmad	L2,L0,L13,L14,0

00007ffc <.LBB1058>:
    7ffc:	c0c38659          	sfpload	L3,406,0,7

00008000 <.LBB1064>:
    8000:	10008c02          	sfpmad	L0,L0,L2,L3,0

00008004 <.LBB1067>:
    8004:	08000042          	sfpsetexp	L1,L0,0x000,0

00008008 <.LBB1069>:
    8008:	c0038629          	sfpload	L0,394,0,7

0000800c <.LBB1075>:
    800c:	18006402          	sfpmul	L0,L0,L1,L9,0

00008010 <.LBB1078>:
    8010:	c0438661          	sfpload	L1,408,0,7

00008014 <.LBB1084>:
    8014:	48000406          	sfpswap	L0,L1,1
    8018:	3c000002          	sfpnop

0000801c <.LBB1086>:
    801c:	c0438631          	sfpload	L1,396,0,7

00008020 <.LBB1093>:
    8020:	1006c042          	sfpmad	L1,L1,L11,L0,0
    8024:	ec000401          	sfpsetcc	L1,0x000,0

00008028 <.LBB1097>:
    8028:	f0002401          	sfpmov	L0,L9,0

0000802c <.LBB1100>:
    802c:	2800c02a          	sfpencc	0x003,10

00008030 <.LBB1103>:
    8030:	c0838301          	sfpload	L2,192,0,7

00008034 <.LBB1109>:
    8034:	1800a442          	sfpmul	L1,L0,L2,L9,0

00008038 <.LBB1112>:
    8038:	c1038001          	sfpload	L4,0,0,7

0000803c <.LBB1118>:
    803c:	c0c38639          	sfpload	L3,398,0,7

00008040 <.LBB1124>:
    8040:	1004d0c2          	sfpmad	L3,L1,L3,L4,0

00008044 <.LBB1127>:
    8044:	c8c38001          	sfpstore	L3,0,0,7

00008048 <.LBB1133>:
    8048:	c1038101          	sfpload	L4,64,0,7

0000804c <.LBB1139>:
    804c:	c0c38641          	sfpload	L3,400,0,7

00008050 <.LBB1145>:
    8050:	1004d0c2          	sfpmad	L3,L1,L3,L4,0

00008054 <.LBB1148>:
    8054:	c8c38101          	sfpstore	L3,64,0,7

00008058 <.LBB1154>:
    8058:	c1038201          	sfpload	L4,128,0,7

0000805c <.LBB1160>:
    805c:	c0c38649          	sfpload	L3,402,0,7

00008060 <.LBB1166>:
    8060:	1004d042          	sfpmad	L1,L1,L3,L4,0

00008064 <.LBB1169>:
    8064:	c8438201          	sfpstore	L1,128,0,7

00008068 <.LBB1175>:
    8068:	142a800a          	sfpadd	L0,L10,L10,L0,2

0000806c <.LBB1178>:
    806c:	18082402          	sfpmul	L0,L2,L0,L9,0

00008070 <.LBB1181>:
    8070:	c8038301          	sfpstore	L0,192,0,7

00008074 <.LBE1181>:
    8074:	00078067          	jr	a5

00008078 <_ZN12_GLOBAL__N_1L16blend_chain_bodyILm0ELm2EEEvmPKNS_15BlendChainEntryE>:
    8078:	00255713          	srli	a4,a0,0x2

0000807c <.LBB2143>:
    807c:	60171793          	ctz	a5,a4
    8080:	01e7f793          	andi	a5,a5,30

00008084 <.LM120>:
    8084:	00f75733          	srl	a4,a4,a5

00008088 <.LM122>:
    8088:	00377713          	andi	a4,a4,3

0000808c <.LBE2143>:
    808c:	20e7a7b3          	sh1add	a5,a5,a4

00008090 <.LM124>:
    8090:	20b7c7b3          	sh2add	a5,a5,a1
    8094:	0107a783          	lw	a5,16(a5)

00008098 <.LBB2145>:
    8098:	c0838409          	sfpload	L2,258,0,7

0000809c <.LBB2154>:
    809c:	c0438509          	sfpload	L1,322,0,7

000080a0 <.LBB2160>:
    80a0:	c1038611          	sfpload	L4,388,0,7

000080a4 <.LBB2166>:
    80a4:	c0c38619          	sfpload	L3,390,0,7

000080a8 <.LBB2172>:
    80a8:	c0038621          	sfpload	L0,392,0,7

000080ac <.LBB2178>:
    80ac:	c1838601          	sfpload	L6,384,0,7

000080b0 <.LBB2184>:
    80b0:	c1438609          	sfpload	L5,386,0,7

000080b4 <.LBB2190>:
    80b4:	1428988a          	sfpadd	L2,L10,L2,L6,2

000080b8 <.LBB2193>:
    80b8:	1428544a          	sfpadd	L1,L10,L1,L5,2

000080bc <.LBB2196>:
    80bc:	1808a542          	sfpmul	L5,L2,L2,L9,0

000080c0 <.LBB2199>:
    80c0:	18116502          	sfpmul	L4,L4,L5,L9,0

000080c4 <.LBB2202>:
    80c4:	18086482          	sfpmul	L2,L2,L1,L9,0

000080c8 <.LBB2205>:
    80c8:	100c9082          	sfpmad	L2,L3,L2,L4,0

000080cc <.LBB2208>:
    80cc:	18046442          	sfpmul	L1,L1,L1,L9,0

000080d0 <.LBB2211>:
    80d0:	10004802          	sfpmad	L0,L0,L1,L2,0
    80d4:	3c000002          	sfpnop

000080d8 <.LBB2214>:
    80d8:	48002406          	sfpswap	L0,L9,1
    80dc:	3c000002          	sfpnop

000080e0 <.LBB2216>:
    80e0:	18032402          	sfpmul	L0,L0,L12,L9,0

000080e4 <.LBB2221>:
    80e4:	d50bf801          	sfpaddi	L0,17150,0
    80e8:	3c000002          	sfpnop

000080ec <.LBB2224>:
    80ec:	48000246          	sfpswap	L9,L0,1
    80f0:	3c000002          	sfpnop

000080f4 <.LBB2226>:
    80f4:	dc000041          	sfpexexp	L1,L0,0

000080f8 <.LBB2230>:
    80f8:	e0000001          	sfpexman	L0,L0,0

000080fc <.LBB2232>:
    80fc:	e8000401          	sfpshft	L0,L1,0x000,0

00008100 <.LBB2234>:
    8100:	dc000045          	sfpexexp	L1,L0,1

00008104 <.LBB2236>:
    8104:	e0000005          	sfpexman	L0,L0,1

00008108 <.LBB2238>:
    8108:	40000002          	sfpcast	L0,L0,0

0000810c <.LBB2240>:
    810c:	10037882          	sfpmad	L2,L0,L13,L14,0

00008110 <.LBB2243>:
    8110:	c0c38659          	sfpload	L3,406,0,7

00008114 <.LBB2249>:
    8114:	10008c02          	sfpmad	L0,L0,L2,L3,0

00008118 <.LBB2252>:
    8118:	08000042          	sfpsetexp	L1,L0,0x000,0

0000811c <.LBB2254>:
    811c:	c0038629          	sfpload	L0,394,0,7

00008120 <.LBB2260>:
    8120:	18006402          	sfpmul	L0,L0,L1,L9,0

00008124 <.LBB2263>:
    8124:	c0438661          	sfpload	L1,408,0,7

00008128 <.LBB2269>:
    8128:	48000406          	sfpswap	L0,L1,1
    812c:	3c000002          	sfpnop

00008130 <.LBB2271>:
    8130:	c0438631          	sfpload	L1,396,0,7

00008134 <.LBB2278>:
    8134:	1006c042          	sfpmad	L1,L1,L11,L0,0
    8138:	ec000401          	sfpsetcc	L1,0x000,0

0000813c <.LBB2282>:
    813c:	f0002401          	sfpmov	L0,L9,0

00008140 <.LBB2285>:
    8140:	2800c02a          	sfpencc	0x003,10

00008144 <.LBB2288>:
    8144:	c0838309          	sfpload	L2,194,0,7

00008148 <.LBB2294>:
    8148:	1800a442          	sfpmul	L1,L0,L2,L9,0

0000814c <.LBB2297>:
    814c:	c1038009          	sfpload	L4,2,0,7

00008150 <.LBB2303>:
    8150:	c0c38639          	sfpload	L3,398,0,7

00008154 <.LBB2309>:
    8154:	1004d0c2          	sfpmad	L3,L1,L3,L4,0

00008158 <.LBB2312>:
    8158:	c8c38009          	sfpstore	L3,2,0,7

0000815c <.LBB2318>:
    815c:	c1038109          	sfpload	L4,66,0,7

00008160 <.LBB2324>:
    8160:	c0c38641          	sfpload	L3,400,0,7

00008164 <.LBB2330>:
    8164:	1004d0c2          	sfpmad	L3,L1,L3,L4,0

00008168 <.LBB2333>:
    8168:	c8c38109          	sfpstore	L3,66,0,7

0000816c <.LBB2339>:
    816c:	c1038209          	sfpload	L4,130,0,7

00008170 <.LBB2345>:
    8170:	c0c38649          	sfpload	L3,402,0,7

00008174 <.LBB2351>:
    8174:	1004d042          	sfpmad	L1,L1,L3,L4,0

00008178 <.LBB2354>:
    8178:	c8438209          	sfpstore	L1,130,0,7

0000817c <.LBB2360>:
    817c:	142a800a          	sfpadd	L0,L10,L10,L0,2

00008180 <.LBB2363>:
    8180:	18082402          	sfpmul	L0,L2,L0,L9,0

00008184 <.LBB2366>:
    8184:	c8038309          	sfpstore	L0,194,0,7

00008188 <.LBE2145>:
    8188:	00078067          	jr	a5

0000818c <_ZN12_GLOBAL__N_1L16blend_chain_bodyILm0ELm3EEEvmPKNS_15BlendChainEntryE>:
    818c:	00255713          	srli	a4,a0,0x2

00008190 <.LBB4132>:
    8190:	60171793          	ctz	a5,a4
    8194:	01e7f793          	andi	a5,a5,30

00008198 <.LM231>:
    8198:	00f75733          	srl	a4,a4,a5

0000819c <.LM233>:
    819c:	00377713          	andi	a4,a4,3

000081a0 <.LBE4132>:
    81a0:	20e7a7b3          	sh1add	a5,a5,a4

000081a4 <.LM235>:
    81a4:	20b7c7b3          	sh2add	a5,a5,a1
    81a8:	0107a783          	lw	a5,16(a5)

000081ac <.LBB4134>:
    81ac:	c0038601          	sfpload	L0,384,0,7

000081b0 <.LBB4143>:
    81b0:	c1038609          	sfpload	L4,386,0,7

000081b4 <.LBB4149>:
    81b4:	c0838401          	sfpload	L2,256,0,7

000081b8 <.LBB4155>:
    81b8:	1428808a          	sfpadd	L2,L10,L2,L0,2

000081bc <.LBB4158>:
    81bc:	c0438409          	sfpload	L1,258,0,7

000081c0 <.LBB4164>:
    81c0:	1428404a          	sfpadd	L1,L10,L1,L0,2

000081c4 <.LBB4167>:
    81c4:	c0038501          	sfpload	L0,320,0,7

000081c8 <.LBB4173>:
    81c8:	1428100a          	sfpadd	L0,L10,L0,L4,2

000081cc <.LBB4176>:
    81cc:	c0c38509          	sfpload	L3,322,0,7

000081d0 <.LBB4182>:
    81d0:	1428d0ca          	sfpadd	L3,L10,L3,L4,2

000081d4 <.LBB4185>:
    81d4:	c1438611          	sfpload	L5,388,0,7

000081d8 <.LBB4191>:
    81d8:	1808a582          	sfpmul	L6,L2,L2,L9,0

000081dc <.LBB4194>:
    81dc:	1815a582          	sfpmul	L6,L5,L6,L9,0

000081e0 <.LBB4197>:
    81e0:	18046502          	sfpmul	L4,L1,L1,L9,0

000081e4 <.LBB4200>:
    81e4:	18152542          	sfpmul	L5,L5,L4,L9,0

000081e8 <.LBB4203>:
    81e8:	c1038619          	sfpload	L4,390,0,7

000081ec <.LBB4209>:
    81ec:	18082482          	sfpmul	L2,L2,L0,L9,0

000081f0 <.LBB4212>:
    81f0:	10109882          	sfpmad	L2,L4,L2,L6,0

000081f4 <.LBB4215>:
    81f4:	1804e442          	sfpmul	L1,L1,L3,L9,0

000081f8 <.LBB4218>:
    81f8:	10105502          	sfpmad	L4,L4,L1,L5,0

000081fc <.LBB4221>:
    81fc:	c0438621          	sfpload	L1,392,0,7

00008200 <.LBB4227>:
    8200:	18002402          	sfpmul	L0,L0,L0,L9,0

00008204 <.LBB4230>:
    8204:	10040802          	sfpmad	L0,L1,L0,L2,0

00008208 <.LBB4233>:
    8208:	180ce4c2          	sfpmul	L3,L3,L3,L9,0

0000820c <.LBB4236>:
    820c:	1004d042          	sfpmad	L1,L1,L3,L4,0

00008210 <.LBB4239>:
    8210:	48002406          	sfpswap	L0,L9,1
    8214:	3c000002          	sfpnop

00008218 <.LBB4241>:
    8218:	48002446          	sfpswap	L1,L9,1
    821c:	3c000002          	sfpnop

00008220 <.LBB4243>:
    8220:	18032402          	sfpmul	L0,L0,L12,L9,0

00008224 <.LBB4248>:
    8224:	d50bf801          	sfpaddi	L0,17150,0
    8228:	3c000002          	sfpnop

0000822c <.LBB4251>:
    822c:	48000246          	sfpswap	L9,L0,1
    8230:	3c000002          	sfpnop

00008234 <.LBB4253>:
    8234:	dc000081          	sfpexexp	L2,L0,0

00008238 <.LBB4257>:
    8238:	e0000001          	sfpexman	L0,L0,0

0000823c <.LBB4259>:
    823c:	e8000801          	sfpshft	L0,L2,0x000,0

00008240 <.LBB4261>:
    8240:	dc000085          	sfpexexp	L2,L0,1

00008244 <.LBB4263>:
    8244:	1000014c          	ttreplay	0,5,1,1
    8248:	e0000005          	sfpexman	L0,L0,1

0000824c <.LBB4265>:
    824c:	40000002          	sfpcast	L0,L0,0

00008250 <.LBB4267>:
    8250:	100378c2          	sfpmad	L3,L0,L13,L14,0

00008254 <.LBB4270>:
    8254:	c1038659          	sfpload	L4,406,0,7

00008258 <.LBB4276>:
    8258:	1000d002          	sfpmad	L0,L0,L3,L4,0

0000825c <.LBB4279>:
    825c:	08000082          	sfpsetexp	L2,L0,0x000,0

00008260 <.LBB4281>:
    8260:	18072442          	sfpmul	L1,L1,L12,L9,0

00008264 <.LBB4286>:
    8264:	d50bf841          	sfpaddi	L1,17150,0
    8268:	3c000002          	sfpnop

0000826c <.LBB4289>:
    826c:	48000646          	sfpswap	L9,L1,1
    8270:	3c000002          	sfpnop

00008274 <.LBB4291>:
    8274:	dc0004c1          	sfpexexp	L3,L1,0

00008278 <.LBB4295>:
    8278:	e0000401          	sfpexman	L0,L1,0

0000827c <.LBB4297>:
    827c:	e8000c01          	sfpshft	L0,L3,0x000,0

00008280 <.LBB4299>:
    8280:	dc000045          	sfpexexp	L1,L0,1

00008284 <.LBB4301>:
    8284:	10000140          	ttreplay	0,5,0,0

00008288 <.LBB4304>:
    8288:	08000042          	sfpsetexp	L1,L0,0x000,0

0000828c <.LBB4306>:
    828c:	c0038629          	sfpload	L0,394,0,7

00008290 <.LBB4312>:
    8290:	1800a482          	sfpmul	L2,L0,L2,L9,0

00008294 <.LBB4315>:
    8294:	18006402          	sfpmul	L0,L0,L1,L9,0

00008298 <.LBB4318>:
    8298:	c0c38661          	sfpload	L3,408,0,7

0000829c <.LBB4324>:
    829c:	c0438661          	sfpload	L1,408,0,7

000082a0 <.LBB4330>:
    82a0:	48000c86          	sfpswap	L2,L3,1
    82a4:	3c000002          	sfpnop

000082a8 <.LBB4332>:
    82a8:	48000406          	sfpswap	L0,L1,1
    82ac:	3c000002          	sfpnop

000082b0 <.LBB4334>:
    82b0:	c0438631          	sfpload	L1,396,0,7

000082b4 <.LBB4341>:
    82b4:	1006c842          	sfpmad	L1,L1,L11,L2,0
    82b8:	ec000401          	sfpsetcc	L1,0x000,0

000082bc <.LBB4345>:
    82bc:	f0002481          	sfpmov	L2,L9,0

000082c0 <.LBB4348>:
    82c0:	2800c02a          	sfpencc	0x003,10

000082c4 <.LBB4351>:
    82c4:	c0438631          	sfpload	L1,396,0,7

000082c8 <.LBB4358>:
    82c8:	1006c042          	sfpmad	L1,L1,L11,L0,0
    82cc:	ec000401          	sfpsetcc	L1,0x000,0

000082d0 <.LBB4362>:
    82d0:	f0002401          	sfpmov	L0,L9,0

000082d4 <.LBB4365>:
    82d4:	2800c02a          	sfpencc	0x003,10

000082d8 <.LBB4368>:
    82d8:	c1438301          	sfpload	L5,192,0,7

000082dc <.LBB4374>:
    82dc:	c1038309          	sfpload	L4,194,0,7

000082e0 <.LBB4380>:
    82e0:	180964c2          	sfpmul	L3,L2,L5,L9,0

000082e4 <.LBB4383>:
    82e4:	18012442          	sfpmul	L1,L0,L4,L9,0

000082e8 <.LBB4386>:
    82e8:	c1838639          	sfpload	L6,398,0,7

000082ec <.LBB4392>:
    82ec:	c1c38001          	sfpload	L7,0,0,7

000082f0 <.LBB4398>:
    82f0:	100d9dc2          	sfpmad	L7,L3,L6,L7,0

000082f4 <.LBB4401>:
    82f4:	c9c38001          	sfpstore	L7,0,0,7

000082f8 <.LBB4407>:
    82f8:	c1c38009          	sfpload	L7,2,0,7

000082fc <.LBB4413>:
    82fc:	10059d82          	sfpmad	L6,L1,L6,L7,0

00008300 <.LBB4416>:
    8300:	c9838009          	sfpstore	L6,2,0,7

00008304 <.LBB4422>:
    8304:	c1838641          	sfpload	L6,400,0,7

00008308 <.LBB4428>:
    8308:	c1c38101          	sfpload	L7,64,0,7

0000830c <.LBB4434>:
    830c:	100d9dc2          	sfpmad	L7,L3,L6,L7,0

00008310 <.LBB4437>:
    8310:	c9c38101          	sfpstore	L7,64,0,7

00008314 <.LBB4443>:
    8314:	c1c38109          	sfpload	L7,66,0,7

00008318 <.LBB4449>:
    8318:	10059d82          	sfpmad	L6,L1,L6,L7,0

0000831c <.LBB4452>:
    831c:	c9838109          	sfpstore	L6,66,0,7

00008320 <.LBB4458>:
    8320:	c1838649          	sfpload	L6,402,0,7

00008324 <.LBB4464>:
    8324:	c1c38201          	sfpload	L7,128,0,7

00008328 <.LBB4470>:
    8328:	100d9cc2          	sfpmad	L3,L3,L6,L7,0

0000832c <.LBB4473>:
    832c:	c8c38201          	sfpstore	L3,128,0,7

00008330 <.LBB4479>:
    8330:	c0c38209          	sfpload	L3,130,0,7

00008334 <.LBB4485>:
    8334:	10058c42          	sfpmad	L1,L1,L6,L3,0

00008338 <.LBB4488>:
    8338:	c8438209          	sfpstore	L1,130,0,7

0000833c <.LBB4494>:
    833c:	142a888a          	sfpadd	L2,L10,L10,L2,2

00008340 <.LBB4497>:
    8340:	1814a542          	sfpmul	L5,L5,L2,L9,0

00008344 <.LBB4500>:
    8344:	c9438301          	sfpstore	L5,192,0,7

00008348 <.LBB4506>:
    8348:	142a800a          	sfpadd	L0,L10,L10,L0,2

0000834c <.LBB4509>:
    834c:	18102402          	sfpmul	L0,L4,L0,L9,0

00008350 <.LBB4512>:
    8350:	c8038309          	sfpstore	L0,194,0,7

00008354 <.LBE4134>:
    8354:	00078067          	jr	a5

00008358 <_ZN12_GLOBAL__N_1L16blend_chain_bodyILm1ELm1EEEvmPKNS_15BlendChainEntryE>:
    8358:	00455713          	srli	a4,a0,0x4

0000835c <.LBB5474>:
    835c:	60171793          	ctz	a5,a4
    8360:	01e7f793          	andi	a5,a5,30

00008364 <.LM422>:
    8364:	00f75733          	srl	a4,a4,a5

00008368 <.LM424>:
    8368:	00377713          	andi	a4,a4,3

0000836c <.LBE5474>:
    836c:	20e7a7b3          	sh1add	a5,a5,a4

00008370 <.LM426>:
    8370:	20b7c7b3          	sh2add	a5,a5,a1
    8374:	0207a783          	lw	a5,32(a5)

00008378 <.LBB5476>:
    8378:	c0838411          	sfpload	L2,260,0,7

0000837c <.LBB5485>:
    837c:	c0438511          	sfpload	L1,324,0,7

00008380 <.LBB5491>:
    8380:	c1038611          	sfpload	L4,388,0,7

00008384 <.LBB5497>:
    8384:	c0c38619          	sfpload	L3,390,0,7

00008388 <.LBB5503>:
    8388:	c0038621          	sfpload	L0,392,0,7

0000838c <.LBB5509>:
    838c:	c1838601          	sfpload	L6,384,0,7

00008390 <.LBB5515>:
    8390:	c1438609          	sfpload	L5,386,0,7

00008394 <.LBB5521>:
    8394:	1428988a          	sfpadd	L2,L10,L2,L6,2

00008398 <.LBB5524>:
    8398:	1428544a          	sfpadd	L1,L10,L1,L5,2

0000839c <.LBB5527>:
    839c:	1808a542          	sfpmul	L5,L2,L2,L9,0

000083a0 <.LBB5530>:
    83a0:	18116502          	sfpmul	L4,L4,L5,L9,0

000083a4 <.LBB5533>:
    83a4:	18086482          	sfpmul	L2,L2,L1,L9,0

000083a8 <.LBB5536>:
    83a8:	100c9082          	sfpmad	L2,L3,L2,L4,0

000083ac <.LBB5539>:
    83ac:	18046442          	sfpmul	L1,L1,L1,L9,0

000083b0 <.LBB5542>:
    83b0:	10004802          	sfpmad	L0,L0,L1,L2,0
    83b4:	3c000002          	sfpnop

000083b8 <.LBB5545>:
    83b8:	48002406          	sfpswap	L0,L9,1
    83bc:	3c000002          	sfpnop

000083c0 <.LBB5547>:
    83c0:	18032402          	sfpmul	L0,L0,L12,L9,0

000083c4 <.LBB5552>:
    83c4:	d50bf801          	sfpaddi	L0,17150,0
    83c8:	3c000002          	sfpnop

000083cc <.LBB5555>:
    83cc:	48000246          	sfpswap	L9,L0,1
    83d0:	3c000002          	sfpnop

000083d4 <.LBB5557>:
    83d4:	dc000041          	sfpexexp	L1,L0,0

000083d8 <.LBB5561>:
    83d8:	e0000001          	sfpexman	L0,L0,0

000083dc <.LBB5563>:
    83dc:	e8000401          	sfpshft	L0,L1,0x000,0

000083e0 <.LBB5565>:
    83e0:	dc000045          	sfpexexp	L1,L0,1

000083e4 <.LBB5567>:
    83e4:	e0000005          	sfpexman	L0,L0,1

000083e8 <.LBB5569>:
    83e8:	40000002          	sfpcast	L0,L0,0

000083ec <.LBB5571>:
    83ec:	10037882          	sfpmad	L2,L0,L13,L14,0

000083f0 <.LBB5574>:
    83f0:	c0c38659          	sfpload	L3,406,0,7

000083f4 <.LBB5580>:
    83f4:	10008c02          	sfpmad	L0,L0,L2,L3,0

000083f8 <.LBB5583>:
    83f8:	08000042          	sfpsetexp	L1,L0,0x000,0

000083fc <.LBB5585>:
    83fc:	c0038629          	sfpload	L0,394,0,7

00008400 <.LBB5591>:
    8400:	18006402          	sfpmul	L0,L0,L1,L9,0

00008404 <.LBB5594>:
    8404:	c0438661          	sfpload	L1,408,0,7

00008408 <.LBB5600>:
    8408:	48000406          	sfpswap	L0,L1,1
    840c:	3c000002          	sfpnop

00008410 <.LBB5602>:
    8410:	c0438631          	sfpload	L1,396,0,7

00008414 <.LBB5609>:
    8414:	1006c042          	sfpmad	L1,L1,L11,L0,0
    8418:	ec000401          	sfpsetcc	L1,0x000,0

0000841c <.LBB5613>:
    841c:	f0002401          	sfpmov	L0,L9,0

00008420 <.LBB5616>:
    8420:	2800c02a          	sfpencc	0x003,10

00008424 <.LBB5619>:
    8424:	c0838311          	sfpload	L2,196,0,7

00008428 <.LBB5625>:
    8428:	1800a442          	sfpmul	L1,L0,L2,L9,0

0000842c <.LBB5628>:
    842c:	c1038011          	sfpload	L4,4,0,7

00008430 <.LBB5634>:
    8430:	c0c38639          	sfpload	L3,398,0,7

00008434 <.LBB5640>:
    8434:	1004d0c2          	sfpmad	L3,L1,L3,L4,0

00008438 <.LBB5643>:
    8438:	c8c38011          	sfpstore	L3,4,0,7

0000843c <.LBB5649>:
    843c:	c1038111          	sfpload	L4,68,0,7

00008440 <.LBB5655>:
    8440:	c0c38641          	sfpload	L3,400,0,7

00008444 <.LBB5661>:
    8444:	1004d0c2          	sfpmad	L3,L1,L3,L4,0

00008448 <.LBB5664>:
    8448:	c8c38111          	sfpstore	L3,68,0,7

0000844c <.LBB5670>:
    844c:	c1038211          	sfpload	L4,132,0,7

00008450 <.LBB5676>:
    8450:	c0c38649          	sfpload	L3,402,0,7

00008454 <.LBB5682>:
    8454:	1004d042          	sfpmad	L1,L1,L3,L4,0

00008458 <.LBB5685>:
    8458:	c8438211          	sfpstore	L1,132,0,7

0000845c <.LBB5691>:
    845c:	142a800a          	sfpadd	L0,L10,L10,L0,2

00008460 <.LBB5694>:
    8460:	18082402          	sfpmul	L0,L2,L0,L9,0

00008464 <.LBB5697>:
    8464:	c8038311          	sfpstore	L0,196,0,7

00008468 <.LBE5476>:
    8468:	00078067          	jr	a5

0000846c <_ZN12_GLOBAL__N_1L16blend_chain_bodyILm1ELm2EEEvmPKNS_15BlendChainEntryE>:
    846c:	00455713          	srli	a4,a0,0x4

00008470 <.LBB6659>:
    8470:	60171793          	ctz	a5,a4
    8474:	01e7f793          	andi	a5,a5,30

00008478 <.LM533>:
    8478:	00f75733          	srl	a4,a4,a5

0000847c <.LM535>:
    847c:	00377713          	andi	a4,a4,3

00008480 <.LBE6659>:
    8480:	20e7a7b3          	sh1add	a5,a5,a4

00008484 <.LM537>:
    8484:	20b7c7b3          	sh2add	a5,a5,a1
    8488:	0207a783          	lw	a5,32(a5)

0000848c <.LBB6661>:
    848c:	c0838419          	sfpload	L2,262,0,7

00008490 <.LBB6670>:
    8490:	c0438519          	sfpload	L1,326,0,7

00008494 <.LBB6676>:
    8494:	c1038611          	sfpload	L4,388,0,7

00008498 <.LBB6682>:
    8498:	c0c38619          	sfpload	L3,390,0,7

0000849c <.LBB6688>:
    849c:	c0038621          	sfpload	L0,392,0,7

000084a0 <.LBB6694>:
    84a0:	c1838601          	sfpload	L6,384,0,7

000084a4 <.LBB6700>:
    84a4:	c1438609          	sfpload	L5,386,0,7

000084a8 <.LBB6706>:
    84a8:	1428988a          	sfpadd	L2,L10,L2,L6,2

000084ac <.LBB6709>:
    84ac:	1428544a          	sfpadd	L1,L10,L1,L5,2

000084b0 <.LBB6712>:
    84b0:	1808a542          	sfpmul	L5,L2,L2,L9,0

000084b4 <.LBB6715>:
    84b4:	18116502          	sfpmul	L4,L4,L5,L9,0

000084b8 <.LBB6718>:
    84b8:	18086482          	sfpmul	L2,L2,L1,L9,0

000084bc <.LBB6721>:
    84bc:	100c9082          	sfpmad	L2,L3,L2,L4,0

000084c0 <.LBB6724>:
    84c0:	18046442          	sfpmul	L1,L1,L1,L9,0

000084c4 <.LBB6727>:
    84c4:	10004802          	sfpmad	L0,L0,L1,L2,0
    84c8:	3c000002          	sfpnop

000084cc <.LBB6730>:
    84cc:	48002406          	sfpswap	L0,L9,1
    84d0:	3c000002          	sfpnop

000084d4 <.LBB6732>:
    84d4:	18032402          	sfpmul	L0,L0,L12,L9,0

000084d8 <.LBB6737>:
    84d8:	d50bf801          	sfpaddi	L0,17150,0
    84dc:	3c000002          	sfpnop

000084e0 <.LBB6740>:
    84e0:	48000246          	sfpswap	L9,L0,1
    84e4:	3c000002          	sfpnop

000084e8 <.LBB6742>:
    84e8:	dc000041          	sfpexexp	L1,L0,0

000084ec <.LBB6746>:
    84ec:	e0000001          	sfpexman	L0,L0,0

000084f0 <.LBB6748>:
    84f0:	e8000401          	sfpshft	L0,L1,0x000,0

000084f4 <.LBB6750>:
    84f4:	dc000045          	sfpexexp	L1,L0,1

000084f8 <.LBB6752>:
    84f8:	e0000005          	sfpexman	L0,L0,1

000084fc <.LBB6754>:
    84fc:	40000002          	sfpcast	L0,L0,0

00008500 <.LBB6756>:
    8500:	10037882          	sfpmad	L2,L0,L13,L14,0

00008504 <.LBB6759>:
    8504:	c0c38659          	sfpload	L3,406,0,7

00008508 <.LBB6765>:
    8508:	10008c02          	sfpmad	L0,L0,L2,L3,0

0000850c <.LBB6768>:
    850c:	08000042          	sfpsetexp	L1,L0,0x000,0

00008510 <.LBB6770>:
    8510:	c0038629          	sfpload	L0,394,0,7

00008514 <.LBB6776>:
    8514:	18006402          	sfpmul	L0,L0,L1,L9,0

00008518 <.LBB6779>:
    8518:	c0438661          	sfpload	L1,408,0,7

0000851c <.LBB6785>:
    851c:	48000406          	sfpswap	L0,L1,1
    8520:	3c000002          	sfpnop

00008524 <.LBB6787>:
    8524:	c0438631          	sfpload	L1,396,0,7

00008528 <.LBB6794>:
    8528:	1006c042          	sfpmad	L1,L1,L11,L0,0
    852c:	ec000401          	sfpsetcc	L1,0x000,0

00008530 <.LBB6798>:
    8530:	f0002401          	sfpmov	L0,L9,0

00008534 <.LBB6801>:
    8534:	2800c02a          	sfpencc	0x003,10

00008538 <.LBB6804>:
    8538:	c0838319          	sfpload	L2,198,0,7

0000853c <.LBB6810>:
    853c:	1800a442          	sfpmul	L1,L0,L2,L9,0

00008540 <.LBB6813>:
    8540:	c1038019          	sfpload	L4,6,0,7

00008544 <.LBB6819>:
    8544:	c0c38639          	sfpload	L3,398,0,7

00008548 <.LBB6825>:
    8548:	1004d0c2          	sfpmad	L3,L1,L3,L4,0

0000854c <.LBB6828>:
    854c:	c8c38019          	sfpstore	L3,6,0,7

00008550 <.LBB6834>:
    8550:	c1038119          	sfpload	L4,70,0,7

00008554 <.LBB6840>:
    8554:	c0c38641          	sfpload	L3,400,0,7

00008558 <.LBB6846>:
    8558:	1004d0c2          	sfpmad	L3,L1,L3,L4,0

0000855c <.LBB6849>:
    855c:	c8c38119          	sfpstore	L3,70,0,7

00008560 <.LBB6855>:
    8560:	c1038219          	sfpload	L4,134,0,7

00008564 <.LBB6861>:
    8564:	c0c38649          	sfpload	L3,402,0,7

00008568 <.LBB6867>:
    8568:	1004d042          	sfpmad	L1,L1,L3,L4,0

0000856c <.LBB6870>:
    856c:	c8438219          	sfpstore	L1,134,0,7

00008570 <.LBB6876>:
    8570:	142a800a          	sfpadd	L0,L10,L10,L0,2

00008574 <.LBB6879>:
    8574:	18082402          	sfpmul	L0,L2,L0,L9,0

00008578 <.LBB6882>:
    8578:	c8038319          	sfpstore	L0,198,0,7

0000857c <.LBE6661>:
    857c:	00078067          	jr	a5

00008580 <_ZN12_GLOBAL__N_1L16blend_chain_bodyILm1ELm3EEEvmPKNS_15BlendChainEntryE>:
    8580:	00455713          	srli	a4,a0,0x4

00008584 <.LBB8648>:
    8584:	60171793          	ctz	a5,a4
    8588:	01e7f793          	andi	a5,a5,30

0000858c <.LM644>:
    858c:	00f75733          	srl	a4,a4,a5

00008590 <.LM646>:
    8590:	00377713          	andi	a4,a4,3

00008594 <.LBE8648>:
    8594:	20e7a7b3          	sh1add	a5,a5,a4

00008598 <.LM648>:
    8598:	20b7c7b3          	sh2add	a5,a5,a1
    859c:	0207a783          	lw	a5,32(a5)

000085a0 <.LBB8650>:
    85a0:	c0038601          	sfpload	L0,384,0,7

000085a4 <.LBB8659>:
    85a4:	c1038609          	sfpload	L4,386,0,7

000085a8 <.LBB8665>:
    85a8:	c0838411          	sfpload	L2,260,0,7

000085ac <.LBB8671>:
    85ac:	1428808a          	sfpadd	L2,L10,L2,L0,2

000085b0 <.LBB8674>:
    85b0:	c0438419          	sfpload	L1,262,0,7

000085b4 <.LBB8680>:
    85b4:	1428404a          	sfpadd	L1,L10,L1,L0,2

000085b8 <.LBB8683>:
    85b8:	c0038511          	sfpload	L0,324,0,7

000085bc <.LBB8689>:
    85bc:	1428100a          	sfpadd	L0,L10,L0,L4,2

000085c0 <.LBB8692>:
    85c0:	c0c38519          	sfpload	L3,326,0,7

000085c4 <.LBB8698>:
    85c4:	1428d0ca          	sfpadd	L3,L10,L3,L4,2

000085c8 <.LBB8701>:
    85c8:	c1438611          	sfpload	L5,388,0,7

000085cc <.LBB8707>:
    85cc:	1808a582          	sfpmul	L6,L2,L2,L9,0

000085d0 <.LBB8710>:
    85d0:	1815a582          	sfpmul	L6,L5,L6,L9,0

000085d4 <.LBB8713>:
    85d4:	18046502          	sfpmul	L4,L1,L1,L9,0

000085d8 <.LBB8716>:
    85d8:	18152542          	sfpmul	L5,L5,L4,L9,0

000085dc <.LBB8719>:
    85dc:	c1038619          	sfpload	L4,390,0,7

000085e0 <.LBB8725>:
    85e0:	18082482          	sfpmul	L2,L2,L0,L9,0

000085e4 <.LBB8728>:
    85e4:	10109882          	sfpmad	L2,L4,L2,L6,0

000085e8 <.LBB8731>:
    85e8:	1804e442          	sfpmul	L1,L1,L3,L9,0

000085ec <.LBB8734>:
    85ec:	10105502          	sfpmad	L4,L4,L1,L5,0

000085f0 <.LBB8737>:
    85f0:	c0438621          	sfpload	L1,392,0,7

000085f4 <.LBB8743>:
    85f4:	18002402          	sfpmul	L0,L0,L0,L9,0

000085f8 <.LBB8746>:
    85f8:	10040802          	sfpmad	L0,L1,L0,L2,0

000085fc <.LBB8749>:
    85fc:	180ce4c2          	sfpmul	L3,L3,L3,L9,0

00008600 <.LBB8752>:
    8600:	1004d042          	sfpmad	L1,L1,L3,L4,0

00008604 <.LBB8755>:
    8604:	48002406          	sfpswap	L0,L9,1
    8608:	3c000002          	sfpnop

0000860c <.LBB8757>:
    860c:	48002446          	sfpswap	L1,L9,1
    8610:	3c000002          	sfpnop

00008614 <.LBB8759>:
    8614:	18032402          	sfpmul	L0,L0,L12,L9,0

00008618 <.LBB8764>:
    8618:	d50bf801          	sfpaddi	L0,17150,0
    861c:	3c000002          	sfpnop

00008620 <.LBB8767>:
    8620:	48000246          	sfpswap	L9,L0,1
    8624:	3c000002          	sfpnop

00008628 <.LBB8769>:
    8628:	dc000081          	sfpexexp	L2,L0,0

0000862c <.LBB8773>:
    862c:	e0000001          	sfpexman	L0,L0,0

00008630 <.LBB8775>:
    8630:	e8000801          	sfpshft	L0,L2,0x000,0

00008634 <.LBB8777>:
    8634:	dc000085          	sfpexexp	L2,L0,1

00008638 <.LBB8779>:
    8638:	1000014c          	ttreplay	0,5,1,1
    863c:	e0000005          	sfpexman	L0,L0,1

00008640 <.LBB8781>:
    8640:	40000002          	sfpcast	L0,L0,0

00008644 <.LBB8783>:
    8644:	100378c2          	sfpmad	L3,L0,L13,L14,0

00008648 <.LBB8786>:
    8648:	c1038659          	sfpload	L4,406,0,7

0000864c <.LBB8792>:
    864c:	1000d002          	sfpmad	L0,L0,L3,L4,0

00008650 <.LBB8795>:
    8650:	08000082          	sfpsetexp	L2,L0,0x000,0

00008654 <.LBB8797>:
    8654:	18072442          	sfpmul	L1,L1,L12,L9,0

00008658 <.LBB8802>:
    8658:	d50bf841          	sfpaddi	L1,17150,0
    865c:	3c000002          	sfpnop

00008660 <.LBB8805>:
    8660:	48000646          	sfpswap	L9,L1,1
    8664:	3c000002          	sfpnop

00008668 <.LBB8807>:
    8668:	dc0004c1          	sfpexexp	L3,L1,0

0000866c <.LBB8811>:
    866c:	e0000401          	sfpexman	L0,L1,0

00008670 <.LBB8813>:
    8670:	e8000c01          	sfpshft	L0,L3,0x000,0

00008674 <.LBB8815>:
    8674:	dc000045          	sfpexexp	L1,L0,1

00008678 <.LBB8817>:
    8678:	10000140          	ttreplay	0,5,0,0

0000867c <.LBB8820>:
    867c:	08000042          	sfpsetexp	L1,L0,0x000,0

00008680 <.LBB8822>:
    8680:	c0038629          	sfpload	L0,394,0,7

00008684 <.LBB8828>:
    8684:	1800a482          	sfpmul	L2,L0,L2,L9,0

00008688 <.LBB8831>:
    8688:	18006402          	sfpmul	L0,L0,L1,L9,0

0000868c <.LBB8834>:
    868c:	c0c38661          	sfpload	L3,408,0,7

00008690 <.LBB8840>:
    8690:	c0438661          	sfpload	L1,408,0,7

00008694 <.LBB8846>:
    8694:	48000c86          	sfpswap	L2,L3,1
    8698:	3c000002          	sfpnop

0000869c <.LBB8848>:
    869c:	48000406          	sfpswap	L0,L1,1
    86a0:	3c000002          	sfpnop

000086a4 <.LBB8850>:
    86a4:	c0438631          	sfpload	L1,396,0,7

000086a8 <.LBB8857>:
    86a8:	1006c842          	sfpmad	L1,L1,L11,L2,0
    86ac:	ec000401          	sfpsetcc	L1,0x000,0

000086b0 <.LBB8861>:
    86b0:	f0002481          	sfpmov	L2,L9,0

000086b4 <.LBB8864>:
    86b4:	2800c02a          	sfpencc	0x003,10

000086b8 <.LBB8867>:
    86b8:	c0438631          	sfpload	L1,396,0,7

000086bc <.LBB8874>:
    86bc:	1006c042          	sfpmad	L1,L1,L11,L0,0
    86c0:	ec000401          	sfpsetcc	L1,0x000,0

000086c4 <.LBB8878>:
    86c4:	f0002401          	sfpmov	L0,L9,0

000086c8 <.LBB8881>:
    86c8:	2800c02a          	sfpencc	0x003,10

000086cc <.LBB8884>:
    86cc:	c1438311          	sfpload	L5,196,0,7

000086d0 <.LBB8890>:
    86d0:	c1038319          	sfpload	L4,198,0,7

000086d4 <.LBB8896>:
    86d4:	180964c2          	sfpmul	L3,L2,L5,L9,0

000086d8 <.LBB8899>:
    86d8:	18012442          	sfpmul	L1,L0,L4,L9,0

000086dc <.LBB8902>:
    86dc:	c1838639          	sfpload	L6,398,0,7

000086e0 <.LBB8908>:
    86e0:	c1c38011          	sfpload	L7,4,0,7

000086e4 <.LBB8914>:
    86e4:	100d9dc2          	sfpmad	L7,L3,L6,L7,0

000086e8 <.LBB8917>:
    86e8:	c9c38011          	sfpstore	L7,4,0,7

000086ec <.LBB8923>:
    86ec:	c1c38019          	sfpload	L7,6,0,7

000086f0 <.LBB8929>:
    86f0:	10059d82          	sfpmad	L6,L1,L6,L7,0

000086f4 <.LBB8932>:
    86f4:	c9838019          	sfpstore	L6,6,0,7

000086f8 <.LBB8938>:
    86f8:	c1838641          	sfpload	L6,400,0,7

000086fc <.LBB8944>:
    86fc:	c1c38111          	sfpload	L7,68,0,7

00008700 <.LBB8950>:
    8700:	100d9dc2          	sfpmad	L7,L3,L6,L7,0

00008704 <.LBB8953>:
    8704:	c9c38111          	sfpstore	L7,68,0,7

00008708 <.LBB8959>:
    8708:	c1c38119          	sfpload	L7,70,0,7

0000870c <.LBB8965>:
    870c:	10059d82          	sfpmad	L6,L1,L6,L7,0

00008710 <.LBB8968>:
    8710:	c9838119          	sfpstore	L6,70,0,7

00008714 <.LBB8974>:
    8714:	c1838649          	sfpload	L6,402,0,7

00008718 <.LBB8980>:
    8718:	c1c38211          	sfpload	L7,132,0,7

0000871c <.LBB8986>:
    871c:	100d9cc2          	sfpmad	L3,L3,L6,L7,0

00008720 <.LBB8989>:
    8720:	c8c38211          	sfpstore	L3,132,0,7

00008724 <.LBB8995>:
    8724:	c0c38219          	sfpload	L3,134,0,7

00008728 <.LBB9001>:
    8728:	10058c42          	sfpmad	L1,L1,L6,L3,0

0000872c <.LBB9004>:
    872c:	c8438219          	sfpstore	L1,134,0,7

00008730 <.LBB9010>:
    8730:	142a888a          	sfpadd	L2,L10,L10,L2,2

00008734 <.LBB9013>:
    8734:	1814a542          	sfpmul	L5,L5,L2,L9,0

00008738 <.LBB9016>:
    8738:	c9438311          	sfpstore	L5,196,0,7

0000873c <.LBB9022>:
    873c:	142a800a          	sfpadd	L0,L10,L10,L0,2

00008740 <.LBB9025>:
    8740:	18102402          	sfpmul	L0,L4,L0,L9,0

00008744 <.LBB9028>:
    8744:	c8038319          	sfpstore	L0,198,0,7

00008748 <.LBE8650>:
    8748:	00078067          	jr	a5

0000874c <_ZN12_GLOBAL__N_1L16blend_chain_bodyILm2ELm1EEEvmPKNS_15BlendChainEntryE>:
    874c:	00655713          	srli	a4,a0,0x6

00008750 <.LBB9990>:
    8750:	60171793          	ctz	a5,a4
    8754:	01e7f793          	andi	a5,a5,30

00008758 <.LM835>:
    8758:	00f75733          	srl	a4,a4,a5

0000875c <.LM837>:
    875c:	00377713          	andi	a4,a4,3

00008760 <.LBE9990>:
    8760:	20e7a7b3          	sh1add	a5,a5,a4

00008764 <.LM839>:
    8764:	20b7c7b3          	sh2add	a5,a5,a1
    8768:	0307a783          	lw	a5,48(a5)

0000876c <.LBB9992>:
    876c:	c0838421          	sfpload	L2,264,0,7

00008770 <.LBB10001>:
    8770:	c0438521          	sfpload	L1,328,0,7

00008774 <.LBB10007>:
    8774:	c1038611          	sfpload	L4,388,0,7

00008778 <.LBB10013>:
    8778:	c0c38619          	sfpload	L3,390,0,7

0000877c <.LBB10019>:
    877c:	c0038621          	sfpload	L0,392,0,7

00008780 <.LBB10025>:
    8780:	c1838601          	sfpload	L6,384,0,7

00008784 <.LBB10031>:
    8784:	c1438609          	sfpload	L5,386,0,7

00008788 <.LBB10037>:
    8788:	1428988a          	sfpadd	L2,L10,L2,L6,2

0000878c <.LBB10040>:
    878c:	1428544a          	sfpadd	L1,L10,L1,L5,2

00008790 <.LBB10043>:
    8790:	1808a542          	sfpmul	L5,L2,L2,L9,0

00008794 <.LBB10046>:
    8794:	18116502          	sfpmul	L4,L4,L5,L9,0

00008798 <.LBB10049>:
    8798:	18086482          	sfpmul	L2,L2,L1,L9,0

0000879c <.LBB10052>:
    879c:	100c9082          	sfpmad	L2,L3,L2,L4,0

000087a0 <.LBB10055>:
    87a0:	18046442          	sfpmul	L1,L1,L1,L9,0

000087a4 <.LBB10058>:
    87a4:	10004802          	sfpmad	L0,L0,L1,L2,0
    87a8:	3c000002          	sfpnop

000087ac <.LBB10061>:
    87ac:	48002406          	sfpswap	L0,L9,1
    87b0:	3c000002          	sfpnop

000087b4 <.LBB10063>:
    87b4:	18032402          	sfpmul	L0,L0,L12,L9,0

000087b8 <.LBB10068>:
    87b8:	d50bf801          	sfpaddi	L0,17150,0
    87bc:	3c000002          	sfpnop

000087c0 <.LBB10071>:
    87c0:	48000246          	sfpswap	L9,L0,1
    87c4:	3c000002          	sfpnop

000087c8 <.LBB10073>:
    87c8:	dc000041          	sfpexexp	L1,L0,0

000087cc <.LBB10077>:
    87cc:	e0000001          	sfpexman	L0,L0,0

000087d0 <.LBB10079>:
    87d0:	e8000401          	sfpshft	L0,L1,0x000,0

000087d4 <.LBB10081>:
    87d4:	dc000045          	sfpexexp	L1,L0,1

000087d8 <.LBB10083>:
    87d8:	e0000005          	sfpexman	L0,L0,1

000087dc <.LBB10085>:
    87dc:	40000002          	sfpcast	L0,L0,0

000087e0 <.LBB10087>:
    87e0:	10037882          	sfpmad	L2,L0,L13,L14,0

000087e4 <.LBB10090>:
    87e4:	c0c38659          	sfpload	L3,406,0,7

000087e8 <.LBB10096>:
    87e8:	10008c02          	sfpmad	L0,L0,L2,L3,0

000087ec <.LBB10099>:
    87ec:	08000042          	sfpsetexp	L1,L0,0x000,0

000087f0 <.LBB10101>:
    87f0:	c0038629          	sfpload	L0,394,0,7

000087f4 <.LBB10107>:
    87f4:	18006402          	sfpmul	L0,L0,L1,L9,0

000087f8 <.LBB10110>:
    87f8:	c0438661          	sfpload	L1,408,0,7

000087fc <.LBB10116>:
    87fc:	48000406          	sfpswap	L0,L1,1
    8800:	3c000002          	sfpnop

00008804 <.LBB10118>:
    8804:	c0438631          	sfpload	L1,396,0,7

00008808 <.LBB10125>:
    8808:	1006c042          	sfpmad	L1,L1,L11,L0,0
    880c:	ec000401          	sfpsetcc	L1,0x000,0

00008810 <.LBB10129>:
    8810:	f0002401          	sfpmov	L0,L9,0

00008814 <.LBB10132>:
    8814:	2800c02a          	sfpencc	0x003,10

00008818 <.LBB10135>:
    8818:	c0838321          	sfpload	L2,200,0,7

0000881c <.LBB10141>:
    881c:	1800a442          	sfpmul	L1,L0,L2,L9,0

00008820 <.LBB10144>:
    8820:	c1038021          	sfpload	L4,8,0,7

00008824 <.LBB10150>:
    8824:	c0c38639          	sfpload	L3,398,0,7

00008828 <.LBB10156>:
    8828:	1004d0c2          	sfpmad	L3,L1,L3,L4,0

0000882c <.LBB10159>:
    882c:	c8c38021          	sfpstore	L3,8,0,7

00008830 <.LBB10165>:
    8830:	c1038121          	sfpload	L4,72,0,7

00008834 <.LBB10171>:
    8834:	c0c38641          	sfpload	L3,400,0,7

00008838 <.LBB10177>:
    8838:	1004d0c2          	sfpmad	L3,L1,L3,L4,0

0000883c <.LBB10180>:
    883c:	c8c38121          	sfpstore	L3,72,0,7

00008840 <.LBB10186>:
    8840:	c1038221          	sfpload	L4,136,0,7

00008844 <.LBB10192>:
    8844:	c0c38649          	sfpload	L3,402,0,7

00008848 <.LBB10198>:
    8848:	1004d042          	sfpmad	L1,L1,L3,L4,0

0000884c <.LBB10201>:
    884c:	c8438221          	sfpstore	L1,136,0,7

00008850 <.LBB10207>:
    8850:	142a800a          	sfpadd	L0,L10,L10,L0,2

00008854 <.LBB10210>:
    8854:	18082402          	sfpmul	L0,L2,L0,L9,0

00008858 <.LBB10213>:
    8858:	c8038321          	sfpstore	L0,200,0,7

0000885c <.LBE10213>:
    885c:	00078067          	jr	a5

00008860 <_ZN12_GLOBAL__N_1L16blend_chain_bodyILm2ELm2EEEvmPKNS_15BlendChainEntryE>:
    8860:	00655713          	srli	a4,a0,0x6

00008864 <.LBB11175>:
    8864:	60171793          	ctz	a5,a4
    8868:	01e7f793          	andi	a5,a5,30

0000886c <.LM946>:
    886c:	00f75733          	srl	a4,a4,a5

00008870 <.LM948>:
    8870:	00377713          	andi	a4,a4,3

00008874 <.LBE11175>:
    8874:	20e7a7b3          	sh1add	a5,a5,a4

00008878 <.LM950>:
    8878:	20b7c7b3          	sh2add	a5,a5,a1
    887c:	0307a783          	lw	a5,48(a5)

00008880 <.LBB11177>:
    8880:	c0838429          	sfpload	L2,266,0,7

00008884 <.LBB11186>:
    8884:	c0438529          	sfpload	L1,330,0,7

00008888 <.LBB11192>:
    8888:	c1038611          	sfpload	L4,388,0,7

0000888c <.LBB11198>:
    888c:	c0c38619          	sfpload	L3,390,0,7

00008890 <.LBB11204>:
    8890:	c0038621          	sfpload	L0,392,0,7

00008894 <.LBB11210>:
    8894:	c1838601          	sfpload	L6,384,0,7

00008898 <.LBB11216>:
    8898:	c1438609          	sfpload	L5,386,0,7

0000889c <.LBB11222>:
    889c:	1428988a          	sfpadd	L2,L10,L2,L6,2

000088a0 <.LBB11225>:
    88a0:	1428544a          	sfpadd	L1,L10,L1,L5,2

000088a4 <.LBB11228>:
    88a4:	1808a542          	sfpmul	L5,L2,L2,L9,0

000088a8 <.LBB11231>:
    88a8:	18116502          	sfpmul	L4,L4,L5,L9,0

000088ac <.LBB11234>:
    88ac:	18086482          	sfpmul	L2,L2,L1,L9,0

000088b0 <.LBB11237>:
    88b0:	100c9082          	sfpmad	L2,L3,L2,L4,0

000088b4 <.LBB11240>:
    88b4:	18046442          	sfpmul	L1,L1,L1,L9,0

000088b8 <.LBB11243>:
    88b8:	10004802          	sfpmad	L0,L0,L1,L2,0
    88bc:	3c000002          	sfpnop

000088c0 <.LBB11246>:
    88c0:	48002406          	sfpswap	L0,L9,1
    88c4:	3c000002          	sfpnop

000088c8 <.LBB11248>:
    88c8:	18032402          	sfpmul	L0,L0,L12,L9,0

000088cc <.LBB11253>:
    88cc:	d50bf801          	sfpaddi	L0,17150,0
    88d0:	3c000002          	sfpnop

000088d4 <.LBB11256>:
    88d4:	48000246          	sfpswap	L9,L0,1
    88d8:	3c000002          	sfpnop

000088dc <.LBB11258>:
    88dc:	dc000041          	sfpexexp	L1,L0,0

000088e0 <.LBB11262>:
    88e0:	e0000001          	sfpexman	L0,L0,0

000088e4 <.LBB11264>:
    88e4:	e8000401          	sfpshft	L0,L1,0x000,0

000088e8 <.LBB11266>:
    88e8:	dc000045          	sfpexexp	L1,L0,1

000088ec <.LBB11268>:
    88ec:	e0000005          	sfpexman	L0,L0,1

000088f0 <.LBB11270>:
    88f0:	40000002          	sfpcast	L0,L0,0

000088f4 <.LBB11272>:
    88f4:	10037882          	sfpmad	L2,L0,L13,L14,0

000088f8 <.LBB11275>:
    88f8:	c0c38659          	sfpload	L3,406,0,7

000088fc <.LBB11281>:
    88fc:	10008c02          	sfpmad	L0,L0,L2,L3,0

00008900 <.LBB11284>:
    8900:	08000042          	sfpsetexp	L1,L0,0x000,0

00008904 <.LBB11286>:
    8904:	c0038629          	sfpload	L0,394,0,7

00008908 <.LBB11292>:
    8908:	18006402          	sfpmul	L0,L0,L1,L9,0

0000890c <.LBB11295>:
    890c:	c0438661          	sfpload	L1,408,0,7

00008910 <.LBB11301>:
    8910:	48000406          	sfpswap	L0,L1,1
    8914:	3c000002          	sfpnop

00008918 <.LBB11303>:
    8918:	c0438631          	sfpload	L1,396,0,7

0000891c <.LBB11310>:
    891c:	1006c042          	sfpmad	L1,L1,L11,L0,0
    8920:	ec000401          	sfpsetcc	L1,0x000,0

00008924 <.LBB11314>:
    8924:	f0002401          	sfpmov	L0,L9,0

00008928 <.LBB11317>:
    8928:	2800c02a          	sfpencc	0x003,10

0000892c <.LBB11320>:
    892c:	c0838329          	sfpload	L2,202,0,7

00008930 <.LBB11326>:
    8930:	1800a442          	sfpmul	L1,L0,L2,L9,0

00008934 <.LBB11329>:
    8934:	c1038029          	sfpload	L4,10,0,7

00008938 <.LBB11335>:
    8938:	c0c38639          	sfpload	L3,398,0,7

0000893c <.LBB11341>:
    893c:	1004d0c2          	sfpmad	L3,L1,L3,L4,0

00008940 <.LBB11344>:
    8940:	c8c38029          	sfpstore	L3,10,0,7

00008944 <.LBB11350>:
    8944:	c1038129          	sfpload	L4,74,0,7

00008948 <.LBB11356>:
    8948:	c0c38641          	sfpload	L3,400,0,7

0000894c <.LBB11362>:
    894c:	1004d0c2          	sfpmad	L3,L1,L3,L4,0

00008950 <.LBB11365>:
    8950:	c8c38129          	sfpstore	L3,74,0,7

00008954 <.LBB11371>:
    8954:	c1038229          	sfpload	L4,138,0,7

00008958 <.LBB11377>:
    8958:	c0c38649          	sfpload	L3,402,0,7

0000895c <.LBB11383>:
    895c:	1004d042          	sfpmad	L1,L1,L3,L4,0

00008960 <.LBB11386>:
    8960:	c8438229          	sfpstore	L1,138,0,7

00008964 <.LBB11392>:
    8964:	142a800a          	sfpadd	L0,L10,L10,L0,2

00008968 <.LBB11395>:
    8968:	18082402          	sfpmul	L0,L2,L0,L9,0

0000896c <.LBB11398>:
    896c:	c8038329          	sfpstore	L0,202,0,7

00008970 <.LBE11177>:
    8970:	00078067          	jr	a5

00008974 <_ZN12_GLOBAL__N_1L16blend_chain_bodyILm2ELm3EEEvmPKNS_15BlendChainEntryE>:
    8974:	00655713          	srli	a4,a0,0x6

00008978 <.LBB13164>:
    8978:	60171793          	ctz	a5,a4
    897c:	01e7f793          	andi	a5,a5,30

00008980 <.LM1057>:
    8980:	00f75733          	srl	a4,a4,a5

00008984 <.LM1059>:
    8984:	00377713          	andi	a4,a4,3

00008988 <.LBE13164>:
    8988:	20e7a7b3          	sh1add	a5,a5,a4

0000898c <.LM1061>:
    898c:	20b7c7b3          	sh2add	a5,a5,a1
    8990:	0307a783          	lw	a5,48(a5)

00008994 <.LBB13166>:
    8994:	c0038601          	sfpload	L0,384,0,7

00008998 <.LBB13175>:
    8998:	c1038609          	sfpload	L4,386,0,7

0000899c <.LBB13181>:
    899c:	c0838421          	sfpload	L2,264,0,7

000089a0 <.LBB13187>:
    89a0:	1428808a          	sfpadd	L2,L10,L2,L0,2

000089a4 <.LBB13190>:
    89a4:	c0438429          	sfpload	L1,266,0,7

000089a8 <.LBB13196>:
    89a8:	1428404a          	sfpadd	L1,L10,L1,L0,2

000089ac <.LBB13199>:
    89ac:	c0038521          	sfpload	L0,328,0,7

000089b0 <.LBB13205>:
    89b0:	1428100a          	sfpadd	L0,L10,L0,L4,2

000089b4 <.LBB13208>:
    89b4:	c0c38529          	sfpload	L3,330,0,7

000089b8 <.LBB13214>:
    89b8:	1428d0ca          	sfpadd	L3,L10,L3,L4,2

000089bc <.LBB13217>:
    89bc:	c1438611          	sfpload	L5,388,0,7

000089c0 <.LBB13223>:
    89c0:	1808a582          	sfpmul	L6,L2,L2,L9,0

000089c4 <.LBB13226>:
    89c4:	1815a582          	sfpmul	L6,L5,L6,L9,0

000089c8 <.LBB13229>:
    89c8:	18046502          	sfpmul	L4,L1,L1,L9,0

000089cc <.LBB13232>:
    89cc:	18152542          	sfpmul	L5,L5,L4,L9,0

000089d0 <.LBB13235>:
    89d0:	c1038619          	sfpload	L4,390,0,7

000089d4 <.LBB13241>:
    89d4:	18082482          	sfpmul	L2,L2,L0,L9,0

000089d8 <.LBB13244>:
    89d8:	10109882          	sfpmad	L2,L4,L2,L6,0

000089dc <.LBB13247>:
    89dc:	1804e442          	sfpmul	L1,L1,L3,L9,0

000089e0 <.LBB13250>:
    89e0:	10105502          	sfpmad	L4,L4,L1,L5,0

000089e4 <.LBB13253>:
    89e4:	c0438621          	sfpload	L1,392,0,7

000089e8 <.LBB13259>:
    89e8:	18002402          	sfpmul	L0,L0,L0,L9,0

000089ec <.LBB13262>:
    89ec:	10040802          	sfpmad	L0,L1,L0,L2,0

000089f0 <.LBB13265>:
    89f0:	180ce4c2          	sfpmul	L3,L3,L3,L9,0

000089f4 <.LBB13268>:
    89f4:	1004d042          	sfpmad	L1,L1,L3,L4,0

000089f8 <.LBB13271>:
    89f8:	48002406          	sfpswap	L0,L9,1
    89fc:	3c000002          	sfpnop

00008a00 <.LBB13273>:
    8a00:	48002446          	sfpswap	L1,L9,1
    8a04:	3c000002          	sfpnop

00008a08 <.LBB13275>:
    8a08:	18032402          	sfpmul	L0,L0,L12,L9,0

00008a0c <.LBB13280>:
    8a0c:	d50bf801          	sfpaddi	L0,17150,0
    8a10:	3c000002          	sfpnop

00008a14 <.LBB13283>:
    8a14:	48000246          	sfpswap	L9,L0,1
    8a18:	3c000002          	sfpnop

00008a1c <.LBB13285>:
    8a1c:	dc000081          	sfpexexp	L2,L0,0

00008a20 <.LBB13289>:
    8a20:	e0000001          	sfpexman	L0,L0,0

00008a24 <.LBB13291>:
    8a24:	e8000801          	sfpshft	L0,L2,0x000,0

00008a28 <.LBB13293>:
    8a28:	dc000085          	sfpexexp	L2,L0,1

00008a2c <.LBB13295>:
    8a2c:	1000014c          	ttreplay	0,5,1,1
    8a30:	e0000005          	sfpexman	L0,L0,1

00008a34 <.LBB13297>:
    8a34:	40000002          	sfpcast	L0,L0,0

00008a38 <.LBB13299>:
    8a38:	100378c2          	sfpmad	L3,L0,L13,L14,0

00008a3c <.LBB13302>:
    8a3c:	c1038659          	sfpload	L4,406,0,7

00008a40 <.LBB13308>:
    8a40:	1000d002          	sfpmad	L0,L0,L3,L4,0

00008a44 <.LBB13311>:
    8a44:	08000082          	sfpsetexp	L2,L0,0x000,0

00008a48 <.LBB13313>:
    8a48:	18072442          	sfpmul	L1,L1,L12,L9,0

00008a4c <.LBB13318>:
    8a4c:	d50bf841          	sfpaddi	L1,17150,0
    8a50:	3c000002          	sfpnop

00008a54 <.LBB13321>:
    8a54:	48000646          	sfpswap	L9,L1,1
    8a58:	3c000002          	sfpnop

00008a5c <.LBB13323>:
    8a5c:	dc0004c1          	sfpexexp	L3,L1,0

00008a60 <.LBB13327>:
    8a60:	e0000401          	sfpexman	L0,L1,0

00008a64 <.LBB13329>:
    8a64:	e8000c01          	sfpshft	L0,L3,0x000,0

00008a68 <.LBB13331>:
    8a68:	dc000045          	sfpexexp	L1,L0,1

00008a6c <.LBB13333>:
    8a6c:	10000140          	ttreplay	0,5,0,0

00008a70 <.LBB13336>:
    8a70:	08000042          	sfpsetexp	L1,L0,0x000,0

00008a74 <.LBB13338>:
    8a74:	c0038629          	sfpload	L0,394,0,7

00008a78 <.LBB13344>:
    8a78:	1800a482          	sfpmul	L2,L0,L2,L9,0

00008a7c <.LBB13347>:
    8a7c:	18006402          	sfpmul	L0,L0,L1,L9,0

00008a80 <.LBB13350>:
    8a80:	c0c38661          	sfpload	L3,408,0,7

00008a84 <.LBB13356>:
    8a84:	c0438661          	sfpload	L1,408,0,7

00008a88 <.LBB13362>:
    8a88:	48000c86          	sfpswap	L2,L3,1
    8a8c:	3c000002          	sfpnop

00008a90 <.LBB13364>:
    8a90:	48000406          	sfpswap	L0,L1,1
    8a94:	3c000002          	sfpnop

00008a98 <.LBB13366>:
    8a98:	c0438631          	sfpload	L1,396,0,7

00008a9c <.LBB13373>:
    8a9c:	1006c842          	sfpmad	L1,L1,L11,L2,0
    8aa0:	ec000401          	sfpsetcc	L1,0x000,0

00008aa4 <.LBB13377>:
    8aa4:	f0002481          	sfpmov	L2,L9,0

00008aa8 <.LBB13380>:
    8aa8:	2800c02a          	sfpencc	0x003,10

00008aac <.LBB13383>:
    8aac:	c0438631          	sfpload	L1,396,0,7

00008ab0 <.LBB13390>:
    8ab0:	1006c042          	sfpmad	L1,L1,L11,L0,0
    8ab4:	ec000401          	sfpsetcc	L1,0x000,0

00008ab8 <.LBB13394>:
    8ab8:	f0002401          	sfpmov	L0,L9,0

00008abc <.LBB13397>:
    8abc:	2800c02a          	sfpencc	0x003,10

00008ac0 <.LBB13400>:
    8ac0:	c1438321          	sfpload	L5,200,0,7

00008ac4 <.LBB13406>:
    8ac4:	c1038329          	sfpload	L4,202,0,7

00008ac8 <.LBB13412>:
    8ac8:	180964c2          	sfpmul	L3,L2,L5,L9,0

00008acc <.LBB13415>:
    8acc:	18012442          	sfpmul	L1,L0,L4,L9,0

00008ad0 <.LBB13418>:
    8ad0:	c1838639          	sfpload	L6,398,0,7

00008ad4 <.LBB13424>:
    8ad4:	c1c38021          	sfpload	L7,8,0,7

00008ad8 <.LBB13430>:
    8ad8:	100d9dc2          	sfpmad	L7,L3,L6,L7,0

00008adc <.LBB13433>:
    8adc:	c9c38021          	sfpstore	L7,8,0,7

00008ae0 <.LBB13439>:
    8ae0:	c1c38029          	sfpload	L7,10,0,7

00008ae4 <.LBB13445>:
    8ae4:	10059d82          	sfpmad	L6,L1,L6,L7,0

00008ae8 <.LBB13448>:
    8ae8:	c9838029          	sfpstore	L6,10,0,7

00008aec <.LBB13454>:
    8aec:	c1838641          	sfpload	L6,400,0,7

00008af0 <.LBB13460>:
    8af0:	c1c38121          	sfpload	L7,72,0,7

00008af4 <.LBB13466>:
    8af4:	100d9dc2          	sfpmad	L7,L3,L6,L7,0

00008af8 <.LBB13469>:
    8af8:	c9c38121          	sfpstore	L7,72,0,7

00008afc <.LBB13475>:
    8afc:	c1c38129          	sfpload	L7,74,0,7

00008b00 <.LBB13481>:
    8b00:	10059d82          	sfpmad	L6,L1,L6,L7,0

00008b04 <.LBB13484>:
    8b04:	c9838129          	sfpstore	L6,74,0,7

00008b08 <.LBB13490>:
    8b08:	c1838649          	sfpload	L6,402,0,7

00008b0c <.LBB13496>:
    8b0c:	c1c38221          	sfpload	L7,136,0,7

00008b10 <.LBB13502>:
    8b10:	100d9cc2          	sfpmad	L3,L3,L6,L7,0

00008b14 <.LBB13505>:
    8b14:	c8c38221          	sfpstore	L3,136,0,7

00008b18 <.LBB13511>:
    8b18:	c0c38229          	sfpload	L3,138,0,7

00008b1c <.LBB13517>:
    8b1c:	10058c42          	sfpmad	L1,L1,L6,L3,0

00008b20 <.LBB13520>:
    8b20:	c8438229          	sfpstore	L1,138,0,7

00008b24 <.LBB13526>:
    8b24:	142a888a          	sfpadd	L2,L10,L10,L2,2

00008b28 <.LBB13529>:
    8b28:	1814a542          	sfpmul	L5,L5,L2,L9,0

00008b2c <.LBB13532>:
    8b2c:	c9438321          	sfpstore	L5,200,0,7

00008b30 <.LBB13538>:
    8b30:	142a800a          	sfpadd	L0,L10,L10,L0,2

00008b34 <.LBB13541>:
    8b34:	18102402          	sfpmul	L0,L4,L0,L9,0

00008b38 <.LBB13544>:
    8b38:	c8038329          	sfpstore	L0,202,0,7

00008b3c <.LBE13166>:
    8b3c:	00078067          	jr	a5

00008b40 <_ZN12_GLOBAL__N_1L16blend_chain_bodyILm3ELm1EEEvmPKNS_15BlendChainEntryE>:
    8b40:	00855713          	srli	a4,a0,0x8

00008b44 <.LBB14506>:
    8b44:	60171793          	ctz	a5,a4
    8b48:	01e7f793          	andi	a5,a5,30

00008b4c <.LM1248>:
    8b4c:	00f75733          	srl	a4,a4,a5

00008b50 <.LM1250>:
    8b50:	00377713          	andi	a4,a4,3

00008b54 <.LBE14506>:
    8b54:	20e7a7b3          	sh1add	a5,a5,a4

00008b58 <.LM1252>:
    8b58:	20b7c7b3          	sh2add	a5,a5,a1
    8b5c:	0407a783          	lw	a5,64(a5)

00008b60 <.LBB14508>:
    8b60:	c0838431          	sfpload	L2,268,0,7

00008b64 <.LBB14517>:
    8b64:	c0438531          	sfpload	L1,332,0,7

00008b68 <.LBB14523>:
    8b68:	c1038611          	sfpload	L4,388,0,7

00008b6c <.LBB14529>:
    8b6c:	c0c38619          	sfpload	L3,390,0,7

00008b70 <.LBB14535>:
    8b70:	c0038621          	sfpload	L0,392,0,7

00008b74 <.LBB14541>:
    8b74:	c1838601          	sfpload	L6,384,0,7

00008b78 <.LBB14547>:
    8b78:	c1438609          	sfpload	L5,386,0,7

00008b7c <.LBB14553>:
    8b7c:	1428988a          	sfpadd	L2,L10,L2,L6,2

00008b80 <.LBB14556>:
    8b80:	1428544a          	sfpadd	L1,L10,L1,L5,2

00008b84 <.LBB14559>:
    8b84:	1808a542          	sfpmul	L5,L2,L2,L9,0

00008b88 <.LBB14562>:
    8b88:	18116502          	sfpmul	L4,L4,L5,L9,0

00008b8c <.LBB14565>:
    8b8c:	18086482          	sfpmul	L2,L2,L1,L9,0

00008b90 <.LBB14568>:
    8b90:	100c9082          	sfpmad	L2,L3,L2,L4,0

00008b94 <.LBB14571>:
    8b94:	18046442          	sfpmul	L1,L1,L1,L9,0

00008b98 <.LBB14574>:
    8b98:	10004802          	sfpmad	L0,L0,L1,L2,0
    8b9c:	3c000002          	sfpnop

00008ba0 <.LBB14577>:
    8ba0:	48002406          	sfpswap	L0,L9,1
    8ba4:	3c000002          	sfpnop

00008ba8 <.LBB14579>:
    8ba8:	18032402          	sfpmul	L0,L0,L12,L9,0

00008bac <.LBB14584>:
    8bac:	d50bf801          	sfpaddi	L0,17150,0
    8bb0:	3c000002          	sfpnop

00008bb4 <.LBB14587>:
    8bb4:	48000246          	sfpswap	L9,L0,1
    8bb8:	3c000002          	sfpnop

00008bbc <.LBB14589>:
    8bbc:	dc000041          	sfpexexp	L1,L0,0

00008bc0 <.LBB14593>:
    8bc0:	e0000001          	sfpexman	L0,L0,0

00008bc4 <.LBB14595>:
    8bc4:	e8000401          	sfpshft	L0,L1,0x000,0

00008bc8 <.LBB14597>:
    8bc8:	dc000045          	sfpexexp	L1,L0,1

00008bcc <.LBB14599>:
    8bcc:	e0000005          	sfpexman	L0,L0,1

00008bd0 <.LBB14601>:
    8bd0:	40000002          	sfpcast	L0,L0,0

00008bd4 <.LBB14603>:
    8bd4:	10037882          	sfpmad	L2,L0,L13,L14,0

00008bd8 <.LBB14606>:
    8bd8:	c0c38659          	sfpload	L3,406,0,7

00008bdc <.LBB14612>:
    8bdc:	10008c02          	sfpmad	L0,L0,L2,L3,0

00008be0 <.LBB14615>:
    8be0:	08000042          	sfpsetexp	L1,L0,0x000,0

00008be4 <.LBB14617>:
    8be4:	c0038629          	sfpload	L0,394,0,7

00008be8 <.LBB14623>:
    8be8:	18006402          	sfpmul	L0,L0,L1,L9,0

00008bec <.LBB14626>:
    8bec:	c0438661          	sfpload	L1,408,0,7

00008bf0 <.LBB14632>:
    8bf0:	48000406          	sfpswap	L0,L1,1
    8bf4:	3c000002          	sfpnop

00008bf8 <.LBB14634>:
    8bf8:	c0438631          	sfpload	L1,396,0,7

00008bfc <.LBB14641>:
    8bfc:	1006c042          	sfpmad	L1,L1,L11,L0,0
    8c00:	ec000401          	sfpsetcc	L1,0x000,0

00008c04 <.LBB14645>:
    8c04:	f0002401          	sfpmov	L0,L9,0

00008c08 <.LBB14648>:
    8c08:	2800c02a          	sfpencc	0x003,10

00008c0c <.LBB14651>:
    8c0c:	c0838331          	sfpload	L2,204,0,7

00008c10 <.LBB14657>:
    8c10:	1800a442          	sfpmul	L1,L0,L2,L9,0

00008c14 <.LBB14660>:
    8c14:	c1038031          	sfpload	L4,12,0,7

00008c18 <.LBB14666>:
    8c18:	c0c38639          	sfpload	L3,398,0,7

00008c1c <.LBB14672>:
    8c1c:	1004d0c2          	sfpmad	L3,L1,L3,L4,0

00008c20 <.LBB14675>:
    8c20:	c8c38031          	sfpstore	L3,12,0,7

00008c24 <.LBB14681>:
    8c24:	c1038131          	sfpload	L4,76,0,7

00008c28 <.LBB14687>:
    8c28:	c0c38641          	sfpload	L3,400,0,7

00008c2c <.LBB14693>:
    8c2c:	1004d0c2          	sfpmad	L3,L1,L3,L4,0

00008c30 <.LBB14696>:
    8c30:	c8c38131          	sfpstore	L3,76,0,7

00008c34 <.LBB14702>:
    8c34:	c1038231          	sfpload	L4,140,0,7

00008c38 <.LBB14708>:
    8c38:	c0c38649          	sfpload	L3,402,0,7

00008c3c <.LBB14714>:
    8c3c:	1004d042          	sfpmad	L1,L1,L3,L4,0

00008c40 <.LBB14717>:
    8c40:	c8438231          	sfpstore	L1,140,0,7

00008c44 <.LBB14723>:
    8c44:	142a800a          	sfpadd	L0,L10,L10,L0,2

00008c48 <.LBB14726>:
    8c48:	18082402          	sfpmul	L0,L2,L0,L9,0

00008c4c <.LBB14729>:
    8c4c:	c8038331          	sfpstore	L0,204,0,7

00008c50 <.LBE14508>:
    8c50:	00078067          	jr	a5

00008c54 <_ZN12_GLOBAL__N_1L16blend_chain_bodyILm3ELm2EEEvmPKNS_15BlendChainEntryE>:
    8c54:	00855713          	srli	a4,a0,0x8

00008c58 <.LBB15691>:
    8c58:	60171793          	ctz	a5,a4
    8c5c:	01e7f793          	andi	a5,a5,30

00008c60 <.LM1359>:
    8c60:	00f75733          	srl	a4,a4,a5

00008c64 <.LM1361>:
    8c64:	00377713          	andi	a4,a4,3

00008c68 <.LBE15691>:
    8c68:	20e7a7b3          	sh1add	a5,a5,a4

00008c6c <.LM1363>:
    8c6c:	20b7c7b3          	sh2add	a5,a5,a1
    8c70:	0407a783          	lw	a5,64(a5)

00008c74 <.LBB15693>:
    8c74:	c0838439          	sfpload	L2,270,0,7

00008c78 <.LBB15702>:
    8c78:	c0438539          	sfpload	L1,334,0,7

00008c7c <.LBB15708>:
    8c7c:	c1038611          	sfpload	L4,388,0,7

00008c80 <.LBB15714>:
    8c80:	c0c38619          	sfpload	L3,390,0,7

00008c84 <.LBB15720>:
    8c84:	c0038621          	sfpload	L0,392,0,7

00008c88 <.LBB15726>:
    8c88:	c1838601          	sfpload	L6,384,0,7

00008c8c <.LBB15732>:
    8c8c:	c1438609          	sfpload	L5,386,0,7

00008c90 <.LBB15738>:
    8c90:	1428988a          	sfpadd	L2,L10,L2,L6,2

00008c94 <.LBB15741>:
    8c94:	1428544a          	sfpadd	L1,L10,L1,L5,2

00008c98 <.LBB15744>:
    8c98:	1808a542          	sfpmul	L5,L2,L2,L9,0

00008c9c <.LBB15747>:
    8c9c:	18116502          	sfpmul	L4,L4,L5,L9,0

00008ca0 <.LBB15750>:
    8ca0:	18086482          	sfpmul	L2,L2,L1,L9,0

00008ca4 <.LBB15753>:
    8ca4:	100c9082          	sfpmad	L2,L3,L2,L4,0

00008ca8 <.LBB15756>:
    8ca8:	18046442          	sfpmul	L1,L1,L1,L9,0

00008cac <.LBB15759>:
    8cac:	10004802          	sfpmad	L0,L0,L1,L2,0
    8cb0:	3c000002          	sfpnop

00008cb4 <.LBB15762>:
    8cb4:	48002406          	sfpswap	L0,L9,1
    8cb8:	3c000002          	sfpnop

00008cbc <.LBB15764>:
    8cbc:	18032402          	sfpmul	L0,L0,L12,L9,0

00008cc0 <.LBB15769>:
    8cc0:	d50bf801          	sfpaddi	L0,17150,0
    8cc4:	3c000002          	sfpnop

00008cc8 <.LBB15772>:
    8cc8:	48000246          	sfpswap	L9,L0,1
    8ccc:	3c000002          	sfpnop

00008cd0 <.LBB15774>:
    8cd0:	dc000041          	sfpexexp	L1,L0,0

00008cd4 <.LBB15778>:
    8cd4:	e0000001          	sfpexman	L0,L0,0

00008cd8 <.LBB15780>:
    8cd8:	e8000401          	sfpshft	L0,L1,0x000,0

00008cdc <.LBB15782>:
    8cdc:	dc000045          	sfpexexp	L1,L0,1

00008ce0 <.LBB15784>:
    8ce0:	e0000005          	sfpexman	L0,L0,1

00008ce4 <.LBB15786>:
    8ce4:	40000002          	sfpcast	L0,L0,0

00008ce8 <.LBB15788>:
    8ce8:	10037882          	sfpmad	L2,L0,L13,L14,0

00008cec <.LBB15791>:
    8cec:	c0c38659          	sfpload	L3,406,0,7

00008cf0 <.LBB15797>:
    8cf0:	10008c02          	sfpmad	L0,L0,L2,L3,0

00008cf4 <.LBB15800>:
    8cf4:	08000042          	sfpsetexp	L1,L0,0x000,0

00008cf8 <.LBB15802>:
    8cf8:	c0038629          	sfpload	L0,394,0,7

00008cfc <.LBB15808>:
    8cfc:	18006402          	sfpmul	L0,L0,L1,L9,0

00008d00 <.LBB15811>:
    8d00:	c0438661          	sfpload	L1,408,0,7

00008d04 <.LBB15817>:
    8d04:	48000406          	sfpswap	L0,L1,1
    8d08:	3c000002          	sfpnop

00008d0c <.LBB15819>:
    8d0c:	c0438631          	sfpload	L1,396,0,7

00008d10 <.LBB15826>:
    8d10:	1006c042          	sfpmad	L1,L1,L11,L0,0
    8d14:	ec000401          	sfpsetcc	L1,0x000,0

00008d18 <.LBB15830>:
    8d18:	f0002401          	sfpmov	L0,L9,0

00008d1c <.LBB15833>:
    8d1c:	2800c02a          	sfpencc	0x003,10

00008d20 <.LBB15836>:
    8d20:	c0838339          	sfpload	L2,206,0,7

00008d24 <.LBB15842>:
    8d24:	1800a442          	sfpmul	L1,L0,L2,L9,0

00008d28 <.LBB15845>:
    8d28:	c1038039          	sfpload	L4,14,0,7

00008d2c <.LBB15851>:
    8d2c:	c0c38639          	sfpload	L3,398,0,7

00008d30 <.LBB15857>:
    8d30:	1004d0c2          	sfpmad	L3,L1,L3,L4,0

00008d34 <.LBB15860>:
    8d34:	c8c38039          	sfpstore	L3,14,0,7

00008d38 <.LBB15866>:
    8d38:	c1038139          	sfpload	L4,78,0,7

00008d3c <.LBB15872>:
    8d3c:	c0c38641          	sfpload	L3,400,0,7

00008d40 <.LBB15878>:
    8d40:	1004d0c2          	sfpmad	L3,L1,L3,L4,0

00008d44 <.LBB15881>:
    8d44:	c8c38139          	sfpstore	L3,78,0,7

00008d48 <.LBB15887>:
    8d48:	c1038239          	sfpload	L4,142,0,7

00008d4c <.LBB15893>:
    8d4c:	c0c38649          	sfpload	L3,402,0,7

00008d50 <.LBB15899>:
    8d50:	1004d042          	sfpmad	L1,L1,L3,L4,0

00008d54 <.LBB15902>:
    8d54:	c8438239          	sfpstore	L1,142,0,7

00008d58 <.LBB15908>:
    8d58:	142a800a          	sfpadd	L0,L10,L10,L0,2

00008d5c <.LBB15911>:
    8d5c:	18082402          	sfpmul	L0,L2,L0,L9,0

00008d60 <.LBB15914>:
    8d60:	c8038339          	sfpstore	L0,206,0,7

00008d64 <.LBE15693>:
    8d64:	00078067          	jr	a5

00008d68 <_ZN12_GLOBAL__N_1L16blend_chain_bodyILm3ELm3EEEvmPKNS_15BlendChainEntryE>:
    8d68:	00855713          	srli	a4,a0,0x8

00008d6c <.LBB17680>:
    8d6c:	60171793          	ctz	a5,a4
    8d70:	01e7f793          	andi	a5,a5,30

00008d74 <.LM1470>:
    8d74:	00f75733          	srl	a4,a4,a5

00008d78 <.LM1472>:
    8d78:	00377713          	andi	a4,a4,3

00008d7c <.LBE17680>:
    8d7c:	20e7a7b3          	sh1add	a5,a5,a4

00008d80 <.LM1474>:
    8d80:	20b7c7b3          	sh2add	a5,a5,a1
    8d84:	0407a783          	lw	a5,64(a5)

00008d88 <.LBB17682>:
    8d88:	c0038601          	sfpload	L0,384,0,7

00008d8c <.LBB17691>:
    8d8c:	c1038609          	sfpload	L4,386,0,7

00008d90 <.LBB17697>:
    8d90:	c0838431          	sfpload	L2,268,0,7

00008d94 <.LBB17703>:
    8d94:	1428808a          	sfpadd	L2,L10,L2,L0,2

00008d98 <.LBB17706>:
    8d98:	c0438439          	sfpload	L1,270,0,7

00008d9c <.LBB17712>:
    8d9c:	1428404a          	sfpadd	L1,L10,L1,L0,2

00008da0 <.LBB17715>:
    8da0:	c0038531          	sfpload	L0,332,0,7

00008da4 <.LBB17721>:
    8da4:	1428100a          	sfpadd	L0,L10,L0,L4,2

00008da8 <.LBB17724>:
    8da8:	c0c38539          	sfpload	L3,334,0,7

00008dac <.LBB17730>:
    8dac:	1428d0ca          	sfpadd	L3,L10,L3,L4,2

00008db0 <.LBB17733>:
    8db0:	c1438611          	sfpload	L5,388,0,7

00008db4 <.LBB17739>:
    8db4:	1808a582          	sfpmul	L6,L2,L2,L9,0

00008db8 <.LBB17742>:
    8db8:	1815a582          	sfpmul	L6,L5,L6,L9,0

00008dbc <.LBB17745>:
    8dbc:	18046502          	sfpmul	L4,L1,L1,L9,0

00008dc0 <.LBB17748>:
    8dc0:	18152542          	sfpmul	L5,L5,L4,L9,0

00008dc4 <.LBB17751>:
    8dc4:	c1038619          	sfpload	L4,390,0,7

00008dc8 <.LBB17757>:
    8dc8:	18082482          	sfpmul	L2,L2,L0,L9,0

00008dcc <.LBB17760>:
    8dcc:	10109882          	sfpmad	L2,L4,L2,L6,0

00008dd0 <.LBB17763>:
    8dd0:	1804e442          	sfpmul	L1,L1,L3,L9,0

00008dd4 <.LBB17766>:
    8dd4:	10105502          	sfpmad	L4,L4,L1,L5,0

00008dd8 <.LBB17769>:
    8dd8:	c0438621          	sfpload	L1,392,0,7

00008ddc <.LBB17775>:
    8ddc:	18002402          	sfpmul	L0,L0,L0,L9,0

00008de0 <.LBB17778>:
    8de0:	10040802          	sfpmad	L0,L1,L0,L2,0

00008de4 <.LBB17781>:
    8de4:	180ce4c2          	sfpmul	L3,L3,L3,L9,0

00008de8 <.LBB17784>:
    8de8:	1004d042          	sfpmad	L1,L1,L3,L4,0

00008dec <.LBB17787>:
    8dec:	48002406          	sfpswap	L0,L9,1
    8df0:	3c000002          	sfpnop

00008df4 <.LBB17789>:
    8df4:	48002446          	sfpswap	L1,L9,1
    8df8:	3c000002          	sfpnop

00008dfc <.LBB17791>:
    8dfc:	18032402          	sfpmul	L0,L0,L12,L9,0

00008e00 <.LBB17796>:
    8e00:	d50bf801          	sfpaddi	L0,17150,0
    8e04:	3c000002          	sfpnop

00008e08 <.LBB17799>:
    8e08:	48000246          	sfpswap	L9,L0,1
    8e0c:	3c000002          	sfpnop

00008e10 <.LBB17801>:
    8e10:	dc000081          	sfpexexp	L2,L0,0

00008e14 <.LBB17805>:
    8e14:	e0000001          	sfpexman	L0,L0,0

00008e18 <.LBB17807>:
    8e18:	e8000801          	sfpshft	L0,L2,0x000,0

00008e1c <.LBB17809>:
    8e1c:	dc000085          	sfpexexp	L2,L0,1

00008e20 <.LBB17811>:
    8e20:	1000014c          	ttreplay	0,5,1,1
    8e24:	e0000005          	sfpexman	L0,L0,1

00008e28 <.LBB17813>:
    8e28:	40000002          	sfpcast	L0,L0,0

00008e2c <.LBB17815>:
    8e2c:	100378c2          	sfpmad	L3,L0,L13,L14,0

00008e30 <.LBB17818>:
    8e30:	c1038659          	sfpload	L4,406,0,7

00008e34 <.LBB17824>:
    8e34:	1000d002          	sfpmad	L0,L0,L3,L4,0

00008e38 <.LBB17827>:
    8e38:	08000082          	sfpsetexp	L2,L0,0x000,0

00008e3c <.LBB17829>:
    8e3c:	18072442          	sfpmul	L1,L1,L12,L9,0

00008e40 <.LBB17834>:
    8e40:	d50bf841          	sfpaddi	L1,17150,0
    8e44:	3c000002          	sfpnop

00008e48 <.LBB17837>:
    8e48:	48000646          	sfpswap	L9,L1,1
    8e4c:	3c000002          	sfpnop

00008e50 <.LBB17839>:
    8e50:	dc0004c1          	sfpexexp	L3,L1,0

00008e54 <.LBB17843>:
    8e54:	e0000401          	sfpexman	L0,L1,0

00008e58 <.LBB17845>:
    8e58:	e8000c01          	sfpshft	L0,L3,0x000,0

00008e5c <.LBB17847>:
    8e5c:	dc000045          	sfpexexp	L1,L0,1

00008e60 <.LBB17849>:
    8e60:	10000140          	ttreplay	0,5,0,0

00008e64 <.LBB17852>:
    8e64:	08000042          	sfpsetexp	L1,L0,0x000,0

00008e68 <.LBB17854>:
    8e68:	c0038629          	sfpload	L0,394,0,7

00008e6c <.LBB17860>:
    8e6c:	1800a482          	sfpmul	L2,L0,L2,L9,0

00008e70 <.LBB17863>:
    8e70:	18006402          	sfpmul	L0,L0,L1,L9,0

00008e74 <.LBB17866>:
    8e74:	c0c38661          	sfpload	L3,408,0,7

00008e78 <.LBB17872>:
    8e78:	c0438661          	sfpload	L1,408,0,7

00008e7c <.LBB17878>:
    8e7c:	48000c86          	sfpswap	L2,L3,1
    8e80:	3c000002          	sfpnop

00008e84 <.LBB17880>:
    8e84:	48000406          	sfpswap	L0,L1,1
    8e88:	3c000002          	sfpnop

00008e8c <.LBB17882>:
    8e8c:	c0438631          	sfpload	L1,396,0,7

00008e90 <.LBB17889>:
    8e90:	1006c842          	sfpmad	L1,L1,L11,L2,0
    8e94:	ec000401          	sfpsetcc	L1,0x000,0

00008e98 <.LBB17893>:
    8e98:	f0002481          	sfpmov	L2,L9,0

00008e9c <.LBB17896>:
    8e9c:	2800c02a          	sfpencc	0x003,10

00008ea0 <.LBB17899>:
    8ea0:	c0438631          	sfpload	L1,396,0,7

00008ea4 <.LBB17906>:
    8ea4:	1006c042          	sfpmad	L1,L1,L11,L0,0
    8ea8:	ec000401          	sfpsetcc	L1,0x000,0

00008eac <.LBB17910>:
    8eac:	f0002401          	sfpmov	L0,L9,0

00008eb0 <.LBB17913>:
    8eb0:	2800c02a          	sfpencc	0x003,10

00008eb4 <.LBB17916>:
    8eb4:	c1438331          	sfpload	L5,204,0,7

00008eb8 <.LBB17922>:
    8eb8:	c1038339          	sfpload	L4,206,0,7

00008ebc <.LBB17928>:
    8ebc:	180964c2          	sfpmul	L3,L2,L5,L9,0

00008ec0 <.LBB17931>:
    8ec0:	18012442          	sfpmul	L1,L0,L4,L9,0

00008ec4 <.LBB17934>:
    8ec4:	c1838639          	sfpload	L6,398,0,7

00008ec8 <.LBB17940>:
    8ec8:	c1c38031          	sfpload	L7,12,0,7

00008ecc <.LBB17946>:
    8ecc:	100d9dc2          	sfpmad	L7,L3,L6,L7,0

00008ed0 <.LBB17949>:
    8ed0:	c9c38031          	sfpstore	L7,12,0,7

00008ed4 <.LBB17955>:
    8ed4:	c1c38039          	sfpload	L7,14,0,7

00008ed8 <.LBB17961>:
    8ed8:	10059d82          	sfpmad	L6,L1,L6,L7,0

00008edc <.LBB17964>:
    8edc:	c9838039          	sfpstore	L6,14,0,7

00008ee0 <.LBB17970>:
    8ee0:	c1838641          	sfpload	L6,400,0,7

00008ee4 <.LBB17976>:
    8ee4:	c1c38131          	sfpload	L7,76,0,7

00008ee8 <.LBB17982>:
    8ee8:	100d9dc2          	sfpmad	L7,L3,L6,L7,0

00008eec <.LBB17985>:
    8eec:	c9c38131          	sfpstore	L7,76,0,7

00008ef0 <.LBB17991>:
    8ef0:	c1c38139          	sfpload	L7,78,0,7

00008ef4 <.LBB17997>:
    8ef4:	10059d82          	sfpmad	L6,L1,L6,L7,0

00008ef8 <.LBB18000>:
    8ef8:	c9838139          	sfpstore	L6,78,0,7

00008efc <.LBB18006>:
    8efc:	c1838649          	sfpload	L6,402,0,7

00008f00 <.LBB18012>:
    8f00:	c1c38231          	sfpload	L7,140,0,7

00008f04 <.LBB18018>:
    8f04:	100d9cc2          	sfpmad	L3,L3,L6,L7,0

00008f08 <.LBB18021>:
    8f08:	c8c38231          	sfpstore	L3,140,0,7

00008f0c <.LBB18027>:
    8f0c:	c0c38239          	sfpload	L3,142,0,7

00008f10 <.LBB18033>:
    8f10:	10058c42          	sfpmad	L1,L1,L6,L3,0

00008f14 <.LBB18036>:
    8f14:	c8438239          	sfpstore	L1,142,0,7

00008f18 <.LBB18042>:
    8f18:	142a888a          	sfpadd	L2,L10,L10,L2,2

00008f1c <.LBB18045>:
    8f1c:	1814a542          	sfpmul	L5,L5,L2,L9,0

00008f20 <.LBB18048>:
    8f20:	c9438331          	sfpstore	L5,204,0,7

00008f24 <.LBB18054>:
    8f24:	142a800a          	sfpadd	L0,L10,L10,L0,2

00008f28 <.LBB18057>:
    8f28:	18102402          	sfpmul	L0,L4,L0,L9,0

00008f2c <.LBB18060>:
    8f2c:	c8038339          	sfpstore	L0,206,0,7

00008f30 <.LBE17682>:
    8f30:	00078067          	jr	a5

00008f34 <_ZN12_GLOBAL__N_1L16blend_chain_bodyILm4ELm1EEEvmPKNS_15BlendChainEntryE>:
    8f34:	00a55713          	srli	a4,a0,0xa

00008f38 <.LBB19022>:
    8f38:	60171793          	ctz	a5,a4
    8f3c:	01e7f793          	andi	a5,a5,30

00008f40 <.LM1661>:
    8f40:	00f75733          	srl	a4,a4,a5

00008f44 <.LM1663>:
    8f44:	00377713          	andi	a4,a4,3

00008f48 <.LBE19022>:
    8f48:	20e7a7b3          	sh1add	a5,a5,a4

00008f4c <.LM1665>:
    8f4c:	20b7c7b3          	sh2add	a5,a5,a1
    8f50:	0507a783          	lw	a5,80(a5)

00008f54 <.LBB19024>:
    8f54:	c0838441          	sfpload	L2,272,0,7

00008f58 <.LBB19033>:
    8f58:	c0438541          	sfpload	L1,336,0,7

00008f5c <.LBB19039>:
    8f5c:	c1038611          	sfpload	L4,388,0,7

00008f60 <.LBB19045>:
    8f60:	c0c38619          	sfpload	L3,390,0,7

00008f64 <.LBB19051>:
    8f64:	c0038621          	sfpload	L0,392,0,7

00008f68 <.LBB19057>:
    8f68:	c1838601          	sfpload	L6,384,0,7

00008f6c <.LBB19063>:
    8f6c:	c1438609          	sfpload	L5,386,0,7

00008f70 <.LBB19069>:
    8f70:	1428988a          	sfpadd	L2,L10,L2,L6,2

00008f74 <.LBB19072>:
    8f74:	1428544a          	sfpadd	L1,L10,L1,L5,2

00008f78 <.LBB19075>:
    8f78:	1808a542          	sfpmul	L5,L2,L2,L9,0

00008f7c <.LBB19078>:
    8f7c:	18116502          	sfpmul	L4,L4,L5,L9,0

00008f80 <.LBB19081>:
    8f80:	18086482          	sfpmul	L2,L2,L1,L9,0

00008f84 <.LBB19084>:
    8f84:	100c9082          	sfpmad	L2,L3,L2,L4,0

00008f88 <.LBB19087>:
    8f88:	18046442          	sfpmul	L1,L1,L1,L9,0

00008f8c <.LBB19090>:
    8f8c:	10004802          	sfpmad	L0,L0,L1,L2,0
    8f90:	3c000002          	sfpnop

00008f94 <.LBB19093>:
    8f94:	48002406          	sfpswap	L0,L9,1
    8f98:	3c000002          	sfpnop

00008f9c <.LBB19095>:
    8f9c:	18032402          	sfpmul	L0,L0,L12,L9,0

00008fa0 <.LBB19100>:
    8fa0:	d50bf801          	sfpaddi	L0,17150,0
    8fa4:	3c000002          	sfpnop

00008fa8 <.LBB19103>:
    8fa8:	48000246          	sfpswap	L9,L0,1
    8fac:	3c000002          	sfpnop

00008fb0 <.LBB19105>:
    8fb0:	dc000041          	sfpexexp	L1,L0,0

00008fb4 <.LBB19109>:
    8fb4:	e0000001          	sfpexman	L0,L0,0

00008fb8 <.LBB19111>:
    8fb8:	e8000401          	sfpshft	L0,L1,0x000,0

00008fbc <.LBB19113>:
    8fbc:	dc000045          	sfpexexp	L1,L0,1

00008fc0 <.LBB19115>:
    8fc0:	e0000005          	sfpexman	L0,L0,1

00008fc4 <.LBB19117>:
    8fc4:	40000002          	sfpcast	L0,L0,0

00008fc8 <.LBB19119>:
    8fc8:	10037882          	sfpmad	L2,L0,L13,L14,0

00008fcc <.LBB19122>:
    8fcc:	c0c38659          	sfpload	L3,406,0,7

00008fd0 <.LBB19128>:
    8fd0:	10008c02          	sfpmad	L0,L0,L2,L3,0

00008fd4 <.LBB19131>:
    8fd4:	08000042          	sfpsetexp	L1,L0,0x000,0

00008fd8 <.LBB19133>:
    8fd8:	c0038629          	sfpload	L0,394,0,7

00008fdc <.LBB19139>:
    8fdc:	18006402          	sfpmul	L0,L0,L1,L9,0

00008fe0 <.LBB19142>:
    8fe0:	c0438661          	sfpload	L1,408,0,7

00008fe4 <.LBB19148>:
    8fe4:	48000406          	sfpswap	L0,L1,1
    8fe8:	3c000002          	sfpnop

00008fec <.LBB19150>:
    8fec:	c0438631          	sfpload	L1,396,0,7

00008ff0 <.LBB19157>:
    8ff0:	1006c042          	sfpmad	L1,L1,L11,L0,0
    8ff4:	ec000401          	sfpsetcc	L1,0x000,0

00008ff8 <.LBB19161>:
    8ff8:	f0002401          	sfpmov	L0,L9,0

00008ffc <.LBB19164>:
    8ffc:	2800c02a          	sfpencc	0x003,10

00009000 <.LBB19167>:
    9000:	c0838341          	sfpload	L2,208,0,7

00009004 <.LBB19173>:
    9004:	1800a442          	sfpmul	L1,L0,L2,L9,0

00009008 <.LBB19176>:
    9008:	c1038041          	sfpload	L4,16,0,7

0000900c <.LBB19182>:
    900c:	c0c38639          	sfpload	L3,398,0,7

00009010 <.LBB19188>:
    9010:	1004d0c2          	sfpmad	L3,L1,L3,L4,0

00009014 <.LBB19191>:
    9014:	c8c38041          	sfpstore	L3,16,0,7

00009018 <.LBB19197>:
    9018:	c1038141          	sfpload	L4,80,0,7

0000901c <.LBB19203>:
    901c:	c0c38641          	sfpload	L3,400,0,7

00009020 <.LBB19209>:
    9020:	1004d0c2          	sfpmad	L3,L1,L3,L4,0

00009024 <.LBB19212>:
    9024:	c8c38141          	sfpstore	L3,80,0,7

00009028 <.LBB19218>:
    9028:	c1038241          	sfpload	L4,144,0,7

0000902c <.LBB19224>:
    902c:	c0c38649          	sfpload	L3,402,0,7

00009030 <.LBB19230>:
    9030:	1004d042          	sfpmad	L1,L1,L3,L4,0

00009034 <.LBB19233>:
    9034:	c8438241          	sfpstore	L1,144,0,7

00009038 <.LBB19239>:
    9038:	142a800a          	sfpadd	L0,L10,L10,L0,2

0000903c <.LBB19242>:
    903c:	18082402          	sfpmul	L0,L2,L0,L9,0

00009040 <.LBB19245>:
    9040:	c8038341          	sfpstore	L0,208,0,7

00009044 <.LBE19024>:
    9044:	00078067          	jr	a5

00009048 <_ZN12_GLOBAL__N_1L16blend_chain_bodyILm4ELm2EEEvmPKNS_15BlendChainEntryE>:
    9048:	00a55713          	srli	a4,a0,0xa

0000904c <.LBB20207>:
    904c:	60171793          	ctz	a5,a4
    9050:	01e7f793          	andi	a5,a5,30

00009054 <.LM1772>:
    9054:	00f75733          	srl	a4,a4,a5

00009058 <.LM1774>:
    9058:	00377713          	andi	a4,a4,3

0000905c <.LBE20207>:
    905c:	20e7a7b3          	sh1add	a5,a5,a4

00009060 <.LM1776>:
    9060:	20b7c7b3          	sh2add	a5,a5,a1
    9064:	0507a783          	lw	a5,80(a5)

00009068 <.LBB20209>:
    9068:	c0838449          	sfpload	L2,274,0,7

0000906c <.LBB20218>:
    906c:	c0438549          	sfpload	L1,338,0,7

00009070 <.LBB20224>:
    9070:	c1038611          	sfpload	L4,388,0,7

00009074 <.LBB20230>:
    9074:	c0c38619          	sfpload	L3,390,0,7

00009078 <.LBB20236>:
    9078:	c0038621          	sfpload	L0,392,0,7

0000907c <.LBB20242>:
    907c:	c1838601          	sfpload	L6,384,0,7

00009080 <.LBB20248>:
    9080:	c1438609          	sfpload	L5,386,0,7

00009084 <.LBB20254>:
    9084:	1428988a          	sfpadd	L2,L10,L2,L6,2

00009088 <.LBB20257>:
    9088:	1428544a          	sfpadd	L1,L10,L1,L5,2

0000908c <.LBB20260>:
    908c:	1808a542          	sfpmul	L5,L2,L2,L9,0

00009090 <.LBB20263>:
    9090:	18116502          	sfpmul	L4,L4,L5,L9,0

00009094 <.LBB20266>:
    9094:	18086482          	sfpmul	L2,L2,L1,L9,0

00009098 <.LBB20269>:
    9098:	100c9082          	sfpmad	L2,L3,L2,L4,0

0000909c <.LBB20272>:
    909c:	18046442          	sfpmul	L1,L1,L1,L9,0

000090a0 <.LBB20275>:
    90a0:	10004802          	sfpmad	L0,L0,L1,L2,0
    90a4:	3c000002          	sfpnop

000090a8 <.LBB20278>:
    90a8:	48002406          	sfpswap	L0,L9,1
    90ac:	3c000002          	sfpnop

000090b0 <.LBB20280>:
    90b0:	18032402          	sfpmul	L0,L0,L12,L9,0

000090b4 <.LBB20285>:
    90b4:	d50bf801          	sfpaddi	L0,17150,0
    90b8:	3c000002          	sfpnop

000090bc <.LBB20288>:
    90bc:	48000246          	sfpswap	L9,L0,1
    90c0:	3c000002          	sfpnop

000090c4 <.LBB20290>:
    90c4:	dc000041          	sfpexexp	L1,L0,0

000090c8 <.LBB20294>:
    90c8:	e0000001          	sfpexman	L0,L0,0

000090cc <.LBB20296>:
    90cc:	e8000401          	sfpshft	L0,L1,0x000,0

000090d0 <.LBB20298>:
    90d0:	dc000045          	sfpexexp	L1,L0,1

000090d4 <.LBB20300>:
    90d4:	e0000005          	sfpexman	L0,L0,1

000090d8 <.LBB20302>:
    90d8:	40000002          	sfpcast	L0,L0,0

000090dc <.LBB20304>:
    90dc:	10037882          	sfpmad	L2,L0,L13,L14,0

000090e0 <.LBB20307>:
    90e0:	c0c38659          	sfpload	L3,406,0,7

000090e4 <.LBB20313>:
    90e4:	10008c02          	sfpmad	L0,L0,L2,L3,0

000090e8 <.LBB20316>:
    90e8:	08000042          	sfpsetexp	L1,L0,0x000,0

000090ec <.LBB20318>:
    90ec:	c0038629          	sfpload	L0,394,0,7

000090f0 <.LBB20324>:
    90f0:	18006402          	sfpmul	L0,L0,L1,L9,0

000090f4 <.LBB20327>:
    90f4:	c0438661          	sfpload	L1,408,0,7

000090f8 <.LBB20333>:
    90f8:	48000406          	sfpswap	L0,L1,1
    90fc:	3c000002          	sfpnop

00009100 <.LBB20335>:
    9100:	c0438631          	sfpload	L1,396,0,7

00009104 <.LBB20342>:
    9104:	1006c042          	sfpmad	L1,L1,L11,L0,0
    9108:	ec000401          	sfpsetcc	L1,0x000,0

0000910c <.LBB20346>:
    910c:	f0002401          	sfpmov	L0,L9,0

00009110 <.LBB20349>:
    9110:	2800c02a          	sfpencc	0x003,10

00009114 <.LBB20352>:
    9114:	c0838349          	sfpload	L2,210,0,7

00009118 <.LBB20358>:
    9118:	1800a442          	sfpmul	L1,L0,L2,L9,0

0000911c <.LBB20361>:
    911c:	c1038049          	sfpload	L4,18,0,7

00009120 <.LBB20367>:
    9120:	c0c38639          	sfpload	L3,398,0,7

00009124 <.LBB20373>:
    9124:	1004d0c2          	sfpmad	L3,L1,L3,L4,0

00009128 <.LBB20376>:
    9128:	c8c38049          	sfpstore	L3,18,0,7

0000912c <.LBB20382>:
    912c:	c1038149          	sfpload	L4,82,0,7

00009130 <.LBB20388>:
    9130:	c0c38641          	sfpload	L3,400,0,7

00009134 <.LBB20394>:
    9134:	1004d0c2          	sfpmad	L3,L1,L3,L4,0

00009138 <.LBB20397>:
    9138:	c8c38149          	sfpstore	L3,82,0,7

0000913c <.LBB20403>:
    913c:	c1038249          	sfpload	L4,146,0,7

00009140 <.LBB20409>:
    9140:	c0c38649          	sfpload	L3,402,0,7

00009144 <.LBB20415>:
    9144:	1004d042          	sfpmad	L1,L1,L3,L4,0

00009148 <.LBB20418>:
    9148:	c8438249          	sfpstore	L1,146,0,7

0000914c <.LBB20424>:
    914c:	142a800a          	sfpadd	L0,L10,L10,L0,2

00009150 <.LBB20427>:
    9150:	18082402          	sfpmul	L0,L2,L0,L9,0

00009154 <.LBB20430>:
    9154:	c8038349          	sfpstore	L0,210,0,7

00009158 <.LBE20209>:
    9158:	00078067          	jr	a5

0000915c <_ZN12_GLOBAL__N_1L16blend_chain_bodyILm4ELm3EEEvmPKNS_15BlendChainEntryE>:
    915c:	00a55713          	srli	a4,a0,0xa

00009160 <.LBB22196>:
    9160:	60171793          	ctz	a5,a4
    9164:	01e7f793          	andi	a5,a5,30

00009168 <.LM1883>:
    9168:	00f75733          	srl	a4,a4,a5

0000916c <.LM1885>:
    916c:	00377713          	andi	a4,a4,3

00009170 <.LBE22196>:
    9170:	20e7a7b3          	sh1add	a5,a5,a4

00009174 <.LM1887>:
    9174:	20b7c7b3          	sh2add	a5,a5,a1
    9178:	0507a783          	lw	a5,80(a5)

0000917c <.LBB22198>:
    917c:	c0038601          	sfpload	L0,384,0,7

00009180 <.LBB22207>:
    9180:	c1038609          	sfpload	L4,386,0,7

00009184 <.LBB22213>:
    9184:	c0838441          	sfpload	L2,272,0,7

00009188 <.LBB22219>:
    9188:	1428808a          	sfpadd	L2,L10,L2,L0,2

0000918c <.LBB22222>:
    918c:	c0438449          	sfpload	L1,274,0,7

00009190 <.LBB22228>:
    9190:	1428404a          	sfpadd	L1,L10,L1,L0,2

00009194 <.LBB22231>:
    9194:	c0038541          	sfpload	L0,336,0,7

00009198 <.LBB22237>:
    9198:	1428100a          	sfpadd	L0,L10,L0,L4,2

0000919c <.LBB22240>:
    919c:	c0c38549          	sfpload	L3,338,0,7

000091a0 <.LBB22246>:
    91a0:	1428d0ca          	sfpadd	L3,L10,L3,L4,2

000091a4 <.LBB22249>:
    91a4:	c1438611          	sfpload	L5,388,0,7

000091a8 <.LBB22255>:
    91a8:	1808a582          	sfpmul	L6,L2,L2,L9,0

000091ac <.LBB22258>:
    91ac:	1815a582          	sfpmul	L6,L5,L6,L9,0

000091b0 <.LBB22261>:
    91b0:	18046502          	sfpmul	L4,L1,L1,L9,0

000091b4 <.LBB22264>:
    91b4:	18152542          	sfpmul	L5,L5,L4,L9,0

000091b8 <.LBB22267>:
    91b8:	c1038619          	sfpload	L4,390,0,7

000091bc <.LBB22273>:
    91bc:	18082482          	sfpmul	L2,L2,L0,L9,0

000091c0 <.LBB22276>:
    91c0:	10109882          	sfpmad	L2,L4,L2,L6,0

000091c4 <.LBB22279>:
    91c4:	1804e442          	sfpmul	L1,L1,L3,L9,0

000091c8 <.LBB22282>:
    91c8:	10105502          	sfpmad	L4,L4,L1,L5,0

000091cc <.LBB22285>:
    91cc:	c0438621          	sfpload	L1,392,0,7

000091d0 <.LBB22291>:
    91d0:	18002402          	sfpmul	L0,L0,L0,L9,0

000091d4 <.LBB22294>:
    91d4:	10040802          	sfpmad	L0,L1,L0,L2,0

000091d8 <.LBB22297>:
    91d8:	180ce4c2          	sfpmul	L3,L3,L3,L9,0

000091dc <.LBB22300>:
    91dc:	1004d042          	sfpmad	L1,L1,L3,L4,0

000091e0 <.LBB22303>:
    91e0:	48002406          	sfpswap	L0,L9,1
    91e4:	3c000002          	sfpnop

000091e8 <.LBB22305>:
    91e8:	48002446          	sfpswap	L1,L9,1
    91ec:	3c000002          	sfpnop

000091f0 <.LBB22307>:
    91f0:	18032402          	sfpmul	L0,L0,L12,L9,0

000091f4 <.LBB22312>:
    91f4:	d50bf801          	sfpaddi	L0,17150,0
    91f8:	3c000002          	sfpnop

000091fc <.LBB22315>:
    91fc:	48000246          	sfpswap	L9,L0,1
    9200:	3c000002          	sfpnop

00009204 <.LBB22317>:
    9204:	dc000081          	sfpexexp	L2,L0,0

00009208 <.LBB22321>:
    9208:	e0000001          	sfpexman	L0,L0,0

0000920c <.LBB22323>:
    920c:	e8000801          	sfpshft	L0,L2,0x000,0

00009210 <.LBB22325>:
    9210:	dc000085          	sfpexexp	L2,L0,1

00009214 <.LBB22327>:
    9214:	1000014c          	ttreplay	0,5,1,1
    9218:	e0000005          	sfpexman	L0,L0,1

0000921c <.LBB22329>:
    921c:	40000002          	sfpcast	L0,L0,0

00009220 <.LBB22331>:
    9220:	100378c2          	sfpmad	L3,L0,L13,L14,0

00009224 <.LBB22334>:
    9224:	c1038659          	sfpload	L4,406,0,7

00009228 <.LBB22340>:
    9228:	1000d002          	sfpmad	L0,L0,L3,L4,0

0000922c <.LBB22343>:
    922c:	08000082          	sfpsetexp	L2,L0,0x000,0

00009230 <.LBB22345>:
    9230:	18072442          	sfpmul	L1,L1,L12,L9,0

00009234 <.LBB22350>:
    9234:	d50bf841          	sfpaddi	L1,17150,0
    9238:	3c000002          	sfpnop

0000923c <.LBB22353>:
    923c:	48000646          	sfpswap	L9,L1,1
    9240:	3c000002          	sfpnop

00009244 <.LBB22355>:
    9244:	dc0004c1          	sfpexexp	L3,L1,0

00009248 <.LBB22359>:
    9248:	e0000401          	sfpexman	L0,L1,0

0000924c <.LBB22361>:
    924c:	e8000c01          	sfpshft	L0,L3,0x000,0

00009250 <.LBB22363>:
    9250:	dc000045          	sfpexexp	L1,L0,1

00009254 <.LBB22365>:
    9254:	10000140          	ttreplay	0,5,0,0

00009258 <.LBB22368>:
    9258:	08000042          	sfpsetexp	L1,L0,0x000,0

0000925c <.LBB22370>:
    925c:	c0038629          	sfpload	L0,394,0,7

00009260 <.LBB22376>:
    9260:	1800a482          	sfpmul	L2,L0,L2,L9,0

00009264 <.LBB22379>:
    9264:	18006402          	sfpmul	L0,L0,L1,L9,0

00009268 <.LBB22382>:
    9268:	c0c38661          	sfpload	L3,408,0,7

0000926c <.LBB22388>:
    926c:	c0438661          	sfpload	L1,408,0,7

00009270 <.LBB22394>:
    9270:	48000c86          	sfpswap	L2,L3,1
    9274:	3c000002          	sfpnop

00009278 <.LBB22396>:
    9278:	48000406          	sfpswap	L0,L1,1
    927c:	3c000002          	sfpnop

00009280 <.LBB22398>:
    9280:	c0438631          	sfpload	L1,396,0,7

00009284 <.LBB22405>:
    9284:	1006c842          	sfpmad	L1,L1,L11,L2,0
    9288:	ec000401          	sfpsetcc	L1,0x000,0

0000928c <.LBB22409>:
    928c:	f0002481          	sfpmov	L2,L9,0

00009290 <.LBB22412>:
    9290:	2800c02a          	sfpencc	0x003,10

00009294 <.LBB22415>:
    9294:	c0438631          	sfpload	L1,396,0,7

00009298 <.LBB22422>:
    9298:	1006c042          	sfpmad	L1,L1,L11,L0,0
    929c:	ec000401          	sfpsetcc	L1,0x000,0

000092a0 <.LBB22426>:
    92a0:	f0002401          	sfpmov	L0,L9,0

000092a4 <.LBB22429>:
    92a4:	2800c02a          	sfpencc	0x003,10

000092a8 <.LBB22432>:
    92a8:	c1438341          	sfpload	L5,208,0,7

000092ac <.LBB22438>:
    92ac:	c1038349          	sfpload	L4,210,0,7

000092b0 <.LBB22444>:
    92b0:	180964c2          	sfpmul	L3,L2,L5,L9,0

000092b4 <.LBB22447>:
    92b4:	18012442          	sfpmul	L1,L0,L4,L9,0

000092b8 <.LBB22450>:
    92b8:	c1838639          	sfpload	L6,398,0,7

000092bc <.LBB22456>:
    92bc:	c1c38041          	sfpload	L7,16,0,7

000092c0 <.LBB22462>:
    92c0:	100d9dc2          	sfpmad	L7,L3,L6,L7,0

000092c4 <.LBB22465>:
    92c4:	c9c38041          	sfpstore	L7,16,0,7

000092c8 <.LBB22471>:
    92c8:	c1c38049          	sfpload	L7,18,0,7

000092cc <.LBB22477>:
    92cc:	10059d82          	sfpmad	L6,L1,L6,L7,0

000092d0 <.LBB22480>:
    92d0:	c9838049          	sfpstore	L6,18,0,7

000092d4 <.LBB22486>:
    92d4:	c1838641          	sfpload	L6,400,0,7

000092d8 <.LBB22492>:
    92d8:	c1c38141          	sfpload	L7,80,0,7

000092dc <.LBB22498>:
    92dc:	100d9dc2          	sfpmad	L7,L3,L6,L7,0

000092e0 <.LBB22501>:
    92e0:	c9c38141          	sfpstore	L7,80,0,7

000092e4 <.LBB22507>:
    92e4:	c1c38149          	sfpload	L7,82,0,7

000092e8 <.LBB22513>:
    92e8:	10059d82          	sfpmad	L6,L1,L6,L7,0

000092ec <.LBB22516>:
    92ec:	c9838149          	sfpstore	L6,82,0,7

000092f0 <.LBB22522>:
    92f0:	c1838649          	sfpload	L6,402,0,7

000092f4 <.LBB22528>:
    92f4:	c1c38241          	sfpload	L7,144,0,7

000092f8 <.LBB22534>:
    92f8:	100d9cc2          	sfpmad	L3,L3,L6,L7,0

000092fc <.LBB22537>:
    92fc:	c8c38241          	sfpstore	L3,144,0,7

00009300 <.LBB22543>:
    9300:	c0c38249          	sfpload	L3,146,0,7

00009304 <.LBB22549>:
    9304:	10058c42          	sfpmad	L1,L1,L6,L3,0

00009308 <.LBB22552>:
    9308:	c8438249          	sfpstore	L1,146,0,7

0000930c <.LBB22558>:
    930c:	142a888a          	sfpadd	L2,L10,L10,L2,2

00009310 <.LBB22561>:
    9310:	1814a542          	sfpmul	L5,L5,L2,L9,0

00009314 <.LBB22564>:
    9314:	c9438341          	sfpstore	L5,208,0,7

00009318 <.LBB22570>:
    9318:	142a800a          	sfpadd	L0,L10,L10,L0,2

0000931c <.LBB22573>:
    931c:	18102402          	sfpmul	L0,L4,L0,L9,0

00009320 <.LBB22576>:
    9320:	c8038349          	sfpstore	L0,210,0,7

00009324 <.LBE22198>:
    9324:	00078067          	jr	a5

00009328 <_ZN12_GLOBAL__N_1L16blend_chain_bodyILm5ELm1EEEvmPKNS_15BlendChainEntryE>:
    9328:	00c55713          	srli	a4,a0,0xc

0000932c <.LBB23538>:
    932c:	60171793          	ctz	a5,a4
    9330:	01e7f793          	andi	a5,a5,30

00009334 <.LM2074>:
    9334:	00f75733          	srl	a4,a4,a5

00009338 <.LM2076>:
    9338:	00377713          	andi	a4,a4,3

0000933c <.LBE23538>:
    933c:	20e7a7b3          	sh1add	a5,a5,a4

00009340 <.LM2078>:
    9340:	20b7c7b3          	sh2add	a5,a5,a1
    9344:	0607a783          	lw	a5,96(a5)

00009348 <.LBB23540>:
    9348:	c0838451          	sfpload	L2,276,0,7

0000934c <.LBB23549>:
    934c:	c0438551          	sfpload	L1,340,0,7

00009350 <.LBB23555>:
    9350:	c1038611          	sfpload	L4,388,0,7

00009354 <.LBB23561>:
    9354:	c0c38619          	sfpload	L3,390,0,7

00009358 <.LBB23567>:
    9358:	c0038621          	sfpload	L0,392,0,7

0000935c <.LBB23573>:
    935c:	c1838601          	sfpload	L6,384,0,7

00009360 <.LBB23579>:
    9360:	c1438609          	sfpload	L5,386,0,7

00009364 <.LBB23585>:
    9364:	1428988a          	sfpadd	L2,L10,L2,L6,2

00009368 <.LBB23588>:
    9368:	1428544a          	sfpadd	L1,L10,L1,L5,2

0000936c <.LBB23591>:
    936c:	1808a542          	sfpmul	L5,L2,L2,L9,0

00009370 <.LBB23594>:
    9370:	18116502          	sfpmul	L4,L4,L5,L9,0

00009374 <.LBB23597>:
    9374:	18086482          	sfpmul	L2,L2,L1,L9,0

00009378 <.LBB23600>:
    9378:	100c9082          	sfpmad	L2,L3,L2,L4,0

0000937c <.LBB23603>:
    937c:	18046442          	sfpmul	L1,L1,L1,L9,0

00009380 <.LBB23606>:
    9380:	10004802          	sfpmad	L0,L0,L1,L2,0
    9384:	3c000002          	sfpnop

00009388 <.LBB23609>:
    9388:	48002406          	sfpswap	L0,L9,1
    938c:	3c000002          	sfpnop

00009390 <.LBB23611>:
    9390:	18032402          	sfpmul	L0,L0,L12,L9,0

00009394 <.LBB23616>:
    9394:	d50bf801          	sfpaddi	L0,17150,0
    9398:	3c000002          	sfpnop

0000939c <.LBB23619>:
    939c:	48000246          	sfpswap	L9,L0,1
    93a0:	3c000002          	sfpnop

000093a4 <.LBB23621>:
    93a4:	dc000041          	sfpexexp	L1,L0,0

000093a8 <.LBB23625>:
    93a8:	e0000001          	sfpexman	L0,L0,0

000093ac <.LBB23627>:
    93ac:	e8000401          	sfpshft	L0,L1,0x000,0

000093b0 <.LBB23629>:
    93b0:	dc000045          	sfpexexp	L1,L0,1

000093b4 <.LBB23631>:
    93b4:	e0000005          	sfpexman	L0,L0,1

000093b8 <.LBB23633>:
    93b8:	40000002          	sfpcast	L0,L0,0

000093bc <.LBB23635>:
    93bc:	10037882          	sfpmad	L2,L0,L13,L14,0

000093c0 <.LBB23638>:
    93c0:	c0c38659          	sfpload	L3,406,0,7

000093c4 <.LBB23644>:
    93c4:	10008c02          	sfpmad	L0,L0,L2,L3,0

000093c8 <.LBB23647>:
    93c8:	08000042          	sfpsetexp	L1,L0,0x000,0

000093cc <.LBB23649>:
    93cc:	c0038629          	sfpload	L0,394,0,7

000093d0 <.LBB23655>:
    93d0:	18006402          	sfpmul	L0,L0,L1,L9,0

000093d4 <.LBB23658>:
    93d4:	c0438661          	sfpload	L1,408,0,7

000093d8 <.LBB23664>:
    93d8:	48000406          	sfpswap	L0,L1,1
    93dc:	3c000002          	sfpnop

000093e0 <.LBB23666>:
    93e0:	c0438631          	sfpload	L1,396,0,7

000093e4 <.LBB23673>:
    93e4:	1006c042          	sfpmad	L1,L1,L11,L0,0
    93e8:	ec000401          	sfpsetcc	L1,0x000,0

000093ec <.LBB23677>:
    93ec:	f0002401          	sfpmov	L0,L9,0

000093f0 <.LBB23680>:
    93f0:	2800c02a          	sfpencc	0x003,10

000093f4 <.LBB23683>:
    93f4:	c0838351          	sfpload	L2,212,0,7

000093f8 <.LBB23689>:
    93f8:	1800a442          	sfpmul	L1,L0,L2,L9,0

000093fc <.LBB23692>:
    93fc:	c1038051          	sfpload	L4,20,0,7

00009400 <.LBB23698>:
    9400:	c0c38639          	sfpload	L3,398,0,7

00009404 <.LBB23704>:
    9404:	1004d0c2          	sfpmad	L3,L1,L3,L4,0

00009408 <.LBB23707>:
    9408:	c8c38051          	sfpstore	L3,20,0,7

0000940c <.LBB23713>:
    940c:	c1038151          	sfpload	L4,84,0,7

00009410 <.LBB23719>:
    9410:	c0c38641          	sfpload	L3,400,0,7

00009414 <.LBB23725>:
    9414:	1004d0c2          	sfpmad	L3,L1,L3,L4,0

00009418 <.LBB23728>:
    9418:	c8c38151          	sfpstore	L3,84,0,7

0000941c <.LBB23734>:
    941c:	c1038251          	sfpload	L4,148,0,7

00009420 <.LBB23740>:
    9420:	c0c38649          	sfpload	L3,402,0,7

00009424 <.LBB23746>:
    9424:	1004d042          	sfpmad	L1,L1,L3,L4,0

00009428 <.LBB23749>:
    9428:	c8438251          	sfpstore	L1,148,0,7

0000942c <.LBB23755>:
    942c:	142a800a          	sfpadd	L0,L10,L10,L0,2

00009430 <.LBB23758>:
    9430:	18082402          	sfpmul	L0,L2,L0,L9,0

00009434 <.LBB23761>:
    9434:	c8038351          	sfpstore	L0,212,0,7

00009438 <.LBE23540>:
    9438:	00078067          	jr	a5

0000943c <_ZN12_GLOBAL__N_1L16blend_chain_bodyILm5ELm2EEEvmPKNS_15BlendChainEntryE>:
    943c:	00c55713          	srli	a4,a0,0xc

00009440 <.LBB24723>:
    9440:	60171793          	ctz	a5,a4
    9444:	01e7f793          	andi	a5,a5,30

00009448 <.LM2185>:
    9448:	00f75733          	srl	a4,a4,a5

0000944c <.LM2187>:
    944c:	00377713          	andi	a4,a4,3

00009450 <.LBE24723>:
    9450:	20e7a7b3          	sh1add	a5,a5,a4

00009454 <.LM2189>:
    9454:	20b7c7b3          	sh2add	a5,a5,a1
    9458:	0607a783          	lw	a5,96(a5)

0000945c <.LBB24725>:
    945c:	c0838459          	sfpload	L2,278,0,7

00009460 <.LBB24734>:
    9460:	c0438559          	sfpload	L1,342,0,7

00009464 <.LBB24740>:
    9464:	c1038611          	sfpload	L4,388,0,7

00009468 <.LBB24746>:
    9468:	c0c38619          	sfpload	L3,390,0,7

0000946c <.LBB24752>:
    946c:	c0038621          	sfpload	L0,392,0,7

00009470 <.LBB24758>:
    9470:	c1838601          	sfpload	L6,384,0,7

00009474 <.LBB24764>:
    9474:	c1438609          	sfpload	L5,386,0,7

00009478 <.LBB24770>:
    9478:	1428988a          	sfpadd	L2,L10,L2,L6,2

0000947c <.LBB24773>:
    947c:	1428544a          	sfpadd	L1,L10,L1,L5,2

00009480 <.LBB24776>:
    9480:	1808a542          	sfpmul	L5,L2,L2,L9,0

00009484 <.LBB24779>:
    9484:	18116502          	sfpmul	L4,L4,L5,L9,0

00009488 <.LBB24782>:
    9488:	18086482          	sfpmul	L2,L2,L1,L9,0

0000948c <.LBB24785>:
    948c:	100c9082          	sfpmad	L2,L3,L2,L4,0

00009490 <.LBB24788>:
    9490:	18046442          	sfpmul	L1,L1,L1,L9,0

00009494 <.LBB24791>:
    9494:	10004802          	sfpmad	L0,L0,L1,L2,0
    9498:	3c000002          	sfpnop

0000949c <.LBB24794>:
    949c:	48002406          	sfpswap	L0,L9,1
    94a0:	3c000002          	sfpnop

000094a4 <.LBB24796>:
    94a4:	18032402          	sfpmul	L0,L0,L12,L9,0

000094a8 <.LBB24801>:
    94a8:	d50bf801          	sfpaddi	L0,17150,0
    94ac:	3c000002          	sfpnop

000094b0 <.LBB24804>:
    94b0:	48000246          	sfpswap	L9,L0,1
    94b4:	3c000002          	sfpnop

000094b8 <.LBB24806>:
    94b8:	dc000041          	sfpexexp	L1,L0,0

000094bc <.LBB24810>:
    94bc:	e0000001          	sfpexman	L0,L0,0

000094c0 <.LBB24812>:
    94c0:	e8000401          	sfpshft	L0,L1,0x000,0

000094c4 <.LBB24814>:
    94c4:	dc000045          	sfpexexp	L1,L0,1

000094c8 <.LBB24816>:
    94c8:	e0000005          	sfpexman	L0,L0,1

000094cc <.LBB24818>:
    94cc:	40000002          	sfpcast	L0,L0,0

000094d0 <.LBB24820>:
    94d0:	10037882          	sfpmad	L2,L0,L13,L14,0

000094d4 <.LBB24823>:
    94d4:	c0c38659          	sfpload	L3,406,0,7

000094d8 <.LBB24829>:
    94d8:	10008c02          	sfpmad	L0,L0,L2,L3,0

000094dc <.LBB24832>:
    94dc:	08000042          	sfpsetexp	L1,L0,0x000,0

000094e0 <.LBB24834>:
    94e0:	c0038629          	sfpload	L0,394,0,7

000094e4 <.LBB24840>:
    94e4:	18006402          	sfpmul	L0,L0,L1,L9,0

000094e8 <.LBB24843>:
    94e8:	c0438661          	sfpload	L1,408,0,7

000094ec <.LBB24849>:
    94ec:	48000406          	sfpswap	L0,L1,1
    94f0:	3c000002          	sfpnop

000094f4 <.LBB24851>:
    94f4:	c0438631          	sfpload	L1,396,0,7

000094f8 <.LBB24858>:
    94f8:	1006c042          	sfpmad	L1,L1,L11,L0,0
    94fc:	ec000401          	sfpsetcc	L1,0x000,0

00009500 <.LBB24862>:
    9500:	f0002401          	sfpmov	L0,L9,0

00009504 <.LBB24865>:
    9504:	2800c02a          	sfpencc	0x003,10

00009508 <.LBB24868>:
    9508:	c0838359          	sfpload	L2,214,0,7

0000950c <.LBB24874>:
    950c:	1800a442          	sfpmul	L1,L0,L2,L9,0

00009510 <.LBB24877>:
    9510:	c1038059          	sfpload	L4,22,0,7

00009514 <.LBB24883>:
    9514:	c0c38639          	sfpload	L3,398,0,7

00009518 <.LBB24889>:
    9518:	1004d0c2          	sfpmad	L3,L1,L3,L4,0

0000951c <.LBB24892>:
    951c:	c8c38059          	sfpstore	L3,22,0,7

00009520 <.LBB24898>:
    9520:	c1038159          	sfpload	L4,86,0,7

00009524 <.LBB24904>:
    9524:	c0c38641          	sfpload	L3,400,0,7

00009528 <.LBB24910>:
    9528:	1004d0c2          	sfpmad	L3,L1,L3,L4,0

0000952c <.LBB24913>:
    952c:	c8c38159          	sfpstore	L3,86,0,7

00009530 <.LBB24919>:
    9530:	c1038259          	sfpload	L4,150,0,7

00009534 <.LBB24925>:
    9534:	c0c38649          	sfpload	L3,402,0,7

00009538 <.LBB24931>:
    9538:	1004d042          	sfpmad	L1,L1,L3,L4,0

0000953c <.LBB24934>:
    953c:	c8438259          	sfpstore	L1,150,0,7

00009540 <.LBB24940>:
    9540:	142a800a          	sfpadd	L0,L10,L10,L0,2

00009544 <.LBB24943>:
    9544:	18082402          	sfpmul	L0,L2,L0,L9,0

00009548 <.LBB24946>:
    9548:	c8038359          	sfpstore	L0,214,0,7

0000954c <.LBE24725>:
    954c:	00078067          	jr	a5

00009550 <_ZN12_GLOBAL__N_1L16blend_chain_bodyILm5ELm3EEEvmPKNS_15BlendChainEntryE>:
    9550:	00c55713          	srli	a4,a0,0xc

00009554 <.LBB26712>:
    9554:	60171793          	ctz	a5,a4
    9558:	01e7f793          	andi	a5,a5,30

0000955c <.LM2296>:
    955c:	00f75733          	srl	a4,a4,a5

00009560 <.LM2298>:
    9560:	00377713          	andi	a4,a4,3

00009564 <.LBE26712>:
    9564:	20e7a7b3          	sh1add	a5,a5,a4

00009568 <.LM2300>:
    9568:	20b7c7b3          	sh2add	a5,a5,a1
    956c:	0607a783          	lw	a5,96(a5)

00009570 <.LBB26714>:
    9570:	c0038601          	sfpload	L0,384,0,7

00009574 <.LBB26723>:
    9574:	c1038609          	sfpload	L4,386,0,7

00009578 <.LBB26729>:
    9578:	c0838451          	sfpload	L2,276,0,7

0000957c <.LBB26735>:
    957c:	1428808a          	sfpadd	L2,L10,L2,L0,2

00009580 <.LBB26738>:
    9580:	c0438459          	sfpload	L1,278,0,7

00009584 <.LBB26744>:
    9584:	1428404a          	sfpadd	L1,L10,L1,L0,2

00009588 <.LBB26747>:
    9588:	c0038551          	sfpload	L0,340,0,7

0000958c <.LBB26753>:
    958c:	1428100a          	sfpadd	L0,L10,L0,L4,2

00009590 <.LBB26756>:
    9590:	c0c38559          	sfpload	L3,342,0,7

00009594 <.LBB26762>:
    9594:	1428d0ca          	sfpadd	L3,L10,L3,L4,2

00009598 <.LBB26765>:
    9598:	c1438611          	sfpload	L5,388,0,7

0000959c <.LBB26771>:
    959c:	1808a582          	sfpmul	L6,L2,L2,L9,0

000095a0 <.LBB26774>:
    95a0:	1815a582          	sfpmul	L6,L5,L6,L9,0

000095a4 <.LBB26777>:
    95a4:	18046502          	sfpmul	L4,L1,L1,L9,0

000095a8 <.LBB26780>:
    95a8:	18152542          	sfpmul	L5,L5,L4,L9,0

000095ac <.LBB26783>:
    95ac:	c1038619          	sfpload	L4,390,0,7

000095b0 <.LBB26789>:
    95b0:	18082482          	sfpmul	L2,L2,L0,L9,0

000095b4 <.LBB26792>:
    95b4:	10109882          	sfpmad	L2,L4,L2,L6,0

000095b8 <.LBB26795>:
    95b8:	1804e442          	sfpmul	L1,L1,L3,L9,0

000095bc <.LBB26798>:
    95bc:	10105502          	sfpmad	L4,L4,L1,L5,0

000095c0 <.LBB26801>:
    95c0:	c0438621          	sfpload	L1,392,0,7

000095c4 <.LBB26807>:
    95c4:	18002402          	sfpmul	L0,L0,L0,L9,0

000095c8 <.LBB26810>:
    95c8:	10040802          	sfpmad	L0,L1,L0,L2,0

000095cc <.LBB26813>:
    95cc:	180ce4c2          	sfpmul	L3,L3,L3,L9,0

000095d0 <.LBB26816>:
    95d0:	1004d042          	sfpmad	L1,L1,L3,L4,0

000095d4 <.LBB26819>:
    95d4:	48002406          	sfpswap	L0,L9,1
    95d8:	3c000002          	sfpnop

000095dc <.LBB26821>:
    95dc:	48002446          	sfpswap	L1,L9,1
    95e0:	3c000002          	sfpnop

000095e4 <.LBB26823>:
    95e4:	18032402          	sfpmul	L0,L0,L12,L9,0

000095e8 <.LBB26828>:
    95e8:	d50bf801          	sfpaddi	L0,17150,0
    95ec:	3c000002          	sfpnop

000095f0 <.LBB26831>:
    95f0:	48000246          	sfpswap	L9,L0,1
    95f4:	3c000002          	sfpnop

000095f8 <.LBB26833>:
    95f8:	dc000081          	sfpexexp	L2,L0,0

000095fc <.LBB26837>:
    95fc:	e0000001          	sfpexman	L0,L0,0

00009600 <.LBB26839>:
    9600:	e8000801          	sfpshft	L0,L2,0x000,0

00009604 <.LBB26841>:
    9604:	dc000085          	sfpexexp	L2,L0,1

00009608 <.LBB26843>:
    9608:	1000014c          	ttreplay	0,5,1,1
    960c:	e0000005          	sfpexman	L0,L0,1

00009610 <.LBB26845>:
    9610:	40000002          	sfpcast	L0,L0,0

00009614 <.LBB26847>:
    9614:	100378c2          	sfpmad	L3,L0,L13,L14,0

00009618 <.LBB26850>:
    9618:	c1038659          	sfpload	L4,406,0,7

0000961c <.LBB26856>:
    961c:	1000d002          	sfpmad	L0,L0,L3,L4,0

00009620 <.LBB26859>:
    9620:	08000082          	sfpsetexp	L2,L0,0x000,0

00009624 <.LBB26861>:
    9624:	18072442          	sfpmul	L1,L1,L12,L9,0

00009628 <.LBB26866>:
    9628:	d50bf841          	sfpaddi	L1,17150,0
    962c:	3c000002          	sfpnop

00009630 <.LBB26869>:
    9630:	48000646          	sfpswap	L9,L1,1
    9634:	3c000002          	sfpnop

00009638 <.LBB26871>:
    9638:	dc0004c1          	sfpexexp	L3,L1,0

0000963c <.LBB26875>:
    963c:	e0000401          	sfpexman	L0,L1,0

00009640 <.LBB26877>:
    9640:	e8000c01          	sfpshft	L0,L3,0x000,0

00009644 <.LBB26879>:
    9644:	dc000045          	sfpexexp	L1,L0,1

00009648 <.LBB26881>:
    9648:	10000140          	ttreplay	0,5,0,0

0000964c <.LBB26884>:
    964c:	08000042          	sfpsetexp	L1,L0,0x000,0

00009650 <.LBB26886>:
    9650:	c0038629          	sfpload	L0,394,0,7

00009654 <.LBB26892>:
    9654:	1800a482          	sfpmul	L2,L0,L2,L9,0

00009658 <.LBB26895>:
    9658:	18006402          	sfpmul	L0,L0,L1,L9,0

0000965c <.LBB26898>:
    965c:	c0c38661          	sfpload	L3,408,0,7

00009660 <.LBB26904>:
    9660:	c0438661          	sfpload	L1,408,0,7

00009664 <.LBB26910>:
    9664:	48000c86          	sfpswap	L2,L3,1
    9668:	3c000002          	sfpnop

0000966c <.LBB26912>:
    966c:	48000406          	sfpswap	L0,L1,1
    9670:	3c000002          	sfpnop

00009674 <.LBB26914>:
    9674:	c0438631          	sfpload	L1,396,0,7

00009678 <.LBB26921>:
    9678:	1006c842          	sfpmad	L1,L1,L11,L2,0
    967c:	ec000401          	sfpsetcc	L1,0x000,0

00009680 <.LBB26925>:
    9680:	f0002481          	sfpmov	L2,L9,0

00009684 <.LBB26928>:
    9684:	2800c02a          	sfpencc	0x003,10

00009688 <.LBB26931>:
    9688:	c0438631          	sfpload	L1,396,0,7

0000968c <.LBB26938>:
    968c:	1006c042          	sfpmad	L1,L1,L11,L0,0
    9690:	ec000401          	sfpsetcc	L1,0x000,0

00009694 <.LBB26942>:
    9694:	f0002401          	sfpmov	L0,L9,0

00009698 <.LBB26945>:
    9698:	2800c02a          	sfpencc	0x003,10

0000969c <.LBB26948>:
    969c:	c1438351          	sfpload	L5,212,0,7

000096a0 <.LBB26954>:
    96a0:	c1038359          	sfpload	L4,214,0,7

000096a4 <.LBB26960>:
    96a4:	180964c2          	sfpmul	L3,L2,L5,L9,0

000096a8 <.LBB26963>:
    96a8:	18012442          	sfpmul	L1,L0,L4,L9,0

000096ac <.LBB26966>:
    96ac:	c1838639          	sfpload	L6,398,0,7

000096b0 <.LBB26972>:
    96b0:	c1c38051          	sfpload	L7,20,0,7

000096b4 <.LBB26978>:
    96b4:	100d9dc2          	sfpmad	L7,L3,L6,L7,0

000096b8 <.LBB26981>:
    96b8:	c9c38051          	sfpstore	L7,20,0,7

000096bc <.LBB26987>:
    96bc:	c1c38059          	sfpload	L7,22,0,7

000096c0 <.LBB26993>:
    96c0:	10059d82          	sfpmad	L6,L1,L6,L7,0

000096c4 <.LBB26996>:
    96c4:	c9838059          	sfpstore	L6,22,0,7

000096c8 <.LBB27002>:
    96c8:	c1838641          	sfpload	L6,400,0,7

000096cc <.LBB27008>:
    96cc:	c1c38151          	sfpload	L7,84,0,7

000096d0 <.LBB27014>:
    96d0:	100d9dc2          	sfpmad	L7,L3,L6,L7,0

000096d4 <.LBB27017>:
    96d4:	c9c38151          	sfpstore	L7,84,0,7

000096d8 <.LBB27023>:
    96d8:	c1c38159          	sfpload	L7,86,0,7

000096dc <.LBB27029>:
    96dc:	10059d82          	sfpmad	L6,L1,L6,L7,0

000096e0 <.LBB27032>:
    96e0:	c9838159          	sfpstore	L6,86,0,7

000096e4 <.LBB27038>:
    96e4:	c1838649          	sfpload	L6,402,0,7

000096e8 <.LBB27044>:
    96e8:	c1c38251          	sfpload	L7,148,0,7

000096ec <.LBB27050>:
    96ec:	100d9cc2          	sfpmad	L3,L3,L6,L7,0

000096f0 <.LBB27053>:
    96f0:	c8c38251          	sfpstore	L3,148,0,7

000096f4 <.LBB27059>:
    96f4:	c0c38259          	sfpload	L3,150,0,7

000096f8 <.LBB27065>:
    96f8:	10058c42          	sfpmad	L1,L1,L6,L3,0

000096fc <.LBB27068>:
    96fc:	c8438259          	sfpstore	L1,150,0,7

00009700 <.LBB27074>:
    9700:	142a888a          	sfpadd	L2,L10,L10,L2,2

00009704 <.LBB27077>:
    9704:	1814a542          	sfpmul	L5,L5,L2,L9,0

00009708 <.LBB27080>:
    9708:	c9438351          	sfpstore	L5,212,0,7

0000970c <.LBB27086>:
    970c:	142a800a          	sfpadd	L0,L10,L10,L0,2

00009710 <.LBB27089>:
    9710:	18102402          	sfpmul	L0,L4,L0,L9,0

00009714 <.LBB27092>:
    9714:	c8038359          	sfpstore	L0,214,0,7

00009718 <.LBE26714>:
    9718:	00078067          	jr	a5

0000971c <_ZN12_GLOBAL__N_1L16blend_chain_bodyILm6ELm1EEEvmPKNS_15BlendChainEntryE>:
    971c:	00e55713          	srli	a4,a0,0xe

00009720 <.LBB28054>:
    9720:	60171793          	ctz	a5,a4
    9724:	01e7f793          	andi	a5,a5,30

00009728 <.LM2487>:
    9728:	00f75733          	srl	a4,a4,a5

0000972c <.LM2489>:
    972c:	00377713          	andi	a4,a4,3

00009730 <.LBE28054>:
    9730:	20e7a7b3          	sh1add	a5,a5,a4

00009734 <.LM2491>:
    9734:	20b7c7b3          	sh2add	a5,a5,a1
    9738:	0707a783          	lw	a5,112(a5)

0000973c <.LBB28056>:
    973c:	c0838461          	sfpload	L2,280,0,7

00009740 <.LBB28065>:
    9740:	c0438561          	sfpload	L1,344,0,7

00009744 <.LBB28071>:
    9744:	c1038611          	sfpload	L4,388,0,7

00009748 <.LBB28077>:
    9748:	c0c38619          	sfpload	L3,390,0,7

0000974c <.LBB28083>:
    974c:	c0038621          	sfpload	L0,392,0,7

00009750 <.LBB28089>:
    9750:	c1838601          	sfpload	L6,384,0,7

00009754 <.LBB28095>:
    9754:	c1438609          	sfpload	L5,386,0,7

00009758 <.LBB28101>:
    9758:	1428988a          	sfpadd	L2,L10,L2,L6,2

0000975c <.LBB28104>:
    975c:	1428544a          	sfpadd	L1,L10,L1,L5,2

00009760 <.LBB28107>:
    9760:	1808a542          	sfpmul	L5,L2,L2,L9,0

00009764 <.LBB28110>:
    9764:	18116502          	sfpmul	L4,L4,L5,L9,0

00009768 <.LBB28113>:
    9768:	18086482          	sfpmul	L2,L2,L1,L9,0

0000976c <.LBB28116>:
    976c:	100c9082          	sfpmad	L2,L3,L2,L4,0

00009770 <.LBB28119>:
    9770:	18046442          	sfpmul	L1,L1,L1,L9,0

00009774 <.LBB28122>:
    9774:	10004802          	sfpmad	L0,L0,L1,L2,0
    9778:	3c000002          	sfpnop

0000977c <.LBB28125>:
    977c:	48002406          	sfpswap	L0,L9,1
    9780:	3c000002          	sfpnop

00009784 <.LBB28127>:
    9784:	18032402          	sfpmul	L0,L0,L12,L9,0

00009788 <.LBB28132>:
    9788:	d50bf801          	sfpaddi	L0,17150,0
    978c:	3c000002          	sfpnop

00009790 <.LBB28135>:
    9790:	48000246          	sfpswap	L9,L0,1
    9794:	3c000002          	sfpnop

00009798 <.LBB28137>:
    9798:	dc000041          	sfpexexp	L1,L0,0

0000979c <.LBB28141>:
    979c:	e0000001          	sfpexman	L0,L0,0

000097a0 <.LBB28143>:
    97a0:	e8000401          	sfpshft	L0,L1,0x000,0

000097a4 <.LBB28145>:
    97a4:	dc000045          	sfpexexp	L1,L0,1

000097a8 <.LBB28147>:
    97a8:	e0000005          	sfpexman	L0,L0,1

000097ac <.LBB28149>:
    97ac:	40000002          	sfpcast	L0,L0,0

000097b0 <.LBB28151>:
    97b0:	10037882          	sfpmad	L2,L0,L13,L14,0

000097b4 <.LBB28154>:
    97b4:	c0c38659          	sfpload	L3,406,0,7

000097b8 <.LBB28160>:
    97b8:	10008c02          	sfpmad	L0,L0,L2,L3,0

000097bc <.LBB28163>:
    97bc:	08000042          	sfpsetexp	L1,L0,0x000,0

000097c0 <.LBB28165>:
    97c0:	c0038629          	sfpload	L0,394,0,7

000097c4 <.LBB28171>:
    97c4:	18006402          	sfpmul	L0,L0,L1,L9,0

000097c8 <.LBB28174>:
    97c8:	c0438661          	sfpload	L1,408,0,7

000097cc <.LBB28180>:
    97cc:	48000406          	sfpswap	L0,L1,1
    97d0:	3c000002          	sfpnop

000097d4 <.LBB28182>:
    97d4:	c0438631          	sfpload	L1,396,0,7

000097d8 <.LBB28189>:
    97d8:	1006c042          	sfpmad	L1,L1,L11,L0,0
    97dc:	ec000401          	sfpsetcc	L1,0x000,0

000097e0 <.LBB28193>:
    97e0:	f0002401          	sfpmov	L0,L9,0

000097e4 <.LBB28196>:
    97e4:	2800c02a          	sfpencc	0x003,10

000097e8 <.LBB28199>:
    97e8:	c0838361          	sfpload	L2,216,0,7

000097ec <.LBB28205>:
    97ec:	1800a442          	sfpmul	L1,L0,L2,L9,0

000097f0 <.LBB28208>:
    97f0:	c1038061          	sfpload	L4,24,0,7

000097f4 <.LBB28214>:
    97f4:	c0c38639          	sfpload	L3,398,0,7

000097f8 <.LBB28220>:
    97f8:	1004d0c2          	sfpmad	L3,L1,L3,L4,0

000097fc <.LBB28223>:
    97fc:	c8c38061          	sfpstore	L3,24,0,7

00009800 <.LBB28229>:
    9800:	c1038161          	sfpload	L4,88,0,7

00009804 <.LBB28235>:
    9804:	c0c38641          	sfpload	L3,400,0,7

00009808 <.LBB28241>:
    9808:	1004d0c2          	sfpmad	L3,L1,L3,L4,0

0000980c <.LBB28244>:
    980c:	c8c38161          	sfpstore	L3,88,0,7

00009810 <.LBB28250>:
    9810:	c1038261          	sfpload	L4,152,0,7

00009814 <.LBB28256>:
    9814:	c0c38649          	sfpload	L3,402,0,7

00009818 <.LBB28262>:
    9818:	1004d042          	sfpmad	L1,L1,L3,L4,0

0000981c <.LBB28265>:
    981c:	c8438261          	sfpstore	L1,152,0,7

00009820 <.LBB28271>:
    9820:	142a800a          	sfpadd	L0,L10,L10,L0,2

00009824 <.LBB28274>:
    9824:	18082402          	sfpmul	L0,L2,L0,L9,0

00009828 <.LBB28277>:
    9828:	c8038361          	sfpstore	L0,216,0,7

0000982c <.LBE28056>:
    982c:	00078067          	jr	a5

00009830 <_ZN12_GLOBAL__N_1L16blend_chain_bodyILm6ELm2EEEvmPKNS_15BlendChainEntryE>:
    9830:	00e55713          	srli	a4,a0,0xe

00009834 <.LBB29239>:
    9834:	60171793          	ctz	a5,a4
    9838:	01e7f793          	andi	a5,a5,30

0000983c <.LM2598>:
    983c:	00f75733          	srl	a4,a4,a5

00009840 <.LM2600>:
    9840:	00377713          	andi	a4,a4,3

00009844 <.LBE29239>:
    9844:	20e7a7b3          	sh1add	a5,a5,a4

00009848 <.LM2602>:
    9848:	20b7c7b3          	sh2add	a5,a5,a1
    984c:	0707a783          	lw	a5,112(a5)

00009850 <.LBB29241>:
    9850:	c0838469          	sfpload	L2,282,0,7

00009854 <.LBB29250>:
    9854:	c0438569          	sfpload	L1,346,0,7

00009858 <.LBB29256>:
    9858:	c1038611          	sfpload	L4,388,0,7

0000985c <.LBB29262>:
    985c:	c0c38619          	sfpload	L3,390,0,7

00009860 <.LBB29268>:
    9860:	c0038621          	sfpload	L0,392,0,7

00009864 <.LBB29274>:
    9864:	c1838601          	sfpload	L6,384,0,7

00009868 <.LBB29280>:
    9868:	c1438609          	sfpload	L5,386,0,7

0000986c <.LBB29286>:
    986c:	1428988a          	sfpadd	L2,L10,L2,L6,2

00009870 <.LBB29289>:
    9870:	1428544a          	sfpadd	L1,L10,L1,L5,2

00009874 <.LBB29292>:
    9874:	1808a542          	sfpmul	L5,L2,L2,L9,0

00009878 <.LBB29295>:
    9878:	18116502          	sfpmul	L4,L4,L5,L9,0

0000987c <.LBB29298>:
    987c:	18086482          	sfpmul	L2,L2,L1,L9,0

00009880 <.LBB29301>:
    9880:	100c9082          	sfpmad	L2,L3,L2,L4,0

00009884 <.LBB29304>:
    9884:	18046442          	sfpmul	L1,L1,L1,L9,0

00009888 <.LBB29307>:
    9888:	10004802          	sfpmad	L0,L0,L1,L2,0
    988c:	3c000002          	sfpnop

00009890 <.LBB29310>:
    9890:	48002406          	sfpswap	L0,L9,1
    9894:	3c000002          	sfpnop

00009898 <.LBB29312>:
    9898:	18032402          	sfpmul	L0,L0,L12,L9,0

0000989c <.LBB29317>:
    989c:	d50bf801          	sfpaddi	L0,17150,0
    98a0:	3c000002          	sfpnop

000098a4 <.LBB29320>:
    98a4:	48000246          	sfpswap	L9,L0,1
    98a8:	3c000002          	sfpnop

000098ac <.LBB29322>:
    98ac:	dc000041          	sfpexexp	L1,L0,0

000098b0 <.LBB29326>:
    98b0:	e0000001          	sfpexman	L0,L0,0

000098b4 <.LBB29328>:
    98b4:	e8000401          	sfpshft	L0,L1,0x000,0

000098b8 <.LBB29330>:
    98b8:	dc000045          	sfpexexp	L1,L0,1

000098bc <.LBB29332>:
    98bc:	e0000005          	sfpexman	L0,L0,1

000098c0 <.LBB29334>:
    98c0:	40000002          	sfpcast	L0,L0,0

000098c4 <.LBB29336>:
    98c4:	10037882          	sfpmad	L2,L0,L13,L14,0

000098c8 <.LBB29339>:
    98c8:	c0c38659          	sfpload	L3,406,0,7

000098cc <.LBB29345>:
    98cc:	10008c02          	sfpmad	L0,L0,L2,L3,0

000098d0 <.LBB29348>:
    98d0:	08000042          	sfpsetexp	L1,L0,0x000,0

000098d4 <.LBB29350>:
    98d4:	c0038629          	sfpload	L0,394,0,7

000098d8 <.LBB29356>:
    98d8:	18006402          	sfpmul	L0,L0,L1,L9,0

000098dc <.LBB29359>:
    98dc:	c0438661          	sfpload	L1,408,0,7

000098e0 <.LBB29365>:
    98e0:	48000406          	sfpswap	L0,L1,1
    98e4:	3c000002          	sfpnop

000098e8 <.LBB29367>:
    98e8:	c0438631          	sfpload	L1,396,0,7

000098ec <.LBB29374>:
    98ec:	1006c042          	sfpmad	L1,L1,L11,L0,0
    98f0:	ec000401          	sfpsetcc	L1,0x000,0

000098f4 <.LBB29378>:
    98f4:	f0002401          	sfpmov	L0,L9,0

000098f8 <.LBB29381>:
    98f8:	2800c02a          	sfpencc	0x003,10

000098fc <.LBB29384>:
    98fc:	c0838369          	sfpload	L2,218,0,7

00009900 <.LBB29390>:
    9900:	1800a442          	sfpmul	L1,L0,L2,L9,0

00009904 <.LBB29393>:
    9904:	c1038069          	sfpload	L4,26,0,7

00009908 <.LBB29399>:
    9908:	c0c38639          	sfpload	L3,398,0,7

0000990c <.LBB29405>:
    990c:	1004d0c2          	sfpmad	L3,L1,L3,L4,0

00009910 <.LBB29408>:
    9910:	c8c38069          	sfpstore	L3,26,0,7

00009914 <.LBB29414>:
    9914:	c1038169          	sfpload	L4,90,0,7

00009918 <.LBB29420>:
    9918:	c0c38641          	sfpload	L3,400,0,7

0000991c <.LBB29426>:
    991c:	1004d0c2          	sfpmad	L3,L1,L3,L4,0

00009920 <.LBB29429>:
    9920:	c8c38169          	sfpstore	L3,90,0,7

00009924 <.LBB29435>:
    9924:	c1038269          	sfpload	L4,154,0,7

00009928 <.LBB29441>:
    9928:	c0c38649          	sfpload	L3,402,0,7

0000992c <.LBB29447>:
    992c:	1004d042          	sfpmad	L1,L1,L3,L4,0

00009930 <.LBB29450>:
    9930:	c8438269          	sfpstore	L1,154,0,7

00009934 <.LBB29456>:
    9934:	142a800a          	sfpadd	L0,L10,L10,L0,2

00009938 <.LBB29459>:
    9938:	18082402          	sfpmul	L0,L2,L0,L9,0

0000993c <.LBB29462>:
    993c:	c8038369          	sfpstore	L0,218,0,7

00009940 <.LBE29241>:
    9940:	00078067          	jr	a5

00009944 <_ZN12_GLOBAL__N_1L16blend_chain_bodyILm6ELm3EEEvmPKNS_15BlendChainEntryE>:
    9944:	00e55713          	srli	a4,a0,0xe

00009948 <.LBB31228>:
    9948:	60171793          	ctz	a5,a4
    994c:	01e7f793          	andi	a5,a5,30

00009950 <.LM2709>:
    9950:	00f75733          	srl	a4,a4,a5

00009954 <.LM2711>:
    9954:	00377713          	andi	a4,a4,3

00009958 <.LBE31228>:
    9958:	20e7a7b3          	sh1add	a5,a5,a4

0000995c <.LM2713>:
    995c:	20b7c7b3          	sh2add	a5,a5,a1
    9960:	0707a783          	lw	a5,112(a5)

00009964 <.LBB31230>:
    9964:	c0038601          	sfpload	L0,384,0,7

00009968 <.LBB31239>:
    9968:	c1038609          	sfpload	L4,386,0,7

0000996c <.LBB31245>:
    996c:	c0838461          	sfpload	L2,280,0,7

00009970 <.LBB31251>:
    9970:	1428808a          	sfpadd	L2,L10,L2,L0,2

00009974 <.LBB31254>:
    9974:	c0438469          	sfpload	L1,282,0,7

00009978 <.LBB31260>:
    9978:	1428404a          	sfpadd	L1,L10,L1,L0,2

0000997c <.LBB31263>:
    997c:	c0038561          	sfpload	L0,344,0,7

00009980 <.LBB31269>:
    9980:	1428100a          	sfpadd	L0,L10,L0,L4,2

00009984 <.LBB31272>:
    9984:	c0c38569          	sfpload	L3,346,0,7

00009988 <.LBB31278>:
    9988:	1428d0ca          	sfpadd	L3,L10,L3,L4,2

0000998c <.LBB31281>:
    998c:	c1438611          	sfpload	L5,388,0,7

00009990 <.LBB31287>:
    9990:	1808a582          	sfpmul	L6,L2,L2,L9,0

00009994 <.LBB31290>:
    9994:	1815a582          	sfpmul	L6,L5,L6,L9,0

00009998 <.LBB31293>:
    9998:	18046502          	sfpmul	L4,L1,L1,L9,0

0000999c <.LBB31296>:
    999c:	18152542          	sfpmul	L5,L5,L4,L9,0

000099a0 <.LBB31299>:
    99a0:	c1038619          	sfpload	L4,390,0,7

000099a4 <.LBB31305>:
    99a4:	18082482          	sfpmul	L2,L2,L0,L9,0

000099a8 <.LBB31308>:
    99a8:	10109882          	sfpmad	L2,L4,L2,L6,0

000099ac <.LBB31311>:
    99ac:	1804e442          	sfpmul	L1,L1,L3,L9,0

000099b0 <.LBB31314>:
    99b0:	10105502          	sfpmad	L4,L4,L1,L5,0

000099b4 <.LBB31317>:
    99b4:	c0438621          	sfpload	L1,392,0,7

000099b8 <.LBB31323>:
    99b8:	18002402          	sfpmul	L0,L0,L0,L9,0

000099bc <.LBB31326>:
    99bc:	10040802          	sfpmad	L0,L1,L0,L2,0

000099c0 <.LBB31329>:
    99c0:	180ce4c2          	sfpmul	L3,L3,L3,L9,0

000099c4 <.LBB31332>:
    99c4:	1004d042          	sfpmad	L1,L1,L3,L4,0

000099c8 <.LBB31335>:
    99c8:	48002406          	sfpswap	L0,L9,1
    99cc:	3c000002          	sfpnop

000099d0 <.LBB31337>:
    99d0:	48002446          	sfpswap	L1,L9,1
    99d4:	3c000002          	sfpnop

000099d8 <.LBB31339>:
    99d8:	18032402          	sfpmul	L0,L0,L12,L9,0

000099dc <.LBB31344>:
    99dc:	d50bf801          	sfpaddi	L0,17150,0
    99e0:	3c000002          	sfpnop

000099e4 <.LBB31347>:
    99e4:	48000246          	sfpswap	L9,L0,1
    99e8:	3c000002          	sfpnop

000099ec <.LBB31349>:
    99ec:	dc000081          	sfpexexp	L2,L0,0

000099f0 <.LBB31353>:
    99f0:	e0000001          	sfpexman	L0,L0,0

000099f4 <.LBB31355>:
    99f4:	e8000801          	sfpshft	L0,L2,0x000,0

000099f8 <.LBB31357>:
    99f8:	dc000085          	sfpexexp	L2,L0,1

000099fc <.LBB31359>:
    99fc:	1000014c          	ttreplay	0,5,1,1
    9a00:	e0000005          	sfpexman	L0,L0,1

00009a04 <.LBB31361>:
    9a04:	40000002          	sfpcast	L0,L0,0

00009a08 <.LBB31363>:
    9a08:	100378c2          	sfpmad	L3,L0,L13,L14,0

00009a0c <.LBB31366>:
    9a0c:	c1038659          	sfpload	L4,406,0,7

00009a10 <.LBB31372>:
    9a10:	1000d002          	sfpmad	L0,L0,L3,L4,0

00009a14 <.LBB31375>:
    9a14:	08000082          	sfpsetexp	L2,L0,0x000,0

00009a18 <.LBB31377>:
    9a18:	18072442          	sfpmul	L1,L1,L12,L9,0

00009a1c <.LBB31382>:
    9a1c:	d50bf841          	sfpaddi	L1,17150,0
    9a20:	3c000002          	sfpnop

00009a24 <.LBB31385>:
    9a24:	48000646          	sfpswap	L9,L1,1
    9a28:	3c000002          	sfpnop

00009a2c <.LBB31387>:
    9a2c:	dc0004c1          	sfpexexp	L3,L1,0

00009a30 <.LBB31391>:
    9a30:	e0000401          	sfpexman	L0,L1,0

00009a34 <.LBB31393>:
    9a34:	e8000c01          	sfpshft	L0,L3,0x000,0

00009a38 <.LBB31395>:
    9a38:	dc000045          	sfpexexp	L1,L0,1

00009a3c <.LBB31397>:
    9a3c:	10000140          	ttreplay	0,5,0,0

00009a40 <.LBB31400>:
    9a40:	08000042          	sfpsetexp	L1,L0,0x000,0

00009a44 <.LBB31402>:
    9a44:	c0038629          	sfpload	L0,394,0,7

00009a48 <.LBB31408>:
    9a48:	1800a482          	sfpmul	L2,L0,L2,L9,0

00009a4c <.LBB31411>:
    9a4c:	18006402          	sfpmul	L0,L0,L1,L9,0

00009a50 <.LBB31414>:
    9a50:	c0c38661          	sfpload	L3,408,0,7

00009a54 <.LBB31420>:
    9a54:	c0438661          	sfpload	L1,408,0,7

00009a58 <.LBB31426>:
    9a58:	48000c86          	sfpswap	L2,L3,1
    9a5c:	3c000002          	sfpnop

00009a60 <.LBB31428>:
    9a60:	48000406          	sfpswap	L0,L1,1
    9a64:	3c000002          	sfpnop

00009a68 <.LBB31430>:
    9a68:	c0438631          	sfpload	L1,396,0,7

00009a6c <.LBB31437>:
    9a6c:	1006c842          	sfpmad	L1,L1,L11,L2,0
    9a70:	ec000401          	sfpsetcc	L1,0x000,0

00009a74 <.LBB31441>:
    9a74:	f0002481          	sfpmov	L2,L9,0

00009a78 <.LBB31444>:
    9a78:	2800c02a          	sfpencc	0x003,10

00009a7c <.LBB31447>:
    9a7c:	c0438631          	sfpload	L1,396,0,7

00009a80 <.LBB31454>:
    9a80:	1006c042          	sfpmad	L1,L1,L11,L0,0
    9a84:	ec000401          	sfpsetcc	L1,0x000,0

00009a88 <.LBB31458>:
    9a88:	f0002401          	sfpmov	L0,L9,0

00009a8c <.LBB31461>:
    9a8c:	2800c02a          	sfpencc	0x003,10

00009a90 <.LBB31464>:
    9a90:	c1438361          	sfpload	L5,216,0,7

00009a94 <.LBB31470>:
    9a94:	c1038369          	sfpload	L4,218,0,7

00009a98 <.LBB31476>:
    9a98:	180964c2          	sfpmul	L3,L2,L5,L9,0

00009a9c <.LBB31479>:
    9a9c:	18012442          	sfpmul	L1,L0,L4,L9,0

00009aa0 <.LBB31482>:
    9aa0:	c1838639          	sfpload	L6,398,0,7

00009aa4 <.LBB31488>:
    9aa4:	c1c38061          	sfpload	L7,24,0,7

00009aa8 <.LBB31494>:
    9aa8:	100d9dc2          	sfpmad	L7,L3,L6,L7,0

00009aac <.LBB31497>:
    9aac:	c9c38061          	sfpstore	L7,24,0,7

00009ab0 <.LBB31503>:
    9ab0:	c1c38069          	sfpload	L7,26,0,7

00009ab4 <.LBB31509>:
    9ab4:	10059d82          	sfpmad	L6,L1,L6,L7,0

00009ab8 <.LBB31512>:
    9ab8:	c9838069          	sfpstore	L6,26,0,7

00009abc <.LBB31518>:
    9abc:	c1838641          	sfpload	L6,400,0,7

00009ac0 <.LBB31524>:
    9ac0:	c1c38161          	sfpload	L7,88,0,7

00009ac4 <.LBB31530>:
    9ac4:	100d9dc2          	sfpmad	L7,L3,L6,L7,0

00009ac8 <.LBB31533>:
    9ac8:	c9c38161          	sfpstore	L7,88,0,7

00009acc <.LBB31539>:
    9acc:	c1c38169          	sfpload	L7,90,0,7

00009ad0 <.LBB31545>:
    9ad0:	10059d82          	sfpmad	L6,L1,L6,L7,0

00009ad4 <.LBB31548>:
    9ad4:	c9838169          	sfpstore	L6,90,0,7

00009ad8 <.LBB31554>:
    9ad8:	c1838649          	sfpload	L6,402,0,7

00009adc <.LBB31560>:
    9adc:	c1c38261          	sfpload	L7,152,0,7

00009ae0 <.LBB31566>:
    9ae0:	100d9cc2          	sfpmad	L3,L3,L6,L7,0

00009ae4 <.LBB31569>:
    9ae4:	c8c38261          	sfpstore	L3,152,0,7

00009ae8 <.LBB31575>:
    9ae8:	c0c38269          	sfpload	L3,154,0,7

00009aec <.LBB31581>:
    9aec:	10058c42          	sfpmad	L1,L1,L6,L3,0

00009af0 <.LBB31584>:
    9af0:	c8438269          	sfpstore	L1,154,0,7

00009af4 <.LBB31590>:
    9af4:	142a888a          	sfpadd	L2,L10,L10,L2,2

00009af8 <.LBB31593>:
    9af8:	1814a542          	sfpmul	L5,L5,L2,L9,0

00009afc <.LBB31596>:
    9afc:	c9438361          	sfpstore	L5,216,0,7

00009b00 <.LBB31602>:
    9b00:	142a800a          	sfpadd	L0,L10,L10,L0,2

00009b04 <.LBB31605>:
    9b04:	18102402          	sfpmul	L0,L4,L0,L9,0

00009b08 <.LBB31608>:
    9b08:	c8038369          	sfpstore	L0,218,0,7

00009b0c <.LBE31230>:
    9b0c:	00078067          	jr	a5

00009b10 <_ZN12_GLOBAL__N_1L16blend_chain_bodyILm7ELm1EEEvmPKNS_15BlendChainEntryE>:
    9b10:	01055713          	srli	a4,a0,0x10

00009b14 <.LBB32570>:
    9b14:	60171793          	ctz	a5,a4
    9b18:	01e7f793          	andi	a5,a5,30

00009b1c <.LM2900>:
    9b1c:	00f75733          	srl	a4,a4,a5

00009b20 <.LM2902>:
    9b20:	00377713          	andi	a4,a4,3

00009b24 <.LBE32570>:
    9b24:	20e7a7b3          	sh1add	a5,a5,a4

00009b28 <.LM2904>:
    9b28:	20b7c7b3          	sh2add	a5,a5,a1
    9b2c:	0807a783          	lw	a5,128(a5)

00009b30 <.LBB32572>:
    9b30:	c0838471          	sfpload	L2,284,0,7

00009b34 <.LBB32581>:
    9b34:	c0438571          	sfpload	L1,348,0,7

00009b38 <.LBB32587>:
    9b38:	c1038611          	sfpload	L4,388,0,7

00009b3c <.LBB32593>:
    9b3c:	c0c38619          	sfpload	L3,390,0,7

00009b40 <.LBB32599>:
    9b40:	c0038621          	sfpload	L0,392,0,7

00009b44 <.LBB32605>:
    9b44:	c1838601          	sfpload	L6,384,0,7

00009b48 <.LBB32611>:
    9b48:	c1438609          	sfpload	L5,386,0,7

00009b4c <.LBB32617>:
    9b4c:	1428988a          	sfpadd	L2,L10,L2,L6,2

00009b50 <.LBB32620>:
    9b50:	1428544a          	sfpadd	L1,L10,L1,L5,2

00009b54 <.LBB32623>:
    9b54:	1808a542          	sfpmul	L5,L2,L2,L9,0

00009b58 <.LBB32626>:
    9b58:	18116502          	sfpmul	L4,L4,L5,L9,0

00009b5c <.LBB32629>:
    9b5c:	18086482          	sfpmul	L2,L2,L1,L9,0

00009b60 <.LBB32632>:
    9b60:	100c9082          	sfpmad	L2,L3,L2,L4,0

00009b64 <.LBB32635>:
    9b64:	18046442          	sfpmul	L1,L1,L1,L9,0

00009b68 <.LBB32638>:
    9b68:	10004802          	sfpmad	L0,L0,L1,L2,0
    9b6c:	3c000002          	sfpnop

00009b70 <.LBB32641>:
    9b70:	48002406          	sfpswap	L0,L9,1
    9b74:	3c000002          	sfpnop

00009b78 <.LBB32643>:
    9b78:	18032402          	sfpmul	L0,L0,L12,L9,0

00009b7c <.LBB32648>:
    9b7c:	d50bf801          	sfpaddi	L0,17150,0
    9b80:	3c000002          	sfpnop

00009b84 <.LBB32651>:
    9b84:	48000246          	sfpswap	L9,L0,1
    9b88:	3c000002          	sfpnop

00009b8c <.LBB32653>:
    9b8c:	dc000041          	sfpexexp	L1,L0,0

00009b90 <.LBB32657>:
    9b90:	e0000001          	sfpexman	L0,L0,0

00009b94 <.LBB32659>:
    9b94:	e8000401          	sfpshft	L0,L1,0x000,0

00009b98 <.LBB32661>:
    9b98:	dc000045          	sfpexexp	L1,L0,1

00009b9c <.LBB32663>:
    9b9c:	e0000005          	sfpexman	L0,L0,1

00009ba0 <.LBB32665>:
    9ba0:	40000002          	sfpcast	L0,L0,0

00009ba4 <.LBB32667>:
    9ba4:	10037882          	sfpmad	L2,L0,L13,L14,0

00009ba8 <.LBB32670>:
    9ba8:	c0c38659          	sfpload	L3,406,0,7

00009bac <.LBB32676>:
    9bac:	10008c02          	sfpmad	L0,L0,L2,L3,0

00009bb0 <.LBB32679>:
    9bb0:	08000042          	sfpsetexp	L1,L0,0x000,0

00009bb4 <.LBB32681>:
    9bb4:	c0038629          	sfpload	L0,394,0,7

00009bb8 <.LBB32687>:
    9bb8:	18006402          	sfpmul	L0,L0,L1,L9,0

00009bbc <.LBB32690>:
    9bbc:	c0438661          	sfpload	L1,408,0,7

00009bc0 <.LBB32696>:
    9bc0:	48000406          	sfpswap	L0,L1,1
    9bc4:	3c000002          	sfpnop

00009bc8 <.LBB32698>:
    9bc8:	c0438631          	sfpload	L1,396,0,7

00009bcc <.LBB32705>:
    9bcc:	1006c042          	sfpmad	L1,L1,L11,L0,0
    9bd0:	ec000401          	sfpsetcc	L1,0x000,0

00009bd4 <.LBB32709>:
    9bd4:	f0002401          	sfpmov	L0,L9,0

00009bd8 <.LBB32712>:
    9bd8:	2800c02a          	sfpencc	0x003,10

00009bdc <.LBB32715>:
    9bdc:	c0838371          	sfpload	L2,220,0,7

00009be0 <.LBB32721>:
    9be0:	1800a442          	sfpmul	L1,L0,L2,L9,0

00009be4 <.LBB32724>:
    9be4:	c1038071          	sfpload	L4,28,0,7

00009be8 <.LBB32730>:
    9be8:	c0c38639          	sfpload	L3,398,0,7

00009bec <.LBB32736>:
    9bec:	1004d0c2          	sfpmad	L3,L1,L3,L4,0

00009bf0 <.LBB32739>:
    9bf0:	c8c38071          	sfpstore	L3,28,0,7

00009bf4 <.LBB32745>:
    9bf4:	c1038171          	sfpload	L4,92,0,7

00009bf8 <.LBB32751>:
    9bf8:	c0c38641          	sfpload	L3,400,0,7

00009bfc <.LBB32757>:
    9bfc:	1004d0c2          	sfpmad	L3,L1,L3,L4,0

00009c00 <.LBB32760>:
    9c00:	c8c38171          	sfpstore	L3,92,0,7

00009c04 <.LBB32766>:
    9c04:	c1038271          	sfpload	L4,156,0,7

00009c08 <.LBB32772>:
    9c08:	c0c38649          	sfpload	L3,402,0,7

00009c0c <.LBB32778>:
    9c0c:	1004d042          	sfpmad	L1,L1,L3,L4,0

00009c10 <.LBB32781>:
    9c10:	c8438271          	sfpstore	L1,156,0,7

00009c14 <.LBB32787>:
    9c14:	142a800a          	sfpadd	L0,L10,L10,L0,2

00009c18 <.LBB32790>:
    9c18:	18082402          	sfpmul	L0,L2,L0,L9,0

00009c1c <.LBB32793>:
    9c1c:	c8038371          	sfpstore	L0,220,0,7

00009c20 <.LBE32572>:
    9c20:	00078067          	jr	a5

00009c24 <_ZN12_GLOBAL__N_1L16blend_chain_bodyILm7ELm2EEEvmPKNS_15BlendChainEntryE>:
    9c24:	01055713          	srli	a4,a0,0x10

00009c28 <.LBB33755>:
    9c28:	60171793          	ctz	a5,a4
    9c2c:	01e7f793          	andi	a5,a5,30

00009c30 <.LM3011>:
    9c30:	00f75733          	srl	a4,a4,a5

00009c34 <.LM3013>:
    9c34:	00377713          	andi	a4,a4,3

00009c38 <.LBE33755>:
    9c38:	20e7a7b3          	sh1add	a5,a5,a4

00009c3c <.LM3015>:
    9c3c:	20b7c7b3          	sh2add	a5,a5,a1
    9c40:	0807a783          	lw	a5,128(a5)

00009c44 <.LBB33757>:
    9c44:	c0838479          	sfpload	L2,286,0,7

00009c48 <.LBB33766>:
    9c48:	c0438579          	sfpload	L1,350,0,7

00009c4c <.LBB33772>:
    9c4c:	c1038611          	sfpload	L4,388,0,7

00009c50 <.LBB33778>:
    9c50:	c0c38619          	sfpload	L3,390,0,7

00009c54 <.LBB33784>:
    9c54:	c0038621          	sfpload	L0,392,0,7

00009c58 <.LBB33790>:
    9c58:	c1838601          	sfpload	L6,384,0,7

00009c5c <.LBB33796>:
    9c5c:	c1438609          	sfpload	L5,386,0,7

00009c60 <.LBB33802>:
    9c60:	1428988a          	sfpadd	L2,L10,L2,L6,2

00009c64 <.LBB33805>:
    9c64:	1428544a          	sfpadd	L1,L10,L1,L5,2

00009c68 <.LBB33808>:
    9c68:	1808a542          	sfpmul	L5,L2,L2,L9,0

00009c6c <.LBB33811>:
    9c6c:	18116502          	sfpmul	L4,L4,L5,L9,0

00009c70 <.LBB33814>:
    9c70:	18086482          	sfpmul	L2,L2,L1,L9,0

00009c74 <.LBB33817>:
    9c74:	100c9082          	sfpmad	L2,L3,L2,L4,0

00009c78 <.LBB33820>:
    9c78:	18046442          	sfpmul	L1,L1,L1,L9,0

00009c7c <.LBB33823>:
    9c7c:	10004802          	sfpmad	L0,L0,L1,L2,0
    9c80:	3c000002          	sfpnop

00009c84 <.LBB33826>:
    9c84:	48002406          	sfpswap	L0,L9,1
    9c88:	3c000002          	sfpnop

00009c8c <.LBB33828>:
    9c8c:	18032402          	sfpmul	L0,L0,L12,L9,0

00009c90 <.LBB33833>:
    9c90:	d50bf801          	sfpaddi	L0,17150,0
    9c94:	3c000002          	sfpnop

00009c98 <.LBB33836>:
    9c98:	48000246          	sfpswap	L9,L0,1
    9c9c:	3c000002          	sfpnop

00009ca0 <.LBB33838>:
    9ca0:	dc000041          	sfpexexp	L1,L0,0

00009ca4 <.LBB33842>:
    9ca4:	e0000001          	sfpexman	L0,L0,0

00009ca8 <.LBB33844>:
    9ca8:	e8000401          	sfpshft	L0,L1,0x000,0

00009cac <.LBB33846>:
    9cac:	dc000045          	sfpexexp	L1,L0,1

00009cb0 <.LBB33848>:
    9cb0:	e0000005          	sfpexman	L0,L0,1

00009cb4 <.LBB33850>:
    9cb4:	40000002          	sfpcast	L0,L0,0

00009cb8 <.LBB33852>:
    9cb8:	10037882          	sfpmad	L2,L0,L13,L14,0

00009cbc <.LBB33855>:
    9cbc:	c0c38659          	sfpload	L3,406,0,7

00009cc0 <.LBB33861>:
    9cc0:	10008c02          	sfpmad	L0,L0,L2,L3,0

00009cc4 <.LBB33864>:
    9cc4:	08000042          	sfpsetexp	L1,L0,0x000,0

00009cc8 <.LBB33866>:
    9cc8:	c0038629          	sfpload	L0,394,0,7

00009ccc <.LBB33872>:
    9ccc:	18006402          	sfpmul	L0,L0,L1,L9,0

00009cd0 <.LBB33875>:
    9cd0:	c0438661          	sfpload	L1,408,0,7

00009cd4 <.LBB33881>:
    9cd4:	48000406          	sfpswap	L0,L1,1
    9cd8:	3c000002          	sfpnop

00009cdc <.LBB33883>:
    9cdc:	c0438631          	sfpload	L1,396,0,7

00009ce0 <.LBB33890>:
    9ce0:	1006c042          	sfpmad	L1,L1,L11,L0,0
    9ce4:	ec000401          	sfpsetcc	L1,0x000,0

00009ce8 <.LBB33894>:
    9ce8:	f0002401          	sfpmov	L0,L9,0

00009cec <.LBB33897>:
    9cec:	2800c02a          	sfpencc	0x003,10

00009cf0 <.LBB33900>:
    9cf0:	c0838379          	sfpload	L2,222,0,7

00009cf4 <.LBB33906>:
    9cf4:	1800a442          	sfpmul	L1,L0,L2,L9,0

00009cf8 <.LBB33909>:
    9cf8:	c1038079          	sfpload	L4,30,0,7

00009cfc <.LBB33915>:
    9cfc:	c0c38639          	sfpload	L3,398,0,7

00009d00 <.LBB33921>:
    9d00:	1004d0c2          	sfpmad	L3,L1,L3,L4,0

00009d04 <.LBB33924>:
    9d04:	c8c38079          	sfpstore	L3,30,0,7

00009d08 <.LBB33930>:
    9d08:	c1038179          	sfpload	L4,94,0,7

00009d0c <.LBB33936>:
    9d0c:	c0c38641          	sfpload	L3,400,0,7

00009d10 <.LBB33942>:
    9d10:	1004d0c2          	sfpmad	L3,L1,L3,L4,0

00009d14 <.LBB33945>:
    9d14:	c8c38179          	sfpstore	L3,94,0,7

00009d18 <.LBB33951>:
    9d18:	c1038279          	sfpload	L4,158,0,7

00009d1c <.LBB33957>:
    9d1c:	c0c38649          	sfpload	L3,402,0,7

00009d20 <.LBB33963>:
    9d20:	1004d042          	sfpmad	L1,L1,L3,L4,0

00009d24 <.LBB33966>:
    9d24:	c8438279          	sfpstore	L1,158,0,7

00009d28 <.LBB33972>:
    9d28:	142a800a          	sfpadd	L0,L10,L10,L0,2

00009d2c <.LBB33975>:
    9d2c:	18082402          	sfpmul	L0,L2,L0,L9,0

00009d30 <.LBB33978>:
    9d30:	c8038379          	sfpstore	L0,222,0,7

00009d34 <.LBE33757>:
    9d34:	00078067          	jr	a5

00009d38 <_ZN12_GLOBAL__N_1L16blend_chain_bodyILm7ELm3EEEvmPKNS_15BlendChainEntryE>:
    9d38:	01055713          	srli	a4,a0,0x10

00009d3c <.LBB35744>:
    9d3c:	60171793          	ctz	a5,a4
    9d40:	01e7f793          	andi	a5,a5,30

00009d44 <.LM3122>:
    9d44:	00f75733          	srl	a4,a4,a5

00009d48 <.LM3124>:
    9d48:	00377713          	andi	a4,a4,3

00009d4c <.LBE35744>:
    9d4c:	20e7a7b3          	sh1add	a5,a5,a4

00009d50 <.LM3126>:
    9d50:	20b7c7b3          	sh2add	a5,a5,a1
    9d54:	0807a783          	lw	a5,128(a5)

00009d58 <.LBB35746>:
    9d58:	c0038601          	sfpload	L0,384,0,7

00009d5c <.LBB35755>:
    9d5c:	c1038609          	sfpload	L4,386,0,7

00009d60 <.LBB35761>:
    9d60:	c0838471          	sfpload	L2,284,0,7

00009d64 <.LBB35767>:
    9d64:	1428808a          	sfpadd	L2,L10,L2,L0,2

00009d68 <.LBB35770>:
    9d68:	c0438479          	sfpload	L1,286,0,7

00009d6c <.LBB35776>:
    9d6c:	1428404a          	sfpadd	L1,L10,L1,L0,2

00009d70 <.LBB35779>:
    9d70:	c0038571          	sfpload	L0,348,0,7

00009d74 <.LBB35785>:
    9d74:	1428100a          	sfpadd	L0,L10,L0,L4,2

00009d78 <.LBB35788>:
    9d78:	c0c38579          	sfpload	L3,350,0,7

00009d7c <.LBB35794>:
    9d7c:	1428d0ca          	sfpadd	L3,L10,L3,L4,2

00009d80 <.LBB35797>:
    9d80:	c1438611          	sfpload	L5,388,0,7

00009d84 <.LBB35803>:
    9d84:	1808a582          	sfpmul	L6,L2,L2,L9,0

00009d88 <.LBB35806>:
    9d88:	1815a582          	sfpmul	L6,L5,L6,L9,0

00009d8c <.LBB35809>:
    9d8c:	18046502          	sfpmul	L4,L1,L1,L9,0

00009d90 <.LBB35812>:
    9d90:	18152542          	sfpmul	L5,L5,L4,L9,0

00009d94 <.LBB35815>:
    9d94:	c1038619          	sfpload	L4,390,0,7

00009d98 <.LBB35821>:
    9d98:	18082482          	sfpmul	L2,L2,L0,L9,0

00009d9c <.LBB35824>:
    9d9c:	10109882          	sfpmad	L2,L4,L2,L6,0

00009da0 <.LBB35827>:
    9da0:	1804e442          	sfpmul	L1,L1,L3,L9,0

00009da4 <.LBB35830>:
    9da4:	10105502          	sfpmad	L4,L4,L1,L5,0

00009da8 <.LBB35833>:
    9da8:	c0438621          	sfpload	L1,392,0,7

00009dac <.LBB35839>:
    9dac:	18002402          	sfpmul	L0,L0,L0,L9,0

00009db0 <.LBB35842>:
    9db0:	10040802          	sfpmad	L0,L1,L0,L2,0

00009db4 <.LBB35845>:
    9db4:	180ce4c2          	sfpmul	L3,L3,L3,L9,0

00009db8 <.LBB35848>:
    9db8:	1004d042          	sfpmad	L1,L1,L3,L4,0

00009dbc <.LBB35851>:
    9dbc:	48002406          	sfpswap	L0,L9,1
    9dc0:	3c000002          	sfpnop

00009dc4 <.LBB35853>:
    9dc4:	48002446          	sfpswap	L1,L9,1
    9dc8:	3c000002          	sfpnop

00009dcc <.LBB35855>:
    9dcc:	18032402          	sfpmul	L0,L0,L12,L9,0

00009dd0 <.LBB35860>:
    9dd0:	d50bf801          	sfpaddi	L0,17150,0
    9dd4:	3c000002          	sfpnop

00009dd8 <.LBB35863>:
    9dd8:	48000246          	sfpswap	L9,L0,1
    9ddc:	3c000002          	sfpnop

00009de0 <.LBB35865>:
    9de0:	dc000081          	sfpexexp	L2,L0,0

00009de4 <.LBB35869>:
    9de4:	e0000001          	sfpexman	L0,L0,0

00009de8 <.LBB35871>:
    9de8:	e8000801          	sfpshft	L0,L2,0x000,0

00009dec <.LBB35873>:
    9dec:	dc000085          	sfpexexp	L2,L0,1

00009df0 <.LBB35875>:
    9df0:	1000014c          	ttreplay	0,5,1,1
    9df4:	e0000005          	sfpexman	L0,L0,1

00009df8 <.LBB35877>:
    9df8:	40000002          	sfpcast	L0,L0,0

00009dfc <.LBB35879>:
    9dfc:	100378c2          	sfpmad	L3,L0,L13,L14,0

00009e00 <.LBB35882>:
    9e00:	c1038659          	sfpload	L4,406,0,7

00009e04 <.LBB35888>:
    9e04:	1000d002          	sfpmad	L0,L0,L3,L4,0

00009e08 <.LBB35891>:
    9e08:	08000082          	sfpsetexp	L2,L0,0x000,0

00009e0c <.LBB35893>:
    9e0c:	18072442          	sfpmul	L1,L1,L12,L9,0

00009e10 <.LBB35898>:
    9e10:	d50bf841          	sfpaddi	L1,17150,0
    9e14:	3c000002          	sfpnop

00009e18 <.LBB35901>:
    9e18:	48000646          	sfpswap	L9,L1,1
    9e1c:	3c000002          	sfpnop

00009e20 <.LBB35903>:
    9e20:	dc0004c1          	sfpexexp	L3,L1,0

00009e24 <.LBB35907>:
    9e24:	e0000401          	sfpexman	L0,L1,0

00009e28 <.LBB35909>:
    9e28:	e8000c01          	sfpshft	L0,L3,0x000,0

00009e2c <.LBB35911>:
    9e2c:	dc000045          	sfpexexp	L1,L0,1

00009e30 <.LBB35913>:
    9e30:	10000140          	ttreplay	0,5,0,0

00009e34 <.LBB35916>:
    9e34:	08000042          	sfpsetexp	L1,L0,0x000,0

00009e38 <.LBB35918>:
    9e38:	c0038629          	sfpload	L0,394,0,7

00009e3c <.LBB35924>:
    9e3c:	1800a482          	sfpmul	L2,L0,L2,L9,0

00009e40 <.LBB35927>:
    9e40:	18006402          	sfpmul	L0,L0,L1,L9,0

00009e44 <.LBB35930>:
    9e44:	c0c38661          	sfpload	L3,408,0,7

00009e48 <.LBB35936>:
    9e48:	c0438661          	sfpload	L1,408,0,7

00009e4c <.LBB35942>:
    9e4c:	48000c86          	sfpswap	L2,L3,1
    9e50:	3c000002          	sfpnop

00009e54 <.LBB35944>:
    9e54:	48000406          	sfpswap	L0,L1,1
    9e58:	3c000002          	sfpnop

00009e5c <.LBB35946>:
    9e5c:	c0438631          	sfpload	L1,396,0,7

00009e60 <.LBB35953>:
    9e60:	1006c842          	sfpmad	L1,L1,L11,L2,0
    9e64:	ec000401          	sfpsetcc	L1,0x000,0

00009e68 <.LBB35957>:
    9e68:	f0002481          	sfpmov	L2,L9,0

00009e6c <.LBB35960>:
    9e6c:	2800c02a          	sfpencc	0x003,10

00009e70 <.LBB35963>:
    9e70:	c0438631          	sfpload	L1,396,0,7

00009e74 <.LBB35970>:
    9e74:	1006c042          	sfpmad	L1,L1,L11,L0,0
    9e78:	ec000401          	sfpsetcc	L1,0x000,0

00009e7c <.LBB35974>:
    9e7c:	f0002401          	sfpmov	L0,L9,0

00009e80 <.LBB35977>:
    9e80:	2800c02a          	sfpencc	0x003,10

00009e84 <.LBB35980>:
    9e84:	c1438371          	sfpload	L5,220,0,7

00009e88 <.LBB35986>:
    9e88:	c1038379          	sfpload	L4,222,0,7

00009e8c <.LBB35992>:
    9e8c:	180964c2          	sfpmul	L3,L2,L5,L9,0

00009e90 <.LBB35995>:
    9e90:	18012442          	sfpmul	L1,L0,L4,L9,0

00009e94 <.LBB35998>:
    9e94:	c1838639          	sfpload	L6,398,0,7

00009e98 <.LBB36004>:
    9e98:	c1c38071          	sfpload	L7,28,0,7

00009e9c <.LBB36010>:
    9e9c:	100d9dc2          	sfpmad	L7,L3,L6,L7,0

00009ea0 <.LBB36013>:
    9ea0:	c9c38071          	sfpstore	L7,28,0,7

00009ea4 <.LBB36019>:
    9ea4:	c1c38079          	sfpload	L7,30,0,7

00009ea8 <.LBB36025>:
    9ea8:	10059d82          	sfpmad	L6,L1,L6,L7,0

00009eac <.LBB36028>:
    9eac:	c9838079          	sfpstore	L6,30,0,7

00009eb0 <.LBB36034>:
    9eb0:	c1838641          	sfpload	L6,400,0,7

00009eb4 <.LBB36040>:
    9eb4:	c1c38171          	sfpload	L7,92,0,7

00009eb8 <.LBB36046>:
    9eb8:	100d9dc2          	sfpmad	L7,L3,L6,L7,0

00009ebc <.LBB36049>:
    9ebc:	c9c38171          	sfpstore	L7,92,0,7

00009ec0 <.LBB36055>:
    9ec0:	c1c38179          	sfpload	L7,94,0,7

00009ec4 <.LBB36061>:
    9ec4:	10059d82          	sfpmad	L6,L1,L6,L7,0

00009ec8 <.LBB36064>:
    9ec8:	c9838179          	sfpstore	L6,94,0,7

00009ecc <.LBB36070>:
    9ecc:	c1838649          	sfpload	L6,402,0,7

00009ed0 <.LBB36076>:
    9ed0:	c1c38271          	sfpload	L7,156,0,7

00009ed4 <.LBB36082>:
    9ed4:	100d9cc2          	sfpmad	L3,L3,L6,L7,0

00009ed8 <.LBB36085>:
    9ed8:	c8c38271          	sfpstore	L3,156,0,7

00009edc <.LBB36091>:
    9edc:	c0c38279          	sfpload	L3,158,0,7

00009ee0 <.LBB36097>:
    9ee0:	10058c42          	sfpmad	L1,L1,L6,L3,0

00009ee4 <.LBB36100>:
    9ee4:	c8438279          	sfpstore	L1,158,0,7

00009ee8 <.LBB36106>:
    9ee8:	142a888a          	sfpadd	L2,L10,L10,L2,2

00009eec <.LBB36109>:
    9eec:	1814a542          	sfpmul	L5,L5,L2,L9,0

00009ef0 <.LBB36112>:
    9ef0:	c9438371          	sfpstore	L5,220,0,7

00009ef4 <.LBB36118>:
    9ef4:	142a800a          	sfpadd	L0,L10,L10,L0,2

00009ef8 <.LBB36121>:
    9ef8:	18102402          	sfpmul	L0,L4,L0,L9,0

00009efc <.LBB36124>:
    9efc:	c8038379          	sfpstore	L0,222,0,7

00009f00 <.LBE35746>:
    9f00:	00078067          	jr	a5

00009f04 <_ZN12_GLOBAL__N_1L16blend_chain_bodyILm8ELm1EEEvmPKNS_15BlendChainEntryE>:
    9f04:	01255713          	srli	a4,a0,0x12

00009f08 <.LBB37086>:
    9f08:	60171793          	ctz	a5,a4
    9f0c:	01e7f793          	andi	a5,a5,30

00009f10 <.LM3313>:
    9f10:	00f75733          	srl	a4,a4,a5

00009f14 <.LM3315>:
    9f14:	00377713          	andi	a4,a4,3

00009f18 <.LBE37086>:
    9f18:	20e7a7b3          	sh1add	a5,a5,a4

00009f1c <.LM3317>:
    9f1c:	20b7c7b3          	sh2add	a5,a5,a1
    9f20:	0907a783          	lw	a5,144(a5)

00009f24 <.LBB37088>:
    9f24:	c0838481          	sfpload	L2,288,0,7

00009f28 <.LBB37097>:
    9f28:	c0438581          	sfpload	L1,352,0,7

00009f2c <.LBB37103>:
    9f2c:	c1038611          	sfpload	L4,388,0,7

00009f30 <.LBB37109>:
    9f30:	c0c38619          	sfpload	L3,390,0,7

00009f34 <.LBB37115>:
    9f34:	c0038621          	sfpload	L0,392,0,7

00009f38 <.LBB37121>:
    9f38:	c1838601          	sfpload	L6,384,0,7

00009f3c <.LBB37127>:
    9f3c:	c1438609          	sfpload	L5,386,0,7

00009f40 <.LBB37133>:
    9f40:	1428988a          	sfpadd	L2,L10,L2,L6,2

00009f44 <.LBB37136>:
    9f44:	1428544a          	sfpadd	L1,L10,L1,L5,2

00009f48 <.LBB37139>:
    9f48:	1808a542          	sfpmul	L5,L2,L2,L9,0

00009f4c <.LBB37142>:
    9f4c:	18116502          	sfpmul	L4,L4,L5,L9,0

00009f50 <.LBB37145>:
    9f50:	18086482          	sfpmul	L2,L2,L1,L9,0

00009f54 <.LBB37148>:
    9f54:	100c9082          	sfpmad	L2,L3,L2,L4,0

00009f58 <.LBB37151>:
    9f58:	18046442          	sfpmul	L1,L1,L1,L9,0

00009f5c <.LBB37154>:
    9f5c:	10004802          	sfpmad	L0,L0,L1,L2,0
    9f60:	3c000002          	sfpnop

00009f64 <.LBB37157>:
    9f64:	48002406          	sfpswap	L0,L9,1
    9f68:	3c000002          	sfpnop

00009f6c <.LBB37159>:
    9f6c:	18032402          	sfpmul	L0,L0,L12,L9,0

00009f70 <.LBB37164>:
    9f70:	d50bf801          	sfpaddi	L0,17150,0
    9f74:	3c000002          	sfpnop

00009f78 <.LBB37167>:
    9f78:	48000246          	sfpswap	L9,L0,1
    9f7c:	3c000002          	sfpnop

00009f80 <.LBB37169>:
    9f80:	dc000041          	sfpexexp	L1,L0,0

00009f84 <.LBB37173>:
    9f84:	e0000001          	sfpexman	L0,L0,0

00009f88 <.LBB37175>:
    9f88:	e8000401          	sfpshft	L0,L1,0x000,0

00009f8c <.LBB37177>:
    9f8c:	dc000045          	sfpexexp	L1,L0,1

00009f90 <.LBB37179>:
    9f90:	e0000005          	sfpexman	L0,L0,1

00009f94 <.LBB37181>:
    9f94:	40000002          	sfpcast	L0,L0,0

00009f98 <.LBB37183>:
    9f98:	10037882          	sfpmad	L2,L0,L13,L14,0

00009f9c <.LBB37186>:
    9f9c:	c0c38659          	sfpload	L3,406,0,7

00009fa0 <.LBB37192>:
    9fa0:	10008c02          	sfpmad	L0,L0,L2,L3,0

00009fa4 <.LBB37195>:
    9fa4:	08000042          	sfpsetexp	L1,L0,0x000,0

00009fa8 <.LBB37197>:
    9fa8:	c0038629          	sfpload	L0,394,0,7

00009fac <.LBB37203>:
    9fac:	18006402          	sfpmul	L0,L0,L1,L9,0

00009fb0 <.LBB37206>:
    9fb0:	c0438661          	sfpload	L1,408,0,7

00009fb4 <.LBB37212>:
    9fb4:	48000406          	sfpswap	L0,L1,1
    9fb8:	3c000002          	sfpnop

00009fbc <.LBB37214>:
    9fbc:	c0438631          	sfpload	L1,396,0,7

00009fc0 <.LBB37221>:
    9fc0:	1006c042          	sfpmad	L1,L1,L11,L0,0
    9fc4:	ec000401          	sfpsetcc	L1,0x000,0

00009fc8 <.LBB37225>:
    9fc8:	f0002401          	sfpmov	L0,L9,0

00009fcc <.LBB37228>:
    9fcc:	2800c02a          	sfpencc	0x003,10

00009fd0 <.LBB37231>:
    9fd0:	c0838381          	sfpload	L2,224,0,7

00009fd4 <.LBB37237>:
    9fd4:	1800a442          	sfpmul	L1,L0,L2,L9,0

00009fd8 <.LBB37240>:
    9fd8:	c1038081          	sfpload	L4,32,0,7

00009fdc <.LBB37246>:
    9fdc:	c0c38639          	sfpload	L3,398,0,7

00009fe0 <.LBB37252>:
    9fe0:	1004d0c2          	sfpmad	L3,L1,L3,L4,0

00009fe4 <.LBB37255>:
    9fe4:	c8c38081          	sfpstore	L3,32,0,7

00009fe8 <.LBB37261>:
    9fe8:	c1038181          	sfpload	L4,96,0,7

00009fec <.LBB37267>:
    9fec:	c0c38641          	sfpload	L3,400,0,7

00009ff0 <.LBB37273>:
    9ff0:	1004d0c2          	sfpmad	L3,L1,L3,L4,0

00009ff4 <.LBB37276>:
    9ff4:	c8c38181          	sfpstore	L3,96,0,7

00009ff8 <.LBB37282>:
    9ff8:	c1038281          	sfpload	L4,160,0,7

00009ffc <.LBB37288>:
    9ffc:	c0c38649          	sfpload	L3,402,0,7

0000a000 <.LBB37294>:
    a000:	1004d042          	sfpmad	L1,L1,L3,L4,0

0000a004 <.LBB37297>:
    a004:	c8438281          	sfpstore	L1,160,0,7

0000a008 <.LBB37303>:
    a008:	142a800a          	sfpadd	L0,L10,L10,L0,2

0000a00c <.LBB37306>:
    a00c:	18082402          	sfpmul	L0,L2,L0,L9,0

0000a010 <.LBB37309>:
    a010:	c8038381          	sfpstore	L0,224,0,7

0000a014 <.LBE37088>:
    a014:	00078067          	jr	a5

0000a018 <_ZN12_GLOBAL__N_1L16blend_chain_bodyILm8ELm2EEEvmPKNS_15BlendChainEntryE>:
    a018:	01255713          	srli	a4,a0,0x12

0000a01c <.LBB38271>:
    a01c:	60171793          	ctz	a5,a4
    a020:	01e7f793          	andi	a5,a5,30

0000a024 <.LM3424>:
    a024:	00f75733          	srl	a4,a4,a5

0000a028 <.LM3426>:
    a028:	00377713          	andi	a4,a4,3

0000a02c <.LBE38271>:
    a02c:	20e7a7b3          	sh1add	a5,a5,a4

0000a030 <.LM3428>:
    a030:	20b7c7b3          	sh2add	a5,a5,a1
    a034:	0907a783          	lw	a5,144(a5)

0000a038 <.LBB38273>:
    a038:	c0838489          	sfpload	L2,290,0,7

0000a03c <.LBB38282>:
    a03c:	c0438589          	sfpload	L1,354,0,7

0000a040 <.LBB38288>:
    a040:	c1038611          	sfpload	L4,388,0,7

0000a044 <.LBB38294>:
    a044:	c0c38619          	sfpload	L3,390,0,7

0000a048 <.LBB38300>:
    a048:	c0038621          	sfpload	L0,392,0,7

0000a04c <.LBB38306>:
    a04c:	c1838601          	sfpload	L6,384,0,7

0000a050 <.LBB38312>:
    a050:	c1438609          	sfpload	L5,386,0,7

0000a054 <.LBB38318>:
    a054:	1428988a          	sfpadd	L2,L10,L2,L6,2

0000a058 <.LBB38321>:
    a058:	1428544a          	sfpadd	L1,L10,L1,L5,2

0000a05c <.LBB38324>:
    a05c:	1808a542          	sfpmul	L5,L2,L2,L9,0

0000a060 <.LBB38327>:
    a060:	18116502          	sfpmul	L4,L4,L5,L9,0

0000a064 <.LBB38330>:
    a064:	18086482          	sfpmul	L2,L2,L1,L9,0

0000a068 <.LBB38333>:
    a068:	100c9082          	sfpmad	L2,L3,L2,L4,0

0000a06c <.LBB38336>:
    a06c:	18046442          	sfpmul	L1,L1,L1,L9,0

0000a070 <.LBB38339>:
    a070:	10004802          	sfpmad	L0,L0,L1,L2,0
    a074:	3c000002          	sfpnop

0000a078 <.LBB38342>:
    a078:	48002406          	sfpswap	L0,L9,1
    a07c:	3c000002          	sfpnop

0000a080 <.LBB38344>:
    a080:	18032402          	sfpmul	L0,L0,L12,L9,0

0000a084 <.LBB38349>:
    a084:	d50bf801          	sfpaddi	L0,17150,0
    a088:	3c000002          	sfpnop

0000a08c <.LBB38352>:
    a08c:	48000246          	sfpswap	L9,L0,1
    a090:	3c000002          	sfpnop

0000a094 <.LBB38354>:
    a094:	dc000041          	sfpexexp	L1,L0,0

0000a098 <.LBB38358>:
    a098:	e0000001          	sfpexman	L0,L0,0

0000a09c <.LBB38360>:
    a09c:	e8000401          	sfpshft	L0,L1,0x000,0

0000a0a0 <.LBB38362>:
    a0a0:	dc000045          	sfpexexp	L1,L0,1

0000a0a4 <.LBB38364>:
    a0a4:	e0000005          	sfpexman	L0,L0,1

0000a0a8 <.LBB38366>:
    a0a8:	40000002          	sfpcast	L0,L0,0

0000a0ac <.LBB38368>:
    a0ac:	10037882          	sfpmad	L2,L0,L13,L14,0

0000a0b0 <.LBB38371>:
    a0b0:	c0c38659          	sfpload	L3,406,0,7

0000a0b4 <.LBB38377>:
    a0b4:	10008c02          	sfpmad	L0,L0,L2,L3,0

0000a0b8 <.LBB38380>:
    a0b8:	08000042          	sfpsetexp	L1,L0,0x000,0

0000a0bc <.LBB38382>:
    a0bc:	c0038629          	sfpload	L0,394,0,7

0000a0c0 <.LBB38388>:
    a0c0:	18006402          	sfpmul	L0,L0,L1,L9,0

0000a0c4 <.LBB38391>:
    a0c4:	c0438661          	sfpload	L1,408,0,7

0000a0c8 <.LBB38397>:
    a0c8:	48000406          	sfpswap	L0,L1,1
    a0cc:	3c000002          	sfpnop

0000a0d0 <.LBB38399>:
    a0d0:	c0438631          	sfpload	L1,396,0,7

0000a0d4 <.LBB38406>:
    a0d4:	1006c042          	sfpmad	L1,L1,L11,L0,0
    a0d8:	ec000401          	sfpsetcc	L1,0x000,0

0000a0dc <.LBB38410>:
    a0dc:	f0002401          	sfpmov	L0,L9,0

0000a0e0 <.LBB38413>:
    a0e0:	2800c02a          	sfpencc	0x003,10

0000a0e4 <.LBB38416>:
    a0e4:	c0838389          	sfpload	L2,226,0,7

0000a0e8 <.LBB38422>:
    a0e8:	1800a442          	sfpmul	L1,L0,L2,L9,0

0000a0ec <.LBB38425>:
    a0ec:	c1038089          	sfpload	L4,34,0,7

0000a0f0 <.LBB38431>:
    a0f0:	c0c38639          	sfpload	L3,398,0,7

0000a0f4 <.LBB38437>:
    a0f4:	1004d0c2          	sfpmad	L3,L1,L3,L4,0

0000a0f8 <.LBB38440>:
    a0f8:	c8c38089          	sfpstore	L3,34,0,7

0000a0fc <.LBB38446>:
    a0fc:	c1038189          	sfpload	L4,98,0,7

0000a100 <.LBB38452>:
    a100:	c0c38641          	sfpload	L3,400,0,7

0000a104 <.LBB38458>:
    a104:	1004d0c2          	sfpmad	L3,L1,L3,L4,0

0000a108 <.LBB38461>:
    a108:	c8c38189          	sfpstore	L3,98,0,7

0000a10c <.LBB38467>:
    a10c:	c1038289          	sfpload	L4,162,0,7

0000a110 <.LBB38473>:
    a110:	c0c38649          	sfpload	L3,402,0,7

0000a114 <.LBB38479>:
    a114:	1004d042          	sfpmad	L1,L1,L3,L4,0

0000a118 <.LBB38482>:
    a118:	c8438289          	sfpstore	L1,162,0,7

0000a11c <.LBB38488>:
    a11c:	142a800a          	sfpadd	L0,L10,L10,L0,2

0000a120 <.LBB38491>:
    a120:	18082402          	sfpmul	L0,L2,L0,L9,0

0000a124 <.LBB38494>:
    a124:	c8038389          	sfpstore	L0,226,0,7

0000a128 <.LBE38273>:
    a128:	00078067          	jr	a5

0000a12c <_ZN12_GLOBAL__N_1L16blend_chain_bodyILm8ELm3EEEvmPKNS_15BlendChainEntryE>:
    a12c:	01255713          	srli	a4,a0,0x12

0000a130 <.LBB40260>:
    a130:	60171793          	ctz	a5,a4
    a134:	01e7f793          	andi	a5,a5,30

0000a138 <.LM3535>:
    a138:	00f75733          	srl	a4,a4,a5

0000a13c <.LM3537>:
    a13c:	00377713          	andi	a4,a4,3

0000a140 <.LBE40260>:
    a140:	20e7a7b3          	sh1add	a5,a5,a4

0000a144 <.LM3539>:
    a144:	20b7c7b3          	sh2add	a5,a5,a1
    a148:	0907a783          	lw	a5,144(a5)

0000a14c <.LBB40262>:
    a14c:	c0038601          	sfpload	L0,384,0,7

0000a150 <.LBB40271>:
    a150:	c1038609          	sfpload	L4,386,0,7

0000a154 <.LBB40277>:
    a154:	c0838481          	sfpload	L2,288,0,7

0000a158 <.LBB40283>:
    a158:	1428808a          	sfpadd	L2,L10,L2,L0,2

0000a15c <.LBB40286>:
    a15c:	c0438489          	sfpload	L1,290,0,7

0000a160 <.LBB40292>:
    a160:	1428404a          	sfpadd	L1,L10,L1,L0,2

0000a164 <.LBB40295>:
    a164:	c0038581          	sfpload	L0,352,0,7

0000a168 <.LBB40301>:
    a168:	1428100a          	sfpadd	L0,L10,L0,L4,2

0000a16c <.LBB40304>:
    a16c:	c0c38589          	sfpload	L3,354,0,7

0000a170 <.LBB40310>:
    a170:	1428d0ca          	sfpadd	L3,L10,L3,L4,2

0000a174 <.LBB40313>:
    a174:	c1438611          	sfpload	L5,388,0,7

0000a178 <.LBB40319>:
    a178:	1808a582          	sfpmul	L6,L2,L2,L9,0

0000a17c <.LBB40322>:
    a17c:	1815a582          	sfpmul	L6,L5,L6,L9,0

0000a180 <.LBB40325>:
    a180:	18046502          	sfpmul	L4,L1,L1,L9,0

0000a184 <.LBB40328>:
    a184:	18152542          	sfpmul	L5,L5,L4,L9,0

0000a188 <.LBB40331>:
    a188:	c1038619          	sfpload	L4,390,0,7

0000a18c <.LBB40337>:
    a18c:	18082482          	sfpmul	L2,L2,L0,L9,0

0000a190 <.LBB40340>:
    a190:	10109882          	sfpmad	L2,L4,L2,L6,0

0000a194 <.LBB40343>:
    a194:	1804e442          	sfpmul	L1,L1,L3,L9,0

0000a198 <.LBB40346>:
    a198:	10105502          	sfpmad	L4,L4,L1,L5,0

0000a19c <.LBB40349>:
    a19c:	c0438621          	sfpload	L1,392,0,7

0000a1a0 <.LBB40355>:
    a1a0:	18002402          	sfpmul	L0,L0,L0,L9,0

0000a1a4 <.LBB40358>:
    a1a4:	10040802          	sfpmad	L0,L1,L0,L2,0

0000a1a8 <.LBB40361>:
    a1a8:	180ce4c2          	sfpmul	L3,L3,L3,L9,0

0000a1ac <.LBB40364>:
    a1ac:	1004d042          	sfpmad	L1,L1,L3,L4,0

0000a1b0 <.LBB40367>:
    a1b0:	48002406          	sfpswap	L0,L9,1
    a1b4:	3c000002          	sfpnop

0000a1b8 <.LBB40369>:
    a1b8:	48002446          	sfpswap	L1,L9,1
    a1bc:	3c000002          	sfpnop

0000a1c0 <.LBB40371>:
    a1c0:	18032402          	sfpmul	L0,L0,L12,L9,0

0000a1c4 <.LBB40376>:
    a1c4:	d50bf801          	sfpaddi	L0,17150,0
    a1c8:	3c000002          	sfpnop

0000a1cc <.LBB40379>:
    a1cc:	48000246          	sfpswap	L9,L0,1
    a1d0:	3c000002          	sfpnop

0000a1d4 <.LBB40381>:
    a1d4:	dc000081          	sfpexexp	L2,L0,0

0000a1d8 <.LBB40385>:
    a1d8:	e0000001          	sfpexman	L0,L0,0

0000a1dc <.LBB40387>:
    a1dc:	e8000801          	sfpshft	L0,L2,0x000,0

0000a1e0 <.LBB40389>:
    a1e0:	dc000085          	sfpexexp	L2,L0,1

0000a1e4 <.LBB40391>:
    a1e4:	1000014c          	ttreplay	0,5,1,1
    a1e8:	e0000005          	sfpexman	L0,L0,1

0000a1ec <.LBB40393>:
    a1ec:	40000002          	sfpcast	L0,L0,0

0000a1f0 <.LBB40395>:
    a1f0:	100378c2          	sfpmad	L3,L0,L13,L14,0

0000a1f4 <.LBB40398>:
    a1f4:	c1038659          	sfpload	L4,406,0,7

0000a1f8 <.LBB40404>:
    a1f8:	1000d002          	sfpmad	L0,L0,L3,L4,0

0000a1fc <.LBB40407>:
    a1fc:	08000082          	sfpsetexp	L2,L0,0x000,0

0000a200 <.LBB40409>:
    a200:	18072442          	sfpmul	L1,L1,L12,L9,0

0000a204 <.LBB40414>:
    a204:	d50bf841          	sfpaddi	L1,17150,0
    a208:	3c000002          	sfpnop

0000a20c <.LBB40417>:
    a20c:	48000646          	sfpswap	L9,L1,1
    a210:	3c000002          	sfpnop

0000a214 <.LBB40419>:
    a214:	dc0004c1          	sfpexexp	L3,L1,0

0000a218 <.LBB40423>:
    a218:	e0000401          	sfpexman	L0,L1,0

0000a21c <.LBB40425>:
    a21c:	e8000c01          	sfpshft	L0,L3,0x000,0

0000a220 <.LBB40427>:
    a220:	dc000045          	sfpexexp	L1,L0,1

0000a224 <.LBB40429>:
    a224:	10000140          	ttreplay	0,5,0,0

0000a228 <.LBB40432>:
    a228:	08000042          	sfpsetexp	L1,L0,0x000,0

0000a22c <.LBB40434>:
    a22c:	c0038629          	sfpload	L0,394,0,7

0000a230 <.LBB40440>:
    a230:	1800a482          	sfpmul	L2,L0,L2,L9,0

0000a234 <.LBB40443>:
    a234:	18006402          	sfpmul	L0,L0,L1,L9,0

0000a238 <.LBB40446>:
    a238:	c0c38661          	sfpload	L3,408,0,7

0000a23c <.LBB40452>:
    a23c:	c0438661          	sfpload	L1,408,0,7

0000a240 <.LBB40458>:
    a240:	48000c86          	sfpswap	L2,L3,1
    a244:	3c000002          	sfpnop

0000a248 <.LBB40460>:
    a248:	48000406          	sfpswap	L0,L1,1
    a24c:	3c000002          	sfpnop

0000a250 <.LBB40462>:
    a250:	c0438631          	sfpload	L1,396,0,7

0000a254 <.LBB40469>:
    a254:	1006c842          	sfpmad	L1,L1,L11,L2,0
    a258:	ec000401          	sfpsetcc	L1,0x000,0

0000a25c <.LBB40473>:
    a25c:	f0002481          	sfpmov	L2,L9,0

0000a260 <.LBB40476>:
    a260:	2800c02a          	sfpencc	0x003,10

0000a264 <.LBB40479>:
    a264:	c0438631          	sfpload	L1,396,0,7

0000a268 <.LBB40486>:
    a268:	1006c042          	sfpmad	L1,L1,L11,L0,0
    a26c:	ec000401          	sfpsetcc	L1,0x000,0

0000a270 <.LBB40490>:
    a270:	f0002401          	sfpmov	L0,L9,0

0000a274 <.LBB40493>:
    a274:	2800c02a          	sfpencc	0x003,10

0000a278 <.LBB40496>:
    a278:	c1438381          	sfpload	L5,224,0,7

0000a27c <.LBB40502>:
    a27c:	c1038389          	sfpload	L4,226,0,7

0000a280 <.LBB40508>:
    a280:	180964c2          	sfpmul	L3,L2,L5,L9,0

0000a284 <.LBB40511>:
    a284:	18012442          	sfpmul	L1,L0,L4,L9,0

0000a288 <.LBB40514>:
    a288:	c1838639          	sfpload	L6,398,0,7

0000a28c <.LBB40520>:
    a28c:	c1c38081          	sfpload	L7,32,0,7

0000a290 <.LBB40526>:
    a290:	100d9dc2          	sfpmad	L7,L3,L6,L7,0

0000a294 <.LBB40529>:
    a294:	c9c38081          	sfpstore	L7,32,0,7

0000a298 <.LBB40535>:
    a298:	c1c38089          	sfpload	L7,34,0,7

0000a29c <.LBB40541>:
    a29c:	10059d82          	sfpmad	L6,L1,L6,L7,0

0000a2a0 <.LBB40544>:
    a2a0:	c9838089          	sfpstore	L6,34,0,7

0000a2a4 <.LBB40550>:
    a2a4:	c1838641          	sfpload	L6,400,0,7

0000a2a8 <.LBB40556>:
    a2a8:	c1c38181          	sfpload	L7,96,0,7

0000a2ac <.LBB40562>:
    a2ac:	100d9dc2          	sfpmad	L7,L3,L6,L7,0

0000a2b0 <.LBB40565>:
    a2b0:	c9c38181          	sfpstore	L7,96,0,7

0000a2b4 <.LBB40571>:
    a2b4:	c1c38189          	sfpload	L7,98,0,7

0000a2b8 <.LBB40577>:
    a2b8:	10059d82          	sfpmad	L6,L1,L6,L7,0

0000a2bc <.LBB40580>:
    a2bc:	c9838189          	sfpstore	L6,98,0,7

0000a2c0 <.LBB40586>:
    a2c0:	c1838649          	sfpload	L6,402,0,7

0000a2c4 <.LBB40592>:
    a2c4:	c1c38281          	sfpload	L7,160,0,7

0000a2c8 <.LBB40598>:
    a2c8:	100d9cc2          	sfpmad	L3,L3,L6,L7,0

0000a2cc <.LBB40601>:
    a2cc:	c8c38281          	sfpstore	L3,160,0,7

0000a2d0 <.LBB40607>:
    a2d0:	c0c38289          	sfpload	L3,162,0,7

0000a2d4 <.LBB40613>:
    a2d4:	10058c42          	sfpmad	L1,L1,L6,L3,0

0000a2d8 <.LBB40616>:
    a2d8:	c8438289          	sfpstore	L1,162,0,7

0000a2dc <.LBB40622>:
    a2dc:	142a888a          	sfpadd	L2,L10,L10,L2,2

0000a2e0 <.LBB40625>:
    a2e0:	1814a542          	sfpmul	L5,L5,L2,L9,0

0000a2e4 <.LBB40628>:
    a2e4:	c9438381          	sfpstore	L5,224,0,7

0000a2e8 <.LBB40634>:
    a2e8:	142a800a          	sfpadd	L0,L10,L10,L0,2

0000a2ec <.LBB40637>:
    a2ec:	18102402          	sfpmul	L0,L4,L0,L9,0

0000a2f0 <.LBB40640>:
    a2f0:	c8038389          	sfpstore	L0,226,0,7

0000a2f4 <.LBE40262>:
    a2f4:	00078067          	jr	a5

0000a2f8 <_ZN12_GLOBAL__N_1L16blend_chain_bodyILm9ELm1EEEvmPKNS_15BlendChainEntryE>:
    a2f8:	01455713          	srli	a4,a0,0x14

0000a2fc <.LBB41602>:
    a2fc:	60171793          	ctz	a5,a4
    a300:	01e7f793          	andi	a5,a5,30

0000a304 <.LM3726>:
    a304:	00f75733          	srl	a4,a4,a5

0000a308 <.LM3728>:
    a308:	00377713          	andi	a4,a4,3

0000a30c <.LBE41602>:
    a30c:	20e7a7b3          	sh1add	a5,a5,a4

0000a310 <.LM3730>:
    a310:	20b7c7b3          	sh2add	a5,a5,a1
    a314:	0a07a783          	lw	a5,160(a5)

0000a318 <.LBB41604>:
    a318:	c0838491          	sfpload	L2,292,0,7

0000a31c <.LBB41613>:
    a31c:	c0438591          	sfpload	L1,356,0,7

0000a320 <.LBB41619>:
    a320:	c1038611          	sfpload	L4,388,0,7

0000a324 <.LBB41625>:
    a324:	c0c38619          	sfpload	L3,390,0,7

0000a328 <.LBB41631>:
    a328:	c0038621          	sfpload	L0,392,0,7

0000a32c <.LBB41637>:
    a32c:	c1838601          	sfpload	L6,384,0,7

0000a330 <.LBB41643>:
    a330:	c1438609          	sfpload	L5,386,0,7

0000a334 <.LBB41649>:
    a334:	1428988a          	sfpadd	L2,L10,L2,L6,2

0000a338 <.LBB41652>:
    a338:	1428544a          	sfpadd	L1,L10,L1,L5,2

0000a33c <.LBB41655>:
    a33c:	1808a542          	sfpmul	L5,L2,L2,L9,0

0000a340 <.LBB41658>:
    a340:	18116502          	sfpmul	L4,L4,L5,L9,0

0000a344 <.LBB41661>:
    a344:	18086482          	sfpmul	L2,L2,L1,L9,0

0000a348 <.LBB41664>:
    a348:	100c9082          	sfpmad	L2,L3,L2,L4,0

0000a34c <.LBB41667>:
    a34c:	18046442          	sfpmul	L1,L1,L1,L9,0

0000a350 <.LBB41670>:
    a350:	10004802          	sfpmad	L0,L0,L1,L2,0
    a354:	3c000002          	sfpnop

0000a358 <.LBB41673>:
    a358:	48002406          	sfpswap	L0,L9,1
    a35c:	3c000002          	sfpnop

0000a360 <.LBB41675>:
    a360:	18032402          	sfpmul	L0,L0,L12,L9,0

0000a364 <.LBB41680>:
    a364:	d50bf801          	sfpaddi	L0,17150,0
    a368:	3c000002          	sfpnop

0000a36c <.LBB41683>:
    a36c:	48000246          	sfpswap	L9,L0,1
    a370:	3c000002          	sfpnop

0000a374 <.LBB41685>:
    a374:	dc000041          	sfpexexp	L1,L0,0

0000a378 <.LBB41689>:
    a378:	e0000001          	sfpexman	L0,L0,0

0000a37c <.LBB41691>:
    a37c:	e8000401          	sfpshft	L0,L1,0x000,0

0000a380 <.LBB41693>:
    a380:	dc000045          	sfpexexp	L1,L0,1

0000a384 <.LBB41695>:
    a384:	e0000005          	sfpexman	L0,L0,1

0000a388 <.LBB41697>:
    a388:	40000002          	sfpcast	L0,L0,0

0000a38c <.LBB41699>:
    a38c:	10037882          	sfpmad	L2,L0,L13,L14,0

0000a390 <.LBB41702>:
    a390:	c0c38659          	sfpload	L3,406,0,7

0000a394 <.LBB41708>:
    a394:	10008c02          	sfpmad	L0,L0,L2,L3,0

0000a398 <.LBB41711>:
    a398:	08000042          	sfpsetexp	L1,L0,0x000,0

0000a39c <.LBB41713>:
    a39c:	c0038629          	sfpload	L0,394,0,7

0000a3a0 <.LBB41719>:
    a3a0:	18006402          	sfpmul	L0,L0,L1,L9,0

0000a3a4 <.LBB41722>:
    a3a4:	c0438661          	sfpload	L1,408,0,7

0000a3a8 <.LBB41728>:
    a3a8:	48000406          	sfpswap	L0,L1,1
    a3ac:	3c000002          	sfpnop

0000a3b0 <.LBB41730>:
    a3b0:	c0438631          	sfpload	L1,396,0,7

0000a3b4 <.LBB41737>:
    a3b4:	1006c042          	sfpmad	L1,L1,L11,L0,0
    a3b8:	ec000401          	sfpsetcc	L1,0x000,0

0000a3bc <.LBB41741>:
    a3bc:	f0002401          	sfpmov	L0,L9,0

0000a3c0 <.LBB41744>:
    a3c0:	2800c02a          	sfpencc	0x003,10

0000a3c4 <.LBB41747>:
    a3c4:	c0838391          	sfpload	L2,228,0,7

0000a3c8 <.LBB41753>:
    a3c8:	1800a442          	sfpmul	L1,L0,L2,L9,0

0000a3cc <.LBB41756>:
    a3cc:	c1038091          	sfpload	L4,36,0,7

0000a3d0 <.LBB41762>:
    a3d0:	c0c38639          	sfpload	L3,398,0,7

0000a3d4 <.LBB41768>:
    a3d4:	1004d0c2          	sfpmad	L3,L1,L3,L4,0

0000a3d8 <.LBB41771>:
    a3d8:	c8c38091          	sfpstore	L3,36,0,7

0000a3dc <.LBB41777>:
    a3dc:	c1038191          	sfpload	L4,100,0,7

0000a3e0 <.LBB41783>:
    a3e0:	c0c38641          	sfpload	L3,400,0,7

0000a3e4 <.LBB41789>:
    a3e4:	1004d0c2          	sfpmad	L3,L1,L3,L4,0

0000a3e8 <.LBB41792>:
    a3e8:	c8c38191          	sfpstore	L3,100,0,7

0000a3ec <.LBB41798>:
    a3ec:	c1038291          	sfpload	L4,164,0,7

0000a3f0 <.LBB41804>:
    a3f0:	c0c38649          	sfpload	L3,402,0,7

0000a3f4 <.LBB41810>:
    a3f4:	1004d042          	sfpmad	L1,L1,L3,L4,0

0000a3f8 <.LBB41813>:
    a3f8:	c8438291          	sfpstore	L1,164,0,7

0000a3fc <.LBB41819>:
    a3fc:	142a800a          	sfpadd	L0,L10,L10,L0,2

0000a400 <.LBB41822>:
    a400:	18082402          	sfpmul	L0,L2,L0,L9,0

0000a404 <.LBB41825>:
    a404:	c8038391          	sfpstore	L0,228,0,7

0000a408 <.LBE41604>:
    a408:	00078067          	jr	a5

0000a40c <_ZN12_GLOBAL__N_1L16blend_chain_bodyILm9ELm2EEEvmPKNS_15BlendChainEntryE>:
    a40c:	01455713          	srli	a4,a0,0x14

0000a410 <.LBB42787>:
    a410:	60171793          	ctz	a5,a4
    a414:	01e7f793          	andi	a5,a5,30

0000a418 <.LM3837>:
    a418:	00f75733          	srl	a4,a4,a5

0000a41c <.LM3839>:
    a41c:	00377713          	andi	a4,a4,3

0000a420 <.LBE42787>:
    a420:	20e7a7b3          	sh1add	a5,a5,a4

0000a424 <.LM3841>:
    a424:	20b7c7b3          	sh2add	a5,a5,a1
    a428:	0a07a783          	lw	a5,160(a5)

0000a42c <.LBB42789>:
    a42c:	c0838499          	sfpload	L2,294,0,7

0000a430 <.LBB42798>:
    a430:	c0438599          	sfpload	L1,358,0,7

0000a434 <.LBB42804>:
    a434:	c1038611          	sfpload	L4,388,0,7

0000a438 <.LBB42810>:
    a438:	c0c38619          	sfpload	L3,390,0,7

0000a43c <.LBB42816>:
    a43c:	c0038621          	sfpload	L0,392,0,7

0000a440 <.LBB42822>:
    a440:	c1838601          	sfpload	L6,384,0,7

0000a444 <.LBB42828>:
    a444:	c1438609          	sfpload	L5,386,0,7

0000a448 <.LBB42834>:
    a448:	1428988a          	sfpadd	L2,L10,L2,L6,2

0000a44c <.LBB42837>:
    a44c:	1428544a          	sfpadd	L1,L10,L1,L5,2

0000a450 <.LBB42840>:
    a450:	1808a542          	sfpmul	L5,L2,L2,L9,0

0000a454 <.LBB42843>:
    a454:	18116502          	sfpmul	L4,L4,L5,L9,0

0000a458 <.LBB42846>:
    a458:	18086482          	sfpmul	L2,L2,L1,L9,0

0000a45c <.LBB42849>:
    a45c:	100c9082          	sfpmad	L2,L3,L2,L4,0

0000a460 <.LBB42852>:
    a460:	18046442          	sfpmul	L1,L1,L1,L9,0

0000a464 <.LBB42855>:
    a464:	10004802          	sfpmad	L0,L0,L1,L2,0
    a468:	3c000002          	sfpnop

0000a46c <.LBB42858>:
    a46c:	48002406          	sfpswap	L0,L9,1
    a470:	3c000002          	sfpnop

0000a474 <.LBB42860>:
    a474:	18032402          	sfpmul	L0,L0,L12,L9,0

0000a478 <.LBB42865>:
    a478:	d50bf801          	sfpaddi	L0,17150,0
    a47c:	3c000002          	sfpnop

0000a480 <.LBB42868>:
    a480:	48000246          	sfpswap	L9,L0,1
    a484:	3c000002          	sfpnop

0000a488 <.LBB42870>:
    a488:	dc000041          	sfpexexp	L1,L0,0

0000a48c <.LBB42874>:
    a48c:	e0000001          	sfpexman	L0,L0,0

0000a490 <.LBB42876>:
    a490:	e8000401          	sfpshft	L0,L1,0x000,0

0000a494 <.LBB42878>:
    a494:	dc000045          	sfpexexp	L1,L0,1

0000a498 <.LBB42880>:
    a498:	e0000005          	sfpexman	L0,L0,1

0000a49c <.LBB42882>:
    a49c:	40000002          	sfpcast	L0,L0,0

0000a4a0 <.LBB42884>:
    a4a0:	10037882          	sfpmad	L2,L0,L13,L14,0

0000a4a4 <.LBB42887>:
    a4a4:	c0c38659          	sfpload	L3,406,0,7

0000a4a8 <.LBB42893>:
    a4a8:	10008c02          	sfpmad	L0,L0,L2,L3,0

0000a4ac <.LBB42896>:
    a4ac:	08000042          	sfpsetexp	L1,L0,0x000,0

0000a4b0 <.LBB42898>:
    a4b0:	c0038629          	sfpload	L0,394,0,7

0000a4b4 <.LBB42904>:
    a4b4:	18006402          	sfpmul	L0,L0,L1,L9,0

0000a4b8 <.LBB42907>:
    a4b8:	c0438661          	sfpload	L1,408,0,7

0000a4bc <.LBB42913>:
    a4bc:	48000406          	sfpswap	L0,L1,1
    a4c0:	3c000002          	sfpnop

0000a4c4 <.LBB42915>:
    a4c4:	c0438631          	sfpload	L1,396,0,7

0000a4c8 <.LBB42922>:
    a4c8:	1006c042          	sfpmad	L1,L1,L11,L0,0
    a4cc:	ec000401          	sfpsetcc	L1,0x000,0

0000a4d0 <.LBB42926>:
    a4d0:	f0002401          	sfpmov	L0,L9,0

0000a4d4 <.LBB42929>:
    a4d4:	2800c02a          	sfpencc	0x003,10

0000a4d8 <.LBB42932>:
    a4d8:	c0838399          	sfpload	L2,230,0,7

0000a4dc <.LBB42938>:
    a4dc:	1800a442          	sfpmul	L1,L0,L2,L9,0

0000a4e0 <.LBB42941>:
    a4e0:	c1038099          	sfpload	L4,38,0,7

0000a4e4 <.LBB42947>:
    a4e4:	c0c38639          	sfpload	L3,398,0,7

0000a4e8 <.LBB42953>:
    a4e8:	1004d0c2          	sfpmad	L3,L1,L3,L4,0

0000a4ec <.LBB42956>:
    a4ec:	c8c38099          	sfpstore	L3,38,0,7

0000a4f0 <.LBB42962>:
    a4f0:	c1038199          	sfpload	L4,102,0,7

0000a4f4 <.LBB42968>:
    a4f4:	c0c38641          	sfpload	L3,400,0,7

0000a4f8 <.LBB42974>:
    a4f8:	1004d0c2          	sfpmad	L3,L1,L3,L4,0

0000a4fc <.LBB42977>:
    a4fc:	c8c38199          	sfpstore	L3,102,0,7

0000a500 <.LBB42983>:
    a500:	c1038299          	sfpload	L4,166,0,7

0000a504 <.LBB42989>:
    a504:	c0c38649          	sfpload	L3,402,0,7

0000a508 <.LBB42995>:
    a508:	1004d042          	sfpmad	L1,L1,L3,L4,0

0000a50c <.LBB42998>:
    a50c:	c8438299          	sfpstore	L1,166,0,7

0000a510 <.LBB43004>:
    a510:	142a800a          	sfpadd	L0,L10,L10,L0,2

0000a514 <.LBB43007>:
    a514:	18082402          	sfpmul	L0,L2,L0,L9,0

0000a518 <.LBB43010>:
    a518:	c8038399          	sfpstore	L0,230,0,7

0000a51c <.LBE42789>:
    a51c:	00078067          	jr	a5

0000a520 <_ZN12_GLOBAL__N_1L16blend_chain_bodyILm9ELm3EEEvmPKNS_15BlendChainEntryE>:
    a520:	01455713          	srli	a4,a0,0x14

0000a524 <.LBB44776>:
    a524:	60171793          	ctz	a5,a4
    a528:	01e7f793          	andi	a5,a5,30

0000a52c <.LM3948>:
    a52c:	00f75733          	srl	a4,a4,a5

0000a530 <.LM3950>:
    a530:	00377713          	andi	a4,a4,3

0000a534 <.LBE44776>:
    a534:	20e7a7b3          	sh1add	a5,a5,a4

0000a538 <.LM3952>:
    a538:	20b7c7b3          	sh2add	a5,a5,a1
    a53c:	0a07a783          	lw	a5,160(a5)

0000a540 <.LBB44778>:
    a540:	c0038601          	sfpload	L0,384,0,7

0000a544 <.LBB44787>:
    a544:	c1038609          	sfpload	L4,386,0,7

0000a548 <.LBB44793>:
    a548:	c0838491          	sfpload	L2,292,0,7

0000a54c <.LBB44799>:
    a54c:	1428808a          	sfpadd	L2,L10,L2,L0,2

0000a550 <.LBB44802>:
    a550:	c0438499          	sfpload	L1,294,0,7

0000a554 <.LBB44808>:
    a554:	1428404a          	sfpadd	L1,L10,L1,L0,2

0000a558 <.LBB44811>:
    a558:	c0038591          	sfpload	L0,356,0,7

0000a55c <.LBB44817>:
    a55c:	1428100a          	sfpadd	L0,L10,L0,L4,2

0000a560 <.LBB44820>:
    a560:	c0c38599          	sfpload	L3,358,0,7

0000a564 <.LBB44826>:
    a564:	1428d0ca          	sfpadd	L3,L10,L3,L4,2

0000a568 <.LBB44829>:
    a568:	c1438611          	sfpload	L5,388,0,7

0000a56c <.LBB44835>:
    a56c:	1808a582          	sfpmul	L6,L2,L2,L9,0

0000a570 <.LBB44838>:
    a570:	1815a582          	sfpmul	L6,L5,L6,L9,0

0000a574 <.LBB44841>:
    a574:	18046502          	sfpmul	L4,L1,L1,L9,0

0000a578 <.LBB44844>:
    a578:	18152542          	sfpmul	L5,L5,L4,L9,0

0000a57c <.LBB44847>:
    a57c:	c1038619          	sfpload	L4,390,0,7

0000a580 <.LBB44853>:
    a580:	18082482          	sfpmul	L2,L2,L0,L9,0

0000a584 <.LBB44856>:
    a584:	10109882          	sfpmad	L2,L4,L2,L6,0

0000a588 <.LBB44859>:
    a588:	1804e442          	sfpmul	L1,L1,L3,L9,0

0000a58c <.LBB44862>:
    a58c:	10105502          	sfpmad	L4,L4,L1,L5,0

0000a590 <.LBB44865>:
    a590:	c0438621          	sfpload	L1,392,0,7

0000a594 <.LBB44871>:
    a594:	18002402          	sfpmul	L0,L0,L0,L9,0

0000a598 <.LBB44874>:
    a598:	10040802          	sfpmad	L0,L1,L0,L2,0

0000a59c <.LBB44877>:
    a59c:	180ce4c2          	sfpmul	L3,L3,L3,L9,0

0000a5a0 <.LBB44880>:
    a5a0:	1004d042          	sfpmad	L1,L1,L3,L4,0

0000a5a4 <.LBB44883>:
    a5a4:	48002406          	sfpswap	L0,L9,1
    a5a8:	3c000002          	sfpnop

0000a5ac <.LBB44885>:
    a5ac:	48002446          	sfpswap	L1,L9,1
    a5b0:	3c000002          	sfpnop

0000a5b4 <.LBB44887>:
    a5b4:	18032402          	sfpmul	L0,L0,L12,L9,0

0000a5b8 <.LBB44892>:
    a5b8:	d50bf801          	sfpaddi	L0,17150,0
    a5bc:	3c000002          	sfpnop

0000a5c0 <.LBB44895>:
    a5c0:	48000246          	sfpswap	L9,L0,1
    a5c4:	3c000002          	sfpnop

0000a5c8 <.LBB44897>:
    a5c8:	dc000081          	sfpexexp	L2,L0,0

0000a5cc <.LBB44901>:
    a5cc:	e0000001          	sfpexman	L0,L0,0

0000a5d0 <.LBB44903>:
    a5d0:	e8000801          	sfpshft	L0,L2,0x000,0

0000a5d4 <.LBB44905>:
    a5d4:	dc000085          	sfpexexp	L2,L0,1

0000a5d8 <.LBB44907>:
    a5d8:	1000014c          	ttreplay	0,5,1,1
    a5dc:	e0000005          	sfpexman	L0,L0,1

0000a5e0 <.LBB44909>:
    a5e0:	40000002          	sfpcast	L0,L0,0

0000a5e4 <.LBB44911>:
    a5e4:	100378c2          	sfpmad	L3,L0,L13,L14,0

0000a5e8 <.LBB44914>:
    a5e8:	c1038659          	sfpload	L4,406,0,7

0000a5ec <.LBB44920>:
    a5ec:	1000d002          	sfpmad	L0,L0,L3,L4,0

0000a5f0 <.LBB44923>:
    a5f0:	08000082          	sfpsetexp	L2,L0,0x000,0

0000a5f4 <.LBB44925>:
    a5f4:	18072442          	sfpmul	L1,L1,L12,L9,0

0000a5f8 <.LBB44930>:
    a5f8:	d50bf841          	sfpaddi	L1,17150,0
    a5fc:	3c000002          	sfpnop

0000a600 <.LBB44933>:
    a600:	48000646          	sfpswap	L9,L1,1
    a604:	3c000002          	sfpnop

0000a608 <.LBB44935>:
    a608:	dc0004c1          	sfpexexp	L3,L1,0

0000a60c <.LBB44939>:
    a60c:	e0000401          	sfpexman	L0,L1,0

0000a610 <.LBB44941>:
    a610:	e8000c01          	sfpshft	L0,L3,0x000,0

0000a614 <.LBB44943>:
    a614:	dc000045          	sfpexexp	L1,L0,1

0000a618 <.LBB44945>:
    a618:	10000140          	ttreplay	0,5,0,0

0000a61c <.LBB44948>:
    a61c:	08000042          	sfpsetexp	L1,L0,0x000,0

0000a620 <.LBB44950>:
    a620:	c0038629          	sfpload	L0,394,0,7

0000a624 <.LBB44956>:
    a624:	1800a482          	sfpmul	L2,L0,L2,L9,0

0000a628 <.LBB44959>:
    a628:	18006402          	sfpmul	L0,L0,L1,L9,0

0000a62c <.LBB44962>:
    a62c:	c0c38661          	sfpload	L3,408,0,7

0000a630 <.LBB44968>:
    a630:	c0438661          	sfpload	L1,408,0,7

0000a634 <.LBB44974>:
    a634:	48000c86          	sfpswap	L2,L3,1
    a638:	3c000002          	sfpnop

0000a63c <.LBB44976>:
    a63c:	48000406          	sfpswap	L0,L1,1
    a640:	3c000002          	sfpnop

0000a644 <.LBB44978>:
    a644:	c0438631          	sfpload	L1,396,0,7

0000a648 <.LBB44985>:
    a648:	1006c842          	sfpmad	L1,L1,L11,L2,0
    a64c:	ec000401          	sfpsetcc	L1,0x000,0

0000a650 <.LBB44989>:
    a650:	f0002481          	sfpmov	L2,L9,0

0000a654 <.LBB44992>:
    a654:	2800c02a          	sfpencc	0x003,10

0000a658 <.LBB44995>:
    a658:	c0438631          	sfpload	L1,396,0,7

0000a65c <.LBB45002>:
    a65c:	1006c042          	sfpmad	L1,L1,L11,L0,0
    a660:	ec000401          	sfpsetcc	L1,0x000,0

0000a664 <.LBB45006>:
    a664:	f0002401          	sfpmov	L0,L9,0

0000a668 <.LBB45009>:
    a668:	2800c02a          	sfpencc	0x003,10

0000a66c <.LBB45012>:
    a66c:	c1438391          	sfpload	L5,228,0,7

0000a670 <.LBB45018>:
    a670:	c1038399          	sfpload	L4,230,0,7

0000a674 <.LBB45024>:
    a674:	180964c2          	sfpmul	L3,L2,L5,L9,0

0000a678 <.LBB45027>:
    a678:	18012442          	sfpmul	L1,L0,L4,L9,0

0000a67c <.LBB45030>:
    a67c:	c1838639          	sfpload	L6,398,0,7

0000a680 <.LBB45036>:
    a680:	c1c38091          	sfpload	L7,36,0,7

0000a684 <.LBB45042>:
    a684:	100d9dc2          	sfpmad	L7,L3,L6,L7,0

0000a688 <.LBB45045>:
    a688:	c9c38091          	sfpstore	L7,36,0,7

0000a68c <.LBB45051>:
    a68c:	c1c38099          	sfpload	L7,38,0,7

0000a690 <.LBB45057>:
    a690:	10059d82          	sfpmad	L6,L1,L6,L7,0

0000a694 <.LBB45060>:
    a694:	c9838099          	sfpstore	L6,38,0,7

0000a698 <.LBB45066>:
    a698:	c1838641          	sfpload	L6,400,0,7

0000a69c <.LBB45072>:
    a69c:	c1c38191          	sfpload	L7,100,0,7

0000a6a0 <.LBB45078>:
    a6a0:	100d9dc2          	sfpmad	L7,L3,L6,L7,0

0000a6a4 <.LBB45081>:
    a6a4:	c9c38191          	sfpstore	L7,100,0,7

0000a6a8 <.LBB45087>:
    a6a8:	c1c38199          	sfpload	L7,102,0,7

0000a6ac <.LBB45093>:
    a6ac:	10059d82          	sfpmad	L6,L1,L6,L7,0

0000a6b0 <.LBB45096>:
    a6b0:	c9838199          	sfpstore	L6,102,0,7

0000a6b4 <.LBB45102>:
    a6b4:	c1838649          	sfpload	L6,402,0,7

0000a6b8 <.LBB45108>:
    a6b8:	c1c38291          	sfpload	L7,164,0,7

0000a6bc <.LBB45114>:
    a6bc:	100d9cc2          	sfpmad	L3,L3,L6,L7,0

0000a6c0 <.LBB45117>:
    a6c0:	c8c38291          	sfpstore	L3,164,0,7

0000a6c4 <.LBB45123>:
    a6c4:	c0c38299          	sfpload	L3,166,0,7

0000a6c8 <.LBB45129>:
    a6c8:	10058c42          	sfpmad	L1,L1,L6,L3,0

0000a6cc <.LBB45132>:
    a6cc:	c8438299          	sfpstore	L1,166,0,7

0000a6d0 <.LBB45138>:
    a6d0:	142a888a          	sfpadd	L2,L10,L10,L2,2

0000a6d4 <.LBB45141>:
    a6d4:	1814a542          	sfpmul	L5,L5,L2,L9,0

0000a6d8 <.LBB45144>:
    a6d8:	c9438391          	sfpstore	L5,228,0,7

0000a6dc <.LBB45150>:
    a6dc:	142a800a          	sfpadd	L0,L10,L10,L0,2

0000a6e0 <.LBB45153>:
    a6e0:	18102402          	sfpmul	L0,L4,L0,L9,0

0000a6e4 <.LBB45156>:
    a6e4:	c8038399          	sfpstore	L0,230,0,7

0000a6e8 <.LBE44778>:
    a6e8:	00078067          	jr	a5

0000a6ec <_ZN12_GLOBAL__N_1L16blend_chain_bodyILm10ELm1EEEvmPKNS_15BlendChainEntryE>:
    a6ec:	01655713          	srli	a4,a0,0x16

0000a6f0 <.LBB46118>:
    a6f0:	60171793          	ctz	a5,a4
    a6f4:	01e7f793          	andi	a5,a5,30

0000a6f8 <.LM4139>:
    a6f8:	00f75733          	srl	a4,a4,a5

0000a6fc <.LM4141>:
    a6fc:	00377713          	andi	a4,a4,3

0000a700 <.LBE46118>:
    a700:	20e7a7b3          	sh1add	a5,a5,a4

0000a704 <.LM4143>:
    a704:	20b7c7b3          	sh2add	a5,a5,a1
    a708:	0b07a783          	lw	a5,176(a5)

0000a70c <.LBB46120>:
    a70c:	c08384a1          	sfpload	L2,296,0,7

0000a710 <.LBB46129>:
    a710:	c04385a1          	sfpload	L1,360,0,7

0000a714 <.LBB46135>:
    a714:	c1038611          	sfpload	L4,388,0,7

0000a718 <.LBB46141>:
    a718:	c0c38619          	sfpload	L3,390,0,7

0000a71c <.LBB46147>:
    a71c:	c0038621          	sfpload	L0,392,0,7

0000a720 <.LBB46153>:
    a720:	c1838601          	sfpload	L6,384,0,7

0000a724 <.LBB46159>:
    a724:	c1438609          	sfpload	L5,386,0,7

0000a728 <.LBB46165>:
    a728:	1428988a          	sfpadd	L2,L10,L2,L6,2

0000a72c <.LBB46168>:
    a72c:	1428544a          	sfpadd	L1,L10,L1,L5,2

0000a730 <.LBB46171>:
    a730:	1808a542          	sfpmul	L5,L2,L2,L9,0

0000a734 <.LBB46174>:
    a734:	18116502          	sfpmul	L4,L4,L5,L9,0

0000a738 <.LBB46177>:
    a738:	18086482          	sfpmul	L2,L2,L1,L9,0

0000a73c <.LBB46180>:
    a73c:	100c9082          	sfpmad	L2,L3,L2,L4,0

0000a740 <.LBB46183>:
    a740:	18046442          	sfpmul	L1,L1,L1,L9,0

0000a744 <.LBB46186>:
    a744:	10004802          	sfpmad	L0,L0,L1,L2,0
    a748:	3c000002          	sfpnop

0000a74c <.LBB46189>:
    a74c:	48002406          	sfpswap	L0,L9,1
    a750:	3c000002          	sfpnop

0000a754 <.LBB46191>:
    a754:	18032402          	sfpmul	L0,L0,L12,L9,0

0000a758 <.LBB46196>:
    a758:	d50bf801          	sfpaddi	L0,17150,0
    a75c:	3c000002          	sfpnop

0000a760 <.LBB46199>:
    a760:	48000246          	sfpswap	L9,L0,1
    a764:	3c000002          	sfpnop

0000a768 <.LBB46201>:
    a768:	dc000041          	sfpexexp	L1,L0,0

0000a76c <.LBB46205>:
    a76c:	e0000001          	sfpexman	L0,L0,0

0000a770 <.LBB46207>:
    a770:	e8000401          	sfpshft	L0,L1,0x000,0

0000a774 <.LBB46209>:
    a774:	dc000045          	sfpexexp	L1,L0,1

0000a778 <.LBB46211>:
    a778:	e0000005          	sfpexman	L0,L0,1

0000a77c <.LBB46213>:
    a77c:	40000002          	sfpcast	L0,L0,0

0000a780 <.LBB46215>:
    a780:	10037882          	sfpmad	L2,L0,L13,L14,0

0000a784 <.LBB46218>:
    a784:	c0c38659          	sfpload	L3,406,0,7

0000a788 <.LBB46224>:
    a788:	10008c02          	sfpmad	L0,L0,L2,L3,0

0000a78c <.LBB46227>:
    a78c:	08000042          	sfpsetexp	L1,L0,0x000,0

0000a790 <.LBB46229>:
    a790:	c0038629          	sfpload	L0,394,0,7

0000a794 <.LBB46235>:
    a794:	18006402          	sfpmul	L0,L0,L1,L9,0

0000a798 <.LBB46238>:
    a798:	c0438661          	sfpload	L1,408,0,7

0000a79c <.LBB46244>:
    a79c:	48000406          	sfpswap	L0,L1,1
    a7a0:	3c000002          	sfpnop

0000a7a4 <.LBB46246>:
    a7a4:	c0438631          	sfpload	L1,396,0,7

0000a7a8 <.LBB46253>:
    a7a8:	1006c042          	sfpmad	L1,L1,L11,L0,0
    a7ac:	ec000401          	sfpsetcc	L1,0x000,0

0000a7b0 <.LBB46257>:
    a7b0:	f0002401          	sfpmov	L0,L9,0

0000a7b4 <.LBB46260>:
    a7b4:	2800c02a          	sfpencc	0x003,10

0000a7b8 <.LBB46263>:
    a7b8:	c08383a1          	sfpload	L2,232,0,7

0000a7bc <.LBB46269>:
    a7bc:	1800a442          	sfpmul	L1,L0,L2,L9,0

0000a7c0 <.LBB46272>:
    a7c0:	c10380a1          	sfpload	L4,40,0,7

0000a7c4 <.LBB46278>:
    a7c4:	c0c38639          	sfpload	L3,398,0,7

0000a7c8 <.LBB46284>:
    a7c8:	1004d0c2          	sfpmad	L3,L1,L3,L4,0

0000a7cc <.LBB46287>:
    a7cc:	c8c380a1          	sfpstore	L3,40,0,7

0000a7d0 <.LBB46293>:
    a7d0:	c10381a1          	sfpload	L4,104,0,7

0000a7d4 <.LBB46299>:
    a7d4:	c0c38641          	sfpload	L3,400,0,7

0000a7d8 <.LBB46305>:
    a7d8:	1004d0c2          	sfpmad	L3,L1,L3,L4,0

0000a7dc <.LBB46308>:
    a7dc:	c8c381a1          	sfpstore	L3,104,0,7

0000a7e0 <.LBB46314>:
    a7e0:	c10382a1          	sfpload	L4,168,0,7

0000a7e4 <.LBB46320>:
    a7e4:	c0c38649          	sfpload	L3,402,0,7

0000a7e8 <.LBB46326>:
    a7e8:	1004d042          	sfpmad	L1,L1,L3,L4,0

0000a7ec <.LBB46329>:
    a7ec:	c84382a1          	sfpstore	L1,168,0,7

0000a7f0 <.LBB46335>:
    a7f0:	142a800a          	sfpadd	L0,L10,L10,L0,2

0000a7f4 <.LBB46338>:
    a7f4:	18082402          	sfpmul	L0,L2,L0,L9,0

0000a7f8 <.LBB46341>:
    a7f8:	c80383a1          	sfpstore	L0,232,0,7

0000a7fc <.LBE46120>:
    a7fc:	00078067          	jr	a5

0000a800 <_ZN12_GLOBAL__N_1L16blend_chain_bodyILm10ELm2EEEvmPKNS_15BlendChainEntryE>:
    a800:	01655713          	srli	a4,a0,0x16

0000a804 <.LBB47303>:
    a804:	60171793          	ctz	a5,a4
    a808:	01e7f793          	andi	a5,a5,30

0000a80c <.LM4250>:
    a80c:	00f75733          	srl	a4,a4,a5

0000a810 <.LM4252>:
    a810:	00377713          	andi	a4,a4,3

0000a814 <.LBE47303>:
    a814:	20e7a7b3          	sh1add	a5,a5,a4

0000a818 <.LM4254>:
    a818:	20b7c7b3          	sh2add	a5,a5,a1
    a81c:	0b07a783          	lw	a5,176(a5)

0000a820 <.LBB47305>:
    a820:	c08384a9          	sfpload	L2,298,0,7

0000a824 <.LBB47314>:
    a824:	c04385a9          	sfpload	L1,362,0,7

0000a828 <.LBB47320>:
    a828:	c1038611          	sfpload	L4,388,0,7

0000a82c <.LBB47326>:
    a82c:	c0c38619          	sfpload	L3,390,0,7

0000a830 <.LBB47332>:
    a830:	c0038621          	sfpload	L0,392,0,7

0000a834 <.LBB47338>:
    a834:	c1838601          	sfpload	L6,384,0,7

0000a838 <.LBB47344>:
    a838:	c1438609          	sfpload	L5,386,0,7

0000a83c <.LBB47350>:
    a83c:	1428988a          	sfpadd	L2,L10,L2,L6,2

0000a840 <.LBB47353>:
    a840:	1428544a          	sfpadd	L1,L10,L1,L5,2

0000a844 <.LBB47356>:
    a844:	1808a542          	sfpmul	L5,L2,L2,L9,0

0000a848 <.LBB47359>:
    a848:	18116502          	sfpmul	L4,L4,L5,L9,0

0000a84c <.LBB47362>:
    a84c:	18086482          	sfpmul	L2,L2,L1,L9,0

0000a850 <.LBB47365>:
    a850:	100c9082          	sfpmad	L2,L3,L2,L4,0

0000a854 <.LBB47368>:
    a854:	18046442          	sfpmul	L1,L1,L1,L9,0

0000a858 <.LBB47371>:
    a858:	10004802          	sfpmad	L0,L0,L1,L2,0
    a85c:	3c000002          	sfpnop

0000a860 <.LBB47374>:
    a860:	48002406          	sfpswap	L0,L9,1
    a864:	3c000002          	sfpnop

0000a868 <.LBB47376>:
    a868:	18032402          	sfpmul	L0,L0,L12,L9,0

0000a86c <.LBB47381>:
    a86c:	d50bf801          	sfpaddi	L0,17150,0
    a870:	3c000002          	sfpnop

0000a874 <.LBB47384>:
    a874:	48000246          	sfpswap	L9,L0,1
    a878:	3c000002          	sfpnop

0000a87c <.LBB47386>:
    a87c:	dc000041          	sfpexexp	L1,L0,0

0000a880 <.LBB47390>:
    a880:	e0000001          	sfpexman	L0,L0,0

0000a884 <.LBB47392>:
    a884:	e8000401          	sfpshft	L0,L1,0x000,0

0000a888 <.LBB47394>:
    a888:	dc000045          	sfpexexp	L1,L0,1

0000a88c <.LBB47396>:
    a88c:	e0000005          	sfpexman	L0,L0,1

0000a890 <.LBB47398>:
    a890:	40000002          	sfpcast	L0,L0,0

0000a894 <.LBB47400>:
    a894:	10037882          	sfpmad	L2,L0,L13,L14,0

0000a898 <.LBB47403>:
    a898:	c0c38659          	sfpload	L3,406,0,7

0000a89c <.LBB47409>:
    a89c:	10008c02          	sfpmad	L0,L0,L2,L3,0

0000a8a0 <.LBB47412>:
    a8a0:	08000042          	sfpsetexp	L1,L0,0x000,0

0000a8a4 <.LBB47414>:
    a8a4:	c0038629          	sfpload	L0,394,0,7

0000a8a8 <.LBB47420>:
    a8a8:	18006402          	sfpmul	L0,L0,L1,L9,0

0000a8ac <.LBB47423>:
    a8ac:	c0438661          	sfpload	L1,408,0,7

0000a8b0 <.LBB47429>:
    a8b0:	48000406          	sfpswap	L0,L1,1
    a8b4:	3c000002          	sfpnop

0000a8b8 <.LBB47431>:
    a8b8:	c0438631          	sfpload	L1,396,0,7

0000a8bc <.LBB47438>:
    a8bc:	1006c042          	sfpmad	L1,L1,L11,L0,0
    a8c0:	ec000401          	sfpsetcc	L1,0x000,0

0000a8c4 <.LBB47442>:
    a8c4:	f0002401          	sfpmov	L0,L9,0

0000a8c8 <.LBB47445>:
    a8c8:	2800c02a          	sfpencc	0x003,10

0000a8cc <.LBB47448>:
    a8cc:	c08383a9          	sfpload	L2,234,0,7

0000a8d0 <.LBB47454>:
    a8d0:	1800a442          	sfpmul	L1,L0,L2,L9,0

0000a8d4 <.LBB47457>:
    a8d4:	c10380a9          	sfpload	L4,42,0,7

0000a8d8 <.LBB47463>:
    a8d8:	c0c38639          	sfpload	L3,398,0,7

0000a8dc <.LBB47469>:
    a8dc:	1004d0c2          	sfpmad	L3,L1,L3,L4,0

0000a8e0 <.LBB47472>:
    a8e0:	c8c380a9          	sfpstore	L3,42,0,7

0000a8e4 <.LBB47478>:
    a8e4:	c10381a9          	sfpload	L4,106,0,7

0000a8e8 <.LBB47484>:
    a8e8:	c0c38641          	sfpload	L3,400,0,7

0000a8ec <.LBB47490>:
    a8ec:	1004d0c2          	sfpmad	L3,L1,L3,L4,0

0000a8f0 <.LBB47493>:
    a8f0:	c8c381a9          	sfpstore	L3,106,0,7

0000a8f4 <.LBB47499>:
    a8f4:	c10382a9          	sfpload	L4,170,0,7

0000a8f8 <.LBB47505>:
    a8f8:	c0c38649          	sfpload	L3,402,0,7

0000a8fc <.LBB47511>:
    a8fc:	1004d042          	sfpmad	L1,L1,L3,L4,0

0000a900 <.LBB47514>:
    a900:	c84382a9          	sfpstore	L1,170,0,7

0000a904 <.LBB47520>:
    a904:	142a800a          	sfpadd	L0,L10,L10,L0,2

0000a908 <.LBB47523>:
    a908:	18082402          	sfpmul	L0,L2,L0,L9,0

0000a90c <.LBB47526>:
    a90c:	c80383a9          	sfpstore	L0,234,0,7

0000a910 <.LBE47305>:
    a910:	00078067          	jr	a5

0000a914 <_ZN12_GLOBAL__N_1L16blend_chain_bodyILm10ELm3EEEvmPKNS_15BlendChainEntryE>:
    a914:	01655713          	srli	a4,a0,0x16

0000a918 <.LBB49292>:
    a918:	60171793          	ctz	a5,a4
    a91c:	01e7f793          	andi	a5,a5,30

0000a920 <.LM4361>:
    a920:	00f75733          	srl	a4,a4,a5

0000a924 <.LM4363>:
    a924:	00377713          	andi	a4,a4,3

0000a928 <.LBE49292>:
    a928:	20e7a7b3          	sh1add	a5,a5,a4

0000a92c <.LM4365>:
    a92c:	20b7c7b3          	sh2add	a5,a5,a1
    a930:	0b07a783          	lw	a5,176(a5)

0000a934 <.LBB49294>:
    a934:	c0038601          	sfpload	L0,384,0,7

0000a938 <.LBB49303>:
    a938:	c1038609          	sfpload	L4,386,0,7

0000a93c <.LBB49309>:
    a93c:	c08384a1          	sfpload	L2,296,0,7

0000a940 <.LBB49315>:
    a940:	1428808a          	sfpadd	L2,L10,L2,L0,2

0000a944 <.LBB49318>:
    a944:	c04384a9          	sfpload	L1,298,0,7

0000a948 <.LBB49324>:
    a948:	1428404a          	sfpadd	L1,L10,L1,L0,2

0000a94c <.LBB49327>:
    a94c:	c00385a1          	sfpload	L0,360,0,7

0000a950 <.LBB49333>:
    a950:	1428100a          	sfpadd	L0,L10,L0,L4,2

0000a954 <.LBB49336>:
    a954:	c0c385a9          	sfpload	L3,362,0,7

0000a958 <.LBB49342>:
    a958:	1428d0ca          	sfpadd	L3,L10,L3,L4,2

0000a95c <.LBB49345>:
    a95c:	c1438611          	sfpload	L5,388,0,7

0000a960 <.LBB49351>:
    a960:	1808a582          	sfpmul	L6,L2,L2,L9,0

0000a964 <.LBB49354>:
    a964:	1815a582          	sfpmul	L6,L5,L6,L9,0

0000a968 <.LBB49357>:
    a968:	18046502          	sfpmul	L4,L1,L1,L9,0

0000a96c <.LBB49360>:
    a96c:	18152542          	sfpmul	L5,L5,L4,L9,0

0000a970 <.LBB49363>:
    a970:	c1038619          	sfpload	L4,390,0,7

0000a974 <.LBB49369>:
    a974:	18082482          	sfpmul	L2,L2,L0,L9,0

0000a978 <.LBB49372>:
    a978:	10109882          	sfpmad	L2,L4,L2,L6,0

0000a97c <.LBB49375>:
    a97c:	1804e442          	sfpmul	L1,L1,L3,L9,0

0000a980 <.LBB49378>:
    a980:	10105502          	sfpmad	L4,L4,L1,L5,0

0000a984 <.LBB49381>:
    a984:	c0438621          	sfpload	L1,392,0,7

0000a988 <.LBB49387>:
    a988:	18002402          	sfpmul	L0,L0,L0,L9,0

0000a98c <.LBB49390>:
    a98c:	10040802          	sfpmad	L0,L1,L0,L2,0

0000a990 <.LBB49393>:
    a990:	180ce4c2          	sfpmul	L3,L3,L3,L9,0

0000a994 <.LBB49396>:
    a994:	1004d042          	sfpmad	L1,L1,L3,L4,0

0000a998 <.LBB49399>:
    a998:	48002406          	sfpswap	L0,L9,1
    a99c:	3c000002          	sfpnop

0000a9a0 <.LBB49401>:
    a9a0:	48002446          	sfpswap	L1,L9,1
    a9a4:	3c000002          	sfpnop

0000a9a8 <.LBB49403>:
    a9a8:	18032402          	sfpmul	L0,L0,L12,L9,0

0000a9ac <.LBB49408>:
    a9ac:	d50bf801          	sfpaddi	L0,17150,0
    a9b0:	3c000002          	sfpnop

0000a9b4 <.LBB49411>:
    a9b4:	48000246          	sfpswap	L9,L0,1
    a9b8:	3c000002          	sfpnop

0000a9bc <.LBB49413>:
    a9bc:	dc000081          	sfpexexp	L2,L0,0

0000a9c0 <.LBB49417>:
    a9c0:	e0000001          	sfpexman	L0,L0,0

0000a9c4 <.LBB49419>:
    a9c4:	e8000801          	sfpshft	L0,L2,0x000,0

0000a9c8 <.LBB49421>:
    a9c8:	dc000085          	sfpexexp	L2,L0,1

0000a9cc <.LBB49423>:
    a9cc:	1000014c          	ttreplay	0,5,1,1
    a9d0:	e0000005          	sfpexman	L0,L0,1

0000a9d4 <.LBB49425>:
    a9d4:	40000002          	sfpcast	L0,L0,0

0000a9d8 <.LBB49427>:
    a9d8:	100378c2          	sfpmad	L3,L0,L13,L14,0

0000a9dc <.LBB49430>:
    a9dc:	c1038659          	sfpload	L4,406,0,7

0000a9e0 <.LBB49436>:
    a9e0:	1000d002          	sfpmad	L0,L0,L3,L4,0

0000a9e4 <.LBB49439>:
    a9e4:	08000082          	sfpsetexp	L2,L0,0x000,0

0000a9e8 <.LBB49441>:
    a9e8:	18072442          	sfpmul	L1,L1,L12,L9,0

0000a9ec <.LBB49446>:
    a9ec:	d50bf841          	sfpaddi	L1,17150,0
    a9f0:	3c000002          	sfpnop

0000a9f4 <.LBB49449>:
    a9f4:	48000646          	sfpswap	L9,L1,1
    a9f8:	3c000002          	sfpnop

0000a9fc <.LBB49451>:
    a9fc:	dc0004c1          	sfpexexp	L3,L1,0

0000aa00 <.LBB49455>:
    aa00:	e0000401          	sfpexman	L0,L1,0

0000aa04 <.LBB49457>:
    aa04:	e8000c01          	sfpshft	L0,L3,0x000,0

0000aa08 <.LBB49459>:
    aa08:	dc000045          	sfpexexp	L1,L0,1

0000aa0c <.LBB49461>:
    aa0c:	10000140          	ttreplay	0,5,0,0

0000aa10 <.LBB49464>:
    aa10:	08000042          	sfpsetexp	L1,L0,0x000,0

0000aa14 <.LBB49466>:
    aa14:	c0038629          	sfpload	L0,394,0,7

0000aa18 <.LBB49472>:
    aa18:	1800a482          	sfpmul	L2,L0,L2,L9,0

0000aa1c <.LBB49475>:
    aa1c:	18006402          	sfpmul	L0,L0,L1,L9,0

0000aa20 <.LBB49478>:
    aa20:	c0c38661          	sfpload	L3,408,0,7

0000aa24 <.LBB49484>:
    aa24:	c0438661          	sfpload	L1,408,0,7

0000aa28 <.LBB49490>:
    aa28:	48000c86          	sfpswap	L2,L3,1
    aa2c:	3c000002          	sfpnop

0000aa30 <.LBB49492>:
    aa30:	48000406          	sfpswap	L0,L1,1
    aa34:	3c000002          	sfpnop

0000aa38 <.LBB49494>:
    aa38:	c0438631          	sfpload	L1,396,0,7

0000aa3c <.LBB49501>:
    aa3c:	1006c842          	sfpmad	L1,L1,L11,L2,0
    aa40:	ec000401          	sfpsetcc	L1,0x000,0

0000aa44 <.LBB49505>:
    aa44:	f0002481          	sfpmov	L2,L9,0

0000aa48 <.LBB49508>:
    aa48:	2800c02a          	sfpencc	0x003,10

0000aa4c <.LBB49511>:
    aa4c:	c0438631          	sfpload	L1,396,0,7

0000aa50 <.LBB49518>:
    aa50:	1006c042          	sfpmad	L1,L1,L11,L0,0
    aa54:	ec000401          	sfpsetcc	L1,0x000,0

0000aa58 <.LBB49522>:
    aa58:	f0002401          	sfpmov	L0,L9,0

0000aa5c <.LBB49525>:
    aa5c:	2800c02a          	sfpencc	0x003,10

0000aa60 <.LBB49528>:
    aa60:	c14383a1          	sfpload	L5,232,0,7

0000aa64 <.LBB49534>:
    aa64:	c10383a9          	sfpload	L4,234,0,7

0000aa68 <.LBB49540>:
    aa68:	180964c2          	sfpmul	L3,L2,L5,L9,0

0000aa6c <.LBB49543>:
    aa6c:	18012442          	sfpmul	L1,L0,L4,L9,0

0000aa70 <.LBB49546>:
    aa70:	c1838639          	sfpload	L6,398,0,7

0000aa74 <.LBB49552>:
    aa74:	c1c380a1          	sfpload	L7,40,0,7

0000aa78 <.LBB49558>:
    aa78:	100d9dc2          	sfpmad	L7,L3,L6,L7,0

0000aa7c <.LBB49561>:
    aa7c:	c9c380a1          	sfpstore	L7,40,0,7

0000aa80 <.LBB49567>:
    aa80:	c1c380a9          	sfpload	L7,42,0,7

0000aa84 <.LBB49573>:
    aa84:	10059d82          	sfpmad	L6,L1,L6,L7,0

0000aa88 <.LBB49576>:
    aa88:	c98380a9          	sfpstore	L6,42,0,7

0000aa8c <.LBB49582>:
    aa8c:	c1838641          	sfpload	L6,400,0,7

0000aa90 <.LBB49588>:
    aa90:	c1c381a1          	sfpload	L7,104,0,7

0000aa94 <.LBB49594>:
    aa94:	100d9dc2          	sfpmad	L7,L3,L6,L7,0

0000aa98 <.LBB49597>:
    aa98:	c9c381a1          	sfpstore	L7,104,0,7

0000aa9c <.LBB49603>:
    aa9c:	c1c381a9          	sfpload	L7,106,0,7

0000aaa0 <.LBB49609>:
    aaa0:	10059d82          	sfpmad	L6,L1,L6,L7,0

0000aaa4 <.LBB49612>:
    aaa4:	c98381a9          	sfpstore	L6,106,0,7

0000aaa8 <.LBB49618>:
    aaa8:	c1838649          	sfpload	L6,402,0,7

0000aaac <.LBB49624>:
    aaac:	c1c382a1          	sfpload	L7,168,0,7

0000aab0 <.LBB49630>:
    aab0:	100d9cc2          	sfpmad	L3,L3,L6,L7,0

0000aab4 <.LBB49633>:
    aab4:	c8c382a1          	sfpstore	L3,168,0,7

0000aab8 <.LBB49639>:
    aab8:	c0c382a9          	sfpload	L3,170,0,7

0000aabc <.LBB49645>:
    aabc:	10058c42          	sfpmad	L1,L1,L6,L3,0

0000aac0 <.LBB49648>:
    aac0:	c84382a9          	sfpstore	L1,170,0,7

0000aac4 <.LBB49654>:
    aac4:	142a888a          	sfpadd	L2,L10,L10,L2,2

0000aac8 <.LBB49657>:
    aac8:	1814a542          	sfpmul	L5,L5,L2,L9,0

0000aacc <.LBB49660>:
    aacc:	c94383a1          	sfpstore	L5,232,0,7

0000aad0 <.LBB49666>:
    aad0:	142a800a          	sfpadd	L0,L10,L10,L0,2

0000aad4 <.LBB49669>:
    aad4:	18102402          	sfpmul	L0,L4,L0,L9,0

0000aad8 <.LBB49672>:
    aad8:	c80383a9          	sfpstore	L0,234,0,7

0000aadc <.LBE49294>:
    aadc:	00078067          	jr	a5

0000aae0 <_ZN12_GLOBAL__N_1L16blend_chain_bodyILm11ELm1EEEvmPKNS_15BlendChainEntryE>:
    aae0:	01855713          	srli	a4,a0,0x18

0000aae4 <.LBB50634>:
    aae4:	60171793          	ctz	a5,a4
    aae8:	01e7f793          	andi	a5,a5,30

0000aaec <.LM4552>:
    aaec:	00f75733          	srl	a4,a4,a5

0000aaf0 <.LM4554>:
    aaf0:	00377713          	andi	a4,a4,3

0000aaf4 <.LBE50634>:
    aaf4:	20e7a7b3          	sh1add	a5,a5,a4

0000aaf8 <.LM4556>:
    aaf8:	20b7c7b3          	sh2add	a5,a5,a1
    aafc:	0c07a783          	lw	a5,192(a5)

0000ab00 <.LBB50636>:
    ab00:	c08384b1          	sfpload	L2,300,0,7

0000ab04 <.LBB50645>:
    ab04:	c04385b1          	sfpload	L1,364,0,7

0000ab08 <.LBB50651>:
    ab08:	c1038611          	sfpload	L4,388,0,7

0000ab0c <.LBB50657>:
    ab0c:	c0c38619          	sfpload	L3,390,0,7

0000ab10 <.LBB50663>:
    ab10:	c0038621          	sfpload	L0,392,0,7

0000ab14 <.LBB50669>:
    ab14:	c1838601          	sfpload	L6,384,0,7

0000ab18 <.LBB50675>:
    ab18:	c1438609          	sfpload	L5,386,0,7

0000ab1c <.LBB50681>:
    ab1c:	1428988a          	sfpadd	L2,L10,L2,L6,2

0000ab20 <.LBB50684>:
    ab20:	1428544a          	sfpadd	L1,L10,L1,L5,2

0000ab24 <.LBB50687>:
    ab24:	1808a542          	sfpmul	L5,L2,L2,L9,0

0000ab28 <.LBB50690>:
    ab28:	18116502          	sfpmul	L4,L4,L5,L9,0

0000ab2c <.LBB50693>:
    ab2c:	18086482          	sfpmul	L2,L2,L1,L9,0

0000ab30 <.LBB50696>:
    ab30:	100c9082          	sfpmad	L2,L3,L2,L4,0

0000ab34 <.LBB50699>:
    ab34:	18046442          	sfpmul	L1,L1,L1,L9,0

0000ab38 <.LBB50702>:
    ab38:	10004802          	sfpmad	L0,L0,L1,L2,0
    ab3c:	3c000002          	sfpnop

0000ab40 <.LBB50705>:
    ab40:	48002406          	sfpswap	L0,L9,1
    ab44:	3c000002          	sfpnop

0000ab48 <.LBB50707>:
    ab48:	18032402          	sfpmul	L0,L0,L12,L9,0

0000ab4c <.LBB50712>:
    ab4c:	d50bf801          	sfpaddi	L0,17150,0
    ab50:	3c000002          	sfpnop

0000ab54 <.LBB50715>:
    ab54:	48000246          	sfpswap	L9,L0,1
    ab58:	3c000002          	sfpnop

0000ab5c <.LBB50717>:
    ab5c:	dc000041          	sfpexexp	L1,L0,0

0000ab60 <.LBB50721>:
    ab60:	e0000001          	sfpexman	L0,L0,0

0000ab64 <.LBB50723>:
    ab64:	e8000401          	sfpshft	L0,L1,0x000,0

0000ab68 <.LBB50725>:
    ab68:	dc000045          	sfpexexp	L1,L0,1

0000ab6c <.LBB50727>:
    ab6c:	e0000005          	sfpexman	L0,L0,1

0000ab70 <.LBB50729>:
    ab70:	40000002          	sfpcast	L0,L0,0

0000ab74 <.LBB50731>:
    ab74:	10037882          	sfpmad	L2,L0,L13,L14,0

0000ab78 <.LBB50734>:
    ab78:	c0c38659          	sfpload	L3,406,0,7

0000ab7c <.LBB50740>:
    ab7c:	10008c02          	sfpmad	L0,L0,L2,L3,0

0000ab80 <.LBB50743>:
    ab80:	08000042          	sfpsetexp	L1,L0,0x000,0

0000ab84 <.LBB50745>:
    ab84:	c0038629          	sfpload	L0,394,0,7

0000ab88 <.LBB50751>:
    ab88:	18006402          	sfpmul	L0,L0,L1,L9,0

0000ab8c <.LBB50754>:
    ab8c:	c0438661          	sfpload	L1,408,0,7

0000ab90 <.LBB50760>:
    ab90:	48000406          	sfpswap	L0,L1,1
    ab94:	3c000002          	sfpnop

0000ab98 <.LBB50762>:
    ab98:	c0438631          	sfpload	L1,396,0,7

0000ab9c <.LBB50769>:
    ab9c:	1006c042          	sfpmad	L1,L1,L11,L0,0
    aba0:	ec000401          	sfpsetcc	L1,0x000,0

0000aba4 <.LBB50773>:
    aba4:	f0002401          	sfpmov	L0,L9,0

0000aba8 <.LBB50776>:
    aba8:	2800c02a          	sfpencc	0x003,10

0000abac <.LBB50779>:
    abac:	c08383b1          	sfpload	L2,236,0,7

0000abb0 <.LBB50785>:
    abb0:	1800a442          	sfpmul	L1,L0,L2,L9,0

0000abb4 <.LBB50788>:
    abb4:	c10380b1          	sfpload	L4,44,0,7

0000abb8 <.LBB50794>:
    abb8:	c0c38639          	sfpload	L3,398,0,7

0000abbc <.LBB50800>:
    abbc:	1004d0c2          	sfpmad	L3,L1,L3,L4,0

0000abc0 <.LBB50803>:
    abc0:	c8c380b1          	sfpstore	L3,44,0,7

0000abc4 <.LBB50809>:
    abc4:	c10381b1          	sfpload	L4,108,0,7

0000abc8 <.LBB50815>:
    abc8:	c0c38641          	sfpload	L3,400,0,7

0000abcc <.LBB50821>:
    abcc:	1004d0c2          	sfpmad	L3,L1,L3,L4,0

0000abd0 <.LBB50824>:
    abd0:	c8c381b1          	sfpstore	L3,108,0,7

0000abd4 <.LBB50830>:
    abd4:	c10382b1          	sfpload	L4,172,0,7

0000abd8 <.LBB50836>:
    abd8:	c0c38649          	sfpload	L3,402,0,7

0000abdc <.LBB50842>:
    abdc:	1004d042          	sfpmad	L1,L1,L3,L4,0

0000abe0 <.LBB50845>:
    abe0:	c84382b1          	sfpstore	L1,172,0,7

0000abe4 <.LBB50851>:
    abe4:	142a800a          	sfpadd	L0,L10,L10,L0,2

0000abe8 <.LBB50854>:
    abe8:	18082402          	sfpmul	L0,L2,L0,L9,0

0000abec <.LBB50857>:
    abec:	c80383b1          	sfpstore	L0,236,0,7

0000abf0 <.LBE50636>:
    abf0:	00078067          	jr	a5

0000abf4 <_ZN12_GLOBAL__N_1L16blend_chain_bodyILm11ELm2EEEvmPKNS_15BlendChainEntryE>:
    abf4:	01855713          	srli	a4,a0,0x18

0000abf8 <.LBB51819>:
    abf8:	60171793          	ctz	a5,a4
    abfc:	01e7f793          	andi	a5,a5,30

0000ac00 <.LM4663>:
    ac00:	00f75733          	srl	a4,a4,a5

0000ac04 <.LM4665>:
    ac04:	00377713          	andi	a4,a4,3

0000ac08 <.LBE51819>:
    ac08:	20e7a7b3          	sh1add	a5,a5,a4

0000ac0c <.LM4667>:
    ac0c:	20b7c7b3          	sh2add	a5,a5,a1
    ac10:	0c07a783          	lw	a5,192(a5)

0000ac14 <.LBB51821>:
    ac14:	c08384b9          	sfpload	L2,302,0,7

0000ac18 <.LBB51830>:
    ac18:	c04385b9          	sfpload	L1,366,0,7

0000ac1c <.LBB51836>:
    ac1c:	c1038611          	sfpload	L4,388,0,7

0000ac20 <.LBB51842>:
    ac20:	c0c38619          	sfpload	L3,390,0,7

0000ac24 <.LBB51848>:
    ac24:	c0038621          	sfpload	L0,392,0,7

0000ac28 <.LBB51854>:
    ac28:	c1838601          	sfpload	L6,384,0,7

0000ac2c <.LBB51860>:
    ac2c:	c1438609          	sfpload	L5,386,0,7

0000ac30 <.LBB51866>:
    ac30:	1428988a          	sfpadd	L2,L10,L2,L6,2

0000ac34 <.LBB51869>:
    ac34:	1428544a          	sfpadd	L1,L10,L1,L5,2

0000ac38 <.LBB51872>:
    ac38:	1808a542          	sfpmul	L5,L2,L2,L9,0

0000ac3c <.LBB51875>:
    ac3c:	18116502          	sfpmul	L4,L4,L5,L9,0

0000ac40 <.LBB51878>:
    ac40:	18086482          	sfpmul	L2,L2,L1,L9,0

0000ac44 <.LBB51881>:
    ac44:	100c9082          	sfpmad	L2,L3,L2,L4,0

0000ac48 <.LBB51884>:
    ac48:	18046442          	sfpmul	L1,L1,L1,L9,0

0000ac4c <.LBB51887>:
    ac4c:	10004802          	sfpmad	L0,L0,L1,L2,0
    ac50:	3c000002          	sfpnop

0000ac54 <.LBB51890>:
    ac54:	48002406          	sfpswap	L0,L9,1
    ac58:	3c000002          	sfpnop

0000ac5c <.LBB51892>:
    ac5c:	18032402          	sfpmul	L0,L0,L12,L9,0

0000ac60 <.LBB51897>:
    ac60:	d50bf801          	sfpaddi	L0,17150,0
    ac64:	3c000002          	sfpnop

0000ac68 <.LBB51900>:
    ac68:	48000246          	sfpswap	L9,L0,1
    ac6c:	3c000002          	sfpnop

0000ac70 <.LBB51902>:
    ac70:	dc000041          	sfpexexp	L1,L0,0

0000ac74 <.LBB51906>:
    ac74:	e0000001          	sfpexman	L0,L0,0

0000ac78 <.LBB51908>:
    ac78:	e8000401          	sfpshft	L0,L1,0x000,0

0000ac7c <.LBB51910>:
    ac7c:	dc000045          	sfpexexp	L1,L0,1

0000ac80 <.LBB51912>:
    ac80:	e0000005          	sfpexman	L0,L0,1

0000ac84 <.LBB51914>:
    ac84:	40000002          	sfpcast	L0,L0,0

0000ac88 <.LBB51916>:
    ac88:	10037882          	sfpmad	L2,L0,L13,L14,0

0000ac8c <.LBB51919>:
    ac8c:	c0c38659          	sfpload	L3,406,0,7

0000ac90 <.LBB51925>:
    ac90:	10008c02          	sfpmad	L0,L0,L2,L3,0

0000ac94 <.LBB51928>:
    ac94:	08000042          	sfpsetexp	L1,L0,0x000,0

0000ac98 <.LBB51930>:
    ac98:	c0038629          	sfpload	L0,394,0,7

0000ac9c <.LBB51936>:
    ac9c:	18006402          	sfpmul	L0,L0,L1,L9,0

0000aca0 <.LBB51939>:
    aca0:	c0438661          	sfpload	L1,408,0,7

0000aca4 <.LBB51945>:
    aca4:	48000406          	sfpswap	L0,L1,1
    aca8:	3c000002          	sfpnop

0000acac <.LBB51947>:
    acac:	c0438631          	sfpload	L1,396,0,7

0000acb0 <.LBB51954>:
    acb0:	1006c042          	sfpmad	L1,L1,L11,L0,0
    acb4:	ec000401          	sfpsetcc	L1,0x000,0

0000acb8 <.LBB51958>:
    acb8:	f0002401          	sfpmov	L0,L9,0

0000acbc <.LBB51961>:
    acbc:	2800c02a          	sfpencc	0x003,10

0000acc0 <.LBB51964>:
    acc0:	c08383b9          	sfpload	L2,238,0,7

0000acc4 <.LBB51970>:
    acc4:	1800a442          	sfpmul	L1,L0,L2,L9,0

0000acc8 <.LBB51973>:
    acc8:	c10380b9          	sfpload	L4,46,0,7

0000accc <.LBB51979>:
    accc:	c0c38639          	sfpload	L3,398,0,7

0000acd0 <.LBB51985>:
    acd0:	1004d0c2          	sfpmad	L3,L1,L3,L4,0

0000acd4 <.LBB51988>:
    acd4:	c8c380b9          	sfpstore	L3,46,0,7

0000acd8 <.LBB51994>:
    acd8:	c10381b9          	sfpload	L4,110,0,7

0000acdc <.LBB52000>:
    acdc:	c0c38641          	sfpload	L3,400,0,7

0000ace0 <.LBB52006>:
    ace0:	1004d0c2          	sfpmad	L3,L1,L3,L4,0

0000ace4 <.LBB52009>:
    ace4:	c8c381b9          	sfpstore	L3,110,0,7

0000ace8 <.LBB52015>:
    ace8:	c10382b9          	sfpload	L4,174,0,7

0000acec <.LBB52021>:
    acec:	c0c38649          	sfpload	L3,402,0,7

0000acf0 <.LBB52027>:
    acf0:	1004d042          	sfpmad	L1,L1,L3,L4,0

0000acf4 <.LBB52030>:
    acf4:	c84382b9          	sfpstore	L1,174,0,7

0000acf8 <.LBB52036>:
    acf8:	142a800a          	sfpadd	L0,L10,L10,L0,2

0000acfc <.LBB52039>:
    acfc:	18082402          	sfpmul	L0,L2,L0,L9,0

0000ad00 <.LBB52042>:
    ad00:	c80383b9          	sfpstore	L0,238,0,7

0000ad04 <.LBE51821>:
    ad04:	00078067          	jr	a5

0000ad08 <_ZN12_GLOBAL__N_1L16blend_chain_bodyILm11ELm3EEEvmPKNS_15BlendChainEntryE>:
    ad08:	01855713          	srli	a4,a0,0x18

0000ad0c <.LBB53808>:
    ad0c:	60171793          	ctz	a5,a4
    ad10:	01e7f793          	andi	a5,a5,30

0000ad14 <.LM4774>:
    ad14:	00f75733          	srl	a4,a4,a5

0000ad18 <.LM4776>:
    ad18:	00377713          	andi	a4,a4,3

0000ad1c <.LBE53808>:
    ad1c:	20e7a7b3          	sh1add	a5,a5,a4

0000ad20 <.LM4778>:
    ad20:	20b7c7b3          	sh2add	a5,a5,a1
    ad24:	0c07a783          	lw	a5,192(a5)

0000ad28 <.LBB53810>:
    ad28:	c0038601          	sfpload	L0,384,0,7

0000ad2c <.LBB53819>:
    ad2c:	c1038609          	sfpload	L4,386,0,7

0000ad30 <.LBB53825>:
    ad30:	c08384b1          	sfpload	L2,300,0,7

0000ad34 <.LBB53831>:
    ad34:	1428808a          	sfpadd	L2,L10,L2,L0,2

0000ad38 <.LBB53834>:
    ad38:	c04384b9          	sfpload	L1,302,0,7

0000ad3c <.LBB53840>:
    ad3c:	1428404a          	sfpadd	L1,L10,L1,L0,2

0000ad40 <.LBB53843>:
    ad40:	c00385b1          	sfpload	L0,364,0,7

0000ad44 <.LBB53849>:
    ad44:	1428100a          	sfpadd	L0,L10,L0,L4,2

0000ad48 <.LBB53852>:
    ad48:	c0c385b9          	sfpload	L3,366,0,7

0000ad4c <.LBB53858>:
    ad4c:	1428d0ca          	sfpadd	L3,L10,L3,L4,2

0000ad50 <.LBB53861>:
    ad50:	c1438611          	sfpload	L5,388,0,7

0000ad54 <.LBB53867>:
    ad54:	1808a582          	sfpmul	L6,L2,L2,L9,0

0000ad58 <.LBB53870>:
    ad58:	1815a582          	sfpmul	L6,L5,L6,L9,0

0000ad5c <.LBB53873>:
    ad5c:	18046502          	sfpmul	L4,L1,L1,L9,0

0000ad60 <.LBB53876>:
    ad60:	18152542          	sfpmul	L5,L5,L4,L9,0

0000ad64 <.LBB53879>:
    ad64:	c1038619          	sfpload	L4,390,0,7

0000ad68 <.LBB53885>:
    ad68:	18082482          	sfpmul	L2,L2,L0,L9,0

0000ad6c <.LBB53888>:
    ad6c:	10109882          	sfpmad	L2,L4,L2,L6,0

0000ad70 <.LBB53891>:
    ad70:	1804e442          	sfpmul	L1,L1,L3,L9,0

0000ad74 <.LBB53894>:
    ad74:	10105502          	sfpmad	L4,L4,L1,L5,0

0000ad78 <.LBB53897>:
    ad78:	c0438621          	sfpload	L1,392,0,7

0000ad7c <.LBB53903>:
    ad7c:	18002402          	sfpmul	L0,L0,L0,L9,0

0000ad80 <.LBB53906>:
    ad80:	10040802          	sfpmad	L0,L1,L0,L2,0

0000ad84 <.LBB53909>:
    ad84:	180ce4c2          	sfpmul	L3,L3,L3,L9,0

0000ad88 <.LBB53912>:
    ad88:	1004d042          	sfpmad	L1,L1,L3,L4,0

0000ad8c <.LBB53915>:
    ad8c:	48002406          	sfpswap	L0,L9,1
    ad90:	3c000002          	sfpnop

0000ad94 <.LBB53917>:
    ad94:	48002446          	sfpswap	L1,L9,1
    ad98:	3c000002          	sfpnop

0000ad9c <.LBB53919>:
    ad9c:	18032402          	sfpmul	L0,L0,L12,L9,0

0000ada0 <.LBB53924>:
    ada0:	d50bf801          	sfpaddi	L0,17150,0
    ada4:	3c000002          	sfpnop

0000ada8 <.LBB53927>:
    ada8:	48000246          	sfpswap	L9,L0,1
    adac:	3c000002          	sfpnop

0000adb0 <.LBB53929>:
    adb0:	dc000081          	sfpexexp	L2,L0,0

0000adb4 <.LBB53933>:
    adb4:	e0000001          	sfpexman	L0,L0,0

0000adb8 <.LBB53935>:
    adb8:	e8000801          	sfpshft	L0,L2,0x000,0

0000adbc <.LBB53937>:
    adbc:	dc000085          	sfpexexp	L2,L0,1

0000adc0 <.LBB53939>:
    adc0:	1000014c          	ttreplay	0,5,1,1
    adc4:	e0000005          	sfpexman	L0,L0,1

0000adc8 <.LBB53941>:
    adc8:	40000002          	sfpcast	L0,L0,0

0000adcc <.LBB53943>:
    adcc:	100378c2          	sfpmad	L3,L0,L13,L14,0

0000add0 <.LBB53946>:
    add0:	c1038659          	sfpload	L4,406,0,7

0000add4 <.LBB53952>:
    add4:	1000d002          	sfpmad	L0,L0,L3,L4,0

0000add8 <.LBB53955>:
    add8:	08000082          	sfpsetexp	L2,L0,0x000,0

0000addc <.LBB53957>:
    addc:	18072442          	sfpmul	L1,L1,L12,L9,0

0000ade0 <.LBB53962>:
    ade0:	d50bf841          	sfpaddi	L1,17150,0
    ade4:	3c000002          	sfpnop

0000ade8 <.LBB53965>:
    ade8:	48000646          	sfpswap	L9,L1,1
    adec:	3c000002          	sfpnop

0000adf0 <.LBB53967>:
    adf0:	dc0004c1          	sfpexexp	L3,L1,0

0000adf4 <.LBB53971>:
    adf4:	e0000401          	sfpexman	L0,L1,0

0000adf8 <.LBB53973>:
    adf8:	e8000c01          	sfpshft	L0,L3,0x000,0

0000adfc <.LBB53975>:
    adfc:	dc000045          	sfpexexp	L1,L0,1

0000ae00 <.LBB53977>:
    ae00:	10000140          	ttreplay	0,5,0,0

0000ae04 <.LBB53980>:
    ae04:	08000042          	sfpsetexp	L1,L0,0x000,0

0000ae08 <.LBB53982>:
    ae08:	c0038629          	sfpload	L0,394,0,7

0000ae0c <.LBB53988>:
    ae0c:	1800a482          	sfpmul	L2,L0,L2,L9,0

0000ae10 <.LBB53991>:
    ae10:	18006402          	sfpmul	L0,L0,L1,L9,0

0000ae14 <.LBB53994>:
    ae14:	c0c38661          	sfpload	L3,408,0,7

0000ae18 <.LBB54000>:
    ae18:	c0438661          	sfpload	L1,408,0,7

0000ae1c <.LBB54006>:
    ae1c:	48000c86          	sfpswap	L2,L3,1
    ae20:	3c000002          	sfpnop

0000ae24 <.LBB54008>:
    ae24:	48000406          	sfpswap	L0,L1,1
    ae28:	3c000002          	sfpnop

0000ae2c <.LBB54010>:
    ae2c:	c0438631          	sfpload	L1,396,0,7

0000ae30 <.LBB54017>:
    ae30:	1006c842          	sfpmad	L1,L1,L11,L2,0
    ae34:	ec000401          	sfpsetcc	L1,0x000,0

0000ae38 <.LBB54021>:
    ae38:	f0002481          	sfpmov	L2,L9,0

0000ae3c <.LBB54024>:
    ae3c:	2800c02a          	sfpencc	0x003,10

0000ae40 <.LBB54027>:
    ae40:	c0438631          	sfpload	L1,396,0,7

0000ae44 <.LBB54034>:
    ae44:	1006c042          	sfpmad	L1,L1,L11,L0,0
    ae48:	ec000401          	sfpsetcc	L1,0x000,0

0000ae4c <.LBB54038>:
    ae4c:	f0002401          	sfpmov	L0,L9,0

0000ae50 <.LBB54041>:
    ae50:	2800c02a          	sfpencc	0x003,10

0000ae54 <.LBB54044>:
    ae54:	c14383b1          	sfpload	L5,236,0,7

0000ae58 <.LBB54050>:
    ae58:	c10383b9          	sfpload	L4,238,0,7

0000ae5c <.LBB54056>:
    ae5c:	180964c2          	sfpmul	L3,L2,L5,L9,0

0000ae60 <.LBB54059>:
    ae60:	18012442          	sfpmul	L1,L0,L4,L9,0

0000ae64 <.LBB54062>:
    ae64:	c1838639          	sfpload	L6,398,0,7

0000ae68 <.LBB54068>:
    ae68:	c1c380b1          	sfpload	L7,44,0,7

0000ae6c <.LBB54074>:
    ae6c:	100d9dc2          	sfpmad	L7,L3,L6,L7,0

0000ae70 <.LBB54077>:
    ae70:	c9c380b1          	sfpstore	L7,44,0,7

0000ae74 <.LBB54083>:
    ae74:	c1c380b9          	sfpload	L7,46,0,7

0000ae78 <.LBB54089>:
    ae78:	10059d82          	sfpmad	L6,L1,L6,L7,0

0000ae7c <.LBB54092>:
    ae7c:	c98380b9          	sfpstore	L6,46,0,7

0000ae80 <.LBB54098>:
    ae80:	c1838641          	sfpload	L6,400,0,7

0000ae84 <.LBB54104>:
    ae84:	c1c381b1          	sfpload	L7,108,0,7

0000ae88 <.LBB54110>:
    ae88:	100d9dc2          	sfpmad	L7,L3,L6,L7,0

0000ae8c <.LBB54113>:
    ae8c:	c9c381b1          	sfpstore	L7,108,0,7

0000ae90 <.LBB54119>:
    ae90:	c1c381b9          	sfpload	L7,110,0,7

0000ae94 <.LBB54125>:
    ae94:	10059d82          	sfpmad	L6,L1,L6,L7,0

0000ae98 <.LBB54128>:
    ae98:	c98381b9          	sfpstore	L6,110,0,7

0000ae9c <.LBB54134>:
    ae9c:	c1838649          	sfpload	L6,402,0,7

0000aea0 <.LBB54140>:
    aea0:	c1c382b1          	sfpload	L7,172,0,7

0000aea4 <.LBB54146>:
    aea4:	100d9cc2          	sfpmad	L3,L3,L6,L7,0

0000aea8 <.LBB54149>:
    aea8:	c8c382b1          	sfpstore	L3,172,0,7

0000aeac <.LBB54155>:
    aeac:	c0c382b9          	sfpload	L3,174,0,7

0000aeb0 <.LBB54161>:
    aeb0:	10058c42          	sfpmad	L1,L1,L6,L3,0

0000aeb4 <.LBB54164>:
    aeb4:	c84382b9          	sfpstore	L1,174,0,7

0000aeb8 <.LBB54170>:
    aeb8:	142a888a          	sfpadd	L2,L10,L10,L2,2

0000aebc <.LBB54173>:
    aebc:	1814a542          	sfpmul	L5,L5,L2,L9,0

0000aec0 <.LBB54176>:
    aec0:	c94383b1          	sfpstore	L5,236,0,7

0000aec4 <.LBB54182>:
    aec4:	142a800a          	sfpadd	L0,L10,L10,L0,2

0000aec8 <.LBB54185>:
    aec8:	18102402          	sfpmul	L0,L4,L0,L9,0

0000aecc <.LBB54188>:
    aecc:	c80383b9          	sfpstore	L0,238,0,7

0000aed0 <.LBE53810>:
    aed0:	00078067          	jr	a5

0000aed4 <_ZN12_GLOBAL__N_1L16blend_chain_bodyILm12ELm1EEEvmPKNS_15BlendChainEntryE>:
    aed4:	01a55713          	srli	a4,a0,0x1a

0000aed8 <.LBB55150>:
    aed8:	60171793          	ctz	a5,a4
    aedc:	01e7f793          	andi	a5,a5,30

0000aee0 <.LM4965>:
    aee0:	00f75733          	srl	a4,a4,a5

0000aee4 <.LM4967>:
    aee4:	00377713          	andi	a4,a4,3

0000aee8 <.LBE55150>:
    aee8:	20e7a7b3          	sh1add	a5,a5,a4

0000aeec <.LM4969>:
    aeec:	20b7c7b3          	sh2add	a5,a5,a1
    aef0:	0d07a783          	lw	a5,208(a5)

0000aef4 <.LBB55152>:
    aef4:	c08384c1          	sfpload	L2,304,0,7

0000aef8 <.LBB55161>:
    aef8:	c04385c1          	sfpload	L1,368,0,7

0000aefc <.LBB55167>:
    aefc:	c1038611          	sfpload	L4,388,0,7

0000af00 <.LBB55173>:
    af00:	c0c38619          	sfpload	L3,390,0,7

0000af04 <.LBB55179>:
    af04:	c0038621          	sfpload	L0,392,0,7

0000af08 <.LBB55185>:
    af08:	c1838601          	sfpload	L6,384,0,7

0000af0c <.LBB55191>:
    af0c:	c1438609          	sfpload	L5,386,0,7

0000af10 <.LBB55197>:
    af10:	1428988a          	sfpadd	L2,L10,L2,L6,2

0000af14 <.LBB55200>:
    af14:	1428544a          	sfpadd	L1,L10,L1,L5,2

0000af18 <.LBB55203>:
    af18:	1808a542          	sfpmul	L5,L2,L2,L9,0

0000af1c <.LBB55206>:
    af1c:	18116502          	sfpmul	L4,L4,L5,L9,0

0000af20 <.LBB55209>:
    af20:	18086482          	sfpmul	L2,L2,L1,L9,0

0000af24 <.LBB55212>:
    af24:	100c9082          	sfpmad	L2,L3,L2,L4,0

0000af28 <.LBB55215>:
    af28:	18046442          	sfpmul	L1,L1,L1,L9,0

0000af2c <.LBB55218>:
    af2c:	10004802          	sfpmad	L0,L0,L1,L2,0
    af30:	3c000002          	sfpnop

0000af34 <.LBB55221>:
    af34:	48002406          	sfpswap	L0,L9,1
    af38:	3c000002          	sfpnop

0000af3c <.LBB55223>:
    af3c:	18032402          	sfpmul	L0,L0,L12,L9,0

0000af40 <.LBB55228>:
    af40:	d50bf801          	sfpaddi	L0,17150,0
    af44:	3c000002          	sfpnop

0000af48 <.LBB55231>:
    af48:	48000246          	sfpswap	L9,L0,1
    af4c:	3c000002          	sfpnop

0000af50 <.LBB55233>:
    af50:	dc000041          	sfpexexp	L1,L0,0

0000af54 <.LBB55237>:
    af54:	e0000001          	sfpexman	L0,L0,0

0000af58 <.LBB55239>:
    af58:	e8000401          	sfpshft	L0,L1,0x000,0

0000af5c <.LBB55241>:
    af5c:	dc000045          	sfpexexp	L1,L0,1

0000af60 <.LBB55243>:
    af60:	e0000005          	sfpexman	L0,L0,1

0000af64 <.LBB55245>:
    af64:	40000002          	sfpcast	L0,L0,0

0000af68 <.LBB55247>:
    af68:	10037882          	sfpmad	L2,L0,L13,L14,0

0000af6c <.LBB55250>:
    af6c:	c0c38659          	sfpload	L3,406,0,7

0000af70 <.LBB55256>:
    af70:	10008c02          	sfpmad	L0,L0,L2,L3,0

0000af74 <.LBB55259>:
    af74:	08000042          	sfpsetexp	L1,L0,0x000,0

0000af78 <.LBB55261>:
    af78:	c0038629          	sfpload	L0,394,0,7

0000af7c <.LBB55267>:
    af7c:	18006402          	sfpmul	L0,L0,L1,L9,0

0000af80 <.LBB55270>:
    af80:	c0438661          	sfpload	L1,408,0,7

0000af84 <.LBB55276>:
    af84:	48000406          	sfpswap	L0,L1,1
    af88:	3c000002          	sfpnop

0000af8c <.LBB55278>:
    af8c:	c0438631          	sfpload	L1,396,0,7

0000af90 <.LBB55285>:
    af90:	1006c042          	sfpmad	L1,L1,L11,L0,0
    af94:	ec000401          	sfpsetcc	L1,0x000,0

0000af98 <.LBB55289>:
    af98:	f0002401          	sfpmov	L0,L9,0

0000af9c <.LBB55292>:
    af9c:	2800c02a          	sfpencc	0x003,10

0000afa0 <.LBB55295>:
    afa0:	c08383c1          	sfpload	L2,240,0,7

0000afa4 <.LBB55301>:
    afa4:	1800a442          	sfpmul	L1,L0,L2,L9,0

0000afa8 <.LBB55304>:
    afa8:	c10380c1          	sfpload	L4,48,0,7

0000afac <.LBB55310>:
    afac:	c0c38639          	sfpload	L3,398,0,7

0000afb0 <.LBB55316>:
    afb0:	1004d0c2          	sfpmad	L3,L1,L3,L4,0

0000afb4 <.LBB55319>:
    afb4:	c8c380c1          	sfpstore	L3,48,0,7

0000afb8 <.LBB55325>:
    afb8:	c10381c1          	sfpload	L4,112,0,7

0000afbc <.LBB55331>:
    afbc:	c0c38641          	sfpload	L3,400,0,7

0000afc0 <.LBB55337>:
    afc0:	1004d0c2          	sfpmad	L3,L1,L3,L4,0

0000afc4 <.LBB55340>:
    afc4:	c8c381c1          	sfpstore	L3,112,0,7

0000afc8 <.LBB55346>:
    afc8:	c10382c1          	sfpload	L4,176,0,7

0000afcc <.LBB55352>:
    afcc:	c0c38649          	sfpload	L3,402,0,7

0000afd0 <.LBB55358>:
    afd0:	1004d042          	sfpmad	L1,L1,L3,L4,0

0000afd4 <.LBB55361>:
    afd4:	c84382c1          	sfpstore	L1,176,0,7

0000afd8 <.LBB55367>:
    afd8:	142a800a          	sfpadd	L0,L10,L10,L0,2

0000afdc <.LBB55370>:
    afdc:	18082402          	sfpmul	L0,L2,L0,L9,0

0000afe0 <.LBB55373>:
    afe0:	c80383c1          	sfpstore	L0,240,0,7

0000afe4 <.LBE55152>:
    afe4:	00078067          	jr	a5

0000afe8 <_ZN12_GLOBAL__N_1L16blend_chain_bodyILm12ELm2EEEvmPKNS_15BlendChainEntryE>:
    afe8:	01a55713          	srli	a4,a0,0x1a

0000afec <.LBB56335>:
    afec:	60171793          	ctz	a5,a4
    aff0:	01e7f793          	andi	a5,a5,30

0000aff4 <.LM5076>:
    aff4:	00f75733          	srl	a4,a4,a5

0000aff8 <.LM5078>:
    aff8:	00377713          	andi	a4,a4,3

0000affc <.LBE56335>:
    affc:	20e7a7b3          	sh1add	a5,a5,a4

0000b000 <.LM5080>:
    b000:	20b7c7b3          	sh2add	a5,a5,a1
    b004:	0d07a783          	lw	a5,208(a5)

0000b008 <.LBB56337>:
    b008:	c08384c9          	sfpload	L2,306,0,7

0000b00c <.LBB56346>:
    b00c:	c04385c9          	sfpload	L1,370,0,7

0000b010 <.LBB56352>:
    b010:	c1038611          	sfpload	L4,388,0,7

0000b014 <.LBB56358>:
    b014:	c0c38619          	sfpload	L3,390,0,7

0000b018 <.LBB56364>:
    b018:	c0038621          	sfpload	L0,392,0,7

0000b01c <.LBB56370>:
    b01c:	c1838601          	sfpload	L6,384,0,7

0000b020 <.LBB56376>:
    b020:	c1438609          	sfpload	L5,386,0,7

0000b024 <.LBB56382>:
    b024:	1428988a          	sfpadd	L2,L10,L2,L6,2

0000b028 <.LBB56385>:
    b028:	1428544a          	sfpadd	L1,L10,L1,L5,2

0000b02c <.LBB56388>:
    b02c:	1808a542          	sfpmul	L5,L2,L2,L9,0

0000b030 <.LBB56391>:
    b030:	18116502          	sfpmul	L4,L4,L5,L9,0

0000b034 <.LBB56394>:
    b034:	18086482          	sfpmul	L2,L2,L1,L9,0

0000b038 <.LBB56397>:
    b038:	100c9082          	sfpmad	L2,L3,L2,L4,0

0000b03c <.LBB56400>:
    b03c:	18046442          	sfpmul	L1,L1,L1,L9,0

0000b040 <.LBB56403>:
    b040:	10004802          	sfpmad	L0,L0,L1,L2,0
    b044:	3c000002          	sfpnop

0000b048 <.LBB56406>:
    b048:	48002406          	sfpswap	L0,L9,1
    b04c:	3c000002          	sfpnop

0000b050 <.LBB56408>:
    b050:	18032402          	sfpmul	L0,L0,L12,L9,0

0000b054 <.LBB56413>:
    b054:	d50bf801          	sfpaddi	L0,17150,0
    b058:	3c000002          	sfpnop

0000b05c <.LBB56416>:
    b05c:	48000246          	sfpswap	L9,L0,1
    b060:	3c000002          	sfpnop

0000b064 <.LBB56418>:
    b064:	dc000041          	sfpexexp	L1,L0,0

0000b068 <.LBB56422>:
    b068:	e0000001          	sfpexman	L0,L0,0

0000b06c <.LBB56424>:
    b06c:	e8000401          	sfpshft	L0,L1,0x000,0

0000b070 <.LBB56426>:
    b070:	dc000045          	sfpexexp	L1,L0,1

0000b074 <.LBB56428>:
    b074:	e0000005          	sfpexman	L0,L0,1

0000b078 <.LBB56430>:
    b078:	40000002          	sfpcast	L0,L0,0

0000b07c <.LBB56432>:
    b07c:	10037882          	sfpmad	L2,L0,L13,L14,0

0000b080 <.LBB56435>:
    b080:	c0c38659          	sfpload	L3,406,0,7

0000b084 <.LBB56441>:
    b084:	10008c02          	sfpmad	L0,L0,L2,L3,0

0000b088 <.LBB56444>:
    b088:	08000042          	sfpsetexp	L1,L0,0x000,0

0000b08c <.LBB56446>:
    b08c:	c0038629          	sfpload	L0,394,0,7

0000b090 <.LBB56452>:
    b090:	18006402          	sfpmul	L0,L0,L1,L9,0

0000b094 <.LBB56455>:
    b094:	c0438661          	sfpload	L1,408,0,7

0000b098 <.LBB56461>:
    b098:	48000406          	sfpswap	L0,L1,1
    b09c:	3c000002          	sfpnop

0000b0a0 <.LBB56463>:
    b0a0:	c0438631          	sfpload	L1,396,0,7

0000b0a4 <.LBB56470>:
    b0a4:	1006c042          	sfpmad	L1,L1,L11,L0,0
    b0a8:	ec000401          	sfpsetcc	L1,0x000,0

0000b0ac <.LBB56474>:
    b0ac:	f0002401          	sfpmov	L0,L9,0

0000b0b0 <.LBB56477>:
    b0b0:	2800c02a          	sfpencc	0x003,10

0000b0b4 <.LBB56480>:
    b0b4:	c08383c9          	sfpload	L2,242,0,7

0000b0b8 <.LBB56486>:
    b0b8:	1800a442          	sfpmul	L1,L0,L2,L9,0

0000b0bc <.LBB56489>:
    b0bc:	c10380c9          	sfpload	L4,50,0,7

0000b0c0 <.LBB56495>:
    b0c0:	c0c38639          	sfpload	L3,398,0,7

0000b0c4 <.LBB56501>:
    b0c4:	1004d0c2          	sfpmad	L3,L1,L3,L4,0

0000b0c8 <.LBB56504>:
    b0c8:	c8c380c9          	sfpstore	L3,50,0,7

0000b0cc <.LBB56510>:
    b0cc:	c10381c9          	sfpload	L4,114,0,7

0000b0d0 <.LBB56516>:
    b0d0:	c0c38641          	sfpload	L3,400,0,7

0000b0d4 <.LBB56522>:
    b0d4:	1004d0c2          	sfpmad	L3,L1,L3,L4,0

0000b0d8 <.LBB56525>:
    b0d8:	c8c381c9          	sfpstore	L3,114,0,7

0000b0dc <.LBB56531>:
    b0dc:	c10382c9          	sfpload	L4,178,0,7

0000b0e0 <.LBB56537>:
    b0e0:	c0c38649          	sfpload	L3,402,0,7

0000b0e4 <.LBB56543>:
    b0e4:	1004d042          	sfpmad	L1,L1,L3,L4,0

0000b0e8 <.LBB56546>:
    b0e8:	c84382c9          	sfpstore	L1,178,0,7

0000b0ec <.LBB56552>:
    b0ec:	142a800a          	sfpadd	L0,L10,L10,L0,2

0000b0f0 <.LBB56555>:
    b0f0:	18082402          	sfpmul	L0,L2,L0,L9,0

0000b0f4 <.LBB56558>:
    b0f4:	c80383c9          	sfpstore	L0,242,0,7

0000b0f8 <.LBE56337>:
    b0f8:	00078067          	jr	a5

0000b0fc <_ZN12_GLOBAL__N_1L16blend_chain_bodyILm12ELm3EEEvmPKNS_15BlendChainEntryE>:
    b0fc:	01a55713          	srli	a4,a0,0x1a

0000b100 <.LBB58324>:
    b100:	60171793          	ctz	a5,a4
    b104:	01e7f793          	andi	a5,a5,30

0000b108 <.LM5187>:
    b108:	00f75733          	srl	a4,a4,a5

0000b10c <.LM5189>:
    b10c:	00377713          	andi	a4,a4,3

0000b110 <.LBE58324>:
    b110:	20e7a7b3          	sh1add	a5,a5,a4

0000b114 <.LM5191>:
    b114:	20b7c7b3          	sh2add	a5,a5,a1
    b118:	0d07a783          	lw	a5,208(a5)

0000b11c <.LBB58326>:
    b11c:	c0038601          	sfpload	L0,384,0,7

0000b120 <.LBB58335>:
    b120:	c1038609          	sfpload	L4,386,0,7

0000b124 <.LBB58341>:
    b124:	c08384c1          	sfpload	L2,304,0,7

0000b128 <.LBB58347>:
    b128:	1428808a          	sfpadd	L2,L10,L2,L0,2

0000b12c <.LBB58350>:
    b12c:	c04384c9          	sfpload	L1,306,0,7

0000b130 <.LBB58356>:
    b130:	1428404a          	sfpadd	L1,L10,L1,L0,2

0000b134 <.LBB58359>:
    b134:	c00385c1          	sfpload	L0,368,0,7

0000b138 <.LBB58365>:
    b138:	1428100a          	sfpadd	L0,L10,L0,L4,2

0000b13c <.LBB58368>:
    b13c:	c0c385c9          	sfpload	L3,370,0,7

0000b140 <.LBB58374>:
    b140:	1428d0ca          	sfpadd	L3,L10,L3,L4,2

0000b144 <.LBB58377>:
    b144:	c1438611          	sfpload	L5,388,0,7

0000b148 <.LBB58383>:
    b148:	1808a582          	sfpmul	L6,L2,L2,L9,0

0000b14c <.LBB58386>:
    b14c:	1815a582          	sfpmul	L6,L5,L6,L9,0

0000b150 <.LBB58389>:
    b150:	18046502          	sfpmul	L4,L1,L1,L9,0

0000b154 <.LBB58392>:
    b154:	18152542          	sfpmul	L5,L5,L4,L9,0

0000b158 <.LBB58395>:
    b158:	c1038619          	sfpload	L4,390,0,7

0000b15c <.LBB58401>:
    b15c:	18082482          	sfpmul	L2,L2,L0,L9,0

0000b160 <.LBB58404>:
    b160:	10109882          	sfpmad	L2,L4,L2,L6,0

0000b164 <.LBB58407>:
    b164:	1804e442          	sfpmul	L1,L1,L3,L9,0

0000b168 <.LBB58410>:
    b168:	10105502          	sfpmad	L4,L4,L1,L5,0

0000b16c <.LBB58413>:
    b16c:	c0438621          	sfpload	L1,392,0,7

0000b170 <.LBB58419>:
    b170:	18002402          	sfpmul	L0,L0,L0,L9,0

0000b174 <.LBB58422>:
    b174:	10040802          	sfpmad	L0,L1,L0,L2,0

0000b178 <.LBB58425>:
    b178:	180ce4c2          	sfpmul	L3,L3,L3,L9,0

0000b17c <.LBB58428>:
    b17c:	1004d042          	sfpmad	L1,L1,L3,L4,0

0000b180 <.LBB58431>:
    b180:	48002406          	sfpswap	L0,L9,1
    b184:	3c000002          	sfpnop

0000b188 <.LBB58433>:
    b188:	48002446          	sfpswap	L1,L9,1
    b18c:	3c000002          	sfpnop

0000b190 <.LBB58435>:
    b190:	18032402          	sfpmul	L0,L0,L12,L9,0

0000b194 <.LBB58440>:
    b194:	d50bf801          	sfpaddi	L0,17150,0
    b198:	3c000002          	sfpnop

0000b19c <.LBB58443>:
    b19c:	48000246          	sfpswap	L9,L0,1
    b1a0:	3c000002          	sfpnop

0000b1a4 <.LBB58445>:
    b1a4:	dc000081          	sfpexexp	L2,L0,0

0000b1a8 <.LBB58449>:
    b1a8:	e0000001          	sfpexman	L0,L0,0

0000b1ac <.LBB58451>:
    b1ac:	e8000801          	sfpshft	L0,L2,0x000,0

0000b1b0 <.LBB58453>:
    b1b0:	dc000085          	sfpexexp	L2,L0,1

0000b1b4 <.LBB58455>:
    b1b4:	1000014c          	ttreplay	0,5,1,1
    b1b8:	e0000005          	sfpexman	L0,L0,1

0000b1bc <.LBB58457>:
    b1bc:	40000002          	sfpcast	L0,L0,0

0000b1c0 <.LBB58459>:
    b1c0:	100378c2          	sfpmad	L3,L0,L13,L14,0

0000b1c4 <.LBB58462>:
    b1c4:	c1038659          	sfpload	L4,406,0,7

0000b1c8 <.LBB58468>:
    b1c8:	1000d002          	sfpmad	L0,L0,L3,L4,0

0000b1cc <.LBB58471>:
    b1cc:	08000082          	sfpsetexp	L2,L0,0x000,0

0000b1d0 <.LBB58473>:
    b1d0:	18072442          	sfpmul	L1,L1,L12,L9,0

0000b1d4 <.LBB58478>:
    b1d4:	d50bf841          	sfpaddi	L1,17150,0
    b1d8:	3c000002          	sfpnop

0000b1dc <.LBB58481>:
    b1dc:	48000646          	sfpswap	L9,L1,1
    b1e0:	3c000002          	sfpnop

0000b1e4 <.LBB58483>:
    b1e4:	dc0004c1          	sfpexexp	L3,L1,0

0000b1e8 <.LBB58487>:
    b1e8:	e0000401          	sfpexman	L0,L1,0

0000b1ec <.LBB58489>:
    b1ec:	e8000c01          	sfpshft	L0,L3,0x000,0

0000b1f0 <.LBB58491>:
    b1f0:	dc000045          	sfpexexp	L1,L0,1

0000b1f4 <.LBB58493>:
    b1f4:	10000140          	ttreplay	0,5,0,0

0000b1f8 <.LBB58496>:
    b1f8:	08000042          	sfpsetexp	L1,L0,0x000,0

0000b1fc <.LBB58498>:
    b1fc:	c0038629          	sfpload	L0,394,0,7

0000b200 <.LBB58504>:
    b200:	1800a482          	sfpmul	L2,L0,L2,L9,0

0000b204 <.LBB58507>:
    b204:	18006402          	sfpmul	L0,L0,L1,L9,0

0000b208 <.LBB58510>:
    b208:	c0c38661          	sfpload	L3,408,0,7

0000b20c <.LBB58516>:
    b20c:	c0438661          	sfpload	L1,408,0,7

0000b210 <.LBB58522>:
    b210:	48000c86          	sfpswap	L2,L3,1
    b214:	3c000002          	sfpnop

0000b218 <.LBB58524>:
    b218:	48000406          	sfpswap	L0,L1,1
    b21c:	3c000002          	sfpnop

0000b220 <.LBB58526>:
    b220:	c0438631          	sfpload	L1,396,0,7

0000b224 <.LBB58533>:
    b224:	1006c842          	sfpmad	L1,L1,L11,L2,0
    b228:	ec000401          	sfpsetcc	L1,0x000,0

0000b22c <.LBB58537>:
    b22c:	f0002481          	sfpmov	L2,L9,0

0000b230 <.LBB58540>:
    b230:	2800c02a          	sfpencc	0x003,10

0000b234 <.LBB58543>:
    b234:	c0438631          	sfpload	L1,396,0,7

0000b238 <.LBB58550>:
    b238:	1006c042          	sfpmad	L1,L1,L11,L0,0
    b23c:	ec000401          	sfpsetcc	L1,0x000,0

0000b240 <.LBB58554>:
    b240:	f0002401          	sfpmov	L0,L9,0

0000b244 <.LBB58557>:
    b244:	2800c02a          	sfpencc	0x003,10

0000b248 <.LBB58560>:
    b248:	c14383c1          	sfpload	L5,240,0,7

0000b24c <.LBB58566>:
    b24c:	c10383c9          	sfpload	L4,242,0,7

0000b250 <.LBB58572>:
    b250:	180964c2          	sfpmul	L3,L2,L5,L9,0

0000b254 <.LBB58575>:
    b254:	18012442          	sfpmul	L1,L0,L4,L9,0

0000b258 <.LBB58578>:
    b258:	c1838639          	sfpload	L6,398,0,7

0000b25c <.LBB58584>:
    b25c:	c1c380c1          	sfpload	L7,48,0,7

0000b260 <.LBB58590>:
    b260:	100d9dc2          	sfpmad	L7,L3,L6,L7,0

0000b264 <.LBB58593>:
    b264:	c9c380c1          	sfpstore	L7,48,0,7

0000b268 <.LBB58599>:
    b268:	c1c380c9          	sfpload	L7,50,0,7

0000b26c <.LBB58605>:
    b26c:	10059d82          	sfpmad	L6,L1,L6,L7,0

0000b270 <.LBB58608>:
    b270:	c98380c9          	sfpstore	L6,50,0,7

0000b274 <.LBB58614>:
    b274:	c1838641          	sfpload	L6,400,0,7

0000b278 <.LBB58620>:
    b278:	c1c381c1          	sfpload	L7,112,0,7

0000b27c <.LBB58626>:
    b27c:	100d9dc2          	sfpmad	L7,L3,L6,L7,0

0000b280 <.LBB58629>:
    b280:	c9c381c1          	sfpstore	L7,112,0,7

0000b284 <.LBB58635>:
    b284:	c1c381c9          	sfpload	L7,114,0,7

0000b288 <.LBB58641>:
    b288:	10059d82          	sfpmad	L6,L1,L6,L7,0

0000b28c <.LBB58644>:
    b28c:	c98381c9          	sfpstore	L6,114,0,7

0000b290 <.LBB58650>:
    b290:	c1838649          	sfpload	L6,402,0,7

0000b294 <.LBB58656>:
    b294:	c1c382c1          	sfpload	L7,176,0,7

0000b298 <.LBB58662>:
    b298:	100d9cc2          	sfpmad	L3,L3,L6,L7,0

0000b29c <.LBB58665>:
    b29c:	c8c382c1          	sfpstore	L3,176,0,7

0000b2a0 <.LBB58671>:
    b2a0:	c0c382c9          	sfpload	L3,178,0,7

0000b2a4 <.LBB58677>:
    b2a4:	10058c42          	sfpmad	L1,L1,L6,L3,0

0000b2a8 <.LBB58680>:
    b2a8:	c84382c9          	sfpstore	L1,178,0,7

0000b2ac <.LBB58686>:
    b2ac:	142a888a          	sfpadd	L2,L10,L10,L2,2

0000b2b0 <.LBB58689>:
    b2b0:	1814a542          	sfpmul	L5,L5,L2,L9,0

0000b2b4 <.LBB58692>:
    b2b4:	c94383c1          	sfpstore	L5,240,0,7

0000b2b8 <.LBB58698>:
    b2b8:	142a800a          	sfpadd	L0,L10,L10,L0,2

0000b2bc <.LBB58701>:
    b2bc:	18102402          	sfpmul	L0,L4,L0,L9,0

0000b2c0 <.LBB58704>:
    b2c0:	c80383c9          	sfpstore	L0,242,0,7

0000b2c4 <.LBE58326>:
    b2c4:	00078067          	jr	a5

0000b2c8 <_ZN12_GLOBAL__N_1L16blend_chain_bodyILm13ELm1EEEvmPKNS_15BlendChainEntryE>:
    b2c8:	01c55713          	srli	a4,a0,0x1c

0000b2cc <.LBB59666>:
    b2cc:	60171793          	ctz	a5,a4
    b2d0:	01e7f793          	andi	a5,a5,30

0000b2d4 <.LM5378>:
    b2d4:	00f75733          	srl	a4,a4,a5

0000b2d8 <.LM5380>:
    b2d8:	00377713          	andi	a4,a4,3

0000b2dc <.LBE59666>:
    b2dc:	20e7a7b3          	sh1add	a5,a5,a4

0000b2e0 <.LM5382>:
    b2e0:	20b7c7b3          	sh2add	a5,a5,a1
    b2e4:	0e07a783          	lw	a5,224(a5)

0000b2e8 <.LBB59668>:
    b2e8:	c08384d1          	sfpload	L2,308,0,7

0000b2ec <.LBB59677>:
    b2ec:	c04385d1          	sfpload	L1,372,0,7

0000b2f0 <.LBB59683>:
    b2f0:	c1038611          	sfpload	L4,388,0,7

0000b2f4 <.LBB59689>:
    b2f4:	c0c38619          	sfpload	L3,390,0,7

0000b2f8 <.LBB59695>:
    b2f8:	c0038621          	sfpload	L0,392,0,7

0000b2fc <.LBB59701>:
    b2fc:	c1838601          	sfpload	L6,384,0,7

0000b300 <.LBB59707>:
    b300:	c1438609          	sfpload	L5,386,0,7

0000b304 <.LBB59713>:
    b304:	1428988a          	sfpadd	L2,L10,L2,L6,2

0000b308 <.LBB59716>:
    b308:	1428544a          	sfpadd	L1,L10,L1,L5,2

0000b30c <.LBB59719>:
    b30c:	1808a542          	sfpmul	L5,L2,L2,L9,0

0000b310 <.LBB59722>:
    b310:	18116502          	sfpmul	L4,L4,L5,L9,0

0000b314 <.LBB59725>:
    b314:	18086482          	sfpmul	L2,L2,L1,L9,0

0000b318 <.LBB59728>:
    b318:	100c9082          	sfpmad	L2,L3,L2,L4,0

0000b31c <.LBB59731>:
    b31c:	18046442          	sfpmul	L1,L1,L1,L9,0

0000b320 <.LBB59734>:
    b320:	10004802          	sfpmad	L0,L0,L1,L2,0
    b324:	3c000002          	sfpnop

0000b328 <.LBB59737>:
    b328:	48002406          	sfpswap	L0,L9,1
    b32c:	3c000002          	sfpnop

0000b330 <.LBB59739>:
    b330:	18032402          	sfpmul	L0,L0,L12,L9,0

0000b334 <.LBB59744>:
    b334:	d50bf801          	sfpaddi	L0,17150,0
    b338:	3c000002          	sfpnop

0000b33c <.LBB59747>:
    b33c:	48000246          	sfpswap	L9,L0,1
    b340:	3c000002          	sfpnop

0000b344 <.LBB59749>:
    b344:	dc000041          	sfpexexp	L1,L0,0

0000b348 <.LBB59753>:
    b348:	e0000001          	sfpexman	L0,L0,0

0000b34c <.LBB59755>:
    b34c:	e8000401          	sfpshft	L0,L1,0x000,0

0000b350 <.LBB59757>:
    b350:	dc000045          	sfpexexp	L1,L0,1

0000b354 <.LBB59759>:
    b354:	e0000005          	sfpexman	L0,L0,1

0000b358 <.LBB59761>:
    b358:	40000002          	sfpcast	L0,L0,0

0000b35c <.LBB59763>:
    b35c:	10037882          	sfpmad	L2,L0,L13,L14,0

0000b360 <.LBB59766>:
    b360:	c0c38659          	sfpload	L3,406,0,7

0000b364 <.LBB59772>:
    b364:	10008c02          	sfpmad	L0,L0,L2,L3,0

0000b368 <.LBB59775>:
    b368:	08000042          	sfpsetexp	L1,L0,0x000,0

0000b36c <.LBB59777>:
    b36c:	c0038629          	sfpload	L0,394,0,7

0000b370 <.LBB59783>:
    b370:	18006402          	sfpmul	L0,L0,L1,L9,0

0000b374 <.LBB59786>:
    b374:	c0438661          	sfpload	L1,408,0,7

0000b378 <.LBB59792>:
    b378:	48000406          	sfpswap	L0,L1,1
    b37c:	3c000002          	sfpnop

0000b380 <.LBB59794>:
    b380:	c0438631          	sfpload	L1,396,0,7

0000b384 <.LBB59801>:
    b384:	1006c042          	sfpmad	L1,L1,L11,L0,0
    b388:	ec000401          	sfpsetcc	L1,0x000,0

0000b38c <.LBB59805>:
    b38c:	f0002401          	sfpmov	L0,L9,0

0000b390 <.LBB59808>:
    b390:	2800c02a          	sfpencc	0x003,10

0000b394 <.LBB59811>:
    b394:	c08383d1          	sfpload	L2,244,0,7

0000b398 <.LBB59817>:
    b398:	1800a442          	sfpmul	L1,L0,L2,L9,0

0000b39c <.LBB59820>:
    b39c:	c10380d1          	sfpload	L4,52,0,7

0000b3a0 <.LBB59826>:
    b3a0:	c0c38639          	sfpload	L3,398,0,7

0000b3a4 <.LBB59832>:
    b3a4:	1004d0c2          	sfpmad	L3,L1,L3,L4,0

0000b3a8 <.LBB59835>:
    b3a8:	c8c380d1          	sfpstore	L3,52,0,7

0000b3ac <.LBB59841>:
    b3ac:	c10381d1          	sfpload	L4,116,0,7

0000b3b0 <.LBB59847>:
    b3b0:	c0c38641          	sfpload	L3,400,0,7

0000b3b4 <.LBB59853>:
    b3b4:	1004d0c2          	sfpmad	L3,L1,L3,L4,0

0000b3b8 <.LBB59856>:
    b3b8:	c8c381d1          	sfpstore	L3,116,0,7

0000b3bc <.LBB59862>:
    b3bc:	c10382d1          	sfpload	L4,180,0,7

0000b3c0 <.LBB59868>:
    b3c0:	c0c38649          	sfpload	L3,402,0,7

0000b3c4 <.LBB59874>:
    b3c4:	1004d042          	sfpmad	L1,L1,L3,L4,0

0000b3c8 <.LBB59877>:
    b3c8:	c84382d1          	sfpstore	L1,180,0,7

0000b3cc <.LBB59883>:
    b3cc:	142a800a          	sfpadd	L0,L10,L10,L0,2

0000b3d0 <.LBB59886>:
    b3d0:	18082402          	sfpmul	L0,L2,L0,L9,0

0000b3d4 <.LBB59889>:
    b3d4:	c80383d1          	sfpstore	L0,244,0,7

0000b3d8 <.LBE59668>:
    b3d8:	00078067          	jr	a5

0000b3dc <_ZN12_GLOBAL__N_1L16blend_chain_bodyILm13ELm2EEEvmPKNS_15BlendChainEntryE>:
    b3dc:	01c55713          	srli	a4,a0,0x1c

0000b3e0 <.LBB60851>:
    b3e0:	60171793          	ctz	a5,a4
    b3e4:	01e7f793          	andi	a5,a5,30

0000b3e8 <.LM5489>:
    b3e8:	00f75733          	srl	a4,a4,a5

0000b3ec <.LM5491>:
    b3ec:	00377713          	andi	a4,a4,3

0000b3f0 <.LBE60851>:
    b3f0:	20e7a7b3          	sh1add	a5,a5,a4

0000b3f4 <.LM5493>:
    b3f4:	20b7c7b3          	sh2add	a5,a5,a1
    b3f8:	0e07a783          	lw	a5,224(a5)

0000b3fc <.LBB60853>:
    b3fc:	c08384d9          	sfpload	L2,310,0,7

0000b400 <.LBB60862>:
    b400:	c04385d9          	sfpload	L1,374,0,7

0000b404 <.LBB60868>:
    b404:	c1038611          	sfpload	L4,388,0,7

0000b408 <.LBB60874>:
    b408:	c0c38619          	sfpload	L3,390,0,7

0000b40c <.LBB60880>:
    b40c:	c0038621          	sfpload	L0,392,0,7

0000b410 <.LBB60886>:
    b410:	c1838601          	sfpload	L6,384,0,7

0000b414 <.LBB60892>:
    b414:	c1438609          	sfpload	L5,386,0,7

0000b418 <.LBB60898>:
    b418:	1428988a          	sfpadd	L2,L10,L2,L6,2

0000b41c <.LBB60901>:
    b41c:	1428544a          	sfpadd	L1,L10,L1,L5,2

0000b420 <.LBB60904>:
    b420:	1808a542          	sfpmul	L5,L2,L2,L9,0

0000b424 <.LBB60907>:
    b424:	18116502          	sfpmul	L4,L4,L5,L9,0

0000b428 <.LBB60910>:
    b428:	18086482          	sfpmul	L2,L2,L1,L9,0

0000b42c <.LBB60913>:
    b42c:	100c9082          	sfpmad	L2,L3,L2,L4,0

0000b430 <.LBB60916>:
    b430:	18046442          	sfpmul	L1,L1,L1,L9,0

0000b434 <.LBB60919>:
    b434:	10004802          	sfpmad	L0,L0,L1,L2,0
    b438:	3c000002          	sfpnop

0000b43c <.LBB60922>:
    b43c:	48002406          	sfpswap	L0,L9,1
    b440:	3c000002          	sfpnop

0000b444 <.LBB60924>:
    b444:	18032402          	sfpmul	L0,L0,L12,L9,0

0000b448 <.LBB60929>:
    b448:	d50bf801          	sfpaddi	L0,17150,0
    b44c:	3c000002          	sfpnop

0000b450 <.LBB60932>:
    b450:	48000246          	sfpswap	L9,L0,1
    b454:	3c000002          	sfpnop

0000b458 <.LBB60934>:
    b458:	dc000041          	sfpexexp	L1,L0,0

0000b45c <.LBB60938>:
    b45c:	e0000001          	sfpexman	L0,L0,0

0000b460 <.LBB60940>:
    b460:	e8000401          	sfpshft	L0,L1,0x000,0

0000b464 <.LBB60942>:
    b464:	dc000045          	sfpexexp	L1,L0,1

0000b468 <.LBB60944>:
    b468:	e0000005          	sfpexman	L0,L0,1

0000b46c <.LBB60946>:
    b46c:	40000002          	sfpcast	L0,L0,0

0000b470 <.LBB60948>:
    b470:	10037882          	sfpmad	L2,L0,L13,L14,0

0000b474 <.LBB60951>:
    b474:	c0c38659          	sfpload	L3,406,0,7

0000b478 <.LBB60957>:
    b478:	10008c02          	sfpmad	L0,L0,L2,L3,0

0000b47c <.LBB60960>:
    b47c:	08000042          	sfpsetexp	L1,L0,0x000,0

0000b480 <.LBB60962>:
    b480:	c0038629          	sfpload	L0,394,0,7

0000b484 <.LBB60968>:
    b484:	18006402          	sfpmul	L0,L0,L1,L9,0

0000b488 <.LBB60971>:
    b488:	c0438661          	sfpload	L1,408,0,7

0000b48c <.LBB60977>:
    b48c:	48000406          	sfpswap	L0,L1,1
    b490:	3c000002          	sfpnop

0000b494 <.LBB60979>:
    b494:	c0438631          	sfpload	L1,396,0,7

0000b498 <.LBB60986>:
    b498:	1006c042          	sfpmad	L1,L1,L11,L0,0
    b49c:	ec000401          	sfpsetcc	L1,0x000,0

0000b4a0 <.LBB60990>:
    b4a0:	f0002401          	sfpmov	L0,L9,0

0000b4a4 <.LBB60993>:
    b4a4:	2800c02a          	sfpencc	0x003,10

0000b4a8 <.LBB60996>:
    b4a8:	c08383d9          	sfpload	L2,246,0,7

0000b4ac <.LBB61002>:
    b4ac:	1800a442          	sfpmul	L1,L0,L2,L9,0

0000b4b0 <.LBB61005>:
    b4b0:	c10380d9          	sfpload	L4,54,0,7

0000b4b4 <.LBB61011>:
    b4b4:	c0c38639          	sfpload	L3,398,0,7

0000b4b8 <.LBB61017>:
    b4b8:	1004d0c2          	sfpmad	L3,L1,L3,L4,0

0000b4bc <.LBB61020>:
    b4bc:	c8c380d9          	sfpstore	L3,54,0,7

0000b4c0 <.LBB61026>:
    b4c0:	c10381d9          	sfpload	L4,118,0,7

0000b4c4 <.LBB61032>:
    b4c4:	c0c38641          	sfpload	L3,400,0,7

0000b4c8 <.LBB61038>:
    b4c8:	1004d0c2          	sfpmad	L3,L1,L3,L4,0

0000b4cc <.LBB61041>:
    b4cc:	c8c381d9          	sfpstore	L3,118,0,7

0000b4d0 <.LBB61047>:
    b4d0:	c10382d9          	sfpload	L4,182,0,7

0000b4d4 <.LBB61053>:
    b4d4:	c0c38649          	sfpload	L3,402,0,7

0000b4d8 <.LBB61059>:
    b4d8:	1004d042          	sfpmad	L1,L1,L3,L4,0

0000b4dc <.LBB61062>:
    b4dc:	c84382d9          	sfpstore	L1,182,0,7

0000b4e0 <.LBB61068>:
    b4e0:	142a800a          	sfpadd	L0,L10,L10,L0,2

0000b4e4 <.LBB61071>:
    b4e4:	18082402          	sfpmul	L0,L2,L0,L9,0

0000b4e8 <.LBB61074>:
    b4e8:	c80383d9          	sfpstore	L0,246,0,7

0000b4ec <.LBE60853>:
    b4ec:	00078067          	jr	a5

0000b4f0 <_ZN12_GLOBAL__N_1L16blend_chain_bodyILm13ELm3EEEvmPKNS_15BlendChainEntryE>:
    b4f0:	01c55713          	srli	a4,a0,0x1c

0000b4f4 <.LBB62840>:
    b4f4:	60171793          	ctz	a5,a4
    b4f8:	01e7f793          	andi	a5,a5,30

0000b4fc <.LM5600>:
    b4fc:	00f75733          	srl	a4,a4,a5

0000b500 <.LM5602>:
    b500:	00377713          	andi	a4,a4,3

0000b504 <.LBE62840>:
    b504:	20e7a7b3          	sh1add	a5,a5,a4

0000b508 <.LM5604>:
    b508:	20b7c7b3          	sh2add	a5,a5,a1
    b50c:	0e07a783          	lw	a5,224(a5)

0000b510 <.LBB62842>:
    b510:	c0038601          	sfpload	L0,384,0,7

0000b514 <.LBB62851>:
    b514:	c1038609          	sfpload	L4,386,0,7

0000b518 <.LBB62857>:
    b518:	c08384d1          	sfpload	L2,308,0,7

0000b51c <.LBB62863>:
    b51c:	1428808a          	sfpadd	L2,L10,L2,L0,2

0000b520 <.LBB62866>:
    b520:	c04384d9          	sfpload	L1,310,0,7

0000b524 <.LBB62872>:
    b524:	1428404a          	sfpadd	L1,L10,L1,L0,2

0000b528 <.LBB62875>:
    b528:	c00385d1          	sfpload	L0,372,0,7

0000b52c <.LBB62881>:
    b52c:	1428100a          	sfpadd	L0,L10,L0,L4,2

0000b530 <.LBB62884>:
    b530:	c0c385d9          	sfpload	L3,374,0,7

0000b534 <.LBB62890>:
    b534:	1428d0ca          	sfpadd	L3,L10,L3,L4,2

0000b538 <.LBB62893>:
    b538:	c1438611          	sfpload	L5,388,0,7

0000b53c <.LBB62899>:
    b53c:	1808a582          	sfpmul	L6,L2,L2,L9,0

0000b540 <.LBB62902>:
    b540:	1815a582          	sfpmul	L6,L5,L6,L9,0

0000b544 <.LBB62905>:
    b544:	18046502          	sfpmul	L4,L1,L1,L9,0

0000b548 <.LBB62908>:
    b548:	18152542          	sfpmul	L5,L5,L4,L9,0

0000b54c <.LBB62911>:
    b54c:	c1038619          	sfpload	L4,390,0,7

0000b550 <.LBB62917>:
    b550:	18082482          	sfpmul	L2,L2,L0,L9,0

0000b554 <.LBB62920>:
    b554:	10109882          	sfpmad	L2,L4,L2,L6,0

0000b558 <.LBB62923>:
    b558:	1804e442          	sfpmul	L1,L1,L3,L9,0

0000b55c <.LBB62926>:
    b55c:	10105502          	sfpmad	L4,L4,L1,L5,0

0000b560 <.LBB62929>:
    b560:	c0438621          	sfpload	L1,392,0,7

0000b564 <.LBB62935>:
    b564:	18002402          	sfpmul	L0,L0,L0,L9,0

0000b568 <.LBB62938>:
    b568:	10040802          	sfpmad	L0,L1,L0,L2,0

0000b56c <.LBB62941>:
    b56c:	180ce4c2          	sfpmul	L3,L3,L3,L9,0

0000b570 <.LBB62944>:
    b570:	1004d042          	sfpmad	L1,L1,L3,L4,0

0000b574 <.LBB62947>:
    b574:	48002406          	sfpswap	L0,L9,1
    b578:	3c000002          	sfpnop

0000b57c <.LBB62949>:
    b57c:	48002446          	sfpswap	L1,L9,1
    b580:	3c000002          	sfpnop

0000b584 <.LBB62951>:
    b584:	18032402          	sfpmul	L0,L0,L12,L9,0

0000b588 <.LBB62956>:
    b588:	d50bf801          	sfpaddi	L0,17150,0
    b58c:	3c000002          	sfpnop

0000b590 <.LBB62959>:
    b590:	48000246          	sfpswap	L9,L0,1
    b594:	3c000002          	sfpnop

0000b598 <.LBB62961>:
    b598:	dc000081          	sfpexexp	L2,L0,0

0000b59c <.LBB62965>:
    b59c:	e0000001          	sfpexman	L0,L0,0

0000b5a0 <.LBB62967>:
    b5a0:	e8000801          	sfpshft	L0,L2,0x000,0

0000b5a4 <.LBB62969>:
    b5a4:	dc000085          	sfpexexp	L2,L0,1

0000b5a8 <.LBB62971>:
    b5a8:	1000014c          	ttreplay	0,5,1,1
    b5ac:	e0000005          	sfpexman	L0,L0,1

0000b5b0 <.LBB62973>:
    b5b0:	40000002          	sfpcast	L0,L0,0

0000b5b4 <.LBB62975>:
    b5b4:	100378c2          	sfpmad	L3,L0,L13,L14,0

0000b5b8 <.LBB62978>:
    b5b8:	c1038659          	sfpload	L4,406,0,7

0000b5bc <.LBB62984>:
    b5bc:	1000d002          	sfpmad	L0,L0,L3,L4,0

0000b5c0 <.LBB62987>:
    b5c0:	08000082          	sfpsetexp	L2,L0,0x000,0

0000b5c4 <.LBB62989>:
    b5c4:	18072442          	sfpmul	L1,L1,L12,L9,0

0000b5c8 <.LBB62994>:
    b5c8:	d50bf841          	sfpaddi	L1,17150,0
    b5cc:	3c000002          	sfpnop

0000b5d0 <.LBB62997>:
    b5d0:	48000646          	sfpswap	L9,L1,1
    b5d4:	3c000002          	sfpnop

0000b5d8 <.LBB62999>:
    b5d8:	dc0004c1          	sfpexexp	L3,L1,0

0000b5dc <.LBB63003>:
    b5dc:	e0000401          	sfpexman	L0,L1,0

0000b5e0 <.LBB63005>:
    b5e0:	e8000c01          	sfpshft	L0,L3,0x000,0

0000b5e4 <.LBB63007>:
    b5e4:	dc000045          	sfpexexp	L1,L0,1

0000b5e8 <.LBB63009>:
    b5e8:	10000140          	ttreplay	0,5,0,0

0000b5ec <.LBB63012>:
    b5ec:	08000042          	sfpsetexp	L1,L0,0x000,0

0000b5f0 <.LBB63014>:
    b5f0:	c0038629          	sfpload	L0,394,0,7

0000b5f4 <.LBB63020>:
    b5f4:	1800a482          	sfpmul	L2,L0,L2,L9,0

0000b5f8 <.LBB63023>:
    b5f8:	18006402          	sfpmul	L0,L0,L1,L9,0

0000b5fc <.LBB63026>:
    b5fc:	c0c38661          	sfpload	L3,408,0,7

0000b600 <.LBB63032>:
    b600:	c0438661          	sfpload	L1,408,0,7

0000b604 <.LBB63038>:
    b604:	48000c86          	sfpswap	L2,L3,1
    b608:	3c000002          	sfpnop

0000b60c <.LBB63040>:
    b60c:	48000406          	sfpswap	L0,L1,1
    b610:	3c000002          	sfpnop

0000b614 <.LBB63042>:
    b614:	c0438631          	sfpload	L1,396,0,7

0000b618 <.LBB63049>:
    b618:	1006c842          	sfpmad	L1,L1,L11,L2,0
    b61c:	ec000401          	sfpsetcc	L1,0x000,0

0000b620 <.LBB63053>:
    b620:	f0002481          	sfpmov	L2,L9,0

0000b624 <.LBB63056>:
    b624:	2800c02a          	sfpencc	0x003,10

0000b628 <.LBB63059>:
    b628:	c0438631          	sfpload	L1,396,0,7

0000b62c <.LBB63066>:
    b62c:	1006c042          	sfpmad	L1,L1,L11,L0,0
    b630:	ec000401          	sfpsetcc	L1,0x000,0

0000b634 <.LBB63070>:
    b634:	f0002401          	sfpmov	L0,L9,0

0000b638 <.LBB63073>:
    b638:	2800c02a          	sfpencc	0x003,10

0000b63c <.LBB63076>:
    b63c:	c14383d1          	sfpload	L5,244,0,7

0000b640 <.LBB63082>:
    b640:	c10383d9          	sfpload	L4,246,0,7

0000b644 <.LBB63088>:
    b644:	180964c2          	sfpmul	L3,L2,L5,L9,0

0000b648 <.LBB63091>:
    b648:	18012442          	sfpmul	L1,L0,L4,L9,0

0000b64c <.LBB63094>:
    b64c:	c1838639          	sfpload	L6,398,0,7

0000b650 <.LBB63100>:
    b650:	c1c380d1          	sfpload	L7,52,0,7

0000b654 <.LBB63106>:
    b654:	100d9dc2          	sfpmad	L7,L3,L6,L7,0

0000b658 <.LBB63109>:
    b658:	c9c380d1          	sfpstore	L7,52,0,7

0000b65c <.LBB63115>:
    b65c:	c1c380d9          	sfpload	L7,54,0,7

0000b660 <.LBB63121>:
    b660:	10059d82          	sfpmad	L6,L1,L6,L7,0

0000b664 <.LBB63124>:
    b664:	c98380d9          	sfpstore	L6,54,0,7

0000b668 <.LBB63130>:
    b668:	c1838641          	sfpload	L6,400,0,7

0000b66c <.LBB63136>:
    b66c:	c1c381d1          	sfpload	L7,116,0,7

0000b670 <.LBB63142>:
    b670:	100d9dc2          	sfpmad	L7,L3,L6,L7,0

0000b674 <.LBB63145>:
    b674:	c9c381d1          	sfpstore	L7,116,0,7

0000b678 <.LBB63151>:
    b678:	c1c381d9          	sfpload	L7,118,0,7

0000b67c <.LBB63157>:
    b67c:	10059d82          	sfpmad	L6,L1,L6,L7,0

0000b680 <.LBB63160>:
    b680:	c98381d9          	sfpstore	L6,118,0,7

0000b684 <.LBB63166>:
    b684:	c1838649          	sfpload	L6,402,0,7

0000b688 <.LBB63172>:
    b688:	c1c382d1          	sfpload	L7,180,0,7

0000b68c <.LBB63178>:
    b68c:	100d9cc2          	sfpmad	L3,L3,L6,L7,0

0000b690 <.LBB63181>:
    b690:	c8c382d1          	sfpstore	L3,180,0,7

0000b694 <.LBB63187>:
    b694:	c0c382d9          	sfpload	L3,182,0,7

0000b698 <.LBB63193>:
    b698:	10058c42          	sfpmad	L1,L1,L6,L3,0

0000b69c <.LBB63196>:
    b69c:	c84382d9          	sfpstore	L1,182,0,7

0000b6a0 <.LBB63202>:
    b6a0:	142a888a          	sfpadd	L2,L10,L10,L2,2

0000b6a4 <.LBB63205>:
    b6a4:	1814a542          	sfpmul	L5,L5,L2,L9,0

0000b6a8 <.LBB63208>:
    b6a8:	c94383d1          	sfpstore	L5,244,0,7

0000b6ac <.LBB63214>:
    b6ac:	142a800a          	sfpadd	L0,L10,L10,L0,2

0000b6b0 <.LBB63217>:
    b6b0:	18102402          	sfpmul	L0,L4,L0,L9,0

0000b6b4 <.LBB63220>:
    b6b4:	c80383d9          	sfpstore	L0,246,0,7

0000b6b8 <.LBE62842>:
    b6b8:	00078067          	jr	a5

0000b6bc <_ZN12_GLOBAL__N_1L16blend_chain_bodyILm14ELm1EEEvmPKNS_15BlendChainEntryE>:
    b6bc:	01e55713          	srli	a4,a0,0x1e

0000b6c0 <.LBB64182>:
    b6c0:	60171793          	ctz	a5,a4
    b6c4:	01e7f793          	andi	a5,a5,30

0000b6c8 <.LM5791>:
    b6c8:	00f75733          	srl	a4,a4,a5

0000b6cc <.LBE64182>:
    b6cc:	20e7a7b3          	sh1add	a5,a5,a4

0000b6d0 <.LM5795>:
    b6d0:	20b7c7b3          	sh2add	a5,a5,a1
    b6d4:	0f07a783          	lw	a5,240(a5)

0000b6d8 <.LBB64184>:
    b6d8:	c08384e1          	sfpload	L2,312,0,7

0000b6dc <.LBB64193>:
    b6dc:	c04385e1          	sfpload	L1,376,0,7

0000b6e0 <.LBB64199>:
    b6e0:	c1038611          	sfpload	L4,388,0,7

0000b6e4 <.LBB64205>:
    b6e4:	c0c38619          	sfpload	L3,390,0,7

0000b6e8 <.LBB64211>:
    b6e8:	c0038621          	sfpload	L0,392,0,7

0000b6ec <.LBB64217>:
    b6ec:	c1838601          	sfpload	L6,384,0,7

0000b6f0 <.LBB64223>:
    b6f0:	c1438609          	sfpload	L5,386,0,7

0000b6f4 <.LBB64229>:
    b6f4:	1428988a          	sfpadd	L2,L10,L2,L6,2

0000b6f8 <.LBB64232>:
    b6f8:	1428544a          	sfpadd	L1,L10,L1,L5,2

0000b6fc <.LBB64235>:
    b6fc:	1808a542          	sfpmul	L5,L2,L2,L9,0

0000b700 <.LBB64238>:
    b700:	18116502          	sfpmul	L4,L4,L5,L9,0

0000b704 <.LBB64241>:
    b704:	18086482          	sfpmul	L2,L2,L1,L9,0

0000b708 <.LBB64244>:
    b708:	100c9082          	sfpmad	L2,L3,L2,L4,0

0000b70c <.LBB64247>:
    b70c:	18046442          	sfpmul	L1,L1,L1,L9,0

0000b710 <.LBB64250>:
    b710:	10004802          	sfpmad	L0,L0,L1,L2,0
    b714:	3c000002          	sfpnop

0000b718 <.LBB64253>:
    b718:	48002406          	sfpswap	L0,L9,1
    b71c:	3c000002          	sfpnop

0000b720 <.LBB64255>:
    b720:	18032402          	sfpmul	L0,L0,L12,L9,0

0000b724 <.LBB64260>:
    b724:	d50bf801          	sfpaddi	L0,17150,0
    b728:	3c000002          	sfpnop

0000b72c <.LBB64263>:
    b72c:	48000246          	sfpswap	L9,L0,1
    b730:	3c000002          	sfpnop

0000b734 <.LBB64265>:
    b734:	dc000041          	sfpexexp	L1,L0,0

0000b738 <.LBB64269>:
    b738:	e0000001          	sfpexman	L0,L0,0

0000b73c <.LBB64271>:
    b73c:	e8000401          	sfpshft	L0,L1,0x000,0

0000b740 <.LBB64273>:
    b740:	dc000045          	sfpexexp	L1,L0,1

0000b744 <.LBB64275>:
    b744:	e0000005          	sfpexman	L0,L0,1

0000b748 <.LBB64277>:
    b748:	40000002          	sfpcast	L0,L0,0

0000b74c <.LBB64279>:
    b74c:	10037882          	sfpmad	L2,L0,L13,L14,0

0000b750 <.LBB64282>:
    b750:	c0c38659          	sfpload	L3,406,0,7

0000b754 <.LBB64288>:
    b754:	10008c02          	sfpmad	L0,L0,L2,L3,0

0000b758 <.LBB64291>:
    b758:	08000042          	sfpsetexp	L1,L0,0x000,0

0000b75c <.LBB64293>:
    b75c:	c0038629          	sfpload	L0,394,0,7

0000b760 <.LBB64299>:
    b760:	18006402          	sfpmul	L0,L0,L1,L9,0

0000b764 <.LBB64302>:
    b764:	c0438661          	sfpload	L1,408,0,7

0000b768 <.LBB64308>:
    b768:	48000406          	sfpswap	L0,L1,1
    b76c:	3c000002          	sfpnop

0000b770 <.LBB64310>:
    b770:	c0438631          	sfpload	L1,396,0,7

0000b774 <.LBB64317>:
    b774:	1006c042          	sfpmad	L1,L1,L11,L0,0
    b778:	ec000401          	sfpsetcc	L1,0x000,0

0000b77c <.LBB64321>:
    b77c:	f0002401          	sfpmov	L0,L9,0

0000b780 <.LBB64324>:
    b780:	2800c02a          	sfpencc	0x003,10

0000b784 <.LBB64327>:
    b784:	c08383e1          	sfpload	L2,248,0,7

0000b788 <.LBB64333>:
    b788:	1800a442          	sfpmul	L1,L0,L2,L9,0

0000b78c <.LBB64336>:
    b78c:	c10380e1          	sfpload	L4,56,0,7

0000b790 <.LBB64342>:
    b790:	c0c38639          	sfpload	L3,398,0,7

0000b794 <.LBB64348>:
    b794:	1004d0c2          	sfpmad	L3,L1,L3,L4,0

0000b798 <.LBB64351>:
    b798:	c8c380e1          	sfpstore	L3,56,0,7

0000b79c <.LBB64357>:
    b79c:	c10381e1          	sfpload	L4,120,0,7

0000b7a0 <.LBB64363>:
    b7a0:	c0c38641          	sfpload	L3,400,0,7

0000b7a4 <.LBB64369>:
    b7a4:	1004d0c2          	sfpmad	L3,L1,L3,L4,0

0000b7a8 <.LBB64372>:
    b7a8:	c8c381e1          	sfpstore	L3,120,0,7

0000b7ac <.LBB64378>:
    b7ac:	c10382e1          	sfpload	L4,184,0,7

0000b7b0 <.LBB64384>:
    b7b0:	c0c38649          	sfpload	L3,402,0,7

0000b7b4 <.LBB64390>:
    b7b4:	1004d042          	sfpmad	L1,L1,L3,L4,0

0000b7b8 <.LBB64393>:
    b7b8:	c84382e1          	sfpstore	L1,184,0,7

0000b7bc <.LBB64399>:
    b7bc:	142a800a          	sfpadd	L0,L10,L10,L0,2

0000b7c0 <.LBB64402>:
    b7c0:	18082402          	sfpmul	L0,L2,L0,L9,0

0000b7c4 <.LBB64405>:
    b7c4:	c80383e1          	sfpstore	L0,248,0,7

0000b7c8 <.LBE64184>:
    b7c8:	00078067          	jr	a5

0000b7cc <_ZN12_GLOBAL__N_1L16blend_chain_bodyILm14ELm2EEEvmPKNS_15BlendChainEntryE>:
    b7cc:	01e55713          	srli	a4,a0,0x1e

0000b7d0 <.LBB65367>:
    b7d0:	60171793          	ctz	a5,a4
    b7d4:	01e7f793          	andi	a5,a5,30

0000b7d8 <.LM5902>:
    b7d8:	00f75733          	srl	a4,a4,a5

0000b7dc <.LBE65367>:
    b7dc:	20e7a7b3          	sh1add	a5,a5,a4

0000b7e0 <.LM5906>:
    b7e0:	20b7c7b3          	sh2add	a5,a5,a1
    b7e4:	0f07a783          	lw	a5,240(a5)

0000b7e8 <.LBB65369>:
    b7e8:	c08384e9          	sfpload	L2,314,0,7

0000b7ec <.LBB65378>:
    b7ec:	c04385e9          	sfpload	L1,378,0,7

0000b7f0 <.LBB65384>:
    b7f0:	c1038611          	sfpload	L4,388,0,7

0000b7f4 <.LBB65390>:
    b7f4:	c0c38619          	sfpload	L3,390,0,7

0000b7f8 <.LBB65396>:
    b7f8:	c0038621          	sfpload	L0,392,0,7

0000b7fc <.LBB65402>:
    b7fc:	c1838601          	sfpload	L6,384,0,7

0000b800 <.LBB65408>:
    b800:	c1438609          	sfpload	L5,386,0,7

0000b804 <.LBB65414>:
    b804:	1428988a          	sfpadd	L2,L10,L2,L6,2

0000b808 <.LBB65417>:
    b808:	1428544a          	sfpadd	L1,L10,L1,L5,2

0000b80c <.LBB65420>:
    b80c:	1808a542          	sfpmul	L5,L2,L2,L9,0

0000b810 <.LBB65423>:
    b810:	18116502          	sfpmul	L4,L4,L5,L9,0

0000b814 <.LBB65426>:
    b814:	18086482          	sfpmul	L2,L2,L1,L9,0

0000b818 <.LBB65429>:
    b818:	100c9082          	sfpmad	L2,L3,L2,L4,0

0000b81c <.LBB65432>:
    b81c:	18046442          	sfpmul	L1,L1,L1,L9,0

0000b820 <.LBB65435>:
    b820:	10004802          	sfpmad	L0,L0,L1,L2,0
    b824:	3c000002          	sfpnop

0000b828 <.LBB65438>:
    b828:	48002406          	sfpswap	L0,L9,1
    b82c:	3c000002          	sfpnop

0000b830 <.LBB65440>:
    b830:	18032402          	sfpmul	L0,L0,L12,L9,0

0000b834 <.LBB65445>:
    b834:	d50bf801          	sfpaddi	L0,17150,0
    b838:	3c000002          	sfpnop

0000b83c <.LBB65448>:
    b83c:	48000246          	sfpswap	L9,L0,1
    b840:	3c000002          	sfpnop

0000b844 <.LBB65450>:
    b844:	dc000041          	sfpexexp	L1,L0,0

0000b848 <.LBB65454>:
    b848:	e0000001          	sfpexman	L0,L0,0

0000b84c <.LBB65456>:
    b84c:	e8000401          	sfpshft	L0,L1,0x000,0

0000b850 <.LBB65458>:
    b850:	dc000045          	sfpexexp	L1,L0,1

0000b854 <.LBB65460>:
    b854:	e0000005          	sfpexman	L0,L0,1

0000b858 <.LBB65462>:
    b858:	40000002          	sfpcast	L0,L0,0

0000b85c <.LBB65464>:
    b85c:	10037882          	sfpmad	L2,L0,L13,L14,0

0000b860 <.LBB65467>:
    b860:	c0c38659          	sfpload	L3,406,0,7

0000b864 <.LBB65473>:
    b864:	10008c02          	sfpmad	L0,L0,L2,L3,0

0000b868 <.LBB65476>:
    b868:	08000042          	sfpsetexp	L1,L0,0x000,0

0000b86c <.LBB65478>:
    b86c:	c0038629          	sfpload	L0,394,0,7

0000b870 <.LBB65484>:
    b870:	18006402          	sfpmul	L0,L0,L1,L9,0

0000b874 <.LBB65487>:
    b874:	c0438661          	sfpload	L1,408,0,7

0000b878 <.LBB65493>:
    b878:	48000406          	sfpswap	L0,L1,1
    b87c:	3c000002          	sfpnop

0000b880 <.LBB65495>:
    b880:	c0438631          	sfpload	L1,396,0,7

0000b884 <.LBB65502>:
    b884:	1006c042          	sfpmad	L1,L1,L11,L0,0
    b888:	ec000401          	sfpsetcc	L1,0x000,0

0000b88c <.LBB65506>:
    b88c:	f0002401          	sfpmov	L0,L9,0

0000b890 <.LBB65509>:
    b890:	2800c02a          	sfpencc	0x003,10

0000b894 <.LBB65512>:
    b894:	c08383e9          	sfpload	L2,250,0,7

0000b898 <.LBB65518>:
    b898:	1800a442          	sfpmul	L1,L0,L2,L9,0

0000b89c <.LBB65521>:
    b89c:	c10380e9          	sfpload	L4,58,0,7

0000b8a0 <.LBB65527>:
    b8a0:	c0c38639          	sfpload	L3,398,0,7

0000b8a4 <.LBB65533>:
    b8a4:	1004d0c2          	sfpmad	L3,L1,L3,L4,0

0000b8a8 <.LBB65536>:
    b8a8:	c8c380e9          	sfpstore	L3,58,0,7

0000b8ac <.LBB65542>:
    b8ac:	c10381e9          	sfpload	L4,122,0,7

0000b8b0 <.LBB65548>:
    b8b0:	c0c38641          	sfpload	L3,400,0,7

0000b8b4 <.LBB65554>:
    b8b4:	1004d0c2          	sfpmad	L3,L1,L3,L4,0

0000b8b8 <.LBB65557>:
    b8b8:	c8c381e9          	sfpstore	L3,122,0,7

0000b8bc <.LBB65563>:
    b8bc:	c10382e9          	sfpload	L4,186,0,7

0000b8c0 <.LBB65569>:
    b8c0:	c0c38649          	sfpload	L3,402,0,7

0000b8c4 <.LBB65575>:
    b8c4:	1004d042          	sfpmad	L1,L1,L3,L4,0

0000b8c8 <.LBB65578>:
    b8c8:	c84382e9          	sfpstore	L1,186,0,7

0000b8cc <.LBB65584>:
    b8cc:	142a800a          	sfpadd	L0,L10,L10,L0,2

0000b8d0 <.LBB65587>:
    b8d0:	18082402          	sfpmul	L0,L2,L0,L9,0

0000b8d4 <.LBB65590>:
    b8d4:	c80383e9          	sfpstore	L0,250,0,7

0000b8d8 <.LBE65369>:
    b8d8:	00078067          	jr	a5

0000b8dc <_ZN12_GLOBAL__N_1L16blend_chain_bodyILm14ELm3EEEvmPKNS_15BlendChainEntryE>:
    b8dc:	01e55713          	srli	a4,a0,0x1e

0000b8e0 <.LBB67356>:
    b8e0:	60171793          	ctz	a5,a4
    b8e4:	01e7f793          	andi	a5,a5,30

0000b8e8 <.LM6013>:
    b8e8:	00f75733          	srl	a4,a4,a5

0000b8ec <.LBE67356>:
    b8ec:	20e7a7b3          	sh1add	a5,a5,a4

0000b8f0 <.LM6017>:
    b8f0:	20b7c7b3          	sh2add	a5,a5,a1
    b8f4:	0f07a783          	lw	a5,240(a5)

0000b8f8 <.LBB67358>:
    b8f8:	c0038601          	sfpload	L0,384,0,7

0000b8fc <.LBB67367>:
    b8fc:	c1038609          	sfpload	L4,386,0,7

0000b900 <.LBB67373>:
    b900:	c08384e1          	sfpload	L2,312,0,7

0000b904 <.LBB67379>:
    b904:	1428808a          	sfpadd	L2,L10,L2,L0,2

0000b908 <.LBB67382>:
    b908:	c04384e9          	sfpload	L1,314,0,7

0000b90c <.LBB67388>:
    b90c:	1428404a          	sfpadd	L1,L10,L1,L0,2

0000b910 <.LBB67391>:
    b910:	c00385e1          	sfpload	L0,376,0,7

0000b914 <.LBB67397>:
    b914:	1428100a          	sfpadd	L0,L10,L0,L4,2

0000b918 <.LBB67400>:
    b918:	c0c385e9          	sfpload	L3,378,0,7

0000b91c <.LBB67406>:
    b91c:	1428d0ca          	sfpadd	L3,L10,L3,L4,2

0000b920 <.LBB67409>:
    b920:	c1438611          	sfpload	L5,388,0,7

0000b924 <.LBB67415>:
    b924:	1808a582          	sfpmul	L6,L2,L2,L9,0

0000b928 <.LBB67418>:
    b928:	1815a582          	sfpmul	L6,L5,L6,L9,0

0000b92c <.LBB67421>:
    b92c:	18046502          	sfpmul	L4,L1,L1,L9,0

0000b930 <.LBB67424>:
    b930:	18152542          	sfpmul	L5,L5,L4,L9,0

0000b934 <.LBB67427>:
    b934:	c1038619          	sfpload	L4,390,0,7

0000b938 <.LBB67433>:
    b938:	18082482          	sfpmul	L2,L2,L0,L9,0

0000b93c <.LBB67436>:
    b93c:	10109882          	sfpmad	L2,L4,L2,L6,0

0000b940 <.LBB67439>:
    b940:	1804e442          	sfpmul	L1,L1,L3,L9,0

0000b944 <.LBB67442>:
    b944:	10105502          	sfpmad	L4,L4,L1,L5,0

0000b948 <.LBB67445>:
    b948:	c0438621          	sfpload	L1,392,0,7

0000b94c <.LBB67451>:
    b94c:	18002402          	sfpmul	L0,L0,L0,L9,0

0000b950 <.LBB67454>:
    b950:	10040802          	sfpmad	L0,L1,L0,L2,0

0000b954 <.LBB67457>:
    b954:	180ce4c2          	sfpmul	L3,L3,L3,L9,0

0000b958 <.LBB67460>:
    b958:	1004d042          	sfpmad	L1,L1,L3,L4,0

0000b95c <.LBB67463>:
    b95c:	48002406          	sfpswap	L0,L9,1
    b960:	3c000002          	sfpnop

0000b964 <.LBB67465>:
    b964:	48002446          	sfpswap	L1,L9,1
    b968:	3c000002          	sfpnop

0000b96c <.LBB67467>:
    b96c:	18032402          	sfpmul	L0,L0,L12,L9,0

0000b970 <.LBB67472>:
    b970:	d50bf801          	sfpaddi	L0,17150,0
    b974:	3c000002          	sfpnop

0000b978 <.LBB67475>:
    b978:	48000246          	sfpswap	L9,L0,1
    b97c:	3c000002          	sfpnop

0000b980 <.LBB67477>:
    b980:	dc000081          	sfpexexp	L2,L0,0

0000b984 <.LBB67481>:
    b984:	e0000001          	sfpexman	L0,L0,0

0000b988 <.LBB67483>:
    b988:	e8000801          	sfpshft	L0,L2,0x000,0

0000b98c <.LBB67485>:
    b98c:	dc000085          	sfpexexp	L2,L0,1

0000b990 <.LBB67487>:
    b990:	1000014c          	ttreplay	0,5,1,1
    b994:	e0000005          	sfpexman	L0,L0,1

0000b998 <.LBB67489>:
    b998:	40000002          	sfpcast	L0,L0,0

0000b99c <.LBB67491>:
    b99c:	100378c2          	sfpmad	L3,L0,L13,L14,0

0000b9a0 <.LBB67494>:
    b9a0:	c1038659          	sfpload	L4,406,0,7

0000b9a4 <.LBB67500>:
    b9a4:	1000d002          	sfpmad	L0,L0,L3,L4,0

0000b9a8 <.LBB67503>:
    b9a8:	08000082          	sfpsetexp	L2,L0,0x000,0

0000b9ac <.LBB67505>:
    b9ac:	18072442          	sfpmul	L1,L1,L12,L9,0

0000b9b0 <.LBB67510>:
    b9b0:	d50bf841          	sfpaddi	L1,17150,0
    b9b4:	3c000002          	sfpnop

0000b9b8 <.LBB67513>:
    b9b8:	48000646          	sfpswap	L9,L1,1
    b9bc:	3c000002          	sfpnop

0000b9c0 <.LBB67515>:
    b9c0:	dc0004c1          	sfpexexp	L3,L1,0

0000b9c4 <.LBB67519>:
    b9c4:	e0000401          	sfpexman	L0,L1,0

0000b9c8 <.LBB67521>:
    b9c8:	e8000c01          	sfpshft	L0,L3,0x000,0

0000b9cc <.LBB67523>:
    b9cc:	dc000045          	sfpexexp	L1,L0,1

0000b9d0 <.LBB67525>:
    b9d0:	10000140          	ttreplay	0,5,0,0

0000b9d4 <.LBB67528>:
    b9d4:	08000042          	sfpsetexp	L1,L0,0x000,0

0000b9d8 <.LBB67530>:
    b9d8:	c0038629          	sfpload	L0,394,0,7

0000b9dc <.LBB67536>:
    b9dc:	1800a482          	sfpmul	L2,L0,L2,L9,0

0000b9e0 <.LBB67539>:
    b9e0:	18006402          	sfpmul	L0,L0,L1,L9,0

0000b9e4 <.LBB67542>:
    b9e4:	c0c38661          	sfpload	L3,408,0,7

0000b9e8 <.LBB67548>:
    b9e8:	c0438661          	sfpload	L1,408,0,7

0000b9ec <.LBB67554>:
    b9ec:	48000c86          	sfpswap	L2,L3,1
    b9f0:	3c000002          	sfpnop

0000b9f4 <.LBB67556>:
    b9f4:	48000406          	sfpswap	L0,L1,1
    b9f8:	3c000002          	sfpnop

0000b9fc <.LBB67558>:
    b9fc:	c0438631          	sfpload	L1,396,0,7

0000ba00 <.LBB67565>:
    ba00:	1006c842          	sfpmad	L1,L1,L11,L2,0
    ba04:	ec000401          	sfpsetcc	L1,0x000,0

0000ba08 <.LBB67569>:
    ba08:	f0002481          	sfpmov	L2,L9,0

0000ba0c <.LBB67572>:
    ba0c:	2800c02a          	sfpencc	0x003,10

0000ba10 <.LBB67575>:
    ba10:	c0438631          	sfpload	L1,396,0,7

0000ba14 <.LBB67582>:
    ba14:	1006c042          	sfpmad	L1,L1,L11,L0,0
    ba18:	ec000401          	sfpsetcc	L1,0x000,0

0000ba1c <.LBB67586>:
    ba1c:	f0002401          	sfpmov	L0,L9,0

0000ba20 <.LBB67589>:
    ba20:	2800c02a          	sfpencc	0x003,10

0000ba24 <.LBB67592>:
    ba24:	c14383e1          	sfpload	L5,248,0,7

0000ba28 <.LBB67598>:
    ba28:	c10383e9          	sfpload	L4,250,0,7

0000ba2c <.LBB67604>:
    ba2c:	180964c2          	sfpmul	L3,L2,L5,L9,0

0000ba30 <.LBB67607>:
    ba30:	18012442          	sfpmul	L1,L0,L4,L9,0

0000ba34 <.LBB67610>:
    ba34:	c1838639          	sfpload	L6,398,0,7

0000ba38 <.LBB67616>:
    ba38:	c1c380e1          	sfpload	L7,56,0,7

0000ba3c <.LBB67622>:
    ba3c:	100d9dc2          	sfpmad	L7,L3,L6,L7,0

0000ba40 <.LBB67625>:
    ba40:	c9c380e1          	sfpstore	L7,56,0,7

0000ba44 <.LBB67631>:
    ba44:	c1c380e9          	sfpload	L7,58,0,7

0000ba48 <.LBB67637>:
    ba48:	10059d82          	sfpmad	L6,L1,L6,L7,0

0000ba4c <.LBB67640>:
    ba4c:	c98380e9          	sfpstore	L6,58,0,7

0000ba50 <.LBB67646>:
    ba50:	c1838641          	sfpload	L6,400,0,7

0000ba54 <.LBB67652>:
    ba54:	c1c381e1          	sfpload	L7,120,0,7

0000ba58 <.LBB67658>:
    ba58:	100d9dc2          	sfpmad	L7,L3,L6,L7,0

0000ba5c <.LBB67661>:
    ba5c:	c9c381e1          	sfpstore	L7,120,0,7

0000ba60 <.LBB67667>:
    ba60:	c1c381e9          	sfpload	L7,122,0,7

0000ba64 <.LBB67673>:
    ba64:	10059d82          	sfpmad	L6,L1,L6,L7,0

0000ba68 <.LBB67676>:
    ba68:	c98381e9          	sfpstore	L6,122,0,7

0000ba6c <.LBB67682>:
    ba6c:	c1838649          	sfpload	L6,402,0,7

0000ba70 <.LBB67688>:
    ba70:	c1c382e1          	sfpload	L7,184,0,7

0000ba74 <.LBB67694>:
    ba74:	100d9cc2          	sfpmad	L3,L3,L6,L7,0

0000ba78 <.LBB67697>:
    ba78:	c8c382e1          	sfpstore	L3,184,0,7

0000ba7c <.LBB67703>:
    ba7c:	c0c382e9          	sfpload	L3,186,0,7

0000ba80 <.LBB67709>:
    ba80:	10058c42          	sfpmad	L1,L1,L6,L3,0

0000ba84 <.LBB67712>:
    ba84:	c84382e9          	sfpstore	L1,186,0,7

0000ba88 <.LBB67718>:
    ba88:	142a888a          	sfpadd	L2,L10,L10,L2,2

0000ba8c <.LBB67721>:
    ba8c:	1814a542          	sfpmul	L5,L5,L2,L9,0

0000ba90 <.LBB67724>:
    ba90:	c94383e1          	sfpstore	L5,248,0,7

0000ba94 <.LBB67730>:
    ba94:	142a800a          	sfpadd	L0,L10,L10,L0,2

0000ba98 <.LBB67733>:
    ba98:	18102402          	sfpmul	L0,L4,L0,L9,0

0000ba9c <.LBB67736>:
    ba9c:	c80383e9          	sfpstore	L0,250,0,7

0000baa0 <.LBE67358>:
    baa0:	00078067          	jr	a5

0000baa4 <_ZN12_GLOBAL__N_1L16blend_chain_bodyILm15ELm1EEEvmPKNS_15BlendChainEntryE>:
    baa4:	c08384f1          	sfpload	L2,316,0,7

0000baa8 <.LBB68703>:
    baa8:	c04385f1          	sfpload	L1,380,0,7

0000baac <.LBB68709>:
    baac:	c1038611          	sfpload	L4,388,0,7

0000bab0 <.LBB68715>:
    bab0:	c0c38619          	sfpload	L3,390,0,7

0000bab4 <.LBB68721>:
    bab4:	c0038621          	sfpload	L0,392,0,7

0000bab8 <.LBB68727>:
    bab8:	c1838601          	sfpload	L6,384,0,7

0000babc <.LBB68733>:
    babc:	c1438609          	sfpload	L5,386,0,7

0000bac0 <.LBB68739>:
    bac0:	1428988a          	sfpadd	L2,L10,L2,L6,2

0000bac4 <.LBB68742>:
    bac4:	1428544a          	sfpadd	L1,L10,L1,L5,2

0000bac8 <.LBB68745>:
    bac8:	1808a542          	sfpmul	L5,L2,L2,L9,0

0000bacc <.LBB68748>:
    bacc:	18116502          	sfpmul	L4,L4,L5,L9,0

0000bad0 <.LBB68751>:
    bad0:	18086482          	sfpmul	L2,L2,L1,L9,0

0000bad4 <.LBB68754>:
    bad4:	100c9082          	sfpmad	L2,L3,L2,L4,0

0000bad8 <.LBB68757>:
    bad8:	18046442          	sfpmul	L1,L1,L1,L9,0

0000badc <.LBB68760>:
    badc:	10004802          	sfpmad	L0,L0,L1,L2,0
    bae0:	3c000002          	sfpnop

0000bae4 <.LBB68763>:
    bae4:	48002406          	sfpswap	L0,L9,1
    bae8:	3c000002          	sfpnop

0000baec <.LBB68765>:
    baec:	18032402          	sfpmul	L0,L0,L12,L9,0

0000baf0 <.LBB68770>:
    baf0:	d50bf801          	sfpaddi	L0,17150,0
    baf4:	3c000002          	sfpnop

0000baf8 <.LBB68773>:
    baf8:	48000246          	sfpswap	L9,L0,1
    bafc:	3c000002          	sfpnop

0000bb00 <.LBB68775>:
    bb00:	dc000041          	sfpexexp	L1,L0,0

0000bb04 <.LBB68779>:
    bb04:	e0000001          	sfpexman	L0,L0,0

0000bb08 <.LBB68781>:
    bb08:	e8000401          	sfpshft	L0,L1,0x000,0

0000bb0c <.LBB68783>:
    bb0c:	dc000045          	sfpexexp	L1,L0,1

0000bb10 <.LBB68785>:
    bb10:	e0000005          	sfpexman	L0,L0,1

0000bb14 <.LBB68787>:
    bb14:	40000002          	sfpcast	L0,L0,0

0000bb18 <.LBB68789>:
    bb18:	10037882          	sfpmad	L2,L0,L13,L14,0

0000bb1c <.LBB68792>:
    bb1c:	c0c38659          	sfpload	L3,406,0,7

0000bb20 <.LBB68798>:
    bb20:	10008c02          	sfpmad	L0,L0,L2,L3,0

0000bb24 <.LBB68801>:
    bb24:	08000042          	sfpsetexp	L1,L0,0x000,0

0000bb28 <.LBB68803>:
    bb28:	c0038629          	sfpload	L0,394,0,7

0000bb2c <.LBB68809>:
    bb2c:	18006402          	sfpmul	L0,L0,L1,L9,0

0000bb30 <.LBB68812>:
    bb30:	c0438661          	sfpload	L1,408,0,7

0000bb34 <.LBB68818>:
    bb34:	48000406          	sfpswap	L0,L1,1
    bb38:	3c000002          	sfpnop

0000bb3c <.LBB68820>:
    bb3c:	c0438631          	sfpload	L1,396,0,7

0000bb40 <.LBB68827>:
    bb40:	1006c042          	sfpmad	L1,L1,L11,L0,0
    bb44:	ec000401          	sfpsetcc	L1,0x000,0

0000bb48 <.LBB68831>:
    bb48:	f0002401          	sfpmov	L0,L9,0

0000bb4c <.LBB68834>:
    bb4c:	2800c02a          	sfpencc	0x003,10

0000bb50 <.LBB68837>:
    bb50:	c08383f1          	sfpload	L2,252,0,7

0000bb54 <.LBB68843>:
    bb54:	1800a442          	sfpmul	L1,L0,L2,L9,0

0000bb58 <.LBB68846>:
    bb58:	c10380f1          	sfpload	L4,60,0,7

0000bb5c <.LBB68852>:
    bb5c:	c0c38639          	sfpload	L3,398,0,7

0000bb60 <.LBB68858>:
    bb60:	1004d0c2          	sfpmad	L3,L1,L3,L4,0

0000bb64 <.LBB68861>:
    bb64:	c8c380f1          	sfpstore	L3,60,0,7

0000bb68 <.LBB68867>:
    bb68:	c10381f1          	sfpload	L4,124,0,7

0000bb6c <.LBB68873>:
    bb6c:	c0c38641          	sfpload	L3,400,0,7

0000bb70 <.LBB68879>:
    bb70:	1004d0c2          	sfpmad	L3,L1,L3,L4,0

0000bb74 <.LBB68882>:
    bb74:	c8c381f1          	sfpstore	L3,124,0,7

0000bb78 <.LBB68888>:
    bb78:	c10382f1          	sfpload	L4,188,0,7

0000bb7c <.LBB68894>:
    bb7c:	c0c38649          	sfpload	L3,402,0,7

0000bb80 <.LBB68900>:
    bb80:	1004d042          	sfpmad	L1,L1,L3,L4,0

0000bb84 <.LBB68903>:
    bb84:	c84382f1          	sfpstore	L1,188,0,7

0000bb88 <.LBB68909>:
    bb88:	142a800a          	sfpadd	L0,L10,L10,L0,2

0000bb8c <.LBB68912>:
    bb8c:	18082402          	sfpmul	L0,L2,L0,L9,0

0000bb90 <.LBB68915>:
    bb90:	c80383f1          	sfpstore	L0,252,0,7

0000bb94 <.LBE68694>:
    bb94:	00008067          	ret

0000bb98 <_ZN12_GLOBAL__N_1L16blend_chain_bodyILm15ELm2EEEvmPKNS_15BlendChainEntryE>:
    bb98:	c08384f9          	sfpload	L2,318,0,7

0000bb9c <.LBB69882>:
    bb9c:	c04385f9          	sfpload	L1,382,0,7

0000bba0 <.LBB69888>:
    bba0:	c1038611          	sfpload	L4,388,0,7

0000bba4 <.LBB69894>:
    bba4:	c0c38619          	sfpload	L3,390,0,7

0000bba8 <.LBB69900>:
    bba8:	c0038621          	sfpload	L0,392,0,7

0000bbac <.LBB69906>:
    bbac:	c1838601          	sfpload	L6,384,0,7

0000bbb0 <.LBB69912>:
    bbb0:	c1438609          	sfpload	L5,386,0,7

0000bbb4 <.LBB69918>:
    bbb4:	1428988a          	sfpadd	L2,L10,L2,L6,2

0000bbb8 <.LBB69921>:
    bbb8:	1428544a          	sfpadd	L1,L10,L1,L5,2

0000bbbc <.LBB69924>:
    bbbc:	1808a542          	sfpmul	L5,L2,L2,L9,0

0000bbc0 <.LBB69927>:
    bbc0:	18116502          	sfpmul	L4,L4,L5,L9,0

0000bbc4 <.LBB69930>:
    bbc4:	18086482          	sfpmul	L2,L2,L1,L9,0

0000bbc8 <.LBB69933>:
    bbc8:	100c9082          	sfpmad	L2,L3,L2,L4,0

0000bbcc <.LBB69936>:
    bbcc:	18046442          	sfpmul	L1,L1,L1,L9,0

0000bbd0 <.LBB69939>:
    bbd0:	10004802          	sfpmad	L0,L0,L1,L2,0
    bbd4:	3c000002          	sfpnop

0000bbd8 <.LBB69942>:
    bbd8:	48002406          	sfpswap	L0,L9,1
    bbdc:	3c000002          	sfpnop

0000bbe0 <.LBB69944>:
    bbe0:	18032402          	sfpmul	L0,L0,L12,L9,0

0000bbe4 <.LBB69949>:
    bbe4:	d50bf801          	sfpaddi	L0,17150,0
    bbe8:	3c000002          	sfpnop

0000bbec <.LBB69952>:
    bbec:	48000246          	sfpswap	L9,L0,1
    bbf0:	3c000002          	sfpnop

0000bbf4 <.LBB69954>:
    bbf4:	dc000041          	sfpexexp	L1,L0,0

0000bbf8 <.LBB69958>:
    bbf8:	e0000001          	sfpexman	L0,L0,0

0000bbfc <.LBB69960>:
    bbfc:	e8000401          	sfpshft	L0,L1,0x000,0

0000bc00 <.LBB69962>:
    bc00:	dc000045          	sfpexexp	L1,L0,1

0000bc04 <.LBB69964>:
    bc04:	e0000005          	sfpexman	L0,L0,1

0000bc08 <.LBB69966>:
    bc08:	40000002          	sfpcast	L0,L0,0

0000bc0c <.LBB69968>:
    bc0c:	10037882          	sfpmad	L2,L0,L13,L14,0

0000bc10 <.LBB69971>:
    bc10:	c0c38659          	sfpload	L3,406,0,7

0000bc14 <.LBB69977>:
    bc14:	10008c02          	sfpmad	L0,L0,L2,L3,0

0000bc18 <.LBB69980>:
    bc18:	08000042          	sfpsetexp	L1,L0,0x000,0

0000bc1c <.LBB69982>:
    bc1c:	c0038629          	sfpload	L0,394,0,7

0000bc20 <.LBB69988>:
    bc20:	18006402          	sfpmul	L0,L0,L1,L9,0

0000bc24 <.LBB69991>:
    bc24:	c0438661          	sfpload	L1,408,0,7

0000bc28 <.LBB69997>:
    bc28:	48000406          	sfpswap	L0,L1,1
    bc2c:	3c000002          	sfpnop

0000bc30 <.LBB69999>:
    bc30:	c0438631          	sfpload	L1,396,0,7

0000bc34 <.LBB70006>:
    bc34:	1006c042          	sfpmad	L1,L1,L11,L0,0
    bc38:	ec000401          	sfpsetcc	L1,0x000,0

0000bc3c <.LBB70010>:
    bc3c:	f0002401          	sfpmov	L0,L9,0

0000bc40 <.LBB70013>:
    bc40:	2800c02a          	sfpencc	0x003,10

0000bc44 <.LBB70016>:
    bc44:	c08383f9          	sfpload	L2,254,0,7

0000bc48 <.LBB70022>:
    bc48:	1800a442          	sfpmul	L1,L0,L2,L9,0

0000bc4c <.LBB70025>:
    bc4c:	c10380f9          	sfpload	L4,62,0,7

0000bc50 <.LBB70031>:
    bc50:	c0c38639          	sfpload	L3,398,0,7

0000bc54 <.LBB70037>:
    bc54:	1004d0c2          	sfpmad	L3,L1,L3,L4,0

0000bc58 <.LBB70040>:
    bc58:	c8c380f9          	sfpstore	L3,62,0,7

0000bc5c <.LBB70046>:
    bc5c:	c10381f9          	sfpload	L4,126,0,7

0000bc60 <.LBB70052>:
    bc60:	c0c38641          	sfpload	L3,400,0,7

0000bc64 <.LBB70058>:
    bc64:	1004d0c2          	sfpmad	L3,L1,L3,L4,0

0000bc68 <.LBB70061>:
    bc68:	c8c381f9          	sfpstore	L3,126,0,7

0000bc6c <.LBB70067>:
    bc6c:	c10382f9          	sfpload	L4,190,0,7

0000bc70 <.LBB70073>:
    bc70:	c0c38649          	sfpload	L3,402,0,7

0000bc74 <.LBB70079>:
    bc74:	1004d042          	sfpmad	L1,L1,L3,L4,0

0000bc78 <.LBB70082>:
    bc78:	c84382f9          	sfpstore	L1,190,0,7

0000bc7c <.LBB70088>:
    bc7c:	142a800a          	sfpadd	L0,L10,L10,L0,2

0000bc80 <.LBB70091>:
    bc80:	18082402          	sfpmul	L0,L2,L0,L9,0

0000bc84 <.LBB70094>:
    bc84:	c80383f9          	sfpstore	L0,254,0,7

0000bc88 <.LBE69873>:
    bc88:	00008067          	ret

0000bc8c <_ZN12_GLOBAL__N_1L16blend_chain_bodyILm15ELm3EEEvmPKNS_15BlendChainEntryE>:
    bc8c:	c0038601          	sfpload	L0,384,0,7

0000bc90 <.LBB71865>:
    bc90:	c1038609          	sfpload	L4,386,0,7

0000bc94 <.LBB71871>:
    bc94:	c08384f1          	sfpload	L2,316,0,7

0000bc98 <.LBB71877>:
    bc98:	1428808a          	sfpadd	L2,L10,L2,L0,2

0000bc9c <.LBB71880>:
    bc9c:	c04384f9          	sfpload	L1,318,0,7

0000bca0 <.LBB71886>:
    bca0:	1428404a          	sfpadd	L1,L10,L1,L0,2

0000bca4 <.LBB71889>:
    bca4:	c00385f1          	sfpload	L0,380,0,7

0000bca8 <.LBB71895>:
    bca8:	1428100a          	sfpadd	L0,L10,L0,L4,2

0000bcac <.LBB71898>:
    bcac:	c0c385f9          	sfpload	L3,382,0,7

0000bcb0 <.LBB71904>:
    bcb0:	1428d0ca          	sfpadd	L3,L10,L3,L4,2

0000bcb4 <.LBB71907>:
    bcb4:	c1438611          	sfpload	L5,388,0,7

0000bcb8 <.LBB71913>:
    bcb8:	1808a582          	sfpmul	L6,L2,L2,L9,0

0000bcbc <.LBB71916>:
    bcbc:	1815a582          	sfpmul	L6,L5,L6,L9,0

0000bcc0 <.LBB71919>:
    bcc0:	18046502          	sfpmul	L4,L1,L1,L9,0

0000bcc4 <.LBB71922>:
    bcc4:	18152542          	sfpmul	L5,L5,L4,L9,0

0000bcc8 <.LBB71925>:
    bcc8:	c1038619          	sfpload	L4,390,0,7

0000bccc <.LBB71931>:
    bccc:	18082482          	sfpmul	L2,L2,L0,L9,0

0000bcd0 <.LBB71934>:
    bcd0:	10109882          	sfpmad	L2,L4,L2,L6,0

0000bcd4 <.LBB71937>:
    bcd4:	1804e442          	sfpmul	L1,L1,L3,L9,0

0000bcd8 <.LBB71940>:
    bcd8:	10105502          	sfpmad	L4,L4,L1,L5,0

0000bcdc <.LBB71943>:
    bcdc:	c0438621          	sfpload	L1,392,0,7

0000bce0 <.LBB71949>:
    bce0:	18002402          	sfpmul	L0,L0,L0,L9,0

0000bce4 <.LBB71952>:
    bce4:	10040802          	sfpmad	L0,L1,L0,L2,0

0000bce8 <.LBB71955>:
    bce8:	180ce4c2          	sfpmul	L3,L3,L3,L9,0

0000bcec <.LBB71958>:
    bcec:	1004d042          	sfpmad	L1,L1,L3,L4,0

0000bcf0 <.LBB71961>:
    bcf0:	48002406          	sfpswap	L0,L9,1
    bcf4:	3c000002          	sfpnop

0000bcf8 <.LBB71963>:
    bcf8:	48002446          	sfpswap	L1,L9,1
    bcfc:	3c000002          	sfpnop

0000bd00 <.LBB71965>:
    bd00:	18032402          	sfpmul	L0,L0,L12,L9,0

0000bd04 <.LBB71970>:
    bd04:	d50bf801          	sfpaddi	L0,17150,0
    bd08:	3c000002          	sfpnop

0000bd0c <.LBB71973>:
    bd0c:	48000246          	sfpswap	L9,L0,1
    bd10:	3c000002          	sfpnop

0000bd14 <.LBB71975>:
    bd14:	dc000081          	sfpexexp	L2,L0,0

0000bd18 <.LBB71979>:
    bd18:	e0000001          	sfpexman	L0,L0,0

0000bd1c <.LBB71981>:
    bd1c:	e8000801          	sfpshft	L0,L2,0x000,0

0000bd20 <.LBB71983>:
    bd20:	dc000085          	sfpexexp	L2,L0,1

0000bd24 <.LBB71985>:
    bd24:	1000014c          	ttreplay	0,5,1,1
    bd28:	e0000005          	sfpexman	L0,L0,1

0000bd2c <.LBB71987>:
    bd2c:	40000002          	sfpcast	L0,L0,0

0000bd30 <.LBB71989>:
    bd30:	100378c2          	sfpmad	L3,L0,L13,L14,0

0000bd34 <.LBB71992>:
    bd34:	c1038659          	sfpload	L4,406,0,7

0000bd38 <.LBB71998>:
    bd38:	1000d002          	sfpmad	L0,L0,L3,L4,0

0000bd3c <.LBB72001>:
    bd3c:	08000082          	sfpsetexp	L2,L0,0x000,0

0000bd40 <.LBB72003>:
    bd40:	18072442          	sfpmul	L1,L1,L12,L9,0

0000bd44 <.LBB72008>:
    bd44:	d50bf841          	sfpaddi	L1,17150,0
    bd48:	3c000002          	sfpnop

0000bd4c <.LBB72011>:
    bd4c:	48000646          	sfpswap	L9,L1,1
    bd50:	3c000002          	sfpnop

0000bd54 <.LBB72013>:
    bd54:	dc0004c1          	sfpexexp	L3,L1,0

0000bd58 <.LBB72017>:
    bd58:	e0000401          	sfpexman	L0,L1,0

0000bd5c <.LBB72019>:
    bd5c:	e8000c01          	sfpshft	L0,L3,0x000,0

0000bd60 <.LBB72021>:
    bd60:	dc000045          	sfpexexp	L1,L0,1

0000bd64 <.LBB72023>:
    bd64:	10000140          	ttreplay	0,5,0,0

0000bd68 <.LBB72026>:
    bd68:	08000042          	sfpsetexp	L1,L0,0x000,0

0000bd6c <.LBB72028>:
    bd6c:	c0038629          	sfpload	L0,394,0,7

0000bd70 <.LBB72034>:
    bd70:	1800a482          	sfpmul	L2,L0,L2,L9,0

0000bd74 <.LBB72037>:
    bd74:	18006402          	sfpmul	L0,L0,L1,L9,0

0000bd78 <.LBB72040>:
    bd78:	c0c38661          	sfpload	L3,408,0,7

0000bd7c <.LBB72046>:
    bd7c:	c0438661          	sfpload	L1,408,0,7

0000bd80 <.LBB72052>:
    bd80:	48000c86          	sfpswap	L2,L3,1
    bd84:	3c000002          	sfpnop

0000bd88 <.LBB72054>:
    bd88:	48000406          	sfpswap	L0,L1,1
    bd8c:	3c000002          	sfpnop

0000bd90 <.LBB72056>:
    bd90:	c0438631          	sfpload	L1,396,0,7

0000bd94 <.LBB72063>:
    bd94:	1006c842          	sfpmad	L1,L1,L11,L2,0
    bd98:	ec000401          	sfpsetcc	L1,0x000,0

0000bd9c <.LBB72067>:
    bd9c:	f0002481          	sfpmov	L2,L9,0

0000bda0 <.LBB72070>:
    bda0:	2800c02a          	sfpencc	0x003,10

0000bda4 <.LBB72073>:
    bda4:	c0438631          	sfpload	L1,396,0,7

0000bda8 <.LBB72080>:
    bda8:	1006c042          	sfpmad	L1,L1,L11,L0,0
    bdac:	ec000401          	sfpsetcc	L1,0x000,0

0000bdb0 <.LBB72084>:
    bdb0:	f0002401          	sfpmov	L0,L9,0

0000bdb4 <.LBB72087>:
    bdb4:	2800c02a          	sfpencc	0x003,10

0000bdb8 <.LBB72090>:
    bdb8:	c14383f1          	sfpload	L5,252,0,7

0000bdbc <.LBB72096>:
    bdbc:	c10383f9          	sfpload	L4,254,0,7

0000bdc0 <.LBB72102>:
    bdc0:	180964c2          	sfpmul	L3,L2,L5,L9,0

0000bdc4 <.LBB72105>:
    bdc4:	18012442          	sfpmul	L1,L0,L4,L9,0

0000bdc8 <.LBB72108>:
    bdc8:	c1838639          	sfpload	L6,398,0,7

0000bdcc <.LBB72114>:
    bdcc:	c1c380f1          	sfpload	L7,60,0,7

0000bdd0 <.LBB72120>:
    bdd0:	100d9dc2          	sfpmad	L7,L3,L6,L7,0

0000bdd4 <.LBB72123>:
    bdd4:	c9c380f1          	sfpstore	L7,60,0,7

0000bdd8 <.LBB72129>:
    bdd8:	c1c380f9          	sfpload	L7,62,0,7

0000bddc <.LBB72135>:
    bddc:	10059d82          	sfpmad	L6,L1,L6,L7,0

0000bde0 <.LBB72138>:
    bde0:	c98380f9          	sfpstore	L6,62,0,7

0000bde4 <.LBB72144>:
    bde4:	c1838641          	sfpload	L6,400,0,7

0000bde8 <.LBB72150>:
    bde8:	c1c381f1          	sfpload	L7,124,0,7

0000bdec <.LBB72156>:
    bdec:	100d9dc2          	sfpmad	L7,L3,L6,L7,0

0000bdf0 <.LBB72159>:
    bdf0:	c9c381f1          	sfpstore	L7,124,0,7

0000bdf4 <.LBB72165>:
    bdf4:	c1c381f9          	sfpload	L7,126,0,7

0000bdf8 <.LBB72171>:
    bdf8:	10059d82          	sfpmad	L6,L1,L6,L7,0

0000bdfc <.LBB72174>:
    bdfc:	c98381f9          	sfpstore	L6,126,0,7

0000be00 <.LBB72180>:
    be00:	c1838649          	sfpload	L6,402,0,7

0000be04 <.LBB72186>:
    be04:	c1c382f1          	sfpload	L7,188,0,7

0000be08 <.LBB72192>:
    be08:	100d9cc2          	sfpmad	L3,L3,L6,L7,0

0000be0c <.LBB72195>:
    be0c:	c8c382f1          	sfpstore	L3,188,0,7

0000be10 <.LBB72201>:
    be10:	c0c382f9          	sfpload	L3,190,0,7

0000be14 <.LBB72207>:
    be14:	10058c42          	sfpmad	L1,L1,L6,L3,0

0000be18 <.LBB72210>:
    be18:	c84382f9          	sfpstore	L1,190,0,7

0000be1c <.LBB72216>:
    be1c:	142a888a          	sfpadd	L2,L10,L10,L2,2

0000be20 <.LBB72219>:
    be20:	1814a542          	sfpmul	L5,L5,L2,L9,0

0000be24 <.LBB72222>:
    be24:	c94383f1          	sfpstore	L5,252,0,7

0000be28 <.LBB72228>:
    be28:	142a800a          	sfpadd	L0,L10,L10,L0,2

0000be2c <.LBB72231>:
    be2c:	18102402          	sfpmul	L0,L4,L0,L9,0

0000be30 <.LBB72234>:
    be30:	c80383f9          	sfpstore	L0,254,0,7

0000be34 <.LBE71856>:
    be34:	00008067          	ret

0000be38 <memset>:
    be38:	00f00313          	li	t1,15
    be3c:	00050713          	mv	a4,a0
    be40:	02c37e63          	bgeu	t1,a2,be7c <.Ltiny>
    be44:	00f77793          	andi	a5,a4,15
    be48:	0a079063          	bnez	a5,bee8 <.Lmisaligned>

0000be4c <.Laligned>:
    be4c:	08059263          	bnez	a1,bed0 <.Lwordify>

0000be50 <.Lwordified>:
    be50:	ff067693          	andi	a3,a2,-16
    be54:	00f67613          	andi	a2,a2,15
    be58:	00e686b3          	add	a3,a3,a4

0000be5c <.L1^B1>:
    be5c:	00b72023          	sw	a1,0(a4) # b2010000 <__device_print_strings_info_end+0xabb10000>
    be60:	00b72223          	sw	a1,4(a4)
    be64:	00b72423          	sw	a1,8(a4)
    be68:	00b72623          	sw	a1,12(a4)
    be6c:	01070713          	addi	a4,a4,16
    be70:	fed766e3          	bltu	a4,a3,be5c <.L1^B1>
    be74:	00061463          	bnez	a2,be7c <.Ltiny>
    be78:	00008067          	ret

0000be7c <.Ltiny>:
    be7c:	40c306b3          	sub	a3,t1,a2
    be80:	00269693          	slli	a3,a3,0x2

0000be84 <.L1^B2>:
    be84:	00000297          	auipc	t0,0x0
    be88:	005686b3          	add	a3,a3,t0

0000be8c <.Ltable_misaligned>:
    be8c:	00c68067          	jr	12(a3)

0000be90 <.Ltable>:
    be90:	00b70723          	sb	a1,14(a4)
    be94:	00b706a3          	sb	a1,13(a4)
    be98:	00b70623          	sb	a1,12(a4)
    be9c:	00b705a3          	sb	a1,11(a4)
    bea0:	00b70523          	sb	a1,10(a4)
    bea4:	00b704a3          	sb	a1,9(a4)
    bea8:	00b70423          	sb	a1,8(a4)
    beac:	00b703a3          	sb	a1,7(a4)
    beb0:	00b70323          	sb	a1,6(a4)
    beb4:	00b702a3          	sb	a1,5(a4)
    beb8:	00b70223          	sb	a1,4(a4)
    bebc:	00b701a3          	sb	a1,3(a4)
    bec0:	00b70123          	sb	a1,2(a4)
    bec4:	00b700a3          	sb	a1,1(a4)
    bec8:	00b70023          	sb	a1,0(a4)
    becc:	00008067          	ret

0000bed0 <.Lwordify>:
    bed0:	0ff5f593          	zext.b	a1,a1
    bed4:	00859693          	slli	a3,a1,0x8
    bed8:	00d5e5b3          	or	a1,a1,a3
    bedc:	01059693          	slli	a3,a1,0x10
    bee0:	00d5e5b3          	or	a1,a1,a3
    bee4:	f6dff06f          	j	be50 <.Lwordified>

0000bee8 <.Lmisaligned>:
    bee8:	00279693          	slli	a3,a5,0x2

0000beec <.L1^B3>:
    beec:	00000297          	auipc	t0,0x0
    bef0:	005686b3          	add	a3,a3,t0
    bef4:	00008293          	mv	t0,ra
    bef8:	fa0680e7          	jalr	-96(a3)
    befc:	00028093          	mv	ra,t0
    bf00:	ff078793          	addi	a5,a5,-16
    bf04:	40f70733          	sub	a4,a4,a5
    bf08:	00f60633          	add	a2,a2,a5
    bf0c:	f6c378e3          	bgeu	t1,a2,be7c <.Ltiny>
    bf10:	f3dff06f          	j	be4c <.Laligned>
